DATETIME,OPEN,HIGH,LOW,FINAL,VOLUME
2013-06-27,6.461,6.461,6.461,6.461,0.0
2013-06-28,6.493,6.493,6.493,6.493,0.0
2013-07-01,6.428,6.428,6.428,6.428,0.0
2013-07-02,6.463,6.463,6.463,6.463,0.0
2013-07-03,6.485,6.485,6.485,6.485,0.0
2013-07-05,6.444,6.444,6.444,6.444,0.0
2013-07-08,6.491,6.491,6.491,6.491,0.0
2013-07-09,6.412,6.412,6.412,6.412,0.0
2013-07-10,6.398,6.398,6.398,6.398,0.0
2013-07-11,6.397,6.397,6.397,6.397,0.0
2013-07-12,6.397,6.397,6.397,6.397,0.0
2013-07-15,6.418,6.418,6.418,6.418,0.0
2013-07-16,6.417,6.417,6.417,6.417,0.0
2013-07-17,6.419,6.419,6.419,6.419,0.0
2013-07-18,6.369,6.369,6.369,6.369,0.0
2013-07-19,6.323,6.323,6.323,6.323,0.0
2013-07-22,6.323,6.323,6.323,6.323,0.0
2013-07-23,6.292,6.292,6.292,6.292,0.0
2013-07-24,6.311,6.311,6.311,6.311,0.0
2013-07-25,6.336,6.336,6.336,6.336,0.0
2013-07-26,6.265,6.265,6.265,6.265,0.0
2013-07-29,6.265,6.265,6.265,6.265,0.0
2013-07-30,6.232,6.232,6.232,6.232,0.0
2013-07-31,6.25,6.25,6.25,6.25,0.0
2013-08-01,6.226,6.226,6.226,6.226,0.0
2013-08-02,6.211,6.211,6.211,6.211,0.0
2013-08-05,6.186,6.186,6.186,6.186,0.0
2013-08-06,6.169,6.169,6.169,6.169,0.0
2013-08-07,6.197,6.197,6.197,6.197,0.0
2013-08-08,6.149,6.149,6.149,6.149,0.0
2013-08-09,6.119,6.119,6.119,6.119,0.0
2013-08-12,6.059,6.059,6.059,6.059,0.0
2013-08-13,5.991,5.991,5.991,5.991,0.0
2013-08-14,5.942,5.942,5.942,5.942,0.0
2013-08-15,5.97,5.97,5.97,5.97,0.0
2013-08-16,5.952,5.952,5.952,5.952,0.0
2013-08-19,5.963,5.963,5.963,5.963,0.0
2013-08-20,5.949,5.949,5.949,5.949,0.0
2013-08-21,5.913,5.913,5.913,5.913,0.0
2013-08-22,5.932,5.932,5.932,5.932,0.0
2013-08-23,5.902,5.902,5.902,5.902,0.0
2013-08-26,5.854,5.854,5.854,5.854,0.0
2013-08-27,5.769,5.769,5.769,5.769,0.0
2013-08-28,5.757,5.757,5.757,5.757,0.0
2013-08-29,5.767,5.767,5.767,5.767,0.0
2013-08-30,5.779,5.779,5.779,5.779,0.0
2013-09-03,5.788,5.788,5.788,5.788,0.0
2013-09-04,5.754,5.754,5.754,5.754,0.0
2013-09-05,5.717,5.717,5.717,5.717,0.0
2013-09-06,5.717,5.717,5.717,5.717,0.0
2013-09-09,5.712,5.712,5.712,5.712,0.0
2013-09-10,5.726,5.726,5.726,5.726,0.0
2013-09-11,5.713,5.713,5.713,5.713,0.0
2013-09-12,5.702,5.702,5.702,5.702,0.0
2013-09-13,5.722,5.722,5.722,5.722,0.0
2013-09-16,5.724,5.724,5.724,5.724,0.0
2013-09-17,5.699,5.699,5.699,5.699,0.0
2013-09-18,5.761,5.761,5.761,5.761,0.0
2013-09-19,5.789,5.789,5.789,5.789,0.0
2013-09-20,5.775,5.775,5.775,5.775,0.0
2013-09-23,5.736,5.736,5.736,5.736,0.0
2013-09-24,5.716,5.716,5.716,5.716,0.0
2013-09-25,5.698,5.698,5.698,5.698,0.0
2013-09-26,5.764,5.764,5.764,5.764,0.0
2013-09-27,5.789,5.789,5.789,5.789,0.0
2013-09-30,5.739,5.739,5.739,5.739,0.0
2013-10-01,5.759,5.759,5.759,5.759,0.0
2013-10-02,5.718,5.718,5.718,5.718,0.0
2013-10-03,5.719,5.719,5.719,5.719,0.0
2013-10-04,5.727,5.727,5.727,5.727,0.0
2013-10-07,5.744,5.744,5.744,5.744,0.0
2013-10-08,5.767,5.767,5.767,5.767,0.0
2013-10-09,5.755,5.755,5.755,5.755,0.0
2013-10-10,5.75,5.75,5.75,5.75,0.0
2013-10-11,5.7,5.7,5.7,5.7,0.0
2013-10-14,5.717,5.717,5.717,5.717,0.0
2013-10-15,5.692,5.692,5.692,5.692,0.0
2013-10-16,5.634,5.634,5.634,5.634,0.0
2013-10-17,5.684,5.684,5.684,5.684,0.0
2013-10-18,5.695,5.695,5.695,5.695,0.0
2013-10-21,5.691,5.691,5.691,5.691,0.0
2013-10-22,5.741,5.741,5.741,5.741,0.0
2013-10-23,5.747,5.747,5.747,5.747,0.0
2013-10-24,5.713,5.713,5.713,5.713,0.0
2013-10-25,5.744,5.744,5.744,5.744,0.0
2013-10-28,5.697,5.697,5.697,5.697,0.0
2013-10-29,5.688,5.688,5.688,5.688,0.0
2013-10-30,5.674,5.674,5.674,5.674,0.0
2013-10-31,5.575,5.575,5.575,5.575,0.0
2013-11-01,5.51,5.51,5.51,5.51,0.0
2013-11-04,5.481,5.481,5.481,5.481,0.0
2013-11-05,5.463,5.463,5.463,5.463,0.0
2013-11-06,5.46,5.46,5.46,5.46,0.0
2013-11-07,5.454,5.454,5.454,5.454,0.0
2013-11-08,5.322,5.322,5.322,5.322,0.0
2013-11-11,5.338,5.338,5.338,5.338,0.0
2013-11-12,5.344,5.344,5.344,5.344,0.0
2013-11-13,5.298,5.298,5.298,5.298,0.0
2013-11-14,5.262,5.262,5.262,5.262,0.0
2013-11-15,5.134,5.134,5.134,5.134,0.0
2013-11-18,5.091,5.091,5.091,5.091,0.0
2013-11-19,5.013,5.013,5.013,5.013,0.0
2013-11-20,5.021,5.021,5.021,5.021,0.0
2013-11-21,4.99,4.99,4.99,4.99,0.0
2013-11-22,4.992,4.992,4.992,4.992,0.0
2013-11-25,5.003,5.003,5.003,5.003,0.0
2013-11-26,4.984,4.984,4.984,4.984,0.0
2013-11-27,4.986,4.986,4.986,4.986,0.0
2013-11-29,4.976,4.976,4.976,4.976,0.0
2013-12-02,5.066,5.066,5.066,5.066,0.0
2013-12-03,5.18,5.18,5.18,5.18,0.0
2013-12-04,5.279,5.279,5.279,5.279,0.0
2013-12-05,5.258,5.258,5.258,5.258,0.0
2013-12-06,5.234,5.234,5.234,5.234,0.0
2013-12-09,5.122,5.122,5.122,5.122,0.0
2013-12-10,5.089,5.089,5.089,5.089,0.0
2013-12-11,5.005,5.005,5.005,5.005,0.0
2013-12-12,4.831,4.831,4.831,4.831,0.0
2013-12-13,4.833,4.833,4.833,4.833,0.0
2013-12-16,4.815,4.815,4.815,4.815,0.0
2013-12-17,4.779,4.779,4.779,4.779,0.0
2013-12-18,4.746,4.746,4.746,4.746,0.0
2013-12-19,4.76,4.76,4.76,4.76,0.0
2013-12-20,4.72,4.72,4.72,4.72,0.0
2013-12-23,4.705,4.705,4.705,4.705,0.0
2013-12-24,4.732,4.732,4.732,4.732,0.0
2013-12-26,4.729,4.729,4.729,4.729,0.0
2013-12-27,4.741,4.741,4.741,4.741,0.0
2013-12-30,4.731,4.731,4.731,4.731,0.0
2013-12-31,4.571,4.571,4.571,4.571,0.0
2014-01-02,4.586,4.586,4.586,4.586,0.0
2014-01-03,4.612,4.612,4.612,4.612,0.0
2014-01-06,4.618,4.618,4.618,4.618,0.0
2014-01-07,4.636,4.636,4.636,4.636,0.0
2014-01-08,4.656,4.656,4.656,4.656,0.0
2014-01-09,4.602,4.602,4.602,4.602,0.0
2014-01-10,4.755,4.755,4.755,4.755,0.0
2014-01-13,4.672,4.672,4.672,4.672,0.0
2014-01-14,4.651,4.651,4.651,4.651,0.0
2014-01-15,4.637,4.637,4.637,4.637,0.0
2014-01-16,4.632,4.632,4.632,4.632,0.0
2014-01-17,4.622,4.622,4.622,4.622,0.0
2014-01-21,4.67,4.67,4.67,4.67,0.0
2014-01-22,4.67,4.67,4.67,4.67,0.0
2014-01-23,4.664,4.664,4.664,4.664,0.0
2014-01-24,4.666,4.666,4.666,4.666,0.0
2014-01-27,4.705,4.705,4.705,4.705,0.0
2014-01-28,4.691,4.691,4.691,4.691,0.0
2014-01-29,4.685,4.685,4.685,4.685,0.0
2014-01-30,4.743,4.743,4.743,4.743,0.0
2014-01-31,4.74,4.74,4.74,4.74,0.0
2014-02-03,4.779,4.779,4.779,4.779,0.0
2014-02-04,4.747,4.747,4.747,4.747,0.0
2014-02-05,4.717,4.717,4.717,4.717,0.0
2014-02-06,4.662,4.662,4.662,4.662,0.0
2014-02-07,4.692,4.692,4.692,4.692,0.0
2014-02-10,4.657,4.657,4.657,4.657,0.0
2014-02-11,4.446,4.446,4.446,4.446,0.0
2014-02-12,4.452,4.452,4.452,4.452,0.0
2014-02-13,4.438,4.438,4.438,4.438,0.0
2014-02-14,4.299,4.299,4.299,4.299,0.0
2014-02-18,4.3,4.3,4.3,4.3,0.0
2014-02-19,4.33,4.33,4.33,4.33,0.0
2014-02-20,4.395,4.395,4.395,4.395,0.0
2014-02-21,4.417,4.417,4.417,4.417,0.0
2014-02-24,4.462,4.462,4.462,4.462,0.0
2014-02-25,4.47,4.47,4.47,4.47,0.0
2014-02-26,4.437,4.437,4.437,4.437,0.0
2014-02-27,4.384,4.384,4.384,4.384,0.0
2014-02-28,4.354,4.354,4.354,4.354,0.0
2014-03-03,4.352,4.352,4.352,4.352,0.0
2014-03-04,4.38,4.38,4.38,4.38,0.0
2014-03-05,4.405,4.405,4.405,4.405,0.0
2014-03-06,4.605,4.605,4.605,4.605,0.0
2014-03-07,4.567,4.567,4.567,4.567,0.0
2014-03-10,4.577,4.577,4.577,4.577,0.0
2014-03-11,4.498,4.498,4.498,4.498,0.0
2014-03-12,4.548,4.548,4.548,4.548,0.0
2014-03-13,4.672,4.672,4.672,4.672,0.0
2014-03-14,4.827,4.827,4.827,4.827,0.0
2014-03-17,4.809,4.809,4.809,4.809,0.0
2014-03-18,4.759,4.759,4.759,4.759,0.0
2014-03-19,4.795,4.795,4.795,4.795,0.0
2014-03-20,4.924,4.924,4.924,4.924,0.0
2014-03-21,4.914,4.914,4.914,4.914,0.0
2014-03-24,4.939,4.939,4.939,4.939,0.0
2014-03-25,4.964,4.964,4.964,4.964,0.0
2014-03-26,4.983,4.983,4.983,4.983,0.0
2014-03-27,4.98,4.98,4.98,4.98,0.0
2014-03-28,4.96,4.96,4.96,4.96,0.0
2014-03-31,4.96,4.96,4.96,4.96,0.0
2014-04-01,4.919,4.919,4.919,4.919,0.0
2014-04-02,4.932,4.932,4.932,4.932,0.0
2014-04-03,5.009,5.009,5.009,5.009,0.0
2014-04-04,5.024,5.024,5.024,5.024,0.0
2014-04-07,5.044,5.044,5.044,5.044,0.0
2014-04-08,5.038,5.038,5.038,5.038,0.0
2014-04-09,5.123,5.123,5.123,5.123,0.0
2014-04-10,5.159,5.159,5.159,5.159,0.0
2014-04-11,5.162,5.162,5.162,5.162,0.0
2014-04-14,5.16,5.16,5.16,5.16,0.0
2014-04-15,5.203,5.203,5.203,5.203,0.0
2014-04-16,5.208,5.208,5.208,5.208,0.0
2014-04-17,5.219,5.219,5.219,5.219,0.0
2014-04-21,5.18,5.18,5.18,5.18,0.0
2014-04-22,5.201,5.201,5.201,5.201,0.0
2014-04-23,5.194,5.194,5.194,5.194,0.0
2014-04-24,5.233,5.233,5.233,5.233,0.0
2014-04-25,5.222,5.222,5.222,5.222,0.0
2014-04-28,5.23,5.23,5.23,5.23,0.0
2014-04-29,5.28,5.28,5.28,5.28,0.0
2014-04-30,5.286,5.286,5.286,5.286,0.0
2014-05-01,5.29,5.29,5.29,5.29,0.0
2014-05-02,5.278,5.278,5.278,5.278,0.0
2014-05-05,5.267,5.267,5.267,5.267,0.0
2014-05-06,5.283,5.283,5.283,5.283,0.0
2014-05-07,5.288,5.288,5.288,5.288,0.0
2014-05-08,5.298,5.298,5.298,5.298,0.0
2014-05-09,5.338,5.338,5.338,5.338,0.0
2014-05-12,5.308,5.308,5.308,5.308,0.0
2014-05-13,5.323,5.323,5.323,5.323,0.0
2014-05-14,5.341,5.341,5.341,5.341,0.0
2014-05-15,5.287,5.287,5.287,5.287,0.0
2014-05-16,5.247,5.247,5.247,5.247,0.0
2014-05-19,5.248,5.248,5.248,5.248,0.0
2014-05-20,5.233,5.233,5.233,5.233,0.0
2014-05-21,5.238,5.238,5.238,5.238,0.0
2014-05-22,5.216,5.216,5.216,5.216,0.0
2014-05-23,5.236,5.236,5.236,5.236,0.0
2014-05-27,5.249,5.249,5.249,5.249,0.0
2014-05-28,5.213,5.213,5.213,5.213,0.0
2014-05-29,5.216,5.216,5.216,5.216,0.0
2014-05-30,5.212,5.212,5.212,5.212,0.0
2014-06-02,5.247,5.247,5.247,5.247,0.0
2014-06-03,5.224,5.224,5.224,5.224,0.0
2014-06-04,5.219,5.219,5.219,5.219,0.0
2014-06-05,5.237,5.237,5.237,5.237,0.0
2014-06-06,5.253,5.253,5.253,5.253,0.0
2014-06-09,5.239,5.239,5.239,5.239,0.0
2014-06-10,5.282,5.282,5.282,5.282,0.0
2014-06-11,5.268,5.268,5.268,5.268,0.0
2014-06-12,5.263,5.263,5.263,5.263,0.0
2014-06-13,5.292,5.292,5.292,5.292,0.0
2014-06-16,5.291,5.291,5.291,5.291,0.0
2014-06-17,5.331,5.331,5.331,5.331,0.0
2014-06-18,5.345,5.345,5.345,5.345,0.0
2014-06-19,5.367,5.367,5.367,5.367,0.0
2014-06-20,5.327,5.327,5.327,5.327,0.0
2014-06-23,5.315,5.315,5.315,5.315,0.0
2014-06-24,5.311,5.311,5.311,5.311,0.0
2014-06-25,5.32,5.32,5.32,5.32,0.0
2014-06-26,5.234,5.234,5.234,5.234,0.0
2014-06-27,5.232,5.232,5.232,5.232,0.0
2014-06-30,5.251,5.251,5.251,5.251,0.0
2014-07-01,5.259,5.259,5.259,5.259,0.0
2014-07-02,5.234,5.234,5.234,5.234,0.0
2014-07-03,5.229,5.229,5.229,5.229,0.0
2014-07-07,5.203,5.203,5.203,5.203,0.0
2014-07-08,5.179,5.179,5.179,5.179,0.0
2014-07-09,5.145,5.145,5.145,5.145,0.0
2014-07-10,5.092,5.092,5.092,5.092,0.0
2014-07-11,5.086,5.086,5.086,5.086,0.0
2014-07-14,5.049,5.049,5.049,5.049,0.0
2014-07-15,5.034,5.034,5.034,5.034,0.0
2014-07-16,5.049,5.049,5.049,5.049,0.0
2014-07-17,5.04,5.04,5.04,5.04,0.0
2014-07-18,5.067,5.067,5.067,5.067,0.0
2014-07-21,5.048,5.048,5.048,5.048,0.0
2014-07-22,5.002,5.002,5.002,5.002,0.0
2014-07-23,4.978,4.978,4.978,4.978,0.0
2014-07-24,4.959,4.959,4.959,4.959,0.0
2014-07-25,4.954,4.954,4.954,4.954,0.0
2014-07-28,4.941,4.941,4.941,4.941,0.0
2014-07-29,4.86,4.86,4.86,4.86,0.0
2014-07-30,4.887,4.887,4.887,4.887,0.0
2014-07-31,4.913,4.913,4.913,4.913,0.0
2014-08-01,4.941,4.941,4.941,4.941,0.0
2014-08-04,4.936,4.936,4.936,4.936,0.0
2014-08-05,4.84,4.84,4.84,4.84,0.0
2014-08-06,4.749,4.749,4.749,4.749,0.0
2014-08-07,4.763,4.763,4.763,4.763,0.0
2014-08-08,4.754,4.754,4.754,4.754,0.0
2014-08-11,4.709,4.709,4.709,4.709,0.0
2014-08-12,4.691,4.691,4.691,4.691,0.0
2014-08-13,4.676,4.676,4.676,4.676,0.0
2014-08-14,4.687,4.687,4.687,4.687,0.0
2014-08-15,4.652,4.652,4.652,4.652,0.0
2014-08-18,4.653,4.653,4.653,4.653,0.0
2014-08-19,4.65,4.65,4.65,4.65,0.0
2014-08-20,4.63,4.63,4.63,4.63,0.0
2014-08-21,4.676,4.676,4.676,4.676,0.0
2014-08-22,4.697,4.697,4.697,4.697,0.0
2014-08-25,4.705,4.705,4.705,4.705,0.0
2014-08-26,4.698,4.698,4.698,4.698,0.0
2014-08-27,4.703,4.703,4.703,4.703,0.0
2014-08-28,4.739,4.739,4.739,4.739,0.0
2014-08-29,4.731,4.731,4.731,4.731,0.0
2014-09-02,4.709,4.709,4.709,4.709,0.0
2014-09-03,4.731,4.731,4.731,4.731,0.0
2014-09-04,4.771,4.771,4.771,4.771,0.0
2014-09-05,4.768,4.768,4.768,4.768,0.0
2014-09-08,4.758,4.758,4.758,4.758,0.0
2014-09-09,4.741,4.741,4.741,4.741,0.0
2014-09-10,4.749,4.749,4.749,4.749,0.0
2014-09-11,4.768,4.768,4.768,4.768,0.0
2014-09-12,4.742,4.742,4.742,4.742,0.0
2014-09-15,4.72,4.72,4.72,4.72,0.0
2014-09-16,4.725,4.725,4.725,4.725,0.0
2014-09-17,4.714,4.714,4.714,4.714,0.0
2014-09-18,4.66,4.66,4.66,4.66,0.0
2014-09-19,4.65,4.65,4.65,4.65,0.0
2014-09-22,4.635,4.635,4.635,4.635,0.0
2014-09-23,4.645,4.645,4.645,4.645,0.0
2014-09-24,4.639,4.639,4.639,4.639,0.0
2014-09-25,4.638,4.638,4.638,4.638,0.0
2014-09-26,4.618,4.618,4.618,4.618,0.0
2014-09-29,4.629,4.629,4.629,4.629,0.0
2014-09-30,4.669,4.669,4.669,4.669,0.0
2014-10-01,4.614,4.614,4.614,4.614,0.0
2014-10-02,4.66,4.66,4.66,4.66,0.0
2014-10-03,4.637,4.637,4.637,4.637,0.0
2014-10-06,4.637,4.637,4.637,4.637,0.0
2014-10-07,4.64,4.64,4.64,4.64,0.0
2014-10-08,4.64,4.64,4.64,4.64,0.0
2014-10-09,4.655,4.655,4.655,4.655,0.0
2014-10-10,4.652,4.652,4.652,4.652,0.0
2014-10-13,4.662,4.662,4.662,4.662,0.0
2014-10-14,4.652,4.652,4.652,4.652,0.0
2014-10-15,4.637,4.637,4.637,4.637,0.0
2014-10-16,4.612,4.612,4.612,4.612,0.0
2014-10-17,4.647,4.647,4.647,4.647,0.0
2014-10-20,4.634,4.634,4.634,4.634,0.0
2014-10-21,4.629,4.629,4.629,4.629,0.0
2014-10-22,4.615,4.615,4.615,4.615,0.0
2014-10-23,4.614,4.614,4.614,4.614,0.0
2014-10-24,4.591,4.591,4.591,4.591,0.0
2014-10-27,4.578,4.578,4.578,4.578,0.0
2014-10-28,4.563,4.563,4.563,4.563,0.0
2014-10-29,4.568,4.568,4.568,4.568,0.0
2014-10-30,4.561,4.561,4.561,4.561,0.0
2014-10-31,4.576,4.576,4.576,4.576,0.0
2014-11-03,4.567,4.567,4.567,4.567,0.0
2014-11-04,4.562,4.562,4.562,4.562,0.0
2014-11-05,4.533,4.533,4.533,4.533,0.0
2014-11-06,4.52,4.52,4.52,4.52,0.0
2014-11-07,4.517,4.517,4.517,4.517,0.0
2014-11-10,4.511,4.511,4.511,4.511,0.0
2014-11-11,4.526,4.526,4.526,4.526,0.0
2014-11-12,4.547,4.547,4.547,4.547,0.0
2014-11-13,4.527,4.527,4.527,4.527,0.0
2014-11-14,4.553,4.553,4.553,4.553,0.0
2014-11-17,4.556,4.556,4.556,4.556,0.0
2014-11-18,4.531,4.531,4.531,4.531,0.0
2014-11-19,4.512,4.512,4.512,4.512,0.0
2014-11-20,4.507,4.507,4.507,4.507,0.0
2014-11-21,4.48,4.48,4.48,4.48,0.0
2014-11-24,4.534,4.534,4.534,4.534,0.0
2014-11-25,4.533,4.533,4.533,4.533,0.0
2014-11-26,4.526,4.526,4.526,4.526,0.0
2014-11-28,4.544,4.544,4.544,4.544,0.0
2014-12-01,4.609,4.609,4.609,4.609,0.0
2014-12-02,4.605,4.605,4.605,4.605,0.0
2014-12-03,4.627,4.627,4.627,4.627,0.0
2014-12-04,4.632,4.632,4.632,4.632,0.0
2014-12-05,4.653,4.653,4.653,4.653,0.0
2014-12-08,4.674,4.674,4.674,4.674,0.0
2014-12-09,4.719,4.719,4.719,4.719,0.0
2014-12-10,4.701,4.701,4.701,4.701,0.0
2014-12-11,4.678,4.678,4.678,4.678,0.0
2014-12-12,4.661,4.661,4.661,4.661,0.0
2014-12-15,4.648,4.648,4.648,4.648,0.0
2014-12-16,4.598,4.598,4.598,4.598,0.0
2014-12-17,4.623,4.623,4.623,4.623,0.0
2014-12-18,4.604,4.604,4.604,4.604,0.0
2014-12-19,4.525,4.525,4.525,4.525,0.0
2014-12-22,4.526,4.526,4.526,4.526,0.0
2014-12-23,4.494,4.494,4.494,4.494,0.0
2014-12-24,4.488,4.488,4.488,4.488,0.0
2014-12-26,4.485,4.485,4.485,4.485,0.0
2014-12-29,4.483,4.483,4.483,4.483,0.0
2014-12-30,4.465,4.465,4.465,4.465,0.0
2014-12-31,4.436,4.436,4.436,4.436,0.0
2015-01-02,4.42,4.42,4.42,4.42,0.0
2015-01-05,4.42,4.42,4.42,4.42,0.0
2015-01-06,4.379,4.379,4.379,4.379,0.0
2015-01-07,4.319,4.319,4.319,4.319,0.0
2015-01-08,4.299,4.299,4.299,4.299,0.0
2015-01-09,4.287,4.287,4.287,4.287,0.0
2015-01-12,4.197,4.197,4.197,4.197,0.0
2015-01-13,4.169,4.169,4.169,4.169,0.0
2015-01-14,4.094,4.094,4.094,4.094,0.0
2015-01-15,4.044,4.044,4.044,4.044,0.0
2015-01-16,4.052,4.052,4.052,4.052,0.0
2015-01-20,4.044,4.044,4.044,4.044,0.0
2015-01-21,4.048,4.048,4.048,4.048,0.0
2015-01-22,4.027,4.027,4.027,4.027,0.0
2015-01-23,4.027,4.027,4.027,4.027,0.0
2015-01-26,4.045,4.045,4.045,4.045,0.0
2015-01-27,4.039,4.039,4.039,4.039,0.0
2015-01-28,4.069,4.069,4.069,4.069,0.0
2015-01-29,4.052,4.052,4.052,4.052,0.0
2015-01-30,4.059,4.059,4.059,4.059,0.0
2015-02-02,4.022,4.022,4.022,4.022,0.0
2015-02-03,4.038,4.038,4.038,4.038,0.0
2015-02-04,4.057,4.057,4.057,4.057,0.0
2015-02-05,3.962,3.962,3.962,3.962,0.0
2015-02-06,4.026,4.026,4.026,4.026,0.0
2015-02-09,4.056,4.056,4.056,4.056,0.0
2015-02-10,4.077,4.077,4.077,4.077,0.0
2015-02-11,4.06,4.06,4.06,4.06,0.0
2015-02-12,4.061,4.061,4.061,4.061,0.0
2015-02-13,4.096,4.096,4.096,4.096,0.0
2015-02-17,4.043,4.043,4.043,4.043,0.0
2015-02-18,4.071,4.071,4.071,4.071,0.0
2015-02-19,4.045,4.045,4.045,4.045,0.0
2015-02-20,4.05,4.05,4.05,4.05,0.0
2015-02-23,4.022,4.022,4.022,4.022,0.0
2015-02-24,4.049,4.049,4.049,4.049,0.0
2015-02-25,4.055,4.055,4.055,4.055,0.0
2015-02-26,4.025,4.025,4.025,4.025,0.0
2015-02-27,4.026,4.026,4.026,4.026,0.0
2015-03-02,4.002,4.002,4.002,4.002,0.0
2015-03-03,4.011,4.011,4.011,4.011,0.0
2015-03-04,4.018,4.018,4.018,4.018,0.0
2015-03-05,3.977,3.977,3.977,3.977,0.0
2015-03-06,3.982,3.982,3.982,3.982,0.0
2015-03-09,3.957,3.957,3.957,3.957,0.0
2015-03-10,3.955,3.955,3.955,3.955,0.0
2015-03-11,3.948,3.948,3.948,3.948,0.0
2015-03-12,3.917,3.917,3.917,3.917,0.0
2015-03-13,3.913,3.913,3.913,3.913,0.0
2015-03-16,3.926,3.926,3.926,3.926,0.0
2015-03-17,3.907,3.907,3.907,3.907,0.0
2015-03-18,3.939,3.939,3.939,3.939,0.0
2015-03-19,3.945,3.945,3.945,3.945,0.0
2015-03-20,3.951,3.951,3.951,3.951,0.0
2015-03-23,3.952,3.952,3.952,3.952,0.0
2015-03-24,3.972,3.972,3.972,3.972,0.0
2015-03-25,3.967,3.967,3.967,3.967,0.0
2015-03-26,3.958,3.958,3.958,3.958,0.0
2015-03-27,3.933,3.933,3.933,3.933,0.0
2015-03-30,3.921,3.921,3.921,3.921,0.0
2015-03-31,3.933,3.933,3.933,3.933,0.0
2015-04-01,3.927,3.927,3.927,3.927,0.0
2015-04-02,3.981,3.981,3.981,3.981,0.0
2015-04-06,3.996,3.996,3.996,3.996,0.0
2015-04-07,4.04,4.04,4.04,4.04,0.0
2015-04-08,4.048,4.048,4.048,4.048,0.0
2015-04-09,4.041,4.041,4.041,4.041,0.0
2015-04-10,4.036,4.036,4.036,4.036,0.0
2015-04-13,4.026,4.026,4.026,4.026,0.0
2015-04-14,4.021,4.021,4.021,4.021,0.0
2015-04-15,4.026,4.026,4.026,4.026,0.0
2015-04-16,4.046,4.046,4.046,4.046,0.0
2015-04-17,4.018,4.018,4.018,4.018,0.0
2015-04-20,4.019,4.019,4.019,4.019,0.0
2015-04-21,4.022,4.022,4.022,4.022,0.0
2015-04-22,4.009,4.009,4.009,4.009,0.0
2015-04-23,3.967,3.967,3.967,3.967,0.0
2015-04-24,3.965,3.965,3.965,3.965,0.0
2015-04-27,3.945,3.945,3.945,3.945,0.0
2015-04-28,3.937,3.937,3.937,3.937,0.0
2015-04-29,3.942,3.942,3.942,3.942,0.0
2015-04-30,3.937,3.937,3.937,3.937,0.0
2015-05-01,3.927,3.927,3.927,3.927,0.0
2015-05-04,3.881,3.881,3.881,3.881,0.0
2015-05-05,3.892,3.892,3.892,3.892,0.0
2015-05-06,3.9,3.9,3.9,3.9,0.0
2015-05-07,3.892,3.892,3.892,3.892,0.0
2015-05-08,3.899,3.899,3.899,3.899,0.0
2015-05-11,3.886,3.886,3.886,3.886,0.0
2015-05-12,3.873,3.873,3.873,3.873,0.0
2015-05-13,3.882,3.882,3.882,3.882,0.0
2015-05-14,3.893,3.893,3.893,3.893,0.0
2015-05-15,3.9,3.9,3.9,3.9,0.0
2015-05-18,3.898,3.898,3.898,3.898,0.0
2015-05-19,3.883,3.883,3.883,3.883,0.0
2015-05-20,3.901,3.901,3.901,3.901,0.0
2015-05-21,3.9,3.9,3.9,3.9,0.0
2015-05-22,3.888,3.888,3.888,3.888,0.0
2015-05-26,3.889,3.889,3.889,3.889,0.0
2015-05-27,3.884,3.884,3.884,3.884,0.0
2015-05-28,3.876,3.876,3.876,3.876,0.0
2015-05-29,3.866,3.866,3.866,3.866,0.0
2015-06-01,3.868,3.868,3.868,3.868,0.0
2015-06-02,3.865,3.865,3.865,3.865,0.0
2015-06-03,3.866,3.866,3.866,3.866,0.0
2015-06-04,3.82,3.82,3.82,3.82,0.0
2015-06-05,3.781,3.781,3.781,3.781,0.0
2015-06-08,3.789,3.789,3.789,3.789,0.0
2015-06-09,3.766,3.766,3.766,3.766,0.0
2015-06-10,3.762,3.762,3.762,3.762,0.0
2015-06-11,3.803,3.803,3.803,3.803,0.0
2015-06-12,3.804,3.804,3.804,3.804,0.0
2015-06-15,3.813,3.813,3.813,3.813,0.0
2015-06-16,3.838,3.838,3.838,3.838,0.0
2015-06-17,3.831,3.831,3.831,3.831,0.0
2015-06-18,3.813,3.813,3.813,3.813,0.0
2015-06-19,3.818,3.818,3.818,3.818,0.0
2015-06-22,3.801,3.801,3.801,3.801,0.0
2015-06-23,3.8,3.8,3.8,3.8,0.0
2015-06-24,3.802,3.802,3.802,3.802,0.0
2015-06-25,3.803,3.803,3.803,3.803,0.0
2015-06-26,3.806,3.806,3.806,3.806,0.0
2015-06-29,3.789,3.789,3.789,3.789,0.0
2015-06-30,3.801,3.801,3.801,3.801,0.0
2015-07-01,3.812,3.812,3.812,3.812,0.0
2015-07-02,3.816,3.816,3.816,3.816,0.0
2015-07-06,3.788,3.788,3.788,3.788,0.0
2015-07-07,3.792,3.792,3.792,3.792,0.0
2015-07-08,3.814,3.814,3.814,3.814,0.0
2015-07-09,3.838,3.838,3.838,3.838,0.0
2015-07-10,3.846,3.846,3.846,3.846,0.0
2015-07-13,3.846,3.846,3.846,3.846,0.0
2015-07-14,3.897,3.897,3.897,3.897,0.0
2015-07-15,3.956,3.956,3.956,3.956,0.0
2015-07-16,3.968,3.968,3.968,3.968,0.0
2015-07-17,3.975,3.975,3.975,3.975,0.0
2015-07-20,3.968,3.968,3.968,3.968,0.0
2015-07-21,3.967,3.967,3.967,3.967,0.0
2015-07-22,3.963,3.963,3.963,3.963,0.0
2015-07-23,3.943,3.943,3.943,3.943,0.0
2015-07-24,3.951,3.951,3.951,3.951,0.0
2015-07-27,3.972,3.972,3.972,3.972,0.0
2015-07-28,3.971,3.971,3.971,3.971,0.0
2015-07-29,3.965,3.965,3.965,3.965,0.0
2015-07-30,3.944,3.944,3.944,3.944,0.0
2015-07-31,3.904,3.904,3.904,3.904,0.0
2015-08-03,3.885,3.885,3.885,3.885,0.0
2015-08-04,3.841,3.841,3.841,3.841,0.0
2015-08-05,3.841,3.841,3.841,3.841,0.0
2015-08-06,3.801,3.801,3.801,3.801,0.0
2015-08-07,3.78,3.78,3.78,3.78,0.0
2015-08-10,3.758,3.758,3.758,3.758,0.0
2015-08-11,3.673,3.673,3.673,3.673,0.0
2015-08-12,3.635,3.635,3.635,3.635,0.0
2015-08-13,3.711,3.711,3.711,3.711,0.0
2015-08-14,3.727,3.727,3.727,3.727,0.0
2015-08-17,3.732,3.732,3.732,3.732,0.0
2015-08-18,3.767,3.767,3.767,3.767,0.0
2015-08-19,3.723,3.723,3.723,3.723,0.0
2015-08-20,3.708,3.708,3.708,3.708,0.0
2015-08-21,3.673,3.673,3.673,3.673,0.0
2015-08-24,3.627,3.627,3.627,3.627,0.0
2015-08-25,3.624,3.624,3.624,3.624,0.0
2015-08-26,3.63,3.63,3.63,3.63,0.0
2015-08-27,3.637,3.637,3.637,3.637,0.0
2015-08-28,3.664,3.664,3.664,3.664,0.0
2015-08-31,3.661,3.661,3.661,3.661,0.0
2015-09-01,3.672,3.672,3.672,3.672,0.0
2015-09-02,3.674,3.674,3.674,3.674,0.0
2015-09-03,3.681,3.681,3.681,3.681,0.0
2015-09-04,3.671,3.671,3.671,3.671,0.0
2015-09-08,3.677,3.677,3.677,3.677,0.0
2015-09-09,3.7,3.7,3.7,3.7,0.0
2015-09-10,3.695,3.695,3.695,3.695,0.0
2015-09-11,3.658,3.658,3.658,3.658,0.0
2015-09-14,3.668,3.668,3.668,3.668,0.0
2015-09-15,3.658,3.658,3.658,3.658,0.0
2015-09-16,3.625,3.625,3.625,3.625,0.0
2015-09-17,3.595,3.595,3.595,3.595,0.0
2015-09-18,3.591,3.591,3.591,3.591,0.0
2015-09-21,3.579,3.579,3.579,3.579,0.0
2015-09-22,3.567,3.567,3.567,3.567,0.0
2015-09-23,3.577,3.577,3.577,3.577,0.0
2015-09-24,3.614,3.614,3.614,3.614,0.0
2015-09-25,3.579,3.579,3.579,3.579,0.0
2015-09-28,3.576,3.576,3.576,3.576,0.0
2015-09-29,3.554,3.554,3.554,3.554,0.0
2015-09-30,3.527,3.527,3.527,3.527,0.0
2015-10-01,3.516,3.516,3.516,3.516,0.0
2015-10-02,3.526,3.526,3.526,3.526,0.0
2015-10-05,3.529,3.529,3.529,3.529,0.0
2015-10-06,3.553,3.553,3.553,3.553,0.0
2015-10-07,3.553,3.553,3.553,3.553,0.0
2015-10-08,3.548,3.548,3.548,3.548,0.0
2015-10-09,3.546,3.546,3.546,3.546,0.0
2015-10-12,3.551,3.551,3.551,3.551,0.0
2015-10-13,3.553,3.553,3.553,3.553,0.0
2015-10-14,3.554,3.554,3.554,3.554,0.0
2015-10-15,3.548,3.548,3.548,3.548,0.0
2015-10-16,3.557,3.557,3.557,3.557,0.0
2015-10-19,3.559,3.559,3.559,3.559,0.0
2015-10-20,3.568,3.568,3.568,3.568,0.0
2015-10-21,3.553,3.553,3.553,3.553,0.0
2015-10-22,3.549,3.549,3.549,3.549,0.0
2015-10-23,3.509,3.509,3.509,3.509,0.0
2015-10-26,3.486,3.486,3.486,3.486,0.0
2015-10-27,3.457,3.457,3.457,3.457,0.0
2015-10-28,3.456,3.456,3.456,3.456,0.0
2015-10-29,3.456,3.456,3.456,3.456,0.0
2015-10-30,3.506,3.506,3.506,3.506,0.0
2015-11-02,3.483,3.483,3.483,3.483,0.0
2015-11-03,3.49,3.49,3.49,3.49,0.0
2015-11-04,3.492,3.492,3.492,3.492,0.0
2015-11-05,3.495,3.495,3.495,3.495,0.0
2015-11-06,3.493,3.493,3.493,3.493,0.0
2015-11-09,3.487,3.487,3.487,3.487,0.0
2015-11-10,3.48,3.48,3.48,3.48,0.0
2015-11-11,3.465,3.465,3.465,3.465,0.0
2015-11-12,3.45,3.45,3.45,3.45,0.0
2015-11-13,3.477,3.477,3.477,3.477,0.0
2015-11-16,3.485,3.485,3.485,3.485,0.0
2015-11-17,3.488,3.488,3.488,3.488,0.0
2015-11-18,3.421,3.421,3.421,3.421,0.0
2015-11-19,3.382,3.382,3.382,3.382,0.0
2015-11-20,3.351,3.351,3.351,3.351,0.0
2015-11-23,3.364,3.364,3.364,3.364,0.0
2015-11-24,3.365,3.365,3.365,3.365,0.0
2015-11-25,3.38,3.38,3.38,3.38,0.0
2015-11-27,3.362,3.362,3.362,3.362,0.0
2015-11-30,3.368,3.368,3.368,3.368,0.0
2015-12-01,3.378,3.378,3.378,3.378,0.0
2015-12-02,3.406,3.406,3.406,3.406,0.0
2015-12-03,3.409,3.409,3.409,3.409,0.0
2015-12-04,3.407,3.407,3.407,3.407,0.0
2015-12-07,3.39,3.39,3.39,3.39,0.0
2015-12-08,3.41,3.41,3.41,3.41,0.0
2015-12-09,3.432,3.432,3.432,3.432,0.0
2015-12-10,3.453,3.453,3.453,3.453,0.0
2015-12-11,3.449,3.449,3.449,3.449,0.0
2015-12-14,3.437,3.437,3.437,3.437,0.0
2015-12-15,3.429,3.429,3.429,3.429,0.0
2015-12-16,3.454,3.454,3.454,3.454,0.0
2015-12-17,3.479,3.479,3.479,3.479,0.0
2015-12-18,3.457,3.457,3.457,3.457,0.0
2015-12-21,3.434,3.434,3.434,3.434,0.0
2015-12-22,3.444,3.444,3.444,3.444,0.0
2015-12-23,3.437,3.437,3.437,3.437,0.0
2015-12-24,3.436,3.436,3.436,3.436,0.0
2015-12-28,3.482,3.482,3.482,3.482,0.0
2015-12-29,3.467,3.467,3.467,3.467,0.0
2015-12-30,3.458,3.458,3.458,3.458,0.0
2015-12-31,3.452,3.452,3.452,3.452,0.0
2016-01-04,3.432,3.432,3.432,3.432,0.0
2016-01-05,3.406,3.406,3.406,3.406,0.0
2016-01-06,3.397,3.397,3.397,3.397,0.0
2016-01-07,3.418,3.418,3.418,3.418,0.0
2016-01-08,3.396,3.396,3.396,3.396,0.0
2016-01-11,3.37,3.37,3.37,3.37,0.0
2016-01-12,3.321,3.321,3.321,3.321,0.0
2016-01-13,3.341,3.341,3.341,3.341,0.0
2016-01-14,3.356,3.356,3.356,3.356,0.0
2016-01-15,3.34,3.34,3.34,3.34,0.0
2016-01-19,3.342,3.342,3.342,3.342,0.0
2016-01-20,3.323,3.323,3.323,3.323,0.0
2016-01-21,3.331,3.331,3.331,3.331,0.0
2016-01-22,3.312,3.312,3.312,3.312,0.0
2016-01-25,3.313,3.313,3.313,3.313,0.0
2016-01-26,3.297,3.297,3.297,3.297,0.0
2016-01-27,3.314,3.314,3.314,3.314,0.0
2016-01-28,3.358,3.358,3.358,3.358,0.0
2016-01-29,3.34,3.34,3.34,3.34,0.0
2016-02-01,3.299,3.299,3.299,3.299,0.0
2016-02-02,3.239,3.239,3.239,3.239,0.0
2016-02-03,3.256,3.256,3.256,3.256,0.0
2016-02-04,3.259,3.259,3.259,3.259,0.0
2016-02-05,3.257,3.257,3.257,3.257,0.0
2016-02-08,3.2,3.2,3.2,3.2,0.0
2016-02-09,3.18,3.18,3.18,3.18,0.0
2016-02-10,3.147,3.147,3.147,3.147,0.0
2016-02-11,3.104,3.104,3.104,3.104,0.0
2016-02-12,3.076,3.076,3.076,3.076,0.0
2016-02-16,3.051,3.051,3.051,3.051,0.0
2016-02-17,3.046,3.046,3.046,3.046,0.0
2016-02-18,3.01,3.01,3.01,3.01,0.0
2016-02-19,2.995,2.995,2.995,2.995,0.0
2016-02-22,2.934,2.934,2.934,2.934,0.0
2016-02-23,2.95,2.95,2.95,2.95,0.0
2016-02-24,2.98,2.98,2.98,2.98,0.0
2016-02-25,2.976,2.976,2.976,2.976,0.0
2016-02-26,2.98,2.98,2.98,2.98,0.0
2016-02-29,3.036,3.036,3.036,3.036,0.0
2016-03-01,3.058,3.058,3.058,3.058,0.0
2016-03-02,3.042,3.042,3.042,3.042,0.0
2016-03-03,3.051,3.051,3.051,3.051,0.0
2016-03-04,3.05,3.05,3.05,3.05,0.0
2016-03-07,3.057,3.057,3.057,3.057,0.0
2016-03-08,3.063,3.063,3.063,3.063,0.0
2016-03-09,3.111,3.111,3.111,3.111,0.0
2016-03-10,3.114,3.114,3.114,3.114,0.0
2016-03-11,3.126,3.126,3.126,3.126,0.0
2016-03-14,3.116,3.116,3.116,3.116,0.0
2016-03-15,3.114,3.114,3.114,3.114,0.0
2016-03-16,3.119,3.119,3.119,3.119,0.0
2016-03-17,3.124,3.124,3.124,3.124,0.0
2016-03-18,3.114,3.114,3.114,3.114,0.0
2016-03-21,3.118,3.118,3.118,3.118,0.0
2016-03-22,3.14,3.14,3.14,3.14,0.0
2016-03-23,3.158,3.158,3.158,3.158,0.0
2016-03-24,3.213,3.213,3.213,3.213,0.0
2016-03-28,3.268,3.268,3.268,3.268,0.0
2016-03-29,3.315,3.315,3.315,3.315,0.0
2016-03-30,3.318,3.318,3.318,3.318,0.0
2016-03-31,3.347,3.347,3.347,3.347,0.0
2016-04-01,3.36,3.36,3.36,3.36,0.0
2016-04-04,3.33,3.33,3.33,3.33,0.0
2016-04-05,3.338,3.338,3.338,3.338,0.0
2016-04-06,3.382,3.382,3.382,3.382,0.0
2016-04-07,3.386,3.386,3.386,3.386,0.0
2016-04-08,3.403,3.403,3.403,3.403,0.0
2016-04-11,3.397,3.397,3.397,3.397,0.0
2016-04-12,3.396,3.396,3.396,3.396,0.0
2016-04-13,3.403,3.403,3.403,3.403,0.0
2016-04-14,3.402,3.402,3.402,3.402,0.0
2016-04-15,3.372,3.372,3.372,3.372,0.0
2016-04-18,3.362,3.362,3.362,3.362,0.0
2016-04-19,3.346,3.346,3.346,3.346,0.0
2016-04-20,3.346,3.346,3.346,3.346,0.0
2016-04-21,3.378,3.378,3.378,3.378,0.0
2016-04-22,3.371,3.371,3.371,3.371,0.0
2016-04-25,3.387,3.387,3.387,3.387,0.0
2016-04-26,3.435,3.435,3.435,3.435,0.0
2016-04-27,3.453,3.453,3.453,3.453,0.0
2016-04-28,3.444,3.444,3.444,3.444,0.0
2016-04-29,3.442,3.442,3.442,3.442,0.0
2016-05-02,3.422,3.422,3.422,3.422,0.0
2016-05-03,3.415,3.415,3.415,3.415,0.0
2016-05-04,3.424,3.424,3.424,3.424,0.0
2016-05-05,3.457,3.457,3.457,3.457,0.0
2016-05-06,3.459,3.459,3.459,3.459,0.0
2016-05-09,3.447,3.447,3.447,3.447,0.0
2016-05-10,3.442,3.442,3.442,3.442,0.0
2016-05-11,3.426,3.426,3.426,3.426,0.0
2016-05-12,3.411,3.411,3.411,3.411,0.0
2016-05-13,3.412,3.412,3.412,3.412,0.0
2016-05-16,3.419,3.419,3.419,3.419,0.0
2016-05-17,3.403,3.403,3.403,3.403,0.0
2016-05-18,3.391,3.391,3.391,3.391,0.0
2016-05-19,3.405,3.405,3.405,3.405,0.0
2016-05-20,3.393,3.393,3.393,3.393,0.0
2016-05-23,3.39,3.39,3.39,3.39,0.0
2016-05-24,3.387,3.387,3.387,3.387,0.0
2016-05-25,3.416,3.416,3.416,3.416,0.0
2016-05-26,3.447,3.447,3.447,3.447,0.0
2016-05-27,3.457,3.457,3.457,3.457,0.0
2016-05-31,3.459,3.459,3.459,3.459,0.0
2016-06-01,3.455,3.455,3.455,3.455,0.0
2016-06-02,3.442,3.442,3.442,3.442,0.0
2016-06-03,3.433,3.433,3.433,3.433,0.0
2016-06-06,3.427,3.427,3.427,3.427,0.0
2016-06-07,3.451,3.451,3.451,3.451,0.0
2016-06-08,3.441,3.441,3.441,3.441,0.0
2016-06-09,3.439,3.439,3.439,3.439,0.0
2016-06-10,3.416,3.416,3.416,3.416,0.0
2016-06-13,3.377,3.377,3.377,3.377,0.0
2016-06-14,3.355,3.355,3.355,3.355,0.0
2016-06-15,3.355,3.355,3.355,3.355,0.0
2016-06-16,3.351,3.351,3.351,3.351,0.0
2016-06-17,3.328,3.328,3.328,3.328,0.0
2016-06-20,3.318,3.318,3.318,3.318,0.0
2016-06-21,3.306,3.306,3.306,3.306,0.0
2016-06-22,3.313,3.313,3.313,3.313,0.0
2016-06-23,3.334,3.334,3.334,3.334,0.0
2016-06-24,3.352,3.352,3.352,3.352,0.0
2016-06-27,3.312,3.312,3.312,3.312,0.0
2016-06-28,3.371,3.371,3.371,3.371,0.0
2016-06-29,3.372,3.372,3.372,3.372,0.0
2016-06-30,3.386,3.386,3.386,3.386,0.0
2016-07-01,3.387,3.387,3.387,3.387,0.0
2016-07-05,3.385,3.385,3.385,3.385,0.0
2016-07-06,3.407,3.407,3.407,3.407,0.0
2016-07-07,3.405,3.405,3.405,3.405,0.0
2016-07-08,3.402,3.402,3.402,3.402,0.0
2016-07-11,3.398,3.398,3.398,3.398,0.0
2016-07-12,3.384,3.384,3.384,3.384,0.0
2016-07-13,3.404,3.404,3.404,3.404,0.0
2016-07-14,3.402,3.402,3.402,3.402,0.0
2016-07-15,3.39,3.39,3.39,3.39,0.0
2016-07-18,3.375,3.375,3.375,3.375,0.0
2016-07-19,3.365,3.365,3.365,3.365,0.0
2016-07-20,3.354,3.354,3.354,3.354,0.0
2016-07-21,3.359,3.359,3.359,3.359,0.0
2016-07-22,3.363,3.363,3.363,3.363,0.0
2016-07-25,3.369,3.369,3.369,3.369,0.0
2016-07-26,3.367,3.367,3.367,3.367,0.0
2016-07-27,3.36,3.36,3.36,3.36,0.0
2016-07-28,3.373,3.373,3.373,3.373,0.0
2016-07-29,3.378,3.378,3.378,3.378,0.0
2016-08-01,3.373,3.373,3.373,3.373,0.0
2016-08-02,3.372,3.372,3.372,3.372,0.0
2016-08-03,3.371,3.371,3.371,3.371,0.0
2016-08-04,3.4,3.4,3.4,3.4,0.0
2016-08-05,3.401,3.401,3.401,3.401,0.0
2016-08-08,3.4,3.4,3.4,3.4,0.0
2016-08-09,3.399,3.399,3.399,3.399,0.0
2016-08-10,3.38,3.38,3.38,3.38,0.0
2016-08-11,3.369,3.369,3.369,3.369,0.0
2016-08-12,3.366,3.366,3.366,3.366,0.0
2016-08-15,3.359,3.359,3.359,3.359,0.0
2016-08-16,3.372,3.372,3.372,3.372,0.0
2016-08-17,3.407,3.407,3.407,3.407,0.0
2016-08-18,3.401,3.401,3.401,3.401,0.0
2016-08-19,3.412,3.412,3.412,3.412,0.0
2016-08-22,3.412,3.412,3.412,3.412,0.0
2016-08-23,3.435,3.435,3.435,3.435,0.0
2016-08-24,3.459,3.459,3.459,3.459,0.0
2016-08-25,3.407,3.407,3.407,3.407,0.0
2016-08-26,3.375,3.375,3.375,3.375,0.0
2016-08-29,3.358,3.358,3.358,3.358,0.0
2016-08-30,3.348,3.348,3.348,3.348,0.0
2016-08-31,3.368,3.368,3.368,3.368,0.0
2016-09-01,3.326,3.326,3.326,3.326,0.0
2016-09-02,3.314,3.314,3.314,3.314,0.0
2016-09-06,3.315,3.315,3.315,3.315,0.0
2016-09-07,3.291,3.291,3.291,3.291,0.0
2016-09-08,3.285,3.285,3.285,3.285,0.0
2016-09-09,3.245,3.245,3.245,3.245,0.0
2016-09-12,3.247,3.247,3.247,3.247,0.0
2016-09-13,3.225,3.225,3.225,3.225,0.0
2016-09-14,3.242,3.242,3.242,3.242,0.0
2016-09-15,3.241,3.241,3.241,3.241,0.0
2016-09-16,3.217,3.217,3.217,3.217,0.0
2016-09-19,3.195,3.195,3.195,3.195,0.0
2016-09-20,3.205,3.205,3.205,3.205,0.0
2016-09-21,3.208,3.208,3.208,3.208,0.0
2016-09-22,3.177,3.177,3.177,3.177,0.0
2016-09-23,3.188,3.188,3.188,3.188,0.0
2016-09-26,3.205,3.205,3.205,3.205,0.0
2016-09-27,3.175,3.175,3.175,3.175,0.0
2016-09-28,3.149,3.149,3.149,3.149,0.0
2016-09-29,3.108,3.108,3.108,3.108,0.0
2016-09-30,3.104,3.104,3.104,3.104,0.0
2016-10-03,3.097,3.097,3.097,3.097,0.0
2016-10-04,3.071,3.071,3.071,3.071,0.0
2016-10-05,3.097,3.097,3.097,3.097,0.0
2016-10-06,3.099,3.099,3.099,3.099,0.0
2016-10-07,3.113,3.113,3.113,3.113,0.0
2016-10-10,3.104,3.104,3.104,3.104,0.0
2016-10-11,3.191,3.191,3.191,3.191,0.0
2016-10-12,3.158,3.158,3.158,3.158,0.0
2016-10-13,3.17,3.17,3.17,3.17,0.0
2016-10-14,3.167,3.167,3.167,3.167,0.0
2016-10-17,3.174,3.174,3.174,3.174,0.0
2016-10-18,3.177,3.177,3.177,3.177,0.0
2016-10-19,3.169,3.169,3.169,3.169,0.0
2016-10-20,3.174,3.174,3.174,3.174,0.0
2016-10-21,3.174,3.174,3.174,3.174,0.0
2016-10-24,3.169,3.169,3.169,3.169,0.0
2016-10-25,3.159,3.159,3.159,3.159,0.0
2016-10-26,3.167,3.167,3.167,3.167,0.0
2016-10-27,3.182,3.182,3.182,3.182,0.0
2016-10-28,3.188,3.188,3.188,3.188,0.0
2016-10-31,3.181,3.181,3.181,3.181,0.0
2016-11-01,3.183,3.183,3.183,3.183,0.0
2016-11-02,3.163,3.163,3.163,3.163,0.0
2016-11-03,3.165,3.165,3.165,3.165,0.0
2016-11-04,3.143,3.143,3.143,3.143,0.0
2016-11-07,3.148,3.148,3.148,3.148,0.0
2016-11-08,3.158,3.158,3.158,3.158,0.0
2016-11-09,3.149,3.149,3.149,3.149,0.0
2016-11-10,3.147,3.147,3.147,3.147,0.0
2016-11-11,3.139,3.139,3.139,3.139,0.0
2016-11-14,3.113,3.113,3.113,3.113,0.0
2016-11-15,3.078,3.078,3.078,3.078,0.0
2016-11-16,3.087,3.087,3.087,3.087,0.0
2016-11-17,3.097,3.097,3.097,3.097,0.0
2016-11-18,3.087,3.087,3.087,3.087,0.0
2016-11-21,3.063,3.063,3.063,3.063,0.0
2016-11-22,3.035,3.035,3.035,3.035,0.0
2016-11-23,3.023,3.023,3.023,3.023,0.0
2016-11-25,3.022,3.022,3.022,3.022,0.0
2016-11-28,2.965,2.965,2.965,2.965,0.0
2016-11-29,2.909,2.909,2.909,2.909,0.0
2016-11-30,2.883,2.883,2.883,2.883,0.0
2016-12-01,2.929,2.929,2.929,2.929,0.0
2016-12-02,2.919,2.919,2.919,2.919,0.0
2016-12-05,2.914,2.914,2.914,2.914,0.0
2016-12-06,2.911,2.911,2.911,2.911,0.0
2016-12-07,2.931,2.931,2.931,2.931,0.0
2016-12-08,2.965,2.965,2.965,2.965,0.0
2016-12-09,2.935,2.935,2.935,2.935,0.0
2016-12-12,2.914,2.914,2.914,2.914,0.0
2016-12-13,2.892,2.892,2.892,2.892,0.0
2016-12-14,2.855,2.855,2.855,2.855,0.0
2016-12-15,2.865,2.865,2.865,2.865,0.0
2016-12-16,2.863,2.863,2.863,2.863,0.0
2016-12-19,2.871,2.871,2.871,2.871,0.0
2016-12-20,2.855,2.855,2.855,2.855,0.0
2016-12-21,2.862,2.862,2.862,2.862,0.0
2016-12-22,2.828,2.828,2.828,2.828,0.0
2016-12-23,2.823,2.823,2.823,2.823,0.0
2016-12-27,2.835,2.835,2.835,2.835,0.0
2016-12-28,2.848,2.848,2.848,2.848,0.0
2016-12-29,2.858,2.858,2.858,2.858,0.0
2016-12-30,2.861,2.861,2.861,2.861,0.0
2017-01-03,2.849,2.849,2.849,2.849,0.0
2017-01-04,2.849,2.849,2.849,2.849,0.0
2017-01-05,2.864,2.864,2.864,2.864,0.0
2017-01-06,2.853,2.853,2.853,2.853,0.0
2017-01-09,2.836,2.836,2.836,2.836,0.0
2017-01-10,2.851,2.851,2.851,2.851,0.0
2017-01-11,2.819,2.819,2.819,2.819,0.0
2017-01-12,2.816,2.816,2.816,2.816,0.0
2017-01-13,2.783,2.783,2.783,2.783,0.0
2017-01-17,2.785,2.785,2.785,2.785,0.0
2017-01-18,2.782,2.782,2.782,2.782,0.0
2017-01-19,2.775,2.775,2.775,2.775,0.0
2017-01-20,2.787,2.787,2.787,2.787,0.0
2017-01-23,2.792,2.792,2.792,2.792,0.0
2017-01-24,2.779,2.779,2.779,2.779,0.0
2017-01-25,2.77,2.77,2.77,2.77,0.0
2017-01-26,2.775,2.775,2.775,2.775,0.0
2017-01-27,2.762,2.762,2.762,2.762,0.0
2017-01-30,2.766,2.766,2.766,2.766,0.0
2017-01-31,2.767,2.767,2.767,2.767,0.0
2017-02-01,2.752,2.752,2.752,2.752,0.0
2017-02-02,2.755,2.755,2.755,2.755,0.0
2017-02-03,2.738,2.738,2.738,2.738,0.0
2017-02-06,2.732,2.732,2.732,2.732,0.0
2017-02-07,2.75,2.75,2.75,2.75,0.0
2017-02-08,2.766,2.766,2.766,2.766,0.0
2017-02-09,2.759,2.759,2.759,2.759,0.0
2017-02-10,2.739,2.739,2.739,2.739,0.0
2017-02-13,2.722,2.722,2.722,2.722,0.0
2017-02-14,2.721,2.721,2.721,2.721,0.0
2017-02-15,2.723,2.723,2.723,2.723,0.0
2017-02-16,2.737,2.737,2.737,2.737,0.0
2017-02-17,2.738,2.738,2.738,2.738,0.0
2017-02-21,2.721,2.721,2.721,2.721,0.0
2017-02-22,2.731,2.731,2.731,2.731,0.0
2017-02-23,2.734,2.734,2.734,2.734,0.0
2017-02-24,2.718,2.718,2.718,2.718,0.0
2017-02-27,2.719,2.719,2.719,2.719,0.0
2017-02-28,2.721,2.721,2.721,2.721,0.0
2017-03-01,2.74,2.74,2.74,2.74,0.0
2017-03-02,2.736,2.736,2.736,2.736,0.0
2017-03-03,2.752,2.752,2.752,2.752,0.0
2017-03-06,2.756,2.756,2.756,2.756,0.0
2017-03-07,2.745,2.745,2.745,2.745,0.0
2017-03-08,2.74,2.74,2.74,2.74,0.0
2017-03-09,2.733,2.733,2.733,2.733,0.0
2017-03-10,2.72,2.72,2.72,2.72,0.0
2017-03-13,2.714,2.714,2.714,2.714,0.0
2017-03-14,2.713,2.713,2.713,2.713,0.0
2017-03-15,2.734,2.734,2.734,2.734,0.0
2017-03-16,2.763,2.763,2.763,2.763,0.0
2017-03-17,2.763,2.763,2.763,2.763,0.0
2017-03-20,2.769,2.769,2.769,2.769,0.0
2017-03-21,2.775,2.775,2.775,2.775,0.0
2017-03-22,2.772,2.772,2.772,2.772,0.0
2017-03-23,2.771,2.771,2.771,2.771,0.0
2017-03-24,2.739,2.739,2.739,2.739,0.0
2017-03-27,2.734,2.734,2.734,2.734,0.0
2017-03-28,2.722,2.722,2.722,2.722,0.0
2017-03-29,2.735,2.735,2.735,2.735,0.0
2017-03-30,2.739,2.739,2.739,2.739,0.0
2017-03-31,2.732,2.732,2.732,2.732,0.0
2017-04-03,2.739,2.739,2.739,2.739,0.0
2017-04-04,2.74,2.74,2.74,2.74,0.0
2017-04-05,2.775,2.775,2.775,2.775,0.0
2017-04-06,2.756,2.756,2.756,2.756,0.0
2017-04-07,2.761,2.761,2.761,2.761,0.0
2017-04-10,2.762,2.762,2.762,2.762,0.0
2017-04-11,2.79,2.79,2.79,2.79,0.0
2017-04-12,2.792,2.792,2.792,2.792,0.0
2017-04-13,2.815,2.815,2.815,2.815,0.0
2017-04-17,2.811,2.811,2.811,2.811,0.0
2017-04-18,2.843,2.843,2.843,2.843,0.0
2017-04-19,2.853,2.853,2.853,2.853,0.0
2017-04-20,2.887,2.887,2.887,2.887,0.0
2017-04-21,2.864,2.864,2.864,2.864,0.0
2017-04-24,2.853,2.853,2.853,2.853,0.0
2017-04-25,2.86,2.86,2.86,2.86,0.0
2017-04-26,2.866,2.866,2.866,2.866,0.0
2017-04-27,2.854,2.854,2.854,2.854,0.0
2017-04-28,2.858,2.858,2.858,2.858,0.0
2017-05-01,2.826,2.826,2.826,2.826,0.0
2017-05-02,2.827,2.827,2.827,2.827,0.0
2017-05-03,2.846,2.846,2.846,2.846,0.0
2017-05-04,2.889,2.889,2.889,2.889,0.0
2017-05-05,2.889,2.889,2.889,2.889,0.0
2017-05-08,2.866,2.866,2.866,2.866,0.0
2017-05-09,2.869,2.869,2.869,2.869,0.0
2017-05-10,2.87,2.87,2.87,2.87,0.0
2017-05-11,2.874,2.874,2.874,2.874,0.0
2017-05-12,2.878,2.878,2.878,2.878,0.0
2017-05-15,2.866,2.866,2.866,2.866,0.0
2017-05-16,2.883,2.883,2.883,2.883,0.0
2017-05-17,2.898,2.898,2.898,2.898,0.0
2017-05-18,2.885,2.885,2.885,2.885,0.0
2017-05-19,2.875,2.875,2.875,2.875,0.0
2017-05-22,2.877,2.877,2.877,2.877,0.0
2017-05-23,2.882,2.882,2.882,2.882,0.0
2017-05-24,2.882,2.882,2.872,2.872,11.0
2017-05-25,2.871,2.871,2.871,2.871,0.0
2017-05-26,2.856,2.856,2.856,2.856,0.0
2017-05-30,2.848,2.848,2.848,2.848,0.0
2017-05-31,2.84,2.84,2.84,2.84,0.0
2017-06-01,2.84,2.84,2.84,2.84,0.0
2017-06-02,2.828,2.828,2.828,2.828,0.0
2017-06-05,2.804,2.804,2.804,2.804,0.0
2017-06-06,2.772,2.772,2.772,2.772,0.0
2017-06-07,2.783,2.783,2.783,2.783,0.0
2017-06-08,2.802,2.802,2.802,2.802,0.0
2017-06-09,2.799,2.799,2.799,2.799,0.0
2017-06-12,2.801,2.801,2.801,2.801,0.0
2017-06-13,2.808,2.808,2.808,2.808,0.0
2017-06-14,2.802,2.802,2.802,2.802,0.0
2017-06-15,2.824,2.824,2.824,2.824,0.0
2017-06-16,2.813,2.813,2.813,2.813,0.0
2017-06-19,2.822,2.822,2.822,2.822,0.0
2017-06-20,2.854,2.854,2.854,2.854,0.0
2017-06-21,2.862,2.862,2.862,2.862,0.0
2017-06-22,2.864,2.864,2.864,2.864,0.0
2017-06-23,2.857,2.857,2.857,2.857,0.0
2017-06-26,2.836,2.836,2.836,2.836,0.0
2017-06-27,2.833,2.833,2.833,2.833,0.0
2017-06-28,2.823,2.823,2.823,2.823,0.0
2017-06-29,2.824,2.824,2.824,2.824,0.0
2017-06-30,2.837,2.837,2.837,2.837,0.0
2017-07-03,2.833,2.833,2.833,2.833,0.0
2017-07-05,2.799,2.799,2.799,2.799,0.0
2017-07-06,2.777,2.777,2.777,2.777,0.0
2017-07-07,2.772,2.772,2.772,2.772,0.0
2017-07-10,2.762,2.762,2.762,2.762,0.0
2017-07-11,2.765,2.765,2.765,2.765,0.0
2017-07-12,2.754,2.754,2.754,2.754,0.0
2017-07-13,2.767,2.767,2.767,2.767,0.0
2017-07-14,2.771,2.771,2.771,2.771,0.0
2017-07-17,2.773,2.773,2.773,2.773,0.0
2017-07-18,2.784,2.784,2.784,2.784,0.0
2017-07-19,2.769,2.769,2.769,2.769,0.0
2017-07-20,2.753,2.753,2.753,2.753,0.0
2017-07-21,2.741,2.741,2.741,2.741,0.0
2017-07-24,2.701,2.701,2.701,2.701,0.0
2017-07-25,2.7,2.7,2.7,2.7,0.0
2017-07-26,2.677,2.677,2.677,2.677,0.0
2017-07-27,2.679,2.679,2.679,2.679,0.0
2017-07-28,2.701,2.701,2.701,2.701,0.0
2017-07-31,2.688,2.688,2.688,2.688,0.0
2017-08-01,2.71,2.71,2.71,2.71,0.0
2017-08-02,2.716,2.716,2.716,2.716,0.0
2017-08-03,2.734,2.734,2.734,2.734,0.0
2017-08-04,2.733,2.733,2.733,2.733,0.0
2017-08-07,2.732,2.732,2.732,2.732,0.0
2017-08-08,2.73,2.73,2.73,2.73,0.0
2017-08-09,2.724,2.724,2.724,2.724,0.0
2017-08-10,2.723,2.723,2.723,2.723,0.0
2017-08-11,2.727,2.727,2.727,2.727,0.0
2017-08-14,2.727,2.727,2.727,2.727,0.0
2017-08-15,2.722,2.722,2.722,2.722,0.0
2017-08-16,2.712,2.712,2.712,2.712,0.0
2017-08-17,2.707,2.707,2.707,2.707,0.0
2017-08-18,2.707,2.707,2.707,2.707,0.0
2017-08-21,2.696,2.696,2.696,2.696,0.0
2017-08-22,2.695,2.695,2.695,2.695,1.0
2017-08-23,2.698,2.698,2.698,2.698,0.0
2017-08-24,2.657,2.657,2.657,2.657,0.0
2017-08-25,2.644,2.644,2.644,2.644,0.0
2017-08-28,2.657,2.657,2.657,2.657,0.0
2017-08-29,2.656,2.656,2.656,2.656,0.0
2017-08-30,2.662,2.662,2.662,2.662,0.0
2017-08-31,2.668,2.668,2.668,2.668,0.0
2017-09-01,2.67,2.67,2.67,2.67,0.0
2017-09-05,2.666,2.666,2.666,2.666,0.0
2017-09-06,2.649,2.649,2.649,2.649,0.0
2017-09-07,2.682,2.682,2.682,2.682,0.0
2017-09-08,2.688,2.688,2.688,2.688,0.0
2017-09-11,2.699,2.699,2.699,2.699,0.0
2017-09-12,2.705,2.705,2.705,2.705,0.0
2017-09-13,2.691,2.691,2.691,2.691,0.0
2017-09-14,2.707,2.707,2.707,2.707,0.0
2017-09-15,2.71,2.71,2.71,2.71,0.0
2017-09-18,2.731,2.731,2.731,2.731,0.0
2017-09-19,2.712,2.712,2.712,2.712,0.0
2017-09-20,2.708,2.708,2.708,2.708,0.0
2017-09-21,2.699,2.699,2.699,2.699,0.0
2017-09-22,2.713,2.713,2.713,2.713,0.0
2017-09-25,2.698,2.698,2.698,2.698,0.0
2017-09-26,2.709,2.709,2.709,2.709,0.0
2017-09-27,2.722,2.722,2.722,2.722,0.0
2017-09-28,2.721,2.721,2.721,2.721,0.0
2017-09-29,2.718,2.718,2.718,2.718,0.0
2017-10-02,2.731,2.731,2.731,2.731,0.0
2017-10-03,2.754,2.754,2.754,2.754,0.0
2017-10-04,2.751,2.751,2.751,2.751,0.0
2017-10-05,2.748,2.748,2.748,2.748,0.0
2017-10-06,2.74,2.74,2.74,2.74,0.0
2017-10-09,2.75,2.75,2.75,2.75,0.0
2017-10-10,2.74,2.74,2.74,2.74,0.0
2017-10-11,2.763,2.763,2.763,2.763,0.0
2017-10-12,2.772,2.772,2.772,2.772,0.0
2017-10-13,2.77,2.77,2.77,2.77,0.0
2017-10-16,2.798,2.798,2.798,2.798,0.0
2017-10-17,2.81,2.81,2.81,2.81,0.0
2017-10-18,2.816,2.816,2.816,2.816,0.0
2017-10-19,2.837,2.837,2.837,2.837,0.0
2017-10-20,2.857,2.857,2.857,2.857,0.0
2017-10-23,2.837,2.837,2.837,2.837,0.0
2017-10-24,2.836,2.836,2.836,2.836,0.0
2017-10-25,2.837,2.837,2.837,2.837,0.0
2017-10-26,2.826,2.826,2.826,2.826,0.0
2017-10-27,2.804,2.804,2.804,2.804,0.0
2017-10-30,2.828,2.828,2.828,2.828,0.0
2017-10-31,2.826,2.826,2.826,2.826,0.0
2017-11-01,2.834,2.834,2.834,2.834,0.0
2017-11-02,2.818,2.818,2.818,2.818,0.0
2017-11-03,2.813,2.813,2.813,2.813,0.0
2017-11-06,2.808,2.808,2.808,2.808,0.0
2017-11-07,2.807,2.807,2.807,2.807,0.0
2017-11-08,2.805,2.805,2.805,2.805,0.0
2017-11-09,2.813,2.813,2.813,2.813,0.0
2017-11-10,2.796,2.796,2.796,2.796,0.0
2017-11-13,2.786,2.786,2.786,2.786,0.0
2017-11-14,2.792,2.792,2.792,2.792,0.0
2017-11-15,2.786,2.786,2.786,2.786,0.0
2017-11-16,2.79,2.79,2.79,2.79,0.0
2017-11-17,2.793,2.793,2.793,2.793,0.0
2017-11-20,2.786,2.786,2.786,2.786,0.0
2017-11-21,2.785,2.785,2.785,2.785,0.0
2017-11-22,2.772,2.772,2.772,2.772,0.0
2017-11-24,2.773,2.773,2.773,2.773,0.0
2017-11-27,2.775,2.775,2.775,2.775,0.0
2017-11-28,2.781,2.781,2.781,2.781,0.0
2017-11-29,2.796,2.796,2.796,2.796,0.0
2017-11-30,2.787,2.787,2.787,2.787,0.0
2017-12-01,2.774,2.774,2.774,2.774,0.0
2017-12-04,2.748,2.748,2.748,2.748,0.0
2017-12-05,2.741,2.741,2.741,2.741,0.0
2017-12-06,2.732,2.732,2.732,2.732,0.0
2017-12-07,2.738,2.738,2.738,2.738,0.0
2017-12-08,2.739,2.739,2.739,2.739,0.0
2017-12-11,2.732,2.732,2.732,2.732,0.0
2017-12-12,2.735,2.735,2.735,2.735,0.0
2017-12-13,2.747,2.747,2.747,2.747,0.0
2017-12-14,2.746,2.746,2.746,2.746,0.0
2017-12-15,2.754,2.754,2.754,2.754,0.0
2017-12-18,2.788,2.788,2.788,2.788,0.0
2017-12-19,2.79,2.79,2.79,2.79,0.0
2017-12-20,2.776,2.776,2.776,2.776,0.0
2017-12-21,2.793,2.793,2.793,2.793,0.0
2017-12-22,2.816,2.816,2.816,2.816,0.0
2017-12-26,2.817,2.817,2.817,2.817,0.0
2017-12-27,2.794,2.794,2.794,2.794,0.0
2017-12-28,2.783,2.783,2.783,2.783,0.0
2017-12-29,2.791,2.791,2.791,2.791,0.0
2018-01-02,2.784,2.784,2.784,2.784,0.0
2018-01-03,2.786,2.786,2.786,2.786,0.0
2018-01-04,2.798,2.798,2.798,2.798,0.0
2018-01-05,2.776,2.776,2.776,2.776,0.0
2018-01-08,2.786,2.786,2.786,2.786,0.0
2018-01-09,2.762,2.762,2.762,2.762,0.0
2018-01-10,2.782,2.782,2.782,2.782,0.0
2018-01-11,2.784,2.784,2.784,2.784,0.0
2018-01-12,2.772,2.772,2.772,2.772,0.0
2018-01-16,2.752,2.752,2.752,2.752,0.0
2018-01-17,2.746,2.746,2.746,2.746,0.0
2018-01-18,2.744,2.744,2.744,2.744,0.0
2018-01-19,2.754,2.754,2.754,2.754,0.0
2018-01-22,2.773,2.773,2.773,2.773,0.0
2018-01-23,2.785,2.785,2.785,2.785,0.0
2018-01-24,2.8,2.8,2.8,2.8,0.0
2018-01-25,2.816,2.816,2.816,2.816,0.0
2018-01-26,2.797,2.797,2.797,2.797,0.0
2018-01-29,2.799,2.799,2.799,2.799,0.0
2018-01-30,2.798,2.798,2.798,2.798,0.0
2018-01-31,2.781,2.781,2.781,2.781,0.0
2018-02-01,2.793,2.793,2.793,2.793,0.0
2018-02-02,2.798,2.798,2.798,2.798,0.0
2018-02-05,2.817,2.817,2.817,2.817,0.0
2018-02-06,2.814,2.814,2.814,2.814,0.0
2018-02-07,2.789,2.789,2.789,2.789,0.0
2018-02-08,2.79,2.79,2.79,2.79,0.0
2018-02-09,2.772,2.772,2.772,2.772,0.0
2018-02-12,2.752,2.752,2.752,2.752,0.0
2018-02-13,2.757,2.757,2.757,2.757,0.0
2018-02-14,2.758,2.758,2.758,2.758,0.0
2018-02-15,2.754,2.754,2.754,2.754,0.0
2018-02-16,2.762,2.762,2.762,2.762,0.0
2018-02-20,2.765,2.765,2.765,2.765,0.0
2018-02-21,2.783,2.783,2.783,2.783,0.0
2018-02-22,2.785,2.785,2.785,2.785,0.0
2018-02-23,2.777,2.777,2.777,2.777,0.0
2018-02-26,2.785,2.785,2.785,2.785,0.0
2018-02-27,2.784,2.784,2.784,2.784,0.0
2018-02-28,2.762,2.762,2.762,2.762,0.0
2018-03-01,2.77,2.77,2.77,2.77,0.0
2018-03-02,2.786,2.786,2.786,2.786,0.0
2018-03-05,2.799,2.799,2.799,2.799,0.0
2018-03-06,2.809,2.809,2.809,2.809,0.0
2018-03-07,2.8,2.8,2.8,2.8,0.0
2018-03-08,2.768,2.768,2.768,2.768,0.0
2018-03-09,2.735,2.735,2.735,2.735,0.0
2018-03-12,2.731,2.731,2.731,2.731,0.0
2018-03-13,2.74,2.74,2.74,2.74,0.0
2018-03-14,2.758,2.758,2.758,2.758,0.0
2018-03-15,2.781,2.781,2.781,2.781,0.0
2018-03-16,2.791,2.791,2.791,2.791,0.0
2018-03-19,2.781,2.781,2.781,2.781,0.0
2018-03-20,2.786,2.786,2.786,2.786,0.0
2018-03-21,2.777,2.777,2.777,2.777,0.0
2018-03-22,2.765,2.765,2.765,2.765,0.0
2018-03-23,2.739,2.739,2.739,2.739,0.0
2018-03-26,2.767,2.767,2.767,2.767,0.0
2018-03-27,2.779,2.779,2.779,2.779,0.0
2018-03-28,2.785,2.785,2.785,2.785,0.0
2018-03-29,2.82,2.82,2.82,2.82,0.0
2018-04-02,2.802,2.802,2.802,2.802,0.0
2018-04-03,2.795,2.795,2.795,2.795,0.0
2018-04-04,2.769,2.769,2.769,2.769,0.0
2018-04-05,2.782,2.782,2.782,2.782,0.0
2018-04-06,2.777,2.777,2.777,2.777,0.0
2018-04-09,2.769,2.769,2.769,2.769,0.0
2018-04-10,2.778,2.778,2.778,2.778,0.0
2018-04-11,2.794,2.794,2.794,2.794,0.0
2018-04-12,2.806,2.806,2.806,2.806,0.0
2018-04-13,2.799,2.799,2.799,2.799,0.0
2018-04-16,2.801,2.801,2.801,2.801,0.0
2018-04-17,2.797,2.797,2.797,2.797,0.0
2018-04-18,2.785,2.785,2.785,2.785,0.0
2018-04-19,2.752,2.752,2.752,2.752,0.0
2018-04-20,2.757,2.757,2.757,2.757,0.0
2018-04-23,2.755,2.755,2.755,2.755,0.0
2018-04-24,2.753,2.753,2.753,2.753,0.0
2018-04-25,2.755,2.755,2.755,2.755,0.0
2018-04-26,2.746,2.746,2.746,2.746,0.0
2018-04-27,2.748,2.748,2.748,2.748,0.0
2018-04-30,2.743,2.743,2.743,2.743,0.0
2018-05-01,2.729,2.729,2.729,2.729,0.0
2018-05-02,2.73,2.73,2.73,2.73,0.0
2018-05-03,2.73,2.73,2.73,2.73,0.0
2018-05-04,2.723,2.723,2.723,2.723,0.0
2018-05-07,2.721,2.721,2.721,2.721,0.0
2018-05-08,2.676,2.676,2.676,2.676,0.0
2018-05-09,2.662,2.662,2.662,2.662,0.0
2018-05-10,2.658,2.658,2.658,2.658,0.0
2018-05-11,2.661,2.661,2.661,2.661,0.0
2018-05-14,2.658,2.658,2.658,2.658,0.0
2018-05-15,2.663,2.663,2.663,2.663,0.0
2018-05-16,2.657,2.657,2.657,2.657,0.0
2018-05-17,2.664,2.664,2.664,2.664,0.0
2018-05-18,2.679,2.679,2.679,2.679,0.0
2018-05-21,2.676,2.676,2.676,2.676,0.0
2018-05-22,2.681,2.681,2.681,2.681,0.0
2018-05-23,2.663,2.663,2.663,2.663,0.0
2018-05-24,2.657,2.657,2.657,2.657,0.0
2018-05-25,2.629,2.629,2.629,2.629,0.0
2018-05-29,2.606,2.606,2.606,2.606,0.0
2018-05-30,2.608,2.608,2.608,2.608,0.0
2018-05-31,2.616,2.616,2.616,2.616,0.0
2018-06-01,2.605,2.605,2.605,2.605,0.0
2018-06-04,2.592,2.592,2.592,2.592,0.0
2018-06-05,2.596,2.596,2.596,2.596,0.0
2018-06-06,2.616,2.616,2.616,2.616,0.0
2018-06-07,2.597,2.597,2.597,2.597,0.0
2018-06-08,2.6,2.6,2.6,2.6,0.0
2018-06-11,2.586,2.586,2.586,2.586,0.0
2018-06-12,2.601,2.601,2.601,2.601,0.0
2018-06-13,2.624,2.624,2.624,2.624,0.0
2018-06-14,2.628,2.628,2.628,2.628,0.0
2018-06-15,2.633,2.633,2.633,2.633,0.0
2018-06-18,2.64,2.64,2.64,2.64,0.0
2018-06-19,2.639,2.639,2.639,2.639,0.0
2018-06-20,2.631,2.631,2.631,2.631,0.0
2018-06-21,2.623,2.623,2.623,2.623,0.0
2018-06-22,2.621,2.621,2.621,2.621,0.0
2018-06-25,2.617,2.617,2.617,2.617,0.0
2018-06-26,2.614,2.614,2.614,2.614,0.0
2018-06-27,2.617,2.617,2.617,2.617,0.0
2018-06-28,2.617,2.617,2.617,2.617,0.0
2018-06-29,2.614,2.614,2.614,2.614,0.0
2018-07-02,2.606,2.606,2.606,2.606,0.0
2018-07-03,2.599,2.599,2.599,2.599,0.0
2018-07-05,2.598,2.598,2.598,2.598,0.0
2018-07-06,2.592,2.592,2.592,2.592,0.0
2018-07-09,2.583,2.583,2.583,2.583,0.0
2018-07-10,2.583,2.583,2.583,2.583,0.0
2018-07-11,2.566,2.566,2.566,2.566,0.0
2018-07-12,2.563,2.563,2.563,2.563,0.0
2018-07-13,2.561,2.561,2.561,2.561,0.0
2018-07-16,2.538,2.538,2.538,2.538,0.0
2018-07-17,2.533,2.533,2.533,2.533,2.0
2018-07-18,2.519,2.519,2.519,2.519,0.0
2018-07-19,2.521,2.521,2.521,2.521,0.0
2018-07-20,2.522,2.522,2.522,2.522,0.0
2018-07-23,2.531,2.531,2.531,2.531,0.0
2018-07-24,2.541,2.541,2.541,2.541,0.0
2018-07-25,2.552,2.552,2.552,2.552,0.0
2018-07-26,2.548,2.548,2.548,2.548,0.0
2018-07-27,2.571,2.571,2.571,2.571,0.0
2018-07-30,2.58,2.58,2.575,2.575,1.0
2018-07-31,2.575,2.575,2.575,2.575,0.0
2018-08-01,2.545,2.545,2.545,2.545,0.0
2018-08-02,2.549,2.549,2.549,2.549,0.0
2018-08-03,2.549,2.549,2.549,2.549,0.0
2018-08-06,2.532,2.532,2.532,2.532,0.0
2018-08-07,2.551,2.551,2.551,2.551,0.0
2018-08-08,2.564,2.564,2.564,2.564,0.0
2018-08-09,2.556,2.556,2.556,2.556,0.0
2018-08-10,2.574,2.574,2.574,2.574,0.0
2018-08-13,2.58,2.58,2.58,2.58,0.0
2018-08-14,2.581,2.581,2.581,2.581,0.0
2018-08-15,2.582,2.582,2.582,2.582,0.0
2018-08-16,2.572,2.572,2.572,2.572,0.0
2018-08-17,2.574,2.574,2.574,2.574,0.0
2018-08-20,2.573,2.573,2.573,2.573,0.0
2018-08-21,2.568,2.568,2.568,2.568,0.0
2018-08-22,2.555,2.555,2.555,2.555,0.0
2018-08-23,2.55,2.55,2.55,2.55,0.0
2018-08-24,2.542,2.542,2.542,2.542,0.0
2018-08-27,2.51,2.51,2.51,2.51,0.0
2018-08-28,2.481,2.481,2.481,2.481,0.0
2018-08-29,2.488,2.488,2.488,2.488,0.0
2018-08-30,2.479,2.479,2.479,2.479,0.0
2018-08-31,2.493,2.493,2.493,2.493,0.0
2018-09-04,2.477,2.477,2.477,2.477,0.0
2018-09-05,2.482,2.482,2.482,2.482,0.0
2018-09-06,2.496,2.496,2.496,2.496,0.0
2018-09-07,2.495,2.495,2.495,2.495,0.0
2018-09-10,2.495,2.495,2.495,2.495,0.0
2018-09-11,2.494,2.494,2.494,2.494,0.0
2018-09-12,2.504,2.504,2.504,2.504,0.0
2018-09-13,2.52,2.52,2.52,2.52,0.0
2018-09-14,2.52,2.52,2.52,2.52,0.0
2018-09-17,2.524,2.524,2.524,2.524,0.0
2018-09-18,2.525,2.525,2.525,2.525,0.0
2018-09-19,2.518,2.518,2.518,2.518,0.0
2018-09-20,2.522,2.522,2.522,2.522,0.0
2018-09-21,2.52,2.52,2.52,2.52,0.0
2018-09-24,2.516,2.516,2.516,2.516,0.0
2018-09-25,2.515,2.515,2.515,2.515,0.0
2018-09-26,2.524,2.524,2.524,2.524,0.0
2018-09-27,2.522,2.522,2.522,2.522,0.0
2018-09-28,2.524,2.524,2.524,2.524,0.0
2018-10-01,2.529,2.529,2.529,2.529,0.0
2018-10-02,2.527,2.527,2.527,2.527,0.0
2018-10-03,2.526,2.526,2.526,2.526,0.0
2018-10-04,2.528,2.528,2.528,2.528,0.0
2018-10-05,2.529,2.529,2.529,2.529,0.0
2018-10-08,2.537,2.537,2.537,2.537,0.0
2018-10-09,2.533,2.533,2.533,2.533,0.0
2018-10-10,2.529,2.529,2.529,2.529,0.0
2018-10-11,2.558,2.558,2.558,2.558,0.0
2018-10-12,2.557,2.557,2.557,2.557,0.0
2018-10-15,2.556,2.556,2.556,2.556,0.0
2018-10-16,2.554,2.554,2.554,2.554,0.0
2018-10-17,2.549,2.549,2.549,2.549,0.0
2018-10-18,2.548,2.548,2.548,2.548,0.0
2018-10-19,2.545,2.545,2.545,2.545,0.0
2018-10-22,2.546,2.546,2.546,2.546,0.0
2018-10-23,2.545,2.545,2.545,2.545,0.0
2018-10-24,2.542,2.542,2.542,2.542,0.0
2018-10-25,2.532,2.532,2.532,2.532,0.0
2018-10-26,2.534,2.534,2.534,2.534,0.0
2018-10-29,2.535,2.535,2.535,2.535,0.0
2018-10-30,2.549,2.549,2.549,2.549,0.0
2018-10-31,2.548,2.548,2.548,2.548,0.0
2018-11-01,2.555,2.555,2.555,2.555,0.0
2018-11-02,2.565,2.565,2.565,2.565,0.0
2018-11-05,2.565,2.565,2.565,2.565,0.0
2018-11-06,2.581,2.581,2.581,2.581,0.0
2018-11-07,2.579,2.579,2.579,2.579,0.0
2018-11-08,2.58,2.58,2.58,2.58,0.0
2018-11-09,2.581,2.581,2.581,2.581,0.0
2018-11-12,2.596,2.596,2.596,2.596,0.0
2018-11-13,2.575,2.575,2.575,2.575,0.0
2018-11-14,2.559,2.559,2.559,2.559,0.0
2018-11-15,2.574,2.574,2.574,2.574,0.0
2018-11-16,2.545,2.545,2.545,2.545,0.0
2018-11-19,2.529,2.529,2.529,2.529,0.0
2018-11-20,2.527,2.527,2.527,2.527,0.0
2018-11-21,2.525,2.525,2.525,2.525,0.0
2018-11-23,2.55,2.55,2.55,2.55,0.0
2018-11-26,2.543,2.543,2.543,2.543,0.0
2018-11-27,2.539,2.539,2.539,2.539,0.0
2018-11-28,2.562,2.562,2.562,2.562,0.0
2018-11-29,2.598,2.598,2.598,2.598,0.0
2018-11-30,2.651,2.651,2.651,2.651,0.0
2018-12-03,2.623,2.623,2.623,2.623,0.0
2018-12-04,2.609,2.609,2.609,2.609,0.0
2018-12-05,2.6,2.6,2.6,2.6,0.0
2018-12-06,2.611,2.611,2.611,2.611,0.0
2018-12-07,2.618,2.618,2.618,2.618,0.0
2018-12-10,2.619,2.619,2.619,2.619,0.0
2018-12-11,2.594,2.594,2.594,2.594,0.0
2018-12-12,2.595,2.595,2.595,2.595,0.0
2018-12-13,2.557,2.557,2.557,2.557,0.0
2018-12-14,2.567,2.567,2.567,2.567,0.0
2018-12-17,2.566,2.566,2.566,2.566,0.0
2018-12-18,2.567,2.567,2.567,2.567,0.0
2018-12-19,2.578,2.578,2.578,2.578,0.0
2018-12-20,2.587,2.587,2.587,2.587,0.0
2018-12-21,2.592,2.592,2.592,2.592,0.0
2018-12-24,2.591,2.591,2.591,2.591,0.0
2018-12-26,2.588,2.588,2.588,2.588,0.0
2018-12-27,2.586,2.586,2.586,2.586,0.0
2018-12-28,2.576,2.576,2.576,2.576,0.0
2018-12-31,2.582,2.582,2.582,2.582,0.0
2019-01-02,2.58,2.58,2.58,2.58,0.0
2019-01-03,2.559,2.559,2.559,2.559,0.0
2019-01-04,2.572,2.572,2.572,2.572,0.0
2019-01-07,2.574,2.574,2.574,2.574,0.0
2019-01-08,2.583,2.583,2.583,2.583,0.0
2019-01-09,2.583,2.583,2.583,2.583,0.0
2019-01-10,2.589,2.589,2.589,2.589,0.0
2019-01-11,2.599,2.599,2.599,2.599,0.0
2019-01-14,2.598,2.598,2.598,2.598,0.0
2019-01-15,2.59,2.59,2.59,2.59,0.0
2019-01-16,2.559,2.559,2.559,2.559,0.0
2019-01-17,2.553,2.553,2.553,2.553,0.0
2019-01-18,2.569,2.569,2.569,2.569,0.0
2019-01-22,2.582,2.582,2.582,2.582,0.0
2019-01-23,2.575,2.575,2.575,2.575,0.0
2019-01-24,2.56,2.56,2.56,2.56,0.0
2019-01-25,2.578,2.578,2.578,2.578,0.0
2019-01-28,2.568,2.568,2.568,2.568,0.0
2019-01-29,2.581,2.581,2.581,2.581,0.0
2019-01-30,2.583,2.583,2.583,2.583,0.0
2019-01-31,2.584,2.584,2.584,2.584,0.0
2019-02-01,2.585,2.585,2.585,2.585,0.0
2019-02-04,2.572,2.572,2.572,2.572,0.0
2019-02-05,2.591,2.591,2.591,2.591,0.0
2019-02-06,2.592,2.592,2.592,2.592,0.0
2019-02-07,2.588,2.588,2.588,2.588,0.0
2019-02-08,2.59,2.59,2.59,2.59,0.0
2019-02-11,2.595,2.595,2.595,2.595,0.0
2019-02-12,2.603,2.603,2.603,2.603,0.0
2019-02-13,2.604,2.604,2.604,2.604,0.0
2019-02-14,2.608,2.608,2.608,2.608,0.0
2019-02-15,2.592,2.592,2.592,2.592,0.0
2019-02-19,2.591,2.591,2.591,2.591,0.0
2019-02-20,2.583,2.583,2.583,2.583,0.0
2019-02-21,2.576,2.576,2.576,2.576,0.0
2019-02-22,2.573,2.573,2.573,2.573,0.0
2019-02-25,2.568,2.568,2.568,2.568,0.0
2019-02-26,2.55,2.55,2.55,2.55,0.0
2019-02-27,2.586,2.586,2.586,2.586,0.0
2019-02-28,2.591,2.591,2.591,2.591,0.0
2019-03-01,2.59,2.59,2.59,2.59,0.0
2019-03-04,2.586,2.586,2.586,2.586,0.0
2019-03-05,2.584,2.584,2.584,2.584,0.0
2019-03-06,2.588,2.588,2.588,2.588,0.0
2019-03-07,2.591,2.591,2.591,2.591,0.0
2019-03-08,2.587,2.587,2.587,2.587,0.0
2019-03-11,2.614,2.614,2.614,2.614,0.0
2019-03-12,2.629,2.629,2.629,2.629,0.0
2019-03-13,2.638,2.638,2.638,2.638,0.0
2019-03-14,2.638,2.638,2.638,2.638,0.0
2019-03-15,2.639,2.639,2.639,2.639,0.0
2019-03-18,2.641,2.641,2.641,2.641,0.0
2019-03-19,2.642,2.642,2.642,2.642,0.0
2019-03-20,2.64,2.64,2.64,2.64,0.0
2019-03-21,2.644,2.644,2.644,2.644,0.0
2019-03-22,2.634,2.634,2.634,2.634,0.0
2019-03-25,2.633,2.633,2.633,2.633,0.0
2019-03-26,2.635,2.635,2.635,2.635,0.0
2019-03-27,2.626,2.626,2.626,2.626,0.0
2019-03-28,2.629,2.629,2.629,2.629,0.0
2019-03-29,2.628,2.628,2.628,2.628,0.0
2019-04-01,2.627,2.627,2.627,2.627,0.0
2019-04-02,2.634,2.634,2.634,2.634,0.0
2019-04-03,2.636,2.636,2.636,2.636,0.0
2019-04-04,2.631,2.631,2.631,2.631,0.0
2019-04-05,2.627,2.627,2.627,2.627,0.0
2019-04-08,2.63,2.63,2.63,2.63,0.0
2019-04-09,2.637,2.637,2.637,2.637,0.0
2019-04-10,2.625,2.625,2.625,2.625,0.0
2019-04-11,2.623,2.623,2.623,2.623,0.0
2019-04-12,2.623,2.623,2.623,2.623,0.0
2019-04-15,2.623,2.623,2.623,2.623,0.0
2019-04-16,2.624,2.624,2.624,2.624,0.0
2019-04-17,2.614,2.614,2.614,2.614,0.0
2019-04-18,2.599,2.599,2.599,2.599,0.0
2019-04-22,2.587,2.587,2.587,2.587,0.0
2019-04-23,2.582,2.582,2.582,2.582,0.0
2019-04-24,2.592,2.592,2.592,2.592,0.0
2019-04-25,2.602,2.602,2.602,2.602,0.0
2019-04-26,2.599,2.599,2.599,2.599,0.0
2019-04-29,2.613,2.613,2.613,2.613,0.0
2019-04-30,2.618,2.618,2.618,2.618,0.0
2019-05-01,2.62,2.62,2.62,2.62,0.0
2019-05-02,2.617,2.617,2.617,2.617,0.0
2019-05-03,2.588,2.588,2.588,2.588,0.0
2019-05-06,2.591,2.591,2.591,2.591,0.0
2019-05-07,2.591,2.591,2.591,2.591,0.0
2019-05-08,2.585,2.585,2.585,2.585,0.0
2019-05-09,2.592,2.592,2.592,2.592,0.0
2019-05-10,2.583,2.583,2.583,2.583,0.0
2019-05-13,2.586,2.586,2.586,2.586,0.0
2019-05-14,2.597,2.597,2.597,2.597,0.0
2019-05-15,2.595,2.595,2.595,2.595,0.0
2019-05-16,2.597,2.597,2.597,2.597,0.0
2019-05-17,2.601,2.601,2.601,2.601,0.0
2019-05-20,2.606,2.606,2.606,2.606,0.0
2019-05-21,2.609,2.609,2.609,2.609,0.0
2019-05-22,2.627,2.627,2.595,2.595,32.0
2019-05-23,2.607,2.607,2.607,2.607,0.0
2019-05-24,2.617,2.617,2.617,2.617,0.0
2019-05-28,2.602,2.602,2.602,2.602,0.0
2019-05-29,2.585,2.585,2.585,2.585,0.0
2019-05-30,2.583,2.583,2.583,2.583,0.0
2019-05-31,2.581,2.581,2.581,2.581,0.0
2019-06-03,2.584,2.584,2.569,2.569,2.0
2019-06-04,2.575,2.575,2.575,2.575,0.0
2019-06-05,2.569,2.569,2.569,2.569,0.0
2019-06-06,2.584,2.584,2.584,2.584,0.0
2019-06-07,2.585,2.585,2.585,2.585,0.0
2019-06-10,2.579,2.579,2.579,2.579,0.0
2019-06-11,2.579,2.579,2.579,2.579,0.0
2019-06-12,2.57,2.57,2.57,2.57,0.0
2019-06-13,2.571,2.571,2.571,2.571,0.0
2019-06-14,2.576,2.576,2.576,2.576,0.0
2019-06-17,2.579,2.579,2.579,2.579,0.0
2019-06-18,2.562,2.562,2.562,2.562,0.0
2019-06-19,2.563,2.563,2.563,2.563,0.0
2019-06-20,2.567,2.567,2.567,2.567,0.0
2019-06-21,2.582,2.582,2.582,2.582,0.0
2019-06-24,2.582,2.582,2.582,2.582,0.0
2019-06-25,2.586,2.586,2.581,2.581,1.0
2019-06-26,2.573,2.573,2.573,2.573,0.0
2019-06-27,2.569,2.569,2.569,2.569,0.0
2019-06-28,2.544,2.544,2.544,2.544,0.0
2019-07-01,2.537,2.537,2.537,2.537,0.0
2019-07-02,2.533,2.533,2.533,2.533,0.0
2019-07-03,2.529,2.529,2.529,2.529,0.0
2019-07-05,2.541,2.541,2.541,2.541,0.0
2019-07-08,2.537,2.537,2.537,2.537,0.0
2019-07-09,2.548,2.548,2.548,2.548,0.0
2019-07-10,2.54,2.54,2.54,2.54,0.0
2019-07-11,2.548,2.548,2.548,2.548,0.0
2019-07-12,2.556,2.556,2.556,2.556,0.0
2019-07-15,2.561,2.561,2.561,2.561,0.0
2019-07-16,2.537,2.537,2.537,2.537,0.0
2019-07-17,2.534,2.534,2.534,2.534,0.0
2019-07-18,2.553,2.553,2.553,2.553,0.0
2019-07-19,2.546,2.546,2.546,2.546,0.0
2019-07-22,2.546,2.546,2.546,2.546,0.0
2019-07-23,2.545,2.545,2.545,2.545,0.0
2019-07-24,2.538,2.538,2.538,2.538,0.0
2019-07-25,2.539,2.539,2.539,2.539,0.0
2019-07-26,2.54,2.54,2.54,2.54,0.0
2019-07-29,2.529,2.529,2.529,2.529,0.0
2019-07-30,2.532,2.532,2.532,2.532,0.0
2019-07-31,2.538,2.538,2.538,2.538,0.0
2019-08-01,2.546,2.546,2.546,2.546,0.0
2019-08-02,2.533,2.533,2.533,2.533,0.0
2019-08-05,2.531,2.531,2.531,2.531,0.0
2019-08-06,2.532,2.532,2.532,2.532,0.0
2019-08-07,2.523,2.523,2.523,2.523,0.0
2019-08-08,2.517,2.517,2.517,2.517,0.0
2019-08-09,2.505,2.505,2.505,2.505,0.0
2019-08-12,2.479,2.479,2.479,2.479,0.0
2019-08-13,2.471,2.471,2.471,2.471,0.0
2019-08-14,2.445,2.445,2.445,2.445,0.0
2019-08-15,2.446,2.446,2.446,2.446,0.0
2019-08-16,2.418,2.418,2.418,2.418,0.0
2019-08-19,2.42,2.42,2.42,2.42,0.0
2019-08-20,2.417,2.417,2.417,2.417,0.0
2019-08-21,2.418,2.418,2.418,2.418,0.0
2019-08-22,2.407,2.407,2.407,2.407,0.0
2019-08-23,2.437,2.437,2.437,2.437,0.0
2019-08-26,2.449,2.449,2.449,2.449,0.0
2019-08-27,2.464,2.464,2.464,2.464,0.0
2019-08-28,2.483,2.483,2.483,2.483,0.0
2019-08-29,2.49,2.49,2.49,2.49,0.0
2019-08-30,2.452,2.452,2.452,2.452,0.0
2019-09-03,2.472,2.472,2.472,2.472,0.0
2019-09-04,2.447,2.447,2.447,2.447,0.0
2019-09-05,2.454,2.454,2.454,2.454,0.0
2019-09-06,2.441,2.441,2.441,2.441,0.0
2019-09-09,2.435,2.435,2.435,2.435,0.0
2019-09-10,2.439,2.439,2.439,2.439,0.0
2019-09-11,2.453,2.453,2.453,2.453,0.0
2019-09-12,2.458,2.458,2.458,2.458,0.0
2019-09-13,2.444,2.444,2.444,2.444,0.0
2019-09-16,2.451,2.451,2.451,2.451,0.0
2019-09-17,2.438,2.438,2.438,2.438,0.0
2019-09-18,2.451,2.451,2.451,2.451,0.0
2019-09-19,2.456,2.456,2.456,2.456,0.0
2019-09-20,2.467,2.467,2.467,2.467,0.0
2019-09-23,2.464,2.464,2.464,2.464,0.0
2019-09-24,2.456,2.456,2.456,2.456,0.0
2019-09-25,2.455,2.455,2.455,2.455,0.0
2019-09-26,2.456,2.456,2.456,2.456,0.0
2019-09-27,2.445,2.445,2.445,2.445,0.0
2019-09-30,2.455,2.455,2.455,2.455,0.0
2019-10-01,2.45,2.45,2.45,2.45,0.0
2019-10-02,2.46,2.46,2.46,2.46,0.0
2019-10-03,2.445,2.445,2.445,2.445,0.0
2019-10-04,2.435,2.435,2.435,2.435,0.0
2019-10-07,2.432,2.432,2.432,2.432,0.0
2019-10-08,2.408,2.408,2.408,2.408,0.0
2019-10-09,2.403,2.403,2.403,2.403,0.0
2019-10-10,2.404,2.404,2.404,2.404,0.0
2019-10-11,2.416,2.416,2.416,2.416,0.0
2019-10-14,2.428,2.428,2.428,2.428,0.0
2019-10-15,2.424,2.424,2.424,2.424,0.0
2019-10-16,2.426,2.426,2.426,2.426,0.0
2019-10-17,2.423,2.423,2.423,2.423,0.0
2019-10-18,2.418,2.418,2.418,2.418,0.0
2019-10-21,2.413,2.413,2.413,2.413,0.0
2019-10-22,2.417,2.417,2.417,2.417,0.0
2019-10-23,2.411,2.411,2.411,2.411,0.0
2019-10-24,2.415,2.415,2.415,2.415,0.0
2019-10-25,2.413,2.413,2.413,2.413,0.0
2019-10-28,2.422,2.422,2.422,2.422,0.0
2019-10-29,2.438,2.438,2.438,2.438,0.0
2019-10-30,2.449,2.449,2.449,2.449,0.0
2019-10-31,2.447,2.447,2.447,2.447,0.0
2019-11-01,2.456,2.456,2.456,2.456,0.0
2019-11-04,2.446,2.446,2.446,2.446,0.0
2019-11-05,2.442,2.442,2.442,2.442,0.0
2019-11-06,2.431,2.431,2.431,2.431,0.0
2019-11-07,2.418,2.418,2.418,2.418,0.0
2019-11-08,2.425,2.425,2.425,2.425,0.0
2019-11-11,2.422,2.422,2.422,2.422,0.0
2019-11-12,2.402,2.402,2.402,2.402,0.0
2019-11-13,2.39,2.39,2.39,2.39,0.0
2019-11-14,2.392,2.392,2.392,2.392,0.0
2019-11-15,2.39,2.39,2.39,2.39,0.0
2019-11-18,2.394,2.394,2.394,2.394,0.0
2019-11-19,2.39,2.39,2.39,2.39,0.0
2019-11-20,2.399,2.399,2.399,2.399,0.0
2019-11-21,2.406,2.406,2.406,2.406,0.0
2019-11-22,2.406,2.406,2.406,2.406,0.0
2019-11-25,2.393,2.393,2.393,2.393,0.0
2019-11-26,2.387,2.387,2.387,2.387,0.0
2019-11-27,2.391,2.391,2.391,2.391,0.0
2019-11-29,2.349,2.349,2.349,2.349,0.0
2019-12-02,2.395,2.395,2.375,2.375,22.0
2019-12-03,2.377,2.377,2.377,2.377,0.0
2019-12-04,2.376,2.376,2.376,2.376,0.0
2019-12-05,2.368,2.368,2.368,2.368,0.0
2019-12-06,2.345,2.345,2.345,2.345,0.0
2019-12-09,2.344,2.344,2.344,2.344,0.0
2019-12-10,2.353,2.353,2.353,2.353,0.0
2019-12-11,2.35,2.35,2.35,2.35,0.0
2019-12-12,2.355,2.355,2.355,2.355,0.0
2019-12-13,2.338,2.338,2.338,2.338,0.0
2019-12-16,2.347,2.347,2.347,2.347,0.0
2019-12-17,2.349,2.349,2.349,2.349,0.0
2019-12-18,2.326,2.326,2.326,2.326,0.0
2019-12-19,2.324,2.324,2.324,2.324,0.0
2019-12-20,2.315,2.315,2.315,2.315,0.0
2019-12-23,2.322,2.322,2.322,2.322,0.0
2019-12-24,2.32,2.32,2.32,2.32,0.0
2019-12-26,2.316,2.316,2.316,2.316,0.0
2019-12-27,2.314,2.314,2.314,2.314,0.0
2019-12-30,2.311,2.311,2.311,2.311,0.0
2019-12-31,2.32,2.32,2.32,2.32,0.0
2020-01-02,2.315,2.315,2.315,2.315,0.0
2020-01-03,2.315,2.315,2.315,2.315,0.0
2020-01-06,2.319,2.319,2.319,2.319,0.0
2020-01-07,2.326,2.326,2.326,2.326,0.0
2020-01-08,2.329,2.329,2.329,2.329,0.0
2020-01-09,2.337,2.337,2.337,2.337,0.0
2020-01-10,2.339,2.339,2.339,2.339,0.0
2020-01-13,2.339,2.339,2.339,2.339,5.0
2020-01-14,2.338,2.338,2.338,2.338,0.0
2020-01-15,2.337,2.337,2.337,2.337,0.0
2020-01-16,2.344,2.344,2.344,2.344,0.0
2020-01-17,2.349,2.349,2.349,2.349,0.0
2020-01-21,2.339,2.339,2.339,2.339,0.0
2020-01-22,2.328,2.328,2.328,2.328,0.0
2020-01-23,2.32,2.32,2.32,2.32,0.0
2020-01-24,2.31,2.31,2.31,2.31,0.0
2020-01-27,2.295,2.295,2.295,2.295,0.0
2020-01-28,2.307,2.307,2.307,2.307,0.0
2020-01-29,2.297,2.297,2.297,2.297,4.0
2020-01-30,2.297,2.297,2.297,2.297,0.0
2020-01-31,2.298,2.298,2.298,2.298,0.0
2020-02-03,2.293,2.293,2.293,2.293,0.0
2020-02-04,2.294,2.294,2.294,2.294,0.0
2020-02-05,2.284,2.284,2.284,2.284,0.0
2020-02-06,2.304,2.304,2.304,2.304,0.0
2020-02-07,2.322,2.322,2.322,2.322,0.0
2020-02-10,2.314,2.314,2.314,2.314,0.0
2020-02-11,2.32,2.32,2.32,2.32,0.0
2020-02-12,2.327,2.327,2.327,2.327,0.0
2020-02-13,2.317,2.317,2.317,2.317,0.0
2020-02-14,2.305,2.305,2.305,2.305,0.0
2020-02-18,2.291,2.291,2.291,2.291,0.0
2020-02-19,2.295,2.295,2.295,2.295,0.0
2020-02-20,2.29,2.29,2.29,2.29,0.0
2020-02-21,2.292,2.292,2.292,2.292,0.0
2020-02-24,2.287,2.287,2.287,2.287,0.0
2020-02-25,2.294,2.294,2.294,2.294,0.0
2020-02-26,2.308,2.308,2.308,2.308,0.0
2020-02-27,2.298,2.298,2.298,2.298,0.0
2020-02-28,2.298,2.298,2.298,2.298,0.0
2020-03-02,2.333,2.333,2.333,2.333,0.0
2020-03-03,2.33,2.33,2.33,2.33,0.0
2020-03-04,2.311,2.311,2.311,2.311,2.0
2020-03-05,2.298,2.298,2.291,2.291,2.0
2020-03-06,2.288,2.288,2.288,2.288,0.0
2020-03-09,2.32,2.32,2.32,2.32,0.0
2020-03-10,2.327,2.327,2.327,2.327,0.0
2020-03-11,2.322,2.322,2.289,2.289,1.0
2020-03-12,2.249,2.249,2.249,2.249,0.0
2020-03-13,2.246,2.246,2.246,2.246,0.0
2020-03-16,2.251,2.251,2.251,2.251,0.0
2020-03-17,2.266,2.266,2.266,2.266,0.0
2020-03-18,2.269,2.269,2.269,2.269,0.0
2020-03-19,2.282,2.282,2.282,2.282,0.0
2020-03-20,2.268,2.268,2.268,2.268,0.0
2020-03-23,2.263,2.263,2.263,2.263,0.0
2020-03-24,2.264,2.264,2.264,2.264,0.0
2020-03-25,2.259,2.259,2.259,2.259,0.0
2020-03-26,2.239,2.239,2.239,2.239,0.0
2020-03-27,2.273,2.273,2.273,2.273,0.0
2020-03-30,2.281,2.281,2.281,2.281,0.0
2020-03-31,2.283,2.283,2.283,2.283,0.0
2020-04-01,2.257,2.257,2.257,2.257,0.0
2020-04-02,2.243,2.243,2.243,2.243,25.0
2020-04-03,2.227,2.227,2.227,2.227,0.0
2020-04-06,2.26,2.26,2.243,2.243,5.0
2020-04-07,2.237,2.237,2.237,2.237,0.0
2020-04-08,2.254,2.254,2.254,2.254,0.0
2020-04-09,2.279,2.279,2.279,2.279,0.0
2020-04-13,2.29,2.307,2.29,2.307,5.0
2020-04-14,2.289,2.289,2.289,2.289,0.0
2020-04-15,2.265,2.265,2.265,2.265,0.0
2020-04-16,2.27,2.27,2.27,2.27,0.0
2020-04-17,2.286,2.286,2.286,2.286,0.0
2020-04-20,2.304,2.304,2.304,2.304,0.0
2020-04-21,2.299,2.299,2.299,2.299,27.0
2020-04-22,2.31,2.317,2.31,2.317,2.0
2020-04-23,2.293,2.293,2.293,2.293,0.0
2020-04-24,2.293,2.293,2.291,2.291,2.0
2020-04-27,2.317,2.317,2.317,2.317,0.0
2020-04-28,2.309,2.309,2.309,2.309,20.0
2020-04-29,2.31,2.31,2.31,2.31,0.0
2020-04-30,2.285,2.285,2.285,2.285,0.0
2020-05-01,2.265,2.268,2.265,2.268,5.0
2020-05-04,2.28,2.28,2.27,2.27,11.0
2020-05-05,2.255,2.255,2.255,2.255,0.0
2020-05-06,2.279,2.279,2.279,2.279,0.0
2020-05-07,2.271,2.271,2.271,2.271,0.0
2020-05-08,2.281,2.281,2.281,2.281,0.0
2020-05-11,2.266,2.266,2.266,2.266,0.0
2020-05-12,2.26,2.26,2.26,2.26,0.0
2020-05-13,2.26,2.26,2.26,2.26,0.0
2020-05-14,2.265,2.27,2.265,2.27,5.0
2020-05-15,2.275,2.275,2.275,2.275,0.0
2020-05-18,2.289,2.289,2.289,2.289,0.0
2020-05-19,2.286,2.286,2.286,2.286,0.0
2020-05-20,2.286,2.286,2.271,2.271,6.0
2020-05-21,2.271,2.271,2.262,2.262,5.0
2020-05-22,2.265,2.287,2.265,2.287,5.0
2020-05-26,2.269,2.269,2.269,2.269,0.0
2020-05-27,2.27,2.292,2.27,2.292,2.0
2020-05-28,2.284,2.284,2.284,2.284,0.0
2020-05-29,2.278,2.278,2.278,2.278,0.0
2020-06-01,2.278,2.278,2.264,2.264,4.0
2020-06-02,2.264,2.269,2.264,2.269,1.0
2020-06-03,2.256,2.256,2.256,2.256,0.0
2020-06-04,2.26,2.265,2.26,2.265,2.0
2020-06-05,2.259,2.259,2.259,2.259,1.0
2020-06-08,2.26,2.268,2.26,2.268,3.0
2020-06-09,2.276,2.276,2.276,2.276,0.0
2020-06-10,2.27,2.27,2.27,2.27,0.0
2020-06-11,2.26,2.265,2.26,2.265,4.0
2020-06-12,2.254,2.254,2.254,2.254,0.0
2020-06-15,2.252,2.256,2.252,2.256,2.0
2020-06-16,2.252,2.252,2.252,2.252,0.0
2020-06-17,2.241,2.241,2.241,2.241,0.0
2020-06-18,2.244,2.244,2.244,2.244,0.0
2020-06-19,2.234,2.234,2.234,2.234,0.0
2020-06-22,2.222,2.222,2.222,2.222,0.0
2020-06-23,2.222,2.222,2.212,2.212,4.0
2020-06-24,2.202,2.202,2.202,2.202,0.0
2020-06-25,2.208,2.208,2.208,2.208,0.0
2020-06-26,2.228,2.228,2.228,2.228,0.0
2020-06-29,2.226,2.226,2.226,2.226,2.0
2020-06-30,2.234,2.234,2.234,2.234,1.0
2020-07-01,2.245,2.245,2.245,2.245,0.0
2020-07-02,2.259,2.259,2.259,2.259,0.0
2020-07-06,2.255,2.255,2.255,2.255,0.0
2020-07-07,2.25,2.25,2.25,2.25,0.0
2020-07-08,2.264,2.264,2.264,2.264,0.0
2020-07-09,2.268,2.268,2.268,2.268,0.0
2020-07-10,2.264,2.264,2.264,2.264,0.0
2020-07-13,2.274,2.274,2.26,2.26,1.0
2020-07-14,2.268,2.268,2.268,2.268,0.0
2020-07-15,2.278,2.278,2.278,2.278,0.0
2020-07-16,2.28,2.28,2.28,2.28,0.0
2020-07-17,2.277,2.277,2.277,2.277,0.0
2020-07-20,2.268,2.268,2.268,2.268,0.0
2020-07-21,2.279,2.279,2.279,2.279,0.0
2020-07-22,2.288,2.288,2.288,2.288,0.0
2020-07-23,2.31,2.31,2.31,2.31,0.0
2020-07-24,2.305,2.322,2.305,2.322,5.0
2020-07-27,2.322,2.322,2.322,2.322,0.0
2020-07-28,2.337,2.337,2.337,2.337,0.0
2020-07-29,2.345,2.345,2.325,2.341,6.0
2020-07-30,2.321,2.325,2.321,2.325,5.0
2020-07-31,2.309,2.309,2.309,2.309,0.0
2020-08-03,2.3,2.3,2.3,2.3,5.0
2020-08-04,2.294,2.294,2.294,2.294,0.0
2020-08-05,2.298,2.298,2.298,2.298,0.0
2020-08-06,2.307,2.307,2.307,2.307,0.0
2020-08-07,2.32,2.32,2.308,2.308,1.0
2020-08-10,2.306,2.306,2.306,2.306,0.0
2020-08-11,2.3,2.3,2.3,2.3,12.0
2020-08-12,2.303,2.303,2.303,2.303,0.0
2020-08-13,2.314,2.314,2.314,2.314,0.0
2020-08-14,2.326,2.326,2.326,2.326,15.0
2020-08-17,2.334,2.334,2.334,2.334,0.0
2020-08-18,2.34,2.34,2.335,2.335,19.0
2020-08-19,2.333,2.333,2.333,2.333,0.0
2020-08-20,2.331,2.331,2.331,2.331,0.0
2020-08-21,2.317,2.317,2.317,2.317,0.0
2020-08-24,2.34,2.34,2.32,2.32,100.0
2020-08-25,2.323,2.323,2.323,2.323,0.0
2020-08-26,2.351,2.351,2.351,2.351,0.0
2020-08-27,2.342,2.342,2.342,2.342,0.0
2020-08-28,2.345,2.345,2.345,2.345,0.0
2020-08-31,2.343,2.343,2.328,2.328,206.0
2020-09-01,2.328,2.328,2.328,2.328,0.0
2020-09-02,2.335,2.335,2.335,2.335,0.0
2020-09-03,2.341,2.341,2.341,2.341,1.0
2020-09-04,2.347,2.347,2.347,2.347,0.0
2020-09-08,2.348,2.348,2.348,2.348,0.0
2020-09-09,2.344,2.344,2.344,2.344,0.0
2020-09-10,2.345,2.345,2.345,2.345,0.0
2020-09-11,2.339,2.339,2.339,2.339,0.0
2020-09-14,2.346,2.346,2.346,2.346,0.0
2020-09-15,2.353,2.353,2.353,2.353,0.0
2020-09-16,2.351,2.351,2.351,2.351,0.0
2020-09-17,2.35,2.354,2.35,2.354,1.0
2020-09-18,2.352,2.352,2.352,2.352,0.0
2020-09-21,2.344,2.344,2.344,2.344,0.0
2020-09-22,2.352,2.352,2.352,2.352,0.0
2020-09-23,2.354,2.354,2.354,2.354,0.0
2020-09-24,2.353,2.353,2.353,2.353,10.0
2020-09-25,2.343,2.343,2.343,2.343,0.0
2020-09-28,2.355,2.355,2.355,2.355,0.0
2020-09-29,2.324,2.324,2.324,2.324,0.0
2020-09-30,2.32,2.32,2.306,2.315,4.0
2020-10-01,2.31,2.313,2.31,2.313,2.0
2020-10-02,2.316,2.316,2.316,2.316,0.0
2020-10-05,2.298,2.298,2.298,2.298,0.0
2020-10-06,2.3,2.3,2.3,2.3,0.0
2020-10-07,2.306,2.306,2.306,2.306,0.0
2020-10-08,2.3,2.3,2.29,2.29,1.0
2020-10-09,2.309,2.309,2.293,2.293,9.0
2020-10-12,2.284,2.284,2.284,2.284,0.0
2020-10-13,2.307,2.307,2.307,2.307,0.0
2020-10-14,2.301,2.301,2.301,2.301,0.0
2020-10-15,2.322,2.322,2.322,2.322,2.0
2020-10-16,2.332,2.353,2.332,2.353,13.0
2020-10-19,2.392,2.392,2.392,2.392,0.0
2020-10-20,2.335,2.335,2.335,2.335,0.0
2020-10-21,2.34,2.35,2.34,2.349,17.0
2020-10-22,2.364,2.364,2.364,2.364,0.0
2020-10-23,2.355,2.355,2.355,2.355,0.0
2020-10-26,2.339,2.339,2.339,2.339,0.0
2020-10-27,2.335,2.34,2.335,2.34,2.0
2020-10-28,2.342,2.342,2.342,2.342,5.0
2020-10-29,2.365,2.365,2.357,2.357,2.0
2020-10-30,2.374,2.374,2.374,2.374,0.0
2020-11-02,2.358,2.358,2.358,2.358,0.0
2020-11-03,2.344,2.344,2.344,2.344,0.0
2020-11-04,2.332,2.332,2.332,2.332,0.0
2020-11-05,2.344,2.344,2.344,2.344,1.0
2020-11-06,2.345,2.345,2.345,2.345,0.0
2020-11-09,2.345,2.345,2.337,2.337,2.0
2020-11-10,2.347,2.347,2.347,2.347,0.0
2020-11-11,2.362,2.362,2.362,2.362,0.0
2020-11-12,2.352,2.352,2.352,2.352,0.0
2020-11-13,2.341,2.344,2.34,2.34,3.0
2020-11-16,2.33,2.344,2.33,2.344,2.0
2020-11-17,2.359,2.361,2.359,2.361,1.0
2020-11-18,2.374,2.374,2.374,2.374,35.0
2020-11-19,2.357,2.357,2.357,2.357,0.0
2020-11-20,2.35,2.35,2.35,2.35,0.0
2020-11-23,2.342,2.342,2.342,2.342,0.0
2020-11-24,2.344,2.344,2.344,2.344,0.0
2020-11-25,2.336,2.336,2.336,2.336,0.0
2020-11-27,2.332,2.332,2.332,2.332,0.0
2020-11-30,2.318,2.318,2.318,2.318,0.0
2020-12-01,2.333,2.333,2.333,2.333,0.0
2020-12-02,2.334,2.334,2.334,2.334,1.0
2020-12-03,2.298,2.298,2.298,2.298,75.0
2020-12-04,2.321,2.321,2.321,2.321,134.0
2020-12-07,2.298,2.298,2.298,2.298,0.0
2020-12-08,2.286,2.286,2.286,2.286,0.0
2020-12-09,2.303,2.303,2.303,2.303,7.0
2020-12-10,2.33,2.33,2.315,2.315,1.0
2020-12-11,2.32,2.32,2.32,2.32,3.0
2020-12-14,2.326,2.326,2.326,2.326,190.0
2020-12-15,2.313,2.313,2.313,2.313,0.0
2020-12-16,2.3,2.329,2.3,2.329,71.0
2020-12-17,2.34,2.34,2.332,2.332,1.0
2020-12-18,2.355,2.355,2.355,2.355,50.0
2020-12-21,2.337,2.337,2.337,2.337,6.0
2020-12-22,2.332,2.332,2.329,2.329,11.0
2020-12-23,2.314,2.314,2.314,2.314,0.0
2020-12-24,2.298,2.298,2.298,2.298,0.0
2020-12-28,2.297,2.297,2.262,2.262,55.0
2020-12-29,2.299,2.299,2.299,2.299,0.0
2020-12-30,2.289,2.289,2.289,2.289,0.0
2020-12-31,2.299,2.299,2.299,2.299,0.0
2021-01-04,2.306,2.306,2.306,2.306,7.0
2021-01-05,2.321,2.321,2.321,2.321,100.0
2021-01-06,2.341,2.341,2.341,2.341,0.0
2021-01-07,2.34,2.34,2.34,2.34,0.0
2021-01-08,2.335,2.335,2.335,2.335,0.0
2021-01-11,2.326,2.326,2.326,2.326,0.0
2021-01-12,2.355,2.355,2.355,2.355,0.0
2021-01-13,2.379,2.379,2.379,2.379,0.0
2021-01-14,2.371,2.371,2.371,2.371,0.0
2021-01-15,2.375,2.375,2.375,2.375,41.0
2021-01-19,2.357,2.357,2.357,2.357,0.0
2021-01-20,2.377,2.377,2.377,2.377,9.0
2021-01-21,2.377,2.385,2.377,2.385,1.0
2021-01-22,2.398,2.398,2.398,2.398,0.0
2021-01-25,2.387,2.396,2.387,2.396,1.0
2021-01-26,2.398,2.398,2.398,2.398,0.0
2021-01-27,2.403,2.403,2.403,2.403,0.0
2021-01-28,2.391,2.391,2.391,2.391,0.0
2021-01-29,2.386,2.386,2.386,2.386,0.0
2021-02-01,2.391,2.391,2.391,2.391,0.0
2021-02-02,2.367,2.367,2.367,2.367,100.0
2021-02-03,2.353,2.353,2.353,2.353,0.0
2021-02-04,2.368,2.368,2.355,2.355,4.0
2021-02-05,2.355,2.367,2.355,2.367,25.0
2021-02-08,2.387,2.387,2.387,2.387,1.0
2021-02-09,2.392,2.392,2.392,2.392,0.0
2021-02-10,2.393,2.393,2.393,2.393,0.0
2021-02-11,2.394,2.394,2.394,2.394,0.0
2021-02-12,2.387,2.387,2.387,2.387,3.0
2021-02-16,2.402,2.402,2.402,2.402,0.0
2021-02-17,2.391,2.391,2.391,2.391,0.0
2021-02-18,2.384,2.384,2.384,2.384,0.0
2021-02-19,2.4,2.4,2.382,2.382,4.0
2021-02-22,2.379,2.379,2.379,2.379,0.0
2021-02-23,2.36,2.368,2.36,2.368,43.0
2021-02-24,2.36,2.36,2.36,2.36,5.0
2021-02-25,2.345,2.348,2.345,2.348,4.0
2021-02-26,2.345,2.345,2.345,2.345,16.0
2021-03-01,2.354,2.354,2.354,2.354,96.0
2021-03-02,2.367,2.367,2.367,2.367,0.0
2021-03-03,2.353,2.353,2.353,2.353,1.0
2021-03-04,2.38,2.38,2.366,2.366,13.0
2021-03-05,2.37,2.37,2.367,2.367,24.0
2021-03-08,2.365,2.365,2.365,2.365,36.0
2021-03-09,2.387,2.387,2.373,2.373,7.0
2021-03-10,2.382,2.388,2.382,2.388,1.0
2021-03-11,2.388,2.395,2.388,2.395,12.0
2021-03-12,2.388,2.388,2.388,2.388,42.0
2021-03-15,2.4,2.4,2.369,2.369,3.0
2021-03-16,2.389,2.39,2.389,2.39,1.0
2021-03-17,2.363,2.371,2.363,2.371,2.0
2021-03-18,2.344,2.344,2.344,2.344,9.0
2021-03-19,2.353,2.353,2.353,2.353,0.0
2021-03-22,2.356,2.356,2.355,2.355,6.0
2021-03-23,2.364,2.364,2.364,2.364,0.0
2021-03-24,2.371,2.371,2.371,2.371,0.0
2021-03-25,2.39,2.39,2.371,2.371,17.0
2021-03-26,2.366,2.366,2.366,2.366,10.0
2021-03-29,2.378,2.378,2.378,2.378,4.0
2021-03-30,2.374,2.374,2.374,2.374,0.0
2021-03-31,2.39,2.39,2.39,2.39,1.0
2021-04-01,2.396,2.396,2.396,2.396,0.0
2021-04-05,2.39,2.39,2.375,2.375,3.0
2021-04-06,2.362,2.362,2.362,2.362,2.0
2021-04-07,2.369,2.369,2.369,2.369,6.0
2021-04-08,2.384,2.389,2.379,2.381,13.0
2021-04-09,2.387,2.387,2.387,2.387,70.0
2021-04-12,2.397,2.397,2.397,2.397,15.0
2021-04-13,2.405,2.405,2.403,2.403,2.0
2021-04-14,2.404,2.404,2.404,2.404,51.0
2021-04-15,2.41,2.41,2.41,2.41,26.0
2021-04-16,2.421,2.421,2.421,2.421,2.0
2021-04-19,2.414,2.414,2.414,2.414,34.0
2021-04-20,2.421,2.421,2.421,2.421,65.0
2021-04-21,2.421,2.421,2.414,2.414,60.0
2021-04-22,2.416,2.416,2.414,2.414,1.0
2021-04-23,2.422,2.422,2.422,2.422,0.0
2021-04-26,2.412,2.412,2.412,2.412,1.0
2021-04-27,2.417,2.417,2.417,2.417,0.0
2021-04-28,2.422,2.422,2.422,2.422,0.0
2021-04-29,2.422,2.422,2.419,2.419,1.0
2021-04-30,2.434,2.44,2.427,2.427,6.0
2021-05-03,2.428,2.44,2.425,2.426,20.0
2021-05-04,2.447,2.448,2.43,2.435,8.0
2021-05-05,2.435,2.437,2.424,2.437,6.0
2021-05-06,2.429,2.429,2.429,2.429,1.0
2021-05-07,2.436,2.436,2.436,2.436,8.0
2021-05-10,2.438,2.438,2.438,2.438,0.0
2021-05-11,2.44,2.44,2.435,2.435,1.0
2021-05-12,2.435,2.435,2.435,2.435,2.0
2021-05-13,2.435,2.435,2.434,2.434,54.0
2021-05-14,2.437,2.444,2.437,2.437,8.0
2021-05-17,2.439,2.439,2.439,2.439,30.0
2021-05-18,2.43,2.43,2.43,2.43,1.0
2021-05-19,2.429,2.429,2.429,2.429,0.0
2021-05-20,2.442,2.442,2.425,2.433,60.0
2021-05-21,2.438,2.438,2.431,2.431,3.0
2021-05-24,2.439,2.439,2.439,2.439,0.0
2021-05-25,2.449,2.449,2.449,2.449,1.0
2021-05-26,2.455,2.455,2.455,2.455,3.0
2021-05-27,2.454,2.454,2.451,2.451,1.0
2021-05-28,2.457,2.46,2.457,2.46,1.0
2021-06-01,2.488,2.488,2.478,2.482,10.0
2021-06-02,2.485,2.485,2.485,2.485,1.0
2021-06-03,2.507,2.507,2.507,2.507,2.0
2021-06-04,2.516,2.546,2.516,2.542,159.0
2021-06-07,2.535,2.548,2.535,2.544,14.0
2021-06-08,2.558,2.558,2.546,2.552,15.0
2021-06-09,2.542,2.542,2.542,2.542,14.0
2021-06-10,2.541,2.541,2.541,2.541,2.0
2021-06-11,2.541,2.541,2.541,2.541,63.0
2021-06-14,2.556,2.556,2.556,2.556,47.0
2021-06-15,2.566,2.566,2.538,2.538,3.0
2021-06-16,2.549,2.549,2.547,2.547,5.0
2021-06-17,2.559,2.56,2.559,2.56,1.0
2021-06-18,2.555,2.555,2.555,2.555,2.0
2021-06-21,2.552,2.552,2.552,2.552,0.0
2021-06-22,2.571,2.571,2.56,2.566,10.0
2021-06-23,2.574,2.575,2.55,2.563,124.0
2021-06-24,2.575,2.575,2.575,2.575,6.0
2021-06-25,2.585,2.585,2.585,2.585,2.0
2021-06-28,2.596,2.62,2.596,2.604,383.0
2021-06-29,2.624,2.655,2.624,2.632,459.0
2021-06-30,2.653,2.659,2.619,2.631,91.0
2021-07-01,2.64,2.64,2.592,2.606,997.0
2021-07-02,2.611,2.612,2.595,2.595,2.0
2021-07-06,2.609,2.622,2.599,2.607,520.0
2021-07-07,2.616,2.616,2.616,2.616,15.0
2021-07-08,2.608,2.609,2.599,2.609,5.0
2021-07-09,2.617,2.617,2.617,2.617,0.0
2021-07-12,2.631,2.631,2.631,2.631,89.0
2021-07-13,2.633,2.633,2.62,2.628,42.0
2021-07-14,2.607,2.637,2.607,2.621,85.0
2021-07-15,2.623,2.623,2.601,2.614,68.0
2021-07-16,2.611,2.612,2.605,2.612,340.0
2021-07-19,2.624,2.624,2.605,2.621,11.0
2021-07-20,2.628,2.644,2.617,2.634,78.0
2021-07-21,2.647,2.665,2.645,2.658,145.0
2021-07-22,2.668,2.67,2.661,2.67,85.0
2021-07-23,2.66,2.677,2.66,2.677,146.0
2021-07-26,2.698,2.701,2.67,2.693,69.0
2021-07-27,2.702,2.703,2.685,2.685,10.0
2021-07-28,2.681,2.71,2.67,2.7,101.0
2021-07-29,2.705,2.74,2.705,2.736,165.0
2021-07-30,2.745,2.751,2.728,2.751,39.0
2021-08-02,2.779,2.805,2.779,2.8,82.0
2021-08-03,2.804,2.808,2.804,2.808,57.0
2021-08-04,2.815,2.815,2.815,2.815,101.0
2021-08-05,2.822,2.822,2.812,2.812,1505.0
2021-08-06,2.82,2.841,2.819,2.821,369.0
2021-08-09,2.83,2.835,2.816,2.822,57.0
2021-08-10,2.829,2.84,2.827,2.829,715.0
2021-08-11,2.827,2.847,2.805,2.846,157.0
2021-08-12,2.84,2.843,2.83,2.843,385.0
2021-08-13,2.809,2.809,2.799,2.803,41.0
2021-08-16,2.817,2.82,2.809,2.81,167.0
2021-08-17,2.829,2.829,2.797,2.816,24.0
2021-08-18,2.829,2.829,2.806,2.824,333.0
2021-08-19,2.803,2.808,2.794,2.804,59.0
2021-08-20,2.812,2.814,2.807,2.809,12.0
2021-08-23,2.811,2.814,2.797,2.811,95.0
2021-08-24,2.824,2.826,2.805,2.826,1.0
2021-08-25,2.826,2.833,2.814,2.833,2.0
2021-08-26,2.829,2.851,2.829,2.851,12.0
2021-08-27,2.846,2.846,2.846,2.846,18.0
2021-08-30,2.813,2.832,2.811,2.832,38.0
2021-08-31,2.84,2.842,2.818,2.828,57.0
2021-09-01,2.83,2.851,2.825,2.836,31.0
2021-09-02,2.845,2.87,2.834,2.87,110.0
2021-09-03,2.868,2.896,2.863,2.896,30.0
2021-09-07,2.884,2.901,2.868,2.901,57.0
2021-09-08,2.902,2.943,2.892,2.943,219.0
2021-09-09,2.953,3.0,2.953,3.0,339.0
2021-09-10,3.02,3.024,2.983,3.018,28.0
2021-09-13,3.04,3.066,3.032,3.038,96.0
2021-09-14,3.06,3.063,3.038,3.054,213.0
2021-09-15,3.05,3.068,3.015,3.02,237.0
2021-09-16,3.018,3.021,2.98,3.006,57.0
2021-09-17,3.007,3.009,2.957,2.963,91.0
2021-09-20,2.961,2.99,2.953,2.971,787.0
2021-09-21,2.989,3.013,2.964,2.997,75.0
2021-09-22,3.018,3.018,2.994,3.016,360.0
2021-09-23,3.022,3.078,3.01,3.059,135.0
2021-09-24,3.09,3.09,3.09,3.09,72.0
2021-09-27,3.143,3.159,3.134,3.159,64.0
2021-09-28,3.206,3.209,3.11,3.11,37.0
2021-09-29,3.121,3.142,3.094,3.101,175.0
2021-09-30,3.154,3.185,3.154,3.175,91.0
2021-10-01,3.166,3.201,3.152,3.173,64.0
2021-10-04,3.203,3.222,3.187,3.204,17.0
2021-10-05,3.211,3.247,3.211,3.234,138.0
2021-10-06,3.202,3.224,3.163,3.168,164.0
2021-10-07,3.154,3.22,3.101,3.17,384.0
2021-10-08,3.178,3.198,3.178,3.19,70.0
2021-10-11,3.161,3.214,3.16,3.207,44.0
2021-10-12,3.179,3.225,3.179,3.225,215.0
2021-10-13,3.216,3.3,3.216,3.262,319.0
2021-10-14,3.317,3.35,3.284,3.295,428.0
2021-10-15,3.287,3.305,3.269,3.294,324.0
2021-10-18,3.268,3.318,3.262,3.267,240.0
2021-10-19,3.255,3.288,3.248,3.269,162.0
2021-10-20,3.26,3.283,3.257,3.266,647.0
2021-10-21,3.262,3.292,3.262,3.291,42.0
2021-10-22,3.3,3.3,3.254,3.262,134.0
2021-10-25,3.314,3.335,3.293,3.335,97.0
2021-10-26,3.31,3.325,3.294,3.309,16.0
2021-10-27,3.4,3.4,3.285,3.297,270.0
2021-10-28,3.292,3.292,3.252,3.285,336.0
2021-10-29,3.269,3.273,3.234,3.244,376.0
2021-11-01,3.208,3.209,3.124,3.145,666.0
2021-11-02,3.15,3.177,3.142,3.176,512.0
2021-11-03,3.145,3.153,3.117,3.139,1005.0
2021-11-04,3.156,3.167,3.118,3.161,225.0
2021-11-05,3.15,3.162,3.137,3.15,347.0
2021-11-08,3.166,3.186,3.149,3.167,694.0
2021-11-09,3.148,3.18,3.102,3.18,213.0
2021-11-10,3.163,3.217,3.141,3.211,779.0
2021-11-11,3.254,3.265,3.239,3.261,1328.0
2021-11-12,3.237,3.247,3.203,3.242,1397.0
2021-11-15,3.25,3.263,3.223,3.249,92.0
2021-11-16,3.292,3.303,3.252,3.26,798.0
2021-11-17,3.258,3.288,3.232,3.245,907.0
2021-11-18,3.257,3.282,3.203,3.218,645.0
2021-11-19,3.232,3.232,3.182,3.208,750.0
2021-11-22,3.166,3.172,3.134,3.157,930.0
2021-11-23,3.18,3.188,3.168,3.188,256.0
2021-11-24,3.215,3.238,3.209,3.238,437.0
2021-11-26,3.252,3.29,3.249,3.29,1008.0
2021-11-29,3.23,3.263,3.213,3.251,467.0
2021-11-30,3.19,3.255,3.182,3.239,512.0
2021-12-01,3.218,3.225,3.187,3.199,385.0
2021-12-02,3.206,3.226,3.135,3.143,489.0
2021-12-03,3.167,3.185,3.146,3.164,439.0
2021-12-06,3.111,3.141,3.043,3.084,1297.0
2021-12-07,3.135,3.143,3.075,3.094,833.0
2021-12-08,3.129,3.173,3.085,3.098,398.0
2021-12-09,3.089,3.142,3.083,3.116,510.0
2021-12-10,3.115,3.148,3.115,3.133,1177.0
2021-12-13,3.164,3.203,3.107,3.113,774.0
2021-12-14,3.082,3.107,3.073,3.093,424.0
2021-12-15,3.129,3.156,3.119,3.119,534.0
2021-12-16,3.148,3.171,3.112,3.119,396.0
2021-12-17,3.131,3.144,3.079,3.091,286.0
2021-12-20,3.162,3.17,3.137,3.155,266.0
2021-12-21,3.155,3.156,3.109,3.143,453.0
2021-12-22,3.148,3.152,3.116,3.124,1397.0
2021-12-23,3.079,3.106,3.046,3.078,242.0
2021-12-27,3.122,3.139,3.075,3.124,837.0
2021-12-28,3.107,3.128,3.093,3.108,453.0
2021-12-29,3.178,3.178,3.107,3.118,156.0
2021-12-30,3.135,3.146,3.036,3.053,171.0
2021-12-31,3.089,3.115,3.077,3.078,879.0
2022-01-03,3.11,3.146,3.083,3.141,502.0
2022-01-04,3.145,3.174,3.123,3.137,704.0
2022-01-05,3.15,3.189,3.148,3.177,297.0
2022-01-06,3.17,3.192,3.159,3.17,308.0
2022-01-07,3.194,3.214,3.182,3.205,875.0
2022-01-10,3.249,3.301,3.214,3.235,728.0
2022-01-11,3.234,3.238,3.21,3.238,1491.0
2022-01-12,3.247,3.272,3.235,3.257,2793.0
2022-01-13,3.254,3.254,3.207,3.235,1121.0
2022-01-14,3.23,3.23,3.185,3.216,447.0
2022-01-18,3.236,3.254,3.188,3.193,516.0
2022-01-19,3.224,3.224,3.166,3.203,1129.0
2022-01-20,3.2,3.2,3.145,3.164,601.0
2022-01-21,3.167,3.188,3.155,3.177,364.0
2022-01-24,3.201,3.201,3.169,3.197,613.0
2022-01-25,3.18,3.225,3.171,3.222,769.0
2022-01-26,3.235,3.304,3.235,3.29,6081.0
2022-01-27,3.293,3.313,3.28,3.313,1265.0
2022-01-28,3.294,3.398,3.294,3.374,839.0
2022-01-31,3.39,3.429,3.373,3.392,1135.0
2022-02-01,3.38,3.39,3.345,3.358,783.0
2022-02-02,3.4,3.438,3.4,3.436,1475.0
2022-02-03,3.389,3.398,3.353,3.353,1811.0
2022-02-04,3.38,3.415,3.344,3.358,1429.0
2022-02-07,3.286,3.331,3.286,3.318,737.0
2022-02-08,3.33,3.365,3.311,3.354,969.0
2022-02-09,3.308,3.326,3.283,3.302,1381.0
2022-02-10,3.319,3.346,3.286,3.307,1723.0
2022-02-11,3.315,3.332,3.271,3.303,777.0
2022-02-14,3.329,3.357,3.287,3.357,971.0
2022-02-15,3.387,3.398,3.348,3.371,798.0
2022-02-16,3.391,3.467,3.372,3.463,1250.0
2022-02-17,3.466,3.469,3.427,3.456,882.0
2022-02-18,3.459,3.48,3.426,3.444,1347.0
2022-02-22,3.5,3.531,3.44,3.464,1320.0
2022-02-23,3.464,3.513,3.464,3.511,1039.0
2022-02-24,3.565,3.607,3.494,3.546,1426.0
2022-02-25,3.481,3.51,3.422,3.434,1176.0
2022-02-28,3.496,3.502,3.354,3.361,1518.0
2022-03-01,3.377,3.42,3.356,3.414,1700.0
2022-03-02,3.443,3.505,3.432,3.467,1792.0
2022-03-03,3.51,3.518,3.467,3.487,3554.0
2022-03-04,3.516,3.591,3.499,3.591,1665.0
2022-03-07,3.637,3.638,3.498,3.552,996.0
2022-03-08,3.501,3.543,3.471,3.542,3750.0
2022-03-09,3.566,3.566,3.498,3.53,1500.0
2022-03-10,3.544,3.555,3.513,3.542,1391.0
2022-03-11,3.525,3.563,3.525,3.56,1127.0
2022-03-14,3.522,3.562,3.516,3.555,735.0
2022-03-15,3.52,3.53,3.511,3.514,760.0
2022-03-16,3.562,3.567,3.546,3.555,1493.0
2022-03-17,3.55,3.594,3.55,3.589,2054.0
2022-03-18,3.544,3.599,3.544,3.592,721.0
2022-03-21,3.614,3.629,3.571,3.629,979.0
2022-03-22,3.656,3.712,3.62,3.712,2699.0
2022-03-23,3.728,3.764,3.697,3.753,977.0
2022-03-24,3.745,3.827,3.71,3.815,1273.0
2022-03-25,3.876,3.915,3.811,3.914,1479.0
2022-03-28,3.904,3.925,3.876,3.918,1362.0
2022-03-29,3.879,3.88,3.836,3.845,976.0
2022-03-30,3.86,3.897,3.86,3.891,1619.0
2022-03-31,3.883,4.0,3.857,3.937,1471.0
2022-04-01,3.944,4.006,3.887,3.995,2709.0
2022-04-04,4.026,4.068,4.026,4.06,5283.0
2022-04-05,4.135,4.18,4.127,4.168,4955.0
2022-04-06,4.231,4.286,4.212,4.242,2973.0
2022-04-07,4.25,4.386,4.245,4.386,5081.0
2022-04-08,4.44,4.453,4.393,4.452,2117.0
2022-04-11,4.509,4.609,4.462,4.542,2549.0
2022-04-12,4.65,4.65,4.468,4.576,2509.0
2022-04-13,4.576,4.639,4.576,4.617,1677.0
2022-04-14,4.647,4.729,4.627,4.698,1801.0
2022-04-18,4.737,4.873,4.72,4.832,2959.0
2022-04-19,4.831,4.831,4.584,4.728,2624.0
2022-04-20,4.695,4.728,4.428,4.474,2563.0
2022-04-21,4.434,4.462,4.192,4.309,3852.0
2022-04-22,4.268,4.268,4.045,4.06,2272.0
2022-04-25,4.003,4.254,3.96,4.12,2933.0
2022-04-26,4.17,4.292,4.17,4.258,2003.0
2022-04-27,4.301,4.41,4.251,4.341,2244.0
2022-04-28,4.318,4.358,4.241,4.256,1701.0
2022-04-29,4.275,4.466,4.215,4.432,3030.0
2022-05-02,4.505,4.703,4.415,4.672,2998.0
2022-05-03,4.741,4.84,4.632,4.707,4038.0
2022-05-04,4.623,4.89,4.623,4.834,3432.0
2022-05-05,4.806,4.913,4.786,4.91,3044.0
2022-05-06,4.962,4.989,4.714,4.783,3408.0
2022-05-09,4.717,4.862,4.426,4.455,5275.0
2022-05-10,4.504,4.598,4.254,4.539,2605.0
2022-05-11,4.595,4.634,4.521,4.591,1936.0
2022-05-12,4.53,4.668,4.45,4.586,2765.0
2022-05-13,4.65,4.693,4.556,4.604,4793.0
2022-05-16,4.661,4.728,4.62,4.675,2322.0
2022-05-17,4.708,4.796,4.693,4.783,2544.0
2022-05-18,4.826,4.865,4.782,4.839,2105.0
2022-05-19,4.777,4.85,4.703,4.816,3555.0
2022-05-20,4.769,4.857,4.705,4.778,3001.0
2022-05-23,4.839,4.917,4.771,4.901,3081.0
2022-05-24,4.93,4.985,4.889,4.984,3329.0
2022-05-25,4.982,5.135,4.976,5.022,2407.0
2022-05-26,5.052,5.113,4.917,5.021,3128.0
2022-05-27,5.003,5.067,4.887,5.034,1990.0
2022-05-31,5.08,5.106,4.929,4.972,4809.0
2022-06-01,5.008,5.241,4.98,5.214,3572.0
2022-06-02,5.215,5.335,5.148,5.237,4521.0
2022-06-03,5.233,5.352,5.133,5.343,2283.0
2022-06-06,5.42,5.648,5.42,5.627,4480.0
2022-06-07,5.567,5.748,5.567,5.737,3481.0
2022-06-08,5.755,5.976,5.656,5.768,5666.0
2022-06-09,5.7,5.962,5.512,5.942,7017.0
2022-06-10,5.949,6.001,5.86,5.983,3766.0
2022-06-13,5.953,5.99,5.629,5.928,4616.0
2022-06-14,5.93,5.977,5.343,5.604,8973.0
2022-06-15,5.655,5.707,5.581,5.598,2936.0
2022-06-16,5.709,5.75,5.37,5.377,4046.0
2022-06-17,5.413,5.442,4.91,4.954,4653.0
2022-06-21,4.862,4.872,4.771,4.807,9507.0
2022-06-22,4.827,4.883,4.779,4.836,2826.0
2022-06-23,4.825,4.852,4.705,4.78,3645.0
2022-06-24,4.753,4.787,4.576,4.632,1984.0
2022-06-27,4.593,4.695,4.503,4.673,3157.0
2022-06-28,4.667,4.756,4.637,4.65,2234.0
2022-06-29,4.714,4.761,4.615,4.698,2031.0
2022-06-30,4.652,4.712,4.276,4.322,5253.0
2022-07-01,4.383,4.434,4.306,4.319,2758.0
2022-07-05,4.367,4.386,4.185,4.223,3595.0
2022-07-06,4.263,4.307,4.126,4.256,3504.0
2022-07-07,4.302,4.635,4.302,4.52,2670.0
2022-07-08,4.551,4.558,4.407,4.466,2182.0
2022-07-11,4.56,4.676,4.511,4.543,3125.0
2022-07-12,4.58,4.606,4.377,4.469,3816.0
2022-07-13,4.54,4.667,4.512,4.647,2237.0
2022-07-14,4.653,4.776,4.588,4.612,2032.0
2022-07-15,4.675,4.778,4.581,4.748,1627.0
2022-07-18,4.807,4.92,4.775,4.861,2141.0
2022-07-19,4.845,4.886,4.744,4.775,2059.0
2022-07-20,4.781,4.982,4.769,4.975,3505.0
2022-07-21,4.924,5.022,4.842,4.879,2479.0
2022-07-22,4.822,5.016,4.803,4.942,5477.0
2022-07-25,4.966,5.116,4.905,5.107,3207.0
2022-07-26,5.139,5.313,5.035,5.072,3790.0
2022-07-27,5.064,5.131,4.937,4.968,4144.0
2022-07-28,5.006,5.075,4.837,4.867,3756.0
2022-07-29,4.856,4.913,4.764,4.83,3848.0
2022-08-01,4.751,4.885,4.728,4.857,4693.0
2022-08-02,4.847,4.847,4.656,4.676,3743.0
2022-08-03,4.666,4.874,4.642,4.853,5775.0
2022-08-04,4.841,4.896,4.75,4.823,5006.0
2022-08-05,4.836,4.91,4.776,4.829,2161.0
2022-08-08,4.786,4.805,4.675,4.729,2402.0
2022-08-09,4.769,4.805,4.747,4.789,1899.0
2022-08-10,4.794,4.916,4.738,4.901,1373.0
2022-08-11,4.936,5.166,4.907,5.131,2511.0
2022-08-12,5.088,5.214,5.017,5.098,1563.0
2022-08-15,5.127,5.312,5.075,5.268,1702.0
2022-08-16,5.274,5.566,5.274,5.492,2973.0
2022-08-17,5.529,5.604,5.424,5.463,1397.0
2022-08-18,5.481,5.556,5.424,5.529,2894.0
2022-08-19,5.436,5.544,5.389,5.508,1964.0
2022-08-22,5.447,5.729,5.447,5.602,2513.0
2022-08-23,5.683,5.735,5.43,5.562,2691.0
2022-08-24,5.585,5.67,5.531,5.596,2085.0
2022-08-25,5.618,5.682,5.584,5.675,2026.0
2022-08-26,5.718,5.756,5.659,5.718,1874.0
2022-08-29,5.75,5.86,5.617,5.816,4477.0
2022-08-30,5.775,5.847,5.718,5.783,2101.0
2022-08-31,5.81,5.863,5.713,5.798,2536.0
2022-09-01,5.793,5.865,5.742,5.854,3712.0
2022-09-02,5.857,5.867,5.669,5.786,3896.0
2022-09-06,5.883,5.883,5.427,5.599,3967.0
2022-09-07,5.445,5.474,5.233,5.278,4629.0
2022-09-08,5.27,5.337,5.243,5.297,5186.0
2022-09-09,5.42,5.565,5.298,5.366,3294.0
2022-09-12,5.443,5.457,5.344,5.437,2581.0
2022-09-13,5.455,5.542,5.421,5.485,1627.0
2022-09-14,5.53,5.849,5.515,5.823,4718.0
2022-09-15,5.83,5.83,5.545,5.698,4492.0
2022-09-16,5.674,5.68,5.436,5.46,4312.0
2022-09-19,5.425,5.489,5.3,5.402,3683.0
2022-09-20,5.375,5.448,5.228,5.259,2893.0
2022-09-21,5.26,5.346,5.154,5.183,3773.0
2022-09-22,5.138,5.242,4.971,4.981,5017.0
2022-09-23,5.069,5.069,4.843,4.977,4784.0
2022-09-26,4.851,5.029,4.851,4.933,3100.0
2022-09-27,4.963,4.975,4.869,4.877,4096.0
2022-09-28,4.934,4.938,4.78,4.844,4767.0
2022-09-29,4.87,4.87,4.741,4.792,2161.0
2022-09-30,4.83,4.888,4.813,4.848,3003.0
2022-10-03,4.821,4.846,4.731,4.805,4816.0
2022-10-04,4.798,4.9,4.744,4.87,3835.0
2022-10-05,4.876,4.981,4.845,4.96,4248.0
2022-10-06,4.969,4.994,4.896,4.929,3460.0
2022-10-07,4.875,4.954,4.875,4.95,3813.0
2022-10-10,4.951,5.05,4.927,5.005,4400.0
2022-10-11,4.988,5.109,4.975,5.109,5397.0
2022-10-12,5.096,5.154,5.055,5.076,3466.0
2022-10-13,5.1,5.147,5.002,5.142,5270.0
2022-10-14,5.127,5.152,5.062,5.07,2975.0
2022-10-17,5.038,5.045,4.902,5.023,3283.0
2022-10-18,4.994,5.037,4.848,4.866,4462.0
2022-10-19,4.86,4.867,4.616,4.681,4570.0
2022-10-20,4.677,4.704,4.581,4.646,5101.0
2022-10-21,4.581,4.593,4.444,4.494,4548.0
2022-10-24,4.485,4.623,4.432,4.602,3877.0
2022-10-25,4.644,4.848,4.592,4.762,5987.0
2022-10-26,4.82,4.888,4.638,4.777,4386.0
2022-10-27,4.771,4.78,4.593,4.697,6863.0
2022-10-28,4.681,4.72,4.604,4.63,3941.0
2022-10-31,4.689,4.829,4.689,4.795,6484.0
2022-11-01,4.758,4.769,4.621,4.659,7502.0
2022-11-02,4.659,4.821,4.657,4.817,7323.0
2022-11-03,4.756,4.816,4.71,4.794,3584.0
2022-11-04,4.789,5.111,4.779,5.025,6758.0
2022-11-07,5.28,5.289,4.993,5.15,8920.0
2022-11-08,5.102,5.102,4.797,4.805,7669.0
2022-11-09,4.869,4.883,4.578,4.727,8519.0
2022-11-10,4.733,4.937,4.733,4.929,5055.0
2022-11-11,4.898,4.994,4.727,4.787,6984.0
2022-11-14,4.861,4.932,4.757,4.784,7176.0
2022-11-15,4.86,4.86,4.683,4.833,7756.0
2022-11-16,4.802,4.871,4.7,4.858,7935.0
2022-11-17,4.857,4.912,4.817,4.883,7973.0
2022-11-18,4.88,4.896,4.768,4.875,4309.0
2022-11-21,4.837,4.995,4.799,4.995,6227.0
2022-11-22,4.953,5.116,4.852,5.057,4251.0
2022-11-23,5.124,5.37,5.112,5.258,6643.0
2022-11-25,5.246,5.311,5.178,5.231,4791.0
2022-11-28,5.211,5.251,5.087,5.212,7296.0
2022-11-29,5.235,5.343,5.168,5.286,6054.0
2022-11-30,5.306,5.373,5.18,5.256,7487.0
2022-12-01,5.285,5.38,5.232,5.276,8073.0
2022-12-02,5.275,5.275,4.936,4.991,9679.0
2022-12-05,4.816,4.839,4.665,4.694,13150.0
2022-12-06,4.702,4.702,4.526,4.595,9359.0
2022-12-07,4.6,4.767,4.561,4.736,7840.0
2022-12-08,4.791,4.937,4.75,4.873,7815.0
2022-12-09,4.875,5.018,4.81,4.972,10757.0
2022-12-12,5.099,5.282,5.063,5.121,9963.0
2022-12-13,5.132,5.404,5.093,5.375,13232.0
2022-12-14,5.406,5.406,5.133,5.189,9578.0
2022-12-15,5.17,5.404,5.152,5.339,11868.0
2022-12-16,5.276,5.307,5.03,5.224,10939.0
2022-12-19,5.111,5.111,4.966,5.002,11074.0
2022-12-20,4.991,4.994,4.648,4.689,13023.0
2022-12-21,4.726,4.782,4.643,4.659,9986.0
2022-12-22,4.726,4.777,4.288,4.3,9005.0
2022-12-23,4.376,4.384,4.146,4.27,7967.0
2022-12-27,4.305,4.407,4.206,4.295,5266.0
2022-12-28,4.145,4.254,4.034,4.125,7887.0
2022-12-29,4.141,4.15,3.997,4.053,4300.0
2022-12-30,4.095,4.112,4.0,4.047,8315.0
2023-01-03,3.978,3.986,3.7,3.714,10445.0
2023-01-04,3.757,3.863,3.687,3.844,12239.0
2023-01-05,3.833,3.846,3.544,3.559,12856.0
2023-01-06,3.59,3.599,3.416,3.519,13022.0
2023-01-09,3.596,3.783,3.57,3.694,18666.0
2023-01-10,3.624,3.66,3.416,3.46,21410.0
2023-01-11,3.435,3.554,3.304,3.502,16368.0
2023-01-12,3.476,3.68,3.469,3.517,15396.0
2023-01-13,3.51,3.518,3.37,3.378,16820.0
2023-01-17,3.45,3.565,3.406,3.421,15183.0
2023-01-18,3.473,3.485,3.28,3.3,13065.0
2023-01-19,3.329,3.363,3.267,3.336,13913.0
2023-01-20,3.314,3.393,3.219,3.259,9257.0
2023-01-23,3.376,3.429,3.212,3.404,12136.0
2023-01-24,3.399,3.462,3.26,3.288,11549.0
2023-01-25,3.257,3.29,3.127,3.172,10556.0
2023-01-26,3.142,3.157,2.975,3.121,18716.0
2023-01-27,3.093,3.175,3.044,3.128,11372.0
2023-01-30,3.031,3.06,2.947,2.999,14065.0
2023-01-31,3.007,3.105,2.939,3.04,19282.0
2023-02-01,3.085,3.14,2.885,2.893,26219.0
2023-02-02,2.946,2.98,2.843,2.863,19836.0
2023-02-03,2.874,2.913,2.767,2.829,21309.0
2023-02-06,2.841,2.884,2.796,2.863,20955.0
2023-02-07,2.878,3.025,2.833,3.003,22482.0
2023-02-08,3.004,3.071,2.812,2.84,18841.0
2023-02-09,2.867,2.92,2.812,2.852,19338.0
2023-02-10,2.88,3.024,2.835,2.966,18845.0
2023-02-13,3.006,3.034,2.862,2.883,21122.0
2023-02-14,2.91,3.014,2.9,2.981,21853.0
2023-02-15,2.995,2.995,2.88,2.896,18181.0
2023-02-16,2.897,2.965,2.799,2.831,17585.0
2023-02-17,2.835,2.849,2.664,2.682,27803.0
2023-02-21,2.631,2.7,2.502,2.513,32742.0
2023-02-22,2.536,2.728,2.465,2.641,31918.0
2023-02-23,2.639,2.831,2.597,2.781,20746.0
2023-02-24,2.812,2.916,2.773,2.896,17425.0
2023-02-27,2.989,3.035,2.894,3.024,21673.0
2023-02-28,3.01,3.072,2.888,3.036,28510.0
2023-03-01,3.056,3.155,2.976,3.126,30205.0
2023-03-02,3.123,3.186,3.05,3.092,21236.0
2023-03-03,3.105,3.336,3.098,3.323,27281.0
2023-03-06,3.148,3.148,2.891,2.928,29833.0
2023-03-07,2.976,3.07,2.872,3.06,24116.0
2023-03-08,3.047,3.07,2.915,2.95,23747.0
2023-03-09,2.987,3.027,2.85,2.922,26174.0
2023-03-10,2.865,2.922,2.794,2.799,24669.0
2023-03-13,2.804,2.987,2.75,2.967,30018.0
2023-03-14,2.984,3.026,2.888,2.918,24632.0
2023-03-15,2.918,2.932,2.729,2.759,28122.0
2023-03-16,2.799,2.866,2.738,2.837,21618.0
2023-03-17,2.848,2.848,2.655,2.662,26605.0
2023-03-20,2.667,2.726,2.55,2.556,22086.0
2023-03-21,2.566,2.729,2.473,2.721,36850.0
2023-03-22,2.699,2.702,2.531,2.547,30313.0
2023-03-23,2.589,2.618,2.506,2.528,21800.0
2023-03-24,2.514,2.616,2.501,2.598,21521.0
2023-03-27,2.544,2.544,2.43,2.458,27143.0
2023-03-28,2.46,2.499,2.382,2.386,30721.0
2023-03-29,2.4,2.48,2.337,2.448,42053.0
2023-03-30,2.455,2.455,2.336,2.358,37264.0
2023-03-31,2.352,2.488,2.321,2.465,43800.0
2023-04-03,2.345,2.398,2.28,2.333,49006.0
2023-04-04,2.348,2.385,2.31,2.344,40300.0
2023-04-05,2.332,2.421,2.3,2.381,35428.0
2023-04-06,2.375,2.4,2.22,2.238,51988.0
2023-04-10,2.24,2.419,2.24,2.361,91606.0
2023-04-11,2.372,2.42,2.306,2.351,92122.0
2023-04-12,2.373,2.384,2.241,2.267,113785.0
2023-04-13,2.257,2.302,2.184,2.197,94264.0
2023-04-14,2.209,2.316,2.143,2.305,96780.0
2023-04-17,2.326,2.458,2.326,2.444,103177.0
2023-04-18,2.446,2.533,2.396,2.517,76036.0
2023-04-19,2.526,2.543,2.356,2.395,97933.0
2023-04-20,2.361,2.436,2.316,2.427,91506.0
2023-04-21,2.374,2.448,2.35,2.408,84066.0
2023-04-24,2.395,2.484,2.364,2.471,117955.0
2023-04-25,2.466,2.468,2.368,2.437,135036.0
2023-04-26,2.385,2.413,2.274,2.305,149625.0
2023-04-27,2.314,2.376,2.268,2.355,105218.0
2023-04-28,2.358,2.546,2.285,2.41,176420.0
2023-05-01,2.398,2.41,2.29,2.318,108993.0
2023-05-02,2.314,2.345,2.186,2.214,127225.0
2023-05-03,2.224,2.241,2.103,2.17,130327.0
2023-05-04,2.157,2.189,2.081,2.101,113278.0
2023-05-05,2.086,2.167,2.031,2.137,120689.0
2023-05-08,2.148,2.255,2.14,2.238,125345.0
2023-05-09,2.249,2.297,2.184,2.267,134534.0
2023-05-10,2.262,2.265,2.16,2.191,126485.0
2023-05-11,2.182,2.255,2.165,2.19,119033.0
2023-05-12,2.191,2.335,2.147,2.266,159351.0
2023-05-15,2.265,2.384,2.25,2.375,142753.0
2023-05-16,2.373,2.47,2.341,2.376,135427.0
2023-05-17,2.362,2.435,2.322,2.365,139262.0
2023-05-18,2.38,2.634,2.352,2.592,186293.0
2023-05-19,2.615,2.685,2.557,2.585,162128.0
2023-05-22,2.568,2.569,2.367,2.4,114478.0
2023-05-23,2.4,2.407,2.318,2.321,58742.0
2023-05-24,2.347,2.415,2.317,2.398,33040.0
2023-05-25,2.413,2.441,2.258,2.307,48663.0
2023-05-26,2.292,2.298,2.143,2.181,2173.0
