DATETIME,OPEN,HIGH,LOW,FINAL,VOLUME
2009-09-29,7.674,7.674,7.674,7.674,0.0
2009-09-30,7.656,7.656,7.656,7.656,0.0
2009-10-01,7.68,7.68,7.68,7.68,0.0
2009-10-02,7.758,7.758,7.758,7.758,0.0
2009-10-05,7.712,7.712,7.712,7.712,0.0
2009-10-06,7.669,7.669,7.669,7.669,0.0
2009-10-07,7.727,7.727,7.727,7.727,0.0
2009-10-08,7.759,7.759,7.759,7.759,0.0
2009-10-09,7.709,7.709,7.709,7.709,0.0
2009-10-12,7.809,7.809,7.809,7.809,0.0
2009-10-13,7.733,7.733,7.733,7.733,0.0
2009-10-14,7.772,7.772,7.772,7.772,0.0
2009-10-15,7.837,7.837,7.837,7.837,0.0
2009-10-16,7.97,7.97,7.97,7.97,0.0
2009-10-19,8.002,8.002,8.002,8.002,0.0
2009-10-20,7.991,7.991,7.991,7.991,0.0
2009-10-21,7.937,7.937,7.937,7.937,0.0
2009-10-22,7.889,7.889,7.889,7.889,0.0
2009-10-23,7.88,7.88,7.88,7.88,0.0
2009-10-26,7.776,7.776,7.776,7.776,0.0
2009-10-27,7.811,7.811,7.811,7.811,0.0
2009-10-28,8.007,8.007,8.007,8.007,0.0
2009-10-29,8.024,8.024,8.024,8.024,0.0
2009-10-30,8.063,8.063,8.063,8.063,0.0
2009-11-02,8.008,8.008,8.008,8.008,0.0
2009-11-03,8.053,8.053,8.053,8.053,0.0
2009-11-04,7.999,7.999,7.999,7.999,0.0
2009-11-05,8.045,8.045,8.045,8.045,0.0
2009-11-06,7.974,7.974,7.974,7.974,0.0
2009-11-09,8.009,8.009,8.009,8.009,0.0
2009-11-10,7.917,7.917,7.917,7.917,0.0
2009-11-11,7.883,7.883,7.883,7.883,0.0
2009-11-12,7.674,7.674,7.674,7.674,0.0
2009-11-13,7.566,7.566,7.566,7.566,0.0
2009-11-16,7.533,7.533,7.533,7.533,0.0
2009-11-17,7.525,7.525,7.525,7.525,0.0
2009-11-18,7.446,7.446,7.446,7.446,0.0
2009-11-19,7.5,7.5,7.5,7.5,0.0
2009-11-20,7.529,7.529,7.529,7.529,0.0
2009-11-23,7.61,7.61,7.61,7.61,0.0
2009-11-24,7.58,7.58,7.58,7.58,0.0
2009-11-25,7.828,7.828,7.828,7.828,0.0
2009-11-27,7.825,7.825,7.825,7.825,0.0
2009-11-30,7.739,7.739,7.739,7.739,0.0
2009-12-01,7.752,7.752,7.752,7.752,0.0
2009-12-02,7.801,7.801,7.801,7.801,0.0
2009-12-03,7.756,7.756,7.756,7.756,0.0
2009-12-04,7.85,7.85,7.85,7.85,0.0
2009-12-07,8.089,8.089,8.089,8.089,0.0
2009-12-08,7.99,7.99,7.99,7.99,0.0
2009-12-09,7.843,7.843,7.843,7.843,0.0
2009-12-10,7.882,7.882,7.882,7.882,0.0
2009-12-11,7.834,7.834,7.834,7.834,0.0
2009-12-14,7.907,7.907,7.907,7.907,0.0
2009-12-15,7.943,7.943,7.943,7.943,0.0
2009-12-16,7.938,7.938,7.938,7.938,0.0
2009-12-17,7.844,7.844,7.844,7.844,0.0
2009-12-18,7.763,7.763,7.763,7.763,0.0
2009-12-21,7.696,7.696,7.696,7.696,0.0
2009-12-22,7.697,7.697,7.697,7.697,0.0
2009-12-23,7.666,7.666,7.666,7.666,0.0
2009-12-24,7.65,7.65,7.65,7.65,0.0
2009-12-28,7.704,7.704,7.704,7.704,0.0
2009-12-29,7.643,7.643,7.643,7.643,0.0
2009-12-30,7.669,7.669,7.669,7.669,0.0
2009-12-31,7.69,7.69,7.69,7.69,0.0
2010-01-04,7.789,7.789,7.789,7.789,0.0
2010-01-05,7.713,7.713,7.713,7.713,0.0
2010-01-06,7.706,7.706,7.706,7.706,0.0
2010-01-07,7.62,7.62,7.62,7.62,0.0
2010-01-08,7.64,7.64,7.64,7.64,0.0
2010-01-11,7.626,7.626,7.626,7.626,0.0
2010-01-12,7.601,7.601,7.601,7.601,0.0
2010-01-13,7.612,7.612,7.612,7.612,0.0
2010-01-14,7.617,7.617,7.617,7.617,0.0
2010-01-15,7.623,7.623,7.623,7.623,0.0
2010-01-19,7.539,7.539,7.539,7.539,0.0
2010-01-20,7.567,7.567,7.567,7.567,0.0
2010-01-21,7.614,7.614,7.614,7.614,0.0
2010-01-22,7.65,7.65,7.65,7.65,0.0
2010-01-25,7.64,7.64,7.64,7.64,0.0
2010-01-26,7.636,7.636,7.636,7.636,0.0
2010-01-27,7.561,7.561,7.561,7.561,0.0
2010-01-28,7.545,7.545,7.545,7.545,0.0
2010-01-29,7.585,7.585,7.585,7.585,0.0
2010-02-01,7.66,7.66,7.66,7.66,0.0
2010-02-02,7.707,7.707,7.707,7.707,0.0
2010-02-03,7.681,7.681,7.681,7.681,0.0
2010-02-04,7.649,7.649,7.649,7.649,0.0
2010-02-05,7.661,7.661,7.661,7.661,0.0
2010-02-08,7.608,7.608,7.608,7.608,0.0
2010-02-09,7.577,7.577,7.577,7.577,0.0
2010-02-10,7.612,7.612,7.612,7.612,0.0
2010-02-11,7.607,7.607,7.607,7.607,0.0
2010-02-12,7.554,7.554,7.554,7.554,0.0
2010-02-16,7.49,7.49,7.49,7.49,0.0
2010-02-17,7.457,7.457,7.457,7.457,0.0
2010-02-18,7.422,7.422,7.422,7.422,0.0
2010-02-19,7.389,7.389,7.389,7.389,0.0
2010-02-22,7.405,7.405,7.405,7.405,0.0
2010-02-23,7.375,7.375,7.375,7.375,0.0
2010-02-24,7.366,7.366,7.366,7.366,0.0
2010-02-25,7.353,7.353,7.353,7.353,0.0
2010-02-26,7.355,7.355,7.355,7.355,0.0
2010-03-01,7.32,7.32,7.32,7.32,0.0
2010-03-02,7.302,7.302,7.302,7.302,0.0
2010-03-03,7.281,7.281,7.281,7.281,0.0
2010-03-04,7.171,7.171,7.171,7.171,0.0
2010-03-05,7.177,7.177,7.177,7.177,0.0
2010-03-08,7.188,7.188,7.188,7.188,0.0
2010-03-09,7.178,7.178,7.178,7.178,0.0
2010-03-10,7.215,7.215,7.215,7.215,0.0
2010-03-11,7.195,7.195,7.195,7.195,0.0
2010-03-12,7.296,7.296,7.296,7.296,0.0
2010-03-15,7.314,7.314,7.314,7.314,0.0
2010-03-16,7.378,7.378,7.378,7.378,0.0
2010-03-17,7.48,7.48,7.48,7.48,0.0
2010-03-18,7.546,7.546,7.546,7.546,0.0
2010-03-19,7.836,7.836,7.836,7.836,0.0
2010-03-22,7.807,7.807,7.807,7.807,0.0
2010-03-23,7.648,7.648,7.648,7.648,0.0
2010-03-24,7.549,7.549,7.549,7.549,0.0
2010-03-25,7.696,7.696,7.696,7.696,0.0
2010-03-26,7.608,7.608,7.608,7.608,0.0
2010-03-29,7.591,7.591,7.591,7.591,0.0
2010-03-30,7.681,7.681,7.681,7.681,0.0
2010-03-31,7.765,7.765,7.765,7.765,0.0
2010-04-01,7.806,7.806,7.806,7.806,0.0
2010-04-05,7.906,7.906,7.906,7.906,0.0
2010-04-06,7.79,7.79,7.79,7.79,0.0
2010-04-07,7.771,7.771,7.771,7.771,0.0
2010-04-08,7.716,7.716,7.716,7.716,0.0
2010-04-09,7.819,7.819,7.819,7.819,0.0
2010-04-12,7.778,7.778,7.778,7.778,0.0
2010-04-13,7.842,7.842,7.842,7.842,0.0
2010-04-14,7.882,7.882,7.882,7.882,0.0
2010-04-15,7.857,7.857,7.857,7.857,0.0
2010-04-16,7.828,7.828,7.828,7.828,0.0
2010-04-19,7.825,7.825,7.825,7.825,0.0
2010-04-20,7.904,7.904,7.904,7.904,0.0
2010-04-21,7.94,7.94,7.94,7.94,0.0
2010-04-22,8.021,8.021,8.021,8.021,0.0
2010-04-23,8.047,8.047,8.047,8.047,0.0
2010-04-26,8.024,8.024,8.024,8.024,0.0
2010-04-27,8.008,8.008,8.008,8.008,0.0
2010-04-28,8.014,8.014,8.014,8.014,0.0
2010-04-29,7.935,7.935,7.935,7.935,0.0
2010-04-30,7.919,7.919,7.919,7.919,0.0
2010-05-03,7.994,7.994,7.994,7.994,0.0
2010-05-04,8.068,8.068,8.068,8.068,0.0
2010-05-05,8.12,8.12,8.12,8.12,0.0
2010-05-06,8.112,8.112,8.112,8.112,0.0
2010-05-07,8.129,8.129,8.129,8.129,0.0
2010-05-10,8.159,8.159,8.159,8.159,0.0
2010-05-11,8.176,8.176,8.176,8.176,0.0
2010-05-12,8.216,8.216,8.216,8.216,0.0
2010-05-13,8.158,8.158,8.158,8.158,0.0
2010-05-14,8.051,8.051,8.051,8.051,0.0
2010-05-17,8.013,8.013,8.013,8.013,0.0
2010-05-18,7.948,7.948,7.948,7.948,0.0
2010-05-19,7.858,7.858,7.858,7.858,0.0
2010-05-20,7.823,7.823,7.823,7.823,0.0
2010-05-21,7.739,7.739,7.739,7.739,0.0
2010-05-24,7.713,7.713,7.713,7.713,0.0
2010-05-25,7.74,7.74,7.74,7.74,0.0
2010-05-26,7.71,7.71,7.71,7.71,0.0
2010-05-27,7.678,7.678,7.678,7.678,0.0
2010-05-28,7.643,7.643,7.643,7.643,0.0
2010-06-01,7.516,7.516,7.516,7.516,0.0
2010-06-02,7.53,7.53,7.53,7.53,0.0
2010-06-03,7.51,7.51,7.51,7.51,0.0
2010-06-04,7.444,7.444,7.444,7.444,0.0
2010-06-07,7.452,7.452,7.452,7.452,0.0
2010-06-08,7.412,7.412,7.412,7.412,0.0
2010-06-09,7.421,7.421,7.421,7.421,0.0
2010-06-10,7.488,7.488,7.488,7.488,0.0
2010-06-11,7.453,7.453,7.453,7.453,0.0
2010-06-14,7.36,7.36,7.36,7.36,0.0
2010-06-15,7.366,7.366,7.366,7.366,0.0
2010-06-16,7.489,7.489,7.489,7.489,0.0
2010-06-17,7.573,7.573,7.573,7.573,0.0
2010-06-18,7.652,7.652,7.652,7.652,0.0
2010-06-21,7.62,7.62,7.62,7.62,0.0
2010-06-22,7.637,7.637,7.637,7.637,0.0
2010-06-23,7.693,7.693,7.693,7.693,0.0
2010-06-24,7.703,7.703,7.703,7.703,0.0
2010-06-25,7.703,7.703,7.703,7.703,0.0
2010-06-28,7.611,7.611,7.611,7.611,0.0
2010-06-29,7.548,7.548,7.548,7.548,0.0
2010-06-30,7.529,7.529,7.529,7.529,0.0
2010-07-01,7.529,7.529,7.529,7.529,0.0
2010-07-02,7.453,7.453,7.453,7.453,0.0
2010-07-06,7.443,7.443,7.443,7.443,0.0
2010-07-07,7.559,7.559,7.559,7.559,0.0
2010-07-08,7.573,7.573,7.573,7.573,0.0
2010-07-09,7.596,7.596,7.596,7.596,0.0
2010-07-12,7.575,7.575,7.575,7.575,0.0
2010-07-13,7.51,7.51,7.51,7.51,0.0
2010-07-14,7.603,7.603,7.603,7.603,0.0
2010-07-15,7.665,7.665,7.665,7.665,0.0
2010-07-16,7.468,7.468,7.468,7.468,0.0
2010-07-19,7.453,7.453,7.453,7.453,0.0
2010-07-20,7.463,7.463,7.463,7.463,0.0
2010-07-21,7.461,7.461,7.461,7.461,0.0
2010-07-22,7.455,7.455,7.455,7.455,0.0
2010-07-23,7.376,7.376,7.376,7.376,0.0
2010-07-26,7.329,7.329,7.329,7.329,0.0
2010-07-27,7.086,7.086,7.086,7.086,0.0
2010-07-28,7.012,7.012,7.012,7.012,0.0
2010-07-29,6.804,6.804,6.804,6.804,0.0
2010-07-30,6.65,6.65,6.65,6.65,0.0
2010-08-02,6.706,6.706,6.706,6.706,0.0
2010-08-03,6.66,6.66,6.66,6.66,0.0
2010-08-04,6.678,6.678,6.678,6.678,0.0
2010-08-05,6.538,6.538,6.538,6.538,0.0
2010-08-06,6.409,6.409,6.409,6.409,0.0
2010-08-09,6.226,6.226,6.226,6.226,0.0
2010-08-10,6.058,6.058,6.058,6.058,0.0
2010-08-11,6.076,6.076,6.076,6.076,0.0
2010-08-12,6.085,6.085,6.085,6.085,0.0
2010-08-13,6.043,6.043,6.043,6.043,0.0
2010-08-16,5.905,5.905,5.905,5.905,0.0
2010-08-17,5.874,5.874,5.874,5.874,0.0
2010-08-18,5.992,5.992,5.992,5.992,0.0
2010-08-19,6.04,6.04,6.04,6.04,0.0
2010-08-20,6.149,6.149,6.149,6.149,0.0
2010-08-23,6.219,6.219,6.219,6.219,0.0
2010-08-24,6.229,6.229,6.229,6.229,0.0
2010-08-25,6.272,6.272,6.272,6.272,0.0
2010-08-26,6.406,6.406,6.406,6.406,0.0
2010-08-27,6.383,6.383,6.383,6.383,0.0
2010-08-30,6.344,6.344,6.344,6.344,0.0
2010-08-31,6.318,6.318,6.318,6.318,0.0
2010-09-01,6.272,6.272,6.272,6.272,0.0
2010-09-02,6.202,6.202,6.202,6.202,0.0
2010-09-03,6.24,6.24,6.24,6.24,0.0
2010-09-07,6.255,6.255,6.255,6.255,0.0
2010-09-08,6.287,6.287,6.287,6.287,0.0
2010-09-09,6.343,6.343,6.343,6.343,0.0
2010-09-10,6.383,6.383,6.383,6.383,0.0
2010-09-13,6.35,6.35,6.35,6.35,0.0
2010-09-14,6.297,6.297,6.297,6.297,0.0
2010-09-15,6.285,6.285,6.285,6.285,0.0
2010-09-16,6.12,6.12,6.12,6.12,0.0
2010-09-17,5.992,5.992,5.992,5.992,0.0
2010-09-20,5.934,5.934,5.934,5.934,0.0
2010-09-21,5.877,5.877,5.877,5.877,0.0
2010-09-22,5.887,5.887,5.887,5.887,0.0
2010-09-23,5.952,5.952,5.952,5.952,0.0
2010-09-24,5.945,5.945,5.945,5.945,0.0
2010-09-27,5.908,5.908,5.908,5.908,0.0
2010-09-28,5.966,5.966,5.966,5.966,0.0
2010-09-29,5.939,5.939,5.939,5.939,0.0
2010-09-30,5.922,5.922,5.922,5.922,0.0
2010-10-01,6.001,6.001,6.001,6.001,0.0
2010-10-04,6.132,6.132,6.132,6.132,0.0
2010-10-05,6.167,6.167,6.167,6.167,0.0
2010-10-06,6.212,6.212,6.212,6.212,0.0
2010-10-07,6.305,6.305,6.305,6.305,0.0
2010-10-08,6.32,6.32,6.32,6.32,0.0
2010-10-11,6.277,6.277,6.277,6.277,0.0
2010-10-12,6.25,6.25,6.25,6.25,0.0
2010-10-13,6.241,6.241,6.241,6.241,0.0
2010-10-14,6.269,6.269,6.269,6.269,0.0
2010-10-15,6.22,6.22,6.22,6.22,0.0
2010-10-18,6.216,6.216,6.216,6.216,0.0
2010-10-19,6.195,6.195,6.195,6.195,0.0
2010-10-20,6.186,6.186,6.186,6.186,0.0
2010-10-21,6.037,6.037,6.037,6.037,0.0
2010-10-22,5.966,5.966,5.966,5.966,0.0
2010-10-25,6.065,6.065,6.065,6.065,0.0
2010-10-26,6.31,6.31,6.31,6.31,0.0
2010-10-27,6.355,6.355,6.355,6.355,0.0
2010-10-28,6.085,6.085,6.085,6.085,0.0
2010-10-29,5.964,5.964,5.964,5.964,0.0
2010-11-01,6.029,6.029,6.029,6.029,0.0
2010-11-02,6.087,6.087,6.087,6.087,0.0
2010-11-03,6.061,6.061,6.061,6.061,0.0
2010-11-04,6.056,6.056,6.056,6.056,0.0
2010-11-05,6.063,6.063,6.063,6.063,0.0
2010-11-08,6.077,6.077,6.077,6.077,0.0
2010-11-09,6.072,6.072,6.072,6.072,0.0
2010-11-10,6.145,6.145,6.145,6.145,0.0
2010-11-11,6.215,6.215,6.215,6.215,0.0
2010-11-12,6.209,6.209,6.209,6.209,0.0
2010-11-15,6.28,6.28,6.28,6.28,0.0
2010-11-16,6.244,6.244,6.244,6.244,0.0
2010-11-17,6.241,6.241,6.241,6.241,0.0
2010-11-18,6.31,6.31,6.31,6.31,0.0
2010-11-19,6.33,6.33,6.33,6.33,0.0
2010-11-22,6.399,6.399,6.399,6.399,0.0
2010-11-23,6.379,6.379,6.379,6.379,0.0
2010-11-24,6.327,6.327,6.327,6.327,0.0
2010-11-26,6.335,6.335,6.335,6.335,0.0
2010-11-29,6.31,6.31,6.31,6.31,0.0
2010-11-30,6.34,6.34,6.34,6.34,0.0
2010-12-01,6.334,6.334,6.334,6.334,0.0
2010-12-02,6.321,6.321,6.321,6.321,0.0
2010-12-03,6.321,6.321,6.321,6.321,0.0
2010-12-06,6.155,6.155,6.155,6.155,0.0
2010-12-07,6.14,6.14,6.14,6.14,0.0
2010-12-08,6.147,6.147,6.147,6.147,0.0
2010-12-09,6.026,6.026,6.026,6.026,0.0
2010-12-10,6.013,6.013,6.013,6.013,0.0
2010-12-13,6.053,6.053,6.053,6.053,0.0
2010-12-14,6.098,6.098,6.098,6.098,0.0
2010-12-15,6.259,6.259,6.259,6.259,0.0
2010-12-16,6.257,6.257,6.257,6.257,0.0
2010-12-17,6.314,6.314,6.314,6.314,0.0
2010-12-20,6.286,6.286,6.286,6.286,0.0
2010-12-21,6.262,6.262,6.262,6.262,0.0
2010-12-22,6.241,6.241,6.241,6.241,0.0
2010-12-23,6.254,6.254,6.254,6.254,0.0
2010-12-27,6.268,6.268,6.268,6.268,0.0
2010-12-28,6.27,6.27,6.27,6.27,0.0
2010-12-29,6.24,6.24,6.24,6.24,0.0
2010-12-30,6.19,6.19,6.19,6.19,0.0
2010-12-31,6.212,6.212,6.212,6.212,0.0
2011-01-03,6.146,6.146,6.146,6.146,0.0
2011-01-04,6.17,6.17,6.17,6.17,0.0
2011-01-05,6.251,6.251,6.251,6.251,0.0
2011-01-06,6.234,6.234,6.234,6.234,0.0
2011-01-07,6.263,6.263,6.263,6.263,0.0
2011-01-10,6.28,6.28,6.28,6.28,0.0
2011-01-11,6.316,6.316,6.316,6.316,0.0
2011-01-12,6.24,6.24,6.24,6.24,0.0
2011-01-13,6.267,6.267,6.267,6.267,0.0
2011-01-14,6.304,6.304,6.304,6.304,0.0
2011-01-18,6.313,6.313,6.313,6.313,0.0
2011-01-19,6.279,6.279,6.279,6.279,0.0
2011-01-20,6.265,6.265,6.265,6.265,0.0
2011-01-21,6.254,6.254,6.254,6.254,0.0
2011-01-24,6.247,6.247,6.247,6.247,0.0
2011-01-25,6.293,6.293,6.293,6.293,0.0
2011-01-26,6.321,6.321,6.321,6.321,0.0
2011-01-27,6.391,6.391,6.391,6.391,0.0
2011-01-28,6.302,6.302,6.302,6.302,0.0
2011-01-31,6.307,6.307,6.307,6.307,0.0
2011-02-01,6.327,6.327,6.327,6.327,0.0
2011-02-02,6.35,6.35,6.35,6.35,0.0
2011-02-03,6.369,6.369,6.369,6.369,0.0
2011-02-04,6.38,6.38,6.38,6.38,0.0
2011-02-07,6.392,6.392,6.392,6.392,0.0
2011-02-08,6.441,6.441,6.441,6.441,0.0
2011-02-09,6.436,6.436,6.436,6.436,0.0
2011-02-10,6.426,6.426,6.426,6.426,0.0
2011-02-11,6.416,6.416,6.416,6.416,0.0
2011-02-14,6.399,6.399,6.399,6.399,0.0
2011-02-15,6.457,6.457,6.457,6.457,0.0
2011-02-16,6.567,6.567,6.567,6.567,0.0
2011-02-17,6.597,6.597,6.597,6.597,0.0
2011-02-18,6.606,6.606,6.606,6.606,0.0
2011-02-22,6.641,6.641,6.641,6.641,0.0
2011-02-23,6.619,6.619,6.619,6.619,0.0
2011-02-24,6.594,6.594,6.594,6.594,0.0
2011-02-25,6.604,6.604,6.604,6.604,0.0
2011-02-28,6.626,6.626,6.626,6.626,0.0
2011-03-01,6.698,6.698,6.698,6.698,0.0
2011-03-02,6.706,6.706,6.706,6.706,0.0
2011-03-03,6.701,6.701,6.701,6.701,0.0
2011-03-04,6.816,6.816,6.816,6.816,0.0
2011-03-07,6.828,6.828,6.828,6.828,0.0
2011-03-08,6.822,6.822,6.822,6.822,0.0
2011-03-09,6.811,6.811,6.811,6.811,0.0
2011-03-10,6.818,6.818,6.818,6.818,0.0
2011-03-11,6.822,6.822,6.822,6.822,0.0
2011-03-14,6.879,6.879,6.879,6.879,0.0
2011-03-15,7.159,7.159,7.159,7.159,0.0
2011-03-16,7.164,7.164,7.164,7.164,0.0
2011-03-17,7.136,7.136,7.136,7.136,0.0
2011-03-18,7.08,7.08,7.08,7.08,0.0
2011-03-21,6.998,6.998,6.998,6.998,0.0
2011-03-22,7.039,7.039,7.039,7.039,0.0
2011-03-23,7.066,7.066,7.066,7.066,0.0
2011-03-24,7.06,7.06,7.06,7.06,0.0
2011-03-25,7.158,7.158,7.158,7.158,0.0
2011-03-28,7.144,7.144,7.144,7.144,0.0
2011-03-29,7.09,7.09,7.09,7.09,0.0
2011-03-30,7.123,7.123,7.123,7.123,0.0
2011-03-31,7.203,7.203,7.203,7.203,0.0
2011-04-01,7.3,7.3,7.3,7.3,0.0
2011-04-04,7.321,7.321,7.321,7.321,0.0
2011-04-05,7.217,7.217,7.217,7.217,0.0
2011-04-06,7.219,7.219,7.219,7.219,0.0
2011-04-07,7.251,7.251,7.251,7.251,0.0
2011-04-08,7.332,7.332,7.332,7.332,0.0
2011-04-11,7.357,7.357,7.357,7.357,0.0
2011-04-12,7.295,7.295,7.295,7.295,0.0
2011-04-13,7.257,7.257,7.257,7.257,0.0
2011-04-14,7.244,7.244,7.244,7.244,0.0
2011-04-15,7.269,7.269,7.269,7.269,0.0
2011-04-18,7.264,7.264,7.264,7.264,0.0
2011-04-19,7.221,7.221,7.221,7.221,0.0
2011-04-20,7.114,7.114,7.114,7.114,0.0
2011-04-21,7.046,7.046,7.046,7.046,0.0
2011-04-25,7.043,7.043,7.043,7.043,0.0
2011-04-26,7.072,7.072,7.072,7.072,0.0
2011-04-27,7.039,7.039,7.039,7.039,0.0
2011-04-28,7.0,7.041,7.0,7.041,10.0
2011-04-29,6.979,6.979,6.979,6.979,0.0
2011-05-02,7.001,7.001,7.001,7.001,0.0
2011-05-03,7.071,7.071,7.071,7.071,0.0
2011-05-04,7.1,7.1,7.1,7.1,0.0
2011-05-05,7.009,7.009,7.009,7.009,0.0
2011-05-06,6.935,6.935,6.935,6.935,0.0
2011-05-09,6.948,6.948,6.948,6.948,0.0
2011-05-10,7.024,7.024,7.024,7.024,0.0
2011-05-11,7.078,7.078,7.078,7.078,0.0
2011-05-12,7.087,7.087,7.087,7.087,0.0
2011-05-13,7.092,7.092,7.092,7.092,0.0
2011-05-16,7.087,7.087,7.087,7.087,0.0
2011-05-17,7.056,7.056,7.056,7.056,0.0
2011-05-18,7.07,7.07,7.07,7.07,0.0
2011-05-19,6.993,6.993,6.993,6.993,0.0
2011-05-20,7.04,7.04,7.04,7.04,0.0
2011-05-23,7.179,7.179,7.179,7.179,0.0
2011-05-24,7.102,7.102,7.102,7.102,0.0
2011-05-25,7.106,7.106,7.106,7.106,0.0
2011-05-26,7.076,7.076,7.076,7.076,0.0
2011-05-27,7.112,7.112,7.112,7.112,0.0
2011-05-31,6.997,6.997,6.997,6.997,0.0
2011-06-01,6.973,6.973,6.973,6.973,0.0
2011-06-02,6.851,6.851,6.851,6.851,0.0
2011-06-03,6.802,6.802,6.802,6.802,0.0
2011-06-06,6.746,6.746,6.746,6.746,0.0
2011-06-07,6.753,6.753,6.753,6.753,0.0
2011-06-08,6.769,6.769,6.769,6.769,0.0
2011-06-09,6.682,6.682,6.682,6.682,0.0
2011-06-10,6.7,6.7,6.7,6.7,0.0
2011-06-13,6.678,6.678,6.678,6.678,0.0
2011-06-14,6.792,6.792,6.792,6.792,0.0
2011-06-15,6.816,6.816,6.816,6.816,0.0
2011-06-16,6.813,6.813,6.813,6.813,0.0
2011-06-17,6.862,6.862,6.862,6.862,0.0
2011-06-20,6.86,6.86,6.86,6.86,0.0
2011-06-21,6.717,6.717,6.717,6.717,0.0
2011-06-22,6.73,6.73,6.73,6.73,0.0
2011-06-23,6.719,6.719,6.719,6.719,0.0
2011-06-24,6.742,6.742,6.742,6.742,0.0
2011-06-27,6.731,6.731,6.731,6.731,0.0
2011-06-28,6.732,6.732,6.732,6.732,0.0
2011-06-29,6.704,6.704,6.704,6.704,0.0
2011-06-30,6.701,6.701,6.701,6.701,0.0
2011-07-01,6.701,6.701,6.701,6.701,0.0
2011-07-05,6.643,6.643,6.643,6.643,0.0
2011-07-06,6.653,6.653,6.653,6.653,0.0
2011-07-07,6.681,6.681,6.681,6.681,0.0
2011-07-08,6.748,6.748,6.748,6.748,0.0
2011-07-11,6.788,6.788,6.788,6.788,0.0
2011-07-12,6.788,6.788,6.788,6.788,0.0
2011-07-13,6.765,6.765,6.765,6.765,0.0
2011-07-14,6.743,6.743,6.743,6.743,0.0
2011-07-15,6.745,6.745,6.745,6.745,0.0
2011-07-18,6.725,6.725,6.725,6.725,0.0
2011-07-19,6.617,6.617,6.617,6.617,0.0
2011-07-20,6.568,6.568,6.568,6.568,0.0
2011-07-21,6.599,6.599,6.599,6.599,0.0
2011-07-22,6.575,6.575,6.575,6.575,0.0
2011-07-25,6.56,6.56,6.56,6.56,0.0
2011-07-26,6.555,6.555,6.555,6.555,0.0
2011-07-27,6.568,6.568,6.568,6.568,0.0
2011-07-28,6.594,6.594,6.594,6.594,0.0
2011-07-29,6.585,6.585,6.585,6.585,0.0
2011-08-01,6.639,6.639,6.639,6.639,0.0
2011-08-02,6.572,6.572,6.572,6.572,0.0
2011-08-03,6.523,6.523,6.523,6.523,0.0
2011-08-04,6.395,6.395,6.395,6.395,0.0
2011-08-05,6.332,6.332,6.332,6.332,0.0
2011-08-08,6.303,6.303,6.303,6.303,0.0
2011-08-09,6.279,6.279,6.279,6.279,0.0
2011-08-10,6.251,6.251,6.251,6.251,0.0
2011-08-11,6.304,6.304,6.304,6.304,0.0
2011-08-12,6.317,6.317,6.317,6.317,0.0
2011-08-15,6.381,6.381,6.381,6.381,0.0
2011-08-16,6.468,6.468,6.468,6.468,0.0
2011-08-17,6.435,6.435,6.435,6.435,0.0
2011-08-18,6.425,6.425,6.425,6.425,0.0
2011-08-19,6.463,6.463,6.463,6.463,0.0
2011-08-22,6.437,6.437,6.437,6.437,0.0
2011-08-23,6.455,6.455,6.455,6.455,0.0
2011-08-24,6.316,6.316,6.316,6.316,0.0
2011-08-25,6.307,6.307,6.307,6.307,0.0
2011-08-26,6.304,6.304,6.304,6.304,0.0
2011-08-29,6.273,6.273,6.273,6.273,0.0
2011-08-30,6.289,6.289,6.289,6.289,0.0
2011-08-31,6.305,6.305,6.305,6.305,0.0
2011-09-01,6.366,6.366,6.366,6.366,0.0
2011-09-02,6.351,6.351,6.351,6.351,0.0
2011-09-06,6.354,6.354,6.354,6.354,0.0
2011-09-07,6.321,6.321,6.321,6.321,0.0
2011-09-08,6.311,6.311,6.311,6.311,0.0
2011-09-09,6.258,6.258,6.258,6.258,0.0
2011-09-12,6.231,6.231,6.231,6.231,0.0
2011-09-13,6.253,6.253,6.253,6.253,0.0
2011-09-14,6.211,6.211,6.211,6.211,0.0
2011-09-15,6.191,6.191,6.191,6.191,0.0
2011-09-16,6.21,6.21,6.21,6.21,0.0
2011-09-19,6.2,6.2,6.2,6.2,0.0
2011-09-20,6.242,6.242,6.242,6.242,0.0
2011-09-21,6.242,6.242,6.242,6.242,0.0
2011-09-22,6.11,6.11,6.11,6.11,0.0
2011-09-23,6.116,6.116,6.116,6.116,0.0
2011-09-26,6.163,6.163,6.163,6.163,0.0
2011-09-27,6.245,6.245,6.245,6.245,0.0
2011-09-28,6.251,6.251,6.251,6.251,0.0
2011-09-29,6.232,6.232,6.232,6.232,0.0
2011-09-30,6.219,6.219,6.219,6.219,0.0
2011-10-03,6.205,6.205,6.205,6.205,0.0
2011-10-04,6.146,6.146,6.146,6.146,0.0
2011-10-05,6.119,6.119,6.119,6.119,0.0
2011-10-06,6.064,6.064,6.064,6.064,0.0
2011-10-07,6.026,6.026,6.026,6.026,0.0
2011-10-10,6.015,6.015,6.015,6.015,0.0
2011-10-11,5.985,5.985,5.985,5.985,0.0
2011-10-12,5.974,5.974,5.974,5.974,0.0
2011-10-13,6.001,6.001,6.001,6.001,0.0
2011-10-14,6.063,6.063,6.063,6.063,0.0
2011-10-17,6.05,6.05,6.05,6.05,0.0
2011-10-18,6.027,6.027,6.027,6.027,0.0
2011-10-19,6.029,6.029,6.029,6.029,0.0
2011-10-20,6.035,6.035,6.035,6.035,0.0
2011-10-21,6.037,6.037,6.037,6.037,0.0
2011-10-24,6.034,6.034,6.034,6.034,0.0
2011-10-25,6.07,6.07,6.07,6.07,0.0
2011-10-26,6.112,6.112,6.112,6.112,0.0
2011-10-27,6.117,6.117,6.117,6.117,0.0
2011-10-28,6.225,6.225,6.225,6.225,0.0
2011-10-31,6.225,6.225,6.225,6.225,0.0
2011-11-01,6.155,6.155,6.155,6.155,0.0
2011-11-02,6.114,6.114,6.114,6.114,0.0
2011-11-03,6.192,6.192,6.192,6.192,0.0
2011-11-04,6.182,6.182,6.182,6.182,0.0
2011-11-07,6.16,6.16,6.16,6.16,0.0
2011-11-08,6.118,6.118,6.118,6.118,0.0
2011-11-09,6.095,6.095,6.095,6.095,0.0
2011-11-10,6.045,6.045,6.045,6.045,0.0
2011-11-11,5.975,5.975,5.975,5.975,0.0
2011-11-14,5.953,5.953,5.953,5.953,0.0
2011-11-15,5.963,5.963,5.963,5.963,0.0
2011-11-16,5.938,5.938,5.938,5.938,0.0
2011-11-17,5.89,5.89,5.89,5.89,0.0
2011-11-18,5.849,5.849,5.849,5.849,0.0
2011-11-21,5.859,5.859,5.859,5.859,0.0
2011-11-22,5.838,5.838,5.838,5.838,0.0
2011-11-23,5.81,5.81,5.81,5.81,0.0
2011-11-25,5.849,5.849,5.849,5.849,0.0
2011-11-28,5.8,5.8,5.8,5.8,0.0
2011-11-29,5.906,5.906,5.906,5.906,0.0
2011-11-30,5.891,5.891,5.891,5.891,0.0
2011-12-01,5.876,5.876,5.876,5.876,0.0
2011-12-02,5.877,5.877,5.877,5.877,0.0
2011-12-05,5.877,5.877,5.877,5.877,0.0
2011-12-06,5.846,5.846,5.846,5.846,0.0
2011-12-07,5.88,5.88,5.88,5.88,0.0
2011-12-08,5.85,5.85,5.85,5.85,0.0
2011-12-09,5.808,5.808,5.808,5.808,0.0
2011-12-12,5.77,5.77,5.77,5.77,0.0
2011-12-13,5.689,5.689,5.689,5.689,0.0
2011-12-14,5.668,5.668,5.668,5.668,0.0
2011-12-15,5.63,5.63,5.63,5.63,0.0
2011-12-16,5.655,5.655,5.655,5.655,0.0
2011-12-19,5.652,5.652,5.652,5.652,0.0
2011-12-20,5.661,5.661,5.661,5.661,0.0
2011-12-21,5.618,5.618,5.618,5.618,0.0
2011-12-22,5.633,5.633,5.633,5.633,0.0
2011-12-23,5.618,5.618,5.618,5.618,0.0
2011-12-27,5.618,5.618,5.618,5.618,0.0
2011-12-28,5.603,5.603,5.603,5.603,0.0
2011-12-29,5.603,5.603,5.603,5.603,0.0
2011-12-30,5.603,5.603,5.603,5.603,0.0
2012-01-03,5.602,5.602,5.602,5.602,0.0
2012-01-04,5.609,5.609,5.609,5.609,0.0
2012-01-05,5.635,5.635,5.635,5.635,0.0
2012-01-06,5.675,5.675,5.675,5.675,0.0
2012-01-09,5.656,5.656,5.656,5.656,0.0
2012-01-10,5.618,5.618,5.618,5.618,0.0
2012-01-11,5.648,5.648,5.648,5.648,0.0
2012-01-12,5.625,5.625,5.625,5.625,0.0
2012-01-13,5.621,5.621,5.621,5.621,0.0
2012-01-17,5.589,5.589,5.589,5.589,0.0
2012-01-18,5.5,5.5,5.5,5.5,0.0
2012-01-19,5.475,5.475,5.475,5.475,0.0
2012-01-20,5.316,5.316,5.316,5.316,0.0
2012-01-23,5.325,5.325,5.325,5.325,0.0
2012-01-24,5.361,5.361,5.361,5.361,0.0
2012-01-25,5.382,5.382,5.382,5.382,0.0
2012-01-26,5.31,5.31,5.31,5.31,0.0
2012-01-27,5.342,5.342,5.342,5.342,0.0
2012-01-30,5.317,5.317,5.317,5.317,0.0
2012-01-31,5.272,5.272,5.272,5.272,0.0
2012-02-01,5.239,5.239,5.239,5.239,0.0
2012-02-02,5.335,5.335,5.335,5.335,0.0
2012-02-03,5.364,5.364,5.364,5.364,0.0
2012-02-06,5.423,5.423,5.423,5.423,0.0
2012-02-07,5.331,5.331,5.331,5.331,0.0
2012-02-08,5.276,5.276,5.276,5.276,0.0
2012-02-09,5.173,5.173,5.173,5.173,0.0
2012-02-10,5.216,5.216,5.216,5.216,0.0
2012-02-13,5.216,5.216,5.216,5.216,0.0
2012-02-14,5.23,5.23,5.23,5.23,0.0
2012-02-15,5.23,5.23,5.23,5.23,0.0
2012-02-16,5.198,5.198,5.198,5.198,0.0
2012-02-17,5.218,5.218,5.218,5.218,0.0
2012-02-21,5.187,5.187,5.187,5.187,0.0
2012-02-22,5.263,5.263,5.263,5.263,0.0
2012-02-23,5.27,5.27,5.27,5.27,0.0
2012-02-24,5.237,5.237,5.237,5.237,0.0
2012-02-27,5.192,5.192,5.192,5.192,0.0
2012-02-28,5.165,5.165,5.165,5.165,0.0
2012-02-29,5.175,5.175,5.175,5.175,0.0
2012-03-01,5.13,5.13,5.13,5.13,0.0
2012-03-02,5.169,5.169,5.169,5.169,0.0
2012-03-05,5.096,5.096,5.096,5.096,0.0
2012-03-06,5.024,5.024,5.024,5.024,0.0
2012-03-07,4.979,4.979,4.979,4.979,0.0
2012-03-08,4.98,4.98,4.98,4.98,0.0
2012-03-09,5.087,5.087,5.087,5.087,0.0
2012-03-12,5.066,5.066,5.066,5.066,0.0
2012-03-13,5.115,5.115,5.115,5.115,0.0
2012-03-14,5.189,5.189,5.189,5.189,0.0
2012-03-15,5.189,5.189,5.189,5.189,0.0
2012-03-16,5.171,5.171,5.171,5.171,0.0
2012-03-19,5.187,5.187,5.187,5.187,0.0
2012-03-20,5.156,5.156,5.156,5.156,0.0
2012-03-21,5.146,5.146,5.146,5.146,10.0
2012-03-22,5.133,5.133,5.133,5.133,0.0
2012-03-23,5.153,5.153,5.153,5.153,0.0
2012-03-26,5.165,5.165,5.165,5.165,0.0
2012-03-27,5.155,5.155,5.155,5.155,0.0
2012-03-28,5.167,5.167,5.167,5.167,0.0
2012-03-29,5.124,5.124,5.124,5.124,0.0
2012-03-30,5.192,5.192,5.192,5.192,0.0
2012-04-02,5.192,5.192,5.192,5.192,0.0
2012-04-03,5.192,5.192,5.192,5.192,0.0
2012-04-04,5.185,5.185,5.185,5.185,0.0
2012-04-05,5.147,5.147,5.147,5.147,0.0
2012-04-09,5.167,5.167,5.167,5.167,0.0
2012-04-10,5.146,5.146,5.146,5.146,0.0
2012-04-11,5.1,5.1,5.1,5.1,0.0
2012-04-12,5.014,5.014,5.014,5.014,0.0
2012-04-13,5.002,5.002,5.002,5.002,0.0
2012-04-16,4.972,4.972,4.972,4.972,0.0
2012-04-17,4.911,4.911,4.911,4.911,0.0
2012-04-18,4.889,4.889,4.889,4.889,0.0
2012-04-19,4.859,4.859,4.859,4.859,0.0
2012-04-20,4.798,4.798,4.798,4.798,0.0
2012-04-23,4.757,4.757,4.757,4.757,0.0
2012-04-24,4.791,4.791,4.791,4.791,0.0
2012-04-25,4.69,4.69,4.69,4.69,0.0
2012-04-26,4.714,4.714,4.714,4.714,0.0
2012-04-27,4.748,4.748,4.748,4.748,0.0
2012-04-30,4.788,4.788,4.788,4.788,0.0
2012-05-01,4.9,4.9,4.79,4.79,2.0
2012-05-02,4.793,4.793,4.793,4.793,0.0
2012-05-03,4.8,4.8,4.8,4.8,0.0
2012-05-04,4.792,4.792,4.792,4.792,0.0
2012-05-07,4.802,4.802,4.802,4.802,0.0
2012-05-08,4.795,4.795,4.795,4.795,0.0
2012-05-09,4.824,4.824,4.824,4.824,0.0
2012-05-10,4.809,4.809,4.809,4.809,0.0
2012-05-11,4.789,4.789,4.789,4.789,0.0
2012-05-14,4.797,4.797,4.797,4.797,0.0
2012-05-15,4.834,4.834,4.834,4.834,0.0
2012-05-16,4.862,4.862,4.862,4.862,0.0
2012-05-17,4.851,4.851,4.851,4.851,0.0
2012-05-18,4.897,4.897,4.897,4.897,0.0
2012-05-21,4.85,4.85,4.837,4.837,2.0
2012-05-22,4.878,4.878,4.878,4.878,0.0
2012-05-23,4.862,4.862,4.862,4.862,0.0
2012-05-24,4.871,4.871,4.871,4.871,0.0
2012-05-25,4.916,4.916,4.916,4.916,0.0
2012-05-29,4.882,4.882,4.882,4.882,0.0
2012-05-30,4.84,4.84,4.84,4.84,0.0
2012-05-31,4.905,4.905,4.905,4.905,0.0
2012-06-01,4.865,4.865,4.865,4.865,0.0
2012-06-04,4.867,4.867,4.867,4.867,0.0
2012-06-05,4.809,4.809,4.809,4.809,0.0
2012-06-06,4.804,4.804,4.804,4.804,0.0
2012-06-07,4.783,4.783,4.783,4.783,0.0
2012-06-08,4.804,4.804,4.804,4.804,0.0
2012-06-11,4.767,4.767,4.767,4.767,0.0
2012-06-12,4.767,4.767,4.767,4.767,0.0
2012-06-13,4.766,4.766,4.766,4.766,0.0
2012-06-14,4.791,4.791,4.791,4.791,0.0
2012-06-15,4.707,4.707,4.707,4.707,0.0
2012-06-18,4.658,4.658,4.658,4.658,0.0
2012-06-19,4.693,4.693,4.693,4.693,0.0
2012-06-20,4.693,4.693,4.693,4.693,0.0
2012-06-21,4.668,4.668,4.668,4.668,0.0
2012-06-22,4.65,4.65,4.65,4.65,0.0
2012-06-25,4.677,4.677,4.677,4.677,0.0
2012-06-26,4.722,4.722,4.722,4.722,0.0
2012-06-27,4.74,4.74,4.74,4.74,0.0
2012-06-28,4.738,4.738,4.738,4.738,0.0
2012-06-29,4.731,4.731,4.731,4.731,0.0
2012-07-02,4.742,4.742,4.742,4.742,0.0
2012-07-03,4.783,4.783,4.783,4.783,0.0
2012-07-05,4.786,4.786,4.786,4.786,0.0
2012-07-06,4.738,4.738,4.738,4.738,0.0
2012-07-09,4.792,4.792,4.792,4.792,0.0
2012-07-10,4.785,4.785,4.785,4.785,0.0
2012-07-11,4.832,4.832,4.832,4.832,0.0
2012-07-12,4.821,4.821,4.821,4.821,0.0
2012-07-13,4.824,4.824,4.824,4.824,0.0
2012-07-16,4.775,4.775,4.775,4.775,0.0
2012-07-17,4.86,4.86,4.86,4.86,0.0
2012-07-18,4.92,4.92,4.92,4.92,0.0
2012-07-19,4.884,4.884,4.884,4.884,0.0
2012-07-20,4.906,4.906,4.906,4.906,0.0
2012-07-23,4.915,4.915,4.915,4.915,0.0
2012-07-24,4.952,4.952,4.952,4.952,0.0
2012-07-25,4.959,4.959,4.959,4.959,0.0
2012-07-26,5.002,5.002,5.002,5.002,0.0
2012-07-27,5.004,5.004,5.004,5.004,0.0
2012-07-30,5.072,5.072,5.072,5.072,0.0
2012-07-31,5.032,5.032,5.032,5.032,0.0
2012-08-01,4.997,4.997,4.997,4.997,0.0
2012-08-02,4.877,4.877,4.877,4.877,0.0
2012-08-03,4.849,4.849,4.849,4.849,0.0
2012-08-06,5.042,5.042,5.042,5.042,0.0
2012-08-07,5.026,5.026,5.026,5.026,0.0
2012-08-08,5.213,5.213,5.213,5.213,0.0
2012-08-09,5.113,5.113,5.113,5.113,0.0
2012-08-10,5.05,5.05,5.05,5.05,0.0
2012-08-13,5.023,5.023,5.023,5.023,0.0
2012-08-14,5.065,5.065,5.065,5.065,0.0
2012-08-15,5.141,5.141,5.141,5.141,0.0
2012-08-16,5.114,5.114,5.114,5.114,0.0
2012-08-17,5.112,5.112,5.112,5.112,0.0
2012-08-20,5.151,5.151,5.151,5.151,0.0
2012-08-21,5.126,5.126,5.126,5.126,0.0
2012-08-22,5.117,5.117,5.117,5.117,0.0
2012-08-23,5.1,5.1,5.1,5.1,0.0
2012-08-24,5.062,5.062,5.062,5.062,0.0
2012-08-27,5.037,5.037,5.037,5.037,0.0
2012-08-28,4.982,4.982,4.982,4.982,0.0
2012-08-29,5.003,5.003,5.003,5.003,0.0
2012-08-30,5.01,5.01,5.01,5.01,0.0
2012-08-31,4.999,4.999,4.999,4.999,0.0
2012-09-04,5.004,5.004,5.004,5.004,0.0
2012-09-05,4.994,4.994,4.994,4.994,0.0
2012-09-06,4.985,4.985,4.985,4.985,0.0
2012-09-07,4.94,4.94,4.94,4.94,0.0
2012-09-10,4.943,4.943,4.943,4.943,0.0
2012-09-11,4.983,4.983,4.983,4.983,0.0
2012-09-12,5.058,5.058,5.058,5.058,0.0
2012-09-13,5.058,5.058,5.058,5.058,0.0
2012-09-14,5.048,5.048,5.048,5.048,0.0
2012-09-17,5.029,5.029,5.029,5.029,0.0
2012-09-18,5.107,5.107,5.107,5.107,0.0
2012-09-19,5.107,5.107,5.107,5.107,0.0
2012-09-20,5.111,5.111,5.111,5.111,0.0
2012-09-21,5.17,5.17,5.17,5.17,0.0
2012-09-24,5.154,5.154,5.154,5.154,0.0
2012-09-25,5.176,5.176,5.176,5.176,0.0
2012-09-26,5.174,5.174,5.174,5.174,0.0
2012-09-27,5.198,5.198,5.198,5.198,0.0
2012-09-28,5.21,5.21,5.21,5.21,0.0
2012-10-01,5.234,5.234,5.234,5.234,0.0
2012-10-02,5.196,5.196,5.196,5.196,0.0
2012-10-03,5.174,5.174,5.174,5.174,0.0
2012-10-04,5.182,5.182,5.182,5.182,0.0
2012-10-05,5.232,5.232,5.232,5.232,0.0
2012-10-08,5.271,5.271,5.271,5.271,0.0
2012-10-09,5.277,5.277,5.277,5.277,0.0
2012-10-10,5.253,5.253,5.253,5.253,0.0
2012-10-11,5.281,5.281,5.281,5.281,0.0
2012-10-12,5.242,5.242,5.242,5.242,0.0
2012-10-15,5.208,5.208,5.208,5.208,0.0
2012-10-16,5.214,5.214,5.214,5.214,0.0
2012-10-17,5.262,5.262,5.262,5.262,0.0
2012-10-18,5.224,5.224,5.224,5.224,0.0
2012-10-19,5.222,5.222,5.222,5.222,0.0
2012-10-22,5.218,5.218,5.218,5.218,0.0
2012-10-23,5.253,5.253,5.253,5.253,0.0
2012-10-24,5.232,5.232,5.232,5.232,0.0
2012-10-25,5.262,5.262,5.262,5.262,0.0
2012-10-26,5.267,5.267,5.267,5.267,0.0
2012-10-29,5.336,5.336,5.336,5.336,0.0
2012-10-30,5.267,5.267,5.267,5.267,0.0
2012-10-31,5.269,5.269,5.269,5.269,0.0
2012-11-01,5.276,5.276,5.276,5.276,0.0
2012-11-02,5.175,5.175,5.175,5.175,0.0
2012-11-05,5.137,5.137,5.137,5.137,0.0
2012-11-06,5.186,5.186,5.186,5.186,0.0
2012-11-07,5.162,5.162,5.162,5.162,0.0
2012-11-08,5.205,5.205,5.205,5.205,0.0
2012-11-09,5.144,5.144,5.144,5.144,0.0
2012-11-12,5.194,5.194,5.194,5.194,0.0
2012-11-13,5.233,5.233,5.233,5.233,0.0
2012-11-14,5.2,5.2,5.2,5.2,0.0
2012-11-15,5.121,5.121,5.121,5.121,0.0
2012-11-16,5.119,5.119,5.119,5.119,0.0
2012-11-19,5.084,5.084,5.084,5.084,0.0
2012-11-20,5.125,5.125,5.125,5.125,0.0
2012-11-21,5.094,5.094,5.094,5.094,0.0
2012-11-23,5.081,5.081,5.081,5.081,0.0
2012-11-26,5.05,5.05,5.05,5.05,0.0
2012-11-27,5.085,5.085,5.085,5.085,0.0
2012-11-28,5.077,5.077,5.077,5.077,0.0
2012-11-29,5.001,5.001,5.001,5.001,0.0
2012-11-30,4.982,4.982,4.982,4.982,0.0
2012-12-03,5.016,5.016,5.016,5.016,0.0
2012-12-04,4.991,4.991,4.991,4.991,0.0
2012-12-05,5.036,5.036,5.036,5.036,0.0
2012-12-06,5.028,5.028,5.028,5.028,0.0
2012-12-07,5.005,5.005,5.005,5.005,0.0
2012-12-10,5.017,5.017,5.017,5.017,2.0
2012-12-11,4.99,4.99,4.99,4.99,0.0
2012-12-12,4.984,4.984,4.984,4.984,0.0
2012-12-13,4.991,4.991,4.991,4.991,0.0
2012-12-14,4.987,4.987,4.987,4.987,0.0
2012-12-17,5.032,5.032,5.032,5.032,0.0
2012-12-18,5.159,5.159,5.159,5.159,0.0
2012-12-19,5.129,5.129,5.129,5.129,0.0
2012-12-20,5.195,5.195,5.195,5.195,0.0
2012-12-21,5.177,5.177,5.177,5.177,0.0
2012-12-24,5.14,5.14,5.14,5.14,0.0
2012-12-26,5.16,5.16,5.16,5.16,0.0
2012-12-27,5.143,5.143,5.143,5.143,0.0
2012-12-28,5.138,5.138,5.138,5.138,0.0
2012-12-31,5.097,5.097,5.097,5.097,0.0
2013-01-02,5.061,5.061,5.061,5.061,0.0
2013-01-03,5.056,5.056,5.056,5.056,0.0
2013-01-04,5.109,5.109,5.109,5.109,0.0
2013-01-07,5.09,5.09,5.09,5.09,0.0
2013-01-08,5.068,5.068,5.068,5.068,0.0
2013-01-09,5.043,5.043,5.043,5.043,0.0
2013-01-10,5.06,5.06,5.06,5.06,0.0
2013-01-11,5.022,5.022,5.022,5.022,0.0
2013-01-14,5.009,5.009,5.009,5.009,0.0
2013-01-15,5.016,5.016,5.016,5.016,0.0
2013-01-16,5.016,5.016,5.016,5.016,0.0
2013-01-17,5.006,5.006,5.006,5.006,0.0
2013-01-18,5.037,5.037,5.037,5.037,0.0
2013-01-22,5.031,5.031,5.031,5.031,0.0
2013-01-23,5.066,5.066,5.066,5.066,0.0
2013-01-24,5.037,5.037,5.037,5.037,0.0
2013-01-25,5.057,5.057,5.057,5.057,0.0
2013-01-28,4.997,4.997,4.997,4.997,0.0
2013-01-29,4.968,4.968,4.968,4.968,0.0
2013-01-30,4.992,4.992,4.992,4.992,0.0
2013-01-31,4.983,4.983,4.983,4.983,0.0
2013-02-01,4.94,4.94,4.94,4.94,0.0
2013-02-04,4.96,4.96,4.96,4.96,0.0
2013-02-05,4.98,4.98,4.98,4.98,0.0
2013-02-06,4.975,4.975,4.975,4.975,0.0
2013-02-07,4.951,4.951,4.951,4.951,0.0
2013-02-08,4.996,4.996,4.996,4.996,0.0
2013-02-11,5.006,5.006,5.006,5.006,0.0
2013-02-12,5.016,5.016,5.016,5.016,0.0
2013-02-13,5.045,5.045,5.045,5.045,0.0
2013-02-14,5.026,5.026,5.026,5.026,0.0
2013-02-15,5.007,5.007,5.007,5.007,0.0
2013-02-19,5.05,5.05,5.05,5.05,0.0
2013-02-20,5.028,5.028,5.028,5.028,0.0
2013-02-21,5.001,5.001,5.001,5.001,0.0
2013-02-22,4.998,4.998,4.998,4.998,0.0
2013-02-25,4.999,4.999,4.999,4.999,0.0
2013-02-26,5.001,5.001,5.001,5.001,0.0
2013-02-27,4.994,4.994,4.994,4.994,0.0
2013-02-28,5.015,5.015,5.015,5.015,0.0
2013-03-01,5.028,5.028,5.028,5.028,0.0
2013-03-04,5.075,5.075,5.075,5.075,0.0
2013-03-05,5.063,5.063,5.063,5.063,0.0
2013-03-06,5.033,5.033,5.033,5.033,0.0
2013-03-07,5.065,5.065,5.065,5.065,0.0
2013-03-08,5.061,5.061,5.061,5.061,0.0
2013-03-11,5.054,5.054,5.054,5.054,0.0
2013-03-12,5.024,5.024,5.024,5.024,0.0
2013-03-13,5.032,5.032,5.032,5.032,0.0
2013-03-14,5.024,5.024,5.024,5.024,0.0
2013-03-15,5.027,5.027,5.027,5.027,0.0
2013-03-18,5.012,5.012,5.012,5.012,0.0
2013-03-19,5.037,5.037,5.037,5.037,0.0
2013-03-20,5.031,5.031,5.031,5.031,0.0
2013-03-21,4.968,4.968,4.968,4.968,0.0
2013-03-22,4.96,4.96,4.96,4.96,0.0
2013-03-25,4.926,4.926,4.926,4.926,0.0
2013-03-26,4.938,4.938,4.938,4.938,0.0
2013-03-27,4.873,4.873,4.873,4.873,0.0
2013-03-28,4.835,4.835,4.835,4.835,0.0
2013-04-01,4.824,4.824,4.824,4.824,0.0
2013-04-02,4.787,4.787,4.787,4.787,0.0
2013-04-03,4.817,4.817,4.817,4.817,0.0
2013-04-04,4.829,4.829,4.829,4.829,0.0
2013-04-05,4.806,4.806,4.806,4.806,0.0
2013-04-08,4.727,4.727,4.727,4.727,0.0
2013-04-09,4.582,4.582,4.582,4.582,0.0
2013-04-10,4.526,4.526,4.526,4.526,0.0
2013-04-11,4.605,4.605,4.605,4.605,0.0
2013-04-12,4.759,4.759,4.759,4.759,0.0
2013-04-15,4.77,4.77,4.77,4.77,0.0
2013-04-16,4.841,4.841,4.841,4.841,0.0
2013-04-17,4.845,4.845,4.845,4.845,0.0
2013-04-18,4.835,4.835,4.835,4.835,0.0
2013-04-19,4.835,4.835,4.835,4.835,0.0
2013-04-22,4.828,4.828,4.828,4.828,0.0
2013-04-23,4.816,4.816,4.816,4.816,0.0
2013-04-24,4.721,4.721,4.721,4.721,0.0
2013-04-25,4.722,4.722,4.722,4.722,0.0
2013-04-26,4.724,4.724,4.724,4.724,0.0
2013-04-29,4.737,4.737,4.737,4.737,0.0
2013-04-30,4.732,4.732,4.732,4.732,0.0
2013-05-01,4.717,4.717,4.717,4.717,0.0
2013-05-02,4.715,4.715,4.715,4.715,0.0
2013-05-03,4.768,4.768,4.768,4.768,0.0
2013-05-06,4.819,4.819,4.819,4.819,0.0
2013-05-07,4.818,4.818,4.818,4.818,0.0
2013-05-08,4.802,4.802,4.802,4.802,0.0
2013-05-09,4.764,4.764,4.764,4.764,0.0
2013-05-10,4.746,4.746,4.746,4.746,0.0
2013-05-13,4.756,4.756,4.756,4.756,0.0
2013-05-14,4.787,4.787,4.787,4.787,0.0
2013-05-15,4.769,4.769,4.769,4.769,0.0
2013-05-16,4.766,4.766,4.766,4.766,0.0
2013-05-17,4.923,4.923,4.923,4.923,0.0
2013-05-20,5.071,5.071,5.071,5.071,0.0
2013-05-21,5.133,5.133,5.133,5.133,0.0
2013-05-22,5.194,5.194,5.194,5.194,0.0
2013-05-23,5.182,5.182,5.182,5.182,0.0
2013-05-24,5.173,5.173,5.173,5.173,0.0
2013-05-28,5.162,5.162,5.162,5.162,0.0
2013-05-29,5.153,5.153,5.153,5.153,0.0
2013-05-30,5.113,5.113,5.113,5.113,0.0
2013-05-31,5.135,5.135,5.135,5.135,0.0
2013-06-03,5.15,5.15,5.15,5.15,0.0
2013-06-04,5.127,5.127,5.127,5.127,0.0
2013-06-05,5.099,5.099,5.099,5.099,0.0
2013-06-06,5.044,5.044,5.044,5.044,0.0
2013-06-07,5.064,5.064,5.064,5.064,0.0
2013-06-10,5.048,5.048,5.048,5.048,0.0
2013-06-11,4.973,4.973,4.973,4.973,0.0
2013-06-12,4.942,4.942,4.942,4.942,0.0
2013-06-13,4.946,4.946,4.946,4.946,0.0
2013-06-14,4.921,4.921,4.921,4.921,0.0
2013-06-17,4.957,4.957,4.957,4.957,0.0
2013-06-18,5.01,5.01,5.01,5.01,0.0
2013-06-19,4.977,4.977,4.977,4.977,0.0
2013-06-20,4.939,4.939,4.939,4.939,0.0
2013-06-21,4.993,4.993,4.993,4.993,0.0
2013-06-24,5.114,5.114,5.114,5.114,0.0
2013-06-25,5.171,5.171,5.171,5.171,0.0
2013-06-26,5.218,5.218,5.218,5.218,0.0
2013-06-27,5.157,5.157,5.157,5.157,0.0
2013-06-28,5.189,5.189,5.189,5.189,0.0
2013-07-01,5.124,5.124,5.124,5.124,0.0
2013-07-02,5.159,5.159,5.159,5.159,0.0
2013-07-03,5.181,5.181,5.181,5.181,0.0
2013-07-05,5.14,5.14,5.14,5.14,0.0
2013-07-08,5.187,5.187,5.187,5.187,0.0
2013-07-09,5.095,5.095,5.095,5.095,0.0
2013-07-10,5.081,5.081,5.081,5.081,0.0
2013-07-11,5.077,5.077,5.077,5.077,0.0
2013-07-12,5.077,5.077,5.077,5.077,0.0
2013-07-15,5.098,5.098,5.098,5.098,0.0
2013-07-16,5.097,5.097,5.097,5.097,0.0
2013-07-17,5.099,5.099,5.099,5.099,0.0
2013-07-18,5.052,5.052,5.052,5.052,0.0
2013-07-19,5.006,5.006,5.006,5.006,0.0
2013-07-22,4.982,4.982,4.982,4.982,0.0
2013-07-23,4.951,4.951,4.951,4.951,0.0
2013-07-24,4.97,4.97,4.97,4.97,0.0
2013-07-25,4.995,4.995,4.995,4.995,0.0
2013-07-26,4.955,4.955,4.955,4.955,0.0
2013-07-29,4.955,4.955,4.955,4.955,0.0
2013-07-30,4.922,4.922,4.922,4.922,0.0
2013-07-31,4.94,4.94,4.94,4.94,0.0
2013-08-01,4.93,4.93,4.93,4.93,0.0
2013-08-02,4.915,4.915,4.915,4.915,0.0
2013-08-05,4.918,4.918,4.918,4.918,0.0
2013-08-06,4.896,4.896,4.896,4.896,0.0
2013-08-07,4.908,4.908,4.908,4.908,0.0
2013-08-08,4.891,4.891,4.891,4.891,0.0
2013-08-09,4.861,4.861,4.861,4.861,0.0
2013-08-12,4.806,4.806,4.806,4.806,0.0
2013-08-13,4.763,4.763,4.763,4.763,0.0
2013-08-14,4.716,4.716,4.716,4.716,0.0
2013-08-15,4.744,4.744,4.744,4.744,0.0
2013-08-16,4.726,4.726,4.726,4.726,0.0
2013-08-19,4.737,4.737,4.737,4.737,0.0
2013-08-20,4.72,4.72,4.72,4.72,0.0
2013-08-21,4.684,4.684,4.684,4.684,0.0
2013-08-22,4.715,4.715,4.715,4.715,0.0
2013-08-23,4.685,4.685,4.685,4.685,0.0
2013-08-26,4.657,4.657,4.657,4.657,0.0
2013-08-27,4.625,4.625,4.625,4.625,0.0
2013-08-28,4.637,4.637,4.637,4.637,0.0
2013-08-29,4.647,4.647,4.647,4.647,0.0
2013-08-30,4.659,4.659,4.659,4.659,0.0
2013-09-03,4.668,4.668,4.668,4.668,0.0
2013-09-04,4.635,4.635,4.635,4.635,0.0
2013-09-05,4.611,4.611,4.611,4.611,0.0
2013-09-06,4.608,4.608,4.608,4.608,0.0
2013-09-09,4.603,4.603,4.603,4.603,0.0
2013-09-10,4.617,4.617,4.617,4.617,0.0
2013-09-11,4.604,4.604,4.604,4.604,0.0
2013-09-12,4.593,4.593,4.593,4.593,0.0
2013-09-13,4.613,4.613,4.613,4.613,0.0
2013-09-16,4.615,4.615,4.615,4.615,0.0
2013-09-17,4.59,4.59,4.59,4.59,0.0
2013-09-18,4.643,4.643,4.643,4.643,0.0
2013-09-19,4.672,4.672,4.672,4.672,0.0
2013-09-20,4.658,4.658,4.658,4.658,0.0
2013-09-23,4.619,4.619,4.619,4.619,0.0
2013-09-24,4.599,4.599,4.599,4.599,0.0
2013-09-25,4.586,4.586,4.586,4.586,0.0
2013-09-26,4.652,4.652,4.652,4.652,0.0
2013-09-27,4.672,4.672,4.672,4.672,0.0
2013-09-30,4.622,4.622,4.622,4.622,0.0
2013-10-01,4.642,4.642,4.642,4.642,0.0
2013-10-02,4.601,4.601,4.601,4.601,0.0
2013-10-03,4.602,4.602,4.602,4.602,0.0
2013-10-04,4.61,4.61,4.61,4.61,0.0
2013-10-07,4.627,4.627,4.627,4.627,0.0
2013-10-08,4.643,4.643,4.643,4.643,0.0
2013-10-09,4.631,4.631,4.631,4.631,0.0
2013-10-10,4.631,4.631,4.631,4.631,0.0
2013-10-11,4.586,4.586,4.586,4.586,0.0
2013-10-14,4.603,4.603,4.603,4.603,0.0
2013-10-15,4.561,4.561,4.561,4.561,0.0
2013-10-16,4.52,4.52,4.52,4.52,0.0
2013-10-17,4.558,4.558,4.558,4.558,0.0
2013-10-18,4.569,4.569,4.569,4.569,0.0
2013-10-21,4.565,4.565,4.565,4.565,0.0
2013-10-22,4.571,4.571,4.571,4.571,0.0
2013-10-23,4.577,4.577,4.577,4.577,0.0
2013-10-24,4.583,4.583,4.583,4.583,0.0
2013-10-25,4.614,4.614,4.614,4.614,0.0
2013-10-28,4.567,4.567,4.567,4.567,0.0
2013-10-29,4.558,4.558,4.558,4.558,0.0
2013-10-30,4.544,4.544,4.544,4.544,0.0
2013-10-31,4.493,4.493,4.493,4.493,0.0
2013-11-01,4.453,4.453,4.453,4.453,0.0
2013-11-04,4.41,4.41,4.41,4.41,0.0
2013-11-05,4.401,4.401,4.401,4.401,0.0
2013-11-06,4.413,4.413,4.413,4.413,0.0
2013-11-07,4.407,4.407,4.407,4.407,0.0
2013-11-08,4.393,4.393,4.393,4.393,0.0
2013-11-11,4.402,4.402,4.402,4.402,0.0
2013-11-12,4.38,4.38,4.38,4.38,0.0
2013-11-13,4.355,4.355,4.355,4.355,0.0
2013-11-14,4.352,4.352,4.352,4.352,0.0
2013-11-15,4.347,4.347,4.347,4.347,0.0
2013-11-18,4.351,4.351,4.351,4.351,0.0
2013-11-19,4.32,4.32,4.32,4.32,0.0
2013-11-20,4.352,4.352,4.352,4.352,0.0
2013-11-21,4.344,4.344,4.344,4.344,0.0
2013-11-22,4.346,4.346,4.346,4.346,0.0
2013-11-25,4.357,4.357,4.357,4.357,0.0
2013-11-26,4.349,4.349,4.349,4.349,0.0
2013-11-27,4.351,4.351,4.351,4.351,0.0
2013-11-29,4.348,4.348,4.348,4.348,0.0
2013-12-02,4.431,4.431,4.431,4.431,0.0
2013-12-03,4.484,4.484,4.484,4.484,0.0
2013-12-04,4.555,4.555,4.555,4.555,0.0
2013-12-05,4.534,4.534,4.534,4.534,0.0
2013-12-06,4.525,4.525,4.525,4.525,0.0
2013-12-09,4.461,4.461,4.461,4.461,0.0
2013-12-10,4.425,4.425,4.425,4.425,3.0
2013-12-11,4.389,4.389,4.389,4.389,0.0
2013-12-12,4.309,4.309,4.309,4.309,0.0
2013-12-13,4.311,4.311,4.311,4.311,0.0
2013-12-16,4.358,4.358,4.358,4.358,0.0
2013-12-17,4.325,4.325,4.325,4.325,0.0
2013-12-18,4.292,4.292,4.292,4.292,0.0
2013-12-19,4.313,4.313,4.313,4.313,0.0
2013-12-20,4.273,4.273,4.273,4.273,0.0
2013-12-23,4.258,4.258,4.258,4.258,0.0
2013-12-24,4.285,4.285,4.285,4.285,0.0
2013-12-26,4.282,4.282,4.282,4.282,0.0
2013-12-27,4.294,4.294,4.294,4.294,0.0
2013-12-30,4.284,4.284,4.284,4.284,0.0
2013-12-31,4.237,4.237,4.237,4.237,0.0
2014-01-02,4.252,4.252,4.252,4.252,0.0
2014-01-03,4.273,4.273,4.273,4.273,0.0
2014-01-06,4.279,4.279,4.279,4.279,0.0
2014-01-07,4.297,4.297,4.297,4.297,0.0
2014-01-08,4.282,4.282,4.282,4.282,0.0
2014-01-09,4.228,4.228,4.228,4.228,0.0
2014-01-10,4.27,4.27,4.27,4.27,0.0
2014-01-13,4.233,4.233,4.233,4.233,0.0
2014-01-14,4.23,4.23,4.23,4.23,0.0
2014-01-15,4.226,4.226,4.226,4.226,0.0
2014-01-16,4.221,4.221,4.221,4.221,0.0
2014-01-17,4.211,4.211,4.211,4.211,0.0
2014-01-21,4.259,4.259,4.259,4.259,0.0
2014-01-22,4.259,4.259,4.259,4.259,0.0
2014-01-23,4.253,4.253,4.253,4.253,0.0
2014-01-24,4.238,4.238,4.238,4.238,0.0
2014-01-27,4.292,4.292,4.292,4.292,0.0
2014-01-28,4.279,4.279,4.279,4.279,0.0
2014-01-29,4.274,4.274,4.274,4.274,0.0
2014-01-30,4.276,4.276,4.276,4.276,0.0
2014-01-31,4.278,4.278,4.278,4.278,0.0
2014-02-03,4.314,4.314,4.314,4.314,0.0
2014-02-04,4.3,4.3,4.3,4.3,0.0
2014-02-05,4.267,4.267,4.267,4.267,0.0
2014-02-06,4.212,4.212,4.212,4.212,0.0
2014-02-07,4.208,4.208,4.208,4.208,0.0
2014-02-10,4.18,4.18,4.18,4.18,0.0
2014-02-11,4.105,4.105,4.105,4.105,0.0
2014-02-12,4.091,4.091,4.091,4.091,0.0
2014-02-13,4.087,4.087,4.087,4.087,0.0
2014-02-14,4.11,4.11,4.11,4.11,0.0
2014-02-18,4.116,4.116,4.116,4.116,0.0
2014-02-19,4.143,4.143,4.143,4.143,0.0
2014-02-20,4.186,4.186,4.186,4.186,0.0
2014-02-21,4.208,4.208,4.208,4.208,0.0
2014-02-24,4.229,4.229,4.229,4.229,0.0
2014-02-25,4.238,4.238,4.238,4.238,0.0
2014-02-26,4.215,4.215,4.215,4.215,0.0
2014-02-27,4.162,4.162,4.162,4.162,0.0
2014-02-28,4.135,4.135,4.135,4.135,0.0
2014-03-03,4.133,4.133,4.133,4.133,0.0
2014-03-04,4.158,4.158,4.158,4.158,0.0
2014-03-05,4.178,4.178,4.178,4.178,0.0
2014-03-06,4.283,4.283,4.283,4.283,0.0
2014-03-07,4.245,4.245,4.245,4.245,0.0
2014-03-10,4.255,4.255,4.255,4.255,0.0
2014-03-11,4.256,4.256,4.256,4.256,0.0
2014-03-12,4.29,4.29,4.29,4.29,0.0
2014-03-13,4.325,4.325,4.325,4.325,0.0
2014-03-14,4.4,4.4,4.4,4.4,0.0
2014-03-17,4.382,4.382,4.382,4.382,0.0
2014-03-18,4.332,4.332,4.332,4.332,0.0
2014-03-19,4.364,4.364,4.364,4.364,0.0
2014-03-20,4.39,4.39,4.39,4.39,0.0
2014-03-21,4.38,4.38,4.38,4.38,0.0
2014-03-24,4.405,4.405,4.405,4.405,0.0
2014-03-25,4.43,4.43,4.43,4.43,0.0
2014-03-26,4.449,4.449,4.449,4.449,0.0
2014-03-27,4.446,4.446,4.446,4.446,0.0
2014-03-28,4.413,4.413,4.413,4.413,0.0
2014-03-31,4.413,4.413,4.413,4.413,0.0
2014-04-01,4.372,4.372,4.372,4.372,0.0
2014-04-02,4.396,4.396,4.396,4.396,0.0
2014-04-03,4.453,4.453,4.453,4.453,0.0
2014-04-04,4.455,4.455,4.455,4.455,0.0
2014-04-07,4.475,4.475,4.475,4.475,0.0
2014-04-08,4.479,4.479,4.479,4.479,0.0
2014-04-09,4.534,4.534,4.534,4.534,0.0
2014-04-10,4.559,4.559,4.559,4.559,0.0
2014-04-11,4.562,4.562,4.562,4.562,0.0
2014-04-14,4.56,4.56,4.56,4.56,0.0
2014-04-15,4.567,4.567,4.567,4.567,0.0
2014-04-16,4.572,4.572,4.572,4.572,0.0
2014-04-17,4.573,4.573,4.573,4.573,0.0
2014-04-21,4.547,4.547,4.547,4.547,0.0
2014-04-22,4.558,4.558,4.558,4.558,0.0
2014-04-23,4.551,4.551,4.551,4.551,0.0
2014-04-24,4.59,4.59,4.59,4.59,0.0
2014-04-25,4.579,4.579,4.579,4.579,0.0
2014-04-28,4.598,4.598,4.598,4.598,0.0
2014-04-29,4.658,4.658,4.658,4.658,0.0
2014-04-30,4.664,4.664,4.664,4.664,0.0
2014-05-01,4.668,4.668,4.668,4.668,0.0
2014-05-02,4.656,4.656,4.656,4.656,0.0
2014-05-05,4.645,4.645,4.645,4.645,0.0
2014-05-06,4.661,4.661,4.661,4.661,0.0
2014-05-07,4.666,4.666,4.666,4.666,0.0
2014-05-08,4.676,4.676,4.676,4.676,0.0
2014-05-09,4.696,4.696,4.696,4.696,0.0
2014-05-12,4.666,4.666,4.666,4.666,0.0
2014-05-13,4.654,4.654,4.654,4.654,0.0
2014-05-14,4.677,4.677,4.677,4.677,0.0
2014-05-15,4.653,4.653,4.653,4.653,0.0
2014-05-16,4.618,4.618,4.618,4.618,0.0
2014-05-19,4.619,4.619,4.619,4.619,0.0
2014-05-20,4.619,4.619,4.619,4.619,0.0
2014-05-21,4.624,4.624,4.624,4.624,0.0
2014-05-22,4.602,4.602,4.602,4.602,0.0
2014-05-23,4.625,4.625,4.625,4.625,0.0
2014-05-27,4.648,4.648,4.648,4.648,0.0
2014-05-28,4.644,4.644,4.644,4.644,0.0
2014-05-29,4.647,4.647,4.647,4.647,0.0
2014-05-30,4.643,4.643,4.643,4.643,0.0
2014-06-02,4.678,4.678,4.678,4.678,0.0
2014-06-03,4.655,4.655,4.655,4.655,0.0
2014-06-04,4.65,4.65,4.65,4.65,0.0
2014-06-05,4.672,4.672,4.672,4.672,0.0
2014-06-06,4.688,4.688,4.688,4.688,0.0
2014-06-09,4.674,4.674,4.674,4.674,0.0
2014-06-10,4.717,4.717,4.717,4.717,0.0
2014-06-11,4.708,4.708,4.708,4.708,0.0
2014-06-12,4.706,4.706,4.706,4.706,0.0
2014-06-13,4.732,4.732,4.732,4.732,0.0
2014-06-16,4.731,4.731,4.731,4.731,0.0
2014-06-17,4.764,4.764,4.764,4.764,0.0
2014-06-18,4.778,4.778,4.778,4.778,0.0
2014-06-19,4.797,4.797,4.797,4.797,0.0
2014-06-20,4.757,4.757,4.757,4.757,0.0
2014-06-23,4.738,4.738,4.738,4.738,0.0
2014-06-24,4.734,4.734,4.734,4.734,0.0
2014-06-25,4.75,4.75,4.75,4.75,0.0
2014-06-26,4.682,4.682,4.682,4.682,0.0
2014-06-27,4.674,4.674,4.674,4.674,0.0
2014-06-30,4.693,4.693,4.693,4.693,0.0
2014-07-01,4.709,4.709,4.709,4.709,0.0
2014-07-02,4.68,4.68,4.68,4.68,0.0
2014-07-03,4.675,4.675,4.675,4.675,0.0
2014-07-07,4.649,4.649,4.649,4.649,0.0
2014-07-08,4.628,4.628,4.628,4.628,0.0
2014-07-09,4.602,4.602,4.602,4.602,0.0
2014-07-10,4.558,4.558,4.558,4.558,0.0
2014-07-11,4.555,4.555,4.555,4.555,0.0
2014-07-14,4.549,4.549,4.549,4.549,0.0
2014-07-15,4.544,4.544,4.544,4.544,0.0
2014-07-16,4.559,4.559,4.559,4.559,0.0
2014-07-17,4.54,4.54,4.54,4.54,0.0
2014-07-18,4.567,4.567,4.567,4.567,0.0
2014-07-21,4.548,4.548,4.548,4.548,0.0
2014-07-22,4.502,4.502,4.502,4.502,0.0
2014-07-23,4.478,4.478,4.478,4.478,0.0
2014-07-24,4.469,4.469,4.469,4.469,0.0
2014-07-25,4.464,4.464,4.464,4.464,150.0
2014-07-28,4.451,4.451,4.451,4.451,0.0
2014-07-29,4.406,4.406,4.406,4.406,0.0
2014-07-30,4.426,4.426,4.426,4.426,0.0
2014-07-31,4.452,4.452,4.452,4.452,0.0
2014-08-01,4.468,4.468,4.468,4.468,0.0
2014-08-04,4.459,4.459,4.459,4.459,0.0
2014-08-05,4.458,4.458,4.458,4.458,0.0
2014-08-06,4.453,4.453,4.453,4.453,0.0
2014-08-07,4.463,4.463,4.463,4.463,0.0
2014-08-08,4.469,4.469,4.469,4.469,0.0
2014-08-11,4.424,4.424,4.424,4.424,0.0
2014-08-12,4.406,4.406,4.406,4.406,0.0
2014-08-13,4.385,4.385,4.385,4.385,0.0
2014-08-14,4.396,4.396,4.396,4.396,0.0
2014-08-15,4.369,4.369,4.369,4.369,0.0
2014-08-18,4.364,4.364,4.364,4.364,0.0
2014-08-19,4.364,4.364,4.364,4.364,0.0
2014-08-20,4.348,4.348,4.348,4.348,0.0
2014-08-21,4.346,4.346,4.346,4.346,0.0
2014-08-22,4.334,4.334,4.334,4.334,0.0
2014-08-25,4.342,4.342,4.342,4.342,0.0
2014-08-26,4.339,4.339,4.339,4.339,0.0
2014-08-27,4.352,4.352,4.352,4.352,0.0
2014-08-28,4.351,4.351,4.351,4.351,2.0
2014-08-29,4.343,4.343,4.343,4.343,0.0
2014-09-02,4.308,4.308,4.308,4.308,0.0
2014-09-03,4.319,4.319,4.319,4.319,0.0
2014-09-04,4.322,4.322,4.322,4.322,0.0
2014-09-05,4.305,4.305,4.305,4.305,0.0
2014-09-08,4.31,4.31,4.31,4.31,0.0
2014-09-09,4.308,4.308,4.308,4.308,0.0
2014-09-10,4.332,4.332,4.332,4.332,0.0
2014-09-11,4.348,4.348,4.348,4.348,0.0
2014-09-12,4.322,4.322,4.322,4.322,0.0
2014-09-15,4.324,4.324,4.324,4.324,0.0
2014-09-16,4.337,4.337,4.337,4.337,0.0
2014-09-17,4.333,4.333,4.333,4.333,0.0
2014-09-18,4.314,4.314,4.314,4.314,0.0
2014-09-19,4.312,4.312,4.312,4.312,0.0
2014-09-22,4.309,4.309,4.309,4.309,0.0
2014-09-23,4.296,4.296,4.296,4.296,0.0
2014-09-24,4.329,4.329,4.329,4.329,0.0
2014-09-25,4.328,4.328,4.328,4.328,0.0
2014-09-26,4.309,4.309,4.309,4.309,0.0
2014-09-29,4.32,4.32,4.32,4.32,100.0
2014-09-30,4.333,4.333,4.333,4.333,0.0
2014-10-01,4.307,4.307,4.307,4.307,0.0
2014-10-02,4.313,4.313,4.313,4.313,0.0
2014-10-03,4.292,4.292,4.292,4.292,0.0
2014-10-06,4.292,4.292,4.292,4.292,0.0
2014-10-07,4.295,4.295,4.295,4.295,0.0
2014-10-08,4.3,4.3,4.3,4.3,0.0
2014-10-09,4.31,4.31,4.31,4.31,0.0
2014-10-10,4.307,4.307,4.307,4.307,0.0
2014-10-13,4.317,4.317,4.317,4.317,0.0
2014-10-14,4.307,4.307,4.307,4.307,0.0
2014-10-15,4.292,4.292,4.292,4.292,0.0
2014-10-16,4.297,4.297,4.297,4.297,0.0
2014-10-17,4.307,4.307,4.307,4.307,0.0
2014-10-20,4.294,4.294,4.294,4.294,0.0
2014-10-21,4.287,4.287,4.287,4.287,0.0
2014-10-22,4.268,4.268,4.268,4.268,0.0
2014-10-23,4.272,4.272,4.272,4.272,0.0
2014-10-24,4.256,4.256,4.256,4.256,0.0
2014-10-27,4.24,4.24,4.24,4.24,0.0
2014-10-28,4.23,4.23,4.23,4.23,0.0
2014-10-29,4.229,4.229,4.229,4.229,0.0
2014-10-30,4.228,4.228,4.228,4.228,0.0
2014-10-31,4.24,4.24,4.24,4.24,0.0
2014-11-03,4.251,4.251,4.251,4.251,0.0
2014-11-04,4.246,4.246,4.246,4.246,0.0
2014-11-05,4.217,4.217,4.217,4.217,0.0
2014-11-06,4.204,4.204,4.204,4.204,0.0
2014-11-07,4.201,4.201,4.201,4.201,0.0
2014-11-10,4.195,4.195,4.195,4.195,0.0
2014-11-11,4.21,4.21,4.21,4.21,0.0
2014-11-12,4.223,4.223,4.223,4.223,0.0
2014-11-13,4.198,4.198,4.198,4.198,0.0
2014-11-14,4.224,4.224,4.224,4.224,0.0
2014-11-17,4.229,4.229,4.229,4.229,0.0
2014-11-18,4.201,4.201,4.201,4.201,0.0
2014-11-19,4.196,4.196,4.196,4.196,0.0
2014-11-20,4.191,4.191,4.191,4.191,0.0
2014-11-21,4.179,4.179,4.179,4.179,0.0
2014-11-24,4.233,4.233,4.233,4.233,0.0
2014-11-25,4.21,4.21,4.21,4.21,0.0
2014-11-26,4.203,4.203,4.203,4.203,0.0
2014-11-28,4.221,4.221,4.221,4.221,0.0
2014-12-01,4.266,4.266,4.266,4.266,0.0
2014-12-02,4.255,4.255,4.255,4.255,0.0
2014-12-03,4.237,4.237,4.237,4.237,0.0
2014-12-04,4.212,4.212,4.212,4.212,0.0
2014-12-05,4.238,4.238,4.238,4.238,0.0
2014-12-08,4.244,4.244,4.244,4.244,6.0
2014-12-09,4.269,4.269,4.269,4.269,0.0
2014-12-10,4.259,4.259,4.259,4.259,0.0
2014-12-11,4.239,4.239,4.239,4.239,0.0
2014-12-12,4.23,4.23,4.23,4.23,0.0
2014-12-15,4.218,4.218,4.218,4.218,0.0
2014-12-16,4.176,4.176,4.176,4.176,0.0
2014-12-17,4.207,4.207,4.207,4.207,0.0
2014-12-18,4.183,4.183,4.183,4.183,0.0
2014-12-19,4.131,4.131,4.131,4.131,0.0
2014-12-22,4.11,4.11,4.11,4.11,0.0
2014-12-23,4.09,4.09,4.09,4.09,0.0
2014-12-24,4.081,4.081,4.081,4.081,0.0
2014-12-26,4.078,4.078,4.078,4.078,0.0
2014-12-29,4.084,4.084,4.084,4.084,0.0
2014-12-30,4.073,4.073,4.073,4.073,0.0
2014-12-31,4.041,4.041,4.041,4.041,0.0
2015-01-02,4.026,4.026,4.026,4.026,0.0
2015-01-05,4.026,4.026,4.026,4.026,0.0
2015-01-06,3.994,3.994,3.994,3.994,0.0
2015-01-07,3.943,3.943,3.943,3.943,0.0
2015-01-08,3.929,3.929,3.929,3.929,0.0
2015-01-09,3.917,3.917,3.917,3.917,0.0
2015-01-12,3.833,3.833,3.833,3.833,0.0
2015-01-13,3.832,3.832,3.832,3.832,0.0
2015-01-14,3.757,3.757,3.757,3.757,0.0
2015-01-15,3.691,3.691,3.691,3.691,0.0
2015-01-16,3.699,3.699,3.699,3.699,0.0
2015-01-20,3.687,3.687,3.687,3.687,0.0
2015-01-21,3.704,3.704,3.704,3.704,0.0
2015-01-22,3.724,3.724,3.724,3.724,0.0
2015-01-23,3.726,3.726,3.726,3.726,0.0
2015-01-26,3.74,3.74,3.74,3.74,0.0
2015-01-27,3.734,3.734,3.734,3.734,0.0
2015-01-28,3.74,3.74,3.74,3.74,0.0
2015-01-29,3.712,3.712,3.712,3.712,0.0
2015-01-30,3.719,3.719,3.719,3.719,0.0
2015-02-02,3.682,3.682,3.682,3.682,0.0
2015-02-03,3.703,3.703,3.703,3.703,0.0
2015-02-04,3.707,3.707,3.707,3.707,0.0
2015-02-05,3.632,3.632,3.632,3.632,0.0
2015-02-06,3.678,3.678,3.678,3.678,0.0
2015-02-09,3.677,3.677,3.677,3.677,0.0
2015-02-10,3.698,3.698,3.698,3.698,0.0
2015-02-11,3.693,3.693,3.693,3.693,0.0
2015-02-12,3.694,3.694,3.694,3.694,0.0
2015-02-13,3.734,3.734,3.734,3.734,0.0
2015-02-17,3.668,3.668,3.668,3.668,0.0
2015-02-18,3.683,3.683,3.683,3.683,0.0
2015-02-19,3.657,3.657,3.657,3.657,0.0
2015-02-20,3.655,3.655,3.655,3.655,0.0
2015-02-23,3.627,3.627,3.627,3.627,0.0
2015-02-24,3.632,3.632,3.632,3.632,0.0
2015-02-25,3.638,3.638,3.638,3.638,0.0
2015-02-26,3.608,3.608,3.608,3.608,0.0
2015-02-27,3.609,3.609,3.609,3.609,0.0
2015-03-02,3.603,3.603,3.603,3.603,0.0
2015-03-03,3.602,3.602,3.602,3.602,0.0
2015-03-04,3.596,3.596,3.596,3.596,0.0
2015-03-05,3.57,3.57,3.57,3.57,0.0
2015-03-06,3.57,3.57,3.57,3.57,0.0
2015-03-09,3.543,3.543,3.543,3.543,0.0
2015-03-10,3.541,3.541,3.541,3.541,0.0
2015-03-11,3.534,3.534,3.534,3.534,0.0
2015-03-12,3.503,3.503,3.503,3.503,0.0
2015-03-13,3.499,3.499,3.499,3.499,0.0
2015-03-16,3.512,3.512,3.512,3.512,32.0
2015-03-17,3.507,3.507,3.507,3.507,0.0
2015-03-18,3.525,3.525,3.525,3.525,0.0
2015-03-19,3.521,3.521,3.521,3.521,0.0
2015-03-20,3.499,3.499,3.499,3.499,0.0
2015-03-23,3.5,3.5,3.5,3.5,0.0
2015-03-24,3.505,3.505,3.505,3.505,0.0
2015-03-25,3.473,3.473,3.473,3.473,0.0
2015-03-26,3.464,3.464,3.464,3.464,0.0
2015-03-27,3.439,3.439,3.439,3.439,0.0
2015-03-30,3.427,3.427,3.427,3.427,0.0
2015-03-31,3.439,3.439,3.439,3.439,50.0
2015-04-01,3.428,3.428,3.428,3.428,0.0
2015-04-02,3.464,3.464,3.464,3.464,0.0
2015-04-06,3.454,3.454,3.454,3.454,0.0
2015-04-07,3.489,3.489,3.489,3.489,0.0
2015-04-08,3.491,3.491,3.491,3.491,0.0
2015-04-09,3.484,3.484,3.484,3.484,0.0
2015-04-10,3.479,3.479,3.479,3.479,0.0
2015-04-13,3.469,3.469,3.469,3.469,0.0
2015-04-14,3.463,3.463,3.463,3.463,0.0
2015-04-15,3.477,3.477,3.477,3.477,0.0
2015-04-16,3.505,3.505,3.505,3.505,0.0
2015-04-17,3.488,3.488,3.488,3.488,0.0
2015-04-20,3.485,3.485,3.485,3.485,0.0
2015-04-21,3.488,3.488,3.488,3.488,0.0
2015-04-22,3.495,3.495,3.495,3.495,0.0
2015-04-23,3.457,3.457,3.457,3.457,0.0
2015-04-24,3.454,3.454,3.454,3.454,0.0
2015-04-27,3.434,3.434,3.434,3.434,0.0
2015-04-28,3.432,3.432,3.432,3.432,0.0
2015-04-29,3.441,3.441,3.441,3.441,0.0
2015-04-30,3.451,3.451,3.451,3.451,0.0
2015-05-01,3.456,3.456,3.456,3.456,0.0
2015-05-04,3.463,3.463,3.463,3.463,0.0
2015-05-05,3.466,3.466,3.466,3.466,0.0
2015-05-06,3.474,3.474,3.474,3.474,0.0
2015-05-07,3.471,3.471,3.471,3.471,0.0
2015-05-08,3.493,3.493,3.493,3.493,0.0
2015-05-11,3.469,3.469,3.469,3.469,0.0
2015-05-12,3.462,3.462,3.462,3.462,0.0
2015-05-13,3.474,3.474,3.474,3.474,0.0
2015-05-14,3.483,3.483,3.483,3.483,0.0
2015-05-15,3.471,3.471,3.471,3.471,0.0
2015-05-18,3.476,3.476,3.476,3.476,0.0
2015-05-19,3.469,3.469,3.469,3.469,0.0
2015-05-20,3.467,3.467,3.467,3.467,0.0
2015-05-21,3.466,3.466,3.466,3.466,0.0
2015-05-22,3.456,3.456,3.456,3.456,0.0
2015-05-26,3.457,3.457,3.457,3.457,0.0
2015-05-27,3.452,3.452,3.452,3.452,0.0
2015-05-28,3.441,3.441,3.441,3.441,0.0
2015-05-29,3.431,3.431,3.431,3.431,0.0
2015-06-01,3.43,3.43,3.43,3.43,0.0
2015-06-02,3.427,3.427,3.427,3.427,0.0
2015-06-03,3.42,3.42,3.42,3.42,0.0
2015-06-04,3.374,3.374,3.374,3.374,0.0
2015-06-05,3.335,3.335,3.335,3.335,0.0
2015-06-08,3.343,3.343,3.343,3.343,0.0
2015-06-09,3.361,3.361,3.361,3.361,0.0
2015-06-10,3.366,3.366,3.366,3.366,0.0
2015-06-11,3.393,3.393,3.393,3.393,0.0
2015-06-12,3.394,3.394,3.394,3.394,0.0
2015-06-15,3.412,3.412,3.412,3.412,0.0
2015-06-16,3.428,3.428,3.428,3.428,0.0
2015-06-17,3.428,3.428,3.428,3.428,0.0
2015-06-18,3.4,3.4,3.4,3.4,0.0
2015-06-19,3.415,3.415,3.415,3.415,0.0
2015-06-22,3.398,3.398,3.398,3.398,0.0
2015-06-23,3.4,3.4,3.4,3.4,0.0
2015-06-24,3.401,3.401,3.401,3.401,0.0
2015-06-25,3.402,3.402,3.402,3.402,0.0
2015-06-26,3.403,3.403,3.403,3.403,0.0
2015-06-29,3.413,3.413,3.413,3.413,0.0
2015-06-30,3.425,3.425,3.425,3.425,0.0
2015-07-01,3.426,3.426,3.426,3.426,0.0
2015-07-02,3.434,3.434,3.434,3.434,0.0
2015-07-06,3.395,3.395,3.395,3.395,0.0
2015-07-07,3.386,3.386,3.386,3.386,0.0
2015-07-08,3.399,3.399,3.399,3.399,0.0
2015-07-09,3.402,3.402,3.402,3.402,0.0
2015-07-10,3.403,3.403,3.403,3.403,0.0
2015-07-13,3.405,3.405,3.405,3.405,0.0
2015-07-14,3.422,3.422,3.422,3.422,0.0
2015-07-15,3.436,3.436,3.436,3.436,0.0
2015-07-16,3.409,3.409,3.409,3.409,0.0
2015-07-17,3.416,3.416,3.416,3.416,0.0
2015-07-20,3.409,3.409,3.409,3.409,0.0
2015-07-21,3.408,3.408,3.408,3.408,0.0
2015-07-22,3.405,3.405,3.405,3.405,0.0
2015-07-23,3.385,3.385,3.385,3.385,0.0
2015-07-24,3.385,3.385,3.385,3.385,0.0
2015-07-27,3.406,3.406,3.406,3.406,0.0
2015-07-28,3.405,3.405,3.405,3.405,0.0
2015-07-29,3.401,3.401,3.401,3.401,0.0
2015-07-30,3.38,3.38,3.38,3.38,0.0
2015-07-31,3.344,3.344,3.344,3.344,0.0
2015-08-03,3.338,3.338,3.322,3.322,1.0
2015-08-04,3.292,3.292,3.292,3.292,0.0
2015-08-05,3.291,3.291,3.291,3.291,0.0
2015-08-06,3.29,3.29,3.29,3.29,0.0
2015-08-07,3.286,3.286,3.286,3.286,0.0
2015-08-10,3.284,3.284,3.284,3.284,0.0
2015-08-11,3.27,3.27,3.27,3.27,0.0
2015-08-12,3.275,3.275,3.275,3.275,0.0
2015-08-13,3.27,3.27,3.27,3.27,0.0
2015-08-14,3.274,3.274,3.274,3.274,0.0
2015-08-17,3.26,3.26,3.26,3.26,0.0
2015-08-18,3.26,3.26,3.257,3.257,1.0
2015-08-19,3.224,3.224,3.224,3.224,0.0
2015-08-20,3.217,3.217,3.217,3.217,0.0
2015-08-21,3.188,3.188,3.188,3.188,0.0
2015-08-24,3.144,3.144,3.144,3.144,0.0
2015-08-25,3.123,3.123,3.123,3.123,0.0
2015-08-26,3.133,3.133,3.133,3.133,0.0
2015-08-27,3.146,3.146,3.146,3.146,0.0
2015-08-28,3.168,3.168,3.168,3.168,0.0
2015-08-31,3.162,3.162,3.162,3.162,0.0
2015-09-01,3.174,3.174,3.174,3.174,0.0
2015-09-02,3.159,3.159,3.159,3.159,0.0
2015-09-03,3.16,3.16,3.16,3.16,0.0
2015-09-04,3.153,3.153,3.153,3.153,0.0
2015-09-08,3.159,3.159,3.159,3.159,0.0
2015-09-09,3.174,3.174,3.174,3.174,0.0
2015-09-10,3.177,3.177,3.177,3.177,0.0
2015-09-11,3.148,3.148,3.148,3.148,0.0
2015-09-14,3.159,3.159,3.159,3.159,0.0
2015-09-15,3.161,3.161,3.161,3.161,0.0
2015-09-16,3.136,3.136,3.136,3.136,0.0
2015-09-17,3.109,3.109,3.109,3.109,0.0
2015-09-18,3.094,3.094,3.094,3.094,0.0
2015-09-21,3.084,3.086,3.084,3.086,1.0
2015-09-22,3.078,3.078,3.078,3.078,0.0
2015-09-23,3.086,3.086,3.086,3.086,0.0
2015-09-24,3.122,3.122,3.122,3.122,0.0
2015-09-25,3.086,3.086,3.086,3.086,0.0
2015-09-28,3.083,3.083,3.083,3.083,0.0
2015-09-29,3.054,3.054,3.054,3.054,0.0
2015-09-30,3.022,3.022,3.022,3.022,0.0
2015-10-01,2.99,2.99,2.99,2.99,0.0
2015-10-02,3.008,3.008,3.008,3.008,0.0
2015-10-05,3.022,3.022,3.022,3.022,0.0
2015-10-06,3.044,3.044,3.044,3.044,0.0
2015-10-07,3.046,3.046,3.046,3.046,0.0
2015-10-08,3.046,3.046,3.046,3.046,0.0
2015-10-09,3.05,3.052,3.05,3.052,1.0
2015-10-12,3.062,3.062,3.062,3.062,0.0
2015-10-13,3.056,3.056,3.056,3.056,0.0
2015-10-14,3.058,3.058,3.058,3.058,0.0
2015-10-15,3.043,3.043,3.043,3.043,0.0
2015-10-16,3.041,3.041,3.041,3.041,0.0
2015-10-19,3.047,3.047,3.047,3.047,0.0
2015-10-20,3.069,3.069,3.069,3.069,0.0
2015-10-21,3.051,3.051,3.051,3.051,0.0
2015-10-22,3.04,3.04,3.04,3.04,0.0
2015-10-23,3.001,3.001,3.001,3.001,0.0
2015-10-26,2.956,2.956,2.956,2.956,0.0
2015-10-27,2.952,2.952,2.952,2.952,0.0
2015-10-28,2.949,2.949,2.949,2.949,0.0
2015-10-29,2.933,2.933,2.933,2.933,0.0
2015-10-30,2.955,2.955,2.955,2.955,0.0
2015-11-02,2.936,2.936,2.936,2.936,0.0
2015-11-03,2.955,2.955,2.955,2.955,0.0
2015-11-04,2.968,2.968,2.968,2.968,0.0
2015-11-05,2.98,2.98,2.98,2.98,0.0
2015-11-06,2.978,2.978,2.978,2.978,0.0
2015-11-09,2.967,2.967,2.967,2.967,0.0
2015-11-10,2.97,2.97,2.97,2.97,0.0
2015-11-11,2.97,2.97,2.95,2.956,23.0
2015-11-12,2.949,2.949,2.949,2.949,1.0
2015-11-13,2.969,2.969,2.969,2.969,0.0
2015-11-16,2.979,2.979,2.979,2.979,0.0
2015-11-17,2.974,2.974,2.974,2.974,0.0
2015-11-18,2.93,2.93,2.921,2.921,31.0
2015-11-19,2.883,2.883,2.883,2.883,12.0
2015-11-20,2.846,2.846,2.846,2.846,0.0
2015-11-23,2.869,2.869,2.869,2.869,0.0
2015-11-24,2.875,2.875,2.875,2.875,0.0
2015-11-25,2.89,2.89,2.89,2.89,0.0
2015-11-27,2.872,2.872,2.872,2.872,0.0
2015-11-30,2.899,2.899,2.899,2.899,0.0
2015-12-01,2.906,2.906,2.906,2.906,307.0
2015-12-02,2.93,2.93,2.93,2.93,0.0
2015-12-03,2.93,2.93,2.93,2.93,0.0
2015-12-04,2.937,2.937,2.937,2.937,0.0
2015-12-07,2.922,2.922,2.922,2.922,0.0
2015-12-08,2.931,2.931,2.931,2.931,0.0
2015-12-09,2.952,2.952,2.952,2.952,0.0
2015-12-10,2.974,2.974,2.974,2.974,0.0
2015-12-11,2.988,2.988,2.988,2.988,50.0
2015-12-14,2.974,2.974,2.951,2.951,1.0
2015-12-15,2.926,2.926,2.926,2.926,0.0
2015-12-16,2.951,2.951,2.951,2.951,0.0
2015-12-17,2.951,2.966,2.951,2.966,1.0
2015-12-18,2.969,2.969,2.966,2.966,27.0
2015-12-21,2.971,2.971,2.971,2.971,0.0
2015-12-22,2.956,2.956,2.956,2.956,0.0
2015-12-23,2.957,2.957,2.957,2.957,0.0
2015-12-24,2.957,2.957,2.957,2.957,0.0
2015-12-28,3.05,3.05,2.984,2.984,1.0
2015-12-29,2.968,2.968,2.968,2.968,0.0
2015-12-30,2.958,2.958,2.958,2.958,0.0
2015-12-31,2.963,2.963,2.963,2.963,0.0
2016-01-04,2.947,2.947,2.947,2.947,0.0
2016-01-05,2.925,2.932,2.925,2.932,15.0
2016-01-06,2.935,2.935,2.935,2.935,0.0
2016-01-07,2.963,2.963,2.963,2.963,0.0
2016-01-08,2.957,2.957,2.957,2.957,0.0
2016-01-11,2.922,2.922,2.922,2.922,0.0
2016-01-12,2.893,2.893,2.893,2.893,0.0
2016-01-13,2.913,2.913,2.913,2.913,0.0
2016-01-14,2.917,2.917,2.917,2.917,0.0
2016-01-15,2.903,2.903,2.903,2.903,0.0
2016-01-19,2.905,2.905,2.905,2.905,0.0
2016-01-20,2.91,2.91,2.91,2.91,0.0
2016-01-21,2.921,2.921,2.921,2.921,0.0
2016-01-22,2.92,2.92,2.92,2.92,0.0
2016-01-25,2.913,2.913,2.913,2.913,0.0
2016-01-26,2.905,2.905,2.905,2.905,0.0
2016-01-27,2.904,2.904,2.904,2.904,0.0
2016-01-28,2.919,2.919,2.919,2.919,0.0
2016-01-29,2.919,2.919,2.919,2.919,0.0
2016-02-01,2.874,2.874,2.874,2.874,0.0
2016-02-02,2.818,2.818,2.818,2.818,0.0
2016-02-03,2.855,2.855,2.855,2.855,0.0
2016-02-04,2.863,2.863,2.863,2.863,0.0
2016-02-05,2.857,2.857,2.857,2.857,4.0
2016-02-08,2.818,2.818,2.809,2.809,19.0
2016-02-09,2.785,2.785,2.785,2.785,0.0
2016-02-10,2.757,2.757,2.757,2.757,0.0
2016-02-11,2.722,2.722,2.722,2.722,0.0
2016-02-12,2.694,2.694,2.694,2.694,0.0
2016-02-16,2.658,2.658,2.658,2.658,0.0
2016-02-17,2.65,2.65,2.65,2.65,0.0
2016-02-18,2.631,2.631,2.631,2.631,0.0
2016-02-19,2.588,2.588,2.588,2.588,0.0
2016-02-22,2.539,2.539,2.539,2.539,0.0
2016-02-23,2.538,2.538,2.538,2.538,0.0
2016-02-24,2.551,2.551,2.551,2.551,0.0
2016-02-25,2.525,2.525,2.525,2.525,0.0
2016-02-26,2.548,2.548,2.548,2.548,0.0
2016-02-29,2.599,2.599,2.599,2.599,0.0
2016-03-01,2.645,2.645,2.645,2.645,0.0
2016-03-02,2.652,2.652,2.652,2.652,0.0
2016-03-03,2.655,2.664,2.655,2.664,1.0
2016-03-04,2.663,2.663,2.663,2.663,0.0
2016-03-07,2.67,2.67,2.67,2.67,0.0
2016-03-08,2.676,2.676,2.676,2.676,0.0
2016-03-09,2.707,2.707,2.707,2.707,0.0
2016-03-10,2.739,2.739,2.739,2.739,0.0
2016-03-11,2.77,2.77,2.758,2.758,21.0
2016-03-14,2.748,2.748,2.748,2.748,0.0
2016-03-15,2.745,2.745,2.745,2.745,0.0
2016-03-16,2.75,2.755,2.75,2.755,2.0
2016-03-17,2.764,2.764,2.764,2.764,0.0
2016-03-18,2.758,2.758,2.758,2.758,0.0
2016-03-21,2.745,2.745,2.745,2.745,0.0
2016-03-22,2.77,2.77,2.77,2.77,0.0
2016-03-23,2.781,2.781,2.781,2.781,0.0
2016-03-24,2.799,2.799,2.799,2.799,0.0
2016-03-28,2.857,2.857,2.857,2.857,0.0
2016-03-29,2.878,2.878,2.878,2.878,0.0
2016-03-30,2.875,2.875,2.875,2.875,0.0
2016-03-31,2.856,2.856,2.856,2.856,0.0
2016-04-01,2.847,2.847,2.847,2.847,0.0
2016-04-04,2.854,2.854,2.854,2.854,0.0
2016-04-05,2.862,2.862,2.862,2.862,0.0
2016-04-06,2.868,2.868,2.868,2.868,0.0
2016-04-07,2.871,2.871,2.871,2.871,0.0
2016-04-08,2.886,2.886,2.886,2.886,0.0
2016-04-11,2.88,2.88,2.88,2.88,0.0
2016-04-12,2.89,2.89,2.89,2.89,0.0
2016-04-13,2.891,2.891,2.891,2.891,0.0
2016-04-14,2.889,2.889,2.889,2.889,0.0
2016-04-15,2.869,2.869,2.869,2.869,0.0
2016-04-18,2.883,2.883,2.883,2.883,0.0
2016-04-19,2.899,2.899,2.899,2.899,0.0
2016-04-20,2.891,2.891,2.891,2.891,0.0
2016-04-21,2.915,2.915,2.915,2.915,0.0
2016-04-22,2.91,2.91,2.91,2.91,0.0
2016-04-25,2.924,2.924,2.924,2.924,0.0
2016-04-26,2.955,2.955,2.955,2.955,0.0
2016-04-27,2.961,2.961,2.961,2.961,0.0
2016-04-28,2.955,2.955,2.955,2.955,0.0
2016-04-29,2.954,2.954,2.954,2.954,0.0
2016-05-02,2.934,2.934,2.934,2.934,0.0
2016-05-03,2.942,2.942,2.942,2.942,0.0
2016-05-04,2.951,2.951,2.951,2.951,0.0
2016-05-05,2.971,2.971,2.971,2.971,275.0
2016-05-06,2.939,2.939,2.939,2.939,0.0
2016-05-09,2.923,2.923,2.923,2.923,0.0
2016-05-10,2.907,2.907,2.907,2.907,0.0
2016-05-11,2.908,2.908,2.908,2.908,0.0
2016-05-12,2.895,2.895,2.895,2.895,0.0
2016-05-13,2.875,2.875,2.875,2.875,0.0
2016-05-16,2.876,2.876,2.876,2.876,0.0
2016-05-17,2.86,2.86,2.86,2.86,0.0
2016-05-18,2.837,2.837,2.837,2.837,0.0
2016-05-19,2.863,2.863,2.863,2.863,0.0
2016-05-20,2.851,2.851,2.851,2.851,0.0
2016-05-23,2.864,2.864,2.864,2.864,0.0
2016-05-24,2.888,2.888,2.888,2.888,0.0
2016-05-25,2.934,2.934,2.934,2.934,0.0
2016-05-26,2.96,2.96,2.96,2.96,0.0
2016-05-27,2.974,2.974,2.974,2.974,0.0
2016-05-31,2.979,2.979,2.979,2.979,0.0
2016-06-01,2.957,2.957,2.957,2.957,6.0
2016-06-02,2.963,2.963,2.963,2.963,0.0
2016-06-03,2.954,2.954,2.954,2.954,0.0
2016-06-06,2.955,2.955,2.955,2.955,0.0
2016-06-07,2.979,2.979,2.979,2.979,0.0
2016-06-08,2.97,2.97,2.97,2.97,0.0
2016-06-09,2.952,2.952,2.952,2.952,0.0
2016-06-10,2.934,2.934,2.934,2.934,0.0
2016-06-13,2.944,2.944,2.898,2.898,1.0
2016-06-14,2.881,2.881,2.881,2.881,0.0
2016-06-15,2.875,2.875,2.875,2.875,0.0
2016-06-16,2.877,2.877,2.877,2.877,0.0
2016-06-17,2.871,2.871,2.871,2.871,0.0
2016-06-20,2.874,2.874,2.874,2.874,0.0
2016-06-21,2.864,2.864,2.864,2.864,0.0
2016-06-22,2.88,2.88,2.88,2.88,0.0
2016-06-23,2.879,2.879,2.879,2.879,0.0
2016-06-24,2.883,2.883,2.883,2.883,0.0
2016-06-27,2.869,2.869,2.869,2.869,0.0
2016-06-28,2.898,2.898,2.898,2.898,0.0
2016-06-29,2.899,2.899,2.899,2.899,0.0
2016-06-30,2.914,2.914,2.914,2.914,0.0
2016-07-01,2.931,2.931,2.931,2.931,0.0
2016-07-05,2.908,2.908,2.908,2.908,0.0
2016-07-06,2.93,2.93,2.93,2.93,0.0
2016-07-07,2.923,2.923,2.923,2.923,0.0
2016-07-08,2.925,2.925,2.925,2.925,0.0
2016-07-11,2.921,2.921,2.921,2.921,0.0
2016-07-12,2.921,2.921,2.921,2.921,0.0
2016-07-13,2.928,2.928,2.928,2.928,0.0
2016-07-14,2.929,2.929,2.929,2.929,0.0
2016-07-15,2.918,2.918,2.918,2.918,0.0
2016-07-18,2.923,2.923,2.923,2.923,0.0
2016-07-19,2.913,2.913,2.913,2.913,0.0
2016-07-20,2.903,2.903,2.903,2.903,15.0
2016-07-21,2.912,2.912,2.912,2.912,0.0
2016-07-22,2.918,2.918,2.918,2.918,0.0
2016-07-25,2.924,2.924,2.924,2.924,0.0
2016-07-26,2.922,2.922,2.922,2.922,0.0
2016-07-27,2.91,2.91,2.91,2.91,0.0
2016-07-28,2.911,2.911,2.911,2.911,0.0
2016-07-29,2.914,2.914,2.914,2.914,0.0
2016-08-01,2.891,2.891,2.891,2.891,0.0
2016-08-02,2.901,2.901,2.901,2.901,0.0
2016-08-03,2.903,2.903,2.903,2.903,0.0
2016-08-04,2.924,2.924,2.924,2.924,0.0
2016-08-05,2.916,2.916,2.916,2.916,0.0
2016-08-08,2.92,2.92,2.92,2.92,0.0
2016-08-09,2.905,2.905,2.905,2.905,0.0
2016-08-10,2.878,2.878,2.878,2.878,0.0
2016-08-11,2.868,2.868,2.868,2.868,0.0
2016-08-12,2.864,2.864,2.864,2.864,0.0
2016-08-15,2.862,2.862,2.862,2.862,0.0
2016-08-16,2.876,2.876,2.876,2.876,0.0
2016-08-17,2.884,2.884,2.884,2.884,0.0
2016-08-18,2.887,2.887,2.887,2.887,0.0
2016-08-19,2.864,2.864,2.864,2.864,0.0
2016-08-22,2.861,2.861,2.861,2.861,0.0
2016-08-23,2.864,2.864,2.864,2.864,0.0
2016-08-24,2.891,2.891,2.891,2.891,0.0
2016-08-25,2.876,2.876,2.876,2.876,0.0
2016-08-26,2.863,2.863,2.863,2.863,0.0
2016-08-29,2.864,2.864,2.864,2.864,0.0
2016-08-30,2.862,2.862,2.862,2.862,0.0
2016-08-31,2.882,2.882,2.882,2.882,0.0
2016-09-01,2.847,2.847,2.847,2.847,0.0
2016-09-02,2.841,2.841,2.841,2.841,0.0
2016-09-06,2.837,2.837,2.837,2.837,0.0
2016-09-07,2.827,2.827,2.827,2.827,0.0
2016-09-08,2.844,2.844,2.844,2.844,0.0
2016-09-09,2.825,2.825,2.825,2.825,0.0
2016-09-12,2.827,2.827,2.827,2.827,0.0
2016-09-13,2.817,2.817,2.817,2.817,0.0
2016-09-14,2.821,2.821,2.821,2.821,0.0
2016-09-15,2.809,2.809,2.809,2.809,25.0
2016-09-16,2.803,2.803,2.803,2.803,0.0
2016-09-19,2.808,2.808,2.808,2.808,0.0
2016-09-20,2.8,2.8,2.8,2.8,0.0
2016-09-21,2.805,2.805,2.805,2.805,0.0
2016-09-22,2.79,2.79,2.79,2.79,0.0
2016-09-23,2.779,2.779,2.779,2.779,0.0
2016-09-26,2.784,2.784,2.784,2.784,0.0
2016-09-27,2.756,2.756,2.756,2.756,0.0
2016-09-28,2.741,2.741,2.741,2.741,0.0
2016-09-29,2.721,2.721,2.721,2.721,0.0
2016-09-30,2.71,2.71,2.71,2.71,4.0
2016-10-03,2.725,2.725,2.725,2.725,0.0
2016-10-04,2.713,2.713,2.713,2.713,0.0
2016-10-05,2.757,2.757,2.757,2.757,0.0
2016-10-06,2.751,2.751,2.751,2.751,0.0
2016-10-07,2.77,2.77,2.77,2.77,0.0
2016-10-10,2.765,2.765,2.765,2.765,0.0
2016-10-11,2.812,2.812,2.812,2.812,0.0
2016-10-12,2.807,2.807,2.807,2.807,25.0
2016-10-13,2.835,2.835,2.819,2.819,1.0
2016-10-14,2.814,2.814,2.814,2.814,0.0
2016-10-17,2.823,2.823,2.823,2.823,5.0
2016-10-18,2.835,2.835,2.835,2.835,0.0
2016-10-19,2.832,2.832,2.832,2.832,0.0
2016-10-20,2.839,2.839,2.839,2.839,0.0
2016-10-21,2.84,2.84,2.84,2.84,0.0
2016-10-24,2.842,2.842,2.842,2.842,0.0
2016-10-25,2.819,2.819,2.819,2.819,0.0
2016-10-26,2.777,2.777,2.777,2.777,0.0
2016-10-27,2.819,2.819,2.819,2.819,0.0
2016-10-28,2.846,2.846,2.846,2.846,0.0
2016-10-31,2.849,2.849,2.849,2.849,0.0
2016-11-01,2.856,2.856,2.856,2.856,0.0
2016-11-02,2.833,2.833,2.833,2.833,0.0
2016-11-03,2.821,2.821,2.821,2.821,17.0
2016-11-04,2.809,2.809,2.809,2.809,0.0
2016-11-07,2.835,2.835,2.833,2.833,1.0
2016-11-08,2.807,2.807,2.807,2.807,0.0
2016-11-09,2.808,2.808,2.808,2.808,0.0
2016-11-10,2.806,2.806,2.806,2.806,0.0
2016-11-11,2.822,2.822,2.822,2.822,0.0
2016-11-14,2.829,2.829,2.829,2.829,0.0
2016-11-15,2.794,2.794,2.794,2.794,0.0
2016-11-16,2.811,2.811,2.811,2.811,0.0
2016-11-17,2.831,2.831,2.831,2.831,0.0
2016-11-18,2.861,2.861,2.851,2.851,1.0
2016-11-21,2.862,2.862,2.862,2.862,0.0
2016-11-22,2.846,2.846,2.846,2.846,0.0
2016-11-23,2.844,2.844,2.844,2.844,0.0
2016-11-25,2.842,2.842,2.842,2.842,0.0
2016-11-28,2.825,2.825,2.825,2.825,17.0
2016-11-29,2.79,2.801,2.79,2.801,1.0
2016-11-30,2.807,2.807,2.807,2.807,17.0
2016-12-01,2.816,2.816,2.816,2.816,0.0
2016-12-02,2.804,2.804,2.804,2.804,0.0
2016-12-05,2.808,2.808,2.808,2.808,0.0
2016-12-06,2.767,2.767,2.767,2.767,0.0
2016-12-07,2.775,2.775,2.775,2.775,0.0
2016-12-08,2.787,2.787,2.787,2.787,0.0
2016-12-09,2.795,2.795,2.795,2.795,0.0
2016-12-12,2.79,2.79,2.79,2.79,0.0
2016-12-13,2.778,2.778,2.778,2.778,0.0
2016-12-14,2.79,2.79,2.764,2.764,6.0
2016-12-15,2.769,2.769,2.769,2.769,0.0
2016-12-16,2.794,2.794,2.794,2.794,0.0
2016-12-19,2.798,2.798,2.798,2.798,0.0
2016-12-20,2.735,2.735,2.735,2.735,0.0
2016-12-21,2.772,2.772,2.772,2.772,0.0
2016-12-22,2.721,2.721,2.721,2.721,0.0
2016-12-23,2.726,2.726,2.726,2.726,0.0
2016-12-27,2.735,2.735,2.735,2.735,0.0
2016-12-28,2.76,2.76,2.76,2.76,0.0
2016-12-29,2.762,2.762,2.762,2.762,0.0
2016-12-30,2.76,2.76,2.76,2.76,0.0
2017-01-03,2.752,2.752,2.752,2.752,0.0
2017-01-04,2.746,2.746,2.746,2.746,0.0
2017-01-05,2.759,2.759,2.759,2.759,0.0
2017-01-06,2.774,2.774,2.774,2.774,0.0
2017-01-09,2.762,2.762,2.762,2.762,0.0
2017-01-10,2.783,2.821,2.783,2.821,2.0
2017-01-11,2.839,2.839,2.839,2.839,103.0
2017-01-12,2.857,2.857,2.857,2.857,0.0
2017-01-13,2.85,2.85,2.85,2.85,0.0
2017-01-17,2.836,2.836,2.836,2.836,0.0
2017-01-18,2.839,2.839,2.839,2.839,0.0
2017-01-19,2.826,2.826,2.826,2.826,20.0
2017-01-20,2.797,2.797,2.797,2.797,0.0
2017-01-23,2.797,2.797,2.797,2.797,0.0
2017-01-24,2.77,2.77,2.77,2.77,0.0
2017-01-25,2.764,2.764,2.764,2.764,0.0
2017-01-26,2.76,2.76,2.76,2.76,0.0
2017-01-27,2.748,2.748,2.748,2.748,0.0
2017-01-30,2.747,2.747,2.747,2.747,0.0
2017-01-31,2.744,2.744,2.744,2.744,300.0
2017-02-01,2.754,2.754,2.754,2.754,200.0
2017-02-02,2.774,2.774,2.774,2.774,0.0
2017-02-03,2.737,2.737,2.737,2.737,0.0
2017-02-06,2.754,2.754,2.754,2.754,0.0
2017-02-07,2.777,2.777,2.777,2.777,100.0
2017-02-08,2.77,2.77,2.77,2.77,0.0
2017-02-09,2.774,2.774,2.774,2.774,0.0
2017-02-10,2.754,2.754,2.754,2.754,0.0
2017-02-13,2.747,2.747,2.747,2.747,0.0
2017-02-14,2.736,2.736,2.736,2.736,0.0
2017-02-15,2.737,2.737,2.737,2.737,8.0
2017-02-16,2.737,2.737,2.737,2.737,0.0
2017-02-17,2.747,2.747,2.733,2.733,7.0
2017-02-21,2.71,2.71,2.699,2.699,5.0
2017-02-22,2.7,2.718,2.7,2.718,1.0
2017-02-23,2.73,2.73,2.73,2.73,0.0
2017-02-24,2.732,2.732,2.728,2.728,1.0
2017-02-27,2.728,2.728,2.723,2.723,2.0
2017-02-28,2.732,2.732,2.732,2.732,0.0
2017-03-01,2.772,2.772,2.772,2.772,0.0
2017-03-02,2.777,2.777,2.777,2.777,0.0
2017-03-03,2.779,2.779,2.779,2.779,0.0
2017-03-06,2.768,2.768,2.768,2.768,0.0
2017-03-07,2.768,2.768,2.768,2.768,0.0
2017-03-08,2.78,2.78,2.775,2.775,18.0
2017-03-09,2.775,2.775,2.775,2.775,0.0
2017-03-10,2.769,2.769,2.769,2.769,8.0
2017-03-13,2.761,2.761,2.761,2.761,0.0
2017-03-14,2.716,2.716,2.716,2.716,0.0
2017-03-15,2.74,2.74,2.72,2.72,7.0
2017-03-16,2.728,2.728,2.728,2.728,202.0
2017-03-17,2.734,2.734,2.734,2.734,100.0
2017-03-20,2.742,2.742,2.742,2.742,13.0
2017-03-21,2.747,2.747,2.747,2.747,0.0
2017-03-22,2.737,2.745,2.737,2.745,87.0
2017-03-23,2.76,2.76,2.757,2.757,1.0
2017-03-24,2.758,2.758,2.758,2.758,15.0
2017-03-27,2.759,2.759,2.759,2.759,1.0
2017-03-28,2.743,2.743,2.743,2.743,1.0
2017-03-29,2.763,2.763,2.763,2.763,1.0
2017-03-30,2.763,2.763,2.746,2.746,6.0
2017-03-31,2.721,2.721,2.721,2.721,2.0
2017-04-03,2.727,2.727,2.727,2.727,2.0
2017-04-04,2.723,2.723,2.723,2.723,0.0
2017-04-05,2.733,2.733,2.733,2.733,13.0
2017-04-06,2.722,2.722,2.712,2.712,1.0
2017-04-07,2.715,2.715,2.715,2.715,10.0
2017-04-10,2.71,2.71,2.71,2.71,5.0
2017-04-11,2.7,2.723,2.7,2.723,11.0
2017-04-12,2.724,2.724,2.724,2.724,2.0
2017-04-13,2.743,2.743,2.743,2.743,2.0
2017-04-17,2.738,2.738,2.738,2.738,5.0
2017-04-18,2.765,2.765,2.765,2.765,0.0
2017-04-19,2.765,2.782,2.765,2.782,3.0
2017-04-20,2.802,2.802,2.802,2.802,6.0
2017-04-21,2.786,2.786,2.786,2.786,16.0
2017-04-24,2.785,2.785,2.785,2.785,5.0
2017-04-25,2.794,2.794,2.794,2.794,0.0
2017-04-26,2.8,2.8,2.8,2.8,29.0
2017-04-27,2.8,2.8,2.784,2.784,7.0
2017-04-28,2.788,2.788,2.788,2.788,220.0
2017-05-01,2.753,2.753,2.753,2.753,6.0
2017-05-02,2.748,2.748,2.748,2.748,0.0
2017-05-03,2.76,2.76,2.757,2.757,11.0
2017-05-04,2.76,2.76,2.76,2.76,8.0
2017-05-05,2.772,2.772,2.772,2.772,9.0
2017-05-08,2.75,2.75,2.744,2.744,6.0
2017-05-09,2.742,2.742,2.742,2.742,5.0
2017-05-10,2.745,2.745,2.737,2.737,1.0
2017-05-11,2.737,2.737,2.737,2.737,0.0
2017-05-12,2.732,2.732,2.732,2.732,10.0
2017-05-15,2.726,2.726,2.726,2.726,33.0
2017-05-16,2.732,2.732,2.731,2.731,1.0
2017-05-17,2.74,2.747,2.729,2.747,15.0
2017-05-18,2.758,2.758,2.753,2.753,1.0
2017-05-19,2.742,2.742,2.742,2.742,29.0
2017-05-22,2.743,2.743,2.743,2.743,0.0
2017-05-23,2.74,2.74,2.74,2.74,0.0
2017-05-24,2.738,2.738,2.728,2.728,1.0
2017-05-25,2.735,2.735,2.735,2.735,3.0
2017-05-26,2.738,2.738,2.726,2.726,9.0
2017-05-30,2.726,2.73,2.726,2.73,135.0
2017-05-31,2.713,2.713,2.713,2.713,50.0
2017-06-01,2.723,2.723,2.723,2.723,80.0
2017-06-02,2.735,2.735,2.735,2.735,19.0
2017-06-05,2.727,2.727,2.727,2.727,15.0
2017-06-06,2.734,2.734,2.734,2.734,6.0
2017-06-07,2.737,2.737,2.737,2.737,0.0
2017-06-08,2.74,2.74,2.74,2.74,0.0
2017-06-09,2.738,2.738,2.738,2.738,12.0
2017-06-12,2.737,2.737,2.737,2.737,12.0
2017-06-13,2.745,2.756,2.743,2.756,8.0
2017-06-14,2.765,2.765,2.753,2.753,101.0
2017-06-15,2.755,2.755,2.755,2.755,0.0
2017-06-16,2.746,2.746,2.746,2.746,0.0
2017-06-19,2.737,2.737,2.737,2.737,4.0
2017-06-20,2.75,2.75,2.75,2.75,5.0
2017-06-21,2.765,2.768,2.765,2.768,3.0
2017-06-22,2.767,2.767,2.767,2.767,5.0
2017-06-23,2.775,2.775,2.775,2.775,5.0
2017-06-26,2.782,2.782,2.767,2.767,16.0
2017-06-27,2.76,2.76,2.75,2.75,17.0
2017-06-28,2.739,2.739,2.739,2.739,0.0
2017-06-29,2.743,2.743,2.743,2.743,6.0
2017-06-30,2.748,2.748,2.748,2.748,76.0
2017-07-03,2.735,2.735,2.735,2.735,25.0
2017-07-05,2.703,2.703,2.703,2.703,0.0
2017-07-06,2.715,2.715,2.692,2.692,25.0
2017-07-07,2.688,2.688,2.688,2.688,3.0
2017-07-10,2.692,2.692,2.692,2.692,8.0
2017-07-11,2.69,2.69,2.69,2.69,5.0
2017-07-12,2.677,2.677,2.677,2.677,67.0
2017-07-13,2.702,2.702,2.702,2.702,0.0
2017-07-14,2.707,2.707,2.707,2.707,7.0
2017-07-17,2.738,2.738,2.711,2.711,129.0
2017-07-18,2.722,2.722,2.722,2.722,34.0
2017-07-19,2.709,2.709,2.709,2.709,50.0
2017-07-20,2.708,2.708,2.708,2.708,0.0
2017-07-21,2.694,2.694,2.694,2.694,0.0
2017-07-24,2.656,2.656,2.656,2.656,139.0
2017-07-25,2.671,2.671,2.671,2.671,18.0
2017-07-26,2.674,2.674,2.674,2.674,17.0
2017-07-27,2.672,2.672,2.672,2.672,0.0
2017-07-28,2.682,2.682,2.682,2.682,0.0
2017-07-31,2.664,2.678,2.664,2.678,42.0
2017-08-01,2.685,2.685,2.685,2.685,66.0
2017-08-02,2.696,2.704,2.696,2.704,499.0
2017-08-03,2.724,2.724,2.724,2.724,46.0
2017-08-04,2.73,2.73,2.711,2.711,13.0
2017-08-07,2.72,2.721,2.72,2.721,13.0
2017-08-08,2.73,2.73,2.73,2.73,114.0
2017-08-09,2.719,2.719,2.719,2.719,40.0
2017-08-10,2.724,2.724,2.724,2.724,110.0
2017-08-11,2.74,2.74,2.724,2.724,143.0
2017-08-14,2.73,2.73,2.73,2.73,247.0
2017-08-15,2.718,2.718,2.718,2.718,9.0
2017-08-16,2.708,2.71,2.701,2.701,97.0
2017-08-17,2.707,2.71,2.707,2.71,29.0
2017-08-18,2.709,2.709,2.709,2.709,0.0
2017-08-21,2.723,2.723,2.723,2.723,0.0
2017-08-22,2.708,2.708,2.708,2.708,37.0
2017-08-23,2.708,2.708,2.706,2.706,121.0
2017-08-24,2.71,2.71,2.701,2.701,79.0
2017-08-25,2.695,2.695,2.694,2.694,27.0
2017-08-28,2.708,2.708,2.707,2.707,49.0
2017-08-29,2.718,2.718,2.718,2.718,5.0
2017-08-30,2.722,2.722,2.716,2.716,5.0
2017-08-31,2.73,2.73,2.727,2.727,204.0
2017-09-01,2.73,2.733,2.73,2.733,72.0
2017-09-05,2.728,2.728,2.728,2.728,8.0
2017-09-06,2.733,2.733,2.733,2.733,365.0
2017-09-07,2.751,2.751,2.75,2.75,236.0
2017-09-08,2.749,2.749,2.745,2.749,244.0
2017-09-11,2.759,2.766,2.759,2.766,21.0
2017-09-12,2.773,2.773,2.773,2.773,13.0
2017-09-13,2.775,2.775,2.764,2.764,197.0
2017-09-14,2.749,2.773,2.749,2.773,22.0
2017-09-15,2.776,2.777,2.776,2.777,13.0
2017-09-18,2.785,2.785,2.785,2.785,13.0
2017-09-19,2.802,2.802,2.783,2.784,112.0
2017-09-20,2.784,2.784,2.784,2.784,8.0
2017-09-21,2.779,2.779,2.773,2.773,22.0
2017-09-22,2.796,2.796,2.796,2.796,24.0
2017-09-25,2.768,2.768,2.768,2.768,0.0
2017-09-26,2.779,2.779,2.764,2.769,13.0
2017-09-27,2.782,2.782,2.761,2.777,35.0
2017-09-28,2.772,2.772,2.742,2.761,6.0
2017-09-29,2.735,2.752,2.735,2.752,15.0
2017-10-02,2.751,2.751,2.751,2.751,7.0
2017-10-03,2.744,2.753,2.744,2.751,74.0
2017-10-04,2.752,2.752,2.751,2.751,5.0
2017-10-05,2.756,2.756,2.749,2.753,319.0
2017-10-06,2.746,2.747,2.746,2.747,27.0
2017-10-09,2.761,2.761,2.761,2.761,19.0
2017-10-10,2.766,2.771,2.751,2.771,24.0
2017-10-11,2.758,2.758,2.756,2.756,74.0
2017-10-12,2.756,2.767,2.756,2.759,47.0
2017-10-13,2.756,2.788,2.756,2.771,99.0
2017-10-16,2.765,2.783,2.765,2.779,111.0
2017-10-17,2.776,2.776,2.769,2.769,121.0
2017-10-18,2.764,2.78,2.764,2.772,159.0
2017-10-19,2.785,2.787,2.759,2.781,180.0
2017-10-20,2.771,2.779,2.768,2.779,22.0
2017-10-23,2.766,2.766,2.766,2.766,1.0
2017-10-24,2.755,2.768,2.755,2.768,23.0
2017-10-25,2.762,2.765,2.761,2.761,178.0
2017-10-26,2.755,2.772,2.755,2.772,163.0
2017-10-27,2.772,2.772,2.77,2.77,61.0
2017-10-30,2.779,2.779,2.779,2.779,8.0
2017-10-31,2.77,2.772,2.77,2.77,34.0
2017-11-01,2.765,2.765,2.765,2.765,6.0
2017-11-02,2.772,2.781,2.772,2.772,104.0
2017-11-03,2.777,2.777,2.772,2.772,39.0
2017-11-06,2.771,2.776,2.771,2.776,8.0
2017-11-07,2.764,2.769,2.764,2.769,237.0
2017-11-08,2.767,2.769,2.76,2.769,341.0
2017-11-09,2.77,2.77,2.77,2.77,184.0
2017-11-10,2.77,2.771,2.765,2.771,566.0
2017-11-13,2.784,2.784,2.768,2.773,50.0
2017-11-14,2.765,2.771,2.761,2.771,248.0
2017-11-15,2.777,2.777,2.767,2.771,150.0
2017-11-16,2.757,2.792,2.757,2.788,1339.0
2017-11-17,2.779,2.788,2.779,2.779,134.0
2017-11-20,2.778,2.778,2.778,2.778,35.0
2017-11-21,2.774,2.783,2.774,2.783,38.0
2017-11-22,2.778,2.778,2.769,2.77,48.0
2017-11-24,2.766,2.766,2.755,2.755,121.0
2017-11-27,2.782,2.782,2.782,2.782,63.0
2017-11-28,2.78,2.784,2.78,2.784,98.0
2017-11-29,2.787,2.787,2.77,2.772,87.0
2017-11-30,2.765,2.765,2.742,2.751,93.0
2017-12-01,2.736,2.736,2.735,2.735,38.0
2017-12-04,2.706,2.706,2.685,2.695,136.0
2017-12-05,2.718,2.718,2.718,2.718,224.0
2017-12-06,2.7,2.714,2.7,2.714,229.0
2017-12-07,2.695,2.698,2.688,2.688,183.0
2017-12-08,2.697,2.701,2.697,2.701,860.0
2017-12-11,2.711,2.714,2.709,2.709,18.0
2017-12-12,2.691,2.691,2.679,2.679,63.0
2017-12-13,2.66,2.681,2.66,2.681,17.0
2017-12-14,2.678,2.687,2.675,2.687,292.0
2017-12-15,2.671,2.676,2.662,2.662,188.0
2017-12-18,2.7,2.716,2.694,2.695,73.0
2017-12-19,2.715,2.715,2.687,2.687,162.0
2017-12-20,2.661,2.665,2.645,2.66,197.0
2017-12-21,2.64,2.655,2.64,2.645,158.0
2017-12-22,2.655,2.671,2.65,2.671,32.0
2017-12-26,2.71,2.71,2.67,2.67,24.0
2017-12-27,2.68,2.68,2.674,2.678,114.0
2017-12-28,2.694,2.694,2.694,2.694,33.0
2017-12-29,2.7,2.704,2.696,2.704,490.0
2018-01-02,2.713,2.713,2.698,2.699,403.0
2018-01-03,2.686,2.686,2.681,2.686,97.0
2018-01-04,2.68,2.68,2.667,2.667,610.0
2018-01-05,2.653,2.655,2.653,2.655,355.0
2018-01-08,2.667,2.672,2.659,2.671,101.0
2018-01-09,2.671,2.69,2.667,2.69,504.0
2018-01-10,2.676,2.694,2.666,2.694,231.0
2018-01-11,2.672,2.699,2.668,2.699,279.0
2018-01-12,2.683,2.698,2.678,2.698,507.0
2018-01-16,2.685,2.693,2.685,2.692,632.0
2018-01-17,2.7,2.7,2.683,2.696,635.0
2018-01-18,2.7,2.7,2.688,2.699,355.0
2018-01-19,2.69,2.693,2.664,2.684,415.0
2018-01-22,2.685,2.703,2.683,2.703,52.0
2018-01-23,2.697,2.701,2.691,2.701,364.0
2018-01-24,2.699,2.7,2.69,2.7,198.0
2018-01-25,2.68,2.7,2.68,2.696,470.0
2018-01-26,2.69,2.69,2.679,2.687,93.0
2018-01-29,2.69,2.7,2.689,2.698,534.0
2018-01-30,2.706,2.706,2.703,2.705,733.0
2018-01-31,2.708,2.715,2.704,2.709,602.0
2018-02-01,2.713,2.717,2.711,2.716,889.0
2018-02-02,2.716,2.723,2.716,2.723,63.0
2018-02-05,2.733,2.733,2.711,2.718,250.0
2018-02-06,2.712,2.72,2.712,2.718,459.0
2018-02-07,2.72,2.72,2.71,2.711,683.0
2018-02-08,2.727,2.727,2.702,2.706,528.0
2018-02-09,2.699,2.699,2.676,2.684,321.0
2018-02-12,2.668,2.677,2.664,2.675,427.0
2018-02-13,2.685,2.688,2.68,2.685,204.0
2018-02-14,2.672,2.689,2.67,2.683,520.0
2018-02-15,2.667,2.675,2.662,2.666,305.0
2018-02-16,2.651,2.675,2.651,2.671,162.0
2018-02-20,2.685,2.697,2.675,2.675,664.0
2018-02-21,2.651,2.691,2.651,2.687,263.0
2018-02-22,2.69,2.695,2.685,2.691,476.0
2018-02-23,2.685,2.691,2.683,2.691,85.0
2018-02-26,2.706,2.712,2.692,2.7,48.0
2018-02-27,2.687,2.706,2.683,2.699,40.0
2018-02-28,2.698,2.699,2.673,2.673,199.0
2018-03-01,2.666,2.686,2.664,2.686,758.0
2018-03-02,2.69,2.691,2.677,2.679,631.0
2018-03-05,2.682,2.683,2.675,2.683,961.0
2018-03-06,2.691,2.697,2.683,2.697,427.0
2018-03-07,2.7,2.706,2.691,2.706,1356.0
2018-03-08,2.702,2.705,2.691,2.705,671.0
2018-03-09,2.69,2.699,2.687,2.699,822.0
2018-03-12,2.716,2.716,2.695,2.715,943.0
2018-03-13,2.714,2.717,2.709,2.717,464.0
2018-03-14,2.693,2.722,2.688,2.722,813.0
2018-03-15,2.723,2.723,2.693,2.708,808.0
2018-03-16,2.696,2.706,2.696,2.706,487.0
2018-03-19,2.69,2.699,2.688,2.699,30.0
2018-03-20,2.701,2.707,2.698,2.706,170.0
2018-03-21,2.713,2.713,2.686,2.687,128.0
2018-03-22,2.684,2.688,2.676,2.68,430.0
2018-03-23,2.676,2.683,2.658,2.66,897.0
2018-03-26,2.682,2.682,2.663,2.665,1097.0
2018-03-27,2.679,2.696,2.668,2.683,595.0
2018-03-28,2.677,2.679,2.665,2.679,510.0
2018-03-29,2.691,2.692,2.677,2.681,608.0
2018-04-02,2.685,2.69,2.664,2.69,113.0
2018-04-03,2.692,2.703,2.688,2.703,381.0
2018-04-04,2.701,2.704,2.672,2.693,1493.0
2018-04-05,2.676,2.689,2.663,2.689,516.0
2018-04-06,2.692,2.697,2.675,2.682,1105.0
2018-04-09,2.675,2.686,2.661,2.686,644.0
2018-04-10,2.684,2.688,2.67,2.681,356.0
2018-04-11,2.679,2.687,2.67,2.687,212.0
2018-04-12,2.694,2.698,2.677,2.698,113.0
2018-04-13,2.701,2.701,2.688,2.688,762.0
2018-04-16,2.697,2.697,2.686,2.694,648.0
2018-04-17,2.683,2.696,2.676,2.69,845.0
2018-04-18,2.691,2.691,2.673,2.676,1331.0
2018-04-19,2.66,2.66,2.605,2.609,1437.0
2018-04-20,2.609,2.627,2.604,2.617,798.0
2018-04-23,2.614,2.628,2.606,2.617,283.0
2018-04-24,2.612,2.631,2.606,2.631,1561.0
2018-04-25,2.627,2.639,2.625,2.639,700.0
2018-04-26,2.635,2.641,2.633,2.637,814.0
2018-04-27,2.623,2.634,2.611,2.611,329.0
2018-04-30,2.605,2.616,2.604,2.609,735.0
2018-05-01,2.621,2.625,2.615,2.623,738.0
2018-05-02,2.621,2.624,2.606,2.624,643.0
2018-05-03,2.617,2.617,2.594,2.605,258.0
2018-05-04,2.6,2.6,2.581,2.588,420.0
2018-05-07,2.59,2.591,2.576,2.585,499.0
2018-05-08,2.585,2.588,2.551,2.561,427.0
2018-05-09,2.565,2.569,2.542,2.56,519.0
2018-05-10,2.569,2.588,2.553,2.588,1064.0
2018-05-11,2.584,2.593,2.583,2.589,220.0
2018-05-14,2.595,2.603,2.59,2.6,540.0
2018-05-15,2.598,2.602,2.595,2.597,393.0
2018-05-16,2.6,2.6,2.585,2.599,1311.0
2018-05-17,2.6,2.619,2.596,2.619,694.0
2018-05-18,2.617,2.633,2.613,2.629,327.0
2018-05-21,2.627,2.633,2.617,2.63,251.0
2018-05-22,2.635,2.663,2.635,2.663,2300.0
2018-05-23,2.665,2.679,2.661,2.671,1850.0
2018-05-24,2.671,2.675,2.665,2.675,1626.0
2018-05-25,2.675,2.681,2.658,2.675,286.0
2018-05-29,2.669,2.683,2.635,2.65,576.0
2018-05-30,2.65,2.65,2.643,2.648,457.0
2018-05-31,2.673,2.686,2.657,2.667,1492.0
2018-06-01,2.667,2.681,2.659,2.681,1269.0
2018-06-04,2.678,2.679,2.661,2.664,1001.0
2018-06-05,2.664,2.664,2.635,2.648,820.0
2018-06-06,2.647,2.657,2.645,2.649,686.0
2018-06-07,2.655,2.668,2.648,2.663,2211.0
2018-06-08,2.65,2.655,2.639,2.649,382.0
2018-06-11,2.673,2.673,2.655,2.661,784.0
2018-06-12,2.67,2.673,2.65,2.666,687.0
2018-06-13,2.672,2.676,2.664,2.671,1411.0
2018-06-14,2.665,2.677,2.66,2.676,2661.0
2018-06-15,2.677,2.698,2.676,2.695,3653.0
2018-06-18,2.689,2.702,2.677,2.687,1997.0
2018-06-19,2.683,2.684,2.642,2.65,1538.0
2018-06-20,2.661,2.687,2.661,2.687,1028.0
2018-06-21,2.683,2.697,2.68,2.689,939.0
2018-06-22,2.679,2.685,2.663,2.684,283.0
2018-06-25,2.669,2.682,2.669,2.682,168.0
2018-06-26,2.673,2.686,2.672,2.686,233.0
2018-06-27,2.687,2.706,2.683,2.706,506.0
2018-06-28,2.705,2.714,2.688,2.693,1562.0
2018-06-29,2.686,2.694,2.68,2.69,434.0
2018-07-02,2.675,2.678,2.65,2.672,729.0
2018-07-03,2.67,2.686,2.668,2.685,412.0
2018-07-05,2.689,2.699,2.671,2.681,581.0
2018-07-06,2.67,2.683,2.67,2.682,432.0
2018-07-09,2.68,2.685,2.66,2.672,607.0
2018-07-10,2.656,2.668,2.653,2.657,443.0
2018-07-11,2.651,2.684,2.651,2.684,858.0
2018-07-12,2.677,2.679,2.652,2.657,823.0
2018-07-13,2.646,2.661,2.63,2.633,444.0
2018-07-16,2.633,2.641,2.607,2.624,1269.0
2018-07-17,2.629,2.638,2.611,2.614,1460.0
2018-07-18,2.606,2.617,2.602,2.606,915.0
2018-07-19,2.612,2.625,2.597,2.621,474.0
2018-07-20,2.613,2.618,2.608,2.608,233.0
2018-07-23,2.602,2.61,2.6,2.608,359.0
2018-07-24,2.61,2.619,2.604,2.615,1463.0
2018-07-25,2.617,2.634,2.617,2.632,1579.0
2018-07-26,2.633,2.642,2.616,2.616,421.0
2018-07-27,2.625,2.639,2.615,2.634,518.0
2018-07-30,2.647,2.658,2.629,2.658,1497.0
2018-07-31,2.657,2.665,2.632,2.64,411.0
2018-08-01,2.619,2.629,2.602,2.608,517.0
2018-08-02,2.601,2.63,2.598,2.629,937.0
2018-08-03,2.635,2.645,2.628,2.644,754.0
2018-08-06,2.63,2.651,2.63,2.651,560.0
2018-08-07,2.656,2.669,2.651,2.668,2400.0
2018-08-08,2.664,2.698,2.663,2.698,1963.0
2018-08-09,2.696,2.708,2.691,2.708,1485.0
2018-08-10,2.696,2.701,2.689,2.701,2484.0
2018-08-13,2.696,2.711,2.682,2.711,549.0
2018-08-14,2.711,2.727,2.711,2.722,1900.0
2018-08-15,2.712,2.723,2.709,2.716,1269.0
2018-08-16,2.709,2.714,2.692,2.706,1557.0
2018-08-17,2.72,2.726,2.709,2.714,1093.0
2018-08-20,2.699,2.714,2.695,2.71,1034.0
2018-08-21,2.71,2.721,2.704,2.716,1025.0
2018-08-22,2.708,2.719,2.706,2.713,623.0
2018-08-23,2.716,2.724,2.707,2.722,1178.0
2018-08-24,2.714,2.726,2.694,2.7,871.0
2018-08-27,2.694,2.694,2.661,2.669,354.0
2018-08-28,2.667,2.668,2.644,2.652,1486.0
2018-08-29,2.647,2.66,2.641,2.653,1273.0
2018-08-30,2.652,2.658,2.645,2.651,1847.0
2018-08-31,2.659,2.68,2.659,2.672,1193.0
2018-09-04,2.66,2.662,2.619,2.632,1868.0
2018-09-05,2.632,2.636,2.618,2.623,1972.0
2018-09-06,2.615,2.622,2.602,2.604,653.0
2018-09-07,2.61,2.611,2.594,2.604,762.0
2018-09-10,2.604,2.616,2.595,2.615,823.0
2018-09-11,2.617,2.628,2.605,2.624,1149.0
2018-09-12,2.635,2.643,2.623,2.635,757.0
2018-09-13,2.623,2.648,2.623,2.631,1001.0
2018-09-14,2.625,2.63,2.6,2.607,709.0
2018-09-17,2.616,2.617,2.602,2.612,2436.0
2018-09-18,2.615,2.64,2.608,2.637,1141.0
2018-09-19,2.63,2.635,2.609,2.623,2329.0
2018-09-20,2.627,2.655,2.62,2.652,1687.0
2018-09-21,2.644,2.65,2.629,2.648,1986.0
2018-09-24,2.644,2.661,2.639,2.652,2008.0
2018-09-25,2.65,2.652,2.635,2.648,2733.0
2018-09-26,2.643,2.655,2.625,2.653,4506.0
2018-09-27,2.647,2.67,2.639,2.651,1917.0
2018-09-28,2.643,2.66,2.628,2.66,693.0
2018-10-01,2.662,2.676,2.66,2.674,2871.0
2018-10-02,2.676,2.701,2.669,2.701,1929.0
2018-10-03,2.694,2.712,2.69,2.711,1389.0
2018-10-04,2.702,2.716,2.686,2.707,2170.0
2018-10-05,2.716,2.725,2.699,2.717,1560.0
2018-10-08,2.723,2.74,2.717,2.738,2780.0
2018-10-09,2.735,2.749,2.721,2.739,3470.0
2018-10-10,2.744,2.754,2.72,2.735,8577.0
2018-10-11,2.733,2.744,2.713,2.744,9548.0
2018-10-12,2.751,2.758,2.721,2.742,2462.0
2018-10-15,2.735,2.756,2.733,2.751,982.0
2018-10-16,2.754,2.755,2.733,2.754,2183.0
2018-10-17,2.754,2.758,2.741,2.753,1032.0
2018-10-18,2.746,2.747,2.72,2.733,1025.0
2018-10-19,2.736,2.748,2.714,2.748,1377.0
2018-10-22,2.737,2.742,2.714,2.725,1930.0
2018-10-23,2.712,2.742,2.712,2.742,2823.0
2018-10-24,2.742,2.743,2.714,2.714,645.0
2018-10-25,2.716,2.728,2.703,2.704,465.0
2018-10-26,2.686,2.699,2.672,2.695,839.0
2018-10-29,2.676,2.698,2.665,2.698,942.0
2018-10-30,2.69,2.716,2.682,2.687,2215.0
2018-10-31,2.695,2.712,2.688,2.709,1927.0
2018-11-01,2.708,2.729,2.687,2.699,5994.0
2018-11-02,2.679,2.704,2.673,2.703,5795.0
2018-11-05,2.717,2.73,2.701,2.729,7917.0
2018-11-06,2.718,2.748,2.714,2.747,2188.0
2018-11-07,2.75,2.75,2.734,2.747,2349.0
2018-11-08,2.746,2.759,2.739,2.755,1671.0
2018-11-09,2.76,2.805,2.749,2.766,8024.0
2018-11-12,2.781,2.811,2.762,2.778,5427.0
2018-11-13,2.813,2.831,2.737,2.755,7780.0
2018-11-14,2.733,2.77,2.693,2.729,15423.0
2018-11-15,2.74,2.74,2.638,2.679,6804.0
2018-11-16,2.653,2.717,2.652,2.693,4773.0
2018-11-19,2.715,2.779,2.694,2.742,6832.0
2018-11-20,2.739,2.75,2.675,2.685,14101.0
2018-11-21,2.729,2.753,2.669,2.677,9241.0
2018-11-23,2.691,2.745,2.641,2.739,3469.0
2018-11-26,2.722,2.737,2.704,2.735,2497.0
2018-11-27,2.729,2.771,2.708,2.762,3044.0
2018-11-28,2.76,2.798,2.754,2.792,3548.0
2018-11-29,2.774,2.792,2.759,2.761,4244.0
2018-11-30,2.799,2.799,2.75,2.785,3830.0
2018-12-03,2.78,2.818,2.77,2.812,5177.0
2018-12-04,2.825,2.862,2.818,2.845,4621.0
2018-12-05,2.857,2.921,2.841,2.856,4533.0
2018-12-06,2.856,2.859,2.829,2.853,3398.0
2018-12-07,2.861,2.901,2.85,2.885,6052.0
2018-12-10,2.897,2.914,2.858,2.871,6096.0
2018-12-11,2.882,2.908,2.855,2.895,5610.0
2018-12-12,2.885,2.898,2.826,2.831,5403.0
2018-12-13,2.831,2.865,2.809,2.815,4504.0
2018-12-14,2.821,2.833,2.811,2.83,5243.0
2018-12-17,2.8,2.839,2.755,2.763,4905.0
2018-12-18,2.788,2.82,2.772,2.814,2909.0
2018-12-19,2.815,2.824,2.773,2.815,2424.0
2018-12-20,2.821,2.844,2.789,2.812,3382.0
2018-12-21,2.821,2.88,2.81,2.879,3938.0
2018-12-24,2.879,2.88,2.794,2.809,1820.0
2018-12-26,2.82,2.854,2.796,2.833,4061.0
2018-12-27,2.84,2.863,2.825,2.862,3663.0
2018-12-28,2.862,2.875,2.813,2.824,2819.0
2018-12-31,2.795,2.816,2.718,2.725,4192.0
2019-01-02,2.733,2.75,2.652,2.652,9474.0
2019-01-03,2.67,2.697,2.637,2.644,8351.0
2019-01-04,2.662,2.709,2.653,2.707,6591.0
2019-01-07,2.685,2.735,2.671,2.723,6069.0
2019-01-08,2.726,2.781,2.726,2.748,10125.0
2019-01-09,2.776,2.788,2.759,2.777,8104.0
2019-01-10,2.775,2.818,2.77,2.78,5836.0
2019-01-11,2.799,2.843,2.799,2.818,9296.0
2019-01-14,2.862,2.917,2.862,2.907,10321.0
2019-01-15,2.903,2.91,2.829,2.845,7083.0
2019-01-16,2.824,2.896,2.806,2.84,9102.0
2019-01-17,2.866,2.901,2.855,2.87,4575.0
2019-01-18,2.863,2.907,2.844,2.907,7079.0
2019-01-22,2.869,2.899,2.852,2.873,7460.0
2019-01-23,2.892,2.913,2.843,2.86,9692.0
2019-01-24,2.876,2.907,2.863,2.903,5482.0
2019-01-25,2.911,2.927,2.877,2.927,9448.0
2019-01-28,2.855,2.899,2.835,2.875,9206.0
2019-01-29,2.881,2.913,2.844,2.91,7420.0
2019-01-30,2.895,2.94,2.877,2.884,5139.0
2019-01-31,2.898,2.904,2.84,2.841,9237.0
2019-02-01,2.857,2.857,2.775,2.778,11077.0
2019-02-04,2.771,2.78,2.73,2.735,8400.0
2019-02-05,2.741,2.775,2.731,2.748,8804.0
2019-02-06,2.771,2.781,2.747,2.76,8906.0
2019-02-07,2.767,2.768,2.695,2.705,27086.0
2019-02-08,2.723,2.764,2.708,2.743,21451.0
2019-02-11,2.784,2.828,2.782,2.788,31106.0
2019-02-12,2.795,2.836,2.768,2.833,22219.0
2019-02-13,2.8,2.8,2.758,2.769,30198.0
2019-02-14,2.78,2.785,2.749,2.755,14343.0
2019-02-15,2.734,2.793,2.734,2.79,15544.0
2019-02-19,2.769,2.827,2.767,2.827,11702.0
2019-02-20,2.821,2.844,2.794,2.799,10862.0
2019-02-21,2.809,2.841,2.805,2.835,10386.0
2019-02-22,2.82,2.85,2.818,2.85,7181.0
2019-02-25,2.866,2.896,2.86,2.892,10508.0
2019-02-26,2.891,2.911,2.856,2.88,9550.0
2019-02-27,2.86,2.904,2.832,2.886,7302.0
2019-02-28,2.893,2.913,2.88,2.907,13460.0
2019-03-01,2.894,2.942,2.88,2.941,13138.0
2019-03-04,2.94,2.962,2.914,2.938,11123.0
2019-03-05,2.938,2.97,2.923,2.956,11534.0
2019-03-06,2.955,2.963,2.917,2.928,13605.0
2019-03-07,2.933,2.96,2.907,2.956,18522.0
2019-03-08,2.958,2.979,2.953,2.961,16715.0
2019-03-11,2.932,2.942,2.886,2.892,25239.0
2019-03-12,2.901,2.916,2.875,2.906,12938.0
2019-03-13,2.915,2.949,2.89,2.937,13433.0
2019-03-14,2.953,2.956,2.939,2.949,9317.0
2019-03-15,2.933,2.948,2.901,2.906,7727.0
2019-03-18,2.901,2.961,2.894,2.959,9551.0
2019-03-19,2.943,2.991,2.941,2.966,9475.0
2019-03-20,2.953,2.966,2.921,2.929,17148.0
2019-03-21,2.932,2.943,2.911,2.938,16289.0
2019-03-22,2.934,2.937,2.861,2.894,15366.0
2019-03-25,2.866,2.907,2.85,2.9,16512.0
2019-03-26,2.898,2.91,2.872,2.878,14043.0
2019-03-27,2.868,2.87,2.824,2.846,17573.0
2019-03-28,2.849,2.873,2.83,2.833,12522.0
2019-03-29,2.839,2.847,2.789,2.793,20480.0
2019-04-01,2.801,2.843,2.787,2.814,24750.0
2019-04-02,2.804,2.824,2.786,2.798,24438.0
2019-04-03,2.801,2.805,2.777,2.789,15938.0
2019-04-04,2.786,2.791,2.755,2.765,17583.0
2019-04-05,2.761,2.797,2.754,2.787,23919.0
2019-04-08,2.78,2.838,2.778,2.828,14677.0
2019-04-09,2.832,2.838,2.806,2.821,16099.0
2019-04-10,2.827,2.843,2.808,2.821,17748.0
2019-04-11,2.816,2.827,2.779,2.785,19783.0
2019-04-12,2.795,2.802,2.773,2.782,12382.0
2019-04-15,2.768,2.773,2.714,2.717,15129.0
2019-04-16,2.719,2.725,2.697,2.702,23502.0
2019-04-17,2.702,2.708,2.636,2.649,22986.0
2019-04-18,2.64,2.643,2.613,2.622,19868.0
2019-04-22,2.622,2.659,2.621,2.633,13145.0
2019-04-23,2.638,2.644,2.571,2.579,21965.0
2019-04-24,2.575,2.603,2.574,2.581,10026.0
2019-04-25,2.593,2.63,2.559,2.623,12317.0
2019-04-26,2.615,2.668,2.6,2.646,14185.0
2019-04-29,2.643,2.66,2.62,2.656,11545.0
2019-04-30,2.651,2.675,2.629,2.637,14332.0
2019-05-01,2.63,2.678,2.625,2.67,20176.0
2019-05-02,2.664,2.67,2.618,2.639,18482.0
2019-05-03,2.637,2.656,2.602,2.613,14488.0
2019-05-06,2.607,2.619,2.566,2.575,12444.0
2019-05-07,2.573,2.603,2.567,2.591,27636.0
2019-05-08,2.599,2.667,2.591,2.663,27776.0
2019-05-09,2.657,2.659,2.618,2.65,23044.0
2019-05-10,2.647,2.695,2.629,2.671,21046.0
2019-05-13,2.665,2.695,2.649,2.667,22111.0
2019-05-14,2.668,2.708,2.668,2.699,22681.0
2019-05-15,2.693,2.707,2.64,2.646,20156.0
2019-05-16,2.648,2.686,2.634,2.684,17468.0
2019-05-17,2.682,2.702,2.663,2.675,14088.0
2019-05-20,2.675,2.741,2.672,2.709,20179.0
2019-05-21,2.7,2.704,2.647,2.651,16140.0
2019-05-22,2.652,2.659,2.568,2.572,28938.0
2019-05-23,2.582,2.608,2.564,2.6,32788.0
2019-05-24,2.6,2.624,2.565,2.615,21385.0
2019-05-28,2.611,2.623,2.548,2.587,26695.0
2019-05-29,2.585,2.644,2.585,2.623,32431.0
2019-05-30,2.616,2.627,2.539,2.549,39785.0
2019-05-31,2.56,2.569,2.447,2.45,63974.0
2019-06-03,2.444,2.466,2.38,2.392,67549.0
2019-06-04,2.408,2.436,2.379,2.411,45366.0
2019-06-05,2.415,2.421,2.353,2.372,39885.0
2019-06-06,2.365,2.385,2.3,2.315,56953.0
2019-06-07,2.324,2.339,2.298,2.317,68521.0
2019-06-10,2.321,2.341,2.308,2.335,68987.0
2019-06-11,2.341,2.384,2.316,2.377,61673.0
2019-06-12,2.377,2.384,2.347,2.365,52990.0
2019-06-13,2.36,2.362,2.307,2.312,64804.0
2019-06-14,2.316,2.382,2.314,2.371,38675.0
2019-06-17,2.376,2.402,2.338,2.359,35658.0
2019-06-18,2.351,2.369,2.287,2.296,41778.0
2019-06-19,2.302,2.323,2.238,2.245,49977.0
2019-06-20,2.248,2.261,2.115,2.146,64627.0
2019-06-21,2.174,2.181,2.136,2.143,43426.0
2019-06-24,2.151,2.27,2.149,2.256,41424.0
2019-06-25,2.249,2.271,2.212,2.26,30633.0
2019-06-26,2.24,2.279,2.232,2.244,52484.0
2019-06-27,2.246,2.313,2.241,2.298,38891.0
2019-06-28,2.294,2.338,2.275,2.282,58722.0
2019-07-01,2.3,2.306,2.193,2.242,56490.0
2019-07-02,2.242,2.271,2.209,2.217,42301.0
2019-07-03,2.217,2.267,2.214,2.263,48242.0
2019-07-05,2.26,2.412,2.237,2.389,69523.0
2019-07-08,2.431,2.437,2.346,2.384,113535.0
2019-07-09,2.382,2.423,2.347,2.416,119584.0
2019-07-10,2.42,2.476,2.407,2.433,123370.0
2019-07-11,2.428,2.472,2.377,2.401,126682.0
2019-07-12,2.394,2.458,2.385,2.434,126733.0
2019-07-15,2.442,2.444,2.359,2.386,104225.0
2019-07-16,2.372,2.385,2.277,2.286,118678.0
2019-07-17,2.296,2.32,2.263,2.278,85118.0
2019-07-18,2.283,2.326,2.242,2.263,122814.0
2019-07-19,2.267,2.276,2.217,2.228,100393.0
2019-07-22,2.22,2.302,2.211,2.293,145490.0
2019-07-23,2.3,2.305,2.264,2.275,108276.0
2019-07-24,2.264,2.273,2.192,2.202,157798.0
2019-07-25,2.213,2.248,2.206,2.227,113288.0
2019-07-26,2.22,2.225,2.147,2.15,173495.0
2019-07-29,2.154,2.164,2.101,2.116,157689.0
2019-07-30,2.116,2.142,2.107,2.137,91715.0
2019-07-31,2.138,2.268,2.127,2.233,221834.0
2019-08-01,2.238,2.333,2.165,2.202,251301.0
2019-08-02,2.169,2.202,2.077,2.121,206336.0
2019-08-05,2.078,2.109,2.029,2.07,179226.0
2019-08-06,2.091,2.133,2.073,2.111,142248.0
2019-08-07,2.103,2.145,2.074,2.083,203419.0
2019-08-08,2.088,2.155,2.086,2.128,191128.0
2019-08-09,2.124,2.145,2.064,2.119,171907.0
2019-08-12,2.124,2.157,2.095,2.105,167913.0
2019-08-13,2.106,2.175,2.086,2.147,199867.0
2019-08-14,2.159,2.203,2.122,2.143,127365.0
2019-08-15,2.159,2.267,2.138,2.232,206773.0
2019-08-16,2.22,2.224,2.17,2.2,111985.0
2019-08-19,2.164,2.221,2.134,2.21,144757.0
2019-08-20,2.202,2.231,2.187,2.218,107837.0
2019-08-21,2.214,2.238,2.157,2.17,193526.0
2019-08-22,2.169,2.195,2.145,2.159,113108.0
2019-08-23,2.15,2.167,2.12,2.152,81623.0
2019-08-26,2.169,2.237,2.159,2.23,52780.0
2019-08-27,2.231,2.233,2.175,2.202,63224.0
2019-08-28,2.201,2.277,2.195,2.251,8660.0
