DATETIME,OPEN,HIGH,LOW,FINAL,VOLUME
2008-11-25,8.658,8.658,8.658,8.658,0.0
2008-11-26,8.862,8.862,8.862,8.862,0.0
2008-11-28,8.74,8.74,8.74,8.74,0.0
2008-12-01,8.744,8.744,8.744,8.744,0.0
2008-12-02,8.613,8.613,8.613,8.613,0.0
2008-12-03,8.6,8.6,8.6,8.6,0.0
2008-12-04,8.512,8.512,8.512,8.512,0.0
2008-12-05,8.352,8.352,8.352,8.352,0.0
2008-12-08,8.301,8.301,8.301,8.301,0.0
2008-12-09,8.371,8.371,8.371,8.371,0.0
2008-12-10,8.483,8.483,8.483,8.483,0.0
2008-12-11,8.452,8.452,8.452,8.452,0.0
2008-12-12,8.286,8.286,8.286,8.286,0.0
2008-12-15,8.306,8.306,8.306,8.306,0.0
2008-12-16,8.334,8.334,8.334,8.334,0.0
2008-12-17,8.293,8.293,8.293,8.293,0.0
2008-12-18,8.186,8.186,8.186,8.186,0.0
2008-12-19,8.027,8.027,8.027,8.027,0.0
2008-12-22,7.907,7.907,7.907,7.907,0.0
2008-12-23,7.865,7.865,7.865,7.865,0.0
2008-12-24,7.864,7.864,7.864,7.864,0.0
2008-12-26,7.815,7.815,7.815,7.815,0.0
2008-12-29,7.812,7.812,7.812,7.812,0.0
2008-12-30,7.708,7.708,7.708,7.708,0.0
2008-12-31,7.735,7.735,7.735,7.735,0.0
2009-01-02,7.884,7.884,7.884,7.884,0.0
2009-01-05,7.96,7.96,7.96,7.96,0.0
2009-01-06,8.028,8.028,8.028,8.028,0.0
2009-01-07,8.014,8.014,8.014,8.014,0.0
2009-01-08,7.979,7.979,7.979,7.979,0.0
2009-01-09,7.998,7.998,7.998,7.998,0.0
2009-01-12,8.067,8.067,8.067,8.067,0.0
2009-01-13,8.047,8.047,8.047,8.047,0.0
2009-01-14,7.988,7.988,7.988,7.988,0.0
2009-01-15,7.85,7.85,7.85,7.85,0.0
2009-01-16,7.842,7.842,7.842,7.842,0.0
2009-01-20,7.856,7.856,7.856,7.856,0.0
2009-01-21,7.863,7.863,7.863,7.863,0.0
2009-01-22,7.914,7.914,7.914,7.914,0.0
2009-01-23,7.9,7.9,7.9,7.9,0.0
2009-01-26,8.013,8.013,8.013,8.013,0.0
2009-01-27,8.066,8.066,8.066,8.066,0.0
2009-01-28,8.04,8.04,8.04,8.04,0.0
2009-01-29,8.079,8.079,8.079,8.079,0.0
2009-01-30,8.014,8.014,8.014,8.014,0.0
2009-02-02,8.012,8.012,8.012,8.012,0.0
2009-02-03,8.093,8.093,8.093,8.093,0.0
2009-02-04,8.162,8.162,8.162,8.162,0.0
2009-02-05,8.178,8.178,8.178,8.178,0.0
2009-02-06,8.099,8.099,8.099,8.099,0.0
2009-02-09,8.139,8.139,8.139,8.139,0.0
2009-02-10,8.045,8.045,8.045,8.045,0.0
2009-02-11,8.032,8.032,8.032,8.032,0.0
2009-02-12,7.994,7.994,7.994,7.994,0.0
2009-02-13,8.004,8.004,8.004,8.004,0.0
2009-02-17,7.902,7.902,7.902,7.902,0.0
2009-02-18,7.777,7.777,7.777,7.777,0.0
2009-02-19,7.689,7.689,7.689,7.689,0.0
2009-02-20,7.741,7.741,7.741,7.741,0.0
2009-02-23,7.794,7.794,7.794,7.794,0.0
2009-02-24,7.851,7.851,7.851,7.851,0.0
2009-02-25,7.813,7.813,7.813,7.813,0.0
2009-02-26,7.836,7.836,7.836,7.836,0.0
2009-02-27,7.78,7.78,7.78,7.78,0.0
2009-03-02,7.673,7.673,7.673,7.673,0.0
2009-03-03,7.685,7.685,7.685,7.685,0.0
2009-03-04,7.652,7.652,7.652,7.652,0.0
2009-03-05,7.462,7.462,7.462,7.462,0.0
2009-03-06,7.405,7.405,7.405,7.405,0.0
2009-03-09,7.415,7.415,7.415,7.415,0.0
2009-03-10,7.416,7.416,7.416,7.416,0.0
2009-03-11,7.297,7.297,7.297,7.297,0.0
2009-03-12,7.292,7.292,7.292,7.292,0.0
2009-03-13,7.253,7.253,7.253,7.253,0.0
2009-03-16,7.217,7.217,7.217,7.217,0.0
2009-03-17,7.144,7.144,7.144,7.144,0.0
2009-03-18,7.128,7.128,7.128,7.128,0.0
2009-03-19,7.326,7.326,7.326,7.326,0.0
2009-03-20,7.411,7.411,7.411,7.411,0.0
2009-03-23,7.518,7.518,7.518,7.518,0.0
2009-03-24,7.658,7.658,7.658,7.658,0.0
2009-03-25,7.719,7.719,7.719,7.719,0.0
2009-03-26,7.634,7.634,7.634,7.634,0.0
2009-03-27,7.584,7.584,7.584,7.584,0.0
2009-03-30,7.591,7.591,7.591,7.591,0.0
2009-03-31,7.681,7.681,7.681,7.681,0.0
2009-04-01,7.672,7.672,7.672,7.672,0.0
2009-04-02,7.691,7.691,7.691,7.691,0.0
2009-04-03,7.684,7.684,7.684,7.684,0.0
2009-04-06,7.697,7.697,7.697,7.697,0.0
2009-04-07,7.662,7.662,7.662,7.662,0.0
2009-04-08,7.664,7.664,7.664,7.664,0.0
2009-04-09,7.657,7.657,7.657,7.657,0.0
2009-04-13,7.679,7.679,7.679,7.679,0.0
2009-04-14,7.76,7.76,7.76,7.76,0.0
2009-04-15,7.784,7.784,7.784,7.784,0.0
2009-04-16,7.825,7.825,7.825,7.825,0.0
2009-04-17,7.878,7.878,7.878,7.878,0.0
2009-04-20,7.849,7.849,7.849,7.849,0.0
2009-04-21,7.873,7.873,7.873,7.873,0.0
2009-04-22,7.912,7.912,7.912,7.912,0.0
2009-04-23,7.908,7.908,7.908,7.908,0.0
2009-04-24,7.896,7.896,7.896,7.896,0.0
2009-04-27,7.874,7.874,7.874,7.874,0.0
2009-04-28,7.799,7.799,7.799,7.799,0.0
2009-04-29,7.779,7.779,7.779,7.779,0.0
2009-04-30,7.768,7.768,7.768,7.768,0.0
2009-05-01,7.795,7.795,7.795,7.795,0.0
2009-05-04,7.879,7.879,7.879,7.879,0.0
2009-05-05,7.853,7.853,7.853,7.853,0.0
2009-05-06,7.871,7.871,7.871,7.871,0.0
2009-05-07,7.911,7.911,7.911,7.911,0.0
2009-05-08,7.858,7.858,7.858,7.858,0.0
2009-05-11,7.806,7.806,7.806,7.806,0.0
2009-05-12,7.788,7.788,7.788,7.788,30.0
2009-05-13,7.694,7.694,7.694,7.694,0.0
2009-05-14,7.763,7.763,7.763,7.763,0.0
2009-05-15,7.768,7.768,7.768,7.768,0.0
2009-05-18,7.877,7.877,7.877,7.877,0.0
2009-05-19,7.876,7.876,7.876,7.876,0.0
2009-05-20,7.913,7.913,7.913,7.913,0.0
2009-05-21,7.859,7.859,7.859,7.859,0.0
2009-05-22,7.939,7.939,7.939,7.939,0.0
2009-05-26,7.987,7.987,7.987,7.987,0.0
2009-05-27,8.006,8.006,8.006,8.006,0.0
2009-05-28,8.051,8.051,8.051,8.051,0.0
2009-05-29,8.011,8.011,8.011,8.011,0.0
2009-06-01,8.097,8.097,8.097,8.097,0.0
2009-06-02,8.024,8.024,8.024,8.024,0.0
2009-06-03,7.995,7.995,7.995,7.995,0.0
2009-06-04,8.255,8.255,8.255,8.255,0.0
2009-06-05,8.352,8.352,8.352,8.352,0.0
2009-06-08,8.374,8.374,8.374,8.374,0.0
2009-06-09,8.403,8.403,8.403,8.403,0.0
2009-06-10,8.339,8.339,8.339,8.339,0.0
2009-06-11,8.414,8.414,8.414,8.414,0.0
2009-06-12,8.35,8.35,8.35,8.35,0.0
2009-06-15,8.367,8.367,8.367,8.367,0.0
2009-06-16,8.348,8.348,8.348,8.348,0.0
2009-06-17,8.335,8.335,8.335,8.335,0.0
2009-06-18,8.252,8.252,8.252,8.252,0.0
2009-06-19,8.123,8.123,8.123,8.123,0.0
2009-06-22,8.043,8.043,8.043,8.043,0.0
2009-06-23,8.023,8.023,8.023,8.023,0.0
2009-06-24,8.052,8.052,8.052,8.052,0.0
2009-06-25,8.107,8.107,8.107,8.107,0.0
2009-06-26,8.176,8.176,8.176,8.176,0.0
2009-06-29,8.131,8.131,8.131,8.131,0.0
2009-06-30,8.155,8.155,8.155,8.155,0.0
2009-07-01,8.18,8.18,8.18,8.18,0.0
2009-07-02,8.187,8.187,8.187,8.187,0.0
2009-07-06,8.187,8.187,8.187,8.187,0.0
2009-07-07,8.164,8.164,8.164,8.164,0.0
2009-07-08,8.097,8.097,8.097,8.097,0.0
2009-07-09,8.092,8.092,8.092,8.092,0.0
2009-07-10,8.021,8.021,8.021,8.021,0.0
2009-07-13,7.922,7.922,7.922,7.922,0.0
2009-07-14,7.945,7.945,7.945,7.945,0.0
2009-07-15,7.894,7.894,7.894,7.894,0.0
2009-07-16,8.002,8.002,8.002,8.002,0.0
2009-07-17,7.93,7.93,7.93,7.93,0.0
2009-07-20,7.938,7.938,7.938,7.938,0.0
2009-07-21,7.905,7.905,7.905,7.905,0.0
2009-07-22,7.842,7.842,7.842,7.842,0.0
2009-07-23,7.846,7.846,7.846,7.846,0.0
2009-07-24,7.95,7.95,7.95,7.95,0.0
2009-07-27,7.934,7.934,7.934,7.934,0.0
2009-07-28,7.912,7.912,7.912,7.912,0.0
2009-07-29,7.839,7.839,7.839,7.839,0.0
2009-07-30,7.933,7.933,7.933,7.933,0.0
2009-07-31,7.911,7.911,7.911,7.911,0.0
2009-08-03,8.046,8.046,8.046,8.046,0.0
2009-08-04,7.99,7.99,7.99,7.99,0.0
2009-08-05,8.006,8.006,8.006,8.006,0.0
2009-08-06,7.931,7.931,7.931,7.931,0.0
2009-08-07,7.922,7.922,7.922,7.922,0.0
2009-08-10,7.942,7.942,7.942,7.942,0.0
2009-08-11,7.931,7.931,7.931,7.931,0.0
2009-08-12,7.941,7.941,7.941,7.941,0.0
2009-08-13,7.93,7.93,7.93,7.93,0.0
2009-08-14,7.904,7.904,7.904,7.904,0.0
2009-08-17,7.846,7.846,7.846,7.846,0.0
2009-08-18,7.808,7.808,7.808,7.808,0.0
2009-08-19,7.813,7.813,7.813,7.813,0.0
2009-08-20,7.804,7.804,7.804,7.804,0.0
2009-08-21,7.85,7.85,7.85,7.85,0.0
2009-08-24,7.903,7.903,7.903,7.903,0.0
2009-08-25,7.844,7.844,7.844,7.844,0.0
2009-08-26,7.833,7.833,7.833,7.833,0.0
2009-08-27,7.851,7.851,7.851,7.851,0.0
2009-08-28,7.828,7.828,7.828,7.828,0.0
2009-08-31,7.76,7.76,7.76,7.76,0.0
2009-09-01,7.66,7.66,7.66,7.66,0.0
2009-09-02,7.667,7.667,7.667,7.667,0.0
2009-09-03,7.614,7.614,7.614,7.614,0.0
2009-09-04,7.585,7.585,7.585,7.585,0.0
2009-09-08,7.661,7.661,7.661,7.661,0.0
2009-09-09,7.644,7.644,7.644,7.644,0.0
2009-09-10,7.825,7.825,7.825,7.825,0.0
2009-09-11,7.745,7.745,7.745,7.745,0.0
2009-09-14,7.826,7.826,7.826,7.826,0.0
2009-09-15,7.778,7.778,7.778,7.778,0.0
2009-09-16,7.95,7.95,7.95,7.95,0.0
2009-09-17,7.793,7.793,7.793,7.793,0.0
2009-09-18,7.953,7.953,7.953,7.953,0.0
2009-09-21,7.887,7.887,7.887,7.887,0.0
2009-09-22,7.987,7.987,7.987,7.987,0.0
2009-09-23,7.988,7.988,7.988,7.988,0.0
2009-09-24,7.981,7.981,7.981,7.981,0.0
2009-09-25,7.989,7.989,7.989,7.989,0.0
2009-09-28,7.941,7.941,7.941,7.941,0.0
2009-09-29,7.894,7.894,7.894,7.894,0.0
2009-09-30,7.876,7.876,7.876,7.876,0.0
2009-10-01,7.9,7.9,7.9,7.9,0.0
2009-10-02,7.978,7.978,7.978,7.978,0.0
2009-10-05,7.932,7.932,7.932,7.932,0.0
2009-10-06,7.889,7.889,7.889,7.889,0.0
2009-10-07,7.947,7.947,7.947,7.947,0.0
2009-10-08,7.979,7.979,7.979,7.979,0.0
2009-10-09,7.929,7.929,7.929,7.929,0.0
2009-10-12,8.029,8.029,8.029,8.029,0.0
2009-10-13,7.953,7.953,7.953,7.953,0.0
2009-10-14,7.992,7.992,7.992,7.992,0.0
2009-10-15,8.057,8.057,8.057,8.057,0.0
2009-10-16,8.19,8.19,8.19,8.19,0.0
2009-10-19,8.222,8.222,8.222,8.222,0.0
2009-10-20,8.211,8.211,8.211,8.211,0.0
2009-10-21,8.157,8.157,8.157,8.157,0.0
2009-10-22,8.109,8.109,8.109,8.109,0.0
2009-10-23,8.1,8.1,8.1,8.1,0.0
2009-10-26,7.996,7.996,7.996,7.996,0.0
2009-10-27,8.031,8.031,8.031,8.031,0.0
2009-10-28,8.192,8.192,8.192,8.192,0.0
2009-10-29,8.209,8.209,8.209,8.209,0.0
2009-10-30,8.248,8.248,8.248,8.248,0.0
2009-11-02,8.188,8.188,8.188,8.188,0.0
2009-11-03,8.233,8.233,8.233,8.233,0.0
2009-11-04,8.179,8.179,8.179,8.179,0.0
2009-11-05,8.225,8.225,8.225,8.225,0.0
2009-11-06,8.154,8.154,8.154,8.154,0.0
2009-11-09,8.189,8.189,8.189,8.189,0.0
2009-11-10,8.097,8.097,8.097,8.097,0.0
2009-11-11,8.063,8.063,8.063,8.063,0.0
2009-11-12,7.854,7.854,7.854,7.854,0.0
2009-11-13,7.746,7.746,7.746,7.746,0.0
2009-11-16,7.713,7.713,7.713,7.713,0.0
2009-11-17,7.705,7.705,7.705,7.705,0.0
2009-11-18,7.626,7.626,7.626,7.626,0.0
2009-11-19,7.68,7.68,7.68,7.68,0.0
2009-11-20,7.709,7.709,7.709,7.709,0.0
2009-11-23,7.79,7.79,7.79,7.79,0.0
2009-11-24,7.76,7.76,7.76,7.76,0.0
2009-11-25,8.008,8.008,8.008,8.008,0.0
2009-11-27,8.005,8.005,8.005,8.005,0.0
2009-11-30,7.919,7.919,7.919,7.919,0.0
2009-12-01,7.932,7.932,7.932,7.932,0.0
2009-12-02,7.951,7.951,7.951,7.951,0.0
2009-12-03,7.906,7.906,7.906,7.906,0.0
2009-12-04,8.0,8.0,8.0,8.0,0.0
2009-12-07,8.239,8.239,8.239,8.239,0.0
2009-12-08,8.14,8.14,8.14,8.14,0.0
2009-12-09,7.993,7.993,7.993,7.993,0.0
2009-12-10,8.032,8.032,8.032,8.032,0.0
2009-12-11,7.984,7.984,7.984,7.984,0.0
2009-12-14,8.057,8.057,8.057,8.057,0.0
2009-12-15,8.093,8.093,8.093,8.093,0.0
2009-12-16,8.088,8.088,8.088,8.088,0.0
2009-12-17,7.994,7.994,7.994,7.994,0.0
2009-12-18,7.913,7.913,7.913,7.913,0.0
2009-12-21,7.846,7.846,7.846,7.846,0.0
2009-12-22,7.847,7.847,7.847,7.847,0.0
2009-12-23,7.816,7.816,7.816,7.816,0.0
2009-12-24,7.8,7.8,7.8,7.8,0.0
2009-12-28,7.854,7.854,7.854,7.854,0.0
2009-12-29,7.793,7.793,7.793,7.793,0.0
2009-12-30,7.819,7.819,7.819,7.819,0.0
2009-12-31,7.84,7.84,7.84,7.84,0.0
2010-01-04,7.939,7.939,7.939,7.939,0.0
2010-01-05,7.883,7.883,7.883,7.883,0.0
2010-01-06,7.876,7.876,7.876,7.876,0.0
2010-01-07,7.79,7.79,7.79,7.79,0.0
2010-01-08,7.81,7.81,7.81,7.81,0.0
2010-01-11,7.796,7.796,7.796,7.796,0.0
2010-01-12,7.771,7.771,7.771,7.771,0.0
2010-01-13,7.782,7.782,7.782,7.782,0.0
2010-01-14,7.787,7.787,7.787,7.787,0.0
2010-01-15,7.793,7.793,7.793,7.793,0.0
2010-01-19,7.709,7.709,7.709,7.709,0.0
2010-01-20,7.727,7.727,7.727,7.727,0.0
2010-01-21,7.774,7.774,7.774,7.774,0.0
2010-01-22,7.81,7.81,7.81,7.81,0.0
2010-01-25,7.8,7.8,7.8,7.8,0.0
2010-01-26,7.786,7.786,7.786,7.786,0.0
2010-01-27,7.716,7.716,7.716,7.716,0.0
2010-01-28,7.7,7.7,7.7,7.7,0.0
2010-01-29,7.735,7.735,7.735,7.735,0.0
2010-02-01,7.81,7.81,7.81,7.81,0.0
2010-02-02,7.857,7.857,7.857,7.857,0.0
2010-02-03,7.831,7.831,7.831,7.831,0.0
2010-02-04,7.799,7.799,7.799,7.799,0.0
2010-02-05,7.811,7.811,7.811,7.811,0.0
2010-02-08,7.758,7.758,7.758,7.758,0.0
2010-02-09,7.727,7.727,7.727,7.727,0.0
2010-02-10,7.762,7.762,7.762,7.762,0.0
2010-02-11,7.757,7.757,7.757,7.757,0.0
2010-02-12,7.704,7.704,7.704,7.704,0.0
2010-02-16,7.64,7.64,7.64,7.64,0.0
2010-02-17,7.607,7.607,7.607,7.607,0.0
2010-02-18,7.572,7.572,7.572,7.572,0.0
2010-02-19,7.539,7.539,7.539,7.539,0.0
2010-02-22,7.555,7.555,7.555,7.555,0.0
2010-02-23,7.525,7.525,7.525,7.525,0.0
2010-02-24,7.516,7.516,7.516,7.516,0.0
2010-02-25,7.503,7.503,7.503,7.503,0.0
2010-02-26,7.505,7.505,7.505,7.505,0.0
2010-03-01,7.47,7.47,7.47,7.47,0.0
2010-03-02,7.452,7.452,7.452,7.452,0.0
2010-03-03,7.431,7.431,7.431,7.431,0.0
2010-03-04,7.321,7.321,7.321,7.321,0.0
2010-03-05,7.327,7.327,7.327,7.327,0.0
2010-03-08,7.338,7.338,7.338,7.338,0.0
2010-03-09,7.328,7.328,7.328,7.328,0.0
2010-03-10,7.365,7.365,7.365,7.365,0.0
2010-03-11,7.345,7.345,7.345,7.345,0.0
2010-03-12,7.446,7.446,7.446,7.446,0.0
2010-03-15,7.464,7.464,7.464,7.464,0.0
2010-03-16,7.528,7.528,7.528,7.528,0.0
2010-03-17,7.63,7.63,7.63,7.63,0.0
2010-03-18,7.696,7.696,7.696,7.696,0.0
2010-03-19,7.986,7.986,7.986,7.986,0.0
2010-03-22,7.937,7.937,7.937,7.937,0.0
2010-03-23,7.778,7.778,7.778,7.778,0.0
2010-03-24,7.679,7.679,7.679,7.679,0.0
2010-03-25,7.826,7.826,7.826,7.826,0.0
2010-03-26,7.738,7.738,7.738,7.738,0.0
2010-03-29,7.721,7.721,7.721,7.721,0.0
2010-03-30,7.811,7.811,7.811,7.811,0.0
2010-03-31,7.895,7.895,7.895,7.895,0.0
2010-04-01,7.936,7.936,7.936,7.936,0.0
2010-04-05,8.036,8.036,8.036,8.036,0.0
2010-04-06,7.92,7.92,7.92,7.92,0.0
2010-04-07,7.901,7.901,7.901,7.901,0.0
2010-04-08,7.846,7.846,7.846,7.846,0.0
2010-04-09,7.949,7.949,7.949,7.949,0.0
2010-04-12,7.908,7.908,7.908,7.908,0.0
2010-04-13,7.972,7.972,7.972,7.972,0.0
2010-04-14,8.012,8.012,8.012,8.012,0.0
2010-04-15,7.917,7.917,7.917,7.917,0.0
2010-04-16,7.893,7.893,7.893,7.893,0.0
2010-04-19,7.89,7.89,7.89,7.89,0.0
2010-04-20,7.969,7.969,7.969,7.969,0.0
2010-04-21,8.005,8.005,8.005,8.005,0.0
2010-04-22,8.086,8.086,8.086,8.086,0.0
2010-04-23,8.112,8.112,8.112,8.112,0.0
2010-04-26,8.089,8.089,8.089,8.089,0.0
2010-04-27,8.073,8.073,8.073,8.073,0.0
2010-04-28,8.079,8.079,8.079,8.079,0.0
2010-04-29,7.97,7.97,7.97,7.97,0.0
2010-04-30,7.954,7.954,7.954,7.954,0.0
2010-05-03,8.029,8.029,8.029,8.029,0.0
2010-05-04,8.103,8.103,8.103,8.103,0.0
2010-05-05,8.155,8.155,8.155,8.155,0.0
2010-05-06,8.147,8.147,8.147,8.147,0.0
2010-05-07,8.164,8.164,8.164,8.164,0.0
2010-05-10,8.194,8.194,8.194,8.194,0.0
2010-05-11,8.211,8.211,8.211,8.211,0.0
2010-05-12,8.251,8.251,8.251,8.251,0.0
2010-05-13,8.193,8.193,8.193,8.193,0.0
2010-05-14,8.086,8.086,8.086,8.086,0.0
2010-05-17,8.048,8.048,8.048,8.048,0.0
2010-05-18,7.983,7.983,7.983,7.983,0.0
2010-05-19,7.893,7.893,7.893,7.893,0.0
2010-05-20,7.858,7.858,7.858,7.858,0.0
2010-05-21,7.774,7.774,7.774,7.774,0.0
2010-05-24,7.748,7.748,7.748,7.748,0.0
2010-05-25,7.775,7.775,7.775,7.775,0.0
2010-05-26,7.75,7.75,7.75,7.75,0.0
2010-05-27,7.748,7.748,7.748,7.748,0.0
2010-05-28,7.713,7.713,7.713,7.713,0.0
2010-06-01,7.586,7.586,7.586,7.586,0.0
2010-06-02,7.6,7.6,7.6,7.6,0.0
2010-06-03,7.58,7.58,7.58,7.58,0.0
2010-06-04,7.514,7.514,7.514,7.514,0.0
2010-06-07,7.522,7.522,7.522,7.522,0.0
2010-06-08,7.482,7.482,7.482,7.482,0.0
2010-06-09,7.491,7.491,7.491,7.491,0.0
2010-06-10,7.558,7.558,7.558,7.558,0.0
2010-06-11,7.523,7.523,7.523,7.523,0.0
2010-06-14,7.43,7.43,7.43,7.43,0.0
2010-06-15,7.436,7.436,7.436,7.436,0.0
2010-06-16,7.559,7.559,7.559,7.559,0.0
2010-06-17,7.643,7.643,7.643,7.643,0.0
2010-06-18,7.722,7.722,7.722,7.722,0.0
2010-06-21,7.69,7.69,7.69,7.69,0.0
2010-06-22,7.707,7.707,7.707,7.707,0.0
2010-06-23,7.763,7.763,7.763,7.763,0.0
2010-06-24,7.773,7.773,7.773,7.773,0.0
2010-06-25,7.773,7.773,7.773,7.773,0.0
2010-06-28,7.681,7.681,7.681,7.681,0.0
2010-06-29,7.618,7.618,7.618,7.618,0.0
2010-06-30,7.599,7.599,7.599,7.599,0.0
2010-07-01,7.599,7.599,7.599,7.599,0.0
2010-07-02,7.523,7.523,7.523,7.523,0.0
2010-07-06,7.513,7.513,7.513,7.513,0.0
2010-07-07,7.629,7.629,7.629,7.629,0.0
2010-07-08,7.643,7.643,7.643,7.643,0.0
2010-07-09,7.666,7.666,7.666,7.666,0.0
2010-07-12,7.645,7.645,7.645,7.645,0.0
2010-07-13,7.58,7.58,7.58,7.58,0.0
2010-07-14,7.673,7.673,7.673,7.673,0.0
2010-07-15,7.735,7.735,7.735,7.735,0.0
2010-07-16,7.538,7.538,7.538,7.538,0.0
2010-07-19,7.523,7.523,7.523,7.523,0.0
2010-07-20,7.533,7.533,7.533,7.533,0.0
2010-07-21,7.531,7.531,7.531,7.531,0.0
2010-07-22,7.525,7.525,7.525,7.525,0.0
2010-07-23,7.446,7.446,7.446,7.446,0.0
2010-07-26,7.399,7.399,7.399,7.399,0.0
2010-07-27,7.178,7.178,7.178,7.178,0.0
2010-07-28,7.104,7.104,7.104,7.104,0.0
2010-07-29,6.896,6.896,6.896,6.896,0.0
2010-07-30,6.742,6.742,6.742,6.742,0.0
2010-08-02,6.798,6.798,6.798,6.798,0.0
2010-08-03,6.752,6.752,6.752,6.752,0.0
2010-08-04,6.77,6.77,6.77,6.77,0.0
2010-08-05,6.63,6.63,6.63,6.63,0.0
2010-08-06,6.501,6.501,6.501,6.501,0.0
2010-08-09,6.379,6.379,6.379,6.379,0.0
2010-08-10,6.241,6.241,6.241,6.241,0.0
2010-08-11,6.238,6.238,6.238,6.238,0.0
2010-08-12,6.257,6.257,6.257,6.257,0.0
2010-08-13,6.231,6.231,6.231,6.231,0.0
2010-08-16,6.103,6.103,6.103,6.103,0.0
2010-08-17,6.077,6.077,6.077,6.077,0.0
2010-08-18,6.195,6.195,6.195,6.195,0.0
2010-08-19,6.243,6.243,6.243,6.243,0.0
2010-08-20,6.352,6.352,6.352,6.352,0.0
2010-08-23,6.422,6.422,6.422,6.422,0.0
2010-08-24,6.432,6.432,6.432,6.432,0.0
2010-08-25,6.475,6.475,6.475,6.475,0.0
2010-08-26,6.609,6.609,6.609,6.609,0.0
2010-08-27,6.586,6.586,6.586,6.586,0.0
2010-08-30,6.547,6.547,6.547,6.547,0.0
2010-08-31,6.521,6.521,6.521,6.521,0.0
2010-09-01,6.475,6.475,6.475,6.475,0.0
2010-09-02,6.405,6.405,6.405,6.405,0.0
2010-09-03,6.443,6.443,6.443,6.443,0.0
2010-09-07,6.458,6.458,6.458,6.458,0.0
2010-09-08,6.49,6.49,6.49,6.49,0.0
2010-09-09,6.546,6.546,6.546,6.546,0.0
2010-09-10,6.586,6.586,6.586,6.586,0.0
2010-09-13,6.553,6.553,6.553,6.553,0.0
2010-09-14,6.5,6.5,6.5,6.5,0.0
2010-09-15,6.488,6.488,6.488,6.488,0.0
2010-09-16,6.323,6.323,6.323,6.323,0.0
2010-09-17,6.195,6.195,6.195,6.195,0.0
2010-09-20,6.137,6.137,6.137,6.137,0.0
2010-09-21,6.08,6.08,6.08,6.08,0.0
2010-09-22,6.09,6.09,6.09,6.09,0.0
2010-09-23,6.155,6.155,6.155,6.155,0.0
2010-09-24,6.148,6.148,6.148,6.148,0.0
2010-09-27,6.111,6.111,6.111,6.111,0.0
2010-09-28,6.169,6.169,6.169,6.169,0.0
2010-09-29,6.142,6.142,6.142,6.142,0.0
2010-09-30,6.125,6.125,6.125,6.125,0.0
2010-10-01,6.204,6.204,6.204,6.204,0.0
2010-10-04,6.335,6.335,6.335,6.335,0.0
2010-10-05,6.37,6.37,6.37,6.37,0.0
2010-10-06,6.415,6.415,6.415,6.415,0.0
2010-10-07,6.486,6.486,6.486,6.486,0.0
2010-10-08,6.501,6.501,6.501,6.501,0.0
2010-10-11,6.458,6.458,6.458,6.458,0.0
2010-10-12,6.431,6.431,6.431,6.431,0.0
2010-10-13,6.422,6.422,6.422,6.422,0.0
2010-10-14,6.44,6.44,6.44,6.44,0.0
2010-10-15,6.391,6.391,6.391,6.391,0.0
2010-10-18,6.387,6.387,6.387,6.387,0.0
2010-10-19,6.366,6.366,6.366,6.366,0.0
2010-10-20,6.357,6.357,6.357,6.357,0.0
2010-10-21,6.208,6.208,6.208,6.208,0.0
2010-10-22,6.137,6.137,6.137,6.137,0.0
2010-10-25,6.236,6.236,6.236,6.236,0.0
2010-10-26,6.441,6.441,6.441,6.441,0.0
2010-10-27,6.486,6.486,6.486,6.486,0.0
2010-10-28,6.226,6.226,6.226,6.226,0.0
2010-10-29,6.105,6.105,6.105,6.105,0.0
2010-11-01,6.165,6.165,6.165,6.165,0.0
2010-11-02,6.223,6.223,6.223,6.223,0.0
2010-11-03,6.197,6.197,6.197,6.197,0.0
2010-11-04,6.192,6.192,6.192,6.192,0.0
2010-11-05,6.199,6.199,6.199,6.199,0.0
2010-11-08,6.213,6.213,6.213,6.213,0.0
2010-11-09,6.208,6.208,6.208,6.208,0.0
2010-11-10,6.276,6.276,6.276,6.276,0.0
2010-11-11,6.338,6.338,6.338,6.338,0.0
2010-11-12,6.325,6.325,6.325,6.325,0.0
2010-11-15,6.396,6.396,6.396,6.396,0.0
2010-11-16,6.36,6.36,6.36,6.36,0.0
2010-11-17,6.367,6.367,6.367,6.367,0.0
2010-11-18,6.423,6.423,6.423,6.423,0.0
2010-11-19,6.443,6.443,6.443,6.443,0.0
2010-11-22,6.512,6.512,6.512,6.512,0.0
2010-11-23,6.492,6.492,6.492,6.492,0.0
2010-11-24,6.44,6.44,6.44,6.44,0.0
2010-11-26,6.448,6.448,6.448,6.448,0.0
2010-11-29,6.413,6.413,6.413,6.413,0.0
2010-11-30,6.443,6.443,6.443,6.443,0.0
2010-12-01,6.437,6.437,6.437,6.437,0.0
2010-12-02,6.429,6.429,6.429,6.429,0.0
2010-12-03,6.429,6.429,6.429,6.429,0.0
2010-12-06,6.273,6.273,6.273,6.273,0.0
2010-12-07,6.245,6.245,6.245,6.245,0.0
2010-12-08,6.252,6.252,6.252,6.252,0.0
2010-12-09,6.131,6.131,6.131,6.131,0.0
2010-12-10,6.118,6.118,6.118,6.118,0.0
2010-12-13,6.148,6.148,6.148,6.148,0.0
2010-12-14,6.193,6.193,6.193,6.193,0.0
2010-12-15,6.344,6.344,6.344,6.344,0.0
2010-12-16,6.342,6.342,6.342,6.342,0.0
2010-12-17,6.394,6.394,6.394,6.394,0.0
2010-12-20,6.371,6.371,6.371,6.371,0.0
2010-12-21,6.347,6.347,6.347,6.347,0.0
2010-12-22,6.326,6.326,6.326,6.326,0.0
2010-12-23,6.339,6.339,6.339,6.339,0.0
2010-12-27,6.353,6.353,6.353,6.353,0.0
2010-12-28,6.355,6.355,6.355,6.355,0.0
2010-12-29,6.325,6.325,6.325,6.325,0.0
2010-12-30,6.275,6.275,6.275,6.275,0.0
2010-12-31,6.297,6.297,6.297,6.297,0.0
2011-01-03,6.238,6.238,6.238,6.238,0.0
2011-01-04,6.262,6.262,6.262,6.262,0.0
2011-01-05,6.333,6.333,6.333,6.333,0.0
2011-01-06,6.316,6.316,6.316,6.316,0.0
2011-01-07,6.345,6.345,6.345,6.345,0.0
2011-01-10,6.362,6.362,6.362,6.362,0.0
2011-01-11,6.398,6.398,6.398,6.398,0.0
2011-01-12,6.327,6.327,6.327,6.327,0.0
2011-01-13,6.344,6.344,6.344,6.344,0.0
2011-01-14,6.379,6.379,6.379,6.379,0.0
2011-01-18,6.388,6.388,6.388,6.388,0.0
2011-01-19,6.354,6.354,6.354,6.354,0.0
2011-01-20,6.34,6.34,6.34,6.34,0.0
2011-01-21,6.329,6.329,6.329,6.329,0.0
2011-01-24,6.322,6.322,6.322,6.322,0.0
2011-01-25,6.368,6.368,6.368,6.368,0.0
2011-01-26,6.396,6.396,6.396,6.396,0.0
2011-01-27,6.446,6.446,6.446,6.446,0.0
2011-01-28,6.337,6.337,6.337,6.337,0.0
2011-01-31,6.347,6.347,6.347,6.347,0.0
2011-02-01,6.367,6.367,6.367,6.367,0.0
2011-02-02,6.39,6.39,6.39,6.39,0.0
2011-02-03,6.399,6.399,6.399,6.399,0.0
2011-02-04,6.41,6.41,6.41,6.41,0.0
2011-02-07,6.422,6.422,6.422,6.422,0.0
2011-02-08,6.466,6.466,6.466,6.466,0.0
2011-02-09,6.461,6.461,6.461,6.461,0.0
2011-02-10,6.451,6.451,6.451,6.451,0.0
2011-02-11,6.441,6.441,6.441,6.441,0.0
2011-02-14,6.424,6.424,6.424,6.424,0.0
2011-02-15,6.472,6.472,6.472,6.472,0.0
2011-02-16,6.577,6.577,6.577,6.577,0.0
2011-02-17,6.607,6.607,6.607,6.607,0.0
2011-02-18,6.616,6.616,6.616,6.616,0.0
2011-02-22,6.651,6.651,6.651,6.651,0.0
2011-02-23,6.631,6.631,6.631,6.631,0.0
2011-02-24,6.606,6.606,6.606,6.606,0.0
2011-02-25,6.616,6.616,6.616,6.616,0.0
2011-02-28,6.638,6.638,6.638,6.638,0.0
2011-03-01,6.705,6.705,6.705,6.705,0.0
2011-03-02,6.686,6.686,6.686,6.686,0.0
2011-03-03,6.681,6.681,6.681,6.681,0.0
2011-03-04,6.776,6.776,6.776,6.776,0.0
2011-03-07,6.788,6.788,6.788,6.788,0.0
2011-03-08,6.782,6.782,6.782,6.782,0.0
2011-03-09,6.756,6.756,6.756,6.756,0.0
2011-03-10,6.763,6.763,6.763,6.763,0.0
2011-03-11,6.767,6.767,6.767,6.767,0.0
2011-03-14,6.824,6.824,6.824,6.824,0.0
2011-03-15,7.097,7.097,7.097,7.097,0.0
2011-03-16,7.102,7.102,7.102,7.102,0.0
2011-03-17,7.074,7.074,7.074,7.074,0.0
2011-03-18,7.018,7.018,7.018,7.018,0.0
2011-03-21,6.936,6.936,6.936,6.936,0.0
2011-03-22,6.977,6.977,6.977,6.977,0.0
2011-03-23,7.004,7.004,7.004,7.004,0.0
2011-03-24,6.998,6.998,6.998,6.998,0.0
2011-03-25,7.096,7.096,7.096,7.096,0.0
2011-03-28,7.082,7.082,7.082,7.082,0.0
2011-03-29,7.023,7.023,7.023,7.023,0.0
2011-03-30,7.056,7.056,7.056,7.056,0.0
2011-03-31,7.136,7.136,7.136,7.136,0.0
2011-04-01,7.243,7.243,7.243,7.243,0.0
2011-04-04,7.264,7.264,7.264,7.264,0.0
2011-04-05,7.16,7.16,7.16,7.16,0.0
2011-04-06,7.162,7.162,7.162,7.162,0.0
2011-04-07,7.194,7.194,7.194,7.194,0.0
2011-04-08,7.26,7.26,7.26,7.26,0.0
2011-04-11,7.285,7.285,7.285,7.285,0.0
2011-04-12,7.223,7.223,7.223,7.223,0.0
2011-04-13,7.185,7.185,7.185,7.185,0.0
2011-04-14,7.172,7.172,7.172,7.172,0.0
2011-04-15,7.197,7.197,7.197,7.197,0.0
2011-04-18,7.187,7.187,7.187,7.187,0.0
2011-04-19,7.129,7.129,7.129,7.129,0.0
2011-04-20,7.041,7.041,7.041,7.041,0.0
2011-04-21,6.981,6.981,6.981,6.981,0.0
2011-04-25,6.978,6.978,6.978,6.978,0.0
2011-04-26,7.007,7.007,7.007,7.007,0.0
2011-04-27,6.974,6.974,6.974,6.974,0.0
2011-04-28,6.971,6.971,6.971,6.971,0.0
2011-04-29,6.909,6.909,6.909,6.909,0.0
2011-05-02,6.931,6.931,6.931,6.931,0.0
2011-05-03,7.001,7.001,7.001,7.001,0.0
2011-05-04,7.02,7.02,7.02,7.02,0.0
2011-05-05,6.939,6.939,6.939,6.939,0.0
2011-05-06,6.878,6.878,6.878,6.878,0.0
2011-05-09,6.891,6.891,6.891,6.891,0.0
2011-05-10,6.967,6.967,6.967,6.967,0.0
2011-05-11,7.011,7.011,7.011,7.011,0.0
2011-05-12,7.02,7.02,7.02,7.02,0.0
2011-05-13,7.015,7.015,7.015,7.015,0.0
2011-05-16,7.01,7.01,7.01,7.01,0.0
2011-05-17,6.979,6.979,6.979,6.979,0.0
2011-05-18,6.993,6.993,6.993,6.993,0.0
2011-05-19,6.916,6.916,6.916,6.916,0.0
2011-05-20,6.963,6.963,6.963,6.963,0.0
2011-05-23,7.102,7.102,7.102,7.102,0.0
2011-05-24,7.025,7.025,7.025,7.025,0.0
2011-05-25,7.034,7.034,7.034,7.034,0.0
2011-05-26,7.004,7.004,7.004,7.004,0.0
2011-05-27,7.04,7.04,7.04,7.04,0.0
2011-05-31,6.945,6.945,6.945,6.945,0.0
2011-06-01,6.921,6.921,6.921,6.921,0.0
2011-06-02,6.808,6.808,6.808,6.808,0.0
2011-06-03,6.757,6.757,6.757,6.757,0.0
2011-06-06,6.701,6.701,6.701,6.701,0.0
2011-06-07,6.708,6.708,6.708,6.708,0.0
2011-06-08,6.724,6.724,6.724,6.724,0.0
2011-06-09,6.635,6.635,6.635,6.635,0.0
2011-06-10,6.658,6.658,6.658,6.658,0.0
2011-06-13,6.631,6.631,6.631,6.631,0.0
2011-06-14,6.74,6.74,6.74,6.74,0.0
2011-06-15,6.764,6.764,6.764,6.764,0.0
2011-06-16,6.756,6.756,6.756,6.756,0.0
2011-06-17,6.795,6.795,6.795,6.795,0.0
2011-06-20,6.793,6.793,6.793,6.793,0.0
2011-06-21,6.662,6.662,6.662,6.662,0.0
2011-06-22,6.675,6.675,6.675,6.675,0.0
2011-06-23,6.654,6.654,6.654,6.654,0.0
2011-06-24,6.677,6.677,6.677,6.677,0.0
2011-06-27,6.666,6.666,6.666,6.666,0.0
2011-06-28,6.67,6.67,6.67,6.67,0.0
2011-06-29,6.642,6.642,6.642,6.642,0.0
2011-06-30,6.639,6.639,6.639,6.639,0.0
2011-07-01,6.639,6.639,6.639,6.639,0.0
2011-07-05,6.581,6.581,6.581,6.581,0.0
2011-07-06,6.581,6.581,6.581,6.581,0.0
2011-07-07,6.609,6.609,6.609,6.609,0.0
2011-07-08,6.676,6.676,6.676,6.676,0.0
2011-07-11,6.716,6.716,6.716,6.716,0.0
2011-07-12,6.716,6.716,6.716,6.716,0.0
2011-07-13,6.716,6.716,6.716,6.716,0.0
2011-07-14,6.694,6.694,6.694,6.694,0.0
2011-07-15,6.696,6.696,6.696,6.696,0.0
2011-07-18,6.676,6.676,6.676,6.676,0.0
2011-07-19,6.568,6.568,6.568,6.568,0.0
2011-07-20,6.519,6.519,6.519,6.519,0.0
2011-07-21,6.55,6.55,6.55,6.55,0.0
2011-07-22,6.526,6.526,6.526,6.526,0.0
2011-07-25,6.511,6.511,6.511,6.511,0.0
2011-07-26,6.506,6.506,6.506,6.506,0.0
2011-07-27,6.519,6.519,6.519,6.519,0.0
2011-07-28,6.545,6.545,6.545,6.545,0.0
2011-07-29,6.529,6.529,6.529,6.529,0.0
2011-08-01,6.583,6.583,6.583,6.583,0.0
2011-08-02,6.533,6.533,6.533,6.533,0.0
2011-08-03,6.484,6.484,6.484,6.484,0.0
2011-08-04,6.343,6.343,6.343,6.343,0.0
2011-08-05,6.27,6.27,6.27,6.27,0.0
2011-08-08,6.245,6.245,6.245,6.245,0.0
2011-08-09,6.221,6.221,6.221,6.221,0.0
2011-08-10,6.193,6.193,6.193,6.193,0.0
2011-08-11,6.246,6.246,6.246,6.246,0.0
2011-08-12,6.259,6.259,6.259,6.259,0.0
2011-08-15,6.323,6.323,6.323,6.323,0.0
2011-08-16,6.415,6.415,6.415,6.415,0.0
2011-08-17,6.382,6.382,6.382,6.382,0.0
2011-08-18,6.37,6.37,6.37,6.37,0.0
2011-08-19,6.408,6.408,6.408,6.408,0.0
2011-08-22,6.38,6.38,6.38,6.38,0.0
2011-08-23,6.398,6.398,6.398,6.398,0.0
2011-08-24,6.268,6.268,6.268,6.268,0.0
2011-08-25,6.259,6.259,6.259,6.259,0.0
2011-08-26,6.256,6.256,6.256,6.256,0.0
2011-08-29,6.225,6.225,6.225,6.225,0.0
2011-08-30,6.241,6.241,6.241,6.241,0.0
2011-08-31,6.262,6.262,6.262,6.262,0.0
2011-09-01,6.323,6.323,6.323,6.323,0.0
2011-09-02,6.303,6.303,6.303,6.303,0.0
2011-09-06,6.306,6.306,6.306,6.306,0.0
2011-09-07,6.273,6.273,6.273,6.273,0.0
2011-09-08,6.263,6.263,6.263,6.263,0.0
2011-09-09,6.21,6.21,6.21,6.21,0.0
2011-09-12,6.183,6.183,6.183,6.183,0.0
2011-09-13,6.205,6.205,6.205,6.205,0.0
2011-09-14,6.163,6.163,6.163,6.163,0.0
2011-09-15,6.143,6.143,6.143,6.143,0.0
2011-09-16,6.163,6.163,6.163,6.163,0.0
2011-09-19,6.153,6.153,6.153,6.153,0.0
2011-09-20,6.195,6.195,6.195,6.195,0.0
2011-09-21,6.195,6.195,6.195,6.195,0.0
2011-09-22,6.063,6.063,6.063,6.063,0.0
2011-09-23,6.069,6.069,6.069,6.069,0.0
2011-09-26,6.116,6.116,6.116,6.116,0.0
2011-09-27,6.198,6.198,6.198,6.198,0.0
2011-09-28,6.204,6.204,6.204,6.204,0.0
2011-09-29,6.185,6.185,6.185,6.185,0.0
2011-09-30,6.172,6.172,6.172,6.172,0.0
2011-10-03,6.158,6.158,6.158,6.158,0.0
2011-10-04,6.099,6.099,6.099,6.099,0.0
2011-10-05,6.072,6.072,6.072,6.072,0.0
2011-10-06,6.017,6.017,6.017,6.017,0.0
2011-10-07,5.979,5.979,5.979,5.979,0.0
2011-10-10,5.968,5.968,5.968,5.968,0.0
2011-10-11,5.938,5.938,5.938,5.938,0.0
2011-10-12,5.927,5.927,5.927,5.927,0.0
2011-10-13,5.954,5.954,5.954,5.954,0.0
2011-10-14,6.016,6.016,6.016,6.016,0.0
2011-10-17,6.003,6.003,6.003,6.003,0.0
2011-10-18,5.98,5.98,5.98,5.98,0.0
2011-10-19,5.982,5.982,5.982,5.982,0.0
2011-10-20,5.98,5.988,5.98,5.988,3.0
2011-10-21,5.99,5.99,5.99,5.99,0.0
2011-10-24,5.987,5.987,5.987,5.987,0.0
2011-10-25,6.023,6.023,6.023,6.023,0.0
2011-10-26,6.065,6.065,6.065,6.065,0.0
2011-10-27,6.07,6.07,6.07,6.07,0.0
2011-10-28,6.178,6.178,6.178,6.178,0.0
2011-10-31,6.178,6.178,6.178,6.178,0.0
2011-11-01,6.108,6.108,6.108,6.108,0.0
2011-11-02,6.067,6.067,6.067,6.067,0.0
2011-11-03,6.145,6.145,6.145,6.145,0.0
2011-11-04,6.135,6.135,6.135,6.135,0.0
2011-11-07,6.113,6.113,6.113,6.113,0.0
2011-11-08,6.073,6.073,6.073,6.073,0.0
2011-11-09,6.045,6.045,6.045,6.045,0.0
2011-11-10,5.995,5.995,5.995,5.995,0.0
2011-11-11,5.925,5.925,5.925,5.925,0.0
2011-11-14,5.903,5.903,5.903,5.903,0.0
2011-11-15,5.913,5.913,5.913,5.913,0.0
2011-11-16,5.888,5.888,5.888,5.888,0.0
2011-11-17,5.84,5.84,5.84,5.84,0.0
2011-11-18,5.799,5.799,5.799,5.799,0.0
2011-11-21,5.814,5.814,5.814,5.814,0.0
2011-11-22,5.793,5.793,5.793,5.793,0.0
2011-11-23,5.765,5.765,5.765,5.765,0.0
2011-11-25,5.804,5.804,5.804,5.804,0.0
2011-11-28,5.75,5.75,5.75,5.75,0.0
2011-11-29,5.856,5.856,5.856,5.856,0.0
2011-11-30,5.841,5.841,5.841,5.841,0.0
2011-12-01,5.826,5.826,5.826,5.826,0.0
2011-12-02,5.827,5.827,5.827,5.827,0.0
2011-12-05,5.827,5.827,5.827,5.827,0.0
2011-12-06,5.796,5.796,5.796,5.796,0.0
2011-12-07,5.81,5.81,5.81,5.81,0.0
2011-12-08,5.78,5.78,5.78,5.78,0.0
2011-12-09,5.728,5.728,5.728,5.728,0.0
2011-12-12,5.69,5.69,5.69,5.69,0.0
2011-12-13,5.609,5.609,5.609,5.609,0.0
2011-12-14,5.592,5.592,5.592,5.592,0.0
2011-12-15,5.554,5.554,5.554,5.554,0.0
2011-12-16,5.574,5.574,5.574,5.574,0.0
2011-12-19,5.571,5.571,5.571,5.571,0.0
2011-12-20,5.581,5.581,5.581,5.581,0.0
2011-12-21,5.538,5.538,5.538,5.538,0.0
2011-12-22,5.553,5.553,5.553,5.553,0.0
2011-12-23,5.538,5.538,5.538,5.538,0.0
2011-12-27,5.538,5.538,5.538,5.538,0.0
2011-12-28,5.518,5.518,5.518,5.518,0.0
2011-12-29,5.518,5.518,5.518,5.518,0.0
2011-12-30,5.518,5.518,5.518,5.518,0.0
2012-01-03,5.517,5.517,5.517,5.517,0.0
2012-01-04,5.526,5.526,5.526,5.526,0.0
2012-01-05,5.545,5.545,5.545,5.545,0.0
2012-01-06,5.585,5.585,5.585,5.585,0.0
2012-01-09,5.566,5.566,5.566,5.566,0.0
2012-01-10,5.528,5.528,5.528,5.528,0.0
2012-01-11,5.548,5.548,5.548,5.548,0.0
2012-01-12,5.525,5.525,5.525,5.525,0.0
2012-01-13,5.516,5.516,5.516,5.516,0.0
2012-01-17,5.475,5.475,5.475,5.475,0.0
2012-01-18,5.386,5.386,5.386,5.386,0.0
2012-01-19,5.334,5.334,5.334,5.334,0.0
2012-01-20,5.175,5.175,5.175,5.175,0.0
2012-01-23,5.19,5.19,5.19,5.19,0.0
2012-01-24,5.226,5.226,5.226,5.226,0.0
2012-01-25,5.254,5.254,5.254,5.254,0.0
2012-01-26,5.192,5.192,5.192,5.192,0.0
2012-01-27,5.227,5.227,5.227,5.227,0.0
2012-01-30,5.202,5.202,5.202,5.202,0.0
2012-01-31,5.157,5.157,5.157,5.157,0.0
2012-02-01,5.116,5.116,5.116,5.116,0.0
2012-02-02,5.212,5.212,5.212,5.212,0.0
2012-02-03,5.236,5.236,5.236,5.236,0.0
2012-02-06,5.295,5.295,5.295,5.295,0.0
2012-02-07,5.203,5.203,5.203,5.203,0.0
2012-02-08,5.16,5.16,5.16,5.16,0.0
2012-02-09,5.064,5.064,5.064,5.064,0.0
2012-02-10,5.126,5.126,5.126,5.126,0.0
2012-02-13,5.126,5.126,5.126,5.126,0.0
2012-02-14,5.14,5.14,5.14,5.14,0.0
2012-02-15,5.144,5.144,5.144,5.144,0.0
2012-02-16,5.112,5.112,5.112,5.112,0.0
2012-02-17,5.132,5.132,5.132,5.132,0.0
2012-02-21,5.101,5.101,5.101,5.101,0.0
2012-02-22,5.184,5.184,5.184,5.184,0.0
2012-02-23,5.196,5.196,5.196,5.196,0.0
2012-02-24,5.165,5.165,5.165,5.165,0.0
2012-02-27,5.113,5.113,5.113,5.113,0.0
2012-02-28,5.078,5.078,5.078,5.078,0.0
2012-02-29,5.088,5.088,5.088,5.088,0.0
2012-03-01,5.043,5.043,5.043,5.043,0.0
2012-03-02,5.082,5.082,5.082,5.082,0.0
2012-03-05,5.009,5.009,5.009,5.009,0.0
2012-03-06,4.937,4.937,4.937,4.937,0.0
2012-03-07,4.892,4.892,4.892,4.892,0.0
2012-03-08,4.893,4.893,4.893,4.893,0.0
2012-03-09,5.0,5.0,5.0,5.0,0.0
2012-03-12,4.979,4.979,4.979,4.979,0.0
2012-03-13,5.028,5.028,5.028,5.028,0.0
2012-03-14,5.109,5.109,5.109,5.109,0.0
2012-03-15,5.109,5.109,5.109,5.109,0.0
2012-03-16,5.093,5.093,5.093,5.093,0.0
2012-03-19,5.11,5.11,5.11,5.11,0.0
2012-03-20,5.079,5.079,5.079,5.079,0.0
2012-03-21,5.069,5.069,5.069,5.069,0.0
2012-03-22,5.056,5.056,5.056,5.056,0.0
2012-03-23,5.064,5.064,5.064,5.064,0.0
2012-03-26,5.07,5.07,5.07,5.07,0.0
2012-03-27,5.066,5.066,5.066,5.066,0.0
2012-03-28,5.078,5.078,5.078,5.078,0.0
2012-03-29,5.025,5.025,5.025,5.025,0.0
2012-03-30,5.093,5.093,5.093,5.093,0.0
2012-04-02,5.104,5.104,5.104,5.104,0.0
2012-04-03,5.104,5.104,5.104,5.104,0.0
2012-04-04,5.09,5.09,5.09,5.09,0.0
2012-04-05,5.05,5.05,5.05,5.05,0.0
2012-04-09,5.07,5.07,5.07,5.07,0.0
2012-04-10,5.049,5.049,5.049,5.049,0.0
2012-04-11,4.998,4.998,4.998,4.998,0.0
2012-04-12,4.912,4.912,4.912,4.912,0.0
2012-04-13,4.9,4.9,4.9,4.9,0.0
2012-04-16,4.87,4.87,4.87,4.87,0.0
2012-04-17,4.809,4.809,4.809,4.809,0.0
2012-04-18,4.787,4.787,4.787,4.787,0.0
2012-04-19,4.76,4.76,4.76,4.76,0.0
2012-04-20,4.703,4.703,4.703,4.703,0.0
2012-04-23,4.672,4.672,4.672,4.672,0.0
2012-04-24,4.706,4.706,4.706,4.706,0.0
2012-04-25,4.615,4.615,4.615,4.615,0.0
2012-04-26,4.639,4.639,4.639,4.639,0.0
2012-04-27,4.683,4.683,4.683,4.683,0.0
2012-04-30,4.723,4.723,4.723,4.723,0.0
2012-05-01,4.725,4.725,4.725,4.725,0.0
2012-05-02,4.728,4.728,4.728,4.728,0.0
2012-05-03,4.736,4.736,4.736,4.736,0.0
2012-05-04,4.728,4.728,4.728,4.728,0.0
2012-05-07,4.738,4.738,4.738,4.738,0.0
2012-05-08,4.731,4.731,4.731,4.731,0.0
2012-05-09,4.76,4.76,4.76,4.76,0.0
2012-05-10,4.746,4.746,4.746,4.746,0.0
2012-05-11,4.726,4.726,4.726,4.726,0.0
2012-05-14,4.734,4.734,4.734,4.734,0.0
2012-05-15,4.776,4.776,4.776,4.776,0.0
2012-05-16,4.804,4.804,4.804,4.804,0.0
2012-05-17,4.794,4.794,4.794,4.794,0.0
2012-05-18,4.84,4.84,4.84,4.84,0.0
2012-05-21,4.778,4.778,4.778,4.778,0.0
2012-05-22,4.819,4.819,4.819,4.819,0.0
2012-05-23,4.803,4.803,4.803,4.803,0.0
2012-05-24,4.807,4.807,4.807,4.807,0.0
2012-05-25,4.852,4.852,4.852,4.852,0.0
2012-05-29,4.808,4.808,4.808,4.808,0.0
2012-05-30,4.766,4.766,4.766,4.766,0.0
2012-05-31,4.821,4.821,4.821,4.821,0.0
2012-06-01,4.781,4.781,4.781,4.781,0.0
2012-06-04,4.783,4.783,4.783,4.783,0.0
2012-06-05,4.725,4.725,4.725,4.725,0.0
2012-06-06,4.72,4.72,4.72,4.72,0.0
2012-06-07,4.699,4.699,4.699,4.699,0.0
2012-06-08,4.72,4.72,4.72,4.72,0.0
2012-06-11,4.683,4.683,4.683,4.683,0.0
2012-06-12,4.683,4.683,4.683,4.683,0.0
2012-06-13,4.666,4.666,4.666,4.666,0.0
2012-06-14,4.696,4.696,4.696,4.696,0.0
2012-06-15,4.622,4.622,4.622,4.622,0.0
2012-06-18,4.586,4.586,4.586,4.586,0.0
2012-06-19,4.616,4.616,4.616,4.616,0.0
2012-06-20,4.616,4.616,4.616,4.616,0.0
2012-06-21,4.591,4.591,4.591,4.591,0.0
2012-06-22,4.583,4.583,4.583,4.583,0.0
2012-06-25,4.61,4.61,4.61,4.61,0.0
2012-06-26,4.655,4.655,4.655,4.655,0.0
2012-06-27,4.673,4.673,4.673,4.673,0.0
2012-06-28,4.671,4.671,4.671,4.671,0.0
2012-06-29,4.669,4.669,4.669,4.669,0.0
2012-07-02,4.68,4.68,4.68,4.68,0.0
2012-07-03,4.716,4.716,4.716,4.716,0.0
2012-07-05,4.719,4.719,4.719,4.719,0.0
2012-07-06,4.671,4.671,4.671,4.671,0.0
2012-07-09,4.735,4.735,4.735,4.735,0.0
2012-07-10,4.728,4.728,4.728,4.728,0.0
2012-07-11,4.775,4.775,4.775,4.775,0.0
2012-07-12,4.764,4.764,4.764,4.764,0.0
2012-07-13,4.767,4.767,4.767,4.767,0.0
2012-07-16,4.718,4.718,4.718,4.718,0.0
2012-07-17,4.76,4.76,4.76,4.76,0.0
2012-07-18,4.82,4.82,4.82,4.82,0.0
2012-07-19,4.789,4.789,4.789,4.789,0.0
2012-07-20,4.811,4.811,4.811,4.811,0.0
2012-07-23,4.82,4.82,4.82,4.82,0.0
2012-07-24,4.857,4.857,4.857,4.857,0.0
2012-07-25,4.864,4.864,4.864,4.864,0.0
2012-07-26,4.907,4.907,4.907,4.907,0.0
2012-07-27,4.909,4.909,4.909,4.909,0.0
2012-07-30,4.977,4.977,4.977,4.977,0.0
2012-07-31,4.937,4.937,4.937,4.937,0.0
2012-08-01,4.902,4.902,4.902,4.902,0.0
2012-08-02,4.782,4.782,4.782,4.782,0.0
2012-08-03,4.754,4.754,4.754,4.754,0.0
2012-08-06,4.909,4.909,4.909,4.909,0.0
2012-08-07,4.912,4.912,4.912,4.912,0.0
2012-08-08,5.078,5.078,5.078,5.078,0.0
2012-08-09,4.983,4.983,4.983,4.983,0.0
2012-08-10,4.92,4.92,4.92,4.92,0.0
2012-08-13,4.893,4.893,4.893,4.893,0.0
2012-08-14,4.935,4.935,4.935,4.935,0.0
2012-08-15,4.991,4.991,4.991,4.991,0.0
2012-08-16,4.964,4.964,4.964,4.964,0.0
2012-08-17,4.962,4.962,4.962,4.962,0.0
2012-08-20,5.001,5.001,5.001,5.001,0.0
2012-08-21,4.97,4.97,4.97,4.97,0.0
2012-08-22,4.961,4.961,4.961,4.961,0.0
2012-08-23,4.944,4.944,4.944,4.944,0.0
2012-08-24,4.901,4.901,4.901,4.901,0.0
2012-08-27,4.876,4.876,4.876,4.876,0.0
2012-08-28,4.821,4.821,4.821,4.821,0.0
2012-08-29,4.847,4.847,4.847,4.847,0.0
2012-08-30,4.854,4.854,4.854,4.854,0.0
2012-08-31,4.843,4.843,4.843,4.843,0.0
2012-09-04,4.848,4.848,4.848,4.848,0.0
2012-09-05,4.838,4.838,4.838,4.838,0.0
2012-09-06,4.826,4.826,4.826,4.826,0.0
2012-09-07,4.786,4.786,4.786,4.786,0.0
2012-09-10,4.802,4.802,4.802,4.802,0.0
2012-09-11,4.842,4.842,4.842,4.842,0.0
2012-09-12,4.917,4.917,4.917,4.917,0.0
2012-09-13,4.912,4.912,4.912,4.912,0.0
2012-09-14,4.902,4.902,4.902,4.902,0.0
2012-09-17,4.883,4.883,4.883,4.883,0.0
2012-09-18,4.947,4.947,4.947,4.947,0.0
2012-09-19,4.947,4.947,4.947,4.947,0.0
2012-09-20,4.951,4.951,4.951,4.951,0.0
2012-09-21,5.01,5.01,5.01,5.01,0.0
2012-09-24,4.994,4.994,4.994,4.994,0.0
2012-09-25,5.019,5.019,5.019,5.019,0.0
2012-09-26,5.031,5.031,5.031,5.031,0.0
2012-09-27,5.055,5.055,5.055,5.055,0.0
2012-09-28,5.067,5.067,5.067,5.067,0.0
2012-10-01,5.096,5.096,5.096,5.096,0.0
2012-10-02,5.062,5.062,5.062,5.062,0.0
2012-10-03,5.04,5.04,5.04,5.04,0.0
2012-10-04,5.051,5.051,5.051,5.051,0.0
2012-10-05,5.101,5.101,5.101,5.101,0.0
2012-10-08,5.14,5.14,5.14,5.14,0.0
2012-10-09,5.146,5.146,5.146,5.146,0.0
2012-10-10,5.128,5.128,5.128,5.128,0.0
2012-10-11,5.156,5.156,5.156,5.156,0.0
2012-10-12,5.117,5.117,5.117,5.117,0.0
2012-10-15,5.083,5.083,5.083,5.083,0.0
2012-10-16,5.089,5.089,5.089,5.089,0.0
2012-10-17,5.137,5.137,5.137,5.137,0.0
2012-10-18,5.114,5.114,5.114,5.114,0.0
2012-10-19,5.112,5.112,5.112,5.112,0.0
2012-10-22,5.099,5.099,5.099,5.099,0.0
2012-10-23,5.135,5.135,5.135,5.135,0.0
2012-10-24,5.118,5.118,5.118,5.118,0.0
2012-10-25,5.148,5.148,5.148,5.148,0.0
2012-10-26,5.143,5.143,5.143,5.143,0.0
2012-10-29,5.212,5.212,5.212,5.212,0.0
2012-10-30,5.143,5.143,5.143,5.143,0.0
2012-10-31,5.144,5.144,5.144,5.144,0.0
2012-11-01,5.151,5.151,5.151,5.151,0.0
2012-11-02,5.05,5.05,5.05,5.05,0.0
2012-11-05,5.017,5.017,5.017,5.017,0.0
2012-11-06,5.066,5.066,5.066,5.066,0.0
2012-11-07,5.042,5.042,5.042,5.042,0.0
2012-11-08,5.085,5.085,5.085,5.085,0.0
2012-11-09,5.024,5.024,5.024,5.024,0.0
2012-11-12,5.074,5.074,5.074,5.074,0.0
2012-11-13,5.113,5.113,5.113,5.113,0.0
2012-11-14,5.08,5.08,5.08,5.08,0.0
2012-11-15,5.008,5.008,5.008,5.008,0.0
2012-11-16,5.006,5.006,5.006,5.006,0.0
2012-11-19,4.971,4.971,4.971,4.971,0.0
2012-11-20,5.012,5.012,5.012,5.012,0.0
2012-11-21,5.001,5.001,5.001,5.001,0.0
2012-11-23,4.988,4.988,4.988,4.988,0.0
2012-11-26,4.952,4.952,4.952,4.952,0.0
2012-11-27,4.982,4.982,4.982,4.982,0.0
2012-11-28,4.974,4.974,4.974,4.974,0.0
2012-11-29,4.889,4.889,4.889,4.889,0.0
2012-11-30,4.87,4.87,4.87,4.87,0.0
2012-12-03,4.904,4.904,4.904,4.904,0.0
2012-12-04,4.879,4.879,4.879,4.879,0.0
2012-12-05,4.939,4.939,4.939,4.939,0.0
2012-12-06,4.926,4.926,4.926,4.926,0.0
2012-12-07,4.903,4.903,4.903,4.903,0.0
2012-12-10,4.905,4.905,4.905,4.905,2.0
2012-12-11,4.878,4.878,4.878,4.878,0.0
2012-12-12,4.872,4.872,4.872,4.872,0.0
2012-12-13,4.879,4.879,4.879,4.879,0.0
2012-12-14,4.875,4.875,4.875,4.875,0.0
2012-12-17,4.918,4.918,4.918,4.918,0.0
2012-12-18,5.036,5.036,5.036,5.036,0.0
2012-12-19,5.006,5.006,5.006,5.006,0.0
2012-12-20,5.072,5.072,5.072,5.072,0.0
2012-12-21,5.054,5.054,5.054,5.054,0.0
2012-12-24,5.017,5.017,5.017,5.017,0.0
2012-12-26,5.037,5.037,5.037,5.037,0.0
2012-12-27,5.02,5.02,5.02,5.02,0.0
2012-12-28,5.015,5.015,5.015,5.015,0.0
2012-12-31,4.974,4.974,4.974,4.974,0.0
2013-01-02,4.938,4.938,4.938,4.938,0.0
2013-01-03,4.933,4.933,4.933,4.933,0.0
2013-01-04,4.983,4.983,4.983,4.983,0.0
2013-01-07,4.964,4.964,4.964,4.964,0.0
2013-01-08,4.942,4.942,4.942,4.942,0.0
2013-01-09,4.912,4.912,4.912,4.912,0.0
2013-01-10,4.934,4.934,4.934,4.934,0.0
2013-01-11,4.905,4.905,4.905,4.905,0.0
2013-01-14,4.892,4.892,4.892,4.892,0.0
2013-01-15,4.899,4.899,4.899,4.899,0.0
2013-01-16,4.899,4.899,4.899,4.899,0.0
2013-01-17,4.892,4.892,4.892,4.892,0.0
2013-01-18,4.923,4.923,4.923,4.923,0.0
2013-01-22,4.917,4.917,4.917,4.917,0.0
2013-01-23,4.952,4.952,4.952,4.952,0.0
2013-01-24,4.923,4.923,4.923,4.923,0.0
2013-01-25,4.943,4.943,4.943,4.943,0.0
2013-01-28,4.883,4.883,4.883,4.883,0.0
2013-01-29,4.854,4.854,4.854,4.854,0.0
2013-01-30,4.878,4.878,4.878,4.878,0.0
2013-01-31,4.869,4.869,4.869,4.869,0.0
2013-02-01,4.816,4.816,4.816,4.816,0.0
2013-02-04,4.836,4.836,4.836,4.836,0.0
2013-02-05,4.872,4.872,4.872,4.872,0.0
2013-02-06,4.872,4.872,4.872,4.872,0.0
2013-02-07,4.846,4.846,4.846,4.846,0.0
2013-02-08,4.891,4.891,4.891,4.891,0.0
2013-02-11,4.901,4.901,4.901,4.901,0.0
2013-02-12,4.901,4.901,4.901,4.901,0.0
2013-02-13,4.935,4.935,4.935,4.935,0.0
2013-02-14,4.908,4.908,4.908,4.908,0.0
2013-02-15,4.889,4.889,4.889,4.889,0.0
2013-02-19,4.935,4.935,4.935,4.935,0.0
2013-02-20,4.913,4.913,4.913,4.913,0.0
2013-02-21,4.886,4.886,4.886,4.886,0.0
2013-02-22,4.883,4.883,4.883,4.883,0.0
2013-02-25,4.894,4.894,4.894,4.894,0.0
2013-02-26,4.893,4.893,4.893,4.893,0.0
2013-02-27,4.886,4.886,4.886,4.886,0.0
2013-02-28,4.907,4.907,4.907,4.907,0.0
2013-03-01,4.915,4.915,4.915,4.915,0.0
2013-03-04,4.963,4.963,4.963,4.963,0.0
2013-03-05,4.953,4.953,4.953,4.953,0.0
2013-03-06,4.923,4.923,4.923,4.923,0.0
2013-03-07,4.953,4.953,4.953,4.953,0.0
2013-03-08,4.949,4.949,4.949,4.949,0.0
2013-03-11,4.942,4.942,4.942,4.942,0.0
2013-03-12,4.912,4.912,4.912,4.912,0.0
2013-03-13,4.917,4.917,4.917,4.917,0.0
2013-03-14,4.909,4.909,4.909,4.909,0.0
2013-03-15,4.912,4.912,4.912,4.912,0.0
2013-03-18,4.897,4.897,4.897,4.897,0.0
2013-03-19,4.922,4.922,4.922,4.922,0.0
2013-03-20,4.911,4.911,4.911,4.911,0.0
2013-03-21,4.848,4.848,4.848,4.848,0.0
2013-03-22,4.84,4.84,4.84,4.84,0.0
2013-03-25,4.806,4.806,4.806,4.806,0.0
2013-03-26,4.818,4.818,4.818,4.818,0.0
2013-03-27,4.803,4.803,4.803,4.803,0.0
2013-03-28,4.77,4.77,4.77,4.77,0.0
2013-04-01,4.759,4.759,4.759,4.759,0.0
2013-04-02,4.722,4.722,4.722,4.722,0.0
2013-04-03,4.727,4.727,4.727,4.727,0.0
2013-04-04,4.739,4.739,4.739,4.739,0.0
2013-04-05,4.716,4.716,4.716,4.716,0.0
2013-04-08,4.65,4.65,4.65,4.65,0.0
2013-04-09,4.533,4.533,4.533,4.533,0.0
2013-04-10,4.477,4.477,4.477,4.477,0.0
2013-04-11,4.556,4.556,4.556,4.556,0.0
2013-04-12,4.705,4.705,4.705,4.705,0.0
2013-04-15,4.714,4.714,4.714,4.714,0.0
2013-04-16,4.774,4.774,4.774,4.774,0.0
2013-04-17,4.778,4.778,4.778,4.778,0.0
2013-04-18,4.771,4.771,4.771,4.771,0.0
2013-04-19,4.772,4.772,4.772,4.772,0.0
2013-04-22,4.753,4.753,4.753,4.753,0.0
2013-04-23,4.741,4.741,4.741,4.741,0.0
2013-04-24,4.654,4.654,4.654,4.654,0.0
2013-04-25,4.641,4.641,4.641,4.641,0.0
2013-04-26,4.643,4.643,4.643,4.643,0.0
2013-04-29,4.656,4.656,4.656,4.656,0.0
2013-04-30,4.645,4.645,4.645,4.645,0.0
2013-05-01,4.63,4.63,4.63,4.63,0.0
2013-05-02,4.623,4.623,4.623,4.623,0.0
2013-05-03,4.662,4.662,4.662,4.662,0.0
2013-05-06,4.713,4.713,4.713,4.713,0.0
2013-05-07,4.712,4.712,4.712,4.712,0.0
2013-05-08,4.696,4.696,4.696,4.696,0.0
2013-05-09,4.668,4.668,4.668,4.668,0.0
2013-05-10,4.65,4.65,4.65,4.65,0.0
2013-05-13,4.66,4.66,4.66,4.66,0.0
2013-05-14,4.691,4.691,4.691,4.691,0.0
2013-05-15,4.673,4.673,4.673,4.673,0.0
2013-05-16,4.67,4.67,4.67,4.67,0.0
2013-05-17,4.827,4.827,4.827,4.827,0.0
2013-05-20,4.961,4.961,4.961,4.961,0.0
2013-05-21,5.013,5.013,5.013,5.013,0.0
2013-05-22,5.052,5.052,5.052,5.052,0.0
2013-05-23,5.04,5.04,5.04,5.04,0.0
2013-05-24,5.031,5.031,5.031,5.031,0.0
2013-05-28,5.02,5.02,5.02,5.02,0.0
2013-05-29,5.011,5.011,5.011,5.011,0.0
2013-05-30,4.971,4.971,4.971,4.971,0.0
2013-05-31,4.983,4.983,4.983,4.983,0.0
2013-06-03,4.992,4.992,4.992,4.992,0.0
2013-06-04,4.971,4.971,4.971,4.971,0.0
2013-06-05,4.943,4.943,4.943,4.943,0.0
2013-06-06,4.888,4.888,4.888,4.888,0.0
2013-06-07,4.903,4.903,4.903,4.903,0.0
2013-06-10,4.887,4.887,4.887,4.887,0.0
2013-06-11,4.812,4.812,4.812,4.812,0.0
2013-06-12,4.786,4.786,4.786,4.786,0.0
2013-06-13,4.8,4.8,4.8,4.8,0.0
2013-06-14,4.775,4.775,4.775,4.775,0.0
2013-06-17,4.816,4.816,4.816,4.816,0.0
2013-06-18,4.859,4.859,4.859,4.859,0.0
2013-06-19,4.841,4.841,4.841,4.841,0.0
2013-06-20,4.793,4.793,4.793,4.793,0.0
2013-06-21,4.813,4.813,4.813,4.813,0.0
2013-06-24,4.913,4.913,4.913,4.913,0.0
2013-06-25,4.96,4.96,4.96,4.96,0.0
2013-06-26,5.007,5.007,5.007,5.007,0.0
2013-06-27,4.946,4.946,4.946,4.946,0.0
2013-06-28,4.978,4.978,4.978,4.978,0.0
2013-07-01,4.913,4.913,4.913,4.913,0.0
2013-07-02,4.948,4.948,4.948,4.948,0.0
2013-07-03,4.97,4.97,4.97,4.97,0.0
2013-07-05,4.929,4.929,4.929,4.929,0.0
2013-07-08,4.974,4.974,4.974,4.974,0.0
2013-07-09,4.901,4.901,4.901,4.901,0.0
2013-07-10,4.887,4.887,4.887,4.887,0.0
2013-07-11,4.883,4.883,4.883,4.883,0.0
2013-07-12,4.878,4.878,4.878,4.878,0.0
2013-07-15,4.899,4.899,4.899,4.899,0.0
2013-07-16,4.898,4.898,4.898,4.898,0.0
2013-07-17,4.9,4.9,4.9,4.9,0.0
2013-07-18,4.856,4.856,4.856,4.856,0.0
2013-07-19,4.81,4.81,4.81,4.81,0.0
2013-07-22,4.786,4.786,4.786,4.786,0.0
2013-07-23,4.757,4.757,4.757,4.757,0.0
2013-07-24,4.776,4.776,4.776,4.776,0.0
2013-07-25,4.801,4.801,4.801,4.801,0.0
2013-07-26,4.761,4.761,4.761,4.761,50.0
2013-07-29,4.761,4.761,4.761,4.761,0.0
2013-07-30,4.728,4.728,4.728,4.728,0.0
2013-07-31,4.746,4.746,4.746,4.746,0.0
2013-08-01,4.737,4.737,4.737,4.737,25.0
2013-08-02,4.722,4.722,4.722,4.722,0.0
2013-08-05,4.727,4.727,4.727,4.727,0.0
2013-08-06,4.705,4.705,4.705,4.705,0.0
2013-08-07,4.714,4.714,4.714,4.714,0.0
2013-08-08,4.725,4.725,4.725,4.725,0.0
2013-08-09,4.69,4.69,4.69,4.69,0.0
2013-08-12,4.657,4.657,4.657,4.657,0.0
2013-08-13,4.63,4.63,4.63,4.63,0.0
2013-08-14,4.6,4.6,4.6,4.6,0.0
2013-08-15,4.628,4.628,4.628,4.628,0.0
2013-08-16,4.61,4.61,4.61,4.61,0.0
2013-08-19,4.621,4.621,4.621,4.621,0.0
2013-08-20,4.604,4.604,4.604,4.604,0.0
2013-08-21,4.572,4.572,4.572,4.572,0.0
2013-08-22,4.607,4.607,4.607,4.607,0.0
2013-08-23,4.577,4.577,4.577,4.577,0.0
2013-08-26,4.562,4.562,4.562,4.562,0.0
2013-08-27,4.546,4.546,4.546,4.546,0.0
2013-08-28,4.552,4.552,4.552,4.552,0.0
2013-08-29,4.562,4.562,4.562,4.562,0.0
2013-08-30,4.574,4.574,4.574,4.574,0.0
2013-09-03,4.583,4.583,4.583,4.583,0.0
2013-09-04,4.555,4.555,4.555,4.555,0.0
2013-09-05,4.526,4.526,4.526,4.526,0.0
2013-09-06,4.518,4.518,4.518,4.518,0.0
2013-09-09,4.513,4.513,4.513,4.513,0.0
2013-09-10,4.521,4.521,4.521,4.521,0.0
2013-09-11,4.508,4.508,4.508,4.508,0.0
2013-09-12,4.497,4.497,4.497,4.497,0.0
2013-09-13,4.517,4.517,4.517,4.517,0.0
2013-09-16,4.519,4.519,4.519,4.519,0.0
2013-09-17,4.494,4.494,4.494,4.494,0.0
2013-09-18,4.54,4.54,4.54,4.54,0.0
2013-09-19,4.57,4.57,4.57,4.57,0.0
2013-09-20,4.556,4.556,4.556,4.556,0.0
2013-09-23,4.515,4.515,4.515,4.515,0.0
2013-09-24,4.49,4.49,4.49,4.49,0.0
2013-09-25,4.484,4.484,4.484,4.484,0.0
2013-09-26,4.55,4.55,4.55,4.55,0.0
2013-09-27,4.565,4.565,4.565,4.565,0.0
2013-09-30,4.515,4.515,4.515,4.515,0.0
2013-10-01,4.535,4.535,4.535,4.535,0.0
2013-10-02,4.494,4.494,4.494,4.494,0.0
2013-10-03,4.49,4.49,4.49,4.49,0.0
2013-10-04,4.504,4.504,4.504,4.504,0.0
2013-10-07,4.523,4.523,4.523,4.523,0.0
2013-10-08,4.532,4.532,4.532,4.532,0.0
2013-10-09,4.52,4.52,4.52,4.52,0.0
2013-10-10,4.525,4.525,4.525,4.525,0.0
2013-10-11,4.505,4.505,4.505,4.505,0.0
2013-10-14,4.522,4.522,4.522,4.522,0.0
2013-10-15,4.485,4.485,4.485,4.485,0.0
2013-10-16,4.452,4.452,4.452,4.452,0.0
2013-10-17,4.476,4.476,4.476,4.476,0.0
2013-10-18,4.487,4.487,4.487,4.487,0.0
2013-10-21,4.473,4.473,4.473,4.473,0.0
2013-10-22,4.46,4.46,4.46,4.46,0.0
2013-10-23,4.466,4.466,4.466,4.466,0.0
2013-10-24,4.484,4.484,4.484,4.484,0.0
2013-10-25,4.515,4.515,4.515,4.515,0.0
2013-10-28,4.468,4.468,4.468,4.468,0.0
2013-10-29,4.466,4.466,4.466,4.466,0.0
2013-10-30,4.452,4.452,4.452,4.452,0.0
2013-10-31,4.408,4.408,4.408,4.408,0.0
2013-11-01,4.363,4.363,4.363,4.363,0.0
2013-11-04,4.326,4.326,4.326,4.326,0.0
2013-11-05,4.327,4.327,4.327,4.327,0.0
2013-11-06,4.338,4.338,4.338,4.338,0.0
2013-11-07,4.334,4.334,4.334,4.334,0.0
2013-11-08,4.328,4.328,4.328,4.328,0.0
2013-11-11,4.342,4.342,4.342,4.342,3.0
2013-11-12,4.33,4.33,4.33,4.33,0.0
2013-11-13,4.311,4.311,4.311,4.311,0.0
2013-11-14,4.311,4.311,4.311,4.311,0.0
2013-11-15,4.304,4.304,4.304,4.304,0.0
2013-11-18,4.308,4.308,4.308,4.308,0.0
2013-11-19,4.273,4.273,4.273,4.273,0.0
2013-11-20,4.313,4.313,4.313,4.313,0.0
2013-11-21,4.305,4.305,4.305,4.305,0.0
2013-11-22,4.311,4.311,4.311,4.311,0.0
2013-11-25,4.322,4.322,4.322,4.322,0.0
2013-11-26,4.322,4.322,4.322,4.322,0.0
2013-11-27,4.324,4.324,4.324,4.324,0.0
2013-11-29,4.325,4.325,4.325,4.325,0.0
2013-12-02,4.397,4.397,4.397,4.397,0.0
2013-12-03,4.437,4.437,4.437,4.437,0.0
2013-12-04,4.491,4.491,4.491,4.491,0.0
2013-12-05,4.476,4.476,4.476,4.476,0.0
2013-12-06,4.474,4.474,4.474,4.474,0.0
2013-12-09,4.429,4.429,4.429,4.429,0.0
2013-12-10,4.402,4.402,4.402,4.402,2.0
2013-12-11,4.368,4.368,4.368,4.368,0.0
2013-12-12,4.298,4.298,4.298,4.298,0.0
2013-12-13,4.3,4.3,4.3,4.3,0.0
2013-12-16,4.347,4.347,4.347,4.347,0.0
2013-12-17,4.314,4.314,4.314,4.314,0.0
2013-12-18,4.281,4.281,4.281,4.281,0.0
2013-12-19,4.302,4.302,4.302,4.302,0.0
2013-12-20,4.257,4.257,4.257,4.257,0.0
2013-12-23,4.242,4.242,4.242,4.242,0.0
2013-12-24,4.269,4.269,4.269,4.269,0.0
2013-12-26,4.266,4.266,4.266,4.266,0.0
2013-12-27,4.278,4.278,4.278,4.278,0.0
2013-12-30,4.268,4.268,4.268,4.268,0.0
2013-12-31,4.241,4.241,4.241,4.241,0.0
2014-01-02,4.256,4.256,4.256,4.256,0.0
2014-01-03,4.276,4.276,4.276,4.276,0.0
2014-01-06,4.282,4.282,4.282,4.282,0.0
2014-01-07,4.295,4.295,4.295,4.295,0.0
2014-01-08,4.262,4.262,4.262,4.262,0.0
2014-01-09,4.208,4.208,4.208,4.208,0.0
2014-01-10,4.238,4.238,4.238,4.238,0.0
2014-01-13,4.235,4.235,4.235,4.235,35.0
2014-01-14,4.232,4.232,4.232,4.232,0.0
2014-01-15,4.232,4.232,4.232,4.232,0.0
2014-01-16,4.221,4.221,4.221,4.221,0.0
2014-01-17,4.211,4.211,4.211,4.211,0.0
2014-01-21,4.259,4.259,4.259,4.259,0.0
2014-01-22,4.259,4.259,4.259,4.259,0.0
2014-01-23,4.253,4.253,4.253,4.253,0.0
2014-01-24,4.233,4.233,4.233,4.233,0.0
2014-01-27,4.287,4.287,4.287,4.287,0.0
2014-01-28,4.269,4.269,4.269,4.269,0.0
2014-01-29,4.265,4.265,4.265,4.265,0.0
2014-01-30,4.252,4.252,4.252,4.252,0.0
2014-01-31,4.257,4.257,4.257,4.257,0.0
2014-02-03,4.291,4.291,4.291,4.291,0.0
2014-02-04,4.289,4.289,4.289,4.289,0.0
2014-02-05,4.258,4.258,4.258,4.258,0.0
2014-02-06,4.226,4.226,4.226,4.226,0.0
2014-02-07,4.218,4.218,4.218,4.218,0.0
2014-02-10,4.195,4.195,4.195,4.195,0.0
2014-02-11,4.149,4.149,4.149,4.149,0.0
2014-02-12,4.14,4.14,4.14,4.14,0.0
2014-02-13,4.136,4.136,4.136,4.136,0.0
2014-02-14,4.161,4.161,4.161,4.161,0.0
2014-02-18,4.182,4.182,4.182,4.182,0.0
2014-02-19,4.197,4.197,4.197,4.197,0.0
2014-02-20,4.249,4.249,4.249,4.249,0.0
2014-02-21,4.249,4.249,4.249,4.249,0.0
2014-02-24,4.264,4.264,4.264,4.264,0.0
2014-02-25,4.268,4.268,4.268,4.268,0.0
2014-02-26,4.26,4.26,4.26,4.26,0.0
2014-02-27,4.207,4.207,4.207,4.207,0.0
2014-02-28,4.201,4.201,4.201,4.201,0.0
2014-03-03,4.199,4.199,4.199,4.199,0.0
2014-03-04,4.215,4.215,4.215,4.215,0.0
2014-03-05,4.245,4.245,4.245,4.245,0.0
2014-03-06,4.333,4.333,4.333,4.333,10.0
2014-03-07,4.309,4.309,4.309,4.309,10.0
2014-03-10,4.319,4.319,4.319,4.319,0.0
2014-03-11,4.338,4.338,4.338,4.338,0.0
2014-03-12,4.346,4.346,4.346,4.346,0.0
2014-03-13,4.356,4.356,4.356,4.356,0.0
2014-03-14,4.416,4.416,4.416,4.416,0.0
2014-03-17,4.398,4.398,4.398,4.398,0.0
2014-03-18,4.351,4.351,4.351,4.351,0.0
2014-03-19,4.377,4.377,4.377,4.377,0.0
2014-03-20,4.391,4.391,4.391,4.391,25.0
2014-03-21,4.381,4.381,4.381,4.381,0.0
2014-03-24,4.394,4.394,4.394,4.394,25.0
2014-03-25,4.413,4.413,4.413,4.413,0.0
2014-03-26,4.432,4.432,4.432,4.432,2.0
2014-03-27,4.429,4.429,4.429,4.429,2.0
2014-03-28,4.4,4.4,4.4,4.4,0.0
2014-03-31,4.4,4.4,4.4,4.4,2.0
2014-04-01,4.359,4.359,4.359,4.359,0.0
2014-04-02,4.38,4.38,4.38,4.38,0.0
2014-04-03,4.428,4.428,4.428,4.428,0.0
2014-04-04,4.428,4.428,4.428,4.428,0.0
2014-04-07,4.443,4.443,4.443,4.443,0.0
2014-04-08,4.441,4.441,4.441,4.441,0.0
2014-04-09,4.484,4.484,4.484,4.484,0.0
2014-04-10,4.502,4.502,4.502,4.502,0.0
2014-04-11,4.505,4.505,4.505,4.505,0.0
2014-04-14,4.503,4.503,4.503,4.503,0.0
2014-04-15,4.5,4.5,4.5,4.5,0.0
2014-04-16,4.505,4.505,4.505,4.505,0.0
2014-04-17,4.506,4.506,4.506,4.506,0.0
2014-04-21,4.491,4.491,4.491,4.491,0.0
2014-04-22,4.497,4.497,4.497,4.497,0.0
2014-04-23,4.49,4.49,4.49,4.49,0.0
2014-04-24,4.524,4.524,4.524,4.524,0.0
2014-04-25,4.513,4.513,4.513,4.513,0.0
2014-04-28,4.532,4.532,4.532,4.532,0.0
2014-04-29,4.598,4.598,4.598,4.598,0.0
2014-04-30,4.604,4.604,4.604,4.604,0.0
2014-05-01,4.608,4.608,4.608,4.608,0.0
2014-05-02,4.596,4.596,4.596,4.596,0.0
2014-05-05,4.592,4.592,4.592,4.592,0.0
2014-05-06,4.608,4.608,4.608,4.608,0.0
2014-05-07,4.618,4.618,4.618,4.618,0.0
2014-05-08,4.615,4.615,4.615,4.615,0.0
2014-05-09,4.623,4.623,4.623,4.623,0.0
2014-05-12,4.593,4.593,4.593,4.593,0.0
2014-05-13,4.579,4.579,4.579,4.579,0.0
2014-05-14,4.607,4.607,4.607,4.607,0.0
2014-05-15,4.596,4.596,4.596,4.596,0.0
2014-05-16,4.566,4.566,4.566,4.566,0.0
2014-05-19,4.567,4.567,4.567,4.567,0.0
2014-05-20,4.572,4.572,4.572,4.572,0.0
2014-05-21,4.577,4.577,4.577,4.577,0.0
2014-05-22,4.555,4.555,4.555,4.555,0.0
2014-05-23,4.58,4.58,4.58,4.58,0.0
2014-05-27,4.608,4.608,4.608,4.608,0.0
2014-05-28,4.604,4.604,4.604,4.604,0.0
2014-05-29,4.607,4.607,4.607,4.607,0.0
2014-05-30,4.598,4.598,4.598,4.598,0.0
2014-06-02,4.633,4.633,4.633,4.633,0.0
2014-06-03,4.612,4.612,4.612,4.612,0.0
2014-06-04,4.607,4.607,4.607,4.607,0.0
2014-06-05,4.631,4.631,4.631,4.631,0.0
2014-06-06,4.647,4.647,4.647,4.647,0.0
2014-06-09,4.626,4.626,4.626,4.626,0.0
2014-06-10,4.666,4.666,4.666,4.666,0.0
2014-06-11,4.667,4.667,4.667,4.667,0.0
2014-06-12,4.675,4.675,4.675,4.675,0.0
2014-06-13,4.697,4.697,4.697,4.697,0.0
2014-06-16,4.696,4.696,4.696,4.696,0.0
2014-06-17,4.722,4.722,4.722,4.722,0.0
2014-06-18,4.728,4.728,4.728,4.728,0.0
2014-06-19,4.72,4.724,4.72,4.724,10.0
2014-06-20,4.694,4.694,4.694,4.694,0.0
2014-06-23,4.669,4.669,4.669,4.669,50.0
2014-06-24,4.67,4.67,4.67,4.67,0.0
2014-06-25,4.686,4.686,4.686,4.686,0.0
2014-06-26,4.618,4.618,4.618,4.618,0.0
2014-06-27,4.619,4.619,4.619,4.619,0.0
2014-06-30,4.638,4.638,4.638,4.638,0.0
2014-07-01,4.654,4.654,4.654,4.654,0.0
2014-07-02,4.623,4.623,4.623,4.623,0.0
2014-07-03,4.618,4.618,4.618,4.618,0.0
2014-07-07,4.592,4.592,4.592,4.592,0.0
2014-07-08,4.573,4.573,4.573,4.573,0.0
2014-07-09,4.551,4.551,4.551,4.551,0.0
2014-07-10,4.52,4.52,4.52,4.52,0.0
2014-07-11,4.517,4.517,4.517,4.517,0.0
2014-07-14,4.511,4.511,4.511,4.511,0.0
2014-07-15,4.508,4.508,4.508,4.508,0.0
2014-07-16,4.523,4.523,4.523,4.523,20.0
2014-07-17,4.494,4.494,4.494,4.494,0.0
2014-07-18,4.521,4.521,4.521,4.521,0.0
2014-07-21,4.499,4.499,4.499,4.499,0.0
2014-07-22,4.462,4.462,4.462,4.462,0.0
2014-07-23,4.441,4.441,4.441,4.441,0.0
2014-07-24,4.442,4.442,4.442,4.442,0.0
2014-07-25,4.432,4.432,4.432,4.432,50.0
2014-07-28,4.419,4.419,4.419,4.419,0.0
2014-07-29,4.394,4.394,4.394,4.394,0.0
2014-07-30,4.404,4.404,4.404,4.404,0.0
2014-07-31,4.43,4.43,4.43,4.43,0.0
2014-08-01,4.438,4.438,4.438,4.438,0.0
2014-08-04,4.427,4.427,4.427,4.427,0.0
2014-08-05,4.425,4.425,4.425,4.425,0.0
2014-08-06,4.435,4.435,4.435,4.435,0.0
2014-08-07,4.443,4.443,4.443,4.443,0.0
2014-08-08,4.455,4.455,4.455,4.455,0.0
2014-08-11,4.422,4.422,4.422,4.422,0.0
2014-08-12,4.404,4.404,4.404,4.404,0.0
2014-08-13,4.383,4.383,4.383,4.383,0.0
2014-08-14,4.396,4.396,4.396,4.396,0.0
2014-08-15,4.374,4.374,4.374,4.374,0.0
2014-08-18,4.369,4.369,4.369,4.369,0.0
2014-08-19,4.374,4.374,4.374,4.374,0.0
2014-08-20,4.361,4.361,4.361,4.361,0.0
2014-08-21,4.368,4.368,4.368,4.368,0.0
2014-08-22,4.356,4.356,4.356,4.356,0.0
2014-08-25,4.364,4.364,4.364,4.364,0.0
2014-08-26,4.354,4.354,4.354,4.354,0.0
2014-08-27,4.374,4.374,4.374,4.374,0.0
2014-08-28,4.374,4.374,4.374,4.374,2.0
2014-08-29,4.366,4.366,4.366,4.366,0.0
2014-09-02,4.328,4.328,4.328,4.328,0.0
2014-09-03,4.337,4.337,4.337,4.337,0.0
2014-09-04,4.338,4.338,4.338,4.338,0.0
2014-09-05,4.319,4.319,4.319,4.319,0.0
2014-09-08,4.33,4.33,4.33,4.33,0.0
2014-09-09,4.327,4.327,4.327,4.327,0.0
2014-09-10,4.352,4.352,4.352,4.352,0.0
2014-09-11,4.348,4.358,4.348,4.358,5.0
2014-09-12,4.342,4.342,4.342,4.342,0.0
2014-09-15,4.351,4.351,4.351,4.351,0.0
2014-09-16,4.364,4.364,4.364,4.364,0.0
2014-09-17,4.366,4.366,4.366,4.366,0.0
2014-09-18,4.346,4.346,4.346,4.346,0.0
2014-09-19,4.339,4.339,4.339,4.339,0.0
2014-09-22,4.336,4.336,4.336,4.336,0.0
2014-09-23,4.319,4.319,4.319,4.319,0.0
2014-09-24,4.347,4.347,4.347,4.347,0.0
2014-09-25,4.344,4.344,4.344,4.344,0.0
2014-09-26,4.33,4.33,4.33,4.33,0.0
2014-09-29,4.341,4.341,4.341,4.341,0.0
2014-09-30,4.306,4.342,4.306,4.342,1.0
2014-10-01,4.32,4.32,4.32,4.32,0.0
2014-10-02,4.316,4.316,4.316,4.316,0.0
2014-10-03,4.297,4.297,4.297,4.297,0.0
2014-10-06,4.297,4.297,4.297,4.297,0.0
2014-10-07,4.29,4.29,4.29,4.29,0.0
2014-10-08,4.285,4.285,4.285,4.285,0.0
2014-10-09,4.295,4.295,4.295,4.295,0.0
2014-10-10,4.292,4.292,4.292,4.292,8.0
2014-10-13,4.302,4.302,4.302,4.302,0.0
2014-10-14,4.292,4.292,4.292,4.292,0.0
2014-10-15,4.282,4.282,4.282,4.282,0.0
2014-10-16,4.292,4.292,4.292,4.292,0.0
2014-10-17,4.302,4.302,4.302,4.302,0.0
2014-10-20,4.284,4.284,4.284,4.284,0.0
2014-10-21,4.275,4.275,4.275,4.275,8.0
2014-10-22,4.253,4.253,4.253,4.253,0.0
2014-10-23,4.254,4.254,4.254,4.254,0.0
2014-10-24,4.233,4.233,4.233,4.233,0.0
2014-10-27,4.217,4.217,4.217,4.217,0.0
2014-10-28,4.217,4.217,4.217,4.217,40.0
2014-10-29,4.215,4.215,4.215,4.215,8.0
2014-10-30,4.214,4.214,4.214,4.214,0.0
2014-10-31,4.222,4.222,4.222,4.222,0.0
2014-11-03,4.233,4.233,4.233,4.233,0.0
2014-11-04,4.228,4.228,4.228,4.228,0.0
2014-11-05,4.199,4.199,4.199,4.199,0.0
2014-11-06,4.186,4.186,4.186,4.186,0.0
2014-11-07,4.183,4.183,4.183,4.183,0.0
2014-11-10,4.177,4.177,4.177,4.177,0.0
2014-11-11,4.192,4.192,4.192,4.192,0.0
2014-11-12,4.205,4.205,4.205,4.205,0.0
2014-11-13,4.17,4.17,4.17,4.17,0.0
2014-11-14,4.198,4.198,4.198,4.198,0.0
2014-11-17,4.21,4.21,4.21,4.21,0.0
2014-11-18,4.185,4.185,4.185,4.185,0.0
2014-11-19,4.176,4.176,4.176,4.176,0.0
2014-11-20,4.171,4.171,4.171,4.171,0.0
2014-11-21,4.159,4.159,4.159,4.159,0.0
2014-11-24,4.213,4.213,4.213,4.213,0.0
2014-11-25,4.19,4.19,4.19,4.19,0.0
2014-11-26,4.176,4.176,4.176,4.176,0.0
2014-11-28,4.188,4.188,4.188,4.188,0.0
2014-12-01,4.229,4.229,4.229,4.229,0.0
2014-12-02,4.209,4.209,4.209,4.209,0.0
2014-12-03,4.186,4.186,4.186,4.186,0.0
2014-12-04,4.161,4.161,4.161,4.161,0.0
2014-12-05,4.2,4.2,4.2,4.2,0.0
2014-12-08,4.201,4.201,4.201,4.201,10.0
2014-12-09,4.218,4.218,4.218,4.218,0.0
2014-12-10,4.22,4.22,4.22,4.22,0.0
2014-12-11,4.205,4.205,4.2,4.2,10.0
2014-12-12,4.203,4.203,4.203,4.203,0.0
2014-12-15,4.186,4.186,4.186,4.186,0.0
2014-12-16,4.148,4.148,4.148,4.148,0.0
2014-12-17,4.178,4.178,4.178,4.178,2.0
2014-12-18,4.156,4.156,4.156,4.156,0.0
2014-12-19,4.104,4.104,4.104,4.104,0.0
2014-12-22,4.07,4.07,4.07,4.07,8.0
2014-12-23,4.054,4.054,4.054,4.054,0.0
2014-12-24,4.043,4.043,4.043,4.043,0.0
2014-12-26,4.04,4.04,4.04,4.04,0.0
2014-12-29,4.05,4.05,4.05,4.05,0.0
2014-12-30,4.037,4.037,4.037,4.037,0.0
2014-12-31,3.992,3.992,3.992,3.992,0.0
2015-01-02,3.977,3.977,3.977,3.977,0.0
2015-01-05,3.959,3.959,3.959,3.959,0.0
2015-01-06,3.931,3.931,3.931,3.931,0.0
2015-01-07,3.899,3.899,3.899,3.899,0.0
2015-01-08,3.891,3.891,3.891,3.891,0.0
2015-01-09,3.883,3.883,3.883,3.883,0.0
2015-01-12,3.816,3.816,3.816,3.816,0.0
2015-01-13,3.822,3.822,3.822,3.822,0.0
2015-01-14,3.75,3.776,3.75,3.776,1.0
2015-01-15,3.705,3.705,3.705,3.705,0.0
2015-01-16,3.714,3.714,3.714,3.714,0.0
2015-01-20,3.697,3.697,3.697,3.697,1.0
2015-01-21,3.723,3.723,3.723,3.723,0.0
2015-01-22,3.737,3.737,3.737,3.737,0.0
2015-01-23,3.714,3.734,3.714,3.734,5.0
2015-01-26,3.748,3.748,3.748,3.748,0.0
2015-01-27,3.749,3.749,3.749,3.749,0.0
2015-01-28,3.75,3.75,3.75,3.75,0.0
2015-01-29,3.72,3.72,3.72,3.72,0.0
2015-01-30,3.72,3.72,3.72,3.72,0.0
2015-02-02,3.683,3.683,3.683,3.683,0.0
2015-02-03,3.708,3.708,3.708,3.708,0.0
2015-02-04,3.703,3.703,3.703,3.703,0.0
2015-02-05,3.651,3.651,3.651,3.651,0.0
2015-02-06,3.688,3.688,3.688,3.688,0.0
2015-02-09,3.698,3.698,3.698,3.698,0.0
2015-02-10,3.719,3.719,3.719,3.719,0.0
2015-02-11,3.712,3.712,3.712,3.712,0.0
2015-02-12,3.713,3.713,3.713,3.713,0.0
2015-02-13,3.753,3.753,3.753,3.753,0.0
2015-02-17,3.682,3.682,3.682,3.682,0.0
2015-02-18,3.693,3.693,3.693,3.693,0.0
2015-02-19,3.667,3.667,3.667,3.667,0.0
2015-02-20,3.661,3.661,3.661,3.661,0.0
2015-02-23,3.633,3.633,3.633,3.633,0.0
2015-02-24,3.633,3.633,3.633,3.633,0.0
2015-02-25,3.639,3.639,3.639,3.639,0.0
2015-02-26,3.611,3.611,3.611,3.611,0.0
2015-02-27,3.612,3.612,3.612,3.612,0.0
2015-03-02,3.616,3.616,3.616,3.616,0.0
2015-03-03,3.617,3.617,3.617,3.617,0.0
2015-03-04,3.611,3.611,3.611,3.611,0.0
2015-03-05,3.594,3.594,3.594,3.594,0.0
2015-03-06,3.594,3.594,3.594,3.594,0.0
2015-03-09,3.56,3.56,3.56,3.56,0.0
2015-03-10,3.561,3.561,3.561,3.561,0.0
2015-03-11,3.559,3.559,3.559,3.559,0.0
2015-03-12,3.528,3.528,3.528,3.528,0.0
2015-03-13,3.524,3.524,3.524,3.524,0.0
2015-03-16,3.525,3.525,3.525,3.525,0.0
2015-03-17,3.525,3.525,3.525,3.525,0.0
2015-03-18,3.543,3.543,3.543,3.543,0.0
2015-03-19,3.534,3.534,3.534,3.534,0.0
2015-03-20,3.517,3.517,3.517,3.517,0.0
2015-03-23,3.518,3.518,3.518,3.518,0.0
2015-03-24,3.524,3.524,3.524,3.524,0.0
2015-03-25,3.492,3.492,3.492,3.492,0.0
2015-03-26,3.483,3.483,3.483,3.483,0.0
2015-03-27,3.458,3.458,3.458,3.458,0.0
2015-03-30,3.446,3.446,3.446,3.446,0.0
2015-03-31,3.458,3.458,3.458,3.458,0.0
2015-04-01,3.447,3.447,3.447,3.447,0.0
2015-04-02,3.482,3.482,3.482,3.482,0.0
2015-04-06,3.467,3.467,3.467,3.467,0.0
2015-04-07,3.492,3.492,3.492,3.492,0.0
2015-04-08,3.485,3.485,3.485,3.485,0.0
2015-04-09,3.478,3.478,3.478,3.478,0.0
2015-04-10,3.473,3.473,3.473,3.473,0.0
2015-04-13,3.463,3.463,3.463,3.463,0.0
2015-04-14,3.462,3.462,3.462,3.462,0.0
2015-04-15,3.483,3.483,3.483,3.483,0.0
2015-04-16,3.511,3.511,3.511,3.511,0.0
2015-04-17,3.492,3.492,3.492,3.492,0.0
2015-04-20,3.475,3.475,3.475,3.475,0.0
2015-04-21,3.483,3.483,3.483,3.483,0.0
2015-04-22,3.49,3.49,3.49,3.49,0.0
2015-04-23,3.454,3.454,3.454,3.454,0.0
2015-04-24,3.451,3.451,3.451,3.451,0.0
2015-04-27,3.431,3.431,3.431,3.431,0.0
2015-04-28,3.431,3.431,3.431,3.431,0.0
2015-04-29,3.44,3.44,3.44,3.44,0.0
2015-04-30,3.45,3.45,3.45,3.45,0.0
2015-05-01,3.46,3.46,3.46,3.46,0.0
2015-05-04,3.475,3.475,3.475,3.475,0.0
2015-05-05,3.473,3.473,3.473,3.473,0.0
2015-05-06,3.481,3.481,3.481,3.481,0.0
2015-05-07,3.479,3.479,3.479,3.479,0.0
2015-05-08,3.504,3.504,3.504,3.504,0.0
2015-05-11,3.474,3.474,3.474,3.474,0.0
2015-05-12,3.467,3.467,3.467,3.467,0.0
2015-05-13,3.481,3.481,3.481,3.481,0.0
2015-05-14,3.488,3.488,3.488,3.488,0.0
2015-05-15,3.475,3.475,3.475,3.475,0.0
2015-05-18,3.476,3.476,3.476,3.476,0.0
2015-05-19,3.469,3.469,3.469,3.469,0.0
2015-05-20,3.468,3.468,3.468,3.468,0.0
2015-05-21,3.467,3.467,3.467,3.467,0.0
2015-05-22,3.456,3.456,3.456,3.456,0.0
2015-05-26,3.457,3.457,3.457,3.457,0.0
2015-05-27,3.452,3.452,3.452,3.452,0.0
2015-05-28,3.439,3.439,3.439,3.439,0.0
2015-05-29,3.427,3.427,3.427,3.427,0.0
2015-06-01,3.418,3.418,3.418,3.418,0.0
2015-06-02,3.423,3.423,3.423,3.423,0.0
2015-06-03,3.412,3.412,3.412,3.412,0.0
2015-06-04,3.375,3.375,3.375,3.375,0.0
2015-06-05,3.341,3.341,3.341,3.341,0.0
2015-06-08,3.369,3.369,3.369,3.369,0.0
2015-06-09,3.394,3.394,3.394,3.394,0.0
2015-06-10,3.409,3.409,3.409,3.409,0.0
2015-06-11,3.424,3.424,3.424,3.424,0.0
2015-06-12,3.425,3.425,3.425,3.425,0.0
2015-06-15,3.438,3.438,3.438,3.438,0.0
2015-06-16,3.452,3.452,3.452,3.452,0.0
2015-06-17,3.453,3.453,3.453,3.453,0.0
2015-06-18,3.426,3.426,3.426,3.426,0.0
2015-06-19,3.445,3.445,3.445,3.445,0.0
2015-06-22,3.425,3.425,3.425,3.425,0.0
2015-06-23,3.431,3.431,3.431,3.431,40.0
2015-06-24,3.432,3.432,3.432,3.432,0.0
2015-06-25,3.435,3.435,3.435,3.435,0.0
2015-06-26,3.428,3.428,3.428,3.428,12.0
2015-06-29,3.438,3.438,3.438,3.438,0.0
2015-06-30,3.45,3.45,3.45,3.45,0.0
2015-07-01,3.451,3.451,3.451,3.451,0.0
2015-07-02,3.457,3.457,3.457,3.457,0.0
2015-07-06,3.417,3.417,3.417,3.417,10.0
2015-07-07,3.405,3.405,3.405,3.405,20.0
2015-07-08,3.418,3.418,3.418,3.418,0.0
2015-07-09,3.421,3.421,3.421,3.421,0.0
2015-07-10,3.425,3.425,3.425,3.425,0.0
2015-07-13,3.434,3.434,3.434,3.434,0.0
2015-07-14,3.434,3.434,3.434,3.434,0.0
2015-07-15,3.445,3.445,3.445,3.445,0.0
2015-07-16,3.42,3.42,3.42,3.42,10.0
2015-07-17,3.425,3.425,3.425,3.425,0.0
2015-07-20,3.418,3.418,3.418,3.418,0.0
2015-07-21,3.418,3.418,3.418,3.418,0.0
2015-07-22,3.418,3.418,3.418,3.418,0.0
2015-07-23,3.396,3.396,3.396,3.396,10.0
2015-07-24,3.393,3.393,3.393,3.393,10.0
2015-07-27,3.414,3.414,3.414,3.414,0.0
2015-07-28,3.42,3.42,3.42,3.42,0.0
2015-07-29,3.414,3.414,3.414,3.414,12.0
2015-07-30,3.394,3.394,3.394,3.394,20.0
2015-07-31,3.36,3.36,3.36,3.36,11.0
2015-08-03,3.338,3.338,3.338,3.338,10.0
2015-08-04,3.312,3.312,3.312,3.312,10.0
2015-08-05,3.311,3.311,3.311,3.311,10.0
2015-08-06,3.315,3.315,3.315,3.315,0.0
2015-08-07,3.311,3.311,3.311,3.311,0.0
2015-08-10,3.309,3.309,3.309,3.309,0.0
2015-08-11,3.304,3.304,3.304,3.304,0.0
2015-08-12,3.321,3.321,3.321,3.321,10.0
2015-08-13,3.305,3.305,3.301,3.301,1.0
2015-08-14,3.312,3.312,3.312,3.312,10.0
2015-08-17,3.298,3.298,3.298,3.298,0.0
2015-08-18,3.285,3.285,3.285,3.285,0.0
2015-08-19,3.266,3.266,3.266,3.266,0.0
2015-08-20,3.263,3.263,3.263,3.263,0.0
2015-08-21,3.233,3.233,3.233,3.233,0.0
2015-08-24,3.185,3.185,3.185,3.185,70.0
2015-08-25,3.157,3.157,3.157,3.157,110.0
2015-08-26,3.174,3.174,3.174,3.174,0.0
2015-08-27,3.188,3.188,3.188,3.188,0.0
2015-08-28,3.208,3.208,3.208,3.208,0.0
2015-08-31,3.198,3.198,3.198,3.198,0.0
2015-09-01,3.21,3.21,3.21,3.21,0.0
2015-09-02,3.205,3.205,3.195,3.195,1.0
2015-09-03,3.198,3.198,3.198,3.198,0.0
2015-09-04,3.191,3.191,3.191,3.191,0.0
2015-09-08,3.2,3.2,3.2,3.2,0.0
2015-09-09,3.215,3.215,3.215,3.215,0.0
2015-09-10,3.215,3.215,3.215,3.215,0.0
2015-09-11,3.191,3.191,3.191,3.191,0.0
2015-09-14,3.206,3.206,3.206,3.206,0.0
2015-09-15,3.209,3.209,3.209,3.209,0.0
2015-09-16,3.181,3.181,3.181,3.181,0.0
2015-09-17,3.156,3.156,3.156,3.156,0.0
2015-09-18,3.134,3.134,3.134,3.134,0.0
2015-09-21,3.127,3.127,3.127,3.127,0.0
2015-09-22,3.119,3.119,3.119,3.119,0.0
2015-09-23,3.123,3.123,3.123,3.123,0.0
2015-09-24,3.163,3.163,3.163,3.163,0.0
2015-09-25,3.125,3.125,3.125,3.125,0.0
2015-09-28,3.122,3.122,3.122,3.122,0.0
2015-09-29,3.093,3.093,3.093,3.093,0.0
2015-09-30,3.061,3.061,3.061,3.061,0.0
2015-10-01,3.022,3.022,3.022,3.022,0.0
2015-10-02,3.046,3.046,3.046,3.046,0.0
2015-10-05,3.061,3.061,3.061,3.061,0.0
2015-10-06,3.074,3.074,3.074,3.074,0.0
2015-10-07,3.075,3.075,3.075,3.075,0.0
2015-10-08,3.075,3.075,3.075,3.075,0.0
2015-10-09,3.081,3.081,3.081,3.081,0.0
2015-10-12,3.096,3.096,3.096,3.096,0.0
2015-10-13,3.094,3.094,3.094,3.094,0.0
2015-10-14,3.095,3.095,3.095,3.095,0.0
2015-10-15,3.086,3.086,3.077,3.077,1.0
2015-10-16,3.073,3.073,3.073,3.073,0.0
2015-10-19,3.081,3.081,3.081,3.081,0.0
2015-10-20,3.095,3.095,3.095,3.095,0.0
2015-10-21,3.077,3.077,3.077,3.077,0.0
2015-10-22,3.067,3.067,3.067,3.067,0.0
2015-10-23,3.029,3.029,3.029,3.029,0.0
2015-10-26,2.98,2.985,2.977,2.977,2.0
2015-10-27,2.975,2.975,2.975,2.975,0.0
2015-10-28,2.965,2.965,2.965,2.965,0.0
2015-10-29,2.99,2.99,2.945,2.945,13.0
2015-10-30,2.974,2.974,2.974,2.974,0.0
2015-11-02,2.958,2.958,2.958,2.958,0.0
2015-11-03,2.97,2.979,2.97,2.979,1.0
2015-11-04,2.985,2.985,2.985,2.985,0.0
2015-11-05,2.998,2.998,2.998,2.998,0.0
2015-11-06,2.99,2.996,2.99,2.996,7.0
2015-11-09,2.982,2.982,2.982,2.982,0.0
2015-11-10,2.993,2.993,2.993,2.993,0.0
2015-11-11,2.987,2.987,2.987,2.987,10.0
2015-11-12,2.976,2.976,2.976,2.976,0.0
2015-11-13,2.996,2.996,2.996,2.996,0.0
2015-11-16,3.021,3.026,3.0,3.006,10.0
2015-11-17,2.996,2.996,2.996,2.996,0.0
2015-11-18,2.951,2.951,2.951,2.951,0.0
2015-11-19,2.94,2.94,2.909,2.909,19.0
2015-11-20,2.868,2.868,2.868,2.868,0.0
2015-11-23,2.896,2.896,2.896,2.896,0.0
2015-11-24,2.916,2.916,2.916,2.916,0.0
2015-11-25,2.926,2.926,2.926,2.926,50.0
2015-11-27,2.909,2.909,2.909,2.909,0.0
2015-11-30,2.92,2.92,2.92,2.92,0.0
2015-12-01,2.927,2.927,2.927,2.927,200.0
2015-12-02,2.93,2.946,2.93,2.946,101.0
2015-12-03,2.947,2.947,2.947,2.947,0.0
2015-12-04,2.955,2.955,2.955,2.955,0.0
2015-12-07,2.94,2.94,2.94,2.94,0.0
2015-12-08,2.92,2.943,2.92,2.943,15.0
2015-12-09,2.943,2.956,2.943,2.956,1.0
2015-12-10,2.958,2.958,2.958,2.958,0.0
2015-12-11,2.957,2.957,2.957,2.957,0.0
2015-12-14,2.909,2.909,2.909,2.909,0.0
2015-12-15,2.873,2.873,2.873,2.873,0.0
2015-12-16,2.906,2.906,2.906,2.906,2.0
2015-12-17,2.906,2.936,2.906,2.919,3.0
2015-12-18,2.92,2.922,2.915,2.922,20.0
2015-12-21,2.937,2.937,2.937,2.937,0.0
2015-12-22,2.92,2.92,2.92,2.92,0.0
2015-12-23,2.924,2.924,2.924,2.924,0.0
2015-12-24,2.926,2.926,2.926,2.926,0.0
2015-12-28,2.961,2.961,2.961,2.961,0.0
2015-12-29,2.955,2.955,2.955,2.955,12.0
2015-12-30,2.918,2.918,2.918,2.918,0.0
2015-12-31,2.937,2.937,2.937,2.937,0.0
2016-01-04,2.931,2.931,2.931,2.931,0.0
2016-01-05,2.921,2.921,2.921,2.921,0.0
2016-01-06,2.931,2.931,2.931,2.931,0.0
2016-01-07,2.968,2.968,2.968,2.968,0.0
2016-01-08,2.968,2.977,2.968,2.977,1.0
2016-01-11,2.937,2.937,2.937,2.937,0.0
2016-01-12,2.899,2.899,2.899,2.899,0.0
2016-01-13,2.85,2.913,2.85,2.913,4.0
2016-01-14,2.894,2.894,2.894,2.894,0.0
2016-01-15,2.885,2.885,2.885,2.885,0.0
2016-01-19,2.889,2.889,2.889,2.889,0.0
2016-01-20,2.898,2.898,2.898,2.898,0.0
2016-01-21,2.909,2.909,2.909,2.909,0.0
2016-01-22,2.914,2.914,2.914,2.914,0.0
2016-01-25,2.917,2.917,2.917,2.917,0.0
2016-01-26,2.904,2.904,2.904,2.904,0.0
2016-01-27,2.91,2.91,2.901,2.901,15.0
2016-01-28,2.912,2.912,2.912,2.912,0.0
2016-01-29,2.915,2.915,2.915,2.915,0.0
2016-02-01,2.869,2.869,2.869,2.869,0.0
2016-02-02,2.85,2.85,2.79,2.819,8.0
2016-02-03,2.855,2.855,2.855,2.855,0.0
2016-02-04,2.868,2.868,2.868,2.868,0.0
2016-02-05,2.873,2.873,2.873,2.873,4.0
2016-02-08,2.839,2.839,2.839,2.839,0.0
2016-02-09,2.819,2.85,2.819,2.821,9.0
2016-02-10,2.79,2.793,2.79,2.793,1.0
2016-02-11,2.763,2.763,2.763,2.763,0.0
2016-02-12,2.735,2.735,2.735,2.735,0.0
2016-02-16,2.697,2.697,2.697,2.697,0.0
2016-02-17,2.7,2.7,2.693,2.693,1.0
2016-02-18,2.674,2.674,2.674,2.674,0.0
2016-02-19,2.627,2.627,2.627,2.627,0.0
2016-02-22,2.576,2.576,2.576,2.576,0.0
2016-02-23,2.565,2.565,2.563,2.563,1.0
2016-02-24,2.573,2.573,2.573,2.573,40.0
2016-02-25,2.564,2.564,2.564,2.564,12.0
2016-02-26,2.578,2.578,2.578,2.578,0.0
2016-02-29,2.631,2.631,2.631,2.631,0.0
2016-03-01,2.689,2.689,2.689,2.689,0.0
2016-03-02,2.697,2.697,2.697,2.697,6.0
2016-03-03,2.71,2.71,2.71,2.71,0.0
2016-03-04,2.708,2.708,2.708,2.708,0.0
2016-03-07,2.718,2.718,2.718,2.718,0.0
2016-03-08,2.724,2.724,2.724,2.724,0.0
2016-03-09,2.753,2.753,2.753,2.753,0.0
2016-03-10,2.796,2.796,2.796,2.796,0.0
2016-03-11,2.82,2.82,2.803,2.803,19.0
2016-03-14,2.805,2.805,2.792,2.792,10.0
2016-03-15,2.81,2.81,2.791,2.791,1.0
2016-03-16,2.791,2.808,2.791,2.808,2.0
2016-03-17,2.815,2.815,2.815,2.815,0.0
2016-03-18,2.802,2.802,2.802,2.802,6.0
2016-03-21,2.79,2.791,2.79,2.791,1.0
2016-03-22,2.814,2.814,2.814,2.814,0.0
2016-03-23,2.815,2.815,2.815,2.815,0.0
2016-03-24,2.81,2.841,2.81,2.841,5.0
2016-03-28,2.88,2.88,2.88,2.88,0.0
2016-03-29,2.912,2.912,2.912,2.912,0.0
2016-03-30,2.902,2.914,2.902,2.914,2.0
2016-03-31,2.884,2.884,2.884,2.884,0.0
2016-04-01,2.873,2.873,2.873,2.873,0.0
2016-04-04,2.879,2.879,2.879,2.879,0.0
2016-04-05,2.88,2.88,2.88,2.88,0.0
2016-04-06,2.881,2.881,2.881,2.881,0.0
2016-04-07,2.889,2.889,2.889,2.889,2.0
2016-04-08,2.92,2.92,2.9,2.9,1.0
2016-04-11,2.891,2.891,2.891,2.891,0.0
2016-04-12,2.893,2.904,2.893,2.904,1.0
2016-04-13,2.895,2.907,2.895,2.907,2.0
2016-04-14,2.902,2.902,2.902,2.902,0.0
2016-04-15,2.89,2.892,2.89,2.892,1.0
2016-04-18,2.918,2.918,2.918,2.918,0.0
2016-04-19,2.926,2.945,2.926,2.945,2.0
2016-04-20,2.94,2.94,2.939,2.939,30.0
2016-04-21,2.961,2.961,2.961,2.961,0.0
2016-04-22,2.966,2.966,2.966,2.966,0.0
2016-04-25,2.985,2.985,2.985,2.985,0.0
2016-04-26,3.012,3.012,3.012,3.012,0.0
2016-04-27,3.03,3.03,3.03,3.03,0.0
2016-04-28,3.031,3.031,3.031,3.031,0.0
2016-04-29,3.033,3.033,3.033,3.033,0.0
2016-05-02,3.008,3.008,3.008,3.008,0.0
2016-05-03,3.019,3.019,3.019,3.019,0.0
2016-05-04,3.033,3.033,3.033,3.033,0.0
2016-05-05,3.02,3.042,3.02,3.042,59.0
2016-05-06,2.991,2.991,2.991,2.991,0.0
2016-05-09,2.979,2.979,2.979,2.979,0.0
2016-05-10,2.965,2.965,2.965,2.965,0.0
2016-05-11,2.975,2.975,2.975,2.975,0.0
2016-05-12,2.956,2.956,2.956,2.956,0.0
2016-05-13,2.934,2.934,2.934,2.934,0.0
2016-05-16,2.934,2.934,2.934,2.934,0.0
2016-05-17,2.918,2.918,2.918,2.918,0.0
2016-05-18,2.883,2.883,2.883,2.883,0.0
2016-05-19,2.883,2.913,2.883,2.913,1.0
2016-05-20,2.93,2.93,2.9,2.911,2.0
2016-05-23,2.934,2.934,2.934,2.934,0.0
2016-05-24,2.959,2.959,2.959,2.959,0.0
2016-05-25,2.98,3.006,2.98,3.006,1.0
2016-05-26,3.02,3.02,3.02,3.02,0.0
2016-05-27,3.026,3.026,3.026,3.026,0.0
2016-05-31,3.033,3.033,3.033,3.033,0.0
2016-06-01,3.005,3.009,3.0,3.009,9.0
2016-06-02,3.022,3.022,3.022,3.022,0.0
2016-06-03,3.019,3.019,3.019,3.019,0.0
2016-06-06,3.025,3.025,3.025,3.025,0.0
2016-06-07,3.01,3.042,3.01,3.042,1.0
2016-06-08,3.039,3.039,3.039,3.039,0.0
2016-06-09,3.039,3.039,3.039,3.039,0.0
2016-06-10,3.019,3.019,3.019,3.019,1.0
2016-06-13,2.995,2.995,2.995,2.995,0.0
2016-06-14,2.991,2.991,2.981,2.981,1.0
2016-06-15,2.972,2.972,2.972,2.972,0.0
2016-06-16,2.97,2.971,2.97,2.971,16.0
2016-06-17,2.969,2.969,2.969,2.969,0.0
2016-06-20,2.975,2.975,2.975,2.975,0.0
2016-06-21,2.962,2.97,2.96,2.97,2.0
2016-06-22,2.965,2.975,2.95,2.975,2.0
2016-06-23,2.969,2.969,2.969,2.969,0.0
2016-06-24,2.969,2.969,2.969,2.969,0.0
2016-06-27,2.947,2.947,2.947,2.947,0.0
2016-06-28,2.96,2.978,2.96,2.978,2.0
2016-06-29,2.95,2.968,2.95,2.968,1.0
2016-06-30,2.973,2.973,2.973,2.973,4.0
2016-07-01,2.997,2.997,2.997,2.997,0.0
2016-07-05,2.974,2.974,2.974,2.974,33.0
2016-07-06,2.996,2.996,2.996,2.996,2.0
2016-07-07,2.98,2.989,2.98,2.989,4.0
2016-07-08,2.991,2.991,2.991,2.991,0.0
2016-07-11,2.996,2.996,2.996,2.996,0.0
2016-07-12,2.978,2.987,2.978,2.987,55.0
2016-07-13,2.975,2.986,2.975,2.986,4.0
2016-07-14,2.984,2.984,2.984,2.984,1.0
2016-07-15,2.976,2.976,2.976,2.976,0.0
2016-07-18,2.968,2.968,2.968,2.968,0.0
2016-07-19,2.961,2.961,2.961,2.961,1.0
2016-07-20,2.94,2.949,2.94,2.949,17.0
2016-07-21,2.964,2.964,2.964,2.964,44.0
2016-07-22,2.953,2.977,2.953,2.977,20.0
2016-07-25,2.983,2.983,2.983,2.983,0.0
2016-07-26,2.981,2.981,2.981,2.981,0.0
2016-07-27,2.972,2.972,2.972,2.972,0.0
2016-07-28,2.985,2.985,2.985,2.985,0.0
2016-07-29,2.988,2.988,2.988,2.988,0.0
2016-08-01,2.964,2.964,2.964,2.964,30.0
2016-08-02,2.959,2.959,2.959,2.959,191.0
2016-08-03,2.95,2.971,2.947,2.971,242.0
2016-08-04,2.977,2.977,2.977,2.977,0.0
2016-08-05,2.962,2.962,2.962,2.962,0.0
2016-08-08,2.962,2.962,2.962,2.962,0.0
2016-08-09,2.948,2.948,2.939,2.939,29.0
2016-08-10,2.94,2.94,2.916,2.916,1.0
2016-08-11,2.91,2.91,2.91,2.91,300.0
2016-08-12,2.91,2.91,2.904,2.904,107.0
2016-08-15,2.924,2.924,2.904,2.904,1.0
2016-08-16,2.918,2.918,2.918,2.918,0.0
2016-08-17,2.932,2.932,2.932,2.932,20.0
2016-08-18,2.937,2.937,2.937,2.937,101.0
2016-08-19,2.915,2.915,2.912,2.912,16.0
2016-08-22,2.913,2.913,2.913,2.913,0.0
2016-08-23,2.929,2.929,2.929,2.929,25.0
2016-08-24,2.94,2.947,2.928,2.947,1.0
2016-08-25,2.936,2.936,2.936,2.936,0.0
2016-08-26,2.928,2.928,2.928,2.928,50.0
2016-08-29,2.933,2.933,2.933,2.933,0.0
2016-08-30,2.933,2.933,2.933,2.933,151.0
2016-08-31,2.94,2.947,2.933,2.947,22.0
2016-09-01,2.919,2.919,2.919,2.919,0.0
2016-09-02,2.909,2.909,2.909,2.909,0.0
2016-09-06,2.904,2.904,2.904,2.904,0.0
2016-09-07,2.897,2.897,2.897,2.897,140.0
2016-09-08,2.928,2.928,2.928,2.928,0.0
2016-09-09,2.917,2.917,2.917,2.917,252.0
2016-09-12,2.917,2.917,2.917,2.917,136.0
2016-09-13,2.915,2.921,2.915,2.921,412.0
2016-09-14,2.916,2.916,2.916,2.916,34.0
2016-09-15,2.92,2.92,2.92,2.92,146.0
2016-09-16,2.923,2.923,2.923,2.923,157.0
2016-09-19,2.929,2.929,2.929,2.929,121.0
2016-09-20,2.929,2.929,2.928,2.928,43.0
2016-09-21,2.934,2.934,2.934,2.934,522.0
2016-09-22,2.917,2.917,2.917,2.917,342.0
2016-09-23,2.895,2.895,2.895,2.895,23.0
2016-09-26,2.904,2.904,2.904,2.904,112.0
2016-09-27,2.882,2.882,2.882,2.882,60.0
2016-09-28,2.87,2.874,2.866,2.874,436.0
2016-09-29,2.863,2.87,2.863,2.87,32.0
2016-09-30,2.86,2.86,2.848,2.851,8.0
2016-10-03,2.873,2.873,2.873,2.873,0.0
2016-10-04,2.857,2.857,2.857,2.857,791.0
2016-10-05,2.914,2.914,2.914,2.914,94.0
2016-10-06,2.908,2.914,2.908,2.914,3.0
2016-10-07,2.925,2.925,2.925,2.925,27.0
2016-10-10,2.91,2.91,2.91,2.91,558.0
2016-10-11,2.91,2.937,2.91,2.937,281.0
2016-10-12,2.94,2.959,2.915,2.959,79.0
2016-10-13,2.985,2.985,2.985,2.985,277.0
2016-10-14,2.987,2.987,2.987,2.987,79.0
2016-10-17,2.995,2.995,2.995,2.995,110.0
2016-10-18,3.003,3.003,3.003,3.003,148.0
2016-10-19,2.995,2.995,2.995,2.995,20.0
2016-10-20,3.018,3.018,3.018,3.018,283.0
2016-10-21,2.999,3.003,2.999,3.003,208.0
2016-10-24,3.006,3.006,3.005,3.005,49.0
2016-10-25,2.98,2.98,2.958,2.958,62.0
2016-10-26,2.943,2.943,2.888,2.906,155.0
2016-10-27,2.957,2.957,2.957,2.957,37.0
2016-10-28,2.967,2.967,2.967,2.967,7.0
2016-10-31,2.983,2.983,2.963,2.963,138.0
2016-11-01,2.9,2.93,2.9,2.93,65.0
2016-11-02,2.88,2.884,2.879,2.884,381.0
2016-11-03,2.889,2.892,2.881,2.881,28.0
2016-11-04,2.874,2.874,2.874,2.874,18.0
2016-11-07,2.899,2.918,2.899,2.904,221.0
2016-11-08,2.871,2.875,2.86,2.86,151.0
2016-11-09,2.829,2.856,2.804,2.856,87.0
2016-11-10,2.829,2.851,2.82,2.851,17.0
2016-11-11,2.87,2.87,2.867,2.867,4.0
2016-11-14,2.894,2.894,2.894,2.894,31.0
2016-11-15,2.918,2.918,2.865,2.865,297.0
2016-11-16,2.875,2.875,2.865,2.871,395.0
2016-11-17,2.87,2.889,2.87,2.889,25.0
2016-11-18,2.909,2.909,2.899,2.899,33.0
2016-11-21,2.971,2.971,2.941,2.943,31.0
2016-11-22,2.925,2.928,2.925,2.928,11.0
2016-11-23,2.932,2.939,2.932,2.939,1.0
2016-11-25,2.939,2.943,2.925,2.943,119.0
2016-11-28,2.939,2.94,2.935,2.94,206.0
2016-11-29,2.921,2.921,2.921,2.921,669.0
2016-11-30,2.894,2.894,2.894,2.894,373.0
2016-12-01,2.925,2.925,2.914,2.914,571.0
2016-12-02,2.912,2.912,2.912,2.912,184.0
2016-12-05,2.95,2.95,2.924,2.947,243.0
2016-12-06,2.913,2.922,2.903,2.922,626.0
2016-12-07,2.91,2.932,2.91,2.932,654.0
2016-12-08,2.912,2.937,2.912,2.937,30.0
2016-12-09,2.91,2.939,2.91,2.939,493.0
2016-12-12,2.937,2.938,2.919,2.925,1046.0
2016-12-13,2.92,2.923,2.92,2.921,479.0
2016-12-14,2.935,2.935,2.904,2.927,290.0
2016-12-15,2.92,2.925,2.904,2.924,46.0
2016-12-16,2.93,2.968,2.914,2.948,385.0
2016-12-19,2.927,2.975,2.927,2.975,131.0
2016-12-20,2.95,2.95,2.905,2.905,670.0
2016-12-21,2.94,2.961,2.939,2.961,325.0
2016-12-22,2.929,2.954,2.929,2.954,346.0
2016-12-23,2.95,2.95,2.921,2.95,61.0
2016-12-27,2.985,2.985,2.945,2.96,273.0
2016-12-28,2.954,2.954,2.954,2.954,1380.0
2016-12-29,2.974,2.974,2.96,2.96,635.0
2016-12-30,2.968,2.968,2.968,2.968,537.0
2017-01-03,2.93,2.938,2.93,2.938,225.0
2017-01-04,2.921,2.921,2.921,2.921,69.0
2017-01-05,2.924,2.924,2.91,2.924,342.0
2017-01-06,2.941,2.941,2.904,2.925,256.0
2017-01-09,2.91,2.91,2.886,2.897,97.0
2017-01-10,2.941,2.941,2.941,2.941,108.0
2017-01-11,2.95,2.965,2.949,2.949,718.0
2017-01-12,2.985,2.986,2.96,2.97,239.0
2017-01-13,2.95,2.971,2.95,2.971,333.0
2017-01-17,2.99,2.99,2.955,2.973,178.0
2017-01-18,2.973,2.973,2.973,2.973,123.0
2017-01-19,2.966,2.978,2.966,2.977,318.0
2017-01-20,2.973,2.973,2.95,2.952,355.0
2017-01-23,2.977,2.977,2.963,2.964,132.0
2017-01-24,2.96,2.96,2.95,2.954,471.0
2017-01-25,2.95,2.95,2.94,2.947,204.0
2017-01-26,2.966,2.966,2.953,2.954,554.0
2017-01-27,2.951,2.976,2.948,2.956,159.0
2017-01-30,2.955,2.955,2.948,2.951,325.0
2017-01-31,2.944,2.944,2.944,2.944,219.0
2017-02-01,2.961,2.961,2.961,2.961,58.0
2017-02-02,2.987,2.987,2.981,2.981,184.0
2017-02-03,2.947,2.949,2.936,2.937,521.0
2017-02-06,2.931,2.952,2.931,2.952,81.0
2017-02-07,2.98,2.98,2.953,2.978,326.0
2017-02-08,2.977,2.977,2.97,2.97,115.0
2017-02-09,2.985,2.985,2.965,2.976,170.0
2017-02-10,2.945,2.962,2.945,2.961,210.0
2017-02-13,2.952,2.952,2.942,2.942,315.0
2017-02-14,2.921,2.931,2.916,2.931,384.0
2017-02-15,2.94,2.94,2.913,2.915,427.0
2017-02-16,2.914,2.917,2.899,2.9,586.0
2017-02-17,2.901,2.901,2.901,2.901,149.0
2017-02-21,2.86,2.87,2.853,2.853,664.0
2017-02-22,2.856,2.87,2.856,2.859,208.0
2017-02-23,2.894,2.894,2.86,2.864,634.0
2017-02-24,2.87,2.87,2.859,2.867,89.0
2017-02-27,2.83,2.847,2.83,2.847,190.0
2017-02-28,2.832,2.858,2.832,2.858,150.0
2017-03-01,2.865,2.908,2.864,2.908,1561.0
2017-03-02,2.918,2.926,2.9,2.926,426.0
2017-03-03,2.918,2.928,2.903,2.928,281.0
2017-03-06,2.934,2.937,2.907,2.917,364.0
2017-03-07,2.911,2.914,2.903,2.906,128.0
2017-03-08,2.914,2.923,2.907,2.923,355.0
2017-03-09,2.928,2.934,2.912,2.934,273.0
2017-03-10,2.928,2.938,2.923,2.936,612.0
2017-03-13,2.932,2.937,2.932,2.937,548.0
2017-03-14,2.922,2.922,2.893,2.894,922.0
2017-03-15,2.907,2.907,2.902,2.905,500.0
2017-03-16,2.895,2.895,2.894,2.894,808.0
2017-03-17,2.898,2.898,2.898,2.898,175.0
2017-03-20,2.907,2.916,2.904,2.916,503.0
2017-03-21,2.925,2.93,2.922,2.93,427.0
2017-03-22,2.911,2.911,2.903,2.907,826.0
2017-03-23,2.925,2.927,2.911,2.927,728.0
2017-03-24,2.929,2.934,2.928,2.934,295.0
2017-03-27,2.933,2.939,2.933,2.939,424.0
2017-03-28,2.942,2.943,2.932,2.943,707.0
2017-03-29,2.95,2.96,2.942,2.954,969.0
2017-03-30,2.954,2.954,2.93,2.93,904.0
2017-03-31,2.935,2.935,2.909,2.912,800.0
2017-04-03,2.918,2.918,2.918,2.918,407.0
2017-04-04,2.94,2.955,2.934,2.955,801.0
2017-04-05,2.963,2.963,2.939,2.953,1202.0
2017-04-06,2.935,2.944,2.931,2.944,919.0
2017-04-07,2.928,2.928,2.91,2.924,585.0
2017-04-10,2.909,2.927,2.909,2.927,327.0
2017-04-11,2.929,2.943,2.926,2.943,2248.0
2017-04-12,2.95,2.95,2.948,2.948,294.0
2017-04-13,2.952,2.972,2.952,2.972,510.0
2017-04-17,2.97,2.974,2.97,2.974,347.0
2017-04-18,2.981,2.981,2.968,2.98,2366.0
2017-04-19,2.991,2.991,2.972,2.978,1638.0
2017-04-20,2.98,3.001,2.98,3.001,787.0
2017-04-21,2.988,3.001,2.981,3.001,629.0
2017-04-24,3.0,3.004,2.998,2.998,615.0
2017-04-25,2.999,3.01,2.999,3.01,938.0
2017-04-26,3.012,3.021,2.989,3.021,1617.0
2017-04-27,3.0,3.008,3.0,3.004,1139.0
2017-04-28,3.001,3.006,2.992,3.006,478.0
2017-05-01,2.997,3.0,2.965,2.971,1053.0
2017-05-02,2.971,2.982,2.963,2.963,1291.0
2017-05-03,2.95,2.976,2.95,2.976,1744.0
2017-05-04,2.958,2.966,2.958,2.966,645.0
2017-05-05,2.967,2.986,2.967,2.986,1231.0
2017-05-08,2.958,2.963,2.958,2.96,2279.0
2017-05-09,2.973,2.975,2.97,2.975,2215.0
2017-05-10,2.983,3.003,2.982,2.984,2364.0
2017-05-11,2.992,3.001,2.991,2.997,1545.0
2017-05-12,2.998,3.0,2.995,2.999,803.0
2017-05-15,2.984,2.994,2.979,2.99,831.0
2017-05-16,2.976,2.978,2.969,2.969,1364.0
2017-05-17,2.967,2.972,2.964,2.972,575.0
2017-05-18,2.979,2.98,2.973,2.976,964.0
2017-05-19,2.99,2.99,2.981,2.981,898.0
2017-05-22,3.0,3.0,2.992,2.996,635.0
2017-05-23,2.99,2.99,2.985,2.985,1744.0
2017-05-24,2.977,2.984,2.976,2.976,628.0
2017-05-25,2.98,2.982,2.973,2.982,977.0
2017-05-26,2.983,2.992,2.98,2.992,1133.0
2017-05-30,2.971,2.975,2.96,2.967,570.0
2017-05-31,2.962,2.969,2.946,2.953,502.0
2017-06-01,2.971,2.972,2.951,2.951,416.0
2017-06-02,2.954,2.968,2.954,2.962,802.0
2017-06-05,2.96,2.96,2.946,2.952,761.0
2017-06-06,2.96,2.966,2.96,2.966,849.0
2017-06-07,2.97,2.97,2.95,2.969,342.0
2017-06-08,2.967,2.979,2.963,2.979,565.0
2017-06-09,2.975,2.979,2.971,2.979,540.0
2017-06-12,2.981,2.981,2.98,2.981,782.0
2017-06-13,2.965,2.966,2.947,2.965,3723.0
2017-06-14,2.949,2.965,2.941,2.943,607.0
2017-06-15,2.937,2.969,2.937,2.969,2046.0
2017-06-16,2.957,2.96,2.952,2.952,1040.0
2017-06-19,2.927,2.927,2.893,2.893,2355.0
2017-06-20,2.895,2.906,2.893,2.905,2754.0
2017-06-21,2.922,2.922,2.906,2.915,2423.0
2017-06-22,2.913,2.916,2.91,2.913,2949.0
2017-06-23,2.921,2.925,2.912,2.925,718.0
2017-06-26,2.935,2.94,2.925,2.936,1288.0
2017-06-27,2.932,2.935,2.928,2.932,908.0
2017-06-28,2.931,2.931,2.921,2.929,677.0
2017-06-29,2.926,2.931,2.914,2.914,991.0
2017-06-30,2.897,2.922,2.897,2.917,1402.0
2017-07-03,2.888,2.929,2.888,2.897,862.0
2017-07-05,2.884,2.884,2.854,2.854,1171.0
2017-07-06,2.852,2.863,2.852,2.863,1023.0
2017-07-07,2.876,2.876,2.863,2.867,1473.0
2017-07-10,2.887,2.893,2.885,2.893,186.0
2017-07-11,2.889,2.937,2.888,2.937,1717.0
2017-07-12,2.915,2.925,2.911,2.918,641.0
2017-07-13,2.905,2.932,2.9,2.931,499.0
2017-07-14,2.939,2.942,2.934,2.942,1154.0
2017-07-17,2.943,2.946,2.932,2.944,805.0
2017-07-18,2.951,2.963,2.944,2.963,1254.0
2017-07-19,2.965,2.965,2.958,2.962,1147.0
2017-07-20,2.958,2.968,2.956,2.966,1525.0
2017-07-21,2.959,2.959,2.924,2.947,419.0
2017-07-24,2.921,2.921,2.886,2.897,2225.0
2017-07-25,2.886,2.914,2.886,2.909,381.0
2017-07-26,2.904,2.918,2.894,2.904,923.0
2017-07-27,2.907,2.918,2.891,2.918,1307.0
2017-07-28,2.911,2.929,2.911,2.924,449.0
2017-07-31,2.882,2.889,2.864,2.876,1907.0
2017-08-01,2.897,2.898,2.87,2.887,1853.0
2017-08-02,2.886,2.915,2.886,2.912,880.0
2017-08-03,2.925,2.933,2.916,2.923,1301.0
2017-08-04,2.911,2.92,2.909,2.915,76.0
2017-08-07,2.921,2.929,2.917,2.923,432.0
2017-08-08,2.93,2.937,2.916,2.937,390.0
2017-08-09,2.944,2.95,2.934,2.944,1217.0
2017-08-10,2.941,2.963,2.941,2.963,1408.0
2017-08-11,2.964,2.967,2.952,2.967,602.0
2017-08-14,2.964,2.971,2.957,2.971,1029.0
2017-08-15,2.973,2.973,2.946,2.958,553.0
2017-08-16,2.944,2.948,2.937,2.938,510.0
2017-08-17,2.931,2.951,2.931,2.945,734.0
2017-08-18,2.943,2.948,2.938,2.941,134.0
2017-08-21,2.953,2.966,2.93,2.963,933.0
2017-08-22,2.975,2.975,2.958,2.961,1263.0
2017-08-23,2.947,2.966,2.946,2.964,805.0
2017-08-24,2.968,2.977,2.955,2.966,755.0
2017-08-25,2.946,2.953,2.938,2.95,658.0
2017-08-28,2.947,2.975,2.94,2.967,474.0
2017-08-29,2.971,2.973,2.961,2.973,313.0
2017-08-30,2.96,2.966,2.956,2.962,313.0
2017-08-31,2.945,2.983,2.945,2.983,1043.0
2017-09-01,2.96,2.995,2.949,2.995,1096.0
2017-09-05,3.0,3.002,2.964,2.975,962.0
2017-09-06,2.975,2.991,2.973,2.986,921.0
2017-09-07,2.99,2.995,2.974,2.992,1320.0
2017-09-08,2.98,2.994,2.968,2.977,1386.0
2017-09-11,2.995,3.009,2.995,3.009,1221.0
2017-09-12,3.01,3.027,2.998,3.016,3439.0
2017-09-13,3.022,3.031,3.019,3.027,1729.0
2017-09-14,3.015,3.029,3.015,3.021,1684.0
2017-09-15,3.014,3.03,3.008,3.029,3799.0
2017-09-18,3.044,3.055,3.036,3.044,2715.0
2017-09-19,3.042,3.047,3.031,3.046,943.0
2017-09-20,3.04,3.048,3.034,3.047,855.0
2017-09-21,3.036,3.043,2.997,3.004,2086.0
2017-09-22,3.006,3.023,3.003,3.023,443.0
2017-09-25,3.013,3.025,2.999,3.003,1357.0
2017-09-26,3.004,3.011,2.99,3.005,830.0
2017-09-27,3.021,3.027,3.014,3.025,566.0
2017-09-28,3.015,3.036,3.002,3.018,1820.0
2017-09-29,2.998,3.01,2.998,3.009,1355.0
2017-10-02,2.998,3.001,2.966,2.994,2259.0
2017-10-03,2.988,2.993,2.975,2.991,2004.0
2017-10-04,2.999,3.029,2.999,3.022,2601.0
2017-10-05,3.028,3.041,3.022,3.028,1560.0
2017-10-06,3.016,3.021,3.001,3.01,1949.0
2017-10-09,3.014,3.024,3.009,3.015,1825.0
2017-10-10,3.022,3.036,3.019,3.036,2006.0
2017-10-11,3.036,3.044,3.015,3.018,2351.0
2017-10-12,3.018,3.044,3.01,3.04,2194.0
2017-10-13,3.054,3.066,3.048,3.06,1862.0
2017-10-16,3.032,3.061,3.029,3.058,2262.0
2017-10-17,3.072,3.075,3.045,3.065,1864.0
2017-10-18,3.042,3.052,3.035,3.052,1208.0
2017-10-19,3.047,3.071,3.028,3.071,1852.0
2017-10-20,3.071,3.077,3.044,3.077,1790.0
2017-10-23,3.08,3.085,3.067,3.08,1275.0
2017-10-24,3.075,3.077,3.061,3.077,1053.0
2017-10-25,3.066,3.068,3.062,3.062,676.0
2017-10-26,3.049,3.053,3.043,3.049,787.0
2017-10-27,3.034,3.034,3.009,3.016,1265.0
2017-10-30,3.022,3.033,3.013,3.02,1274.0
2017-10-31,3.016,3.03,2.981,2.988,2661.0
2017-11-01,2.99,2.99,2.959,2.975,2397.0
2017-11-02,2.983,3.006,2.983,2.99,2669.0
2017-11-03,3.0,3.016,2.986,3.011,931.0
2017-11-06,3.044,3.06,3.034,3.047,3576.0
2017-11-07,3.045,3.055,3.028,3.055,3141.0
2017-11-08,3.042,3.066,3.039,3.063,871.0
2017-11-09,3.07,3.075,3.054,3.07,1916.0
2017-11-10,3.067,3.073,3.059,3.073,737.0
2017-11-13,3.064,3.085,3.054,3.065,1500.0
2017-11-14,3.049,3.049,3.025,3.048,2516.0
2017-11-15,3.05,3.058,3.031,3.042,1246.0
2017-11-16,3.049,3.057,3.037,3.054,1957.0
2017-11-17,3.05,3.074,3.05,3.064,1922.0
2017-11-20,3.048,3.062,3.039,3.056,1138.0
2017-11-21,3.05,3.057,3.038,3.049,1128.0
2017-11-22,3.046,3.047,3.021,3.028,1473.0
2017-11-24,3.014,3.03,2.942,2.953,1978.0
2017-11-27,3.008,3.008,2.983,2.988,1982.0
2017-11-28,2.998,3.036,2.998,3.031,3299.0
2017-11-29,3.04,3.057,3.03,3.043,4990.0
2017-11-30,3.035,3.044,2.988,2.993,2532.0
2017-12-01,3.011,3.03,2.991,2.997,3162.0
2017-12-04,3.01,3.016,2.94,2.958,4370.0
2017-12-05,2.966,2.968,2.91,2.936,2978.0
2017-12-06,2.947,2.958,2.915,2.941,1951.0
2017-12-07,2.925,2.925,2.867,2.871,4310.0
2017-12-08,2.868,2.899,2.856,2.863,3486.0
2017-12-11,2.882,2.886,2.858,2.875,2441.0
2017-12-12,2.87,2.877,2.777,2.781,5136.0
2017-12-13,2.797,2.814,2.748,2.79,4404.0
2017-12-14,2.783,2.798,2.759,2.791,2049.0
2017-12-15,2.795,2.811,2.722,2.744,5453.0
2017-12-18,2.755,2.829,2.755,2.795,4082.0
2017-12-19,2.781,2.804,2.765,2.778,1487.0
2017-12-20,2.796,2.803,2.707,2.723,2084.0
2017-12-21,2.699,2.733,2.673,2.696,2159.0
2017-12-22,2.701,2.731,2.69,2.731,1084.0
2017-12-26,2.777,2.786,2.728,2.747,1892.0
2017-12-27,2.739,2.809,2.735,2.794,2309.0
2017-12-28,2.791,2.855,2.791,2.843,3304.0
2017-12-29,2.869,2.88,2.852,2.867,3873.0
2018-01-02,2.91,2.91,2.868,2.897,4065.0
2018-01-03,2.881,2.891,2.845,2.885,4555.0
2018-01-04,2.891,2.91,2.81,2.831,2914.0
2018-01-05,2.83,2.83,2.756,2.806,5553.0
2018-01-08,2.825,2.835,2.774,2.825,2705.0
2018-01-09,2.825,2.877,2.806,2.864,3049.0
2018-01-10,2.866,2.885,2.815,2.856,2977.0
2018-01-11,2.848,2.884,2.845,2.884,4556.0
2018-01-12,2.877,2.898,2.85,2.895,7092.0
2018-01-16,2.864,2.893,2.844,2.89,4284.0
2018-01-17,2.901,2.915,2.871,2.911,5362.0
2018-01-18,2.918,2.919,2.88,2.915,5869.0
2018-01-19,2.9,2.922,2.883,2.896,3377.0
2018-01-22,2.899,2.908,2.865,2.905,4112.0
2018-01-23,2.91,2.971,2.907,2.945,8040.0
2018-01-24,2.966,2.971,2.925,2.967,5233.0
2018-01-25,2.973,2.995,2.961,2.981,5861.0
2018-01-26,2.997,3.008,2.977,2.992,4428.0
2018-01-29,2.95,3.011,2.95,3.011,5585.0
2018-01-30,3.013,3.039,3.013,3.036,5328.0
2018-01-31,2.997,3.004,2.95,2.968,10677.0
2018-02-01,2.955,2.957,2.91,2.927,8744.0
2018-02-02,2.95,2.954,2.915,2.922,5750.0
2018-02-05,2.921,2.929,2.856,2.868,5415.0
2018-02-06,2.877,2.882,2.832,2.864,4628.0
2018-02-07,2.867,2.885,2.824,2.843,8237.0
2018-02-08,2.842,2.872,2.834,2.843,5446.0
2018-02-09,2.833,2.85,2.765,2.779,8944.0
2018-02-12,2.753,2.798,2.751,2.767,6560.0
2018-02-13,2.793,2.821,2.789,2.804,6662.0
2018-02-14,2.819,2.825,2.774,2.799,7610.0
2018-02-15,2.806,2.81,2.759,2.793,9645.0
2018-02-16,2.779,2.79,2.77,2.782,2395.0
2018-02-20,2.808,2.836,2.783,2.822,5265.0
2018-02-21,2.819,2.854,2.773,2.84,3260.0
2018-02-22,2.827,2.846,2.819,2.837,5644.0
2018-02-23,2.811,2.838,2.797,2.821,3659.0
2018-02-26,2.847,2.871,2.808,2.844,6129.0
2018-02-27,2.84,2.862,2.803,2.852,7496.0
2018-02-28,2.849,2.872,2.831,2.838,4214.0
2018-03-01,2.842,2.886,2.82,2.865,5836.0
2018-03-02,2.87,2.884,2.854,2.861,3564.0
2018-03-05,2.885,2.885,2.849,2.868,3578.0
2018-03-06,2.869,2.906,2.868,2.904,6049.0
2018-03-07,2.906,2.935,2.901,2.935,10041.0
2018-03-08,2.93,2.945,2.905,2.927,8964.0
2018-03-09,2.913,2.92,2.89,2.91,6620.0
2018-03-12,2.905,2.956,2.905,2.944,8375.0
2018-03-13,2.948,2.965,2.939,2.953,6085.0
2018-03-14,2.955,2.959,2.892,2.92,7133.0
2018-03-15,2.926,2.93,2.867,2.882,5115.0
2018-03-16,2.875,2.889,2.87,2.884,4346.0
2018-03-19,2.891,2.893,2.845,2.859,4230.0
2018-03-20,2.86,2.887,2.858,2.88,2419.0
2018-03-21,2.885,2.902,2.841,2.847,4965.0
2018-03-22,2.855,2.868,2.836,2.841,4868.0
2018-03-23,2.852,2.852,2.811,2.82,4653.0
2018-03-26,2.805,2.857,2.805,2.841,4709.0
2018-03-27,2.845,2.885,2.843,2.88,6352.0
2018-03-28,2.889,2.889,2.857,2.867,4248.0
2018-03-29,2.867,2.912,2.867,2.889,9312.0
2018-04-02,2.891,2.909,2.819,2.855,9785.0
2018-04-03,2.845,2.871,2.845,2.868,11267.0
2018-04-04,2.866,2.907,2.851,2.889,13010.0
2018-04-05,2.869,2.878,2.837,2.865,10077.0
2018-04-06,2.87,2.895,2.87,2.876,11289.0
2018-04-09,2.861,2.865,2.82,2.856,15379.0
2018-04-10,2.856,2.879,2.805,2.827,13392.0
2018-04-11,2.821,2.845,2.798,2.837,10165.0
2018-04-12,2.827,2.849,2.815,2.841,10374.0
2018-04-13,2.838,2.892,2.832,2.872,9420.0
2018-04-16,2.9,2.908,2.879,2.895,6899.0
2018-04-17,2.877,2.897,2.858,2.884,8902.0
2018-04-18,2.888,2.921,2.872,2.877,14390.0
2018-04-19,2.879,2.88,2.807,2.81,17296.0
2018-04-20,2.82,2.867,2.806,2.862,15375.0
2018-04-23,2.85,2.875,2.839,2.864,14377.0
2018-04-24,2.868,2.893,2.852,2.892,17496.0
2018-04-25,2.892,2.902,2.866,2.887,12061.0
2018-04-26,2.892,2.915,2.879,2.908,18403.0
2018-04-27,2.899,2.905,2.857,2.857,12056.0
2018-04-30,2.851,2.866,2.821,2.843,8193.0
2018-05-01,2.847,2.892,2.842,2.88,21947.0
2018-05-02,2.882,2.887,2.835,2.84,14146.0
2018-05-03,2.844,2.856,2.791,2.805,12513.0
2018-05-04,2.805,2.813,2.777,2.785,6452.0
2018-05-07,2.786,2.83,2.768,2.804,26716.0
2018-05-08,2.801,2.829,2.775,2.797,17880.0
2018-05-09,2.802,2.822,2.791,2.8,19112.0
2018-05-10,2.795,2.866,2.777,2.865,23335.0
2018-05-11,2.853,2.879,2.851,2.872,17424.0
2018-05-14,2.881,2.899,2.867,2.897,13206.0
2018-05-15,2.889,2.91,2.879,2.889,15103.0
2018-05-16,2.881,2.895,2.868,2.877,11106.0
2018-05-17,2.877,2.923,2.852,2.922,23879.0
2018-05-18,2.916,2.938,2.908,2.924,10747.0
2018-05-21,2.906,2.924,2.896,2.903,10351.0
2018-05-22,2.908,2.978,2.906,2.977,18707.0
2018-05-23,2.975,3.009,2.97,2.998,19361.0
2018-05-24,2.997,3.017,2.985,3.011,10459.0
2018-05-25,3.005,3.032,2.985,3.008,12272.0
2018-05-29,3.007,3.036,2.917,2.953,16967.0
2018-05-30,2.952,2.957,2.921,2.937,10112.0
2018-05-31,2.941,3.019,2.941,2.986,20223.0
2018-06-01,2.987,3.011,2.973,2.996,15029.0
2018-06-04,2.998,3.01,2.966,2.971,20406.0
2018-06-05,2.968,2.972,2.923,2.94,11244.0
2018-06-06,2.941,2.96,2.927,2.945,11676.0
2018-06-07,2.951,3.016,2.949,2.978,30309.0
2018-06-08,2.977,2.98,2.928,2.937,23736.0
2018-06-11,2.962,3.0,2.959,2.97,29487.0
2018-06-12,2.976,3.0,2.946,2.964,20457.0
2018-06-13,2.965,2.999,2.949,2.982,23108.0
2018-06-14,2.978,3.002,2.954,2.995,19438.0
2018-06-15,2.999,3.05,2.996,3.039,19428.0
2018-06-18,3.064,3.064,2.983,2.986,15599.0
2018-06-19,2.986,2.987,2.924,2.936,17867.0
2018-06-20,2.954,2.996,2.949,2.991,13138.0
2018-06-21,2.993,3.023,2.97,2.992,19369.0
2018-06-22,2.991,3.001,2.944,2.964,15016.0
2018-06-25,2.951,2.955,2.919,2.947,14026.0
2018-06-26,2.949,2.965,2.931,2.954,16033.0
2018-06-27,2.963,3.012,2.962,2.993,24241.0
2018-06-28,3.002,3.032,2.956,2.967,19781.0
2018-06-29,2.974,2.977,2.939,2.949,16679.0
2018-07-02,2.946,2.946,2.888,2.903,23513.0
2018-07-03,2.899,2.932,2.888,2.902,21705.0
2018-07-05,2.892,2.922,2.858,2.87,18657.0
2018-07-06,2.861,2.888,2.857,2.88,17809.0
2018-07-09,2.86,2.885,2.847,2.854,35928.0
2018-07-10,2.854,2.862,2.816,2.821,40374.0
2018-07-11,2.821,2.86,2.815,2.858,38638.0
2018-07-12,2.853,2.858,2.824,2.832,37014.0
2018-07-13,2.839,2.848,2.79,2.792,36207.0
2018-07-16,2.804,2.814,2.779,2.791,24767.0
2018-07-17,2.799,2.814,2.764,2.769,19603.0
2018-07-18,2.771,2.78,2.755,2.755,18906.0
2018-07-19,2.768,2.803,2.737,2.797,28610.0
2018-07-20,2.796,2.808,2.79,2.792,26330.0
2018-07-23,2.774,2.795,2.758,2.767,30270.0
2018-07-24,2.764,2.798,2.754,2.791,27736.0
2018-07-25,2.796,2.829,2.793,2.824,22637.0
2018-07-26,2.823,2.846,2.821,2.83,26460.0
2018-07-27,2.826,2.858,2.824,2.848,28579.0
2018-07-30,2.851,2.879,2.838,2.866,29552.0
2018-07-31,2.872,2.894,2.834,2.843,30316.0
2018-08-01,2.84,2.847,2.799,2.811,29348.0
2018-08-02,2.797,2.87,2.793,2.857,41855.0
2018-08-03,2.86,2.906,2.858,2.898,31329.0
2018-08-06,2.895,2.912,2.876,2.903,28786.0
2018-08-07,2.906,2.939,2.902,2.935,60164.0
2018-08-08,2.933,2.991,2.927,2.989,65598.0
2018-08-09,2.988,2.999,2.973,2.992,66871.0
2018-08-10,2.985,2.991,2.956,2.982,63745.0
2018-08-13,2.97,2.982,2.941,2.971,58555.0
2018-08-14,2.969,3.013,2.966,3.002,43074.0
2018-08-15,2.997,3.004,2.978,2.985,39677.0
2018-08-16,2.984,2.992,2.937,2.95,43331.0
2018-08-17,2.952,3.003,2.952,2.986,35000.0
2018-08-20,2.98,2.981,2.943,2.966,36528.0
2018-08-21,2.978,3.002,2.973,2.991,40129.0
2018-08-22,2.998,3.001,2.972,2.975,36173.0
2018-08-23,2.975,2.998,2.959,2.986,38508.0
2018-08-24,2.992,2.995,2.937,2.946,32546.0
2018-08-27,2.933,2.942,2.895,2.899,38623.0
2018-08-28,2.899,2.901,2.862,2.873,41897.0
2018-08-29,2.876,2.903,2.859,2.89,49159.0
2018-08-30,2.899,2.914,2.869,2.901,51989.0
2018-08-31,2.908,2.954,2.908,2.939,61514.0
2018-09-04,2.926,2.926,2.831,2.842,90853.0
2018-09-05,2.837,2.861,2.804,2.813,62911.0
2018-09-06,2.81,2.815,2.783,2.791,71506.0
2018-09-07,2.793,2.802,2.778,2.79,57924.0
2018-09-10,2.786,2.82,2.764,2.808,109427.0
2018-09-11,2.812,2.832,2.787,2.827,87965.0
2018-09-12,2.83,2.859,2.811,2.82,109951.0
2018-09-13,2.815,2.844,2.795,2.8,114770.0
2018-09-14,2.797,2.802,2.747,2.751,102566.0
2018-09-17,2.762,2.795,2.756,2.779,122195.0
2018-09-18,2.78,2.899,2.777,2.896,187315.0
2018-09-19,2.893,2.908,2.872,2.882,128456.0
2018-09-20,2.882,2.975,2.875,2.964,187638.0
2018-09-21,2.952,2.982,2.931,2.974,162400.0
2018-09-24,2.979,3.038,2.95,3.029,167082.0
2018-09-25,3.033,3.062,3.013,3.058,212224.0
2018-09-26,3.049,3.062,2.966,2.98,227062.0
2018-09-27,2.972,3.111,2.963,3.056,250438.0
2018-09-28,3.057,3.062,2.977,3.008,166734.0
2018-10-01,3.007,3.117,3.001,3.094,202839.0
2018-10-02,3.114,3.194,3.109,3.166,239367.0
2018-10-03,3.164,3.261,3.155,3.23,207041.0
2018-10-04,3.238,3.25,3.129,3.165,242158.0
2018-10-05,3.189,3.224,3.109,3.143,199270.0
2018-10-08,3.182,3.294,3.174,3.267,233743.0
2018-10-09,3.281,3.368,3.237,3.266,287648.0
2018-10-10,3.306,3.358,3.251,3.284,236725.0
2018-10-11,3.276,3.287,3.153,3.222,264678.0
2018-10-12,3.234,3.27,3.138,3.161,176415.0
2018-10-15,3.224,3.273,3.177,3.242,159110.0
2018-10-16,3.258,3.311,3.21,3.239,132488.0
2018-10-17,3.253,3.34,3.24,3.32,157395.0
2018-10-18,3.319,3.323,3.193,3.198,183520.0
2018-10-19,3.226,3.258,3.155,3.25,142392.0
2018-10-22,3.227,3.247,3.126,3.138,172062.0
2018-10-23,3.134,3.24,3.111,3.212,178745.0
2018-10-24,3.216,3.25,3.159,3.166,113607.0
2018-10-25,3.185,3.233,3.153,3.202,63881.0
2018-10-26,3.169,3.203,3.102,3.185,64445.0
2018-10-29,3.139,3.199,3.1,3.185,10672.0
