DATETIME,OPEN,HIGH,LOW,FINAL,VOLUME
2014-06-27,5.293,5.293,5.293,5.293,0.0
2014-06-30,5.312,5.312,5.312,5.312,0.0
2014-07-01,5.32,5.32,5.32,5.32,0.0
2014-07-02,5.295,5.295,5.295,5.295,0.0
2014-07-03,5.29,5.29,5.29,5.29,0.0
2014-07-07,5.264,5.264,5.264,5.264,0.0
2014-07-08,5.24,5.24,5.24,5.24,0.0
2014-07-09,5.206,5.206,5.206,5.206,0.0
2014-07-10,5.153,5.153,5.153,5.153,0.0
2014-07-11,5.147,5.147,5.147,5.147,0.0
2014-07-14,5.11,5.11,5.11,5.11,0.0
2014-07-15,5.095,5.095,5.095,5.095,0.0
2014-07-16,5.11,5.11,5.11,5.11,0.0
2014-07-17,5.101,5.101,5.101,5.101,0.0
2014-07-18,5.128,5.128,5.128,5.128,0.0
2014-07-21,5.109,5.109,5.109,5.109,0.0
2014-07-22,5.063,5.063,5.063,5.063,0.0
2014-07-23,5.039,5.039,5.039,5.039,0.0
2014-07-24,5.02,5.02,5.02,5.02,0.0
2014-07-25,5.015,5.015,5.015,5.015,0.0
2014-07-28,5.002,5.002,5.002,5.002,0.0
2014-07-29,4.921,4.921,4.921,4.921,0.0
2014-07-30,4.948,4.948,4.948,4.948,0.0
2014-07-31,4.974,4.974,4.974,4.974,0.0
2014-08-01,5.002,5.002,5.002,5.002,0.0
2014-08-04,4.997,4.997,4.997,4.997,0.0
2014-08-05,4.901,4.901,4.901,4.901,0.0
2014-08-06,4.79,4.79,4.79,4.79,0.0
2014-08-07,4.804,4.804,4.804,4.804,0.0
2014-08-08,4.795,4.795,4.795,4.795,0.0
2014-08-11,4.75,4.75,4.75,4.75,0.0
2014-08-12,4.732,4.732,4.732,4.732,0.0
2014-08-13,4.727,4.727,4.727,4.727,0.0
2014-08-14,4.738,4.738,4.738,4.738,0.0
2014-08-15,4.703,4.703,4.703,4.703,0.0
2014-08-18,4.704,4.704,4.704,4.704,0.0
2014-08-19,4.701,4.701,4.701,4.701,0.0
2014-08-20,4.681,4.681,4.681,4.681,0.0
2014-08-21,4.734,4.734,4.734,4.734,0.0
2014-08-22,4.753,4.753,4.753,4.753,0.0
2014-08-25,4.761,4.761,4.761,4.761,0.0
2014-08-26,4.758,4.758,4.758,4.758,0.0
2014-08-27,4.763,4.763,4.763,4.763,0.0
2014-08-28,4.799,4.799,4.799,4.799,0.0
2014-08-29,4.791,4.791,4.791,4.791,0.0
2014-09-02,4.769,4.769,4.769,4.769,0.0
2014-09-03,4.791,4.791,4.791,4.791,0.0
2014-09-04,4.839,4.839,4.839,4.839,0.0
2014-09-05,4.836,4.836,4.836,4.836,0.0
2014-09-08,4.826,4.826,4.826,4.826,0.0
2014-09-09,4.809,4.809,4.809,4.809,0.0
2014-09-10,4.817,4.817,4.817,4.817,0.0
2014-09-11,4.836,4.836,4.836,4.836,0.0
2014-09-12,4.81,4.81,4.81,4.81,0.0
2014-09-15,4.788,4.788,4.788,4.788,0.0
2014-09-16,4.793,4.793,4.793,4.793,0.0
2014-09-17,4.782,4.782,4.782,4.782,0.0
2014-09-18,4.728,4.728,4.728,4.728,0.0
2014-09-19,4.708,4.708,4.708,4.708,0.0
2014-09-22,4.696,4.696,4.696,4.696,0.0
2014-09-23,4.706,4.706,4.706,4.706,0.0
2014-09-24,4.7,4.7,4.7,4.7,0.0
2014-09-25,4.694,4.694,4.694,4.694,0.0
2014-09-26,4.674,4.674,4.674,4.674,0.0
2014-09-29,4.685,4.685,4.685,4.685,0.0
2014-09-30,4.725,4.725,4.725,4.725,0.0
2014-10-01,4.67,4.67,4.67,4.67,0.0
2014-10-02,4.716,4.716,4.716,4.716,0.0
2014-10-03,4.693,4.693,4.693,4.693,0.0
2014-10-06,4.693,4.693,4.693,4.693,0.0
2014-10-07,4.696,4.696,4.696,4.696,0.0
2014-10-08,4.696,4.696,4.696,4.696,0.0
2014-10-09,4.711,4.711,4.711,4.711,0.0
2014-10-10,4.708,4.708,4.708,4.708,0.0
2014-10-13,4.718,4.718,4.718,4.718,0.0
2014-10-14,4.708,4.708,4.708,4.708,0.0
2014-10-15,4.693,4.693,4.693,4.693,0.0
2014-10-16,4.668,4.668,4.668,4.668,0.0
2014-10-17,4.703,4.703,4.703,4.703,0.0
2014-10-20,4.69,4.69,4.69,4.69,0.0
2014-10-21,4.685,4.685,4.685,4.685,0.0
2014-10-22,4.671,4.671,4.671,4.671,0.0
2014-10-23,4.67,4.67,4.67,4.67,0.0
2014-10-24,4.647,4.647,4.647,4.647,0.0
2014-10-27,4.634,4.634,4.634,4.634,0.0
2014-10-28,4.619,4.619,4.619,4.619,0.0
2014-10-29,4.624,4.624,4.624,4.624,0.0
2014-10-30,4.617,4.617,4.617,4.617,0.0
2014-10-31,4.632,4.632,4.632,4.632,0.0
2014-11-03,4.623,4.623,4.623,4.623,0.0
2014-11-04,4.618,4.618,4.618,4.618,0.0
2014-11-05,4.589,4.589,4.589,4.589,0.0
2014-11-06,4.576,4.576,4.576,4.576,0.0
2014-11-07,4.573,4.573,4.573,4.573,0.0
2014-11-10,4.567,4.567,4.567,4.567,0.0
2014-11-11,4.582,4.582,4.582,4.582,0.0
2014-11-12,4.603,4.603,4.603,4.603,0.0
2014-11-13,4.583,4.583,4.583,4.583,0.0
2014-11-14,4.609,4.609,4.609,4.609,0.0
2014-11-17,4.612,4.612,4.612,4.612,0.0
2014-11-18,4.587,4.587,4.587,4.587,0.0
2014-11-19,4.568,4.568,4.568,4.568,0.0
2014-11-20,4.563,4.563,4.563,4.563,0.0
2014-11-21,4.536,4.536,4.536,4.536,0.0
2014-11-24,4.59,4.59,4.59,4.59,0.0
2014-11-25,4.589,4.589,4.589,4.589,0.0
2014-11-26,4.582,4.582,4.582,4.582,0.0
2014-11-28,4.6,4.6,4.6,4.6,0.0
2014-12-01,4.665,4.665,4.665,4.665,0.0
2014-12-02,4.661,4.661,4.661,4.661,0.0
2014-12-03,4.686,4.686,4.686,4.686,0.0
2014-12-04,4.691,4.691,4.691,4.691,0.0
2014-12-05,4.712,4.712,4.712,4.712,0.0
2014-12-08,4.738,4.738,4.738,4.738,0.0
2014-12-09,4.783,4.783,4.783,4.783,0.0
2014-12-10,4.765,4.765,4.765,4.765,0.0
2014-12-11,4.742,4.742,4.742,4.742,0.0
2014-12-12,4.725,4.725,4.725,4.725,0.0
2014-12-15,4.712,4.712,4.712,4.712,0.0
2014-12-16,4.662,4.662,4.662,4.662,0.0
2014-12-17,4.687,4.687,4.687,4.687,0.0
2014-12-18,4.668,4.668,4.668,4.668,0.0
2014-12-19,4.589,4.589,4.589,4.589,0.0
2014-12-22,4.59,4.59,4.59,4.59,0.0
2014-12-23,4.558,4.558,4.558,4.558,0.0
2014-12-24,4.552,4.552,4.552,4.552,0.0
2014-12-26,4.549,4.549,4.549,4.549,0.0
2014-12-29,4.547,4.547,4.547,4.547,0.0
2014-12-30,4.529,4.529,4.529,4.529,0.0
2014-12-31,4.5,4.5,4.5,4.5,0.0
2015-01-02,4.484,4.484,4.484,4.484,0.0
2015-01-05,4.484,4.484,4.484,4.484,0.0
2015-01-06,4.443,4.443,4.443,4.443,0.0
2015-01-07,4.383,4.383,4.383,4.383,0.0
2015-01-08,4.363,4.363,4.363,4.363,0.0
2015-01-09,4.351,4.351,4.351,4.351,0.0
2015-01-12,4.25,4.261,4.25,4.261,1.0
2015-01-13,4.233,4.233,4.233,4.233,0.0
2015-01-14,4.158,4.158,4.158,4.158,0.0
2015-01-15,4.108,4.108,4.108,4.108,0.0
2015-01-16,4.116,4.116,4.116,4.116,0.0
2015-01-20,4.108,4.108,4.108,4.108,0.0
2015-01-21,4.112,4.112,4.112,4.112,0.0
2015-01-22,4.091,4.091,4.091,4.091,0.0
2015-01-23,4.091,4.091,4.091,4.091,0.0
2015-01-26,4.109,4.109,4.109,4.109,0.0
2015-01-27,4.103,4.103,4.103,4.103,0.0
2015-01-28,4.133,4.133,4.133,4.133,0.0
2015-01-29,4.116,4.116,4.116,4.116,0.0
2015-01-30,4.123,4.123,4.123,4.123,0.0
2015-02-02,4.086,4.086,4.086,4.086,0.0
2015-02-03,4.102,4.102,4.102,4.102,0.0
2015-02-04,4.121,4.121,4.121,4.121,0.0
2015-02-05,4.026,4.026,4.026,4.026,0.0
2015-02-06,4.11,4.11,4.11,4.11,0.0
2015-02-09,4.14,4.14,4.14,4.14,0.0
2015-02-10,4.161,4.161,4.161,4.161,0.0
2015-02-11,4.144,4.144,4.144,4.144,0.0
2015-02-12,4.145,4.145,4.145,4.145,0.0
2015-02-13,4.18,4.18,4.18,4.18,0.0
2015-02-17,4.132,4.132,4.132,4.132,0.0
2015-02-18,4.16,4.16,4.16,4.16,0.0
2015-02-19,4.134,4.134,4.134,4.134,0.0
2015-02-20,4.139,4.139,4.139,4.139,0.0
2015-02-23,4.111,4.111,4.111,4.111,0.0
2015-02-24,4.138,4.138,4.138,4.138,0.0
2015-02-25,4.144,4.144,4.144,4.144,0.0
2015-02-26,4.114,4.114,4.114,4.114,0.0
2015-02-27,4.115,4.115,4.115,4.115,0.0
2015-03-02,4.091,4.091,4.091,4.091,0.0
2015-03-03,4.1,4.1,4.1,4.1,0.0
2015-03-04,4.107,4.107,4.107,4.107,0.0
2015-03-05,4.066,4.066,4.066,4.066,0.0
2015-03-06,4.071,4.071,4.071,4.071,0.0
2015-03-09,4.046,4.046,4.046,4.046,0.0
2015-03-10,4.044,4.044,4.044,4.044,0.0
2015-03-11,4.037,4.037,4.037,4.037,0.0
2015-03-12,4.006,4.006,4.006,4.006,0.0
2015-03-13,4.002,4.002,4.002,4.002,0.0
2015-03-16,4.015,4.015,4.015,4.015,0.0
2015-03-17,3.996,3.996,3.996,3.996,0.0
2015-03-18,4.028,4.028,4.028,4.028,0.0
2015-03-19,4.034,4.034,4.034,4.034,0.0
2015-03-20,4.04,4.04,4.04,4.04,0.0
2015-03-23,4.041,4.041,4.041,4.041,0.0
2015-03-24,4.061,4.061,4.061,4.061,0.0
2015-03-25,4.061,4.061,4.061,4.061,0.0
2015-03-26,4.052,4.052,4.052,4.052,0.0
2015-03-27,4.027,4.027,4.027,4.027,0.0
2015-03-30,4.015,4.015,4.015,4.015,0.0
2015-03-31,4.027,4.027,4.027,4.027,0.0
2015-04-01,4.021,4.021,4.021,4.021,0.0
2015-04-02,4.075,4.075,4.075,4.075,0.0
2015-04-06,4.09,4.09,4.09,4.09,0.0
2015-04-07,4.162,4.162,4.162,4.162,0.0
2015-04-08,4.17,4.17,4.17,4.17,0.0
2015-04-09,4.163,4.163,4.163,4.163,0.0
2015-04-10,4.158,4.158,4.158,4.158,0.0
2015-04-13,4.148,4.148,4.148,4.148,0.0
2015-04-14,4.143,4.143,4.143,4.143,0.0
2015-04-15,4.148,4.148,4.148,4.148,0.0
2015-04-16,4.168,4.168,4.168,4.168,0.0
2015-04-17,4.14,4.14,4.14,4.14,0.0
2015-04-20,4.141,4.141,4.141,4.141,0.0
2015-04-21,4.144,4.144,4.144,4.144,0.0
2015-04-22,4.131,4.131,4.131,4.131,0.0
2015-04-23,4.089,4.089,4.089,4.089,0.0
2015-04-24,4.087,4.087,4.087,4.087,0.0
2015-04-27,4.067,4.067,4.067,4.067,0.0
2015-04-28,4.059,4.059,4.059,4.059,0.0
2015-04-29,4.064,4.064,4.064,4.064,0.0
2015-04-30,4.059,4.059,4.059,4.059,0.0
2015-05-01,4.049,4.049,4.049,4.049,0.0
2015-05-04,4.007,4.007,4.007,4.007,0.0
2015-05-05,4.018,4.018,4.018,4.018,0.0
2015-05-06,4.026,4.026,4.026,4.026,0.0
2015-05-07,4.018,4.018,4.018,4.018,0.0
2015-05-08,4.025,4.025,4.025,4.025,0.0
2015-05-11,4.012,4.012,4.012,4.012,0.0
2015-05-12,3.999,3.999,3.999,3.999,0.0
2015-05-13,4.008,4.008,4.008,4.008,0.0
2015-05-14,4.019,4.019,4.019,4.019,0.0
2015-05-15,4.026,4.026,4.026,4.026,0.0
2015-05-18,4.014,4.014,4.014,4.014,0.0
2015-05-19,3.999,3.999,3.999,3.999,0.0
2015-05-20,4.007,4.007,4.007,4.007,0.0
2015-05-21,4.006,4.006,4.006,4.006,0.0
2015-05-22,3.998,3.998,3.998,3.998,0.0
2015-05-26,4.0,4.0,3.999,3.999,1.0
2015-05-27,4.004,4.004,4.004,4.004,0.0
2015-05-28,3.996,3.996,3.996,3.996,0.0
2015-05-29,3.986,3.986,3.986,3.986,0.0
2015-06-01,3.988,3.988,3.988,3.988,0.0
2015-06-02,3.985,3.985,3.985,3.985,0.0
2015-06-03,3.986,3.986,3.986,3.986,0.0
2015-06-04,3.94,3.94,3.94,3.94,0.0
2015-06-05,3.901,3.901,3.901,3.901,0.0
2015-06-08,3.909,3.909,3.909,3.909,0.0
2015-06-09,3.886,3.886,3.886,3.886,0.0
2015-06-10,3.863,3.863,3.863,3.863,0.0
2015-06-11,3.924,3.924,3.924,3.924,0.0
2015-06-12,3.926,3.926,3.926,3.926,0.0
2015-06-15,3.933,3.933,3.933,3.933,0.0
2015-06-16,3.958,3.958,3.958,3.958,0.0
2015-06-17,3.951,3.951,3.951,3.951,0.0
2015-06-18,3.933,3.933,3.933,3.933,0.0
2015-06-19,3.938,3.938,3.938,3.938,0.0
2015-06-22,3.921,3.921,3.921,3.921,0.0
2015-06-23,3.92,3.92,3.92,3.92,0.0
2015-06-24,3.922,3.922,3.922,3.922,0.0
2015-06-25,3.923,3.923,3.923,3.923,0.0
2015-06-26,3.926,3.926,3.926,3.926,0.0
2015-06-29,3.909,3.909,3.909,3.909,0.0
2015-06-30,3.921,3.921,3.921,3.921,0.0
2015-07-01,3.932,3.932,3.932,3.932,0.0
2015-07-02,3.936,3.936,3.936,3.936,0.0
2015-07-06,3.908,3.908,3.908,3.908,0.0
2015-07-07,3.912,3.912,3.912,3.912,0.0
2015-07-08,3.946,3.946,3.946,3.946,0.0
2015-07-09,3.969,3.969,3.969,3.969,0.0
2015-07-10,3.973,3.973,3.973,3.973,0.0
2015-07-13,3.973,3.973,3.973,3.973,0.0
2015-07-14,4.029,4.029,4.029,4.029,0.0
2015-07-15,4.088,4.088,4.088,4.088,0.0
2015-07-16,4.121,4.121,4.121,4.121,0.0
2015-07-17,4.128,4.128,4.128,4.128,0.0
2015-07-20,4.121,4.121,4.121,4.121,0.0
2015-07-21,4.12,4.12,4.12,4.12,0.0
2015-07-22,4.116,4.116,4.116,4.116,0.0
2015-07-23,4.096,4.096,4.096,4.096,0.0
2015-07-24,4.106,4.106,4.106,4.106,0.0
2015-07-27,4.127,4.127,4.127,4.127,0.0
2015-07-28,4.126,4.126,4.126,4.126,0.0
2015-07-29,4.12,4.12,4.12,4.12,0.0
2015-07-30,4.099,4.099,4.099,4.099,0.0
2015-07-31,4.064,4.064,4.064,4.064,0.0
2015-08-03,4.045,4.045,4.045,4.045,0.0
2015-08-04,4.001,4.001,4.001,4.001,0.0
2015-08-05,4.001,4.001,4.001,4.001,0.0
2015-08-06,3.961,3.961,3.961,3.961,0.0
2015-08-07,3.945,3.945,3.945,3.945,0.0
2015-08-10,3.921,3.921,3.921,3.921,0.0
2015-08-11,3.836,3.836,3.836,3.836,0.0
2015-08-12,3.787,3.787,3.787,3.787,0.0
2015-08-13,3.873,3.873,3.873,3.873,0.0
2015-08-14,3.892,3.892,3.892,3.892,0.0
2015-08-17,3.897,3.897,3.897,3.897,0.0
2015-08-18,3.932,3.932,3.932,3.932,0.0
2015-08-19,3.888,3.888,3.888,3.888,0.0
2015-08-20,3.872,3.872,3.872,3.872,0.0
2015-08-21,3.837,3.837,3.837,3.837,0.0
2015-08-24,3.791,3.791,3.791,3.791,0.0
2015-08-25,3.788,3.788,3.788,3.788,0.0
2015-08-26,3.794,3.794,3.794,3.794,0.0
2015-08-27,3.801,3.801,3.801,3.801,0.0
2015-08-28,3.828,3.828,3.828,3.828,0.0
2015-08-31,3.825,3.825,3.825,3.825,0.0
2015-09-01,3.836,3.836,3.836,3.836,0.0
2015-09-02,3.838,3.838,3.838,3.838,0.0
2015-09-03,3.845,3.845,3.845,3.845,0.0
2015-09-04,3.835,3.835,3.835,3.835,0.0
2015-09-08,3.841,3.841,3.841,3.841,0.0
2015-09-09,3.864,3.864,3.864,3.864,0.0
2015-09-10,3.859,3.859,3.859,3.859,0.0
2015-09-11,3.822,3.822,3.822,3.822,0.0
2015-09-14,3.832,3.832,3.832,3.832,0.0
2015-09-15,3.822,3.822,3.822,3.822,0.0
2015-09-16,3.778,3.778,3.778,3.778,0.0
2015-09-17,3.748,3.748,3.748,3.748,0.0
2015-09-18,3.748,3.748,3.748,3.748,0.0
2015-09-21,3.736,3.736,3.736,3.736,0.0
2015-09-22,3.725,3.725,3.725,3.725,0.0
2015-09-23,3.735,3.735,3.735,3.735,0.0
2015-09-24,3.772,3.772,3.772,3.772,0.0
2015-09-25,3.739,3.739,3.739,3.739,0.0
2015-09-28,3.736,3.736,3.736,3.736,0.0
2015-09-29,3.712,3.712,3.712,3.712,0.0
2015-09-30,3.685,3.685,3.685,3.685,0.0
2015-10-01,3.677,3.677,3.677,3.677,0.0
2015-10-02,3.687,3.687,3.687,3.687,0.0
2015-10-05,3.684,3.684,3.684,3.684,0.0
2015-10-06,3.703,3.703,3.703,3.703,0.0
2015-10-07,3.703,3.703,3.703,3.703,0.0
2015-10-08,3.698,3.698,3.698,3.698,0.0
2015-10-09,3.696,3.696,3.696,3.696,0.0
2015-10-12,3.701,3.701,3.701,3.701,0.0
2015-10-13,3.703,3.703,3.703,3.703,0.0
2015-10-14,3.704,3.704,3.704,3.704,0.0
2015-10-15,3.703,3.703,3.703,3.703,0.0
2015-10-16,3.712,3.712,3.712,3.712,0.0
2015-10-19,3.714,3.714,3.714,3.714,0.0
2015-10-20,3.723,3.723,3.723,3.723,0.0
2015-10-21,3.71,3.71,3.71,3.71,0.0
2015-10-22,3.709,3.709,3.709,3.709,0.0
2015-10-23,3.669,3.669,3.669,3.669,0.0
2015-10-26,3.653,3.653,3.653,3.653,0.0
2015-10-27,3.625,3.625,3.625,3.625,0.0
2015-10-28,3.624,3.624,3.624,3.624,0.0
2015-10-29,3.619,3.619,3.619,3.619,0.0
2015-10-30,3.665,3.665,3.665,3.665,0.0
2015-11-02,3.643,3.643,3.643,3.643,0.0
2015-11-03,3.648,3.648,3.648,3.648,0.0
2015-11-04,3.65,3.65,3.65,3.65,0.0
2015-11-05,3.653,3.653,3.653,3.653,0.0
2015-11-06,3.651,3.651,3.651,3.651,0.0
2015-11-09,3.645,3.645,3.645,3.645,0.0
2015-11-10,3.638,3.638,3.638,3.638,0.0
2015-11-11,3.62,3.62,3.62,3.62,0.0
2015-11-12,3.605,3.605,3.605,3.605,0.0
2015-11-13,3.632,3.632,3.632,3.632,0.0
2015-11-16,3.64,3.64,3.64,3.64,0.0
2015-11-17,3.643,3.643,3.643,3.643,0.0
2015-11-18,3.576,3.576,3.576,3.576,0.0
2015-11-19,3.539,3.539,3.539,3.539,0.0
2015-11-20,3.508,3.508,3.508,3.508,0.0
2015-11-23,3.521,3.521,3.521,3.521,0.0
2015-11-24,3.522,3.522,3.522,3.522,0.0
2015-11-25,3.537,3.537,3.537,3.537,0.0
2015-11-27,3.519,3.519,3.519,3.519,0.0
2015-11-30,3.51,3.51,3.51,3.51,0.0
2015-12-01,3.52,3.52,3.52,3.52,0.0
2015-12-02,3.548,3.548,3.548,3.548,0.0
2015-12-03,3.551,3.551,3.551,3.551,0.0
2015-12-04,3.549,3.549,3.549,3.549,0.0
2015-12-07,3.532,3.532,3.532,3.532,0.0
2015-12-08,3.552,3.552,3.552,3.552,0.0
2015-12-09,3.573,3.573,3.573,3.573,0.0
2015-12-10,3.594,3.594,3.594,3.594,0.0
2015-12-11,3.59,3.59,3.59,3.59,0.0
2015-12-14,3.58,3.58,3.58,3.58,0.0
2015-12-15,3.574,3.574,3.574,3.574,0.0
2015-12-16,3.601,3.601,3.601,3.601,0.0
2015-12-17,3.626,3.626,3.626,3.626,0.0
2015-12-18,3.604,3.604,3.604,3.604,0.0
2015-12-21,3.581,3.581,3.581,3.581,0.0
2015-12-22,3.591,3.591,3.591,3.591,0.0
2015-12-23,3.584,3.584,3.584,3.584,0.0
2015-12-24,3.583,3.583,3.583,3.583,0.0
2015-12-28,3.622,3.622,3.622,3.622,0.0
2015-12-29,3.607,3.607,3.607,3.607,0.0
2015-12-30,3.598,3.598,3.598,3.598,0.0
2015-12-31,3.58,3.58,3.58,3.58,0.0
2016-01-04,3.56,3.56,3.56,3.56,0.0
2016-01-05,3.534,3.534,3.534,3.534,0.0
2016-01-06,3.522,3.522,3.522,3.522,0.0
2016-01-07,3.542,3.542,3.542,3.542,0.0
2016-01-08,3.52,3.52,3.52,3.52,0.0
2016-01-11,3.5,3.5,3.5,3.5,0.0
2016-01-12,3.451,3.451,3.451,3.451,0.0
2016-01-13,3.471,3.471,3.471,3.471,0.0
2016-01-14,3.486,3.486,3.486,3.486,0.0
2016-01-15,3.47,3.47,3.47,3.47,0.0
2016-01-19,3.472,3.472,3.472,3.472,0.0
2016-01-20,3.442,3.442,3.442,3.442,0.0
2016-01-21,3.45,3.45,3.45,3.45,0.0
2016-01-22,3.431,3.431,3.431,3.431,0.0
2016-01-25,3.432,3.432,3.432,3.432,0.0
2016-01-26,3.416,3.416,3.416,3.416,0.0
2016-01-27,3.436,3.436,3.436,3.436,0.0
2016-01-28,3.48,3.48,3.48,3.48,0.0
2016-01-29,3.462,3.462,3.462,3.462,0.0
2016-02-01,3.421,3.421,3.421,3.421,0.0
2016-02-02,3.357,3.357,3.357,3.357,0.0
2016-02-03,3.385,3.385,3.385,3.385,0.0
2016-02-04,3.388,3.388,3.388,3.388,0.0
2016-02-05,3.386,3.386,3.386,3.386,0.0
2016-02-08,3.329,3.329,3.329,3.329,0.0
2016-02-09,3.311,3.311,3.311,3.311,0.0
2016-02-10,3.281,3.281,3.281,3.281,0.0
2016-02-11,3.237,3.237,3.237,3.237,0.0
2016-02-12,3.209,3.209,3.209,3.209,0.0
2016-02-16,3.188,3.188,3.188,3.188,0.0
2016-02-17,3.188,3.188,3.188,3.188,0.0
2016-02-18,3.138,3.138,3.138,3.138,0.0
2016-02-19,3.129,3.129,3.129,3.129,0.0
2016-02-22,3.068,3.068,3.068,3.068,0.0
2016-02-23,3.084,3.084,3.084,3.084,0.0
2016-02-24,3.114,3.114,3.114,3.114,0.0
2016-02-25,3.112,3.112,3.112,3.112,0.0
2016-02-26,3.115,3.115,3.115,3.115,0.0
2016-02-29,3.176,3.176,3.176,3.176,0.0
2016-03-01,3.195,3.195,3.195,3.195,0.0
2016-03-02,3.179,3.179,3.179,3.179,0.0
2016-03-03,3.191,3.191,3.191,3.191,0.0
2016-03-04,3.19,3.19,3.19,3.19,0.0
2016-03-07,3.197,3.197,3.197,3.197,0.0
2016-03-08,3.203,3.203,3.203,3.203,0.0
2016-03-09,3.251,3.251,3.251,3.251,0.0
2016-03-10,3.251,3.251,3.251,3.251,0.0
2016-03-11,3.261,3.261,3.261,3.261,0.0
2016-03-14,3.251,3.251,3.251,3.251,0.0
2016-03-15,3.249,3.249,3.249,3.249,0.0
2016-03-16,3.251,3.251,3.251,3.251,0.0
2016-03-17,3.256,3.256,3.256,3.256,0.0
2016-03-18,3.246,3.246,3.246,3.246,0.0
2016-03-21,3.253,3.253,3.253,3.253,0.0
2016-03-22,3.275,3.275,3.275,3.275,0.0
2016-03-23,3.291,3.291,3.291,3.291,0.0
2016-03-24,3.346,3.346,3.346,3.346,0.0
2016-03-28,3.396,3.396,3.396,3.396,0.0
2016-03-29,3.453,3.453,3.453,3.453,0.0
2016-03-30,3.456,3.456,3.456,3.456,0.0
2016-03-31,3.495,3.495,3.495,3.495,0.0
2016-04-01,3.499,3.499,3.499,3.499,0.0
2016-04-04,3.471,3.471,3.471,3.471,0.0
2016-04-05,3.481,3.481,3.481,3.481,0.0
2016-04-06,3.541,3.541,3.541,3.541,0.0
2016-04-07,3.545,3.545,3.545,3.545,0.0
2016-04-08,3.565,3.565,3.565,3.565,0.0
2016-04-11,3.562,3.562,3.562,3.562,0.0
2016-04-12,3.56,3.56,3.56,3.56,0.0
2016-04-13,3.568,3.568,3.568,3.568,0.0
2016-04-14,3.567,3.567,3.567,3.567,0.0
2016-04-15,3.537,3.537,3.537,3.537,0.0
2016-04-18,3.527,3.527,3.527,3.527,0.0
2016-04-19,3.509,3.509,3.509,3.509,0.0
2016-04-20,3.509,3.509,3.509,3.509,0.0
2016-04-21,3.541,3.541,3.541,3.541,0.0
2016-04-22,3.539,3.539,3.539,3.539,0.0
2016-04-25,3.55,3.55,3.55,3.55,0.0
2016-04-26,3.598,3.598,3.598,3.598,0.0
2016-04-27,3.609,3.609,3.609,3.609,0.0
2016-04-28,3.6,3.6,3.6,3.6,0.0
2016-04-29,3.598,3.598,3.598,3.598,0.0
2016-05-02,3.578,3.578,3.578,3.578,0.0
2016-05-03,3.564,3.564,3.564,3.564,0.0
2016-05-04,3.573,3.573,3.573,3.573,0.0
2016-05-05,3.609,3.609,3.609,3.609,0.0
2016-05-06,3.617,3.617,3.617,3.617,0.0
2016-05-09,3.605,3.605,3.605,3.605,0.0
2016-05-10,3.619,3.619,3.619,3.619,0.0
2016-05-11,3.603,3.603,3.603,3.603,0.0
2016-05-12,3.588,3.588,3.588,3.588,0.0
2016-05-13,3.588,3.588,3.588,3.588,0.0
2016-05-16,3.595,3.595,3.595,3.595,0.0
2016-05-17,3.575,3.575,3.575,3.575,0.0
2016-05-18,3.569,3.569,3.569,3.569,0.0
2016-05-19,3.581,3.581,3.581,3.581,0.0
2016-05-20,3.569,3.569,3.569,3.569,0.0
2016-05-23,3.564,3.564,3.564,3.564,0.0
2016-05-24,3.561,3.561,3.561,3.561,0.0
2016-05-25,3.59,3.59,3.59,3.59,0.0
2016-05-26,3.621,3.621,3.621,3.621,0.0
2016-05-27,3.631,3.631,3.631,3.631,0.0
2016-05-31,3.632,3.632,3.632,3.632,0.0
2016-06-01,3.63,3.63,3.63,3.63,0.0
2016-06-02,3.617,3.617,3.617,3.617,0.0
2016-06-03,3.607,3.607,3.607,3.607,0.0
2016-06-06,3.601,3.601,3.601,3.601,0.0
2016-06-07,3.625,3.625,3.625,3.625,0.0
2016-06-08,3.612,3.612,3.612,3.612,0.0
2016-06-09,3.61,3.61,3.61,3.61,0.0
2016-06-10,3.587,3.587,3.587,3.587,0.0
2016-06-13,3.548,3.548,3.548,3.548,0.0
2016-06-14,3.526,3.526,3.526,3.526,0.0
2016-06-15,3.526,3.526,3.526,3.526,0.0
2016-06-16,3.521,3.521,3.521,3.521,0.0
2016-06-17,3.498,3.498,3.498,3.498,0.0
2016-06-20,3.488,3.488,3.488,3.488,0.0
2016-06-21,3.476,3.476,3.476,3.476,0.0
2016-06-22,3.483,3.483,3.483,3.483,0.0
2016-06-23,3.504,3.504,3.504,3.504,0.0
2016-06-24,3.522,3.522,3.522,3.522,0.0
2016-06-27,3.478,3.478,3.478,3.478,0.0
2016-06-28,3.537,3.537,3.537,3.537,0.0
2016-06-29,3.538,3.538,3.538,3.538,0.0
2016-06-30,3.555,3.555,3.555,3.555,0.0
2016-07-01,3.556,3.556,3.556,3.556,0.0
2016-07-05,3.554,3.554,3.554,3.554,0.0
2016-07-06,3.576,3.576,3.576,3.576,0.0
2016-07-07,3.574,3.574,3.574,3.574,0.0
2016-07-08,3.581,3.581,3.581,3.581,0.0
2016-07-11,3.577,3.577,3.577,3.577,0.0
2016-07-12,3.563,3.563,3.563,3.563,0.0
2016-07-13,3.583,3.583,3.583,3.583,0.0
2016-07-14,3.581,3.581,3.581,3.581,0.0
2016-07-15,3.567,3.567,3.567,3.567,0.0
2016-07-18,3.552,3.552,3.552,3.552,0.0
2016-07-19,3.542,3.542,3.542,3.542,0.0
2016-07-20,3.531,3.531,3.531,3.531,0.0
2016-07-21,3.536,3.536,3.536,3.536,0.0
2016-07-22,3.54,3.54,3.54,3.54,0.0
2016-07-25,3.546,3.546,3.546,3.546,0.0
2016-07-26,3.544,3.544,3.544,3.544,0.0
2016-07-27,3.537,3.537,3.537,3.537,0.0
2016-07-28,3.55,3.55,3.55,3.55,0.0
2016-07-29,3.555,3.555,3.555,3.555,0.0
2016-08-01,3.553,3.553,3.553,3.553,0.0
2016-08-02,3.552,3.552,3.552,3.552,0.0
2016-08-03,3.552,3.552,3.552,3.552,0.0
2016-08-04,3.581,3.581,3.581,3.581,0.0
2016-08-05,3.579,3.579,3.579,3.579,0.0
2016-08-08,3.578,3.578,3.578,3.578,0.0
2016-08-09,3.575,3.575,3.575,3.575,0.0
2016-08-10,3.556,3.556,3.556,3.556,0.0
2016-08-11,3.545,3.545,3.545,3.545,0.0
2016-08-12,3.542,3.542,3.542,3.542,0.0
2016-08-15,3.535,3.535,3.535,3.535,0.0
2016-08-16,3.548,3.548,3.548,3.548,0.0
2016-08-17,3.583,3.583,3.583,3.583,0.0
2016-08-18,3.582,3.582,3.582,3.582,0.0
2016-08-19,3.593,3.593,3.593,3.593,0.0
2016-08-22,3.593,3.593,3.593,3.593,0.0
2016-08-23,3.616,3.616,3.616,3.616,0.0
2016-08-24,3.64,3.64,3.64,3.64,0.0
2016-08-25,3.586,3.586,3.586,3.586,0.0
2016-08-26,3.55,3.55,3.55,3.55,0.0
2016-08-29,3.533,3.533,3.533,3.533,0.0
2016-08-30,3.523,3.523,3.523,3.523,0.0
2016-08-31,3.543,3.543,3.543,3.543,0.0
2016-09-01,3.502,3.502,3.502,3.502,0.0
2016-09-02,3.484,3.484,3.484,3.484,0.0
2016-09-06,3.485,3.485,3.485,3.485,0.0
2016-09-07,3.461,3.461,3.461,3.461,0.0
2016-09-08,3.452,3.452,3.452,3.452,0.0
2016-09-09,3.403,3.403,3.403,3.403,0.0
2016-09-12,3.405,3.405,3.405,3.405,0.0
2016-09-13,3.383,3.383,3.383,3.383,0.0
2016-09-14,3.4,3.4,3.4,3.4,0.0
2016-09-15,3.403,3.403,3.403,3.403,0.0
2016-09-16,3.379,3.379,3.379,3.379,0.0
2016-09-19,3.357,3.357,3.357,3.357,0.0
2016-09-20,3.367,3.367,3.367,3.367,0.0
2016-09-21,3.363,3.363,3.363,3.363,0.0
2016-09-22,3.331,3.331,3.331,3.331,0.0
2016-09-23,3.342,3.342,3.342,3.342,0.0
2016-09-26,3.359,3.359,3.359,3.359,0.0
2016-09-27,3.327,3.327,3.327,3.327,0.0
2016-09-28,3.301,3.301,3.301,3.301,0.0
2016-09-29,3.26,3.26,3.26,3.26,0.0
2016-09-30,3.256,3.256,3.256,3.256,0.0
2016-10-03,3.244,3.244,3.244,3.244,0.0
2016-10-04,3.218,3.218,3.218,3.218,0.0
2016-10-05,3.241,3.241,3.241,3.241,0.0
2016-10-06,3.243,3.243,3.243,3.243,0.0
2016-10-07,3.257,3.257,3.257,3.257,0.0
2016-10-10,3.248,3.248,3.248,3.248,0.0
2016-10-11,3.346,3.346,3.346,3.346,0.0
2016-10-12,3.31,3.31,3.31,3.31,0.0
2016-10-13,3.322,3.322,3.322,3.322,0.0
2016-10-14,3.319,3.319,3.319,3.319,0.0
2016-10-17,3.326,3.326,3.326,3.326,0.0
2016-10-18,3.328,3.328,3.328,3.328,0.0
2016-10-19,3.32,3.32,3.32,3.32,0.0
2016-10-20,3.34,3.34,3.34,3.34,0.0
2016-10-21,3.34,3.34,3.34,3.34,0.0
2016-10-24,3.335,3.335,3.335,3.335,0.0
2016-10-25,3.325,3.325,3.325,3.325,0.0
2016-10-26,3.333,3.333,3.333,3.333,0.0
2016-10-27,3.348,3.348,3.348,3.348,0.0
2016-10-28,3.355,3.355,3.355,3.355,0.0
2016-10-31,3.348,3.348,3.348,3.348,0.0
2016-11-01,3.352,3.352,3.352,3.352,0.0
2016-11-02,3.332,3.332,3.332,3.332,0.0
2016-11-03,3.341,3.341,3.341,3.341,0.0
2016-11-04,3.322,3.322,3.322,3.322,0.0
2016-11-07,3.337,3.337,3.337,3.337,0.0
2016-11-08,3.349,3.349,3.349,3.349,0.0
2016-11-09,3.329,3.329,3.329,3.329,0.0
2016-11-10,3.339,3.339,3.339,3.339,0.0
2016-11-11,3.312,3.312,3.312,3.312,0.0
2016-11-14,3.284,3.284,3.284,3.284,0.0
2016-11-15,3.244,3.244,3.244,3.244,0.0
2016-11-16,3.253,3.253,3.253,3.253,0.0
2016-11-17,3.268,3.268,3.268,3.268,0.0
2016-11-18,3.245,3.245,3.245,3.245,0.0
2016-11-21,3.221,3.221,3.221,3.221,0.0
2016-11-22,3.193,3.193,3.193,3.193,0.0
2016-11-23,3.171,3.171,3.171,3.171,0.0
2016-11-25,3.17,3.17,3.17,3.17,0.0
2016-11-28,3.113,3.113,3.113,3.113,0.0
2016-11-29,3.065,3.065,3.065,3.065,0.0
2016-11-30,3.031,3.031,3.031,3.031,0.0
2016-12-01,3.077,3.077,3.077,3.077,0.0
2016-12-02,3.067,3.067,3.067,3.067,0.0
2016-12-05,3.062,3.062,3.062,3.062,0.0
2016-12-06,3.059,3.059,3.059,3.059,0.0
2016-12-07,3.079,3.079,3.079,3.079,0.0
2016-12-08,3.113,3.113,3.113,3.113,0.0
2016-12-09,3.075,3.075,3.075,3.075,0.0
2016-12-12,3.063,3.063,3.063,3.063,0.0
2016-12-13,3.039,3.039,3.039,3.039,0.0
2016-12-14,2.995,2.995,2.995,2.995,0.0
2016-12-15,3.005,3.005,3.005,3.005,0.0
2016-12-16,3.011,3.011,3.011,3.011,0.0
2016-12-19,3.019,3.019,3.019,3.019,0.0
2016-12-20,2.999,2.999,2.999,2.999,0.0
2016-12-21,3.002,3.002,3.002,3.002,0.0
2016-12-22,2.967,2.967,2.967,2.967,0.0
2016-12-23,2.962,2.962,2.962,2.962,0.0
2016-12-27,2.977,2.977,2.977,2.977,0.0
2016-12-28,2.987,2.987,2.987,2.987,0.0
2016-12-29,2.997,2.997,2.997,2.997,0.0
2016-12-30,3.0,3.0,3.0,3.0,0.0
2017-01-03,2.988,2.988,2.988,2.988,0.0
2017-01-04,2.987,2.987,2.987,2.987,0.0
2017-01-05,3.002,3.002,3.002,3.002,0.0
2017-01-06,2.981,2.981,2.981,2.981,0.0
2017-01-09,2.964,2.964,2.964,2.964,0.0
2017-01-10,2.974,2.974,2.974,2.974,0.0
2017-01-11,2.931,2.931,2.931,2.931,0.0
2017-01-12,2.92,2.92,2.92,2.92,0.0
2017-01-13,2.872,2.872,2.872,2.872,0.0
2017-01-17,2.874,2.874,2.874,2.874,0.0
2017-01-18,2.867,2.867,2.867,2.867,0.0
2017-01-19,2.831,2.831,2.831,2.831,0.0
2017-01-20,2.836,2.836,2.836,2.836,0.0
2017-01-23,2.838,2.838,2.838,2.838,0.0
2017-01-24,2.828,2.828,2.828,2.828,0.0
2017-01-25,2.819,2.819,2.819,2.819,0.0
2017-01-26,2.828,2.828,2.828,2.828,0.0
2017-01-27,2.815,2.815,2.815,2.815,0.0
2017-01-30,2.82,2.82,2.82,2.82,0.0
2017-01-31,2.822,2.822,2.822,2.822,0.0
2017-02-01,2.807,2.807,2.807,2.807,0.0
2017-02-02,2.81,2.81,2.81,2.81,0.0
2017-02-03,2.793,2.793,2.793,2.793,0.0
2017-02-06,2.785,2.785,2.785,2.785,0.0
2017-02-07,2.801,2.801,2.801,2.801,0.0
2017-02-08,2.812,2.812,2.812,2.812,0.0
2017-02-09,2.805,2.805,2.805,2.805,0.0
2017-02-10,2.785,2.785,2.785,2.785,0.0
2017-02-13,2.753,2.753,2.753,2.753,0.0
2017-02-14,2.748,2.748,2.748,2.748,0.0
2017-02-15,2.75,2.75,2.75,2.75,0.0
2017-02-16,2.764,2.764,2.764,2.764,0.0
2017-02-17,2.765,2.765,2.765,2.765,0.0
2017-02-21,2.753,2.753,2.753,2.753,0.0
2017-02-22,2.756,2.756,2.756,2.756,0.0
2017-02-23,2.759,2.759,2.759,2.759,0.0
2017-02-24,2.738,2.738,2.738,2.738,0.0
2017-02-27,2.739,2.739,2.739,2.739,0.0
2017-02-28,2.752,2.752,2.752,2.752,0.0
2017-03-01,2.768,2.768,2.768,2.768,0.0
2017-03-02,2.76,2.76,2.76,2.76,0.0
2017-03-03,2.783,2.783,2.783,2.783,0.0
2017-03-06,2.796,2.796,2.796,2.796,0.0
2017-03-07,2.785,2.785,2.785,2.785,0.0
2017-03-08,2.773,2.773,2.773,2.773,0.0
2017-03-09,2.766,2.766,2.766,2.766,0.0
2017-03-10,2.753,2.753,2.753,2.753,0.0
2017-03-13,2.747,2.747,2.747,2.747,0.0
2017-03-14,2.748,2.748,2.748,2.748,0.0
2017-03-15,2.769,2.769,2.769,2.769,0.0
2017-03-16,2.796,2.796,2.796,2.796,0.0
2017-03-17,2.796,2.796,2.796,2.796,0.0
2017-03-20,2.804,2.804,2.804,2.804,0.0
2017-03-21,2.818,2.818,2.818,2.818,0.0
2017-03-22,2.82,2.82,2.82,2.82,0.0
2017-03-23,2.817,2.817,2.817,2.817,0.0
2017-03-24,2.786,2.786,2.786,2.786,0.0
2017-03-27,2.776,2.776,2.776,2.776,0.0
2017-03-28,2.767,2.767,2.767,2.767,0.0
2017-03-29,2.775,2.775,2.775,2.775,0.0
2017-03-30,2.781,2.781,2.781,2.781,0.0
2017-03-31,2.772,2.772,2.772,2.772,0.0
2017-04-03,2.779,2.779,2.779,2.779,0.0
2017-04-04,2.79,2.79,2.79,2.79,0.0
2017-04-05,2.809,2.809,2.809,2.809,0.0
2017-04-06,2.791,2.791,2.791,2.791,0.0
2017-04-07,2.805,2.805,2.805,2.805,0.0
2017-04-10,2.814,2.814,2.814,2.814,0.0
2017-04-11,2.845,2.845,2.845,2.845,0.0
2017-04-12,2.846,2.846,2.846,2.846,0.0
2017-04-13,2.867,2.867,2.867,2.867,0.0
2017-04-17,2.863,2.863,2.863,2.863,0.0
2017-04-18,2.895,2.895,2.895,2.895,0.0
2017-04-19,2.905,2.905,2.905,2.905,0.0
2017-04-20,2.939,2.939,2.939,2.939,0.0
2017-04-21,2.921,2.921,2.921,2.921,0.0
2017-04-24,2.901,2.901,2.901,2.901,0.0
2017-04-25,2.896,2.896,2.896,2.896,0.0
2017-04-26,2.897,2.897,2.897,2.897,0.0
2017-04-27,2.882,2.882,2.882,2.882,0.0
2017-04-28,2.896,2.896,2.896,2.896,0.0
2017-05-01,2.864,2.864,2.864,2.864,0.0
2017-05-02,2.865,2.865,2.865,2.865,0.0
2017-05-03,2.884,2.884,2.884,2.884,0.0
2017-05-04,2.927,2.927,2.927,2.927,0.0
2017-05-05,2.927,2.927,2.927,2.927,0.0
2017-05-08,2.926,2.926,2.926,2.926,0.0
2017-05-09,2.929,2.929,2.929,2.929,0.0
2017-05-10,2.93,2.93,2.93,2.93,0.0
2017-05-11,2.939,2.939,2.939,2.939,0.0
2017-05-12,2.943,2.943,2.943,2.943,0.0
2017-05-15,2.932,2.932,2.932,2.932,0.0
2017-05-16,2.949,2.949,2.949,2.949,0.0
2017-05-17,2.963,2.963,2.963,2.963,0.0
2017-05-18,2.95,2.95,2.95,2.95,0.0
2017-05-19,2.94,2.94,2.94,2.94,0.0
2017-05-22,2.942,2.942,2.942,2.942,0.0
2017-05-23,2.972,2.972,2.972,2.972,0.0
2017-05-24,2.954,2.954,2.954,2.954,0.0
2017-05-25,2.943,2.943,2.943,2.943,0.0
2017-05-26,2.928,2.928,2.928,2.928,0.0
2017-05-30,2.914,2.914,2.914,2.914,0.0
2017-05-31,2.908,2.908,2.908,2.908,0.0
2017-06-01,2.91,2.91,2.91,2.91,0.0
2017-06-02,2.898,2.898,2.898,2.898,0.0
2017-06-05,2.87,2.87,2.87,2.87,0.0
2017-06-06,2.826,2.826,2.826,2.826,0.0
2017-06-07,2.837,2.837,2.837,2.837,0.0
2017-06-08,2.857,2.857,2.857,2.857,0.0
2017-06-09,2.854,2.854,2.854,2.854,0.0
2017-06-12,2.856,2.856,2.856,2.856,0.0
2017-06-13,2.86,2.86,2.86,2.86,0.0
2017-06-14,2.851,2.851,2.851,2.851,0.0
2017-06-15,2.873,2.873,2.873,2.873,0.0
2017-06-16,2.862,2.862,2.862,2.862,0.0
2017-06-19,2.878,2.878,2.878,2.878,0.0
2017-06-20,2.916,2.916,2.916,2.916,0.0
2017-06-21,2.927,2.927,2.927,2.927,0.0
2017-06-22,2.926,2.926,2.926,2.926,0.0
2017-06-23,2.918,2.918,2.918,2.918,0.0
2017-06-26,2.893,2.893,2.893,2.893,0.0
2017-06-27,2.893,2.893,2.893,2.893,0.0
2017-06-28,2.883,2.883,2.883,2.883,0.0
2017-06-29,2.883,2.883,2.883,2.883,0.0
2017-06-30,2.896,2.896,2.896,2.896,0.0
2017-07-03,2.893,2.893,2.893,2.893,0.0
2017-07-05,2.861,2.861,2.861,2.861,0.0
2017-07-06,2.834,2.834,2.834,2.834,0.0
2017-07-07,2.829,2.829,2.829,2.829,0.0
2017-07-10,2.818,2.818,2.818,2.818,0.0
2017-07-11,2.824,2.824,2.824,2.824,0.0
2017-07-12,2.814,2.814,2.814,2.814,0.0
2017-07-13,2.827,2.827,2.827,2.827,0.0
2017-07-14,2.83,2.83,2.83,2.83,0.0
2017-07-17,2.829,2.829,2.829,2.829,0.0
2017-07-18,2.841,2.841,2.841,2.841,0.0
2017-07-19,2.826,2.826,2.826,2.826,0.0
2017-07-20,2.807,2.807,2.807,2.807,0.0
2017-07-21,2.797,2.797,2.797,2.797,0.0
2017-07-24,2.762,2.762,2.762,2.762,0.0
2017-07-25,2.756,2.756,2.756,2.756,0.0
2017-07-26,2.742,2.742,2.742,2.742,0.0
2017-07-27,2.742,2.742,2.742,2.742,0.0
2017-07-28,2.76,2.76,2.76,2.76,0.0
2017-07-31,2.741,2.741,2.741,2.741,0.0
2017-08-01,2.763,2.763,2.763,2.763,0.0
2017-08-02,2.772,2.772,2.772,2.772,0.0
2017-08-03,2.795,2.795,2.795,2.795,0.0
2017-08-04,2.805,2.805,2.805,2.805,0.0
2017-08-07,2.804,2.804,2.804,2.804,0.0
2017-08-08,2.79,2.79,2.79,2.79,0.0
2017-08-09,2.784,2.784,2.784,2.784,0.0
2017-08-10,2.782,2.782,2.782,2.782,0.0
2017-08-11,2.786,2.786,2.786,2.786,0.0
2017-08-14,2.782,2.782,2.782,2.782,0.0
2017-08-15,2.782,2.782,2.782,2.782,0.0
2017-08-16,2.772,2.772,2.772,2.772,0.0
2017-08-17,2.766,2.766,2.766,2.766,0.0
2017-08-18,2.767,2.767,2.767,2.767,0.0
2017-08-21,2.758,2.758,2.758,2.758,0.0
2017-08-22,2.753,2.753,2.753,2.753,0.0
2017-08-23,2.758,2.758,2.758,2.758,0.0
2017-08-24,2.714,2.714,2.714,2.714,0.0
2017-08-25,2.701,2.701,2.701,2.701,0.0
2017-08-28,2.714,2.714,2.714,2.714,0.0
2017-08-29,2.713,2.713,2.713,2.713,0.0
2017-08-30,2.726,2.726,2.726,2.726,0.0
2017-08-31,2.729,2.729,2.729,2.729,0.0
2017-09-01,2.73,2.73,2.73,2.73,0.0
2017-09-05,2.726,2.726,2.726,2.726,0.0
2017-09-06,2.693,2.693,2.693,2.693,0.0
2017-09-07,2.726,2.726,2.726,2.726,0.0
2017-09-08,2.732,2.732,2.732,2.732,0.0
2017-09-11,2.743,2.743,2.743,2.743,0.0
2017-09-12,2.742,2.742,2.742,2.742,0.0
2017-09-13,2.728,2.728,2.728,2.728,0.0
2017-09-14,2.74,2.74,2.74,2.74,0.0
2017-09-15,2.745,2.745,2.745,2.745,0.0
2017-09-18,2.762,2.762,2.762,2.762,0.0
2017-09-19,2.746,2.746,2.746,2.746,0.0
2017-09-20,2.739,2.739,2.739,2.739,0.0
2017-09-21,2.73,2.73,2.73,2.73,0.0
2017-09-22,2.744,2.744,2.744,2.744,0.0
2017-09-25,2.727,2.727,2.727,2.727,0.0
2017-09-26,2.737,2.737,2.737,2.737,0.0
2017-09-27,2.75,2.75,2.75,2.75,0.0
2017-09-28,2.749,2.749,2.749,2.749,0.0
2017-09-29,2.746,2.746,2.746,2.746,0.0
2017-10-02,2.759,2.759,2.759,2.759,0.0
2017-10-03,2.776,2.776,2.776,2.776,0.0
2017-10-04,2.772,2.772,2.772,2.772,0.0
2017-10-05,2.777,2.777,2.777,2.777,0.0
2017-10-06,2.769,2.769,2.769,2.769,0.0
2017-10-09,2.779,2.779,2.779,2.779,0.0
2017-10-10,2.769,2.769,2.769,2.769,0.0
2017-10-11,2.759,2.759,2.759,2.759,0.0
2017-10-12,2.81,2.81,2.81,2.81,0.0
2017-10-13,2.808,2.808,2.808,2.808,0.0
2017-10-16,2.838,2.838,2.838,2.838,0.0
2017-10-17,2.862,2.862,2.862,2.862,0.0
2017-10-18,2.87,2.87,2.87,2.87,0.0
2017-10-19,2.892,2.892,2.892,2.892,0.0
2017-10-20,2.921,2.921,2.921,2.921,0.0
2017-10-23,2.901,2.901,2.901,2.901,0.0
2017-10-24,2.9,2.9,2.9,2.9,0.0
2017-10-25,2.901,2.901,2.901,2.901,0.0
2017-10-26,2.894,2.894,2.894,2.894,0.0
2017-10-27,2.871,2.871,2.871,2.871,0.0
2017-10-30,2.897,2.897,2.897,2.897,0.0
2017-10-31,2.895,2.895,2.895,2.895,0.0
2017-11-01,2.906,2.906,2.906,2.906,0.0
2017-11-02,2.889,2.889,2.889,2.889,0.0
2017-11-03,2.884,2.884,2.884,2.884,0.0
2017-11-06,2.879,2.879,2.879,2.879,0.0
2017-11-07,2.878,2.878,2.878,2.878,0.0
2017-11-08,2.876,2.876,2.876,2.876,0.0
2017-11-09,2.878,2.878,2.878,2.878,0.0
2017-11-10,2.858,2.858,2.858,2.858,0.0
2017-11-13,2.843,2.843,2.843,2.843,0.0
2017-11-14,2.849,2.849,2.849,2.849,0.0
2017-11-15,2.84,2.84,2.84,2.84,0.0
2017-11-16,2.844,2.844,2.844,2.844,0.0
2017-11-17,2.842,2.842,2.842,2.842,0.0
2017-11-20,2.835,2.835,2.835,2.835,0.0
2017-11-21,2.833,2.833,2.833,2.833,0.0
2017-11-22,2.82,2.82,2.82,2.82,0.0
2017-11-24,2.821,2.821,2.821,2.821,0.0
2017-11-27,2.823,2.823,2.823,2.823,0.0
2017-11-28,2.83,2.83,2.83,2.83,0.0
2017-11-29,2.843,2.843,2.843,2.843,0.0
2017-11-30,2.836,2.836,2.836,2.836,0.0
2017-12-01,2.819,2.819,2.819,2.819,0.0
2017-12-04,2.794,2.794,2.794,2.794,0.0
2017-12-05,2.784,2.784,2.784,2.784,0.0
2017-12-06,2.773,2.773,2.773,2.773,0.0
2017-12-07,2.779,2.779,2.779,2.779,0.0
2017-12-08,2.777,2.777,2.777,2.777,0.0
2017-12-11,2.77,2.77,2.77,2.77,0.0
2017-12-12,2.778,2.778,2.778,2.778,0.0
2017-12-13,2.792,2.792,2.792,2.792,0.0
2017-12-14,2.791,2.791,2.791,2.791,0.0
2017-12-15,2.799,2.799,2.799,2.799,0.0
2017-12-18,2.825,2.825,2.825,2.825,0.0
2017-12-19,2.827,2.827,2.827,2.827,0.0
2017-12-20,2.813,2.813,2.813,2.813,0.0
2017-12-21,2.83,2.83,2.83,2.83,0.0
2017-12-22,2.853,2.853,2.853,2.853,0.0
2017-12-26,2.854,2.854,2.854,2.854,0.0
2017-12-27,2.833,2.833,2.833,2.833,0.0
2017-12-28,2.817,2.817,2.817,2.817,0.0
2017-12-29,2.827,2.827,2.827,2.827,0.0
2018-01-02,2.82,2.82,2.82,2.82,0.0
2018-01-03,2.823,2.823,2.823,2.823,0.0
2018-01-04,2.845,2.845,2.845,2.845,0.0
2018-01-05,2.826,2.826,2.826,2.826,0.0
2018-01-08,2.828,2.828,2.828,2.828,0.0
2018-01-09,2.806,2.806,2.806,2.806,0.0
2018-01-10,2.824,2.824,2.824,2.824,0.0
2018-01-11,2.826,2.826,2.826,2.826,0.0
2018-01-12,2.813,2.813,2.813,2.813,0.0
2018-01-16,2.785,2.785,2.785,2.785,0.0
2018-01-17,2.779,2.779,2.779,2.779,0.0
2018-01-18,2.777,2.777,2.777,2.777,0.0
2018-01-19,2.787,2.787,2.787,2.787,0.0
2018-01-22,2.806,2.806,2.806,2.806,0.0
2018-01-23,2.818,2.818,2.818,2.818,0.0
2018-01-24,2.833,2.833,2.833,2.833,0.0
2018-01-25,2.859,2.859,2.859,2.859,0.0
2018-01-26,2.835,2.835,2.835,2.835,0.0
2018-01-29,2.837,2.837,2.837,2.837,0.0
2018-01-30,2.838,2.838,2.838,2.838,0.0
2018-01-31,2.818,2.818,2.818,2.818,0.0
2018-02-01,2.83,2.83,2.83,2.83,0.0
2018-02-02,2.838,2.838,2.838,2.838,0.0
2018-02-05,2.86,2.86,2.86,2.86,0.0
2018-02-06,2.857,2.857,2.857,2.857,0.0
2018-02-07,2.83,2.83,2.83,2.83,0.0
2018-02-08,2.827,2.827,2.827,2.827,0.0
2018-02-09,2.807,2.807,2.807,2.807,0.0
2018-02-12,2.792,2.792,2.792,2.792,0.0
2018-02-13,2.799,2.799,2.799,2.799,0.0
2018-02-14,2.799,2.799,2.799,2.799,0.0
2018-02-15,2.796,2.796,2.796,2.796,0.0
2018-02-16,2.805,2.805,2.805,2.805,0.0
2018-02-20,2.805,2.805,2.805,2.805,0.0
2018-02-21,2.823,2.823,2.823,2.823,0.0
2018-02-22,2.829,2.829,2.829,2.829,0.0
2018-02-23,2.821,2.821,2.821,2.821,0.0
2018-02-26,2.829,2.829,2.829,2.829,0.0
2018-02-27,2.826,2.826,2.826,2.826,0.0
2018-02-28,2.804,2.804,2.804,2.804,0.0
2018-03-01,2.812,2.812,2.812,2.812,0.0
2018-03-02,2.829,2.829,2.829,2.829,0.0
2018-03-05,2.847,2.847,2.847,2.847,0.0
2018-03-06,2.863,2.863,2.863,2.863,0.0
2018-03-07,2.856,2.856,2.856,2.856,0.0
2018-03-08,2.817,2.817,2.817,2.817,0.0
2018-03-09,2.776,2.776,2.776,2.776,0.0
2018-03-12,2.772,2.772,2.772,2.772,0.0
2018-03-13,2.789,2.789,2.789,2.789,0.0
2018-03-14,2.807,2.807,2.807,2.807,0.0
2018-03-15,2.835,2.835,2.835,2.835,0.0
2018-03-16,2.844,2.844,2.844,2.844,0.0
2018-03-19,2.834,2.834,2.834,2.834,0.0
2018-03-20,2.839,2.839,2.839,2.839,0.0
2018-03-21,2.829,2.829,2.829,2.829,0.0
2018-03-22,2.817,2.817,2.817,2.817,0.0
2018-03-23,2.786,2.786,2.786,2.786,0.0
2018-03-26,2.814,2.814,2.814,2.814,0.0
2018-03-27,2.826,2.826,2.826,2.826,0.0
2018-03-28,2.834,2.834,2.834,2.834,0.0
2018-03-29,2.87,2.87,2.87,2.87,0.0
2018-04-02,2.852,2.852,2.852,2.852,0.0
2018-04-03,2.84,2.84,2.84,2.84,0.0
2018-04-04,2.814,2.814,2.814,2.814,0.0
2018-04-05,2.831,2.831,2.831,2.831,0.0
2018-04-06,2.825,2.825,2.825,2.825,0.0
2018-04-09,2.817,2.817,2.817,2.817,0.0
2018-04-10,2.826,2.826,2.826,2.826,0.0
2018-04-11,2.844,2.844,2.844,2.844,0.0
2018-04-12,2.856,2.856,2.856,2.856,0.0
2018-04-13,2.849,2.849,2.849,2.849,0.0
2018-04-16,2.851,2.851,2.851,2.851,0.0
2018-04-17,2.847,2.847,2.847,2.847,0.0
2018-04-18,2.836,2.836,2.836,2.836,0.0
2018-04-19,2.818,2.818,2.818,2.818,0.0
2018-04-20,2.823,2.823,2.823,2.823,0.0
2018-04-23,2.824,2.824,2.824,2.824,0.0
2018-04-24,2.818,2.818,2.818,2.818,0.0
2018-04-25,2.817,2.817,2.817,2.817,0.0
2018-04-26,2.812,2.812,2.812,2.812,0.0
2018-04-27,2.814,2.814,2.814,2.814,0.0
2018-04-30,2.806,2.806,2.806,2.806,0.0
2018-05-01,2.79,2.79,2.79,2.79,0.0
2018-05-02,2.793,2.793,2.793,2.793,0.0
2018-05-03,2.791,2.791,2.791,2.791,0.0
2018-05-04,2.787,2.787,2.787,2.787,0.0
2018-05-07,2.785,2.785,2.785,2.785,0.0
2018-05-08,2.74,2.74,2.74,2.74,0.0
2018-05-09,2.726,2.726,2.726,2.726,0.0
2018-05-10,2.722,2.722,2.722,2.722,0.0
2018-05-11,2.725,2.725,2.725,2.725,0.0
2018-05-14,2.727,2.727,2.727,2.727,0.0
2018-05-15,2.736,2.736,2.736,2.736,0.0
2018-05-16,2.729,2.729,2.729,2.729,0.0
2018-05-17,2.736,2.736,2.736,2.736,0.0
2018-05-18,2.751,2.751,2.751,2.751,0.0
2018-05-21,2.746,2.746,2.746,2.746,0.0
2018-05-22,2.751,2.751,2.751,2.751,0.0
2018-05-23,2.728,2.728,2.728,2.728,0.0
2018-05-24,2.722,2.722,2.722,2.722,0.0
2018-05-25,2.694,2.694,2.694,2.694,0.0
2018-05-29,2.694,2.694,2.671,2.671,11.0
2018-05-30,2.675,2.675,2.675,2.675,0.0
2018-05-31,2.669,2.669,2.669,2.669,0.0
2018-06-01,2.659,2.659,2.659,2.659,0.0
2018-06-04,2.653,2.653,2.653,2.653,0.0
2018-06-05,2.657,2.657,2.657,2.657,0.0
2018-06-06,2.673,2.673,2.673,2.673,0.0
2018-06-07,2.656,2.656,2.656,2.656,0.0
2018-06-08,2.659,2.659,2.659,2.659,0.0
2018-06-11,2.649,2.649,2.649,2.649,0.0
2018-06-12,2.664,2.664,2.664,2.664,0.0
2018-06-13,2.689,2.689,2.689,2.689,0.0
2018-06-14,2.688,2.688,2.688,2.688,0.0
2018-06-15,2.693,2.693,2.693,2.693,0.0
2018-06-18,2.714,2.714,2.714,2.714,0.0
2018-06-19,2.712,2.712,2.712,2.712,0.0
2018-06-20,2.704,2.704,2.704,2.704,0.0
2018-06-21,2.693,2.693,2.693,2.693,0.0
2018-06-22,2.693,2.693,2.693,2.693,0.0
2018-06-25,2.689,2.689,2.689,2.689,0.0
2018-06-26,2.686,2.686,2.686,2.686,0.0
2018-06-27,2.689,2.689,2.689,2.689,0.0
2018-06-28,2.683,2.683,2.683,2.683,0.0
2018-06-29,2.68,2.68,2.68,2.68,0.0
2018-07-02,2.671,2.671,2.671,2.671,0.0
2018-07-03,2.666,2.666,2.666,2.666,0.0
2018-07-05,2.668,2.668,2.668,2.668,0.0
2018-07-06,2.662,2.662,2.662,2.662,0.0
2018-07-09,2.653,2.653,2.653,2.653,0.0
2018-07-10,2.653,2.653,2.653,2.653,0.0
2018-07-11,2.631,2.631,2.631,2.631,0.0
2018-07-12,2.628,2.628,2.628,2.628,0.0
2018-07-13,2.623,2.623,2.623,2.623,0.0
2018-07-16,2.595,2.595,2.595,2.595,0.0
2018-07-17,2.587,2.587,2.587,2.587,0.0
2018-07-18,2.578,2.578,2.578,2.578,0.0
2018-07-19,2.578,2.578,2.578,2.578,0.0
2018-07-20,2.579,2.579,2.579,2.579,0.0
2018-07-23,2.588,2.588,2.588,2.588,0.0
2018-07-24,2.603,2.603,2.603,2.603,0.0
2018-07-25,2.623,2.623,2.623,2.623,0.0
2018-07-26,2.619,2.619,2.619,2.619,0.0
2018-07-27,2.64,2.64,2.64,2.64,0.0
2018-07-30,2.644,2.644,2.644,2.644,0.0
2018-07-31,2.645,2.645,2.645,2.645,0.0
2018-08-01,2.615,2.615,2.615,2.615,0.0
2018-08-02,2.619,2.619,2.619,2.619,0.0
2018-08-03,2.619,2.619,2.619,2.619,0.0
2018-08-06,2.605,2.605,2.605,2.605,0.0
2018-08-07,2.627,2.627,2.627,2.627,0.0
2018-08-08,2.64,2.64,2.64,2.64,0.0
2018-08-09,2.634,2.634,2.634,2.634,0.0
2018-08-10,2.647,2.647,2.647,2.647,0.0
2018-08-13,2.648,2.648,2.648,2.648,0.0
2018-08-14,2.647,2.647,2.647,2.647,0.0
2018-08-15,2.648,2.648,2.648,2.648,0.0
2018-08-16,2.638,2.638,2.638,2.638,0.0
2018-08-17,2.64,2.64,2.64,2.64,0.0
2018-08-20,2.639,2.639,2.639,2.639,0.0
2018-08-21,2.642,2.642,2.642,2.642,0.0
2018-08-22,2.629,2.629,2.629,2.629,0.0
2018-08-23,2.626,2.626,2.626,2.626,0.0
2018-08-24,2.617,2.617,2.617,2.617,0.0
2018-08-27,2.585,2.585,2.585,2.585,0.0
2018-08-28,2.561,2.561,2.561,2.561,0.0
2018-08-29,2.566,2.566,2.566,2.566,0.0
2018-08-30,2.552,2.552,2.552,2.552,0.0
2018-08-31,2.561,2.561,2.561,2.561,0.0
2018-09-04,2.543,2.543,2.543,2.543,0.0
2018-09-05,2.548,2.548,2.548,2.548,0.0
2018-09-06,2.565,2.565,2.565,2.565,0.0
2018-09-07,2.564,2.564,2.564,2.564,0.0
2018-09-10,2.575,2.575,2.575,2.575,0.0
2018-09-11,2.57,2.57,2.57,2.57,0.0
2018-09-12,2.58,2.58,2.58,2.58,0.0
2018-09-13,2.596,2.596,2.596,2.596,0.0
2018-09-14,2.596,2.596,2.596,2.596,0.0
2018-09-17,2.6,2.6,2.6,2.6,0.0
2018-09-18,2.601,2.601,2.601,2.601,0.0
2018-09-19,2.596,2.596,2.596,2.596,0.0
2018-09-20,2.6,2.6,2.6,2.6,0.0
2018-09-21,2.598,2.598,2.598,2.598,0.0
2018-09-24,2.597,2.597,2.597,2.597,0.0
2018-09-25,2.597,2.597,2.597,2.597,0.0
2018-09-26,2.606,2.606,2.606,2.606,0.0
2018-09-27,2.605,2.605,2.605,2.605,0.0
2018-09-28,2.605,2.605,2.605,2.605,0.0
2018-10-01,2.61,2.61,2.61,2.61,0.0
2018-10-02,2.608,2.608,2.608,2.608,0.0
2018-10-03,2.607,2.607,2.607,2.607,0.0
2018-10-04,2.607,2.607,2.607,2.607,0.0
2018-10-05,2.608,2.608,2.608,2.608,0.0
2018-10-08,2.613,2.613,2.613,2.613,0.0
2018-10-09,2.608,2.608,2.608,2.608,0.0
2018-10-10,2.604,2.604,2.604,2.604,0.0
2018-10-11,2.629,2.629,2.629,2.629,0.0
2018-10-12,2.634,2.634,2.634,2.634,0.0
2018-10-15,2.633,2.633,2.633,2.633,0.0
2018-10-16,2.632,2.632,2.632,2.632,0.0
2018-10-17,2.627,2.627,2.627,2.627,0.0
2018-10-18,2.626,2.626,2.626,2.626,0.0
2018-10-19,2.623,2.623,2.623,2.623,0.0
2018-10-22,2.624,2.624,2.624,2.624,0.0
2018-10-23,2.623,2.623,2.623,2.623,0.0
2018-10-24,2.62,2.62,2.62,2.62,0.0
2018-10-25,2.61,2.61,2.61,2.61,0.0
2018-10-26,2.612,2.612,2.612,2.612,0.0
2018-10-29,2.613,2.613,2.613,2.613,0.0
2018-10-30,2.631,2.631,2.631,2.631,0.0
2018-10-31,2.63,2.63,2.63,2.63,0.0
2018-11-01,2.638,2.638,2.638,2.638,0.0
2018-11-02,2.645,2.645,2.645,2.645,0.0
2018-11-05,2.659,2.659,2.659,2.659,0.0
2018-11-06,2.675,2.675,2.675,2.675,0.0
2018-11-07,2.673,2.673,2.673,2.673,0.0
2018-11-08,2.674,2.674,2.674,2.674,0.0
2018-11-09,2.681,2.681,2.681,2.681,0.0
2018-11-12,2.694,2.694,2.694,2.694,0.0
2018-11-13,2.673,2.673,2.673,2.673,0.0
2018-11-14,2.657,2.657,2.657,2.657,0.0
2018-11-15,2.672,2.672,2.672,2.672,0.0
2018-11-16,2.643,2.643,2.643,2.643,0.0
2018-11-19,2.627,2.627,2.627,2.627,0.0
2018-11-20,2.625,2.625,2.625,2.625,0.0
2018-11-21,2.623,2.623,2.623,2.623,0.0
2018-11-23,2.648,2.648,2.648,2.648,0.0
2018-11-26,2.641,2.641,2.641,2.641,0.0
2018-11-27,2.637,2.637,2.637,2.637,0.0
2018-11-28,2.646,2.646,2.646,2.646,0.0
2018-11-29,2.688,2.688,2.688,2.688,0.0
2018-11-30,2.718,2.718,2.718,2.718,0.0
2018-12-03,2.69,2.69,2.69,2.69,0.0
2018-12-04,2.676,2.676,2.676,2.676,0.0
2018-12-05,2.667,2.667,2.667,2.667,0.0
2018-12-06,2.678,2.678,2.678,2.678,0.0
2018-12-07,2.685,2.685,2.685,2.685,0.0
2018-12-10,2.686,2.686,2.686,2.686,0.0
2018-12-11,2.661,2.661,2.661,2.661,0.0
2018-12-12,2.662,2.662,2.662,2.662,0.0
2018-12-13,2.63,2.63,2.63,2.63,0.0
2018-12-14,2.64,2.64,2.64,2.64,0.0
2018-12-17,2.639,2.639,2.639,2.639,0.0
2018-12-18,2.64,2.64,2.64,2.64,0.0
2018-12-19,2.663,2.663,2.663,2.663,0.0
2018-12-20,2.678,2.678,2.678,2.678,0.0
2018-12-21,2.677,2.677,2.677,2.677,0.0
2018-12-24,2.676,2.676,2.676,2.676,0.0
2018-12-26,2.673,2.673,2.673,2.673,0.0
2018-12-27,2.671,2.671,2.671,2.671,0.0
2018-12-28,2.666,2.666,2.666,2.666,0.0
2018-12-31,2.673,2.673,2.673,2.673,0.0
2019-01-02,2.673,2.673,2.673,2.673,0.0
2019-01-03,2.661,2.661,2.661,2.661,0.0
2019-01-04,2.671,2.671,2.671,2.671,0.0
2019-01-07,2.673,2.673,2.673,2.673,0.0
2019-01-08,2.672,2.672,2.672,2.672,0.0
2019-01-09,2.672,2.672,2.672,2.672,0.0
2019-01-10,2.669,2.669,2.669,2.669,0.0
2019-01-11,2.679,2.679,2.679,2.679,0.0
2019-01-14,2.678,2.678,2.678,2.678,0.0
2019-01-15,2.67,2.67,2.67,2.67,0.0
2019-01-16,2.639,2.639,2.639,2.639,0.0
2019-01-17,2.633,2.633,2.633,2.633,0.0
2019-01-18,2.646,2.646,2.646,2.646,0.0
2019-01-22,2.659,2.659,2.659,2.659,0.0
2019-01-23,2.645,2.645,2.645,2.645,0.0
2019-01-24,2.628,2.628,2.628,2.628,0.0
2019-01-25,2.673,2.673,2.673,2.673,0.0
2019-01-28,2.655,2.655,2.655,2.655,0.0
2019-01-29,2.658,2.658,2.658,2.658,0.0
2019-01-30,2.66,2.66,2.66,2.66,0.0
2019-01-31,2.661,2.661,2.661,2.661,0.0
2019-02-01,2.662,2.662,2.662,2.662,0.0
2019-02-04,2.649,2.649,2.649,2.649,0.0
2019-02-05,2.688,2.688,2.688,2.688,0.0
2019-02-06,2.685,2.685,2.685,2.685,0.0
2019-02-07,2.681,2.681,2.681,2.681,0.0
2019-02-08,2.683,2.683,2.683,2.683,0.0
2019-02-11,2.688,2.688,2.688,2.688,0.0
2019-02-12,2.696,2.696,2.696,2.696,0.0
2019-02-13,2.697,2.697,2.697,2.697,0.0
2019-02-14,2.701,2.701,2.701,2.701,0.0
2019-02-15,2.683,2.683,2.683,2.683,0.0
2019-02-19,2.685,2.685,2.685,2.685,0.0
2019-02-20,2.682,2.682,2.682,2.682,0.0
2019-02-21,2.674,2.674,2.674,2.674,0.0
2019-02-22,2.671,2.671,2.671,2.671,0.0
2019-02-25,2.664,2.664,2.664,2.664,0.0
2019-02-26,2.646,2.646,2.646,2.646,0.0
2019-02-27,2.682,2.682,2.682,2.682,0.0
2019-02-28,2.692,2.692,2.692,2.692,0.0
2019-03-01,2.691,2.691,2.691,2.691,0.0
2019-03-04,2.687,2.687,2.687,2.687,0.0
2019-03-05,2.685,2.685,2.685,2.685,0.0
2019-03-06,2.688,2.688,2.688,2.688,0.0
2019-03-07,2.693,2.693,2.693,2.693,0.0
2019-03-08,2.693,2.693,2.693,2.693,0.0
2019-03-11,2.72,2.72,2.72,2.72,0.0
2019-03-12,2.735,2.735,2.735,2.735,0.0
2019-03-13,2.744,2.744,2.744,2.744,0.0
2019-03-14,2.752,2.752,2.752,2.752,0.0
2019-03-15,2.753,2.753,2.753,2.753,0.0
2019-03-18,2.754,2.754,2.754,2.754,0.0
2019-03-19,2.755,2.755,2.755,2.755,0.0
2019-03-20,2.753,2.753,2.753,2.753,0.0
2019-03-21,2.757,2.757,2.757,2.757,0.0
2019-03-22,2.747,2.747,2.747,2.747,0.0
2019-03-25,2.746,2.746,2.746,2.746,0.0
2019-03-26,2.748,2.748,2.748,2.748,0.0
2019-03-27,2.739,2.739,2.739,2.739,0.0
2019-03-28,2.742,2.742,2.742,2.742,0.0
2019-03-29,2.741,2.741,2.741,2.741,0.0
2019-04-01,2.74,2.74,2.74,2.74,0.0
2019-04-02,2.747,2.747,2.747,2.747,0.0
2019-04-03,2.746,2.746,2.746,2.746,0.0
2019-04-04,2.741,2.741,2.741,2.741,0.0
2019-04-05,2.737,2.737,2.737,2.737,0.0
2019-04-08,2.74,2.74,2.74,2.74,0.0
2019-04-09,2.747,2.747,2.747,2.747,0.0
2019-04-10,2.73,2.73,2.73,2.73,0.0
2019-04-11,2.728,2.728,2.728,2.728,0.0
2019-04-12,2.728,2.728,2.728,2.728,0.0
2019-04-15,2.728,2.728,2.728,2.728,0.0
2019-04-16,2.729,2.729,2.729,2.729,0.0
2019-04-17,2.719,2.719,2.719,2.719,0.0
2019-04-18,2.72,2.72,2.704,2.704,50.0
2019-04-22,2.692,2.692,2.692,2.692,0.0
2019-04-23,2.687,2.687,2.687,2.687,0.0
2019-04-24,2.697,2.697,2.697,2.697,0.0
2019-04-25,2.707,2.707,2.707,2.707,0.0
2019-04-26,2.704,2.704,2.704,2.704,0.0
2019-04-29,2.711,2.711,2.711,2.711,0.0
2019-04-30,2.716,2.716,2.716,2.716,0.0
2019-05-01,2.718,2.718,2.718,2.718,0.0
2019-05-02,2.715,2.715,2.715,2.715,0.0
2019-05-03,2.695,2.695,2.695,2.695,0.0
2019-05-06,2.698,2.698,2.698,2.698,0.0
2019-05-07,2.698,2.698,2.698,2.698,0.0
2019-05-08,2.692,2.692,2.692,2.692,0.0
2019-05-09,2.699,2.699,2.699,2.699,0.0
2019-05-10,2.69,2.69,2.69,2.69,0.0
2019-05-13,2.693,2.693,2.693,2.693,0.0
2019-05-14,2.704,2.704,2.704,2.704,0.0
2019-05-15,2.707,2.707,2.707,2.707,0.0
2019-05-16,2.707,2.707,2.707,2.707,0.0
2019-05-17,2.711,2.711,2.711,2.711,0.0
2019-05-20,2.716,2.716,2.716,2.716,0.0
2019-05-21,2.719,2.719,2.719,2.719,0.0
2019-05-22,2.697,2.697,2.697,2.697,0.0
2019-05-23,2.709,2.709,2.709,2.709,0.0
2019-05-24,2.719,2.719,2.719,2.719,0.0
2019-05-28,2.718,2.718,2.718,2.718,0.0
2019-05-29,2.696,2.696,2.696,2.696,0.0
2019-05-30,2.694,2.694,2.694,2.694,0.0
2019-05-31,2.692,2.692,2.692,2.692,0.0
2019-06-03,2.68,2.68,2.68,2.68,0.0
2019-06-04,2.684,2.684,2.684,2.684,0.0
2019-06-05,2.672,2.672,2.672,2.672,0.0
2019-06-06,2.692,2.692,2.692,2.692,0.0
2019-06-07,2.692,2.692,2.692,2.692,0.0
2019-06-10,2.681,2.681,2.681,2.681,0.0
2019-06-11,2.681,2.681,2.681,2.681,0.0
2019-06-12,2.672,2.672,2.672,2.672,0.0
2019-06-13,2.673,2.673,2.673,2.673,0.0
2019-06-14,2.678,2.678,2.678,2.678,0.0
2019-06-17,2.681,2.681,2.681,2.681,0.0
2019-06-18,2.664,2.664,2.664,2.664,0.0
2019-06-19,2.665,2.665,2.665,2.665,0.0
2019-06-20,2.669,2.669,2.669,2.669,0.0
2019-06-21,2.684,2.684,2.684,2.684,0.0
2019-06-24,2.684,2.684,2.684,2.684,0.0
2019-06-25,2.683,2.683,2.683,2.683,0.0
2019-06-26,2.675,2.675,2.675,2.675,0.0
2019-06-27,2.671,2.671,2.671,2.671,0.0
2019-06-28,2.643,2.643,2.643,2.643,0.0
2019-07-01,2.636,2.636,2.636,2.636,0.0
2019-07-02,2.632,2.632,2.632,2.632,0.0
2019-07-03,2.626,2.626,2.626,2.626,0.0
2019-07-05,2.638,2.638,2.638,2.638,0.0
2019-07-08,2.634,2.634,2.634,2.634,0.0
2019-07-09,2.64,2.64,2.64,2.64,0.0
2019-07-10,2.632,2.632,2.632,2.632,0.0
2019-07-11,2.64,2.64,2.64,2.64,0.0
2019-07-12,2.648,2.648,2.648,2.648,0.0
2019-07-15,2.653,2.653,2.653,2.653,0.0
2019-07-16,2.629,2.629,2.629,2.629,0.0
2019-07-17,2.626,2.626,2.626,2.626,0.0
2019-07-18,2.645,2.645,2.645,2.645,0.0
2019-07-19,2.638,2.638,2.638,2.638,0.0
2019-07-22,2.633,2.633,2.633,2.633,0.0
2019-07-23,2.625,2.625,2.625,2.625,0.0
2019-07-24,2.618,2.618,2.618,2.618,0.0
2019-07-25,2.619,2.619,2.619,2.619,0.0
2019-07-26,2.62,2.62,2.62,2.62,0.0
2019-07-29,2.609,2.609,2.609,2.609,0.0
2019-07-30,2.604,2.604,2.604,2.604,0.0
2019-07-31,2.61,2.61,2.61,2.61,0.0
2019-08-01,2.618,2.618,2.618,2.618,0.0
2019-08-02,2.605,2.605,2.605,2.605,0.0
2019-08-05,2.603,2.603,2.603,2.603,0.0
2019-08-06,2.604,2.604,2.604,2.604,0.0
2019-08-07,2.609,2.609,2.609,2.609,0.0
2019-08-08,2.593,2.593,2.593,2.593,0.0
2019-08-09,2.575,2.575,2.575,2.575,0.0
2019-08-12,2.564,2.564,2.564,2.564,0.0
2019-08-13,2.545,2.545,2.545,2.545,0.0
2019-08-14,2.53,2.53,2.53,2.53,0.0
2019-08-15,2.53,2.53,2.53,2.53,0.0
2019-08-16,2.502,2.502,2.502,2.502,1.0
2019-08-19,2.504,2.504,2.504,2.504,0.0
2019-08-20,2.501,2.501,2.501,2.501,0.0
2019-08-21,2.502,2.502,2.502,2.502,0.0
2019-08-22,2.491,2.491,2.491,2.491,0.0
2019-08-23,2.521,2.521,2.521,2.521,0.0
2019-08-26,2.528,2.528,2.528,2.528,0.0
2019-08-27,2.543,2.543,2.543,2.543,0.0
2019-08-28,2.562,2.562,2.562,2.562,0.0
2019-08-29,2.564,2.564,2.564,2.564,0.0
2019-08-30,2.526,2.526,2.526,2.526,0.0
2019-09-03,2.541,2.541,2.541,2.541,0.0
2019-09-04,2.512,2.512,2.512,2.512,0.0
2019-09-05,2.519,2.519,2.519,2.519,0.0
2019-09-06,2.506,2.506,2.506,2.506,0.0
2019-09-09,2.497,2.497,2.497,2.497,0.0
2019-09-10,2.501,2.501,2.501,2.501,0.0
2019-09-11,2.515,2.515,2.515,2.515,0.0
2019-09-12,2.52,2.52,2.52,2.52,0.0
2019-09-13,2.531,2.531,2.531,2.531,0.0
2019-09-16,2.561,2.561,2.561,2.561,0.0
2019-09-17,2.529,2.529,2.529,2.529,0.0
2019-09-18,2.542,2.542,2.542,2.542,0.0
2019-09-19,2.536,2.536,2.536,2.536,0.0
2019-09-20,2.547,2.547,2.547,2.547,0.0
2019-09-23,2.544,2.544,2.544,2.544,0.0
2019-09-24,2.53,2.53,2.53,2.53,0.0
2019-09-25,2.529,2.529,2.529,2.529,0.0
2019-09-26,2.53,2.53,2.53,2.53,0.0
2019-09-27,2.519,2.519,2.519,2.519,0.0
2019-09-30,2.534,2.534,2.534,2.534,0.0
2019-10-01,2.517,2.517,2.517,2.517,0.0
2019-10-02,2.535,2.535,2.535,2.535,0.0
2019-10-03,2.52,2.52,2.52,2.52,0.0
2019-10-04,2.51,2.51,2.51,2.51,0.0
2019-10-07,2.514,2.514,2.514,2.514,0.0
2019-10-08,2.49,2.49,2.49,2.49,0.0
2019-10-09,2.485,2.485,2.485,2.485,0.0
2019-10-10,2.481,2.481,2.481,2.481,0.0
2019-10-11,2.492,2.492,2.492,2.492,0.0
2019-10-14,2.507,2.507,2.507,2.507,0.0
2019-10-15,2.507,2.507,2.506,2.506,4.0
2019-10-16,2.508,2.508,2.508,2.508,0.0
2019-10-17,2.505,2.505,2.505,2.505,0.0
2019-10-18,2.5,2.5,2.5,2.5,0.0
2019-10-21,2.495,2.495,2.495,2.495,0.0
2019-10-22,2.499,2.499,2.499,2.499,0.0
2019-10-23,2.493,2.493,2.493,2.493,0.0
2019-10-24,2.497,2.497,2.497,2.497,0.0
2019-10-25,2.495,2.495,2.495,2.495,0.0
2019-10-28,2.504,2.504,2.504,2.504,0.0
2019-10-29,2.52,2.52,2.52,2.52,0.0
2019-10-30,2.527,2.527,2.527,2.527,0.0
2019-10-31,2.525,2.525,2.525,2.525,0.0
2019-11-01,2.534,2.534,2.534,2.534,0.0
2019-11-04,2.515,2.515,2.515,2.515,0.0
2019-11-05,2.511,2.511,2.511,2.511,0.0
2019-11-06,2.493,2.493,2.493,2.493,0.0
2019-11-07,2.48,2.48,2.48,2.48,0.0
2019-11-08,2.487,2.487,2.487,2.487,0.0
2019-11-11,2.478,2.478,2.478,2.478,0.0
2019-11-12,2.468,2.468,2.468,2.468,0.0
2019-11-13,2.449,2.449,2.449,2.449,0.0
2019-11-14,2.451,2.451,2.451,2.451,0.0
2019-11-15,2.449,2.449,2.449,2.449,0.0
2019-11-18,2.453,2.453,2.453,2.453,0.0
2019-11-19,2.449,2.449,2.449,2.449,0.0
2019-11-20,2.458,2.458,2.458,2.458,0.0
2019-11-21,2.465,2.465,2.465,2.465,0.0
2019-11-22,2.465,2.465,2.465,2.465,0.0
2019-11-25,2.452,2.452,2.452,2.452,0.0
2019-11-26,2.446,2.446,2.446,2.446,0.0
2019-11-27,2.45,2.45,2.45,2.45,0.0
2019-11-29,2.408,2.408,2.408,2.408,0.0
2019-12-02,2.45,2.45,2.434,2.434,30.0
2019-12-03,2.443,2.443,2.443,2.443,0.0
2019-12-04,2.442,2.442,2.442,2.442,0.0
2019-12-05,2.434,2.434,2.434,2.434,0.0
2019-12-06,2.407,2.407,2.407,2.407,0.0
2019-12-09,2.401,2.401,2.401,2.401,0.0
2019-12-10,2.41,2.41,2.41,2.41,0.0
2019-12-11,2.407,2.407,2.407,2.407,0.0
2019-12-12,2.412,2.412,2.412,2.412,0.0
2019-12-13,2.395,2.395,2.395,2.395,0.0
2019-12-16,2.404,2.404,2.404,2.404,0.0
2019-12-17,2.406,2.406,2.406,2.406,0.0
2019-12-18,2.383,2.383,2.383,2.383,0.0
2019-12-19,2.373,2.373,2.373,2.373,0.0
2019-12-20,2.364,2.364,2.364,2.364,0.0
2019-12-23,2.371,2.371,2.371,2.371,0.0
2019-12-24,2.369,2.369,2.369,2.369,0.0
2019-12-26,2.357,2.357,2.357,2.357,0.0
2019-12-27,2.355,2.355,2.355,2.355,0.0
2019-12-30,2.352,2.352,2.352,2.352,0.0
2019-12-31,2.361,2.361,2.361,2.361,0.0
2020-01-02,2.356,2.356,2.356,2.356,0.0
2020-01-03,2.356,2.356,2.356,2.356,0.0
2020-01-06,2.36,2.36,2.36,2.36,0.0
2020-01-07,2.367,2.367,2.367,2.367,0.0
2020-01-08,2.37,2.37,2.37,2.37,0.0
2020-01-09,2.381,2.381,2.381,2.381,0.0
2020-01-10,2.383,2.383,2.383,2.383,0.0
2020-01-13,2.383,2.383,2.383,2.383,0.0
2020-01-14,2.382,2.382,2.382,2.382,0.0
2020-01-15,2.381,2.381,2.381,2.381,0.0
2020-01-16,2.388,2.388,2.388,2.388,0.0
2020-01-17,2.398,2.398,2.398,2.398,0.0
2020-01-21,2.388,2.388,2.388,2.388,0.0
2020-01-22,2.377,2.377,2.377,2.377,0.0
2020-01-23,2.369,2.369,2.369,2.369,0.0
2020-01-24,2.359,2.359,2.359,2.359,0.0
2020-01-27,2.344,2.344,2.344,2.344,0.0
2020-01-28,2.356,2.356,2.356,2.356,0.0
2020-01-29,2.346,2.346,2.346,2.346,0.0
2020-01-30,2.338,2.338,2.338,2.338,0.0
2020-01-31,2.339,2.339,2.339,2.339,0.0
2020-02-03,2.334,2.334,2.334,2.334,0.0
2020-02-04,2.335,2.335,2.335,2.335,0.0
2020-02-05,2.317,2.317,2.317,2.317,0.0
2020-02-06,2.325,2.325,2.325,2.325,0.0
2020-02-07,2.343,2.343,2.343,2.343,0.0
2020-02-10,2.335,2.335,2.335,2.335,0.0
2020-02-11,2.338,2.338,2.338,2.338,0.0
2020-02-12,2.345,2.345,2.345,2.345,0.0
2020-02-13,2.335,2.335,2.335,2.335,0.0
2020-02-14,2.325,2.325,2.325,2.325,0.0
2020-02-18,2.311,2.311,2.311,2.311,0.0
2020-02-19,2.322,2.322,2.322,2.322,0.0
2020-02-20,2.317,2.317,2.317,2.317,0.0
2020-02-21,2.347,2.347,2.347,2.347,0.0
2020-02-24,2.353,2.353,2.353,2.353,0.0
2020-02-25,2.349,2.349,2.349,2.349,0.0
2020-02-26,2.365,2.365,2.365,2.365,0.0
2020-02-27,2.355,2.355,2.355,2.355,0.0
2020-02-28,2.362,2.362,2.362,2.362,0.0
2020-03-02,2.39,2.39,2.39,2.39,0.0
2020-03-03,2.386,2.386,2.386,2.386,0.0
2020-03-04,2.367,2.367,2.367,2.367,0.0
2020-03-05,2.36,2.36,2.347,2.347,3.0
2020-03-06,2.36,2.36,2.36,2.36,0.0
2020-03-09,2.392,2.392,2.392,2.392,0.0
2020-03-10,2.399,2.399,2.399,2.399,0.0
2020-03-11,2.361,2.361,2.361,2.361,0.0
2020-03-12,2.311,2.311,2.311,2.311,0.0
2020-03-13,2.302,2.302,2.302,2.302,0.0
2020-03-16,2.291,2.291,2.291,2.291,0.0
2020-03-17,2.31,2.31,2.31,2.31,0.0
2020-03-18,2.316,2.316,2.316,2.316,0.0
2020-03-19,2.329,2.329,2.329,2.329,0.0
2020-03-20,2.323,2.323,2.323,2.323,0.0
2020-03-23,2.318,2.318,2.318,2.318,0.0
2020-03-24,2.314,2.314,2.314,2.314,0.0
2020-03-25,2.309,2.309,2.309,2.309,0.0
2020-03-26,2.275,2.275,2.275,2.275,0.0
2020-03-27,2.301,2.301,2.301,2.301,0.0
2020-03-30,2.309,2.309,2.309,2.309,0.0
2020-03-31,2.311,2.311,2.311,2.311,0.0
2020-04-01,2.281,2.281,2.281,2.281,0.0
2020-04-02,2.267,2.267,2.267,2.267,0.0
2020-04-03,2.251,2.251,2.251,2.251,0.0
2020-04-06,2.267,2.267,2.267,2.267,0.0
2020-04-07,2.261,2.261,2.261,2.261,0.0
2020-04-08,2.278,2.278,2.278,2.278,0.0
2020-04-09,2.295,2.295,2.295,2.295,0.0
2020-04-13,2.323,2.323,2.323,2.323,0.0
2020-04-14,2.305,2.305,2.305,2.305,0.0
2020-04-15,2.274,2.274,2.274,2.274,0.0
2020-04-16,2.279,2.279,2.279,2.279,0.0
2020-04-17,2.295,2.295,2.295,2.295,0.0
2020-04-20,2.313,2.313,2.313,2.313,0.0
2020-04-21,2.296,2.296,2.296,2.296,0.0
2020-04-22,2.313,2.324,2.313,2.324,8.0
2020-04-23,2.278,2.278,2.278,2.278,0.0
2020-04-24,2.276,2.276,2.276,2.276,0.0
2020-04-27,2.302,2.302,2.302,2.302,0.0
2020-04-28,2.294,2.294,2.294,2.294,0.0
2020-04-29,2.289,2.289,2.289,2.289,0.0
2020-04-30,2.264,2.264,2.264,2.264,0.0
2020-05-01,2.247,2.247,2.247,2.247,0.0
2020-05-04,2.28,2.28,2.249,2.249,1.0
2020-05-05,2.236,2.236,2.236,2.236,0.0
2020-05-06,2.267,2.267,2.267,2.267,0.0
2020-05-07,2.269,2.269,2.269,2.269,0.0
2020-05-08,2.273,2.273,2.273,2.273,0.0
2020-05-11,2.258,2.258,2.258,2.258,0.0
2020-05-12,2.272,2.272,2.272,2.272,0.0
2020-05-13,2.263,2.263,2.263,2.263,0.0
2020-05-14,2.256,2.256,2.256,2.256,0.0
2020-05-15,2.277,2.277,2.277,2.277,0.0
2020-05-18,2.295,2.295,2.295,2.295,0.0
2020-05-19,2.292,2.292,2.292,2.292,0.0
2020-05-20,2.264,2.264,2.264,2.264,0.0
2020-05-21,2.255,2.255,2.255,2.255,0.0
2020-05-22,2.285,2.285,2.285,2.285,0.0
2020-05-26,2.275,2.275,2.275,2.275,0.0
2020-05-27,2.302,2.302,2.302,2.302,0.0
2020-05-28,2.294,2.294,2.294,2.294,0.0
2020-05-29,2.288,2.288,2.288,2.288,0.0
2020-06-01,2.265,2.265,2.265,2.265,0.0
2020-06-02,2.27,2.27,2.27,2.27,0.0
2020-06-03,2.257,2.257,2.257,2.257,0.0
2020-06-04,2.266,2.266,2.266,2.266,0.0
2020-06-05,2.26,2.26,2.26,2.26,0.0
2020-06-08,2.274,2.274,2.274,2.274,0.0
2020-06-09,2.282,2.282,2.282,2.282,0.0
2020-06-10,2.268,2.268,2.268,2.268,0.0
2020-06-11,2.263,2.263,2.263,2.263,0.0
2020-06-12,2.252,2.252,2.252,2.252,0.0
2020-06-15,2.279,2.279,2.279,2.279,0.0
2020-06-16,2.271,2.271,2.271,2.271,0.0
2020-06-17,2.258,2.258,2.258,2.258,0.0
2020-06-18,2.269,2.269,2.269,2.269,0.0
2020-06-19,2.243,2.243,2.243,2.243,0.0
2020-06-22,2.231,2.231,2.231,2.231,0.0
2020-06-23,2.23,2.23,2.23,2.23,0.0
2020-06-24,2.222,2.222,2.222,2.222,0.0
2020-06-25,2.234,2.234,2.234,2.234,0.0
2020-06-26,2.254,2.254,2.254,2.254,0.0
2020-06-29,2.252,2.252,2.252,2.252,0.0
2020-06-30,2.252,2.252,2.252,2.252,0.0
2020-07-01,2.265,2.265,2.265,2.265,0.0
2020-07-02,2.292,2.292,2.292,2.292,0.0
2020-07-06,2.271,2.271,2.271,2.271,0.0
2020-07-07,2.269,2.269,2.269,2.269,0.0
2020-07-08,2.297,2.297,2.297,2.297,0.0
2020-07-09,2.297,2.297,2.297,2.297,0.0
2020-07-10,2.293,2.293,2.293,2.293,0.0
2020-07-13,2.289,2.289,2.289,2.289,0.0
2020-07-14,2.295,2.3,2.288,2.288,200.0
2020-07-15,2.298,2.298,2.298,2.298,0.0
2020-07-16,2.291,2.291,2.291,2.291,0.0
2020-07-17,2.288,2.288,2.288,2.288,0.0
2020-07-20,2.279,2.279,2.279,2.279,0.0
2020-07-21,2.291,2.291,2.291,2.291,0.0
2020-07-22,2.3,2.3,2.3,2.3,0.0
2020-07-23,2.352,2.352,2.352,2.352,0.0
2020-07-24,2.376,2.376,2.376,2.376,0.0
2020-07-27,2.379,2.379,2.379,2.379,0.0
2020-07-28,2.376,2.376,2.376,2.376,0.0
2020-07-29,2.381,2.381,2.381,2.381,0.0
2020-07-30,2.369,2.369,2.369,2.369,0.0
2020-07-31,2.367,2.367,2.367,2.367,0.0
2020-08-03,2.361,2.361,2.361,2.361,0.0
2020-08-04,2.355,2.355,2.355,2.355,0.0
2020-08-05,2.373,2.373,2.373,2.373,0.0
2020-08-06,2.381,2.381,2.381,2.381,0.0
2020-08-07,2.384,2.384,2.384,2.384,0.0
2020-08-10,2.382,2.382,2.382,2.382,0.0
2020-08-11,2.359,2.359,2.359,2.359,0.0
2020-08-12,2.326,2.326,2.326,2.326,0.0
2020-08-13,2.346,2.346,2.346,2.346,0.0
2020-08-14,2.348,2.348,2.348,2.348,0.0
2020-08-17,2.348,2.348,2.348,2.348,0.0
2020-08-18,2.343,2.343,2.343,2.343,0.0
2020-08-19,2.36,2.36,2.36,2.36,0.0
2020-08-20,2.358,2.358,2.358,2.358,0.0
2020-08-21,2.353,2.353,2.353,2.353,0.0
2020-08-24,2.348,2.348,2.348,2.348,0.0
2020-08-25,2.341,2.341,2.341,2.341,0.0
2020-08-26,2.369,2.369,2.369,2.369,0.0
2020-08-27,2.36,2.36,2.36,2.36,0.0
2020-08-28,2.354,2.354,2.354,2.354,0.0
2020-08-31,2.337,2.337,2.337,2.337,0.0
2020-09-01,2.335,2.335,2.335,2.335,0.0
2020-09-02,2.342,2.342,2.342,2.342,0.0
2020-09-03,2.346,2.346,2.346,2.346,0.0
2020-09-04,2.352,2.352,2.352,2.352,0.0
2020-09-08,2.353,2.353,2.353,2.353,0.0
2020-09-09,2.349,2.349,2.349,2.349,0.0
2020-09-10,2.331,2.331,2.331,2.331,0.0
2020-09-11,2.308,2.308,2.308,2.308,0.0
2020-09-14,2.308,2.308,2.308,2.308,0.0
2020-09-15,2.315,2.315,2.315,2.315,0.0
2020-09-16,2.313,2.313,2.313,2.313,0.0
2020-09-17,2.321,2.321,2.321,2.321,0.0
2020-09-18,2.317,2.317,2.317,2.317,0.0
2020-09-21,2.309,2.309,2.309,2.309,0.0
2020-09-22,2.319,2.319,2.319,2.319,0.0
2020-09-23,2.343,2.343,2.343,2.343,0.0
2020-09-24,2.346,2.346,2.346,2.346,0.0
2020-09-25,2.343,2.343,2.343,2.343,0.0
2020-09-28,2.351,2.351,2.351,2.351,0.0
2020-09-29,2.322,2.322,2.322,2.322,0.0
2020-09-30,2.31,2.31,2.31,2.31,0.0
2020-10-01,2.295,2.295,2.295,2.295,0.0
2020-10-02,2.295,2.295,2.295,2.295,0.0
2020-10-05,2.273,2.273,2.273,2.273,0.0
2020-10-06,2.27,2.27,2.27,2.27,0.0
2020-10-07,2.282,2.282,2.282,2.282,0.0
2020-10-08,2.257,2.257,2.257,2.257,0.0
2020-10-09,2.287,2.287,2.287,2.287,0.0
2020-10-12,2.273,2.273,2.273,2.273,0.0
2020-10-13,2.253,2.253,2.253,2.253,0.0
2020-10-14,2.28,2.28,2.28,2.28,0.0
2020-10-15,2.291,2.291,2.291,2.291,0.0
2020-10-16,2.294,2.294,2.294,2.294,0.0
2020-10-19,2.337,2.337,2.337,2.337,0.0
2020-10-20,2.278,2.278,2.278,2.278,0.0
2020-10-21,2.299,2.299,2.299,2.299,0.0
2020-10-22,2.323,2.323,2.323,2.323,0.0
2020-10-23,2.287,2.287,2.287,2.287,0.0
2020-10-26,2.267,2.267,2.267,2.267,0.0
2020-10-27,2.272,2.272,2.272,2.272,0.0
2020-10-28,2.294,2.294,2.294,2.294,0.0
2020-10-29,2.306,2.306,2.306,2.306,0.0
2020-10-30,2.323,2.323,2.323,2.323,0.0
2020-11-02,2.311,2.311,2.311,2.311,0.0
2020-11-03,2.326,2.326,2.326,2.326,0.0
2020-11-04,2.32,2.32,2.32,2.32,0.0
2020-11-05,2.33,2.33,2.33,2.33,0.0
2020-11-06,2.328,2.328,2.328,2.328,0.0
2020-11-09,2.317,2.317,2.317,2.317,0.0
2020-11-10,2.327,2.327,2.327,2.327,0.0
2020-11-11,2.342,2.342,2.342,2.342,0.0
2020-11-12,2.339,2.339,2.339,2.339,0.0
2020-11-13,2.319,2.319,2.319,2.319,30.0
2020-11-16,2.323,2.323,2.323,2.323,0.0
2020-11-17,2.34,2.34,2.34,2.34,0.0
2020-11-18,2.359,2.359,2.359,2.359,0.0
2020-11-19,2.35,2.35,2.35,2.35,0.0
2020-11-20,2.343,2.343,2.343,2.343,0.0
2020-11-23,2.337,2.337,2.337,2.337,0.0
2020-11-24,2.373,2.373,2.339,2.339,2.0
2020-11-25,2.322,2.322,2.322,2.322,0.0
2020-11-27,2.318,2.318,2.318,2.318,0.0
2020-11-30,2.304,2.304,2.304,2.304,0.0
2020-12-01,2.359,2.359,2.359,2.359,0.0
2020-12-02,2.384,2.384,2.384,2.384,0.0
2020-12-03,2.348,2.348,2.348,2.348,0.0
2020-12-04,2.371,2.371,2.371,2.371,0.0
2020-12-07,2.348,2.348,2.348,2.348,0.0
2020-12-08,2.336,2.336,2.336,2.336,0.0
2020-12-09,2.353,2.353,2.353,2.353,0.0
2020-12-10,2.358,2.358,2.358,2.358,0.0
2020-12-11,2.364,2.364,2.364,2.364,0.0
2020-12-14,2.369,2.369,2.369,2.369,0.0
2020-12-15,2.354,2.354,2.354,2.354,0.0
2020-12-16,2.366,2.366,2.366,2.366,0.0
2020-12-17,2.354,2.354,2.354,2.354,0.0
2020-12-18,2.368,2.368,2.368,2.368,0.0
2020-12-21,2.339,2.339,2.339,2.339,0.0
2020-12-22,2.338,2.338,2.338,2.338,0.0
2020-12-23,2.323,2.323,2.323,2.323,0.0
2020-12-24,2.323,2.323,2.323,2.323,0.0
2020-12-28,2.261,2.261,2.261,2.261,0.0
2020-12-29,2.315,2.315,2.315,2.315,0.0
2020-12-30,2.299,2.299,2.299,2.299,0.0
2020-12-31,2.318,2.318,2.318,2.318,0.0
2021-01-04,2.326,2.326,2.326,2.326,6.0
2021-01-05,2.344,2.344,2.344,2.344,0.0
2021-01-06,2.377,2.377,2.377,2.377,0.0
2021-01-07,2.363,2.363,2.363,2.363,0.0
2021-01-08,2.347,2.347,2.347,2.347,0.0
2021-01-11,2.342,2.342,2.342,2.342,0.0
2021-01-12,2.354,2.354,2.354,2.354,0.0
2021-01-13,2.375,2.375,2.375,2.375,0.0
2021-01-14,2.323,2.323,2.323,2.323,0.0
2021-01-15,2.354,2.354,2.354,2.354,0.0
2021-01-19,2.338,2.338,2.338,2.338,0.0
2021-01-20,2.352,2.352,2.352,2.352,0.0
2021-01-21,2.356,2.356,2.356,2.356,0.0
2021-01-22,2.371,2.371,2.371,2.371,0.0
2021-01-25,2.356,2.356,2.356,2.356,0.0
2021-01-26,2.385,2.385,2.385,2.385,0.0
2021-01-27,2.39,2.39,2.39,2.39,0.0
2021-01-28,2.389,2.389,2.389,2.389,0.0
2021-01-29,2.386,2.386,2.386,2.386,0.0
2021-02-01,2.39,2.39,2.39,2.39,0.0
2021-02-02,2.376,2.376,2.376,2.376,0.0
2021-02-03,2.362,2.362,2.362,2.362,0.0
2021-02-04,2.352,2.352,2.352,2.352,0.0
2021-02-05,2.352,2.355,2.352,2.355,10.0
2021-02-08,2.375,2.375,2.375,2.375,0.0
2021-02-09,2.383,2.383,2.383,2.383,0.0
2021-02-10,2.388,2.388,2.388,2.388,9.0
2021-02-11,2.375,2.375,2.375,2.375,0.0
2021-02-12,2.369,2.369,2.369,2.369,0.0
2021-02-16,2.386,2.386,2.386,2.386,0.0
2021-02-17,2.381,2.381,2.381,2.381,0.0
2021-02-18,2.379,2.379,2.379,2.379,0.0
2021-02-19,2.375,2.375,2.375,2.375,0.0
2021-02-22,2.377,2.377,2.377,2.377,0.0
2021-02-23,2.375,2.375,2.375,2.375,0.0
2021-02-24,2.369,2.369,2.369,2.369,0.0
2021-02-25,2.347,2.347,2.347,2.347,0.0
2021-02-26,2.358,2.358,2.358,2.358,0.0
2021-03-01,2.371,2.371,2.371,2.371,0.0
2021-03-02,2.38,2.38,2.38,2.38,0.0
2021-03-03,2.373,2.373,2.373,2.373,0.0
2021-03-04,2.353,2.353,2.353,2.353,0.0
2021-03-05,2.359,2.359,2.359,2.359,0.0
2021-03-08,2.382,2.382,2.382,2.382,0.0
2021-03-09,2.395,2.395,2.395,2.395,0.0
2021-03-10,2.407,2.407,2.407,2.407,0.0
2021-03-11,2.402,2.402,2.402,2.402,0.0
2021-03-12,2.4,2.4,2.4,2.4,0.0
2021-03-15,2.363,2.363,2.363,2.363,0.0
2021-03-16,2.385,2.385,2.385,2.385,0.0
2021-03-17,2.366,2.366,2.366,2.366,0.0
2021-03-18,2.365,2.365,2.365,2.365,0.0
2021-03-19,2.371,2.371,2.371,2.371,0.0
2021-03-22,2.367,2.367,2.367,2.367,0.0
2021-03-23,2.381,2.381,2.381,2.381,0.0
2021-03-24,2.384,2.384,2.384,2.384,0.0
2021-03-25,2.384,2.384,2.384,2.384,0.0
2021-03-26,2.38,2.38,2.38,2.38,0.0
2021-03-29,2.385,2.385,2.385,2.385,0.0
2021-03-30,2.387,2.387,2.387,2.387,0.0
2021-03-31,2.408,2.408,2.408,2.408,0.0
2021-04-01,2.423,2.423,2.423,2.423,0.0
2021-04-05,2.41,2.41,2.41,2.41,0.0
2021-04-06,2.382,2.382,2.382,2.382,0.0
2021-04-07,2.385,2.385,2.385,2.385,0.0
2021-04-08,2.405,2.405,2.39,2.39,5.0
2021-04-09,2.424,2.424,2.424,2.424,0.0
2021-04-12,2.433,2.433,2.433,2.433,0.0
2021-04-13,2.426,2.426,2.426,2.426,0.0
2021-04-14,2.446,2.446,2.446,2.446,0.0
2021-04-15,2.452,2.452,2.452,2.452,0.0
2021-04-16,2.465,2.465,2.465,2.465,0.0
2021-04-19,2.459,2.459,2.459,2.459,0.0
2021-04-20,2.434,2.434,2.434,2.434,0.0
2021-04-21,2.42,2.42,2.42,2.42,0.0
2021-04-22,2.41,2.41,2.41,2.41,0.0
2021-04-23,2.418,2.418,2.418,2.418,0.0
2021-04-26,2.406,2.406,2.406,2.406,0.0
2021-04-27,2.417,2.417,2.417,2.417,0.0
2021-04-28,2.419,2.419,2.419,2.419,0.0
2021-04-29,2.429,2.429,2.421,2.421,1.0
2021-04-30,2.43,2.43,2.43,2.43,0.0
2021-05-03,2.433,2.433,2.433,2.433,0.0
2021-05-04,2.442,2.442,2.442,2.442,0.0
2021-05-05,2.444,2.444,2.444,2.444,0.0
2021-05-06,2.434,2.434,2.434,2.434,0.0
2021-05-07,2.441,2.441,2.441,2.441,0.0
2021-05-10,2.444,2.444,2.444,2.444,0.0
2021-05-11,2.441,2.441,2.441,2.441,0.0
2021-05-12,2.44,2.44,2.44,2.44,0.0
2021-05-13,2.43,2.43,2.43,2.43,0.0
2021-05-14,2.436,2.436,2.436,2.436,0.0
2021-05-17,2.44,2.44,2.44,2.44,0.0
2021-05-18,2.424,2.424,2.424,2.424,0.0
2021-05-19,2.428,2.428,2.428,2.428,0.0
2021-05-20,2.43,2.43,2.43,2.43,0.0
2021-05-21,2.44,2.44,2.44,2.44,0.0
2021-05-24,2.434,2.434,2.434,2.434,0.0
2021-05-25,2.445,2.445,2.445,2.445,0.0
2021-05-26,2.444,2.444,2.444,2.444,0.0
2021-05-27,2.441,2.441,2.441,2.441,0.0
2021-05-28,2.451,2.451,2.451,2.451,0.0
2021-06-01,2.463,2.463,2.463,2.463,0.0
2021-06-02,2.468,2.468,2.468,2.468,0.0
2021-06-03,2.485,2.485,2.485,2.485,0.0
2021-06-04,2.536,2.536,2.536,2.536,0.0
2021-06-07,2.507,2.507,2.507,2.507,60.0
2021-06-08,2.488,2.488,2.488,2.488,0.0
2021-06-09,2.493,2.493,2.493,2.493,0.0
2021-06-10,2.482,2.482,2.482,2.482,0.0
2021-06-11,2.481,2.481,2.481,2.481,0.0
2021-06-14,2.49,2.49,2.49,2.49,0.0
2021-06-15,2.475,2.475,2.475,2.475,0.0
2021-06-16,2.503,2.503,2.503,2.503,0.0
2021-06-17,2.508,2.508,2.508,2.508,0.0
2021-06-18,2.502,2.502,2.502,2.502,0.0
2021-06-21,2.499,2.499,2.499,2.499,0.0
2021-06-22,2.499,2.499,2.499,2.499,0.0
2021-06-23,2.5,2.5,2.5,2.5,0.0
2021-06-24,2.488,2.488,2.488,2.488,0.0
2021-06-25,2.501,2.501,2.501,2.501,0.0
2021-06-28,2.511,2.511,2.511,2.511,0.0
2021-06-29,2.544,2.544,2.544,2.544,0.0
2021-06-30,2.546,2.546,2.546,2.546,0.0
2021-07-01,2.534,2.534,2.534,2.534,0.0
2021-07-02,2.526,2.526,2.526,2.526,0.0
2021-07-06,2.518,2.518,2.518,2.518,0.0
2021-07-07,2.53,2.53,2.53,2.53,0.0
2021-07-08,2.537,2.537,2.537,2.537,0.0
2021-07-09,2.556,2.556,2.556,2.556,0.0
2021-07-12,2.569,2.569,2.569,2.569,0.0
2021-07-13,2.568,2.568,2.568,2.568,0.0
2021-07-14,2.561,2.561,2.561,2.561,0.0
2021-07-15,2.556,2.556,2.556,2.556,0.0
2021-07-16,2.562,2.562,2.562,2.562,0.0
2021-07-19,2.572,2.572,2.572,2.572,0.0
2021-07-20,2.584,2.584,2.584,2.584,0.0
2021-07-21,2.585,2.585,2.585,2.585,0.0
2021-07-22,2.587,2.587,2.587,2.587,0.0
2021-07-23,2.593,2.593,2.593,2.593,0.0
2021-07-26,2.601,2.601,2.601,2.601,0.0
2021-07-27,2.578,2.578,2.578,2.578,0.0
2021-07-28,2.57,2.57,2.57,2.57,0.0
2021-07-29,2.578,2.578,2.578,2.578,0.0
2021-07-30,2.598,2.598,2.598,2.598,0.0
2021-08-02,2.628,2.628,2.628,2.628,0.0
2021-08-03,2.61,2.61,2.61,2.61,0.0
2021-08-04,2.621,2.621,2.621,2.621,42.0
2021-08-05,2.631,2.631,2.631,2.631,0.0
2021-08-06,2.64,2.64,2.64,2.64,0.0
2021-08-09,2.643,2.643,2.643,2.643,5.0
2021-08-10,2.64,2.64,2.64,2.64,0.0
2021-08-11,2.685,2.685,2.655,2.655,1.0
2021-08-12,2.703,2.703,2.703,2.703,0.0
2021-08-13,2.663,2.663,2.663,2.663,5.0
2021-08-16,2.666,2.666,2.666,2.666,0.0
2021-08-17,2.674,2.674,2.674,2.674,0.0
2021-08-18,2.672,2.672,2.672,2.672,0.0
2021-08-19,2.665,2.665,2.665,2.665,11.0
2021-08-20,2.649,2.649,2.649,2.649,11.0
2021-08-23,2.651,2.651,2.651,2.651,0.0
2021-08-24,2.661,2.661,2.661,2.661,0.0
2021-08-25,2.679,2.679,2.662,2.662,30.0
2021-08-26,2.689,2.689,2.677,2.677,5.0
2021-08-27,2.674,2.674,2.674,2.674,0.0
2021-08-30,2.665,2.665,2.665,2.665,0.0
2021-08-31,2.655,2.655,2.655,2.655,0.0
2021-09-01,2.65,2.65,2.65,2.65,0.0
2021-09-02,2.659,2.659,2.659,2.659,0.0
2021-09-03,2.663,2.663,2.663,2.663,56.0
2021-09-07,2.674,2.674,2.674,2.674,5.0
2021-09-08,2.702,2.702,2.702,2.702,0.0
2021-09-09,2.743,2.743,2.743,2.743,0.0
2021-09-10,2.765,2.765,2.745,2.745,7.0
2021-09-13,2.77,2.77,2.77,2.77,7.0
2021-09-14,2.752,2.752,2.752,2.752,0.0
2021-09-15,2.72,2.72,2.72,2.72,0.0
2021-09-16,2.738,2.738,2.708,2.708,2.0
2021-09-17,2.71,2.71,2.71,2.71,2.0
2021-09-20,2.732,2.732,2.732,2.732,0.0
2021-09-21,2.757,2.757,2.757,2.757,0.0
2021-09-22,2.774,2.774,2.774,2.774,0.0
2021-09-23,2.819,2.819,2.819,2.819,0.0
2021-09-24,2.832,2.832,2.832,2.832,0.0
2021-09-27,2.887,2.887,2.887,2.887,0.0
2021-09-28,2.835,2.835,2.835,2.835,0.0
2021-09-29,2.88,2.88,2.88,2.88,0.0
2021-09-30,2.95,2.95,2.947,2.947,6.0
2021-10-01,2.948,2.967,2.948,2.952,23.0
2021-10-04,2.982,2.982,2.975,2.975,3.0
2021-10-05,3.038,3.038,3.015,3.015,7.0
2021-10-06,3.019,3.019,3.019,3.019,7.0
2021-10-07,3.03,3.03,3.03,3.03,0.0
2021-10-08,3.07,3.07,3.066,3.066,5.0
2021-10-11,3.066,3.068,3.066,3.068,3.0
2021-10-12,3.071,3.071,3.071,3.071,3.0
2021-10-13,3.073,3.073,3.065,3.065,3.0
2021-10-14,3.1,3.1,3.089,3.089,7.0
2021-10-15,3.092,3.092,3.092,3.092,0.0
2021-10-18,3.102,3.102,3.098,3.098,117.0
2021-10-19,3.098,3.098,3.082,3.082,5.0
2021-10-20,3.089,3.089,3.079,3.079,11.0
2021-10-21,3.094,3.114,3.087,3.087,34.0
2021-10-22,3.088,3.088,3.078,3.078,1.0
2021-10-25,3.132,3.14,3.132,3.14,2.0
2021-10-26,3.14,3.16,3.118,3.118,517.0
2021-10-27,3.118,3.118,3.09,3.09,1.0
2021-10-28,3.079,3.079,3.079,3.079,0.0
2021-10-29,3.083,3.083,3.03,3.03,24.0
2021-11-01,3.0,3.0,2.943,2.943,80.0
2021-11-02,2.976,2.976,2.976,2.976,0.0
2021-11-03,2.94,2.941,2.923,2.923,30.0
2021-11-04,2.947,2.947,2.947,2.947,0.0
2021-11-05,2.918,2.918,2.918,2.918,0.0
2021-11-08,2.91,2.91,2.893,2.893,35.0
2021-11-09,2.907,2.907,2.907,2.907,0.0
2021-11-10,2.953,2.953,2.953,2.953,0.0
2021-11-11,3.007,3.007,2.983,2.983,3.0
2021-11-12,2.965,2.965,2.965,2.965,41.0
2021-11-15,3.0,3.0,2.978,2.978,2.0
2021-11-16,3.024,3.024,3.024,3.024,0.0
2021-11-17,3.009,3.009,3.009,3.009,0.0
2021-11-18,2.979,2.979,2.979,2.979,0.0
2021-11-19,2.971,2.971,2.971,2.971,0.0
2021-11-22,2.96,2.96,2.933,2.933,2.0
2021-11-23,2.98,2.98,2.98,2.98,0.0
2021-11-24,3.001,3.001,3.001,3.001,0.0
2021-11-26,3.04,3.04,3.04,3.04,0.0
2021-11-29,3.025,3.025,3.007,3.007,2.0
2021-11-30,2.98,2.98,2.98,2.98,0.0
2021-12-01,2.966,2.966,2.966,2.966,0.0
2021-12-02,2.962,2.962,2.962,2.962,0.0
2021-12-03,2.999,2.999,2.972,2.972,3.0
2021-12-06,2.958,2.958,2.958,2.958,0.0
2021-12-07,2.999,2.999,2.97,2.97,2.0
2021-12-08,2.943,2.943,2.943,2.943,0.0
2021-12-09,2.96,2.96,2.96,2.96,0.0
2021-12-10,2.978,2.978,2.978,2.978,5.0
2021-12-13,2.947,2.947,2.947,2.947,0.0
2021-12-14,2.953,2.953,2.953,2.953,0.0
2021-12-15,2.988,2.988,2.954,2.954,12.0
2021-12-16,2.939,2.939,2.939,2.939,0.0
2021-12-17,2.928,2.928,2.928,2.928,0.0
2021-12-20,2.97,2.976,2.97,2.976,4.0
2021-12-21,2.957,2.957,2.957,2.957,0.0
2021-12-22,2.959,2.959,2.959,2.959,0.0
2021-12-23,2.912,2.912,2.912,2.912,0.0
2021-12-27,2.901,2.901,2.901,2.901,0.0
2021-12-28,2.94,2.94,2.895,2.895,1.0
2021-12-29,2.904,2.904,2.904,2.904,0.0
2021-12-30,2.925,2.925,2.871,2.871,2.0
2021-12-31,2.89,2.89,2.89,2.89,0.0
2022-01-03,2.927,2.927,2.927,2.927,0.0
2022-01-04,2.923,2.923,2.923,2.923,0.0
2022-01-05,2.941,2.941,2.941,2.941,0.0
2022-01-06,2.954,2.954,2.954,2.954,0.0
2022-01-07,2.977,2.987,2.977,2.987,1.0
2022-01-10,2.992,2.992,2.992,2.992,0.0
2022-01-11,2.989,2.989,2.989,2.989,0.0
2022-01-12,2.975,2.98,2.962,2.962,11.0
2022-01-13,2.965,2.965,2.965,2.965,0.0
2022-01-14,2.941,2.941,2.941,2.941,0.0
2022-01-18,2.952,2.952,2.952,2.952,0.0
2022-01-19,2.971,2.971,2.971,2.971,1.0
2022-01-20,2.938,2.938,2.938,2.938,1.0
2022-01-21,2.964,2.964,2.964,2.964,0.0
2022-01-24,2.987,2.987,2.972,2.972,2.0
2022-01-25,3.009,3.009,3.009,3.009,0.0
2022-01-26,3.009,3.02,3.009,3.02,52.0
2022-01-27,3.005,3.005,3.005,3.005,15.0
2022-01-28,3.02,3.039,3.02,3.039,5.0
2022-01-31,3.048,3.048,3.048,3.048,0.0
2022-02-01,3.037,3.037,3.037,3.037,0.0
2022-02-02,3.054,3.054,3.054,3.054,35.0
2022-02-03,3.021,3.021,3.021,3.021,0.0
2022-02-04,3.101,3.101,3.101,3.101,13.0
2022-02-07,3.098,3.111,3.098,3.111,1.0
2022-02-08,3.131,3.131,3.131,3.131,50.0
2022-02-09,3.098,3.098,3.098,3.098,5.0
2022-02-10,3.103,3.103,3.103,3.103,0.0
2022-02-11,3.118,3.118,3.118,3.118,62.0
2022-02-14,3.137,3.137,3.137,3.137,15.0
2022-02-15,3.13,3.13,3.13,3.13,0.0
2022-02-16,3.15,3.15,3.15,3.15,6.0
2022-02-17,3.137,3.137,3.137,3.137,200.0
2022-02-18,3.14,3.14,3.14,3.14,10.0
2022-02-22,3.15,3.15,3.15,3.15,20.0
2022-02-23,3.201,3.201,3.201,3.201,0.0
2022-02-24,3.206,3.206,3.206,3.206,0.0
2022-02-25,3.15,3.15,3.107,3.107,36.0
2022-02-28,3.068,3.068,3.068,3.068,0.0
2022-03-01,3.13,3.13,3.102,3.102,1.0
2022-03-02,3.156,3.156,3.156,3.156,2.0
2022-03-03,3.176,3.176,3.156,3.156,3.0
2022-03-04,3.209,3.209,3.209,3.209,9.0
2022-03-07,3.22,3.22,3.204,3.204,53.0
2022-03-08,3.229,3.229,3.197,3.197,3.0
2022-03-09,3.166,3.166,3.166,3.166,12.0
2022-03-10,3.201,3.201,3.201,3.201,8.0
2022-03-11,3.223,3.223,3.21,3.21,1.0
2022-03-14,3.22,3.225,3.209,3.209,5.0
2022-03-15,3.174,3.174,3.174,3.174,5.0
2022-03-16,3.188,3.188,3.188,3.188,3.0
2022-03-17,3.21,3.21,3.21,3.21,8.0
2022-03-18,3.23,3.23,3.209,3.209,4.0
2022-03-21,3.22,3.22,3.22,3.22,56.0
2022-03-22,3.257,3.257,3.257,3.257,24.0
2022-03-23,3.268,3.268,3.268,3.268,2.0
2022-03-24,3.31,3.31,3.31,3.31,400.0
2022-03-25,3.43,3.43,3.406,3.406,2.0
2022-03-28,3.389,3.389,3.389,3.389,2.0
2022-03-29,3.387,3.387,3.387,3.387,0.0
2022-03-30,3.43,3.436,3.43,3.436,2.0
2022-03-31,3.472,3.472,3.472,3.472,528.0
2022-04-01,3.522,3.522,3.522,3.522,3.0
2022-04-04,3.614,3.614,3.578,3.593,99.0
2022-04-05,3.684,3.684,3.684,3.684,46.0
2022-04-06,3.741,3.741,3.741,3.741,8.0
2022-04-07,3.756,3.758,3.756,3.758,89.0
2022-04-08,3.766,3.766,3.766,3.766,15.0
2022-04-11,3.81,3.834,3.81,3.834,22.0
2022-04-12,3.9,3.9,3.884,3.884,52.0
2022-04-13,3.888,3.92,3.888,3.92,20.0
2022-04-14,3.972,3.972,3.931,3.938,71.0
2022-04-18,4.016,4.016,4.016,4.016,12.0
2022-04-19,3.937,3.961,3.923,3.961,75.0
2022-04-20,3.9,3.92,3.866,3.866,20.0
2022-04-21,3.81,3.81,3.746,3.746,19.0
2022-04-22,3.6,3.6,3.542,3.542,69.0
2022-04-25,3.579,3.579,3.579,3.579,19.0
2022-04-26,3.677,3.677,3.677,3.677,25.0
2022-04-27,3.77,3.77,3.7,3.704,10.0
2022-04-28,3.68,3.681,3.664,3.681,16.0
2022-04-29,3.78,3.78,3.76,3.76,14.0
2022-05-02,3.924,3.924,3.924,3.924,6.0
2022-05-03,3.951,3.951,3.951,3.951,3.0
2022-05-04,4.024,4.024,4.024,4.024,0.0
2022-05-05,4.035,4.071,4.035,4.071,44.0
2022-05-06,3.994,3.994,3.994,3.994,26.0
2022-05-09,3.884,3.884,3.849,3.849,66.0
2022-05-10,3.84,3.84,3.84,3.84,168.0
2022-05-11,3.85,3.859,3.85,3.859,22.0
2022-05-12,3.848,3.848,3.848,3.848,90.0
2022-05-13,3.875,3.875,3.875,3.875,4.0
2022-05-16,3.93,3.93,3.93,3.93,54.0
2022-05-17,3.99,3.99,3.99,3.99,9.0
2022-05-18,4.054,4.054,4.054,4.054,0.0
2022-05-19,4.03,4.03,4.004,4.004,1.0
2022-05-20,4.043,4.043,4.043,4.043,36.0
2022-05-23,4.1,4.117,4.1,4.101,26.0
2022-05-24,4.105,4.131,4.105,4.107,18.0
2022-05-25,4.2,4.2,4.143,4.143,15.0
2022-05-26,4.21,4.21,4.172,4.172,61.0
2022-05-27,4.172,4.203,4.172,4.203,38.0
2022-05-31,4.177,4.177,4.177,4.177,56.0
2022-06-01,4.367,4.367,4.367,4.367,126.0
2022-06-02,4.401,4.438,4.401,4.438,16.0
2022-06-03,4.514,4.514,4.514,4.514,8.0
2022-06-06,4.674,4.674,4.674,4.674,67.0
2022-06-07,4.705,4.72,4.68,4.72,97.0
2022-06-08,4.789,4.84,4.769,4.769,181.0
2022-06-09,4.738,4.95,4.738,4.938,345.0
2022-06-10,4.972,4.972,4.94,4.962,79.0
2022-06-13,4.947,4.947,4.908,4.908,160.0
2022-06-14,4.869,4.869,4.756,4.756,49.0
2022-06-15,4.87,4.87,4.8,4.803,98.0
2022-06-16,4.725,4.725,4.725,4.725,49.0
2022-06-17,4.656,4.656,4.478,4.478,48.0
2022-06-21,4.48,4.48,4.453,4.453,87.0
2022-06-22,4.5,4.51,4.477,4.477,25.0
2022-06-23,4.427,4.46,4.427,4.438,80.0
2022-06-24,4.405,4.405,4.3,4.312,55.0
2022-06-27,4.342,4.352,4.342,4.352,103.0
2022-06-28,4.45,4.45,4.332,4.332,145.0
2022-06-29,4.359,4.359,4.359,4.359,2.0
2022-06-30,4.15,4.15,4.11,4.13,138.0
2022-07-01,4.134,4.134,4.106,4.106,147.0
2022-07-05,4.1,4.12,4.004,4.004,72.0
2022-07-06,3.986,4.049,3.974,4.043,120.0
2022-07-07,4.22,4.231,4.22,4.231,25.0
2022-07-08,4.215,4.219,4.208,4.208,3.0
2022-07-11,4.246,4.246,4.246,4.246,45.0
2022-07-12,4.279,4.279,4.22,4.22,18.0
2022-07-13,4.309,4.309,4.309,4.309,0.0
2022-07-14,4.267,4.267,4.267,4.267,54.0
2022-07-15,4.326,4.341,4.326,4.341,1.0
2022-07-18,4.405,4.405,4.358,4.358,27.0
2022-07-19,4.33,4.33,4.303,4.303,3.0
2022-07-20,4.366,4.426,4.366,4.426,6.0
2022-07-21,4.415,4.426,4.348,4.359,41.0
2022-07-22,4.382,4.418,4.382,4.388,19.0
2022-07-25,4.442,4.442,4.442,4.442,14.0
2022-07-26,4.467,4.472,4.431,4.433,58.0
2022-07-27,4.436,4.436,4.378,4.378,19.0
2022-07-28,4.376,4.376,4.338,4.338,10.0
2022-07-29,4.371,4.371,4.323,4.323,119.0
2022-08-01,4.33,4.356,4.33,4.356,2.0
2022-08-02,4.28,4.28,4.277,4.277,129.0
2022-08-03,4.27,4.355,4.27,4.355,47.0
2022-08-04,4.32,4.335,4.32,4.335,91.0
2022-08-05,4.354,4.354,4.354,4.354,62.0
2022-08-08,4.311,4.311,4.311,4.311,134.0
2022-08-09,4.36,4.36,4.339,4.355,34.0
2022-08-10,4.335,4.393,4.335,4.393,49.0
2022-08-11,4.38,4.512,4.38,4.5,158.0
2022-08-12,4.5,4.5,4.481,4.481,5.0
2022-08-15,4.611,4.611,4.611,4.611,1.0
2022-08-16,4.713,4.76,4.706,4.706,99.0
2022-08-17,4.705,4.705,4.686,4.686,47.0
2022-08-18,4.681,4.681,4.657,4.68,133.0
2022-08-19,4.7,4.7,4.675,4.675,9.0
2022-08-22,4.75,4.75,4.712,4.739,92.0
2022-08-23,4.765,4.766,4.734,4.734,73.0
2022-08-24,4.737,4.738,4.73,4.73,38.0
2022-08-25,4.75,4.812,4.75,4.812,78.0
2022-08-26,4.836,4.852,4.83,4.83,47.0
2022-08-29,4.86,4.887,4.83,4.887,34.0
2022-08-30,4.87,4.885,4.87,4.872,163.0
2022-08-31,4.843,4.888,4.843,4.863,35.0
2022-09-01,4.902,4.926,4.902,4.926,26.0
2022-09-02,4.95,4.95,4.892,4.892,217.0
2022-09-06,4.88,4.93,4.782,4.794,74.0
2022-09-07,4.701,4.701,4.626,4.633,87.0
2022-09-08,4.584,4.584,4.584,4.584,17.0
2022-09-09,4.65,4.66,4.65,4.654,184.0
2022-09-12,4.674,4.674,4.674,4.674,21.0
2022-09-13,4.686,4.709,4.686,4.709,19.0
2022-09-14,4.84,4.865,4.84,4.842,97.0
2022-09-15,4.826,4.826,4.77,4.802,70.0
2022-09-16,4.737,4.76,4.736,4.76,83.0
2022-09-19,4.69,4.735,4.69,4.702,73.0
2022-09-20,4.675,4.675,4.604,4.604,123.0
2022-09-21,4.5,4.505,4.5,4.505,128.0
2022-09-22,4.491,4.491,4.396,4.396,233.0
2022-09-23,4.365,4.37,4.355,4.356,219.0
2022-09-26,4.38,4.38,4.324,4.324,73.0
2022-09-27,4.279,4.326,4.277,4.326,68.0
2022-09-28,4.295,4.303,4.276,4.303,138.0
2022-09-29,4.296,4.351,4.291,4.331,180.0
2022-09-30,4.35,4.417,4.344,4.344,51.0
2022-10-03,4.32,4.333,4.29,4.333,124.0
2022-10-04,4.311,4.333,4.31,4.331,111.0
2022-10-05,4.265,4.298,4.25,4.298,227.0
2022-10-06,4.27,4.27,4.244,4.27,298.0
2022-10-07,4.25,4.275,4.238,4.271,110.0
2022-10-10,4.283,4.291,4.26,4.29,121.0
2022-10-11,4.271,4.321,4.268,4.321,234.0
2022-10-12,4.32,4.347,4.307,4.322,127.0
2022-10-13,4.3,4.316,4.293,4.316,119.0
2022-10-14,4.291,4.33,4.287,4.305,113.0
2022-10-17,4.254,4.306,4.232,4.306,238.0
2022-10-18,4.326,4.326,4.24,4.246,98.0
2022-10-19,4.209,4.209,4.18,4.195,163.0
2022-10-20,4.198,4.205,4.189,4.195,197.0
2022-10-21,4.099,4.13,4.097,4.107,176.0
2022-10-24,4.116,4.15,4.116,4.136,111.0
2022-10-25,4.166,4.211,4.166,4.19,171.0
2022-10-26,4.188,4.217,4.188,4.217,63.0
2022-10-27,4.211,4.216,4.159,4.19,111.0
2022-10-28,4.168,4.175,4.167,4.167,55.0
2022-10-31,4.195,4.213,4.195,4.213,73.0
2022-11-01,4.184,4.185,4.172,4.176,43.0
2022-11-02,4.231,4.231,4.168,4.187,116.0
2022-11-03,4.165,4.191,4.145,4.191,454.0
2022-11-04,4.272,4.284,4.234,4.242,1581.0
2022-11-07,4.332,4.343,4.288,4.312,414.0
2022-11-08,4.3,4.3,4.216,4.225,256.0
2022-11-09,4.199,4.211,4.177,4.188,192.0
2022-11-10,4.202,4.264,4.202,4.249,73.0
2022-11-11,4.275,4.275,4.202,4.239,148.0
2022-11-14,4.265,4.265,4.201,4.204,84.0
2022-11-15,4.21,4.235,4.208,4.228,261.0
2022-11-16,4.2,4.262,4.2,4.251,246.0
2022-11-17,4.26,4.278,4.245,4.259,287.0
2022-11-18,4.235,4.279,4.235,4.279,246.0
2022-11-21,4.286,4.286,4.252,4.268,424.0
2022-11-22,4.233,4.256,4.233,4.256,306.0
2022-11-23,4.36,4.36,4.239,4.259,257.0
2022-11-25,4.278,4.278,4.261,4.265,271.0
2022-11-28,4.221,4.24,4.205,4.228,212.0
2022-11-29,4.261,4.261,4.221,4.247,381.0
2022-11-30,4.257,4.27,4.236,4.27,115.0
2022-12-01,4.291,4.291,4.246,4.275,312.0
2022-12-02,4.26,4.275,4.216,4.263,162.0
2022-12-05,4.179,4.24,4.179,4.209,252.0
2022-12-06,4.19,4.19,4.101,4.114,615.0
2022-12-07,4.126,4.129,4.095,4.116,386.0
2022-12-08,4.235,4.243,4.108,4.136,487.0
2022-12-09,4.103,4.155,4.103,4.128,108.0
2022-12-12,4.23,4.239,4.167,4.173,687.0
2022-12-13,4.246,4.249,4.199,4.22,707.0
2022-12-14,4.195,4.213,4.187,4.193,257.0
2022-12-15,4.218,4.234,4.208,4.224,327.0
2022-12-16,4.191,4.276,4.183,4.267,494.0
2022-12-19,4.19,4.263,4.189,4.263,261.0
2022-12-20,4.19,4.19,4.119,4.132,1059.0
2022-12-21,4.099,4.134,4.077,4.114,254.0
2022-12-22,4.046,4.133,3.972,3.986,1333.0
2022-12-23,4.003,4.003,3.907,3.907,737.0
2022-12-27,3.908,3.937,3.891,3.934,94.0
2022-12-28,3.903,3.911,3.848,3.897,314.0
2022-12-29,3.84,3.878,3.84,3.877,112.0
2022-12-30,3.828,3.908,3.816,3.891,319.0
2023-01-03,3.825,3.851,3.748,3.754,585.0
2023-01-04,3.793,3.812,3.767,3.782,263.0
2023-01-05,3.77,3.791,3.588,3.588,940.0
2023-01-06,3.553,3.602,3.55,3.584,404.0
2023-01-09,3.629,3.736,3.629,3.732,1529.0
2023-01-10,3.706,3.709,3.614,3.647,836.0
2023-01-11,3.658,3.695,3.556,3.668,499.0
2023-01-12,3.694,3.742,3.666,3.715,285.0
2023-01-13,3.668,3.691,3.656,3.674,504.0
2023-01-17,3.736,3.736,3.685,3.694,703.0
2023-01-18,3.679,3.679,3.605,3.639,922.0
2023-01-19,3.653,3.682,3.643,3.682,475.0
2023-01-20,3.7,3.703,3.642,3.66,473.0
2023-01-23,3.693,3.693,3.602,3.682,664.0
2023-01-24,3.664,3.679,3.596,3.599,596.0
2023-01-25,3.585,3.585,3.553,3.567,573.0
2023-01-26,3.523,3.545,3.49,3.531,811.0
2023-01-27,3.549,3.549,3.513,3.527,523.0
2023-01-30,3.464,3.505,3.459,3.496,558.0
2023-01-31,3.497,3.533,3.465,3.5,368.0
2023-02-01,3.513,3.513,3.369,3.38,924.0
2023-02-02,3.387,3.389,3.306,3.328,378.0
2023-02-03,3.302,3.327,3.253,3.308,714.0
2023-02-06,3.354,3.354,3.252,3.278,801.0
2023-02-07,3.325,3.429,3.294,3.427,1238.0
2023-02-08,3.461,3.461,3.3,3.326,1330.0
2023-02-09,3.299,3.327,3.29,3.298,549.0
2023-02-10,3.329,3.33,3.287,3.322,595.0
2023-02-13,3.349,3.349,3.286,3.318,455.0
2023-02-14,3.335,3.348,3.325,3.346,373.0
2023-02-15,3.318,3.351,3.309,3.33,402.0
2023-02-16,3.36,3.36,3.285,3.32,672.0
2023-02-17,3.33,3.33,3.242,3.247,696.0
2023-02-21,3.271,3.277,3.113,3.129,1316.0
2023-02-22,3.092,3.211,3.092,3.178,673.0
2023-02-23,3.18,3.257,3.18,3.231,1429.0
2023-02-24,3.266,3.335,3.261,3.323,1391.0
2023-02-27,3.333,3.384,3.327,3.357,691.0
2023-02-28,3.342,3.404,3.306,3.404,740.0
2023-03-01,3.415,3.513,3.388,3.499,3391.0
2023-03-02,3.506,3.543,3.498,3.538,819.0
2023-03-03,3.556,3.656,3.531,3.646,1184.0
2023-03-06,3.484,3.552,3.423,3.518,2473.0
2023-03-07,3.534,3.624,3.52,3.616,1329.0
2023-03-08,3.584,3.585,3.514,3.57,1198.0
2023-03-09,3.564,3.582,3.461,3.511,749.0
2023-03-10,3.498,3.498,3.421,3.438,1155.0
2023-03-13,3.456,3.501,3.368,3.499,1307.0
2023-03-14,3.469,3.5,3.457,3.477,679.0
2023-03-15,3.45,3.45,3.342,3.351,840.0
2023-03-16,3.363,3.434,3.345,3.412,1012.0
2023-03-17,3.368,3.368,3.315,3.324,685.0
2023-03-20,3.307,3.321,3.263,3.272,472.0
2023-03-21,3.288,3.444,3.249,3.435,863.0
2023-03-22,3.412,3.413,3.341,3.362,1036.0
2023-03-23,3.384,3.421,3.357,3.394,541.0
2023-03-24,3.382,3.419,3.372,3.419,678.0
2023-03-27,3.379,3.386,3.336,3.365,971.0
2023-03-28,3.361,3.365,3.313,3.328,953.0
2023-03-29,3.325,3.37,3.271,3.351,1461.0
2023-03-30,3.31,3.316,3.258,3.293,434.0
2023-03-31,3.267,3.38,3.25,3.372,834.0
2023-04-03,3.294,3.304,3.26,3.282,979.0
2023-04-04,3.264,3.311,3.26,3.303,2635.0
2023-04-05,3.267,3.321,3.239,3.273,597.0
2023-04-06,3.254,3.254,3.172,3.199,732.0
2023-04-10,3.212,3.274,3.203,3.261,794.0
2023-04-11,3.285,3.302,3.219,3.255,1538.0
2023-04-12,3.208,3.217,3.185,3.207,1136.0
2023-04-13,3.188,3.197,3.126,3.146,721.0
2023-04-14,3.14,3.215,3.108,3.191,747.0
2023-04-17,3.224,3.284,3.22,3.283,1996.0
2023-04-18,3.264,3.316,3.232,3.309,715.0
2023-04-19,3.326,3.326,3.213,3.253,1107.0
2023-04-20,3.252,3.301,3.207,3.301,774.0
2023-04-21,3.262,3.32,3.246,3.298,1304.0
2023-04-24,3.294,3.367,3.274,3.367,1940.0
2023-04-25,3.322,3.359,3.31,3.359,748.0
2023-04-26,3.29,3.323,3.269,3.293,580.0
2023-04-27,3.314,3.33,3.278,3.32,1414.0
2023-04-28,3.303,3.4,3.293,3.345,1484.0
2023-05-01,3.336,3.352,3.288,3.295,1346.0
2023-05-02,3.315,3.315,3.237,3.25,1959.0
2023-05-03,3.265,3.265,3.186,3.221,1740.0
2023-05-04,3.22,3.22,3.167,3.196,1802.0
2023-05-05,3.179,3.227,3.168,3.206,665.0
2023-05-08,3.221,3.251,3.207,3.224,1190.0
2023-05-09,3.2,3.24,3.184,3.208,2245.0
2023-05-10,3.153,3.166,3.128,3.147,1499.0
2023-05-11,3.14,3.163,3.111,3.137,1650.0
2023-05-12,3.121,3.213,3.109,3.189,5042.0
2023-05-15,3.217,3.265,3.211,3.26,3106.0
2023-05-16,3.27,3.334,3.251,3.266,2758.0
2023-05-17,3.283,3.313,3.237,3.252,2041.0
2023-05-18,3.255,3.37,3.238,3.348,1680.0
2023-05-19,3.343,3.378,3.304,3.317,1271.0
2023-05-22,3.305,3.314,3.197,3.248,1841.0
2023-05-23,3.243,3.244,3.199,3.211,892.0
2023-05-24,3.218,3.273,3.217,3.271,1092.0
2023-05-25,3.287,3.287,3.21,3.237,1393.0
2023-05-26,3.231,3.278,3.184,3.247,1773.0
2023-05-30,3.209,3.268,3.175,3.208,3088.0
2023-05-31,3.176,3.221,3.116,3.133,3709.0
2023-06-01,3.117,3.125,3.057,3.102,4974.0
2023-06-02,3.103,3.149,3.09,3.135,2407.0
2023-06-05,3.154,3.192,3.14,3.171,2700.0
2023-06-06,3.157,3.165,3.113,3.164,2354.0
2023-06-07,3.149,3.193,3.146,3.193,3312.0
2023-06-08,3.17,3.21,3.131,3.179,2945.0
2023-06-09,3.156,3.162,3.114,3.138,921.0
2023-06-12,3.131,3.145,3.102,3.135,2833.0
2023-06-13,3.151,3.184,3.14,3.159,2473.0
2023-06-14,3.161,3.193,3.148,3.18,1599.0
2023-06-15,3.157,3.24,3.152,3.238,3365.0
2023-06-16,3.239,3.265,3.192,3.255,2316.0
2023-06-20,3.213,3.252,3.194,3.196,3153.0
2023-06-21,3.202,3.252,3.191,3.252,2701.0
2023-06-22,3.252,3.267,3.204,3.258,1691.0
2023-06-23,3.249,3.298,3.211,3.291,2291.0
2023-06-26,3.31,3.314,3.262,3.282,2472.0
2023-06-27,3.265,3.294,3.213,3.23,1909.0
2023-06-28,3.26,3.274,3.197,3.204,1318.0
2023-06-29,3.185,3.231,3.173,3.201,1553.0
2023-06-30,3.203,3.277,3.174,3.26,1723.0
2023-07-03,3.238,3.256,3.213,3.253,599.0
2023-07-05,3.262,3.293,3.214,3.228,683.0
2023-07-06,3.215,3.269,3.21,3.231,1399.0
2023-07-07,3.239,3.271,3.187,3.216,1059.0
2023-07-10,3.252,3.261,3.221,3.236,1299.0
2023-07-11,3.24,3.278,3.22,3.264,1121.0
2023-07-12,3.259,3.269,3.2,3.214,1430.0
2023-07-13,3.211,3.241,3.186,3.202,1292.0
2023-07-14,3.217,3.231,3.186,3.211,2202.0
2023-07-17,3.217,3.235,3.173,3.173,1213.0
2023-07-18,3.197,3.218,3.182,3.202,1267.0
2023-07-19,3.199,3.241,3.155,3.16,2450.0
2023-07-20,3.172,3.22,3.159,3.206,2175.0
2023-07-21,3.223,3.243,3.211,3.228,1160.0
2023-07-24,3.246,3.256,3.207,3.248,1034.0
2023-07-25,3.266,3.288,3.242,3.28,2577.0
2023-07-26,3.28,3.289,3.251,3.256,697.0
2023-07-27,3.268,3.27,3.191,3.212,1238.0
2023-07-28,3.222,3.26,3.191,3.232,1376.0
2023-07-31,3.214,3.242,3.196,3.229,1235.0
2023-08-01,3.236,3.244,3.155,3.189,2136.0
2023-08-02,3.18,3.193,3.134,3.153,1404.0
2023-08-03,3.145,3.169,3.128,3.165,2678.0
2023-08-04,3.156,3.177,3.141,3.171,1010.0
2023-08-07,3.174,3.238,3.164,3.231,1378.0
2023-08-08,3.221,3.27,3.209,3.264,1835.0
2023-08-09,3.261,3.352,3.253,3.337,9116.0
2023-08-10,3.322,3.338,3.285,3.291,2170.0
2023-08-11,3.325,3.346,3.271,3.326,1829.0
2023-08-14,3.338,3.348,3.324,3.325,1596.0
2023-08-15,3.34,3.346,3.265,3.333,1632.0
2023-08-16,3.325,3.334,3.278,3.284,1850.0
2023-08-17,3.29,3.309,3.282,3.299,997.0
2023-08-18,3.297,3.301,3.24,3.266,2885.0
2023-08-21,3.287,3.304,3.257,3.284,1174.0
2023-08-22,3.263,3.269,3.226,3.239,1817.0
2023-08-23,3.23,3.244,3.2,3.204,1519.0
2023-08-24,3.188,3.237,3.166,3.214,952.0
2023-08-25,3.2,3.25,3.184,3.239,1111.0
2023-08-28,3.259,3.293,3.198,3.213,1466.0
2023-08-29,3.198,3.215,3.146,3.184,2768.0
2023-08-30,3.158,3.248,3.153,3.226,2233.0
2023-08-31,3.227,3.263,3.186,3.213,1876.0
2023-09-01,3.216,3.259,3.189,3.21,1048.0
2023-09-05,3.17,3.176,3.127,3.161,2321.0
2023-09-06,3.141,3.161,3.111,3.139,1716.0
2023-09-07,3.146,3.175,3.123,3.146,2386.0
2023-09-08,3.145,3.172,3.127,3.152,1404.0
2023-09-11,3.131,3.164,3.122,3.14,1917.0
2023-09-12,3.158,3.196,3.145,3.172,2101.0
2023-09-13,3.164,3.19,3.131,3.164,2598.0
2023-09-14,3.166,3.205,3.15,3.155,2381.0
2023-09-15,3.163,3.166,3.102,3.113,1720.0
2023-09-18,3.104,3.17,3.093,3.166,2059.0
2023-09-19,3.169,3.193,3.152,3.162,3538.0
2023-09-20,3.168,3.171,3.116,3.121,6526.0
2023-09-21,3.119,3.137,3.093,3.104,5937.0
2023-09-22,3.108,3.127,3.094,3.115,1874.0
2023-09-25,3.116,3.144,3.102,3.141,1818.0
2023-09-26,3.118,3.142,3.08,3.097,3143.0
2023-09-27,3.103,3.138,3.097,3.116,1700.0
2023-09-28,3.118,3.168,3.102,3.159,2721.0
2023-09-29,3.17,3.179,3.113,3.151,5700.0
2023-10-02,3.123,3.15,3.099,3.112,3982.0
2023-10-03,3.112,3.174,3.1,3.161,3923.0
2023-10-04,3.158,3.207,3.157,3.167,7352.0
2023-10-05,3.169,3.304,3.166,3.266,7693.0
2023-10-06,3.286,3.366,3.277,3.357,7314.0
2023-10-09,3.36,3.427,3.338,3.362,5342.0
2023-10-10,3.37,3.392,3.319,3.388,4190.0
2023-10-11,3.403,3.426,3.314,3.396,6409.0
2023-10-12,3.396,3.426,3.362,3.403,4098.0
2023-10-13,3.401,3.407,3.358,3.383,4814.0
2023-10-16,3.336,3.344,3.293,3.321,2136.0
2023-10-17,3.327,3.345,3.245,3.279,2409.0
2023-10-18,3.277,3.314,3.256,3.274,2056.0
2023-10-19,3.274,3.293,3.194,3.208,3323.0
2023-10-20,3.194,3.212,3.164,3.191,3504.0
2023-10-23,3.16,3.193,3.142,3.183,3699.0
2023-10-24,3.188,3.204,3.154,3.196,3823.0
2023-10-25,3.191,3.249,3.186,3.225,2632.0
2023-10-26,3.233,3.291,3.207,3.255,4712.0
2023-10-27,3.288,3.311,3.228,3.255,6151.0
2023-10-30,3.191,3.22,3.185,3.21,4596.0
2023-10-31,3.207,3.38,3.2,3.373,16741.0
2023-11-01,3.368,3.384,3.292,3.353,6291.0
2023-11-02,3.363,3.401,3.303,3.37,4641.0
2023-11-03,3.399,3.446,3.376,3.406,5272.0
2023-11-06,3.323,3.336,3.275,3.293,6353.0
2023-11-07,3.297,3.305,3.218,3.241,6246.0
2023-11-08,3.274,3.281,3.173,3.216,8738.0
2023-11-09,3.225,3.227,3.145,3.18,7913.0
2023-11-10,3.159,3.18,3.128,3.138,6503.0
2023-11-13,3.168,3.215,3.147,3.193,5179.0
2023-11-14,3.223,3.234,3.141,3.164,6322.0
2023-11-15,3.171,3.223,3.139,3.195,6390.0
2023-11-16,3.173,3.211,3.064,3.092,6795.0
2023-11-17,3.085,3.09,2.975,3.005,8485.0
2023-11-20,2.971,3.004,2.935,2.943,5772.0
2023-11-21,2.936,2.958,2.898,2.911,6356.0
2023-11-22,2.893,2.933,2.879,2.923,5505.0
2023-11-24,2.922,2.964,2.868,2.925,5818.0
2023-11-27,2.861,2.896,2.837,2.895,6754.0
2023-11-28,2.91,2.915,2.803,2.846,8591.0
2023-11-29,2.804,2.838,2.781,2.808,7676.0
2023-11-30,2.804,2.826,2.762,2.801,11411.0
2023-12-01,2.801,2.829,2.761,2.806,7777.0
2023-12-04,2.744,2.755,2.679,2.724,10775.0
2023-12-05,2.73,2.789,2.708,2.739,9024.0
2023-12-06,2.721,2.751,2.575,2.596,14718.0
2023-12-07,2.601,2.63,2.53,2.608,17048.0
2023-12-08,2.571,2.601,2.519,2.57,12510.0
2023-12-11,2.495,2.497,2.322,2.432,22282.0
2023-12-12,2.428,2.437,2.354,2.361,15542.0
2023-12-13,2.367,2.501,2.334,2.453,15094.0
2023-12-14,2.459,2.548,2.445,2.527,13199.0
2023-12-15,2.549,2.587,2.505,2.57,10836.0
2023-12-18,2.57,2.6,2.538,2.545,11817.0
2023-12-19,2.551,2.551,2.42,2.453,12607.0
2023-12-20,2.495,2.508,2.4,2.435,12628.0
2023-12-21,2.413,2.517,2.402,2.497,11585.0
2023-12-22,2.497,2.518,2.435,2.509,6978.0
2023-12-26,2.449,2.492,2.431,2.459,5971.0
2023-12-27,2.481,2.561,2.478,2.487,7908.0
2023-12-28,2.496,2.564,2.466,2.55,7542.0
2023-12-29,2.548,2.567,2.506,2.519,13512.0
2024-01-02,2.566,2.627,2.537,2.578,12263.0
2024-01-03,2.576,2.659,2.568,2.62,18154.0
2024-01-04,2.641,2.718,2.64,2.697,21351.0
2024-01-05,2.705,2.755,2.624,2.748,23591.0
2024-01-08,2.753,2.753,2.591,2.737,23828.0
2024-01-09,2.698,2.891,2.678,2.822,29242.0
2024-01-10,2.821,2.821,2.691,2.733,26885.0
2024-01-11,2.719,2.81,2.677,2.716,17345.0
2024-01-12,2.732,2.776,2.702,2.761,17129.0
2024-01-16,2.675,2.685,2.584,2.643,19061.0
2024-01-17,2.616,2.687,2.591,2.665,15333.0
2024-01-18,2.641,2.659,2.571,2.613,20844.0
2024-01-19,2.604,2.614,2.467,2.496,30807.0
2024-01-22,2.441,2.449,2.375,2.387,24622.0
2024-01-23,2.396,2.469,2.357,2.45,16844.0
2024-01-24,2.468,2.546,2.455,2.521,20222.0
2024-01-25,2.547,2.568,2.437,2.456,17500.0
2024-01-26,2.457,2.489,2.391,2.459,23951.0
2024-01-29,2.438,2.445,2.344,2.351,22050.0
2024-01-30,2.354,2.395,2.334,2.37,21142.0
2024-01-31,2.367,2.425,2.329,2.369,25027.0
2024-02-01,2.393,2.418,2.305,2.322,23790.0
2024-02-02,2.325,2.351,2.294,2.331,29721.0
2024-02-05,2.347,2.368,2.287,2.315,25662.0
2024-02-06,2.292,2.301,2.237,2.25,26556.0
2024-02-07,2.241,2.268,2.209,2.225,27213.0
2024-02-08,2.224,2.233,2.169,2.212,31142.0
2024-02-09,2.183,2.185,2.126,2.165,32335.0
2024-02-12,2.125,2.179,2.073,2.1,31900.0
2024-02-13,2.095,2.118,2.016,2.052,40133.0
2024-02-14,2.034,2.051,1.943,1.958,41059.0
2024-02-15,1.96,2.01,1.931,1.953,25779.0
2024-02-16,1.965,2.014,1.951,1.995,24703.0
2024-02-20,1.954,2.096,1.93,1.939,49012.0
2024-02-21,2.098,2.209,2.067,2.197,59145.0
2024-02-22,2.206,2.219,2.114,2.201,55994.0
2024-02-23,2.193,2.193,2.074,2.082,42219.0
2024-02-26,2.141,2.191,2.101,2.129,23904.0
2024-02-27,2.14,2.23,2.106,2.205,33994.0
2024-02-28,2.21,2.303,2.179,2.285,39440.0
2024-02-29,2.271,2.299,2.226,2.249,39066.0
2024-03-01,2.233,2.258,2.187,2.212,22920.0
2024-03-04,2.248,2.372,2.248,2.312,47270.0
2024-03-05,2.319,2.392,2.283,2.332,30652.0
2024-03-06,2.326,2.348,2.289,2.301,34234.0
2024-03-07,2.295,2.308,2.173,2.192,67815.0
2024-03-08,2.191,2.202,2.149,2.17,56794.0
2024-03-11,2.196,2.204,2.108,2.117,40086.0
2024-03-12,2.113,2.166,2.063,2.083,53912.0
2024-03-13,2.08,2.091,2.025,2.055,60814.0
2024-03-14,2.064,2.138,2.034,2.123,45116.0
2024-03-15,2.135,2.148,2.033,2.038,42717.0
2024-03-18,2.066,2.13,2.058,2.089,35104.0
2024-03-19,2.097,2.129,2.081,2.109,32347.0
2024-03-20,2.118,2.131,2.051,2.074,41643.0
2024-03-21,2.063,2.074,2.019,2.055,39606.0
2024-03-22,2.067,2.081,2.019,2.032,30570.0
2024-03-25,2.032,2.04,1.984,2.016,37146.0
2024-03-26,2.024,2.057,2.004,2.016,47730.0
2024-03-27,2.012,2.014,1.943,1.953,47247.0
2024-03-28,1.954,2.017,1.928,1.997,45866.0
2024-04-01,1.999,2.088,1.958,2.074,67723.0
2024-04-02,2.075,2.115,2.018,2.105,66679.0
2024-04-03,2.093,2.136,2.06,2.067,56649.0
2024-04-04,2.068,2.074,1.992,1.997,93948.0
2024-04-05,2.001,2.036,1.972,2.01,75184.0
2024-04-08,1.996,2.057,1.975,2.051,96954.0
2024-04-09,2.046,2.11,2.037,2.064,109825.0
2024-04-10,2.085,2.118,2.054,2.074,86429.0
2024-04-11,2.061,2.074,1.992,2.0,120914.0
2024-04-12,2.005,2.043,1.973,2.029,94165.0
2024-04-15,2.035,2.052,1.931,1.946,105811.0
2024-04-16,1.946,2.046,1.907,1.988,133965.0
2024-04-17,1.94,1.976,1.914,1.962,97826.0
2024-04-18,1.971,2.004,1.964,1.986,106141.0
2024-04-19,1.974,2.029,1.951,1.988,112536.0
2024-04-22,1.988,2.072,1.961,2.065,116221.0
2024-04-23,2.07,2.14,2.018,2.094,150383.0
2024-04-24,2.128,2.133,1.96,1.979,182157.0
2024-04-25,1.969,1.993,1.926,1.986,158312.0
2024-04-26,1.977,2.002,1.909,1.923,119516.0
2024-04-29,1.923,2.056,1.916,2.03,158855.0
2024-04-30,2.05,2.092,1.951,1.991,150370.0
2024-05-01,1.954,1.97,1.913,1.932,135918.0
2024-05-02,1.931,2.05,1.927,2.035,153739.0
2024-05-03,2.031,2.16,2.012,2.142,209456.0
2024-05-06,2.17,2.262,2.133,2.195,196381.0
2024-05-07,2.206,2.23,2.142,2.207,149430.0
2024-05-08,2.219,2.274,2.167,2.187,149910.0
2024-05-09,2.186,2.316,2.153,2.301,207677.0
2024-05-10,2.307,2.344,2.242,2.252,142992.0
2024-05-13,2.25,2.384,2.214,2.381,164690.0
2024-05-14,2.362,2.397,2.306,2.344,147573.0
2024-05-15,2.343,2.424,2.313,2.416,180743.0
2024-05-16,2.405,2.575,2.389,2.495,229617.0
2024-05-17,2.487,2.654,2.485,2.626,185798.0
2024-05-20,2.659,2.756,2.625,2.751,211255.0
2024-05-21,2.733,2.798,2.64,2.671,174162.0
2024-05-22,2.665,2.851,2.609,2.842,184820.0
2024-05-23,2.799,2.924,2.64,2.657,116689.0
2024-05-24,2.676,2.709,2.493,2.52,51814.0
2024-05-28,2.503,2.621,2.475,2.59,86031.0
2024-05-29,2.594,2.669,2.417,2.493,2660.0
