DATETIME,OPEN,HIGH,LOW,FINAL,VOLUME
2010-10-28,6.326,6.326,6.326,6.326,0.0
2010-10-29,6.205,6.205,6.205,6.205,0.0
2010-11-01,6.275,6.275,6.275,6.275,0.0
2010-11-02,6.333,6.333,6.333,6.333,0.0
2010-11-03,6.307,6.307,6.307,6.307,0.0
2010-11-04,6.302,6.302,6.302,6.302,0.0
2010-11-05,6.309,6.309,6.309,6.309,0.0
2010-11-08,6.323,6.323,6.323,6.323,0.0
2010-11-09,6.293,6.293,6.293,6.293,0.0
2010-11-10,6.371,6.371,6.371,6.371,0.0
2010-11-11,6.439,6.439,6.439,6.439,0.0
2010-11-12,6.44,6.44,6.44,6.44,0.0
2010-11-15,6.511,6.511,6.511,6.511,0.0
2010-11-16,6.475,6.475,6.475,6.475,0.0
2010-11-17,6.462,6.462,6.462,6.462,0.0
2010-11-18,6.532,6.532,6.532,6.532,0.0
2010-11-19,6.552,6.552,6.552,6.552,0.0
2010-11-22,6.621,6.621,6.621,6.621,0.0
2010-11-23,6.601,6.601,6.601,6.601,0.0
2010-11-24,6.549,6.549,6.549,6.549,0.0
2010-11-26,6.557,6.557,6.557,6.557,0.0
2010-11-29,6.542,6.542,6.542,6.542,0.0
2010-11-30,6.572,6.572,6.572,6.572,0.0
2010-12-01,6.566,6.566,6.566,6.566,0.0
2010-12-02,6.553,6.553,6.553,6.553,0.0
2010-12-03,6.553,6.553,6.553,6.553,0.0
2010-12-06,6.382,6.382,6.382,6.382,0.0
2010-12-07,6.379,6.379,6.379,6.379,0.0
2010-12-08,6.386,6.386,6.386,6.386,0.0
2010-12-09,6.265,6.265,6.265,6.265,0.0
2010-12-10,6.252,6.252,6.252,6.252,0.0
2010-12-13,6.302,6.302,6.302,6.302,0.0
2010-12-14,6.352,6.352,6.352,6.352,0.0
2010-12-15,6.513,6.513,6.513,6.513,0.0
2010-12-16,6.511,6.511,6.511,6.511,0.0
2010-12-17,6.578,6.578,6.578,6.578,0.0
2010-12-20,6.55,6.55,6.55,6.55,0.0
2010-12-21,6.526,6.526,6.526,6.526,0.0
2010-12-22,6.505,6.505,6.505,6.505,0.0
2010-12-23,6.518,6.518,6.518,6.518,0.0
2010-12-27,6.532,6.532,6.532,6.532,0.0
2010-12-28,6.534,6.534,6.534,6.534,0.0
2010-12-29,6.504,6.504,6.504,6.504,0.0
2010-12-30,6.454,6.454,6.454,6.454,0.0
2010-12-31,6.476,6.476,6.476,6.476,0.0
2011-01-03,6.405,6.405,6.405,6.405,0.0
2011-01-04,6.429,6.429,6.429,6.429,0.0
2011-01-05,6.52,6.52,6.52,6.52,0.0
2011-01-06,6.503,6.503,6.503,6.503,0.0
2011-01-07,6.532,6.532,6.532,6.532,0.0
2011-01-10,6.549,6.549,6.549,6.549,0.0
2011-01-11,6.585,6.585,6.585,6.585,0.0
2011-01-12,6.504,6.504,6.504,6.504,0.0
2011-01-13,6.539,6.539,6.539,6.539,0.0
2011-01-14,6.576,6.576,6.576,6.576,0.0
2011-01-18,6.585,6.585,6.585,6.585,0.0
2011-01-19,6.551,6.551,6.551,6.551,0.0
2011-01-20,6.537,6.537,6.537,6.537,0.0
2011-01-21,6.526,6.526,6.526,6.526,0.0
2011-01-24,6.519,6.519,6.519,6.519,0.0
2011-01-25,6.565,6.565,6.565,6.565,0.0
2011-01-26,6.593,6.593,6.593,6.593,0.0
2011-01-27,6.65,6.65,6.65,6.65,0.0
2011-01-28,6.576,6.576,6.576,6.576,0.0
2011-01-31,6.571,6.571,6.571,6.571,0.0
2011-02-01,6.591,6.591,6.591,6.591,0.0
2011-02-02,6.614,6.614,6.614,6.614,0.0
2011-02-03,6.633,6.633,6.633,6.633,0.0
2011-02-04,6.644,6.644,6.644,6.644,0.0
2011-02-07,6.656,6.656,6.656,6.656,0.0
2011-02-08,6.705,6.705,6.705,6.705,0.0
2011-02-09,6.7,6.7,6.7,6.7,0.0
2011-02-10,6.69,6.69,6.69,6.69,0.0
2011-02-11,6.68,6.68,6.68,6.68,0.0
2011-02-14,6.663,6.663,6.663,6.663,0.0
2011-02-15,6.726,6.726,6.726,6.726,0.0
2011-02-16,6.841,6.841,6.841,6.841,0.0
2011-02-17,6.871,6.871,6.871,6.871,0.0
2011-02-18,6.88,6.88,6.88,6.88,0.0
2011-02-22,6.915,6.915,6.915,6.915,0.0
2011-02-23,6.89,6.89,6.89,6.89,0.0
2011-02-24,6.865,6.865,6.865,6.865,0.0
2011-02-25,6.875,6.875,6.875,6.875,0.0
2011-02-28,6.885,6.885,6.885,6.885,0.0
2011-03-01,6.957,6.957,6.957,6.957,0.0
2011-03-02,7.01,7.01,7.01,7.01,0.0
2011-03-03,7.005,7.005,7.005,7.005,0.0
2011-03-04,7.14,7.14,7.14,7.14,0.0
2011-03-07,7.152,7.152,7.152,7.152,0.0
2011-03-08,7.146,7.146,7.146,7.146,0.0
2011-03-09,7.139,7.139,7.139,7.139,0.0
2011-03-10,7.146,7.146,7.146,7.146,0.0
2011-03-11,7.15,7.15,7.15,7.15,0.0
2011-03-14,7.207,7.207,7.207,7.207,0.0
2011-03-15,7.487,7.487,7.487,7.487,0.0
2011-03-16,7.492,7.492,7.492,7.492,0.0
2011-03-17,7.464,7.464,7.464,7.464,0.0
2011-03-18,7.408,7.408,7.408,7.408,0.0
2011-03-21,7.326,7.326,7.326,7.326,0.0
2011-03-22,7.367,7.367,7.367,7.367,0.0
2011-03-23,7.394,7.394,7.394,7.394,0.0
2011-03-24,7.388,7.388,7.388,7.388,0.0
2011-03-25,7.486,7.486,7.486,7.486,0.0
2011-03-28,7.472,7.472,7.472,7.472,0.0
2011-03-29,7.423,7.423,7.423,7.423,0.0
2011-03-30,7.456,7.456,7.456,7.456,0.0
2011-03-31,7.541,7.541,7.541,7.541,0.0
2011-04-01,7.633,7.633,7.633,7.633,0.0
2011-04-04,7.654,7.654,7.654,7.654,0.0
2011-04-05,7.55,7.55,7.55,7.55,0.0
2011-04-06,7.552,7.552,7.552,7.552,0.0
2011-04-07,7.584,7.584,7.584,7.584,0.0
2011-04-08,7.696,7.696,7.696,7.696,0.0
2011-04-11,7.721,7.721,7.721,7.721,0.0
2011-04-12,7.659,7.659,7.659,7.659,0.0
2011-04-13,7.621,7.621,7.621,7.621,0.0
2011-04-14,7.608,7.608,7.608,7.608,0.0
2011-04-15,7.638,7.638,7.638,7.638,0.0
2011-04-18,7.633,7.633,7.633,7.633,0.0
2011-04-19,7.6,7.6,7.6,7.6,0.0
2011-04-20,7.472,7.472,7.472,7.472,0.0
2011-04-21,7.396,7.396,7.396,7.396,0.0
2011-04-25,7.393,7.393,7.393,7.393,0.0
2011-04-26,7.422,7.422,7.422,7.422,0.0
2011-04-27,7.389,7.389,7.389,7.389,0.0
2011-04-28,7.391,7.391,7.391,7.391,0.0
2011-04-29,7.329,7.329,7.329,7.329,0.0
2011-05-02,7.351,7.351,7.351,7.351,0.0
2011-05-03,7.421,7.421,7.421,7.421,0.0
2011-05-04,7.46,7.46,7.46,7.46,0.0
2011-05-05,7.359,7.359,7.359,7.359,0.0
2011-05-06,7.26,7.26,7.26,7.26,0.0
2011-05-09,7.273,7.273,7.273,7.273,0.0
2011-05-10,7.349,7.349,7.349,7.349,0.0
2011-05-11,7.403,7.403,7.403,7.403,0.0
2011-05-12,7.412,7.412,7.412,7.412,0.0
2011-05-13,7.454,7.454,7.454,7.454,0.0
2011-05-16,7.449,7.449,7.449,7.449,0.0
2011-05-17,7.418,7.418,7.418,7.418,0.0
2011-05-18,7.432,7.432,7.432,7.432,0.0
2011-05-19,7.355,7.355,7.355,7.355,0.0
2011-05-20,7.402,7.402,7.402,7.402,0.0
2011-05-23,7.541,7.541,7.541,7.541,0.0
2011-05-24,7.464,7.464,7.464,7.464,0.0
2011-05-25,7.463,7.463,7.463,7.463,0.0
2011-05-26,7.433,7.433,7.433,7.433,0.0
2011-05-27,7.469,7.469,7.469,7.469,0.0
2011-05-31,7.339,7.339,7.339,7.339,0.0
2011-06-01,7.315,7.315,7.315,7.315,0.0
2011-06-02,7.189,7.189,7.189,7.189,0.0
2011-06-03,7.14,7.14,7.14,7.14,0.0
2011-06-06,7.084,7.084,7.084,7.084,0.0
2011-06-07,7.091,7.091,7.091,7.091,0.0
2011-06-08,7.107,7.107,7.107,7.107,0.0
2011-06-09,7.02,7.02,7.02,7.02,0.0
2011-06-10,7.027,7.027,7.027,7.027,0.0
2011-06-13,7.005,7.005,7.005,7.005,0.0
2011-06-14,7.124,7.124,7.124,7.124,0.0
2011-06-15,7.148,7.148,7.148,7.148,0.0
2011-06-16,7.148,7.148,7.148,7.148,0.0
2011-06-17,7.207,7.207,7.207,7.207,0.0
2011-06-20,7.205,7.205,7.205,7.205,0.0
2011-06-21,7.047,7.047,7.047,7.047,0.0
2011-06-22,7.06,7.06,7.06,7.06,0.0
2011-06-23,7.059,7.059,7.059,7.059,0.0
2011-06-24,7.082,7.082,7.082,7.082,0.0
2011-06-27,7.071,7.071,7.071,7.071,0.0
2011-06-28,7.072,7.072,7.072,7.072,0.0
2011-06-29,7.044,7.044,7.044,7.044,0.0
2011-06-30,7.041,7.041,7.041,7.041,0.0
2011-07-01,7.041,7.041,7.041,7.041,0.0
2011-07-05,6.978,6.978,6.978,6.978,0.0
2011-07-06,6.993,6.993,6.993,6.993,0.0
2011-07-07,7.021,7.021,7.021,7.021,0.0
2011-07-08,7.088,7.088,7.088,7.088,0.0
2011-07-11,7.128,7.128,7.128,7.128,0.0
2011-07-12,7.128,7.128,7.128,7.128,0.0
2011-07-13,7.081,7.081,7.081,7.081,0.0
2011-07-14,7.059,7.059,7.059,7.059,0.0
2011-07-15,7.061,7.061,7.061,7.061,0.0
2011-07-18,7.041,7.041,7.041,7.041,0.0
2011-07-19,6.933,6.933,6.933,6.933,0.0
2011-07-20,6.884,6.884,6.884,6.884,0.0
2011-07-21,6.915,6.915,6.915,6.915,0.0
2011-07-22,6.891,6.891,6.891,6.891,0.0
2011-07-25,6.876,6.876,6.876,6.876,0.0
2011-07-26,6.871,6.871,6.871,6.871,0.0
2011-07-27,6.884,6.884,6.884,6.884,0.0
2011-07-28,6.91,6.91,6.91,6.91,0.0
2011-07-29,6.908,6.908,6.908,6.908,0.0
2011-08-01,6.962,6.962,6.962,6.962,0.0
2011-08-02,6.882,6.882,6.882,6.882,0.0
2011-08-03,6.833,6.833,6.833,6.833,0.0
2011-08-04,6.717,6.717,6.717,6.717,0.0
2011-08-05,6.654,6.654,6.654,6.654,0.0
2011-08-08,6.625,6.625,6.625,6.625,0.0
2011-08-09,6.601,6.601,6.601,6.601,0.0
2011-08-10,6.573,6.573,6.573,6.573,0.0
2011-08-11,6.626,6.626,6.626,6.626,0.0
2011-08-12,6.639,6.639,6.639,6.639,0.0
2011-08-15,6.703,6.703,6.703,6.703,0.0
2011-08-16,6.781,6.781,6.781,6.781,0.0
2011-08-17,6.748,6.748,6.748,6.748,0.0
2011-08-18,6.738,6.738,6.738,6.738,0.0
2011-08-19,6.776,6.776,6.776,6.776,0.0
2011-08-22,6.752,6.752,6.752,6.752,0.0
2011-08-23,6.77,6.77,6.77,6.77,0.0
2011-08-24,6.622,6.622,6.622,6.622,0.0
2011-08-25,6.613,6.613,6.613,6.613,0.0
2011-08-26,6.61,6.61,6.61,6.61,0.0
2011-08-29,6.579,6.579,6.579,6.579,0.0
2011-08-30,6.595,6.595,6.595,6.595,0.0
2011-08-31,6.6,6.6,6.6,6.6,0.0
2011-09-01,6.661,6.661,6.661,6.661,0.0
2011-09-02,6.651,6.651,6.651,6.651,0.0
2011-09-06,6.654,6.654,6.654,6.654,0.0
2011-09-07,6.621,6.621,6.621,6.621,0.0
2011-09-08,6.611,6.611,6.611,6.611,0.0
2011-09-09,6.558,6.558,6.558,6.558,0.0
2011-09-12,6.531,6.531,6.531,6.531,0.0
2011-09-13,6.553,6.553,6.553,6.553,0.0
2011-09-14,6.511,6.511,6.511,6.511,0.0
2011-09-15,6.491,6.491,6.491,6.491,0.0
2011-09-16,6.498,6.498,6.498,6.498,0.0
2011-09-19,6.488,6.488,6.488,6.488,0.0
2011-09-20,6.53,6.53,6.53,6.53,0.0
2011-09-21,6.53,6.53,6.53,6.53,0.0
2011-09-22,6.398,6.398,6.398,6.398,0.0
2011-09-23,6.404,6.404,6.404,6.404,0.0
2011-09-26,6.451,6.451,6.451,6.451,0.0
2011-09-27,6.533,6.533,6.533,6.533,0.0
2011-09-28,6.539,6.539,6.539,6.539,0.0
2011-09-29,6.52,6.52,6.52,6.52,0.0
2011-09-30,6.507,6.507,6.507,6.507,0.0
2011-10-03,6.493,6.493,6.493,6.493,0.0
2011-10-04,6.434,6.434,6.434,6.434,0.0
2011-10-05,6.407,6.407,6.407,6.407,0.0
2011-10-06,6.352,6.352,6.352,6.352,0.0
2011-10-07,6.314,6.314,6.314,6.314,0.0
2011-10-10,6.303,6.303,6.303,6.303,0.0
2011-10-11,6.273,6.273,6.273,6.273,0.0
2011-10-12,6.262,6.262,6.262,6.262,0.0
2011-10-13,6.289,6.289,6.289,6.289,0.0
2011-10-14,6.351,6.351,6.351,6.351,0.0
2011-10-17,6.338,6.338,6.338,6.338,0.0
2011-10-18,6.315,6.315,6.315,6.315,0.0
2011-10-19,6.317,6.317,6.317,6.317,0.0
2011-10-20,6.323,6.323,6.323,6.323,0.0
2011-10-21,6.325,6.325,6.325,6.325,0.0
2011-10-24,6.322,6.322,6.322,6.322,0.0
2011-10-25,6.358,6.358,6.358,6.358,0.0
2011-10-26,6.4,6.4,6.4,6.4,0.0
2011-10-27,6.405,6.405,6.405,6.405,0.0
2011-10-28,6.513,6.513,6.513,6.513,0.0
2011-10-31,6.513,6.513,6.513,6.513,0.0
2011-11-01,6.443,6.443,6.443,6.443,0.0
2011-11-02,6.402,6.402,6.402,6.402,0.0
2011-11-03,6.48,6.48,6.48,6.48,0.0
2011-11-04,6.47,6.47,6.47,6.47,0.0
2011-11-07,6.448,6.448,6.448,6.448,0.0
2011-11-08,6.406,6.406,6.406,6.406,0.0
2011-11-09,6.383,6.383,6.383,6.383,0.0
2011-11-10,6.333,6.333,6.333,6.333,0.0
2011-11-11,6.263,6.263,6.263,6.263,0.0
2011-11-14,6.241,6.241,6.241,6.241,0.0
2011-11-15,6.251,6.251,6.251,6.251,0.0
2011-11-16,6.226,6.226,6.226,6.226,0.0
2011-11-17,6.178,6.178,6.178,6.178,0.0
2011-11-18,6.137,6.137,6.137,6.137,0.0
2011-11-21,6.147,6.147,6.147,6.147,0.0
2011-11-22,6.126,6.126,6.126,6.126,0.0
2011-11-23,6.098,6.098,6.098,6.098,0.0
2011-11-25,6.137,6.137,6.137,6.137,0.0
2011-11-28,6.103,6.103,6.103,6.103,0.0
2011-11-29,6.209,6.209,6.209,6.209,0.0
2011-11-30,6.194,6.194,6.194,6.194,0.0
2011-12-01,6.179,6.179,6.179,6.179,0.0
2011-12-02,6.18,6.18,6.18,6.18,0.0
2011-12-05,6.18,6.18,6.18,6.18,0.0
2011-12-06,6.149,6.149,6.149,6.149,0.0
2011-12-07,6.203,6.203,6.203,6.203,0.0
2011-12-08,6.173,6.173,6.173,6.173,0.0
2011-12-09,6.141,6.141,6.141,6.141,0.0
2011-12-12,6.103,6.103,6.103,6.103,0.0
2011-12-13,6.022,6.022,6.022,6.022,0.0
2011-12-14,5.987,5.987,5.987,5.987,0.0
2011-12-15,5.949,5.949,5.949,5.949,0.0
2011-12-16,5.979,5.979,5.979,5.979,0.0
2011-12-19,5.976,5.976,5.976,5.976,0.0
2011-12-20,5.981,5.981,5.981,5.981,0.0
2011-12-21,5.938,5.938,5.938,5.938,0.0
2011-12-22,5.953,5.953,5.953,5.953,0.0
2011-12-23,5.938,5.938,5.938,5.938,0.0
2011-12-27,5.938,5.938,5.938,5.938,0.0
2011-12-28,5.928,5.928,5.928,5.928,0.0
2011-12-29,5.928,5.928,5.928,5.928,0.0
2011-12-30,5.928,5.928,5.928,5.928,0.0
2012-01-03,5.927,5.927,5.927,5.927,0.0
2012-01-04,5.932,5.932,5.932,5.932,0.0
2012-01-05,5.963,5.963,5.963,5.963,0.0
2012-01-06,6.003,6.003,6.003,6.003,0.0
2012-01-09,5.984,5.984,5.984,5.984,0.0
2012-01-10,5.946,5.946,5.946,5.946,0.0
2012-01-11,5.986,5.986,5.986,5.986,0.0
2012-01-12,5.963,5.963,5.963,5.963,0.0
2012-01-13,5.959,5.959,5.959,5.959,0.0
2012-01-17,5.934,5.934,5.934,5.934,0.0
2012-01-18,5.845,5.845,5.845,5.845,0.0
2012-01-19,5.854,5.854,5.854,5.854,0.0
2012-01-20,5.695,5.695,5.695,5.695,0.0
2012-01-23,5.695,5.695,5.695,5.695,0.0
2012-01-24,5.731,5.731,5.731,5.731,0.0
2012-01-25,5.745,5.745,5.745,5.745,0.0
2012-01-26,5.68,5.68,5.68,5.68,0.0
2012-01-27,5.712,5.712,5.712,5.712,0.0
2012-01-30,5.687,5.687,5.687,5.687,0.0
2012-01-31,5.642,5.642,5.642,5.642,0.0
2012-02-01,5.617,5.617,5.617,5.617,0.0
2012-02-02,5.71,5.71,5.71,5.71,0.0
2012-02-03,5.744,5.744,5.744,5.744,0.0
2012-02-06,5.793,5.793,5.793,5.793,0.0
2012-02-07,5.701,5.701,5.701,5.701,0.0
2012-02-08,5.641,5.641,5.641,5.641,0.0
2012-02-09,5.521,5.521,5.521,5.521,0.0
2012-02-10,5.516,5.516,5.516,5.516,0.0
2012-02-13,5.516,5.516,5.516,5.516,0.0
2012-02-14,5.53,5.53,5.53,5.53,0.0
2012-02-15,5.53,5.53,5.53,5.53,0.0
2012-02-16,5.498,5.498,5.498,5.498,0.0
2012-02-17,5.518,5.518,5.518,5.518,0.0
2012-02-21,5.487,5.487,5.487,5.487,0.0
2012-02-22,5.551,5.551,5.551,5.551,0.0
2012-02-23,5.551,5.551,5.551,5.551,0.0
2012-02-24,5.514,5.514,5.514,5.514,0.0
2012-02-27,5.476,5.476,5.476,5.476,0.0
2012-02-28,5.46,5.46,5.46,5.46,0.0
2012-02-29,5.47,5.47,5.47,5.47,0.0
2012-03-01,5.425,5.425,5.425,5.425,0.0
2012-03-02,5.464,5.464,5.464,5.464,0.0
2012-03-05,5.391,5.391,5.391,5.391,0.0
2012-03-06,5.319,5.319,5.319,5.319,0.0
2012-03-07,5.274,5.274,5.274,5.274,0.0
2012-03-08,5.275,5.275,5.275,5.275,0.0
2012-03-09,5.385,5.385,5.385,5.385,0.0
2012-03-12,5.364,5.364,5.364,5.364,0.0
2012-03-13,5.413,5.413,5.413,5.413,0.0
2012-03-14,5.479,5.479,5.479,5.479,0.0
2012-03-15,5.479,5.479,5.479,5.479,0.0
2012-03-16,5.458,5.458,5.458,5.458,0.0
2012-03-19,5.466,5.466,5.466,5.466,0.0
2012-03-20,5.435,5.435,5.435,5.435,0.0
2012-03-21,5.425,5.425,5.425,5.425,0.0
2012-03-22,5.412,5.412,5.412,5.412,0.0
2012-03-23,5.432,5.432,5.432,5.432,0.0
2012-03-26,5.444,5.444,5.444,5.444,0.0
2012-03-27,5.428,5.428,5.428,5.428,0.0
2012-03-28,5.44,5.44,5.44,5.44,0.0
2012-03-29,5.407,5.407,5.407,5.407,0.0
2012-03-30,5.475,5.475,5.475,5.475,0.0
2012-04-02,5.468,5.468,5.468,5.468,0.0
2012-04-03,5.468,5.468,5.468,5.468,0.0
2012-04-04,5.468,5.468,5.468,5.468,0.0
2012-04-05,5.432,5.432,5.432,5.432,0.0
2012-04-09,5.452,5.452,5.452,5.452,0.0
2012-04-10,5.431,5.431,5.431,5.431,0.0
2012-04-11,5.39,5.39,5.39,5.39,0.0
2012-04-12,5.303,5.303,5.303,5.303,0.0
2012-04-13,5.291,5.291,5.291,5.291,0.0
2012-04-16,5.261,5.261,5.261,5.261,0.0
2012-04-17,5.2,5.2,5.2,5.2,0.0
2012-04-18,5.178,5.178,5.178,5.178,0.0
2012-04-19,5.148,5.148,5.148,5.148,0.0
2012-04-20,5.085,5.085,5.085,5.085,0.0
2012-04-23,5.044,5.044,5.044,5.044,0.0
2012-04-24,5.078,5.078,5.078,5.078,0.0
2012-04-25,4.977,4.977,4.977,4.977,0.0
2012-04-26,5.001,5.001,5.001,5.001,0.0
2012-04-27,5.022,5.022,5.022,5.022,0.0
2012-04-30,5.062,5.062,5.062,5.062,0.0
2012-05-01,5.064,5.064,5.064,5.064,0.0
2012-05-02,5.067,5.067,5.067,5.067,0.0
2012-05-03,5.072,5.072,5.072,5.072,0.0
2012-05-04,5.064,5.064,5.064,5.064,0.0
2012-05-07,5.074,5.074,5.074,5.074,0.0
2012-05-08,5.067,5.067,5.067,5.067,0.0
2012-05-09,5.096,5.096,5.096,5.096,0.0
2012-05-10,5.081,5.081,5.081,5.081,0.0
2012-05-11,5.061,5.061,5.061,5.061,0.0
2012-05-14,5.069,5.069,5.069,5.069,0.0
2012-05-15,5.101,5.101,5.101,5.101,0.0
2012-05-16,5.129,5.129,5.129,5.129,0.0
2012-05-17,5.118,5.118,5.118,5.118,0.0
2012-05-18,5.16,5.16,5.16,5.16,0.0
2012-05-21,5.1,5.1,5.1,5.1,0.0
2012-05-22,5.141,5.141,5.141,5.141,0.0
2012-05-23,5.125,5.125,5.125,5.125,0.0
2012-05-24,5.134,5.134,5.134,5.134,0.0
2012-05-25,5.179,5.179,5.179,5.179,0.0
2012-05-29,5.145,5.145,5.145,5.145,0.0
2012-05-30,5.103,5.103,5.103,5.103,0.0
2012-05-31,5.173,5.173,5.173,5.173,0.0
2012-06-01,5.133,5.133,5.133,5.133,0.0
2012-06-04,5.135,5.135,5.135,5.135,0.0
2012-06-05,5.077,5.077,5.077,5.077,0.0
2012-06-06,5.072,5.072,5.072,5.072,0.0
2012-06-07,5.051,5.051,5.051,5.051,0.0
2012-06-08,5.072,5.072,5.072,5.072,0.0
2012-06-11,5.035,5.035,5.035,5.035,0.0
2012-06-12,5.035,5.035,5.035,5.035,0.0
2012-06-13,5.046,5.046,5.046,5.046,0.0
2012-06-14,5.071,5.071,5.071,5.071,0.0
2012-06-15,4.972,4.972,4.972,4.972,0.0
2012-06-18,4.918,4.918,4.918,4.918,0.0
2012-06-19,4.958,4.958,4.958,4.958,0.0
2012-06-20,4.958,4.958,4.958,4.958,0.0
2012-06-21,4.933,4.933,4.933,4.933,0.0
2012-06-22,4.905,4.905,4.905,4.905,0.0
2012-06-25,4.932,4.932,4.932,4.932,0.0
2012-06-26,4.977,4.977,4.977,4.977,0.0
2012-06-27,4.995,4.995,4.995,4.995,0.0
2012-06-28,4.993,4.993,4.993,4.993,0.0
2012-06-29,4.981,4.981,4.981,4.981,0.0
2012-07-02,4.992,4.992,4.992,4.992,0.0
2012-07-03,5.033,5.033,5.033,5.033,0.0
2012-07-05,5.036,5.036,5.036,5.036,0.0
2012-07-06,4.988,4.988,4.988,4.988,0.0
2012-07-09,5.037,5.037,5.037,5.037,0.0
2012-07-10,5.03,5.03,5.03,5.03,0.0
2012-07-11,5.077,5.077,5.077,5.077,0.0
2012-07-12,5.066,5.066,5.066,5.066,0.0
2012-07-13,5.069,5.069,5.069,5.069,0.0
2012-07-16,5.02,5.02,5.02,5.02,0.0
2012-07-17,5.165,5.165,5.165,5.165,0.0
2012-07-18,5.23,5.23,5.23,5.23,0.0
2012-07-19,5.189,5.189,5.189,5.189,0.0
2012-07-20,5.211,5.211,5.211,5.211,0.0
2012-07-23,5.22,5.22,5.22,5.22,0.0
2012-07-24,5.257,5.257,5.257,5.257,0.0
2012-07-25,5.264,5.264,5.264,5.264,0.0
2012-07-26,5.307,5.307,5.307,5.307,0.0
2012-07-27,5.309,5.309,5.309,5.309,0.0
2012-07-30,5.377,5.377,5.377,5.377,0.0
2012-07-31,5.337,5.337,5.337,5.337,0.0
2012-08-01,5.302,5.302,5.302,5.302,0.0
2012-08-02,5.182,5.182,5.182,5.182,0.0
2012-08-03,5.154,5.154,5.154,5.154,0.0
2012-08-06,5.375,5.375,5.375,5.375,0.0
2012-08-07,5.33,5.33,5.33,5.33,0.0
2012-08-08,5.543,5.543,5.543,5.543,0.0
2012-08-09,5.443,5.443,5.443,5.443,0.0
2012-08-10,5.38,5.38,5.38,5.38,0.0
2012-08-13,5.353,5.353,5.353,5.353,0.0
2012-08-14,5.395,5.395,5.395,5.395,0.0
2012-08-15,5.488,5.488,5.488,5.488,0.0
2012-08-16,5.461,5.461,5.461,5.461,0.0
2012-08-17,5.459,5.459,5.459,5.459,0.0
2012-08-20,5.498,5.498,5.498,5.498,0.0
2012-08-21,5.501,5.501,5.501,5.501,0.0
2012-08-22,5.492,5.492,5.492,5.492,0.0
2012-08-23,5.475,5.475,5.475,5.475,0.0
2012-08-24,5.437,5.437,5.437,5.437,0.0
2012-08-27,5.412,5.412,5.412,5.412,0.0
2012-08-28,5.357,5.357,5.357,5.357,0.0
2012-08-29,5.378,5.378,5.378,5.378,0.0
2012-08-30,5.385,5.385,5.385,5.385,0.0
2012-08-31,5.369,5.369,5.369,5.369,0.0
2012-09-04,5.371,5.371,5.371,5.371,0.0
2012-09-05,5.361,5.361,5.361,5.361,0.0
2012-09-06,5.357,5.357,5.357,5.357,0.0
2012-09-07,5.307,5.307,5.307,5.307,0.0
2012-09-10,5.295,5.295,5.295,5.295,0.0
2012-09-11,5.335,5.335,5.335,5.335,0.0
2012-09-12,5.41,5.41,5.41,5.41,0.0
2012-09-13,5.415,5.415,5.415,5.415,0.0
2012-09-14,5.405,5.405,5.405,5.405,0.0
2012-09-17,5.386,5.386,5.386,5.386,0.0
2012-09-18,5.477,5.477,5.477,5.477,0.0
2012-09-19,5.477,5.477,5.477,5.477,0.0
2012-09-20,5.481,5.481,5.481,5.481,0.0
2012-09-21,5.54,5.54,5.54,5.54,0.0
2012-09-24,5.524,5.524,5.524,5.524,0.0
2012-09-25,5.541,5.541,5.541,5.541,0.0
2012-09-26,5.527,5.527,5.527,5.527,0.0
2012-09-27,5.551,5.551,5.551,5.551,0.0
2012-09-28,5.563,5.563,5.563,5.563,0.0
2012-10-01,5.584,5.584,5.584,5.584,0.0
2012-10-02,5.54,5.54,5.54,5.54,0.0
2012-10-03,5.518,5.518,5.518,5.518,0.0
2012-10-04,5.517,5.517,5.517,5.517,0.0
2012-10-05,5.567,5.567,5.567,5.567,0.0
2012-10-08,5.606,5.606,5.606,5.606,0.0
2012-10-09,5.612,5.612,5.612,5.612,0.0
2012-10-10,5.588,5.588,5.588,5.588,0.0
2012-10-11,5.616,5.616,5.616,5.616,0.0
2012-10-12,5.577,5.577,5.577,5.577,0.0
2012-10-15,5.543,5.543,5.543,5.543,0.0
2012-10-16,5.549,5.549,5.549,5.549,0.0
2012-10-17,5.597,5.597,5.597,5.597,0.0
2012-10-18,5.545,5.545,5.545,5.545,0.0
2012-10-19,5.543,5.543,5.543,5.543,0.0
2012-10-22,5.548,5.548,5.548,5.548,0.0
2012-10-23,5.582,5.582,5.582,5.582,0.0
2012-10-24,5.557,5.557,5.557,5.557,0.0
2012-10-25,5.587,5.587,5.587,5.587,0.0
2012-10-26,5.596,5.596,5.596,5.596,0.0
2012-10-29,5.665,5.665,5.665,5.665,0.0
2012-10-30,5.596,5.596,5.596,5.596,0.0
2012-10-31,5.599,5.599,5.599,5.599,0.0
2012-11-01,5.606,5.606,5.606,5.606,0.0
2012-11-02,5.505,5.505,5.505,5.505,0.0
2012-11-05,5.462,5.462,5.462,5.462,0.0
2012-11-06,5.511,5.511,5.511,5.511,0.0
2012-11-07,5.487,5.487,5.487,5.487,0.0
2012-11-08,5.53,5.53,5.53,5.53,0.0
2012-11-09,5.469,5.469,5.469,5.469,0.0
2012-11-12,5.519,5.519,5.519,5.519,0.0
2012-11-13,5.558,5.558,5.558,5.558,0.0
2012-11-14,5.525,5.525,5.525,5.525,0.0
2012-11-15,5.446,5.446,5.446,5.446,0.0
2012-11-16,5.444,5.444,5.444,5.444,0.0
2012-11-19,5.409,5.409,5.409,5.409,0.0
2012-11-20,5.45,5.45,5.45,5.45,0.0
2012-11-21,5.419,5.419,5.419,5.419,0.0
2012-11-23,5.406,5.406,5.406,5.406,0.0
2012-11-26,5.375,5.375,5.375,5.375,0.0
2012-11-27,5.41,5.41,5.41,5.41,0.0
2012-11-28,5.402,5.402,5.402,5.402,0.0
2012-11-29,5.326,5.326,5.326,5.326,0.0
2012-11-30,5.307,5.307,5.307,5.307,0.0
2012-12-03,5.341,5.341,5.341,5.341,0.0
2012-12-04,5.316,5.316,5.316,5.316,0.0
2012-12-05,5.346,5.346,5.346,5.346,0.0
2012-12-06,5.338,5.338,5.338,5.338,0.0
2012-12-07,5.315,5.315,5.315,5.315,0.0
2012-12-10,5.337,5.337,5.337,5.337,0.0
2012-12-11,5.31,5.31,5.31,5.31,0.0
2012-12-12,5.304,5.304,5.304,5.304,0.0
2012-12-13,5.311,5.311,5.311,5.311,0.0
2012-12-14,5.307,5.307,5.307,5.307,0.0
2012-12-17,5.362,5.362,5.362,5.362,0.0
2012-12-18,5.499,5.499,5.499,5.499,0.0
2012-12-19,5.469,5.469,5.469,5.469,0.0
2012-12-20,5.535,5.535,5.535,5.535,0.0
2012-12-21,5.517,5.517,5.517,5.517,0.0
2012-12-24,5.48,5.48,5.48,5.48,0.0
2012-12-26,5.5,5.5,5.5,5.5,0.0
2012-12-27,5.483,5.483,5.483,5.483,0.0
2012-12-28,5.478,5.478,5.478,5.478,0.0
2012-12-31,5.437,5.437,5.437,5.437,0.0
2013-01-02,5.401,5.401,5.401,5.401,0.0
2013-01-03,5.396,5.396,5.396,5.396,0.0
2013-01-04,5.454,5.454,5.454,5.454,0.0
2013-01-07,5.435,5.435,5.435,5.435,0.0
2013-01-08,5.413,5.413,5.413,5.413,0.0
2013-01-09,5.393,5.393,5.393,5.393,0.0
2013-01-10,5.405,5.405,5.405,5.405,0.0
2013-01-11,5.366,5.366,5.366,5.366,0.0
2013-01-14,5.353,5.353,5.353,5.353,0.0
2013-01-15,5.363,5.363,5.363,5.363,0.0
2013-01-16,5.363,5.363,5.363,5.363,0.0
2013-01-17,5.352,5.352,5.352,5.352,0.0
2013-01-18,5.383,5.383,5.383,5.383,0.0
2013-01-22,5.377,5.377,5.377,5.377,0.0
2013-01-23,5.412,5.412,5.412,5.412,0.0
2013-01-24,5.383,5.383,5.383,5.383,0.0
2013-01-25,5.403,5.403,5.403,5.403,0.0
2013-01-28,5.343,5.343,5.343,5.343,0.0
2013-01-29,5.314,5.314,5.314,5.314,0.0
2013-01-30,5.338,5.338,5.338,5.338,0.0
2013-01-31,5.329,5.329,5.329,5.329,0.0
2013-02-01,5.286,5.286,5.286,5.286,0.0
2013-02-04,5.306,5.306,5.306,5.306,0.0
2013-02-05,5.308,5.308,5.308,5.308,0.0
2013-02-06,5.303,5.303,5.303,5.303,0.0
2013-02-07,5.279,5.279,5.279,5.279,0.0
2013-02-08,5.324,5.324,5.324,5.324,0.0
2013-02-11,5.334,5.334,5.334,5.334,0.0
2013-02-12,5.351,5.351,5.351,5.351,0.0
2013-02-13,5.38,5.38,5.38,5.38,0.0
2013-02-14,5.356,5.356,5.356,5.356,0.0
2013-02-15,5.337,5.337,5.337,5.337,0.0
2013-02-19,5.378,5.378,5.378,5.378,0.0
2013-02-20,5.356,5.356,5.356,5.356,0.0
2013-02-21,5.329,5.329,5.329,5.329,0.0
2013-02-22,5.326,5.326,5.326,5.326,0.0
2013-02-25,5.327,5.327,5.327,5.327,0.0
2013-02-26,5.331,5.331,5.331,5.331,0.0
2013-02-27,5.324,5.324,5.324,5.324,0.0
2013-02-28,5.345,5.345,5.345,5.345,0.0
2013-03-01,5.366,5.366,5.366,5.366,0.0
2013-03-04,5.411,5.411,5.411,5.411,0.0
2013-03-05,5.399,5.399,5.399,5.399,0.0
2013-03-06,5.369,5.369,5.369,5.369,0.0
2013-03-07,5.403,5.403,5.403,5.403,0.0
2013-03-08,5.399,5.399,5.399,5.399,0.0
2013-03-11,5.392,5.392,5.392,5.392,0.0
2013-03-12,5.362,5.362,5.362,5.362,0.0
2013-03-13,5.373,5.373,5.373,5.373,0.0
2013-03-14,5.365,5.365,5.365,5.365,0.0
2013-03-15,5.368,5.368,5.368,5.368,0.0
2013-03-18,5.353,5.353,5.353,5.353,0.0
2013-03-19,5.378,5.378,5.378,5.378,0.0
2013-03-20,5.372,5.372,5.372,5.372,0.0
2013-03-21,5.309,5.309,5.309,5.309,0.0
2013-03-22,5.301,5.301,5.301,5.301,0.0
2013-03-25,5.267,5.267,5.267,5.267,0.0
2013-03-26,5.279,5.279,5.279,5.279,0.0
2013-03-27,5.214,5.214,5.214,5.214,0.0
2013-03-28,5.131,5.131,5.131,5.131,0.0
2013-04-01,5.12,5.12,5.12,5.12,0.0
2013-04-02,5.083,5.083,5.083,5.083,0.0
2013-04-03,5.131,5.131,5.131,5.131,0.0
2013-04-04,5.143,5.143,5.143,5.143,0.0
2013-04-05,5.12,5.12,5.12,5.12,0.0
2013-04-08,5.036,5.036,5.036,5.036,0.0
2013-04-09,4.866,4.866,4.866,4.866,0.0
2013-04-10,4.81,4.81,4.81,4.81,0.0
2013-04-11,4.889,4.889,4.889,4.889,0.0
2013-04-12,5.043,5.043,5.043,5.043,0.0
2013-04-15,5.054,5.054,5.054,5.054,0.0
2013-04-16,5.135,5.135,5.135,5.135,0.0
2013-04-17,5.139,5.139,5.139,5.139,0.0
2013-04-18,5.129,5.129,5.129,5.129,0.0
2013-04-19,5.128,5.128,5.128,5.128,0.0
2013-04-22,5.121,5.121,5.121,5.121,0.0
2013-04-23,5.109,5.109,5.109,5.109,0.0
2013-04-24,5.001,5.001,5.001,5.001,0.0
2013-04-25,5.014,5.014,5.014,5.014,0.0
2013-04-26,5.016,5.016,5.016,5.016,0.0
2013-04-29,5.029,5.029,5.029,5.029,0.0
2013-04-30,5.03,5.03,5.03,5.03,0.0
2013-05-01,5.015,5.015,5.015,5.015,0.0
2013-05-02,5.018,5.018,5.018,5.018,0.0
2013-05-03,5.081,5.081,5.081,5.081,0.0
2013-05-06,5.132,5.132,5.132,5.132,0.0
2013-05-07,5.131,5.131,5.131,5.131,0.0
2013-05-08,5.115,5.115,5.115,5.115,0.0
2013-05-09,5.077,5.077,5.077,5.077,0.0
2013-05-10,5.054,5.054,5.054,5.054,0.0
2013-05-13,5.064,5.064,5.064,5.064,0.0
2013-05-14,5.095,5.095,5.095,5.095,0.0
2013-05-15,5.077,5.077,5.077,5.077,0.0
2013-05-16,5.074,5.074,5.074,5.074,0.0
2013-05-17,5.231,5.231,5.231,5.231,0.0
2013-05-20,5.396,5.396,5.396,5.396,0.0
2013-05-21,5.463,5.463,5.463,5.463,0.0
2013-05-22,5.562,5.562,5.562,5.562,0.0
2013-05-23,5.55,5.55,5.55,5.55,0.0
2013-05-24,5.541,5.541,5.541,5.541,0.0
2013-05-28,5.53,5.53,5.53,5.53,0.0
2013-05-29,5.521,5.521,5.521,5.521,0.0
2013-05-30,5.481,5.481,5.481,5.481,0.0
2013-05-31,5.503,5.503,5.503,5.503,0.0
2013-06-03,5.518,5.518,5.518,5.518,0.0
2013-06-04,5.495,5.495,5.495,5.495,0.0
2013-06-05,5.467,5.467,5.467,5.467,0.0
2013-06-06,5.412,5.412,5.412,5.412,0.0
2013-06-07,5.438,5.438,5.438,5.438,0.0
2013-06-10,5.422,5.422,5.422,5.422,0.0
2013-06-11,5.347,5.347,5.347,5.347,0.0
2013-06-12,5.311,5.311,5.311,5.311,0.0
2013-06-13,5.315,5.315,5.315,5.315,0.0
2013-06-14,5.301,5.301,5.301,5.301,0.0
2013-06-17,5.337,5.337,5.337,5.337,0.0
2013-06-18,5.394,5.394,5.394,5.394,0.0
2013-06-19,5.361,5.361,5.361,5.361,0.0
2013-06-20,5.342,5.342,5.342,5.342,0.0
2013-06-21,5.42,5.42,5.42,5.42,0.0
2013-06-24,5.531,5.531,5.531,5.531,0.0
2013-06-25,5.593,5.593,5.593,5.593,0.0
2013-06-26,5.64,5.64,5.64,5.64,0.0
2013-06-27,5.579,5.579,5.579,5.579,0.0
2013-06-28,5.611,5.611,5.611,5.611,0.0
2013-07-01,5.546,5.546,5.546,5.546,0.0
2013-07-02,5.581,5.581,5.581,5.581,0.0
2013-07-03,5.603,5.603,5.603,5.603,0.0
2013-07-05,5.562,5.562,5.562,5.562,0.0
2013-07-08,5.609,5.609,5.609,5.609,0.0
2013-07-09,5.519,5.519,5.519,5.519,0.0
2013-07-10,5.505,5.505,5.505,5.505,0.0
2013-07-11,5.502,5.502,5.502,5.502,0.0
2013-07-12,5.502,5.502,5.502,5.502,0.0
2013-07-15,5.523,5.523,5.523,5.523,0.0
2013-07-16,5.522,5.522,5.522,5.522,0.0
2013-07-17,5.524,5.524,5.524,5.524,0.0
2013-07-18,5.474,5.474,5.474,5.474,0.0
2013-07-19,5.428,5.428,5.428,5.428,0.0
2013-07-22,5.404,5.404,5.404,5.404,0.0
2013-07-23,5.373,5.373,5.373,5.373,0.0
2013-07-24,5.392,5.392,5.392,5.392,0.0
2013-07-25,5.417,5.417,5.417,5.417,0.0
2013-07-26,5.362,5.362,5.362,5.362,0.0
2013-07-29,5.362,5.362,5.362,5.362,0.0
2013-07-30,5.329,5.329,5.329,5.329,0.0
2013-07-31,5.347,5.347,5.347,5.347,0.0
2013-08-01,5.323,5.323,5.323,5.323,0.0
2013-08-02,5.308,5.308,5.308,5.308,0.0
2013-08-05,5.296,5.296,5.296,5.296,0.0
2013-08-06,5.279,5.279,5.279,5.279,0.0
2013-08-07,5.299,5.299,5.299,5.299,0.0
2013-08-08,5.267,5.267,5.267,5.267,0.0
2013-08-09,5.237,5.237,5.237,5.237,0.0
2013-08-12,5.177,5.177,5.177,5.177,0.0
2013-08-13,5.109,5.109,5.109,5.109,0.0
2013-08-14,5.06,5.06,5.06,5.06,0.0
2013-08-15,5.088,5.088,5.088,5.088,0.0
2013-08-16,5.07,5.07,5.07,5.07,0.0
2013-08-19,5.081,5.081,5.081,5.081,0.0
2013-08-20,5.067,5.067,5.067,5.067,0.0
2013-08-21,5.031,5.031,5.031,5.031,0.0
2013-08-22,5.058,5.058,5.058,5.058,0.0
2013-08-23,5.028,5.028,5.028,5.028,0.0
2013-08-26,4.988,4.988,4.988,4.988,0.0
2013-08-27,4.933,4.933,4.933,4.933,0.0
2013-08-28,4.955,4.955,4.955,4.955,0.0
2013-08-29,4.965,4.965,4.965,4.965,0.0
2013-08-30,4.977,4.977,4.977,4.977,0.0
2013-09-03,4.986,4.986,4.986,4.986,0.0
2013-09-04,4.953,4.953,4.953,4.953,0.0
2013-09-05,4.939,4.939,4.939,4.939,0.0
2013-09-06,4.941,4.941,4.941,4.941,0.0
2013-09-09,4.936,4.936,4.936,4.936,0.0
2013-09-10,4.95,4.95,4.95,4.95,0.0
2013-09-11,4.937,4.937,4.937,4.937,0.0
2013-09-12,4.926,4.926,4.926,4.926,0.0
2013-09-13,4.946,4.946,4.946,4.946,0.0
2013-09-16,4.948,4.948,4.948,4.948,0.0
2013-09-17,4.923,4.923,4.923,4.923,0.0
2013-09-18,4.976,4.976,4.976,4.976,0.0
2013-09-19,5.004,5.004,5.004,5.004,0.0
2013-09-20,4.99,4.99,4.99,4.99,0.0
2013-09-23,4.951,4.951,4.951,4.951,0.0
2013-09-24,4.931,4.931,4.931,4.931,0.0
2013-09-25,4.913,4.913,4.913,4.913,0.0
2013-09-26,4.979,4.979,4.979,4.979,0.0
2013-09-27,5.004,5.004,5.004,5.004,0.0
2013-09-30,4.954,4.954,4.954,4.954,0.0
2013-10-01,4.974,4.974,4.974,4.974,0.0
2013-10-02,4.933,4.933,4.933,4.933,0.0
2013-10-03,4.934,4.934,4.934,4.934,0.0
2013-10-04,4.942,4.942,4.942,4.942,0.0
2013-10-07,4.959,4.959,4.959,4.959,0.0
2013-10-08,4.982,4.982,4.982,4.982,0.0
2013-10-09,4.97,4.97,4.97,4.97,0.0
2013-10-10,4.965,4.965,4.965,4.965,0.0
2013-10-11,4.915,4.915,4.915,4.915,0.0
2013-10-14,4.932,4.932,4.932,4.932,0.0
2013-10-15,4.895,4.895,4.895,4.895,0.0
2013-10-16,4.837,4.837,4.837,4.837,0.0
2013-10-17,4.887,4.887,4.887,4.887,0.0
2013-10-18,4.898,4.898,4.898,4.898,0.0
2013-10-21,4.894,4.894,4.894,4.894,0.0
2013-10-22,4.92,4.92,4.92,4.92,0.0
2013-10-23,4.926,4.926,4.926,4.926,0.0
2013-10-24,4.913,4.913,4.913,4.913,0.0
2013-10-25,4.944,4.944,4.944,4.944,0.0
2013-10-28,4.897,4.897,4.897,4.897,0.0
2013-10-29,4.888,4.888,4.888,4.888,0.0
2013-10-30,4.874,4.874,4.874,4.874,0.0
2013-10-31,4.805,4.805,4.805,4.805,0.0
2013-11-01,4.73,4.73,4.73,4.73,0.0
2013-11-04,4.701,4.701,4.701,4.701,0.0
2013-11-05,4.683,4.683,4.683,4.683,0.0
2013-11-06,4.695,4.695,4.695,4.695,0.0
2013-11-07,4.689,4.689,4.689,4.689,0.0
2013-11-08,4.648,4.648,4.648,4.648,0.0
2013-11-11,4.657,4.657,4.657,4.657,0.0
2013-11-12,4.646,4.646,4.646,4.646,0.0
2013-11-13,4.606,4.606,4.606,4.606,0.0
2013-11-14,4.58,4.58,4.58,4.58,0.0
2013-11-15,4.581,4.581,4.581,4.581,0.0
2013-11-18,4.585,4.585,4.585,4.585,0.0
2013-11-19,4.543,4.543,4.543,4.543,0.0
2013-11-20,4.575,4.575,4.575,4.575,0.0
2013-11-21,4.558,4.558,4.558,4.558,0.0
2013-11-22,4.56,4.56,4.56,4.56,0.0
2013-11-25,4.571,4.571,4.571,4.571,0.0
2013-11-26,4.558,4.558,4.558,4.558,0.0
2013-11-27,4.56,4.56,4.56,4.56,0.0
2013-11-29,4.553,4.553,4.553,4.553,0.0
2013-12-02,4.643,4.643,4.643,4.643,0.0
2013-12-03,4.712,4.712,4.712,4.712,0.0
2013-12-04,4.797,4.797,4.797,4.797,0.0
2013-12-05,4.776,4.776,4.776,4.776,0.0
2013-12-06,4.752,4.752,4.752,4.752,0.0
2013-12-09,4.668,4.668,4.668,4.668,0.0
2013-12-10,4.635,4.635,4.635,4.635,3.0
2013-12-11,4.604,4.604,4.604,4.604,0.0
2013-12-12,4.514,4.514,4.514,4.514,0.0
2013-12-13,4.516,4.516,4.516,4.516,0.0
2013-12-16,4.555,4.555,4.555,4.555,0.0
2013-12-17,4.528,4.528,4.528,4.528,0.0
2013-12-18,4.495,4.495,4.495,4.495,0.0
2013-12-19,4.511,4.511,4.511,4.511,0.0
2013-12-20,4.471,4.471,4.471,4.471,0.0
2013-12-23,4.456,4.456,4.456,4.456,0.0
2013-12-24,4.483,4.483,4.483,4.483,0.0
2013-12-26,4.48,4.48,4.48,4.48,0.0
2013-12-27,4.492,4.492,4.492,4.492,0.0
2013-12-30,4.482,4.482,4.482,4.482,0.0
2013-12-31,4.415,4.415,4.415,4.415,0.0
2014-01-02,4.43,4.43,4.43,4.43,0.0
2014-01-03,4.456,4.456,4.456,4.456,0.0
2014-01-06,4.462,4.462,4.462,4.462,0.0
2014-01-07,4.48,4.48,4.48,4.48,0.0
2014-01-08,4.5,4.5,4.5,4.5,0.0
2014-01-09,4.446,4.446,4.446,4.446,0.0
2014-01-10,4.513,4.513,4.513,4.513,0.0
2014-01-13,4.434,4.434,4.434,4.434,0.0
2014-01-14,4.431,4.431,4.431,4.431,0.0
2014-01-15,4.417,4.417,4.417,4.417,0.0
2014-01-16,4.412,4.412,4.412,4.412,0.0
2014-01-17,4.402,4.402,4.402,4.402,0.0
2014-01-21,4.45,4.45,4.45,4.45,0.0
2014-01-22,4.45,4.45,4.45,4.45,0.0
2014-01-23,4.444,4.444,4.444,4.444,0.0
2014-01-24,4.446,4.446,4.446,4.446,0.0
2014-01-27,4.485,4.485,4.485,4.485,0.0
2014-01-28,4.471,4.471,4.471,4.471,0.0
2014-01-29,4.465,4.465,4.465,4.465,0.0
2014-01-30,4.477,4.477,4.477,4.477,0.0
2014-01-31,4.474,4.474,4.474,4.474,0.0
2014-02-03,4.513,4.513,4.513,4.513,0.0
2014-02-04,4.489,4.489,4.489,4.489,0.0
2014-02-05,4.454,4.454,4.454,4.454,0.0
2014-02-06,4.399,4.399,4.399,4.399,0.0
2014-02-07,4.398,4.398,4.398,4.398,0.0
2014-02-10,4.363,4.363,4.363,4.363,0.0
2014-02-11,4.258,4.258,4.258,4.258,0.0
2014-02-12,4.264,4.264,4.264,4.264,0.0
2014-02-13,4.25,4.25,4.25,4.25,0.0
2014-02-14,4.26,4.26,4.26,4.26,0.0
2014-02-18,4.261,4.261,4.261,4.261,0.0
2014-02-19,4.291,4.291,4.291,4.291,0.0
2014-02-20,4.356,4.356,4.356,4.356,0.0
2014-02-21,4.378,4.378,4.378,4.378,0.0
2014-02-24,4.405,4.405,4.405,4.405,0.0
2014-02-25,4.418,4.418,4.418,4.418,0.0
2014-02-26,4.375,4.375,4.375,4.375,0.0
2014-02-27,4.322,4.322,4.322,4.322,0.0
2014-02-28,4.292,4.292,4.292,4.292,0.0
2014-03-03,4.29,4.29,4.29,4.29,0.0
2014-03-04,4.318,4.318,4.318,4.318,0.0
2014-03-05,4.338,4.338,4.338,4.338,0.0
2014-03-06,4.467,4.467,4.467,4.467,0.0
2014-03-07,4.429,4.429,4.429,4.429,0.0
2014-03-10,4.439,4.439,4.439,4.439,0.0
2014-03-11,4.42,4.42,4.42,4.42,0.0
2014-03-12,4.47,4.47,4.47,4.47,0.0
2014-03-13,4.554,4.554,4.554,4.554,0.0
2014-03-14,4.644,4.644,4.644,4.644,0.0
2014-03-17,4.626,4.626,4.626,4.626,0.0
2014-03-18,4.576,4.576,4.576,4.576,0.0
2014-03-19,4.621,4.621,4.621,4.621,0.0
2014-03-20,4.65,4.65,4.65,4.65,0.0
2014-03-21,4.64,4.64,4.64,4.64,0.0
2014-03-24,4.665,4.665,4.665,4.665,0.0
2014-03-25,4.69,4.69,4.69,4.69,0.0
2014-03-26,4.709,4.709,4.709,4.709,0.0
2014-03-27,4.706,4.706,4.706,4.706,0.0
2014-03-28,4.686,4.686,4.686,4.686,0.0
2014-03-31,4.686,4.686,4.686,4.686,0.0
2014-04-01,4.645,4.645,4.645,4.645,0.0
2014-04-02,4.66,4.66,4.66,4.66,0.0
2014-04-03,4.737,4.737,4.737,4.737,0.0
2014-04-04,4.743,4.743,4.743,4.743,0.0
2014-04-07,4.763,4.763,4.763,4.763,0.0
2014-04-08,4.757,4.757,4.757,4.757,0.0
2014-04-09,4.812,4.812,4.812,4.812,0.0
2014-04-10,4.848,4.848,4.848,4.848,0.0
2014-04-11,4.851,4.851,4.851,4.851,0.0
2014-04-14,4.849,4.849,4.849,4.849,0.0
2014-04-15,4.866,4.866,4.866,4.866,0.0
2014-04-16,4.871,4.871,4.871,4.871,0.0
2014-04-17,4.872,4.872,4.872,4.872,0.0
2014-04-21,4.833,4.833,4.833,4.833,0.0
2014-04-22,4.854,4.854,4.854,4.854,0.0
2014-04-23,4.847,4.847,4.847,4.847,0.0
2014-04-24,4.886,4.886,4.886,4.886,0.0
2014-04-25,4.875,4.875,4.875,4.875,0.0
2014-04-28,4.888,4.888,4.888,4.888,0.0
2014-04-29,4.938,4.938,4.938,4.938,0.0
2014-04-30,4.944,4.944,4.944,4.944,0.0
2014-05-01,4.948,4.948,4.948,4.948,0.0
2014-05-02,4.936,4.936,4.936,4.936,0.0
2014-05-05,4.923,4.923,4.923,4.923,0.0
2014-05-06,4.939,4.939,4.939,4.939,0.0
2014-05-07,4.944,4.944,4.944,4.944,0.0
2014-05-08,4.954,4.954,4.954,4.954,0.0
2014-05-09,4.989,4.989,4.989,4.989,0.0
2014-05-12,4.959,4.959,4.959,4.959,0.0
2014-05-13,4.947,4.947,4.947,4.947,0.0
2014-05-14,4.965,4.965,4.965,4.965,0.0
2014-05-15,4.926,4.926,4.926,4.926,0.0
2014-05-16,4.886,4.886,4.886,4.886,0.0
2014-05-19,4.887,4.887,4.887,4.887,0.0
2014-05-20,4.882,4.882,4.882,4.882,0.0
2014-05-21,4.887,4.887,4.887,4.887,0.0
2014-05-22,4.865,4.865,4.865,4.865,0.0
2014-05-23,4.885,4.885,4.885,4.885,0.0
2014-05-27,4.908,4.908,4.908,4.908,0.0
2014-05-28,4.896,4.896,4.896,4.896,0.0
2014-05-29,4.899,4.899,4.899,4.899,0.0
2014-05-30,4.895,4.895,4.895,4.895,0.0
2014-06-02,4.93,4.93,4.93,4.93,0.0
2014-06-03,4.907,4.907,4.907,4.907,0.0
2014-06-04,4.902,4.902,4.902,4.902,0.0
2014-06-05,4.92,4.92,4.92,4.92,0.0
2014-06-06,4.936,4.936,4.936,4.936,0.0
2014-06-09,4.922,4.922,4.922,4.922,0.0
2014-06-10,4.965,4.965,4.965,4.965,0.0
2014-06-11,4.956,4.956,4.956,4.956,0.0
2014-06-12,4.951,4.951,4.951,4.951,0.0
2014-06-13,4.98,4.98,4.98,4.98,0.0
2014-06-16,4.979,4.979,4.979,4.979,0.0
2014-06-17,5.019,5.019,5.019,5.019,0.0
2014-06-18,5.033,5.033,5.033,5.033,0.0
2014-06-19,5.055,5.055,5.055,5.055,0.0
2014-06-20,5.015,5.015,5.015,5.015,0.0
2014-06-23,5.003,5.003,5.003,5.003,0.0
2014-06-24,4.999,4.999,4.999,4.999,0.0
2014-06-25,5.008,5.008,5.008,5.008,0.0
2014-06-26,4.938,4.938,4.938,4.938,0.0
2014-06-27,4.923,4.923,4.923,4.923,0.0
2014-06-30,4.942,4.942,4.942,4.942,0.0
2014-07-01,4.95,4.95,4.95,4.95,0.0
2014-07-02,4.925,4.925,4.925,4.925,0.0
2014-07-03,4.92,4.92,4.92,4.92,0.0
2014-07-07,4.894,4.894,4.894,4.894,0.0
2014-07-08,4.87,4.87,4.87,4.87,0.0
2014-07-09,4.836,4.836,4.836,4.836,0.0
2014-07-10,4.783,4.783,4.783,4.783,0.0
2014-07-11,4.777,4.777,4.777,4.777,0.0
2014-07-14,4.753,4.753,4.753,4.753,0.0
2014-07-15,4.738,4.738,4.738,4.738,0.0
2014-07-16,4.753,4.753,4.753,4.753,0.0
2014-07-17,4.744,4.744,4.744,4.744,0.0
2014-07-18,4.771,4.771,4.771,4.771,0.0
2014-07-21,4.752,4.752,4.752,4.752,0.0
2014-07-22,4.706,4.706,4.706,4.706,0.0
2014-07-23,4.682,4.682,4.682,4.682,0.0
2014-07-24,4.663,4.663,4.663,4.663,0.0
2014-07-25,4.658,4.658,4.658,4.658,0.0
2014-07-28,4.645,4.645,4.645,4.645,0.0
2014-07-29,4.57,4.57,4.57,4.57,0.0
2014-07-30,4.597,4.597,4.597,4.597,0.0
2014-07-31,4.623,4.623,4.623,4.623,0.0
2014-08-01,4.651,4.651,4.651,4.651,0.0
2014-08-04,4.646,4.646,4.646,4.646,0.0
2014-08-05,4.623,4.623,4.623,4.623,0.0
2014-08-06,4.613,4.613,4.613,4.613,0.0
2014-08-07,4.627,4.627,4.627,4.627,0.0
2014-08-08,4.633,4.633,4.633,4.633,0.0
2014-08-11,4.588,4.588,4.588,4.588,0.0
2014-08-12,4.57,4.57,4.57,4.57,0.0
2014-08-13,4.555,4.555,4.555,4.555,0.0
2014-08-14,4.566,4.566,4.566,4.566,0.0
2014-08-15,4.531,4.531,4.531,4.531,0.0
2014-08-18,4.531,4.531,4.531,4.531,0.0
2014-08-19,4.529,4.529,4.529,4.529,0.0
2014-08-20,4.509,4.509,4.509,4.509,0.0
2014-08-21,4.522,4.522,4.522,4.522,0.0
2014-08-22,4.518,4.518,4.518,4.518,0.0
2014-08-25,4.526,4.526,4.526,4.526,0.0
2014-08-26,4.525,4.525,4.525,4.525,0.0
2014-08-27,4.55,4.55,4.55,4.55,0.0
2014-08-28,4.546,4.546,4.546,4.546,2.0
2014-08-29,4.538,4.538,4.538,4.538,0.0
2014-09-02,4.516,4.516,4.516,4.516,0.0
2014-09-03,4.527,4.527,4.527,4.527,0.0
2014-09-04,4.54,4.54,4.54,4.54,0.0
2014-09-05,4.525,4.525,4.525,4.525,0.0
2014-09-08,4.515,4.515,4.515,4.515,0.0
2014-09-09,4.503,4.503,4.503,4.503,0.0
2014-09-10,4.523,4.523,4.523,4.523,0.0
2014-09-11,4.542,4.542,4.542,4.542,0.0
2014-09-12,4.516,4.516,4.516,4.516,0.0
2014-09-15,4.499,4.499,4.499,4.499,0.0
2014-09-16,4.504,4.504,4.504,4.504,0.0
2014-09-17,4.498,4.498,4.498,4.498,0.0
2014-09-18,4.477,4.477,4.477,4.477,0.0
2014-09-19,4.475,4.475,4.475,4.475,0.0
2014-09-22,4.46,4.46,4.46,4.46,0.0
2014-09-23,4.454,4.454,4.454,4.454,0.0
2014-09-24,4.479,4.479,4.479,4.479,0.0
2014-09-25,4.478,4.478,4.478,4.478,0.0
2014-09-26,4.458,4.458,4.458,4.458,0.0
2014-09-29,4.469,4.469,4.469,4.469,0.0
2014-09-30,4.501,4.501,4.501,4.501,0.0
2014-10-01,4.474,4.474,4.474,4.474,0.0
2014-10-02,4.492,4.492,4.492,4.492,0.0
2014-10-03,4.469,4.469,4.469,4.469,0.0
2014-10-06,4.469,4.469,4.469,4.469,0.0
2014-10-07,4.472,4.472,4.472,4.472,0.0
2014-10-08,4.472,4.472,4.472,4.472,0.0
2014-10-09,4.487,4.487,4.487,4.487,0.0
2014-10-10,4.484,4.484,4.484,4.484,0.0
2014-10-13,4.494,4.494,4.494,4.494,0.0
2014-10-14,4.484,4.484,4.484,4.484,0.0
2014-10-15,4.469,4.469,4.469,4.469,0.0
2014-10-16,4.469,4.469,4.469,4.469,0.0
2014-10-17,4.484,4.484,4.484,4.484,0.0
2014-10-20,4.471,4.471,4.471,4.471,0.0
2014-10-21,4.466,4.466,4.466,4.466,0.0
2014-10-22,4.447,4.447,4.447,4.447,0.0
2014-10-23,4.446,4.446,4.446,4.446,0.0
2014-10-24,4.423,4.423,4.423,4.423,0.0
2014-10-27,4.41,4.41,4.41,4.41,0.0
2014-10-28,4.395,4.395,4.395,4.395,0.0
2014-10-29,4.4,4.4,4.4,4.4,0.0
2014-10-30,4.393,4.393,4.393,4.393,0.0
2014-10-31,4.408,4.408,4.408,4.408,0.0
2014-11-03,4.419,4.419,4.419,4.419,0.0
2014-11-04,4.414,4.414,4.414,4.414,0.0
2014-11-05,4.385,4.385,4.385,4.385,0.0
2014-11-06,4.372,4.372,4.372,4.372,0.0
2014-11-07,4.369,4.369,4.369,4.369,0.0
2014-11-10,4.363,4.363,4.363,4.363,0.0
2014-11-11,4.378,4.378,4.378,4.378,0.0
2014-11-12,4.399,4.399,4.399,4.399,0.0
2014-11-13,4.377,4.377,4.377,4.377,0.0
2014-11-14,4.403,4.403,4.403,4.403,0.0
2014-11-17,4.406,4.406,4.406,4.406,0.0
2014-11-18,4.381,4.381,4.381,4.381,0.0
2014-11-19,4.376,4.376,4.376,4.376,0.0
2014-11-20,4.371,4.371,4.371,4.371,0.0
2014-11-21,4.344,4.344,4.344,4.344,0.0
2014-11-24,4.398,4.398,4.398,4.398,0.0
2014-11-25,4.382,4.382,4.382,4.382,0.0
2014-11-26,4.375,4.375,4.375,4.375,0.0
2014-11-28,4.393,4.393,4.393,4.393,0.0
2014-12-01,4.443,4.443,4.443,4.443,0.0
2014-12-02,4.437,4.437,4.437,4.437,0.0
2014-12-03,4.424,4.424,4.424,4.424,0.0
2014-12-04,4.404,4.404,4.404,4.404,0.0
2014-12-05,4.425,4.425,4.425,4.425,0.0
2014-12-08,4.431,4.431,4.431,4.431,0.0
2014-12-09,4.453,4.453,4.453,4.453,0.0
2014-12-10,4.438,4.438,4.438,4.438,0.0
2014-12-11,4.415,4.415,4.415,4.415,0.0
2014-12-12,4.399,4.399,4.399,4.399,0.0
2014-12-15,4.386,4.386,4.386,4.386,0.0
2014-12-16,4.336,4.336,4.336,4.336,0.0
2014-12-17,4.361,4.361,4.361,4.361,0.0
2014-12-18,4.342,4.342,4.342,4.342,0.0
2014-12-19,4.287,4.287,4.287,4.287,0.0
2014-12-22,4.271,4.271,4.271,4.271,0.0
2014-12-23,4.247,4.247,4.247,4.247,0.0
2014-12-24,4.241,4.241,4.241,4.241,0.0
2014-12-26,4.238,4.238,4.238,4.238,0.0
2014-12-29,4.236,4.236,4.236,4.236,0.0
2014-12-30,4.227,4.227,4.227,4.227,0.0
2014-12-31,4.198,4.198,4.198,4.198,0.0
2015-01-02,4.183,4.183,4.183,4.183,0.0
2015-01-05,4.183,4.183,4.183,4.183,0.0
2015-01-06,4.149,4.149,4.149,4.149,0.0
2015-01-07,4.09,4.09,4.09,4.09,0.0
2015-01-08,4.07,4.07,4.07,4.07,0.0
2015-01-09,4.058,4.058,4.058,4.058,0.0
2015-01-12,3.96,3.96,3.96,3.96,0.0
2015-01-13,3.94,3.94,3.94,3.94,0.0
2015-01-14,3.865,3.865,3.865,3.865,0.0
2015-01-15,3.815,3.815,3.815,3.815,0.0
2015-01-16,3.823,3.823,3.823,3.823,0.0
2015-01-20,3.811,3.811,3.811,3.811,0.0
2015-01-21,3.824,3.824,3.824,3.824,0.0
2015-01-22,3.825,3.825,3.825,3.825,0.0
2015-01-23,3.822,3.822,3.822,3.822,0.0
2015-01-26,3.84,3.84,3.84,3.84,0.0
2015-01-27,3.834,3.834,3.834,3.834,0.0
2015-01-28,3.851,3.851,3.851,3.851,0.0
2015-01-29,3.834,3.834,3.834,3.834,0.0
2015-01-30,3.841,3.841,3.841,3.841,0.0
2015-02-02,3.804,3.804,3.804,3.804,0.0
2015-02-03,3.82,3.82,3.82,3.82,0.0
2015-02-04,3.831,3.831,3.831,3.831,0.0
2015-02-05,3.741,3.741,3.741,3.741,0.0
2015-02-06,3.795,3.795,3.795,3.795,0.0
2015-02-09,3.802,3.802,3.802,3.802,0.0
2015-02-10,3.823,3.823,3.823,3.823,0.0
2015-02-11,3.806,3.806,3.806,3.806,0.0
2015-02-12,3.807,3.807,3.807,3.807,0.0
2015-02-13,3.847,3.847,3.847,3.847,0.0
2015-02-17,3.787,3.787,3.787,3.787,0.0
2015-02-18,3.804,3.804,3.804,3.804,0.0
2015-02-19,3.778,3.778,3.778,3.778,0.0
2015-02-20,3.783,3.783,3.783,3.783,0.0
2015-02-23,3.755,3.755,3.755,3.755,0.0
2015-02-24,3.763,3.763,3.763,3.763,0.0
2015-02-25,3.769,3.769,3.769,3.769,0.0
2015-02-26,3.739,3.739,3.739,3.739,0.0
2015-02-27,3.74,3.74,3.74,3.74,0.0
2015-03-02,3.726,3.726,3.726,3.726,0.0
2015-03-03,3.737,3.737,3.737,3.737,0.0
2015-03-04,3.731,3.731,3.731,3.731,0.0
2015-03-05,3.695,3.695,3.695,3.695,0.0
2015-03-06,3.695,3.695,3.695,3.695,0.0
2015-03-09,3.67,3.67,3.67,3.67,0.0
2015-03-10,3.668,3.668,3.668,3.668,0.0
2015-03-11,3.661,3.661,3.661,3.661,0.0
2015-03-12,3.63,3.63,3.63,3.63,0.0
2015-03-13,3.626,3.626,3.626,3.626,0.0
2015-03-16,3.639,3.639,3.639,3.639,0.0
2015-03-17,3.622,3.622,3.622,3.622,0.0
2015-03-18,3.644,3.644,3.644,3.644,0.0
2015-03-19,3.65,3.65,3.65,3.65,0.0
2015-03-20,3.628,3.628,3.628,3.628,0.0
2015-03-23,3.629,3.629,3.629,3.629,0.0
2015-03-24,3.645,3.645,3.645,3.645,0.0
2015-03-25,3.613,3.613,3.613,3.613,0.0
2015-03-26,3.604,3.604,3.604,3.604,0.0
2015-03-27,3.579,3.579,3.579,3.579,0.0
2015-03-30,3.567,3.567,3.567,3.567,0.0
2015-03-31,3.579,3.579,3.579,3.579,0.0
2015-04-01,3.573,3.573,3.573,3.573,0.0
2015-04-02,3.622,3.622,3.622,3.622,0.0
2015-04-06,3.619,3.619,3.619,3.619,0.0
2015-04-07,3.659,3.659,3.659,3.659,0.0
2015-04-08,3.667,3.667,3.667,3.667,0.0
2015-04-09,3.66,3.66,3.66,3.66,0.0
2015-04-10,3.655,3.655,3.655,3.655,0.0
2015-04-13,3.645,3.645,3.645,3.645,0.0
2015-04-14,3.638,3.638,3.638,3.638,0.0
2015-04-15,3.645,3.645,3.645,3.645,0.0
2015-04-16,3.665,3.665,3.665,3.665,0.0
2015-04-17,3.648,3.648,3.648,3.648,0.0
2015-04-20,3.649,3.649,3.649,3.649,0.0
2015-04-21,3.652,3.652,3.652,3.652,0.0
2015-04-22,3.659,3.659,3.659,3.659,0.0
2015-04-23,3.617,3.617,3.617,3.617,0.0
2015-04-24,3.615,3.615,3.615,3.615,0.0
2015-04-27,3.595,3.595,3.595,3.595,0.0
2015-04-28,3.59,3.59,3.59,3.59,0.0
2015-04-29,3.595,3.595,3.595,3.595,0.0
2015-04-30,3.596,3.596,3.596,3.596,0.0
2015-05-01,3.599,3.599,3.599,3.599,0.0
2015-05-04,3.596,3.596,3.596,3.596,0.0
2015-05-05,3.602,3.602,3.602,3.602,0.0
2015-05-06,3.61,3.61,3.61,3.61,0.0
2015-05-07,3.607,3.607,3.607,3.607,0.0
2015-05-08,3.622,3.622,3.622,3.622,0.0
2015-05-11,3.603,3.603,3.603,3.603,0.0
2015-05-12,3.59,3.59,3.59,3.59,0.0
2015-05-13,3.599,3.599,3.599,3.599,0.0
2015-05-14,3.61,3.61,3.61,3.61,0.0
2015-05-15,3.603,3.603,3.603,3.603,0.0
2015-05-18,3.607,3.607,3.607,3.607,0.0
2015-05-19,3.6,3.6,3.6,3.6,0.0
2015-05-20,3.596,3.596,3.596,3.596,0.0
2015-05-21,3.595,3.595,3.595,3.595,0.0
2015-05-22,3.592,3.592,3.592,3.592,0.0
2015-05-26,3.593,3.593,3.593,3.593,0.0
2015-05-27,3.588,3.588,3.588,3.588,0.0
2015-05-28,3.58,3.58,3.58,3.58,0.0
2015-05-29,3.57,3.57,3.57,3.57,0.0
2015-06-01,3.571,3.571,3.571,3.571,0.0
2015-06-02,3.568,3.568,3.568,3.568,0.0
2015-06-03,3.569,3.569,3.569,3.569,0.0
2015-06-04,3.523,3.523,3.523,3.523,0.0
2015-06-05,3.484,3.484,3.484,3.484,0.0
2015-06-08,3.492,3.492,3.492,3.492,0.0
2015-06-09,3.497,3.497,3.497,3.497,0.0
2015-06-10,3.498,3.498,3.498,3.498,0.0
2015-06-11,3.543,3.543,3.543,3.543,0.0
2015-06-12,3.544,3.544,3.544,3.544,0.0
2015-06-15,3.55,3.55,3.55,3.55,0.0
2015-06-16,3.575,3.575,3.575,3.575,0.0
2015-06-17,3.569,3.569,3.569,3.569,0.0
2015-06-18,3.546,3.546,3.546,3.546,0.0
2015-06-19,3.551,3.551,3.551,3.551,0.0
2015-06-22,3.534,3.534,3.534,3.534,0.0
2015-06-23,3.533,3.533,3.533,3.533,0.0
2015-06-24,3.536,3.536,3.536,3.536,0.0
2015-06-25,3.537,3.537,3.537,3.537,0.0
2015-06-26,3.538,3.538,3.538,3.538,0.0
2015-06-29,3.536,3.536,3.536,3.536,0.0
2015-06-30,3.548,3.548,3.548,3.548,0.0
2015-07-01,3.559,3.559,3.559,3.559,0.0
2015-07-02,3.563,3.563,3.563,3.563,0.0
2015-07-06,3.524,3.524,3.524,3.524,0.0
2015-07-07,3.518,3.518,3.518,3.518,0.0
2015-07-08,3.531,3.531,3.531,3.531,0.0
2015-07-09,3.534,3.534,3.534,3.534,0.0
2015-07-10,3.532,3.532,3.532,3.532,0.0
2015-07-13,3.532,3.532,3.532,3.532,0.0
2015-07-14,3.567,3.567,3.567,3.567,0.0
2015-07-15,3.584,3.584,3.584,3.584,0.0
2015-07-16,3.575,3.575,3.575,3.575,0.0
2015-07-17,3.582,3.582,3.582,3.582,0.0
2015-07-20,3.575,3.575,3.575,3.575,0.0
2015-07-21,3.574,3.574,3.574,3.574,0.0
2015-07-22,3.57,3.57,3.57,3.57,0.0
2015-07-23,3.55,3.55,3.55,3.55,0.0
2015-07-24,3.552,3.552,3.552,3.552,0.0
2015-07-27,3.573,3.573,3.573,3.573,0.0
2015-07-28,3.572,3.572,3.572,3.572,0.0
2015-07-29,3.566,3.566,3.566,3.566,0.0
2015-07-30,3.545,3.545,3.545,3.545,0.0
2015-07-31,3.515,3.515,3.515,3.515,0.0
2015-08-03,3.49,3.49,3.49,3.49,0.0
2015-08-04,3.442,3.442,3.442,3.442,0.0
2015-08-05,3.441,3.441,3.441,3.441,0.0
2015-08-06,3.426,3.426,3.426,3.426,0.0
2015-08-07,3.42,3.42,3.42,3.42,0.0
2015-08-10,3.418,3.418,3.418,3.418,0.0
2015-08-11,3.395,3.395,3.395,3.395,0.0
2015-08-12,3.385,3.385,3.385,3.385,0.0
2015-08-13,3.395,3.395,3.395,3.395,0.0
2015-08-14,3.4,3.4,3.4,3.4,0.0
2015-08-17,3.405,3.405,3.405,3.405,0.0
2015-08-18,3.412,3.412,3.412,3.412,0.0
2015-08-19,3.363,3.363,3.363,3.363,0.0
2015-08-20,3.348,3.348,3.348,3.348,0.0
2015-08-21,3.318,3.318,3.318,3.318,0.0
2015-08-24,3.272,3.272,3.272,3.272,0.0
2015-08-25,3.26,3.26,3.26,3.26,0.0
2015-08-26,3.268,3.268,3.268,3.268,0.0
2015-08-27,3.275,3.275,3.275,3.275,0.0
2015-08-28,3.302,3.302,3.302,3.302,0.0
2015-08-31,3.299,3.299,3.299,3.299,0.0
2015-09-01,3.31,3.31,3.31,3.31,0.0
2015-09-02,3.303,3.303,3.303,3.303,0.0
2015-09-03,3.31,3.31,3.31,3.31,0.0
2015-09-04,3.3,3.3,3.3,3.3,0.0
2015-09-08,3.306,3.306,3.306,3.306,0.0
2015-09-09,3.321,3.321,3.321,3.321,0.0
2015-09-10,3.323,3.323,3.323,3.323,0.0
2015-09-11,3.283,3.283,3.283,3.283,0.0
2015-09-14,3.294,3.294,3.294,3.294,0.0
2015-09-15,3.29,3.29,3.29,3.29,0.0
2015-09-16,3.265,3.265,3.265,3.265,0.0
2015-09-17,3.238,3.238,3.238,3.238,0.0
2015-09-18,3.228,3.228,3.228,3.228,0.0
2015-09-21,3.217,3.217,3.217,3.217,0.0
2015-09-22,3.206,3.206,3.206,3.206,0.0
2015-09-23,3.218,3.218,3.218,3.218,0.0
2015-09-24,3.255,3.255,3.255,3.255,0.0
2015-09-25,3.22,3.22,3.22,3.22,0.0
2015-09-28,3.217,3.217,3.217,3.217,0.0
2015-09-29,3.187,3.187,3.187,3.187,0.0
2015-09-30,3.16,3.16,3.16,3.16,0.0
2015-10-01,3.143,3.143,3.143,3.143,0.0
2015-10-02,3.153,3.153,3.153,3.153,0.0
2015-10-05,3.166,3.166,3.166,3.166,0.0
2015-10-06,3.2,3.2,3.2,3.2,0.0
2015-10-07,3.202,3.202,3.202,3.202,0.0
2015-10-08,3.197,3.197,3.197,3.197,0.0
2015-10-09,3.197,3.197,3.197,3.197,0.0
2015-10-12,3.202,3.202,3.202,3.202,0.0
2015-10-13,3.204,3.204,3.204,3.204,0.0
2015-10-14,3.206,3.206,3.206,3.206,0.0
2015-10-15,3.193,3.193,3.193,3.193,0.0
2015-10-16,3.199,3.199,3.199,3.199,0.0
2015-10-19,3.203,3.203,3.203,3.203,0.0
2015-10-20,3.218,3.218,3.218,3.218,0.0
2015-10-21,3.201,3.201,3.201,3.201,0.0
2015-10-22,3.194,3.194,3.194,3.194,0.0
2015-10-23,3.157,3.157,3.157,3.157,0.0
2015-10-26,3.121,3.121,3.121,3.121,0.0
2015-10-27,3.111,3.111,3.111,3.111,0.0
2015-10-28,3.111,3.111,3.111,3.111,0.0
2015-10-29,3.099,3.099,3.099,3.099,0.0
2015-10-30,3.127,3.127,3.127,3.127,0.0
2015-11-02,3.106,3.106,3.106,3.106,0.0
2015-11-03,3.118,3.118,3.118,3.118,0.0
2015-11-04,3.126,3.126,3.126,3.126,0.0
2015-11-05,3.138,3.138,3.138,3.138,0.0
2015-11-06,3.136,3.136,3.136,3.136,0.0
2015-11-09,3.127,3.127,3.127,3.127,0.0
2015-11-10,3.125,3.125,3.125,3.125,0.0
2015-11-11,3.117,3.117,3.117,3.117,8.0
2015-11-12,3.103,3.103,3.103,3.103,1.0
2015-11-13,3.123,3.123,3.123,3.123,0.0
2015-11-16,3.133,3.133,3.133,3.133,0.0
2015-11-17,3.132,3.132,3.132,3.132,0.0
2015-11-18,3.075,3.075,3.075,3.075,0.0
2015-11-19,3.032,3.032,3.032,3.032,0.0
2015-11-20,3.001,3.001,3.001,3.001,0.0
2015-11-23,3.024,3.024,3.024,3.024,0.0
2015-11-24,3.03,3.03,3.03,3.03,0.0
2015-11-25,3.04,3.04,3.04,3.04,0.0
2015-11-27,3.022,3.022,3.022,3.022,0.0
2015-11-30,3.04,3.04,3.04,3.04,0.0
2015-12-01,3.051,3.051,3.051,3.051,0.0
2015-12-02,3.082,3.082,3.082,3.082,0.0
2015-12-03,3.087,3.087,3.087,3.087,0.0
2015-12-04,3.092,3.092,3.092,3.092,0.0
2015-12-07,3.077,3.077,3.077,3.077,0.0
2015-12-08,3.091,3.091,3.091,3.091,0.0
2015-12-09,3.112,3.112,3.112,3.112,0.0
2015-12-10,3.133,3.133,3.133,3.133,0.0
2015-12-11,3.147,3.147,3.147,3.147,50.0
2015-12-14,3.133,3.133,3.125,3.125,1.0
2015-12-15,3.1,3.1,3.1,3.1,0.0
2015-12-16,3.125,3.125,3.125,3.125,0.0
2015-12-17,3.125,3.146,3.125,3.146,1.0
2015-12-18,3.142,3.142,3.142,3.142,0.0
2015-12-21,3.135,3.135,3.135,3.135,0.0
2015-12-22,3.141,3.141,3.141,3.141,0.0
2015-12-23,3.133,3.133,3.133,3.133,0.0
2015-12-24,3.133,3.133,3.133,3.133,0.0
2015-12-28,3.16,3.16,3.16,3.16,0.0
2015-12-29,3.143,3.143,3.143,3.143,0.0
2015-12-30,3.135,3.135,3.135,3.135,0.0
2015-12-31,3.14,3.14,3.14,3.14,0.0
2016-01-04,3.12,3.12,3.12,3.12,0.0
2016-01-05,3.102,3.102,3.102,3.102,0.0
2016-01-06,3.105,3.105,3.105,3.105,0.0
2016-01-07,3.126,3.126,3.126,3.126,0.0
2016-01-08,3.105,3.105,3.105,3.105,0.0
2016-01-11,3.074,3.074,3.074,3.074,0.0
2016-01-12,3.05,3.05,3.05,3.05,0.0
2016-01-13,3.066,3.066,3.066,3.066,0.0
2016-01-14,3.079,3.079,3.079,3.079,0.0
2016-01-15,3.065,3.065,3.065,3.065,0.0
2016-01-19,3.067,3.067,3.067,3.067,0.0
2016-01-20,3.065,3.065,3.065,3.065,0.0
2016-01-21,3.075,3.075,3.075,3.075,0.0
2016-01-22,3.069,3.069,3.069,3.069,0.0
2016-01-25,3.062,3.062,3.062,3.062,0.0
2016-01-26,3.047,3.047,3.047,3.047,0.0
2016-01-27,3.054,3.054,3.054,3.054,0.0
2016-01-28,3.085,3.085,3.085,3.085,0.0
2016-01-29,3.067,3.067,3.067,3.067,0.0
2016-02-01,3.023,3.023,3.023,3.023,0.0
2016-02-02,2.958,2.958,2.958,2.958,0.0
2016-02-03,2.997,2.997,2.997,2.997,0.0
2016-02-04,3.0,3.0,3.0,3.0,0.0
2016-02-05,2.998,2.998,2.998,2.998,4.0
2016-02-08,2.941,2.941,2.941,2.941,0.0
2016-02-09,2.908,2.908,2.908,2.908,0.0
2016-02-10,2.877,2.877,2.877,2.877,0.0
2016-02-11,2.837,2.837,2.837,2.837,0.0
2016-02-12,2.809,2.809,2.809,2.809,0.0
2016-02-16,2.775,2.775,2.775,2.775,0.0
2016-02-17,2.768,2.768,2.768,2.768,0.0
2016-02-18,2.744,2.744,2.744,2.744,0.0
2016-02-19,2.712,2.712,2.712,2.712,0.0
2016-02-22,2.651,2.651,2.651,2.651,0.0
2016-02-23,2.67,2.67,2.67,2.67,0.0
2016-02-24,2.691,2.691,2.691,2.691,0.0
2016-02-25,2.662,2.662,2.662,2.662,0.0
2016-02-26,2.684,2.684,2.684,2.684,0.0
2016-02-29,2.735,2.735,2.735,2.735,0.0
2016-03-01,2.774,2.774,2.774,2.774,0.0
2016-03-02,2.778,2.778,2.778,2.778,0.0
2016-03-03,2.78,2.78,2.78,2.78,0.0
2016-03-04,2.779,2.779,2.779,2.779,0.0
2016-03-07,2.786,2.786,2.786,2.786,0.0
2016-03-08,2.781,2.792,2.781,2.792,2.0
2016-03-09,2.833,2.833,2.833,2.833,0.0
2016-03-10,2.83,2.856,2.83,2.856,2.0
2016-03-11,2.876,2.876,2.876,2.876,11.0
2016-03-14,2.866,2.866,2.866,2.866,0.0
2016-03-15,2.865,2.865,2.865,2.865,0.0
2016-03-16,2.875,2.875,2.875,2.875,0.0
2016-03-17,2.88,2.88,2.88,2.88,0.0
2016-03-18,2.871,2.871,2.871,2.871,0.0
2016-03-21,2.857,2.857,2.857,2.857,0.0
2016-03-22,2.88,2.88,2.88,2.88,0.0
2016-03-23,2.9,2.9,2.9,2.9,0.0
2016-03-24,2.92,2.92,2.92,2.92,0.0
2016-03-28,2.983,2.983,2.983,2.983,0.0
2016-03-29,2.998,2.998,2.998,2.998,0.0
2016-03-30,2.993,2.993,2.993,2.993,0.0
2016-03-31,2.997,2.997,2.997,2.997,0.0
2016-04-01,2.996,2.996,2.996,2.996,0.0
2016-04-04,3.0,3.0,3.0,3.0,0.0
2016-04-05,3.008,3.008,3.008,3.008,0.0
2016-04-06,3.017,3.017,3.017,3.017,0.0
2016-04-07,3.023,3.023,3.023,3.023,0.0
2016-04-08,3.038,3.038,3.038,3.038,0.0
2016-04-11,3.036,3.036,3.036,3.036,0.0
2016-04-12,3.039,3.039,3.039,3.039,0.0
2016-04-13,3.034,3.034,3.034,3.034,0.0
2016-04-14,3.032,3.032,3.032,3.032,0.0
2016-04-15,3.007,3.007,3.007,3.007,0.0
2016-04-18,3.016,3.016,3.016,3.016,0.0
2016-04-19,3.018,3.018,3.018,3.018,0.0
2016-04-20,3.013,3.013,3.013,3.013,0.0
2016-04-21,3.04,3.04,3.04,3.04,0.0
2016-04-22,3.034,3.034,3.034,3.034,0.0
2016-04-25,3.049,3.049,3.049,3.049,0.0
2016-04-26,3.085,3.085,3.085,3.085,0.0
2016-04-27,3.092,3.092,3.092,3.092,0.0
2016-04-28,3.086,3.086,3.086,3.086,0.0
2016-04-29,3.084,3.084,3.084,3.084,0.0
2016-05-02,3.064,3.064,3.064,3.064,0.0
2016-05-03,3.07,3.07,3.07,3.07,0.0
2016-05-04,3.079,3.079,3.079,3.079,0.0
2016-05-05,3.099,3.099,3.099,3.099,0.0
2016-05-06,3.079,3.079,3.079,3.079,0.0
2016-05-09,3.067,3.067,3.067,3.067,0.0
2016-05-10,3.041,3.041,3.041,3.041,0.0
2016-05-11,3.041,3.041,3.041,3.041,0.0
2016-05-12,3.03,3.03,3.03,3.03,0.0
2016-05-13,3.01,3.01,3.01,3.01,0.0
2016-05-16,3.011,3.011,3.011,3.011,0.0
2016-05-17,2.995,2.995,2.995,2.995,0.0
2016-05-18,2.972,2.972,2.972,2.972,0.0
2016-05-19,2.995,2.995,2.995,2.995,0.0
2016-05-20,2.983,2.983,2.983,2.983,0.0
2016-05-23,2.99,2.99,2.99,2.99,0.0
2016-05-24,3.011,3.011,3.011,3.011,0.0
2016-05-25,3.052,3.052,3.052,3.052,0.0
2016-05-26,3.078,3.078,3.078,3.078,0.0
2016-05-27,3.085,3.085,3.085,3.085,0.0
2016-05-31,3.092,3.092,3.092,3.092,0.0
2016-06-01,3.075,3.075,3.075,3.075,0.0
2016-06-02,3.076,3.076,3.076,3.076,0.0
2016-06-03,3.066,3.066,3.066,3.066,0.0
2016-06-06,3.06,3.06,3.06,3.06,0.0
2016-06-07,3.084,3.084,3.084,3.084,0.0
2016-06-08,3.082,3.082,3.082,3.082,0.0
2016-06-09,3.072,3.072,3.072,3.072,0.0
2016-06-10,3.054,3.054,3.054,3.054,0.0
2016-06-13,3.008,3.008,3.008,3.008,0.0
2016-06-14,2.991,2.991,2.991,2.991,0.0
2016-06-15,2.991,2.991,2.991,2.991,0.0
2016-06-16,2.991,2.991,2.991,2.991,0.0
2016-06-17,2.973,2.973,2.973,2.973,0.0
2016-06-20,2.975,2.975,2.975,2.975,0.0
2016-06-21,2.965,2.965,2.965,2.965,0.0
2016-06-22,2.979,2.979,2.979,2.979,0.0
2016-06-23,2.978,2.978,2.978,2.978,0.0
2016-06-24,2.996,2.996,2.996,2.996,0.0
2016-06-27,2.979,2.979,2.979,2.979,0.0
2016-06-28,3.011,3.011,3.011,3.011,0.0
2016-06-29,3.005,3.005,3.005,3.005,0.0
2016-06-30,3.02,3.02,3.02,3.02,0.0
2016-07-01,3.024,3.024,3.024,3.024,0.0
2016-07-05,3.011,3.011,3.011,3.011,0.0
2016-07-06,3.033,3.033,3.033,3.033,0.0
2016-07-07,3.031,3.031,3.031,3.031,0.0
2016-07-08,3.033,3.033,3.033,3.033,0.0
2016-07-11,3.029,3.029,3.029,3.029,0.0
2016-07-12,3.027,3.027,3.027,3.027,0.0
2016-07-13,3.038,3.038,3.038,3.038,0.0
2016-07-14,3.037,3.037,3.037,3.037,0.0
2016-07-15,3.026,3.026,3.026,3.026,0.0
2016-07-18,3.029,3.029,3.029,3.029,0.0
2016-07-19,3.017,3.017,3.017,3.017,0.0
2016-07-20,3.002,3.002,3.002,3.002,0.0
2016-07-21,3.011,3.011,3.011,3.011,0.0
2016-07-22,3.023,3.023,3.023,3.023,0.0
2016-07-25,3.029,3.029,3.029,3.029,0.0
2016-07-26,3.027,3.027,3.027,3.027,0.0
2016-07-27,3.015,3.015,3.015,3.015,0.0
2016-07-28,3.018,3.018,3.018,3.018,0.0
2016-07-29,3.021,3.021,3.021,3.021,0.0
2016-08-01,3.001,3.001,3.001,3.001,0.0
2016-08-02,3.009,3.009,3.009,3.009,0.0
2016-08-03,3.011,3.011,3.011,3.011,0.0
2016-08-04,3.032,3.032,3.032,3.032,0.0
2016-08-05,3.028,3.028,3.028,3.028,0.0
2016-08-08,3.032,3.032,3.032,3.032,0.0
2016-08-09,3.026,3.026,3.026,3.026,0.0
2016-08-10,3.007,3.007,3.007,3.007,0.0
2016-08-11,2.996,2.996,2.996,2.996,0.0
2016-08-12,2.993,2.993,2.993,2.993,0.0
2016-08-15,2.994,2.994,2.994,2.994,0.0
2016-08-16,3.003,3.003,3.003,3.003,0.0
2016-08-17,3.015,3.015,3.015,3.015,0.0
2016-08-18,3.013,3.013,3.013,3.013,0.0
2016-08-19,3.0,3.0,3.0,3.0,0.0
2016-08-22,2.992,2.992,2.992,2.992,0.0
2016-08-23,3.012,3.012,3.012,3.012,0.0
2016-08-24,3.036,3.036,3.036,3.036,0.0
2016-08-25,3.008,3.008,3.008,3.008,0.0
2016-08-26,2.988,2.988,2.988,2.988,0.0
2016-08-29,2.984,2.984,2.984,2.984,0.0
2016-08-30,2.979,2.979,2.979,2.979,0.0
2016-08-31,3.001,3.001,3.001,3.001,0.0
2016-09-01,2.964,2.964,2.964,2.964,0.0
2016-09-02,2.96,2.96,2.96,2.96,0.0
2016-09-06,2.951,2.951,2.951,2.951,0.0
2016-09-07,2.937,2.937,2.937,2.937,0.0
2016-09-08,2.946,2.946,2.946,2.946,0.0
2016-09-09,2.93,2.93,2.93,2.93,0.0
2016-09-12,2.932,2.932,2.932,2.932,0.0
2016-09-13,2.916,2.916,2.916,2.916,0.0
2016-09-14,2.922,2.922,2.922,2.922,0.0
2016-09-15,2.914,2.914,2.914,2.914,0.0
2016-09-16,2.901,2.901,2.901,2.901,0.0
2016-09-19,2.893,2.893,2.893,2.893,0.0
2016-09-20,2.889,2.889,2.889,2.889,0.0
2016-09-21,2.89,2.89,2.89,2.89,0.0
2016-09-22,2.874,2.874,2.874,2.874,0.0
2016-09-23,2.86,2.872,2.86,2.872,1.0
2016-09-26,2.891,2.891,2.891,2.891,0.0
2016-09-27,2.864,2.864,2.864,2.864,0.0
2016-09-28,2.841,2.841,2.841,2.841,0.0
2016-09-29,2.81,2.81,2.81,2.81,0.0
2016-09-30,2.815,2.815,2.799,2.799,5.0
2016-10-03,2.809,2.809,2.809,2.809,0.0
2016-10-04,2.79,2.79,2.79,2.79,0.0
2016-10-05,2.832,2.832,2.832,2.832,0.0
2016-10-06,2.828,2.828,2.828,2.828,0.0
2016-10-07,2.849,2.849,2.849,2.849,0.0
2016-10-10,2.85,2.85,2.85,2.85,0.0
2016-10-11,2.9,2.9,2.9,2.9,0.0
2016-10-12,2.882,2.882,2.882,2.882,0.0
2016-10-13,2.89,2.89,2.89,2.89,0.0
2016-10-14,2.883,2.883,2.883,2.883,0.0
2016-10-17,2.895,2.895,2.895,2.895,0.0
2016-10-18,2.904,2.904,2.904,2.904,0.0
2016-10-19,2.899,2.899,2.899,2.899,0.0
2016-10-20,2.901,2.901,2.901,2.901,0.0
2016-10-21,2.909,2.909,2.909,2.909,0.0
2016-10-24,2.909,2.909,2.909,2.909,0.0
2016-10-25,2.894,2.894,2.894,2.894,0.0
2016-10-26,2.872,2.872,2.872,2.872,0.0
2016-10-27,2.904,2.904,2.904,2.904,0.0
2016-10-28,2.93,2.93,2.93,2.93,0.0
2016-10-31,2.925,2.925,2.925,2.925,0.0
2016-11-01,2.916,2.916,2.916,2.916,0.0
2016-11-02,2.902,2.902,2.902,2.902,0.0
2016-11-03,2.895,2.895,2.895,2.895,0.0
2016-11-04,2.882,2.882,2.882,2.882,0.0
2016-11-07,2.886,2.886,2.886,2.886,0.0
2016-11-08,2.867,2.867,2.867,2.867,0.0
2016-11-09,2.865,2.865,2.865,2.865,0.0
2016-11-10,2.872,2.872,2.872,2.872,0.0
2016-11-11,2.874,2.874,2.874,2.874,0.0
2016-11-14,2.875,2.875,2.875,2.875,0.0
2016-11-15,2.85,2.85,2.85,2.85,0.0
2016-11-16,2.863,2.863,2.863,2.863,0.0
2016-11-17,2.897,2.897,2.897,2.897,0.0
2016-11-18,2.914,2.914,2.914,2.914,0.0
2016-11-21,2.914,2.914,2.914,2.914,0.0
2016-11-22,2.886,2.886,2.886,2.886,0.0
2016-11-23,2.879,2.879,2.879,2.879,0.0
2016-11-25,2.878,2.878,2.878,2.878,0.0
2016-11-28,2.88,2.88,2.868,2.868,2.0
2016-11-29,2.846,2.846,2.846,2.846,0.0
2016-11-30,2.84,2.84,2.84,2.84,0.0
2016-12-01,2.868,2.868,2.868,2.868,0.0
2016-12-02,2.86,2.86,2.86,2.86,0.0
2016-12-05,2.858,2.858,2.858,2.858,0.0
2016-12-06,2.831,2.831,2.831,2.831,0.0
2016-12-07,2.845,2.845,2.845,2.845,0.0
2016-12-08,2.876,2.876,2.876,2.876,0.0
2016-12-09,2.858,2.858,2.858,2.858,0.0
2016-12-12,2.848,2.848,2.848,2.848,0.0
2016-12-13,2.841,2.841,2.841,2.841,0.0
2016-12-14,2.848,2.848,2.822,2.822,6.0
2016-12-15,2.832,2.832,2.832,2.832,0.0
2016-12-16,2.845,2.845,2.845,2.845,0.0
2016-12-19,2.862,2.862,2.862,2.862,0.0
2016-12-20,2.824,2.824,2.824,2.824,0.0
2016-12-21,2.848,2.848,2.848,2.848,0.0
2016-12-22,2.816,2.816,2.816,2.816,0.0
2016-12-23,2.812,2.812,2.812,2.812,0.0
2016-12-27,2.822,2.822,2.822,2.822,0.0
2016-12-28,2.837,2.837,2.837,2.837,0.0
2016-12-29,2.842,2.842,2.842,2.842,0.0
2016-12-30,2.84,2.84,2.84,2.84,0.0
2017-01-03,2.826,2.826,2.826,2.826,0.0
2017-01-04,2.82,2.82,2.82,2.82,0.0
2017-01-05,2.836,2.836,2.836,2.836,0.0
2017-01-06,2.84,2.84,2.84,2.84,0.0
2017-01-09,2.83,2.83,2.83,2.83,0.0
2017-01-10,2.874,2.874,2.874,2.874,0.0
2017-01-11,2.863,2.863,2.863,2.863,0.0
2017-01-12,2.876,2.876,2.876,2.876,0.0
2017-01-13,2.857,2.857,2.857,2.857,0.0
2017-01-17,2.853,2.853,2.853,2.853,0.0
2017-01-18,2.861,2.861,2.861,2.861,0.0
2017-01-19,2.859,2.859,2.859,2.859,0.0
2017-01-20,2.841,2.841,2.841,2.841,0.0
2017-01-23,2.846,2.846,2.846,2.846,0.0
2017-01-24,2.84,2.84,2.84,2.84,0.0
2017-01-25,2.831,2.831,2.831,2.831,0.0
2017-01-26,2.837,2.837,2.837,2.837,7.0
2017-01-27,2.825,2.825,2.825,2.825,1.0
2017-01-30,2.83,2.83,2.83,2.83,0.0
2017-01-31,2.827,2.827,2.827,2.827,0.0
2017-02-01,2.826,2.826,2.826,2.826,2.0
2017-02-02,2.83,2.83,2.83,2.83,0.0
2017-02-03,2.81,2.813,2.81,2.813,101.0
2017-02-06,2.816,2.816,2.816,2.816,4.0
2017-02-07,2.84,2.84,2.84,2.84,0.0
2017-02-08,2.83,2.83,2.83,2.83,0.0
2017-02-09,2.85,2.85,2.831,2.831,1.0
2017-02-10,2.811,2.811,2.811,2.811,0.0
2017-02-13,2.808,2.808,2.808,2.808,0.0
2017-02-14,2.8,2.8,2.8,2.8,0.0
2017-02-15,2.801,2.801,2.801,2.801,0.0
2017-02-16,2.807,2.807,2.807,2.807,0.0
2017-02-17,2.803,2.803,2.803,2.803,0.0
2017-02-21,2.784,2.784,2.784,2.784,0.0
2017-02-22,2.792,2.792,2.792,2.792,0.0
2017-02-23,2.792,2.792,2.792,2.792,0.0
2017-02-24,2.79,2.79,2.79,2.79,0.0
2017-02-27,2.787,2.787,2.787,2.787,0.0
2017-02-28,2.796,2.796,2.796,2.796,0.0
2017-03-01,2.805,2.815,2.805,2.815,30.0
2017-03-02,2.807,2.807,2.807,2.807,0.0
2017-03-03,2.816,2.816,2.816,2.816,0.0
2017-03-06,2.812,2.812,2.812,2.812,0.0
2017-03-07,2.807,2.807,2.807,2.807,0.0
2017-03-08,2.806,2.806,2.806,2.806,0.0
2017-03-09,2.801,2.801,2.801,2.801,0.0
2017-03-10,2.79,2.79,2.79,2.79,5.0
2017-03-13,2.784,2.784,2.784,2.784,0.0
2017-03-14,2.774,2.774,2.774,2.774,10.0
2017-03-15,2.784,2.784,2.763,2.763,1.0
2017-03-16,2.785,2.785,2.785,2.785,1.0
2017-03-17,2.791,2.791,2.791,2.791,0.0
2017-03-20,2.799,2.799,2.799,2.799,5.0
2017-03-21,2.801,2.801,2.801,2.801,0.0
2017-03-22,2.802,2.802,2.802,2.802,10.0
2017-03-23,2.812,2.812,2.812,2.812,22.0
2017-03-24,2.797,2.797,2.797,2.797,0.0
2017-03-27,2.8,2.8,2.797,2.797,22.0
2017-03-28,2.772,2.772,2.772,2.772,0.0
2017-03-29,2.796,2.796,2.796,2.796,0.0
2017-03-30,2.796,2.796,2.787,2.787,5.0
2017-03-31,2.772,2.772,2.772,2.772,0.0
2017-04-03,2.781,2.781,2.781,2.781,0.0
2017-04-04,2.776,2.776,2.776,2.776,0.0
2017-04-05,2.793,2.793,2.793,2.793,2.0
2017-04-06,2.777,2.777,2.777,2.777,0.0
2017-04-07,2.781,2.781,2.781,2.781,0.0
2017-04-10,2.781,2.781,2.781,2.781,0.0
2017-04-11,2.794,2.794,2.794,2.794,108.0
2017-04-12,2.801,2.801,2.801,2.801,0.0
2017-04-13,2.819,2.819,2.819,2.819,0.0
2017-04-17,2.817,2.817,2.817,2.817,0.0
2017-04-18,2.848,2.848,2.848,2.848,0.0
2017-04-19,2.864,2.864,2.864,2.864,0.0
2017-04-20,2.883,2.883,2.883,2.883,0.0
2017-04-21,2.862,2.862,2.862,2.862,0.0
2017-04-24,2.854,2.854,2.854,2.854,0.0
2017-04-25,2.859,2.859,2.859,2.859,0.0
2017-04-26,2.866,2.866,2.866,2.866,0.0
2017-04-27,2.854,2.854,2.854,2.854,0.0
2017-04-28,2.86,2.86,2.855,2.855,19.0
2017-05-01,2.818,2.818,2.818,2.818,8.0
2017-05-02,2.813,2.813,2.813,2.813,20.0
2017-05-03,2.826,2.826,2.822,2.822,1.0
2017-05-04,2.827,2.827,2.827,2.827,1.0
2017-05-05,2.844,2.844,2.844,2.844,0.0
2017-05-08,2.833,2.833,2.816,2.816,1.0
2017-05-09,2.814,2.814,2.814,2.814,0.0
2017-05-10,2.809,2.809,2.809,2.809,2.0
2017-05-11,2.799,2.802,2.799,2.802,3.0
2017-05-12,2.798,2.798,2.798,2.798,0.0
2017-05-15,2.797,2.797,2.797,2.797,189.0
2017-05-16,2.794,2.794,2.794,2.794,0.0
2017-05-17,2.807,2.807,2.807,2.807,0.0
2017-05-18,2.805,2.805,2.805,2.805,0.0
2017-05-19,2.801,2.801,2.801,2.801,0.0
2017-05-22,2.797,2.797,2.797,2.797,0.0
2017-05-23,2.794,2.794,2.794,2.794,0.0
2017-05-24,2.783,2.783,2.783,2.783,0.0
2017-05-25,2.784,2.784,2.784,2.784,0.0
2017-05-26,2.773,2.773,2.773,2.773,0.0
2017-05-30,2.779,2.779,2.779,2.779,0.0
2017-05-31,2.768,2.768,2.768,2.768,0.0
2017-06-01,2.764,2.764,2.764,2.764,0.0
2017-06-02,2.779,2.779,2.779,2.779,0.0
2017-06-05,2.774,2.774,2.774,2.774,0.0
2017-06-06,2.771,2.771,2.771,2.771,0.0
2017-06-07,2.774,2.774,2.774,2.774,0.0
2017-06-08,2.786,2.786,2.786,2.786,0.0
2017-06-09,2.785,2.785,2.785,2.785,0.0
2017-06-12,2.786,2.786,2.786,2.786,0.0
2017-06-13,2.794,2.794,2.794,2.794,0.0
2017-06-14,2.784,2.784,2.784,2.784,0.0
2017-06-15,2.799,2.799,2.799,2.799,0.0
2017-06-16,2.789,2.789,2.789,2.789,0.0
2017-06-19,2.78,2.78,2.78,2.78,0.0
2017-06-20,2.795,2.795,2.793,2.793,1.0
2017-06-21,2.808,2.808,2.808,2.808,0.0
2017-06-22,2.811,2.811,2.811,2.811,0.0
2017-06-23,2.804,2.804,2.804,2.804,0.0
2017-06-26,2.792,2.792,2.792,2.792,0.0
2017-06-27,2.788,2.788,2.788,2.788,0.0
2017-06-28,2.767,2.767,2.767,2.767,7.0
2017-06-29,2.78,2.78,2.772,2.772,5.0
2017-06-30,2.785,2.785,2.785,2.785,15.0
2017-07-03,2.774,2.774,2.774,2.774,0.0
2017-07-05,2.741,2.741,2.741,2.741,0.0
2017-07-06,2.729,2.729,2.729,2.729,0.0
2017-07-07,2.724,2.724,2.724,2.724,0.0
2017-07-10,2.731,2.731,2.731,2.731,0.0
2017-07-11,2.735,2.735,2.735,2.735,0.0
2017-07-12,2.718,2.718,2.718,2.718,0.0
2017-07-13,2.736,2.736,2.736,2.736,0.0
2017-07-14,2.741,2.741,2.741,2.741,0.0
2017-07-17,2.748,2.748,2.748,2.748,0.0
2017-07-18,2.767,2.767,2.767,2.767,3.0
2017-07-19,2.749,2.749,2.749,2.749,0.0
2017-07-20,2.747,2.747,2.747,2.747,0.0
2017-07-21,2.731,2.731,2.731,2.731,0.0
2017-07-24,2.687,2.687,2.687,2.687,0.0
2017-07-25,2.695,2.695,2.695,2.695,0.0
2017-07-26,2.696,2.696,2.696,2.696,0.0
2017-07-27,2.691,2.691,2.691,2.691,0.0
2017-07-28,2.716,2.716,2.706,2.706,1.0
2017-07-31,2.697,2.697,2.697,2.697,0.0
2017-08-01,2.71,2.71,2.71,2.71,0.0
2017-08-02,2.72,2.72,2.72,2.72,0.0
2017-08-03,2.732,2.732,2.732,2.732,0.0
2017-08-04,2.721,2.721,2.721,2.721,0.0
2017-08-07,2.722,2.722,2.722,2.722,0.0
2017-08-08,2.736,2.736,2.736,2.736,100.0
2017-08-09,2.725,2.726,2.725,2.726,1.0
2017-08-10,2.736,2.736,2.73,2.73,2.0
2017-08-11,2.732,2.732,2.732,2.732,0.0
2017-08-14,2.733,2.733,2.733,2.733,0.0
2017-08-15,2.723,2.723,2.723,2.723,0.0
2017-08-16,2.713,2.713,2.713,2.713,0.0
2017-08-17,2.725,2.725,2.72,2.72,2.0
2017-08-18,2.718,2.718,2.718,2.718,0.0
2017-08-21,2.716,2.716,2.716,2.716,0.0
2017-08-22,2.703,2.703,2.703,2.703,0.0
2017-08-23,2.705,2.705,2.705,2.705,10.0
2017-08-24,2.686,2.686,2.686,2.686,12.0
2017-08-25,2.68,2.68,2.673,2.673,10.0
2017-08-28,2.686,2.686,2.686,2.686,0.0
2017-08-29,2.689,2.689,2.689,2.689,0.0
2017-08-30,2.692,2.692,2.692,2.692,0.0
2017-08-31,2.74,2.74,2.705,2.705,45.0
2017-09-01,2.71,2.713,2.709,2.711,31.0
2017-09-05,2.7,2.707,2.7,2.707,5.0
2017-09-06,2.715,2.715,2.707,2.707,3.0
2017-09-07,2.731,2.731,2.731,2.731,1.0
2017-09-08,2.74,2.74,2.734,2.734,10.0
2017-09-11,2.74,2.748,2.74,2.748,10.0
2017-09-12,2.753,2.753,2.753,2.753,0.0
2017-09-13,2.744,2.744,2.744,2.744,0.0
2017-09-14,2.759,2.759,2.759,2.759,0.0
2017-09-15,2.769,2.769,2.769,2.769,0.0
2017-09-18,2.786,2.786,2.786,2.786,0.0
2017-09-19,2.775,2.775,2.775,2.775,0.0
2017-09-20,2.771,2.771,2.771,2.771,40.0
2017-09-21,2.765,2.765,2.754,2.754,1.0
2017-09-22,2.78,2.78,2.78,2.78,0.0
2017-09-25,2.75,2.75,2.75,2.75,0.0
2017-09-26,2.758,2.758,2.758,2.758,0.0
2017-09-27,2.775,2.775,2.771,2.771,23.0
2017-09-28,2.765,2.765,2.765,2.765,0.0
2017-09-29,2.756,2.756,2.756,2.756,0.0
2017-10-02,2.761,2.761,2.761,2.761,0.0
2017-10-03,2.77,2.77,2.77,2.77,0.0
2017-10-04,2.763,2.763,2.763,2.763,0.0
2017-10-05,2.768,2.768,2.768,2.768,0.0
2017-10-06,2.768,2.768,2.762,2.762,1.0
2017-10-09,2.77,2.77,2.77,2.77,0.0
2017-10-10,2.773,2.773,2.773,2.773,0.0
2017-10-11,2.758,2.758,2.758,2.758,0.0
2017-10-12,2.769,2.769,2.769,2.769,0.0
2017-10-13,2.77,2.77,2.77,2.77,0.0
2017-10-16,2.786,2.786,2.786,2.786,5.0
2017-10-17,2.772,2.772,2.772,2.772,0.0
2017-10-18,2.772,2.772,2.772,2.772,0.0
2017-10-19,2.778,2.778,2.778,2.778,0.0
2017-10-20,2.786,2.786,2.786,2.786,0.0
2017-10-23,2.777,2.777,2.777,2.777,0.0
2017-10-24,2.776,2.776,2.776,2.776,0.0
2017-10-25,2.782,2.782,2.782,2.782,1.0
2017-10-26,2.792,2.792,2.786,2.786,2.0
2017-10-27,2.781,2.781,2.781,2.781,0.0
2017-10-30,2.801,2.801,2.801,2.801,0.0
2017-10-31,2.795,2.801,2.795,2.801,4.0
2017-11-01,2.805,2.805,2.805,2.805,0.0
2017-11-02,2.801,2.801,2.801,2.801,0.0
2017-11-03,2.796,2.796,2.796,2.796,0.0
2017-11-06,2.8,2.8,2.8,2.8,0.0
2017-11-07,2.793,2.793,2.793,2.793,0.0
2017-11-08,2.792,2.792,2.792,2.792,0.0
2017-11-09,2.79,2.79,2.79,2.79,0.0
2017-11-10,2.794,2.794,2.794,2.794,29.0
2017-11-13,2.804,2.804,2.794,2.794,20.0
2017-11-14,2.79,2.79,2.79,2.79,10.0
2017-11-15,2.8,2.801,2.8,2.801,1.0
2017-11-16,2.812,2.812,2.812,2.812,5.0
2017-11-17,2.81,2.81,2.81,2.81,0.0
2017-11-20,2.81,2.81,2.81,2.81,0.0
2017-11-21,2.815,2.815,2.815,2.815,3.0
2017-11-22,2.81,2.81,2.802,2.802,2.0
2017-11-24,2.794,2.794,2.794,2.794,0.0
2017-11-27,2.802,2.802,2.802,2.802,0.0
2017-11-28,2.803,2.803,2.803,2.803,1.0
2017-11-29,2.804,2.804,2.804,2.804,2.0
2017-11-30,2.79,2.79,2.79,2.79,0.0
2017-12-01,2.78,2.789,2.78,2.789,8.0
2017-12-04,2.749,2.749,2.749,2.749,0.0
2017-12-05,2.76,2.76,2.76,2.76,0.0
2017-12-06,2.751,2.751,2.751,2.751,0.0
2017-12-07,2.76,2.76,2.742,2.742,5.0
2017-12-08,2.748,2.748,2.748,2.748,0.0
2017-12-11,2.75,2.75,2.749,2.749,4.0
2017-12-12,2.729,2.729,2.729,2.729,0.0
2017-12-13,2.745,2.745,2.74,2.74,3.0
2017-12-14,2.74,2.749,2.74,2.749,6.0
2017-12-15,2.73,2.73,2.73,2.73,1.0
2017-12-18,2.76,2.769,2.751,2.751,31.0
2017-12-19,2.745,2.745,2.745,2.745,0.0
2017-12-20,2.731,2.731,2.731,2.731,0.0
2017-12-21,2.735,2.735,2.735,2.735,5.0
2017-12-22,2.758,2.758,2.758,2.758,1.0
2017-12-26,2.758,2.758,2.754,2.754,2.0
2017-12-27,2.751,2.751,2.751,2.751,0.0
2017-12-28,2.759,2.759,2.759,2.759,0.0
2017-12-29,2.767,2.767,2.767,2.767,0.0
2018-01-02,2.76,2.76,2.76,2.76,0.0
2018-01-03,2.762,2.762,2.762,2.762,127.0
2018-01-04,2.755,2.755,2.749,2.749,47.0
2018-01-05,2.741,2.741,2.741,2.741,12.0
2018-01-08,2.756,2.756,2.755,2.755,2.0
2018-01-09,2.754,2.754,2.753,2.753,23.0
2018-01-10,2.77,2.77,2.77,2.77,21.0
2018-01-11,2.764,2.776,2.764,2.776,4.0
2018-01-12,2.77,2.777,2.766,2.777,55.0
2018-01-16,2.757,2.757,2.757,2.757,50.0
2018-01-17,2.755,2.755,2.755,2.755,50.0
2018-01-18,2.749,2.749,2.749,2.749,0.0
2018-01-19,2.763,2.763,2.744,2.744,40.0
2018-01-22,2.764,2.767,2.764,2.767,4.0
2018-01-23,2.767,2.767,2.767,2.767,1.0
2018-01-24,2.78,2.78,2.763,2.763,4.0
2018-01-25,2.774,2.774,2.756,2.756,3.0
2018-01-26,2.744,2.744,2.744,2.744,12.0
2018-01-29,2.76,2.768,2.752,2.752,8.0
2018-01-30,2.746,2.746,2.746,2.746,0.0
2018-01-31,2.744,2.744,2.744,2.744,0.0
2018-02-01,2.747,2.75,2.747,2.75,9.0
2018-02-02,2.796,2.796,2.759,2.759,6.0
2018-02-05,2.764,2.764,2.748,2.748,13.0
2018-02-06,2.755,2.755,2.755,2.755,0.0
2018-02-07,2.764,2.764,2.74,2.74,2.0
2018-02-08,2.747,2.747,2.731,2.731,2.0
2018-02-09,2.714,2.714,2.714,2.714,0.0
2018-02-12,2.7,2.7,2.698,2.698,12.0
2018-02-13,2.713,2.713,2.702,2.702,4.0
2018-02-14,2.711,2.711,2.701,2.701,4.0
2018-02-15,2.695,2.695,2.695,2.695,1.0
2018-02-16,2.705,2.705,2.701,2.701,85.0
2018-02-20,2.715,2.715,2.698,2.698,4.0
2018-02-21,2.713,2.713,2.713,2.713,0.0
2018-02-22,2.718,2.718,2.712,2.712,2.0
2018-02-23,2.706,2.706,2.706,2.706,0.0
2018-02-26,2.709,2.718,2.709,2.718,8.0
2018-02-27,2.702,2.702,2.702,2.702,5.0
2018-02-28,2.698,2.698,2.683,2.683,20.0
2018-03-01,2.688,2.688,2.688,2.688,1.0
2018-03-02,2.682,2.682,2.682,2.682,0.0
2018-03-05,2.689,2.695,2.689,2.695,1.0
2018-03-06,2.708,2.708,2.708,2.708,100.0
2018-03-07,2.695,2.696,2.692,2.696,13.0
2018-03-08,2.682,2.682,2.682,2.682,0.0
2018-03-09,2.672,2.672,2.672,2.672,1.0
2018-03-12,2.675,2.675,2.675,2.675,0.0
2018-03-13,2.677,2.677,2.677,2.677,0.0
2018-03-14,2.675,2.684,2.675,2.684,17.0
2018-03-15,2.696,2.696,2.696,2.696,0.0
2018-03-16,2.693,2.693,2.693,2.693,0.0
2018-03-19,2.689,2.689,2.685,2.685,3.0
2018-03-20,2.687,2.687,2.687,2.687,0.0
2018-03-21,2.682,2.682,2.682,2.682,8.0
2018-03-22,2.69,2.69,2.683,2.683,3.0
2018-03-23,2.683,2.683,2.681,2.681,15.0
2018-03-26,2.689,2.689,2.689,2.689,40.0
2018-03-27,2.71,2.71,2.71,2.71,8.0
2018-03-28,2.703,2.703,2.703,2.703,0.0
2018-03-29,2.712,2.712,2.712,2.712,0.0
2018-04-02,2.714,2.714,2.714,2.714,0.0
2018-04-03,2.713,2.713,2.713,2.713,1.0
2018-04-04,2.715,2.715,2.699,2.699,27.0
2018-04-05,2.707,2.707,2.707,2.707,1.0
2018-04-06,2.696,2.696,2.696,2.696,0.0
2018-04-09,2.697,2.697,2.697,2.697,8.0
2018-04-10,2.697,2.702,2.697,2.702,128.0
2018-04-11,2.706,2.706,2.706,2.706,0.0
2018-04-12,2.719,2.719,2.719,2.719,0.0
2018-04-13,2.705,2.705,2.705,2.705,10.0
2018-04-16,2.715,2.715,2.715,2.715,25.0
2018-04-17,2.701,2.701,2.701,2.701,1.0
2018-04-18,2.68,2.68,2.68,2.68,0.0
2018-04-19,2.649,2.649,2.649,2.649,9.0
2018-04-20,2.648,2.648,2.648,2.648,12.0
2018-04-23,2.645,2.646,2.645,2.646,12.0
2018-04-24,2.65,2.65,2.65,2.65,1.0
2018-04-25,2.651,2.651,2.651,2.651,179.0
2018-04-26,2.643,2.643,2.643,2.643,2.0
2018-04-27,2.643,2.643,2.635,2.635,4.0
2018-04-30,2.641,2.641,2.641,2.641,10.0
2018-05-01,2.643,2.643,2.643,2.643,0.0
2018-05-02,2.646,2.646,2.646,2.646,1.0
2018-05-03,2.646,2.646,2.64,2.64,18.0
2018-05-04,2.63,2.63,2.63,2.63,2.0
2018-05-07,2.627,2.627,2.627,2.627,0.0
2018-05-08,2.585,2.586,2.585,2.586,13.0
2018-05-09,2.6,2.6,2.576,2.58,47.0
2018-05-10,2.603,2.603,2.603,2.603,56.0
2018-05-11,2.601,2.601,2.601,2.601,2.0
2018-05-14,2.599,2.599,2.599,2.599,70.0
2018-05-15,2.585,2.585,2.585,2.585,7.0
2018-05-16,2.593,2.593,2.593,2.593,2.0
2018-05-17,2.607,2.607,2.607,2.607,29.0
2018-05-18,2.619,2.619,2.617,2.617,40.0
2018-05-21,2.621,2.621,2.621,2.621,6.0
2018-05-22,2.65,2.65,2.648,2.648,44.0
2018-05-23,2.644,2.644,2.644,2.644,13.0
2018-05-24,2.634,2.634,2.634,2.634,21.0
2018-05-25,2.634,2.635,2.634,2.635,38.0
2018-05-29,2.582,2.615,2.561,2.612,35.0
2018-05-30,2.615,2.615,2.612,2.612,3.0
2018-05-31,2.62,2.62,2.62,2.62,1.0
2018-06-01,2.598,2.629,2.598,2.629,6.0
2018-06-04,2.616,2.616,2.616,2.616,12.0
2018-06-05,2.616,2.616,2.612,2.612,2.0
2018-06-06,2.612,2.612,2.612,2.612,2.0
2018-06-07,2.61,2.62,2.609,2.609,31.0
2018-06-08,2.607,2.612,2.602,2.602,4.0
2018-06-11,2.606,2.606,2.606,2.606,0.0
2018-06-12,2.619,2.619,2.619,2.619,6.0
2018-06-13,2.621,2.621,2.621,2.621,14.0
2018-06-14,2.602,2.602,2.602,2.602,102.0
2018-06-15,2.599,2.599,2.599,2.599,221.0
2018-06-18,2.6,2.6,2.595,2.595,106.0
2018-06-19,2.587,2.587,2.587,2.587,41.0
2018-06-20,2.593,2.593,2.592,2.592,78.0
2018-06-21,2.591,2.591,2.591,2.591,31.0
2018-06-22,2.575,2.592,2.575,2.592,9.0
2018-06-25,2.574,2.59,2.574,2.59,54.0
2018-06-26,2.595,2.595,2.595,2.595,1.0
2018-06-27,2.596,2.596,2.596,2.596,56.0
2018-06-28,2.591,2.591,2.591,2.591,12.0
2018-06-29,2.591,2.591,2.591,2.591,0.0
2018-07-02,2.591,2.591,2.589,2.589,12.0
2018-07-03,2.591,2.591,2.591,2.591,50.0
2018-07-05,2.57,2.585,2.565,2.585,26.0
2018-07-06,2.587,2.587,2.587,2.587,10.0
2018-07-09,2.585,2.585,2.585,2.585,1.0
2018-07-10,2.58,2.58,2.58,2.58,0.0
2018-07-11,2.601,2.601,2.601,2.601,15.0
2018-07-12,2.585,2.585,2.585,2.585,44.0
2018-07-13,2.577,2.577,2.577,2.577,0.0
2018-07-16,2.577,2.577,2.565,2.565,3.0
2018-07-17,2.555,2.555,2.555,2.555,539.0
2018-07-18,2.55,2.55,2.544,2.544,370.0
2018-07-19,2.526,2.526,2.526,2.526,323.0
2018-07-20,2.519,2.519,2.519,2.519,4.0
2018-07-23,2.518,2.534,2.518,2.534,224.0
2018-07-24,2.538,2.538,2.528,2.528,549.0
2018-07-25,2.53,2.53,2.528,2.528,50.0
2018-07-26,2.54,2.54,2.516,2.516,222.0
2018-07-27,2.525,2.536,2.525,2.536,68.0
2018-07-30,2.54,2.54,2.54,2.54,155.0
2018-07-31,2.539,2.539,2.539,2.539,5.0
2018-08-01,2.541,2.541,2.509,2.509,4.0
2018-08-02,2.519,2.519,2.519,2.519,57.0
2018-08-03,2.525,2.525,2.525,2.525,0.0
2018-08-06,2.521,2.521,2.521,2.521,35.0
2018-08-07,2.521,2.521,2.521,2.521,13.0
2018-08-08,2.537,2.537,2.537,2.537,370.0
2018-08-09,2.551,2.551,2.551,2.551,230.0
2018-08-10,2.555,2.58,2.548,2.558,222.0
2018-08-13,2.555,2.561,2.555,2.561,117.0
2018-08-14,2.563,2.57,2.563,2.566,6.0
2018-08-15,2.56,2.565,2.56,2.563,58.0
2018-08-16,2.558,2.558,2.553,2.553,2.0
2018-08-17,2.576,2.576,2.557,2.557,10.0
2018-08-20,2.556,2.556,2.556,2.556,0.0
2018-08-21,2.556,2.556,2.556,2.556,2.0
2018-08-22,2.554,2.554,2.554,2.554,39.0
2018-08-23,2.559,2.559,2.559,2.559,100.0
2018-08-24,2.555,2.56,2.55,2.55,71.0
2018-08-27,2.528,2.528,2.528,2.528,216.0
2018-08-28,2.52,2.528,2.52,2.528,5.0
2018-08-29,2.526,2.526,2.526,2.526,150.0
2018-08-30,2.543,2.543,2.523,2.523,39.0
2018-08-31,2.543,2.543,2.543,2.543,6.0
2018-09-04,2.526,2.526,2.526,2.526,200.0
2018-09-05,2.523,2.529,2.522,2.524,154.0
2018-09-06,2.524,2.524,2.515,2.515,154.0
2018-09-07,2.505,2.518,2.505,2.516,324.0
2018-09-10,2.51,2.525,2.51,2.525,31.0
2018-09-11,2.532,2.532,2.532,2.532,0.0
2018-09-12,2.545,2.545,2.542,2.542,4.0
2018-09-13,2.544,2.544,2.544,2.544,150.0
2018-09-14,2.532,2.538,2.532,2.538,96.0
2018-09-17,2.542,2.542,2.542,2.542,61.0
2018-09-18,2.553,2.553,2.553,2.553,6.0
2018-09-19,2.551,2.551,2.537,2.537,1.0
2018-09-20,2.555,2.555,2.555,2.555,14.0
2018-09-21,2.577,2.577,2.543,2.551,15.0
2018-09-24,2.55,2.554,2.55,2.554,5.0
2018-09-25,2.547,2.547,2.547,2.547,1.0
2018-09-26,2.547,2.555,2.547,2.555,33.0
2018-09-27,2.554,2.554,2.554,2.554,6.0
2018-09-28,2.554,2.563,2.548,2.563,52.0
2018-10-01,2.555,2.555,2.553,2.553,37.0
2018-10-02,2.559,2.559,2.547,2.553,437.0
2018-10-03,2.552,2.559,2.55,2.557,374.0
2018-10-04,2.561,2.561,2.561,2.561,176.0
2018-10-05,2.575,2.575,2.556,2.569,101.0
2018-10-08,2.577,2.58,2.577,2.58,24.0
2018-10-09,2.592,2.61,2.588,2.593,240.0
2018-10-10,2.592,2.592,2.58,2.588,577.0
2018-10-11,2.589,2.592,2.585,2.592,76.0
2018-10-12,2.586,2.594,2.586,2.594,13.0
2018-10-15,2.591,2.591,2.591,2.591,45.0
2018-10-16,2.579,2.589,2.578,2.587,200.0
2018-10-17,2.588,2.591,2.58,2.591,69.0
2018-10-18,2.582,2.592,2.581,2.592,1068.0
2018-10-19,2.584,2.592,2.584,2.592,51.0
2018-10-22,2.58,2.588,2.58,2.588,544.0
2018-10-23,2.588,2.592,2.587,2.592,207.0
2018-10-24,2.596,2.596,2.584,2.584,36.0
2018-10-25,2.58,2.582,2.575,2.575,192.0
2018-10-26,2.566,2.576,2.564,2.574,228.0
2018-10-29,2.579,2.584,2.567,2.584,426.0
2018-10-30,2.579,2.584,2.568,2.568,167.0
2018-10-31,2.575,2.588,2.575,2.587,27.0
2018-11-01,2.589,2.589,2.577,2.582,36.0
2018-11-02,2.581,2.581,2.581,2.581,286.0
2018-11-05,2.57,2.59,2.567,2.585,207.0
2018-11-06,2.59,2.596,2.588,2.592,75.0
2018-11-07,2.596,2.596,2.586,2.592,429.0
2018-11-08,2.59,2.599,2.589,2.599,128.0
2018-11-09,2.6,2.604,2.589,2.602,272.0
2018-11-12,2.625,2.639,2.601,2.626,1090.0
2018-11-13,2.629,2.642,2.607,2.613,658.0
2018-11-14,2.58,2.623,2.579,2.591,550.0
2018-11-15,2.592,2.596,2.56,2.577,883.0
2018-11-16,2.585,2.6,2.574,2.579,367.0
2018-11-19,2.581,2.587,2.56,2.56,767.0
2018-11-20,2.557,2.57,2.526,2.527,478.0
2018-11-21,2.55,2.555,2.514,2.525,208.0
2018-11-23,2.528,2.561,2.528,2.554,49.0
2018-11-26,2.55,2.566,2.548,2.548,883.0
2018-11-27,2.562,2.562,2.548,2.552,97.0
2018-11-28,2.555,2.566,2.555,2.564,623.0
2018-11-29,2.56,2.573,2.54,2.54,340.0
2018-11-30,2.552,2.552,2.549,2.549,18.0
2018-12-03,2.556,2.557,2.531,2.551,740.0
2018-12-04,2.544,2.546,2.52,2.538,748.0
2018-12-05,2.547,2.553,2.536,2.54,313.0
2018-12-06,2.543,2.554,2.541,2.552,839.0
2018-12-07,2.56,2.576,2.555,2.564,307.0
2018-12-10,2.571,2.571,2.561,2.561,310.0
2018-12-11,2.569,2.575,2.559,2.561,578.0
2018-12-12,2.569,2.584,2.55,2.569,149.0
2018-12-13,2.569,2.579,2.56,2.561,91.0
2018-12-14,2.571,2.582,2.569,2.577,92.0
2018-12-17,2.582,2.589,2.561,2.565,587.0
2018-12-18,2.579,2.591,2.568,2.573,498.0
2018-12-19,2.573,2.577,2.569,2.573,491.0
2018-12-20,2.567,2.579,2.56,2.568,511.0
2018-12-21,2.564,2.576,2.554,2.574,447.0
2018-12-24,2.584,2.584,2.557,2.557,3.0
2018-12-26,2.57,2.575,2.567,2.567,5.0
2018-12-27,2.567,2.579,2.557,2.566,230.0
2018-12-28,2.549,2.571,2.545,2.55,43.0
2018-12-31,2.557,2.559,2.545,2.55,107.0
2019-01-02,2.563,2.563,2.515,2.516,312.0
2019-01-03,2.524,2.529,2.511,2.511,213.0
2019-01-04,2.521,2.535,2.508,2.532,269.0
2019-01-07,2.53,2.548,2.53,2.548,183.0
2019-01-08,2.555,2.587,2.555,2.585,1693.0
2019-01-09,2.59,2.61,2.574,2.608,1940.0
2019-01-10,2.605,2.63,2.605,2.627,1308.0
2019-01-11,2.635,2.64,2.626,2.636,1184.0
2019-01-14,2.634,2.639,2.62,2.634,2018.0
2019-01-15,2.62,2.624,2.599,2.614,949.0
2019-01-16,2.624,2.625,2.576,2.585,1267.0
2019-01-17,2.602,2.615,2.595,2.606,945.0
2019-01-18,2.604,2.621,2.598,2.621,112.0
2019-01-22,2.629,2.64,2.618,2.628,2791.0
2019-01-23,2.645,2.645,2.615,2.625,1013.0
2019-01-24,2.635,2.639,2.625,2.631,649.0
2019-01-25,2.631,2.631,2.625,2.631,566.0
2019-01-28,2.63,2.64,2.626,2.635,560.0
2019-01-29,2.64,2.641,2.619,2.631,1647.0
2019-01-30,2.627,2.627,2.61,2.616,130.0
2019-01-31,2.615,2.619,2.588,2.588,628.0
2019-02-01,2.585,2.589,2.578,2.586,632.0
2019-02-04,2.567,2.582,2.565,2.58,273.0
2019-02-05,2.581,2.61,2.581,2.609,853.0
2019-02-06,2.618,2.624,2.606,2.616,1603.0
2019-02-07,2.601,2.606,2.594,2.604,760.0
2019-02-08,2.613,2.626,2.608,2.623,186.0
2019-02-11,2.633,2.638,2.625,2.638,1515.0
2019-02-12,2.633,2.635,2.624,2.635,309.0
2019-02-13,2.617,2.635,2.617,2.635,695.0
2019-02-14,2.618,2.639,2.618,2.639,548.0
2019-02-15,2.61,2.636,2.61,2.621,265.0
2019-02-19,2.63,2.65,2.628,2.65,556.0
2019-02-20,2.644,2.647,2.621,2.63,236.0
2019-02-21,2.627,2.632,2.62,2.624,691.0
2019-02-22,2.616,2.627,2.61,2.627,233.0
2019-02-25,2.633,2.637,2.615,2.627,291.0
2019-02-26,2.625,2.625,2.601,2.607,921.0
2019-02-27,2.595,2.617,2.594,2.614,272.0
2019-02-28,2.62,2.629,2.618,2.629,663.0
2019-03-01,2.625,2.625,2.608,2.623,1309.0
2019-03-04,2.627,2.637,2.62,2.637,2190.0
2019-03-05,2.64,2.642,2.622,2.642,1803.0
2019-03-06,2.627,2.634,2.626,2.633,899.0
2019-03-07,2.625,2.644,2.625,2.644,977.0
2019-03-08,2.637,2.647,2.637,2.647,1323.0
2019-03-11,2.64,2.65,2.616,2.65,1391.0
2019-03-12,2.633,2.659,2.626,2.659,822.0
2019-03-13,2.658,2.663,2.646,2.657,368.0
2019-03-14,2.661,2.661,2.648,2.66,337.0
2019-03-15,2.649,2.65,2.63,2.647,590.0
2019-03-18,2.65,2.655,2.649,2.655,210.0
2019-03-19,2.658,2.659,2.647,2.653,1279.0
2019-03-20,2.646,2.654,2.642,2.647,703.0
2019-03-21,2.648,2.658,2.648,2.658,122.0
2019-03-22,2.643,2.65,2.641,2.65,259.0
2019-03-25,2.648,2.649,2.639,2.648,479.0
2019-03-26,2.654,2.654,2.642,2.649,774.0
2019-03-27,2.639,2.639,2.628,2.639,356.0
2019-03-28,2.641,2.648,2.635,2.639,555.0
2019-03-29,2.639,2.645,2.634,2.636,736.0
2019-04-01,2.636,2.648,2.626,2.633,972.0
2019-04-02,2.638,2.65,2.631,2.646,1976.0
2019-04-03,2.646,2.655,2.641,2.655,855.0
2019-04-04,2.65,2.652,2.644,2.648,2498.0
2019-04-05,2.654,2.66,2.648,2.656,372.0
2019-04-08,2.66,2.67,2.656,2.668,939.0
2019-04-09,2.673,2.675,2.665,2.673,1318.0
2019-04-10,2.675,2.677,2.666,2.674,3320.0
2019-04-11,2.681,2.682,2.666,2.67,1352.0
2019-04-12,2.697,2.697,2.671,2.676,1576.0
2019-04-15,2.661,2.661,2.655,2.657,1304.0
2019-04-16,2.669,2.669,2.649,2.658,2022.0
2019-04-17,2.65,2.65,2.627,2.631,1503.0
2019-04-18,2.625,2.625,2.605,2.607,1493.0
2019-04-22,2.612,2.614,2.592,2.596,792.0
2019-04-23,2.602,2.602,2.571,2.575,1824.0
2019-04-24,2.586,2.589,2.571,2.579,2726.0
2019-04-25,2.581,2.601,2.57,2.594,788.0
2019-04-26,2.606,2.61,2.594,2.595,668.0
2019-04-29,2.604,2.613,2.588,2.609,718.0
2019-04-30,2.62,2.63,2.608,2.62,517.0
2019-05-01,2.632,2.634,2.621,2.628,626.0
2019-05-02,2.628,2.632,2.613,2.632,298.0
2019-05-03,2.638,2.639,2.609,2.609,540.0
2019-05-06,2.628,2.633,2.594,2.597,602.0
2019-05-07,2.602,2.633,2.6,2.611,677.0
2019-05-08,2.632,2.638,2.62,2.633,2159.0
2019-05-09,2.622,2.635,2.62,2.635,475.0
2019-05-10,2.632,2.641,2.63,2.632,915.0
2019-05-13,2.635,2.642,2.631,2.636,291.0
2019-05-14,2.646,2.653,2.64,2.653,248.0
2019-05-15,2.644,2.656,2.642,2.648,624.0
2019-05-16,2.653,2.668,2.652,2.666,428.0
2019-05-17,2.664,2.67,2.661,2.665,243.0
2019-05-20,2.676,2.686,2.663,2.667,290.0
2019-05-21,2.656,2.659,2.646,2.649,178.0
2019-05-22,2.65,2.661,2.619,2.622,1302.0
2019-05-23,2.626,2.63,2.616,2.626,579.0
2019-05-24,2.622,2.625,2.607,2.625,644.0
2019-05-28,2.61,2.618,2.605,2.616,587.0
2019-05-29,2.634,2.639,2.617,2.617,1012.0
2019-05-30,2.605,2.608,2.59,2.605,933.0
2019-05-31,2.6,2.606,2.572,2.581,2161.0
2019-06-03,2.58,2.587,2.559,2.563,1924.0
2019-06-04,2.567,2.6,2.562,2.576,1184.0
2019-06-05,2.581,2.59,2.576,2.583,2383.0
2019-06-06,2.61,2.61,2.553,2.562,2165.0
2019-06-07,2.588,2.608,2.56,2.571,1417.0
2019-06-10,2.58,2.58,2.557,2.559,636.0
2019-06-11,2.554,2.572,2.542,2.565,920.0
2019-06-12,2.566,2.57,2.556,2.567,805.0
2019-06-13,2.552,2.578,2.549,2.565,1237.0
2019-06-14,2.571,2.582,2.569,2.579,369.0
2019-06-17,2.579,2.584,2.566,2.572,899.0
2019-06-18,2.575,2.581,2.551,2.556,1700.0
2019-06-19,2.557,2.561,2.524,2.526,656.0
2019-06-20,2.514,2.523,2.449,2.471,2259.0
2019-06-21,2.485,2.494,2.469,2.487,1334.0
2019-06-24,2.496,2.543,2.496,2.539,749.0
2019-06-25,2.53,2.531,2.497,2.525,1824.0
2019-06-26,2.511,2.525,2.507,2.509,406.0
2019-06-27,2.515,2.516,2.484,2.513,947.0
2019-06-28,2.498,2.518,2.494,2.498,1189.0
2019-07-01,2.496,2.5,2.458,2.467,887.0
2019-07-02,2.474,2.474,2.445,2.451,1211.0
2019-07-03,2.453,2.458,2.447,2.457,1197.0
2019-07-05,2.46,2.51,2.439,2.497,2404.0
2019-07-08,2.492,2.513,2.486,2.489,2311.0
2019-07-09,2.494,2.535,2.494,2.531,2559.0
2019-07-10,2.553,2.553,2.53,2.541,2999.0
2019-07-11,2.535,2.55,2.522,2.543,1887.0
2019-07-12,2.559,2.561,2.536,2.545,1834.0
2019-07-15,2.529,2.554,2.521,2.534,1371.0
2019-07-16,2.512,2.512,2.483,2.489,3043.0
2019-07-17,2.496,2.503,2.474,2.49,967.0
2019-07-18,2.485,2.503,2.465,2.476,1006.0
2019-07-19,2.476,2.477,2.451,2.457,2638.0
2019-07-22,2.455,2.484,2.455,2.479,1502.0
2019-07-23,2.472,2.479,2.458,2.478,690.0
2019-07-24,2.468,2.468,2.438,2.445,1446.0
2019-07-25,2.458,2.465,2.451,2.463,1624.0
2019-07-26,2.448,2.45,2.415,2.434,3026.0
2019-07-29,2.429,2.439,2.407,2.417,1083.0
2019-07-30,2.421,2.433,2.412,2.426,1540.0
2019-07-31,2.434,2.479,2.434,2.455,5681.0
2019-08-01,2.46,2.485,2.422,2.449,5093.0
2019-08-02,2.429,2.436,2.384,2.402,2821.0
2019-08-05,2.366,2.382,2.35,2.37,1407.0
2019-08-06,2.38,2.387,2.359,2.371,2055.0
2019-08-07,2.39,2.39,2.349,2.362,1865.0
2019-08-08,2.37,2.376,2.358,2.365,1972.0
2019-08-09,2.354,2.367,2.34,2.364,1997.0
2019-08-12,2.368,2.369,2.33,2.333,3396.0
2019-08-13,2.33,2.357,2.33,2.349,1908.0
2019-08-14,2.356,2.371,2.328,2.343,2804.0
2019-08-15,2.353,2.394,2.336,2.357,4215.0
2019-08-16,2.357,2.357,2.317,2.331,2327.0
2019-08-19,2.316,2.351,2.302,2.347,2696.0
2019-08-20,2.345,2.349,2.324,2.347,1251.0
2019-08-21,2.354,2.358,2.332,2.344,1480.0
2019-08-22,2.335,2.349,2.326,2.335,1519.0
2019-08-23,2.334,2.34,2.321,2.334,1135.0
2019-08-26,2.347,2.378,2.344,2.367,2339.0
2019-08-27,2.375,2.375,2.343,2.352,1677.0
2019-08-28,2.373,2.391,2.363,2.373,3207.0
2019-08-29,2.369,2.396,2.369,2.384,3711.0
2019-08-30,2.379,2.384,2.342,2.354,3064.0
2019-09-03,2.359,2.386,2.346,2.386,2961.0
2019-09-04,2.383,2.395,2.363,2.39,7499.0
2019-09-05,2.395,2.41,2.376,2.41,5769.0
2019-09-06,2.396,2.433,2.384,2.431,11159.0
2019-09-09,2.444,2.455,2.425,2.446,8918.0
2019-09-10,2.456,2.471,2.442,2.448,9454.0
2019-09-11,2.454,2.463,2.433,2.458,6316.0
2019-09-12,2.441,2.465,2.432,2.456,7410.0
2019-09-13,2.447,2.452,2.424,2.447,7822.0
2019-09-16,2.455,2.474,2.449,2.472,8775.0
2019-09-17,2.461,2.47,2.449,2.468,5442.0
2019-09-18,2.472,2.477,2.439,2.453,5040.0
2019-09-19,2.453,2.455,2.41,2.425,8136.0
2019-09-20,2.418,2.428,2.399,2.428,3139.0
2019-09-23,2.42,2.432,2.41,2.432,3795.0
2019-09-24,2.428,2.457,2.413,2.429,4447.0
2019-09-25,2.421,2.421,2.394,2.415,6177.0
2019-09-26,2.407,2.42,2.361,2.402,11718.0
2019-09-27,2.399,2.406,2.376,2.388,4765.0
2019-09-30,2.389,2.391,2.353,2.365,6166.0
2019-10-01,2.357,2.39,2.341,2.387,5806.0
2019-10-02,2.395,2.431,2.375,2.38,5361.0
2019-10-03,2.383,2.403,2.349,2.391,7846.0
2019-10-04,2.384,2.411,2.358,2.401,7519.0
2019-10-07,2.394,2.407,2.374,2.399,5454.0
2019-10-08,2.392,2.392,2.364,2.375,5108.0
2019-10-09,2.373,2.379,2.35,2.357,5451.0
2019-10-10,2.355,2.363,2.343,2.347,6074.0
2019-10-11,2.347,2.362,2.332,2.341,7348.0
2019-10-14,2.338,2.357,2.322,2.344,2881.0
2019-10-15,2.347,2.365,2.34,2.365,3793.0
2019-10-16,2.355,2.372,2.34,2.344,6694.0
2019-10-17,2.357,2.376,2.356,2.37,5166.0
2019-10-18,2.377,2.38,2.361,2.372,4088.0
2019-10-21,2.36,2.372,2.343,2.364,3987.0
2019-10-22,2.365,2.375,2.352,2.357,5167.0
2019-10-23,2.356,2.361,2.338,2.343,3909.0
2019-10-24,2.348,2.362,2.332,2.356,6122.0
2019-10-25,2.357,2.358,2.335,2.335,3901.0
2019-10-28,2.358,2.375,2.346,2.368,7302.0
2019-10-29,2.366,2.418,2.366,2.397,13130.0
2019-10-30,2.411,2.432,2.39,2.427,9670.0
2019-10-31,2.439,2.441,2.411,2.426,11718.0
2019-11-01,2.426,2.445,2.41,2.442,12032.0
2019-11-04,2.46,2.486,2.453,2.478,17281.0
2019-11-05,2.471,2.495,2.462,2.48,15919.0
2019-11-06,2.485,2.496,2.463,2.469,14848.0
2019-11-07,2.472,2.49,2.457,2.472,12390.0
2019-11-08,2.468,2.496,2.467,2.496,7786.0
2019-11-11,2.472,2.483,2.448,2.467,6109.0
2019-11-12,2.471,2.48,2.453,2.464,7078.0
2019-11-13,2.463,2.473,2.425,2.454,10665.0
2019-11-14,2.466,2.478,2.447,2.464,14094.0
2019-11-15,2.461,2.477,2.442,2.461,12282.0
2019-11-18,2.45,2.456,2.423,2.43,14559.0
2019-11-19,2.428,2.433,2.396,2.404,8472.0
2019-11-20,2.401,2.415,2.396,2.404,7772.0
2019-11-21,2.404,2.41,2.384,2.397,7640.0
2019-11-22,2.397,2.435,2.383,2.43,10275.0
2019-11-25,2.436,2.447,2.382,2.412,13364.0
2019-11-26,2.404,2.416,2.385,2.41,15374.0
2019-11-27,2.417,2.419,2.392,2.402,8449.0
2019-11-29,2.393,2.397,2.285,2.289,15116.0
2019-12-02,2.304,2.33,2.286,2.304,10836.0
2019-12-03,2.306,2.351,2.303,2.322,16643.0
2019-12-04,2.322,2.344,2.31,2.337,12273.0
2019-12-05,2.334,2.359,2.325,2.349,7867.0
2019-12-06,2.351,2.355,2.309,2.316,10372.0
2019-12-09,2.28,2.306,2.275,2.303,14729.0
2019-12-10,2.297,2.319,2.287,2.317,10104.0
2019-12-11,2.321,2.324,2.299,2.302,8449.0
2019-12-12,2.306,2.354,2.298,2.34,14582.0
2019-12-13,2.329,2.334,2.301,2.315,15761.0
2019-12-16,2.326,2.359,2.318,2.343,13150.0
2019-12-17,2.351,2.354,2.318,2.344,12302.0
2019-12-18,2.334,2.334,2.315,2.324,12451.0
2019-12-19,2.326,2.332,2.302,2.325,15072.0
2019-12-20,2.328,2.359,2.326,2.346,11792.0
2019-12-23,2.306,2.322,2.3,2.306,13252.0
2019-12-24,2.319,2.319,2.284,2.291,7172.0
2019-12-26,2.308,2.342,2.308,2.339,5411.0
2019-12-27,2.339,2.35,2.28,2.337,13109.0
2019-12-30,2.352,2.359,2.332,2.34,7510.0
2019-12-31,2.348,2.352,2.333,2.346,9433.0
2020-01-02,2.338,2.353,2.306,2.311,10241.0
2020-01-03,2.311,2.334,2.289,2.327,12863.0
2020-01-06,2.32,2.353,2.314,2.335,14342.0
2020-01-07,2.339,2.349,2.305,2.337,10617.0
2020-01-08,2.328,2.341,2.307,2.337,20502.0
2020-01-09,2.333,2.346,2.303,2.345,17048.0
2020-01-10,2.341,2.356,2.326,2.346,22958.0
2020-01-13,2.337,2.355,2.331,2.353,16400.0
2020-01-14,2.345,2.363,2.338,2.345,18501.0
2020-01-15,2.345,2.349,2.309,2.313,20447.0
2020-01-16,2.319,2.339,2.293,2.3,27468.0
2020-01-17,2.296,2.298,2.252,2.261,30182.0
2020-01-21,2.25,2.25,2.156,2.201,54285.0
2020-01-22,2.209,2.213,2.191,2.194,28423.0
2020-01-23,2.197,2.223,2.189,2.199,28817.0
2020-01-24,2.195,2.196,2.157,2.166,25832.0
2020-01-27,2.189,2.211,2.153,2.164,26745.0
2020-01-28,2.165,2.195,2.149,2.182,23211.0
2020-01-29,2.182,2.185,2.156,2.161,20624.0
2020-01-30,2.166,2.173,2.129,2.133,34950.0
2020-01-31,2.13,2.149,2.117,2.142,26650.0
2020-02-03,2.151,2.172,2.111,2.12,17866.0
2020-02-04,2.109,2.159,2.101,2.144,21728.0
2020-02-05,2.138,2.146,2.106,2.131,21989.0
2020-02-06,2.133,2.16,2.103,2.136,33286.0
2020-02-07,2.137,2.154,2.119,2.149,32159.0
2020-02-10,2.115,2.115,2.076,2.089,48520.0
2020-02-11,2.084,2.111,2.071,2.108,35578.0
2020-02-12,2.104,2.158,2.103,2.154,29307.0
2020-02-13,2.15,2.164,2.125,2.131,37481.0
2020-02-14,2.124,2.132,2.109,2.116,20960.0
2020-02-18,2.131,2.188,2.131,2.175,38028.0
2020-02-19,2.168,2.195,2.158,2.183,22051.0
2020-02-20,2.174,2.214,2.146,2.157,40163.0
2020-02-21,2.15,2.162,2.114,2.148,25308.0
2020-02-24,2.121,2.125,2.096,2.1,26244.0
2020-02-25,2.108,2.125,2.094,2.113,19698.0
2020-02-26,2.115,2.135,2.094,2.102,26536.0
2020-02-27,2.099,2.099,2.011,2.043,40968.0
2020-02-28,2.03,2.03,1.937,1.973,45177.0
2020-03-02,1.976,2.037,1.975,2.022,33637.0
2020-03-03,2.029,2.093,2.017,2.061,31911.0
2020-03-04,2.058,2.104,2.048,2.089,20900.0
2020-03-05,2.096,2.103,2.029,2.047,21923.0
2020-03-06,2.031,2.037,1.995,1.996,25588.0
2020-03-09,1.979,2.14,1.924,2.088,58981.0
2020-03-10,2.144,2.245,2.11,2.237,70411.0
2020-03-11,2.222,2.278,2.168,2.177,54284.0
2020-03-12,2.169,2.193,2.078,2.162,45715.0
2020-03-13,2.125,2.242,2.121,2.163,41095.0
2020-03-16,2.125,2.147,2.085,2.123,32150.0
2020-03-17,2.115,2.144,2.083,2.093,39493.0
2020-03-18,2.091,2.093,1.955,2.005,67828.0
2020-03-19,2.026,2.091,1.994,2.085,26023.0
2020-03-20,2.085,2.131,2.011,2.025,24969.0
2020-03-23,2.0,2.078,1.977,2.055,24503.0
2020-03-24,2.055,2.13,2.049,2.093,29607.0
2020-03-25,2.107,2.137,2.076,2.087,21387.0
2020-03-26,2.087,2.104,2.049,2.071,29060.0
2020-03-27,2.088,2.088,2.038,2.047,27241.0
2020-03-30,2.022,2.092,1.999,2.082,19435.0
2020-03-31,2.085,2.118,2.049,2.07,29477.0
2020-04-01,2.056,2.093,2.036,2.059,30622.0
2020-04-02,2.063,2.088,2.009,2.023,32993.0
2020-04-03,2.02,2.11,2.01,2.091,26893.0
2020-04-06,2.106,2.167,2.093,2.149,24231.0
2020-04-07,2.159,2.232,2.153,2.208,34555.0
2020-04-08,2.215,2.235,2.167,2.2,23542.0
2020-04-09,2.218,2.229,2.175,2.217,25356.0
2020-04-13,2.224,2.284,2.213,2.229,22529.0
2020-04-14,2.241,2.249,2.177,2.19,17265.0
2020-04-15,2.186,2.202,2.13,2.138,22636.0
2020-04-16,2.144,2.232,2.101,2.219,40081.0
2020-04-17,2.223,2.285,2.191,2.25,30979.0
2020-04-20,2.273,2.428,2.247,2.414,48476.0
2020-04-21,2.399,2.498,2.345,2.374,61103.0
2020-04-22,2.394,2.452,2.36,2.419,38999.0
2020-04-23,2.426,2.45,2.353,2.363,29149.0
2020-04-24,2.366,2.395,2.333,2.35,33885.0
2020-04-27,2.334,2.403,2.283,2.401,35773.0
2020-04-28,2.395,2.461,2.374,2.412,25628.0
2020-04-29,2.425,2.442,2.345,2.349,19552.0
2020-04-30,2.345,2.428,2.323,2.424,28320.0
2020-05-01,2.404,2.465,2.384,2.396,27446.0
2020-05-04,2.44,2.482,2.418,2.479,29708.0
2020-05-05,2.473,2.588,2.452,2.498,57947.0
2020-05-06,2.459,2.463,2.38,2.389,36169.0
2020-05-07,2.39,2.403,2.335,2.342,31568.0
2020-05-08,2.35,2.355,2.291,2.296,25567.0
2020-05-11,2.304,2.325,2.278,2.299,25078.0
2020-05-12,2.298,2.307,2.188,2.214,37087.0
2020-05-13,2.194,2.219,2.097,2.113,45638.0
2020-05-14,2.133,2.185,2.111,2.137,29785.0
2020-05-15,2.129,2.179,2.086,2.098,25732.0
2020-05-18,2.145,2.244,2.138,2.198,37759.0
2020-05-19,2.187,2.248,2.163,2.206,35699.0
2020-05-20,2.177,2.24,2.128,2.149,29693.0
2020-05-21,2.138,2.145,2.062,2.081,26517.0
2020-05-22,2.086,2.112,2.049,2.095,20379.0
2020-05-26,2.099,2.15,2.064,2.146,23997.0
2020-05-27,2.137,2.166,2.082,2.102,22511.0
2020-05-28,2.091,2.106,2.039,2.058,29852.0
2020-05-29,2.06,2.08,2.004,2.068,38291.0
2020-06-01,2.043,2.061,1.984,2.009,39246.0
2020-06-02,2.011,2.041,1.997,2.021,27540.0
2020-06-03,2.02,2.087,2.018,2.053,32631.0
2020-06-04,2.043,2.077,2.031,2.052,25763.0
2020-06-05,2.054,2.094,2.021,2.028,41891.0
2020-06-08,2.04,2.049,1.99,2.036,31686.0
2020-06-09,2.047,2.059,1.998,2.009,42280.0
2020-06-10,1.999,2.037,1.92,2.018,52242.0
2020-06-11,2.015,2.06,2.0,2.045,41293.0
2020-06-12,2.041,2.049,1.956,1.96,31408.0
2020-06-15,1.977,1.981,1.909,1.917,39817.0
2020-06-16,1.917,1.925,1.861,1.868,36386.0
2020-06-17,1.874,1.907,1.857,1.9,31436.0
2020-06-18,1.896,1.921,1.88,1.898,29868.0
2020-06-19,1.889,1.924,1.884,1.904,30954.0
2020-06-22,1.91,1.938,1.871,1.888,29929.0
2020-06-23,1.879,1.885,1.832,1.839,34052.0
2020-06-24,1.837,1.865,1.815,1.822,40655.0
2020-06-25,1.817,1.818,1.706,1.73,61398.0
2020-06-26,1.717,1.752,1.7,1.725,33811.0
2020-06-29,1.739,1.906,1.735,1.863,54698.0
2020-06-30,1.851,1.936,1.846,1.887,53855.0
2020-07-01,1.888,1.888,1.8,1.84,59146.0
2020-07-02,1.853,1.892,1.838,1.884,40388.0
2020-07-06,1.89,1.994,1.869,1.983,61077.0
2020-07-07,1.988,2.078,1.987,2.028,54437.0
2020-07-08,2.032,2.036,1.961,1.97,43098.0
2020-07-09,1.963,2.022,1.918,1.922,54045.0
2020-07-10,1.923,1.967,1.891,1.943,36314.0
2020-07-13,1.923,1.949,1.884,1.899,39542.0
2020-07-14,1.889,1.917,1.87,1.891,30533.0
2020-07-15,1.891,1.929,1.871,1.917,23052.0
2020-07-16,1.923,1.941,1.865,1.879,36188.0
2020-07-17,1.878,1.899,1.852,1.876,30667.0
2020-07-20,1.857,1.859,1.768,1.808,54090.0
2020-07-21,1.814,1.844,1.792,1.837,33376.0
2020-07-22,1.832,1.858,1.791,1.838,43898.0
2020-07-23,1.846,1.968,1.841,1.952,50728.0
2020-07-24,1.949,1.997,1.913,1.994,43633.0
2020-07-27,1.987,1.996,1.907,1.932,43063.0
2020-07-28,1.919,2.015,1.916,2.012,47771.0
2020-07-29,1.996,2.086,1.974,2.079,72431.0
2020-07-30,2.079,2.079,1.977,1.991,80378.0
2020-07-31,1.993,2.026,1.941,1.957,56143.0
2020-08-03,2.009,2.291,2.003,2.239,174008.0
2020-08-04,2.239,2.338,2.197,2.334,102486.0
2020-08-05,2.324,2.395,2.3,2.331,81941.0
2020-08-06,2.347,2.422,2.277,2.305,72923.0
2020-08-07,2.297,2.389,2.283,2.376,112866.0
2020-08-10,2.385,2.401,2.254,2.287,109875.0
2020-08-11,2.294,2.356,2.27,2.311,101826.0
2020-08-12,2.286,2.308,2.228,2.297,118231.0
2020-08-13,2.294,2.347,2.282,2.324,98356.0
2020-08-14,2.328,2.514,2.312,2.495,149811.0
2020-08-17,2.525,2.525,2.44,2.476,94157.0
2020-08-18,2.481,2.598,2.439,2.556,103427.0
2020-08-19,2.554,2.593,2.513,2.563,70711.0
2020-08-20,2.569,2.577,2.495,2.503,112556.0
2020-08-21,2.502,2.588,2.424,2.573,133747.0
2020-08-24,2.585,2.658,2.514,2.616,134127.0
2020-08-25,2.616,2.649,2.568,2.596,117365.0
2020-08-26,2.579,2.654,2.519,2.574,142306.0
2020-08-27,2.527,2.715,2.491,2.71,209678.0
2020-08-28,2.71,2.743,2.621,2.657,152901.0
2020-08-31,2.629,2.653,2.497,2.63,203888.0
2020-09-01,2.628,2.675,2.504,2.527,228380.0
2020-09-02,2.516,2.578,2.415,2.486,257129.0
2020-09-03,2.489,2.567,2.455,2.487,146077.0
2020-09-04,2.483,2.605,2.431,2.588,165241.0
2020-09-08,2.586,2.586,2.356,2.4,223470.0
2020-09-09,2.367,2.48,2.328,2.406,201385.0
2020-09-10,2.382,2.407,2.305,2.323,139971.0
2020-09-11,2.314,2.335,2.246,2.269,123018.0
2020-09-14,2.306,2.399,2.284,2.31,151170.0
2020-09-15,2.305,2.383,2.275,2.362,114514.0
2020-09-16,2.356,2.389,2.233,2.267,119392.0
2020-09-17,2.254,2.275,1.987,2.042,238359.0
2020-09-18,1.999,2.074,1.926,2.048,151869.0
2020-09-21,1.991,2.038,1.795,1.835,256631.0
2020-09-22,1.888,1.897,1.808,1.834,102265.0
2020-09-23,1.845,2.207,1.815,2.125,100575.0
2020-09-24,2.195,2.32,2.169,2.248,60475.0
2020-09-25,2.178,2.26,2.101,2.139,40394.0
2020-09-28,2.105,2.176,2.02,2.101,3356.0
