DATETIME,OPEN,HIGH,LOW,FINAL,VOLUME
2012-05-30,5.405,5.405,5.405,5.405,0.0
2012-05-31,5.48,5.48,5.48,5.48,0.0
2012-06-01,5.445,5.445,5.445,5.445,0.0
2012-06-04,5.447,5.447,5.447,5.447,0.0
2012-06-05,5.389,5.389,5.389,5.389,0.0
2012-06-06,5.384,5.384,5.384,5.384,0.0
2012-06-07,5.363,5.363,5.363,5.363,0.0
2012-06-08,5.384,5.384,5.384,5.384,0.0
2012-06-11,5.347,5.347,5.347,5.347,0.0
2012-06-12,5.347,5.347,5.347,5.347,0.0
2012-06-13,5.328,5.328,5.328,5.328,0.0
2012-06-14,5.353,5.353,5.353,5.353,0.0
2012-06-15,5.23,5.23,5.23,5.23,0.0
2012-06-18,5.176,5.176,5.176,5.176,0.0
2012-06-19,5.216,5.216,5.216,5.216,0.0
2012-06-20,5.216,5.216,5.216,5.216,0.0
2012-06-21,5.191,5.191,5.191,5.191,0.0
2012-06-22,5.163,5.163,5.163,5.163,0.0
2012-06-25,5.19,5.19,5.19,5.19,0.0
2012-06-26,5.235,5.235,5.235,5.235,0.0
2012-06-27,5.253,5.253,5.253,5.253,0.0
2012-06-28,5.251,5.251,5.251,5.251,0.0
2012-06-29,5.239,5.239,5.239,5.239,0.0
2012-07-02,5.25,5.25,5.25,5.25,0.0
2012-07-03,5.291,5.291,5.291,5.291,0.0
2012-07-05,5.294,5.294,5.294,5.294,0.0
2012-07-06,5.246,5.246,5.246,5.246,0.0
2012-07-09,5.295,5.295,5.295,5.295,0.0
2012-07-10,5.288,5.288,5.288,5.288,0.0
2012-07-11,5.335,5.335,5.335,5.335,0.0
2012-07-12,5.324,5.324,5.324,5.324,0.0
2012-07-13,5.327,5.327,5.327,5.327,0.0
2012-07-16,5.278,5.278,5.278,5.278,0.0
2012-07-17,5.486,5.486,5.486,5.486,0.0
2012-07-18,5.585,5.585,5.585,5.585,0.0
2012-07-19,5.544,5.544,5.544,5.544,0.0
2012-07-20,5.566,5.566,5.566,5.566,0.0
2012-07-23,5.575,5.575,5.575,5.575,0.0
2012-07-24,5.612,5.612,5.612,5.612,0.0
2012-07-25,5.619,5.619,5.619,5.619,0.0
2012-07-26,5.662,5.662,5.662,5.662,0.0
2012-07-27,5.664,5.664,5.664,5.664,0.0
2012-07-30,5.732,5.732,5.732,5.732,0.0
2012-07-31,5.692,5.692,5.692,5.692,0.0
2012-08-01,5.657,5.657,5.657,5.657,0.0
2012-08-02,5.537,5.537,5.537,5.537,0.0
2012-08-03,5.509,5.509,5.509,5.509,0.0
2012-08-06,5.823,5.823,5.823,5.823,0.0
2012-08-07,5.736,5.736,5.736,5.736,0.0
2012-08-08,6.008,6.008,6.008,6.008,0.0
2012-08-09,5.908,5.908,5.908,5.908,0.0
2012-08-10,5.845,5.845,5.845,5.845,0.0
2012-08-13,5.818,5.818,5.818,5.818,0.0
2012-08-14,5.86,5.86,5.86,5.86,0.0
2012-08-15,5.953,5.953,5.953,5.953,0.0
2012-08-16,5.926,5.926,5.926,5.926,0.0
2012-08-17,5.924,5.924,5.924,5.924,0.0
2012-08-20,5.963,5.963,5.963,5.963,0.0
2012-08-21,5.966,5.966,5.966,5.966,0.0
2012-08-22,5.957,5.957,5.957,5.957,0.0
2012-08-23,5.94,5.94,5.94,5.94,0.0
2012-08-24,5.913,5.913,5.913,5.913,0.0
2012-08-27,5.888,5.888,5.888,5.888,0.0
2012-08-28,5.833,5.833,5.833,5.833,0.0
2012-08-29,5.854,5.854,5.854,5.854,0.0
2012-08-30,5.861,5.861,5.861,5.861,0.0
2012-08-31,5.886,5.886,5.886,5.886,0.0
2012-09-04,5.888,5.888,5.888,5.888,0.0
2012-09-05,5.878,5.878,5.878,5.878,0.0
2012-09-06,5.874,5.874,5.874,5.874,0.0
2012-09-07,5.824,5.824,5.824,5.824,0.0
2012-09-10,5.789,5.789,5.789,5.789,0.0
2012-09-11,5.829,5.829,5.829,5.829,0.0
2012-09-12,5.904,5.904,5.904,5.904,0.0
2012-09-13,5.919,5.919,5.919,5.919,0.0
2012-09-14,5.909,5.909,5.909,5.909,0.0
2012-09-17,5.89,5.89,5.89,5.89,0.0
2012-09-18,5.997,5.997,5.997,5.997,0.0
2012-09-19,5.997,5.997,5.997,5.997,0.0
2012-09-20,6.001,6.001,6.001,6.001,0.0
2012-09-21,6.06,6.06,6.06,6.06,0.0
2012-09-24,6.044,6.044,6.044,6.044,0.0
2012-09-25,6.061,6.061,6.061,6.061,0.0
2012-09-26,6.027,6.027,6.027,6.027,0.0
2012-09-27,6.051,6.051,6.051,6.051,0.0
2012-09-28,6.063,6.063,6.063,6.063,0.0
2012-10-01,6.084,6.084,6.084,6.084,0.0
2012-10-02,6.04,6.04,6.04,6.04,0.0
2012-10-03,6.018,6.018,6.018,6.018,0.0
2012-10-04,5.998,5.998,5.998,5.998,0.0
2012-10-05,6.048,6.048,6.048,6.048,0.0
2012-10-08,6.087,6.087,6.087,6.087,0.0
2012-10-09,6.093,6.093,6.093,6.093,0.0
2012-10-10,6.069,6.069,6.069,6.069,0.0
2012-10-11,6.097,6.097,6.097,6.097,0.0
2012-10-12,6.058,6.058,6.058,6.058,0.0
2012-10-15,6.024,6.024,6.024,6.024,0.0
2012-10-16,6.03,6.03,6.03,6.03,0.0
2012-10-17,6.078,6.078,6.078,6.078,0.0
2012-10-18,6.017,6.017,6.017,6.017,0.0
2012-10-19,6.015,6.015,6.015,6.015,0.0
2012-10-22,6.023,6.023,6.023,6.023,0.0
2012-10-23,6.061,6.061,6.061,6.061,0.0
2012-10-24,6.036,6.036,6.036,6.036,0.0
2012-10-25,6.066,6.066,6.066,6.066,0.0
2012-10-26,6.075,6.075,6.075,6.075,0.0
2012-10-29,6.144,6.144,6.144,6.144,0.0
2012-10-30,6.075,6.075,6.075,6.075,0.0
2012-10-31,6.078,6.078,6.078,6.078,0.0
2012-11-01,6.085,6.085,6.085,6.085,0.0
2012-11-02,5.984,5.984,5.984,5.984,0.0
2012-11-05,5.941,5.941,5.941,5.941,0.0
2012-11-06,5.986,5.986,5.986,5.986,0.0
2012-11-07,5.962,5.962,5.962,5.962,0.0
2012-11-08,6.005,6.005,6.005,6.005,0.0
2012-11-09,5.944,5.944,5.944,5.944,0.0
2012-11-12,5.994,5.994,5.994,5.994,0.0
2012-11-13,6.033,6.033,6.033,6.033,0.0
2012-11-14,6.0,6.0,6.0,6.0,0.0
2012-11-15,5.921,5.921,5.921,5.921,0.0
2012-11-16,5.919,5.919,5.919,5.919,0.0
2012-11-19,5.884,5.884,5.884,5.884,0.0
2012-11-20,5.925,5.925,5.925,5.925,0.0
2012-11-21,5.894,5.894,5.894,5.894,0.0
2012-11-23,5.881,5.881,5.881,5.881,0.0
2012-11-26,5.84,5.84,5.84,5.84,0.0
2012-11-27,5.875,5.875,5.875,5.875,0.0
2012-11-28,5.867,5.867,5.867,5.867,0.0
2012-11-29,5.791,5.791,5.791,5.791,0.0
2012-11-30,5.772,5.772,5.772,5.772,0.0
2012-12-03,5.806,5.806,5.806,5.806,0.0
2012-12-04,5.781,5.781,5.781,5.781,0.0
2012-12-05,5.811,5.811,5.811,5.811,0.0
2012-12-06,5.803,5.803,5.803,5.803,0.0
2012-12-07,5.78,5.78,5.78,5.78,0.0
2012-12-10,5.802,5.802,5.802,5.802,0.0
2012-12-11,5.775,5.775,5.775,5.775,0.0
2012-12-12,5.769,5.769,5.769,5.769,0.0
2012-12-13,5.776,5.776,5.776,5.776,0.0
2012-12-14,5.772,5.772,5.772,5.772,0.0
2012-12-17,5.827,5.827,5.827,5.827,0.0
2012-12-18,5.964,5.964,5.964,5.964,0.0
2012-12-19,5.934,5.934,5.934,5.934,0.0
2012-12-20,6.0,6.0,6.0,6.0,0.0
2012-12-21,5.982,5.982,5.982,5.982,0.0
2012-12-24,5.945,5.945,5.945,5.945,0.0
2012-12-26,5.965,5.965,5.965,5.965,0.0
2012-12-27,5.948,5.948,5.948,5.948,0.0
2012-12-28,5.943,5.943,5.943,5.943,0.0
2012-12-31,5.902,5.902,5.902,5.902,0.0
2013-01-02,5.866,5.866,5.866,5.866,0.0
2013-01-03,5.861,5.861,5.861,5.861,0.0
2013-01-04,5.919,5.919,5.919,5.919,0.0
2013-01-07,5.9,5.9,5.9,5.9,0.0
2013-01-08,5.878,5.878,5.878,5.878,0.0
2013-01-09,5.858,5.858,5.858,5.858,0.0
2013-01-10,5.87,5.87,5.87,5.87,0.0
2013-01-11,5.831,5.831,5.831,5.831,0.0
2013-01-14,5.818,5.818,5.818,5.818,0.0
2013-01-15,5.828,5.828,5.828,5.828,0.0
2013-01-16,5.828,5.828,5.828,5.828,0.0
2013-01-17,5.817,5.817,5.817,5.817,0.0
2013-01-18,5.848,5.848,5.848,5.848,0.0
2013-01-22,5.842,5.842,5.842,5.842,0.0
2013-01-23,5.877,5.877,5.877,5.877,0.0
2013-01-24,5.848,5.848,5.848,5.848,0.0
2013-01-25,5.868,5.868,5.868,5.868,0.0
2013-01-28,5.808,5.808,5.808,5.808,0.0
2013-01-29,5.779,5.779,5.779,5.779,0.0
2013-01-30,5.803,5.803,5.803,5.803,0.0
2013-01-31,5.794,5.794,5.794,5.794,0.0
2013-02-01,5.751,5.751,5.751,5.751,0.0
2013-02-04,5.771,5.771,5.771,5.771,0.0
2013-02-05,5.773,5.773,5.773,5.773,0.0
2013-02-06,5.768,5.768,5.768,5.768,0.0
2013-02-07,5.744,5.744,5.744,5.744,0.0
2013-02-08,5.789,5.789,5.789,5.789,0.0
2013-02-11,5.799,5.799,5.799,5.799,0.0
2013-02-12,5.816,5.816,5.816,5.816,0.0
2013-02-13,5.845,5.845,5.845,5.845,0.0
2013-02-14,5.821,5.821,5.821,5.821,0.0
2013-02-15,5.802,5.802,5.802,5.802,0.0
2013-02-19,5.843,5.843,5.843,5.843,0.0
2013-02-20,5.821,5.821,5.821,5.821,0.0
2013-02-21,5.794,5.794,5.794,5.794,0.0
2013-02-22,5.791,5.791,5.791,5.791,0.0
2013-02-25,5.792,5.792,5.792,5.792,0.0
2013-02-26,5.796,5.796,5.796,5.796,0.0
2013-02-27,5.789,5.789,5.789,5.789,0.0
2013-02-28,5.81,5.81,5.81,5.81,0.0
2013-03-01,5.831,5.831,5.831,5.831,0.0
2013-03-04,5.872,5.872,5.872,5.872,0.0
2013-03-05,5.86,5.86,5.86,5.86,0.0
2013-03-06,5.83,5.83,5.83,5.83,0.0
2013-03-07,5.864,5.864,5.864,5.864,0.0
2013-03-08,5.86,5.86,5.86,5.86,0.0
2013-03-11,5.853,5.853,5.853,5.853,0.0
2013-03-12,5.823,5.823,5.823,5.823,0.0
2013-03-13,5.834,5.834,5.834,5.834,0.0
2013-03-14,5.826,5.826,5.826,5.826,0.0
2013-03-15,5.829,5.829,5.829,5.829,0.0
2013-03-18,5.814,5.814,5.814,5.814,0.0
2013-03-19,5.839,5.839,5.839,5.839,0.0
2013-03-20,5.833,5.833,5.833,5.833,0.0
2013-03-21,5.77,5.77,5.77,5.77,0.0
2013-03-22,5.762,5.762,5.762,5.762,0.0
2013-03-25,5.728,5.728,5.728,5.728,0.0
2013-03-26,5.74,5.74,5.74,5.74,0.0
2013-03-27,5.675,5.675,5.675,5.675,0.0
2013-03-28,5.592,5.592,5.592,5.592,0.0
2013-04-01,5.581,5.581,5.581,5.581,0.0
2013-04-02,5.53,5.53,5.53,5.53,0.0
2013-04-03,5.6,5.6,5.6,5.6,0.0
2013-04-04,5.612,5.612,5.612,5.612,0.0
2013-04-05,5.589,5.589,5.589,5.589,0.0
2013-04-08,5.5,5.5,5.5,5.5,0.0
2013-04-09,5.33,5.33,5.33,5.33,0.0
2013-04-10,5.274,5.274,5.274,5.274,0.0
2013-04-11,5.353,5.353,5.353,5.353,0.0
2013-04-12,5.507,5.507,5.507,5.507,0.0
2013-04-15,5.518,5.518,5.518,5.518,0.0
2013-04-16,5.599,5.599,5.599,5.599,0.0
2013-04-17,5.603,5.603,5.603,5.603,0.0
2013-04-18,5.593,5.593,5.593,5.593,0.0
2013-04-19,5.592,5.592,5.592,5.592,0.0
2013-04-22,5.585,5.585,5.585,5.585,0.0
2013-04-23,5.573,5.573,5.573,5.573,0.0
2013-04-24,5.438,5.438,5.438,5.438,0.0
2013-04-25,5.454,5.454,5.454,5.454,0.0
2013-04-26,5.456,5.456,5.456,5.456,0.0
2013-04-29,5.469,5.469,5.469,5.469,0.0
2013-04-30,5.47,5.47,5.47,5.47,0.0
2013-05-01,5.455,5.455,5.455,5.455,0.0
2013-05-02,5.463,5.463,5.463,5.463,0.0
2013-05-03,5.526,5.526,5.526,5.526,0.0
2013-05-06,5.577,5.577,5.577,5.577,0.0
2013-05-07,5.576,5.576,5.576,5.576,0.0
2013-05-08,5.56,5.56,5.56,5.56,0.0
2013-05-09,5.522,5.522,5.522,5.522,0.0
2013-05-10,5.484,5.484,5.484,5.484,0.0
2013-05-13,5.494,5.494,5.494,5.494,0.0
2013-05-14,5.525,5.525,5.525,5.525,0.0
2013-05-15,5.507,5.507,5.507,5.507,0.0
2013-05-16,5.504,5.504,5.504,5.504,0.0
2013-05-17,5.664,5.664,5.664,5.664,0.0
2013-05-20,5.846,5.846,5.846,5.846,0.0
2013-05-21,5.918,5.918,5.918,5.918,0.0
2013-05-22,6.043,6.043,6.043,6.043,0.0
2013-05-23,6.011,6.011,6.011,6.011,0.0
2013-05-24,6.002,6.002,6.002,6.002,0.0
2013-05-28,5.991,5.991,5.991,5.991,0.0
2013-05-29,5.982,5.982,5.982,5.982,0.0
2013-05-30,5.942,5.942,5.942,5.942,0.0
2013-05-31,5.984,5.984,5.984,5.984,0.0
2013-06-03,5.999,5.999,5.999,5.999,0.0
2013-06-04,5.981,5.981,5.981,5.981,0.0
2013-06-05,5.953,5.953,5.953,5.953,0.0
2013-06-06,5.898,5.898,5.898,5.898,0.0
2013-06-07,5.924,5.924,5.924,5.924,0.0
2013-06-10,5.908,5.908,5.908,5.908,0.0
2013-06-11,5.833,5.833,5.833,5.833,0.0
2013-06-12,5.792,5.792,5.792,5.792,0.0
2013-06-13,5.796,5.796,5.796,5.796,0.0
2013-06-14,5.782,5.782,5.782,5.782,0.0
2013-06-17,5.818,5.818,5.818,5.818,0.0
2013-06-18,5.875,5.875,5.875,5.875,0.0
2013-06-19,5.842,5.842,5.842,5.842,0.0
2013-06-20,5.823,5.823,5.823,5.823,0.0
2013-06-21,5.909,5.909,5.909,5.909,0.0
2013-06-24,6.035,6.035,6.035,6.035,0.0
2013-06-25,6.107,6.107,6.107,6.107,0.0
2013-06-26,6.154,6.154,6.154,6.154,0.0
2013-06-27,6.093,6.093,6.093,6.093,0.0
2013-06-28,6.125,6.125,6.125,6.125,0.0
2013-07-01,6.06,6.06,6.06,6.06,0.0
2013-07-02,6.095,6.095,6.095,6.095,0.0
2013-07-03,6.117,6.117,6.117,6.117,0.0
2013-07-05,6.076,6.076,6.076,6.076,0.0
2013-07-08,6.123,6.123,6.123,6.123,0.0
2013-07-09,6.04,6.04,6.04,6.04,0.0
2013-07-10,6.026,6.026,6.026,6.026,0.0
2013-07-11,6.024,6.024,6.024,6.024,0.0
2013-07-12,6.024,6.024,6.024,6.024,0.0
2013-07-15,6.045,6.045,6.045,6.045,0.0
2013-07-16,6.044,6.044,6.044,6.044,0.0
2013-07-17,6.046,6.046,6.046,6.046,0.0
2013-07-18,5.996,5.996,5.996,5.996,0.0
2013-07-19,5.95,5.95,5.95,5.95,0.0
2013-07-22,5.95,5.95,5.95,5.95,0.0
2013-07-23,5.919,5.919,5.919,5.919,0.0
2013-07-24,5.938,5.938,5.938,5.938,0.0
2013-07-25,5.963,5.963,5.963,5.963,0.0
2013-07-26,5.892,5.892,5.892,5.892,0.0
2013-07-29,5.892,5.892,5.892,5.892,0.0
2013-07-30,5.859,5.859,5.859,5.859,0.0
2013-07-31,5.877,5.877,5.877,5.877,0.0
2013-08-01,5.853,5.853,5.853,5.853,0.0
2013-08-02,5.838,5.838,5.838,5.838,0.0
2013-08-05,5.813,5.813,5.813,5.813,0.0
2013-08-06,5.796,5.796,5.796,5.796,0.0
2013-08-07,5.824,5.824,5.824,5.824,0.0
2013-08-08,5.781,5.781,5.781,5.781,0.0
2013-08-09,5.751,5.751,5.751,5.751,0.0
2013-08-12,5.691,5.691,5.691,5.691,0.0
2013-08-13,5.623,5.623,5.623,5.623,0.0
2013-08-14,5.574,5.574,5.574,5.574,0.0
2013-08-15,5.602,5.602,5.602,5.602,0.0
2013-08-16,5.584,5.584,5.584,5.584,0.0
2013-08-19,5.595,5.595,5.595,5.595,0.0
2013-08-20,5.581,5.581,5.581,5.581,0.0
2013-08-21,5.545,5.545,5.545,5.545,0.0
2013-08-22,5.566,5.566,5.566,5.566,0.0
2013-08-23,5.536,5.536,5.536,5.536,0.0
2013-08-26,5.488,5.488,5.488,5.488,0.0
2013-08-27,5.414,5.414,5.414,5.414,0.0
2013-08-28,5.413,5.413,5.413,5.413,0.0
2013-08-29,5.423,5.423,5.423,5.423,0.0
2013-08-30,5.435,5.435,5.435,5.435,0.0
2013-09-03,5.444,5.444,5.444,5.444,0.0
2013-09-04,5.411,5.411,5.411,5.411,0.0
2013-09-05,5.387,5.387,5.387,5.387,0.0
2013-09-06,5.387,5.387,5.387,5.387,0.0
2013-09-09,5.382,5.382,5.382,5.382,0.0
2013-09-10,5.396,5.396,5.396,5.396,0.0
2013-09-11,5.383,5.383,5.383,5.383,0.0
2013-09-12,5.372,5.372,5.372,5.372,0.0
2013-09-13,5.392,5.392,5.392,5.392,0.0
2013-09-16,5.394,5.394,5.394,5.394,0.0
2013-09-17,5.369,5.369,5.369,5.369,0.0
2013-09-18,5.426,5.426,5.426,5.426,0.0
2013-09-19,5.454,5.454,5.454,5.454,0.0
2013-09-20,5.44,5.44,5.44,5.44,0.0
2013-09-23,5.401,5.401,5.401,5.401,0.0
2013-09-24,5.381,5.381,5.381,5.381,0.0
2013-09-25,5.363,5.363,5.363,5.363,0.0
2013-09-26,5.429,5.429,5.429,5.429,0.0
2013-09-27,5.454,5.454,5.454,5.454,0.0
2013-09-30,5.404,5.404,5.404,5.404,0.0
2013-10-01,5.424,5.424,5.424,5.424,0.0
2013-10-02,5.383,5.383,5.383,5.383,0.0
2013-10-03,5.384,5.384,5.384,5.384,0.0
2013-10-04,5.392,5.392,5.392,5.392,0.0
2013-10-07,5.409,5.409,5.409,5.409,0.0
2013-10-08,5.432,5.432,5.432,5.432,0.0
2013-10-09,5.42,5.42,5.42,5.42,0.0
2013-10-10,5.415,5.415,5.415,5.415,0.0
2013-10-11,5.365,5.365,5.365,5.365,0.0
2013-10-14,5.382,5.382,5.382,5.382,0.0
2013-10-15,5.357,5.357,5.357,5.357,0.0
2013-10-16,5.299,5.299,5.299,5.299,0.0
2013-10-17,5.349,5.349,5.349,5.349,0.0
2013-10-18,5.36,5.36,5.36,5.36,0.0
2013-10-21,5.356,5.356,5.356,5.356,0.0
2013-10-22,5.401,5.401,5.401,5.401,0.0
2013-10-23,5.407,5.407,5.407,5.407,0.0
2013-10-24,5.373,5.373,5.373,5.373,0.0
2013-10-25,5.404,5.404,5.404,5.404,0.0
2013-10-28,5.357,5.357,5.357,5.357,0.0
2013-10-29,5.348,5.348,5.348,5.348,0.0
2013-10-30,5.334,5.334,5.334,5.334,0.0
2013-10-31,5.235,5.235,5.235,5.235,0.0
2013-11-01,5.16,5.16,5.16,5.16,0.0
2013-11-04,5.131,5.131,5.131,5.131,0.0
2013-11-05,5.113,5.113,5.113,5.113,0.0
2013-11-06,5.11,5.11,5.11,5.11,0.0
2013-11-07,5.104,5.104,5.104,5.104,0.0
2013-11-08,5.019,5.019,5.019,5.019,0.0
2013-11-11,5.035,5.035,5.035,5.035,0.0
2013-11-12,5.041,5.041,5.041,5.041,0.0
2013-11-13,4.995,4.995,4.995,4.995,0.0
2013-11-14,4.959,4.959,4.959,4.959,0.0
2013-11-15,4.881,4.881,4.881,4.881,0.0
2013-11-18,4.853,4.853,4.853,4.853,0.0
2013-11-19,4.784,4.784,4.784,4.784,0.0
2013-11-20,4.804,4.804,4.804,4.804,0.0
2013-11-21,4.773,4.773,4.773,4.773,0.0
2013-11-22,4.775,4.775,4.775,4.775,0.0
2013-11-25,4.786,4.786,4.786,4.786,0.0
2013-11-26,4.767,4.767,4.767,4.767,0.0
2013-11-27,4.769,4.769,4.769,4.769,0.0
2013-11-29,4.759,4.759,4.759,4.759,0.0
2013-12-02,4.849,4.849,4.849,4.849,0.0
2013-12-03,4.963,4.963,4.963,4.963,0.0
2013-12-04,5.062,5.062,5.062,5.062,0.0
2013-12-05,5.041,5.041,5.041,5.041,0.0
2013-12-06,5.017,5.017,5.017,5.017,0.0
2013-12-09,4.905,4.905,4.905,4.905,0.0
2013-12-10,4.872,4.872,4.872,4.872,0.0
2013-12-11,4.802,4.802,4.802,4.802,0.0
2013-12-12,4.661,4.661,4.661,4.661,0.0
2013-12-13,4.663,4.663,4.663,4.663,0.0
2013-12-16,4.669,4.669,4.669,4.669,0.0
2013-12-17,4.633,4.633,4.633,4.633,0.0
2013-12-18,4.6,4.6,4.6,4.6,0.0
2013-12-19,4.614,4.614,4.614,4.614,0.0
2013-12-20,4.574,4.574,4.574,4.574,0.0
2013-12-23,4.559,4.559,4.559,4.559,0.0
2013-12-24,4.586,4.586,4.586,4.586,0.0
2013-12-26,4.583,4.583,4.583,4.583,0.0
2013-12-27,4.595,4.595,4.595,4.595,0.0
2013-12-30,4.585,4.585,4.585,4.585,0.0
2013-12-31,4.462,4.462,4.462,4.462,0.0
2014-01-02,4.477,4.477,4.477,4.477,0.0
2014-01-03,4.503,4.503,4.503,4.503,0.0
2014-01-06,4.509,4.509,4.509,4.509,0.0
2014-01-07,4.527,4.527,4.527,4.527,0.0
2014-01-08,4.547,4.547,4.547,4.547,0.0
2014-01-09,4.493,4.493,4.493,4.493,0.0
2014-01-10,4.611,4.611,4.611,4.611,0.0
2014-01-13,4.528,4.528,4.528,4.528,0.0
2014-01-14,4.525,4.525,4.525,4.525,0.0
2014-01-15,4.511,4.511,4.511,4.511,0.0
2014-01-16,4.506,4.506,4.506,4.506,0.0
2014-01-17,4.496,4.496,4.496,4.496,0.0
2014-01-21,4.544,4.544,4.544,4.544,0.0
2014-01-22,4.544,4.544,4.544,4.544,0.0
2014-01-23,4.538,4.538,4.538,4.538,0.0
2014-01-24,4.54,4.54,4.54,4.54,0.0
2014-01-27,4.579,4.579,4.579,4.579,0.0
2014-01-28,4.565,4.565,4.565,4.565,0.0
2014-01-29,4.559,4.559,4.559,4.559,0.0
2014-01-30,4.611,4.611,4.611,4.611,0.0
2014-01-31,4.608,4.608,4.608,4.608,0.0
2014-02-03,4.647,4.647,4.647,4.647,0.0
2014-02-04,4.613,4.613,4.613,4.613,0.0
2014-02-05,4.578,4.578,4.578,4.578,0.0
2014-02-06,4.523,4.523,4.523,4.523,0.0
2014-02-07,4.534,4.534,4.534,4.534,0.0
2014-02-10,4.499,4.499,4.499,4.499,0.0
2014-02-11,4.319,4.319,4.319,4.319,0.0
2014-02-12,4.325,4.325,4.325,4.325,0.0
2014-02-13,4.311,4.311,4.311,4.311,0.0
2014-02-14,4.228,4.228,4.228,4.228,0.0
2014-02-18,4.229,4.229,4.229,4.229,0.0
2014-02-19,4.259,4.259,4.259,4.259,0.0
2014-02-20,4.324,4.324,4.324,4.324,0.0
2014-02-21,4.346,4.346,4.346,4.346,0.0
2014-02-24,4.385,4.385,4.385,4.385,0.0
2014-02-25,4.393,4.393,4.393,4.393,0.0
2014-02-26,4.355,4.355,4.355,4.355,0.0
2014-02-27,4.302,4.302,4.302,4.302,0.0
2014-02-28,4.272,4.272,4.272,4.272,0.0
2014-03-03,4.27,4.27,4.27,4.27,0.0
2014-03-04,4.298,4.298,4.298,4.298,0.0
2014-03-05,4.323,4.323,4.323,4.323,0.0
2014-03-06,4.518,4.518,4.518,4.518,0.0
2014-03-07,4.48,4.48,4.48,4.48,0.0
2014-03-10,4.49,4.49,4.49,4.49,0.0
2014-03-11,4.431,4.431,4.431,4.431,0.0
2014-03-12,4.481,4.481,4.481,4.481,0.0
2014-03-13,4.605,4.605,4.605,4.605,0.0
2014-03-14,4.76,4.76,4.76,4.76,0.0
2014-03-17,4.742,4.742,4.742,4.742,0.0
2014-03-18,4.692,4.692,4.692,4.692,0.0
2014-03-19,4.728,4.728,4.728,4.728,0.0
2014-03-20,4.815,4.815,4.815,4.815,0.0
2014-03-21,4.805,4.805,4.805,4.805,0.0
2014-03-24,4.83,4.83,4.83,4.83,0.0
2014-03-25,4.855,4.855,4.855,4.855,0.0
2014-03-26,4.874,4.874,4.874,4.874,0.0
2014-03-27,4.871,4.871,4.871,4.871,0.0
2014-03-28,4.851,4.851,4.851,4.851,0.0
2014-03-31,4.851,4.851,4.851,4.851,0.0
2014-04-01,4.81,4.81,4.81,4.81,0.0
2014-04-02,4.823,4.823,4.823,4.823,0.0
2014-04-03,4.9,4.9,4.9,4.9,0.0
2014-04-04,4.913,4.913,4.913,4.913,0.0
2014-04-07,4.933,4.933,4.933,4.933,0.0
2014-04-08,4.927,4.927,4.927,4.927,0.0
2014-04-09,4.982,4.982,4.982,4.982,0.0
2014-04-10,5.05,5.05,5.018,5.018,1.0
2014-04-11,5.021,5.021,5.021,5.021,0.0
2014-04-14,5.019,5.019,5.019,5.019,0.0
2014-04-15,5.062,5.062,5.062,5.062,0.0
2014-04-16,5.067,5.067,5.067,5.067,0.0
2014-04-17,5.078,5.078,5.078,5.078,0.0
2014-04-21,5.039,5.039,5.039,5.039,0.0
2014-04-22,5.06,5.06,5.06,5.06,0.0
2014-04-23,5.053,5.053,5.053,5.053,0.0
2014-04-24,5.092,5.092,5.092,5.092,0.0
2014-04-25,5.081,5.081,5.081,5.081,0.0
2014-04-28,5.089,5.089,5.089,5.089,0.0
2014-04-29,5.139,5.139,5.139,5.139,0.0
2014-04-30,5.145,5.145,5.145,5.145,0.0
2014-05-01,5.149,5.149,5.149,5.149,0.0
2014-05-02,5.137,5.137,5.137,5.137,0.0
2014-05-05,5.126,5.126,5.126,5.126,0.0
2014-05-06,5.142,5.142,5.142,5.142,0.0
2014-05-07,5.147,5.147,5.147,5.147,0.0
2014-05-08,5.157,5.157,5.157,5.157,0.0
2014-05-09,5.197,5.197,5.197,5.197,0.0
2014-05-12,5.167,5.167,5.167,5.167,0.0
2014-05-13,5.179,5.179,5.179,5.179,0.0
2014-05-14,5.197,5.197,5.197,5.197,0.0
2014-05-15,5.143,5.143,5.143,5.143,0.0
2014-05-16,5.103,5.103,5.103,5.103,0.0
2014-05-19,5.104,5.104,5.104,5.104,0.0
2014-05-20,5.089,5.089,5.089,5.089,0.0
2014-05-21,5.094,5.094,5.094,5.094,0.0
2014-05-22,5.072,5.072,5.072,5.072,0.0
2014-05-23,5.092,5.092,5.092,5.092,0.0
2014-05-27,5.105,5.105,5.105,5.105,0.0
2014-05-28,5.069,5.069,5.069,5.069,0.0
2014-05-29,5.072,5.072,5.072,5.072,0.0
2014-05-30,5.068,5.068,5.068,5.068,0.0
2014-06-02,5.103,5.103,5.103,5.103,0.0
2014-06-03,5.08,5.08,5.08,5.08,0.0
2014-06-04,5.075,5.075,5.075,5.075,0.0
2014-06-05,5.093,5.093,5.093,5.093,0.0
2014-06-06,5.109,5.109,5.109,5.109,0.0
2014-06-09,5.095,5.095,5.095,5.095,0.0
2014-06-10,5.138,5.138,5.138,5.138,0.0
2014-06-11,5.124,5.124,5.124,5.124,0.0
2014-06-12,5.119,5.119,5.119,5.119,0.0
2014-06-13,5.148,5.148,5.148,5.148,0.0
2014-06-16,5.147,5.147,5.147,5.147,0.0
2014-06-17,5.187,5.187,5.187,5.187,0.0
2014-06-18,5.201,5.201,5.201,5.201,0.0
2014-06-19,5.223,5.223,5.223,5.223,0.0
2014-06-20,5.183,5.183,5.183,5.183,0.0
2014-06-23,5.171,5.171,5.171,5.171,0.0
2014-06-24,5.167,5.167,5.167,5.167,0.0
2014-06-25,5.176,5.176,5.176,5.176,0.0
2014-06-26,5.09,5.09,5.09,5.09,0.0
2014-06-27,5.088,5.088,5.088,5.088,0.0
2014-06-30,5.107,5.107,5.107,5.107,0.0
2014-07-01,5.115,5.115,5.115,5.115,0.0
2014-07-02,5.09,5.09,5.09,5.09,0.0
2014-07-03,5.085,5.085,5.085,5.085,0.0
2014-07-07,5.059,5.059,5.059,5.059,0.0
2014-07-08,5.035,5.035,5.035,5.035,0.0
2014-07-09,5.001,5.001,5.001,5.001,0.0
2014-07-10,4.948,4.948,4.948,4.948,0.0
2014-07-11,4.942,4.942,4.942,4.942,0.0
2014-07-14,4.905,4.905,4.905,4.905,0.0
2014-07-15,4.89,4.89,4.89,4.89,0.0
2014-07-16,4.905,4.905,4.905,4.905,0.0
2014-07-17,4.896,4.896,4.896,4.896,0.0
2014-07-18,4.923,4.923,4.923,4.923,0.0
2014-07-21,4.904,4.904,4.904,4.904,0.0
2014-07-22,4.858,4.858,4.858,4.858,0.0
2014-07-23,4.834,4.834,4.834,4.834,0.0
2014-07-24,4.815,4.815,4.815,4.815,0.0
2014-07-25,4.81,4.81,4.81,4.81,0.0
2014-07-28,4.797,4.797,4.797,4.797,0.0
2014-07-29,4.716,4.716,4.716,4.716,0.0
2014-07-30,4.743,4.743,4.743,4.743,0.0
2014-07-31,4.769,4.769,4.769,4.769,0.0
2014-08-01,4.797,4.797,4.797,4.797,0.0
2014-08-04,4.792,4.792,4.792,4.792,0.0
2014-08-05,4.701,4.701,4.701,4.701,0.0
2014-08-06,4.666,4.666,4.666,4.666,0.0
2014-08-07,4.68,4.68,4.68,4.68,0.0
2014-08-08,4.671,4.671,4.671,4.671,0.0
2014-08-11,4.626,4.626,4.626,4.626,0.0
2014-08-12,4.608,4.608,4.608,4.608,0.0
2014-08-13,4.593,4.593,4.593,4.593,0.0
2014-08-14,4.604,4.604,4.604,4.604,0.0
2014-08-15,4.569,4.569,4.569,4.569,0.0
2014-08-18,4.57,4.57,4.57,4.57,0.0
2014-08-19,4.567,4.567,4.567,4.567,0.0
2014-08-20,4.547,4.547,4.547,4.547,0.0
2014-08-21,4.57,4.57,4.57,4.57,0.0
2014-08-22,4.585,4.585,4.585,4.585,0.0
2014-08-25,4.593,4.593,4.593,4.593,0.0
2014-08-26,4.592,4.592,4.592,4.592,0.0
2014-08-27,4.607,4.607,4.607,4.607,0.0
2014-08-28,4.638,4.638,4.638,4.638,1.0
2014-08-29,4.63,4.63,4.63,4.63,1.0
2014-09-02,4.608,4.608,4.608,4.608,0.0
2014-09-03,4.63,4.63,4.63,4.63,0.0
2014-09-04,4.662,4.662,4.662,4.662,0.0
2014-09-05,4.659,4.659,4.659,4.659,0.0
2014-09-08,4.649,4.649,4.649,4.649,0.0
2014-09-09,4.632,4.632,4.632,4.632,0.0
2014-09-10,4.642,4.642,4.642,4.642,0.0
2014-09-11,4.661,4.661,4.661,4.661,0.0
2014-09-12,4.635,4.635,4.635,4.635,0.0
2014-09-15,4.613,4.613,4.613,4.613,0.0
2014-09-16,4.618,4.618,4.618,4.618,0.0
2014-09-17,4.607,4.607,4.607,4.607,0.0
2014-09-18,4.553,4.553,4.553,4.553,0.0
2014-09-19,4.548,4.548,4.548,4.548,0.0
2014-09-22,4.533,4.533,4.533,4.533,0.0
2014-09-23,4.543,4.543,4.543,4.543,0.0
2014-09-24,4.539,4.539,4.539,4.539,0.0
2014-09-25,4.538,4.538,4.538,4.538,0.0
2014-09-26,4.518,4.518,4.518,4.518,0.0
2014-09-29,4.529,4.529,4.529,4.529,0.0
2014-09-30,4.569,4.569,4.569,4.569,0.0
2014-10-01,4.525,4.525,4.525,4.525,0.0
2014-10-02,4.557,4.557,4.557,4.557,0.0
2014-10-03,4.534,4.534,4.534,4.534,0.0
2014-10-06,4.534,4.534,4.534,4.534,0.0
2014-10-07,4.537,4.537,4.537,4.537,0.0
2014-10-08,4.537,4.537,4.537,4.537,0.0
2014-10-09,4.552,4.552,4.552,4.552,0.0
2014-10-10,4.549,4.549,4.549,4.549,0.0
2014-10-13,4.559,4.559,4.559,4.559,0.0
2014-10-14,4.549,4.549,4.549,4.549,0.0
2014-10-15,4.534,4.534,4.534,4.534,0.0
2014-10-16,4.514,4.514,4.514,4.514,0.0
2014-10-17,4.549,4.549,4.549,4.549,0.0
2014-10-20,4.536,4.536,4.536,4.536,0.0
2014-10-21,4.531,4.531,4.531,4.531,0.0
2014-10-22,4.517,4.517,4.517,4.517,0.0
2014-10-23,4.516,4.516,4.516,4.516,0.0
2014-10-24,4.493,4.493,4.493,4.493,0.0
2014-10-27,4.48,4.48,4.48,4.48,0.0
2014-10-28,4.465,4.465,4.465,4.465,0.0
2014-10-29,4.47,4.47,4.47,4.47,0.0
2014-10-30,4.463,4.463,4.463,4.463,0.0
2014-10-31,4.478,4.478,4.478,4.478,0.0
2014-11-03,4.474,4.474,4.474,4.474,0.0
2014-11-04,4.469,4.469,4.469,4.469,0.0
2014-11-05,4.44,4.44,4.44,4.44,0.0
2014-11-06,4.427,4.427,4.427,4.427,0.0
2014-11-07,4.424,4.424,4.424,4.424,0.0
2014-11-10,4.418,4.418,4.418,4.418,0.0
2014-11-11,4.433,4.433,4.433,4.433,0.0
2014-11-12,4.454,4.454,4.454,4.454,0.0
2014-11-13,4.434,4.434,4.434,4.434,0.0
2014-11-14,4.46,4.46,4.46,4.46,0.0
2014-11-17,4.463,4.463,4.463,4.463,0.0
2014-11-18,4.438,4.438,4.438,4.438,0.0
2014-11-19,4.419,4.419,4.419,4.419,0.0
2014-11-20,4.414,4.414,4.414,4.414,0.0
2014-11-21,4.387,4.387,4.387,4.387,0.0
2014-11-24,4.441,4.441,4.441,4.441,0.0
2014-11-25,4.44,4.44,4.44,4.44,0.0
2014-11-26,4.433,4.433,4.433,4.433,0.0
2014-11-28,4.451,4.451,4.451,4.451,0.0
2014-12-01,4.512,4.512,4.512,4.512,0.0
2014-12-02,4.508,4.508,4.508,4.508,0.0
2014-12-03,4.517,4.517,4.517,4.517,0.0
2014-12-04,4.52,4.52,4.52,4.52,0.0
2014-12-05,4.541,4.541,4.541,4.541,0.0
2014-12-08,4.557,4.557,4.557,4.557,0.0
2014-12-09,4.587,4.587,4.587,4.587,0.0
2014-12-10,4.569,4.569,4.569,4.569,0.0
2014-12-11,4.546,4.546,4.546,4.546,0.0
2014-12-12,4.529,4.529,4.529,4.529,0.0
2014-12-15,4.516,4.516,4.516,4.516,0.0
2014-12-16,4.466,4.466,4.466,4.466,0.0
2014-12-17,4.491,4.491,4.491,4.491,0.0
2014-12-18,4.472,4.472,4.472,4.472,0.0
2014-12-19,4.393,4.393,4.393,4.393,0.0
2014-12-22,4.394,4.394,4.394,4.394,0.0
2014-12-23,4.362,4.362,4.362,4.362,0.0
2014-12-24,4.356,4.356,4.356,4.356,0.0
2014-12-26,4.353,4.353,4.353,4.353,0.0
2014-12-29,4.351,4.351,4.351,4.351,0.0
2014-12-30,4.333,4.333,4.333,4.333,0.0
2014-12-31,4.304,4.304,4.304,4.304,0.0
2015-01-02,4.288,4.288,4.288,4.288,0.0
2015-01-05,4.288,4.288,4.288,4.288,0.0
2015-01-06,4.247,4.247,4.247,4.247,0.0
2015-01-07,4.187,4.187,4.187,4.187,0.0
2015-01-08,4.167,4.167,4.167,4.167,0.0
2015-01-09,4.155,4.155,4.155,4.155,0.0
2015-01-12,4.065,4.065,4.065,4.065,0.0
2015-01-13,4.037,4.037,4.037,4.037,0.0
2015-01-14,3.962,3.962,3.962,3.962,0.0
2015-01-15,3.912,3.912,3.912,3.912,0.0
2015-01-16,3.92,3.92,3.92,3.92,0.0
2015-01-20,3.912,3.912,3.912,3.912,0.0
2015-01-21,3.916,3.916,3.916,3.916,0.0
2015-01-22,3.896,3.896,3.896,3.896,0.0
2015-01-23,3.896,3.896,3.896,3.896,0.0
2015-01-26,3.914,3.914,3.914,3.914,0.0
2015-01-27,3.908,3.908,3.908,3.908,0.0
2015-01-28,3.938,3.938,3.938,3.938,0.0
2015-01-29,3.921,3.921,3.921,3.921,0.0
2015-01-30,3.928,3.928,3.928,3.928,0.0
2015-02-02,3.891,3.891,3.891,3.891,0.0
2015-02-03,3.907,3.907,3.907,3.907,0.0
2015-02-04,3.926,3.926,3.926,3.926,0.0
2015-02-05,3.831,3.831,3.831,3.831,0.0
2015-02-06,3.89,3.89,3.89,3.89,0.0
2015-02-09,3.92,3.92,3.92,3.92,0.0
2015-02-10,3.941,3.941,3.941,3.941,0.0
2015-02-11,3.924,3.924,3.924,3.924,0.0
2015-02-12,3.925,3.925,3.925,3.925,0.0
2015-02-13,3.96,3.96,3.96,3.96,0.0
2015-02-17,3.905,3.905,3.905,3.905,0.0
2015-02-18,3.933,3.933,3.933,3.933,0.0
2015-02-19,3.907,3.907,3.907,3.907,0.0
2015-02-20,3.912,3.912,3.912,3.912,0.0
2015-02-23,3.884,3.884,3.884,3.884,0.0
2015-02-24,3.911,3.911,3.911,3.911,0.0
2015-02-25,3.917,3.917,3.917,3.917,0.0
2015-02-26,3.887,3.887,3.887,3.887,0.0
2015-02-27,3.888,3.888,3.888,3.888,0.0
2015-03-02,3.864,3.864,3.864,3.864,0.0
2015-03-03,3.873,3.873,3.873,3.873,0.0
2015-03-04,3.88,3.88,3.88,3.88,0.0
2015-03-05,3.839,3.839,3.839,3.839,0.0
2015-03-06,3.839,3.839,3.839,3.839,0.0
2015-03-09,3.814,3.814,3.814,3.814,0.0
2015-03-10,3.812,3.812,3.812,3.812,0.0
2015-03-11,3.805,3.805,3.805,3.805,0.0
2015-03-12,3.774,3.774,3.774,3.774,0.0
2015-03-13,3.77,3.77,3.77,3.77,0.0
2015-03-16,3.783,3.783,3.783,3.783,0.0
2015-03-17,3.764,3.764,3.764,3.764,0.0
2015-03-18,3.796,3.796,3.796,3.796,0.0
2015-03-19,3.802,3.802,3.802,3.802,0.0
2015-03-20,3.793,3.793,3.793,3.793,0.0
2015-03-23,3.794,3.794,3.794,3.794,0.0
2015-03-24,3.814,3.814,3.814,3.814,0.0
2015-03-25,3.801,3.801,3.801,3.801,0.0
2015-03-26,3.792,3.792,3.792,3.792,0.0
2015-03-27,3.767,3.767,3.767,3.767,0.0
2015-03-30,3.755,3.755,3.755,3.755,0.0
2015-03-31,3.767,3.767,3.767,3.767,0.0
2015-04-01,3.761,3.761,3.761,3.761,0.0
2015-04-02,3.815,3.815,3.815,3.815,0.0
2015-04-06,3.83,3.83,3.83,3.83,0.0
2015-04-07,3.87,3.87,3.87,3.87,0.0
2015-04-08,3.878,3.878,3.878,3.878,0.0
2015-04-09,3.871,3.871,3.871,3.871,0.0
2015-04-10,3.866,3.866,3.866,3.866,0.0
2015-04-13,3.856,3.856,3.856,3.856,0.0
2015-04-14,3.851,3.851,3.851,3.851,0.0
2015-04-15,3.856,3.856,3.856,3.856,0.0
2015-04-16,3.876,3.876,3.876,3.876,0.0
2015-04-17,3.848,3.848,3.848,3.848,0.0
2015-04-20,3.849,3.849,3.849,3.849,0.0
2015-04-21,3.852,3.852,3.852,3.852,0.0
2015-04-22,3.839,3.839,3.839,3.839,0.0
2015-04-23,3.797,3.797,3.797,3.797,0.0
2015-04-24,3.795,3.795,3.795,3.795,0.0
2015-04-27,3.775,3.775,3.775,3.775,0.0
2015-04-28,3.767,3.767,3.767,3.767,0.0
2015-04-29,3.772,3.772,3.772,3.772,0.0
2015-04-30,3.767,3.767,3.767,3.767,0.0
2015-05-01,3.757,3.757,3.757,3.757,0.0
2015-05-04,3.725,3.725,3.725,3.725,0.0
2015-05-05,3.736,3.736,3.736,3.736,0.0
2015-05-06,3.744,3.744,3.744,3.744,0.0
2015-05-07,3.741,3.741,3.741,3.741,0.0
2015-05-08,3.748,3.748,3.748,3.748,0.0
2015-05-11,3.735,3.735,3.735,3.735,0.0
2015-05-12,3.722,3.722,3.722,3.722,0.0
2015-05-13,3.731,3.731,3.731,3.731,0.0
2015-05-14,3.742,3.742,3.742,3.742,0.0
2015-05-15,3.742,3.742,3.742,3.742,0.0
2015-05-18,3.74,3.74,3.74,3.74,0.0
2015-05-19,3.725,3.725,3.725,3.725,0.0
2015-05-20,3.743,3.743,3.743,3.743,0.0
2015-05-21,3.742,3.742,3.742,3.742,0.0
2015-05-22,3.73,3.73,3.73,3.73,0.0
2015-05-26,3.731,3.731,3.731,3.731,0.0
2015-05-27,3.726,3.726,3.726,3.726,0.0
2015-05-28,3.718,3.718,3.718,3.718,0.0
2015-05-29,3.708,3.708,3.708,3.708,0.0
2015-06-01,3.71,3.71,3.71,3.71,0.0
2015-06-02,3.707,3.707,3.707,3.707,0.0
2015-06-03,3.708,3.708,3.708,3.708,0.0
2015-06-04,3.662,3.662,3.662,3.662,0.0
2015-06-05,3.623,3.623,3.623,3.623,0.0
2015-06-08,3.631,3.631,3.631,3.631,0.0
2015-06-09,3.608,3.608,3.608,3.608,0.0
2015-06-10,3.605,3.605,3.605,3.605,0.0
2015-06-11,3.646,3.646,3.646,3.646,0.0
2015-06-12,3.647,3.647,3.647,3.647,0.0
2015-06-15,3.658,3.658,3.658,3.658,0.0
2015-06-16,3.683,3.683,3.683,3.683,0.0
2015-06-17,3.676,3.676,3.676,3.676,0.0
2015-06-18,3.658,3.658,3.658,3.658,0.0
2015-06-19,3.663,3.663,3.663,3.663,0.0
2015-06-22,3.646,3.646,3.646,3.646,0.0
2015-06-23,3.645,3.645,3.645,3.645,0.0
2015-06-24,3.647,3.647,3.647,3.647,0.0
2015-06-25,3.648,3.648,3.648,3.648,0.0
2015-06-26,3.651,3.651,3.651,3.651,0.0
2015-06-29,3.638,3.638,3.638,3.638,0.0
2015-06-30,3.65,3.65,3.65,3.65,0.0
2015-07-01,3.661,3.661,3.661,3.661,0.0
2015-07-02,3.665,3.665,3.665,3.665,0.0
2015-07-06,3.637,3.637,3.637,3.637,0.0
2015-07-07,3.641,3.641,3.641,3.641,0.0
2015-07-08,3.659,3.659,3.659,3.659,0.0
2015-07-09,3.683,3.683,3.683,3.683,0.0
2015-07-10,3.678,3.678,3.678,3.678,0.0
2015-07-13,3.678,3.678,3.678,3.678,0.0
2015-07-14,3.72,3.72,3.72,3.72,0.0
2015-07-15,3.771,3.771,3.771,3.771,0.0
2015-07-16,3.778,3.778,3.778,3.778,0.0
2015-07-17,3.785,3.785,3.785,3.785,0.0
2015-07-20,3.778,3.778,3.778,3.778,0.0
2015-07-21,3.777,3.777,3.777,3.777,0.0
2015-07-22,3.773,3.773,3.773,3.773,0.0
2015-07-23,3.753,3.753,3.753,3.753,0.0
2015-07-24,3.759,3.759,3.759,3.759,0.0
2015-07-27,3.78,3.78,3.78,3.78,0.0
2015-07-28,3.779,3.779,3.779,3.779,0.0
2015-07-29,3.773,3.773,3.773,3.773,0.0
2015-07-30,3.752,3.752,3.752,3.752,0.0
2015-07-31,3.71,3.71,3.71,3.71,0.0
2015-08-03,3.691,3.691,3.691,3.691,0.0
2015-08-04,3.646,3.646,3.646,3.646,0.0
2015-08-05,3.645,3.645,3.645,3.645,0.0
2015-08-06,3.613,3.613,3.613,3.613,0.0
2015-08-07,3.587,3.587,3.587,3.587,0.0
2015-08-10,3.585,3.585,3.585,3.585,0.0
2015-08-11,3.526,3.526,3.526,3.526,0.0
2015-08-12,3.498,3.498,3.498,3.498,0.0
2015-08-13,3.54,3.54,3.54,3.54,0.0
2015-08-14,3.556,3.556,3.556,3.556,0.0
2015-08-17,3.561,3.561,3.561,3.561,0.0
2015-08-18,3.596,3.596,3.596,3.596,0.0
2015-08-19,3.549,3.549,3.549,3.549,0.0
2015-08-20,3.534,3.534,3.534,3.534,0.0
2015-08-21,3.499,3.499,3.499,3.499,0.0
2015-08-24,3.453,3.453,3.453,3.453,0.0
2015-08-25,3.45,3.45,3.45,3.45,0.0
2015-08-26,3.456,3.456,3.456,3.456,0.0
2015-08-27,3.463,3.463,3.463,3.463,0.0
2015-08-28,3.49,3.49,3.49,3.49,0.0
2015-08-31,3.487,3.487,3.487,3.487,0.0
2015-09-01,3.498,3.498,3.498,3.498,0.0
2015-09-02,3.5,3.5,3.5,3.5,0.0
2015-09-03,3.507,3.507,3.507,3.507,0.0
2015-09-04,3.497,3.497,3.497,3.497,0.0
2015-09-08,3.503,3.503,3.503,3.503,0.0
2015-09-09,3.521,3.521,3.521,3.521,0.0
2015-09-10,3.516,3.516,3.516,3.516,0.0
2015-09-11,3.479,3.479,3.479,3.479,0.0
2015-09-14,3.489,3.489,3.489,3.489,0.0
2015-09-15,3.479,3.479,3.479,3.479,0.0
2015-09-16,3.459,3.459,3.459,3.459,0.0
2015-09-17,3.429,3.429,3.429,3.429,0.0
2015-09-18,3.423,3.423,3.423,3.423,0.0
2015-09-21,3.411,3.411,3.411,3.411,0.0
2015-09-22,3.398,3.398,3.398,3.398,0.0
2015-09-23,3.408,3.408,3.408,3.408,0.0
2015-09-24,3.445,3.445,3.445,3.445,0.0
2015-09-25,3.41,3.41,3.41,3.41,0.0
2015-09-28,3.407,3.407,3.407,3.407,0.0
2015-09-29,3.376,3.376,3.376,3.376,0.0
2015-09-30,3.349,3.349,3.349,3.349,0.0
2015-10-01,3.334,3.334,3.334,3.334,0.0
2015-10-02,3.344,3.344,3.344,3.344,0.0
2015-10-05,3.344,3.344,3.344,3.344,0.0
2015-10-06,3.381,3.381,3.381,3.381,0.0
2015-10-07,3.381,3.381,3.381,3.381,0.0
2015-10-08,3.376,3.376,3.376,3.376,0.0
2015-10-09,3.374,3.374,3.374,3.374,0.0
2015-10-12,3.379,3.379,3.379,3.379,0.0
2015-10-13,3.381,3.381,3.381,3.381,0.0
2015-10-14,3.384,3.384,3.384,3.384,0.0
2015-10-15,3.371,3.371,3.371,3.371,0.0
2015-10-16,3.379,3.379,3.379,3.379,0.0
2015-10-19,3.381,3.381,3.381,3.381,0.0
2015-10-20,3.39,3.39,3.39,3.39,0.0
2015-10-21,3.373,3.373,3.373,3.373,0.0
2015-10-22,3.368,3.368,3.368,3.368,0.0
2015-10-23,3.329,3.329,3.329,3.329,0.0
2015-10-26,3.3,3.3,3.3,3.3,0.0
2015-10-27,3.274,3.274,3.274,3.274,0.0
2015-10-28,3.273,3.273,3.273,3.273,0.0
2015-10-29,3.273,3.273,3.273,3.273,0.0
2015-10-30,3.322,3.322,3.322,3.322,0.0
2015-11-02,3.297,3.297,3.297,3.297,0.0
2015-11-03,3.307,3.307,3.307,3.307,0.0
2015-11-04,3.309,3.309,3.309,3.309,0.0
2015-11-05,3.311,3.311,3.311,3.311,0.0
2015-11-06,3.309,3.309,3.309,3.309,0.0
2015-11-09,3.303,3.303,3.303,3.303,0.0
2015-11-10,3.296,3.296,3.296,3.296,0.0
2015-11-11,3.284,3.284,3.284,3.284,0.0
2015-11-12,3.269,3.269,3.269,3.269,0.0
2015-11-13,3.296,3.296,3.296,3.296,0.0
2015-11-16,3.305,3.305,3.305,3.305,0.0
2015-11-17,3.308,3.308,3.308,3.308,0.0
2015-11-18,3.241,3.241,3.241,3.241,0.0
2015-11-19,3.2,3.2,3.2,3.2,0.0
2015-11-20,3.169,3.169,3.169,3.169,0.0
2015-11-23,3.187,3.187,3.187,3.187,0.0
2015-11-24,3.193,3.193,3.193,3.193,0.0
2015-11-25,3.206,3.206,3.206,3.206,0.0
2015-11-27,3.188,3.188,3.188,3.188,0.0
2015-11-30,3.197,3.197,3.197,3.197,0.0
2015-12-01,3.207,3.207,3.207,3.207,0.0
2015-12-02,3.235,3.235,3.235,3.235,0.0
2015-12-03,3.238,3.238,3.238,3.238,0.0
2015-12-04,3.236,3.236,3.236,3.236,0.0
2015-12-07,3.219,3.219,3.219,3.219,0.0
2015-12-08,3.239,3.239,3.239,3.239,0.0
2015-12-09,3.26,3.26,3.26,3.26,0.0
2015-12-10,3.281,3.281,3.281,3.281,0.0
2015-12-11,3.277,3.277,3.277,3.277,0.0
2015-12-14,3.259,3.259,3.259,3.259,0.0
2015-12-15,3.249,3.249,3.249,3.249,0.0
2015-12-16,3.274,3.274,3.274,3.274,0.0
2015-12-17,3.299,3.299,3.299,3.299,0.0
2015-12-18,3.277,3.277,3.277,3.277,0.0
2015-12-21,3.254,3.254,3.254,3.254,0.0
2015-12-22,3.264,3.264,3.264,3.264,0.0
2015-12-23,3.257,3.257,3.257,3.257,0.0
2015-12-24,3.257,3.257,3.257,3.257,0.0
2015-12-28,3.303,3.303,3.303,3.303,0.0
2015-12-29,3.288,3.288,3.288,3.288,0.0
2015-12-30,3.279,3.279,3.279,3.279,0.0
2015-12-31,3.28,3.28,3.28,3.28,0.0
2016-01-04,3.26,3.26,3.26,3.26,0.0
2016-01-05,3.234,3.234,3.234,3.234,0.0
2016-01-06,3.233,3.233,3.233,3.233,0.0
2016-01-07,3.254,3.254,3.254,3.254,0.0
2016-01-08,3.232,3.232,3.232,3.232,0.0
2016-01-11,3.205,3.205,3.205,3.205,0.0
2016-01-12,3.164,3.164,3.164,3.164,0.0
2016-01-13,3.184,3.184,3.184,3.184,0.0
2016-01-14,3.199,3.199,3.199,3.199,0.0
2016-01-15,3.183,3.183,3.183,3.183,0.0
2016-01-19,3.185,3.185,3.185,3.185,0.0
2016-01-20,3.173,3.173,3.173,3.173,0.0
2016-01-21,3.181,3.181,3.181,3.181,0.0
2016-01-22,3.176,3.176,3.176,3.176,0.0
2016-01-25,3.177,3.177,3.177,3.177,0.0
2016-01-26,3.161,3.161,3.161,3.161,0.0
2016-01-27,3.161,3.161,3.161,3.161,0.0
2016-01-28,3.205,3.205,3.205,3.205,0.0
2016-01-29,3.187,3.187,3.187,3.187,0.0
2016-02-01,3.146,3.146,3.146,3.146,0.0
2016-02-02,3.086,3.086,3.086,3.086,0.0
2016-02-03,3.108,3.108,3.108,3.108,0.0
2016-02-04,3.111,3.111,3.111,3.111,0.0
2016-02-05,3.109,3.109,3.109,3.109,4.0
2016-02-08,3.052,3.052,3.052,3.052,0.0
2016-02-09,3.026,3.026,3.026,3.026,0.0
2016-02-10,2.991,2.991,2.991,2.991,0.0
2016-02-11,2.949,2.949,2.949,2.949,0.0
2016-02-12,2.921,2.921,2.921,2.921,0.0
2016-02-16,2.891,2.891,2.891,2.891,0.0
2016-02-17,2.881,2.881,2.881,2.881,0.0
2016-02-18,2.85,2.85,2.85,2.85,0.0
2016-02-19,2.83,2.83,2.83,2.83,0.0
2016-02-22,2.769,2.769,2.769,2.769,0.0
2016-02-23,2.785,2.785,2.785,2.785,0.0
2016-02-24,2.815,2.815,2.815,2.815,0.0
2016-02-25,2.811,2.811,2.811,2.811,0.0
2016-02-26,2.817,2.817,2.817,2.817,0.0
2016-02-29,2.868,2.868,2.868,2.868,0.0
2016-03-01,2.893,2.893,2.893,2.893,0.0
2016-03-02,2.881,2.881,2.881,2.881,0.0
2016-03-03,2.889,2.889,2.889,2.889,0.0
2016-03-04,2.888,2.888,2.888,2.888,0.0
2016-03-07,2.895,2.895,2.895,2.895,0.0
2016-03-08,2.901,2.901,2.901,2.901,0.0
2016-03-09,2.949,2.949,2.949,2.949,0.0
2016-03-10,2.959,2.959,2.959,2.959,0.0
2016-03-11,2.973,2.973,2.973,2.973,0.0
2016-03-14,2.966,2.966,2.966,2.966,0.0
2016-03-15,2.963,2.963,2.963,2.963,0.0
2016-03-16,2.969,2.969,2.969,2.969,0.0
2016-03-17,2.974,2.974,2.974,2.974,0.0
2016-03-18,2.964,2.964,2.964,2.964,0.0
2016-03-21,2.962,2.962,2.962,2.962,0.0
2016-03-22,2.985,2.985,2.985,2.985,0.0
2016-03-23,3.005,3.005,3.005,3.005,0.0
2016-03-24,3.06,3.06,3.06,3.06,0.0
2016-03-28,3.12,3.12,3.12,3.12,0.0
2016-03-29,3.149,3.149,3.149,3.149,0.0
2016-03-30,3.15,3.15,3.15,3.15,0.0
2016-03-31,3.166,3.166,3.166,3.166,0.0
2016-04-01,3.162,3.162,3.162,3.162,0.0
2016-04-04,3.15,3.15,3.15,3.15,0.0
2016-04-05,3.158,3.158,3.158,3.158,0.0
2016-04-06,3.192,3.192,3.192,3.192,0.0
2016-04-07,3.197,3.197,3.197,3.197,0.0
2016-04-08,3.212,3.212,3.212,3.212,0.0
2016-04-11,3.202,3.202,3.202,3.202,0.0
2016-04-12,3.203,3.203,3.203,3.203,0.0
2016-04-13,3.207,3.207,3.207,3.207,0.0
2016-04-14,3.206,3.206,3.206,3.206,0.0
2016-04-15,3.177,3.177,3.177,3.177,0.0
2016-04-18,3.169,3.169,3.169,3.169,0.0
2016-04-19,3.161,3.161,3.161,3.161,0.0
2016-04-20,3.161,3.161,3.161,3.161,0.0
2016-04-21,3.19,3.19,3.19,3.19,0.0
2016-04-22,3.182,3.182,3.182,3.182,0.0
2016-04-25,3.196,3.196,3.196,3.196,0.0
2016-04-26,3.244,3.244,3.244,3.244,0.0
2016-04-27,3.262,3.262,3.262,3.262,0.0
2016-04-28,3.255,3.255,3.255,3.255,0.0
2016-04-29,3.253,3.253,3.253,3.253,0.0
2016-05-02,3.233,3.233,3.233,3.233,0.0
2016-05-03,3.231,3.231,3.231,3.231,0.0
2016-05-04,3.24,3.24,3.24,3.24,0.0
2016-05-05,3.271,3.271,3.271,3.271,0.0
2016-05-06,3.269,3.269,3.269,3.269,0.0
2016-05-09,3.257,3.257,3.257,3.257,0.0
2016-05-10,3.235,3.235,3.235,3.235,0.0
2016-05-11,3.221,3.221,3.221,3.221,0.0
2016-05-12,3.206,3.206,3.206,3.206,0.0
2016-05-13,3.204,3.204,3.204,3.204,0.0
2016-05-16,3.209,3.209,3.209,3.209,0.0
2016-05-17,3.193,3.193,3.193,3.193,0.0
2016-05-18,3.179,3.179,3.179,3.179,0.0
2016-05-19,3.196,3.196,3.196,3.196,0.0
2016-05-20,3.184,3.184,3.184,3.184,0.0
2016-05-23,3.181,3.181,3.181,3.181,0.0
2016-05-24,3.186,3.186,3.186,3.186,0.0
2016-05-25,3.22,3.22,3.22,3.22,0.0
2016-05-26,3.251,3.251,3.251,3.251,0.0
2016-05-27,3.261,3.261,3.261,3.261,0.0
2016-05-31,3.265,3.265,3.265,3.265,0.0
2016-06-01,3.259,3.259,3.259,3.259,0.0
2016-06-02,3.249,3.249,3.249,3.249,0.0
2016-06-03,3.24,3.24,3.24,3.24,0.0
2016-06-06,3.234,3.234,3.234,3.234,0.0
2016-06-07,3.258,3.258,3.258,3.258,0.0
2016-06-08,3.251,3.251,3.251,3.251,0.0
2016-06-09,3.242,3.242,3.242,3.242,0.0
2016-06-10,3.221,3.221,3.221,3.221,0.0
2016-06-13,3.182,3.182,3.182,3.182,0.0
2016-06-14,3.16,3.16,3.16,3.16,0.0
2016-06-15,3.16,3.16,3.16,3.16,0.0
2016-06-16,3.161,3.161,3.161,3.161,0.0
2016-06-17,3.143,3.143,3.143,3.143,0.0
2016-06-20,3.135,3.135,3.135,3.135,0.0
2016-06-21,3.127,3.127,3.127,3.127,0.0
2016-06-22,3.134,3.134,3.134,3.134,0.0
2016-06-23,3.147,3.147,3.147,3.147,0.0
2016-06-24,3.165,3.165,3.165,3.165,0.0
2016-06-27,3.132,3.132,3.132,3.132,0.0
2016-06-28,3.174,3.174,3.174,3.174,0.0
2016-06-29,3.175,3.175,3.175,3.175,0.0
2016-06-30,3.188,3.188,3.188,3.188,0.0
2016-07-01,3.189,3.189,3.189,3.189,0.0
2016-07-05,3.187,3.187,3.187,3.187,0.0
2016-07-06,3.209,3.209,3.209,3.209,0.0
2016-07-07,3.207,3.207,3.207,3.207,0.0
2016-07-08,3.199,3.199,3.199,3.199,0.0
2016-07-11,3.195,3.195,3.195,3.195,0.0
2016-07-12,3.181,3.181,3.181,3.181,0.0
2016-07-13,3.2,3.2,3.2,3.2,0.0
2016-07-14,3.2,3.2,3.2,3.2,0.0
2016-07-15,3.186,3.186,3.186,3.186,0.0
2016-07-18,3.174,3.174,3.174,3.174,0.0
2016-07-19,3.162,3.162,3.162,3.162,0.0
2016-07-20,3.151,3.151,3.151,3.151,0.0
2016-07-21,3.156,3.156,3.156,3.156,0.0
2016-07-22,3.16,3.16,3.16,3.16,0.0
2016-07-25,3.166,3.166,3.166,3.166,0.0
2016-07-26,3.164,3.164,3.164,3.164,0.0
2016-07-27,3.157,3.157,3.157,3.157,0.0
2016-07-28,3.17,3.17,3.17,3.17,0.0
2016-07-29,3.165,3.165,3.165,3.165,0.0
2016-08-01,3.159,3.159,3.159,3.159,0.0
2016-08-02,3.163,3.163,3.163,3.163,0.0
2016-08-03,3.169,3.169,3.169,3.169,0.0
2016-08-04,3.184,3.184,3.184,3.184,0.0
2016-08-05,3.186,3.186,3.186,3.186,0.0
2016-08-08,3.185,3.185,3.185,3.185,0.0
2016-08-09,3.184,3.184,3.184,3.184,0.0
2016-08-10,3.165,3.165,3.165,3.165,0.0
2016-08-11,3.154,3.154,3.154,3.154,0.0
2016-08-12,3.151,3.151,3.151,3.151,0.0
2016-08-15,3.145,3.145,3.145,3.145,0.0
2016-08-16,3.151,3.151,3.151,3.151,0.0
2016-08-17,3.189,3.189,3.189,3.189,0.0
2016-08-18,3.181,3.181,3.181,3.181,0.0
2016-08-19,3.189,3.189,3.189,3.189,0.0
2016-08-22,3.189,3.189,3.189,3.189,0.0
2016-08-23,3.212,3.212,3.212,3.212,0.0
2016-08-24,3.236,3.236,3.236,3.236,0.0
2016-08-25,3.186,3.186,3.186,3.186,0.0
2016-08-26,3.158,3.158,3.158,3.158,0.0
2016-08-29,3.143,3.143,3.143,3.143,0.0
2016-08-30,3.135,3.135,3.135,3.135,0.0
2016-08-31,3.154,3.154,3.154,3.154,0.0
2016-09-01,3.122,3.122,3.122,3.122,0.0
2016-09-02,3.111,3.111,3.111,3.111,0.0
2016-09-06,3.112,3.112,3.112,3.112,0.0
2016-09-07,3.088,3.088,3.088,3.088,0.0
2016-09-08,3.085,3.085,3.085,3.085,0.0
2016-09-09,3.057,3.057,3.057,3.057,0.0
2016-09-12,3.059,3.059,3.059,3.059,0.0
2016-09-13,3.035,3.035,3.035,3.035,0.0
2016-09-14,3.052,3.052,3.052,3.052,0.0
2016-09-15,3.049,3.049,3.049,3.049,0.0
2016-09-16,3.025,3.025,3.025,3.025,0.0
2016-09-19,3.003,3.003,3.003,3.003,0.0
2016-09-20,3.013,3.013,3.013,3.013,0.0
2016-09-21,3.017,3.017,3.017,3.017,0.0
2016-09-22,2.989,2.989,2.989,2.989,0.0
2016-09-23,2.998,2.998,2.998,2.998,0.0
2016-09-26,3.017,3.017,3.017,3.017,0.0
2016-09-27,2.989,2.989,2.989,2.989,0.0
2016-09-28,2.963,2.963,2.963,2.963,0.0
2016-09-29,2.922,2.922,2.922,2.922,0.0
2016-09-30,2.918,2.918,2.918,2.918,4.0
2016-10-03,2.916,2.916,2.916,2.916,0.0
2016-10-04,2.89,2.89,2.89,2.89,0.0
2016-10-05,2.925,2.925,2.925,2.925,0.0
2016-10-06,2.925,2.925,2.925,2.925,0.0
2016-10-07,2.938,2.938,2.938,2.938,0.0
2016-10-10,2.929,2.929,2.929,2.929,0.0
2016-10-11,3.011,3.011,3.011,3.011,0.0
2016-10-12,2.976,2.976,2.976,2.976,0.0
2016-10-13,2.986,2.986,2.986,2.986,0.0
2016-10-14,2.983,2.983,2.983,2.983,0.0
2016-10-17,2.99,2.99,2.99,2.99,0.0
2016-10-18,2.994,2.994,2.994,2.994,0.0
2016-10-19,2.986,2.986,2.986,2.986,0.0
2016-10-20,2.982,2.982,2.982,2.982,0.0
2016-10-21,2.981,2.981,2.981,2.981,0.0
2016-10-24,2.976,2.976,2.976,2.976,0.0
2016-10-25,2.966,2.966,2.966,2.966,0.0
2016-10-26,2.974,2.974,2.974,2.974,0.0
2016-10-27,2.985,2.985,2.985,2.985,0.0
2016-10-28,2.985,2.985,2.985,2.985,0.0
2016-10-31,2.978,2.978,2.978,2.978,0.0
2016-11-01,2.976,2.976,2.976,2.976,0.0
2016-11-02,2.956,2.956,2.956,2.956,0.0
2016-11-03,2.958,2.958,2.958,2.958,0.0
2016-11-04,2.936,2.936,2.936,2.936,0.0
2016-11-07,2.941,2.941,2.941,2.941,0.0
2016-11-08,2.936,2.936,2.936,2.936,0.0
2016-11-09,2.93,2.93,2.93,2.93,0.0
2016-11-10,2.926,2.926,2.926,2.926,0.0
2016-11-11,2.924,2.924,2.924,2.924,0.0
2016-11-14,2.905,2.905,2.905,2.905,0.0
2016-11-15,2.875,2.875,2.875,2.875,0.0
2016-11-16,2.885,2.885,2.885,2.885,0.0
2016-11-17,2.893,2.893,2.893,2.893,0.0
2016-11-18,2.903,2.903,2.903,2.903,0.0
2016-11-21,2.882,2.882,2.882,2.882,0.0
2016-11-22,2.854,2.854,2.854,2.854,0.0
2016-11-23,2.842,2.842,2.842,2.842,0.0
2016-11-25,2.841,2.841,2.841,2.841,0.0
2016-11-28,2.81,2.81,2.81,2.81,0.0
2016-11-29,2.766,2.766,2.766,2.766,0.0
2016-11-30,2.745,2.745,2.745,2.745,0.0
2016-12-01,2.791,2.791,2.791,2.791,0.0
2016-12-02,2.782,2.782,2.782,2.782,0.0
2016-12-05,2.777,2.777,2.777,2.777,0.0
2016-12-06,2.772,2.772,2.772,2.772,0.0
2016-12-07,2.792,2.792,2.792,2.792,0.0
2016-12-08,2.826,2.826,2.826,2.826,0.0
2016-12-09,2.796,2.796,2.796,2.796,0.0
2016-12-12,2.783,2.783,2.783,2.783,0.0
2016-12-13,2.765,2.765,2.765,2.765,0.0
2016-12-14,2.732,2.732,2.732,2.732,0.0
2016-12-15,2.742,2.742,2.742,2.742,0.0
2016-12-16,2.738,2.738,2.738,2.738,0.0
2016-12-19,2.746,2.746,2.746,2.746,0.0
2016-12-20,2.731,2.731,2.731,2.731,0.0
2016-12-21,2.742,2.742,2.742,2.742,0.0
2016-12-22,2.708,2.708,2.708,2.708,0.0
2016-12-23,2.703,2.703,2.703,2.703,0.0
2016-12-27,2.713,2.713,2.713,2.713,0.0
2016-12-28,2.728,2.728,2.728,2.728,0.0
2016-12-29,2.735,2.735,2.735,2.735,0.0
2016-12-30,2.738,2.738,2.738,2.738,0.0
2017-01-03,2.724,2.724,2.724,2.724,0.0
2017-01-04,2.724,2.724,2.724,2.724,0.0
2017-01-05,2.74,2.74,2.74,2.74,0.0
2017-01-06,2.737,2.737,2.737,2.737,0.0
2017-01-09,2.72,2.72,2.72,2.72,0.0
2017-01-10,2.74,2.74,2.74,2.74,0.0
2017-01-11,2.719,2.719,2.719,2.719,0.0
2017-01-12,2.727,2.727,2.727,2.727,0.0
2017-01-13,2.699,2.699,2.699,2.699,0.0
2017-01-17,2.701,2.701,2.701,2.701,0.0
2017-01-18,2.705,2.705,2.705,2.705,0.0
2017-01-19,2.714,2.714,2.714,2.714,0.0
2017-01-20,2.726,2.726,2.726,2.726,0.0
2017-01-23,2.727,2.727,2.727,2.727,0.0
2017-01-24,2.714,2.714,2.714,2.714,0.0
2017-01-25,2.705,2.705,2.705,2.705,0.0
2017-01-26,2.708,2.708,2.708,2.708,0.0
2017-01-27,2.695,2.695,2.695,2.695,0.0
2017-01-30,2.704,2.704,2.704,2.704,0.0
2017-01-31,2.705,2.705,2.705,2.705,0.0
2017-02-01,2.695,2.695,2.695,2.695,0.0
2017-02-02,2.698,2.698,2.698,2.698,0.0
2017-02-03,2.698,2.698,2.681,2.681,1.0
2017-02-06,2.677,2.677,2.677,2.677,0.0
2017-02-07,2.693,2.693,2.693,2.693,0.0
2017-02-08,2.699,2.699,2.699,2.699,0.0
2017-02-09,2.694,2.694,2.694,2.694,0.0
2017-02-10,2.694,2.694,2.674,2.674,3.0
2017-02-13,2.676,2.676,2.676,2.676,0.0
2017-02-14,2.666,2.666,2.666,2.666,0.0
2017-02-15,2.668,2.668,2.668,2.668,0.0
2017-02-16,2.682,2.682,2.682,2.682,0.0
2017-02-17,2.682,2.682,2.682,2.682,0.0
2017-02-21,2.665,2.665,2.665,2.665,0.0
2017-02-22,2.67,2.67,2.67,2.67,0.0
2017-02-23,2.673,2.673,2.673,2.673,0.0
2017-02-24,2.654,2.654,2.654,2.654,0.0
2017-02-27,2.657,2.657,2.657,2.657,0.0
2017-02-28,2.661,2.661,2.661,2.661,0.0
2017-03-01,2.678,2.678,2.678,2.678,0.0
2017-03-02,2.678,2.678,2.678,2.678,0.0
2017-03-03,2.69,2.69,2.69,2.69,0.0
2017-03-06,2.685,2.685,2.685,2.685,0.0
2017-03-07,2.682,2.682,2.682,2.682,0.0
2017-03-08,2.679,2.679,2.679,2.679,0.0
2017-03-09,2.672,2.672,2.672,2.672,0.0
2017-03-10,2.668,2.668,2.668,2.668,0.0
2017-03-13,2.662,2.662,2.662,2.662,0.0
2017-03-14,2.661,2.661,2.661,2.661,0.0
2017-03-15,2.668,2.668,2.668,2.668,0.0
2017-03-16,2.694,2.694,2.694,2.694,0.0
2017-03-17,2.692,2.692,2.692,2.692,0.0
2017-03-20,2.698,2.7,2.698,2.7,4.0
2017-03-21,2.703,2.703,2.703,2.703,0.0
2017-03-22,2.699,2.699,2.699,2.699,0.0
2017-03-23,2.702,2.702,2.702,2.702,0.0
2017-03-24,2.676,2.676,2.676,2.676,0.0
2017-03-27,2.672,2.672,2.672,2.672,0.0
2017-03-28,2.653,2.653,2.653,2.653,0.0
2017-03-29,2.674,2.674,2.674,2.674,0.0
2017-03-30,2.672,2.672,2.672,2.672,0.0
2017-03-31,2.664,2.664,2.664,2.664,0.0
2017-04-03,2.671,2.671,2.671,2.671,0.0
2017-04-04,2.666,2.666,2.666,2.666,0.0
2017-04-05,2.699,2.699,2.699,2.699,0.0
2017-04-06,2.678,2.678,2.678,2.678,0.0
2017-04-07,2.683,2.683,2.683,2.683,0.0
2017-04-10,2.683,2.683,2.683,2.683,0.0
2017-04-11,2.71,2.71,2.71,2.71,0.0
2017-04-12,2.722,2.722,2.722,2.722,0.0
2017-04-13,2.745,2.745,2.745,2.745,0.0
2017-04-17,2.743,2.743,2.743,2.743,0.0
2017-04-18,2.776,2.776,2.776,2.776,0.0
2017-04-19,2.786,2.786,2.786,2.786,0.0
2017-04-20,2.82,2.82,2.82,2.82,0.0
2017-04-21,2.797,2.797,2.797,2.797,0.0
2017-04-24,2.781,2.781,2.781,2.781,0.0
2017-04-25,2.786,2.786,2.786,2.786,0.0
2017-04-26,2.792,2.792,2.792,2.792,0.0
2017-04-27,2.78,2.78,2.78,2.78,0.0
2017-04-28,2.785,2.785,2.785,2.785,0.0
2017-05-01,2.753,2.753,2.753,2.753,0.0
2017-05-02,2.751,2.751,2.751,2.751,0.0
2017-05-03,2.77,2.77,2.77,2.77,0.0
2017-05-04,2.795,2.795,2.795,2.795,0.0
2017-05-05,2.795,2.795,2.795,2.795,0.0
2017-05-08,2.772,2.772,2.772,2.772,0.0
2017-05-09,2.775,2.775,2.775,2.775,0.0
2017-05-10,2.77,2.77,2.77,2.77,0.0
2017-05-11,2.768,2.768,2.768,2.768,0.0
2017-05-12,2.772,2.772,2.772,2.772,0.0
2017-05-15,2.76,2.76,2.76,2.76,0.0
2017-05-16,2.777,2.777,2.777,2.777,0.0
2017-05-17,2.789,2.789,2.789,2.789,0.0
2017-05-18,2.776,2.776,2.776,2.776,0.0
2017-05-19,2.769,2.769,2.769,2.769,0.0
2017-05-22,2.771,2.771,2.771,2.771,0.0
2017-05-23,2.77,2.77,2.77,2.77,0.0
2017-05-24,2.771,2.771,2.765,2.765,11.0
2017-05-25,2.764,2.764,2.764,2.764,0.0
2017-05-26,2.752,2.752,2.752,2.752,0.0
2017-05-30,2.746,2.746,2.746,2.746,0.0
2017-05-31,2.736,2.736,2.736,2.736,0.0
2017-06-01,2.739,2.739,2.739,2.739,0.0
2017-06-02,2.729,2.729,2.729,2.729,0.0
2017-06-05,2.717,2.717,2.717,2.717,0.0
2017-06-06,2.693,2.693,2.693,2.693,0.0
2017-06-07,2.704,2.704,2.704,2.704,0.0
2017-06-08,2.719,2.719,2.719,2.719,0.0
2017-06-09,2.716,2.716,2.716,2.716,0.0
2017-06-12,2.718,2.718,2.718,2.718,0.0
2017-06-13,2.726,2.726,2.726,2.726,0.0
2017-06-14,2.718,2.718,2.718,2.718,0.0
2017-06-15,2.74,2.74,2.74,2.74,0.0
2017-06-16,2.733,2.733,2.733,2.733,0.0
2017-06-19,2.736,2.736,2.736,2.736,0.0
2017-06-20,2.764,2.764,2.764,2.764,0.0
2017-06-21,2.77,2.77,2.77,2.77,0.0
2017-06-22,2.772,2.772,2.772,2.772,0.0
2017-06-23,2.766,2.766,2.766,2.766,0.0
2017-06-26,2.75,2.75,2.75,2.75,0.0
2017-06-27,2.743,2.743,2.743,2.743,0.0
2017-06-28,2.735,2.735,2.735,2.735,0.0
2017-06-29,2.736,2.736,2.736,2.736,0.0
2017-06-30,2.749,2.749,2.749,2.749,0.0
2017-07-03,2.744,2.744,2.744,2.744,0.0
2017-07-05,2.708,2.708,2.708,2.708,0.0
2017-07-06,2.69,2.69,2.69,2.69,0.0
2017-07-07,2.685,2.685,2.685,2.685,0.0
2017-07-10,2.685,2.685,2.685,2.685,0.0
2017-07-11,2.688,2.688,2.688,2.688,0.0
2017-07-12,2.677,2.677,2.677,2.677,0.0
2017-07-13,2.691,2.691,2.691,2.691,0.0
2017-07-14,2.695,2.695,2.695,2.695,0.0
2017-07-17,2.7,2.7,2.7,2.7,0.0
2017-07-18,2.713,2.713,2.713,2.713,0.0
2017-07-19,2.698,2.698,2.698,2.698,0.0
2017-07-20,2.685,2.685,2.685,2.685,0.0
2017-07-21,2.671,2.671,2.671,2.671,0.0
2017-07-24,2.67,2.67,2.623,2.623,2.0
2017-07-25,2.629,2.629,2.629,2.629,0.0
2017-07-26,2.616,2.616,2.616,2.616,0.0
2017-07-27,2.616,2.616,2.616,2.616,0.0
2017-07-28,2.638,2.638,2.638,2.638,0.0
2017-07-31,2.625,2.625,2.625,2.625,0.0
2017-08-01,2.645,2.645,2.645,2.645,0.0
2017-08-02,2.653,2.653,2.653,2.653,0.0
2017-08-03,2.668,2.668,2.668,2.668,0.0
2017-08-04,2.661,2.661,2.661,2.661,0.0
2017-08-07,2.66,2.66,2.66,2.66,0.0
2017-08-08,2.664,2.664,2.664,2.664,0.0
2017-08-09,2.658,2.658,2.658,2.658,0.0
2017-08-10,2.659,2.659,2.659,2.659,0.0
2017-08-11,2.663,2.663,2.663,2.663,0.0
2017-08-14,2.667,2.667,2.667,2.667,0.0
2017-08-15,2.657,2.657,2.657,2.657,0.0
2017-08-16,2.647,2.647,2.647,2.647,0.0
2017-08-17,2.651,2.651,2.651,2.651,0.0
2017-08-18,2.651,2.651,2.651,2.651,0.0
2017-08-21,2.639,2.639,2.639,2.639,0.0
2017-08-22,2.635,2.635,2.635,2.635,0.0
2017-08-23,2.637,2.637,2.637,2.637,0.0
2017-08-24,2.601,2.601,2.601,2.601,0.0
2017-08-25,2.588,2.588,2.588,2.588,0.0
2017-08-28,2.601,2.601,2.601,2.601,0.0
2017-08-29,2.601,2.601,2.596,2.596,4.0
2017-08-30,2.6,2.6,2.6,2.6,4.0
2017-08-31,2.613,2.613,2.613,2.613,0.0
2017-09-01,2.62,2.62,2.62,2.62,0.0
2017-09-05,2.616,2.616,2.616,2.616,0.0
2017-09-06,2.606,2.606,2.606,2.606,0.0
2017-09-07,2.634,2.634,2.634,2.634,0.0
2017-09-08,2.64,2.64,2.64,2.64,0.0
2017-09-11,2.651,2.651,2.651,2.651,0.0
2017-09-12,2.66,2.66,2.66,2.66,0.0
2017-09-13,2.646,2.646,2.646,2.646,0.0
2017-09-14,2.663,2.663,2.663,2.663,0.0
2017-09-15,2.668,2.668,2.668,2.668,0.0
2017-09-18,2.689,2.689,2.689,2.689,0.0
2017-09-19,2.669,2.669,2.669,2.669,0.0
2017-09-20,2.671,2.671,2.671,2.671,0.0
2017-09-21,2.666,2.666,2.666,2.666,0.0
2017-09-22,2.68,2.68,2.68,2.68,0.0
2017-09-25,2.665,2.665,2.665,2.665,0.0
2017-09-26,2.676,2.676,2.676,2.676,0.0
2017-09-27,2.689,2.689,2.689,2.689,0.0
2017-09-28,2.686,2.686,2.686,2.686,0.0
2017-09-29,2.679,2.679,2.679,2.679,0.0
2017-10-02,2.689,2.689,2.689,2.689,0.0
2017-10-03,2.701,2.701,2.701,2.701,0.0
2017-10-04,2.702,2.702,2.702,2.702,0.0
2017-10-05,2.703,2.703,2.703,2.703,0.0
2017-10-06,2.693,2.693,2.693,2.693,0.0
2017-10-09,2.703,2.703,2.703,2.703,0.0
2017-10-10,2.693,2.693,2.693,2.693,0.0
2017-10-11,2.69,2.69,2.69,2.69,0.0
2017-10-12,2.709,2.709,2.709,2.709,0.0
2017-10-13,2.707,2.707,2.707,2.707,0.0
2017-10-16,2.73,2.73,2.73,2.73,0.0
2017-10-17,2.736,2.736,2.736,2.736,0.0
2017-10-18,2.743,2.743,2.743,2.743,0.0
2017-10-19,2.756,2.756,2.756,2.756,0.0
2017-10-20,2.771,2.771,2.771,2.771,0.0
2017-10-23,2.751,2.751,2.751,2.751,0.0
2017-10-24,2.75,2.75,2.75,2.75,0.0
2017-10-25,2.751,2.751,2.751,2.751,0.0
2017-10-26,2.743,2.743,2.743,2.743,0.0
2017-10-27,2.726,2.726,2.726,2.726,0.0
2017-10-30,2.746,2.746,2.746,2.746,0.0
2017-10-31,2.75,2.75,2.739,2.739,11.0
2017-11-01,2.743,2.743,2.743,2.743,0.0
2017-11-02,2.729,2.729,2.729,2.729,0.0
2017-11-03,2.724,2.724,2.724,2.724,0.0
2017-11-06,2.722,2.722,2.722,2.722,0.0
2017-11-07,2.721,2.721,2.721,2.721,0.0
2017-11-08,2.722,2.722,2.722,2.722,0.0
2017-11-09,2.735,2.735,2.735,2.735,0.0
2017-11-10,2.722,2.722,2.722,2.722,0.0
2017-11-13,2.719,2.719,2.719,2.719,0.0
2017-11-14,2.727,2.727,2.727,2.727,0.0
2017-11-15,2.724,2.724,2.724,2.724,0.0
2017-11-16,2.73,2.73,2.73,2.73,0.0
2017-11-17,2.735,2.735,2.735,2.735,0.0
2017-11-20,2.729,2.729,2.729,2.729,0.0
2017-11-21,2.731,2.731,2.731,2.731,0.0
2017-11-22,2.718,2.718,2.718,2.718,0.0
2017-11-24,2.719,2.719,2.719,2.719,0.0
2017-11-27,2.726,2.726,2.721,2.721,4.0
2017-11-28,2.726,2.726,2.726,2.726,0.0
2017-11-29,2.743,2.743,2.743,2.743,0.0
2017-11-30,2.731,2.731,2.731,2.731,0.0
2017-12-01,2.718,2.718,2.718,2.718,0.0
2017-12-04,2.688,2.688,2.688,2.688,0.0
2017-12-05,2.683,2.683,2.683,2.683,0.0
2017-12-06,2.676,2.676,2.676,2.676,0.0
2017-12-07,2.68,2.68,2.68,2.68,0.0
2017-12-08,2.683,2.683,2.683,2.683,0.0
2017-12-11,2.68,2.68,2.68,2.68,0.0
2017-12-12,2.677,2.677,2.677,2.677,0.0
2017-12-13,2.689,2.689,2.689,2.689,0.0
2017-12-14,2.698,2.698,2.698,2.698,0.0
2017-12-15,2.704,2.704,2.704,2.704,0.0
2017-12-18,2.725,2.725,2.725,2.725,0.0
2017-12-19,2.727,2.727,2.727,2.727,0.0
2017-12-20,2.713,2.713,2.713,2.713,0.0
2017-12-21,2.73,2.73,2.73,2.73,0.0
2017-12-22,2.753,2.753,2.753,2.753,0.0
2017-12-26,2.754,2.754,2.754,2.754,0.0
2017-12-27,2.733,2.733,2.733,2.733,0.0
2017-12-28,2.725,2.725,2.725,2.725,0.0
2017-12-29,2.732,2.732,2.732,2.732,0.0
2018-01-02,2.725,2.725,2.725,2.725,0.0
2018-01-03,2.727,2.727,2.727,2.727,0.0
2018-01-04,2.729,2.729,2.729,2.729,0.0
2018-01-05,2.716,2.716,2.716,2.716,0.0
2018-01-08,2.726,2.726,2.726,2.726,0.0
2018-01-09,2.707,2.707,2.707,2.707,0.0
2018-01-10,2.725,2.725,2.725,2.725,0.0
2018-01-11,2.731,2.731,2.731,2.731,0.0
2018-01-12,2.722,2.722,2.722,2.722,0.0
2018-01-16,2.707,2.707,2.707,2.707,0.0
2018-01-17,2.701,2.701,2.701,2.701,0.0
2018-01-18,2.702,2.702,2.702,2.702,0.0
2018-01-19,2.714,2.714,2.714,2.714,0.0
2018-01-22,2.733,2.733,2.733,2.733,5.0
2018-01-23,2.745,2.745,2.745,2.745,0.0
2018-01-24,2.759,2.759,2.759,2.759,0.0
2018-01-25,2.759,2.759,2.759,2.759,0.0
2018-01-26,2.74,2.74,2.74,2.74,0.0
2018-01-29,2.747,2.747,2.747,2.747,0.0
2018-01-30,2.738,2.738,2.738,2.738,0.0
2018-01-31,2.724,2.724,2.724,2.724,0.0
2018-02-01,2.736,2.736,2.736,2.736,0.0
2018-02-02,2.743,2.743,2.743,2.743,0.0
2018-02-05,2.76,2.76,2.76,2.76,0.0
2018-02-06,2.757,2.757,2.757,2.757,0.0
2018-02-07,2.737,2.737,2.737,2.737,0.0
2018-02-08,2.735,2.735,2.735,2.735,0.0
2018-02-09,2.72,2.72,2.72,2.72,0.0
2018-02-12,2.701,2.701,2.701,2.701,0.0
2018-02-13,2.699,2.699,2.699,2.699,0.0
2018-02-14,2.703,2.703,2.703,2.703,0.0
2018-02-15,2.697,2.697,2.697,2.697,0.0
2018-02-16,2.699,2.699,2.699,2.699,0.0
2018-02-20,2.7,2.703,2.7,2.703,11.0
2018-02-21,2.721,2.721,2.721,2.721,0.0
2018-02-22,2.722,2.722,2.722,2.722,0.0
2018-02-23,2.714,2.714,2.714,2.714,0.0
2018-02-26,2.722,2.722,2.722,2.722,0.0
2018-02-27,2.72,2.72,2.72,2.72,0.0
2018-02-28,2.703,2.703,2.703,2.703,0.0
2018-03-01,2.711,2.711,2.711,2.711,0.0
2018-03-02,2.725,2.725,2.725,2.725,0.0
2018-03-05,2.74,2.74,2.74,2.74,0.0
2018-03-06,2.74,2.74,2.74,2.74,0.0
2018-03-07,2.73,2.73,2.73,2.73,0.0
2018-03-08,2.7,2.7,2.7,2.7,0.0
2018-03-09,2.672,2.672,2.672,2.672,0.0
2018-03-12,2.671,2.671,2.671,2.671,0.0
2018-03-13,2.671,2.671,2.671,2.671,0.0
2018-03-14,2.694,2.694,2.694,2.694,0.0
2018-03-15,2.717,2.717,2.717,2.717,0.0
2018-03-16,2.718,2.718,2.718,2.718,0.0
2018-03-19,2.708,2.708,2.708,2.708,0.0
2018-03-20,2.713,2.713,2.713,2.713,0.0
2018-03-21,2.704,2.704,2.704,2.704,0.0
2018-03-22,2.692,2.692,2.692,2.692,0.0
2018-03-23,2.671,2.671,2.671,2.671,0.0
2018-03-26,2.698,2.698,2.698,2.698,0.0
2018-03-27,2.71,2.71,2.71,2.71,0.0
2018-03-28,2.714,2.714,2.714,2.714,0.0
2018-03-29,2.741,2.741,2.741,2.741,0.0
2018-04-02,2.73,2.73,2.73,2.73,0.0
2018-04-03,2.723,2.723,2.723,2.723,0.0
2018-04-04,2.704,2.704,2.704,2.704,0.0
2018-04-05,2.712,2.712,2.712,2.712,0.0
2018-04-06,2.709,2.709,2.709,2.709,0.0
2018-04-09,2.7,2.7,2.7,2.7,0.0
2018-04-10,2.709,2.709,2.709,2.709,0.0
2018-04-11,2.72,2.72,2.72,2.72,0.0
2018-04-12,2.732,2.732,2.732,2.732,0.0
2018-04-13,2.726,2.726,2.726,2.726,0.0
2018-04-16,2.728,2.728,2.728,2.728,0.0
2018-04-17,2.724,2.724,2.724,2.724,0.0
2018-04-18,2.705,2.705,2.705,2.705,0.0
2018-04-19,2.662,2.662,2.662,2.662,0.0
2018-04-20,2.667,2.667,2.667,2.667,0.0
2018-04-23,2.659,2.659,2.659,2.659,0.0
2018-04-24,2.659,2.659,2.659,2.659,0.0
2018-04-25,2.654,2.654,2.654,2.654,0.0
2018-04-26,2.647,2.647,2.647,2.647,0.0
2018-04-27,2.647,2.647,2.647,2.647,0.0
2018-04-30,2.642,2.642,2.642,2.642,0.0
2018-05-01,2.63,2.63,2.63,2.63,0.0
2018-05-02,2.629,2.629,2.629,2.629,0.0
2018-05-03,2.632,2.632,2.632,2.632,0.0
2018-05-04,2.62,2.62,2.62,2.62,0.0
2018-05-07,2.618,2.618,2.618,2.618,0.0
2018-05-08,2.6,2.6,2.578,2.578,2.0
2018-05-09,2.567,2.567,2.567,2.567,0.0
2018-05-10,2.565,2.565,2.565,2.565,0.0
2018-05-11,2.568,2.568,2.568,2.568,0.0
2018-05-14,2.563,2.563,2.563,2.563,0.0
2018-05-15,2.562,2.562,2.562,2.562,0.0
2018-05-16,2.559,2.559,2.559,2.559,0.0
2018-05-17,2.566,2.566,2.566,2.566,0.0
2018-05-18,2.581,2.581,2.581,2.581,0.0
2018-05-21,2.587,2.587,2.587,2.587,0.0
2018-05-22,2.592,2.592,2.592,2.592,0.0
2018-05-23,2.587,2.587,2.587,2.587,0.0
2018-05-24,2.581,2.581,2.581,2.581,0.0
2018-05-25,2.56,2.56,2.553,2.553,14.0
2018-05-29,2.53,2.53,2.53,2.53,12.0
2018-05-30,2.532,2.532,2.532,2.532,0.0
2018-05-31,2.535,2.535,2.535,2.535,0.0
2018-06-01,2.528,2.528,2.528,2.528,0.0
2018-06-04,2.513,2.513,2.513,2.513,0.0
2018-06-05,2.521,2.521,2.521,2.521,0.0
2018-06-06,2.521,2.536,2.521,2.536,2.0
2018-06-07,2.513,2.513,2.513,2.513,0.0
2018-06-08,2.516,2.516,2.516,2.516,0.0
2018-06-11,2.5,2.5,2.5,2.5,0.0
2018-06-12,2.515,2.515,2.515,2.515,0.0
2018-06-13,2.533,2.533,2.533,2.533,0.0
2018-06-14,2.527,2.527,2.527,2.527,0.0
2018-06-15,2.532,2.532,2.532,2.532,0.0
2018-06-18,2.535,2.535,2.535,2.535,0.0
2018-06-19,2.527,2.527,2.527,2.527,0.0
2018-06-20,2.519,2.519,2.519,2.519,0.0
2018-06-21,2.519,2.519,2.519,2.519,0.0
2018-06-22,2.52,2.52,2.52,2.52,0.0
2018-06-25,2.516,2.516,2.516,2.516,0.0
2018-06-26,2.514,2.514,2.514,2.514,0.0
2018-06-27,2.519,2.519,2.519,2.519,0.0
2018-06-28,2.519,2.519,2.519,2.519,0.0
2018-06-29,2.517,2.517,2.517,2.517,0.0
2018-07-02,2.512,2.512,2.512,2.512,0.0
2018-07-03,2.505,2.505,2.505,2.505,0.0
2018-07-05,2.503,2.503,2.503,2.503,0.0
2018-07-06,2.498,2.498,2.498,2.498,0.0
2018-07-09,2.485,2.485,2.485,2.485,0.0
2018-07-10,2.483,2.483,2.483,2.483,0.0
2018-07-11,2.47,2.47,2.47,2.47,1.0
2018-07-12,2.467,2.467,2.467,2.467,0.0
2018-07-13,2.465,2.465,2.465,2.465,0.0
2018-07-16,2.446,2.446,2.446,2.446,0.0
2018-07-17,2.441,2.441,2.441,2.441,0.0
2018-07-18,2.431,2.431,2.431,2.431,0.0
2018-07-19,2.434,2.434,2.434,2.434,0.0
2018-07-20,2.435,2.435,2.435,2.435,0.0
2018-07-23,2.444,2.444,2.444,2.444,0.0
2018-07-24,2.451,2.451,2.451,2.451,0.0
2018-07-25,2.462,2.462,2.462,2.462,0.0
2018-07-26,2.458,2.458,2.458,2.458,0.0
2018-07-27,2.48,2.48,2.48,2.48,0.0
2018-07-30,2.484,2.484,2.484,2.484,0.0
2018-07-31,2.486,2.486,2.486,2.486,0.0
2018-08-01,2.456,2.456,2.456,2.456,3.0
2018-08-02,2.46,2.46,2.46,2.46,0.0
2018-08-03,2.46,2.46,2.46,2.46,0.0
2018-08-06,2.441,2.441,2.441,2.441,0.0
2018-08-07,2.45,2.45,2.45,2.45,0.0
2018-08-08,2.463,2.463,2.463,2.463,0.0
2018-08-09,2.464,2.464,2.464,2.464,0.0
2018-08-10,2.48,2.48,2.48,2.48,0.0
2018-08-13,2.488,2.488,2.488,2.488,0.0
2018-08-14,2.49,2.49,2.49,2.49,0.0
2018-08-15,2.49,2.49,2.49,2.49,0.0
2018-08-16,2.48,2.48,2.48,2.48,0.0
2018-08-17,2.482,2.482,2.482,2.482,0.0
2018-08-20,2.481,2.481,2.481,2.481,0.0
2018-08-21,2.475,2.475,2.475,2.475,0.0
2018-08-22,2.462,2.462,2.462,2.462,0.0
2018-08-23,2.455,2.455,2.455,2.455,0.0
2018-08-24,2.446,2.446,2.446,2.446,0.0
2018-08-27,2.43,2.43,2.414,2.414,2.0
2018-08-28,2.391,2.391,2.391,2.391,0.0
2018-08-29,2.398,2.398,2.398,2.398,0.0
2018-08-30,2.397,2.397,2.397,2.397,0.0
2018-08-31,2.416,2.416,2.416,2.416,0.0
2018-09-04,2.4,2.4,2.4,2.4,0.0
2018-09-05,2.4,2.405,2.4,2.405,1.0
2018-09-06,2.415,2.415,2.415,2.415,0.0
2018-09-07,2.416,2.416,2.416,2.416,0.0
2018-09-10,2.425,2.425,2.425,2.425,0.0
2018-09-11,2.427,2.427,2.427,2.427,0.0
2018-09-12,2.437,2.437,2.437,2.437,0.0
2018-09-13,2.453,2.453,2.453,2.453,0.0
2018-09-14,2.453,2.453,2.453,2.453,0.0
2018-09-17,2.457,2.457,2.457,2.457,2.0
2018-09-18,2.458,2.458,2.458,2.458,0.0
2018-09-19,2.443,2.443,2.443,2.443,0.0
2018-09-20,2.447,2.447,2.447,2.447,0.0
2018-09-21,2.445,2.445,2.445,2.445,0.0
2018-09-24,2.437,2.437,2.437,2.437,16.0
2018-09-25,2.439,2.439,2.439,2.439,0.0
2018-09-26,2.446,2.446,2.446,2.446,1.0
2018-09-27,2.44,2.44,2.44,2.44,0.0
2018-09-28,2.441,2.441,2.441,2.441,0.0
2018-10-01,2.446,2.446,2.446,2.446,0.0
2018-10-02,2.444,2.444,2.444,2.444,0.0
2018-10-03,2.443,2.443,2.443,2.443,0.0
2018-10-04,2.445,2.445,2.445,2.445,0.0
2018-10-05,2.445,2.445,2.445,2.445,0.0
2018-10-08,2.456,2.456,2.456,2.456,0.0
2018-10-09,2.457,2.457,2.457,2.457,0.0
2018-10-10,2.453,2.453,2.453,2.453,0.0
2018-10-11,2.497,2.497,2.477,2.477,8.0
2018-10-12,2.478,2.478,2.478,2.478,0.0
2018-10-15,2.478,2.478,2.478,2.478,0.0
2018-10-16,2.466,2.466,2.466,2.466,0.0
2018-10-17,2.461,2.461,2.461,2.461,0.0
2018-10-18,2.46,2.46,2.46,2.46,0.0
2018-10-19,2.457,2.457,2.457,2.457,0.0
2018-10-22,2.458,2.458,2.458,2.458,11.0
2018-10-23,2.46,2.46,2.46,2.46,0.0
2018-10-24,2.46,2.46,2.457,2.457,2.0
2018-10-25,2.452,2.455,2.452,2.455,100.0
2018-10-26,2.457,2.457,2.457,2.457,0.0
2018-10-29,2.46,2.46,2.46,2.46,0.0
2018-10-30,2.467,2.467,2.467,2.467,0.0
2018-10-31,2.466,2.466,2.466,2.466,0.0
2018-11-01,2.471,2.471,2.471,2.471,0.0
2018-11-02,2.483,2.483,2.483,2.483,0.0
2018-11-05,2.49,2.49,2.49,2.49,0.0
2018-11-06,2.506,2.506,2.506,2.506,0.0
2018-11-07,2.505,2.505,2.505,2.505,0.0
2018-11-08,2.506,2.506,2.506,2.506,0.0
2018-11-09,2.507,2.507,2.507,2.507,0.0
2018-11-12,2.525,2.525,2.525,2.525,0.0
2018-11-13,2.535,2.535,2.504,2.504,2.0
2018-11-14,2.488,2.488,2.488,2.488,0.0
2018-11-15,2.5,2.5,2.5,2.5,11.0
2018-11-16,2.485,2.485,2.485,2.485,0.0
2018-11-19,2.49,2.49,2.464,2.464,1.0
2018-11-20,2.462,2.462,2.462,2.462,0.0
2018-11-21,2.46,2.46,2.46,2.46,0.0
2018-11-23,2.485,2.485,2.485,2.485,0.0
2018-11-26,2.478,2.478,2.478,2.478,0.0
2018-11-27,2.474,2.474,2.474,2.474,0.0
2018-11-28,2.502,2.502,2.502,2.502,0.0
2018-11-29,2.528,2.528,2.528,2.528,0.0
2018-11-30,2.558,2.558,2.558,2.558,0.0
2018-12-03,2.53,2.53,2.53,2.53,0.0
2018-12-04,2.516,2.516,2.516,2.516,0.0
2018-12-05,2.518,2.518,2.518,2.518,0.0
2018-12-06,2.529,2.529,2.529,2.529,0.0
2018-12-07,2.527,2.527,2.527,2.527,0.0
2018-12-10,2.528,2.528,2.528,2.528,0.0
2018-12-11,2.523,2.523,2.505,2.505,3.0
2018-12-12,2.49,2.506,2.49,2.506,6.0
2018-12-13,2.488,2.488,2.488,2.488,2.0
2018-12-14,2.498,2.498,2.498,2.498,0.0
2018-12-17,2.497,2.497,2.497,2.497,0.0
2018-12-18,2.498,2.498,2.498,2.498,0.0
2018-12-19,2.497,2.497,2.497,2.497,0.0
2018-12-20,2.503,2.503,2.503,2.503,0.0
2018-12-21,2.508,2.508,2.508,2.508,0.0
2018-12-24,2.505,2.505,2.505,2.505,0.0
2018-12-26,2.502,2.502,2.502,2.502,0.0
2018-12-27,2.5,2.5,2.5,2.5,0.0
2018-12-28,2.489,2.489,2.489,2.489,0.0
2018-12-31,2.497,2.497,2.497,2.497,0.0
2019-01-02,2.495,2.495,2.495,2.495,0.0
2019-01-03,2.487,2.487,2.487,2.487,0.0
2019-01-04,2.504,2.504,2.504,2.504,0.0
2019-01-07,2.505,2.505,2.505,2.505,0.0
2019-01-08,2.515,2.515,2.501,2.501,2.0
2019-01-09,2.501,2.501,2.501,2.501,0.0
2019-01-10,2.514,2.514,2.509,2.509,1.0
2019-01-11,2.509,2.52,2.509,2.52,1.0
2019-01-14,2.519,2.519,2.519,2.519,0.0
2019-01-15,2.509,2.509,2.509,2.509,0.0
2019-01-16,2.478,2.478,2.478,2.478,0.0
2019-01-17,2.491,2.491,2.491,2.491,0.0
2019-01-18,2.499,2.499,2.499,2.499,0.0
2019-01-22,2.512,2.512,2.512,2.512,0.0
2019-01-23,2.507,2.507,2.507,2.507,0.0
2019-01-24,2.492,2.492,2.492,2.492,0.0
2019-01-25,2.502,2.502,2.502,2.502,0.0
2019-01-28,2.491,2.491,2.491,2.491,0.0
2019-01-29,2.494,2.494,2.494,2.494,0.0
2019-01-30,2.474,2.485,2.474,2.485,2.0
2019-01-31,2.474,2.474,2.474,2.474,0.0
2019-02-01,2.483,2.483,2.483,2.483,0.0
2019-02-04,2.45,2.47,2.45,2.47,1.0
2019-02-05,2.489,2.489,2.489,2.489,0.0
2019-02-06,2.494,2.494,2.494,2.494,0.0
2019-02-07,2.492,2.492,2.492,2.492,0.0
2019-02-08,2.496,2.496,2.496,2.496,0.0
2019-02-11,2.5,2.5,2.5,2.5,0.0
2019-02-12,2.508,2.508,2.508,2.508,0.0
2019-02-13,2.49,2.509,2.49,2.509,5.0
2019-02-14,2.502,2.502,2.502,2.502,0.0
2019-02-15,2.486,2.486,2.486,2.486,0.0
2019-02-19,2.5,2.5,2.5,2.5,0.0
2019-02-20,2.487,2.487,2.487,2.487,0.0
2019-02-21,2.492,2.492,2.482,2.482,1.0
2019-02-22,2.479,2.479,2.479,2.479,0.0
2019-02-25,2.476,2.476,2.476,2.476,0.0
2019-02-26,2.456,2.456,2.456,2.456,0.0
2019-02-27,2.482,2.482,2.482,2.482,0.0
2019-02-28,2.486,2.486,2.486,2.486,0.0
2019-03-01,2.485,2.485,2.485,2.485,0.0
2019-03-04,2.481,2.481,2.481,2.481,0.0
2019-03-05,2.479,2.479,2.479,2.479,0.0
2019-03-06,2.477,2.477,2.477,2.477,0.0
2019-03-07,2.479,2.479,2.479,2.479,0.0
2019-03-08,2.474,2.474,2.474,2.474,0.0
2019-03-11,2.488,2.488,2.488,2.488,0.0
2019-03-12,2.502,2.502,2.502,2.502,0.0
2019-03-13,2.509,2.509,2.509,2.509,0.0
2019-03-14,2.519,2.519,2.504,2.504,1.0
2019-03-15,2.503,2.503,2.503,2.503,0.0
2019-03-18,2.506,2.506,2.506,2.506,0.0
2019-03-19,2.507,2.507,2.507,2.507,0.0
2019-03-20,2.505,2.505,2.505,2.505,0.0
2019-03-21,2.52,2.52,2.512,2.512,11.0
2019-03-22,2.502,2.502,2.502,2.502,0.0
2019-03-25,2.512,2.512,2.501,2.501,1.0
2019-03-26,2.503,2.503,2.503,2.503,0.0
2019-03-27,2.494,2.494,2.494,2.494,0.0
2019-03-28,2.497,2.497,2.497,2.497,0.0
2019-03-29,2.496,2.496,2.496,2.496,0.0
2019-04-01,2.495,2.495,2.495,2.495,0.0
2019-04-02,2.502,2.502,2.502,2.502,0.0
2019-04-03,2.508,2.508,2.508,2.508,0.0
2019-04-04,2.503,2.503,2.503,2.503,0.0
2019-04-05,2.507,2.507,2.507,2.507,0.0
2019-04-08,2.51,2.51,2.51,2.51,0.0
2019-04-09,2.51,2.517,2.51,2.517,3.0
2019-04-10,2.51,2.51,2.51,2.51,0.0
2019-04-11,2.508,2.508,2.508,2.508,0.0
2019-04-12,2.508,2.508,2.508,2.508,0.0
2019-04-15,2.508,2.508,2.508,2.508,0.0
2019-04-16,2.509,2.509,2.509,2.509,0.0
2019-04-17,2.499,2.499,2.499,2.499,8.0
2019-04-18,2.484,2.484,2.484,2.484,0.0
2019-04-22,2.472,2.472,2.472,2.472,0.0
2019-04-23,2.463,2.463,2.463,2.463,0.0
2019-04-24,2.473,2.473,2.473,2.473,0.0
2019-04-25,2.483,2.483,2.483,2.483,0.0
2019-04-26,2.483,2.483,2.483,2.483,0.0
2019-04-29,2.485,2.493,2.485,2.493,7.0
2019-04-30,2.498,2.498,2.498,2.498,0.0
2019-05-01,2.5,2.5,2.5,2.5,0.0
2019-05-02,2.497,2.497,2.497,2.497,0.0
2019-05-03,2.468,2.468,2.468,2.468,0.0
2019-05-06,2.471,2.471,2.471,2.471,0.0
2019-05-07,2.477,2.477,2.471,2.471,4.0
2019-05-08,2.465,2.465,2.465,2.465,0.0
2019-05-09,2.472,2.472,2.472,2.472,0.0
2019-05-10,2.463,2.463,2.463,2.463,0.0
2019-05-13,2.466,2.466,2.466,2.466,0.0
2019-05-14,2.477,2.477,2.477,2.477,0.0
2019-05-15,2.475,2.475,2.475,2.475,0.0
2019-05-16,2.482,2.482,2.482,2.482,0.0
2019-05-17,2.486,2.486,2.486,2.486,0.0
2019-05-20,2.495,2.495,2.491,2.491,6.0
2019-05-21,2.494,2.494,2.494,2.494,0.0
2019-05-22,2.496,2.505,2.48,2.48,53.0
2019-05-23,2.5,2.5,2.492,2.492,1.0
2019-05-24,2.497,2.502,2.497,2.502,1.0
2019-05-28,2.496,2.496,2.496,2.496,0.0
2019-05-29,2.479,2.479,2.479,2.479,0.0
2019-05-30,2.479,2.479,2.477,2.477,1.0
2019-05-31,2.474,2.474,2.474,2.474,0.0
2019-06-03,2.462,2.462,2.462,2.462,0.0
2019-06-04,2.468,2.468,2.468,2.468,0.0
2019-06-05,2.462,2.462,2.462,2.462,0.0
2019-06-06,2.473,2.473,2.473,2.473,0.0
2019-06-07,2.474,2.474,2.474,2.474,0.0
2019-06-10,2.468,2.468,2.468,2.468,0.0
2019-06-11,2.46,2.468,2.46,2.468,5.0
2019-06-12,2.465,2.465,2.464,2.464,1.0
2019-06-13,2.465,2.465,2.465,2.465,0.0
2019-06-14,2.47,2.47,2.47,2.47,0.0
2019-06-17,2.473,2.473,2.473,2.473,0.0
2019-06-18,2.456,2.456,2.456,2.456,0.0
2019-06-19,2.457,2.457,2.457,2.457,0.0
2019-06-20,2.463,2.463,2.458,2.458,91.0
2019-06-21,2.473,2.473,2.473,2.473,0.0
2019-06-24,2.473,2.473,2.473,2.473,0.0
2019-06-25,2.477,2.477,2.472,2.472,1.0
2019-06-26,2.464,2.464,2.464,2.464,0.0
2019-06-27,2.46,2.46,2.46,2.46,0.0
2019-06-28,2.435,2.435,2.435,2.435,0.0
2019-07-01,2.435,2.435,2.428,2.428,1.0
2019-07-02,2.424,2.424,2.424,2.424,0.0
2019-07-03,2.42,2.42,2.42,2.42,0.0
2019-07-05,2.432,2.432,2.432,2.432,0.0
2019-07-08,2.428,2.428,2.428,2.428,0.0
2019-07-09,2.441,2.441,2.441,2.441,0.0
2019-07-10,2.433,2.433,2.433,2.433,0.0
2019-07-11,2.441,2.441,2.441,2.441,0.0
2019-07-12,2.449,2.449,2.449,2.449,3.0
2019-07-15,2.454,2.454,2.454,2.454,0.0
2019-07-16,2.43,2.43,2.43,2.43,0.0
2019-07-17,2.427,2.427,2.427,2.427,0.0
2019-07-18,2.443,2.443,2.443,2.443,0.0
2019-07-19,2.448,2.448,2.436,2.436,2.0
2019-07-22,2.439,2.439,2.439,2.439,0.0
2019-07-23,2.438,2.438,2.438,2.438,0.0
2019-07-24,2.435,2.435,2.431,2.431,3.0
2019-07-25,2.435,2.435,2.432,2.432,4.0
2019-07-26,2.433,2.433,2.433,2.433,10.0
2019-07-29,2.422,2.422,2.422,2.422,0.0
2019-07-30,2.425,2.425,2.425,2.425,0.0
2019-07-31,2.431,2.431,2.431,2.431,11.0
2019-08-01,2.439,2.439,2.439,2.439,0.0
2019-08-02,2.426,2.426,2.426,2.426,1.0
2019-08-05,2.413,2.413,2.413,2.413,1.0
2019-08-06,2.413,2.413,2.413,2.413,3.0
2019-08-07,2.398,2.398,2.398,2.398,0.0
2019-08-08,2.399,2.399,2.399,2.399,2.0
2019-08-09,2.39,2.39,2.387,2.387,15.0
2019-08-12,2.361,2.361,2.361,2.361,0.0
2019-08-13,2.361,2.361,2.361,2.361,0.0
2019-08-14,2.336,2.336,2.336,2.336,0.0
2019-08-15,2.318,2.318,2.318,2.318,0.0
2019-08-16,2.311,2.311,2.295,2.295,1.0
2019-08-19,2.3,2.3,2.3,2.3,0.0
2019-08-20,2.297,2.297,2.297,2.297,0.0
2019-08-21,2.298,2.298,2.298,2.298,0.0
2019-08-22,2.31,2.31,2.287,2.287,2.0
2019-08-23,2.301,2.308,2.301,2.308,1.0
2019-08-26,2.321,2.321,2.321,2.321,3.0
2019-08-27,2.338,2.338,2.338,2.338,0.0
2019-08-28,2.353,2.357,2.353,2.357,1.0
2019-08-29,2.364,2.364,2.364,2.364,0.0
2019-08-30,2.359,2.359,2.339,2.339,1.0
2019-09-03,2.364,2.364,2.364,2.364,286.0
2019-09-04,2.364,2.364,2.341,2.341,2.0
2019-09-05,2.338,2.347,2.338,2.347,1.0
2019-09-06,2.334,2.334,2.334,2.334,0.0
2019-09-09,2.33,2.33,2.33,2.33,0.0
2019-09-10,2.36,2.36,2.334,2.334,2.0
2019-09-11,2.363,2.363,2.348,2.348,22.0
2019-09-12,2.353,2.353,2.353,2.353,0.0
2019-09-13,2.339,2.339,2.339,2.339,0.0
2019-09-16,2.346,2.346,2.346,2.346,0.0
2019-09-17,2.343,2.343,2.343,2.343,0.0
2019-09-18,2.355,2.355,2.355,2.355,0.0
2019-09-19,2.359,2.359,2.354,2.354,5.0
2019-09-20,2.365,2.365,2.365,2.365,0.0
2019-09-23,2.362,2.362,2.362,2.362,0.0
2019-09-24,2.367,2.367,2.359,2.359,2.0
2019-09-25,2.358,2.358,2.358,2.358,11.0
2019-09-26,2.359,2.359,2.359,2.359,0.0
2019-09-27,2.348,2.348,2.348,2.348,8.0
2019-09-30,2.353,2.358,2.347,2.347,9.0
2019-10-01,2.353,2.353,2.353,2.353,133.0
2019-10-02,2.352,2.352,2.352,2.352,0.0
2019-10-03,2.343,2.343,2.343,2.343,5.0
2019-10-04,2.338,2.338,2.338,2.338,0.0
2019-10-07,2.341,2.341,2.341,2.341,0.0
2019-10-08,2.336,2.336,2.324,2.324,1.0
2019-10-09,2.313,2.317,2.313,2.317,1.0
2019-10-10,2.317,2.317,2.309,2.309,73.0
2019-10-11,2.317,2.317,2.317,2.317,46.0
2019-10-14,2.322,2.322,2.322,2.322,0.0
2019-10-15,2.331,2.331,2.331,2.331,10.0
2019-10-16,2.322,2.324,2.32,2.324,9.0
2019-10-17,2.322,2.322,2.322,2.322,0.0
2019-10-18,2.34,2.34,2.316,2.317,2.0
2019-10-21,2.315,2.315,2.312,2.312,1.0
2019-10-22,2.316,2.316,2.316,2.316,8.0
2019-10-23,2.31,2.31,2.31,2.31,0.0
2019-10-24,2.314,2.314,2.314,2.314,0.0
2019-10-25,2.309,2.309,2.309,2.309,20.0
2019-10-28,2.318,2.318,2.318,2.318,0.0
2019-10-29,2.331,2.331,2.331,2.331,32.0
2019-10-30,2.336,2.35,2.336,2.35,3.0
2019-10-31,2.346,2.346,2.346,2.346,0.0
2019-11-01,2.351,2.351,2.351,2.351,0.0
2019-11-04,2.35,2.35,2.35,2.35,0.0
2019-11-05,2.346,2.346,2.346,2.346,0.0
2019-11-06,2.332,2.332,2.332,2.332,55.0
2019-11-07,2.322,2.322,2.322,2.322,0.0
2019-11-08,2.331,2.331,2.331,2.331,0.0
2019-11-11,2.328,2.328,2.328,2.328,0.0
2019-11-12,2.316,2.316,2.316,2.316,0.0
2019-11-13,2.303,2.303,2.303,2.303,0.0
2019-11-14,2.304,2.304,2.304,2.304,6.0
2019-11-15,2.325,2.325,2.302,2.302,6.0
2019-11-18,2.302,2.306,2.302,2.306,7.0
2019-11-19,2.301,2.301,2.301,2.301,0.0
2019-11-20,2.31,2.31,2.31,2.31,0.0
2019-11-21,2.31,2.31,2.31,2.31,0.0
2019-11-22,2.31,2.31,2.31,2.31,0.0
2019-11-25,2.297,2.297,2.297,2.297,19.0
2019-11-26,2.298,2.298,2.298,2.298,19.0
2019-11-27,2.302,2.302,2.302,2.302,0.0
2019-11-29,2.29,2.29,2.26,2.26,1.0
2019-12-02,2.281,2.281,2.279,2.279,30.0
2019-12-03,2.281,2.281,2.281,2.281,11.0
2019-12-04,2.292,2.292,2.292,2.292,0.0
2019-12-05,2.288,2.288,2.288,2.288,40.0
2019-12-06,2.273,2.273,2.273,2.273,9.0
2019-12-09,2.276,2.276,2.276,2.276,23.0
2019-12-10,2.284,2.284,2.284,2.284,0.0
2019-12-11,2.29,2.29,2.283,2.283,3.0
2019-12-12,2.288,2.288,2.288,2.288,0.0
2019-12-13,2.285,2.285,2.271,2.271,6.0
2019-12-16,2.275,2.275,2.275,2.275,1.0
2019-12-17,2.28,2.288,2.269,2.274,11.0
2019-12-18,2.26,2.26,2.249,2.251,9.0
2019-12-19,2.24,2.246,2.235,2.235,4.0
2019-12-20,2.24,2.245,2.237,2.24,2.0
2019-12-23,2.246,2.246,2.246,2.246,0.0
2019-12-24,2.244,2.244,2.244,2.244,0.0
2019-12-26,2.243,2.243,2.243,2.243,25.0
2019-12-27,2.26,2.3,2.228,2.241,20.0
2019-12-30,2.24,2.24,2.235,2.238,352.0
2019-12-31,2.23,2.25,2.23,2.247,6.0
2020-01-02,2.24,2.242,2.24,2.242,1.0
2020-01-03,2.26,2.26,2.244,2.244,5.0
2020-01-06,2.244,2.244,2.242,2.242,6.0
2020-01-07,2.244,2.25,2.244,2.25,1.0
2020-01-08,2.251,2.254,2.251,2.254,2.0
2020-01-09,2.259,2.259,2.259,2.259,81.0
2020-01-10,2.257,2.26,2.257,2.26,2.0
2020-01-13,2.265,2.265,2.256,2.264,3.0
2020-01-14,2.265,2.27,2.26,2.267,6.0
2020-01-15,2.262,2.266,2.262,2.266,4.0
2020-01-16,2.273,2.273,2.273,2.273,2.0
2020-01-17,2.275,2.275,2.272,2.272,16.0
2020-01-21,2.269,2.285,2.254,2.262,11.0
2020-01-22,2.26,2.265,2.249,2.252,9.0
2020-01-23,2.242,2.242,2.234,2.234,4.0
2020-01-24,2.229,2.229,2.215,2.215,19.0
2020-01-27,2.215,2.215,2.207,2.207,3.0
2020-01-28,2.219,2.219,2.219,2.219,2.0
2020-01-29,2.209,2.209,2.209,2.209,0.0
2020-01-30,2.214,2.214,2.21,2.21,6.0
2020-01-31,2.21,2.21,2.209,2.209,19.0
2020-02-03,2.197,2.197,2.197,2.197,21.0
2020-02-04,2.2,2.2,2.2,2.2,24.0
2020-02-05,2.202,2.202,2.191,2.191,45.0
2020-02-06,2.213,2.213,2.211,2.211,1.0
2020-02-07,2.22,2.231,2.22,2.231,12.0
2020-02-10,2.216,2.225,2.216,2.225,58.0
2020-02-11,2.22,2.232,2.218,2.232,91.0
2020-02-12,2.242,2.243,2.239,2.239,6.0
2020-02-13,2.239,2.239,2.236,2.238,4.0
2020-02-14,2.233,2.233,2.226,2.226,4.0
2020-02-18,2.24,2.24,2.225,2.231,87.0
2020-02-19,2.221,2.221,2.216,2.219,10.0
2020-02-20,2.215,2.215,2.208,2.208,9.0
2020-02-21,2.21,2.21,2.202,2.202,1.0
2020-02-24,2.2,2.2,2.198,2.198,2.0
2020-02-25,2.21,2.21,2.205,2.205,4.0
2020-02-26,2.22,2.223,2.218,2.222,9.0
2020-02-27,2.202,2.212,2.202,2.212,12.0
2020-02-28,2.208,2.208,2.194,2.194,14.0
2020-03-02,2.235,2.235,2.211,2.217,82.0
2020-03-03,2.225,2.225,2.212,2.215,52.0
2020-03-04,2.215,2.215,2.215,2.215,61.0
2020-03-05,2.21,2.21,2.185,2.195,24.0
2020-03-06,2.185,2.185,2.17,2.17,11.0
2020-03-09,2.16,2.217,2.16,2.217,77.0
2020-03-10,2.245,2.245,2.22,2.235,2472.0
2020-03-11,2.2,2.2,2.19,2.198,56.0
2020-03-12,2.185,2.185,2.16,2.166,368.0
2020-03-13,2.166,2.166,2.161,2.161,39.0
2020-03-16,2.13,2.16,2.13,2.158,56.0
2020-03-17,2.18,2.18,2.175,2.175,52.0
2020-03-18,2.165,2.185,2.165,2.166,92.0
2020-03-19,2.179,2.179,2.179,2.179,46.0
2020-03-20,2.199,2.199,2.171,2.171,1.0
2020-03-23,2.165,2.181,2.16,2.181,11.0
2020-03-24,2.173,2.187,2.173,2.187,128.0
2020-03-25,2.175,2.19,2.175,2.182,929.0
2020-03-26,2.176,2.185,2.165,2.165,327.0
2020-03-27,2.2,2.202,2.2,2.202,312.0
2020-03-30,2.215,2.216,2.211,2.216,114.0
2020-03-31,2.225,2.225,2.218,2.218,69.0
2020-04-01,2.223,2.223,2.215,2.215,22.0
2020-04-02,2.2,2.207,2.2,2.207,146.0
2020-04-03,2.2,2.2,2.197,2.197,1.0
2020-04-06,2.213,2.213,2.213,2.213,62.0
2020-04-07,2.211,2.211,2.211,2.211,57.0
2020-04-08,2.235,2.235,2.235,2.235,46.0
2020-04-09,2.275,2.275,2.261,2.261,549.0
2020-04-13,2.3,2.305,2.27,2.292,17.0
2020-04-14,2.29,2.295,2.28,2.289,565.0
2020-04-15,2.271,2.271,2.271,2.271,17.0
2020-04-16,2.265,2.273,2.265,2.268,164.0
2020-04-17,2.295,2.295,2.286,2.286,151.0
2020-04-20,2.3,2.312,2.3,2.312,87.0
2020-04-21,2.303,2.303,2.303,2.303,28.0
2020-04-22,2.318,2.323,2.318,2.323,28.0
2020-04-23,2.318,2.318,2.303,2.311,531.0
2020-04-24,2.311,2.311,2.298,2.298,77.0
2020-04-27,2.303,2.324,2.303,2.324,15.0
2020-04-28,2.334,2.334,2.333,2.333,126.0
2020-04-29,2.353,2.353,2.337,2.337,49.0
2020-04-30,2.335,2.335,2.33,2.33,429.0
2020-05-01,2.321,2.321,2.311,2.311,9.0
2020-05-04,2.316,2.316,2.316,2.316,116.0
2020-05-05,2.332,2.332,2.295,2.295,140.0
2020-05-06,2.298,2.298,2.298,2.298,17.0
2020-05-07,2.29,2.3,2.289,2.29,76.0
2020-05-08,2.301,2.301,2.301,2.301,0.0
2020-05-11,2.3,2.305,2.294,2.294,126.0
2020-05-12,2.302,2.302,2.286,2.287,317.0
2020-05-13,2.277,2.282,2.273,2.273,113.0
2020-05-14,2.29,2.29,2.29,2.29,378.0
2020-05-15,2.321,2.321,2.288,2.288,15.0
2020-05-18,2.308,2.308,2.298,2.298,35.0
2020-05-19,2.314,2.314,2.3,2.304,15.0
2020-05-20,2.3,2.3,2.294,2.294,434.0
2020-05-21,2.295,2.295,2.29,2.293,266.0
2020-05-22,2.31,2.31,2.295,2.298,13.0
2020-05-26,2.266,2.31,2.265,2.289,7.0
2020-05-27,2.29,2.295,2.276,2.295,106.0
2020-05-28,2.291,2.295,2.291,2.293,25.0
2020-05-29,2.297,2.297,2.284,2.287,49.0
2020-06-01,2.28,2.28,2.279,2.279,22.0
2020-06-02,2.295,2.295,2.286,2.287,310.0
2020-06-03,2.285,2.285,2.283,2.284,39.0
2020-06-04,2.28,2.289,2.276,2.276,25.0
2020-06-05,2.275,2.275,2.269,2.27,58.0
2020-06-08,2.264,2.264,2.264,2.264,13.0
2020-06-09,2.267,2.267,2.262,2.267,47.0
2020-06-10,2.265,2.27,2.265,2.267,12.0
2020-06-11,2.28,2.28,2.265,2.271,17.0
2020-06-12,2.271,2.273,2.271,2.273,214.0
2020-06-15,2.265,2.267,2.262,2.264,218.0
2020-06-16,2.259,2.27,2.259,2.26,174.0
2020-06-17,2.258,2.26,2.25,2.257,34.0
2020-06-18,2.26,2.26,2.26,2.26,0.0
2020-06-19,2.246,2.249,2.24,2.249,16.0
2020-06-22,2.238,2.248,2.238,2.248,7.0
2020-06-23,2.25,2.25,2.238,2.238,11.0
2020-06-24,2.24,2.24,2.226,2.229,55.0
2020-06-25,2.221,2.221,2.215,2.216,436.0
2020-06-26,2.22,2.236,2.219,2.223,226.0
2020-06-29,2.239,2.239,2.222,2.227,208.0
2020-06-30,2.232,2.232,2.226,2.226,20.0
2020-07-01,2.243,2.243,2.223,2.24,22.0
2020-07-02,2.242,2.246,2.242,2.246,7.0
2020-07-06,2.262,2.265,2.237,2.24,86.0
2020-07-07,2.253,2.256,2.245,2.245,52.0
2020-07-08,2.244,2.258,2.243,2.258,44.0
2020-07-09,2.26,2.26,2.244,2.249,27.0
2020-07-10,2.24,2.246,2.235,2.237,97.0
2020-07-13,2.229,2.244,2.219,2.221,324.0
2020-07-14,2.238,2.244,2.236,2.236,126.0
2020-07-15,2.249,2.253,2.241,2.247,21.0
2020-07-16,2.26,2.26,2.257,2.257,34.0
2020-07-17,2.265,2.265,2.254,2.254,17.0
2020-07-20,2.25,2.251,2.241,2.251,116.0
2020-07-21,2.255,2.258,2.254,2.258,621.0
2020-07-22,2.25,2.262,2.249,2.262,22.0
2020-07-23,2.258,2.262,2.258,2.262,30.0
2020-07-24,2.259,2.275,2.258,2.275,76.0
2020-07-27,2.291,2.295,2.282,2.295,171.0
2020-07-28,2.308,2.315,2.306,2.314,78.0
2020-07-29,2.305,2.337,2.305,2.337,125.0
2020-07-30,2.332,2.333,2.318,2.321,333.0
2020-07-31,2.319,2.329,2.319,2.321,38.0
2020-08-03,2.341,2.349,2.334,2.344,54.0
2020-08-04,2.344,2.348,2.323,2.338,182.0
2020-08-05,2.338,2.338,2.33,2.338,714.0
2020-08-06,2.34,2.341,2.334,2.338,219.0
2020-08-07,2.337,2.342,2.325,2.334,383.0
2020-08-10,2.323,2.341,2.321,2.341,29.0
2020-08-11,2.353,2.354,2.346,2.353,137.0
2020-08-12,2.348,2.357,2.341,2.357,18.0
2020-08-13,2.349,2.366,2.349,2.363,31.0
2020-08-14,2.382,2.386,2.379,2.386,155.0
2020-08-17,2.388,2.403,2.385,2.403,88.0
2020-08-18,2.413,2.418,2.407,2.416,57.0
2020-08-19,2.425,2.428,2.425,2.428,21.0
2020-08-20,2.429,2.43,2.419,2.43,121.0
2020-08-21,2.425,2.433,2.415,2.433,435.0
2020-08-24,2.43,2.439,2.428,2.434,83.0
2020-08-25,2.434,2.446,2.424,2.426,108.0
2020-08-26,2.433,2.444,2.413,2.434,292.0
2020-08-27,2.44,2.44,2.42,2.429,330.0
2020-08-28,2.427,2.434,2.411,2.418,76.0
2020-08-31,2.41,2.412,2.403,2.406,407.0
2020-09-01,2.415,2.415,2.398,2.406,241.0
2020-09-02,2.41,2.41,2.401,2.408,43.0
2020-09-03,2.412,2.415,2.41,2.412,126.0
2020-09-04,2.418,2.418,2.41,2.411,23.0
2020-09-08,2.407,2.425,2.407,2.425,123.0
2020-09-09,2.425,2.426,2.412,2.426,37.0
2020-09-10,2.419,2.423,2.415,2.422,51.0
2020-09-11,2.423,2.433,2.42,2.42,90.0
2020-09-14,2.429,2.429,2.42,2.427,374.0
2020-09-15,2.425,2.437,2.419,2.437,386.0
2020-09-16,2.437,2.437,2.42,2.426,138.0
2020-09-17,2.415,2.42,2.405,2.418,708.0
2020-09-18,2.419,2.422,2.415,2.419,63.0
2020-09-21,2.42,2.424,2.414,2.42,136.0
2020-09-22,2.419,2.424,2.415,2.423,102.0
2020-09-23,2.421,2.432,2.419,2.432,589.0
2020-09-24,2.431,2.438,2.423,2.438,702.0
2020-09-25,2.42,2.428,2.409,2.42,362.0
2020-09-28,2.419,2.43,2.41,2.428,485.0
2020-09-29,2.415,2.415,2.395,2.405,703.0
2020-09-30,2.395,2.409,2.389,2.396,160.0
2020-10-01,2.406,2.406,2.381,2.393,125.0
2020-10-02,2.379,2.392,2.373,2.392,567.0
2020-10-05,2.399,2.413,2.389,2.408,815.0
2020-10-06,2.409,2.411,2.386,2.394,294.0
2020-10-07,2.398,2.406,2.395,2.406,434.0
2020-10-08,2.396,2.409,2.396,2.409,581.0
2020-10-09,2.407,2.415,2.403,2.412,971.0
2020-10-12,2.425,2.425,2.396,2.413,259.0
2020-10-13,2.41,2.44,2.405,2.417,710.0
2020-10-14,2.405,2.423,2.405,2.423,306.0
2020-10-15,2.429,2.451,2.426,2.451,1091.0
2020-10-16,2.447,2.475,2.441,2.473,1375.0
2020-10-19,2.476,2.479,2.461,2.474,918.0
2020-10-20,2.485,2.485,2.473,2.482,2724.0
2020-10-21,2.488,2.5,2.483,2.499,1285.0
2020-10-22,2.5,2.502,2.49,2.497,462.0
2020-10-23,2.48,2.502,2.473,2.496,662.0
2020-10-26,2.523,2.523,2.5,2.52,502.0
2020-10-27,2.526,2.533,2.513,2.529,830.0
2020-10-28,2.53,2.532,2.52,2.531,1017.0
2020-10-29,2.531,2.536,2.517,2.532,329.0
2020-10-30,2.537,2.559,2.532,2.554,815.0
2020-11-02,2.597,2.598,2.543,2.547,747.0
2020-11-03,2.57,2.57,2.52,2.531,740.0
2020-11-04,2.53,2.534,2.515,2.523,991.0
2020-11-05,2.535,2.551,2.52,2.535,851.0
2020-11-06,2.541,2.595,2.52,2.531,823.0
2020-11-09,2.541,2.544,2.51,2.521,184.0
2020-11-10,2.535,2.535,2.52,2.53,683.0
2020-11-11,2.525,2.54,2.517,2.54,695.0
2020-11-12,2.53,2.539,2.527,2.538,1121.0
2020-11-13,2.548,2.56,2.532,2.532,722.0
2020-11-16,2.52,2.52,2.502,2.515,1697.0
2020-11-17,2.518,2.525,2.509,2.515,1295.0
2020-11-18,2.52,2.535,2.51,2.517,1518.0
2020-11-19,2.507,2.507,2.467,2.481,2582.0
2020-11-20,2.494,2.495,2.441,2.454,657.0
2020-11-23,2.459,2.459,2.431,2.452,844.0
2020-11-24,2.466,2.47,2.457,2.469,848.0
2020-11-25,2.475,2.484,2.462,2.477,1142.0
2020-11-27,2.481,2.481,2.459,2.47,166.0
2020-11-30,2.48,2.49,2.463,2.467,1117.0
2020-12-01,2.48,2.489,2.465,2.469,653.0
2020-12-02,2.473,2.474,2.435,2.459,352.0
2020-12-03,2.435,2.437,2.363,2.379,2205.0
2020-12-04,2.37,2.417,2.37,2.412,1452.0
2020-12-07,2.39,2.39,2.349,2.358,1885.0
2020-12-08,2.355,2.38,2.342,2.356,559.0
2020-12-09,2.385,2.396,2.373,2.387,803.0
2020-12-10,2.405,2.423,2.389,2.397,2259.0
2020-12-11,2.399,2.41,2.396,2.407,301.0
2020-12-14,2.43,2.444,2.419,2.431,949.0
2020-12-15,2.409,2.431,2.409,2.427,516.0
2020-12-16,2.425,2.438,2.421,2.438,247.0
2020-12-17,2.447,2.447,2.417,2.436,510.0
2020-12-18,2.448,2.45,2.438,2.444,642.0
2020-12-21,2.45,2.459,2.443,2.453,561.0
2020-12-22,2.471,2.481,2.459,2.461,871.0
2020-12-23,2.467,2.467,2.413,2.419,1059.0
2020-12-24,2.412,2.415,2.393,2.396,534.0
2020-12-28,2.383,2.383,2.275,2.328,1298.0
2020-12-29,2.315,2.366,2.315,2.36,742.0
2020-12-30,2.38,2.385,2.356,2.364,344.0
2020-12-31,2.386,2.393,2.377,2.384,437.0
2021-01-04,2.435,2.44,2.41,2.412,1321.0
2021-01-05,2.44,2.455,2.435,2.447,2177.0
2021-01-06,2.431,2.464,2.43,2.454,1948.0
2021-01-07,2.475,2.475,2.43,2.448,1756.0
2021-01-08,2.45,2.458,2.417,2.448,1047.0
2021-01-11,2.437,2.449,2.426,2.447,4051.0
2021-01-12,2.457,2.473,2.45,2.468,1556.0
2021-01-13,2.47,2.501,2.46,2.501,3179.0
2021-01-14,2.519,2.519,2.487,2.5,1380.0
2021-01-15,2.526,2.534,2.49,2.494,672.0
2021-01-19,2.49,2.494,2.446,2.46,1532.0
2021-01-20,2.452,2.46,2.439,2.46,2157.0
2021-01-21,2.451,2.454,2.434,2.447,1148.0
2021-01-22,2.43,2.451,2.43,2.445,912.0
2021-01-25,2.475,2.475,2.455,2.465,1273.0
2021-01-26,2.48,2.48,2.455,2.474,803.0
2021-01-27,2.49,2.5,2.475,2.482,1467.0
2021-01-28,2.479,2.479,2.458,2.464,1209.0
2021-01-29,2.467,2.469,2.445,2.446,1952.0
2021-02-01,2.49,2.511,2.475,2.492,3010.0
2021-02-02,2.497,2.52,2.465,2.472,4595.0
2021-02-03,2.468,2.477,2.448,2.463,1075.0
2021-02-04,2.48,2.488,2.463,2.48,4997.0
2021-02-05,2.49,2.506,2.467,2.482,4330.0
2021-02-08,2.5,2.508,2.48,2.508,2686.0
2021-02-09,2.51,2.51,2.478,2.509,2135.0
2021-02-10,2.509,2.522,2.478,2.511,4020.0
2021-02-11,2.525,2.53,2.49,2.509,2943.0
2021-02-12,2.512,2.525,2.482,2.498,2319.0
2021-02-16,2.525,2.533,2.496,2.517,3580.0
2021-02-17,2.52,2.53,2.499,2.512,2862.0
2021-02-18,2.503,2.512,2.48,2.491,2632.0
2021-02-19,2.5,2.522,2.485,2.495,1498.0
2021-02-22,2.5,2.5,2.457,2.491,1389.0
2021-02-23,2.47,2.485,2.465,2.479,1697.0
2021-02-24,2.488,2.488,2.451,2.451,1350.0
2021-02-25,2.457,2.47,2.428,2.435,1019.0
2021-02-26,2.428,2.428,2.4,2.414,1688.0
2021-03-01,2.42,2.439,2.411,2.439,777.0
2021-03-02,2.437,2.466,2.427,2.465,2024.0
2021-03-03,2.466,2.47,2.45,2.468,871.0
2021-03-04,2.457,2.474,2.427,2.472,1976.0
2021-03-05,2.462,2.471,2.443,2.46,1316.0
2021-03-08,2.468,2.468,2.425,2.452,1789.0
2021-03-09,2.45,2.456,2.422,2.453,1651.0
2021-03-10,2.436,2.47,2.436,2.47,1183.0
2021-03-11,2.473,2.479,2.445,2.459,958.0
2021-03-12,2.479,2.479,2.426,2.436,1092.0
2021-03-15,2.41,2.425,2.393,2.395,2099.0
2021-03-16,2.415,2.44,2.403,2.438,1434.0
2021-03-17,2.427,2.435,2.403,2.404,947.0
2021-03-18,2.399,2.402,2.363,2.363,2354.0
2021-03-19,2.381,2.401,2.363,2.39,1011.0
2021-03-22,2.392,2.402,2.382,2.402,1011.0
2021-03-23,2.41,2.415,2.394,2.401,1204.0
2021-03-24,2.41,2.421,2.406,2.413,657.0
2021-03-25,2.415,2.43,2.404,2.425,1930.0
2021-03-26,2.43,2.437,2.423,2.435,738.0
2021-03-29,2.423,2.445,2.423,2.44,1699.0
2021-03-30,2.447,2.45,2.43,2.437,974.0
2021-03-31,2.433,2.443,2.427,2.442,1018.0
2021-04-01,2.439,2.452,2.433,2.448,1486.0
2021-04-05,2.435,2.448,2.416,2.438,4317.0
2021-04-06,2.45,2.463,2.426,2.432,5024.0
2021-04-07,2.453,2.461,2.441,2.453,4250.0
2021-04-08,2.457,2.472,2.453,2.472,4553.0
2021-04-09,2.465,2.479,2.458,2.473,3234.0
2021-04-12,2.488,2.501,2.473,2.49,1992.0
2021-04-13,2.481,2.506,2.472,2.497,986.0
2021-04-14,2.5,2.502,2.48,2.493,1570.0
2021-04-15,2.476,2.499,2.476,2.494,1518.0
2021-04-16,2.495,2.509,2.484,2.493,2688.0
2021-04-19,2.502,2.502,2.49,2.498,1349.0
2021-04-20,2.504,2.506,2.491,2.502,1718.0
2021-04-21,2.505,2.505,2.481,2.494,1215.0
2021-04-22,2.492,2.51,2.475,2.498,3109.0
2021-04-23,2.502,2.506,2.482,2.495,956.0
2021-04-26,2.492,2.504,2.475,2.504,1610.0
2021-04-27,2.517,2.518,2.502,2.511,3936.0
2021-04-28,2.511,2.533,2.511,2.524,2077.0
2021-04-29,2.52,2.528,2.51,2.521,1979.0
2021-04-30,2.511,2.532,2.509,2.521,2523.0
2021-05-03,2.532,2.532,2.515,2.528,2199.0
2021-05-04,2.529,2.545,2.523,2.545,2836.0
2021-05-05,2.549,2.549,2.529,2.546,2068.0
2021-05-06,2.55,2.555,2.535,2.548,2231.0
2021-05-07,2.553,2.56,2.538,2.557,6249.0
2021-05-10,2.559,2.562,2.537,2.558,2368.0
2021-05-11,2.546,2.558,2.544,2.556,4782.0
2021-05-12,2.555,2.557,2.541,2.551,1542.0
2021-05-13,2.553,2.563,2.54,2.555,3795.0
2021-05-14,2.561,2.573,2.557,2.563,2837.0
2021-05-17,2.587,2.601,2.571,2.585,15655.0
2021-05-18,2.592,2.595,2.557,2.579,4187.0
2021-05-19,2.568,2.594,2.548,2.582,3928.0
2021-05-20,2.582,2.592,2.569,2.578,2324.0
2021-05-21,2.588,2.592,2.571,2.576,3715.0
2021-05-24,2.564,2.572,2.548,2.57,3029.0
2021-05-25,2.567,2.584,2.567,2.581,2865.0
2021-05-26,2.587,2.607,2.581,2.606,2921.0
2021-05-27,2.608,2.608,2.571,2.579,3812.0
2021-05-28,2.584,2.605,2.584,2.598,2564.0
2021-06-01,2.608,2.676,2.605,2.65,12611.0
2021-06-02,2.629,2.654,2.628,2.652,7066.0
2021-06-03,2.655,2.666,2.639,2.666,4528.0
2021-06-04,2.669,2.709,2.649,2.704,5643.0
2021-06-07,2.7,2.715,2.683,2.715,4776.0
2021-06-08,2.708,2.731,2.706,2.716,16277.0
2021-06-09,2.708,2.723,2.697,2.707,9956.0
2021-06-10,2.71,2.713,2.688,2.703,6149.0
2021-06-11,2.7,2.751,2.696,2.748,13642.0
2021-06-14,2.751,2.774,2.743,2.772,6885.0
2021-06-15,2.766,2.798,2.738,2.754,10421.0
2021-06-16,2.743,2.78,2.735,2.77,3454.0
2021-06-17,2.776,2.779,2.746,2.775,5269.0
2021-06-18,2.762,2.772,2.746,2.762,4750.0
2021-06-21,2.754,2.759,2.735,2.75,5939.0
2021-06-22,2.747,2.789,2.745,2.786,4705.0
2021-06-23,2.785,2.818,2.781,2.804,10856.0
2021-06-24,2.798,2.842,2.787,2.841,7444.0
2021-06-25,2.842,2.877,2.839,2.876,9981.0
2021-06-28,2.891,2.933,2.866,2.906,8916.0
2021-06-29,2.894,2.949,2.894,2.909,32180.0
2021-06-30,2.907,2.939,2.897,2.917,15004.0
2021-07-01,2.932,2.932,2.848,2.876,10568.0
2021-07-02,2.879,2.904,2.86,2.897,6210.0
2021-07-06,2.9,2.947,2.878,2.914,8400.0
2021-07-07,2.905,2.938,2.875,2.922,7695.0
2021-07-08,2.905,2.924,2.886,2.923,7877.0
2021-07-09,2.916,2.94,2.904,2.93,5778.0
2021-07-12,2.922,2.961,2.921,2.959,5182.0
2021-07-13,2.957,2.963,2.93,2.94,3106.0
2021-07-14,2.944,2.958,2.912,2.935,8755.0
2021-07-15,2.926,2.939,2.909,2.931,5006.0
2021-07-16,2.937,2.953,2.927,2.941,3102.0
2021-07-19,2.942,2.971,2.94,2.966,3261.0
2021-07-20,2.962,3.033,2.949,3.014,5372.0
2021-07-21,3.035,3.083,3.032,3.064,7204.0
2021-07-22,3.052,3.098,3.046,3.092,6868.0
2021-07-23,3.108,3.114,3.093,3.111,6310.0
2021-07-26,3.109,3.171,3.106,3.138,3972.0
2021-07-27,3.138,3.146,3.101,3.108,4275.0
2021-07-28,3.106,3.163,3.086,3.147,6176.0
2021-07-29,3.128,3.205,3.128,3.202,4958.0
2021-07-30,3.185,3.2,3.145,3.188,6048.0
2021-08-02,3.201,3.234,3.201,3.223,5698.0
2021-08-03,3.223,3.25,3.215,3.244,10049.0
2021-08-04,3.239,3.295,3.232,3.285,10557.0
2021-08-05,3.28,3.315,3.267,3.275,8063.0
2021-08-06,3.273,3.308,3.257,3.291,10777.0
2021-08-09,3.291,3.305,3.24,3.27,10631.0
2021-08-10,3.255,3.302,3.254,3.296,10565.0
2021-08-11,3.305,3.316,3.243,3.309,11367.0
2021-08-12,3.305,3.325,3.254,3.275,12953.0
2021-08-13,3.269,3.269,3.213,3.222,9295.0
2021-08-16,3.216,3.274,3.202,3.243,4315.0
2021-08-17,3.245,3.251,3.186,3.207,4269.0
2021-08-18,3.199,3.237,3.179,3.22,3257.0
2021-08-19,3.2,3.203,3.146,3.188,6250.0
2021-08-20,3.189,3.223,3.18,3.201,3641.0
2021-08-23,3.205,3.245,3.195,3.24,3678.0
2021-08-24,3.233,3.255,3.23,3.245,3292.0
2021-08-25,3.24,3.268,3.225,3.251,6496.0
2021-08-26,3.256,3.326,3.25,3.316,18413.0
2021-08-27,3.32,3.392,3.31,3.379,19529.0
2021-08-30,3.397,3.428,3.289,3.33,13643.0
2021-08-31,3.333,3.39,3.296,3.373,9231.0
2021-09-01,3.401,3.49,3.374,3.442,15910.0
2021-09-02,3.438,3.486,3.425,3.472,11681.0
2021-09-03,3.459,3.521,3.458,3.521,12030.0
2021-09-07,3.519,3.537,3.466,3.522,13550.0
2021-09-08,3.526,3.651,3.522,3.641,25896.0
2021-09-09,3.636,3.72,3.599,3.717,16340.0
2021-09-10,3.713,3.758,3.707,3.742,14696.0
2021-09-13,3.744,3.862,3.744,3.814,19812.0
2021-09-14,3.79,3.861,3.779,3.81,20740.0
2021-09-15,3.831,3.901,3.732,3.768,26429.0
2021-09-16,3.735,3.775,3.644,3.689,14386.0
2021-09-17,3.685,3.693,3.54,3.576,13904.0
2021-09-20,3.54,3.598,3.51,3.548,12939.0
2021-09-21,3.528,3.608,3.503,3.556,18164.0
2021-09-22,3.557,3.592,3.538,3.578,9871.0
2021-09-23,3.559,3.736,3.559,3.693,16724.0
2021-09-24,3.739,3.799,3.7,3.775,5655.0
2021-09-27,3.805,3.944,3.795,3.938,19964.0
2021-09-28,3.93,4.076,3.812,3.844,26871.0
2021-09-29,3.864,3.89,3.708,3.73,17144.0
2021-09-30,3.7,3.868,3.699,3.824,17586.0
2021-10-01,3.842,3.881,3.765,3.787,11243.0
2021-10-04,3.81,3.943,3.809,3.88,14756.0
2021-10-05,3.921,4.026,3.901,4.006,16605.0
2021-10-06,3.996,4.048,3.817,3.841,17914.0
2021-10-07,3.885,3.897,3.695,3.832,17813.0
2021-10-08,3.882,3.922,3.827,3.854,18627.0
2021-10-11,3.915,3.948,3.768,3.82,17915.0
2021-10-12,3.858,3.908,3.777,3.891,20205.0
2021-10-13,3.869,4.067,3.85,3.977,18404.0
2021-10-14,4.057,4.14,3.992,4.023,11773.0
2021-10-15,3.999,4.062,3.95,4.008,18979.0
2021-10-18,3.982,4.013,3.855,3.871,18929.0
2021-10-19,3.87,3.885,3.785,3.872,13808.0
2021-10-20,3.854,3.906,3.811,3.867,10617.0
2021-10-21,3.876,3.94,3.865,3.926,9762.0
2021-10-22,3.926,3.994,3.884,3.904,6372.0
2021-10-25,3.985,4.103,3.975,4.08,23329.0
2021-10-26,4.076,4.163,3.98,4.082,17867.0
2021-10-27,4.075,4.137,4.009,4.119,22008.0
2021-10-28,4.1,4.104,3.962,4.037,16167.0
2021-10-29,4.0,4.096,3.946,3.955,19849.0
2021-11-01,3.938,3.999,3.763,3.799,20193.0
2021-11-02,3.779,3.962,3.777,3.955,14643.0
2021-11-03,3.95,4.019,3.894,3.969,54477.0
2021-11-04,4.0,4.023,3.91,4.014,14099.0
2021-11-05,3.999,4.037,3.967,3.996,18516.0
2021-11-08,4.011,4.056,3.945,3.983,18627.0
2021-11-09,3.984,4.0,3.783,3.886,31024.0
2021-11-10,3.899,3.935,3.764,3.9,17969.0
2021-11-11,3.93,4.032,3.914,4.024,22034.0
2021-11-12,4.007,4.007,3.886,3.929,11570.0
2021-11-15,3.962,4.003,3.897,3.973,12404.0
2021-11-16,3.985,4.11,3.973,3.987,17568.0
2021-11-17,3.989,4.021,3.917,3.923,13126.0
2021-11-18,3.977,4.003,3.929,3.953,8121.0
2021-11-19,3.939,4.049,3.939,4.004,12031.0
2021-11-22,3.975,3.989,3.853,3.94,12767.0
2021-11-23,3.945,4.086,3.932,4.065,9949.0
2021-11-24,4.067,4.16,4.041,4.156,16451.0
2021-11-26,4.157,4.292,4.12,4.285,17293.0
2021-11-29,4.175,4.237,4.028,4.064,22882.0
2021-11-30,4.069,4.069,3.857,3.9,27318.0
2021-12-01,3.942,3.942,3.738,3.756,26502.0
2021-12-02,3.79,3.819,3.647,3.653,31641.0
2021-12-03,3.679,3.808,3.67,3.727,23164.0
2021-12-06,3.588,3.638,3.417,3.447,39827.0
2021-12-07,3.474,3.581,3.444,3.505,23405.0
2021-12-08,3.535,3.65,3.531,3.583,19600.0
2021-12-09,3.6,3.687,3.516,3.638,20928.0
2021-12-10,3.596,3.747,3.587,3.725,14591.0
2021-12-13,3.733,3.853,3.618,3.639,23936.0
2021-12-14,3.651,3.675,3.538,3.567,17221.0
2021-12-15,3.6,3.707,3.591,3.614,14371.0
2021-12-16,3.65,3.754,3.555,3.573,19758.0
2021-12-17,3.595,3.614,3.465,3.505,14101.0
2021-12-20,3.489,3.659,3.487,3.619,17349.0
2021-12-21,3.6,3.668,3.506,3.64,15182.0
2021-12-22,3.646,3.74,3.599,3.649,17606.0
2021-12-23,3.662,3.675,3.421,3.5,10683.0
2021-12-27,3.607,3.743,3.5,3.724,14573.0
2021-12-28,3.709,3.78,3.642,3.702,11908.0
2021-12-29,3.722,3.852,3.624,3.667,27153.0
2021-12-30,3.661,3.731,3.412,3.431,19096.0
2021-12-31,3.468,3.59,3.441,3.525,22710.0
2022-01-03,3.523,3.678,3.499,3.653,22444.0
2022-01-04,3.656,3.743,3.567,3.575,26250.0
2022-01-05,3.597,3.711,3.592,3.683,22248.0
2022-01-06,3.672,3.715,3.628,3.645,21003.0
2022-01-07,3.689,3.762,3.644,3.685,31709.0
2022-01-10,3.825,3.894,3.735,3.787,27719.0
2022-01-11,3.809,3.902,3.752,3.893,27462.0
2022-01-12,3.873,4.161,3.864,4.132,46687.0
2022-01-13,4.137,4.142,3.933,3.958,45443.0
2022-01-14,3.951,4.043,3.899,4.03,30799.0
2022-01-18,4.076,4.126,3.972,4.008,27217.0
2022-01-19,4.049,4.066,3.854,3.865,34682.0
2022-01-20,3.848,3.873,3.667,3.693,39501.0
2022-01-21,3.713,3.822,3.707,3.777,28540.0
2022-01-24,3.718,3.903,3.717,3.876,20523.0
2022-01-25,3.819,3.939,3.782,3.92,25884.0
2022-01-26,3.918,4.173,3.888,4.044,30210.0
2022-01-27,4.024,4.313,4.004,4.233,49836.0
2022-01-28,4.247,4.627,4.213,4.485,81398.0
2022-01-31,4.627,4.792,4.542,4.66,53643.0
2022-02-01,4.683,4.712,4.479,4.578,40089.0
2022-02-02,4.675,5.048,4.665,5.038,103979.0
2022-02-03,4.972,4.992,4.626,4.725,44258.0
2022-02-04,4.752,4.862,4.429,4.511,57448.0
2022-02-07,4.377,4.428,4.128,4.221,87803.0
2022-02-08,4.255,4.365,4.183,4.245,82587.0
2022-02-09,4.214,4.25,3.987,4.009,92760.0
2022-02-10,4.024,4.059,3.9,3.977,73023.0
2022-02-11,3.955,4.073,3.909,3.97,82025.0
2022-02-14,4.09,4.212,4.054,4.189,53054.0
2022-02-15,4.173,4.357,4.158,4.267,52397.0
2022-02-16,4.329,4.601,4.303,4.582,56831.0
2022-02-17,4.542,4.65,4.368,4.455,39815.0
2022-02-18,4.472,4.604,4.333,4.398,39040.0
2022-02-22,4.51,4.751,4.434,4.483,54411.0
2022-02-23,4.495,4.704,4.458,4.605,49087.0
2022-02-24,4.606,4.953,4.573,4.656,76856.0
2022-02-25,4.591,4.724,4.435,4.485,48170.0
2022-02-28,4.63,4.7,4.392,4.42,51665.0
2022-03-01,4.425,4.649,4.361,4.598,61824.0
2022-03-02,4.631,4.928,4.63,4.787,80453.0
2022-03-03,4.813,4.949,4.653,4.736,86528.0
2022-03-04,4.763,5.06,4.758,5.036,59636.0
2022-03-07,5.057,5.199,4.809,4.858,71582.0
2022-03-08,4.848,4.909,4.541,4.563,87816.0
2022-03-09,4.615,4.664,4.488,4.561,52782.0
2022-03-10,4.561,4.707,4.538,4.669,54147.0
2022-03-11,4.696,4.837,4.666,4.766,51221.0
2022-03-14,4.749,4.797,4.555,4.702,40009.0
2022-03-15,4.722,4.722,4.509,4.617,55853.0
2022-03-16,4.685,4.812,4.645,4.784,58601.0
2022-03-17,4.805,5.031,4.724,5.021,60968.0
2022-03-18,4.969,4.989,4.849,4.902,46838.0
2022-03-21,4.927,5.008,4.791,4.934,46284.0
2022-03-22,4.983,5.244,4.907,5.227,86517.0
2022-03-23,5.184,5.364,5.135,5.274,63052.0
2022-03-24,5.158,5.508,5.114,5.446,99248.0
2022-03-25,5.469,5.617,5.386,5.611,84023.0
2022-03-28,5.595,5.707,5.452,5.538,105607.0
2022-03-29,5.5,5.527,5.316,5.33,111300.0
2022-03-30,5.329,5.624,5.27,5.605,117845.0
2022-03-31,5.575,5.832,5.454,5.642,159717.0
2022-04-01,5.627,5.778,5.505,5.72,178521.0
2022-04-04,5.745,5.857,5.65,5.712,137180.0
2022-04-05,5.782,6.201,5.771,6.032,158216.0
2022-04-06,6.078,6.394,6.0,6.029,166720.0
2022-04-07,6.116,6.44,6.0,6.359,199510.0
2022-04-08,6.411,6.538,6.257,6.278,188342.0
2022-04-11,6.394,6.722,6.247,6.643,177957.0
2022-04-12,6.705,6.947,6.6,6.68,234248.0
2022-04-13,6.704,7.091,6.652,6.997,210551.0
2022-04-14,7.046,7.346,6.95,7.3,214218.0
2022-04-18,7.367,8.065,7.365,7.82,191084.0
2022-04-19,7.776,7.939,6.954,7.176,236995.0
2022-04-20,7.253,7.41,6.791,6.937,157958.0
2022-04-21,6.825,7.146,6.703,6.957,145263.0
2022-04-22,6.938,7.08,6.438,6.534,80599.0
2022-04-25,6.414,6.966,6.345,6.669,32516.0
2022-04-26,6.836,7.05,6.662,6.85,41407.0
2022-04-27,6.858,7.344,6.8,7.267,2630.0
