DATETIME,OPEN,HIGH,LOW,FINAL,VOLUME
2012-11-29,6.094,6.094,6.094,6.094,0.0
2012-11-30,6.075,6.075,6.075,6.075,0.0
2012-12-03,6.109,6.109,6.109,6.109,0.0
2012-12-04,6.084,6.084,6.084,6.084,0.0
2012-12-05,6.114,6.114,6.114,6.114,0.0
2012-12-06,6.106,6.106,6.106,6.106,0.0
2012-12-07,6.083,6.083,6.083,6.083,0.0
2012-12-10,6.105,6.105,6.105,6.105,0.0
2012-12-11,6.078,6.078,6.078,6.078,0.0
2012-12-12,6.072,6.072,6.072,6.072,0.0
2012-12-13,6.079,6.079,6.079,6.079,0.0
2012-12-14,6.075,6.075,6.075,6.075,0.0
2012-12-17,6.13,6.13,6.13,6.13,0.0
2012-12-18,6.267,6.267,6.267,6.267,0.0
2012-12-19,6.237,6.237,6.237,6.237,0.0
2012-12-20,6.303,6.303,6.303,6.303,0.0
2012-12-21,6.285,6.285,6.285,6.285,0.0
2012-12-24,6.248,6.248,6.248,6.248,0.0
2012-12-26,6.268,6.268,6.268,6.268,0.0
2012-12-27,6.251,6.251,6.251,6.251,0.0
2012-12-28,6.246,6.246,6.246,6.246,0.0
2012-12-31,6.205,6.205,6.205,6.205,0.0
2013-01-02,6.169,6.169,6.169,6.169,0.0
2013-01-03,6.164,6.164,6.164,6.164,0.0
2013-01-04,6.222,6.222,6.222,6.222,0.0
2013-01-07,6.203,6.203,6.203,6.203,0.0
2013-01-08,6.181,6.181,6.181,6.181,0.0
2013-01-09,6.161,6.161,6.161,6.161,0.0
2013-01-10,6.173,6.173,6.173,6.173,0.0
2013-01-11,6.134,6.134,6.134,6.134,0.0
2013-01-14,6.121,6.121,6.121,6.121,0.0
2013-01-15,6.131,6.131,6.131,6.131,0.0
2013-01-16,6.131,6.131,6.131,6.131,0.0
2013-01-17,6.12,6.12,6.12,6.12,0.0
2013-01-18,6.151,6.151,6.151,6.151,0.0
2013-01-22,6.145,6.145,6.145,6.145,0.0
2013-01-23,6.18,6.18,6.18,6.18,0.0
2013-01-24,6.151,6.151,6.151,6.151,0.0
2013-01-25,6.171,6.171,6.171,6.171,0.0
2013-01-28,6.111,6.111,6.111,6.111,0.0
2013-01-29,6.082,6.082,6.082,6.082,0.0
2013-01-30,6.106,6.106,6.106,6.106,0.0
2013-01-31,6.097,6.097,6.097,6.097,0.0
2013-02-01,6.054,6.054,6.054,6.054,0.0
2013-02-04,6.074,6.074,6.074,6.074,0.0
2013-02-05,6.076,6.076,6.076,6.076,0.0
2013-02-06,6.071,6.071,6.071,6.071,0.0
2013-02-07,6.047,6.047,6.047,6.047,0.0
2013-02-08,6.092,6.092,6.092,6.092,0.0
2013-02-11,6.102,6.102,6.102,6.102,0.0
2013-02-12,6.119,6.119,6.119,6.119,0.0
2013-02-13,6.148,6.148,6.148,6.148,0.0
2013-02-14,6.124,6.124,6.124,6.124,0.0
2013-02-15,6.105,6.105,6.105,6.105,0.0
2013-02-19,6.146,6.146,6.146,6.146,0.0
2013-02-20,6.124,6.124,6.124,6.124,0.0
2013-02-21,6.097,6.097,6.097,6.097,0.0
2013-02-22,6.094,6.094,6.094,6.094,0.0
2013-02-25,6.095,6.095,6.095,6.095,0.0
2013-02-26,6.099,6.099,6.099,6.099,0.0
2013-02-27,6.092,6.092,6.092,6.092,0.0
2013-02-28,6.113,6.113,6.113,6.113,0.0
2013-03-01,6.134,6.134,6.134,6.134,0.0
2013-03-04,6.175,6.175,6.175,6.175,0.0
2013-03-05,6.163,6.163,6.163,6.163,0.0
2013-03-06,6.133,6.133,6.133,6.133,0.0
2013-03-07,6.167,6.167,6.167,6.167,0.0
2013-03-08,6.163,6.163,6.163,6.163,0.0
2013-03-11,6.156,6.156,6.156,6.156,0.0
2013-03-12,6.126,6.126,6.126,6.126,0.0
2013-03-13,6.137,6.137,6.137,6.137,0.0
2013-03-14,6.129,6.129,6.129,6.129,0.0
2013-03-15,6.132,6.132,6.132,6.132,0.0
2013-03-18,6.117,6.117,6.117,6.117,0.0
2013-03-19,6.142,6.142,6.142,6.142,0.0
2013-03-20,6.136,6.136,6.136,6.136,0.0
2013-03-21,6.073,6.073,6.073,6.073,0.0
2013-03-22,6.065,6.065,6.065,6.065,0.0
2013-03-25,6.031,6.031,6.031,6.031,0.0
2013-03-26,6.043,6.043,6.043,6.043,0.0
2013-03-27,5.978,5.978,5.978,5.978,0.0
2013-03-28,5.895,5.895,5.895,5.895,0.0
2013-04-01,5.884,5.884,5.884,5.884,0.0
2013-04-02,5.828,5.828,5.828,5.828,0.0
2013-04-03,5.898,5.898,5.898,5.898,0.0
2013-04-04,5.91,5.91,5.91,5.91,0.0
2013-04-05,5.887,5.887,5.887,5.887,0.0
2013-04-08,5.798,5.798,5.798,5.798,0.0
2013-04-09,5.628,5.628,5.628,5.628,0.0
2013-04-10,5.572,5.572,5.572,5.572,0.0
2013-04-11,5.651,5.651,5.651,5.651,0.0
2013-04-12,5.805,5.805,5.805,5.805,0.0
2013-04-15,5.816,5.816,5.816,5.816,0.0
2013-04-16,5.897,5.897,5.897,5.897,0.0
2013-04-17,5.901,5.901,5.901,5.901,0.0
2013-04-18,5.891,5.891,5.891,5.891,0.0
2013-04-19,5.89,5.89,5.89,5.89,0.0
2013-04-22,5.883,5.883,5.883,5.883,0.0
2013-04-23,5.871,5.871,5.871,5.871,0.0
2013-04-24,5.736,5.736,5.736,5.736,0.0
2013-04-25,5.752,5.752,5.752,5.752,0.0
2013-04-26,5.754,5.754,5.754,5.754,0.0
2013-04-29,5.767,5.767,5.767,5.767,0.0
2013-04-30,5.768,5.768,5.768,5.768,0.0
2013-05-01,5.753,5.753,5.753,5.753,0.0
2013-05-02,5.761,5.761,5.761,5.761,0.0
2013-05-03,5.824,5.824,5.824,5.824,0.0
2013-05-06,5.875,5.875,5.875,5.875,0.0
2013-05-07,5.874,5.874,5.874,5.874,0.0
2013-05-08,5.858,5.858,5.858,5.858,0.0
2013-05-09,5.82,5.82,5.82,5.82,0.0
2013-05-10,5.782,5.782,5.782,5.782,0.0
2013-05-13,5.792,5.792,5.792,5.792,0.0
2013-05-14,5.823,5.823,5.823,5.823,0.0
2013-05-15,5.805,5.805,5.805,5.805,0.0
2013-05-16,5.802,5.802,5.802,5.802,0.0
2013-05-17,5.962,5.962,5.962,5.962,0.0
2013-05-20,6.144,6.144,6.144,6.144,0.0
2013-05-21,6.216,6.216,6.216,6.216,0.0
2013-05-22,6.341,6.341,6.341,6.341,0.0
2013-05-23,6.309,6.309,6.309,6.309,0.0
2013-05-24,6.3,6.3,6.3,6.3,0.0
2013-05-28,6.289,6.289,6.289,6.289,0.0
2013-05-29,6.28,6.28,6.28,6.28,0.0
2013-05-30,6.24,6.24,6.24,6.24,0.0
2013-05-31,6.282,6.282,6.282,6.282,0.0
2013-06-03,6.297,6.297,6.297,6.297,0.0
2013-06-04,6.279,6.279,6.279,6.279,0.0
2013-06-05,6.251,6.251,6.251,6.251,0.0
2013-06-06,6.196,6.196,6.196,6.196,0.0
2013-06-07,6.222,6.222,6.222,6.222,0.0
2013-06-10,6.206,6.206,6.206,6.206,0.0
2013-06-11,6.131,6.131,6.131,6.131,0.0
2013-06-12,6.09,6.09,6.09,6.09,0.0
2013-06-13,6.094,6.094,6.094,6.094,0.0
2013-06-14,6.08,6.08,6.08,6.08,0.0
2013-06-17,6.116,6.116,6.116,6.116,0.0
2013-06-18,6.173,6.173,6.173,6.173,0.0
2013-06-19,6.14,6.14,6.14,6.14,0.0
2013-06-20,6.121,6.121,6.121,6.121,0.0
2013-06-21,6.207,6.207,6.207,6.207,0.0
2013-06-24,6.333,6.333,6.333,6.333,0.0
2013-06-25,6.405,6.405,6.405,6.405,0.0
2013-06-26,6.452,6.452,6.452,6.452,0.0
2013-06-27,6.391,6.391,6.391,6.391,0.0
2013-06-28,6.423,6.423,6.423,6.423,0.0
2013-07-01,6.358,6.358,6.358,6.358,0.0
2013-07-02,6.393,6.393,6.393,6.393,0.0
2013-07-03,6.415,6.415,6.415,6.415,0.0
2013-07-05,6.374,6.374,6.374,6.374,0.0
2013-07-08,6.421,6.421,6.421,6.421,0.0
2013-07-09,6.338,6.338,6.338,6.338,0.0
2013-07-10,6.324,6.324,6.324,6.324,0.0
2013-07-11,6.322,6.322,6.322,6.322,0.0
2013-07-12,6.322,6.322,6.322,6.322,0.0
2013-07-15,6.343,6.343,6.343,6.343,0.0
2013-07-16,6.342,6.342,6.342,6.342,0.0
2013-07-17,6.344,6.344,6.344,6.344,0.0
2013-07-18,6.294,6.294,6.294,6.294,0.0
2013-07-19,6.248,6.248,6.248,6.248,0.0
2013-07-22,6.248,6.248,6.248,6.248,0.0
2013-07-23,6.217,6.217,6.217,6.217,0.0
2013-07-24,6.236,6.236,6.236,6.236,0.0
2013-07-25,6.261,6.261,6.261,6.261,0.0
2013-07-26,6.19,6.19,6.19,6.19,0.0
2013-07-29,6.19,6.19,6.19,6.19,0.0
2013-07-30,6.157,6.157,6.157,6.157,0.0
2013-07-31,6.175,6.175,6.175,6.175,0.0
2013-08-01,6.151,6.151,6.151,6.151,0.0
2013-08-02,6.136,6.136,6.136,6.136,0.0
2013-08-05,6.111,6.111,6.111,6.111,0.0
2013-08-06,6.094,6.094,6.094,6.094,0.0
2013-08-07,6.122,6.122,6.122,6.122,0.0
2013-08-08,6.079,6.079,6.079,6.079,0.0
2013-08-09,6.049,6.049,6.049,6.049,0.0
2013-08-12,5.989,5.989,5.989,5.989,0.0
2013-08-13,5.921,5.921,5.921,5.921,0.0
2013-08-14,5.872,5.872,5.872,5.872,0.0
2013-08-15,5.9,5.9,5.9,5.9,0.0
2013-08-16,5.882,5.882,5.882,5.882,0.0
2013-08-19,5.893,5.893,5.893,5.893,0.0
2013-08-20,5.879,5.879,5.879,5.879,0.0
2013-08-21,5.843,5.843,5.843,5.843,0.0
2013-08-22,5.864,5.864,5.864,5.864,0.0
2013-08-23,5.834,5.834,5.834,5.834,0.0
2013-08-26,5.786,5.786,5.786,5.786,0.0
2013-08-27,5.712,5.712,5.712,5.712,0.0
2013-08-28,5.711,5.711,5.711,5.711,0.0
2013-08-29,5.721,5.721,5.721,5.721,0.0
2013-08-30,5.733,5.733,5.733,5.733,0.0
2013-09-03,5.742,5.742,5.742,5.742,0.0
2013-09-04,5.709,5.709,5.709,5.709,0.0
2013-09-05,5.685,5.685,5.685,5.685,0.0
2013-09-06,5.685,5.685,5.685,5.685,0.0
2013-09-09,5.68,5.68,5.68,5.68,0.0
2013-09-10,5.694,5.694,5.694,5.694,0.0
2013-09-11,5.681,5.681,5.681,5.681,0.0
2013-09-12,5.67,5.67,5.67,5.67,0.0
2013-09-13,5.69,5.69,5.69,5.69,0.0
2013-09-16,5.692,5.692,5.692,5.692,0.0
2013-09-17,5.667,5.667,5.667,5.667,0.0
2013-09-18,5.724,5.724,5.724,5.724,0.0
2013-09-19,5.752,5.752,5.752,5.752,0.0
2013-09-20,5.738,5.738,5.738,5.738,0.0
2013-09-23,5.699,5.699,5.699,5.699,0.0
2013-09-24,5.679,5.679,5.679,5.679,0.0
2013-09-25,5.661,5.661,5.661,5.661,0.0
2013-09-26,5.727,5.727,5.727,5.727,0.0
2013-09-27,5.752,5.752,5.752,5.752,0.0
2013-09-30,5.702,5.702,5.702,5.702,0.0
2013-10-01,5.722,5.722,5.722,5.722,0.0
2013-10-02,5.681,5.681,5.681,5.681,0.0
2013-10-03,5.682,5.682,5.682,5.682,0.0
2013-10-04,5.69,5.69,5.69,5.69,0.0
2013-10-07,5.707,5.707,5.707,5.707,0.0
2013-10-08,5.73,5.73,5.73,5.73,0.0
2013-10-09,5.718,5.718,5.718,5.718,0.0
2013-10-10,5.713,5.713,5.713,5.713,0.0
2013-10-11,5.663,5.663,5.663,5.663,0.0
2013-10-14,5.68,5.68,5.68,5.68,0.0
2013-10-15,5.655,5.655,5.655,5.655,0.0
2013-10-16,5.597,5.597,5.597,5.597,0.0
2013-10-17,5.647,5.647,5.647,5.647,0.0
2013-10-18,5.658,5.658,5.658,5.658,0.0
2013-10-21,5.654,5.654,5.654,5.654,0.0
2013-10-22,5.699,5.699,5.699,5.699,0.0
2013-10-23,5.705,5.705,5.705,5.705,0.0
2013-10-24,5.671,5.671,5.671,5.671,0.0
2013-10-25,5.702,5.702,5.702,5.702,0.0
2013-10-28,5.655,5.655,5.655,5.655,0.0
2013-10-29,5.646,5.646,5.646,5.646,0.0
2013-10-30,5.632,5.632,5.632,5.632,0.0
2013-10-31,5.533,5.533,5.533,5.533,0.0
2013-11-01,5.458,5.458,5.458,5.458,0.0
2013-11-04,5.429,5.429,5.429,5.429,0.0
2013-11-05,5.411,5.411,5.411,5.411,0.0
2013-11-06,5.408,5.408,5.408,5.408,0.0
2013-11-07,5.402,5.402,5.402,5.402,0.0
2013-11-08,5.302,5.302,5.302,5.302,0.0
2013-11-11,5.318,5.318,5.318,5.318,0.0
2013-11-12,5.324,5.324,5.324,5.324,0.0
2013-11-13,5.278,5.278,5.278,5.278,0.0
2013-11-14,5.242,5.242,5.242,5.242,0.0
2013-11-15,5.154,5.154,5.154,5.154,0.0
2013-11-18,5.126,5.126,5.126,5.126,0.0
2013-11-19,5.054,5.054,5.054,5.054,0.0
2013-11-20,5.073,5.073,5.073,5.073,0.0
2013-11-21,5.042,5.042,5.042,5.042,0.0
2013-11-22,5.044,5.044,5.044,5.044,0.0
2013-11-25,5.055,5.055,5.055,5.055,0.0
2013-11-26,5.036,5.036,5.036,5.036,0.0
2013-11-27,5.038,5.038,5.038,5.038,0.0
2013-11-29,5.028,5.028,5.028,5.028,0.0
2013-12-02,5.118,5.118,5.118,5.118,0.0
2013-12-03,5.232,5.232,5.232,5.232,0.0
2013-12-04,5.331,5.331,5.331,5.331,0.0
2013-12-05,5.31,5.31,5.31,5.31,0.0
2013-12-06,5.286,5.286,5.286,5.286,0.0
2013-12-09,5.174,5.174,5.174,5.174,0.0
2013-12-10,5.141,5.141,5.141,5.141,0.0
2013-12-11,5.068,5.068,5.068,5.068,0.0
2013-12-12,4.924,4.924,4.924,4.924,0.0
2013-12-13,4.926,4.926,4.926,4.926,0.0
2013-12-16,4.929,4.929,4.929,4.929,0.0
2013-12-17,4.893,4.893,4.893,4.893,0.0
2013-12-18,4.86,4.86,4.86,4.86,0.0
2013-12-19,4.874,4.874,4.874,4.874,0.0
2013-12-20,4.834,4.834,4.834,4.834,0.0
2013-12-23,4.819,4.819,4.819,4.819,0.0
2013-12-24,4.846,4.846,4.846,4.846,0.0
2013-12-26,4.843,4.843,4.843,4.843,0.0
2013-12-27,4.855,4.855,4.855,4.855,0.0
2013-12-30,4.845,4.845,4.845,4.845,0.0
2013-12-31,4.715,4.715,4.715,4.715,0.0
2014-01-02,4.73,4.73,4.73,4.73,0.0
2014-01-03,4.756,4.756,4.756,4.756,0.0
2014-01-06,4.762,4.762,4.762,4.762,0.0
2014-01-07,4.78,4.78,4.78,4.78,0.0
2014-01-08,4.8,4.8,4.8,4.8,0.0
2014-01-09,4.746,4.746,4.746,4.746,0.0
2014-01-10,4.864,4.864,4.864,4.864,0.0
2014-01-13,4.781,4.781,4.781,4.781,0.0
2014-01-14,4.775,4.775,4.775,4.775,0.0
2014-01-15,4.761,4.761,4.761,4.761,0.0
2014-01-16,4.756,4.756,4.756,4.756,0.0
2014-01-17,4.746,4.746,4.746,4.746,0.0
2014-01-21,4.794,4.794,4.794,4.794,0.0
2014-01-22,4.794,4.794,4.794,4.794,0.0
2014-01-23,4.788,4.788,4.788,4.788,0.0
2014-01-24,4.79,4.79,4.79,4.79,0.0
2014-01-27,4.829,4.829,4.829,4.829,0.0
2014-01-28,4.815,4.815,4.815,4.815,0.0
2014-01-29,4.809,4.809,4.809,4.809,0.0
2014-01-30,4.861,4.861,4.861,4.861,0.0
2014-01-31,4.858,4.858,4.858,4.858,0.0
2014-02-03,4.897,4.897,4.897,4.897,0.0
2014-02-04,4.863,4.863,4.863,4.863,0.0
2014-02-05,4.828,4.828,4.828,4.828,0.0
2014-02-06,4.773,4.773,4.773,4.773,0.0
2014-02-07,4.787,4.787,4.787,4.787,0.0
2014-02-10,4.752,4.752,4.752,4.752,0.0
2014-02-11,4.57,4.57,4.57,4.57,0.0
2014-02-12,4.576,4.576,4.576,4.576,0.0
2014-02-13,4.562,4.562,4.562,4.562,0.0
2014-02-14,4.477,4.477,4.477,4.477,0.0
2014-02-18,4.478,4.478,4.478,4.478,0.0
2014-02-19,4.508,4.508,4.508,4.508,0.0
2014-02-20,4.573,4.573,4.573,4.573,0.0
2014-02-21,4.595,4.595,4.595,4.595,0.0
2014-02-24,4.635,4.635,4.635,4.635,0.0
2014-02-25,4.643,4.643,4.643,4.643,0.0
2014-02-26,4.605,4.605,4.605,4.605,0.0
2014-02-27,4.552,4.552,4.552,4.552,0.0
2014-02-28,4.522,4.522,4.522,4.522,0.0
2014-03-03,4.52,4.52,4.52,4.52,0.0
2014-03-04,4.548,4.548,4.548,4.548,0.0
2014-03-05,4.573,4.573,4.573,4.573,0.0
2014-03-06,4.773,4.773,4.773,4.773,0.0
2014-03-07,4.735,4.735,4.735,4.735,0.0
2014-03-10,4.745,4.745,4.745,4.745,0.0
2014-03-11,4.686,4.686,4.686,4.686,0.0
2014-03-12,4.736,4.736,4.736,4.736,0.0
2014-03-13,4.86,4.86,4.86,4.86,0.0
2014-03-14,5.015,5.015,5.015,5.015,0.0
2014-03-17,4.997,4.997,4.997,4.997,0.0
2014-03-18,4.947,4.947,4.947,4.947,0.0
2014-03-19,4.983,4.983,4.983,4.983,0.0
2014-03-20,5.074,5.074,5.074,5.074,0.0
2014-03-21,5.064,5.064,5.064,5.064,0.0
2014-03-24,5.089,5.089,5.089,5.089,0.0
2014-03-25,5.114,5.114,5.114,5.114,0.0
2014-03-26,5.133,5.133,5.133,5.133,0.0
2014-03-27,5.13,5.13,5.13,5.13,0.0
2014-03-28,5.11,5.11,5.11,5.11,0.0
2014-03-31,5.11,5.11,5.11,5.11,0.0
2014-04-01,5.069,5.069,5.069,5.069,0.0
2014-04-02,5.082,5.082,5.082,5.082,0.0
2014-04-03,5.159,5.159,5.159,5.159,0.0
2014-04-04,5.173,5.173,5.173,5.173,0.0
2014-04-07,5.193,5.193,5.193,5.193,0.0
2014-04-08,5.187,5.187,5.187,5.187,0.0
2014-04-09,5.242,5.242,5.242,5.242,0.0
2014-04-10,5.278,5.278,5.278,5.278,0.0
2014-04-11,5.281,5.281,5.281,5.281,0.0
2014-04-14,5.279,5.279,5.279,5.279,0.0
2014-04-15,5.322,5.322,5.322,5.322,0.0
2014-04-16,5.327,5.327,5.327,5.327,0.0
2014-04-17,5.338,5.338,5.338,5.338,0.0
2014-04-21,5.299,5.299,5.299,5.299,0.0
2014-04-22,5.32,5.32,5.32,5.32,0.0
2014-04-23,5.313,5.313,5.313,5.313,0.0
2014-04-24,5.352,5.352,5.352,5.352,0.0
2014-04-25,5.341,5.341,5.341,5.341,0.0
2014-04-28,5.349,5.349,5.349,5.349,0.0
2014-04-29,5.399,5.399,5.399,5.399,0.0
2014-04-30,5.405,5.405,5.405,5.405,0.0
2014-05-01,5.409,5.409,5.409,5.409,0.0
2014-05-02,5.397,5.397,5.397,5.397,0.0
2014-05-05,5.386,5.386,5.386,5.386,0.0
2014-05-06,5.402,5.402,5.402,5.402,0.0
2014-05-07,5.407,5.407,5.407,5.407,0.0
2014-05-08,5.417,5.417,5.417,5.417,0.0
2014-05-09,5.457,5.457,5.457,5.457,0.0
2014-05-12,5.427,5.427,5.427,5.427,0.0
2014-05-13,5.441,5.441,5.441,5.441,0.0
2014-05-14,5.459,5.459,5.459,5.459,0.0
2014-05-15,5.405,5.405,5.405,5.405,0.0
2014-05-16,5.365,5.365,5.365,5.365,0.0
2014-05-19,5.366,5.366,5.366,5.366,0.0
2014-05-20,5.351,5.351,5.351,5.351,0.0
2014-05-21,5.356,5.356,5.356,5.356,0.0
2014-05-22,5.334,5.334,5.334,5.334,0.0
2014-05-23,5.354,5.354,5.354,5.354,0.0
2014-05-27,5.367,5.367,5.367,5.367,0.0
2014-05-28,5.331,5.331,5.331,5.331,0.0
2014-05-29,5.334,5.334,5.334,5.334,0.0
2014-05-30,5.33,5.33,5.33,5.33,0.0
2014-06-02,5.365,5.365,5.365,5.365,0.0
2014-06-03,5.342,5.342,5.342,5.342,0.0
2014-06-04,5.337,5.337,5.337,5.337,0.0
2014-06-05,5.355,5.355,5.355,5.355,0.0
2014-06-06,5.371,5.371,5.371,5.371,0.0
2014-06-09,5.357,5.357,5.357,5.357,0.0
2014-06-10,5.4,5.4,5.4,5.4,0.0
2014-06-11,5.386,5.386,5.386,5.386,0.0
2014-06-12,5.381,5.381,5.381,5.381,0.0
2014-06-13,5.41,5.41,5.41,5.41,0.0
2014-06-16,5.409,5.409,5.409,5.409,0.0
2014-06-17,5.449,5.449,5.449,5.449,0.0
2014-06-18,5.463,5.463,5.463,5.463,0.0
2014-06-19,5.485,5.485,5.485,5.485,0.0
2014-06-20,5.445,5.445,5.445,5.445,0.0
2014-06-23,5.433,5.433,5.433,5.433,0.0
2014-06-24,5.429,5.429,5.429,5.429,0.0
2014-06-25,5.438,5.438,5.438,5.438,0.0
2014-06-26,5.352,5.352,5.352,5.352,0.0
2014-06-27,5.35,5.35,5.35,5.35,0.0
2014-06-30,5.369,5.369,5.369,5.369,0.0
2014-07-01,5.377,5.377,5.377,5.377,0.0
2014-07-02,5.352,5.352,5.352,5.352,0.0
2014-07-03,5.347,5.347,5.347,5.347,0.0
2014-07-07,5.321,5.321,5.321,5.321,0.0
2014-07-08,5.297,5.297,5.297,5.297,0.0
2014-07-09,5.263,5.263,5.263,5.263,0.0
2014-07-10,5.21,5.21,5.21,5.21,0.0
2014-07-11,5.204,5.204,5.204,5.204,0.0
2014-07-14,5.167,5.167,5.167,5.167,0.0
2014-07-15,5.152,5.152,5.152,5.152,0.0
2014-07-16,5.167,5.167,5.167,5.167,0.0
2014-07-17,5.158,5.158,5.158,5.158,0.0
2014-07-18,5.185,5.185,5.185,5.185,0.0
2014-07-21,5.166,5.166,5.166,5.166,0.0
2014-07-22,5.12,5.12,5.12,5.12,0.0
2014-07-23,5.096,5.096,5.096,5.096,0.0
2014-07-24,5.077,5.077,5.077,5.077,0.0
2014-07-25,5.072,5.072,5.072,5.072,0.0
2014-07-28,5.059,5.059,5.059,5.059,0.0
2014-07-29,4.978,4.978,4.978,4.978,0.0
2014-07-30,5.005,5.005,5.005,5.005,0.0
2014-07-31,5.031,5.031,5.031,5.031,0.0
2014-08-01,5.059,5.059,5.059,5.059,0.0
2014-08-04,5.054,5.054,5.054,5.054,0.0
2014-08-05,4.958,4.958,4.958,4.958,0.0
2014-08-06,4.917,4.917,4.917,4.917,0.0
2014-08-07,4.931,4.931,4.931,4.931,0.0
2014-08-08,4.922,4.922,4.922,4.922,0.0
2014-08-11,4.877,4.877,4.877,4.877,0.0
2014-08-12,4.859,4.859,4.859,4.859,0.0
2014-08-13,4.844,4.844,4.844,4.844,0.0
2014-08-14,4.855,4.855,4.855,4.855,0.0
2014-08-15,4.82,4.82,4.82,4.82,0.0
2014-08-18,4.821,4.821,4.821,4.821,0.0
2014-08-19,4.818,4.818,4.818,4.818,0.0
2014-08-20,4.798,4.798,4.798,4.798,0.0
2014-08-21,4.823,4.823,4.823,4.823,0.0
2014-08-22,4.838,4.838,4.838,4.838,0.0
2014-08-25,4.846,4.846,4.846,4.846,0.0
2014-08-26,4.843,4.843,4.843,4.843,0.0
2014-08-27,4.858,4.858,4.858,4.858,0.0
2014-08-28,4.89,4.89,4.89,4.89,0.0
2014-08-29,4.882,4.882,4.882,4.882,0.0
2014-09-02,4.86,4.86,4.86,4.86,0.0
2014-09-03,4.882,4.882,4.882,4.882,0.0
2014-09-04,4.916,4.916,4.916,4.916,0.0
2014-09-05,4.913,4.913,4.913,4.913,0.0
2014-09-08,4.903,4.903,4.903,4.903,0.0
2014-09-09,4.886,4.886,4.886,4.886,0.0
2014-09-10,4.894,4.894,4.894,4.894,0.0
2014-09-11,4.913,4.913,4.913,4.913,0.0
2014-09-12,4.887,4.887,4.887,4.887,0.0
2014-09-15,4.865,4.865,4.865,4.865,0.0
2014-09-16,4.87,4.87,4.87,4.87,0.0
2014-09-17,4.859,4.859,4.859,4.859,0.0
2014-09-18,4.805,4.805,4.805,4.805,0.0
2014-09-19,4.8,4.8,4.8,4.8,0.0
2014-09-22,4.785,4.785,4.785,4.785,0.0
2014-09-23,4.795,4.795,4.795,4.795,0.0
2014-09-24,4.791,4.791,4.791,4.791,0.0
2014-09-25,4.79,4.79,4.79,4.79,0.0
2014-09-26,4.77,4.77,4.77,4.77,0.0
2014-09-29,4.781,4.781,4.781,4.781,0.0
2014-09-30,4.821,4.821,4.821,4.821,0.0
2014-10-01,4.767,4.767,4.767,4.767,0.0
2014-10-02,4.802,4.802,4.802,4.802,0.0
2014-10-03,4.779,4.779,4.779,4.779,0.0
2014-10-06,4.779,4.779,4.779,4.779,0.0
2014-10-07,4.782,4.782,4.782,4.782,0.0
2014-10-08,4.782,4.782,4.782,4.782,0.0
2014-10-09,4.797,4.797,4.797,4.797,0.0
2014-10-10,4.794,4.794,4.794,4.794,0.0
2014-10-13,4.804,4.804,4.804,4.804,0.0
2014-10-14,4.794,4.794,4.794,4.794,0.0
2014-10-15,4.779,4.779,4.779,4.779,0.0
2014-10-16,4.759,4.759,4.759,4.759,0.0
2014-10-17,4.794,4.794,4.794,4.794,0.0
2014-10-20,4.781,4.781,4.781,4.781,0.0
2014-10-21,4.776,4.776,4.776,4.776,0.0
2014-10-22,4.762,4.762,4.762,4.762,0.0
2014-10-23,4.761,4.761,4.761,4.761,0.0
2014-10-24,4.738,4.738,4.738,4.738,0.0
2014-10-27,4.725,4.725,4.725,4.725,0.0
2014-10-28,4.71,4.71,4.71,4.71,0.0
2014-10-29,4.715,4.715,4.715,4.715,0.0
2014-10-30,4.708,4.708,4.708,4.708,0.0
2014-10-31,4.723,4.723,4.723,4.723,0.0
2014-11-03,4.719,4.719,4.719,4.719,0.0
2014-11-04,4.714,4.714,4.714,4.714,0.0
2014-11-05,4.685,4.685,4.685,4.685,0.0
2014-11-06,4.672,4.672,4.672,4.672,0.0
2014-11-07,4.669,4.669,4.669,4.669,0.0
2014-11-10,4.663,4.663,4.663,4.663,0.0
2014-11-11,4.678,4.678,4.678,4.678,0.0
2014-11-12,4.699,4.699,4.699,4.699,0.0
2014-11-13,4.679,4.679,4.679,4.679,0.0
2014-11-14,4.705,4.705,4.705,4.705,0.0
2014-11-17,4.708,4.708,4.708,4.708,0.0
2014-11-18,4.683,4.683,4.683,4.683,0.0
2014-11-19,4.664,4.664,4.664,4.664,0.0
2014-11-20,4.659,4.659,4.659,4.659,0.0
2014-11-21,4.632,4.632,4.632,4.632,0.0
2014-11-24,4.686,4.686,4.686,4.686,0.0
2014-11-25,4.685,4.685,4.685,4.685,0.0
2014-11-26,4.678,4.678,4.678,4.678,0.0
2014-11-28,4.696,4.696,4.696,4.696,0.0
2014-12-01,4.757,4.757,4.757,4.757,0.0
2014-12-02,4.753,4.753,4.753,4.753,0.0
2014-12-03,4.762,4.762,4.762,4.762,0.0
2014-12-04,4.765,4.765,4.765,4.765,0.0
2014-12-05,4.786,4.786,4.786,4.786,0.0
2014-12-08,4.802,4.802,4.802,4.802,0.0
2014-12-09,4.832,4.832,4.832,4.832,0.0
2014-12-10,4.814,4.814,4.814,4.814,0.0
2014-12-11,4.791,4.791,4.791,4.791,0.0
2014-12-12,4.774,4.774,4.774,4.774,0.0
2014-12-15,4.761,4.761,4.761,4.761,0.0
2014-12-16,4.711,4.711,4.711,4.711,0.0
2014-12-17,4.736,4.736,4.736,4.736,0.0
2014-12-18,4.717,4.717,4.717,4.717,0.0
2014-12-19,4.638,4.638,4.638,4.638,0.0
2014-12-22,4.639,4.639,4.639,4.639,0.0
2014-12-23,4.607,4.607,4.607,4.607,0.0
2014-12-24,4.601,4.601,4.601,4.601,0.0
2014-12-26,4.598,4.598,4.598,4.598,0.0
2014-12-29,4.596,4.596,4.596,4.596,0.0
2014-12-30,4.578,4.578,4.578,4.578,0.0
2014-12-31,4.549,4.549,4.549,4.549,0.0
2015-01-02,4.533,4.533,4.533,4.533,0.0
2015-01-05,4.533,4.533,4.533,4.533,0.0
2015-01-06,4.492,4.492,4.492,4.492,0.0
2015-01-07,4.432,4.432,4.432,4.432,0.0
2015-01-08,4.412,4.412,4.412,4.412,0.0
2015-01-09,4.4,4.4,4.4,4.4,0.0
2015-01-12,4.31,4.31,4.31,4.31,0.0
2015-01-13,4.282,4.282,4.282,4.282,0.0
2015-01-14,4.207,4.207,4.207,4.207,0.0
2015-01-15,4.157,4.157,4.157,4.157,0.0
2015-01-16,4.165,4.165,4.165,4.165,0.0
2015-01-20,4.157,4.157,4.157,4.157,0.0
2015-01-21,4.161,4.161,4.161,4.161,0.0
2015-01-22,4.141,4.141,4.141,4.141,0.0
2015-01-23,4.141,4.141,4.141,4.141,0.0
2015-01-26,4.159,4.159,4.159,4.159,0.0
2015-01-27,4.153,4.153,4.153,4.153,0.0
2015-01-28,4.183,4.183,4.183,4.183,0.0
2015-01-29,4.166,4.166,4.166,4.166,0.0
2015-01-30,4.173,4.173,4.173,4.173,0.0
2015-02-02,4.136,4.136,4.136,4.136,0.0
2015-02-03,4.152,4.152,4.152,4.152,0.0
2015-02-04,4.171,4.171,4.171,4.171,0.0
2015-02-05,4.076,4.076,4.076,4.076,0.0
2015-02-06,4.135,4.135,4.135,4.135,0.0
2015-02-09,4.165,4.165,4.165,4.165,0.0
2015-02-10,4.186,4.186,4.186,4.186,0.0
2015-02-11,4.169,4.169,4.169,4.169,0.0
2015-02-12,4.17,4.17,4.17,4.17,0.0
2015-02-13,4.205,4.205,4.205,4.205,0.0
2015-02-17,4.15,4.15,4.15,4.15,0.0
2015-02-18,4.178,4.178,4.178,4.178,0.0
2015-02-19,4.152,4.152,4.152,4.152,0.0
2015-02-20,4.157,4.157,4.157,4.157,0.0
2015-02-23,4.129,4.129,4.129,4.129,0.0
2015-02-24,4.156,4.156,4.156,4.156,0.0
2015-02-25,4.162,4.162,4.162,4.162,0.0
2015-02-26,4.132,4.132,4.132,4.132,0.0
2015-02-27,4.133,4.133,4.133,4.133,0.0
2015-03-02,4.109,4.109,4.109,4.109,0.0
2015-03-03,4.118,4.118,4.118,4.118,0.0
2015-03-04,4.125,4.125,4.125,4.125,0.0
2015-03-05,4.084,4.084,4.084,4.084,0.0
2015-03-06,4.084,4.084,4.084,4.084,0.0
2015-03-09,4.059,4.059,4.059,4.059,0.0
2015-03-10,4.057,4.057,4.057,4.057,0.0
2015-03-11,4.05,4.05,4.05,4.05,0.0
2015-03-12,4.019,4.019,4.019,4.019,0.0
2015-03-13,4.015,4.015,4.015,4.015,0.0
2015-03-16,4.028,4.028,4.028,4.028,0.0
2015-03-17,4.009,4.009,4.009,4.009,0.0
2015-03-18,4.041,4.041,4.041,4.041,0.0
2015-03-19,4.047,4.047,4.047,4.047,0.0
2015-03-20,4.04,4.04,4.04,4.04,0.0
2015-03-23,4.041,4.041,4.041,4.041,0.0
2015-03-24,4.061,4.061,4.061,4.061,0.0
2015-03-25,4.048,4.048,4.048,4.048,0.0
2015-03-26,4.039,4.039,4.039,4.039,0.0
2015-03-27,4.014,4.014,4.014,4.014,0.0
2015-03-30,4.002,4.002,4.002,4.002,0.0
2015-03-31,4.014,4.014,4.014,4.014,0.0
2015-04-01,4.008,4.008,4.008,4.008,0.0
2015-04-02,4.062,4.062,4.062,4.062,0.0
2015-04-06,4.077,4.077,4.077,4.077,0.0
2015-04-07,4.117,4.117,4.117,4.117,0.0
2015-04-08,4.125,4.125,4.125,4.125,0.0
2015-04-09,4.118,4.118,4.118,4.118,0.0
2015-04-10,4.113,4.113,4.113,4.113,0.0
2015-04-13,4.103,4.103,4.103,4.103,0.0
2015-04-14,4.098,4.098,4.098,4.098,0.0
2015-04-15,4.103,4.103,4.103,4.103,0.0
2015-04-16,4.123,4.123,4.123,4.123,0.0
2015-04-17,4.095,4.095,4.095,4.095,0.0
2015-04-20,4.096,4.096,4.096,4.096,0.0
2015-04-21,4.099,4.099,4.099,4.099,0.0
2015-04-22,4.086,4.086,4.086,4.086,0.0
2015-04-23,4.044,4.044,4.044,4.044,0.0
2015-04-24,4.042,4.042,4.042,4.042,0.0
2015-04-27,4.022,4.022,4.022,4.022,0.0
2015-04-28,4.014,4.014,4.014,4.014,0.0
2015-04-29,4.019,4.019,4.019,4.019,0.0
2015-04-30,4.014,4.014,4.014,4.014,0.0
2015-05-01,4.004,4.004,4.004,4.004,0.0
2015-05-04,3.967,3.967,3.967,3.967,0.0
2015-05-05,3.978,3.978,3.978,3.978,0.0
2015-05-06,3.986,3.986,3.986,3.986,0.0
2015-05-07,3.983,3.983,3.983,3.983,0.0
2015-05-08,3.99,3.99,3.99,3.99,0.0
2015-05-11,3.977,3.977,3.977,3.977,0.0
2015-05-12,3.964,3.964,3.964,3.964,0.0
2015-05-13,3.973,3.973,3.973,3.973,0.0
2015-05-14,3.984,3.984,3.984,3.984,0.0
2015-05-15,3.984,3.984,3.984,3.984,0.0
2015-05-18,3.982,3.982,3.982,3.982,0.0
2015-05-19,3.967,3.967,3.967,3.967,0.0
2015-05-20,3.985,3.985,3.985,3.985,0.0
2015-05-21,3.984,3.984,3.984,3.984,0.0
2015-05-22,3.972,3.972,3.972,3.972,0.0
2015-05-26,3.973,3.973,3.973,3.973,0.0
2015-05-27,3.968,3.968,3.968,3.968,0.0
2015-05-28,3.96,3.96,3.96,3.96,0.0
2015-05-29,3.95,3.95,3.95,3.95,0.0
2015-06-01,3.952,3.952,3.952,3.952,0.0
2015-06-02,3.949,3.949,3.949,3.949,0.0
2015-06-03,3.95,3.95,3.95,3.95,0.0
2015-06-04,3.904,3.904,3.904,3.904,0.0
2015-06-05,3.865,3.865,3.865,3.865,0.0
2015-06-08,3.873,3.873,3.873,3.873,0.0
2015-06-09,3.85,3.85,3.85,3.85,0.0
2015-06-10,3.847,3.847,3.847,3.847,0.0
2015-06-11,3.888,3.888,3.888,3.888,0.0
2015-06-12,3.889,3.889,3.889,3.889,0.0
2015-06-15,3.9,3.9,3.9,3.9,0.0
2015-06-16,3.925,3.925,3.925,3.925,0.0
2015-06-17,3.918,3.918,3.918,3.918,0.0
2015-06-18,3.9,3.9,3.9,3.9,0.0
2015-06-19,3.905,3.905,3.905,3.905,0.0
2015-06-22,3.888,3.888,3.888,3.888,0.0
2015-06-23,3.887,3.887,3.887,3.887,0.0
2015-06-24,3.889,3.889,3.889,3.889,0.0
2015-06-25,3.89,3.89,3.89,3.89,0.0
2015-06-26,3.893,3.893,3.893,3.893,0.0
2015-06-29,3.876,3.876,3.876,3.876,0.0
2015-06-30,3.888,3.888,3.888,3.888,0.0
2015-07-01,3.899,3.899,3.899,3.899,0.0
2015-07-02,3.903,3.903,3.903,3.903,0.0
2015-07-06,3.875,3.875,3.875,3.875,0.0
2015-07-07,3.879,3.879,3.879,3.879,0.0
2015-07-08,3.898,3.898,3.898,3.898,0.0
2015-07-09,3.922,3.922,3.922,3.922,0.0
2015-07-10,3.917,3.917,3.917,3.917,0.0
2015-07-13,3.917,3.917,3.917,3.917,0.0
2015-07-14,3.959,3.959,3.959,3.959,0.0
2015-07-15,4.01,4.01,4.01,4.01,0.0
2015-07-16,4.017,4.017,4.017,4.017,0.0
2015-07-17,4.024,4.024,4.024,4.024,0.0
2015-07-20,4.017,4.017,4.017,4.017,0.0
2015-07-21,4.016,4.016,4.016,4.016,0.0
2015-07-22,4.012,4.012,4.012,4.012,0.0
2015-07-23,3.992,3.992,3.992,3.992,0.0
2015-07-24,3.998,3.998,3.998,3.998,0.0
2015-07-27,4.019,4.019,4.019,4.019,0.0
2015-07-28,4.018,4.018,4.018,4.018,0.0
2015-07-29,4.012,4.012,4.012,4.012,0.0
2015-07-30,3.991,3.991,3.991,3.991,0.0
2015-07-31,3.949,3.949,3.949,3.949,0.0
2015-08-03,3.93,3.93,3.93,3.93,0.0
2015-08-04,3.885,3.885,3.885,3.885,0.0
2015-08-05,3.884,3.884,3.884,3.884,0.0
2015-08-06,3.85,3.85,3.85,3.85,0.0
2015-08-07,3.824,3.824,3.824,3.824,0.0
2015-08-10,3.822,3.822,3.822,3.822,0.0
2015-08-11,3.734,3.734,3.734,3.734,0.0
2015-08-12,3.704,3.704,3.704,3.704,0.0
2015-08-13,3.754,3.754,3.754,3.754,0.0
2015-08-14,3.77,3.77,3.77,3.77,0.0
2015-08-17,3.775,3.775,3.775,3.775,0.0
2015-08-18,3.81,3.81,3.81,3.81,0.0
2015-08-19,3.766,3.766,3.766,3.766,0.0
2015-08-20,3.751,3.751,3.751,3.751,0.0
2015-08-21,3.716,3.716,3.716,3.716,0.0
2015-08-24,3.67,3.67,3.67,3.67,0.0
2015-08-25,3.667,3.667,3.667,3.667,0.0
2015-08-26,3.673,3.673,3.673,3.673,0.0
2015-08-27,3.68,3.68,3.68,3.68,0.0
2015-08-28,3.707,3.707,3.707,3.707,0.0
2015-08-31,3.704,3.704,3.704,3.704,0.0
2015-09-01,3.715,3.715,3.715,3.715,0.0
2015-09-02,3.717,3.717,3.717,3.717,0.0
2015-09-03,3.724,3.724,3.724,3.724,0.0
2015-09-04,3.714,3.714,3.714,3.714,0.0
2015-09-08,3.72,3.72,3.72,3.72,0.0
2015-09-09,3.738,3.738,3.738,3.738,0.0
2015-09-10,3.733,3.733,3.733,3.733,0.0
2015-09-11,3.696,3.696,3.696,3.696,0.0
2015-09-14,3.706,3.706,3.706,3.706,0.0
2015-09-15,3.696,3.696,3.696,3.696,0.0
2015-09-16,3.674,3.674,3.674,3.674,0.0
2015-09-17,3.644,3.644,3.644,3.644,0.0
2015-09-18,3.638,3.638,3.638,3.638,0.0
2015-09-21,3.626,3.626,3.626,3.626,0.0
2015-09-22,3.613,3.613,3.613,3.613,0.0
2015-09-23,3.623,3.623,3.623,3.623,0.0
2015-09-24,3.66,3.66,3.66,3.66,0.0
2015-09-25,3.625,3.625,3.625,3.625,0.0
2015-09-28,3.622,3.622,3.622,3.622,0.0
2015-09-29,3.596,3.596,3.596,3.596,0.0
2015-09-30,3.569,3.569,3.569,3.569,0.0
2015-10-01,3.554,3.554,3.554,3.554,0.0
2015-10-02,3.564,3.564,3.564,3.564,0.0
2015-10-05,3.565,3.565,3.565,3.565,0.0
2015-10-06,3.602,3.602,3.602,3.602,0.0
2015-10-07,3.602,3.602,3.602,3.602,0.0
2015-10-08,3.597,3.597,3.597,3.597,0.0
2015-10-09,3.595,3.595,3.595,3.595,0.0
2015-10-12,3.6,3.6,3.6,3.6,0.0
2015-10-13,3.602,3.602,3.602,3.602,0.0
2015-10-14,3.605,3.605,3.605,3.605,0.0
2015-10-15,3.592,3.592,3.592,3.592,0.0
2015-10-16,3.6,3.6,3.6,3.6,0.0
2015-10-19,3.602,3.602,3.602,3.602,0.0
2015-10-20,3.611,3.611,3.611,3.611,0.0
2015-10-21,3.594,3.594,3.594,3.594,0.0
2015-10-22,3.589,3.589,3.589,3.589,0.0
2015-10-23,3.55,3.55,3.55,3.55,0.0
2015-10-26,3.521,3.521,3.521,3.521,0.0
2015-10-27,3.495,3.495,3.495,3.495,0.0
2015-10-28,3.494,3.494,3.494,3.494,0.0
2015-10-29,3.494,3.494,3.494,3.494,0.0
2015-10-30,3.543,3.543,3.543,3.543,0.0
2015-11-02,3.52,3.52,3.52,3.52,0.0
2015-11-03,3.53,3.53,3.53,3.53,0.0
2015-11-04,3.532,3.532,3.532,3.532,0.0
2015-11-05,3.534,3.534,3.534,3.534,0.0
2015-11-06,3.532,3.532,3.532,3.532,0.0
2015-11-09,3.526,3.526,3.526,3.526,0.0
2015-11-10,3.519,3.519,3.519,3.519,0.0
2015-11-11,3.507,3.507,3.507,3.507,0.0
2015-11-12,3.492,3.492,3.492,3.492,0.0
2015-11-13,3.519,3.519,3.519,3.519,0.0
2015-11-16,3.528,3.528,3.528,3.528,0.0
2015-11-17,3.531,3.531,3.531,3.531,0.0
2015-11-18,3.464,3.464,3.464,3.464,0.0
2015-11-19,3.424,3.424,3.424,3.424,0.0
2015-11-20,3.393,3.393,3.393,3.393,0.0
2015-11-23,3.411,3.411,3.411,3.411,0.0
2015-11-24,3.417,3.417,3.417,3.417,0.0
2015-11-25,3.43,3.43,3.43,3.43,0.0
2015-11-27,3.412,3.412,3.412,3.412,0.0
2015-11-30,3.425,3.425,3.425,3.425,0.0
2015-12-01,3.435,3.435,3.435,3.435,0.0
2015-12-02,3.463,3.463,3.463,3.463,0.0
2015-12-03,3.466,3.466,3.466,3.466,0.0
2015-12-04,3.464,3.464,3.464,3.464,0.0
2015-12-07,3.447,3.447,3.447,3.447,0.0
2015-12-08,3.467,3.467,3.467,3.467,0.0
2015-12-09,3.488,3.488,3.488,3.488,0.0
2015-12-10,3.509,3.509,3.509,3.509,0.0
2015-12-11,3.505,3.505,3.505,3.505,0.0
2015-12-14,3.491,3.491,3.491,3.491,0.0
2015-12-15,3.481,3.481,3.481,3.481,0.0
2015-12-16,3.506,3.506,3.506,3.506,0.0
2015-12-17,3.531,3.531,3.531,3.531,0.0
2015-12-18,3.509,3.509,3.509,3.509,0.0
2015-12-21,3.486,3.486,3.486,3.486,0.0
2015-12-22,3.496,3.496,3.496,3.496,0.0
2015-12-23,3.489,3.489,3.489,3.489,0.0
2015-12-24,3.489,3.489,3.489,3.489,0.0
2015-12-28,3.535,3.535,3.535,3.535,0.0
2015-12-29,3.52,3.52,3.52,3.52,0.0
2015-12-30,3.511,3.511,3.511,3.511,0.0
2015-12-31,3.512,3.512,3.512,3.512,0.0
2016-01-04,3.492,3.492,3.492,3.492,0.0
2016-01-05,3.466,3.466,3.466,3.466,0.0
2016-01-06,3.463,3.463,3.463,3.463,0.0
2016-01-07,3.484,3.484,3.484,3.484,0.0
2016-01-08,3.462,3.462,3.462,3.462,0.0
2016-01-11,3.436,3.436,3.436,3.436,0.0
2016-01-12,3.392,3.392,3.392,3.392,0.0
2016-01-13,3.412,3.412,3.412,3.412,0.0
2016-01-14,3.427,3.427,3.427,3.427,0.0
2016-01-15,3.411,3.411,3.411,3.411,0.0
2016-01-19,3.413,3.413,3.413,3.413,0.0
2016-01-20,3.401,3.401,3.401,3.401,0.0
2016-01-21,3.409,3.409,3.409,3.409,0.0
2016-01-22,3.404,3.404,3.404,3.404,0.0
2016-01-25,3.402,3.402,3.402,3.402,0.0
2016-01-26,3.386,3.386,3.386,3.386,0.0
2016-01-27,3.391,3.391,3.391,3.391,0.0
2016-01-28,3.435,3.435,3.435,3.435,0.0
2016-01-29,3.417,3.417,3.417,3.417,0.0
2016-02-01,3.376,3.376,3.376,3.376,0.0
2016-02-02,3.316,3.316,3.316,3.316,0.0
2016-02-03,3.338,3.338,3.338,3.338,0.0
2016-02-04,3.341,3.341,3.341,3.341,0.0
2016-02-05,3.339,3.339,3.339,3.339,4.0
2016-02-08,3.282,3.282,3.282,3.282,0.0
2016-02-09,3.257,3.257,3.257,3.257,0.0
2016-02-10,3.222,3.222,3.222,3.222,0.0
2016-02-11,3.18,3.18,3.18,3.18,0.0
2016-02-12,3.152,3.152,3.152,3.152,0.0
2016-02-16,3.122,3.122,3.122,3.122,0.0
2016-02-17,3.112,3.112,3.112,3.112,0.0
2016-02-18,3.081,3.081,3.081,3.081,0.0
2016-02-19,3.061,3.061,3.061,3.061,0.0
2016-02-22,3.0,3.0,3.0,3.0,0.0
2016-02-23,3.016,3.016,3.016,3.016,0.0
2016-02-24,3.046,3.046,3.046,3.046,0.0
2016-02-25,3.042,3.042,3.042,3.042,0.0
2016-02-26,3.047,3.047,3.047,3.047,0.0
2016-02-29,3.098,3.098,3.098,3.098,0.0
2016-03-01,3.123,3.123,3.123,3.123,0.0
2016-03-02,3.111,3.111,3.111,3.111,0.0
2016-03-03,3.119,3.119,3.119,3.119,0.0
2016-03-04,3.118,3.118,3.118,3.118,0.0
2016-03-07,3.125,3.125,3.125,3.125,0.0
2016-03-08,3.131,3.131,3.131,3.131,0.0
2016-03-09,3.179,3.179,3.179,3.179,0.0
2016-03-10,3.187,3.187,3.187,3.187,0.0
2016-03-11,3.201,3.201,3.201,3.201,0.0
2016-03-14,3.194,3.194,3.194,3.194,0.0
2016-03-15,3.191,3.191,3.191,3.191,0.0
2016-03-16,3.197,3.197,3.197,3.197,0.0
2016-03-17,3.202,3.202,3.202,3.202,0.0
2016-03-18,3.192,3.192,3.192,3.192,0.0
2016-03-21,3.19,3.19,3.19,3.19,0.0
2016-03-22,3.213,3.213,3.213,3.213,0.0
2016-03-23,3.233,3.233,3.233,3.233,0.0
2016-03-24,3.288,3.288,3.288,3.288,0.0
2016-03-28,3.348,3.348,3.348,3.348,0.0
2016-03-29,3.377,3.377,3.377,3.377,0.0
2016-03-30,3.378,3.378,3.378,3.378,0.0
2016-03-31,3.394,3.394,3.394,3.394,0.0
2016-04-01,3.39,3.39,3.39,3.39,0.0
2016-04-04,3.378,3.378,3.378,3.378,0.0
2016-04-05,3.386,3.386,3.386,3.386,0.0
2016-04-06,3.42,3.42,3.42,3.42,0.0
2016-04-07,3.425,3.425,3.425,3.425,0.0
2016-04-08,3.44,3.44,3.44,3.44,0.0
2016-04-11,3.43,3.43,3.43,3.43,0.0
2016-04-12,3.431,3.431,3.431,3.431,0.0
2016-04-13,3.435,3.435,3.435,3.435,0.0
2016-04-14,3.434,3.434,3.434,3.434,0.0
2016-04-15,3.405,3.405,3.405,3.405,0.0
2016-04-18,3.397,3.397,3.397,3.397,0.0
2016-04-19,3.389,3.389,3.389,3.389,0.0
2016-04-20,3.389,3.389,3.389,3.389,0.0
2016-04-21,3.418,3.418,3.418,3.418,0.0
2016-04-22,3.41,3.41,3.41,3.41,0.0
2016-04-25,3.424,3.424,3.424,3.424,0.0
2016-04-26,3.472,3.472,3.472,3.472,0.0
2016-04-27,3.49,3.49,3.49,3.49,0.0
2016-04-28,3.483,3.483,3.483,3.483,0.0
2016-04-29,3.481,3.481,3.481,3.481,0.0
2016-05-02,3.461,3.461,3.461,3.461,0.0
2016-05-03,3.459,3.459,3.459,3.459,0.0
2016-05-04,3.468,3.468,3.468,3.468,0.0
2016-05-05,3.499,3.499,3.499,3.499,0.0
2016-05-06,3.497,3.497,3.497,3.497,0.0
2016-05-09,3.485,3.485,3.485,3.485,0.0
2016-05-10,3.463,3.463,3.463,3.463,0.0
2016-05-11,3.449,3.449,3.449,3.449,0.0
2016-05-12,3.434,3.434,3.434,3.434,0.0
2016-05-13,3.432,3.432,3.432,3.432,0.0
2016-05-16,3.437,3.437,3.437,3.437,0.0
2016-05-17,3.421,3.421,3.421,3.421,0.0
2016-05-18,3.407,3.407,3.407,3.407,0.0
2016-05-19,3.424,3.424,3.424,3.424,0.0
2016-05-20,3.412,3.412,3.412,3.412,0.0
2016-05-23,3.409,3.409,3.409,3.409,0.0
2016-05-24,3.413,3.413,3.413,3.413,0.0
2016-05-25,3.447,3.447,3.447,3.447,0.0
2016-05-26,3.478,3.478,3.478,3.478,0.0
2016-05-27,3.488,3.488,3.488,3.488,0.0
2016-05-31,3.492,3.492,3.492,3.492,0.0
2016-06-01,3.486,3.486,3.486,3.486,0.0
2016-06-02,3.476,3.476,3.476,3.476,0.0
2016-06-03,3.467,3.467,3.467,3.467,0.0
2016-06-06,3.461,3.461,3.461,3.461,0.0
2016-06-07,3.485,3.485,3.485,3.485,0.0
2016-06-08,3.478,3.478,3.478,3.478,0.0
2016-06-09,3.471,3.471,3.471,3.471,0.0
2016-06-10,3.45,3.45,3.45,3.45,0.0
2016-06-13,3.411,3.411,3.411,3.411,0.0
2016-06-14,3.389,3.389,3.389,3.389,0.0
2016-06-15,3.389,3.389,3.389,3.389,0.0
2016-06-16,3.39,3.39,3.39,3.39,0.0
2016-06-17,3.37,3.37,3.37,3.37,0.0
2016-06-20,3.361,3.361,3.361,3.361,0.0
2016-06-21,3.353,3.353,3.353,3.353,0.0
2016-06-22,3.36,3.36,3.36,3.36,0.0
2016-06-23,3.373,3.373,3.373,3.373,0.0
2016-06-24,3.391,3.391,3.391,3.391,0.0
2016-06-27,3.358,3.358,3.358,3.358,0.0
2016-06-28,3.4,3.4,3.4,3.4,0.0
2016-06-29,3.401,3.401,3.401,3.401,0.0
2016-06-30,3.415,3.415,3.415,3.415,0.0
2016-07-01,3.416,3.416,3.416,3.416,0.0
2016-07-05,3.414,3.414,3.414,3.414,0.0
2016-07-06,3.436,3.436,3.436,3.436,0.0
2016-07-07,3.434,3.434,3.434,3.434,0.0
2016-07-08,3.426,3.426,3.426,3.426,0.0
2016-07-11,3.422,3.422,3.422,3.422,0.0
2016-07-12,3.408,3.408,3.408,3.408,0.0
2016-07-13,3.427,3.427,3.427,3.427,0.0
2016-07-14,3.427,3.427,3.427,3.427,0.0
2016-07-15,3.413,3.413,3.413,3.413,0.0
2016-07-18,3.401,3.401,3.401,3.401,0.0
2016-07-19,3.391,3.391,3.391,3.391,0.0
2016-07-20,3.38,3.38,3.38,3.38,0.0
2016-07-21,3.385,3.385,3.385,3.385,0.0
2016-07-22,3.389,3.389,3.389,3.389,0.0
2016-07-25,3.395,3.395,3.395,3.395,0.0
2016-07-26,3.393,3.393,3.393,3.393,0.0
2016-07-27,3.386,3.386,3.386,3.386,0.0
2016-07-28,3.399,3.399,3.399,3.399,0.0
2016-07-29,3.395,3.395,3.395,3.395,0.0
2016-08-01,3.389,3.389,3.389,3.389,0.0
2016-08-02,3.393,3.393,3.393,3.393,0.0
2016-08-03,3.4,3.4,3.4,3.4,0.0
2016-08-04,3.415,3.415,3.415,3.415,0.0
2016-08-05,3.417,3.417,3.417,3.417,0.0
2016-08-08,3.416,3.416,3.416,3.416,0.0
2016-08-09,3.415,3.415,3.415,3.415,0.0
2016-08-10,3.396,3.396,3.396,3.396,0.0
2016-08-11,3.385,3.385,3.385,3.385,0.0
2016-08-12,3.382,3.382,3.382,3.382,0.0
2016-08-15,3.376,3.376,3.376,3.376,0.0
2016-08-16,3.382,3.382,3.382,3.382,0.0
2016-08-17,3.42,3.42,3.42,3.42,0.0
2016-08-18,3.414,3.414,3.414,3.414,0.0
2016-08-19,3.422,3.422,3.422,3.422,0.0
2016-08-22,3.422,3.422,3.422,3.422,0.0
2016-08-23,3.445,3.445,3.445,3.445,0.0
2016-08-24,3.469,3.469,3.469,3.469,0.0
2016-08-25,3.419,3.419,3.419,3.419,0.0
2016-08-26,3.391,3.391,3.391,3.391,0.0
2016-08-29,3.376,3.376,3.376,3.376,0.0
2016-08-30,3.368,3.368,3.368,3.368,0.0
2016-08-31,3.387,3.387,3.387,3.387,0.0
2016-09-01,3.355,3.355,3.355,3.355,0.0
2016-09-02,3.344,3.344,3.344,3.344,0.0
2016-09-06,3.345,3.345,3.345,3.345,0.0
2016-09-07,3.321,3.321,3.321,3.321,0.0
2016-09-08,3.318,3.318,3.318,3.318,0.0
2016-09-09,3.29,3.29,3.29,3.29,0.0
2016-09-12,3.292,3.292,3.292,3.292,0.0
2016-09-13,3.268,3.268,3.268,3.268,0.0
2016-09-14,3.285,3.285,3.285,3.285,0.0
2016-09-15,3.282,3.282,3.282,3.282,0.0
2016-09-16,3.258,3.258,3.258,3.258,0.0
2016-09-19,3.236,3.236,3.236,3.236,0.0
2016-09-20,3.246,3.246,3.246,3.246,0.0
2016-09-21,3.25,3.25,3.25,3.25,0.0
2016-09-22,3.222,3.222,3.222,3.222,0.0
2016-09-23,3.231,3.231,3.231,3.231,0.0
2016-09-26,3.25,3.25,3.25,3.25,0.0
2016-09-27,3.222,3.222,3.222,3.222,0.0
2016-09-28,3.196,3.196,3.196,3.196,0.0
2016-09-29,3.155,3.155,3.155,3.155,0.0
2016-09-30,3.151,3.151,3.151,3.151,4.0
2016-10-03,3.149,3.149,3.149,3.149,0.0
2016-10-04,3.123,3.123,3.123,3.123,0.0
2016-10-05,3.156,3.156,3.156,3.156,0.0
2016-10-06,3.156,3.156,3.156,3.156,0.0
2016-10-07,3.169,3.169,3.169,3.169,0.0
2016-10-10,3.16,3.16,3.16,3.16,0.0
2016-10-11,3.242,3.242,3.242,3.242,0.0
2016-10-12,3.206,3.206,3.206,3.206,0.0
2016-10-13,3.216,3.216,3.216,3.216,0.0
2016-10-14,3.213,3.213,3.213,3.213,0.0
2016-10-17,3.22,3.22,3.22,3.22,0.0
2016-10-18,3.224,3.224,3.224,3.224,0.0
2016-10-19,3.216,3.216,3.216,3.216,0.0
2016-10-20,3.212,3.212,3.212,3.212,0.0
2016-10-21,3.211,3.211,3.211,3.211,0.0
2016-10-24,3.206,3.206,3.206,3.206,0.0
2016-10-25,3.196,3.196,3.196,3.196,0.0
2016-10-26,3.204,3.204,3.204,3.204,0.0
2016-10-27,3.216,3.216,3.216,3.216,0.0
2016-10-28,3.216,3.216,3.216,3.216,0.0
2016-10-31,3.209,3.209,3.209,3.209,0.0
2016-11-01,3.207,3.207,3.207,3.207,0.0
2016-11-02,3.187,3.187,3.187,3.187,0.0
2016-11-03,3.189,3.189,3.189,3.189,0.0
2016-11-04,3.167,3.167,3.167,3.167,0.0
2016-11-07,3.172,3.172,3.172,3.172,0.0
2016-11-08,3.167,3.167,3.167,3.167,0.0
2016-11-09,3.159,3.159,3.159,3.159,0.0
2016-11-10,3.155,3.155,3.155,3.155,0.0
2016-11-11,3.155,3.155,3.155,3.155,0.0
2016-11-14,3.136,3.136,3.136,3.136,0.0
2016-11-15,3.106,3.106,3.106,3.106,0.0
2016-11-16,3.116,3.116,3.116,3.116,0.0
2016-11-17,3.124,3.124,3.124,3.124,0.0
2016-11-18,3.134,3.134,3.134,3.134,0.0
2016-11-21,3.113,3.113,3.113,3.113,0.0
2016-11-22,3.085,3.085,3.085,3.085,0.0
2016-11-23,3.073,3.073,3.073,3.073,0.0
2016-11-25,3.072,3.072,3.072,3.072,0.0
2016-11-28,3.04,3.04,3.04,3.04,0.0
2016-11-29,2.994,2.994,2.994,2.994,0.0
2016-11-30,2.973,2.973,2.973,2.973,0.0
2016-12-01,3.019,3.019,3.019,3.019,0.0
2016-12-02,3.01,3.01,3.01,3.01,0.0
2016-12-05,3.005,3.005,3.005,3.005,0.0
2016-12-06,3.0,3.0,3.0,3.0,0.0
2016-12-07,3.02,3.02,3.02,3.02,0.0
2016-12-08,3.054,3.054,3.054,3.054,0.0
2016-12-09,3.024,3.024,3.024,3.024,0.0
2016-12-12,3.008,3.008,3.008,3.008,0.0
2016-12-13,2.99,2.99,2.99,2.99,0.0
2016-12-14,2.957,2.957,2.957,2.957,0.0
2016-12-15,2.967,2.967,2.967,2.967,0.0
2016-12-16,2.963,2.963,2.963,2.963,0.0
2016-12-19,2.971,2.971,2.971,2.971,0.0
2016-12-20,2.955,2.955,2.955,2.955,0.0
2016-12-21,2.964,2.964,2.964,2.964,0.0
2016-12-22,2.93,2.93,2.93,2.93,0.0
2016-12-23,2.925,2.925,2.925,2.925,0.0
2016-12-27,2.935,2.935,2.935,2.935,0.0
2016-12-28,2.95,2.95,2.95,2.95,0.0
2016-12-29,2.957,2.957,2.957,2.957,0.0
2016-12-30,2.96,2.96,2.96,2.96,0.0
2017-01-03,2.946,2.946,2.946,2.946,0.0
2017-01-04,2.946,2.946,2.946,2.946,0.0
2017-01-05,2.962,2.962,2.962,2.962,0.0
2017-01-06,2.959,2.959,2.959,2.959,0.0
2017-01-09,2.942,2.942,2.942,2.942,0.0
2017-01-10,2.962,2.962,2.962,2.962,0.0
2017-01-11,2.936,2.936,2.936,2.936,0.0
2017-01-12,2.942,2.942,2.942,2.942,0.0
2017-01-13,2.914,2.914,2.914,2.914,0.0
2017-01-17,2.916,2.916,2.916,2.916,0.0
2017-01-18,2.92,2.92,2.92,2.92,0.0
2017-01-19,2.929,2.929,2.929,2.929,0.0
2017-01-20,2.941,2.941,2.941,2.941,0.0
2017-01-23,2.942,2.942,2.942,2.942,0.0
2017-01-24,2.929,2.929,2.929,2.929,0.0
2017-01-25,2.92,2.92,2.92,2.92,0.0
2017-01-26,2.923,2.923,2.923,2.923,0.0
2017-01-27,2.91,2.91,2.91,2.91,0.0
2017-01-30,2.919,2.919,2.919,2.919,0.0
2017-01-31,2.92,2.92,2.92,2.92,0.0
2017-02-01,2.91,2.91,2.91,2.91,0.0
2017-02-02,2.913,2.913,2.913,2.913,0.0
2017-02-03,2.896,2.896,2.896,2.896,0.0
2017-02-06,2.892,2.892,2.892,2.892,0.0
2017-02-07,2.908,2.908,2.908,2.908,0.0
2017-02-08,2.914,2.914,2.914,2.914,0.0
2017-02-09,2.909,2.909,2.909,2.909,0.0
2017-02-10,2.889,2.889,2.889,2.889,0.0
2017-02-13,2.876,2.876,2.876,2.876,0.0
2017-02-14,2.861,2.861,2.861,2.861,0.0
2017-02-15,2.863,2.863,2.863,2.863,0.0
2017-02-16,2.877,2.877,2.877,2.877,0.0
2017-02-17,2.878,2.878,2.878,2.878,0.0
2017-02-21,2.861,2.861,2.861,2.861,0.0
2017-02-22,2.866,2.866,2.866,2.866,0.0
2017-02-23,2.869,2.869,2.869,2.869,0.0
2017-02-24,2.85,2.85,2.85,2.85,0.0
2017-02-27,2.853,2.853,2.853,2.853,0.0
2017-02-28,2.857,2.857,2.857,2.857,0.0
2017-03-01,2.874,2.874,2.874,2.874,0.0
2017-03-02,2.873,2.873,2.873,2.873,0.0
2017-03-03,2.886,2.886,2.886,2.886,0.0
2017-03-06,2.882,2.882,2.882,2.882,0.0
2017-03-07,2.879,2.879,2.879,2.879,0.0
2017-03-08,2.874,2.874,2.874,2.874,0.0
2017-03-09,2.867,2.867,2.867,2.867,0.0
2017-03-10,2.861,2.861,2.861,2.861,0.0
2017-03-13,2.855,2.855,2.855,2.855,0.0
2017-03-14,2.854,2.854,2.854,2.854,0.0
2017-03-15,2.861,2.861,2.861,2.861,0.0
2017-03-16,2.887,2.887,2.887,2.887,0.0
2017-03-17,2.885,2.885,2.885,2.885,0.0
2017-03-20,2.893,2.893,2.893,2.893,0.0
2017-03-21,2.898,2.898,2.898,2.898,0.0
2017-03-22,2.894,2.894,2.894,2.894,0.0
2017-03-23,2.897,2.897,2.897,2.897,0.0
2017-03-24,2.871,2.871,2.871,2.871,0.0
2017-03-27,2.867,2.867,2.867,2.867,0.0
2017-03-28,2.848,2.848,2.848,2.848,0.0
2017-03-29,2.869,2.869,2.869,2.869,0.0
2017-03-30,2.865,2.865,2.865,2.865,0.0
2017-03-31,2.857,2.857,2.857,2.857,0.0
2017-04-03,2.864,2.864,2.864,2.864,0.0
2017-04-04,2.859,2.859,2.859,2.859,0.0
2017-04-05,2.892,2.892,2.892,2.892,0.0
2017-04-06,2.871,2.871,2.871,2.871,0.0
2017-04-07,2.876,2.876,2.876,2.876,0.0
2017-04-10,2.876,2.876,2.876,2.876,0.0
2017-04-11,2.903,2.903,2.903,2.903,0.0
2017-04-12,2.915,2.915,2.915,2.915,0.0
2017-04-13,2.936,2.936,2.936,2.936,0.0
2017-04-17,2.934,2.934,2.934,2.934,0.0
2017-04-18,2.967,2.967,2.967,2.967,0.0
2017-04-19,2.977,2.977,2.977,2.977,0.0
2017-04-20,3.011,3.011,3.011,3.011,0.0
2017-04-21,2.988,2.988,2.988,2.988,0.0
2017-04-24,2.972,2.972,2.972,2.972,0.0
2017-04-25,2.977,2.977,2.977,2.977,0.0
2017-04-26,2.983,2.983,2.983,2.983,0.0
2017-04-27,2.971,2.971,2.971,2.971,0.0
2017-04-28,2.98,2.98,2.98,2.98,0.0
2017-05-01,2.948,2.948,2.948,2.948,0.0
2017-05-02,2.949,2.949,2.949,2.949,0.0
2017-05-03,2.968,2.968,2.968,2.968,0.0
2017-05-04,2.994,2.994,2.994,2.994,0.0
2017-05-05,2.994,2.994,2.994,2.994,0.0
2017-05-08,2.971,2.971,2.971,2.971,0.0
2017-05-09,2.974,2.974,2.974,2.974,0.0
2017-05-10,2.969,2.969,2.969,2.969,0.0
2017-05-11,2.967,2.967,2.967,2.967,0.0
2017-05-12,2.971,2.971,2.971,2.971,0.0
2017-05-15,2.959,2.959,2.959,2.959,0.0
2017-05-16,2.976,2.976,2.976,2.976,0.0
2017-05-17,2.988,2.988,2.988,2.988,0.0
2017-05-18,2.975,2.975,2.975,2.975,0.0
2017-05-19,2.968,2.968,2.968,2.968,0.0
2017-05-22,2.97,2.97,2.97,2.97,0.0
2017-05-23,2.969,2.969,2.969,2.969,0.0
2017-05-24,2.97,2.97,2.964,2.964,11.0
2017-05-25,2.963,2.963,2.963,2.963,0.0
2017-05-26,2.951,2.951,2.951,2.951,0.0
2017-05-30,2.945,2.945,2.945,2.945,0.0
2017-05-31,2.937,2.937,2.937,2.937,0.0
2017-06-01,2.94,2.94,2.94,2.94,0.0
2017-06-02,2.93,2.93,2.93,2.93,0.0
2017-06-05,2.916,2.916,2.916,2.916,0.0
2017-06-06,2.892,2.892,2.892,2.892,0.0
2017-06-07,2.903,2.903,2.903,2.903,0.0
2017-06-08,2.918,2.918,2.918,2.918,0.0
2017-06-09,2.915,2.915,2.915,2.915,0.0
2017-06-12,2.917,2.917,2.917,2.917,0.0
2017-06-13,2.925,2.925,2.925,2.925,0.0
2017-06-14,2.917,2.917,2.917,2.917,0.0
2017-06-15,2.939,2.939,2.939,2.939,0.0
2017-06-16,2.932,2.932,2.932,2.932,0.0
2017-06-19,2.937,2.937,2.937,2.937,0.0
2017-06-20,2.965,2.965,2.965,2.965,0.0
2017-06-21,2.973,2.973,2.973,2.973,0.0
2017-06-22,2.975,2.975,2.975,2.975,0.0
2017-06-23,2.969,2.969,2.969,2.969,0.0
2017-06-26,2.953,2.953,2.953,2.953,0.0
2017-06-27,2.946,2.946,2.946,2.946,0.0
2017-06-28,2.938,2.938,2.938,2.938,0.0
2017-06-29,2.939,2.939,2.939,2.939,0.0
2017-06-30,2.952,2.952,2.952,2.952,0.0
2017-07-03,2.947,2.947,2.947,2.947,0.0
2017-07-05,2.911,2.911,2.911,2.911,0.0
2017-07-06,2.893,2.893,2.893,2.893,0.0
2017-07-07,2.888,2.888,2.888,2.888,0.0
2017-07-10,2.888,2.888,2.888,2.888,0.0
2017-07-11,2.891,2.891,2.891,2.891,0.0
2017-07-12,2.88,2.88,2.88,2.88,0.0
2017-07-13,2.894,2.894,2.894,2.894,0.0
2017-07-14,2.898,2.898,2.898,2.898,0.0
2017-07-17,2.903,2.903,2.903,2.903,0.0
2017-07-18,2.915,2.915,2.915,2.915,0.0
2017-07-19,2.9,2.9,2.9,2.9,0.0
2017-07-20,2.887,2.887,2.887,2.887,0.0
2017-07-21,2.873,2.873,2.873,2.873,0.0
2017-07-24,2.825,2.825,2.825,2.825,1.0
2017-07-25,2.83,2.83,2.83,2.83,0.0
2017-07-26,2.808,2.808,2.808,2.808,0.0
2017-07-27,2.808,2.808,2.808,2.808,0.0
2017-07-28,2.83,2.83,2.83,2.83,0.0
2017-07-31,2.817,2.817,2.817,2.817,0.0
2017-08-01,2.837,2.837,2.837,2.837,0.0
2017-08-02,2.845,2.845,2.845,2.845,0.0
2017-08-03,2.86,2.86,2.86,2.86,0.0
2017-08-04,2.853,2.853,2.853,2.853,0.0
2017-08-07,2.852,2.852,2.852,2.852,0.0
2017-08-08,2.856,2.856,2.856,2.856,0.0
2017-08-09,2.85,2.85,2.85,2.85,0.0
2017-08-10,2.851,2.851,2.851,2.851,0.0
2017-08-11,2.855,2.855,2.855,2.855,0.0
2017-08-14,2.859,2.859,2.859,2.859,0.0
2017-08-15,2.849,2.849,2.849,2.849,0.0
2017-08-16,2.839,2.839,2.839,2.839,0.0
2017-08-17,2.841,2.841,2.841,2.841,0.0
2017-08-18,2.841,2.841,2.841,2.841,0.0
2017-08-21,2.829,2.829,2.829,2.829,0.0
2017-08-22,2.825,2.825,2.825,2.825,0.0
2017-08-23,2.827,2.827,2.827,2.827,0.0
2017-08-24,2.789,2.789,2.789,2.789,0.0
2017-08-25,2.776,2.776,2.776,2.776,0.0
2017-08-28,2.789,2.789,2.789,2.789,0.0
2017-08-29,2.784,2.784,2.784,2.784,0.0
2017-08-30,2.788,2.788,2.788,2.788,0.0
2017-08-31,2.801,2.801,2.801,2.801,0.0
2017-09-01,2.807,2.807,2.807,2.807,0.0
2017-09-05,2.803,2.803,2.803,2.803,0.0
2017-09-06,2.793,2.793,2.793,2.793,0.0
2017-09-07,2.821,2.821,2.821,2.821,0.0
2017-09-08,2.827,2.827,2.827,2.827,0.0
2017-09-11,2.838,2.838,2.838,2.838,0.0
2017-09-12,2.847,2.847,2.847,2.847,0.0
2017-09-13,2.833,2.833,2.833,2.833,0.0
2017-09-14,2.85,2.85,2.85,2.85,0.0
2017-09-15,2.855,2.855,2.855,2.855,0.0
2017-09-18,2.876,2.876,2.876,2.876,0.0
2017-09-19,2.856,2.856,2.856,2.856,0.0
2017-09-20,2.857,2.857,2.857,2.857,0.0
2017-09-21,2.852,2.852,2.852,2.852,0.0
2017-09-22,2.866,2.866,2.866,2.866,0.0
2017-09-25,2.851,2.851,2.851,2.851,0.0
2017-09-26,2.862,2.862,2.862,2.862,0.0
2017-09-27,2.875,2.875,2.875,2.875,0.0
2017-09-28,2.872,2.872,2.872,2.872,0.0
2017-09-29,2.865,2.865,2.865,2.865,0.0
2017-10-02,2.875,2.875,2.875,2.875,0.0
2017-10-03,2.876,2.876,2.876,2.876,0.0
2017-10-04,2.877,2.877,2.877,2.877,0.0
2017-10-05,2.878,2.878,2.878,2.878,0.0
2017-10-06,2.868,2.868,2.868,2.868,0.0
2017-10-09,2.878,2.878,2.878,2.878,0.0
2017-10-10,2.868,2.868,2.868,2.868,0.0
2017-10-11,2.866,2.866,2.866,2.866,0.0
2017-10-12,2.885,2.885,2.885,2.885,0.0
2017-10-13,2.883,2.883,2.883,2.883,0.0
2017-10-16,2.903,2.903,2.903,2.903,0.0
2017-10-17,2.909,2.909,2.909,2.909,0.0
2017-10-18,2.916,2.916,2.916,2.916,0.0
2017-10-19,2.929,2.929,2.929,2.929,0.0
2017-10-20,2.944,2.944,2.944,2.944,0.0
2017-10-23,2.924,2.924,2.924,2.924,0.0
2017-10-24,2.923,2.923,2.923,2.923,0.0
2017-10-25,2.924,2.924,2.924,2.924,0.0
2017-10-26,2.916,2.916,2.916,2.916,0.0
2017-10-27,2.899,2.899,2.899,2.899,0.0
2017-10-30,2.919,2.919,2.919,2.919,0.0
2017-10-31,2.912,2.912,2.912,2.912,0.0
2017-11-01,2.916,2.916,2.916,2.916,0.0
2017-11-02,2.902,2.902,2.902,2.902,0.0
2017-11-03,2.897,2.897,2.897,2.897,0.0
2017-11-06,2.893,2.893,2.893,2.893,0.0
2017-11-07,2.892,2.892,2.892,2.892,0.0
2017-11-08,2.893,2.893,2.893,2.893,0.0
2017-11-09,2.906,2.906,2.906,2.906,0.0
2017-11-10,2.892,2.892,2.892,2.892,0.0
2017-11-13,2.889,2.889,2.889,2.889,0.0
2017-11-14,2.897,2.897,2.897,2.897,0.0
2017-11-15,2.894,2.894,2.894,2.894,0.0
2017-11-16,2.9,2.9,2.9,2.9,0.0
2017-11-17,2.905,2.905,2.905,2.905,0.0
2017-11-20,2.899,2.899,2.899,2.899,0.0
2017-11-21,2.901,2.901,2.901,2.901,0.0
2017-11-22,2.888,2.888,2.888,2.888,0.0
2017-11-24,2.889,2.889,2.889,2.889,0.0
2017-11-27,2.891,2.891,2.891,2.891,0.0
2017-11-28,2.896,2.896,2.896,2.896,0.0
2017-11-29,2.913,2.913,2.913,2.913,0.0
2017-11-30,2.901,2.901,2.901,2.901,0.0
2017-12-01,2.888,2.888,2.888,2.888,0.0
2017-12-04,2.858,2.858,2.858,2.858,0.0
2017-12-05,2.853,2.853,2.853,2.853,0.0
2017-12-06,2.846,2.846,2.846,2.846,0.0
2017-12-07,2.85,2.85,2.85,2.85,0.0
2017-12-08,2.853,2.853,2.853,2.853,0.0
2017-12-11,2.85,2.85,2.85,2.85,0.0
2017-12-12,2.847,2.847,2.847,2.847,0.0
2017-12-13,2.859,2.859,2.859,2.859,0.0
2017-12-14,2.868,2.868,2.868,2.868,0.0
2017-12-15,2.874,2.874,2.874,2.874,0.0
2017-12-18,2.895,2.895,2.895,2.895,0.0
2017-12-19,2.897,2.897,2.897,2.897,0.0
2017-12-20,2.883,2.883,2.883,2.883,0.0
2017-12-21,2.9,2.9,2.9,2.9,0.0
2017-12-22,2.923,2.923,2.923,2.923,0.0
2017-12-26,2.924,2.924,2.924,2.924,0.0
2017-12-27,2.903,2.903,2.903,2.903,0.0
2017-12-28,2.895,2.895,2.895,2.895,0.0
2017-12-29,2.902,2.902,2.902,2.902,0.0
2018-01-02,2.895,2.895,2.895,2.895,0.0
2018-01-03,2.897,2.897,2.897,2.897,0.0
2018-01-04,2.899,2.899,2.899,2.899,0.0
2018-01-05,2.884,2.884,2.884,2.884,0.0
2018-01-08,2.894,2.894,2.894,2.894,0.0
2018-01-09,2.873,2.873,2.873,2.873,0.0
2018-01-10,2.891,2.891,2.891,2.891,0.0
2018-01-11,2.896,2.896,2.896,2.896,0.0
2018-01-12,2.887,2.887,2.887,2.887,0.0
2018-01-16,2.872,2.872,2.872,2.872,0.0
2018-01-17,2.866,2.866,2.866,2.866,0.0
2018-01-18,2.864,2.864,2.864,2.864,0.0
2018-01-19,2.875,2.875,2.875,2.875,0.0
2018-01-22,2.894,2.894,2.894,2.894,5.0
2018-01-23,2.906,2.906,2.906,2.906,0.0
2018-01-24,2.918,2.918,2.918,2.918,0.0
2018-01-25,2.92,2.92,2.92,2.92,0.0
2018-01-26,2.901,2.901,2.901,2.901,0.0
2018-01-29,2.908,2.908,2.908,2.908,0.0
2018-01-30,2.899,2.899,2.899,2.899,0.0
2018-01-31,2.885,2.885,2.885,2.885,0.0
2018-02-01,2.897,2.897,2.897,2.897,0.0
2018-02-02,2.904,2.904,2.904,2.904,0.0
2018-02-05,2.921,2.921,2.921,2.921,0.0
2018-02-06,2.918,2.918,2.918,2.918,0.0
2018-02-07,2.898,2.898,2.898,2.898,0.0
2018-02-08,2.896,2.896,2.896,2.896,0.0
2018-02-09,2.881,2.881,2.881,2.881,0.0
2018-02-12,2.862,2.862,2.862,2.862,0.0
2018-02-13,2.86,2.86,2.86,2.86,0.0
2018-02-14,2.866,2.866,2.866,2.866,0.0
2018-02-15,2.86,2.86,2.86,2.86,0.0
2018-02-16,2.862,2.862,2.862,2.862,0.0
2018-02-20,2.866,2.866,2.866,2.866,0.0
2018-02-21,2.884,2.884,2.884,2.884,0.0
2018-02-22,2.885,2.885,2.885,2.885,0.0
2018-02-23,2.877,2.877,2.877,2.877,0.0
2018-02-26,2.885,2.885,2.885,2.885,0.0
2018-02-27,2.883,2.883,2.883,2.883,0.0
2018-02-28,2.866,2.866,2.866,2.866,0.0
2018-03-01,2.874,2.874,2.874,2.874,0.0
2018-03-02,2.887,2.887,2.887,2.887,0.0
2018-03-05,2.902,2.902,2.902,2.902,0.0
2018-03-06,2.904,2.904,2.904,2.904,0.0
2018-03-07,2.894,2.894,2.894,2.894,0.0
2018-03-08,2.864,2.864,2.864,2.864,0.0
2018-03-09,2.834,2.834,2.834,2.834,0.0
2018-03-12,2.832,2.832,2.832,2.832,0.0
2018-03-13,2.832,2.832,2.832,2.832,0.0
2018-03-14,2.855,2.855,2.855,2.855,0.0
2018-03-15,2.878,2.878,2.878,2.878,0.0
2018-03-16,2.879,2.879,2.879,2.879,0.0
2018-03-19,2.869,2.869,2.869,2.869,0.0
2018-03-20,2.874,2.874,2.874,2.874,0.0
2018-03-21,2.865,2.865,2.865,2.865,0.0
2018-03-22,2.853,2.853,2.853,2.853,0.0
2018-03-23,2.832,2.832,2.832,2.832,0.0
2018-03-26,2.86,2.86,2.86,2.86,0.0
2018-03-27,2.872,2.872,2.872,2.872,0.0
2018-03-28,2.877,2.877,2.877,2.877,0.0
2018-03-29,2.904,2.904,2.904,2.904,0.0
2018-04-02,2.89,2.89,2.89,2.89,0.0
2018-04-03,2.883,2.883,2.883,2.883,0.0
2018-04-04,2.864,2.864,2.864,2.864,0.0
2018-04-05,2.872,2.872,2.872,2.872,0.0
2018-04-06,2.868,2.868,2.868,2.868,0.0
2018-04-09,2.859,2.859,2.859,2.859,0.0
2018-04-10,2.868,2.868,2.868,2.868,0.0
2018-04-11,2.879,2.879,2.879,2.879,0.0
2018-04-12,2.891,2.891,2.891,2.891,0.0
2018-04-13,2.885,2.885,2.885,2.885,0.0
2018-04-16,2.887,2.887,2.887,2.887,0.0
2018-04-17,2.883,2.883,2.883,2.883,0.0
2018-04-18,2.864,2.864,2.864,2.864,0.0
2018-04-19,2.823,2.823,2.823,2.823,0.0
2018-04-20,2.828,2.828,2.828,2.828,0.0
2018-04-23,2.82,2.82,2.82,2.82,0.0
2018-04-24,2.82,2.82,2.82,2.82,0.0
2018-04-25,2.817,2.817,2.817,2.817,0.0
2018-04-26,2.81,2.81,2.81,2.81,0.0
2018-04-27,2.812,2.812,2.812,2.812,0.0
2018-04-30,2.807,2.807,2.807,2.807,0.0
2018-05-01,2.795,2.795,2.795,2.795,0.0
2018-05-02,2.794,2.794,2.794,2.794,0.0
2018-05-03,2.797,2.797,2.797,2.797,0.0
2018-05-04,2.785,2.785,2.785,2.785,0.0
2018-05-07,2.783,2.783,2.783,2.783,0.0
2018-05-08,2.743,2.743,2.743,2.743,0.0
2018-05-09,2.729,2.729,2.729,2.729,0.0
2018-05-10,2.725,2.725,2.725,2.725,0.0
2018-05-11,2.728,2.728,2.728,2.728,0.0
2018-05-14,2.723,2.723,2.723,2.723,0.0
2018-05-15,2.722,2.722,2.722,2.722,0.0
2018-05-16,2.719,2.719,2.719,2.719,0.0
2018-05-17,2.726,2.726,2.726,2.726,0.0
2018-05-18,2.741,2.741,2.741,2.741,0.0
2018-05-21,2.747,2.747,2.747,2.747,0.0
2018-05-22,2.752,2.752,2.752,2.752,0.0
2018-05-23,2.746,2.746,2.746,2.746,0.0
2018-05-24,2.74,2.74,2.74,2.74,0.0
2018-05-25,2.712,2.712,2.712,2.712,0.0
2018-05-29,2.689,2.689,2.689,2.689,0.0
2018-05-30,2.691,2.691,2.691,2.691,0.0
2018-05-31,2.694,2.694,2.694,2.694,0.0
2018-06-01,2.687,2.687,2.687,2.687,0.0
2018-06-04,2.672,2.672,2.672,2.672,0.0
2018-06-05,2.673,2.673,2.673,2.673,0.0
2018-06-06,2.688,2.688,2.688,2.688,0.0
2018-06-07,2.665,2.665,2.665,2.665,0.0
2018-06-08,2.668,2.668,2.668,2.668,0.0
2018-06-11,2.653,2.653,2.653,2.653,0.0
2018-06-12,2.668,2.668,2.668,2.668,0.0
2018-06-13,2.688,2.688,2.688,2.688,0.0
2018-06-14,2.682,2.682,2.682,2.682,0.0
2018-06-15,2.687,2.687,2.687,2.687,0.0
2018-06-18,2.692,2.692,2.692,2.692,0.0
2018-06-19,2.684,2.684,2.684,2.684,0.0
2018-06-20,2.676,2.676,2.676,2.676,0.0
2018-06-21,2.676,2.676,2.676,2.676,0.0
2018-06-22,2.677,2.677,2.677,2.677,0.0
2018-06-25,2.673,2.673,2.673,2.673,0.0
2018-06-26,2.671,2.671,2.671,2.671,0.0
2018-06-27,2.675,2.675,2.675,2.675,0.0
2018-06-28,2.675,2.675,2.675,2.675,0.0
2018-06-29,2.67,2.67,2.67,2.67,0.0
2018-07-02,2.664,2.664,2.664,2.664,0.0
2018-07-03,2.657,2.657,2.657,2.657,0.0
2018-07-05,2.655,2.655,2.655,2.655,0.0
2018-07-06,2.65,2.65,2.65,2.65,0.0
2018-07-09,2.637,2.637,2.637,2.637,0.0
2018-07-10,2.635,2.635,2.635,2.635,0.0
2018-07-11,2.622,2.622,2.622,2.622,1.0
2018-07-12,2.619,2.619,2.619,2.619,0.0
2018-07-13,2.617,2.617,2.617,2.617,0.0
2018-07-16,2.598,2.598,2.598,2.598,0.0
2018-07-17,2.593,2.593,2.593,2.593,0.0
2018-07-18,2.583,2.583,2.583,2.583,0.0
2018-07-19,2.586,2.586,2.586,2.586,0.0
2018-07-20,2.587,2.587,2.587,2.587,0.0
2018-07-23,2.596,2.596,2.596,2.596,0.0
2018-07-24,2.603,2.603,2.603,2.603,0.0
2018-07-25,2.614,2.614,2.614,2.614,0.0
2018-07-26,2.61,2.61,2.61,2.61,0.0
2018-07-27,2.632,2.632,2.632,2.632,0.0
2018-07-30,2.636,2.636,2.636,2.636,0.0
2018-07-31,2.643,2.643,2.643,2.643,0.0
2018-08-01,2.613,2.613,2.613,2.613,0.0
2018-08-02,2.617,2.617,2.617,2.617,0.0
2018-08-03,2.617,2.617,2.617,2.617,0.0
2018-08-06,2.598,2.598,2.598,2.598,0.0
2018-08-07,2.607,2.607,2.607,2.607,0.0
2018-08-08,2.62,2.62,2.62,2.62,0.0
2018-08-09,2.621,2.621,2.621,2.621,0.0
2018-08-10,2.637,2.637,2.637,2.637,0.0
2018-08-13,2.645,2.645,2.645,2.645,0.0
2018-08-14,2.645,2.645,2.645,2.645,0.0
2018-08-15,2.645,2.645,2.645,2.645,0.0
2018-08-16,2.645,2.645,2.635,2.635,1.0
2018-08-17,2.637,2.637,2.637,2.637,0.0
2018-08-20,2.636,2.636,2.636,2.636,0.0
2018-08-21,2.63,2.63,2.63,2.63,0.0
2018-08-22,2.617,2.617,2.617,2.617,0.0
2018-08-23,2.612,2.612,2.612,2.612,0.0
2018-08-24,2.603,2.603,2.603,2.603,0.0
2018-08-27,2.571,2.571,2.571,2.571,0.0
2018-08-28,2.548,2.548,2.548,2.548,0.0
2018-08-29,2.555,2.555,2.555,2.555,0.0
2018-08-30,2.554,2.554,2.554,2.554,0.0
2018-08-31,2.573,2.573,2.573,2.573,0.0
2018-09-04,2.557,2.557,2.557,2.557,0.0
2018-09-05,2.562,2.562,2.562,2.562,0.0
2018-09-06,2.572,2.572,2.572,2.572,0.0
2018-09-07,2.572,2.572,2.572,2.572,0.0
2018-09-10,2.581,2.581,2.581,2.581,0.0
2018-09-11,2.583,2.583,2.583,2.583,0.0
2018-09-12,2.593,2.593,2.593,2.593,0.0
2018-09-13,2.609,2.609,2.609,2.609,0.0
2018-09-14,2.609,2.609,2.609,2.609,0.0
2018-09-17,2.613,2.613,2.613,2.613,0.0
2018-09-18,2.614,2.614,2.614,2.614,0.0
2018-09-19,2.604,2.604,2.604,2.604,0.0
2018-09-20,2.608,2.608,2.608,2.608,0.0
2018-09-21,2.606,2.606,2.606,2.606,0.0
2018-09-24,2.595,2.595,2.595,2.595,0.0
2018-09-25,2.596,2.596,2.596,2.596,0.0
2018-09-26,2.603,2.603,2.603,2.603,0.0
2018-09-27,2.599,2.599,2.599,2.599,0.0
2018-09-28,2.6,2.6,2.6,2.6,0.0
2018-10-01,2.605,2.605,2.605,2.605,0.0
2018-10-02,2.603,2.603,2.603,2.603,0.0
2018-10-03,2.602,2.602,2.602,2.602,0.0
2018-10-04,2.604,2.604,2.604,2.604,0.0
2018-10-05,2.604,2.604,2.604,2.604,0.0
2018-10-08,2.614,2.614,2.614,2.614,0.0
2018-10-09,2.615,2.615,2.615,2.615,0.0
2018-10-10,2.611,2.611,2.611,2.611,0.0
2018-10-11,2.632,2.632,2.632,2.632,0.0
2018-10-12,2.633,2.633,2.633,2.633,0.0
2018-10-15,2.633,2.633,2.633,2.633,0.0
2018-10-16,2.621,2.621,2.621,2.621,0.0
2018-10-17,2.616,2.616,2.616,2.616,0.0
2018-10-18,2.615,2.615,2.615,2.615,0.0
2018-10-19,2.612,2.612,2.612,2.612,0.0
2018-10-22,2.613,2.613,2.613,2.613,0.0
2018-10-23,2.615,2.615,2.615,2.615,0.0
2018-10-24,2.612,2.612,2.612,2.612,0.0
2018-10-25,2.61,2.61,2.61,2.61,0.0
2018-10-26,2.612,2.612,2.612,2.612,0.0
2018-10-29,2.615,2.615,2.615,2.615,0.0
2018-10-30,2.622,2.622,2.622,2.622,0.0
2018-10-31,2.621,2.621,2.621,2.621,0.0
2018-11-01,2.626,2.626,2.626,2.626,0.0
2018-11-02,2.638,2.638,2.638,2.638,0.0
2018-11-05,2.638,2.638,2.638,2.638,0.0
2018-11-06,2.654,2.654,2.654,2.654,0.0
2018-11-07,2.655,2.655,2.655,2.655,0.0
2018-11-08,2.656,2.656,2.656,2.656,1.0
2018-11-09,2.657,2.657,2.657,2.657,0.0
2018-11-12,2.675,2.675,2.675,2.675,0.0
2018-11-13,2.675,2.675,2.654,2.654,2.0
2018-11-14,2.65,2.65,2.638,2.638,14.0
2018-11-15,2.653,2.653,2.653,2.653,11.0
2018-11-16,2.638,2.638,2.638,2.638,4.0
2018-11-19,2.643,2.643,2.605,2.605,2.0
2018-11-20,2.603,2.603,2.603,2.603,0.0
2018-11-21,2.601,2.601,2.601,2.601,0.0
2018-11-23,2.626,2.626,2.626,2.626,0.0
2018-11-26,2.619,2.619,2.619,2.619,0.0
2018-11-27,2.615,2.615,2.615,2.615,8.0
2018-11-28,2.643,2.643,2.643,2.643,4.0
2018-11-29,2.669,2.669,2.669,2.669,0.0
2018-11-30,2.702,2.702,2.702,2.702,0.0
2018-12-03,2.674,2.674,2.674,2.674,0.0
2018-12-04,2.66,2.66,2.66,2.66,0.0
2018-12-05,2.662,2.662,2.662,2.662,0.0
2018-12-06,2.673,2.673,2.673,2.673,0.0
2018-12-07,2.673,2.673,2.673,2.673,0.0
2018-12-10,2.674,2.674,2.674,2.674,0.0
2018-12-11,2.669,2.669,2.651,2.651,3.0
2018-12-12,2.654,2.654,2.654,2.654,0.0
2018-12-13,2.636,2.636,2.636,2.636,2.0
2018-12-14,2.646,2.646,2.646,2.646,0.0
2018-12-17,2.645,2.645,2.645,2.645,0.0
2018-12-18,2.646,2.646,2.646,2.646,0.0
2018-12-19,2.649,2.649,2.649,2.649,0.0
2018-12-20,2.655,2.655,2.655,2.655,0.0
2018-12-21,2.66,2.66,2.66,2.66,0.0
2018-12-24,2.657,2.657,2.657,2.657,0.0
2018-12-26,2.654,2.654,2.654,2.654,0.0
2018-12-27,2.652,2.652,2.652,2.652,0.0
2018-12-28,2.644,2.644,2.644,2.644,0.0
2018-12-31,2.652,2.652,2.652,2.652,0.0
2019-01-02,2.65,2.65,2.65,2.65,0.0
2019-01-03,2.642,2.642,2.642,2.642,0.0
2019-01-04,2.659,2.659,2.659,2.659,0.0
2019-01-07,2.661,2.661,2.661,2.661,0.0
2019-01-08,2.657,2.657,2.657,2.657,0.0
2019-01-09,2.657,2.657,2.657,2.657,0.0
2019-01-10,2.665,2.665,2.665,2.665,0.0
2019-01-11,2.675,2.675,2.675,2.675,0.0
2019-01-14,2.674,2.674,2.674,2.674,0.0
2019-01-15,2.666,2.666,2.666,2.666,0.0
2019-01-16,2.635,2.635,2.635,2.635,0.0
2019-01-17,2.652,2.652,2.652,2.652,0.0
2019-01-18,2.663,2.663,2.663,2.663,0.0
2019-01-22,2.676,2.676,2.676,2.676,0.0
2019-01-23,2.658,2.658,2.658,2.658,0.0
2019-01-24,2.643,2.643,2.643,2.643,0.0
2019-01-25,2.653,2.653,2.653,2.653,1.0
2019-01-28,2.643,2.643,2.643,2.643,0.0
2019-01-29,2.643,2.643,2.643,2.643,0.0
2019-01-30,2.645,2.645,2.645,2.645,2.0
2019-01-31,2.638,2.638,2.638,2.638,0.0
2019-02-01,2.646,2.646,2.646,2.646,0.0
2019-02-04,2.633,2.633,2.633,2.633,0.0
2019-02-05,2.652,2.652,2.652,2.652,0.0
2019-02-06,2.649,2.649,2.649,2.649,0.0
2019-02-07,2.647,2.647,2.647,2.647,0.0
2019-02-08,2.651,2.651,2.651,2.651,0.0
2019-02-11,2.648,2.648,2.648,2.648,0.0
2019-02-12,2.656,2.656,2.656,2.656,0.0
2019-02-13,2.657,2.657,2.657,2.657,0.0
2019-02-14,2.657,2.657,2.657,2.657,0.0
2019-02-15,2.641,2.641,2.641,2.641,0.0
2019-02-19,2.646,2.646,2.646,2.646,0.0
2019-02-20,2.633,2.633,2.633,2.633,0.0
2019-02-21,2.628,2.628,2.628,2.628,0.0
2019-02-22,2.625,2.625,2.625,2.625,0.0
2019-02-25,2.622,2.622,2.622,2.622,0.0
2019-02-26,2.602,2.602,2.602,2.602,0.0
2019-02-27,2.632,2.632,2.632,2.632,0.0
2019-02-28,2.636,2.636,2.636,2.636,0.0
2019-03-01,2.635,2.635,2.635,2.635,0.0
2019-03-04,2.64,2.64,2.631,2.631,2.0
2019-03-05,2.629,2.629,2.629,2.629,0.0
2019-03-06,2.631,2.631,2.631,2.631,0.0
2019-03-07,2.642,2.642,2.642,2.642,0.0
2019-03-08,2.633,2.633,2.633,2.633,0.0
2019-03-11,2.652,2.652,2.652,2.652,0.0
2019-03-12,2.666,2.666,2.666,2.666,0.0
2019-03-13,2.675,2.675,2.675,2.675,0.0
2019-03-14,2.685,2.685,2.669,2.669,2.0
2019-03-15,2.668,2.668,2.668,2.668,0.0
2019-03-18,2.67,2.67,2.67,2.67,0.0
2019-03-19,2.671,2.671,2.671,2.671,0.0
2019-03-20,2.669,2.669,2.669,2.669,0.0
2019-03-21,2.685,2.685,2.674,2.674,8.0
2019-03-22,2.664,2.664,2.664,2.664,0.0
2019-03-25,2.663,2.663,2.663,2.663,0.0
2019-03-26,2.665,2.665,2.665,2.665,0.0
2019-03-27,2.656,2.656,2.656,2.656,0.0
2019-03-28,2.659,2.659,2.659,2.659,0.0
2019-03-29,2.658,2.658,2.658,2.658,0.0
2019-04-01,2.657,2.657,2.657,2.657,0.0
2019-04-02,2.664,2.664,2.664,2.664,0.0
2019-04-03,2.67,2.67,2.67,2.67,1.0
2019-04-04,2.67,2.67,2.665,2.665,5.0
2019-04-05,2.666,2.666,2.666,2.666,0.0
2019-04-08,2.669,2.669,2.669,2.669,0.0
2019-04-09,2.676,2.676,2.676,2.676,0.0
2019-04-10,2.665,2.665,2.665,2.665,0.0
2019-04-11,2.663,2.663,2.663,2.663,0.0
2019-04-12,2.663,2.663,2.663,2.663,0.0
2019-04-15,2.663,2.663,2.663,2.663,0.0
2019-04-16,2.664,2.664,2.664,2.664,0.0
2019-04-17,2.654,2.654,2.654,2.654,7.0
2019-04-18,2.639,2.639,2.639,2.639,0.0
2019-04-22,2.627,2.627,2.627,2.627,0.0
2019-04-23,2.622,2.622,2.622,2.622,0.0
2019-04-24,2.632,2.632,2.632,2.632,0.0
2019-04-25,2.642,2.642,2.642,2.642,0.0
2019-04-26,2.639,2.639,2.639,2.639,0.0
2019-04-29,2.649,2.649,2.649,2.649,0.0
2019-04-30,2.654,2.654,2.654,2.654,0.0
2019-05-01,2.656,2.656,2.656,2.656,0.0
2019-05-02,2.653,2.653,2.653,2.653,0.0
2019-05-03,2.624,2.624,2.624,2.624,0.0
2019-05-06,2.627,2.627,2.627,2.627,0.0
2019-05-07,2.627,2.627,2.627,2.627,0.0
2019-05-08,2.621,2.621,2.621,2.621,0.0
2019-05-09,2.628,2.628,2.628,2.628,0.0
2019-05-10,2.63,2.63,2.619,2.619,2.0
2019-05-13,2.622,2.622,2.622,2.622,0.0
2019-05-14,2.633,2.633,2.633,2.633,0.0
2019-05-15,2.631,2.631,2.631,2.631,0.0
2019-05-16,2.651,2.651,2.638,2.638,1.0
2019-05-17,2.642,2.642,2.642,2.642,0.0
2019-05-20,2.647,2.647,2.647,2.647,0.0
2019-05-21,2.65,2.65,2.65,2.65,0.0
2019-05-22,2.667,2.667,2.636,2.636,32.0
2019-05-23,2.648,2.648,2.648,2.648,0.0
2019-05-24,2.658,2.658,2.658,2.658,0.0
2019-05-28,2.649,2.649,2.649,2.649,0.0
2019-05-29,2.632,2.632,2.632,2.632,0.0
2019-05-30,2.63,2.63,2.63,2.63,0.0
2019-05-31,2.627,2.627,2.627,2.627,0.0
2019-06-03,2.615,2.615,2.615,2.615,0.0
2019-06-04,2.64,2.64,2.621,2.621,2.0
2019-06-05,2.615,2.615,2.615,2.615,0.0
2019-06-06,2.626,2.626,2.626,2.626,0.0
2019-06-07,2.627,2.627,2.627,2.627,0.0
2019-06-10,2.621,2.621,2.621,2.621,0.0
2019-06-11,2.621,2.621,2.621,2.621,0.0
2019-06-12,2.617,2.617,2.617,2.617,0.0
2019-06-13,2.618,2.618,2.618,2.618,0.0
2019-06-14,2.623,2.623,2.623,2.623,0.0
2019-06-17,2.626,2.626,2.626,2.626,0.0
2019-06-18,2.609,2.609,2.609,2.609,0.0
2019-06-19,2.61,2.61,2.61,2.61,0.0
2019-06-20,2.614,2.614,2.614,2.614,0.0
2019-06-21,2.629,2.629,2.629,2.629,0.0
2019-06-24,2.629,2.629,2.629,2.629,0.0
2019-06-25,2.638,2.638,2.628,2.628,1.0
2019-06-26,2.62,2.62,2.62,2.62,0.0
2019-06-27,2.616,2.616,2.616,2.616,0.0
2019-06-28,2.591,2.591,2.591,2.591,0.0
2019-07-01,2.584,2.584,2.584,2.584,0.0
2019-07-02,2.58,2.58,2.58,2.58,0.0
2019-07-03,2.59,2.59,2.576,2.576,1.0
2019-07-05,2.59,2.59,2.59,2.59,0.0
2019-07-08,2.586,2.586,2.586,2.586,0.0
2019-07-09,2.597,2.597,2.597,2.597,0.0
2019-07-10,2.589,2.589,2.589,2.589,0.0
2019-07-11,2.597,2.597,2.597,2.597,0.0
2019-07-12,2.605,2.605,2.605,2.605,0.0
2019-07-15,2.61,2.61,2.61,2.61,0.0
2019-07-16,2.586,2.586,2.586,2.586,0.0
2019-07-17,2.583,2.583,2.583,2.583,0.0
2019-07-18,2.6,2.6,2.6,2.6,0.0
2019-07-19,2.61,2.61,2.593,2.593,2.0
2019-07-22,2.596,2.596,2.596,2.596,0.0
2019-07-23,2.595,2.595,2.595,2.595,0.0
2019-07-24,2.588,2.588,2.588,2.588,0.0
2019-07-25,2.589,2.589,2.589,2.589,0.0
2019-07-26,2.59,2.59,2.59,2.59,0.0
2019-07-29,2.579,2.579,2.579,2.579,0.0
2019-07-30,2.582,2.582,2.582,2.582,0.0
2019-07-31,2.588,2.588,2.588,2.588,0.0
2019-08-01,2.596,2.596,2.596,2.596,0.0
2019-08-02,2.583,2.583,2.583,2.583,0.0
2019-08-05,2.566,2.566,2.566,2.566,0.0
2019-08-06,2.566,2.566,2.566,2.566,0.0
2019-08-07,2.551,2.551,2.551,2.551,0.0
2019-08-08,2.552,2.552,2.552,2.552,2.0
2019-08-09,2.54,2.54,2.54,2.54,0.0
2019-08-12,2.514,2.514,2.514,2.514,0.0
2019-08-13,2.514,2.514,2.514,2.514,0.0
2019-08-14,2.489,2.489,2.489,2.489,0.0
2019-08-15,2.482,2.482,2.482,2.482,0.0
2019-08-16,2.454,2.454,2.454,2.454,3.0
2019-08-19,2.456,2.456,2.456,2.456,0.0
2019-08-20,2.453,2.453,2.453,2.453,0.0
2019-08-21,2.454,2.454,2.454,2.454,0.0
2019-08-22,2.443,2.443,2.443,2.443,0.0
2019-08-23,2.464,2.464,2.464,2.464,0.0
2019-08-26,2.476,2.476,2.476,2.476,0.0
2019-08-27,2.491,2.491,2.491,2.491,0.0
2019-08-28,2.51,2.51,2.51,2.51,0.0
2019-08-29,2.517,2.517,2.517,2.517,0.0
2019-08-30,2.491,2.491,2.491,2.491,2.0
2019-09-03,2.516,2.516,2.516,2.516,0.0
2019-09-04,2.492,2.492,2.492,2.492,0.0
2019-09-05,2.498,2.498,2.498,2.498,0.0
2019-09-06,2.485,2.485,2.485,2.485,0.0
2019-09-09,2.48,2.48,2.48,2.48,0.0
2019-09-10,2.519,2.519,2.484,2.484,2.0
2019-09-11,2.513,2.513,2.498,2.498,4.0
2019-09-12,2.503,2.503,2.503,2.503,0.0
2019-09-13,2.489,2.489,2.489,2.489,0.0
2019-09-16,2.496,2.496,2.496,2.496,0.0
2019-09-17,2.497,2.497,2.497,2.497,0.0
2019-09-18,2.51,2.51,2.51,2.51,0.0
2019-09-19,2.516,2.516,2.511,2.511,4.0
2019-09-20,2.522,2.522,2.522,2.522,0.0
2019-09-23,2.519,2.519,2.519,2.519,0.0
2019-09-24,2.515,2.515,2.515,2.515,0.0
2019-09-25,2.514,2.514,2.514,2.514,0.0
2019-09-26,2.515,2.515,2.515,2.515,0.0
2019-09-27,2.504,2.504,2.504,2.504,0.0
2019-09-30,2.514,2.514,2.512,2.512,1.0
2019-10-01,2.513,2.513,2.513,2.513,0.0
2019-10-02,2.521,2.521,2.521,2.521,0.0
2019-10-03,2.51,2.51,2.51,2.51,0.0
2019-10-04,2.5,2.5,2.5,2.5,0.0
2019-10-07,2.501,2.501,2.501,2.501,0.0
2019-10-08,2.481,2.481,2.481,2.481,25.0
2019-10-09,2.478,2.478,2.478,2.478,0.0
2019-10-10,2.471,2.471,2.471,2.471,0.0
2019-10-11,2.48,2.48,2.48,2.48,0.0
2019-10-14,2.487,2.487,2.487,2.487,0.0
2019-10-15,2.497,2.497,2.497,2.497,0.0
2019-10-16,2.492,2.492,2.492,2.492,0.0
2019-10-17,2.488,2.488,2.488,2.488,0.0
2019-10-18,2.483,2.483,2.483,2.483,0.0
2019-10-21,2.478,2.478,2.478,2.478,0.0
2019-10-22,2.482,2.482,2.482,2.482,8.0
2019-10-23,2.476,2.476,2.476,2.476,0.0
2019-10-24,2.48,2.48,2.48,2.48,0.0
2019-10-25,2.478,2.478,2.478,2.478,0.0
2019-10-28,2.487,2.487,2.487,2.487,0.0
2019-10-29,2.503,2.503,2.503,2.503,0.0
2019-10-30,2.514,2.523,2.514,2.523,1.0
2019-10-31,2.521,2.521,2.521,2.521,3.0
2019-11-01,2.53,2.53,2.53,2.53,0.0
2019-11-04,2.53,2.53,2.529,2.529,8.0
2019-11-05,2.517,2.525,2.517,2.525,5.0
2019-11-06,2.506,2.506,2.506,2.506,0.0
2019-11-07,2.496,2.496,2.496,2.496,0.0
2019-11-08,2.506,2.506,2.506,2.506,0.0
2019-11-11,2.503,2.503,2.503,2.503,0.0
2019-11-12,2.493,2.493,2.493,2.493,0.0
2019-11-13,2.481,2.481,2.481,2.481,0.0
2019-11-14,2.483,2.483,2.483,2.483,2.0
2019-11-15,2.481,2.481,2.481,2.481,2.0
2019-11-18,2.485,2.485,2.485,2.485,0.0
2019-11-19,2.482,2.482,2.482,2.482,0.0
2019-11-20,2.491,2.491,2.491,2.491,0.0
2019-11-21,2.491,2.491,2.491,2.491,0.0
2019-11-22,2.491,2.491,2.491,2.491,0.0
2019-11-25,2.478,2.478,2.478,2.478,7.0
2019-11-26,2.479,2.479,2.479,2.479,7.0
2019-11-27,2.483,2.483,2.483,2.483,0.0
2019-11-29,2.441,2.441,2.441,2.441,0.0
2019-12-02,2.465,2.468,2.465,2.466,19.0
2019-12-03,2.468,2.468,2.468,2.468,4.0
2019-12-04,2.474,2.474,2.474,2.474,0.0
2019-12-05,2.466,2.466,2.466,2.466,0.0
2019-12-06,2.447,2.447,2.447,2.447,8.0
2019-12-09,2.451,2.451,2.451,2.451,0.0
2019-12-10,2.465,2.465,2.459,2.459,1.0
2019-12-11,2.47,2.47,2.458,2.458,1.0
2019-12-12,2.463,2.463,2.463,2.463,0.0
2019-12-13,2.446,2.446,2.446,2.446,3.0
2019-12-16,2.45,2.45,2.45,2.45,2.0
2019-12-17,2.451,2.451,2.451,2.451,0.0
2019-12-18,2.44,2.44,2.428,2.428,1.0
2019-12-19,2.432,2.432,2.412,2.412,2.0
2019-12-20,2.414,2.414,2.413,2.413,3.0
2019-12-23,2.42,2.42,2.42,2.42,0.0
2019-12-24,2.418,2.418,2.418,2.418,0.0
2019-12-26,2.43,2.43,2.417,2.417,1.0
2019-12-27,2.415,2.415,2.415,2.415,0.0
2019-12-30,2.412,2.412,2.412,2.412,0.0
2019-12-31,2.421,2.421,2.421,2.421,0.0
2020-01-02,2.416,2.416,2.416,2.416,0.0
2020-01-03,2.416,2.416,2.416,2.416,0.0
2020-01-06,2.42,2.42,2.42,2.42,0.0
2020-01-07,2.426,2.426,2.426,2.426,0.0
2020-01-08,2.429,2.429,2.429,2.429,0.0
2020-01-09,2.434,2.434,2.434,2.434,80.0
2020-01-10,2.436,2.436,2.436,2.436,0.0
2020-01-13,2.436,2.441,2.436,2.441,67.0
2020-01-14,2.44,2.44,2.44,2.44,0.0
2020-01-15,2.439,2.439,2.439,2.439,0.0
2020-01-16,2.446,2.446,2.446,2.446,0.0
2020-01-17,2.449,2.449,2.449,2.449,7.0
2020-01-21,2.444,2.444,2.439,2.439,2.0
2020-01-22,2.43,2.43,2.43,2.43,0.0
2020-01-23,2.422,2.422,2.422,2.422,10.0
2020-01-24,2.42,2.42,2.404,2.404,8.0
2020-01-27,2.389,2.389,2.389,2.389,0.0
2020-01-28,2.401,2.401,2.401,2.401,0.0
2020-01-29,2.395,2.401,2.391,2.391,9.0
2020-01-30,2.405,2.405,2.405,2.405,1.0
2020-01-31,2.401,2.401,2.401,2.401,1.0
2020-02-03,2.39,2.39,2.39,2.39,0.0
2020-02-04,2.391,2.391,2.391,2.391,0.0
2020-02-05,2.395,2.397,2.381,2.381,6.0
2020-02-06,2.41,2.41,2.41,2.41,15.0
2020-02-07,2.428,2.428,2.428,2.428,0.0
2020-02-10,2.41,2.42,2.41,2.42,1.0
2020-02-11,2.426,2.426,2.426,2.426,0.0
2020-02-12,2.433,2.433,2.433,2.433,0.0
2020-02-13,2.432,2.432,2.432,2.432,0.0
2020-02-14,2.45,2.45,2.42,2.42,5.0
2020-02-18,2.424,2.424,2.424,2.424,0.0
2020-02-19,2.411,2.411,2.411,2.411,0.0
2020-02-20,2.402,2.402,2.402,2.402,0.0
2020-02-21,2.396,2.396,2.396,2.396,0.0
2020-02-24,2.391,2.391,2.391,2.391,0.0
2020-02-25,2.398,2.398,2.398,2.398,0.0
2020-02-26,2.411,2.411,2.411,2.411,0.0
2020-02-27,2.401,2.401,2.401,2.401,0.0
2020-02-28,2.394,2.394,2.394,2.394,0.0
2020-03-02,2.423,2.423,2.421,2.421,17.0
2020-03-03,2.414,2.414,2.414,2.414,11.0
2020-03-04,2.407,2.414,2.407,2.414,3.0
2020-03-05,2.394,2.394,2.394,2.394,10.0
2020-03-06,2.384,2.384,2.368,2.368,2.0
2020-03-09,2.405,2.405,2.405,2.405,0.0
2020-03-10,2.423,2.423,2.423,2.423,0.0
2020-03-11,2.41,2.41,2.385,2.385,39.0
2020-03-12,2.365,2.365,2.35,2.35,51.0
2020-03-13,2.348,2.348,2.348,2.348,35.0
2020-03-16,2.349,2.349,2.349,2.349,42.0
2020-03-17,2.37,2.37,2.364,2.364,37.0
2020-03-18,2.354,2.354,2.354,2.354,0.0
2020-03-19,2.367,2.367,2.367,2.367,31.0
2020-03-20,2.39,2.39,2.355,2.355,30.0
2020-03-23,2.365,2.365,2.363,2.363,1.0
2020-03-24,2.369,2.369,2.369,2.369,33.0
2020-03-25,2.365,2.369,2.365,2.369,191.0
2020-03-26,2.353,2.353,2.353,2.353,33.0
2020-03-27,2.39,2.39,2.39,2.39,35.0
2020-03-30,2.398,2.398,2.398,2.398,5.0
2020-03-31,2.4,2.4,2.4,2.4,35.0
2020-04-01,2.4,2.4,2.397,2.397,137.0
2020-04-02,2.397,2.397,2.393,2.393,41.0
2020-04-03,2.377,2.377,2.377,2.377,0.0
2020-04-06,2.396,2.396,2.396,2.396,34.0
2020-04-07,2.394,2.394,2.394,2.394,45.0
2020-04-08,2.411,2.411,2.411,2.411,48.0
2020-04-09,2.441,2.441,2.441,2.441,28.0
2020-04-13,2.469,2.469,2.469,2.469,5.0
2020-04-14,2.455,2.455,2.453,2.453,83.0
2020-04-15,2.431,2.431,2.431,2.431,16.0
2020-04-16,2.431,2.431,2.431,2.431,31.0
2020-04-17,2.432,2.447,2.432,2.447,9.0
2020-04-20,2.465,2.465,2.465,2.465,0.0
2020-04-21,2.46,2.46,2.45,2.45,23.0
2020-04-22,2.47,2.47,2.469,2.469,23.0
2020-04-23,2.451,2.451,2.451,2.451,261.0
2020-04-24,2.451,2.451,2.449,2.449,7.0
2020-04-27,2.475,2.475,2.475,2.475,1.0
2020-04-28,2.48,2.48,2.475,2.475,84.0
2020-04-29,2.52,2.52,2.491,2.491,4.0
2020-04-30,2.483,2.483,2.483,2.483,0.0
2020-05-01,2.466,2.466,2.466,2.466,0.0
2020-05-04,2.468,2.468,2.468,2.468,0.0
2020-05-05,2.451,2.451,2.451,2.451,15.0
2020-05-06,2.45,2.457,2.45,2.457,100.0
2020-05-07,2.449,2.449,2.449,2.449,0.0
2020-05-08,2.455,2.455,2.455,2.455,0.0
2020-05-11,2.445,2.445,2.445,2.445,0.0
2020-05-12,2.439,2.439,2.439,2.439,4.0
2020-05-13,2.424,2.424,2.424,2.424,0.0
2020-05-14,2.455,2.455,2.438,2.438,25.0
2020-05-15,2.44,2.44,2.44,2.44,13.0
2020-05-18,2.451,2.451,2.451,2.451,8.0
2020-05-19,2.458,2.458,2.458,2.458,0.0
2020-05-20,2.462,2.462,2.446,2.446,90.0
2020-05-21,2.441,2.441,2.441,2.441,0.0
2020-05-22,2.451,2.451,2.451,2.451,0.0
2020-05-26,2.443,2.443,2.443,2.443,3.0
2020-05-27,2.45,2.45,2.45,2.45,1.0
2020-05-28,2.476,2.476,2.452,2.452,11.0
2020-05-29,2.45,2.45,2.446,2.446,8.0
2020-06-01,2.434,2.434,2.434,2.434,6.0
2020-06-02,2.444,2.444,2.444,2.444,0.0
2020-06-03,2.441,2.441,2.441,2.441,4.0
2020-06-04,2.432,2.432,2.432,2.432,21.0
2020-06-05,2.44,2.44,2.426,2.426,131.0
2020-06-08,2.424,2.424,2.424,2.424,22.0
2020-06-09,2.434,2.434,2.434,2.434,0.0
2020-06-10,2.43,2.43,2.43,2.43,5.0
2020-06-11,2.429,2.429,2.429,2.429,1.0
2020-06-12,2.426,2.426,2.426,2.426,51.0
2020-06-15,2.414,2.414,2.414,2.414,32.0
2020-06-16,2.413,2.413,2.413,2.413,0.0
2020-06-17,2.41,2.41,2.406,2.406,33.0
2020-06-18,2.411,2.411,2.411,2.411,37.0
2020-06-19,2.405,2.405,2.396,2.396,1.0
2020-06-22,2.392,2.395,2.392,2.395,2.0
2020-06-23,2.387,2.387,2.387,2.387,0.0
2020-06-24,2.376,2.376,2.376,2.376,2.0
2020-06-25,2.362,2.362,2.362,2.362,1.0
2020-06-26,2.372,2.372,2.372,2.372,0.0
2020-06-29,2.377,2.377,2.377,2.377,0.0
2020-06-30,2.379,2.379,2.379,2.379,41.0
2020-07-01,2.392,2.392,2.392,2.392,10.0
2020-07-02,2.4,2.402,2.4,2.402,30.0
2020-07-06,2.395,2.395,2.395,2.395,93.0
2020-07-07,2.405,2.42,2.399,2.399,2.0
2020-07-08,2.415,2.415,2.415,2.415,6.0
2020-07-09,2.413,2.413,2.413,2.413,17.0
2020-07-10,2.401,2.401,2.401,2.401,0.0
2020-07-13,2.393,2.393,2.393,2.393,10.0
2020-07-14,2.408,2.408,2.408,2.408,100.0
2020-07-15,2.425,2.425,2.414,2.414,1.0
2020-07-16,2.425,2.425,2.42,2.423,18.0
2020-07-17,2.431,2.431,2.42,2.42,8.0
2020-07-20,2.417,2.42,2.417,2.42,10.0
2020-07-21,2.426,2.426,2.426,2.426,80.0
2020-07-22,2.426,2.434,2.426,2.434,106.0
2020-07-23,2.432,2.433,2.432,2.433,6.0
2020-07-24,2.431,2.451,2.431,2.451,68.0
2020-07-27,2.461,2.473,2.461,2.473,114.0
2020-07-28,2.49,2.49,2.487,2.487,38.0
2020-07-29,2.503,2.51,2.502,2.51,373.0
2020-07-30,2.494,2.494,2.494,2.494,47.0
2020-07-31,2.492,2.492,2.492,2.492,4.0
2020-08-03,2.512,2.512,2.512,2.512,134.0
2020-08-04,2.491,2.512,2.491,2.501,72.0
2020-08-05,2.499,2.499,2.499,2.499,20.0
2020-08-06,2.497,2.502,2.497,2.502,143.0
2020-08-07,2.5,2.5,2.5,2.5,11.0
2020-08-10,2.495,2.497,2.495,2.497,38.0
2020-08-11,2.512,2.512,2.512,2.512,17.0
2020-08-12,2.512,2.513,2.508,2.513,63.0
2020-08-13,2.517,2.522,2.517,2.522,53.0
2020-08-14,2.534,2.542,2.533,2.542,9.0
2020-08-17,2.542,2.557,2.542,2.557,5.0
2020-08-18,2.562,2.569,2.562,2.569,19.0
2020-08-19,2.58,2.58,2.58,2.58,4.0
2020-08-20,2.565,2.578,2.565,2.578,106.0
2020-08-21,2.568,2.58,2.568,2.58,40.0
2020-08-24,2.575,2.581,2.519,2.581,54.0
2020-08-25,2.59,2.59,2.571,2.571,59.0
2020-08-26,2.581,2.581,2.573,2.573,134.0
2020-08-27,2.565,2.573,2.565,2.573,188.0
2020-08-28,2.567,2.567,2.567,2.567,149.0
2020-08-31,2.549,2.549,2.549,2.549,58.0
2020-09-01,2.55,2.55,2.55,2.55,261.0
2020-09-02,2.553,2.553,2.553,2.553,274.0
2020-09-03,2.563,2.563,2.557,2.557,121.0
2020-09-04,2.563,2.563,2.561,2.561,119.0
2020-09-08,2.562,2.572,2.561,2.572,205.0
2020-09-09,2.567,2.57,2.567,2.57,131.0
2020-09-10,2.575,2.575,2.572,2.572,48.0
2020-09-11,2.565,2.565,2.565,2.565,53.0
2020-09-14,2.565,2.572,2.565,2.572,37.0
2020-09-15,2.577,2.577,2.577,2.577,170.0
2020-09-16,2.575,2.577,2.575,2.577,310.0
2020-09-17,2.604,2.604,2.568,2.568,96.0
2020-09-18,2.568,2.568,2.568,2.568,37.0
2020-09-21,2.573,2.573,2.573,2.573,56.0
2020-09-22,2.575,2.575,2.575,2.575,0.0
2020-09-23,2.565,2.58,2.565,2.58,268.0
2020-09-24,2.58,2.588,2.58,2.588,260.0
2020-09-25,2.565,2.572,2.565,2.572,127.0
2020-09-28,2.578,2.578,2.578,2.578,116.0
2020-09-29,2.558,2.558,2.558,2.558,174.0
2020-09-30,2.53,2.545,2.53,2.545,118.0
2020-10-01,2.546,2.546,2.546,2.546,163.0
2020-10-02,2.548,2.548,2.548,2.548,50.0
2020-10-05,2.551,2.557,2.551,2.557,28.0
2020-10-06,2.548,2.548,2.548,2.548,8.0
2020-10-07,2.555,2.555,2.555,2.555,2.0
2020-10-08,2.554,2.559,2.554,2.559,233.0
2020-10-09,2.564,2.564,2.564,2.564,2.0
2020-10-12,2.565,2.565,2.565,2.565,6.0
2020-10-13,2.576,2.576,2.576,2.576,117.0
2020-10-14,2.565,2.583,2.565,2.583,275.0
2020-10-15,2.593,2.611,2.59,2.611,271.0
2020-10-16,2.646,2.678,2.61,2.644,293.0
2020-10-19,2.64,2.65,2.64,2.65,45.0
2020-10-20,2.655,2.66,2.655,2.659,20.0
2020-10-21,2.68,2.68,2.678,2.678,13.0
2020-10-22,2.681,2.681,2.681,2.681,25.0
2020-10-23,2.699,2.699,2.678,2.678,27.0
2020-10-26,2.699,2.699,2.699,2.699,53.0
2020-10-27,2.706,2.706,2.706,2.706,25.0
2020-10-28,2.715,2.715,2.715,2.715,11.0
2020-10-29,2.713,2.718,2.713,2.718,222.0
2020-10-30,2.735,2.738,2.735,2.738,179.0
2020-11-02,2.722,2.722,2.722,2.722,131.0
2020-11-03,2.724,2.736,2.706,2.709,375.0
2020-11-04,2.693,2.697,2.693,2.697,127.0
2020-11-05,2.701,2.716,2.691,2.713,393.0
2020-11-06,2.711,2.714,2.711,2.714,11.0
2020-11-09,2.703,2.703,2.703,2.703,19.0
2020-11-10,2.719,2.719,2.7,2.71,89.0
2020-11-11,2.714,2.719,2.703,2.719,123.0
2020-11-12,2.705,2.717,2.703,2.714,138.0
2020-11-13,2.714,2.731,2.703,2.705,229.0
2020-11-16,2.7,2.704,2.7,2.704,279.0
2020-11-17,2.708,2.713,2.704,2.71,716.0
2020-11-18,2.704,2.713,2.704,2.711,433.0
2020-11-19,2.68,2.688,2.674,2.684,373.0
2020-11-20,2.683,2.692,2.649,2.657,94.0
2020-11-23,2.645,2.646,2.629,2.646,213.0
2020-11-24,2.661,2.661,2.649,2.652,182.0
2020-11-25,2.655,2.659,2.648,2.656,52.0
2020-11-27,2.649,2.649,2.649,2.649,0.0
2020-11-30,2.656,2.66,2.644,2.648,857.0
2020-12-01,2.662,2.664,2.646,2.652,527.0
2020-12-02,2.63,2.644,2.624,2.644,12.0
2020-12-03,2.63,2.63,2.562,2.572,247.0
2020-12-04,2.574,2.597,2.574,2.597,704.0
2020-12-07,2.56,2.56,2.544,2.551,14.0
2020-12-08,2.551,2.556,2.541,2.547,52.0
2020-12-09,2.584,2.585,2.573,2.577,71.0
2020-12-10,2.579,2.592,2.57,2.577,189.0
2020-12-11,2.574,2.588,2.573,2.579,94.0
2020-12-14,2.596,2.596,2.577,2.586,162.0
2020-12-15,2.585,2.59,2.572,2.577,39.0
2020-12-16,2.582,2.585,2.575,2.585,71.0
2020-12-17,2.58,2.6,2.577,2.589,17.0
2020-12-18,2.592,2.599,2.591,2.599,32.0
2020-12-21,2.61,2.613,2.596,2.606,48.0
2020-12-22,2.606,2.616,2.601,2.603,282.0
2020-12-23,2.603,2.603,2.571,2.572,68.0
2020-12-24,2.572,2.572,2.551,2.551,3.0
2020-12-28,2.538,2.538,2.494,2.494,89.0
2020-12-29,2.516,2.536,2.516,2.527,288.0
2020-12-30,2.546,2.551,2.517,2.525,270.0
2020-12-31,2.54,2.54,2.527,2.54,132.0
2021-01-04,2.577,2.577,2.549,2.549,460.0
2021-01-05,2.592,2.592,2.565,2.578,264.0
2021-01-06,2.58,2.587,2.574,2.585,374.0
2021-01-07,2.583,2.586,2.566,2.583,352.0
2021-01-08,2.581,2.584,2.568,2.577,694.0
2021-01-11,2.574,2.576,2.558,2.576,199.0
2021-01-12,2.602,2.602,2.582,2.601,525.0
2021-01-13,2.62,2.631,2.597,2.631,140.0
2021-01-14,2.623,2.64,2.621,2.634,66.0
2021-01-15,2.618,2.639,2.618,2.625,1051.0
2021-01-19,2.589,2.608,2.583,2.601,359.0
2021-01-20,2.599,2.604,2.585,2.604,6.0
2021-01-21,2.594,2.594,2.578,2.592,74.0
2021-01-22,2.592,2.601,2.583,2.597,251.0
2021-01-25,2.62,2.62,2.604,2.605,442.0
2021-01-26,2.604,2.615,2.595,2.613,148.0
2021-01-27,2.619,2.621,2.609,2.617,1144.0
2021-01-28,2.6,2.601,2.596,2.601,256.0
2021-01-29,2.608,2.608,2.588,2.59,244.0
2021-02-01,2.631,2.631,2.61,2.62,1321.0
2021-02-02,2.621,2.623,2.595,2.597,576.0
2021-02-03,2.598,2.598,2.572,2.588,592.0
2021-02-04,2.595,2.603,2.587,2.601,805.0
2021-02-05,2.613,2.613,2.593,2.607,538.0
2021-02-08,2.61,2.631,2.61,2.631,617.0
2021-02-09,2.618,2.636,2.613,2.636,338.0
2021-02-10,2.632,2.637,2.628,2.634,123.0
2021-02-11,2.639,2.639,2.618,2.629,149.0
2021-02-12,2.639,2.639,2.616,2.616,113.0
2021-02-16,2.623,2.642,2.609,2.628,979.0
2021-02-17,2.611,2.619,2.611,2.619,362.0
2021-02-18,2.623,2.625,2.6,2.611,850.0
2021-02-19,2.617,2.637,2.612,2.618,492.0
2021-02-22,2.602,2.627,2.596,2.619,306.0
2021-02-23,2.605,2.616,2.598,2.615,393.0
2021-02-24,2.615,2.615,2.596,2.596,659.0
2021-02-25,2.596,2.608,2.58,2.584,138.0
2021-02-26,2.574,2.576,2.571,2.575,319.0
2021-03-01,2.602,2.602,2.602,2.602,15.0
2021-03-02,2.604,2.614,2.599,2.614,202.0
2021-03-03,2.609,2.612,2.598,2.612,55.0
2021-03-04,2.602,2.624,2.588,2.622,511.0
2021-03-05,2.604,2.604,2.594,2.604,134.0
2021-03-08,2.585,2.604,2.585,2.604,443.0
2021-03-09,2.58,2.6,2.58,2.599,215.0
2021-03-10,2.611,2.611,2.611,2.611,559.0
2021-03-11,2.608,2.615,2.591,2.601,197.0
2021-03-12,2.604,2.604,2.571,2.58,316.0
2021-03-15,2.565,2.569,2.552,2.552,181.0
2021-03-16,2.57,2.597,2.562,2.597,89.0
2021-03-17,2.591,2.591,2.566,2.566,390.0
2021-03-18,2.541,2.551,2.525,2.525,505.0
2021-03-19,2.529,2.59,2.529,2.55,156.0
2021-03-22,2.555,2.562,2.541,2.562,12.0
2021-03-23,2.561,2.57,2.555,2.565,166.0
2021-03-24,2.571,2.574,2.568,2.57,108.0
2021-03-25,2.577,2.583,2.568,2.581,177.0
2021-03-26,2.586,2.586,2.581,2.585,7.0
2021-03-29,2.588,2.593,2.583,2.592,42.0
2021-03-30,2.593,2.593,2.581,2.587,56.0
2021-03-31,2.588,2.591,2.577,2.591,329.0
2021-04-01,2.591,2.597,2.585,2.597,250.0
2021-04-05,2.575,2.587,2.568,2.586,702.0
2021-04-06,2.596,2.6,2.571,2.576,473.0
2021-04-07,2.594,2.598,2.587,2.594,379.0
2021-04-08,2.604,2.608,2.597,2.608,84.0
2021-04-09,2.605,2.612,2.601,2.608,699.0
2021-04-12,2.625,2.631,2.613,2.627,233.0
2021-04-13,2.634,2.641,2.62,2.635,439.0
2021-04-14,2.637,2.637,2.604,2.63,109.0
2021-04-15,2.618,2.636,2.617,2.632,85.0
2021-04-16,2.656,2.658,2.627,2.638,452.0
2021-04-19,2.638,2.642,2.638,2.641,425.0
2021-04-20,2.649,2.65,2.642,2.649,187.0
2021-04-21,2.638,2.641,2.63,2.641,73.0
2021-04-22,2.627,2.645,2.621,2.643,446.0
2021-04-23,2.637,2.648,2.637,2.648,657.0
2021-04-26,2.636,2.657,2.635,2.652,201.0
2021-04-27,2.653,2.662,2.648,2.655,441.0
2021-04-28,2.663,2.671,2.659,2.667,263.0
2021-04-29,2.667,2.667,2.654,2.665,403.0
2021-04-30,2.705,2.705,2.661,2.662,396.0
2021-05-03,2.661,2.671,2.661,2.671,706.0
2021-05-04,2.68,2.687,2.669,2.687,566.0
2021-05-05,2.685,2.694,2.678,2.694,313.0
2021-05-06,2.691,2.697,2.681,2.695,211.0
2021-05-07,2.677,2.707,2.677,2.699,483.0
2021-05-10,2.696,2.701,2.686,2.701,116.0
2021-05-11,2.698,2.701,2.687,2.697,765.0
2021-05-12,2.689,2.702,2.688,2.697,588.0
2021-05-13,2.694,2.708,2.693,2.704,554.0
2021-05-14,2.709,2.719,2.708,2.713,295.0
2021-05-17,2.735,2.744,2.723,2.733,2900.0
2021-05-18,2.724,2.729,2.71,2.729,382.0
2021-05-19,2.73,2.742,2.701,2.733,798.0
2021-05-20,2.735,2.747,2.726,2.737,407.0
2021-05-21,2.731,2.739,2.723,2.731,422.0
2021-05-24,2.712,2.726,2.705,2.726,373.0
2021-05-25,2.735,2.739,2.728,2.738,177.0
2021-05-26,2.756,2.759,2.745,2.758,423.0
2021-05-27,2.753,2.753,2.729,2.737,379.0
2021-05-28,2.749,2.754,2.747,2.754,730.0
2021-06-01,2.783,2.806,2.774,2.795,1057.0
2021-06-02,2.792,2.804,2.786,2.801,519.0
2021-06-03,2.792,2.818,2.792,2.818,808.0
2021-06-04,2.821,2.859,2.808,2.855,1841.0
2021-06-07,2.848,2.857,2.837,2.857,728.0
2021-06-08,2.868,2.868,2.847,2.855,2365.0
2021-06-09,2.856,2.858,2.833,2.845,1413.0
2021-06-10,2.849,2.85,2.825,2.84,971.0
2021-06-11,2.843,2.887,2.831,2.887,3329.0
2021-06-14,2.888,2.909,2.878,2.907,1590.0
2021-06-15,2.928,2.928,2.886,2.895,2618.0
2021-06-16,2.893,2.913,2.883,2.91,396.0
2021-06-17,2.903,2.92,2.886,2.918,2107.0
2021-06-18,2.906,2.912,2.899,2.911,215.0
2021-06-21,2.9,2.912,2.884,2.907,4040.0
2021-06-22,2.915,2.934,2.906,2.932,639.0
2021-06-23,2.932,2.959,2.924,2.95,3476.0
2021-06-24,2.937,2.983,2.93,2.983,925.0
2021-06-25,2.999,3.024,2.979,3.016,2552.0
2021-06-28,3.032,3.067,3.015,3.045,3049.0
2021-06-29,3.081,3.083,3.039,3.047,3202.0
2021-06-30,3.059,3.07,3.038,3.053,2312.0
2021-07-01,3.048,3.06,2.994,3.013,2619.0
2021-07-02,3.013,3.033,3.001,3.032,1770.0
2021-07-06,3.04,3.079,3.017,3.048,1661.0
2021-07-07,3.06,3.065,3.016,3.055,676.0
2021-07-08,3.043,3.057,3.024,3.056,2462.0
2021-07-09,3.059,3.071,3.045,3.064,1160.0
2021-07-12,3.072,3.093,3.058,3.093,979.0
2021-07-13,3.094,3.096,3.069,3.076,475.0
2021-07-14,3.096,3.097,3.05,3.074,1851.0
2021-07-15,3.052,3.077,3.051,3.077,914.0
2021-07-16,3.091,3.091,3.072,3.085,743.0
2021-07-19,3.102,3.108,3.083,3.103,1256.0
2021-07-20,3.119,3.159,3.091,3.145,963.0
2021-07-21,3.182,3.208,3.18,3.193,2254.0
2021-07-22,3.194,3.221,3.188,3.221,1112.0
2021-07-23,3.237,3.237,3.22,3.232,1914.0
2021-07-26,3.266,3.291,3.247,3.263,1411.0
2021-07-27,3.26,3.264,3.237,3.243,507.0
2021-07-28,3.258,3.293,3.228,3.279,1157.0
2021-07-29,3.278,3.334,3.267,3.332,1016.0
2021-07-30,3.322,3.336,3.288,3.332,1830.0
2021-08-02,3.354,3.372,3.35,3.365,2091.0
2021-08-03,3.367,3.386,3.36,3.381,1785.0
2021-08-04,3.381,3.425,3.376,3.419,2366.0
2021-08-05,3.425,3.434,3.405,3.411,864.0
2021-08-06,3.415,3.44,3.402,3.426,2644.0
2021-08-09,3.405,3.41,3.384,3.41,1024.0
2021-08-10,3.398,3.438,3.398,3.435,502.0
2021-08-11,3.42,3.46,3.388,3.451,2614.0
2021-08-12,3.441,3.441,3.399,3.419,1355.0
2021-08-13,3.4,3.405,3.363,3.369,1624.0
2021-08-16,3.35,3.412,3.35,3.389,1891.0
2021-08-17,3.366,3.396,3.342,3.361,1396.0
2021-08-18,3.376,3.386,3.341,3.372,237.0
2021-08-19,3.334,3.347,3.296,3.341,2237.0
2021-08-20,3.345,3.374,3.345,3.354,626.0
2021-08-23,3.372,3.397,3.345,3.393,2429.0
2021-08-24,3.4,3.413,3.387,3.403,3201.0
2021-08-25,3.396,3.415,3.379,3.406,1314.0
2021-08-26,3.426,3.469,3.421,3.466,3161.0
2021-08-27,3.471,3.542,3.464,3.523,5028.0
2021-08-30,3.548,3.568,3.435,3.481,1381.0
2021-08-31,3.453,3.531,3.45,3.521,1821.0
2021-09-01,3.546,3.626,3.538,3.582,1680.0
2021-09-02,3.594,3.62,3.571,3.613,968.0
2021-09-03,3.632,3.661,3.629,3.657,749.0
2021-09-07,3.654,3.67,3.611,3.666,1045.0
2021-09-08,3.683,3.786,3.665,3.777,1822.0
2021-09-09,3.784,3.855,3.762,3.854,1987.0
2021-09-10,3.879,3.895,3.85,3.882,4165.0
2021-09-13,3.908,3.996,3.901,3.957,3348.0
2021-09-14,3.975,3.988,3.929,3.954,2410.0
2021-09-15,3.999,4.038,3.89,3.922,3634.0
2021-09-16,3.886,3.925,3.813,3.847,2334.0
2021-09-17,3.832,3.853,3.71,3.74,1688.0
2021-09-20,3.704,3.749,3.683,3.707,901.0
2021-09-21,3.714,3.744,3.671,3.717,1304.0
2021-09-22,3.742,3.748,3.701,3.737,350.0
2021-09-23,3.768,3.88,3.736,3.845,925.0
2021-09-24,3.9,3.941,3.87,3.928,1026.0
2021-09-27,3.942,4.087,3.942,4.087,1912.0
2021-09-28,4.098,4.21,3.968,3.993,3031.0
2021-09-29,3.978,4.02,3.877,3.898,3784.0
2021-09-30,3.858,4.028,3.858,3.992,2321.0
2021-10-01,4.033,4.037,3.944,3.963,2362.0
2021-10-04,4.027,4.102,4.018,4.047,1793.0
2021-10-05,4.088,4.19,4.085,4.172,1829.0
2021-10-06,4.162,4.211,3.99,4.014,3612.0
2021-10-07,4.012,4.062,3.882,4.009,2595.0
2021-10-08,4.049,4.091,4.015,4.033,3017.0
2021-10-11,4.101,4.103,3.953,4.003,1685.0
2021-10-12,4.035,4.084,3.959,4.071,2754.0
2021-10-13,4.035,4.254,4.035,4.157,8605.0
2021-10-14,4.249,4.315,4.176,4.206,2744.0
2021-10-15,4.195,4.231,4.132,4.192,3247.0
2021-10-18,4.129,4.183,4.045,4.064,4240.0
2021-10-19,4.045,4.069,3.979,4.063,3636.0
2021-10-20,4.027,4.083,4.002,4.053,2779.0
2021-10-21,4.066,4.121,4.066,4.109,1784.0
2021-10-22,4.113,4.168,4.066,4.08,1811.0
2021-10-25,4.162,4.257,4.157,4.243,1833.0
2021-10-26,4.31,4.31,4.154,4.243,1880.0
2021-10-27,4.236,4.292,4.18,4.275,1673.0
2021-10-28,4.197,4.253,4.132,4.206,1854.0
2021-10-29,4.211,4.26,4.129,4.14,3683.0
2021-11-01,4.119,4.164,3.949,3.984,2878.0
2021-11-02,3.987,4.129,3.972,4.125,2789.0
2021-11-03,4.078,4.163,4.06,4.127,3222.0
2021-11-04,4.16,4.179,4.078,4.172,3200.0
2021-11-05,4.162,4.192,4.135,4.146,2863.0
2021-11-08,4.161,4.2,4.09,4.135,1851.0
2021-11-09,4.151,4.151,3.949,4.046,2466.0
2021-11-10,4.07,4.103,3.937,4.061,1959.0
2021-11-11,4.088,4.179,4.084,4.174,2096.0
2021-11-12,4.155,4.155,4.048,4.092,3412.0
2021-11-15,4.095,4.162,4.078,4.131,1614.0
2021-11-16,4.163,4.257,4.135,4.142,2194.0
2021-11-17,4.158,4.172,4.084,4.09,2455.0
2021-11-18,4.144,4.165,4.097,4.118,1110.0
2021-11-19,4.138,4.207,4.115,4.164,1963.0
2021-11-22,4.128,4.128,4.02,4.102,1992.0
2021-11-23,4.099,4.245,4.099,4.228,1956.0
2021-11-24,4.241,4.335,4.217,4.331,3383.0
2021-11-26,4.333,4.456,4.327,4.454,2140.0
2021-11-29,4.353,4.405,4.215,4.261,3798.0
2021-11-30,4.208,4.208,4.068,4.108,2644.0
2021-12-01,4.142,4.142,3.957,3.971,6022.0
2021-12-02,3.937,4.018,3.864,3.87,4704.0
2021-12-03,3.912,4.027,3.897,3.948,2751.0
2021-12-06,3.825,3.895,3.66,3.692,9691.0
2021-12-07,3.738,3.814,3.686,3.742,3908.0
2021-12-08,3.761,3.874,3.761,3.823,4597.0
2021-12-09,3.862,3.924,3.781,3.889,4034.0
2021-12-10,3.901,3.984,3.849,3.967,2561.0
2021-12-13,4.03,4.084,3.867,3.883,2703.0
2021-12-14,3.889,3.911,3.786,3.805,2376.0
2021-12-15,3.833,3.93,3.833,3.842,1618.0
2021-12-16,3.936,3.977,3.799,3.806,3513.0
2021-12-17,3.774,3.85,3.721,3.752,1362.0
2021-12-20,3.754,3.903,3.744,3.86,2967.0
2021-12-21,3.826,3.916,3.746,3.89,3310.0
2021-12-22,3.904,3.982,3.85,3.886,2641.0
2021-12-23,3.829,3.907,3.679,3.754,2397.0
2021-12-27,3.889,3.964,3.766,3.947,925.0
2021-12-28,3.933,3.963,3.867,3.921,1057.0
2021-12-29,3.993,4.05,3.869,3.902,1500.0
2021-12-30,3.952,3.963,3.667,3.692,6515.0
2021-12-31,3.721,3.836,3.721,3.786,3389.0
2022-01-03,3.81,3.909,3.759,3.893,2366.0
2022-01-04,3.886,3.966,3.812,3.819,3262.0
2022-01-05,3.895,3.94,3.86,3.909,2662.0
2022-01-06,3.87,3.943,3.87,3.875,3063.0
2022-01-07,3.92,3.971,3.886,3.908,2551.0
2022-01-10,4.054,4.097,3.958,4.0,3308.0
2022-01-11,3.998,4.105,3.97,4.098,2479.0
2022-01-12,4.099,4.337,4.078,4.314,6120.0
2022-01-13,4.293,4.311,4.141,4.169,3999.0
2022-01-14,4.163,4.245,4.122,4.239,3310.0
2022-01-18,4.282,4.335,4.186,4.218,3043.0
2022-01-19,4.269,4.269,4.087,4.097,4523.0
2022-01-20,4.071,4.108,3.909,3.932,3793.0
2022-01-21,3.996,4.048,3.94,4.01,3155.0
2022-01-24,3.956,4.119,3.956,4.086,4062.0
2022-01-25,4.01,4.151,4.01,4.135,2652.0
2022-01-26,4.128,4.37,4.119,4.247,4348.0
2022-01-27,4.23,4.485,4.217,4.41,6341.0
2022-01-28,4.44,4.787,4.396,4.649,10127.0
2022-01-31,4.837,4.934,4.719,4.819,4122.0
2022-02-01,4.846,4.856,4.664,4.753,4574.0
2022-02-02,4.855,5.19,4.829,5.186,8046.0
2022-02-03,5.057,5.121,4.789,4.896,5112.0
2022-02-04,4.98,5.022,4.622,4.705,6796.0
2022-02-07,4.52,4.631,4.332,4.43,9928.0
2022-02-08,4.462,4.568,4.401,4.457,7197.0
2022-02-09,4.439,4.459,4.208,4.231,11277.0
2022-02-10,4.263,4.276,4.128,4.21,7934.0
2022-02-11,4.198,4.302,4.139,4.21,10341.0
2022-02-14,4.29,4.417,4.276,4.4,6641.0
2022-02-15,4.393,4.545,4.373,4.476,6719.0
2022-02-16,4.512,4.783,4.511,4.766,7341.0
2022-02-17,4.726,4.828,4.573,4.652,3793.0
2022-02-18,4.707,4.789,4.535,4.6,3865.0
2022-02-22,4.781,4.937,4.63,4.673,9989.0
2022-02-23,4.695,4.884,4.658,4.795,5561.0
2022-02-24,4.835,5.13,4.765,4.846,8918.0
2022-02-25,4.824,4.913,4.644,4.673,7326.0
2022-02-28,4.795,4.836,4.583,4.611,4169.0
2022-03-01,4.639,4.829,4.563,4.782,3887.0
2022-03-02,4.852,5.094,4.827,4.953,7719.0
2022-03-03,4.994,5.099,4.818,4.894,9170.0
2022-03-04,4.997,5.208,4.939,5.184,5333.0
2022-03-07,5.268,5.335,4.992,5.037,5056.0
2022-03-08,5.08,5.08,4.745,4.766,7286.0
2022-03-09,4.82,4.85,4.707,4.765,4431.0
2022-03-10,4.757,4.902,4.749,4.874,2764.0
2022-03-11,4.905,5.035,4.865,4.975,2504.0
2022-03-14,4.967,4.999,4.77,4.897,2356.0
2022-03-15,4.914,4.914,4.719,4.813,3771.0
2022-03-16,4.861,4.991,4.854,4.956,4058.0
2022-03-17,4.962,5.189,4.905,5.182,4492.0
2022-03-18,5.111,5.146,5.027,5.069,1515.0
2022-03-21,5.12,5.164,4.968,5.099,2406.0
2022-03-22,5.153,5.386,5.077,5.373,6496.0
2022-03-23,5.343,5.506,5.3,5.423,3298.0
2022-03-24,5.337,5.645,5.277,5.586,6929.0
2022-03-25,5.612,5.75,5.535,5.75,4075.0
2022-03-28,5.735,5.825,5.605,5.686,3769.0
2022-03-29,5.623,5.668,5.487,5.502,6281.0
2022-03-30,5.496,5.781,5.449,5.766,5491.0
2022-03-31,5.749,5.987,5.633,5.807,9326.0
2022-04-01,5.832,5.975,5.682,5.924,9773.0
2022-04-04,5.924,6.051,5.863,5.941,11208.0
2022-04-05,6.0,6.397,6.0,6.242,11773.0
2022-04-06,6.266,6.594,6.225,6.254,16845.0
2022-04-07,6.31,6.651,6.23,6.567,14743.0
2022-04-08,6.602,6.745,6.477,6.487,9060.0
2022-04-11,6.566,6.925,6.492,6.855,9971.0
2022-04-12,6.906,7.155,6.829,6.904,14642.0
2022-04-13,6.9,7.318,6.878,7.238,15720.0
2022-04-14,7.315,7.593,7.23,7.561,15343.0
2022-04-18,7.623,8.297,7.623,8.086,10600.0
2022-04-19,8.008,8.175,7.16,7.378,17846.0
2022-04-20,7.56,7.571,7.016,7.198,8840.0
2022-04-21,7.094,7.392,6.97,7.236,8010.0
2022-04-22,7.203,7.344,6.68,6.788,14166.0
2022-04-25,6.615,7.211,6.615,6.924,9926.0
2022-04-26,7.108,7.287,6.928,7.103,7972.0
2022-04-27,7.15,7.604,7.124,7.456,11104.0
2022-04-28,7.497,7.5,7.025,7.032,8730.0
2022-04-29,7.07,7.447,6.962,7.358,11391.0
2022-05-02,7.528,7.681,7.361,7.568,7481.0
2022-05-03,7.731,8.227,7.709,8.012,12976.0
2022-05-04,7.872,8.513,7.811,8.463,10278.0
2022-05-05,8.449,8.919,8.185,8.823,11870.0
2022-05-06,8.89,9.012,8.042,8.142,14334.0
2022-05-09,7.99,8.334,7.074,7.126,14904.0
2022-05-10,7.217,7.492,6.564,7.457,18128.0
2022-05-11,7.399,7.756,7.399,7.712,11582.0
2022-05-12,7.532,7.875,7.376,7.836,9345.0
2022-05-13,7.755,8.01,7.626,7.774,5043.0
2022-05-16,7.881,8.255,7.754,8.044,8565.0
2022-05-17,8.113,8.429,8.099,8.38,6262.0
2022-05-18,8.402,8.612,8.252,8.441,5749.0
2022-05-19,8.334,8.566,8.001,8.388,8230.0
2022-05-20,8.216,8.263,7.939,8.176,7490.0
2022-05-23,8.174,8.849,7.95,8.783,10050.0
2022-05-24,8.805,8.907,8.654,8.795,7753.0
2022-05-25,8.892,9.36,8.782,8.936,8866.0
2022-05-26,8.945,9.333,8.616,8.834,25161.0
2022-05-27,8.791,8.826,8.26,8.668,10153.0
2022-05-31,8.741,8.812,8.088,8.112,13732.0
2022-06-01,8.212,8.74,8.128,8.657,8200.0
2022-06-02,8.705,8.983,8.356,8.449,13458.0
2022-06-03,8.441,8.65,8.258,8.492,9472.0
2022-06-06,8.725,9.318,8.725,9.256,8804.0
2022-06-07,9.254,9.457,9.141,9.246,12402.0
2022-06-08,9.343,9.591,8.461,8.69,21134.0
2022-06-09,8.681,9.062,8.063,9.014,19857.0
2022-06-10,9.06,9.128,8.688,8.915,12743.0
2022-06-13,8.874,8.974,8.441,8.654,14253.0
2022-06-14,8.714,8.897,7.097,7.266,25400.0
2022-06-15,7.385,7.752,7.312,7.463,12922.0
2022-06-16,7.576,8.024,7.333,7.468,15842.0
2022-06-17,7.417,7.577,6.899,6.94,12072.0
2022-06-21,6.85,6.983,6.582,6.82,15339.0
2022-06-22,6.811,6.986,6.608,6.905,9635.0
2022-06-23,6.769,6.883,6.329,6.375,18716.0
2022-06-24,6.376,6.507,6.216,6.357,11195.0
2022-06-27,6.294,6.678,6.206,6.64,13692.0
2022-06-28,6.557,6.809,6.554,6.663,9779.0
2022-06-29,6.743,6.905,6.523,6.614,12096.0
2022-06-30,6.541,6.68,5.46,5.52,27152.0
2022-07-01,5.763,6.02,5.688,5.837,16652.0
2022-07-05,5.827,6.009,5.506,5.605,21272.0
2022-07-06,5.568,5.812,5.465,5.605,13534.0
2022-07-07,5.628,6.421,5.586,6.348,16379.0
2022-07-08,6.259,6.343,6.046,6.068,17444.0
2022-07-11,6.414,6.656,6.255,6.394,22673.0
2022-07-12,6.457,6.709,5.973,6.1,25058.0
2022-07-13,6.184,6.752,6.154,6.677,18906.0
2022-07-14,6.599,6.891,6.559,6.607,20060.0
2022-07-15,6.679,7.099,6.458,6.997,14335.0
2022-07-18,7.149,7.52,7.041,7.445,16772.0
2022-07-19,7.365,7.515,7.104,7.21,15907.0
2022-07-20,7.264,7.964,7.143,7.944,19197.0
2022-07-21,7.792,8.069,7.555,7.854,20598.0
2022-07-22,7.807,8.318,7.697,8.238,25909.0
2022-07-25,8.306,8.75,8.246,8.626,21600.0
2022-07-26,8.667,9.427,8.62,8.866,27209.0
2022-07-27,8.796,9.018,8.42,8.603,24322.0
2022-07-28,8.676,8.767,8.182,8.199,20668.0
2022-07-29,8.24,8.434,8.078,8.283,17336.0
2022-08-01,7.877,8.346,7.823,8.33,21289.0
2022-08-02,8.209,8.251,7.697,7.775,21801.0
2022-08-03,7.745,8.531,7.625,8.331,24410.0
2022-08-04,8.366,8.495,7.971,8.184,18008.0
2022-08-05,8.191,8.293,7.975,8.12,42384.0
2022-08-08,7.889,7.971,7.611,7.653,49243.0
2022-08-09,7.731,7.956,7.701,7.902,35553.0
2022-08-10,7.916,8.328,7.788,8.272,43705.0
2022-08-11,8.276,9.05,8.253,8.939,50027.0
2022-08-12,8.8,8.97,8.592,8.816,24434.0
2022-08-15,8.748,8.99,8.456,8.788,18809.0
2022-08-16,8.86,9.44,8.855,9.37,28931.0
2022-08-17,9.418,9.709,9.173,9.297,26507.0
2022-08-18,9.25,9.677,8.968,9.242,29334.0
2022-08-19,9.24,9.429,8.945,9.385,19102.0
2022-08-22,9.261,10.01,9.231,9.71,25053.0
2022-08-23,9.808,10.04,9.096,9.225,41318.0
2022-08-24,9.262,9.473,9.131,9.369,35600.0
2022-08-25,9.277,9.46,9.222,9.419,18582.0
2022-08-26,9.43,9.7,9.233,9.332,25526.0
2022-08-29,9.724,9.726,9.044,9.4,39404.0
2022-08-30,9.318,9.365,8.933,9.103,27721.0
2022-08-31,9.141,9.341,8.879,9.189,27113.0
2022-09-01,9.194,9.454,9.074,9.33,42437.0
2022-09-02,9.259,9.31,8.692,8.85,35017.0
2022-09-06,9.058,9.176,7.9,8.212,59724.0
2022-09-07,8.118,8.355,7.828,7.901,47896.0
2022-09-08,7.9,8.12,7.834,7.971,61119.0
2022-09-09,8.018,8.255,7.946,8.044,50665.0
2022-09-12,8.121,8.447,7.911,8.287,61493.0
2022-09-13,8.434,8.501,8.211,8.334,52484.0
2022-09-14,8.414,9.292,8.376,9.167,73710.0
2022-09-15,9.134,9.159,8.26,8.372,63983.0
2022-09-16,8.349,8.367,7.766,7.811,54356.0
2022-09-19,7.751,7.961,7.455,7.804,46336.0
2022-09-20,7.929,8.037,7.703,7.772,42905.0
2022-09-21,7.792,8.179,7.609,7.827,60252.0
2022-09-22,7.8,7.825,7.168,7.193,94309.0
2022-09-23,7.274,7.374,6.867,6.992,123600.0
2022-09-26,7.017,7.126,6.692,7.014,81078.0
2022-09-27,7.055,7.24,6.74,6.76,130915.0
2022-09-28,6.775,7.041,6.562,6.955,98396.0
2022-09-29,7.029,7.139,6.599,6.874,85719.0
2022-09-30,6.895,7.044,6.705,6.766,97372.0
2022-10-03,6.8,6.829,6.305,6.47,104483.0
2022-10-04,6.526,6.886,6.31,6.837,121681.0
2022-10-05,6.83,7.022,6.627,6.93,80869.0
2022-10-06,6.921,7.188,6.856,6.972,109938.0
2022-10-07,6.856,6.926,6.6,6.748,124707.0
2022-10-10,6.647,6.901,6.411,6.435,114235.0
2022-10-11,6.512,6.671,6.362,6.596,106885.0
2022-10-12,6.601,6.803,6.399,6.435,112382.0
2022-10-13,6.439,6.777,6.337,6.741,131392.0
2022-10-14,6.684,6.742,6.409,6.453,96729.0
2022-10-17,6.263,6.314,5.912,5.999,132424.0
2022-10-18,5.978,6.095,5.673,5.745,102085.0
2022-10-19,5.686,5.784,5.427,5.462,107157.0
2022-10-20,5.456,5.565,5.253,5.358,104216.0
2022-10-21,5.322,5.375,4.903,4.959,101734.0
2022-10-24,4.97,5.259,4.75,5.199,69672.0
2022-10-25,5.187,5.74,5.119,5.613,39947.0
2022-10-26,5.729,5.748,5.346,5.606,36778.0
2022-10-27,5.703,5.703,4.948,5.186,1731.0
