DATETIME,OPEN,HIGH,LOW,FINAL,VOLUME
2011-02-25,7.335,7.335,7.335,7.335,0.0
2011-02-28,7.345,7.345,7.345,7.345,0.0
2011-03-01,7.417,7.417,7.417,7.417,0.0
2011-03-02,7.47,7.47,7.47,7.47,0.0
2011-03-03,7.465,7.465,7.465,7.465,0.0
2011-03-04,7.6,7.6,7.6,7.6,0.0
2011-03-07,7.612,7.612,7.612,7.612,0.0
2011-03-08,7.606,7.606,7.606,7.606,0.0
2011-03-09,7.614,7.614,7.614,7.614,0.0
2011-03-10,7.621,7.621,7.621,7.621,0.0
2011-03-11,7.625,7.625,7.625,7.625,0.0
2011-03-14,7.682,7.682,7.682,7.682,0.0
2011-03-15,7.962,7.962,7.962,7.962,0.0
2011-03-16,7.967,7.967,7.967,7.967,0.0
2011-03-17,7.939,7.939,7.939,7.939,0.0
2011-03-18,7.883,7.883,7.883,7.883,0.0
2011-03-21,7.801,7.801,7.801,7.801,0.0
2011-03-22,7.842,7.842,7.842,7.842,0.0
2011-03-23,7.869,7.869,7.869,7.869,0.0
2011-03-24,7.863,7.863,7.863,7.863,0.0
2011-03-25,7.961,7.961,7.961,7.961,0.0
2011-03-28,7.947,7.947,7.947,7.947,0.0
2011-03-29,7.903,7.903,7.903,7.903,0.0
2011-03-30,7.936,7.936,7.936,7.936,0.0
2011-03-31,8.016,8.016,8.016,8.016,0.0
2011-04-01,8.108,8.108,8.108,8.108,0.0
2011-04-04,8.129,8.129,8.129,8.129,0.0
2011-04-05,8.025,8.025,8.025,8.025,0.0
2011-04-06,8.027,8.027,8.027,8.027,0.0
2011-04-07,8.059,8.059,8.059,8.059,0.0
2011-04-08,8.186,8.186,8.186,8.186,0.0
2011-04-11,8.211,8.211,8.211,8.211,0.0
2011-04-12,8.149,8.149,8.149,8.149,0.0
2011-04-13,8.111,8.111,8.111,8.111,0.0
2011-04-14,8.098,8.098,8.098,8.098,0.0
2011-04-15,8.128,8.128,8.128,8.128,0.0
2011-04-18,8.123,8.123,8.123,8.123,0.0
2011-04-19,8.09,8.09,8.09,8.09,0.0
2011-04-20,7.962,7.962,7.962,7.962,0.0
2011-04-21,7.886,7.886,7.886,7.886,0.0
2011-04-25,7.883,7.883,7.883,7.883,0.0
2011-04-26,7.912,7.912,7.912,7.912,0.0
2011-04-27,7.879,7.879,7.879,7.879,0.0
2011-04-28,7.881,7.881,7.881,7.881,0.0
2011-04-29,7.819,7.819,7.819,7.819,0.0
2011-05-02,7.841,7.841,7.841,7.841,0.0
2011-05-03,7.911,7.911,7.911,7.911,0.0
2011-05-04,7.95,7.95,7.95,7.95,0.0
2011-05-05,7.844,7.844,7.844,7.844,0.0
2011-05-06,7.745,7.745,7.745,7.745,0.0
2011-05-09,7.758,7.758,7.758,7.758,0.0
2011-05-10,7.834,7.834,7.834,7.834,0.0
2011-05-11,7.888,7.888,7.888,7.888,0.0
2011-05-12,7.897,7.897,7.897,7.897,0.0
2011-05-13,7.959,7.959,7.959,7.959,0.0
2011-05-16,7.954,7.954,7.954,7.954,0.0
2011-05-17,7.923,7.923,7.923,7.923,0.0
2011-05-18,7.937,7.937,7.937,7.937,0.0
2011-05-19,7.86,7.86,7.86,7.86,0.0
2011-05-20,7.907,7.907,7.907,7.907,0.0
2011-05-23,8.046,8.046,8.046,8.046,0.0
2011-05-24,7.969,7.969,7.969,7.969,0.0
2011-05-25,7.968,7.968,7.968,7.968,0.0
2011-05-26,7.938,7.938,7.938,7.938,0.0
2011-05-27,7.974,7.974,7.974,7.974,0.0
2011-05-31,7.844,7.844,7.844,7.844,0.0
2011-06-01,7.82,7.82,7.82,7.82,0.0
2011-06-02,7.684,7.684,7.684,7.684,0.0
2011-06-03,7.635,7.635,7.635,7.635,0.0
2011-06-06,7.579,7.579,7.579,7.579,0.0
2011-06-07,7.586,7.586,7.586,7.586,0.0
2011-06-08,7.602,7.602,7.602,7.602,0.0
2011-06-09,7.515,7.515,7.515,7.515,0.0
2011-06-10,7.514,7.514,7.514,7.514,0.0
2011-06-13,7.492,7.492,7.492,7.492,0.0
2011-06-14,7.611,7.611,7.611,7.611,0.0
2011-06-15,7.635,7.635,7.635,7.635,0.0
2011-06-16,7.635,7.635,7.635,7.635,0.0
2011-06-17,7.699,7.699,7.699,7.699,0.0
2011-06-20,7.697,7.697,7.697,7.697,0.0
2011-06-21,7.537,7.537,7.537,7.537,0.0
2011-06-22,7.55,7.55,7.55,7.55,0.0
2011-06-23,7.552,7.552,7.552,7.552,0.0
2011-06-24,7.575,7.575,7.575,7.575,0.0
2011-06-27,7.564,7.564,7.564,7.564,0.0
2011-06-28,7.565,7.565,7.565,7.565,0.0
2011-06-29,7.537,7.537,7.537,7.537,0.0
2011-06-30,7.534,7.534,7.534,7.534,0.0
2011-07-01,7.534,7.534,7.534,7.534,0.0
2011-07-05,7.471,7.471,7.471,7.471,0.0
2011-07-06,7.486,7.486,7.486,7.486,0.0
2011-07-07,7.514,7.514,7.514,7.514,0.0
2011-07-08,7.581,7.581,7.581,7.581,0.0
2011-07-11,7.621,7.621,7.621,7.621,0.0
2011-07-12,7.621,7.621,7.621,7.621,0.0
2011-07-13,7.564,7.564,7.564,7.564,0.0
2011-07-14,7.542,7.542,7.542,7.542,0.0
2011-07-15,7.544,7.544,7.544,7.544,0.0
2011-07-18,7.524,7.524,7.524,7.524,0.0
2011-07-19,7.416,7.416,7.416,7.416,0.0
2011-07-20,7.367,7.367,7.367,7.367,0.0
2011-07-21,7.398,7.398,7.398,7.398,0.0
2011-07-22,7.374,7.374,7.374,7.374,0.0
2011-07-25,7.359,7.359,7.359,7.359,0.0
2011-07-26,7.354,7.354,7.354,7.354,0.0
2011-07-27,7.367,7.367,7.367,7.367,0.0
2011-07-28,7.393,7.393,7.393,7.393,0.0
2011-07-29,7.393,7.393,7.393,7.393,0.0
2011-08-01,7.447,7.447,7.447,7.447,0.0
2011-08-02,7.352,7.352,7.352,7.352,0.0
2011-08-03,7.303,7.303,7.303,7.303,0.0
2011-08-04,7.188,7.188,7.188,7.188,0.0
2011-08-05,7.125,7.125,7.125,7.125,0.0
2011-08-08,7.096,7.096,7.096,7.096,0.0
2011-08-09,7.072,7.072,7.072,7.072,0.0
2011-08-10,7.044,7.044,7.044,7.044,0.0
2011-08-11,7.097,7.097,7.097,7.097,0.0
2011-08-12,7.11,7.11,7.11,7.11,0.0
2011-08-15,7.174,7.174,7.174,7.174,0.0
2011-08-16,7.245,7.245,7.245,7.245,0.0
2011-08-17,7.212,7.212,7.212,7.212,0.0
2011-08-18,7.202,7.202,7.202,7.202,0.0
2011-08-19,7.24,7.24,7.24,7.24,0.0
2011-08-22,7.216,7.216,7.216,7.216,0.0
2011-08-23,7.234,7.234,7.234,7.234,0.0
2011-08-24,7.084,7.084,7.084,7.084,0.0
2011-08-25,7.075,7.075,7.075,7.075,0.0
2011-08-26,7.072,7.072,7.072,7.072,0.0
2011-08-29,7.041,7.041,7.041,7.041,0.0
2011-08-30,7.057,7.057,7.057,7.057,0.0
2011-08-31,7.06,7.06,7.06,7.06,0.0
2011-09-01,7.121,7.121,7.121,7.121,0.0
2011-09-02,7.111,7.111,7.111,7.111,0.0
2011-09-06,7.114,7.114,7.114,7.114,0.0
2011-09-07,7.081,7.081,7.081,7.081,0.0
2011-09-08,7.071,7.071,7.071,7.071,0.0
2011-09-09,7.018,7.018,7.018,7.018,0.0
2011-09-12,6.991,6.991,6.991,6.991,0.0
2011-09-13,7.013,7.013,7.013,7.013,0.0
2011-09-14,6.971,6.971,6.971,6.971,0.0
2011-09-15,6.951,6.951,6.951,6.951,0.0
2011-09-16,6.958,6.958,6.958,6.958,0.0
2011-09-19,6.948,6.948,6.948,6.948,0.0
2011-09-20,6.99,6.99,6.99,6.99,0.0
2011-09-21,6.99,6.99,6.99,6.99,0.0
2011-09-22,6.858,6.858,6.858,6.858,0.0
2011-09-23,6.864,6.864,6.864,6.864,0.0
2011-09-26,6.911,6.911,6.911,6.911,0.0
2011-09-27,6.993,6.993,6.993,6.993,0.0
2011-09-28,6.999,6.999,6.999,6.999,0.0
2011-09-29,6.98,6.98,6.98,6.98,0.0
2011-09-30,6.967,6.967,6.967,6.967,0.0
2011-10-03,6.953,6.953,6.953,6.953,0.0
2011-10-04,6.894,6.894,6.894,6.894,0.0
2011-10-05,6.867,6.867,6.867,6.867,0.0
2011-10-06,6.812,6.812,6.812,6.812,0.0
2011-10-07,6.774,6.774,6.774,6.774,0.0
2011-10-10,6.763,6.763,6.763,6.763,0.0
2011-10-11,6.733,6.733,6.733,6.733,0.0
2011-10-12,6.722,6.722,6.722,6.722,0.0
2011-10-13,6.749,6.749,6.749,6.749,0.0
2011-10-14,6.811,6.811,6.811,6.811,0.0
2011-10-17,6.798,6.798,6.798,6.798,0.0
2011-10-18,6.775,6.775,6.775,6.775,0.0
2011-10-19,6.777,6.777,6.777,6.777,0.0
2011-10-20,6.783,6.783,6.783,6.783,0.0
2011-10-21,6.785,6.785,6.785,6.785,0.0
2011-10-24,6.782,6.782,6.782,6.782,0.0
2011-10-25,6.818,6.818,6.818,6.818,0.0
2011-10-26,6.86,6.86,6.86,6.86,0.0
2011-10-27,6.865,6.865,6.865,6.865,0.0
2011-10-28,6.973,6.973,6.973,6.973,0.0
2011-10-31,6.973,6.973,6.973,6.973,0.0
2011-11-01,6.903,6.903,6.903,6.903,0.0
2011-11-02,6.862,6.862,6.862,6.862,0.0
2011-11-03,6.94,6.94,6.94,6.94,0.0
2011-11-04,6.93,6.93,6.93,6.93,0.0
2011-11-07,6.908,6.908,6.908,6.908,0.0
2011-11-08,6.866,6.866,6.866,6.866,0.0
2011-11-09,6.843,6.843,6.843,6.843,0.0
2011-11-10,6.793,6.793,6.793,6.793,0.0
2011-11-11,6.723,6.723,6.723,6.723,0.0
2011-11-14,6.701,6.701,6.701,6.701,0.0
2011-11-15,6.711,6.711,6.711,6.711,0.0
2011-11-16,6.686,6.686,6.686,6.686,0.0
2011-11-17,6.638,6.638,6.638,6.638,0.0
2011-11-18,6.597,6.597,6.597,6.597,0.0
2011-11-21,6.607,6.607,6.607,6.607,0.0
2011-11-22,6.586,6.586,6.586,6.586,0.0
2011-11-23,6.558,6.558,6.558,6.558,0.0
2011-11-25,6.597,6.597,6.597,6.597,0.0
2011-11-28,6.563,6.563,6.563,6.563,0.0
2011-11-29,6.669,6.669,6.669,6.669,0.0
2011-11-30,6.654,6.654,6.654,6.654,0.0
2011-12-01,6.639,6.639,6.639,6.639,0.0
2011-12-02,6.64,6.64,6.64,6.64,0.0
2011-12-05,6.64,6.64,6.64,6.64,0.0
2011-12-06,6.609,6.609,6.609,6.609,0.0
2011-12-07,6.663,6.663,6.663,6.663,0.0
2011-12-08,6.633,6.633,6.633,6.633,0.0
2011-12-09,6.601,6.601,6.601,6.601,0.0
2011-12-12,6.563,6.563,6.563,6.563,0.0
2011-12-13,6.482,6.482,6.482,6.482,0.0
2011-12-14,6.442,6.442,6.442,6.442,0.0
2011-12-15,6.404,6.404,6.404,6.404,0.0
2011-12-16,6.434,6.434,6.434,6.434,0.0
2011-12-19,6.431,6.431,6.431,6.431,0.0
2011-12-20,6.431,6.431,6.431,6.431,0.0
2011-12-21,6.388,6.388,6.388,6.388,0.0
2011-12-22,6.403,6.403,6.403,6.403,0.0
2011-12-23,6.388,6.388,6.388,6.388,0.0
2011-12-27,6.388,6.388,6.388,6.388,0.0
2011-12-28,6.378,6.378,6.378,6.378,0.0
2011-12-29,6.378,6.378,6.378,6.378,0.0
2011-12-30,6.378,6.378,6.378,6.378,0.0
2012-01-03,6.377,6.377,6.377,6.377,0.0
2012-01-04,6.382,6.382,6.382,6.382,0.0
2012-01-05,6.413,6.413,6.413,6.413,0.0
2012-01-06,6.453,6.453,6.453,6.453,0.0
2012-01-09,6.434,6.434,6.434,6.434,0.0
2012-01-10,6.396,6.396,6.396,6.396,0.0
2012-01-11,6.436,6.436,6.436,6.436,0.0
2012-01-12,6.413,6.413,6.413,6.413,0.0
2012-01-13,6.411,6.411,6.411,6.411,0.0
2012-01-17,6.388,6.388,6.388,6.388,0.0
2012-01-18,6.299,6.299,6.299,6.299,0.0
2012-01-19,6.311,6.311,6.311,6.311,0.0
2012-01-20,6.152,6.152,6.152,6.152,0.0
2012-01-23,6.152,6.152,6.152,6.152,0.0
2012-01-24,6.188,6.188,6.188,6.188,0.0
2012-01-25,6.202,6.202,6.202,6.202,0.0
2012-01-26,6.137,6.137,6.137,6.137,0.0
2012-01-27,6.169,6.169,6.169,6.169,0.0
2012-01-30,6.144,6.144,6.144,6.144,0.0
2012-01-31,6.099,6.099,6.099,6.099,0.0
2012-02-01,6.074,6.074,6.074,6.074,0.0
2012-02-02,6.155,6.155,6.155,6.155,0.0
2012-02-03,6.191,6.191,6.191,6.191,0.0
2012-02-06,6.235,6.235,6.235,6.235,0.0
2012-02-07,6.143,6.143,6.143,6.143,0.0
2012-02-08,6.083,6.083,6.083,6.083,0.0
2012-02-09,5.948,5.948,5.948,5.948,0.0
2012-02-10,5.939,5.939,5.939,5.939,0.0
2012-02-13,5.939,5.939,5.939,5.939,0.0
2012-02-14,5.953,5.953,5.953,5.953,0.0
2012-02-15,5.953,5.953,5.953,5.953,0.0
2012-02-16,5.921,5.921,5.921,5.921,0.0
2012-02-17,5.941,5.941,5.941,5.941,0.0
2012-02-21,5.91,5.91,5.91,5.91,0.0
2012-02-22,5.972,5.972,5.972,5.972,0.0
2012-02-23,5.972,5.972,5.972,5.972,0.0
2012-02-24,5.935,5.935,5.935,5.935,0.0
2012-02-27,5.899,5.899,5.899,5.899,0.0
2012-02-28,5.883,5.883,5.883,5.883,0.0
2012-02-29,5.893,5.893,5.893,5.893,0.0
2012-03-01,5.848,5.848,5.848,5.848,0.0
2012-03-02,5.887,5.887,5.887,5.887,0.0
2012-03-05,5.814,5.814,5.814,5.814,0.0
2012-03-06,5.742,5.742,5.742,5.742,0.0
2012-03-07,5.697,5.697,5.697,5.697,0.0
2012-03-08,5.698,5.698,5.698,5.698,0.0
2012-03-09,5.806,5.806,5.806,5.806,0.0
2012-03-12,5.785,5.785,5.785,5.785,0.0
2012-03-13,5.834,5.834,5.834,5.834,0.0
2012-03-14,5.899,5.899,5.899,5.899,0.0
2012-03-15,5.899,5.899,5.899,5.899,0.0
2012-03-16,5.88,5.88,5.88,5.88,0.0
2012-03-19,5.888,5.888,5.888,5.888,0.0
2012-03-20,5.857,5.857,5.857,5.857,0.0
2012-03-21,5.847,5.847,5.847,5.847,0.0
2012-03-22,5.834,5.834,5.834,5.834,0.0
2012-03-23,5.854,5.854,5.854,5.854,0.0
2012-03-26,5.866,5.866,5.866,5.866,0.0
2012-03-27,5.85,5.85,5.85,5.85,0.0
2012-03-28,5.862,5.862,5.862,5.862,0.0
2012-03-29,5.829,5.829,5.829,5.829,0.0
2012-03-30,5.897,5.897,5.897,5.897,0.0
2012-04-02,5.883,5.883,5.883,5.883,0.0
2012-04-03,5.883,5.883,5.883,5.883,0.0
2012-04-04,5.883,5.883,5.883,5.883,0.0
2012-04-05,5.848,5.848,5.848,5.848,0.0
2012-04-09,5.868,5.868,5.868,5.868,0.0
2012-04-10,5.847,5.847,5.847,5.847,0.0
2012-04-11,5.806,5.806,5.806,5.806,0.0
2012-04-12,5.719,5.719,5.719,5.719,0.0
2012-04-13,5.707,5.707,5.707,5.707,0.0
2012-04-16,5.677,5.677,5.677,5.677,0.0
2012-04-17,5.616,5.616,5.616,5.616,0.0
2012-04-18,5.594,5.594,5.594,5.594,0.0
2012-04-19,5.564,5.564,5.564,5.564,0.0
2012-04-20,5.501,5.501,5.501,5.501,0.0
2012-04-23,5.46,5.46,5.46,5.46,0.0
2012-04-24,5.494,5.494,5.494,5.494,0.0
2012-04-25,5.393,5.393,5.393,5.393,0.0
2012-04-26,5.417,5.417,5.417,5.417,0.0
2012-04-27,5.428,5.428,5.428,5.428,0.0
2012-04-30,5.468,5.468,5.468,5.468,0.0
2012-05-01,5.47,5.47,5.47,5.47,0.0
2012-05-02,5.473,5.473,5.473,5.473,0.0
2012-05-03,5.478,5.478,5.478,5.478,0.0
2012-05-04,5.47,5.47,5.47,5.47,0.0
2012-05-07,5.48,5.48,5.48,5.48,0.0
2012-05-08,5.473,5.473,5.473,5.473,0.0
2012-05-09,5.502,5.502,5.502,5.502,0.0
2012-05-10,5.487,5.487,5.487,5.487,0.0
2012-05-11,5.467,5.467,5.467,5.467,0.0
2012-05-14,5.475,5.475,5.475,5.475,0.0
2012-05-15,5.507,5.507,5.507,5.507,0.0
2012-05-16,5.535,5.535,5.535,5.535,0.0
2012-05-17,5.524,5.524,5.524,5.524,0.0
2012-05-18,5.563,5.563,5.563,5.563,0.0
2012-05-21,5.503,5.503,5.503,5.503,0.0
2012-05-22,5.544,5.544,5.544,5.544,0.0
2012-05-23,5.528,5.528,5.528,5.528,0.0
2012-05-24,5.537,5.537,5.537,5.537,0.0
2012-05-25,5.582,5.582,5.582,5.582,0.0
2012-05-29,5.548,5.548,5.548,5.548,0.0
2012-05-30,5.506,5.506,5.506,5.506,0.0
2012-05-31,5.576,5.576,5.576,5.576,0.0
2012-06-01,5.536,5.536,5.536,5.536,0.0
2012-06-04,5.538,5.538,5.538,5.538,0.0
2012-06-05,5.48,5.48,5.48,5.48,0.0
2012-06-06,5.475,5.475,5.475,5.475,0.0
2012-06-07,5.454,5.454,5.454,5.454,0.0
2012-06-08,5.475,5.475,5.475,5.475,0.0
2012-06-11,5.438,5.438,5.438,5.438,0.0
2012-06-12,5.438,5.438,5.438,5.438,0.0
2012-06-13,5.439,5.439,5.439,5.439,0.0
2012-06-14,5.464,5.464,5.464,5.464,0.0
2012-06-15,5.35,5.35,5.35,5.35,0.0
2012-06-18,5.296,5.296,5.296,5.296,0.0
2012-06-19,5.336,5.336,5.336,5.336,0.0
2012-06-20,5.336,5.336,5.336,5.336,0.0
2012-06-21,5.311,5.311,5.311,5.311,0.0
2012-06-22,5.283,5.283,5.283,5.283,0.0
2012-06-25,5.31,5.31,5.31,5.31,0.0
2012-06-26,5.355,5.355,5.355,5.355,0.0
2012-06-27,5.373,5.373,5.373,5.373,0.0
2012-06-28,5.371,5.371,5.371,5.371,0.0
2012-06-29,5.359,5.359,5.359,5.359,0.0
2012-07-02,5.37,5.37,5.37,5.37,0.0
2012-07-03,5.411,5.411,5.411,5.411,0.0
2012-07-05,5.414,5.414,5.414,5.414,0.0
2012-07-06,5.366,5.366,5.366,5.366,0.0
2012-07-09,5.415,5.415,5.415,5.415,0.0
2012-07-10,5.408,5.408,5.408,5.408,0.0
2012-07-11,5.455,5.455,5.455,5.455,0.0
2012-07-12,5.444,5.444,5.444,5.444,0.0
2012-07-13,5.447,5.447,5.447,5.447,0.0
2012-07-16,5.398,5.398,5.398,5.398,0.0
2012-07-17,5.558,5.558,5.558,5.558,0.0
2012-07-18,5.628,5.628,5.628,5.628,0.0
2012-07-19,5.587,5.587,5.587,5.587,0.0
2012-07-20,5.609,5.609,5.609,5.609,0.0
2012-07-23,5.618,5.618,5.618,5.618,0.0
2012-07-24,5.655,5.655,5.655,5.655,0.0
2012-07-25,5.662,5.662,5.662,5.662,0.0
2012-07-26,5.705,5.705,5.705,5.705,0.0
2012-07-27,5.707,5.707,5.707,5.707,0.0
2012-07-30,5.775,5.775,5.775,5.775,0.0
2012-07-31,5.735,5.735,5.735,5.735,0.0
2012-08-01,5.7,5.7,5.7,5.7,0.0
2012-08-02,5.58,5.58,5.58,5.58,0.0
2012-08-03,5.552,5.552,5.552,5.552,0.0
2012-08-06,5.822,5.822,5.822,5.822,0.0
2012-08-07,5.757,5.757,5.757,5.757,0.0
2012-08-08,5.999,5.999,5.999,5.999,0.0
2012-08-09,5.899,5.899,5.899,5.899,0.0
2012-08-10,5.836,5.836,5.836,5.836,0.0
2012-08-13,5.809,5.809,5.809,5.809,0.0
2012-08-14,5.851,5.851,5.851,5.851,0.0
2012-08-15,5.944,5.944,5.944,5.944,0.0
2012-08-16,5.917,5.917,5.917,5.917,0.0
2012-08-17,5.915,5.915,5.915,5.915,0.0
2012-08-20,5.954,5.954,5.954,5.954,0.0
2012-08-21,5.957,5.957,5.957,5.957,0.0
2012-08-22,5.948,5.948,5.948,5.948,0.0
2012-08-23,5.931,5.931,5.931,5.931,0.0
2012-08-24,5.893,5.893,5.893,5.893,0.0
2012-08-27,5.868,5.868,5.868,5.868,0.0
2012-08-28,5.813,5.813,5.813,5.813,0.0
2012-08-29,5.834,5.834,5.834,5.834,0.0
2012-08-30,5.841,5.841,5.841,5.841,0.0
2012-08-31,5.825,5.825,5.825,5.825,0.0
2012-09-04,5.827,5.827,5.827,5.827,0.0
2012-09-05,5.817,5.817,5.817,5.817,0.0
2012-09-06,5.813,5.813,5.813,5.813,0.0
2012-09-07,5.763,5.763,5.763,5.763,0.0
2012-09-10,5.748,5.748,5.748,5.748,0.0
2012-09-11,5.788,5.788,5.788,5.788,0.0
2012-09-12,5.863,5.863,5.863,5.863,0.0
2012-09-13,5.868,5.868,5.868,5.868,0.0
2012-09-14,5.858,5.858,5.858,5.858,0.0
2012-09-17,5.839,5.839,5.839,5.839,0.0
2012-09-18,5.937,5.937,5.937,5.937,0.0
2012-09-19,5.937,5.937,5.937,5.937,0.0
2012-09-20,5.941,5.941,5.941,5.941,0.0
2012-09-21,6.0,6.0,6.0,6.0,0.0
2012-09-24,5.984,5.984,5.984,5.984,0.0
2012-09-25,6.001,6.001,6.001,6.001,0.0
2012-09-26,5.967,5.967,5.967,5.967,0.0
2012-09-27,5.991,5.991,5.991,5.991,0.0
2012-09-28,6.003,6.003,6.003,6.003,0.0
2012-10-01,6.024,6.024,6.024,6.024,0.0
2012-10-02,5.98,5.98,5.98,5.98,0.0
2012-10-03,5.958,5.958,5.958,5.958,0.0
2012-10-04,5.95,5.95,5.95,5.95,0.0
2012-10-05,6.0,6.0,6.0,6.0,0.0
2012-10-08,6.039,6.039,6.039,6.039,0.0
2012-10-09,6.045,6.045,6.045,6.045,0.0
2012-10-10,6.021,6.021,6.021,6.021,0.0
2012-10-11,6.049,6.049,6.049,6.049,0.0
2012-10-12,6.01,6.01,6.01,6.01,0.0
2012-10-15,5.976,5.976,5.976,5.976,0.0
2012-10-16,5.982,5.982,5.982,5.982,0.0
2012-10-17,6.03,6.03,6.03,6.03,0.0
2012-10-18,5.978,5.978,5.978,5.978,0.0
2012-10-19,5.976,5.976,5.976,5.976,0.0
2012-10-22,5.978,5.978,5.978,5.978,0.0
2012-10-23,6.014,6.014,6.014,6.014,0.0
2012-10-24,5.989,5.989,5.989,5.989,0.0
2012-10-25,6.019,6.019,6.019,6.019,0.0
2012-10-26,6.028,6.028,6.028,6.028,0.0
2012-10-29,6.097,6.097,6.097,6.097,0.0
2012-10-30,6.028,6.028,6.028,6.028,0.0
2012-10-31,6.031,6.031,6.031,6.031,0.0
2012-11-01,6.038,6.038,6.038,6.038,0.0
2012-11-02,5.937,5.937,5.937,5.937,0.0
2012-11-05,5.894,5.894,5.894,5.894,0.0
2012-11-06,5.942,5.942,5.942,5.942,0.0
2012-11-07,5.918,5.918,5.918,5.918,0.0
2012-11-08,5.961,5.961,5.961,5.961,0.0
2012-11-09,5.9,5.9,5.9,5.9,0.0
2012-11-12,5.95,5.95,5.95,5.95,0.0
2012-11-13,5.989,5.989,5.989,5.989,0.0
2012-11-14,5.956,5.956,5.956,5.956,0.0
2012-11-15,5.877,5.877,5.877,5.877,0.0
2012-11-16,5.875,5.875,5.875,5.875,0.0
2012-11-19,5.84,5.84,5.84,5.84,0.0
2012-11-20,5.881,5.881,5.881,5.881,0.0
2012-11-21,5.85,5.85,5.85,5.85,0.0
2012-11-23,5.837,5.837,5.837,5.837,0.0
2012-11-26,5.806,5.806,5.806,5.806,0.0
2012-11-27,5.841,5.841,5.841,5.841,0.0
2012-11-28,5.833,5.833,5.833,5.833,0.0
2012-11-29,5.757,5.757,5.757,5.757,0.0
2012-11-30,5.738,5.738,5.738,5.738,0.0
2012-12-03,5.772,5.772,5.772,5.772,0.0
2012-12-04,5.747,5.747,5.747,5.747,0.0
2012-12-05,5.777,5.777,5.777,5.777,0.0
2012-12-06,5.769,5.769,5.769,5.769,0.0
2012-12-07,5.746,5.746,5.746,5.746,0.0
2012-12-10,5.768,5.768,5.768,5.768,0.0
2012-12-11,5.741,5.741,5.741,5.741,0.0
2012-12-12,5.735,5.735,5.735,5.735,0.0
2012-12-13,5.742,5.742,5.742,5.742,0.0
2012-12-14,5.738,5.738,5.738,5.738,0.0
2012-12-17,5.793,5.793,5.793,5.793,0.0
2012-12-18,5.93,5.93,5.93,5.93,0.0
2012-12-19,5.9,5.9,5.9,5.9,0.0
2012-12-20,5.966,5.966,5.966,5.966,0.0
2012-12-21,5.948,5.948,5.948,5.948,0.0
2012-12-24,5.911,5.911,5.911,5.911,0.0
2012-12-26,5.931,5.931,5.931,5.931,0.0
2012-12-27,5.914,5.914,5.914,5.914,0.0
2012-12-28,5.909,5.909,5.909,5.909,0.0
2012-12-31,5.868,5.868,5.868,5.868,0.0
2013-01-02,5.832,5.832,5.832,5.832,0.0
2013-01-03,5.827,5.827,5.827,5.827,0.0
2013-01-04,5.885,5.885,5.885,5.885,0.0
2013-01-07,5.866,5.866,5.866,5.866,0.0
2013-01-08,5.844,5.844,5.844,5.844,0.0
2013-01-09,5.824,5.824,5.824,5.824,0.0
2013-01-10,5.836,5.836,5.836,5.836,0.0
2013-01-11,5.797,5.797,5.797,5.797,0.0
2013-01-14,5.784,5.784,5.784,5.784,0.0
2013-01-15,5.794,5.794,5.794,5.794,0.0
2013-01-16,5.794,5.794,5.794,5.794,0.0
2013-01-17,5.783,5.783,5.783,5.783,0.0
2013-01-18,5.814,5.814,5.814,5.814,0.0
2013-01-22,5.808,5.808,5.808,5.808,0.0
2013-01-23,5.843,5.843,5.843,5.843,0.0
2013-01-24,5.814,5.814,5.814,5.814,0.0
2013-01-25,5.834,5.834,5.834,5.834,0.0
2013-01-28,5.774,5.774,5.774,5.774,0.0
2013-01-29,5.745,5.745,5.745,5.745,0.0
2013-01-30,5.769,5.769,5.769,5.769,0.0
2013-01-31,5.76,5.76,5.76,5.76,0.0
2013-02-01,5.717,5.717,5.717,5.717,0.0
2013-02-04,5.737,5.737,5.737,5.737,0.0
2013-02-05,5.739,5.739,5.739,5.739,0.0
2013-02-06,5.734,5.734,5.734,5.734,0.0
2013-02-07,5.71,5.71,5.71,5.71,0.0
2013-02-08,5.755,5.755,5.755,5.755,0.0
2013-02-11,5.765,5.765,5.765,5.765,0.0
2013-02-12,5.782,5.782,5.782,5.782,0.0
2013-02-13,5.811,5.811,5.811,5.811,0.0
2013-02-14,5.787,5.787,5.787,5.787,0.0
2013-02-15,5.768,5.768,5.768,5.768,0.0
2013-02-19,5.809,5.809,5.809,5.809,0.0
2013-02-20,5.787,5.787,5.787,5.787,0.0
2013-02-21,5.76,5.76,5.76,5.76,0.0
2013-02-22,5.757,5.757,5.757,5.757,0.0
2013-02-25,5.758,5.758,5.758,5.758,0.0
2013-02-26,5.762,5.762,5.762,5.762,0.0
2013-02-27,5.755,5.755,5.755,5.755,0.0
2013-02-28,5.776,5.776,5.776,5.776,0.0
2013-03-01,5.797,5.797,5.797,5.797,0.0
2013-03-04,5.842,5.842,5.842,5.842,0.0
2013-03-05,5.83,5.83,5.83,5.83,0.0
2013-03-06,5.8,5.8,5.8,5.8,0.0
2013-03-07,5.834,5.834,5.834,5.834,0.0
2013-03-08,5.83,5.83,5.83,5.83,0.0
2013-03-11,5.823,5.823,5.823,5.823,0.0
2013-03-12,5.793,5.793,5.793,5.793,0.0
2013-03-13,5.804,5.804,5.804,5.804,0.0
2013-03-14,5.796,5.796,5.796,5.796,0.0
2013-03-15,5.799,5.799,5.799,5.799,0.0
2013-03-18,5.784,5.784,5.784,5.784,0.0
2013-03-19,5.809,5.809,5.809,5.809,0.0
2013-03-20,5.803,5.803,5.803,5.803,0.0
2013-03-21,5.74,5.74,5.74,5.74,0.0
2013-03-22,5.732,5.732,5.732,5.732,0.0
2013-03-25,5.698,5.698,5.698,5.698,0.0
2013-03-26,5.71,5.71,5.71,5.71,0.0
2013-03-27,5.645,5.645,5.645,5.645,0.0
2013-03-28,5.562,5.562,5.562,5.562,0.0
2013-04-01,5.551,5.551,5.551,5.551,0.0
2013-04-02,5.514,5.514,5.514,5.514,0.0
2013-04-03,5.574,5.574,5.574,5.574,0.0
2013-04-04,5.586,5.586,5.586,5.586,0.0
2013-04-05,5.563,5.563,5.563,5.563,0.0
2013-04-08,5.479,5.479,5.479,5.479,0.0
2013-04-09,5.309,5.309,5.309,5.309,0.0
2013-04-10,5.253,5.253,5.253,5.253,0.0
2013-04-11,5.332,5.332,5.332,5.332,0.0
2013-04-12,5.486,5.486,5.486,5.486,0.0
2013-04-15,5.497,5.497,5.497,5.497,0.0
2013-04-16,5.578,5.578,5.578,5.578,0.0
2013-04-17,5.582,5.582,5.582,5.582,0.0
2013-04-18,5.572,5.572,5.572,5.572,0.0
2013-04-19,5.571,5.571,5.571,5.571,0.0
2013-04-22,5.564,5.564,5.564,5.564,0.0
2013-04-23,5.552,5.552,5.552,5.552,0.0
2013-04-24,5.449,5.449,5.449,5.449,0.0
2013-04-25,5.463,5.463,5.463,5.463,0.0
2013-04-26,5.465,5.465,5.465,5.465,0.0
2013-04-29,5.478,5.478,5.478,5.478,0.0
2013-04-30,5.479,5.479,5.479,5.479,0.0
2013-05-01,5.464,5.464,5.464,5.464,0.0
2013-05-02,5.467,5.467,5.467,5.467,0.0
2013-05-03,5.53,5.53,5.53,5.53,0.0
2013-05-06,5.581,5.581,5.581,5.581,0.0
2013-05-07,5.58,5.58,5.58,5.58,0.0
2013-05-08,5.564,5.564,5.564,5.564,0.0
2013-05-09,5.526,5.526,5.526,5.526,0.0
2013-05-10,5.503,5.503,5.503,5.503,0.0
2013-05-13,5.513,5.513,5.513,5.513,0.0
2013-05-14,5.544,5.544,5.544,5.544,0.0
2013-05-15,5.526,5.526,5.526,5.526,0.0
2013-05-16,5.523,5.523,5.523,5.523,0.0
2013-05-17,5.682,5.682,5.682,5.682,0.0
2013-05-20,5.85,5.85,5.85,5.85,0.0
2013-05-21,5.917,5.917,5.917,5.917,0.0
2013-05-22,6.022,6.022,6.022,6.022,0.0
2013-05-23,6.01,6.01,6.01,6.01,0.0
2013-05-24,6.001,6.001,6.001,6.001,0.0
2013-05-28,5.99,5.99,5.99,5.99,0.0
2013-05-29,5.981,5.981,5.981,5.981,0.0
2013-05-30,5.941,5.941,5.941,5.941,0.0
2013-05-31,5.963,5.963,5.963,5.963,0.0
2013-06-03,5.978,5.978,5.978,5.978,0.0
2013-06-04,5.955,5.955,5.955,5.955,0.0
2013-06-05,5.927,5.927,5.927,5.927,0.0
2013-06-06,5.872,5.872,5.872,5.872,0.0
2013-06-07,5.898,5.898,5.898,5.898,0.0
2013-06-10,5.882,5.882,5.882,5.882,0.0
2013-06-11,5.807,5.807,5.807,5.807,0.0
2013-06-12,5.771,5.771,5.771,5.771,0.0
2013-06-13,5.775,5.775,5.775,5.775,0.0
2013-06-14,5.761,5.761,5.761,5.761,0.0
2013-06-17,5.797,5.797,5.797,5.797,0.0
2013-06-18,5.854,5.854,5.854,5.854,0.0
2013-06-19,5.821,5.821,5.821,5.821,0.0
2013-06-20,5.802,5.802,5.802,5.802,0.0
2013-06-21,5.888,5.888,5.888,5.888,0.0
2013-06-24,5.999,5.999,5.999,5.999,0.0
2013-06-25,6.066,6.066,6.066,6.066,0.0
2013-06-26,6.113,6.113,6.113,6.113,0.0
2013-06-27,6.052,6.052,6.052,6.052,0.0
2013-06-28,6.084,6.084,6.084,6.084,0.0
2013-07-01,6.019,6.019,6.019,6.019,0.0
2013-07-02,6.054,6.054,6.054,6.054,0.0
2013-07-03,6.076,6.076,6.076,6.076,0.0
2013-07-05,6.035,6.035,6.035,6.035,0.0
2013-07-08,6.082,6.082,6.082,6.082,0.0
2013-07-09,5.993,5.993,5.993,5.993,0.0
2013-07-10,5.979,5.979,5.979,5.979,0.0
2013-07-11,5.976,5.976,5.976,5.976,0.0
2013-07-12,5.976,5.976,5.976,5.976,0.0
2013-07-15,5.997,5.997,5.997,5.997,0.0
2013-07-16,5.996,5.996,5.996,5.996,0.0
2013-07-17,5.998,5.998,5.998,5.998,0.0
2013-07-18,5.948,5.948,5.948,5.948,0.0
2013-07-19,5.902,5.902,5.902,5.902,0.0
2013-07-22,5.878,5.878,5.878,5.878,0.0
2013-07-23,5.847,5.847,5.847,5.847,0.0
2013-07-24,5.866,5.866,5.866,5.866,0.0
2013-07-25,5.891,5.891,5.891,5.891,0.0
2013-07-26,5.83,5.83,5.83,5.83,0.0
2013-07-29,5.83,5.83,5.83,5.83,0.0
2013-07-30,5.797,5.797,5.797,5.797,0.0
2013-07-31,5.815,5.815,5.815,5.815,0.0
2013-08-01,5.791,5.791,5.791,5.791,0.0
2013-08-02,5.776,5.776,5.776,5.776,0.0
2013-08-05,5.761,5.761,5.761,5.761,0.0
2013-08-06,5.744,5.744,5.744,5.744,0.0
2013-08-07,5.767,5.767,5.767,5.767,0.0
2013-08-08,5.733,5.733,5.733,5.733,0.0
2013-08-09,5.703,5.703,5.703,5.703,0.0
2013-08-12,5.643,5.643,5.643,5.643,0.0
2013-08-13,5.575,5.575,5.575,5.575,0.0
2013-08-14,5.526,5.526,5.526,5.526,0.0
2013-08-15,5.554,5.554,5.554,5.554,0.0
2013-08-16,5.536,5.536,5.536,5.536,0.0
2013-08-19,5.547,5.547,5.547,5.547,0.0
2013-08-20,5.533,5.533,5.533,5.533,0.0
2013-08-21,5.497,5.497,5.497,5.497,0.0
2013-08-22,5.522,5.522,5.522,5.522,0.0
2013-08-23,5.492,5.492,5.492,5.492,0.0
2013-08-26,5.444,5.444,5.444,5.444,0.0
2013-08-27,5.388,5.388,5.388,5.388,0.0
2013-08-28,5.403,5.403,5.403,5.403,0.0
2013-08-29,5.413,5.413,5.413,5.413,0.0
2013-08-30,5.425,5.425,5.425,5.425,0.0
2013-09-03,5.434,5.434,5.434,5.434,0.0
2013-09-04,5.401,5.401,5.401,5.401,0.0
2013-09-05,5.386,5.386,5.386,5.386,0.0
2013-09-06,5.386,5.386,5.386,5.386,0.0
2013-09-09,5.381,5.381,5.381,5.381,0.0
2013-09-10,5.395,5.395,5.395,5.395,0.0
2013-09-11,5.382,5.382,5.382,5.382,0.0
2013-09-12,5.371,5.371,5.371,5.371,0.0
2013-09-13,5.391,5.391,5.391,5.391,0.0
2013-09-16,5.393,5.393,5.393,5.393,0.0
2013-09-17,5.368,5.368,5.368,5.368,0.0
2013-09-18,5.423,5.423,5.423,5.423,0.0
2013-09-19,5.451,5.451,5.451,5.451,0.0
2013-09-20,5.437,5.437,5.437,5.437,0.0
2013-09-23,5.398,5.398,5.398,5.398,0.0
2013-09-24,5.378,5.378,5.378,5.378,0.0
2013-09-25,5.36,5.36,5.36,5.36,0.0
2013-09-26,5.426,5.426,5.426,5.426,0.0
2013-09-27,5.451,5.451,5.451,5.451,0.0
2013-09-30,5.401,5.401,5.401,5.401,0.0
2013-10-01,5.421,5.421,5.421,5.421,0.0
2013-10-02,5.38,5.38,5.38,5.38,0.0
2013-10-03,5.381,5.381,5.381,5.381,0.0
2013-10-04,5.389,5.389,5.389,5.389,0.0
2013-10-07,5.406,5.406,5.406,5.406,0.0
2013-10-08,5.429,5.429,5.429,5.429,0.0
2013-10-09,5.417,5.417,5.417,5.417,0.0
2013-10-10,5.412,5.412,5.412,5.412,0.0
2013-10-11,5.362,5.362,5.362,5.362,0.0
2013-10-14,5.379,5.379,5.379,5.379,0.0
2013-10-15,5.344,5.344,5.344,5.344,0.0
2013-10-16,5.286,5.286,5.286,5.286,0.0
2013-10-17,5.336,5.336,5.336,5.336,0.0
2013-10-18,5.347,5.347,5.347,5.347,0.0
2013-10-21,5.343,5.343,5.343,5.343,0.0
2013-10-22,5.375,5.375,5.375,5.375,0.0
2013-10-23,5.381,5.381,5.381,5.381,0.0
2013-10-24,5.368,5.368,5.368,5.368,0.0
2013-10-25,5.399,5.399,5.399,5.399,0.0
2013-10-28,5.352,5.352,5.352,5.352,0.0
2013-10-29,5.343,5.343,5.343,5.343,0.0
2013-10-30,5.329,5.329,5.329,5.329,0.0
2013-10-31,5.25,5.25,5.25,5.25,0.0
2013-11-01,5.175,5.175,5.175,5.175,0.0
2013-11-04,5.146,5.146,5.146,5.146,0.0
2013-11-05,5.128,5.128,5.128,5.128,0.0
2013-11-06,5.125,5.125,5.125,5.125,0.0
2013-11-07,5.119,5.119,5.119,5.119,0.0
2013-11-08,5.063,5.063,5.063,5.063,0.0
2013-11-11,5.072,5.072,5.072,5.072,0.0
2013-11-12,5.068,5.068,5.068,5.068,0.0
2013-11-13,5.022,5.022,5.022,5.022,0.0
2013-11-14,4.986,4.986,4.986,4.986,0.0
2013-11-15,4.97,4.97,4.97,4.97,0.0
2013-11-18,4.97,4.97,4.97,4.97,0.0
2013-11-19,4.91,4.91,4.91,4.91,0.0
2013-11-20,4.942,4.942,4.942,4.942,0.0
2013-11-21,4.925,4.925,4.925,4.925,0.0
2013-11-22,4.927,4.927,4.927,4.927,0.0
2013-11-25,4.938,4.938,4.938,4.938,0.0
2013-11-26,4.919,4.919,4.919,4.919,0.0
2013-11-27,4.921,4.921,4.921,4.921,0.0
2013-11-29,4.913,4.913,4.913,4.913,0.0
2013-12-02,5.003,5.003,5.003,5.003,0.0
2013-12-03,5.087,5.087,5.087,5.087,0.0
2013-12-04,5.174,5.174,5.174,5.174,0.0
2013-12-05,5.153,5.153,5.153,5.153,0.0
2013-12-06,5.129,5.129,5.129,5.129,0.0
2013-12-09,5.034,5.034,5.034,5.034,0.0
2013-12-10,5.001,5.001,5.001,5.001,0.0
2013-12-11,4.956,4.956,4.956,4.956,0.0
2013-12-12,4.845,4.845,4.845,4.845,0.0
2013-12-13,4.847,4.847,4.847,4.847,0.0
2013-12-16,4.88,4.88,4.88,4.88,0.0
2013-12-17,4.853,4.853,4.853,4.853,0.0
2013-12-18,4.82,4.82,4.82,4.82,0.0
2013-12-19,4.836,4.836,4.836,4.836,0.0
2013-12-20,4.796,4.796,4.796,4.796,0.0
2013-12-23,4.781,4.781,4.781,4.781,0.0
2013-12-24,4.808,4.808,4.808,4.808,0.0
2013-12-26,4.805,4.805,4.805,4.805,0.0
2013-12-27,4.817,4.817,4.817,4.817,0.0
2013-12-30,4.807,4.807,4.807,4.807,0.0
2013-12-31,4.732,4.732,4.732,4.732,0.0
2014-01-02,4.747,4.747,4.747,4.747,0.0
2014-01-03,4.773,4.773,4.773,4.773,0.0
2014-01-06,4.779,4.779,4.779,4.779,0.0
2014-01-07,4.797,4.797,4.797,4.797,0.0
2014-01-08,4.817,4.817,4.817,4.817,0.0
2014-01-09,4.763,4.763,4.763,4.763,0.0
2014-01-10,4.83,4.83,4.83,4.83,0.0
2014-01-13,4.747,4.747,4.747,4.747,0.0
2014-01-14,4.744,4.744,4.744,4.744,0.0
2014-01-15,4.73,4.73,4.73,4.73,0.0
2014-01-16,4.725,4.725,4.725,4.725,0.0
2014-01-17,4.715,4.715,4.715,4.715,0.0
2014-01-21,4.763,4.763,4.763,4.763,0.0
2014-01-22,4.763,4.763,4.763,4.763,0.0
2014-01-23,4.757,4.757,4.757,4.757,0.0
2014-01-24,4.759,4.759,4.759,4.759,0.0
2014-01-27,4.798,4.798,4.798,4.798,0.0
2014-01-28,4.784,4.784,4.784,4.784,0.0
2014-01-29,4.778,4.778,4.778,4.778,0.0
2014-01-30,4.804,4.804,4.804,4.804,0.0
2014-01-31,4.801,4.801,4.801,4.801,0.0
2014-02-03,4.84,4.84,4.84,4.84,0.0
2014-02-04,4.816,4.816,4.816,4.816,0.0
2014-02-05,4.781,4.781,4.781,4.781,0.0
2014-02-06,4.726,4.726,4.726,4.726,0.0
2014-02-07,4.731,4.731,4.731,4.731,0.0
2014-02-10,4.696,4.696,4.696,4.696,0.0
2014-02-11,4.582,4.582,4.582,4.582,0.0
2014-02-12,4.588,4.588,4.588,4.588,0.0
2014-02-13,4.574,4.574,4.574,4.574,0.0
2014-02-14,4.581,4.581,4.581,4.581,0.0
2014-02-18,4.582,4.582,4.582,4.582,0.0
2014-02-19,4.612,4.612,4.612,4.612,0.0
2014-02-20,4.677,4.677,4.677,4.677,0.0
2014-02-21,4.699,4.699,4.699,4.699,0.0
2014-02-24,4.732,4.732,4.732,4.732,0.0
2014-02-25,4.745,4.745,4.745,4.745,0.0
2014-02-26,4.702,4.702,4.702,4.702,0.0
2014-02-27,4.649,4.649,4.649,4.649,0.0
2014-02-28,4.619,4.619,4.619,4.619,0.0
2014-03-03,4.617,4.617,4.617,4.617,0.0
2014-03-04,4.645,4.645,4.645,4.645,0.0
2014-03-05,4.668,4.668,4.668,4.668,0.0
2014-03-06,4.802,4.802,4.802,4.802,0.0
2014-03-07,4.764,4.764,4.764,4.764,0.0
2014-03-10,4.774,4.774,4.774,4.774,0.0
2014-03-11,4.755,4.755,4.755,4.755,0.0
2014-03-12,4.805,4.805,4.805,4.805,0.0
2014-03-13,4.889,4.889,4.889,4.889,0.0
2014-03-14,4.979,4.979,4.979,4.979,0.0
2014-03-17,4.961,4.961,4.961,4.961,0.0
2014-03-18,4.911,4.911,4.911,4.911,0.0
2014-03-19,4.956,4.956,4.956,4.956,0.0
2014-03-20,4.996,4.996,4.996,4.996,0.0
2014-03-21,4.986,4.986,4.986,4.986,0.0
2014-03-24,5.011,5.011,5.011,5.011,0.0
2014-03-25,5.036,5.036,5.036,5.036,0.0
2014-03-26,5.055,5.055,5.055,5.055,0.0
2014-03-27,5.052,5.052,5.052,5.052,0.0
2014-03-28,5.032,5.032,5.032,5.032,0.0
2014-03-31,5.032,5.032,5.032,5.032,0.0
2014-04-01,4.991,4.991,4.991,4.991,0.0
2014-04-02,5.004,5.004,5.004,5.004,1.0
2014-04-03,5.081,5.081,5.081,5.081,0.0
2014-04-04,5.091,5.091,5.091,5.091,0.0
2014-04-07,5.111,5.111,5.111,5.111,0.0
2014-04-08,5.105,5.105,5.105,5.105,0.0
2014-04-09,5.16,5.16,5.16,5.16,0.0
2014-04-10,5.196,5.196,5.196,5.196,0.0
2014-04-11,5.199,5.199,5.199,5.199,0.0
2014-04-14,5.197,5.197,5.197,5.197,0.0
2014-04-15,5.216,5.216,5.216,5.216,0.0
2014-04-16,5.221,5.221,5.221,5.221,0.0
2014-04-17,5.222,5.222,5.222,5.222,0.0
2014-04-21,5.183,5.183,5.183,5.183,0.0
2014-04-22,5.204,5.204,5.204,5.204,0.0
2014-04-23,5.197,5.197,5.197,5.197,0.0
2014-04-24,5.236,5.236,5.236,5.236,0.0
2014-04-25,5.225,5.225,5.225,5.225,0.0
2014-04-28,5.238,5.238,5.238,5.238,0.0
2014-04-29,5.288,5.288,5.288,5.288,0.0
2014-04-30,5.294,5.294,5.294,5.294,0.0
2014-05-01,5.298,5.298,5.298,5.298,0.0
2014-05-02,5.286,5.286,5.286,5.286,0.0
2014-05-05,5.274,5.274,5.274,5.274,0.0
2014-05-06,5.29,5.29,5.29,5.29,0.0
2014-05-07,5.295,5.295,5.295,5.295,0.0
2014-05-08,5.34,5.34,5.305,5.305,1.0
2014-05-09,5.34,5.34,5.34,5.34,0.0
2014-05-12,5.31,5.31,5.31,5.31,0.0
2014-05-13,5.309,5.309,5.309,5.309,0.0
2014-05-14,5.327,5.327,5.327,5.327,0.0
2014-05-15,5.28,5.28,5.28,5.28,0.0
2014-05-16,5.24,5.24,5.24,5.24,0.0
2014-05-19,5.241,5.241,5.241,5.241,0.0
2014-05-20,5.236,5.236,5.236,5.236,0.0
2014-05-21,5.241,5.241,5.241,5.241,0.0
2014-05-22,5.219,5.219,5.219,5.219,0.0
2014-05-23,5.239,5.239,5.239,5.239,0.0
2014-05-27,5.262,5.262,5.262,5.262,0.0
2014-05-28,5.246,5.246,5.246,5.246,0.0
2014-05-29,5.249,5.249,5.249,5.249,0.0
2014-05-30,5.245,5.245,5.245,5.245,0.0
2014-06-02,5.28,5.28,5.28,5.28,0.0
2014-06-03,5.257,5.257,5.257,5.257,0.0
2014-06-04,5.252,5.252,5.252,5.252,0.0
2014-06-05,5.27,5.27,5.27,5.27,0.0
2014-06-06,5.286,5.286,5.286,5.286,0.0
2014-06-09,5.272,5.272,5.272,5.272,0.0
2014-06-10,5.315,5.315,5.315,5.315,0.0
2014-06-11,5.306,5.306,5.306,5.306,0.0
2014-06-12,5.301,5.301,5.301,5.301,0.0
2014-06-13,5.33,5.33,5.33,5.33,0.0
2014-06-16,5.329,5.329,5.329,5.329,0.0
2014-06-17,5.369,5.369,5.369,5.369,0.0
2014-06-18,5.383,5.383,5.383,5.383,0.0
2014-06-19,5.405,5.405,5.405,5.405,0.0
2014-06-20,5.365,5.365,5.365,5.365,0.0
2014-06-23,5.353,5.353,5.353,5.353,0.0
2014-06-24,5.349,5.349,5.349,5.349,0.0
2014-06-25,5.358,5.358,5.358,5.358,0.0
2014-06-26,5.284,5.284,5.284,5.284,0.0
2014-06-27,5.277,5.277,5.277,5.277,0.0
2014-06-30,5.296,5.296,5.296,5.296,0.0
2014-07-01,5.304,5.304,5.304,5.304,0.0
2014-07-02,5.279,5.279,5.279,5.279,0.0
2014-07-03,5.274,5.274,5.274,5.274,0.0
2014-07-07,5.248,5.248,5.248,5.248,0.0
2014-07-08,5.224,5.224,5.224,5.224,0.0
2014-07-09,5.19,5.19,5.19,5.19,0.0
2014-07-10,5.137,5.137,5.137,5.137,0.0
2014-07-11,5.131,5.131,5.131,5.131,0.0
2014-07-14,5.1,5.1,5.1,5.1,0.0
2014-07-15,5.085,5.085,5.085,5.085,0.0
2014-07-16,5.1,5.1,5.1,5.1,0.0
2014-07-17,5.091,5.091,5.091,5.091,0.0
2014-07-18,5.118,5.118,5.118,5.118,0.0
2014-07-21,5.099,5.099,5.099,5.099,0.0
2014-07-22,5.053,5.053,5.053,5.053,0.0
2014-07-23,5.029,5.029,5.029,5.029,0.0
2014-07-24,5.01,5.01,5.01,5.01,0.0
2014-07-25,5.005,5.005,5.005,5.005,0.0
2014-07-28,4.992,4.992,4.992,4.992,0.0
2014-07-29,4.911,4.911,4.911,4.911,0.0
2014-07-30,4.938,4.938,4.938,4.938,0.0
2014-07-31,4.964,4.964,4.964,4.964,0.0
2014-08-01,4.992,4.992,4.992,4.992,0.0
2014-08-04,4.987,4.987,4.987,4.987,0.0
2014-08-05,4.962,4.962,4.962,4.962,0.0
2014-08-06,4.952,4.952,4.952,4.952,0.0
2014-08-07,4.966,4.966,4.966,4.966,0.0
2014-08-08,4.972,4.972,4.972,4.972,0.0
2014-08-11,4.927,4.927,4.927,4.927,0.0
2014-08-12,4.909,4.909,4.909,4.909,0.0
2014-08-13,4.894,4.894,4.894,4.894,0.0
2014-08-14,4.905,4.905,4.905,4.905,0.0
2014-08-15,4.87,4.87,4.87,4.87,0.0
2014-08-18,4.871,4.871,4.871,4.871,0.0
2014-08-19,4.869,4.869,4.869,4.869,0.0
2014-08-20,4.849,4.849,4.849,4.849,0.0
2014-08-21,4.872,4.872,4.872,4.872,0.0
2014-08-22,4.875,4.875,4.875,4.875,0.0
2014-08-25,4.883,4.883,4.883,4.883,0.0
2014-08-26,4.882,4.882,4.882,4.882,0.0
2014-08-27,4.907,4.907,4.907,4.907,0.0
2014-08-28,4.912,4.912,4.912,4.912,2.0
2014-08-29,4.904,4.904,4.904,4.904,0.0
2014-09-02,4.882,4.882,4.882,4.882,0.0
2014-09-03,4.898,4.898,4.898,4.898,0.0
2014-09-04,4.914,4.914,4.914,4.914,0.0
2014-09-05,4.9,4.9,4.9,4.9,0.0
2014-09-08,4.89,4.89,4.89,4.89,0.0
2014-09-09,4.878,4.878,4.878,4.878,0.0
2014-09-10,4.892,4.892,4.892,4.892,0.0
2014-09-11,4.911,4.911,4.911,4.911,0.0
2014-09-12,4.885,4.885,4.885,4.885,0.0
2014-09-15,4.868,4.868,4.868,4.868,0.0
2014-09-16,4.873,4.873,4.873,4.873,0.0
2014-09-17,4.862,4.862,4.862,4.862,0.0
2014-09-18,4.832,4.832,4.832,4.832,0.0
2014-09-19,4.83,4.83,4.83,4.83,0.0
2014-09-22,4.815,4.815,4.815,4.815,0.0
2014-09-23,4.815,4.815,4.815,4.815,0.0
2014-09-24,4.837,4.837,4.837,4.837,0.0
2014-09-25,4.836,4.836,4.836,4.836,0.0
2014-09-26,4.816,4.816,4.816,4.816,0.0
2014-09-29,4.827,4.827,4.827,4.827,0.0
2014-09-30,4.862,4.862,4.862,4.862,0.0
2014-10-01,4.835,4.835,4.835,4.835,0.0
2014-10-02,4.853,4.853,4.853,4.853,0.0
2014-10-03,4.83,4.83,4.83,4.83,0.0
2014-10-06,4.83,4.83,4.83,4.83,0.0
2014-10-07,4.833,4.833,4.833,4.833,0.0
2014-10-08,4.833,4.833,4.833,4.833,0.0
2014-10-09,4.848,4.848,4.848,4.848,0.0
2014-10-10,4.845,4.845,4.845,4.845,0.0
2014-10-13,4.855,4.855,4.855,4.855,0.0
2014-10-14,4.845,4.845,4.845,4.845,0.0
2014-10-15,4.83,4.83,4.83,4.83,0.0
2014-10-16,4.83,4.83,4.83,4.83,0.0
2014-10-17,4.845,4.845,4.845,4.845,0.0
2014-10-20,4.832,4.832,4.832,4.832,0.0
2014-10-21,4.827,4.827,4.827,4.827,0.0
2014-10-22,4.808,4.808,4.808,4.808,0.0
2014-10-23,4.807,4.807,4.807,4.807,0.0
2014-10-24,4.784,4.784,4.784,4.784,0.0
2014-10-27,4.771,4.771,4.771,4.771,0.0
2014-10-28,4.756,4.756,4.756,4.756,0.0
2014-10-29,4.761,4.761,4.761,4.761,0.0
2014-10-30,4.754,4.754,4.754,4.754,0.0
2014-10-31,4.769,4.769,4.769,4.769,0.0
2014-11-03,4.78,4.78,4.78,4.78,0.0
2014-11-04,4.775,4.775,4.775,4.775,0.0
2014-11-05,4.746,4.746,4.746,4.746,0.0
2014-11-06,4.733,4.733,4.733,4.733,0.0
2014-11-07,4.73,4.73,4.73,4.73,0.0
2014-11-10,4.724,4.724,4.724,4.724,0.0
2014-11-11,4.739,4.739,4.739,4.739,0.0
2014-11-12,4.76,4.76,4.76,4.76,0.0
2014-11-13,4.738,4.738,4.738,4.738,0.0
2014-11-14,4.764,4.764,4.764,4.764,0.0
2014-11-17,4.767,4.767,4.767,4.767,0.0
2014-11-18,4.742,4.742,4.742,4.742,0.0
2014-11-19,4.731,4.731,4.731,4.731,0.0
2014-11-20,4.726,4.726,4.726,4.726,0.0
2014-11-21,4.699,4.699,4.699,4.699,0.0
2014-11-24,4.753,4.753,4.753,4.753,0.0
2014-11-25,4.739,4.739,4.739,4.739,0.0
2014-11-26,4.732,4.732,4.732,4.732,0.0
2014-11-28,4.75,4.75,4.75,4.75,0.0
2014-12-01,4.8,4.8,4.8,4.8,0.0
2014-12-02,4.794,4.794,4.794,4.794,0.0
2014-12-03,4.786,4.786,4.786,4.786,0.0
2014-12-04,4.776,4.776,4.776,4.776,0.0
2014-12-05,4.797,4.797,4.797,4.797,0.0
2014-12-08,4.803,4.803,4.803,4.803,0.0
2014-12-09,4.83,4.83,4.83,4.83,0.0
2014-12-10,4.815,4.815,4.815,4.815,0.0
2014-12-11,4.792,4.792,4.792,4.792,0.0
2014-12-12,4.775,4.775,4.775,4.775,0.0
2014-12-15,4.762,4.762,4.762,4.762,0.0
2014-12-16,4.712,4.712,4.712,4.712,0.0
2014-12-17,4.737,4.737,4.737,4.737,0.0
2014-12-18,4.718,4.718,4.718,4.718,0.0
2014-12-19,4.655,4.655,4.655,4.655,0.0
2014-12-22,4.646,4.646,4.646,4.646,0.0
2014-12-23,4.619,4.619,4.619,4.619,0.0
2014-12-24,4.613,4.613,4.613,4.613,0.0
2014-12-26,4.61,4.61,4.61,4.61,0.0
2014-12-29,4.608,4.608,4.608,4.608,0.0
2014-12-30,4.592,4.592,4.592,4.592,0.0
2014-12-31,4.563,4.563,4.563,4.563,0.0
2015-01-02,4.547,4.547,4.547,4.547,0.0
2015-01-05,4.547,4.547,4.547,4.547,0.0
2015-01-06,4.506,4.506,4.506,4.506,0.0
2015-01-07,4.446,4.446,4.446,4.446,0.0
2015-01-08,4.426,4.426,4.426,4.426,0.0
2015-01-09,4.414,4.414,4.414,4.414,0.0
2015-01-12,4.324,4.324,4.324,4.324,0.0
2015-01-13,4.296,4.296,4.296,4.296,0.0
2015-01-14,4.221,4.221,4.221,4.221,0.0
2015-01-15,4.171,4.171,4.171,4.171,0.0
2015-01-16,4.179,4.179,4.179,4.179,0.0
2015-01-20,4.171,4.171,4.171,4.171,0.0
2015-01-21,4.175,4.175,4.175,4.175,0.0
2015-01-22,4.174,4.174,4.174,4.174,0.0
2015-01-23,4.171,4.171,4.171,4.171,0.0
2015-01-26,4.189,4.189,4.189,4.189,0.0
2015-01-27,4.183,4.183,4.183,4.183,0.0
2015-01-28,4.207,4.207,4.207,4.207,0.0
2015-01-29,4.19,4.19,4.19,4.19,0.0
2015-01-30,4.197,4.197,4.197,4.197,0.0
2015-02-02,4.16,4.16,4.16,4.16,0.0
2015-02-03,4.176,4.176,4.176,4.176,0.0
2015-02-04,4.188,4.188,4.188,4.188,0.0
2015-02-05,4.098,4.098,4.098,4.098,0.0
2015-02-06,4.152,4.152,4.152,4.152,0.0
2015-02-09,4.159,4.159,4.159,4.159,0.0
2015-02-10,4.18,4.18,4.18,4.18,0.0
2015-02-11,4.163,4.163,4.163,4.163,0.0
2015-02-12,4.164,4.164,4.164,4.164,0.0
2015-02-13,4.206,4.206,4.206,4.206,0.0
2015-02-17,4.147,4.147,4.147,4.147,0.0
2015-02-18,4.174,4.174,4.174,4.174,0.0
2015-02-19,4.148,4.148,4.148,4.148,0.0
2015-02-20,4.153,4.153,4.153,4.153,0.0
2015-02-23,4.125,4.125,4.125,4.125,0.0
2015-02-24,4.136,4.136,4.136,4.136,0.0
2015-02-25,4.142,4.142,4.142,4.142,0.0
2015-02-26,4.112,4.112,4.112,4.112,0.0
2015-02-27,4.113,4.113,4.113,4.113,0.0
2015-03-02,4.099,4.099,4.099,4.099,0.0
2015-03-03,4.117,4.117,4.117,4.117,0.0
2015-03-04,4.111,4.111,4.111,4.111,0.0
2015-03-05,4.075,4.075,4.075,4.075,0.0
2015-03-06,4.075,4.075,4.075,4.075,0.0
2015-03-09,4.05,4.05,4.05,4.05,0.0
2015-03-10,4.048,4.048,4.048,4.048,0.0
2015-03-11,4.041,4.041,4.041,4.041,0.0
2015-03-12,4.01,4.01,4.01,4.01,0.0
2015-03-13,4.006,4.006,4.006,4.006,0.0
2015-03-16,4.019,4.019,4.019,4.019,0.0
2015-03-17,4.001,4.001,4.001,4.001,0.0
2015-03-18,4.027,4.027,4.027,4.027,0.0
2015-03-19,4.033,4.033,4.033,4.033,0.0
2015-03-20,4.011,4.011,4.011,4.011,0.0
2015-03-23,4.012,4.012,4.012,4.012,0.0
2015-03-24,4.032,4.032,4.032,4.032,0.0
2015-03-25,4.003,4.003,4.003,4.003,0.0
2015-03-26,3.994,3.994,3.994,3.994,0.0
2015-03-27,3.969,3.969,3.969,3.969,0.0
2015-03-30,3.957,3.957,3.957,3.957,0.0
2015-03-31,3.969,3.969,3.969,3.969,0.0
2015-04-01,3.963,3.963,3.963,3.963,0.0
2015-04-02,4.017,4.017,4.017,4.017,0.0
2015-04-06,4.018,4.018,4.018,4.018,0.0
2015-04-07,4.058,4.058,4.058,4.058,0.0
2015-04-08,4.066,4.066,4.066,4.066,0.0
2015-04-09,4.059,4.059,4.059,4.059,0.0
2015-04-10,4.054,4.054,4.054,4.054,0.0
2015-04-13,4.044,4.044,4.044,4.044,0.0
2015-04-14,4.037,4.037,4.037,4.037,0.0
2015-04-15,4.043,4.043,4.043,4.043,0.0
2015-04-16,4.063,4.063,4.063,4.063,0.0
2015-04-17,4.039,4.039,4.039,4.039,0.0
2015-04-20,4.04,4.04,4.04,4.04,0.0
2015-04-21,4.043,4.043,4.043,4.043,0.0
2015-04-22,4.05,4.05,4.05,4.05,0.0
2015-04-23,4.008,4.008,4.008,4.008,0.0
2015-04-24,4.006,4.006,4.006,4.006,0.0
2015-04-27,3.986,3.986,3.986,3.986,0.0
2015-04-28,3.982,3.982,3.982,3.982,0.0
2015-04-29,3.987,3.987,3.987,3.987,0.0
2015-04-30,3.982,3.982,3.982,3.982,0.0
2015-05-01,3.984,3.984,3.984,3.984,0.0
2015-05-04,3.981,3.981,3.981,3.981,0.0
2015-05-05,3.988,3.988,3.988,3.988,0.0
2015-05-06,3.996,3.996,3.996,3.996,0.0
2015-05-07,3.993,3.993,3.993,3.993,0.0
2015-05-08,4.004,4.004,4.004,4.004,0.0
2015-05-11,3.988,3.988,3.988,3.988,0.0
2015-05-12,3.975,3.975,3.975,3.975,0.0
2015-05-13,3.984,3.984,3.984,3.984,0.0
2015-05-14,3.995,3.995,3.995,3.995,0.0
2015-05-15,3.988,3.988,3.988,3.988,0.0
2015-05-18,3.984,3.984,3.984,3.984,0.0
2015-05-19,3.978,3.978,3.978,3.978,0.0
2015-05-20,3.977,3.977,3.977,3.977,0.0
2015-05-21,3.976,3.976,3.976,3.976,0.0
2015-05-22,3.97,3.97,3.97,3.97,0.0
2015-05-26,3.971,3.971,3.971,3.971,0.0
2015-05-27,3.966,3.966,3.966,3.966,0.0
2015-05-28,3.958,3.958,3.958,3.958,0.0
2015-05-29,3.948,3.948,3.948,3.948,0.0
2015-06-01,3.949,3.949,3.949,3.949,0.0
2015-06-02,3.946,3.946,3.946,3.946,0.0
2015-06-03,3.947,3.947,3.947,3.947,0.0
2015-06-04,3.901,3.901,3.901,3.901,0.0
2015-06-05,3.862,3.862,3.862,3.862,0.0
2015-06-08,3.87,3.87,3.87,3.87,0.0
2015-06-09,3.869,3.869,3.869,3.869,0.0
2015-06-10,3.87,3.87,3.87,3.87,0.0
2015-06-11,3.913,3.913,3.913,3.913,0.0
2015-06-12,3.914,3.914,3.914,3.914,0.0
2015-06-15,3.921,3.921,3.921,3.921,0.0
2015-06-16,3.946,3.946,3.946,3.946,0.0
2015-06-17,3.939,3.939,3.939,3.939,0.0
2015-06-18,3.92,3.92,3.92,3.92,0.0
2015-06-19,3.925,3.925,3.925,3.925,0.0
2015-06-22,3.908,3.908,3.908,3.908,0.0
2015-06-23,3.907,3.907,3.907,3.907,0.0
2015-06-24,3.909,3.909,3.909,3.909,0.0
2015-06-25,3.91,3.91,3.91,3.91,0.0
2015-06-26,3.912,3.912,3.912,3.912,0.0
2015-06-29,3.91,3.91,3.91,3.91,0.0
2015-06-30,3.922,3.922,3.922,3.922,0.0
2015-07-01,3.933,3.933,3.933,3.933,0.0
2015-07-02,3.937,3.937,3.937,3.937,0.0
2015-07-06,3.898,3.898,3.898,3.898,0.0
2015-07-07,3.895,3.895,3.895,3.895,0.0
2015-07-08,3.908,3.908,3.908,3.908,0.0
2015-07-09,3.915,3.915,3.915,3.915,0.0
2015-07-10,3.913,3.913,3.913,3.913,0.0
2015-07-13,3.913,3.913,3.913,3.913,0.0
2015-07-14,3.948,3.948,3.948,3.948,0.0
2015-07-15,3.975,3.975,3.975,3.975,0.0
2015-07-16,3.971,3.971,3.971,3.971,0.0
2015-07-17,3.978,3.978,3.978,3.978,0.0
2015-07-20,3.971,3.971,3.971,3.971,0.0
2015-07-21,3.97,3.97,3.97,3.97,0.0
2015-07-22,3.966,3.966,3.966,3.966,0.0
2015-07-23,3.946,3.946,3.946,3.946,0.0
2015-07-24,3.948,3.948,3.948,3.948,0.0
2015-07-27,3.969,3.969,3.969,3.969,0.0
2015-07-28,3.968,3.968,3.968,3.968,0.0
2015-07-29,3.962,3.962,3.962,3.962,0.0
2015-07-30,3.941,3.941,3.941,3.941,0.0
2015-07-31,3.901,3.901,3.901,3.901,0.0
2015-08-03,3.88,3.88,3.88,3.88,0.0
2015-08-04,3.832,3.832,3.832,3.832,0.0
2015-08-05,3.831,3.831,3.831,3.831,0.0
2015-08-06,3.813,3.813,3.813,3.813,0.0
2015-08-07,3.803,3.803,3.803,3.803,0.0
2015-08-10,3.801,3.801,3.801,3.801,0.0
2015-08-11,3.765,3.765,3.765,3.765,0.0
2015-08-12,3.747,3.747,3.747,3.747,0.0
2015-08-13,3.763,3.763,3.763,3.763,0.0
2015-08-14,3.768,3.768,3.768,3.768,0.0
2015-08-17,3.773,3.773,3.773,3.773,0.0
2015-08-18,3.779,3.779,3.779,3.779,0.0
2015-08-19,3.729,3.729,3.729,3.729,0.0
2015-08-20,3.714,3.714,3.714,3.714,0.0
2015-08-21,3.684,3.684,3.684,3.684,0.0
2015-08-24,3.638,3.638,3.638,3.638,0.0
2015-08-25,3.628,3.628,3.628,3.628,0.0
2015-08-26,3.636,3.636,3.636,3.636,0.0
2015-08-27,3.643,3.643,3.643,3.643,0.0
2015-08-28,3.67,3.67,3.67,3.67,0.0
2015-08-31,3.667,3.667,3.667,3.667,0.0
2015-09-01,3.678,3.678,3.678,3.678,0.0
2015-09-02,3.676,3.676,3.676,3.676,0.0
2015-09-03,3.683,3.683,3.683,3.683,0.0
2015-09-04,3.675,3.675,3.675,3.675,0.0
2015-09-08,3.681,3.681,3.681,3.681,0.0
2015-09-09,3.696,3.696,3.696,3.696,0.0
2015-09-10,3.697,3.697,3.697,3.697,0.0
2015-09-11,3.657,3.657,3.657,3.657,0.0
2015-09-14,3.668,3.668,3.668,3.668,0.0
2015-09-15,3.662,3.662,3.662,3.662,0.0
2015-09-16,3.637,3.637,3.637,3.637,0.0
2015-09-17,3.61,3.61,3.61,3.61,0.0
2015-09-18,3.6,3.6,3.6,3.6,0.0
2015-09-21,3.589,3.589,3.589,3.589,0.0
2015-09-22,3.578,3.578,3.578,3.578,0.0
2015-09-23,3.589,3.589,3.589,3.589,0.0
2015-09-24,3.626,3.626,3.626,3.626,0.0
2015-09-25,3.591,3.591,3.591,3.591,0.0
2015-09-28,3.588,3.588,3.588,3.588,0.0
2015-09-29,3.558,3.558,3.558,3.558,0.0
2015-09-30,3.531,3.531,3.531,3.531,0.0
2015-10-01,3.516,3.516,3.516,3.516,0.0
2015-10-02,3.526,3.526,3.526,3.526,0.0
2015-10-05,3.531,3.531,3.531,3.531,0.0
2015-10-06,3.57,3.57,3.57,3.57,0.0
2015-10-07,3.572,3.572,3.572,3.572,0.0
2015-10-08,3.567,3.567,3.567,3.567,0.0
2015-10-09,3.567,3.567,3.567,3.567,0.0
2015-10-12,3.572,3.572,3.572,3.572,0.0
2015-10-13,3.574,3.574,3.574,3.574,0.0
2015-10-14,3.574,3.574,3.574,3.574,0.0
2015-10-15,3.56,3.56,3.56,3.56,0.0
2015-10-16,3.567,3.567,3.567,3.567,0.0
2015-10-19,3.57,3.57,3.57,3.57,0.0
2015-10-20,3.585,3.585,3.585,3.585,0.0
2015-10-21,3.568,3.568,3.568,3.568,0.0
2015-10-22,3.562,3.562,3.562,3.562,0.0
2015-10-23,3.524,3.524,3.524,3.524,0.0
2015-10-26,3.488,3.488,3.488,3.488,0.0
2015-10-27,3.475,3.475,3.475,3.475,0.0
2015-10-28,3.475,3.475,3.475,3.475,0.0
2015-10-29,3.467,3.467,3.467,3.467,0.0
2015-10-30,3.497,3.497,3.497,3.497,0.0
2015-11-02,3.476,3.476,3.476,3.476,0.0
2015-11-03,3.488,3.488,3.488,3.488,0.0
2015-11-04,3.494,3.494,3.494,3.494,0.0
2015-11-05,3.502,3.502,3.502,3.502,0.0
2015-11-06,3.5,3.5,3.5,3.5,0.0
2015-11-09,3.491,3.491,3.491,3.491,0.0
2015-11-10,3.489,3.489,3.489,3.489,0.0
2015-11-11,3.478,3.478,3.478,3.478,0.0
2015-11-12,3.463,3.463,3.463,3.463,0.0
2015-11-13,3.485,3.485,3.485,3.485,0.0
2015-11-16,3.495,3.495,3.495,3.495,0.0
2015-11-17,3.495,3.495,3.495,3.495,0.0
2015-11-18,3.435,3.435,3.435,3.435,0.0
2015-11-19,3.39,3.39,3.39,3.39,0.0
2015-11-20,3.359,3.359,3.359,3.359,0.0
2015-11-23,3.382,3.382,3.382,3.382,0.0
2015-11-24,3.388,3.388,3.388,3.388,0.0
2015-11-25,3.399,3.399,3.399,3.399,0.0
2015-11-27,3.381,3.381,3.381,3.381,0.0
2015-11-30,3.392,3.392,3.392,3.392,0.0
2015-12-01,3.403,3.403,3.403,3.403,0.0
2015-12-02,3.432,3.432,3.432,3.432,0.0
2015-12-03,3.435,3.435,3.435,3.435,0.0
2015-12-04,3.438,3.438,3.438,3.438,0.0
2015-12-07,3.423,3.423,3.423,3.423,0.0
2015-12-08,3.438,3.438,3.438,3.438,0.0
2015-12-09,3.458,3.458,3.458,3.458,0.0
2015-12-10,3.479,3.479,3.479,3.479,0.0
2015-12-11,3.49,3.49,3.49,3.49,22.0
2015-12-14,3.47,3.47,3.47,3.47,0.0
2015-12-15,3.448,3.448,3.448,3.448,0.0
2015-12-16,3.473,3.473,3.473,3.473,0.0
2015-12-17,3.473,3.497,3.473,3.497,1.0
2015-12-18,3.488,3.488,3.488,3.488,0.0
2015-12-21,3.481,3.481,3.481,3.481,0.0
2015-12-22,3.491,3.491,3.491,3.491,0.0
2015-12-23,3.483,3.483,3.483,3.483,0.0
2015-12-24,3.483,3.483,3.483,3.483,0.0
2015-12-28,3.515,3.515,3.515,3.515,0.0
2015-12-29,3.498,3.498,3.498,3.498,0.0
2015-12-30,3.49,3.49,3.49,3.49,0.0
2015-12-31,3.493,3.493,3.493,3.493,0.0
2016-01-04,3.473,3.473,3.473,3.473,0.0
2016-01-05,3.453,3.453,3.453,3.453,0.0
2016-01-06,3.451,3.451,3.451,3.451,0.0
2016-01-07,3.472,3.472,3.472,3.472,0.0
2016-01-08,3.451,3.451,3.451,3.451,0.0
2016-01-11,3.422,3.422,3.422,3.422,0.0
2016-01-12,3.394,3.394,3.394,3.394,0.0
2016-01-13,3.411,3.411,3.411,3.411,0.0
2016-01-14,3.424,3.424,3.424,3.424,0.0
2016-01-15,3.409,3.409,3.409,3.409,0.0
2016-01-19,3.411,3.411,3.411,3.411,0.0
2016-01-20,3.409,3.409,3.409,3.409,0.0
2016-01-21,3.418,3.418,3.418,3.418,0.0
2016-01-22,3.413,3.413,3.413,3.413,0.0
2016-01-25,3.409,3.409,3.409,3.409,0.0
2016-01-26,3.393,3.393,3.393,3.393,0.0
2016-01-27,3.396,3.396,3.396,3.396,0.0
2016-01-28,3.432,3.432,3.432,3.432,0.0
2016-01-29,3.414,3.414,3.414,3.414,0.0
2016-02-01,3.371,3.371,3.371,3.371,0.0
2016-02-02,3.306,3.306,3.306,3.306,0.0
2016-02-03,3.345,3.345,3.345,3.345,0.0
2016-02-04,3.348,3.348,3.348,3.348,0.0
2016-02-05,3.346,3.346,3.346,3.346,4.0
2016-02-08,3.289,3.289,3.289,3.289,0.0
2016-02-09,3.252,3.252,3.252,3.252,0.0
2016-02-10,3.215,3.215,3.215,3.215,0.0
2016-02-11,3.174,3.174,3.174,3.174,0.0
2016-02-12,3.146,3.146,3.146,3.146,0.0
2016-02-16,3.112,3.112,3.112,3.112,0.0
2016-02-17,3.105,3.105,3.105,3.105,0.0
2016-02-18,3.081,3.081,3.081,3.081,0.0
2016-02-19,3.049,3.049,3.049,3.049,0.0
2016-02-22,2.988,2.988,2.988,2.988,0.0
2016-02-23,3.006,3.006,3.006,3.006,0.0
2016-02-24,3.023,3.023,3.023,3.023,0.0
2016-02-25,2.994,2.994,2.994,2.994,0.0
2016-02-26,3.011,3.011,3.011,3.011,0.0
2016-02-29,3.062,3.062,3.062,3.062,0.0
2016-03-01,3.101,3.101,3.101,3.101,0.0
2016-03-02,3.1,3.1,3.1,3.1,0.0
2016-03-03,3.1,3.1,3.1,3.1,0.0
2016-03-04,3.099,3.099,3.099,3.099,0.0
2016-03-07,3.106,3.106,3.106,3.106,0.0
2016-03-08,3.112,3.112,3.112,3.112,0.0
2016-03-09,3.153,3.153,3.153,3.153,0.0
2016-03-10,3.176,3.176,3.176,3.176,0.0
2016-03-11,3.195,3.195,3.195,3.195,0.0
2016-03-14,3.187,3.187,3.187,3.187,0.0
2016-03-15,3.186,3.186,3.186,3.186,0.0
2016-03-16,3.196,3.196,3.196,3.196,0.0
2016-03-17,3.201,3.201,3.201,3.201,0.0
2016-03-18,3.191,3.191,3.191,3.191,0.0
2016-03-21,3.177,3.177,3.177,3.177,0.0
2016-03-22,3.2,3.2,3.2,3.2,0.0
2016-03-23,3.22,3.22,3.22,3.22,0.0
2016-03-24,3.247,3.247,3.247,3.247,0.0
2016-03-28,3.313,3.313,3.313,3.313,0.0
2016-03-29,3.328,3.328,3.328,3.328,0.0
2016-03-30,3.322,3.322,3.322,3.322,0.0
2016-03-31,3.336,3.336,3.336,3.336,0.0
2016-04-01,3.342,3.342,3.342,3.342,0.0
2016-04-04,3.346,3.346,3.346,3.346,0.0
2016-04-05,3.354,3.354,3.354,3.354,0.0
2016-04-06,3.366,3.366,3.366,3.366,0.0
2016-04-07,3.371,3.371,3.371,3.371,0.0
2016-04-08,3.386,3.386,3.386,3.386,0.0
2016-04-11,3.381,3.381,3.381,3.381,0.0
2016-04-12,3.377,3.377,3.377,3.377,0.0
2016-04-13,3.379,3.379,3.379,3.379,0.0
2016-04-14,3.377,3.377,3.377,3.377,0.0
2016-04-15,3.353,3.353,3.353,3.353,0.0
2016-04-18,3.357,3.357,3.357,3.357,0.0
2016-04-19,3.351,3.351,3.351,3.351,0.0
2016-04-20,3.349,3.349,3.349,3.349,0.0
2016-04-21,3.376,3.376,3.376,3.376,0.0
2016-04-22,3.37,3.37,3.37,3.37,0.0
2016-04-25,3.384,3.384,3.384,3.384,0.0
2016-04-26,3.42,3.42,3.42,3.42,0.0
2016-04-27,3.432,3.432,3.432,3.432,0.0
2016-04-28,3.428,3.428,3.428,3.428,0.0
2016-04-29,3.426,3.426,3.426,3.426,0.0
2016-05-02,3.406,3.406,3.406,3.406,0.0
2016-05-03,3.409,3.409,3.409,3.409,0.0
2016-05-04,3.418,3.418,3.418,3.418,0.0
2016-05-05,3.441,3.441,3.441,3.441,0.0
2016-05-06,3.43,3.43,3.43,3.43,0.0
2016-05-09,3.418,3.418,3.418,3.418,0.0
2016-05-10,3.392,3.392,3.392,3.392,0.0
2016-05-11,3.388,3.388,3.388,3.388,0.0
2016-05-12,3.376,3.376,3.376,3.376,0.0
2016-05-13,3.358,3.358,3.358,3.358,0.0
2016-05-16,3.359,3.359,3.359,3.359,0.0
2016-05-17,3.343,3.343,3.343,3.343,0.0
2016-05-18,3.322,3.322,3.322,3.322,0.0
2016-05-19,3.345,3.345,3.345,3.345,0.0
2016-05-20,3.333,3.333,3.333,3.333,0.0
2016-05-23,3.335,3.335,3.335,3.335,0.0
2016-05-24,3.35,3.35,3.35,3.35,0.0
2016-05-25,3.395,3.395,3.395,3.395,0.0
2016-05-26,3.421,3.421,3.421,3.421,0.0
2016-05-27,3.428,3.428,3.428,3.428,0.0
2016-05-31,3.435,3.435,3.435,3.435,0.0
2016-06-01,3.424,3.424,3.424,3.424,0.0
2016-06-02,3.425,3.425,3.425,3.425,0.0
2016-06-03,3.413,3.413,3.413,3.413,0.0
2016-06-06,3.41,3.41,3.41,3.41,0.0
2016-06-07,3.429,3.429,3.429,3.429,0.0
2016-06-08,3.427,3.427,3.427,3.427,0.0
2016-06-09,3.417,3.417,3.417,3.417,0.0
2016-06-10,3.399,3.399,3.399,3.399,0.0
2016-06-13,3.353,3.353,3.353,3.353,0.0
2016-06-14,3.336,3.336,3.336,3.336,0.0
2016-06-15,3.336,3.336,3.336,3.336,0.0
2016-06-16,3.336,3.336,3.336,3.336,0.0
2016-06-17,3.308,3.308,3.308,3.308,0.0
2016-06-20,3.3,3.3,3.3,3.3,0.0
2016-06-21,3.29,3.29,3.29,3.29,0.0
2016-06-22,3.297,3.297,3.297,3.297,0.0
2016-06-23,3.301,3.301,3.301,3.301,0.0
2016-06-24,3.319,3.319,3.319,3.319,0.0
2016-06-27,3.301,3.301,3.301,3.301,0.0
2016-06-28,3.333,3.333,3.333,3.333,0.0
2016-06-29,3.329,3.329,3.329,3.329,0.0
2016-06-30,3.344,3.344,3.344,3.344,0.0
2016-07-01,3.348,3.348,3.348,3.348,0.0
2016-07-05,3.336,3.336,3.336,3.336,0.0
2016-07-06,3.358,3.358,3.358,3.358,0.0
2016-07-07,3.356,3.356,3.356,3.356,0.0
2016-07-08,3.358,3.358,3.358,3.358,0.0
2016-07-11,3.354,3.354,3.354,3.354,0.0
2016-07-12,3.35,3.35,3.35,3.35,0.0
2016-07-13,3.361,3.361,3.361,3.361,0.0
2016-07-14,3.363,3.363,3.363,3.363,0.0
2016-07-15,3.35,3.35,3.35,3.35,0.0
2016-07-18,3.351,3.351,3.351,3.351,0.0
2016-07-19,3.337,3.337,3.337,3.337,0.0
2016-07-20,3.326,3.326,3.326,3.326,0.0
2016-07-21,3.334,3.334,3.334,3.334,0.0
2016-07-22,3.343,3.343,3.343,3.343,0.0
2016-07-25,3.349,3.349,3.349,3.349,0.0
2016-07-26,3.347,3.347,3.347,3.347,0.0
2016-07-27,3.337,3.337,3.337,3.337,0.0
2016-07-28,3.34,3.34,3.34,3.34,0.0
2016-07-29,3.342,3.342,3.342,3.342,0.0
2016-08-01,3.329,3.329,3.329,3.329,0.0
2016-08-02,3.335,3.335,3.335,3.335,0.0
2016-08-03,3.337,3.337,3.337,3.337,0.0
2016-08-04,3.357,3.357,3.357,3.357,0.0
2016-08-05,3.353,3.353,3.353,3.353,0.0
2016-08-08,3.356,3.356,3.356,3.356,0.0
2016-08-09,3.35,3.35,3.35,3.35,0.0
2016-08-10,3.331,3.331,3.331,3.331,0.0
2016-08-11,3.32,3.32,3.32,3.32,0.0
2016-08-12,3.317,3.317,3.317,3.317,0.0
2016-08-15,3.314,3.314,3.314,3.314,0.0
2016-08-16,3.323,3.323,3.323,3.323,0.0
2016-08-17,3.342,3.342,3.342,3.342,0.0
2016-08-18,3.343,3.343,3.343,3.343,0.0
2016-08-19,3.338,3.338,3.338,3.338,0.0
2016-08-22,3.331,3.331,3.331,3.331,0.0
2016-08-23,3.351,3.351,3.351,3.351,0.0
2016-08-24,3.375,3.375,3.375,3.375,0.0
2016-08-25,3.342,3.342,3.342,3.342,0.0
2016-08-26,3.321,3.321,3.321,3.321,0.0
2016-08-29,3.314,3.314,3.314,3.314,0.0
2016-08-30,3.307,3.307,3.307,3.307,0.0
2016-08-31,3.329,3.329,3.329,3.329,0.0
2016-09-01,3.292,3.292,3.292,3.292,0.0
2016-09-02,3.287,3.287,3.287,3.287,0.0
2016-09-06,3.282,3.282,3.282,3.282,0.0
2016-09-07,3.268,3.268,3.268,3.268,0.0
2016-09-08,3.277,3.277,3.277,3.277,0.0
2016-09-09,3.252,3.252,3.252,3.252,0.0
2016-09-12,3.254,3.254,3.254,3.254,0.0
2016-09-13,3.24,3.24,3.24,3.24,0.0
2016-09-14,3.244,3.244,3.244,3.244,0.0
2016-09-15,3.236,3.236,3.236,3.236,0.0
2016-09-16,3.225,3.225,3.225,3.225,0.0
2016-09-19,3.217,3.217,3.217,3.217,0.0
2016-09-20,3.216,3.216,3.216,3.216,0.0
2016-09-21,3.221,3.221,3.221,3.221,0.0
2016-09-22,3.204,3.204,3.204,3.204,0.0
2016-09-23,3.211,3.211,3.211,3.211,0.0
2016-09-26,3.233,3.233,3.233,3.233,0.0
2016-09-27,3.206,3.206,3.206,3.206,0.0
2016-09-28,3.183,3.183,3.183,3.183,0.0
2016-09-29,3.15,3.15,3.15,3.15,0.0
2016-09-30,3.139,3.139,3.139,3.139,4.0
2016-10-03,3.149,3.149,3.149,3.149,0.0
2016-10-04,3.13,3.13,3.13,3.13,0.0
2016-10-05,3.162,3.162,3.162,3.162,0.0
2016-10-06,3.158,3.158,3.158,3.158,0.0
2016-10-07,3.179,3.179,3.179,3.179,0.0
2016-10-10,3.175,3.175,3.175,3.175,0.0
2016-10-11,3.241,3.241,3.241,3.241,0.0
2016-10-12,3.224,3.224,3.224,3.224,0.0
2016-10-13,3.23,3.23,3.229,3.229,3.0
2016-10-14,3.222,3.222,3.222,3.222,0.0
2016-10-17,3.234,3.234,3.234,3.234,0.0
2016-10-18,3.243,3.243,3.243,3.243,0.0
2016-10-19,3.234,3.234,3.234,3.234,0.0
2016-10-20,3.234,3.234,3.234,3.234,0.0
2016-10-21,3.242,3.242,3.242,3.242,0.0
2016-10-24,3.24,3.24,3.24,3.24,0.0
2016-10-25,3.226,3.226,3.226,3.226,0.0
2016-10-26,3.204,3.204,3.204,3.204,0.0
2016-10-27,3.233,3.233,3.233,3.233,0.0
2016-10-28,3.25,3.25,3.25,3.25,0.0
2016-10-31,3.244,3.244,3.244,3.244,0.0
2016-11-01,3.234,3.234,3.234,3.234,0.0
2016-11-02,3.219,3.219,3.219,3.219,0.0
2016-11-03,3.215,3.215,3.215,3.215,0.0
2016-11-04,3.202,3.202,3.202,3.202,0.0
2016-11-07,3.208,3.208,3.208,3.208,0.0
2016-11-08,3.19,3.19,3.19,3.19,0.0
2016-11-09,3.188,3.188,3.188,3.188,0.0
2016-11-10,3.193,3.193,3.193,3.193,0.0
2016-11-11,3.194,3.194,3.194,3.194,0.0
2016-11-14,3.195,3.195,3.195,3.195,0.0
2016-11-15,3.17,3.17,3.17,3.17,0.0
2016-11-16,3.18,3.18,3.18,3.18,0.0
2016-11-17,3.217,3.217,3.217,3.217,0.0
2016-11-18,3.231,3.231,3.231,3.231,0.0
2016-11-21,3.23,3.23,3.23,3.23,0.0
2016-11-22,3.202,3.202,3.202,3.202,0.0
2016-11-23,3.193,3.193,3.193,3.193,0.0
2016-11-25,3.192,3.192,3.192,3.192,0.0
2016-11-28,3.183,3.183,3.183,3.183,0.0
2016-11-29,3.156,3.156,3.156,3.156,0.0
2016-11-30,3.149,3.149,3.149,3.149,0.0
2016-12-01,3.182,3.182,3.182,3.182,0.0
2016-12-02,3.173,3.173,3.173,3.173,0.0
2016-12-05,3.17,3.17,3.17,3.17,0.0
2016-12-06,3.144,3.144,3.144,3.144,0.0
2016-12-07,3.162,3.162,3.162,3.162,0.0
2016-12-08,3.193,3.193,3.193,3.193,0.0
2016-12-09,3.168,3.168,3.168,3.168,0.0
2016-12-12,3.158,3.158,3.158,3.158,0.0
2016-12-13,3.146,3.146,3.146,3.146,0.0
2016-12-14,3.125,3.125,3.125,3.125,0.0
2016-12-15,3.135,3.135,3.135,3.135,0.0
2016-12-16,3.148,3.148,3.148,3.148,0.0
2016-12-19,3.165,3.165,3.165,3.165,0.0
2016-12-20,3.129,3.129,3.129,3.129,0.0
2016-12-21,3.153,3.153,3.153,3.153,0.0
2016-12-22,3.115,3.121,3.115,3.121,1.0
2016-12-23,3.119,3.119,3.119,3.119,0.0
2016-12-27,3.127,3.127,3.127,3.127,0.0
2016-12-28,3.142,3.142,3.142,3.142,0.0
2016-12-29,3.148,3.148,3.148,3.148,0.0
2016-12-30,3.146,3.146,3.146,3.146,0.0
2017-01-03,3.137,3.137,3.137,3.137,0.0
2017-01-04,3.13,3.13,3.13,3.13,0.0
2017-01-05,3.146,3.146,3.146,3.146,0.0
2017-01-06,3.135,3.135,3.135,3.135,0.0
2017-01-09,3.123,3.123,3.123,3.123,0.0
2017-01-10,3.154,3.154,3.154,3.154,0.0
2017-01-11,3.143,3.143,3.143,3.143,0.0
2017-01-12,3.156,3.156,3.156,3.156,0.0
2017-01-13,3.135,3.135,3.135,3.135,0.0
2017-01-17,3.132,3.132,3.132,3.132,0.0
2017-01-18,3.14,3.14,3.14,3.14,0.0
2017-01-19,3.143,3.143,3.143,3.143,0.0
2017-01-20,3.128,3.128,3.128,3.128,0.0
2017-01-23,3.135,3.135,3.135,3.135,0.0
2017-01-24,3.129,3.129,3.129,3.129,0.0
2017-01-25,3.12,3.12,3.12,3.12,0.0
2017-01-26,3.121,3.121,3.121,3.121,0.0
2017-01-27,3.108,3.108,3.108,3.108,0.0
2017-01-30,3.113,3.113,3.113,3.113,0.0
2017-01-31,3.11,3.11,3.11,3.11,0.0
2017-02-01,3.109,3.109,3.109,3.109,0.0
2017-02-02,3.112,3.112,3.112,3.112,0.0
2017-02-03,3.095,3.095,3.095,3.095,0.0
2017-02-06,3.097,3.097,3.097,3.097,0.0
2017-02-07,3.12,3.12,3.12,3.12,0.0
2017-02-08,3.11,3.11,3.11,3.11,0.0
2017-02-09,3.111,3.111,3.111,3.111,0.0
2017-02-10,3.091,3.091,3.091,3.091,0.0
2017-02-13,3.09,3.09,3.09,3.09,0.0
2017-02-14,3.087,3.087,3.087,3.087,0.0
2017-02-15,3.089,3.089,3.089,3.089,0.0
2017-02-16,3.098,3.098,3.098,3.098,0.0
2017-02-17,3.094,3.094,3.094,3.094,0.0
2017-02-21,3.077,3.077,3.077,3.077,0.0
2017-02-22,3.08,3.08,3.08,3.08,0.0
2017-02-23,3.081,3.081,3.081,3.081,0.0
2017-02-24,3.076,3.076,3.076,3.076,0.0
2017-02-27,3.074,3.074,3.074,3.074,0.0
2017-02-28,3.083,3.083,3.083,3.083,0.0
2017-03-01,3.1,3.1,3.1,3.1,0.0
2017-03-02,3.097,3.097,3.097,3.097,0.0
2017-03-03,3.105,3.105,3.105,3.105,0.0
2017-03-06,3.1,3.1,3.1,3.1,0.0
2017-03-07,3.097,3.097,3.097,3.097,0.0
2017-03-08,3.094,3.094,3.094,3.094,0.0
2017-03-09,3.088,3.088,3.088,3.088,0.0
2017-03-10,3.08,3.08,3.08,3.08,0.0
2017-03-13,3.073,3.073,3.073,3.073,8.0
2017-03-14,3.068,3.068,3.068,3.068,0.0
2017-03-15,3.057,3.057,3.057,3.057,8.0
2017-03-16,3.08,3.08,3.08,3.08,0.0
2017-03-17,3.084,3.084,3.084,3.084,0.0
2017-03-20,3.092,3.092,3.092,3.092,0.0
2017-03-21,3.094,3.094,3.094,3.094,0.0
2017-03-22,3.094,3.094,3.094,3.094,0.0
2017-03-23,3.104,3.104,3.102,3.102,27.0
2017-03-24,3.085,3.085,3.085,3.085,0.0
2017-03-27,3.082,3.082,3.082,3.082,0.0
2017-03-28,3.085,3.085,3.058,3.058,46.0
2017-03-29,3.08,3.08,3.08,3.08,0.0
2017-03-30,3.072,3.072,3.072,3.072,0.0
2017-03-31,3.064,3.064,3.064,3.064,0.0
2017-04-03,3.071,3.071,3.071,3.071,0.0
2017-04-04,3.066,3.066,3.066,3.066,0.0
2017-04-05,3.089,3.089,3.089,3.089,2.0
2017-04-06,3.071,3.071,3.071,3.071,0.0
2017-04-07,3.076,3.076,3.076,3.076,0.0
2017-04-10,3.076,3.076,3.076,3.076,0.0
2017-04-11,3.089,3.089,3.089,3.089,0.0
2017-04-12,3.093,3.093,3.093,3.093,0.0
2017-04-13,3.12,3.12,3.12,3.12,0.0
2017-04-17,3.118,3.118,3.118,3.118,0.0
2017-04-18,3.149,3.149,3.149,3.149,0.0
2017-04-19,3.159,3.159,3.159,3.159,0.0
2017-04-20,3.192,3.192,3.192,3.192,0.0
2017-04-21,3.169,3.169,3.169,3.169,0.0
2017-04-24,3.158,3.158,3.158,3.158,0.0
2017-04-25,3.163,3.163,3.163,3.163,0.0
2017-04-26,3.17,3.17,3.17,3.17,0.0
2017-04-27,3.158,3.158,3.158,3.158,0.0
2017-04-28,3.159,3.159,3.159,3.159,0.0
2017-05-01,3.122,3.122,3.122,3.122,0.0
2017-05-02,3.119,3.119,3.119,3.119,2.0
2017-05-03,3.132,3.132,3.132,3.132,0.0
2017-05-04,3.14,3.14,3.14,3.14,0.0
2017-05-05,3.151,3.151,3.151,3.151,0.0
2017-05-08,3.123,3.123,3.123,3.123,0.0
2017-05-09,3.121,3.121,3.121,3.121,0.0
2017-05-10,3.116,3.116,3.116,3.116,0.0
2017-05-11,3.11,3.121,3.11,3.114,2.0
2017-05-12,3.119,3.119,3.116,3.116,3.0
2017-05-15,3.107,3.107,3.107,3.107,0.0
2017-05-16,3.119,3.119,3.119,3.119,0.0
2017-05-17,3.132,3.132,3.132,3.132,0.0
2017-05-18,3.126,3.126,3.126,3.126,0.0
2017-05-19,3.119,3.119,3.119,3.119,0.0
2017-05-22,3.121,3.121,3.121,3.121,0.0
2017-05-23,3.118,3.118,3.118,3.118,0.0
2017-05-24,3.107,3.107,3.107,3.107,0.0
2017-05-25,3.108,3.108,3.108,3.108,0.0
2017-05-26,3.097,3.097,3.097,3.097,0.0
2017-05-30,3.103,3.103,3.103,3.103,0.0
2017-05-31,3.093,3.093,3.093,3.093,0.0
2017-06-01,3.087,3.087,3.087,3.087,0.0
2017-06-02,3.097,3.097,3.097,3.097,0.0
2017-06-05,3.092,3.092,3.092,3.092,0.0
2017-06-06,3.082,3.082,3.082,3.082,0.0
2017-06-07,3.078,3.078,3.078,3.078,0.0
2017-06-08,3.092,3.092,3.092,3.092,0.0
2017-06-09,3.088,3.088,3.088,3.088,0.0
2017-06-12,3.089,3.089,3.089,3.089,0.0
2017-06-13,3.094,3.094,3.094,3.094,0.0
2017-06-14,3.086,3.086,3.086,3.086,0.0
2017-06-15,3.102,3.102,3.102,3.102,0.0
2017-06-16,3.092,3.092,3.092,3.092,0.0
2017-06-19,3.085,3.086,3.085,3.086,1.0
2017-06-20,3.106,3.106,3.103,3.103,2.0
2017-06-21,3.113,3.113,3.113,3.113,0.0
2017-06-22,3.116,3.116,3.116,3.116,0.0
2017-06-23,3.108,3.108,3.108,3.108,0.0
2017-06-26,3.096,3.096,3.096,3.096,0.0
2017-06-27,3.092,3.092,3.092,3.092,0.0
2017-06-28,3.078,3.078,3.078,3.078,0.0
2017-06-29,3.083,3.083,3.083,3.083,0.0
2017-06-30,3.096,3.096,3.096,3.096,0.0
2017-07-03,3.088,3.088,3.088,3.088,0.0
2017-07-05,3.052,3.052,3.052,3.052,0.0
2017-07-06,3.037,3.037,3.037,3.037,0.0
2017-07-07,3.032,3.032,3.032,3.032,0.0
2017-07-10,3.042,3.042,3.042,3.042,0.0
2017-07-11,3.046,3.046,3.046,3.046,0.0
2017-07-12,3.027,3.027,3.027,3.027,0.0
2017-07-13,3.043,3.043,3.043,3.043,0.0
2017-07-14,3.047,3.047,3.047,3.047,0.0
2017-07-17,3.053,3.053,3.053,3.053,0.0
2017-07-18,3.072,3.072,3.072,3.072,0.0
2017-07-19,3.057,3.057,3.057,3.057,0.0
2017-07-20,3.049,3.049,3.049,3.049,0.0
2017-07-21,3.035,3.035,3.035,3.035,0.0
2017-07-24,3.0,3.0,2.986,2.986,41.0
2017-07-25,2.994,2.994,2.994,2.994,0.0
2017-07-26,2.993,2.993,2.993,2.993,0.0
2017-07-27,2.995,3.0,2.992,2.992,10.0
2017-07-28,3.019,3.019,3.009,3.009,1.0
2017-07-31,2.997,2.997,2.997,2.997,0.0
2017-08-01,3.02,3.02,3.01,3.01,1.0
2017-08-02,3.016,3.016,3.016,3.016,0.0
2017-08-03,3.03,3.03,3.03,3.03,0.0
2017-08-04,3.02,3.02,3.02,3.02,0.0
2017-08-07,3.021,3.021,3.021,3.021,0.0
2017-08-08,3.032,3.032,3.032,3.032,0.0
2017-08-09,3.03,3.03,3.022,3.022,3.0
2017-08-10,3.041,3.041,3.024,3.024,2.0
2017-08-11,3.026,3.026,3.026,3.026,0.0
2017-08-14,3.027,3.027,3.027,3.027,0.0
2017-08-15,3.02,3.02,3.017,3.017,1.0
2017-08-16,3.007,3.007,3.007,3.007,0.0
2017-08-17,3.013,3.013,3.013,3.013,0.0
2017-08-18,3.015,3.015,3.015,3.015,0.0
2017-08-21,3.013,3.013,3.013,3.013,0.0
2017-08-22,3.001,3.001,3.001,3.001,0.0
2017-08-23,3.003,3.003,3.003,3.003,0.0
2017-08-24,2.984,2.984,2.984,2.984,0.0
2017-08-25,2.971,2.971,2.971,2.971,0.0
2017-08-28,2.984,2.984,2.984,2.984,0.0
2017-08-29,2.983,2.983,2.983,2.983,0.0
2017-08-30,2.985,2.985,2.985,2.985,0.0
2017-08-31,3.0,3.0,2.998,2.998,0.0
2017-09-01,3.004,3.004,3.004,3.004,3.0
2017-09-05,3.0,3.0,3.0,3.0,0.0
2017-09-06,2.999,2.999,2.999,2.999,0.0
2017-09-07,3.005,3.031,3.005,3.023,16.0
2017-09-08,3.029,3.029,3.029,3.029,0.0
2017-09-11,3.043,3.043,3.043,3.043,0.0
2017-09-12,3.048,3.048,3.048,3.048,0.0
2017-09-13,3.036,3.036,3.036,3.036,0.0
2017-09-14,3.053,3.053,3.053,3.053,0.0
2017-09-15,3.063,3.063,3.063,3.063,0.0
2017-09-18,3.08,3.08,3.08,3.08,0.0
2017-09-19,3.074,3.074,3.074,3.074,0.0
2017-09-20,3.072,3.072,3.072,3.072,0.0
2017-09-21,3.067,3.067,3.061,3.061,2.0
2017-09-22,3.083,3.083,3.083,3.083,0.0
2017-09-25,3.057,3.057,3.057,3.057,0.0
2017-09-26,3.067,3.067,3.067,3.067,0.0
2017-09-27,3.08,3.081,3.08,3.081,9.0
2017-09-28,3.075,3.075,3.075,3.075,0.0
2017-09-29,3.066,3.066,3.066,3.066,0.0
2017-10-02,3.073,3.073,3.073,3.073,0.0
2017-10-03,3.082,3.082,3.082,3.082,0.0
2017-10-04,3.077,3.077,3.077,3.077,0.0
2017-10-05,3.082,3.082,3.082,3.082,0.0
2017-10-06,3.071,3.071,3.071,3.071,0.0
2017-10-09,3.079,3.079,3.079,3.079,0.0
2017-10-10,3.085,3.085,3.085,3.085,0.0
2017-10-11,3.07,3.07,3.07,3.07,0.0
2017-10-12,3.081,3.081,3.081,3.081,0.0
2017-10-13,3.1,3.1,3.082,3.082,5.0
2017-10-16,3.098,3.098,3.098,3.098,0.0
2017-10-17,3.086,3.086,3.086,3.086,0.0
2017-10-18,3.088,3.088,3.088,3.088,0.0
2017-10-19,3.094,3.094,3.094,3.094,1.0
2017-10-20,3.106,3.106,3.106,3.106,0.0
2017-10-23,3.097,3.097,3.097,3.097,0.0
2017-10-24,3.091,3.091,3.091,3.091,0.0
2017-10-25,3.094,3.094,3.092,3.092,1.0
2017-10-26,3.102,3.102,3.095,3.095,3.0
2017-10-27,3.088,3.088,3.088,3.088,0.0
2017-10-30,3.109,3.109,3.109,3.109,0.0
2017-10-31,3.104,3.104,3.104,3.104,0.0
2017-11-01,3.108,3.108,3.108,3.108,0.0
2017-11-02,3.11,3.11,3.102,3.102,3.0
2017-11-03,3.097,3.097,3.097,3.097,0.0
2017-11-06,3.101,3.101,3.101,3.101,0.0
2017-11-07,3.094,3.094,3.094,3.094,0.0
2017-11-08,3.094,3.094,3.094,3.094,0.0
2017-11-09,3.097,3.097,3.097,3.097,0.0
2017-11-10,3.094,3.094,3.094,3.094,0.0
2017-11-13,3.094,3.094,3.094,3.094,0.0
2017-11-14,3.092,3.092,3.092,3.092,0.0
2017-11-15,3.1,3.1,3.1,3.1,0.0
2017-11-16,3.11,3.11,3.11,3.11,0.0
2017-11-17,3.11,3.11,3.11,3.11,0.0
2017-11-20,3.112,3.112,3.109,3.109,5.0
2017-11-21,3.114,3.114,3.114,3.114,0.0
2017-11-22,3.101,3.101,3.101,3.101,0.0
2017-11-24,3.094,3.094,3.094,3.094,0.0
2017-11-27,3.102,3.102,3.102,3.102,0.0
2017-11-28,3.103,3.103,3.103,3.103,0.0
2017-11-29,3.114,3.114,3.114,3.114,0.0
2017-11-30,3.099,3.099,3.099,3.099,0.0
2017-12-01,3.099,3.099,3.092,3.092,3.0
2017-12-04,3.054,3.054,3.054,3.054,0.0
2017-12-05,3.065,3.065,3.065,3.065,0.0
2017-12-06,3.056,3.056,3.056,3.056,0.0
2017-12-07,3.045,3.045,3.045,3.045,0.0
2017-12-08,3.045,3.05,3.045,3.05,4.0
2017-12-11,3.051,3.051,3.051,3.051,0.0
2017-12-12,3.029,3.031,3.029,3.031,3.0
2017-12-13,3.043,3.043,3.043,3.043,0.0
2017-12-14,3.052,3.052,3.052,3.052,0.0
2017-12-15,3.035,3.035,3.035,3.035,0.0
2017-12-18,3.056,3.056,3.056,3.056,0.0
2017-12-19,3.05,3.05,3.05,3.05,0.0
2017-12-20,3.036,3.036,3.036,3.036,0.0
2017-12-21,3.04,3.04,3.04,3.04,0.0
2017-12-22,3.063,3.063,3.063,3.063,0.0
2017-12-26,3.061,3.061,3.061,3.061,0.0
2017-12-27,3.051,3.051,3.051,3.051,0.0
2017-12-28,3.055,3.055,3.055,3.055,0.0
2017-12-29,3.063,3.063,3.063,3.063,0.0
2018-01-02,3.056,3.056,3.056,3.056,0.0
2018-01-03,3.061,3.061,3.061,3.061,0.0
2018-01-04,3.048,3.048,3.048,3.048,0.0
2018-01-05,3.037,3.037,3.037,3.037,0.0
2018-01-08,3.047,3.047,3.047,3.047,0.0
2018-01-09,3.04,3.04,3.04,3.04,0.0
2018-01-10,3.055,3.055,3.055,3.055,0.0
2018-01-11,3.061,3.061,3.061,3.061,0.0
2018-01-12,3.059,3.059,3.059,3.059,0.0
2018-01-16,3.042,3.042,3.042,3.042,10.0
2018-01-17,3.04,3.04,3.04,3.04,0.0
2018-01-18,3.036,3.036,3.036,3.036,0.0
2018-01-19,3.035,3.035,3.035,3.035,1.0
2018-01-22,3.058,3.058,3.058,3.058,17.0
2018-01-23,3.06,3.06,3.06,3.06,2.0
2018-01-24,3.06,3.06,3.06,3.06,1.0
2018-01-25,3.053,3.053,3.053,3.053,0.0
2018-01-26,3.041,3.041,3.041,3.041,0.0
2018-01-29,3.046,3.046,3.046,3.046,0.0
2018-01-30,3.04,3.04,3.04,3.04,0.0
2018-01-31,3.039,3.039,3.039,3.039,0.0
2018-02-01,3.045,3.045,3.045,3.045,0.0
2018-02-02,3.053,3.053,3.053,3.053,0.0
2018-02-05,3.046,3.046,3.046,3.046,30.0
2018-02-06,3.052,3.052,3.052,3.052,0.0
2018-02-07,3.035,3.039,3.035,3.039,10.0
2018-02-08,3.03,3.03,3.03,3.03,9.0
2018-02-09,3.011,3.011,3.011,3.011,0.0
2018-02-12,3.007,3.007,3.007,3.007,0.0
2018-02-13,3.007,3.007,3.007,3.007,0.0
2018-02-14,3.006,3.006,3.006,3.006,0.0
2018-02-15,3.0,3.0,3.0,3.0,0.0
2018-02-16,3.005,3.005,3.005,3.005,0.0
2018-02-20,3.02,3.02,3.002,3.002,10.0
2018-02-21,3.021,3.021,3.021,3.021,0.0
2018-02-22,3.02,3.02,3.02,3.02,0.0
2018-02-23,3.014,3.014,3.014,3.014,0.0
2018-02-26,3.026,3.026,3.026,3.026,0.0
2018-02-27,3.008,3.008,3.008,3.008,0.0
2018-02-28,3.003,3.003,2.99,2.99,3.0
2018-03-01,3.0,3.0,3.0,3.0,0.0
2018-03-02,3.004,3.004,3.004,3.004,0.0
2018-03-05,3.017,3.017,3.017,3.017,0.0
2018-03-06,3.024,3.024,3.024,3.024,0.0
2018-03-07,3.024,3.024,3.014,3.014,3.0
2018-03-08,3.01,3.01,2.998,2.998,5.0
2018-03-09,2.986,2.986,2.986,2.986,0.0
2018-03-12,2.989,2.989,2.989,2.989,0.0
2018-03-13,2.989,2.989,2.989,2.989,0.0
2018-03-14,2.998,2.998,2.998,2.998,0.0
2018-03-15,3.008,3.01,3.008,3.01,3.0
2018-03-16,3.007,3.007,3.007,3.007,0.0
2018-03-19,2.999,2.999,2.999,2.999,0.0
2018-03-20,3.003,3.003,3.003,3.003,0.0
2018-03-21,3.0,3.0,2.996,2.996,3.0
2018-03-22,3.0,3.0,3.0,3.0,40.0
2018-03-23,2.989,2.994,2.989,2.994,7.0
2018-03-26,3.001,3.001,2.999,2.999,8.0
2018-03-27,3.02,3.02,3.02,3.02,0.0
2018-03-28,3.015,3.015,3.015,3.015,0.0
2018-03-29,3.017,3.028,3.017,3.028,22.0
2018-04-02,3.028,3.028,3.021,3.021,58.0
2018-04-03,3.02,3.02,3.02,3.02,8.0
2018-04-04,3.006,3.006,3.006,3.006,0.0
2018-04-05,3.0,3.014,3.0,3.014,5.0
2018-04-06,3.003,3.003,3.003,3.003,0.0
2018-04-09,3.0,3.004,3.0,3.004,3.0
2018-04-10,3.009,3.009,3.009,3.009,0.0
2018-04-11,3.014,3.014,3.014,3.014,0.0
2018-04-12,3.025,3.025,3.025,3.025,0.0
2018-04-13,3.019,3.019,3.019,3.019,0.0
2018-04-16,3.022,3.022,3.022,3.022,0.0
2018-04-17,3.005,3.008,3.002,3.008,10.0
2018-04-18,3.008,3.008,2.989,2.989,3.0
2018-04-19,2.975,2.975,2.953,2.953,102.0
2018-04-20,2.954,2.954,2.954,2.954,100.0
2018-04-23,2.949,2.949,2.949,2.949,2.0
2018-04-24,2.954,2.954,2.948,2.948,13.0
2018-04-25,2.939,2.939,2.939,2.939,1.0
2018-04-26,2.928,2.928,2.928,2.928,0.0
2018-04-27,2.925,2.925,2.925,2.925,0.0
2018-04-30,2.931,2.931,2.931,2.931,0.0
2018-05-01,2.93,2.93,2.93,2.93,0.0
2018-05-02,2.932,2.932,2.932,2.932,0.0
2018-05-03,2.925,2.925,2.925,2.925,0.0
2018-05-04,2.919,2.919,2.919,2.919,0.0
2018-05-07,2.917,2.917,2.917,2.917,0.0
2018-05-08,2.885,2.885,2.876,2.876,34.0
2018-05-09,2.871,2.871,2.87,2.87,3.0
2018-05-10,2.889,2.889,2.889,2.889,3.0
2018-05-11,2.887,2.887,2.887,2.887,0.0
2018-05-14,2.879,2.879,2.879,2.879,1.0
2018-05-15,2.865,2.865,2.865,2.865,10.0
2018-05-16,2.867,2.867,2.867,2.867,0.0
2018-05-17,2.881,2.881,2.881,2.881,0.0
2018-05-18,2.893,2.893,2.893,2.893,8.0
2018-05-21,2.899,2.899,2.899,2.899,0.0
2018-05-22,2.921,2.921,2.921,2.921,0.0
2018-05-23,2.916,2.916,2.916,2.916,0.0
2018-05-24,2.91,2.91,2.9,2.906,6.0
2018-05-25,2.902,2.902,2.895,2.898,17.0
2018-05-29,2.875,2.875,2.875,2.875,12.0
2018-05-30,2.877,2.877,2.877,2.877,0.0
2018-05-31,2.885,2.885,2.885,2.885,0.0
2018-06-01,2.891,2.891,2.891,2.891,0.0
2018-06-04,2.886,2.886,2.878,2.878,1.0
2018-06-05,2.873,2.873,2.873,2.873,0.0
2018-06-06,2.877,2.877,2.873,2.873,4.0
2018-06-07,2.87,2.87,2.863,2.863,1.0
2018-06-08,2.86,2.86,2.858,2.858,1.0
2018-06-11,2.856,2.856,2.856,2.856,0.0
2018-06-12,2.87,2.87,2.87,2.87,0.0
2018-06-13,2.873,2.882,2.873,2.874,4.0
2018-06-14,2.855,2.855,2.855,2.855,0.0
2018-06-15,2.856,2.856,2.849,2.849,1.0
2018-06-18,2.845,2.845,2.845,2.845,0.0
2018-06-19,2.839,2.839,2.837,2.837,2.0
2018-06-20,2.839,2.839,2.839,2.839,0.0
2018-06-21,2.842,2.842,2.842,2.842,0.0
2018-06-22,2.84,2.843,2.84,2.843,1.0
2018-06-25,2.84,2.84,2.84,2.84,0.0
2018-06-26,2.841,2.841,2.841,2.841,0.0
2018-06-27,2.844,2.844,2.844,2.844,0.0
2018-06-28,2.839,2.839,2.839,2.839,30.0
2018-06-29,2.839,2.839,2.839,2.839,0.0
2018-07-02,2.837,2.837,2.837,2.837,3.0
2018-07-03,2.839,2.839,2.839,2.839,0.0
2018-07-05,2.83,2.833,2.83,2.833,1.0
2018-07-06,2.833,2.833,2.833,2.833,0.0
2018-07-09,2.825,2.828,2.825,2.828,1.0
2018-07-10,2.828,2.828,2.828,2.828,1.0
2018-07-11,2.848,2.848,2.848,2.848,1.0
2018-07-12,2.836,2.836,2.836,2.836,76.0
2018-07-13,2.828,2.828,2.828,2.828,0.0
2018-07-16,2.828,2.829,2.813,2.813,9.0
2018-07-17,2.803,2.803,2.803,2.803,0.0
2018-07-18,2.8,2.8,2.792,2.792,10.0
2018-07-19,2.79,2.79,2.776,2.776,7.0
2018-07-20,2.771,2.771,2.771,2.771,0.0
2018-07-23,2.786,2.786,2.786,2.786,0.0
2018-07-24,2.784,2.784,2.784,2.784,0.0
2018-07-25,2.78,2.78,2.78,2.78,0.0
2018-07-26,2.773,2.773,2.773,2.773,0.0
2018-07-27,2.805,2.805,2.805,2.805,0.0
2018-07-30,2.808,2.808,2.805,2.805,1.0
2018-07-31,2.804,2.804,2.804,2.804,0.0
2018-08-01,2.795,2.795,2.774,2.774,1.0
2018-08-02,2.79,2.79,2.785,2.785,1.0
2018-08-03,2.785,2.79,2.785,2.79,3.0
2018-08-06,2.78,2.78,2.78,2.78,0.0
2018-08-07,2.776,2.776,2.776,2.776,0.0
2018-08-08,2.79,2.79,2.79,2.79,0.0
2018-08-09,2.807,2.807,2.807,2.807,0.0
2018-08-10,2.807,2.83,2.807,2.814,15.0
2018-08-13,2.818,2.818,2.818,2.818,0.0
2018-08-14,2.821,2.821,2.821,2.821,0.0
2018-08-15,2.816,2.816,2.816,2.816,0.0
2018-08-16,2.815,2.815,2.806,2.806,1.0
2018-08-17,2.821,2.821,2.81,2.81,4.0
2018-08-20,2.809,2.809,2.809,2.809,0.0
2018-08-21,2.806,2.806,2.806,2.806,1.0
2018-08-22,2.803,2.803,2.803,2.803,5.0
2018-08-23,2.806,2.806,2.806,2.806,0.0
2018-08-24,2.797,2.797,2.797,2.797,0.0
2018-08-27,2.775,2.775,2.775,2.775,0.0
2018-08-28,2.774,2.774,2.774,2.774,0.0
2018-08-29,2.776,2.776,2.776,2.776,0.0
2018-08-30,2.769,2.769,2.769,2.769,0.0
2018-08-31,2.784,2.788,2.784,2.788,1.0
2018-09-04,2.774,2.774,2.774,2.774,0.0
2018-09-05,2.772,2.772,2.772,2.772,15.0
2018-09-06,2.763,2.763,2.763,2.763,0.0
2018-09-07,2.767,2.767,2.767,2.767,0.0
2018-09-10,2.776,2.776,2.776,2.776,0.0
2018-09-11,2.782,2.782,2.782,2.782,0.0
2018-09-12,2.792,2.792,2.792,2.792,0.0
2018-09-13,2.804,2.804,2.795,2.795,17.0
2018-09-14,2.79,2.79,2.79,2.79,12.0
2018-09-17,2.795,2.795,2.795,2.795,0.0
2018-09-18,2.805,2.805,2.805,2.805,2.0
2018-09-19,2.786,2.786,2.786,2.786,5.0
2018-09-20,2.798,2.798,2.798,2.798,10.0
2018-09-21,2.794,2.794,2.794,2.794,0.0
2018-09-24,2.799,2.799,2.799,2.799,0.0
2018-09-25,2.793,2.793,2.793,2.793,0.0
2018-09-26,2.799,2.799,2.799,2.799,0.0
2018-09-27,2.79,2.79,2.79,2.79,68.0
2018-09-28,2.799,2.799,2.799,2.799,7.0
2018-10-01,2.795,2.795,2.795,2.795,5.0
2018-10-02,2.809,2.809,2.801,2.801,1.0
2018-10-03,2.805,2.805,2.804,2.804,5.0
2018-10-04,2.809,2.809,2.809,2.809,0.0
2018-10-05,2.815,2.815,2.815,2.815,0.0
2018-10-08,2.828,2.828,2.828,2.828,0.0
2018-10-09,2.837,2.837,2.837,2.837,0.0
2018-10-10,2.832,2.832,2.832,2.832,10.0
2018-10-11,2.832,2.84,2.832,2.84,10.0
2018-10-12,2.84,2.842,2.84,2.842,63.0
2018-10-15,2.842,2.842,2.842,2.842,0.0
2018-10-16,2.832,2.836,2.832,2.836,2.0
2018-10-17,2.83,2.83,2.83,2.83,0.0
2018-10-18,2.833,2.833,2.833,2.833,0.0
2018-10-19,2.836,2.836,2.836,2.836,0.0
2018-10-22,2.833,2.833,2.833,2.833,31.0
2018-10-23,2.828,2.835,2.828,2.835,1.0
2018-10-24,2.835,2.835,2.828,2.828,3.0
2018-10-25,2.823,2.823,2.819,2.819,1.0
2018-10-26,2.819,2.819,2.818,2.818,1.0
2018-10-29,2.828,2.828,2.828,2.828,0.0
2018-10-30,2.828,2.828,2.822,2.822,68.0
2018-10-31,2.835,2.835,2.835,2.835,0.0
2018-11-01,2.828,2.83,2.828,2.83,1.0
2018-11-02,2.844,2.844,2.844,2.844,0.0
2018-11-05,2.848,2.848,2.848,2.848,0.0
2018-11-06,2.856,2.872,2.856,2.857,3.0
2018-11-07,2.861,2.861,2.861,2.861,0.0
2018-11-08,2.868,2.868,2.868,2.868,35.0
2018-11-09,2.888,2.888,2.863,2.877,15.0
2018-11-12,2.903,2.903,2.903,2.903,0.0
2018-11-13,2.903,2.903,2.884,2.884,1.0
2018-11-14,2.871,2.871,2.871,2.871,0.0
2018-11-15,2.863,2.863,2.863,2.863,12.0
2018-11-16,2.868,2.868,2.862,2.862,11.0
2018-11-19,2.86,2.86,2.839,2.839,24.0
2018-11-20,2.818,2.818,2.818,2.818,0.0
2018-11-21,2.816,2.816,2.816,2.816,0.0
2018-11-23,2.846,2.846,2.846,2.846,0.0
2018-11-26,2.839,2.839,2.839,2.839,0.0
2018-11-27,2.839,2.839,2.839,2.839,1.0
2018-11-28,2.849,2.86,2.849,2.86,1.0
2018-11-29,2.855,2.855,2.855,2.855,50.0
2018-11-30,2.865,2.865,2.863,2.863,1.0
2018-12-03,2.858,2.861,2.858,2.861,4.0
2018-12-04,2.853,2.853,2.853,2.853,4.0
2018-12-05,2.856,2.856,2.856,2.856,12.0
2018-12-06,2.851,2.867,2.851,2.867,9.0
2018-12-07,2.884,2.884,2.872,2.872,49.0
2018-12-10,2.882,2.882,2.882,2.882,60.0
2018-12-11,2.877,2.877,2.867,2.867,32.0
2018-12-12,2.872,2.872,2.872,2.872,19.0
2018-12-13,2.863,2.863,2.863,2.863,2.0
2018-12-14,2.879,2.879,2.879,2.879,4.0
2018-12-17,2.879,2.879,2.87,2.87,63.0
2018-12-18,2.87,2.871,2.866,2.866,101.0
2018-12-19,2.866,2.866,2.861,2.861,68.0
2018-12-20,2.856,2.856,2.856,2.856,19.0
2018-12-21,2.865,2.865,2.865,2.865,64.0
2018-12-24,2.856,2.856,2.856,2.856,0.0
2018-12-26,2.862,2.862,2.862,2.862,1.0
2018-12-27,2.86,2.86,2.86,2.86,0.0
2018-12-28,2.843,2.843,2.843,2.843,2.0
2018-12-31,2.845,2.845,2.845,2.845,1.0
2019-01-02,2.822,2.822,2.822,2.822,4.0
2019-01-03,2.819,2.819,2.819,2.819,129.0
2019-01-04,2.844,2.844,2.844,2.844,0.0
2019-01-07,2.857,2.857,2.857,2.857,7.0
2019-01-08,2.87,2.875,2.87,2.875,54.0
2019-01-09,2.885,2.893,2.878,2.893,42.0
2019-01-10,2.902,2.902,2.902,2.902,20.0
2019-01-11,2.912,2.912,2.912,2.912,0.0
2019-01-14,2.918,2.918,2.911,2.911,140.0
2019-01-15,2.889,2.889,2.889,2.889,61.0
2019-01-16,2.866,2.866,2.866,2.866,84.0
2019-01-17,2.885,2.885,2.885,2.885,0.0
2019-01-18,2.898,2.898,2.898,2.898,0.0
2019-01-22,2.905,2.905,2.905,2.905,50.0
2019-01-23,2.899,2.899,2.899,2.899,6.0
2019-01-24,2.899,2.899,2.899,2.899,10.0
2019-01-25,2.911,2.911,2.898,2.898,56.0
2019-01-28,2.906,2.91,2.895,2.895,144.0
2019-01-29,2.87,2.896,2.87,2.892,117.0
2019-01-30,2.887,2.888,2.886,2.888,5.0
2019-01-31,2.862,2.862,2.862,2.862,14.0
2019-02-01,2.881,2.881,2.864,2.864,18.0
2019-02-04,2.86,2.86,2.858,2.858,60.0
2019-02-05,2.88,2.884,2.873,2.884,149.0
2019-02-06,2.889,2.889,2.889,2.889,167.0
2019-02-07,2.886,2.886,2.881,2.883,216.0
2019-02-08,2.895,2.895,2.892,2.892,18.0
2019-02-11,2.899,2.899,2.899,2.899,0.0
2019-02-12,2.903,2.903,2.902,2.903,6.0
2019-02-13,2.895,2.897,2.895,2.897,59.0
2019-02-14,2.897,2.902,2.897,2.902,25.0
2019-02-15,2.888,2.888,2.884,2.884,2.0
2019-02-19,2.92,2.942,2.899,2.901,30.0
2019-02-20,2.898,2.898,2.884,2.884,24.0
2019-02-21,2.884,2.904,2.88,2.882,14.0
2019-02-22,2.888,2.888,2.883,2.883,2.0
2019-02-25,2.88,2.885,2.88,2.885,5.0
2019-02-26,2.872,2.872,2.86,2.86,34.0
2019-02-27,2.858,2.872,2.858,2.872,5.0
2019-02-28,2.88,2.88,2.871,2.879,16.0
2019-03-01,2.873,2.873,2.864,2.87,119.0
2019-03-04,2.885,2.887,2.87,2.887,15.0
2019-03-05,2.889,2.891,2.883,2.888,63.0
2019-03-06,2.89,2.891,2.886,2.886,10.0
2019-03-07,2.886,2.889,2.879,2.889,25.0
2019-03-08,2.893,2.899,2.893,2.895,30.0
2019-03-11,2.884,2.903,2.884,2.903,19.0
2019-03-12,2.91,2.91,2.91,2.91,4.0
2019-03-13,2.912,2.912,2.904,2.908,4.0
2019-03-14,2.914,2.916,2.899,2.914,18.0
2019-03-15,2.909,2.912,2.892,2.906,31.0
2019-03-18,2.91,2.91,2.91,2.91,22.0
2019-03-19,2.914,2.914,2.906,2.912,66.0
2019-03-20,2.907,2.907,2.905,2.905,1.0
2019-03-21,2.913,2.915,2.912,2.914,17.0
2019-03-22,2.908,2.909,2.904,2.906,18.0
2019-03-25,2.901,2.906,2.901,2.905,12.0
2019-03-26,2.906,2.906,2.906,2.906,0.0
2019-03-27,2.897,2.897,2.895,2.896,37.0
2019-03-28,2.89,2.905,2.89,2.897,4.0
2019-03-29,2.896,2.896,2.896,2.896,2.0
2019-04-01,2.895,2.895,2.895,2.895,6.0
2019-04-02,2.903,2.907,2.897,2.906,53.0
2019-04-03,2.905,2.917,2.905,2.917,264.0
2019-04-04,2.917,2.917,2.915,2.915,188.0
2019-04-05,2.917,2.92,2.917,2.92,159.0
2019-04-08,2.93,2.932,2.923,2.928,212.0
2019-04-09,2.935,2.936,2.93,2.936,126.0
2019-04-10,2.931,2.936,2.931,2.934,115.0
2019-04-11,2.936,2.936,2.929,2.932,60.0
2019-04-12,2.932,2.932,2.932,2.932,2.0
2019-04-15,2.925,2.925,2.916,2.92,205.0
2019-04-16,2.93,2.93,2.916,2.919,175.0
2019-04-17,2.903,2.903,2.896,2.898,142.0
2019-04-18,2.892,2.892,2.876,2.876,13.0
2019-04-22,2.877,2.877,2.866,2.866,15.0
2019-04-23,2.861,2.864,2.855,2.855,59.0
2019-04-24,2.865,2.865,2.862,2.864,280.0
2019-04-25,2.86,2.9,2.86,2.879,148.0
2019-04-26,2.899,2.899,2.873,2.878,35.0
2019-04-29,2.878,2.903,2.873,2.898,338.0
2019-04-30,2.908,2.908,2.902,2.908,36.0
2019-05-01,2.898,2.915,2.898,2.909,78.0
2019-05-02,2.906,2.906,2.904,2.906,81.0
2019-05-03,2.897,2.9,2.886,2.886,247.0
2019-05-06,2.89,2.89,2.878,2.878,224.0
2019-05-07,2.893,2.897,2.888,2.888,254.0
2019-05-08,2.909,2.909,2.901,2.904,251.0
2019-05-09,2.912,2.915,2.901,2.906,17.0
2019-05-10,2.905,2.905,2.899,2.899,25.0
2019-05-13,2.905,2.905,2.902,2.902,9.0
2019-05-14,2.908,2.915,2.908,2.914,81.0
2019-05-15,2.91,2.914,2.91,2.912,107.0
2019-05-16,2.92,2.925,2.92,2.925,252.0
2019-05-17,2.923,2.923,2.923,2.923,3.0
2019-05-20,2.933,2.933,2.928,2.928,306.0
2019-05-21,2.922,2.925,2.916,2.917,238.0
2019-05-22,2.916,2.921,2.894,2.894,211.0
2019-05-23,2.899,2.9,2.892,2.9,97.0
2019-05-24,2.894,2.903,2.893,2.903,246.0
2019-05-28,2.903,2.904,2.9,2.904,64.0
2019-05-29,2.906,2.906,2.9,2.9,80.0
2019-05-30,2.891,2.899,2.884,2.891,29.0
2019-05-31,2.878,2.882,2.878,2.882,29.0
2019-06-03,2.875,2.876,2.866,2.866,458.0
2019-06-04,2.877,2.88,2.875,2.875,8.0
2019-06-05,2.885,2.886,2.877,2.879,47.0
2019-06-06,2.88,2.886,2.865,2.866,79.0
2019-06-07,2.878,2.878,2.869,2.869,3.0
2019-06-10,2.874,2.874,2.861,2.861,23.0
2019-06-11,2.85,2.87,2.85,2.863,247.0
2019-06-12,2.86,2.86,2.856,2.857,10.0
2019-06-13,2.857,2.859,2.848,2.858,108.0
2019-06-14,2.869,2.877,2.867,2.867,30.0
2019-06-17,2.867,2.867,2.865,2.865,2.0
2019-06-18,2.87,2.87,2.849,2.853,17.0
2019-06-19,2.853,2.853,2.83,2.83,7.0
2019-06-20,2.82,2.82,2.778,2.796,415.0
2019-06-21,2.8,2.823,2.8,2.811,93.0
2019-06-24,2.835,2.852,2.83,2.852,22.0
2019-06-25,2.827,2.842,2.822,2.838,218.0
2019-06-26,2.839,2.84,2.826,2.827,83.0
2019-06-27,2.814,2.825,2.814,2.825,10.0
2019-06-28,2.803,2.819,2.803,2.808,34.0
2019-07-01,2.806,2.806,2.772,2.778,496.0
2019-07-02,2.773,2.775,2.761,2.765,74.0
2019-07-03,2.768,2.771,2.763,2.768,38.0
2019-07-05,2.786,2.81,2.786,2.799,54.0
2019-07-08,2.808,2.808,2.788,2.788,34.0
2019-07-09,2.815,2.825,2.813,2.819,97.0
2019-07-10,2.836,2.837,2.823,2.83,102.0
2019-07-11,2.828,2.836,2.815,2.836,10.0
2019-07-12,2.848,2.851,2.832,2.838,178.0
2019-07-15,2.835,2.843,2.831,2.834,463.0
2019-07-16,2.8,2.804,2.796,2.796,20.0
2019-07-17,2.802,2.802,2.788,2.796,133.0
2019-07-18,2.8,2.8,2.781,2.785,19.0
2019-07-19,2.787,2.787,2.772,2.773,84.0
2019-07-22,2.795,2.795,2.785,2.788,47.0
2019-07-23,2.78,2.788,2.775,2.788,9.0
2019-07-24,2.767,2.769,2.762,2.764,217.0
2019-07-25,2.774,2.774,2.771,2.774,1.0
2019-07-26,2.735,2.768,2.735,2.75,155.0
2019-07-29,2.744,2.751,2.735,2.745,14.0
2019-07-30,2.747,2.754,2.744,2.753,88.0
2019-07-31,2.778,2.785,2.769,2.769,401.0
2019-08-01,2.775,2.787,2.746,2.769,353.0
2019-08-02,2.757,2.757,2.722,2.736,359.0
2019-08-05,2.704,2.716,2.69,2.711,240.0
2019-08-06,2.714,2.718,2.689,2.701,142.0
2019-08-07,2.682,2.693,2.681,2.69,92.0
2019-08-08,2.685,2.693,2.685,2.69,34.0
2019-08-09,2.685,2.694,2.68,2.686,122.0
2019-08-12,2.672,2.672,2.655,2.655,27.0
2019-08-13,2.669,2.67,2.659,2.665,122.0
2019-08-14,2.645,2.67,2.645,2.664,19.0
2019-08-15,2.66,2.689,2.66,2.67,437.0
2019-08-16,2.66,2.66,2.638,2.646,101.0
2019-08-19,2.624,2.656,2.621,2.656,348.0
2019-08-20,2.63,2.652,2.63,2.649,63.0
2019-08-21,2.654,2.654,2.648,2.651,73.0
2019-08-22,2.637,2.656,2.633,2.642,29.0
2019-08-23,2.65,2.65,2.63,2.642,164.0
2019-08-26,2.655,2.676,2.655,2.673,398.0
2019-08-27,2.665,2.666,2.655,2.661,60.0
2019-08-28,2.675,2.69,2.675,2.68,130.0
2019-08-29,2.677,2.702,2.677,2.698,275.0
2019-08-30,2.674,2.693,2.663,2.671,505.0
2019-09-03,2.669,2.691,2.669,2.691,660.0
2019-09-04,2.689,2.69,2.667,2.686,429.0
2019-09-05,2.69,2.706,2.68,2.706,500.0
2019-09-06,2.682,2.722,2.676,2.715,280.0
2019-09-09,2.721,2.724,2.708,2.718,491.0
2019-09-10,2.735,2.74,2.717,2.719,558.0
2019-09-11,2.713,2.739,2.711,2.739,380.0
2019-09-12,2.738,2.738,2.717,2.735,227.0
2019-09-13,2.727,2.727,2.704,2.714,297.0
2019-09-16,2.73,2.739,2.717,2.738,1002.0
2019-09-17,2.731,2.737,2.729,2.737,320.0
2019-09-18,2.735,2.736,2.722,2.735,367.0
2019-09-19,2.733,2.733,2.711,2.721,460.0
2019-09-20,2.721,2.726,2.701,2.726,99.0
2019-09-23,2.708,2.735,2.708,2.731,563.0
2019-09-24,2.733,2.74,2.717,2.726,152.0
2019-09-25,2.705,2.72,2.702,2.715,203.0
2019-09-26,2.709,2.709,2.674,2.707,707.0
2019-09-27,2.69,2.704,2.69,2.699,348.0
2019-09-30,2.669,2.691,2.669,2.684,515.0
2019-10-01,2.671,2.709,2.671,2.706,1026.0
2019-10-02,2.735,2.74,2.697,2.7,258.0
2019-10-03,2.7,2.71,2.678,2.703,619.0
2019-10-04,2.687,2.713,2.671,2.711,371.0
2019-10-07,2.692,2.711,2.692,2.708,209.0
2019-10-08,2.694,2.695,2.677,2.683,191.0
2019-10-09,2.671,2.677,2.658,2.67,419.0
2019-10-10,2.665,2.674,2.66,2.661,681.0
2019-10-11,2.665,2.668,2.648,2.657,1024.0
2019-10-14,2.66,2.671,2.644,2.661,117.0
2019-10-15,2.66,2.682,2.66,2.682,877.0
2019-10-16,2.668,2.681,2.659,2.661,1288.0
2019-10-17,2.682,2.69,2.675,2.69,1081.0
2019-10-18,2.68,2.698,2.679,2.694,463.0
2019-10-21,2.678,2.686,2.67,2.686,173.0
2019-10-22,2.694,2.694,2.675,2.675,454.0
2019-10-23,2.677,2.677,2.658,2.664,481.0
2019-10-24,2.671,2.676,2.655,2.668,695.0
2019-10-25,2.66,2.669,2.658,2.658,751.0
2019-10-28,2.678,2.684,2.667,2.681,381.0
2019-10-29,2.697,2.721,2.692,2.705,2061.0
2019-10-30,2.708,2.727,2.708,2.722,1639.0
2019-10-31,2.72,2.73,2.709,2.729,1648.0
2019-11-01,2.725,2.744,2.712,2.744,789.0
2019-11-04,2.751,2.773,2.745,2.763,694.0
2019-11-05,2.755,2.772,2.752,2.765,633.0
2019-11-06,2.758,2.769,2.744,2.754,367.0
2019-11-07,2.755,2.765,2.744,2.758,565.0
2019-11-08,2.755,2.776,2.755,2.776,276.0
2019-11-11,2.748,2.764,2.742,2.764,282.0
2019-11-12,2.769,2.77,2.751,2.759,113.0
2019-11-13,2.745,2.754,2.725,2.746,903.0
2019-11-14,2.75,2.768,2.742,2.758,652.0
2019-11-15,2.758,2.765,2.748,2.756,147.0
2019-11-18,2.734,2.751,2.723,2.74,1217.0
2019-11-19,2.742,2.742,2.715,2.719,772.0
2019-11-20,2.708,2.722,2.706,2.717,789.0
2019-11-21,2.71,2.721,2.706,2.716,434.0
2019-11-22,2.721,2.745,2.72,2.742,381.0
2019-11-25,2.735,2.735,2.705,2.732,199.0
2019-11-26,2.722,2.73,2.705,2.73,1098.0
2019-11-27,2.729,2.729,2.715,2.726,452.0
2019-11-29,2.698,2.698,2.647,2.647,262.0
2019-12-02,2.67,2.671,2.64,2.649,1941.0
2019-12-03,2.666,2.689,2.655,2.673,2501.0
2019-12-04,2.66,2.686,2.652,2.684,1193.0
2019-12-05,2.679,2.699,2.676,2.693,1163.0
2019-12-06,2.69,2.699,2.657,2.663,939.0
2019-12-09,2.643,2.652,2.631,2.649,2097.0
2019-12-10,2.652,2.658,2.638,2.656,535.0
2019-12-11,2.659,2.66,2.643,2.648,912.0
2019-12-12,2.654,2.681,2.649,2.671,878.0
2019-12-13,2.669,2.669,2.642,2.644,127.0
2019-12-16,2.658,2.676,2.654,2.659,623.0
2019-12-17,2.661,2.667,2.641,2.657,303.0
2019-12-18,2.651,2.651,2.636,2.64,507.0
2019-12-19,2.633,2.646,2.624,2.638,1503.0
2019-12-20,2.652,2.664,2.647,2.655,496.0
2019-12-23,2.625,2.637,2.62,2.631,941.0
2019-12-24,2.632,2.646,2.614,2.62,901.0
2019-12-26,2.648,2.66,2.644,2.649,779.0
2019-12-27,2.614,2.668,2.61,2.655,973.0
2019-12-30,2.664,2.672,2.653,2.662,2224.0
2019-12-31,2.666,2.678,2.661,2.674,889.0
2020-01-02,2.682,2.684,2.648,2.657,757.0
2020-01-03,2.646,2.672,2.635,2.672,1723.0
2020-01-06,2.677,2.687,2.658,2.671,1062.0
2020-01-07,2.659,2.679,2.644,2.672,974.0
2020-01-08,2.663,2.67,2.647,2.67,1506.0
2020-01-09,2.658,2.674,2.639,2.673,635.0
2020-01-10,2.671,2.675,2.659,2.672,1426.0
2020-01-13,2.675,2.681,2.663,2.681,786.0
2020-01-14,2.673,2.686,2.67,2.681,1291.0
2020-01-15,2.675,2.675,2.652,2.657,945.0
2020-01-16,2.659,2.67,2.641,2.652,1765.0
2020-01-17,2.644,2.646,2.617,2.621,1347.0
2020-01-21,2.6,2.604,2.567,2.585,2748.0
2020-01-22,2.576,2.59,2.574,2.579,1667.0
2020-01-23,2.586,2.588,2.562,2.576,1057.0
2020-01-24,2.55,2.562,2.532,2.539,1680.0
2020-01-27,2.567,2.57,2.525,2.532,2485.0
2020-01-28,2.529,2.55,2.524,2.542,2047.0
2020-01-29,2.537,2.55,2.523,2.529,2148.0
2020-01-30,2.537,2.54,2.511,2.513,2355.0
2020-01-31,2.507,2.524,2.5,2.52,1336.0
2020-02-03,2.537,2.539,2.49,2.501,3860.0
2020-02-04,2.492,2.518,2.484,2.506,3987.0
2020-02-05,2.499,2.506,2.48,2.501,4217.0
2020-02-06,2.515,2.538,2.484,2.519,3856.0
2020-02-07,2.509,2.543,2.506,2.541,3699.0
2020-02-10,2.511,2.528,2.506,2.527,3576.0
2020-02-11,2.524,2.545,2.518,2.545,2528.0
2020-02-12,2.542,2.571,2.542,2.571,3521.0
2020-02-13,2.563,2.575,2.542,2.552,3688.0
2020-02-14,2.546,2.549,2.535,2.541,4164.0
2020-02-18,2.561,2.579,2.553,2.564,3358.0
2020-02-19,2.556,2.581,2.553,2.57,2542.0
2020-02-20,2.565,2.575,2.531,2.541,3121.0
2020-02-21,2.525,2.535,2.512,2.527,1656.0
2020-02-24,2.511,2.519,2.493,2.496,2753.0
2020-02-25,2.508,2.52,2.503,2.517,1350.0
2020-02-26,2.514,2.535,2.512,2.517,2424.0
2020-02-27,2.508,2.514,2.459,2.482,6043.0
2020-02-28,2.472,2.472,2.404,2.431,3939.0
2020-03-02,2.437,2.478,2.437,2.463,2417.0
2020-03-03,2.462,2.518,2.459,2.482,3356.0
2020-03-04,2.491,2.509,2.467,2.503,2465.0
2020-03-05,2.503,2.506,2.464,2.476,1752.0
2020-03-06,2.457,2.465,2.435,2.437,3717.0
2020-03-09,2.425,2.585,2.389,2.545,8202.0
2020-03-10,2.587,2.667,2.578,2.644,8725.0
2020-03-11,2.617,2.676,2.586,2.592,8739.0
2020-03-12,2.583,2.612,2.54,2.593,4082.0
2020-03-13,2.582,2.654,2.582,2.608,2970.0
2020-03-16,2.578,2.622,2.552,2.603,3805.0
2020-03-17,2.61,2.65,2.585,2.625,6547.0
2020-03-18,2.622,2.645,2.557,2.568,13655.0
2020-03-19,2.568,2.619,2.568,2.611,4754.0
2020-03-20,2.612,2.651,2.586,2.602,3676.0
2020-03-23,2.59,2.64,2.582,2.631,2586.0
2020-03-24,2.631,2.702,2.631,2.677,3364.0
2020-03-25,2.69,2.715,2.673,2.682,4231.0
2020-03-26,2.658,2.705,2.649,2.665,6807.0
2020-03-27,2.681,2.682,2.658,2.666,4427.0
2020-03-30,2.648,2.701,2.639,2.7,3056.0
2020-03-31,2.7,2.724,2.696,2.706,3850.0
2020-04-01,2.715,2.731,2.695,2.716,2549.0
2020-04-02,2.708,2.73,2.683,2.722,3755.0
2020-04-03,2.719,2.762,2.719,2.757,8104.0
2020-04-06,2.763,2.784,2.75,2.766,6468.0
2020-04-07,2.757,2.812,2.752,2.793,9338.0
2020-04-08,2.787,2.825,2.779,2.815,4687.0
2020-04-09,2.827,2.873,2.816,2.858,7644.0
2020-04-13,2.872,2.922,2.872,2.905,5982.0
2020-04-14,2.906,2.912,2.872,2.882,6065.0
2020-04-15,2.874,2.891,2.839,2.844,5958.0
2020-04-16,2.845,2.872,2.819,2.869,8078.0
2020-04-17,2.859,2.895,2.834,2.89,4196.0
2020-04-20,2.893,3.02,2.882,3.013,7553.0
2020-04-21,3.005,3.074,2.964,3.029,10195.0
2020-04-22,3.036,3.079,3.021,3.057,6232.0
2020-04-23,3.054,3.068,2.999,3.004,3081.0
2020-04-24,3.011,3.015,2.973,2.987,2442.0
2020-04-27,2.98,3.042,2.959,3.041,2672.0
2020-04-28,3.029,3.082,3.029,3.054,2261.0
2020-04-29,3.069,3.08,3.022,3.027,1602.0
2020-04-30,3.037,3.087,3.014,3.073,3413.0
2020-05-01,3.053,3.097,3.05,3.063,2311.0
2020-05-04,3.083,3.101,3.066,3.101,3483.0
2020-05-05,3.098,3.157,3.025,3.08,4731.0
2020-05-06,3.026,3.043,2.988,3.02,3457.0
2020-05-07,3.006,3.03,2.98,2.991,2846.0
2020-05-08,2.991,3.005,2.977,2.983,3412.0
2020-05-11,2.974,3.013,2.974,2.984,2013.0
2020-05-12,2.984,3.001,2.917,2.938,7844.0
2020-05-13,2.916,2.951,2.886,2.897,7060.0
2020-05-14,2.921,2.964,2.906,2.927,5343.0
2020-05-15,2.935,2.976,2.903,2.915,2865.0
2020-05-18,2.934,2.993,2.927,2.954,4504.0
2020-05-19,2.949,2.989,2.905,2.94,2975.0
2020-05-20,2.926,2.964,2.899,2.913,5136.0
2020-05-21,2.897,2.907,2.875,2.899,7657.0
2020-05-22,2.888,2.935,2.879,2.92,3725.0
2020-05-26,2.91,2.982,2.905,2.949,2744.0
2020-05-27,2.93,2.956,2.907,2.921,3692.0
2020-05-28,2.916,2.929,2.879,2.906,4631.0
2020-05-29,2.906,2.929,2.874,2.919,4142.0
2020-06-01,2.908,2.918,2.878,2.895,6996.0
2020-06-02,2.901,2.939,2.893,2.925,6595.0
2020-06-03,2.922,2.958,2.922,2.941,5582.0
2020-06-04,2.934,2.944,2.92,2.934,3775.0
2020-06-05,2.925,2.941,2.899,2.914,5759.0
2020-06-08,2.9,2.93,2.884,2.925,7024.0
2020-06-09,2.927,2.936,2.902,2.922,7786.0
2020-06-10,2.919,2.956,2.88,2.953,5657.0
2020-06-11,2.954,2.994,2.936,2.994,5483.0
2020-06-12,2.99,3.009,2.926,2.939,5315.0
2020-06-15,2.944,2.945,2.896,2.909,2938.0
2020-06-16,2.915,2.92,2.876,2.897,3160.0
2020-06-17,2.892,2.92,2.886,2.918,2852.0
2020-06-18,2.907,2.92,2.892,2.917,3993.0
2020-06-19,2.913,2.921,2.894,2.92,3798.0
2020-06-22,2.905,2.932,2.863,2.88,5787.0
2020-06-23,2.863,2.863,2.821,2.831,6052.0
2020-06-24,2.825,2.828,2.801,2.812,5958.0
2020-06-25,2.807,2.807,2.75,2.765,9679.0
2020-06-26,2.761,2.797,2.755,2.787,4303.0
2020-06-29,2.81,2.86,2.797,2.826,6765.0
2020-06-30,2.821,2.859,2.8,2.847,9035.0
2020-07-01,2.843,2.861,2.812,2.86,6646.0
2020-07-02,2.86,2.883,2.836,2.873,8134.0
2020-07-06,2.854,2.906,2.818,2.839,11779.0
2020-07-07,2.816,2.886,2.813,2.875,8612.0
2020-07-08,2.868,2.88,2.847,2.863,4948.0
2020-07-09,2.853,2.884,2.825,2.833,6471.0
2020-07-10,2.823,2.849,2.812,2.836,6433.0
2020-07-13,2.809,2.848,2.799,2.833,5097.0
2020-07-14,2.831,2.866,2.825,2.85,4598.0
2020-07-15,2.852,2.865,2.823,2.852,4011.0
2020-07-16,2.851,2.862,2.825,2.842,3570.0
2020-07-17,2.848,2.86,2.829,2.841,2212.0
2020-07-20,2.833,2.837,2.756,2.795,5754.0
2020-07-21,2.811,2.811,2.771,2.803,2978.0
2020-07-22,2.804,2.807,2.768,2.797,3721.0
2020-07-23,2.782,2.846,2.771,2.831,5581.0
2020-07-24,2.828,2.865,2.804,2.865,2807.0
2020-07-27,2.856,2.885,2.835,2.858,4242.0
2020-07-28,2.845,2.912,2.845,2.911,6930.0
2020-07-29,2.907,2.982,2.903,2.975,8426.0
2020-07-30,2.969,2.983,2.905,2.91,5734.0
2020-07-31,2.918,2.939,2.874,2.884,5183.0
2020-08-03,2.922,3.01,2.901,2.988,19356.0
2020-08-04,2.981,3.025,2.958,3.024,13255.0
2020-08-05,3.02,3.069,3.005,3.056,8479.0
2020-08-06,3.066,3.1,3.023,3.053,9261.0
2020-08-07,3.042,3.101,3.025,3.098,8614.0
2020-08-10,3.091,3.111,3.014,3.035,7296.0
2020-08-11,3.045,3.083,3.03,3.06,6932.0
2020-08-12,3.041,3.058,3.012,3.055,5594.0
2020-08-13,3.056,3.088,3.037,3.075,6401.0
2020-08-14,3.079,3.17,3.07,3.156,13912.0
2020-08-17,3.161,3.172,3.134,3.162,7443.0
2020-08-18,3.16,3.224,3.141,3.203,12011.0
2020-08-19,3.193,3.219,3.189,3.203,4790.0
2020-08-20,3.202,3.213,3.173,3.197,10629.0
2020-08-21,3.177,3.22,3.139,3.216,11005.0
2020-08-24,3.233,3.246,3.197,3.21,7494.0
2020-08-25,3.215,3.222,3.186,3.21,9923.0
2020-08-26,3.201,3.236,3.152,3.181,12630.0
2020-08-27,3.161,3.278,3.15,3.266,15728.0
2020-08-28,3.266,3.298,3.226,3.271,14023.0
2020-08-31,3.249,3.332,3.214,3.306,9843.0
2020-09-01,3.312,3.354,3.291,3.327,15528.0
2020-09-02,3.304,3.379,3.285,3.357,22294.0
2020-09-03,3.33,3.355,3.307,3.333,10520.0
2020-09-04,3.331,3.389,3.306,3.35,16409.0
2020-09-08,3.336,3.365,3.271,3.313,13319.0
2020-09-09,3.283,3.33,3.256,3.323,18081.0
2020-09-10,3.314,3.325,3.265,3.273,9446.0
2020-09-11,3.27,3.291,3.233,3.253,14428.0
2020-09-14,3.269,3.311,3.223,3.247,13532.0
2020-09-15,3.234,3.257,3.207,3.246,8161.0
2020-09-16,3.243,3.271,3.196,3.21,7383.0
2020-09-17,3.211,3.222,3.123,3.189,16186.0
2020-09-18,3.161,3.254,3.135,3.242,10979.0
2020-09-21,3.232,3.304,3.21,3.272,13898.0
2020-09-22,3.272,3.284,3.186,3.223,9492.0
2020-09-23,3.201,3.34,3.168,3.303,21769.0
2020-09-24,3.315,3.408,3.301,3.393,20949.0
2020-09-25,3.386,3.42,3.331,3.348,14288.0
2020-09-28,3.313,3.356,3.29,3.351,12592.0
2020-09-29,3.334,3.342,3.169,3.214,29467.0
2020-09-30,3.179,3.264,3.15,3.221,18148.0
2020-10-01,3.236,3.275,3.123,3.163,19920.0
2020-10-02,3.133,3.138,3.041,3.1,30864.0
2020-10-05,3.1,3.295,3.097,3.247,26300.0
2020-10-06,3.249,3.304,3.186,3.193,16732.0
2020-10-07,3.183,3.303,3.175,3.248,24742.0
2020-10-08,3.219,3.261,3.183,3.258,24704.0
2020-10-09,3.244,3.347,3.237,3.305,24914.0
2020-10-12,3.362,3.4,3.309,3.355,21131.0
2020-10-13,3.327,3.354,3.284,3.341,21048.0
2020-10-14,3.299,3.325,3.241,3.294,22313.0
2020-10-15,3.318,3.384,3.312,3.355,17310.0
2020-10-16,3.351,3.4,3.334,3.364,21911.0
2020-10-19,3.312,3.394,3.311,3.373,19063.0
2020-10-20,3.377,3.426,3.341,3.352,17694.0
2020-10-21,3.351,3.442,3.348,3.427,16725.0
2020-10-22,3.421,3.435,3.341,3.356,17077.0
2020-10-23,3.345,3.358,3.258,3.285,13900.0
2020-10-26,3.264,3.365,3.251,3.329,16084.0
2020-10-27,3.32,3.4,3.263,3.376,20377.0
2020-10-28,3.371,3.386,3.335,3.363,15092.0
2020-10-29,3.356,3.405,3.237,3.364,36307.0
2020-10-30,3.375,3.452,3.328,3.416,25329.0
2020-11-02,3.441,3.448,3.303,3.332,23543.0
2020-11-03,3.327,3.327,3.141,3.159,34277.0
2020-11-04,3.161,3.188,3.109,3.14,27159.0
2020-11-05,3.158,3.206,3.047,3.058,43665.0
2020-11-06,3.054,3.085,2.982,3.005,36692.0
2020-11-09,2.98,3.041,2.95,2.974,39662.0
2020-11-10,2.982,3.096,2.962,3.041,31468.0
2020-11-11,3.041,3.133,3.011,3.116,33500.0
2020-11-12,3.112,3.144,3.032,3.057,26580.0
2020-11-13,3.052,3.159,3.042,3.083,28653.0
2020-11-16,2.979,2.993,2.826,2.847,65381.0
2020-11-17,2.832,2.873,2.794,2.826,33801.0
2020-11-18,2.823,2.892,2.804,2.818,32420.0
2020-11-19,2.821,2.843,2.64,2.703,51966.0
2020-11-20,2.713,2.789,2.701,2.755,23776.0
2020-11-23,2.802,2.82,2.742,2.806,21128.0
2020-11-24,2.805,2.888,2.785,2.877,27709.0
2020-11-25,2.875,2.975,2.823,2.936,36671.0
2020-11-27,2.938,2.938,2.818,2.832,24278.0
2020-11-30,2.823,2.977,2.813,2.865,40909.0
2020-12-01,2.913,2.95,2.819,2.868,39747.0
2020-12-02,2.866,2.918,2.739,2.778,48419.0
2020-12-03,2.756,2.764,2.486,2.515,89708.0
2020-12-04,2.521,2.632,2.475,2.586,49996.0
2020-12-07,2.471,2.495,2.406,2.433,104536.0
2020-12-08,2.453,2.501,2.393,2.422,72683.0
2020-12-09,2.473,2.538,2.438,2.456,88297.0
2020-12-10,2.448,2.609,2.406,2.57,88433.0
2020-12-11,2.589,2.635,2.54,2.603,69246.0
2020-12-14,2.664,2.711,2.613,2.678,66723.0
2020-12-15,2.667,2.691,2.596,2.68,68786.0
2020-12-16,2.665,2.695,2.62,2.681,61502.0
2020-12-17,2.689,2.724,2.608,2.637,78909.0
2020-12-18,2.655,2.711,2.644,2.681,77037.0
2020-12-21,2.709,2.71,2.624,2.689,62559.0
2020-12-22,2.688,2.775,2.672,2.749,87871.0
2020-12-23,2.737,2.765,2.552,2.588,107370.0
2020-12-24,2.584,2.616,2.507,2.512,69889.0
2020-12-28,2.322,2.368,2.263,2.326,151946.0
2020-12-29,2.35,2.486,2.305,2.444,143530.0
2020-12-30,2.444,2.473,2.387,2.422,81788.0
2020-12-31,2.433,2.547,2.429,2.539,111108.0
2021-01-04,2.626,2.67,2.566,2.581,128377.0
2021-01-05,2.599,2.732,2.591,2.702,149828.0
2021-01-06,2.688,2.77,2.606,2.716,144690.0
2021-01-07,2.722,2.755,2.663,2.729,135480.0
2021-01-08,2.675,2.73,2.626,2.7,148730.0
2021-01-11,2.6,2.811,2.589,2.747,177248.0
2021-01-12,2.794,2.899,2.718,2.753,201432.0
2021-01-13,2.737,2.826,2.708,2.727,169240.0
2021-01-14,2.742,2.791,2.66,2.666,163043.0
2021-01-15,2.672,2.8,2.636,2.737,150994.0
2021-01-19,2.652,2.673,2.523,2.546,211313.0
2021-01-20,2.544,2.567,2.454,2.539,133437.0
2021-01-21,2.532,2.551,2.458,2.491,100319.0
2021-01-22,2.492,2.504,2.414,2.446,63833.0
2021-01-25,2.542,2.619,2.504,2.602,42988.0
2021-01-26,2.603,2.686,2.595,2.656,32233.0
2021-01-27,2.65,2.773,2.65,2.76,5515.0
