DATETIME,OPEN,HIGH,LOW,FINAL,VOLUME
2014-08-28,4.886,4.886,4.886,4.886,0.0
2014-08-29,4.878,4.878,4.878,4.878,0.0
2014-09-02,4.856,4.856,4.856,4.856,0.0
2014-09-03,4.878,4.878,4.878,4.878,0.0
2014-09-04,4.926,4.926,4.926,4.926,0.0
2014-09-05,4.923,4.923,4.923,4.923,0.0
2014-09-08,4.913,4.913,4.913,4.913,0.0
2014-09-09,4.896,4.896,4.896,4.896,0.0
2014-09-10,4.904,4.904,4.904,4.904,0.0
2014-09-11,4.923,4.923,4.923,4.923,0.0
2014-09-12,4.897,4.897,4.897,4.897,0.0
2014-09-15,4.875,4.875,4.875,4.875,0.0
2014-09-16,4.88,4.88,4.88,4.88,0.0
2014-09-17,4.869,4.869,4.869,4.869,0.0
2014-09-18,4.815,4.815,4.815,4.815,0.0
2014-09-19,4.795,4.795,4.795,4.795,0.0
2014-09-22,4.783,4.783,4.783,4.783,0.0
2014-09-23,4.793,4.793,4.793,4.793,0.0
2014-09-24,4.787,4.787,4.787,4.787,0.0
2014-09-25,4.781,4.781,4.781,4.781,0.0
2014-09-26,4.761,4.761,4.761,4.761,0.0
2014-09-29,4.772,4.772,4.772,4.772,0.0
2014-09-30,4.812,4.812,4.812,4.812,0.0
2014-10-01,4.757,4.757,4.757,4.757,0.0
2014-10-02,4.803,4.803,4.803,4.803,0.0
2014-10-03,4.78,4.78,4.78,4.78,0.0
2014-10-06,4.78,4.78,4.78,4.78,0.0
2014-10-07,4.783,4.783,4.783,4.783,0.0
2014-10-08,4.783,4.783,4.783,4.783,0.0
2014-10-09,4.798,4.798,4.798,4.798,0.0
2014-10-10,4.795,4.795,4.795,4.795,0.0
2014-10-13,4.805,4.805,4.805,4.805,0.0
2014-10-14,4.795,4.795,4.795,4.795,0.0
2014-10-15,4.78,4.78,4.78,4.78,0.0
2014-10-16,4.755,4.755,4.755,4.755,0.0
2014-10-17,4.79,4.79,4.79,4.79,0.0
2014-10-20,4.777,4.777,4.777,4.777,0.0
2014-10-21,4.772,4.772,4.772,4.772,0.0
2014-10-22,4.758,4.758,4.758,4.758,0.0
2014-10-23,4.757,4.757,4.757,4.757,0.0
2014-10-24,4.734,4.734,4.734,4.734,0.0
2014-10-27,4.721,4.721,4.721,4.721,0.0
2014-10-28,4.706,4.706,4.706,4.706,0.0
2014-10-29,4.711,4.711,4.711,4.711,0.0
2014-10-30,4.704,4.704,4.704,4.704,0.0
2014-10-31,4.719,4.719,4.719,4.719,0.0
2014-11-03,4.71,4.71,4.71,4.71,0.0
2014-11-04,4.705,4.705,4.705,4.705,0.0
2014-11-05,4.676,4.676,4.676,4.676,0.0
2014-11-06,4.663,4.663,4.663,4.663,0.0
2014-11-07,4.66,4.66,4.66,4.66,0.0
2014-11-10,4.654,4.654,4.654,4.654,0.0
2014-11-11,4.669,4.669,4.669,4.669,0.0
2014-11-12,4.69,4.69,4.69,4.69,0.0
2014-11-13,4.67,4.67,4.67,4.67,0.0
2014-11-14,4.696,4.696,4.696,4.696,0.0
2014-11-17,4.699,4.699,4.699,4.699,0.0
2014-11-18,4.674,4.674,4.674,4.674,0.0
2014-11-19,4.655,4.655,4.655,4.655,0.0
2014-11-20,4.65,4.65,4.65,4.65,0.0
2014-11-21,4.623,4.623,4.623,4.623,0.0
2014-11-24,4.677,4.677,4.677,4.677,0.0
2014-11-25,4.676,4.676,4.676,4.676,0.0
2014-11-26,4.669,4.669,4.669,4.669,0.0
2014-11-28,4.687,4.687,4.687,4.687,0.0
2014-12-01,4.752,4.752,4.752,4.752,0.0
2014-12-02,4.748,4.748,4.748,4.748,0.0
2014-12-03,4.773,4.773,4.773,4.773,0.0
2014-12-04,4.778,4.778,4.778,4.778,0.0
2014-12-05,4.799,4.799,4.799,4.799,0.0
2014-12-08,4.825,4.825,4.825,4.825,0.0
2014-12-09,4.87,4.87,4.87,4.87,0.0
2014-12-10,4.852,4.852,4.852,4.852,0.0
2014-12-11,4.829,4.829,4.829,4.829,0.0
2014-12-12,4.812,4.812,4.812,4.812,0.0
2014-12-15,4.799,4.799,4.799,4.799,0.0
2014-12-16,4.749,4.749,4.749,4.749,0.0
2014-12-17,4.774,4.774,4.774,4.774,0.0
2014-12-18,4.755,4.755,4.755,4.755,0.0
2014-12-19,4.676,4.676,4.676,4.676,0.0
2014-12-22,4.677,4.677,4.677,4.677,0.0
2014-12-23,4.645,4.645,4.645,4.645,0.0
2014-12-24,4.639,4.639,4.639,4.639,0.0
2014-12-26,4.636,4.636,4.636,4.636,0.0
2014-12-29,4.634,4.634,4.634,4.634,0.0
2014-12-30,4.616,4.616,4.616,4.616,0.0
2014-12-31,4.587,4.587,4.587,4.587,0.0
2015-01-02,4.571,4.571,4.571,4.571,0.0
2015-01-05,4.571,4.571,4.571,4.571,0.0
2015-01-06,4.53,4.53,4.53,4.53,0.0
2015-01-07,4.47,4.47,4.47,4.47,0.0
2015-01-08,4.45,4.45,4.45,4.45,0.0
2015-01-09,4.438,4.438,4.438,4.438,0.0
2015-01-12,4.348,4.348,4.348,4.348,0.0
2015-01-13,4.32,4.32,4.32,4.32,0.0
2015-01-14,4.245,4.245,4.245,4.245,0.0
2015-01-15,4.195,4.195,4.195,4.195,0.0
2015-01-16,4.203,4.203,4.203,4.203,0.0
2015-01-20,4.195,4.195,4.195,4.195,0.0
2015-01-21,4.199,4.199,4.199,4.199,0.0
2015-01-22,4.178,4.178,4.178,4.178,0.0
2015-01-23,4.178,4.178,4.178,4.178,0.0
2015-01-26,4.196,4.196,4.196,4.196,0.0
2015-01-27,4.19,4.19,4.19,4.19,0.0
2015-01-28,4.22,4.22,4.22,4.22,0.0
2015-01-29,4.203,4.203,4.203,4.203,0.0
2015-01-30,4.21,4.21,4.21,4.21,0.0
2015-02-02,4.173,4.173,4.173,4.173,0.0
2015-02-03,4.189,4.189,4.189,4.189,0.0
2015-02-04,4.208,4.208,4.208,4.208,0.0
2015-02-05,4.113,4.113,4.113,4.113,0.0
2015-02-06,4.197,4.197,4.197,4.197,0.0
2015-02-09,4.227,4.227,4.227,4.227,0.0
2015-02-10,4.248,4.248,4.248,4.248,0.0
2015-02-11,4.231,4.231,4.231,4.231,0.0
2015-02-12,4.232,4.232,4.232,4.232,0.0
2015-02-13,4.267,4.267,4.267,4.267,0.0
2015-02-17,4.219,4.219,4.219,4.219,0.0
2015-02-18,4.247,4.247,4.247,4.247,0.0
2015-02-19,4.221,4.221,4.221,4.221,0.0
2015-02-20,4.226,4.226,4.226,4.226,0.0
2015-02-23,4.198,4.198,4.198,4.198,0.0
2015-02-24,4.225,4.225,4.225,4.225,0.0
2015-02-25,4.231,4.231,4.231,4.231,0.0
2015-02-26,4.201,4.201,4.201,4.201,0.0
2015-02-27,4.202,4.202,4.202,4.202,0.0
2015-03-02,4.178,4.178,4.178,4.178,0.0
2015-03-03,4.187,4.187,4.187,4.187,0.0
2015-03-04,4.194,4.194,4.194,4.194,0.0
2015-03-05,4.153,4.153,4.153,4.153,0.0
2015-03-06,4.158,4.158,4.158,4.158,0.0
2015-03-09,4.133,4.133,4.133,4.133,0.0
2015-03-10,4.131,4.131,4.131,4.131,0.0
2015-03-11,4.124,4.124,4.124,4.124,0.0
2015-03-12,4.093,4.093,4.093,4.093,0.0
2015-03-13,4.089,4.089,4.089,4.089,0.0
2015-03-16,4.102,4.102,4.102,4.102,0.0
2015-03-17,4.083,4.083,4.083,4.083,0.0
2015-03-18,4.115,4.115,4.115,4.115,0.0
2015-03-19,4.121,4.121,4.121,4.121,0.0
2015-03-20,4.127,4.127,4.127,4.127,0.0
2015-03-23,4.128,4.128,4.128,4.128,0.0
2015-03-24,4.148,4.148,4.148,4.148,0.0
2015-03-25,4.148,4.148,4.148,4.148,0.0
2015-03-26,4.139,4.139,4.139,4.139,0.0
2015-03-27,4.114,4.114,4.114,4.114,0.0
2015-03-30,4.102,4.102,4.102,4.102,0.0
2015-03-31,4.114,4.114,4.114,4.114,0.0
2015-04-01,4.108,4.108,4.108,4.108,0.0
2015-04-02,4.162,4.162,4.162,4.162,0.0
2015-04-06,4.177,4.177,4.177,4.177,0.0
2015-04-07,4.249,4.249,4.249,4.249,0.0
2015-04-08,4.257,4.257,4.257,4.257,0.0
2015-04-09,4.25,4.25,4.25,4.25,0.0
2015-04-10,4.245,4.245,4.245,4.245,0.0
2015-04-13,4.235,4.235,4.235,4.235,0.0
2015-04-14,4.23,4.23,4.23,4.23,0.0
2015-04-15,4.235,4.235,4.235,4.235,0.0
2015-04-16,4.255,4.255,4.255,4.255,0.0
2015-04-17,4.227,4.227,4.227,4.227,0.0
2015-04-20,4.228,4.228,4.228,4.228,0.0
2015-04-21,4.231,4.231,4.231,4.231,0.0
2015-04-22,4.218,4.218,4.218,4.218,0.0
2015-04-23,4.176,4.176,4.176,4.176,0.0
2015-04-24,4.174,4.174,4.174,4.174,0.0
2015-04-27,4.154,4.154,4.154,4.154,0.0
2015-04-28,4.146,4.146,4.146,4.146,0.0
2015-04-29,4.151,4.151,4.151,4.151,0.0
2015-04-30,4.146,4.146,4.146,4.146,0.0
2015-05-01,4.136,4.136,4.136,4.136,0.0
2015-05-04,4.094,4.094,4.094,4.094,0.0
2015-05-05,4.105,4.105,4.105,4.105,0.0
2015-05-06,4.113,4.113,4.113,4.113,0.0
2015-05-07,4.105,4.105,4.105,4.105,0.0
2015-05-08,4.112,4.112,4.112,4.112,0.0
2015-05-11,4.099,4.099,4.099,4.099,0.0
2015-05-12,4.086,4.086,4.086,4.086,0.0
2015-05-13,4.095,4.095,4.095,4.095,0.0
2015-05-14,4.106,4.106,4.106,4.106,0.0
2015-05-15,4.113,4.113,4.113,4.113,0.0
2015-05-18,4.101,4.101,4.101,4.101,0.0
2015-05-19,4.086,4.086,4.086,4.086,0.0
2015-05-20,4.094,4.094,4.094,4.094,0.0
2015-05-21,4.093,4.093,4.093,4.093,0.0
2015-05-22,4.085,4.085,4.085,4.085,0.0
2015-05-26,4.086,4.086,4.086,4.086,0.0
2015-05-27,4.091,4.091,4.091,4.091,0.0
2015-05-28,4.083,4.083,4.083,4.083,0.0
2015-05-29,4.073,4.073,4.073,4.073,0.0
2015-06-01,4.075,4.075,4.075,4.075,0.0
2015-06-02,4.072,4.072,4.072,4.072,0.0
2015-06-03,4.073,4.073,4.073,4.073,0.0
2015-06-04,4.027,4.027,4.027,4.027,0.0
2015-06-05,3.988,3.988,3.988,3.988,0.0
2015-06-08,3.996,3.996,3.996,3.996,0.0
2015-06-09,3.973,3.973,3.973,3.973,0.0
2015-06-10,3.95,3.95,3.95,3.95,0.0
2015-06-11,4.011,4.011,4.011,4.011,0.0
2015-06-12,4.013,4.013,4.013,4.013,0.0
2015-06-15,4.02,4.02,4.02,4.02,0.0
2015-06-16,4.045,4.045,4.045,4.045,0.0
2015-06-17,4.038,4.038,4.038,4.038,0.0
2015-06-18,4.02,4.02,4.02,4.02,0.0
2015-06-19,4.025,4.025,4.025,4.025,0.0
2015-06-22,4.008,4.008,4.008,4.008,0.0
2015-06-23,4.007,4.007,4.007,4.007,0.0
2015-06-24,4.009,4.009,4.009,4.009,0.0
2015-06-25,4.01,4.01,4.01,4.01,0.0
2015-06-26,4.013,4.013,4.013,4.013,0.0
2015-06-29,3.996,3.996,3.996,3.996,0.0
2015-06-30,4.008,4.008,4.008,4.008,0.0
2015-07-01,4.019,4.019,4.019,4.019,0.0
2015-07-02,4.023,4.023,4.023,4.023,0.0
2015-07-06,3.995,3.995,3.995,3.995,0.0
2015-07-07,3.999,3.999,3.999,3.999,0.0
2015-07-08,4.033,4.033,4.033,4.033,0.0
2015-07-09,4.056,4.056,4.056,4.056,0.0
2015-07-10,4.06,4.06,4.06,4.06,0.0
2015-07-13,4.06,4.06,4.06,4.06,0.0
2015-07-14,4.116,4.116,4.116,4.116,0.0
2015-07-15,4.175,4.175,4.175,4.175,0.0
2015-07-16,4.208,4.208,4.208,4.208,0.0
2015-07-17,4.215,4.215,4.215,4.215,0.0
2015-07-20,4.208,4.208,4.208,4.208,0.0
2015-07-21,4.207,4.207,4.207,4.207,0.0
2015-07-22,4.203,4.203,4.203,4.203,0.0
2015-07-23,4.183,4.183,4.183,4.183,0.0
2015-07-24,4.193,4.193,4.193,4.193,0.0
2015-07-27,4.214,4.214,4.214,4.214,0.0
2015-07-28,4.213,4.213,4.213,4.213,0.0
2015-07-29,4.207,4.207,4.207,4.207,0.0
2015-07-30,4.186,4.186,4.186,4.186,0.0
2015-07-31,4.151,4.151,4.151,4.151,0.0
2015-08-03,4.132,4.132,4.132,4.132,0.0
2015-08-04,4.088,4.088,4.088,4.088,0.0
2015-08-05,4.088,4.088,4.088,4.088,0.0
2015-08-06,4.048,4.048,4.048,4.048,0.0
2015-08-07,4.032,4.032,4.032,4.032,0.0
2015-08-10,4.008,4.008,4.008,4.008,0.0
2015-08-11,3.923,3.923,3.923,3.923,0.0
2015-08-12,3.873,3.873,3.873,3.873,0.0
2015-08-13,3.959,3.959,3.959,3.959,0.0
2015-08-14,3.966,3.966,3.966,3.966,0.0
2015-08-17,3.971,3.971,3.971,3.971,0.0
2015-08-18,4.006,4.006,4.006,4.006,0.0
2015-08-19,3.962,3.962,3.962,3.962,0.0
2015-08-20,3.946,3.946,3.946,3.946,0.0
2015-08-21,3.911,3.911,3.911,3.911,0.0
2015-08-24,3.865,3.865,3.865,3.865,0.0
2015-08-25,3.862,3.862,3.862,3.862,0.0
2015-08-26,3.868,3.868,3.868,3.868,0.0
2015-08-27,3.875,3.875,3.875,3.875,0.0
2015-08-28,3.902,3.902,3.902,3.902,0.0
2015-08-31,3.899,3.899,3.899,3.899,0.0
2015-09-01,3.91,3.91,3.91,3.91,0.0
2015-09-02,3.912,3.912,3.912,3.912,0.0
2015-09-03,3.919,3.919,3.919,3.919,0.0
2015-09-04,3.909,3.909,3.909,3.909,0.0
2015-09-08,3.915,3.915,3.915,3.915,0.0
2015-09-09,3.938,3.938,3.938,3.938,0.0
2015-09-10,3.933,3.933,3.933,3.933,0.0
2015-09-11,3.896,3.896,3.896,3.896,0.0
2015-09-14,3.906,3.906,3.906,3.906,0.0
2015-09-15,3.896,3.896,3.896,3.896,0.0
2015-09-16,3.852,3.852,3.852,3.852,0.0
2015-09-17,3.822,3.822,3.822,3.822,0.0
2015-09-18,3.822,3.822,3.822,3.822,0.0
2015-09-21,3.81,3.81,3.81,3.81,0.0
2015-09-22,3.799,3.799,3.799,3.799,0.0
2015-09-23,3.809,3.809,3.809,3.809,0.0
2015-09-24,3.846,3.846,3.846,3.846,0.0
2015-09-25,3.813,3.813,3.813,3.813,0.0
2015-09-28,3.81,3.81,3.81,3.81,0.0
2015-09-29,3.786,3.786,3.786,3.786,0.0
2015-09-30,3.759,3.759,3.759,3.759,0.0
2015-10-01,3.751,3.751,3.751,3.751,0.0
2015-10-02,3.761,3.761,3.761,3.761,0.0
2015-10-05,3.758,3.758,3.758,3.758,0.0
2015-10-06,3.777,3.777,3.777,3.777,0.0
2015-10-07,3.777,3.777,3.777,3.777,0.0
2015-10-08,3.772,3.772,3.772,3.772,0.0
2015-10-09,3.77,3.77,3.77,3.77,0.0
2015-10-12,3.775,3.775,3.775,3.775,0.0
2015-10-13,3.777,3.777,3.777,3.777,0.0
2015-10-14,3.778,3.778,3.778,3.778,0.0
2015-10-15,3.777,3.777,3.777,3.777,0.0
2015-10-16,3.786,3.786,3.786,3.786,0.0
2015-10-19,3.788,3.788,3.788,3.788,0.0
2015-10-20,3.797,3.797,3.797,3.797,0.0
2015-10-21,3.784,3.784,3.784,3.784,0.0
2015-10-22,3.783,3.783,3.783,3.783,0.0
2015-10-23,3.743,3.743,3.743,3.743,0.0
2015-10-26,3.727,3.727,3.727,3.727,0.0
2015-10-27,3.699,3.699,3.699,3.699,0.0
2015-10-28,3.698,3.698,3.698,3.698,0.0
2015-10-29,3.693,3.693,3.693,3.693,0.0
2015-10-30,3.739,3.739,3.739,3.739,0.0
2015-11-02,3.717,3.717,3.717,3.717,0.0
2015-11-03,3.722,3.722,3.722,3.722,0.0
2015-11-04,3.724,3.724,3.724,3.724,0.0
2015-11-05,3.727,3.727,3.727,3.727,0.0
2015-11-06,3.725,3.725,3.725,3.725,0.0
2015-11-09,3.719,3.719,3.719,3.719,0.0
2015-11-10,3.712,3.712,3.712,3.712,0.0
2015-11-11,3.694,3.694,3.694,3.694,0.0
2015-11-12,3.679,3.679,3.679,3.679,0.0
2015-11-13,3.706,3.706,3.706,3.706,0.0
2015-11-16,3.714,3.714,3.714,3.714,0.0
2015-11-17,3.717,3.717,3.717,3.717,0.0
2015-11-18,3.65,3.65,3.65,3.65,0.0
2015-11-19,3.613,3.613,3.613,3.613,0.0
2015-11-20,3.582,3.582,3.582,3.582,0.0
2015-11-23,3.595,3.595,3.595,3.595,0.0
2015-11-24,3.596,3.596,3.596,3.596,0.0
2015-11-25,3.611,3.611,3.611,3.611,0.0
2015-11-27,3.593,3.593,3.593,3.593,0.0
2015-11-30,3.584,3.584,3.584,3.584,0.0
2015-12-01,3.594,3.594,3.594,3.594,0.0
2015-12-02,3.622,3.622,3.622,3.622,0.0
2015-12-03,3.625,3.625,3.625,3.625,0.0
2015-12-04,3.623,3.623,3.623,3.623,0.0
2015-12-07,3.606,3.606,3.606,3.606,0.0
2015-12-08,3.626,3.626,3.626,3.626,0.0
2015-12-09,3.647,3.647,3.647,3.647,0.0
2015-12-10,3.668,3.668,3.668,3.668,0.0
2015-12-11,3.664,3.664,3.664,3.664,0.0
2015-12-14,3.654,3.654,3.654,3.654,0.0
2015-12-15,3.648,3.648,3.648,3.648,0.0
2015-12-16,3.675,3.675,3.675,3.675,0.0
2015-12-17,3.7,3.7,3.7,3.7,0.0
2015-12-18,3.678,3.678,3.678,3.678,0.0
2015-12-21,3.655,3.655,3.655,3.655,0.0
2015-12-22,3.665,3.665,3.665,3.665,0.0
2015-12-23,3.658,3.658,3.658,3.658,0.0
2015-12-24,3.657,3.657,3.657,3.657,0.0
2015-12-28,3.696,3.696,3.696,3.696,0.0
2015-12-29,3.681,3.681,3.681,3.681,0.0
2015-12-30,3.672,3.672,3.672,3.672,0.0
2015-12-31,3.654,3.654,3.654,3.654,0.0
2016-01-04,3.634,3.634,3.634,3.634,0.0
2016-01-05,3.608,3.608,3.608,3.608,0.0
2016-01-06,3.596,3.596,3.596,3.596,0.0
2016-01-07,3.616,3.616,3.616,3.616,0.0
2016-01-08,3.594,3.594,3.594,3.594,0.0
2016-01-11,3.574,3.574,3.574,3.574,0.0
2016-01-12,3.525,3.525,3.525,3.525,0.0
2016-01-13,3.545,3.545,3.545,3.545,0.0
2016-01-14,3.56,3.56,3.56,3.56,0.0
2016-01-15,3.544,3.544,3.544,3.544,0.0
2016-01-19,3.546,3.546,3.546,3.546,0.0
2016-01-20,3.516,3.516,3.516,3.516,0.0
2016-01-21,3.524,3.524,3.524,3.524,0.0
2016-01-22,3.505,3.505,3.505,3.505,0.0
2016-01-25,3.506,3.506,3.506,3.506,0.0
2016-01-26,3.49,3.49,3.49,3.49,0.0
2016-01-27,3.51,3.51,3.51,3.51,0.0
2016-01-28,3.554,3.554,3.554,3.554,0.0
2016-01-29,3.536,3.536,3.536,3.536,0.0
2016-02-01,3.495,3.495,3.495,3.495,0.0
2016-02-02,3.431,3.431,3.431,3.431,0.0
2016-02-03,3.459,3.459,3.459,3.459,0.0
2016-02-04,3.462,3.462,3.462,3.462,0.0
2016-02-05,3.46,3.46,3.46,3.46,0.0
2016-02-08,3.403,3.403,3.403,3.403,0.0
2016-02-09,3.385,3.385,3.385,3.385,0.0
2016-02-10,3.355,3.355,3.355,3.355,0.0
2016-02-11,3.311,3.311,3.311,3.311,0.0
2016-02-12,3.283,3.283,3.283,3.283,0.0
2016-02-16,3.262,3.262,3.262,3.262,0.0
2016-02-17,3.262,3.262,3.262,3.262,0.0
2016-02-18,3.212,3.212,3.212,3.212,0.0
2016-02-19,3.203,3.203,3.203,3.203,0.0
2016-02-22,3.142,3.142,3.142,3.142,0.0
2016-02-23,3.158,3.158,3.158,3.158,0.0
2016-02-24,3.188,3.188,3.188,3.188,0.0
2016-02-25,3.186,3.186,3.186,3.186,0.0
2016-02-26,3.189,3.189,3.189,3.189,0.0
2016-02-29,3.25,3.25,3.25,3.25,0.0
2016-03-01,3.269,3.269,3.269,3.269,0.0
2016-03-02,3.253,3.253,3.253,3.253,0.0
2016-03-03,3.265,3.265,3.265,3.265,0.0
2016-03-04,3.264,3.264,3.264,3.264,0.0
2016-03-07,3.271,3.271,3.271,3.271,0.0
2016-03-08,3.277,3.277,3.277,3.277,0.0
2016-03-09,3.325,3.325,3.325,3.325,0.0
2016-03-10,3.325,3.325,3.325,3.325,0.0
2016-03-11,3.335,3.335,3.335,3.335,0.0
2016-03-14,3.325,3.325,3.325,3.325,0.0
2016-03-15,3.323,3.323,3.323,3.323,0.0
2016-03-16,3.325,3.325,3.325,3.325,0.0
2016-03-17,3.33,3.33,3.33,3.33,0.0
2016-03-18,3.32,3.32,3.32,3.32,0.0
2016-03-21,3.327,3.327,3.327,3.327,0.0
2016-03-22,3.349,3.349,3.349,3.349,0.0
2016-03-23,3.365,3.365,3.365,3.365,0.0
2016-03-24,3.42,3.42,3.42,3.42,0.0
2016-03-28,3.47,3.47,3.47,3.47,0.0
2016-03-29,3.527,3.527,3.527,3.527,0.0
2016-03-30,3.53,3.53,3.53,3.53,0.0
2016-03-31,3.569,3.569,3.569,3.569,0.0
2016-04-01,3.573,3.573,3.573,3.573,0.0
2016-04-04,3.545,3.545,3.545,3.545,0.0
2016-04-05,3.555,3.555,3.555,3.555,0.0
2016-04-06,3.615,3.615,3.615,3.615,0.0
2016-04-07,3.619,3.619,3.619,3.619,0.0
2016-04-08,3.639,3.639,3.639,3.639,0.0
2016-04-11,3.636,3.636,3.636,3.636,0.0
2016-04-12,3.634,3.634,3.634,3.634,0.0
2016-04-13,3.642,3.642,3.642,3.642,0.0
2016-04-14,3.641,3.641,3.641,3.641,0.0
2016-04-15,3.611,3.611,3.611,3.611,0.0
2016-04-18,3.601,3.601,3.601,3.601,0.0
2016-04-19,3.583,3.583,3.583,3.583,0.0
2016-04-20,3.583,3.583,3.583,3.583,0.0
2016-04-21,3.615,3.615,3.615,3.615,0.0
2016-04-22,3.613,3.613,3.613,3.613,0.0
2016-04-25,3.631,3.631,3.631,3.631,0.0
2016-04-26,3.679,3.679,3.679,3.679,0.0
2016-04-27,3.69,3.69,3.69,3.69,0.0
2016-04-28,3.681,3.681,3.681,3.681,0.0
2016-04-29,3.679,3.679,3.679,3.679,0.0
2016-05-02,3.659,3.659,3.659,3.659,0.0
2016-05-03,3.645,3.645,3.645,3.645,0.0
2016-05-04,3.654,3.654,3.654,3.654,0.0
2016-05-05,3.69,3.69,3.69,3.69,0.0
2016-05-06,3.698,3.698,3.698,3.698,0.0
2016-05-09,3.686,3.686,3.686,3.686,0.0
2016-05-10,3.7,3.7,3.7,3.7,0.0
2016-05-11,3.684,3.684,3.684,3.684,0.0
2016-05-12,3.669,3.669,3.669,3.669,0.0
2016-05-13,3.669,3.669,3.669,3.669,0.0
2016-05-16,3.676,3.676,3.676,3.676,0.0
2016-05-17,3.656,3.656,3.656,3.656,0.0
2016-05-18,3.65,3.65,3.65,3.65,0.0
2016-05-19,3.662,3.662,3.662,3.662,0.0
2016-05-20,3.65,3.65,3.65,3.65,0.0
2016-05-23,3.645,3.645,3.645,3.645,0.0
2016-05-24,3.642,3.642,3.642,3.642,0.0
2016-05-25,3.671,3.671,3.671,3.671,0.0
2016-05-26,3.702,3.702,3.702,3.702,0.0
2016-05-27,3.712,3.712,3.712,3.712,0.0
2016-05-31,3.713,3.713,3.713,3.713,0.0
2016-06-01,3.711,3.711,3.711,3.711,0.0
2016-06-02,3.698,3.698,3.698,3.698,0.0
2016-06-03,3.688,3.688,3.688,3.688,0.0
2016-06-06,3.682,3.682,3.682,3.682,0.0
2016-06-07,3.706,3.706,3.706,3.706,0.0
2016-06-08,3.693,3.693,3.693,3.693,0.0
2016-06-09,3.691,3.691,3.691,3.691,0.0
2016-06-10,3.668,3.668,3.668,3.668,0.0
2016-06-13,3.629,3.629,3.629,3.629,0.0
2016-06-14,3.607,3.607,3.607,3.607,0.0
2016-06-15,3.607,3.607,3.607,3.607,0.0
2016-06-16,3.602,3.602,3.602,3.602,0.0
2016-06-17,3.579,3.579,3.579,3.579,0.0
2016-06-20,3.569,3.569,3.569,3.569,0.0
2016-06-21,3.557,3.557,3.557,3.557,0.0
2016-06-22,3.564,3.564,3.564,3.564,0.0
2016-06-23,3.585,3.585,3.585,3.585,0.0
2016-06-24,3.603,3.603,3.603,3.603,0.0
2016-06-27,3.559,3.559,3.559,3.559,0.0
2016-06-28,3.618,3.618,3.618,3.618,0.0
2016-06-29,3.619,3.619,3.619,3.619,0.0
2016-06-30,3.636,3.636,3.636,3.636,0.0
2016-07-01,3.637,3.637,3.637,3.637,0.0
2016-07-05,3.635,3.635,3.635,3.635,0.0
2016-07-06,3.657,3.657,3.657,3.657,0.0
2016-07-07,3.655,3.655,3.655,3.655,0.0
2016-07-08,3.662,3.662,3.662,3.662,0.0
2016-07-11,3.658,3.658,3.658,3.658,0.0
2016-07-12,3.644,3.644,3.644,3.644,0.0
2016-07-13,3.664,3.664,3.664,3.664,0.0
2016-07-14,3.662,3.662,3.662,3.662,0.0
2016-07-15,3.648,3.648,3.648,3.648,0.0
2016-07-18,3.633,3.633,3.633,3.633,0.0
2016-07-19,3.623,3.623,3.623,3.623,0.0
2016-07-20,3.612,3.612,3.612,3.612,0.0
2016-07-21,3.617,3.617,3.617,3.617,0.0
2016-07-22,3.621,3.621,3.621,3.621,0.0
2016-07-25,3.627,3.627,3.627,3.627,0.0
2016-07-26,3.625,3.625,3.625,3.625,0.0
2016-07-27,3.618,3.618,3.618,3.618,0.0
2016-07-28,3.631,3.631,3.631,3.631,0.0
2016-07-29,3.636,3.636,3.636,3.636,0.0
2016-08-01,3.634,3.634,3.634,3.634,0.0
2016-08-02,3.633,3.633,3.633,3.633,0.0
2016-08-03,3.633,3.633,3.633,3.633,0.0
2016-08-04,3.662,3.662,3.662,3.662,0.0
2016-08-05,3.66,3.66,3.66,3.66,0.0
2016-08-08,3.659,3.659,3.659,3.659,0.0
2016-08-09,3.656,3.656,3.656,3.656,0.0
2016-08-10,3.637,3.637,3.637,3.637,0.0
2016-08-11,3.626,3.626,3.626,3.626,0.0
2016-08-12,3.623,3.623,3.623,3.623,0.0
2016-08-15,3.616,3.616,3.616,3.616,0.0
2016-08-16,3.629,3.629,3.629,3.629,0.0
2016-08-17,3.664,3.664,3.664,3.664,0.0
2016-08-18,3.663,3.663,3.663,3.663,0.0
2016-08-19,3.674,3.674,3.674,3.674,0.0
2016-08-22,3.674,3.674,3.674,3.674,0.0
2016-08-23,3.697,3.697,3.697,3.697,0.0
2016-08-24,3.721,3.721,3.721,3.721,0.0
2016-08-25,3.667,3.667,3.667,3.667,0.0
2016-08-26,3.631,3.631,3.631,3.631,0.0
2016-08-29,3.614,3.614,3.614,3.614,0.0
2016-08-30,3.604,3.604,3.604,3.604,0.0
2016-08-31,3.624,3.624,3.624,3.624,0.0
2016-09-01,3.583,3.583,3.583,3.583,0.0
2016-09-02,3.565,3.565,3.565,3.565,0.0
2016-09-06,3.566,3.566,3.566,3.566,0.0
2016-09-07,3.542,3.542,3.542,3.542,0.0
2016-09-08,3.533,3.533,3.533,3.533,0.0
2016-09-09,3.484,3.484,3.484,3.484,0.0
2016-09-12,3.486,3.486,3.486,3.486,0.0
2016-09-13,3.464,3.464,3.464,3.464,0.0
2016-09-14,3.481,3.481,3.481,3.481,0.0
2016-09-15,3.484,3.484,3.484,3.484,0.0
2016-09-16,3.46,3.46,3.46,3.46,0.0
2016-09-19,3.438,3.438,3.438,3.438,0.0
2016-09-20,3.448,3.448,3.448,3.448,0.0
2016-09-21,3.444,3.444,3.444,3.444,0.0
2016-09-22,3.412,3.412,3.412,3.412,0.0
2016-09-23,3.423,3.423,3.423,3.423,0.0
2016-09-26,3.44,3.44,3.44,3.44,0.0
2016-09-27,3.408,3.408,3.408,3.408,0.0
2016-09-28,3.382,3.382,3.382,3.382,0.0
2016-09-29,3.341,3.341,3.341,3.341,0.0
2016-09-30,3.337,3.337,3.337,3.337,0.0
2016-10-03,3.325,3.325,3.325,3.325,0.0
2016-10-04,3.299,3.299,3.299,3.299,0.0
2016-10-05,3.322,3.322,3.322,3.322,0.0
2016-10-06,3.324,3.324,3.324,3.324,0.0
2016-10-07,3.338,3.338,3.338,3.338,0.0
2016-10-10,3.329,3.329,3.329,3.329,0.0
2016-10-11,3.427,3.427,3.427,3.427,0.0
2016-10-12,3.391,3.391,3.391,3.391,0.0
2016-10-13,3.403,3.403,3.403,3.403,0.0
2016-10-14,3.4,3.4,3.4,3.4,0.0
2016-10-17,3.407,3.407,3.407,3.407,0.0
2016-10-18,3.409,3.409,3.409,3.409,0.0
2016-10-19,3.401,3.401,3.401,3.401,0.0
2016-10-20,3.421,3.421,3.421,3.421,0.0
2016-10-21,3.421,3.421,3.421,3.421,0.0
2016-10-24,3.416,3.416,3.416,3.416,0.0
2016-10-25,3.406,3.406,3.406,3.406,0.0
2016-10-26,3.414,3.414,3.414,3.414,0.0
2016-10-27,3.429,3.429,3.429,3.429,0.0
2016-10-28,3.436,3.436,3.436,3.436,0.0
2016-10-31,3.429,3.429,3.429,3.429,0.0
2016-11-01,3.433,3.433,3.433,3.433,0.0
2016-11-02,3.413,3.413,3.413,3.413,0.0
2016-11-03,3.422,3.422,3.422,3.422,0.0
2016-11-04,3.403,3.403,3.403,3.403,0.0
2016-11-07,3.418,3.418,3.418,3.418,0.0
2016-11-08,3.43,3.43,3.43,3.43,0.0
2016-11-09,3.41,3.41,3.41,3.41,0.0
2016-11-10,3.42,3.42,3.42,3.42,0.0
2016-11-11,3.393,3.393,3.393,3.393,0.0
2016-11-14,3.363,3.363,3.363,3.363,0.0
2016-11-15,3.323,3.323,3.323,3.323,0.0
2016-11-16,3.332,3.332,3.332,3.332,0.0
2016-11-17,3.347,3.347,3.347,3.347,0.0
2016-11-18,3.324,3.324,3.324,3.324,0.0
2016-11-21,3.3,3.3,3.3,3.3,0.0
2016-11-22,3.272,3.272,3.272,3.272,0.0
2016-11-23,3.25,3.25,3.25,3.25,0.0
2016-11-25,3.249,3.249,3.249,3.249,0.0
2016-11-28,3.192,3.192,3.192,3.192,0.0
2016-11-29,3.144,3.144,3.144,3.144,0.0
2016-11-30,3.11,3.11,3.11,3.11,0.0
2016-12-01,3.156,3.156,3.156,3.156,0.0
2016-12-02,3.146,3.146,3.146,3.146,0.0
2016-12-05,3.141,3.141,3.141,3.141,0.0
2016-12-06,3.138,3.138,3.138,3.138,0.0
2016-12-07,3.158,3.158,3.158,3.158,0.0
2016-12-08,3.192,3.192,3.192,3.192,0.0
2016-12-09,3.154,3.154,3.154,3.154,0.0
2016-12-12,3.142,3.142,3.142,3.142,0.0
2016-12-13,3.118,3.118,3.118,3.118,0.0
2016-12-14,3.074,3.074,3.074,3.074,0.0
2016-12-15,3.084,3.084,3.084,3.084,0.0
2016-12-16,3.09,3.09,3.09,3.09,0.0
2016-12-19,3.098,3.098,3.098,3.098,0.0
2016-12-20,3.078,3.078,3.078,3.078,0.0
2016-12-21,3.081,3.081,3.081,3.081,0.0
2016-12-22,3.046,3.046,3.046,3.046,0.0
2016-12-23,3.041,3.041,3.041,3.041,0.0
2016-12-27,3.056,3.056,3.056,3.056,0.0
2016-12-28,3.066,3.066,3.066,3.066,0.0
2016-12-29,3.076,3.076,3.076,3.076,0.0
2016-12-30,3.079,3.079,3.079,3.079,0.0
2017-01-03,3.067,3.067,3.067,3.067,0.0
2017-01-04,3.066,3.066,3.066,3.066,0.0
2017-01-05,3.081,3.081,3.081,3.081,0.0
2017-01-06,3.06,3.06,3.06,3.06,0.0
2017-01-09,3.043,3.043,3.043,3.043,0.0
2017-01-10,3.053,3.053,3.053,3.053,0.0
2017-01-11,3.01,3.01,3.01,3.01,0.0
2017-01-12,2.999,2.999,2.999,2.999,0.0
2017-01-13,2.951,2.951,2.951,2.951,0.0
2017-01-17,2.953,2.953,2.953,2.953,0.0
2017-01-18,2.946,2.946,2.946,2.946,0.0
2017-01-19,2.91,2.91,2.91,2.91,0.0
2017-01-20,2.915,2.915,2.915,2.915,0.0
2017-01-23,2.917,2.917,2.917,2.917,0.0
2017-01-24,2.907,2.907,2.907,2.907,0.0
2017-01-25,2.898,2.898,2.898,2.898,0.0
2017-01-26,2.907,2.907,2.907,2.907,0.0
2017-01-27,2.894,2.894,2.894,2.894,0.0
2017-01-30,2.899,2.899,2.899,2.899,0.0
2017-01-31,2.901,2.901,2.901,2.901,0.0
2017-02-01,2.886,2.886,2.886,2.886,0.0
2017-02-02,2.889,2.889,2.889,2.889,0.0
2017-02-03,2.872,2.872,2.872,2.872,0.0
2017-02-06,2.864,2.864,2.864,2.864,0.0
2017-02-07,2.88,2.88,2.88,2.88,0.0
2017-02-08,2.891,2.891,2.891,2.891,0.0
2017-02-09,2.884,2.884,2.884,2.884,0.0
2017-02-10,2.864,2.864,2.864,2.864,0.0
2017-02-13,2.832,2.832,2.832,2.832,0.0
2017-02-14,2.827,2.827,2.827,2.827,0.0
2017-02-15,2.829,2.829,2.829,2.829,0.0
2017-02-16,2.843,2.843,2.843,2.843,0.0
2017-02-17,2.844,2.844,2.844,2.844,0.0
2017-02-21,2.832,2.832,2.832,2.832,0.0
2017-02-22,2.835,2.835,2.835,2.835,0.0
2017-02-23,2.838,2.838,2.838,2.838,0.0
2017-02-24,2.817,2.817,2.817,2.817,0.0
2017-02-27,2.818,2.818,2.818,2.818,0.0
2017-02-28,2.831,2.831,2.831,2.831,0.0
2017-03-01,2.847,2.847,2.847,2.847,0.0
2017-03-02,2.839,2.839,2.839,2.839,0.0
2017-03-03,2.862,2.862,2.862,2.862,0.0
2017-03-06,2.875,2.875,2.875,2.875,0.0
2017-03-07,2.864,2.864,2.864,2.864,0.0
2017-03-08,2.852,2.852,2.852,2.852,0.0
2017-03-09,2.845,2.845,2.845,2.845,0.0
2017-03-10,2.832,2.832,2.832,2.832,0.0
2017-03-13,2.826,2.826,2.826,2.826,0.0
2017-03-14,2.827,2.827,2.827,2.827,0.0
2017-03-15,2.848,2.848,2.848,2.848,0.0
2017-03-16,2.875,2.875,2.875,2.875,0.0
2017-03-17,2.875,2.875,2.875,2.875,0.0
2017-03-20,2.883,2.883,2.883,2.883,0.0
2017-03-21,2.897,2.897,2.897,2.897,0.0
2017-03-22,2.899,2.899,2.899,2.899,0.0
2017-03-23,2.896,2.896,2.896,2.896,0.0
2017-03-24,2.865,2.865,2.865,2.865,0.0
2017-03-27,2.855,2.855,2.855,2.855,0.0
2017-03-28,2.846,2.846,2.846,2.846,0.0
2017-03-29,2.854,2.854,2.854,2.854,0.0
2017-03-30,2.86,2.86,2.86,2.86,0.0
2017-03-31,2.851,2.851,2.851,2.851,0.0
2017-04-03,2.858,2.858,2.858,2.858,0.0
2017-04-04,2.871,2.871,2.871,2.871,0.0
2017-04-05,2.89,2.89,2.89,2.89,0.0
2017-04-06,2.872,2.872,2.872,2.872,0.0
2017-04-07,2.886,2.886,2.886,2.886,0.0
2017-04-10,2.895,2.895,2.895,2.895,0.0
2017-04-11,2.926,2.926,2.926,2.926,0.0
2017-04-12,2.927,2.927,2.927,2.927,0.0
2017-04-13,2.948,2.948,2.948,2.948,0.0
2017-04-17,2.944,2.944,2.944,2.944,0.0
2017-04-18,2.976,2.976,2.976,2.976,0.0
2017-04-19,2.986,2.986,2.986,2.986,0.0
2017-04-20,3.02,3.02,3.02,3.02,0.0
2017-04-21,3.002,3.002,3.002,3.002,0.0
2017-04-24,2.982,2.982,2.982,2.982,0.0
2017-04-25,2.977,2.977,2.977,2.977,0.0
2017-04-26,2.978,2.978,2.978,2.978,0.0
2017-04-27,2.963,2.963,2.963,2.963,0.0
2017-04-28,2.977,2.977,2.977,2.977,0.0
2017-05-01,2.945,2.945,2.945,2.945,0.0
2017-05-02,2.946,2.946,2.946,2.946,0.0
2017-05-03,2.965,2.965,2.965,2.965,0.0
2017-05-04,3.008,3.008,3.008,3.008,0.0
2017-05-05,3.008,3.008,3.008,3.008,0.0
2017-05-08,3.003,3.003,3.003,3.003,0.0
2017-05-09,3.006,3.006,3.006,3.006,0.0
2017-05-10,3.007,3.007,3.007,3.007,0.0
2017-05-11,3.016,3.016,3.016,3.016,0.0
2017-05-12,3.02,3.02,3.02,3.02,0.0
2017-05-15,3.009,3.009,3.009,3.009,0.0
2017-05-16,3.026,3.026,3.026,3.026,0.0
2017-05-17,3.04,3.04,3.04,3.04,0.0
2017-05-18,3.027,3.027,3.027,3.027,0.0
2017-05-19,3.017,3.017,3.017,3.017,0.0
2017-05-22,3.019,3.019,3.019,3.019,0.0
2017-05-23,3.049,3.049,3.049,3.049,0.0
2017-05-24,3.031,3.031,3.031,3.031,0.0
2017-05-25,3.02,3.02,3.02,3.02,0.0
2017-05-26,3.005,3.005,3.005,3.005,0.0
2017-05-30,2.991,2.991,2.991,2.991,0.0
2017-05-31,2.985,2.985,2.985,2.985,0.0
2017-06-01,2.987,2.987,2.987,2.987,0.0
2017-06-02,2.975,2.975,2.975,2.975,0.0
2017-06-05,2.947,2.947,2.947,2.947,0.0
2017-06-06,2.903,2.903,2.903,2.903,0.0
2017-06-07,2.914,2.914,2.914,2.914,0.0
2017-06-08,2.934,2.934,2.934,2.934,0.0
2017-06-09,2.931,2.931,2.931,2.931,0.0
2017-06-12,2.933,2.933,2.933,2.933,0.0
2017-06-13,2.937,2.937,2.937,2.937,0.0
2017-06-14,2.928,2.928,2.928,2.928,0.0
2017-06-15,2.95,2.95,2.95,2.95,0.0
2017-06-16,2.939,2.939,2.939,2.939,0.0
2017-06-19,2.955,2.955,2.955,2.955,0.0
2017-06-20,2.993,2.993,2.993,2.993,0.0
2017-06-21,3.004,3.004,3.004,3.004,0.0
2017-06-22,3.003,3.003,3.003,3.003,0.0
2017-06-23,2.995,2.995,2.995,2.995,0.0
2017-06-26,2.97,2.97,2.97,2.97,0.0
2017-06-27,2.97,2.97,2.97,2.97,0.0
2017-06-28,2.96,2.96,2.96,2.96,0.0
2017-06-29,2.96,2.96,2.96,2.96,0.0
2017-06-30,2.973,2.973,2.973,2.973,0.0
2017-07-03,2.97,2.97,2.97,2.97,0.0
2017-07-05,2.938,2.938,2.938,2.938,0.0
2017-07-06,2.911,2.911,2.911,2.911,0.0
2017-07-07,2.906,2.906,2.906,2.906,0.0
2017-07-10,2.895,2.895,2.895,2.895,0.0
2017-07-11,2.884,2.884,2.884,2.884,0.0
2017-07-12,2.874,2.874,2.874,2.874,0.0
2017-07-13,2.887,2.887,2.887,2.887,0.0
2017-07-14,2.89,2.89,2.89,2.89,0.0
2017-07-17,2.889,2.889,2.889,2.889,0.0
2017-07-18,2.901,2.901,2.901,2.901,0.0
2017-07-19,2.886,2.886,2.886,2.886,0.0
2017-07-20,2.867,2.867,2.867,2.867,0.0
2017-07-21,2.857,2.857,2.857,2.857,0.0
2017-07-24,2.822,2.822,2.822,2.822,0.0
2017-07-25,2.816,2.816,2.816,2.816,0.0
2017-07-26,2.802,2.802,2.802,2.802,0.0
2017-07-27,2.802,2.802,2.802,2.802,0.0
2017-07-28,2.82,2.82,2.82,2.82,0.0
2017-07-31,2.801,2.801,2.801,2.801,0.0
2017-08-01,2.823,2.823,2.823,2.823,0.0
2017-08-02,2.832,2.832,2.832,2.832,0.0
2017-08-03,2.855,2.855,2.855,2.855,0.0
2017-08-04,2.865,2.865,2.865,2.865,0.0
2017-08-07,2.864,2.864,2.864,2.864,0.0
2017-08-08,2.85,2.85,2.85,2.85,0.0
2017-08-09,2.844,2.844,2.844,2.844,0.0
2017-08-10,2.842,2.842,2.842,2.842,0.0
2017-08-11,2.846,2.846,2.846,2.846,0.0
2017-08-14,2.842,2.842,2.842,2.842,0.0
2017-08-15,2.842,2.842,2.842,2.842,0.0
2017-08-16,2.832,2.832,2.832,2.832,0.0
2017-08-17,2.826,2.826,2.826,2.826,0.0
2017-08-18,2.827,2.827,2.827,2.827,0.0
2017-08-21,2.818,2.818,2.818,2.818,0.0
2017-08-22,2.813,2.813,2.813,2.813,0.0
2017-08-23,2.818,2.818,2.818,2.818,0.0
2017-08-24,2.774,2.774,2.774,2.774,0.0
2017-08-25,2.761,2.761,2.761,2.761,0.0
2017-08-28,2.774,2.774,2.774,2.774,0.0
2017-08-29,2.773,2.773,2.773,2.773,0.0
2017-08-30,2.78,2.78,2.78,2.78,0.0
2017-08-31,2.783,2.783,2.783,2.783,0.0
2017-09-01,2.784,2.784,2.784,2.784,0.0
2017-09-05,2.78,2.78,2.78,2.78,0.0
2017-09-06,2.747,2.747,2.747,2.747,0.0
2017-09-07,2.78,2.78,2.78,2.78,0.0
2017-09-08,2.786,2.786,2.786,2.786,0.0
2017-09-11,2.797,2.797,2.797,2.797,0.0
2017-09-12,2.796,2.796,2.796,2.796,0.0
2017-09-13,2.782,2.782,2.782,2.782,0.0
2017-09-14,2.794,2.794,2.794,2.794,0.0
2017-09-15,2.799,2.799,2.799,2.799,0.0
2017-09-18,2.816,2.816,2.816,2.816,0.0
2017-09-19,2.8,2.8,2.8,2.8,0.0
2017-09-20,2.793,2.793,2.793,2.793,0.0
2017-09-21,2.784,2.784,2.784,2.784,0.0
2017-09-22,2.798,2.798,2.798,2.798,0.0
2017-09-25,2.781,2.781,2.781,2.781,0.0
2017-09-26,2.791,2.791,2.791,2.791,0.0
2017-09-27,2.804,2.804,2.804,2.804,0.0
2017-09-28,2.803,2.803,2.803,2.803,0.0
2017-09-29,2.8,2.8,2.8,2.8,0.0
2017-10-02,2.813,2.813,2.813,2.813,0.0
2017-10-03,2.83,2.83,2.83,2.83,0.0
2017-10-04,2.826,2.826,2.826,2.826,0.0
2017-10-05,2.831,2.831,2.831,2.831,0.0
2017-10-06,2.823,2.823,2.823,2.823,0.0
2017-10-09,2.833,2.833,2.833,2.833,0.0
2017-10-10,2.823,2.823,2.823,2.823,0.0
2017-10-11,2.813,2.813,2.813,2.813,0.0
2017-10-12,2.864,2.864,2.864,2.864,0.0
2017-10-13,2.862,2.862,2.862,2.862,0.0
2017-10-16,2.889,2.889,2.889,2.889,0.0
2017-10-17,2.913,2.913,2.913,2.913,0.0
2017-10-18,2.921,2.921,2.921,2.921,0.0
2017-10-19,2.943,2.943,2.943,2.943,0.0
2017-10-20,2.972,2.972,2.972,2.972,0.0
2017-10-23,2.952,2.952,2.952,2.952,0.0
2017-10-24,2.951,2.951,2.951,2.951,0.0
2017-10-25,2.952,2.952,2.952,2.952,0.0
2017-10-26,2.945,2.945,2.945,2.945,0.0
2017-10-27,2.922,2.922,2.922,2.922,0.0
2017-10-30,2.948,2.948,2.948,2.948,0.0
2017-10-31,2.946,2.946,2.946,2.946,0.0
2017-11-01,2.957,2.957,2.957,2.957,0.0
2017-11-02,2.94,2.94,2.94,2.94,0.0
2017-11-03,2.935,2.935,2.935,2.935,0.0
2017-11-06,2.93,2.93,2.93,2.93,0.0
2017-11-07,2.929,2.929,2.929,2.929,0.0
2017-11-08,2.927,2.927,2.927,2.927,0.0
2017-11-09,2.929,2.929,2.929,2.929,0.0
2017-11-10,2.909,2.909,2.909,2.909,0.0
2017-11-13,2.894,2.894,2.894,2.894,0.0
2017-11-14,2.9,2.9,2.9,2.9,0.0
2017-11-15,2.891,2.891,2.891,2.891,0.0
2017-11-16,2.895,2.895,2.895,2.895,0.0
2017-11-17,2.893,2.893,2.893,2.893,0.0
2017-11-20,2.886,2.886,2.886,2.886,0.0
2017-11-21,2.884,2.884,2.884,2.884,0.0
2017-11-22,2.871,2.871,2.871,2.871,0.0
2017-11-24,2.872,2.872,2.872,2.872,0.0
2017-11-27,2.874,2.874,2.874,2.874,0.0
2017-11-28,2.881,2.881,2.881,2.881,0.0
2017-11-29,2.894,2.894,2.894,2.894,0.0
2017-11-30,2.887,2.887,2.887,2.887,0.0
2017-12-01,2.87,2.87,2.87,2.87,0.0
2017-12-04,2.845,2.845,2.845,2.845,0.0
2017-12-05,2.835,2.835,2.835,2.835,0.0
2017-12-06,2.824,2.824,2.824,2.824,0.0
2017-12-07,2.83,2.83,2.83,2.83,0.0
2017-12-08,2.828,2.828,2.828,2.828,0.0
2017-12-11,2.821,2.821,2.821,2.821,0.0
2017-12-12,2.829,2.829,2.829,2.829,0.0
2017-12-13,2.843,2.843,2.843,2.843,0.0
2017-12-14,2.842,2.842,2.842,2.842,0.0
2017-12-15,2.85,2.85,2.85,2.85,0.0
2017-12-18,2.876,2.876,2.876,2.876,0.0
2017-12-19,2.878,2.878,2.878,2.878,0.0
2017-12-20,2.864,2.864,2.864,2.864,0.0
2017-12-21,2.881,2.881,2.881,2.881,0.0
2017-12-22,2.904,2.904,2.904,2.904,0.0
2017-12-26,2.905,2.905,2.905,2.905,0.0
2017-12-27,2.884,2.884,2.884,2.884,0.0
2017-12-28,2.869,2.869,2.869,2.869,0.0
2017-12-29,2.879,2.879,2.879,2.879,0.0
2018-01-02,2.872,2.872,2.872,2.872,0.0
2018-01-03,2.875,2.875,2.875,2.875,0.0
2018-01-04,2.897,2.897,2.897,2.897,0.0
2018-01-05,2.878,2.878,2.878,2.878,0.0
2018-01-08,2.88,2.88,2.88,2.88,0.0
2018-01-09,2.858,2.858,2.858,2.858,0.0
2018-01-10,2.876,2.876,2.876,2.876,0.0
2018-01-11,2.878,2.878,2.878,2.878,0.0
2018-01-12,2.865,2.865,2.865,2.865,0.0
2018-01-16,2.837,2.837,2.837,2.837,0.0
2018-01-17,2.831,2.831,2.831,2.831,0.0
2018-01-18,2.829,2.829,2.829,2.829,0.0
2018-01-19,2.839,2.839,2.839,2.839,0.0
2018-01-22,2.858,2.858,2.858,2.858,0.0
2018-01-23,2.87,2.87,2.87,2.87,0.0
2018-01-24,2.885,2.885,2.885,2.885,0.0
2018-01-25,2.911,2.911,2.911,2.911,0.0
2018-01-26,2.887,2.887,2.887,2.887,0.0
2018-01-29,2.889,2.889,2.889,2.889,0.0
2018-01-30,2.89,2.89,2.89,2.89,0.0
2018-01-31,2.87,2.87,2.87,2.87,0.0
2018-02-01,2.882,2.882,2.882,2.882,0.0
2018-02-02,2.89,2.89,2.89,2.89,0.0
2018-02-05,2.912,2.912,2.912,2.912,0.0
2018-02-06,2.909,2.909,2.909,2.909,0.0
2018-02-07,2.882,2.882,2.882,2.882,0.0
2018-02-08,2.879,2.879,2.879,2.879,0.0
2018-02-09,2.859,2.859,2.859,2.859,0.0
2018-02-12,2.844,2.844,2.844,2.844,0.0
2018-02-13,2.851,2.851,2.851,2.851,0.0
2018-02-14,2.851,2.851,2.851,2.851,0.0
2018-02-15,2.848,2.848,2.848,2.848,0.0
2018-02-16,2.857,2.857,2.857,2.857,0.0
2018-02-20,2.857,2.857,2.857,2.857,0.0
2018-02-21,2.875,2.875,2.875,2.875,0.0
2018-02-22,2.881,2.881,2.881,2.881,0.0
2018-02-23,2.873,2.873,2.873,2.873,0.0
2018-02-26,2.881,2.881,2.881,2.881,0.0
2018-02-27,2.878,2.878,2.878,2.878,0.0
2018-02-28,2.856,2.856,2.856,2.856,0.0
2018-03-01,2.864,2.864,2.864,2.864,0.0
2018-03-02,2.881,2.881,2.881,2.881,0.0
2018-03-05,2.899,2.899,2.899,2.899,0.0
2018-03-06,2.915,2.915,2.915,2.915,0.0
2018-03-07,2.908,2.908,2.908,2.908,0.0
2018-03-08,2.869,2.869,2.869,2.869,0.0
2018-03-09,2.828,2.828,2.828,2.828,0.0
2018-03-12,2.824,2.824,2.824,2.824,0.0
2018-03-13,2.841,2.841,2.841,2.841,0.0
2018-03-14,2.859,2.859,2.859,2.859,0.0
2018-03-15,2.888,2.888,2.888,2.888,0.0
2018-03-16,2.897,2.897,2.897,2.897,0.0
2018-03-19,2.887,2.887,2.887,2.887,0.0
2018-03-20,2.892,2.892,2.892,2.892,0.0
2018-03-21,2.882,2.882,2.882,2.882,0.0
2018-03-22,2.87,2.87,2.87,2.87,0.0
2018-03-23,2.839,2.839,2.839,2.839,0.0
2018-03-26,2.867,2.867,2.867,2.867,0.0
2018-03-27,2.879,2.879,2.879,2.879,0.0
2018-03-28,2.887,2.887,2.887,2.887,0.0
2018-03-29,2.923,2.923,2.923,2.923,0.0
2018-04-02,2.905,2.905,2.905,2.905,0.0
2018-04-03,2.893,2.893,2.893,2.893,0.0
2018-04-04,2.867,2.867,2.867,2.867,0.0
2018-04-05,2.884,2.884,2.884,2.884,0.0
2018-04-06,2.878,2.878,2.878,2.878,0.0
2018-04-09,2.87,2.87,2.87,2.87,0.0
2018-04-10,2.879,2.879,2.879,2.879,0.0
2018-04-11,2.897,2.897,2.897,2.897,0.0
2018-04-12,2.909,2.909,2.909,2.909,0.0
2018-04-13,2.902,2.902,2.902,2.902,0.0
2018-04-16,2.904,2.904,2.904,2.904,0.0
2018-04-17,2.9,2.9,2.9,2.9,0.0
2018-04-18,2.889,2.889,2.889,2.889,0.0
2018-04-19,2.871,2.871,2.871,2.871,0.0
2018-04-20,2.876,2.876,2.876,2.876,0.0
2018-04-23,2.877,2.877,2.877,2.877,0.0
2018-04-24,2.871,2.871,2.871,2.871,0.0
2018-04-25,2.87,2.87,2.87,2.87,0.0
2018-04-26,2.865,2.865,2.865,2.865,0.0
2018-04-27,2.867,2.867,2.867,2.867,0.0
2018-04-30,2.859,2.859,2.859,2.859,0.0
2018-05-01,2.843,2.843,2.843,2.843,0.0
2018-05-02,2.846,2.846,2.846,2.846,0.0
2018-05-03,2.844,2.844,2.844,2.844,0.0
2018-05-04,2.84,2.84,2.84,2.84,0.0
2018-05-07,2.838,2.838,2.838,2.838,0.0
2018-05-08,2.793,2.793,2.793,2.793,0.0
2018-05-09,2.779,2.779,2.779,2.779,0.0
2018-05-10,2.775,2.775,2.775,2.775,0.0
2018-05-11,2.778,2.778,2.778,2.778,0.0
2018-05-14,2.78,2.78,2.78,2.78,0.0
2018-05-15,2.789,2.789,2.789,2.789,0.0
2018-05-16,2.782,2.782,2.782,2.782,0.0
2018-05-17,2.785,2.789,2.785,2.789,2.0
2018-05-18,2.804,2.804,2.804,2.804,0.0
2018-05-21,2.8,2.8,2.799,2.799,2.0
2018-05-22,2.804,2.804,2.804,2.804,0.0
2018-05-23,2.781,2.781,2.781,2.781,0.0
2018-05-24,2.775,2.775,2.775,2.775,0.0
2018-05-25,2.747,2.747,2.747,2.747,0.0
2018-05-29,2.724,2.724,2.724,2.724,0.0
2018-05-30,2.728,2.728,2.728,2.728,0.0
2018-05-31,2.715,2.715,2.715,2.715,0.0
2018-06-01,2.705,2.705,2.705,2.705,0.0
2018-06-04,2.699,2.699,2.699,2.699,0.0
2018-06-05,2.703,2.703,2.703,2.703,0.0
2018-06-06,2.719,2.719,2.719,2.719,0.0
2018-06-07,2.702,2.702,2.702,2.702,0.0
2018-06-08,2.705,2.705,2.705,2.705,0.0
2018-06-11,2.695,2.695,2.695,2.695,0.0
2018-06-12,2.71,2.71,2.71,2.71,0.0
2018-06-13,2.735,2.735,2.735,2.735,0.0
2018-06-14,2.734,2.734,2.734,2.734,0.0
2018-06-15,2.739,2.739,2.739,2.739,0.0
2018-06-18,2.76,2.76,2.76,2.76,0.0
2018-06-19,2.758,2.758,2.758,2.758,0.0
2018-06-20,2.75,2.75,2.75,2.75,0.0
2018-06-21,2.739,2.739,2.739,2.739,0.0
2018-06-22,2.739,2.739,2.739,2.739,0.0
2018-06-25,2.735,2.735,2.735,2.735,0.0
2018-06-26,2.732,2.732,2.732,2.732,0.0
2018-06-27,2.735,2.735,2.735,2.735,0.0
2018-06-28,2.729,2.729,2.729,2.729,0.0
2018-06-29,2.726,2.726,2.726,2.726,0.0
2018-07-02,2.717,2.717,2.717,2.717,0.0
2018-07-03,2.712,2.712,2.712,2.712,0.0
2018-07-05,2.714,2.714,2.714,2.714,0.0
2018-07-06,2.708,2.708,2.708,2.708,0.0
2018-07-09,2.699,2.699,2.699,2.699,0.0
2018-07-10,2.699,2.699,2.699,2.699,0.0
2018-07-11,2.677,2.677,2.677,2.677,0.0
2018-07-12,2.674,2.674,2.674,2.674,11.0
2018-07-13,2.669,2.669,2.669,2.669,0.0
2018-07-16,2.641,2.641,2.641,2.641,0.0
2018-07-17,2.633,2.633,2.633,2.633,0.0
2018-07-18,2.624,2.624,2.624,2.624,0.0
2018-07-19,2.624,2.624,2.624,2.624,0.0
2018-07-20,2.625,2.625,2.625,2.625,0.0
2018-07-23,2.634,2.634,2.634,2.634,0.0
2018-07-24,2.649,2.649,2.649,2.649,0.0
2018-07-25,2.669,2.669,2.669,2.669,0.0
2018-07-26,2.665,2.665,2.665,2.665,0.0
2018-07-27,2.686,2.686,2.686,2.686,0.0
2018-07-30,2.69,2.69,2.69,2.69,0.0
2018-07-31,2.691,2.691,2.691,2.691,0.0
2018-08-01,2.661,2.661,2.661,2.661,0.0
2018-08-02,2.665,2.665,2.665,2.665,0.0
2018-08-03,2.665,2.665,2.665,2.665,0.0
2018-08-06,2.651,2.651,2.651,2.651,0.0
2018-08-07,2.673,2.673,2.673,2.673,0.0
2018-08-08,2.686,2.686,2.686,2.686,0.0
2018-08-09,2.68,2.68,2.68,2.68,0.0
2018-08-10,2.693,2.693,2.693,2.693,0.0
2018-08-13,2.693,2.694,2.693,2.694,4.0
2018-08-14,2.693,2.693,2.693,2.693,0.0
2018-08-15,2.694,2.694,2.694,2.694,0.0
2018-08-16,2.684,2.684,2.684,2.684,0.0
2018-08-17,2.686,2.686,2.686,2.686,0.0
2018-08-20,2.685,2.685,2.685,2.685,0.0
2018-08-21,2.695,2.695,2.695,2.695,0.0
2018-08-22,2.682,2.682,2.682,2.682,0.0
2018-08-23,2.679,2.679,2.679,2.679,0.0
2018-08-24,2.67,2.67,2.67,2.67,0.0
2018-08-27,2.638,2.638,2.638,2.638,0.0
2018-08-28,2.614,2.614,2.614,2.614,0.0
2018-08-29,2.619,2.619,2.619,2.619,0.0
2018-08-30,2.601,2.601,2.601,2.601,0.0
2018-08-31,2.61,2.61,2.61,2.61,0.0
2018-09-04,2.592,2.592,2.592,2.592,0.0
2018-09-05,2.597,2.597,2.597,2.597,0.0
2018-09-06,2.614,2.614,2.614,2.614,0.0
2018-09-07,2.613,2.613,2.613,2.613,0.0
2018-09-10,2.624,2.624,2.624,2.624,0.0
2018-09-11,2.619,2.619,2.619,2.619,0.0
2018-09-12,2.629,2.629,2.629,2.629,0.0
2018-09-13,2.645,2.645,2.645,2.645,0.0
2018-09-14,2.645,2.645,2.645,2.645,0.0
2018-09-17,2.649,2.649,2.649,2.649,0.0
2018-09-18,2.65,2.65,2.65,2.65,0.0
2018-09-19,2.645,2.645,2.645,2.645,0.0
2018-09-20,2.649,2.649,2.649,2.649,0.0
2018-09-21,2.647,2.647,2.647,2.647,0.0
2018-09-24,2.646,2.646,2.646,2.646,0.0
2018-09-25,2.646,2.646,2.646,2.646,0.0
2018-09-26,2.655,2.655,2.655,2.655,0.0
2018-09-27,2.655,2.655,2.655,2.655,0.0
2018-09-28,2.655,2.655,2.655,2.655,0.0
2018-10-01,2.66,2.66,2.66,2.66,0.0
2018-10-02,2.658,2.658,2.658,2.658,0.0
2018-10-03,2.657,2.657,2.657,2.657,0.0
2018-10-04,2.657,2.657,2.657,2.657,0.0
2018-10-05,2.658,2.658,2.658,2.658,0.0
2018-10-08,2.663,2.663,2.663,2.663,0.0
2018-10-09,2.658,2.658,2.658,2.658,0.0
2018-10-10,2.654,2.654,2.654,2.654,0.0
2018-10-11,2.679,2.679,2.679,2.679,0.0
2018-10-12,2.684,2.684,2.684,2.684,0.0
2018-10-15,2.683,2.683,2.683,2.683,0.0
2018-10-16,2.683,2.683,2.683,2.683,0.0
2018-10-17,2.678,2.678,2.678,2.678,0.0
2018-10-18,2.677,2.677,2.677,2.677,0.0
2018-10-19,2.674,2.674,2.674,2.674,0.0
2018-10-22,2.675,2.675,2.675,2.675,0.0
2018-10-23,2.674,2.674,2.674,2.674,0.0
2018-10-24,2.671,2.671,2.671,2.671,0.0
2018-10-25,2.661,2.661,2.661,2.661,0.0
2018-10-26,2.663,2.663,2.663,2.663,0.0
2018-10-29,2.664,2.664,2.664,2.664,0.0
2018-10-30,2.682,2.682,2.682,2.682,0.0
2018-10-31,2.681,2.681,2.681,2.681,0.0
2018-11-01,2.689,2.689,2.689,2.689,0.0
2018-11-02,2.696,2.696,2.696,2.696,0.0
2018-11-05,2.71,2.71,2.71,2.71,0.0
2018-11-06,2.726,2.726,2.726,2.726,0.0
2018-11-07,2.724,2.724,2.724,2.724,0.0
2018-11-08,2.725,2.725,2.725,2.725,0.0
2018-11-09,2.732,2.732,2.732,2.732,0.0
2018-11-12,2.745,2.745,2.745,2.745,0.0
2018-11-13,2.724,2.724,2.724,2.724,0.0
2018-11-14,2.708,2.708,2.708,2.708,0.0
2018-11-15,2.723,2.723,2.723,2.723,0.0
2018-11-16,2.694,2.694,2.694,2.694,0.0
2018-11-19,2.678,2.678,2.678,2.678,0.0
2018-11-20,2.676,2.676,2.676,2.676,0.0
2018-11-21,2.674,2.674,2.674,2.674,0.0
2018-11-23,2.699,2.699,2.699,2.699,0.0
2018-11-26,2.692,2.692,2.692,2.692,0.0
2018-11-27,2.688,2.688,2.688,2.688,0.0
2018-11-28,2.697,2.697,2.697,2.697,0.0
2018-11-29,2.739,2.739,2.739,2.739,0.0
2018-11-30,2.769,2.769,2.769,2.769,0.0
2018-12-03,2.741,2.741,2.741,2.741,0.0
2018-12-04,2.727,2.727,2.727,2.727,0.0
2018-12-05,2.718,2.718,2.718,2.718,0.0
2018-12-06,2.729,2.729,2.729,2.729,0.0
2018-12-07,2.736,2.736,2.736,2.736,0.0
2018-12-10,2.737,2.737,2.737,2.737,0.0
2018-12-11,2.712,2.712,2.712,2.712,0.0
2018-12-12,2.713,2.713,2.713,2.713,0.0
2018-12-13,2.681,2.681,2.681,2.681,0.0
2018-12-14,2.691,2.691,2.691,2.691,0.0
2018-12-17,2.69,2.69,2.69,2.69,0.0
2018-12-18,2.691,2.691,2.691,2.691,0.0
2018-12-19,2.714,2.714,2.714,2.714,0.0
2018-12-20,2.729,2.729,2.729,2.729,0.0
2018-12-21,2.728,2.728,2.728,2.728,0.0
2018-12-24,2.727,2.727,2.727,2.727,0.0
2018-12-26,2.724,2.724,2.724,2.724,0.0
2018-12-27,2.722,2.722,2.722,2.722,0.0
2018-12-28,2.717,2.717,2.717,2.717,0.0
2018-12-31,2.724,2.724,2.724,2.724,0.0
2019-01-02,2.724,2.724,2.724,2.724,0.0
2019-01-03,2.713,2.713,2.713,2.713,0.0
2019-01-04,2.723,2.723,2.723,2.723,0.0
2019-01-07,2.725,2.725,2.725,2.725,0.0
2019-01-08,2.724,2.724,2.724,2.724,0.0
2019-01-09,2.724,2.724,2.724,2.724,0.0
2019-01-10,2.721,2.721,2.721,2.721,0.0
2019-01-11,2.731,2.731,2.731,2.731,0.0
2019-01-14,2.73,2.73,2.73,2.73,0.0
2019-01-15,2.722,2.722,2.722,2.722,0.0
2019-01-16,2.691,2.691,2.691,2.691,0.0
2019-01-17,2.685,2.685,2.685,2.685,0.0
2019-01-18,2.698,2.698,2.698,2.698,0.0
2019-01-22,2.711,2.711,2.711,2.711,0.0
2019-01-23,2.695,2.695,2.695,2.695,0.0
2019-01-24,2.678,2.678,2.678,2.678,0.0
2019-01-25,2.723,2.723,2.723,2.723,0.0
2019-01-28,2.705,2.705,2.705,2.705,0.0
2019-01-29,2.708,2.708,2.708,2.708,0.0
2019-01-30,2.71,2.71,2.71,2.71,0.0
2019-01-31,2.711,2.711,2.711,2.711,0.0
2019-02-01,2.712,2.712,2.712,2.712,0.0
2019-02-04,2.699,2.699,2.699,2.699,0.0
2019-02-05,2.741,2.741,2.741,2.741,0.0
2019-02-06,2.738,2.738,2.738,2.738,0.0
2019-02-07,2.734,2.734,2.734,2.734,0.0
2019-02-08,2.736,2.736,2.736,2.736,0.0
2019-02-11,2.741,2.741,2.741,2.741,0.0
2019-02-12,2.749,2.749,2.749,2.749,0.0
2019-02-13,2.75,2.75,2.75,2.75,0.0
2019-02-14,2.754,2.754,2.754,2.754,0.0
2019-02-15,2.732,2.732,2.732,2.732,0.0
2019-02-19,2.729,2.729,2.729,2.729,0.0
2019-02-20,2.726,2.726,2.726,2.726,0.0
2019-02-21,2.718,2.718,2.718,2.718,0.0
2019-02-22,2.715,2.715,2.715,2.715,0.0
2019-02-25,2.708,2.708,2.708,2.708,0.0
2019-02-26,2.69,2.69,2.69,2.69,0.0
2019-02-27,2.726,2.726,2.726,2.726,0.0
2019-02-28,2.736,2.736,2.736,2.736,0.0
2019-03-01,2.735,2.735,2.735,2.735,0.0
2019-03-04,2.731,2.731,2.731,2.731,0.0
2019-03-05,2.729,2.729,2.729,2.729,0.0
2019-03-06,2.732,2.732,2.732,2.732,0.0
2019-03-07,2.737,2.737,2.737,2.737,0.0
2019-03-08,2.737,2.737,2.737,2.737,0.0
2019-03-11,2.764,2.764,2.764,2.764,0.0
2019-03-12,2.779,2.779,2.779,2.779,0.0
2019-03-13,2.788,2.788,2.788,2.788,0.0
2019-03-14,2.796,2.796,2.796,2.796,0.0
2019-03-15,2.797,2.797,2.797,2.797,0.0
2019-03-18,2.798,2.798,2.798,2.798,0.0
2019-03-19,2.799,2.799,2.799,2.799,0.0
2019-03-20,2.797,2.797,2.797,2.797,0.0
2019-03-21,2.801,2.801,2.801,2.801,0.0
2019-03-22,2.791,2.791,2.791,2.791,0.0
2019-03-25,2.79,2.79,2.79,2.79,0.0
2019-03-26,2.792,2.792,2.792,2.792,0.0
2019-03-27,2.783,2.783,2.783,2.783,0.0
2019-03-28,2.786,2.786,2.786,2.786,0.0
2019-03-29,2.785,2.785,2.785,2.785,0.0
2019-04-01,2.784,2.784,2.784,2.784,0.0
2019-04-02,2.791,2.791,2.791,2.791,0.0
2019-04-03,2.79,2.79,2.79,2.79,0.0
2019-04-04,2.785,2.785,2.785,2.785,0.0
2019-04-05,2.781,2.781,2.781,2.781,0.0
2019-04-08,2.784,2.784,2.784,2.784,0.0
2019-04-09,2.791,2.791,2.791,2.791,0.0
2019-04-10,2.774,2.774,2.774,2.774,0.0
2019-04-11,2.772,2.772,2.772,2.772,0.0
2019-04-12,2.772,2.772,2.772,2.772,0.0
2019-04-15,2.772,2.772,2.772,2.772,0.0
2019-04-16,2.773,2.773,2.773,2.773,0.0
2019-04-17,2.763,2.763,2.763,2.763,0.0
2019-04-18,2.76,2.76,2.748,2.748,50.0
2019-04-22,2.736,2.736,2.736,2.736,0.0
2019-04-23,2.731,2.731,2.731,2.731,0.0
2019-04-24,2.741,2.741,2.741,2.741,0.0
2019-04-25,2.751,2.751,2.751,2.751,0.0
2019-04-26,2.748,2.748,2.748,2.748,0.0
2019-04-29,2.755,2.755,2.755,2.755,0.0
2019-04-30,2.76,2.76,2.76,2.76,0.0
2019-05-01,2.762,2.762,2.762,2.762,0.0
2019-05-02,2.759,2.759,2.759,2.759,0.0
2019-05-03,2.739,2.739,2.739,2.739,0.0
2019-05-06,2.742,2.742,2.742,2.742,0.0
2019-05-07,2.742,2.742,2.742,2.742,0.0
2019-05-08,2.736,2.736,2.736,2.736,0.0
2019-05-09,2.743,2.743,2.743,2.743,0.0
2019-05-10,2.734,2.734,2.734,2.734,0.0
2019-05-13,2.737,2.737,2.737,2.737,0.0
2019-05-14,2.748,2.748,2.748,2.748,0.0
2019-05-15,2.751,2.751,2.751,2.751,0.0
2019-05-16,2.75,2.75,2.75,2.75,0.0
2019-05-17,2.754,2.754,2.754,2.754,0.0
2019-05-20,2.759,2.759,2.759,2.759,0.0
2019-05-21,2.762,2.762,2.762,2.762,0.0
2019-05-22,2.74,2.74,2.74,2.74,0.0
2019-05-23,2.752,2.752,2.752,2.752,0.0
2019-05-24,2.762,2.762,2.762,2.762,0.0
2019-05-28,2.762,2.762,2.762,2.762,0.0
2019-05-29,2.74,2.74,2.74,2.74,0.0
2019-05-30,2.738,2.738,2.738,2.738,0.0
2019-05-31,2.736,2.736,2.736,2.736,0.0
2019-06-03,2.724,2.724,2.724,2.724,0.0
2019-06-04,2.728,2.728,2.728,2.728,0.0
2019-06-05,2.716,2.716,2.716,2.716,0.0
2019-06-06,2.736,2.736,2.736,2.736,0.0
2019-06-07,2.736,2.736,2.736,2.736,0.0
2019-06-10,2.725,2.725,2.725,2.725,0.0
2019-06-11,2.725,2.725,2.725,2.725,0.0
2019-06-12,2.716,2.716,2.716,2.716,0.0
2019-06-13,2.717,2.717,2.717,2.717,0.0
2019-06-14,2.722,2.722,2.722,2.722,0.0
2019-06-17,2.725,2.725,2.725,2.725,0.0
2019-06-18,2.708,2.708,2.708,2.708,0.0
2019-06-19,2.709,2.709,2.709,2.709,0.0
2019-06-20,2.713,2.713,2.713,2.713,0.0
2019-06-21,2.728,2.728,2.728,2.728,0.0
2019-06-24,2.728,2.728,2.728,2.728,0.0
2019-06-25,2.727,2.727,2.727,2.727,0.0
2019-06-26,2.719,2.719,2.719,2.719,0.0
2019-06-27,2.715,2.715,2.715,2.715,0.0
2019-06-28,2.687,2.687,2.687,2.687,0.0
2019-07-01,2.68,2.68,2.68,2.68,0.0
2019-07-02,2.676,2.676,2.676,2.676,0.0
2019-07-03,2.67,2.67,2.67,2.67,0.0
2019-07-05,2.682,2.682,2.682,2.682,0.0
2019-07-08,2.678,2.678,2.678,2.678,0.0
2019-07-09,2.684,2.684,2.684,2.684,0.0
2019-07-10,2.676,2.676,2.676,2.676,0.0
2019-07-11,2.684,2.684,2.684,2.684,0.0
2019-07-12,2.692,2.692,2.692,2.692,0.0
2019-07-15,2.697,2.697,2.697,2.697,0.0
2019-07-16,2.673,2.673,2.673,2.673,0.0
2019-07-17,2.67,2.67,2.67,2.67,0.0
2019-07-18,2.689,2.689,2.689,2.689,0.0
2019-07-19,2.682,2.682,2.682,2.682,0.0
2019-07-22,2.677,2.677,2.677,2.677,0.0
2019-07-23,2.669,2.669,2.669,2.669,0.0
2019-07-24,2.662,2.662,2.662,2.662,0.0
2019-07-25,2.663,2.663,2.663,2.663,0.0
2019-07-26,2.662,2.662,2.662,2.662,0.0
2019-07-29,2.651,2.651,2.651,2.651,0.0
2019-07-30,2.646,2.646,2.646,2.646,0.0
2019-07-31,2.652,2.652,2.652,2.652,0.0
2019-08-01,2.657,2.657,2.657,2.657,0.0
2019-08-02,2.644,2.644,2.644,2.644,0.0
2019-08-05,2.642,2.642,2.642,2.642,0.0
2019-08-06,2.643,2.643,2.643,2.643,0.0
2019-08-07,2.648,2.648,2.648,2.648,0.0
2019-08-08,2.632,2.632,2.632,2.632,0.0
2019-08-09,2.614,2.614,2.614,2.614,0.0
2019-08-12,2.603,2.603,2.603,2.603,0.0
2019-08-13,2.584,2.584,2.584,2.584,0.0
2019-08-14,2.569,2.569,2.569,2.569,0.0
2019-08-15,2.569,2.569,2.569,2.569,0.0
2019-08-16,2.541,2.541,2.541,2.541,1.0
2019-08-19,2.543,2.543,2.543,2.543,0.0
2019-08-20,2.54,2.54,2.54,2.54,0.0
2019-08-21,2.541,2.541,2.541,2.541,0.0
2019-08-22,2.53,2.53,2.53,2.53,0.0
2019-08-23,2.56,2.56,2.56,2.56,0.0
2019-08-26,2.567,2.567,2.567,2.567,0.0
2019-08-27,2.582,2.582,2.582,2.582,0.0
2019-08-28,2.601,2.601,2.601,2.601,0.0
2019-08-29,2.603,2.603,2.603,2.603,0.0
2019-08-30,2.565,2.565,2.565,2.565,0.0
2019-09-03,2.58,2.58,2.58,2.58,0.0
2019-09-04,2.551,2.551,2.551,2.551,0.0
2019-09-05,2.558,2.558,2.558,2.558,0.0
2019-09-06,2.545,2.545,2.545,2.545,0.0
2019-09-09,2.535,2.535,2.535,2.535,0.0
2019-09-10,2.539,2.539,2.539,2.539,0.0
2019-09-11,2.553,2.553,2.553,2.553,0.0
2019-09-12,2.558,2.558,2.558,2.558,0.0
2019-09-13,2.569,2.569,2.569,2.569,0.0
2019-09-16,2.599,2.599,2.599,2.599,0.0
2019-09-17,2.567,2.567,2.567,2.567,0.0
2019-09-18,2.58,2.58,2.58,2.58,0.0
2019-09-19,2.574,2.574,2.574,2.574,0.0
2019-09-20,2.585,2.585,2.585,2.585,0.0
2019-09-23,2.582,2.582,2.582,2.582,0.0
2019-09-24,2.568,2.568,2.568,2.568,0.0
2019-09-25,2.567,2.567,2.567,2.567,0.0
2019-09-26,2.568,2.568,2.568,2.568,0.0
2019-09-27,2.557,2.557,2.557,2.557,0.0
2019-09-30,2.572,2.572,2.572,2.572,0.0
2019-10-01,2.553,2.553,2.553,2.553,0.0
2019-10-02,2.571,2.571,2.571,2.571,0.0
2019-10-03,2.556,2.556,2.556,2.556,0.0
2019-10-04,2.546,2.546,2.546,2.546,0.0
2019-10-07,2.55,2.55,2.55,2.55,0.0
2019-10-08,2.526,2.526,2.526,2.526,0.0
2019-10-09,2.521,2.521,2.521,2.521,0.0
2019-10-10,2.517,2.517,2.517,2.517,0.0
2019-10-11,2.528,2.528,2.528,2.528,0.0
2019-10-14,2.543,2.543,2.543,2.543,0.0
2019-10-15,2.542,2.542,2.542,2.542,0.0
2019-10-16,2.544,2.544,2.544,2.544,0.0
2019-10-17,2.541,2.541,2.541,2.541,0.0
2019-10-18,2.536,2.536,2.536,2.536,0.0
2019-10-21,2.531,2.531,2.531,2.531,0.0
2019-10-22,2.535,2.535,2.535,2.535,0.0
2019-10-23,2.529,2.529,2.529,2.529,0.0
2019-10-24,2.533,2.533,2.533,2.533,0.0
2019-10-25,2.531,2.531,2.531,2.531,0.0
2019-10-28,2.54,2.54,2.54,2.54,0.0
2019-10-29,2.556,2.556,2.556,2.556,0.0
2019-10-30,2.563,2.563,2.563,2.563,0.0
2019-10-31,2.561,2.561,2.561,2.561,0.0
2019-11-01,2.57,2.57,2.57,2.57,0.0
2019-11-04,2.551,2.551,2.551,2.551,0.0
2019-11-05,2.547,2.547,2.547,2.547,0.0
2019-11-06,2.53,2.53,2.53,2.53,0.0
2019-11-07,2.517,2.517,2.517,2.517,0.0
2019-11-08,2.524,2.524,2.524,2.524,0.0
2019-11-11,2.515,2.515,2.515,2.515,0.0
2019-11-12,2.505,2.505,2.505,2.505,0.0
2019-11-13,2.486,2.486,2.486,2.486,0.0
2019-11-14,2.488,2.488,2.488,2.488,0.0
2019-11-15,2.486,2.486,2.486,2.486,0.0
2019-11-18,2.49,2.49,2.49,2.49,0.0
2019-11-19,2.487,2.487,2.487,2.487,0.0
2019-11-20,2.496,2.496,2.496,2.496,0.0
2019-11-21,2.503,2.503,2.503,2.503,0.0
2019-11-22,2.503,2.503,2.503,2.503,0.0
2019-11-25,2.49,2.49,2.49,2.49,0.0
2019-11-26,2.484,2.484,2.484,2.484,0.0
2019-11-27,2.488,2.488,2.488,2.488,0.0
2019-11-29,2.446,2.446,2.446,2.446,0.0
2019-12-02,2.49,2.49,2.472,2.472,32.0
2019-12-03,2.481,2.481,2.481,2.481,0.0
2019-12-04,2.48,2.48,2.48,2.48,0.0
2019-12-05,2.472,2.472,2.472,2.472,0.0
2019-12-06,2.445,2.445,2.445,2.445,0.0
2019-12-09,2.439,2.439,2.439,2.439,0.0
2019-12-10,2.448,2.448,2.448,2.448,0.0
2019-12-11,2.445,2.445,2.445,2.445,0.0
2019-12-12,2.45,2.45,2.45,2.45,0.0
2019-12-13,2.433,2.433,2.433,2.433,0.0
2019-12-16,2.442,2.442,2.442,2.442,0.0
2019-12-17,2.444,2.444,2.444,2.444,0.0
2019-12-18,2.421,2.421,2.421,2.421,0.0
2019-12-19,2.411,2.411,2.411,2.411,0.0
2019-12-20,2.402,2.402,2.402,2.402,0.0
2019-12-23,2.409,2.409,2.409,2.409,0.0
2019-12-24,2.407,2.407,2.407,2.407,0.0
2019-12-26,2.395,2.395,2.395,2.395,0.0
2019-12-27,2.393,2.393,2.393,2.393,0.0
2019-12-30,2.39,2.39,2.39,2.39,0.0
2019-12-31,2.399,2.399,2.399,2.399,0.0
2020-01-02,2.394,2.394,2.394,2.394,0.0
2020-01-03,2.394,2.394,2.394,2.394,0.0
2020-01-06,2.398,2.398,2.398,2.398,0.0
2020-01-07,2.405,2.405,2.405,2.405,0.0
2020-01-08,2.408,2.408,2.408,2.408,0.0
2020-01-09,2.419,2.419,2.419,2.419,0.0
2020-01-10,2.421,2.421,2.421,2.421,0.0
2020-01-13,2.421,2.421,2.421,2.421,0.0
2020-01-14,2.42,2.42,2.42,2.42,0.0
2020-01-15,2.419,2.419,2.419,2.419,0.0
2020-01-16,2.426,2.426,2.426,2.426,0.0
2020-01-17,2.436,2.436,2.436,2.436,0.0
2020-01-21,2.426,2.426,2.426,2.426,0.0
2020-01-22,2.415,2.415,2.415,2.415,0.0
2020-01-23,2.407,2.407,2.407,2.407,0.0
2020-01-24,2.397,2.397,2.397,2.397,0.0
2020-01-27,2.382,2.382,2.382,2.382,0.0
2020-01-28,2.394,2.394,2.394,2.394,0.0
2020-01-29,2.384,2.384,2.384,2.384,0.0
2020-01-30,2.376,2.376,2.376,2.376,0.0
2020-01-31,2.377,2.377,2.377,2.377,0.0
2020-02-03,2.372,2.372,2.372,2.372,0.0
2020-02-04,2.373,2.373,2.373,2.373,0.0
2020-02-05,2.355,2.355,2.355,2.355,0.0
2020-02-06,2.363,2.363,2.363,2.363,0.0
2020-02-07,2.381,2.381,2.381,2.381,0.0
2020-02-10,2.373,2.373,2.373,2.373,0.0
2020-02-11,2.376,2.376,2.376,2.376,0.0
2020-02-12,2.383,2.383,2.383,2.383,0.0
2020-02-13,2.373,2.373,2.373,2.373,0.0
2020-02-14,2.363,2.363,2.363,2.363,0.0
2020-02-18,2.349,2.349,2.349,2.349,0.0
2020-02-19,2.36,2.36,2.36,2.36,0.0
2020-02-20,2.355,2.355,2.355,2.355,0.0
2020-02-21,2.385,2.385,2.385,2.385,0.0
2020-02-24,2.391,2.391,2.391,2.391,0.0
2020-02-25,2.387,2.387,2.387,2.387,0.0
2020-02-26,2.404,2.404,2.404,2.404,0.0
2020-02-27,2.394,2.394,2.394,2.394,0.0
2020-02-28,2.402,2.402,2.402,2.402,0.0
2020-03-02,2.43,2.43,2.43,2.43,0.0
2020-03-03,2.426,2.426,2.426,2.426,0.0
2020-03-04,2.407,2.407,2.407,2.407,0.0
2020-03-05,2.387,2.387,2.387,2.387,0.0
2020-03-06,2.4,2.4,2.4,2.4,0.0
2020-03-09,2.432,2.432,2.432,2.432,0.0
2020-03-10,2.439,2.439,2.439,2.439,0.0
2020-03-11,2.401,2.401,2.401,2.401,0.0
2020-03-12,2.351,2.351,2.351,2.351,0.0
2020-03-13,2.342,2.342,2.342,2.342,0.0
2020-03-16,2.331,2.331,2.331,2.331,0.0
2020-03-17,2.35,2.35,2.35,2.35,0.0
2020-03-18,2.356,2.356,2.356,2.356,0.0
2020-03-19,2.369,2.369,2.369,2.369,0.0
2020-03-20,2.363,2.363,2.363,2.363,0.0
2020-03-23,2.358,2.358,2.358,2.358,0.0
2020-03-24,2.354,2.354,2.354,2.354,0.0
2020-03-25,2.349,2.349,2.349,2.349,0.0
2020-03-26,2.315,2.315,2.315,2.315,0.0
2020-03-27,2.341,2.341,2.341,2.341,0.0
2020-03-30,2.349,2.349,2.349,2.349,0.0
2020-03-31,2.351,2.351,2.351,2.351,0.0
2020-04-01,2.321,2.321,2.321,2.321,0.0
2020-04-02,2.307,2.307,2.307,2.307,0.0
2020-04-03,2.291,2.291,2.291,2.291,0.0
2020-04-06,2.307,2.307,2.307,2.307,0.0
2020-04-07,2.301,2.301,2.301,2.301,0.0
2020-04-08,2.318,2.318,2.318,2.318,0.0
2020-04-09,2.335,2.335,2.335,2.335,0.0
2020-04-13,2.363,2.363,2.363,2.363,0.0
2020-04-14,2.345,2.345,2.345,2.345,0.0
2020-04-15,2.314,2.314,2.314,2.314,0.0
2020-04-16,2.319,2.319,2.319,2.319,0.0
2020-04-17,2.335,2.335,2.335,2.335,0.0
2020-04-20,2.353,2.353,2.353,2.353,0.0
2020-04-21,2.336,2.336,2.336,2.336,0.0
2020-04-22,2.356,2.364,2.356,2.364,8.0
2020-04-23,2.318,2.318,2.318,2.318,0.0
2020-04-24,2.316,2.316,2.316,2.316,0.0
2020-04-27,2.342,2.342,2.342,2.342,0.0
2020-04-28,2.334,2.334,2.334,2.334,0.0
2020-04-29,2.329,2.329,2.329,2.329,0.0
2020-04-30,2.304,2.304,2.304,2.304,0.0
2020-05-01,2.287,2.287,2.287,2.287,0.0
2020-05-04,2.289,2.289,2.289,2.289,0.0
2020-05-05,2.276,2.276,2.276,2.276,0.0
2020-05-06,2.307,2.307,2.307,2.307,0.0
2020-05-07,2.309,2.309,2.309,2.309,0.0
2020-05-08,2.313,2.313,2.313,2.313,0.0
2020-05-11,2.298,2.298,2.298,2.298,0.0
2020-05-12,2.312,2.312,2.312,2.312,0.0
2020-05-13,2.303,2.303,2.303,2.303,0.0
2020-05-14,2.296,2.296,2.296,2.296,0.0
2020-05-15,2.317,2.317,2.317,2.317,0.0
2020-05-18,2.36,2.36,2.335,2.335,2.0
2020-05-19,2.332,2.332,2.332,2.332,0.0
2020-05-20,2.304,2.304,2.304,2.304,0.0
2020-05-21,2.295,2.295,2.295,2.295,0.0
2020-05-22,2.325,2.325,2.325,2.325,0.0
2020-05-26,2.315,2.315,2.315,2.315,0.0
2020-05-27,2.343,2.343,2.343,2.343,0.0
2020-05-28,2.335,2.335,2.335,2.335,0.0
2020-05-29,2.329,2.329,2.329,2.329,0.0
2020-06-01,2.306,2.306,2.306,2.306,0.0
2020-06-02,2.311,2.311,2.311,2.311,0.0
2020-06-03,2.298,2.298,2.298,2.298,0.0
2020-06-04,2.307,2.307,2.307,2.307,0.0
2020-06-05,2.301,2.301,2.301,2.301,0.0
2020-06-08,2.315,2.315,2.315,2.315,0.0
2020-06-09,2.323,2.323,2.323,2.323,0.0
2020-06-10,2.309,2.309,2.309,2.309,0.0
2020-06-11,2.304,2.304,2.304,2.304,0.0
2020-06-12,2.293,2.293,2.293,2.293,0.0
2020-06-15,2.32,2.32,2.32,2.32,0.0
2020-06-16,2.312,2.312,2.312,2.312,0.0
2020-06-17,2.299,2.299,2.299,2.299,0.0
2020-06-18,2.31,2.31,2.31,2.31,0.0
2020-06-19,2.284,2.284,2.284,2.284,0.0
2020-06-22,2.272,2.272,2.272,2.272,0.0
2020-06-23,2.271,2.271,2.271,2.271,0.0
2020-06-24,2.264,2.264,2.264,2.264,0.0
2020-06-25,2.276,2.276,2.276,2.276,0.0
2020-06-26,2.296,2.296,2.296,2.296,0.0
2020-06-29,2.294,2.294,2.294,2.294,0.0
2020-06-30,2.294,2.294,2.294,2.294,0.0
2020-07-01,2.307,2.307,2.307,2.307,0.0
2020-07-02,2.334,2.334,2.334,2.334,0.0
2020-07-06,2.313,2.313,2.313,2.313,45.0
2020-07-07,2.311,2.311,2.311,2.311,0.0
2020-07-08,2.339,2.339,2.339,2.339,0.0
2020-07-09,2.339,2.339,2.339,2.339,0.0
2020-07-10,2.335,2.335,2.335,2.335,0.0
2020-07-13,2.331,2.331,2.331,2.331,0.0
2020-07-14,2.33,2.33,2.33,2.33,0.0
2020-07-15,2.34,2.34,2.34,2.34,0.0
2020-07-16,2.333,2.333,2.333,2.333,0.0
2020-07-17,2.33,2.33,2.33,2.33,0.0
2020-07-20,2.321,2.321,2.321,2.321,0.0
2020-07-21,2.333,2.333,2.333,2.333,0.0
2020-07-22,2.342,2.342,2.342,2.342,0.0
2020-07-23,2.394,2.394,2.394,2.394,0.0
2020-07-24,2.418,2.418,2.418,2.418,0.0
2020-07-27,2.43,2.43,2.43,2.43,0.0
2020-07-28,2.427,2.427,2.427,2.427,0.0
2020-07-29,2.432,2.432,2.432,2.432,0.0
2020-07-30,2.42,2.42,2.42,2.42,0.0
2020-07-31,2.427,2.427,2.427,2.427,0.0
2020-08-03,2.421,2.421,2.421,2.421,0.0
2020-08-04,2.415,2.415,2.415,2.415,0.0
2020-08-05,2.433,2.433,2.433,2.433,0.0
2020-08-06,2.443,2.443,2.443,2.443,0.0
2020-08-07,2.451,2.451,2.451,2.451,0.0
2020-08-10,2.449,2.449,2.449,2.449,0.0
2020-08-11,2.412,2.412,2.412,2.412,0.0
2020-08-12,2.379,2.379,2.379,2.379,0.0
2020-08-13,2.399,2.399,2.399,2.399,0.0
2020-08-14,2.401,2.401,2.401,2.401,0.0
2020-08-17,2.401,2.401,2.401,2.401,0.0
2020-08-18,2.396,2.396,2.396,2.396,0.0
2020-08-19,2.411,2.411,2.411,2.411,0.0
2020-08-20,2.409,2.409,2.409,2.409,0.0
2020-08-21,2.404,2.404,2.404,2.404,0.0
2020-08-24,2.399,2.399,2.399,2.399,0.0
2020-08-25,2.392,2.392,2.392,2.392,0.0
2020-08-26,2.42,2.42,2.42,2.42,0.0
2020-08-27,2.411,2.411,2.411,2.411,0.0
2020-08-28,2.405,2.405,2.405,2.405,0.0
2020-08-31,2.387,2.387,2.387,2.387,0.0
2020-09-01,2.384,2.384,2.384,2.384,0.0
2020-09-02,2.391,2.391,2.391,2.391,0.0
2020-09-03,2.394,2.394,2.394,2.394,0.0
2020-09-04,2.4,2.4,2.4,2.4,0.0
2020-09-08,2.401,2.401,2.401,2.401,0.0
2020-09-09,2.397,2.397,2.397,2.397,0.0
2020-09-10,2.379,2.379,2.379,2.379,0.0
2020-09-11,2.356,2.356,2.356,2.356,0.0
2020-09-14,2.355,2.355,2.355,2.355,0.0
2020-09-15,2.362,2.362,2.362,2.362,0.0
2020-09-16,2.36,2.36,2.36,2.36,0.0
2020-09-17,2.368,2.368,2.368,2.368,0.0
2020-09-18,2.364,2.364,2.364,2.364,0.0
2020-09-21,2.356,2.356,2.356,2.356,0.0
2020-09-22,2.366,2.366,2.366,2.366,0.0
2020-09-23,2.392,2.392,2.392,2.392,0.0
2020-09-24,2.396,2.396,2.396,2.396,0.0
2020-09-25,2.393,2.393,2.393,2.393,0.0
2020-09-28,2.401,2.401,2.401,2.401,0.0
2020-09-29,2.372,2.372,2.372,2.372,0.0
2020-09-30,2.36,2.36,2.36,2.36,0.0
2020-10-01,2.345,2.345,2.345,2.345,0.0
2020-10-02,2.346,2.346,2.346,2.346,0.0
2020-10-05,2.324,2.324,2.324,2.324,0.0
2020-10-06,2.321,2.321,2.321,2.321,0.0
2020-10-07,2.334,2.334,2.334,2.334,0.0
2020-10-08,2.309,2.309,2.309,2.309,0.0
2020-10-09,2.339,2.339,2.339,2.339,0.0
2020-10-12,2.36,2.36,2.325,2.325,15.0
2020-10-13,2.305,2.305,2.305,2.305,0.0
2020-10-14,2.332,2.332,2.332,2.332,0.0
2020-10-15,2.343,2.343,2.343,2.343,0.0
2020-10-16,2.346,2.346,2.346,2.346,0.0
2020-10-19,2.389,2.389,2.389,2.389,0.0
2020-10-20,2.33,2.33,2.33,2.33,0.0
2020-10-21,2.351,2.351,2.351,2.351,0.0
2020-10-22,2.376,2.376,2.376,2.376,0.0
2020-10-23,2.34,2.34,2.34,2.34,0.0
2020-10-26,2.32,2.32,2.32,2.32,0.0
2020-10-27,2.325,2.325,2.325,2.325,0.0
2020-10-28,2.347,2.347,2.347,2.347,0.0
2020-10-29,2.359,2.359,2.359,2.359,0.0
2020-10-30,2.376,2.376,2.376,2.376,0.0
2020-11-02,2.364,2.364,2.364,2.364,0.0
2020-11-03,2.379,2.379,2.379,2.379,0.0
2020-11-04,2.373,2.373,2.373,2.373,0.0
2020-11-05,2.382,2.382,2.382,2.382,0.0
2020-11-06,2.38,2.38,2.38,2.38,0.0
2020-11-09,2.39,2.39,2.369,2.369,1.0
2020-11-10,2.379,2.379,2.379,2.379,0.0
2020-11-11,2.394,2.394,2.394,2.394,0.0
2020-11-12,2.391,2.391,2.391,2.391,0.0
2020-11-13,2.39,2.39,2.371,2.371,31.0
2020-11-16,2.38,2.38,2.375,2.375,3.0
2020-11-17,2.392,2.392,2.392,2.392,0.0
2020-11-18,2.411,2.411,2.411,2.411,0.0
2020-11-19,2.402,2.402,2.402,2.402,0.0
2020-11-20,2.395,2.395,2.395,2.395,0.0
2020-11-23,2.389,2.389,2.389,2.389,0.0
2020-11-24,2.418,2.418,2.391,2.391,2.0
2020-11-25,2.374,2.374,2.374,2.374,0.0
2020-11-27,2.37,2.37,2.37,2.37,0.0
2020-11-30,2.356,2.356,2.356,2.356,0.0
2020-12-01,2.411,2.411,2.411,2.411,0.0
2020-12-02,2.436,2.436,2.436,2.436,0.0
2020-12-03,2.4,2.4,2.4,2.4,0.0
2020-12-04,2.423,2.423,2.423,2.423,0.0
2020-12-07,2.4,2.4,2.4,2.4,0.0
2020-12-08,2.388,2.388,2.388,2.388,0.0
2020-12-09,2.405,2.405,2.405,2.405,0.0
2020-12-10,2.41,2.41,2.41,2.41,0.0
2020-12-11,2.416,2.416,2.416,2.416,0.0
2020-12-14,2.421,2.421,2.421,2.421,0.0
2020-12-15,2.406,2.406,2.406,2.406,0.0
2020-12-16,2.418,2.418,2.418,2.418,0.0
2020-12-17,2.406,2.406,2.406,2.406,0.0
2020-12-18,2.42,2.42,2.42,2.42,0.0
2020-12-21,2.391,2.391,2.391,2.391,0.0
2020-12-22,2.39,2.39,2.39,2.39,0.0
2020-12-23,2.375,2.375,2.375,2.375,0.0
2020-12-24,2.375,2.375,2.375,2.375,0.0
2020-12-28,2.38,2.4,2.313,2.313,11.0
2020-12-29,2.367,2.367,2.367,2.367,0.0
2020-12-30,2.351,2.351,2.351,2.351,0.0
2020-12-31,2.37,2.37,2.37,2.37,0.0
2021-01-04,2.378,2.378,2.378,2.378,4.0
2021-01-05,2.396,2.396,2.396,2.396,0.0
2021-01-06,2.429,2.429,2.429,2.429,0.0
2021-01-07,2.413,2.413,2.413,2.413,0.0
2021-01-08,2.397,2.397,2.397,2.397,0.0
2021-01-11,2.392,2.392,2.392,2.392,0.0
2021-01-12,2.404,2.404,2.404,2.404,0.0
2021-01-13,2.425,2.425,2.425,2.425,0.0
2021-01-14,2.373,2.373,2.373,2.373,0.0
2021-01-15,2.404,2.404,2.404,2.404,0.0
2021-01-19,2.389,2.389,2.389,2.389,0.0
2021-01-20,2.403,2.403,2.403,2.403,0.0
2021-01-21,2.406,2.406,2.406,2.406,0.0
2021-01-22,2.421,2.421,2.421,2.421,0.0
2021-01-25,2.403,2.403,2.403,2.403,0.0
2021-01-26,2.432,2.432,2.432,2.432,0.0
2021-01-27,2.437,2.437,2.437,2.437,0.0
2021-01-28,2.436,2.436,2.436,2.436,0.0
2021-01-29,2.433,2.433,2.433,2.433,0.0
2021-02-01,2.437,2.437,2.437,2.437,0.0
2021-02-02,2.423,2.423,2.423,2.423,0.0
2021-02-03,2.437,2.437,2.409,2.409,1.0
2021-02-04,2.42,2.42,2.397,2.397,10.0
2021-02-05,2.42,2.42,2.403,2.403,21.0
2021-02-08,2.423,2.423,2.423,2.423,0.0
2021-02-09,2.43,2.43,2.43,2.43,0.0
2021-02-10,2.435,2.435,2.435,2.435,9.0
2021-02-11,2.422,2.422,2.422,2.422,0.0
2021-02-12,2.416,2.416,2.416,2.416,0.0
2021-02-16,2.433,2.433,2.433,2.433,0.0
2021-02-17,2.428,2.428,2.428,2.428,0.0
2021-02-18,2.426,2.426,2.426,2.426,0.0
2021-02-19,2.422,2.422,2.422,2.422,0.0
2021-02-22,2.424,2.424,2.424,2.424,0.0
2021-02-23,2.424,2.424,2.424,2.424,0.0
2021-02-24,2.418,2.418,2.418,2.418,0.0
2021-02-25,2.396,2.396,2.396,2.396,0.0
2021-02-26,2.407,2.407,2.407,2.407,0.0
2021-03-01,2.421,2.421,2.421,2.421,0.0
2021-03-02,2.445,2.445,2.43,2.43,2.0
2021-03-03,2.421,2.421,2.421,2.421,0.0
2021-03-04,2.402,2.402,2.402,2.402,0.0
2021-03-05,2.408,2.408,2.408,2.408,0.0
2021-03-08,2.431,2.431,2.431,2.431,0.0
2021-03-09,2.444,2.444,2.444,2.444,0.0
2021-03-10,2.456,2.456,2.456,2.456,0.0
2021-03-11,2.452,2.452,2.452,2.452,0.0
2021-03-12,2.458,2.458,2.458,2.458,0.0
2021-03-15,2.422,2.422,2.422,2.422,0.0
2021-03-16,2.444,2.444,2.444,2.444,0.0
2021-03-17,2.425,2.425,2.425,2.425,0.0
2021-03-18,2.424,2.424,2.424,2.424,0.0
2021-03-19,2.43,2.43,2.43,2.43,0.0
2021-03-22,2.426,2.426,2.426,2.426,0.0
2021-03-23,2.44,2.44,2.44,2.44,0.0
2021-03-24,2.443,2.443,2.443,2.443,0.0
2021-03-25,2.443,2.443,2.443,2.443,0.0
2021-03-26,2.439,2.439,2.439,2.439,0.0
2021-03-29,2.444,2.444,2.444,2.444,0.0
2021-03-30,2.446,2.446,2.446,2.446,0.0
2021-03-31,2.467,2.467,2.467,2.467,0.0
2021-04-01,2.482,2.482,2.482,2.482,0.0
2021-04-05,2.469,2.469,2.469,2.469,0.0
2021-04-06,2.441,2.441,2.441,2.441,0.0
2021-04-07,2.444,2.444,2.444,2.444,0.0
2021-04-08,2.464,2.464,2.449,2.449,5.0
2021-04-09,2.483,2.483,2.483,2.483,0.0
2021-04-12,2.492,2.492,2.492,2.492,0.0
2021-04-13,2.485,2.485,2.485,2.485,0.0
2021-04-14,2.505,2.505,2.505,2.505,0.0
2021-04-15,2.511,2.511,2.511,2.511,0.0
2021-04-16,2.524,2.524,2.524,2.524,0.0
2021-04-19,2.518,2.518,2.518,2.518,0.0
2021-04-20,2.493,2.493,2.493,2.493,0.0
2021-04-21,2.481,2.481,2.481,2.481,0.0
2021-04-22,2.462,2.462,2.462,2.462,0.0
2021-04-23,2.47,2.47,2.47,2.47,0.0
2021-04-26,2.456,2.456,2.456,2.456,0.0
2021-04-27,2.467,2.467,2.467,2.467,0.0
2021-04-28,2.469,2.469,2.469,2.469,0.0
2021-04-29,2.489,2.489,2.471,2.471,1.0
2021-04-30,2.481,2.481,2.481,2.481,0.0
2021-05-03,2.484,2.484,2.484,2.484,0.0
2021-05-04,2.493,2.493,2.493,2.493,0.0
2021-05-05,2.495,2.495,2.495,2.495,0.0
2021-05-06,2.485,2.485,2.485,2.485,0.0
2021-05-07,2.492,2.492,2.492,2.492,0.0
2021-05-10,2.495,2.495,2.495,2.495,0.0
2021-05-11,2.492,2.492,2.492,2.492,0.0
2021-05-12,2.491,2.491,2.491,2.491,0.0
2021-05-13,2.481,2.481,2.481,2.481,0.0
2021-05-14,2.487,2.487,2.487,2.487,0.0
2021-05-17,2.491,2.491,2.491,2.491,0.0
2021-05-18,2.475,2.475,2.475,2.475,0.0
2021-05-19,2.479,2.479,2.479,2.479,0.0
2021-05-20,2.482,2.482,2.482,2.482,0.0
2021-05-21,2.493,2.493,2.493,2.493,0.0
2021-05-24,2.487,2.487,2.487,2.487,0.0
2021-05-25,2.498,2.498,2.498,2.498,0.0
2021-05-26,2.497,2.497,2.497,2.497,0.0
2021-05-27,2.494,2.494,2.494,2.494,0.0
2021-05-28,2.504,2.504,2.504,2.504,0.0
2021-06-01,2.516,2.516,2.516,2.516,0.0
2021-06-02,2.522,2.522,2.522,2.522,10.0
2021-06-03,2.539,2.539,2.539,2.539,0.0
2021-06-04,2.59,2.59,2.59,2.59,0.0
2021-06-07,2.561,2.561,2.561,2.561,62.0
2021-06-08,2.542,2.542,2.542,2.542,0.0
2021-06-09,2.547,2.547,2.547,2.547,0.0
2021-06-10,2.536,2.536,2.536,2.536,0.0
2021-06-11,2.535,2.535,2.535,2.535,0.0
2021-06-14,2.544,2.544,2.544,2.544,0.0
2021-06-15,2.529,2.529,2.529,2.529,0.0
2021-06-16,2.557,2.557,2.557,2.557,0.0
2021-06-17,2.562,2.562,2.562,2.562,0.0
2021-06-18,2.556,2.556,2.556,2.556,0.0
2021-06-21,2.553,2.553,2.553,2.553,0.0
2021-06-22,2.553,2.553,2.553,2.553,0.0
2021-06-23,2.554,2.554,2.554,2.554,0.0
2021-06-24,2.542,2.542,2.542,2.542,0.0
2021-06-25,2.555,2.555,2.555,2.555,0.0
2021-06-28,2.565,2.565,2.565,2.565,0.0
2021-06-29,2.598,2.598,2.598,2.598,0.0
2021-06-30,2.6,2.6,2.6,2.6,0.0
2021-07-01,2.588,2.588,2.588,2.588,0.0
2021-07-02,2.58,2.58,2.58,2.58,0.0
2021-07-06,2.572,2.572,2.572,2.572,0.0
2021-07-07,2.584,2.584,2.584,2.584,0.0
2021-07-08,2.591,2.591,2.591,2.591,0.0
2021-07-09,2.61,2.61,2.61,2.61,0.0
2021-07-12,2.622,2.622,2.622,2.622,0.0
2021-07-13,2.621,2.621,2.621,2.621,0.0
2021-07-14,2.614,2.614,2.614,2.614,0.0
2021-07-15,2.609,2.609,2.609,2.609,0.0
2021-07-16,2.615,2.615,2.615,2.615,0.0
2021-07-19,2.625,2.625,2.625,2.625,0.0
2021-07-20,2.637,2.637,2.637,2.637,0.0
2021-07-21,2.637,2.637,2.637,2.637,0.0
2021-07-22,2.639,2.639,2.639,2.639,0.0
2021-07-23,2.645,2.645,2.645,2.645,0.0
2021-07-26,2.653,2.653,2.653,2.653,0.0
2021-07-27,2.63,2.63,2.63,2.63,0.0
2021-07-28,2.622,2.622,2.622,2.622,0.0
2021-07-29,2.627,2.627,2.627,2.627,0.0
2021-07-30,2.647,2.647,2.647,2.647,0.0
2021-08-02,2.676,2.676,2.676,2.676,0.0
2021-08-03,2.671,2.671,2.671,2.671,0.0
2021-08-04,2.682,2.682,2.682,2.682,54.0
2021-08-05,2.713,2.713,2.691,2.691,11.0
2021-08-06,2.7,2.7,2.7,2.7,0.0
2021-08-09,2.703,2.703,2.703,2.703,5.0
2021-08-10,2.7,2.7,2.7,2.7,0.0
2021-08-11,2.73,2.73,2.715,2.715,18.0
2021-08-12,2.763,2.763,2.763,2.763,0.0
2021-08-13,2.723,2.723,2.723,2.723,5.0
2021-08-16,2.726,2.726,2.726,2.726,0.0
2021-08-17,2.734,2.734,2.734,2.734,0.0
2021-08-18,2.732,2.732,2.732,2.732,0.0
2021-08-19,2.725,2.725,2.725,2.725,11.0
2021-08-20,2.71,2.71,2.71,2.71,11.0
2021-08-23,2.712,2.712,2.712,2.712,0.0
2021-08-24,2.717,2.717,2.717,2.717,0.0
2021-08-25,2.717,2.717,2.717,2.717,7.0
2021-08-26,2.732,2.732,2.732,2.732,0.0
2021-08-27,2.729,2.729,2.729,2.729,0.0
2021-08-30,2.72,2.72,2.72,2.72,0.0
2021-08-31,2.716,2.716,2.716,2.716,0.0
2021-09-01,2.711,2.711,2.711,2.711,0.0
2021-09-02,2.716,2.716,2.716,2.716,0.0
2021-09-03,2.72,2.72,2.72,2.72,72.0
2021-09-07,2.731,2.731,2.731,2.731,5.0
2021-09-08,2.759,2.759,2.759,2.759,0.0
2021-09-09,2.8,2.8,2.8,2.8,0.0
2021-09-10,2.802,2.802,2.802,2.802,0.0
2021-09-13,2.827,2.827,2.827,2.827,0.0
2021-09-14,2.835,2.835,2.835,2.835,135.0
2021-09-15,2.803,2.803,2.803,2.803,135.0
2021-09-16,2.8,2.821,2.791,2.791,3.0
2021-09-17,2.79,2.79,2.79,2.79,3.0
2021-09-20,2.814,2.814,2.814,2.814,0.0
2021-09-21,2.839,2.839,2.839,2.839,0.0
2021-09-22,2.856,2.856,2.856,2.856,0.0
2021-09-23,2.898,2.898,2.898,2.898,0.0
2021-09-24,2.91,2.91,2.91,2.91,0.0
2021-09-27,2.948,2.948,2.948,2.948,0.0
2021-09-28,2.895,2.895,2.895,2.895,0.0
2021-09-29,2.937,2.937,2.937,2.937,0.0
2021-09-30,3.012,3.012,3.001,3.001,6.0
2021-10-01,3.006,3.006,3.006,3.006,6.0
2021-10-04,3.027,3.027,3.027,3.027,0.0
2021-10-05,3.067,3.067,3.067,3.067,0.0
2021-10-06,3.089,3.089,3.089,3.089,0.0
2021-10-07,3.098,3.098,3.098,3.098,0.0
2021-10-08,3.134,3.134,3.134,3.134,0.0
2021-10-11,3.134,3.134,3.134,3.134,0.0
2021-10-12,3.139,3.139,3.139,3.139,0.0
2021-10-13,3.132,3.132,3.132,3.132,0.0
2021-10-14,3.165,3.165,3.155,3.155,1.0
2021-10-15,3.157,3.157,3.157,3.157,0.0
2021-10-18,3.163,3.163,3.163,3.163,5.0
2021-10-19,3.178,3.178,3.147,3.147,1.0
2021-10-20,3.144,3.144,3.144,3.144,0.0
2021-10-21,3.153,3.153,3.153,3.153,0.0
2021-10-22,3.145,3.145,3.145,3.145,0.0
2021-10-25,3.207,3.207,3.207,3.207,0.0
2021-10-26,3.185,3.185,3.185,3.185,0.0
2021-10-27,3.161,3.161,3.161,3.161,0.0
2021-10-28,3.148,3.148,3.148,3.148,0.0
2021-10-29,3.099,3.099,3.099,3.099,0.0
2021-11-01,3.011,3.011,3.011,3.011,0.0
2021-11-02,3.042,3.042,3.042,3.042,0.0
2021-11-03,3.007,3.007,2.991,2.991,1.0
2021-11-04,3.015,3.015,3.015,3.015,0.0
2021-11-05,3.0,3.0,2.984,2.984,20.0
2021-11-08,2.958,2.958,2.958,2.958,0.0
2021-11-09,2.971,2.971,2.971,2.971,0.0
2021-11-10,3.017,3.017,3.017,3.017,0.0
2021-11-11,3.043,3.043,3.043,3.043,0.0
2021-11-12,3.022,3.022,3.022,3.022,0.0
2021-11-15,3.035,3.035,3.035,3.035,0.0
2021-11-16,3.1,3.1,3.085,3.085,1.0
2021-11-17,3.07,3.07,3.07,3.07,0.0
2021-11-18,3.046,3.046,3.046,3.046,0.0
2021-11-19,3.036,3.036,3.036,3.036,0.0
2021-11-22,3.04,3.04,2.998,2.998,1.0
2021-11-23,3.045,3.045,3.045,3.045,5.0
2021-11-24,3.068,3.068,3.068,3.068,0.0
2021-11-26,3.107,3.107,3.107,3.107,0.0
2021-11-29,3.078,3.078,3.078,3.078,0.0
2021-11-30,3.051,3.051,3.051,3.051,0.0
2021-12-01,3.059,3.071,3.038,3.038,12.0
2021-12-02,3.06,3.06,3.034,3.034,2.0
2021-12-03,3.07,3.07,3.044,3.044,4.0
2021-12-06,3.06,3.06,3.026,3.026,3.0
2021-12-07,3.056,3.056,3.042,3.042,2.0
2021-12-08,3.056,3.066,3.011,3.011,4.0
2021-12-09,3.055,3.055,3.035,3.035,10.0
2021-12-10,3.051,3.051,3.051,3.051,5.0
2021-12-13,3.072,3.072,3.015,3.015,8.0
2021-12-14,3.021,3.021,3.021,3.021,0.0
2021-12-15,3.056,3.056,3.024,3.024,16.0
2021-12-16,3.023,3.023,3.023,3.023,0.0
2021-12-17,3.013,3.013,3.013,3.013,0.0
2021-12-20,3.043,3.061,3.043,3.061,4.0
2021-12-21,3.045,3.045,3.045,3.045,0.0
2021-12-22,3.056,3.056,3.047,3.047,28.0
2021-12-23,3.017,3.017,3.0,3.0,1.0
2021-12-27,2.989,2.989,2.989,2.989,0.0
2021-12-28,2.97,3.01,2.97,2.972,1.0
2021-12-29,3.02,3.02,2.977,2.977,1.0
2021-12-30,3.0,3.0,2.953,2.953,27.0
2021-12-31,2.94,2.992,2.94,2.992,15.0
2022-01-03,3.004,3.004,3.004,3.004,0.0
2022-01-04,3.001,3.001,3.001,3.001,0.0
2022-01-05,3.017,3.017,3.017,3.017,0.0
2022-01-06,3.019,3.019,3.019,3.019,0.0
2022-01-07,3.052,3.052,3.052,3.052,0.0
2022-01-10,3.057,3.057,3.057,3.057,0.0
2022-01-11,3.053,3.053,3.053,3.053,0.0
2022-01-12,3.027,3.027,3.027,3.027,0.0
2022-01-13,3.03,3.03,3.03,3.03,0.0
2022-01-14,3.006,3.006,3.006,3.006,0.0
2022-01-18,3.027,3.027,3.027,3.027,0.0
2022-01-19,3.044,3.044,3.044,3.044,0.0
2022-01-20,3.016,3.016,3.016,3.016,1.0
2022-01-21,3.039,3.039,3.039,3.039,0.0
2022-01-24,3.064,3.064,3.049,3.049,2.0
2022-01-25,3.075,3.087,3.073,3.087,4.0
2022-01-26,3.098,3.098,3.098,3.098,50.0
2022-01-27,3.098,3.098,3.083,3.083,16.0
2022-01-28,3.095,3.118,3.093,3.118,17.0
2022-01-31,3.126,3.126,3.126,3.126,0.0
2022-02-01,3.117,3.117,3.112,3.112,1.0
2022-02-02,3.146,3.146,3.13,3.13,22.0
2022-02-03,3.094,3.094,3.094,3.094,0.0
2022-02-04,3.174,3.174,3.174,3.174,13.0
2022-02-07,3.183,3.183,3.183,3.183,0.0
2022-02-08,3.2,3.2,3.2,3.2,49.0
2022-02-09,3.188,3.188,3.171,3.171,6.0
2022-02-10,3.176,3.176,3.176,3.176,0.0
2022-02-11,3.181,3.195,3.181,3.195,8.0
2022-02-14,3.224,3.224,3.224,3.224,10.0
2022-02-15,3.228,3.228,3.215,3.215,1.0
2022-02-16,3.234,3.234,3.234,3.234,30.0
2022-02-17,3.232,3.232,3.219,3.219,204.0
2022-02-18,3.219,3.219,3.219,3.219,10.0
2022-02-22,3.262,3.283,3.229,3.229,31.0
2022-02-23,3.285,3.285,3.258,3.28,25.0
2022-02-24,3.336,3.336,3.285,3.285,5.0
2022-02-25,3.184,3.184,3.184,3.184,35.0
2022-02-28,3.146,3.146,3.146,3.146,0.0
2022-03-01,3.181,3.181,3.181,3.181,0.0
2022-03-02,3.27,3.27,3.235,3.235,1.0
2022-03-03,3.265,3.265,3.238,3.238,2.0
2022-03-04,3.29,3.29,3.29,3.29,1.0
2022-03-07,3.342,3.342,3.286,3.286,65.0
2022-03-08,3.311,3.311,3.277,3.277,2.0
2022-03-09,3.243,3.243,3.243,3.243,12.0
2022-03-10,3.277,3.277,3.277,3.277,8.0
2022-03-11,3.286,3.286,3.286,3.286,0.0
2022-03-14,3.3,3.3,3.287,3.287,4.0
2022-03-15,3.264,3.264,3.264,3.264,5.0
2022-03-16,3.275,3.275,3.275,3.275,1.0
2022-03-17,3.31,3.31,3.296,3.296,13.0
2022-03-18,3.3,3.3,3.292,3.292,3.0
2022-03-21,3.302,3.302,3.302,3.302,0.0
2022-03-22,3.31,3.336,3.31,3.336,63.0
2022-03-23,3.347,3.347,3.347,3.347,506.0
2022-03-24,3.36,3.4,3.36,3.388,25.0
2022-03-25,3.481,3.481,3.481,3.481,0.0
2022-03-28,3.469,3.469,3.469,3.469,3.0
2022-03-29,3.46,3.46,3.46,3.46,17.0
2022-03-30,3.517,3.517,3.517,3.517,1321.0
2022-03-31,3.58,3.585,3.552,3.552,136.0
2022-04-01,3.602,3.602,3.602,3.602,1.0
2022-04-04,3.657,3.672,3.657,3.672,4.0
2022-04-05,3.762,3.762,3.762,3.762,10.0
2022-04-06,3.79,3.819,3.79,3.819,18.0
2022-04-07,3.803,3.803,3.803,3.803,66.0
2022-04-08,3.84,3.84,3.827,3.827,44.0
2022-04-11,3.894,3.894,3.894,3.894,0.0
2022-04-12,3.95,3.95,3.95,3.95,24.0
2022-04-13,4.002,4.002,4.002,4.002,11.0
2022-04-14,4.047,4.047,4.013,4.013,10.0
2022-04-18,4.095,4.095,4.095,4.095,10.0
2022-04-19,4.042,4.042,4.042,4.042,3.0
2022-04-20,3.95,3.95,3.95,3.95,6.0
2022-04-21,3.934,3.934,3.831,3.831,42.0
2022-04-22,3.63,3.63,3.63,3.63,34.0
2022-04-25,3.665,3.665,3.665,3.665,15.0
2022-04-26,3.78,3.78,3.764,3.764,28.0
2022-04-27,3.789,3.789,3.789,3.789,33.0
2022-04-28,3.764,3.764,3.764,3.764,14.0
2022-04-29,3.842,3.842,3.842,3.842,10.0
2022-05-02,4.006,4.006,4.006,4.006,2.0
2022-05-03,4.027,4.027,4.027,4.027,25.0
2022-05-04,4.1,4.1,4.1,4.1,1.0
2022-05-05,4.12,4.142,4.12,4.142,29.0
2022-05-06,4.067,4.067,4.067,4.067,7.0
2022-05-09,3.97,3.97,3.933,3.933,65.0
2022-05-10,3.922,3.922,3.922,3.922,450.0
2022-05-11,3.941,3.941,3.941,3.941,12.0
2022-05-12,3.929,3.929,3.929,3.929,0.0
2022-05-13,3.954,3.954,3.954,3.954,3.0
2022-05-16,4.004,4.004,4.004,4.004,12.0
2022-05-17,4.101,4.101,4.063,4.063,8.0
2022-05-18,4.127,4.127,4.127,4.127,0.0
2022-05-19,4.1,4.1,4.074,4.074,1.0
2022-05-20,4.114,4.114,4.114,4.114,35.0
2022-05-23,4.09,4.174,4.09,4.174,15.0
2022-05-24,4.15,4.184,4.15,4.177,5.0
2022-05-25,4.215,4.215,4.215,4.215,14.0
2022-05-26,4.24,4.24,4.24,4.24,59.0
2022-05-27,4.273,4.273,4.273,4.273,0.0
2022-05-31,4.247,4.247,4.247,4.247,56.0
2022-06-01,4.44,4.44,4.44,4.44,21.0
2022-06-02,4.508,4.508,4.508,4.508,6.0
2022-06-03,4.583,4.583,4.583,4.583,6.0
2022-06-06,4.74,4.74,4.74,4.74,28.0
2022-06-07,4.786,4.786,4.786,4.786,19.0
2022-06-08,4.906,4.906,4.826,4.826,26.0
2022-06-09,4.993,4.993,4.993,4.993,14.0
2022-06-10,5.033,5.033,5.016,5.016,37.0
2022-06-13,4.965,4.965,4.965,4.965,11.0
2022-06-14,4.815,4.815,4.815,4.815,25.0
2022-06-15,4.87,4.87,4.87,4.87,30.0
2022-06-16,4.792,4.792,4.792,4.792,44.0
2022-06-17,4.545,4.545,4.545,4.545,15.0
2022-06-21,4.568,4.568,4.527,4.527,13.0
2022-06-22,4.555,4.555,4.555,4.555,29.0
2022-06-23,4.52,4.52,4.52,4.52,41.0
2022-06-24,4.392,4.392,4.392,4.392,53.0
2022-06-27,4.375,4.431,4.375,4.431,103.0
2022-06-28,4.465,4.465,4.41,4.41,159.0
2022-06-29,4.435,4.435,4.435,4.435,1.0
2022-06-30,4.25,4.25,4.206,4.206,85.0
2022-07-01,4.184,4.184,4.184,4.184,87.0
2022-07-05,4.094,4.094,4.094,4.094,43.0
2022-07-06,4.074,4.145,4.074,4.145,78.0
2022-07-07,4.333,4.333,4.333,4.333,19.0
2022-07-08,4.312,4.312,4.312,4.312,0.0
2022-07-11,4.35,4.35,4.344,4.344,80.0
2022-07-12,4.33,4.33,4.317,4.317,8.0
2022-07-13,4.405,4.405,4.405,4.405,18.0
2022-07-14,4.362,4.362,4.362,4.362,54.0
2022-07-15,4.43,4.436,4.43,4.436,1.0
2022-07-18,4.451,4.451,4.451,4.451,36.0
2022-07-19,4.43,4.43,4.397,4.397,1.0
2022-07-20,4.52,4.52,4.52,4.52,6.0
2022-07-21,4.454,4.454,4.454,4.454,11.0
2022-07-22,4.484,4.484,4.484,4.484,1.0
2022-07-25,4.539,4.539,4.539,4.539,4.0
2022-07-26,4.532,4.532,4.531,4.531,100.0
2022-07-27,4.476,4.476,4.476,4.476,14.0
2022-07-28,4.437,4.437,4.437,4.437,1.0
2022-07-29,4.421,4.421,4.421,4.421,20.0
2022-08-01,4.47,4.47,4.455,4.455,2.0
2022-08-02,4.4,4.4,4.384,4.384,27.0
2022-08-03,4.375,4.459,4.375,4.459,61.0
2022-08-04,4.439,4.439,4.439,4.439,20.0
2022-08-05,4.455,4.455,4.455,4.455,51.0
2022-08-08,4.419,4.419,4.419,4.419,63.0
2022-08-09,4.444,4.458,4.444,4.458,17.0
2022-08-10,4.435,4.495,4.435,4.495,49.0
2022-08-11,4.608,4.608,4.603,4.603,184.0
2022-08-12,4.585,4.585,4.585,4.585,0.0
2022-08-15,4.715,4.715,4.715,4.715,0.0
2022-08-16,4.85,4.85,4.812,4.812,225.0
2022-08-17,4.815,4.815,4.79,4.794,39.0
2022-08-18,4.78,4.795,4.775,4.789,18.0
2022-08-19,4.785,4.805,4.785,4.785,14.0
2022-08-22,4.843,4.847,4.831,4.847,19.0
2022-08-23,4.87,4.873,4.839,4.839,31.0
2022-08-24,4.8,4.84,4.8,4.84,66.0
2022-08-25,4.873,4.921,4.873,4.921,29.0
2022-08-26,4.937,4.937,4.937,4.937,34.0
2022-08-29,4.935,4.994,4.927,4.994,14.0
2022-08-30,5.0,5.0,4.98,4.98,135.0
2022-08-31,4.974,4.974,4.974,4.974,29.0
2022-09-01,5.023,5.038,5.023,5.038,77.0
2022-09-02,5.025,5.025,5.0,5.0,65.0
2022-09-06,4.89,4.987,4.89,4.896,59.0
2022-09-07,4.73,4.736,4.73,4.736,51.0
2022-09-08,4.736,4.736,4.689,4.689,25.0
2022-09-09,4.755,4.775,4.715,4.761,22.0
2022-09-12,4.781,4.781,4.781,4.781,10.0
2022-09-13,4.823,4.823,4.8,4.817,24.0
2022-09-14,4.945,4.965,4.945,4.946,98.0
2022-09-15,4.903,4.903,4.903,4.903,35.0
2022-09-16,4.88,4.88,4.841,4.861,22.0
2022-09-19,4.83,4.83,4.808,4.808,42.0
2022-09-20,4.76,4.76,4.713,4.713,74.0
2022-09-21,4.6,4.65,4.6,4.61,51.0
2022-09-22,4.577,4.577,4.507,4.507,237.0
2022-09-23,4.48,4.553,4.471,4.471,178.0
2022-09-26,4.498,4.531,4.438,4.438,35.0
2022-09-27,4.439,4.44,4.439,4.44,162.0
2022-09-28,4.39,4.432,4.38,4.419,86.0
2022-09-29,4.41,4.458,4.398,4.448,39.0
2022-09-30,4.49,4.49,4.46,4.46,3.0
2022-10-03,4.43,4.448,4.428,4.448,54.0
2022-10-04,4.451,4.466,4.44,4.443,63.0
2022-10-05,4.388,4.405,4.373,4.405,176.0
2022-10-06,4.347,4.388,4.347,4.38,275.0
2022-10-07,4.36,4.381,4.352,4.376,61.0
2022-10-10,4.398,4.398,4.398,4.398,65.0
2022-10-11,4.378,4.422,4.375,4.422,84.0
2022-10-12,4.424,4.425,4.413,4.425,76.0
2022-10-13,4.398,4.417,4.398,4.417,47.0
2022-10-14,4.386,4.4,4.386,4.4,95.0
2022-10-17,4.319,4.402,4.319,4.402,30.0
2022-10-18,4.424,4.424,4.34,4.342,84.0
2022-10-19,4.304,4.304,4.27,4.294,243.0
2022-10-20,4.243,4.295,4.243,4.293,47.0
2022-10-21,4.201,4.228,4.201,4.209,70.0
2022-10-24,4.224,4.249,4.21,4.24,26.0
2022-10-25,4.269,4.328,4.269,4.292,195.0
2022-10-26,4.29,4.32,4.29,4.32,42.0
2022-10-27,4.32,4.32,4.264,4.292,108.0
2022-10-28,4.273,4.28,4.27,4.271,27.0
2022-10-31,4.299,4.314,4.289,4.314,42.0
2022-11-01,4.284,4.305,4.274,4.276,16.0
2022-11-02,4.35,4.35,4.274,4.289,43.0
2022-11-03,4.255,4.291,4.249,4.291,392.0
2022-11-04,4.324,4.363,4.324,4.335,644.0
2022-11-07,4.45,4.45,4.38,4.403,1114.0
2022-11-08,4.389,4.396,4.318,4.324,117.0
2022-11-09,4.292,4.306,4.277,4.284,99.0
2022-11-10,4.336,4.336,4.336,4.336,67.0
2022-11-11,4.298,4.342,4.298,4.326,126.0
2022-11-14,4.294,4.294,4.294,4.294,50.0
2022-11-15,4.325,4.352,4.308,4.323,140.0
2022-11-16,4.363,4.364,4.332,4.351,144.0
2022-11-17,4.351,4.374,4.351,4.357,54.0
2022-11-18,4.343,4.375,4.343,4.375,141.0
2022-11-21,4.384,4.384,4.339,4.357,168.0
2022-11-22,4.28,4.358,4.28,4.349,493.0
2022-11-23,4.354,4.398,4.318,4.346,118.0
2022-11-25,4.35,4.353,4.325,4.353,462.0
2022-11-28,4.305,4.319,4.289,4.319,96.0
2022-11-29,4.342,4.353,4.326,4.339,485.0
2022-11-30,4.35,4.368,4.35,4.368,102.0
2022-12-01,4.374,4.374,4.337,4.366,99.0
2022-12-02,4.331,4.351,4.33,4.349,179.0
2022-12-05,4.297,4.318,4.296,4.301,94.0
2022-12-06,4.285,4.285,4.209,4.212,441.0
2022-12-07,4.227,4.229,4.193,4.213,358.0
2022-12-08,4.345,4.345,4.214,4.231,902.0
2022-12-09,4.201,4.236,4.2,4.219,92.0
2022-12-12,4.263,4.263,4.263,4.263,226.0
2022-12-13,4.305,4.315,4.287,4.314,477.0
2022-12-14,4.303,4.305,4.286,4.29,1115.0
2022-12-15,4.315,4.33,4.305,4.323,181.0
2022-12-16,4.306,4.374,4.302,4.368,903.0
2022-12-19,4.294,4.368,4.292,4.366,178.0
2022-12-20,4.253,4.254,4.23,4.245,417.0
2022-12-21,4.222,4.222,4.194,4.22,205.0
2022-12-22,4.143,4.207,4.099,4.099,885.0
2022-12-23,4.062,4.09,4.02,4.02,985.0
2022-12-27,4.018,4.05,4.0,4.046,66.0
2022-12-28,4.019,4.024,3.962,4.012,209.0
2022-12-29,3.96,3.994,3.959,3.994,200.0
2022-12-30,3.951,4.03,3.947,4.01,99.0
2023-01-03,3.948,3.98,3.88,3.88,446.0
2023-01-04,3.916,3.934,3.892,3.906,144.0
2023-01-05,3.895,3.895,3.708,3.708,763.0
2023-01-06,3.675,3.728,3.664,3.701,230.0
2023-01-09,3.762,3.834,3.758,3.831,920.0
2023-01-10,3.772,3.805,3.74,3.757,480.0
2023-01-11,3.814,3.814,3.68,3.782,402.0
2023-01-12,3.848,3.861,3.834,3.836,330.0
2023-01-13,3.802,3.82,3.793,3.797,188.0
2023-01-17,3.835,3.844,3.813,3.825,459.0
2023-01-18,3.776,3.788,3.746,3.773,294.0
2023-01-19,3.786,3.821,3.786,3.821,302.0
2023-01-20,3.837,3.839,3.79,3.798,502.0
2023-01-23,3.82,3.82,3.745,3.814,388.0
2023-01-24,3.819,3.819,3.73,3.736,237.0
2023-01-25,3.726,3.726,3.695,3.711,226.0
2023-01-26,3.664,3.677,3.647,3.672,1056.0
2023-01-27,3.657,3.69,3.652,3.661,262.0
2023-01-30,3.6,3.634,3.591,3.631,262.0
2023-01-31,3.632,3.663,3.611,3.642,374.0
2023-02-01,3.652,3.652,3.511,3.523,448.0
2023-02-02,3.53,3.53,3.449,3.464,310.0
2023-02-03,3.405,3.444,3.387,3.443,450.0
2023-02-06,3.495,3.495,3.393,3.406,461.0
2023-02-07,3.454,3.55,3.422,3.55,1402.0
2023-02-08,3.582,3.582,3.422,3.446,932.0
2023-02-09,3.423,3.437,3.418,3.421,703.0
2023-02-10,3.448,3.448,3.413,3.439,803.0
2023-02-13,3.458,3.458,3.416,3.451,325.0
2023-02-14,3.461,3.475,3.447,3.469,299.0
2023-02-15,3.441,3.474,3.437,3.459,313.0
2023-02-16,3.481,3.49,3.406,3.455,1067.0
2023-02-17,3.425,3.425,3.383,3.389,433.0
2023-02-21,3.356,3.357,3.272,3.286,771.0
2023-02-22,3.298,3.335,3.284,3.324,555.0
2023-02-23,3.339,3.39,3.339,3.364,883.0
2023-02-24,3.41,3.457,3.393,3.449,620.0
2023-02-27,3.475,3.495,3.469,3.484,151.0
2023-02-28,3.469,3.53,3.455,3.527,443.0
2023-03-01,3.543,3.649,3.52,3.627,1733.0
2023-03-02,3.629,3.671,3.625,3.671,808.0
2023-03-03,3.689,3.795,3.671,3.784,689.0
2023-03-06,3.618,3.723,3.586,3.694,1288.0
2023-03-07,3.719,3.804,3.71,3.799,597.0
2023-03-08,3.78,3.78,3.702,3.753,1833.0
2023-03-09,3.746,3.75,3.642,3.68,633.0
2023-03-10,3.662,3.676,3.6,3.618,764.0
2023-03-13,3.6,3.672,3.569,3.672,1201.0
2023-03-14,3.647,3.675,3.644,3.655,583.0
2023-03-15,3.624,3.624,3.539,3.539,668.0
2023-03-16,3.54,3.614,3.523,3.608,1484.0
2023-03-17,3.567,3.567,3.52,3.52,1152.0
2023-03-20,3.507,3.516,3.456,3.464,312.0
2023-03-21,3.47,3.618,3.44,3.615,633.0
2023-03-22,3.558,3.595,3.539,3.547,521.0
2023-03-23,3.57,3.597,3.552,3.585,525.0
2023-03-24,3.575,3.607,3.57,3.605,413.0
2023-03-27,3.566,3.577,3.526,3.556,609.0
2023-03-28,3.523,3.541,3.505,3.51,615.0
2023-03-29,3.508,3.547,3.455,3.534,745.0
2023-03-30,3.48,3.51,3.438,3.472,398.0
2023-03-31,3.428,3.554,3.428,3.55,664.0
2023-04-03,3.464,3.484,3.44,3.469,1069.0
2023-04-04,3.45,3.503,3.45,3.501,964.0
2023-04-05,3.456,3.511,3.424,3.462,1376.0
2023-04-06,3.431,3.441,3.359,3.385,436.0
2023-04-10,3.384,3.458,3.384,3.445,711.0
2023-04-11,3.47,3.482,3.403,3.434,1312.0
2023-04-12,3.384,3.396,3.363,3.383,487.0
2023-04-13,3.35,3.37,3.313,3.326,795.0
2023-04-14,3.3,3.395,3.286,3.366,1369.0
2023-04-17,3.417,3.456,3.4,3.456,961.0
2023-04-18,3.466,3.494,3.408,3.485,751.0
2023-04-19,3.5,3.5,3.393,3.437,1161.0
2023-04-20,3.43,3.479,3.397,3.479,587.0
2023-04-21,3.462,3.502,3.427,3.483,529.0
2023-04-24,3.472,3.55,3.46,3.55,547.0
2023-04-25,3.525,3.54,3.491,3.54,837.0
2023-04-26,3.492,3.512,3.451,3.479,1842.0
2023-04-27,3.485,3.504,3.463,3.499,683.0
2023-04-28,3.495,3.57,3.476,3.519,615.0
2023-05-01,3.49,3.526,3.463,3.472,254.0
2023-05-02,3.494,3.495,3.417,3.434,702.0
2023-05-03,3.448,3.448,3.375,3.409,996.0
2023-05-04,3.409,3.409,3.359,3.381,543.0
2023-05-05,3.362,3.408,3.358,3.385,359.0
2023-05-08,3.407,3.425,3.382,3.398,731.0
2023-05-09,3.402,3.42,3.359,3.385,913.0
2023-05-10,3.354,3.354,3.3,3.329,894.0
2023-05-11,3.301,3.336,3.289,3.314,728.0
2023-05-12,3.282,3.367,3.282,3.344,3148.0
2023-05-15,3.375,3.423,3.365,3.419,1742.0
2023-05-16,3.434,3.487,3.413,3.424,1062.0
2023-05-17,3.43,3.452,3.392,3.408,1127.0
2023-05-18,3.428,3.518,3.399,3.5,2442.0
2023-05-19,3.501,3.523,3.452,3.468,1362.0
2023-05-22,3.459,3.459,3.349,3.401,1047.0
2023-05-23,3.397,3.397,3.353,3.366,784.0
2023-05-24,3.374,3.429,3.373,3.424,713.0
2023-05-25,3.416,3.422,3.373,3.398,929.0
2023-05-26,3.395,3.42,3.353,3.409,691.0
2023-05-30,3.383,3.407,3.346,3.373,3610.0
2023-05-31,3.339,3.374,3.275,3.293,1886.0
2023-06-01,3.28,3.28,3.215,3.266,1400.0
2023-06-02,3.263,3.33,3.259,3.301,1276.0
2023-06-05,3.328,3.349,3.303,3.331,1229.0
2023-06-06,3.318,3.328,3.278,3.323,933.0
2023-06-07,3.305,3.35,3.305,3.346,1377.0
2023-06-08,3.335,3.362,3.291,3.333,1254.0
2023-06-09,3.307,3.307,3.274,3.296,534.0
2023-06-12,3.288,3.296,3.265,3.288,560.0
2023-06-13,3.313,3.333,3.294,3.308,1168.0
2023-06-14,3.323,3.345,3.3,3.332,677.0
2023-06-15,3.286,3.384,3.286,3.382,2122.0
2023-06-16,3.382,3.41,3.337,3.389,1425.0
2023-06-20,3.383,3.393,3.343,3.344,972.0
2023-06-21,3.345,3.395,3.342,3.394,1158.0
2023-06-22,3.376,3.414,3.353,3.407,612.0
2023-06-23,3.399,3.46,3.367,3.441,478.0
2023-06-26,3.447,3.456,3.411,3.43,771.0
2023-06-27,3.415,3.442,3.366,3.382,1734.0
2023-06-28,3.403,3.415,3.354,3.358,1034.0
2023-06-29,3.342,3.384,3.335,3.355,809.0
2023-06-30,3.354,3.418,3.327,3.404,1249.0
2023-07-03,3.395,3.404,3.365,3.402,1932.0
2023-07-05,3.433,3.44,3.37,3.376,973.0
2023-07-06,3.388,3.423,3.361,3.393,2094.0
2023-07-07,3.404,3.43,3.349,3.383,1030.0
2023-07-10,3.413,3.417,3.382,3.393,1902.0
2023-07-11,3.397,3.43,3.384,3.418,1063.0
2023-07-12,3.421,3.421,3.36,3.375,2573.0
2023-07-13,3.362,3.4,3.346,3.365,2480.0
2023-07-14,3.365,3.393,3.353,3.378,3132.0
2023-07-17,3.387,3.402,3.348,3.348,2180.0
2023-07-18,3.361,3.393,3.358,3.372,1186.0
2023-07-19,3.364,3.403,3.309,3.319,2685.0
2023-07-20,3.328,3.369,3.318,3.355,1888.0
2023-07-21,3.373,3.391,3.362,3.376,1618.0
2023-07-24,3.396,3.407,3.357,3.401,1033.0
2023-07-25,3.42,3.436,3.399,3.427,2055.0
2023-07-26,3.434,3.448,3.401,3.405,1174.0
2023-07-27,3.419,3.421,3.344,3.365,1835.0
2023-07-28,3.372,3.406,3.347,3.383,1458.0
2023-07-31,3.365,3.392,3.345,3.379,1637.0
2023-08-01,3.388,3.392,3.306,3.338,1429.0
2023-08-02,3.32,3.32,3.285,3.31,3107.0
2023-08-03,3.3,3.32,3.283,3.315,1912.0
2023-08-04,3.295,3.322,3.289,3.321,902.0
2023-08-07,3.321,3.378,3.314,3.376,1964.0
2023-08-08,3.37,3.405,3.352,3.401,1720.0
2023-08-09,3.403,3.48,3.393,3.455,7298.0
2023-08-10,3.429,3.458,3.413,3.428,2614.0
2023-08-11,3.458,3.48,3.41,3.455,1893.0
2023-08-14,3.475,3.478,3.453,3.455,1564.0
2023-08-15,3.465,3.473,3.397,3.459,2938.0
2023-08-16,3.45,3.456,3.412,3.415,1631.0
2023-08-17,3.41,3.442,3.41,3.428,779.0
2023-08-18,3.413,3.43,3.375,3.401,1604.0
2023-08-21,3.411,3.432,3.392,3.423,919.0
2023-08-22,3.397,3.409,3.371,3.38,986.0
2023-08-23,3.371,3.392,3.349,3.353,1034.0
2023-08-24,3.344,3.378,3.321,3.359,1269.0
2023-08-25,3.339,3.396,3.331,3.383,1542.0
2023-08-28,3.407,3.435,3.35,3.362,1219.0
2023-08-29,3.35,3.35,3.303,3.339,2419.0
2023-08-30,3.318,3.389,3.304,3.372,1740.0
2023-08-31,3.371,3.409,3.334,3.367,2538.0
2023-09-01,3.367,3.408,3.343,3.362,1022.0
2023-09-05,3.317,3.331,3.285,3.32,1700.0
2023-09-06,3.307,3.32,3.273,3.298,1596.0
2023-09-07,3.307,3.338,3.283,3.299,1521.0
2023-09-08,3.295,3.322,3.282,3.306,1181.0
2023-09-11,3.287,3.315,3.275,3.294,1061.0
2023-09-12,3.313,3.349,3.303,3.329,2409.0
2023-09-13,3.343,3.347,3.289,3.323,1392.0
2023-09-14,3.323,3.356,3.305,3.315,2081.0
2023-09-15,3.323,3.326,3.266,3.276,2398.0
2023-09-18,3.268,3.331,3.256,3.324,2486.0
2023-09-19,3.336,3.348,3.31,3.326,2694.0
2023-09-20,3.325,3.327,3.28,3.285,4154.0
2023-09-21,3.277,3.294,3.258,3.271,2836.0
2023-09-22,3.275,3.294,3.263,3.286,1582.0
2023-09-25,3.291,3.31,3.273,3.304,1552.0
2023-09-26,3.285,3.291,3.25,3.267,2519.0
2023-09-27,3.272,3.303,3.265,3.285,1679.0
2023-09-28,3.29,3.328,3.271,3.318,2725.0
2023-09-29,3.328,3.338,3.28,3.319,2742.0
2023-10-02,3.298,3.314,3.266,3.279,3233.0
2023-10-03,3.28,3.335,3.264,3.321,2834.0
2023-10-04,3.318,3.355,3.312,3.32,3665.0
2023-10-05,3.319,3.436,3.315,3.403,4260.0
2023-10-06,3.416,3.49,3.412,3.485,3567.0
2023-10-09,3.499,3.55,3.472,3.501,4104.0
2023-10-10,3.493,3.524,3.454,3.523,3796.0
2023-10-11,3.528,3.552,3.453,3.532,3232.0
2023-10-12,3.521,3.558,3.505,3.547,2202.0
2023-10-13,3.542,3.555,3.502,3.534,2572.0
2023-10-16,3.483,3.5,3.448,3.478,3359.0
2023-10-17,3.489,3.497,3.4,3.433,2932.0
2023-10-18,3.416,3.457,3.409,3.423,1781.0
2023-10-19,3.425,3.442,3.35,3.373,2489.0
2023-10-20,3.377,3.379,3.33,3.356,2236.0
2023-10-23,3.328,3.357,3.305,3.347,1652.0
2023-10-24,3.339,3.361,3.317,3.353,2142.0
2023-10-25,3.343,3.401,3.34,3.379,1967.0
2023-10-26,3.394,3.431,3.357,3.4,3965.0
2023-10-27,3.443,3.445,3.375,3.398,2812.0
2023-10-30,3.336,3.367,3.331,3.359,4212.0
2023-10-31,3.355,3.528,3.347,3.522,9190.0
2023-11-01,3.524,3.528,3.444,3.497,2752.0
2023-11-02,3.503,3.548,3.444,3.517,2715.0
2023-11-03,3.547,3.592,3.523,3.546,2768.0
2023-11-06,3.48,3.485,3.43,3.452,3447.0
2023-11-07,3.459,3.462,3.382,3.403,5388.0
2023-11-08,3.439,3.439,3.346,3.388,5481.0
2023-11-09,3.396,3.4,3.319,3.35,3942.0
2023-11-10,3.346,3.348,3.298,3.308,3303.0
2023-11-13,3.334,3.374,3.313,3.355,4325.0
2023-11-14,3.365,3.392,3.31,3.333,5835.0
2023-11-15,3.333,3.378,3.311,3.355,3441.0
2023-11-16,3.345,3.369,3.234,3.258,4311.0
2023-11-17,3.247,3.251,3.146,3.177,5932.0
2023-11-20,3.153,3.172,3.11,3.118,3125.0
2023-11-21,3.109,3.132,3.07,3.085,3708.0
2023-11-22,3.065,3.102,3.051,3.092,2545.0
2023-11-24,3.093,3.13,3.042,3.102,2125.0
2023-11-27,3.045,3.084,3.025,3.082,4275.0
2023-11-28,3.095,3.101,3.006,3.042,5227.0
2023-11-29,3.006,3.028,2.987,3.01,4380.0
2023-11-30,2.998,3.024,2.968,3.002,5585.0
2023-12-01,3.0,3.03,2.967,3.007,3660.0
2023-12-04,2.951,2.959,2.887,2.929,7001.0
2023-12-05,2.95,2.991,2.915,2.945,4514.0
2023-12-06,2.925,2.95,2.771,2.794,10497.0
2023-12-07,2.796,2.818,2.723,2.796,7594.0
2023-12-08,2.767,2.78,2.7,2.745,5943.0
2023-12-11,2.663,2.671,2.5,2.605,11946.0
2023-12-12,2.602,2.604,2.534,2.542,13117.0
2023-12-13,2.548,2.688,2.517,2.639,8569.0
2023-12-14,2.646,2.736,2.631,2.712,7098.0
2023-12-15,2.771,2.771,2.692,2.759,5490.0
2023-12-18,2.763,2.787,2.727,2.736,4372.0
2023-12-19,2.735,2.737,2.607,2.635,12888.0
2023-12-20,2.673,2.689,2.571,2.614,12924.0
2023-12-21,2.591,2.694,2.575,2.671,6073.0
2023-12-22,2.665,2.692,2.605,2.683,3142.0
2023-12-26,2.628,2.667,2.608,2.63,3599.0
2023-12-27,2.66,2.726,2.644,2.655,4012.0
2023-12-28,2.662,2.731,2.639,2.716,4670.0
2023-12-29,2.709,2.738,2.68,2.697,8449.0
2024-01-02,2.735,2.799,2.712,2.76,9239.0
2024-01-03,2.762,2.831,2.751,2.795,10475.0
2024-01-04,2.819,2.881,2.811,2.865,12355.0
2024-01-05,2.863,2.919,2.795,2.915,10029.0
2024-01-08,2.921,2.921,2.772,2.913,9484.0
2024-01-09,2.864,3.057,2.856,2.989,12009.0
2024-01-10,2.989,2.989,2.865,2.904,9868.0
2024-01-11,2.891,2.983,2.852,2.894,11446.0
2024-01-12,2.918,2.949,2.877,2.94,12229.0
2024-01-16,2.858,2.858,2.773,2.823,13300.0
2024-01-17,2.786,2.87,2.776,2.847,12249.0
2024-01-18,2.833,2.843,2.762,2.798,12243.0
2024-01-19,2.795,2.8,2.656,2.696,16867.0
2024-01-22,2.635,2.65,2.576,2.593,17283.0
2024-01-23,2.599,2.68,2.564,2.664,12933.0
2024-01-24,2.68,2.759,2.665,2.732,13260.0
2024-01-25,2.756,2.779,2.647,2.672,12215.0
2024-01-26,2.674,2.705,2.615,2.685,9164.0
2024-01-29,2.667,2.67,2.567,2.576,13244.0
2024-01-30,2.585,2.624,2.554,2.6,9447.0
2024-01-31,2.591,2.65,2.562,2.598,9804.0
2024-02-01,2.619,2.642,2.541,2.559,13952.0
2024-02-02,2.565,2.588,2.533,2.572,8929.0
2024-02-05,2.595,2.603,2.521,2.55,10739.0
2024-02-06,2.515,2.53,2.474,2.486,8554.0
2024-02-07,2.478,2.497,2.442,2.461,10441.0
2024-02-08,2.457,2.469,2.418,2.455,10515.0
2024-02-09,2.438,2.438,2.382,2.425,15679.0
2024-02-12,2.395,2.438,2.347,2.367,15741.0
2024-02-13,2.363,2.383,2.288,2.33,20269.0
2024-02-14,2.329,2.329,2.215,2.236,20050.0
2024-02-15,2.241,2.283,2.207,2.238,14532.0
2024-02-16,2.247,2.292,2.235,2.28,9929.0
2024-02-20,2.226,2.384,2.208,2.215,18312.0
2024-02-21,2.386,2.503,2.36,2.487,25219.0
2024-02-22,2.499,2.554,2.426,2.525,17218.0
2024-02-23,2.516,2.526,2.413,2.419,12630.0
2024-02-26,2.475,2.518,2.451,2.473,11149.0
2024-02-27,2.468,2.576,2.455,2.551,21112.0
2024-02-28,2.559,2.633,2.524,2.614,16776.0
2024-02-29,2.59,2.62,2.562,2.584,20496.0
2024-03-01,2.569,2.585,2.516,2.538,13156.0
2024-03-04,2.573,2.697,2.573,2.639,22583.0
2024-03-05,2.632,2.716,2.612,2.652,15546.0
2024-03-06,2.642,2.663,2.586,2.601,20335.0
2024-03-07,2.593,2.598,2.515,2.529,22373.0
2024-03-08,2.533,2.562,2.502,2.533,18653.0
2024-03-11,2.555,2.563,2.489,2.506,15577.0
2024-03-12,2.497,2.543,2.467,2.48,23102.0
2024-03-13,2.484,2.494,2.441,2.47,24938.0
2024-03-14,2.479,2.555,2.456,2.543,16392.0
2024-03-15,2.547,2.563,2.464,2.468,15022.0
2024-03-18,2.508,2.558,2.492,2.516,18202.0
2024-03-19,2.519,2.55,2.5,2.519,15421.0
2024-03-20,2.527,2.536,2.459,2.479,14312.0
2024-03-21,2.464,2.475,2.421,2.449,18299.0
2024-03-22,2.459,2.469,2.417,2.433,12718.0
2024-03-25,2.432,2.447,2.39,2.429,15415.0
2024-03-26,2.435,2.471,2.42,2.435,20347.0
2024-03-27,2.429,2.429,2.369,2.392,21691.0
2024-03-28,2.4,2.455,2.386,2.442,18853.0
2024-04-01,2.446,2.525,2.407,2.511,21226.0
2024-04-02,2.511,2.544,2.458,2.54,35913.0
2024-04-03,2.524,2.555,2.487,2.494,20396.0
2024-04-04,2.491,2.497,2.425,2.43,21009.0
2024-04-05,2.435,2.46,2.402,2.437,27961.0
2024-04-08,2.422,2.499,2.412,2.493,19643.0
2024-04-09,2.492,2.531,2.463,2.479,20480.0
2024-04-10,2.497,2.519,2.464,2.484,21682.0
2024-04-11,2.472,2.487,2.426,2.43,30497.0
2024-04-12,2.429,2.469,2.413,2.458,20604.0
2024-04-15,2.477,2.477,2.375,2.389,22234.0
2024-04-16,2.379,2.49,2.36,2.442,38224.0
2024-04-17,2.398,2.425,2.383,2.407,29067.0
2024-04-18,2.419,2.439,2.404,2.421,25600.0
2024-04-19,2.411,2.466,2.402,2.422,25948.0
2024-04-22,2.42,2.487,2.395,2.478,18465.0
2024-04-23,2.487,2.553,2.453,2.513,22851.0
2024-04-24,2.545,2.552,2.424,2.438,23427.0
2024-04-25,2.438,2.473,2.41,2.463,27941.0
2024-04-26,2.45,2.477,2.404,2.411,28372.0
2024-04-29,2.425,2.509,2.411,2.493,40074.0
2024-04-30,2.503,2.533,2.412,2.438,41791.0
2024-05-01,2.409,2.424,2.38,2.391,36208.0
2024-05-02,2.387,2.459,2.386,2.447,28450.0
2024-05-03,2.45,2.539,2.423,2.525,38501.0
2024-05-06,2.537,2.625,2.505,2.57,32422.0
2024-05-07,2.572,2.596,2.532,2.573,34535.0
2024-05-08,2.579,2.634,2.551,2.575,46174.0
2024-05-09,2.56,2.648,2.539,2.619,57799.0
2024-05-10,2.62,2.646,2.551,2.563,39430.0
2024-05-13,2.555,2.66,2.524,2.658,40332.0
2024-05-14,2.65,2.679,2.596,2.628,36652.0
2024-05-15,2.627,2.705,2.615,2.701,51505.0
2024-05-16,2.69,2.812,2.682,2.749,61859.0
2024-05-17,2.747,2.849,2.735,2.832,53013.0
2024-05-20,2.852,2.939,2.829,2.935,61486.0
2024-05-21,2.927,2.977,2.851,2.886,55074.0
2024-05-22,2.879,3.096,2.837,3.088,67597.0
2024-05-23,3.043,3.201,2.951,2.974,81505.0
2024-05-24,2.983,3.011,2.807,2.822,44622.0
2024-05-28,2.807,2.9,2.778,2.867,53828.0
2024-05-29,2.876,2.881,2.704,2.715,50817.0
2024-05-30,2.715,2.731,2.637,2.647,73513.0
2024-05-31,2.647,2.701,2.605,2.662,61481.0
2024-06-03,2.716,2.85,2.688,2.804,99264.0
2024-06-04,2.814,2.874,2.656,2.67,87217.0
2024-06-05,2.694,2.854,2.681,2.828,76264.0
2024-06-06,2.829,2.946,2.796,2.892,73595.0
2024-06-07,2.883,3.037,2.871,2.996,93242.0
2024-06-10,3.055,3.163,2.945,2.977,106181.0
2024-06-11,3.046,3.221,3.031,3.193,85324.0
2024-06-12,3.194,3.194,3.073,3.122,101313.0
2024-06-13,3.104,3.167,2.978,3.037,94273.0
2024-06-14,3.0,3.068,2.95,2.963,80258.0
2024-06-17,2.93,2.93,2.837,2.867,96867.0
2024-06-18,2.87,2.997,2.858,2.99,91137.0
2024-06-20,2.995,3.027,2.833,2.854,131809.0
2024-06-21,2.838,2.888,2.793,2.836,104879.0
2024-06-24,2.813,2.953,2.78,2.948,139598.0
2024-06-25,2.943,2.951,2.831,2.863,158423.0
2024-06-26,2.85,2.863,2.731,2.745,141345.0
2024-06-27,2.734,2.784,2.673,2.685,139995.0
2024-06-28,2.702,2.765,2.594,2.601,151326.0
2024-07-01,2.576,2.602,2.471,2.478,181931.0
2024-07-02,2.476,2.484,2.415,2.435,154263.0
2024-07-03,2.466,2.48,2.41,2.418,125894.0
2024-07-05,2.421,2.44,2.315,2.319,156544.0
2024-07-08,2.27,2.39,2.268,2.366,162309.0
2024-07-09,2.373,2.448,2.331,2.344,155187.0
2024-07-10,2.346,2.385,2.292,2.329,146358.0
2024-07-11,2.326,2.343,2.261,2.268,122365.0
2024-07-12,2.267,2.35,2.249,2.329,129723.0
2024-07-15,2.273,2.285,2.147,2.158,189516.0
2024-07-16,2.17,2.218,2.149,2.188,131219.0
2024-07-17,2.181,2.208,2.015,2.035,212196.0
2024-07-18,2.047,2.134,2.024,2.125,159464.0
2024-07-19,2.089,2.143,2.057,2.128,101992.0
2024-07-22,2.104,2.27,2.09,2.251,148699.0
2024-07-23,2.245,2.265,2.123,2.187,112276.0
2024-07-24,2.153,2.17,2.102,2.117,65013.0
2024-07-25,2.126,2.155,2.035,2.041,44964.0
2024-07-26,2.052,2.084,1.994,2.006,58506.0
2024-07-29,2.016,2.056,1.856,1.907,3640.0
