DATETIME,OPEN,HIGH,LOW,FINAL,VOLUME
2010-01-28,8.445,8.445,8.445,8.445,0.0
2010-01-29,8.485,8.485,8.485,8.485,0.0
2010-02-01,8.56,8.56,8.56,8.56,0.0
2010-02-02,8.607,8.607,8.607,8.607,0.0
2010-02-03,8.581,8.581,8.581,8.581,0.0
2010-02-04,8.549,8.549,8.549,8.549,0.0
2010-02-05,8.561,8.561,8.561,8.561,0.0
2010-02-08,8.508,8.508,8.508,8.508,0.0
2010-02-09,8.477,8.477,8.477,8.477,0.0
2010-02-10,8.512,8.512,8.512,8.512,0.0
2010-02-11,8.507,8.507,8.507,8.507,0.0
2010-02-12,8.454,8.454,8.454,8.454,0.0
2010-02-16,8.39,8.39,8.39,8.39,0.0
2010-02-17,8.357,8.357,8.357,8.357,0.0
2010-02-18,8.322,8.322,8.322,8.322,0.0
2010-02-19,8.289,8.289,8.289,8.289,0.0
2010-02-22,8.305,8.305,8.305,8.305,0.0
2010-02-23,8.275,8.275,8.275,8.275,0.0
2010-02-24,8.266,8.266,8.266,8.266,0.0
2010-02-25,8.253,8.253,8.253,8.253,0.0
2010-02-26,8.255,8.255,8.255,8.255,0.0
2010-03-01,8.22,8.22,8.22,8.22,0.0
2010-03-02,8.202,8.202,8.202,8.202,0.0
2010-03-03,8.181,8.181,8.181,8.181,0.0
2010-03-04,8.071,8.071,8.071,8.071,0.0
2010-03-05,8.077,8.077,8.077,8.077,0.0
2010-03-08,8.088,8.088,8.088,8.088,0.0
2010-03-09,8.078,8.078,8.078,8.078,0.0
2010-03-10,8.115,8.115,8.115,8.115,0.0
2010-03-11,8.095,8.095,8.095,8.095,0.0
2010-03-12,8.196,8.196,8.196,8.196,0.0
2010-03-15,8.214,8.214,8.214,8.214,0.0
2010-03-16,8.278,8.278,8.278,8.278,0.0
2010-03-17,8.38,8.38,8.38,8.38,0.0
2010-03-18,8.446,8.446,8.446,8.446,0.0
2010-03-19,8.736,8.736,8.736,8.736,0.0
2010-03-22,8.707,8.707,8.707,8.707,0.0
2010-03-23,8.548,8.548,8.548,8.548,0.0
2010-03-24,8.449,8.449,8.449,8.449,0.0
2010-03-25,8.596,8.596,8.596,8.596,0.0
2010-03-26,8.508,8.508,8.508,8.508,0.0
2010-03-29,8.491,8.491,8.491,8.491,0.0
2010-03-30,8.581,8.581,8.581,8.581,0.0
2010-03-31,8.665,8.665,8.665,8.665,0.0
2010-04-01,8.706,8.706,8.706,8.706,0.0
2010-04-05,8.806,8.806,8.806,8.806,0.0
2010-04-06,8.69,8.69,8.69,8.69,0.0
2010-04-07,8.671,8.671,8.671,8.671,0.0
2010-04-08,8.616,8.616,8.616,8.616,0.0
2010-04-09,8.719,8.719,8.719,8.719,0.0
2010-04-12,8.678,8.678,8.678,8.678,0.0
2010-04-13,8.742,8.742,8.742,8.742,0.0
2010-04-14,8.782,8.782,8.782,8.782,0.0
2010-04-15,8.757,8.757,8.757,8.757,0.0
2010-04-16,8.728,8.728,8.728,8.728,0.0
2010-04-19,8.725,8.725,8.725,8.725,0.0
2010-04-20,8.804,8.804,8.804,8.804,0.0
2010-04-21,8.84,8.84,8.84,8.84,0.0
2010-04-22,8.921,8.921,8.921,8.921,0.0
2010-04-23,8.947,8.947,8.947,8.947,0.0
2010-04-26,8.924,8.924,8.924,8.924,0.0
2010-04-27,8.908,8.908,8.908,8.908,0.0
2010-04-28,8.914,8.914,8.914,8.914,0.0
2010-04-29,8.835,8.835,8.835,8.835,0.0
2010-04-30,8.819,8.819,8.819,8.819,0.0
2010-05-03,8.894,8.894,8.894,8.894,0.0
2010-05-04,8.968,8.968,8.968,8.968,0.0
2010-05-05,9.02,9.02,9.02,9.02,0.0
2010-05-06,9.012,9.012,9.012,9.012,0.0
2010-05-07,9.029,9.029,9.029,9.029,0.0
2010-05-10,9.059,9.059,9.059,9.059,0.0
2010-05-11,9.076,9.076,9.076,9.076,0.0
2010-05-12,9.116,9.116,9.116,9.116,0.0
2010-05-13,9.058,9.058,9.058,9.058,0.0
2010-05-14,8.951,8.951,8.951,8.951,0.0
2010-05-17,8.913,8.913,8.913,8.913,0.0
2010-05-18,8.848,8.848,8.848,8.848,0.0
2010-05-19,8.758,8.758,8.758,8.758,0.0
2010-05-20,8.723,8.723,8.723,8.723,0.0
2010-05-21,8.639,8.639,8.639,8.639,0.0
2010-05-24,8.613,8.613,8.613,8.613,0.0
2010-05-25,8.64,8.64,8.64,8.64,0.0
2010-05-26,8.61,8.61,8.61,8.61,0.0
2010-05-27,8.573,8.573,8.573,8.573,0.0
2010-05-28,8.538,8.538,8.538,8.538,0.0
2010-06-01,8.411,8.411,8.411,8.411,0.0
2010-06-02,8.425,8.425,8.425,8.425,0.0
2010-06-03,8.405,8.405,8.405,8.405,0.0
2010-06-04,8.339,8.339,8.339,8.339,0.0
2010-06-07,8.347,8.347,8.347,8.347,0.0
2010-06-08,8.307,8.307,8.307,8.307,0.0
2010-06-09,8.316,8.316,8.316,8.316,0.0
2010-06-10,8.383,8.383,8.383,8.383,0.0
2010-06-11,8.348,8.348,8.348,8.348,0.0
2010-06-14,8.255,8.255,8.255,8.255,0.0
2010-06-15,8.261,8.261,8.261,8.261,0.0
2010-06-16,8.384,8.384,8.384,8.384,0.0
2010-06-17,8.468,8.468,8.468,8.468,0.0
2010-06-18,8.547,8.547,8.547,8.547,0.0
2010-06-21,8.515,8.515,8.515,8.515,0.0
2010-06-22,8.532,8.532,8.532,8.532,0.0
2010-06-23,8.588,8.588,8.588,8.588,0.0
2010-06-24,8.598,8.598,8.598,8.598,0.0
2010-06-25,8.598,8.598,8.598,8.598,0.0
2010-06-28,8.506,8.506,8.506,8.506,0.0
2010-06-29,8.443,8.443,8.443,8.443,0.0
2010-06-30,8.424,8.424,8.424,8.424,0.0
2010-07-01,8.424,8.424,8.424,8.424,0.0
2010-07-02,8.348,8.348,8.348,8.348,0.0
2010-07-06,8.338,8.338,8.338,8.338,0.0
2010-07-07,8.454,8.454,8.454,8.454,0.0
2010-07-08,8.468,8.468,8.468,8.468,0.0
2010-07-09,8.491,8.491,8.491,8.491,0.0
2010-07-12,8.47,8.47,8.47,8.47,0.0
2010-07-13,8.405,8.405,8.405,8.405,0.0
2010-07-14,8.498,8.498,8.498,8.498,0.0
2010-07-15,8.56,8.56,8.56,8.56,0.0
2010-07-16,8.363,8.363,8.363,8.363,0.0
2010-07-19,8.348,8.348,8.348,8.348,0.0
2010-07-20,8.358,8.358,8.358,8.358,0.0
2010-07-21,8.356,8.356,8.356,8.356,0.0
2010-07-22,8.35,8.35,8.35,8.35,0.0
2010-07-23,8.271,8.271,8.271,8.271,0.0
2010-07-26,8.224,8.224,8.224,8.224,0.0
2010-07-27,7.858,7.858,7.858,7.858,0.0
2010-07-28,7.784,7.784,7.784,7.784,0.0
2010-07-29,7.576,7.576,7.576,7.576,0.0
2010-07-30,7.422,7.422,7.422,7.422,0.0
2010-08-02,7.478,7.478,7.478,7.478,0.0
2010-08-03,7.432,7.432,7.432,7.432,0.0
2010-08-04,7.45,7.45,7.45,7.45,0.0
2010-08-05,7.31,7.31,7.31,7.31,0.0
2010-08-06,7.161,7.161,7.161,7.161,0.0
2010-08-09,6.976,6.976,6.976,6.976,0.0
2010-08-10,6.716,6.716,6.716,6.716,0.0
2010-08-11,6.734,6.734,6.734,6.734,0.0
2010-08-12,6.743,6.743,6.743,6.743,0.0
2010-08-13,6.691,6.691,6.691,6.691,0.0
2010-08-16,6.553,6.553,6.553,6.553,0.0
2010-08-17,6.522,6.522,6.522,6.522,0.0
2010-08-18,6.64,6.64,6.64,6.64,0.0
2010-08-19,6.688,6.688,6.688,6.688,0.0
2010-08-20,6.797,6.797,6.797,6.797,0.0
2010-08-23,6.867,6.867,6.867,6.867,0.0
2010-08-24,6.877,6.877,6.877,6.877,0.0
2010-08-25,6.92,6.92,6.92,6.92,0.0
2010-08-26,7.054,7.054,7.054,7.054,0.0
2010-08-27,7.031,7.031,7.031,7.031,0.0
2010-08-30,6.992,6.992,6.992,6.992,0.0
2010-08-31,6.966,6.966,6.966,6.966,0.0
2010-09-01,6.92,6.92,6.92,6.92,0.0
2010-09-02,6.85,6.85,6.85,6.85,0.0
2010-09-03,6.888,6.888,6.888,6.888,0.0
2010-09-07,6.903,6.903,6.903,6.903,0.0
2010-09-08,6.935,6.935,6.935,6.935,0.0
2010-09-09,6.991,6.991,6.991,6.991,0.0
2010-09-10,7.031,7.031,7.031,7.031,0.0
2010-09-13,6.998,6.998,6.998,6.998,0.0
2010-09-14,6.945,6.945,6.945,6.945,0.0
2010-09-15,6.933,6.933,6.933,6.933,0.0
2010-09-16,6.768,6.768,6.768,6.768,0.0
2010-09-17,6.64,6.64,6.64,6.64,0.0
2010-09-20,6.582,6.582,6.582,6.582,0.0
2010-09-21,6.525,6.525,6.525,6.525,0.0
2010-09-22,6.535,6.535,6.535,6.535,0.0
2010-09-23,6.6,6.6,6.6,6.6,0.0
2010-09-24,6.593,6.593,6.593,6.593,0.0
2010-09-27,6.556,6.556,6.556,6.556,0.0
2010-09-28,6.614,6.614,6.614,6.614,0.0
2010-09-29,6.587,6.587,6.587,6.587,0.0
2010-09-30,6.57,6.57,6.57,6.57,0.0
2010-10-01,6.649,6.649,6.649,6.649,0.0
2010-10-04,6.78,6.78,6.78,6.78,0.0
2010-10-05,6.815,6.815,6.815,6.815,0.0
2010-10-06,6.86,6.86,6.86,6.86,0.0
2010-10-07,6.953,6.953,6.953,6.953,0.0
2010-10-08,6.968,6.968,6.968,6.968,0.0
2010-10-11,6.925,6.925,6.925,6.925,0.0
2010-10-12,6.898,6.898,6.898,6.898,0.0
2010-10-13,6.889,6.889,6.889,6.889,0.0
2010-10-14,6.917,6.917,6.917,6.917,0.0
2010-10-15,6.868,6.868,6.868,6.868,0.0
2010-10-18,6.864,6.864,6.864,6.864,0.0
2010-10-19,6.843,6.843,6.843,6.843,0.0
2010-10-20,6.834,6.834,6.834,6.834,0.0
2010-10-21,6.685,6.685,6.685,6.685,0.0
2010-10-22,6.614,6.614,6.614,6.614,0.0
2010-10-25,6.713,6.713,6.713,6.713,0.0
2010-10-26,6.945,6.945,6.945,6.945,0.0
2010-10-27,6.99,6.99,6.99,6.99,0.0
2010-10-28,6.72,6.72,6.72,6.72,0.0
2010-10-29,6.599,6.599,6.599,6.599,0.0
2010-11-01,6.664,6.664,6.664,6.664,0.0
2010-11-02,6.722,6.722,6.722,6.722,0.0
2010-11-03,6.696,6.696,6.696,6.696,0.0
2010-11-04,6.691,6.691,6.691,6.691,0.0
2010-11-05,6.698,6.698,6.698,6.698,0.0
2010-11-08,6.712,6.712,6.712,6.712,0.0
2010-11-09,6.707,6.707,6.707,6.707,0.0
2010-11-10,6.78,6.78,6.78,6.78,0.0
2010-11-11,6.85,6.85,6.85,6.85,0.0
2010-11-12,6.851,6.851,6.851,6.851,0.0
2010-11-15,6.922,6.922,6.922,6.922,0.0
2010-11-16,6.886,6.886,6.886,6.886,0.0
2010-11-17,6.883,6.883,6.883,6.883,0.0
2010-11-18,6.953,6.953,6.953,6.953,0.0
2010-11-19,6.973,6.973,6.973,6.973,0.0
2010-11-22,7.042,7.042,7.042,7.042,0.0
2010-11-23,7.022,7.022,7.022,7.022,0.0
2010-11-24,6.97,6.97,6.97,6.97,0.0
2010-11-26,6.978,6.978,6.978,6.978,0.0
2010-11-29,6.953,6.953,6.953,6.953,0.0
2010-11-30,6.983,6.983,6.983,6.983,0.0
2010-12-01,6.977,6.977,6.977,6.977,0.0
2010-12-02,6.964,6.964,6.964,6.964,0.0
2010-12-03,6.964,6.964,6.964,6.964,0.0
2010-12-06,6.798,6.798,6.798,6.798,0.0
2010-12-07,6.79,6.79,6.79,6.79,0.0
2010-12-08,6.797,6.797,6.797,6.797,0.0
2010-12-09,6.676,6.676,6.676,6.676,0.0
2010-12-10,6.663,6.663,6.663,6.663,0.0
2010-12-13,6.703,6.703,6.703,6.703,0.0
2010-12-14,6.748,6.748,6.748,6.748,0.0
2010-12-15,6.909,6.909,6.909,6.909,0.0
2010-12-16,6.907,6.907,6.907,6.907,0.0
2010-12-17,6.964,6.964,6.964,6.964,0.0
2010-12-20,6.936,6.936,6.936,6.936,0.0
2010-12-21,6.912,6.912,6.912,6.912,0.0
2010-12-22,6.891,6.891,6.891,6.891,0.0
2010-12-23,6.904,6.904,6.904,6.904,0.0
2010-12-27,6.918,6.918,6.918,6.918,0.0
2010-12-28,6.92,6.92,6.92,6.92,0.0
2010-12-29,6.89,6.89,6.89,6.89,0.0
2010-12-30,6.84,6.84,6.84,6.84,0.0
2010-12-31,6.862,6.862,6.862,6.862,0.0
2011-01-03,6.796,6.796,6.796,6.796,0.0
2011-01-04,6.82,6.82,6.82,6.82,0.0
2011-01-05,6.901,6.901,6.901,6.901,0.0
2011-01-06,6.884,6.884,6.884,6.884,0.0
2011-01-07,6.913,6.913,6.913,6.913,0.0
2011-01-10,6.93,6.93,6.93,6.93,0.0
2011-01-11,6.966,6.966,6.966,6.966,0.0
2011-01-12,6.89,6.89,6.89,6.89,0.0
2011-01-13,6.917,6.917,6.917,6.917,0.0
2011-01-14,6.954,6.954,6.954,6.954,0.0
2011-01-18,6.963,6.963,6.963,6.963,0.0
2011-01-19,6.929,6.929,6.929,6.929,0.0
2011-01-20,6.915,6.915,6.915,6.915,0.0
2011-01-21,6.904,6.904,6.904,6.904,0.0
2011-01-24,6.897,6.897,6.897,6.897,0.0
2011-01-25,6.943,6.943,6.943,6.943,0.0
2011-01-26,6.971,6.971,6.971,6.971,0.0
2011-01-27,6.986,6.986,6.986,6.986,0.0
2011-01-28,6.887,6.887,6.887,6.887,0.0
2011-01-31,6.882,6.882,6.882,6.882,0.0
2011-02-01,6.902,6.902,6.902,6.902,0.0
2011-02-02,6.925,6.925,6.925,6.925,0.0
2011-02-03,6.939,6.939,6.939,6.939,0.0
2011-02-04,6.95,6.95,6.95,6.95,0.0
2011-02-07,6.962,6.962,6.962,6.962,0.0
2011-02-08,7.011,7.011,7.011,7.011,0.0
2011-02-09,7.006,7.006,7.006,7.006,0.0
2011-02-10,6.996,6.996,6.996,6.996,0.0
2011-02-11,6.986,6.986,6.986,6.986,0.0
2011-02-14,6.969,6.969,6.969,6.969,0.0
2011-02-15,7.027,7.027,7.027,7.027,0.0
2011-02-16,7.137,7.137,7.137,7.137,0.0
2011-02-17,7.167,7.167,7.167,7.167,0.0
2011-02-18,7.176,7.176,7.176,7.176,0.0
2011-02-22,7.211,7.211,7.211,7.211,0.0
2011-02-23,7.186,7.186,7.186,7.186,0.0
2011-02-24,7.161,7.161,7.161,7.161,0.0
2011-02-25,7.171,7.171,7.171,7.171,0.0
2011-02-28,7.191,7.191,7.191,7.191,0.0
2011-03-01,7.263,7.263,7.263,7.263,0.0
2011-03-02,7.271,7.271,7.271,7.271,0.0
2011-03-03,7.266,7.266,7.266,7.266,0.0
2011-03-04,7.386,7.386,7.386,7.386,0.0
2011-03-07,7.398,7.398,7.398,7.398,0.0
2011-03-08,7.392,7.392,7.392,7.392,0.0
2011-03-09,7.381,7.381,7.381,7.381,0.0
2011-03-10,7.388,7.388,7.388,7.388,0.0
2011-03-11,7.392,7.392,7.392,7.392,0.0
2011-03-14,7.449,7.449,7.449,7.449,0.0
2011-03-15,7.729,7.729,7.729,7.729,0.0
2011-03-16,7.734,7.734,7.734,7.734,0.0
2011-03-17,7.706,7.706,7.706,7.706,0.0
2011-03-18,7.65,7.65,7.65,7.65,0.0
2011-03-21,7.568,7.568,7.568,7.568,0.0
2011-03-22,7.609,7.609,7.609,7.609,0.0
2011-03-23,7.636,7.636,7.636,7.636,0.0
2011-03-24,7.63,7.63,7.63,7.63,0.0
2011-03-25,7.728,7.728,7.728,7.728,0.0
2011-03-28,7.714,7.714,7.714,7.714,0.0
2011-03-29,7.665,7.665,7.665,7.665,0.0
2011-03-30,7.698,7.698,7.698,7.698,0.0
2011-03-31,7.783,7.783,7.783,7.783,0.0
2011-04-01,7.88,7.88,7.88,7.88,0.0
2011-04-04,7.901,7.901,7.901,7.901,0.0
2011-04-05,7.797,7.797,7.797,7.797,0.0
2011-04-06,7.799,7.799,7.799,7.799,0.0
2011-04-07,7.831,7.831,7.831,7.831,0.0
2011-04-08,7.922,7.922,7.922,7.922,0.0
2011-04-11,7.947,7.947,7.947,7.947,0.0
2011-04-12,7.885,7.885,7.885,7.885,0.0
2011-04-13,7.847,7.847,7.847,7.847,0.0
2011-04-14,7.834,7.834,7.834,7.834,0.0
2011-04-15,7.859,7.859,7.859,7.859,0.0
2011-04-18,7.854,7.854,7.854,7.854,0.0
2011-04-19,7.811,7.811,7.811,7.811,0.0
2011-04-20,7.704,7.704,7.704,7.704,0.0
2011-04-21,7.636,7.636,7.636,7.636,0.0
2011-04-25,7.633,7.633,7.633,7.633,0.0
2011-04-26,7.662,7.662,7.662,7.662,0.0
2011-04-27,7.629,7.629,7.629,7.629,0.0
2011-04-28,7.631,7.631,7.631,7.631,0.0
2011-04-29,7.569,7.569,7.569,7.569,0.0
2011-05-02,7.591,7.591,7.591,7.591,0.0
2011-05-03,7.661,7.661,7.661,7.661,0.0
2011-05-04,7.69,7.69,7.69,7.69,0.0
2011-05-05,7.599,7.599,7.599,7.599,0.0
2011-05-06,7.52,7.52,7.52,7.52,0.0
2011-05-09,7.533,7.533,7.533,7.533,0.0
2011-05-10,7.609,7.609,7.609,7.609,0.0
2011-05-11,7.663,7.663,7.663,7.663,0.0
2011-05-12,7.672,7.672,7.672,7.672,0.0
2011-05-13,7.692,7.692,7.692,7.692,0.0
2011-05-16,7.687,7.687,7.687,7.687,0.0
2011-05-17,7.656,7.656,7.656,7.656,0.0
2011-05-18,7.67,7.67,7.67,7.67,0.0
2011-05-19,7.593,7.593,7.593,7.593,0.0
2011-05-20,7.64,7.64,7.64,7.64,0.0
2011-05-23,7.779,7.779,7.779,7.779,0.0
2011-05-24,7.702,7.702,7.702,7.702,0.0
2011-05-25,7.706,7.706,7.706,7.706,0.0
2011-05-26,7.676,7.676,7.676,7.676,0.0
2011-05-27,7.712,7.712,7.712,7.712,0.0
2011-05-31,7.597,7.597,7.597,7.597,0.0
2011-06-01,7.573,7.573,7.573,7.573,0.0
2011-06-02,7.444,7.444,7.444,7.444,0.0
2011-06-03,7.395,7.395,7.395,7.395,0.0
2011-06-06,7.339,7.339,7.339,7.339,0.0
2011-06-07,7.346,7.346,7.346,7.346,0.0
2011-06-08,7.362,7.362,7.362,7.362,0.0
2011-06-09,7.275,7.275,7.275,7.275,0.0
2011-06-10,7.29,7.29,7.29,7.29,0.0
2011-06-13,7.268,7.268,7.268,7.268,0.0
2011-06-14,7.382,7.382,7.382,7.382,0.0
2011-06-15,7.406,7.406,7.406,7.406,0.0
2011-06-16,7.403,7.403,7.403,7.403,0.0
2011-06-17,7.452,7.452,7.452,7.452,0.0
2011-06-20,7.45,7.45,7.45,7.45,0.0
2011-06-21,7.299,7.299,7.299,7.299,0.0
2011-06-22,7.312,7.312,7.312,7.312,0.0
2011-06-23,7.303,7.303,7.303,7.303,0.0
2011-06-24,7.326,7.326,7.326,7.326,0.0
2011-06-27,7.315,7.315,7.315,7.315,0.0
2011-06-28,7.316,7.316,7.316,7.316,0.0
2011-06-29,7.288,7.288,7.288,7.288,0.0
2011-06-30,7.285,7.285,7.285,7.285,0.0
2011-07-01,7.285,7.285,7.285,7.285,0.0
2011-07-05,7.227,7.227,7.227,7.227,0.0
2011-07-06,7.237,7.237,7.237,7.237,0.0
2011-07-07,7.265,7.265,7.265,7.265,0.0
2011-07-08,7.332,7.332,7.332,7.332,0.0
2011-07-11,7.372,7.372,7.372,7.372,0.0
2011-07-12,7.372,7.372,7.372,7.372,0.0
2011-07-13,7.346,7.346,7.346,7.346,0.0
2011-07-14,7.324,7.324,7.324,7.324,0.0
2011-07-15,7.326,7.326,7.326,7.326,0.0
2011-07-18,7.306,7.306,7.306,7.306,0.0
2011-07-19,7.198,7.198,7.198,7.198,0.0
2011-07-20,7.149,7.149,7.149,7.149,0.0
2011-07-21,7.18,7.18,7.18,7.18,0.0
2011-07-22,7.156,7.156,7.156,7.156,0.0
2011-07-25,7.141,7.141,7.141,7.141,0.0
2011-07-26,7.136,7.136,7.136,7.136,0.0
2011-07-27,7.149,7.149,7.149,7.149,0.0
2011-07-28,7.175,7.175,7.175,7.175,0.0
2011-07-29,7.166,7.166,7.166,7.166,0.0
2011-08-01,7.22,7.22,7.22,7.22,0.0
2011-08-02,7.132,7.132,7.132,7.132,0.0
2011-08-03,7.083,7.083,7.083,7.083,0.0
2011-08-04,6.95,6.95,6.95,6.95,0.0
2011-08-05,6.882,6.882,6.882,6.882,0.0
2011-08-08,6.853,6.853,6.853,6.853,0.0
2011-08-09,6.829,6.829,6.829,6.829,0.0
2011-08-10,6.801,6.801,6.801,6.801,0.0
2011-08-11,6.854,6.854,6.854,6.854,0.0
2011-08-12,6.867,6.867,6.867,6.867,0.0
2011-08-15,6.931,6.931,6.931,6.931,0.0
2011-08-16,7.016,7.016,7.016,7.016,0.0
2011-08-17,6.983,6.983,6.983,6.983,0.0
2011-08-18,6.973,6.973,6.973,6.973,0.0
2011-08-19,7.011,7.011,7.011,7.011,0.0
2011-08-22,6.985,6.985,6.985,6.985,0.0
2011-08-23,7.003,7.003,7.003,7.003,0.0
2011-08-24,6.864,6.864,6.864,6.864,0.0
2011-08-25,6.855,6.855,6.855,6.855,0.0
2011-08-26,6.852,6.852,6.852,6.852,0.0
2011-08-29,6.821,6.821,6.821,6.821,0.0
2011-08-30,6.837,6.837,6.837,6.837,0.0
2011-08-31,6.845,6.845,6.845,6.845,0.0
2011-09-01,6.906,6.906,6.906,6.906,0.0
2011-09-02,6.891,6.891,6.891,6.891,0.0
2011-09-06,6.894,6.894,6.894,6.894,0.0
2011-09-07,6.861,6.861,6.861,6.861,0.0
2011-09-08,6.851,6.851,6.851,6.851,0.0
2011-09-09,6.798,6.798,6.798,6.798,0.0
2011-09-12,6.771,6.771,6.771,6.771,0.0
2011-09-13,6.793,6.793,6.793,6.793,0.0
2011-09-14,6.751,6.751,6.751,6.751,0.0
2011-09-15,6.731,6.731,6.731,6.731,0.0
2011-09-16,6.748,6.748,6.748,6.748,0.0
2011-09-19,6.738,6.738,6.738,6.738,0.0
2011-09-20,6.78,6.78,6.78,6.78,0.0
2011-09-21,6.78,6.78,6.78,6.78,0.0
2011-09-22,6.648,6.648,6.648,6.648,0.0
2011-09-23,6.654,6.654,6.654,6.654,0.0
2011-09-26,6.701,6.701,6.701,6.701,0.0
2011-09-27,6.783,6.783,6.783,6.783,0.0
2011-09-28,6.789,6.789,6.789,6.789,0.0
2011-09-29,6.77,6.77,6.77,6.77,0.0
2011-09-30,6.757,6.757,6.757,6.757,0.0
2011-10-03,6.743,6.743,6.743,6.743,0.0
2011-10-04,6.684,6.684,6.684,6.684,0.0
2011-10-05,6.657,6.657,6.657,6.657,0.0
2011-10-06,6.602,6.602,6.602,6.602,0.0
2011-10-07,6.564,6.564,6.564,6.564,0.0
2011-10-10,6.553,6.553,6.553,6.553,0.0
2011-10-11,6.523,6.523,6.523,6.523,0.0
2011-10-12,6.512,6.512,6.512,6.512,0.0
2011-10-13,6.539,6.539,6.539,6.539,0.0
2011-10-14,6.601,6.601,6.601,6.601,0.0
2011-10-17,6.588,6.588,6.588,6.588,0.0
2011-10-18,6.565,6.565,6.565,6.565,0.0
2011-10-19,6.567,6.567,6.567,6.567,0.0
2011-10-20,6.573,6.573,6.573,6.573,0.0
2011-10-21,6.575,6.575,6.575,6.575,0.0
2011-10-24,6.572,6.572,6.572,6.572,0.0
2011-10-25,6.608,6.608,6.608,6.608,0.0
2011-10-26,6.65,6.65,6.65,6.65,0.0
2011-10-27,6.655,6.655,6.655,6.655,0.0
2011-10-28,6.763,6.763,6.763,6.763,0.0
2011-10-31,6.763,6.763,6.763,6.763,0.0
2011-11-01,6.693,6.693,6.693,6.693,0.0
2011-11-02,6.652,6.652,6.652,6.652,0.0
2011-11-03,6.73,6.73,6.73,6.73,0.0
2011-11-04,6.72,6.72,6.72,6.72,0.0
2011-11-07,6.698,6.698,6.698,6.698,0.0
2011-11-08,6.656,6.656,6.656,6.656,0.0
2011-11-09,6.633,6.633,6.633,6.633,0.0
2011-11-10,6.583,6.583,6.583,6.583,0.0
2011-11-11,6.513,6.513,6.513,6.513,0.0
2011-11-14,6.491,6.491,6.491,6.491,0.0
2011-11-15,6.501,6.501,6.501,6.501,0.0
2011-11-16,6.476,6.476,6.476,6.476,0.0
2011-11-17,6.428,6.428,6.428,6.428,0.0
2011-11-18,6.387,6.387,6.387,6.387,0.0
2011-11-21,6.397,6.397,6.397,6.397,0.0
2011-11-22,6.376,6.376,6.376,6.376,0.0
2011-11-23,6.348,6.348,6.348,6.348,0.0
2011-11-25,6.387,6.387,6.387,6.387,0.0
2011-11-28,6.338,6.338,6.338,6.338,0.0
2011-11-29,6.444,6.444,6.444,6.444,0.0
2011-11-30,6.429,6.429,6.429,6.429,0.0
2011-12-01,6.414,6.414,6.414,6.414,0.0
2011-12-02,6.415,6.415,6.415,6.415,0.0
2011-12-05,6.415,6.415,6.415,6.415,0.0
2011-12-06,6.384,6.384,6.384,6.384,0.0
2011-12-07,6.418,6.418,6.418,6.418,0.0
2011-12-08,6.388,6.388,6.388,6.388,0.0
2011-12-09,6.346,6.346,6.346,6.346,0.0
2011-12-12,6.308,6.308,6.308,6.308,0.0
2011-12-13,6.227,6.227,6.227,6.227,0.0
2011-12-14,6.197,6.197,6.197,6.197,4.0
2011-12-15,6.159,6.159,6.159,6.159,0.0
2011-12-16,6.184,6.184,6.184,6.184,0.0
2011-12-19,6.181,6.181,6.181,6.181,0.0
2011-12-20,6.186,6.186,6.186,6.186,0.0
2011-12-21,6.143,6.143,6.143,6.143,0.0
2011-12-22,6.158,6.158,6.158,6.158,0.0
2011-12-23,6.143,6.143,6.143,6.143,0.0
2011-12-27,6.143,6.143,6.143,6.143,0.0
2011-12-28,6.128,6.128,6.128,6.128,0.0
2011-12-29,6.128,6.128,6.128,6.128,0.0
2011-12-30,6.128,6.128,6.128,6.128,0.0
2012-01-03,6.127,6.127,6.127,6.127,0.0
2012-01-04,6.132,6.132,6.132,6.132,0.0
2012-01-05,6.158,6.158,6.158,6.158,0.0
2012-01-06,6.198,6.198,6.198,6.198,0.0
2012-01-09,6.179,6.179,6.179,6.179,0.0
2012-01-10,6.141,6.141,6.141,6.141,0.0
2012-01-11,6.171,6.171,6.171,6.171,0.0
2012-01-12,6.148,6.148,6.148,6.148,0.0
2012-01-13,6.144,6.144,6.144,6.144,0.0
2012-01-17,6.112,6.112,6.112,6.112,0.0
2012-01-18,6.023,6.023,6.023,6.023,0.0
2012-01-19,6.006,6.006,6.006,6.006,0.0
2012-01-20,5.847,5.847,5.847,5.847,0.0
2012-01-23,5.852,5.852,5.852,5.852,0.0
2012-01-24,5.888,5.888,5.888,5.888,0.0
2012-01-25,5.904,5.904,5.904,5.904,0.0
2012-01-26,5.832,5.832,5.832,5.832,0.0
2012-01-27,5.864,5.864,5.864,5.864,0.0
2012-01-30,5.839,5.839,5.839,5.839,0.0
2012-01-31,5.794,5.794,5.794,5.794,0.0
2012-02-01,5.761,5.761,5.761,5.761,0.0
2012-02-02,5.857,5.857,5.857,5.857,0.0
2012-02-03,5.886,5.886,5.886,5.886,0.0
2012-02-06,5.94,5.94,5.94,5.94,0.0
2012-02-07,5.848,5.848,5.848,5.848,0.0
2012-02-08,5.788,5.788,5.788,5.788,0.0
2012-02-09,5.668,5.668,5.668,5.668,0.0
2012-02-10,5.693,5.693,5.693,5.693,0.0
2012-02-13,5.693,5.693,5.693,5.693,0.0
2012-02-14,5.707,5.707,5.707,5.707,0.0
2012-02-15,5.707,5.707,5.707,5.707,0.0
2012-02-16,5.675,5.675,5.675,5.675,0.0
2012-02-17,5.695,5.695,5.695,5.695,0.0
2012-02-21,5.664,5.664,5.664,5.664,0.0
2012-02-22,5.74,5.74,5.74,5.74,0.0
2012-02-23,5.74,5.74,5.74,5.74,0.0
2012-02-24,5.707,5.707,5.707,5.707,0.0
2012-02-27,5.662,5.662,5.662,5.662,0.0
2012-02-28,5.638,5.638,5.638,5.638,0.0
2012-02-29,5.648,5.648,5.648,5.648,0.0
2012-03-01,5.603,5.603,5.603,5.603,0.0
2012-03-02,5.642,5.642,5.642,5.642,0.0
2012-03-05,5.569,5.569,5.569,5.569,0.0
2012-03-06,5.497,5.497,5.497,5.497,0.0
2012-03-07,5.452,5.452,5.452,5.452,0.0
2012-03-08,5.453,5.453,5.453,5.453,0.0
2012-03-09,5.56,5.56,5.56,5.56,0.0
2012-03-12,5.539,5.539,5.539,5.539,0.0
2012-03-13,5.588,5.588,5.588,5.588,0.0
2012-03-14,5.659,5.659,5.659,5.659,0.0
2012-03-15,5.659,5.659,5.659,5.659,0.0
2012-03-16,5.641,5.641,5.641,5.641,0.0
2012-03-19,5.657,5.657,5.657,5.657,0.0
2012-03-20,5.626,5.626,5.626,5.626,0.0
2012-03-21,5.616,5.616,5.616,5.616,0.0
2012-03-22,5.603,5.603,5.603,5.603,0.0
2012-03-23,5.623,5.623,5.623,5.623,0.0
2012-03-26,5.635,5.635,5.635,5.635,0.0
2012-03-27,5.625,5.625,5.625,5.625,0.0
2012-03-28,5.637,5.637,5.637,5.637,0.0
2012-03-29,5.594,5.594,5.594,5.594,0.0
2012-03-30,5.662,5.662,5.662,5.662,0.0
2012-04-02,5.655,5.655,5.655,5.655,0.0
2012-04-03,5.655,5.655,5.655,5.655,0.0
2012-04-04,5.648,5.648,5.648,5.648,0.0
2012-04-05,5.61,5.61,5.61,5.61,0.0
2012-04-09,5.63,5.63,5.63,5.63,0.0
2012-04-10,5.609,5.609,5.609,5.609,0.0
2012-04-11,5.563,5.563,5.563,5.563,0.0
2012-04-12,5.476,5.476,5.476,5.476,0.0
2012-04-13,5.464,5.464,5.464,5.464,0.0
2012-04-16,5.434,5.434,5.434,5.434,0.0
2012-04-17,5.373,5.373,5.373,5.373,0.0
2012-04-18,5.351,5.351,5.351,5.351,0.0
2012-04-19,5.321,5.321,5.321,5.321,0.0
2012-04-20,5.258,5.258,5.258,5.258,0.0
2012-04-23,5.217,5.217,5.217,5.217,0.0
2012-04-24,5.251,5.251,5.251,5.251,0.0
2012-04-25,5.15,5.15,5.15,5.15,0.0
2012-04-26,5.174,5.174,5.174,5.174,0.0
2012-04-27,5.2,5.2,5.2,5.2,0.0
2012-04-30,5.24,5.24,5.24,5.24,0.0
2012-05-01,5.242,5.242,5.242,5.242,0.0
2012-05-02,5.245,5.245,5.245,5.245,0.0
2012-05-03,5.252,5.252,5.252,5.252,0.0
2012-05-04,5.244,5.244,5.244,5.244,0.0
2012-05-07,5.254,5.254,5.254,5.254,0.0
2012-05-08,5.247,5.247,5.247,5.247,0.0
2012-05-09,5.276,5.276,5.276,5.276,0.0
2012-05-10,5.261,5.261,5.261,5.261,0.0
2012-05-11,5.241,5.241,5.241,5.241,0.0
2012-05-14,5.249,5.249,5.249,5.249,0.0
2012-05-15,5.286,5.286,5.286,5.286,0.0
2012-05-16,5.314,5.314,5.314,5.314,0.0
2012-05-17,5.303,5.303,5.303,5.303,0.0
2012-05-18,5.345,5.345,5.345,5.345,0.0
2012-05-21,5.285,5.285,5.285,5.285,0.0
2012-05-22,5.326,5.326,5.326,5.326,0.0
2012-05-23,5.31,5.31,5.31,5.31,0.0
2012-05-24,5.319,5.319,5.319,5.319,0.0
2012-05-25,5.364,5.364,5.364,5.364,0.0
2012-05-29,5.33,5.33,5.33,5.33,0.0
2012-05-30,5.288,5.288,5.288,5.288,46.0
2012-05-31,5.353,5.353,5.353,5.353,0.0
2012-06-01,5.313,5.313,5.313,5.313,0.0
2012-06-04,5.315,5.315,5.315,5.315,0.0
2012-06-05,5.257,5.257,5.257,5.257,0.0
2012-06-06,5.252,5.252,5.252,5.252,0.0
2012-06-07,5.231,5.231,5.231,5.231,0.0
2012-06-08,5.252,5.252,5.252,5.252,0.0
2012-06-11,5.215,5.215,5.215,5.215,0.0
2012-06-12,5.215,5.215,5.215,5.215,0.0
2012-06-13,5.216,5.216,5.216,5.216,0.0
2012-06-14,5.241,5.241,5.241,5.241,0.0
2012-06-15,5.147,5.147,5.147,5.147,0.0
2012-06-18,5.098,5.098,5.098,5.098,0.0
2012-06-19,5.133,5.133,5.133,5.133,0.0
2012-06-20,5.133,5.133,5.133,5.133,0.0
2012-06-21,5.108,5.108,5.108,5.108,0.0
2012-06-22,5.09,5.09,5.09,5.09,0.0
2012-06-25,5.117,5.117,5.117,5.117,0.0
2012-06-26,5.162,5.162,5.162,5.162,0.0
2012-06-27,5.18,5.18,5.18,5.18,0.0
2012-06-28,5.178,5.178,5.178,5.178,0.0
2012-06-29,5.171,5.171,5.171,5.171,0.0
2012-07-02,5.182,5.182,5.182,5.182,0.0
2012-07-03,5.223,5.223,5.223,5.223,0.0
2012-07-05,5.226,5.226,5.226,5.226,0.0
2012-07-06,5.178,5.178,5.178,5.178,0.0
2012-07-09,5.232,5.232,5.232,5.232,0.0
2012-07-10,5.225,5.225,5.225,5.225,0.0
2012-07-11,5.272,5.272,5.272,5.272,0.0
2012-07-12,5.261,5.261,5.261,5.261,0.0
2012-07-13,5.264,5.264,5.264,5.264,0.0
2012-07-16,5.215,5.215,5.215,5.215,0.0
2012-07-17,5.32,5.32,5.32,5.32,0.0
2012-07-18,5.38,5.38,5.38,5.38,0.0
2012-07-19,5.344,5.344,5.344,5.344,0.0
2012-07-20,5.366,5.366,5.366,5.366,0.0
2012-07-23,5.375,5.375,5.375,5.375,0.0
2012-07-24,5.412,5.412,5.412,5.412,0.0
2012-07-25,5.419,5.419,5.419,5.419,0.0
2012-07-26,5.462,5.462,5.462,5.462,0.0
2012-07-27,5.464,5.464,5.464,5.464,0.0
2012-07-30,5.532,5.532,5.532,5.532,0.0
2012-07-31,5.492,5.492,5.492,5.492,0.0
2012-08-01,5.457,5.457,5.457,5.457,0.0
2012-08-02,5.337,5.337,5.337,5.337,0.0
2012-08-03,5.309,5.309,5.309,5.309,0.0
2012-08-06,5.532,5.532,5.532,5.532,0.0
2012-08-07,5.501,5.501,5.501,5.501,0.0
2012-08-08,5.703,5.703,5.703,5.703,0.0
2012-08-09,5.603,5.603,5.603,5.603,0.0
2012-08-10,5.54,5.54,5.54,5.54,0.0
2012-08-13,5.513,5.513,5.513,5.513,0.0
2012-08-14,5.555,5.555,5.555,5.555,0.0
2012-08-15,5.631,5.631,5.631,5.631,0.0
2012-08-16,5.604,5.604,5.604,5.604,0.0
2012-08-17,5.602,5.602,5.602,5.602,0.0
2012-08-20,5.641,5.641,5.641,5.641,0.0
2012-08-21,5.628,5.628,5.628,5.628,0.0
2012-08-22,5.619,5.619,5.619,5.619,0.0
2012-08-23,5.602,5.602,5.602,5.602,0.0
2012-08-24,5.564,5.564,5.564,5.564,0.0
2012-08-27,5.539,5.539,5.539,5.539,0.0
2012-08-28,5.484,5.484,5.484,5.484,0.0
2012-08-29,5.505,5.505,5.505,5.505,0.0
2012-08-30,5.512,5.512,5.512,5.512,0.0
2012-08-31,5.501,5.501,5.501,5.501,0.0
2012-09-04,5.506,5.506,5.506,5.506,0.0
2012-09-05,5.496,5.496,5.496,5.496,0.0
2012-09-06,5.487,5.487,5.487,5.487,0.0
2012-09-07,5.442,5.442,5.442,5.442,0.0
2012-09-10,5.443,5.443,5.443,5.443,0.0
2012-09-11,5.483,5.483,5.483,5.483,0.0
2012-09-12,5.558,5.558,5.558,5.558,0.0
2012-09-13,5.558,5.558,5.558,5.558,0.0
2012-09-14,5.548,5.548,5.548,5.548,0.0
2012-09-17,5.529,5.529,5.529,5.529,0.0
2012-09-18,5.612,5.612,5.612,5.612,0.0
2012-09-19,5.612,5.612,5.612,5.612,0.0
2012-09-20,5.616,5.616,5.616,5.616,0.0
2012-09-21,5.675,5.675,5.675,5.675,0.0
2012-09-24,5.659,5.659,5.659,5.659,0.0
2012-09-25,5.676,5.676,5.676,5.676,0.0
2012-09-26,5.664,5.664,5.664,5.664,0.0
2012-09-27,5.688,5.688,5.688,5.688,0.0
2012-09-28,5.7,5.7,5.7,5.7,0.0
2012-10-01,5.724,5.724,5.724,5.724,0.0
2012-10-02,5.68,5.68,5.68,5.68,0.0
2012-10-03,5.658,5.658,5.658,5.658,0.0
2012-10-04,5.666,5.666,5.666,5.666,0.0
2012-10-05,5.716,5.716,5.716,5.716,0.0
2012-10-08,5.755,5.755,5.755,5.755,0.0
2012-10-09,5.761,5.761,5.761,5.761,0.0
2012-10-10,5.737,5.737,5.737,5.737,0.0
2012-10-11,5.765,5.765,5.765,5.765,0.0
2012-10-12,5.726,5.726,5.726,5.726,0.0
2012-10-15,5.692,5.692,5.692,5.692,0.0
2012-10-16,5.698,5.698,5.698,5.698,0.0
2012-10-17,5.746,5.746,5.746,5.746,0.0
2012-10-18,5.704,5.704,5.704,5.704,0.0
2012-10-19,5.702,5.702,5.702,5.702,0.0
2012-10-22,5.698,5.698,5.698,5.698,0.0
2012-10-23,5.733,5.733,5.733,5.733,0.0
2012-10-24,5.712,5.712,5.712,5.712,0.0
2012-10-25,5.742,5.742,5.742,5.742,0.0
2012-10-26,5.747,5.747,5.747,5.747,0.0
2012-10-29,5.816,5.816,5.816,5.816,0.0
2012-10-30,5.747,5.747,5.747,5.747,0.0
2012-10-31,5.749,5.749,5.749,5.749,0.0
2012-11-01,5.756,5.756,5.756,5.756,0.0
2012-11-02,5.655,5.655,5.655,5.655,0.0
2012-11-05,5.617,5.617,5.617,5.617,0.0
2012-11-06,5.666,5.666,5.666,5.666,0.0
2012-11-07,5.642,5.642,5.642,5.642,0.0
2012-11-08,5.685,5.685,5.685,5.685,0.0
2012-11-09,5.624,5.624,5.624,5.624,0.0
2012-11-12,5.674,5.674,5.674,5.674,0.0
2012-11-13,5.713,5.713,5.713,5.713,0.0
2012-11-14,5.68,5.68,5.68,5.68,0.0
2012-11-15,5.601,5.601,5.601,5.601,0.0
2012-11-16,5.599,5.599,5.599,5.599,0.0
2012-11-19,5.564,5.564,5.564,5.564,0.0
2012-11-20,5.605,5.605,5.605,5.605,0.0
2012-11-21,5.574,5.574,5.574,5.574,0.0
2012-11-23,5.561,5.561,5.561,5.561,0.0
2012-11-26,5.53,5.53,5.53,5.53,0.0
2012-11-27,5.565,5.565,5.565,5.565,0.0
2012-11-28,5.557,5.557,5.557,5.557,0.0
2012-11-29,5.481,5.481,5.481,5.481,0.0
2012-11-30,5.462,5.462,5.462,5.462,0.0
2012-12-03,5.496,5.496,5.496,5.496,0.0
2012-12-04,5.471,5.471,5.471,5.471,0.0
2012-12-05,5.516,5.516,5.516,5.516,0.0
2012-12-06,5.508,5.508,5.508,5.508,0.0
2012-12-07,5.485,5.485,5.485,5.485,0.0
2012-12-10,5.497,5.497,5.497,5.497,0.0
2012-12-11,5.47,5.47,5.47,5.47,0.0
2012-12-12,5.464,5.464,5.464,5.464,0.0
2012-12-13,5.471,5.471,5.471,5.471,0.0
2012-12-14,5.467,5.467,5.467,5.467,0.0
2012-12-17,5.522,5.522,5.522,5.522,0.0
2012-12-18,5.659,5.659,5.659,5.659,0.0
2012-12-19,5.629,5.629,5.629,5.629,0.0
2012-12-20,5.695,5.695,5.695,5.695,0.0
2012-12-21,5.677,5.677,5.677,5.677,0.0
2012-12-24,5.64,5.64,5.64,5.64,0.0
2012-12-26,5.66,5.66,5.66,5.66,0.0
2012-12-27,5.643,5.643,5.643,5.643,0.0
2012-12-28,5.638,5.638,5.638,5.638,0.0
2012-12-31,5.597,5.597,5.597,5.597,0.0
2013-01-02,5.561,5.561,5.561,5.561,0.0
2013-01-03,5.556,5.556,5.556,5.556,0.0
2013-01-04,5.614,5.614,5.614,5.614,0.0
2013-01-07,5.595,5.595,5.595,5.595,0.0
2013-01-08,5.573,5.573,5.573,5.573,0.0
2013-01-09,5.548,5.548,5.548,5.548,0.0
2013-01-10,5.565,5.565,5.565,5.565,0.0
2013-01-11,5.527,5.527,5.527,5.527,0.0
2013-01-14,5.514,5.514,5.514,5.514,0.0
2013-01-15,5.521,5.521,5.521,5.521,0.0
2013-01-16,5.521,5.521,5.521,5.521,0.0
2013-01-17,5.511,5.511,5.511,5.511,0.0
2013-01-18,5.542,5.542,5.542,5.542,0.0
2013-01-22,5.536,5.536,5.536,5.536,0.0
2013-01-23,5.571,5.571,5.571,5.571,0.0
2013-01-24,5.542,5.542,5.542,5.542,0.0
2013-01-25,5.562,5.562,5.562,5.562,0.0
2013-01-28,5.502,5.502,5.502,5.502,0.0
2013-01-29,5.473,5.473,5.473,5.473,0.0
2013-01-30,5.497,5.497,5.497,5.497,0.0
2013-01-31,5.488,5.488,5.488,5.488,0.0
2013-02-01,5.445,5.445,5.445,5.445,0.0
2013-02-04,5.465,5.465,5.465,5.465,0.0
2013-02-05,5.478,5.478,5.478,5.478,0.0
2013-02-06,5.473,5.473,5.473,5.473,0.0
2013-02-07,5.449,5.449,5.449,5.449,0.0
2013-02-08,5.494,5.494,5.494,5.494,0.0
2013-02-11,5.504,5.504,5.504,5.504,0.0
2013-02-12,5.514,5.514,5.514,5.514,0.0
2013-02-13,5.543,5.543,5.543,5.543,0.0
2013-02-14,5.524,5.524,5.524,5.524,0.0
2013-02-15,5.505,5.505,5.505,5.505,0.0
2013-02-19,5.548,5.548,5.548,5.548,0.0
2013-02-20,5.526,5.526,5.526,5.526,0.0
2013-02-21,5.499,5.499,5.499,5.499,0.0
2013-02-22,5.496,5.496,5.496,5.496,0.0
2013-02-25,5.497,5.497,5.497,5.497,0.0
2013-02-26,5.499,5.499,5.499,5.499,0.0
2013-02-27,5.492,5.492,5.492,5.492,0.0
2013-02-28,5.513,5.513,5.513,5.513,0.0
2013-03-01,5.526,5.526,5.526,5.526,0.0
2013-03-04,5.571,5.571,5.571,5.571,0.0
2013-03-05,5.559,5.559,5.559,5.559,0.0
2013-03-06,5.529,5.529,5.529,5.529,0.0
2013-03-07,5.561,5.561,5.561,5.561,0.0
2013-03-08,5.557,5.557,5.557,5.557,0.0
2013-03-11,5.55,5.55,5.55,5.55,0.0
2013-03-12,5.52,5.52,5.52,5.52,0.0
2013-03-13,5.528,5.528,5.528,5.528,0.0
2013-03-14,5.52,5.52,5.52,5.52,0.0
2013-03-15,5.523,5.523,5.523,5.523,0.0
2013-03-18,5.508,5.508,5.508,5.508,0.0
2013-03-19,5.533,5.533,5.533,5.533,0.0
2013-03-20,5.527,5.527,5.527,5.527,0.0
2013-03-21,5.464,5.464,5.464,5.464,0.0
2013-03-22,5.456,5.456,5.456,5.456,0.0
2013-03-25,5.422,5.422,5.422,5.422,0.0
2013-03-26,5.434,5.434,5.434,5.434,0.0
2013-03-27,5.369,5.369,5.369,5.369,0.0
2013-03-28,5.331,5.331,5.331,5.331,0.0
2013-04-01,5.32,5.32,5.32,5.32,0.0
2013-04-02,5.283,5.283,5.283,5.283,0.0
2013-04-03,5.322,5.322,5.322,5.322,0.0
2013-04-04,5.334,5.334,5.334,5.334,0.0
2013-04-05,5.311,5.311,5.311,5.311,0.0
2013-04-08,5.232,5.232,5.232,5.232,0.0
2013-04-09,5.08,5.08,5.08,5.08,0.0
2013-04-10,5.024,5.024,5.024,5.024,0.0
2013-04-11,5.103,5.103,5.103,5.103,0.0
2013-04-12,5.257,5.257,5.257,5.257,0.0
2013-04-15,5.268,5.268,5.268,5.268,0.0
2013-04-16,5.339,5.339,5.339,5.339,0.0
2013-04-17,5.343,5.343,5.343,5.343,0.0
2013-04-18,5.333,5.333,5.333,5.333,0.0
2013-04-19,5.333,5.333,5.333,5.333,0.0
2013-04-22,5.326,5.326,5.326,5.326,0.0
2013-04-23,5.314,5.314,5.314,5.314,0.0
2013-04-24,5.219,5.219,5.219,5.219,0.0
2013-04-25,5.22,5.22,5.22,5.22,0.0
2013-04-26,5.222,5.222,5.222,5.222,0.0
2013-04-29,5.235,5.235,5.235,5.235,0.0
2013-04-30,5.23,5.23,5.23,5.23,0.0
2013-05-01,5.215,5.215,5.215,5.215,0.0
2013-05-02,5.213,5.213,5.213,5.213,0.0
2013-05-03,5.266,5.266,5.266,5.266,0.0
2013-05-06,5.317,5.317,5.317,5.317,0.0
2013-05-07,5.316,5.316,5.316,5.316,0.0
2013-05-08,5.3,5.3,5.3,5.3,0.0
2013-05-09,5.262,5.262,5.262,5.262,0.0
2013-05-10,5.244,5.244,5.244,5.244,0.0
2013-05-13,5.254,5.254,5.254,5.254,0.0
2013-05-14,5.285,5.285,5.285,5.285,0.0
2013-05-15,5.267,5.267,5.267,5.267,0.0
2013-05-16,5.264,5.264,5.264,5.264,0.0
2013-05-17,5.421,5.421,5.421,5.421,0.0
2013-05-20,5.569,5.569,5.569,5.569,0.0
2013-05-21,5.631,5.631,5.631,5.631,0.0
2013-05-22,5.709,5.709,5.709,5.709,0.0
2013-05-23,5.697,5.697,5.697,5.697,0.0
2013-05-24,5.688,5.688,5.688,5.688,0.0
2013-05-28,5.677,5.677,5.677,5.677,0.0
2013-05-29,5.668,5.668,5.668,5.668,0.0
2013-05-30,5.628,5.628,5.628,5.628,0.0
2013-05-31,5.65,5.65,5.65,5.65,0.0
2013-06-03,5.665,5.665,5.665,5.665,0.0
2013-06-04,5.642,5.642,5.642,5.642,0.0
2013-06-05,5.614,5.614,5.614,5.614,0.0
2013-06-06,5.559,5.559,5.559,5.559,0.0
2013-06-07,5.579,5.579,5.579,5.579,0.0
2013-06-10,5.563,5.563,5.563,5.563,0.0
2013-06-11,5.488,5.488,5.488,5.488,0.0
2013-06-12,5.457,5.457,5.457,5.457,0.0
2013-06-13,5.461,5.461,5.461,5.461,0.0
2013-06-14,5.436,5.436,5.436,5.436,0.0
2013-06-17,5.472,5.472,5.472,5.472,0.0
2013-06-18,5.527,5.527,5.527,5.527,0.0
2013-06-19,5.494,5.494,5.494,5.494,0.0
2013-06-20,5.463,5.463,5.463,5.463,0.0
2013-06-21,5.528,5.528,5.528,5.528,0.0
2013-06-24,5.649,5.649,5.649,5.649,0.0
2013-06-25,5.706,5.706,5.706,5.706,0.0
2013-06-26,5.753,5.753,5.753,5.753,0.0
2013-06-27,5.692,5.692,5.692,5.692,0.0
2013-06-28,5.724,5.724,5.724,5.724,0.0
2013-07-01,5.659,5.659,5.659,5.659,0.0
2013-07-02,5.694,5.694,5.694,5.694,0.0
2013-07-03,5.716,5.716,5.716,5.716,0.0
2013-07-05,5.675,5.675,5.675,5.675,0.0
2013-07-08,5.722,5.722,5.722,5.722,0.0
2013-07-09,5.63,5.63,5.63,5.63,0.0
2013-07-10,5.616,5.616,5.616,5.616,0.0
2013-07-11,5.612,5.612,5.612,5.612,0.0
2013-07-12,5.612,5.612,5.612,5.612,0.0
2013-07-15,5.633,5.633,5.633,5.633,0.0
2013-07-16,5.632,5.632,5.632,5.632,0.0
2013-07-17,5.634,5.634,5.634,5.634,0.0
2013-07-18,5.587,5.587,5.587,5.587,0.0
2013-07-19,5.541,5.541,5.541,5.541,0.0
2013-07-22,5.517,5.517,5.517,5.517,0.0
2013-07-23,5.486,5.486,5.486,5.486,0.0
2013-07-24,5.505,5.505,5.505,5.505,0.0
2013-07-25,5.53,5.53,5.53,5.53,0.0
2013-07-26,5.49,5.49,5.49,5.49,0.0
2013-07-29,5.49,5.49,5.49,5.49,0.0
2013-07-30,5.457,5.457,5.457,5.457,0.0
2013-07-31,5.475,5.475,5.475,5.475,0.0
2013-08-01,5.458,5.458,5.458,5.458,0.0
2013-08-02,5.443,5.443,5.443,5.443,0.0
2013-08-05,5.443,5.443,5.443,5.443,0.0
2013-08-06,5.421,5.421,5.421,5.421,0.0
2013-08-07,5.433,5.433,5.433,5.433,0.0
2013-08-08,5.414,5.414,5.414,5.414,0.0
2013-08-09,5.384,5.384,5.384,5.384,0.0
2013-08-12,5.324,5.324,5.324,5.324,0.0
2013-08-13,5.27,5.27,5.27,5.27,0.0
2013-08-14,5.221,5.221,5.221,5.221,0.0
2013-08-15,5.249,5.249,5.249,5.249,0.0
2013-08-16,5.231,5.231,5.231,5.231,0.0
2013-08-19,5.242,5.242,5.242,5.242,0.0
2013-08-20,5.225,5.225,5.225,5.225,0.0
2013-08-21,5.189,5.189,5.189,5.189,0.0
2013-08-22,5.218,5.218,5.218,5.218,0.0
2013-08-23,5.188,5.188,5.188,5.188,0.0
2013-08-26,5.155,5.155,5.155,5.155,0.0
2013-08-27,5.117,5.117,5.117,5.117,0.0
2013-08-28,5.135,5.135,5.135,5.135,0.0
2013-08-29,5.145,5.145,5.145,5.145,0.0
2013-08-30,5.157,5.157,5.157,5.157,0.0
2013-09-03,5.166,5.166,5.166,5.166,0.0
2013-09-04,5.133,5.133,5.133,5.133,0.0
2013-09-05,5.109,5.109,5.109,5.109,0.0
2013-09-06,5.106,5.106,5.106,5.106,0.0
2013-09-09,5.101,5.101,5.101,5.101,0.0
2013-09-10,5.115,5.115,5.115,5.115,0.0
2013-09-11,5.102,5.102,5.102,5.102,0.0
2013-09-12,5.091,5.091,5.091,5.091,0.0
2013-09-13,5.111,5.111,5.111,5.111,0.0
2013-09-16,5.113,5.113,5.113,5.113,0.0
2013-09-17,5.088,5.088,5.088,5.088,0.0
2013-09-18,5.141,5.141,5.141,5.141,0.0
2013-09-19,5.17,5.17,5.17,5.17,0.0
2013-09-20,5.156,5.156,5.156,5.156,0.0
2013-09-23,5.117,5.117,5.117,5.117,0.0
2013-09-24,5.092,5.092,5.092,5.092,0.0
2013-09-25,5.079,5.079,5.079,5.079,0.0
2013-09-26,5.145,5.145,5.145,5.145,0.0
2013-09-27,5.165,5.165,5.165,5.165,0.0
2013-09-30,5.115,5.115,5.115,5.115,0.0
2013-10-01,5.135,5.135,5.135,5.135,0.0
2013-10-02,5.094,5.094,5.094,5.094,0.0
2013-10-03,5.095,5.095,5.095,5.095,0.0
2013-10-04,5.103,5.103,5.103,5.103,0.0
2013-10-07,5.12,5.12,5.12,5.12,0.0
2013-10-08,5.136,5.136,5.136,5.136,0.0
2013-10-09,5.124,5.124,5.124,5.124,0.0
2013-10-10,5.124,5.124,5.124,5.124,0.0
2013-10-11,5.1,5.1,5.079,5.079,3.0
2013-10-14,5.096,5.096,5.096,5.096,0.0
2013-10-15,5.054,5.054,5.054,5.054,0.0
2013-10-16,5.013,5.013,5.013,5.013,0.0
2013-10-17,5.051,5.051,5.051,5.051,0.0
2013-10-18,5.062,5.062,5.062,5.062,0.0
2013-10-21,5.058,5.058,5.058,5.058,0.0
2013-10-22,5.077,5.077,5.077,5.077,0.0
2013-10-23,5.083,5.083,5.083,5.083,0.0
2013-10-24,5.086,5.086,5.086,5.086,0.0
2013-10-25,5.117,5.117,5.117,5.117,0.0
2013-10-28,5.07,5.07,5.07,5.07,0.0
2013-10-29,5.061,5.061,5.061,5.061,0.0
2013-10-30,5.047,5.047,5.047,5.047,0.0
2013-10-31,5.05,5.05,4.983,4.983,4.0
2013-11-01,4.983,4.983,4.908,4.908,2.0
2013-11-04,4.879,4.879,4.879,4.879,0.0
2013-11-05,4.861,4.861,4.861,4.861,0.0
2013-11-06,4.873,4.873,4.873,4.873,0.0
2013-11-07,4.867,4.867,4.867,4.867,0.0
2013-11-08,4.838,4.838,4.838,4.838,0.0
2013-11-11,4.847,4.847,4.847,4.847,0.0
2013-11-12,4.85,4.85,4.825,4.825,2.0
2013-11-13,4.785,4.785,4.785,4.785,0.0
2013-11-14,4.772,4.772,4.772,4.772,0.0
2013-11-15,4.77,4.77,4.75,4.767,4.0
2013-11-18,4.75,4.771,4.75,4.771,1.0
2013-11-19,4.72,4.72,4.72,4.72,0.0
2013-11-20,4.752,4.752,4.752,4.752,0.0
2013-11-21,4.744,4.744,4.744,4.744,0.0
2013-11-22,4.746,4.746,4.746,4.746,0.0
2013-11-25,4.757,4.757,4.757,4.757,0.0
2013-11-26,4.746,4.746,4.746,4.746,0.0
2013-11-27,4.748,4.748,4.748,4.748,0.0
2013-11-29,4.745,4.745,4.745,4.745,0.0
2013-12-02,4.831,4.831,4.831,4.831,0.0
2013-12-03,4.89,4.89,4.89,4.89,0.0
2013-12-04,4.964,4.964,4.964,4.964,0.0
2013-12-05,4.943,4.943,4.943,4.943,0.0
2013-12-06,4.927,4.927,4.927,4.927,0.0
2013-12-09,4.863,4.863,4.863,4.863,0.0
2013-12-10,4.8,4.83,4.8,4.83,3.0
2013-12-11,4.799,4.799,4.799,4.799,0.0
2013-12-12,4.7,4.719,4.7,4.719,1.0
2013-12-13,4.721,4.721,4.721,4.721,0.0
2013-12-16,4.765,4.765,4.765,4.765,0.0
2013-12-17,4.735,4.735,4.735,4.735,0.0
2013-12-18,4.702,4.702,4.702,4.702,0.0
2013-12-19,4.721,4.721,4.721,4.721,0.0
2013-12-20,4.681,4.681,4.681,4.681,0.0
2013-12-23,4.666,4.666,4.666,4.666,0.0
2013-12-24,4.693,4.693,4.693,4.693,0.0
2013-12-26,4.69,4.69,4.69,4.69,0.0
2013-12-27,4.702,4.702,4.702,4.702,0.0
2013-12-30,4.692,4.692,4.692,4.692,0.0
2013-12-31,4.63,4.63,4.63,4.63,0.0
2014-01-02,4.645,4.645,4.645,4.645,0.0
2014-01-03,4.666,4.666,4.666,4.666,0.0
2014-01-06,4.672,4.672,4.672,4.672,0.0
2014-01-07,4.69,4.69,4.69,4.69,0.0
2014-01-08,4.684,4.684,4.684,4.684,0.0
2014-01-09,4.63,4.63,4.63,4.63,0.0
2014-01-10,4.676,4.676,4.676,4.676,0.0
2014-01-13,4.632,4.632,4.632,4.632,0.0
2014-01-14,4.629,4.629,4.629,4.629,0.0
2014-01-15,4.64,4.64,4.619,4.619,1.0
2014-01-16,4.614,4.614,4.614,4.614,0.0
2014-01-17,4.604,4.604,4.604,4.604,0.0
2014-01-21,4.652,4.652,4.652,4.652,0.0
2014-01-22,4.652,4.652,4.652,4.652,0.0
2014-01-23,4.646,4.646,4.646,4.646,0.0
2014-01-24,4.637,4.637,4.637,4.637,0.0
2014-01-27,4.691,4.691,4.691,4.691,0.0
2014-01-28,4.672,4.672,4.672,4.672,0.0
2014-01-29,4.667,4.667,4.667,4.667,0.0
2014-01-30,4.669,4.669,4.669,4.669,0.0
2014-01-31,4.666,4.666,4.666,4.666,0.0
2014-02-03,4.702,4.702,4.702,4.702,0.0
2014-02-04,4.688,4.688,4.688,4.688,0.0
2014-02-05,4.655,4.655,4.655,4.655,0.0
2014-02-06,4.6,4.6,4.6,4.6,0.0
2014-02-07,4.602,4.602,4.602,4.602,0.0
2014-02-10,4.572,4.572,4.572,4.572,0.0
2014-02-11,4.491,4.491,4.491,4.491,0.0
2014-02-12,4.487,4.487,4.487,4.487,0.0
2014-02-13,4.483,4.483,4.483,4.483,0.0
2014-02-14,4.506,4.506,4.506,4.506,0.0
2014-02-18,4.512,4.512,4.512,4.512,0.0
2014-02-19,4.54,4.54,4.54,4.54,0.0
2014-02-20,4.59,4.59,4.59,4.59,0.0
2014-02-21,4.612,4.612,4.612,4.612,0.0
2014-02-24,4.639,4.639,4.639,4.639,0.0
2014-02-25,4.652,4.652,4.652,4.652,0.0
2014-02-26,4.629,4.629,4.629,4.629,0.0
2014-02-27,4.576,4.576,4.576,4.576,0.0
2014-02-28,4.546,4.546,4.546,4.546,0.0
2014-03-03,4.544,4.544,4.544,4.544,0.0
2014-03-04,4.572,4.572,4.572,4.572,0.0
2014-03-05,4.592,4.592,4.592,4.592,0.0
2014-03-06,4.702,4.702,4.702,4.702,0.0
2014-03-07,4.664,4.664,4.664,4.664,0.0
2014-03-10,4.674,4.674,4.674,4.674,0.0
2014-03-11,4.675,4.675,4.675,4.675,0.0
2014-03-12,4.709,4.709,4.709,4.709,0.0
2014-03-13,4.756,4.756,4.756,4.756,0.0
2014-03-14,4.831,4.831,4.831,4.831,0.0
2014-03-17,4.813,4.813,4.813,4.813,0.0
2014-03-18,4.763,4.763,4.763,4.763,0.0
2014-03-19,4.806,4.806,4.806,4.806,0.0
2014-03-20,4.835,4.835,4.835,4.835,0.0
2014-03-21,4.825,4.825,4.825,4.825,0.0
2014-03-24,4.85,4.85,4.85,4.85,0.0
2014-03-25,4.875,4.875,4.875,4.875,0.0
2014-03-26,4.894,4.894,4.894,4.894,0.0
2014-03-27,4.891,4.891,4.891,4.891,0.0
2014-03-28,4.866,4.866,4.866,4.866,0.0
2014-03-31,4.866,4.866,4.866,4.866,0.0
2014-04-01,4.825,4.825,4.825,4.825,0.0
2014-04-02,4.849,4.849,4.849,4.849,0.0
2014-04-03,4.912,4.912,4.912,4.912,0.0
2014-04-04,4.918,4.918,4.918,4.918,0.0
2014-04-07,4.938,4.938,4.938,4.938,0.0
2014-04-08,4.942,4.942,4.942,4.942,0.0
2014-04-09,4.997,4.997,4.997,4.997,0.0
2014-04-10,5.022,5.022,5.022,5.022,0.0
2014-04-11,5.025,5.025,5.025,5.025,0.0
2014-04-14,5.023,5.023,5.023,5.023,0.0
2014-04-15,5.03,5.03,5.03,5.03,0.0
2014-04-16,5.035,5.035,5.035,5.035,0.0
2014-04-17,5.036,5.036,5.036,5.036,0.0
2014-04-21,5.004,5.004,5.004,5.004,0.0
2014-04-22,5.018,5.018,5.018,5.018,0.0
2014-04-23,5.011,5.011,5.011,5.011,0.0
2014-04-24,5.05,5.05,5.05,5.05,0.0
2014-04-25,5.039,5.039,5.039,5.039,0.0
2014-04-28,5.052,5.052,5.052,5.052,0.0
2014-04-29,5.106,5.106,5.106,5.106,0.0
2014-04-30,5.112,5.112,5.112,5.112,0.0
2014-05-01,5.116,5.116,5.116,5.116,0.0
2014-05-02,5.104,5.104,5.104,5.104,0.0
2014-05-05,5.091,5.091,5.091,5.091,0.0
2014-05-06,5.107,5.107,5.107,5.107,0.0
2014-05-07,5.112,5.112,5.112,5.112,0.0
2014-05-08,5.122,5.122,5.122,5.122,0.0
2014-05-09,5.148,5.148,5.148,5.148,0.0
2014-05-12,5.118,5.118,5.118,5.118,0.0
2014-05-13,5.109,5.109,5.109,5.109,0.0
2014-05-14,5.132,5.132,5.132,5.132,0.0
2014-05-15,5.102,5.102,5.102,5.102,0.0
2014-05-16,5.067,5.067,5.067,5.067,0.0
2014-05-19,5.068,5.068,5.068,5.068,0.0
2014-05-20,5.068,5.068,5.068,5.068,0.0
2014-05-21,5.073,5.073,5.073,5.073,0.0
2014-05-22,5.08,5.08,5.051,5.051,2.0
2014-05-23,5.071,5.071,5.071,5.071,0.0
2014-05-27,5.094,5.094,5.094,5.094,0.0
2014-05-28,5.087,5.087,5.087,5.087,0.0
2014-05-29,5.09,5.09,5.09,5.09,0.0
2014-05-30,5.086,5.086,5.086,5.086,0.0
2014-06-02,5.121,5.121,5.121,5.121,0.0
2014-06-03,5.098,5.098,5.098,5.098,0.0
2014-06-04,5.093,5.093,5.093,5.093,0.0
2014-06-05,5.112,5.112,5.112,5.112,0.0
2014-06-06,5.128,5.128,5.128,5.128,0.0
2014-06-09,5.114,5.114,5.114,5.114,0.0
2014-06-10,5.157,5.157,5.157,5.157,0.0
2014-06-11,5.148,5.148,5.148,5.148,0.0
2014-06-12,5.143,5.143,5.143,5.143,0.0
2014-06-13,5.171,5.171,5.171,5.171,0.0
2014-06-16,5.17,5.17,5.17,5.17,0.0
2014-06-17,5.206,5.206,5.206,5.206,0.0
2014-06-18,5.22,5.22,5.22,5.22,0.0
2014-06-19,5.239,5.239,5.239,5.239,0.0
2014-06-20,5.199,5.199,5.199,5.199,0.0
2014-06-23,5.18,5.18,5.18,5.18,0.0
2014-06-24,5.176,5.176,5.176,5.176,0.0
2014-06-25,5.189,5.189,5.189,5.189,0.0
2014-06-26,5.121,5.121,5.121,5.121,0.0
2014-06-27,5.106,5.106,5.106,5.106,0.0
2014-06-30,5.125,5.125,5.125,5.125,0.0
2014-07-01,5.141,5.141,5.141,5.141,0.0
2014-07-02,5.112,5.112,5.112,5.112,0.0
2014-07-03,5.107,5.107,5.107,5.107,0.0
2014-07-07,5.081,5.081,5.081,5.081,0.0
2014-07-08,5.057,5.057,5.057,5.057,0.0
2014-07-09,5.025,5.025,5.025,5.025,0.0
2014-07-10,4.972,4.972,4.972,4.972,0.0
2014-07-11,4.966,4.966,4.966,4.966,0.0
2014-07-14,4.96,4.96,4.96,4.96,0.0
2014-07-15,4.949,4.949,4.949,4.949,0.0
2014-07-16,4.964,4.964,4.964,4.964,0.0
2014-07-17,4.945,4.945,4.945,4.945,0.0
2014-07-18,4.972,4.972,4.972,4.972,0.0
2014-07-21,4.953,4.953,4.953,4.953,0.0
2014-07-22,4.907,4.907,4.907,4.907,0.0
2014-07-23,4.883,4.883,4.883,4.883,0.0
2014-07-24,4.874,4.874,4.874,4.874,0.0
2014-07-25,4.869,4.869,4.869,4.869,0.0
2014-07-28,4.856,4.856,4.856,4.856,0.0
2014-07-29,4.802,4.802,4.802,4.802,0.0
2014-07-30,4.822,4.822,4.822,4.822,0.0
2014-07-31,4.848,4.848,4.848,4.848,0.0
2014-08-01,4.867,4.867,4.867,4.867,0.0
2014-08-04,4.858,4.858,4.858,4.858,0.0
2014-08-05,4.851,4.851,4.851,4.851,0.0
2014-08-06,4.851,4.851,4.846,4.846,1.0
2014-08-07,4.86,4.86,4.86,4.86,0.0
2014-08-08,4.866,4.866,4.866,4.866,0.0
2014-08-11,4.821,4.821,4.821,4.821,0.0
2014-08-12,4.803,4.803,4.803,4.803,0.0
2014-08-13,4.785,4.785,4.785,4.785,0.0
2014-08-14,4.796,4.796,4.796,4.796,0.0
2014-08-15,4.771,4.771,4.771,4.771,0.0
2014-08-18,4.78,4.78,4.765,4.771,2.0
2014-08-19,4.774,4.774,4.774,4.774,0.0
2014-08-20,4.754,4.754,4.754,4.754,0.0
2014-08-21,4.757,4.757,4.757,4.757,0.0
2014-08-22,4.753,4.753,4.753,4.753,0.0
2014-08-25,4.761,4.761,4.761,4.761,0.0
2014-08-26,4.765,4.765,4.765,4.765,0.0
2014-08-27,4.78,4.785,4.78,4.785,1.0
2014-08-28,4.781,4.781,4.781,4.781,2.0
2014-08-29,4.775,4.775,4.773,4.773,4.0
2014-09-02,4.746,4.746,4.746,4.746,0.0
2014-09-03,4.757,4.757,4.757,4.757,0.0
2014-09-04,4.767,4.767,4.767,4.767,0.0
2014-09-05,4.75,4.75,4.75,4.75,0.0
2014-09-08,4.755,4.755,4.755,4.755,0.0
2014-09-09,4.753,4.753,4.753,4.753,0.0
2014-09-10,4.774,4.774,4.774,4.774,0.0
2014-09-11,4.793,4.793,4.793,4.793,0.0
2014-09-12,4.767,4.767,4.767,4.767,0.0
2014-09-15,4.761,4.761,4.761,4.761,0.0
2014-09-16,4.766,4.766,4.766,4.766,0.0
2014-09-17,4.755,4.76,4.755,4.76,1.0
2014-09-18,4.735,4.735,4.735,4.735,0.0
2014-09-19,4.733,4.733,4.733,4.733,0.0
2014-09-22,4.73,4.73,4.73,4.73,0.0
2014-09-23,4.721,4.721,4.721,4.721,0.0
2014-09-24,4.751,4.751,4.751,4.751,0.0
2014-09-25,4.75,4.75,4.75,4.75,0.0
2014-09-26,4.731,4.731,4.731,4.731,0.0
2014-09-29,4.742,4.742,4.742,4.742,0.0
2014-09-30,4.761,4.761,4.761,4.761,0.0
2014-10-01,4.734,4.734,4.734,4.734,0.0
2014-10-02,4.742,4.742,4.742,4.742,0.0
2014-10-03,4.721,4.721,4.721,4.721,0.0
2014-10-06,4.721,4.721,4.721,4.721,0.0
2014-10-07,4.724,4.724,4.724,4.724,0.0
2014-10-08,4.729,4.729,4.729,4.729,0.0
2014-10-09,4.739,4.739,4.739,4.739,0.0
2014-10-10,4.736,4.736,4.736,4.736,0.0
2014-10-13,4.746,4.746,4.746,4.746,0.0
2014-10-14,4.736,4.736,4.736,4.736,0.0
2014-10-15,4.721,4.721,4.721,4.721,0.0
2014-10-16,4.726,4.726,4.726,4.726,0.0
2014-10-17,4.736,4.736,4.736,4.736,0.0
2014-10-20,4.723,4.723,4.723,4.723,0.0
2014-10-21,4.718,4.718,4.718,4.718,0.0
2014-10-22,4.699,4.699,4.699,4.699,0.0
2014-10-23,4.689,4.689,4.689,4.689,0.0
2014-10-24,4.673,4.673,4.673,4.673,0.0
2014-10-27,4.66,4.66,4.66,4.66,0.0
2014-10-28,4.647,4.647,4.647,4.647,0.0
2014-10-29,4.647,4.647,4.647,4.647,0.0
2014-10-30,4.64,4.64,4.64,4.64,0.0
2014-10-31,4.655,4.655,4.655,4.655,0.0
2014-11-03,4.666,4.666,4.666,4.666,0.0
2014-11-04,4.661,4.661,4.661,4.661,0.0
2014-11-05,4.632,4.632,4.632,4.632,0.0
2014-11-06,4.619,4.619,4.619,4.619,0.0
2014-11-07,4.616,4.616,4.616,4.616,0.0
2014-11-10,4.61,4.61,4.61,4.61,0.0
2014-11-11,4.625,4.625,4.625,4.625,0.0
2014-11-12,4.646,4.646,4.646,4.646,0.0
2014-11-13,4.64,4.64,4.624,4.624,4.0
2014-11-14,4.65,4.65,4.65,4.65,0.0
2014-11-17,4.655,4.655,4.655,4.655,0.0
2014-11-18,4.632,4.632,4.632,4.632,0.0
2014-11-19,4.627,4.627,4.627,4.627,0.0
2014-11-20,4.622,4.622,4.622,4.622,0.0
2014-11-21,4.61,4.61,4.61,4.61,1.0
2014-11-24,4.664,4.664,4.664,4.664,0.0
2014-11-25,4.641,4.641,4.641,4.641,0.0
2014-11-26,4.634,4.634,4.634,4.634,0.0
2014-11-28,4.652,4.652,4.652,4.652,0.0
2014-12-01,4.697,4.697,4.697,4.697,0.0
2014-12-02,4.686,4.686,4.686,4.686,0.0
2014-12-03,4.668,4.668,4.668,4.668,0.0
2014-12-04,4.643,4.643,4.643,4.643,0.0
2014-12-05,4.669,4.669,4.669,4.669,0.0
2014-12-08,4.67,4.675,4.67,4.675,1.0
2014-12-09,4.71,4.71,4.71,4.71,0.0
2014-12-10,4.7,4.7,4.7,4.7,0.0
2014-12-11,4.68,4.68,4.68,4.68,0.0
2014-12-12,4.671,4.671,4.671,4.671,0.0
2014-12-15,4.653,4.653,4.653,4.653,0.0
2014-12-16,4.605,4.605,4.605,4.605,0.0
2014-12-17,4.63,4.63,4.63,4.63,0.0
2014-12-18,4.606,4.606,4.606,4.606,0.0
2014-12-19,4.554,4.554,4.554,4.554,0.0
2014-12-22,4.533,4.533,4.533,4.533,0.0
2014-12-23,4.513,4.513,4.513,4.513,0.0
2014-12-24,4.504,4.504,4.504,4.504,0.0
2014-12-26,4.501,4.501,4.501,4.501,0.0
2014-12-29,4.507,4.507,4.507,4.507,0.0
2014-12-30,4.496,4.496,4.496,4.496,0.0
2014-12-31,4.464,4.464,4.464,4.464,0.0
2015-01-02,4.449,4.449,4.449,4.449,0.0
2015-01-05,4.449,4.449,4.449,4.449,0.0
2015-01-06,4.417,4.417,4.417,4.417,0.0
2015-01-07,4.366,4.366,4.366,4.366,0.0
2015-01-08,4.352,4.352,4.352,4.352,0.0
2015-01-09,4.34,4.34,4.34,4.34,0.0
2015-01-12,4.249,4.249,4.249,4.249,0.0
2015-01-13,4.241,4.241,4.241,4.241,0.0
2015-01-14,4.166,4.166,4.166,4.166,0.0
2015-01-15,4.102,4.102,4.102,4.102,0.0
2015-01-16,4.08,4.11,4.08,4.11,1.0
2015-01-20,4.098,4.098,4.098,4.098,0.0
2015-01-21,4.118,4.118,4.118,4.118,0.0
2015-01-22,4.132,4.132,4.132,4.132,0.0
2015-01-23,4.114,4.114,4.114,4.114,0.0
2015-01-26,4.132,4.132,4.132,4.132,0.0
2015-01-27,4.126,4.126,4.126,4.126,0.0
2015-01-28,4.138,4.138,4.138,4.138,0.0
2015-01-29,4.117,4.117,4.117,4.117,0.0
2015-01-30,4.124,4.124,4.124,4.124,0.0
2015-02-02,4.087,4.087,4.087,4.087,0.0
2015-02-03,4.105,4.105,4.105,4.105,0.0
2015-02-04,4.109,4.109,4.109,4.109,0.0
2015-02-05,4.034,4.034,4.034,4.034,0.0
2015-02-06,4.083,4.083,4.083,4.083,0.0
2015-02-09,4.085,4.085,4.085,4.085,0.0
2015-02-10,4.106,4.106,4.106,4.106,0.0
2015-02-11,4.096,4.096,4.096,4.096,0.0
2015-02-12,4.097,4.097,4.097,4.097,0.0
2015-02-13,4.137,4.137,4.137,4.137,0.0
2015-02-17,4.075,4.075,4.075,4.075,0.0
2015-02-18,4.09,4.09,4.09,4.09,0.0
2015-02-19,4.064,4.064,4.064,4.064,0.0
2015-02-20,4.066,4.066,4.066,4.066,0.0
2015-02-23,4.038,4.038,4.038,4.038,0.0
2015-02-24,4.043,4.043,4.043,4.043,0.0
2015-02-25,4.049,4.049,4.049,4.049,0.0
2015-02-26,4.019,4.019,4.019,4.019,0.0
2015-02-27,4.02,4.02,4.02,4.02,0.0
2015-03-02,4.014,4.014,4.014,4.014,0.0
2015-03-03,4.02,4.02,4.02,4.02,0.0
2015-03-04,4.014,4.014,4.014,4.014,0.0
2015-03-05,3.985,3.985,3.985,3.985,0.0
2015-03-06,3.985,3.985,3.985,3.985,0.0
2015-03-09,3.958,3.958,3.958,3.958,0.0
2015-03-10,3.956,3.956,3.956,3.956,0.0
2015-03-11,3.949,3.949,3.949,3.949,0.0
2015-03-12,3.918,3.918,3.918,3.918,0.0
2015-03-13,3.914,3.914,3.914,3.914,0.0
2015-03-16,3.927,3.927,3.927,3.927,0.0
2015-03-17,3.917,3.917,3.917,3.917,0.0
2015-03-18,3.939,3.939,3.939,3.939,0.0
2015-03-19,3.94,3.94,3.94,3.94,0.0
2015-03-20,3.918,3.918,3.918,3.918,0.0
2015-03-23,3.919,3.919,3.919,3.919,0.0
2015-03-24,3.928,3.928,3.928,3.928,0.0
2015-03-25,3.896,3.896,3.896,3.896,0.0
2015-03-26,3.887,3.887,3.887,3.887,0.0
2015-03-27,3.862,3.862,3.862,3.862,0.0
2015-03-30,3.85,3.85,3.85,3.85,0.0
2015-03-31,3.862,3.862,3.862,3.862,0.0
2015-04-01,3.851,3.851,3.851,3.851,0.0
2015-04-02,3.893,3.893,3.893,3.893,0.0
2015-04-06,3.886,3.886,3.886,3.886,0.0
2015-04-07,3.88,3.921,3.88,3.921,1.0
2015-04-08,3.923,3.923,3.923,3.923,0.0
2015-04-09,3.923,3.923,3.916,3.916,1.0
2015-04-10,3.911,3.911,3.911,3.911,0.0
2015-04-13,3.901,3.901,3.901,3.901,0.0
2015-04-14,3.895,3.895,3.895,3.895,0.0
2015-04-15,3.909,3.909,3.909,3.909,0.0
2015-04-16,3.934,3.934,3.934,3.934,0.0
2015-04-17,3.917,3.917,3.917,3.917,0.0
2015-04-20,3.914,3.914,3.914,3.914,0.0
2015-04-21,3.917,3.917,3.917,3.917,0.0
2015-04-22,3.924,3.924,3.924,3.924,0.0
2015-04-23,3.888,3.888,3.882,3.882,1.0
2015-04-24,3.88,3.88,3.88,3.88,0.0
2015-04-27,3.86,3.86,3.86,3.86,0.0
2015-04-28,3.858,3.858,3.858,3.858,0.0
2015-04-29,3.865,3.865,3.865,3.865,0.0
2015-04-30,3.869,3.869,3.869,3.869,0.0
2015-05-01,3.874,3.874,3.874,3.874,0.0
2015-05-04,3.881,3.881,3.881,3.881,0.0
2015-05-05,3.887,3.887,3.887,3.887,0.0
2015-05-06,3.895,3.895,3.895,3.895,0.0
2015-05-07,3.892,3.892,3.892,3.892,0.0
2015-05-08,3.912,3.912,3.912,3.912,0.0
2015-05-11,3.888,3.888,3.888,3.888,0.0
2015-05-12,3.888,3.888,3.877,3.877,2.0
2015-05-13,3.886,3.886,3.886,3.886,0.0
2015-05-14,3.895,3.895,3.895,3.895,0.0
2015-05-15,3.888,3.888,3.888,3.888,0.0
2015-05-18,3.893,3.893,3.893,3.893,0.0
2015-05-19,3.886,3.886,3.886,3.886,0.0
2015-05-20,3.883,3.883,3.883,3.883,0.0
2015-05-21,3.87,3.882,3.868,3.882,3.0
2015-05-22,3.874,3.874,3.874,3.874,0.0
2015-05-26,3.875,3.875,3.875,3.875,0.0
2015-05-27,3.87,3.87,3.87,3.87,0.0
2015-05-28,3.862,3.862,3.862,3.862,0.0
2015-05-29,3.852,3.852,3.852,3.852,0.0
2015-06-01,3.851,3.851,3.851,3.851,0.0
2015-06-02,3.848,3.848,3.848,3.848,0.0
2015-06-03,3.825,3.841,3.825,3.841,1.0
2015-06-04,3.795,3.795,3.795,3.795,0.0
2015-06-05,3.795,3.795,3.756,3.756,6.0
2015-06-08,3.756,3.764,3.75,3.764,2.0
2015-06-09,3.781,3.781,3.781,3.781,0.0
2015-06-10,3.786,3.786,3.786,3.786,0.0
2015-06-11,3.8,3.817,3.8,3.817,1.0
2015-06-12,3.82,3.82,3.818,3.818,1.0
2015-06-15,3.833,3.833,3.833,3.833,0.0
2015-06-16,3.853,3.853,3.853,3.853,0.0
2015-06-17,3.85,3.85,3.85,3.85,0.0
2015-06-18,3.825,3.825,3.825,3.825,0.0
2015-06-19,3.85,3.85,3.839,3.839,1.0
2015-06-22,3.815,3.822,3.815,3.822,1.0
2015-06-23,3.821,3.821,3.821,3.821,0.0
2015-06-24,3.822,3.822,3.822,3.822,0.0
2015-06-25,3.823,3.823,3.823,3.823,0.0
2015-06-26,3.824,3.824,3.824,3.824,0.0
2015-06-29,3.83,3.83,3.83,3.83,0.0
2015-06-30,3.842,3.842,3.842,3.842,0.0
2015-07-01,3.843,3.843,3.843,3.843,0.0
2015-07-02,3.847,3.847,3.847,3.847,0.0
2015-07-06,3.805,3.808,3.805,3.808,1.0
2015-07-07,3.8,3.8,3.8,3.8,0.0
2015-07-08,3.81,3.813,3.81,3.813,1.0
2015-07-09,3.816,3.816,3.816,3.816,0.0
2015-07-10,3.817,3.817,3.817,3.817,0.0
2015-07-13,3.817,3.817,3.817,3.817,0.0
2015-07-14,3.84,3.84,3.84,3.84,0.0
2015-07-15,3.854,3.854,3.854,3.854,0.0
2015-07-16,3.832,3.832,3.832,3.832,0.0
2015-07-17,3.839,3.839,3.839,3.839,0.0
2015-07-20,3.832,3.832,3.832,3.832,0.0
2015-07-21,3.831,3.831,3.831,3.831,0.0
2015-07-22,3.827,3.827,3.827,3.827,0.0
2015-07-23,3.81,3.81,3.807,3.807,1.0
2015-07-24,3.807,3.807,3.807,3.807,0.0
2015-07-27,3.813,3.828,3.813,3.828,1.0
2015-07-28,3.827,3.827,3.827,3.827,0.0
2015-07-29,3.823,3.823,3.823,3.823,0.0
2015-07-30,3.805,3.805,3.802,3.802,1.0
2015-07-31,3.771,3.771,3.771,3.771,0.0
2015-08-03,3.757,3.757,3.749,3.749,2.0
2015-08-04,3.745,3.745,3.705,3.712,9.0
2015-08-05,3.7,3.711,3.7,3.711,1.0
2015-08-06,3.711,3.711,3.711,3.711,0.0
2015-08-07,3.7,3.705,3.7,3.705,1.0
2015-08-10,3.703,3.703,3.703,3.703,0.0
2015-08-11,3.68,3.68,3.68,3.68,0.0
2015-08-12,3.675,3.675,3.675,3.675,0.0
2015-08-13,3.672,3.672,3.672,3.672,0.0
2015-08-14,3.675,3.675,3.675,3.675,0.0
2015-08-17,3.669,3.669,3.669,3.669,0.0
2015-08-18,3.666,3.666,3.666,3.666,0.0
2015-08-19,3.67,3.67,3.628,3.628,1.0
2015-08-20,3.614,3.614,3.614,3.614,0.0
2015-08-21,3.584,3.584,3.584,3.584,0.0
2015-08-24,3.538,3.538,3.538,3.538,0.0
2015-08-25,3.517,3.517,3.517,3.517,0.0
2015-08-26,3.527,3.527,3.527,3.527,0.0
2015-08-27,3.539,3.539,3.539,3.539,0.0
2015-08-28,3.561,3.561,3.561,3.561,0.0
2015-08-31,3.558,3.558,3.558,3.558,0.0
2015-09-01,3.57,3.57,3.57,3.57,0.0
2015-09-02,3.558,3.558,3.558,3.558,0.0
2015-09-03,3.56,3.56,3.56,3.56,0.0
2015-09-04,3.551,3.551,3.551,3.551,0.0
2015-09-08,3.557,3.557,3.557,3.557,0.0
2015-09-09,3.572,3.572,3.572,3.572,0.0
2015-09-10,3.575,3.575,3.575,3.575,0.0
2015-09-11,3.544,3.544,3.544,3.544,0.0
2015-09-14,3.555,3.555,3.555,3.555,0.0
2015-09-15,3.556,3.556,3.556,3.556,0.0
2015-09-16,3.525,3.531,3.525,3.531,1.0
2015-09-17,3.504,3.504,3.504,3.504,0.0
2015-09-18,3.49,3.49,3.49,3.49,0.0
2015-09-21,3.479,3.479,3.479,3.479,0.0
2015-09-22,3.471,3.471,3.471,3.471,0.0
2015-09-23,3.479,3.479,3.479,3.479,0.0
2015-09-24,3.515,3.515,3.515,3.515,0.0
2015-09-25,3.481,3.481,3.481,3.481,0.0
2015-09-28,3.478,3.478,3.478,3.478,0.0
2015-09-29,3.449,3.449,3.449,3.449,0.0
2015-09-30,3.42,3.42,3.42,3.42,0.0
2015-10-01,3.393,3.393,3.393,3.393,0.0
2015-10-02,3.406,3.406,3.406,3.406,0.0
2015-10-05,3.42,3.42,3.42,3.42,0.0
2015-10-06,3.447,3.447,3.447,3.447,0.0
2015-10-07,3.449,3.449,3.449,3.449,0.0
2015-10-08,3.449,3.449,3.449,3.449,0.0
2015-10-09,3.449,3.449,3.449,3.449,0.0
2015-10-12,3.459,3.459,3.459,3.459,0.0
2015-10-13,3.456,3.456,3.456,3.456,0.0
2015-10-14,3.458,3.458,3.458,3.458,0.0
2015-10-15,3.443,3.443,3.443,3.443,0.0
2015-10-16,3.442,3.442,3.442,3.442,0.0
2015-10-19,3.448,3.448,3.448,3.448,0.0
2015-10-20,3.468,3.468,3.468,3.468,0.0
2015-10-21,3.451,3.451,3.451,3.451,0.0
2015-10-22,3.441,3.441,3.441,3.441,0.0
2015-10-23,3.404,3.404,3.404,3.404,0.0
2015-10-26,3.395,3.395,3.365,3.365,1.0
2015-10-27,3.36,3.36,3.36,3.36,0.0
2015-10-28,3.359,3.359,3.359,3.359,0.0
2015-10-29,3.34,3.344,3.335,3.344,3.0
2015-10-30,3.368,3.368,3.368,3.368,0.0
2015-11-02,3.34,3.38,3.34,3.349,19.0
2015-11-03,3.363,3.363,3.363,3.363,0.0
2015-11-04,3.371,3.371,3.371,3.371,0.0
2015-11-05,3.383,3.383,3.383,3.383,0.0
2015-11-06,3.381,3.381,3.381,3.381,0.0
2015-11-09,3.37,3.37,3.37,3.37,0.0
2015-11-10,3.373,3.373,3.373,3.373,0.0
2015-11-11,3.358,3.362,3.358,3.362,9.0
2015-11-12,3.35,3.352,3.35,3.352,1.0
2015-11-13,3.372,3.372,3.372,3.372,0.0
2015-11-16,3.355,3.382,3.355,3.382,1.0
2015-11-17,3.377,3.377,3.377,3.377,0.0
2015-11-18,3.324,3.324,3.324,3.324,0.0
2015-11-19,3.282,3.282,3.282,3.282,0.0
2015-11-20,3.245,3.245,3.245,3.245,0.0
2015-11-23,3.268,3.268,3.268,3.268,0.0
2015-11-24,3.274,3.274,3.274,3.274,0.0
2015-11-25,3.287,3.287,3.287,3.287,0.0
2015-11-27,3.25,3.269,3.25,3.269,1.0
2015-11-30,3.275,3.296,3.275,3.296,1.0
2015-12-01,3.303,3.303,3.303,3.303,0.0
2015-12-02,3.324,3.324,3.324,3.324,0.0
2015-12-03,3.317,3.317,3.317,3.317,0.0
2015-12-04,3.324,3.324,3.324,3.324,0.0
2015-12-07,3.309,3.309,3.309,3.309,0.0
2015-12-08,3.318,3.318,3.318,3.318,0.0
2015-12-09,3.32,3.339,3.32,3.339,1.0
2015-12-10,3.361,3.361,3.361,3.361,0.0
2015-12-11,3.375,3.375,3.375,3.375,50.0
2015-12-14,3.361,3.361,3.338,3.338,2.0
2015-12-15,3.313,3.313,3.313,3.313,0.0
2015-12-16,3.338,3.338,3.338,3.338,0.0
2015-12-17,3.38,3.38,3.338,3.353,6.0
2015-12-18,3.352,3.352,3.352,3.352,0.0
2015-12-21,3.357,3.357,3.357,3.357,0.0
2015-12-22,3.346,3.346,3.346,3.346,0.0
2015-12-23,3.344,3.344,3.344,3.344,0.0
2015-12-24,3.344,3.344,3.344,3.344,0.0
2015-12-28,3.371,3.371,3.371,3.371,0.0
2015-12-29,3.36,3.36,3.356,3.356,1.0
2015-12-30,3.325,3.35,3.325,3.346,2.0
2015-12-31,3.351,3.351,3.351,3.351,0.0
2016-01-04,3.32,3.33,3.32,3.33,1.0
2016-01-05,3.31,3.315,3.31,3.315,17.0
2016-01-06,3.318,3.318,3.318,3.318,0.0
2016-01-07,3.343,3.343,3.343,3.343,0.0
2016-01-08,3.37,3.37,3.33,3.33,17.0
2016-01-11,3.294,3.294,3.294,3.294,0.0
2016-01-12,3.265,3.265,3.265,3.265,0.0
2016-01-13,3.28,3.29,3.28,3.283,6.0
2016-01-14,3.29,3.29,3.275,3.289,3.0
2016-01-15,3.275,3.275,3.275,3.275,0.0
2016-01-19,3.277,3.277,3.277,3.277,0.0
2016-01-20,3.282,3.282,3.282,3.282,0.0
2016-01-21,3.293,3.293,3.293,3.293,0.0
2016-01-22,3.292,3.292,3.292,3.292,0.0
2016-01-25,3.285,3.285,3.285,3.285,0.0
2016-01-26,3.277,3.277,3.277,3.277,0.0
2016-01-27,3.276,3.276,3.276,3.276,0.0
2016-01-28,3.297,3.297,3.297,3.297,0.0
2016-01-29,3.31,3.31,3.291,3.291,1.0
2016-02-01,3.246,3.246,3.246,3.246,0.0
2016-02-02,3.183,3.183,3.183,3.183,0.0
2016-02-03,3.22,3.22,3.22,3.22,1.0
2016-02-04,3.228,3.228,3.228,3.228,0.0
2016-02-05,3.223,3.223,3.223,3.223,4.0
2016-02-08,3.169,3.169,3.169,3.169,0.0
2016-02-09,3.132,3.132,3.132,3.132,0.0
2016-02-10,3.104,3.104,3.104,3.104,50.0
2016-02-11,3.11,3.11,3.069,3.069,1.0
2016-02-12,3.041,3.041,3.041,3.041,0.0
2016-02-16,3.006,3.006,3.006,3.006,0.0
2016-02-17,3.0,3.0,2.98,2.998,3.0
2016-02-18,2.97,3.0,2.969,2.969,2.0
2016-02-19,2.933,2.933,2.933,2.933,0.0
2016-02-22,2.933,2.933,2.872,2.872,19.0
2016-02-23,2.875,2.885,2.875,2.885,1.0
2016-02-24,2.88,2.897,2.88,2.897,1.0
2016-02-25,2.87,2.87,2.863,2.863,1.0
2016-02-26,2.886,2.886,2.886,2.886,0.0
2016-02-29,2.915,2.937,2.915,2.937,1.0
2016-03-01,2.983,2.983,2.983,2.983,0.0
2016-03-02,2.99,2.99,2.99,2.99,0.0
2016-03-03,3.0,3.0,2.998,2.998,2.0
2016-03-04,2.997,2.997,2.997,2.997,0.0
2016-03-07,3.004,3.004,3.004,3.004,0.0
2016-03-08,3.01,3.01,3.01,3.01,0.0
2016-03-09,3.048,3.048,3.048,3.048,0.0
2016-03-10,3.079,3.079,3.079,3.079,0.0
2016-03-11,3.125,3.125,3.095,3.097,17.0
2016-03-14,3.087,3.087,3.087,3.087,0.0
2016-03-15,3.087,3.088,3.087,3.088,5.0
2016-03-16,3.098,3.098,3.098,3.098,0.0
2016-03-17,3.093,3.101,3.093,3.101,1.0
2016-03-18,3.095,3.095,3.095,3.095,0.0
2016-03-21,3.085,3.085,3.082,3.082,2.0
2016-03-22,3.107,3.107,3.107,3.107,0.0
2016-03-23,3.123,3.123,3.123,3.123,0.0
2016-03-24,3.141,3.141,3.141,3.141,0.0
2016-03-28,3.19,3.201,3.19,3.201,1.0
2016-03-29,3.222,3.222,3.222,3.222,0.0
2016-03-30,3.219,3.219,3.219,3.219,0.0
2016-03-31,3.213,3.213,3.213,3.213,0.0
2016-04-01,3.209,3.209,3.209,3.209,0.0
2016-04-04,3.216,3.216,3.216,3.216,0.0
2016-04-05,3.224,3.224,3.224,3.224,0.0
2016-04-06,3.223,3.235,3.223,3.235,11.0
2016-04-07,3.24,3.24,3.24,3.24,0.0
2016-04-08,3.255,3.255,3.255,3.255,0.0
2016-04-11,3.252,3.252,3.252,3.252,0.0
2016-04-12,3.252,3.258,3.247,3.258,6.0
2016-04-13,3.263,3.263,3.263,3.263,0.0
2016-04-14,3.261,3.261,3.261,3.261,0.0
2016-04-15,3.228,3.228,3.228,3.228,0.0
2016-04-18,3.242,3.242,3.242,3.242,0.0
2016-04-19,3.255,3.255,3.255,3.255,0.0
2016-04-20,3.254,3.254,3.254,3.254,0.0
2016-04-21,3.277,3.277,3.277,3.277,0.0
2016-04-22,3.272,3.272,3.272,3.272,0.0
2016-04-25,3.287,3.287,3.287,3.287,0.0
2016-04-26,3.318,3.318,3.318,3.318,0.0
2016-04-27,3.327,3.327,3.327,3.327,0.0
2016-04-28,3.317,3.317,3.317,3.317,0.0
2016-04-29,3.32,3.32,3.316,3.316,5.0
2016-05-02,3.296,3.296,3.296,3.296,0.0
2016-05-03,3.304,3.304,3.304,3.304,0.0
2016-05-04,3.313,3.313,3.313,3.313,0.0
2016-05-05,3.333,3.333,3.333,3.333,0.0
2016-05-06,3.345,3.345,3.3,3.304,3.0
2016-05-09,3.286,3.286,3.286,3.286,0.0
2016-05-10,3.27,3.27,3.27,3.27,0.0
2016-05-11,3.271,3.271,3.271,3.271,0.0
2016-05-12,3.258,3.258,3.258,3.258,0.0
2016-05-13,3.24,3.24,3.238,3.238,1.0
2016-05-16,3.239,3.239,3.239,3.239,0.0
2016-05-17,3.23,3.23,3.223,3.223,5.0
2016-05-18,3.204,3.204,3.204,3.204,0.0
2016-05-19,3.23,3.23,3.23,3.23,0.0
2016-05-20,3.218,3.218,3.218,3.218,0.0
2016-05-23,3.23,3.23,3.23,3.23,0.0
2016-05-24,3.254,3.254,3.254,3.254,0.0
2016-05-25,3.3,3.3,3.3,3.3,0.0
2016-05-26,3.326,3.326,3.326,3.326,0.0
2016-05-27,3.338,3.338,3.338,3.338,0.0
2016-05-31,3.343,3.343,3.343,3.343,0.0
2016-06-01,3.32,3.321,3.32,3.321,1.0
2016-06-02,3.327,3.327,3.327,3.327,0.0
2016-06-03,3.315,3.315,3.315,3.315,0.0
2016-06-06,3.316,3.316,3.316,3.316,0.0
2016-06-07,3.34,3.34,3.34,3.34,0.0
2016-06-08,3.336,3.336,3.336,3.336,0.0
2016-06-09,3.32,3.32,3.32,3.32,0.0
2016-06-10,3.305,3.305,3.302,3.302,30.0
2016-06-13,3.266,3.266,3.266,3.266,0.0
2016-06-14,3.249,3.249,3.249,3.249,0.0
2016-06-15,3.244,3.244,3.244,3.244,0.0
2016-06-16,3.244,3.244,3.244,3.244,6.0
2016-06-17,3.235,3.235,3.235,3.235,0.0
2016-06-20,3.237,3.237,3.237,3.237,0.0
2016-06-21,3.227,3.227,3.227,3.227,0.0
2016-06-22,3.234,3.234,3.234,3.234,0.0
2016-06-23,3.233,3.233,3.233,3.233,0.0
2016-06-24,3.241,3.241,3.241,3.241,0.0
2016-06-27,3.224,3.224,3.224,3.224,0.0
2016-06-28,3.254,3.254,3.254,3.254,12.0
2016-06-29,3.253,3.253,3.253,3.253,0.0
2016-06-30,3.268,3.268,3.268,3.268,0.0
2016-07-01,3.283,3.283,3.283,3.283,0.0
2016-07-05,3.26,3.26,3.26,3.26,1.0
2016-07-06,3.282,3.282,3.282,3.282,0.0
2016-07-07,3.275,3.275,3.275,3.275,0.0
2016-07-08,3.277,3.277,3.277,3.277,0.0
2016-07-11,3.273,3.273,3.273,3.273,0.0
2016-07-12,3.273,3.273,3.273,3.273,0.0
2016-07-13,3.285,3.285,3.285,3.285,0.0
2016-07-14,3.284,3.284,3.284,3.284,0.0
2016-07-15,3.273,3.273,3.273,3.273,0.0
2016-07-18,3.278,3.278,3.278,3.278,0.0
2016-07-19,3.266,3.266,3.266,3.266,0.0
2016-07-20,3.256,3.256,3.256,3.256,0.0
2016-07-21,3.265,3.265,3.265,3.265,0.0
2016-07-22,3.271,3.271,3.271,3.271,0.0
2016-07-25,3.277,3.277,3.277,3.277,0.0
2016-07-26,3.275,3.275,3.275,3.275,0.0
2016-07-27,3.263,3.263,3.263,3.263,12.0
2016-07-28,3.264,3.264,3.264,3.264,0.0
2016-07-29,3.267,3.267,3.267,3.267,0.0
2016-08-01,3.247,3.247,3.247,3.247,0.0
2016-08-02,3.225,3.257,3.225,3.257,1.0
2016-08-03,3.24,3.259,3.24,3.259,1.0
2016-08-04,3.28,3.28,3.28,3.28,0.0
2016-08-05,3.275,3.275,3.275,3.275,0.0
2016-08-08,3.279,3.279,3.279,3.279,0.0
2016-08-09,3.264,3.264,3.264,3.264,0.0
2016-08-10,3.24,3.24,3.24,3.24,0.0
2016-08-11,3.228,3.228,3.228,3.228,0.0
2016-08-12,3.225,3.225,3.225,3.225,0.0
2016-08-15,3.225,3.225,3.225,3.225,0.0
2016-08-16,3.239,3.239,3.239,3.239,0.0
2016-08-17,3.249,3.249,3.249,3.249,0.0
2016-08-18,3.252,3.252,3.252,3.252,0.0
2016-08-19,3.235,3.235,3.235,3.235,1.0
2016-08-22,3.232,3.232,3.232,3.232,0.0
2016-08-23,3.242,3.242,3.242,3.242,0.0
2016-08-24,3.268,3.268,3.268,3.268,0.0
2016-08-25,3.245,3.25,3.245,3.25,1.0
2016-08-26,3.235,3.235,3.235,3.235,0.0
2016-08-29,3.236,3.236,3.236,3.236,12.0
2016-08-30,3.22,3.234,3.212,3.234,2.0
2016-08-31,3.254,3.254,3.254,3.254,0.0
2016-09-01,3.219,3.219,3.219,3.219,0.0
2016-09-02,3.213,3.213,3.213,3.213,0.0
2016-09-06,3.209,3.209,3.209,3.209,0.0
2016-09-07,3.199,3.199,3.199,3.199,0.0
2016-09-08,3.213,3.213,3.213,3.213,0.0
2016-09-09,3.195,3.195,3.185,3.185,3.0
2016-09-12,3.187,3.187,3.187,3.187,0.0
2016-09-13,3.182,3.182,3.18,3.18,1.0
2016-09-14,3.18,3.18,3.18,3.18,0.0
2016-09-15,3.169,3.169,3.169,3.169,0.0
2016-09-16,3.162,3.162,3.162,3.162,0.0
2016-09-19,3.163,3.163,3.163,3.163,0.0
2016-09-20,3.15,3.158,3.15,3.158,1.0
2016-09-21,3.162,3.162,3.162,3.162,0.0
2016-09-22,3.147,3.147,3.147,3.147,0.0
2016-09-23,3.139,3.139,3.139,3.139,0.0
2016-09-26,3.15,3.15,3.15,3.15,0.0
2016-09-27,3.125,3.125,3.123,3.123,1.0
2016-09-28,3.104,3.104,3.104,3.104,0.0
2016-09-29,3.086,3.086,3.086,3.086,0.0
2016-09-30,3.05,3.075,3.05,3.075,5.0
2016-10-03,3.09,3.09,3.09,3.09,0.0
2016-10-04,3.06,3.076,3.05,3.076,2.0
2016-10-05,3.115,3.115,3.115,3.115,0.0
2016-10-06,3.105,3.109,3.105,3.109,6.0
2016-10-07,3.13,3.13,3.13,3.13,1.0
2016-10-10,3.126,3.126,3.126,3.126,0.0
2016-10-11,3.12,3.175,3.12,3.175,2.0
2016-10-12,3.167,3.167,3.167,3.167,0.0
2016-10-13,3.175,3.177,3.175,3.177,8.0
2016-10-14,3.169,3.169,3.169,3.169,0.0
2016-10-17,3.178,3.178,3.178,3.178,0.0
2016-10-18,3.188,3.188,3.188,3.188,0.0
2016-10-19,3.177,3.177,3.177,3.177,0.0
2016-10-20,3.19,3.19,3.184,3.184,1.0
2016-10-21,3.175,3.187,3.175,3.187,1.0
2016-10-24,3.187,3.187,3.187,3.187,0.0
2016-10-25,3.164,3.164,3.164,3.164,0.0
2016-10-26,3.148,3.148,3.122,3.122,1.0
2016-10-27,3.185,3.185,3.164,3.164,1.0
2016-10-28,3.195,3.2,3.19,3.19,110.0
2016-10-31,3.188,3.188,3.188,3.188,0.0
2016-11-01,3.191,3.191,3.191,3.191,0.0
2016-11-02,3.195,3.195,3.171,3.171,2.0
2016-11-03,3.165,3.165,3.159,3.159,1.0
2016-11-04,3.149,3.149,3.149,3.149,0.0
2016-11-07,3.168,3.168,3.168,3.168,0.0
2016-11-08,3.142,3.142,3.142,3.142,0.0
2016-11-09,3.14,3.14,3.14,3.14,0.0
2016-11-10,3.138,3.138,3.138,3.138,0.0
2016-11-11,3.154,3.154,3.154,3.154,0.0
2016-11-14,3.161,3.161,3.161,3.161,0.0
2016-11-15,3.15,3.15,3.127,3.127,1.0
2016-11-16,3.141,3.141,3.141,3.141,0.0
2016-11-17,3.166,3.166,3.166,3.166,0.0
2016-11-18,3.205,3.205,3.186,3.186,2.0
2016-11-21,3.197,3.197,3.197,3.197,0.0
2016-11-22,3.18,3.18,3.179,3.179,1.0
2016-11-23,3.177,3.177,3.177,3.177,0.0
2016-11-25,3.176,3.176,3.176,3.176,0.0
2016-11-28,3.18,3.18,3.15,3.165,16.0
2016-11-29,3.138,3.138,3.138,3.138,0.0
2016-11-30,3.143,3.143,3.143,3.143,0.0
2016-12-01,3.154,3.154,3.154,3.154,0.0
2016-12-02,3.14,3.142,3.14,3.142,1.0
2016-12-05,3.145,3.145,3.145,3.145,0.0
2016-12-06,3.11,3.145,3.109,3.109,2.0
2016-12-07,3.12,3.12,3.12,3.12,1.0
2016-12-08,3.134,3.134,3.134,3.134,0.0
2016-12-09,3.135,3.135,3.135,3.135,0.0
2016-12-12,3.13,3.13,3.13,3.13,0.0
2016-12-13,3.115,3.14,3.115,3.118,2.0
2016-12-14,3.11,3.11,3.1,3.102,2.0
2016-12-15,3.107,3.107,3.107,3.107,0.0
2016-12-16,3.135,3.135,3.132,3.132,1.0
2016-12-19,3.155,3.155,3.136,3.136,2.0
2016-12-20,3.11,3.11,3.078,3.078,6.0
2016-12-21,3.13,3.13,3.11,3.115,2.0
2016-12-22,3.09,3.09,3.06,3.067,3.0
2016-12-23,3.076,3.076,3.076,3.076,0.0
2016-12-27,3.085,3.085,3.085,3.085,0.0
2016-12-28,3.105,3.105,3.105,3.105,0.0
2016-12-29,3.115,3.115,3.106,3.106,1.0
2016-12-30,3.12,3.12,3.104,3.104,1.0
2017-01-03,3.095,3.095,3.095,3.095,0.0
2017-01-04,3.095,3.095,3.089,3.089,1.0
2017-01-05,3.105,3.105,3.105,3.105,0.0
2017-01-06,3.11,3.117,3.11,3.117,1.0
2017-01-09,3.11,3.12,3.105,3.105,7.0
2017-01-10,3.15,3.163,3.15,3.152,10.0
2017-01-11,3.166,3.166,3.166,3.166,0.0
2017-01-12,3.184,3.184,3.184,3.184,0.0
2017-01-13,3.175,3.175,3.175,3.175,0.0
2017-01-17,3.164,3.164,3.164,3.164,0.0
2017-01-18,3.17,3.17,3.17,3.17,0.0
2017-01-19,3.173,3.173,3.162,3.162,2.0
2017-01-20,3.15,3.15,3.138,3.138,2.0
2017-01-23,3.138,3.138,3.138,3.138,0.0
2017-01-24,3.116,3.116,3.116,3.116,0.0
2017-01-25,3.12,3.12,3.11,3.11,1.0
2017-01-26,3.11,3.11,3.107,3.107,8.0
2017-01-27,3.1,3.1,3.095,3.095,2.0
2017-01-30,3.094,3.094,3.094,3.094,0.0
2017-01-31,3.091,3.091,3.091,3.091,0.0
2017-02-01,3.097,3.097,3.097,3.097,0.0
2017-02-02,3.115,3.115,3.115,3.115,0.0
2017-02-03,3.084,3.084,3.084,3.084,110.0
2017-02-06,3.097,3.097,3.097,3.097,4.0
2017-02-07,3.11,3.119,3.11,3.119,1.0
2017-02-08,3.12,3.125,3.109,3.109,2.0
2017-02-09,3.113,3.113,3.113,3.113,0.0
2017-02-10,3.093,3.093,3.093,3.093,0.0
2017-02-13,3.088,3.088,3.088,3.088,0.0
2017-02-14,3.079,3.079,3.079,3.079,0.0
2017-02-15,3.08,3.08,3.08,3.08,0.0
2017-02-16,3.083,3.083,3.083,3.083,0.0
2017-02-17,3.079,3.079,3.079,3.079,0.0
2017-02-21,3.065,3.065,3.048,3.048,3.0
2017-02-22,3.064,3.064,3.064,3.064,0.0
2017-02-23,3.074,3.074,3.07,3.07,14.0
2017-02-24,3.072,3.072,3.068,3.068,14.0
2017-02-27,3.065,3.065,3.065,3.065,0.0
2017-02-28,3.074,3.074,3.074,3.074,0.0
2017-03-01,3.09,3.108,3.09,3.108,8.0
2017-03-02,3.116,3.116,3.113,3.113,90.0
2017-03-03,3.115,3.115,3.115,3.115,0.0
2017-03-06,3.12,3.12,3.105,3.105,3.0
2017-03-07,3.09,3.105,3.09,3.105,11.0
2017-03-08,3.111,3.111,3.109,3.109,6.0
2017-03-09,3.108,3.108,3.108,3.108,0.0
2017-03-10,3.099,3.099,3.099,3.099,0.0
2017-03-13,3.085,3.091,3.085,3.091,1.0
2017-03-14,3.08,3.104,3.055,3.055,3.0
2017-03-15,3.07,3.07,3.056,3.056,1.0
2017-03-16,3.067,3.067,3.067,3.067,0.0
2017-03-17,3.073,3.073,3.073,3.073,0.0
2017-03-20,3.083,3.083,3.081,3.081,35.0
2017-03-21,3.086,3.086,3.086,3.086,0.0
2017-03-22,3.085,3.085,3.085,3.085,10.0
2017-03-23,3.095,3.1,3.095,3.097,2.0
2017-03-24,3.1,3.1,3.096,3.096,3.0
2017-03-27,3.095,3.095,3.095,3.095,10.0
2017-03-28,3.095,3.095,3.078,3.078,33.0
2017-03-29,3.101,3.101,3.101,3.101,0.0
2017-03-30,3.085,3.085,3.085,3.085,0.0
2017-03-31,3.09,3.09,3.063,3.07,9.0
2017-04-03,3.078,3.078,3.078,3.078,0.0
2017-04-04,3.098,3.1,3.074,3.074,4.0
2017-04-05,3.084,3.084,3.084,3.084,2.0
2017-04-06,3.07,3.07,3.067,3.067,3.0
2017-04-07,3.07,3.07,3.07,3.07,0.0
2017-04-10,3.08,3.08,3.065,3.065,22.0
2017-04-11,3.08,3.08,3.078,3.078,109.0
2017-04-12,3.09,3.095,3.079,3.079,3.0
2017-04-13,3.09,3.111,3.09,3.111,21.0
2017-04-17,3.107,3.107,3.107,3.107,0.0
2017-04-18,3.12,3.132,3.12,3.132,21.0
2017-04-19,3.157,3.157,3.157,3.157,0.0
2017-04-20,3.175,3.177,3.175,3.177,3.0
2017-04-21,3.165,3.165,3.158,3.158,1.0
2017-04-24,3.155,3.157,3.155,3.157,1.0
2017-04-25,3.15,3.166,3.15,3.166,1.0
2017-04-26,3.171,3.171,3.171,3.171,0.0
2017-04-27,3.16,3.16,3.153,3.153,1.0
2017-04-28,3.145,3.175,3.145,3.157,24.0
2017-05-01,3.155,3.155,3.12,3.12,13.0
2017-05-02,3.115,3.115,3.115,3.115,0.0
2017-05-03,3.12,3.124,3.12,3.124,4.0
2017-05-04,3.128,3.128,3.128,3.128,1.0
2017-05-05,3.139,3.139,3.139,3.139,0.0
2017-05-08,3.139,3.139,3.111,3.111,1.0
2017-05-09,3.12,3.12,3.105,3.107,36.0
2017-05-10,3.11,3.11,3.102,3.102,3.0
2017-05-11,3.103,3.104,3.103,3.104,2.0
2017-05-12,3.11,3.11,3.099,3.099,4.0
2017-05-15,3.103,3.11,3.093,3.093,172.0
2017-05-16,3.098,3.098,3.098,3.098,0.0
2017-05-17,3.106,3.114,3.106,3.114,2.0
2017-05-18,3.118,3.14,3.118,3.118,2.0
2017-05-19,3.12,3.12,3.103,3.103,1.0
2017-05-22,3.125,3.125,3.106,3.106,2.0
2017-05-23,3.102,3.105,3.099,3.099,3.0
2017-05-24,3.09,3.09,3.088,3.088,1.0
2017-05-25,3.092,3.095,3.092,3.095,5.0
2017-05-26,3.095,3.095,3.086,3.086,15.0
2017-05-30,3.08,3.092,3.08,3.092,2.0
2017-05-31,3.08,3.08,3.075,3.076,3.0
2017-06-01,3.09,3.09,3.084,3.084,1.0
2017-06-02,3.096,3.096,3.096,3.096,0.0
2017-06-05,3.095,3.095,3.082,3.088,25.0
2017-06-06,3.088,3.095,3.088,3.095,7.0
2017-06-07,3.08,3.098,3.075,3.098,4.0
2017-06-08,3.09,3.105,3.09,3.105,1.0
2017-06-09,3.1,3.1,3.1,3.1,5.0
2017-06-12,3.097,3.097,3.097,3.097,2.0
2017-06-13,3.085,3.111,3.085,3.111,20.0
2017-06-14,3.115,3.12,3.106,3.106,10.0
2017-06-15,3.09,3.108,3.09,3.108,1.0
2017-06-16,3.099,3.099,3.099,3.099,0.0
2017-06-19,3.1,3.1,3.09,3.09,4.0
2017-06-20,3.103,3.103,3.103,3.103,2.0
2017-06-21,3.12,3.12,3.12,3.12,0.0
2017-06-22,3.12,3.12,3.115,3.118,7.0
2017-06-23,3.115,3.118,3.11,3.118,6.0
2017-06-26,3.11,3.11,3.108,3.108,1.0
2017-06-27,3.093,3.093,3.093,3.093,36.0
2017-06-28,3.084,3.084,3.084,3.084,10.0
2017-06-29,3.086,3.088,3.086,3.088,3.0
2017-06-30,3.087,3.095,3.08,3.095,16.0
2017-07-03,3.08,3.083,3.08,3.083,1.0
2017-07-05,3.07,3.07,3.05,3.05,1.0
2017-07-06,3.037,3.037,3.037,3.037,0.0
2017-07-07,3.032,3.032,3.032,3.032,1.0
2017-07-10,3.039,3.039,3.039,3.039,0.0
2017-07-11,3.045,3.045,3.038,3.038,1.0
2017-07-12,3.029,3.029,3.029,3.029,0.0
2017-07-13,3.054,3.054,3.054,3.054,0.0
2017-07-14,3.059,3.059,3.059,3.059,0.0
2017-07-17,3.061,3.061,3.061,3.061,5.0
2017-07-18,3.075,3.075,3.075,3.075,3.0
2017-07-19,3.06,3.06,3.06,3.06,1.0
2017-07-20,3.059,3.059,3.059,3.059,0.0
2017-07-21,3.045,3.045,3.045,3.045,0.0
2017-07-24,3.04,3.04,3.0,3.004,13.0
2017-07-25,3.01,3.015,3.01,3.015,11.0
2017-07-26,3.0,3.016,3.0,3.016,4.0
2017-07-27,3.005,3.015,3.005,3.012,18.0
2017-07-28,3.015,3.025,3.015,3.023,56.0
2017-07-31,3.01,3.017,3.01,3.017,1.0
2017-08-01,3.015,3.033,3.015,3.024,26.0
2017-08-02,3.033,3.037,3.03,3.037,8.0
2017-08-03,3.054,3.054,3.054,3.054,23.0
2017-08-04,3.035,3.038,3.035,3.038,30.0
2017-08-07,3.044,3.044,3.044,3.044,0.0
2017-08-08,3.055,3.055,3.055,3.055,100.0
2017-08-09,3.045,3.045,3.042,3.042,12.0
2017-08-10,3.047,3.047,3.046,3.046,12.0
2017-08-11,3.046,3.046,3.046,3.046,10.0
2017-08-14,3.04,3.052,3.04,3.052,2.0
2017-08-15,3.038,3.038,3.038,3.038,0.0
2017-08-16,3.03,3.03,3.023,3.023,1.0
2017-08-17,3.021,3.032,3.021,3.032,13.0
2017-08-18,3.03,3.036,3.03,3.031,12.0
2017-08-21,3.034,3.05,3.034,3.041,7.0
2017-08-22,3.04,3.045,3.025,3.026,69.0
2017-08-23,3.02,3.025,3.02,3.025,12.0
2017-08-24,3.02,3.04,3.019,3.019,34.0
2017-08-25,3.01,3.01,3.008,3.008,6.0
2017-08-28,3.021,3.021,3.021,3.021,0.0
2017-08-29,3.032,3.032,3.032,3.032,0.0
2017-08-30,3.035,3.035,3.031,3.031,0.0
2017-08-31,3.042,3.042,3.042,3.042,48.0
2017-09-01,3.055,3.055,3.047,3.047,34.0
2017-09-05,3.04,3.043,3.04,3.043,1.0
2017-09-06,3.048,3.048,3.048,3.048,0.0
2017-09-07,3.06,3.07,3.06,3.068,27.0
2017-09-08,3.07,3.07,3.07,3.07,12.0
2017-09-11,3.082,3.087,3.082,3.087,8.0
2017-09-12,3.09,3.095,3.09,3.095,12.0
2017-09-13,3.085,3.086,3.085,3.086,1.0
2017-09-14,3.085,3.097,3.085,3.097,1.0
2017-09-15,3.12,3.12,3.111,3.111,120.0
2017-09-18,3.15,3.15,3.13,3.13,11.0
2017-09-19,3.123,3.123,3.123,3.123,3.0
2017-09-20,3.122,3.122,3.122,3.122,67.0
2017-09-21,3.115,3.115,3.11,3.11,2.0
2017-09-22,3.133,3.133,3.133,3.133,0.0
2017-09-25,3.11,3.11,3.107,3.107,1.0
2017-09-26,3.105,3.11,3.105,3.11,2.0
2017-09-27,3.125,3.125,3.12,3.121,255.0
2017-09-28,3.1,3.113,3.1,3.113,5.0
2017-09-29,3.095,3.101,3.088,3.101,14.0
2017-10-02,3.08,3.101,3.08,3.101,31.0
2017-10-03,3.1,3.105,3.1,3.105,1.0
2017-10-04,3.103,3.103,3.103,3.103,0.0
2017-10-05,3.11,3.11,3.105,3.105,4.0
2017-10-06,3.095,3.095,3.09,3.093,13.0
2017-10-09,3.107,3.107,3.102,3.102,2.0
2017-10-10,3.106,3.106,3.106,3.106,0.0
2017-10-11,3.091,3.091,3.091,3.091,0.0
2017-10-12,3.1,3.1,3.096,3.096,7.0
2017-10-13,3.12,3.12,3.107,3.107,4.0
2017-10-16,3.09,3.117,3.09,3.117,1.0
2017-10-17,3.105,3.105,3.105,3.105,0.0
2017-10-18,3.108,3.108,3.108,3.108,0.0
2017-10-19,3.104,3.116,3.104,3.116,2.0
2017-10-20,3.113,3.113,3.113,3.113,1.0
2017-10-23,3.1,3.1,3.1,3.1,0.0
2017-10-24,3.099,3.099,3.099,3.099,52.0
2017-10-25,3.095,3.096,3.09,3.096,7.0
2017-10-26,3.082,3.107,3.082,3.107,15.0
2017-10-27,3.1,3.106,3.1,3.106,6.0
2017-10-30,3.119,3.119,3.119,3.119,10.0
2017-10-31,3.105,3.114,3.105,3.114,2.0
2017-11-01,3.095,3.11,3.095,3.11,61.0
2017-11-02,3.125,3.125,3.111,3.111,26.0
2017-11-03,3.111,3.111,3.111,3.111,1.0
2017-11-06,3.115,3.12,3.11,3.12,14.0
2017-11-07,3.11,3.11,3.107,3.107,45.0
2017-11-08,3.108,3.108,3.108,3.108,70.0
2017-11-09,3.11,3.11,3.105,3.105,49.0
2017-11-10,3.107,3.12,3.107,3.107,114.0
2017-11-13,3.11,3.11,3.11,3.11,27.0
2017-11-14,3.095,3.109,3.095,3.109,15.0
2017-11-15,3.11,3.11,3.11,3.11,49.0
2017-11-16,3.127,3.127,3.127,3.127,233.0
2017-11-17,3.121,3.121,3.116,3.116,209.0
2017-11-20,3.11,3.115,3.11,3.115,63.0
2017-11-21,3.11,3.12,3.11,3.12,14.0
2017-11-22,3.11,3.11,3.107,3.107,19.0
2017-11-24,3.09,3.096,3.09,3.096,4.0
2017-11-27,3.12,3.12,3.12,3.12,89.0
2017-11-28,3.121,3.121,3.121,3.121,10.0
2017-11-29,3.115,3.115,3.106,3.106,50.0
2017-11-30,3.09,3.094,3.088,3.088,11.0
2017-12-01,3.093,3.093,3.072,3.072,169.0
2017-12-04,3.05,3.05,2.975,3.032,53.0
2017-12-05,3.04,3.053,3.04,3.053,46.0
2017-12-06,3.048,3.048,3.041,3.043,56.0
2017-12-07,3.03,3.03,3.019,3.019,30.0
2017-12-08,3.028,3.028,3.028,3.028,111.0
2017-12-11,3.02,3.031,3.02,3.031,122.0
2017-12-12,3.02,3.02,3.0,3.0,155.0
2017-12-13,3.015,3.015,3.0,3.001,51.0
2017-12-14,3.015,3.015,3.008,3.008,17.0
2017-12-15,2.99,2.992,2.982,2.982,60.0
2017-12-18,3.012,3.03,3.012,3.014,264.0
2017-12-19,3.007,3.007,3.007,3.007,16.0
2017-12-20,2.99,2.99,2.984,2.984,31.0
2017-12-21,3.015,3.015,2.97,2.972,144.0
2017-12-22,2.996,2.996,2.996,2.996,3.0
2017-12-26,3.02,3.05,2.995,2.995,36.0
2017-12-27,3.0,3.001,3.0,3.001,247.0
2017-12-28,3.05,3.05,3.005,3.015,250.0
2017-12-29,3.025,3.025,3.023,3.023,432.0
2018-01-02,3.014,3.014,3.014,3.014,65.0
2018-01-03,3.0,3.024,2.99,3.005,58.0
2018-01-04,3.01,3.01,2.985,2.99,222.0
2018-01-05,2.97,2.982,2.97,2.978,73.0
2018-01-08,2.985,2.992,2.981,2.992,34.0
2018-01-09,3.0,3.006,2.992,3.006,128.0
2018-01-10,3.0,3.014,2.985,3.014,132.0
2018-01-11,3.0,3.01,2.988,3.01,132.0
2018-01-12,3.008,3.01,2.996,3.01,107.0
2018-01-16,3.0,3.007,2.995,3.007,119.0
2018-01-17,3.002,3.003,3.002,3.003,177.0
2018-01-18,3.007,3.007,3.007,3.007,67.0
2018-01-19,3.005,3.006,2.988,2.994,250.0
2018-01-22,3.0,3.012,2.985,3.012,42.0
2018-01-23,3.007,3.016,2.998,3.016,502.0
2018-01-24,3.012,3.014,3.0,3.014,1198.0
2018-01-25,3.0,3.01,2.995,3.004,290.0
2018-01-26,2.992,3.0,2.982,2.992,121.0
2018-01-29,2.981,3.01,2.981,3.004,1110.0
2018-01-30,3.01,3.01,2.993,3.008,1230.0
2018-01-31,2.997,3.019,2.997,3.019,2217.0
2018-02-01,3.007,3.032,3.007,3.032,271.0
2018-02-02,3.032,3.051,3.02,3.045,261.0
2018-02-05,3.063,3.063,3.025,3.045,783.0
2018-02-06,3.044,3.047,3.044,3.047,218.0
2018-02-07,3.047,3.048,3.035,3.045,677.0
2018-02-08,3.047,3.047,3.036,3.043,250.0
2018-02-09,3.038,3.038,3.014,3.023,412.0
2018-02-12,3.012,3.019,3.011,3.015,113.0
2018-02-13,3.035,3.035,3.017,3.019,967.0
2018-02-14,3.012,3.022,3.012,3.019,705.0
2018-02-15,3.0,3.005,3.0,3.005,155.0
2018-02-16,3.005,3.015,3.005,3.01,77.0
2018-02-20,3.012,3.02,3.012,3.014,106.0
2018-02-21,3.032,3.038,3.026,3.026,243.0
2018-02-22,3.025,3.028,3.025,3.028,9.0
2018-02-23,3.028,3.028,3.028,3.028,18.0
2018-02-26,3.028,3.039,3.028,3.039,40.0
2018-02-27,3.033,3.033,3.032,3.032,245.0
2018-02-28,3.01,3.01,3.005,3.005,82.0
2018-03-01,3.012,3.022,3.0,3.022,284.0
2018-03-02,3.027,3.027,3.017,3.017,115.0
2018-03-05,3.015,3.02,3.015,3.02,273.0
2018-03-06,3.029,3.035,3.029,3.034,799.0
2018-03-07,3.037,3.045,3.03,3.038,608.0
2018-03-08,3.03,3.034,3.028,3.034,557.0
2018-03-09,3.026,3.026,3.026,3.026,175.0
2018-03-12,3.028,3.035,3.026,3.034,206.0
2018-03-13,3.032,3.033,3.026,3.032,134.0
2018-03-14,3.011,3.041,3.011,3.041,232.0
2018-03-15,3.03,3.03,3.006,3.026,172.0
2018-03-16,3.025,3.025,3.017,3.02,79.0
2018-03-19,3.02,3.02,3.01,3.012,23.0
2018-03-20,3.012,3.015,3.012,3.015,964.0
2018-03-21,2.998,3.0,2.996,2.999,110.0
2018-03-22,3.004,3.005,2.995,2.995,208.0
2018-03-23,3.002,3.002,2.971,2.983,364.0
2018-03-26,2.994,3.0,2.989,2.989,148.0
2018-03-27,2.999,3.011,2.998,3.007,553.0
2018-03-28,2.998,3.001,2.989,3.001,13.0
2018-03-29,3.02,3.02,3.005,3.006,217.0
2018-04-02,3.011,3.015,3.007,3.015,405.0
2018-04-03,3.013,3.02,3.012,3.019,361.0
2018-04-04,3.01,3.015,2.985,3.006,839.0
2018-04-05,2.988,3.007,2.98,3.007,735.0
2018-04-06,2.996,2.996,2.996,2.996,499.0
2018-04-09,2.981,3.002,2.98,3.002,136.0
2018-04-10,2.989,3.001,2.989,3.001,334.0
2018-04-11,2.995,3.007,2.995,3.007,66.0
2018-04-12,3.01,3.016,3.01,3.016,8.0
2018-04-13,3.017,3.022,3.002,3.002,993.0
2018-04-16,3.004,3.009,3.004,3.009,10.0
2018-04-17,3.005,3.009,3.001,3.001,177.0
2018-04-18,3.004,3.004,2.985,2.985,151.0
2018-04-19,2.971,2.973,2.93,2.933,729.0
2018-04-20,2.934,2.946,2.93,2.938,522.0
2018-04-23,2.94,2.952,2.925,2.936,26.0
2018-04-24,2.943,2.947,2.943,2.947,263.0
2018-04-25,2.951,2.958,2.95,2.958,215.0
2018-04-26,2.955,2.958,2.935,2.952,1371.0
2018-04-27,2.943,2.946,2.934,2.934,1203.0
2018-04-30,2.936,2.942,2.936,2.938,105.0
2018-05-01,2.949,2.954,2.943,2.947,380.0
2018-05-02,2.95,2.95,2.95,2.95,205.0
2018-05-03,2.947,2.947,2.928,2.934,547.0
2018-05-04,2.931,2.931,2.92,2.924,826.0
2018-05-07,2.928,2.928,2.913,2.924,402.0
2018-05-08,2.904,2.904,2.893,2.894,1087.0
2018-05-09,2.89,2.894,2.89,2.891,39.0
2018-05-10,2.913,2.917,2.908,2.917,151.0
2018-05-11,2.925,2.925,2.919,2.919,403.0
2018-05-14,2.921,2.932,2.921,2.928,113.0
2018-05-15,2.932,2.933,2.919,2.919,192.0
2018-05-16,2.924,2.93,2.915,2.924,1162.0
2018-05-17,2.924,2.941,2.92,2.941,467.0
2018-05-18,2.938,2.951,2.937,2.948,900.0
2018-05-21,2.953,2.953,2.951,2.951,346.0
2018-05-22,2.969,2.981,2.968,2.981,364.0
2018-05-23,2.985,2.986,2.974,2.982,190.0
2018-05-24,2.98,2.98,2.977,2.979,729.0
2018-05-25,2.975,2.977,2.961,2.977,444.0
2018-05-29,2.95,2.971,2.94,2.953,431.0
2018-05-30,2.956,2.958,2.952,2.955,103.0
2018-05-31,2.966,2.989,2.948,2.976,1923.0
2018-06-01,2.978,2.989,2.978,2.989,1106.0
2018-06-04,2.977,2.982,2.969,2.972,379.0
2018-06-05,2.959,2.963,2.947,2.956,983.0
2018-06-06,2.96,2.961,2.953,2.956,405.0
2018-06-07,2.962,2.965,2.959,2.959,881.0
2018-06-08,2.943,2.95,2.943,2.947,17.0
2018-06-11,2.969,2.972,2.954,2.959,1107.0
2018-06-12,2.967,2.968,2.955,2.968,645.0
2018-06-13,2.971,2.975,2.966,2.97,1013.0
2018-06-14,2.968,2.978,2.962,2.972,694.0
2018-06-15,2.974,2.988,2.972,2.982,2404.0
2018-06-18,2.974,2.979,2.97,2.979,251.0
2018-06-19,2.963,2.972,2.95,2.95,622.0
2018-06-20,2.964,2.979,2.964,2.979,482.0
2018-06-21,2.981,2.988,2.974,2.983,187.0
2018-06-22,2.974,2.978,2.964,2.978,280.0
2018-06-25,2.965,2.978,2.965,2.976,296.0
2018-06-26,2.968,2.976,2.966,2.976,337.0
2018-06-27,2.986,2.997,2.984,2.997,318.0
2018-06-28,3.003,3.006,2.982,2.989,398.0
2018-06-29,2.985,2.994,2.977,2.991,925.0
2018-07-02,2.96,2.977,2.958,2.977,87.0
2018-07-03,2.978,2.988,2.971,2.981,379.0
2018-07-05,2.973,2.99,2.965,2.974,109.0
2018-07-06,2.985,2.985,2.97,2.975,774.0
2018-07-09,2.971,2.979,2.958,2.968,1034.0
2018-07-10,2.965,2.965,2.951,2.955,845.0
2018-07-11,2.96,2.979,2.954,2.979,2737.0
2018-07-12,2.973,2.973,2.953,2.956,1964.0
2018-07-13,2.946,2.946,2.934,2.935,1705.0
2018-07-16,2.935,2.94,2.921,2.923,361.0
2018-07-17,2.935,2.935,2.91,2.914,2285.0
2018-07-18,2.907,2.912,2.901,2.901,1020.0
2018-07-19,2.901,2.919,2.89,2.914,1137.0
2018-07-20,2.909,2.911,2.9,2.901,632.0
2018-07-23,2.898,2.904,2.895,2.904,781.0
2018-07-24,2.905,2.913,2.904,2.908,2006.0
2018-07-25,2.916,2.922,2.916,2.921,524.0
2018-07-26,2.922,2.928,2.901,2.904,372.0
2018-07-27,2.915,2.926,2.911,2.924,716.0
2018-07-30,2.933,2.945,2.915,2.945,1342.0
2018-07-31,2.943,2.951,2.922,2.931,981.0
2018-08-01,2.921,2.921,2.895,2.9,578.0
2018-08-02,2.899,2.921,2.888,2.918,455.0
2018-08-03,2.925,2.929,2.915,2.929,1123.0
2018-08-06,2.926,2.938,2.921,2.938,1331.0
2018-08-07,2.94,2.953,2.938,2.952,1048.0
2018-08-08,2.949,2.98,2.949,2.98,2735.0
2018-08-09,2.98,2.991,2.975,2.991,1702.0
2018-08-10,2.978,2.984,2.973,2.983,1122.0
2018-08-13,2.975,2.993,2.97,2.993,1377.0
2018-08-14,2.997,3.005,2.997,3.002,726.0
2018-08-15,2.999,3.002,2.993,3.0,1264.0
2018-08-16,2.995,2.997,2.975,2.987,1175.0
2018-08-17,2.996,3.005,2.989,2.994,808.0
2018-08-20,2.983,2.993,2.983,2.988,775.0
2018-08-21,2.993,2.995,2.98,2.994,789.0
2018-08-22,2.99,2.995,2.985,2.988,2014.0
2018-08-23,2.985,2.998,2.977,2.997,1738.0
2018-08-24,3.001,3.001,2.973,2.978,391.0
2018-08-27,2.975,2.975,2.943,2.948,409.0
2018-08-28,2.945,2.945,2.925,2.935,442.0
2018-08-29,2.931,2.943,2.926,2.936,514.0
2018-08-30,2.933,2.937,2.92,2.931,1334.0
2018-08-31,2.942,2.952,2.942,2.95,1909.0
2018-09-04,2.933,2.941,2.9,2.914,967.0
2018-09-05,2.9,2.916,2.898,2.905,1111.0
2018-09-06,2.897,2.901,2.885,2.887,1725.0
2018-09-07,2.892,2.894,2.88,2.884,2731.0
2018-09-10,2.882,2.898,2.877,2.891,2071.0
2018-09-11,2.892,2.898,2.882,2.893,3117.0
2018-09-12,2.894,2.91,2.894,2.905,1914.0
2018-09-13,2.915,2.917,2.893,2.897,2089.0
2018-09-14,2.894,2.896,2.871,2.877,2296.0
2018-09-17,2.878,2.886,2.87,2.886,2377.0
2018-09-18,2.888,2.914,2.882,2.909,1767.0
2018-09-19,2.904,2.908,2.885,2.897,1284.0
2018-09-20,2.901,2.929,2.891,2.926,2272.0
2018-09-21,2.91,2.93,2.904,2.927,1304.0
2018-09-24,2.919,2.942,2.918,2.931,2009.0
2018-09-25,2.918,2.931,2.916,2.926,1293.0
2018-09-26,2.927,2.936,2.905,2.933,3208.0
2018-09-27,2.926,2.945,2.919,2.936,5085.0
2018-09-28,2.914,2.947,2.914,2.946,2075.0
2018-10-01,2.945,2.955,2.945,2.952,1958.0
2018-10-02,2.948,2.98,2.946,2.98,8592.0
2018-10-03,2.976,2.989,2.971,2.989,2144.0
2018-10-04,2.98,2.993,2.964,2.985,3054.0
2018-10-05,2.989,3.0,2.977,2.997,3457.0
2018-10-08,3.005,3.024,2.996,3.024,2030.0
2018-10-09,3.019,3.033,3.008,3.026,3178.0
2018-10-10,3.03,3.04,3.011,3.023,2311.0
2018-10-11,3.012,3.036,3.002,3.035,3042.0
2018-10-12,3.049,3.05,3.022,3.042,4251.0
2018-10-15,3.053,3.053,3.033,3.051,1361.0
2018-10-16,3.047,3.052,3.033,3.05,2896.0
2018-10-17,3.051,3.054,3.04,3.054,1759.0
2018-10-18,3.034,3.039,3.022,3.036,1631.0
2018-10-19,3.036,3.047,3.017,3.047,2868.0
2018-10-22,3.04,3.042,3.021,3.03,2931.0
2018-10-23,3.016,3.048,3.016,3.048,1848.0
2018-10-24,3.032,3.048,3.024,3.025,1089.0
2018-10-25,3.035,3.035,3.01,3.015,2023.0
2018-10-26,3.0,3.014,2.987,3.008,2009.0
2018-10-29,3.001,3.016,2.982,3.016,8477.0
2018-10-30,3.003,3.034,3.002,3.006,2352.0
2018-10-31,3.014,3.029,3.014,3.026,4301.0
2018-11-01,3.038,3.046,3.001,3.012,3945.0
2018-11-02,2.992,3.018,2.987,3.018,5332.0
2018-11-05,3.038,3.04,3.009,3.034,5815.0
2018-11-06,3.03,3.051,3.018,3.051,3404.0
2018-11-07,3.05,3.055,3.038,3.051,4450.0
2018-11-08,3.055,3.063,3.026,3.061,4620.0
2018-11-09,3.063,3.109,3.059,3.073,4765.0
2018-11-12,3.089,3.118,3.077,3.095,4182.0
2018-11-13,3.13,3.134,3.053,3.069,10096.0
2018-11-14,3.046,3.066,3.018,3.053,13688.0
2018-11-15,3.062,3.062,2.982,3.017,7535.0
2018-11-16,2.98,3.046,2.98,3.015,4097.0
2018-11-19,3.08,3.089,3.008,3.05,5243.0
2018-11-20,3.051,3.052,2.99,3.0,5842.0
2018-11-21,3.046,3.07,2.995,2.998,4219.0
2018-11-23,3.001,3.062,2.97,3.057,2552.0
2018-11-26,3.04,3.065,3.036,3.064,3347.0
2018-11-27,3.05,3.106,3.045,3.098,5710.0
2018-11-28,3.092,3.135,3.089,3.13,5545.0
2018-11-29,3.106,3.127,3.096,3.105,4823.0
2018-11-30,3.14,3.14,3.092,3.122,1739.0
2018-12-03,3.098,3.154,3.098,3.154,3703.0
2018-12-04,3.158,3.182,3.157,3.177,3701.0
2018-12-05,3.195,3.229,3.165,3.182,2664.0
2018-12-06,3.17,3.19,3.158,3.183,4026.0
2018-12-07,3.193,3.225,3.186,3.213,4175.0
2018-12-10,3.245,3.245,3.19,3.201,3450.0
2018-12-11,3.225,3.238,3.185,3.227,3136.0
2018-12-12,3.22,3.225,3.162,3.169,2718.0
2018-12-13,3.167,3.198,3.142,3.148,4523.0
2018-12-14,3.15,3.164,3.141,3.157,1931.0
2018-12-17,3.157,3.167,3.089,3.098,3160.0
2018-12-18,3.116,3.148,3.107,3.139,2545.0
2018-12-19,3.127,3.152,3.102,3.145,2648.0
2018-12-20,3.159,3.18,3.13,3.145,2875.0
2018-12-21,3.155,3.203,3.143,3.203,3733.0
2018-12-24,3.2,3.2,3.137,3.143,932.0
2018-12-26,3.177,3.185,3.147,3.164,1030.0
2018-12-27,3.188,3.191,3.156,3.186,1546.0
2018-12-28,3.182,3.191,3.142,3.152,3049.0
2018-12-31,3.148,3.15,3.055,3.063,2996.0
2019-01-02,3.068,3.084,2.993,2.993,5822.0
2019-01-03,3.0,3.03,2.975,2.987,3347.0
2019-01-04,3.009,3.049,2.998,3.046,3577.0
2019-01-07,3.024,3.075,3.021,3.068,8158.0
2019-01-08,3.077,3.121,3.077,3.094,12294.0
2019-01-09,3.11,3.133,3.108,3.121,11714.0
2019-01-10,3.122,3.16,3.11,3.124,8460.0
2019-01-11,3.15,3.18,3.143,3.159,10465.0
2019-01-14,3.204,3.24,3.204,3.231,14533.0
2019-01-15,3.221,3.23,3.152,3.164,7373.0
2019-01-16,3.174,3.21,3.13,3.157,10234.0
2019-01-17,3.194,3.208,3.171,3.186,4444.0
2019-01-18,3.182,3.224,3.165,3.224,3374.0
2019-01-22,3.21,3.219,3.174,3.189,4453.0
2019-01-23,3.21,3.222,3.157,3.172,5047.0
2019-01-24,3.193,3.217,3.187,3.214,4243.0
2019-01-25,3.21,3.239,3.187,3.239,4153.0
2019-01-28,3.171,3.223,3.171,3.198,5011.0
2019-01-29,3.215,3.229,3.175,3.225,7026.0
2019-01-30,3.216,3.219,3.199,3.205,3768.0
2019-01-31,3.213,3.225,3.161,3.163,7396.0
2019-02-01,3.175,3.178,3.098,3.101,7546.0
2019-02-04,3.08,3.099,3.048,3.056,7512.0
2019-02-05,3.057,3.093,3.052,3.07,6854.0
2019-02-06,3.087,3.099,3.069,3.08,10130.0
2019-02-07,3.081,3.09,3.016,3.029,11142.0
2019-02-08,3.052,3.075,3.028,3.061,9110.0
2019-02-11,3.108,3.123,3.084,3.092,12314.0
2019-02-12,3.073,3.128,3.072,3.128,8749.0
2019-02-13,3.074,3.092,3.057,3.071,9054.0
2019-02-14,3.079,3.082,3.047,3.059,7045.0
2019-02-15,3.046,3.084,3.037,3.083,8893.0
2019-02-19,3.069,3.111,3.067,3.111,6243.0
2019-02-20,3.114,3.125,3.078,3.082,6547.0
2019-02-21,3.088,3.123,3.087,3.111,7838.0
2019-02-22,3.123,3.127,3.097,3.127,7516.0
2019-02-25,3.145,3.162,3.132,3.158,8817.0
2019-02-26,3.157,3.17,3.124,3.145,6484.0
2019-02-27,3.135,3.173,3.105,3.151,4317.0
2019-02-28,3.157,3.184,3.151,3.184,6213.0
2019-03-01,3.165,3.22,3.162,3.22,12582.0
2019-03-04,3.214,3.237,3.195,3.222,7885.0
2019-03-05,3.224,3.243,3.198,3.226,7065.0
2019-03-06,3.225,3.23,3.185,3.191,7619.0
2019-03-07,3.192,3.219,3.171,3.217,6780.0
2019-03-08,3.219,3.233,3.202,3.21,7640.0
2019-03-11,3.183,3.183,3.138,3.147,7573.0
2019-03-12,3.15,3.171,3.13,3.165,3869.0
2019-03-13,3.165,3.195,3.152,3.187,6343.0
2019-03-14,3.198,3.203,3.186,3.199,3365.0
2019-03-15,3.194,3.197,3.167,3.175,5510.0
2019-03-18,3.169,3.216,3.167,3.215,5021.0
2019-03-19,3.209,3.235,3.204,3.22,5334.0
2019-03-20,3.215,3.218,3.183,3.188,4693.0
2019-03-21,3.199,3.199,3.174,3.199,3873.0
2019-03-22,3.195,3.195,3.138,3.163,5370.0
2019-03-25,3.145,3.178,3.129,3.17,6731.0
2019-03-26,3.17,3.181,3.141,3.145,5075.0
2019-03-27,3.134,3.139,3.097,3.12,10070.0
2019-03-28,3.122,3.14,3.103,3.109,4814.0
2019-03-29,3.12,3.122,3.083,3.087,5963.0
2019-04-01,3.081,3.124,3.081,3.094,12005.0
2019-04-02,3.091,3.111,3.071,3.103,12825.0
2019-04-03,3.106,3.114,3.091,3.107,11108.0
2019-04-04,3.101,3.104,3.073,3.085,8758.0
2019-04-05,3.08,3.106,3.076,3.1,7846.0
2019-04-08,3.091,3.141,3.087,3.139,7497.0
2019-04-09,3.139,3.147,3.125,3.14,6769.0
2019-04-10,3.147,3.154,3.129,3.138,6135.0
2019-04-11,3.133,3.143,3.1,3.109,9790.0
2019-04-12,3.117,3.128,3.104,3.112,5652.0
2019-04-15,3.103,3.105,3.056,3.061,9056.0
2019-04-16,3.058,3.066,3.041,3.049,6814.0
2019-04-17,3.049,3.052,2.982,2.999,16196.0
2019-04-18,2.985,2.987,2.959,2.972,19074.0
2019-04-22,2.979,3.001,2.969,2.976,5659.0
2019-04-23,2.979,2.984,2.922,2.933,12956.0
2019-04-24,2.934,2.956,2.929,2.936,8642.0
2019-04-25,2.947,2.972,2.918,2.967,7871.0
2019-04-26,2.963,3.002,2.952,2.987,9072.0
2019-04-29,2.98,2.997,2.966,2.994,3794.0
2019-04-30,2.991,3.012,2.968,2.987,8409.0
2019-05-01,2.977,3.019,2.974,3.013,9603.0
2019-05-02,3.004,3.008,2.969,2.986,11617.0
2019-05-03,2.987,3.006,2.959,2.968,12813.0
2019-05-06,2.966,2.971,2.923,2.935,11221.0
2019-05-07,2.931,2.961,2.928,2.953,8236.0
2019-05-08,2.96,3.018,2.954,3.016,11948.0
2019-05-09,3.005,3.007,2.98,3.007,5121.0
2019-05-10,2.994,3.042,2.987,3.022,10118.0
2019-05-13,3.015,3.043,3.006,3.02,4673.0
2019-05-14,3.023,3.053,3.023,3.049,7782.0
2019-05-15,3.043,3.054,3.001,3.006,11050.0
2019-05-16,3.014,3.045,2.998,3.044,11120.0
2019-05-17,3.041,3.058,3.026,3.04,4594.0
2019-05-20,3.048,3.095,3.048,3.065,7758.0
2019-05-21,3.057,3.062,3.008,3.019,7168.0
2019-05-22,3.022,3.027,2.949,2.954,11867.0
2019-05-23,2.964,2.978,2.944,2.975,7273.0
2019-05-24,2.975,2.996,2.946,2.987,10524.0
2019-05-28,2.977,2.991,2.939,2.964,10129.0
2019-05-29,2.969,3.011,2.965,2.99,14551.0
2019-05-30,2.989,2.997,2.93,2.944,13429.0
2019-05-31,2.947,2.958,2.871,2.874,24903.0
2019-06-03,2.858,2.89,2.826,2.832,21164.0
2019-06-04,2.847,2.87,2.823,2.849,13533.0
2019-06-05,2.857,2.863,2.806,2.823,18740.0
2019-06-06,2.82,2.831,2.761,2.775,21784.0
2019-06-07,2.779,2.79,2.754,2.777,21923.0
2019-06-10,2.787,2.797,2.763,2.783,26806.0
2019-06-11,2.785,2.808,2.762,2.803,30479.0
2019-06-12,2.807,2.811,2.777,2.789,26612.0
2019-06-13,2.784,2.787,2.747,2.76,31851.0
2019-06-14,2.77,2.811,2.761,2.801,16733.0
2019-06-17,2.801,2.814,2.77,2.789,17154.0
2019-06-18,2.783,2.792,2.735,2.745,25649.0
2019-06-19,2.751,2.762,2.689,2.694,20264.0
2019-06-20,2.702,2.702,2.574,2.605,31121.0
2019-06-21,2.63,2.637,2.606,2.619,22278.0
2019-06-24,2.635,2.714,2.631,2.704,21771.0
2019-06-25,2.693,2.707,2.655,2.699,17392.0
2019-06-26,2.68,2.714,2.669,2.681,18052.0
2019-06-27,2.684,2.723,2.675,2.718,24356.0
2019-06-28,2.713,2.743,2.691,2.707,21923.0
2019-07-01,2.723,2.727,2.636,2.675,27243.0
2019-07-02,2.671,2.695,2.632,2.639,25813.0
2019-07-03,2.639,2.673,2.638,2.671,23442.0
2019-07-05,2.666,2.801,2.637,2.784,31418.0
2019-07-08,2.824,2.826,2.754,2.781,32591.0
2019-07-09,2.787,2.829,2.758,2.824,27326.0
2019-07-10,2.829,2.865,2.813,2.83,39972.0
2019-07-11,2.835,2.86,2.778,2.802,33810.0
2019-07-12,2.803,2.848,2.793,2.833,27074.0
2019-07-15,2.838,2.842,2.764,2.791,15046.0
2019-07-16,2.779,2.788,2.707,2.713,21335.0
2019-07-17,2.714,2.739,2.693,2.708,14025.0
2019-07-18,2.711,2.74,2.67,2.693,19039.0
2019-07-19,2.69,2.699,2.643,2.654,18890.0
2019-07-22,2.66,2.71,2.644,2.704,19517.0
2019-07-23,2.707,2.715,2.677,2.69,16314.0
2019-07-24,2.676,2.683,2.622,2.631,30826.0
2019-07-25,2.637,2.672,2.635,2.65,23409.0
2019-07-26,2.645,2.645,2.583,2.59,28971.0
2019-07-29,2.593,2.603,2.547,2.555,30489.0
2019-07-30,2.555,2.58,2.546,2.574,19361.0
2019-07-31,2.579,2.676,2.568,2.641,43350.0
2019-08-01,2.644,2.706,2.586,2.617,61880.0
2019-08-02,2.591,2.615,2.517,2.546,44671.0
2019-08-05,2.509,2.535,2.474,2.506,40924.0
2019-08-06,2.52,2.555,2.51,2.536,33095.0
2019-08-07,2.531,2.562,2.499,2.508,38393.0
2019-08-08,2.515,2.563,2.511,2.54,37836.0
2019-08-09,2.531,2.544,2.486,2.53,35619.0
2019-08-12,2.544,2.555,2.501,2.504,23190.0
2019-08-13,2.51,2.555,2.487,2.53,43008.0
2019-08-14,2.538,2.575,2.505,2.529,31220.0
2019-08-15,2.541,2.627,2.521,2.588,37849.0
2019-08-16,2.578,2.581,2.534,2.558,21581.0
2019-08-19,2.528,2.564,2.498,2.556,32585.0
2019-08-20,2.544,2.57,2.535,2.562,22132.0
2019-08-21,2.557,2.577,2.518,2.532,21759.0
2019-08-22,2.535,2.548,2.504,2.518,20229.0
2019-08-23,2.512,2.52,2.484,2.508,17398.0
2019-08-26,2.519,2.579,2.513,2.572,19323.0
2019-08-27,2.567,2.573,2.527,2.538,20608.0
2019-08-28,2.541,2.61,2.537,2.562,28548.0
2019-08-29,2.578,2.633,2.56,2.617,35495.0
2019-08-30,2.61,2.617,2.578,2.588,29227.0
2019-09-03,2.592,2.654,2.577,2.651,40895.0
2019-09-04,2.642,2.738,2.639,2.727,52716.0
2019-09-05,2.724,2.756,2.692,2.741,46796.0
2019-09-06,2.74,2.8,2.706,2.795,42778.0
2019-09-09,2.821,2.877,2.793,2.859,62060.0
2019-09-10,2.865,2.918,2.859,2.877,64346.0
2019-09-11,2.883,2.904,2.836,2.851,58242.0
2019-09-12,2.843,2.87,2.817,2.857,43548.0
2019-09-13,2.853,2.916,2.834,2.898,40915.0
2019-09-16,2.953,2.969,2.915,2.963,42667.0
2019-09-17,2.957,2.978,2.918,2.94,35674.0
2019-09-18,2.934,2.96,2.877,2.906,38287.0
2019-09-19,2.897,2.907,2.818,2.828,46888.0
2019-09-20,2.836,2.852,2.791,2.811,32675.0
2019-09-23,2.796,2.819,2.772,2.807,42579.0
2019-09-24,2.811,2.864,2.778,2.789,37124.0
2019-09-25,2.793,2.799,2.741,2.774,46145.0
2019-09-26,2.774,2.809,2.676,2.711,49793.0
2019-09-27,2.716,2.716,2.657,2.681,35631.0
2019-09-30,2.663,2.672,2.617,2.622,39551.0
2019-10-01,2.62,2.626,2.592,2.611,85194.0
2019-10-02,2.615,2.635,2.582,2.584,52066.0
2019-10-03,2.589,2.643,2.533,2.621,75166.0
2019-10-04,2.624,2.683,2.573,2.648,70991.0
2019-10-07,2.635,2.648,2.604,2.63,68731.0
2019-10-08,2.62,2.651,2.601,2.623,64372.0
2019-10-09,2.625,2.636,2.564,2.568,80335.0
2019-10-10,2.572,2.584,2.538,2.548,66099.0
2019-10-11,2.541,2.597,2.52,2.591,93595.0
2019-10-14,2.595,2.652,2.588,2.622,51169.0
2019-10-15,2.622,2.654,2.61,2.647,51225.0
2019-10-16,2.65,2.674,2.593,2.612,52044.0
2019-10-17,2.602,2.656,2.602,2.633,46236.0
2019-10-18,2.638,2.665,2.608,2.635,44433.0
2019-10-21,2.642,2.642,2.537,2.566,56680.0
2019-10-22,2.555,2.595,2.555,2.568,62806.0
2019-10-23,2.567,2.572,2.526,2.532,51881.0
2019-10-24,2.532,2.579,2.521,2.567,43289.0
2019-10-25,2.582,2.582,2.539,2.561,34076.0
2019-10-28,2.606,2.678,2.597,2.647,62107.0
2019-10-29,2.658,2.784,2.647,2.724,77143.0
2019-10-30,2.72,2.809,2.708,2.781,69314.0
2019-10-31,2.777,2.826,2.705,2.732,79213.0
2019-11-01,2.738,2.81,2.676,2.802,93380.0
2019-11-04,2.876,2.92,2.862,2.898,78291.0
2019-11-05,2.896,2.98,2.896,2.94,85661.0
2019-11-06,2.952,2.969,2.899,2.907,67431.0
2019-11-07,2.907,2.95,2.829,2.859,149689.0
2019-11-08,2.871,2.905,2.839,2.873,105068.0
2019-11-11,2.802,2.806,2.706,2.728,141995.0
2019-11-12,2.725,2.769,2.696,2.714,124984.0
2019-11-13,2.716,2.76,2.66,2.692,136402.0
2019-11-14,2.754,2.777,2.705,2.719,124218.0
2019-11-15,2.711,2.785,2.682,2.75,109427.0
2019-11-18,2.715,2.715,2.603,2.63,144452.0
2019-11-19,2.608,2.626,2.57,2.576,174760.0
2019-11-20,2.581,2.631,2.572,2.611,146965.0
2019-11-21,2.614,2.641,2.574,2.622,148359.0
2019-11-22,2.635,2.724,2.601,2.71,180116.0
2019-11-25,2.738,2.743,2.564,2.584,271673.0
2019-11-26,2.58,2.583,2.5,2.533,241556.0
2019-11-27,2.529,2.558,2.488,2.501,145157.0
2019-11-29,2.497,2.513,2.27,2.281,244118.0
2019-12-02,2.315,2.369,2.289,2.329,219035.0
2019-12-03,2.345,2.51,2.34,2.441,307305.0
2019-12-04,2.439,2.463,2.368,2.399,195334.0
2019-12-05,2.406,2.463,2.396,2.427,179532.0
2019-12-06,2.417,2.437,2.328,2.334,251411.0
2019-12-09,2.21,2.258,2.158,2.232,322558.0
2019-12-10,2.253,2.289,2.216,2.264,270886.0
2019-12-11,2.265,2.303,2.24,2.243,220222.0
2019-12-12,2.248,2.348,2.244,2.328,258895.0
2019-12-13,2.341,2.342,2.253,2.296,170403.0
2019-12-16,2.296,2.377,2.285,2.341,163027.0
2019-12-17,2.349,2.362,2.282,2.319,162318.0
2019-12-18,2.318,2.327,2.257,2.286,186142.0
2019-12-19,2.282,2.302,2.232,2.273,231822.0
2019-12-20,2.289,2.345,2.279,2.328,153378.0
2019-12-23,2.254,2.269,2.192,2.214,127886.0
2019-12-24,2.202,2.223,2.162,2.172,49762.0
2019-12-26,2.184,2.297,2.184,2.294,53813.0
2019-12-27,2.272,2.286,2.138,2.158,8617.0
