DATETIME,OPEN,HIGH,LOW,FINAL,VOLUME
2013-12-30,5.176,5.176,5.176,5.176,0.0
2013-12-31,4.998,4.998,4.998,4.998,0.0
2014-01-02,5.013,5.013,5.013,5.013,0.0
2014-01-03,5.039,5.039,5.039,5.039,0.0
2014-01-06,5.045,5.045,5.045,5.045,0.0
2014-01-07,5.063,5.063,5.063,5.063,0.0
2014-01-08,5.083,5.083,5.083,5.083,0.0
2014-01-09,5.029,5.029,5.029,5.029,0.0
2014-01-10,5.182,5.182,5.182,5.182,0.0
2014-01-13,5.099,5.099,5.099,5.099,0.0
2014-01-14,5.078,5.078,5.078,5.078,0.0
2014-01-15,5.064,5.064,5.064,5.064,0.0
2014-01-16,5.059,5.059,5.059,5.059,0.0
2014-01-17,5.049,5.049,5.049,5.049,0.0
2014-01-21,5.097,5.097,5.097,5.097,0.0
2014-01-22,5.097,5.097,5.097,5.097,0.0
2014-01-23,5.091,5.091,5.091,5.091,0.0
2014-01-24,5.093,5.093,5.093,5.093,0.0
2014-01-27,5.132,5.132,5.132,5.132,0.0
2014-01-28,5.118,5.118,5.118,5.118,0.0
2014-01-29,5.112,5.112,5.112,5.112,0.0
2014-01-30,5.17,5.17,5.17,5.17,0.0
2014-01-31,5.167,5.167,5.167,5.167,0.0
2014-02-03,5.206,5.206,5.206,5.206,0.0
2014-02-04,5.174,5.174,5.174,5.174,0.0
2014-02-05,5.144,5.144,5.144,5.144,0.0
2014-02-06,5.089,5.089,5.089,5.089,0.0
2014-02-07,5.119,5.119,5.119,5.119,0.0
2014-02-10,5.084,5.084,5.084,5.084,0.0
2014-02-11,4.873,4.873,4.873,4.873,0.0
2014-02-12,4.879,4.879,4.879,4.879,0.0
2014-02-13,4.865,4.865,4.865,4.865,0.0
2014-02-14,4.71,4.71,4.71,4.71,0.0
2014-02-18,4.711,4.711,4.711,4.711,0.0
2014-02-19,4.741,4.741,4.741,4.741,0.0
2014-02-20,4.806,4.806,4.806,4.806,0.0
2014-02-21,4.828,4.828,4.828,4.828,0.0
2014-02-24,4.874,4.874,4.874,4.874,0.0
2014-02-25,4.882,4.882,4.882,4.882,0.0
2014-02-26,4.849,4.849,4.849,4.849,0.0
2014-02-27,4.796,4.796,4.796,4.796,0.0
2014-02-28,4.766,4.766,4.766,4.766,0.0
2014-03-03,4.764,4.764,4.764,4.764,0.0
2014-03-04,4.792,4.792,4.792,4.792,0.0
2014-03-05,4.817,4.817,4.817,4.817,0.0
2014-03-06,5.017,5.017,5.017,5.017,0.0
2014-03-07,4.979,4.979,4.979,4.979,0.0
2014-03-10,4.989,4.989,4.989,4.989,0.0
2014-03-11,4.91,4.91,4.91,4.91,0.0
2014-03-12,4.96,4.96,4.96,4.96,0.0
2014-03-13,5.084,5.084,5.084,5.084,0.0
2014-03-14,5.239,5.239,5.239,5.239,0.0
2014-03-17,5.221,5.221,5.221,5.221,0.0
2014-03-18,5.171,5.171,5.171,5.171,0.0
2014-03-19,5.207,5.207,5.207,5.207,0.0
2014-03-20,5.336,5.336,5.336,5.336,0.0
2014-03-21,5.326,5.326,5.326,5.326,0.0
2014-03-24,5.351,5.351,5.351,5.351,0.0
2014-03-25,5.376,5.376,5.376,5.376,0.0
2014-03-26,5.395,5.395,5.395,5.395,0.0
2014-03-27,5.392,5.392,5.392,5.392,0.0
2014-03-28,5.372,5.372,5.372,5.372,0.0
2014-03-31,5.372,5.372,5.372,5.372,0.0
2014-04-01,5.331,5.331,5.331,5.331,0.0
2014-04-02,5.344,5.344,5.344,5.344,0.0
2014-04-03,5.421,5.421,5.421,5.421,0.0
2014-04-04,5.436,5.436,5.436,5.436,0.0
2014-04-07,5.456,5.456,5.456,5.456,0.0
2014-04-08,5.45,5.45,5.45,5.45,0.0
2014-04-09,5.535,5.535,5.535,5.535,0.0
2014-04-10,5.571,5.571,5.571,5.571,0.0
2014-04-11,5.574,5.574,5.574,5.574,0.0
2014-04-14,5.572,5.572,5.572,5.572,0.0
2014-04-15,5.615,5.615,5.615,5.615,0.0
2014-04-16,5.62,5.62,5.62,5.62,0.0
2014-04-17,5.631,5.631,5.631,5.631,0.0
2014-04-21,5.592,5.592,5.592,5.592,0.0
2014-04-22,5.613,5.613,5.613,5.613,0.0
2014-04-23,5.606,5.606,5.606,5.606,0.0
2014-04-24,5.645,5.645,5.645,5.645,0.0
2014-04-25,5.634,5.634,5.634,5.634,0.0
2014-04-28,5.642,5.642,5.642,5.642,0.0
2014-04-29,5.692,5.692,5.692,5.692,0.0
2014-04-30,5.698,5.698,5.698,5.698,0.0
2014-05-01,5.702,5.702,5.702,5.702,0.0
2014-05-02,5.69,5.69,5.69,5.69,0.0
2014-05-05,5.679,5.679,5.679,5.679,0.0
2014-05-06,5.695,5.695,5.695,5.695,0.0
2014-05-07,5.7,5.7,5.7,5.7,0.0
2014-05-08,5.71,5.71,5.71,5.71,0.0
2014-05-09,5.75,5.75,5.75,5.75,0.0
2014-05-12,5.72,5.72,5.72,5.72,0.0
2014-05-13,5.735,5.735,5.735,5.735,0.0
2014-05-14,5.753,5.753,5.753,5.753,0.0
2014-05-15,5.699,5.699,5.699,5.699,0.0
2014-05-16,5.659,5.659,5.659,5.659,0.0
2014-05-19,5.66,5.66,5.66,5.66,0.0
2014-05-20,5.645,5.645,5.645,5.645,0.0
2014-05-21,5.65,5.65,5.65,5.65,0.0
2014-05-22,5.628,5.628,5.628,5.628,0.0
2014-05-23,5.648,5.648,5.648,5.648,0.0
2014-05-27,5.661,5.661,5.661,5.661,0.0
2014-05-28,5.625,5.625,5.625,5.625,0.0
2014-05-29,5.628,5.628,5.628,5.628,0.0
2014-05-30,5.624,5.624,5.624,5.624,0.0
2014-06-02,5.659,5.659,5.659,5.659,0.0
2014-06-03,5.636,5.636,5.636,5.636,0.0
2014-06-04,5.631,5.631,5.631,5.631,0.0
2014-06-05,5.649,5.649,5.649,5.649,0.0
2014-06-06,5.665,5.665,5.665,5.665,0.0
2014-06-09,5.651,5.651,5.651,5.651,0.0
2014-06-10,5.694,5.694,5.694,5.694,0.0
2014-06-11,5.68,5.68,5.68,5.68,0.0
2014-06-12,5.675,5.675,5.675,5.675,0.0
2014-06-13,5.704,5.704,5.704,5.704,0.0
2014-06-16,5.703,5.703,5.703,5.703,0.0
2014-06-17,5.743,5.743,5.743,5.743,0.0
2014-06-18,5.757,5.757,5.757,5.757,0.0
2014-06-19,5.779,5.779,5.779,5.779,0.0
2014-06-20,5.739,5.739,5.739,5.739,0.0
2014-06-23,5.727,5.727,5.727,5.727,0.0
2014-06-24,5.723,5.723,5.723,5.723,0.0
2014-06-25,5.732,5.732,5.732,5.732,0.0
2014-06-26,5.646,5.646,5.646,5.646,0.0
2014-06-27,5.644,5.644,5.644,5.644,0.0
2014-06-30,5.663,5.663,5.663,5.663,0.0
2014-07-01,5.671,5.671,5.671,5.671,0.0
2014-07-02,5.646,5.646,5.646,5.646,0.0
2014-07-03,5.641,5.641,5.641,5.641,0.0
2014-07-07,5.615,5.615,5.615,5.615,0.0
2014-07-08,5.591,5.591,5.591,5.591,0.0
2014-07-09,5.557,5.557,5.557,5.557,0.0
2014-07-10,5.504,5.504,5.504,5.504,0.0
2014-07-11,5.498,5.498,5.498,5.498,0.0
2014-07-14,5.461,5.461,5.461,5.461,0.0
2014-07-15,5.446,5.446,5.446,5.446,0.0
2014-07-16,5.461,5.461,5.461,5.461,0.0
2014-07-17,5.452,5.452,5.452,5.452,0.0
2014-07-18,5.479,5.479,5.479,5.479,0.0
2014-07-21,5.46,5.46,5.46,5.46,0.0
2014-07-22,5.414,5.414,5.414,5.414,0.0
2014-07-23,5.39,5.39,5.39,5.39,0.0
2014-07-24,5.371,5.371,5.371,5.371,0.0
2014-07-25,5.366,5.366,5.366,5.366,0.0
2014-07-28,5.353,5.353,5.353,5.353,0.0
2014-07-29,5.272,5.272,5.272,5.272,0.0
2014-07-30,5.299,5.299,5.299,5.299,0.0
2014-07-31,5.325,5.325,5.325,5.325,0.0
2014-08-01,5.353,5.353,5.353,5.353,0.0
2014-08-04,5.348,5.348,5.348,5.348,0.0
2014-08-05,5.252,5.252,5.252,5.252,0.0
2014-08-06,5.161,5.161,5.161,5.161,0.0
2014-08-07,5.175,5.175,5.175,5.175,0.0
2014-08-08,5.166,5.166,5.166,5.166,0.0
2014-08-11,5.121,5.121,5.121,5.121,0.0
2014-08-12,5.103,5.103,5.103,5.103,0.0
2014-08-13,5.088,5.088,5.088,5.088,0.0
2014-08-14,5.099,5.099,5.099,5.099,0.0
2014-08-15,5.064,5.064,5.064,5.064,0.0
2014-08-18,5.065,5.065,5.065,5.065,0.0
2014-08-19,5.062,5.062,5.062,5.062,0.0
2014-08-20,5.042,5.042,5.042,5.042,0.0
2014-08-21,5.092,5.092,5.092,5.092,0.0
2014-08-22,5.111,5.111,5.111,5.111,0.0
2014-08-25,5.119,5.119,5.119,5.119,0.0
2014-08-26,5.112,5.112,5.112,5.112,0.0
2014-08-27,5.117,5.117,5.117,5.117,0.0
2014-08-28,5.153,5.153,5.153,5.153,0.0
2014-08-29,5.145,5.145,5.145,5.145,0.0
2014-09-02,5.123,5.123,5.123,5.123,0.0
2014-09-03,5.145,5.145,5.145,5.145,0.0
2014-09-04,5.193,5.193,5.193,5.193,0.0
2014-09-05,5.19,5.19,5.19,5.19,0.0
2014-09-08,5.18,5.18,5.18,5.18,0.0
2014-09-09,5.163,5.163,5.163,5.163,0.0
2014-09-10,5.171,5.171,5.171,5.171,0.0
2014-09-11,5.19,5.19,5.19,5.19,0.0
2014-09-12,5.164,5.164,5.164,5.164,0.0
2014-09-15,5.142,5.142,5.142,5.142,0.0
2014-09-16,5.147,5.147,5.147,5.147,0.0
2014-09-17,5.136,5.136,5.136,5.136,0.0
2014-09-18,5.082,5.082,5.082,5.082,0.0
2014-09-19,5.072,5.072,5.072,5.072,0.0
2014-09-22,5.057,5.057,5.057,5.057,0.0
2014-09-23,5.067,5.067,5.067,5.067,0.0
2014-09-24,5.061,5.061,5.061,5.061,0.0
2014-09-25,5.06,5.06,5.06,5.06,0.0
2014-09-26,5.04,5.04,5.04,5.04,0.0
2014-09-29,5.051,5.051,5.051,5.051,0.0
2014-09-30,5.091,5.091,5.091,5.091,0.0
2014-10-01,5.036,5.036,5.036,5.036,0.0
2014-10-02,5.082,5.082,5.082,5.082,0.0
2014-10-03,5.059,5.059,5.059,5.059,0.0
2014-10-06,5.059,5.059,5.059,5.059,0.0
2014-10-07,5.062,5.062,5.062,5.062,0.0
2014-10-08,5.062,5.062,5.062,5.062,0.0
2014-10-09,5.077,5.077,5.077,5.077,0.0
2014-10-10,5.074,5.074,5.074,5.074,0.0
2014-10-13,5.084,5.084,5.084,5.084,0.0
2014-10-14,5.074,5.074,5.074,5.074,0.0
2014-10-15,5.059,5.059,5.059,5.059,0.0
2014-10-16,5.034,5.034,5.034,5.034,0.0
2014-10-17,5.069,5.069,5.069,5.069,0.0
2014-10-20,5.056,5.056,5.056,5.056,0.0
2014-10-21,5.051,5.051,5.051,5.051,0.0
2014-10-22,5.037,5.037,5.037,5.037,0.0
2014-10-23,5.036,5.036,5.036,5.036,0.0
2014-10-24,5.013,5.013,5.013,5.013,0.0
2014-10-27,5.0,5.0,5.0,5.0,0.0
2014-10-28,4.985,4.985,4.985,4.985,0.0
2014-10-29,4.99,4.99,4.99,4.99,0.0
2014-10-30,4.983,4.983,4.983,4.983,0.0
2014-10-31,4.998,4.998,4.998,4.998,0.0
2014-11-03,4.989,4.989,4.989,4.989,0.0
2014-11-04,4.984,4.984,4.984,4.984,0.0
2014-11-05,4.955,4.955,4.955,4.955,0.0
2014-11-06,4.942,4.942,4.942,4.942,0.0
2014-11-07,4.939,4.939,4.939,4.939,0.0
2014-11-10,4.933,4.933,4.933,4.933,0.0
2014-11-11,4.948,4.948,4.948,4.948,0.0
2014-11-12,4.969,4.969,4.969,4.969,0.0
2014-11-13,4.949,4.949,4.949,4.949,0.0
2014-11-14,4.975,4.975,4.975,4.975,0.0
2014-11-17,4.978,4.978,4.978,4.978,0.0
2014-11-18,4.953,4.953,4.953,4.953,0.0
2014-11-19,4.934,4.934,4.934,4.934,0.0
2014-11-20,4.929,4.929,4.929,4.929,0.0
2014-11-21,4.902,4.902,4.902,4.902,0.0
2014-11-24,4.956,4.956,4.956,4.956,0.0
2014-11-25,4.955,4.955,4.955,4.955,0.0
2014-11-26,4.948,4.948,4.948,4.948,0.0
2014-11-28,4.966,4.966,4.966,4.966,0.0
2014-12-01,5.031,5.031,5.031,5.031,0.0
2014-12-02,5.027,5.027,5.027,5.027,0.0
2014-12-03,5.049,5.049,5.049,5.049,0.0
2014-12-04,5.054,5.054,5.054,5.054,0.0
2014-12-05,5.075,5.075,5.075,5.075,0.0
2014-12-08,5.096,5.096,5.096,5.096,0.0
2014-12-09,5.141,5.141,5.141,5.141,0.0
2014-12-10,5.123,5.123,5.123,5.123,0.0
2014-12-11,5.1,5.1,5.1,5.1,0.0
2014-12-12,5.083,5.083,5.083,5.083,0.0
2014-12-15,5.07,5.07,5.07,5.07,0.0
2014-12-16,5.02,5.02,5.02,5.02,0.0
2014-12-17,5.045,5.045,5.045,5.045,0.0
2014-12-18,5.026,5.026,5.026,5.026,0.0
2014-12-19,4.947,4.947,4.947,4.947,0.0
2014-12-22,4.948,4.948,4.948,4.948,0.0
2014-12-23,4.916,4.916,4.916,4.916,0.0
2014-12-24,4.91,4.91,4.91,4.91,0.0
2014-12-26,4.907,4.907,4.907,4.907,0.0
2014-12-29,4.905,4.905,4.905,4.905,0.0
2014-12-30,4.887,4.887,4.887,4.887,0.0
2014-12-31,4.858,4.858,4.858,4.858,0.0
2015-01-02,4.842,4.842,4.842,4.842,0.0
2015-01-05,4.842,4.842,4.842,4.842,0.0
2015-01-06,4.801,4.801,4.801,4.801,0.0
2015-01-07,4.741,4.741,4.741,4.741,0.0
2015-01-08,4.721,4.721,4.721,4.721,0.0
2015-01-09,4.709,4.709,4.709,4.709,0.0
2015-01-12,4.619,4.619,4.619,4.619,0.0
2015-01-13,4.591,4.591,4.591,4.591,0.0
2015-01-14,4.516,4.516,4.516,4.516,0.0
2015-01-15,4.466,4.466,4.466,4.466,0.0
2015-01-16,4.474,4.474,4.474,4.474,0.0
2015-01-20,4.466,4.466,4.466,4.466,0.0
2015-01-21,4.47,4.47,4.47,4.47,0.0
2015-01-22,4.449,4.449,4.449,4.449,0.0
2015-01-23,4.449,4.449,4.449,4.449,0.0
2015-01-26,4.467,4.467,4.467,4.467,0.0
2015-01-27,4.461,4.461,4.461,4.461,0.0
2015-01-28,4.491,4.491,4.491,4.491,0.0
2015-01-29,4.474,4.474,4.474,4.474,0.0
2015-01-30,4.481,4.481,4.481,4.481,0.0
2015-02-02,4.444,4.444,4.444,4.444,0.0
2015-02-03,4.46,4.46,4.46,4.46,0.0
2015-02-04,4.479,4.479,4.479,4.479,0.0
2015-02-05,4.384,4.384,4.384,4.384,0.0
2015-02-06,4.448,4.448,4.448,4.448,0.0
2015-02-09,4.478,4.478,4.478,4.478,0.0
2015-02-10,4.499,4.499,4.499,4.499,0.0
2015-02-11,4.482,4.482,4.482,4.482,0.0
2015-02-12,4.483,4.483,4.483,4.483,0.0
2015-02-13,4.518,4.518,4.518,4.518,0.0
2015-02-17,4.465,4.465,4.465,4.465,0.0
2015-02-18,4.493,4.493,4.493,4.493,0.0
2015-02-19,4.467,4.467,4.467,4.467,0.0
2015-02-20,4.472,4.472,4.472,4.472,0.0
2015-02-23,4.444,4.444,4.444,4.444,0.0
2015-02-24,4.471,4.471,4.471,4.471,0.0
2015-02-25,4.477,4.477,4.477,4.477,0.0
2015-02-26,4.447,4.447,4.447,4.447,0.0
2015-02-27,4.448,4.448,4.448,4.448,0.0
2015-03-02,4.424,4.424,4.424,4.424,0.0
2015-03-03,4.433,4.433,4.433,4.433,0.0
2015-03-04,4.44,4.44,4.44,4.44,0.0
2015-03-05,4.399,4.399,4.399,4.399,0.0
2015-03-06,4.404,4.404,4.404,4.404,0.0
2015-03-09,4.379,4.379,4.379,4.379,0.0
2015-03-10,4.377,4.377,4.377,4.377,0.0
2015-03-11,4.37,4.37,4.37,4.37,0.0
2015-03-12,4.339,4.339,4.339,4.339,0.0
2015-03-13,4.335,4.335,4.335,4.335,0.0
2015-03-16,4.348,4.348,4.348,4.348,0.0
2015-03-17,4.329,4.329,4.329,4.329,0.0
2015-03-18,4.361,4.361,4.361,4.361,0.0
2015-03-19,4.367,4.367,4.367,4.367,0.0
2015-03-20,4.373,4.373,4.373,4.373,0.0
2015-03-23,4.374,4.374,4.374,4.374,0.0
2015-03-24,4.394,4.394,4.394,4.394,0.0
2015-03-25,4.389,4.389,4.389,4.389,0.0
2015-03-26,4.38,4.38,4.38,4.38,0.0
2015-03-27,4.355,4.355,4.355,4.355,0.0
2015-03-30,4.343,4.343,4.343,4.343,0.0
2015-03-31,4.355,4.355,4.355,4.355,0.0
2015-04-01,4.349,4.349,4.349,4.349,0.0
2015-04-02,4.403,4.403,4.403,4.403,0.0
2015-04-06,4.418,4.418,4.418,4.418,0.0
2015-04-07,4.462,4.462,4.462,4.462,0.0
2015-04-08,4.47,4.47,4.47,4.47,0.0
2015-04-09,4.463,4.463,4.463,4.463,0.0
2015-04-10,4.458,4.458,4.458,4.458,0.0
2015-04-13,4.448,4.448,4.448,4.448,0.0
2015-04-14,4.443,4.443,4.443,4.443,0.0
2015-04-15,4.448,4.448,4.448,4.448,0.0
2015-04-16,4.468,4.468,4.468,4.468,0.0
2015-04-17,4.44,4.44,4.44,4.44,0.0
2015-04-20,4.441,4.441,4.441,4.441,0.0
2015-04-21,4.444,4.444,4.444,4.444,0.0
2015-04-22,4.431,4.431,4.431,4.431,0.0
2015-04-23,4.389,4.389,4.389,4.389,0.0
2015-04-24,4.387,4.387,4.387,4.387,0.0
2015-04-27,4.367,4.367,4.367,4.367,0.0
2015-04-28,4.359,4.359,4.359,4.359,0.0
2015-04-29,4.364,4.364,4.364,4.364,0.0
2015-04-30,4.359,4.359,4.359,4.359,0.0
2015-05-01,4.349,4.349,4.349,4.349,0.0
2015-05-04,4.303,4.303,4.303,4.303,0.0
2015-05-05,4.314,4.314,4.314,4.314,0.0
2015-05-06,4.322,4.322,4.322,4.322,0.0
2015-05-07,4.314,4.314,4.314,4.314,0.0
2015-05-08,4.321,4.321,4.321,4.321,0.0
2015-05-11,4.308,4.308,4.308,4.308,0.0
2015-05-12,4.295,4.295,4.295,4.295,0.0
2015-05-13,4.304,4.304,4.304,4.304,0.0
2015-05-14,4.315,4.315,4.315,4.315,0.0
2015-05-15,4.322,4.322,4.322,4.322,0.0
2015-05-18,4.313,4.313,4.313,4.313,0.0
2015-05-19,4.298,4.298,4.298,4.298,0.0
2015-05-20,4.316,4.316,4.316,4.316,0.0
2015-05-21,4.315,4.315,4.315,4.315,0.0
2015-05-22,4.303,4.303,4.303,4.303,0.0
2015-05-26,4.304,4.304,4.304,4.304,0.0
2015-05-27,4.303,4.303,4.303,4.303,0.0
2015-05-28,4.295,4.295,4.295,4.295,0.0
2015-05-29,4.285,4.285,4.285,4.285,0.0
2015-06-01,4.287,4.287,4.287,4.287,0.0
2015-06-02,4.284,4.284,4.284,4.284,0.0
2015-06-03,4.285,4.285,4.285,4.285,0.0
2015-06-04,4.239,4.239,4.239,4.239,0.0
2015-06-05,4.2,4.2,4.2,4.2,0.0
2015-06-08,4.208,4.208,4.208,4.208,0.0
2015-06-09,4.185,4.185,4.185,4.185,0.0
2015-06-10,4.177,4.177,4.177,4.177,0.0
2015-06-11,4.218,4.218,4.218,4.218,0.0
2015-06-12,4.219,4.219,4.219,4.219,0.0
2015-06-15,4.228,4.228,4.228,4.228,0.0
2015-06-16,4.253,4.253,4.253,4.253,0.0
2015-06-17,4.246,4.246,4.246,4.246,0.0
2015-06-18,4.228,4.228,4.228,4.228,0.0
2015-06-19,4.233,4.233,4.233,4.233,0.0
2015-06-22,4.216,4.216,4.216,4.216,0.0
2015-06-23,4.215,4.215,4.215,4.215,0.0
2015-06-24,4.217,4.217,4.217,4.217,0.0
2015-06-25,4.218,4.218,4.218,4.218,0.0
2015-06-26,4.221,4.221,4.221,4.221,0.0
2015-06-29,4.204,4.204,4.204,4.204,0.0
2015-06-30,4.216,4.216,4.216,4.216,0.0
2015-07-01,4.227,4.227,4.227,4.227,0.0
2015-07-02,4.231,4.231,4.231,4.231,0.0
2015-07-06,4.203,4.203,4.203,4.203,0.0
2015-07-07,4.207,4.207,4.207,4.207,0.0
2015-07-08,4.232,4.232,4.232,4.232,0.0
2015-07-09,4.256,4.256,4.256,4.256,0.0
2015-07-10,4.264,4.264,4.264,4.264,0.0
2015-07-13,4.264,4.264,4.264,4.264,0.0
2015-07-14,4.315,4.315,4.315,4.315,0.0
2015-07-15,4.374,4.374,4.374,4.374,0.0
2015-07-16,4.386,4.386,4.386,4.386,0.0
2015-07-17,4.393,4.393,4.393,4.393,0.0
2015-07-20,4.386,4.386,4.386,4.386,0.0
2015-07-21,4.385,4.385,4.385,4.385,0.0
2015-07-22,4.381,4.381,4.381,4.381,0.0
2015-07-23,4.361,4.361,4.361,4.361,0.0
2015-07-24,4.369,4.369,4.369,4.369,0.0
2015-07-27,4.39,4.39,4.39,4.39,0.0
2015-07-28,4.389,4.389,4.389,4.389,0.0
2015-07-29,4.383,4.383,4.383,4.383,0.0
2015-07-30,4.362,4.362,4.362,4.362,0.0
2015-07-31,4.322,4.322,4.322,4.322,0.0
2015-08-03,4.303,4.303,4.303,4.303,0.0
2015-08-04,4.259,4.259,4.259,4.259,0.0
2015-08-05,4.259,4.259,4.259,4.259,0.0
2015-08-06,4.219,4.219,4.219,4.219,0.0
2015-08-07,4.198,4.198,4.198,4.198,0.0
2015-08-10,4.174,4.174,4.174,4.174,0.0
2015-08-11,4.084,4.084,4.084,4.084,0.0
2015-08-12,4.042,4.042,4.042,4.042,0.0
2015-08-13,4.118,4.118,4.118,4.118,0.0
2015-08-14,4.134,4.134,4.134,4.134,0.0
2015-08-17,4.139,4.139,4.139,4.139,0.0
2015-08-18,4.174,4.174,4.174,4.174,0.0
2015-08-19,4.13,4.13,4.13,4.13,0.0
2015-08-20,4.115,4.115,4.115,4.115,0.0
2015-08-21,4.08,4.08,4.08,4.08,0.0
2015-08-24,4.034,4.034,4.034,4.034,0.0
2015-08-25,4.031,4.031,4.031,4.031,0.0
2015-08-26,4.037,4.037,4.037,4.037,0.0
2015-08-27,4.044,4.044,4.044,4.044,0.0
2015-08-28,4.071,4.071,4.071,4.071,0.0
2015-08-31,4.068,4.068,4.068,4.068,0.0
2015-09-01,4.079,4.079,4.079,4.079,0.0
2015-09-02,4.081,4.081,4.081,4.081,0.0
2015-09-03,4.088,4.088,4.088,4.088,0.0
2015-09-04,4.078,4.078,4.078,4.078,0.0
2015-09-08,4.084,4.084,4.084,4.084,0.0
2015-09-09,4.107,4.107,4.107,4.107,0.0
2015-09-10,4.102,4.102,4.102,4.102,0.0
2015-09-11,4.065,4.065,4.065,4.065,0.0
2015-09-14,4.075,4.075,4.075,4.075,0.0
2015-09-15,4.065,4.065,4.065,4.065,0.0
2015-09-16,4.026,4.026,4.026,4.026,0.0
2015-09-17,3.996,3.996,3.996,3.996,0.0
2015-09-18,3.992,3.992,3.992,3.992,0.0
2015-09-21,3.98,3.98,3.98,3.98,0.0
2015-09-22,3.968,3.968,3.968,3.968,0.0
2015-09-23,3.978,3.978,3.978,3.978,0.0
2015-09-24,4.015,4.015,4.015,4.015,0.0
2015-09-25,3.98,3.98,3.98,3.98,0.0
2015-09-28,3.977,3.977,3.977,3.977,0.0
2015-09-29,3.948,3.948,3.948,3.948,0.0
2015-09-30,3.921,3.921,3.921,3.921,0.0
2015-10-01,3.91,3.91,3.91,3.91,0.0
2015-10-02,3.92,3.92,3.92,3.92,0.0
2015-10-05,3.921,3.921,3.921,3.921,0.0
2015-10-06,3.945,3.945,3.945,3.945,0.0
2015-10-07,3.945,3.945,3.945,3.945,0.0
2015-10-08,3.94,3.94,3.94,3.94,0.0
2015-10-09,3.938,3.938,3.938,3.938,0.0
2015-10-12,3.943,3.943,3.943,3.943,0.0
2015-10-13,3.945,3.945,3.945,3.945,0.0
2015-10-14,3.946,3.946,3.946,3.946,0.0
2015-10-15,3.942,3.942,3.942,3.942,0.0
2015-10-16,3.951,3.951,3.951,3.951,0.0
2015-10-19,3.951,3.951,3.951,3.951,0.0
2015-10-20,3.96,3.96,3.96,3.96,0.0
2015-10-21,3.945,3.945,3.945,3.945,0.0
2015-10-22,3.941,3.941,3.941,3.941,0.0
2015-10-23,3.901,3.901,3.901,3.901,0.0
2015-10-26,3.878,3.878,3.878,3.878,0.0
2015-10-27,3.847,3.847,3.847,3.847,0.0
2015-10-28,3.846,3.846,3.846,3.846,0.0
2015-10-29,3.844,3.844,3.844,3.844,0.0
2015-10-30,3.893,3.893,3.893,3.893,0.0
2015-11-02,3.87,3.87,3.87,3.87,0.0
2015-11-03,3.877,3.877,3.877,3.877,0.0
2015-11-04,3.879,3.879,3.879,3.879,0.0
2015-11-05,3.882,3.882,3.882,3.882,0.0
2015-11-06,3.88,3.88,3.88,3.88,0.0
2015-11-09,3.874,3.874,3.874,3.874,0.0
2015-11-10,3.867,3.867,3.867,3.867,0.0
2015-11-11,3.852,3.852,3.852,3.852,0.0
2015-11-12,3.837,3.837,3.837,3.837,0.0
2015-11-13,3.864,3.864,3.864,3.864,0.0
2015-11-16,3.872,3.872,3.872,3.872,0.0
2015-11-17,3.875,3.875,3.875,3.875,0.0
2015-11-18,3.808,3.808,3.808,3.808,0.0
2015-11-19,3.769,3.769,3.769,3.769,0.0
2015-11-20,3.738,3.738,3.738,3.738,0.0
2015-11-23,3.751,3.751,3.751,3.751,0.0
2015-11-24,3.752,3.752,3.752,3.752,0.0
2015-11-25,3.767,3.767,3.767,3.767,0.0
2015-11-27,3.749,3.749,3.749,3.749,0.0
2015-11-30,3.752,3.752,3.752,3.752,0.0
2015-12-01,3.762,3.762,3.762,3.762,0.0
2015-12-02,3.79,3.79,3.79,3.79,0.0
2015-12-03,3.793,3.793,3.793,3.793,0.0
2015-12-04,3.791,3.791,3.791,3.791,0.0
2015-12-07,3.774,3.774,3.774,3.774,0.0
2015-12-08,3.794,3.794,3.794,3.794,0.0
2015-12-09,3.816,3.816,3.816,3.816,0.0
2015-12-10,3.837,3.837,3.837,3.837,0.0
2015-12-11,3.833,3.833,3.833,3.833,0.0
2015-12-14,3.821,3.821,3.821,3.821,0.0
2015-12-15,3.813,3.813,3.813,3.813,0.0
2015-12-16,3.84,3.84,3.84,3.84,0.0
2015-12-17,3.865,3.865,3.865,3.865,0.0
2015-12-18,3.843,3.843,3.843,3.843,0.0
2015-12-21,3.82,3.82,3.82,3.82,0.0
2015-12-22,3.83,3.83,3.83,3.83,0.0
2015-12-23,3.823,3.823,3.823,3.823,0.0
2015-12-24,3.822,3.822,3.822,3.822,0.0
2015-12-28,3.868,3.868,3.868,3.868,0.0
2015-12-29,3.853,3.853,3.853,3.853,0.0
2015-12-30,3.844,3.844,3.844,3.844,0.0
2015-12-31,3.838,3.838,3.838,3.838,0.0
2016-01-04,3.818,3.818,3.818,3.818,0.0
2016-01-05,3.792,3.792,3.792,3.792,0.0
2016-01-06,3.78,3.78,3.78,3.78,0.0
2016-01-07,3.801,3.801,3.801,3.801,0.0
2016-01-08,3.779,3.779,3.779,3.779,0.0
2016-01-11,3.755,3.755,3.755,3.755,0.0
2016-01-12,3.706,3.706,3.706,3.706,0.0
2016-01-13,3.726,3.726,3.726,3.726,0.0
2016-01-14,3.741,3.741,3.741,3.741,0.0
2016-01-15,3.725,3.725,3.725,3.725,0.0
2016-01-19,3.727,3.727,3.727,3.727,0.0
2016-01-20,3.704,3.704,3.704,3.704,0.0
2016-01-21,3.712,3.712,3.712,3.712,0.0
2016-01-22,3.693,3.693,3.693,3.693,0.0
2016-01-25,3.694,3.694,3.694,3.694,0.0
2016-01-26,3.678,3.678,3.678,3.678,0.0
2016-01-27,3.695,3.695,3.695,3.695,0.0
2016-01-28,3.739,3.739,3.739,3.739,0.0
2016-01-29,3.721,3.721,3.721,3.721,0.0
2016-02-01,3.68,3.68,3.68,3.68,0.0
2016-02-02,3.619,3.619,3.619,3.619,0.0
2016-02-03,3.633,3.633,3.633,3.633,0.0
2016-02-04,3.636,3.636,3.636,3.636,0.0
2016-02-05,3.634,3.634,3.634,3.634,0.0
2016-02-08,3.577,3.577,3.577,3.577,0.0
2016-02-09,3.557,3.557,3.557,3.557,0.0
2016-02-10,3.524,3.524,3.524,3.524,0.0
2016-02-11,3.481,3.481,3.481,3.481,0.0
2016-02-12,3.453,3.453,3.453,3.453,0.0
2016-02-16,3.43,3.43,3.43,3.43,0.0
2016-02-17,3.425,3.425,3.425,3.425,0.0
2016-02-18,3.388,3.388,3.388,3.388,0.0
2016-02-19,3.373,3.373,3.373,3.373,0.0
2016-02-22,3.312,3.312,3.312,3.312,0.0
2016-02-23,3.328,3.328,3.328,3.328,0.0
2016-02-24,3.358,3.358,3.358,3.358,0.0
2016-02-25,3.354,3.354,3.354,3.354,0.0
2016-02-26,3.358,3.358,3.358,3.358,0.0
2016-02-29,3.418,3.418,3.418,3.418,0.0
2016-03-01,3.44,3.44,3.44,3.44,0.0
2016-03-02,3.424,3.424,3.424,3.424,0.0
2016-03-03,3.431,3.431,3.431,3.431,0.0
2016-03-04,3.43,3.43,3.43,3.43,0.0
2016-03-07,3.437,3.437,3.437,3.437,0.0
2016-03-08,3.443,3.443,3.443,3.443,0.0
2016-03-09,3.491,3.491,3.491,3.491,0.0
2016-03-10,3.492,3.492,3.492,3.492,0.0
2016-03-11,3.504,3.504,3.504,3.504,0.0
2016-03-14,3.489,3.489,3.489,3.489,0.0
2016-03-15,3.487,3.487,3.487,3.487,0.0
2016-03-16,3.492,3.492,3.492,3.492,0.0
2016-03-17,3.497,3.497,3.497,3.497,0.0
2016-03-18,3.487,3.487,3.487,3.487,0.0
2016-03-21,3.491,3.491,3.491,3.491,0.0
2016-03-22,3.513,3.513,3.513,3.513,0.0
2016-03-23,3.531,3.531,3.531,3.531,0.0
2016-03-24,3.586,3.586,3.586,3.586,0.0
2016-03-28,3.641,3.641,3.641,3.641,0.0
2016-03-29,3.691,3.691,3.691,3.691,0.0
2016-03-30,3.694,3.694,3.694,3.694,0.0
2016-03-31,3.723,3.723,3.723,3.723,0.0
2016-04-01,3.722,3.722,3.722,3.722,0.0
2016-04-04,3.69,3.69,3.69,3.69,0.0
2016-04-05,3.698,3.698,3.698,3.698,0.0
2016-04-06,3.742,3.742,3.742,3.742,0.0
2016-04-07,3.746,3.746,3.746,3.746,0.0
2016-04-08,3.763,3.763,3.763,3.763,0.0
2016-04-11,3.76,3.76,3.76,3.76,0.0
2016-04-12,3.759,3.759,3.759,3.759,0.0
2016-04-13,3.766,3.766,3.766,3.766,0.0
2016-04-14,3.765,3.765,3.765,3.765,0.0
2016-04-15,3.735,3.735,3.735,3.735,0.0
2016-04-18,3.725,3.725,3.725,3.725,0.0
2016-04-19,3.709,3.709,3.709,3.709,0.0
2016-04-20,3.709,3.709,3.709,3.709,0.0
2016-04-21,3.741,3.741,3.741,3.741,0.0
2016-04-22,3.734,3.734,3.734,3.734,0.0
2016-04-25,3.747,3.747,3.747,3.747,0.0
2016-04-26,3.795,3.795,3.795,3.795,0.0
2016-04-27,3.813,3.813,3.813,3.813,0.0
2016-04-28,3.804,3.804,3.804,3.804,0.0
2016-04-29,3.802,3.802,3.802,3.802,0.0
2016-05-02,3.782,3.782,3.782,3.782,0.0
2016-05-03,3.77,3.77,3.77,3.77,0.0
2016-05-04,3.779,3.779,3.779,3.779,0.0
2016-05-05,3.813,3.813,3.813,3.813,0.0
2016-05-06,3.817,3.817,3.817,3.817,0.0
2016-05-09,3.805,3.805,3.805,3.805,0.0
2016-05-10,3.8,3.8,3.8,3.8,0.0
2016-05-11,3.784,3.784,3.784,3.784,0.0
2016-05-12,3.769,3.769,3.769,3.769,0.0
2016-05-13,3.77,3.77,3.77,3.77,0.0
2016-05-16,3.777,3.777,3.777,3.777,0.0
2016-05-17,3.761,3.761,3.761,3.761,0.0
2016-05-18,3.751,3.751,3.751,3.751,0.0
2016-05-19,3.765,3.765,3.765,3.765,0.0
2016-05-20,3.753,3.753,3.753,3.753,0.0
2016-05-23,3.75,3.75,3.75,3.75,0.0
2016-05-24,3.747,3.747,3.747,3.747,0.0
2016-05-25,3.776,3.776,3.776,3.776,0.0
2016-05-26,3.807,3.807,3.807,3.807,0.0
2016-05-27,3.817,3.817,3.817,3.817,0.0
2016-05-31,3.819,3.819,3.819,3.819,0.0
2016-06-01,3.815,3.815,3.815,3.815,0.0
2016-06-02,3.802,3.802,3.802,3.802,0.0
2016-06-03,3.793,3.793,3.793,3.793,0.0
2016-06-06,3.787,3.787,3.787,3.787,0.0
2016-06-07,3.811,3.811,3.811,3.811,0.0
2016-06-08,3.801,3.801,3.801,3.801,0.0
2016-06-09,3.799,3.799,3.799,3.799,0.0
2016-06-10,3.776,3.776,3.776,3.776,0.0
2016-06-13,3.737,3.737,3.737,3.737,0.0
2016-06-14,3.715,3.715,3.715,3.715,0.0
2016-06-15,3.715,3.715,3.715,3.715,0.0
2016-06-16,3.711,3.711,3.711,3.711,0.0
2016-06-17,3.688,3.688,3.688,3.688,0.0
2016-06-20,3.678,3.678,3.678,3.678,0.0
2016-06-21,3.666,3.666,3.666,3.666,0.0
2016-06-22,3.673,3.673,3.673,3.673,0.0
2016-06-23,3.694,3.694,3.694,3.694,0.0
2016-06-24,3.712,3.712,3.712,3.712,0.0
2016-06-27,3.672,3.672,3.672,3.672,0.0
2016-06-28,3.731,3.731,3.731,3.731,0.0
2016-06-29,3.732,3.732,3.732,3.732,0.0
2016-06-30,3.746,3.746,3.746,3.746,0.0
2016-07-01,3.747,3.747,3.747,3.747,0.0
2016-07-05,3.745,3.745,3.745,3.745,0.0
2016-07-06,3.767,3.767,3.767,3.767,0.0
2016-07-07,3.765,3.765,3.765,3.765,0.0
2016-07-08,3.762,3.762,3.762,3.762,0.0
2016-07-11,3.758,3.758,3.758,3.758,0.0
2016-07-12,3.744,3.744,3.744,3.744,0.0
2016-07-13,3.764,3.764,3.764,3.764,0.0
2016-07-14,3.762,3.762,3.762,3.762,0.0
2016-07-15,3.746,3.746,3.746,3.746,0.0
2016-07-18,3.731,3.731,3.731,3.731,0.0
2016-07-19,3.721,3.721,3.721,3.721,0.0
2016-07-20,3.71,3.71,3.71,3.71,0.0
2016-07-21,3.715,3.715,3.715,3.715,0.0
2016-07-22,3.719,3.719,3.719,3.719,0.0
2016-07-25,3.725,3.725,3.725,3.725,0.0
2016-07-26,3.723,3.723,3.723,3.723,0.0
2016-07-27,3.716,3.716,3.716,3.716,0.0
2016-07-28,3.729,3.729,3.729,3.729,0.0
2016-07-29,3.734,3.734,3.734,3.734,0.0
2016-08-01,3.729,3.729,3.729,3.729,0.0
2016-08-02,3.728,3.728,3.728,3.728,0.0
2016-08-03,3.733,3.733,3.733,3.733,0.0
2016-08-04,3.762,3.762,3.762,3.762,0.0
2016-08-05,3.763,3.763,3.763,3.763,0.0
2016-08-08,3.762,3.762,3.762,3.762,0.0
2016-08-09,3.761,3.761,3.761,3.761,0.0
2016-08-10,3.742,3.742,3.742,3.742,0.0
2016-08-11,3.731,3.731,3.731,3.731,0.0
2016-08-12,3.728,3.728,3.728,3.728,0.0
2016-08-15,3.721,3.721,3.721,3.721,0.0
2016-08-16,3.734,3.734,3.734,3.734,0.0
2016-08-17,3.769,3.769,3.769,3.769,0.0
2016-08-18,3.765,3.765,3.765,3.765,0.0
2016-08-19,3.776,3.776,3.776,3.776,0.0
2016-08-22,3.776,3.776,3.776,3.776,0.0
2016-08-23,3.799,3.799,3.799,3.799,0.0
2016-08-24,3.823,3.823,3.823,3.823,0.0
2016-08-25,3.769,3.769,3.769,3.769,0.0
2016-08-26,3.737,3.737,3.737,3.737,0.0
2016-08-29,3.72,3.72,3.72,3.72,0.0
2016-08-30,3.71,3.71,3.71,3.71,0.0
2016-08-31,3.73,3.73,3.73,3.73,0.0
2016-09-01,3.691,3.691,3.691,3.691,0.0
2016-09-02,3.679,3.679,3.679,3.679,0.0
2016-09-06,3.68,3.68,3.68,3.68,0.0
2016-09-07,3.656,3.656,3.656,3.656,0.0
2016-09-08,3.65,3.65,3.65,3.65,0.0
2016-09-09,3.61,3.61,3.61,3.61,0.0
2016-09-12,3.612,3.612,3.612,3.612,0.0
2016-09-13,3.59,3.59,3.59,3.59,0.0
2016-09-14,3.607,3.607,3.607,3.607,0.0
2016-09-15,3.606,3.606,3.606,3.606,0.0
2016-09-16,3.582,3.582,3.582,3.582,0.0
2016-09-19,3.56,3.56,3.56,3.56,0.0
2016-09-20,3.57,3.57,3.57,3.57,0.0
2016-09-21,3.573,3.573,3.573,3.573,0.0
2016-09-22,3.542,3.542,3.542,3.542,0.0
2016-09-23,3.553,3.553,3.553,3.553,0.0
2016-09-26,3.57,3.57,3.57,3.57,0.0
2016-09-27,3.54,3.54,3.54,3.54,0.0
2016-09-28,3.514,3.514,3.514,3.514,0.0
2016-09-29,3.473,3.473,3.473,3.473,0.0
2016-09-30,3.469,3.469,3.469,3.469,0.0
2016-10-03,3.462,3.462,3.462,3.462,0.0
2016-10-04,3.436,3.436,3.436,3.436,0.0
2016-10-05,3.46,3.46,3.46,3.46,0.0
2016-10-06,3.462,3.462,3.462,3.462,0.0
2016-10-07,3.476,3.476,3.476,3.476,0.0
2016-10-10,3.467,3.467,3.467,3.467,0.0
2016-10-11,3.557,3.557,3.557,3.557,0.0
2016-10-12,3.524,3.524,3.524,3.524,0.0
2016-10-13,3.536,3.536,3.536,3.536,0.0
2016-10-14,3.533,3.533,3.533,3.533,0.0
2016-10-17,3.54,3.54,3.54,3.54,0.0
2016-10-18,3.543,3.543,3.543,3.543,0.0
2016-10-19,3.535,3.535,3.535,3.535,0.0
2016-10-20,3.543,3.543,3.543,3.543,0.0
2016-10-21,3.543,3.543,3.543,3.543,0.0
2016-10-24,3.538,3.538,3.538,3.538,0.0
2016-10-25,3.528,3.528,3.528,3.528,0.0
2016-10-26,3.536,3.536,3.536,3.536,0.0
2016-10-27,3.551,3.551,3.551,3.551,0.0
2016-10-28,3.558,3.558,3.558,3.558,0.0
2016-10-31,3.551,3.551,3.551,3.551,0.0
2016-11-01,3.553,3.553,3.553,3.553,0.0
2016-11-02,3.533,3.533,3.533,3.533,0.0
2016-11-03,3.535,3.535,3.535,3.535,0.0
2016-11-04,3.513,3.513,3.513,3.513,0.0
2016-11-07,3.52,3.52,3.52,3.52,0.0
2016-11-08,3.527,3.527,3.527,3.527,0.0
2016-11-09,3.517,3.517,3.517,3.517,0.0
2016-11-10,3.517,3.517,3.517,3.517,0.0
2016-11-11,3.507,3.507,3.507,3.507,0.0
2016-11-14,3.481,3.481,3.481,3.481,0.0
2016-11-15,3.446,3.446,3.446,3.446,0.0
2016-11-16,3.455,3.455,3.455,3.455,0.0
2016-11-17,3.465,3.465,3.465,3.465,0.0
2016-11-18,3.455,3.455,3.455,3.455,0.0
2016-11-21,3.431,3.431,3.431,3.431,0.0
2016-11-22,3.403,3.403,3.403,3.403,0.0
2016-11-23,3.391,3.391,3.391,3.391,0.0
2016-11-25,3.39,3.39,3.39,3.39,0.0
2016-11-28,3.333,3.333,3.333,3.333,0.0
2016-11-29,3.278,3.278,3.278,3.278,0.0
2016-11-30,3.252,3.252,3.252,3.252,0.0
2016-12-01,3.298,3.298,3.298,3.298,0.0
2016-12-02,3.288,3.288,3.288,3.288,0.0
2016-12-05,3.283,3.283,3.283,3.283,0.0
2016-12-06,3.279,3.279,3.279,3.279,0.0
2016-12-07,3.299,3.299,3.299,3.299,0.0
2016-12-08,3.333,3.333,3.333,3.333,0.0
2016-12-09,3.303,3.303,3.303,3.303,0.0
2016-12-12,3.282,3.282,3.282,3.282,0.0
2016-12-13,3.26,3.26,3.26,3.26,0.0
2016-12-14,3.222,3.222,3.222,3.222,0.0
2016-12-15,3.232,3.232,3.232,3.232,0.0
2016-12-16,3.231,3.231,3.231,3.231,0.0
2016-12-19,3.239,3.239,3.239,3.239,0.0
2016-12-20,3.222,3.222,3.222,3.222,0.0
2016-12-21,3.228,3.228,3.228,3.228,0.0
2016-12-22,3.194,3.194,3.194,3.194,0.0
2016-12-23,3.189,3.189,3.189,3.189,0.0
2016-12-27,3.201,3.201,3.201,3.201,0.0
2016-12-28,3.214,3.214,3.214,3.214,0.0
2016-12-29,3.224,3.224,3.224,3.224,0.0
2016-12-30,3.227,3.227,3.227,3.227,0.0
2017-01-03,3.215,3.215,3.215,3.215,0.0
2017-01-04,3.214,3.214,3.214,3.214,0.0
2017-01-05,3.229,3.229,3.229,3.229,0.0
2017-01-06,3.218,3.218,3.218,3.218,0.0
2017-01-09,3.201,3.201,3.201,3.201,0.0
2017-01-10,3.216,3.216,3.216,3.216,0.0
2017-01-11,3.165,3.165,3.165,3.165,0.0
2017-01-12,3.163,3.163,3.163,3.163,0.0
2017-01-13,3.13,3.13,3.13,3.13,0.0
2017-01-17,3.132,3.132,3.132,3.132,0.0
2017-01-18,3.129,3.129,3.129,3.129,0.0
2017-01-19,3.116,3.116,3.116,3.116,0.0
2017-01-20,3.128,3.128,3.128,3.128,0.0
2017-01-23,3.133,3.133,3.133,3.133,0.0
2017-01-24,3.121,3.121,3.121,3.121,0.0
2017-01-25,3.112,3.112,3.112,3.112,0.0
2017-01-26,3.119,3.119,3.119,3.119,0.0
2017-01-27,3.106,3.106,3.106,3.106,0.0
2017-01-30,3.11,3.11,3.11,3.11,0.0
2017-01-31,3.111,3.111,3.111,3.111,0.0
2017-02-01,3.096,3.096,3.096,3.096,0.0
2017-02-02,3.099,3.099,3.099,3.099,0.0
2017-02-03,3.082,3.082,3.082,3.082,0.0
2017-02-06,3.075,3.075,3.075,3.075,0.0
2017-02-07,3.093,3.093,3.093,3.093,0.0
2017-02-08,3.107,3.107,3.107,3.107,0.0
2017-02-09,3.1,3.1,3.1,3.1,0.0
2017-02-10,3.08,3.08,3.08,3.08,0.0
2017-02-13,3.046,3.046,3.046,3.046,0.0
2017-02-14,3.036,3.036,3.036,3.036,0.0
2017-02-15,3.038,3.038,3.038,3.038,0.0
2017-02-16,3.052,3.052,3.052,3.052,0.0
2017-02-17,3.053,3.053,3.053,3.053,0.0
2017-02-21,3.039,3.039,3.039,3.039,0.0
2017-02-22,3.049,3.049,3.049,3.049,0.0
2017-02-23,3.052,3.052,3.052,3.052,0.0
2017-02-24,3.036,3.036,3.036,3.036,0.0
2017-02-27,3.037,3.037,3.037,3.037,0.0
2017-02-28,3.039,3.039,3.039,3.039,0.0
2017-03-01,3.058,3.058,3.058,3.058,0.0
2017-03-02,3.052,3.052,3.052,3.052,0.0
2017-03-03,3.07,3.07,3.07,3.07,0.0
2017-03-06,3.076,3.076,3.076,3.076,0.0
2017-03-07,3.065,3.065,3.065,3.065,0.0
2017-03-08,3.058,3.058,3.058,3.058,0.0
2017-03-09,3.051,3.051,3.051,3.051,0.0
2017-03-10,3.038,3.038,3.038,3.038,0.0
2017-03-13,3.032,3.032,3.032,3.032,0.0
2017-03-14,3.031,3.031,3.031,3.031,0.0
2017-03-15,3.052,3.052,3.052,3.052,0.0
2017-03-16,3.079,3.079,3.079,3.079,0.0
2017-03-17,3.079,3.079,3.079,3.079,0.0
2017-03-20,3.085,3.085,3.085,3.085,0.0
2017-03-21,3.091,3.091,3.091,3.091,0.0
2017-03-22,3.088,3.088,3.088,3.088,0.0
2017-03-23,3.087,3.087,3.087,3.087,0.0
2017-03-24,3.055,3.055,3.055,3.055,0.0
2017-03-27,3.05,3.05,3.05,3.05,0.0
2017-03-28,3.039,3.039,3.039,3.039,0.0
2017-03-29,3.051,3.051,3.051,3.051,0.0
2017-03-30,3.055,3.055,3.055,3.055,0.0
2017-03-31,3.048,3.048,3.048,3.048,0.0
2017-04-03,3.055,3.055,3.055,3.055,0.0
2017-04-04,3.057,3.057,3.057,3.057,0.0
2017-04-05,3.091,3.091,3.091,3.091,0.0
2017-04-06,3.073,3.073,3.073,3.073,0.0
2017-04-07,3.081,3.081,3.081,3.081,0.0
2017-04-10,3.082,3.082,3.082,3.082,0.0
2017-04-11,3.11,3.11,3.11,3.11,0.0
2017-04-12,3.112,3.112,3.112,3.112,0.0
2017-04-13,3.134,3.134,3.134,3.134,0.0
2017-04-17,3.13,3.13,3.13,3.13,0.0
2017-04-18,3.162,3.162,3.162,3.162,0.0
2017-04-19,3.172,3.172,3.172,3.172,0.0
2017-04-20,3.206,3.206,3.206,3.206,0.0
2017-04-21,3.183,3.183,3.183,3.183,0.0
2017-04-24,3.172,3.172,3.172,3.172,0.0
2017-04-25,3.177,3.177,3.177,3.177,0.0
2017-04-26,3.179,3.179,3.179,3.179,0.0
2017-04-27,3.167,3.167,3.167,3.167,0.0
2017-04-28,3.171,3.171,3.171,3.171,0.0
2017-05-01,3.139,3.139,3.139,3.139,0.0
2017-05-02,3.14,3.14,3.14,3.14,0.0
2017-05-03,3.159,3.159,3.159,3.159,0.0
2017-05-04,3.202,3.202,3.202,3.202,0.0
2017-05-05,3.202,3.202,3.202,3.202,0.0
2017-05-08,3.179,3.179,3.179,3.179,0.0
2017-05-09,3.182,3.182,3.182,3.182,0.0
2017-05-10,3.183,3.183,3.183,3.183,0.0
2017-05-11,3.187,3.187,3.187,3.187,0.0
2017-05-12,3.191,3.191,3.191,3.191,0.0
2017-05-15,3.179,3.179,3.179,3.179,0.0
2017-05-16,3.196,3.196,3.196,3.196,0.0
2017-05-17,3.211,3.211,3.211,3.211,0.0
2017-05-18,3.198,3.198,3.198,3.198,0.0
2017-05-19,3.188,3.188,3.188,3.188,0.0
2017-05-22,3.19,3.19,3.19,3.19,0.0
2017-05-23,3.21,3.21,3.21,3.21,0.0
2017-05-24,3.197,3.197,3.197,3.197,0.0
2017-05-25,3.196,3.196,3.196,3.196,0.0
2017-05-26,3.181,3.181,3.181,3.181,0.0
2017-05-30,3.173,3.173,3.173,3.173,0.0
2017-05-31,3.167,3.167,3.167,3.167,0.0
2017-06-01,3.167,3.167,3.167,3.167,0.0
2017-06-02,3.155,3.155,3.155,3.155,0.0
2017-06-05,3.131,3.131,3.131,3.131,0.0
2017-06-06,3.097,3.097,3.097,3.097,0.0
2017-06-07,3.108,3.108,3.108,3.108,0.0
2017-06-08,3.127,3.127,3.127,3.127,0.0
2017-06-09,3.124,3.124,3.124,3.124,0.0
2017-06-12,3.126,3.126,3.126,3.126,0.0
2017-06-13,3.133,3.133,3.133,3.133,0.0
2017-06-14,3.127,3.127,3.127,3.127,0.0
2017-06-15,3.149,3.149,3.149,3.149,0.0
2017-06-16,3.138,3.138,3.138,3.138,0.0
2017-06-19,3.15,3.15,3.15,3.15,0.0
2017-06-20,3.182,3.182,3.182,3.182,0.0
2017-06-21,3.19,3.19,3.19,3.19,0.0
2017-06-22,3.192,3.192,3.192,3.192,0.0
2017-06-23,3.185,3.185,3.185,3.185,0.0
2017-06-26,3.164,3.164,3.164,3.164,0.0
2017-06-27,3.161,3.161,3.161,3.161,0.0
2017-06-28,3.151,3.151,3.151,3.151,0.0
2017-06-29,3.152,3.152,3.152,3.152,0.0
2017-06-30,3.165,3.165,3.165,3.165,0.0
2017-07-03,3.161,3.161,3.161,3.161,0.0
2017-07-05,3.129,3.129,3.129,3.129,0.0
2017-07-06,3.107,3.107,3.107,3.107,0.0
2017-07-07,3.102,3.102,3.102,3.102,0.0
2017-07-10,3.092,3.092,3.092,3.092,0.0
2017-07-11,3.092,3.092,3.092,3.092,0.0
2017-07-12,3.082,3.082,3.082,3.082,0.0
2017-07-13,3.095,3.095,3.095,3.095,0.0
2017-07-14,3.099,3.099,3.099,3.099,0.0
2017-07-17,3.101,3.101,3.101,3.101,0.0
2017-07-18,3.114,3.114,3.114,3.114,0.0
2017-07-19,3.099,3.099,3.099,3.099,0.0
2017-07-20,3.082,3.082,3.082,3.082,0.0
2017-07-21,3.07,3.07,3.07,3.07,0.0
2017-07-24,3.032,3.032,3.032,3.032,0.0
2017-07-25,3.031,3.031,3.031,3.031,0.0
2017-07-26,3.008,3.008,3.008,3.008,0.0
2017-07-27,3.01,3.01,3.01,3.01,0.0
2017-07-28,3.032,3.032,3.032,3.032,0.0
2017-07-31,3.019,3.019,3.019,3.019,0.0
2017-08-01,3.041,3.041,3.041,3.041,0.0
2017-08-02,3.047,3.047,3.047,3.047,0.0
2017-08-03,3.065,3.065,3.065,3.065,0.0
2017-08-04,3.064,3.064,3.064,3.064,0.0
2017-08-07,3.063,3.063,3.063,3.063,0.0
2017-08-08,3.061,3.061,3.061,3.061,0.0
2017-08-09,3.055,3.055,3.055,3.055,0.0
2017-08-10,3.054,3.054,3.054,3.054,0.0
2017-08-11,3.058,3.058,3.058,3.058,0.0
2017-08-14,3.054,3.054,3.054,3.054,0.0
2017-08-15,3.049,3.049,3.049,3.049,0.0
2017-08-16,3.039,3.039,3.039,3.039,0.0
2017-08-17,3.032,3.032,3.032,3.032,0.0
2017-08-18,3.032,3.032,3.032,3.032,0.0
2017-08-21,3.021,3.021,3.021,3.021,0.0
2017-08-22,3.022,3.022,3.022,3.022,1.0
2017-08-23,3.025,3.025,3.025,3.025,0.0
2017-08-24,2.984,2.984,2.984,2.984,0.0
2017-08-25,2.971,2.971,2.971,2.971,0.0
2017-08-28,2.984,2.984,2.984,2.984,0.0
2017-08-29,2.983,2.983,2.983,2.983,0.0
2017-08-30,2.989,2.989,2.989,2.989,0.0
2017-08-31,2.989,2.989,2.989,2.989,0.0
2017-09-01,2.991,2.991,2.991,2.991,0.0
2017-09-05,2.987,2.987,2.987,2.987,0.0
2017-09-06,2.968,2.968,2.968,2.968,0.0
2017-09-07,3.001,3.001,3.001,3.001,0.0
2017-09-08,3.007,3.007,3.007,3.007,0.0
2017-09-11,3.018,3.018,3.018,3.018,0.0
2017-09-12,3.024,3.024,3.024,3.024,0.0
2017-09-13,3.01,3.01,3.01,3.01,0.0
2017-09-14,3.026,3.026,3.026,3.026,0.0
2017-09-15,3.029,3.029,3.029,3.029,0.0
2017-09-18,3.05,3.05,3.05,3.05,0.0
2017-09-19,3.031,3.031,3.031,3.031,0.0
2017-09-20,3.027,3.027,3.027,3.027,0.0
2017-09-21,3.018,3.018,3.018,3.018,0.0
2017-09-22,3.032,3.032,3.032,3.032,0.0
2017-09-25,3.017,3.017,3.017,3.017,0.0
2017-09-26,3.028,3.028,3.028,3.028,0.0
2017-09-27,3.041,3.041,3.041,3.041,0.0
2017-09-28,3.039,3.039,3.039,3.039,0.0
2017-09-29,3.036,3.036,3.036,3.036,0.0
2017-10-02,3.049,3.049,3.049,3.049,0.0
2017-10-03,3.072,3.072,3.072,3.072,0.0
2017-10-04,3.068,3.068,3.068,3.068,0.0
2017-10-05,3.066,3.066,3.066,3.066,0.0
2017-10-06,3.058,3.058,3.058,3.058,0.0
2017-10-09,3.068,3.068,3.068,3.068,0.0
2017-10-10,3.058,3.058,3.058,3.058,0.0
2017-10-11,3.077,3.077,3.077,3.077,0.0
2017-10-12,3.086,3.086,3.086,3.086,0.0
2017-10-13,3.084,3.084,3.084,3.084,0.0
2017-10-16,3.109,3.109,3.109,3.109,0.0
2017-10-17,3.121,3.121,3.121,3.121,0.0
2017-10-18,3.127,3.127,3.127,3.127,0.0
2017-10-19,3.148,3.148,3.148,3.148,0.0
2017-10-20,3.17,3.17,3.17,3.17,0.0
2017-10-23,3.15,3.15,3.15,3.15,0.0
2017-10-24,3.149,3.149,3.149,3.149,0.0
2017-10-25,3.15,3.15,3.15,3.15,0.0
2017-10-26,3.139,3.139,3.139,3.139,0.0
2017-10-27,3.117,3.117,3.117,3.117,0.0
2017-10-30,3.141,3.141,3.141,3.141,0.0
2017-10-31,3.139,3.139,3.139,3.139,0.0
2017-11-01,3.149,3.149,3.149,3.149,0.0
2017-11-02,3.133,3.133,3.133,3.133,0.0
2017-11-03,3.128,3.128,3.128,3.128,0.0
2017-11-06,3.123,3.123,3.123,3.123,0.0
2017-11-07,3.122,3.122,3.122,3.122,0.0
2017-11-08,3.12,3.12,3.12,3.12,0.0
2017-11-09,3.128,3.128,3.128,3.128,0.0
2017-11-10,3.109,3.109,3.109,3.109,0.0
2017-11-13,3.099,3.099,3.099,3.099,0.0
2017-11-14,3.105,3.105,3.105,3.105,0.0
2017-11-15,3.099,3.099,3.099,3.099,0.0
2017-11-16,3.103,3.103,3.103,3.103,0.0
2017-11-17,3.104,3.104,3.104,3.104,0.0
2017-11-20,3.097,3.097,3.097,3.097,0.0
2017-11-21,3.095,3.095,3.095,3.095,0.0
2017-11-22,3.082,3.082,3.082,3.082,0.0
2017-11-24,3.083,3.083,3.083,3.083,0.0
2017-11-27,3.085,3.085,3.085,3.085,0.0
2017-11-28,3.091,3.091,3.091,3.091,0.0
2017-11-29,3.106,3.106,3.106,3.106,0.0
2017-11-30,3.097,3.097,3.097,3.097,0.0
2017-12-01,3.082,3.082,3.082,3.082,0.0
2017-12-04,3.056,3.056,3.056,3.056,0.0
2017-12-05,3.049,3.049,3.049,3.049,0.0
2017-12-06,3.04,3.04,3.04,3.04,0.0
2017-12-07,3.046,3.046,3.046,3.046,0.0
2017-12-08,3.047,3.047,3.047,3.047,0.0
2017-12-11,3.04,3.04,3.04,3.04,0.0
2017-12-12,3.043,3.043,3.043,3.043,0.0
2017-12-13,3.055,3.055,3.055,3.055,0.0
2017-12-14,3.054,3.054,3.054,3.054,0.0
2017-12-15,3.062,3.062,3.062,3.062,0.0
2017-12-18,3.093,3.093,3.093,3.093,0.0
2017-12-19,3.095,3.095,3.095,3.095,0.0
2017-12-20,3.081,3.081,3.081,3.081,0.0
2017-12-21,3.098,3.098,3.098,3.098,0.0
2017-12-22,3.121,3.121,3.121,3.121,0.0
2017-12-26,3.122,3.122,3.122,3.122,0.0
2017-12-27,3.099,3.099,3.099,3.099,0.0
2017-12-28,3.086,3.086,3.086,3.086,0.0
2017-12-29,3.092,3.092,3.092,3.092,0.0
2018-01-02,3.085,3.085,3.085,3.085,0.0
2018-01-03,3.087,3.087,3.087,3.087,0.0
2018-01-04,3.099,3.099,3.099,3.099,0.0
2018-01-05,3.077,3.077,3.077,3.077,0.0
2018-01-08,3.085,3.085,3.085,3.085,0.0
2018-01-09,3.061,3.061,3.061,3.061,0.0
2018-01-10,3.081,3.081,3.081,3.081,0.0
2018-01-11,3.083,3.083,3.083,3.083,0.0
2018-01-12,3.07,3.07,3.07,3.07,0.0
2018-01-16,3.05,3.05,3.05,3.05,0.0
2018-01-17,3.044,3.044,3.044,3.044,0.0
2018-01-18,3.042,3.042,3.042,3.042,0.0
2018-01-19,3.052,3.052,3.052,3.052,0.0
2018-01-22,3.071,3.071,3.071,3.071,0.0
2018-01-23,3.083,3.083,3.083,3.083,0.0
2018-01-24,3.098,3.098,3.098,3.098,0.0
2018-01-25,3.114,3.114,3.114,3.114,0.0
2018-01-26,3.095,3.095,3.095,3.095,0.0
2018-01-29,3.097,3.097,3.097,3.097,0.0
2018-01-30,3.096,3.096,3.096,3.096,0.0
2018-01-31,3.079,3.079,3.079,3.079,0.0
2018-02-01,3.091,3.091,3.091,3.091,0.0
2018-02-02,3.096,3.096,3.096,3.096,0.0
2018-02-05,3.115,3.115,3.115,3.115,0.0
2018-02-06,3.112,3.112,3.112,3.112,0.0
2018-02-07,3.079,3.079,3.079,3.079,0.0
2018-02-08,3.08,3.08,3.08,3.08,0.0
2018-02-09,3.062,3.062,3.062,3.062,0.0
2018-02-12,3.043,3.043,3.043,3.043,0.0
2018-02-13,3.048,3.048,3.048,3.048,0.0
2018-02-14,3.046,3.046,3.046,3.046,0.0
2018-02-15,3.043,3.043,3.043,3.043,0.0
2018-02-16,3.051,3.051,3.051,3.051,0.0
2018-02-20,3.054,3.054,3.054,3.054,0.0
2018-02-21,3.072,3.072,3.072,3.072,0.0
2018-02-22,3.074,3.074,3.074,3.074,0.0
2018-02-23,3.066,3.066,3.066,3.066,0.0
2018-02-26,3.074,3.074,3.074,3.074,0.0
2018-02-27,3.073,3.073,3.073,3.073,0.0
2018-02-28,3.051,3.051,3.051,3.051,0.0
2018-03-01,3.059,3.059,3.059,3.059,0.0
2018-03-02,3.073,3.073,3.073,3.073,0.0
2018-03-05,3.088,3.088,3.088,3.088,0.0
2018-03-06,3.1,3.1,3.1,3.1,0.0
2018-03-07,3.091,3.091,3.091,3.091,0.0
2018-03-08,3.059,3.059,3.059,3.059,0.0
2018-03-09,3.022,3.022,3.022,3.022,0.0
2018-03-12,3.018,3.018,3.018,3.018,0.0
2018-03-13,3.029,3.029,3.029,3.029,0.0
2018-03-14,3.047,3.047,3.047,3.047,0.0
2018-03-15,3.071,3.071,3.071,3.071,0.0
2018-03-16,3.081,3.081,3.081,3.081,0.0
2018-03-19,3.071,3.071,3.071,3.071,0.0
2018-03-20,3.076,3.076,3.076,3.076,0.0
2018-03-21,3.065,3.065,3.065,3.065,0.0
2018-03-22,3.053,3.053,3.053,3.053,0.0
2018-03-23,3.027,3.027,3.027,3.027,0.0
2018-03-26,3.055,3.055,3.055,3.055,0.0
2018-03-27,3.067,3.067,3.067,3.067,0.0
2018-03-28,3.075,3.075,3.075,3.075,0.0
2018-03-29,3.11,3.11,3.11,3.11,0.0
2018-04-02,3.092,3.092,3.092,3.092,0.0
2018-04-03,3.085,3.085,3.085,3.085,0.0
2018-04-04,3.059,3.059,3.059,3.059,0.0
2018-04-05,3.072,3.072,3.072,3.072,0.0
2018-04-06,3.067,3.067,3.067,3.067,0.0
2018-04-09,3.059,3.059,3.059,3.059,0.0
2018-04-10,3.068,3.068,3.068,3.068,0.0
2018-04-11,3.084,3.084,3.084,3.084,0.0
2018-04-12,3.096,3.096,3.096,3.096,0.0
2018-04-13,3.089,3.089,3.089,3.089,0.0
2018-04-16,3.091,3.091,3.091,3.091,0.0
2018-04-17,3.087,3.087,3.087,3.087,0.0
2018-04-18,3.076,3.076,3.076,3.076,0.0
2018-04-19,3.045,3.045,3.045,3.045,0.0
2018-04-20,3.05,3.05,3.05,3.05,0.0
2018-04-23,3.048,3.048,3.048,3.048,0.0
2018-04-24,3.046,3.046,3.046,3.046,0.0
2018-04-25,3.046,3.046,3.046,3.046,0.0
2018-04-26,3.037,3.037,3.037,3.037,0.0
2018-04-27,3.039,3.039,3.039,3.039,0.0
2018-04-30,3.034,3.034,3.034,3.034,0.0
2018-05-01,3.02,3.02,3.02,3.02,0.0
2018-05-02,3.021,3.021,3.021,3.021,0.0
2018-05-03,3.02,3.02,3.02,3.02,0.0
2018-05-04,3.013,3.013,3.013,3.013,0.0
2018-05-07,3.0,3.011,3.0,3.011,11.0
2018-05-08,2.966,2.966,2.966,2.966,0.0
2018-05-09,2.952,2.952,2.952,2.952,0.0
2018-05-10,2.948,2.948,2.948,2.948,0.0
2018-05-11,2.951,2.951,2.951,2.951,0.0
2018-05-14,2.948,2.948,2.948,2.948,0.0
2018-05-15,2.953,2.953,2.953,2.953,0.0
2018-05-16,2.947,2.947,2.947,2.947,0.0
2018-05-17,2.954,2.954,2.954,2.954,0.0
2018-05-18,2.969,2.969,2.969,2.969,0.0
2018-05-21,2.966,2.966,2.966,2.966,0.0
2018-05-22,2.971,2.971,2.971,2.971,0.0
2018-05-23,2.953,2.953,2.953,2.953,0.0
2018-05-24,2.947,2.947,2.947,2.947,0.0
2018-05-25,2.919,2.919,2.919,2.919,0.0
2018-05-29,2.896,2.896,2.896,2.896,0.0
2018-05-30,2.898,2.898,2.898,2.898,0.0
2018-05-31,2.898,2.898,2.898,2.898,0.0
2018-06-01,2.887,2.887,2.887,2.887,0.0
2018-06-04,2.874,2.874,2.874,2.874,0.0
2018-06-05,2.878,2.878,2.878,2.878,0.0
2018-06-06,2.895,2.895,2.895,2.895,0.0
2018-06-07,2.876,2.876,2.876,2.876,0.0
2018-06-08,2.879,2.879,2.879,2.879,0.0
2018-06-11,2.866,2.866,2.866,2.866,0.0
2018-06-12,2.881,2.881,2.881,2.881,0.0
2018-06-13,2.904,2.904,2.904,2.904,0.0
2018-06-14,2.909,2.909,2.909,2.909,0.0
2018-06-15,2.914,2.914,2.914,2.914,0.0
2018-06-18,2.921,2.921,2.921,2.921,0.0
2018-06-19,2.919,2.919,2.919,2.919,0.0
2018-06-20,2.911,2.911,2.911,2.911,0.0
2018-06-21,2.903,2.903,2.903,2.903,0.0
2018-06-22,2.901,2.901,2.901,2.901,0.0
2018-06-25,2.897,2.897,2.897,2.897,0.0
2018-06-26,2.894,2.894,2.894,2.894,0.0
2018-06-27,2.897,2.897,2.897,2.897,0.0
2018-06-28,2.897,2.897,2.897,2.897,0.0
2018-06-29,2.894,2.894,2.894,2.894,0.0
2018-07-02,2.885,2.885,2.885,2.885,0.0
2018-07-03,2.878,2.878,2.878,2.878,0.0
2018-07-05,2.877,2.877,2.877,2.877,0.0
2018-07-06,2.871,2.871,2.871,2.871,0.0
2018-07-09,2.862,2.862,2.862,2.862,0.0
2018-07-10,2.862,2.862,2.862,2.862,0.0
2018-07-11,2.845,2.845,2.845,2.845,0.0
2018-07-12,2.842,2.842,2.842,2.842,0.0
2018-07-13,2.839,2.839,2.839,2.839,0.0
2018-07-16,2.816,2.816,2.816,2.816,0.0
2018-07-17,2.811,2.811,2.811,2.811,2.0
2018-07-18,2.797,2.797,2.797,2.797,0.0
2018-07-19,2.8,2.8,2.8,2.8,0.0
2018-07-20,2.801,2.801,2.801,2.801,0.0
2018-07-23,2.81,2.81,2.81,2.81,0.0
2018-07-24,2.82,2.82,2.82,2.82,0.0
2018-07-25,2.832,2.832,2.832,2.832,0.0
2018-07-26,2.828,2.828,2.828,2.828,0.0
2018-07-27,2.851,2.851,2.851,2.851,0.0
2018-07-30,2.855,2.855,2.855,2.855,0.0
2018-07-31,2.854,2.854,2.854,2.854,0.0
2018-08-01,2.824,2.824,2.824,2.824,0.0
2018-08-02,2.828,2.828,2.828,2.828,0.0
2018-08-03,2.828,2.828,2.828,2.828,0.0
2018-08-06,2.811,2.811,2.811,2.811,0.0
2018-08-07,2.83,2.83,2.83,2.83,0.0
2018-08-08,2.843,2.843,2.843,2.843,0.0
2018-08-09,2.835,2.835,2.835,2.835,0.0
2018-08-10,2.853,2.853,2.853,2.853,0.0
2018-08-13,2.858,2.858,2.858,2.858,0.0
2018-08-14,2.857,2.857,2.857,2.857,0.0
2018-08-15,2.858,2.858,2.858,2.858,0.0
2018-08-16,2.848,2.848,2.848,2.848,0.0
2018-08-17,2.85,2.85,2.85,2.85,0.0
2018-08-20,2.849,2.849,2.849,2.849,0.0
2018-08-21,2.862,2.862,2.862,2.862,0.0
2018-08-22,2.849,2.849,2.849,2.849,0.0
2018-08-23,2.844,2.844,2.844,2.844,0.0
2018-08-24,2.834,2.834,2.834,2.834,0.0
2018-08-27,2.802,2.802,2.802,2.802,0.0
2018-08-28,2.773,2.773,2.773,2.773,0.0
2018-08-29,2.78,2.78,2.78,2.78,0.0
2018-08-30,2.771,2.771,2.771,2.771,0.0
2018-08-31,2.783,2.783,2.783,2.783,0.0
2018-09-04,2.765,2.765,2.765,2.765,0.0
2018-09-05,2.77,2.77,2.77,2.77,0.0
2018-09-06,2.785,2.785,2.785,2.785,0.0
2018-09-07,2.784,2.784,2.784,2.784,0.0
2018-09-10,2.791,2.791,2.791,2.791,0.0
2018-09-11,2.79,2.79,2.79,2.79,0.0
2018-09-12,2.8,2.8,2.8,2.8,0.0
2018-09-13,2.816,2.816,2.816,2.816,0.0
2018-09-14,2.814,2.814,2.814,2.814,0.0
2018-09-17,2.818,2.818,2.818,2.818,0.0
2018-09-18,2.819,2.819,2.819,2.819,0.0
2018-09-19,2.812,2.812,2.812,2.812,0.0
2018-09-20,2.816,2.816,2.816,2.816,0.0
2018-09-21,2.814,2.814,2.814,2.814,0.0
2018-09-24,2.81,2.81,2.81,2.81,0.0
2018-09-25,2.809,2.809,2.809,2.809,0.0
2018-09-26,2.818,2.818,2.818,2.818,0.0
2018-09-27,2.816,2.816,2.816,2.816,0.0
2018-09-28,2.816,2.816,2.816,2.816,0.0
2018-10-01,2.821,2.821,2.821,2.821,0.0
2018-10-02,2.819,2.819,2.819,2.819,0.0
2018-10-03,2.818,2.818,2.818,2.818,0.0
2018-10-04,2.818,2.818,2.818,2.818,0.0
2018-10-05,2.819,2.819,2.819,2.819,0.0
2018-10-08,2.825,2.825,2.825,2.825,0.0
2018-10-09,2.821,2.821,2.821,2.821,0.0
2018-10-10,2.817,2.817,2.817,2.817,0.0
2018-10-11,2.842,2.842,2.842,2.842,0.0
2018-10-12,2.841,2.841,2.841,2.841,0.0
2018-10-15,2.84,2.84,2.84,2.84,0.0
2018-10-16,2.839,2.839,2.839,2.839,0.0
2018-10-17,2.834,2.834,2.834,2.834,0.0
2018-10-18,2.833,2.833,2.833,2.833,0.0
2018-10-19,2.83,2.83,2.83,2.83,0.0
2018-10-22,2.831,2.831,2.831,2.831,0.0
2018-10-23,2.83,2.83,2.83,2.83,0.0
2018-10-24,2.827,2.827,2.827,2.827,0.0
2018-10-25,2.817,2.817,2.817,2.817,0.0
2018-10-26,2.819,2.819,2.819,2.819,0.0
2018-10-29,2.82,2.82,2.82,2.82,0.0
2018-10-30,2.834,2.834,2.834,2.834,0.0
2018-10-31,2.833,2.833,2.833,2.833,0.0
2018-11-01,2.84,2.84,2.84,2.84,0.0
2018-11-02,2.85,2.85,2.85,2.85,0.0
2018-11-05,2.858,2.858,2.858,2.858,0.0
2018-11-06,2.874,2.874,2.874,2.874,0.0
2018-11-07,2.872,2.872,2.872,2.872,0.0
2018-11-08,2.873,2.873,2.873,2.873,0.0
2018-11-09,2.886,2.886,2.886,2.886,0.0
2018-11-12,2.901,2.901,2.901,2.901,0.0
2018-11-13,2.88,2.88,2.88,2.88,0.0
2018-11-14,2.864,2.864,2.864,2.864,0.0
2018-11-15,2.879,2.879,2.879,2.879,0.0
2018-11-16,2.85,2.85,2.85,2.85,0.0
2018-11-19,2.834,2.834,2.834,2.834,0.0
2018-11-20,2.832,2.832,2.832,2.832,0.0
2018-11-21,2.83,2.83,2.83,2.83,0.0
2018-11-23,2.855,2.855,2.855,2.855,0.0
2018-11-26,2.848,2.848,2.848,2.848,0.0
2018-11-27,2.844,2.844,2.844,2.844,0.0
2018-11-28,2.867,2.867,2.867,2.867,0.0
2018-11-29,2.909,2.909,2.909,2.909,0.0
2018-11-30,2.956,2.956,2.956,2.956,0.0
2018-12-03,2.928,2.928,2.928,2.928,0.0
2018-12-04,2.914,2.914,2.914,2.914,0.0
2018-12-05,2.905,2.905,2.905,2.905,0.0
2018-12-06,2.916,2.916,2.916,2.916,0.0
2018-12-07,2.923,2.923,2.923,2.923,0.0
2018-12-10,2.924,2.924,2.924,2.924,0.0
2018-12-11,2.899,2.899,2.899,2.899,0.0
2018-12-12,2.901,2.901,2.901,2.901,0.0
2018-12-13,2.863,2.863,2.863,2.863,0.0
2018-12-14,2.873,2.873,2.873,2.873,0.0
2018-12-17,2.872,2.872,2.872,2.872,0.0
2018-12-18,2.873,2.873,2.873,2.873,0.0
2018-12-19,2.889,2.889,2.889,2.889,0.0
2018-12-20,2.898,2.898,2.898,2.898,0.0
2018-12-21,2.901,2.901,2.901,2.901,0.0
2018-12-24,2.9,2.9,2.9,2.9,0.0
2018-12-26,2.897,2.897,2.897,2.897,0.0
2018-12-27,2.895,2.895,2.895,2.895,0.0
2018-12-28,2.887,2.887,2.887,2.887,0.0
2018-12-31,2.893,2.893,2.893,2.893,0.0
2019-01-02,2.891,2.891,2.891,2.891,0.0
2019-01-03,2.873,2.873,2.873,2.873,0.0
2019-01-04,2.884,2.884,2.884,2.884,0.0
2019-01-07,2.886,2.886,2.886,2.886,0.0
2019-01-08,2.902,2.902,2.902,2.902,0.0
2019-01-09,2.902,2.902,2.902,2.902,0.0
2019-01-10,2.905,2.905,2.905,2.905,0.0
2019-01-11,2.915,2.915,2.915,2.915,0.0
2019-01-14,2.914,2.914,2.914,2.914,0.0
2019-01-15,2.906,2.906,2.906,2.906,0.0
2019-01-16,2.875,2.875,2.875,2.875,0.0
2019-01-17,2.869,2.869,2.869,2.869,0.0
2019-01-18,2.884,2.884,2.884,2.884,0.0
2019-01-22,2.897,2.897,2.897,2.897,0.0
2019-01-23,2.892,2.892,2.892,2.892,0.0
2019-01-24,2.875,2.875,2.875,2.875,0.0
2019-01-25,2.895,2.895,2.895,2.895,0.0
2019-01-28,2.885,2.885,2.885,2.885,0.0
2019-01-29,2.898,2.898,2.898,2.898,0.0
2019-01-30,2.9,2.9,2.9,2.9,0.0
2019-01-31,2.901,2.901,2.901,2.901,0.0
2019-02-01,2.902,2.902,2.902,2.902,0.0
2019-02-04,2.889,2.889,2.889,2.889,0.0
2019-02-05,2.909,2.909,2.909,2.909,0.0
2019-02-06,2.913,2.913,2.913,2.913,0.0
2019-02-07,2.909,2.909,2.909,2.909,0.0
2019-02-08,2.911,2.911,2.911,2.911,0.0
2019-02-11,2.916,2.916,2.916,2.916,0.0
2019-02-12,2.924,2.924,2.924,2.924,0.0
2019-02-13,2.925,2.925,2.925,2.925,0.0
2019-02-14,2.929,2.929,2.929,2.929,0.0
2019-02-15,2.915,2.915,2.915,2.915,0.0
2019-02-19,2.917,2.917,2.917,2.917,0.0
2019-02-20,2.909,2.909,2.909,2.909,0.0
2019-02-21,2.902,2.902,2.902,2.902,0.0
2019-02-22,2.899,2.899,2.899,2.899,0.0
2019-02-25,2.894,2.894,2.894,2.894,0.0
2019-02-26,2.876,2.876,2.876,2.876,0.0
2019-02-27,2.912,2.912,2.912,2.912,0.0
2019-02-28,2.917,2.917,2.917,2.917,0.0
2019-03-01,2.916,2.916,2.916,2.916,0.0
2019-03-04,2.912,2.912,2.912,2.912,0.0
2019-03-05,2.91,2.91,2.91,2.91,0.0
2019-03-06,2.914,2.914,2.914,2.914,0.0
2019-03-07,2.922,2.922,2.922,2.922,0.0
2019-03-08,2.922,2.922,2.922,2.922,0.0
2019-03-11,2.949,2.949,2.949,2.949,0.0
2019-03-12,2.964,2.964,2.964,2.964,0.0
2019-03-13,2.973,2.973,2.973,2.973,0.0
2019-03-14,2.978,2.978,2.978,2.978,0.0
2019-03-15,2.979,2.979,2.979,2.979,0.0
2019-03-18,2.981,2.981,2.981,2.981,0.0
2019-03-19,2.982,2.982,2.982,2.982,0.0
2019-03-20,2.98,2.98,2.98,2.98,0.0
2019-03-21,2.984,2.984,2.984,2.984,0.0
2019-03-22,2.974,2.974,2.974,2.974,0.0
2019-03-25,2.973,2.973,2.973,2.973,0.0
2019-03-26,2.975,2.975,2.975,2.975,0.0
2019-03-27,2.966,2.966,2.966,2.966,0.0
2019-03-28,2.969,2.969,2.969,2.969,0.0
2019-03-29,2.968,2.968,2.968,2.968,0.0
2019-04-01,2.967,2.967,2.967,2.967,0.0
2019-04-02,2.974,2.974,2.974,2.974,0.0
2019-04-03,2.973,2.973,2.973,2.973,0.0
2019-04-04,2.968,2.968,2.968,2.968,0.0
2019-04-05,2.964,2.964,2.964,2.964,0.0
2019-04-08,2.967,2.967,2.967,2.967,0.0
2019-04-09,2.974,2.974,2.974,2.974,0.0
2019-04-10,2.958,2.958,2.958,2.958,0.0
2019-04-11,2.956,2.956,2.956,2.956,0.0
2019-04-12,2.956,2.956,2.956,2.956,0.0
2019-04-15,2.956,2.956,2.956,2.956,0.0
2019-04-16,2.957,2.957,2.957,2.957,0.0
2019-04-17,2.947,2.947,2.947,2.947,0.0
2019-04-18,2.932,2.932,2.932,2.932,0.0
2019-04-22,2.92,2.92,2.92,2.92,0.0
2019-04-23,2.915,2.915,2.915,2.915,0.0
2019-04-24,2.925,2.925,2.925,2.925,0.0
2019-04-25,2.935,2.935,2.935,2.935,0.0
2019-04-26,2.932,2.932,2.932,2.932,0.0
2019-04-29,2.946,2.946,2.946,2.946,0.0
2019-04-30,2.951,2.951,2.951,2.951,0.0
2019-05-01,2.953,2.953,2.953,2.953,0.0
2019-05-02,2.95,2.95,2.95,2.95,0.0
2019-05-03,2.924,2.924,2.924,2.924,0.0
2019-05-06,2.927,2.927,2.927,2.927,0.0
2019-05-07,2.927,2.927,2.927,2.927,0.0
2019-05-08,2.921,2.921,2.921,2.921,0.0
2019-05-09,2.928,2.928,2.928,2.928,0.0
2019-05-10,2.919,2.919,2.919,2.919,0.0
2019-05-13,2.922,2.922,2.922,2.922,0.0
2019-05-14,2.933,2.933,2.933,2.933,0.0
2019-05-15,2.931,2.931,2.931,2.931,0.0
2019-05-16,2.932,2.932,2.932,2.932,0.0
2019-05-17,2.936,2.936,2.936,2.936,0.0
2019-05-20,2.941,2.941,2.941,2.941,0.0
2019-05-21,2.944,2.944,2.944,2.944,0.0
2019-05-22,2.926,2.926,2.926,2.926,0.0
2019-05-23,2.938,2.938,2.938,2.938,0.0
2019-05-24,2.948,2.948,2.948,2.948,0.0
2019-05-28,2.938,2.938,2.938,2.938,0.0
2019-05-29,2.921,2.921,2.921,2.921,0.0
2019-05-30,2.919,2.919,2.919,2.919,0.0
2019-05-31,2.917,2.917,2.917,2.917,0.0
2019-06-03,2.905,2.905,2.905,2.905,0.0
2019-06-04,2.911,2.911,2.911,2.911,0.0
2019-06-05,2.905,2.905,2.905,2.905,0.0
2019-06-06,2.92,2.92,2.92,2.92,0.0
2019-06-07,2.92,2.92,2.92,2.92,0.0
2019-06-10,2.914,2.914,2.914,2.914,0.0
2019-06-11,2.914,2.914,2.914,2.914,0.0
2019-06-12,2.905,2.905,2.905,2.905,0.0
2019-06-13,2.906,2.906,2.906,2.906,0.0
2019-06-14,2.911,2.911,2.911,2.911,0.0
2019-06-17,2.914,2.914,2.914,2.914,0.0
2019-06-18,2.897,2.897,2.897,2.897,0.0
2019-06-19,2.898,2.898,2.898,2.898,0.0
2019-06-20,2.902,2.902,2.902,2.902,0.0
2019-06-21,2.917,2.917,2.917,2.917,0.0
2019-06-24,2.917,2.917,2.917,2.917,0.0
2019-06-25,2.921,2.921,2.916,2.916,1.0
2019-06-26,2.908,2.908,2.908,2.908,0.0
2019-06-27,2.904,2.904,2.904,2.904,0.0
2019-06-28,2.878,2.878,2.878,2.878,0.0
2019-07-01,2.871,2.871,2.871,2.871,0.0
2019-07-02,2.867,2.867,2.867,2.867,0.0
2019-07-03,2.863,2.863,2.863,2.863,0.0
2019-07-05,2.875,2.875,2.875,2.875,0.0
2019-07-08,2.871,2.871,2.871,2.871,0.0
2019-07-09,2.882,2.882,2.882,2.882,0.0
2019-07-10,2.874,2.874,2.874,2.874,0.0
2019-07-11,2.882,2.882,2.882,2.882,0.0
2019-07-12,2.89,2.89,2.89,2.89,0.0
2019-07-15,2.895,2.895,2.895,2.895,0.0
2019-07-16,2.871,2.871,2.871,2.871,0.0
2019-07-17,2.868,2.868,2.868,2.868,0.0
2019-07-18,2.887,2.887,2.887,2.887,0.0
2019-07-19,2.88,2.88,2.88,2.88,0.0
2019-07-22,2.88,2.88,2.88,2.88,0.0
2019-07-23,2.879,2.879,2.879,2.879,0.0
2019-07-24,2.872,2.872,2.872,2.872,0.0
2019-07-25,2.873,2.873,2.873,2.873,0.0
2019-07-26,2.874,2.874,2.874,2.874,0.0
2019-07-29,2.863,2.863,2.863,2.863,0.0
2019-07-30,2.859,2.859,2.859,2.859,0.0
2019-07-31,2.865,2.865,2.865,2.865,0.0
2019-08-01,2.873,2.873,2.873,2.873,0.0
2019-08-02,2.86,2.86,2.86,2.86,0.0
2019-08-05,2.858,2.858,2.858,2.858,0.0
2019-08-06,2.859,2.859,2.859,2.859,0.0
2019-08-07,2.851,2.851,2.851,2.851,0.0
2019-08-08,2.845,2.845,2.845,2.845,0.0
2019-08-09,2.829,2.829,2.829,2.829,0.0
2019-08-12,2.803,2.803,2.803,2.803,0.0
2019-08-13,2.794,2.794,2.794,2.794,0.0
2019-08-14,2.768,2.768,2.768,2.768,0.0
2019-08-15,2.769,2.769,2.769,2.769,0.0
2019-08-16,2.741,2.741,2.741,2.741,0.0
2019-08-19,2.743,2.743,2.743,2.743,0.0
2019-08-20,2.74,2.74,2.74,2.74,0.0
2019-08-21,2.741,2.741,2.741,2.741,0.0
2019-08-22,2.73,2.73,2.73,2.73,0.0
2019-08-23,2.76,2.76,2.76,2.76,0.0
2019-08-26,2.767,2.767,2.767,2.767,0.0
2019-08-27,2.782,2.782,2.782,2.782,0.0
2019-08-28,2.801,2.801,2.801,2.801,0.0
2019-08-29,2.813,2.813,2.813,2.813,0.0
2019-08-30,2.775,2.775,2.775,2.775,0.0
2019-09-03,2.795,2.795,2.795,2.795,0.0
2019-09-04,2.769,2.769,2.769,2.769,0.0
2019-09-05,2.776,2.776,2.776,2.776,0.0
2019-09-06,2.763,2.763,2.763,2.763,0.0
2019-09-09,2.756,2.756,2.756,2.756,0.0
2019-09-10,2.76,2.76,2.76,2.76,0.0
2019-09-11,2.774,2.774,2.774,2.774,0.0
2019-09-12,2.779,2.779,2.779,2.779,0.0
2019-09-13,2.765,2.765,2.765,2.765,0.0
2019-09-16,2.792,2.792,2.792,2.792,0.0
2019-09-17,2.779,2.779,2.779,2.779,0.0
2019-09-18,2.792,2.792,2.792,2.792,0.0
2019-09-19,2.797,2.797,2.797,2.797,0.0
2019-09-20,2.808,2.808,2.808,2.808,0.0
2019-09-23,2.805,2.805,2.805,2.805,0.0
2019-09-24,2.796,2.796,2.796,2.796,0.0
2019-09-25,2.795,2.795,2.795,2.795,0.0
2019-09-26,2.796,2.796,2.796,2.796,0.0
2019-09-27,2.785,2.785,2.785,2.785,0.0
2019-09-30,2.787,2.787,2.787,2.787,0.0
2019-10-01,2.776,2.776,2.776,2.776,0.0
2019-10-02,2.794,2.794,2.794,2.794,0.0
2019-10-03,2.779,2.779,2.779,2.779,0.0
2019-10-04,2.769,2.769,2.769,2.769,0.0
2019-10-07,2.766,2.766,2.766,2.766,0.0
2019-10-08,2.742,2.742,2.742,2.742,0.0
2019-10-09,2.737,2.737,2.737,2.737,0.0
2019-10-10,2.728,2.728,2.728,2.728,0.0
2019-10-11,2.744,2.744,2.744,2.744,0.0
2019-10-14,2.759,2.759,2.759,2.759,0.0
2019-10-15,2.758,2.758,2.758,2.758,0.0
2019-10-16,2.76,2.76,2.76,2.76,0.0
2019-10-17,2.757,2.757,2.757,2.757,0.0
2019-10-18,2.752,2.752,2.752,2.752,0.0
2019-10-21,2.747,2.747,2.747,2.747,0.0
2019-10-22,2.751,2.751,2.751,2.751,0.0
2019-10-23,2.745,2.745,2.745,2.745,0.0
2019-10-24,2.749,2.749,2.749,2.749,0.0
2019-10-25,2.747,2.747,2.747,2.747,0.0
2019-10-28,2.756,2.756,2.756,2.756,0.0
2019-10-29,2.772,2.772,2.772,2.772,0.0
2019-10-30,2.783,2.783,2.783,2.783,0.0
2019-10-31,2.781,2.781,2.781,2.781,0.0
2019-11-01,2.79,2.79,2.79,2.79,0.0
2019-11-04,2.78,2.78,2.78,2.78,0.0
2019-11-05,2.776,2.776,2.776,2.776,0.0
2019-11-06,2.766,2.766,2.766,2.766,0.0
2019-11-07,2.753,2.753,2.753,2.753,0.0
2019-11-08,2.76,2.76,2.76,2.76,0.0
2019-11-11,2.757,2.757,2.757,2.757,0.0
2019-11-12,2.737,2.737,2.737,2.737,0.0
2019-11-13,2.72,2.72,2.72,2.72,0.0
2019-11-14,2.722,2.722,2.722,2.722,0.0
2019-11-15,2.72,2.72,2.72,2.72,0.0
2019-11-18,2.724,2.724,2.724,2.724,0.0
2019-11-19,2.722,2.722,2.722,2.722,0.0
2019-11-20,2.731,2.731,2.731,2.731,0.0
2019-11-21,2.738,2.738,2.738,2.738,0.0
2019-11-22,2.738,2.738,2.738,2.738,0.0
2019-11-25,2.725,2.725,2.725,2.725,0.0
2019-11-26,2.719,2.719,2.719,2.719,0.0
2019-11-27,2.723,2.723,2.723,2.723,0.0
2019-11-29,2.681,2.681,2.681,2.681,0.0
2019-12-02,2.697,2.707,2.697,2.707,25.0
2019-12-03,2.712,2.712,2.712,2.712,0.0
2019-12-04,2.711,2.711,2.711,2.711,0.0
2019-12-05,2.703,2.703,2.703,2.703,0.0
2019-12-06,2.68,2.68,2.68,2.68,0.0
2019-12-09,2.679,2.679,2.679,2.679,0.0
2019-12-10,2.688,2.688,2.688,2.688,0.0
2019-12-11,2.685,2.685,2.685,2.685,0.0
2019-12-12,2.69,2.69,2.69,2.69,0.0
2019-12-13,2.673,2.673,2.673,2.673,0.0
2019-12-16,2.682,2.682,2.682,2.682,0.0
2019-12-17,2.684,2.684,2.684,2.684,0.0
2019-12-18,2.661,2.661,2.661,2.661,0.0
2019-12-19,2.65,2.659,2.65,2.659,6.0
2019-12-20,2.65,2.65,2.65,2.65,0.0
2019-12-23,2.65,2.657,2.65,2.657,1.0
2019-12-24,2.655,2.655,2.655,2.655,0.0
2019-12-26,2.66,2.66,2.649,2.649,1.0
2019-12-27,2.647,2.647,2.647,2.647,0.0
2019-12-30,2.64,2.644,2.64,2.644,2.0
2019-12-31,2.653,2.653,2.653,2.653,0.0
2020-01-02,2.648,2.648,2.648,2.648,0.0
2020-01-03,2.65,2.65,2.648,2.648,200.0
2020-01-06,2.652,2.652,2.652,2.652,0.0
2020-01-07,2.659,2.659,2.659,2.659,0.0
2020-01-08,2.662,2.662,2.662,2.662,0.0
2020-01-09,2.673,2.673,2.673,2.673,0.0
2020-01-10,2.675,2.675,2.675,2.675,0.0
2020-01-13,2.675,2.675,2.675,2.675,0.0
2020-01-14,2.674,2.674,2.674,2.674,0.0
2020-01-15,2.675,2.675,2.673,2.673,6.0
2020-01-16,2.68,2.68,2.68,2.68,0.0
2020-01-17,2.685,2.685,2.685,2.685,0.0
2020-01-21,2.675,2.675,2.675,2.675,0.0
2020-01-22,2.664,2.664,2.664,2.664,0.0
2020-01-23,2.656,2.656,2.656,2.656,0.0
2020-01-24,2.646,2.646,2.646,2.646,0.0
2020-01-27,2.631,2.631,2.631,2.631,0.0
2020-01-28,2.643,2.643,2.643,2.643,0.0
2020-01-29,2.633,2.633,2.633,2.633,0.0
2020-01-30,2.628,2.628,2.628,2.628,0.0
2020-01-31,2.629,2.629,2.629,2.629,0.0
2020-02-03,2.624,2.624,2.624,2.624,5.0
2020-02-04,2.625,2.625,2.625,2.625,0.0
2020-02-05,2.6,2.613,2.6,2.613,1.0
2020-02-06,2.633,2.633,2.633,2.633,0.0
2020-02-07,2.651,2.651,2.651,2.651,0.0
2020-02-10,2.643,2.643,2.643,2.643,0.0
2020-02-11,2.648,2.648,2.648,2.648,0.0
2020-02-12,2.655,2.655,2.655,2.655,0.0
2020-02-13,2.648,2.648,2.645,2.645,6.0
2020-02-14,2.633,2.633,2.633,2.633,0.0
2020-02-18,2.619,2.619,2.619,2.619,0.0
2020-02-19,2.623,2.623,2.623,2.623,0.0
2020-02-20,2.618,2.618,2.618,2.618,0.0
2020-02-21,2.626,2.626,2.62,2.62,2.0
2020-02-24,2.615,2.615,2.615,2.615,0.0
2020-02-25,2.622,2.622,2.622,2.622,0.0
2020-02-26,2.637,2.637,2.637,2.637,0.0
2020-02-27,2.627,2.627,2.627,2.627,0.0
2020-02-28,2.63,2.63,2.63,2.63,0.0
2020-03-02,2.665,2.665,2.665,2.665,0.0
2020-03-03,2.661,2.661,2.661,2.661,25.0
2020-03-04,2.642,2.642,2.642,2.642,0.0
2020-03-05,2.622,2.622,2.622,2.622,0.0
2020-03-06,2.619,2.619,2.619,2.619,0.0
2020-03-09,2.651,2.651,2.651,2.651,0.0
2020-03-10,2.658,2.658,2.658,2.658,0.0
2020-03-11,2.62,2.62,2.62,2.62,0.0
2020-03-12,2.58,2.58,2.58,2.58,0.0
2020-03-13,2.575,2.575,2.575,2.575,0.0
2020-03-16,2.575,2.575,2.575,2.575,0.0
2020-03-17,2.593,2.593,2.593,2.593,0.0
2020-03-18,2.596,2.596,2.596,2.596,0.0
2020-03-19,2.609,2.609,2.609,2.609,0.0
2020-03-20,2.598,2.598,2.598,2.598,0.0
2020-03-23,2.593,2.593,2.593,2.593,0.0
2020-03-24,2.594,2.594,2.594,2.594,0.0
2020-03-25,2.589,2.589,2.589,2.589,0.0
2020-03-26,2.567,2.567,2.567,2.567,0.0
2020-03-27,2.598,2.598,2.598,2.598,0.0
2020-03-30,2.606,2.606,2.606,2.606,0.0
2020-03-31,2.608,2.608,2.608,2.608,0.0
2020-04-01,2.6,2.6,2.575,2.581,25.0
2020-04-02,2.567,2.567,2.567,2.567,0.0
2020-04-03,2.551,2.551,2.551,2.551,0.0
2020-04-06,2.57,2.57,2.567,2.567,5.0
2020-04-07,2.561,2.561,2.561,2.561,0.0
2020-04-08,2.578,2.578,2.578,2.578,0.0
2020-04-09,2.603,2.603,2.603,2.603,0.0
2020-04-13,2.631,2.631,2.631,2.631,0.0
2020-04-14,2.613,2.613,2.613,2.613,0.0
2020-04-15,2.587,2.587,2.587,2.587,0.0
2020-04-16,2.593,2.593,2.592,2.592,5.0
2020-04-17,2.608,2.608,2.608,2.608,0.0
2020-04-20,2.626,2.626,2.626,2.626,0.0
2020-04-21,2.62,2.62,2.62,2.62,27.0
2020-04-22,2.63,2.638,2.63,2.638,13.0
2020-04-23,2.607,2.607,2.607,2.607,0.0
2020-04-24,2.607,2.607,2.605,2.605,1.0
2020-04-27,2.631,2.631,2.631,2.631,0.0
2020-04-28,2.623,2.623,2.623,2.623,20.0
2020-04-29,2.622,2.622,2.622,2.622,0.0
2020-04-30,2.622,2.622,2.597,2.597,2.0
2020-05-01,2.58,2.58,2.58,2.58,0.0
2020-05-04,2.582,2.582,2.582,2.582,0.0
2020-05-05,2.569,2.569,2.569,2.569,0.0
2020-05-06,2.593,2.593,2.593,2.593,0.0
2020-05-07,2.585,2.585,2.585,2.585,1.0
2020-05-08,2.599,2.599,2.599,2.599,0.0
2020-05-11,2.584,2.584,2.584,2.584,0.0
2020-05-12,2.578,2.578,2.578,2.578,0.0
2020-05-13,2.573,2.573,2.573,2.573,0.0
2020-05-14,2.579,2.579,2.579,2.579,0.0
2020-05-15,2.589,2.589,2.589,2.589,0.0
2020-05-18,2.607,2.607,2.607,2.607,3.0
2020-05-19,2.604,2.604,2.604,2.604,0.0
2020-05-20,2.585,2.585,2.585,2.585,0.0
2020-05-21,2.576,2.576,2.576,2.576,0.0
2020-05-22,2.601,2.601,2.601,2.601,0.0
2020-05-26,2.583,2.583,2.583,2.583,0.0
2020-05-27,2.608,2.608,2.608,2.608,0.0
2020-05-28,2.6,2.6,2.6,2.6,0.0
2020-05-29,2.594,2.594,2.594,2.594,0.0
2020-06-01,2.578,2.578,2.578,2.578,0.0
2020-06-02,2.583,2.583,2.583,2.583,0.0
2020-06-03,2.57,2.57,2.57,2.57,0.0
2020-06-04,2.579,2.579,2.579,2.579,0.0
2020-06-05,2.573,2.573,2.573,2.573,1.0
2020-06-08,2.582,2.582,2.582,2.582,0.0
2020-06-09,2.59,2.59,2.59,2.59,0.0
2020-06-10,2.582,2.582,2.582,2.582,0.0
2020-06-11,2.577,2.577,2.577,2.577,0.0
2020-06-12,2.566,2.566,2.566,2.566,0.0
2020-06-15,2.568,2.568,2.568,2.568,0.0
2020-06-16,2.562,2.562,2.562,2.562,0.0
2020-06-17,2.549,2.549,2.549,2.549,0.0
2020-06-18,2.557,2.557,2.557,2.557,0.0
2020-06-19,2.544,2.544,2.544,2.544,0.0
2020-06-22,2.532,2.532,2.532,2.532,0.0
2020-06-23,2.531,2.531,2.531,2.531,0.0
2020-06-24,2.522,2.522,2.522,2.522,0.0
2020-06-25,2.528,2.528,2.528,2.528,0.0
2020-06-26,2.548,2.548,2.548,2.548,0.0
2020-06-29,2.546,2.546,2.546,2.546,2.0
2020-06-30,2.552,2.552,2.552,2.552,1.0
2020-07-01,2.564,2.564,2.564,2.564,0.0
2020-07-02,2.581,2.581,2.581,2.581,0.0
2020-07-06,2.572,2.572,2.572,2.572,0.0
2020-07-07,2.564,2.564,2.564,2.564,0.0
2020-07-08,2.585,2.585,2.585,2.585,0.0
2020-07-09,2.588,2.588,2.588,2.588,20.0
2020-07-10,2.584,2.584,2.584,2.584,0.0
2020-07-13,2.594,2.594,2.58,2.58,2.0
2020-07-14,2.586,2.586,2.586,2.586,0.0
2020-07-15,2.596,2.596,2.596,2.596,0.0
2020-07-16,2.596,2.596,2.596,2.596,0.0
2020-07-17,2.601,2.601,2.593,2.593,3.0
2020-07-20,2.584,2.584,2.584,2.584,0.0
2020-07-21,2.596,2.596,2.596,2.596,0.0
2020-07-22,2.605,2.605,2.605,2.605,0.0
2020-07-23,2.636,2.636,2.636,2.636,0.0
2020-07-24,2.636,2.657,2.636,2.657,1.0
2020-07-27,2.658,2.658,2.658,2.658,0.0
2020-07-28,2.672,2.672,2.672,2.672,0.0
2020-07-29,2.672,2.681,2.672,2.681,1.0
2020-07-30,2.699,2.699,2.668,2.668,1.0
2020-07-31,2.666,2.666,2.666,2.666,50.0
2020-08-03,2.659,2.659,2.659,2.659,5.0
2020-08-04,2.653,2.653,2.653,2.653,0.0
2020-08-05,2.663,2.663,2.663,2.663,0.0
2020-08-06,2.669,2.669,2.669,2.669,0.0
2020-08-07,2.673,2.673,2.673,2.673,0.0
2020-08-10,2.671,2.671,2.671,2.671,0.0
2020-08-11,2.659,2.659,2.659,2.659,12.0
2020-08-12,2.647,2.647,2.647,2.647,130.0
2020-08-13,2.673,2.673,2.673,2.673,20.0
2020-08-14,2.687,2.687,2.687,2.687,15.0
2020-08-17,2.693,2.693,2.693,2.693,0.0
2020-08-18,2.694,2.694,2.694,2.694,15.0
2020-08-19,2.699,2.699,2.696,2.698,19.0
2020-08-20,2.696,2.696,2.696,2.696,0.0
2020-08-21,2.682,2.682,2.682,2.682,0.0
2020-08-24,2.684,2.684,2.684,2.684,0.0
2020-08-25,2.69,2.734,2.683,2.683,56.0
2020-08-26,2.711,2.711,2.711,2.711,0.0
2020-08-27,2.702,2.702,2.702,2.702,5.0
2020-08-28,2.705,2.705,2.686,2.686,1.0
2020-08-31,2.676,2.676,2.676,2.676,0.0
2020-09-01,2.676,2.676,2.675,2.675,2.0
2020-09-02,2.682,2.682,2.682,2.682,0.0
2020-09-03,2.687,2.687,2.687,2.687,1.0
2020-09-04,2.7,2.7,2.693,2.693,3.0
2020-09-08,2.694,2.694,2.694,2.694,0.0
2020-09-09,2.69,2.69,2.69,2.69,0.0
2020-09-10,2.683,2.683,2.683,2.683,0.0
2020-09-11,2.683,2.683,2.676,2.676,20.0
2020-09-14,2.682,2.682,2.682,2.682,0.0
2020-09-15,2.683,2.689,2.683,2.689,30.0
2020-09-16,2.687,2.687,2.687,2.687,0.0
2020-09-17,2.69,2.69,2.69,2.69,0.0
2020-09-18,2.687,2.687,2.687,2.687,0.0
2020-09-21,2.679,2.679,2.679,2.679,0.0
2020-09-22,2.684,2.684,2.684,2.684,0.0
2020-09-23,2.692,2.692,2.692,2.692,141.0
2020-09-24,2.697,2.697,2.697,2.697,10.0
2020-09-25,2.69,2.69,2.69,2.69,0.0
2020-09-28,2.71,2.71,2.702,2.702,4.0
2020-09-29,2.671,2.671,2.671,2.671,0.0
2020-09-30,2.691,2.691,2.66,2.66,8.0
2020-10-01,2.657,2.657,2.654,2.654,1.0
2020-10-02,2.664,2.664,2.664,2.664,4.0
2020-10-05,2.649,2.649,2.649,2.649,0.0
2020-10-06,2.649,2.649,2.649,2.649,0.0
2020-10-07,2.662,2.662,2.662,2.662,0.0
2020-10-08,2.644,2.644,2.644,2.644,0.0
2020-10-09,2.656,2.656,2.647,2.647,5.0
2020-10-12,2.649,2.649,2.649,2.649,0.0
2020-10-13,2.629,2.629,2.629,2.629,0.0
2020-10-14,2.666,2.666,2.666,2.666,3.0
2020-10-15,2.677,2.677,2.677,2.677,34.0
2020-10-16,2.687,2.705,2.687,2.705,27.0
2020-10-19,2.754,2.754,2.754,2.754,0.0
2020-10-20,2.695,2.695,2.695,2.695,0.0
2020-10-21,2.72,2.721,2.72,2.721,12.0
2020-10-22,2.749,2.749,2.749,2.749,0.0
2020-10-23,2.731,2.731,2.731,2.731,0.0
2020-10-26,2.711,2.711,2.711,2.711,0.0
2020-10-27,2.712,2.712,2.712,2.712,0.0
2020-10-28,2.739,2.739,2.714,2.714,9.0
2020-10-29,2.75,2.75,2.736,2.736,10.0
2020-10-30,2.753,2.753,2.753,2.753,0.0
2020-11-02,2.741,2.741,2.741,2.741,0.0
2020-11-03,2.731,2.731,2.731,2.731,125.0
2020-11-04,2.728,2.728,2.728,2.728,1.0
2020-11-05,2.745,2.745,2.745,2.745,0.0
2020-11-06,2.743,2.743,2.743,2.743,0.0
2020-11-09,2.734,2.734,2.734,2.734,0.0
2020-11-10,2.744,2.744,2.744,2.744,0.0
2020-11-11,2.759,2.759,2.759,2.759,0.0
2020-11-12,2.752,2.752,2.752,2.752,0.0
2020-11-13,2.74,2.74,2.74,2.74,0.0
2020-11-16,2.744,2.744,2.744,2.744,0.0
2020-11-17,2.761,2.761,2.761,2.761,0.0
2020-11-18,2.78,2.78,2.78,2.78,0.0
2020-11-19,2.771,2.771,2.771,2.771,0.0
2020-11-20,2.764,2.764,2.764,2.764,0.0
2020-11-23,2.758,2.758,2.758,2.758,0.0
2020-11-24,2.76,2.76,2.76,2.76,0.0
2020-11-25,2.749,2.749,2.749,2.749,0.0
2020-11-27,2.745,2.745,2.745,2.745,0.0
2020-11-30,2.731,2.731,2.731,2.731,0.0
2020-12-01,2.758,2.758,2.758,2.758,0.0
2020-12-02,2.745,2.766,2.745,2.766,1.0
2020-12-03,2.74,2.74,2.73,2.73,4.0
2020-12-04,2.753,2.753,2.753,2.753,0.0
2020-12-07,2.73,2.73,2.73,2.73,0.0
2020-12-08,2.718,2.718,2.718,2.718,0.0
2020-12-09,2.735,2.735,2.735,2.735,0.0
2020-12-10,2.725,2.74,2.725,2.74,1.0
2020-12-11,2.746,2.746,2.746,2.746,0.0
2020-12-14,2.751,2.751,2.751,2.751,0.0
2020-12-15,2.736,2.736,2.736,2.736,0.0
2020-12-16,2.748,2.748,2.748,2.748,0.0
2020-12-17,2.748,2.748,2.748,2.748,0.0
2020-12-18,2.769,2.769,2.769,2.769,0.0
2020-12-21,2.76,2.76,2.74,2.74,14.0
2020-12-22,2.725,2.725,2.725,2.725,0.0
2020-12-23,2.71,2.71,2.71,2.71,0.0
2020-12-24,2.694,2.694,2.694,2.694,0.0
2020-12-28,2.643,2.643,2.643,2.643,50.0
2020-12-29,2.68,2.68,2.68,2.68,0.0
2020-12-30,2.664,2.664,2.664,2.664,0.0
2020-12-31,2.694,2.697,2.674,2.674,104.0
2021-01-04,2.681,2.681,2.681,2.681,7.0
2021-01-05,2.692,2.692,2.692,2.692,0.0
2021-01-06,2.693,2.716,2.693,2.716,1.0
2021-01-07,2.711,2.711,2.711,2.711,50.0
2021-01-08,2.695,2.695,2.695,2.695,0.0
2021-01-11,2.692,2.692,2.692,2.692,0.0
2021-01-12,2.72,2.72,2.72,2.72,0.0
2021-01-13,2.736,2.736,2.736,2.736,0.0
2021-01-14,2.688,2.688,2.688,2.688,0.0
2021-01-15,2.714,2.714,2.714,2.714,0.0
2021-01-19,2.697,2.697,2.697,2.697,20.0
2021-01-20,2.714,2.714,2.714,2.714,0.0
2021-01-21,2.72,2.72,2.72,2.72,0.0
2021-01-22,2.735,2.735,2.734,2.734,2.0
2021-01-25,2.728,2.728,2.728,2.728,0.0
2021-01-26,2.737,2.737,2.737,2.737,0.0
2021-01-27,2.742,2.742,2.742,2.742,4.0
2021-01-28,2.741,2.741,2.741,2.741,0.0
2021-01-29,2.736,2.736,2.736,2.736,0.0
2021-02-01,2.743,2.743,2.74,2.74,9.0
2021-02-02,2.716,2.716,2.716,2.716,0.0
2021-02-03,2.726,2.726,2.702,2.702,1.0
2021-02-04,2.704,2.709,2.699,2.699,10.0
2021-02-05,2.69,2.7,2.69,2.695,40.0
2021-02-08,2.695,2.715,2.695,2.715,4.0
2021-02-09,2.725,2.725,2.725,2.725,0.0
2021-02-10,2.73,2.73,2.73,2.73,0.0
2021-02-11,2.73,2.73,2.73,2.73,0.0
2021-02-12,2.724,2.724,2.724,2.724,0.0
2021-02-16,2.73,2.741,2.73,2.741,2.0
2021-02-17,2.731,2.736,2.731,2.736,5.0
2021-02-18,2.715,2.734,2.715,2.734,1.0
2021-02-19,2.736,2.736,2.736,2.736,0.0
2021-02-22,2.72,2.738,2.705,2.738,4.0
2021-02-23,2.741,2.741,2.741,2.741,25.0
2021-02-24,2.73,2.745,2.73,2.745,6.0
2021-02-25,2.735,2.735,2.733,2.733,1.0
2021-02-26,2.705,2.726,2.705,2.726,75.0
2021-03-01,2.741,2.741,2.741,2.741,5.0
2021-03-02,2.748,2.748,2.748,2.748,0.0
2021-03-03,2.732,2.732,2.732,2.732,0.0
2021-03-04,2.731,2.731,2.731,2.731,7.0
2021-03-05,2.732,2.732,2.732,2.732,0.0
2021-03-08,2.74,2.74,2.727,2.74,5.0
2021-03-09,2.753,2.753,2.753,2.753,0.0
2021-03-10,2.76,2.765,2.752,2.765,4.0
2021-03-11,2.76,2.76,2.76,2.76,0.0
2021-03-12,2.758,2.758,2.758,2.758,0.0
2021-03-15,2.72,2.72,2.72,2.72,0.0
2021-03-16,2.741,2.741,2.741,2.741,1.0
2021-03-17,2.742,2.743,2.722,2.722,2.0
2021-03-18,2.724,2.724,2.708,2.708,2.0
2021-03-19,2.72,2.72,2.714,2.714,5.0
2021-03-22,2.717,2.717,2.717,2.717,0.0
2021-03-23,2.729,2.729,2.729,2.729,0.0
2021-03-24,2.734,2.735,2.734,2.735,1.0
2021-03-25,2.735,2.735,2.735,2.735,0.0
2021-03-26,2.731,2.731,2.731,2.731,0.0
2021-03-29,2.736,2.736,2.736,2.736,0.0
2021-03-30,2.733,2.733,2.733,2.733,0.0
2021-03-31,2.753,2.753,2.749,2.749,1.0
2021-04-01,2.763,2.763,2.763,2.763,0.0
2021-04-05,2.75,2.75,2.744,2.744,3.0
2021-04-06,2.74,2.765,2.73,2.73,6.0
2021-04-07,2.733,2.733,2.733,2.733,0.0
2021-04-08,2.723,2.746,2.723,2.746,6.0
2021-04-09,2.76,2.76,2.758,2.758,14.0
2021-04-12,2.758,2.767,2.758,2.767,7.0
2021-04-13,2.76,2.79,2.755,2.763,21.0
2021-04-14,2.763,2.771,2.763,2.771,1.0
2021-04-15,2.782,2.782,2.777,2.777,1.0
2021-04-16,2.79,2.79,2.79,2.79,5.0
2021-04-19,2.785,2.785,2.785,2.785,0.0
2021-04-20,2.78,2.78,2.78,2.78,0.0
2021-04-21,2.791,2.791,2.772,2.772,4.0
2021-04-22,2.777,2.777,2.77,2.77,8.0
2021-04-23,2.775,2.778,2.775,2.778,2.0
2021-04-26,2.762,2.778,2.762,2.768,36.0
2021-04-27,2.788,2.788,2.776,2.776,13.0
2021-04-28,2.778,2.778,2.778,2.778,0.0
2021-04-29,2.778,2.778,2.777,2.777,2.0
2021-04-30,2.777,2.792,2.777,2.783,42.0
2021-05-03,2.782,2.787,2.782,2.787,316.0
2021-05-04,2.798,2.82,2.798,2.798,6.0
2021-05-05,2.782,2.8,2.782,2.8,1.0
2021-05-06,2.8,2.8,2.79,2.79,1.0
2021-05-07,2.797,2.797,2.797,2.797,0.0
2021-05-10,2.8,2.8,2.8,2.8,0.0
2021-05-11,2.797,2.797,2.797,2.797,0.0
2021-05-12,2.796,2.796,2.796,2.796,1.0
2021-05-13,2.796,2.796,2.794,2.794,47.0
2021-05-14,2.798,2.798,2.798,2.798,0.0
2021-05-17,2.802,2.802,2.802,2.802,30.0
2021-05-18,2.804,2.804,2.804,2.804,0.0
2021-05-19,2.805,2.805,2.805,2.805,50.0
2021-05-20,2.795,2.803,2.795,2.803,1.0
2021-05-21,2.803,2.81,2.803,2.81,1.0
2021-05-24,2.804,2.804,2.804,2.804,0.0
2021-05-25,2.815,2.815,2.815,2.815,0.0
2021-05-26,2.821,2.821,2.821,2.821,0.0
2021-05-27,2.818,2.818,2.818,2.818,0.0
2021-05-28,2.826,2.828,2.826,2.828,1.0
2021-06-01,2.823,2.85,2.823,2.85,1.0
2021-06-02,2.853,2.853,2.853,2.853,0.0
2021-06-03,2.852,2.852,2.852,2.852,2.0
2021-06-04,2.88,2.903,2.865,2.903,103.0
2021-06-07,2.908,2.908,2.9,2.903,56.0
2021-06-08,2.9,2.909,2.9,2.909,1.0
2021-06-09,2.903,2.903,2.891,2.891,3.0
2021-06-10,2.883,2.883,2.883,2.883,1.0
2021-06-11,2.882,2.882,2.882,2.882,1.0
2021-06-14,2.884,2.884,2.884,2.884,107.0
2021-06-15,2.869,2.869,2.869,2.869,0.0
2021-06-16,2.877,2.877,2.875,2.875,1.0
2021-06-17,2.867,2.867,2.867,2.867,1.0
2021-06-18,2.867,2.867,2.867,2.867,0.0
2021-06-21,2.864,2.864,2.864,2.864,0.0
2021-06-22,2.876,2.877,2.876,2.877,2.0
2021-06-23,2.876,2.876,2.876,2.876,0.0
2021-06-24,2.877,2.877,2.877,2.877,0.0
2021-06-25,2.887,2.887,2.887,2.887,2.0
2021-06-28,2.91,2.91,2.897,2.897,7.0
2021-06-29,2.925,2.925,2.925,2.925,10.0
2021-06-30,2.96,2.96,2.927,2.927,8.0
2021-07-01,2.922,2.922,2.915,2.915,10.0
2021-07-02,2.907,2.907,2.907,2.907,0.0
2021-07-06,2.94,2.94,2.906,2.906,1.0
2021-07-07,2.918,2.918,2.918,2.918,0.0
2021-07-08,2.914,2.914,2.914,2.914,110.0
2021-07-09,2.926,2.926,2.926,2.926,60.0
2021-07-12,2.946,2.946,2.94,2.94,807.0
2021-07-13,2.939,2.939,2.939,2.939,0.0
2021-07-14,2.939,2.939,2.932,2.932,2.0
2021-07-15,2.927,2.927,2.927,2.927,0.0
2021-07-16,2.933,2.933,2.933,2.933,0.0
2021-07-19,2.943,2.943,2.943,2.943,0.0
2021-07-20,2.955,2.955,2.955,2.955,0.0
2021-07-21,2.974,2.974,2.974,2.974,8.0
2021-07-22,2.976,2.976,2.976,2.976,8.0
2021-07-23,2.982,2.982,2.982,2.982,0.0
2021-07-26,2.997,2.997,2.997,2.997,0.0
2021-07-27,2.986,2.986,2.986,2.986,0.0
2021-07-28,3.0,3.0,3.0,3.0,0.0
2021-07-29,3.01,3.04,3.01,3.034,20.0
2021-07-30,3.04,3.06,3.04,3.049,4.0
2021-08-02,3.103,3.103,3.103,3.103,2.0
2021-08-03,3.109,3.116,3.109,3.116,15.0
2021-08-04,3.136,3.145,3.11,3.123,53.0
2021-08-05,3.125,3.125,3.125,3.125,0.0
2021-08-06,3.13,3.134,3.13,3.134,72.0
2021-08-09,3.128,3.13,3.128,3.13,6.0
2021-08-10,3.139,3.142,3.139,3.142,4.0
2021-08-11,3.157,3.157,3.157,3.157,7.0
2021-08-12,3.2,3.2,3.17,3.17,3.0
2021-08-13,3.13,3.13,3.13,3.13,0.0
2021-08-16,3.137,3.137,3.133,3.133,4.0
2021-08-17,3.14,3.151,3.14,3.151,419.0
2021-08-18,3.16,3.16,3.16,3.16,0.0
2021-08-19,3.14,3.14,3.135,3.135,26.0
2021-08-20,3.145,3.149,3.145,3.149,43.0
2021-08-23,3.156,3.156,3.156,3.156,0.0
2021-08-24,3.16,3.169,3.16,3.169,3.0
2021-08-25,3.169,3.169,3.169,3.169,219.0
2021-08-26,3.175,3.184,3.169,3.184,21.0
2021-08-27,3.179,3.181,3.175,3.181,6.0
2021-08-30,3.165,3.185,3.16,3.168,31.0
2021-08-31,3.16,3.16,3.16,3.16,15.0
2021-09-01,3.174,3.174,3.167,3.167,1.0
2021-09-02,3.166,3.208,3.166,3.198,61.0
2021-09-03,3.225,3.225,3.219,3.219,17.0
2021-09-07,3.23,3.23,3.23,3.23,18.0
2021-09-08,3.26,3.266,3.245,3.266,45.0
2021-09-09,3.324,3.324,3.324,3.324,102.0
2021-09-10,3.34,3.341,3.34,3.341,34.0
2021-09-13,3.385,3.385,3.369,3.369,160.0
2021-09-14,3.4,3.411,3.4,3.411,77.0
2021-09-15,3.44,3.44,3.381,3.381,105.0
2021-09-16,3.4,3.4,3.369,3.369,3.0
2021-09-17,3.39,3.39,3.337,3.337,61.0
2021-09-20,3.371,3.371,3.37,3.37,270.0
2021-09-21,3.37,3.4,3.37,3.393,237.0
2021-09-22,3.393,3.413,3.393,3.413,67.0
2021-09-23,3.449,3.55,3.449,3.455,4.0
2021-09-24,3.48,3.49,3.48,3.481,342.0
2021-09-27,3.535,3.553,3.535,3.553,303.0
2021-09-28,3.543,3.571,3.505,3.505,5.0
2021-09-29,3.518,3.535,3.509,3.509,73.0
2021-09-30,3.57,3.604,3.57,3.583,91.0
2021-10-01,3.55,3.586,3.55,3.579,99.0
2021-10-04,3.6,3.62,3.6,3.609,11.0
2021-10-05,3.629,3.661,3.62,3.642,1072.0
2021-10-06,3.578,3.578,3.578,3.578,1.0
2021-10-07,3.577,3.598,3.57,3.57,348.0
2021-10-08,3.611,3.611,3.6,3.608,422.0
2021-10-11,3.62,3.62,3.608,3.608,192.0
2021-10-12,3.62,3.627,3.62,3.627,218.0
2021-10-13,3.613,3.68,3.613,3.658,2229.0
2021-10-14,3.71,3.71,3.69,3.695,474.0
2021-10-15,3.695,3.695,3.692,3.692,6.0
2021-10-18,3.715,3.715,3.659,3.661,5.0
2021-10-19,3.659,3.684,3.658,3.658,12.0
2021-10-20,3.658,3.688,3.658,3.667,991.0
2021-10-21,3.69,3.699,3.682,3.699,152.0
2021-10-22,3.719,3.719,3.677,3.677,104.0
2021-10-25,3.717,3.74,3.707,3.738,78.0
2021-10-26,3.742,3.742,3.716,3.716,147.0
2021-10-27,3.741,3.741,3.714,3.714,258.0
2021-10-28,3.684,3.714,3.684,3.703,32.0
2021-10-29,3.688,3.688,3.654,3.654,15.0
2021-11-01,3.64,3.64,3.54,3.555,60.0
2021-11-02,3.563,3.582,3.547,3.582,363.0
2021-11-03,3.544,3.571,3.539,3.545,3405.0
2021-11-04,3.555,3.585,3.555,3.568,147.0
2021-11-05,3.566,3.587,3.562,3.567,382.0
2021-11-08,3.551,3.588,3.551,3.581,87.0
2021-11-09,3.54,3.593,3.54,3.59,454.0
2021-11-10,3.588,3.637,3.588,3.621,112.0
2021-11-11,3.656,3.666,3.656,3.666,6.0
2021-11-12,3.6,3.656,3.6,3.648,658.0
2021-11-15,3.668,3.668,3.661,3.661,7.0
2021-11-16,3.698,3.725,3.696,3.701,308.0
2021-11-17,3.735,3.735,3.679,3.689,139.0
2021-11-18,3.73,3.73,3.665,3.671,229.0
2021-11-19,3.675,3.685,3.644,3.663,198.0
2021-11-22,3.62,3.63,3.575,3.622,85.0
2021-11-23,3.62,3.637,3.613,3.637,139.0
2021-11-24,3.659,3.679,3.625,3.679,105.0
2021-11-26,3.685,3.719,3.673,3.719,49.0
2021-11-29,3.667,3.686,3.667,3.686,27.0
2021-11-30,3.658,3.689,3.646,3.666,366.0
2021-12-01,3.648,3.66,3.61,3.631,218.0
2021-12-02,3.648,3.654,3.589,3.593,175.0
2021-12-03,3.646,3.649,3.585,3.611,202.0
2021-12-06,3.535,3.571,3.53,3.565,982.0
2021-12-07,3.613,3.626,3.564,3.564,307.0
2021-12-08,3.622,3.622,3.52,3.546,759.0
2021-12-09,3.566,3.58,3.544,3.554,323.0
2021-12-10,3.578,3.578,3.556,3.571,561.0
2021-12-13,3.643,3.643,3.556,3.556,106.0
2021-12-14,3.545,3.56,3.534,3.536,74.0
2021-12-15,3.577,3.577,3.548,3.548,221.0
2021-12-16,3.573,3.573,3.546,3.546,250.0
2021-12-17,3.566,3.566,3.526,3.526,34.0
2021-12-20,3.595,3.595,3.54,3.588,194.0
2021-12-21,3.593,3.596,3.548,3.565,165.0
2021-12-22,3.548,3.548,3.539,3.546,56.0
2021-12-23,3.541,3.541,3.488,3.512,306.0
2021-12-27,3.535,3.536,3.505,3.51,208.0
2021-12-28,3.516,3.522,3.5,3.509,94.0
2021-12-29,3.51,3.554,3.51,3.525,348.0
2021-12-30,3.503,3.503,3.465,3.483,24.0
2021-12-31,3.513,3.513,3.513,3.513,1067.0
2022-01-03,3.532,3.56,3.532,3.55,134.0
2022-01-04,3.571,3.578,3.534,3.544,143.0
2022-01-05,3.569,3.571,3.555,3.562,174.0
2022-01-06,3.56,3.569,3.55,3.555,340.0
2022-01-07,3.564,3.578,3.547,3.576,238.0
2022-01-10,3.626,3.626,3.566,3.587,707.0
2022-01-11,3.583,3.591,3.57,3.591,460.0
2022-01-12,3.582,3.597,3.577,3.597,924.0
2022-01-13,3.589,3.597,3.55,3.588,1463.0
2022-01-14,3.59,3.593,3.549,3.572,1231.0
2022-01-18,3.6,3.6,3.555,3.555,281.0
2022-01-19,3.59,3.59,3.545,3.577,552.0
2022-01-20,3.555,3.557,3.555,3.557,830.0
2022-01-21,3.572,3.587,3.565,3.587,166.0
2022-01-24,3.597,3.597,3.575,3.594,80.0
2022-01-25,3.595,3.627,3.59,3.627,162.0
2022-01-26,3.65,3.688,3.65,3.688,436.0
2022-01-27,3.675,3.705,3.675,3.705,520.0
2022-01-28,3.712,3.746,3.705,3.737,504.0
2022-01-31,3.775,3.775,3.757,3.757,402.0
2022-02-01,3.746,3.75,3.72,3.737,1667.0
2022-02-02,3.78,3.795,3.767,3.793,707.0
2022-02-03,3.761,3.763,3.727,3.727,1110.0
2022-02-04,3.76,3.773,3.751,3.769,578.0
2022-02-07,3.737,3.751,3.717,3.742,1072.0
2022-02-08,3.793,3.793,3.781,3.781,988.0
2022-02-09,3.745,3.763,3.72,3.734,682.0
2022-02-10,3.73,3.748,3.725,3.748,391.0
2022-02-11,3.751,3.751,3.729,3.751,593.0
2022-02-14,3.743,3.807,3.743,3.806,148.0
2022-02-15,3.831,3.833,3.801,3.811,461.0
2022-02-16,3.84,3.88,3.84,3.879,545.0
2022-02-17,3.906,3.906,3.84,3.858,577.0
2022-02-18,3.878,3.878,3.836,3.846,57.0
2022-02-22,3.89,3.906,3.832,3.858,275.0
2022-02-23,3.871,3.905,3.871,3.905,261.0
2022-02-24,3.945,3.995,3.923,3.926,318.0
2022-02-25,3.871,3.886,3.836,3.836,402.0
2022-02-28,3.851,3.851,3.765,3.776,615.0
2022-03-01,3.792,3.823,3.792,3.818,980.0
2022-03-02,3.859,3.913,3.844,3.867,1032.0
2022-03-03,3.9,3.901,3.879,3.887,421.0
2022-03-04,3.924,4.014,3.924,3.98,312.0
2022-03-07,4.04,4.05,3.932,3.967,279.0
2022-03-08,3.889,3.967,3.889,3.963,166.0
2022-03-09,3.957,3.957,3.924,3.953,171.0
2022-03-10,3.99,3.99,3.937,3.961,220.0
2022-03-11,3.951,4.02,3.948,4.007,1502.0
2022-03-14,3.989,4.05,3.983,4.007,543.0
2022-03-15,3.985,4.006,3.954,3.965,115.0
2022-03-16,3.99,4.002,3.979,3.986,943.0
2022-03-17,3.98,4.021,3.98,4.021,640.0
2022-03-18,3.998,4.033,3.996,4.033,105.0
2022-03-21,4.028,4.047,4.028,4.047,504.0
2022-03-22,4.074,4.138,4.064,4.11,485.0
2022-03-23,4.12,4.146,4.12,4.146,381.0
2022-03-24,4.131,4.243,4.116,4.194,217.0
2022-03-25,4.194,4.302,4.194,4.295,338.0
2022-03-28,4.274,4.287,4.267,4.282,463.0
2022-03-29,4.242,4.242,4.215,4.227,394.0
2022-03-30,4.25,4.263,4.24,4.261,839.0
2022-03-31,4.25,4.361,4.246,4.32,1506.0
2022-04-01,4.273,4.378,4.266,4.364,797.0
2022-04-04,4.41,4.437,4.403,4.433,1027.0
2022-04-05,4.537,4.553,4.512,4.538,2535.0
2022-04-06,4.56,4.646,4.556,4.619,350.0
2022-04-07,4.645,4.75,4.633,4.75,1783.0
2022-04-08,4.8,4.813,4.767,4.813,1108.0
2022-04-11,4.883,4.934,4.842,4.903,1423.0
2022-04-12,4.968,5.013,4.855,4.951,914.0
2022-04-13,4.953,5.025,4.938,4.994,1369.0
2022-04-14,5.0,5.099,5.0,5.088,1554.0
2022-04-18,5.11,5.258,5.11,5.227,417.0
2022-04-19,5.238,5.242,5.03,5.138,787.0
2022-04-20,5.112,5.112,4.88,4.913,412.0
2022-04-21,4.913,4.913,4.703,4.782,1324.0
2022-04-22,4.76,4.76,4.53,4.55,974.0
2022-04-25,4.524,4.615,4.469,4.615,633.0
2022-04-26,4.719,4.79,4.705,4.749,1772.0
2022-04-27,4.83,4.88,4.744,4.819,1002.0
2022-04-28,4.792,4.811,4.737,4.737,1001.0
2022-04-29,4.75,4.92,4.75,4.909,1588.0
2022-05-02,4.897,5.165,4.897,5.131,1711.0
2022-05-03,5.12,5.3,5.102,5.157,1255.0
2022-05-04,5.269,5.29,5.252,5.281,394.0
2022-05-05,5.281,5.344,5.265,5.344,914.0
2022-05-06,5.355,5.375,5.143,5.222,388.0
2022-05-09,5.165,5.165,4.909,4.913,1125.0
2022-05-10,4.8,5.05,4.733,4.996,1089.0
2022-05-11,5.05,5.084,5.004,5.059,1256.0
2022-05-12,4.95,5.11,4.95,5.055,240.0
2022-05-13,5.115,5.147,5.061,5.072,94.0
2022-05-16,5.146,5.185,5.113,5.139,520.0
2022-05-17,5.21,5.266,5.197,5.25,772.0
2022-05-18,5.321,5.321,5.25,5.309,1584.0
2022-05-19,5.208,5.296,5.2,5.269,1429.0
2022-05-20,5.254,5.305,5.19,5.235,768.0
2022-05-23,5.295,5.35,5.23,5.349,793.0
2022-05-24,5.376,5.431,5.376,5.431,568.0
2022-05-25,5.46,5.57,5.43,5.475,637.0
2022-05-26,5.52,5.566,5.413,5.492,822.0
2022-05-27,5.465,5.522,5.36,5.497,793.0
2022-05-31,5.567,5.578,5.417,5.446,1136.0
2022-06-01,5.512,5.66,5.494,5.639,861.0
2022-06-02,5.66,5.721,5.581,5.658,287.0
2022-06-03,5.68,5.771,5.633,5.771,93.0
2022-06-06,5.92,6.032,5.92,6.021,701.0
2022-06-07,6.006,6.138,6.006,6.115,640.0
2022-06-08,6.162,6.326,6.118,6.153,1380.0
2022-06-09,6.0,6.33,5.921,6.324,733.0
2022-06-10,6.307,6.4,6.295,6.373,587.0
2022-06-13,6.342,6.386,6.029,6.343,807.0
2022-06-14,6.34,6.34,5.83,6.101,1741.0
2022-06-15,6.085,6.203,6.034,6.098,430.0
2022-06-16,6.169,6.237,5.887,5.89,1442.0
2022-06-17,5.883,5.883,5.463,5.484,939.0
2022-06-21,5.362,5.425,5.322,5.365,832.0
2022-06-22,5.4,5.413,5.339,5.388,363.0
2022-06-23,5.395,5.395,5.25,5.338,940.0
2022-06-24,5.305,5.341,5.143,5.181,357.0
2022-06-27,5.135,5.221,5.05,5.192,682.0
2022-06-28,5.221,5.266,5.163,5.172,320.0
2022-06-29,5.255,5.255,5.154,5.204,771.0
2022-06-30,5.166,5.203,4.835,4.878,1136.0
2022-07-01,4.91,4.975,4.875,4.888,437.0
2022-07-05,4.95,4.95,4.769,4.793,345.0
2022-07-06,4.795,4.872,4.7,4.815,387.0
2022-07-07,4.885,5.167,4.885,5.076,817.0
2022-07-08,5.074,5.089,4.997,5.041,176.0
2022-07-11,5.115,5.237,5.083,5.107,453.0
2022-07-12,5.144,5.154,4.949,5.033,414.0
2022-07-13,5.141,5.211,5.085,5.196,186.0
2022-07-14,5.205,5.285,5.139,5.156,159.0
2022-07-15,5.143,5.282,5.13,5.254,342.0
2022-07-18,5.345,5.416,5.345,5.354,129.0
2022-07-19,5.369,5.369,5.257,5.286,626.0
2022-07-20,5.386,5.493,5.352,5.493,768.0
2022-07-21,5.483,5.52,5.368,5.391,585.0
2022-07-22,5.359,5.498,5.349,5.446,132.0
2022-07-25,5.47,5.551,5.441,5.551,383.0
2022-07-26,5.55,5.74,5.51,5.538,536.0
2022-07-27,5.537,5.56,5.408,5.429,919.0
2022-07-28,5.41,5.489,5.314,5.357,797.0
2022-07-29,5.4,5.402,5.271,5.316,744.0
2022-08-01,5.261,5.336,5.23,5.332,738.0
2022-08-02,5.25,5.267,5.156,5.176,1420.0
2022-08-03,5.226,5.342,5.142,5.336,439.0
2022-08-04,5.356,5.372,5.275,5.308,594.0
2022-08-05,5.339,5.363,5.287,5.306,686.0
2022-08-08,5.26,5.278,5.176,5.222,1100.0
2022-08-09,5.261,5.296,5.26,5.286,849.0
2022-08-10,5.297,5.41,5.244,5.407,563.0
2022-08-11,5.478,5.631,5.416,5.616,536.0
2022-08-12,5.592,5.68,5.546,5.587,96.0
2022-08-15,5.564,5.779,5.56,5.747,255.0
2022-08-16,5.798,6.036,5.798,5.938,680.0
2022-08-17,6.0,6.05,5.906,5.94,894.0
2022-08-18,5.926,5.998,5.9,5.99,413.0
2022-08-19,5.909,5.979,5.84,5.965,1350.0
2022-08-22,6.1,6.144,6.055,6.069,866.0
2022-08-23,6.151,6.172,5.949,6.042,1007.0
2022-08-24,6.111,6.111,6.027,6.06,701.0
2022-08-25,6.101,6.149,6.076,6.145,236.0
2022-08-26,6.175,6.222,6.146,6.194,408.0
2022-08-29,6.189,6.332,6.148,6.299,582.0
2022-08-30,6.282,6.339,6.212,6.277,241.0
2022-08-31,6.309,6.353,6.226,6.305,475.0
2022-09-01,6.298,6.382,6.264,6.371,1109.0
2022-09-02,6.362,6.381,6.222,6.334,903.0
2022-09-06,6.356,6.356,5.95,6.173,989.0
2022-09-07,6.001,6.038,5.828,5.861,1720.0
2022-09-08,5.872,5.909,5.812,5.835,1094.0
2022-09-09,5.938,6.154,5.842,5.897,1496.0
2022-09-12,5.909,5.975,5.886,5.973,384.0
2022-09-13,5.969,6.06,5.96,6.015,1397.0
2022-09-14,6.093,6.323,6.045,6.32,1310.0
2022-09-15,6.172,6.245,6.084,6.227,699.0
2022-09-16,6.177,6.204,6.0,6.027,878.0
2022-09-19,5.95,6.041,5.891,5.974,810.0
2022-09-20,5.999,6.002,5.791,5.827,585.0
2022-09-21,5.873,5.899,5.739,5.757,342.0
2022-09-22,5.718,5.781,5.57,5.583,1639.0
2022-09-23,5.57,5.647,5.451,5.608,2921.0
2022-09-26,5.512,5.605,5.509,5.572,1134.0
2022-09-27,5.616,5.618,5.508,5.517,3849.0
2022-09-28,5.57,5.57,5.44,5.482,1315.0
2022-09-29,5.505,5.505,5.396,5.457,1171.0
2022-09-30,5.498,5.579,5.471,5.542,3950.0
2022-10-03,5.566,5.579,5.458,5.529,3532.0
2022-10-04,5.519,5.602,5.477,5.572,2397.0
2022-10-05,5.599,5.68,5.548,5.654,1896.0
2022-10-06,5.658,5.7,5.619,5.657,2549.0
2022-10-07,5.596,5.711,5.596,5.711,4927.0
2022-10-10,5.71,5.805,5.705,5.792,5240.0
2022-10-11,5.799,5.898,5.776,5.898,4993.0
2022-10-12,5.923,5.98,5.829,5.893,6567.0
2022-10-13,5.922,5.936,5.811,5.918,4100.0
2022-10-14,5.873,5.94,5.855,5.895,3272.0
2022-10-17,5.835,5.878,5.723,5.851,3121.0
2022-10-18,5.853,5.853,5.69,5.727,3081.0
2022-10-19,5.745,5.764,5.53,5.581,3593.0
2022-10-20,5.565,5.581,5.497,5.55,2302.0
2022-10-21,5.535,5.535,5.37,5.408,2607.0
2022-10-24,5.391,5.504,5.357,5.491,1760.0
2022-10-25,5.481,5.603,5.478,5.581,2653.0
2022-10-26,5.627,5.675,5.491,5.588,893.0
2022-10-27,5.525,5.549,5.411,5.509,1554.0
2022-10-28,5.482,5.496,5.425,5.437,1444.0
2022-10-31,5.525,5.571,5.479,5.567,3659.0
2022-11-01,5.44,5.622,5.398,5.494,3899.0
2022-11-02,5.52,5.603,5.513,5.586,4632.0
2022-11-03,5.531,5.6,5.491,5.572,4526.0
2022-11-04,5.555,5.801,5.555,5.771,6382.0
2022-11-07,5.945,5.97,5.709,5.864,6488.0
2022-11-08,5.74,5.764,5.525,5.529,4833.0
2022-11-09,5.336,5.568,5.336,5.455,4015.0
2022-11-10,5.459,5.641,5.459,5.627,3169.0
2022-11-11,5.618,5.663,5.483,5.5,3489.0
2022-11-14,5.621,5.664,5.494,5.503,2537.0
2022-11-15,5.545,5.579,5.448,5.565,2120.0
2022-11-16,5.541,5.598,5.481,5.587,3673.0
2022-11-17,5.596,5.619,5.565,5.601,2759.0
2022-11-18,5.529,5.649,5.523,5.637,2037.0
2022-11-21,5.587,5.725,5.578,5.722,3475.0
2022-11-22,5.671,5.792,5.599,5.745,4543.0
2022-11-23,5.79,5.962,5.78,5.916,4489.0
2022-11-25,5.926,5.989,5.885,5.952,2463.0
2022-11-28,5.976,5.986,5.85,5.963,3012.0
2022-11-29,5.925,6.079,5.925,6.019,3204.0
2022-11-30,6.035,6.088,5.929,5.976,3307.0
2022-12-01,5.958,6.05,5.943,5.98,4004.0
2022-12-02,5.942,5.964,5.647,5.701,3757.0
2022-12-05,5.563,5.573,5.447,5.473,4703.0
2022-12-06,5.48,5.482,5.309,5.363,3791.0
2022-12-07,5.353,5.484,5.348,5.453,5395.0
2022-12-08,5.493,5.613,5.472,5.563,4681.0
2022-12-09,5.561,5.679,5.508,5.64,3387.0
2022-12-12,5.709,5.903,5.69,5.745,4081.0
2022-12-13,5.736,5.979,5.736,5.956,5799.0
2022-12-14,5.943,5.943,5.716,5.777,3883.0
2022-12-15,5.794,5.979,5.751,5.921,3875.0
2022-12-16,5.867,5.902,5.674,5.858,3278.0
2022-12-19,5.715,5.732,5.643,5.683,3659.0
2022-12-20,5.661,5.671,5.364,5.416,5492.0
2022-12-21,5.469,5.496,5.371,5.383,3019.0
2022-12-22,5.439,5.44,5.067,5.074,3977.0
2022-12-23,5.067,5.134,4.981,5.034,2867.0
2022-12-27,5.1,5.126,4.987,5.065,2225.0
2022-12-28,4.961,5.015,4.835,4.924,3362.0
2022-12-29,4.963,4.964,4.805,4.873,2565.0
2022-12-30,4.86,4.922,4.823,4.877,2186.0
2023-01-03,4.818,4.818,4.643,4.696,6694.0
2023-01-04,4.716,4.8,4.68,4.748,5535.0
2023-01-05,4.732,4.767,4.51,4.522,6053.0
2023-01-06,4.516,4.566,4.424,4.485,4497.0
2023-01-09,4.57,4.692,4.5,4.602,4992.0
2023-01-10,4.546,4.584,4.399,4.427,6007.0
2023-01-11,4.449,4.513,4.318,4.466,4969.0
2023-01-12,4.461,4.607,4.451,4.493,3795.0
2023-01-13,4.471,4.472,4.378,4.396,4505.0
2023-01-17,4.432,4.52,4.409,4.423,3476.0
2023-01-18,4.445,4.445,4.279,4.342,3007.0
2023-01-19,4.387,4.402,4.325,4.402,3072.0
2023-01-20,4.38,4.457,4.334,4.365,3107.0
2023-01-23,4.473,4.473,4.311,4.434,3446.0
2023-01-24,4.463,4.466,4.28,4.292,3554.0
2023-01-25,4.295,4.298,4.17,4.202,3101.0
2023-01-26,4.198,4.198,4.069,4.174,6356.0
2023-01-27,4.189,4.212,4.114,4.154,2606.0
2023-01-30,4.119,4.119,4.013,4.081,3175.0
2023-01-31,4.062,4.195,4.038,4.145,2906.0
2023-02-01,4.143,4.203,4.011,4.018,5828.0
2023-02-02,4.057,4.065,3.952,3.976,7179.0
2023-02-03,3.982,3.988,3.893,3.957,4483.0
2023-02-06,3.964,3.995,3.886,3.946,3331.0
2023-02-07,3.958,4.096,3.916,4.082,3554.0
2023-02-08,4.133,4.143,3.906,3.944,3010.0
2023-02-09,3.925,3.977,3.907,3.926,2970.0
2023-02-10,3.953,4.024,3.908,3.973,3128.0
2023-02-13,4.013,4.021,3.877,3.898,3850.0
2023-02-14,3.92,3.989,3.907,3.966,3010.0
2023-02-15,3.965,3.971,3.904,3.933,2594.0
2023-02-16,3.948,3.991,3.85,3.924,3660.0
2023-02-17,3.949,3.949,3.81,3.826,4882.0
2023-02-21,3.803,3.832,3.651,3.663,4787.0
2023-02-22,3.633,3.824,3.603,3.767,7986.0
2023-02-23,3.808,3.913,3.74,3.881,3563.0
2023-02-24,3.924,3.966,3.88,3.958,4931.0
2023-02-27,3.956,4.03,3.94,4.017,4127.0
2023-02-28,3.997,4.07,3.913,4.057,6473.0
2023-03-01,4.05,4.136,3.996,4.112,6840.0
2023-03-02,4.11,4.176,4.065,4.101,5102.0
2023-03-03,4.101,4.267,4.092,4.259,7618.0
2023-03-06,4.111,4.111,3.943,3.98,6070.0
2023-03-07,4.001,4.106,3.944,4.082,3475.0
2023-03-08,4.04,4.081,3.959,4.005,4227.0
2023-03-09,4.056,4.078,3.924,3.982,4377.0
2023-03-10,3.931,3.967,3.872,3.886,4180.0
2023-03-13,3.858,3.992,3.791,3.986,5908.0
2023-03-14,3.97,4.005,3.896,3.916,3502.0
2023-03-15,3.9,3.916,3.756,3.764,5075.0
2023-03-16,3.802,3.855,3.755,3.813,4730.0
2023-03-17,3.811,3.819,3.685,3.691,4121.0
2023-03-20,3.718,3.73,3.626,3.633,4060.0
2023-03-21,3.677,3.837,3.598,3.831,4873.0
2023-03-22,3.793,3.813,3.692,3.717,5796.0
2023-03-23,3.771,3.81,3.711,3.751,4355.0
2023-03-24,3.744,3.805,3.721,3.795,3361.0
2023-03-27,3.743,3.752,3.665,3.691,2905.0
2023-03-28,3.723,3.724,3.639,3.648,3872.0
2023-03-29,3.64,3.725,3.597,3.693,3667.0
2023-03-30,3.675,3.686,3.58,3.617,5420.0
2023-03-31,3.611,3.729,3.581,3.72,3526.0
2023-04-03,3.599,3.634,3.56,3.596,8257.0
2023-04-04,3.592,3.614,3.557,3.598,6928.0
2023-04-05,3.578,3.652,3.547,3.586,6654.0
2023-04-06,3.568,3.6,3.462,3.477,7229.0
2023-04-10,3.499,3.592,3.493,3.562,5819.0
2023-04-11,3.564,3.615,3.509,3.531,5926.0
2023-04-12,3.53,3.549,3.443,3.472,5360.0
2023-04-13,3.465,3.47,3.379,3.406,5044.0
2023-04-14,3.412,3.515,3.367,3.495,6244.0
2023-04-17,3.539,3.622,3.528,3.619,9408.0
2023-04-18,3.598,3.69,3.564,3.682,7080.0
2023-04-19,3.692,3.698,3.558,3.603,7234.0
2023-04-20,3.587,3.669,3.548,3.664,5550.0
2023-04-21,3.627,3.681,3.598,3.636,3502.0
2023-04-24,3.618,3.713,3.598,3.713,4207.0
2023-04-25,3.703,3.711,3.642,3.689,2468.0
2023-04-26,3.621,3.66,3.567,3.577,4948.0
2023-04-27,3.595,3.628,3.552,3.608,2058.0
2023-04-28,3.607,3.719,3.561,3.647,6601.0
2023-05-01,3.62,3.64,3.566,3.582,3912.0
2023-05-02,3.583,3.604,3.511,3.534,7309.0
2023-05-03,3.555,3.56,3.458,3.491,6170.0
2023-05-04,3.485,3.502,3.431,3.453,7759.0
2023-05-05,3.432,3.504,3.402,3.486,8025.0
2023-05-08,3.493,3.544,3.493,3.537,3658.0
2023-05-09,3.512,3.566,3.482,3.541,5989.0
2023-05-10,3.522,3.522,3.455,3.47,5997.0
2023-05-11,3.45,3.502,3.447,3.464,5769.0
2023-05-12,3.459,3.61,3.426,3.558,9037.0
2023-05-15,3.579,3.675,3.556,3.654,11264.0
2023-05-16,3.634,3.72,3.618,3.627,8224.0
2023-05-17,3.621,3.679,3.574,3.585,4803.0
2023-05-18,3.588,3.75,3.565,3.72,8061.0
2023-05-19,3.704,3.768,3.666,3.673,7462.0
2023-05-22,3.656,3.673,3.552,3.585,7080.0
2023-05-23,3.575,3.595,3.532,3.542,4063.0
2023-05-24,3.545,3.629,3.536,3.62,4144.0
2023-05-25,3.637,3.648,3.516,3.548,6473.0
2023-05-26,3.528,3.56,3.471,3.539,6879.0
2023-05-30,3.546,3.568,3.42,3.462,8032.0
2023-05-31,3.44,3.502,3.377,3.404,8231.0
2023-06-01,3.386,3.401,3.306,3.352,9055.0
2023-06-02,3.362,3.427,3.34,3.404,4986.0
2023-06-05,3.419,3.502,3.419,3.456,7112.0
2023-06-06,3.465,3.476,3.39,3.45,7087.0
2023-06-07,3.438,3.49,3.423,3.469,9823.0
2023-06-08,3.453,3.483,3.392,3.452,7423.0
2023-06-09,3.419,3.432,3.374,3.387,6799.0
2023-06-12,3.428,3.435,3.355,3.399,7012.0
2023-06-13,3.411,3.487,3.41,3.447,5447.0
2023-06-14,3.439,3.48,3.42,3.457,7508.0
2023-06-15,3.437,3.576,3.433,3.569,15056.0
2023-06-16,3.572,3.641,3.535,3.632,13362.0
2023-06-20,3.598,3.669,3.491,3.508,10857.0
2023-06-21,3.509,3.58,3.467,3.576,9896.0
2023-06-22,3.565,3.596,3.508,3.587,10085.0
2023-06-23,3.594,3.633,3.517,3.6,16669.0
2023-06-26,3.627,3.645,3.593,3.624,11442.0
2023-06-27,3.608,3.625,3.518,3.548,10763.0
2023-06-28,3.562,3.612,3.491,3.504,8631.0
2023-06-29,3.498,3.559,3.462,3.535,7308.0
2023-06-30,3.536,3.637,3.505,3.622,7867.0
2023-07-03,3.576,3.6,3.538,3.597,7764.0
2023-07-05,3.589,3.653,3.54,3.555,10102.0
2023-07-06,3.551,3.593,3.52,3.538,7702.0
2023-07-07,3.556,3.581,3.474,3.516,13403.0
2023-07-10,3.529,3.586,3.529,3.582,6626.0
2023-07-11,3.576,3.635,3.56,3.619,9997.0
2023-07-12,3.589,3.628,3.513,3.519,14770.0
2023-07-13,3.538,3.541,3.474,3.481,12392.0
2023-07-14,3.492,3.512,3.452,3.492,12311.0
2023-07-17,3.495,3.523,3.438,3.441,7671.0
2023-07-18,3.456,3.519,3.454,3.513,17929.0
2023-07-19,3.505,3.537,3.473,3.486,12570.0
2023-07-20,3.483,3.585,3.48,3.573,15824.0
2023-07-21,3.57,3.613,3.563,3.595,10825.0
2023-07-24,3.583,3.641,3.57,3.61,11810.0
2023-07-25,3.62,3.683,3.61,3.677,13646.0
2023-07-26,3.669,3.695,3.618,3.645,10045.0
2023-07-27,3.642,3.651,3.524,3.56,12527.0
2023-07-28,3.555,3.625,3.522,3.589,11032.0
2023-07-31,3.592,3.62,3.556,3.563,12469.0
2023-08-01,3.57,3.585,3.471,3.507,15720.0
2023-08-02,3.52,3.522,3.433,3.442,17684.0
2023-08-03,3.445,3.506,3.428,3.497,12141.0
2023-08-04,3.488,3.53,3.467,3.514,8453.0
2023-08-07,3.527,3.62,3.511,3.603,17103.0
2023-08-08,3.609,3.69,3.579,3.678,20191.0
2023-08-09,3.687,3.862,3.671,3.857,34814.0
2023-08-10,3.851,3.876,3.734,3.752,30079.0
2023-08-11,3.774,3.833,3.735,3.813,24158.0
2023-08-14,3.83,3.867,3.802,3.845,17496.0
2023-08-15,3.859,3.902,3.762,3.79,23305.0
2023-08-16,3.772,3.783,3.717,3.725,12701.0
2023-08-17,3.742,3.775,3.728,3.748,9253.0
2023-08-18,3.745,3.759,3.659,3.678,12858.0
2023-08-21,3.678,3.747,3.66,3.703,13134.0
2023-08-22,3.682,3.699,3.609,3.617,19492.0
2023-08-23,3.619,3.619,3.535,3.542,16786.0
2023-08-24,3.546,3.621,3.477,3.565,26927.0
2023-08-25,3.568,3.648,3.528,3.625,11807.0
2023-08-28,3.696,3.731,3.556,3.576,19745.0
2023-08-29,3.581,3.582,3.471,3.505,25625.0
2023-08-30,3.514,3.636,3.479,3.613,30146.0
2023-08-31,3.62,3.678,3.557,3.611,26820.0
2023-09-01,3.587,3.656,3.533,3.548,26914.0
2023-09-05,3.5,3.515,3.43,3.453,25332.0
2023-09-06,3.453,3.469,3.394,3.425,24062.0
2023-09-07,3.425,3.483,3.391,3.421,23751.0
2023-09-08,3.408,3.471,3.4,3.44,27966.0
2023-09-11,3.431,3.444,3.386,3.408,28523.0
2023-09-12,3.418,3.484,3.394,3.445,55076.0
2023-09-13,3.44,3.462,3.382,3.436,45436.0
2023-09-14,3.437,3.518,3.4,3.411,35983.0
2023-09-15,3.401,3.417,3.337,3.345,30857.0
2023-09-18,3.331,3.411,3.293,3.4,29789.0
2023-09-19,3.393,3.437,3.377,3.384,42344.0
2023-09-20,3.374,3.389,3.298,3.316,37066.0
2023-09-21,3.32,3.351,3.259,3.267,35935.0
2023-09-22,3.276,3.326,3.264,3.297,36243.0
2023-09-25,3.309,3.363,3.289,3.341,32242.0
2023-09-26,3.348,3.353,3.24,3.258,45711.0
2023-09-27,3.261,3.328,3.258,3.29,43062.0
2023-09-28,3.29,3.356,3.269,3.34,39844.0
2023-09-29,3.343,3.382,3.255,3.312,38960.0
2023-10-02,3.326,3.333,3.224,3.233,45620.0
2023-10-03,3.237,3.327,3.216,3.313,41759.0
2023-10-04,3.307,3.396,3.303,3.32,56628.0
2023-10-05,3.334,3.547,3.324,3.511,76338.0
2023-10-06,3.537,3.659,3.521,3.641,106070.0
2023-10-09,3.657,3.756,3.595,3.631,84314.0
2023-10-10,3.642,3.695,3.603,3.659,76433.0
2023-10-11,3.679,3.725,3.525,3.658,92681.0
2023-10-12,3.659,3.699,3.582,3.639,69215.0
2023-10-13,3.636,3.639,3.535,3.584,75912.0
2023-10-16,3.539,3.539,3.438,3.479,99210.0
2023-10-17,3.481,3.512,3.408,3.468,78128.0
2023-10-18,3.45,3.542,3.441,3.463,80983.0
2023-10-19,3.485,3.498,3.317,3.326,100083.0
2023-10-20,3.324,3.329,3.247,3.258,123460.0
2023-10-23,3.25,3.297,3.216,3.273,100092.0
2023-10-24,3.278,3.349,3.253,3.322,114026.0
2023-10-25,3.331,3.406,3.317,3.376,96491.0
2023-10-26,3.399,3.544,3.363,3.477,190448.0
2023-10-27,3.511,3.643,3.435,3.483,140955.0
2023-10-30,3.4,3.405,3.321,3.352,119526.0
2023-10-31,3.33,3.63,3.318,3.575,238330.0
2023-11-01,3.6,3.608,3.428,3.494,151262.0
2023-11-02,3.506,3.52,3.401,3.472,118508.0
2023-11-03,3.51,3.576,3.452,3.515,110113.0
2023-11-06,3.373,3.407,3.249,3.264,185742.0
2023-11-07,3.273,3.295,3.099,3.14,186182.0
2023-11-08,3.176,3.188,3.058,3.106,172750.0
2023-11-09,3.122,3.162,3.022,3.041,142578.0
2023-11-10,3.038,3.077,2.989,3.033,106720.0
2023-11-13,3.064,3.246,3.061,3.197,165652.0
2023-11-14,3.233,3.264,3.086,3.106,146724.0
2023-11-15,3.106,3.275,3.07,3.19,153744.0
2023-11-16,3.151,3.265,3.028,3.062,179663.0
2023-11-17,3.055,3.112,2.893,2.96,159777.0
2023-11-20,2.957,2.959,2.864,2.882,113704.0
2023-11-21,2.886,2.921,2.841,2.846,103671.0
2023-11-22,2.867,2.922,2.819,2.897,59224.0
2023-11-24,2.897,2.951,2.798,2.855,34118.0
2023-11-27,2.778,2.82,2.709,2.794,67039.0
2023-11-28,2.79,2.815,2.669,2.706,4140.0
