DATETIME,OPEN,HIGH,LOW,FINAL,VOLUME
2008-02-19,9.229,9.229,9.229,9.229,0.0
2008-02-20,9.229,9.229,9.229,9.229,0.0
2008-02-21,9.3,9.3,9.3,9.3,0.0
2008-02-22,9.322,9.322,9.322,9.322,0.0
2008-02-25,9.365,9.365,9.365,9.365,0.0
2008-02-26,9.535,9.535,9.535,9.535,0.0
2008-02-27,9.638,9.638,9.638,9.638,0.0
2008-02-28,9.747,9.747,9.747,9.747,0.0
2008-02-29,9.867,9.867,9.867,9.867,0.0
2008-03-03,10.053,10.053,10.053,10.053,0.0
2008-03-04,10.199,10.199,10.199,10.199,0.0
2008-03-05,10.201,10.201,10.201,10.201,0.0
2008-03-06,10.182,10.182,10.182,10.182,0.0
2008-03-07,10.194,10.194,10.194,10.194,0.0
2008-03-10,10.169,10.169,10.169,10.169,0.0
2008-03-11,10.285,10.285,10.285,10.285,0.0
2008-03-12,10.414,10.414,10.414,10.414,0.0
2008-03-13,10.806,10.806,10.806,10.806,0.0
2008-03-14,10.798,10.798,10.798,10.798,0.0
2008-03-17,10.591,10.591,10.591,10.591,0.0
2008-03-18,10.648,10.648,10.648,10.648,0.0
2008-03-19,10.434,10.434,10.434,10.434,0.0
2008-03-20,10.224,10.224,10.224,10.224,0.0
2008-03-24,10.357,10.357,10.357,10.357,0.0
2008-03-25,10.463,10.463,10.463,10.463,0.0
2008-03-26,10.511,10.511,10.511,10.511,0.0
2008-03-27,10.476,10.476,10.476,10.476,0.0
2008-03-28,10.252,10.252,10.252,10.252,0.0
2008-03-31,10.163,10.163,10.163,10.163,0.0
2008-04-01,10.049,10.049,10.049,10.049,0.0
2008-04-02,10.177,10.177,10.177,10.177,0.0
2008-04-03,10.079,10.079,10.079,10.079,0.0
2008-04-04,10.177,10.177,10.177,10.177,0.0
2008-04-07,10.324,10.324,10.324,10.324,0.0
2008-04-08,10.279,10.279,10.279,10.279,0.0
2008-04-09,10.25,10.25,10.25,10.25,0.0
2008-04-10,10.08,10.08,10.08,10.08,0.0
2008-04-11,10.025,10.025,10.025,10.025,0.0
2008-04-14,9.993,9.993,9.993,9.993,0.0
2008-04-15,9.93,9.93,9.93,9.93,0.0
2008-04-16,9.866,9.866,9.866,9.866,0.0
2008-04-17,9.836,9.836,9.836,9.836,0.0
2008-04-18,10.047,10.047,10.047,10.047,0.0
2008-04-21,10.21,10.21,10.21,10.21,0.0
2008-04-22,10.299,10.299,10.299,10.299,0.0
2008-04-23,10.341,10.341,10.341,10.341,0.0
2008-04-24,10.25,10.25,10.25,10.25,0.0
2008-04-25,10.239,10.239,10.239,10.239,0.0
2008-04-28,10.244,10.244,10.244,10.244,0.0
2008-04-29,10.155,10.155,10.155,10.155,0.0
2008-04-30,10.17,10.17,10.17,10.17,0.0
2008-05-01,10.119,10.119,10.119,10.119,0.0
2008-05-02,10.239,10.239,10.239,10.239,0.0
2008-05-05,10.23,10.23,10.23,10.23,0.0
2008-05-06,10.216,10.216,10.216,10.216,0.0
2008-05-07,10.257,10.257,10.257,10.257,0.0
2008-05-08,10.224,10.224,10.224,10.224,0.0
2008-05-09,10.205,10.205,10.205,10.205,0.0
2008-05-12,10.154,10.154,10.154,10.154,0.0
2008-05-13,10.17,10.17,10.17,10.17,0.0
2008-05-14,10.21,10.21,10.21,10.21,0.0
2008-05-15,10.258,10.258,10.258,10.258,0.0
2008-05-16,10.339,10.339,10.339,10.339,0.0
2008-05-19,10.706,10.706,10.706,10.706,0.0
2008-05-20,11.282,11.282,11.282,11.282,0.0
2008-05-21,11.554,11.554,11.554,11.554,0.0
2008-05-22,11.58,11.58,11.58,11.58,0.0
2008-05-23,11.529,11.529,11.529,11.529,0.0
2008-05-27,11.526,11.526,11.526,11.526,0.0
2008-05-28,11.507,11.507,11.507,11.507,0.0
2008-05-29,11.493,11.493,11.493,11.493,0.0
2008-05-30,11.547,11.547,11.547,11.547,0.0
2008-06-02,11.654,11.654,11.654,11.654,0.0
2008-06-03,11.736,11.736,11.736,11.736,0.0
2008-06-04,11.827,11.827,11.827,11.827,0.0
2008-06-05,11.72,11.72,11.72,11.72,0.0
2008-06-06,11.837,11.837,11.837,11.837,0.0
2008-06-09,12.049,12.049,12.049,12.049,0.0
2008-06-10,12.117,12.117,12.117,12.117,0.0
2008-06-11,12.28,12.28,12.28,12.28,0.0
2008-06-12,12.352,12.352,12.352,12.352,0.0
2008-06-13,12.398,12.398,12.398,12.398,0.0
2008-06-16,12.551,12.551,12.551,12.551,0.0
2008-06-17,12.495,12.495,12.495,12.495,0.0
2008-06-18,12.526,12.526,12.526,12.526,0.0
2008-06-19,12.419,12.419,12.419,12.419,0.0
2008-06-20,12.47,12.47,12.47,12.47,0.0
2008-06-23,12.56,12.56,12.56,12.56,0.0
2008-06-24,12.601,12.601,12.601,12.601,0.0
2008-06-25,12.575,12.575,12.575,12.575,0.0
2008-06-26,12.661,12.661,12.661,12.661,0.0
2008-06-27,12.653,12.653,12.653,12.653,0.0
2008-06-30,12.685,12.685,12.685,12.685,0.0
2008-07-01,12.702,12.702,12.702,12.702,0.0
2008-07-02,12.629,12.629,12.629,12.629,0.0
2008-07-03,12.611,12.611,12.611,12.611,0.0
2008-07-07,12.516,12.516,12.516,12.516,0.0
2008-07-08,12.34,12.34,12.34,12.34,0.0
2008-07-09,12.264,12.264,12.264,12.264,0.0
2008-07-10,12.193,12.193,12.193,12.193,0.0
2008-07-11,12.101,12.101,12.101,12.101,0.0
2008-07-14,12.048,12.048,12.048,12.048,0.0
2008-07-15,11.681,11.681,11.681,11.681,0.0
2008-07-16,11.458,11.458,11.458,11.458,0.0
2008-07-17,11.212,11.212,11.212,11.212,0.0
2008-07-18,11.119,11.119,11.119,11.119,0.0
2008-07-21,10.875,10.875,10.875,10.875,0.0
2008-07-22,10.353,10.353,10.353,10.353,0.0
2008-07-23,10.196,10.196,10.196,10.196,0.0
2008-07-24,9.982,9.982,9.982,9.982,0.0
2008-07-25,9.911,9.911,9.911,9.911,0.0
2008-07-28,9.877,9.877,9.877,9.877,0.0
2008-07-29,9.836,9.836,9.836,9.836,0.0
2008-07-30,9.864,9.864,9.864,9.864,0.0
2008-07-31,9.674,9.674,9.674,9.674,0.0
2008-08-01,9.949,9.949,9.949,9.949,0.0
2008-08-04,9.945,9.945,9.945,9.945,0.0
2008-08-05,9.9,9.9,9.9,9.9,0.0
2008-08-06,9.865,9.865,9.865,9.865,0.0
2008-08-07,9.821,9.821,9.821,9.821,0.0
2008-08-08,9.72,9.72,9.72,9.72,0.0
2008-08-11,9.644,9.644,9.644,9.644,0.0
2008-08-12,9.48,9.48,9.48,9.48,0.0
2008-08-13,9.502,9.502,9.502,9.502,0.0
2008-08-14,9.566,9.566,9.566,9.566,0.0
2008-08-15,9.565,9.565,9.565,9.565,0.0
2008-08-18,9.491,9.491,9.491,9.491,0.0
2008-08-19,9.446,9.446,9.446,9.446,0.0
2008-08-20,9.578,9.578,9.578,9.578,0.0
2008-08-21,9.774,9.774,9.774,9.774,0.0
2008-08-22,9.752,9.752,9.752,9.752,0.0
2008-08-25,9.914,9.914,9.914,9.914,0.0
2008-08-26,9.868,9.868,9.868,9.868,0.0
2008-08-27,9.893,9.893,9.893,9.893,0.0
2008-08-28,9.812,9.812,9.812,9.812,0.0
2008-08-29,9.748,9.748,9.748,9.748,0.0
2008-09-02,9.711,9.711,9.711,9.711,0.0
2008-09-03,9.671,9.671,9.671,9.671,0.0
2008-09-04,9.671,9.671,9.671,9.671,0.0
2008-09-05,9.644,9.644,9.644,9.644,0.0
2008-09-08,9.518,9.518,9.518,9.518,0.0
2008-09-09,9.452,9.452,9.452,9.452,0.0
2008-09-10,9.398,9.398,9.398,9.398,0.0
2008-09-11,9.39,9.39,9.39,9.39,0.0
2008-09-12,9.393,9.393,9.393,9.393,0.0
2008-09-15,9.453,9.453,9.453,9.453,0.0
2008-09-16,9.415,9.415,9.415,9.415,0.0
2008-09-17,9.491,9.491,9.491,9.491,0.0
2008-09-18,9.503,9.503,9.503,9.503,0.0
2008-09-19,9.566,9.566,9.566,9.566,0.0
2008-09-22,9.685,9.685,9.685,9.685,0.0
2008-09-23,9.712,9.712,9.712,9.712,0.0
2008-09-24,9.686,9.686,9.686,9.686,0.0
2008-09-25,9.685,9.685,9.685,9.685,0.0
2008-09-26,9.635,9.635,9.635,9.635,0.0
2008-09-29,9.54,9.54,9.54,9.54,0.0
2008-09-30,9.572,9.572,9.572,9.572,0.0
2008-10-01,9.672,9.672,9.672,9.672,0.0
2008-10-02,9.624,9.624,9.624,9.624,0.0
2008-10-03,9.604,9.604,9.604,9.604,0.0
2008-10-06,9.531,9.531,9.531,9.531,0.0
2008-10-07,9.484,9.484,9.484,9.484,0.0
2008-10-08,9.409,9.409,9.409,9.409,0.0
2008-10-09,9.298,9.298,9.298,9.298,0.0
2008-10-10,9.024,9.024,9.024,9.024,0.0
2008-10-13,9.038,9.038,9.038,9.038,0.0
2008-10-14,8.964,8.964,8.964,8.964,0.0
2008-10-15,8.721,8.721,8.721,8.721,0.0
2008-10-16,8.64,8.64,8.64,8.64,0.0
2008-10-17,8.684,8.684,8.684,8.684,0.0
2008-10-20,8.689,8.689,8.689,8.689,0.0
2008-10-21,8.784,8.784,8.784,8.784,0.0
2008-10-22,8.687,8.687,8.687,8.687,0.0
2008-10-23,8.623,8.623,8.623,8.623,0.0
2008-10-24,8.637,8.637,8.637,8.637,0.0
2008-10-27,8.66,8.66,8.66,8.66,0.0
2008-10-28,8.783,8.783,8.783,8.783,0.0
2008-10-29,9.07,9.07,9.07,9.07,0.0
2008-10-30,9.092,9.092,9.092,9.092,0.0
2008-10-31,9.233,9.233,9.233,9.233,0.0
2008-11-03,9.24,9.24,9.24,9.24,0.0
2008-11-04,9.401,9.401,9.401,9.401,0.0
2008-11-05,9.378,9.378,9.378,9.378,0.0
2008-11-06,9.348,9.348,9.348,9.348,0.0
2008-11-07,9.294,9.294,9.294,9.294,0.0
2008-11-10,9.407,9.407,9.407,9.407,0.0
2008-11-11,9.251,9.251,9.251,9.251,0.0
2008-11-12,9.141,9.141,9.141,9.141,0.0
2008-11-13,9.15,9.15,9.15,9.15,0.0
2008-11-14,9.266,9.266,9.266,9.266,0.0
2008-11-17,9.376,9.376,9.376,9.376,0.0
2008-11-18,9.31,9.31,9.31,9.31,0.0
2008-11-19,9.256,9.256,9.256,9.256,0.0
2008-11-20,9.057,9.057,9.057,9.057,0.0
2008-11-21,9.08,9.08,9.08,9.08,0.0
2008-11-24,9.2,9.2,9.2,9.2,0.0
2008-11-25,9.068,9.068,9.068,9.068,0.0
2008-11-26,9.272,9.272,9.272,9.272,0.0
2008-11-28,9.15,9.15,9.15,9.15,0.0
2008-12-01,9.154,9.154,9.154,9.154,0.0
2008-12-02,9.023,9.023,9.023,9.023,0.0
2008-12-03,9.01,9.01,9.01,9.01,0.0
2008-12-04,8.922,8.922,8.922,8.922,0.0
2008-12-05,8.762,8.762,8.762,8.762,0.0
2008-12-08,8.711,8.711,8.711,8.711,0.0
2008-12-09,8.781,8.781,8.781,8.781,0.0
2008-12-10,8.893,8.893,8.893,8.893,0.0
2008-12-11,8.862,8.862,8.862,8.862,0.0
2008-12-12,8.696,8.696,8.696,8.696,0.0
2008-12-15,8.716,8.716,8.716,8.716,0.0
2008-12-16,8.744,8.744,8.744,8.744,0.0
2008-12-17,8.703,8.703,8.703,8.703,0.0
2008-12-18,8.596,8.596,8.596,8.596,0.0
2008-12-19,8.437,8.437,8.437,8.437,0.0
2008-12-22,8.317,8.317,8.317,8.317,0.0
2008-12-23,8.285,8.285,8.285,8.285,0.0
2008-12-24,8.284,8.284,8.284,8.284,0.0
2008-12-26,8.235,8.235,8.235,8.235,0.0
2008-12-29,8.232,8.232,8.232,8.232,0.0
2008-12-30,8.128,8.128,8.128,8.128,0.0
2008-12-31,8.155,8.155,8.155,8.155,0.0
2009-01-02,8.304,8.304,8.304,8.304,0.0
2009-01-05,8.38,8.38,8.38,8.38,0.0
2009-01-06,8.448,8.448,8.448,8.448,0.0
2009-01-07,8.434,8.434,8.434,8.434,0.0
2009-01-08,8.399,8.399,8.399,8.399,0.0
2009-01-09,8.418,8.418,8.418,8.418,0.0
2009-01-12,8.487,8.487,8.487,8.487,0.0
2009-01-13,8.467,8.467,8.467,8.467,0.0
2009-01-14,8.408,8.408,8.408,8.408,0.0
2009-01-15,8.28,8.28,8.28,8.28,0.0
2009-01-16,8.277,8.277,8.277,8.277,0.0
2009-01-20,8.291,8.291,8.291,8.291,0.0
2009-01-21,8.298,8.298,8.298,8.298,0.0
2009-01-22,8.349,8.349,8.349,8.349,0.0
2009-01-23,8.335,8.335,8.335,8.335,0.0
2009-01-26,8.448,8.448,8.448,8.448,0.0
2009-01-27,8.501,8.501,8.501,8.501,0.0
2009-01-28,8.475,8.475,8.475,8.475,0.0
2009-01-29,8.514,8.514,8.514,8.514,0.0
2009-01-30,8.449,8.449,8.449,8.449,0.0
2009-02-02,8.447,8.447,8.447,8.447,0.0
2009-02-03,8.528,8.528,8.528,8.528,0.0
2009-02-04,8.597,8.597,8.597,8.597,0.0
2009-02-05,8.613,8.613,8.613,8.613,0.0
2009-02-06,8.534,8.534,8.534,8.534,0.0
2009-02-09,8.574,8.574,8.574,8.574,0.0
2009-02-10,8.48,8.48,8.48,8.48,0.0
2009-02-11,8.457,8.457,8.457,8.457,0.0
2009-02-12,8.419,8.419,8.419,8.419,0.0
2009-02-13,8.429,8.429,8.429,8.429,0.0
2009-02-17,8.312,8.312,8.312,8.312,0.0
2009-02-18,8.187,8.187,8.187,8.187,0.0
2009-02-19,8.099,8.099,8.099,8.099,0.0
2009-02-20,8.151,8.151,8.151,8.151,0.0
2009-02-23,8.204,8.204,8.204,8.204,0.0
2009-02-24,8.261,8.261,8.261,8.261,0.0
2009-02-25,8.223,8.223,8.223,8.223,0.0
2009-02-26,8.246,8.246,8.246,8.246,0.0
2009-02-27,8.19,8.19,8.19,8.19,0.0
2009-03-02,8.083,8.083,8.083,8.083,0.0
2009-03-03,8.095,8.095,8.095,8.095,0.0
2009-03-04,8.062,8.062,8.062,8.062,0.0
2009-03-05,7.872,7.872,7.872,7.872,0.0
2009-03-06,7.815,7.815,7.815,7.815,0.0
2009-03-09,7.825,7.825,7.825,7.825,0.0
2009-03-10,7.826,7.826,7.826,7.826,0.0
2009-03-11,7.742,7.742,7.742,7.742,0.0
2009-03-12,7.757,7.757,7.757,7.757,0.0
2009-03-13,7.718,7.718,7.718,7.718,0.0
2009-03-16,7.682,7.682,7.682,7.682,0.0
2009-03-17,7.609,7.609,7.609,7.609,0.0
2009-03-18,7.583,7.583,7.583,7.583,0.0
2009-03-19,7.781,7.781,7.781,7.781,0.0
2009-03-20,7.866,7.866,7.866,7.866,0.0
2009-03-23,7.973,7.973,7.973,7.973,0.0
2009-03-24,8.113,8.113,8.113,8.113,0.0
2009-03-25,8.174,8.174,8.174,8.174,0.0
2009-03-26,8.089,8.089,8.089,8.089,0.0
2009-03-27,8.039,8.039,8.039,8.039,0.0
2009-03-30,8.046,8.046,8.046,8.046,0.0
2009-03-31,8.136,8.136,8.136,8.136,0.0
2009-04-01,8.127,8.127,8.127,8.127,0.0
2009-04-02,8.146,8.146,8.146,8.146,0.0
2009-04-03,8.139,8.139,8.139,8.139,0.0
2009-04-06,8.152,8.152,8.152,8.152,0.0
2009-04-07,8.117,8.117,8.117,8.117,0.0
2009-04-08,8.119,8.119,8.119,8.119,0.0
2009-04-09,8.112,8.112,8.112,8.112,0.0
2009-04-13,8.134,8.134,8.134,8.134,0.0
2009-04-14,8.215,8.215,8.215,8.215,0.0
2009-04-15,8.239,8.239,8.239,8.239,0.0
2009-04-16,8.28,8.28,8.28,8.28,0.0
2009-04-17,8.333,8.333,8.333,8.333,0.0
2009-04-20,8.299,8.299,8.299,8.299,0.0
2009-04-21,8.323,8.323,8.323,8.323,0.0
2009-04-22,8.362,8.362,8.362,8.362,0.0
2009-04-23,8.358,8.358,8.358,8.358,0.0
2009-04-24,8.346,8.346,8.346,8.346,0.0
2009-04-27,8.324,8.324,8.324,8.324,0.0
2009-04-28,8.249,8.249,8.249,8.249,0.0
2009-04-29,8.229,8.229,8.229,8.229,0.0
2009-04-30,8.218,8.218,8.218,8.218,0.0
2009-05-01,8.245,8.245,8.245,8.245,0.0
2009-05-04,8.329,8.329,8.329,8.329,0.0
2009-05-05,8.303,8.303,8.303,8.303,0.0
2009-05-06,8.326,8.326,8.326,8.326,0.0
2009-05-07,8.366,8.366,8.366,8.366,0.0
2009-05-08,8.313,8.313,8.313,8.313,0.0
2009-05-11,8.261,8.261,8.261,8.261,0.0
2009-05-12,8.243,8.243,8.243,8.243,30.0
2009-05-13,8.149,8.149,8.149,8.149,0.0
2009-05-14,8.218,8.218,8.218,8.218,0.0
2009-05-15,8.223,8.223,8.223,8.223,0.0
2009-05-18,8.332,8.332,8.332,8.332,0.0
2009-05-19,8.331,8.331,8.331,8.331,0.0
2009-05-20,8.368,8.368,8.368,8.368,0.0
2009-05-21,8.304,8.304,8.304,8.304,0.0
2009-05-22,8.374,8.374,8.374,8.374,0.0
2009-05-26,8.422,8.422,8.422,8.422,0.0
2009-05-27,8.441,8.441,8.441,8.441,0.0
2009-05-28,8.486,8.486,8.486,8.486,0.0
2009-05-29,8.446,8.446,8.446,8.446,0.0
2009-06-01,8.532,8.532,8.532,8.532,0.0
2009-06-02,8.459,8.459,8.459,8.459,0.0
2009-06-03,8.43,8.43,8.43,8.43,0.0
2009-06-04,8.675,8.675,8.675,8.675,0.0
2009-06-05,8.772,8.772,8.772,8.772,0.0
2009-06-08,8.794,8.794,8.794,8.794,0.0
2009-06-09,8.823,8.823,8.823,8.823,0.0
2009-06-10,8.759,8.759,8.759,8.759,0.0
2009-06-11,8.834,8.834,8.834,8.834,0.0
2009-06-12,8.77,8.77,8.77,8.77,0.0
2009-06-15,8.787,8.787,8.787,8.787,0.0
2009-06-16,8.768,8.768,8.768,8.768,0.0
2009-06-17,8.755,8.755,8.755,8.755,0.0
2009-06-18,8.672,8.672,8.672,8.672,0.0
2009-06-19,8.543,8.543,8.543,8.543,0.0
2009-06-22,8.453,8.453,8.453,8.453,0.0
2009-06-23,8.433,8.433,8.433,8.433,0.0
2009-06-24,8.462,8.462,8.462,8.462,0.0
2009-06-25,8.517,8.517,8.517,8.517,0.0
2009-06-26,8.586,8.586,8.586,8.586,0.0
2009-06-29,8.541,8.541,8.541,8.541,0.0
2009-06-30,8.56,8.56,8.56,8.56,0.0
2009-07-01,8.585,8.585,8.585,8.585,0.0
2009-07-02,8.572,8.572,8.572,8.572,0.0
2009-07-06,8.572,8.572,8.572,8.572,0.0
2009-07-07,8.549,8.549,8.549,8.549,0.0
2009-07-08,8.482,8.482,8.482,8.482,0.0
2009-07-09,8.477,8.477,8.477,8.477,0.0
2009-07-10,8.406,8.406,8.406,8.406,0.0
2009-07-13,8.307,8.307,8.307,8.307,0.0
2009-07-14,8.33,8.33,8.33,8.33,0.0
2009-07-15,8.279,8.279,8.279,8.279,0.0
2009-07-16,8.387,8.387,8.387,8.387,0.0
2009-07-17,8.315,8.315,8.315,8.315,0.0
2009-07-20,8.323,8.323,8.323,8.323,0.0
2009-07-21,8.29,8.29,8.29,8.29,0.0
2009-07-22,8.227,8.227,8.227,8.227,0.0
2009-07-23,8.231,8.231,8.231,8.231,0.0
2009-07-24,8.335,8.335,8.335,8.335,0.0
2009-07-27,8.319,8.319,8.319,8.319,0.0
2009-07-28,8.297,8.297,8.297,8.297,0.0
2009-07-29,8.224,8.224,8.224,8.224,0.0
2009-07-30,8.318,8.318,8.318,8.318,0.0
2009-07-31,8.296,8.296,8.296,8.296,0.0
2009-08-03,8.431,8.431,8.431,8.431,0.0
2009-08-04,8.375,8.375,8.375,8.375,0.0
2009-08-05,8.391,8.391,8.391,8.391,0.0
2009-08-06,8.316,8.316,8.316,8.316,0.0
2009-08-07,8.307,8.307,8.307,8.307,0.0
2009-08-10,8.327,8.327,8.327,8.327,0.0
2009-08-11,8.316,8.316,8.316,8.316,0.0
2009-08-12,8.326,8.326,8.326,8.326,0.0
2009-08-13,8.315,8.315,8.315,8.315,0.0
2009-08-14,8.289,8.289,8.289,8.289,0.0
2009-08-17,8.231,8.231,8.231,8.231,0.0
2009-08-18,8.193,8.193,8.193,8.193,0.0
2009-08-19,8.198,8.198,8.198,8.198,0.0
2009-08-20,8.189,8.189,8.189,8.189,0.0
2009-08-21,8.235,8.235,8.235,8.235,0.0
2009-08-24,8.288,8.288,8.288,8.288,0.0
2009-08-25,8.229,8.229,8.229,8.229,0.0
2009-08-26,8.218,8.218,8.218,8.218,0.0
2009-08-27,8.236,8.236,8.236,8.236,0.0
2009-08-28,8.213,8.213,8.213,8.213,0.0
2009-08-31,8.145,8.145,8.145,8.145,0.0
2009-09-01,8.05,8.05,8.05,8.05,0.0
2009-09-02,8.057,8.057,8.057,8.057,0.0
2009-09-03,8.004,8.004,8.004,8.004,0.0
2009-09-04,7.975,7.975,7.975,7.975,0.0
2009-09-08,8.051,8.051,8.051,8.051,0.0
2009-09-09,8.034,8.034,8.034,8.034,0.0
2009-09-10,8.215,8.215,8.215,8.215,0.0
2009-09-11,8.135,8.135,8.135,8.135,0.0
2009-09-14,8.216,8.216,8.216,8.216,0.0
2009-09-15,8.168,8.168,8.168,8.168,0.0
2009-09-16,8.34,8.34,8.34,8.34,0.0
2009-09-17,8.163,8.163,8.163,8.163,0.0
2009-09-18,8.323,8.323,8.323,8.323,0.0
2009-09-21,8.257,8.257,8.257,8.257,0.0
2009-09-22,8.357,8.357,8.357,8.357,0.0
2009-09-23,8.358,8.358,8.358,8.358,0.0
2009-09-24,8.351,8.351,8.351,8.351,0.0
2009-09-25,8.359,8.359,8.359,8.359,0.0
2009-09-28,8.311,8.311,8.311,8.311,0.0
2009-09-29,8.264,8.264,8.264,8.264,0.0
2009-09-30,8.246,8.246,8.246,8.246,0.0
2009-10-01,8.27,8.27,8.27,8.27,0.0
2009-10-02,8.348,8.348,8.348,8.348,0.0
2009-10-05,8.302,8.302,8.302,8.302,0.0
2009-10-06,8.259,8.259,8.259,8.259,0.0
2009-10-07,8.317,8.317,8.317,8.317,0.0
2009-10-08,8.349,8.349,8.349,8.349,0.0
2009-10-09,8.299,8.299,8.299,8.299,0.0
2009-10-12,8.399,8.399,8.399,8.399,0.0
2009-10-13,8.323,8.323,8.323,8.323,0.0
2009-10-14,8.362,8.362,8.362,8.362,0.0
2009-10-15,8.427,8.427,8.427,8.427,0.0
2009-10-16,8.56,8.56,8.56,8.56,0.0
2009-10-19,8.592,8.592,8.592,8.592,0.0
2009-10-20,8.581,8.581,8.581,8.581,0.0
2009-10-21,8.527,8.527,8.527,8.527,0.0
2009-10-22,8.479,8.479,8.479,8.479,0.0
2009-10-23,8.47,8.47,8.47,8.47,0.0
2009-10-26,8.366,8.366,8.366,8.366,0.0
2009-10-27,8.401,8.401,8.401,8.401,0.0
2009-10-28,8.527,8.527,8.527,8.527,0.0
2009-10-29,8.544,8.544,8.544,8.544,0.0
2009-10-30,8.583,8.583,8.583,8.583,0.0
2009-11-02,8.518,8.518,8.518,8.518,0.0
2009-11-03,8.563,8.563,8.563,8.563,0.0
2009-11-04,8.509,8.509,8.509,8.509,0.0
2009-11-05,8.555,8.555,8.555,8.555,0.0
2009-11-06,8.484,8.484,8.484,8.484,0.0
2009-11-09,8.519,8.519,8.519,8.519,0.0
2009-11-10,8.427,8.427,8.427,8.427,0.0
2009-11-11,8.393,8.393,8.393,8.393,0.0
2009-11-12,8.194,8.194,8.194,8.194,0.0
2009-11-13,8.086,8.086,8.086,8.086,0.0
2009-11-16,8.053,8.053,8.053,8.053,0.0
2009-11-17,8.045,8.045,8.045,8.045,0.0
2009-11-18,7.966,7.966,7.966,7.966,0.0
2009-11-19,8.02,8.02,8.02,8.02,0.0
2009-11-20,8.049,8.049,8.049,8.049,0.0
2009-11-23,8.13,8.13,8.13,8.13,0.0
2009-11-24,8.1,8.1,8.1,8.1,0.0
2009-11-25,8.348,8.348,8.348,8.348,0.0
2009-11-27,8.345,8.345,8.345,8.345,0.0
2009-11-30,8.259,8.259,8.259,8.259,0.0
2009-12-01,8.272,8.272,8.272,8.272,0.0
2009-12-02,8.261,8.261,8.261,8.261,0.0
2009-12-03,8.216,8.216,8.216,8.216,0.0
2009-12-04,8.31,8.31,8.31,8.31,0.0
2009-12-07,8.549,8.549,8.549,8.549,0.0
2009-12-08,8.45,8.45,8.45,8.45,0.0
2009-12-09,8.303,8.303,8.303,8.303,0.0
2009-12-10,8.342,8.342,8.342,8.342,0.0
2009-12-11,8.294,8.294,8.294,8.294,0.0
2009-12-14,8.367,8.367,8.367,8.367,0.0
2009-12-15,8.403,8.403,8.403,8.403,0.0
2009-12-16,8.398,8.398,8.398,8.398,0.0
2009-12-17,8.304,8.304,8.304,8.304,0.0
2009-12-18,8.223,8.223,8.223,8.223,0.0
2009-12-21,8.156,8.156,8.156,8.156,0.0
2009-12-22,8.157,8.157,8.157,8.157,0.0
2009-12-23,8.126,8.126,8.126,8.126,0.0
2009-12-24,8.11,8.11,8.11,8.11,0.0
2009-12-28,8.164,8.164,8.164,8.164,0.0
2009-12-29,8.103,8.103,8.103,8.103,0.0
2009-12-30,8.129,8.129,8.129,8.129,0.0
2009-12-31,8.15,8.15,8.15,8.15,0.0
2010-01-04,8.249,8.249,8.249,8.249,0.0
2010-01-05,8.193,8.193,8.193,8.193,0.0
2010-01-06,8.186,8.186,8.186,8.186,0.0
2010-01-07,8.1,8.1,8.1,8.1,0.0
2010-01-08,8.12,8.12,8.12,8.12,0.0
2010-01-11,8.106,8.106,8.106,8.106,0.0
2010-01-12,8.081,8.081,8.081,8.081,0.0
2010-01-13,8.092,8.092,8.092,8.092,0.0
2010-01-14,8.097,8.097,8.097,8.097,0.0
2010-01-15,8.103,8.103,8.103,8.103,0.0
2010-01-19,8.019,8.019,8.019,8.019,0.0
2010-01-20,8.027,8.027,8.027,8.027,0.0
2010-01-21,8.074,8.074,8.074,8.074,0.0
2010-01-22,8.11,8.11,8.11,8.11,0.0
2010-01-25,8.1,8.1,8.1,8.1,0.0
2010-01-26,8.076,8.076,8.076,8.076,0.0
2010-01-27,8.011,8.011,8.011,8.011,0.0
2010-01-28,7.995,7.995,7.995,7.995,0.0
2010-01-29,8.03,8.03,8.03,8.03,0.0
2010-02-01,8.105,8.105,8.105,8.105,0.0
2010-02-02,8.152,8.152,8.152,8.152,0.0
2010-02-03,8.126,8.126,8.126,8.126,0.0
2010-02-04,8.094,8.094,8.094,8.094,0.0
2010-02-05,8.106,8.106,8.106,8.106,0.0
2010-02-08,8.053,8.053,8.053,8.053,0.0
2010-02-09,8.022,8.022,8.022,8.022,0.0
2010-02-10,8.057,8.057,8.057,8.057,0.0
2010-02-11,8.052,8.052,8.052,8.052,0.0
2010-02-12,7.999,7.999,7.999,7.999,0.0
2010-02-16,7.935,7.935,7.935,7.935,0.0
2010-02-17,7.902,7.902,7.902,7.902,0.0
2010-02-18,7.867,7.867,7.867,7.867,0.0
2010-02-19,7.834,7.834,7.834,7.834,0.0
2010-02-22,7.85,7.85,7.85,7.85,0.0
2010-02-23,7.82,7.82,7.82,7.82,0.0
2010-02-24,7.811,7.811,7.811,7.811,0.0
2010-02-25,7.798,7.798,7.798,7.798,0.0
2010-02-26,7.8,7.8,7.8,7.8,0.0
2010-03-01,7.765,7.765,7.765,7.765,0.0
2010-03-02,7.747,7.747,7.747,7.747,0.0
2010-03-03,7.726,7.726,7.726,7.726,0.0
2010-03-04,7.616,7.616,7.616,7.616,0.0
2010-03-05,7.622,7.622,7.622,7.622,0.0
2010-03-08,7.633,7.633,7.633,7.633,0.0
2010-03-09,7.623,7.623,7.623,7.623,0.0
2010-03-10,7.66,7.66,7.66,7.66,0.0
2010-03-11,7.64,7.64,7.64,7.64,0.0
2010-03-12,7.741,7.741,7.741,7.741,0.0
2010-03-15,7.759,7.759,7.759,7.759,0.0
2010-03-16,7.823,7.823,7.823,7.823,0.0
2010-03-17,7.925,7.925,7.925,7.925,0.0
2010-03-18,7.991,7.991,7.991,7.991,0.0
2010-03-19,8.216,8.216,8.216,8.216,0.0
2010-03-22,8.147,8.147,8.147,8.147,0.0
2010-03-23,7.988,7.988,7.988,7.988,0.0
2010-03-24,7.889,7.889,7.889,7.889,0.0
2010-03-25,7.986,7.986,7.986,7.986,0.0
2010-03-26,7.898,7.898,7.898,7.898,0.0
2010-03-29,7.881,7.881,7.881,7.881,0.0
2010-03-30,7.971,7.971,7.971,7.971,0.0
2010-03-31,8.04,8.04,8.04,8.04,0.0
2010-04-01,8.081,8.081,8.081,8.081,0.0
2010-04-05,8.181,8.181,8.181,8.181,0.0
2010-04-06,8.065,8.065,8.065,8.065,0.0
2010-04-07,8.031,8.031,8.031,8.031,0.0
2010-04-08,7.976,7.976,7.976,7.976,0.0
2010-04-09,8.079,8.079,8.079,8.079,0.0
2010-04-12,8.038,8.038,8.038,8.038,0.0
2010-04-13,8.102,8.102,8.102,8.102,0.0
2010-04-14,8.142,8.142,8.142,8.142,0.0
2010-04-15,8.047,8.047,8.047,8.047,0.0
2010-04-16,8.028,8.028,8.028,8.028,0.0
2010-04-19,8.025,8.025,8.025,8.025,0.0
2010-04-20,8.104,8.104,8.104,8.104,0.0
2010-04-21,8.14,8.14,8.14,8.14,0.0
2010-04-22,8.221,8.221,8.221,8.221,0.0
2010-04-23,8.247,8.247,8.247,8.247,0.0
2010-04-26,8.224,8.224,8.224,8.224,0.0
2010-04-27,8.208,8.208,8.208,8.208,0.0
2010-04-28,8.214,8.214,8.214,8.214,0.0
2010-04-29,8.105,8.105,8.105,8.105,0.0
2010-04-30,8.089,8.089,8.089,8.089,0.0
2010-05-03,8.164,8.164,8.164,8.164,0.0
2010-05-04,8.238,8.238,8.238,8.238,0.0
2010-05-05,8.29,8.29,8.29,8.29,0.0
2010-05-06,8.282,8.282,8.282,8.282,0.0
2010-05-07,8.299,8.299,8.299,8.299,0.0
2010-05-10,8.329,8.329,8.329,8.329,0.0
2010-05-11,8.346,8.346,8.346,8.346,0.0
2010-05-12,8.386,8.386,8.386,8.386,0.0
2010-05-13,8.328,8.328,8.328,8.328,0.0
2010-05-14,8.221,8.221,8.221,8.221,0.0
2010-05-17,8.183,8.183,8.183,8.183,0.0
2010-05-18,8.118,8.118,8.118,8.118,0.0
2010-05-19,8.028,8.028,8.028,8.028,0.0
2010-05-20,7.993,7.993,7.993,7.993,0.0
2010-05-21,7.909,7.909,7.909,7.909,0.0
2010-05-24,7.883,7.883,7.883,7.883,0.0
2010-05-25,7.91,7.91,7.91,7.91,0.0
2010-05-26,7.89,7.89,7.89,7.89,0.0
2010-05-27,7.908,7.908,7.908,7.908,0.0
2010-05-28,7.873,7.873,7.873,7.873,0.0
2010-06-01,7.746,7.746,7.746,7.746,0.0
2010-06-02,7.765,7.765,7.765,7.765,0.0
2010-06-03,7.745,7.745,7.745,7.745,0.0
2010-06-04,7.679,7.679,7.679,7.679,0.0
2010-06-07,7.687,7.687,7.687,7.687,0.0
2010-06-08,7.647,7.647,7.647,7.647,0.0
2010-06-09,7.656,7.656,7.656,7.656,0.0
2010-06-10,7.708,7.708,7.708,7.708,0.0
2010-06-11,7.673,7.673,7.673,7.673,0.0
2010-06-14,7.58,7.58,7.58,7.58,0.0
2010-06-15,7.586,7.586,7.586,7.586,0.0
2010-06-16,7.709,7.709,7.709,7.709,0.0
2010-06-17,7.793,7.793,7.793,7.793,0.0
2010-06-18,7.862,7.862,7.862,7.862,0.0
2010-06-21,7.83,7.83,7.83,7.83,0.0
2010-06-22,7.847,7.847,7.847,7.847,0.0
2010-06-23,7.903,7.903,7.903,7.903,0.0
2010-06-24,7.913,7.913,7.913,7.913,0.0
2010-06-25,7.913,7.913,7.913,7.913,0.0
2010-06-28,7.821,7.821,7.821,7.821,0.0
2010-06-29,7.743,7.743,7.743,7.743,0.0
2010-06-30,7.724,7.724,7.724,7.724,0.0
2010-07-01,7.724,7.724,7.724,7.724,0.0
2010-07-02,7.648,7.648,7.648,7.648,0.0
2010-07-06,7.638,7.638,7.638,7.638,0.0
2010-07-07,7.754,7.754,7.754,7.754,0.0
2010-07-08,7.768,7.768,7.768,7.768,0.0
2010-07-09,7.791,7.791,7.791,7.791,0.0
2010-07-12,7.77,7.77,7.77,7.77,0.0
2010-07-13,7.705,7.705,7.705,7.705,0.0
2010-07-14,7.798,7.798,7.798,7.798,0.0
2010-07-15,7.86,7.86,7.86,7.86,0.0
2010-07-16,7.663,7.663,7.663,7.663,0.0
2010-07-19,7.648,7.648,7.648,7.648,0.0
2010-07-20,7.658,7.658,7.658,7.658,0.0
2010-07-21,7.656,7.656,7.656,7.656,0.0
2010-07-22,7.65,7.65,7.65,7.65,0.0
2010-07-23,7.571,7.571,7.571,7.571,0.0
2010-07-26,7.524,7.524,7.524,7.524,0.0
2010-07-27,7.358,7.358,7.358,7.358,0.0
2010-07-28,7.284,7.284,7.284,7.284,0.0
2010-07-29,7.076,7.076,7.076,7.076,0.0
2010-07-30,6.922,6.922,6.922,6.922,0.0
2010-08-02,6.978,6.978,6.978,6.978,0.0
2010-08-03,6.932,6.932,6.932,6.932,0.0
2010-08-04,6.95,6.95,6.95,6.95,0.0
2010-08-05,6.84,6.84,6.84,6.84,0.0
2010-08-06,6.716,6.716,6.716,6.716,0.0
2010-08-09,6.618,6.618,6.618,6.618,0.0
2010-08-10,6.508,6.508,6.508,6.508,0.0
2010-08-11,6.495,6.495,6.495,6.495,0.0
2010-08-12,6.524,6.524,6.524,6.524,0.0
2010-08-13,6.513,6.513,6.513,6.513,0.0
2010-08-16,6.395,6.395,6.395,6.395,0.0
2010-08-17,6.379,6.379,6.379,6.379,0.0
2010-08-18,6.467,6.467,6.467,6.467,0.0
2010-08-19,6.515,6.515,6.515,6.515,0.0
2010-08-20,6.624,6.624,6.624,6.624,0.0
2010-08-23,6.694,6.694,6.694,6.694,0.0
2010-08-24,6.65,6.704,6.65,6.704,5.0
2010-08-25,6.747,6.747,6.747,6.747,0.0
2010-08-26,6.881,6.881,6.881,6.881,0.0
2010-08-27,6.858,6.858,6.858,6.858,0.0
2010-08-30,6.819,6.819,6.819,6.819,0.0
2010-08-31,6.82,6.82,6.793,6.793,15.0
2010-09-01,6.747,6.747,6.747,6.747,0.0
2010-09-02,6.677,6.677,6.677,6.677,0.0
2010-09-03,6.715,6.715,6.715,6.715,0.0
2010-09-07,6.73,6.73,6.73,6.73,0.0
2010-09-08,6.762,6.762,6.762,6.762,0.0
2010-09-09,6.818,6.818,6.818,6.818,0.0
2010-09-10,6.858,6.858,6.858,6.858,0.0
2010-09-13,6.825,6.825,6.825,6.825,0.0
2010-09-14,6.772,6.772,6.772,6.772,0.0
2010-09-15,6.76,6.76,6.76,6.76,0.0
2010-09-16,6.595,6.595,6.595,6.595,0.0
2010-09-17,6.467,6.467,6.467,6.467,0.0
2010-09-20,6.409,6.409,6.409,6.409,0.0
2010-09-21,6.352,6.352,6.352,6.352,0.0
2010-09-22,6.362,6.362,6.362,6.362,0.0
2010-09-23,6.427,6.427,6.427,6.427,0.0
2010-09-24,6.42,6.42,6.42,6.42,0.0
2010-09-27,6.383,6.383,6.383,6.383,0.0
2010-09-28,6.441,6.441,6.441,6.441,0.0
2010-09-29,6.414,6.414,6.414,6.414,0.0
2010-09-30,6.397,6.397,6.397,6.397,0.0
2010-10-01,6.476,6.476,6.476,6.476,0.0
2010-10-04,6.607,6.607,6.607,6.607,0.0
2010-10-05,6.642,6.642,6.642,6.642,0.0
2010-10-06,6.687,6.687,6.687,6.687,0.0
2010-10-07,6.718,6.718,6.718,6.718,0.0
2010-10-08,6.733,6.733,6.733,6.733,0.0
2010-10-11,6.69,6.69,6.69,6.69,0.0
2010-10-12,6.663,6.663,6.663,6.663,0.0
2010-10-13,6.654,6.654,6.654,6.654,0.0
2010-10-14,6.662,6.662,6.662,6.662,0.0
2010-10-15,6.613,6.613,6.613,6.613,0.0
2010-10-18,6.609,6.609,6.609,6.609,0.0
2010-10-19,6.588,6.588,6.588,6.588,0.0
2010-10-20,6.579,6.579,6.579,6.579,0.0
2010-10-21,6.43,6.43,6.43,6.43,0.0
2010-10-22,6.359,6.359,6.359,6.359,0.0
2010-10-25,6.458,6.458,6.458,6.458,0.0
2010-10-26,6.646,6.646,6.646,6.646,0.0
2010-10-27,6.691,6.691,6.691,6.691,0.0
2010-10-28,6.451,6.451,6.451,6.451,0.0
2010-10-29,6.33,6.33,6.33,6.33,0.0
2010-11-01,6.385,6.385,6.385,6.385,0.0
2010-11-02,6.443,6.443,6.443,6.443,0.0
2010-11-03,6.417,6.417,6.417,6.417,0.0
2010-11-04,6.412,6.412,6.412,6.412,0.0
2010-11-05,6.419,6.419,6.419,6.419,0.0
2010-11-08,6.433,6.433,6.433,6.433,0.0
2010-11-09,6.428,6.428,6.428,6.428,0.0
2010-11-10,6.491,6.491,6.491,6.491,0.0
2010-11-11,6.545,6.545,6.545,6.545,0.0
2010-11-12,6.532,6.532,6.532,6.532,0.0
2010-11-15,6.603,6.603,6.603,6.603,0.0
2010-11-16,6.567,6.567,6.567,6.567,0.0
2010-11-17,6.584,6.584,6.584,6.584,0.0
2010-11-18,6.627,6.627,6.627,6.627,0.0
2010-11-19,6.647,6.647,6.647,6.647,0.0
2010-11-22,6.716,6.716,6.716,6.716,0.0
2010-11-23,6.696,6.696,6.696,6.696,0.0
2010-11-24,6.644,6.644,6.644,6.644,0.0
2010-11-26,6.652,6.652,6.652,6.652,0.0
2010-11-29,6.612,6.612,6.612,6.612,0.0
2010-11-30,6.642,6.642,6.642,6.642,0.0
2010-12-01,6.64,6.64,6.64,6.64,0.0
2010-12-02,6.637,6.637,6.637,6.637,0.0
2010-12-03,6.637,6.637,6.637,6.637,0.0
2010-12-06,6.491,6.491,6.491,6.491,0.0
2010-12-07,6.455,6.455,6.455,6.455,0.0
2010-12-08,6.462,6.462,6.462,6.462,0.0
2010-12-09,6.341,6.341,6.341,6.341,0.0
2010-12-10,6.328,6.328,6.328,6.328,0.0
2010-12-13,6.353,6.353,6.353,6.353,0.0
2010-12-14,6.393,6.393,6.393,6.393,0.0
2010-12-15,6.529,6.529,6.529,6.529,0.0
2010-12-16,6.527,6.527,6.527,6.527,0.0
2010-12-17,6.574,6.574,6.574,6.574,0.0
2010-12-20,6.561,6.561,6.561,6.561,0.0
2010-12-21,6.537,6.537,6.537,6.537,0.0
2010-12-22,6.516,6.516,6.516,6.516,0.0
2010-12-23,6.529,6.529,6.529,6.529,0.0
2010-12-27,6.543,6.543,6.543,6.543,0.0
2010-12-28,6.545,6.545,6.545,6.545,0.0
2010-12-29,6.515,6.515,6.515,6.515,0.0
2010-12-30,6.465,6.465,6.465,6.465,0.0
2010-12-31,6.487,6.487,6.487,6.487,0.0
2011-01-03,6.438,6.438,6.438,6.438,0.0
2011-01-04,6.462,6.462,6.462,6.462,0.0
2011-01-05,6.523,6.523,6.523,6.523,0.0
2011-01-06,6.506,6.506,6.506,6.506,0.0
2011-01-07,6.535,6.535,6.535,6.535,0.0
2011-01-10,6.552,6.552,6.552,6.552,0.0
2011-01-11,6.588,6.588,6.588,6.588,0.0
2011-01-12,6.527,6.527,6.527,6.527,0.0
2011-01-13,6.524,6.524,6.524,6.524,0.0
2011-01-14,6.564,6.564,6.564,6.564,0.0
2011-01-18,6.573,6.573,6.573,6.573,0.0
2011-01-19,6.539,6.539,6.539,6.539,0.0
2011-01-20,6.525,6.525,6.525,6.525,0.0
2011-01-21,6.514,6.514,6.514,6.514,0.0
2011-01-24,6.507,6.507,6.507,6.507,0.0
2011-01-25,6.553,6.553,6.553,6.553,0.0
2011-01-26,6.581,6.581,6.581,6.581,0.0
2011-01-27,6.604,6.604,6.604,6.604,0.0
2011-01-28,6.498,6.498,6.498,6.498,0.0
2011-01-31,6.513,6.513,6.513,6.513,0.0
2011-02-01,6.533,6.533,6.533,6.533,0.0
2011-02-02,6.556,6.556,6.556,6.556,0.0
2011-02-03,6.56,6.56,6.56,6.56,0.0
2011-02-04,6.571,6.571,6.571,6.571,0.0
2011-02-07,6.583,6.583,6.583,6.583,0.0
2011-02-08,6.622,6.622,6.622,6.622,0.0
2011-02-09,6.617,6.617,6.617,6.617,0.0
2011-02-10,6.607,6.607,6.607,6.607,0.0
2011-02-11,6.597,6.597,6.597,6.597,0.0
2011-02-14,6.58,6.58,6.58,6.58,0.0
2011-02-15,6.623,6.623,6.623,6.623,0.0
2011-02-16,6.681,6.681,6.681,6.681,0.0
2011-02-17,6.711,6.711,6.711,6.711,0.0
2011-02-18,6.72,6.72,6.72,6.72,0.0
2011-02-22,6.755,6.755,6.755,6.755,0.0
2011-02-23,6.739,6.739,6.739,6.739,0.0
2011-02-24,6.714,6.714,6.714,6.714,0.0
2011-02-25,6.736,6.736,6.736,6.736,0.0
2011-02-28,6.758,6.758,6.758,6.758,0.0
2011-03-01,6.825,6.825,6.825,6.825,0.0
2011-03-02,6.796,6.796,6.796,6.796,0.0
2011-03-03,6.791,6.791,6.791,6.791,0.0
2011-03-04,6.861,6.861,6.861,6.861,0.0
2011-03-07,6.873,6.873,6.873,6.873,0.0
2011-03-08,6.867,6.867,6.867,6.867,0.0
2011-03-09,6.841,6.841,6.841,6.841,0.0
2011-03-10,6.843,6.843,6.843,6.843,0.0
2011-03-11,6.847,6.847,6.847,6.847,0.0
2011-03-14,6.904,6.904,6.904,6.904,0.0
2011-03-15,7.162,7.162,7.162,7.162,0.0
2011-03-16,7.167,7.167,7.167,7.167,0.0
2011-03-17,7.139,7.139,7.139,7.139,0.0
2011-03-18,7.083,7.083,7.083,7.083,0.0
2011-03-21,7.001,7.001,7.001,7.001,0.0
2011-03-22,7.042,7.042,7.042,7.042,0.0
2011-03-23,7.069,7.069,7.069,7.069,0.0
2011-03-24,7.063,7.063,7.063,7.063,0.0
2011-03-25,7.161,7.161,7.161,7.161,0.0
2011-03-28,7.147,7.147,7.147,7.147,0.0
2011-03-29,7.088,7.088,7.088,7.088,0.0
2011-03-30,7.126,7.126,7.126,7.126,0.0
2011-03-31,7.216,7.216,7.216,7.216,0.0
2011-04-01,7.328,7.328,7.328,7.328,0.0
2011-04-04,7.342,7.342,7.342,7.342,0.0
2011-04-05,7.238,7.238,7.238,7.238,0.0
2011-04-06,7.24,7.24,7.24,7.24,0.0
2011-04-07,7.272,7.272,7.272,7.272,0.0
2011-04-08,7.318,7.318,7.318,7.318,0.0
2011-04-11,7.343,7.343,7.343,7.343,0.0
2011-04-12,7.281,7.281,7.281,7.281,0.0
2011-04-13,7.243,7.243,7.243,7.243,0.0
2011-04-14,7.23,7.23,7.23,7.23,0.0
2011-04-15,7.25,7.25,7.25,7.25,0.0
2011-04-18,7.24,7.24,7.24,7.24,0.0
2011-04-19,7.167,7.167,7.167,7.167,0.0
2011-04-20,7.101,7.101,7.101,7.101,0.0
2011-04-21,7.048,7.048,7.048,7.048,0.0
2011-04-25,7.06,7.06,7.06,7.06,0.0
2011-04-26,7.089,7.089,7.089,7.089,0.0
2011-04-27,7.056,7.056,7.056,7.056,0.0
2011-04-28,7.056,7.056,7.056,7.056,0.0
2011-04-29,6.999,6.999,6.999,6.999,0.0
2011-05-02,7.021,7.021,7.021,7.021,0.0
2011-05-03,7.091,7.091,7.091,7.091,0.0
2011-05-04,7.108,7.108,7.108,7.108,0.0
2011-05-05,7.034,7.034,7.034,7.034,0.0
2011-05-06,6.986,6.986,6.986,6.986,0.0
2011-05-09,6.999,6.999,6.999,6.999,0.0
2011-05-10,7.075,7.075,7.075,7.075,0.0
2011-05-11,7.109,7.109,7.109,7.109,0.0
2011-05-12,7.118,7.118,7.118,7.118,0.0
2011-05-13,7.108,7.108,7.108,7.108,0.0
2011-05-16,7.1,7.1,7.1,7.1,0.0
2011-05-17,7.069,7.069,7.069,7.069,0.0
2011-05-18,7.083,7.083,7.083,7.083,0.0
2011-05-19,7.006,7.006,7.006,7.006,0.0
2011-05-20,7.053,7.053,7.053,7.053,0.0
2011-05-23,7.192,7.192,7.192,7.192,0.0
2011-05-24,7.115,7.115,7.115,7.115,0.0
2011-05-25,7.124,7.124,7.124,7.124,0.0
2011-05-26,7.094,7.094,7.094,7.094,0.0
2011-05-27,7.13,7.13,7.13,7.13,0.0
2011-05-31,7.055,7.055,7.055,7.055,0.0
2011-06-01,7.031,7.031,7.031,7.031,0.0
2011-06-02,6.934,6.934,6.934,6.934,0.0
2011-06-03,6.878,6.878,6.878,6.878,0.0
2011-06-06,6.822,6.822,6.822,6.822,0.0
2011-06-07,6.829,6.829,6.829,6.829,0.0
2011-06-08,6.845,6.845,6.845,6.845,0.0
2011-06-09,6.753,6.753,6.753,6.753,0.0
2011-06-10,6.784,6.784,6.784,6.784,0.0
2011-06-13,6.752,6.752,6.752,6.752,0.0
2011-06-14,6.856,6.856,6.856,6.856,0.0
2011-06-15,6.875,6.875,6.875,6.875,0.0
2011-06-16,6.857,6.857,6.857,6.857,0.0
2011-06-17,6.891,6.891,6.891,6.891,0.0
2011-06-20,6.889,6.889,6.889,6.889,0.0
2011-06-21,6.772,6.772,6.772,6.772,0.0
2011-06-22,6.785,6.785,6.785,6.785,0.0
2011-06-23,6.756,6.756,6.756,6.756,0.0
2011-06-24,6.779,6.779,6.779,6.779,0.0
2011-06-27,6.768,6.768,6.768,6.768,0.0
2011-06-28,6.772,6.772,6.772,6.772,0.0
2011-06-29,6.744,6.744,6.744,6.744,0.0
2011-06-30,6.741,6.741,6.741,6.741,0.0
2011-07-01,6.741,6.741,6.741,6.741,0.0
2011-07-05,6.683,6.683,6.683,6.683,0.0
2011-07-06,6.673,6.673,6.673,6.673,0.0
2011-07-07,6.701,6.701,6.701,6.701,0.0
2011-07-08,6.768,6.768,6.768,6.768,0.0
2011-07-11,6.808,6.808,6.808,6.808,0.0
2011-07-12,6.808,6.808,6.808,6.808,0.0
2011-07-13,6.829,6.829,6.829,6.829,0.0
2011-07-14,6.807,6.807,6.807,6.807,0.0
2011-07-15,6.809,6.809,6.809,6.809,0.0
2011-07-18,6.789,6.789,6.789,6.789,0.0
2011-07-19,6.681,6.681,6.681,6.681,0.0
2011-07-20,6.632,6.632,6.632,6.632,0.0
2011-07-21,6.663,6.663,6.663,6.663,0.0
2011-07-22,6.639,6.639,6.639,6.639,0.0
2011-07-25,6.624,6.624,6.624,6.624,0.0
2011-07-26,6.619,6.619,6.619,6.619,0.0
2011-07-27,6.632,6.632,6.632,6.632,0.0
2011-07-28,6.658,6.658,6.658,6.658,0.0
2011-07-29,6.635,6.635,6.635,6.635,0.0
2011-08-01,6.689,6.689,6.689,6.689,0.0
2011-08-02,6.657,6.657,6.657,6.657,0.0
2011-08-03,6.608,6.608,6.608,6.608,0.0
2011-08-04,6.452,6.452,6.452,6.452,0.0
2011-08-05,6.374,6.374,6.374,6.374,0.0
2011-08-08,6.355,6.355,6.355,6.355,0.0
2011-08-09,6.331,6.331,6.331,6.331,0.0
2011-08-10,6.303,6.303,6.303,6.303,0.0
2011-08-11,6.356,6.356,6.356,6.356,0.0
2011-08-12,6.369,6.369,6.369,6.369,0.0
2011-08-15,6.433,6.433,6.433,6.433,0.0
2011-08-16,6.525,6.525,6.525,6.525,0.0
2011-08-17,6.492,6.492,6.492,6.492,0.0
2011-08-18,6.482,6.482,6.482,6.482,0.0
2011-08-19,6.52,6.52,6.52,6.52,0.0
2011-08-22,6.487,6.487,6.487,6.487,0.0
2011-08-23,6.505,6.505,6.505,6.505,0.0
2011-08-24,6.387,6.387,6.387,6.387,0.0
2011-08-25,6.378,6.378,6.378,6.378,0.0
2011-08-26,6.375,6.375,6.375,6.375,0.0
2011-08-29,6.344,6.344,6.344,6.344,0.0
2011-08-30,6.36,6.36,6.36,6.36,0.0
2011-08-31,6.39,6.39,6.39,6.39,0.0
2011-09-01,6.451,6.451,6.451,6.451,0.0
2011-09-02,6.426,6.426,6.426,6.426,0.0
2011-09-06,6.429,6.429,6.429,6.429,0.0
2011-09-07,6.396,6.396,6.396,6.396,0.0
2011-09-08,6.386,6.386,6.386,6.386,0.0
2011-09-09,6.333,6.333,6.333,6.333,0.0
2011-09-12,6.306,6.306,6.306,6.306,0.0
2011-09-13,6.328,6.328,6.328,6.328,0.0
2011-09-14,6.287,6.287,6.287,6.287,0.0
2011-09-15,6.262,6.262,6.262,6.262,0.0
2011-09-16,6.288,6.288,6.288,6.288,0.0
2011-09-19,6.278,6.278,6.278,6.278,0.0
2011-09-20,6.32,6.32,6.32,6.32,0.0
2011-09-21,6.32,6.32,6.32,6.32,0.0
2011-09-22,6.188,6.188,6.188,6.188,0.0
2011-09-23,6.194,6.194,6.194,6.194,0.0
2011-09-26,6.241,6.241,6.241,6.241,0.0
2011-09-27,6.323,6.323,6.323,6.323,0.0
2011-09-28,6.307,6.307,6.307,6.307,0.0
2011-09-29,6.288,6.288,6.288,6.288,0.0
2011-09-30,6.275,6.275,6.275,6.275,0.0
2011-10-03,6.261,6.261,6.261,6.261,0.0
2011-10-04,6.207,6.207,6.207,6.207,0.0
2011-10-05,6.18,6.18,6.18,6.18,0.0
2011-10-06,6.125,6.125,6.125,6.125,0.0
2011-10-07,6.087,6.087,6.087,6.087,0.0
2011-10-10,6.076,6.076,6.076,6.076,0.0
2011-10-11,6.046,6.046,6.046,6.046,0.0
2011-10-12,6.037,6.037,6.037,6.037,0.0
2011-10-13,6.064,6.064,6.064,6.064,0.0
2011-10-14,6.126,6.126,6.126,6.126,0.0
2011-10-17,6.113,6.113,6.113,6.113,0.0
2011-10-18,6.09,6.09,6.09,6.09,0.0
2011-10-19,6.092,6.092,6.092,6.092,0.0
2011-10-20,6.09,6.103,6.09,6.103,3.0
2011-10-21,6.105,6.105,6.105,6.105,0.0
2011-10-24,6.102,6.102,6.102,6.102,0.0
2011-10-25,6.138,6.138,6.138,6.138,0.0
2011-10-26,6.17,6.17,6.17,6.17,0.0
2011-10-27,6.175,6.175,6.175,6.175,0.0
2011-10-28,6.283,6.283,6.283,6.283,0.0
2011-10-31,6.283,6.283,6.283,6.283,0.0
2011-11-01,6.213,6.213,6.213,6.213,0.0
2011-11-02,6.172,6.172,6.172,6.172,0.0
2011-11-03,6.225,6.225,6.225,6.225,0.0
2011-11-04,6.215,6.215,6.215,6.215,0.0
2011-11-07,6.193,6.193,6.193,6.193,0.0
2011-11-08,6.156,6.156,6.156,6.156,0.0
2011-11-09,6.123,6.123,6.123,6.123,0.0
2011-11-10,6.073,6.073,6.073,6.073,0.0
2011-11-11,6.003,6.003,6.003,6.003,0.0
2011-11-14,5.981,5.981,5.981,5.981,0.0
2011-11-15,5.991,5.991,5.991,5.991,0.0
2011-11-16,5.966,5.966,5.966,5.966,0.0
2011-11-17,5.918,5.918,5.918,5.918,0.0
2011-11-18,5.877,5.877,5.877,5.877,0.0
2011-11-21,5.898,5.898,5.898,5.898,0.0
2011-11-22,5.877,5.877,5.877,5.877,0.0
2011-11-23,5.849,5.849,5.849,5.849,0.0
2011-11-25,5.888,5.888,5.888,5.888,0.0
2011-11-28,5.832,5.832,5.832,5.832,0.0
2011-11-29,5.938,5.938,5.938,5.938,0.0
2011-11-30,5.923,5.923,5.923,5.923,0.0
2011-12-01,5.91,5.91,5.91,5.91,0.0
2011-12-02,5.911,5.911,5.911,5.911,0.0
2011-12-05,5.911,5.911,5.911,5.911,0.0
2011-12-06,5.88,5.88,5.88,5.88,0.0
2011-12-07,5.878,5.878,5.878,5.878,0.0
2011-12-08,5.848,5.848,5.848,5.848,0.0
2011-12-09,5.784,5.784,5.784,5.784,0.0
2011-12-12,5.746,5.746,5.746,5.746,0.0
2011-12-13,5.66,5.66,5.66,5.66,0.0
2011-12-14,5.65,5.65,5.65,5.65,0.0
2011-12-15,5.612,5.612,5.612,5.612,0.0
2011-12-16,5.627,5.627,5.627,5.627,0.0
2011-12-19,5.624,5.624,5.624,5.624,0.0
2011-12-20,5.638,5.638,5.638,5.638,0.0
2011-12-21,5.595,5.595,5.595,5.595,0.0
2011-12-22,5.61,5.61,5.61,5.61,0.0
2011-12-23,5.595,5.595,5.595,5.595,0.0
2011-12-27,5.595,5.595,5.595,5.595,0.0
2011-12-28,5.57,5.57,5.57,5.57,0.0
2011-12-29,5.567,5.567,5.567,5.567,0.0
2011-12-30,5.567,5.567,5.567,5.567,0.0
2012-01-03,5.566,5.566,5.566,5.566,0.0
2012-01-04,5.576,5.576,5.576,5.576,0.0
2012-01-05,5.593,5.593,5.593,5.593,0.0
2012-01-06,5.633,5.633,5.633,5.633,0.0
2012-01-09,5.614,5.614,5.614,5.614,0.0
2012-01-10,5.576,5.576,5.576,5.576,0.0
2012-01-11,5.585,5.585,5.585,5.585,0.0
2012-01-12,5.562,5.562,5.562,5.562,0.0
2012-01-13,5.546,5.546,5.546,5.546,0.0
2012-01-17,5.495,5.495,5.495,5.495,0.0
2012-01-18,5.406,5.406,5.406,5.406,0.0
2012-01-19,5.329,5.329,5.329,5.329,0.0
2012-01-20,5.179,5.179,5.179,5.179,0.0
2012-01-23,5.197,5.197,5.197,5.197,0.0
2012-01-24,5.233,5.233,5.233,5.233,0.0
2012-01-25,5.268,5.268,5.268,5.268,0.0
2012-01-26,5.204,5.204,5.204,5.204,0.0
2012-01-27,5.246,5.246,5.246,5.246,0.0
2012-01-30,5.221,5.221,5.221,5.221,0.0
2012-01-31,5.176,5.176,5.176,5.176,0.0
2012-02-01,5.127,5.127,5.127,5.127,0.0
2012-02-02,5.223,5.223,5.223,5.223,0.0
2012-02-03,5.247,5.247,5.247,5.247,0.0
2012-02-06,5.306,5.306,5.306,5.306,0.0
2012-02-07,5.214,5.214,5.214,5.214,0.0
2012-02-08,5.179,5.179,5.179,5.179,0.0
2012-02-09,5.103,5.103,5.103,5.103,0.0
2012-02-10,5.176,5.176,5.176,5.176,0.0
2012-02-13,5.176,5.176,5.176,5.176,0.0
2012-02-14,5.19,5.19,5.19,5.19,0.0
2012-02-15,5.198,5.198,5.198,5.198,0.0
2012-02-16,5.171,5.171,5.171,5.171,0.0
2012-02-17,5.191,5.191,5.191,5.191,0.0
2012-02-21,5.16,5.16,5.16,5.16,0.0
2012-02-22,5.25,5.25,5.25,5.25,0.0
2012-02-23,5.265,5.265,5.265,5.265,0.0
2012-02-24,5.236,5.236,5.236,5.236,0.0
2012-02-27,5.175,5.175,5.175,5.175,0.0
2012-02-28,5.133,5.133,5.133,5.133,0.0
2012-02-29,5.1,5.143,5.095,5.143,7.0
2012-03-01,5.104,5.104,5.104,5.104,0.0
2012-03-02,5.142,5.142,5.142,5.142,0.0
2012-03-05,5.069,5.069,5.069,5.069,0.0
2012-03-06,4.997,4.997,4.997,4.997,0.0
2012-03-07,4.952,4.952,4.952,4.952,0.0
2012-03-08,4.953,4.953,4.953,4.953,0.0
2012-03-09,5.06,5.06,5.06,5.06,0.0
2012-03-12,5.039,5.039,5.039,5.039,0.0
2012-03-13,5.088,5.088,5.088,5.088,0.0
2012-03-14,5.174,5.174,5.174,5.174,0.0
2012-03-15,5.174,5.174,5.174,5.174,0.0
2012-03-16,5.161,5.161,5.161,5.161,0.0
2012-03-19,5.18,5.18,5.18,5.18,0.0
2012-03-20,5.149,5.149,5.149,5.149,0.0
2012-03-21,5.139,5.139,5.139,5.139,0.0
2012-03-22,5.126,5.126,5.126,5.126,0.0
2012-03-23,5.124,5.124,5.124,5.124,0.0
2012-03-26,5.127,5.127,5.127,5.127,1.0
2012-03-27,5.126,5.126,5.126,5.126,0.0
2012-03-28,5.138,5.138,5.138,5.138,0.0
2012-03-29,5.08,5.08,5.08,5.08,0.0
2012-03-30,5.148,5.148,5.148,5.148,0.0
2012-04-02,5.168,5.168,5.168,5.168,0.0
2012-04-03,5.168,5.168,5.168,5.168,0.0
2012-04-04,5.147,5.147,5.147,5.147,0.0
2012-04-05,5.105,5.105,5.105,5.105,0.0
2012-04-09,5.125,5.125,5.125,5.125,0.0
2012-04-10,5.104,5.104,5.104,5.104,0.0
2012-04-11,5.048,5.048,5.048,5.048,0.0
2012-04-12,4.967,4.967,4.967,4.967,0.0
2012-04-13,4.955,4.955,4.955,4.955,0.0
2012-04-16,4.928,4.928,4.928,4.928,0.0
2012-04-17,4.867,4.867,4.867,4.867,0.0
2012-04-18,4.845,4.845,4.845,4.845,0.0
2012-04-19,4.822,4.822,4.822,4.822,0.0
2012-04-20,4.765,4.765,4.765,4.765,0.0
2012-04-23,4.744,4.744,4.744,4.744,0.0
2012-04-24,4.778,4.778,4.778,4.778,0.0
2012-04-25,4.707,4.707,4.707,4.707,0.0
2012-04-26,4.731,4.731,4.731,4.731,0.0
2012-04-27,4.783,4.783,4.783,4.783,0.0
2012-04-30,4.82,4.82,4.82,4.82,0.0
2012-05-01,4.82,4.82,4.82,4.82,0.0
2012-05-02,4.811,4.811,4.811,4.811,0.0
2012-05-03,4.827,4.827,4.827,4.827,0.0
2012-05-04,4.821,4.821,4.821,4.821,0.0
2012-05-07,4.836,4.836,4.836,4.836,0.0
2012-05-08,4.834,4.834,4.834,4.834,0.0
2012-05-09,4.855,4.855,4.855,4.855,0.0
2012-05-10,4.843,4.843,4.843,4.843,0.0
2012-05-11,4.823,4.823,4.823,4.823,0.0
2012-05-14,4.834,4.834,4.834,4.834,0.0
2012-05-15,4.881,4.881,4.881,4.881,0.0
2012-05-16,4.909,4.909,4.909,4.909,0.0
2012-05-17,4.901,4.901,4.901,4.901,0.0
2012-05-18,4.941,4.941,4.941,4.941,0.0
2012-05-21,4.873,4.873,4.873,4.873,0.0
2012-05-22,4.914,4.914,4.914,4.914,0.0
2012-05-23,4.893,4.893,4.893,4.893,0.0
2012-05-24,4.892,4.892,4.892,4.892,0.0
2012-05-25,4.937,4.937,4.937,4.937,0.0
2012-05-29,4.888,4.888,4.888,4.888,0.0
2012-05-30,4.842,4.842,4.842,4.842,0.0
2012-05-31,4.892,4.892,4.892,4.892,0.0
2012-06-01,4.852,4.852,4.852,4.852,0.0
2012-06-04,4.854,4.854,4.854,4.854,0.0
2012-06-05,4.799,4.799,4.799,4.799,0.0
2012-06-06,4.796,4.796,4.796,4.796,0.0
2012-06-07,4.775,4.775,4.775,4.775,0.0
2012-06-08,4.796,4.796,4.796,4.796,0.0
2012-06-11,4.759,4.759,4.759,4.759,0.0
2012-06-12,4.759,4.759,4.759,4.759,0.0
2012-06-13,4.74,4.74,4.74,4.74,0.0
2012-06-14,4.775,4.775,4.775,4.775,0.0
2012-06-15,4.711,4.711,4.711,4.711,0.0
2012-06-18,4.686,4.686,4.686,4.686,0.0
2012-06-19,4.711,4.711,4.711,4.711,0.0
2012-06-20,4.716,4.716,4.716,4.716,0.0
2012-06-21,4.691,4.691,4.691,4.691,0.0
2012-06-22,4.688,4.688,4.688,4.688,0.0
2012-06-25,4.715,4.715,4.715,4.715,0.0
2012-06-26,4.76,4.76,4.76,4.76,0.0
2012-06-27,4.82,4.82,4.778,4.778,2.0
2012-06-28,4.776,4.776,4.776,4.776,0.0
2012-06-29,4.781,4.781,4.781,4.781,0.0
2012-07-02,4.792,4.792,4.792,4.792,0.0
2012-07-03,4.821,4.821,4.821,4.821,0.0
2012-07-05,4.824,4.824,4.824,4.824,0.0
2012-07-06,4.776,4.776,4.776,4.776,0.0
2012-07-09,4.845,4.845,4.845,4.845,0.0
2012-07-10,4.833,4.833,4.833,4.833,0.0
2012-07-11,4.88,4.88,4.88,4.88,0.0
2012-07-12,4.869,4.869,4.869,4.869,0.0
2012-07-13,4.872,4.872,4.872,4.872,0.0
2012-07-16,4.823,4.823,4.823,4.823,0.0
2012-07-17,4.835,4.835,4.835,4.835,0.0
2012-07-18,4.9,4.9,4.9,4.9,0.0
2012-07-19,4.869,4.869,4.869,4.869,0.0
2012-07-20,4.891,4.891,4.891,4.891,0.0
2012-07-23,4.9,4.9,4.9,4.9,0.0
2012-07-24,4.937,4.937,4.937,4.937,0.0
2012-07-25,4.944,4.944,4.944,4.944,0.0
2012-07-26,4.987,4.987,4.987,4.987,0.0
2012-07-27,4.989,4.989,4.989,4.989,0.0
2012-07-30,5.057,5.057,5.057,5.057,0.0
2012-07-31,5.017,5.017,5.017,5.017,0.0
2012-08-01,4.982,4.982,4.982,4.982,0.0
2012-08-02,4.862,4.862,4.862,4.862,0.0
2012-08-03,4.834,4.834,4.834,4.834,0.0
2012-08-06,4.961,4.961,4.961,4.961,0.0
2012-08-07,4.978,4.978,4.978,4.978,0.0
2012-08-08,5.133,5.133,5.133,5.133,0.0
2012-08-09,5.043,5.043,5.043,5.043,0.0
2012-08-10,5.09,5.09,4.98,4.98,1.0
2012-08-13,4.953,4.953,4.953,4.953,0.0
2012-08-14,4.99,4.99,4.99,4.99,0.0
2012-08-15,5.027,5.027,5.027,5.027,0.0
2012-08-16,5.0,5.0,5.0,5.0,0.0
2012-08-17,4.998,4.998,4.998,4.998,0.0
2012-08-20,5.044,5.044,5.044,5.044,0.0
2012-08-21,5.001,5.001,5.001,5.001,0.0
2012-08-22,4.992,4.992,4.992,4.992,0.0
2012-08-23,4.975,4.975,4.975,4.975,0.0
2012-08-24,4.927,4.927,4.927,4.927,0.0
2012-08-27,4.902,4.902,4.902,4.902,0.0
2012-08-28,4.852,4.852,4.852,4.852,0.0
2012-08-29,4.888,4.888,4.888,4.888,0.0
2012-08-30,4.895,4.895,4.895,4.895,0.0
2012-08-31,4.889,4.889,4.889,4.889,0.0
2012-09-04,4.894,4.894,4.894,4.894,0.0
2012-09-05,4.884,4.884,4.884,4.884,0.0
2012-09-06,4.869,4.869,4.869,4.869,0.0
2012-09-07,4.829,4.829,4.829,4.829,0.0
2012-09-10,4.857,4.857,4.857,4.857,0.0
2012-09-11,4.898,4.898,4.898,4.898,0.0
2012-09-12,4.975,4.975,4.975,4.975,0.0
2012-09-13,4.968,4.968,4.968,4.968,0.0
2012-09-14,4.957,4.957,4.957,4.957,0.0
2012-09-17,4.938,4.938,4.938,4.938,0.0
2012-09-18,4.984,4.984,4.984,4.984,0.0
2012-09-19,4.984,4.984,4.984,4.984,0.0
2012-09-20,4.988,4.988,4.988,4.988,0.0
2012-09-21,5.047,5.047,5.047,5.047,0.0
2012-09-24,5.031,5.031,5.031,5.031,0.0
2012-09-25,5.057,5.057,5.057,5.057,0.0
2012-09-26,5.071,5.071,5.071,5.071,0.0
2012-09-27,5.095,5.095,5.095,5.095,0.0
2012-09-28,5.107,5.107,5.107,5.107,0.0
2012-10-01,5.141,5.141,5.141,5.141,0.0
2012-10-02,5.125,5.125,5.125,5.125,0.0
2012-10-03,5.103,5.103,5.103,5.103,0.0
2012-10-04,5.114,5.114,5.114,5.114,0.0
2012-10-05,5.157,5.157,5.157,5.157,0.0
2012-10-08,5.196,5.196,5.196,5.196,0.0
2012-10-09,5.202,5.202,5.202,5.202,0.0
2012-10-10,5.186,5.186,5.186,5.186,0.0
2012-10-11,5.214,5.214,5.214,5.214,0.0
2012-10-12,5.175,5.175,5.175,5.175,0.0
2012-10-15,5.141,5.141,5.141,5.141,0.0
2012-10-16,5.147,5.147,5.147,5.147,0.0
2012-10-17,5.195,5.195,5.195,5.195,0.0
2012-10-18,5.185,5.185,5.185,5.185,0.0
2012-10-19,5.18,5.18,5.18,5.18,0.0
2012-10-22,5.158,5.158,5.158,5.158,0.0
2012-10-23,5.195,5.195,5.195,5.195,0.0
2012-10-24,5.182,5.182,5.182,5.182,0.0
2012-10-25,5.212,5.212,5.212,5.212,0.0
2012-10-26,5.203,5.203,5.203,5.203,0.0
2012-10-29,5.272,5.272,5.272,5.272,0.0
2012-10-30,5.203,5.203,5.203,5.203,0.0
2012-10-31,5.201,5.201,5.201,5.201,100.0
2012-11-01,5.208,5.208,5.208,5.208,0.0
2012-11-02,5.107,5.107,5.107,5.107,0.0
2012-11-05,5.079,5.079,5.079,5.079,0.0
2012-11-06,5.128,5.128,5.128,5.128,0.0
2012-11-07,5.104,5.104,5.104,5.104,0.0
2012-11-08,5.147,5.147,5.147,5.147,0.0
2012-11-09,5.086,5.086,5.086,5.086,0.0
2012-11-12,5.136,5.136,5.136,5.136,0.0
2012-11-13,5.175,5.175,5.175,5.175,0.0
2012-11-14,5.149,5.149,5.149,5.149,0.0
2012-11-15,5.081,5.081,5.081,5.081,0.0
2012-11-16,5.084,5.084,5.084,5.084,0.0
2012-11-19,5.049,5.049,5.049,5.049,0.0
2012-11-20,5.09,5.09,5.09,5.09,0.0
2012-11-21,5.094,5.094,5.094,5.094,0.0
2012-11-23,5.081,5.081,5.081,5.081,0.0
2012-11-26,5.043,5.043,5.043,5.043,0.0
2012-11-27,5.075,5.075,5.075,5.075,0.0
2012-11-28,5.057,5.057,5.057,5.057,0.0
2012-11-29,4.97,4.97,4.97,4.97,0.0
2012-11-30,4.946,4.946,4.946,4.946,0.0
2012-12-03,4.98,4.98,4.98,4.98,0.0
2012-12-04,4.955,4.955,4.955,4.955,0.0
2012-12-05,5.025,5.025,5.025,5.025,0.0
2012-12-06,5.012,5.012,5.012,5.012,0.0
2012-12-07,4.989,4.989,4.989,4.989,0.0
2012-12-10,4.976,4.976,4.976,4.976,2.0
2012-12-11,4.949,4.949,4.949,4.949,0.0
2012-12-12,4.943,4.943,4.943,4.943,0.0
2012-12-13,4.95,4.95,4.95,4.95,0.0
2012-12-14,4.98,4.98,4.946,4.946,1.0
2012-12-17,4.987,4.987,4.987,4.987,0.0
2012-12-18,5.088,5.088,5.088,5.088,0.0
2012-12-19,5.058,5.058,5.058,5.058,0.0
2012-12-20,5.129,5.129,5.129,5.129,0.0
2012-12-21,5.111,5.111,5.111,5.111,0.0
2012-12-24,5.074,5.074,5.074,5.074,0.0
2012-12-26,5.094,5.094,5.094,5.094,0.0
2012-12-27,5.077,5.077,5.077,5.077,0.0
2012-12-28,5.079,5.079,5.079,5.079,0.0
2012-12-31,5.036,5.036,5.036,5.036,0.0
2013-01-02,5.0,5.0,5.0,5.0,0.0
2013-01-03,4.99,4.99,4.99,4.99,0.0
2013-01-04,5.033,5.033,5.033,5.033,0.0
2013-01-07,5.024,5.024,5.024,5.024,0.0
2013-01-08,5.024,5.024,5.002,5.002,1.0
2013-01-09,4.972,4.972,4.972,4.972,0.0
2013-01-10,4.994,4.994,4.994,4.994,0.0
2013-01-11,4.976,4.976,4.976,4.976,0.0
2013-01-14,4.963,4.963,4.963,4.963,0.0
2013-01-15,4.97,4.97,4.97,4.97,0.0
2013-01-16,4.977,4.977,4.977,4.977,0.0
2013-01-17,4.976,4.976,4.976,4.976,0.0
2013-01-18,5.007,5.007,5.007,5.007,0.0
2013-01-22,5.003,5.003,5.003,5.003,0.0
2013-01-23,5.038,5.038,5.038,5.038,0.0
2013-01-24,5.009,5.009,5.009,5.009,0.0
2013-01-25,5.033,5.033,5.033,5.033,0.0
2013-01-28,4.973,4.973,4.973,4.973,0.0
2013-01-29,4.944,4.944,4.944,4.944,0.0
2013-01-30,4.968,4.968,4.968,4.968,0.0
2013-01-31,4.959,4.959,4.959,4.959,0.0
2013-02-01,4.912,4.912,4.912,4.912,0.0
2013-02-04,4.932,4.932,4.932,4.932,0.0
2013-02-05,4.969,4.969,4.969,4.969,0.0
2013-02-06,4.969,4.969,4.969,4.969,0.0
2013-02-07,4.933,4.933,4.933,4.933,0.0
2013-02-08,4.968,4.968,4.968,4.968,0.0
2013-02-11,4.986,4.986,4.986,4.986,0.0
2013-02-12,4.979,4.979,4.979,4.979,0.0
2013-02-13,5.013,5.013,5.013,5.013,0.0
2013-02-14,4.982,4.982,4.982,4.982,0.0
2013-02-15,4.963,4.963,4.963,4.963,0.0
2013-02-19,5.009,5.009,5.009,5.009,0.0
2013-02-20,4.987,4.987,4.987,4.987,0.0
2013-02-21,4.96,4.96,4.96,4.96,0.0
2013-02-22,4.957,4.957,4.957,4.957,0.0
2013-02-25,4.975,4.975,4.975,4.975,0.0
2013-02-26,4.962,4.962,4.962,4.962,0.0
2013-02-27,4.955,4.955,4.955,4.955,0.0
2013-02-28,4.976,4.976,4.976,4.976,0.0
2013-03-01,4.979,4.979,4.979,4.979,0.0
2013-03-04,5.015,5.015,5.015,5.015,0.0
2013-03-05,5.007,5.007,5.007,5.007,0.0
2013-03-06,4.985,4.985,4.985,4.985,0.0
2013-03-07,5.015,5.015,5.015,5.015,0.0
2013-03-08,5.011,5.011,5.011,5.011,0.0
2013-03-11,5.004,5.004,5.004,5.004,0.0
2013-03-12,4.977,4.977,4.977,4.977,0.0
2013-03-13,4.982,4.982,4.982,4.982,0.0
2013-03-14,4.974,4.974,4.974,4.974,0.0
2013-03-15,4.982,4.982,4.982,4.982,0.0
2013-03-18,4.967,4.967,4.967,4.967,0.0
2013-03-19,4.999,4.999,4.999,4.999,0.0
2013-03-20,4.988,4.988,4.988,4.988,0.0
2013-03-21,4.94,4.94,4.94,4.94,0.0
2013-03-22,4.932,4.932,4.932,4.932,0.0
2013-03-25,4.898,4.898,4.898,4.898,0.0
2013-03-26,4.925,4.925,4.925,4.925,0.0
2013-03-27,4.919,4.919,4.919,4.919,0.0
2013-03-28,4.894,4.894,4.894,4.894,0.0
2013-04-01,4.888,4.888,4.888,4.888,0.0
2013-04-02,4.869,4.869,4.869,4.869,0.0
2013-04-03,4.879,4.879,4.879,4.879,0.0
2013-04-04,4.891,4.891,4.891,4.891,0.0
2013-04-05,4.868,4.868,4.868,4.868,0.0
2013-04-08,4.814,4.814,4.814,4.814,0.0
2013-04-09,4.71,4.71,4.71,4.71,0.0
2013-04-10,4.668,4.668,4.668,4.668,0.0
2013-04-11,4.727,4.727,4.727,4.727,0.0
2013-04-12,4.85,4.85,4.85,4.85,0.0
2013-04-15,4.855,4.855,4.855,4.855,0.0
2013-04-16,4.91,4.91,4.91,4.91,0.0
2013-04-17,4.914,4.914,4.914,4.914,0.0
2013-04-18,4.911,4.911,4.911,4.911,0.0
2013-04-19,4.9,4.923,4.9,4.923,1.0
2013-04-22,4.886,4.886,4.886,4.886,0.0
2013-04-23,4.869,4.869,4.869,4.869,0.0
2013-04-24,4.805,4.805,4.805,4.805,0.0
2013-04-25,4.784,4.784,4.784,4.784,0.0
2013-04-26,4.786,4.786,4.786,4.786,0.0
2013-04-29,4.808,4.808,4.808,4.808,0.0
2013-04-30,4.789,4.789,4.789,4.789,0.0
2013-05-01,4.774,4.774,4.774,4.774,0.0
2013-05-02,4.762,4.762,4.762,4.762,0.0
2013-05-03,4.798,4.798,4.798,4.798,0.0
2013-05-06,4.849,4.849,4.849,4.849,0.0
2013-05-07,4.842,4.842,4.842,4.842,0.0
2013-05-08,4.821,4.821,4.821,4.821,0.0
2013-05-09,4.813,4.813,4.813,4.813,0.0
2013-05-10,4.797,4.797,4.797,4.797,100.0
2013-05-13,4.807,4.807,4.807,4.807,0.0
2013-05-14,4.838,4.838,4.838,4.838,0.0
2013-05-15,4.805,4.805,4.805,4.805,50.0
2013-05-16,4.802,4.802,4.802,4.802,0.0
2013-05-17,4.954,4.954,4.954,4.954,0.0
2013-05-20,5.063,5.063,5.063,5.063,0.0
2013-05-21,5.105,5.105,5.105,5.105,0.0
2013-05-22,5.137,5.137,5.137,5.137,0.0
2013-05-23,5.135,5.135,5.135,5.135,0.0
2013-05-24,5.126,5.126,5.126,5.126,0.0
2013-05-28,5.115,5.115,5.115,5.115,0.0
2013-05-29,5.106,5.106,5.106,5.106,0.0
2013-05-30,5.066,5.066,5.066,5.066,0.0
2013-05-31,5.072,5.072,5.072,5.072,0.0
2013-06-03,5.082,5.082,5.081,5.081,3.0
2013-06-04,5.057,5.057,5.057,5.057,0.0
2013-06-05,5.029,5.029,5.029,5.029,0.0
2013-06-06,4.971,4.971,4.971,4.971,0.0
2013-06-07,4.978,4.978,4.978,4.978,0.0
2013-06-10,4.962,4.962,4.962,4.962,0.0
2013-06-11,4.887,4.887,4.887,4.887,0.0
2013-06-12,4.871,4.871,4.871,4.871,0.0
2013-06-13,4.89,4.89,4.89,4.89,0.0
2013-06-14,4.865,4.865,4.865,4.865,0.0
2013-06-17,4.906,4.906,4.906,4.906,0.0
2013-06-18,4.949,4.949,4.949,4.949,0.0
2013-06-19,4.931,4.931,4.931,4.931,0.0
2013-06-20,4.883,4.883,4.883,4.883,0.0
2013-06-21,4.862,4.862,4.862,4.862,0.0
2013-06-24,4.948,4.948,4.948,4.948,0.0
2013-06-25,4.975,4.975,4.975,4.975,0.0
2013-06-26,5.022,5.022,5.022,5.022,0.0
2013-06-27,5.04,5.04,4.981,4.981,1.0
2013-06-28,5.006,5.006,5.006,5.006,0.0
2013-07-01,4.936,4.936,4.936,4.936,0.0
2013-07-02,4.935,4.971,4.935,4.971,20.0
2013-07-03,4.92,4.993,4.92,4.993,5.0
2013-07-05,4.952,4.952,4.952,4.952,0.0
2013-07-08,4.995,4.995,4.995,4.995,0.0
2013-07-09,4.942,4.942,4.942,4.942,0.0
2013-07-10,4.932,4.932,4.932,4.932,0.0
2013-07-11,4.926,4.926,4.926,4.926,0.0
2013-07-12,4.928,4.928,4.928,4.928,0.0
2013-07-15,4.949,4.949,4.949,4.949,6.0
2013-07-16,4.95,4.95,4.95,4.95,0.0
2013-07-17,4.947,4.947,4.947,4.947,0.0
2013-07-18,4.908,4.908,4.908,4.908,0.0
2013-07-19,4.865,4.865,4.865,4.865,0.0
2013-07-22,4.841,4.841,4.841,4.841,0.0
2013-07-23,4.817,4.817,4.817,4.817,1.0
2013-07-24,4.82,4.836,4.82,4.836,10.0
2013-07-25,4.84,4.854,4.84,4.854,10.0
2013-07-26,4.821,4.821,4.821,4.821,50.0
2013-07-29,4.821,4.821,4.821,4.821,10.0
2013-07-30,4.788,4.788,4.788,4.788,0.0
2013-07-31,4.806,4.806,4.806,4.806,0.0
2013-08-01,4.797,4.797,4.797,4.797,25.0
2013-08-02,4.782,4.782,4.782,4.782,0.0
2013-08-05,4.787,4.787,4.787,4.787,0.0
2013-08-06,4.767,4.767,4.767,4.767,0.0
2013-08-07,4.755,4.755,4.755,4.755,0.0
2013-08-08,4.769,4.769,4.769,4.769,0.0
2013-08-09,4.732,4.732,4.732,4.732,0.0
2013-08-12,4.717,4.717,4.717,4.717,0.0
2013-08-13,4.712,4.712,4.712,4.712,0.0
2013-08-14,4.695,4.695,4.695,4.695,0.0
2013-08-15,4.731,4.731,4.731,4.731,0.0
2013-08-16,4.71,4.71,4.71,4.71,0.0
2013-08-19,4.724,4.724,4.724,4.724,1.0
2013-08-20,4.74,4.74,4.709,4.709,1.0
2013-08-21,4.687,4.687,4.687,4.687,5.0
2013-08-22,4.724,4.724,4.724,4.724,0.0
2013-08-23,4.692,4.692,4.692,4.692,0.0
2013-08-26,4.687,4.687,4.687,4.687,0.0
2013-08-27,4.684,4.684,4.684,4.684,0.0
2013-08-28,4.683,4.683,4.683,4.683,0.0
2013-08-29,4.693,4.693,4.693,4.693,0.0
2013-08-30,4.705,4.705,4.705,4.705,0.0
2013-09-03,4.7,4.714,4.7,4.714,25.0
2013-09-04,4.696,4.696,4.696,4.696,0.0
2013-09-05,4.657,4.657,4.657,4.657,0.0
2013-09-06,4.644,4.644,4.644,4.644,0.0
2013-09-09,4.665,4.665,4.64,4.64,1.0
2013-09-10,4.642,4.642,4.642,4.642,0.0
2013-09-11,4.635,4.635,4.635,4.635,0.0
2013-09-12,4.622,4.622,4.622,4.622,0.0
2013-09-13,4.645,4.645,4.645,4.645,0.0
2013-09-16,4.647,4.647,4.647,4.647,0.0
2013-09-17,4.624,4.624,4.624,4.624,0.0
2013-09-18,4.7,4.7,4.659,4.659,4.0
2013-09-19,4.691,4.691,4.691,4.691,0.0
2013-09-20,4.677,4.677,4.677,4.677,0.0
2013-09-23,4.634,4.634,4.634,4.634,0.0
2013-09-24,4.614,4.623,4.599,4.599,10.0
2013-09-25,4.594,4.594,4.594,4.594,0.0
2013-09-26,4.66,4.66,4.66,4.66,0.0
2013-09-27,4.67,4.67,4.67,4.67,0.0
2013-09-30,4.62,4.62,4.62,4.62,1.0
2013-10-01,4.64,4.64,4.64,4.64,0.0
2013-10-02,4.599,4.599,4.599,4.599,0.0
2013-10-03,4.59,4.59,4.59,4.59,0.0
2013-10-04,4.607,4.607,4.607,4.607,0.0
2013-10-07,4.633,4.633,4.633,4.633,0.0
2013-10-08,4.652,4.652,4.652,4.652,0.0
2013-10-09,4.64,4.64,4.64,4.64,0.0
2013-10-10,4.645,4.645,4.645,4.645,0.0
2013-10-11,4.631,4.631,4.631,4.631,0.0
2013-10-14,4.648,4.648,4.648,4.648,0.0
2013-10-15,4.625,4.625,4.625,4.625,0.0
2013-10-16,4.597,4.597,4.597,4.597,0.0
2013-10-17,4.615,4.615,4.615,4.615,0.0
2013-10-18,4.626,4.626,4.626,4.626,0.0
2013-10-21,4.606,4.606,4.606,4.606,0.0
2013-10-22,4.58,4.58,4.58,4.58,0.0
2013-10-23,4.586,4.586,4.586,4.586,0.0
2013-10-24,4.608,4.608,4.608,4.608,0.0
2013-10-25,4.639,4.639,4.639,4.639,0.0
2013-10-28,4.577,4.577,4.577,4.577,0.0
2013-10-29,4.578,4.578,4.578,4.578,0.0
2013-10-30,4.564,4.564,4.564,4.564,0.0
2013-10-31,4.523,4.523,4.523,4.523,40.0
2013-11-01,4.478,4.478,4.478,4.478,0.0
2013-11-04,4.444,4.444,4.444,4.444,0.0
2013-11-05,4.45,4.45,4.45,4.45,0.0
2013-11-06,4.455,4.455,4.455,4.455,0.0
2013-11-07,4.442,4.442,4.442,4.442,50.0
2013-11-08,4.452,4.452,4.452,4.452,0.0
2013-11-11,4.463,4.463,4.463,4.463,4.0
2013-11-12,4.45,4.45,4.45,4.45,0.0
2013-11-13,4.434,4.434,4.434,4.434,0.0
2013-11-14,4.436,4.436,4.436,4.436,0.0
2013-11-15,4.423,4.423,4.423,4.423,0.0
2013-11-18,4.427,4.427,4.427,4.427,0.0
2013-11-19,4.386,4.386,4.386,4.386,0.0
2013-11-20,4.429,4.429,4.429,4.429,0.0
2013-11-21,4.421,4.421,4.421,4.421,0.0
2013-11-22,4.432,4.432,4.432,4.432,0.0
2013-11-25,4.443,4.443,4.443,4.443,0.0
2013-11-26,4.45,4.45,4.45,4.45,0.0
2013-11-27,4.445,4.447,4.445,4.447,5.0
2013-11-29,4.453,4.453,4.453,4.453,0.0
2013-12-02,4.511,4.511,4.511,4.511,0.0
2013-12-03,4.55,4.55,4.542,4.542,5.0
2013-12-04,4.582,4.582,4.582,4.582,175.0
2013-12-05,4.58,4.58,4.55,4.579,25.0
2013-12-06,4.585,4.585,4.585,4.585,35.0
2013-12-09,4.574,4.574,4.574,4.574,4.0
2013-12-10,4.549,4.549,4.549,4.549,2.0
2013-12-11,4.524,4.524,4.524,4.524,0.0
2013-12-12,4.45,4.471,4.45,4.471,5.0
2013-12-13,4.473,4.473,4.473,4.473,0.0
2013-12-16,4.52,4.52,4.52,4.52,0.0
2013-12-17,4.49,4.49,4.485,4.485,1.0
2013-12-18,4.452,4.452,4.452,4.452,0.0
2013-12-19,4.473,4.473,4.473,4.473,0.0
2013-12-20,4.42,4.42,4.42,4.42,0.0
2013-12-23,4.405,4.405,4.405,4.405,0.0
2013-12-24,4.432,4.432,4.432,4.432,0.0
2013-12-26,4.429,4.429,4.429,4.429,0.0
2013-12-27,4.441,4.441,4.441,4.441,0.0
2013-12-30,4.425,4.425,4.425,4.425,1.0
2013-12-31,4.428,4.428,4.428,4.428,0.0
2014-01-02,4.443,4.443,4.443,4.443,0.0
2014-01-03,4.458,4.458,4.458,4.458,50.0
2014-01-06,4.468,4.468,4.468,4.468,0.0
2014-01-07,4.469,4.469,4.469,4.469,0.0
2014-01-08,4.418,4.418,4.418,4.418,0.0
2014-01-09,4.364,4.364,4.364,4.364,0.0
2014-01-10,4.394,4.394,4.394,4.394,0.0
2014-01-13,4.413,4.413,4.413,4.413,35.0
2014-01-14,4.41,4.41,4.41,4.41,0.0
2014-01-15,4.41,4.412,4.41,4.412,1.0
2014-01-16,4.404,4.404,4.404,4.404,0.0
2014-01-17,4.394,4.394,4.394,4.394,0.0
2014-01-21,4.437,4.437,4.437,4.437,0.0
2014-01-22,4.437,4.437,4.437,4.437,0.0
2014-01-23,4.431,4.431,4.431,4.431,0.0
2014-01-24,4.414,4.414,4.414,4.414,0.0
2014-01-27,4.468,4.468,4.468,4.468,0.0
2014-01-28,4.441,4.441,4.441,4.441,0.0
2014-01-29,4.438,4.438,4.438,4.438,0.0
2014-01-30,4.411,4.411,4.411,4.411,0.0
2014-01-31,4.416,4.416,4.416,4.416,0.0
2014-02-03,4.457,4.457,4.457,4.457,0.0
2014-02-04,4.466,4.466,4.466,4.466,35.0
2014-02-05,4.44,4.44,4.44,4.44,0.0
2014-02-06,4.415,4.415,4.415,4.415,0.0
2014-02-07,4.407,4.407,4.407,4.407,0.0
2014-02-10,4.394,4.394,4.394,4.394,0.0
2014-02-11,4.369,4.369,4.369,4.369,0.0
2014-02-12,4.36,4.36,4.36,4.36,0.0
2014-02-13,4.363,4.363,4.363,4.363,30.0
2014-02-14,4.383,4.383,4.383,4.383,0.0
2014-02-18,4.401,4.401,4.401,4.401,0.0
2014-02-19,4.416,4.416,4.416,4.416,0.0
2014-02-20,4.444,4.444,4.444,4.444,0.0
2014-02-21,4.466,4.466,4.466,4.466,0.0
2014-02-24,4.478,4.478,4.478,4.478,0.0
2014-02-25,4.492,4.492,4.492,4.492,0.0
2014-02-26,4.499,4.499,4.499,4.499,0.0
2014-02-27,4.446,4.446,4.446,4.446,0.0
2014-02-28,4.456,4.456,4.456,4.456,0.0
2014-03-03,4.454,4.454,4.454,4.454,0.0
2014-03-04,4.47,4.47,4.47,4.47,0.0
2014-03-05,4.5,4.5,4.488,4.488,1.0
2014-03-06,4.554,4.554,4.554,4.554,10.0
2014-03-07,4.542,4.542,4.542,4.542,10.0
2014-03-10,4.557,4.557,4.557,4.557,0.0
2014-03-11,4.58,4.58,4.577,4.577,1.0
2014-03-12,4.564,4.564,4.564,4.564,0.0
2014-03-13,4.564,4.564,4.564,4.564,4.0
2014-03-14,4.594,4.594,4.594,4.594,5.0
2014-03-17,4.576,4.576,4.576,4.576,0.0
2014-03-18,4.536,4.536,4.536,4.536,0.0
2014-03-19,4.562,4.562,4.562,4.562,0.0
2014-03-20,4.564,4.564,4.564,4.564,25.0
2014-03-21,4.554,4.554,4.554,4.554,0.0
2014-03-24,4.558,4.558,4.558,4.558,25.0
2014-03-25,4.581,4.581,4.581,4.581,0.0
2014-03-26,4.582,4.592,4.582,4.592,3.0
2014-03-27,4.589,4.589,4.589,4.589,2.0
2014-03-28,4.566,4.566,4.566,4.566,0.0
2014-03-31,4.561,4.561,4.561,4.561,0.0
2014-04-01,4.52,4.52,4.52,4.52,0.0
2014-04-02,4.543,4.543,4.543,4.543,0.0
2014-04-03,4.584,4.584,4.584,4.584,0.0
2014-04-04,4.583,4.583,4.583,4.583,0.0
2014-04-07,4.595,4.595,4.595,4.595,0.0
2014-04-08,4.613,4.613,4.613,4.613,0.0
2014-04-09,4.639,4.639,4.639,4.639,0.0
2014-04-10,4.657,4.657,4.657,4.657,0.0
2014-04-11,4.66,4.66,4.66,4.66,0.0
2014-04-14,4.653,4.653,4.653,4.653,0.0
2014-04-15,4.65,4.65,4.65,4.65,0.0
2014-04-16,4.655,4.655,4.655,4.655,0.0
2014-04-17,4.656,4.656,4.656,4.656,0.0
2014-04-21,4.643,4.643,4.643,4.643,0.0
2014-04-22,4.651,4.651,4.651,4.651,0.0
2014-04-23,4.644,4.644,4.644,4.644,0.0
2014-04-24,4.673,4.673,4.673,4.673,0.0
2014-04-25,4.662,4.662,4.662,4.662,0.0
2014-04-28,4.681,4.681,4.681,4.681,0.0
2014-04-29,4.749,4.749,4.749,4.749,0.0
2014-04-30,4.751,4.751,4.751,4.751,0.0
2014-05-01,4.755,4.755,4.755,4.755,0.0
2014-05-02,4.752,4.752,4.752,4.752,0.0
2014-05-05,4.748,4.748,4.748,4.748,0.0
2014-05-06,4.764,4.764,4.764,4.764,0.0
2014-05-07,4.767,4.767,4.767,4.767,0.0
2014-05-08,4.75,4.75,4.75,4.75,0.0
2014-05-09,4.748,4.748,4.748,4.748,0.0
2014-05-12,4.718,4.718,4.718,4.718,0.0
2014-05-13,4.703,4.703,4.703,4.703,0.0
2014-05-14,4.745,4.745,4.736,4.736,2.0
2014-05-15,4.734,4.734,4.734,4.734,0.0
2014-05-16,4.714,4.714,4.714,4.714,0.0
2014-05-19,4.715,4.715,4.715,4.715,0.0
2014-05-20,4.725,4.725,4.725,4.725,0.0
2014-05-21,4.724,4.724,4.724,4.724,0.0
2014-05-22,4.73,4.73,4.701,4.701,1.0
2014-05-23,4.729,4.729,4.729,4.729,0.0
2014-05-27,4.762,4.762,4.762,4.762,0.0
2014-05-28,4.758,4.758,4.758,4.758,0.0
2014-05-29,4.751,4.751,4.751,4.751,0.0
2014-05-30,4.742,4.742,4.742,4.742,0.0
2014-06-02,4.779,4.779,4.779,4.779,0.0
2014-06-03,4.762,4.762,4.762,4.762,0.0
2014-06-04,4.757,4.757,4.757,4.757,0.0
2014-06-05,4.776,4.776,4.776,4.776,0.0
2014-06-06,4.79,4.79,4.79,4.79,0.0
2014-06-09,4.765,4.765,4.765,4.765,0.0
2014-06-10,4.803,4.803,4.803,4.803,0.0
2014-06-11,4.802,4.802,4.802,4.802,0.0
2014-06-12,4.822,4.822,4.822,4.822,0.0
2014-06-13,4.843,4.843,4.843,4.843,0.0
2014-06-16,4.84,4.84,4.84,4.84,0.0
2014-06-17,4.86,4.86,4.86,4.86,0.0
2014-06-18,4.854,4.854,4.854,4.854,0.0
2014-06-19,4.838,4.838,4.838,4.838,0.0
2014-06-20,4.801,4.801,4.801,4.801,0.0
2014-06-23,4.771,4.771,4.771,4.771,50.0
2014-06-24,4.774,4.774,4.774,4.774,0.0
2014-06-25,4.79,4.79,4.79,4.79,0.0
2014-06-26,4.729,4.729,4.729,4.729,0.0
2014-06-27,4.732,4.732,4.732,4.732,0.0
2014-06-30,4.753,4.753,4.753,4.753,0.0
2014-07-01,4.769,4.769,4.769,4.769,0.0
2014-07-02,4.736,4.736,4.736,4.736,0.0
2014-07-03,4.735,4.735,4.735,4.735,0.0
2014-07-07,4.704,4.704,4.704,4.704,0.0
2014-07-08,4.682,4.682,4.682,4.682,0.0
2014-07-09,4.664,4.664,4.664,4.664,0.0
2014-07-10,4.64,4.64,4.64,4.64,0.0
2014-07-11,4.644,4.644,4.644,4.644,0.0
2014-07-14,4.638,4.638,4.638,4.638,0.0
2014-07-15,4.634,4.634,4.634,4.634,0.0
2014-07-16,4.55,4.649,4.55,4.649,56.0
2014-07-17,4.65,4.65,4.607,4.607,12.0
2014-07-18,4.634,4.634,4.634,4.634,0.0
2014-07-21,4.612,4.612,4.612,4.612,0.0
2014-07-22,4.55,4.601,4.55,4.577,8.0
2014-07-23,4.57,4.58,4.554,4.554,9.0
2014-07-24,4.561,4.561,4.561,4.561,0.0
2014-07-25,4.548,4.548,4.548,4.548,50.0
2014-07-28,4.537,4.537,4.537,4.537,0.0
2014-07-29,4.532,4.532,4.532,4.532,0.0
2014-07-30,4.533,4.533,4.533,4.533,0.0
2014-07-31,4.559,4.559,4.559,4.559,0.0
2014-08-01,4.561,4.561,4.561,4.561,0.0
2014-08-04,4.568,4.568,4.568,4.568,0.0
2014-08-05,4.576,4.576,4.576,4.576,0.0
2014-08-06,4.591,4.591,4.591,4.591,0.0
2014-08-07,4.587,4.587,4.587,4.587,0.0
2014-08-08,4.606,4.606,4.606,4.606,0.0
2014-08-11,4.59,4.59,4.59,4.59,0.0
2014-08-12,4.587,4.587,4.587,4.587,0.0
2014-08-13,4.557,4.557,4.557,4.557,0.0
2014-08-14,4.575,4.575,4.575,4.575,0.0
2014-08-15,4.541,4.541,4.541,4.541,0.0
2014-08-18,4.541,4.542,4.535,4.536,6.0
2014-08-19,4.549,4.549,4.549,4.549,0.0
2014-08-20,4.539,4.539,4.539,4.539,0.0
2014-08-21,4.55,4.551,4.55,4.551,25.0
2014-08-22,4.541,4.541,4.541,4.541,0.0
2014-08-25,4.559,4.559,4.559,4.559,0.0
2014-08-26,4.548,4.548,4.548,4.548,0.0
2014-08-27,4.55,4.57,4.549,4.57,6.0
2014-08-28,4.551,4.571,4.55,4.571,152.0
2014-08-29,4.568,4.568,4.568,4.568,0.0
2014-09-02,4.53,4.53,4.53,4.53,0.0
2014-09-03,4.534,4.534,4.534,4.534,0.0
2014-09-04,4.539,4.539,4.539,4.539,0.0
2014-09-05,4.527,4.527,4.527,4.527,0.0
2014-09-08,4.537,4.537,4.537,4.537,0.0
2014-09-09,4.541,4.541,4.541,4.541,0.0
2014-09-10,4.551,4.565,4.551,4.565,2.0
2014-09-11,4.551,4.551,4.551,4.551,0.0
2014-09-12,4.545,4.545,4.545,4.545,0.0
2014-09-15,4.562,4.562,4.562,4.562,0.0
2014-09-16,4.575,4.575,4.575,4.575,0.0
2014-09-17,4.578,4.578,4.578,4.578,0.0
2014-09-18,4.559,4.559,4.559,4.559,0.0
2014-09-19,4.552,4.552,4.552,4.552,0.0
2014-09-22,4.555,4.555,4.555,4.555,0.0
2014-09-23,4.538,4.538,4.538,4.538,0.0
2014-09-24,4.561,4.561,4.561,4.561,0.0
2014-09-25,4.557,4.557,4.557,4.557,0.0
2014-09-26,4.548,4.548,4.548,4.548,0.0
2014-09-29,4.548,4.555,4.548,4.555,1.0
2014-09-30,4.54,4.54,4.54,4.54,0.0
2014-10-01,4.51,4.51,4.51,4.51,0.0
2014-10-02,4.505,4.505,4.505,4.505,0.0
2014-10-03,4.493,4.493,4.493,4.493,0.0
2014-10-06,4.473,4.473,4.473,4.473,0.0
2014-10-07,4.471,4.471,4.471,4.471,0.0
2014-10-08,4.457,4.457,4.457,4.457,0.0
2014-10-09,4.467,4.467,4.467,4.467,0.0
2014-10-10,4.457,4.457,4.457,4.457,8.0
2014-10-13,4.467,4.467,4.467,4.467,0.0
2014-10-14,4.457,4.457,4.457,4.457,2.0
2014-10-15,4.452,4.452,4.452,4.452,0.0
2014-10-16,4.449,4.449,4.449,4.449,0.0
2014-10-17,4.457,4.457,4.457,4.457,0.0
2014-10-20,4.432,4.432,4.432,4.432,0.0
2014-10-21,4.424,4.424,4.424,4.424,8.0
2014-10-22,4.404,4.404,4.404,4.404,0.0
2014-10-23,4.396,4.396,4.396,4.396,0.0
2014-10-24,4.381,4.381,4.381,4.381,0.0
2014-10-27,4.365,4.365,4.365,4.365,0.0
2014-10-28,4.376,4.376,4.376,4.376,40.0
2014-10-29,4.382,4.382,4.382,4.382,8.0
2014-10-30,4.388,4.388,4.388,4.388,0.0
2014-10-31,4.393,4.393,4.393,4.393,0.0
2014-11-03,4.409,4.409,4.409,4.409,0.0
2014-11-04,4.404,4.404,4.404,4.404,0.0
2014-11-05,4.375,4.375,4.375,4.375,0.0
2014-11-06,4.351,4.351,4.351,4.351,0.0
2014-11-07,4.347,4.347,4.347,4.347,0.0
2014-11-10,4.336,4.336,4.336,4.336,0.0
2014-11-11,4.357,4.357,4.357,4.357,0.0
2014-11-12,4.367,4.367,4.367,4.367,0.0
2014-11-13,4.327,4.327,4.327,4.327,0.0
2014-11-14,4.355,4.355,4.355,4.355,0.0
2014-11-17,4.372,4.372,4.372,4.372,0.0
2014-11-18,4.349,4.349,4.349,4.349,0.0
2014-11-19,4.34,4.34,4.34,4.34,0.0
2014-11-20,4.337,4.337,4.337,4.337,0.0
2014-11-21,4.328,4.328,4.328,4.328,0.0
2014-11-24,4.375,4.375,4.375,4.375,0.0
2014-11-25,4.366,4.366,4.366,4.366,0.0
2014-11-26,4.38,4.38,4.35,4.35,1.0
2014-11-28,4.355,4.355,4.355,4.355,0.0
2014-12-01,4.393,4.393,4.393,4.393,0.0
2014-12-02,4.37,4.37,4.37,4.37,0.0
2014-12-03,4.347,4.347,4.347,4.347,0.0
2014-12-04,4.32,4.32,4.32,4.32,0.0
2014-12-05,4.37,4.37,4.37,4.37,0.0
2014-12-08,4.365,4.365,4.365,4.365,11.0
2014-12-09,4.387,4.387,4.387,4.387,0.0
2014-12-10,4.389,4.389,4.389,4.389,0.0
2014-12-11,4.367,4.367,4.367,4.367,0.0
2014-12-12,4.381,4.381,4.381,4.381,0.0
2014-12-15,4.35,4.35,4.35,4.35,0.0
2014-12-16,4.316,4.316,4.316,4.316,0.0
2014-12-17,4.343,4.343,4.343,4.343,161.0
2014-12-18,4.324,4.324,4.324,4.324,0.0
2014-12-19,4.27,4.27,4.27,4.27,0.0
2014-12-22,4.223,4.223,4.223,4.223,8.0
2014-12-23,4.216,4.216,4.216,4.216,0.0
2014-12-24,4.203,4.203,4.203,4.203,0.0
2014-12-26,4.2,4.2,4.2,4.2,0.0
2014-12-29,4.212,4.212,4.212,4.212,0.0
2014-12-30,4.189,4.189,4.189,4.189,0.0
2014-12-31,4.17,4.17,4.136,4.136,1.0
2015-01-02,4.126,4.126,4.126,4.126,0.0
2015-01-05,4.092,4.092,4.092,4.092,0.0
2015-01-06,4.064,4.064,4.064,4.064,0.0
2015-01-07,4.032,4.032,4.032,4.032,0.0
2015-01-08,4.0,4.035,4.0,4.035,1.0
2015-01-09,4.039,4.039,4.039,4.039,10.0
2015-01-12,3.977,3.977,3.977,3.977,0.0
2015-01-13,3.98,3.999,3.98,3.999,2.0
2015-01-14,3.977,3.977,3.977,3.977,10.0
2015-01-15,3.977,3.977,3.91,3.91,3.0
2015-01-16,3.89,3.913,3.87,3.913,29.0
2015-01-20,3.877,3.877,3.877,3.877,0.0
2015-01-21,3.92,3.92,3.918,3.918,6.0
2015-01-22,3.925,3.925,3.915,3.92,15.0
2015-01-23,3.95,3.95,3.925,3.933,14.0
2015-01-26,3.939,3.939,3.939,3.939,0.0
2015-01-27,3.94,3.952,3.94,3.952,1.0
2015-01-28,3.945,3.946,3.945,3.946,1.0
2015-01-29,3.945,3.945,3.916,3.916,2.0
2015-01-30,3.975,3.975,3.908,3.908,2.0
2015-02-02,3.873,3.873,3.873,3.873,0.0
2015-02-03,3.9,3.9,3.898,3.898,1.0
2015-02-04,3.884,3.884,3.884,3.884,0.0
2015-02-05,3.88,3.88,3.842,3.842,1.0
2015-02-06,3.872,3.872,3.872,3.872,0.0
2015-02-09,3.877,3.877,3.877,3.877,0.0
2015-02-10,3.901,3.901,3.901,3.901,0.0
2015-02-11,3.91,3.925,3.91,3.917,3.0
2015-02-12,3.943,3.943,3.917,3.918,3.0
2015-02-13,3.959,3.959,3.951,3.951,2.0
2015-02-17,3.951,3.951,3.895,3.895,1.0
2015-02-18,3.92,3.92,3.899,3.899,2.0
2015-02-19,3.873,3.873,3.873,3.873,0.0
2015-02-20,3.873,3.875,3.873,3.875,1.0
2015-02-23,3.844,3.844,3.844,3.844,20.0
2015-02-24,3.874,3.874,3.844,3.844,1.0
2015-02-25,3.85,3.85,3.85,3.85,10.0
2015-02-26,3.82,3.82,3.82,3.82,0.0
2015-02-27,3.835,3.835,3.821,3.821,1.0
2015-03-02,3.821,3.821,3.818,3.818,3.0
2015-03-03,3.821,3.827,3.818,3.827,4.0
2015-03-04,3.84,3.84,3.825,3.825,1.0
2015-03-05,3.822,3.822,3.822,3.822,0.0
2015-03-06,3.822,3.822,3.822,3.822,0.0
2015-03-09,3.787,3.787,3.777,3.777,2.0
2015-03-10,3.781,3.781,3.781,3.781,0.0
2015-03-11,3.79,3.79,3.784,3.784,1.0
2015-03-12,3.758,3.758,3.753,3.753,4.0
2015-03-13,3.75,3.75,3.749,3.749,3.0
2015-03-16,3.724,3.745,3.724,3.742,2.0
2015-03-17,3.75,3.75,3.75,3.75,0.0
2015-03-18,3.772,3.772,3.772,3.772,0.0
2015-03-19,3.757,3.757,3.757,3.757,0.0
2015-03-20,3.777,3.777,3.745,3.745,9.0
2015-03-23,3.746,3.746,3.746,3.746,0.0
2015-03-24,3.776,3.776,3.75,3.753,6.0
2015-03-25,3.743,3.748,3.716,3.716,2.0
2015-03-26,3.707,3.707,3.707,3.707,0.0
2015-03-27,3.682,3.682,3.682,3.682,122.0
2015-03-30,3.67,3.67,3.67,3.67,0.0
2015-03-31,3.682,3.682,3.682,3.682,0.0
2015-04-01,3.695,3.695,3.669,3.669,2.0
2015-04-02,3.704,3.704,3.704,3.704,0.0
2015-04-06,3.694,3.694,3.689,3.689,1.0
2015-04-07,3.706,3.706,3.706,3.706,0.0
2015-04-08,3.698,3.698,3.698,3.698,0.0
2015-04-09,3.691,3.691,3.691,3.691,0.0
2015-04-10,3.695,3.695,3.681,3.681,1.0
2015-04-13,3.67,3.67,3.67,3.67,0.0
2015-04-14,3.68,3.68,3.672,3.672,2.0
2015-04-15,3.71,3.71,3.698,3.698,1.0
2015-04-16,3.728,3.728,3.728,3.728,0.0
2015-04-17,3.723,3.723,3.708,3.708,1.0
2015-04-20,3.677,3.677,3.677,3.677,3.0
2015-04-21,3.69,3.69,3.69,3.69,0.0
2015-04-22,3.73,3.73,3.704,3.704,1.0
2015-04-23,3.666,3.666,3.666,3.666,0.0
2015-04-24,3.664,3.664,3.664,3.664,0.0
2015-04-27,3.66,3.66,3.644,3.644,1.0
2015-04-28,3.651,3.651,3.644,3.644,13.0
2015-04-29,3.659,3.659,3.659,3.659,0.0
2015-04-30,3.693,3.695,3.664,3.674,3.0
2015-05-01,3.684,3.684,3.684,3.684,0.0
2015-05-04,3.684,3.694,3.684,3.694,1.0
2015-05-05,3.693,3.693,3.69,3.69,1.0
2015-05-06,3.692,3.7,3.692,3.698,2.0
2015-05-07,3.696,3.696,3.696,3.696,0.0
2015-05-08,3.721,3.721,3.721,3.721,0.0
2015-05-11,3.699,3.699,3.688,3.688,1.0
2015-05-12,3.685,3.685,3.685,3.685,0.0
2015-05-13,3.692,3.692,3.692,3.692,0.0
2015-05-14,3.682,3.699,3.682,3.699,1.0
2015-05-15,3.685,3.685,3.685,3.685,0.0
2015-05-18,3.675,3.687,3.675,3.687,1.0
2015-05-19,3.685,3.685,3.68,3.68,1.0
2015-05-20,3.679,3.679,3.679,3.679,0.0
2015-05-21,3.674,3.674,3.674,3.674,0.0
2015-05-22,3.663,3.663,3.663,3.663,0.0
2015-05-26,3.664,3.664,3.664,3.664,0.0
2015-05-27,3.659,3.659,3.659,3.659,12.0
2015-05-28,3.645,3.655,3.644,3.644,2.0
2015-05-29,3.634,3.634,3.629,3.629,1.0
2015-06-01,3.63,3.63,3.63,3.63,0.0
2015-06-02,3.635,3.635,3.635,3.635,1.0
2015-06-03,3.63,3.63,3.618,3.618,1.0
2015-06-04,3.595,3.595,3.595,3.595,0.0
2015-06-05,3.566,3.566,3.566,3.566,0.0
2015-06-08,3.59,3.599,3.59,3.599,1.0
2015-06-09,3.63,3.63,3.63,3.63,0.0
2015-06-10,3.65,3.65,3.65,3.65,0.0
2015-06-11,3.65,3.651,3.65,3.651,1.0
2015-06-12,3.652,3.652,3.652,3.652,0.0
2015-06-15,3.667,3.667,3.667,3.667,0.0
2015-06-16,3.674,3.674,3.674,3.674,0.0
2015-06-17,3.677,3.677,3.669,3.669,1.0
2015-06-18,3.642,3.642,3.642,3.642,0.0
2015-06-19,3.665,3.665,3.662,3.662,1.0
2015-06-22,3.642,3.642,3.642,3.642,0.0
2015-06-23,3.651,3.651,3.651,3.651,40.0
2015-06-24,3.657,3.657,3.657,3.657,0.0
2015-06-25,3.665,3.665,3.665,3.665,0.0
2015-06-26,3.662,3.662,3.657,3.657,13.0
2015-06-29,3.668,3.668,3.667,3.667,1.0
2015-06-30,3.667,3.679,3.667,3.679,1.0
2015-07-01,3.677,3.677,3.677,3.677,0.0
2015-07-02,3.685,3.685,3.685,3.685,0.0
2015-07-06,3.641,3.641,3.641,3.641,10.0
2015-07-07,3.628,3.628,3.628,3.628,20.0
2015-07-08,3.641,3.641,3.641,3.641,0.0
2015-07-09,3.67,3.67,3.645,3.645,1.0
2015-07-10,3.663,3.663,3.663,3.663,3.0
2015-07-13,3.693,3.693,3.672,3.672,1.0
2015-07-14,3.658,3.658,3.658,3.658,0.0
2015-07-15,3.663,3.663,3.663,3.663,0.0
2015-07-16,3.64,3.64,3.64,3.64,10.0
2015-07-17,3.646,3.646,3.646,3.646,0.0
2015-07-20,3.635,3.635,3.635,3.635,0.0
2015-07-21,3.642,3.642,3.642,3.642,10.0
2015-07-22,3.645,3.645,3.645,3.645,0.0
2015-07-23,3.618,3.618,3.618,3.618,10.0
2015-07-24,3.606,3.606,3.606,3.606,10.0
2015-07-27,3.628,3.628,3.628,3.628,0.0
2015-07-28,3.635,3.635,3.627,3.627,1.0
2015-07-29,3.624,3.624,3.624,3.624,0.0
2015-07-30,3.604,3.604,3.604,3.604,20.0
2015-07-31,3.572,3.572,3.572,3.572,10.0
2015-08-03,3.55,3.55,3.55,3.55,10.0
2015-08-04,3.526,3.526,3.526,3.526,10.0
2015-08-05,3.528,3.528,3.528,3.528,10.0
2015-08-06,3.538,3.54,3.538,3.54,6.0
2015-08-07,3.537,3.537,3.537,3.537,0.0
2015-08-10,3.542,3.542,3.54,3.54,1.0
2015-08-11,3.52,3.531,3.52,3.531,2.0
2015-08-12,3.548,3.548,3.548,3.548,10.0
2015-08-13,3.525,3.525,3.52,3.522,2.0
2015-08-14,3.522,3.531,3.522,3.531,15.0
2015-08-17,3.514,3.517,3.514,3.517,1.0
2015-08-18,3.5,3.502,3.5,3.502,2.0
2015-08-19,3.49,3.49,3.485,3.485,1.0
2015-08-20,3.482,3.482,3.482,3.482,0.0
2015-08-21,3.447,3.447,3.447,3.447,0.0
2015-08-24,3.447,3.447,3.39,3.396,93.0
2015-08-25,3.366,3.366,3.366,3.366,113.0
2015-08-26,3.366,3.387,3.366,3.387,1.0
2015-08-27,3.387,3.401,3.387,3.401,2.0
2015-08-28,3.421,3.421,3.42,3.42,1.0
2015-08-31,3.414,3.414,3.414,3.414,0.0
2015-09-01,3.421,3.426,3.421,3.426,1.0
2015-09-02,3.415,3.415,3.41,3.411,4.0
2015-09-03,3.416,3.416,3.416,3.416,0.0
2015-09-04,3.413,3.413,3.413,3.413,0.0
2015-09-08,3.43,3.43,3.43,3.43,0.0
2015-09-09,3.435,3.44,3.435,3.44,4.0
2015-09-10,3.47,3.47,3.445,3.445,1.0
2015-09-11,3.43,3.43,3.416,3.416,2.0
2015-09-14,3.425,3.431,3.425,3.431,5.0
2015-09-15,3.439,3.439,3.439,3.439,2.0
2015-09-16,3.42,3.42,3.413,3.413,5.0
2015-09-17,3.39,3.39,3.39,3.39,9.0
2015-09-18,3.37,3.37,3.364,3.364,2.0
2015-09-21,3.355,3.355,3.355,3.355,0.0
2015-09-22,3.349,3.349,3.349,3.349,0.0
2015-09-23,3.349,3.349,3.349,3.349,0.0
2015-09-24,3.394,3.394,3.394,3.394,0.0
2015-09-25,3.351,3.351,3.351,3.351,0.0
2015-09-28,3.344,3.344,3.344,3.344,2.0
2015-09-29,3.319,3.319,3.319,3.319,1.0
2015-09-30,3.295,3.295,3.287,3.287,5.0
2015-10-01,3.263,3.263,3.242,3.242,2.0
2015-10-02,3.245,3.259,3.245,3.259,2.0
2015-10-05,3.281,3.281,3.281,3.281,2.0
2015-10-06,3.285,3.289,3.285,3.289,2.0
2015-10-07,3.29,3.29,3.29,3.29,3.0
2015-10-08,3.305,3.305,3.305,3.305,8.0
2015-10-09,3.305,3.305,3.298,3.298,3.0
2015-10-12,3.311,3.311,3.311,3.311,0.0
2015-10-13,3.311,3.311,3.311,3.311,0.0
2015-10-14,3.322,3.322,3.322,3.322,0.0
2015-10-15,3.297,3.297,3.297,3.297,0.0
2015-10-16,3.3,3.3,3.3,3.3,1.0
2015-10-19,3.308,3.308,3.308,3.308,1.0
2015-10-20,3.325,3.325,3.315,3.315,3.0
2015-10-21,3.287,3.296,3.287,3.296,7.0
2015-10-22,3.29,3.29,3.282,3.282,3.0
2015-10-23,3.242,3.242,3.242,3.242,1.0
2015-10-26,3.191,3.191,3.175,3.179,21.0
2015-10-27,3.179,3.179,3.179,3.179,0.0
2015-10-28,3.153,3.177,3.153,3.162,6.0
2015-10-29,3.187,3.187,3.132,3.132,26.0
2015-10-30,3.15,3.15,3.15,3.15,0.0
2015-11-02,3.18,3.201,3.142,3.142,32.0
2015-11-03,3.15,3.163,3.15,3.159,75.0
2015-11-04,3.159,3.164,3.159,3.164,1.0
2015-11-05,3.175,3.175,3.175,3.175,211.0
2015-11-06,3.179,3.179,3.179,3.179,0.0
2015-11-09,3.145,3.162,3.145,3.162,2.0
2015-11-10,3.185,3.185,3.185,3.185,0.0
2015-11-11,3.186,3.186,3.186,3.186,360.0
2015-11-12,3.181,3.192,3.181,3.192,1.0
2015-11-13,3.202,3.222,3.202,3.212,1.0
2015-11-16,3.237,3.242,3.217,3.217,1.0
2015-11-17,3.22,3.22,3.205,3.205,1.0
2015-11-18,3.16,3.16,3.155,3.159,9.0
2015-11-19,3.135,3.135,3.115,3.115,2.0
2015-11-20,3.1,3.1,3.063,3.063,4.0
2015-11-23,3.07,3.101,3.065,3.101,193.0
2015-11-24,3.07,3.118,3.07,3.118,4.0
2015-11-25,3.095,3.125,3.095,3.12,80.0
2015-11-27,3.14,3.14,3.09,3.104,23.0
2015-11-30,3.11,3.11,3.103,3.103,2.0
2015-12-01,3.1,3.101,3.1,3.101,205.0
2015-12-02,3.097,3.097,3.097,3.097,108.0
2015-12-03,3.092,3.092,3.092,3.092,2.0
2015-12-04,3.1,3.1,3.09,3.09,10.0
2015-12-07,3.095,3.095,3.067,3.067,6.0
2015-12-08,3.04,3.067,3.04,3.067,19.0
2015-12-09,3.073,3.073,3.073,3.073,0.0
2015-12-10,3.075,3.081,3.07,3.07,187.0
2015-12-11,3.05,3.09,3.05,3.065,7.0
2015-12-14,3.014,3.014,3.007,3.007,3.0
2015-12-15,2.975,2.975,2.975,2.975,99.0
2015-12-16,2.96,3.011,2.95,3.011,201.0
2015-12-17,3.011,3.028,3.011,3.028,32.0
2015-12-18,3.028,3.06,3.028,3.036,35.0
2015-12-21,3.057,3.057,3.057,3.057,4.0
2015-12-22,3.033,3.033,3.033,3.033,0.0
2015-12-23,3.046,3.046,3.046,3.046,0.0
2015-12-24,3.05,3.052,3.05,3.052,70.0
2015-12-28,3.105,3.109,3.105,3.109,18.0
2015-12-29,3.117,3.117,3.117,3.117,52.0
2015-12-30,3.12,3.12,3.059,3.059,2.0
2015-12-31,3.06,3.088,3.06,3.088,4.0
2016-01-04,3.074,3.074,3.074,3.074,2.0
2016-01-05,3.073,3.073,3.073,3.073,9.0
2016-01-06,3.084,3.084,3.084,3.084,1.0
2016-01-07,3.101,3.128,3.101,3.128,102.0
2016-01-08,3.128,3.147,3.125,3.147,88.0
2016-01-11,3.088,3.095,3.087,3.095,26.0
2016-01-12,3.08,3.08,3.044,3.044,16.0
2016-01-13,3.028,3.057,3.003,3.045,804.0
2016-01-14,3.03,3.03,3.006,3.006,21.0
2016-01-15,3.0,3.0,2.994,2.994,42.0
2016-01-19,3.014,3.041,3.005,3.005,22.0
2016-01-20,3.03,3.03,3.03,3.03,22.0
2016-01-21,3.043,3.055,3.041,3.041,7.0
2016-01-22,3.055,3.055,3.046,3.046,1.0
2016-01-25,3.053,3.053,3.049,3.049,457.0
2016-01-26,3.05,3.05,3.014,3.026,39.0
2016-01-27,3.045,3.045,3.005,3.023,9.0
2016-01-28,3.04,3.04,3.033,3.033,127.0
2016-01-29,3.065,3.065,2.985,3.053,100.0
2016-02-01,3.055,3.055,3.009,3.015,123.0
2016-02-02,2.965,2.987,2.958,2.987,82.0
2016-02-03,2.991,3.012,2.991,3.012,3.0
2016-02-04,3.025,3.025,3.025,3.025,61.0
2016-02-05,3.03,3.044,3.03,3.044,5.0
2016-02-08,3.055,3.056,2.985,3.019,63.0
2016-02-09,3.015,3.015,3.008,3.008,9.0
2016-02-10,2.991,2.999,2.965,2.977,39.0
2016-02-11,2.986,2.986,2.957,2.957,3.0
2016-02-12,2.957,2.957,2.92,2.93,3.0
2016-02-16,2.936,2.936,2.9,2.902,24.0
2016-02-17,2.91,2.911,2.89,2.902,104.0
2016-02-18,2.89,2.89,2.869,2.869,6.0
2016-02-19,2.83,2.83,2.818,2.818,57.0
2016-02-22,2.79,2.796,2.78,2.78,13.0
2016-02-23,2.762,2.772,2.755,2.761,18.0
2016-02-24,2.755,2.777,2.755,2.766,52.0
2016-02-25,2.75,2.759,2.733,2.753,556.0
2016-02-26,2.742,2.784,2.72,2.78,159.0
2016-02-29,2.801,2.83,2.772,2.825,64.0
2016-03-01,2.877,2.885,2.873,2.876,50.0
2016-03-02,2.86,2.889,2.86,2.889,168.0
2016-03-03,2.885,2.91,2.885,2.905,542.0
2016-03-04,2.886,2.925,2.886,2.912,13.0
2016-03-07,2.923,2.925,2.894,2.914,43.0
2016-03-08,2.915,2.928,2.906,2.924,107.0
2016-03-09,2.926,2.958,2.926,2.952,32.0
2016-03-10,2.974,3.001,2.967,3.001,37.0
2016-03-11,3.02,3.027,3.005,3.005,27.0
2016-03-14,2.999,3.009,2.984,2.994,50.0
2016-03-15,3.01,3.012,2.975,2.988,404.0
2016-03-16,2.968,3.01,2.968,3.008,148.0
2016-03-17,2.998,3.055,2.998,3.018,723.0
2016-03-18,3.012,3.022,3.012,3.012,45.0
2016-03-21,2.995,2.999,2.988,2.997,229.0
2016-03-22,3.007,3.02,3.007,3.019,127.0
2016-03-23,3.03,3.04,3.021,3.025,41.0
2016-03-24,3.015,3.053,3.01,3.052,126.0
2016-03-28,3.05,3.093,3.048,3.084,40.0
2016-03-29,3.085,3.116,3.078,3.115,143.0
2016-03-30,3.105,3.123,3.086,3.113,151.0
2016-03-31,3.111,3.111,3.07,3.071,285.0
2016-04-01,3.071,3.071,3.048,3.068,252.0
2016-04-04,3.085,3.1,3.067,3.082,329.0
2016-04-05,3.078,3.079,3.048,3.074,78.0
2016-04-06,3.064,3.075,3.064,3.075,135.0
2016-04-07,3.081,3.1,3.081,3.1,115.0
2016-04-08,3.102,3.111,3.097,3.111,25.0
2016-04-11,3.08,3.099,3.08,3.099,12.0
2016-04-12,3.105,3.118,3.105,3.118,197.0
2016-04-13,3.11,3.12,3.11,3.12,101.0
2016-04-14,3.11,3.12,3.11,3.115,60.0
2016-04-15,3.11,3.11,3.095,3.101,78.0
2016-04-18,3.1,3.141,3.1,3.141,47.0
2016-04-19,3.15,3.165,3.15,3.164,38.0
2016-04-20,3.17,3.17,3.15,3.164,195.0
2016-04-21,3.182,3.2,3.182,3.196,36.0
2016-04-22,3.198,3.222,3.198,3.216,150.0
2016-04-25,3.225,3.23,3.225,3.227,562.0
2016-04-26,3.238,3.27,3.238,3.267,69.0
2016-04-27,3.275,3.294,3.275,3.294,58.0
2016-04-28,3.292,3.298,3.292,3.298,85.0
2016-04-29,3.3,3.309,3.28,3.297,184.0
2016-05-02,3.283,3.283,3.256,3.268,230.0
2016-05-03,3.268,3.273,3.264,3.272,565.0
2016-05-04,3.272,3.294,3.272,3.294,87.0
2016-05-05,3.296,3.302,3.295,3.302,150.0
2016-05-06,3.314,3.315,3.267,3.277,316.0
2016-05-09,3.265,3.265,3.247,3.258,1043.0
2016-05-10,3.24,3.246,3.24,3.246,696.0
2016-05-11,3.238,3.245,3.238,3.245,360.0
2016-05-12,3.235,3.235,3.222,3.233,475.0
2016-05-13,3.21,3.223,3.205,3.211,109.0
2016-05-16,3.19,3.195,3.187,3.192,304.0
2016-05-17,3.189,3.189,3.168,3.172,113.0
2016-05-18,3.147,3.147,3.138,3.138,59.0
2016-05-19,3.135,3.175,3.12,3.175,83.0
2016-05-20,3.2,3.2,3.177,3.181,99.0
2016-05-23,3.203,3.203,3.19,3.198,401.0
2016-05-24,3.214,3.217,3.203,3.216,2663.0
2016-05-25,3.248,3.274,3.248,3.274,147.0
2016-05-26,3.284,3.295,3.282,3.295,257.0
2016-05-27,3.286,3.315,3.286,3.301,319.0
2016-05-31,3.312,3.324,3.3,3.31,2885.0
2016-06-01,3.284,3.305,3.284,3.303,2456.0
2016-06-02,3.304,3.327,3.304,3.325,4177.0
2016-06-03,3.318,3.324,3.312,3.324,727.0
2016-06-06,3.34,3.34,3.323,3.328,1133.0
2016-06-07,3.33,3.358,3.33,3.358,1901.0
2016-06-08,3.351,3.361,3.351,3.361,442.0
2016-06-09,3.353,3.378,3.353,3.376,2354.0
2016-06-10,3.352,3.359,3.343,3.353,5392.0
2016-06-13,3.365,3.365,3.338,3.344,883.0
2016-06-14,3.323,3.329,3.314,3.318,697.0
2016-06-15,3.301,3.301,3.284,3.284,641.0
2016-06-16,3.289,3.291,3.28,3.283,398.0
2016-06-17,3.286,3.298,3.286,3.291,221.0
2016-06-20,3.303,3.323,3.3,3.323,987.0
2016-06-21,3.33,3.339,3.315,3.326,717.0
2016-06-22,3.337,3.347,3.304,3.318,746.0
2016-06-23,3.304,3.326,3.299,3.322,249.0
2016-06-24,3.288,3.328,3.281,3.319,455.0
2016-06-27,3.33,3.333,3.303,3.312,679.0
2016-06-28,3.343,3.354,3.323,3.354,836.0
2016-06-29,3.357,3.367,3.34,3.347,610.0
2016-06-30,3.358,3.396,3.349,3.385,574.0
2016-07-01,3.388,3.422,3.381,3.42,644.0
2016-07-05,3.404,3.421,3.368,3.382,2150.0
2016-07-06,3.367,3.409,3.365,3.409,1470.0
2016-07-07,3.389,3.423,3.38,3.403,859.0
2016-07-08,3.395,3.412,3.395,3.407,984.0
2016-07-11,3.42,3.427,3.375,3.403,711.0
2016-07-12,3.411,3.416,3.387,3.394,602.0
2016-07-13,3.395,3.402,3.38,3.395,929.0
2016-07-14,3.4,3.4,3.389,3.395,385.0
2016-07-15,3.384,3.39,3.373,3.388,1053.0
2016-07-18,3.378,3.381,3.365,3.367,652.0
2016-07-19,3.386,3.386,3.344,3.345,725.0
2016-07-20,3.337,3.337,3.299,3.307,845.0
2016-07-21,3.29,3.322,3.29,3.322,657.0
2016-07-22,3.354,3.355,3.337,3.344,5222.0
2016-07-25,3.336,3.365,3.334,3.362,482.0
2016-07-26,3.333,3.362,3.333,3.353,736.0
2016-07-27,3.346,3.362,3.335,3.345,330.0
2016-07-28,3.342,3.377,3.341,3.375,1079.0
2016-07-29,3.374,3.4,3.37,3.395,632.0
2016-08-01,3.402,3.405,3.354,3.366,2278.0
2016-08-02,3.351,3.368,3.346,3.362,974.0
2016-08-03,3.365,3.393,3.362,3.391,2093.0
2016-08-04,3.371,3.397,3.364,3.389,331.0
2016-08-05,3.385,3.387,3.365,3.369,1669.0
2016-08-08,3.343,3.367,3.343,3.367,635.0
2016-08-09,3.334,3.344,3.315,3.32,2377.0
2016-08-10,3.315,3.323,3.285,3.299,1427.0
2016-08-11,3.296,3.301,3.272,3.294,2087.0
2016-08-12,3.292,3.302,3.279,3.282,749.0
2016-08-15,3.286,3.294,3.278,3.285,435.0
2016-08-16,3.293,3.302,3.29,3.302,702.0
2016-08-17,3.292,3.3,3.289,3.298,689.0
2016-08-18,3.298,3.312,3.294,3.305,874.0
2016-08-19,3.28,3.28,3.266,3.268,1560.0
2016-08-22,3.277,3.293,3.262,3.266,1182.0
2016-08-23,3.271,3.291,3.269,3.291,1721.0
2016-08-24,3.315,3.327,3.312,3.327,1794.0
2016-08-25,3.33,3.34,3.32,3.329,2489.0
2016-08-26,3.337,3.35,3.319,3.336,1612.0
2016-08-29,3.353,3.366,3.337,3.347,1678.0
2016-08-30,3.353,3.36,3.302,3.327,2878.0
2016-08-31,3.32,3.351,3.318,3.349,1051.0
2016-09-01,3.341,3.341,3.309,3.318,2762.0
2016-09-02,3.327,3.337,3.31,3.312,1860.0
2016-09-06,3.29,3.306,3.29,3.306,1732.0
2016-09-07,3.307,3.31,3.291,3.293,2144.0
2016-09-08,3.307,3.341,3.301,3.327,2231.0
2016-09-09,3.325,3.331,3.31,3.325,1112.0
2016-09-12,3.337,3.339,3.329,3.337,2567.0
2016-09-13,3.349,3.352,3.335,3.342,2896.0
2016-09-14,3.337,3.362,3.335,3.337,2644.0
2016-09-15,3.327,3.348,3.327,3.348,1009.0
2016-09-16,3.327,3.368,3.326,3.362,901.0
2016-09-19,3.36,3.369,3.344,3.369,1569.0
2016-09-20,3.373,3.383,3.367,3.376,5898.0
2016-09-21,3.385,3.403,3.37,3.403,3024.0
2016-09-22,3.405,3.411,3.366,3.378,2940.0
2016-09-23,3.38,3.38,3.335,3.343,3410.0
2016-09-26,3.352,3.363,3.351,3.359,2014.0
2016-09-27,3.361,3.361,3.337,3.35,2562.0
2016-09-28,3.33,3.333,3.314,3.333,5795.0
2016-09-29,3.337,3.341,3.318,3.319,2566.0
2016-09-30,3.314,3.336,3.299,3.307,3876.0
2016-10-03,3.311,3.347,3.297,3.347,2902.0
2016-10-04,3.321,3.348,3.313,3.337,3586.0
2016-10-05,3.321,3.398,3.314,3.398,3320.0
2016-10-06,3.393,3.42,3.368,3.42,5731.0
2016-10-07,3.431,3.472,3.412,3.472,6309.0
2016-10-10,3.447,3.507,3.442,3.506,6062.0
2016-10-11,3.489,3.516,3.483,3.495,6308.0
2016-10-12,3.483,3.515,3.473,3.506,3360.0
2016-10-13,3.501,3.574,3.482,3.565,7825.0
2016-10-14,3.584,3.587,3.566,3.578,5839.0
2016-10-17,3.592,3.592,3.562,3.585,7598.0
2016-10-18,3.589,3.609,3.589,3.609,4178.0
2016-10-19,3.595,3.595,3.568,3.59,3691.0
2016-10-20,3.601,3.606,3.561,3.594,6647.0
2016-10-21,3.568,3.568,3.543,3.556,4449.0
2016-10-24,3.546,3.575,3.53,3.551,3162.0
2016-10-25,3.551,3.561,3.44,3.458,5782.0
2016-10-26,3.427,3.428,3.301,3.342,10512.0
2016-10-27,3.345,3.404,3.342,3.392,5815.0
2016-10-28,3.382,3.445,3.374,3.426,5153.0
2016-10-31,3.462,3.482,3.394,3.41,2680.0
2016-11-01,3.391,3.391,3.317,3.35,4440.0
2016-11-02,3.32,3.331,3.252,3.277,4535.0
2016-11-03,3.253,3.298,3.247,3.277,6156.0
2016-11-04,3.28,3.292,3.246,3.274,4342.0
2016-11-07,3.31,3.338,3.295,3.321,7690.0
2016-11-08,3.3,3.339,3.199,3.218,8118.0
2016-11-09,3.178,3.27,3.13,3.228,5417.0
2016-11-10,3.221,3.237,3.17,3.207,4024.0
2016-11-11,3.197,3.276,3.189,3.244,3355.0
2016-11-14,3.276,3.312,3.269,3.295,2319.0
2016-11-15,3.319,3.325,3.266,3.282,3920.0
2016-11-16,3.308,3.312,3.26,3.298,1996.0
2016-11-17,3.283,3.311,3.264,3.294,2325.0
2016-11-18,3.311,3.334,3.293,3.331,2599.0
2016-11-21,3.374,3.389,3.368,3.388,4622.0
2016-11-22,3.382,3.42,3.363,3.38,2676.0
2016-11-23,3.38,3.45,3.354,3.445,5242.0
2016-11-25,3.459,3.501,3.441,3.499,4593.0
2016-11-28,3.495,3.566,3.495,3.548,10484.0
2016-11-29,3.559,3.561,3.493,3.545,7842.0
2016-11-30,3.534,3.552,3.512,3.527,7261.0
2016-12-01,3.529,3.592,3.498,3.587,9049.0
2016-12-02,3.578,3.608,3.54,3.573,8880.0
2016-12-05,3.613,3.666,3.613,3.666,9826.0
2016-12-06,3.633,3.703,3.624,3.638,7246.0
2016-12-07,3.679,3.683,3.575,3.619,14826.0
2016-12-08,3.63,3.658,3.582,3.651,6389.0
2016-12-09,3.653,3.67,3.618,3.66,5934.0
2016-12-12,3.615,3.641,3.575,3.61,6983.0
2016-12-13,3.603,3.628,3.582,3.606,4781.0
2016-12-14,3.595,3.672,3.595,3.659,6194.0
2016-12-15,3.648,3.693,3.589,3.633,4707.0
2016-12-16,3.584,3.624,3.56,3.62,3111.0
2016-12-19,3.587,3.664,3.576,3.653,5025.0
2016-12-20,3.623,3.623,3.515,3.517,8034.0
2016-12-21,3.559,3.645,3.555,3.638,6139.0
2016-12-22,3.648,3.668,3.614,3.651,3132.0
2016-12-23,3.642,3.72,3.641,3.701,2643.0
2016-12-27,3.761,3.771,3.723,3.753,5216.0
2016-12-28,3.735,3.822,3.721,3.819,10125.0
2016-12-29,3.798,3.829,3.78,3.801,5908.0
2016-12-30,3.804,3.815,3.758,3.78,5421.0
2017-01-03,3.655,3.673,3.529,3.568,8422.0
2017-01-04,3.566,3.572,3.483,3.504,5946.0
2017-01-05,3.489,3.565,3.447,3.521,12487.0
2017-01-06,3.518,3.605,3.494,3.572,9876.0
2017-01-09,3.565,3.565,3.455,3.459,9965.0
2017-01-10,3.529,3.597,3.529,3.586,9487.0
2017-01-11,3.571,3.631,3.55,3.553,7269.0
2017-01-12,3.62,3.71,3.615,3.675,6993.0
2017-01-13,3.704,3.71,3.651,3.705,7269.0
2017-01-17,3.74,3.772,3.686,3.724,7646.0
2017-01-18,3.698,3.731,3.63,3.643,6762.0
2017-01-19,3.617,3.703,3.598,3.69,5333.0
2017-01-20,3.643,3.675,3.555,3.563,6729.0
2017-01-23,3.556,3.627,3.548,3.609,6099.0
2017-01-24,3.626,3.683,3.626,3.647,6032.0
2017-01-25,3.647,3.7,3.636,3.692,3453.0
2017-01-26,3.71,3.785,3.695,3.713,8251.0
2017-01-27,3.693,3.732,3.634,3.697,7115.0
2017-01-30,3.67,3.699,3.614,3.628,5006.0
2017-01-31,3.595,3.6,3.542,3.553,7493.0
2017-02-01,3.567,3.608,3.562,3.598,8476.0
2017-02-02,3.593,3.661,3.56,3.655,10335.0
2017-02-03,3.643,3.663,3.519,3.543,14492.0
2017-02-06,3.5,3.571,3.5,3.568,9776.0
2017-02-07,3.587,3.645,3.585,3.637,7647.0
2017-02-08,3.649,3.664,3.599,3.65,10116.0
2017-02-09,3.681,3.69,3.628,3.662,10123.0
2017-02-10,3.64,3.64,3.57,3.608,14337.0
2017-02-13,3.594,3.594,3.526,3.551,16496.0
2017-02-14,3.525,3.54,3.497,3.52,16498.0
2017-02-15,3.538,3.56,3.507,3.52,12573.0
2017-02-16,3.529,3.531,3.454,3.47,13419.0
2017-02-17,3.462,3.469,3.42,3.441,11286.0
2017-02-21,3.4,3.405,3.268,3.272,20070.0
2017-02-22,3.27,3.299,3.239,3.259,15754.0
2017-02-23,3.255,3.364,3.238,3.26,16042.0
2017-02-24,3.289,3.292,3.245,3.292,15924.0
2017-02-27,3.25,3.252,3.196,3.231,10122.0
2017-02-28,3.229,3.328,3.197,3.326,13981.0
2017-03-01,3.305,3.407,3.3,3.401,13914.0
2017-03-02,3.39,3.449,3.35,3.425,15151.0
2017-03-03,3.41,3.441,3.379,3.428,11890.0
2017-03-06,3.45,3.494,3.411,3.44,12569.0
2017-03-07,3.423,3.447,3.4,3.412,6588.0
2017-03-08,3.432,3.465,3.426,3.434,7000.0
2017-03-09,3.45,3.48,3.431,3.474,10784.0
2017-03-10,3.479,3.501,3.457,3.479,14821.0
2017-03-13,3.517,3.518,3.444,3.486,11521.0
2017-03-14,3.458,3.485,3.388,3.394,13484.0
2017-03-15,3.391,3.438,3.391,3.421,9454.0
2017-03-16,3.406,3.427,3.369,3.389,14750.0
2017-03-17,3.39,3.43,3.366,3.422,8016.0
2017-03-20,3.4,3.5,3.395,3.479,9531.0
2017-03-21,3.49,3.527,3.475,3.521,13359.0
2017-03-22,3.5,3.508,3.474,3.479,10424.0
2017-03-23,3.491,3.529,3.471,3.527,12414.0
2017-03-24,3.516,3.555,3.493,3.549,5712.0
2017-03-27,3.575,3.58,3.528,3.537,6370.0
2017-03-28,3.519,3.578,3.508,3.573,13076.0
2017-03-29,3.565,3.625,3.56,3.609,11326.0
2017-03-30,3.577,3.599,3.556,3.563,16307.0
2017-03-31,3.575,3.599,3.545,3.557,13654.0
2017-04-03,3.577,3.591,3.531,3.547,12258.0
2017-04-04,3.565,3.674,3.554,3.671,20449.0
2017-04-05,3.673,3.718,3.649,3.671,15860.0
2017-04-06,3.665,3.718,3.64,3.715,15847.0
2017-04-07,3.693,3.717,3.64,3.66,13919.0
2017-04-10,3.645,3.694,3.638,3.654,12407.0
2017-04-11,3.661,3.671,3.585,3.598,28802.0
2017-04-12,3.606,3.632,3.588,3.627,10258.0
2017-04-13,3.61,3.67,3.6,3.664,15601.0
2017-04-17,3.66,3.67,3.616,3.627,9261.0
2017-04-18,3.631,3.631,3.59,3.614,14347.0
2017-04-19,3.618,3.663,3.605,3.632,19600.0
2017-04-20,3.634,3.651,3.6,3.621,10422.0
2017-04-21,3.628,3.638,3.546,3.575,16888.0
2017-04-24,3.57,3.595,3.517,3.553,9970.0
2017-04-25,3.558,3.57,3.52,3.56,12889.0
2017-04-26,3.55,3.64,3.55,3.637,17279.0
2017-04-27,3.619,3.625,3.585,3.611,11731.0
2017-04-28,3.625,3.645,3.599,3.63,11865.0
2017-05-01,3.616,3.643,3.555,3.565,11433.0
2017-05-02,3.567,3.614,3.538,3.555,20343.0
2017-05-03,3.55,3.593,3.541,3.589,12788.0
2017-05-04,3.583,3.598,3.552,3.563,18213.0
2017-05-05,3.565,3.635,3.56,3.631,17921.0
2017-05-08,3.618,3.623,3.527,3.552,19120.0
2017-05-09,3.56,3.609,3.555,3.601,13895.0
2017-05-10,3.594,3.699,3.586,3.655,34112.0
2017-05-11,3.652,3.733,3.649,3.718,21621.0
2017-05-12,3.706,3.748,3.7,3.741,18271.0
2017-05-15,3.707,3.729,3.67,3.683,14520.0
2017-05-16,3.688,3.694,3.584,3.592,16154.0
2017-05-17,3.592,3.628,3.557,3.578,18226.0
2017-05-18,3.585,3.61,3.569,3.582,15836.0
2017-05-19,3.596,3.647,3.585,3.635,14408.0
2017-05-22,3.656,3.693,3.656,3.691,10769.0
2017-05-23,3.691,3.693,3.594,3.607,20663.0
2017-05-24,3.619,3.633,3.566,3.593,16642.0
2017-05-25,3.599,3.635,3.542,3.576,18321.0
2017-05-26,3.579,3.605,3.548,3.59,14596.0
2017-05-30,3.535,3.54,3.453,3.46,27372.0
2017-05-31,3.457,3.473,3.391,3.4,32513.0
2017-06-01,3.412,3.435,3.341,3.35,41989.0
2017-06-02,3.386,3.386,3.336,3.343,17250.0
2017-06-05,3.368,3.379,3.298,3.321,23888.0
2017-06-06,3.318,3.371,3.307,3.355,24915.0
2017-06-07,3.37,3.393,3.342,3.353,23930.0
2017-06-08,3.351,3.385,3.319,3.362,28410.0
2017-06-09,3.372,3.387,3.359,3.369,20988.0
2017-06-12,3.351,3.404,3.334,3.356,21743.0
2017-06-13,3.345,3.381,3.287,3.296,31640.0
2017-06-14,3.301,3.303,3.249,3.263,26725.0
2017-06-15,3.269,3.371,3.256,3.366,26154.0
2017-06-16,3.371,3.387,3.349,3.356,11994.0
2017-06-19,3.329,3.329,3.22,3.237,23999.0
2017-06-20,3.246,3.263,3.233,3.261,16450.0
2017-06-21,3.254,3.29,3.242,3.258,15812.0
2017-06-22,3.259,3.303,3.224,3.259,21288.0
2017-06-23,3.27,3.296,3.265,3.294,13482.0
2017-06-26,3.346,3.384,3.329,3.371,18083.0
2017-06-27,3.374,3.394,3.358,3.385,16242.0
2017-06-28,3.371,3.424,3.369,3.41,20708.0
2017-06-29,3.407,3.43,3.347,3.357,30275.0
2017-06-30,3.358,3.361,3.302,3.356,18390.0
2017-07-03,3.292,3.372,3.275,3.301,17627.0
2017-07-05,3.311,3.355,3.175,3.181,33889.0
2017-07-06,3.192,3.23,3.188,3.217,20040.0
2017-07-07,3.218,3.262,3.187,3.201,15001.0
2017-07-10,3.223,3.272,3.211,3.269,19585.0
2017-07-11,3.267,3.37,3.263,3.367,30790.0
2017-07-12,3.353,3.355,3.301,3.319,20500.0
2017-07-13,3.332,3.345,3.279,3.3,20222.0
2017-07-14,3.304,3.336,3.276,3.329,16134.0
2017-07-17,3.33,3.373,3.326,3.354,14890.0
2017-07-18,3.351,3.404,3.351,3.403,22739.0
2017-07-19,3.394,3.41,3.384,3.392,15685.0
2017-07-20,3.393,3.424,3.349,3.371,28215.0
2017-07-21,3.361,3.366,3.288,3.316,27402.0
2017-07-24,3.281,3.296,3.232,3.246,27261.0
2017-07-25,3.25,3.289,3.25,3.282,15026.0
2017-07-26,3.281,3.299,3.243,3.275,16713.0
2017-07-27,3.279,3.339,3.261,3.32,23492.0
2017-07-28,3.309,3.33,3.285,3.303,13898.0
2017-07-31,3.263,3.267,3.163,3.173,39097.0
2017-08-01,3.186,3.205,3.145,3.182,28420.0
2017-08-02,3.169,3.203,3.154,3.184,26520.0
2017-08-03,3.18,3.217,3.171,3.183,28267.0
2017-08-04,3.173,3.177,3.143,3.158,22076.0
2017-08-07,3.159,3.192,3.152,3.175,32939.0
2017-08-08,3.173,3.199,3.16,3.188,26665.0
2017-08-09,3.173,3.251,3.173,3.237,32417.0
2017-08-10,3.231,3.323,3.231,3.306,52680.0
2017-08-11,3.297,3.315,3.285,3.307,26984.0
2017-08-14,3.32,3.334,3.26,3.298,25808.0
2017-08-15,3.295,3.304,3.265,3.278,22594.0
2017-08-16,3.265,3.279,3.24,3.247,27079.0
2017-08-17,3.241,3.288,3.208,3.284,33673.0
2017-08-18,3.266,3.278,3.241,3.248,25413.0
2017-08-21,3.253,3.315,3.224,3.293,32611.0
2017-08-22,3.29,3.327,3.265,3.273,34272.0
2017-08-23,3.268,3.287,3.241,3.273,20617.0
2017-08-24,3.271,3.315,3.266,3.288,22539.0
2017-08-25,3.28,3.287,3.23,3.24,18258.0
2017-08-28,3.247,3.3,3.2,3.269,24027.0
2017-08-29,3.261,3.291,3.242,3.287,22127.0
2017-08-30,3.281,3.284,3.244,3.252,22127.0
2017-08-31,3.258,3.332,3.222,3.326,24002.0
2017-09-01,3.325,3.377,3.3,3.366,63015.0
2017-09-05,3.333,3.363,3.278,3.287,38667.0
2017-09-06,3.285,3.334,3.279,3.315,33071.0
2017-09-07,3.322,3.339,3.29,3.304,32857.0
2017-09-08,3.29,3.298,3.221,3.23,46321.0
2017-09-11,3.249,3.291,3.238,3.289,42269.0
2017-09-12,3.288,3.374,3.273,3.329,63177.0
2017-09-13,3.327,3.385,3.324,3.369,43972.0
2017-09-14,3.367,3.403,3.344,3.371,45835.0
2017-09-15,3.367,3.378,3.322,3.34,32496.0
2017-09-18,3.375,3.445,3.364,3.436,46774.0
2017-09-19,3.44,3.45,3.41,3.419,38869.0
2017-09-20,3.414,3.437,3.38,3.392,46727.0
2017-09-21,3.384,3.391,3.267,3.27,57243.0
2017-09-22,3.3,3.3,3.27,3.289,33555.0
2017-09-25,3.275,3.313,3.255,3.264,38769.0
2017-09-26,3.266,3.295,3.254,3.271,38881.0
2017-09-27,3.275,3.348,3.272,3.329,54224.0
2017-09-28,3.329,3.35,3.284,3.298,50010.0
2017-09-29,3.303,3.322,3.275,3.295,36854.0
2017-10-02,3.306,3.314,3.203,3.234,63389.0
2017-10-03,3.238,3.247,3.2,3.217,49509.0
2017-10-04,3.221,3.286,3.218,3.247,48609.0
2017-10-05,3.248,3.283,3.2,3.23,51895.0
2017-10-06,3.205,3.219,3.164,3.17,77240.0
2017-10-09,3.166,3.188,3.134,3.14,70499.0
2017-10-10,3.137,3.192,3.135,3.189,77727.0
2017-10-11,3.179,3.25,3.174,3.181,88244.0
2017-10-12,3.196,3.275,3.185,3.251,107861.0
2017-10-13,3.254,3.292,3.249,3.271,54217.0
2017-10-16,3.238,3.254,3.189,3.227,50502.0
2017-10-17,3.24,3.292,3.215,3.248,55468.0
2017-10-18,3.22,3.233,3.187,3.194,52588.0
2017-10-19,3.205,3.239,3.15,3.218,75331.0
2017-10-20,3.225,3.253,3.2,3.241,55163.0
2017-10-23,3.3,3.316,3.254,3.28,52426.0
2017-10-24,3.258,3.285,3.243,3.257,43540.0
2017-10-25,3.273,3.275,3.199,3.203,41322.0
2017-10-26,3.214,3.221,3.161,3.175,41647.0
2017-10-27,3.174,3.177,3.084,3.102,73822.0
2017-10-30,3.081,3.139,3.075,3.1,47836.0
2017-10-31,3.125,3.133,3.016,3.026,85911.0
2017-11-01,3.034,3.055,2.983,3.017,75347.0
2017-11-02,3.019,3.076,3.005,3.051,67011.0
2017-11-03,3.052,3.109,3.049,3.097,52958.0
2017-11-06,3.18,3.242,3.154,3.232,105331.0
2017-11-07,3.222,3.272,3.188,3.251,132562.0
2017-11-08,3.25,3.285,3.213,3.272,122997.0
2017-11-09,3.258,3.311,3.256,3.297,132742.0
2017-11-10,3.303,3.318,3.272,3.306,111594.0
2017-11-13,3.291,3.321,3.225,3.262,117700.0
2017-11-14,3.239,3.245,3.163,3.203,123709.0
2017-11-15,3.184,3.244,3.151,3.179,100544.0
2017-11-16,3.187,3.203,3.147,3.153,110436.0
2017-11-17,3.171,3.221,3.159,3.191,112014.0
2017-11-20,3.165,3.179,3.125,3.14,103719.0
2017-11-21,3.126,3.157,3.106,3.11,97623.0
2017-11-22,3.11,3.12,3.049,3.059,167197.0
2017-11-24,3.056,3.081,2.903,2.916,188530.0
2017-11-27,3.013,3.038,2.971,3.017,227100.0
2017-11-28,3.04,3.154,3.028,3.128,271472.0
2017-11-29,3.131,3.218,3.127,3.179,230343.0
2017-11-30,3.175,3.194,3.008,3.025,317425.0
2017-12-01,3.032,3.117,3.029,3.061,213443.0
2017-12-04,3.091,3.127,2.953,2.985,238226.0
2017-12-05,2.976,2.998,2.875,2.914,240838.0
2017-12-06,2.91,2.961,2.884,2.922,178775.0
2017-12-07,2.91,2.922,2.747,2.763,392520.0
2017-12-08,2.769,2.82,2.757,2.772,233766.0
2017-12-11,2.831,2.848,2.793,2.828,196702.0
2017-12-12,2.801,2.844,2.673,2.678,312864.0
2017-12-13,2.696,2.751,2.656,2.715,256783.0
2017-12-14,2.704,2.717,2.643,2.684,205087.0
2017-12-15,2.686,2.732,2.581,2.612,190914.0
2017-12-18,2.65,2.778,2.634,2.745,231827.0
2017-12-19,2.734,2.769,2.688,2.692,219344.0
2017-12-20,2.722,2.756,2.61,2.637,183119.0
2017-12-21,2.654,2.669,2.568,2.598,177652.0
2017-12-22,2.62,2.682,2.583,2.667,68187.0
2017-12-26,2.708,2.78,2.63,2.643,81462.0
2017-12-27,2.639,2.762,2.598,2.738,19110.0
