DATETIME,OPEN,HIGH,LOW,FINAL,VOLUME
2015-11-27,3.907,3.907,3.907,3.907,0.0
2015-11-30,3.871,3.871,3.871,3.871,0.0
2015-12-01,3.881,3.881,3.881,3.881,0.0
2015-12-02,3.909,3.909,3.909,3.909,0.0
2015-12-03,3.912,3.912,3.912,3.912,0.0
2015-12-04,3.91,3.91,3.91,3.91,0.0
2015-12-07,3.893,3.893,3.893,3.893,0.0
2015-12-08,3.913,3.913,3.913,3.913,0.0
2015-12-09,3.934,3.934,3.934,3.934,0.0
2015-12-10,3.955,3.955,3.955,3.955,0.0
2015-12-11,3.951,3.951,3.951,3.951,0.0
2015-12-14,3.941,3.941,3.941,3.941,0.0
2015-12-15,3.941,3.941,3.941,3.941,0.0
2015-12-16,3.968,3.968,3.968,3.968,0.0
2015-12-17,3.993,3.993,3.993,3.993,0.0
2015-12-18,3.971,3.971,3.971,3.971,0.0
2015-12-21,3.948,3.948,3.948,3.948,0.0
2015-12-22,3.958,3.958,3.958,3.958,0.0
2015-12-23,3.951,3.951,3.951,3.951,0.0
2015-12-24,3.95,3.95,3.95,3.95,0.0
2015-12-28,3.994,3.994,3.994,3.994,0.0
2015-12-29,3.979,3.979,3.979,3.979,0.0
2015-12-30,3.97,3.97,3.97,3.97,0.0
2015-12-31,3.947,3.947,3.947,3.947,0.0
2016-01-04,3.927,3.927,3.927,3.927,0.0
2016-01-05,3.901,3.901,3.901,3.901,0.0
2016-01-06,3.886,3.886,3.886,3.886,0.0
2016-01-07,3.904,3.904,3.904,3.904,0.0
2016-01-08,3.882,3.882,3.882,3.882,0.0
2016-01-11,3.862,3.862,3.862,3.862,0.0
2016-01-12,3.813,3.813,3.813,3.813,0.0
2016-01-13,3.833,3.833,3.833,3.833,0.0
2016-01-14,3.848,3.848,3.848,3.848,0.0
2016-01-15,3.831,3.831,3.831,3.831,0.0
2016-01-19,3.833,3.833,3.833,3.833,0.0
2016-01-20,3.803,3.803,3.803,3.803,0.0
2016-01-21,3.811,3.811,3.811,3.811,0.0
2016-01-22,3.792,3.792,3.792,3.792,0.0
2016-01-25,3.793,3.793,3.793,3.793,0.0
2016-01-26,3.777,3.777,3.777,3.777,0.0
2016-01-27,3.797,3.797,3.797,3.797,0.0
2016-01-28,3.841,3.841,3.841,3.841,0.0
2016-01-29,3.823,3.823,3.823,3.823,0.0
2016-02-01,3.782,3.782,3.782,3.782,0.0
2016-02-02,3.728,3.728,3.728,3.728,0.0
2016-02-03,3.756,3.756,3.756,3.756,0.0
2016-02-04,3.759,3.759,3.759,3.759,0.0
2016-02-05,3.757,3.757,3.757,3.757,0.0
2016-02-08,3.7,3.7,3.7,3.7,0.0
2016-02-09,3.682,3.682,3.682,3.682,0.0
2016-02-10,3.655,3.655,3.655,3.655,0.0
2016-02-11,3.612,3.612,3.612,3.612,0.0
2016-02-12,3.584,3.584,3.584,3.584,0.0
2016-02-16,3.564,3.564,3.564,3.564,0.0
2016-02-17,3.569,3.569,3.569,3.569,0.0
2016-02-18,3.514,3.514,3.514,3.514,0.0
2016-02-19,3.51,3.51,3.51,3.51,0.0
2016-02-22,3.449,3.449,3.449,3.449,0.0
2016-02-23,3.465,3.465,3.465,3.465,0.0
2016-02-24,3.495,3.495,3.495,3.495,0.0
2016-02-25,3.493,3.493,3.493,3.493,0.0
2016-02-26,3.495,3.495,3.495,3.495,0.0
2016-02-29,3.548,3.548,3.548,3.548,0.0
2016-03-01,3.567,3.567,3.567,3.567,0.0
2016-03-02,3.551,3.551,3.551,3.551,0.0
2016-03-03,3.563,3.563,3.563,3.563,0.0
2016-03-04,3.562,3.562,3.562,3.562,0.0
2016-03-07,3.569,3.569,3.569,3.569,0.0
2016-03-08,3.575,3.575,3.575,3.575,0.0
2016-03-09,3.623,3.623,3.623,3.623,0.0
2016-03-10,3.618,3.618,3.618,3.618,0.0
2016-03-11,3.627,3.627,3.627,3.627,0.0
2016-03-14,3.619,3.619,3.619,3.619,0.0
2016-03-15,3.618,3.618,3.618,3.618,0.0
2016-03-16,3.619,3.619,3.619,3.619,0.0
2016-03-17,3.624,3.624,3.624,3.624,0.0
2016-03-18,3.614,3.614,3.614,3.614,0.0
2016-03-21,3.623,3.623,3.623,3.623,0.0
2016-03-22,3.643,3.643,3.643,3.643,0.0
2016-03-23,3.658,3.658,3.658,3.658,0.0
2016-03-24,3.713,3.713,3.713,3.713,0.0
2016-03-28,3.763,3.763,3.763,3.763,0.0
2016-03-29,3.825,3.825,3.825,3.825,0.0
2016-03-30,3.828,3.828,3.828,3.828,0.0
2016-03-31,3.867,3.867,3.867,3.867,0.0
2016-04-01,3.873,3.873,3.873,3.873,0.0
2016-04-04,3.845,3.845,3.845,3.845,0.0
2016-04-05,3.855,3.855,3.855,3.855,0.0
2016-04-06,3.91,3.91,3.91,3.91,0.0
2016-04-07,3.913,3.913,3.913,3.913,0.0
2016-04-08,3.933,3.933,3.933,3.933,0.0
2016-04-11,3.932,3.932,3.932,3.932,0.0
2016-04-12,3.93,3.93,3.93,3.93,0.0
2016-04-13,3.947,3.947,3.947,3.947,0.0
2016-04-14,3.946,3.946,3.946,3.946,0.0
2016-04-15,3.916,3.916,3.916,3.916,0.0
2016-04-18,3.906,3.906,3.906,3.906,0.0
2016-04-19,3.886,3.886,3.886,3.886,0.0
2016-04-20,3.886,3.886,3.886,3.886,0.0
2016-04-21,3.918,3.918,3.918,3.918,0.0
2016-04-22,3.92,3.92,3.92,3.92,0.0
2016-04-25,3.936,3.936,3.936,3.936,0.0
2016-04-26,3.984,3.984,3.984,3.984,0.0
2016-04-27,3.995,3.995,3.995,3.995,0.0
2016-04-28,3.99,3.99,3.99,3.99,0.0
2016-04-29,3.988,3.988,3.988,3.988,0.0
2016-05-02,3.968,3.968,3.968,3.968,0.0
2016-05-03,3.954,3.954,3.954,3.954,0.0
2016-05-04,3.963,3.963,3.963,3.963,0.0
2016-05-05,3.997,3.997,3.997,3.997,0.0
2016-05-06,4.006,4.006,4.006,4.006,0.0
2016-05-09,3.994,3.994,3.994,3.994,0.0
2016-05-10,4.008,4.008,4.008,4.008,0.0
2016-05-11,3.997,3.997,3.997,3.997,0.0
2016-05-12,3.982,3.982,3.982,3.982,0.0
2016-05-13,3.988,3.988,3.988,3.988,0.0
2016-05-16,3.995,3.995,3.995,3.995,0.0
2016-05-17,3.984,3.984,3.984,3.984,0.0
2016-05-18,3.98,3.98,3.98,3.98,0.0
2016-05-19,3.99,3.99,3.99,3.99,0.0
2016-05-20,3.978,3.978,3.978,3.978,0.0
2016-05-23,3.973,3.973,3.973,3.973,0.0
2016-05-24,3.97,3.97,3.97,3.97,0.0
2016-05-25,3.999,3.999,3.999,3.999,0.0
2016-05-26,4.03,4.03,4.03,4.03,0.0
2016-05-27,4.04,4.04,4.04,4.04,0.0
2016-05-31,4.041,4.041,4.041,4.041,0.0
2016-06-01,4.039,4.039,4.039,4.039,0.0
2016-06-02,4.026,4.026,4.026,4.026,0.0
2016-06-03,4.016,4.016,4.016,4.016,0.0
2016-06-06,4.01,4.01,4.01,4.01,0.0
2016-06-07,4.034,4.034,4.034,4.034,0.0
2016-06-08,4.021,4.021,4.021,4.021,0.0
2016-06-09,4.019,4.019,4.019,4.019,0.0
2016-06-10,3.992,3.992,3.992,3.992,0.0
2016-06-13,3.953,3.953,3.953,3.953,0.0
2016-06-14,3.948,3.948,3.948,3.948,0.0
2016-06-15,3.948,3.948,3.948,3.948,0.0
2016-06-16,3.938,3.938,3.938,3.938,0.0
2016-06-17,3.915,3.915,3.915,3.915,0.0
2016-06-20,3.905,3.905,3.905,3.905,0.0
2016-06-21,3.888,3.888,3.888,3.888,0.0
2016-06-22,3.895,3.895,3.895,3.895,0.0
2016-06-23,3.916,3.916,3.916,3.916,0.0
2016-06-24,3.934,3.934,3.934,3.934,0.0
2016-06-27,3.885,3.885,3.885,3.885,0.0
2016-06-28,3.944,3.944,3.944,3.944,0.0
2016-06-29,3.945,3.945,3.945,3.945,0.0
2016-06-30,3.96,3.96,3.96,3.96,0.0
2016-07-01,3.961,3.961,3.961,3.961,0.0
2016-07-05,3.959,3.959,3.959,3.959,0.0
2016-07-06,3.981,3.981,3.981,3.981,0.0
2016-07-07,3.979,3.979,3.979,3.979,0.0
2016-07-08,3.986,3.986,3.986,3.986,0.0
2016-07-11,3.982,3.982,3.982,3.982,0.0
2016-07-12,3.968,3.968,3.968,3.968,0.0
2016-07-13,3.988,3.988,3.988,3.988,0.0
2016-07-14,3.986,3.986,3.986,3.986,0.0
2016-07-15,3.973,3.973,3.973,3.973,0.0
2016-07-18,3.958,3.958,3.958,3.958,0.0
2016-07-19,3.948,3.948,3.948,3.948,0.0
2016-07-20,3.937,3.937,3.937,3.937,0.0
2016-07-21,3.942,3.942,3.942,3.942,0.0
2016-07-22,3.946,3.946,3.946,3.946,0.0
2016-07-25,3.952,3.952,3.952,3.952,0.0
2016-07-26,3.95,3.95,3.95,3.95,0.0
2016-07-27,3.943,3.943,3.943,3.943,0.0
2016-07-28,3.956,3.956,3.956,3.956,0.0
2016-07-29,3.961,3.961,3.961,3.961,0.0
2016-08-01,3.959,3.959,3.959,3.959,0.0
2016-08-02,3.958,3.958,3.958,3.958,0.0
2016-08-03,3.959,3.959,3.959,3.959,0.0
2016-08-04,3.988,3.988,3.988,3.988,0.0
2016-08-05,3.986,3.986,3.986,3.986,0.0
2016-08-08,3.985,3.985,3.985,3.985,0.0
2016-08-09,3.982,3.982,3.982,3.982,0.0
2016-08-10,3.963,3.963,3.963,3.963,0.0
2016-08-11,3.952,3.952,3.952,3.952,0.0
2016-08-12,3.949,3.949,3.949,3.949,0.0
2016-08-15,3.942,3.942,3.942,3.942,0.0
2016-08-16,3.955,3.955,3.955,3.955,0.0
2016-08-17,3.99,3.99,3.99,3.99,0.0
2016-08-18,3.989,3.989,3.989,3.989,0.0
2016-08-19,4.0,4.0,4.0,4.0,0.0
2016-08-22,4.0,4.0,4.0,4.0,0.0
2016-08-23,4.023,4.023,4.023,4.023,0.0
2016-08-24,4.047,4.047,4.047,4.047,0.0
2016-08-25,3.993,3.993,3.993,3.993,0.0
2016-08-26,3.953,3.953,3.953,3.953,0.0
2016-08-29,3.936,3.936,3.936,3.936,0.0
2016-08-30,3.926,3.926,3.926,3.926,0.0
2016-08-31,3.952,3.952,3.952,3.952,0.0
2016-09-01,3.911,3.911,3.911,3.911,0.0
2016-09-02,3.892,3.892,3.892,3.892,0.0
2016-09-06,3.893,3.893,3.893,3.893,0.0
2016-09-07,3.869,3.869,3.869,3.869,0.0
2016-09-08,3.857,3.857,3.857,3.857,0.0
2016-09-09,3.808,3.808,3.808,3.808,0.0
2016-09-12,3.81,3.81,3.81,3.81,0.0
2016-09-13,3.787,3.787,3.787,3.787,0.0
2016-09-14,3.804,3.804,3.804,3.804,0.0
2016-09-15,3.806,3.806,3.806,3.806,0.0
2016-09-16,3.784,3.784,3.784,3.784,0.0
2016-09-19,3.762,3.762,3.762,3.762,0.0
2016-09-20,3.772,3.772,3.772,3.772,0.0
2016-09-21,3.758,3.758,3.758,3.758,0.0
2016-09-22,3.721,3.721,3.721,3.721,0.0
2016-09-23,3.732,3.732,3.732,3.732,0.0
2016-09-26,3.746,3.746,3.746,3.746,0.0
2016-09-27,3.712,3.712,3.712,3.712,0.0
2016-09-28,3.686,3.686,3.686,3.686,0.0
2016-09-29,3.645,3.645,3.645,3.645,0.0
2016-09-30,3.641,3.641,3.641,3.641,0.0
2016-10-03,3.632,3.632,3.632,3.632,0.0
2016-10-04,3.606,3.606,3.606,3.606,0.0
2016-10-05,3.624,3.624,3.624,3.624,0.0
2016-10-06,3.626,3.626,3.626,3.626,0.0
2016-10-07,3.64,3.64,3.64,3.64,0.0
2016-10-10,3.631,3.631,3.631,3.631,0.0
2016-10-11,3.729,3.729,3.729,3.729,0.0
2016-10-12,3.696,3.696,3.696,3.696,0.0
2016-10-13,3.708,3.708,3.708,3.708,0.0
2016-10-14,3.705,3.705,3.705,3.705,0.0
2016-10-17,3.712,3.712,3.712,3.712,0.0
2016-10-18,3.714,3.714,3.714,3.714,0.0
2016-10-19,3.706,3.706,3.706,3.706,0.0
2016-10-20,3.726,3.726,3.726,3.726,0.0
2016-10-21,3.726,3.726,3.726,3.726,0.0
2016-10-24,3.721,3.721,3.721,3.721,0.0
2016-10-25,3.711,3.711,3.711,3.711,0.0
2016-10-26,3.719,3.719,3.719,3.719,0.0
2016-10-27,3.742,3.742,3.742,3.742,0.0
2016-10-28,3.754,3.754,3.754,3.754,0.0
2016-10-31,3.747,3.747,3.747,3.747,0.0
2016-11-01,3.751,3.751,3.751,3.751,0.0
2016-11-02,3.731,3.731,3.731,3.731,0.0
2016-11-03,3.747,3.747,3.747,3.747,0.0
2016-11-04,3.733,3.733,3.733,3.733,0.0
2016-11-07,3.748,3.748,3.748,3.748,0.0
2016-11-08,3.77,3.77,3.77,3.77,0.0
2016-11-09,3.75,3.75,3.75,3.75,0.0
2016-11-10,3.76,3.76,3.76,3.76,0.0
2016-11-11,3.731,3.731,3.731,3.731,0.0
2016-11-14,3.701,3.701,3.701,3.701,0.0
2016-11-15,3.661,3.661,3.661,3.661,0.0
2016-11-16,3.668,3.668,3.668,3.668,0.0
2016-11-17,3.683,3.683,3.683,3.683,0.0
2016-11-18,3.647,3.647,3.647,3.647,0.0
2016-11-21,3.623,3.623,3.623,3.623,0.0
2016-11-22,3.595,3.595,3.595,3.595,0.0
2016-11-23,3.573,3.573,3.573,3.573,0.0
2016-11-25,3.572,3.572,3.572,3.572,0.0
2016-11-28,3.515,3.515,3.515,3.515,0.0
2016-11-29,3.467,3.467,3.467,3.467,0.0
2016-11-30,3.428,3.428,3.428,3.428,0.0
2016-12-01,3.474,3.474,3.474,3.474,0.0
2016-12-02,3.464,3.464,3.464,3.464,0.0
2016-12-05,3.459,3.459,3.459,3.459,0.0
2016-12-06,3.457,3.457,3.457,3.457,0.0
2016-12-07,3.477,3.477,3.477,3.477,0.0
2016-12-08,3.511,3.511,3.511,3.511,0.0
2016-12-09,3.458,3.458,3.458,3.458,0.0
2016-12-12,3.446,3.446,3.446,3.446,0.0
2016-12-13,3.417,3.417,3.417,3.417,0.0
2016-12-14,3.366,3.366,3.366,3.366,0.0
2016-12-15,3.379,3.379,3.379,3.379,0.0
2016-12-16,3.393,3.393,3.393,3.393,0.0
2016-12-19,3.401,3.401,3.401,3.401,0.0
2016-12-20,3.375,3.375,3.375,3.375,0.0
2016-12-21,3.374,3.374,3.374,3.374,0.0
2016-12-22,3.337,3.337,3.337,3.337,0.0
2016-12-23,3.332,3.332,3.332,3.332,0.0
2016-12-27,3.35,3.35,3.35,3.35,0.0
2016-12-28,3.36,3.36,3.36,3.36,0.0
2016-12-29,3.37,3.37,3.37,3.37,0.0
2016-12-30,3.373,3.373,3.373,3.373,0.0
2017-01-03,3.362,3.362,3.362,3.362,0.0
2017-01-04,3.36,3.36,3.36,3.36,0.0
2017-01-05,3.374,3.374,3.374,3.374,0.0
2017-01-06,3.343,3.343,3.343,3.343,0.0
2017-01-09,3.319,3.319,3.319,3.319,0.0
2017-01-10,3.325,3.325,3.325,3.325,0.0
2017-01-11,3.274,3.274,3.274,3.274,0.0
2017-01-12,3.245,3.245,3.245,3.245,0.0
2017-01-13,3.185,3.185,3.185,3.185,0.0
2017-01-17,3.187,3.187,3.187,3.187,0.0
2017-01-18,3.179,3.179,3.179,3.179,0.0
2017-01-19,3.132,3.132,3.132,3.132,0.0
2017-01-20,3.137,3.137,3.137,3.137,0.0
2017-01-23,3.139,3.139,3.139,3.139,0.0
2017-01-24,3.129,3.129,3.129,3.129,0.0
2017-01-25,3.117,3.117,3.117,3.117,0.0
2017-01-26,3.121,3.121,3.121,3.121,0.0
2017-01-27,3.108,3.108,3.108,3.108,0.0
2017-01-30,3.115,3.115,3.115,3.115,0.0
2017-01-31,3.117,3.117,3.117,3.117,0.0
2017-02-01,3.102,3.102,3.102,3.102,0.0
2017-02-02,3.105,3.105,3.105,3.105,0.0
2017-02-03,3.088,3.088,3.088,3.088,0.0
2017-02-06,3.078,3.078,3.078,3.078,0.0
2017-02-07,3.094,3.094,3.094,3.094,0.0
2017-02-08,3.1,3.1,3.1,3.1,0.0
2017-02-09,3.093,3.093,3.093,3.093,0.0
2017-02-10,3.073,3.073,3.073,3.073,0.0
2017-02-13,3.041,3.041,3.041,3.041,0.0
2017-02-14,3.032,3.032,3.032,3.032,0.0
2017-02-15,3.034,3.034,3.034,3.034,0.0
2017-02-16,3.048,3.048,3.048,3.048,0.0
2017-02-17,3.049,3.049,3.049,3.049,0.0
2017-02-21,3.04,3.04,3.04,3.04,0.0
2017-02-22,3.043,3.043,3.043,3.043,0.0
2017-02-23,3.044,3.044,3.044,3.044,0.0
2017-02-24,3.017,3.017,3.017,3.017,0.0
2017-02-27,3.018,3.018,3.018,3.018,0.0
2017-02-28,3.028,3.028,3.028,3.028,0.0
2017-03-01,3.04,3.04,3.04,3.04,0.0
2017-03-02,3.035,3.035,3.035,3.035,0.0
2017-03-03,3.048,3.048,3.048,3.048,0.0
2017-03-06,3.07,3.07,3.07,3.07,0.0
2017-03-07,3.052,3.052,3.052,3.052,0.0
2017-03-08,3.043,3.043,3.043,3.043,0.0
2017-03-09,3.036,3.036,3.036,3.036,0.0
2017-03-10,3.023,3.023,3.023,3.023,0.0
2017-03-13,3.023,3.023,3.023,3.023,0.0
2017-03-14,3.028,3.028,3.028,3.028,0.0
2017-03-15,3.048,3.048,3.048,3.048,0.0
2017-03-16,3.069,3.069,3.069,3.069,0.0
2017-03-17,3.082,3.082,3.082,3.082,0.0
2017-03-20,3.085,3.085,3.085,3.085,0.0
2017-03-21,3.098,3.098,3.098,3.098,0.0
2017-03-22,3.1,3.1,3.1,3.1,0.0
2017-03-23,3.095,3.095,3.095,3.095,0.0
2017-03-24,3.063,3.063,3.063,3.063,0.0
2017-03-27,3.053,3.053,3.053,3.053,0.0
2017-03-28,3.044,3.044,3.044,3.044,0.0
2017-03-29,3.052,3.052,3.052,3.052,0.0
2017-03-30,3.056,3.056,3.056,3.056,0.0
2017-03-31,3.05,3.05,3.05,3.05,0.0
2017-04-03,3.057,3.057,3.057,3.057,0.0
2017-04-04,3.07,3.07,3.07,3.07,0.0
2017-04-05,3.089,3.089,3.089,3.089,0.0
2017-04-06,3.074,3.074,3.074,3.074,0.0
2017-04-07,3.088,3.088,3.088,3.088,0.0
2017-04-10,3.097,3.097,3.097,3.097,0.0
2017-04-11,3.128,3.128,3.128,3.128,0.0
2017-04-12,3.129,3.129,3.129,3.129,0.0
2017-04-13,3.15,3.15,3.15,3.15,0.0
2017-04-17,3.139,3.139,3.139,3.139,0.0
2017-04-18,3.169,3.169,3.169,3.169,0.0
2017-04-19,3.179,3.179,3.179,3.179,0.0
2017-04-20,3.213,3.213,3.213,3.213,0.0
2017-04-21,3.217,3.217,3.217,3.217,0.0
2017-04-24,3.184,3.184,3.184,3.184,0.0
2017-04-25,3.179,3.179,3.179,3.179,0.0
2017-04-26,3.17,3.17,3.17,3.17,0.0
2017-04-27,3.156,3.156,3.156,3.156,0.0
2017-04-28,3.172,3.172,3.172,3.172,0.0
2017-05-01,3.147,3.147,3.147,3.147,0.0
2017-05-02,3.148,3.148,3.148,3.148,0.0
2017-05-03,3.167,3.167,3.167,3.167,0.0
2017-05-04,3.21,3.21,3.21,3.21,0.0
2017-05-05,3.21,3.21,3.21,3.21,0.0
2017-05-08,3.201,3.201,3.201,3.201,0.0
2017-05-09,3.204,3.204,3.204,3.204,0.0
2017-05-10,3.205,3.205,3.205,3.205,0.0
2017-05-11,3.239,3.239,3.239,3.239,0.0
2017-05-12,3.243,3.243,3.243,3.243,0.0
2017-05-15,3.232,3.232,3.232,3.232,0.0
2017-05-16,3.249,3.249,3.249,3.249,0.0
2017-05-17,3.245,3.245,3.245,3.245,0.0
2017-05-18,3.232,3.232,3.232,3.232,0.0
2017-05-19,3.222,3.222,3.222,3.222,0.0
2017-05-22,3.224,3.224,3.224,3.224,0.0
2017-05-23,3.291,3.291,3.291,3.291,0.0
2017-05-24,3.273,3.273,3.273,3.273,0.0
2017-05-25,3.252,3.252,3.252,3.252,0.0
2017-05-26,3.237,3.237,3.237,3.237,0.0
2017-05-30,3.214,3.214,3.214,3.214,0.0
2017-05-31,3.21,3.21,3.21,3.21,0.0
2017-06-01,3.212,3.212,3.212,3.212,0.0
2017-06-02,3.203,3.203,3.203,3.203,0.0
2017-06-05,3.173,3.173,3.173,3.173,0.0
2017-06-06,3.12,3.12,3.12,3.12,0.0
2017-06-07,3.131,3.131,3.131,3.131,0.0
2017-06-08,3.149,3.149,3.149,3.149,0.0
2017-06-09,3.146,3.146,3.146,3.146,0.0
2017-06-12,3.148,3.148,3.148,3.148,0.0
2017-06-13,3.15,3.15,3.15,3.15,0.0
2017-06-14,3.139,3.139,3.139,3.139,0.0
2017-06-15,3.167,3.167,3.167,3.167,0.0
2017-06-16,3.156,3.156,3.156,3.156,0.0
2017-06-19,3.179,3.179,3.179,3.179,0.0
2017-06-20,3.217,3.217,3.217,3.217,0.0
2017-06-21,3.228,3.228,3.228,3.228,0.0
2017-06-22,3.222,3.222,3.222,3.222,0.0
2017-06-23,3.216,3.216,3.216,3.216,0.0
2017-06-26,3.191,3.191,3.191,3.191,0.0
2017-06-27,3.191,3.191,3.191,3.191,0.0
2017-06-28,3.181,3.181,3.181,3.181,0.0
2017-06-29,3.181,3.181,3.181,3.181,0.0
2017-06-30,3.194,3.194,3.194,3.194,0.0
2017-07-03,3.193,3.193,3.193,3.193,0.0
2017-07-05,3.166,3.166,3.166,3.166,0.0
2017-07-06,3.133,3.133,3.133,3.133,0.0
2017-07-07,3.128,3.128,3.128,3.128,0.0
2017-07-10,3.115,3.115,3.115,3.115,0.0
2017-07-11,3.113,3.113,3.113,3.113,0.0
2017-07-12,3.099,3.099,3.099,3.099,0.0
2017-07-13,3.112,3.112,3.112,3.112,0.0
2017-07-14,3.115,3.115,3.115,3.115,0.0
2017-07-17,3.113,3.113,3.113,3.113,0.0
2017-07-18,3.118,3.118,3.118,3.118,0.0
2017-07-19,3.103,3.103,3.103,3.103,0.0
2017-07-20,3.084,3.084,3.084,3.084,0.0
2017-07-21,3.079,3.079,3.079,3.079,0.0
2017-07-24,3.048,3.048,3.048,3.048,0.0
2017-07-25,3.033,3.033,3.033,3.033,0.0
2017-07-26,3.021,3.021,3.021,3.021,0.0
2017-07-27,3.022,3.022,3.022,3.022,0.0
2017-07-28,3.036,3.036,3.036,3.036,0.0
2017-07-31,3.017,3.017,3.017,3.017,0.0
2017-08-01,3.039,3.039,3.039,3.039,0.0
2017-08-02,3.048,3.048,3.048,3.048,0.0
2017-08-03,3.071,3.071,3.071,3.071,0.0
2017-08-04,3.081,3.081,3.081,3.081,0.0
2017-08-07,3.08,3.08,3.08,3.08,0.0
2017-08-08,3.067,3.067,3.067,3.067,0.0
2017-08-09,3.061,3.061,3.061,3.061,0.0
2017-08-10,3.058,3.058,3.058,3.058,0.0
2017-08-11,3.062,3.062,3.062,3.062,0.0
2017-08-14,3.058,3.058,3.058,3.058,0.0
2017-08-15,3.056,3.056,3.056,3.056,0.0
2017-08-16,3.046,3.046,3.046,3.046,0.0
2017-08-17,3.047,3.047,3.047,3.047,0.0
2017-08-18,3.047,3.047,3.047,3.047,0.0
2017-08-21,3.037,3.037,3.037,3.037,0.0
2017-08-22,3.029,3.029,3.029,3.029,0.0
2017-08-23,3.032,3.032,3.032,3.032,0.0
2017-08-24,2.985,2.985,2.985,2.985,0.0
2017-08-25,2.972,2.972,2.972,2.972,0.0
2017-08-28,2.985,2.985,2.985,2.985,0.0
2017-08-29,2.985,2.985,2.985,2.985,0.0
2017-08-30,2.968,2.968,2.968,2.968,0.0
2017-08-31,2.967,2.967,2.967,2.967,0.0
2017-09-01,2.968,2.968,2.968,2.968,0.0
2017-09-05,2.964,2.964,2.964,2.964,0.0
2017-09-06,2.925,2.925,2.925,2.925,0.0
2017-09-07,2.962,2.962,2.962,2.962,0.0
2017-09-08,2.966,2.966,2.966,2.966,0.0
2017-09-11,2.977,2.977,2.977,2.977,0.0
2017-09-12,2.972,2.972,2.972,2.972,0.0
2017-09-13,2.958,2.958,2.958,2.958,0.0
2017-09-14,2.96,2.96,2.96,2.96,0.0
2017-09-15,2.965,2.965,2.965,2.965,0.0
2017-09-18,2.98,2.98,2.98,2.98,0.0
2017-09-19,2.966,2.966,2.966,2.966,0.0
2017-09-20,2.956,2.956,2.956,2.956,0.0
2017-09-21,2.947,2.947,2.947,2.947,0.0
2017-09-22,2.961,2.961,2.961,2.961,0.0
2017-09-25,2.944,2.944,2.944,2.944,0.0
2017-09-26,2.954,2.954,2.954,2.954,0.0
2017-09-27,2.965,2.965,2.965,2.965,0.0
2017-09-28,2.964,2.964,2.964,2.964,0.0
2017-09-29,2.961,2.961,2.961,2.961,0.0
2017-10-02,2.974,2.974,2.974,2.974,0.0
2017-10-03,2.989,2.989,2.989,2.989,0.0
2017-10-04,2.987,2.987,2.987,2.987,0.0
2017-10-05,2.996,2.996,2.996,2.996,0.0
2017-10-06,2.988,2.988,2.988,2.988,0.0
2017-10-09,2.998,2.998,2.998,2.998,0.0
2017-10-10,2.988,2.988,2.988,2.988,0.0
2017-10-11,2.994,2.994,2.994,2.994,0.0
2017-10-12,3.038,3.038,3.038,3.038,0.0
2017-10-13,3.027,3.027,3.027,3.027,0.0
2017-10-16,3.057,3.057,3.057,3.057,0.0
2017-10-17,3.094,3.094,3.094,3.094,0.0
2017-10-18,3.099,3.099,3.099,3.099,0.0
2017-10-19,3.121,3.121,3.121,3.121,0.0
2017-10-20,3.159,3.159,3.159,3.159,0.0
2017-10-23,3.139,3.139,3.139,3.139,0.0
2017-10-24,3.138,3.138,3.138,3.138,0.0
2017-10-25,3.139,3.139,3.139,3.139,0.0
2017-10-26,3.132,3.132,3.132,3.132,0.0
2017-10-27,3.112,3.112,3.112,3.112,0.0
2017-10-30,3.14,3.14,3.14,3.14,0.0
2017-10-31,3.138,3.138,3.138,3.138,0.0
2017-11-01,3.148,3.148,3.148,3.148,0.0
2017-11-02,3.13,3.13,3.13,3.13,0.0
2017-11-03,3.125,3.125,3.125,3.125,0.0
2017-11-06,3.12,3.12,3.12,3.12,0.0
2017-11-07,3.119,3.119,3.119,3.119,0.0
2017-11-08,3.117,3.117,3.117,3.117,0.0
2017-11-09,3.12,3.12,3.12,3.12,0.0
2017-11-10,3.1,3.1,3.1,3.1,0.0
2017-11-13,3.082,3.082,3.082,3.082,0.0
2017-11-14,3.084,3.084,3.084,3.084,0.0
2017-11-15,3.074,3.074,3.074,3.074,0.0
2017-11-16,3.078,3.078,3.078,3.078,0.0
2017-11-17,3.076,3.076,3.076,3.076,0.0
2017-11-20,3.069,3.069,3.069,3.069,0.0
2017-11-21,3.067,3.067,3.067,3.067,0.0
2017-11-22,3.054,3.054,3.054,3.054,0.0
2017-11-24,3.055,3.055,3.055,3.055,0.0
2017-11-27,3.057,3.057,3.057,3.057,0.0
2017-11-28,3.062,3.062,3.062,3.062,0.0
2017-11-29,3.063,3.063,3.063,3.063,0.0
2017-11-30,3.059,3.059,3.059,3.059,0.0
2017-12-01,3.041,3.041,3.041,3.041,0.0
2017-12-04,3.017,3.017,3.017,3.017,0.0
2017-12-05,3.009,3.009,3.009,3.009,0.0
2017-12-06,2.991,2.991,2.991,2.991,0.0
2017-12-07,2.997,2.997,2.997,2.997,0.0
2017-12-08,2.994,2.994,2.994,2.994,0.0
2017-12-11,2.987,2.987,2.987,2.987,0.0
2017-12-12,2.997,2.997,2.997,2.997,0.0
2017-12-13,3.015,3.015,3.015,3.015,0.0
2017-12-14,3.016,3.016,3.016,3.016,0.0
2017-12-15,3.024,3.024,3.024,3.024,0.0
2017-12-18,3.045,3.045,3.045,3.045,0.0
2017-12-19,3.047,3.047,3.047,3.047,0.0
2017-12-20,3.033,3.033,3.033,3.033,0.0
2017-12-21,3.05,3.05,3.05,3.05,0.0
2017-12-22,3.073,3.073,3.073,3.073,0.0
2017-12-26,3.074,3.074,3.074,3.074,0.0
2017-12-27,3.055,3.055,3.055,3.055,0.0
2017-12-28,3.034,3.034,3.034,3.034,0.0
2017-12-29,3.038,3.038,3.038,3.038,0.0
2018-01-02,3.031,3.031,3.031,3.031,0.0
2018-01-03,3.032,3.032,3.032,3.032,0.0
2018-01-04,3.064,3.064,3.064,3.064,0.0
2018-01-05,3.05,3.05,3.05,3.05,0.0
2018-01-08,3.045,3.045,3.045,3.045,0.0
2018-01-09,3.03,3.03,3.03,3.03,0.0
2018-01-10,3.031,3.031,3.031,3.031,0.0
2018-01-11,3.037,3.037,3.037,3.037,0.0
2018-01-12,3.024,3.024,3.024,3.024,0.0
2018-01-16,2.987,2.987,2.987,2.987,0.0
2018-01-17,2.981,2.981,2.981,2.981,0.0
2018-01-18,2.979,2.979,2.979,2.979,0.0
2018-01-19,2.989,2.989,2.989,2.989,0.0
2018-01-22,3.008,3.008,3.008,3.008,0.0
2018-01-23,3.02,3.02,3.02,3.02,0.0
2018-01-24,3.033,3.033,3.033,3.033,0.0
2018-01-25,3.069,3.069,3.069,3.069,0.0
2018-01-26,3.04,3.04,3.04,3.04,0.0
2018-01-29,3.042,3.042,3.042,3.042,0.0
2018-01-30,3.048,3.048,3.048,3.048,0.0
2018-01-31,3.022,3.022,3.022,3.022,0.0
2018-02-01,3.031,3.031,3.031,3.031,0.0
2018-02-02,3.044,3.044,3.044,3.044,0.0
2018-02-05,3.066,3.066,3.066,3.066,0.0
2018-02-06,3.06,3.06,3.06,3.06,0.0
2018-02-07,3.028,3.028,3.028,3.028,0.0
2018-02-08,3.036,3.036,3.036,3.036,0.0
2018-02-09,3.01,3.01,3.01,3.01,0.0
2018-02-12,2.995,2.995,2.995,2.995,0.0
2018-02-13,3.004,3.004,3.004,3.004,0.0
2018-02-14,3.007,3.007,3.007,3.007,0.0
2018-02-15,2.997,2.997,2.997,2.997,0.0
2018-02-16,3.013,3.013,3.013,3.013,0.0
2018-02-20,3.013,3.013,3.013,3.013,0.0
2018-02-21,3.031,3.031,3.031,3.031,0.0
2018-02-22,3.038,3.038,3.038,3.038,0.0
2018-02-23,3.03,3.03,3.03,3.03,0.0
2018-02-26,3.027,3.027,3.027,3.027,0.0
2018-02-27,3.032,3.032,3.032,3.032,0.0
2018-02-28,3.007,3.007,3.007,3.007,0.0
2018-03-01,3.022,3.022,3.022,3.022,0.0
2018-03-02,3.039,3.039,3.039,3.039,0.0
2018-03-05,3.057,3.057,3.057,3.057,0.0
2018-03-06,3.07,3.07,3.07,3.07,0.0
2018-03-07,3.062,3.062,3.062,3.062,0.0
2018-03-08,3.019,3.019,3.019,3.019,0.0
2018-03-09,2.984,2.984,2.984,2.984,0.0
2018-03-12,2.985,2.985,2.985,2.985,0.0
2018-03-13,2.997,2.997,2.997,2.997,0.0
2018-03-14,3.017,3.017,3.017,3.017,0.0
2018-03-15,3.051,3.051,3.051,3.051,0.0
2018-03-16,3.062,3.062,3.062,3.062,0.0
2018-03-19,3.052,3.052,3.052,3.052,0.0
2018-03-20,3.057,3.057,3.057,3.057,0.0
2018-03-21,3.065,3.065,3.065,3.065,0.0
2018-03-22,3.053,3.053,3.053,3.053,0.0
2018-03-23,3.003,3.003,3.003,3.003,0.0
2018-03-26,3.031,3.031,3.031,3.031,0.0
2018-03-27,3.043,3.043,3.043,3.043,0.0
2018-03-28,3.049,3.049,3.049,3.049,0.0
2018-03-29,3.086,3.086,3.086,3.086,0.0
2018-04-02,3.068,3.068,3.068,3.068,0.0
2018-04-03,3.051,3.051,3.051,3.051,0.0
2018-04-04,3.025,3.025,3.025,3.025,0.0
2018-04-05,3.041,3.041,3.041,3.041,0.0
2018-04-06,3.035,3.035,3.035,3.035,0.0
2018-04-09,3.027,3.027,3.027,3.027,0.0
2018-04-10,3.036,3.036,3.036,3.036,0.0
2018-04-11,3.057,3.057,3.057,3.057,0.0
2018-04-12,3.066,3.066,3.066,3.066,0.0
2018-04-13,3.059,3.059,3.059,3.059,0.0
2018-04-16,3.061,3.061,3.061,3.061,0.0
2018-04-17,3.049,3.049,3.049,3.049,0.0
2018-04-18,3.039,3.039,3.039,3.039,0.0
2018-04-19,3.032,3.032,3.032,3.032,0.0
2018-04-20,3.04,3.04,3.04,3.04,0.0
2018-04-23,3.041,3.041,3.041,3.041,0.0
2018-04-24,3.034,3.034,3.034,3.034,0.0
2018-04-25,3.027,3.027,3.027,3.027,0.0
2018-04-26,3.022,3.022,3.022,3.022,0.0
2018-04-27,3.024,3.024,3.024,3.024,0.0
2018-04-30,3.016,3.016,3.016,3.016,0.0
2018-05-01,2.996,2.996,2.996,2.996,0.0
2018-05-02,3.004,3.004,3.004,3.004,0.0
2018-05-03,3.006,3.006,3.006,3.006,0.0
2018-05-04,3.004,3.004,3.004,3.004,0.0
2018-05-07,3.002,3.002,3.002,3.002,0.0
2018-05-08,2.957,2.957,2.957,2.957,0.0
2018-05-09,2.943,2.943,2.943,2.943,0.0
2018-05-10,2.939,2.939,2.939,2.939,0.0
2018-05-11,2.942,2.942,2.942,2.942,0.0
2018-05-14,2.941,2.941,2.941,2.941,0.0
2018-05-15,2.959,2.959,2.959,2.959,0.0
2018-05-16,2.949,2.949,2.949,2.949,0.0
2018-05-17,2.956,2.956,2.956,2.956,0.0
2018-05-18,2.971,2.971,2.971,2.971,0.0
2018-05-21,2.966,2.966,2.966,2.966,0.0
2018-05-22,2.963,2.963,2.963,2.963,0.0
2018-05-23,2.94,2.94,2.94,2.94,0.0
2018-05-24,2.934,2.934,2.934,2.934,0.0
2018-05-25,2.906,2.906,2.906,2.906,0.0
2018-05-29,2.883,2.883,2.883,2.883,0.0
2018-05-30,2.894,2.894,2.894,2.894,0.0
2018-05-31,2.852,2.852,2.852,2.852,0.0
2018-06-01,2.842,2.842,2.842,2.842,0.0
2018-06-04,2.856,2.856,2.856,2.856,0.0
2018-06-05,2.866,2.866,2.866,2.866,0.0
2018-06-06,2.875,2.875,2.875,2.875,0.0
2018-06-07,2.87,2.87,2.87,2.87,0.0
2018-06-08,2.872,2.872,2.872,2.872,0.0
2018-06-11,2.857,2.857,2.857,2.857,0.0
2018-06-12,2.871,2.871,2.871,2.871,0.0
2018-06-13,2.895,2.895,2.895,2.895,0.0
2018-06-14,2.904,2.904,2.904,2.904,0.0
2018-06-15,2.909,2.909,2.909,2.909,0.0
2018-06-18,2.933,2.933,2.933,2.933,0.0
2018-06-19,2.931,2.931,2.931,2.931,0.0
2018-06-20,2.93,2.93,2.93,2.93,0.0
2018-06-21,2.909,2.909,2.909,2.909,0.0
2018-06-22,2.911,2.911,2.911,2.911,0.0
2018-06-25,2.907,2.907,2.907,2.907,0.0
2018-06-26,2.904,2.904,2.904,2.904,0.0
2018-06-27,2.907,2.907,2.907,2.907,0.0
2018-06-28,2.895,2.895,2.895,2.895,0.0
2018-06-29,2.892,2.892,2.892,2.892,0.0
2018-07-02,2.883,2.883,2.883,2.883,0.0
2018-07-03,2.877,2.877,2.877,2.877,0.0
2018-07-05,2.879,2.879,2.879,2.879,0.0
2018-07-06,2.878,2.878,2.878,2.878,0.0
2018-07-09,2.869,2.869,2.869,2.869,0.0
2018-07-10,2.869,2.869,2.869,2.869,0.0
2018-07-11,2.847,2.847,2.847,2.847,0.0
2018-07-12,2.844,2.844,2.844,2.844,0.0
2018-07-13,2.839,2.839,2.839,2.839,0.0
2018-07-16,2.806,2.806,2.806,2.806,0.0
2018-07-17,2.796,2.796,2.796,2.796,0.0
2018-07-18,2.789,2.789,2.789,2.789,0.0
2018-07-19,2.787,2.787,2.787,2.787,0.0
2018-07-20,2.793,2.793,2.793,2.793,0.0
2018-07-23,2.802,2.802,2.802,2.802,0.0
2018-07-24,2.811,2.811,2.811,2.811,0.0
2018-07-25,2.836,2.836,2.836,2.836,0.0
2018-07-26,2.832,2.832,2.832,2.832,0.0
2018-07-27,2.852,2.852,2.852,2.852,0.0
2018-07-30,2.856,2.856,2.856,2.856,0.0
2018-07-31,2.859,2.859,2.859,2.859,0.0
2018-08-01,2.829,2.829,2.829,2.829,0.0
2018-08-02,2.833,2.833,2.833,2.833,0.0
2018-08-03,2.833,2.833,2.833,2.833,0.0
2018-08-06,2.824,2.824,2.824,2.824,0.0
2018-08-07,2.846,2.846,2.846,2.846,0.0
2018-08-08,2.859,2.859,2.859,2.859,0.0
2018-08-09,2.856,2.856,2.856,2.856,0.0
2018-08-10,2.862,2.862,2.862,2.862,0.0
2018-08-13,2.863,2.863,2.863,2.863,0.0
2018-08-14,2.862,2.862,2.862,2.862,0.0
2018-08-15,2.863,2.863,2.863,2.863,0.0
2018-08-16,2.853,2.853,2.853,2.853,0.0
2018-08-17,2.855,2.855,2.855,2.855,0.0
2018-08-20,2.854,2.854,2.854,2.854,0.0
2018-08-21,2.87,2.87,2.87,2.87,0.0
2018-08-22,2.857,2.857,2.857,2.857,0.0
2018-08-23,2.854,2.854,2.854,2.854,0.0
2018-08-24,2.844,2.844,2.844,2.844,0.0
2018-08-27,2.813,2.813,2.813,2.813,0.0
2018-08-28,2.789,2.789,2.789,2.789,0.0
2018-08-29,2.793,2.793,2.793,2.793,0.0
2018-08-30,2.774,2.774,2.774,2.774,0.0
2018-08-31,2.788,2.788,2.788,2.788,0.0
2018-09-04,2.77,2.77,2.77,2.77,0.0
2018-09-05,2.775,2.775,2.775,2.775,0.0
2018-09-06,2.794,2.794,2.794,2.794,0.0
2018-09-07,2.793,2.793,2.793,2.793,0.0
2018-09-10,2.801,2.801,2.801,2.801,0.0
2018-09-11,2.798,2.798,2.798,2.798,0.0
2018-09-12,2.808,2.808,2.808,2.808,0.0
2018-09-13,2.824,2.824,2.824,2.824,0.0
2018-09-14,2.828,2.828,2.828,2.828,0.0
2018-09-17,2.832,2.832,2.832,2.832,0.0
2018-09-18,2.833,2.833,2.833,2.833,0.0
2018-09-19,2.829,2.829,2.829,2.829,0.0
2018-09-20,2.833,2.833,2.833,2.833,0.0
2018-09-21,2.831,2.831,2.831,2.831,0.0
2018-09-24,2.829,2.829,2.829,2.829,0.0
2018-09-25,2.831,2.831,2.831,2.831,0.0
2018-09-26,2.84,2.84,2.84,2.84,0.0
2018-09-27,2.841,2.841,2.841,2.841,0.0
2018-09-28,2.842,2.842,2.842,2.842,0.0
2018-10-01,2.847,2.847,2.847,2.847,0.0
2018-10-02,2.845,2.845,2.845,2.845,0.0
2018-10-03,2.844,2.844,2.844,2.844,0.0
2018-10-04,2.845,2.845,2.845,2.845,0.0
2018-10-05,2.848,2.848,2.848,2.848,0.0
2018-10-08,2.853,2.853,2.853,2.853,0.0
2018-10-09,2.848,2.848,2.848,2.848,0.0
2018-10-10,2.844,2.844,2.844,2.844,0.0
2018-10-11,2.869,2.869,2.869,2.869,0.0
2018-10-12,2.879,2.879,2.879,2.879,0.0
2018-10-15,2.878,2.878,2.878,2.878,0.0
2018-10-16,2.888,2.888,2.888,2.888,0.0
2018-10-17,2.883,2.883,2.883,2.883,0.0
2018-10-18,2.882,2.882,2.882,2.882,0.0
2018-10-19,2.879,2.879,2.879,2.879,0.0
2018-10-22,2.88,2.88,2.88,2.88,0.0
2018-10-23,2.879,2.879,2.879,2.879,0.0
2018-10-24,2.876,2.876,2.876,2.876,0.0
2018-10-25,2.866,2.866,2.866,2.866,0.0
2018-10-26,2.868,2.868,2.868,2.868,0.0
2018-10-29,2.869,2.869,2.869,2.869,0.0
2018-10-30,2.887,2.887,2.887,2.887,0.0
2018-10-31,2.886,2.886,2.886,2.886,0.0
2018-11-01,2.891,2.891,2.891,2.891,0.0
2018-11-02,2.898,2.898,2.898,2.898,0.0
2018-11-05,2.912,2.912,2.912,2.912,0.0
2018-11-06,2.928,2.928,2.928,2.928,0.0
2018-11-07,2.926,2.926,2.926,2.926,0.0
2018-11-08,2.927,2.927,2.927,2.927,0.0
2018-11-09,2.93,2.93,2.93,2.93,0.0
2018-11-12,2.953,2.953,2.953,2.953,0.0
2018-11-13,2.932,2.932,2.932,2.932,0.0
2018-11-14,2.916,2.916,2.916,2.916,0.0
2018-11-15,2.931,2.931,2.931,2.931,0.0
2018-11-16,2.902,2.902,2.902,2.902,0.0
2018-11-19,2.889,2.889,2.889,2.889,0.0
2018-11-20,2.887,2.887,2.887,2.887,0.0
2018-11-21,2.885,2.885,2.885,2.885,0.0
2018-11-23,2.91,2.91,2.91,2.91,0.0
2018-11-26,2.903,2.903,2.903,2.903,0.0
2018-11-27,2.899,2.899,2.899,2.899,0.0
2018-11-28,2.9,2.9,2.9,2.9,0.0
2018-11-29,2.939,2.939,2.939,2.939,0.0
2018-11-30,2.969,2.969,2.969,2.969,0.0
2018-12-03,2.941,2.941,2.941,2.941,0.0
2018-12-04,2.927,2.927,2.927,2.927,0.0
2018-12-05,2.918,2.918,2.918,2.918,0.0
2018-12-06,2.929,2.929,2.929,2.929,0.0
2018-12-07,2.936,2.936,2.936,2.936,0.0
2018-12-10,2.937,2.937,2.937,2.937,0.0
2018-12-11,2.912,2.912,2.912,2.912,0.0
2018-12-12,2.914,2.914,2.914,2.914,0.0
2018-12-13,2.882,2.882,2.882,2.882,0.0
2018-12-14,2.892,2.892,2.892,2.892,0.0
2018-12-17,2.891,2.891,2.891,2.891,0.0
2018-12-18,2.89,2.89,2.89,2.89,0.0
2018-12-19,2.913,2.913,2.913,2.913,0.0
2018-12-20,2.928,2.928,2.928,2.928,0.0
2018-12-21,2.931,2.931,2.931,2.931,0.0
2018-12-24,2.93,2.93,2.93,2.93,0.0
2018-12-26,2.927,2.927,2.927,2.927,0.0
2018-12-27,2.925,2.925,2.925,2.925,0.0
2018-12-28,2.922,2.922,2.922,2.922,0.0
2018-12-31,2.929,2.929,2.929,2.929,0.0
2019-01-02,2.929,2.929,2.929,2.929,0.0
2019-01-03,2.918,2.918,2.918,2.918,0.0
2019-01-04,2.926,2.926,2.926,2.926,0.0
2019-01-07,2.928,2.928,2.928,2.928,0.0
2019-01-08,2.927,2.927,2.927,2.927,0.0
2019-01-09,2.927,2.927,2.927,2.927,0.0
2019-01-10,2.924,2.924,2.924,2.924,0.0
2019-01-11,2.933,2.933,2.933,2.933,0.0
2019-01-14,2.932,2.932,2.932,2.932,0.0
2019-01-15,2.924,2.924,2.924,2.924,0.0
2019-01-16,2.893,2.893,2.893,2.893,0.0
2019-01-17,2.891,2.891,2.891,2.891,0.0
2019-01-18,2.904,2.904,2.904,2.904,0.0
2019-01-22,2.917,2.917,2.917,2.917,0.0
2019-01-23,2.895,2.895,2.895,2.895,0.0
2019-01-24,2.876,2.876,2.876,2.876,0.0
2019-01-25,2.921,2.921,2.921,2.921,0.0
2019-01-28,2.905,2.905,2.905,2.905,0.0
2019-01-29,2.908,2.908,2.908,2.908,0.0
2019-01-30,2.91,2.91,2.91,2.91,0.0
2019-01-31,2.911,2.911,2.911,2.911,0.0
2019-02-01,2.912,2.912,2.912,2.912,0.0
2019-02-04,2.899,2.899,2.899,2.899,0.0
2019-02-05,2.942,2.942,2.942,2.942,0.0
2019-02-06,2.939,2.939,2.939,2.939,0.0
2019-02-07,2.935,2.935,2.935,2.935,0.0
2019-02-08,2.937,2.937,2.937,2.937,0.0
2019-02-11,2.942,2.942,2.942,2.942,0.0
2019-02-12,2.95,2.95,2.95,2.95,0.0
2019-02-13,2.951,2.951,2.951,2.951,0.0
2019-02-14,2.955,2.955,2.955,2.955,0.0
2019-02-15,2.935,2.935,2.935,2.935,0.0
2019-02-19,2.926,2.926,2.926,2.926,0.0
2019-02-20,2.938,2.938,2.938,2.938,0.0
2019-02-21,2.925,2.925,2.925,2.925,0.0
2019-02-22,2.922,2.922,2.922,2.922,0.0
2019-02-25,2.914,2.914,2.914,2.914,0.0
2019-02-26,2.896,2.896,2.896,2.896,0.0
2019-02-27,2.932,2.932,2.932,2.932,0.0
2019-02-28,2.943,2.943,2.943,2.943,0.0
2019-03-01,2.942,2.942,2.942,2.942,0.0
2019-03-04,2.938,2.938,2.938,2.938,0.0
2019-03-05,2.936,2.936,2.936,2.936,0.0
2019-03-06,2.939,2.939,2.939,2.939,0.0
2019-03-07,2.944,2.944,2.944,2.944,0.0
2019-03-08,2.944,2.944,2.944,2.944,0.0
2019-03-11,2.971,2.971,2.971,2.971,0.0
2019-03-12,2.986,2.986,2.986,2.986,0.0
2019-03-13,2.995,2.995,2.995,2.995,0.0
2019-03-14,3.003,3.003,3.003,3.003,0.0
2019-03-15,3.004,3.004,3.004,3.004,0.0
2019-03-18,3.004,3.004,3.004,3.004,0.0
2019-03-19,3.005,3.005,3.005,3.005,0.0
2019-03-20,3.003,3.003,3.003,3.003,0.0
2019-03-21,3.013,3.013,3.013,3.013,0.0
2019-03-22,3.003,3.003,3.003,3.003,0.0
2019-03-25,3.002,3.002,3.002,3.002,0.0
2019-03-26,3.004,3.004,3.004,3.004,0.0
2019-03-27,2.995,2.995,2.995,2.995,0.0
2019-03-28,2.998,2.998,2.998,2.998,0.0
2019-03-29,2.997,2.997,2.997,2.997,0.0
2019-04-01,2.996,2.996,2.996,2.996,0.0
2019-04-02,3.003,3.003,3.003,3.003,0.0
2019-04-03,2.986,2.986,2.986,2.986,0.0
2019-04-04,2.994,2.994,2.994,2.994,0.0
2019-04-05,2.99,2.99,2.99,2.99,0.0
2019-04-08,2.993,2.993,2.993,2.993,0.0
2019-04-09,3.0,3.0,3.0,3.0,0.0
2019-04-10,2.978,2.978,2.978,2.978,0.0
2019-04-11,2.976,2.976,2.976,2.976,0.0
2019-04-12,2.976,2.976,2.976,2.976,0.0
2019-04-15,2.976,2.976,2.976,2.976,0.0
2019-04-16,2.977,2.977,2.977,2.977,0.0
2019-04-17,2.967,2.967,2.967,2.967,0.0
2019-04-18,2.952,2.952,2.952,2.952,0.0
2019-04-22,2.94,2.94,2.94,2.94,0.0
2019-04-23,2.935,2.935,2.935,2.935,0.0
2019-04-24,2.945,2.945,2.945,2.945,0.0
2019-04-25,2.955,2.955,2.955,2.955,0.0
2019-04-26,2.952,2.952,2.952,2.952,0.0
2019-04-29,2.959,2.959,2.959,2.959,0.0
2019-04-30,2.964,2.964,2.964,2.964,0.0
2019-05-01,2.966,2.966,2.966,2.966,0.0
2019-05-02,2.963,2.963,2.963,2.963,0.0
2019-05-03,2.963,2.963,2.963,2.963,0.0
2019-05-06,2.966,2.966,2.966,2.966,0.0
2019-05-07,2.966,2.966,2.966,2.966,0.0
2019-05-08,2.96,2.96,2.96,2.96,0.0
2019-05-09,2.967,2.967,2.967,2.967,0.0
2019-05-10,2.958,2.958,2.958,2.958,0.0
2019-05-13,2.961,2.961,2.961,2.961,0.0
2019-05-14,2.972,2.972,2.972,2.972,0.0
2019-05-15,2.973,2.973,2.973,2.973,0.0
2019-05-16,2.969,2.969,2.969,2.969,0.0
2019-05-17,2.973,2.973,2.973,2.973,0.0
2019-05-20,2.978,2.978,2.978,2.978,0.0
2019-05-21,2.981,2.981,2.981,2.981,0.0
2019-05-22,2.945,2.945,2.945,2.945,0.0
2019-05-23,2.957,2.957,2.957,2.957,0.0
2019-05-24,2.967,2.967,2.967,2.967,0.0
2019-05-28,2.975,2.975,2.975,2.975,0.0
2019-05-29,2.956,2.956,2.956,2.956,0.0
2019-05-30,2.954,2.954,2.954,2.954,0.0
2019-05-31,2.952,2.952,2.952,2.952,0.0
2019-06-03,2.94,2.94,2.94,2.94,0.0
2019-06-04,2.945,2.945,2.945,2.945,0.0
2019-06-05,2.933,2.933,2.933,2.933,0.0
2019-06-06,2.949,2.949,2.949,2.949,0.0
2019-06-07,2.95,2.95,2.95,2.95,0.0
2019-06-10,2.939,2.939,2.939,2.939,0.0
2019-06-11,2.939,2.939,2.939,2.939,0.0
2019-06-12,2.936,2.936,2.936,2.936,0.0
2019-06-13,2.937,2.937,2.937,2.937,0.0
2019-06-14,2.942,2.942,2.942,2.942,0.0
2019-06-17,2.945,2.945,2.945,2.945,0.0
2019-06-18,2.928,2.928,2.928,2.928,0.0
2019-06-19,2.929,2.929,2.929,2.929,0.0
2019-06-20,2.933,2.933,2.933,2.933,0.0
2019-06-21,2.948,2.948,2.948,2.948,0.0
2019-06-24,2.948,2.948,2.948,2.948,0.0
2019-06-25,2.947,2.947,2.947,2.947,0.0
2019-06-26,2.939,2.939,2.939,2.939,0.0
2019-06-27,2.935,2.935,2.935,2.935,0.0
2019-06-28,2.907,2.907,2.907,2.907,0.0
2019-07-01,2.9,2.9,2.9,2.9,0.0
2019-07-02,2.896,2.896,2.896,2.896,0.0
2019-07-03,2.888,2.888,2.888,2.888,0.0
2019-07-05,2.914,2.914,2.914,2.914,0.0
2019-07-08,2.91,2.91,2.91,2.91,0.0
2019-07-09,2.923,2.923,2.923,2.923,0.0
2019-07-10,2.915,2.915,2.915,2.915,0.0
2019-07-11,2.923,2.923,2.923,2.923,0.0
2019-07-12,2.931,2.931,2.931,2.931,0.0
2019-07-15,2.936,2.936,2.936,2.936,0.0
2019-07-16,2.912,2.912,2.912,2.912,0.0
2019-07-17,2.909,2.909,2.909,2.909,0.0
2019-07-18,2.928,2.928,2.928,2.928,0.0
2019-07-19,2.921,2.921,2.921,2.921,0.0
2019-07-22,2.886,2.886,2.886,2.886,0.0
2019-07-23,2.893,2.893,2.893,2.893,0.0
2019-07-24,2.886,2.886,2.886,2.886,0.0
2019-07-25,2.887,2.887,2.887,2.887,0.0
2019-07-26,2.873,2.873,2.873,2.873,0.0
2019-07-29,2.862,2.862,2.862,2.862,0.0
2019-07-30,2.865,2.865,2.865,2.865,0.0
2019-07-31,2.871,2.871,2.871,2.871,0.0
2019-08-01,2.874,2.874,2.874,2.874,0.0
2019-08-02,2.861,2.861,2.861,2.861,0.0
2019-08-05,2.859,2.859,2.859,2.859,0.0
2019-08-06,2.86,2.86,2.86,2.86,0.0
2019-08-07,2.865,2.865,2.865,2.865,0.0
2019-08-08,2.849,2.849,2.849,2.849,0.0
2019-08-09,2.825,2.825,2.825,2.825,0.0
2019-08-12,2.814,2.814,2.814,2.814,0.0
2019-08-13,2.795,2.795,2.795,2.795,0.0
2019-08-14,2.773,2.773,2.773,2.773,0.0
2019-08-15,2.773,2.773,2.773,2.773,0.0
2019-08-16,2.745,2.745,2.745,2.745,0.0
2019-08-19,2.747,2.747,2.747,2.747,0.0
2019-08-20,2.741,2.741,2.741,2.741,0.0
2019-08-21,2.742,2.742,2.742,2.742,0.0
2019-08-22,2.731,2.731,2.731,2.731,0.0
2019-08-23,2.761,2.761,2.761,2.761,0.0
2019-08-26,2.768,2.768,2.768,2.768,0.0
2019-08-27,2.783,2.783,2.783,2.783,0.0
2019-08-28,2.802,2.802,2.802,2.802,0.0
2019-08-29,2.804,2.804,2.804,2.804,0.0
2019-08-30,2.766,2.766,2.766,2.766,0.0
2019-09-03,2.776,2.776,2.776,2.776,0.0
2019-09-04,2.747,2.747,2.747,2.747,0.0
2019-09-05,2.754,2.754,2.754,2.754,0.0
2019-09-06,2.741,2.741,2.741,2.741,0.0
2019-09-09,2.705,2.705,2.705,2.705,0.0
2019-09-10,2.709,2.709,2.709,2.709,0.0
2019-09-11,2.723,2.723,2.723,2.723,0.0
2019-09-12,2.728,2.728,2.728,2.728,0.0
2019-09-13,2.708,2.708,2.708,2.708,0.0
2019-09-16,2.738,2.738,2.738,2.738,0.0
2019-09-17,2.706,2.706,2.706,2.706,0.0
2019-09-18,2.719,2.719,2.719,2.719,0.0
2019-09-19,2.713,2.713,2.713,2.713,0.0
2019-09-20,2.724,2.724,2.724,2.724,0.0
2019-09-23,2.721,2.721,2.721,2.721,0.0
2019-09-24,2.705,2.705,2.705,2.705,0.0
2019-09-25,2.704,2.704,2.704,2.704,0.0
2019-09-26,2.705,2.705,2.705,2.705,0.0
2019-09-27,2.694,2.694,2.694,2.694,0.0
2019-09-30,2.741,2.741,2.741,2.741,0.0
2019-10-01,2.69,2.69,2.69,2.69,0.0
2019-10-02,2.708,2.708,2.708,2.708,0.0
2019-10-03,2.693,2.693,2.693,2.693,0.0
2019-10-04,2.683,2.683,2.683,2.683,0.0
2019-10-07,2.687,2.687,2.687,2.687,0.0
2019-10-08,2.663,2.663,2.663,2.663,0.0
2019-10-09,2.674,2.674,2.674,2.674,0.0
2019-10-10,2.675,2.675,2.675,2.675,0.0
2019-10-11,2.686,2.686,2.686,2.686,0.0
2019-10-14,2.701,2.701,2.701,2.701,0.0
2019-10-15,2.707,2.707,2.707,2.707,0.0
2019-10-16,2.709,2.709,2.709,2.709,0.0
2019-10-17,2.706,2.706,2.706,2.706,0.0
2019-10-18,2.701,2.701,2.701,2.701,0.0
2019-10-21,2.696,2.696,2.696,2.696,0.0
2019-10-22,2.7,2.7,2.7,2.7,0.0
2019-10-23,2.694,2.694,2.694,2.694,0.0
2019-10-24,2.698,2.698,2.698,2.698,0.0
2019-10-25,2.696,2.696,2.696,2.696,0.0
2019-10-28,2.705,2.705,2.705,2.705,0.0
2019-10-29,2.721,2.721,2.721,2.721,0.0
2019-10-30,2.728,2.728,2.728,2.728,0.0
2019-10-31,2.726,2.726,2.726,2.726,0.0
2019-11-01,2.735,2.735,2.735,2.735,0.0
2019-11-04,2.696,2.696,2.696,2.696,0.0
2019-11-05,2.685,2.685,2.685,2.685,0.0
2019-11-06,2.682,2.682,2.682,2.682,0.0
2019-11-07,2.663,2.663,2.659,2.659,11.0
2019-11-08,2.666,2.666,2.666,2.666,0.0
2019-11-11,2.657,2.657,2.657,2.657,0.0
2019-11-12,2.637,2.637,2.637,2.637,0.0
2019-11-13,2.618,2.618,2.618,2.618,0.0
2019-11-14,2.62,2.62,2.62,2.62,0.0
2019-11-15,2.618,2.618,2.618,2.618,0.0
2019-11-18,2.622,2.622,2.622,2.622,0.0
2019-11-19,2.624,2.624,2.624,2.624,0.0
2019-11-20,2.633,2.633,2.633,2.633,0.0
2019-11-21,2.64,2.64,2.64,2.64,0.0
2019-11-22,2.64,2.64,2.64,2.64,0.0
2019-11-25,2.627,2.627,2.627,2.627,0.0
2019-11-26,2.621,2.621,2.621,2.621,0.0
2019-11-27,2.625,2.625,2.625,2.625,0.0
2019-11-29,2.583,2.583,2.583,2.583,0.0
2019-12-02,2.609,2.609,2.609,2.609,0.0
2019-12-03,2.618,2.618,2.618,2.618,0.0
2019-12-04,2.617,2.617,2.617,2.617,0.0
2019-12-05,2.609,2.609,2.609,2.609,0.0
2019-12-06,2.582,2.582,2.582,2.582,0.0
2019-12-09,2.571,2.571,2.571,2.571,0.0
2019-12-10,2.58,2.58,2.58,2.58,0.0
2019-12-11,2.577,2.577,2.577,2.577,0.0
2019-12-12,2.582,2.582,2.582,2.582,0.0
2019-12-13,2.565,2.565,2.565,2.565,0.0
2019-12-16,2.574,2.574,2.574,2.574,0.0
2019-12-17,2.576,2.576,2.576,2.576,0.0
2019-12-18,2.547,2.547,2.547,2.547,0.0
2019-12-19,2.537,2.537,2.537,2.537,0.0
2019-12-20,2.528,2.528,2.528,2.528,0.0
2019-12-23,2.535,2.535,2.535,2.535,0.0
2019-12-24,2.533,2.533,2.533,2.533,0.0
2019-12-26,2.521,2.521,2.521,2.521,0.0
2019-12-27,2.519,2.519,2.519,2.519,0.0
2019-12-30,2.516,2.516,2.516,2.516,0.0
2019-12-31,2.525,2.525,2.525,2.525,0.0
2020-01-02,2.52,2.52,2.52,2.52,0.0
2020-01-03,2.52,2.52,2.52,2.52,0.0
2020-01-06,2.524,2.524,2.524,2.524,0.0
2020-01-07,2.531,2.531,2.531,2.531,0.0
2020-01-08,2.534,2.534,2.534,2.534,0.0
2020-01-09,2.545,2.545,2.545,2.545,0.0
2020-01-10,2.547,2.547,2.547,2.547,0.0
2020-01-13,2.547,2.547,2.547,2.547,0.0
2020-01-14,2.546,2.546,2.546,2.546,0.0
2020-01-15,2.545,2.545,2.545,2.545,0.0
2020-01-16,2.552,2.552,2.552,2.552,0.0
2020-01-17,2.562,2.562,2.562,2.562,0.0
2020-01-21,2.552,2.552,2.552,2.552,0.0
2020-01-22,2.541,2.541,2.541,2.541,0.0
2020-01-23,2.533,2.533,2.533,2.533,0.0
2020-01-24,2.523,2.523,2.523,2.523,0.0
2020-01-27,2.495,2.495,2.495,2.495,0.0
2020-01-28,2.505,2.505,2.505,2.505,0.0
2020-01-29,2.495,2.495,2.495,2.495,0.0
2020-01-30,2.495,2.495,2.495,2.495,0.0
2020-01-31,2.496,2.496,2.496,2.496,0.0
2020-02-03,2.491,2.491,2.491,2.491,0.0
2020-02-04,2.487,2.487,2.487,2.487,0.0
2020-02-05,2.464,2.464,2.464,2.464,0.0
2020-02-06,2.468,2.468,2.468,2.468,0.0
2020-02-07,2.486,2.486,2.486,2.486,0.0
2020-02-10,2.478,2.478,2.478,2.478,0.0
2020-02-11,2.478,2.478,2.478,2.478,0.0
2020-02-12,2.485,2.485,2.485,2.485,0.0
2020-02-13,2.475,2.475,2.475,2.475,0.0
2020-02-14,2.468,2.468,2.468,2.468,0.0
2020-02-18,2.454,2.454,2.454,2.454,0.0
2020-02-19,2.47,2.47,2.47,2.47,0.0
2020-02-20,2.465,2.465,2.465,2.465,0.0
2020-02-21,2.495,2.495,2.495,2.495,0.0
2020-02-24,2.501,2.501,2.501,2.501,0.0
2020-02-25,2.504,2.504,2.504,2.504,0.0
2020-02-26,2.527,2.527,2.527,2.527,0.0
2020-02-27,2.517,2.517,2.517,2.517,0.0
2020-02-28,2.529,2.529,2.529,2.529,0.0
2020-03-02,2.557,2.557,2.557,2.557,0.0
2020-03-03,2.553,2.553,2.553,2.553,0.0
2020-03-04,2.542,2.542,2.542,2.542,0.0
2020-03-05,2.517,2.517,2.517,2.517,0.0
2020-03-06,2.53,2.53,2.53,2.53,0.0
2020-03-09,2.567,2.567,2.567,2.567,0.0
2020-03-10,2.567,2.567,2.567,2.567,0.0
2020-03-11,2.529,2.529,2.529,2.529,0.0
2020-03-12,2.479,2.479,2.479,2.479,0.0
2020-03-13,2.47,2.47,2.47,2.47,0.0
2020-03-16,2.459,2.459,2.459,2.459,0.0
2020-03-17,2.488,2.488,2.488,2.488,0.0
2020-03-18,2.494,2.494,2.494,2.494,0.0
2020-03-19,2.507,2.507,2.507,2.507,0.0
2020-03-20,2.501,2.501,2.501,2.501,0.0
2020-03-23,2.496,2.496,2.496,2.496,0.0
2020-03-24,2.477,2.477,2.477,2.477,0.0
2020-03-25,2.472,2.472,2.472,2.472,0.0
2020-03-26,2.46,2.46,2.438,2.438,1.0
2020-03-27,2.46,2.46,2.46,2.46,0.0
2020-03-30,2.468,2.468,2.468,2.468,0.0
2020-03-31,2.47,2.47,2.47,2.47,0.0
2020-04-01,2.44,2.44,2.44,2.44,0.0
2020-04-02,2.426,2.426,2.426,2.426,0.0
2020-04-03,2.41,2.41,2.41,2.41,0.0
2020-04-06,2.426,2.426,2.426,2.426,0.0
2020-04-07,2.42,2.42,2.42,2.42,0.0
2020-04-08,2.437,2.437,2.437,2.437,0.0
2020-04-09,2.454,2.454,2.454,2.454,0.0
2020-04-13,2.482,2.482,2.482,2.482,0.0
2020-04-14,2.464,2.464,2.464,2.464,0.0
2020-04-15,2.433,2.433,2.433,2.433,0.0
2020-04-16,2.438,2.438,2.438,2.438,0.0
2020-04-17,2.444,2.444,2.444,2.444,0.0
2020-04-20,2.462,2.462,2.462,2.462,0.0
2020-04-21,2.445,2.445,2.445,2.445,0.0
2020-04-22,2.473,2.473,2.473,2.473,0.0
2020-04-23,2.427,2.427,2.427,2.427,0.0
2020-04-24,2.425,2.425,2.425,2.425,0.0
2020-04-27,2.451,2.451,2.451,2.451,0.0
2020-04-28,2.443,2.443,2.443,2.443,0.0
2020-04-29,2.438,2.438,2.438,2.438,0.0
2020-04-30,2.413,2.413,2.413,2.413,0.0
2020-05-01,2.396,2.396,2.396,2.396,0.0
2020-05-04,2.398,2.398,2.398,2.398,0.0
2020-05-05,2.385,2.385,2.385,2.385,0.0
2020-05-06,2.424,2.424,2.424,2.424,0.0
2020-05-07,2.406,2.406,2.406,2.406,0.0
2020-05-08,2.415,2.415,2.415,2.415,0.0
2020-05-11,2.402,2.402,2.402,2.402,0.0
2020-05-12,2.406,2.406,2.406,2.406,0.0
2020-05-13,2.381,2.381,2.381,2.381,0.0
2020-05-14,2.412,2.412,2.363,2.363,23.0
2020-05-15,2.394,2.394,2.394,2.394,0.0
2020-05-18,2.412,2.412,2.412,2.412,0.0
2020-05-19,2.409,2.409,2.409,2.409,0.0
2020-05-20,2.376,2.376,2.376,2.376,0.0
2020-05-21,2.367,2.367,2.367,2.367,0.0
2020-05-22,2.405,2.405,2.405,2.405,0.0
2020-05-26,2.4,2.4,2.4,2.4,0.0
2020-05-27,2.434,2.434,2.434,2.434,0.0
2020-05-28,2.426,2.426,2.426,2.426,0.0
2020-05-29,2.42,2.42,2.42,2.42,0.0
2020-06-01,2.397,2.397,2.397,2.397,0.0
2020-06-02,2.402,2.402,2.402,2.402,0.0
2020-06-03,2.389,2.389,2.389,2.389,0.0
2020-06-04,2.398,2.398,2.398,2.398,0.0
2020-06-05,2.392,2.392,2.392,2.392,0.0
2020-06-08,2.406,2.406,2.406,2.406,0.0
2020-06-09,2.414,2.414,2.414,2.414,0.0
2020-06-10,2.4,2.4,2.4,2.4,0.0
2020-06-11,2.395,2.395,2.395,2.395,0.0
2020-06-12,2.384,2.384,2.384,2.384,0.0
2020-06-15,2.411,2.411,2.411,2.411,0.0
2020-06-16,2.405,2.405,2.405,2.405,0.0
2020-06-17,2.392,2.392,2.392,2.392,0.0
2020-06-18,2.403,2.403,2.403,2.403,0.0
2020-06-19,2.386,2.386,2.386,2.386,0.0
2020-06-22,2.374,2.374,2.374,2.374,0.0
2020-06-23,2.373,2.373,2.373,2.373,0.0
2020-06-24,2.368,2.368,2.368,2.368,0.0
2020-06-25,2.382,2.382,2.382,2.382,0.0
2020-06-26,2.404,2.404,2.404,2.404,0.0
2020-06-29,2.402,2.402,2.402,2.402,0.0
2020-06-30,2.402,2.402,2.402,2.402,0.0
2020-07-01,2.415,2.415,2.415,2.415,0.0
2020-07-02,2.447,2.447,2.447,2.447,0.0
2020-07-06,2.426,2.426,2.426,2.426,0.0
2020-07-07,2.419,2.419,2.419,2.419,0.0
2020-07-08,2.447,2.447,2.447,2.447,0.0
2020-07-09,2.447,2.447,2.447,2.447,0.0
2020-07-10,2.443,2.443,2.443,2.443,0.0
2020-07-13,2.439,2.439,2.439,2.439,0.0
2020-07-14,2.438,2.438,2.438,2.438,0.0
2020-07-15,2.448,2.448,2.448,2.448,0.0
2020-07-16,2.441,2.441,2.441,2.441,0.0
2020-07-17,2.438,2.438,2.438,2.438,0.0
2020-07-20,2.429,2.429,2.429,2.429,0.0
2020-07-21,2.442,2.442,2.442,2.442,0.0
2020-07-22,2.451,2.451,2.451,2.451,0.0
2020-07-23,2.513,2.513,2.513,2.513,0.0
2020-07-24,2.547,2.547,2.547,2.547,0.0
2020-07-27,2.598,2.598,2.598,2.598,0.0
2020-07-28,2.595,2.595,2.595,2.595,0.0
2020-07-29,2.6,2.6,2.6,2.6,0.0
2020-07-30,2.596,2.596,2.596,2.596,0.0
2020-07-31,2.614,2.614,2.614,2.614,0.0
2020-08-03,2.608,2.608,2.608,2.608,0.0
2020-08-04,2.602,2.602,2.602,2.602,0.0
2020-08-05,2.636,2.636,2.636,2.636,0.0
2020-08-06,2.661,2.661,2.661,2.661,0.0
2020-08-07,2.693,2.693,2.693,2.693,0.0
2020-08-10,2.661,2.661,2.661,2.661,0.0
2020-08-11,2.576,2.576,2.576,2.576,0.0
2020-08-12,2.543,2.543,2.543,2.543,0.0
2020-08-13,2.563,2.563,2.563,2.563,0.0
2020-08-14,2.554,2.554,2.554,2.554,0.0
2020-08-17,2.554,2.554,2.554,2.554,0.0
2020-08-18,2.549,2.549,2.549,2.549,0.0
2020-08-19,2.544,2.544,2.544,2.544,0.0
2020-08-20,2.542,2.542,2.542,2.542,0.0
2020-08-21,2.537,2.537,2.537,2.537,0.0
2020-08-24,2.532,2.532,2.532,2.532,0.0
2020-08-25,2.525,2.525,2.525,2.525,0.0
2020-08-26,2.553,2.553,2.553,2.553,0.0
2020-08-27,2.562,2.562,2.562,2.562,0.0
2020-08-28,2.55,2.55,2.55,2.55,0.0
2020-08-31,2.524,2.524,2.524,2.524,0.0
2020-09-01,2.522,2.522,2.522,2.522,0.0
2020-09-02,2.516,2.516,2.516,2.516,0.0
2020-09-03,2.513,2.513,2.513,2.513,0.0
2020-09-04,2.519,2.519,2.519,2.519,0.0
2020-09-08,2.52,2.52,2.52,2.52,0.0
2020-09-09,2.506,2.506,2.506,2.506,0.0
2020-09-10,2.488,2.488,2.488,2.488,0.0
2020-09-11,2.465,2.465,2.465,2.465,0.0
2020-09-14,2.453,2.453,2.453,2.453,0.0
2020-09-15,2.46,2.46,2.46,2.46,0.0
2020-09-16,2.458,2.458,2.458,2.458,0.0
2020-09-17,2.452,2.452,2.452,2.452,0.0
2020-09-18,2.473,2.473,2.473,2.473,0.0
2020-09-21,2.453,2.453,2.453,2.453,0.0
2020-09-22,2.468,2.468,2.468,2.468,0.0
2020-09-23,2.508,2.508,2.508,2.508,0.0
2020-09-24,2.518,2.518,2.518,2.518,0.0
2020-09-25,2.525,2.525,2.525,2.525,0.0
2020-09-28,2.533,2.533,2.533,2.533,0.0
2020-09-29,2.504,2.504,2.504,2.504,0.0
2020-09-30,2.485,2.485,2.485,2.485,0.0
2020-10-01,2.465,2.465,2.465,2.465,0.0
2020-10-02,2.444,2.444,2.444,2.444,0.0
2020-10-05,2.422,2.422,2.422,2.422,0.0
2020-10-06,2.429,2.429,2.429,2.429,0.0
2020-10-07,2.452,2.452,2.452,2.452,0.0
2020-10-08,2.427,2.427,2.427,2.427,0.0
2020-10-09,2.457,2.457,2.457,2.457,0.0
2020-10-12,2.443,2.443,2.443,2.443,0.0
2020-10-13,2.423,2.423,2.423,2.423,0.0
2020-10-14,2.45,2.45,2.45,2.45,0.0
2020-10-15,2.461,2.461,2.461,2.461,0.0
2020-10-16,2.464,2.464,2.464,2.464,0.0
2020-10-19,2.507,2.507,2.507,2.507,0.0
2020-10-20,2.448,2.448,2.448,2.448,0.0
2020-10-21,2.469,2.469,2.469,2.469,0.0
2020-10-22,2.471,2.471,2.471,2.471,0.0
2020-10-23,2.434,2.434,2.434,2.434,0.0
2020-10-26,2.402,2.402,2.402,2.402,0.0
2020-10-27,2.433,2.433,2.433,2.433,0.0
2020-10-28,2.46,2.46,2.46,2.46,0.0
2020-10-29,2.472,2.472,2.472,2.472,0.0
2020-10-30,2.489,2.489,2.489,2.489,0.0
2020-11-02,2.477,2.477,2.477,2.477,0.0
2020-11-03,2.517,2.517,2.517,2.517,0.0
2020-11-04,2.514,2.514,2.514,2.514,0.0
2020-11-05,2.509,2.509,2.509,2.509,0.0
2020-11-06,2.499,2.499,2.499,2.499,0.0
2020-11-09,2.495,2.495,2.495,2.495,0.0
2020-11-10,2.505,2.505,2.505,2.505,0.0
2020-11-11,2.52,2.52,2.52,2.52,0.0
2020-11-12,2.517,2.517,2.517,2.517,0.0
2020-11-13,2.497,2.497,2.497,2.497,0.0
2020-11-16,2.501,2.501,2.501,2.501,0.0
2020-11-17,2.518,2.518,2.518,2.518,0.0
2020-11-18,2.542,2.542,2.542,2.542,0.0
2020-11-19,2.542,2.542,2.542,2.542,0.0
2020-11-20,2.535,2.535,2.535,2.535,0.0
2020-11-23,2.529,2.529,2.529,2.529,0.0
2020-11-24,2.531,2.531,2.531,2.531,0.0
2020-11-25,2.514,2.514,2.514,2.514,0.0
2020-11-27,2.51,2.51,2.51,2.51,0.0
2020-11-30,2.496,2.496,2.496,2.496,0.0
2020-12-01,2.554,2.554,2.554,2.554,0.0
2020-12-02,2.579,2.579,2.579,2.579,0.0
2020-12-03,2.543,2.543,2.543,2.543,0.0
2020-12-04,2.566,2.566,2.566,2.566,0.0
2020-12-07,2.537,2.537,2.537,2.537,0.0
2020-12-08,2.525,2.525,2.525,2.525,0.0
2020-12-09,2.542,2.542,2.542,2.542,0.0
2020-12-10,2.547,2.547,2.547,2.547,0.0
2020-12-11,2.561,2.561,2.561,2.561,0.0
2020-12-14,2.56,2.56,2.56,2.56,0.0
2020-12-15,2.545,2.545,2.545,2.545,0.0
2020-12-16,2.557,2.557,2.557,2.557,0.0
2020-12-17,2.545,2.545,2.545,2.545,0.0
2020-12-18,2.559,2.559,2.559,2.559,0.0
2020-12-21,2.53,2.53,2.53,2.53,0.0
2020-12-22,2.539,2.539,2.539,2.539,0.0
2020-12-23,2.529,2.529,2.529,2.529,0.0
2020-12-24,2.541,2.541,2.541,2.541,0.0
2020-12-28,2.47,2.47,2.47,2.47,0.0
2020-12-29,2.524,2.524,2.524,2.524,0.0
2020-12-30,2.508,2.508,2.508,2.508,0.0
2020-12-31,2.527,2.527,2.527,2.527,0.0
2021-01-04,2.535,2.535,2.535,2.535,0.0
2021-01-05,2.553,2.553,2.553,2.553,0.0
2021-01-06,2.586,2.586,2.586,2.586,0.0
2021-01-07,2.558,2.558,2.558,2.558,0.0
2021-01-08,2.542,2.542,2.542,2.542,0.0
2021-01-11,2.537,2.537,2.537,2.537,0.0
2021-01-12,2.559,2.559,2.559,2.559,0.0
2021-01-13,2.585,2.585,2.585,2.585,0.0
2021-01-14,2.533,2.533,2.533,2.533,0.0
2021-01-15,2.569,2.569,2.569,2.569,0.0
2021-01-19,2.558,2.558,2.558,2.558,0.0
2021-01-20,2.572,2.572,2.572,2.572,0.0
2021-01-21,2.574,2.574,2.574,2.574,0.0
2021-01-22,2.589,2.589,2.589,2.589,0.0
2021-01-25,2.546,2.546,2.546,2.546,0.0
2021-01-26,2.575,2.575,2.575,2.575,0.0
2021-01-27,2.59,2.59,2.59,2.59,0.0
2021-01-28,2.589,2.589,2.589,2.589,0.0
2021-01-29,2.595,2.595,2.595,2.595,0.0
2021-02-01,2.599,2.599,2.599,2.599,0.0
2021-02-02,2.595,2.595,2.595,2.595,0.0
2021-02-03,2.576,2.576,2.576,2.576,0.0
2021-02-04,2.552,2.552,2.552,2.552,0.0
2021-02-05,2.561,2.561,2.561,2.561,0.0
2021-02-08,2.581,2.581,2.581,2.581,0.0
2021-02-09,2.581,2.581,2.581,2.581,0.0
2021-02-10,2.586,2.586,2.586,2.586,0.0
2021-02-11,2.573,2.573,2.573,2.573,0.0
2021-02-12,2.567,2.567,2.567,2.567,0.0
2021-02-16,2.584,2.584,2.584,2.584,0.0
2021-02-17,2.579,2.579,2.579,2.579,0.0
2021-02-18,2.577,2.577,2.577,2.577,0.0
2021-02-19,2.573,2.573,2.573,2.573,0.0
2021-02-22,2.575,2.575,2.575,2.575,0.0
2021-02-23,2.58,2.58,2.58,2.58,0.0
2021-02-24,2.574,2.574,2.574,2.574,0.0
2021-02-25,2.538,2.538,2.538,2.538,0.0
2021-02-26,2.556,2.556,2.556,2.556,0.0
2021-03-01,2.574,2.574,2.574,2.574,0.0
2021-03-02,2.583,2.583,2.583,2.583,0.0
2021-03-03,2.558,2.558,2.558,2.558,0.0
2021-03-04,2.533,2.533,2.533,2.533,0.0
2021-03-05,2.539,2.539,2.539,2.539,0.0
2021-03-08,2.557,2.557,2.557,2.557,0.0
2021-03-09,2.564,2.564,2.564,2.564,0.0
2021-03-10,2.576,2.576,2.576,2.576,0.0
2021-03-11,2.565,2.565,2.565,2.565,0.0
2021-03-12,2.577,2.577,2.577,2.577,0.0
2021-03-15,2.55,2.55,2.55,2.55,0.0
2021-03-16,2.579,2.579,2.579,2.579,0.0
2021-03-17,2.56,2.56,2.56,2.56,0.0
2021-03-18,2.567,2.567,2.567,2.567,0.0
2021-03-19,2.573,2.573,2.573,2.573,0.0
2021-03-22,2.569,2.569,2.569,2.569,0.0
2021-03-23,2.583,2.583,2.583,2.583,0.0
2021-03-24,2.586,2.586,2.586,2.586,0.0
2021-03-25,2.586,2.586,2.586,2.586,0.0
2021-03-26,2.574,2.574,2.574,2.574,0.0
2021-03-29,2.579,2.579,2.579,2.579,0.0
2021-03-30,2.586,2.586,2.586,2.586,0.0
2021-03-31,2.607,2.607,2.607,2.607,0.0
2021-04-01,2.622,2.622,2.622,2.622,0.0
2021-04-05,2.609,2.609,2.609,2.609,0.0
2021-04-06,2.601,2.601,2.601,2.601,0.0
2021-04-07,2.604,2.604,2.604,2.604,0.0
2021-04-08,2.604,2.604,2.604,2.604,0.0
2021-04-09,2.638,2.638,2.638,2.638,0.0
2021-04-12,2.647,2.647,2.647,2.647,0.0
2021-04-13,2.63,2.63,2.63,2.63,0.0
2021-04-14,2.639,2.639,2.639,2.639,0.0
2021-04-15,2.645,2.645,2.645,2.645,0.0
2021-04-16,2.658,2.658,2.658,2.658,0.0
2021-04-19,2.652,2.652,2.652,2.652,0.0
2021-04-20,2.627,2.627,2.627,2.627,0.0
2021-04-21,2.614,2.614,2.614,2.614,0.0
2021-04-22,2.595,2.595,2.595,2.595,0.0
2021-04-23,2.603,2.603,2.603,2.603,0.0
2021-04-26,2.598,2.598,2.589,2.589,8.0
2021-04-27,2.6,2.6,2.6,2.6,0.0
2021-04-28,2.602,2.602,2.602,2.602,0.0
2021-04-29,2.604,2.604,2.604,2.604,0.0
2021-04-30,2.619,2.619,2.619,2.619,0.0
2021-05-03,2.622,2.622,2.622,2.622,0.0
2021-05-04,2.631,2.631,2.631,2.631,0.0
2021-05-05,2.633,2.633,2.633,2.633,0.0
2021-05-06,2.623,2.623,2.623,2.623,0.0
2021-05-07,2.63,2.63,2.63,2.63,0.0
2021-05-10,2.633,2.633,2.633,2.633,0.0
2021-05-11,2.63,2.63,2.63,2.63,0.0
2021-05-12,2.629,2.629,2.629,2.629,0.0
2021-05-13,2.619,2.619,2.619,2.619,0.0
2021-05-14,2.625,2.625,2.625,2.625,0.0
2021-05-17,2.629,2.629,2.629,2.629,0.0
2021-05-18,2.608,2.608,2.608,2.608,0.0
2021-05-19,2.612,2.612,2.612,2.612,0.0
2021-05-20,2.617,2.617,2.617,2.617,0.0
2021-05-21,2.629,2.629,2.629,2.629,0.0
2021-05-24,2.623,2.623,2.623,2.623,0.0
2021-05-25,2.634,2.634,2.634,2.634,0.0
2021-05-26,2.623,2.623,2.623,2.623,0.0
2021-05-27,2.62,2.62,2.62,2.62,0.0
2021-05-28,2.63,2.63,2.63,2.63,0.0
2021-06-01,2.632,2.632,2.632,2.632,0.0
2021-06-02,2.642,2.642,2.642,2.642,0.0
2021-06-03,2.644,2.644,2.644,2.644,0.0
2021-06-04,2.695,2.695,2.695,2.695,0.0
2021-06-07,2.666,2.666,2.666,2.666,0.0
2021-06-08,2.647,2.647,2.647,2.647,0.0
2021-06-09,2.654,2.654,2.654,2.654,0.0
2021-06-10,2.643,2.643,2.643,2.643,0.0
2021-06-11,2.642,2.642,2.642,2.642,0.0
2021-06-14,2.651,2.651,2.651,2.651,0.0
2021-06-15,2.636,2.636,2.636,2.636,0.0
2021-06-16,2.669,2.669,2.669,2.669,0.0
2021-06-17,2.674,2.674,2.674,2.674,0.0
2021-06-18,2.668,2.668,2.668,2.668,0.0
2021-06-21,2.665,2.665,2.665,2.665,0.0
2021-06-22,2.665,2.665,2.665,2.665,0.0
2021-06-23,2.666,2.666,2.666,2.666,0.0
2021-06-24,2.654,2.654,2.654,2.654,0.0
2021-06-25,2.702,2.702,2.702,2.702,0.0
2021-06-28,2.712,2.712,2.712,2.712,0.0
2021-06-29,2.74,2.74,2.74,2.74,0.0
2021-06-30,2.736,2.736,2.736,2.736,0.0
2021-07-01,2.724,2.724,2.724,2.724,0.0
2021-07-02,2.716,2.716,2.716,2.716,0.0
2021-07-06,2.708,2.708,2.708,2.708,0.0
2021-07-07,2.72,2.72,2.72,2.72,0.0
2021-07-08,2.732,2.732,2.732,2.732,0.0
2021-07-09,2.751,2.751,2.751,2.751,0.0
2021-07-12,2.756,2.756,2.756,2.756,0.0
2021-07-13,2.755,2.755,2.755,2.755,0.0
2021-07-14,2.748,2.748,2.748,2.748,0.0
2021-07-15,2.743,2.743,2.743,2.743,0.0
2021-07-16,2.749,2.749,2.749,2.749,0.0
2021-07-19,2.759,2.759,2.759,2.759,0.0
2021-07-20,2.771,2.771,2.771,2.771,0.0
2021-07-21,2.754,2.754,2.754,2.754,0.0
2021-07-22,2.756,2.756,2.756,2.756,0.0
2021-07-23,2.762,2.762,2.762,2.762,0.0
2021-07-26,2.77,2.77,2.77,2.77,0.0
2021-07-27,2.747,2.747,2.747,2.747,0.0
2021-07-28,2.739,2.739,2.739,2.739,0.0
2021-07-29,2.714,2.714,2.714,2.714,0.0
2021-07-30,2.734,2.734,2.734,2.734,0.0
2021-08-02,2.753,2.753,2.753,2.753,0.0
2021-08-03,2.745,2.745,2.745,2.745,0.0
2021-08-04,2.755,2.755,2.755,2.755,0.0
2021-08-05,2.746,2.746,2.746,2.746,0.0
2021-08-06,2.755,2.755,2.755,2.755,0.0
2021-08-09,2.771,2.771,2.771,2.771,0.0
2021-08-10,2.768,2.768,2.768,2.768,0.0
2021-08-11,2.783,2.783,2.783,2.783,0.0
2021-08-12,2.841,2.841,2.841,2.841,0.0
2021-08-13,2.808,2.808,2.808,2.808,0.0
2021-08-16,2.811,2.811,2.811,2.811,0.0
2021-08-17,2.824,2.824,2.824,2.824,2.0
2021-08-18,2.822,2.822,2.822,2.822,0.0
2021-08-19,2.833,2.833,2.833,2.833,0.0
2021-08-20,2.827,2.827,2.827,2.827,0.0
2021-08-23,2.824,2.824,2.824,2.824,0.0
2021-08-24,2.826,2.826,2.826,2.826,0.0
2021-08-25,2.825,2.825,2.825,2.825,0.0
2021-08-26,2.851,2.851,2.851,2.851,0.0
2021-08-27,2.848,2.848,2.848,2.848,0.0
2021-08-30,2.851,2.851,2.851,2.851,0.0
2021-08-31,2.84,2.84,2.84,2.84,7.0
2021-09-01,2.84,2.84,2.84,2.84,0.0
2021-09-02,2.845,2.845,2.845,2.845,0.0
2021-09-03,2.849,2.849,2.849,2.849,0.0
2021-09-07,2.86,2.86,2.86,2.86,20.0
2021-09-08,2.907,2.907,2.907,2.907,5.0
2021-09-09,2.957,2.957,2.957,2.957,0.0
2021-09-10,2.959,2.959,2.959,2.959,0.0
2021-09-13,2.984,2.984,2.984,2.984,0.0
2021-09-14,2.975,2.975,2.975,2.975,0.0
2021-09-15,3.005,3.005,2.926,2.926,6.0
2021-09-16,2.929,2.929,2.929,2.929,6.0
2021-09-17,2.922,2.922,2.922,2.922,0.0
2021-09-20,2.958,2.958,2.958,2.958,0.0
2021-09-21,2.975,2.975,2.975,2.975,0.0
2021-09-22,2.992,2.992,2.992,2.992,0.0
2021-09-23,2.999,2.999,2.999,2.999,0.0
2021-09-24,2.974,2.974,2.974,2.974,5.0
2021-09-27,3.012,3.012,3.012,3.012,5.0
2021-09-28,2.945,2.945,2.945,2.945,0.0
2021-09-29,3.006,3.006,3.006,3.006,5.0
2021-09-30,3.056,3.056,3.018,3.018,6.0
2021-10-01,3.023,3.023,3.023,3.023,6.0
2021-10-04,3.032,3.032,3.032,3.032,0.0
2021-10-05,3.082,3.082,3.072,3.072,1.0
2021-10-06,3.095,3.095,3.095,3.095,1.0
2021-10-07,3.09,3.09,3.09,3.09,0.0
2021-10-08,3.126,3.126,3.126,3.126,0.0
2021-10-11,3.115,3.115,3.115,3.115,0.0
2021-10-12,3.1,3.1,3.1,3.1,0.0
2021-10-13,3.105,3.105,3.105,3.105,0.0
2021-10-14,3.14,3.14,3.14,3.14,0.0
2021-10-15,3.149,3.149,3.149,3.149,0.0
2021-10-18,3.155,3.155,3.155,3.155,5.0
2021-10-19,3.139,3.139,3.139,3.139,0.0
2021-10-20,3.142,3.142,3.142,3.142,0.0
2021-10-21,3.155,3.155,3.155,3.155,0.0
2021-10-22,3.16,3.16,3.16,3.16,0.0
2021-10-25,3.213,3.213,3.213,3.213,0.0
2021-10-26,3.191,3.191,3.191,3.191,0.0
2021-10-27,3.19,3.19,3.128,3.128,2.0
2021-10-28,3.129,3.129,3.129,3.129,0.0
2021-10-29,3.08,3.08,3.08,3.08,1.0
2021-11-01,3.055,3.055,2.975,2.975,2.0
2021-11-02,3.031,3.031,3.031,3.031,0.0
2021-11-03,3.013,3.013,3.013,3.013,0.0
2021-11-04,3.037,3.037,3.037,3.037,0.0
2021-11-05,2.98,2.98,2.98,2.98,0.0
2021-11-08,3.033,3.033,3.033,3.033,0.0
2021-11-09,3.029,3.029,3.029,3.029,0.0
2021-11-10,3.055,3.055,3.055,3.055,0.0
2021-11-11,3.072,3.072,3.072,3.072,0.0
2021-11-12,3.043,3.043,3.043,3.043,0.0
2021-11-15,3.056,3.056,3.056,3.056,0.0
2021-11-16,3.127,3.127,3.127,3.127,0.0
2021-11-17,3.088,3.088,3.088,3.088,0.0
2021-11-18,3.081,3.081,3.081,3.081,0.0
2021-11-19,3.07,3.07,3.07,3.07,0.0
2021-11-22,3.032,3.032,3.032,3.032,0.0
2021-11-23,3.079,3.079,3.079,3.079,0.0
2021-11-24,3.103,3.103,3.103,3.103,0.0
2021-11-26,3.142,3.142,3.142,3.142,0.0
2021-11-29,3.131,3.131,3.131,3.131,0.0
2021-11-30,3.104,3.104,3.104,3.104,0.0
2021-12-01,3.092,3.092,3.092,3.092,0.0
2021-12-02,3.096,3.096,3.096,3.096,0.0
2021-12-03,3.106,3.106,3.106,3.106,0.0
2021-12-06,3.068,3.068,3.068,3.068,0.0
2021-12-07,3.072,3.072,3.072,3.072,0.0
2021-12-08,3.031,3.031,3.031,3.031,0.0
2021-12-09,3.083,3.083,3.083,3.083,5.0
2021-12-10,3.121,3.121,3.121,3.121,21.0
2021-12-13,3.025,3.025,3.025,3.025,24.0
2021-12-14,3.076,3.076,3.076,3.076,0.0
2021-12-15,3.072,3.072,3.072,3.072,0.0
2021-12-16,3.089,3.089,3.089,3.089,0.0
2021-12-17,3.109,3.109,3.109,3.109,0.0
2021-12-20,3.124,3.124,3.124,3.124,0.0
2021-12-21,3.108,3.108,3.108,3.108,0.0
2021-12-22,3.109,3.109,3.109,3.109,0.0
2021-12-23,3.072,3.072,3.072,3.072,0.0
2021-12-27,3.058,3.058,3.058,3.058,0.0
2021-12-28,3.074,3.074,3.074,3.074,0.0
2021-12-29,3.09,3.09,3.09,3.09,0.0
2021-12-30,3.078,3.078,3.078,3.078,0.0
2021-12-31,3.081,3.081,3.081,3.081,0.0
2022-01-03,3.093,3.093,3.093,3.093,0.0
2022-01-04,3.084,3.084,3.084,3.084,0.0
2022-01-05,3.088,3.088,3.088,3.088,0.0
2022-01-06,3.102,3.102,3.102,3.102,0.0
2022-01-07,3.135,3.135,3.135,3.135,0.0
2022-01-10,3.14,3.14,3.14,3.14,0.0
2022-01-11,3.129,3.129,3.129,3.129,0.0
2022-01-12,3.104,3.104,3.104,3.104,0.0
2022-01-13,3.124,3.124,3.107,3.107,2.0
2022-01-14,3.083,3.083,3.083,3.083,0.0
2022-01-18,3.102,3.102,3.102,3.102,0.0
2022-01-19,3.129,3.129,3.129,3.129,0.0
2022-01-20,3.132,3.132,3.132,3.132,5.0
2022-01-21,3.12,3.12,3.12,3.12,0.0
2022-01-24,3.116,3.116,3.116,3.116,0.0
2022-01-25,3.136,3.136,3.136,3.136,0.0
2022-01-26,3.137,3.137,3.137,3.137,0.0
2022-01-27,3.122,3.122,3.122,3.122,0.0
2022-01-28,3.13,3.13,3.13,3.13,0.0
2022-01-31,3.139,3.139,3.139,3.139,0.0
2022-02-01,3.124,3.124,3.124,3.124,0.0
2022-02-02,3.143,3.143,3.143,3.143,0.0
2022-02-03,3.134,3.134,3.134,3.134,25.0
2022-02-04,3.185,3.185,3.185,3.185,15.0
2022-02-07,3.185,3.185,3.185,3.185,0.0
2022-02-08,3.202,3.202,3.202,3.202,0.0
2022-02-09,3.189,3.189,3.189,3.189,0.0
2022-02-10,3.194,3.194,3.194,3.194,35.0
2022-02-11,3.234,3.234,3.234,3.234,0.0
2022-02-14,3.271,3.271,3.271,3.271,35.0
2022-02-15,3.259,3.259,3.259,3.259,0.0
2022-02-16,3.288,3.288,3.288,3.288,0.0
2022-02-17,3.265,3.265,3.265,3.265,10.0
2022-02-18,3.265,3.265,3.265,3.265,0.0
2022-02-22,3.303,3.303,3.303,3.303,15.0
2022-02-23,3.365,3.365,3.365,3.365,19.0
2022-02-24,3.358,3.358,3.358,3.358,19.0
2022-02-25,3.25,3.25,3.25,3.25,0.0
2022-02-28,3.327,3.327,3.327,3.327,0.0
2022-03-01,3.398,3.398,3.398,3.398,0.0
2022-03-02,3.433,3.433,3.433,3.433,30.0
2022-03-03,3.441,3.441,3.441,3.441,0.0
2022-03-04,3.494,3.494,3.494,3.494,10.0
2022-03-07,3.519,3.519,3.519,3.519,0.0
2022-03-08,3.529,3.529,3.529,3.529,5.0
2022-03-09,3.484,3.484,3.484,3.484,6.0
2022-03-10,3.48,3.48,3.48,3.48,0.0
2022-03-11,3.495,3.495,3.495,3.495,0.0
2022-03-14,3.505,3.505,3.505,3.505,0.0
2022-03-15,3.524,3.524,3.524,3.524,5.0
2022-03-16,3.506,3.506,3.506,3.506,3.0
2022-03-17,3.523,3.523,3.523,3.523,0.0
2022-03-18,3.501,3.501,3.501,3.501,0.0
2022-03-21,3.486,3.486,3.486,3.486,0.0
2022-03-22,3.497,3.497,3.497,3.497,7.0
2022-03-23,3.508,3.508,3.508,3.508,0.0
2022-03-24,3.534,3.534,3.534,3.534,0.0
2022-03-25,3.603,3.603,3.603,3.603,0.0
2022-03-28,3.667,3.667,3.667,3.667,25.0
2022-03-29,3.667,3.667,3.667,3.667,5.0
2022-03-30,3.747,3.747,3.747,3.747,1124.0
2022-03-31,3.82,3.82,3.82,3.82,19.0
2022-04-01,3.872,3.872,3.872,3.872,0.0
2022-04-04,3.939,3.939,3.939,3.939,19.0
2022-04-05,4.018,4.018,4.018,4.018,34.0
2022-04-06,4.07,4.07,4.07,4.07,117.0
2022-04-07,4.055,4.055,4.055,4.055,14.0
2022-04-08,4.077,4.077,4.077,4.077,5.0
2022-04-11,4.126,4.126,4.126,4.126,4.0
2022-04-12,4.148,4.148,4.148,4.148,2.0
2022-04-13,4.156,4.156,4.156,4.156,1.0
2022-04-14,4.148,4.148,4.148,4.148,2.0
2022-04-18,4.183,4.183,4.183,4.183,3.0
2022-04-19,4.171,4.171,4.171,4.171,0.0
2022-04-20,4.147,4.147,4.147,4.147,2.0
2022-04-21,4.065,4.065,4.065,4.065,2.0
2022-04-22,3.892,3.892,3.892,3.892,0.0
2022-04-25,3.862,3.862,3.862,3.862,4.0
2022-04-26,3.927,3.927,3.927,3.927,28.0
2022-04-27,3.902,3.902,3.902,3.902,4.0
2022-04-28,3.898,3.898,3.898,3.898,19.0
2022-04-29,3.934,3.934,3.934,3.934,0.0
2022-05-02,3.993,4.035,3.993,4.035,101.0
2022-05-03,4.052,4.052,4.052,4.052,0.0
2022-05-04,4.127,4.127,4.127,4.127,1.0
2022-05-05,4.16,4.16,4.16,4.16,5.0
2022-05-06,4.107,4.107,4.107,4.107,2.0
2022-05-09,3.973,3.973,3.973,3.973,9.0
2022-05-10,4.0,4.0,4.0,4.0,12.0
2022-05-11,4.059,4.059,4.059,4.059,0.0
2022-05-12,4.107,4.107,4.069,4.069,9.0
2022-05-13,4.145,4.145,4.109,4.109,12.0
2022-05-16,4.159,4.159,4.159,4.159,0.0
2022-05-17,4.198,4.198,4.198,4.198,0.0
2022-05-18,4.24,4.24,4.24,4.24,1.0
2022-05-19,4.169,4.169,4.169,4.169,0.0
2022-05-20,4.164,4.164,4.164,4.164,0.0
2022-05-23,4.242,4.242,4.205,4.205,29.0
2022-05-24,4.18,4.18,4.18,4.18,1.0
2022-05-25,4.22,4.22,4.22,4.22,0.0
2022-05-26,4.274,4.274,4.274,4.274,7.0
2022-05-27,4.298,4.298,4.298,4.298,0.0
2022-05-31,4.234,4.234,4.234,4.234,0.0
2022-06-01,4.408,4.408,4.408,4.408,0.0
2022-06-02,4.445,4.445,4.445,4.445,0.0
2022-06-03,4.512,4.512,4.512,4.512,0.0
2022-06-06,4.654,4.654,4.654,4.654,15.0
2022-06-07,4.72,4.72,4.72,4.72,100.0
2022-06-08,4.808,4.808,4.808,4.808,0.0
2022-06-09,4.905,4.905,4.905,4.905,5.0
2022-06-10,4.966,4.966,4.966,4.966,0.0
2022-06-13,4.909,4.909,4.909,4.909,1.0
2022-06-14,4.827,4.827,4.827,4.827,27.0
2022-06-15,4.867,4.867,4.867,4.867,42.0
2022-06-16,4.863,4.863,4.863,4.863,0.0
2022-06-17,4.666,4.666,4.666,4.666,7.0
2022-06-21,4.653,4.653,4.653,4.653,4.0
2022-06-22,4.702,4.702,4.702,4.702,0.0
2022-06-23,4.645,4.645,4.645,4.645,15.0
2022-06-24,4.544,4.544,4.544,4.544,30.0
2022-06-27,4.586,4.586,4.586,4.586,41.0
2022-06-28,4.556,4.556,4.556,4.556,66.0
2022-06-29,4.578,4.578,4.578,4.578,0.0
2022-06-30,4.323,4.323,4.323,4.323,0.0
2022-07-01,4.331,4.331,4.331,4.331,42.0
2022-07-05,4.198,4.198,4.198,4.198,0.0
2022-07-06,4.254,4.29,4.254,4.29,161.0
2022-07-07,4.385,4.385,4.385,4.385,25.0
2022-07-08,4.364,4.364,4.364,4.364,0.0
2022-07-11,4.436,4.436,4.436,4.436,14.0
2022-07-12,4.357,4.357,4.357,4.357,0.0
2022-07-13,4.444,4.444,4.444,4.444,0.0
2022-07-14,4.366,4.366,4.366,4.366,0.0
2022-07-15,4.44,4.44,4.44,4.44,0.0
2022-07-18,4.431,4.431,4.431,4.431,0.0
2022-07-19,4.422,4.422,4.422,4.422,0.0
2022-07-20,4.565,4.565,4.565,4.565,0.0
2022-07-21,4.47,4.47,4.47,4.47,10.0
2022-07-22,4.488,4.488,4.488,4.488,0.0
2022-07-25,4.544,4.544,4.544,4.544,0.0
2022-07-26,4.552,4.552,4.552,4.552,0.0
2022-07-27,4.631,4.631,4.55,4.55,10.0
2022-07-28,4.521,4.521,4.521,4.521,0.0
2022-07-29,4.516,4.516,4.516,4.516,0.0
2022-08-01,4.494,4.494,4.494,4.494,0.0
2022-08-02,4.481,4.481,4.481,4.481,0.0
2022-08-03,4.502,4.502,4.502,4.502,0.0
2022-08-04,4.483,4.483,4.483,4.483,5.0
2022-08-05,4.511,4.511,4.511,4.511,50.0
2022-08-08,4.473,4.473,4.473,4.473,0.0
2022-08-09,4.506,4.506,4.506,4.506,0.0
2022-08-10,4.547,4.547,4.547,4.547,25.0
2022-08-11,4.658,4.658,4.658,4.658,50.0
2022-08-12,4.639,4.639,4.639,4.639,0.0
2022-08-15,4.73,4.73,4.73,4.73,6.0
2022-08-16,4.824,4.824,4.769,4.769,5.0
2022-08-17,4.742,4.742,4.742,4.742,23.0
2022-08-18,4.748,4.748,4.748,4.748,0.0
2022-08-19,4.764,4.764,4.764,4.764,0.0
2022-08-22,4.91,4.91,4.823,4.823,30.0
2022-08-23,4.815,4.815,4.815,4.815,10.0
2022-08-24,4.824,4.824,4.824,4.824,0.0
2022-08-25,4.886,4.886,4.886,4.886,0.0
2022-08-26,4.898,4.898,4.898,4.898,5.0
2022-08-29,4.91,4.938,4.91,4.911,11.0
2022-08-30,4.918,4.918,4.918,4.918,8.0
2022-08-31,4.979,4.979,4.979,4.979,23.0
2022-09-01,5.047,5.047,5.047,5.047,24.0
2022-09-02,5.096,5.096,5.096,5.096,16.0
2022-09-06,5.06,5.06,5.06,5.06,5.0
2022-09-07,4.954,4.954,4.954,4.954,1.0
2022-09-08,4.87,4.87,4.87,4.87,0.0
2022-09-09,4.921,4.921,4.921,4.921,114.0
2022-09-12,4.953,4.953,4.953,4.953,0.0
2022-09-13,4.982,4.982,4.982,4.982,0.0
2022-09-14,5.035,5.035,5.035,5.035,0.0
2022-09-15,4.989,4.989,4.989,4.989,0.0
2022-09-16,4.932,4.932,4.932,4.932,0.0
2022-09-19,4.884,4.884,4.884,4.884,7.0
2022-09-20,4.834,4.834,4.834,4.834,10.0
2022-09-21,4.73,4.73,4.73,4.73,0.0
2022-09-22,4.678,4.678,4.628,4.628,1.0
2022-09-23,4.633,4.633,4.633,4.633,0.0
2022-09-26,4.558,4.558,4.558,4.558,19.0
2022-09-27,4.56,4.56,4.56,4.56,5.0
2022-09-28,4.576,4.576,4.576,4.576,0.0
2022-09-29,4.616,4.616,4.616,4.616,0.0
2022-09-30,4.597,4.597,4.597,4.597,16.0
2022-10-03,4.565,4.565,4.565,4.565,5.0
2022-10-04,4.619,4.619,4.619,4.619,0.0
2022-10-05,4.586,4.586,4.586,4.586,0.0
2022-10-06,4.583,4.583,4.583,4.583,1.0
2022-10-07,4.599,4.599,4.599,4.599,5.0
2022-10-10,4.606,4.606,4.606,4.606,23.0
2022-10-11,4.644,4.644,4.644,4.644,1.0
2022-10-12,4.645,4.645,4.645,4.645,0.0
2022-10-13,4.614,4.614,4.614,4.614,0.0
2022-10-14,4.655,4.664,4.655,4.664,17.0
2022-10-17,4.639,4.639,4.639,4.639,0.0
2022-10-18,4.556,4.556,4.556,4.556,0.0
2022-10-19,4.531,4.531,4.531,4.531,0.0
2022-10-20,4.538,4.538,4.538,4.538,0.0
2022-10-21,4.478,4.478,4.478,4.478,7.0
2022-10-24,4.519,4.519,4.519,4.519,0.0
2022-10-25,4.524,4.524,4.524,4.524,0.0
2022-10-26,4.571,4.571,4.571,4.571,0.0
2022-10-27,4.57,4.57,4.564,4.564,100.0
2022-10-28,4.56,4.56,4.56,4.56,0.0
2022-10-31,4.596,4.596,4.596,4.596,0.0
2022-11-01,4.561,4.561,4.561,4.561,0.0
2022-11-02,4.6,4.6,4.6,4.6,0.0
2022-11-03,4.619,4.619,4.619,4.619,0.0
2022-11-04,4.697,4.697,4.697,4.697,88.0
2022-11-07,4.723,4.723,4.723,4.723,7.0
2022-11-08,4.674,4.674,4.674,4.674,0.0
2022-11-09,4.688,4.688,4.688,4.688,0.0
2022-11-10,4.688,4.688,4.688,4.688,0.0
2022-11-11,4.708,4.708,4.708,4.708,0.0
2022-11-14,4.672,4.672,4.672,4.672,1.0
2022-11-15,4.699,4.699,4.699,4.699,0.0
2022-11-16,4.728,4.728,4.728,4.728,0.0
2022-11-17,4.737,4.737,4.737,4.737,0.0
2022-11-18,4.749,4.749,4.749,4.749,45.0
2022-11-21,4.714,4.714,4.714,4.714,0.0
2022-11-22,4.739,4.739,4.739,4.739,0.0
2022-11-23,4.713,4.713,4.713,4.713,0.0
2022-11-25,4.707,4.707,4.707,4.707,0.0
2022-11-28,4.65,4.65,4.65,4.65,0.0
2022-11-29,4.687,4.687,4.687,4.687,15.0
2022-11-30,4.71,4.71,4.71,4.71,0.0
2022-12-01,4.715,4.715,4.715,4.715,7.0
2022-12-02,4.644,4.644,4.644,4.644,15.0
2022-12-05,4.616,4.616,4.616,4.616,0.0
2022-12-06,4.67,4.67,4.67,4.67,243.0
2022-12-07,4.675,4.675,4.675,4.675,125.0
2022-12-08,4.687,4.687,4.687,4.687,104.0
2022-12-09,4.691,4.691,4.691,4.691,0.0
2022-12-12,4.707,4.707,4.707,4.707,0.0
2022-12-13,4.699,4.699,4.699,4.699,0.0
2022-12-14,4.688,4.688,4.688,4.688,0.0
2022-12-15,4.724,4.724,4.724,4.724,0.0
2022-12-16,4.77,4.77,4.77,4.77,0.0
2022-12-19,4.783,4.799,4.772,4.799,6.0
2022-12-20,4.778,4.778,4.778,4.778,0.0
2022-12-21,4.67,4.67,4.67,4.67,10.0
2022-12-22,4.616,4.616,4.616,4.616,0.0
2022-12-23,4.599,4.599,4.599,4.599,0.0
2022-12-27,4.669,4.669,4.669,4.669,0.0
2022-12-28,4.598,4.598,4.598,4.598,1.0
2022-12-29,4.548,4.548,4.548,4.548,0.0
2022-12-30,4.551,4.551,4.551,4.551,5.0
2023-01-03,4.472,4.472,4.472,4.472,0.0
2023-01-04,4.501,4.501,4.475,4.475,3.0
2023-01-05,4.36,4.36,4.36,4.36,0.0
2023-01-06,4.304,4.304,4.304,4.304,0.0
2023-01-09,4.361,4.361,4.361,4.361,0.0
2023-01-10,4.327,4.327,4.327,4.327,0.0
2023-01-11,4.356,4.356,4.356,4.356,0.0
2023-01-12,4.355,4.355,4.355,4.355,0.0
2023-01-13,4.361,4.361,4.361,4.361,15.0
2023-01-17,4.377,4.377,4.377,4.377,10.0
2023-01-18,4.36,4.36,4.36,4.36,0.0
2023-01-19,4.381,4.381,4.381,4.381,0.0
2023-01-20,4.404,4.404,4.404,4.404,0.0
2023-01-23,4.401,4.401,4.401,4.401,1.0
2023-01-24,4.361,4.361,4.361,4.361,0.0
2023-01-25,4.333,4.333,4.333,4.333,0.0
2023-01-26,4.33,4.33,4.33,4.33,10.0
2023-01-27,4.334,4.334,4.334,4.334,7.0
2023-01-30,4.255,4.255,4.255,4.255,10.0
2023-01-31,4.244,4.244,4.244,4.244,5.0
2023-02-01,4.156,4.156,4.146,4.146,2.0
2023-02-02,4.09,4.09,4.09,4.09,2.0
2023-02-03,4.075,4.075,4.075,4.075,0.0
2023-02-06,4.05,4.05,4.05,4.05,0.0
2023-02-07,4.146,4.146,4.146,4.146,0.0
2023-02-08,4.119,4.119,4.119,4.119,0.0
2023-02-09,4.073,4.073,4.073,4.073,10.0
2023-02-10,4.083,4.083,4.083,4.083,0.0
2023-02-13,4.066,4.066,4.053,4.053,2.0
2023-02-14,4.082,4.082,4.082,4.082,0.0
2023-02-15,4.072,4.079,4.069,4.079,2.0
2023-02-16,4.079,4.079,4.079,4.079,0.0
2023-02-17,4.053,4.053,4.034,4.034,1.0
2023-02-21,3.954,3.954,3.954,3.954,0.0
2023-02-22,3.97,3.97,3.97,3.97,0.0
2023-02-23,3.984,3.984,3.984,3.984,16.0
2023-02-24,4.054,4.054,4.054,4.054,0.0
2023-02-27,4.087,4.087,4.087,4.087,7.0
2023-02-28,4.107,4.107,4.107,4.107,1.0
2023-03-01,4.213,4.213,4.213,4.213,13.0
2023-03-02,4.233,4.256,4.233,4.256,7.0
2023-03-03,4.307,4.307,4.307,4.307,14.0
2023-03-06,4.348,4.348,4.348,4.348,2.0
2023-03-07,4.534,4.534,4.534,4.534,6.0
2023-03-08,4.488,4.488,4.488,4.488,12.0
2023-03-09,4.401,4.401,4.401,4.401,5.0
2023-03-10,4.475,4.475,4.475,4.475,29.0
2023-03-13,4.48,4.48,4.48,4.48,39.0
2023-03-14,4.516,4.516,4.516,4.516,2.0
2023-03-15,4.458,4.474,4.458,4.474,8.0
2023-03-16,4.523,4.523,4.523,4.523,0.0
2023-03-17,4.453,4.453,4.453,4.453,14.0
2023-03-20,4.387,4.387,4.387,4.387,0.0
2023-03-21,4.49,4.49,4.49,4.49,16.0
2023-03-22,4.466,4.466,4.466,4.466,0.0
2023-03-23,4.49,4.508,4.49,4.508,163.0
2023-03-24,4.491,4.491,4.491,4.491,1.0
2023-03-27,4.474,4.474,4.474,4.474,0.0
2023-03-28,4.367,4.367,4.367,4.367,0.0
2023-03-29,4.433,4.433,4.433,4.433,10.0
2023-03-30,4.416,4.416,4.416,4.416,13.0
2023-03-31,4.482,4.482,4.482,4.482,2.0
2023-04-03,4.43,4.43,4.43,4.43,13.0
2023-04-04,4.454,4.454,4.454,4.454,108.0
2023-04-05,4.395,4.395,4.395,4.395,8.0
2023-04-06,4.338,4.338,4.338,4.338,12.0
2023-04-10,4.422,4.422,4.422,4.422,3.0
2023-04-11,4.432,4.432,4.432,4.432,1.0
2023-04-12,4.357,4.357,4.357,4.357,15.0
2023-04-13,4.31,4.31,4.301,4.301,1.0
2023-04-14,4.321,4.321,4.321,4.321,102.0
2023-04-17,4.39,4.406,4.39,4.406,21.0
2023-04-18,4.416,4.421,4.416,4.421,1.0
2023-04-19,4.39,4.42,4.39,4.42,35.0
2023-04-20,4.437,4.437,4.437,4.437,0.0
2023-04-21,4.429,4.444,4.429,4.444,5.0
2023-04-24,4.52,4.52,4.491,4.491,17.0
2023-04-25,4.473,4.473,4.473,4.473,0.0
2023-04-26,4.455,4.455,4.445,4.445,2.0
2023-04-27,4.449,4.449,4.449,4.449,1.0
2023-04-28,4.448,4.468,4.433,4.468,2.0
2023-05-01,4.45,4.45,4.42,4.42,2.0
2023-05-02,4.392,4.392,4.392,4.392,0.0
2023-05-03,4.364,4.364,4.364,4.364,1.0
2023-05-04,4.363,4.363,4.363,4.363,0.0
2023-05-05,4.39,4.39,4.39,4.39,100.0
2023-05-08,4.382,4.382,4.382,4.382,0.0
2023-05-09,4.34,4.395,4.34,4.395,22.0
2023-05-10,4.373,4.373,4.373,4.373,0.0
2023-05-11,4.359,4.359,4.359,4.359,0.0
2023-05-12,4.351,4.351,4.351,4.351,7.0
2023-05-15,4.355,4.355,4.355,4.355,107.0
2023-05-16,4.324,4.324,4.324,4.324,11.0
2023-05-17,4.295,4.295,4.295,4.295,6.0
2023-05-18,4.345,4.345,4.334,4.334,69.0
2023-05-19,4.288,4.288,4.288,4.288,0.0
2023-05-22,4.24,4.24,4.24,4.24,0.0
2023-05-23,4.196,4.196,4.196,4.196,0.0
2023-05-24,4.259,4.259,4.259,4.259,28.0
2023-05-25,4.26,4.26,4.235,4.235,6.0
2023-05-26,4.21,4.249,4.21,4.249,1.0
2023-05-30,4.202,4.202,4.202,4.202,2.0
2023-05-31,4.132,4.132,4.132,4.132,3.0
2023-06-01,4.056,4.097,4.056,4.097,118.0
2023-06-02,4.123,4.123,4.123,4.123,0.0
2023-06-05,4.137,4.137,4.137,4.137,0.0
2023-06-06,4.114,4.114,4.114,4.114,0.0
2023-06-07,4.12,4.12,4.12,4.12,0.0
2023-06-08,4.13,4.13,4.107,4.107,10.0
2023-06-09,4.084,4.084,4.084,4.084,0.0
2023-06-12,4.071,4.071,4.071,4.071,0.0
2023-06-13,4.125,4.125,4.089,4.089,1.0
2023-06-14,4.159,4.159,4.139,4.139,2.0
2023-06-15,4.159,4.167,4.135,4.167,10.0
2023-06-16,4.152,4.152,4.152,4.152,2.0
2023-06-20,4.138,4.138,4.138,4.138,5.0
2023-06-21,4.188,4.188,4.188,4.188,1.0
2023-06-22,4.206,4.206,4.206,4.206,0.0
2023-06-23,4.204,4.204,4.204,4.204,0.0
2023-06-26,4.2,4.2,4.194,4.194,3.0
2023-06-27,4.179,4.192,4.179,4.192,16.0
2023-06-28,4.162,4.163,4.162,4.163,3.0
2023-06-29,4.173,4.173,4.128,4.128,5.0
2023-06-30,4.153,4.153,4.153,4.153,0.0
2023-07-03,4.154,4.154,4.154,4.154,0.0
2023-07-05,4.127,4.127,4.127,4.127,0.0
2023-07-06,4.156,4.156,4.156,4.156,0.0
2023-07-07,4.154,4.154,4.154,4.154,0.0
2023-07-10,4.154,4.16,4.154,4.16,1.0
2023-07-11,4.175,4.175,4.164,4.164,4.0
2023-07-12,4.13,4.148,4.125,4.148,98.0
2023-07-13,4.149,4.15,4.116,4.129,17.0
2023-07-14,4.15,4.15,4.15,4.15,50.0
2023-07-17,4.136,4.136,4.136,4.136,0.0
2023-07-18,4.168,4.168,4.168,4.168,2.0
2023-07-19,4.12,4.132,4.12,4.132,68.0
2023-07-20,4.161,4.161,4.161,4.161,0.0
2023-07-21,4.185,4.185,4.185,4.185,1.0
2023-07-24,4.195,4.213,4.195,4.213,239.0
2023-07-25,4.227,4.227,4.227,4.227,6.0
2023-07-26,4.221,4.221,4.221,4.221,3.0
2023-07-27,4.214,4.214,4.214,4.214,0.0
2023-07-28,4.205,4.207,4.2,4.207,110.0
2023-07-31,4.199,4.199,4.199,4.199,0.0
2023-08-01,4.183,4.183,4.183,4.183,0.0
2023-08-02,4.181,4.181,4.181,4.181,2.0
2023-08-03,4.174,4.174,4.174,4.174,7.0
2023-08-04,4.162,4.162,4.162,4.162,16.0
2023-08-07,4.2,4.2,4.2,4.2,107.0
2023-08-08,4.208,4.208,4.208,4.208,50.0
2023-08-09,4.198,4.198,4.198,4.198,54.0
2023-08-10,4.194,4.194,4.194,4.194,2.0
2023-08-11,4.226,4.226,4.226,4.226,23.0
2023-08-14,4.232,4.232,4.232,4.232,51.0
2023-08-15,4.22,4.249,4.22,4.249,48.0
2023-08-16,4.231,4.231,4.231,4.231,20.0
2023-08-17,4.24,4.24,4.24,4.24,30.0
2023-08-18,4.23,4.23,4.23,4.23,52.0
2023-08-21,4.252,4.252,4.252,4.252,10.0
2023-08-22,4.246,4.246,4.246,4.246,15.0
2023-08-23,4.235,4.241,4.235,4.241,2.0
2023-08-24,4.244,4.244,4.244,4.244,118.0
2023-08-25,4.251,4.251,4.251,4.251,8.0
2023-08-28,4.239,4.239,4.239,4.239,0.0
2023-08-29,4.201,4.201,4.201,4.201,12.0
2023-08-30,4.234,4.234,4.234,4.234,16.0
2023-08-31,4.22,4.22,4.22,4.22,24.0
2023-09-01,4.217,4.217,4.217,4.217,0.0
2023-09-05,4.21,4.21,4.204,4.204,11.0
2023-09-06,4.204,4.22,4.204,4.217,227.0
2023-09-07,4.23,4.23,4.201,4.21,104.0
2023-09-08,4.204,4.204,4.186,4.204,39.0
2023-09-11,4.199,4.204,4.175,4.189,73.0
2023-09-12,4.189,4.221,4.189,4.221,59.0
2023-09-13,4.216,4.222,4.213,4.222,81.0
2023-09-14,4.19,4.195,4.19,4.19,35.0
2023-09-15,4.181,4.184,4.167,4.18,242.0
2023-09-18,4.17,4.203,4.168,4.203,66.0
2023-09-19,4.225,4.225,4.197,4.201,149.0
2023-09-20,4.197,4.197,4.197,4.197,65.0
2023-09-21,4.194,4.223,4.194,4.204,179.0
2023-09-22,4.229,4.246,4.225,4.246,160.0
2023-09-25,4.246,4.246,4.22,4.227,5.0
2023-09-26,4.22,4.229,4.22,4.229,381.0
2023-09-27,4.226,4.233,4.226,4.233,975.0
2023-09-28,4.24,4.248,4.24,4.248,299.0
2023-09-29,4.23,4.234,4.23,4.234,83.0
2023-10-02,4.219,4.223,4.219,4.223,2.0
2023-10-03,4.238,4.255,4.238,4.255,191.0
2023-10-04,4.26,4.265,4.255,4.265,412.0
2023-10-05,4.267,4.267,4.267,4.267,90.0
2023-10-06,4.251,4.29,4.251,4.281,288.0
2023-10-09,4.27,4.275,4.269,4.269,177.0
2023-10-10,4.255,4.261,4.243,4.261,685.0
2023-10-11,4.25,4.25,4.25,4.25,46.0
2023-10-12,4.255,4.26,4.255,4.255,362.0
2023-10-13,4.256,4.256,4.256,4.256,648.0
2023-10-16,4.224,4.241,4.22,4.241,65.0
2023-10-17,4.235,4.235,4.196,4.233,111.0
2023-10-18,4.221,4.221,4.221,4.221,88.0
2023-10-19,4.22,4.23,4.2,4.23,77.0
2023-10-20,4.245,4.262,4.235,4.246,121.0
2023-10-23,4.251,4.251,4.251,4.251,22.0
2023-10-24,4.252,4.252,4.252,4.252,31.0
2023-10-25,4.263,4.266,4.262,4.262,227.0
2023-10-26,4.264,4.264,4.264,4.264,129.0
2023-10-27,4.27,4.27,4.27,4.27,94.0
2023-10-30,4.272,4.276,4.27,4.276,190.0
2023-10-31,4.29,4.312,4.29,4.312,452.0
2023-11-01,4.31,4.334,4.298,4.334,388.0
2023-11-02,4.357,4.41,4.32,4.398,420.0
2023-11-03,4.437,4.463,4.413,4.413,130.0
2023-11-06,4.397,4.41,4.386,4.41,280.0
2023-11-07,4.411,4.411,4.392,4.405,111.0
2023-11-08,4.379,4.384,4.37,4.384,195.0
2023-11-09,4.388,4.393,4.369,4.393,144.0
2023-11-10,4.376,4.379,4.376,4.376,4.0
2023-11-13,4.399,4.399,4.389,4.397,112.0
2023-11-14,4.391,4.416,4.37,4.374,1258.0
2023-11-15,4.385,4.4,4.369,4.4,347.0
2023-11-16,4.35,4.363,4.341,4.363,126.0
2023-11-17,4.345,4.345,4.332,4.333,267.0
2023-11-20,4.296,4.296,4.281,4.281,199.0
2023-11-21,4.263,4.263,4.223,4.233,162.0
2023-11-22,4.192,4.192,4.17,4.19,270.0
2023-11-24,4.175,4.21,4.175,4.21,113.0
2023-11-27,4.199,4.199,4.199,4.199,69.0
2023-11-28,4.202,4.202,4.119,4.166,368.0
2023-11-29,4.15,4.151,4.137,4.149,102.0
2023-11-30,4.106,4.121,4.1,4.117,212.0
2023-12-01,4.088,4.135,4.088,4.117,138.0
2023-12-04,4.05,4.05,4.017,4.024,270.0
2023-12-05,4.003,4.034,3.981,3.997,338.0
2023-12-06,3.954,3.954,3.803,3.819,810.0
2023-12-07,3.757,3.792,3.752,3.788,1161.0
2023-12-08,3.71,3.752,3.678,3.723,1586.0
2023-12-11,3.637,3.647,3.587,3.629,599.0
2023-12-12,3.592,3.613,3.584,3.602,346.0
2023-12-13,3.587,3.701,3.586,3.664,348.0
2023-12-14,3.65,3.726,3.65,3.721,450.0
2023-12-15,3.721,3.786,3.721,3.778,150.0
2023-12-18,3.782,3.816,3.765,3.765,67.0
2023-12-19,3.698,3.73,3.694,3.717,739.0
2023-12-20,3.68,3.728,3.68,3.728,236.0
2023-12-21,3.704,3.795,3.704,3.766,312.0
2023-12-22,3.706,3.739,3.704,3.716,190.0
2023-12-26,3.706,3.719,3.683,3.69,172.0
2023-12-27,3.732,3.732,3.694,3.717,136.0
2023-12-28,3.701,3.769,3.701,3.765,429.0
2023-12-29,3.77,3.77,3.746,3.75,158.0
2024-01-02,3.799,3.799,3.767,3.785,209.0
2024-01-03,3.778,3.812,3.77,3.812,285.0
2024-01-04,3.841,3.863,3.831,3.846,539.0
2024-01-05,3.816,3.884,3.816,3.883,384.0
2024-01-08,3.833,3.872,3.824,3.872,400.0
2024-01-09,3.876,3.957,3.871,3.934,460.0
2024-01-10,3.91,3.926,3.859,3.874,516.0
2024-01-11,3.858,3.967,3.858,3.902,400.0
2024-01-12,3.909,3.935,3.888,3.91,126.0
2024-01-16,3.859,3.883,3.841,3.852,277.0
2024-01-17,3.842,3.902,3.842,3.902,272.0
2024-01-18,3.885,3.885,3.86,3.876,152.0
2024-01-19,3.821,3.821,3.789,3.803,82.0
2024-01-22,3.76,3.76,3.74,3.755,477.0
2024-01-23,3.752,3.825,3.752,3.821,107.0
2024-01-24,3.822,3.86,3.818,3.849,731.0
2024-01-25,3.853,3.857,3.766,3.795,203.0
2024-01-26,3.795,3.83,3.776,3.83,133.0
2024-01-29,3.801,3.801,3.739,3.742,463.0
2024-01-30,3.727,3.772,3.72,3.768,384.0
2024-01-31,3.773,3.787,3.734,3.752,352.0
2024-02-01,3.77,3.77,3.731,3.745,301.0
2024-02-02,3.741,3.773,3.739,3.747,617.0
2024-02-05,3.732,3.756,3.723,3.752,372.0
2024-02-06,3.721,3.747,3.717,3.737,767.0
2024-02-07,3.762,3.765,3.731,3.744,220.0
2024-02-08,3.742,3.756,3.732,3.751,1578.0
2024-02-09,3.743,3.769,3.729,3.764,330.0
2024-02-12,3.773,3.773,3.75,3.768,519.0
2024-02-13,3.767,3.783,3.76,3.764,347.0
2024-02-14,3.748,3.748,3.658,3.678,575.0
2024-02-15,3.671,3.687,3.617,3.642,204.0
2024-02-16,3.623,3.636,3.604,3.631,236.0
2024-02-20,3.614,3.717,3.595,3.652,1044.0
2024-02-21,3.748,3.763,3.691,3.718,645.0
2024-02-22,3.738,3.751,3.718,3.751,438.0
2024-02-23,3.737,3.737,3.7,3.712,450.0
2024-02-26,3.733,3.744,3.721,3.74,267.0
2024-02-27,3.767,3.787,3.74,3.761,931.0
2024-02-28,3.751,3.785,3.751,3.78,520.0
2024-02-29,3.767,3.778,3.762,3.775,189.0
2024-03-01,3.776,3.779,3.756,3.779,167.0
2024-03-04,3.812,3.813,3.795,3.813,377.0
2024-03-05,3.804,3.82,3.789,3.819,208.0
2024-03-06,3.815,3.83,3.795,3.805,355.0
2024-03-07,3.787,3.801,3.774,3.79,645.0
2024-03-08,3.775,3.791,3.775,3.778,157.0
2024-03-11,3.735,3.76,3.735,3.752,258.0
2024-03-12,3.748,3.757,3.725,3.737,789.0
2024-03-13,3.717,3.755,3.716,3.747,230.0
2024-03-14,3.766,3.766,3.766,3.766,375.0
2024-03-15,3.755,3.775,3.728,3.728,263.0
2024-03-18,3.761,3.782,3.746,3.782,255.0
2024-03-19,3.78,3.808,3.746,3.784,478.0
2024-03-20,3.776,3.776,3.727,3.743,325.0
2024-03-21,3.706,3.731,3.704,3.73,532.0
2024-03-22,3.719,3.734,3.711,3.721,322.0
2024-03-25,3.7,3.729,3.69,3.725,161.0
2024-03-26,3.72,3.781,3.72,3.76,531.0
2024-03-27,3.755,3.759,3.738,3.751,297.0
2024-03-28,3.755,3.787,3.75,3.787,372.0
2024-04-01,3.789,3.813,3.771,3.813,408.0
2024-04-02,3.806,3.817,3.789,3.808,692.0
2024-04-03,3.788,3.81,3.779,3.789,380.0
2024-04-04,3.785,3.798,3.755,3.76,517.0
2024-04-05,3.748,3.788,3.747,3.766,565.0
2024-04-08,3.77,3.796,3.756,3.791,190.0
2024-04-09,3.793,3.826,3.784,3.8,557.0
2024-04-10,3.811,3.824,3.798,3.808,408.0
2024-04-11,3.815,3.831,3.814,3.825,1444.0
2024-04-12,3.828,3.865,3.819,3.854,2144.0
2024-04-15,3.832,3.844,3.819,3.844,589.0
2024-04-16,3.833,3.879,3.825,3.866,1294.0
2024-04-17,3.835,3.835,3.816,3.823,2952.0
2024-04-18,3.814,3.85,3.808,3.839,1019.0
2024-04-19,3.835,3.852,3.835,3.841,507.0
2024-04-22,3.858,3.863,3.835,3.863,603.0
2024-04-23,3.865,3.886,3.856,3.874,1093.0
2024-04-24,3.887,3.909,3.87,3.878,621.0
2024-04-25,3.883,3.885,3.86,3.871,483.0
2024-04-26,3.87,3.888,3.865,3.878,540.0
2024-04-29,3.929,3.932,3.881,3.898,562.0
2024-04-30,3.878,3.883,3.868,3.883,754.0
2024-05-01,3.857,3.874,3.848,3.867,321.0
2024-05-02,3.862,3.869,3.843,3.86,419.0
2024-05-03,3.856,3.86,3.828,3.855,1092.0
2024-05-06,3.834,3.877,3.834,3.851,903.0
2024-05-07,3.854,3.854,3.816,3.831,407.0
2024-05-08,3.843,3.847,3.775,3.781,726.0
2024-05-09,3.772,3.772,3.702,3.712,1521.0
2024-05-10,3.728,3.728,3.7,3.724,993.0
2024-05-13,3.721,3.741,3.7,3.735,651.0
2024-05-14,3.734,3.758,3.724,3.744,1220.0
2024-05-15,3.757,3.797,3.757,3.789,1615.0
2024-05-16,3.799,3.832,3.796,3.826,676.0
2024-05-17,3.841,3.851,3.822,3.836,757.0
2024-05-20,3.847,3.851,3.835,3.838,491.0
2024-05-21,3.838,3.839,3.785,3.812,1092.0
2024-05-22,3.792,3.864,3.788,3.86,790.0
2024-05-23,3.857,3.908,3.828,3.841,1596.0
2024-05-24,3.841,3.866,3.778,3.8,853.0
2024-05-28,3.78,3.825,3.773,3.805,1020.0
2024-05-29,3.785,3.796,3.76,3.774,1776.0
2024-05-30,3.758,3.781,3.74,3.776,1509.0
2024-05-31,3.765,3.79,3.739,3.789,1124.0
2024-06-03,3.822,3.839,3.78,3.82,1234.0
2024-06-04,3.8,3.846,3.756,3.772,671.0
2024-06-05,3.766,3.844,3.759,3.834,1075.0
2024-06-06,3.817,3.863,3.812,3.845,1117.0
2024-06-07,3.859,3.864,3.827,3.855,1540.0
2024-06-10,3.906,3.915,3.825,3.867,1618.0
2024-06-11,3.899,3.945,3.876,3.94,1515.0
2024-06-12,3.921,3.947,3.869,3.908,797.0
2024-06-13,3.931,3.941,3.829,3.879,1015.0
2024-06-14,3.876,3.88,3.838,3.854,1587.0
2024-06-17,3.817,3.86,3.811,3.853,1394.0
2024-06-18,3.864,3.898,3.843,3.897,779.0
2024-06-20,3.889,3.899,3.858,3.877,888.0
2024-06-21,3.853,3.886,3.842,3.864,993.0
2024-06-24,3.84,3.873,3.832,3.873,624.0
2024-06-25,3.857,3.866,3.841,3.847,757.0
2024-06-26,3.827,3.85,3.815,3.842,812.0
2024-06-27,3.832,3.843,3.779,3.788,1081.0
2024-06-28,3.774,3.802,3.767,3.786,1215.0
2024-07-01,3.757,3.787,3.752,3.776,1444.0
2024-07-02,3.77,3.8,3.764,3.772,1050.0
2024-07-03,3.769,3.791,3.761,3.791,596.0
2024-07-05,3.758,3.788,3.748,3.76,700.0
2024-07-08,3.761,3.785,3.749,3.771,342.0
2024-07-09,3.756,3.78,3.745,3.757,276.0
2024-07-10,3.747,3.751,3.718,3.744,520.0
2024-07-11,3.707,3.711,3.689,3.704,457.0
2024-07-12,3.693,3.72,3.692,3.71,864.0
2024-07-15,3.673,3.687,3.628,3.658,1950.0
2024-07-16,3.636,3.665,3.631,3.646,966.0
2024-07-17,3.635,3.645,3.553,3.562,2133.0
2024-07-18,3.55,3.597,3.547,3.588,1706.0
2024-07-19,3.583,3.654,3.58,3.651,1628.0
2024-07-22,3.689,3.705,3.686,3.693,1152.0
2024-07-23,3.696,3.704,3.642,3.672,1847.0
2024-07-24,3.634,3.656,3.611,3.635,786.0
2024-07-25,3.62,3.62,3.564,3.567,1044.0
2024-07-26,3.554,3.582,3.546,3.563,585.0
2024-07-29,3.558,3.569,3.523,3.526,972.0
2024-07-30,3.502,3.535,3.486,3.535,2375.0
2024-07-31,3.514,3.534,3.496,3.525,1050.0
2024-08-01,3.52,3.551,3.488,3.49,1480.0
2024-08-02,3.489,3.52,3.485,3.507,1754.0
2024-08-05,3.484,3.499,3.448,3.466,1332.0
2024-08-06,3.461,3.482,3.438,3.461,2161.0
2024-08-07,3.466,3.542,3.458,3.529,2433.0
2024-08-08,3.525,3.625,3.516,3.599,2281.0
2024-08-09,3.612,3.632,3.595,3.629,1128.0
2024-08-12,3.657,3.661,3.611,3.645,1320.0
2024-08-13,3.649,3.656,3.578,3.59,3340.0
2024-08-14,3.586,3.628,3.576,3.601,2976.0
2024-08-15,3.601,3.617,3.588,3.602,1516.0
2024-08-16,3.592,3.595,3.522,3.527,1724.0
2024-08-19,3.51,3.564,3.509,3.552,3004.0
2024-08-20,3.552,3.593,3.527,3.589,1536.0
2024-08-21,3.598,3.611,3.578,3.603,1460.0
2024-08-22,3.597,3.608,3.551,3.58,1821.0
2024-08-23,3.571,3.582,3.546,3.564,1709.0
2024-08-26,3.553,3.572,3.54,3.554,1220.0
2024-08-27,3.543,3.569,3.524,3.547,2502.0
2024-08-28,3.521,3.554,3.505,3.534,2841.0
2024-08-29,3.528,3.528,3.475,3.512,1326.0
2024-08-30,3.498,3.498,3.471,3.49,879.0
2024-09-03,3.506,3.522,3.443,3.488,1752.0
2024-09-04,3.474,3.496,3.454,3.474,4390.0
2024-09-05,3.465,3.517,3.454,3.482,5992.0
2024-09-06,3.477,3.497,3.464,3.49,3727.0
2024-09-09,3.46,3.495,3.453,3.48,3886.0
2024-09-10,3.469,3.512,3.465,3.471,3327.0
2024-09-11,3.466,3.478,3.445,3.475,2151.0
2024-09-12,3.463,3.506,3.457,3.503,2349.0
2024-09-13,3.497,3.51,3.459,3.48,3577.0
2024-09-16,3.463,3.499,3.442,3.491,2563.0
2024-09-17,3.499,3.51,3.474,3.494,1510.0
2024-09-18,3.49,3.51,3.477,3.491,4051.0
2024-09-19,3.493,3.504,3.458,3.504,1869.0
2024-09-20,3.497,3.565,3.49,3.551,1733.0
2024-09-23,3.557,3.618,3.541,3.582,2050.0
2024-09-24,3.606,3.61,3.536,3.557,2276.0
2024-09-25,3.573,3.603,3.564,3.591,2966.0
2024-09-26,3.592,3.607,3.564,3.588,4090.0
2024-09-27,3.576,3.654,3.559,3.643,2465.0
2024-09-30,3.662,3.673,3.617,3.646,1455.0
2024-10-01,3.638,3.656,3.61,3.637,2502.0
2024-10-02,3.647,3.667,3.614,3.648,2006.0
2024-10-03,3.66,3.687,3.653,3.687,2103.0
2024-10-04,3.681,3.701,3.67,3.685,1429.0
2024-10-07,3.673,3.706,3.662,3.668,2196.0
2024-10-08,3.669,3.67,3.633,3.661,2228.0
2024-10-09,3.624,3.63,3.588,3.615,3353.0
2024-10-10,3.59,3.625,3.559,3.619,4421.0
2024-10-11,3.623,3.63,3.558,3.578,2642.0
2024-10-14,3.588,3.588,3.514,3.524,4087.0
2024-10-15,3.51,3.566,3.492,3.542,3020.0
2024-10-16,3.527,3.54,3.498,3.505,4164.0
2024-10-17,3.5,3.528,3.484,3.498,3299.0
2024-10-18,3.484,3.484,3.439,3.441,2574.0
2024-10-21,3.432,3.496,3.428,3.464,2267.0
2024-10-22,3.482,3.524,3.459,3.513,3045.0
2024-10-23,3.496,3.547,3.486,3.517,3590.0
2024-10-24,3.541,3.57,3.516,3.557,4971.0
2024-10-25,3.551,3.581,3.541,3.571,3235.0
2024-10-28,3.521,3.53,3.436,3.473,4649.0
2024-10-29,3.456,3.522,3.427,3.454,7185.0
2024-10-30,3.515,3.519,3.445,3.493,5907.0
2024-10-31,3.487,3.494,3.406,3.417,5547.0
2024-11-01,3.404,3.428,3.369,3.392,4109.0
2024-11-04,3.323,3.442,3.323,3.427,4163.0
2024-11-05,3.427,3.45,3.377,3.395,3716.0
2024-11-06,3.42,3.465,3.375,3.45,3593.0
2024-11-07,3.431,3.446,3.397,3.419,3728.0
2024-11-08,3.417,3.445,3.381,3.401,4714.0
2024-11-11,3.454,3.533,3.454,3.505,5134.0
2024-11-12,3.51,3.533,3.464,3.502,4254.0
2024-11-13,3.513,3.545,3.466,3.529,3308.0
2024-11-14,3.517,3.541,3.465,3.468,4892.0
2024-11-15,3.464,3.493,3.437,3.478,5411.0
2024-11-18,3.539,3.539,3.473,3.524,4150.0
2024-11-19,3.519,3.567,3.503,3.55,5825.0
2024-11-20,3.536,3.639,3.527,3.619,6141.0
2024-11-21,3.625,3.722,3.613,3.68,11605.0
2024-11-22,3.709,3.742,3.56,3.623,8730.0
2024-11-25,3.71,3.741,3.659,3.719,5844.0
2024-11-26,3.701,3.765,3.687,3.753,6311.0
2024-11-27,3.733,3.733,3.637,3.642,4017.0
2024-11-29,3.63,3.727,3.629,3.707,3835.0
2024-12-02,3.653,3.685,3.615,3.673,5892.0
2024-12-03,3.672,3.679,3.569,3.589,3601.0
2024-12-04,3.595,3.637,3.552,3.624,4310.0
2024-12-05,3.631,3.66,3.615,3.638,5037.0
2024-12-06,3.609,3.65,3.59,3.638,4305.0
2024-12-09,3.749,3.749,3.641,3.659,3365.0
2024-12-10,3.644,3.665,3.596,3.641,4461.0
2024-12-11,3.658,3.725,3.642,3.71,6546.0
2024-12-12,3.697,3.74,3.644,3.712,7061.0
2024-12-13,3.696,3.719,3.654,3.664,5367.0
2024-12-16,3.628,3.654,3.616,3.623,3887.0
2024-12-17,3.627,3.664,3.598,3.643,2431.0
2024-12-18,3.631,3.681,3.627,3.647,3609.0
2024-12-19,3.673,3.725,3.672,3.713,5398.0
2024-12-20,3.72,3.788,3.682,3.764,6927.0
2024-12-23,3.794,3.803,3.744,3.797,2926.0
2024-12-24,3.793,3.853,3.782,3.845,1680.0
2024-12-26,3.844,3.847,3.756,3.772,1649.0
2024-12-27,3.772,3.833,3.767,3.83,4130.0
2024-12-30,3.896,4.063,3.889,3.974,9814.0
2024-12-31,3.949,3.986,3.863,3.906,4876.0
2025-01-02,3.895,3.995,3.871,3.922,5051.0
2025-01-03,3.916,3.935,3.795,3.811,3752.0
2025-01-06,3.877,3.92,3.869,3.896,5406.0
2025-01-07,3.918,3.935,3.831,3.866,7589.0
2025-01-08,3.878,3.966,3.878,3.945,4642.0
2025-01-09,3.921,4.04,3.9,3.982,6565.0
2025-01-10,3.988,4.07,3.976,4.036,9180.0
2025-01-13,4.093,4.116,4.027,4.062,11428.0
2025-01-14,4.063,4.108,3.973,4.087,9252.0
2025-01-15,4.089,4.189,4.038,4.156,9371.0
2025-01-16,4.138,4.348,4.11,4.318,12686.0
2025-01-17,4.253,4.293,4.142,4.163,12105.0
2025-01-21,4.118,4.15,4.089,4.098,7530.0
2025-01-22,4.088,4.261,4.082,4.25,10830.0
2025-01-23,4.242,4.305,4.179,4.248,8056.0
2025-01-24,4.242,4.257,4.153,4.24,7197.0
2025-01-27,4.158,4.164,4.019,4.091,8242.0
2025-01-28,4.07,4.082,3.957,3.979,8645.0
2025-01-29,3.96,4.05,3.937,4.035,10773.0
2025-01-30,4.03,4.083,3.88,3.89,13328.0
2025-01-31,3.942,3.943,3.838,3.91,9700.0
2025-02-03,4.073,4.112,4.043,4.082,14583.0
2025-02-04,4.065,4.077,3.97,4.039,11555.0
2025-02-05,4.015,4.108,3.964,4.103,9310.0
2025-02-06,4.09,4.142,4.063,4.129,12538.0
2025-02-07,4.1,4.149,4.06,4.074,11997.0
2025-02-10,4.152,4.188,4.089,4.173,12308.0
2025-02-11,4.164,4.252,4.156,4.225,17028.0
2025-02-12,4.218,4.27,4.184,4.249,15051.0
2025-02-13,4.266,4.362,4.24,4.273,21458.0
2025-02-14,4.281,4.359,4.265,4.307,10045.0
2025-02-18,4.241,4.5,4.174,4.496,22387.0
2025-02-19,4.452,4.691,4.432,4.636,27473.0
2025-02-20,4.659,4.736,4.478,4.556,17235.0
2025-02-21,4.58,4.751,4.561,4.591,13064.0
2025-02-24,4.509,4.55,4.434,4.523,7473.0
2025-02-25,4.504,4.679,4.496,4.653,13866.0
2025-02-26,4.69,4.697,4.55,4.565,18143.0
2025-02-27,4.572,4.638,4.505,4.532,14151.0
2025-02-28,4.534,4.551,4.461,4.476,12371.0
2025-03-03,4.429,4.747,4.427,4.7,19026.0
2025-03-04,4.726,5.008,4.644,4.857,31340.0
2025-03-05,4.816,5.009,4.781,4.97,16451.0
2025-03-06,4.961,4.981,4.824,4.863,12723.0
2025-03-07,4.829,4.995,4.747,4.97,16093.0
2025-03-10,5.062,5.398,5.016,5.06,15433.0
2025-03-11,5.013,5.143,4.969,5.068,16906.0
2025-03-12,4.975,5.001,4.745,4.783,19780.0
2025-03-13,4.745,4.933,4.693,4.879,16533.0
2025-03-14,4.794,4.888,4.732,4.86,8061.0
2025-03-17,4.866,4.927,4.768,4.801,8266.0
2025-03-18,4.806,4.877,4.754,4.806,7751.0
2025-03-19,4.814,4.974,4.802,4.966,11073.0
2025-03-20,4.937,4.971,4.758,4.767,10987.0
2025-03-21,4.767,4.803,4.692,4.78,11006.0
2025-03-24,4.704,4.794,4.7,4.734,8748.0
2025-03-25,4.735,4.796,4.632,4.667,10404.0
2025-03-26,4.692,4.725,4.604,4.626,8907.0
2025-03-27,4.617,4.658,4.524,4.634,12122.0
2025-03-28,4.628,4.727,4.564,4.688,12984.0
2025-03-31,4.779,4.833,4.732,4.77,11325.0
2025-04-01,4.759,4.782,4.634,4.637,10712.0
2025-04-02,4.657,4.734,4.624,4.712,11489.0
2025-04-03,4.661,4.807,4.648,4.753,9522.0
2025-04-04,4.734,4.745,4.426,4.463,16215.0
2025-04-07,4.39,4.507,4.198,4.233,24135.0
2025-04-08,4.241,4.363,4.078,4.081,22158.0
2025-04-09,4.069,4.422,3.94,4.41,22625.0
2025-04-10,4.338,4.365,4.081,4.149,14191.0
2025-04-11,4.108,4.22,4.021,4.179,11654.0
2025-04-14,4.149,4.308,4.04,4.049,16287.0
2025-04-15,4.079,4.109,3.969,4.084,20680.0
2025-04-16,4.069,4.119,4.016,4.084,19125.0
2025-04-17,4.098,4.18,4.052,4.092,13454.0
2025-04-21,4.044,4.098,3.894,3.915,18638.0
2025-04-22,3.931,3.967,3.847,3.883,16864.0
2025-04-23,3.912,3.972,3.853,3.914,15642.0
2025-04-24,3.904,3.91,3.808,3.888,24165.0
2025-04-25,3.887,3.938,3.838,3.883,16304.0
2025-04-28,3.914,4.073,3.834,4.057,13472.0
2025-04-29,4.052,4.164,4.041,4.131,16866.0
2025-04-30,4.112,4.163,4.054,4.132,20555.0
2025-05-01,4.155,4.323,4.147,4.278,15887.0
2025-05-02,4.247,4.447,4.235,4.409,10505.0
2025-05-05,4.459,4.533,4.35,4.365,13856.0
2025-05-06,4.38,4.449,4.282,4.318,17683.0
2025-05-07,4.37,4.454,4.365,4.383,31513.0
2025-05-08,4.376,4.45,4.317,4.364,32488.0
2025-05-09,4.393,4.49,4.376,4.48,30145.0
2025-05-12,4.449,4.495,4.347,4.363,31368.0
2025-05-13,4.395,4.43,4.323,4.391,25122.0
2025-05-14,4.357,4.372,4.265,4.297,14053.0
2025-05-15,4.281,4.32,4.209,4.222,17889.0
2025-05-16,4.229,4.276,4.18,4.207,12218.0
2025-05-19,4.15,4.152,3.918,3.93,22855.0
2025-05-20,3.947,4.231,3.942,4.206,20296.0
2025-05-21,4.179,4.287,4.14,4.207,12871.0
2025-05-22,4.193,4.202,4.1,4.133,13563.0
2025-05-23,4.18,4.214,4.092,4.211,19129.0
2025-05-27,4.252,4.277,4.114,4.211,20800.0
2025-05-28,4.217,4.287,4.041,4.062,23088.0
2025-05-29,4.055,4.077,3.959,4.038,24568.0
2025-05-30,4.054,4.073,3.971,3.981,25917.0
2025-06-02,4.037,4.227,4.029,4.194,24562.0
2025-06-03,4.218,4.251,4.149,4.216,20590.0
2025-06-04,4.212,4.246,4.164,4.225,19607.0
2025-06-05,4.216,4.289,4.154,4.214,28229.0
2025-06-06,4.195,4.332,4.193,4.3,22102.0
2025-06-09,4.236,4.279,4.128,4.179,20169.0
2025-06-10,4.157,4.201,4.089,4.111,19051.0
2025-06-11,4.097,4.178,4.04,4.083,18450.0
2025-06-12,4.101,4.183,4.05,4.061,21662.0
2025-06-13,4.101,4.176,4.063,4.132,17855.0
2025-06-16,4.223,4.269,4.17,4.255,17306.0
2025-06-17,4.24,4.373,4.24,4.356,16843.0
2025-06-18,4.372,4.459,4.329,4.447,20783.0
2025-06-20,4.444,4.573,4.32,4.352,27345.0
2025-06-23,4.403,4.411,4.211,4.251,23903.0
2025-06-24,4.21,4.226,4.126,4.134,29855.0
2025-06-25,4.147,4.184,4.071,4.086,24635.0
2025-06-26,4.09,4.104,3.97,4.062,35554.0
2025-06-27,4.07,4.247,4.066,4.235,24818.0
2025-06-30,4.235,4.235,3.944,3.985,36446.0
2025-07-01,3.988,3.989,3.806,3.938,30383.0
2025-07-02,3.932,4.03,3.879,4.0,19203.0
2025-07-03,4.017,4.086,3.901,3.913,24163.0
2025-07-07,3.867,3.989,3.798,3.931,27142.0
2025-07-08,3.929,3.981,3.871,3.885,29958.0
2025-07-09,3.892,3.893,3.721,3.788,36367.0
2025-07-10,3.775,3.946,3.764,3.903,34586.0
2025-07-11,3.917,3.97,3.884,3.909,29501.0
2025-07-14,3.98,4.054,3.968,4.04,31635.0
2025-07-15,4.044,4.093,3.986,4.078,33607.0
2025-07-16,4.082,4.117,4.041,4.088,29559.0
2025-07-17,4.09,4.122,4.017,4.048,23870.0
2025-07-18,4.022,4.097,3.963,4.047,34237.0
2025-07-21,3.967,3.967,3.789,3.813,31808.0
2025-07-22,3.796,3.809,3.718,3.766,33181.0
2025-07-23,3.768,3.775,3.621,3.632,42831.0
2025-07-24,3.629,3.698,3.621,3.654,39068.0
2025-07-25,3.657,3.691,3.606,3.627,35705.0
2025-07-28,3.605,3.642,3.518,3.536,35584.0
2025-07-29,3.564,3.633,3.56,3.607,33089.0
2025-07-30,3.631,3.648,3.5,3.534,32257.0
2025-07-31,3.517,3.582,3.461,3.567,42746.0
2025-08-01,3.557,3.598,3.532,3.574,36649.0
2025-08-04,3.53,3.571,3.405,3.43,46217.0
2025-08-05,3.44,3.514,3.426,3.484,36295.0
2025-08-06,3.473,3.571,3.429,3.551,40080.0
2025-08-07,3.557,3.604,3.512,3.553,71629.0
2025-08-08,3.565,3.586,3.448,3.477,74561.0
2025-08-11,3.402,3.477,3.379,3.45,71208.0
2025-08-12,3.471,3.477,3.287,3.323,97682.0
2025-08-13,3.298,3.35,3.28,3.323,86380.0
2025-08-14,3.316,3.338,3.252,3.313,65845.0
2025-08-15,3.312,3.411,3.299,3.369,56190.0
2025-08-18,3.34,3.365,3.285,3.328,48767.0
2025-08-19,3.33,3.339,3.19,3.214,80162.0
2025-08-20,3.209,3.215,3.164,3.184,50784.0
2025-08-21,3.192,3.267,3.181,3.247,48742.0
2025-08-22,3.235,3.248,3.151,3.162,51454.0
2025-08-25,3.121,3.169,3.095,3.147,46556.0
2025-08-26,3.154,3.165,3.093,3.13,53402.0
2025-08-27,3.158,3.238,3.115,3.213,64255.0
2025-08-28,3.21,3.305,3.182,3.261,81051.0
2025-08-29,3.302,3.358,3.249,3.333,75140.0
2025-09-02,3.333,3.398,3.221,3.335,109120.0
2025-09-03,3.31,3.433,3.29,3.376,78372.0
2025-09-04,3.38,3.428,3.32,3.373,73364.0
2025-09-05,3.368,3.404,3.301,3.328,59152.0
2025-09-08,3.363,3.444,3.33,3.352,102310.0
2025-09-09,3.358,3.406,3.291,3.365,111056.0
2025-09-10,3.346,3.35,3.264,3.302,103057.0
2025-09-11,3.298,3.326,3.203,3.223,137162.0
2025-09-12,3.201,3.258,3.175,3.207,125130.0
2025-09-15,3.199,3.306,3.173,3.3,92149.0
2025-09-16,3.308,3.375,3.17,3.355,102444.0
2025-09-17,3.366,3.419,3.332,3.362,84819.0
2025-09-18,3.34,3.365,3.224,3.234,124163.0
2025-09-19,3.211,3.241,3.174,3.19,135899.0
2025-09-22,3.198,3.233,3.09,3.097,133915.0
2025-09-23,3.091,3.151,3.055,3.14,126071.0
2025-09-24,3.144,3.189,3.096,3.133,122161.0
2025-09-25,3.149,3.261,3.131,3.195,205306.0
2025-09-26,3.225,3.248,3.122,3.206,168752.0
2025-09-29,3.149,3.299,3.133,3.267,166628.0
2025-09-30,3.279,3.351,3.245,3.303,162025.0
2025-10-01,3.331,3.492,3.318,3.476,240703.0
2025-10-02,3.457,3.585,3.402,3.442,259354.0
2025-10-03,3.413,3.451,3.307,3.324,217261.0
2025-10-06,3.3,3.485,3.296,3.357,165229.0
2025-10-07,3.398,3.524,3.355,3.498,230258.0
2025-10-08,3.524,3.55,3.316,3.333,242687.0
2025-10-09,3.336,3.393,3.235,3.269,198680.0
2025-10-10,3.239,3.253,3.089,3.106,195346.0
2025-10-13,3.1,3.138,3.029,3.118,175182.0
2025-10-14,3.103,3.106,3.004,3.028,150478.0
2025-10-15,3.029,3.041,2.964,3.016,149150.0
2025-10-16,3.036,3.067,2.922,2.938,161360.0
2025-10-17,2.926,3.024,2.893,3.008,128236.0
2025-10-20,3.16,3.43,3.136,3.397,266597.0
2025-10-21,3.421,3.504,3.357,3.474,197775.0
2025-10-22,3.487,3.572,3.386,3.45,202361.0
2025-10-23,3.439,3.507,3.29,3.344,157089.0
2025-10-24,3.285,3.397,3.2,3.304,108141.0
2025-10-27,3.41,3.469,3.261,3.442,67444.0
2025-10-28,3.411,3.435,3.239,3.345,85022.0
2025-10-29,3.271,3.405,3.193,3.376,4301.0
