DATETIME,OPEN,HIGH,LOW,FINAL,VOLUME
2011-07-28,7.03,7.03,7.03,7.03,0.0
2011-07-29,7.035,7.035,7.035,7.035,0.0
2011-08-01,7.089,7.089,7.089,7.089,0.0
2011-08-02,6.999,6.999,6.999,6.999,0.0
2011-08-03,6.95,6.95,6.95,6.95,0.0
2011-08-04,6.856,6.856,6.856,6.856,0.0
2011-08-05,6.803,6.803,6.803,6.803,0.0
2011-08-08,6.774,6.774,6.774,6.774,0.0
2011-08-09,6.75,6.75,6.75,6.75,0.0
2011-08-10,6.722,6.722,6.722,6.722,0.0
2011-08-11,6.775,6.775,6.775,6.775,0.0
2011-08-12,6.788,6.788,6.788,6.788,0.0
2011-08-15,6.852,6.852,6.852,6.852,0.0
2011-08-16,6.918,6.918,6.918,6.918,0.0
2011-08-17,6.885,6.885,6.885,6.885,0.0
2011-08-18,6.875,6.875,6.875,6.875,0.0
2011-08-19,6.913,6.913,6.913,6.913,0.0
2011-08-22,6.891,6.891,6.891,6.891,0.0
2011-08-23,6.909,6.909,6.909,6.909,0.0
2011-08-24,6.757,6.757,6.757,6.757,0.0
2011-08-25,6.748,6.748,6.748,6.748,0.0
2011-08-26,6.745,6.745,6.745,6.745,0.0
2011-08-29,6.714,6.714,6.714,6.714,0.0
2011-08-30,6.73,6.73,6.73,6.73,0.0
2011-08-31,6.733,6.733,6.733,6.733,0.0
2011-09-01,6.794,6.794,6.794,6.794,0.0
2011-09-02,6.784,6.784,6.784,6.784,0.0
2011-09-06,6.787,6.787,6.787,6.787,0.0
2011-09-07,6.754,6.754,6.754,6.754,0.0
2011-09-08,6.744,6.744,6.744,6.744,0.0
2011-09-09,6.691,6.691,6.691,6.691,0.0
2011-09-12,6.664,6.664,6.664,6.664,0.0
2011-09-13,6.686,6.686,6.686,6.686,0.0
2011-09-14,6.644,6.644,6.644,6.644,0.0
2011-09-15,6.624,6.624,6.624,6.624,0.0
2011-09-16,6.625,6.625,6.625,6.625,0.0
2011-09-19,6.615,6.615,6.615,6.615,0.0
2011-09-20,6.657,6.657,6.657,6.657,0.0
2011-09-21,6.657,6.657,6.657,6.657,0.0
2011-09-22,6.525,6.525,6.525,6.525,0.0
2011-09-23,6.531,6.531,6.531,6.531,0.0
2011-09-26,6.578,6.578,6.578,6.578,0.0
2011-09-27,6.66,6.66,6.66,6.66,0.0
2011-09-28,6.666,6.666,6.666,6.666,0.0
2011-09-29,6.647,6.647,6.647,6.647,0.0
2011-09-30,6.634,6.634,6.634,6.634,0.0
2011-10-03,6.62,6.62,6.62,6.62,0.0
2011-10-04,6.561,6.561,6.561,6.561,0.0
2011-10-05,6.534,6.534,6.534,6.534,0.0
2011-10-06,6.479,6.479,6.479,6.479,0.0
2011-10-07,6.441,6.441,6.441,6.441,0.0
2011-10-10,6.43,6.43,6.43,6.43,0.0
2011-10-11,6.4,6.4,6.4,6.4,0.0
2011-10-12,6.389,6.389,6.389,6.389,0.0
2011-10-13,6.416,6.416,6.416,6.416,0.0
2011-10-14,6.478,6.478,6.478,6.478,0.0
2011-10-17,6.465,6.465,6.465,6.465,0.0
2011-10-18,6.442,6.442,6.442,6.442,0.0
2011-10-19,6.444,6.444,6.444,6.444,0.0
2011-10-20,6.45,6.45,6.45,6.45,0.0
2011-10-21,6.452,6.452,6.452,6.452,0.0
2011-10-24,6.449,6.449,6.449,6.449,0.0
2011-10-25,6.485,6.485,6.485,6.485,0.0
2011-10-26,6.527,6.527,6.527,6.527,0.0
2011-10-27,6.532,6.532,6.532,6.532,0.0
2011-10-28,6.64,6.64,6.64,6.64,0.0
2011-10-31,6.64,6.64,6.64,6.64,0.0
2011-11-01,6.57,6.57,6.57,6.57,0.0
2011-11-02,6.529,6.529,6.529,6.529,0.0
2011-11-03,6.607,6.607,6.607,6.607,0.0
2011-11-04,6.597,6.597,6.597,6.597,0.0
2011-11-07,6.575,6.575,6.575,6.575,0.0
2011-11-08,6.533,6.533,6.533,6.533,0.0
2011-11-09,6.51,6.51,6.51,6.51,0.0
2011-11-10,6.46,6.46,6.46,6.46,0.0
2011-11-11,6.39,6.39,6.39,6.39,0.0
2011-11-14,6.368,6.368,6.368,6.368,0.0
2011-11-15,6.378,6.378,6.378,6.378,0.0
2011-11-16,6.353,6.353,6.353,6.353,0.0
2011-11-17,6.305,6.305,6.305,6.305,0.0
2011-11-18,6.264,6.264,6.264,6.264,0.0
2011-11-21,6.274,6.274,6.274,6.274,0.0
2011-11-22,6.253,6.253,6.253,6.253,0.0
2011-11-23,6.225,6.225,6.225,6.225,0.0
2011-11-25,6.264,6.264,6.264,6.264,0.0
2011-11-28,6.23,6.23,6.23,6.23,0.0
2011-11-29,6.336,6.336,6.336,6.336,0.0
2011-11-30,6.321,6.321,6.321,6.321,0.0
2011-12-01,6.306,6.306,6.306,6.306,0.0
2011-12-02,6.307,6.307,6.307,6.307,0.0
2011-12-05,6.307,6.307,6.307,6.307,0.0
2011-12-06,6.276,6.276,6.276,6.276,0.0
2011-12-07,6.355,6.355,6.355,6.355,0.0
2011-12-08,6.325,6.325,6.325,6.325,0.0
2011-12-09,6.303,6.303,6.303,6.303,0.0
2011-12-12,6.265,6.265,6.265,6.265,0.0
2011-12-13,6.184,6.184,6.184,6.184,0.0
2011-12-14,6.148,6.148,6.148,6.148,0.0
2011-12-15,6.11,6.11,6.11,6.11,0.0
2011-12-16,6.14,6.14,6.14,6.14,0.0
2011-12-19,6.137,6.137,6.137,6.137,0.0
2011-12-20,6.137,6.137,6.137,6.137,0.0
2011-12-21,6.094,6.094,6.094,6.094,0.0
2011-12-22,6.109,6.109,6.109,6.109,0.0
2011-12-23,6.094,6.094,6.094,6.094,0.0
2011-12-27,6.094,6.094,6.094,6.094,0.0
2011-12-28,6.084,6.084,6.084,6.084,0.0
2011-12-29,6.084,6.084,6.084,6.084,0.0
2011-12-30,6.084,6.084,6.084,6.084,0.0
2012-01-03,6.083,6.083,6.083,6.083,0.0
2012-01-04,6.088,6.088,6.088,6.088,0.0
2012-01-05,6.119,6.119,6.119,6.119,0.0
2012-01-06,6.159,6.159,6.159,6.159,0.0
2012-01-09,6.14,6.14,6.14,6.14,0.0
2012-01-10,6.102,6.102,6.102,6.102,0.0
2012-01-11,6.152,6.152,6.152,6.152,0.0
2012-01-12,6.129,6.129,6.129,6.129,0.0
2012-01-13,6.129,6.129,6.129,6.129,0.0
2012-01-17,6.106,6.106,6.106,6.106,0.0
2012-01-18,6.017,6.017,6.017,6.017,0.0
2012-01-19,6.036,6.036,6.036,6.036,0.0
2012-01-20,5.877,5.877,5.877,5.877,0.0
2012-01-23,5.877,5.877,5.877,5.877,0.0
2012-01-24,5.913,5.913,5.913,5.913,0.0
2012-01-25,5.925,5.925,5.925,5.925,0.0
2012-01-26,5.867,5.867,5.867,5.867,0.0
2012-01-27,5.9,5.9,5.9,5.9,0.0
2012-01-30,5.875,5.875,5.875,5.875,0.0
2012-01-31,5.83,5.83,5.83,5.83,0.0
2012-02-01,5.81,5.81,5.81,5.81,0.0
2012-02-02,5.885,5.885,5.885,5.885,0.0
2012-02-03,5.933,5.933,5.933,5.933,0.0
2012-02-06,5.972,5.972,5.972,5.972,0.0
2012-02-07,5.88,5.88,5.88,5.88,0.0
2012-02-08,5.82,5.82,5.82,5.82,0.0
2012-02-09,5.685,5.685,5.685,5.685,0.0
2012-02-10,5.658,5.658,5.658,5.658,0.0
2012-02-13,5.658,5.658,5.658,5.658,0.0
2012-02-14,5.672,5.672,5.672,5.672,0.0
2012-02-15,5.672,5.672,5.672,5.672,0.0
2012-02-16,5.64,5.64,5.64,5.64,0.0
2012-02-17,5.66,5.66,5.66,5.66,0.0
2012-02-21,5.629,5.629,5.629,5.629,0.0
2012-02-22,5.691,5.691,5.691,5.691,0.0
2012-02-23,5.691,5.691,5.691,5.691,0.0
2012-02-24,5.654,5.654,5.654,5.654,0.0
2012-02-27,5.623,5.623,5.623,5.623,0.0
2012-02-28,5.612,5.612,5.612,5.612,0.0
2012-02-29,5.622,5.622,5.622,5.622,0.0
2012-03-01,5.577,5.577,5.577,5.577,0.0
2012-03-02,5.616,5.616,5.616,5.616,0.0
2012-03-05,5.543,5.543,5.543,5.543,0.0
2012-03-06,5.471,5.471,5.471,5.471,0.0
2012-03-07,5.426,5.426,5.426,5.426,0.0
2012-03-08,5.427,5.427,5.427,5.427,0.0
2012-03-09,5.533,5.533,5.533,5.533,0.0
2012-03-12,5.512,5.512,5.512,5.512,0.0
2012-03-13,5.561,5.561,5.561,5.561,0.0
2012-03-14,5.621,5.621,5.621,5.621,0.0
2012-03-15,5.621,5.621,5.621,5.621,0.0
2012-03-16,5.602,5.602,5.602,5.602,0.0
2012-03-19,5.615,5.615,5.615,5.615,0.0
2012-03-20,5.584,5.584,5.584,5.584,0.0
2012-03-21,5.574,5.574,5.574,5.574,0.0
2012-03-22,5.561,5.561,5.561,5.561,0.0
2012-03-23,5.581,5.581,5.581,5.581,0.0
2012-03-26,5.593,5.593,5.593,5.593,0.0
2012-03-27,5.572,5.572,5.572,5.572,0.0
2012-03-28,5.584,5.584,5.584,5.584,0.0
2012-03-29,5.561,5.561,5.561,5.561,0.0
2012-03-30,5.629,5.629,5.629,5.629,0.0
2012-04-02,5.615,5.615,5.615,5.615,0.0
2012-04-03,5.615,5.615,5.615,5.615,0.0
2012-04-04,5.615,5.615,5.615,5.615,0.0
2012-04-05,5.582,5.582,5.582,5.582,0.0
2012-04-09,5.602,5.602,5.602,5.602,0.0
2012-04-10,5.581,5.581,5.581,5.581,0.0
2012-04-11,5.545,5.545,5.545,5.545,0.0
2012-04-12,5.458,5.458,5.458,5.458,0.0
2012-04-13,5.446,5.446,5.446,5.446,0.0
2012-04-16,5.416,5.416,5.416,5.416,0.0
2012-04-17,5.355,5.355,5.355,5.355,0.0
2012-04-18,5.333,5.333,5.333,5.333,0.0
2012-04-19,5.303,5.303,5.303,5.303,0.0
2012-04-20,5.24,5.24,5.24,5.24,0.0
2012-04-23,5.199,5.199,5.199,5.199,0.0
2012-04-24,5.233,5.233,5.233,5.233,0.0
2012-04-25,5.132,5.132,5.132,5.132,0.0
2012-04-26,5.156,5.156,5.156,5.156,0.0
2012-04-27,5.165,5.165,5.165,5.165,0.0
2012-04-30,5.205,5.205,5.205,5.205,0.0
2012-05-01,5.207,5.207,5.207,5.207,0.0
2012-05-02,5.21,5.21,5.21,5.21,0.0
2012-05-03,5.215,5.215,5.215,5.215,0.0
2012-05-04,5.207,5.207,5.207,5.207,0.0
2012-05-07,5.217,5.217,5.217,5.217,0.0
2012-05-08,5.21,5.21,5.21,5.21,0.0
2012-05-09,5.239,5.239,5.239,5.239,0.0
2012-05-10,5.224,5.224,5.224,5.224,0.0
2012-05-11,5.204,5.204,5.204,5.204,0.0
2012-05-14,5.212,5.212,5.212,5.212,0.0
2012-05-15,5.244,5.244,5.244,5.244,0.0
2012-05-16,5.272,5.272,5.272,5.272,0.0
2012-05-17,5.261,5.261,5.261,5.261,0.0
2012-05-18,5.3,5.3,5.3,5.3,0.0
2012-05-21,5.24,5.24,5.24,5.24,0.0
2012-05-22,5.281,5.281,5.281,5.281,0.0
2012-05-23,5.265,5.265,5.265,5.265,0.0
2012-05-24,5.274,5.274,5.274,5.274,0.0
2012-05-25,5.319,5.319,5.319,5.319,0.0
2012-05-29,5.285,5.285,5.285,5.285,0.0
2012-05-30,5.243,5.243,5.243,5.243,0.0
2012-05-31,5.318,5.318,5.318,5.318,0.0
2012-06-01,5.278,5.278,5.278,5.278,0.0
2012-06-04,5.28,5.28,5.28,5.28,0.0
2012-06-05,5.222,5.222,5.222,5.222,0.0
2012-06-06,5.217,5.217,5.217,5.217,0.0
2012-06-07,5.196,5.196,5.196,5.196,0.0
2012-06-08,5.217,5.217,5.217,5.217,0.0
2012-06-11,5.18,5.18,5.18,5.18,0.0
2012-06-12,5.18,5.18,5.18,5.18,0.0
2012-06-13,5.181,5.181,5.181,5.181,0.0
2012-06-14,5.206,5.206,5.206,5.206,0.0
2012-06-15,5.092,5.092,5.092,5.092,0.0
2012-06-18,5.038,5.038,5.038,5.038,0.0
2012-06-19,5.078,5.078,5.078,5.078,0.0
2012-06-20,5.078,5.078,5.078,5.078,0.0
2012-06-21,5.053,5.053,5.053,5.053,0.0
2012-06-22,5.025,5.025,5.025,5.025,0.0
2012-06-25,5.052,5.052,5.052,5.052,0.0
2012-06-26,5.097,5.097,5.097,5.097,0.0
2012-06-27,5.115,5.115,5.115,5.115,0.0
2012-06-28,5.113,5.113,5.113,5.113,0.0
2012-06-29,5.101,5.101,5.101,5.101,0.0
2012-07-02,5.112,5.112,5.112,5.112,0.0
2012-07-03,5.153,5.153,5.153,5.153,0.0
2012-07-05,5.156,5.156,5.156,5.156,0.0
2012-07-06,5.108,5.108,5.108,5.108,0.0
2012-07-09,5.157,5.157,5.157,5.157,0.0
2012-07-10,5.15,5.15,5.15,5.15,0.0
2012-07-11,5.197,5.197,5.197,5.197,0.0
2012-07-12,5.186,5.186,5.186,5.186,0.0
2012-07-13,5.189,5.189,5.189,5.189,0.0
2012-07-16,5.14,5.14,5.14,5.14,0.0
2012-07-17,5.31,5.31,5.31,5.31,0.0
2012-07-18,5.39,5.39,5.39,5.39,0.0
2012-07-19,5.349,5.349,5.349,5.349,0.0
2012-07-20,5.371,5.371,5.371,5.371,0.0
2012-07-23,5.38,5.38,5.38,5.38,0.0
2012-07-24,5.417,5.417,5.417,5.417,0.0
2012-07-25,5.424,5.424,5.424,5.424,0.0
2012-07-26,5.467,5.467,5.467,5.467,0.0
2012-07-27,5.469,5.469,5.469,5.469,0.0
2012-07-30,5.537,5.537,5.537,5.537,0.0
2012-07-31,5.497,5.497,5.497,5.497,0.0
2012-08-01,5.462,5.462,5.462,5.462,0.0
2012-08-02,5.342,5.342,5.342,5.342,0.0
2012-08-03,5.314,5.314,5.314,5.314,0.0
2012-08-06,5.628,5.628,5.628,5.628,0.0
2012-08-07,5.552,5.552,5.552,5.552,0.0
2012-08-08,5.821,5.821,5.821,5.821,0.0
2012-08-09,5.721,5.721,5.721,5.721,0.0
2012-08-10,5.658,5.658,5.658,5.658,0.0
2012-08-13,5.631,5.631,5.631,5.631,0.0
2012-08-14,5.673,5.673,5.673,5.673,0.0
2012-08-15,5.766,5.766,5.766,5.766,0.0
2012-08-16,5.739,5.739,5.739,5.739,0.0
2012-08-17,5.737,5.737,5.737,5.737,0.0
2012-08-20,5.776,5.776,5.776,5.776,0.0
2012-08-21,5.779,5.779,5.779,5.779,0.0
2012-08-22,5.77,5.77,5.77,5.77,0.0
2012-08-23,5.753,5.753,5.753,5.753,0.0
2012-08-24,5.72,5.72,5.72,5.72,0.0
2012-08-27,5.695,5.695,5.695,5.695,0.0
2012-08-28,5.64,5.64,5.64,5.64,0.0
2012-08-29,5.661,5.661,5.661,5.661,0.0
2012-08-30,5.668,5.668,5.668,5.668,0.0
2012-08-31,5.647,5.647,5.647,5.647,0.0
2012-09-04,5.649,5.649,5.649,5.649,0.0
2012-09-05,5.639,5.639,5.639,5.639,0.0
2012-09-06,5.635,5.635,5.635,5.635,0.0
2012-09-07,5.585,5.585,5.585,5.585,0.0
2012-09-10,5.559,5.559,5.559,5.559,0.0
2012-09-11,5.599,5.599,5.599,5.599,0.0
2012-09-12,5.674,5.674,5.674,5.674,0.0
2012-09-13,5.684,5.684,5.684,5.684,0.0
2012-09-14,5.674,5.674,5.674,5.674,0.0
2012-09-17,5.655,5.655,5.655,5.655,0.0
2012-09-18,5.759,5.759,5.759,5.759,0.0
2012-09-19,5.759,5.759,5.759,5.759,0.0
2012-09-20,5.763,5.763,5.763,5.763,0.0
2012-09-21,5.822,5.822,5.822,5.822,0.0
2012-09-24,5.806,5.806,5.806,5.806,0.0
2012-09-25,5.823,5.823,5.823,5.823,0.0
2012-09-26,5.789,5.789,5.789,5.789,0.0
2012-09-27,5.813,5.813,5.813,5.813,0.0
2012-09-28,5.825,5.825,5.825,5.825,0.0
2012-10-01,5.846,5.846,5.846,5.846,0.0
2012-10-02,5.802,5.802,5.802,5.802,0.0
2012-10-03,5.78,5.78,5.78,5.78,0.0
2012-10-04,5.76,5.76,5.76,5.76,0.0
2012-10-05,5.81,5.81,5.81,5.81,0.0
2012-10-08,5.849,5.849,5.849,5.849,0.0
2012-10-09,5.855,5.855,5.855,5.855,0.0
2012-10-10,5.831,5.831,5.831,5.831,0.0
2012-10-11,5.859,5.859,5.859,5.859,0.0
2012-10-12,5.82,5.82,5.82,5.82,0.0
2012-10-15,5.786,5.786,5.786,5.786,0.0
2012-10-16,5.792,5.792,5.792,5.792,0.0
2012-10-17,5.84,5.84,5.84,5.84,0.0
2012-10-18,5.786,5.786,5.786,5.786,0.0
2012-10-19,5.784,5.784,5.784,5.784,0.0
2012-10-22,5.79,5.79,5.79,5.79,0.0
2012-10-23,5.828,5.828,5.828,5.828,0.0
2012-10-24,5.803,5.803,5.803,5.803,0.0
2012-10-25,5.833,5.833,5.833,5.833,0.0
2012-10-26,5.842,5.842,5.842,5.842,0.0
2012-10-29,5.911,5.911,5.911,5.911,0.0
2012-10-30,5.842,5.842,5.842,5.842,0.0
2012-10-31,5.845,5.845,5.845,5.845,0.0
2012-11-01,5.852,5.852,5.852,5.852,0.0
2012-11-02,5.751,5.751,5.751,5.751,0.0
2012-11-05,5.708,5.708,5.708,5.708,0.0
2012-11-06,5.755,5.755,5.755,5.755,0.0
2012-11-07,5.731,5.731,5.731,5.731,0.0
2012-11-08,5.774,5.774,5.774,5.774,0.0
2012-11-09,5.713,5.713,5.713,5.713,0.0
2012-11-12,5.763,5.763,5.763,5.763,0.0
2012-11-13,5.802,5.802,5.802,5.802,0.0
2012-11-14,5.769,5.769,5.769,5.769,0.0
2012-11-15,5.69,5.69,5.69,5.69,0.0
2012-11-16,5.688,5.688,5.688,5.688,0.0
2012-11-19,5.653,5.653,5.653,5.653,0.0
2012-11-20,5.694,5.694,5.694,5.694,0.0
2012-11-21,5.663,5.663,5.663,5.663,0.0
2012-11-23,5.65,5.65,5.65,5.65,0.0
2012-11-26,5.614,5.614,5.614,5.614,0.0
2012-11-27,5.649,5.649,5.649,5.649,0.0
2012-11-28,5.641,5.641,5.641,5.641,0.0
2012-11-29,5.565,5.565,5.565,5.565,0.0
2012-11-30,5.546,5.546,5.546,5.546,0.0
2012-12-03,5.58,5.58,5.58,5.58,0.0
2012-12-04,5.555,5.555,5.555,5.555,0.0
2012-12-05,5.585,5.585,5.585,5.585,0.0
2012-12-06,5.577,5.577,5.577,5.577,0.0
2012-12-07,5.554,5.554,5.554,5.554,0.0
2012-12-10,5.576,5.576,5.576,5.576,0.0
2012-12-11,5.549,5.549,5.549,5.549,0.0
2012-12-12,5.543,5.543,5.543,5.543,0.0
2012-12-13,5.55,5.55,5.55,5.55,0.0
2012-12-14,5.546,5.546,5.546,5.546,0.0
2012-12-17,5.601,5.601,5.601,5.601,0.0
2012-12-18,5.738,5.738,5.738,5.738,0.0
2012-12-19,5.708,5.708,5.708,5.708,0.0
2012-12-20,5.774,5.774,5.774,5.774,0.0
2012-12-21,5.756,5.756,5.756,5.756,0.0
2012-12-24,5.719,5.719,5.719,5.719,0.0
2012-12-26,5.739,5.739,5.739,5.739,0.0
2012-12-27,5.722,5.722,5.722,5.722,0.0
2012-12-28,5.717,5.717,5.717,5.717,0.0
2012-12-31,5.676,5.676,5.676,5.676,0.0
2013-01-02,5.64,5.64,5.64,5.64,0.0
2013-01-03,5.635,5.635,5.635,5.635,0.0
2013-01-04,5.693,5.693,5.693,5.693,0.0
2013-01-07,5.674,5.674,5.674,5.674,0.0
2013-01-08,5.652,5.652,5.652,5.652,0.0
2013-01-09,5.632,5.632,5.632,5.632,0.0
2013-01-10,5.644,5.644,5.644,5.644,0.0
2013-01-11,5.605,5.605,5.605,5.605,0.0
2013-01-14,5.592,5.592,5.592,5.592,0.0
2013-01-15,5.602,5.602,5.602,5.602,0.0
2013-01-16,5.602,5.602,5.602,5.602,0.0
2013-01-17,5.591,5.591,5.591,5.591,0.0
2013-01-18,5.622,5.622,5.622,5.622,0.0
2013-01-22,5.616,5.616,5.616,5.616,0.0
2013-01-23,5.651,5.651,5.651,5.651,0.0
2013-01-24,5.622,5.622,5.622,5.622,0.0
2013-01-25,5.642,5.642,5.642,5.642,0.0
2013-01-28,5.582,5.582,5.582,5.582,0.0
2013-01-29,5.553,5.553,5.553,5.553,0.0
2013-01-30,5.577,5.577,5.577,5.577,0.0
2013-01-31,5.568,5.568,5.568,5.568,0.0
2013-02-01,5.525,5.525,5.525,5.525,0.0
2013-02-04,5.545,5.545,5.545,5.545,0.0
2013-02-05,5.547,5.547,5.547,5.547,0.0
2013-02-06,5.542,5.542,5.542,5.542,0.0
2013-02-07,5.518,5.518,5.518,5.518,0.0
2013-02-08,5.563,5.563,5.563,5.563,0.0
2013-02-11,5.573,5.573,5.573,5.573,0.0
2013-02-12,5.59,5.59,5.59,5.59,0.0
2013-02-13,5.619,5.619,5.619,5.619,0.0
2013-02-14,5.595,5.595,5.595,5.595,0.0
2013-02-15,5.576,5.576,5.576,5.576,0.0
2013-02-19,5.617,5.617,5.617,5.617,0.0
2013-02-20,5.595,5.595,5.595,5.595,0.0
2013-02-21,5.568,5.568,5.568,5.568,0.0
2013-02-22,5.565,5.565,5.565,5.565,0.0
2013-02-25,5.566,5.566,5.566,5.566,0.0
2013-02-26,5.57,5.57,5.57,5.57,0.0
2013-02-27,5.563,5.563,5.563,5.563,0.0
2013-02-28,5.584,5.584,5.584,5.584,0.0
2013-03-01,5.605,5.605,5.605,5.605,0.0
2013-03-04,5.647,5.647,5.647,5.647,0.0
2013-03-05,5.635,5.635,5.635,5.635,0.0
2013-03-06,5.605,5.605,5.605,5.605,0.0
2013-03-07,5.639,5.639,5.639,5.639,0.0
2013-03-08,5.635,5.635,5.635,5.635,0.0
2013-03-11,5.628,5.628,5.628,5.628,0.0
2013-03-12,5.598,5.598,5.598,5.598,0.0
2013-03-13,5.609,5.609,5.609,5.609,0.0
2013-03-14,5.601,5.601,5.601,5.601,0.0
2013-03-15,5.604,5.604,5.604,5.604,0.0
2013-03-18,5.589,5.589,5.589,5.589,0.0
2013-03-19,5.614,5.614,5.614,5.614,0.0
2013-03-20,5.608,5.608,5.608,5.608,0.0
2013-03-21,5.545,5.545,5.545,5.545,0.0
2013-03-22,5.537,5.537,5.537,5.537,0.0
2013-03-25,5.503,5.503,5.503,5.503,0.0
2013-03-26,5.515,5.515,5.515,5.515,0.0
2013-03-27,5.45,5.45,5.45,5.45,0.0
2013-03-28,5.367,5.367,5.367,5.367,0.0
2013-04-01,5.356,5.356,5.356,5.356,0.0
2013-04-02,5.313,5.313,5.313,5.313,0.0
2013-04-03,5.378,5.378,5.378,5.378,0.0
2013-04-04,5.39,5.39,5.39,5.39,0.0
2013-04-05,5.367,5.367,5.367,5.367,0.0
2013-04-08,5.278,5.278,5.278,5.278,0.0
2013-04-09,5.108,5.108,5.108,5.108,0.0
2013-04-10,5.052,5.052,5.052,5.052,0.0
2013-04-11,5.131,5.131,5.131,5.131,0.0
2013-04-12,5.285,5.285,5.285,5.285,0.0
2013-04-15,5.296,5.296,5.296,5.296,0.0
2013-04-16,5.377,5.377,5.377,5.377,0.0
2013-04-17,5.381,5.381,5.381,5.381,0.0
2013-04-18,5.371,5.371,5.371,5.371,0.0
2013-04-19,5.37,5.37,5.37,5.37,0.0
2013-04-22,5.363,5.363,5.363,5.363,0.0
2013-04-23,5.351,5.351,5.351,5.351,0.0
2013-04-24,5.216,5.216,5.216,5.216,0.0
2013-04-25,5.231,5.231,5.231,5.231,0.0
2013-04-26,5.233,5.233,5.233,5.233,0.0
2013-04-29,5.246,5.246,5.246,5.246,0.0
2013-04-30,5.247,5.247,5.247,5.247,0.0
2013-05-01,5.232,5.232,5.232,5.232,0.0
2013-05-02,5.24,5.24,5.24,5.24,0.0
2013-05-03,5.303,5.303,5.303,5.303,0.0
2013-05-06,5.354,5.354,5.354,5.354,0.0
2013-05-07,5.353,5.353,5.353,5.353,0.0
2013-05-08,5.337,5.337,5.337,5.337,0.0
2013-05-09,5.299,5.299,5.299,5.299,0.0
2013-05-10,5.261,5.261,5.261,5.261,0.0
2013-05-13,5.271,5.271,5.271,5.271,0.0
2013-05-14,5.302,5.302,5.302,5.302,0.0
2013-05-15,5.284,5.284,5.284,5.284,0.0
2013-05-16,5.281,5.281,5.281,5.281,0.0
2013-05-17,5.441,5.441,5.441,5.441,0.0
2013-05-20,5.623,5.623,5.623,5.623,0.0
2013-05-21,5.695,5.695,5.695,5.695,0.0
2013-05-22,5.815,5.815,5.815,5.815,0.0
2013-05-23,5.783,5.783,5.783,5.783,0.0
2013-05-24,5.774,5.774,5.774,5.774,0.0
2013-05-28,5.763,5.763,5.763,5.763,0.0
2013-05-29,5.754,5.754,5.754,5.754,0.0
2013-05-30,5.714,5.714,5.714,5.714,0.0
2013-05-31,5.756,5.756,5.756,5.756,0.0
2013-06-03,5.771,5.771,5.771,5.771,0.0
2013-06-04,5.753,5.753,5.753,5.753,0.0
2013-06-05,5.725,5.725,5.725,5.725,0.0
2013-06-06,5.67,5.67,5.67,5.67,0.0
2013-06-07,5.696,5.696,5.696,5.696,0.0
2013-06-10,5.68,5.68,5.68,5.68,0.0
2013-06-11,5.605,5.605,5.605,5.605,0.0
2013-06-12,5.564,5.564,5.564,5.564,0.0
2013-06-13,5.568,5.568,5.568,5.568,0.0
2013-06-14,5.554,5.554,5.554,5.554,0.0
2013-06-17,5.59,5.59,5.59,5.59,0.0
2013-06-18,5.647,5.647,5.647,5.647,0.0
2013-06-19,5.614,5.614,5.614,5.614,0.0
2013-06-20,5.595,5.595,5.595,5.595,0.0
2013-06-21,5.681,5.681,5.681,5.681,0.0
2013-06-24,5.802,5.802,5.802,5.802,0.0
2013-06-25,5.874,5.874,5.874,5.874,0.0
2013-06-26,5.921,5.921,5.921,5.921,0.0
2013-06-27,5.86,5.86,5.86,5.86,0.0
2013-06-28,5.892,5.892,5.892,5.892,0.0
2013-07-01,5.827,5.827,5.827,5.827,0.0
2013-07-02,5.862,5.862,5.862,5.862,0.0
2013-07-03,5.884,5.884,5.884,5.884,0.0
2013-07-05,5.843,5.843,5.843,5.843,0.0
2013-07-08,5.89,5.89,5.89,5.89,0.0
2013-07-09,5.803,5.803,5.803,5.803,0.0
2013-07-10,5.789,5.789,5.789,5.789,0.0
2013-07-11,5.786,5.786,5.786,5.786,0.0
2013-07-12,5.786,5.786,5.786,5.786,0.0
2013-07-15,5.807,5.807,5.807,5.807,0.0
2013-07-16,5.806,5.806,5.806,5.806,0.0
2013-07-17,5.808,5.808,5.808,5.808,0.0
2013-07-18,5.758,5.758,5.758,5.758,0.0
2013-07-19,5.712,5.712,5.712,5.712,0.0
2013-07-22,5.694,5.694,5.694,5.694,0.0
2013-07-23,5.663,5.663,5.663,5.663,0.0
2013-07-24,5.682,5.682,5.682,5.682,0.0
2013-07-25,5.707,5.707,5.707,5.707,0.0
2013-07-26,5.636,5.636,5.636,5.636,0.0
2013-07-29,5.636,5.636,5.636,5.636,0.0
2013-07-30,5.603,5.603,5.603,5.603,0.0
2013-07-31,5.621,5.621,5.621,5.621,0.0
2013-08-01,5.597,5.597,5.597,5.597,0.0
2013-08-02,5.582,5.582,5.582,5.582,0.0
2013-08-05,5.557,5.557,5.557,5.557,0.0
2013-08-06,5.54,5.54,5.54,5.54,0.0
2013-08-07,5.57,5.57,5.57,5.57,0.0
2013-08-08,5.53,5.53,5.53,5.53,0.0
2013-08-09,5.5,5.5,5.5,5.5,0.0
2013-08-12,5.44,5.44,5.44,5.44,0.0
2013-08-13,5.372,5.372,5.372,5.372,0.0
2013-08-14,5.323,5.323,5.323,5.323,0.0
2013-08-15,5.351,5.351,5.351,5.351,0.0
2013-08-16,5.333,5.333,5.333,5.333,0.0
2013-08-19,5.344,5.344,5.344,5.344,0.0
2013-08-20,5.33,5.33,5.33,5.33,0.0
2013-08-21,5.294,5.294,5.294,5.294,0.0
2013-08-22,5.318,5.318,5.318,5.318,0.0
2013-08-23,5.288,5.288,5.288,5.288,0.0
2013-08-26,5.24,5.24,5.24,5.24,0.0
2013-08-27,5.178,5.178,5.178,5.178,0.0
2013-08-28,5.191,5.191,5.191,5.191,0.0
2013-08-29,5.201,5.201,5.201,5.201,0.0
2013-08-30,5.213,5.213,5.213,5.213,0.0
2013-09-03,5.222,5.222,5.222,5.222,0.0
2013-09-04,5.189,5.189,5.189,5.189,0.0
2013-09-05,5.176,5.176,5.176,5.176,0.0
2013-09-06,5.176,5.176,5.176,5.176,0.0
2013-09-09,5.171,5.171,5.171,5.171,0.0
2013-09-10,5.185,5.185,5.185,5.185,0.0
2013-09-11,5.172,5.172,5.172,5.172,0.0
2013-09-12,5.161,5.161,5.161,5.161,0.0
2013-09-13,5.181,5.181,5.181,5.181,0.0
2013-09-16,5.183,5.183,5.183,5.183,0.0
2013-09-17,5.158,5.158,5.158,5.158,0.0
2013-09-18,5.213,5.213,5.213,5.213,0.0
2013-09-19,5.241,5.241,5.241,5.241,0.0
2013-09-20,5.227,5.227,5.227,5.227,0.0
2013-09-23,5.188,5.188,5.188,5.188,0.0
2013-09-24,5.168,5.168,5.168,5.168,0.0
2013-09-25,5.15,5.15,5.15,5.15,0.0
2013-09-26,5.216,5.216,5.216,5.216,0.0
2013-09-27,5.241,5.241,5.241,5.241,0.0
2013-09-30,5.191,5.191,5.191,5.191,0.0
2013-10-01,5.211,5.211,5.211,5.211,0.0
2013-10-02,5.17,5.17,5.17,5.17,0.0
2013-10-03,5.171,5.171,5.171,5.171,0.0
2013-10-04,5.179,5.179,5.179,5.179,0.0
2013-10-07,5.196,5.196,5.196,5.196,0.0
2013-10-08,5.219,5.219,5.219,5.219,0.0
2013-10-09,5.207,5.207,5.207,5.207,0.0
2013-10-10,5.202,5.202,5.202,5.202,0.0
2013-10-11,5.152,5.152,5.152,5.152,0.0
2013-10-14,5.169,5.169,5.169,5.169,0.0
2013-10-15,5.138,5.138,5.138,5.138,0.0
2013-10-16,5.08,5.08,5.08,5.08,0.0
2013-10-17,5.13,5.13,5.13,5.13,0.0
2013-10-18,5.141,5.141,5.141,5.141,0.0
2013-10-21,5.137,5.137,5.137,5.137,0.0
2013-10-22,5.175,5.175,5.175,5.175,0.0
2013-10-23,5.181,5.181,5.181,5.181,0.0
2013-10-24,5.157,5.157,5.157,5.157,0.0
2013-10-25,5.188,5.188,5.188,5.188,0.0
2013-10-28,5.141,5.141,5.141,5.141,0.0
2013-10-29,5.132,5.132,5.132,5.132,0.0
2013-10-30,5.118,5.118,5.118,5.118,0.0
2013-10-31,5.029,5.029,5.029,5.029,0.0
2013-11-01,4.954,4.954,4.954,4.954,0.0
2013-11-04,4.925,4.925,4.925,4.925,0.0
2013-11-05,4.907,4.907,4.907,4.907,0.0
2013-11-06,4.904,4.904,4.904,4.904,0.0
2013-11-07,4.898,4.898,4.898,4.898,0.0
2013-11-08,4.836,4.836,4.836,4.836,0.0
2013-11-11,4.845,4.845,4.845,4.845,0.0
2013-11-12,4.851,4.851,4.851,4.851,0.0
2013-11-13,4.805,4.805,4.805,4.805,0.0
2013-11-14,4.769,4.769,4.769,4.769,0.0
2013-11-15,4.745,4.745,4.745,4.745,0.0
2013-11-18,4.732,4.732,4.732,4.732,0.0
2013-11-19,4.672,4.672,4.672,4.672,0.0
2013-11-20,4.704,4.704,4.704,4.704,0.0
2013-11-21,4.682,4.682,4.682,4.682,0.0
2013-11-22,4.684,4.684,4.684,4.684,0.0
2013-11-25,4.695,4.695,4.695,4.695,0.0
2013-11-26,4.676,4.676,4.676,4.676,0.0
2013-11-27,4.678,4.678,4.678,4.678,0.0
2013-11-29,4.67,4.67,4.67,4.67,0.0
2013-12-02,4.76,4.76,4.76,4.76,0.0
2013-12-03,4.857,4.857,4.857,4.857,0.0
2013-12-04,4.951,4.951,4.951,4.951,0.0
2013-12-05,4.93,4.93,4.93,4.93,0.0
2013-12-06,4.906,4.906,4.906,4.906,0.0
2013-12-09,4.799,4.799,4.799,4.799,0.0
2013-12-10,4.766,4.766,4.766,4.766,0.0
2013-12-11,4.713,4.713,4.713,4.713,0.0
2013-12-12,4.597,4.597,4.597,4.597,0.0
2013-12-13,4.599,4.599,4.599,4.599,0.0
2013-12-16,4.627,4.627,4.627,4.627,0.0
2013-12-17,4.602,4.602,4.602,4.602,0.0
2013-12-18,4.569,4.569,4.569,4.569,0.0
2013-12-19,4.583,4.583,4.583,4.583,0.0
2013-12-20,4.543,4.543,4.543,4.543,0.0
2013-12-23,4.528,4.528,4.528,4.528,0.0
2013-12-24,4.555,4.555,4.555,4.555,0.0
2013-12-26,4.552,4.552,4.552,4.552,0.0
2013-12-27,4.564,4.564,4.564,4.564,0.0
2013-12-30,4.554,4.554,4.554,4.554,0.0
2013-12-31,4.457,4.457,4.457,4.457,0.0
2014-01-02,4.472,4.472,4.472,4.472,0.0
2014-01-03,4.498,4.498,4.498,4.498,0.0
2014-01-06,4.504,4.504,4.504,4.504,0.0
2014-01-07,4.522,4.522,4.522,4.522,0.0
2014-01-08,4.542,4.542,4.542,4.542,0.0
2014-01-09,4.488,4.488,4.488,4.488,0.0
2014-01-10,4.575,4.575,4.575,4.575,0.0
2014-01-13,4.492,4.492,4.492,4.492,0.0
2014-01-14,4.489,4.489,4.489,4.489,0.0
2014-01-15,4.475,4.475,4.475,4.475,0.0
2014-01-16,4.47,4.47,4.47,4.47,0.0
2014-01-17,4.46,4.46,4.46,4.46,0.0
2014-01-21,4.508,4.508,4.508,4.508,0.0
2014-01-22,4.508,4.508,4.508,4.508,0.0
2014-01-23,4.502,4.502,4.502,4.502,0.0
2014-01-24,4.504,4.504,4.504,4.504,0.0
2014-01-27,4.543,4.543,4.543,4.543,0.0
2014-01-28,4.529,4.529,4.529,4.529,0.0
2014-01-29,4.523,4.523,4.523,4.523,0.0
2014-01-30,4.561,4.561,4.561,4.561,0.0
2014-01-31,4.558,4.558,4.558,4.558,0.0
2014-02-03,4.597,4.597,4.597,4.597,0.0
2014-02-04,4.563,4.563,4.563,4.563,0.0
2014-02-05,4.528,4.528,4.528,4.528,0.0
2014-02-06,4.473,4.473,4.473,4.473,0.0
2014-02-07,4.478,4.478,4.478,4.478,0.0
2014-02-10,4.443,4.443,4.443,4.443,0.0
2014-02-11,4.301,4.301,4.301,4.301,0.0
2014-02-12,4.307,4.307,4.307,4.307,0.0
2014-02-13,4.293,4.293,4.293,4.293,0.0
2014-02-14,4.273,4.273,4.273,4.273,0.0
2014-02-18,4.274,4.274,4.274,4.274,0.0
2014-02-19,4.304,4.304,4.304,4.304,0.0
2014-02-20,4.369,4.369,4.369,4.369,0.0
2014-02-21,4.391,4.391,4.391,4.391,0.0
2014-02-24,4.424,4.424,4.424,4.424,0.0
2014-02-25,4.432,4.432,4.432,4.432,0.0
2014-02-26,4.389,4.389,4.389,4.389,0.0
2014-02-27,4.336,4.336,4.336,4.336,0.0
2014-02-28,4.306,4.306,4.306,4.306,0.0
2014-03-03,4.304,4.304,4.304,4.304,0.0
2014-03-04,4.332,4.332,4.332,4.332,0.0
2014-03-05,4.357,4.357,4.357,4.357,0.0
2014-03-06,4.518,4.518,4.518,4.518,0.0
2014-03-07,4.48,4.48,4.48,4.48,0.0
2014-03-10,4.49,4.49,4.49,4.49,0.0
2014-03-11,4.456,4.456,4.456,4.456,0.0
2014-03-12,4.506,4.506,4.506,4.506,0.0
2014-03-13,4.61,4.61,4.61,4.61,0.0
2014-03-14,4.725,4.725,4.725,4.725,0.0
2014-03-17,4.707,4.707,4.707,4.707,0.0
2014-03-18,4.657,4.657,4.657,4.657,0.0
2014-03-19,4.693,4.693,4.693,4.693,0.0
2014-03-20,4.751,4.751,4.751,4.751,0.0
2014-03-21,4.741,4.741,4.741,4.741,0.0
2014-03-24,4.766,4.766,4.766,4.766,0.0
2014-03-25,4.791,4.791,4.791,4.791,0.0
2014-03-26,4.81,4.81,4.81,4.81,0.0
2014-03-27,4.807,4.807,4.807,4.807,0.0
2014-03-28,4.787,4.787,4.787,4.787,0.0
2014-03-31,4.787,4.787,4.787,4.787,0.0
2014-04-01,4.746,4.746,4.746,4.746,0.0
2014-04-02,4.759,4.759,4.759,4.759,0.0
2014-04-03,4.836,4.836,4.836,4.836,0.0
2014-04-04,4.846,4.846,4.846,4.846,0.0
2014-04-07,4.866,4.866,4.866,4.866,0.0
2014-04-08,4.86,4.86,4.86,4.86,0.0
2014-04-09,4.915,4.915,4.915,4.915,0.0
2014-04-10,4.951,4.951,4.951,4.951,0.0
2014-04-11,4.954,4.954,4.954,4.954,0.0
2014-04-14,4.952,4.952,4.952,4.952,0.0
2014-04-15,4.983,4.983,4.983,4.983,0.0
2014-04-16,4.988,4.988,4.988,4.988,0.0
2014-04-17,4.994,4.994,4.994,4.994,0.0
2014-04-21,4.955,4.955,4.955,4.955,0.0
2014-04-22,4.976,4.976,4.976,4.976,0.0
2014-04-23,4.969,4.969,4.969,4.969,0.0
2014-04-24,5.008,5.008,5.008,5.008,0.0
2014-04-25,4.997,4.997,4.997,4.997,0.0
2014-04-28,5.005,5.005,5.005,5.005,0.0
2014-04-29,5.055,5.055,5.055,5.055,0.0
2014-04-30,5.061,5.061,5.061,5.061,0.0
2014-05-01,5.065,5.065,5.065,5.065,0.0
2014-05-02,5.053,5.053,5.053,5.053,0.0
2014-05-05,5.042,5.042,5.042,5.042,0.0
2014-05-06,5.058,5.058,5.058,5.058,0.0
2014-05-07,5.063,5.063,5.063,5.063,0.0
2014-05-08,5.073,5.073,5.073,5.073,0.0
2014-05-09,5.113,5.113,5.113,5.113,0.0
2014-05-12,5.083,5.083,5.083,5.083,0.0
2014-05-13,5.089,5.089,5.089,5.089,0.0
2014-05-14,5.107,5.107,5.107,5.107,0.0
2014-05-15,5.055,5.055,5.055,5.055,0.0
2014-05-16,5.015,5.015,5.015,5.015,0.0
2014-05-19,5.016,5.016,5.016,5.016,0.0
2014-05-20,5.006,5.006,5.006,5.006,0.0
2014-05-21,5.011,5.011,5.011,5.011,0.0
2014-05-22,4.989,4.989,4.989,4.989,0.0
2014-05-23,5.009,5.009,5.009,5.009,0.0
2014-05-27,5.027,5.027,5.027,5.027,0.0
2014-05-28,5.004,5.004,5.004,5.004,0.0
2014-05-29,5.007,5.007,5.007,5.007,0.0
2014-05-30,5.003,5.003,5.003,5.003,0.0
2014-06-02,5.038,5.038,5.038,5.038,0.0
2014-06-03,5.015,5.015,5.015,5.015,0.0
2014-06-04,5.01,5.01,5.01,5.01,0.0
2014-06-05,5.028,5.028,5.028,5.028,0.0
2014-06-06,5.044,5.044,5.044,5.044,0.0
2014-06-09,5.03,5.03,5.03,5.03,0.0
2014-06-10,5.073,5.073,5.073,5.073,0.0
2014-06-11,5.064,5.064,5.064,5.064,0.0
2014-06-12,5.059,5.059,5.059,5.059,0.0
2014-06-13,5.088,5.088,5.088,5.088,0.0
2014-06-16,5.087,5.087,5.087,5.087,0.0
2014-06-17,5.127,5.127,5.127,5.127,0.0
2014-06-18,5.141,5.141,5.141,5.141,0.0
2014-06-19,5.163,5.163,5.163,5.163,0.0
2014-06-20,5.123,5.123,5.123,5.123,0.0
2014-06-23,5.111,5.111,5.111,5.111,0.0
2014-06-24,5.107,5.107,5.107,5.107,0.0
2014-06-25,5.116,5.116,5.116,5.116,0.0
2014-06-26,5.039,5.039,5.039,5.039,0.0
2014-06-27,5.037,5.037,5.037,5.037,0.0
2014-06-30,5.056,5.056,5.056,5.056,0.0
2014-07-01,5.064,5.064,5.064,5.064,0.0
2014-07-02,5.039,5.039,5.039,5.039,0.0
2014-07-03,5.034,5.034,5.034,5.034,0.0
2014-07-07,5.008,5.008,5.008,5.008,0.0
2014-07-08,4.984,4.984,4.984,4.984,0.0
2014-07-09,4.95,4.95,4.95,4.95,0.0
2014-07-10,4.897,4.897,4.897,4.897,0.0
2014-07-11,4.891,4.891,4.891,4.891,0.0
2014-07-14,4.854,4.854,4.854,4.854,0.0
2014-07-15,4.839,4.839,4.839,4.839,0.0
2014-07-16,4.854,4.854,4.854,4.854,0.0
2014-07-17,4.845,4.845,4.845,4.845,0.0
2014-07-18,4.872,4.872,4.872,4.872,0.0
2014-07-21,4.853,4.853,4.853,4.853,0.0
2014-07-22,4.807,4.807,4.807,4.807,0.0
2014-07-23,4.783,4.783,4.783,4.783,0.0
2014-07-24,4.764,4.764,4.764,4.764,0.0
2014-07-25,4.759,4.759,4.759,4.759,0.0
2014-07-28,4.746,4.746,4.746,4.746,0.0
2014-07-29,4.665,4.665,4.665,4.665,0.0
2014-07-30,4.692,4.692,4.692,4.692,0.0
2014-07-31,4.718,4.718,4.718,4.718,0.0
2014-08-01,4.746,4.746,4.746,4.746,0.0
2014-08-04,4.741,4.741,4.741,4.741,0.0
2014-08-05,4.685,4.685,4.685,4.685,0.0
2014-08-06,4.66,4.66,4.66,4.66,0.0
2014-08-07,4.674,4.674,4.674,4.674,0.0
2014-08-08,4.67,4.67,4.67,4.67,0.0
2014-08-11,4.625,4.625,4.625,4.625,0.0
2014-08-12,4.607,4.607,4.607,4.607,0.0
2014-08-13,4.592,4.592,4.592,4.592,0.0
2014-08-14,4.603,4.603,4.603,4.603,0.0
2014-08-15,4.568,4.568,4.568,4.568,0.0
2014-08-18,4.569,4.569,4.569,4.569,0.0
2014-08-19,4.567,4.567,4.567,4.567,0.0
2014-08-20,4.547,4.547,4.547,4.547,0.0
2014-08-21,4.57,4.57,4.57,4.57,0.0
2014-08-22,4.576,4.576,4.576,4.576,0.0
2014-08-25,4.584,4.584,4.584,4.584,0.0
2014-08-26,4.583,4.583,4.583,4.583,0.0
2014-08-27,4.603,4.603,4.603,4.603,0.0
2014-08-28,4.615,4.615,4.615,4.615,0.0
2014-08-29,4.607,4.607,4.607,4.607,0.0
2014-09-02,4.585,4.585,4.585,4.585,0.0
2014-09-03,4.606,4.606,4.606,4.606,0.0
2014-09-04,4.627,4.627,4.627,4.627,0.0
2014-09-05,4.624,4.624,4.624,4.624,0.0
2014-09-08,4.614,4.614,4.614,4.614,0.0
2014-09-09,4.597,4.597,4.597,4.597,0.0
2014-09-10,4.61,4.61,4.61,4.61,0.0
2014-09-11,4.629,4.629,4.629,4.629,0.0
2014-09-12,4.603,4.603,4.603,4.603,0.0
2014-09-15,4.581,4.581,4.581,4.581,0.0
2014-09-16,4.586,4.586,4.586,4.586,0.0
2014-09-17,4.575,4.575,4.575,4.575,0.0
2014-09-18,4.525,4.525,4.525,4.525,0.0
2014-09-19,4.528,4.528,4.528,4.528,0.0
2014-09-22,4.513,4.513,4.513,4.513,0.0
2014-09-23,4.52,4.52,4.52,4.52,0.0
2014-09-24,4.53,4.53,4.53,4.53,0.0
2014-09-25,4.529,4.529,4.529,4.529,0.0
2014-09-26,4.509,4.509,4.509,4.509,0.0
2014-09-29,4.52,4.52,4.52,4.52,0.0
2014-09-30,4.56,4.56,4.56,4.56,0.0
2014-10-01,4.527,4.527,4.527,4.527,0.0
2014-10-02,4.55,4.55,4.55,4.55,0.0
2014-10-03,4.527,4.527,4.527,4.527,0.0
2014-10-06,4.527,4.527,4.527,4.527,0.0
2014-10-07,4.53,4.53,4.53,4.53,0.0
2014-10-08,4.53,4.53,4.53,4.53,0.0
2014-10-09,4.545,4.545,4.545,4.545,0.0
2014-10-10,4.542,4.542,4.542,4.542,0.0
2014-10-13,4.552,4.552,4.552,4.552,0.0
2014-10-14,4.542,4.542,4.542,4.542,0.0
2014-10-15,4.527,4.527,4.527,4.527,0.0
2014-10-16,4.517,4.517,4.517,4.517,0.0
2014-10-17,4.542,4.542,4.542,4.542,0.0
2014-10-20,4.529,4.529,4.529,4.529,0.0
2014-10-21,4.524,4.524,4.524,4.524,0.0
2014-10-22,4.505,4.505,4.505,4.505,0.0
2014-10-23,4.504,4.504,4.504,4.504,0.0
2014-10-24,4.481,4.481,4.481,4.481,0.0
2014-10-27,4.468,4.468,4.468,4.468,0.0
2014-10-28,4.453,4.453,4.453,4.453,0.0
2014-10-29,4.458,4.458,4.458,4.458,0.0
2014-10-30,4.451,4.451,4.451,4.451,0.0
2014-10-31,4.466,4.466,4.466,4.466,0.0
2014-11-03,4.472,4.472,4.472,4.472,0.0
2014-11-04,4.467,4.467,4.467,4.467,0.0
2014-11-05,4.438,4.438,4.438,4.438,0.0
2014-11-06,4.425,4.425,4.425,4.425,0.0
2014-11-07,4.422,4.422,4.422,4.422,0.0
2014-11-10,4.416,4.416,4.416,4.416,0.0
2014-11-11,4.431,4.431,4.431,4.431,0.0
2014-11-12,4.452,4.452,4.452,4.452,0.0
2014-11-13,4.432,4.432,4.432,4.432,0.0
2014-11-14,4.458,4.458,4.458,4.458,0.0
2014-11-17,4.461,4.461,4.461,4.461,0.0
2014-11-18,4.436,4.436,4.436,4.436,0.0
2014-11-19,4.422,4.422,4.422,4.422,0.0
2014-11-20,4.417,4.417,4.417,4.417,0.0
2014-11-21,4.39,4.39,4.39,4.39,0.0
2014-11-24,4.444,4.444,4.444,4.444,0.0
2014-11-25,4.438,4.438,4.438,4.438,0.0
2014-11-26,4.431,4.431,4.431,4.431,0.0
2014-11-28,4.449,4.449,4.449,4.449,0.0
2014-12-01,4.504,4.504,4.504,4.504,0.0
2014-12-02,4.498,4.498,4.498,4.498,0.0
2014-12-03,4.495,4.495,4.495,4.495,0.0
2014-12-04,4.498,4.498,4.498,4.498,0.0
2014-12-05,4.519,4.519,4.519,4.519,0.0
2014-12-08,4.53,4.53,4.53,4.53,0.0
2014-12-09,4.54,4.54,4.54,4.54,0.0
2014-12-10,4.52,4.52,4.52,4.52,0.0
2014-12-11,4.497,4.497,4.497,4.497,0.0
2014-12-12,4.48,4.48,4.48,4.48,0.0
2014-12-15,4.467,4.467,4.467,4.467,0.0
2014-12-16,4.417,4.417,4.417,4.417,0.0
2014-12-17,4.442,4.442,4.442,4.442,0.0
2014-12-18,4.423,4.423,4.423,4.423,0.0
2014-12-19,4.357,4.357,4.357,4.357,0.0
2014-12-22,4.348,4.348,4.348,4.348,0.0
2014-12-23,4.321,4.321,4.321,4.321,0.0
2014-12-24,4.315,4.315,4.315,4.315,0.0
2014-12-26,4.312,4.312,4.312,4.312,0.0
2014-12-29,4.31,4.31,4.31,4.31,0.0
2014-12-30,4.292,4.292,4.292,4.292,0.0
2014-12-31,4.263,4.263,4.263,4.263,0.0
2015-01-02,4.247,4.247,4.247,4.247,0.0
2015-01-05,4.247,4.247,4.247,4.247,0.0
2015-01-06,4.206,4.206,4.206,4.206,0.0
2015-01-07,4.146,4.146,4.146,4.146,0.0
2015-01-08,4.126,4.126,4.126,4.126,0.0
2015-01-09,4.114,4.114,4.114,4.114,0.0
2015-01-12,4.024,4.024,4.024,4.024,0.0
2015-01-13,3.996,3.996,3.996,3.996,0.0
2015-01-14,3.921,3.921,3.921,3.921,0.0
2015-01-15,3.871,3.871,3.871,3.871,0.0
2015-01-16,3.879,3.879,3.879,3.879,0.0
2015-01-20,3.871,3.871,3.871,3.871,0.0
2015-01-21,3.875,3.875,3.875,3.875,0.0
2015-01-22,3.868,3.868,3.868,3.868,0.0
2015-01-23,3.865,3.865,3.865,3.865,0.0
2015-01-26,3.883,3.883,3.883,3.883,0.0
2015-01-27,3.877,3.877,3.877,3.877,0.0
2015-01-28,3.907,3.907,3.907,3.907,0.0
2015-01-29,3.89,3.89,3.89,3.89,0.0
2015-01-30,3.897,3.897,3.897,3.897,0.0
2015-02-02,3.86,3.86,3.86,3.86,0.0
2015-02-03,3.876,3.876,3.876,3.876,0.0
2015-02-04,3.895,3.895,3.895,3.895,0.0
2015-02-05,3.8,3.8,3.8,3.8,0.0
2015-02-06,3.854,3.854,3.854,3.854,0.0
2015-02-09,3.866,3.866,3.866,3.866,0.0
2015-02-10,3.887,3.887,3.887,3.887,0.0
2015-02-11,3.87,3.87,3.87,3.87,0.0
2015-02-12,3.871,3.871,3.871,3.871,0.0
2015-02-13,3.913,3.913,3.913,3.913,0.0
2015-02-17,3.855,3.855,3.855,3.855,0.0
2015-02-18,3.882,3.882,3.882,3.882,0.0
2015-02-19,3.856,3.856,3.856,3.856,0.0
2015-02-20,3.861,3.861,3.861,3.861,0.0
2015-02-23,3.833,3.833,3.833,3.833,0.0
2015-02-24,3.851,3.851,3.851,3.851,0.0
2015-02-25,3.857,3.857,3.857,3.857,0.0
2015-02-26,3.827,3.827,3.827,3.827,0.0
2015-02-27,3.828,3.828,3.828,3.828,0.0
2015-03-02,3.804,3.804,3.804,3.804,0.0
2015-03-03,3.827,3.827,3.827,3.827,0.0
2015-03-04,3.821,3.821,3.821,3.821,0.0
2015-03-05,3.78,3.78,3.78,3.78,0.0
2015-03-06,3.78,3.78,3.78,3.78,0.0
2015-03-09,3.755,3.755,3.755,3.755,0.0
2015-03-10,3.753,3.753,3.753,3.753,0.0
2015-03-11,3.746,3.746,3.746,3.746,0.0
2015-03-12,3.715,3.715,3.715,3.715,0.0
2015-03-13,3.711,3.711,3.711,3.711,0.0
2015-03-16,3.724,3.724,3.724,3.724,0.0
2015-03-17,3.705,3.705,3.705,3.705,0.0
2015-03-18,3.731,3.731,3.731,3.731,0.0
2015-03-19,3.737,3.737,3.737,3.737,0.0
2015-03-20,3.72,3.72,3.72,3.72,0.0
2015-03-23,3.721,3.721,3.721,3.721,0.0
2015-03-24,3.741,3.741,3.741,3.741,0.0
2015-03-25,3.717,3.717,3.717,3.717,0.0
2015-03-26,3.708,3.708,3.708,3.708,0.0
2015-03-27,3.683,3.683,3.683,3.683,0.0
2015-03-30,3.671,3.671,3.671,3.671,0.0
2015-03-31,3.683,3.683,3.683,3.683,0.0
2015-04-01,3.677,3.677,3.677,3.677,0.0
2015-04-02,3.731,3.731,3.731,3.731,0.0
2015-04-06,3.737,3.737,3.737,3.737,0.0
2015-04-07,3.777,3.777,3.777,3.777,0.0
2015-04-08,3.785,3.785,3.785,3.785,0.0
2015-04-09,3.778,3.778,3.778,3.778,0.0
2015-04-10,3.773,3.773,3.773,3.773,0.0
2015-04-13,3.763,3.763,3.763,3.763,0.0
2015-04-14,3.758,3.758,3.758,3.758,0.0
2015-04-15,3.763,3.763,3.763,3.763,0.0
2015-04-16,3.783,3.783,3.783,3.783,0.0
2015-04-17,3.758,3.758,3.758,3.758,0.0
2015-04-20,3.759,3.759,3.759,3.759,0.0
2015-04-21,3.762,3.762,3.762,3.762,0.0
2015-04-22,3.769,3.769,3.769,3.769,0.0
2015-04-23,3.727,3.727,3.727,3.727,0.0
2015-04-24,3.725,3.725,3.725,3.725,0.0
2015-04-27,3.705,3.705,3.705,3.705,0.0
2015-04-28,3.696,3.696,3.696,3.696,0.0
2015-04-29,3.701,3.701,3.701,3.701,0.0
2015-04-30,3.696,3.696,3.696,3.696,0.0
2015-05-01,3.686,3.686,3.686,3.686,0.0
2015-05-04,3.673,3.673,3.673,3.673,0.0
2015-05-05,3.682,3.682,3.682,3.682,0.0
2015-05-06,3.69,3.69,3.69,3.69,0.0
2015-05-07,3.687,3.687,3.687,3.687,0.0
2015-05-08,3.694,3.694,3.694,3.694,0.0
2015-05-11,3.681,3.681,3.681,3.681,0.0
2015-05-12,3.668,3.668,3.668,3.668,0.0
2015-05-13,3.677,3.677,3.677,3.677,0.0
2015-05-14,3.688,3.688,3.688,3.688,0.0
2015-05-15,3.681,3.681,3.681,3.681,0.0
2015-05-18,3.683,3.683,3.683,3.683,0.0
2015-05-19,3.678,3.678,3.678,3.678,0.0
2015-05-20,3.677,3.677,3.677,3.677,0.0
2015-05-21,3.676,3.676,3.676,3.676,0.0
2015-05-22,3.667,3.667,3.667,3.667,0.0
2015-05-26,3.668,3.668,3.668,3.668,0.0
2015-05-27,3.663,3.663,3.663,3.663,0.0
2015-05-28,3.655,3.655,3.655,3.655,0.0
2015-05-29,3.645,3.645,3.645,3.645,0.0
2015-06-01,3.647,3.647,3.647,3.647,0.0
2015-06-02,3.644,3.644,3.644,3.644,0.0
2015-06-03,3.645,3.645,3.645,3.645,0.0
2015-06-04,3.599,3.599,3.599,3.599,0.0
2015-06-05,3.56,3.56,3.56,3.56,0.0
2015-06-08,3.568,3.568,3.568,3.568,0.0
2015-06-09,3.555,3.555,3.555,3.555,0.0
2015-06-10,3.552,3.552,3.552,3.552,0.0
2015-06-11,3.593,3.593,3.593,3.593,0.0
2015-06-12,3.593,3.593,3.593,3.593,0.0
2015-06-15,3.607,3.607,3.607,3.607,0.0
2015-06-16,3.632,3.632,3.632,3.632,0.0
2015-06-17,3.625,3.625,3.625,3.625,0.0
2015-06-18,3.607,3.607,3.607,3.607,0.0
2015-06-19,3.612,3.612,3.612,3.612,0.0
2015-06-22,3.595,3.595,3.595,3.595,0.0
2015-06-23,3.594,3.594,3.594,3.594,0.0
2015-06-24,3.596,3.596,3.596,3.596,0.0
2015-06-25,3.597,3.597,3.597,3.597,0.0
2015-06-26,3.6,3.6,3.6,3.6,0.0
2015-06-29,3.598,3.598,3.598,3.598,0.0
2015-06-30,3.61,3.61,3.61,3.61,0.0
2015-07-01,3.621,3.621,3.621,3.621,0.0
2015-07-02,3.625,3.625,3.625,3.625,0.0
2015-07-06,3.586,3.586,3.586,3.586,0.0
2015-07-07,3.583,3.583,3.583,3.583,0.0
2015-07-08,3.596,3.596,3.596,3.596,0.0
2015-07-09,3.614,3.614,3.614,3.614,0.0
2015-07-10,3.612,3.612,3.612,3.612,0.0
2015-07-13,3.612,3.612,3.612,3.612,0.0
2015-07-14,3.647,3.647,3.647,3.647,0.0
2015-07-15,3.69,3.69,3.69,3.69,0.0
2015-07-16,3.686,3.686,3.686,3.686,0.0
2015-07-17,3.693,3.693,3.693,3.693,0.0
2015-07-20,3.686,3.686,3.686,3.686,0.0
2015-07-21,3.685,3.685,3.685,3.685,0.0
2015-07-22,3.681,3.681,3.681,3.681,0.0
2015-07-23,3.661,3.661,3.661,3.661,0.0
2015-07-24,3.665,3.665,3.665,3.665,0.0
2015-07-27,3.686,3.686,3.686,3.686,0.0
2015-07-28,3.685,3.685,3.685,3.685,0.0
2015-07-29,3.679,3.679,3.679,3.679,0.0
2015-07-30,3.658,3.658,3.658,3.658,0.0
2015-07-31,3.616,3.616,3.616,3.616,0.0
2015-08-03,3.597,3.597,3.597,3.597,0.0
2015-08-04,3.549,3.549,3.549,3.549,0.0
2015-08-05,3.548,3.548,3.548,3.548,0.0
2015-08-06,3.528,3.528,3.528,3.528,0.0
2015-08-07,3.51,3.51,3.51,3.51,0.0
2015-08-10,3.508,3.508,3.508,3.508,0.0
2015-08-11,3.462,3.462,3.462,3.462,0.0
2015-08-12,3.439,3.439,3.439,3.439,0.0
2015-08-13,3.465,3.465,3.465,3.465,0.0
2015-08-14,3.475,3.475,3.475,3.475,0.0
2015-08-17,3.48,3.48,3.48,3.48,0.0
2015-08-18,3.496,3.496,3.496,3.496,0.0
2015-08-19,3.446,3.446,3.446,3.446,0.0
2015-08-20,3.431,3.431,3.431,3.431,0.0
2015-08-21,3.396,3.396,3.396,3.396,0.0
2015-08-24,3.35,3.35,3.35,3.35,0.0
2015-08-25,3.347,3.347,3.347,3.347,0.0
2015-08-26,3.353,3.353,3.353,3.353,0.0
2015-08-27,3.36,3.36,3.36,3.36,0.0
2015-08-28,3.387,3.387,3.387,3.387,0.0
2015-08-31,3.384,3.384,3.384,3.384,0.0
2015-09-01,3.395,3.395,3.395,3.395,0.0
2015-09-02,3.398,3.398,3.398,3.398,0.0
2015-09-03,3.405,3.405,3.405,3.405,0.0
2015-09-04,3.395,3.395,3.395,3.395,0.0
2015-09-08,3.401,3.401,3.401,3.401,0.0
2015-09-09,3.417,3.417,3.417,3.417,0.0
2015-09-10,3.416,3.416,3.416,3.416,0.0
2015-09-11,3.376,3.376,3.376,3.376,0.0
2015-09-14,3.386,3.386,3.386,3.386,0.0
2015-09-15,3.38,3.38,3.38,3.38,0.0
2015-09-16,3.36,3.36,3.36,3.36,0.0
2015-09-17,3.33,3.33,3.33,3.33,0.0
2015-09-18,3.322,3.322,3.322,3.322,0.0
2015-09-21,3.311,3.311,3.311,3.311,0.0
2015-09-22,3.298,3.298,3.298,3.298,0.0
2015-09-23,3.309,3.309,3.309,3.309,0.0
2015-09-24,3.346,3.346,3.346,3.346,0.0
2015-09-25,3.311,3.311,3.311,3.311,0.0
2015-09-28,3.308,3.308,3.308,3.308,0.0
2015-09-29,3.278,3.278,3.278,3.278,0.0
2015-09-30,3.251,3.251,3.251,3.251,0.0
2015-10-01,3.238,3.238,3.238,3.238,0.0
2015-10-02,3.248,3.248,3.248,3.248,0.0
2015-10-05,3.253,3.253,3.253,3.253,0.0
2015-10-06,3.295,3.295,3.295,3.295,0.0
2015-10-07,3.297,3.297,3.297,3.297,0.0
2015-10-08,3.292,3.292,3.292,3.292,0.0
2015-10-09,3.292,3.292,3.292,3.292,0.0
2015-10-12,3.297,3.297,3.297,3.297,0.0
2015-10-13,3.299,3.299,3.299,3.299,0.0
2015-10-14,3.299,3.299,3.299,3.299,0.0
2015-10-15,3.284,3.284,3.284,3.284,0.0
2015-10-16,3.291,3.291,3.291,3.291,0.0
2015-10-19,3.294,3.294,3.294,3.294,0.0
2015-10-20,3.306,3.306,3.306,3.306,0.0
2015-10-21,3.289,3.289,3.289,3.289,0.0
2015-10-22,3.283,3.283,3.283,3.283,0.0
2015-10-23,3.245,3.245,3.245,3.245,0.0
2015-10-26,3.212,3.212,3.212,3.212,0.0
2015-10-27,3.194,3.194,3.194,3.194,0.0
2015-10-28,3.194,3.194,3.194,3.194,0.0
2015-10-29,3.189,3.189,3.189,3.189,0.0
2015-10-30,3.226,3.226,3.226,3.226,0.0
2015-11-02,3.203,3.203,3.203,3.203,0.0
2015-11-03,3.215,3.215,3.215,3.215,0.0
2015-11-04,3.221,3.221,3.221,3.221,0.0
2015-11-05,3.225,3.225,3.225,3.225,0.0
2015-11-06,3.223,3.223,3.223,3.223,0.0
2015-11-09,3.217,3.217,3.217,3.217,0.0
2015-11-10,3.21,3.21,3.21,3.21,0.0
2015-11-11,3.199,3.199,3.199,3.199,0.0
2015-11-12,3.184,3.184,3.184,3.184,0.0
2015-11-13,3.211,3.211,3.211,3.211,0.0
2015-11-16,3.221,3.221,3.221,3.221,0.0
2015-11-17,3.221,3.221,3.221,3.221,0.0
2015-11-18,3.156,3.156,3.156,3.156,0.0
2015-11-19,3.111,3.111,3.111,3.111,0.0
2015-11-20,3.08,3.08,3.08,3.08,0.0
2015-11-23,3.103,3.103,3.103,3.103,0.0
2015-11-24,3.109,3.109,3.109,3.109,0.0
2015-11-25,3.12,3.12,3.12,3.12,0.0
2015-11-27,3.102,3.102,3.102,3.102,0.0
2015-11-30,3.112,3.112,3.112,3.112,0.0
2015-12-01,3.121,3.121,3.121,3.121,0.0
2015-12-02,3.152,3.152,3.152,3.152,0.0
2015-12-03,3.155,3.155,3.155,3.155,0.0
2015-12-04,3.158,3.158,3.158,3.158,0.0
2015-12-07,3.143,3.143,3.143,3.143,0.0
2015-12-08,3.163,3.163,3.163,3.163,0.0
2015-12-09,3.183,3.183,3.183,3.183,0.0
2015-12-10,3.204,3.204,3.204,3.204,0.0
2015-12-11,3.2,3.2,3.2,3.2,22.0
2015-12-14,3.185,3.185,3.185,3.185,0.0
2015-12-15,3.17,3.17,3.17,3.17,0.0
2015-12-16,3.195,3.195,3.195,3.195,0.0
2015-12-17,3.224,3.224,3.224,3.224,0.0
2015-12-18,3.208,3.208,3.208,3.208,0.0
2015-12-21,3.195,3.195,3.195,3.195,0.0
2015-12-22,3.205,3.205,3.205,3.205,0.0
2015-12-23,3.197,3.197,3.197,3.197,0.0
2015-12-24,3.197,3.197,3.197,3.197,0.0
2015-12-28,3.232,3.232,3.232,3.232,0.0
2015-12-29,3.217,3.217,3.217,3.217,0.0
2015-12-30,3.208,3.208,3.208,3.208,0.0
2015-12-31,3.209,3.209,3.209,3.209,0.0
2016-01-04,3.189,3.189,3.189,3.189,0.0
2016-01-05,3.167,3.167,3.167,3.167,0.0
2016-01-06,3.166,3.166,3.166,3.166,0.0
2016-01-07,3.187,3.187,3.187,3.187,0.0
2016-01-08,3.166,3.166,3.166,3.166,0.0
2016-01-11,3.139,3.139,3.139,3.139,0.0
2016-01-12,3.109,3.109,3.109,3.109,0.0
2016-01-13,3.129,3.129,3.129,3.129,0.0
2016-01-14,3.144,3.144,3.144,3.144,0.0
2016-01-15,3.129,3.129,3.129,3.129,0.0
2016-01-19,3.131,3.131,3.131,3.131,0.0
2016-01-20,3.124,3.124,3.124,3.124,0.0
2016-01-21,3.132,3.132,3.132,3.132,0.0
2016-01-22,3.127,3.127,3.127,3.127,0.0
2016-01-25,3.128,3.128,3.128,3.128,0.0
2016-01-26,3.112,3.112,3.112,3.112,0.0
2016-01-27,3.114,3.114,3.114,3.114,0.0
2016-01-28,3.155,3.155,3.155,3.155,0.0
2016-01-29,3.137,3.137,3.137,3.137,0.0
2016-02-01,3.094,3.094,3.094,3.094,0.0
2016-02-02,3.029,3.029,3.029,3.029,0.0
2016-02-03,3.067,3.067,3.067,3.067,0.0
2016-02-04,3.07,3.07,3.07,3.07,0.0
2016-02-05,3.068,3.068,3.068,3.068,4.0
2016-02-08,3.011,3.011,3.011,3.011,0.0
2016-02-09,2.974,2.974,2.974,2.974,0.0
2016-02-10,2.938,2.938,2.938,2.938,0.0
2016-02-11,2.896,2.896,2.896,2.896,0.0
2016-02-12,2.868,2.868,2.868,2.868,0.0
2016-02-16,2.836,2.836,2.836,2.836,0.0
2016-02-17,2.829,2.829,2.829,2.829,0.0
2016-02-18,2.8,2.8,2.8,2.8,0.0
2016-02-19,2.773,2.773,2.773,2.773,0.0
2016-02-22,2.712,2.712,2.712,2.712,0.0
2016-02-23,2.73,2.73,2.73,2.73,0.0
2016-02-24,2.762,2.762,2.762,2.762,0.0
2016-02-25,2.748,2.748,2.748,2.748,0.0
2016-02-26,2.758,2.758,2.758,2.758,0.0
2016-02-29,2.809,2.809,2.809,2.809,0.0
2016-03-01,2.843,2.843,2.843,2.843,0.0
2016-03-02,2.832,2.832,2.832,2.832,0.0
2016-03-03,2.842,2.842,2.842,2.842,0.0
2016-03-04,2.841,2.841,2.841,2.841,0.0
2016-03-07,2.848,2.848,2.848,2.848,0.0
2016-03-08,2.854,2.854,2.854,2.854,0.0
2016-03-09,2.895,2.895,2.895,2.895,0.0
2016-03-10,2.913,2.913,2.913,2.913,0.0
2016-03-11,2.932,2.932,2.932,2.932,0.0
2016-03-14,2.924,2.924,2.924,2.924,0.0
2016-03-15,2.923,2.923,2.923,2.923,0.0
2016-03-16,2.93,2.93,2.93,2.93,0.0
2016-03-17,2.935,2.935,2.935,2.935,0.0
2016-03-18,2.923,2.923,2.923,2.923,0.0
2016-03-21,2.915,2.915,2.915,2.915,0.0
2016-03-22,2.938,2.938,2.938,2.938,0.0
2016-03-23,2.958,2.958,2.958,2.958,0.0
2016-03-24,2.99,2.99,2.99,2.99,0.0
2016-03-28,3.058,3.058,3.058,3.058,0.0
2016-03-29,3.075,3.075,3.075,3.075,0.0
2016-03-30,3.067,3.067,3.067,3.067,0.0
2016-03-31,3.071,3.071,3.071,3.071,0.0
2016-04-01,3.077,3.077,3.077,3.077,0.0
2016-04-04,3.079,3.079,3.079,3.079,0.0
2016-04-05,3.087,3.087,3.087,3.087,0.0
2016-04-06,3.096,3.096,3.096,3.096,0.0
2016-04-07,3.101,3.101,3.101,3.101,0.0
2016-04-08,3.116,3.116,3.116,3.116,0.0
2016-04-11,3.111,3.111,3.111,3.111,0.0
2016-04-12,3.112,3.112,3.112,3.112,0.0
2016-04-13,3.116,3.116,3.116,3.116,0.0
2016-04-14,3.114,3.114,3.114,3.114,0.0
2016-04-15,3.087,3.087,3.087,3.087,0.0
2016-04-18,3.086,3.086,3.086,3.086,0.0
2016-04-19,3.082,3.082,3.082,3.082,0.0
2016-04-20,3.079,3.079,3.079,3.079,0.0
2016-04-21,3.108,3.108,3.108,3.108,0.0
2016-04-22,3.104,3.104,3.104,3.104,0.0
2016-04-25,3.118,3.118,3.118,3.118,0.0
2016-04-26,3.16,3.16,3.16,3.16,0.0
2016-04-27,3.172,3.172,3.172,3.172,0.0
2016-04-28,3.164,3.164,3.164,3.164,0.0
2016-04-29,3.162,3.162,3.162,3.162,0.0
2016-05-02,3.142,3.142,3.142,3.142,0.0
2016-05-03,3.145,3.145,3.145,3.145,0.0
2016-05-04,3.154,3.154,3.154,3.154,0.0
2016-05-05,3.182,3.182,3.182,3.182,0.0
2016-05-06,3.176,3.176,3.176,3.176,0.0
2016-05-09,3.164,3.164,3.164,3.164,0.0
2016-05-10,3.135,3.135,3.135,3.135,0.0
2016-05-11,3.129,3.129,3.129,3.129,0.0
2016-05-12,3.117,3.117,3.117,3.117,0.0
2016-05-13,3.104,3.104,3.104,3.104,0.0
2016-05-16,3.105,3.105,3.105,3.105,0.0
2016-05-17,3.089,3.089,3.089,3.089,0.0
2016-05-18,3.075,3.075,3.075,3.075,0.0
2016-05-19,3.097,3.097,3.097,3.097,0.0
2016-05-20,3.085,3.085,3.085,3.085,0.0
2016-05-23,3.085,3.085,3.085,3.085,0.0
2016-05-24,3.098,3.098,3.098,3.098,0.0
2016-05-25,3.135,3.135,3.135,3.135,0.0
2016-05-26,3.166,3.166,3.166,3.166,0.0
2016-05-27,3.171,3.171,3.171,3.171,0.0
2016-05-31,3.175,3.175,3.175,3.175,0.0
2016-06-01,3.161,3.161,3.161,3.161,0.0
2016-06-02,3.162,3.162,3.162,3.162,0.0
2016-06-03,3.153,3.153,3.153,3.153,0.0
2016-06-06,3.15,3.15,3.15,3.15,0.0
2016-06-07,3.169,3.169,3.169,3.169,0.0
2016-06-08,3.167,3.167,3.167,3.167,0.0
2016-06-09,3.152,3.152,3.152,3.152,0.0
2016-06-10,3.134,3.134,3.134,3.134,0.0
2016-06-13,3.093,3.093,3.093,3.093,0.0
2016-06-14,3.071,3.071,3.071,3.071,0.0
2016-06-15,3.071,3.071,3.071,3.071,0.0
2016-06-16,3.071,3.071,3.071,3.071,0.0
2016-06-17,3.053,3.053,3.053,3.053,0.0
2016-06-20,3.045,3.045,3.045,3.045,0.0
2016-06-21,3.035,3.035,3.035,3.035,0.0
2016-06-22,3.042,3.042,3.042,3.042,0.0
2016-06-23,3.053,3.053,3.053,3.053,0.0
2016-06-24,3.071,3.071,3.071,3.071,0.0
2016-06-27,3.051,3.051,3.051,3.051,0.0
2016-06-28,3.083,3.083,3.083,3.083,0.0
2016-06-29,3.084,3.084,3.084,3.084,0.0
2016-06-30,3.099,3.099,3.099,3.099,0.0
2016-07-01,3.1,3.1,3.1,3.1,0.0
2016-07-05,3.093,3.093,3.093,3.093,0.0
2016-07-06,3.115,3.115,3.115,3.115,0.0
2016-07-07,3.113,3.113,3.113,3.113,0.0
2016-07-08,3.113,3.113,3.113,3.113,0.0
2016-07-11,3.109,3.109,3.109,3.109,0.0
2016-07-12,3.095,3.095,3.095,3.095,0.0
2016-07-13,3.111,3.111,3.111,3.111,0.0
2016-07-14,3.108,3.108,3.108,3.108,0.0
2016-07-15,3.095,3.095,3.095,3.095,0.0
2016-07-18,3.083,3.083,3.083,3.083,0.0
2016-07-19,3.071,3.071,3.071,3.071,0.0
2016-07-20,3.06,3.06,3.06,3.06,0.0
2016-07-21,3.065,3.065,3.065,3.065,0.0
2016-07-22,3.069,3.069,3.069,3.069,0.0
2016-07-25,3.075,3.075,3.075,3.075,0.0
2016-07-26,3.073,3.073,3.073,3.073,0.0
2016-07-27,3.066,3.066,3.066,3.066,0.0
2016-07-28,3.074,3.074,3.074,3.074,0.0
2016-07-29,3.076,3.076,3.076,3.076,0.0
2016-08-01,3.064,3.064,3.064,3.064,0.0
2016-08-02,3.069,3.069,3.069,3.069,0.0
2016-08-03,3.071,3.071,3.071,3.071,0.0
2016-08-04,3.088,3.088,3.088,3.088,0.0
2016-08-05,3.085,3.085,3.085,3.085,0.0
2016-08-08,3.086,3.086,3.086,3.086,0.0
2016-08-09,3.085,3.085,3.085,3.085,0.0
2016-08-10,3.066,3.066,3.066,3.066,0.0
2016-08-11,3.055,3.055,3.055,3.055,0.0
2016-08-12,3.052,3.052,3.052,3.052,0.0
2016-08-15,3.047,3.047,3.047,3.047,0.0
2016-08-16,3.056,3.056,3.056,3.056,0.0
2016-08-17,3.081,3.081,3.081,3.081,0.0
2016-08-18,3.077,3.077,3.077,3.077,0.0
2016-08-19,3.077,3.077,3.077,3.077,0.0
2016-08-22,3.07,3.07,3.07,3.07,0.0
2016-08-23,3.09,3.09,3.09,3.09,0.0
2016-08-24,3.114,3.114,3.114,3.114,0.0
2016-08-25,3.073,3.073,3.073,3.073,0.0
2016-08-26,3.045,3.045,3.045,3.045,0.0
2016-08-29,3.035,3.035,3.035,3.035,0.0
2016-08-30,3.03,3.03,3.03,3.03,0.0
2016-08-31,3.052,3.052,3.052,3.052,0.0
2016-09-01,3.015,3.015,3.015,3.015,0.0
2016-09-02,3.007,3.007,3.007,3.007,0.0
2016-09-06,3.006,3.006,3.006,3.006,0.0
2016-09-07,2.987,2.987,2.987,2.987,0.0
2016-09-08,2.993,2.993,2.993,2.993,0.0
2016-09-09,2.963,2.963,2.963,2.963,0.0
2016-09-12,2.965,2.965,2.965,2.965,0.0
2016-09-13,2.953,2.953,2.953,2.953,0.0
2016-09-14,2.957,2.957,2.957,2.957,0.0
2016-09-15,2.949,2.949,2.949,2.949,0.0
2016-09-16,2.934,2.934,2.934,2.934,0.0
2016-09-19,2.92,2.92,2.92,2.92,0.0
2016-09-20,2.925,2.925,2.925,2.925,0.0
2016-09-21,2.924,2.924,2.924,2.924,0.0
2016-09-22,2.903,2.903,2.903,2.903,0.0
2016-09-23,2.912,2.912,2.912,2.912,0.0
2016-09-26,2.931,2.931,2.931,2.931,0.0
2016-09-27,2.903,2.903,2.903,2.903,0.0
2016-09-28,2.877,2.877,2.877,2.877,0.0
2016-09-29,2.84,2.84,2.84,2.84,0.0
2016-09-30,2.829,2.829,2.829,2.829,4.0
2016-10-03,2.832,2.832,2.832,2.832,0.0
2016-10-04,2.813,2.813,2.813,2.813,0.0
2016-10-05,2.851,2.851,2.851,2.851,0.0
2016-10-06,2.849,2.849,2.849,2.849,0.0
2016-10-07,2.867,2.867,2.867,2.867,0.0
2016-10-10,2.858,2.858,2.858,2.858,0.0
2016-10-11,2.939,2.939,2.939,2.939,0.0
2016-10-12,2.92,2.92,2.92,2.92,0.0
2016-10-13,2.925,2.925,2.925,2.925,0.0
2016-10-14,2.918,2.918,2.918,2.918,0.0
2016-10-17,2.93,2.93,2.93,2.93,0.0
2016-10-18,2.934,2.934,2.934,2.934,0.0
2016-10-19,2.925,2.925,2.925,2.925,0.0
2016-10-20,2.92,2.92,2.92,2.92,0.0
2016-10-21,2.933,2.933,2.933,2.933,0.0
2016-10-24,2.931,2.931,2.931,2.931,0.0
2016-10-25,2.922,2.922,2.922,2.922,0.0
2016-10-26,2.92,2.92,2.92,2.92,0.0
2016-10-27,2.94,2.94,2.94,2.94,0.0
2016-10-28,2.947,2.947,2.947,2.947,0.0
2016-10-31,2.94,2.94,2.94,2.94,0.0
2016-11-01,2.93,2.93,2.93,2.93,0.0
2016-11-02,2.913,2.913,2.913,2.913,0.0
2016-11-03,2.911,2.911,2.911,2.911,0.0
2016-11-04,2.893,2.893,2.893,2.893,0.0
2016-11-07,2.899,2.899,2.899,2.899,0.0
2016-11-08,2.887,2.887,2.887,2.887,0.0
2016-11-09,2.885,2.885,2.885,2.885,0.0
2016-11-10,2.889,2.889,2.889,2.889,0.0
2016-11-11,2.89,2.89,2.89,2.89,0.0
2016-11-14,2.881,2.881,2.881,2.881,0.0
2016-11-15,2.851,2.851,2.851,2.851,0.0
2016-11-16,2.861,2.861,2.861,2.861,0.0
2016-11-17,2.883,2.883,2.883,2.883,0.0
2016-11-18,2.894,2.894,2.894,2.894,0.0
2016-11-21,2.884,2.884,2.884,2.884,0.0
2016-11-22,2.856,2.856,2.856,2.856,0.0
2016-11-23,2.844,2.844,2.844,2.844,0.0
2016-11-25,2.843,2.843,2.843,2.843,0.0
2016-11-28,2.82,2.82,2.82,2.82,0.0
2016-11-29,2.786,2.786,2.786,2.786,0.0
2016-11-30,2.774,2.774,2.774,2.774,0.0
2016-12-01,2.814,2.814,2.814,2.814,0.0
2016-12-02,2.805,2.805,2.805,2.805,0.0
2016-12-05,2.801,2.801,2.801,2.801,0.0
2016-12-06,2.787,2.787,2.787,2.787,0.0
2016-12-07,2.812,2.812,2.812,2.812,0.0
2016-12-08,2.846,2.846,2.846,2.846,0.0
2016-12-09,2.816,2.816,2.816,2.816,0.0
2016-12-12,2.808,2.808,2.808,2.808,0.0
2016-12-13,2.794,2.794,2.794,2.794,0.0
2016-12-14,2.766,2.766,2.766,2.766,0.0
2016-12-15,2.776,2.776,2.776,2.776,0.0
2016-12-16,2.784,2.784,2.784,2.784,0.0
2016-12-19,2.801,2.801,2.801,2.801,0.0
2016-12-20,2.772,2.772,2.772,2.772,0.0
2016-12-21,2.79,2.79,2.79,2.79,0.0
2016-12-22,2.757,2.757,2.757,2.757,0.0
2016-12-23,2.754,2.754,2.754,2.754,0.0
2016-12-27,2.762,2.762,2.762,2.762,0.0
2016-12-28,2.777,2.777,2.777,2.777,0.0
2016-12-29,2.784,2.784,2.784,2.784,0.0
2016-12-30,2.782,2.782,2.782,2.782,0.0
2017-01-03,2.773,2.773,2.773,2.773,0.0
2017-01-04,2.768,2.768,2.768,2.768,0.0
2017-01-05,2.782,2.782,2.782,2.782,0.0
2017-01-06,2.781,2.781,2.781,2.781,0.0
2017-01-09,2.768,2.768,2.768,2.768,0.0
2017-01-10,2.794,2.794,2.794,2.794,0.0
2017-01-11,2.784,2.784,2.784,2.784,0.0
2017-01-12,2.799,2.799,2.799,2.799,0.0
2017-01-13,2.776,2.776,2.776,2.776,0.0
2017-01-17,2.775,2.775,2.775,2.775,0.0
2017-01-18,2.783,2.783,2.783,2.783,0.0
2017-01-19,2.792,2.792,2.792,2.792,0.0
2017-01-20,2.792,2.792,2.792,2.792,0.0
2017-01-23,2.791,2.791,2.791,2.791,0.0
2017-01-24,2.785,2.785,2.785,2.785,0.0
2017-01-25,2.776,2.776,2.776,2.776,0.0
2017-01-26,2.777,2.777,2.777,2.777,0.0
2017-01-27,2.764,2.764,2.764,2.764,0.0
2017-01-30,2.769,2.769,2.769,2.769,0.0
2017-01-31,2.766,2.766,2.766,2.766,0.0
2017-02-01,2.76,2.76,2.76,2.76,0.0
2017-02-02,2.763,2.763,2.763,2.763,0.0
2017-02-03,2.746,2.746,2.746,2.746,0.0
2017-02-06,2.742,2.742,2.742,2.742,0.0
2017-02-07,2.76,2.76,2.76,2.76,0.0
2017-02-08,2.75,2.75,2.75,2.75,0.0
2017-02-09,2.75,2.75,2.75,2.75,0.0
2017-02-10,2.73,2.73,2.73,2.73,0.0
2017-02-13,2.73,2.73,2.73,2.73,0.0
2017-02-14,2.72,2.72,2.72,2.72,0.0
2017-02-15,2.722,2.722,2.722,2.722,0.0
2017-02-16,2.736,2.736,2.736,2.736,0.0
2017-02-17,2.732,2.732,2.732,2.732,0.0
2017-02-21,2.716,2.716,2.716,2.716,0.0
2017-02-22,2.719,2.719,2.719,2.719,0.0
2017-02-23,2.722,2.722,2.722,2.722,0.0
2017-02-24,2.715,2.715,2.715,2.715,0.0
2017-02-27,2.713,2.713,2.713,2.713,0.0
2017-02-28,2.722,2.722,2.722,2.722,0.0
2017-03-01,2.739,2.739,2.739,2.739,0.0
2017-03-02,2.738,2.738,2.738,2.738,0.0
2017-03-03,2.746,2.746,2.746,2.746,0.0
2017-03-06,2.741,2.741,2.741,2.741,0.0
2017-03-07,2.738,2.738,2.738,2.738,0.0
2017-03-08,2.735,2.735,2.735,2.735,0.0
2017-03-09,2.729,2.729,2.729,2.729,0.0
2017-03-10,2.724,2.724,2.724,2.724,0.0
2017-03-13,2.718,2.718,2.718,2.718,8.0
2017-03-14,2.715,2.715,2.715,2.715,0.0
2017-03-15,2.709,2.709,2.709,2.709,8.0
2017-03-16,2.734,2.734,2.734,2.734,0.0
2017-03-17,2.735,2.735,2.735,2.735,0.0
2017-03-20,2.743,2.743,2.743,2.743,0.0
2017-03-21,2.745,2.745,2.745,2.745,0.0
2017-03-22,2.745,2.745,2.745,2.745,0.0
2017-03-23,2.753,2.753,2.753,2.753,4.0
2017-03-24,2.731,2.731,2.731,2.731,0.0
2017-03-27,2.727,2.727,2.727,2.727,0.0
2017-03-28,2.708,2.708,2.708,2.708,2.0
2017-03-29,2.729,2.729,2.729,2.729,0.0
2017-03-30,2.724,2.724,2.724,2.724,0.0
2017-03-31,2.716,2.716,2.716,2.716,0.0
2017-04-03,2.723,2.723,2.723,2.723,0.0
2017-04-04,2.718,2.718,2.718,2.718,0.0
2017-04-05,2.742,2.742,2.742,2.742,2.0
2017-04-06,2.724,2.724,2.724,2.724,0.0
2017-04-07,2.729,2.729,2.729,2.729,0.0
2017-04-10,2.729,2.729,2.729,2.729,0.0
2017-04-11,2.747,2.747,2.747,2.747,0.0
2017-04-12,2.75,2.75,2.75,2.75,0.0
2017-04-13,2.777,2.777,2.777,2.777,0.0
2017-04-17,2.775,2.775,2.775,2.775,0.0
2017-04-18,2.804,2.804,2.804,2.804,0.0
2017-04-19,2.813,2.813,2.813,2.813,0.0
2017-04-20,2.847,2.847,2.847,2.847,0.0
2017-04-21,2.824,2.824,2.824,2.824,0.0
2017-04-24,2.813,2.813,2.813,2.813,0.0
2017-04-25,2.818,2.818,2.818,2.818,0.0
2017-04-26,2.825,2.825,2.825,2.825,0.0
2017-04-27,2.813,2.813,2.813,2.813,0.0
2017-04-28,2.814,2.814,2.814,2.814,0.0
2017-05-01,2.782,2.782,2.782,2.782,0.0
2017-05-02,2.779,2.779,2.779,2.779,2.0
2017-05-03,2.793,2.793,2.793,2.793,0.0
2017-05-04,2.811,2.811,2.811,2.811,0.0
2017-05-05,2.812,2.812,2.812,2.812,0.0
2017-05-08,2.789,2.789,2.789,2.789,0.0
2017-05-09,2.787,2.787,2.787,2.787,0.0
2017-05-10,2.782,2.782,2.782,2.782,0.0
2017-05-11,2.78,2.78,2.78,2.78,0.0
2017-05-12,2.784,2.784,2.784,2.784,0.0
2017-05-15,2.788,2.788,2.772,2.772,2.0
2017-05-16,2.776,2.776,2.776,2.776,0.0
2017-05-17,2.792,2.792,2.792,2.792,0.0
2017-05-18,2.781,2.781,2.781,2.781,0.0
2017-05-19,2.779,2.779,2.779,2.779,0.0
2017-05-22,2.781,2.781,2.781,2.781,0.0
2017-05-23,2.778,2.778,2.778,2.778,0.0
2017-05-24,2.781,2.781,2.772,2.772,11.0
2017-05-25,2.771,2.771,2.771,2.771,0.0
2017-05-26,2.759,2.759,2.759,2.759,0.0
2017-05-30,2.758,2.758,2.758,2.758,0.0
2017-05-31,2.748,2.748,2.748,2.748,0.0
2017-06-01,2.74,2.74,2.74,2.74,0.0
2017-06-02,2.747,2.747,2.747,2.747,0.0
2017-06-05,2.742,2.742,2.742,2.742,0.0
2017-06-06,2.727,2.727,2.727,2.727,0.0
2017-06-07,2.726,2.726,2.726,2.726,0.0
2017-06-08,2.745,2.745,2.745,2.745,0.0
2017-06-09,2.746,2.746,2.746,2.746,0.0
2017-06-12,2.747,2.747,2.747,2.747,0.0
2017-06-13,2.752,2.752,2.752,2.752,0.0
2017-06-14,2.744,2.744,2.744,2.744,0.0
2017-06-15,2.766,2.766,2.766,2.766,0.0
2017-06-16,2.758,2.758,2.758,2.758,0.0
2017-06-19,2.755,2.755,2.755,2.755,0.0
2017-06-20,2.777,2.777,2.777,2.777,0.0
2017-06-21,2.785,2.785,2.785,2.785,0.0
2017-06-22,2.787,2.787,2.787,2.787,0.0
2017-06-23,2.783,2.783,2.783,2.783,0.0
2017-06-26,2.767,2.767,2.767,2.767,0.0
2017-06-27,2.76,2.76,2.76,2.76,0.0
2017-06-28,2.748,2.748,2.748,2.748,0.0
2017-06-29,2.753,2.753,2.753,2.753,0.0
2017-06-30,2.766,2.766,2.766,2.766,0.0
2017-07-03,2.759,2.759,2.759,2.759,0.0
2017-07-05,2.723,2.723,2.723,2.723,0.0
2017-07-06,2.708,2.708,2.708,2.708,0.0
2017-07-07,2.703,2.703,2.703,2.703,0.0
2017-07-10,2.713,2.713,2.713,2.713,0.0
2017-07-11,2.717,2.717,2.717,2.717,0.0
2017-07-12,2.705,2.705,2.705,2.705,0.0
2017-07-13,2.719,2.719,2.719,2.719,0.0
2017-07-14,2.723,2.723,2.723,2.723,0.0
2017-07-17,2.729,2.729,2.729,2.729,0.0
2017-07-18,2.743,2.743,2.743,2.743,0.0
2017-07-19,2.728,2.728,2.728,2.728,0.0
2017-07-20,2.717,2.717,2.717,2.717,0.0
2017-07-21,2.703,2.703,2.703,2.703,0.0
2017-07-24,2.655,2.655,2.655,2.655,30.0
2017-07-25,2.663,2.663,2.663,2.663,0.0
2017-07-26,2.651,2.651,2.651,2.651,0.0
2017-07-27,2.649,2.649,2.649,2.649,0.0
2017-07-28,2.666,2.666,2.666,2.666,0.0
2017-07-31,2.661,2.661,2.656,2.656,1.0
2017-08-01,2.672,2.672,2.672,2.672,0.0
2017-08-02,2.68,2.68,2.68,2.68,0.0
2017-08-03,2.694,2.694,2.694,2.694,0.0
2017-08-04,2.684,2.684,2.684,2.684,0.0
2017-08-07,2.683,2.683,2.683,2.683,0.0
2017-08-08,2.694,2.694,2.694,2.694,0.0
2017-08-09,2.688,2.688,2.688,2.688,0.0
2017-08-10,2.707,2.707,2.689,2.689,2.0
2017-08-11,2.69,2.69,2.69,2.69,0.0
2017-08-14,2.691,2.691,2.691,2.691,0.0
2017-08-15,2.681,2.681,2.681,2.681,0.0
2017-08-16,2.671,2.671,2.671,2.671,0.0
2017-08-17,2.675,2.675,2.675,2.675,0.0
2017-08-18,2.675,2.675,2.675,2.675,0.0
2017-08-21,2.667,2.667,2.667,2.667,0.0
2017-08-22,2.661,2.661,2.661,2.661,0.0
2017-08-23,2.661,2.661,2.661,2.661,0.0
2017-08-24,2.633,2.633,2.633,2.633,0.0
2017-08-25,2.62,2.62,2.62,2.62,0.0
2017-08-28,2.633,2.633,2.633,2.633,0.0
2017-08-29,2.631,2.631,2.631,2.631,0.0
2017-08-30,2.633,2.633,2.633,2.633,0.0
2017-08-31,2.646,2.646,2.646,2.646,0.0
2017-09-01,2.652,2.652,2.652,2.652,0.0
2017-09-05,2.648,2.648,2.648,2.648,0.0
2017-09-06,2.644,2.644,2.644,2.644,0.0
2017-09-07,2.672,2.672,2.672,2.672,0.0
2017-09-08,2.678,2.678,2.678,2.678,0.0
2017-09-11,2.689,2.689,2.689,2.689,0.0
2017-09-12,2.7,2.7,2.7,2.7,0.0
2017-09-13,2.687,2.687,2.687,2.687,0.0
2017-09-14,2.704,2.704,2.704,2.704,0.0
2017-09-15,2.714,2.714,2.714,2.714,0.0
2017-09-18,2.731,2.731,2.731,2.731,0.0
2017-09-19,2.716,2.716,2.716,2.716,0.0
2017-09-20,2.714,2.714,2.714,2.714,0.0
2017-09-21,2.706,2.706,2.706,2.706,0.0
2017-09-22,2.725,2.725,2.725,2.725,0.0
2017-09-25,2.706,2.706,2.706,2.706,0.0
2017-09-26,2.719,2.719,2.719,2.719,0.0
2017-09-27,2.747,2.747,2.73,2.73,20.0
2017-09-28,2.724,2.724,2.724,2.724,0.0
2017-09-29,2.716,2.716,2.716,2.716,0.0
2017-10-02,2.723,2.723,2.723,2.723,0.0
2017-10-03,2.732,2.732,2.732,2.732,0.0
2017-10-04,2.73,2.73,2.73,2.73,0.0
2017-10-05,2.73,2.73,2.73,2.73,0.0
2017-10-06,2.72,2.72,2.72,2.72,0.0
2017-10-09,2.73,2.73,2.73,2.73,0.0
2017-10-10,2.724,2.724,2.724,2.724,0.0
2017-10-11,2.719,2.719,2.719,2.719,0.0
2017-10-12,2.732,2.732,2.732,2.732,0.0
2017-10-13,2.733,2.733,2.733,2.733,0.0
2017-10-16,2.749,2.749,2.749,2.749,0.0
2017-10-17,2.747,2.747,2.747,2.747,0.0
2017-10-18,2.757,2.757,2.757,2.757,0.0
2017-10-19,2.765,2.765,2.765,2.765,0.0
2017-10-20,2.777,2.777,2.777,2.777,0.0
2017-10-23,2.77,2.77,2.77,2.77,0.0
2017-10-24,2.761,2.761,2.761,2.761,0.0
2017-10-25,2.762,2.762,2.759,2.759,2.0
2017-10-26,2.769,2.769,2.757,2.757,2.0
2017-10-27,2.747,2.747,2.747,2.747,0.0
2017-10-30,2.769,2.769,2.769,2.769,0.0
2017-10-31,2.764,2.764,2.764,2.764,0.0
2017-11-01,2.766,2.766,2.766,2.766,0.0
2017-11-02,2.758,2.758,2.758,2.758,0.0
2017-11-03,2.753,2.753,2.753,2.753,0.0
2017-11-06,2.756,2.756,2.756,2.756,0.0
2017-11-07,2.753,2.753,2.753,2.753,0.0
2017-11-08,2.753,2.753,2.753,2.753,0.0
2017-11-09,2.757,2.757,2.757,2.757,0.0
2017-11-10,2.753,2.753,2.753,2.753,0.0
2017-11-13,2.754,2.754,2.754,2.754,0.0
2017-11-14,2.758,2.758,2.758,2.758,0.0
2017-11-15,2.761,2.761,2.761,2.761,0.0
2017-11-16,2.769,2.769,2.769,2.769,0.0
2017-11-17,2.776,2.776,2.776,2.776,0.0
2017-11-20,2.771,2.771,2.771,2.771,0.0
2017-11-21,2.776,2.776,2.776,2.776,0.0
2017-11-22,2.763,2.763,2.763,2.763,0.0
2017-11-24,2.76,2.76,2.76,2.76,0.0
2017-11-27,2.762,2.762,2.762,2.762,0.0
2017-11-28,2.767,2.767,2.767,2.767,0.0
2017-11-29,2.778,2.778,2.778,2.778,0.0
2017-11-30,2.765,2.765,2.765,2.765,0.0
2017-12-01,2.753,2.753,2.753,2.753,0.0
2017-12-04,2.716,2.716,2.716,2.716,0.0
2017-12-05,2.725,2.725,2.725,2.725,0.0
2017-12-06,2.721,2.721,2.721,2.721,0.0
2017-12-07,2.712,2.712,2.712,2.712,0.0
2017-12-08,2.717,2.717,2.717,2.717,0.0
2017-12-11,2.716,2.716,2.716,2.716,0.0
2017-12-12,2.706,2.706,2.706,2.706,0.0
2017-12-13,2.72,2.72,2.72,2.72,0.0
2017-12-14,2.729,2.729,2.729,2.729,0.0
2017-12-15,2.726,2.726,2.726,2.726,0.0
2017-12-18,2.737,2.737,2.737,2.737,0.0
2017-12-19,2.731,2.731,2.731,2.731,0.0
2017-12-20,2.717,2.717,2.717,2.717,0.0
2017-12-21,2.731,2.731,2.731,2.731,0.0
2017-12-22,2.754,2.754,2.754,2.754,0.0
2017-12-26,2.758,2.758,2.758,2.758,0.0
2017-12-27,2.744,2.744,2.744,2.744,0.0
2017-12-28,2.741,2.741,2.741,2.741,0.0
2017-12-29,2.749,2.749,2.749,2.749,0.0
2018-01-02,2.742,2.742,2.742,2.742,0.0
2018-01-03,2.739,2.739,2.739,2.739,0.0
2018-01-04,2.727,2.727,2.727,2.727,0.0
2018-01-05,2.726,2.726,2.726,2.726,0.0
2018-01-08,2.736,2.736,2.736,2.736,0.0
2018-01-09,2.729,2.729,2.729,2.729,0.0
2018-01-10,2.744,2.744,2.744,2.744,0.0
2018-01-11,2.75,2.75,2.75,2.75,0.0
2018-01-12,2.748,2.748,2.748,2.748,0.0
2018-01-16,2.731,2.731,2.731,2.731,0.0
2018-01-17,2.729,2.729,2.729,2.729,0.0
2018-01-18,2.732,2.732,2.732,2.732,0.0
2018-01-19,2.736,2.736,2.736,2.736,0.0
2018-01-22,2.753,2.753,2.753,2.753,10.0
2018-01-23,2.763,2.763,2.763,2.763,0.0
2018-01-24,2.77,2.77,2.77,2.77,0.0
2018-01-25,2.768,2.768,2.768,2.768,0.0
2018-01-26,2.749,2.749,2.749,2.749,0.0
2018-01-29,2.754,2.754,2.754,2.754,0.0
2018-01-30,2.748,2.748,2.748,2.748,0.0
2018-01-31,2.737,2.737,2.737,2.737,0.0
2018-02-01,2.75,2.75,2.75,2.75,0.0
2018-02-02,2.758,2.758,2.758,2.758,0.0
2018-02-05,2.767,2.767,2.767,2.767,22.0
2018-02-06,2.769,2.769,2.769,2.769,0.0
2018-02-07,2.757,2.757,2.757,2.757,0.0
2018-02-08,2.752,2.752,2.752,2.752,0.0
2018-02-09,2.732,2.732,2.732,2.732,0.0
2018-02-12,2.717,2.717,2.717,2.717,2.0
2018-02-13,2.717,2.717,2.717,2.717,0.0
2018-02-14,2.72,2.72,2.72,2.72,0.0
2018-02-15,2.714,2.714,2.714,2.714,0.0
2018-02-16,2.721,2.721,2.721,2.721,0.0
2018-02-20,2.72,2.72,2.72,2.72,0.0
2018-02-21,2.739,2.739,2.739,2.739,0.0
2018-02-22,2.739,2.739,2.739,2.739,0.0
2018-02-23,2.733,2.733,2.733,2.733,0.0
2018-02-26,2.74,2.74,2.74,2.74,0.0
2018-02-27,2.73,2.73,2.73,2.73,0.0
2018-02-28,2.718,2.718,2.718,2.718,0.0
2018-03-01,2.722,2.722,2.722,2.722,0.0
2018-03-02,2.734,2.734,2.734,2.734,0.0
2018-03-05,2.748,2.748,2.748,2.748,0.0
2018-03-06,2.745,2.745,2.745,2.745,0.0
2018-03-07,2.735,2.735,2.735,2.735,0.0
2018-03-08,2.709,2.709,2.709,2.709,0.0
2018-03-09,2.688,2.688,2.688,2.688,1.0
2018-03-12,2.691,2.691,2.691,2.691,0.0
2018-03-13,2.691,2.691,2.691,2.691,0.0
2018-03-14,2.704,2.704,2.704,2.704,0.0
2018-03-15,2.722,2.722,2.722,2.722,0.0
2018-03-16,2.723,2.723,2.723,2.723,0.0
2018-03-19,2.71,2.71,2.71,2.71,0.0
2018-03-20,2.714,2.714,2.714,2.714,0.0
2018-03-21,2.702,2.702,2.702,2.702,0.0
2018-03-22,2.691,2.691,2.691,2.691,0.0
2018-03-23,2.685,2.685,2.685,2.685,0.0
2018-03-26,2.696,2.696,2.696,2.696,0.0
2018-03-27,2.717,2.717,2.717,2.717,0.0
2018-03-28,2.717,2.717,2.717,2.717,0.0
2018-03-29,2.738,2.738,2.738,2.738,0.0
2018-04-02,2.736,2.736,2.736,2.736,55.0
2018-04-03,2.729,2.729,2.729,2.729,0.0
2018-04-04,2.705,2.705,2.705,2.705,0.0
2018-04-05,2.713,2.713,2.713,2.713,0.0
2018-04-06,2.704,2.704,2.704,2.704,0.0
2018-04-09,2.7,2.7,2.7,2.7,0.0
2018-04-10,2.707,2.707,2.707,2.707,0.0
2018-04-11,2.715,2.715,2.715,2.715,0.0
2018-04-12,2.728,2.728,2.728,2.728,0.0
2018-04-13,2.722,2.722,2.722,2.722,0.0
2018-04-16,2.724,2.724,2.724,2.724,1.0
2018-04-17,2.72,2.72,2.72,2.72,0.0
2018-04-18,2.691,2.691,2.691,2.691,0.0
2018-04-19,2.656,2.656,2.656,2.656,100.0
2018-04-20,2.661,2.661,2.661,2.661,100.0
2018-04-23,2.653,2.653,2.653,2.653,0.0
2018-04-24,2.655,2.655,2.655,2.655,12.0
2018-04-25,2.647,2.647,2.647,2.647,0.0
2018-04-26,2.64,2.64,2.64,2.64,0.0
2018-04-27,2.633,2.633,2.633,2.633,0.0
2018-04-30,2.639,2.639,2.639,2.639,0.0
2018-05-01,2.634,2.634,2.634,2.634,0.0
2018-05-02,2.633,2.633,2.633,2.633,0.0
2018-05-03,2.633,2.633,2.633,2.633,0.0
2018-05-04,2.622,2.622,2.622,2.622,0.0
2018-05-07,2.62,2.62,2.62,2.62,0.0
2018-05-08,2.582,2.582,2.582,2.582,0.0
2018-05-09,2.576,2.576,2.576,2.576,2.0
2018-05-10,2.582,2.582,2.582,2.582,2.0
2018-05-11,2.585,2.585,2.585,2.585,0.0
2018-05-14,2.583,2.583,2.583,2.583,0.0
2018-05-15,2.571,2.571,2.571,2.571,10.0
2018-05-16,2.574,2.574,2.574,2.574,0.0
2018-05-17,2.583,2.583,2.583,2.583,0.0
2018-05-18,2.598,2.598,2.598,2.598,3.0
2018-05-21,2.604,2.604,2.604,2.604,0.0
2018-05-22,2.609,2.609,2.609,2.609,0.0
2018-05-23,2.604,2.604,2.604,2.604,0.0
2018-05-24,2.602,2.602,2.602,2.602,0.0
2018-05-25,2.595,2.595,2.582,2.582,9.0
2018-05-29,2.559,2.559,2.559,2.559,12.0
2018-05-30,2.565,2.565,2.565,2.565,0.0
2018-05-31,2.568,2.568,2.568,2.568,0.0
2018-06-01,2.568,2.568,2.568,2.568,0.0
2018-06-04,2.557,2.557,2.557,2.557,0.0
2018-06-05,2.557,2.557,2.557,2.557,0.0
2018-06-06,2.564,2.567,2.564,2.567,4.0
2018-06-07,2.553,2.553,2.553,2.553,0.0
2018-06-08,2.555,2.555,2.555,2.555,0.0
2018-06-11,2.55,2.55,2.55,2.55,0.0
2018-06-12,2.566,2.566,2.566,2.566,0.0
2018-06-13,2.573,2.573,2.573,2.573,0.0
2018-06-14,2.557,2.557,2.557,2.557,0.0
2018-06-15,2.55,2.55,2.55,2.55,0.0
2018-06-18,2.545,2.545,2.545,2.545,0.0
2018-06-19,2.54,2.54,2.54,2.54,0.0
2018-06-20,2.527,2.527,2.527,2.527,0.0
2018-06-21,2.533,2.533,2.533,2.533,0.0
2018-06-22,2.539,2.539,2.539,2.539,0.0
2018-06-25,2.536,2.536,2.536,2.536,0.0
2018-06-26,2.537,2.537,2.537,2.537,0.0
2018-06-27,2.542,2.542,2.542,2.542,0.0
2018-06-28,2.541,2.541,2.541,2.541,0.0
2018-06-29,2.543,2.543,2.543,2.543,0.0
2018-07-02,2.541,2.541,2.541,2.541,3.0
2018-07-03,2.53,2.53,2.53,2.53,0.0
2018-07-05,2.524,2.524,2.524,2.524,0.0
2018-07-06,2.526,2.526,2.526,2.526,0.0
2018-07-09,2.518,2.518,2.518,2.518,0.0
2018-07-10,2.507,2.507,2.507,2.507,0.0
2018-07-11,2.508,2.508,2.508,2.508,1.0
2018-07-12,2.505,2.505,2.505,2.505,0.0
2018-07-13,2.5,2.5,2.5,2.5,0.0
2018-07-16,2.504,2.504,2.485,2.485,2.0
2018-07-17,2.48,2.48,2.48,2.48,0.0
2018-07-18,2.505,2.505,2.473,2.473,3.0
2018-07-19,2.471,2.471,2.471,2.471,0.0
2018-07-20,2.472,2.472,2.472,2.472,0.0
2018-07-23,2.479,2.479,2.479,2.479,0.0
2018-07-24,2.484,2.484,2.484,2.484,0.0
2018-07-25,2.489,2.489,2.489,2.489,0.0
2018-07-26,2.481,2.481,2.481,2.481,0.0
2018-07-27,2.505,2.505,2.505,2.505,0.0
2018-07-30,2.525,2.525,2.504,2.504,1.0
2018-07-31,2.501,2.501,2.501,2.501,0.0
2018-08-01,2.471,2.471,2.471,2.471,0.0
2018-08-02,2.475,2.475,2.475,2.475,0.0
2018-08-03,2.488,2.488,2.48,2.48,1.0
2018-08-06,2.467,2.467,2.467,2.467,0.0
2018-08-07,2.474,2.474,2.474,2.474,0.0
2018-08-08,2.486,2.486,2.486,2.486,0.0
2018-08-09,2.495,2.495,2.495,2.495,0.0
2018-08-10,2.507,2.507,2.507,2.507,0.0
2018-08-13,2.516,2.516,2.516,2.516,0.0
2018-08-14,2.518,2.518,2.518,2.518,0.0
2018-08-15,2.511,2.511,2.511,2.511,0.0
2018-08-16,2.498,2.498,2.498,2.498,0.0
2018-08-17,2.518,2.518,2.5,2.5,1.0
2018-08-20,2.499,2.499,2.499,2.499,0.0
2018-08-21,2.493,2.493,2.493,2.493,1.0
2018-08-22,2.49,2.49,2.49,2.49,0.0
2018-08-23,2.491,2.491,2.491,2.491,0.0
2018-08-24,2.482,2.482,2.482,2.482,0.0
2018-08-27,2.453,2.453,2.453,2.453,0.0
2018-08-28,2.463,2.463,2.447,2.447,1.0
2018-08-29,2.454,2.454,2.454,2.454,0.0
2018-08-30,2.453,2.453,2.453,2.453,0.0
2018-08-31,2.472,2.472,2.472,2.472,1.0
2018-09-04,2.458,2.458,2.458,2.458,0.0
2018-09-05,2.459,2.459,2.459,2.459,0.0
2018-09-06,2.466,2.466,2.466,2.466,0.0
2018-09-07,2.473,2.473,2.473,2.473,0.0
2018-09-10,2.482,2.482,2.482,2.482,0.0
2018-09-11,2.486,2.486,2.486,2.486,0.0
2018-09-12,2.496,2.496,2.496,2.496,0.0
2018-09-13,2.505,2.505,2.505,2.505,0.0
2018-09-14,2.503,2.503,2.503,2.503,12.0
2018-09-17,2.507,2.507,2.507,2.507,0.0
2018-09-18,2.512,2.512,2.512,2.512,1.0
2018-09-19,2.51,2.51,2.496,2.496,2.0
2018-09-20,2.503,2.503,2.503,2.503,0.0
2018-09-21,2.501,2.501,2.501,2.501,0.0
2018-09-24,2.501,2.501,2.501,2.501,0.0
2018-09-25,2.498,2.498,2.498,2.498,0.0
2018-09-26,2.514,2.514,2.509,2.509,1.0
2018-09-27,2.505,2.505,2.505,2.505,1.0
2018-09-28,2.506,2.506,2.506,2.506,2.0
2018-10-01,2.506,2.506,2.506,2.506,5.0
2018-10-02,2.504,2.504,2.504,2.504,0.0
2018-10-03,2.508,2.51,2.499,2.499,3.0
2018-10-04,2.502,2.502,2.502,2.502,0.0
2018-10-05,2.508,2.508,2.497,2.497,2.0
2018-10-08,2.513,2.513,2.513,2.513,0.0
2018-10-09,2.518,2.518,2.518,2.518,0.0
2018-10-10,2.511,2.511,2.511,2.511,0.0
2018-10-11,2.529,2.529,2.529,2.529,0.0
2018-10-12,2.53,2.53,2.53,2.53,0.0
2018-10-15,2.53,2.53,2.53,2.53,0.0
2018-10-16,2.52,2.52,2.519,2.519,2.0
2018-10-17,2.514,2.514,2.514,2.514,0.0
2018-10-18,2.514,2.514,2.514,2.514,0.0
2018-10-19,2.511,2.511,2.511,2.511,0.0
2018-10-22,2.51,2.51,2.51,2.51,31.0
2018-10-23,2.512,2.512,2.512,2.512,0.0
2018-10-24,2.527,2.527,2.511,2.511,6.0
2018-10-25,2.511,2.511,2.505,2.505,5.0
2018-10-26,2.507,2.507,2.507,2.507,0.0
2018-10-29,2.512,2.512,2.512,2.512,0.0
2018-10-30,2.511,2.511,2.511,2.511,63.0
2018-10-31,2.517,2.517,2.517,2.517,0.0
2018-11-01,2.514,2.514,2.514,2.514,0.0
2018-11-02,2.524,2.524,2.524,2.524,0.0
2018-11-05,2.526,2.526,2.526,2.526,0.0
2018-11-06,2.534,2.541,2.534,2.541,1.0
2018-11-07,2.537,2.537,2.537,2.537,0.0
2018-11-08,2.544,2.544,2.544,2.544,35.0
2018-11-09,2.552,2.554,2.539,2.539,2.0
2018-11-12,2.56,2.56,2.56,2.56,0.0
2018-11-13,2.58,2.58,2.539,2.539,1.0
2018-11-14,2.523,2.523,2.523,2.523,0.0
2018-11-15,2.538,2.538,2.532,2.532,6.0
2018-11-16,2.537,2.537,2.528,2.528,8.0
2018-11-19,2.533,2.533,2.496,2.496,2.0
2018-11-20,2.492,2.492,2.492,2.492,0.0
2018-11-21,2.49,2.49,2.49,2.49,4.0
2018-11-23,2.515,2.515,2.515,2.515,0.0
2018-11-26,2.508,2.508,2.508,2.508,0.0
2018-11-27,2.504,2.504,2.504,2.504,0.0
2018-11-28,2.521,2.521,2.521,2.521,55.0
2018-11-29,2.539,2.539,2.539,2.539,10.0
2018-11-30,2.549,2.549,2.542,2.542,1.0
2018-12-03,2.531,2.531,2.531,2.531,0.0
2018-12-04,2.531,2.531,2.531,2.531,4.0
2018-12-05,2.525,2.525,2.525,2.525,0.0
2018-12-06,2.536,2.536,2.536,2.536,0.0
2018-12-07,2.536,2.536,2.536,2.536,2.0
2018-12-10,2.537,2.537,2.537,2.537,4.0
2018-12-11,2.511,2.511,2.511,2.511,0.0
2018-12-12,2.515,2.515,2.515,2.515,0.0
2018-12-13,2.508,2.508,2.508,2.508,0.0
2018-12-14,2.52,2.52,2.52,2.52,1.0
2018-12-17,2.524,2.524,2.524,2.524,0.0
2018-12-18,2.519,2.519,2.519,2.519,100.0
2018-12-19,2.524,2.524,2.516,2.516,61.0
2018-12-20,2.516,2.516,2.516,2.516,0.0
2018-12-21,2.516,2.516,2.516,2.516,0.0
2018-12-24,2.512,2.512,2.512,2.512,0.0
2018-12-26,2.51,2.51,2.51,2.51,0.0
2018-12-27,2.506,2.506,2.506,2.506,0.0
2018-12-28,2.497,2.497,2.497,2.497,0.0
2018-12-31,2.507,2.507,2.507,2.507,0.0
2019-01-02,2.497,2.497,2.497,2.497,4.0
2019-01-03,2.496,2.496,2.496,2.496,2.0
2019-01-04,2.518,2.518,2.518,2.518,0.0
2019-01-07,2.527,2.527,2.527,2.527,0.0
2019-01-08,2.53,2.53,2.53,2.53,0.0
2019-01-09,2.545,2.545,2.541,2.541,2.0
2019-01-10,2.57,2.57,2.55,2.55,1.0
2019-01-11,2.565,2.565,2.565,2.565,0.0
2019-01-14,2.566,2.566,2.566,2.566,1.0
2019-01-15,2.558,2.558,2.558,2.558,0.0
2019-01-16,2.527,2.527,2.527,2.527,0.0
2019-01-17,2.535,2.535,2.535,2.535,0.0
2019-01-18,2.544,2.544,2.544,2.544,0.0
2019-01-22,2.557,2.557,2.557,2.557,0.0
2019-01-23,2.546,2.546,2.546,2.546,0.0
2019-01-24,2.538,2.538,2.538,2.538,0.0
2019-01-25,2.543,2.543,2.543,2.543,0.0
2019-01-28,2.556,2.556,2.536,2.536,1.0
2019-01-29,2.535,2.535,2.535,2.535,0.0
2019-01-30,2.528,2.528,2.528,2.528,0.0
2019-01-31,2.528,2.528,2.505,2.505,1.0
2019-02-01,2.513,2.513,2.513,2.513,0.0
2019-02-04,2.503,2.503,2.503,2.503,0.0
2019-02-05,2.522,2.522,2.522,2.522,0.0
2019-02-06,2.522,2.522,2.522,2.522,0.0
2019-02-07,2.52,2.52,2.52,2.52,0.0
2019-02-08,2.525,2.529,2.525,2.529,4.0
2019-02-11,2.529,2.529,2.529,2.529,0.0
2019-02-12,2.537,2.537,2.537,2.537,2.0
2019-02-13,2.541,2.541,2.541,2.541,0.0
2019-02-14,2.549,2.549,2.549,2.549,7.0
2019-02-15,2.531,2.531,2.531,2.531,0.0
2019-02-19,2.542,2.542,2.542,2.542,0.0
2019-02-20,2.529,2.529,2.529,2.529,0.0
2019-02-21,2.524,2.524,2.524,2.524,0.0
2019-02-22,2.528,2.528,2.528,2.528,0.0
2019-02-25,2.527,2.527,2.527,2.527,0.0
2019-02-26,2.506,2.506,2.506,2.506,0.0
2019-02-27,2.52,2.52,2.52,2.52,0.0
2019-02-28,2.524,2.524,2.524,2.524,0.0
2019-03-01,2.521,2.521,2.521,2.521,0.0
2019-03-04,2.53,2.532,2.53,2.532,6.0
2019-03-05,2.532,2.532,2.532,2.532,0.0
2019-03-06,2.529,2.529,2.529,2.529,0.0
2019-03-07,2.535,2.535,2.535,2.535,0.0
2019-03-08,2.538,2.538,2.538,2.538,0.0
2019-03-11,2.548,2.548,2.548,2.548,0.0
2019-03-12,2.554,2.554,2.554,2.554,0.0
2019-03-13,2.553,2.553,2.553,2.553,0.0
2019-03-14,2.563,2.563,2.554,2.554,1.0
2019-03-15,2.548,2.548,2.548,2.548,0.0
2019-03-18,2.558,2.558,2.558,2.558,0.0
2019-03-19,2.561,2.561,2.561,2.561,0.0
2019-03-20,2.557,2.557,2.557,2.557,0.0
2019-03-21,2.566,2.566,2.566,2.566,0.0
2019-03-22,2.561,2.561,2.556,2.556,2.0
2019-03-25,2.556,2.556,2.555,2.555,1.0
2019-03-26,2.557,2.557,2.557,2.557,0.0
2019-03-27,2.549,2.549,2.549,2.549,35.0
2019-03-28,2.553,2.553,2.553,2.553,0.0
2019-03-29,2.553,2.553,2.553,2.553,0.0
2019-04-01,2.552,2.552,2.552,2.552,6.0
2019-04-02,2.562,2.562,2.562,2.562,3.0
2019-04-03,2.562,2.567,2.562,2.567,5.0
2019-04-04,2.565,2.565,2.565,2.565,0.0
2019-04-05,2.565,2.569,2.565,2.569,19.0
2019-04-08,2.573,2.573,2.573,2.573,0.0
2019-04-09,2.58,2.58,2.58,2.58,0.0
2019-04-10,2.595,2.595,2.576,2.576,2.0
2019-04-11,2.574,2.574,2.574,2.574,0.0
2019-04-12,2.574,2.574,2.574,2.574,0.0
2019-04-15,2.574,2.574,2.568,2.568,2.0
2019-04-16,2.572,2.572,2.57,2.572,1.0
2019-04-17,2.562,2.562,2.557,2.557,8.0
2019-04-18,2.542,2.542,2.542,2.542,0.0
2019-04-22,2.532,2.532,2.532,2.532,10.0
2019-04-23,2.528,2.528,2.528,2.528,0.0
2019-04-24,2.539,2.539,2.539,2.539,0.0
2019-04-25,2.554,2.554,2.554,2.554,0.0
2019-04-26,2.548,2.548,2.548,2.548,1.0
2019-04-29,2.559,2.559,2.559,2.559,0.0
2019-04-30,2.564,2.564,2.564,2.564,0.0
2019-05-01,2.566,2.566,2.566,2.566,0.0
2019-05-02,2.563,2.563,2.563,2.563,0.0
2019-05-03,2.534,2.534,2.534,2.534,0.0
2019-05-06,2.534,2.534,2.534,2.534,0.0
2019-05-07,2.539,2.539,2.539,2.539,0.0
2019-05-08,2.575,2.575,2.536,2.536,7.0
2019-05-09,2.539,2.539,2.539,2.539,1.0
2019-05-10,2.53,2.53,2.53,2.53,0.0
2019-05-13,2.533,2.533,2.533,2.533,0.0
2019-05-14,2.547,2.547,2.547,2.547,0.0
2019-05-15,2.556,2.556,2.55,2.55,201.0
2019-05-16,2.552,2.552,2.552,2.552,0.0
2019-05-17,2.556,2.556,2.556,2.556,0.0
2019-05-20,2.561,2.561,2.561,2.561,0.0
2019-05-21,2.561,2.561,2.561,2.561,14.0
2019-05-22,2.568,2.571,2.545,2.545,57.0
2019-05-23,2.56,2.56,2.557,2.557,1.0
2019-05-24,2.567,2.567,2.567,2.567,0.0
2019-05-28,2.57,2.57,2.57,2.57,0.0
2019-05-29,2.555,2.555,2.555,2.555,0.0
2019-05-30,2.553,2.553,2.553,2.553,0.0
2019-05-31,2.545,2.547,2.545,2.547,100.0
2019-06-03,2.535,2.535,2.535,2.535,1.0
2019-06-04,2.55,2.55,2.543,2.543,1.0
2019-06-05,2.537,2.537,2.537,2.537,0.0
2019-06-06,2.541,2.541,2.541,2.541,6.0
2019-06-07,2.546,2.552,2.542,2.542,2.0
2019-06-10,2.547,2.547,2.536,2.536,4.0
2019-06-11,2.536,2.536,2.536,2.536,0.0
2019-06-12,2.532,2.532,2.532,2.532,0.0
2019-06-13,2.533,2.533,2.533,2.533,0.0
2019-06-14,2.538,2.538,2.538,2.538,3.0
2019-06-17,2.541,2.541,2.541,2.541,0.0
2019-06-18,2.54,2.543,2.529,2.529,201.0
2019-06-19,2.519,2.519,2.519,2.519,8.0
2019-06-20,2.505,2.515,2.505,2.515,112.0
2019-06-21,2.51,2.53,2.51,2.53,40.0
2019-06-24,2.541,2.542,2.536,2.54,10.0
2019-06-25,2.53,2.53,2.52,2.52,3.0
2019-06-26,2.512,2.512,2.512,2.512,0.0
2019-06-27,2.502,2.508,2.502,2.508,8.0
2019-06-28,2.508,2.508,2.489,2.489,21.0
2019-07-01,2.48,2.48,2.469,2.469,2.0
2019-07-02,2.46,2.479,2.46,2.463,15.0
2019-07-03,2.463,2.463,2.455,2.461,4.0
2019-07-05,2.477,2.477,2.47,2.471,3.0
2019-07-08,2.469,2.469,2.469,2.469,0.0
2019-07-09,2.494,2.494,2.482,2.482,18.0
2019-07-10,2.5,2.5,2.492,2.492,3.0
2019-07-11,2.501,2.501,2.501,2.501,36.0
2019-07-12,2.526,2.526,2.504,2.504,25.0
2019-07-15,2.501,2.501,2.501,2.501,5.0
2019-07-16,2.474,2.474,2.474,2.474,0.0
2019-07-17,2.476,2.478,2.475,2.475,7.0
2019-07-18,2.478,2.478,2.47,2.47,2.0
2019-07-19,2.47,2.47,2.462,2.462,3.0
2019-07-22,2.465,2.465,2.465,2.465,0.0
2019-07-23,2.469,2.476,2.462,2.464,25.0
2019-07-24,2.46,2.46,2.457,2.457,4.0
2019-07-25,2.46,2.46,2.458,2.458,5.0
2019-07-26,2.456,2.456,2.452,2.452,40.0
2019-07-29,2.447,2.447,2.443,2.443,10.0
2019-07-30,2.446,2.446,2.446,2.446,50.0
2019-07-31,2.453,2.453,2.453,2.453,109.0
2019-08-01,2.453,2.467,2.453,2.462,138.0
2019-08-02,2.45,2.467,2.443,2.447,94.0
2019-08-05,2.447,2.457,2.436,2.436,16.0
2019-08-06,2.44,2.44,2.42,2.421,11.0
2019-08-07,2.409,2.409,2.409,2.409,0.0
2019-08-08,2.406,2.406,2.406,2.406,1.0
2019-08-09,2.411,2.411,2.397,2.397,4.0
2019-08-12,2.38,2.38,2.373,2.373,1.0
2019-08-13,2.38,2.38,2.373,2.376,5.0
2019-08-14,2.362,2.378,2.359,2.359,7.0
2019-08-15,2.374,2.374,2.357,2.357,25.0
2019-08-16,2.34,2.357,2.337,2.337,19.0
2019-08-19,2.32,2.353,2.317,2.343,5.0
2019-08-20,2.355,2.355,2.334,2.334,5.0
2019-08-21,2.335,2.335,2.335,2.335,19.0
2019-08-22,2.323,2.323,2.323,2.323,5.0
2019-08-23,2.328,2.356,2.324,2.329,11.0
2019-08-26,2.329,2.355,2.329,2.349,44.0
2019-08-27,2.355,2.365,2.343,2.353,21.0
2019-08-28,2.367,2.37,2.367,2.368,3.0
2019-08-29,2.373,2.385,2.373,2.385,108.0
2019-08-30,2.38,2.387,2.365,2.365,5.0
2019-09-03,2.37,2.39,2.37,2.381,40.0
2019-09-04,2.355,2.373,2.354,2.373,13.0
2019-09-05,2.379,2.382,2.379,2.382,18.0
2019-09-06,2.388,2.388,2.371,2.371,32.0
2019-09-09,2.371,2.371,2.355,2.359,17.0
2019-09-10,2.373,2.375,2.359,2.365,55.0
2019-09-11,2.369,2.37,2.368,2.368,10.0
2019-09-12,2.365,2.375,2.363,2.368,15.0
2019-09-13,2.353,2.353,2.353,2.353,10.0
2019-09-16,2.362,2.362,2.362,2.362,8.0
2019-09-17,2.368,2.368,2.355,2.355,17.0
2019-09-18,2.36,2.363,2.36,2.363,58.0
2019-09-19,2.366,2.371,2.355,2.361,22.0
2019-09-20,2.366,2.375,2.366,2.375,53.0
2019-09-23,2.37,2.376,2.366,2.37,19.0
2019-09-24,2.373,2.375,2.369,2.369,3.0
2019-09-25,2.369,2.372,2.367,2.367,68.0
2019-09-26,2.352,2.361,2.352,2.361,197.0
2019-09-27,2.36,2.363,2.351,2.351,7.0
2019-09-30,2.351,2.356,2.348,2.351,210.0
2019-10-01,2.355,2.358,2.355,2.358,29.0
2019-10-02,2.359,2.361,2.349,2.349,59.0
2019-10-03,2.348,2.355,2.348,2.355,2.0
2019-10-04,2.355,2.358,2.355,2.358,10.0
2019-10-07,2.348,2.357,2.348,2.356,6.0
2019-10-08,2.357,2.358,2.331,2.337,16.0
2019-10-09,2.32,2.334,2.316,2.328,44.0
2019-10-10,2.33,2.33,2.318,2.319,21.0
2019-10-11,2.32,2.329,2.319,2.32,87.0
2019-10-14,2.33,2.33,2.32,2.32,15.0
2019-10-15,2.328,2.334,2.328,2.334,951.0
2019-10-16,2.342,2.348,2.332,2.332,216.0
2019-10-17,2.343,2.343,2.334,2.334,275.0
2019-10-18,2.336,2.336,2.335,2.335,52.0
2019-10-21,2.328,2.33,2.328,2.33,67.0
2019-10-22,2.333,2.335,2.329,2.329,44.0
2019-10-23,2.329,2.332,2.326,2.326,18.0
2019-10-24,2.329,2.33,2.328,2.328,11.0
2019-10-25,2.324,2.327,2.322,2.322,27.0
2019-10-28,2.337,2.337,2.33,2.335,185.0
2019-10-29,2.353,2.365,2.353,2.36,57.0
2019-10-30,2.365,2.37,2.365,2.37,163.0
2019-10-31,2.369,2.369,2.355,2.369,106.0
2019-11-01,2.37,2.383,2.37,2.383,6.0
2019-11-04,2.385,2.4,2.385,2.392,41.0
2019-11-05,2.385,2.394,2.378,2.392,11.0
2019-11-06,2.369,2.378,2.369,2.378,110.0
2019-11-07,2.364,2.376,2.357,2.37,164.0
2019-11-08,2.366,2.374,2.365,2.374,10.0
2019-11-11,2.368,2.375,2.368,2.375,7.0
2019-11-12,2.376,2.377,2.363,2.372,70.0
2019-11-13,2.365,2.365,2.36,2.362,33.0
2019-11-14,2.37,2.381,2.37,2.376,100.0
2019-11-15,2.378,2.38,2.372,2.38,70.0
2019-11-18,2.366,2.377,2.366,2.377,9.0
2019-11-19,2.373,2.373,2.363,2.367,66.0
2019-11-20,2.36,2.368,2.36,2.368,113.0
2019-11-21,2.367,2.368,2.359,2.367,213.0
2019-11-22,2.369,2.372,2.369,2.372,102.0
2019-11-25,2.354,2.373,2.354,2.373,323.0
2019-11-26,2.371,2.371,2.358,2.366,310.0
2019-11-27,2.371,2.371,2.364,2.37,278.0
2019-11-29,2.325,2.325,2.319,2.319,14.0
2019-12-02,2.337,2.337,2.33,2.332,225.0
2019-12-03,2.339,2.345,2.337,2.344,175.0
2019-12-04,2.336,2.361,2.336,2.355,212.0
2019-12-05,2.36,2.375,2.36,2.371,140.0
2019-12-06,2.373,2.382,2.357,2.357,76.0
2019-12-09,2.336,2.364,2.336,2.364,632.0
2019-12-10,2.368,2.381,2.362,2.381,123.0
2019-12-11,2.385,2.389,2.38,2.38,677.0
2019-12-12,2.383,2.387,2.381,2.385,364.0
2019-12-13,2.372,2.379,2.368,2.369,156.0
2019-12-16,2.369,2.369,2.366,2.367,244.0
2019-12-17,2.363,2.368,2.363,2.365,18.0
2019-12-18,2.36,2.364,2.337,2.343,252.0
2019-12-19,2.328,2.344,2.322,2.327,249.0
2019-12-20,2.34,2.34,2.325,2.333,42.0
2019-12-23,2.32,2.331,2.32,2.328,121.0
2019-12-24,2.332,2.332,2.32,2.321,4.0
2019-12-26,2.324,2.328,2.32,2.32,79.0
2019-12-27,2.319,2.322,2.302,2.32,189.0
2019-12-30,2.319,2.321,2.319,2.321,34.0
2019-12-31,2.32,2.329,2.314,2.327,710.0
2020-01-02,2.329,2.343,2.317,2.327,333.0
2020-01-03,2.334,2.337,2.323,2.336,281.0
2020-01-06,2.349,2.35,2.328,2.335,307.0
2020-01-07,2.333,2.337,2.322,2.335,352.0
2020-01-08,2.338,2.338,2.323,2.334,127.0
2020-01-09,2.333,2.346,2.328,2.339,657.0
2020-01-10,2.344,2.345,2.332,2.337,197.0
2020-01-13,2.344,2.347,2.331,2.347,995.0
2020-01-14,2.353,2.361,2.338,2.348,377.0
2020-01-15,2.354,2.354,2.334,2.339,670.0
2020-01-16,2.353,2.355,2.334,2.347,614.0
2020-01-17,2.352,2.356,2.327,2.327,178.0
2020-01-21,2.324,2.324,2.306,2.319,497.0
2020-01-22,2.325,2.347,2.309,2.317,181.0
2020-01-23,2.336,2.338,2.303,2.306,188.0
2020-01-24,2.303,2.311,2.279,2.283,295.0
2020-01-27,2.311,2.315,2.271,2.274,367.0
2020-01-28,2.283,2.29,2.279,2.286,631.0
2020-01-29,2.293,2.297,2.275,2.279,65.0
2020-01-30,2.273,2.284,2.271,2.272,334.0
2020-01-31,2.266,2.279,2.266,2.272,618.0
2020-02-03,2.268,2.287,2.253,2.259,107.0
2020-02-04,2.259,2.269,2.247,2.261,208.0
2020-02-05,2.248,2.257,2.242,2.25,591.0
2020-02-06,2.247,2.267,2.243,2.252,971.0
2020-02-07,2.252,2.277,2.25,2.277,221.0
2020-02-10,2.262,2.27,2.258,2.27,424.0
2020-02-11,2.27,2.284,2.261,2.284,470.0
2020-02-12,2.284,2.292,2.284,2.29,425.0
2020-02-13,2.288,2.29,2.276,2.284,240.0
2020-02-14,2.28,2.28,2.274,2.274,608.0
2020-02-18,2.288,2.293,2.272,2.28,462.0
2020-02-19,2.274,2.281,2.268,2.271,462.0
2020-02-20,2.268,2.268,2.245,2.257,293.0
2020-02-21,2.24,2.252,2.24,2.246,194.0
2020-02-24,2.246,2.25,2.238,2.238,426.0
2020-02-25,2.242,2.262,2.242,2.254,252.0
2020-02-26,2.256,2.267,2.252,2.257,441.0
2020-02-27,2.246,2.246,2.222,2.243,868.0
2020-02-28,2.234,2.235,2.191,2.214,1156.0
2020-03-02,2.238,2.238,2.226,2.237,297.0
2020-03-03,2.24,2.253,2.225,2.237,1721.0
2020-03-04,2.237,2.248,2.23,2.242,467.0
2020-03-05,2.24,2.241,2.224,2.234,447.0
2020-03-06,2.215,2.229,2.2,2.205,869.0
2020-03-09,2.195,2.284,2.165,2.276,1651.0
2020-03-10,2.3,2.346,2.291,2.314,1790.0
2020-03-11,2.311,2.316,2.267,2.273,1380.0
2020-03-12,2.24,2.271,2.236,2.259,639.0
2020-03-13,2.273,2.281,2.238,2.261,433.0
2020-03-16,2.234,2.259,2.225,2.255,2251.0
2020-03-17,2.266,2.305,2.254,2.291,1776.0
2020-03-18,2.308,2.321,2.269,2.282,1858.0
2020-03-19,2.294,2.32,2.288,2.301,1246.0
2020-03-20,2.3,2.33,2.293,2.303,807.0
2020-03-23,2.307,2.325,2.3,2.324,572.0
2020-03-24,2.349,2.372,2.349,2.359,626.0
2020-03-25,2.385,2.408,2.366,2.366,869.0
2020-03-26,2.367,2.388,2.35,2.361,670.0
2020-03-27,2.392,2.394,2.37,2.384,689.0
2020-03-30,2.379,2.415,2.372,2.415,619.0
2020-03-31,2.42,2.431,2.41,2.41,1060.0
2020-04-01,2.411,2.428,2.411,2.417,854.0
2020-04-02,2.417,2.426,2.394,2.424,920.0
2020-04-03,2.43,2.438,2.418,2.432,1396.0
2020-04-06,2.445,2.461,2.431,2.457,2411.0
2020-04-07,2.45,2.479,2.45,2.466,2487.0
2020-04-08,2.462,2.492,2.462,2.489,1541.0
2020-04-09,2.48,2.511,2.48,2.507,1965.0
2020-04-13,2.522,2.547,2.522,2.543,1769.0
2020-04-14,2.539,2.548,2.53,2.536,884.0
2020-04-15,2.524,2.541,2.512,2.516,1599.0
2020-04-16,2.525,2.532,2.505,2.527,2053.0
2020-04-17,2.535,2.554,2.512,2.551,1159.0
2020-04-20,2.555,2.62,2.546,2.62,1783.0
2020-04-21,2.616,2.669,2.58,2.648,2922.0
2020-04-22,2.663,2.674,2.652,2.655,909.0
2020-04-23,2.672,2.679,2.625,2.628,1363.0
2020-04-24,2.634,2.639,2.609,2.614,815.0
2020-04-27,2.607,2.66,2.607,2.647,1664.0
2020-04-28,2.653,2.671,2.65,2.66,1400.0
2020-04-29,2.672,2.673,2.651,2.656,1663.0
2020-04-30,2.666,2.681,2.654,2.666,1489.0
2020-05-01,2.655,2.679,2.648,2.65,1208.0
2020-05-04,2.659,2.67,2.658,2.67,913.0
2020-05-05,2.676,2.693,2.628,2.647,2873.0
2020-05-06,2.625,2.633,2.6,2.625,1487.0
2020-05-07,2.6,2.624,2.595,2.61,1130.0
2020-05-08,2.602,2.615,2.594,2.606,902.0
2020-05-11,2.601,2.623,2.598,2.611,1071.0
2020-05-12,2.618,2.622,2.581,2.59,1321.0
2020-05-13,2.581,2.6,2.563,2.568,2402.0
2020-05-14,2.583,2.62,2.571,2.59,2137.0
2020-05-15,2.609,2.617,2.575,2.584,962.0
2020-05-18,2.593,2.616,2.592,2.596,1062.0
2020-05-19,2.604,2.62,2.573,2.59,1056.0
2020-05-20,2.595,2.6,2.559,2.569,2142.0
2020-05-21,2.559,2.567,2.553,2.564,1221.0
2020-05-22,2.551,2.577,2.55,2.571,551.0
2020-05-26,2.573,2.614,2.573,2.58,811.0
2020-05-27,2.574,2.583,2.565,2.576,900.0
2020-05-28,2.584,2.584,2.56,2.574,1001.0
2020-05-29,2.568,2.58,2.549,2.573,1601.0
2020-06-01,2.558,2.569,2.55,2.556,748.0
2020-06-02,2.568,2.587,2.555,2.572,1518.0
2020-06-03,2.584,2.584,2.555,2.564,1142.0
2020-06-04,2.559,2.567,2.535,2.543,1969.0
2020-06-05,2.54,2.543,2.511,2.529,2195.0
2020-06-08,2.511,2.532,2.508,2.53,1262.0
2020-06-09,2.535,2.539,2.523,2.539,1453.0
2020-06-10,2.511,2.564,2.507,2.563,2239.0
2020-06-11,2.556,2.582,2.551,2.582,2298.0
2020-06-12,2.585,2.596,2.558,2.561,964.0
2020-06-15,2.565,2.567,2.528,2.54,856.0
2020-06-16,2.533,2.546,2.529,2.539,1284.0
2020-06-17,2.548,2.557,2.542,2.55,759.0
2020-06-18,2.545,2.555,2.542,2.555,597.0
2020-06-19,2.545,2.557,2.54,2.557,650.0
2020-06-22,2.565,2.565,2.529,2.538,944.0
2020-06-23,2.527,2.532,2.512,2.519,972.0
2020-06-24,2.519,2.519,2.501,2.511,2342.0
2020-06-25,2.501,2.512,2.489,2.498,1524.0
2020-06-26,2.487,2.508,2.486,2.508,1225.0
2020-06-29,2.508,2.539,2.508,2.524,1343.0
2020-06-30,2.515,2.546,2.511,2.528,1419.0
2020-07-01,2.529,2.542,2.512,2.54,1134.0
2020-07-02,2.54,2.546,2.525,2.54,1291.0
2020-07-06,2.557,2.561,2.522,2.53,3001.0
2020-07-07,2.522,2.562,2.521,2.554,2325.0
2020-07-08,2.55,2.561,2.547,2.559,1141.0
2020-07-09,2.555,2.569,2.524,2.53,2506.0
2020-07-10,2.523,2.532,2.511,2.522,2387.0
2020-07-13,2.502,2.526,2.502,2.51,743.0
2020-07-14,2.515,2.533,2.512,2.52,2207.0
2020-07-15,2.516,2.535,2.512,2.524,1290.0
2020-07-16,2.527,2.544,2.523,2.535,1404.0
2020-07-17,2.535,2.553,2.519,2.535,1487.0
2020-07-20,2.532,2.532,2.492,2.52,1591.0
2020-07-21,2.528,2.529,2.505,2.519,581.0
2020-07-22,2.515,2.53,2.504,2.528,1080.0
2020-07-23,2.517,2.546,2.513,2.539,1655.0
2020-07-24,2.531,2.557,2.521,2.557,1199.0
2020-07-27,2.55,2.57,2.546,2.57,1157.0
2020-07-28,2.577,2.624,2.576,2.624,2866.0
2020-07-29,2.625,2.663,2.62,2.662,3561.0
2020-07-30,2.652,2.669,2.622,2.627,1320.0
2020-07-31,2.638,2.647,2.614,2.622,873.0
2020-08-03,2.641,2.682,2.631,2.666,2834.0
2020-08-04,2.659,2.681,2.64,2.676,6681.0
2020-08-05,2.668,2.688,2.663,2.684,2465.0
2020-08-06,2.687,2.708,2.675,2.69,2037.0
2020-08-07,2.688,2.712,2.68,2.707,3187.0
2020-08-10,2.697,2.717,2.678,2.688,1936.0
2020-08-11,2.69,2.724,2.69,2.709,3480.0
2020-08-12,2.69,2.706,2.682,2.704,1552.0
2020-08-13,2.711,2.725,2.697,2.713,2325.0
2020-08-14,2.719,2.768,2.719,2.746,5922.0
2020-08-17,2.748,2.75,2.73,2.75,2355.0
2020-08-18,2.744,2.785,2.738,2.776,4010.0
2020-08-19,2.77,2.796,2.77,2.791,1329.0
2020-08-20,2.787,2.801,2.771,2.793,1995.0
2020-08-21,2.775,2.803,2.762,2.802,2897.0
2020-08-24,2.79,2.817,2.789,2.794,1631.0
2020-08-25,2.79,2.806,2.787,2.795,2728.0
2020-08-26,2.795,2.813,2.767,2.779,1560.0
2020-08-27,2.769,2.816,2.764,2.81,3323.0
2020-08-28,2.821,2.835,2.789,2.818,2358.0
2020-08-31,2.805,2.839,2.784,2.825,2906.0
2020-09-01,2.843,2.844,2.812,2.831,2962.0
2020-09-02,2.828,2.861,2.806,2.847,6194.0
2020-09-03,2.843,2.859,2.834,2.855,2871.0
2020-09-04,2.847,2.876,2.847,2.86,1486.0
2020-09-08,2.846,2.889,2.841,2.871,3605.0
2020-09-09,2.859,2.883,2.845,2.877,2328.0
2020-09-10,2.873,2.88,2.861,2.862,1797.0
2020-09-11,2.857,2.881,2.854,2.854,2049.0
2020-09-14,2.873,2.888,2.843,2.862,1810.0
2020-09-15,2.853,2.871,2.836,2.871,1283.0
2020-09-16,2.863,2.881,2.841,2.846,2384.0
2020-09-17,2.841,2.854,2.798,2.825,4360.0
2020-09-18,2.799,2.84,2.791,2.834,2470.0
2020-09-21,2.809,2.838,2.809,2.829,3970.0
2020-09-22,2.817,2.825,2.791,2.812,3632.0
2020-09-23,2.792,2.846,2.78,2.843,4595.0
2020-09-24,2.843,2.865,2.831,2.863,4946.0
2020-09-25,2.861,2.864,2.826,2.834,3431.0
2020-09-28,2.824,2.864,2.818,2.859,3756.0
2020-09-29,2.849,2.849,2.788,2.811,4174.0
2020-09-30,2.804,2.824,2.779,2.809,2658.0
2020-10-01,2.801,2.825,2.757,2.785,3914.0
2020-10-02,2.762,2.769,2.725,2.757,5325.0
2020-10-05,2.747,2.832,2.744,2.817,5581.0
2020-10-06,2.807,2.836,2.791,2.793,4192.0
2020-10-07,2.796,2.832,2.796,2.815,7562.0
2020-10-08,2.803,2.84,2.79,2.84,6310.0
2020-10-09,2.839,2.871,2.836,2.871,5429.0
2020-10-12,2.89,2.911,2.881,2.908,7397.0
2020-10-13,2.9,2.925,2.896,2.925,5398.0
2020-10-14,2.907,2.935,2.897,2.924,4245.0
2020-10-15,2.919,2.961,2.919,2.957,3689.0
2020-10-16,2.953,2.973,2.948,2.97,5414.0
2020-10-19,2.943,2.996,2.943,2.984,3699.0
2020-10-20,2.984,3.015,2.978,2.994,4743.0
2020-10-21,2.997,3.023,2.993,3.016,5300.0
2020-10-22,3.027,3.031,2.971,2.984,3726.0
2020-10-23,2.975,2.991,2.937,2.966,6288.0
2020-10-26,2.95,2.992,2.948,2.988,2866.0
2020-10-27,2.984,3.007,2.962,3.002,5570.0
2020-10-28,3.0,3.006,2.982,3.0,2950.0
2020-10-29,2.99,3.011,2.944,2.998,5769.0
2020-10-30,3.0,3.067,2.993,3.047,5135.0
2020-11-02,3.064,3.085,3.016,3.045,5425.0
2020-11-03,3.029,3.031,2.957,2.971,11249.0
2020-11-04,2.973,2.981,2.942,2.957,6147.0
2020-11-05,2.962,3.005,2.899,2.916,8452.0
2020-11-06,2.918,2.935,2.863,2.885,7995.0
2020-11-09,2.852,2.907,2.844,2.875,13644.0
2020-11-10,2.867,2.929,2.867,2.917,8017.0
2020-11-11,2.918,2.964,2.91,2.957,7315.0
2020-11-12,2.948,2.963,2.912,2.932,12258.0
2020-11-13,2.926,2.978,2.921,2.938,7073.0
2020-11-16,2.884,2.898,2.793,2.818,12015.0
2020-11-17,2.815,2.836,2.778,2.793,5908.0
2020-11-18,2.781,2.827,2.775,2.784,7242.0
2020-11-19,2.798,2.801,2.65,2.706,20991.0
2020-11-20,2.679,2.738,2.679,2.71,10436.0
2020-11-23,2.721,2.734,2.697,2.727,9446.0
2020-11-24,2.722,2.775,2.721,2.772,6467.0
2020-11-25,2.772,2.817,2.751,2.807,6140.0
2020-11-27,2.778,2.813,2.759,2.774,4121.0
2020-11-30,2.798,2.859,2.764,2.791,9571.0
2020-12-01,2.825,2.843,2.774,2.801,8591.0
2020-12-02,2.792,2.822,2.719,2.758,7798.0
2020-12-03,2.718,2.734,2.516,2.565,30738.0
2020-12-04,2.565,2.638,2.541,2.623,11704.0
2020-12-07,2.546,2.566,2.5,2.533,17995.0
2020-12-08,2.539,2.601,2.523,2.562,10924.0
2020-12-09,2.607,2.647,2.584,2.601,7806.0
2020-12-10,2.587,2.736,2.564,2.7,14094.0
2020-12-11,2.703,2.744,2.677,2.716,8085.0
2020-12-14,2.762,2.794,2.724,2.77,10902.0
2020-12-15,2.767,2.785,2.731,2.783,7518.0
2020-12-16,2.776,2.812,2.75,2.807,7144.0
2020-12-17,2.821,2.829,2.739,2.753,10982.0
2020-12-18,2.767,2.795,2.76,2.783,8634.0
2020-12-21,2.794,2.812,2.754,2.808,7046.0
2020-12-22,2.819,2.865,2.802,2.841,6721.0
2020-12-23,2.845,2.858,2.693,2.718,10889.0
2020-12-24,2.697,2.722,2.643,2.651,4305.0
2020-12-28,2.6,2.605,2.472,2.518,17259.0
2020-12-29,2.531,2.62,2.502,2.597,18053.0
2020-12-30,2.598,2.632,2.576,2.602,6398.0
2020-12-31,2.618,2.696,2.617,2.685,14465.0
2021-01-04,2.76,2.79,2.737,2.744,17371.0
2021-01-05,2.76,2.835,2.76,2.828,21878.0
2021-01-06,2.801,2.868,2.757,2.83,14811.0
2021-01-07,2.818,2.855,2.782,2.832,12800.0
2021-01-08,2.798,2.821,2.765,2.798,17555.0
2021-01-11,2.735,2.872,2.726,2.842,17365.0
2021-01-12,2.876,2.927,2.817,2.841,26001.0
2021-01-13,2.833,2.893,2.825,2.843,18640.0
2021-01-14,2.858,2.895,2.797,2.802,19188.0
2021-01-15,2.805,2.897,2.787,2.856,17465.0
2021-01-19,2.8,2.826,2.719,2.733,22387.0
2021-01-20,2.736,2.749,2.675,2.741,19733.0
2021-01-21,2.73,2.739,2.682,2.716,11878.0
2021-01-22,2.72,2.725,2.665,2.694,13891.0
2021-01-25,2.751,2.801,2.726,2.795,17221.0
2021-01-26,2.794,2.837,2.781,2.828,11877.0
2021-01-27,2.817,2.894,2.817,2.871,17553.0
2021-01-28,2.838,2.867,2.789,2.826,20386.0
2021-01-29,2.843,2.858,2.747,2.752,22880.0
2021-02-01,2.866,2.948,2.866,2.938,30667.0
2021-02-02,2.925,3.026,2.907,2.936,41385.0
2021-02-03,2.907,2.949,2.875,2.897,22200.0
2021-02-04,2.881,3.006,2.864,2.991,28338.0
2021-02-05,3.002,3.057,2.944,2.965,37854.0
2021-02-08,2.99,3.046,2.956,2.993,24169.0
2021-02-09,2.985,3.016,2.912,2.966,20504.0
2021-02-10,2.953,3.024,2.897,3.003,31143.0
2021-02-11,3.028,3.054,2.932,2.96,32994.0
2021-02-12,2.961,3.024,2.935,2.993,24476.0
2021-02-16,3.046,3.1,3.003,3.068,46407.0
2021-02-17,3.055,3.116,3.029,3.108,32806.0
2021-02-18,3.122,3.128,3.018,3.051,42801.0
2021-02-19,3.023,3.102,3.0,3.079,18098.0
2021-02-22,3.042,3.075,2.982,3.056,34981.0
2021-02-23,3.039,3.048,2.973,2.982,30043.0
2021-02-24,2.985,2.986,2.919,2.921,30892.0
2021-02-25,2.929,2.972,2.898,2.911,30052.0
2021-02-26,2.905,2.924,2.843,2.919,38490.0
2021-03-01,2.939,2.948,2.881,2.929,16850.0
2021-03-02,2.937,2.987,2.91,2.977,21873.0
2021-03-03,2.978,3.007,2.933,2.944,16996.0
2021-03-04,2.934,2.95,2.836,2.879,30511.0
2021-03-05,2.866,2.886,2.828,2.846,32144.0
2021-03-08,2.826,2.869,2.776,2.808,25362.0
2021-03-09,2.808,2.831,2.771,2.807,25709.0
2021-03-10,2.8,2.854,2.768,2.842,25651.0
2021-03-11,2.835,2.861,2.796,2.817,27800.0
2021-03-12,2.82,2.838,2.736,2.752,24910.0
2021-03-15,2.714,2.721,2.64,2.646,37560.0
2021-03-16,2.65,2.714,2.646,2.713,19659.0
2021-03-17,2.715,2.715,2.649,2.675,27285.0
2021-03-18,2.675,2.675,2.585,2.633,27140.0
2021-03-19,2.642,2.698,2.613,2.682,19578.0
2021-03-22,2.654,2.739,2.635,2.731,18921.0
2021-03-23,2.725,2.727,2.67,2.674,21749.0
2021-03-24,2.675,2.71,2.662,2.691,17922.0
2021-03-25,2.684,2.742,2.653,2.735,27601.0
2021-03-26,2.735,2.759,2.724,2.739,17509.0
2021-03-29,2.745,2.768,2.709,2.765,22340.0
2021-03-30,2.757,2.791,2.72,2.741,16600.0
2021-03-31,2.741,2.77,2.7,2.732,26832.0
2021-04-01,2.731,2.781,2.708,2.761,26876.0
2021-04-05,2.724,2.737,2.629,2.657,39478.0
2021-04-06,2.662,2.71,2.616,2.618,39483.0
2021-04-07,2.622,2.693,2.62,2.674,32101.0
2021-04-08,2.674,2.696,2.645,2.691,68176.0
2021-04-09,2.693,2.709,2.674,2.691,67161.0
2021-04-12,2.699,2.755,2.694,2.73,72279.0
2021-04-13,2.721,2.792,2.701,2.779,78161.0
2021-04-14,2.778,2.815,2.765,2.775,66230.0
2021-04-15,2.773,2.818,2.741,2.805,46406.0
2021-04-16,2.808,2.841,2.805,2.829,31971.0
2021-04-19,2.843,2.89,2.84,2.885,33716.0
2021-04-20,2.88,2.898,2.864,2.874,32262.0
2021-04-21,2.872,2.874,2.822,2.846,37212.0
2021-04-22,2.851,2.923,2.808,2.898,44457.0
2021-04-23,2.9,2.914,2.869,2.884,22747.0
2021-04-26,2.872,2.944,2.842,2.935,35257.0
2021-04-27,2.935,3.0,2.927,2.995,53400.0
2021-04-28,2.99,3.038,2.983,3.011,48259.0
2021-04-29,3.006,3.024,2.937,2.961,44864.0
2021-04-30,2.953,3.006,2.941,2.978,52394.0
2021-05-03,2.977,3.018,2.952,3.014,47259.0
2021-05-04,3.01,3.045,2.979,3.012,44994.0
2021-05-05,3.021,3.032,2.96,2.982,38461.0
2021-05-06,2.99,3.014,2.954,2.974,38167.0
2021-05-07,2.978,3.031,2.953,3.004,57286.0
2021-05-10,3.015,3.015,2.948,2.978,51267.0
2021-05-11,2.971,3.013,2.928,2.999,65526.0
2021-05-12,2.998,3.034,2.971,3.018,61357.0
2021-05-13,3.032,3.047,2.986,3.025,55311.0
2021-05-14,3.029,3.069,3.0,3.018,57092.0
2021-05-17,3.072,3.204,3.071,3.164,132441.0
2021-05-18,3.176,3.191,3.068,3.078,103672.0
2021-05-19,3.072,3.079,3.004,3.028,90229.0
2021-05-20,3.028,3.047,2.97,2.991,87889.0
2021-05-21,3.012,3.045,2.962,2.977,80372.0
2021-05-24,2.92,2.967,2.903,2.96,102499.0
2021-05-25,2.956,3.003,2.951,2.974,99665.0
2021-05-26,2.995,3.046,2.975,3.027,120871.0
2021-05-27,3.021,3.024,2.914,2.958,123065.0
2021-05-28,2.963,3.042,2.955,2.986,110003.0
2021-06-01,3.036,3.15,3.015,3.104,193404.0
2021-06-02,3.093,3.126,3.05,3.075,114984.0
2021-06-03,3.073,3.09,3.032,3.041,100521.0
2021-06-04,3.063,3.121,3.01,3.097,118036.0
2021-06-07,3.109,3.115,3.033,3.07,138844.0
2021-06-08,3.092,3.198,3.092,3.128,208576.0
2021-06-09,3.128,3.168,3.106,3.129,131717.0
2021-06-10,3.154,3.2,3.131,3.149,151565.0
2021-06-11,3.153,3.33,3.149,3.296,194488.0
2021-06-14,3.315,3.364,3.273,3.352,113120.0
2021-06-15,3.351,3.369,3.213,3.24,154414.0
2021-06-16,3.222,3.274,3.187,3.251,111287.0
2021-06-17,3.244,3.264,3.187,3.253,150052.0
2021-06-18,3.218,3.258,3.166,3.215,104935.0
2021-06-21,3.206,3.214,3.137,3.191,103038.0
2021-06-22,3.198,3.281,3.188,3.258,77088.0
2021-06-23,3.257,3.383,3.25,3.333,75394.0
2021-06-24,3.316,3.442,3.301,3.418,49402.0
2021-06-25,3.425,3.511,3.415,3.496,39078.0
2021-06-28,3.502,3.631,3.485,3.617,6844.0
