DATETIME,OPEN,HIGH,LOW,FINAL,VOLUME
2008-04-01,9.829,9.829,9.829,9.829,0.0
2008-04-02,9.957,9.957,9.957,9.957,0.0
2008-04-03,9.859,9.859,9.859,9.859,0.0
2008-04-04,9.957,9.957,9.957,9.957,0.0
2008-04-07,10.104,10.104,10.104,10.104,0.0
2008-04-08,10.059,10.059,10.059,10.059,0.0
2008-04-09,10.03,10.03,10.03,10.03,0.0
2008-04-10,9.86,9.86,9.86,9.86,0.0
2008-04-11,9.805,9.805,9.805,9.805,0.0
2008-04-14,9.773,9.773,9.773,9.773,0.0
2008-04-15,9.71,9.71,9.71,9.71,0.0
2008-04-16,9.646,9.646,9.646,9.646,0.0
2008-04-17,9.616,9.616,9.616,9.616,0.0
2008-04-18,9.827,9.827,9.827,9.827,0.0
2008-04-21,9.99,9.99,9.99,9.99,0.0
2008-04-22,10.079,10.079,10.079,10.079,0.0
2008-04-23,10.106,10.106,10.106,10.106,0.0
2008-04-24,10.015,10.015,10.015,10.015,0.0
2008-04-25,10.004,10.004,10.004,10.004,0.0
2008-04-28,10.009,10.009,10.009,10.009,0.0
2008-04-29,9.92,9.92,9.92,9.92,0.0
2008-04-30,9.935,9.935,9.935,9.935,0.0
2008-05-01,9.884,9.884,9.884,9.884,0.0
2008-05-02,10.004,10.004,10.004,10.004,0.0
2008-05-05,9.995,9.995,9.995,9.995,0.0
2008-05-06,9.981,9.981,9.981,9.981,0.0
2008-05-07,10.022,10.022,10.022,10.022,0.0
2008-05-08,9.989,9.989,9.989,9.989,0.0
2008-05-09,9.97,9.97,9.97,9.97,0.0
2008-05-12,9.919,9.919,9.919,9.919,0.0
2008-05-13,9.935,9.935,9.935,9.935,0.0
2008-05-14,9.975,9.975,9.975,9.975,0.0
2008-05-15,10.023,10.023,10.023,10.023,0.0
2008-05-16,10.104,10.104,10.104,10.104,0.0
2008-05-19,10.471,10.471,10.471,10.471,0.0
2008-05-20,11.047,11.047,11.047,11.047,0.0
2008-05-21,11.319,11.319,11.319,11.319,0.0
2008-05-22,11.345,11.345,11.345,11.345,0.0
2008-05-23,11.294,11.294,11.294,11.294,0.0
2008-05-27,11.291,11.291,11.291,11.291,0.0
2008-05-28,11.272,11.272,11.272,11.272,0.0
2008-05-29,11.258,11.258,11.258,11.258,0.0
2008-05-30,11.312,11.312,11.312,11.312,0.0
2008-06-02,11.419,11.419,11.419,11.419,0.0
2008-06-03,11.501,11.501,11.501,11.501,0.0
2008-06-04,11.607,11.607,11.607,11.607,0.0
2008-06-05,11.5,11.5,11.5,11.5,0.0
2008-06-06,11.617,11.617,11.617,11.617,0.0
2008-06-09,11.829,11.829,11.829,11.829,0.0
2008-06-10,11.897,11.897,11.897,11.897,0.0
2008-06-11,12.06,12.06,12.06,12.06,0.0
2008-06-12,12.132,12.132,12.132,12.132,0.0
2008-06-13,12.178,12.178,12.178,12.178,0.0
2008-06-16,12.331,12.331,12.331,12.331,0.0
2008-06-17,12.275,12.275,12.275,12.275,0.0
2008-06-18,12.306,12.306,12.306,12.306,0.0
2008-06-19,12.199,12.199,12.199,12.199,0.0
2008-06-20,12.25,12.25,12.25,12.25,0.0
2008-06-23,12.34,12.34,12.34,12.34,0.0
2008-06-24,12.381,12.381,12.381,12.381,0.0
2008-06-25,12.355,12.355,12.355,12.355,0.0
2008-06-26,12.441,12.441,12.441,12.441,0.0
2008-06-27,12.433,12.433,12.433,12.433,0.0
2008-06-30,12.465,12.465,12.465,12.465,0.0
2008-07-01,12.482,12.482,12.482,12.482,0.0
2008-07-02,12.409,12.409,12.409,12.409,0.0
2008-07-03,12.391,12.391,12.391,12.391,0.0
2008-07-07,12.296,12.296,12.296,12.296,0.0
2008-07-08,12.12,12.12,12.12,12.12,0.0
2008-07-09,12.044,12.044,12.044,12.044,0.0
2008-07-10,11.973,11.973,11.973,11.973,0.0
2008-07-11,11.881,11.881,11.881,11.881,0.0
2008-07-14,11.828,11.828,11.828,11.828,0.0
2008-07-15,11.461,11.461,11.461,11.461,0.0
2008-07-16,11.238,11.238,11.238,11.238,0.0
2008-07-17,10.992,10.992,10.992,10.992,0.0
2008-07-18,10.899,10.899,10.899,10.899,0.0
2008-07-21,10.655,10.655,10.655,10.655,0.0
2008-07-22,10.133,10.133,10.133,10.133,0.0
2008-07-23,9.976,9.976,9.976,9.976,0.0
2008-07-24,9.762,9.762,9.762,9.762,0.0
2008-07-25,9.691,9.691,9.691,9.691,0.0
2008-07-28,9.657,9.657,9.657,9.657,0.0
2008-07-29,9.616,9.616,9.616,9.616,0.0
2008-07-30,9.639,9.639,9.639,9.639,0.0
2008-07-31,9.449,9.449,9.449,9.449,0.0
2008-08-01,9.724,9.724,9.724,9.724,0.0
2008-08-04,9.72,9.72,9.72,9.72,0.0
2008-08-05,9.675,9.675,9.675,9.675,0.0
2008-08-06,9.64,9.64,9.64,9.64,0.0
2008-08-07,9.596,9.596,9.596,9.596,0.0
2008-08-08,9.495,9.495,9.495,9.495,0.0
2008-08-11,9.419,9.419,9.419,9.419,0.0
2008-08-12,9.255,9.255,9.255,9.255,0.0
2008-08-13,9.277,9.277,9.277,9.277,0.0
2008-08-14,9.341,9.341,9.341,9.341,0.0
2008-08-15,9.34,9.34,9.34,9.34,0.0
2008-08-18,9.266,9.266,9.266,9.266,0.0
2008-08-19,9.221,9.221,9.221,9.221,0.0
2008-08-20,9.353,9.353,9.353,9.353,0.0
2008-08-21,9.549,9.549,9.549,9.549,0.0
2008-08-22,9.527,9.527,9.527,9.527,0.0
2008-08-25,9.689,9.689,9.689,9.689,0.0
2008-08-26,9.643,9.643,9.643,9.643,0.0
2008-08-27,9.668,9.668,9.668,9.668,0.0
2008-08-28,9.587,9.587,9.587,9.587,0.0
2008-08-29,9.523,9.523,9.523,9.523,0.0
2008-09-02,9.486,9.486,9.486,9.486,0.0
2008-09-03,9.446,9.446,9.446,9.446,0.0
2008-09-04,9.446,9.446,9.446,9.446,0.0
2008-09-05,9.419,9.419,9.419,9.419,0.0
2008-09-08,9.257,9.257,9.257,9.257,0.0
2008-09-09,9.191,9.191,9.191,9.191,0.0
2008-09-10,9.137,9.137,9.137,9.137,0.0
2008-09-11,9.129,9.129,9.129,9.129,0.0
2008-09-12,9.132,9.132,9.132,9.132,0.0
2008-09-15,9.192,9.192,9.192,9.192,0.0
2008-09-16,9.154,9.154,9.154,9.154,0.0
2008-09-17,9.23,9.23,9.23,9.23,0.0
2008-09-18,9.242,9.242,9.242,9.242,0.0
2008-09-19,9.305,9.305,9.305,9.305,0.0
2008-09-22,9.424,9.424,9.424,9.424,0.0
2008-09-23,9.451,9.451,9.451,9.451,0.0
2008-09-24,9.425,9.425,9.425,9.425,0.0
2008-09-25,9.424,9.424,9.424,9.424,0.0
2008-09-26,9.374,9.374,9.374,9.374,0.0
2008-09-29,9.279,9.279,9.279,9.279,0.0
2008-09-30,9.311,9.311,9.311,9.311,0.0
2008-10-01,9.411,9.411,9.411,9.411,0.0
2008-10-02,9.363,9.363,9.363,9.363,0.0
2008-10-03,9.343,9.343,9.343,9.343,0.0
2008-10-06,9.27,9.27,9.27,9.27,0.0
2008-10-07,9.223,9.223,9.223,9.223,0.0
2008-10-08,9.148,9.148,9.148,9.148,0.0
2008-10-09,9.038,9.038,9.038,9.038,0.0
2008-10-10,8.764,8.764,8.764,8.764,0.0
2008-10-13,8.778,8.778,8.778,8.778,0.0
2008-10-14,8.704,8.704,8.704,8.704,0.0
2008-10-15,8.461,8.461,8.461,8.461,0.0
2008-10-16,8.38,8.38,8.38,8.38,0.0
2008-10-17,8.424,8.424,8.424,8.424,0.0
2008-10-20,8.429,8.429,8.429,8.429,0.0
2008-10-21,8.524,8.524,8.524,8.524,0.0
2008-10-22,8.427,8.427,8.427,8.427,0.0
2008-10-23,8.363,8.363,8.363,8.363,0.0
2008-10-24,8.377,8.377,8.377,8.377,0.0
2008-10-27,8.4,8.4,8.4,8.4,0.0
2008-10-28,8.523,8.523,8.523,8.523,0.0
2008-10-29,8.81,8.81,8.81,8.81,0.0
2008-10-30,8.832,8.832,8.832,8.832,0.0
2008-10-31,8.973,8.973,8.973,8.973,0.0
2008-11-03,8.98,8.98,8.98,8.98,0.0
2008-11-04,9.141,9.141,9.141,9.141,0.0
2008-11-05,9.118,9.118,9.118,9.118,0.0
2008-11-06,9.098,9.098,9.098,9.098,0.0
2008-11-07,9.049,9.049,9.049,9.049,0.0
2008-11-10,9.162,9.162,9.162,9.162,0.0
2008-11-11,9.006,9.006,9.006,9.006,0.0
2008-11-12,8.896,8.896,8.896,8.896,0.0
2008-11-13,8.905,8.905,8.905,8.905,0.0
2008-11-14,9.021,9.021,9.021,9.021,0.0
2008-11-17,9.131,9.131,9.131,9.131,0.0
2008-11-18,9.065,9.065,9.065,9.065,0.0
2008-11-19,9.011,9.011,9.011,9.011,0.0
2008-11-20,8.812,8.812,8.812,8.812,0.0
2008-11-21,8.835,8.835,8.835,8.835,0.0
2008-11-24,8.955,8.955,8.955,8.955,0.0
2008-11-25,8.823,8.823,8.823,8.823,0.0
2008-11-26,9.027,9.027,9.027,9.027,0.0
2008-11-28,8.905,8.905,8.905,8.905,0.0
2008-12-01,8.909,8.909,8.909,8.909,0.0
2008-12-02,8.778,8.778,8.778,8.778,0.0
2008-12-03,8.765,8.765,8.765,8.765,0.0
2008-12-04,8.677,8.677,8.677,8.677,0.0
2008-12-05,8.517,8.517,8.517,8.517,0.0
2008-12-08,8.466,8.466,8.466,8.466,0.0
2008-12-09,8.536,8.536,8.536,8.536,0.0
2008-12-10,8.648,8.648,8.648,8.648,0.0
2008-12-11,8.617,8.617,8.617,8.617,0.0
2008-12-12,8.451,8.451,8.451,8.451,0.0
2008-12-15,8.471,8.471,8.471,8.471,0.0
2008-12-16,8.499,8.499,8.499,8.499,0.0
2008-12-17,8.458,8.458,8.458,8.458,0.0
2008-12-18,8.351,8.351,8.351,8.351,0.0
2008-12-19,8.192,8.192,8.192,8.192,0.0
2008-12-22,8.072,8.072,8.072,8.072,0.0
2008-12-23,8.04,8.04,8.04,8.04,0.0
2008-12-24,8.039,8.039,8.039,8.039,0.0
2008-12-26,7.99,7.99,7.99,7.99,0.0
2008-12-29,7.987,7.987,7.987,7.987,0.0
2008-12-30,7.883,7.883,7.883,7.883,0.0
2008-12-31,7.91,7.91,7.91,7.91,0.0
2009-01-02,8.059,8.059,8.059,8.059,0.0
2009-01-05,8.135,8.135,8.135,8.135,0.0
2009-01-06,8.203,8.203,8.203,8.203,0.0
2009-01-07,8.189,8.189,8.189,8.189,0.0
2009-01-08,8.154,8.154,8.154,8.154,0.0
2009-01-09,8.173,8.173,8.173,8.173,0.0
2009-01-12,8.242,8.242,8.242,8.242,0.0
2009-01-13,8.222,8.222,8.222,8.222,0.0
2009-01-14,8.163,8.163,8.163,8.163,0.0
2009-01-15,8.035,8.035,8.035,8.035,0.0
2009-01-16,8.032,8.032,8.032,8.032,0.0
2009-01-20,8.046,8.046,8.046,8.046,0.0
2009-01-21,8.053,8.053,8.053,8.053,0.0
2009-01-22,8.104,8.104,8.104,8.104,0.0
2009-01-23,8.09,8.09,8.09,8.09,0.0
2009-01-26,8.203,8.203,8.203,8.203,0.0
2009-01-27,8.256,8.256,8.256,8.256,0.0
2009-01-28,8.23,8.23,8.23,8.23,0.0
2009-01-29,8.269,8.269,8.269,8.269,0.0
2009-01-30,8.204,8.204,8.204,8.204,0.0
2009-02-02,8.202,8.202,8.202,8.202,0.0
2009-02-03,8.283,8.283,8.283,8.283,0.0
2009-02-04,8.352,8.352,8.352,8.352,0.0
2009-02-05,8.368,8.368,8.368,8.368,0.0
2009-02-06,8.289,8.289,8.289,8.289,0.0
2009-02-09,8.329,8.329,8.329,8.329,0.0
2009-02-10,8.235,8.235,8.235,8.235,0.0
2009-02-11,8.222,8.222,8.222,8.222,0.0
2009-02-12,8.184,8.184,8.184,8.184,0.0
2009-02-13,8.194,8.194,8.194,8.194,0.0
2009-02-17,8.077,8.077,8.077,8.077,0.0
2009-02-18,7.952,7.952,7.952,7.952,0.0
2009-02-19,7.864,7.864,7.864,7.864,0.0
2009-02-20,7.916,7.916,7.916,7.916,0.0
2009-02-23,7.969,7.969,7.969,7.969,0.0
2009-02-24,8.026,8.026,8.026,8.026,0.0
2009-02-25,7.988,7.988,7.988,7.988,0.0
2009-02-26,8.011,8.011,8.011,8.011,0.0
2009-02-27,7.955,7.955,7.955,7.955,0.0
2009-03-02,7.848,7.848,7.848,7.848,0.0
2009-03-03,7.86,7.86,7.86,7.86,0.0
2009-03-04,7.827,7.827,7.827,7.827,0.0
2009-03-05,7.637,7.637,7.637,7.637,0.0
2009-03-06,7.58,7.58,7.58,7.58,0.0
2009-03-09,7.59,7.59,7.59,7.59,0.0
2009-03-10,7.591,7.591,7.591,7.591,0.0
2009-03-11,7.507,7.507,7.507,7.507,0.0
2009-03-12,7.512,7.512,7.512,7.512,0.0
2009-03-13,7.473,7.473,7.473,7.473,0.0
2009-03-16,7.437,7.437,7.437,7.437,0.0
2009-03-17,7.364,7.364,7.364,7.364,0.0
2009-03-18,7.338,7.338,7.338,7.338,0.0
2009-03-19,7.536,7.536,7.536,7.536,0.0
2009-03-20,7.621,7.621,7.621,7.621,0.0
2009-03-23,7.728,7.728,7.728,7.728,0.0
2009-03-24,7.868,7.868,7.868,7.868,0.0
2009-03-25,7.929,7.929,7.929,7.929,0.0
2009-03-26,7.844,7.844,7.844,7.844,0.0
2009-03-27,7.794,7.794,7.794,7.794,0.0
2009-03-30,7.801,7.801,7.801,7.801,0.0
2009-03-31,7.891,7.891,7.891,7.891,0.0
2009-04-01,7.882,7.882,7.882,7.882,0.0
2009-04-02,7.901,7.901,7.901,7.901,0.0
2009-04-03,7.894,7.894,7.894,7.894,0.0
2009-04-06,7.907,7.907,7.907,7.907,0.0
2009-04-07,7.872,7.872,7.872,7.872,0.0
2009-04-08,7.874,7.874,7.874,7.874,0.0
2009-04-09,7.867,7.867,7.867,7.867,0.0
2009-04-13,7.889,7.889,7.889,7.889,0.0
2009-04-14,7.97,7.97,7.97,7.97,0.0
2009-04-15,7.994,7.994,7.994,7.994,0.0
2009-04-16,8.035,8.035,8.035,8.035,0.0
2009-04-17,8.088,8.088,8.088,8.088,0.0
2009-04-20,8.054,8.054,8.054,8.054,0.0
2009-04-21,8.078,8.078,8.078,8.078,0.0
2009-04-22,8.117,8.117,8.117,8.117,0.0
2009-04-23,8.113,8.113,8.113,8.113,0.0
2009-04-24,8.101,8.101,8.101,8.101,0.0
2009-04-27,8.079,8.079,8.079,8.079,0.0
2009-04-28,8.004,8.004,8.004,8.004,0.0
2009-04-29,7.984,7.984,7.984,7.984,0.0
2009-04-30,7.973,7.973,7.973,7.973,0.0
2009-05-01,8.0,8.0,8.0,8.0,0.0
2009-05-04,8.084,8.084,8.084,8.084,0.0
2009-05-05,8.058,8.058,8.058,8.058,0.0
2009-05-06,8.081,8.081,8.081,8.081,0.0
2009-05-07,8.121,8.121,8.121,8.121,0.0
2009-05-08,8.068,8.068,8.068,8.068,0.0
2009-05-11,8.016,8.016,8.016,8.016,0.0
2009-05-12,7.998,7.998,7.998,7.998,30.0
2009-05-13,7.904,7.904,7.904,7.904,0.0
2009-05-14,7.973,7.973,7.973,7.973,0.0
2009-05-15,7.978,7.978,7.978,7.978,0.0
2009-05-18,8.087,8.087,8.087,8.087,0.0
2009-05-19,8.086,8.086,8.086,8.086,0.0
2009-05-20,8.123,8.123,8.123,8.123,0.0
2009-05-21,8.059,8.059,8.059,8.059,0.0
2009-05-22,8.134,8.134,8.134,8.134,0.0
2009-05-26,8.182,8.182,8.182,8.182,0.0
2009-05-27,8.201,8.201,8.201,8.201,0.0
2009-05-28,8.246,8.246,8.246,8.246,0.0
2009-05-29,8.206,8.206,8.206,8.206,0.0
2009-06-01,8.292,8.292,8.292,8.292,0.0
2009-06-02,8.219,8.219,8.219,8.219,0.0
2009-06-03,8.19,8.19,8.19,8.19,0.0
2009-06-04,8.435,8.435,8.435,8.435,0.0
2009-06-05,8.532,8.532,8.532,8.532,0.0
2009-06-08,8.554,8.554,8.554,8.554,0.0
2009-06-09,8.583,8.583,8.583,8.583,0.0
2009-06-10,8.519,8.519,8.519,8.519,0.0
2009-06-11,8.594,8.594,8.594,8.594,0.0
2009-06-12,8.53,8.53,8.53,8.53,0.0
2009-06-15,8.547,8.547,8.547,8.547,0.0
2009-06-16,8.528,8.528,8.528,8.528,0.0
2009-06-17,8.515,8.515,8.515,8.515,0.0
2009-06-18,8.432,8.432,8.432,8.432,0.0
2009-06-19,8.303,8.303,8.303,8.303,0.0
2009-06-22,8.213,8.213,8.213,8.213,0.0
2009-06-23,8.193,8.193,8.193,8.193,0.0
2009-06-24,8.222,8.222,8.222,8.222,0.0
2009-06-25,8.277,8.277,8.277,8.277,0.0
2009-06-26,8.346,8.346,8.346,8.346,0.0
2009-06-29,8.301,8.301,8.301,8.301,0.0
2009-06-30,8.325,8.325,8.325,8.325,0.0
2009-07-01,8.35,8.35,8.35,8.35,0.0
2009-07-02,8.337,8.337,8.337,8.337,0.0
2009-07-06,8.337,8.337,8.337,8.337,0.0
2009-07-07,8.314,8.314,8.314,8.314,0.0
2009-07-08,8.247,8.247,8.247,8.247,0.0
2009-07-09,8.242,8.242,8.242,8.242,0.0
2009-07-10,8.171,8.171,8.171,8.171,0.0
2009-07-13,8.072,8.072,8.072,8.072,0.0
2009-07-14,8.095,8.095,8.095,8.095,0.0
2009-07-15,8.044,8.044,8.044,8.044,0.0
2009-07-16,8.152,8.152,8.152,8.152,0.0
2009-07-17,8.08,8.08,8.08,8.08,0.0
2009-07-20,8.088,8.088,8.088,8.088,0.0
2009-07-21,8.055,8.055,8.055,8.055,0.0
2009-07-22,7.992,7.992,7.992,7.992,0.0
2009-07-23,7.996,7.996,7.996,7.996,0.0
2009-07-24,8.1,8.1,8.1,8.1,0.0
2009-07-27,8.084,8.084,8.084,8.084,0.0
2009-07-28,8.062,8.062,8.062,8.062,0.0
2009-07-29,7.989,7.989,7.989,7.989,0.0
2009-07-30,8.083,8.083,8.083,8.083,0.0
2009-07-31,8.061,8.061,8.061,8.061,0.0
2009-08-03,8.196,8.196,8.196,8.196,0.0
2009-08-04,8.14,8.14,8.14,8.14,0.0
2009-08-05,8.156,8.156,8.156,8.156,0.0
2009-08-06,8.081,8.081,8.081,8.081,0.0
2009-08-07,8.072,8.072,8.072,8.072,0.0
2009-08-10,8.092,8.092,8.092,8.092,0.0
2009-08-11,8.081,8.081,8.081,8.081,0.0
2009-08-12,8.091,8.091,8.091,8.091,0.0
2009-08-13,8.08,8.08,8.08,8.08,0.0
2009-08-14,8.054,8.054,8.054,8.054,0.0
2009-08-17,7.996,7.996,7.996,7.996,0.0
2009-08-18,7.958,7.958,7.958,7.958,0.0
2009-08-19,7.963,7.963,7.963,7.963,0.0
2009-08-20,7.954,7.954,7.954,7.954,0.0
2009-08-21,8.0,8.0,8.0,8.0,0.0
2009-08-24,8.053,8.053,8.053,8.053,0.0
2009-08-25,7.994,7.994,7.994,7.994,0.0
2009-08-26,7.983,7.983,7.983,7.983,0.0
2009-08-27,8.001,8.001,8.001,8.001,0.0
2009-08-28,7.978,7.978,7.978,7.978,0.0
2009-08-31,7.91,7.91,7.91,7.91,0.0
2009-09-01,7.815,7.815,7.815,7.815,0.0
2009-09-02,7.822,7.822,7.822,7.822,0.0
2009-09-03,7.769,7.769,7.769,7.769,0.0
2009-09-04,7.74,7.74,7.74,7.74,0.0
2009-09-08,7.816,7.816,7.816,7.816,0.0
2009-09-09,7.799,7.799,7.799,7.799,0.0
2009-09-10,7.98,7.98,7.98,7.98,0.0
2009-09-11,7.9,7.9,7.9,7.9,0.0
2009-09-14,7.981,7.981,7.981,7.981,0.0
2009-09-15,7.933,7.933,7.933,7.933,0.0
2009-09-16,8.105,8.105,8.105,8.105,0.0
2009-09-17,7.928,7.928,7.928,7.928,0.0
2009-09-18,8.088,8.088,8.088,8.088,0.0
2009-09-21,8.022,8.022,8.022,8.022,0.0
2009-09-22,8.122,8.122,8.122,8.122,0.0
2009-09-23,8.123,8.123,8.123,8.123,0.0
2009-09-24,8.116,8.116,8.116,8.116,0.0
2009-09-25,8.124,8.124,8.124,8.124,0.0
2009-09-28,8.076,8.076,8.076,8.076,0.0
2009-09-29,8.029,8.029,8.029,8.029,0.0
2009-09-30,8.011,8.011,8.011,8.011,0.0
2009-10-01,8.035,8.035,8.035,8.035,0.0
2009-10-02,8.113,8.113,8.113,8.113,0.0
2009-10-05,8.067,8.067,8.067,8.067,0.0
2009-10-06,8.024,8.024,8.024,8.024,0.0
2009-10-07,8.082,8.082,8.082,8.082,0.0
2009-10-08,8.114,8.114,8.114,8.114,0.0
2009-10-09,8.064,8.064,8.064,8.064,0.0
2009-10-12,8.164,8.164,8.164,8.164,0.0
2009-10-13,8.088,8.088,8.088,8.088,0.0
2009-10-14,8.127,8.127,8.127,8.127,0.0
2009-10-15,8.192,8.192,8.192,8.192,0.0
2009-10-16,8.325,8.325,8.325,8.325,0.0
2009-10-19,8.357,8.357,8.357,8.357,0.0
2009-10-20,8.346,8.346,8.346,8.346,0.0
2009-10-21,8.292,8.292,8.292,8.292,0.0
2009-10-22,8.244,8.244,8.244,8.244,0.0
2009-10-23,8.235,8.235,8.235,8.235,0.0
2009-10-26,8.131,8.131,8.131,8.131,0.0
2009-10-27,8.166,8.166,8.166,8.166,0.0
2009-10-28,8.292,8.292,8.292,8.292,0.0
2009-10-29,8.309,8.309,8.309,8.309,0.0
2009-10-30,8.348,8.348,8.348,8.348,0.0
2009-11-02,8.283,8.283,8.283,8.283,0.0
2009-11-03,8.328,8.328,8.328,8.328,0.0
2009-11-04,8.274,8.274,8.274,8.274,0.0
2009-11-05,8.32,8.32,8.32,8.32,0.0
2009-11-06,8.249,8.249,8.249,8.249,0.0
2009-11-09,8.284,8.284,8.284,8.284,0.0
2009-11-10,8.192,8.192,8.192,8.192,0.0
2009-11-11,8.158,8.158,8.158,8.158,0.0
2009-11-12,7.959,7.959,7.959,7.959,0.0
2009-11-13,7.851,7.851,7.851,7.851,0.0
2009-11-16,7.818,7.818,7.818,7.818,0.0
2009-11-17,7.81,7.81,7.81,7.81,0.0
2009-11-18,7.731,7.731,7.731,7.731,0.0
2009-11-19,7.785,7.785,7.785,7.785,0.0
2009-11-20,7.814,7.814,7.814,7.814,0.0
2009-11-23,7.895,7.895,7.895,7.895,0.0
2009-11-24,7.865,7.865,7.865,7.865,0.0
2009-11-25,8.113,8.113,8.113,8.113,0.0
2009-11-27,8.11,8.11,8.11,8.11,0.0
2009-11-30,8.024,8.024,8.024,8.024,0.0
2009-12-01,8.037,8.037,8.037,8.037,0.0
2009-12-02,8.026,8.026,8.026,8.026,0.0
2009-12-03,7.981,7.981,7.981,7.981,0.0
2009-12-04,8.075,8.075,8.075,8.075,0.0
2009-12-07,8.314,8.314,8.314,8.314,0.0
2009-12-08,8.215,8.215,8.215,8.215,0.0
2009-12-09,8.068,8.068,8.068,8.068,0.0
2009-12-10,8.107,8.107,8.107,8.107,0.0
2009-12-11,8.059,8.059,8.059,8.059,0.0
2009-12-14,8.132,8.132,8.132,8.132,0.0
2009-12-15,8.168,8.168,8.168,8.168,0.0
2009-12-16,8.163,8.163,8.163,8.163,0.0
2009-12-17,8.069,8.069,8.069,8.069,0.0
2009-12-18,7.988,7.988,7.988,7.988,0.0
2009-12-21,7.921,7.921,7.921,7.921,0.0
2009-12-22,7.922,7.922,7.922,7.922,0.0
2009-12-23,7.891,7.891,7.891,7.891,0.0
2009-12-24,7.875,7.875,7.875,7.875,0.0
2009-12-28,7.929,7.929,7.929,7.929,0.0
2009-12-29,7.868,7.868,7.868,7.868,0.0
2009-12-30,7.894,7.894,7.894,7.894,0.0
2009-12-31,7.915,7.915,7.915,7.915,0.0
2010-01-04,8.014,8.014,8.014,8.014,0.0
2010-01-05,7.958,7.958,7.958,7.958,0.0
2010-01-06,7.951,7.951,7.951,7.951,0.0
2010-01-07,7.865,7.865,7.865,7.865,0.0
2010-01-08,7.885,7.885,7.885,7.885,0.0
2010-01-11,7.871,7.871,7.871,7.871,0.0
2010-01-12,7.846,7.846,7.846,7.846,0.0
2010-01-13,7.857,7.857,7.857,7.857,0.0
2010-01-14,7.862,7.862,7.862,7.862,0.0
2010-01-15,7.868,7.868,7.868,7.868,0.0
2010-01-19,7.784,7.784,7.784,7.784,0.0
2010-01-20,7.792,7.792,7.792,7.792,0.0
2010-01-21,7.839,7.839,7.839,7.839,0.0
2010-01-22,7.875,7.875,7.875,7.875,0.0
2010-01-25,7.865,7.865,7.865,7.865,0.0
2010-01-26,7.841,7.841,7.841,7.841,0.0
2010-01-27,7.776,7.776,7.776,7.776,0.0
2010-01-28,7.76,7.76,7.76,7.76,0.0
2010-01-29,7.795,7.795,7.795,7.795,0.0
2010-02-01,7.87,7.87,7.87,7.87,0.0
2010-02-02,7.917,7.917,7.917,7.917,0.0
2010-02-03,7.891,7.891,7.891,7.891,0.0
2010-02-04,7.859,7.859,7.859,7.859,0.0
2010-02-05,7.871,7.871,7.871,7.871,0.0
2010-02-08,7.818,7.818,7.818,7.818,0.0
2010-02-09,7.787,7.787,7.787,7.787,0.0
2010-02-10,7.822,7.822,7.822,7.822,0.0
2010-02-11,7.817,7.817,7.817,7.817,0.0
2010-02-12,7.764,7.764,7.764,7.764,0.0
2010-02-16,7.7,7.7,7.7,7.7,0.0
2010-02-17,7.667,7.667,7.667,7.667,0.0
2010-02-18,7.632,7.632,7.632,7.632,0.0
2010-02-19,7.599,7.599,7.599,7.599,0.0
2010-02-22,7.615,7.615,7.615,7.615,0.0
2010-02-23,7.585,7.585,7.585,7.585,0.0
2010-02-24,7.576,7.576,7.576,7.576,0.0
2010-02-25,7.563,7.563,7.563,7.563,0.0
2010-02-26,7.565,7.565,7.565,7.565,0.0
2010-03-01,7.53,7.53,7.53,7.53,0.0
2010-03-02,7.512,7.512,7.512,7.512,0.0
2010-03-03,7.491,7.491,7.491,7.491,0.0
2010-03-04,7.381,7.381,7.381,7.381,0.0
2010-03-05,7.387,7.387,7.387,7.387,0.0
2010-03-08,7.398,7.398,7.398,7.398,0.0
2010-03-09,7.388,7.388,7.388,7.388,0.0
2010-03-10,7.425,7.425,7.425,7.425,0.0
2010-03-11,7.405,7.405,7.405,7.405,0.0
2010-03-12,7.506,7.506,7.506,7.506,0.0
2010-03-15,7.524,7.524,7.524,7.524,0.0
2010-03-16,7.588,7.588,7.588,7.588,0.0
2010-03-17,7.69,7.69,7.69,7.69,0.0
2010-03-18,7.756,7.756,7.756,7.756,0.0
2010-03-19,7.986,7.986,7.986,7.986,0.0
2010-03-22,7.917,7.917,7.917,7.917,0.0
2010-03-23,7.758,7.758,7.758,7.758,0.0
2010-03-24,7.659,7.659,7.659,7.659,0.0
2010-03-25,7.756,7.756,7.756,7.756,0.0
2010-03-26,7.668,7.668,7.668,7.668,0.0
2010-03-29,7.651,7.651,7.651,7.651,0.0
2010-03-30,7.741,7.741,7.741,7.741,0.0
2010-03-31,7.805,7.805,7.805,7.805,0.0
2010-04-01,7.846,7.846,7.846,7.846,0.0
2010-04-05,7.946,7.946,7.946,7.946,0.0
2010-04-06,7.83,7.83,7.83,7.83,0.0
2010-04-07,7.796,7.796,7.796,7.796,0.0
2010-04-08,7.741,7.741,7.741,7.741,0.0
2010-04-09,7.844,7.844,7.844,7.844,0.0
2010-04-12,7.803,7.803,7.803,7.803,0.0
2010-04-13,7.867,7.867,7.867,7.867,0.0
2010-04-14,7.907,7.907,7.907,7.907,0.0
2010-04-15,7.812,7.812,7.812,7.812,0.0
2010-04-16,7.788,7.788,7.788,7.788,0.0
2010-04-19,7.785,7.785,7.785,7.785,0.0
2010-04-20,7.864,7.864,7.864,7.864,0.0
2010-04-21,7.9,7.9,7.9,7.9,0.0
2010-04-22,7.981,7.981,7.981,7.981,0.0
2010-04-23,8.007,8.007,8.007,8.007,0.0
2010-04-26,7.984,7.984,7.984,7.984,0.0
2010-04-27,7.968,7.968,7.968,7.968,0.0
2010-04-28,7.974,7.974,7.974,7.974,0.0
2010-04-29,7.865,7.865,7.865,7.865,0.0
2010-04-30,7.849,7.849,7.849,7.849,0.0
2010-05-03,7.924,7.924,7.924,7.924,0.0
2010-05-04,7.998,7.998,7.998,7.998,0.0
2010-05-05,8.05,8.05,8.05,8.05,0.0
2010-05-06,8.042,8.042,8.042,8.042,0.0
2010-05-07,8.059,8.059,8.059,8.059,0.0
2010-05-10,8.089,8.089,8.089,8.089,0.0
2010-05-11,8.106,8.106,8.106,8.106,0.0
2010-05-12,8.146,8.146,8.146,8.146,0.0
2010-05-13,8.088,8.088,8.088,8.088,0.0
2010-05-14,7.981,7.981,7.981,7.981,0.0
2010-05-17,7.943,7.943,7.943,7.943,0.0
2010-05-18,7.878,7.878,7.878,7.878,0.0
2010-05-19,7.788,7.788,7.788,7.788,0.0
2010-05-20,7.753,7.753,7.753,7.753,0.0
2010-05-21,7.669,7.669,7.669,7.669,0.0
2010-05-24,7.643,7.643,7.643,7.643,0.0
2010-05-25,7.67,7.67,7.67,7.67,0.0
2010-05-26,7.65,7.65,7.65,7.65,0.0
2010-05-27,7.668,7.668,7.668,7.668,0.0
2010-05-28,7.633,7.633,7.633,7.633,0.0
2010-06-01,7.506,7.506,7.506,7.506,0.0
2010-06-02,7.52,7.52,7.52,7.52,0.0
2010-06-03,7.5,7.5,7.5,7.5,0.0
2010-06-04,7.434,7.434,7.434,7.434,0.0
2010-06-07,7.442,7.442,7.442,7.442,0.0
2010-06-08,7.402,7.402,7.402,7.402,0.0
2010-06-09,7.411,7.411,7.411,7.411,0.0
2010-06-10,7.463,7.463,7.463,7.463,0.0
2010-06-11,7.428,7.428,7.428,7.428,0.0
2010-06-14,7.335,7.335,7.335,7.335,0.0
2010-06-15,7.341,7.341,7.341,7.341,0.0
2010-06-16,7.464,7.464,7.464,7.464,0.0
2010-06-17,7.548,7.548,7.548,7.548,0.0
2010-06-18,7.617,7.617,7.617,7.617,0.0
2010-06-21,7.585,7.585,7.585,7.585,0.0
2010-06-22,7.602,7.602,7.602,7.602,0.0
2010-06-23,7.658,7.658,7.658,7.658,0.0
2010-06-24,7.668,7.668,7.668,7.668,0.0
2010-06-25,7.668,7.668,7.668,7.668,0.0
2010-06-28,7.576,7.576,7.576,7.576,0.0
2010-06-29,7.498,7.498,7.498,7.498,0.0
2010-06-30,7.479,7.479,7.479,7.479,0.0
2010-07-01,7.479,7.479,7.479,7.479,0.0
2010-07-02,7.403,7.403,7.403,7.403,0.0
2010-07-06,7.393,7.393,7.393,7.393,0.0
2010-07-07,7.509,7.509,7.509,7.509,0.0
2010-07-08,7.523,7.523,7.523,7.523,0.0
2010-07-09,7.546,7.546,7.546,7.546,0.0
2010-07-12,7.525,7.525,7.525,7.525,0.0
2010-07-13,7.46,7.46,7.46,7.46,0.0
2010-07-14,7.553,7.553,7.553,7.553,0.0
2010-07-15,7.615,7.615,7.615,7.615,0.0
2010-07-16,7.418,7.418,7.418,7.418,0.0
2010-07-19,7.403,7.403,7.403,7.403,0.0
2010-07-20,7.413,7.413,7.413,7.413,0.0
2010-07-21,7.411,7.411,7.411,7.411,0.0
2010-07-22,7.405,7.405,7.405,7.405,0.0
2010-07-23,7.326,7.326,7.326,7.326,0.0
2010-07-26,7.279,7.279,7.279,7.279,0.0
2010-07-27,7.113,7.113,7.113,7.113,0.0
2010-07-28,7.039,7.039,7.039,7.039,0.0
2010-07-29,6.831,6.831,6.831,6.831,0.0
2010-07-30,6.677,6.677,6.677,6.677,0.0
2010-08-02,6.733,6.733,6.733,6.733,0.0
2010-08-03,6.687,6.687,6.687,6.687,0.0
2010-08-04,6.705,6.705,6.705,6.705,0.0
2010-08-05,6.59,6.59,6.59,6.59,0.0
2010-08-06,6.481,6.481,6.481,6.481,0.0
2010-08-09,6.383,6.383,6.383,6.383,0.0
2010-08-10,6.273,6.273,6.273,6.273,0.0
2010-08-11,6.26,6.26,6.26,6.26,0.0
2010-08-12,6.289,6.289,6.289,6.289,0.0
2010-08-13,6.278,6.278,6.278,6.278,0.0
2010-08-16,6.16,6.16,6.16,6.16,0.0
2010-08-17,6.139,6.139,6.139,6.139,0.0
2010-08-18,6.247,6.247,6.247,6.247,0.0
2010-08-19,6.295,6.295,6.295,6.295,0.0
2010-08-20,6.404,6.404,6.404,6.404,0.0
2010-08-23,6.474,6.474,6.474,6.474,0.0
2010-08-24,6.484,6.484,6.484,6.484,0.0
2010-08-25,6.527,6.527,6.527,6.527,0.0
2010-08-26,6.661,6.661,6.661,6.661,0.0
2010-08-27,6.638,6.638,6.638,6.638,0.0
2010-08-30,6.599,6.599,6.599,6.599,0.0
2010-08-31,6.573,6.573,6.573,6.573,0.0
2010-09-01,6.527,6.527,6.527,6.527,0.0
2010-09-02,6.457,6.457,6.457,6.457,0.0
2010-09-03,6.495,6.495,6.495,6.495,0.0
2010-09-07,6.51,6.51,6.51,6.51,0.0
2010-09-08,6.542,6.542,6.542,6.542,0.0
2010-09-09,6.598,6.598,6.598,6.598,0.0
2010-09-10,6.638,6.638,6.638,6.638,0.0
2010-09-13,6.605,6.605,6.605,6.605,0.0
2010-09-14,6.552,6.552,6.552,6.552,0.0
2010-09-15,6.54,6.54,6.54,6.54,0.0
2010-09-16,6.375,6.375,6.375,6.375,0.0
2010-09-17,6.247,6.247,6.247,6.247,0.0
2010-09-20,6.189,6.189,6.189,6.189,0.0
2010-09-21,6.132,6.132,6.132,6.132,0.0
2010-09-22,6.142,6.142,6.142,6.142,0.0
2010-09-23,6.207,6.207,6.207,6.207,0.0
2010-09-24,6.2,6.2,6.2,6.2,0.0
2010-09-27,6.163,6.163,6.163,6.163,0.0
2010-09-28,6.221,6.221,6.221,6.221,0.0
2010-09-29,6.194,6.194,6.194,6.194,0.0
2010-09-30,6.177,6.177,6.177,6.177,0.0
2010-10-01,6.256,6.256,6.256,6.256,0.0
2010-10-04,6.387,6.387,6.387,6.387,0.0
2010-10-05,6.422,6.422,6.422,6.422,0.0
2010-10-06,6.467,6.467,6.467,6.467,0.0
2010-10-07,6.498,6.498,6.498,6.498,0.0
2010-10-08,6.513,6.513,6.513,6.513,0.0
2010-10-11,6.47,6.47,6.47,6.47,0.0
2010-10-12,6.443,6.443,6.443,6.443,0.0
2010-10-13,6.434,6.434,6.434,6.434,0.0
2010-10-14,6.442,6.442,6.442,6.442,0.0
2010-10-15,6.393,6.393,6.393,6.393,0.0
2010-10-18,6.389,6.389,6.389,6.389,0.0
2010-10-19,6.368,6.368,6.368,6.368,0.0
2010-10-20,6.359,6.359,6.359,6.359,0.0
2010-10-21,6.21,6.21,6.21,6.21,0.0
2010-10-22,6.139,6.139,6.139,6.139,0.0
2010-10-25,6.238,6.238,6.238,6.238,0.0
2010-10-26,6.426,6.426,6.426,6.426,0.0
2010-10-27,6.471,6.471,6.471,6.471,0.0
2010-10-28,6.231,6.231,6.231,6.231,0.0
2010-10-29,6.11,6.11,6.11,6.11,0.0
2010-11-01,6.165,6.165,6.165,6.165,0.0
2010-11-02,6.223,6.223,6.223,6.223,0.0
2010-11-03,6.197,6.197,6.197,6.197,0.0
2010-11-04,6.192,6.192,6.192,6.192,0.0
2010-11-05,6.199,6.199,6.199,6.199,0.0
2010-11-08,6.213,6.213,6.213,6.213,0.0
2010-11-09,6.208,6.208,6.208,6.208,0.0
2010-11-10,6.271,6.271,6.271,6.271,0.0
2010-11-11,6.323,6.323,6.323,6.323,0.0
2010-11-12,6.31,6.31,6.31,6.31,0.0
2010-11-15,6.381,6.381,6.381,6.381,0.0
2010-11-16,6.345,6.345,6.345,6.345,0.0
2010-11-17,6.362,6.362,6.362,6.362,0.0
2010-11-18,6.405,6.405,6.405,6.405,0.0
2010-11-19,6.425,6.425,6.425,6.425,0.0
2010-11-22,6.494,6.494,6.494,6.494,0.0
2010-11-23,6.474,6.474,6.474,6.474,0.0
2010-11-24,6.422,6.422,6.422,6.422,0.0
2010-11-26,6.43,6.43,6.43,6.43,0.0
2010-11-29,6.39,6.39,6.39,6.39,0.0
2010-11-30,6.42,6.42,6.42,6.42,0.0
2010-12-01,6.418,6.418,6.418,6.418,0.0
2010-12-02,6.415,6.415,6.415,6.415,0.0
2010-12-03,6.415,6.415,6.415,6.415,0.0
2010-12-06,6.269,6.269,6.269,6.269,0.0
2010-12-07,6.233,6.233,6.233,6.233,0.0
2010-12-08,6.24,6.24,6.24,6.24,0.0
2010-12-09,6.119,6.119,6.119,6.119,0.0
2010-12-10,6.106,6.106,6.106,6.106,0.0
2010-12-13,6.131,6.131,6.131,6.131,0.0
2010-12-14,6.171,6.171,6.171,6.171,0.0
2010-12-15,6.307,6.307,6.307,6.307,0.0
2010-12-16,6.305,6.305,6.305,6.305,0.0
2010-12-17,6.352,6.352,6.352,6.352,0.0
2010-12-20,6.339,6.339,6.339,6.339,0.0
2010-12-21,6.315,6.315,6.315,6.315,0.0
2010-12-22,6.294,6.294,6.294,6.294,0.0
2010-12-23,6.307,6.307,6.307,6.307,0.0
2010-12-27,6.321,6.321,6.321,6.321,0.0
2010-12-28,6.323,6.323,6.323,6.323,0.0
2010-12-29,6.293,6.293,6.293,6.293,0.0
2010-12-30,6.243,6.243,6.243,6.243,0.0
2010-12-31,6.265,6.265,6.265,6.265,0.0
2011-01-03,6.211,6.211,6.211,6.211,0.0
2011-01-04,6.235,6.235,6.235,6.235,0.0
2011-01-05,6.296,6.296,6.296,6.296,0.0
2011-01-06,6.279,6.279,6.279,6.279,0.0
2011-01-07,6.308,6.308,6.308,6.308,0.0
2011-01-10,6.325,6.325,6.325,6.325,0.0
2011-01-11,6.361,6.361,6.361,6.361,0.0
2011-01-12,6.3,6.3,6.3,6.3,0.0
2011-01-13,6.307,6.307,6.307,6.307,0.0
2011-01-14,6.359,6.359,6.359,6.359,0.0
2011-01-18,6.368,6.368,6.368,6.368,0.0
2011-01-19,6.334,6.334,6.334,6.334,0.0
2011-01-20,6.32,6.32,6.32,6.32,0.0
2011-01-21,6.309,6.309,6.309,6.309,0.0
2011-01-24,6.302,6.302,6.302,6.302,0.0
2011-01-25,6.348,6.348,6.348,6.348,0.0
2011-01-26,6.376,6.376,6.376,6.376,0.0
2011-01-27,6.419,6.419,6.419,6.419,0.0
2011-01-28,6.318,6.318,6.318,6.318,0.0
2011-01-31,6.333,6.333,6.333,6.333,0.0
2011-02-01,6.353,6.353,6.353,6.353,0.0
2011-02-02,6.376,6.376,6.376,6.376,0.0
2011-02-03,6.385,6.385,6.385,6.385,0.0
2011-02-04,6.396,6.396,6.396,6.396,0.0
2011-02-07,6.408,6.408,6.408,6.408,0.0
2011-02-08,6.452,6.452,6.452,6.452,0.0
2011-02-09,6.447,6.447,6.447,6.447,0.0
2011-02-10,6.437,6.437,6.437,6.437,0.0
2011-02-11,6.427,6.427,6.427,6.427,0.0
2011-02-14,6.41,6.41,6.41,6.41,0.0
2011-02-15,6.458,6.458,6.458,6.458,0.0
2011-02-16,6.533,6.533,6.533,6.533,0.0
2011-02-17,6.563,6.563,6.563,6.563,0.0
2011-02-18,6.572,6.572,6.572,6.572,0.0
2011-02-22,6.607,6.607,6.607,6.607,0.0
2011-02-23,6.589,6.589,6.589,6.589,0.0
2011-02-24,6.564,6.564,6.564,6.564,0.0
2011-02-25,6.586,6.586,6.586,6.586,0.0
2011-02-28,6.608,6.608,6.608,6.608,0.0
2011-03-01,6.675,6.675,6.675,6.675,0.0
2011-03-02,6.656,6.656,6.656,6.656,0.0
2011-03-03,6.651,6.651,6.651,6.651,0.0
2011-03-04,6.726,6.726,6.726,6.726,0.0
2011-03-07,6.738,6.738,6.738,6.738,0.0
2011-03-08,6.732,6.732,6.732,6.732,0.0
2011-03-09,6.706,6.706,6.706,6.706,0.0
2011-03-10,6.708,6.708,6.708,6.708,0.0
2011-03-11,6.712,6.712,6.712,6.712,0.0
2011-03-14,6.769,6.769,6.769,6.769,0.0
2011-03-15,7.037,7.037,7.037,7.037,0.0
2011-03-16,7.042,7.042,7.042,7.042,0.0
2011-03-17,7.014,7.014,7.014,7.014,0.0
2011-03-18,6.958,6.958,6.958,6.958,0.0
2011-03-21,6.876,6.876,6.876,6.876,0.0
2011-03-22,6.917,6.917,6.917,6.917,0.0
2011-03-23,6.944,6.944,6.944,6.944,0.0
2011-03-24,6.938,6.938,6.938,6.938,0.0
2011-03-25,7.036,7.036,7.036,7.036,0.0
2011-03-28,7.022,7.022,7.022,7.022,0.0
2011-03-29,6.963,6.963,6.963,6.963,0.0
2011-03-30,7.001,7.001,7.001,7.001,0.0
2011-03-31,7.091,7.091,7.091,7.091,0.0
2011-04-01,7.203,7.203,7.203,7.203,0.0
2011-04-04,7.217,7.217,7.217,7.217,0.0
2011-04-05,7.113,7.113,7.113,7.113,0.0
2011-04-06,7.115,7.115,7.115,7.115,0.0
2011-04-07,7.147,7.147,7.147,7.147,0.0
2011-04-08,7.198,7.198,7.198,7.198,0.0
2011-04-11,7.223,7.223,7.223,7.223,0.0
2011-04-12,7.161,7.161,7.161,7.161,0.0
2011-04-13,7.123,7.123,7.123,7.123,0.0
2011-04-14,7.11,7.11,7.11,7.11,0.0
2011-04-15,7.135,7.135,7.135,7.135,0.0
2011-04-18,7.125,7.125,7.125,7.125,0.0
2011-04-19,7.062,7.062,7.062,7.062,0.0
2011-04-20,6.989,6.989,6.989,6.989,0.0
2011-04-21,6.936,6.936,6.936,6.936,0.0
2011-04-25,6.948,6.948,6.948,6.948,0.0
2011-04-26,6.977,6.977,6.977,6.977,0.0
2011-04-27,6.944,6.944,6.944,6.944,0.0
2011-04-28,6.941,6.941,6.941,6.941,0.0
2011-04-29,6.879,6.879,6.879,6.879,0.0
2011-05-02,6.901,6.901,6.901,6.901,0.0
2011-05-03,6.971,6.971,6.971,6.971,0.0
2011-05-04,6.99,6.99,6.99,6.99,0.0
2011-05-05,6.914,6.914,6.914,6.914,0.0
2011-05-06,6.866,6.866,6.866,6.866,0.0
2011-05-09,6.879,6.879,6.879,6.879,0.0
2011-05-10,6.955,6.955,6.955,6.955,0.0
2011-05-11,6.999,6.999,6.999,6.999,0.0
2011-05-12,7.008,7.008,7.008,7.008,0.0
2011-05-13,6.998,6.998,6.998,6.998,0.0
2011-05-16,6.99,6.99,6.99,6.99,0.0
2011-05-17,6.959,6.959,6.959,6.959,0.0
2011-05-18,6.973,6.973,6.973,6.973,0.0
2011-05-19,6.896,6.896,6.896,6.896,0.0
2011-05-20,6.943,6.943,6.943,6.943,0.0
2011-05-23,7.082,7.082,7.082,7.082,0.0
2011-05-24,7.005,7.005,7.005,7.005,0.0
2011-05-25,7.014,7.014,7.014,7.014,0.0
2011-05-26,6.984,6.984,6.984,6.984,0.0
2011-05-27,7.02,7.02,7.02,7.02,0.0
2011-05-31,6.94,6.94,6.94,6.94,0.0
2011-06-01,6.916,6.916,6.916,6.916,0.0
2011-06-02,6.811,6.811,6.811,6.811,0.0
2011-06-03,6.758,6.758,6.758,6.758,0.0
2011-06-06,6.702,6.702,6.702,6.702,0.0
2011-06-07,6.709,6.709,6.709,6.709,0.0
2011-06-08,6.725,6.725,6.725,6.725,0.0
2011-06-09,6.633,6.633,6.633,6.633,0.0
2011-06-10,6.659,6.659,6.659,6.659,0.0
2011-06-13,6.627,6.627,6.627,6.627,0.0
2011-06-14,6.731,6.731,6.731,6.731,0.0
2011-06-15,6.755,6.755,6.755,6.755,0.0
2011-06-16,6.742,6.742,6.742,6.742,0.0
2011-06-17,6.776,6.776,6.776,6.776,0.0
2011-06-20,6.774,6.774,6.774,6.774,0.0
2011-06-21,6.655,6.655,6.655,6.655,0.0
2011-06-22,6.668,6.668,6.668,6.668,0.0
2011-06-23,6.642,6.642,6.642,6.642,0.0
2011-06-24,6.665,6.665,6.665,6.665,0.0
2011-06-27,6.654,6.654,6.654,6.654,0.0
2011-06-28,6.658,6.658,6.658,6.658,0.0
2011-06-29,6.63,6.63,6.63,6.63,0.0
2011-06-30,6.627,6.627,6.627,6.627,0.0
2011-07-01,6.627,6.627,6.627,6.627,0.0
2011-07-05,6.569,6.569,6.569,6.569,0.0
2011-07-06,6.559,6.559,6.559,6.559,0.0
2011-07-07,6.587,6.587,6.587,6.587,0.0
2011-07-08,6.654,6.654,6.654,6.654,0.0
2011-07-11,6.694,6.694,6.694,6.694,0.0
2011-07-12,6.694,6.694,6.694,6.694,0.0
2011-07-13,6.714,6.714,6.714,6.714,0.0
2011-07-14,6.692,6.692,6.692,6.692,0.0
2011-07-15,6.694,6.694,6.694,6.694,0.0
2011-07-18,6.674,6.674,6.674,6.674,0.0
2011-07-19,6.566,6.566,6.566,6.566,0.0
2011-07-20,6.517,6.517,6.517,6.517,0.0
2011-07-21,6.548,6.548,6.548,6.548,0.0
2011-07-22,6.524,6.524,6.524,6.524,0.0
2011-07-25,6.509,6.509,6.509,6.509,0.0
2011-07-26,6.504,6.504,6.504,6.504,0.0
2011-07-27,6.517,6.517,6.517,6.517,0.0
2011-07-28,6.543,6.543,6.543,6.543,0.0
2011-07-29,6.522,6.522,6.522,6.522,0.0
2011-08-01,6.576,6.576,6.576,6.576,0.0
2011-08-02,6.547,6.547,6.547,6.547,0.0
2011-08-03,6.498,6.498,6.498,6.498,0.0
2011-08-04,6.346,6.346,6.346,6.346,0.0
2011-08-05,6.268,6.268,6.268,6.268,0.0
2011-08-08,6.249,6.249,6.249,6.249,0.0
2011-08-09,6.225,6.225,6.225,6.225,0.0
2011-08-10,6.197,6.197,6.197,6.197,0.0
2011-08-11,6.25,6.25,6.25,6.25,0.0
2011-08-12,6.263,6.263,6.263,6.263,0.0
2011-08-15,6.327,6.327,6.327,6.327,0.0
2011-08-16,6.419,6.419,6.419,6.419,0.0
2011-08-17,6.386,6.386,6.386,6.386,0.0
2011-08-18,6.376,6.376,6.376,6.376,0.0
2011-08-19,6.414,6.414,6.414,6.414,0.0
2011-08-22,6.381,6.381,6.381,6.381,0.0
2011-08-23,6.399,6.399,6.399,6.399,0.0
2011-08-24,6.277,6.277,6.277,6.277,0.0
2011-08-25,6.268,6.268,6.268,6.268,0.0
2011-08-26,6.265,6.265,6.265,6.265,0.0
2011-08-29,6.234,6.234,6.234,6.234,0.0
2011-08-30,6.25,6.25,6.25,6.25,0.0
2011-08-31,6.28,6.28,6.28,6.28,0.0
2011-09-01,6.341,6.341,6.341,6.341,0.0
2011-09-02,6.316,6.316,6.316,6.316,0.0
2011-09-06,6.319,6.319,6.319,6.319,0.0
2011-09-07,6.286,6.286,6.286,6.286,0.0
2011-09-08,6.276,6.276,6.276,6.276,0.0
2011-09-09,6.223,6.223,6.223,6.223,0.0
2011-09-12,6.196,6.196,6.196,6.196,0.0
2011-09-13,6.218,6.218,6.218,6.218,0.0
2011-09-14,6.177,6.177,6.177,6.177,0.0
2011-09-15,6.152,6.152,6.152,6.152,0.0
2011-09-16,6.178,6.178,6.178,6.178,0.0
2011-09-19,6.168,6.168,6.168,6.168,0.0
2011-09-20,6.21,6.21,6.21,6.21,0.0
2011-09-21,6.21,6.21,6.21,6.21,0.0
2011-09-22,6.078,6.078,6.078,6.078,0.0
2011-09-23,6.084,6.084,6.084,6.084,0.0
2011-09-26,6.131,6.131,6.131,6.131,0.0
2011-09-27,6.213,6.213,6.213,6.213,0.0
2011-09-28,6.197,6.197,6.197,6.197,0.0
2011-09-29,6.178,6.178,6.178,6.178,0.0
2011-09-30,6.165,6.165,6.165,6.165,0.0
2011-10-03,6.151,6.151,6.151,6.151,0.0
2011-10-04,6.097,6.097,6.097,6.097,0.0
2011-10-05,6.07,6.07,6.07,6.07,0.0
2011-10-06,6.015,6.015,6.015,6.015,0.0
2011-10-07,5.977,5.977,5.977,5.977,0.0
2011-10-10,5.966,5.966,5.966,5.966,0.0
2011-10-11,5.936,5.936,5.936,5.936,0.0
2011-10-12,5.927,5.927,5.927,5.927,0.0
2011-10-13,5.954,5.954,5.954,5.954,0.0
2011-10-14,6.016,6.016,6.016,6.016,0.0
2011-10-17,6.003,6.003,6.003,6.003,0.0
2011-10-18,5.98,5.98,5.98,5.98,0.0
2011-10-19,5.982,5.982,5.982,5.982,0.0
2011-10-20,5.98,5.988,5.98,5.988,3.0
2011-10-21,5.99,5.99,5.99,5.99,0.0
2011-10-24,5.987,5.987,5.987,5.987,0.0
2011-10-25,6.023,6.023,6.023,6.023,0.0
2011-10-26,6.055,6.055,6.055,6.055,0.0
2011-10-27,6.11,6.11,6.06,6.06,2.0
2011-10-28,6.168,6.168,6.168,6.168,0.0
2011-10-31,6.168,6.168,6.168,6.168,0.0
2011-11-01,6.098,6.098,6.098,6.098,0.0
2011-11-02,6.057,6.057,6.057,6.057,0.0
2011-11-03,6.11,6.11,6.11,6.11,0.0
2011-11-04,6.1,6.1,6.1,6.1,0.0
2011-11-07,6.078,6.078,6.078,6.078,0.0
2011-11-08,6.041,6.041,6.041,6.041,0.0
2011-11-09,6.008,6.008,6.008,6.008,0.0
2011-11-10,5.958,5.958,5.958,5.958,0.0
2011-11-11,5.888,5.888,5.888,5.888,0.0
2011-11-14,5.866,5.866,5.866,5.866,0.0
2011-11-15,5.876,5.876,5.876,5.876,0.0
2011-11-16,5.851,5.851,5.851,5.851,0.0
2011-11-17,5.803,5.803,5.803,5.803,0.0
2011-11-18,5.762,5.762,5.762,5.762,0.0
2011-11-21,5.782,5.782,5.782,5.782,0.0
2011-11-22,5.761,5.761,5.761,5.761,0.0
2011-11-23,5.733,5.733,5.733,5.733,0.0
2011-11-25,5.772,5.772,5.772,5.772,0.0
2011-11-28,5.716,5.716,5.716,5.716,0.0
2011-11-29,5.822,5.822,5.822,5.822,0.0
2011-11-30,5.807,5.807,5.807,5.807,0.0
2011-12-01,5.794,5.794,5.794,5.794,0.0
2011-12-02,5.795,5.795,5.795,5.795,0.0
2011-12-05,5.795,5.795,5.795,5.795,0.0
2011-12-06,5.764,5.764,5.764,5.764,0.0
2011-12-07,5.763,5.763,5.763,5.763,0.0
2011-12-08,5.733,5.733,5.733,5.733,0.0
2011-12-09,5.674,5.674,5.674,5.674,0.0
2011-12-12,5.636,5.636,5.636,5.636,0.0
2011-12-13,5.55,5.55,5.55,5.55,0.0
2011-12-14,5.54,5.54,5.54,5.54,0.0
2011-12-15,5.502,5.502,5.502,5.502,0.0
2011-12-16,5.517,5.517,5.517,5.517,0.0
2011-12-19,5.514,5.514,5.514,5.514,0.0
2011-12-20,5.526,5.526,5.526,5.526,0.0
2011-12-21,5.483,5.483,5.483,5.483,0.0
2011-12-22,5.498,5.498,5.498,5.498,0.0
2011-12-23,5.483,5.483,5.483,5.483,0.0
2011-12-27,5.483,5.483,5.483,5.483,0.0
2011-12-28,5.458,5.458,5.458,5.458,0.0
2011-12-29,5.455,5.455,5.455,5.455,0.0
2011-12-30,5.455,5.455,5.455,5.455,0.0
2012-01-03,5.454,5.454,5.454,5.454,0.0
2012-01-04,5.463,5.463,5.463,5.463,0.0
2012-01-05,5.48,5.48,5.48,5.48,0.0
2012-01-06,5.52,5.52,5.52,5.52,0.0
2012-01-09,5.501,5.501,5.501,5.501,0.0
2012-01-10,5.463,5.463,5.463,5.463,0.0
2012-01-11,5.473,5.473,5.473,5.473,0.0
2012-01-12,5.45,5.45,5.45,5.45,0.0
2012-01-13,5.436,5.436,5.436,5.436,0.0
2012-01-17,5.39,5.39,5.39,5.39,0.0
2012-01-18,5.301,5.301,5.301,5.301,0.0
2012-01-19,5.229,5.229,5.229,5.229,0.0
2012-01-20,5.075,5.075,5.075,5.075,0.0
2012-01-23,5.092,5.092,5.092,5.092,0.0
2012-01-24,5.128,5.128,5.128,5.128,0.0
2012-01-25,5.161,5.161,5.161,5.161,0.0
2012-01-26,5.099,5.099,5.099,5.099,0.0
2012-01-27,5.141,5.141,5.141,5.141,0.0
2012-01-30,5.116,5.116,5.116,5.116,0.0
2012-01-31,5.071,5.071,5.071,5.071,0.0
2012-02-01,5.025,5.025,5.025,5.025,0.0
2012-02-02,5.121,5.121,5.121,5.121,0.0
2012-02-03,5.145,5.145,5.145,5.145,0.0
2012-02-06,5.204,5.204,5.204,5.204,0.0
2012-02-07,5.112,5.112,5.112,5.112,0.0
2012-02-08,5.077,5.077,5.077,5.077,0.0
2012-02-09,5.001,5.001,5.001,5.001,0.0
2012-02-10,5.074,5.074,5.074,5.074,0.0
2012-02-13,5.074,5.074,5.074,5.074,0.0
2012-02-14,5.088,5.088,5.088,5.088,0.0
2012-02-15,5.092,5.092,5.092,5.092,0.0
2012-02-16,5.065,5.065,5.065,5.065,0.0
2012-02-17,5.085,5.085,5.085,5.085,0.0
2012-02-21,5.054,5.054,5.054,5.054,0.0
2012-02-22,5.142,5.142,5.142,5.142,0.0
2012-02-23,5.157,5.157,5.157,5.157,0.0
2012-02-24,5.128,5.128,5.128,5.128,0.0
2012-02-27,5.071,5.071,5.071,5.071,0.0
2012-02-28,5.031,5.031,5.031,5.031,0.0
2012-02-29,5.041,5.041,5.041,5.041,0.0
2012-03-01,5.001,5.001,5.001,5.001,0.0
2012-03-02,5.04,5.04,5.04,5.04,0.0
2012-03-05,4.967,4.967,4.967,4.967,0.0
2012-03-06,4.895,4.895,4.895,4.895,0.0
2012-03-07,4.85,4.85,4.85,4.85,0.0
2012-03-08,4.851,4.851,4.851,4.851,0.0
2012-03-09,4.958,4.958,4.958,4.958,0.0
2012-03-12,4.937,4.937,4.937,4.937,0.0
2012-03-13,4.986,4.986,4.986,4.986,0.0
2012-03-14,5.072,5.072,5.072,5.072,0.0
2012-03-15,5.072,5.072,5.072,5.072,0.0
2012-03-16,5.058,5.058,5.058,5.058,0.0
2012-03-19,5.077,5.077,5.077,5.077,0.0
2012-03-20,5.046,5.046,5.046,5.046,0.0
2012-03-21,5.036,5.036,5.036,5.036,0.0
2012-03-22,5.023,5.023,5.023,5.023,0.0
2012-03-23,5.024,5.024,5.024,5.024,0.0
2012-03-26,5.028,5.028,5.028,5.028,1.0
2012-03-27,5.026,5.026,5.026,5.026,0.0
2012-03-28,5.038,5.038,5.038,5.038,0.0
2012-03-29,4.98,4.98,4.98,4.98,0.0
2012-03-30,5.048,5.048,5.048,5.048,0.0
2012-04-02,5.066,5.066,5.066,5.066,0.0
2012-04-03,5.066,5.066,5.066,5.066,0.0
2012-04-04,5.047,5.047,5.047,5.047,0.0
2012-04-05,5.005,5.005,5.005,5.005,0.0
2012-04-09,5.025,5.025,5.025,5.025,0.0
2012-04-10,5.004,5.004,5.004,5.004,0.0
2012-04-11,4.948,4.948,4.948,4.948,0.0
2012-04-12,4.867,4.867,4.867,4.867,0.0
2012-04-13,4.855,4.855,4.855,4.855,0.0
2012-04-16,4.828,4.828,4.828,4.828,0.0
2012-04-17,4.767,4.767,4.767,4.767,0.0
2012-04-18,4.745,4.745,4.745,4.745,0.0
2012-04-19,4.722,4.722,4.722,4.722,0.0
2012-04-20,4.665,4.665,4.665,4.665,0.0
2012-04-23,4.644,4.644,4.644,4.644,0.0
2012-04-24,4.678,4.678,4.678,4.678,0.0
2012-04-25,4.607,4.607,4.607,4.607,0.0
2012-04-26,4.631,4.631,4.631,4.631,0.0
2012-04-27,4.678,4.678,4.678,4.678,0.0
2012-04-30,4.715,4.715,4.715,4.715,0.0
2012-05-01,4.715,4.715,4.715,4.715,0.0
2012-05-02,4.706,4.706,4.706,4.706,0.0
2012-05-03,4.719,4.719,4.719,4.719,0.0
2012-05-04,4.713,4.713,4.713,4.713,0.0
2012-05-07,4.728,4.728,4.728,4.728,0.0
2012-05-08,4.726,4.726,4.726,4.726,0.0
2012-05-09,4.745,4.745,4.745,4.745,0.0
2012-05-10,4.731,4.731,4.731,4.731,0.0
2012-05-11,4.713,4.713,4.713,4.713,0.0
2012-05-14,4.724,4.724,4.724,4.724,0.0
2012-05-15,4.771,4.771,4.771,4.771,0.0
2012-05-16,4.799,4.799,4.799,4.799,0.0
2012-05-17,4.789,4.789,4.789,4.789,0.0
2012-05-18,4.83,4.83,4.83,4.83,0.0
2012-05-21,4.763,4.763,4.763,4.763,0.0
2012-05-22,4.804,4.804,4.804,4.804,0.0
2012-05-23,4.783,4.783,4.783,4.783,0.0
2012-05-24,4.782,4.782,4.782,4.782,0.0
2012-05-25,4.827,4.827,4.827,4.827,0.0
2012-05-29,4.778,4.778,4.778,4.778,0.0
2012-05-30,4.736,4.736,4.736,4.736,0.0
2012-05-31,4.786,4.786,4.786,4.786,0.0
2012-06-01,4.746,4.746,4.746,4.746,0.0
2012-06-04,4.748,4.748,4.748,4.748,0.0
2012-06-05,4.693,4.693,4.693,4.693,0.0
2012-06-06,4.69,4.69,4.69,4.69,0.0
2012-06-07,4.669,4.669,4.669,4.669,0.0
2012-06-08,4.69,4.69,4.69,4.69,0.0
2012-06-11,4.653,4.653,4.653,4.653,0.0
2012-06-12,4.653,4.653,4.653,4.653,0.0
2012-06-13,4.634,4.634,4.634,4.634,0.0
2012-06-14,4.667,4.667,4.667,4.667,0.0
2012-06-15,4.603,4.603,4.603,4.603,0.0
2012-06-18,4.576,4.576,4.576,4.576,0.0
2012-06-19,4.601,4.601,4.601,4.601,0.0
2012-06-20,4.606,4.606,4.606,4.606,0.0
2012-06-21,4.581,4.581,4.581,4.581,0.0
2012-06-22,4.578,4.578,4.578,4.578,0.0
2012-06-25,4.605,4.605,4.605,4.605,0.0
2012-06-26,4.65,4.65,4.65,4.65,0.0
2012-06-27,4.71,4.71,4.668,4.668,2.0
2012-06-28,4.666,4.666,4.666,4.666,0.0
2012-06-29,4.669,4.669,4.669,4.669,0.0
2012-07-02,4.68,4.68,4.68,4.68,0.0
2012-07-03,4.711,4.711,4.711,4.711,0.0
2012-07-05,4.714,4.714,4.714,4.714,0.0
2012-07-06,4.666,4.666,4.666,4.666,0.0
2012-07-09,4.735,4.735,4.735,4.735,0.0
2012-07-10,4.723,4.723,4.723,4.723,0.0
2012-07-11,4.77,4.77,4.77,4.77,0.0
2012-07-12,4.759,4.759,4.759,4.759,0.0
2012-07-13,4.762,4.762,4.762,4.762,0.0
2012-07-16,4.713,4.713,4.713,4.713,0.0
2012-07-17,4.725,4.725,4.725,4.725,0.0
2012-07-18,4.79,4.79,4.79,4.79,0.0
2012-07-19,4.759,4.759,4.759,4.759,0.0
2012-07-20,4.781,4.781,4.781,4.781,0.0
2012-07-23,4.79,4.79,4.79,4.79,0.0
2012-07-24,4.827,4.827,4.827,4.827,0.0
2012-07-25,4.834,4.834,4.834,4.834,0.0
2012-07-26,4.877,4.877,4.877,4.877,0.0
2012-07-27,4.879,4.879,4.879,4.879,0.0
2012-07-30,4.947,4.947,4.947,4.947,0.0
2012-07-31,4.907,4.907,4.907,4.907,0.0
2012-08-01,4.872,4.872,4.872,4.872,0.0
2012-08-02,4.752,4.752,4.752,4.752,0.0
2012-08-03,4.724,4.724,4.724,4.724,0.0
2012-08-06,4.856,4.856,4.856,4.856,0.0
2012-08-07,4.869,4.869,4.869,4.869,0.0
2012-08-08,5.028,5.028,5.028,5.028,0.0
2012-08-09,4.938,4.938,4.938,4.938,0.0
2012-08-10,4.875,4.875,4.875,4.875,0.0
2012-08-13,4.848,4.848,4.848,4.848,0.0
2012-08-14,4.885,4.885,4.885,4.885,0.0
2012-08-15,4.924,4.924,4.924,4.924,0.0
2012-08-16,4.897,4.897,4.897,4.897,0.0
2012-08-17,4.895,4.895,4.895,4.895,0.0
2012-08-20,4.939,4.939,4.939,4.939,0.0
2012-08-21,4.898,4.898,4.898,4.898,0.0
2012-08-22,4.889,4.889,4.889,4.889,0.0
2012-08-23,4.872,4.872,4.872,4.872,0.0
2012-08-24,4.824,4.824,4.824,4.824,0.0
2012-08-27,4.799,4.799,4.799,4.799,0.0
2012-08-28,4.749,4.749,4.749,4.749,0.0
2012-08-29,4.78,4.78,4.78,4.78,0.0
2012-08-30,4.787,4.787,4.787,4.787,0.0
2012-08-31,4.781,4.781,4.781,4.781,0.0
2012-09-04,4.786,4.786,4.786,4.786,0.0
2012-09-05,4.776,4.776,4.776,4.776,0.0
2012-09-06,4.759,4.759,4.759,4.759,0.0
2012-09-07,4.719,4.719,4.719,4.719,0.0
2012-09-10,4.745,4.745,4.745,4.745,0.0
2012-09-11,4.785,4.785,4.785,4.785,0.0
2012-09-12,4.86,4.86,4.86,4.86,0.0
2012-09-13,4.853,4.853,4.853,4.853,0.0
2012-09-14,4.842,4.842,4.842,4.842,0.0
2012-09-17,4.823,4.823,4.823,4.823,0.0
2012-09-18,4.876,4.876,4.876,4.876,0.0
2012-09-19,4.876,4.876,4.876,4.876,0.0
2012-09-20,4.88,4.88,4.88,4.88,0.0
2012-09-21,4.939,4.939,4.939,4.939,0.0
2012-09-24,4.923,4.923,4.923,4.923,0.0
2012-09-25,4.949,4.949,4.949,4.949,0.0
2012-09-26,4.963,4.963,4.963,4.963,0.0
2012-09-27,4.987,4.987,4.987,4.987,0.0
2012-09-28,4.999,4.999,4.999,4.999,0.0
2012-10-01,5.031,5.031,5.031,5.031,0.0
2012-10-02,5.013,5.013,5.013,5.013,0.0
2012-10-03,4.991,4.991,4.991,4.991,0.0
2012-10-04,5.002,5.002,5.002,5.002,0.0
2012-10-05,5.047,5.047,5.047,5.047,0.0
2012-10-08,5.086,5.086,5.086,5.086,0.0
2012-10-09,5.092,5.092,5.092,5.092,0.0
2012-10-10,5.076,5.076,5.076,5.076,0.0
2012-10-11,5.104,5.104,5.104,5.104,0.0
2012-10-12,5.065,5.065,5.065,5.065,0.0
2012-10-15,5.031,5.031,5.031,5.031,0.0
2012-10-16,5.037,5.037,5.037,5.037,0.0
2012-10-17,5.085,5.085,5.085,5.085,0.0
2012-10-18,5.073,5.073,5.073,5.073,0.0
2012-10-19,5.068,5.068,5.068,5.068,0.0
2012-10-22,5.048,5.048,5.048,5.048,0.0
2012-10-23,5.089,5.089,5.089,5.089,0.0
2012-10-24,5.072,5.072,5.072,5.072,0.0
2012-10-25,5.102,5.102,5.102,5.102,0.0
2012-10-26,5.095,5.095,5.095,5.095,100.0
2012-10-29,5.164,5.164,5.164,5.164,0.0
2012-10-30,5.095,5.095,5.095,5.095,0.0
2012-10-31,5.091,5.091,5.091,5.091,100.0
2012-11-01,5.098,5.098,5.098,5.098,0.0
2012-11-02,4.997,4.997,4.997,4.997,0.0
2012-11-05,4.969,4.969,4.969,4.969,0.0
2012-11-06,5.018,5.018,5.018,5.018,0.0
2012-11-07,4.994,4.994,4.994,4.994,0.0
2012-11-08,5.037,5.037,5.037,5.037,0.0
2012-11-09,4.976,4.976,4.976,4.976,0.0
2012-11-12,5.026,5.026,5.026,5.026,0.0
2012-11-13,5.065,5.065,5.065,5.065,0.0
2012-11-14,5.039,5.039,5.039,5.039,0.0
2012-11-15,4.971,4.971,4.971,4.971,0.0
2012-11-16,4.974,4.974,4.974,4.974,0.0
2012-11-19,4.939,4.939,4.939,4.939,0.0
2012-11-20,4.98,4.98,4.98,4.98,0.0
2012-11-21,4.984,4.984,4.984,4.984,0.0
2012-11-23,4.971,4.971,4.971,4.971,0.0
2012-11-26,4.933,4.933,4.933,4.933,0.0
2012-11-27,4.965,4.965,4.965,4.965,0.0
2012-11-28,4.947,4.947,4.947,4.947,0.0
2012-11-29,4.86,4.86,4.86,4.86,0.0
2012-11-30,4.836,4.836,4.836,4.836,0.0
2012-12-03,4.87,4.87,4.87,4.87,0.0
2012-12-04,4.845,4.845,4.845,4.845,0.0
2012-12-05,4.915,4.915,4.915,4.915,0.0
2012-12-06,4.902,4.902,4.902,4.902,0.0
2012-12-07,4.879,4.879,4.879,4.879,0.0
2012-12-10,4.871,4.871,4.871,4.871,2.0
2012-12-11,4.844,4.844,4.844,4.844,0.0
2012-12-12,4.838,4.838,4.838,4.838,0.0
2012-12-13,4.845,4.845,4.845,4.845,0.0
2012-12-14,4.841,4.841,4.841,4.841,0.0
2012-12-17,4.882,4.882,4.882,4.882,0.0
2012-12-18,4.983,4.983,4.983,4.983,0.0
2012-12-19,4.953,4.953,4.953,4.953,0.0
2012-12-20,5.024,5.024,5.024,5.024,0.0
2012-12-21,5.006,5.006,5.006,5.006,0.0
2012-12-24,4.969,4.969,4.969,4.969,0.0
2012-12-26,4.989,4.989,4.989,4.989,0.0
2012-12-27,4.972,4.972,4.972,4.972,0.0
2012-12-28,4.974,4.974,4.974,4.974,0.0
2012-12-31,4.931,4.931,4.931,4.931,0.0
2013-01-02,4.895,4.895,4.895,4.895,0.0
2013-01-03,4.885,4.885,4.885,4.885,0.0
2013-01-04,4.928,4.928,4.928,4.928,0.0
2013-01-07,4.919,4.919,4.919,4.919,0.0
2013-01-08,4.897,4.897,4.897,4.897,0.0
2013-01-09,4.867,4.867,4.867,4.867,0.0
2013-01-10,4.889,4.889,4.889,4.889,0.0
2013-01-11,4.87,4.87,4.87,4.87,0.0
2013-01-14,4.857,4.857,4.857,4.857,0.0
2013-01-15,4.864,4.864,4.864,4.864,0.0
2013-01-16,4.871,4.871,4.871,4.871,0.0
2013-01-17,4.87,4.87,4.87,4.87,0.0
2013-01-18,4.901,4.901,4.901,4.901,0.0
2013-01-22,4.897,4.897,4.897,4.897,0.0
2013-01-23,4.932,4.932,4.932,4.932,0.0
2013-01-24,4.903,4.903,4.903,4.903,0.0
2013-01-25,4.925,4.925,4.925,4.925,0.0
2013-01-28,4.865,4.865,4.865,4.865,0.0
2013-01-29,4.836,4.836,4.836,4.836,0.0
2013-01-30,4.86,4.86,4.86,4.86,0.0
2013-01-31,4.851,4.851,4.851,4.851,0.0
2013-02-01,4.802,4.802,4.802,4.802,0.0
2013-02-04,4.822,4.822,4.822,4.822,0.0
2013-02-05,4.859,4.859,4.859,4.859,0.0
2013-02-06,4.859,4.859,4.859,4.859,0.0
2013-02-07,4.825,4.825,4.825,4.825,0.0
2013-02-08,4.865,4.865,4.865,4.865,0.0
2013-02-11,4.881,4.881,4.881,4.881,0.0
2013-02-12,4.876,4.876,4.876,4.876,0.0
2013-02-13,4.91,4.91,4.91,4.91,0.0
2013-02-14,4.882,4.882,4.882,4.882,0.0
2013-02-15,4.863,4.863,4.863,4.863,0.0
2013-02-19,4.909,4.909,4.909,4.909,0.0
2013-02-20,4.887,4.887,4.887,4.887,0.0
2013-02-21,4.86,4.86,4.86,4.86,0.0
2013-02-22,4.857,4.857,4.857,4.857,0.0
2013-02-25,4.875,4.875,4.875,4.875,0.0
2013-02-26,4.862,4.862,4.862,4.862,0.0
2013-02-27,4.855,4.855,4.855,4.855,0.0
2013-02-28,4.876,4.876,4.876,4.876,0.0
2013-03-01,4.879,4.879,4.879,4.879,0.0
2013-03-04,4.915,4.915,4.915,4.915,0.0
2013-03-05,4.907,4.907,4.907,4.907,0.0
2013-03-06,4.885,4.885,4.885,4.885,0.0
2013-03-07,4.915,4.915,4.915,4.915,0.0
2013-03-08,4.911,4.911,4.911,4.911,0.0
2013-03-11,4.904,4.904,4.904,4.904,0.0
2013-03-12,4.877,4.877,4.877,4.877,0.0
2013-03-13,4.882,4.882,4.882,4.882,0.0
2013-03-14,4.874,4.874,4.874,4.874,0.0
2013-03-15,4.882,4.882,4.882,4.882,0.0
2013-03-18,4.867,4.867,4.867,4.867,0.0
2013-03-19,4.897,4.897,4.897,4.897,0.0
2013-03-20,4.886,4.886,4.886,4.886,0.0
2013-03-21,4.838,4.838,4.838,4.838,0.0
2013-03-22,4.83,4.83,4.83,4.83,0.0
2013-03-25,4.796,4.796,4.796,4.796,0.0
2013-03-26,4.823,4.823,4.823,4.823,0.0
2013-03-27,4.819,4.819,4.819,4.819,0.0
2013-03-28,4.791,4.791,4.791,4.791,0.0
2013-04-01,4.785,4.785,4.785,4.785,0.0
2013-04-02,4.769,4.769,4.769,4.769,0.0
2013-04-03,4.782,4.782,4.782,4.782,0.0
2013-04-04,4.794,4.794,4.794,4.794,0.0
2013-04-05,4.771,4.771,4.771,4.771,0.0
2013-04-08,4.715,4.715,4.715,4.715,0.0
2013-04-09,4.611,4.611,4.611,4.611,0.0
2013-04-10,4.568,4.568,4.568,4.568,0.0
2013-04-11,4.627,4.627,4.627,4.627,0.0
2013-04-12,4.751,4.751,4.751,4.751,0.0
2013-04-15,4.76,4.76,4.76,4.76,0.0
2013-04-16,4.815,4.815,4.815,4.815,0.0
2013-04-17,4.819,4.819,4.819,4.819,0.0
2013-04-18,4.812,4.812,4.812,4.812,0.0
2013-04-19,4.823,4.823,4.823,4.823,0.0
2013-04-22,4.786,4.786,4.786,4.786,0.0
2013-04-23,4.769,4.769,4.769,4.769,0.0
2013-04-24,4.707,4.707,4.707,4.707,0.0
2013-04-25,4.688,4.688,4.688,4.688,0.0
2013-04-26,4.69,4.69,4.69,4.69,0.0
2013-04-29,4.708,4.708,4.708,4.708,0.0
2013-04-30,4.692,4.692,4.692,4.692,0.0
2013-05-01,4.677,4.677,4.677,4.677,0.0
2013-05-02,4.665,4.665,4.665,4.665,0.0
2013-05-03,4.702,4.702,4.702,4.702,0.0
2013-05-06,4.753,4.753,4.753,4.753,0.0
2013-05-07,4.747,4.747,4.747,4.747,0.0
2013-05-08,4.726,4.726,4.726,4.726,0.0
2013-05-09,4.718,4.718,4.718,4.718,0.0
2013-05-10,4.7,4.7,4.7,4.7,100.0
2013-05-13,4.71,4.71,4.71,4.71,0.0
2013-05-14,4.741,4.741,4.741,4.741,0.0
2013-05-15,4.71,4.71,4.71,4.71,0.0
2013-05-16,4.707,4.707,4.707,4.707,0.0
2013-05-17,4.859,4.859,4.859,4.859,0.0
2013-05-20,4.975,4.975,4.975,4.975,0.0
2013-05-21,5.017,5.017,5.017,5.017,0.0
2013-05-22,5.049,5.049,5.049,5.049,0.0
2013-05-23,5.047,5.047,5.047,5.047,0.0
2013-05-24,5.038,5.038,5.038,5.038,0.0
2013-05-28,5.027,5.027,5.027,5.027,0.0
2013-05-29,5.018,5.018,5.018,5.018,0.0
2013-05-30,4.978,4.978,4.978,4.978,0.0
2013-05-31,4.984,4.984,4.984,4.984,0.0
2013-06-03,4.993,4.993,4.993,4.993,2.0
2013-06-04,4.969,4.969,4.969,4.969,0.0
2013-06-05,4.941,4.941,4.941,4.941,0.0
2013-06-06,4.884,4.884,4.884,4.884,0.0
2013-06-07,4.894,4.894,4.894,4.894,0.0
2013-06-10,4.878,4.878,4.878,4.878,15.0
2013-06-11,4.803,4.803,4.803,4.803,0.0
2013-06-12,4.787,4.787,4.787,4.787,0.0
2013-06-13,4.806,4.806,4.806,4.806,0.0
2013-06-14,4.781,4.781,4.781,4.781,0.0
2013-06-17,4.822,4.822,4.822,4.822,1.0
2013-06-18,4.865,4.865,4.865,4.865,0.0
2013-06-19,4.847,4.847,4.847,4.847,0.0
2013-06-20,4.799,4.799,4.799,4.799,0.0
2013-06-21,4.778,4.778,4.778,4.778,0.0
2013-06-24,4.868,4.868,4.868,4.868,0.0
2013-06-25,4.895,4.895,4.895,4.895,0.0
2013-06-26,4.942,4.942,4.942,4.942,0.0
2013-06-27,4.901,4.901,4.901,4.901,0.0
2013-06-28,4.926,4.926,4.926,4.926,0.0
2013-07-01,4.856,4.856,4.856,4.856,0.0
2013-07-02,4.891,4.891,4.891,4.891,0.0
2013-07-03,4.913,4.913,4.913,4.913,0.0
2013-07-05,4.872,4.872,4.872,4.872,0.0
2013-07-08,4.917,4.917,4.917,4.917,0.0
2013-07-09,4.861,4.861,4.861,4.861,0.0
2013-07-10,4.847,4.847,4.847,4.847,0.0
2013-07-11,4.843,4.843,4.843,4.843,0.0
2013-07-12,4.843,4.843,4.843,4.843,0.0
2013-07-15,4.864,4.864,4.864,4.864,0.0
2013-07-16,4.863,4.863,4.863,4.863,0.0
2013-07-17,4.865,4.865,4.865,4.865,0.0
2013-07-18,4.826,4.826,4.826,4.826,0.0
2013-07-19,4.78,4.78,4.78,4.78,0.0
2013-07-22,4.756,4.756,4.756,4.756,0.0
2013-07-23,4.732,4.732,4.732,4.732,0.0
2013-07-24,4.751,4.751,4.751,4.751,0.0
2013-07-25,4.771,4.771,4.771,4.771,0.0
2013-07-26,4.736,4.736,4.736,4.736,50.0
2013-07-29,4.736,4.736,4.736,4.736,8.0
2013-07-30,4.703,4.703,4.703,4.703,0.0
2013-07-31,4.721,4.721,4.721,4.721,0.0
2013-08-01,4.712,4.712,4.712,4.712,25.0
2013-08-02,4.697,4.697,4.697,4.697,0.0
2013-08-05,4.702,4.702,4.702,4.702,0.0
2013-08-06,4.68,4.68,4.68,4.68,0.0
2013-08-07,4.673,4.673,4.673,4.673,0.0
2013-08-08,4.687,4.687,4.687,4.687,0.0
2013-08-09,4.65,4.65,4.65,4.65,0.0
2013-08-12,4.632,4.632,4.632,4.632,0.0
2013-08-13,4.623,4.623,4.623,4.623,0.0
2013-08-14,4.605,4.605,4.605,4.605,0.0
2013-08-15,4.638,4.638,4.638,4.638,0.0
2013-08-16,4.617,4.617,4.617,4.617,0.0
2013-08-19,4.631,4.631,4.631,4.631,0.0
2013-08-20,4.619,4.619,4.619,4.619,0.0
2013-08-21,4.619,4.619,4.594,4.594,1.0
2013-08-22,4.631,4.631,4.631,4.631,0.0
2013-08-23,4.617,4.617,4.599,4.599,2.0
2013-08-26,4.594,4.594,4.594,4.594,0.0
2013-08-27,4.589,4.589,4.589,4.589,0.0
2013-08-28,4.59,4.59,4.59,4.59,0.0
2013-08-29,4.6,4.6,4.6,4.6,0.0
2013-08-30,4.612,4.612,4.612,4.612,0.0
2013-09-03,4.621,4.621,4.621,4.621,0.0
2013-09-04,4.603,4.603,4.603,4.603,0.0
2013-09-05,4.564,4.564,4.564,4.564,0.0
2013-09-06,4.551,4.551,4.551,4.551,0.0
2013-09-09,4.57,4.57,4.546,4.546,1.0
2013-09-10,4.548,4.548,4.548,4.548,0.0
2013-09-11,4.54,4.54,4.54,4.54,0.0
2013-09-12,4.529,4.529,4.529,4.529,0.0
2013-09-13,4.525,4.552,4.525,4.552,2.0
2013-09-16,4.554,4.554,4.554,4.554,0.0
2013-09-17,4.529,4.529,4.529,4.529,0.0
2013-09-18,4.567,4.567,4.567,4.567,0.0
2013-09-19,4.597,4.597,4.597,4.597,0.0
2013-09-20,4.64,4.64,4.583,4.583,1.0
2013-09-23,4.542,4.542,4.542,4.542,0.0
2013-09-24,4.532,4.532,4.507,4.507,7.0
2013-09-25,4.502,4.502,4.502,4.502,0.0
2013-09-26,4.568,4.568,4.568,4.568,0.0
2013-09-27,4.578,4.578,4.578,4.578,0.0
2013-09-30,4.528,4.528,4.528,4.528,0.0
2013-10-01,4.54,4.548,4.54,4.548,1.0
2013-10-02,4.507,4.507,4.507,4.507,0.0
2013-10-03,4.498,4.498,4.498,4.498,0.0
2013-10-04,4.515,4.515,4.515,4.515,0.0
2013-10-07,4.539,4.539,4.539,4.539,0.0
2013-10-08,4.558,4.558,4.558,4.558,0.0
2013-10-09,4.546,4.546,4.546,4.546,0.0
2013-10-10,4.551,4.551,4.551,4.551,0.0
2013-10-11,4.536,4.536,4.536,4.536,0.0
2013-10-14,4.553,4.553,4.553,4.553,0.0
2013-10-15,4.53,4.53,4.53,4.53,0.0
2013-10-16,4.502,4.502,4.502,4.502,0.0
2013-10-17,4.521,4.521,4.521,4.521,0.0
2013-10-18,4.532,4.532,4.532,4.532,0.0
2013-10-21,4.512,4.512,4.512,4.512,0.0
2013-10-22,4.49,4.49,4.49,4.49,0.0
2013-10-23,4.496,4.496,4.496,4.496,0.0
2013-10-24,4.518,4.518,4.518,4.518,0.0
2013-10-25,4.549,4.549,4.549,4.549,0.0
2013-10-28,4.487,4.487,4.487,4.487,0.0
2013-10-29,4.488,4.488,4.488,4.488,0.0
2013-10-30,4.474,4.474,4.474,4.474,0.0
2013-10-31,4.433,4.433,4.433,4.433,40.0
2013-11-01,4.388,4.388,4.388,4.388,0.0
2013-11-04,4.354,4.354,4.354,4.354,0.0
2013-11-05,4.36,4.36,4.36,4.36,0.0
2013-11-06,4.365,4.365,4.365,4.365,0.0
2013-11-07,4.356,4.356,4.356,4.356,0.0
2013-11-08,4.366,4.366,4.366,4.366,0.0
2013-11-11,4.38,4.38,4.38,4.38,3.0
2013-11-12,4.367,4.367,4.367,4.367,0.0
2013-11-13,4.351,4.351,4.351,4.351,0.0
2013-11-14,4.35,4.35,4.35,4.35,0.0
2013-11-15,4.341,4.341,4.341,4.341,0.0
2013-11-18,4.345,4.345,4.345,4.345,0.0
2013-11-19,4.307,4.307,4.307,4.307,0.0
2013-11-20,4.35,4.35,4.35,4.35,0.0
2013-11-21,4.342,4.342,4.342,4.342,0.0
2013-11-22,4.351,4.351,4.351,4.351,0.0
2013-11-25,4.362,4.362,4.362,4.362,0.0
2013-11-26,4.368,4.368,4.368,4.368,0.0
2013-11-27,4.368,4.368,4.368,4.368,0.0
2013-11-29,4.373,4.373,4.373,4.373,0.0
2013-12-02,4.435,4.435,4.435,4.435,1.0
2013-12-03,4.468,4.468,4.468,4.468,0.0
2013-12-04,4.505,4.505,4.505,4.505,0.0
2013-12-05,4.51,4.51,4.497,4.497,3.0
2013-12-06,4.503,4.503,4.503,4.503,0.0
2013-12-09,4.484,4.484,4.484,4.484,4.0
2013-12-10,4.459,4.459,4.459,4.459,2.0
2013-12-11,4.431,4.431,4.431,4.431,0.0
2013-12-12,4.376,4.376,4.376,4.376,0.0
2013-12-13,4.378,4.378,4.378,4.378,0.0
2013-12-16,4.425,4.425,4.425,4.425,0.0
2013-12-17,4.39,4.39,4.39,4.39,0.0
2013-12-18,4.357,4.357,4.357,4.357,0.0
2013-12-19,4.378,4.378,4.378,4.378,0.0
2013-12-20,4.329,4.329,4.329,4.329,0.0
2013-12-23,4.314,4.314,4.314,4.314,0.0
2013-12-24,4.341,4.341,4.341,4.341,0.0
2013-12-26,4.338,4.338,4.338,4.338,0.0
2013-12-27,4.35,4.35,4.35,4.35,0.0
2013-12-30,4.335,4.335,4.335,4.335,1.0
2013-12-31,4.33,4.33,4.33,4.33,0.0
2014-01-02,4.345,4.345,4.345,4.345,0.0
2014-01-03,4.36,4.36,4.36,4.36,0.0
2014-01-06,4.37,4.37,4.37,4.37,0.0
2014-01-07,4.373,4.373,4.373,4.373,0.0
2014-01-08,4.324,4.324,4.324,4.324,0.0
2014-01-09,4.27,4.27,4.27,4.27,5.0
2014-01-10,4.3,4.3,4.3,4.3,0.0
2014-01-13,4.319,4.319,4.319,4.319,35.0
2014-01-14,4.316,4.316,4.316,4.316,0.0
2014-01-15,4.318,4.318,4.318,4.318,0.0
2014-01-16,4.308,4.308,4.308,4.308,0.0
2014-01-17,4.298,4.298,4.298,4.298,0.0
2014-01-21,4.341,4.341,4.341,4.341,0.0
2014-01-22,4.341,4.341,4.341,4.341,0.0
2014-01-23,4.37,4.37,4.335,4.335,1.0
2014-01-24,4.318,4.318,4.318,4.318,0.0
2014-01-27,4.372,4.372,4.372,4.372,0.0
2014-01-28,4.349,4.349,4.349,4.349,0.0
2014-01-29,4.345,4.345,4.345,4.345,0.0
2014-01-30,4.321,4.321,4.321,4.321,0.0
2014-01-31,4.326,4.326,4.326,4.326,0.0
2014-02-03,4.369,4.369,4.369,4.369,0.0
2014-02-04,4.376,4.376,4.376,4.376,0.0
2014-02-05,4.35,4.35,4.35,4.35,0.0
2014-02-06,4.323,4.323,4.323,4.323,0.0
2014-02-07,4.315,4.315,4.315,4.315,0.0
2014-02-10,4.302,4.302,4.302,4.302,0.0
2014-02-11,4.274,4.274,4.274,4.274,0.0
2014-02-12,4.265,4.265,4.265,4.265,0.0
2014-02-13,4.266,4.266,4.266,4.266,30.0
2014-02-14,4.286,4.286,4.286,4.286,0.0
2014-02-18,4.304,4.304,4.304,4.304,0.0
2014-02-19,4.319,4.319,4.319,4.319,0.0
2014-02-20,4.356,4.356,4.356,4.356,0.0
2014-02-21,4.371,4.371,4.371,4.371,0.0
2014-02-24,4.383,4.383,4.383,4.383,0.0
2014-02-25,4.397,4.397,4.397,4.397,0.0
2014-02-26,4.404,4.404,4.404,4.404,0.0
2014-02-27,4.351,4.351,4.351,4.351,0.0
2014-02-28,4.357,4.357,4.357,4.357,0.0
2014-03-03,4.37,4.37,4.355,4.355,1.0
2014-03-04,4.371,4.371,4.371,4.371,0.0
2014-03-05,4.388,4.388,4.388,4.388,0.0
2014-03-06,4.454,4.454,4.454,4.454,11.0
2014-03-07,4.437,4.437,4.437,4.437,10.0
2014-03-10,4.452,4.452,4.452,4.452,0.0
2014-03-11,4.472,4.472,4.472,4.472,0.0
2014-03-12,4.459,4.459,4.459,4.459,0.0
2014-03-13,4.459,4.459,4.459,4.459,0.0
2014-03-14,4.489,4.489,4.489,4.489,5.0
2014-03-17,4.471,4.471,4.471,4.471,0.0
2014-03-18,4.431,4.431,4.431,4.431,0.0
2014-03-19,4.457,4.457,4.457,4.457,0.0
2014-03-20,4.465,4.465,4.465,4.465,25.0
2014-03-21,4.455,4.455,4.455,4.455,0.0
2014-03-24,4.461,4.461,4.461,4.461,25.0
2014-03-25,4.484,4.484,4.484,4.484,0.0
2014-03-26,4.498,4.498,4.498,4.498,0.0
2014-03-27,4.495,4.495,4.495,4.495,2.0
2014-03-28,4.472,4.472,4.472,4.472,0.0
2014-03-31,4.467,4.467,4.467,4.467,0.0
2014-04-01,4.42,4.426,4.42,4.426,2.0
2014-04-02,4.451,4.451,4.451,4.451,0.0
2014-04-03,4.494,4.494,4.494,4.494,0.0
2014-04-04,4.494,4.494,4.494,4.494,0.0
2014-04-07,4.509,4.509,4.509,4.509,0.0
2014-04-08,4.527,4.527,4.527,4.527,0.0
2014-04-09,4.557,4.557,4.557,4.557,0.0
2014-04-10,4.575,4.575,4.575,4.575,0.0
2014-04-11,4.578,4.578,4.578,4.578,0.0
2014-04-14,4.571,4.571,4.571,4.571,0.0
2014-04-15,4.568,4.568,4.568,4.568,0.0
2014-04-16,4.573,4.573,4.573,4.573,0.0
2014-04-17,4.574,4.574,4.574,4.574,0.0
2014-04-21,4.561,4.561,4.561,4.561,0.0
2014-04-22,4.565,4.567,4.565,4.567,2.0
2014-04-23,4.56,4.56,4.56,4.56,0.0
2014-04-24,4.589,4.589,4.589,4.589,0.0
2014-04-25,4.578,4.578,4.578,4.578,0.0
2014-04-28,4.597,4.597,4.597,4.597,0.0
2014-04-29,4.665,4.665,4.665,4.665,0.0
2014-04-30,4.671,4.671,4.671,4.671,0.0
2014-05-01,4.675,4.675,4.675,4.675,0.0
2014-05-02,4.668,4.668,4.668,4.668,0.0
2014-05-05,4.664,4.664,4.664,4.664,0.0
2014-05-06,4.68,4.68,4.68,4.68,0.0
2014-05-07,4.683,4.683,4.683,4.683,0.0
2014-05-08,4.668,4.668,4.668,4.668,0.0
2014-05-09,4.668,4.668,4.668,4.668,0.0
2014-05-12,4.638,4.638,4.638,4.638,0.0
2014-05-13,4.623,4.623,4.623,4.623,0.0
2014-05-14,4.656,4.656,4.656,4.656,0.0
2014-05-15,4.65,4.65,4.65,4.65,0.0
2014-05-16,4.63,4.63,4.63,4.63,0.0
2014-05-19,4.631,4.631,4.631,4.631,0.0
2014-05-20,4.641,4.641,4.641,4.641,0.0
2014-05-21,4.641,4.641,4.641,4.641,0.0
2014-05-22,4.619,4.619,4.619,4.619,0.0
2014-05-23,4.645,4.645,4.645,4.645,0.0
2014-05-27,4.678,4.678,4.678,4.678,0.0
2014-05-28,4.674,4.674,4.674,4.674,0.0
2014-05-29,4.667,4.667,4.667,4.667,0.0
2014-05-30,4.658,4.658,4.658,4.658,0.0
2014-06-02,4.695,4.695,4.695,4.695,0.0
2014-06-03,4.678,4.678,4.678,4.678,0.0
2014-06-04,4.673,4.673,4.673,4.673,0.0
2014-06-05,4.693,4.693,4.693,4.693,0.0
2014-06-06,4.707,4.707,4.707,4.707,0.0
2014-06-09,4.682,4.682,4.682,4.682,0.0
2014-06-10,4.72,4.72,4.72,4.72,0.0
2014-06-11,4.723,4.723,4.723,4.723,0.0
2014-06-12,4.739,4.739,4.739,4.739,0.0
2014-06-13,4.761,4.761,4.761,4.761,0.0
2014-06-16,4.76,4.76,4.76,4.76,0.0
2014-06-17,4.78,4.78,4.78,4.78,0.0
2014-06-18,4.778,4.778,4.778,4.778,0.0
2014-06-19,4.762,4.762,4.762,4.762,0.0
2014-06-20,4.725,4.725,4.725,4.725,0.0
2014-06-23,4.695,4.695,4.695,4.695,50.0
2014-06-24,4.698,4.698,4.698,4.698,0.0
2014-06-25,4.714,4.714,4.714,4.714,0.0
2014-06-26,4.649,4.649,4.649,4.649,0.0
2014-06-27,4.652,4.652,4.652,4.652,0.0
2014-06-30,4.673,4.673,4.673,4.673,0.0
2014-07-01,4.689,4.689,4.689,4.689,0.0
2014-07-02,4.658,4.658,4.658,4.658,0.0
2014-07-03,4.655,4.655,4.655,4.655,0.0
2014-07-07,4.624,4.624,4.624,4.624,0.0
2014-07-08,4.604,4.604,4.604,4.604,0.0
2014-07-09,4.586,4.586,4.586,4.586,0.0
2014-07-10,4.562,4.562,4.562,4.562,0.0
2014-07-11,4.564,4.564,4.564,4.564,0.0
2014-07-14,4.558,4.558,4.558,4.558,0.0
2014-07-15,4.554,4.554,4.554,4.554,0.0
2014-07-16,4.569,4.569,4.569,4.569,20.0
2014-07-17,4.527,4.527,4.527,4.527,0.0
2014-07-18,4.554,4.554,4.554,4.554,0.0
2014-07-21,4.532,4.532,4.532,4.532,0.0
2014-07-22,4.497,4.497,4.497,4.497,0.0
2014-07-23,4.474,4.474,4.474,4.474,0.0
2014-07-24,4.481,4.481,4.481,4.481,0.0
2014-07-25,4.468,4.468,4.468,4.468,50.0
2014-07-28,4.457,4.457,4.457,4.457,0.0
2014-07-29,4.455,4.455,4.455,4.455,0.0
2014-07-30,4.46,4.46,4.46,4.46,0.0
2014-07-31,4.486,4.486,4.486,4.486,0.0
2014-08-01,4.488,4.488,4.488,4.488,0.0
2014-08-04,4.497,4.497,4.497,4.497,0.0
2014-08-05,4.505,4.505,4.505,4.505,0.0
2014-08-06,4.515,4.515,4.515,4.515,0.0
2014-08-07,4.512,4.512,4.512,4.512,0.0
2014-08-08,4.529,4.529,4.529,4.529,0.0
2014-08-11,4.512,4.512,4.512,4.512,0.0
2014-08-12,4.509,4.509,4.509,4.509,0.0
2014-08-13,4.479,4.479,4.479,4.479,0.0
2014-08-14,4.495,4.495,4.495,4.495,0.0
2014-08-15,4.463,4.463,4.463,4.463,0.0
2014-08-18,4.458,4.458,4.458,4.458,0.0
2014-08-19,4.469,4.469,4.469,4.469,0.0
2014-08-20,4.459,4.459,4.459,4.459,0.0
2014-08-21,4.469,4.469,4.469,4.469,0.0
2014-08-22,4.457,4.457,4.457,4.457,0.0
2014-08-25,4.477,4.477,4.477,4.477,0.0
2014-08-26,4.466,4.466,4.466,4.466,0.0
2014-08-27,4.488,4.488,4.488,4.488,0.0
2014-08-28,4.489,4.489,4.489,4.489,2.0
2014-08-29,4.484,4.484,4.484,4.484,0.0
2014-09-02,4.446,4.446,4.446,4.446,0.0
2014-09-03,4.452,4.452,4.452,4.452,0.0
2014-09-04,4.458,4.458,4.458,4.458,0.0
2014-09-05,4.444,4.444,4.444,4.444,0.0
2014-09-08,4.455,4.455,4.455,4.455,0.0
2014-09-09,4.457,4.457,4.457,4.457,0.0
2014-09-10,4.482,4.482,4.482,4.482,0.0
2014-09-11,4.475,4.475,4.472,4.472,1.0
2014-09-12,4.466,4.466,4.466,4.466,0.0
2014-09-15,4.48,4.48,4.48,4.48,0.0
2014-09-16,4.493,4.493,4.493,4.493,0.0
2014-09-17,4.496,4.496,4.496,4.496,0.0
2014-09-18,4.477,4.477,4.477,4.477,0.0
2014-09-19,4.469,4.469,4.469,4.469,0.0
2014-09-22,4.472,4.472,4.472,4.472,0.0
2014-09-23,4.455,4.455,4.455,4.455,0.0
2014-09-24,4.47,4.478,4.47,4.478,12.0
2014-09-25,4.45,4.474,4.45,4.474,6.0
2014-09-26,4.465,4.465,4.465,4.465,0.0
2014-09-29,4.465,4.472,4.465,4.472,1.0
2014-09-30,4.457,4.457,4.457,4.457,0.0
2014-10-01,4.43,4.43,4.43,4.43,0.0
2014-10-02,4.425,4.425,4.425,4.425,0.0
2014-10-03,4.411,4.411,4.411,4.411,0.0
2014-10-06,4.391,4.391,4.391,4.391,0.0
2014-10-07,4.389,4.389,4.389,4.389,0.0
2014-10-08,4.377,4.377,4.377,4.377,0.0
2014-10-09,4.387,4.387,4.387,4.387,0.0
2014-10-10,4.381,4.381,4.381,4.381,8.0
2014-10-13,4.391,4.391,4.391,4.391,0.0
2014-10-14,4.381,4.381,4.381,4.381,0.0
2014-10-15,4.376,4.376,4.376,4.376,0.0
2014-10-16,4.373,4.373,4.373,4.373,0.0
2014-10-17,4.381,4.381,4.381,4.381,0.0
2014-10-20,4.356,4.356,4.356,4.356,0.0
2014-10-21,4.348,4.348,4.348,4.348,8.0
2014-10-22,4.326,4.326,4.326,4.326,0.0
2014-10-23,4.319,4.319,4.319,4.319,0.0
2014-10-24,4.302,4.302,4.302,4.302,0.0
2014-10-27,4.286,4.286,4.286,4.286,0.0
2014-10-28,4.296,4.296,4.296,4.296,40.0
2014-10-29,4.302,4.302,4.302,4.302,8.0
2014-10-30,4.303,4.303,4.303,4.303,0.0
2014-10-31,4.31,4.31,4.31,4.31,0.0
2014-11-03,4.326,4.326,4.326,4.326,0.0
2014-11-04,4.321,4.321,4.321,4.321,0.0
2014-11-05,4.292,4.292,4.292,4.292,0.0
2014-11-06,4.269,4.269,4.269,4.269,0.0
2014-11-07,4.267,4.267,4.267,4.267,0.0
2014-11-10,4.256,4.256,4.256,4.256,0.0
2014-11-11,4.273,4.273,4.273,4.273,0.0
2014-11-12,4.283,4.283,4.283,4.283,0.0
2014-11-13,4.243,4.243,4.243,4.243,0.0
2014-11-14,4.271,4.271,4.271,4.271,5.0
2014-11-17,4.288,4.288,4.288,4.288,0.0
2014-11-18,4.256,4.265,4.256,4.265,3.0
2014-11-19,4.256,4.256,4.256,4.256,3.0
2014-11-20,4.253,4.253,4.253,4.253,0.0
2014-11-21,4.244,4.244,4.244,4.244,0.0
2014-11-24,4.293,4.293,4.293,4.293,0.0
2014-11-25,4.28,4.28,4.28,4.28,0.0
2014-11-26,4.266,4.266,4.266,4.266,0.0
2014-11-28,4.271,4.271,4.271,4.271,0.0
2014-12-01,4.309,4.309,4.309,4.309,0.0
2014-12-02,4.286,4.286,4.286,4.286,0.0
2014-12-03,4.263,4.263,4.263,4.263,0.0
2014-12-04,4.238,4.238,4.238,4.238,0.0
2014-12-05,4.287,4.287,4.287,4.287,0.0
2014-12-08,4.283,4.283,4.283,4.283,11.0
2014-12-09,4.305,4.305,4.305,4.305,0.0
2014-12-10,4.307,4.307,4.307,4.307,0.0
2014-12-11,4.287,4.287,4.287,4.287,0.0
2014-12-12,4.301,4.301,4.301,4.301,0.0
2014-12-15,4.274,4.274,4.274,4.274,0.0
2014-12-16,4.238,4.238,4.238,4.238,0.0
2014-12-17,4.265,4.265,4.265,4.265,4.0
2014-12-18,4.246,4.246,4.246,4.246,0.0
2014-12-19,4.191,4.191,4.191,4.191,0.0
2014-12-22,4.146,4.146,4.146,4.146,8.0
2014-12-23,4.136,4.136,4.136,4.136,0.0
2014-12-24,4.123,4.123,4.123,4.123,0.0
2014-12-26,4.12,4.12,4.12,4.12,0.0
2014-12-29,4.132,4.132,4.132,4.132,0.0
2014-12-30,4.109,4.109,4.109,4.109,1.0
2014-12-31,4.075,4.075,4.056,4.056,1.0
2015-01-02,4.046,4.046,4.046,4.046,0.0
2015-01-05,4.016,4.016,4.016,4.016,1.0
2015-01-06,3.986,3.986,3.986,3.986,1.0
2015-01-07,3.959,3.959,3.959,3.959,0.0
2015-01-08,3.958,3.958,3.958,3.958,0.0
2015-01-09,3.957,3.957,3.957,3.957,1.0
2015-01-12,3.901,3.901,3.901,3.901,0.0
2015-01-13,3.923,3.923,3.923,3.923,1.0
2015-01-14,3.892,3.892,3.892,3.892,0.0
2015-01-15,3.82,3.82,3.82,3.82,0.0
2015-01-16,3.828,3.828,3.828,3.828,0.0
2015-01-20,3.797,3.797,3.797,3.797,0.0
2015-01-21,3.835,3.836,3.835,3.836,7.0
2015-01-22,3.838,3.838,3.838,3.838,0.0
2015-01-23,3.847,3.847,3.847,3.847,0.0
2015-01-26,3.853,3.853,3.853,3.853,0.0
2015-01-27,3.866,3.866,3.866,3.866,0.0
2015-01-28,3.865,3.865,3.862,3.862,1.0
2015-01-29,3.86,3.86,3.832,3.832,3.0
2015-01-30,3.826,3.826,3.826,3.826,0.0
2015-02-02,3.789,3.789,3.789,3.789,0.0
2015-02-03,3.82,3.82,3.814,3.814,1.0
2015-02-04,3.804,3.804,3.804,3.804,0.0
2015-02-05,3.762,3.762,3.762,3.762,0.0
2015-02-06,3.794,3.794,3.794,3.794,0.0
2015-02-09,3.81,3.81,3.802,3.802,1.0
2015-02-10,3.826,3.826,3.826,3.826,0.0
2015-02-11,3.856,3.856,3.841,3.841,2.0
2015-02-12,3.841,3.842,3.841,3.842,1.0
2015-02-13,3.886,3.886,3.877,3.877,6.0
2015-02-17,3.815,3.815,3.815,3.815,0.0
2015-02-18,3.821,3.821,3.821,3.821,0.0
2015-02-19,3.795,3.795,3.795,3.795,0.0
2015-02-20,3.795,3.795,3.795,3.795,0.0
2015-02-23,3.795,3.795,3.764,3.764,21.0
2015-02-24,3.79,3.79,3.764,3.764,1.0
2015-02-25,3.77,3.77,3.77,3.77,10.0
2015-02-26,3.743,3.743,3.743,3.743,0.0
2015-02-27,3.76,3.76,3.744,3.744,1.0
2015-03-02,3.741,3.741,3.741,3.741,0.0
2015-03-03,3.744,3.747,3.744,3.747,2.0
2015-03-04,3.741,3.741,3.741,3.741,0.0
2015-03-05,3.733,3.733,3.733,3.733,0.0
2015-03-06,3.733,3.733,3.733,3.733,0.0
2015-03-09,3.698,3.698,3.692,3.692,1.0
2015-03-10,3.696,3.696,3.696,3.696,0.0
2015-03-11,3.699,3.699,3.699,3.699,0.0
2015-03-12,3.685,3.69,3.668,3.668,5.0
2015-03-13,3.66,3.664,3.66,3.664,3.0
2015-03-16,3.66,3.66,3.66,3.66,0.0
2015-03-17,3.665,3.665,3.665,3.665,0.0
2015-03-18,3.687,3.687,3.687,3.687,0.0
2015-03-19,3.672,3.672,3.672,3.672,0.0
2015-03-20,3.66,3.66,3.66,3.66,0.0
2015-03-23,3.661,3.661,3.661,3.661,0.0
2015-03-24,3.665,3.668,3.665,3.668,2.0
2015-03-25,3.663,3.663,3.631,3.631,2.0
2015-03-26,3.622,3.622,3.622,3.622,0.0
2015-03-27,3.597,3.597,3.597,3.597,24.0
2015-03-30,3.605,3.605,3.585,3.585,1.0
2015-03-31,3.597,3.597,3.597,3.597,0.0
2015-04-01,3.602,3.602,3.586,3.586,1.0
2015-04-02,3.621,3.621,3.621,3.621,0.0
2015-04-06,3.611,3.611,3.606,3.606,1.0
2015-04-07,3.625,3.625,3.625,3.625,0.0
2015-04-08,3.617,3.617,3.617,3.617,0.0
2015-04-09,3.617,3.617,3.61,3.61,1.0
2015-04-10,3.6,3.6,3.6,3.6,0.0
2015-04-13,3.59,3.59,3.59,3.59,0.0
2015-04-14,3.59,3.59,3.59,3.59,0.0
2015-04-15,3.635,3.635,3.616,3.616,2.0
2015-04-16,3.616,3.645,3.616,3.644,2.0
2015-04-17,3.64,3.64,3.624,3.624,4.0
2015-04-20,3.597,3.597,3.597,3.597,0.0
2015-04-21,3.61,3.61,3.61,3.61,0.0
2015-04-22,3.65,3.65,3.624,3.624,1.0
2015-04-23,3.586,3.586,3.586,3.586,0.0
2015-04-24,3.584,3.584,3.584,3.584,0.0
2015-04-27,3.564,3.564,3.564,3.564,0.0
2015-04-28,3.564,3.564,3.564,3.564,12.0
2015-04-29,3.574,3.574,3.574,3.574,0.0
2015-04-30,3.581,3.589,3.581,3.589,1.0
2015-05-01,3.599,3.599,3.599,3.599,0.0
2015-05-04,3.611,3.611,3.611,3.611,0.0
2015-05-05,3.614,3.614,3.607,3.607,1.0
2015-05-06,3.607,3.615,3.607,3.615,1.0
2015-05-07,3.613,3.613,3.613,3.613,0.0
2015-05-08,3.638,3.638,3.638,3.638,0.0
2015-05-11,3.605,3.605,3.605,3.605,0.0
2015-05-12,3.6,3.6,3.6,3.6,0.0
2015-05-13,3.609,3.609,3.609,3.609,0.0
2015-05-14,3.616,3.616,3.616,3.616,0.0
2015-05-15,3.603,3.603,3.603,3.603,0.0
2015-05-18,3.608,3.608,3.608,3.608,0.0
2015-05-19,3.602,3.602,3.601,3.601,1.0
2015-05-20,3.6,3.6,3.6,3.6,0.0
2015-05-21,3.594,3.594,3.594,3.594,0.0
2015-05-22,3.583,3.583,3.583,3.583,0.0
2015-05-26,3.584,3.584,3.584,3.584,0.0
2015-05-27,3.607,3.607,3.579,3.579,13.0
2015-05-28,3.564,3.564,3.564,3.564,0.0
2015-05-29,3.551,3.551,3.551,3.551,0.0
2015-06-01,3.55,3.55,3.55,3.55,0.0
2015-06-02,3.555,3.555,3.555,3.555,0.0
2015-06-03,3.538,3.538,3.538,3.538,0.0
2015-06-04,3.511,3.511,3.511,3.511,0.0
2015-06-05,3.482,3.482,3.482,3.482,0.0
2015-06-08,3.511,3.515,3.511,3.515,6.0
2015-06-09,3.545,3.545,3.545,3.545,0.0
2015-06-10,3.566,3.566,3.566,3.566,5.0
2015-06-11,3.571,3.571,3.571,3.571,0.0
2015-06-12,3.572,3.572,3.572,3.572,0.0
2015-06-15,3.585,3.585,3.585,3.585,0.0
2015-06-16,3.592,3.592,3.592,3.592,0.0
2015-06-17,3.596,3.596,3.589,3.589,1.0
2015-06-18,3.562,3.562,3.562,3.562,0.0
2015-06-19,3.581,3.581,3.581,3.581,0.0
2015-06-22,3.587,3.587,3.561,3.561,1.0
2015-06-23,3.568,3.568,3.568,3.568,40.0
2015-06-24,3.574,3.574,3.574,3.574,0.0
2015-06-25,3.582,3.582,3.582,3.582,0.0
2015-06-26,3.58,3.58,3.575,3.575,13.0
2015-06-29,3.585,3.585,3.585,3.585,0.0
2015-06-30,3.597,3.597,3.597,3.597,0.0
2015-07-01,3.603,3.603,3.585,3.595,2.0
2015-07-02,3.602,3.602,3.602,3.602,0.0
2015-07-06,3.559,3.559,3.559,3.559,10.0
2015-07-07,3.546,3.546,3.546,3.546,20.0
2015-07-08,3.559,3.559,3.559,3.559,0.0
2015-07-09,3.565,3.565,3.565,3.565,0.0
2015-07-10,3.581,3.581,3.581,3.581,0.0
2015-07-13,3.59,3.59,3.59,3.59,0.0
2015-07-14,3.579,3.579,3.579,3.579,0.0
2015-07-15,3.586,3.586,3.586,3.586,0.0
2015-07-16,3.561,3.561,3.561,3.561,10.0
2015-07-17,3.566,3.566,3.566,3.566,0.0
2015-07-20,3.555,3.555,3.555,3.555,0.0
2015-07-21,3.56,3.56,3.56,3.56,0.0
2015-07-22,3.563,3.563,3.563,3.563,0.0
2015-07-23,3.536,3.536,3.536,3.536,10.0
2015-07-24,3.53,3.53,3.53,3.53,10.0
2015-07-27,3.551,3.551,3.551,3.551,0.0
2015-07-28,3.551,3.551,3.55,3.55,1.0
2015-07-29,3.547,3.547,3.547,3.547,0.0
2015-07-30,3.527,3.527,3.527,3.527,20.0
2015-07-31,3.495,3.495,3.495,3.495,10.0
2015-08-03,3.473,3.473,3.473,3.473,10.0
2015-08-04,3.449,3.449,3.449,3.449,10.0
2015-08-05,3.451,3.451,3.451,3.451,10.0
2015-08-06,3.46,3.46,3.46,3.46,0.0
2015-08-07,3.457,3.457,3.457,3.457,0.0
2015-08-10,3.459,3.46,3.459,3.46,1.0
2015-08-11,3.453,3.453,3.453,3.453,0.0
2015-08-12,3.471,3.471,3.471,3.471,10.0
2015-08-13,3.471,3.471,3.445,3.445,4.0
2015-08-14,3.46,3.46,3.454,3.454,11.0
2015-08-17,3.441,3.441,3.441,3.441,0.0
2015-08-18,3.427,3.427,3.427,3.427,0.0
2015-08-19,3.421,3.421,3.41,3.41,1.0
2015-08-20,3.407,3.407,3.407,3.407,0.0
2015-08-21,3.407,3.407,3.372,3.372,14.0
2015-08-24,3.321,3.321,3.321,3.321,70.0
2015-08-25,3.292,3.292,3.292,3.292,110.0
2015-08-26,3.311,3.311,3.311,3.311,0.0
2015-08-27,3.325,3.325,3.325,3.325,0.0
2015-08-28,3.344,3.344,3.344,3.344,0.0
2015-08-31,3.337,3.337,3.337,3.337,0.0
2015-09-01,3.348,3.349,3.348,3.349,1.0
2015-09-02,3.34,3.34,3.334,3.334,2.0
2015-09-03,3.339,3.339,3.339,3.339,0.0
2015-09-04,3.325,3.334,3.325,3.334,2.0
2015-09-08,3.35,3.35,3.35,3.35,0.0
2015-09-09,3.355,3.355,3.355,3.355,0.0
2015-09-10,3.363,3.363,3.363,3.363,5.0
2015-09-11,3.334,3.334,3.334,3.334,0.0
2015-09-14,3.349,3.349,3.349,3.349,0.0
2015-09-15,3.355,3.355,3.355,3.355,0.0
2015-09-16,3.327,3.327,3.327,3.327,3.0
2015-09-17,3.31,3.31,3.31,3.31,8.0
2015-09-18,3.298,3.298,3.284,3.284,1.0
2015-09-21,3.275,3.275,3.275,3.275,0.0
2015-09-22,3.269,3.269,3.269,3.269,0.0
2015-09-23,3.268,3.268,3.268,3.268,0.0
2015-09-24,3.314,3.314,3.314,3.314,0.0
2015-09-25,3.272,3.272,3.272,3.272,0.0
2015-09-28,3.269,3.269,3.269,3.269,0.0
2015-09-29,3.24,3.24,3.24,3.24,0.0
2015-09-30,3.24,3.24,3.208,3.208,5.0
2015-10-01,3.19,3.19,3.169,3.169,1.0
2015-10-02,3.175,3.185,3.175,3.185,1.0
2015-10-05,3.207,3.207,3.207,3.207,0.0
2015-10-06,3.215,3.216,3.215,3.216,2.0
2015-10-07,3.217,3.217,3.217,3.217,0.0
2015-10-08,3.232,3.232,3.232,3.232,5.0
2015-10-09,3.227,3.227,3.227,3.227,0.0
2015-10-12,3.238,3.238,3.238,3.238,0.0
2015-10-13,3.222,3.238,3.222,3.238,5.0
2015-10-14,3.249,3.249,3.249,3.249,0.0
2015-10-15,3.226,3.226,3.226,3.226,0.0
2015-10-16,3.226,3.226,3.226,3.226,1.0
2015-10-19,3.234,3.234,3.234,3.234,0.0
2015-10-20,3.254,3.254,3.245,3.245,2.0
2015-10-21,3.227,3.227,3.21,3.219,7.0
2015-10-22,3.209,3.209,3.209,3.209,200.0
2015-10-23,3.168,3.168,3.168,3.168,40.0
2015-10-26,3.123,3.123,3.1,3.104,74.0
2015-10-27,3.104,3.104,3.104,3.104,0.0
2015-10-28,3.08,3.095,3.08,3.085,10.0
2015-10-29,3.107,3.107,3.059,3.059,14.0
2015-10-30,3.06,3.08,3.06,3.08,219.0
2015-11-02,3.067,3.067,3.067,3.067,0.0
2015-11-03,3.088,3.088,3.088,3.088,22.0
2015-11-04,3.092,3.092,3.092,3.092,0.0
2015-11-05,3.11,3.11,3.11,3.11,9.0
2015-11-06,3.111,3.111,3.111,3.111,0.0
2015-11-09,3.092,3.092,3.092,3.092,0.0
2015-11-10,3.113,3.113,3.113,3.113,0.0
2015-11-11,3.112,3.112,3.112,3.112,10.0
2015-11-12,3.114,3.114,3.114,3.114,0.0
2015-11-13,3.127,3.134,3.127,3.134,1.0
2015-11-16,3.144,3.144,3.144,3.144,0.0
2015-11-17,3.132,3.132,3.132,3.132,0.0
2015-11-18,3.087,3.087,3.086,3.086,20.0
2015-11-19,3.08,3.08,3.042,3.042,2.0
2015-11-20,3.0,3.0,2.994,2.994,64.0
2015-11-23,3.027,3.027,3.027,3.027,0.0
2015-11-24,3.04,3.04,3.04,3.04,0.0
2015-11-25,3.02,3.047,3.02,3.047,55.0
2015-11-27,3.03,3.03,3.03,3.03,0.0
2015-11-30,3.035,3.035,3.035,3.035,0.0
2015-12-01,3.037,3.037,3.037,3.037,200.0
2015-12-02,3.036,3.036,3.036,3.036,100.0
2015-12-03,3.029,3.035,3.029,3.035,1.0
2015-12-04,3.028,3.028,3.028,3.028,0.0
2015-12-07,3.028,3.028,3.005,3.005,1.0
2015-12-08,3.005,3.005,3.005,3.005,0.0
2015-12-09,3.013,3.013,3.013,3.013,0.0
2015-12-10,3.01,3.01,3.01,3.01,2.0
2015-12-11,3.005,3.005,3.005,3.005,0.0
2015-12-14,2.954,2.954,2.95,2.95,2.0
2015-12-15,2.92,2.921,2.92,2.921,9.0
2015-12-16,2.956,2.956,2.956,2.956,2.0
2015-12-17,2.956,2.986,2.956,2.971,15.0
2015-12-18,2.983,2.983,2.979,2.979,29.0
2015-12-21,2.999,2.999,2.999,2.999,0.0
2015-12-22,2.977,2.977,2.977,2.977,0.0
2015-12-23,2.986,2.986,2.986,2.986,0.0
2015-12-24,2.996,2.996,2.991,2.991,2.0
2015-12-28,3.05,3.05,3.044,3.044,10.0
2015-12-29,3.05,3.05,3.049,3.049,1.0
2015-12-30,2.996,2.996,2.996,2.996,0.0
2015-12-31,3.025,3.025,3.025,3.025,0.0
2016-01-04,3.016,3.016,3.016,3.016,0.0
2016-01-05,3.012,3.012,3.012,3.012,0.0
2016-01-06,3.023,3.023,3.023,3.023,0.0
2016-01-07,3.066,3.066,3.066,3.066,0.0
2016-01-08,3.084,3.084,3.084,3.084,1.0
2016-01-11,3.055,3.055,3.024,3.034,2.0
2016-01-12,2.984,2.984,2.984,2.984,1.0
2016-01-13,2.985,2.985,2.985,2.985,0.0
2016-01-14,2.947,2.947,2.947,2.947,0.0
2016-01-15,2.936,2.936,2.936,2.936,0.0
2016-01-19,2.945,2.945,2.945,2.945,0.0
2016-01-20,2.969,2.969,2.969,2.969,1.0
2016-01-21,2.98,2.98,2.98,2.98,0.0
2016-01-22,2.99,2.99,2.98,2.985,20.0
2016-01-25,2.988,2.988,2.988,2.988,50.0
2016-01-26,3.0,3.0,2.965,2.965,223.0
2016-01-27,2.985,2.985,2.962,2.962,2.0
2016-01-28,2.972,2.972,2.972,2.972,0.0
2016-01-29,2.99,2.99,2.99,2.99,0.0
2016-02-01,2.96,2.96,2.953,2.953,11.0
2016-02-02,2.89,2.93,2.89,2.917,17.0
2016-02-03,2.94,2.94,2.94,2.94,5.0
2016-02-04,2.945,2.956,2.935,2.956,50.0
2016-02-05,2.97,2.973,2.97,2.973,55.0
2016-02-08,2.973,2.973,2.944,2.944,1.0
2016-02-09,2.93,2.93,2.93,2.93,5.0
2016-02-10,2.897,2.897,2.897,2.897,199.0
2016-02-11,2.873,2.873,2.873,2.873,0.0
2016-02-12,2.845,2.845,2.845,2.845,0.0
2016-02-16,2.84,2.84,2.81,2.817,19.0
2016-02-17,2.81,2.83,2.81,2.818,3.0
2016-02-18,2.8,2.8,2.787,2.787,2.0
2016-02-19,2.742,2.769,2.736,2.736,284.0
2016-02-22,2.73,2.73,2.694,2.694,12.0
2016-02-23,2.683,2.683,2.676,2.676,21.0
2016-02-24,2.683,2.683,2.683,2.683,40.0
2016-02-25,2.66,2.672,2.66,2.672,51.0
2016-02-26,2.664,2.72,2.664,2.702,19.0
2016-02-29,2.73,2.755,2.73,2.747,294.0
2016-03-01,2.799,2.799,2.799,2.799,107.0
2016-03-02,2.809,2.809,2.809,2.809,26.0
2016-03-03,2.806,2.825,2.806,2.825,60.0
2016-03-04,2.814,2.855,2.814,2.832,2.0
2016-03-07,2.842,2.842,2.831,2.837,253.0
2016-03-08,2.835,2.85,2.835,2.847,4.0
2016-03-09,2.875,2.875,2.875,2.875,7.0
2016-03-10,2.923,2.923,2.923,2.923,39.0
2016-03-11,2.94,2.949,2.929,2.929,12.0
2016-03-14,2.935,2.935,2.918,2.918,63.0
2016-03-15,2.93,2.93,2.906,2.912,3.0
2016-03-16,2.901,2.931,2.901,2.931,99.0
2016-03-17,2.939,3.045,2.939,2.941,182.0
2016-03-18,2.937,2.964,2.932,2.932,9.0
2016-03-21,2.922,2.922,2.917,2.921,20.0
2016-03-22,2.935,2.944,2.935,2.944,49.0
2016-03-23,2.945,2.953,2.945,2.951,39.0
2016-03-24,2.98,2.98,2.975,2.975,1.0
2016-03-28,3.03,3.03,3.008,3.008,62.0
2016-03-29,3.002,3.039,3.002,3.039,217.0
2016-03-30,3.035,3.037,3.02,3.036,26.0
2016-03-31,3.036,3.036,2.996,2.996,19.0
2016-04-01,2.98,2.993,2.98,2.993,51.0
2016-04-04,3.02,3.02,2.997,3.007,8.0
2016-04-05,2.982,3.001,2.982,3.001,51.0
2016-04-06,2.991,3.0,2.991,3.0,49.0
2016-04-07,3.02,3.022,3.02,3.022,65.0
2016-04-08,3.04,3.04,3.02,3.033,8.0
2016-04-11,3.021,3.021,3.021,3.021,0.0
2016-04-12,3.035,3.04,3.03,3.04,13.0
2016-04-13,3.03,3.042,3.03,3.042,5.0
2016-04-14,3.032,3.037,3.032,3.037,86.0
2016-04-15,3.017,3.023,3.017,3.023,29.0
2016-04-18,3.061,3.061,3.061,3.061,0.0
2016-04-19,3.08,3.083,3.078,3.083,18.0
2016-04-20,3.081,3.081,3.081,3.081,69.0
2016-04-21,3.107,3.108,3.107,3.108,53.0
2016-04-22,3.128,3.128,3.128,3.128,0.0
2016-04-25,3.145,3.145,3.145,3.145,30.0
2016-04-26,3.155,3.181,3.155,3.181,21.0
2016-04-27,3.207,3.207,3.207,3.207,1.0
2016-04-28,3.194,3.21,3.194,3.209,68.0
2016-04-29,3.211,3.211,3.204,3.209,6.0
2016-05-02,3.178,3.178,3.178,3.178,863.0
2016-05-03,3.18,3.182,3.177,3.182,354.0
2016-05-04,3.2,3.203,3.2,3.203,89.0
2016-05-05,3.212,3.212,3.212,3.212,114.0
2016-05-06,3.22,3.22,3.184,3.184,136.0
2016-05-09,3.168,3.168,3.168,3.168,124.0
2016-05-10,3.15,3.156,3.15,3.156,3.0
2016-05-11,3.153,3.153,3.153,3.153,50.0
2016-05-12,3.141,3.141,3.141,3.141,2.0
2016-05-13,3.125,3.131,3.116,3.116,281.0
2016-05-16,3.108,3.108,3.095,3.102,22.0
2016-05-17,3.085,3.088,3.073,3.082,109.0
2016-05-18,3.05,3.05,3.047,3.047,13.0
2016-05-19,3.035,3.08,3.032,3.08,92.0
2016-05-20,3.091,3.091,3.084,3.084,13.0
2016-05-23,3.102,3.102,3.102,3.102,21.0
2016-05-24,3.121,3.121,3.121,3.121,178.0
2016-05-25,3.148,3.176,3.148,3.176,25.0
2016-05-26,3.185,3.194,3.182,3.194,98.0
2016-05-27,3.203,3.203,3.203,3.203,0.0
2016-05-31,3.199,3.212,3.199,3.212,20.0
2016-06-01,3.203,3.203,3.203,3.203,118.0
2016-06-02,3.21,3.23,3.21,3.221,203.0
2016-06-03,3.222,3.222,3.222,3.222,226.0
2016-06-06,3.235,3.235,3.228,3.228,19.0
2016-06-07,3.249,3.259,3.249,3.259,1166.0
2016-06-08,3.249,3.26,3.249,3.26,68.0
2016-06-09,3.254,3.274,3.25,3.274,105.0
2016-06-10,3.25,3.254,3.25,3.254,82.0
2016-06-13,3.246,3.246,3.246,3.246,91.0
2016-06-14,3.234,3.235,3.22,3.22,49.0
2016-06-15,3.203,3.203,3.193,3.193,199.0
2016-06-16,3.203,3.203,3.192,3.192,27.0
2016-06-17,3.192,3.192,3.192,3.192,118.0
2016-06-20,3.215,3.222,3.206,3.222,120.0
2016-06-21,3.205,3.224,3.205,3.224,500.0
2016-06-22,3.237,3.237,3.191,3.215,202.0
2016-06-23,3.199,3.235,3.199,3.222,41.0
2016-06-24,3.215,3.219,3.215,3.219,25.0
2016-06-27,3.209,3.209,3.209,3.209,86.0
2016-06-28,3.224,3.25,3.224,3.25,89.0
2016-06-29,3.27,3.27,3.235,3.245,192.0
2016-06-30,3.27,3.278,3.27,3.276,166.0
2016-07-01,3.295,3.309,3.295,3.309,303.0
2016-07-05,3.276,3.276,3.258,3.265,1240.0
2016-07-06,3.251,3.291,3.251,3.291,1112.0
2016-07-07,3.281,3.281,3.281,3.281,259.0
2016-07-08,3.287,3.287,3.287,3.287,196.0
2016-07-11,3.288,3.29,3.278,3.288,122.0
2016-07-12,3.3,3.3,3.276,3.276,574.0
2016-07-13,3.271,3.278,3.265,3.278,658.0
2016-07-14,3.268,3.277,3.266,3.277,188.0
2016-07-15,3.265,3.271,3.261,3.271,586.0
2016-07-18,3.265,3.27,3.252,3.252,183.0
2016-07-19,3.239,3.241,3.232,3.232,148.0
2016-07-20,3.213,3.213,3.197,3.198,126.0
2016-07-21,3.214,3.214,3.214,3.214,63.0
2016-07-22,3.229,3.234,3.229,3.234,32.0
2016-07-25,3.245,3.249,3.241,3.249,129.0
2016-07-26,3.235,3.247,3.235,3.238,112.0
2016-07-27,3.229,3.229,3.229,3.229,509.0
2016-07-28,3.24,3.253,3.24,3.253,820.0
2016-07-29,3.249,3.271,3.249,3.268,340.0
2016-08-01,3.277,3.277,3.238,3.244,1922.0
2016-08-02,3.241,3.241,3.23,3.238,1125.0
2016-08-03,3.24,3.263,3.235,3.263,1215.0
2016-08-04,3.247,3.267,3.247,3.264,343.0
2016-08-05,3.253,3.253,3.244,3.244,1059.0
2016-08-08,3.231,3.247,3.222,3.247,465.0
2016-08-09,3.226,3.226,3.205,3.205,1752.0
2016-08-10,3.192,3.192,3.175,3.182,683.0
2016-08-11,3.169,3.177,3.169,3.177,964.0
2016-08-12,3.175,3.175,3.164,3.169,416.0
2016-08-15,3.181,3.181,3.172,3.172,54.0
2016-08-16,3.188,3.188,3.188,3.188,227.0
2016-08-17,3.186,3.186,3.186,3.186,301.0
2016-08-18,3.19,3.196,3.189,3.189,231.0
2016-08-19,3.16,3.165,3.157,3.157,1299.0
2016-08-22,3.156,3.156,3.156,3.156,741.0
2016-08-23,3.164,3.181,3.163,3.181,813.0
2016-08-24,3.203,3.214,3.2,3.214,1039.0
2016-08-25,3.211,3.218,3.203,3.213,772.0
2016-08-26,3.206,3.227,3.198,3.212,1016.0
2016-08-29,3.225,3.225,3.213,3.224,931.0
2016-08-30,3.231,3.231,3.191,3.207,2130.0
2016-08-31,3.209,3.228,3.209,3.228,279.0
2016-09-01,3.194,3.197,3.19,3.197,3012.0
2016-09-02,3.196,3.201,3.192,3.192,1749.0
2016-09-06,3.179,3.186,3.179,3.186,1606.0
2016-09-07,3.185,3.185,3.172,3.174,2613.0
2016-09-08,3.21,3.21,3.21,3.21,1183.0
2016-09-09,3.207,3.207,3.205,3.205,2183.0
2016-09-12,3.215,3.217,3.207,3.213,1445.0
2016-09-13,3.226,3.23,3.217,3.219,3786.0
2016-09-14,3.227,3.227,3.216,3.217,2000.0
2016-09-15,3.214,3.228,3.214,3.228,1083.0
2016-09-16,3.225,3.24,3.216,3.24,734.0
2016-09-19,3.242,3.247,3.239,3.247,406.0
2016-09-20,3.245,3.252,3.245,3.252,2573.0
2016-09-21,3.266,3.277,3.262,3.277,2372.0
2016-09-22,3.279,3.283,3.235,3.251,1531.0
2016-09-23,3.25,3.25,3.215,3.223,2345.0
2016-09-26,3.238,3.238,3.232,3.237,1101.0
2016-09-27,3.237,3.237,3.21,3.227,1335.0
2016-09-28,3.2,3.214,3.196,3.214,1589.0
2016-09-29,3.206,3.211,3.195,3.197,2245.0
2016-09-30,3.194,3.196,3.186,3.186,1695.0
2016-10-03,3.188,3.226,3.188,3.226,1937.0
2016-10-04,3.201,3.225,3.193,3.216,3007.0
2016-10-05,3.212,3.272,3.206,3.272,1799.0
2016-10-06,3.267,3.296,3.25,3.295,2804.0
2016-10-07,3.301,3.345,3.298,3.345,6374.0
2016-10-10,3.326,3.371,3.324,3.37,5076.0
2016-10-11,3.361,3.373,3.352,3.371,2705.0
2016-10-12,3.366,3.389,3.357,3.386,1570.0
2016-10-13,3.373,3.442,3.365,3.436,4388.0
2016-10-14,3.446,3.449,3.435,3.447,4140.0
2016-10-17,3.46,3.46,3.435,3.456,2513.0
2016-10-18,3.461,3.477,3.459,3.477,3619.0
2016-10-19,3.446,3.459,3.436,3.459,1972.0
2016-10-20,3.444,3.467,3.433,3.464,3441.0
2016-10-21,3.43,3.437,3.43,3.434,3564.0
2016-10-24,3.444,3.449,3.431,3.434,2748.0
2016-10-25,3.439,3.44,3.336,3.356,3677.0
2016-10-26,3.33,3.33,3.208,3.245,5876.0
2016-10-27,3.255,3.307,3.254,3.289,2948.0
2016-10-28,3.291,3.332,3.284,3.318,2849.0
2016-10-31,3.349,3.375,3.283,3.306,1035.0
2016-11-01,3.26,3.273,3.225,3.256,2814.0
2016-11-02,3.191,3.238,3.169,3.191,2989.0
2016-11-03,3.204,3.207,3.174,3.187,3431.0
2016-11-04,3.188,3.198,3.154,3.185,1671.0
2016-11-07,3.209,3.245,3.209,3.232,1380.0
2016-11-08,3.215,3.215,3.109,3.136,4804.0
2016-11-09,3.074,3.175,3.05,3.15,2363.0
2016-11-10,3.138,3.149,3.1,3.129,1099.0
2016-11-11,3.17,3.179,3.152,3.159,1670.0
2016-11-14,3.185,3.214,3.185,3.204,1817.0
2016-11-15,3.204,3.224,3.178,3.191,2054.0
2016-11-16,3.175,3.22,3.175,3.199,1214.0
2016-11-17,3.17,3.215,3.17,3.203,807.0
2016-11-18,3.227,3.24,3.227,3.235,1125.0
2016-11-21,3.277,3.292,3.273,3.29,1494.0
2016-11-22,3.306,3.306,3.277,3.278,1284.0
2016-11-23,3.282,3.329,3.278,3.326,3253.0
2016-11-25,3.334,3.37,3.333,3.37,2684.0
2016-11-28,3.394,3.42,3.384,3.41,9230.0
2016-11-29,3.421,3.421,3.386,3.405,5411.0
2016-11-30,3.401,3.406,3.371,3.384,5807.0
2016-12-01,3.397,3.44,3.397,3.436,3853.0
2016-12-02,3.447,3.452,3.402,3.422,5155.0
2016-12-05,3.469,3.503,3.467,3.503,4076.0
2016-12-06,3.47,3.537,3.451,3.472,6041.0
2016-12-07,3.487,3.512,3.426,3.457,5530.0
2016-12-08,3.429,3.484,3.429,3.48,2766.0
2016-12-09,3.485,3.494,3.456,3.492,2233.0
2016-12-12,3.461,3.475,3.418,3.447,4475.0
2016-12-13,3.462,3.462,3.429,3.443,1845.0
2016-12-14,3.451,3.503,3.451,3.496,5437.0
2016-12-15,3.49,3.53,3.436,3.467,3265.0
2016-12-16,3.414,3.459,3.414,3.457,1657.0
2016-12-19,3.442,3.501,3.425,3.49,3522.0
2016-12-20,3.438,3.444,3.38,3.38,3582.0
2016-12-21,3.462,3.49,3.429,3.482,1880.0
2016-12-22,3.485,3.5,3.463,3.5,2074.0
2016-12-23,3.484,3.555,3.484,3.542,1182.0
2016-12-27,3.583,3.611,3.57,3.592,2406.0
2016-12-28,3.58,3.651,3.571,3.648,5648.0
2016-12-29,3.622,3.658,3.619,3.634,5838.0
2016-12-30,3.647,3.647,3.596,3.616,3357.0
2017-01-03,3.5,3.509,3.42,3.437,5430.0
2017-01-04,3.437,3.461,3.36,3.379,4094.0
2017-01-05,3.391,3.411,3.339,3.39,8019.0
2017-01-06,3.38,3.445,3.358,3.426,6435.0
2017-01-09,3.41,3.41,3.328,3.337,6467.0
2017-01-10,3.397,3.454,3.381,3.453,5385.0
2017-01-11,3.44,3.5,3.425,3.434,4623.0
2017-01-12,3.502,3.564,3.485,3.543,6056.0
2017-01-13,3.56,3.575,3.53,3.573,4971.0
2017-01-17,3.59,3.615,3.551,3.585,4181.0
2017-01-18,3.567,3.589,3.511,3.519,4482.0
2017-01-19,3.502,3.563,3.473,3.552,4998.0
2017-01-20,3.493,3.537,3.434,3.443,5378.0
2017-01-23,3.463,3.483,3.423,3.472,5516.0
2017-01-24,3.521,3.535,3.49,3.501,6480.0
2017-01-25,3.493,3.55,3.486,3.543,4349.0
2017-01-26,3.554,3.632,3.553,3.571,9070.0
2017-01-27,3.555,3.583,3.505,3.557,8712.0
2017-01-30,3.532,3.532,3.485,3.495,6397.0
2017-01-31,3.462,3.463,3.416,3.429,8480.0
2017-02-01,3.444,3.485,3.438,3.474,4223.0
2017-02-02,3.488,3.537,3.435,3.532,7969.0
2017-02-03,3.519,3.519,3.426,3.437,11977.0
2017-02-06,3.4,3.462,3.4,3.458,5943.0
2017-02-07,3.494,3.529,3.492,3.525,5020.0
2017-02-08,3.508,3.543,3.49,3.535,6087.0
2017-02-09,3.56,3.568,3.505,3.544,5867.0
2017-02-10,3.515,3.515,3.463,3.499,10814.0
2017-02-13,3.462,3.478,3.42,3.443,6005.0
2017-02-14,3.41,3.425,3.388,3.41,7634.0
2017-02-15,3.428,3.439,3.386,3.399,7194.0
2017-02-16,3.39,3.405,3.344,3.359,7614.0
2017-02-17,3.355,3.356,3.325,3.337,6258.0
2017-02-21,3.299,3.299,3.177,3.182,14057.0
2017-02-22,3.174,3.211,3.15,3.172,11085.0
2017-02-23,3.175,3.263,3.148,3.17,12519.0
2017-02-24,3.163,3.197,3.161,3.197,5518.0
2017-02-27,3.164,3.164,3.113,3.143,5429.0
2017-02-28,3.14,3.226,3.115,3.225,7709.0
2017-03-01,3.207,3.308,3.207,3.302,8718.0
2017-03-02,3.317,3.341,3.268,3.32,7954.0
2017-03-03,3.3,3.325,3.274,3.321,6244.0
2017-03-06,3.35,3.384,3.304,3.329,7424.0
2017-03-07,3.326,3.338,3.294,3.302,3846.0
2017-03-08,3.33,3.345,3.3,3.318,5587.0
2017-03-09,3.319,3.363,3.316,3.361,7655.0
2017-03-10,3.365,3.385,3.348,3.37,8811.0
2017-03-13,3.394,3.403,3.349,3.378,5531.0
2017-03-14,3.367,3.367,3.286,3.29,6692.0
2017-03-15,3.311,3.325,3.29,3.313,5797.0
2017-03-16,3.267,3.312,3.267,3.28,9360.0
2017-03-17,3.276,3.31,3.253,3.307,3790.0
2017-03-20,3.295,3.374,3.281,3.359,5718.0
2017-03-21,3.365,3.402,3.36,3.398,7385.0
2017-03-22,3.395,3.395,3.352,3.36,9865.0
2017-03-23,3.373,3.408,3.356,3.405,5907.0
2017-03-24,3.387,3.429,3.373,3.424,3106.0
2017-03-27,3.449,3.452,3.407,3.414,2834.0
2017-03-28,3.401,3.442,3.388,3.442,8338.0
2017-03-29,3.435,3.485,3.431,3.472,9879.0
2017-03-30,3.44,3.466,3.418,3.431,7418.0
2017-03-31,3.448,3.461,3.412,3.422,8224.0
2017-04-03,3.446,3.457,3.404,3.414,5734.0
2017-04-04,3.435,3.529,3.425,3.528,17914.0
2017-04-05,3.527,3.568,3.513,3.531,17057.0
2017-04-06,3.52,3.572,3.506,3.571,13250.0
2017-04-07,3.553,3.557,3.5,3.521,9862.0
2017-04-10,3.501,3.555,3.501,3.514,8384.0
2017-04-11,3.524,3.529,3.458,3.471,13520.0
2017-04-12,3.49,3.496,3.465,3.492,7576.0
2017-04-13,3.479,3.524,3.467,3.519,10947.0
2017-04-17,3.496,3.526,3.477,3.492,5810.0
2017-04-18,3.469,3.499,3.461,3.486,6893.0
2017-04-19,3.492,3.523,3.481,3.497,12722.0
2017-04-20,3.491,3.501,3.473,3.498,11499.0
2017-04-21,3.499,3.512,3.437,3.462,6693.0
2017-04-24,3.471,3.481,3.412,3.444,6467.0
2017-04-25,3.449,3.462,3.418,3.455,12387.0
2017-04-26,3.484,3.526,3.453,3.523,11670.0
2017-04-27,3.493,3.51,3.475,3.494,7879.0
2017-04-28,3.485,3.523,3.483,3.507,8005.0
2017-05-01,3.515,3.522,3.439,3.446,8388.0
2017-05-02,3.446,3.486,3.421,3.437,11327.0
2017-05-03,3.426,3.467,3.42,3.467,8558.0
2017-05-04,3.466,3.477,3.437,3.448,13497.0
2017-05-05,3.454,3.506,3.443,3.505,8601.0
2017-05-08,3.484,3.497,3.413,3.435,18262.0
2017-05-09,3.465,3.485,3.441,3.478,9042.0
2017-05-10,3.468,3.549,3.466,3.52,23680.0
2017-05-11,3.537,3.585,3.513,3.579,19664.0
2017-05-12,3.569,3.607,3.564,3.6,17803.0
2017-05-15,3.57,3.586,3.538,3.549,9808.0
2017-05-16,3.549,3.561,3.465,3.471,14525.0
2017-05-17,3.473,3.502,3.444,3.463,15821.0
2017-05-18,3.47,3.493,3.456,3.468,15385.0
2017-05-19,3.476,3.52,3.472,3.509,12307.0
2017-05-22,3.526,3.56,3.526,3.559,9670.0
2017-05-23,3.55,3.553,3.479,3.49,12323.0
2017-05-24,3.49,3.511,3.454,3.476,9980.0
2017-05-25,3.475,3.512,3.431,3.463,16185.0
2017-05-26,3.475,3.487,3.438,3.474,11274.0
2017-05-30,3.41,3.432,3.363,3.368,22496.0
2017-05-31,3.361,3.379,3.305,3.313,20443.0
2017-06-01,3.325,3.35,3.26,3.267,26446.0
2017-06-02,3.28,3.29,3.257,3.261,9660.0
2017-06-05,3.286,3.286,3.222,3.241,13988.0
2017-06-06,3.228,3.285,3.227,3.27,12430.0
2017-06-07,3.292,3.305,3.261,3.277,16219.0
2017-06-08,3.26,3.303,3.247,3.287,19767.0
2017-06-09,3.306,3.306,3.282,3.294,11311.0
2017-06-12,3.274,3.32,3.266,3.286,16286.0
2017-06-13,3.292,3.309,3.222,3.232,27233.0
2017-06-14,3.235,3.237,3.187,3.196,21707.0
2017-06-15,3.202,3.293,3.19,3.287,18928.0
2017-06-16,3.296,3.308,3.266,3.275,8748.0
2017-06-19,3.255,3.255,3.149,3.161,19011.0
2017-06-20,3.18,3.186,3.156,3.184,10740.0
2017-06-21,3.174,3.211,3.17,3.185,10152.0
2017-06-22,3.195,3.222,3.152,3.185,13788.0
2017-06-23,3.188,3.216,3.188,3.216,7269.0
2017-06-26,3.256,3.289,3.249,3.279,11316.0
2017-06-27,3.273,3.301,3.272,3.293,13584.0
2017-06-28,3.282,3.325,3.281,3.314,14160.0
2017-06-29,3.314,3.329,3.261,3.27,17442.0
2017-06-30,3.261,3.271,3.222,3.268,11276.0
2017-07-03,3.2,3.286,3.188,3.222,10723.0
2017-07-05,3.229,3.267,3.111,3.116,18001.0
2017-07-06,3.133,3.162,3.125,3.149,15054.0
2017-07-07,3.14,3.188,3.125,3.137,10071.0
2017-07-10,3.159,3.2,3.147,3.199,8298.0
2017-07-11,3.2,3.287,3.199,3.287,14318.0
2017-07-12,3.269,3.271,3.227,3.244,12931.0
2017-07-13,3.259,3.266,3.207,3.23,11404.0
2017-07-14,3.242,3.26,3.213,3.257,11813.0
2017-07-17,3.263,3.29,3.252,3.278,10468.0
2017-07-18,3.292,3.323,3.292,3.323,10749.0
2017-07-19,3.313,3.328,3.306,3.312,5747.0
2017-07-20,3.312,3.339,3.275,3.296,11012.0
2017-07-21,3.281,3.286,3.221,3.249,10683.0
2017-07-24,3.206,3.223,3.166,3.178,18212.0
2017-07-25,3.18,3.217,3.18,3.21,6236.0
2017-07-26,3.209,3.224,3.176,3.205,11038.0
2017-07-27,3.201,3.255,3.188,3.246,15519.0
2017-07-28,3.235,3.253,3.217,3.232,8116.0
2017-07-31,3.179,3.192,3.109,3.119,28939.0
2017-08-01,3.14,3.147,3.094,3.127,17040.0
2017-08-02,3.117,3.15,3.103,3.132,16421.0
2017-08-03,3.134,3.163,3.118,3.13,14952.0
2017-08-04,3.115,3.122,3.093,3.109,11633.0
2017-08-07,3.128,3.138,3.106,3.125,10826.0
2017-08-08,3.119,3.147,3.111,3.14,10141.0
2017-08-09,3.137,3.199,3.133,3.184,15058.0
2017-08-10,3.179,3.258,3.179,3.244,24057.0
2017-08-11,3.238,3.249,3.225,3.246,8358.0
2017-08-14,3.264,3.269,3.205,3.24,14356.0
2017-08-15,3.24,3.247,3.207,3.221,10307.0
2017-08-16,3.203,3.222,3.189,3.194,14489.0
2017-08-17,3.2,3.235,3.16,3.234,23691.0
2017-08-18,3.219,3.231,3.2,3.205,17458.0
2017-08-21,3.218,3.263,3.187,3.249,22842.0
2017-08-22,3.246,3.275,3.223,3.231,22961.0
2017-08-23,3.225,3.237,3.198,3.231,19489.0
2017-08-24,3.23,3.261,3.228,3.244,10168.0
2017-08-25,3.24,3.24,3.188,3.201,10250.0
2017-08-28,3.207,3.252,3.163,3.227,15763.0
2017-08-29,3.219,3.245,3.201,3.242,12920.0
2017-08-30,3.234,3.237,3.205,3.212,12920.0
2017-08-31,3.214,3.283,3.183,3.279,14338.0
2017-09-01,3.285,3.328,3.26,3.318,29196.0
2017-09-05,3.287,3.314,3.236,3.244,26419.0
2017-09-06,3.24,3.283,3.235,3.268,17589.0
2017-09-07,3.269,3.288,3.244,3.26,17897.0
2017-09-08,3.248,3.254,3.184,3.194,28172.0
2017-09-11,3.218,3.253,3.2,3.251,28362.0
2017-09-12,3.253,3.341,3.238,3.282,41984.0
2017-09-13,3.275,3.334,3.275,3.321,25225.0
2017-09-14,3.32,3.347,3.299,3.32,30300.0
2017-09-15,3.316,3.324,3.277,3.298,15884.0
2017-09-18,3.324,3.387,3.321,3.381,37221.0
2017-09-19,3.379,3.391,3.359,3.37,24320.0
2017-09-20,3.368,3.386,3.337,3.351,32773.0
2017-09-21,3.344,3.348,3.235,3.238,39746.0
2017-09-22,3.26,3.262,3.235,3.256,18043.0
2017-09-25,3.24,3.277,3.227,3.234,17918.0
2017-09-26,3.235,3.261,3.222,3.236,22358.0
2017-09-27,3.24,3.305,3.238,3.287,39383.0
2017-09-28,3.286,3.304,3.246,3.258,36434.0
2017-09-29,3.265,3.278,3.233,3.249,25748.0
2017-10-02,3.262,3.263,3.166,3.193,32348.0
2017-10-03,3.195,3.202,3.158,3.176,37216.0
2017-10-04,3.179,3.24,3.175,3.201,33429.0
2017-10-05,3.202,3.235,3.164,3.193,27805.0
2017-10-06,3.17,3.179,3.132,3.144,40781.0
2017-10-09,3.139,3.16,3.116,3.122,31046.0
2017-10-10,3.12,3.167,3.116,3.166,42938.0
2017-10-11,3.155,3.218,3.15,3.154,43347.0
2017-10-12,3.166,3.237,3.155,3.219,52797.0
2017-10-13,3.222,3.258,3.218,3.241,34390.0
2017-10-16,3.207,3.224,3.167,3.202,27742.0
2017-10-17,3.213,3.256,3.188,3.218,31577.0
2017-10-18,3.196,3.204,3.158,3.164,43918.0
2017-10-19,3.179,3.207,3.119,3.188,57773.0
2017-10-20,3.191,3.217,3.168,3.208,34344.0
2017-10-23,3.264,3.279,3.213,3.24,33896.0
2017-10-24,3.218,3.243,3.201,3.216,33501.0
2017-10-25,3.23,3.232,3.162,3.165,26954.0
2017-10-26,3.176,3.182,3.127,3.139,32511.0
2017-10-27,3.139,3.139,3.057,3.069,45495.0
2017-10-30,3.05,3.101,3.044,3.066,26771.0
2017-10-31,3.081,3.097,2.988,3.0,45295.0
2017-11-01,3.006,3.022,2.96,2.992,34835.0
2017-11-02,2.984,3.051,2.98,3.025,31641.0
2017-11-03,3.025,3.079,3.023,3.068,21435.0
2017-11-06,3.153,3.197,3.118,3.189,44812.0
2017-11-07,3.182,3.23,3.154,3.212,48217.0
2017-11-08,3.211,3.241,3.178,3.231,48528.0
2017-11-09,3.218,3.265,3.217,3.253,60803.0
2017-11-10,3.258,3.272,3.233,3.262,36312.0
2017-11-13,3.257,3.269,3.188,3.222,54687.0
2017-11-14,3.197,3.206,3.13,3.165,61426.0
2017-11-15,3.14,3.2,3.115,3.14,45782.0
2017-11-16,3.146,3.163,3.113,3.121,41896.0
2017-11-17,3.134,3.176,3.127,3.152,40528.0
2017-11-20,3.123,3.138,3.088,3.107,33063.0
2017-11-21,3.094,3.121,3.074,3.078,43554.0
2017-11-22,3.076,3.087,3.025,3.034,53958.0
2017-11-24,3.025,3.054,2.894,2.907,49807.0
2017-11-27,2.999,3.017,2.96,2.99,49663.0
2017-11-28,3.008,3.114,3.001,3.092,59948.0
2017-11-29,3.093,3.164,3.09,3.137,66504.0
2017-11-30,3.135,3.15,2.984,2.999,69013.0
2017-12-01,3.003,3.077,3.002,3.025,53619.0
2017-12-04,3.04,3.082,2.926,2.955,58648.0
2017-12-05,2.95,2.968,2.855,2.894,64344.0
2017-12-06,2.888,2.935,2.865,2.898,50898.0
2017-12-07,2.882,2.895,2.75,2.761,125326.0
2017-12-08,2.769,2.813,2.75,2.767,74731.0
2017-12-11,2.819,2.831,2.781,2.816,61606.0
2017-12-12,2.79,2.83,2.668,2.67,90768.0
2017-12-13,2.686,2.736,2.647,2.704,71753.0
2017-12-14,2.695,2.708,2.635,2.678,58023.0
2017-12-15,2.677,2.719,2.581,2.61,70152.0
2017-12-18,2.643,2.751,2.629,2.72,63509.0
2017-12-19,2.712,2.738,2.662,2.665,59514.0
2017-12-20,2.693,2.725,2.582,2.604,59678.0
2017-12-21,2.614,2.626,2.532,2.559,67591.0
2017-12-22,2.578,2.638,2.553,2.622,33598.0
2017-12-26,2.641,2.72,2.607,2.631,49060.0
2017-12-27,2.623,2.722,2.588,2.699,53978.0
2017-12-28,2.714,2.903,2.7,2.878,129235.0
2017-12-29,2.886,2.956,2.873,2.906,99952.0
2018-01-02,2.972,3.035,2.874,2.973,119891.0
2018-01-03,2.96,2.974,2.885,2.931,108836.0
2018-01-04,2.935,2.992,2.776,2.813,111864.0
2018-01-05,2.809,2.817,2.693,2.745,102984.0
2018-01-08,2.761,2.813,2.721,2.772,133000.0
2018-01-09,2.77,2.892,2.755,2.852,154458.0
2018-01-10,2.882,2.906,2.788,2.822,146684.0
2018-01-11,2.819,2.957,2.801,2.925,256734.0
2018-01-12,2.954,2.996,2.911,2.993,263061.0
2018-01-16,2.94,2.975,2.872,2.962,198108.0
2018-01-17,2.964,3.038,2.929,3.024,187258.0
2018-01-18,3.029,3.07,2.905,2.988,177447.0
2018-01-19,2.988,2.998,2.926,2.941,159024.0
2018-01-22,2.98,2.99,2.907,2.931,150318.0
2018-01-23,2.949,3.129,2.944,3.039,249113.0
2018-01-24,3.09,3.132,3.024,3.08,283937.0
2018-01-25,3.051,3.169,3.045,3.099,303351.0
2018-01-26,3.105,3.197,3.072,3.175,259611.0
2018-01-29,3.08,3.188,3.038,3.167,265222.0
2018-01-30,3.187,3.259,3.161,3.195,257758.0
2018-01-31,3.165,3.183,2.949,2.995,334638.0
2018-02-01,2.956,2.978,2.837,2.856,359410.0
2018-02-02,2.891,2.92,2.84,2.846,184073.0
2018-02-05,2.825,2.88,2.736,2.747,200176.0
2018-02-06,2.767,2.785,2.695,2.759,185164.0
2018-02-07,2.761,2.782,2.688,2.702,220437.0
2018-02-08,2.702,2.758,2.681,2.697,191585.0
2018-02-09,2.694,2.704,2.576,2.584,236204.0
2018-02-12,2.554,2.607,2.538,2.552,196427.0
2018-02-13,2.566,2.642,2.562,2.594,203096.0
2018-02-14,2.608,2.623,2.553,2.587,175161.0
2018-02-15,2.613,2.623,2.53,2.58,163821.0
2018-02-16,2.584,2.589,2.539,2.558,112338.0
2018-02-20,2.568,2.662,2.562,2.616,147855.0
2018-02-21,2.638,2.68,2.565,2.659,125222.0
2018-02-22,2.657,2.67,2.607,2.634,60419.0
2018-02-23,2.619,2.633,2.555,2.625,66996.0
2018-02-26,2.635,2.68,2.586,2.639,13759.0
