DATETIME,OPEN,HIGH,LOW,FINAL,VOLUME
2010-11-26,6.752,6.752,6.752,6.752,0.0
2010-11-29,6.737,6.737,6.737,6.737,0.0
2010-11-30,6.767,6.767,6.767,6.767,0.0
2010-12-01,6.761,6.761,6.761,6.761,0.0
2010-12-02,6.748,6.748,6.748,6.748,0.0
2010-12-03,6.748,6.748,6.748,6.748,0.0
2010-12-06,6.577,6.577,6.577,6.577,0.0
2010-12-07,6.574,6.574,6.574,6.574,0.0
2010-12-08,6.581,6.581,6.581,6.581,0.0
2010-12-09,6.46,6.46,6.46,6.46,0.0
2010-12-10,6.447,6.447,6.447,6.447,0.0
2010-12-13,6.497,6.497,6.497,6.497,0.0
2010-12-14,6.547,6.547,6.547,6.547,0.0
2010-12-15,6.708,6.708,6.708,6.708,0.0
2010-12-16,6.706,6.706,6.706,6.706,0.0
2010-12-17,6.773,6.773,6.773,6.773,0.0
2010-12-20,6.745,6.745,6.745,6.745,0.0
2010-12-21,6.721,6.721,6.721,6.721,0.0
2010-12-22,6.7,6.7,6.7,6.7,0.0
2010-12-23,6.713,6.713,6.713,6.713,0.0
2010-12-27,6.727,6.727,6.727,6.727,0.0
2010-12-28,6.729,6.729,6.729,6.729,0.0
2010-12-29,6.699,6.699,6.699,6.699,0.0
2010-12-30,6.649,6.649,6.649,6.649,0.0
2010-12-31,6.671,6.671,6.671,6.671,0.0
2011-01-03,6.6,6.6,6.6,6.6,0.0
2011-01-04,6.624,6.624,6.624,6.624,0.0
2011-01-05,6.715,6.715,6.715,6.715,0.0
2011-01-06,6.698,6.698,6.698,6.698,0.0
2011-01-07,6.727,6.727,6.727,6.727,0.0
2011-01-10,6.744,6.744,6.744,6.744,0.0
2011-01-11,6.78,6.78,6.78,6.78,0.0
2011-01-12,6.699,6.699,6.699,6.699,0.0
2011-01-13,6.734,6.734,6.734,6.734,0.0
2011-01-14,6.771,6.771,6.771,6.771,0.0
2011-01-18,6.78,6.78,6.78,6.78,0.0
2011-01-19,6.746,6.746,6.746,6.746,0.0
2011-01-20,6.732,6.732,6.732,6.732,0.0
2011-01-21,6.721,6.721,6.721,6.721,0.0
2011-01-24,6.714,6.714,6.714,6.714,0.0
2011-01-25,6.76,6.76,6.76,6.76,0.0
2011-01-26,6.788,6.788,6.788,6.788,0.0
2011-01-27,6.835,6.835,6.835,6.835,0.0
2011-01-28,6.751,6.751,6.751,6.751,0.0
2011-01-31,6.736,6.736,6.736,6.736,0.0
2011-02-01,6.741,6.741,6.741,6.741,0.0
2011-02-02,6.759,6.759,6.759,6.759,0.0
2011-02-03,6.778,6.778,6.778,6.778,0.0
2011-02-04,6.789,6.789,6.789,6.789,0.0
2011-02-07,6.801,6.801,6.801,6.801,0.0
2011-02-08,6.85,6.85,6.85,6.85,0.0
2011-02-09,6.845,6.845,6.845,6.845,0.0
2011-02-10,6.835,6.835,6.835,6.835,0.0
2011-02-11,6.825,6.825,6.825,6.825,0.0
2011-02-14,6.808,6.808,6.808,6.808,0.0
2011-02-15,6.871,6.871,6.871,6.871,0.0
2011-02-16,6.986,6.986,6.986,6.986,0.0
2011-02-17,7.016,7.016,7.016,7.016,0.0
2011-02-18,7.025,7.025,7.025,7.025,0.0
2011-02-22,7.06,7.06,7.06,7.06,0.0
2011-02-23,7.035,7.035,7.035,7.035,0.0
2011-02-24,7.01,7.01,7.01,7.01,0.0
2011-02-25,7.02,7.02,7.02,7.02,0.0
2011-02-28,7.03,7.03,7.03,7.03,0.0
2011-03-01,7.102,7.102,7.102,7.102,0.0
2011-03-02,7.155,7.155,7.155,7.155,0.0
2011-03-03,7.15,7.15,7.15,7.15,0.0
2011-03-04,7.285,7.285,7.285,7.285,0.0
2011-03-07,7.297,7.297,7.297,7.297,0.0
2011-03-08,7.291,7.291,7.291,7.291,0.0
2011-03-09,7.284,7.284,7.284,7.284,0.0
2011-03-10,7.291,7.291,7.291,7.291,0.0
2011-03-11,7.295,7.295,7.295,7.295,0.0
2011-03-14,7.352,7.352,7.352,7.352,0.0
2011-03-15,7.632,7.632,7.632,7.632,0.0
2011-03-16,7.637,7.637,7.637,7.637,0.0
2011-03-17,7.609,7.609,7.609,7.609,0.0
2011-03-18,7.553,7.553,7.553,7.553,0.0
2011-03-21,7.471,7.471,7.471,7.471,0.0
2011-03-22,7.512,7.512,7.512,7.512,0.0
2011-03-23,7.539,7.539,7.539,7.539,0.0
2011-03-24,7.533,7.533,7.533,7.533,0.0
2011-03-25,7.631,7.631,7.631,7.631,0.0
2011-03-28,7.617,7.617,7.617,7.617,0.0
2011-03-29,7.568,7.568,7.568,7.568,0.0
2011-03-30,7.601,7.601,7.601,7.601,0.0
2011-03-31,7.681,7.681,7.681,7.681,0.0
2011-04-01,7.773,7.773,7.773,7.773,0.0
2011-04-04,7.794,7.794,7.794,7.794,0.0
2011-04-05,7.69,7.69,7.69,7.69,0.0
2011-04-06,7.692,7.692,7.692,7.692,0.0
2011-04-07,7.724,7.724,7.724,7.724,0.0
2011-04-08,7.841,7.841,7.841,7.841,0.0
2011-04-11,7.866,7.866,7.866,7.866,0.0
2011-04-12,7.804,7.804,7.804,7.804,0.0
2011-04-13,7.766,7.766,7.766,7.766,0.0
2011-04-14,7.753,7.753,7.753,7.753,0.0
2011-04-15,7.783,7.783,7.783,7.783,0.0
2011-04-18,7.778,7.778,7.778,7.778,0.0
2011-04-19,7.745,7.745,7.745,7.745,0.0
2011-04-20,7.617,7.617,7.617,7.617,0.0
2011-04-21,7.541,7.541,7.541,7.541,0.0
2011-04-25,7.538,7.538,7.538,7.538,0.0
2011-04-26,7.567,7.567,7.567,7.567,0.0
2011-04-27,7.534,7.534,7.534,7.534,0.0
2011-04-28,7.536,7.536,7.536,7.536,0.0
2011-04-29,7.474,7.474,7.474,7.474,0.0
2011-05-02,7.496,7.496,7.496,7.496,0.0
2011-05-03,7.566,7.566,7.566,7.566,0.0
2011-05-04,7.605,7.605,7.605,7.605,0.0
2011-05-05,7.504,7.504,7.504,7.504,0.0
2011-05-06,7.405,7.405,7.405,7.405,0.0
2011-05-09,7.418,7.418,7.418,7.418,0.0
2011-05-10,7.494,7.494,7.494,7.494,0.0
2011-05-11,7.548,7.548,7.548,7.548,0.0
2011-05-12,7.557,7.557,7.557,7.557,0.0
2011-05-13,7.604,7.604,7.604,7.604,0.0
2011-05-16,7.599,7.599,7.599,7.599,0.0
2011-05-17,7.568,7.568,7.568,7.568,0.0
2011-05-18,7.582,7.582,7.582,7.582,0.0
2011-05-19,7.505,7.505,7.505,7.505,0.0
2011-05-20,7.552,7.552,7.552,7.552,0.0
2011-05-23,7.691,7.691,7.691,7.691,0.0
2011-05-24,7.614,7.614,7.614,7.614,0.0
2011-05-25,7.613,7.613,7.613,7.613,0.0
2011-05-26,7.583,7.583,7.583,7.583,0.0
2011-05-27,7.619,7.619,7.619,7.619,0.0
2011-05-31,7.489,7.489,7.489,7.489,0.0
2011-06-01,7.465,7.465,7.465,7.465,0.0
2011-06-02,7.334,7.334,7.334,7.334,0.0
2011-06-03,7.285,7.285,7.285,7.285,0.0
2011-06-06,7.229,7.229,7.229,7.229,0.0
2011-06-07,7.236,7.236,7.236,7.236,0.0
2011-06-08,7.252,7.252,7.252,7.252,0.0
2011-06-09,7.165,7.165,7.165,7.165,0.0
2011-06-10,7.169,7.169,7.169,7.169,0.0
2011-06-13,7.147,7.147,7.147,7.147,0.0
2011-06-14,7.266,7.266,7.266,7.266,0.0
2011-06-15,7.29,7.29,7.29,7.29,0.0
2011-06-16,7.29,7.29,7.29,7.29,0.0
2011-06-17,7.352,7.352,7.352,7.352,0.0
2011-06-20,7.35,7.35,7.35,7.35,0.0
2011-06-21,7.192,7.192,7.192,7.192,0.0
2011-06-22,7.205,7.205,7.205,7.205,0.0
2011-06-23,7.204,7.204,7.204,7.204,0.0
2011-06-24,7.227,7.227,7.227,7.227,0.0
2011-06-27,7.216,7.216,7.216,7.216,0.0
2011-06-28,7.217,7.217,7.217,7.217,0.0
2011-06-29,7.189,7.189,7.189,7.189,0.0
2011-06-30,7.186,7.186,7.186,7.186,0.0
2011-07-01,7.186,7.186,7.186,7.186,0.0
2011-07-05,7.123,7.123,7.123,7.123,0.0
2011-07-06,7.138,7.138,7.138,7.138,0.0
2011-07-07,7.166,7.166,7.166,7.166,0.0
2011-07-08,7.233,7.233,7.233,7.233,0.0
2011-07-11,7.273,7.273,7.273,7.273,0.0
2011-07-12,7.273,7.273,7.273,7.273,0.0
2011-07-13,7.223,7.223,7.223,7.223,0.0
2011-07-14,7.201,7.201,7.201,7.201,0.0
2011-07-15,7.203,7.203,7.203,7.203,0.0
2011-07-18,7.183,7.183,7.183,7.183,0.0
2011-07-19,7.075,7.075,7.075,7.075,0.0
2011-07-20,7.026,7.026,7.026,7.026,0.0
2011-07-21,7.057,7.057,7.057,7.057,0.0
2011-07-22,7.033,7.033,7.033,7.033,0.0
2011-07-25,7.018,7.018,7.018,7.018,0.0
2011-07-26,7.013,7.013,7.013,7.013,0.0
2011-07-27,7.026,7.026,7.026,7.026,0.0
2011-07-28,7.052,7.052,7.052,7.052,0.0
2011-07-29,7.05,7.05,7.05,7.05,0.0
2011-08-01,7.104,7.104,7.104,7.104,0.0
2011-08-02,7.018,7.018,7.018,7.018,0.0
2011-08-03,6.969,6.969,6.969,6.969,0.0
2011-08-04,6.854,6.854,6.854,6.854,0.0
2011-08-05,6.791,6.791,6.791,6.791,0.0
2011-08-08,6.762,6.762,6.762,6.762,0.0
2011-08-09,6.738,6.738,6.738,6.738,0.0
2011-08-10,6.71,6.71,6.71,6.71,0.0
2011-08-11,6.763,6.763,6.763,6.763,0.0
2011-08-12,6.776,6.776,6.776,6.776,0.0
2011-08-15,6.84,6.84,6.84,6.84,0.0
2011-08-16,6.913,6.913,6.913,6.913,0.0
2011-08-17,6.88,6.88,6.88,6.88,0.0
2011-08-18,6.87,6.87,6.87,6.87,0.0
2011-08-19,6.908,6.908,6.908,6.908,0.0
2011-08-22,6.884,6.884,6.884,6.884,0.0
2011-08-23,6.902,6.902,6.902,6.902,0.0
2011-08-24,6.754,6.754,6.754,6.754,0.0
2011-08-25,6.745,6.745,6.745,6.745,0.0
2011-08-26,6.742,6.742,6.742,6.742,0.0
2011-08-29,6.711,6.711,6.711,6.711,0.0
2011-08-30,6.727,6.727,6.727,6.727,0.0
2011-08-31,6.735,6.735,6.735,6.735,0.0
2011-09-01,6.796,6.796,6.796,6.796,0.0
2011-09-02,6.786,6.786,6.786,6.786,0.0
2011-09-06,6.789,6.789,6.789,6.789,0.0
2011-09-07,6.756,6.756,6.756,6.756,0.0
2011-09-08,6.746,6.746,6.746,6.746,0.0
2011-09-09,6.693,6.693,6.693,6.693,0.0
2011-09-12,6.666,6.666,6.666,6.666,0.0
2011-09-13,6.688,6.688,6.688,6.688,0.0
2011-09-14,6.646,6.646,6.646,6.646,0.0
2011-09-15,6.626,6.626,6.626,6.626,0.0
2011-09-16,6.633,6.633,6.633,6.633,0.0
2011-09-19,6.623,6.623,6.623,6.623,0.0
2011-09-20,6.665,6.665,6.665,6.665,0.0
2011-09-21,6.665,6.665,6.665,6.665,0.0
2011-09-22,6.533,6.533,6.533,6.533,0.0
2011-09-23,6.539,6.539,6.539,6.539,0.0
2011-09-26,6.586,6.586,6.586,6.586,0.0
2011-09-27,6.668,6.668,6.668,6.668,0.0
2011-09-28,6.674,6.674,6.674,6.674,0.0
2011-09-29,6.655,6.655,6.655,6.655,0.0
2011-09-30,6.642,6.642,6.642,6.642,0.0
2011-10-03,6.628,6.628,6.628,6.628,0.0
2011-10-04,6.569,6.569,6.569,6.569,0.0
2011-10-05,6.542,6.542,6.542,6.542,0.0
2011-10-06,6.487,6.487,6.487,6.487,0.0
2011-10-07,6.449,6.449,6.449,6.449,0.0
2011-10-10,6.438,6.438,6.438,6.438,0.0
2011-10-11,6.408,6.408,6.408,6.408,0.0
2011-10-12,6.397,6.397,6.397,6.397,0.0
2011-10-13,6.424,6.424,6.424,6.424,0.0
2011-10-14,6.486,6.486,6.486,6.486,0.0
2011-10-17,6.473,6.473,6.473,6.473,0.0
2011-10-18,6.45,6.45,6.45,6.45,0.0
2011-10-19,6.452,6.452,6.452,6.452,0.0
2011-10-20,6.458,6.458,6.458,6.458,0.0
2011-10-21,6.46,6.46,6.46,6.46,0.0
2011-10-24,6.457,6.457,6.457,6.457,0.0
2011-10-25,6.493,6.493,6.493,6.493,0.0
2011-10-26,6.535,6.535,6.535,6.535,0.0
2011-10-27,6.54,6.54,6.54,6.54,0.0
2011-10-28,6.648,6.648,6.648,6.648,0.0
2011-10-31,6.648,6.648,6.648,6.648,0.0
2011-11-01,6.578,6.578,6.578,6.578,0.0
2011-11-02,6.537,6.537,6.537,6.537,0.0
2011-11-03,6.615,6.615,6.615,6.615,0.0
2011-11-04,6.605,6.605,6.605,6.605,0.0
2011-11-07,6.583,6.583,6.583,6.583,0.0
2011-11-08,6.541,6.541,6.541,6.541,0.0
2011-11-09,6.518,6.518,6.518,6.518,0.0
2011-11-10,6.468,6.468,6.468,6.468,0.0
2011-11-11,6.398,6.398,6.398,6.398,0.0
2011-11-14,6.376,6.376,6.376,6.376,0.0
2011-11-15,6.386,6.386,6.386,6.386,0.0
2011-11-16,6.361,6.361,6.361,6.361,0.0
2011-11-17,6.313,6.313,6.313,6.313,0.0
2011-11-18,6.272,6.272,6.272,6.272,0.0
2011-11-21,6.282,6.282,6.282,6.282,0.0
2011-11-22,6.261,6.261,6.261,6.261,0.0
2011-11-23,6.233,6.233,6.233,6.233,0.0
2011-11-25,6.272,6.272,6.272,6.272,0.0
2011-11-28,6.238,6.238,6.238,6.238,0.0
2011-11-29,6.344,6.344,6.344,6.344,0.0
2011-11-30,6.329,6.329,6.329,6.329,0.0
2011-12-01,6.314,6.314,6.314,6.314,0.0
2011-12-02,6.315,6.315,6.315,6.315,0.0
2011-12-05,6.315,6.315,6.315,6.315,0.0
2011-12-06,6.284,6.284,6.284,6.284,0.0
2011-12-07,6.338,6.338,6.338,6.338,0.0
2011-12-08,6.308,6.308,6.308,6.308,0.0
2011-12-09,6.276,6.276,6.276,6.276,0.0
2011-12-12,6.238,6.238,6.238,6.238,0.0
2011-12-13,6.157,6.157,6.157,6.157,0.0
2011-12-14,6.12,6.12,6.12,6.12,0.0
2011-12-15,6.082,6.082,6.082,6.082,0.0
2011-12-16,6.112,6.112,6.112,6.112,0.0
2011-12-19,6.109,6.109,6.109,6.109,0.0
2011-12-20,6.111,6.111,6.111,6.111,0.0
2011-12-21,6.068,6.068,6.068,6.068,0.0
2011-12-22,6.083,6.083,6.083,6.083,0.0
2011-12-23,6.068,6.068,6.068,6.068,0.0
2011-12-27,6.068,6.068,6.068,6.068,0.0
2011-12-28,6.058,6.058,6.058,6.058,0.0
2011-12-29,6.058,6.058,6.058,6.058,0.0
2011-12-30,6.058,6.058,6.058,6.058,0.0
2012-01-03,6.057,6.057,6.057,6.057,0.0
2012-01-04,6.062,6.062,6.062,6.062,0.0
2012-01-05,6.093,6.093,6.093,6.093,0.0
2012-01-06,6.133,6.133,6.133,6.133,0.0
2012-01-09,6.114,6.114,6.114,6.114,0.0
2012-01-10,6.076,6.076,6.076,6.076,0.0
2012-01-11,6.116,6.116,6.116,6.116,0.0
2012-01-12,6.093,6.093,6.093,6.093,0.0
2012-01-13,6.089,6.089,6.089,6.089,0.0
2012-01-17,6.064,6.064,6.064,6.064,0.0
2012-01-18,5.975,5.975,5.975,5.975,0.0
2012-01-19,5.984,5.984,5.984,5.984,0.0
2012-01-20,5.825,5.825,5.825,5.825,0.0
2012-01-23,5.825,5.825,5.825,5.825,0.0
2012-01-24,5.861,5.861,5.861,5.861,0.0
2012-01-25,5.875,5.875,5.875,5.875,0.0
2012-01-26,5.81,5.81,5.81,5.81,0.0
2012-01-27,5.842,5.842,5.842,5.842,0.0
2012-01-30,5.817,5.817,5.817,5.817,0.0
2012-01-31,5.772,5.772,5.772,5.772,0.0
2012-02-01,5.747,5.747,5.747,5.747,0.0
2012-02-02,5.836,5.836,5.836,5.836,0.0
2012-02-03,5.87,5.87,5.87,5.87,0.0
2012-02-06,5.918,5.918,5.918,5.918,0.0
2012-02-07,5.826,5.826,5.826,5.826,0.0
2012-02-08,5.766,5.766,5.766,5.766,0.0
2012-02-09,5.641,5.641,5.641,5.641,0.0
2012-02-10,5.634,5.634,5.634,5.634,0.0
2012-02-13,5.634,5.634,5.634,5.634,0.0
2012-02-14,5.648,5.648,5.648,5.648,0.0
2012-02-15,5.648,5.648,5.648,5.648,0.0
2012-02-16,5.616,5.616,5.616,5.616,0.0
2012-02-17,5.636,5.636,5.636,5.636,0.0
2012-02-21,5.605,5.605,5.605,5.605,0.0
2012-02-22,5.669,5.669,5.669,5.669,0.0
2012-02-23,5.669,5.669,5.669,5.669,0.0
2012-02-24,5.632,5.632,5.632,5.632,0.0
2012-02-27,5.594,5.594,5.594,5.594,0.0
2012-02-28,5.578,5.578,5.578,5.578,0.0
2012-02-29,5.588,5.588,5.588,5.588,0.0
2012-03-01,5.543,5.543,5.543,5.543,0.0
2012-03-02,5.582,5.582,5.582,5.582,0.0
2012-03-05,5.509,5.509,5.509,5.509,0.0
2012-03-06,5.437,5.437,5.437,5.437,0.0
2012-03-07,5.392,5.392,5.392,5.392,0.0
2012-03-08,5.393,5.393,5.393,5.393,0.0
2012-03-09,5.503,5.503,5.503,5.503,0.0
2012-03-12,5.482,5.482,5.482,5.482,0.0
2012-03-13,5.531,5.531,5.531,5.531,0.0
2012-03-14,5.596,5.596,5.596,5.596,0.0
2012-03-15,5.596,5.596,5.596,5.596,0.0
2012-03-16,5.575,5.575,5.575,5.575,0.0
2012-03-19,5.583,5.583,5.583,5.583,0.0
2012-03-20,5.552,5.552,5.552,5.552,0.0
2012-03-21,5.542,5.542,5.542,5.542,0.0
2012-03-22,5.529,5.529,5.529,5.529,0.0
2012-03-23,5.549,5.549,5.549,5.549,0.0
2012-03-26,5.561,5.561,5.561,5.561,0.0
2012-03-27,5.545,5.545,5.545,5.545,0.0
2012-03-28,5.557,5.557,5.557,5.557,0.0
2012-03-29,5.524,5.524,5.524,5.524,0.0
2012-03-30,5.592,5.592,5.592,5.592,0.0
2012-04-02,5.583,5.583,5.583,5.583,0.0
2012-04-03,5.583,5.583,5.583,5.583,0.0
2012-04-04,5.583,5.583,5.583,5.583,0.0
2012-04-05,5.547,5.547,5.547,5.547,0.0
2012-04-09,5.567,5.567,5.567,5.567,0.0
2012-04-10,5.546,5.546,5.546,5.546,0.0
2012-04-11,5.505,5.505,5.505,5.505,0.0
2012-04-12,5.418,5.418,5.418,5.418,0.0
2012-04-13,5.406,5.406,5.406,5.406,0.0
2012-04-16,5.376,5.376,5.376,5.376,0.0
2012-04-17,5.315,5.315,5.315,5.315,0.0
2012-04-18,5.293,5.293,5.293,5.293,0.0
2012-04-19,5.263,5.263,5.263,5.263,0.0
2012-04-20,5.2,5.2,5.2,5.2,0.0
2012-04-23,5.159,5.159,5.159,5.159,0.0
2012-04-24,5.193,5.193,5.193,5.193,0.0
2012-04-25,5.092,5.092,5.092,5.092,0.0
2012-04-26,5.116,5.116,5.116,5.116,0.0
2012-04-27,5.134,5.134,5.134,5.134,0.0
2012-04-30,5.174,5.174,5.174,5.174,0.0
2012-05-01,5.176,5.176,5.176,5.176,0.0
2012-05-02,5.179,5.179,5.179,5.179,0.0
2012-05-03,5.184,5.184,5.184,5.184,0.0
2012-05-04,5.176,5.176,5.176,5.176,0.0
2012-05-07,5.186,5.186,5.186,5.186,0.0
2012-05-08,5.179,5.179,5.179,5.179,0.0
2012-05-09,5.208,5.208,5.208,5.208,0.0
2012-05-10,5.193,5.193,5.193,5.193,0.0
2012-05-11,5.173,5.173,5.173,5.173,0.0
2012-05-14,5.181,5.181,5.181,5.181,0.0
2012-05-15,5.213,5.213,5.213,5.213,0.0
2012-05-16,5.241,5.241,5.241,5.241,0.0
2012-05-17,5.23,5.23,5.23,5.23,0.0
2012-05-18,5.27,5.27,5.27,5.27,0.0
2012-05-21,5.21,5.21,5.21,5.21,0.0
2012-05-22,5.251,5.251,5.251,5.251,0.0
2012-05-23,5.235,5.235,5.235,5.235,0.0
2012-05-24,5.244,5.244,5.244,5.244,0.0
2012-05-25,5.289,5.289,5.289,5.289,0.0
2012-05-29,5.255,5.255,5.255,5.255,0.0
2012-05-30,5.213,5.213,5.213,5.213,0.0
2012-05-31,5.283,5.283,5.283,5.283,0.0
2012-06-01,5.243,5.243,5.243,5.243,0.0
2012-06-04,5.245,5.245,5.245,5.245,0.0
2012-06-05,5.187,5.187,5.187,5.187,0.0
2012-06-06,5.182,5.182,5.182,5.182,0.0
2012-06-07,5.161,5.161,5.161,5.161,0.0
2012-06-08,5.182,5.182,5.182,5.182,0.0
2012-06-11,5.145,5.145,5.145,5.145,0.0
2012-06-12,5.145,5.145,5.145,5.145,0.0
2012-06-13,5.154,5.154,5.154,5.154,0.0
2012-06-14,5.179,5.179,5.179,5.179,0.0
2012-06-15,5.075,5.075,5.075,5.075,0.0
2012-06-18,5.021,5.021,5.021,5.021,0.0
2012-06-19,5.061,5.061,5.061,5.061,0.0
2012-06-20,5.061,5.061,5.061,5.061,0.0
2012-06-21,5.036,5.036,5.036,5.036,0.0
2012-06-22,5.008,5.008,5.008,5.008,0.0
2012-06-25,5.035,5.035,5.035,5.035,0.0
2012-06-26,5.08,5.08,5.08,5.08,0.0
2012-06-27,5.098,5.098,5.098,5.098,0.0
2012-06-28,5.096,5.096,5.096,5.096,0.0
2012-06-29,5.084,5.084,5.084,5.084,0.0
2012-07-02,5.095,5.095,5.095,5.095,0.0
2012-07-03,5.136,5.136,5.136,5.136,0.0
2012-07-05,5.139,5.139,5.139,5.139,0.0
2012-07-06,5.091,5.091,5.091,5.091,0.0
2012-07-09,5.14,5.14,5.14,5.14,0.0
2012-07-10,5.133,5.133,5.133,5.133,0.0
2012-07-11,5.18,5.18,5.18,5.18,0.0
2012-07-12,5.169,5.169,5.169,5.169,0.0
2012-07-13,5.172,5.172,5.172,5.172,0.0
2012-07-16,5.123,5.123,5.123,5.123,0.0
2012-07-17,5.273,5.273,5.273,5.273,0.0
2012-07-18,5.34,5.34,5.34,5.34,0.0
2012-07-19,5.299,5.299,5.299,5.299,0.0
2012-07-20,5.321,5.321,5.321,5.321,0.0
2012-07-23,5.33,5.33,5.33,5.33,0.0
2012-07-24,5.367,5.367,5.367,5.367,0.0
2012-07-25,5.374,5.374,5.374,5.374,0.0
2012-07-26,5.417,5.417,5.417,5.417,0.0
2012-07-27,5.419,5.419,5.419,5.419,0.0
2012-07-30,5.487,5.487,5.487,5.487,0.0
2012-07-31,5.447,5.447,5.447,5.447,0.0
2012-08-01,5.412,5.412,5.412,5.412,0.0
2012-08-02,5.292,5.292,5.292,5.292,0.0
2012-08-03,5.264,5.264,5.264,5.264,0.0
2012-08-06,5.495,5.495,5.495,5.495,0.0
2012-08-07,5.44,5.44,5.44,5.44,0.0
2012-08-08,5.661,5.661,5.661,5.661,0.0
2012-08-09,5.561,5.561,5.561,5.561,0.0
2012-08-10,5.498,5.498,5.498,5.498,0.0
2012-08-13,5.471,5.471,5.471,5.471,0.0
2012-08-14,5.513,5.513,5.513,5.513,0.0
2012-08-15,5.606,5.606,5.606,5.606,0.0
2012-08-16,5.579,5.579,5.579,5.579,0.0
2012-08-17,5.577,5.577,5.577,5.577,0.0
2012-08-20,5.616,5.616,5.616,5.616,0.0
2012-08-21,5.619,5.619,5.619,5.619,0.0
2012-08-22,5.61,5.61,5.61,5.61,0.0
2012-08-23,5.593,5.593,5.593,5.593,0.0
2012-08-24,5.555,5.555,5.555,5.555,0.0
2012-08-27,5.53,5.53,5.53,5.53,0.0
2012-08-28,5.475,5.475,5.475,5.475,0.0
2012-08-29,5.496,5.496,5.496,5.496,0.0
2012-08-30,5.503,5.503,5.503,5.503,0.0
2012-08-31,5.487,5.487,5.487,5.487,0.0
2012-09-04,5.489,5.489,5.489,5.489,0.0
2012-09-05,5.479,5.479,5.479,5.479,0.0
2012-09-06,5.475,5.475,5.475,5.475,0.0
2012-09-07,5.425,5.425,5.425,5.425,0.0
2012-09-10,5.413,5.413,5.413,5.413,0.0
2012-09-11,5.453,5.453,5.453,5.453,0.0
2012-09-12,5.528,5.528,5.528,5.528,0.0
2012-09-13,5.533,5.533,5.533,5.533,0.0
2012-09-14,5.523,5.523,5.523,5.523,0.0
2012-09-17,5.504,5.504,5.504,5.504,0.0
2012-09-18,5.597,5.597,5.597,5.597,0.0
2012-09-19,5.597,5.597,5.597,5.597,0.0
2012-09-20,5.601,5.601,5.601,5.601,0.0
2012-09-21,5.66,5.66,5.66,5.66,0.0
2012-09-24,5.644,5.644,5.644,5.644,0.0
2012-09-25,5.661,5.661,5.661,5.661,0.0
2012-09-26,5.642,5.642,5.642,5.642,0.0
2012-09-27,5.666,5.666,5.666,5.666,0.0
2012-09-28,5.678,5.678,5.678,5.678,0.0
2012-10-01,5.699,5.699,5.699,5.699,0.0
2012-10-02,5.655,5.655,5.655,5.655,0.0
2012-10-03,5.633,5.633,5.633,5.633,0.0
2012-10-04,5.629,5.629,5.629,5.629,0.0
2012-10-05,5.679,5.679,5.679,5.679,0.0
2012-10-08,5.718,5.718,5.718,5.718,0.0
2012-10-09,5.724,5.724,5.724,5.724,0.0
2012-10-10,5.7,5.7,5.7,5.7,0.0
2012-10-11,5.728,5.728,5.728,5.728,0.0
2012-10-12,5.689,5.689,5.689,5.689,0.0
2012-10-15,5.655,5.655,5.655,5.655,0.0
2012-10-16,5.661,5.661,5.661,5.661,0.0
2012-10-17,5.709,5.709,5.709,5.709,0.0
2012-10-18,5.657,5.657,5.657,5.657,0.0
2012-10-19,5.655,5.655,5.655,5.655,0.0
2012-10-22,5.66,5.66,5.66,5.66,0.0
2012-10-23,5.694,5.694,5.694,5.694,0.0
2012-10-24,5.669,5.669,5.669,5.669,0.0
2012-10-25,5.699,5.699,5.699,5.699,0.0
2012-10-26,5.708,5.708,5.708,5.708,0.0
2012-10-29,5.777,5.777,5.777,5.777,0.0
2012-10-30,5.708,5.708,5.708,5.708,0.0
2012-10-31,5.711,5.711,5.711,5.711,0.0
2012-11-01,5.718,5.718,5.718,5.718,0.0
2012-11-02,5.617,5.617,5.617,5.617,0.0
2012-11-05,5.574,5.574,5.574,5.574,0.0
2012-11-06,5.623,5.623,5.623,5.623,0.0
2012-11-07,5.599,5.599,5.599,5.599,0.0
2012-11-08,5.642,5.642,5.642,5.642,0.0
2012-11-09,5.581,5.581,5.581,5.581,0.0
2012-11-12,5.631,5.631,5.631,5.631,0.0
2012-11-13,5.67,5.67,5.67,5.67,0.0
2012-11-14,5.637,5.637,5.637,5.637,0.0
2012-11-15,5.558,5.558,5.558,5.558,0.0
2012-11-16,5.556,5.556,5.556,5.556,0.0
2012-11-19,5.521,5.521,5.521,5.521,0.0
2012-11-20,5.562,5.562,5.562,5.562,0.0
2012-11-21,5.531,5.531,5.531,5.531,0.0
2012-11-23,5.518,5.518,5.518,5.518,0.0
2012-11-26,5.487,5.487,5.487,5.487,0.0
2012-11-27,5.522,5.522,5.522,5.522,0.0
2012-11-28,5.514,5.514,5.514,5.514,0.0
2012-11-29,5.438,5.438,5.438,5.438,0.0
2012-11-30,5.419,5.419,5.419,5.419,0.0
2012-12-03,5.453,5.453,5.453,5.453,0.0
2012-12-04,5.428,5.428,5.428,5.428,0.0
2012-12-05,5.458,5.458,5.458,5.458,0.0
2012-12-06,5.45,5.45,5.45,5.45,0.0
2012-12-07,5.427,5.427,5.427,5.427,0.0
2012-12-10,5.449,5.449,5.449,5.449,0.0
2012-12-11,5.422,5.422,5.422,5.422,0.0
2012-12-12,5.416,5.416,5.416,5.416,0.0
2012-12-13,5.423,5.423,5.423,5.423,0.0
2012-12-14,5.419,5.419,5.419,5.419,0.0
2012-12-17,5.474,5.474,5.474,5.474,0.0
2012-12-18,5.611,5.611,5.611,5.611,0.0
2012-12-19,5.581,5.581,5.581,5.581,0.0
2012-12-20,5.647,5.647,5.647,5.647,0.0
2012-12-21,5.629,5.629,5.629,5.629,0.0
2012-12-24,5.592,5.592,5.592,5.592,0.0
2012-12-26,5.612,5.612,5.612,5.612,0.0
2012-12-27,5.595,5.595,5.595,5.595,0.0
2012-12-28,5.59,5.59,5.59,5.59,0.0
2012-12-31,5.549,5.549,5.549,5.549,0.0
2013-01-02,5.513,5.513,5.513,5.513,0.0
2013-01-03,5.508,5.508,5.508,5.508,0.0
2013-01-04,5.566,5.566,5.566,5.566,0.0
2013-01-07,5.547,5.547,5.547,5.547,0.0
2013-01-08,5.525,5.525,5.525,5.525,0.0
2013-01-09,5.505,5.505,5.505,5.505,0.0
2013-01-10,5.517,5.517,5.517,5.517,0.0
2013-01-11,5.478,5.478,5.478,5.478,0.0
2013-01-14,5.465,5.465,5.465,5.465,0.0
2013-01-15,5.475,5.475,5.475,5.475,0.0
2013-01-16,5.475,5.475,5.475,5.475,0.0
2013-01-17,5.464,5.464,5.464,5.464,0.0
2013-01-18,5.495,5.495,5.495,5.495,0.0
2013-01-22,5.489,5.489,5.489,5.489,0.0
2013-01-23,5.524,5.524,5.524,5.524,0.0
2013-01-24,5.495,5.495,5.495,5.495,0.0
2013-01-25,5.515,5.515,5.515,5.515,0.0
2013-01-28,5.455,5.455,5.455,5.455,0.0
2013-01-29,5.426,5.426,5.426,5.426,0.0
2013-01-30,5.45,5.45,5.45,5.45,0.0
2013-01-31,5.441,5.441,5.441,5.441,0.0
2013-02-01,5.398,5.398,5.398,5.398,0.0
2013-02-04,5.418,5.418,5.418,5.418,0.0
2013-02-05,5.42,5.42,5.42,5.42,0.0
2013-02-06,5.415,5.415,5.415,5.415,0.0
2013-02-07,5.391,5.391,5.391,5.391,0.0
2013-02-08,5.436,5.436,5.436,5.436,0.0
2013-02-11,5.446,5.446,5.446,5.446,0.0
2013-02-12,5.463,5.463,5.463,5.463,0.0
2013-02-13,5.492,5.492,5.492,5.492,0.0
2013-02-14,5.468,5.468,5.468,5.468,0.0
2013-02-15,5.449,5.449,5.449,5.449,0.0
2013-02-19,5.49,5.49,5.49,5.49,0.0
2013-02-20,5.468,5.468,5.468,5.468,0.0
2013-02-21,5.441,5.441,5.441,5.441,0.0
2013-02-22,5.438,5.438,5.438,5.438,0.0
2013-02-25,5.439,5.439,5.439,5.439,0.0
2013-02-26,5.443,5.443,5.443,5.443,0.0
2013-02-27,5.436,5.436,5.436,5.436,0.0
2013-02-28,5.457,5.457,5.457,5.457,0.0
2013-03-01,5.478,5.478,5.478,5.478,0.0
2013-03-04,5.523,5.523,5.523,5.523,0.0
2013-03-05,5.511,5.511,5.511,5.511,0.0
2013-03-06,5.481,5.481,5.481,5.481,0.0
2013-03-07,5.515,5.515,5.515,5.515,0.0
2013-03-08,5.511,5.511,5.511,5.511,0.0
2013-03-11,5.504,5.504,5.504,5.504,0.0
2013-03-12,5.474,5.474,5.474,5.474,0.0
2013-03-13,5.485,5.485,5.485,5.485,0.0
2013-03-14,5.477,5.477,5.477,5.477,0.0
2013-03-15,5.48,5.48,5.48,5.48,0.0
2013-03-18,5.465,5.465,5.465,5.465,0.0
2013-03-19,5.49,5.49,5.49,5.49,0.0
2013-03-20,5.484,5.484,5.484,5.484,0.0
2013-03-21,5.421,5.421,5.421,5.421,0.0
2013-03-22,5.413,5.413,5.413,5.413,0.0
2013-03-25,5.379,5.379,5.379,5.379,0.0
2013-03-26,5.391,5.391,5.391,5.391,0.0
2013-03-27,5.326,5.326,5.326,5.326,0.0
2013-03-28,5.243,5.243,5.243,5.243,0.0
2013-04-01,5.232,5.232,5.232,5.232,0.0
2013-04-02,5.195,5.195,5.195,5.195,0.0
2013-04-03,5.249,5.249,5.249,5.249,0.0
2013-04-04,5.261,5.261,5.261,5.261,0.0
2013-04-05,5.238,5.238,5.238,5.238,0.0
2013-04-08,5.154,5.154,5.154,5.154,0.0
2013-04-09,4.984,4.984,4.984,4.984,0.0
2013-04-10,4.928,4.928,4.928,4.928,0.0
2013-04-11,5.007,5.007,5.007,5.007,0.0
2013-04-12,5.161,5.161,5.161,5.161,0.0
2013-04-15,5.172,5.172,5.172,5.172,0.0
2013-04-16,5.253,5.253,5.253,5.253,0.0
2013-04-17,5.257,5.257,5.257,5.257,0.0
2013-04-18,5.247,5.247,5.247,5.247,0.0
2013-04-19,5.246,5.246,5.246,5.246,0.0
2013-04-22,5.239,5.239,5.239,5.239,0.0
2013-04-23,5.227,5.227,5.227,5.227,0.0
2013-04-24,5.119,5.119,5.119,5.119,0.0
2013-04-25,5.132,5.132,5.132,5.132,0.0
2013-04-26,5.134,5.134,5.134,5.134,0.0
2013-04-29,5.147,5.147,5.147,5.147,0.0
2013-04-30,5.148,5.148,5.148,5.148,0.0
2013-05-01,5.133,5.133,5.133,5.133,0.0
2013-05-02,5.136,5.136,5.136,5.136,0.0
2013-05-03,5.199,5.199,5.199,5.199,0.0
2013-05-06,5.25,5.25,5.25,5.25,0.0
2013-05-07,5.249,5.249,5.249,5.249,0.0
2013-05-08,5.233,5.233,5.233,5.233,0.0
2013-05-09,5.195,5.195,5.195,5.195,0.0
2013-05-10,5.172,5.172,5.172,5.172,0.0
2013-05-13,5.182,5.182,5.182,5.182,0.0
2013-05-14,5.213,5.213,5.213,5.213,0.0
2013-05-15,5.195,5.195,5.195,5.195,0.0
2013-05-16,5.192,5.192,5.192,5.192,0.0
2013-05-17,5.349,5.349,5.349,5.349,0.0
2013-05-20,5.514,5.514,5.514,5.514,0.0
2013-05-21,5.581,5.581,5.581,5.581,0.0
2013-05-22,5.682,5.682,5.682,5.682,0.0
2013-05-23,5.67,5.67,5.67,5.67,0.0
2013-05-24,5.661,5.661,5.661,5.661,0.0
2013-05-28,5.65,5.65,5.65,5.65,0.0
2013-05-29,5.641,5.641,5.641,5.641,0.0
2013-05-30,5.601,5.601,5.601,5.601,0.0
2013-05-31,5.623,5.623,5.623,5.623,0.0
2013-06-03,5.638,5.638,5.638,5.638,0.0
2013-06-04,5.615,5.615,5.615,5.615,0.0
2013-06-05,5.587,5.587,5.587,5.587,0.0
2013-06-06,5.532,5.532,5.532,5.532,0.0
2013-06-07,5.558,5.558,5.558,5.558,0.0
2013-06-10,5.542,5.542,5.542,5.542,0.0
2013-06-11,5.467,5.467,5.467,5.467,0.0
2013-06-12,5.431,5.431,5.431,5.431,0.0
2013-06-13,5.435,5.435,5.435,5.435,0.0
2013-06-14,5.421,5.421,5.421,5.421,0.0
2013-06-17,5.457,5.457,5.457,5.457,0.0
2013-06-18,5.514,5.514,5.514,5.514,0.0
2013-06-19,5.481,5.481,5.481,5.481,0.0
2013-06-20,5.462,5.462,5.462,5.462,0.0
2013-06-21,5.545,5.545,5.545,5.545,0.0
2013-06-24,5.656,5.656,5.656,5.656,0.0
2013-06-25,5.723,5.723,5.723,5.723,0.0
2013-06-26,5.77,5.77,5.77,5.77,0.0
2013-06-27,5.709,5.709,5.709,5.709,0.0
2013-06-28,5.741,5.741,5.741,5.741,0.0
2013-07-01,5.676,5.676,5.676,5.676,0.0
2013-07-02,5.711,5.711,5.711,5.711,0.0
2013-07-03,5.733,5.733,5.733,5.733,0.0
2013-07-05,5.692,5.692,5.692,5.692,0.0
2013-07-08,5.739,5.739,5.739,5.739,0.0
2013-07-09,5.649,5.649,5.649,5.649,0.0
2013-07-10,5.635,5.635,5.635,5.635,0.0
2013-07-11,5.632,5.632,5.632,5.632,0.0
2013-07-12,5.632,5.632,5.632,5.632,0.0
2013-07-15,5.653,5.653,5.653,5.653,0.0
2013-07-16,5.652,5.652,5.652,5.652,0.0
2013-07-17,5.654,5.654,5.654,5.654,0.0
2013-07-18,5.604,5.604,5.604,5.604,0.0
2013-07-19,5.558,5.558,5.558,5.558,0.0
2013-07-22,5.534,5.534,5.534,5.534,0.0
2013-07-23,5.503,5.503,5.503,5.503,0.0
2013-07-24,5.522,5.522,5.522,5.522,0.0
2013-07-25,5.547,5.547,5.547,5.547,0.0
2013-07-26,5.49,5.49,5.49,5.49,0.0
2013-07-29,5.49,5.49,5.49,5.49,0.0
2013-07-30,5.457,5.457,5.457,5.457,0.0
2013-07-31,5.475,5.475,5.475,5.475,0.0
2013-08-01,5.451,5.451,5.451,5.451,0.0
2013-08-02,5.436,5.436,5.436,5.436,0.0
2013-08-05,5.424,5.424,5.424,5.424,0.0
2013-08-06,5.407,5.407,5.407,5.407,0.0
2013-08-07,5.427,5.427,5.427,5.427,0.0
2013-08-08,5.394,5.394,5.394,5.394,0.0
2013-08-09,5.364,5.364,5.364,5.364,0.0
2013-08-12,5.304,5.304,5.304,5.304,0.0
2013-08-13,5.236,5.236,5.236,5.236,0.0
2013-08-14,5.187,5.187,5.187,5.187,0.0
2013-08-15,5.215,5.215,5.215,5.215,0.0
2013-08-16,5.197,5.197,5.197,5.197,0.0
2013-08-19,5.208,5.208,5.208,5.208,0.0
2013-08-20,5.194,5.194,5.194,5.194,0.0
2013-08-21,5.158,5.158,5.158,5.158,0.0
2013-08-22,5.185,5.185,5.185,5.185,0.0
2013-08-23,5.155,5.155,5.155,5.155,0.0
2013-08-26,5.113,5.113,5.113,5.113,0.0
2013-08-27,5.058,5.058,5.058,5.058,0.0
2013-08-28,5.075,5.075,5.075,5.075,0.0
2013-08-29,5.085,5.085,5.085,5.085,0.0
2013-08-30,5.097,5.097,5.097,5.097,0.0
2013-09-03,5.106,5.106,5.106,5.106,0.0
2013-09-04,5.073,5.073,5.073,5.073,0.0
2013-09-05,5.059,5.059,5.059,5.059,0.0
2013-09-06,5.061,5.061,5.061,5.061,0.0
2013-09-09,5.056,5.056,5.056,5.056,0.0
2013-09-10,5.07,5.07,5.07,5.07,0.0
2013-09-11,5.057,5.057,5.057,5.057,0.0
2013-09-12,5.046,5.046,5.046,5.046,0.0
2013-09-13,5.066,5.066,5.066,5.066,0.0
2013-09-16,5.068,5.068,5.068,5.068,0.0
2013-09-17,5.043,5.043,5.043,5.043,0.0
2013-09-18,5.096,5.096,5.096,5.096,0.0
2013-09-19,5.124,5.124,5.124,5.124,0.0
2013-09-20,5.11,5.11,5.11,5.11,0.0
2013-09-23,5.071,5.071,5.071,5.071,0.0
2013-09-24,5.051,5.051,5.051,5.051,0.0
2013-09-25,5.033,5.033,5.033,5.033,0.0
2013-09-26,5.099,5.099,5.099,5.099,0.0
2013-09-27,5.124,5.124,5.124,5.124,0.0
2013-09-30,5.074,5.074,5.074,5.074,0.0
2013-10-01,5.094,5.094,5.094,5.094,0.0
2013-10-02,5.053,5.053,5.053,5.053,0.0
2013-10-03,5.054,5.054,5.054,5.054,0.0
2013-10-04,5.062,5.062,5.062,5.062,0.0
2013-10-07,5.079,5.079,5.079,5.079,0.0
2013-10-08,5.102,5.102,5.102,5.102,0.0
2013-10-09,5.09,5.09,5.09,5.09,0.0
2013-10-10,5.085,5.085,5.085,5.085,0.0
2013-10-11,5.035,5.035,5.035,5.035,0.0
2013-10-14,5.052,5.052,5.052,5.052,0.0
2013-10-15,5.015,5.015,5.015,5.015,0.0
2013-10-16,4.957,4.957,4.957,4.957,0.0
2013-10-17,5.007,5.007,5.007,5.007,0.0
2013-10-18,5.018,5.018,5.018,5.018,0.0
2013-10-21,5.014,5.014,5.014,5.014,0.0
2013-10-22,5.04,5.04,5.04,5.04,0.0
2013-10-23,5.046,5.046,5.046,5.046,0.0
2013-10-24,5.033,5.033,5.033,5.033,0.0
2013-10-25,5.064,5.064,5.064,5.064,0.0
2013-10-28,5.017,5.017,5.017,5.017,0.0
2013-10-29,5.008,5.008,5.008,5.008,0.0
2013-10-30,4.994,4.994,4.994,4.994,0.0
2013-10-31,4.922,4.922,4.922,4.922,0.0
2013-11-01,4.847,4.847,4.847,4.847,0.0
2013-11-04,4.818,4.818,4.818,4.818,0.0
2013-11-05,4.8,4.8,4.8,4.8,0.0
2013-11-06,4.807,4.807,4.807,4.807,0.0
2013-11-07,4.801,4.801,4.801,4.801,0.0
2013-11-08,4.755,4.755,4.755,4.755,0.0
2013-11-11,4.764,4.764,4.764,4.764,0.0
2013-11-12,4.755,4.755,4.755,4.755,0.0
2013-11-13,4.713,4.713,4.713,4.713,0.0
2013-11-14,4.683,4.683,4.683,4.683,0.0
2013-11-15,4.679,4.679,4.679,4.679,0.0
2013-11-18,4.683,4.683,4.683,4.683,0.0
2013-11-19,4.635,4.635,4.635,4.635,0.0
2013-11-20,4.667,4.667,4.667,4.667,0.0
2013-11-21,4.65,4.65,4.65,4.65,0.0
2013-11-22,4.652,4.652,4.652,4.652,0.0
2013-11-25,4.663,4.663,4.663,4.663,0.0
2013-11-26,4.648,4.648,4.648,4.648,0.0
2013-11-27,4.65,4.65,4.65,4.65,0.0
2013-11-29,4.643,4.643,4.643,4.643,0.0
2013-12-02,4.733,4.733,4.733,4.733,0.0
2013-12-03,4.805,4.805,4.805,4.805,0.0
2013-12-04,4.89,4.89,4.89,4.89,0.0
2013-12-05,4.869,4.869,4.869,4.869,0.0
2013-12-06,4.845,4.845,4.845,4.845,0.0
2013-12-09,4.759,4.759,4.759,4.759,0.0
2013-12-10,4.726,4.726,4.726,4.726,2.0
2013-12-11,4.694,4.694,4.694,4.694,0.0
2013-12-12,4.598,4.598,4.598,4.598,0.0
2013-12-13,4.6,4.6,4.6,4.6,0.0
2013-12-16,4.637,4.637,4.637,4.637,0.0
2013-12-17,4.61,4.61,4.61,4.61,0.0
2013-12-18,4.577,4.577,4.577,4.577,0.0
2013-12-19,4.593,4.593,4.593,4.593,0.0
2013-12-20,4.553,4.553,4.553,4.553,0.0
2013-12-23,4.538,4.538,4.538,4.538,0.0
2013-12-24,4.565,4.565,4.565,4.565,0.0
2013-12-26,4.562,4.562,4.562,4.562,0.0
2013-12-27,4.574,4.574,4.574,4.574,0.0
2013-12-30,4.564,4.564,4.564,4.564,0.0
2013-12-31,4.495,4.495,4.495,4.495,0.0
2014-01-02,4.51,4.51,4.51,4.51,0.0
2014-01-03,4.536,4.536,4.536,4.536,0.0
2014-01-06,4.542,4.542,4.542,4.542,0.0
2014-01-07,4.56,4.56,4.56,4.56,0.0
2014-01-08,4.58,4.58,4.58,4.58,0.0
2014-01-09,4.526,4.526,4.526,4.526,0.0
2014-01-10,4.593,4.593,4.593,4.593,0.0
2014-01-13,4.512,4.512,4.512,4.512,0.0
2014-01-14,4.509,4.509,4.509,4.509,0.0
2014-01-15,4.495,4.495,4.495,4.495,0.0
2014-01-16,4.49,4.49,4.49,4.49,0.0
2014-01-17,4.48,4.48,4.48,4.48,0.0
2014-01-21,4.528,4.528,4.528,4.528,0.0
2014-01-22,4.528,4.528,4.528,4.528,0.0
2014-01-23,4.522,4.522,4.522,4.522,0.0
2014-01-24,4.524,4.524,4.524,4.524,0.0
2014-01-27,4.563,4.563,4.563,4.563,0.0
2014-01-28,4.549,4.549,4.549,4.549,0.0
2014-01-29,4.543,4.543,4.543,4.543,0.0
2014-01-30,4.559,4.559,4.559,4.559,0.0
2014-01-31,4.556,4.556,4.556,4.556,0.0
2014-02-03,4.595,4.595,4.595,4.595,0.0
2014-02-04,4.571,4.571,4.571,4.571,0.0
2014-02-05,4.536,4.536,4.536,4.536,0.0
2014-02-06,4.481,4.481,4.481,4.481,0.0
2014-02-07,4.482,4.482,4.482,4.482,0.0
2014-02-10,4.447,4.447,4.447,4.447,0.0
2014-02-11,4.342,4.342,4.342,4.342,0.0
2014-02-12,4.348,4.348,4.348,4.348,0.0
2014-02-13,4.334,4.334,4.334,4.334,0.0
2014-02-14,4.344,4.344,4.344,4.344,0.0
2014-02-18,4.345,4.345,4.345,4.345,0.0
2014-02-19,4.375,4.375,4.375,4.375,0.0
2014-02-20,4.44,4.44,4.44,4.44,0.0
2014-02-21,4.462,4.462,4.462,4.462,0.0
2014-02-24,4.491,4.491,4.491,4.491,0.0
2014-02-25,4.504,4.504,4.504,4.504,0.0
2014-02-26,4.461,4.461,4.461,4.461,0.0
2014-02-27,4.408,4.408,4.408,4.408,0.0
2014-02-28,4.378,4.378,4.378,4.378,0.0
2014-03-03,4.376,4.376,4.376,4.376,0.0
2014-03-04,4.404,4.404,4.404,4.404,0.0
2014-03-05,4.426,4.426,4.426,4.426,0.0
2014-03-06,4.555,4.555,4.555,4.555,0.0
2014-03-07,4.517,4.517,4.517,4.517,0.0
2014-03-10,4.527,4.527,4.527,4.527,0.0
2014-03-11,4.508,4.508,4.508,4.508,0.0
2014-03-12,4.558,4.558,4.558,4.558,0.0
2014-03-13,4.642,4.642,4.642,4.642,0.0
2014-03-14,4.732,4.732,4.732,4.732,0.0
2014-03-17,4.714,4.714,4.714,4.714,0.0
2014-03-18,4.664,4.664,4.664,4.664,0.0
2014-03-19,4.709,4.709,4.709,4.709,0.0
2014-03-20,4.74,4.74,4.74,4.74,0.0
2014-03-21,4.73,4.73,4.73,4.73,0.0
2014-03-24,4.755,4.755,4.755,4.755,0.0
2014-03-25,4.78,4.78,4.78,4.78,0.0
2014-03-26,4.799,4.799,4.799,4.799,0.0
2014-03-27,4.796,4.796,4.796,4.796,0.0
2014-03-28,4.776,4.776,4.776,4.776,0.0
2014-03-31,4.776,4.776,4.776,4.776,0.0
2014-04-01,4.735,4.735,4.735,4.735,0.0
2014-04-02,4.75,4.75,4.75,4.75,0.0
2014-04-03,4.827,4.827,4.827,4.827,0.0
2014-04-04,4.833,4.833,4.833,4.833,0.0
2014-04-07,4.853,4.853,4.853,4.853,0.0
2014-04-08,4.847,4.847,4.847,4.847,0.0
2014-04-09,4.902,4.902,4.902,4.902,0.0
2014-04-10,4.938,4.938,4.938,4.938,0.0
2014-04-11,4.941,4.941,4.941,4.941,0.0
2014-04-14,4.939,4.939,4.939,4.939,0.0
2014-04-15,4.956,4.956,4.956,4.956,0.0
2014-04-16,4.961,4.961,4.961,4.961,0.0
2014-04-17,4.962,4.962,4.962,4.962,0.0
2014-04-21,4.923,4.923,4.923,4.923,0.0
2014-04-22,4.944,4.944,4.944,4.944,0.0
2014-04-23,4.937,4.937,4.937,4.937,0.0
2014-04-24,4.976,4.976,4.976,4.976,0.0
2014-04-25,4.965,4.965,4.965,4.965,0.0
2014-04-28,4.978,4.978,4.978,4.978,0.0
2014-04-29,5.028,5.028,5.028,5.028,0.0
2014-04-30,5.034,5.034,5.034,5.034,0.0
2014-05-01,5.038,5.038,5.038,5.038,0.0
2014-05-02,5.026,5.026,5.026,5.026,0.0
2014-05-05,5.013,5.013,5.013,5.013,0.0
2014-05-06,5.029,5.029,5.029,5.029,0.0
2014-05-07,5.034,5.034,5.034,5.034,0.0
2014-05-08,5.044,5.044,5.044,5.044,0.0
2014-05-09,5.079,5.079,5.079,5.079,0.0
2014-05-12,5.049,5.049,5.049,5.049,0.0
2014-05-13,5.039,5.039,5.039,5.039,0.0
2014-05-14,5.057,5.057,5.057,5.057,0.0
2014-05-15,5.016,5.016,5.016,5.016,0.0
2014-05-16,4.976,4.976,4.976,4.976,0.0
2014-05-19,4.977,4.977,4.977,4.977,0.0
2014-05-20,4.972,4.972,4.972,4.972,0.0
2014-05-21,4.977,4.977,4.977,4.977,0.0
2014-05-22,4.955,4.955,4.955,4.955,0.0
2014-05-23,4.975,4.975,4.975,4.975,0.0
2014-05-27,4.998,4.998,4.998,4.998,0.0
2014-05-28,4.985,4.985,4.985,4.985,0.0
2014-05-29,4.988,4.988,4.988,4.988,0.0
2014-05-30,4.984,4.984,4.984,4.984,0.0
2014-06-02,5.019,5.019,5.019,5.019,0.0
2014-06-03,4.996,4.996,4.996,4.996,0.0
2014-06-04,4.991,4.991,4.991,4.991,0.0
2014-06-05,5.009,5.009,5.009,5.009,0.0
2014-06-06,5.025,5.025,5.025,5.025,0.0
2014-06-09,5.011,5.011,5.011,5.011,0.0
2014-06-10,5.054,5.054,5.054,5.054,0.0
2014-06-11,5.045,5.045,5.045,5.045,0.0
2014-06-12,5.04,5.04,5.04,5.04,0.0
2014-06-13,5.069,5.069,5.069,5.069,0.0
2014-06-16,5.068,5.068,5.068,5.068,0.0
2014-06-17,5.108,5.108,5.108,5.108,0.0
2014-06-18,5.122,5.122,5.122,5.122,0.0
2014-06-19,5.144,5.144,5.144,5.144,0.0
2014-06-20,5.104,5.104,5.104,5.104,0.0
2014-06-23,5.092,5.092,5.092,5.092,0.0
2014-06-24,5.088,5.088,5.088,5.088,0.0
2014-06-25,5.097,5.097,5.097,5.097,0.0
2014-06-26,5.026,5.026,5.026,5.026,0.0
2014-06-27,5.013,5.013,5.013,5.013,0.0
2014-06-30,5.032,5.032,5.032,5.032,0.0
2014-07-01,5.04,5.04,5.04,5.04,0.0
2014-07-02,5.015,5.015,5.015,5.015,0.0
2014-07-03,5.01,5.01,5.01,5.01,0.0
2014-07-07,4.984,4.984,4.984,4.984,0.0
2014-07-08,4.96,4.96,4.96,4.96,0.0
2014-07-09,4.926,4.926,4.926,4.926,0.0
2014-07-10,4.873,4.873,4.873,4.873,0.0
2014-07-11,4.867,4.867,4.867,4.867,0.0
2014-07-14,4.841,4.841,4.841,4.841,0.0
2014-07-15,4.826,4.826,4.826,4.826,0.0
2014-07-16,4.841,4.841,4.841,4.841,0.0
2014-07-17,4.832,4.832,4.832,4.832,0.0
2014-07-18,4.859,4.859,4.859,4.859,0.0
2014-07-21,4.84,4.84,4.84,4.84,0.0
2014-07-22,4.794,4.794,4.794,4.794,0.0
2014-07-23,4.77,4.77,4.77,4.77,0.0
2014-07-24,4.751,4.751,4.751,4.751,0.0
2014-07-25,4.746,4.746,4.746,4.746,0.0
2014-07-28,4.733,4.733,4.733,4.733,0.0
2014-07-29,4.655,4.655,4.655,4.655,0.0
2014-07-30,4.682,4.682,4.682,4.682,0.0
2014-07-31,4.708,4.708,4.708,4.708,0.0
2014-08-01,4.736,4.736,4.736,4.736,0.0
2014-08-04,4.731,4.731,4.731,4.731,0.0
2014-08-05,4.708,4.708,4.708,4.708,0.0
2014-08-06,4.698,4.698,4.698,4.698,0.0
2014-08-07,4.712,4.712,4.712,4.712,0.0
2014-08-08,4.718,4.718,4.718,4.718,0.0
2014-08-11,4.673,4.673,4.673,4.673,0.0
2014-08-12,4.655,4.655,4.655,4.655,0.0
2014-08-13,4.64,4.64,4.64,4.64,0.0
2014-08-14,4.651,4.651,4.651,4.651,0.0
2014-08-15,4.616,4.616,4.616,4.616,0.0
2014-08-18,4.616,4.616,4.616,4.616,0.0
2014-08-19,4.614,4.614,4.614,4.614,0.0
2014-08-20,4.594,4.594,4.594,4.594,0.0
2014-08-21,4.612,4.612,4.612,4.612,0.0
2014-08-22,4.608,4.608,4.608,4.608,0.0
2014-08-25,4.616,4.616,4.616,4.616,0.0
2014-08-26,4.615,4.615,4.615,4.615,0.0
2014-08-27,4.64,4.64,4.64,4.64,0.0
2014-08-28,4.638,4.638,4.638,4.638,2.0
2014-08-29,4.63,4.63,4.63,4.63,2.0
2014-09-02,4.608,4.608,4.608,4.608,0.0
2014-09-03,4.62,4.62,4.62,4.62,0.0
2014-09-04,4.634,4.634,4.634,4.634,0.0
2014-09-05,4.62,4.62,4.62,4.62,0.0
2014-09-08,4.61,4.61,4.61,4.61,0.0
2014-09-09,4.598,4.598,4.598,4.598,0.0
2014-09-10,4.616,4.616,4.616,4.616,0.0
2014-09-11,4.635,4.635,4.635,4.635,0.0
2014-09-12,4.609,4.609,4.609,4.609,0.0
2014-09-15,4.592,4.592,4.592,4.592,0.0
2014-09-16,4.597,4.597,4.597,4.597,0.0
2014-09-17,4.589,4.589,4.589,4.589,0.0
2014-09-18,4.566,4.566,4.566,4.566,0.0
2014-09-19,4.564,4.564,4.564,4.564,0.0
2014-09-22,4.549,4.549,4.549,4.549,0.0
2014-09-23,4.545,4.545,4.545,4.545,0.0
2014-09-24,4.569,4.569,4.569,4.569,0.0
2014-09-25,4.568,4.568,4.568,4.568,0.0
2014-09-26,4.548,4.548,4.548,4.548,0.0
2014-09-29,4.559,4.559,4.559,4.559,0.0
2014-09-30,4.592,4.592,4.592,4.592,0.0
2014-10-01,4.565,4.565,4.565,4.565,0.0
2014-10-02,4.583,4.583,4.583,4.583,0.0
2014-10-03,4.56,4.56,4.56,4.56,0.0
2014-10-06,4.56,4.56,4.56,4.56,0.0
2014-10-07,4.563,4.563,4.563,4.563,0.0
2014-10-08,4.563,4.563,4.563,4.563,0.0
2014-10-09,4.578,4.578,4.578,4.578,0.0
2014-10-10,4.575,4.575,4.575,4.575,0.0
2014-10-13,4.585,4.585,4.585,4.585,0.0
2014-10-14,4.575,4.575,4.575,4.575,0.0
2014-10-15,4.56,4.56,4.56,4.56,0.0
2014-10-16,4.56,4.56,4.56,4.56,0.0
2014-10-17,4.575,4.575,4.575,4.575,0.0
2014-10-20,4.562,4.562,4.562,4.562,0.0
2014-10-21,4.557,4.557,4.557,4.557,0.0
2014-10-22,4.538,4.538,4.538,4.538,0.0
2014-10-23,4.537,4.537,4.537,4.537,0.0
2014-10-24,4.514,4.514,4.514,4.514,0.0
2014-10-27,4.501,4.501,4.501,4.501,0.0
2014-10-28,4.486,4.486,4.486,4.486,0.0
2014-10-29,4.491,4.491,4.491,4.491,0.0
2014-10-30,4.484,4.484,4.484,4.484,0.0
2014-10-31,4.499,4.499,4.499,4.499,0.0
2014-11-03,4.51,4.51,4.51,4.51,0.0
2014-11-04,4.505,4.505,4.505,4.505,0.0
2014-11-05,4.476,4.476,4.476,4.476,0.0
2014-11-06,4.463,4.463,4.463,4.463,0.0
2014-11-07,4.46,4.46,4.46,4.46,0.0
2014-11-10,4.454,4.454,4.454,4.454,0.0
2014-11-11,4.469,4.469,4.469,4.469,0.0
2014-11-12,4.49,4.49,4.49,4.49,0.0
2014-11-13,4.468,4.468,4.468,4.468,0.0
2014-11-14,4.494,4.494,4.494,4.494,0.0
2014-11-17,4.497,4.497,4.497,4.497,0.0
2014-11-18,4.472,4.472,4.472,4.472,0.0
2014-11-19,4.466,4.466,4.466,4.466,0.0
2014-11-20,4.461,4.461,4.461,4.461,0.0
2014-11-21,4.434,4.434,4.434,4.434,0.0
2014-11-24,4.488,4.488,4.488,4.488,0.0
2014-11-25,4.472,4.472,4.472,4.472,0.0
2014-11-26,4.465,4.465,4.465,4.465,0.0
2014-11-28,4.483,4.483,4.483,4.483,0.0
2014-12-01,4.533,4.533,4.533,4.533,0.0
2014-12-02,4.527,4.527,4.527,4.527,0.0
2014-12-03,4.514,4.514,4.514,4.514,0.0
2014-12-04,4.494,4.494,4.494,4.494,0.0
2014-12-05,4.515,4.515,4.515,4.515,0.0
2014-12-08,4.521,4.521,4.521,4.521,0.0
2014-12-09,4.543,4.543,4.543,4.543,0.0
2014-12-10,4.528,4.528,4.528,4.528,0.0
2014-12-11,4.505,4.505,4.505,4.505,0.0
2014-12-12,4.489,4.489,4.489,4.489,0.0
2014-12-15,4.476,4.476,4.476,4.476,0.0
2014-12-16,4.426,4.426,4.426,4.426,0.0
2014-12-17,4.451,4.451,4.451,4.451,0.0
2014-12-18,4.432,4.432,4.432,4.432,0.0
2014-12-19,4.375,4.375,4.375,4.375,0.0
2014-12-22,4.359,4.359,4.359,4.359,0.0
2014-12-23,4.333,4.333,4.333,4.333,0.0
2014-12-24,4.327,4.327,4.327,4.327,0.0
2014-12-26,4.324,4.324,4.324,4.324,0.0
2014-12-29,4.322,4.322,4.322,4.322,0.0
2014-12-30,4.311,4.311,4.311,4.311,0.0
2014-12-31,4.282,4.282,4.282,4.282,0.0
2015-01-02,4.267,4.267,4.267,4.267,0.0
2015-01-05,4.267,4.267,4.267,4.267,0.0
2015-01-06,4.23,4.23,4.23,4.23,0.0
2015-01-07,4.17,4.17,4.17,4.17,0.0
2015-01-08,4.15,4.15,4.15,4.15,0.0
2015-01-09,4.138,4.138,4.138,4.138,0.0
2015-01-12,4.043,4.043,4.043,4.043,0.0
2015-01-13,4.02,4.02,4.02,4.02,0.0
2015-01-14,3.945,3.945,3.945,3.945,0.0
2015-01-15,3.895,3.895,3.895,3.895,0.0
2015-01-16,3.903,3.903,3.903,3.903,0.0
2015-01-20,3.893,3.893,3.893,3.893,0.0
2015-01-21,3.902,3.902,3.902,3.902,0.0
2015-01-22,3.903,3.903,3.903,3.903,0.0
2015-01-23,3.9,3.9,3.9,3.9,0.0
2015-01-26,3.918,3.918,3.918,3.918,0.0
2015-01-27,3.912,3.912,3.912,3.912,0.0
2015-01-28,3.931,3.931,3.931,3.931,0.0
2015-01-29,3.914,3.914,3.914,3.914,0.0
2015-01-30,3.921,3.921,3.921,3.921,0.0
2015-02-02,3.884,3.884,3.884,3.884,0.0
2015-02-03,3.9,3.9,3.9,3.9,0.0
2015-02-04,3.911,3.911,3.911,3.911,0.0
2015-02-05,3.821,3.821,3.821,3.821,0.0
2015-02-06,3.875,3.875,3.875,3.875,0.0
2015-02-09,3.882,3.882,3.882,3.882,0.0
2015-02-10,3.903,3.903,3.903,3.903,0.0
2015-02-11,3.886,3.886,3.886,3.886,0.0
2015-02-12,3.887,3.887,3.887,3.887,0.0
2015-02-13,3.927,3.927,3.927,3.927,0.0
2015-02-17,3.867,3.867,3.867,3.867,0.0
2015-02-18,3.886,3.886,3.886,3.886,0.0
2015-02-19,3.86,3.86,3.86,3.86,0.0
2015-02-20,3.865,3.865,3.865,3.865,0.0
2015-02-23,3.837,3.837,3.837,3.837,0.0
2015-02-24,3.845,3.845,3.845,3.845,0.0
2015-02-25,3.851,3.851,3.851,3.851,0.0
2015-02-26,3.821,3.821,3.821,3.821,0.0
2015-02-27,3.822,3.822,3.822,3.822,0.0
2015-03-02,3.808,3.808,3.808,3.808,0.0
2015-03-03,3.821,3.821,3.821,3.821,0.0
2015-03-04,3.815,3.815,3.815,3.815,0.0
2015-03-05,3.779,3.779,3.779,3.779,0.0
2015-03-06,3.779,3.779,3.779,3.779,0.0
2015-03-09,3.754,3.754,3.754,3.754,0.0
2015-03-10,3.752,3.752,3.752,3.752,0.0
2015-03-11,3.745,3.745,3.745,3.745,0.0
2015-03-12,3.714,3.714,3.714,3.714,0.0
2015-03-13,3.71,3.71,3.71,3.71,0.0
2015-03-16,3.723,3.723,3.723,3.723,0.0
2015-03-17,3.706,3.706,3.706,3.706,0.0
2015-03-18,3.728,3.728,3.728,3.728,0.0
2015-03-19,3.734,3.734,3.734,3.734,0.0
2015-03-20,3.712,3.712,3.712,3.712,0.0
2015-03-23,3.713,3.713,3.713,3.713,0.0
2015-03-24,3.73,3.73,3.73,3.73,0.0
2015-03-25,3.699,3.699,3.699,3.699,0.0
2015-03-26,3.69,3.69,3.69,3.69,0.0
2015-03-27,3.665,3.665,3.665,3.665,0.0
2015-03-30,3.653,3.653,3.653,3.653,0.0
2015-03-31,3.665,3.665,3.665,3.665,0.0
2015-04-01,3.659,3.659,3.659,3.659,0.0
2015-04-02,3.709,3.709,3.709,3.709,0.0
2015-04-06,3.707,3.707,3.707,3.707,0.0
2015-04-07,3.747,3.747,3.747,3.747,0.0
2015-04-08,3.755,3.755,3.755,3.755,0.0
2015-04-09,3.748,3.748,3.748,3.748,0.0
2015-04-10,3.743,3.743,3.743,3.743,0.0
2015-04-13,3.733,3.733,3.733,3.733,0.0
2015-04-14,3.726,3.726,3.726,3.726,0.0
2015-04-15,3.733,3.733,3.733,3.733,0.0
2015-04-16,3.753,3.753,3.753,3.753,0.0
2015-04-17,3.734,3.734,3.734,3.734,0.0
2015-04-20,3.735,3.735,3.735,3.735,0.0
2015-04-21,3.738,3.738,3.738,3.738,0.0
2015-04-22,3.745,3.745,3.745,3.745,0.0
2015-04-23,3.703,3.703,3.703,3.703,0.0
2015-04-24,3.701,3.701,3.701,3.701,0.0
2015-04-27,3.681,3.681,3.681,3.681,0.0
2015-04-28,3.676,3.676,3.676,3.676,0.0
2015-04-29,3.681,3.681,3.681,3.681,0.0
2015-04-30,3.68,3.68,3.68,3.68,0.0
2015-05-01,3.683,3.683,3.683,3.683,0.0
2015-05-04,3.68,3.68,3.68,3.68,0.0
2015-05-05,3.686,3.686,3.686,3.686,0.0
2015-05-06,3.694,3.694,3.694,3.694,0.0
2015-05-07,3.691,3.691,3.691,3.691,0.0
2015-05-08,3.705,3.705,3.705,3.705,0.0
2015-05-11,3.687,3.687,3.687,3.687,0.0
2015-05-12,3.674,3.674,3.674,3.674,0.0
2015-05-13,3.683,3.683,3.683,3.683,0.0
2015-05-14,3.694,3.694,3.694,3.694,0.0
2015-05-15,3.687,3.687,3.687,3.687,0.0
2015-05-18,3.688,3.688,3.688,3.688,0.0
2015-05-19,3.681,3.681,3.681,3.681,0.0
2015-05-20,3.678,3.678,3.678,3.678,0.0
2015-05-21,3.677,3.677,3.677,3.677,0.0
2015-05-22,3.673,3.673,3.673,3.673,0.0
2015-05-26,3.674,3.674,3.674,3.674,0.0
2015-05-27,3.669,3.669,3.669,3.669,0.0
2015-05-28,3.661,3.661,3.661,3.661,0.0
2015-05-29,3.651,3.651,3.651,3.651,0.0
2015-06-01,3.652,3.652,3.652,3.652,0.0
2015-06-02,3.649,3.649,3.649,3.649,0.0
2015-06-03,3.65,3.65,3.65,3.65,0.0
2015-06-04,3.604,3.604,3.604,3.604,0.0
2015-06-05,3.565,3.565,3.565,3.565,0.0
2015-06-08,3.573,3.573,3.573,3.573,0.0
2015-06-09,3.577,3.577,3.577,3.577,0.0
2015-06-10,3.578,3.578,3.578,3.578,0.0
2015-06-11,3.623,3.623,3.623,3.623,0.0
2015-06-12,3.624,3.624,3.624,3.624,0.0
2015-06-15,3.63,3.63,3.63,3.63,0.0
2015-06-16,3.655,3.655,3.655,3.655,0.0
2015-06-17,3.649,3.649,3.649,3.649,0.0
2015-06-18,3.627,3.627,3.627,3.627,0.0
2015-06-19,3.632,3.632,3.632,3.632,0.0
2015-06-22,3.615,3.615,3.615,3.615,0.0
2015-06-23,3.614,3.614,3.614,3.614,0.0
2015-06-24,3.616,3.616,3.616,3.616,0.0
2015-06-25,3.617,3.617,3.617,3.617,0.0
2015-06-26,3.618,3.618,3.618,3.618,0.0
2015-06-29,3.616,3.616,3.616,3.616,0.0
2015-06-30,3.628,3.628,3.628,3.628,0.0
2015-07-01,3.639,3.639,3.639,3.639,0.0
2015-07-02,3.643,3.643,3.643,3.643,0.0
2015-07-06,3.604,3.604,3.604,3.604,0.0
2015-07-07,3.6,3.6,3.6,3.6,0.0
2015-07-08,3.613,3.613,3.613,3.613,0.0
2015-07-09,3.617,3.617,3.617,3.617,0.0
2015-07-10,3.615,3.615,3.615,3.615,0.0
2015-07-13,3.615,3.615,3.615,3.615,0.0
2015-07-14,3.65,3.65,3.65,3.65,0.0
2015-07-15,3.669,3.669,3.669,3.669,0.0
2015-07-16,3.66,3.66,3.66,3.66,0.0
2015-07-17,3.667,3.667,3.667,3.667,0.0
2015-07-20,3.66,3.66,3.66,3.66,0.0
2015-07-21,3.659,3.659,3.659,3.659,0.0
2015-07-22,3.655,3.655,3.655,3.655,0.0
2015-07-23,3.635,3.635,3.635,3.635,0.0
2015-07-24,3.637,3.637,3.637,3.637,0.0
2015-07-27,3.658,3.658,3.658,3.658,0.0
2015-07-28,3.657,3.657,3.657,3.657,0.0
2015-07-29,3.651,3.651,3.651,3.651,0.0
2015-07-30,3.63,3.63,3.63,3.63,0.0
2015-07-31,3.597,3.597,3.597,3.597,0.0
2015-08-03,3.573,3.573,3.573,3.573,0.0
2015-08-04,3.525,3.525,3.525,3.525,0.0
2015-08-05,3.524,3.524,3.524,3.524,0.0
2015-08-06,3.507,3.507,3.507,3.507,0.0
2015-08-07,3.501,3.501,3.501,3.501,0.0
2015-08-10,3.499,3.499,3.499,3.499,0.0
2015-08-11,3.473,3.473,3.473,3.473,0.0
2015-08-12,3.462,3.462,3.462,3.462,0.0
2015-08-13,3.473,3.473,3.473,3.473,0.0
2015-08-14,3.478,3.478,3.478,3.478,0.0
2015-08-17,3.483,3.483,3.483,3.483,0.0
2015-08-18,3.49,3.49,3.49,3.49,0.0
2015-08-19,3.441,3.441,3.441,3.441,0.0
2015-08-20,3.426,3.426,3.426,3.426,0.0
2015-08-21,3.396,3.396,3.396,3.396,0.0
2015-08-24,3.35,3.35,3.35,3.35,0.0
2015-08-25,3.338,3.338,3.338,3.338,0.0
2015-08-26,3.346,3.346,3.346,3.346,0.0
2015-08-27,3.353,3.353,3.353,3.353,0.0
2015-08-28,3.38,3.38,3.38,3.38,0.0
2015-08-31,3.377,3.377,3.377,3.377,0.0
2015-09-01,3.388,3.388,3.388,3.388,0.0
2015-09-02,3.383,3.383,3.383,3.383,0.0
2015-09-03,3.39,3.39,3.39,3.39,0.0
2015-09-04,3.38,3.38,3.38,3.38,0.0
2015-09-08,3.386,3.386,3.386,3.386,0.0
2015-09-09,3.401,3.401,3.401,3.401,0.0
2015-09-10,3.403,3.403,3.403,3.403,0.0
2015-09-11,3.363,3.363,3.363,3.363,0.0
2015-09-14,3.374,3.374,3.374,3.374,0.0
2015-09-15,3.37,3.37,3.37,3.37,0.0
2015-09-16,3.345,3.345,3.345,3.345,0.0
2015-09-17,3.318,3.318,3.318,3.318,0.0
2015-09-18,3.308,3.308,3.308,3.308,0.0
2015-09-21,3.297,3.297,3.297,3.297,0.0
2015-09-22,3.286,3.286,3.286,3.286,0.0
2015-09-23,3.298,3.298,3.298,3.298,0.0
2015-09-24,3.335,3.335,3.335,3.335,0.0
2015-09-25,3.3,3.3,3.3,3.3,0.0
2015-09-28,3.297,3.297,3.297,3.297,0.0
2015-09-29,3.267,3.267,3.267,3.267,0.0
2015-09-30,3.24,3.24,3.24,3.24,0.0
2015-10-01,3.223,3.223,3.223,3.223,0.0
2015-10-02,3.233,3.233,3.233,3.233,0.0
2015-10-05,3.246,3.246,3.246,3.246,0.0
2015-10-06,3.28,3.28,3.28,3.28,0.0
2015-10-07,3.282,3.282,3.282,3.282,0.0
2015-10-08,3.277,3.277,3.277,3.277,0.0
2015-10-09,3.277,3.277,3.277,3.277,0.0
2015-10-12,3.282,3.282,3.282,3.282,0.0
2015-10-13,3.284,3.284,3.284,3.284,0.0
2015-10-14,3.286,3.286,3.286,3.286,0.0
2015-10-15,3.273,3.273,3.273,3.273,0.0
2015-10-16,3.279,3.279,3.279,3.279,0.0
2015-10-19,3.283,3.283,3.283,3.283,0.0
2015-10-20,3.298,3.298,3.298,3.298,0.0
2015-10-21,3.281,3.281,3.281,3.281,0.0
2015-10-22,3.274,3.274,3.274,3.274,0.0
2015-10-23,3.237,3.237,3.237,3.237,0.0
2015-10-26,3.201,3.201,3.201,3.201,0.0
2015-10-27,3.191,3.191,3.191,3.191,0.0
2015-10-28,3.191,3.191,3.191,3.191,0.0
2015-10-29,3.179,3.179,3.179,3.179,0.0
2015-10-30,3.207,3.207,3.207,3.207,0.0
2015-11-02,3.186,3.186,3.186,3.186,0.0
2015-11-03,3.198,3.198,3.198,3.198,0.0
2015-11-04,3.206,3.206,3.206,3.206,0.0
2015-11-05,3.218,3.218,3.218,3.218,0.0
2015-11-06,3.216,3.216,3.216,3.216,0.0
2015-11-09,3.207,3.207,3.207,3.207,0.0
2015-11-10,3.205,3.205,3.205,3.205,0.0
2015-11-11,3.197,3.197,3.197,3.197,8.0
2015-11-12,3.183,3.183,3.183,3.183,0.0
2015-11-13,3.203,3.203,3.203,3.203,0.0
2015-11-16,3.213,3.213,3.213,3.213,0.0
2015-11-17,3.212,3.212,3.212,3.212,0.0
2015-11-18,3.155,3.155,3.155,3.155,0.0
2015-11-19,3.112,3.112,3.112,3.112,0.0
2015-11-20,3.081,3.081,3.081,3.081,0.0
2015-11-23,3.104,3.104,3.104,3.104,0.0
2015-11-24,3.11,3.11,3.11,3.11,0.0
2015-11-25,3.12,3.12,3.12,3.12,0.0
2015-11-27,3.102,3.102,3.102,3.102,0.0
2015-11-30,3.12,3.12,3.12,3.12,0.0
2015-12-01,3.131,3.131,3.131,3.131,0.0
2015-12-02,3.162,3.162,3.162,3.162,0.0
2015-12-03,3.167,3.167,3.167,3.167,0.0
2015-12-04,3.172,3.172,3.172,3.172,0.0
2015-12-07,3.157,3.157,3.157,3.157,0.0
2015-12-08,3.171,3.171,3.171,3.171,0.0
2015-12-09,3.192,3.192,3.192,3.192,0.0
2015-12-10,3.213,3.213,3.213,3.213,0.0
2015-12-11,3.227,3.227,3.227,3.227,50.0
2015-12-14,3.213,3.213,3.205,3.205,1.0
2015-12-15,3.18,3.18,3.18,3.18,0.0
2015-12-16,3.205,3.205,3.205,3.205,0.0
2015-12-17,3.205,3.226,3.205,3.226,1.0
2015-12-18,3.222,3.222,3.222,3.222,0.0
2015-12-21,3.215,3.215,3.215,3.215,0.0
2015-12-22,3.221,3.221,3.221,3.221,0.0
2015-12-23,3.213,3.213,3.213,3.213,0.0
2015-12-24,3.213,3.213,3.213,3.213,0.0
2015-12-28,3.24,3.24,3.24,3.24,0.0
2015-12-29,3.223,3.223,3.223,3.223,0.0
2015-12-30,3.215,3.215,3.215,3.215,0.0
2015-12-31,3.22,3.22,3.22,3.22,0.0
2016-01-04,3.2,3.2,3.2,3.2,0.0
2016-01-05,3.182,3.182,3.182,3.182,0.0
2016-01-06,3.185,3.185,3.185,3.185,0.0
2016-01-07,3.206,3.206,3.206,3.206,0.0
2016-01-08,3.185,3.185,3.185,3.185,0.0
2016-01-11,3.154,3.154,3.154,3.154,0.0
2016-01-12,3.13,3.13,3.13,3.13,0.0
2016-01-13,3.146,3.146,3.146,3.146,0.0
2016-01-14,3.159,3.159,3.159,3.159,0.0
2016-01-15,3.145,3.145,3.145,3.145,0.0
2016-01-19,3.147,3.147,3.147,3.147,0.0
2016-01-20,3.145,3.145,3.145,3.145,0.0
2016-01-21,3.155,3.155,3.155,3.155,0.0
2016-01-22,3.149,3.149,3.149,3.149,0.0
2016-01-25,3.142,3.142,3.142,3.142,0.0
2016-01-26,3.127,3.127,3.127,3.127,0.0
2016-01-27,3.134,3.134,3.134,3.134,0.0
2016-01-28,3.165,3.165,3.165,3.165,0.0
2016-01-29,3.147,3.147,3.147,3.147,0.0
2016-02-01,3.103,3.103,3.103,3.103,0.0
2016-02-02,3.038,3.038,3.038,3.038,0.0
2016-02-03,3.077,3.077,3.077,3.077,0.0
2016-02-04,3.08,3.08,3.08,3.08,0.0
2016-02-05,3.078,3.078,3.078,3.078,4.0
2016-02-08,3.021,3.021,3.021,3.021,0.0
2016-02-09,2.988,2.988,2.988,2.988,0.0
2016-02-10,2.955,2.955,2.955,2.955,0.0
2016-02-11,2.915,2.915,2.915,2.915,0.0
2016-02-12,2.887,2.887,2.887,2.887,0.0
2016-02-16,2.853,2.853,2.853,2.853,0.0
2016-02-17,2.846,2.846,2.846,2.846,0.0
2016-02-18,2.822,2.822,2.822,2.822,0.0
2016-02-19,2.79,2.79,2.79,2.79,0.0
2016-02-22,2.729,2.729,2.729,2.729,0.0
2016-02-23,2.748,2.748,2.748,2.748,0.0
2016-02-24,2.768,2.768,2.768,2.768,0.0
2016-02-25,2.739,2.739,2.739,2.739,0.0
2016-02-26,2.761,2.761,2.761,2.761,0.0
2016-02-29,2.812,2.812,2.812,2.812,0.0
2016-03-01,2.851,2.851,2.851,2.851,0.0
2016-03-02,2.854,2.854,2.854,2.854,0.0
2016-03-03,2.856,2.856,2.856,2.856,0.0
2016-03-04,2.855,2.855,2.855,2.855,0.0
2016-03-07,2.862,2.862,2.862,2.862,0.0
2016-03-08,2.868,2.868,2.868,2.868,0.0
2016-03-09,2.909,2.909,2.909,2.909,0.0
2016-03-10,2.932,2.932,2.932,2.932,0.0
2016-03-11,2.952,2.952,2.952,2.952,13.0
2016-03-14,2.944,2.944,2.944,2.944,0.0
2016-03-15,2.943,2.943,2.943,2.943,0.0
2016-03-16,2.953,2.953,2.953,2.953,0.0
2016-03-17,2.958,2.958,2.958,2.958,0.0
2016-03-18,2.949,2.949,2.949,2.949,0.0
2016-03-21,2.935,2.935,2.935,2.935,0.0
2016-03-22,2.958,2.958,2.958,2.958,0.0
2016-03-23,2.978,2.978,2.978,2.978,0.0
2016-03-24,3.0,3.0,3.0,3.0,0.0
2016-03-28,3.063,3.063,3.063,3.063,0.0
2016-03-29,3.078,3.078,3.078,3.078,0.0
2016-03-30,3.073,3.073,3.073,3.073,0.0
2016-03-31,3.077,3.077,3.077,3.077,0.0
2016-04-01,3.076,3.076,3.076,3.076,0.0
2016-04-04,3.08,3.08,3.08,3.08,0.0
2016-04-05,3.088,3.088,3.088,3.088,0.0
2016-04-06,3.097,3.097,3.097,3.097,0.0
2016-04-07,3.103,3.103,3.103,3.103,0.0
2016-04-08,3.118,3.118,3.118,3.118,0.0
2016-04-11,3.115,3.115,3.115,3.115,0.0
2016-04-12,3.116,3.116,3.116,3.116,0.0
2016-04-13,3.112,3.112,3.112,3.112,0.0
2016-04-14,3.11,3.11,3.11,3.11,0.0
2016-04-15,3.085,3.085,3.085,3.085,0.0
2016-04-18,3.094,3.094,3.094,3.094,0.0
2016-04-19,3.093,3.093,3.093,3.093,0.0
2016-04-20,3.089,3.089,3.089,3.089,0.0
2016-04-21,3.116,3.116,3.116,3.116,0.0
2016-04-22,3.11,3.11,3.11,3.11,0.0
2016-04-25,3.125,3.125,3.125,3.125,0.0
2016-04-26,3.161,3.161,3.161,3.161,0.0
2016-04-27,3.17,3.17,3.17,3.17,0.0
2016-04-28,3.164,3.164,3.164,3.164,0.0
2016-04-29,3.162,3.162,3.162,3.162,0.0
2016-05-02,3.142,3.142,3.142,3.142,0.0
2016-05-03,3.148,3.148,3.148,3.148,0.0
2016-05-04,3.157,3.157,3.157,3.157,0.0
2016-05-05,3.177,3.177,3.177,3.177,0.0
2016-05-06,3.159,3.159,3.159,3.159,0.0
2016-05-09,3.147,3.147,3.147,3.147,0.0
2016-05-10,3.121,3.121,3.121,3.121,0.0
2016-05-11,3.121,3.121,3.121,3.121,0.0
2016-05-12,3.11,3.11,3.11,3.11,0.0
2016-05-13,3.09,3.09,3.09,3.09,0.0
2016-05-16,3.091,3.091,3.091,3.091,0.0
2016-05-17,3.075,3.075,3.075,3.075,0.0
2016-05-18,3.052,3.052,3.052,3.052,0.0
2016-05-19,3.075,3.075,3.075,3.075,0.0
2016-05-20,3.063,3.063,3.063,3.063,0.0
2016-05-23,3.07,3.07,3.07,3.07,0.0
2016-05-24,3.091,3.091,3.091,3.091,0.0
2016-05-25,3.132,3.132,3.132,3.132,0.0
2016-05-26,3.158,3.158,3.158,3.158,0.0
2016-05-27,3.165,3.165,3.165,3.165,0.0
2016-05-31,3.172,3.172,3.172,3.172,0.0
2016-06-01,3.155,3.155,3.155,3.155,0.0
2016-06-02,3.156,3.156,3.156,3.156,0.0
2016-06-03,3.146,3.146,3.146,3.146,0.0
2016-06-06,3.141,3.141,3.141,3.141,0.0
2016-06-07,3.164,3.164,3.164,3.164,0.0
2016-06-08,3.162,3.162,3.162,3.162,0.0
2016-06-09,3.152,3.152,3.152,3.152,0.0
2016-06-10,3.134,3.134,3.134,3.134,0.0
2016-06-13,3.088,3.088,3.088,3.088,0.0
2016-06-14,3.071,3.071,3.071,3.071,0.0
2016-06-15,3.071,3.071,3.071,3.071,0.0
2016-06-16,3.071,3.071,3.071,3.071,0.0
2016-06-17,3.05,3.05,3.05,3.05,0.0
2016-06-20,3.05,3.05,3.05,3.05,0.0
2016-06-21,3.04,3.04,3.04,3.04,0.0
2016-06-22,3.052,3.052,3.052,3.052,0.0
2016-06-23,3.051,3.051,3.051,3.051,0.0
2016-06-24,3.069,3.069,3.069,3.069,0.0
2016-06-27,3.052,3.052,3.052,3.052,0.0
2016-06-28,3.084,3.084,3.084,3.084,0.0
2016-06-29,3.078,3.078,3.078,3.078,0.0
2016-06-30,3.093,3.093,3.093,3.093,0.0
2016-07-01,3.097,3.097,3.097,3.097,0.0
2016-07-05,3.084,3.084,3.084,3.084,0.0
2016-07-06,3.106,3.106,3.106,3.106,0.0
2016-07-07,3.104,3.104,3.104,3.104,0.0
2016-07-08,3.106,3.106,3.106,3.106,0.0
2016-07-11,3.102,3.102,3.102,3.102,0.0
2016-07-12,3.1,3.1,3.1,3.1,0.0
2016-07-13,3.111,3.111,3.111,3.111,0.0
2016-07-14,3.11,3.11,3.11,3.11,0.0
2016-07-15,3.099,3.099,3.099,3.099,0.0
2016-07-18,3.101,3.101,3.101,3.101,0.0
2016-07-19,3.089,3.089,3.089,3.089,0.0
2016-07-20,3.076,3.076,3.076,3.076,0.0
2016-07-21,3.085,3.085,3.085,3.085,0.0
2016-07-22,3.095,3.095,3.095,3.095,0.0
2016-07-25,3.101,3.101,3.101,3.101,0.0
2016-07-26,3.099,3.099,3.099,3.099,0.0
2016-07-27,3.087,3.087,3.087,3.087,0.0
2016-07-28,3.09,3.09,3.09,3.09,0.0
2016-07-29,3.092,3.092,3.092,3.092,0.0
2016-08-01,3.074,3.074,3.074,3.074,0.0
2016-08-02,3.082,3.082,3.082,3.082,0.0
2016-08-03,3.084,3.084,3.084,3.084,0.0
2016-08-04,3.105,3.105,3.105,3.105,0.0
2016-08-05,3.101,3.101,3.101,3.101,0.0
2016-08-08,3.105,3.105,3.105,3.105,0.0
2016-08-09,3.099,3.099,3.099,3.099,0.0
2016-08-10,3.08,3.08,3.08,3.08,0.0
2016-08-11,3.069,3.069,3.069,3.069,0.0
2016-08-12,3.066,3.066,3.066,3.066,0.0
2016-08-15,3.067,3.067,3.067,3.067,0.0
2016-08-16,3.076,3.076,3.076,3.076,0.0
2016-08-17,3.089,3.089,3.089,3.089,0.0
2016-08-18,3.088,3.088,3.088,3.088,0.0
2016-08-19,3.075,3.075,3.075,3.075,0.0
2016-08-22,3.07,3.07,3.07,3.07,0.0
2016-08-23,3.09,3.09,3.09,3.09,0.0
2016-08-24,3.114,3.114,3.114,3.114,0.0
2016-08-25,3.084,3.084,3.084,3.084,0.0
2016-08-26,3.064,3.064,3.064,3.064,0.0
2016-08-29,3.06,3.06,3.06,3.06,0.0
2016-08-30,3.055,3.055,3.055,3.055,0.0
2016-08-31,3.077,3.077,3.077,3.077,0.0
2016-09-01,3.04,3.04,3.04,3.04,0.0
2016-09-02,3.036,3.036,3.036,3.036,0.0
2016-09-06,3.027,3.027,3.027,3.027,0.0
2016-09-07,3.013,3.013,3.013,3.013,0.0
2016-09-08,3.022,3.022,3.022,3.022,0.0
2016-09-09,3.005,3.005,3.005,3.005,0.0
2016-09-12,3.007,3.007,3.007,3.007,0.0
2016-09-13,2.991,2.991,2.991,2.991,0.0
2016-09-14,2.997,2.997,2.997,2.997,0.0
2016-09-15,2.989,2.989,2.989,2.989,0.0
2016-09-16,2.976,2.976,2.976,2.976,0.0
2016-09-19,2.968,2.968,2.968,2.968,0.0
2016-09-20,2.964,2.964,2.964,2.964,0.0
2016-09-21,2.965,2.965,2.965,2.965,0.0
2016-09-22,2.949,2.949,2.949,2.949,0.0
2016-09-23,2.949,2.949,2.949,2.949,0.0
2016-09-26,2.968,2.968,2.968,2.968,0.0
2016-09-27,2.941,2.941,2.941,2.941,0.0
2016-09-28,2.918,2.918,2.918,2.918,0.0
2016-09-29,2.887,2.887,2.887,2.887,0.0
2016-09-30,2.876,2.876,2.876,2.876,4.0
2016-10-03,2.886,2.886,2.886,2.886,0.0
2016-10-04,2.867,2.867,2.867,2.867,0.0
2016-10-05,2.905,2.905,2.905,2.905,0.0
2016-10-06,2.901,2.901,2.901,2.901,0.0
2016-10-07,2.922,2.922,2.922,2.922,0.0
2016-10-10,2.92,2.92,2.92,2.92,0.0
2016-10-11,2.975,2.975,2.975,2.975,0.0
2016-10-12,2.959,2.959,2.959,2.959,0.0
2016-10-13,2.967,2.967,2.967,2.967,0.0
2016-10-14,2.96,2.96,2.96,2.96,0.0
2016-10-17,2.972,2.972,2.972,2.972,0.0
2016-10-18,2.981,2.981,2.981,2.981,0.0
2016-10-19,2.975,2.975,2.975,2.975,0.0
2016-10-20,2.976,2.976,2.976,2.976,0.0
2016-10-21,2.984,2.984,2.984,2.984,0.0
2016-10-24,2.984,2.984,2.984,2.984,0.0
2016-10-25,2.969,2.969,2.969,2.969,0.0
2016-10-26,2.947,2.947,2.947,2.947,0.0
2016-10-27,2.979,2.979,2.979,2.979,0.0
2016-10-28,3.003,3.003,3.003,3.003,0.0
2016-10-31,2.998,2.998,2.998,2.998,0.0
2016-11-01,2.989,2.989,2.989,2.989,0.0
2016-11-02,2.975,2.975,2.975,2.975,0.0
2016-11-03,2.968,2.968,2.968,2.968,0.0
2016-11-04,2.955,2.955,2.955,2.955,0.0
2016-11-07,2.96,2.96,2.96,2.96,0.0
2016-11-08,2.941,2.941,2.941,2.941,0.0
2016-11-09,2.939,2.939,2.939,2.939,0.0
2016-11-10,2.946,2.946,2.946,2.946,0.0
2016-11-11,2.948,2.948,2.948,2.948,0.0
2016-11-14,2.949,2.949,2.949,2.949,0.0
2016-11-15,2.924,2.924,2.924,2.924,0.0
2016-11-16,2.937,2.937,2.937,2.937,0.0
2016-11-17,2.971,2.971,2.971,2.971,0.0
2016-11-18,2.988,2.988,2.988,2.988,0.0
2016-11-21,2.988,2.988,2.988,2.988,0.0
2016-11-22,2.96,2.96,2.96,2.96,0.0
2016-11-23,2.951,2.951,2.951,2.951,0.0
2016-11-25,2.95,2.95,2.95,2.95,0.0
2016-11-28,2.94,2.94,2.94,2.94,0.0
2016-11-29,2.916,2.916,2.916,2.916,0.0
2016-11-30,2.91,2.91,2.91,2.91,0.0
2016-12-01,2.939,2.939,2.939,2.939,0.0
2016-12-02,2.931,2.931,2.931,2.931,0.0
2016-12-05,2.929,2.929,2.929,2.929,0.0
2016-12-06,2.902,2.902,2.902,2.902,0.0
2016-12-07,2.917,2.917,2.917,2.917,0.0
2016-12-08,2.948,2.948,2.948,2.948,0.0
2016-12-09,2.928,2.928,2.928,2.928,0.0
2016-12-12,2.918,2.918,2.918,2.918,0.0
2016-12-13,2.911,2.911,2.911,2.911,0.0
2016-12-14,2.918,2.918,2.892,2.892,6.0
2016-12-15,2.902,2.902,2.902,2.902,0.0
2016-12-16,2.915,2.915,2.915,2.915,0.0
2016-12-19,2.932,2.932,2.932,2.932,0.0
2016-12-20,2.882,2.894,2.882,2.894,1.0
2016-12-21,2.918,2.918,2.918,2.918,0.0
2016-12-22,2.886,2.886,2.886,2.886,0.0
2016-12-23,2.882,2.882,2.882,2.882,0.0
2016-12-27,2.892,2.892,2.892,2.892,0.0
2016-12-28,2.907,2.907,2.907,2.907,0.0
2016-12-29,2.912,2.912,2.912,2.912,0.0
2016-12-30,2.91,2.91,2.91,2.91,0.0
2017-01-03,2.896,2.896,2.896,2.896,0.0
2017-01-04,2.89,2.89,2.89,2.89,0.0
2017-01-05,2.906,2.906,2.906,2.906,0.0
2017-01-06,2.906,2.906,2.906,2.906,0.0
2017-01-09,2.896,2.896,2.896,2.896,0.0
2017-01-10,2.94,2.94,2.94,2.94,0.0
2017-01-11,2.929,2.929,2.929,2.929,0.0
2017-01-12,2.942,2.942,2.942,2.942,0.0
2017-01-13,2.923,2.923,2.923,2.923,0.0
2017-01-17,2.923,2.923,2.923,2.923,0.0
2017-01-18,2.931,2.931,2.931,2.931,0.0
2017-01-19,2.929,2.929,2.929,2.929,0.0
2017-01-20,2.911,2.911,2.911,2.911,0.0
2017-01-23,2.916,2.916,2.916,2.916,0.0
2017-01-24,2.91,2.91,2.91,2.91,0.0
2017-01-25,2.901,2.901,2.901,2.901,0.0
2017-01-26,2.902,2.902,2.902,2.902,7.0
2017-01-27,2.89,2.89,2.89,2.89,1.0
2017-01-30,2.895,2.895,2.895,2.895,0.0
2017-01-31,2.892,2.892,2.892,2.892,0.0
2017-02-01,2.891,2.891,2.891,2.891,4.0
2017-02-02,2.895,2.895,2.895,2.895,0.0
2017-02-03,2.878,2.878,2.878,2.878,100.0
2017-02-06,2.881,2.881,2.881,2.881,4.0
2017-02-07,2.905,2.905,2.905,2.905,0.0
2017-02-08,2.895,2.895,2.895,2.895,0.0
2017-02-09,2.896,2.896,2.896,2.896,0.0
2017-02-10,2.876,2.876,2.876,2.876,0.0
2017-02-13,2.873,2.873,2.873,2.873,0.0
2017-02-14,2.865,2.865,2.865,2.865,0.0
2017-02-15,2.866,2.866,2.866,2.866,0.0
2017-02-16,2.872,2.872,2.872,2.872,0.0
2017-02-17,2.868,2.868,2.868,2.868,0.0
2017-02-21,2.849,2.849,2.849,2.849,0.0
2017-02-22,2.856,2.856,2.856,2.856,0.0
2017-02-23,2.856,2.856,2.856,2.856,0.0
2017-02-24,2.854,2.854,2.854,2.854,0.0
2017-02-27,2.851,2.851,2.851,2.851,0.0
2017-02-28,2.86,2.86,2.86,2.86,0.0
2017-03-01,2.878,2.878,2.878,2.878,0.0
2017-03-02,2.871,2.871,2.871,2.871,0.0
2017-03-03,2.88,2.88,2.88,2.88,0.0
2017-03-06,2.876,2.876,2.876,2.876,0.0
2017-03-07,2.871,2.871,2.871,2.871,0.0
2017-03-08,2.87,2.87,2.87,2.87,0.0
2017-03-09,2.865,2.865,2.865,2.865,0.0
2017-03-10,2.854,2.854,2.854,2.854,0.0
2017-03-13,2.848,2.848,2.848,2.848,0.0
2017-03-14,2.841,2.841,2.841,2.841,0.0
2017-03-15,2.83,2.83,2.83,2.83,0.0
2017-03-16,2.852,2.852,2.852,2.852,0.0
2017-03-17,2.858,2.858,2.858,2.858,0.0
2017-03-20,2.866,2.866,2.866,2.866,5.0
2017-03-21,2.868,2.868,2.868,2.868,4.0
2017-03-22,2.869,2.869,2.869,2.869,0.0
2017-03-23,2.877,2.879,2.877,2.879,28.0
2017-03-24,2.864,2.864,2.864,2.864,0.0
2017-03-27,2.867,2.867,2.864,2.864,23.0
2017-03-28,2.839,2.839,2.839,2.839,0.0
2017-03-29,2.861,2.861,2.861,2.861,0.0
2017-03-30,2.861,2.861,2.852,2.852,5.0
2017-03-31,2.837,2.837,2.837,2.837,0.0
2017-04-03,2.846,2.846,2.846,2.846,0.0
2017-04-04,2.841,2.841,2.841,2.841,0.0
2017-04-05,2.858,2.858,2.858,2.858,2.0
2017-04-06,2.842,2.842,2.842,2.842,0.0
2017-04-07,2.846,2.846,2.846,2.846,0.0
2017-04-10,2.846,2.846,2.846,2.846,0.0
2017-04-11,2.859,2.859,2.859,2.859,108.0
2017-04-12,2.866,2.866,2.866,2.866,0.0
2017-04-13,2.887,2.887,2.887,2.887,0.0
2017-04-17,2.885,2.885,2.885,2.885,0.0
2017-04-18,2.89,2.918,2.89,2.918,20.0
2017-04-19,2.934,2.934,2.934,2.934,0.0
2017-04-20,2.958,2.958,2.958,2.958,0.0
2017-04-21,2.937,2.937,2.937,2.937,0.0
2017-04-24,2.929,2.929,2.929,2.929,0.0
2017-04-25,2.934,2.934,2.934,2.934,0.0
2017-04-26,2.941,2.941,2.941,2.941,0.0
2017-04-27,2.927,2.927,2.927,2.927,0.0
2017-04-28,2.928,2.928,2.928,2.928,18.0
2017-05-01,2.891,2.891,2.891,2.891,8.0
2017-05-02,2.888,2.888,2.888,2.888,20.0
2017-05-03,2.9,2.9,2.898,2.898,1.0
2017-05-04,2.904,2.904,2.904,2.904,1.0
2017-05-05,2.919,2.919,2.919,2.919,0.0
2017-05-08,2.891,2.891,2.891,2.891,0.0
2017-05-09,2.889,2.889,2.889,2.889,0.0
2017-05-10,2.884,2.884,2.884,2.884,2.0
2017-05-11,2.877,2.878,2.876,2.878,4.0
2017-05-12,2.883,2.883,2.874,2.874,1.0
2017-05-15,2.871,2.871,2.871,2.871,203.0
2017-05-16,2.875,2.875,2.875,2.875,0.0
2017-05-17,2.888,2.888,2.888,2.888,0.0
2017-05-18,2.885,2.885,2.885,2.885,0.0
2017-05-19,2.879,2.879,2.879,2.879,0.0
2017-05-22,2.877,2.877,2.877,2.877,0.0
2017-05-23,2.874,2.874,2.874,2.874,0.0
2017-05-24,2.863,2.863,2.863,2.863,0.0
2017-05-25,2.864,2.864,2.864,2.864,0.0
2017-05-26,2.853,2.853,2.853,2.853,0.0
2017-05-30,2.859,2.859,2.859,2.859,0.0
2017-05-31,2.848,2.848,2.848,2.848,0.0
2017-06-01,2.844,2.844,2.844,2.844,0.0
2017-06-02,2.857,2.857,2.857,2.857,0.0
2017-06-05,2.852,2.852,2.852,2.852,0.0
2017-06-06,2.849,2.849,2.849,2.849,0.0
2017-06-07,2.852,2.852,2.852,2.852,0.0
2017-06-08,2.864,2.864,2.864,2.864,0.0
2017-06-09,2.863,2.863,2.863,2.863,0.0
2017-06-12,2.864,2.864,2.864,2.864,0.0
2017-06-13,2.872,2.872,2.872,2.872,0.0
2017-06-14,2.862,2.862,2.862,2.862,0.0
2017-06-15,2.877,2.877,2.877,2.877,0.0
2017-06-16,2.867,2.867,2.867,2.867,0.0
2017-06-19,2.858,2.858,2.858,2.858,0.0
2017-06-20,2.878,2.878,2.871,2.871,2.0
2017-06-21,2.885,2.885,2.885,2.885,0.0
2017-06-22,2.888,2.888,2.888,2.888,0.0
2017-06-23,2.881,2.881,2.881,2.881,0.0
2017-06-26,2.869,2.869,2.869,2.869,0.0
2017-06-27,2.865,2.865,2.865,2.865,0.0
2017-06-28,2.845,2.845,2.845,2.845,7.0
2017-06-29,2.85,2.85,2.85,2.85,0.0
2017-06-30,2.863,2.863,2.863,2.863,15.0
2017-07-03,2.852,2.852,2.852,2.852,0.0
2017-07-05,2.818,2.818,2.818,2.818,0.0
2017-07-06,2.806,2.806,2.806,2.806,0.0
2017-07-07,2.801,2.801,2.801,2.801,0.0
2017-07-10,2.808,2.808,2.808,2.808,0.0
2017-07-11,2.812,2.812,2.812,2.812,0.0
2017-07-12,2.795,2.795,2.795,2.795,0.0
2017-07-13,2.812,2.812,2.812,2.812,0.0
2017-07-14,2.817,2.817,2.817,2.817,0.0
2017-07-17,2.824,2.824,2.824,2.824,0.0
2017-07-18,2.843,2.843,2.843,2.843,3.0
2017-07-19,2.825,2.825,2.825,2.825,0.0
2017-07-20,2.822,2.822,2.822,2.822,0.0
2017-07-21,2.806,2.806,2.806,2.806,0.0
2017-07-24,2.762,2.762,2.762,2.762,0.0
2017-07-25,2.77,2.77,2.77,2.77,0.0
2017-07-26,2.771,2.771,2.771,2.771,0.0
2017-07-27,2.766,2.766,2.766,2.766,0.0
2017-07-28,2.791,2.791,2.781,2.781,1.0
2017-07-31,2.769,2.769,2.769,2.769,0.0
2017-08-01,2.792,2.792,2.782,2.782,1.0
2017-08-02,2.792,2.792,2.792,2.792,0.0
2017-08-03,2.804,2.804,2.804,2.804,0.0
2017-08-04,2.793,2.793,2.793,2.793,0.0
2017-08-07,2.794,2.794,2.794,2.794,0.0
2017-08-08,2.808,2.808,2.808,2.808,100.0
2017-08-09,2.798,2.798,2.798,2.798,0.0
2017-08-10,2.817,2.817,2.801,2.801,2.0
2017-08-11,2.803,2.803,2.803,2.803,0.0
2017-08-14,2.804,2.804,2.804,2.804,0.0
2017-08-15,2.794,2.794,2.794,2.794,0.0
2017-08-16,2.784,2.784,2.784,2.784,0.0
2017-08-17,2.795,2.795,2.791,2.791,2.0
2017-08-18,2.79,2.79,2.79,2.79,0.0
2017-08-21,2.788,2.788,2.788,2.788,0.0
2017-08-22,2.775,2.775,2.775,2.775,0.0
2017-08-23,2.77,2.777,2.77,2.777,11.0
2017-08-24,2.758,2.758,2.758,2.758,12.0
2017-08-25,2.745,2.745,2.745,2.745,5.0
2017-08-28,2.758,2.758,2.758,2.758,0.0
2017-08-29,2.761,2.761,2.761,2.761,1.0
2017-08-30,2.764,2.764,2.764,2.764,1.0
2017-08-31,2.777,2.777,2.777,2.777,45.0
2017-09-01,2.783,2.783,2.783,2.783,29.0
2017-09-05,2.779,2.779,2.779,2.779,0.0
2017-09-06,2.779,2.779,2.779,2.779,0.0
2017-09-07,2.801,2.801,2.801,2.801,1.0
2017-09-08,2.805,2.805,2.805,2.805,0.0
2017-09-11,2.819,2.819,2.819,2.819,0.0
2017-09-12,2.824,2.824,2.824,2.824,0.0
2017-09-13,2.817,2.817,2.817,2.817,0.0
2017-09-14,2.832,2.832,2.832,2.832,0.0
2017-09-15,2.842,2.842,2.842,2.842,0.0
2017-09-18,2.859,2.859,2.859,2.859,0.0
2017-09-19,2.848,2.848,2.848,2.848,0.0
2017-09-20,2.844,2.844,2.844,2.844,40.0
2017-09-21,2.828,2.828,2.828,2.828,1.0
2017-09-22,2.854,2.854,2.854,2.854,0.0
2017-09-25,2.824,2.824,2.824,2.824,1.0
2017-09-26,2.832,2.832,2.832,2.832,0.0
2017-09-27,2.847,2.847,2.845,2.845,8.0
2017-09-28,2.839,2.839,2.839,2.839,0.0
2017-09-29,2.83,2.83,2.83,2.83,0.0
2017-10-02,2.835,2.835,2.835,2.835,0.0
2017-10-03,2.844,2.844,2.844,2.844,1.0
2017-10-04,2.837,2.837,2.837,2.837,0.0
2017-10-05,2.842,2.842,2.842,2.842,0.0
2017-10-06,2.84,2.84,2.835,2.835,1.0
2017-10-09,2.843,2.843,2.843,2.843,0.0
2017-10-10,2.846,2.846,2.846,2.846,7.0
2017-10-11,2.831,2.831,2.831,2.831,0.0
2017-10-12,2.842,2.842,2.842,2.842,7.0
2017-10-13,2.843,2.843,2.843,2.843,0.0
2017-10-16,2.859,2.859,2.859,2.859,23.0
2017-10-17,2.845,2.845,2.845,2.845,0.0
2017-10-18,2.845,2.845,2.845,2.845,0.0
2017-10-19,2.851,2.851,2.851,2.851,0.0
2017-10-20,2.859,2.859,2.859,2.859,1.0
2017-10-23,2.85,2.85,2.85,2.85,0.0
2017-10-24,2.849,2.849,2.849,2.849,0.0
2017-10-25,2.854,2.854,2.854,2.854,1.0
2017-10-26,2.85,2.864,2.85,2.858,5.0
2017-10-27,2.851,2.851,2.851,2.851,0.0
2017-10-30,2.871,2.871,2.871,2.871,0.0
2017-10-31,2.869,2.869,2.869,2.869,0.0
2017-11-01,2.873,2.873,2.873,2.873,0.0
2017-11-02,2.869,2.869,2.869,2.869,0.0
2017-11-03,2.864,2.864,2.864,2.864,0.0
2017-11-06,2.87,2.87,2.868,2.868,4.0
2017-11-07,2.861,2.861,2.861,2.861,0.0
2017-11-08,2.86,2.86,2.86,2.86,0.0
2017-11-09,2.86,2.86,2.86,2.86,0.0
2017-11-10,2.864,2.864,2.864,2.864,29.0
2017-11-13,2.864,2.864,2.864,2.864,5.0
2017-11-14,2.86,2.86,2.86,2.86,0.0
2017-11-15,2.869,2.869,2.869,2.869,0.0
2017-11-16,2.879,2.879,2.879,2.879,5.0
2017-11-17,2.877,2.877,2.877,2.877,0.0
2017-11-20,2.879,2.879,2.877,2.877,3.0
2017-11-21,2.875,2.882,2.863,2.882,100.0
2017-11-22,2.869,2.869,2.869,2.869,0.0
2017-11-24,2.861,2.861,2.861,2.861,0.0
2017-11-27,2.869,2.869,2.869,2.869,0.0
2017-11-28,2.87,2.87,2.87,2.87,0.0
2017-11-29,2.874,2.874,2.874,2.874,0.0
2017-11-30,2.86,2.86,2.86,2.86,0.0
2017-12-01,2.859,2.859,2.859,2.859,6.0
2017-12-04,2.819,2.819,2.819,2.819,0.0
2017-12-05,2.83,2.83,2.83,2.83,0.0
2017-12-06,2.821,2.821,2.821,2.821,0.0
2017-12-07,2.812,2.812,2.812,2.812,0.0
2017-12-08,2.818,2.818,2.818,2.818,0.0
2017-12-11,2.819,2.819,2.819,2.819,0.0
2017-12-12,2.799,2.799,2.799,2.799,0.0
2017-12-13,2.8,2.81,2.8,2.81,5.0
2017-12-14,2.819,2.819,2.819,2.819,5.0
2017-12-15,2.8,2.8,2.8,2.8,0.0
2017-12-18,2.821,2.821,2.821,2.821,2.0
2017-12-19,2.815,2.815,2.815,2.815,0.0
2017-12-20,2.801,2.801,2.801,2.801,0.0
2017-12-21,2.805,2.805,2.805,2.805,5.0
2017-12-22,2.828,2.828,2.828,2.828,0.0
2017-12-26,2.824,2.824,2.824,2.824,0.0
2017-12-27,2.819,2.819,2.819,2.819,0.0
2017-12-28,2.825,2.825,2.825,2.825,1.0
2017-12-29,2.833,2.833,2.833,2.833,0.0
2018-01-02,2.826,2.826,2.826,2.826,0.0
2018-01-03,2.825,2.825,2.825,2.825,2.0
2018-01-04,2.812,2.812,2.812,2.812,50.0
2018-01-05,2.804,2.804,2.804,2.804,23.0
2018-01-08,2.817,2.817,2.817,2.817,0.0
2018-01-09,2.814,2.814,2.814,2.814,0.0
2018-01-10,2.831,2.831,2.831,2.831,0.0
2018-01-11,2.837,2.837,2.837,2.837,0.0
2018-01-12,2.837,2.837,2.837,2.837,0.0
2018-01-16,2.817,2.817,2.817,2.817,0.0
2018-01-17,2.815,2.815,2.815,2.815,0.0
2018-01-18,2.809,2.809,2.809,2.809,0.0
2018-01-19,2.81,2.81,2.804,2.804,17.0
2018-01-22,2.825,2.825,2.825,2.825,13.0
2018-01-23,2.825,2.825,2.825,2.825,2.0
2018-01-24,2.823,2.823,2.823,2.823,0.0
2018-01-25,2.816,2.816,2.816,2.816,0.0
2018-01-26,2.804,2.804,2.804,2.804,12.0
2018-01-29,2.812,2.812,2.812,2.812,0.0
2018-01-30,2.806,2.806,2.806,2.806,0.0
2018-01-31,2.804,2.804,2.804,2.804,0.0
2018-02-01,2.81,2.81,2.81,2.81,22.0
2018-02-02,2.818,2.818,2.818,2.818,2.0
2018-02-05,2.806,2.806,2.806,2.806,0.0
2018-02-06,2.812,2.812,2.812,2.812,0.0
2018-02-07,2.797,2.797,2.797,2.797,0.0
2018-02-08,2.788,2.788,2.788,2.788,0.0
2018-02-09,2.771,2.771,2.771,2.771,0.0
2018-02-12,2.759,2.759,2.759,2.759,0.0
2018-02-13,2.759,2.759,2.759,2.759,0.0
2018-02-14,2.759,2.759,2.759,2.759,0.0
2018-02-15,2.753,2.753,2.753,2.753,1.0
2018-02-16,2.759,2.759,2.759,2.759,0.0
2018-02-20,2.756,2.756,2.756,2.756,0.0
2018-02-21,2.772,2.772,2.772,2.772,3.0
2018-02-22,2.771,2.771,2.771,2.771,0.0
2018-02-23,2.765,2.765,2.765,2.765,1.0
2018-02-26,2.756,2.777,2.756,2.777,1.0
2018-02-27,2.755,2.755,2.755,2.755,7.0
2018-02-28,2.737,2.737,2.737,2.737,19.0
2018-03-01,2.742,2.742,2.742,2.742,0.0
2018-03-02,2.738,2.738,2.738,2.738,0.0
2018-03-05,2.738,2.751,2.738,2.751,16.0
2018-03-06,2.764,2.764,2.764,2.764,0.0
2018-03-07,2.753,2.753,2.753,2.753,10.0
2018-03-08,2.737,2.737,2.737,2.737,0.0
2018-03-09,2.727,2.727,2.727,2.727,0.0
2018-03-12,2.73,2.73,2.73,2.73,0.0
2018-03-13,2.732,2.732,2.732,2.732,0.0
2018-03-14,2.739,2.739,2.739,2.739,2.0
2018-03-15,2.751,2.751,2.751,2.751,0.0
2018-03-16,2.751,2.751,2.748,2.748,3.0
2018-03-19,2.74,2.74,2.74,2.74,0.0
2018-03-20,2.743,2.743,2.743,2.743,0.0
2018-03-21,2.737,2.737,2.737,2.737,2.0
2018-03-22,2.739,2.739,2.739,2.739,0.0
2018-03-23,2.738,2.738,2.737,2.737,5.0
2018-03-26,2.744,2.744,2.744,2.744,44.0
2018-03-27,2.765,2.765,2.765,2.765,0.0
2018-03-28,2.76,2.76,2.76,2.76,0.0
2018-03-29,2.765,2.772,2.765,2.772,10.0
2018-04-02,2.772,2.772,2.769,2.769,3.0
2018-04-03,2.768,2.768,2.768,2.768,1.0
2018-04-04,2.754,2.754,2.754,2.754,25.0
2018-04-05,2.762,2.762,2.762,2.762,1.0
2018-04-06,2.752,2.752,2.751,2.751,1.0
2018-04-09,2.752,2.752,2.752,2.752,6.0
2018-04-10,2.762,2.762,2.757,2.757,4.0
2018-04-11,2.762,2.762,2.762,2.762,3.0
2018-04-12,2.776,2.776,2.776,2.776,7.0
2018-04-13,2.767,2.767,2.767,2.767,24.0
2018-04-16,2.777,2.777,2.777,2.777,33.0
2018-04-17,2.763,2.763,2.763,2.763,0.0
2018-04-18,2.742,2.742,2.742,2.742,0.0
2018-04-19,2.71,2.71,2.71,2.71,1.0
2018-04-20,2.709,2.709,2.709,2.709,0.0
2018-04-23,2.7,2.707,2.7,2.707,8.0
2018-04-24,2.715,2.715,2.71,2.71,2.0
2018-04-25,2.711,2.711,2.711,2.711,173.0
2018-04-26,2.703,2.703,2.703,2.703,0.0
2018-04-27,2.695,2.695,2.695,2.695,0.0
2018-04-30,2.701,2.701,2.701,2.701,10.0
2018-05-01,2.703,2.703,2.703,2.703,0.0
2018-05-02,2.706,2.706,2.706,2.706,0.0
2018-05-03,2.7,2.7,2.7,2.7,14.0
2018-05-04,2.69,2.69,2.69,2.69,0.0
2018-05-07,2.68,2.687,2.68,2.687,38.0
2018-05-08,2.642,2.646,2.642,2.646,21.0
2018-05-09,2.64,2.64,2.64,2.64,0.0
2018-05-10,2.663,2.663,2.663,2.663,0.0
2018-05-11,2.65,2.661,2.65,2.661,102.0
2018-05-14,2.659,2.659,2.659,2.659,13.0
2018-05-15,2.659,2.659,2.644,2.644,5.0
2018-05-16,2.644,2.652,2.644,2.652,5.0
2018-05-17,2.666,2.666,2.666,2.666,25.0
2018-05-18,2.676,2.676,2.676,2.676,197.0
2018-05-21,2.68,2.68,2.68,2.68,0.0
2018-05-22,2.691,2.707,2.691,2.707,46.0
2018-05-23,2.703,2.703,2.703,2.703,0.0
2018-05-24,2.693,2.693,2.693,2.693,1.0
2018-05-25,2.687,2.692,2.687,2.692,14.0
2018-05-29,2.669,2.669,2.669,2.669,16.0
2018-05-30,2.669,2.669,2.669,2.669,0.0
2018-05-31,2.677,2.677,2.677,2.677,0.0
2018-06-01,2.686,2.686,2.686,2.686,0.0
2018-06-04,2.673,2.673,2.673,2.673,2.0
2018-06-05,2.673,2.673,2.669,2.669,2.0
2018-06-06,2.669,2.669,2.669,2.669,2.0
2018-06-07,2.664,2.664,2.664,2.664,26.0
2018-06-08,2.662,2.662,2.658,2.658,4.0
2018-06-11,2.661,2.661,2.661,2.661,0.0
2018-06-12,2.674,2.674,2.674,2.674,0.0
2018-06-13,2.681,2.681,2.676,2.676,1.0
2018-06-14,2.657,2.657,2.657,2.657,102.0
2018-06-15,2.658,2.658,2.654,2.654,201.0
2018-06-18,2.7,2.7,2.65,2.65,105.0
2018-06-19,2.642,2.642,2.642,2.642,41.0
2018-06-20,2.645,2.645,2.645,2.645,75.0
2018-06-21,2.646,2.646,2.646,2.646,30.0
2018-06-22,2.647,2.647,2.647,2.647,0.0
2018-06-25,2.644,2.644,2.644,2.644,50.0
2018-06-26,2.65,2.65,2.65,2.65,0.0
2018-06-27,2.651,2.651,2.651,2.651,0.0
2018-06-28,2.646,2.646,2.646,2.646,1.0
2018-06-29,2.646,2.646,2.646,2.646,0.0
2018-07-02,2.646,2.646,2.644,2.644,7.0
2018-07-03,2.646,2.646,2.646,2.646,0.0
2018-07-05,2.64,2.64,2.64,2.64,20.0
2018-07-06,2.642,2.642,2.642,2.642,10.0
2018-07-09,2.637,2.637,2.637,2.637,1.0
2018-07-10,2.634,2.634,2.634,2.634,0.0
2018-07-11,2.655,2.655,2.655,2.655,0.0
2018-07-12,2.639,2.639,2.639,2.639,0.0
2018-07-13,2.631,2.631,2.631,2.631,0.0
2018-07-16,2.631,2.631,2.619,2.619,4.0
2018-07-17,2.619,2.619,2.611,2.611,2.0
2018-07-18,2.61,2.61,2.6,2.6,7.0
2018-07-19,2.582,2.582,2.582,2.582,1.0
2018-07-20,2.575,2.575,2.575,2.575,0.0
2018-07-23,2.59,2.59,2.59,2.59,86.0
2018-07-24,2.588,2.588,2.588,2.588,39.0
2018-07-25,2.595,2.595,2.585,2.585,9.0
2018-07-26,2.61,2.61,2.576,2.576,57.0
2018-07-27,2.585,2.596,2.585,2.596,105.0
2018-07-30,2.599,2.599,2.599,2.599,130.0
2018-07-31,2.598,2.598,2.598,2.598,0.0
2018-08-01,2.598,2.598,2.568,2.568,1.0
2018-08-02,2.58,2.58,2.579,2.579,51.0
2018-08-03,2.584,2.584,2.584,2.584,0.0
2018-08-06,2.58,2.58,2.58,2.58,0.0
2018-08-07,2.58,2.58,2.58,2.58,2.0
2018-08-08,2.588,2.593,2.588,2.593,3.0
2018-08-09,2.611,2.611,2.611,2.611,17.0
2018-08-10,2.605,2.615,2.605,2.615,199.0
2018-08-13,2.61,2.617,2.61,2.617,8.0
2018-08-14,2.615,2.622,2.615,2.622,18.0
2018-08-15,2.617,2.617,2.617,2.617,0.0
2018-08-16,2.613,2.613,2.607,2.607,2.0
2018-08-17,2.611,2.611,2.611,2.611,2.0
2018-08-20,2.61,2.61,2.61,2.61,0.0
2018-08-21,2.61,2.61,2.61,2.61,2.0
2018-08-22,2.608,2.608,2.608,2.608,5.0
2018-08-23,2.613,2.613,2.613,2.613,0.0
2018-08-24,2.604,2.604,2.604,2.604,0.0
2018-08-27,2.582,2.582,2.582,2.582,2.0
2018-08-28,2.582,2.582,2.582,2.582,6.0
2018-08-29,2.58,2.58,2.58,2.58,0.0
2018-08-30,2.6,2.6,2.577,2.577,2.0
2018-08-31,2.592,2.596,2.592,2.596,2.0
2018-09-04,2.58,2.58,2.58,2.58,1.0
2018-09-05,2.583,2.583,2.578,2.578,1.0
2018-09-06,2.569,2.569,2.569,2.569,150.0
2018-09-07,2.578,2.578,2.57,2.57,160.0
2018-09-10,2.579,2.579,2.579,2.579,0.0
2018-09-11,2.584,2.585,2.584,2.585,19.0
2018-09-12,2.598,2.598,2.595,2.595,3.0
2018-09-13,2.603,2.603,2.598,2.598,2.0
2018-09-14,2.593,2.593,2.593,2.593,72.0
2018-09-17,2.596,2.596,2.596,2.596,61.0
2018-09-18,2.607,2.607,2.607,2.607,30.0
2018-09-19,2.606,2.606,2.59,2.59,21.0
2018-09-20,2.605,2.605,2.605,2.605,2.0
2018-09-21,2.601,2.601,2.601,2.601,12.0
2018-09-24,2.606,2.606,2.606,2.606,0.0
2018-09-25,2.62,2.62,2.6,2.6,1.0
2018-09-26,2.608,2.608,2.608,2.608,18.0
2018-09-27,2.609,2.609,2.609,2.609,1.0
2018-09-28,2.609,2.618,2.609,2.618,3.0
2018-10-01,2.61,2.61,2.61,2.61,35.0
2018-10-02,2.615,2.615,2.605,2.612,197.0
2018-10-03,2.616,2.616,2.616,2.616,113.0
2018-10-04,2.62,2.62,2.62,2.62,130.0
2018-10-05,2.629,2.629,2.629,2.629,3.0
2018-10-08,2.63,2.64,2.63,2.64,28.0
2018-10-09,2.66,2.665,2.642,2.648,169.0
2018-10-10,2.643,2.643,2.643,2.643,121.0
2018-10-11,2.647,2.647,2.647,2.647,8.0
2018-10-12,2.639,2.649,2.639,2.649,8.0
2018-10-15,2.645,2.646,2.643,2.646,246.0
2018-10-16,2.633,2.66,2.632,2.642,168.0
2018-10-17,2.66,2.661,2.641,2.641,29.0
2018-10-18,2.641,2.643,2.641,2.643,19.0
2018-10-19,2.644,2.644,2.644,2.644,0.0
2018-10-22,2.635,2.64,2.635,2.64,70.0
2018-10-23,2.64,2.644,2.64,2.644,1.0
2018-10-24,2.65,2.65,2.636,2.636,5.0
2018-10-25,2.635,2.635,2.627,2.627,27.0
2018-10-26,2.617,2.627,2.617,2.626,14.0
2018-10-29,2.632,2.636,2.632,2.636,68.0
2018-10-30,2.643,2.648,2.625,2.625,16.0
2018-10-31,2.638,2.645,2.638,2.642,80.0
2018-11-01,2.649,2.649,2.637,2.637,31.0
2018-11-02,2.639,2.639,2.639,2.639,287.0
2018-11-05,2.64,2.648,2.634,2.642,189.0
2018-11-06,2.648,2.649,2.646,2.649,35.0
2018-11-07,2.646,2.646,2.646,2.646,110.0
2018-11-08,2.653,2.653,2.653,2.653,0.0
2018-11-09,2.655,2.658,2.653,2.657,54.0
2018-11-12,2.685,2.695,2.681,2.681,259.0
2018-11-13,2.664,2.714,2.664,2.667,295.0
2018-11-14,2.653,2.709,2.644,2.654,311.0
2018-11-15,2.646,2.658,2.64,2.641,218.0
2018-11-16,2.656,2.658,2.644,2.644,29.0
2018-11-19,2.646,2.646,2.624,2.624,131.0
2018-11-20,2.628,2.628,2.591,2.591,41.0
2018-11-21,2.621,2.621,2.589,2.589,33.0
2018-11-23,2.61,2.621,2.61,2.621,51.0
2018-11-26,2.62,2.62,2.614,2.614,168.0
2018-11-27,2.638,2.638,2.613,2.618,18.0
2018-11-28,2.622,2.631,2.622,2.631,229.0
2018-11-29,2.642,2.642,2.608,2.608,206.0
2018-11-30,2.617,2.617,2.617,2.617,1.0
2018-12-03,2.608,2.616,2.608,2.616,67.0
2018-12-04,2.608,2.608,2.603,2.603,66.0
2018-12-05,2.611,2.616,2.6,2.605,137.0
2018-12-06,2.61,2.616,2.609,2.616,43.0
2018-12-07,2.637,2.637,2.624,2.624,24.0
2018-12-10,2.628,2.628,2.624,2.624,179.0
2018-12-11,2.632,2.639,2.623,2.623,58.0
2018-12-12,2.634,2.634,2.626,2.631,174.0
2018-12-13,2.631,2.634,2.621,2.621,54.0
2018-12-14,2.642,2.642,2.625,2.637,4.0
2018-12-17,2.639,2.639,2.62,2.624,51.0
2018-12-18,2.637,2.644,2.626,2.63,297.0
2018-12-19,2.62,2.631,2.62,2.628,104.0
2018-12-20,2.624,2.638,2.623,2.623,348.0
2018-12-21,2.623,2.626,2.622,2.626,431.0
2018-12-24,2.623,2.646,2.611,2.611,3.0
2018-12-26,2.622,2.622,2.619,2.619,111.0
2018-12-27,2.623,2.64,2.618,2.618,73.0
2018-12-28,2.601,2.602,2.599,2.602,44.0
2018-12-31,2.604,2.604,2.604,2.604,2.0
2019-01-02,2.605,2.607,2.57,2.576,222.0
2019-01-03,2.576,2.58,2.566,2.566,135.0
2019-01-04,2.562,2.588,2.562,2.588,131.0
2019-01-07,2.605,2.605,2.59,2.605,175.0
2019-01-08,2.61,2.633,2.608,2.633,421.0
2019-01-09,2.628,2.657,2.628,2.657,222.0
2019-01-10,2.658,2.675,2.657,2.672,350.0
2019-01-11,2.688,2.688,2.671,2.683,425.0
2019-01-14,2.7,2.7,2.672,2.682,56.0
2019-01-15,2.658,2.667,2.645,2.661,530.0
2019-01-16,2.669,2.669,2.627,2.635,779.0
2019-01-17,2.652,2.659,2.645,2.656,486.0
2019-01-18,2.657,2.671,2.653,2.671,64.0
2019-01-22,2.678,2.69,2.667,2.678,142.0
2019-01-23,2.685,2.685,2.67,2.677,451.0
2019-01-24,2.677,2.684,2.677,2.681,374.0
2019-01-25,2.681,2.681,2.681,2.681,25.0
2019-01-28,2.685,2.685,2.674,2.685,121.0
2019-01-29,2.69,2.69,2.67,2.68,448.0
2019-01-30,2.669,2.67,2.658,2.668,32.0
2019-01-31,2.665,2.673,2.638,2.638,283.0
2019-02-01,2.642,2.642,2.627,2.638,146.0
2019-02-04,2.626,2.634,2.622,2.634,23.0
2019-02-05,2.642,2.662,2.642,2.662,392.0
2019-02-06,2.679,2.679,2.663,2.669,65.0
2019-02-07,2.65,2.658,2.649,2.658,214.0
2019-02-08,2.661,2.673,2.661,2.673,194.0
2019-02-11,2.69,2.69,2.678,2.684,711.0
2019-02-12,2.682,2.684,2.675,2.682,153.0
2019-02-13,2.667,2.681,2.667,2.681,605.0
2019-02-14,2.664,2.684,2.664,2.683,742.0
2019-02-15,2.682,2.682,2.665,2.667,200.0
2019-02-19,2.68,2.696,2.68,2.696,99.0
2019-02-20,2.691,2.691,2.667,2.675,190.0
2019-02-21,2.673,2.677,2.662,2.669,219.0
2019-02-22,2.661,2.672,2.66,2.672,78.0
2019-02-25,2.675,2.677,2.66,2.672,145.0
2019-02-26,2.671,2.671,2.642,2.649,190.0
2019-02-27,2.646,2.658,2.64,2.658,298.0
2019-02-28,2.67,2.671,2.66,2.671,73.0
2019-03-01,2.667,2.667,2.65,2.666,759.0
2019-03-04,2.663,2.679,2.663,2.679,254.0
2019-03-05,2.672,2.687,2.668,2.687,241.0
2019-03-06,2.676,2.679,2.671,2.678,49.0
2019-03-07,2.678,2.686,2.671,2.686,90.0
2019-03-08,2.688,2.69,2.683,2.69,94.0
2019-03-11,2.667,2.694,2.666,2.694,83.0
2019-03-12,2.676,2.704,2.676,2.704,302.0
2019-03-13,2.705,2.707,2.689,2.702,483.0
2019-03-14,2.696,2.704,2.693,2.704,155.0
2019-03-15,2.691,2.692,2.674,2.692,128.0
2019-03-18,2.694,2.698,2.693,2.698,124.0
2019-03-19,2.695,2.697,2.688,2.696,415.0
2019-03-20,2.694,2.694,2.685,2.691,246.0
2019-03-21,2.694,2.701,2.692,2.701,77.0
2019-03-22,2.69,2.693,2.687,2.693,83.0
2019-03-25,2.685,2.693,2.685,2.693,142.0
2019-03-26,2.692,2.695,2.688,2.693,301.0
2019-03-27,2.682,2.683,2.676,2.683,249.0
2019-03-28,2.685,2.691,2.682,2.683,108.0
2019-03-29,2.683,2.69,2.682,2.683,213.0
2019-04-01,2.685,2.69,2.671,2.679,693.0
2019-04-02,2.684,2.692,2.678,2.692,99.0
2019-04-03,2.692,2.7,2.689,2.7,483.0
2019-04-04,2.696,2.698,2.691,2.694,140.0
2019-04-05,2.699,2.703,2.697,2.703,46.0
2019-04-08,2.71,2.715,2.706,2.715,103.0
2019-04-09,2.715,2.719,2.71,2.719,195.0
2019-04-10,2.719,2.72,2.71,2.719,238.0
2019-04-11,2.711,2.721,2.711,2.714,326.0
2019-04-12,2.733,2.733,2.714,2.719,859.0
2019-04-15,2.704,2.704,2.698,2.701,409.0
2019-04-16,2.703,2.71,2.695,2.702,168.0
2019-04-17,2.693,2.693,2.674,2.676,1374.0
2019-04-18,2.668,2.671,2.653,2.653,397.0
2019-04-22,2.659,2.659,2.641,2.643,411.0
2019-04-23,2.648,2.648,2.622,2.623,1378.0
2019-04-24,2.625,2.634,2.622,2.629,720.0
2019-04-25,2.631,2.654,2.621,2.644,380.0
2019-04-26,2.657,2.662,2.647,2.647,604.0
2019-04-29,2.651,2.666,2.643,2.661,391.0
2019-04-30,2.664,2.673,2.66,2.673,79.0
2019-05-01,2.676,2.684,2.673,2.678,344.0
2019-05-02,2.673,2.682,2.667,2.682,220.0
2019-05-03,2.668,2.678,2.661,2.661,502.0
2019-05-06,2.659,2.662,2.649,2.65,167.0
2019-05-07,2.66,2.669,2.66,2.664,134.0
2019-05-08,2.673,2.684,2.673,2.684,341.0
2019-05-09,2.672,2.688,2.671,2.687,386.0
2019-05-10,2.682,2.695,2.682,2.684,228.0
2019-05-13,2.682,2.69,2.682,2.687,19.0
2019-05-14,2.696,2.704,2.69,2.704,236.0
2019-05-15,2.693,2.707,2.693,2.699,392.0
2019-05-16,2.705,2.716,2.704,2.716,265.0
2019-05-17,2.717,2.717,2.706,2.714,233.0
2019-05-20,2.727,2.735,2.714,2.717,137.0
2019-05-21,2.709,2.709,2.698,2.7,87.0
2019-05-22,2.702,2.712,2.674,2.674,542.0
2019-05-23,2.68,2.682,2.669,2.678,76.0
2019-05-24,2.668,2.679,2.66,2.679,218.0
2019-05-28,2.667,2.673,2.662,2.673,137.0
2019-05-29,2.678,2.684,2.673,2.673,74.0
2019-05-30,2.662,2.665,2.651,2.662,170.0
2019-05-31,2.647,2.649,2.633,2.642,334.0
2019-06-03,2.64,2.645,2.623,2.625,171.0
2019-06-04,2.617,2.652,2.617,2.636,265.0
2019-06-05,2.643,2.65,2.64,2.643,607.0
2019-06-06,2.644,2.65,2.619,2.623,443.0
2019-06-07,2.625,2.636,2.622,2.63,131.0
2019-06-10,2.62,2.636,2.616,2.617,232.0
2019-06-11,2.609,2.631,2.6,2.625,131.0
2019-06-12,2.623,2.628,2.62,2.626,303.0
2019-06-13,2.607,2.635,2.607,2.626,383.0
2019-06-14,2.631,2.642,2.629,2.638,110.0
2019-06-17,2.634,2.639,2.63,2.633,40.0
2019-06-18,2.636,2.644,2.615,2.619,531.0
2019-06-19,2.621,2.625,2.589,2.591,410.0
2019-06-20,2.576,2.587,2.525,2.542,483.0
2019-06-21,2.557,2.566,2.545,2.558,411.0
2019-06-24,2.582,2.609,2.574,2.607,547.0
2019-06-25,2.582,2.596,2.568,2.592,322.0
2019-06-26,2.582,2.594,2.575,2.577,306.0
2019-06-27,2.568,2.58,2.538,2.579,307.0
2019-06-28,2.562,2.577,2.561,2.562,398.0
2019-07-01,2.554,2.554,2.521,2.532,269.0
2019-07-02,2.534,2.534,2.512,2.518,142.0
2019-07-03,2.52,2.524,2.512,2.521,391.0
2019-07-05,2.524,2.569,2.507,2.557,582.0
2019-07-08,2.556,2.565,2.543,2.548,137.0
2019-07-09,2.553,2.588,2.553,2.587,472.0
2019-07-10,2.605,2.608,2.59,2.599,357.0
2019-07-11,2.599,2.608,2.582,2.602,624.0
2019-07-12,2.617,2.617,2.595,2.605,262.0
2019-07-15,2.599,2.599,2.586,2.598,196.0
2019-07-16,2.567,2.567,2.546,2.554,415.0
2019-07-17,2.558,2.561,2.541,2.553,134.0
2019-07-18,2.56,2.56,2.532,2.541,101.0
2019-07-19,2.541,2.541,2.518,2.523,207.0
2019-07-22,2.531,2.55,2.519,2.544,604.0
2019-07-23,2.548,2.548,2.526,2.543,142.0
2019-07-24,2.535,2.535,2.509,2.514,196.0
2019-07-25,2.536,2.536,2.52,2.53,314.0
2019-07-26,2.521,2.521,2.485,2.501,891.0
2019-07-29,2.5,2.504,2.476,2.489,377.0
2019-07-30,2.502,2.502,2.484,2.496,367.0
2019-07-31,2.505,2.542,2.505,2.525,833.0
2019-08-01,2.533,2.539,2.493,2.519,1778.0
2019-08-02,2.477,2.484,2.46,2.474,616.0
2019-08-05,2.469,2.469,2.422,2.443,464.0
2019-08-06,2.454,2.461,2.43,2.44,950.0
2019-08-07,2.436,2.439,2.419,2.431,346.0
2019-08-08,2.423,2.438,2.423,2.433,237.0
2019-08-09,2.418,2.431,2.411,2.429,594.0
2019-08-12,2.421,2.435,2.398,2.399,235.0
2019-08-13,2.412,2.418,2.402,2.411,323.0
2019-08-14,2.431,2.431,2.394,2.411,420.0
2019-08-15,2.416,2.455,2.401,2.421,687.0
2019-08-16,2.404,2.404,2.379,2.393,275.0
2019-08-19,2.381,2.411,2.361,2.409,715.0
2019-08-20,2.406,2.406,2.386,2.406,467.0
2019-08-21,2.41,2.414,2.397,2.406,169.0
2019-08-22,2.394,2.414,2.393,2.397,471.0
2019-08-23,2.393,2.401,2.386,2.395,323.0
2019-08-26,2.415,2.44,2.405,2.429,714.0
2019-08-27,2.417,2.418,2.405,2.414,1045.0
2019-08-28,2.43,2.446,2.424,2.434,690.0
2019-08-29,2.447,2.456,2.432,2.448,884.0
2019-08-30,2.438,2.438,2.407,2.418,860.0
2019-09-03,2.436,2.446,2.42,2.446,852.0
2019-09-04,2.443,2.452,2.422,2.446,1668.0
2019-09-05,2.451,2.464,2.43,2.464,1366.0
2019-09-06,2.441,2.487,2.44,2.485,2804.0
2019-09-09,2.488,2.504,2.48,2.497,934.0
2019-09-10,2.505,2.519,2.493,2.497,3039.0
2019-09-11,2.495,2.514,2.476,2.511,2705.0
2019-09-12,2.493,2.516,2.486,2.509,1580.0
2019-09-13,2.504,2.504,2.477,2.498,3061.0
2019-09-16,2.52,2.522,2.499,2.521,1804.0
2019-09-17,2.515,2.518,2.501,2.518,1395.0
2019-09-18,2.52,2.526,2.492,2.506,883.0
2019-09-19,2.508,2.509,2.467,2.479,1438.0
2019-09-20,2.473,2.495,2.458,2.484,970.0
2019-09-23,2.479,2.489,2.465,2.489,565.0
2019-09-24,2.489,2.507,2.47,2.485,1287.0
2019-09-25,2.464,2.478,2.451,2.474,1553.0
2019-09-26,2.474,2.479,2.425,2.464,1558.0
2019-09-27,2.46,2.471,2.441,2.454,2095.0
2019-09-30,2.434,2.44,2.419,2.433,1889.0
2019-10-01,2.416,2.459,2.414,2.457,2493.0
2019-10-02,2.471,2.5,2.444,2.449,2278.0
2019-10-03,2.454,2.469,2.414,2.457,2631.0
2019-10-04,2.443,2.469,2.42,2.467,2745.0
2019-10-07,2.461,2.471,2.444,2.466,1184.0
2019-10-08,2.451,2.455,2.43,2.441,1109.0
2019-10-09,2.434,2.444,2.417,2.425,1019.0
2019-10-10,2.421,2.428,2.412,2.416,867.0
2019-10-11,2.419,2.427,2.404,2.411,1703.0
2019-10-14,2.408,2.427,2.394,2.414,860.0
2019-10-15,2.41,2.432,2.408,2.432,1628.0
2019-10-16,2.433,2.435,2.408,2.409,1819.0
2019-10-17,2.417,2.442,2.417,2.439,1331.0
2019-10-18,2.433,2.448,2.429,2.442,971.0
2019-10-21,2.43,2.438,2.415,2.435,945.0
2019-10-22,2.435,2.445,2.423,2.428,1211.0
2019-10-23,2.426,2.426,2.409,2.415,681.0
2019-10-24,2.424,2.434,2.405,2.427,1907.0
2019-10-25,2.42,2.426,2.408,2.408,1453.0
2019-10-28,2.439,2.445,2.421,2.439,1642.0
2019-10-29,2.458,2.486,2.453,2.464,3746.0
2019-10-30,2.473,2.495,2.471,2.49,2166.0
2019-10-31,2.498,2.498,2.474,2.491,1995.0
2019-11-01,2.49,2.506,2.476,2.506,3437.0
2019-11-04,2.514,2.545,2.514,2.536,5636.0
2019-11-05,2.521,2.549,2.501,2.537,3974.0
2019-11-06,2.543,2.545,2.519,2.527,5017.0
2019-11-07,2.527,2.545,2.514,2.531,4033.0
2019-11-08,2.534,2.554,2.528,2.554,1292.0
2019-11-11,2.534,2.539,2.512,2.531,2162.0
2019-11-12,2.534,2.54,2.517,2.526,989.0
2019-11-13,2.533,2.533,2.49,2.517,1711.0
2019-11-14,2.524,2.54,2.513,2.528,1571.0
2019-11-15,2.52,2.54,2.509,2.523,1589.0
2019-11-18,2.518,2.518,2.492,2.498,3052.0
2019-11-19,2.499,2.501,2.466,2.475,2379.0
2019-11-20,2.469,2.481,2.465,2.474,3052.0
2019-11-21,2.472,2.477,2.456,2.467,2468.0
2019-11-22,2.454,2.502,2.454,2.5,1736.0
2019-11-25,2.51,2.51,2.456,2.483,2234.0
2019-11-26,2.482,2.482,2.457,2.48,1542.0
2019-11-27,2.474,2.486,2.464,2.474,897.0
2019-11-29,2.454,2.456,2.371,2.373,4971.0
2019-12-02,2.402,2.407,2.367,2.382,3085.0
2019-12-03,2.383,2.427,2.383,2.401,3427.0
2019-12-04,2.403,2.422,2.389,2.416,3111.0
2019-12-05,2.424,2.436,2.411,2.426,1646.0
2019-12-06,2.422,2.432,2.388,2.395,2123.0
2019-12-09,2.38,2.383,2.358,2.379,3042.0
2019-12-10,2.379,2.393,2.368,2.391,1943.0
2019-12-11,2.398,2.398,2.377,2.378,2774.0
2019-12-12,2.389,2.425,2.381,2.413,2422.0
2019-12-13,2.393,2.407,2.38,2.387,2166.0
2019-12-16,2.391,2.427,2.391,2.414,2443.0
2019-12-17,2.422,2.422,2.398,2.413,1725.0
2019-12-18,2.396,2.401,2.387,2.393,2249.0
2019-12-19,2.394,2.402,2.374,2.396,2130.0
2019-12-20,2.399,2.424,2.399,2.415,2147.0
2019-12-23,2.382,2.389,2.372,2.381,1714.0
2019-12-24,2.383,2.388,2.361,2.369,593.0
2019-12-26,2.394,2.415,2.394,2.411,645.0
2019-12-27,2.409,2.424,2.36,2.411,3703.0
2019-12-30,2.424,2.435,2.41,2.418,2890.0
2019-12-31,2.419,2.431,2.412,2.427,2154.0
2020-01-02,2.421,2.435,2.391,2.4,2652.0
2020-01-03,2.4,2.421,2.38,2.418,4443.0
2020-01-06,2.406,2.439,2.406,2.421,1501.0
2020-01-07,2.423,2.432,2.39,2.422,2927.0
2020-01-08,2.416,2.422,2.392,2.422,2824.0
2020-01-09,2.416,2.427,2.386,2.426,2495.0
2020-01-10,2.418,2.434,2.408,2.425,4562.0
2020-01-13,2.411,2.432,2.41,2.431,3069.0
2020-01-14,2.424,2.439,2.417,2.427,3921.0
2020-01-15,2.426,2.429,2.396,2.4,4029.0
2020-01-16,2.407,2.423,2.385,2.391,6589.0
2020-01-17,2.389,2.389,2.354,2.358,6359.0
2020-01-21,2.35,2.35,2.28,2.312,10166.0
2020-01-22,2.319,2.319,2.299,2.305,5173.0
2020-01-23,2.305,2.325,2.295,2.307,5208.0
2020-01-24,2.296,2.297,2.264,2.272,4707.0
2020-01-27,2.3,2.311,2.259,2.269,3597.0
2020-01-28,2.276,2.294,2.261,2.283,4120.0
2020-01-29,2.281,2.288,2.261,2.266,4252.0
2020-01-30,2.269,2.278,2.241,2.243,4622.0
2020-01-31,2.24,2.258,2.23,2.252,2897.0
2020-02-03,2.264,2.278,2.221,2.23,5062.0
2020-02-04,2.225,2.259,2.219,2.245,4821.0
2020-02-05,2.239,2.246,2.215,2.237,5118.0
2020-02-06,2.242,2.268,2.215,2.247,5818.0
2020-02-07,2.249,2.27,2.232,2.264,5185.0
2020-02-10,2.23,2.236,2.21,2.224,8660.0
2020-02-11,2.218,2.245,2.213,2.242,7035.0
2020-02-12,2.241,2.284,2.24,2.281,5893.0
2020-02-13,2.277,2.287,2.25,2.259,5388.0
2020-02-14,2.253,2.258,2.241,2.246,4381.0
2020-02-18,2.265,2.306,2.263,2.291,6671.0
2020-02-19,2.278,2.306,2.274,2.296,3707.0
2020-02-20,2.287,2.316,2.261,2.271,6399.0
2020-02-21,2.264,2.272,2.234,2.262,4014.0
2020-02-24,2.241,2.247,2.218,2.221,4823.0
2020-02-25,2.234,2.243,2.216,2.237,3995.0
2020-02-26,2.237,2.254,2.223,2.229,4739.0
2020-02-27,2.215,2.219,2.153,2.179,7553.0
2020-02-28,2.167,2.167,2.082,2.113,9101.0
2020-03-02,2.119,2.172,2.118,2.154,7305.0
2020-03-03,2.162,2.219,2.15,2.189,9858.0
2020-03-04,2.185,2.231,2.175,2.218,6859.0
2020-03-05,2.223,2.228,2.17,2.184,6359.0
2020-03-06,2.174,2.174,2.136,2.138,8178.0
2020-03-09,2.127,2.279,2.072,2.234,14079.0
2020-03-10,2.287,2.369,2.257,2.363,17411.0
2020-03-11,2.345,2.4,2.297,2.304,18540.0
2020-03-12,2.297,2.323,2.218,2.298,15517.0
2020-03-13,2.263,2.37,2.262,2.302,10224.0
2020-03-16,2.264,2.295,2.233,2.274,8246.0
2020-03-17,2.272,2.304,2.241,2.265,8286.0
2020-03-18,2.267,2.269,2.166,2.196,19477.0
2020-03-19,2.218,2.272,2.198,2.268,8720.0
2020-03-20,2.262,2.307,2.213,2.226,8694.0
2020-03-23,2.204,2.274,2.195,2.256,6821.0
2020-03-24,2.259,2.324,2.252,2.301,7928.0
2020-03-25,2.308,2.346,2.289,2.303,5899.0
2020-03-26,2.302,2.323,2.267,2.289,5122.0
2020-03-27,2.298,2.304,2.265,2.275,10558.0
2020-03-30,2.247,2.316,2.236,2.314,6264.0
2020-03-31,2.311,2.34,2.282,2.295,12230.0
2020-04-01,2.292,2.318,2.272,2.292,9076.0
2020-04-02,2.296,2.317,2.255,2.274,11090.0
2020-04-03,2.269,2.353,2.268,2.342,12090.0
2020-04-06,2.351,2.398,2.339,2.383,9675.0
2020-04-07,2.401,2.441,2.381,2.423,16311.0
2020-04-08,2.417,2.437,2.384,2.417,10121.0
2020-04-09,2.429,2.453,2.406,2.445,9204.0
2020-04-13,2.446,2.502,2.446,2.463,9922.0
2020-04-14,2.467,2.472,2.419,2.431,7854.0
2020-04-15,2.416,2.444,2.385,2.392,6825.0
2020-04-16,2.395,2.451,2.357,2.444,10825.0
2020-04-17,2.447,2.494,2.409,2.472,8846.0
2020-04-20,2.503,2.628,2.468,2.621,14716.0
2020-04-21,2.597,2.693,2.571,2.603,16756.0
2020-04-22,2.596,2.669,2.593,2.637,10563.0
2020-04-23,2.65,2.662,2.581,2.585,6265.0
2020-04-24,2.584,2.605,2.553,2.574,6472.0
2020-04-27,2.572,2.63,2.524,2.628,11148.0
2020-04-28,2.616,2.678,2.612,2.642,9059.0
2020-04-29,2.65,2.67,2.59,2.594,8769.0
2020-04-30,2.591,2.666,2.572,2.662,12429.0
2020-05-01,2.636,2.693,2.631,2.643,12072.0
2020-05-04,2.643,2.707,2.643,2.707,10385.0
2020-05-05,2.697,2.794,2.655,2.705,22872.0
2020-05-06,2.656,2.661,2.604,2.615,14971.0
2020-05-07,2.615,2.622,2.563,2.572,16819.0
2020-05-08,2.578,2.586,2.539,2.544,15015.0
2020-05-11,2.546,2.573,2.528,2.551,14762.0
2020-05-12,2.542,2.559,2.461,2.482,15387.0
2020-05-13,2.462,2.49,2.395,2.404,23586.0
2020-05-14,2.421,2.48,2.407,2.431,14001.0
2020-05-15,2.425,2.477,2.39,2.402,14805.0
2020-05-18,2.455,2.519,2.426,2.474,17882.0
2020-05-19,2.459,2.519,2.435,2.472,11982.0
2020-05-20,2.45,2.504,2.417,2.434,15231.0
2020-05-21,2.429,2.429,2.37,2.388,11490.0
2020-05-22,2.387,2.421,2.362,2.408,10465.0
2020-05-26,2.408,2.465,2.386,2.449,10835.0
2020-05-27,2.431,2.461,2.391,2.41,10872.0
2020-05-28,2.399,2.415,2.353,2.379,12741.0
2020-05-29,2.385,2.401,2.337,2.389,12164.0
2020-06-01,2.362,2.383,2.327,2.345,11256.0
2020-06-02,2.351,2.385,2.34,2.369,10043.0
2020-06-03,2.368,2.42,2.367,2.396,19636.0
2020-06-04,2.384,2.411,2.378,2.391,10368.0
2020-06-05,2.387,2.417,2.36,2.367,15851.0
2020-06-08,2.379,2.384,2.333,2.376,11231.0
2020-06-09,2.384,2.393,2.35,2.36,13000.0
2020-06-10,2.356,2.391,2.293,2.382,15080.0
2020-06-11,2.381,2.422,2.367,2.416,23721.0
2020-06-12,2.416,2.42,2.34,2.346,14981.0
2020-06-15,2.36,2.36,2.3,2.313,11449.0
2020-06-16,2.303,2.323,2.269,2.286,14795.0
2020-06-17,2.293,2.317,2.273,2.312,13110.0
2020-06-18,2.304,2.324,2.292,2.309,16971.0
2020-06-19,2.304,2.323,2.297,2.312,17449.0
2020-06-22,2.31,2.335,2.262,2.28,13531.0
2020-06-23,2.266,2.27,2.222,2.234,15377.0
2020-06-24,2.229,2.241,2.212,2.221,17232.0
2020-06-25,2.213,2.213,2.133,2.154,25522.0
2020-06-26,2.144,2.18,2.136,2.162,14321.0
2020-06-29,2.18,2.293,2.176,2.255,27565.0
2020-06-30,2.247,2.308,2.237,2.282,33156.0
2020-07-01,2.276,2.277,2.219,2.265,28884.0
2020-07-02,2.271,2.305,2.259,2.297,18554.0
2020-07-06,2.3,2.368,2.274,2.335,37592.0
2020-07-07,2.328,2.401,2.324,2.381,34130.0
2020-07-08,2.382,2.382,2.34,2.355,32657.0
2020-07-09,2.349,2.562,2.333,2.344,51897.0
2020-07-10,2.347,2.372,2.32,2.355,35155.0
2020-07-13,2.313,2.353,2.306,2.34,32697.0
2020-07-14,2.326,2.361,2.316,2.348,25219.0
2020-07-15,2.348,2.378,2.316,2.366,16423.0
2020-07-16,2.373,2.385,2.329,2.35,22071.0
2020-07-17,2.35,2.371,2.336,2.35,16250.0
2020-07-20,2.332,2.338,2.253,2.291,20975.0
2020-07-21,2.3,2.316,2.276,2.31,15776.0
2020-07-22,2.299,2.31,2.273,2.288,27862.0
2020-07-23,2.294,2.391,2.283,2.371,35946.0
2020-07-24,2.371,2.414,2.332,2.41,26519.0
2020-07-27,2.405,2.427,2.36,2.385,26145.0
2020-07-28,2.372,2.461,2.371,2.458,31132.0
2020-07-29,2.453,2.544,2.434,2.538,39087.0
2020-07-30,2.53,2.541,2.459,2.465,34295.0
2020-07-31,2.472,2.497,2.404,2.418,35859.0
2020-08-03,2.473,2.64,2.447,2.612,97840.0
2020-08-04,2.614,2.67,2.559,2.669,59569.0
2020-08-05,2.651,2.709,2.635,2.675,47626.0
2020-08-06,2.693,2.741,2.629,2.654,41004.0
2020-08-07,2.643,2.735,2.633,2.72,74760.0
2020-08-10,2.726,2.734,2.607,2.64,74086.0
2020-08-11,2.653,2.704,2.632,2.67,70276.0
2020-08-12,2.647,2.676,2.595,2.672,94091.0
2020-08-13,2.666,2.713,2.656,2.699,77350.0
2020-08-14,2.694,2.831,2.68,2.811,76605.0
2020-08-17,2.832,2.837,2.77,2.803,46201.0
2020-08-18,2.816,2.894,2.77,2.87,49085.0
2020-08-19,2.868,2.895,2.836,2.868,27120.0
2020-08-20,2.879,2.88,2.813,2.827,47284.0
2020-08-21,2.819,2.876,2.751,2.866,41407.0
2020-08-24,2.878,2.915,2.819,2.875,40063.0
2020-08-25,2.875,2.895,2.84,2.853,39210.0
2020-08-26,2.845,2.897,2.785,2.825,42614.0
2020-08-27,2.798,2.951,2.772,2.943,76603.0
2020-08-28,2.945,2.973,2.883,2.916,55537.0
2020-08-31,2.882,2.944,2.811,2.92,82875.0
2020-09-01,2.918,2.965,2.857,2.901,120383.0
2020-09-02,2.899,2.975,2.837,2.931,151062.0
2020-09-03,2.929,2.971,2.895,2.927,66652.0
2020-09-04,2.924,3.002,2.882,2.987,82300.0
2020-09-08,2.982,2.99,2.851,2.892,96596.0
2020-09-09,2.861,2.927,2.822,2.873,111177.0
2020-09-10,2.856,2.874,2.787,2.798,88724.0
2020-09-11,2.797,2.807,2.723,2.744,90300.0
2020-09-14,2.767,2.833,2.716,2.74,105740.0
2020-09-15,2.738,2.767,2.7,2.741,80239.0
2020-09-16,2.732,2.775,2.64,2.664,89241.0
2020-09-17,2.658,2.665,2.496,2.577,172500.0
2020-09-18,2.556,2.654,2.521,2.633,120179.0
2020-09-21,2.588,2.738,2.576,2.71,188354.0
2020-09-22,2.732,2.742,2.561,2.597,137017.0
2020-09-23,2.58,2.841,2.518,2.794,202728.0
2020-09-24,2.821,2.928,2.775,2.899,136930.0
2020-09-25,2.865,2.918,2.791,2.807,140297.0
2020-09-28,2.785,2.823,2.704,2.795,113191.0
2020-09-29,2.769,2.789,2.49,2.561,196454.0
2020-09-30,2.502,2.579,2.425,2.527,145933.0
2020-10-01,2.55,2.592,2.441,2.527,155886.0
2020-10-02,2.485,2.551,2.373,2.438,163725.0
2020-10-05,2.455,2.727,2.446,2.615,195405.0
2020-10-06,2.623,2.703,2.505,2.52,149529.0
2020-10-07,2.511,2.686,2.466,2.606,211070.0
2020-10-08,2.59,2.651,2.508,2.627,198488.0
2020-10-09,2.632,2.821,2.618,2.741,207342.0
2020-10-12,2.891,2.955,2.825,2.881,179699.0
2020-10-13,2.834,2.884,2.751,2.855,178430.0
2020-10-14,2.761,2.771,2.61,2.636,184592.0
2020-10-15,2.645,2.829,2.639,2.775,150327.0
2020-10-16,2.778,2.852,2.67,2.773,146431.0
2020-10-19,2.641,2.89,2.638,2.795,150451.0
2020-10-20,2.831,2.95,2.824,2.913,119808.0
2020-10-21,2.897,3.053,2.89,3.023,154373.0
2020-10-22,3.025,3.066,2.98,3.007,93193.0
2020-10-23,2.985,3.006,2.918,2.971,73245.0
2020-10-26,2.941,3.08,2.907,3.024,35714.0
2020-10-27,3.016,3.091,2.986,3.019,57585.0
2020-10-28,3.02,3.051,2.967,2.996,4961.0
