DATETIME,OPEN,HIGH,LOW,FINAL,VOLUME
2011-09-29,6.704,6.704,6.704,6.704,0.0
2011-09-30,6.691,6.691,6.691,6.691,0.0
2011-10-03,6.677,6.677,6.677,6.677,0.0
2011-10-04,6.618,6.618,6.618,6.618,0.0
2011-10-05,6.591,6.591,6.591,6.591,0.0
2011-10-06,6.536,6.536,6.536,6.536,0.0
2011-10-07,6.498,6.498,6.498,6.498,0.0
2011-10-10,6.487,6.487,6.487,6.487,0.0
2011-10-11,6.457,6.457,6.457,6.457,0.0
2011-10-12,6.446,6.446,6.446,6.446,0.0
2011-10-13,6.473,6.473,6.473,6.473,0.0
2011-10-14,6.535,6.535,6.535,6.535,0.0
2011-10-17,6.522,6.522,6.522,6.522,0.0
2011-10-18,6.499,6.499,6.499,6.499,0.0
2011-10-19,6.501,6.501,6.501,6.501,0.0
2011-10-20,6.507,6.507,6.507,6.507,0.0
2011-10-21,6.509,6.509,6.509,6.509,0.0
2011-10-24,6.506,6.506,6.506,6.506,0.0
2011-10-25,6.542,6.542,6.542,6.542,0.0
2011-10-26,6.584,6.584,6.584,6.584,0.0
2011-10-27,6.589,6.589,6.589,6.589,0.0
2011-10-28,6.697,6.697,6.697,6.697,0.0
2011-10-31,6.697,6.697,6.697,6.697,0.0
2011-11-01,6.627,6.627,6.627,6.627,0.0
2011-11-02,6.586,6.586,6.586,6.586,0.0
2011-11-03,6.664,6.664,6.664,6.664,0.0
2011-11-04,6.654,6.654,6.654,6.654,0.0
2011-11-07,6.632,6.632,6.632,6.632,0.0
2011-11-08,6.59,6.59,6.59,6.59,0.0
2011-11-09,6.567,6.567,6.567,6.567,0.0
2011-11-10,6.517,6.517,6.517,6.517,0.0
2011-11-11,6.447,6.447,6.447,6.447,0.0
2011-11-14,6.425,6.425,6.425,6.425,0.0
2011-11-15,6.435,6.435,6.435,6.435,0.0
2011-11-16,6.41,6.41,6.41,6.41,0.0
2011-11-17,6.362,6.362,6.362,6.362,0.0
2011-11-18,6.321,6.321,6.321,6.321,0.0
2011-11-21,6.331,6.331,6.331,6.331,0.0
2011-11-22,6.31,6.31,6.31,6.31,0.0
2011-11-23,6.282,6.282,6.282,6.282,0.0
2011-11-25,6.321,6.321,6.321,6.321,0.0
2011-11-28,6.287,6.287,6.287,6.287,0.0
2011-11-29,6.393,6.393,6.393,6.393,0.0
2011-11-30,6.378,6.378,6.378,6.378,0.0
2011-12-01,6.363,6.363,6.363,6.363,0.0
2011-12-02,6.364,6.364,6.364,6.364,0.0
2011-12-05,6.364,6.364,6.364,6.364,0.0
2011-12-06,6.333,6.333,6.333,6.333,0.0
2011-12-07,6.412,6.412,6.412,6.412,0.0
2011-12-08,6.382,6.382,6.382,6.382,0.0
2011-12-09,6.36,6.36,6.36,6.36,0.0
2011-12-12,6.322,6.322,6.322,6.322,0.0
2011-12-13,6.241,6.241,6.241,6.241,0.0
2011-12-14,6.204,6.204,6.204,6.204,0.0
2011-12-15,6.166,6.166,6.166,6.166,0.0
2011-12-16,6.196,6.196,6.196,6.196,0.0
2011-12-19,6.193,6.193,6.193,6.193,0.0
2011-12-20,6.193,6.193,6.193,6.193,0.0
2011-12-21,6.15,6.15,6.15,6.15,0.0
2011-12-22,6.165,6.165,6.165,6.165,0.0
2011-12-23,6.15,6.15,6.15,6.15,0.0
2011-12-27,6.15,6.15,6.15,6.15,0.0
2011-12-28,6.14,6.14,6.14,6.14,0.0
2011-12-29,6.14,6.14,6.14,6.14,0.0
2011-12-30,6.14,6.14,6.14,6.14,0.0
2012-01-03,6.139,6.139,6.139,6.139,0.0
2012-01-04,6.144,6.144,6.144,6.144,0.0
2012-01-05,6.175,6.175,6.175,6.175,0.0
2012-01-06,6.215,6.215,6.215,6.215,0.0
2012-01-09,6.196,6.196,6.196,6.196,0.0
2012-01-10,6.158,6.158,6.158,6.158,0.0
2012-01-11,6.208,6.208,6.208,6.208,0.0
2012-01-12,6.185,6.185,6.185,6.185,0.0
2012-01-13,6.185,6.185,6.185,6.185,0.0
2012-01-17,6.162,6.162,6.162,6.162,0.0
2012-01-18,6.073,6.073,6.073,6.073,0.0
2012-01-19,6.092,6.092,6.092,6.092,0.0
2012-01-20,5.933,5.933,5.933,5.933,0.0
2012-01-23,5.933,5.933,5.933,5.933,0.0
2012-01-24,5.969,5.969,5.969,5.969,0.0
2012-01-25,5.981,5.981,5.981,5.981,0.0
2012-01-26,5.923,5.923,5.923,5.923,0.0
2012-01-27,5.956,5.956,5.956,5.956,0.0
2012-01-30,5.931,5.931,5.931,5.931,0.0
2012-01-31,5.886,5.886,5.886,5.886,0.0
2012-02-01,5.866,5.866,5.866,5.866,0.0
2012-02-02,5.938,5.938,5.938,5.938,0.0
2012-02-03,5.986,5.986,5.986,5.986,0.0
2012-02-06,6.025,6.025,6.025,6.025,0.0
2012-02-07,5.933,5.933,5.933,5.933,0.0
2012-02-08,5.873,5.873,5.873,5.873,0.0
2012-02-09,5.738,5.738,5.738,5.738,0.0
2012-02-10,5.708,5.708,5.708,5.708,0.0
2012-02-13,5.708,5.708,5.708,5.708,0.0
2012-02-14,5.722,5.722,5.722,5.722,0.0
2012-02-15,5.722,5.722,5.722,5.722,0.0
2012-02-16,5.69,5.69,5.69,5.69,0.0
2012-02-17,5.71,5.71,5.71,5.71,0.0
2012-02-21,5.679,5.679,5.679,5.679,0.0
2012-02-22,5.741,5.741,5.741,5.741,0.0
2012-02-23,5.741,5.741,5.741,5.741,0.0
2012-02-24,5.704,5.704,5.704,5.704,0.0
2012-02-27,5.673,5.673,5.673,5.673,0.0
2012-02-28,5.662,5.662,5.662,5.662,0.0
2012-02-29,5.672,5.672,5.672,5.672,0.0
2012-03-01,5.627,5.627,5.627,5.627,0.0
2012-03-02,5.666,5.666,5.666,5.666,0.0
2012-03-05,5.593,5.593,5.593,5.593,0.0
2012-03-06,5.521,5.521,5.521,5.521,0.0
2012-03-07,5.476,5.476,5.476,5.476,0.0
2012-03-08,5.477,5.477,5.477,5.477,0.0
2012-03-09,5.578,5.578,5.578,5.578,0.0
2012-03-12,5.557,5.557,5.557,5.557,0.0
2012-03-13,5.606,5.606,5.606,5.606,0.0
2012-03-14,5.666,5.666,5.666,5.666,0.0
2012-03-15,5.666,5.666,5.666,5.666,0.0
2012-03-16,5.647,5.647,5.647,5.647,0.0
2012-03-19,5.657,5.657,5.657,5.657,0.0
2012-03-20,5.626,5.626,5.626,5.626,0.0
2012-03-21,5.616,5.616,5.616,5.616,0.0
2012-03-22,5.603,5.603,5.603,5.603,0.0
2012-03-23,5.623,5.623,5.623,5.623,0.0
2012-03-26,5.635,5.635,5.635,5.635,0.0
2012-03-27,5.614,5.614,5.614,5.614,0.0
2012-03-28,5.626,5.626,5.626,5.626,0.0
2012-03-29,5.603,5.603,5.603,5.603,0.0
2012-03-30,5.671,5.671,5.671,5.671,0.0
2012-04-02,5.657,5.657,5.657,5.657,0.0
2012-04-03,5.657,5.657,5.657,5.657,0.0
2012-04-04,5.657,5.657,5.657,5.657,0.0
2012-04-05,5.624,5.624,5.624,5.624,0.0
2012-04-09,5.644,5.644,5.644,5.644,0.0
2012-04-10,5.623,5.623,5.623,5.623,0.0
2012-04-11,5.587,5.587,5.587,5.587,0.0
2012-04-12,5.5,5.5,5.5,5.5,0.0
2012-04-13,5.488,5.488,5.488,5.488,0.0
2012-04-16,5.458,5.458,5.458,5.458,0.0
2012-04-17,5.397,5.397,5.397,5.397,0.0
2012-04-18,5.375,5.375,5.375,5.375,0.0
2012-04-19,5.345,5.345,5.345,5.345,0.0
2012-04-20,5.282,5.282,5.282,5.282,0.0
2012-04-23,5.241,5.241,5.241,5.241,0.0
2012-04-24,5.275,5.275,5.275,5.275,0.0
2012-04-25,5.174,5.174,5.174,5.174,0.0
2012-04-26,5.198,5.198,5.198,5.198,0.0
2012-04-27,5.207,5.207,5.207,5.207,0.0
2012-04-30,5.247,5.247,5.247,5.247,0.0
2012-05-01,5.249,5.249,5.249,5.249,0.0
2012-05-02,5.252,5.252,5.252,5.252,0.0
2012-05-03,5.257,5.257,5.257,5.257,0.0
2012-05-04,5.249,5.249,5.249,5.249,0.0
2012-05-07,5.259,5.259,5.259,5.259,0.0
2012-05-08,5.252,5.252,5.252,5.252,0.0
2012-05-09,5.281,5.281,5.281,5.281,0.0
2012-05-10,5.266,5.266,5.266,5.266,0.0
2012-05-11,5.246,5.246,5.246,5.246,0.0
2012-05-14,5.254,5.254,5.254,5.254,0.0
2012-05-15,5.286,5.286,5.286,5.286,0.0
2012-05-16,5.314,5.314,5.314,5.314,0.0
2012-05-17,5.303,5.303,5.303,5.303,0.0
2012-05-18,5.342,5.342,5.342,5.342,0.0
2012-05-21,5.282,5.282,5.282,5.282,0.0
2012-05-22,5.323,5.323,5.323,5.323,0.0
2012-05-23,5.307,5.307,5.307,5.307,0.0
2012-05-24,5.316,5.316,5.316,5.316,0.0
2012-05-25,5.361,5.361,5.361,5.361,0.0
2012-05-29,5.327,5.327,5.327,5.327,0.0
2012-05-30,5.285,5.285,5.285,5.285,0.0
2012-05-31,5.36,5.36,5.36,5.36,0.0
2012-06-01,5.32,5.32,5.32,5.32,0.0
2012-06-04,5.322,5.322,5.322,5.322,0.0
2012-06-05,5.264,5.264,5.264,5.264,0.0
2012-06-06,5.259,5.259,5.259,5.259,0.0
2012-06-07,5.238,5.238,5.238,5.238,0.0
2012-06-08,5.259,5.259,5.259,5.259,0.0
2012-06-11,5.222,5.222,5.222,5.222,0.0
2012-06-12,5.222,5.222,5.222,5.222,0.0
2012-06-13,5.223,5.223,5.223,5.223,0.0
2012-06-14,5.248,5.248,5.248,5.248,0.0
2012-06-15,5.13,5.13,5.13,5.13,0.0
2012-06-18,5.076,5.076,5.076,5.076,0.0
2012-06-19,5.116,5.116,5.116,5.116,0.0
2012-06-20,5.116,5.116,5.116,5.116,0.0
2012-06-21,5.091,5.091,5.091,5.091,0.0
2012-06-22,5.063,5.063,5.063,5.063,0.0
2012-06-25,5.09,5.09,5.09,5.09,0.0
2012-06-26,5.135,5.135,5.135,5.135,0.0
2012-06-27,5.153,5.153,5.153,5.153,0.0
2012-06-28,5.151,5.151,5.151,5.151,0.0
2012-06-29,5.139,5.139,5.139,5.139,0.0
2012-07-02,5.15,5.15,5.15,5.15,0.0
2012-07-03,5.191,5.191,5.191,5.191,0.0
2012-07-05,5.194,5.194,5.194,5.194,0.0
2012-07-06,5.146,5.146,5.146,5.146,0.0
2012-07-09,5.195,5.195,5.195,5.195,0.0
2012-07-10,5.188,5.188,5.188,5.188,0.0
2012-07-11,5.235,5.235,5.235,5.235,0.0
2012-07-12,5.224,5.224,5.224,5.224,0.0
2012-07-13,5.227,5.227,5.227,5.227,0.0
2012-07-16,5.178,5.178,5.178,5.178,0.0
2012-07-17,5.349,5.349,5.349,5.349,0.0
2012-07-18,5.43,5.43,5.43,5.43,0.0
2012-07-19,5.389,5.389,5.389,5.389,0.0
2012-07-20,5.411,5.411,5.411,5.411,0.0
2012-07-23,5.42,5.42,5.42,5.42,0.0
2012-07-24,5.457,5.457,5.457,5.457,0.0
2012-07-25,5.464,5.464,5.464,5.464,0.0
2012-07-26,5.507,5.507,5.507,5.507,0.0
2012-07-27,5.509,5.509,5.509,5.509,0.0
2012-07-30,5.577,5.577,5.577,5.577,0.0
2012-07-31,5.537,5.537,5.537,5.537,0.0
2012-08-01,5.502,5.502,5.502,5.502,0.0
2012-08-02,5.382,5.382,5.382,5.382,0.0
2012-08-03,5.354,5.354,5.354,5.354,0.0
2012-08-06,5.653,5.653,5.653,5.653,0.0
2012-08-07,5.577,5.577,5.577,5.577,0.0
2012-08-08,5.849,5.849,5.849,5.849,0.0
2012-08-09,5.749,5.749,5.749,5.749,0.0
2012-08-10,5.686,5.686,5.686,5.686,0.0
2012-08-13,5.659,5.659,5.659,5.659,0.0
2012-08-14,5.701,5.701,5.701,5.701,0.0
2012-08-15,5.794,5.794,5.794,5.794,0.0
2012-08-16,5.767,5.767,5.767,5.767,0.0
2012-08-17,5.765,5.765,5.765,5.765,0.0
2012-08-20,5.804,5.804,5.804,5.804,0.0
2012-08-21,5.807,5.807,5.807,5.807,0.0
2012-08-22,5.798,5.798,5.798,5.798,0.0
2012-08-23,5.781,5.781,5.781,5.781,0.0
2012-08-24,5.748,5.748,5.748,5.748,0.0
2012-08-27,5.723,5.723,5.723,5.723,0.0
2012-08-28,5.668,5.668,5.668,5.668,0.0
2012-08-29,5.689,5.689,5.689,5.689,0.0
2012-08-30,5.696,5.696,5.696,5.696,0.0
2012-08-31,5.675,5.675,5.675,5.675,0.0
2012-09-04,5.677,5.677,5.677,5.677,0.0
2012-09-05,5.667,5.667,5.667,5.667,0.0
2012-09-06,5.663,5.663,5.663,5.663,0.0
2012-09-07,5.613,5.613,5.613,5.613,0.0
2012-09-10,5.587,5.587,5.587,5.587,0.0
2012-09-11,5.627,5.627,5.627,5.627,0.0
2012-09-12,5.702,5.702,5.702,5.702,0.0
2012-09-13,5.712,5.712,5.712,5.712,0.0
2012-09-14,5.702,5.702,5.702,5.702,0.0
2012-09-17,5.683,5.683,5.683,5.683,0.0
2012-09-18,5.787,5.787,5.787,5.787,0.0
2012-09-19,5.787,5.787,5.787,5.787,0.0
2012-09-20,5.791,5.791,5.791,5.791,0.0
2012-09-21,5.85,5.85,5.85,5.85,0.0
2012-09-24,5.834,5.834,5.834,5.834,0.0
2012-09-25,5.851,5.851,5.851,5.851,0.0
2012-09-26,5.817,5.817,5.817,5.817,0.0
2012-09-27,5.841,5.841,5.841,5.841,0.0
2012-09-28,5.853,5.853,5.853,5.853,0.0
2012-10-01,5.874,5.874,5.874,5.874,0.0
2012-10-02,5.83,5.83,5.83,5.83,0.0
2012-10-03,5.808,5.808,5.808,5.808,0.0
2012-10-04,5.788,5.788,5.788,5.788,0.0
2012-10-05,5.838,5.838,5.838,5.838,0.0
2012-10-08,5.877,5.877,5.877,5.877,0.0
2012-10-09,5.883,5.883,5.883,5.883,0.0
2012-10-10,5.859,5.859,5.859,5.859,0.0
2012-10-11,5.887,5.887,5.887,5.887,0.0
2012-10-12,5.848,5.848,5.848,5.848,0.0
2012-10-15,5.814,5.814,5.814,5.814,0.0
2012-10-16,5.82,5.82,5.82,5.82,0.0
2012-10-17,5.868,5.868,5.868,5.868,0.0
2012-10-18,5.814,5.814,5.814,5.814,0.0
2012-10-19,5.812,5.812,5.812,5.812,0.0
2012-10-22,5.818,5.818,5.818,5.818,0.0
2012-10-23,5.856,5.856,5.856,5.856,0.0
2012-10-24,5.831,5.831,5.831,5.831,0.0
2012-10-25,5.861,5.861,5.861,5.861,0.0
2012-10-26,5.87,5.87,5.87,5.87,0.0
2012-10-29,5.939,5.939,5.939,5.939,0.0
2012-10-30,5.87,5.87,5.87,5.87,0.0
2012-10-31,5.873,5.873,5.873,5.873,0.0
2012-11-01,5.88,5.88,5.88,5.88,0.0
2012-11-02,5.779,5.779,5.779,5.779,0.0
2012-11-05,5.736,5.736,5.736,5.736,0.0
2012-11-06,5.783,5.783,5.783,5.783,0.0
2012-11-07,5.759,5.759,5.759,5.759,0.0
2012-11-08,5.802,5.802,5.802,5.802,0.0
2012-11-09,5.741,5.741,5.741,5.741,0.0
2012-11-12,5.791,5.791,5.791,5.791,0.0
2012-11-13,5.83,5.83,5.83,5.83,0.0
2012-11-14,5.797,5.797,5.797,5.797,0.0
2012-11-15,5.718,5.718,5.718,5.718,0.0
2012-11-16,5.716,5.716,5.716,5.716,0.0
2012-11-19,5.681,5.681,5.681,5.681,0.0
2012-11-20,5.722,5.722,5.722,5.722,0.0
2012-11-21,5.691,5.691,5.691,5.691,0.0
2012-11-23,5.678,5.678,5.678,5.678,0.0
2012-11-26,5.642,5.642,5.642,5.642,0.0
2012-11-27,5.677,5.677,5.677,5.677,0.0
2012-11-28,5.669,5.669,5.669,5.669,0.0
2012-11-29,5.593,5.593,5.593,5.593,0.0
2012-11-30,5.574,5.574,5.574,5.574,0.0
2012-12-03,5.608,5.608,5.608,5.608,0.0
2012-12-04,5.583,5.583,5.583,5.583,0.0
2012-12-05,5.613,5.613,5.613,5.613,0.0
2012-12-06,5.605,5.605,5.605,5.605,0.0
2012-12-07,5.582,5.582,5.582,5.582,0.0
2012-12-10,5.604,5.604,5.604,5.604,0.0
2012-12-11,5.577,5.577,5.577,5.577,0.0
2012-12-12,5.571,5.571,5.571,5.571,0.0
2012-12-13,5.578,5.578,5.578,5.578,0.0
2012-12-14,5.574,5.574,5.574,5.574,0.0
2012-12-17,5.629,5.629,5.629,5.629,0.0
2012-12-18,5.766,5.766,5.766,5.766,0.0
2012-12-19,5.736,5.736,5.736,5.736,0.0
2012-12-20,5.802,5.802,5.802,5.802,0.0
2012-12-21,5.784,5.784,5.784,5.784,0.0
2012-12-24,5.747,5.747,5.747,5.747,0.0
2012-12-26,5.767,5.767,5.767,5.767,0.0
2012-12-27,5.75,5.75,5.75,5.75,0.0
2012-12-28,5.745,5.745,5.745,5.745,0.0
2012-12-31,5.704,5.704,5.704,5.704,0.0
2013-01-02,5.668,5.668,5.668,5.668,0.0
2013-01-03,5.663,5.663,5.663,5.663,0.0
2013-01-04,5.721,5.721,5.721,5.721,0.0
2013-01-07,5.702,5.702,5.702,5.702,0.0
2013-01-08,5.68,5.68,5.68,5.68,0.0
2013-01-09,5.66,5.66,5.66,5.66,0.0
2013-01-10,5.672,5.672,5.672,5.672,0.0
2013-01-11,5.633,5.633,5.633,5.633,0.0
2013-01-14,5.62,5.62,5.62,5.62,0.0
2013-01-15,5.63,5.63,5.63,5.63,0.0
2013-01-16,5.63,5.63,5.63,5.63,0.0
2013-01-17,5.619,5.619,5.619,5.619,0.0
2013-01-18,5.65,5.65,5.65,5.65,0.0
2013-01-22,5.644,5.644,5.644,5.644,0.0
2013-01-23,5.679,5.679,5.679,5.679,0.0
2013-01-24,5.65,5.65,5.65,5.65,0.0
2013-01-25,5.67,5.67,5.67,5.67,0.0
2013-01-28,5.61,5.61,5.61,5.61,0.0
2013-01-29,5.581,5.581,5.581,5.581,0.0
2013-01-30,5.605,5.605,5.605,5.605,0.0
2013-01-31,5.596,5.596,5.596,5.596,0.0
2013-02-01,5.553,5.553,5.553,5.553,0.0
2013-02-04,5.573,5.573,5.573,5.573,0.0
2013-02-05,5.575,5.575,5.575,5.575,0.0
2013-02-06,5.57,5.57,5.57,5.57,0.0
2013-02-07,5.546,5.546,5.546,5.546,0.0
2013-02-08,5.591,5.591,5.591,5.591,0.0
2013-02-11,5.601,5.601,5.601,5.601,0.0
2013-02-12,5.618,5.618,5.618,5.618,0.0
2013-02-13,5.647,5.647,5.647,5.647,0.0
2013-02-14,5.623,5.623,5.623,5.623,0.0
2013-02-15,5.604,5.604,5.604,5.604,0.0
2013-02-19,5.645,5.645,5.645,5.645,0.0
2013-02-20,5.623,5.623,5.623,5.623,0.0
2013-02-21,5.596,5.596,5.596,5.596,0.0
2013-02-22,5.593,5.593,5.593,5.593,0.0
2013-02-25,5.594,5.594,5.594,5.594,0.0
2013-02-26,5.598,5.598,5.598,5.598,0.0
2013-02-27,5.591,5.591,5.591,5.591,0.0
2013-02-28,5.612,5.612,5.612,5.612,0.0
2013-03-01,5.633,5.633,5.633,5.633,0.0
2013-03-04,5.675,5.675,5.675,5.675,0.0
2013-03-05,5.663,5.663,5.663,5.663,0.0
2013-03-06,5.633,5.633,5.633,5.633,0.0
2013-03-07,5.667,5.667,5.667,5.667,0.0
2013-03-08,5.663,5.663,5.663,5.663,0.0
2013-03-11,5.656,5.656,5.656,5.656,0.0
2013-03-12,5.626,5.626,5.626,5.626,0.0
2013-03-13,5.637,5.637,5.637,5.637,0.0
2013-03-14,5.629,5.629,5.629,5.629,0.0
2013-03-15,5.632,5.632,5.632,5.632,0.0
2013-03-18,5.617,5.617,5.617,5.617,0.0
2013-03-19,5.642,5.642,5.642,5.642,0.0
2013-03-20,5.636,5.636,5.636,5.636,0.0
2013-03-21,5.573,5.573,5.573,5.573,0.0
2013-03-22,5.565,5.565,5.565,5.565,0.0
2013-03-25,5.531,5.531,5.531,5.531,0.0
2013-03-26,5.543,5.543,5.543,5.543,0.0
2013-03-27,5.478,5.478,5.478,5.478,0.0
2013-03-28,5.395,5.395,5.395,5.395,0.0
2013-04-01,5.384,5.384,5.384,5.384,0.0
2013-04-02,5.341,5.341,5.341,5.341,0.0
2013-04-03,5.406,5.406,5.406,5.406,0.0
2013-04-04,5.418,5.418,5.418,5.418,0.0
2013-04-05,5.395,5.395,5.395,5.395,0.0
2013-04-08,5.306,5.306,5.306,5.306,0.0
2013-04-09,5.136,5.136,5.136,5.136,0.0
2013-04-10,5.08,5.08,5.08,5.08,0.0
2013-04-11,5.159,5.159,5.159,5.159,0.0
2013-04-12,5.313,5.313,5.313,5.313,0.0
2013-04-15,5.324,5.324,5.324,5.324,0.0
2013-04-16,5.405,5.405,5.405,5.405,0.0
2013-04-17,5.409,5.409,5.409,5.409,0.0
2013-04-18,5.399,5.399,5.399,5.399,0.0
2013-04-19,5.398,5.398,5.398,5.398,0.0
2013-04-22,5.391,5.391,5.391,5.391,0.0
2013-04-23,5.379,5.379,5.379,5.379,0.0
2013-04-24,5.244,5.244,5.244,5.244,0.0
2013-04-25,5.259,5.259,5.259,5.259,0.0
2013-04-26,5.261,5.261,5.261,5.261,0.0
2013-04-29,5.274,5.274,5.274,5.274,0.0
2013-04-30,5.275,5.275,5.275,5.275,0.0
2013-05-01,5.26,5.26,5.26,5.26,0.0
2013-05-02,5.268,5.268,5.268,5.268,0.0
2013-05-03,5.331,5.331,5.331,5.331,0.0
2013-05-06,5.382,5.382,5.382,5.382,0.0
2013-05-07,5.381,5.381,5.381,5.381,0.0
2013-05-08,5.365,5.365,5.365,5.365,0.0
2013-05-09,5.327,5.327,5.327,5.327,0.0
2013-05-10,5.289,5.289,5.289,5.289,0.0
2013-05-13,5.299,5.299,5.299,5.299,0.0
2013-05-14,5.33,5.33,5.33,5.33,0.0
2013-05-15,5.312,5.312,5.312,5.312,0.0
2013-05-16,5.309,5.309,5.309,5.309,0.0
2013-05-17,5.469,5.469,5.469,5.469,0.0
2013-05-20,5.651,5.651,5.651,5.651,0.0
2013-05-21,5.723,5.723,5.723,5.723,0.0
2013-05-22,5.843,5.843,5.843,5.843,0.0
2013-05-23,5.811,5.811,5.811,5.811,0.0
2013-05-24,5.802,5.802,5.802,5.802,0.0
2013-05-28,5.791,5.791,5.791,5.791,0.0
2013-05-29,5.782,5.782,5.782,5.782,0.0
2013-05-30,5.742,5.742,5.742,5.742,0.0
2013-05-31,5.784,5.784,5.784,5.784,0.0
2013-06-03,5.799,5.799,5.799,5.799,0.0
2013-06-04,5.781,5.781,5.781,5.781,0.0
2013-06-05,5.753,5.753,5.753,5.753,0.0
2013-06-06,5.698,5.698,5.698,5.698,0.0
2013-06-07,5.724,5.724,5.724,5.724,0.0
2013-06-10,5.708,5.708,5.708,5.708,0.0
2013-06-11,5.633,5.633,5.633,5.633,0.0
2013-06-12,5.592,5.592,5.592,5.592,0.0
2013-06-13,5.596,5.596,5.596,5.596,0.0
2013-06-14,5.582,5.582,5.582,5.582,0.0
2013-06-17,5.618,5.618,5.618,5.618,0.0
2013-06-18,5.675,5.675,5.675,5.675,0.0
2013-06-19,5.642,5.642,5.642,5.642,0.0
2013-06-20,5.623,5.623,5.623,5.623,0.0
2013-06-21,5.709,5.709,5.709,5.709,0.0
2013-06-24,5.83,5.83,5.83,5.83,0.0
2013-06-25,5.902,5.902,5.902,5.902,0.0
2013-06-26,5.949,5.949,5.949,5.949,0.0
2013-06-27,5.888,5.888,5.888,5.888,0.0
2013-06-28,5.92,5.92,5.92,5.92,0.0
2013-07-01,5.855,5.855,5.855,5.855,0.0
2013-07-02,5.89,5.89,5.89,5.89,0.0
2013-07-03,5.912,5.912,5.912,5.912,0.0
2013-07-05,5.871,5.871,5.871,5.871,0.0
2013-07-08,5.918,5.918,5.918,5.918,0.0
2013-07-09,5.831,5.831,5.831,5.831,0.0
2013-07-10,5.817,5.817,5.817,5.817,0.0
2013-07-11,5.814,5.814,5.814,5.814,0.0
2013-07-12,5.814,5.814,5.814,5.814,0.0
2013-07-15,5.835,5.835,5.835,5.835,0.0
2013-07-16,5.834,5.834,5.834,5.834,0.0
2013-07-17,5.836,5.836,5.836,5.836,0.0
2013-07-18,5.786,5.786,5.786,5.786,0.0
2013-07-19,5.74,5.74,5.74,5.74,0.0
2013-07-22,5.724,5.724,5.724,5.724,0.0
2013-07-23,5.693,5.693,5.693,5.693,0.0
2013-07-24,5.712,5.712,5.712,5.712,0.0
2013-07-25,5.737,5.737,5.737,5.737,0.0
2013-07-26,5.666,5.666,5.666,5.666,0.0
2013-07-29,5.666,5.666,5.666,5.666,0.0
2013-07-30,5.633,5.633,5.633,5.633,0.0
2013-07-31,5.651,5.651,5.651,5.651,0.0
2013-08-01,5.627,5.627,5.627,5.627,0.0
2013-08-02,5.612,5.612,5.612,5.612,0.0
2013-08-05,5.587,5.587,5.587,5.587,0.0
2013-08-06,5.57,5.57,5.57,5.57,0.0
2013-08-07,5.6,5.6,5.6,5.6,0.0
2013-08-08,5.563,5.563,5.563,5.563,0.0
2013-08-09,5.533,5.533,5.533,5.533,0.0
2013-08-12,5.473,5.473,5.473,5.473,0.0
2013-08-13,5.405,5.405,5.405,5.405,0.0
2013-08-14,5.356,5.356,5.356,5.356,0.0
2013-08-15,5.384,5.384,5.384,5.384,0.0
2013-08-16,5.366,5.366,5.366,5.366,0.0
2013-08-19,5.377,5.377,5.377,5.377,0.0
2013-08-20,5.363,5.363,5.363,5.363,0.0
2013-08-21,5.327,5.327,5.327,5.327,0.0
2013-08-22,5.351,5.351,5.351,5.351,0.0
2013-08-23,5.321,5.321,5.321,5.321,0.0
2013-08-26,5.273,5.273,5.273,5.273,0.0
2013-08-27,5.211,5.211,5.211,5.211,0.0
2013-08-28,5.224,5.224,5.224,5.224,0.0
2013-08-29,5.234,5.234,5.234,5.234,0.0
2013-08-30,5.246,5.246,5.246,5.246,0.0
2013-09-03,5.255,5.255,5.255,5.255,0.0
2013-09-04,5.222,5.222,5.222,5.222,0.0
2013-09-05,5.209,5.209,5.209,5.209,0.0
2013-09-06,5.209,5.209,5.209,5.209,0.0
2013-09-09,5.204,5.204,5.204,5.204,0.0
2013-09-10,5.218,5.218,5.218,5.218,0.0
2013-09-11,5.205,5.205,5.205,5.205,0.0
2013-09-12,5.194,5.194,5.194,5.194,0.0
2013-09-13,5.214,5.214,5.214,5.214,0.0
2013-09-16,5.216,5.216,5.216,5.216,0.0
2013-09-17,5.191,5.191,5.191,5.191,0.0
2013-09-18,5.246,5.246,5.246,5.246,0.0
2013-09-19,5.274,5.274,5.274,5.274,0.0
2013-09-20,5.26,5.26,5.26,5.26,0.0
2013-09-23,5.221,5.221,5.221,5.221,0.0
2013-09-24,5.201,5.201,5.201,5.201,0.0
2013-09-25,5.183,5.183,5.183,5.183,0.0
2013-09-26,5.249,5.249,5.249,5.249,0.0
2013-09-27,5.274,5.274,5.274,5.274,0.0
2013-09-30,5.224,5.224,5.224,5.224,0.0
2013-10-01,5.244,5.244,5.244,5.244,0.0
2013-10-02,5.203,5.203,5.203,5.203,0.0
2013-10-03,5.204,5.204,5.204,5.204,0.0
2013-10-04,5.212,5.212,5.212,5.212,0.0
2013-10-07,5.229,5.229,5.229,5.229,0.0
2013-10-08,5.252,5.252,5.252,5.252,0.0
2013-10-09,5.24,5.24,5.24,5.24,0.0
2013-10-10,5.235,5.235,5.235,5.235,0.0
2013-10-11,5.185,5.185,5.185,5.185,0.0
2013-10-14,5.202,5.202,5.202,5.202,0.0
2013-10-15,5.171,5.171,5.171,5.171,0.0
2013-10-16,5.113,5.113,5.113,5.113,0.0
2013-10-17,5.163,5.163,5.163,5.163,0.0
2013-10-18,5.174,5.174,5.174,5.174,0.0
2013-10-21,5.17,5.17,5.17,5.17,0.0
2013-10-22,5.208,5.208,5.208,5.208,0.0
2013-10-23,5.214,5.214,5.214,5.214,0.0
2013-10-24,5.19,5.19,5.19,5.19,0.0
2013-10-25,5.221,5.221,5.221,5.221,0.0
2013-10-28,5.174,5.174,5.174,5.174,0.0
2013-10-29,5.165,5.165,5.165,5.165,0.0
2013-10-30,5.151,5.151,5.151,5.151,0.0
2013-10-31,5.062,5.062,5.062,5.062,0.0
2013-11-01,4.987,4.987,4.987,4.987,0.0
2013-11-04,4.958,4.958,4.958,4.958,0.0
2013-11-05,4.94,4.94,4.94,4.94,0.0
2013-11-06,4.937,4.937,4.937,4.937,0.0
2013-11-07,4.931,4.931,4.931,4.931,0.0
2013-11-08,4.865,4.865,4.865,4.865,0.0
2013-11-11,4.878,4.878,4.878,4.878,0.0
2013-11-12,4.884,4.884,4.884,4.884,0.0
2013-11-13,4.838,4.838,4.838,4.838,0.0
2013-11-14,4.802,4.802,4.802,4.802,0.0
2013-11-15,4.777,4.777,4.777,4.777,0.0
2013-11-18,4.764,4.764,4.764,4.764,0.0
2013-11-19,4.704,4.704,4.704,4.704,0.0
2013-11-20,4.736,4.736,4.736,4.736,0.0
2013-11-21,4.714,4.714,4.714,4.714,0.0
2013-11-22,4.716,4.716,4.716,4.716,0.0
2013-11-25,4.727,4.727,4.727,4.727,0.0
2013-11-26,4.708,4.708,4.708,4.708,0.0
2013-11-27,4.71,4.71,4.71,4.71,0.0
2013-11-29,4.702,4.702,4.702,4.702,0.0
2013-12-02,4.792,4.792,4.792,4.792,0.0
2013-12-03,4.889,4.889,4.889,4.889,0.0
2013-12-04,4.983,4.983,4.983,4.983,0.0
2013-12-05,4.962,4.962,4.962,4.962,0.0
2013-12-06,4.938,4.938,4.938,4.938,0.0
2013-12-09,4.831,4.831,4.831,4.831,0.0
2013-12-10,4.798,4.798,4.798,4.798,0.0
2013-12-11,4.745,4.745,4.745,4.745,0.0
2013-12-12,4.629,4.629,4.629,4.629,0.0
2013-12-13,4.631,4.631,4.631,4.631,0.0
2013-12-16,4.659,4.659,4.659,4.659,0.0
2013-12-17,4.634,4.634,4.634,4.634,0.0
2013-12-18,4.601,4.601,4.601,4.601,0.0
2013-12-19,4.615,4.615,4.615,4.615,0.0
2013-12-20,4.575,4.575,4.575,4.575,0.0
2013-12-23,4.56,4.56,4.56,4.56,0.0
2013-12-24,4.587,4.587,4.587,4.587,0.0
2013-12-26,4.584,4.584,4.584,4.584,0.0
2013-12-27,4.596,4.596,4.596,4.596,0.0
2013-12-30,4.586,4.586,4.586,4.586,0.0
2013-12-31,4.489,4.489,4.489,4.489,0.0
2014-01-02,4.504,4.504,4.504,4.504,0.0
2014-01-03,4.53,4.53,4.53,4.53,0.0
2014-01-06,4.536,4.536,4.536,4.536,0.0
2014-01-07,4.554,4.554,4.554,4.554,0.0
2014-01-08,4.574,4.574,4.574,4.574,0.0
2014-01-09,4.52,4.52,4.52,4.52,0.0
2014-01-10,4.607,4.607,4.607,4.607,0.0
2014-01-13,4.524,4.524,4.524,4.524,0.0
2014-01-14,4.521,4.521,4.521,4.521,0.0
2014-01-15,4.507,4.507,4.507,4.507,0.0
2014-01-16,4.502,4.502,4.502,4.502,0.0
2014-01-17,4.492,4.492,4.492,4.492,0.0
2014-01-21,4.54,4.54,4.54,4.54,0.0
2014-01-22,4.54,4.54,4.54,4.54,0.0
2014-01-23,4.534,4.534,4.534,4.534,0.0
2014-01-24,4.536,4.536,4.536,4.536,0.0
2014-01-27,4.575,4.575,4.575,4.575,0.0
2014-01-28,4.561,4.561,4.561,4.561,0.0
2014-01-29,4.555,4.555,4.555,4.555,0.0
2014-01-30,4.593,4.593,4.593,4.593,0.0
2014-01-31,4.59,4.59,4.59,4.59,0.0
2014-02-03,4.629,4.629,4.629,4.629,0.0
2014-02-04,4.595,4.595,4.595,4.595,0.0
2014-02-05,4.56,4.56,4.56,4.56,0.0
2014-02-06,4.505,4.505,4.505,4.505,0.0
2014-02-07,4.51,4.51,4.51,4.51,0.0
2014-02-10,4.475,4.475,4.475,4.475,0.0
2014-02-11,4.333,4.333,4.333,4.333,0.0
2014-02-12,4.339,4.339,4.339,4.339,0.0
2014-02-13,4.325,4.325,4.325,4.325,0.0
2014-02-14,4.305,4.305,4.305,4.305,0.0
2014-02-18,4.306,4.306,4.306,4.306,0.0
2014-02-19,4.336,4.336,4.336,4.336,0.0
2014-02-20,4.401,4.401,4.401,4.401,0.0
2014-02-21,4.423,4.423,4.423,4.423,0.0
2014-02-24,4.456,4.456,4.456,4.456,0.0
2014-02-25,4.464,4.464,4.464,4.464,0.0
2014-02-26,4.421,4.421,4.421,4.421,0.0
2014-02-27,4.368,4.368,4.368,4.368,0.0
2014-02-28,4.338,4.338,4.338,4.338,0.0
2014-03-03,4.336,4.336,4.336,4.336,0.0
2014-03-04,4.364,4.364,4.364,4.364,0.0
2014-03-05,4.389,4.389,4.389,4.389,0.0
2014-03-06,4.553,4.553,4.553,4.553,0.0
2014-03-07,4.515,4.515,4.515,4.515,0.0
2014-03-10,4.525,4.525,4.525,4.525,0.0
2014-03-11,4.491,4.491,4.491,4.491,0.0
2014-03-12,4.541,4.541,4.541,4.541,0.0
2014-03-13,4.645,4.645,4.645,4.645,0.0
2014-03-14,4.76,4.76,4.76,4.76,0.0
2014-03-17,4.742,4.742,4.742,4.742,0.0
2014-03-18,4.692,4.692,4.692,4.692,0.0
2014-03-19,4.728,4.728,4.728,4.728,0.0
2014-03-20,4.786,4.786,4.786,4.786,0.0
2014-03-21,4.776,4.776,4.776,4.776,0.0
2014-03-24,4.801,4.801,4.801,4.801,0.0
2014-03-25,4.826,4.826,4.826,4.826,0.0
2014-03-26,4.845,4.845,4.845,4.845,0.0
2014-03-27,4.842,4.842,4.842,4.842,0.0
2014-03-28,4.822,4.822,4.822,4.822,0.0
2014-03-31,4.822,4.822,4.822,4.822,0.0
2014-04-01,4.781,4.781,4.781,4.781,0.0
2014-04-02,4.794,4.794,4.794,4.794,0.0
2014-04-03,4.871,4.871,4.871,4.871,0.0
2014-04-04,4.881,4.881,4.881,4.881,0.0
2014-04-07,4.901,4.901,4.901,4.901,0.0
2014-04-08,4.895,4.895,4.895,4.895,0.0
2014-04-09,4.95,4.95,4.95,4.95,0.0
2014-04-10,5.03,5.03,4.986,4.986,1.0
2014-04-11,4.989,4.989,4.989,4.989,0.0
2014-04-14,4.987,4.987,4.987,4.987,0.0
2014-04-15,5.018,5.018,5.018,5.018,0.0
2014-04-16,5.023,5.023,5.023,5.023,0.0
2014-04-17,5.029,5.029,5.029,5.029,0.0
2014-04-21,4.99,4.99,4.99,4.99,0.0
2014-04-22,5.011,5.011,5.011,5.011,0.0
2014-04-23,5.004,5.004,5.004,5.004,0.0
2014-04-24,5.043,5.043,5.043,5.043,0.0
2014-04-25,5.032,5.032,5.032,5.032,0.0
2014-04-28,5.04,5.04,5.04,5.04,0.0
2014-04-29,5.09,5.09,5.09,5.09,0.0
2014-04-30,5.096,5.096,5.096,5.096,0.0
2014-05-01,5.1,5.1,5.1,5.1,0.0
2014-05-02,5.088,5.088,5.088,5.088,0.0
2014-05-05,5.077,5.077,5.077,5.077,0.0
2014-05-06,5.093,5.093,5.093,5.093,0.0
2014-05-07,5.098,5.098,5.098,5.098,0.0
2014-05-08,5.108,5.108,5.108,5.108,0.0
2014-05-09,5.148,5.148,5.148,5.148,0.0
2014-05-12,5.118,5.118,5.118,5.118,0.0
2014-05-13,5.124,5.124,5.124,5.124,0.0
2014-05-14,5.142,5.142,5.142,5.142,0.0
2014-05-15,5.09,5.09,5.09,5.09,0.0
2014-05-16,5.05,5.05,5.05,5.05,0.0
2014-05-19,5.051,5.051,5.051,5.051,0.0
2014-05-20,5.041,5.041,5.041,5.041,0.0
2014-05-21,5.046,5.046,5.046,5.046,0.0
2014-05-22,5.024,5.024,5.024,5.024,0.0
2014-05-23,5.044,5.044,5.044,5.044,0.0
2014-05-27,5.062,5.062,5.062,5.062,0.0
2014-05-28,5.039,5.039,5.039,5.039,0.0
2014-05-29,5.042,5.042,5.042,5.042,0.0
2014-05-30,5.038,5.038,5.038,5.038,0.0
2014-06-02,5.073,5.073,5.073,5.073,0.0
2014-06-03,5.05,5.05,5.05,5.05,0.0
2014-06-04,5.045,5.045,5.045,5.045,0.0
2014-06-05,5.063,5.063,5.063,5.063,0.0
2014-06-06,5.079,5.079,5.079,5.079,0.0
2014-06-09,5.065,5.065,5.065,5.065,0.0
2014-06-10,5.108,5.108,5.108,5.108,0.0
2014-06-11,5.099,5.099,5.099,5.099,0.0
2014-06-12,5.094,5.094,5.094,5.094,0.0
2014-06-13,5.123,5.123,5.123,5.123,0.0
2014-06-16,5.122,5.122,5.122,5.122,0.0
2014-06-17,5.162,5.162,5.162,5.162,0.0
2014-06-18,5.176,5.176,5.176,5.176,0.0
2014-06-19,5.198,5.198,5.198,5.198,0.0
2014-06-20,5.158,5.158,5.158,5.158,0.0
2014-06-23,5.146,5.146,5.146,5.146,0.0
2014-06-24,5.142,5.142,5.142,5.142,0.0
2014-06-25,5.151,5.151,5.151,5.151,0.0
2014-06-26,5.074,5.074,5.074,5.074,0.0
2014-06-27,5.072,5.072,5.072,5.072,0.0
2014-06-30,5.091,5.091,5.091,5.091,0.0
2014-07-01,5.099,5.099,5.099,5.099,0.0
2014-07-02,5.074,5.074,5.074,5.074,0.0
2014-07-03,5.069,5.069,5.069,5.069,0.0
2014-07-07,5.043,5.043,5.043,5.043,0.0
2014-07-08,5.019,5.019,5.019,5.019,0.0
2014-07-09,4.985,4.985,4.985,4.985,0.0
2014-07-10,4.932,4.932,4.932,4.932,0.0
2014-07-11,4.926,4.926,4.926,4.926,0.0
2014-07-14,4.889,4.889,4.889,4.889,0.0
2014-07-15,4.874,4.874,4.874,4.874,0.0
2014-07-16,4.889,4.889,4.889,4.889,0.0
2014-07-17,4.88,4.88,4.88,4.88,0.0
2014-07-18,4.907,4.907,4.907,4.907,0.0
2014-07-21,4.888,4.888,4.888,4.888,0.0
2014-07-22,4.842,4.842,4.842,4.842,0.0
2014-07-23,4.818,4.818,4.818,4.818,0.0
2014-07-24,4.799,4.799,4.799,4.799,0.0
2014-07-25,4.794,4.794,4.794,4.794,0.0
2014-07-28,4.781,4.781,4.781,4.781,0.0
2014-07-29,4.7,4.7,4.7,4.7,0.0
2014-07-30,4.727,4.727,4.727,4.727,0.0
2014-07-31,4.753,4.753,4.753,4.753,0.0
2014-08-01,4.781,4.781,4.781,4.781,0.0
2014-08-04,4.776,4.776,4.776,4.776,0.0
2014-08-05,4.717,4.717,4.717,4.717,0.0
2014-08-06,4.692,4.692,4.692,4.692,0.0
2014-08-07,4.706,4.706,4.706,4.706,0.0
2014-08-08,4.702,4.702,4.702,4.702,0.0
2014-08-11,4.657,4.657,4.657,4.657,0.0
2014-08-12,4.639,4.639,4.639,4.639,0.0
2014-08-13,4.624,4.624,4.624,4.624,0.0
2014-08-14,4.635,4.635,4.635,4.635,0.0
2014-08-15,4.6,4.6,4.6,4.6,0.0
2014-08-18,4.601,4.601,4.601,4.601,0.0
2014-08-19,4.594,4.594,4.594,4.594,0.0
2014-08-20,4.574,4.574,4.574,4.574,0.0
2014-08-21,4.597,4.597,4.597,4.597,0.0
2014-08-22,4.603,4.603,4.603,4.603,0.0
2014-08-25,4.611,4.611,4.611,4.611,0.0
2014-08-26,4.61,4.61,4.61,4.61,0.0
2014-08-27,4.63,4.63,4.63,4.63,0.0
2014-08-28,4.642,4.642,4.642,4.642,1.0
2014-08-29,4.634,4.634,4.634,4.634,0.0
2014-09-02,4.612,4.612,4.612,4.612,0.0
2014-09-03,4.633,4.633,4.633,4.633,0.0
2014-09-04,4.654,4.654,4.654,4.654,0.0
2014-09-05,4.651,4.651,4.651,4.651,0.0
2014-09-08,4.641,4.641,4.641,4.641,0.0
2014-09-09,4.624,4.624,4.624,4.624,0.0
2014-09-10,4.637,4.637,4.637,4.637,0.0
2014-09-11,4.656,4.656,4.656,4.656,0.0
2014-09-12,4.63,4.63,4.63,4.63,0.0
2014-09-15,4.608,4.608,4.608,4.608,0.0
2014-09-16,4.613,4.613,4.613,4.613,0.0
2014-09-17,4.602,4.602,4.602,4.602,0.0
2014-09-18,4.552,4.552,4.552,4.552,0.0
2014-09-19,4.555,4.555,4.555,4.555,0.0
2014-09-22,4.54,4.54,4.54,4.54,0.0
2014-09-23,4.547,4.547,4.547,4.547,0.0
2014-09-24,4.557,4.557,4.557,4.557,0.0
2014-09-25,4.556,4.556,4.556,4.556,0.0
2014-09-26,4.536,4.536,4.536,4.536,0.0
2014-09-29,4.547,4.547,4.547,4.547,0.0
2014-09-30,4.587,4.587,4.587,4.587,0.0
2014-10-01,4.554,4.554,4.554,4.554,0.0
2014-10-02,4.577,4.577,4.577,4.577,0.0
2014-10-03,4.554,4.554,4.554,4.554,0.0
2014-10-06,4.554,4.554,4.554,4.554,0.0
2014-10-07,4.557,4.557,4.557,4.557,0.0
2014-10-08,4.557,4.557,4.557,4.557,0.0
2014-10-09,4.572,4.572,4.572,4.572,0.0
2014-10-10,4.569,4.569,4.569,4.569,0.0
2014-10-13,4.579,4.579,4.579,4.579,0.0
2014-10-14,4.569,4.569,4.569,4.569,0.0
2014-10-15,4.554,4.554,4.554,4.554,0.0
2014-10-16,4.544,4.544,4.544,4.544,0.0
2014-10-17,4.569,4.569,4.569,4.569,0.0
2014-10-20,4.556,4.556,4.556,4.556,0.0
2014-10-21,4.551,4.551,4.551,4.551,0.0
2014-10-22,4.532,4.532,4.532,4.532,0.0
2014-10-23,4.531,4.531,4.531,4.531,0.0
2014-10-24,4.508,4.508,4.508,4.508,0.0
2014-10-27,4.495,4.495,4.495,4.495,0.0
2014-10-28,4.48,4.48,4.48,4.48,0.0
2014-10-29,4.485,4.485,4.485,4.485,0.0
2014-10-30,4.478,4.478,4.478,4.478,0.0
2014-10-31,4.493,4.493,4.493,4.493,0.0
2014-11-03,4.499,4.499,4.499,4.499,0.0
2014-11-04,4.494,4.494,4.494,4.494,0.0
2014-11-05,4.465,4.465,4.465,4.465,0.0
2014-11-06,4.452,4.452,4.452,4.452,0.0
2014-11-07,4.449,4.449,4.449,4.449,0.0
2014-11-10,4.443,4.443,4.443,4.443,0.0
2014-11-11,4.458,4.458,4.458,4.458,0.0
2014-11-12,4.479,4.479,4.479,4.479,0.0
2014-11-13,4.459,4.459,4.459,4.459,0.0
2014-11-14,4.485,4.485,4.485,4.485,0.0
2014-11-17,4.488,4.488,4.488,4.488,0.0
2014-11-18,4.463,4.463,4.463,4.463,0.0
2014-11-19,4.449,4.449,4.449,4.449,0.0
2014-11-20,4.444,4.444,4.444,4.444,0.0
2014-11-21,4.417,4.417,4.417,4.417,0.0
2014-11-24,4.471,4.471,4.471,4.471,0.0
2014-11-25,4.465,4.465,4.465,4.465,0.0
2014-11-26,4.458,4.458,4.458,4.458,0.0
2014-11-28,4.476,4.476,4.476,4.476,0.0
2014-12-01,4.531,4.531,4.531,4.531,0.0
2014-12-02,4.525,4.525,4.525,4.525,0.0
2014-12-03,4.522,4.522,4.522,4.522,0.0
2014-12-04,4.525,4.525,4.525,4.525,0.0
2014-12-05,4.546,4.546,4.546,4.546,0.0
2014-12-08,4.557,4.557,4.557,4.557,0.0
2014-12-09,4.567,4.567,4.567,4.567,0.0
2014-12-10,4.547,4.547,4.547,4.547,0.0
2014-12-11,4.524,4.524,4.524,4.524,0.0
2014-12-12,4.507,4.507,4.507,4.507,0.0
2014-12-15,4.494,4.494,4.494,4.494,0.0
2014-12-16,4.444,4.444,4.444,4.444,0.0
2014-12-17,4.469,4.469,4.469,4.469,0.0
2014-12-18,4.45,4.45,4.45,4.45,0.0
2014-12-19,4.384,4.384,4.384,4.384,0.0
2014-12-22,4.375,4.375,4.375,4.375,0.0
2014-12-23,4.348,4.348,4.348,4.348,0.0
2014-12-24,4.342,4.342,4.342,4.342,0.0
2014-12-26,4.339,4.339,4.339,4.339,0.0
2014-12-29,4.337,4.337,4.337,4.337,0.0
2014-12-30,4.319,4.319,4.319,4.319,0.0
2014-12-31,4.29,4.29,4.29,4.29,0.0
2015-01-02,4.274,4.274,4.274,4.274,0.0
2015-01-05,4.274,4.274,4.274,4.274,0.0
2015-01-06,4.233,4.233,4.233,4.233,0.0
2015-01-07,4.173,4.173,4.173,4.173,0.0
2015-01-08,4.153,4.153,4.153,4.153,0.0
2015-01-09,4.141,4.141,4.141,4.141,0.0
2015-01-12,4.051,4.051,4.051,4.051,0.0
2015-01-13,4.023,4.023,4.023,4.023,0.0
2015-01-14,3.948,3.948,3.948,3.948,0.0
2015-01-15,3.898,3.898,3.898,3.898,0.0
2015-01-16,3.906,3.906,3.906,3.906,0.0
2015-01-20,3.898,3.898,3.898,3.898,0.0
2015-01-21,3.902,3.902,3.902,3.902,0.0
2015-01-22,3.895,3.895,3.895,3.895,0.0
2015-01-23,3.892,3.892,3.892,3.892,0.0
2015-01-26,3.91,3.91,3.91,3.91,0.0
2015-01-27,3.904,3.904,3.904,3.904,0.0
2015-01-28,3.934,3.934,3.934,3.934,0.0
2015-01-29,3.917,3.917,3.917,3.917,0.0
2015-01-30,3.924,3.924,3.924,3.924,0.0
2015-02-02,3.887,3.887,3.887,3.887,0.0
2015-02-03,3.903,3.903,3.903,3.903,0.0
2015-02-04,3.922,3.922,3.922,3.922,0.0
2015-02-05,3.827,3.827,3.827,3.827,0.0
2015-02-06,3.881,3.881,3.881,3.881,0.0
2015-02-09,3.893,3.893,3.893,3.893,0.0
2015-02-10,3.914,3.914,3.914,3.914,0.0
2015-02-11,3.897,3.897,3.897,3.897,0.0
2015-02-12,3.898,3.898,3.898,3.898,0.0
2015-02-13,3.94,3.94,3.94,3.94,0.0
2015-02-17,3.882,3.882,3.882,3.882,0.0
2015-02-18,3.909,3.909,3.909,3.909,0.0
2015-02-19,3.883,3.883,3.883,3.883,0.0
2015-02-20,3.888,3.888,3.888,3.888,0.0
2015-02-23,3.86,3.86,3.86,3.86,0.0
2015-02-24,3.878,3.878,3.878,3.878,0.0
2015-02-25,3.884,3.884,3.884,3.884,0.0
2015-02-26,3.854,3.854,3.854,3.854,0.0
2015-02-27,3.855,3.855,3.855,3.855,0.0
2015-03-02,3.831,3.831,3.831,3.831,0.0
2015-03-03,3.854,3.854,3.854,3.854,0.0
2015-03-04,3.848,3.848,3.848,3.848,0.0
2015-03-05,3.807,3.807,3.807,3.807,0.0
2015-03-06,3.807,3.807,3.807,3.807,0.0
2015-03-09,3.782,3.782,3.782,3.782,0.0
2015-03-10,3.78,3.78,3.78,3.78,0.0
2015-03-11,3.773,3.773,3.773,3.773,0.0
2015-03-12,3.742,3.742,3.742,3.742,0.0
2015-03-13,3.738,3.738,3.738,3.738,0.0
2015-03-16,3.751,3.751,3.751,3.751,0.0
2015-03-17,3.732,3.732,3.732,3.732,0.0
2015-03-18,3.758,3.758,3.758,3.758,0.0
2015-03-19,3.764,3.764,3.764,3.764,0.0
2015-03-20,3.747,3.747,3.747,3.747,0.0
2015-03-23,3.748,3.748,3.748,3.748,0.0
2015-03-24,3.768,3.768,3.768,3.768,0.0
2015-03-25,3.744,3.744,3.744,3.744,0.0
2015-03-26,3.735,3.735,3.735,3.735,0.0
2015-03-27,3.71,3.71,3.71,3.71,0.0
2015-03-30,3.698,3.698,3.698,3.698,0.0
2015-03-31,3.71,3.71,3.71,3.71,0.0
2015-04-01,3.704,3.704,3.704,3.704,0.0
2015-04-02,3.758,3.758,3.758,3.758,0.0
2015-04-06,3.764,3.764,3.764,3.764,0.0
2015-04-07,3.804,3.804,3.804,3.804,0.0
2015-04-08,3.812,3.812,3.812,3.812,0.0
2015-04-09,3.805,3.805,3.805,3.805,0.0
2015-04-10,3.8,3.8,3.8,3.8,0.0
2015-04-13,3.79,3.79,3.79,3.79,0.0
2015-04-14,3.785,3.785,3.785,3.785,0.0
2015-04-15,3.79,3.79,3.79,3.79,0.0
2015-04-16,3.81,3.81,3.81,3.81,0.0
2015-04-17,3.785,3.785,3.785,3.785,0.0
2015-04-20,3.786,3.786,3.786,3.786,0.0
2015-04-21,3.789,3.789,3.789,3.789,0.0
2015-04-22,3.796,3.796,3.796,3.796,0.0
2015-04-23,3.754,3.754,3.754,3.754,0.0
2015-04-24,3.752,3.752,3.752,3.752,0.0
2015-04-27,3.732,3.732,3.732,3.732,0.0
2015-04-28,3.723,3.723,3.723,3.723,0.0
2015-04-29,3.728,3.728,3.728,3.728,0.0
2015-04-30,3.723,3.723,3.723,3.723,0.0
2015-05-01,3.713,3.713,3.713,3.713,0.0
2015-05-04,3.7,3.7,3.7,3.7,0.0
2015-05-05,3.709,3.709,3.709,3.709,0.0
2015-05-06,3.717,3.717,3.717,3.717,0.0
2015-05-07,3.714,3.714,3.714,3.714,0.0
2015-05-08,3.721,3.721,3.721,3.721,0.0
2015-05-11,3.708,3.708,3.708,3.708,0.0
2015-05-12,3.695,3.695,3.695,3.695,0.0
2015-05-13,3.704,3.704,3.704,3.704,0.0
2015-05-14,3.715,3.715,3.715,3.715,0.0
2015-05-15,3.708,3.708,3.708,3.708,0.0
2015-05-18,3.71,3.71,3.71,3.71,0.0
2015-05-19,3.705,3.705,3.705,3.705,0.0
2015-05-20,3.704,3.704,3.704,3.704,0.0
2015-05-21,3.703,3.703,3.703,3.703,0.0
2015-05-22,3.694,3.694,3.694,3.694,0.0
2015-05-26,3.695,3.695,3.695,3.695,0.0
2015-05-27,3.69,3.69,3.69,3.69,0.0
2015-05-28,3.682,3.682,3.682,3.682,0.0
2015-05-29,3.672,3.672,3.672,3.672,0.0
2015-06-01,3.674,3.674,3.674,3.674,0.0
2015-06-02,3.671,3.671,3.671,3.671,0.0
2015-06-03,3.672,3.672,3.672,3.672,0.0
2015-06-04,3.626,3.626,3.626,3.626,0.0
2015-06-05,3.587,3.587,3.587,3.587,0.0
2015-06-08,3.595,3.595,3.595,3.595,0.0
2015-06-09,3.582,3.582,3.582,3.582,0.0
2015-06-10,3.579,3.579,3.579,3.579,0.0
2015-06-11,3.62,3.62,3.62,3.62,0.0
2015-06-12,3.62,3.62,3.62,3.62,0.0
2015-06-15,3.634,3.634,3.634,3.634,0.0
2015-06-16,3.659,3.659,3.659,3.659,0.0
2015-06-17,3.652,3.652,3.652,3.652,0.0
2015-06-18,3.634,3.634,3.634,3.634,0.0
2015-06-19,3.639,3.639,3.639,3.639,0.0
2015-06-22,3.622,3.622,3.622,3.622,0.0
2015-06-23,3.621,3.621,3.621,3.621,0.0
2015-06-24,3.623,3.623,3.623,3.623,0.0
2015-06-25,3.624,3.624,3.624,3.624,0.0
2015-06-26,3.627,3.627,3.627,3.627,0.0
2015-06-29,3.625,3.625,3.625,3.625,0.0
2015-06-30,3.637,3.637,3.637,3.637,0.0
2015-07-01,3.648,3.648,3.648,3.648,0.0
2015-07-02,3.652,3.652,3.652,3.652,0.0
2015-07-06,3.613,3.613,3.613,3.613,0.0
2015-07-07,3.61,3.61,3.61,3.61,0.0
2015-07-08,3.623,3.623,3.623,3.623,0.0
2015-07-09,3.641,3.641,3.641,3.641,0.0
2015-07-10,3.639,3.639,3.639,3.639,0.0
2015-07-13,3.639,3.639,3.639,3.639,0.0
2015-07-14,3.674,3.674,3.674,3.674,0.0
2015-07-15,3.717,3.717,3.717,3.717,0.0
2015-07-16,3.713,3.713,3.713,3.713,0.0
2015-07-17,3.72,3.72,3.72,3.72,0.0
2015-07-20,3.713,3.713,3.713,3.713,0.0
2015-07-21,3.712,3.712,3.712,3.712,0.0
2015-07-22,3.708,3.708,3.708,3.708,0.0
2015-07-23,3.688,3.688,3.688,3.688,0.0
2015-07-24,3.692,3.692,3.692,3.692,0.0
2015-07-27,3.713,3.713,3.713,3.713,0.0
2015-07-28,3.712,3.712,3.712,3.712,0.0
2015-07-29,3.706,3.706,3.706,3.706,0.0
2015-07-30,3.685,3.685,3.685,3.685,0.0
2015-07-31,3.643,3.643,3.643,3.643,0.0
2015-08-03,3.624,3.624,3.624,3.624,0.0
2015-08-04,3.576,3.576,3.576,3.576,0.0
2015-08-05,3.575,3.575,3.575,3.575,0.0
2015-08-06,3.555,3.555,3.555,3.555,0.0
2015-08-07,3.537,3.537,3.537,3.537,0.0
2015-08-10,3.535,3.535,3.535,3.535,0.0
2015-08-11,3.489,3.489,3.489,3.489,0.0
2015-08-12,3.466,3.466,3.466,3.466,0.0
2015-08-13,3.492,3.492,3.492,3.492,0.0
2015-08-14,3.505,3.505,3.505,3.505,0.0
2015-08-17,3.51,3.51,3.51,3.51,0.0
2015-08-18,3.526,3.526,3.526,3.526,0.0
2015-08-19,3.476,3.476,3.476,3.476,0.0
2015-08-20,3.461,3.461,3.461,3.461,0.0
2015-08-21,3.426,3.426,3.426,3.426,0.0
2015-08-24,3.38,3.38,3.38,3.38,0.0
2015-08-25,3.377,3.377,3.377,3.377,0.0
2015-08-26,3.383,3.383,3.383,3.383,0.0
2015-08-27,3.39,3.39,3.39,3.39,0.0
2015-08-28,3.417,3.417,3.417,3.417,0.0
2015-08-31,3.414,3.414,3.414,3.414,0.0
2015-09-01,3.425,3.425,3.425,3.425,0.0
2015-09-02,3.428,3.428,3.428,3.428,0.0
2015-09-03,3.435,3.435,3.435,3.435,0.0
2015-09-04,3.425,3.425,3.425,3.425,0.0
2015-09-08,3.431,3.431,3.431,3.431,0.0
2015-09-09,3.447,3.447,3.447,3.447,0.0
2015-09-10,3.446,3.446,3.446,3.446,0.0
2015-09-11,3.407,3.407,3.407,3.407,0.0
2015-09-14,3.417,3.417,3.417,3.417,0.0
2015-09-15,3.411,3.411,3.411,3.411,0.0
2015-09-16,3.391,3.391,3.391,3.391,0.0
2015-09-17,3.361,3.361,3.361,3.361,0.0
2015-09-18,3.353,3.353,3.353,3.353,0.0
2015-09-21,3.342,3.342,3.342,3.342,0.0
2015-09-22,3.329,3.329,3.329,3.329,0.0
2015-09-23,3.34,3.34,3.34,3.34,0.0
2015-09-24,3.377,3.377,3.377,3.377,0.0
2015-09-25,3.342,3.342,3.342,3.342,0.0
2015-09-28,3.339,3.339,3.339,3.339,0.0
2015-09-29,3.309,3.309,3.309,3.309,0.0
2015-09-30,3.282,3.282,3.282,3.282,0.0
2015-10-01,3.269,3.269,3.269,3.269,0.0
2015-10-02,3.279,3.279,3.279,3.279,0.0
2015-10-05,3.284,3.284,3.284,3.284,0.0
2015-10-06,3.324,3.324,3.324,3.324,0.0
2015-10-07,3.326,3.326,3.326,3.326,0.0
2015-10-08,3.321,3.321,3.321,3.321,0.0
2015-10-09,3.321,3.321,3.321,3.321,0.0
2015-10-12,3.326,3.326,3.326,3.326,0.0
2015-10-13,3.328,3.328,3.328,3.328,0.0
2015-10-14,3.328,3.328,3.328,3.328,0.0
2015-10-15,3.313,3.313,3.313,3.313,0.0
2015-10-16,3.32,3.32,3.32,3.32,0.0
2015-10-19,3.323,3.323,3.323,3.323,0.0
2015-10-20,3.335,3.335,3.335,3.335,0.0
2015-10-21,3.318,3.318,3.318,3.318,0.0
2015-10-22,3.312,3.312,3.312,3.312,0.0
2015-10-23,3.274,3.274,3.274,3.274,0.0
2015-10-26,3.241,3.241,3.241,3.241,0.0
2015-10-27,3.223,3.223,3.223,3.223,0.0
2015-10-28,3.222,3.222,3.222,3.222,0.0
2015-10-29,3.217,3.217,3.217,3.217,0.0
2015-10-30,3.254,3.254,3.254,3.254,0.0
2015-11-02,3.231,3.231,3.231,3.231,0.0
2015-11-03,3.243,3.243,3.243,3.243,0.0
2015-11-04,3.248,3.248,3.248,3.248,0.0
2015-11-05,3.252,3.252,3.252,3.252,0.0
2015-11-06,3.25,3.25,3.25,3.25,0.0
2015-11-09,3.244,3.244,3.244,3.244,0.0
2015-11-10,3.237,3.237,3.237,3.237,0.0
2015-11-11,3.226,3.226,3.226,3.226,0.0
2015-11-12,3.211,3.211,3.211,3.211,0.0
2015-11-13,3.238,3.238,3.238,3.238,0.0
2015-11-16,3.248,3.248,3.248,3.248,0.0
2015-11-17,3.25,3.25,3.25,3.25,0.0
2015-11-18,3.183,3.183,3.183,3.183,0.0
2015-11-19,3.14,3.14,3.14,3.14,0.0
2015-11-20,3.109,3.109,3.109,3.109,0.0
2015-11-23,3.132,3.132,3.132,3.132,0.0
2015-11-24,3.138,3.138,3.138,3.138,0.0
2015-11-25,3.149,3.149,3.149,3.149,0.0
2015-11-27,3.131,3.131,3.131,3.131,0.0
2015-11-30,3.144,3.144,3.144,3.144,0.0
2015-12-01,3.153,3.153,3.153,3.153,0.0
2015-12-02,3.184,3.184,3.184,3.184,0.0
2015-12-03,3.187,3.187,3.187,3.187,0.0
2015-12-04,3.19,3.19,3.19,3.19,0.0
2015-12-07,3.175,3.175,3.175,3.175,0.0
2015-12-08,3.195,3.195,3.195,3.195,0.0
2015-12-09,3.215,3.215,3.215,3.215,0.0
2015-12-10,3.236,3.236,3.236,3.236,0.0
2015-12-11,3.232,3.232,3.232,3.232,22.0
2015-12-14,3.217,3.217,3.217,3.217,0.0
2015-12-15,3.202,3.202,3.202,3.202,0.0
2015-12-16,3.227,3.227,3.227,3.227,0.0
2015-12-17,3.256,3.256,3.256,3.256,0.0
2015-12-18,3.24,3.24,3.24,3.24,0.0
2015-12-21,3.227,3.227,3.227,3.227,0.0
2015-12-22,3.237,3.237,3.237,3.237,0.0
2015-12-23,3.229,3.229,3.229,3.229,0.0
2015-12-24,3.229,3.229,3.229,3.229,0.0
2015-12-28,3.264,3.264,3.264,3.264,0.0
2015-12-29,3.249,3.249,3.249,3.249,0.0
2015-12-30,3.24,3.24,3.24,3.24,0.0
2015-12-31,3.241,3.241,3.241,3.241,0.0
2016-01-04,3.221,3.221,3.221,3.221,0.0
2016-01-05,3.199,3.199,3.199,3.199,0.0
2016-01-06,3.198,3.198,3.198,3.198,0.0
2016-01-07,3.219,3.219,3.219,3.219,0.0
2016-01-08,3.198,3.198,3.198,3.198,0.0
2016-01-11,3.171,3.171,3.171,3.171,0.0
2016-01-12,3.141,3.141,3.141,3.141,0.0
2016-01-13,3.161,3.161,3.161,3.161,0.0
2016-01-14,3.176,3.176,3.176,3.176,0.0
2016-01-15,3.161,3.161,3.161,3.161,0.0
2016-01-19,3.163,3.163,3.163,3.163,0.0
2016-01-20,3.156,3.156,3.156,3.156,0.0
2016-01-21,3.164,3.164,3.164,3.164,0.0
2016-01-22,3.159,3.159,3.159,3.159,0.0
2016-01-25,3.16,3.16,3.16,3.16,0.0
2016-01-26,3.144,3.144,3.144,3.144,0.0
2016-01-27,3.146,3.146,3.146,3.146,0.0
2016-01-28,3.187,3.187,3.187,3.187,0.0
2016-01-29,3.169,3.169,3.169,3.169,0.0
2016-02-01,3.126,3.126,3.126,3.126,0.0
2016-02-02,3.061,3.061,3.061,3.061,0.0
2016-02-03,3.099,3.099,3.099,3.099,0.0
2016-02-04,3.102,3.102,3.102,3.102,0.0
2016-02-05,3.1,3.1,3.1,3.1,4.0
2016-02-08,3.043,3.043,3.043,3.043,0.0
2016-02-09,3.006,3.006,3.006,3.006,0.0
2016-02-10,2.97,2.97,2.97,2.97,0.0
2016-02-11,2.928,2.928,2.928,2.928,0.0
2016-02-12,2.9,2.9,2.9,2.9,0.0
2016-02-16,2.868,2.868,2.868,2.868,0.0
2016-02-17,2.861,2.861,2.861,2.861,0.0
2016-02-18,2.832,2.832,2.832,2.832,0.0
2016-02-19,2.805,2.805,2.805,2.805,0.0
2016-02-22,2.744,2.744,2.744,2.744,0.0
2016-02-23,2.762,2.762,2.762,2.762,0.0
2016-02-24,2.794,2.794,2.794,2.794,0.0
2016-02-25,2.78,2.78,2.78,2.78,0.0
2016-02-26,2.79,2.79,2.79,2.79,0.0
2016-02-29,2.841,2.841,2.841,2.841,0.0
2016-03-01,2.875,2.875,2.875,2.875,0.0
2016-03-02,2.863,2.863,2.863,2.863,0.0
2016-03-03,2.873,2.873,2.873,2.873,0.0
2016-03-04,2.872,2.872,2.872,2.872,0.0
2016-03-07,2.879,2.879,2.879,2.879,0.0
2016-03-08,2.885,2.885,2.885,2.885,0.0
2016-03-09,2.926,2.926,2.926,2.926,0.0
2016-03-10,2.944,2.944,2.944,2.944,0.0
2016-03-11,2.963,2.963,2.963,2.963,0.0
2016-03-14,2.955,2.955,2.955,2.955,0.0
2016-03-15,2.954,2.954,2.954,2.954,0.0
2016-03-16,2.961,2.961,2.961,2.961,0.0
2016-03-17,2.966,2.966,2.966,2.966,0.0
2016-03-18,2.954,2.954,2.954,2.954,0.0
2016-03-21,2.949,2.949,2.949,2.949,0.0
2016-03-22,2.972,2.972,2.972,2.972,0.0
2016-03-23,2.992,2.992,2.992,2.992,0.0
2016-03-24,3.024,3.024,3.024,3.024,0.0
2016-03-28,3.092,3.092,3.092,3.092,0.0
2016-03-29,3.109,3.109,3.109,3.109,0.0
2016-03-30,3.101,3.101,3.101,3.101,0.0
2016-03-31,3.105,3.105,3.105,3.105,0.0
2016-04-01,3.111,3.111,3.111,3.111,0.0
2016-04-04,3.113,3.113,3.113,3.113,0.0
2016-04-05,3.121,3.121,3.121,3.121,0.0
2016-04-06,3.13,3.13,3.13,3.13,0.0
2016-04-07,3.135,3.135,3.135,3.135,0.0
2016-04-08,3.15,3.15,3.15,3.15,0.0
2016-04-11,3.145,3.145,3.145,3.145,0.0
2016-04-12,3.146,3.146,3.146,3.146,0.0
2016-04-13,3.15,3.15,3.15,3.15,0.0
2016-04-14,3.148,3.148,3.148,3.148,0.0
2016-04-15,3.121,3.121,3.121,3.121,0.0
2016-04-18,3.12,3.12,3.12,3.12,0.0
2016-04-19,3.116,3.116,3.116,3.116,0.0
2016-04-20,3.113,3.113,3.113,3.113,0.0
2016-04-21,3.142,3.142,3.142,3.142,0.0
2016-04-22,3.138,3.138,3.138,3.138,0.0
2016-04-25,3.152,3.152,3.152,3.152,0.0
2016-04-26,3.194,3.194,3.194,3.194,0.0
2016-04-27,3.206,3.206,3.206,3.206,0.0
2016-04-28,3.198,3.198,3.198,3.198,0.0
2016-04-29,3.196,3.196,3.196,3.196,0.0
2016-05-02,3.176,3.176,3.176,3.176,0.0
2016-05-03,3.179,3.179,3.179,3.179,0.0
2016-05-04,3.188,3.188,3.188,3.188,0.0
2016-05-05,3.216,3.216,3.216,3.216,0.0
2016-05-06,3.21,3.21,3.21,3.21,0.0
2016-05-09,3.198,3.198,3.198,3.198,0.0
2016-05-10,3.169,3.169,3.169,3.169,0.0
2016-05-11,3.163,3.163,3.163,3.163,0.0
2016-05-12,3.151,3.151,3.151,3.151,0.0
2016-05-13,3.138,3.138,3.138,3.138,0.0
2016-05-16,3.139,3.139,3.139,3.139,0.0
2016-05-17,3.123,3.123,3.123,3.123,0.0
2016-05-18,3.109,3.109,3.109,3.109,0.0
2016-05-19,3.131,3.131,3.131,3.131,0.0
2016-05-20,3.119,3.119,3.119,3.119,0.0
2016-05-23,3.119,3.119,3.119,3.119,0.0
2016-05-24,3.132,3.132,3.132,3.132,0.0
2016-05-25,3.17,3.17,3.17,3.17,0.0
2016-05-26,3.201,3.201,3.201,3.201,0.0
2016-05-27,3.206,3.206,3.206,3.206,0.0
2016-05-31,3.21,3.21,3.21,3.21,0.0
2016-06-01,3.196,3.196,3.196,3.196,0.0
2016-06-02,3.197,3.197,3.197,3.197,0.0
2016-06-03,3.188,3.188,3.188,3.188,0.0
2016-06-06,3.185,3.185,3.185,3.185,0.0
2016-06-07,3.204,3.204,3.204,3.204,0.0
2016-06-08,3.202,3.202,3.202,3.202,0.0
2016-06-09,3.187,3.187,3.187,3.187,0.0
2016-06-10,3.169,3.169,3.169,3.169,0.0
2016-06-13,3.132,3.132,3.132,3.132,0.0
2016-06-14,3.11,3.11,3.11,3.11,0.0
2016-06-15,3.11,3.11,3.11,3.11,0.0
2016-06-16,3.109,3.109,3.109,3.109,0.0
2016-06-17,3.089,3.089,3.089,3.089,0.0
2016-06-20,3.081,3.081,3.081,3.081,0.0
2016-06-21,3.071,3.071,3.071,3.071,0.0
2016-06-22,3.078,3.078,3.078,3.078,0.0
2016-06-23,3.089,3.089,3.089,3.089,0.0
2016-06-24,3.107,3.107,3.107,3.107,0.0
2016-06-27,3.087,3.087,3.087,3.087,0.0
2016-06-28,3.119,3.119,3.119,3.119,0.0
2016-06-29,3.12,3.12,3.12,3.12,0.0
2016-06-30,3.135,3.135,3.135,3.135,0.0
2016-07-01,3.136,3.136,3.136,3.136,0.0
2016-07-05,3.129,3.129,3.129,3.129,0.0
2016-07-06,3.151,3.151,3.151,3.151,0.0
2016-07-07,3.149,3.149,3.149,3.149,0.0
2016-07-08,3.147,3.147,3.147,3.147,0.0
2016-07-11,3.143,3.143,3.143,3.143,0.0
2016-07-12,3.129,3.129,3.129,3.129,0.0
2016-07-13,3.145,3.145,3.145,3.145,0.0
2016-07-14,3.142,3.142,3.142,3.142,0.0
2016-07-15,3.129,3.129,3.129,3.129,0.0
2016-07-18,3.117,3.117,3.117,3.117,0.0
2016-07-19,3.105,3.105,3.105,3.105,0.0
2016-07-20,3.097,3.097,3.097,3.097,0.0
2016-07-21,3.102,3.102,3.102,3.102,0.0
2016-07-22,3.106,3.106,3.106,3.106,0.0
2016-07-25,3.112,3.112,3.112,3.112,0.0
2016-07-26,3.11,3.11,3.11,3.11,0.0
2016-07-27,3.103,3.103,3.103,3.103,0.0
2016-07-28,3.111,3.111,3.111,3.111,0.0
2016-07-29,3.113,3.113,3.113,3.113,0.0
2016-08-01,3.101,3.101,3.101,3.101,0.0
2016-08-02,3.106,3.106,3.106,3.106,0.0
2016-08-03,3.108,3.108,3.108,3.108,0.0
2016-08-04,3.125,3.125,3.125,3.125,0.0
2016-08-05,3.122,3.122,3.122,3.122,0.0
2016-08-08,3.123,3.123,3.123,3.123,0.0
2016-08-09,3.122,3.122,3.122,3.122,0.0
2016-08-10,3.103,3.103,3.103,3.103,0.0
2016-08-11,3.092,3.092,3.092,3.092,0.0
2016-08-12,3.089,3.089,3.089,3.089,0.0
2016-08-15,3.084,3.084,3.084,3.084,0.0
2016-08-16,3.093,3.093,3.093,3.093,0.0
2016-08-17,3.118,3.118,3.118,3.118,0.0
2016-08-18,3.114,3.114,3.114,3.114,0.0
2016-08-19,3.114,3.114,3.114,3.114,0.0
2016-08-22,3.107,3.107,3.107,3.107,0.0
2016-08-23,3.128,3.128,3.128,3.128,0.0
2016-08-24,3.152,3.152,3.152,3.152,0.0
2016-08-25,3.111,3.111,3.111,3.111,0.0
2016-08-26,3.083,3.083,3.083,3.083,0.0
2016-08-29,3.073,3.073,3.073,3.073,0.0
2016-08-30,3.068,3.068,3.068,3.068,0.0
2016-08-31,3.09,3.09,3.09,3.09,0.0
2016-09-01,3.053,3.053,3.053,3.053,0.0
2016-09-02,3.045,3.045,3.045,3.045,0.0
2016-09-06,3.044,3.044,3.044,3.044,0.0
2016-09-07,3.025,3.025,3.025,3.025,0.0
2016-09-08,3.031,3.031,3.031,3.031,0.0
2016-09-09,3.001,3.001,3.001,3.001,0.0
2016-09-12,3.003,3.003,3.003,3.003,0.0
2016-09-13,2.991,2.991,2.991,2.991,0.0
2016-09-14,2.995,2.995,2.995,2.995,0.0
2016-09-15,2.987,2.987,2.987,2.987,0.0
2016-09-16,2.973,2.973,2.973,2.973,0.0
2016-09-19,2.959,2.959,2.959,2.959,0.0
2016-09-20,2.964,2.964,2.964,2.964,0.0
2016-09-21,2.963,2.963,2.963,2.963,0.0
2016-09-22,2.942,2.942,2.942,2.942,0.0
2016-09-23,2.951,2.951,2.951,2.951,0.0
2016-09-26,2.97,2.97,2.97,2.97,0.0
2016-09-27,2.942,2.942,2.942,2.942,0.0
2016-09-28,2.916,2.916,2.916,2.916,0.0
2016-09-29,2.879,2.879,2.879,2.879,0.0
2016-09-30,2.868,2.868,2.868,2.868,4.0
2016-10-03,2.871,2.871,2.871,2.871,0.0
2016-10-04,2.852,2.852,2.852,2.852,0.0
2016-10-05,2.888,2.888,2.888,2.888,0.0
2016-10-06,2.886,2.886,2.886,2.886,0.0
2016-10-07,2.904,2.904,2.904,2.904,0.0
2016-10-10,2.895,2.895,2.895,2.895,0.0
2016-10-11,2.976,2.976,2.976,2.976,0.0
2016-10-12,2.955,2.955,2.955,2.955,0.0
2016-10-13,2.96,2.96,2.96,2.96,0.0
2016-10-14,2.953,2.953,2.953,2.953,0.0
2016-10-17,2.965,2.965,2.965,2.965,0.0
2016-10-18,2.969,2.969,2.969,2.969,0.0
2016-10-19,2.96,2.96,2.96,2.96,0.0
2016-10-20,2.955,2.955,2.955,2.955,0.0
2016-10-21,2.968,2.968,2.968,2.968,0.0
2016-10-24,2.966,2.966,2.966,2.966,0.0
2016-10-25,2.957,2.957,2.957,2.957,0.0
2016-10-26,2.955,2.955,2.955,2.955,0.0
2016-10-27,2.977,2.977,2.977,2.977,0.0
2016-10-28,2.984,2.984,2.984,2.984,0.0
2016-10-31,2.977,2.977,2.977,2.977,0.0
2016-11-01,2.967,2.967,2.967,2.967,0.0
2016-11-02,2.95,2.95,2.95,2.95,0.0
2016-11-03,2.948,2.948,2.948,2.948,0.0
2016-11-04,2.93,2.93,2.93,2.93,0.0
2016-11-07,2.936,2.936,2.936,2.936,0.0
2016-11-08,2.924,2.924,2.924,2.924,0.0
2016-11-09,2.922,2.922,2.922,2.922,0.0
2016-11-10,2.926,2.926,2.926,2.926,0.0
2016-11-11,2.927,2.927,2.927,2.927,0.0
2016-11-14,2.918,2.918,2.918,2.918,0.0
2016-11-15,2.888,2.888,2.888,2.888,0.0
2016-11-16,2.898,2.898,2.898,2.898,0.0
2016-11-17,2.92,2.92,2.92,2.92,0.0
2016-11-18,2.931,2.931,2.931,2.931,0.0
2016-11-21,2.921,2.921,2.921,2.921,0.0
2016-11-22,2.893,2.893,2.893,2.893,0.0
2016-11-23,2.881,2.881,2.881,2.881,0.0
2016-11-25,2.88,2.88,2.88,2.88,0.0
2016-11-28,2.857,2.857,2.857,2.857,0.0
2016-11-29,2.823,2.823,2.823,2.823,0.0
2016-11-30,2.811,2.811,2.811,2.811,0.0
2016-12-01,2.851,2.851,2.851,2.851,0.0
2016-12-02,2.842,2.842,2.842,2.842,0.0
2016-12-05,2.838,2.838,2.838,2.838,0.0
2016-12-06,2.824,2.824,2.824,2.824,0.0
2016-12-07,2.849,2.849,2.849,2.849,0.0
2016-12-08,2.883,2.883,2.883,2.883,0.0
2016-12-09,2.853,2.853,2.853,2.853,0.0
2016-12-12,2.845,2.845,2.845,2.845,0.0
2016-12-13,2.831,2.831,2.831,2.831,0.0
2016-12-14,2.802,2.802,2.802,2.802,0.0
2016-12-15,2.812,2.812,2.812,2.812,0.0
2016-12-16,2.82,2.82,2.82,2.82,0.0
2016-12-19,2.837,2.837,2.837,2.837,0.0
2016-12-20,2.808,2.808,2.808,2.808,0.0
2016-12-21,2.823,2.823,2.823,2.823,0.0
2016-12-22,2.79,2.79,2.79,2.79,0.0
2016-12-23,2.787,2.787,2.787,2.787,0.0
2016-12-27,2.795,2.795,2.795,2.795,0.0
2016-12-28,2.81,2.81,2.81,2.81,2.0
2016-12-29,2.817,2.817,2.817,2.817,0.0
2016-12-30,2.815,2.815,2.815,2.815,0.0
2017-01-03,2.806,2.806,2.806,2.806,0.0
2017-01-04,2.801,2.801,2.801,2.801,0.0
2017-01-05,2.815,2.815,2.815,2.815,0.0
2017-01-06,2.814,2.814,2.814,2.814,0.0
2017-01-09,2.801,2.801,2.801,2.801,0.0
2017-01-10,2.827,2.827,2.827,2.827,0.0
2017-01-11,2.84,2.84,2.815,2.815,2.0
2017-01-12,2.835,2.835,2.83,2.83,1.0
2017-01-13,2.807,2.807,2.807,2.807,0.0
2017-01-17,2.806,2.806,2.806,2.806,0.0
2017-01-18,2.814,2.814,2.814,2.814,0.0
2017-01-19,2.823,2.823,2.823,2.823,0.0
2017-01-20,2.823,2.823,2.823,2.823,0.0
2017-01-23,2.822,2.822,2.822,2.822,0.0
2017-01-24,2.816,2.816,2.816,2.816,0.0
2017-01-25,2.81,2.81,2.807,2.807,1.0
2017-01-26,2.808,2.808,2.808,2.808,0.0
2017-01-27,2.795,2.795,2.795,2.795,0.0
2017-01-30,2.8,2.8,2.8,2.8,0.0
2017-01-31,2.797,2.797,2.797,2.797,0.0
2017-02-01,2.791,2.791,2.791,2.791,0.0
2017-02-02,2.794,2.794,2.794,2.794,0.0
2017-02-03,2.777,2.777,2.777,2.777,0.0
2017-02-06,2.773,2.773,2.773,2.773,0.0
2017-02-07,2.791,2.791,2.791,2.791,0.0
2017-02-08,2.781,2.781,2.781,2.781,0.0
2017-02-09,2.781,2.781,2.781,2.781,0.0
2017-02-10,2.761,2.761,2.761,2.761,0.0
2017-02-13,2.761,2.761,2.761,2.761,0.0
2017-02-14,2.75,2.75,2.75,2.75,0.0
2017-02-15,2.752,2.752,2.752,2.752,0.0
2017-02-16,2.766,2.766,2.766,2.766,0.0
2017-02-17,2.762,2.762,2.762,2.762,0.0
2017-02-21,2.746,2.746,2.746,2.746,0.0
2017-02-22,2.749,2.749,2.749,2.749,0.0
2017-02-23,2.752,2.752,2.752,2.752,0.0
2017-02-24,2.745,2.745,2.745,2.745,0.0
2017-02-27,2.743,2.743,2.743,2.743,0.0
2017-02-28,2.752,2.752,2.752,2.752,0.0
2017-03-01,2.769,2.769,2.769,2.769,0.0
2017-03-02,2.768,2.768,2.768,2.768,0.0
2017-03-03,2.776,2.776,2.776,2.776,0.0
2017-03-06,2.771,2.771,2.771,2.771,0.0
2017-03-07,2.768,2.768,2.768,2.768,0.0
2017-03-08,2.765,2.765,2.765,2.765,0.0
2017-03-09,2.759,2.759,2.759,2.759,0.0
2017-03-10,2.754,2.754,2.754,2.754,0.0
2017-03-13,2.748,2.748,2.748,2.748,8.0
2017-03-14,2.745,2.745,2.745,2.745,0.0
2017-03-15,2.739,2.739,2.739,2.739,8.0
2017-03-16,2.764,2.764,2.764,2.764,0.0
2017-03-17,2.765,2.765,2.765,2.765,0.0
2017-03-20,2.773,2.773,2.773,2.773,0.0
2017-03-21,2.775,2.775,2.775,2.775,0.0
2017-03-22,2.775,2.775,2.775,2.775,0.0
2017-03-23,2.783,2.783,2.783,2.783,4.0
2017-03-24,2.761,2.761,2.761,2.761,0.0
2017-03-27,2.757,2.757,2.757,2.757,0.0
2017-03-28,2.738,2.738,2.738,2.738,2.0
2017-03-29,2.759,2.759,2.759,2.759,0.0
2017-03-30,2.754,2.754,2.754,2.754,0.0
2017-03-31,2.746,2.746,2.746,2.746,0.0
2017-04-03,2.753,2.753,2.753,2.753,0.0
2017-04-04,2.748,2.748,2.748,2.748,0.0
2017-04-05,2.772,2.772,2.772,2.772,2.0
2017-04-06,2.754,2.754,2.754,2.754,0.0
2017-04-07,2.759,2.759,2.759,2.759,0.0
2017-04-10,2.759,2.759,2.759,2.759,0.0
2017-04-11,2.777,2.777,2.777,2.777,0.0
2017-04-12,2.78,2.78,2.78,2.78,0.0
2017-04-13,2.807,2.807,2.807,2.807,0.0
2017-04-17,2.805,2.805,2.805,2.805,0.0
2017-04-18,2.834,2.834,2.834,2.834,0.0
2017-04-19,2.843,2.843,2.843,2.843,0.0
2017-04-20,2.877,2.877,2.877,2.877,0.0
2017-04-21,2.854,2.854,2.854,2.854,0.0
2017-04-24,2.843,2.843,2.843,2.843,0.0
2017-04-25,2.848,2.848,2.848,2.848,0.0
2017-04-26,2.855,2.855,2.855,2.855,0.0
2017-04-27,2.843,2.843,2.843,2.843,0.0
2017-04-28,2.844,2.844,2.844,2.844,0.0
2017-05-01,2.812,2.812,2.812,2.812,0.0
2017-05-02,2.809,2.809,2.809,2.809,2.0
2017-05-03,2.823,2.823,2.823,2.823,0.0
2017-05-04,2.841,2.841,2.841,2.841,0.0
2017-05-05,2.842,2.842,2.842,2.842,0.0
2017-05-08,2.819,2.819,2.819,2.819,0.0
2017-05-09,2.817,2.817,2.817,2.817,0.0
2017-05-10,2.812,2.812,2.812,2.812,0.0
2017-05-11,2.81,2.81,2.81,2.81,0.0
2017-05-12,2.814,2.814,2.814,2.814,0.0
2017-05-15,2.814,2.814,2.802,2.802,4.0
2017-05-16,2.806,2.806,2.806,2.806,0.0
2017-05-17,2.822,2.822,2.822,2.822,0.0
2017-05-18,2.811,2.811,2.811,2.811,0.0
2017-05-19,2.809,2.809,2.809,2.809,0.0
2017-05-22,2.811,2.811,2.811,2.811,0.0
2017-05-23,2.811,2.811,2.808,2.808,11.0
2017-05-24,2.802,2.802,2.802,2.802,0.0
2017-05-25,2.801,2.801,2.801,2.801,0.0
2017-05-26,2.789,2.789,2.789,2.789,0.0
2017-05-30,2.788,2.788,2.788,2.788,0.0
2017-05-31,2.778,2.778,2.778,2.778,0.0
2017-06-01,2.77,2.77,2.77,2.77,0.0
2017-06-02,2.777,2.777,2.777,2.777,0.0
2017-06-05,2.772,2.772,2.772,2.772,0.0
2017-06-06,2.757,2.757,2.757,2.757,0.0
2017-06-07,2.756,2.756,2.756,2.756,0.0
2017-06-08,2.775,2.775,2.775,2.775,0.0
2017-06-09,2.776,2.776,2.776,2.776,0.0
2017-06-12,2.777,2.777,2.777,2.777,0.0
2017-06-13,2.782,2.782,2.782,2.782,0.0
2017-06-14,2.774,2.774,2.774,2.774,0.0
2017-06-15,2.796,2.796,2.796,2.796,0.0
2017-06-16,2.788,2.788,2.788,2.788,0.0
2017-06-19,2.788,2.788,2.788,2.788,0.0
2017-06-20,2.81,2.81,2.81,2.81,0.0
2017-06-21,2.818,2.818,2.818,2.818,0.0
2017-06-22,2.82,2.82,2.82,2.82,0.0
2017-06-23,2.816,2.816,2.816,2.816,0.0
2017-06-26,2.8,2.8,2.8,2.8,0.0
2017-06-27,2.793,2.793,2.793,2.793,0.0
2017-06-28,2.777,2.777,2.777,2.777,0.0
2017-06-29,2.782,2.782,2.782,2.782,0.0
2017-06-30,2.795,2.795,2.795,2.795,0.0
2017-07-03,2.788,2.788,2.788,2.788,0.0
2017-07-05,2.752,2.752,2.752,2.752,0.0
2017-07-06,2.737,2.737,2.737,2.737,0.0
2017-07-07,2.732,2.732,2.732,2.732,0.0
2017-07-10,2.742,2.742,2.742,2.742,0.0
2017-07-11,2.746,2.746,2.746,2.746,0.0
2017-07-12,2.734,2.734,2.734,2.734,0.0
2017-07-13,2.748,2.748,2.748,2.748,0.0
2017-07-14,2.752,2.752,2.752,2.752,0.0
2017-07-17,2.758,2.758,2.758,2.758,0.0
2017-07-18,2.772,2.772,2.772,2.772,0.0
2017-07-19,2.757,2.757,2.757,2.757,0.0
2017-07-20,2.746,2.746,2.746,2.746,0.0
2017-07-21,2.732,2.732,2.732,2.732,0.0
2017-07-24,2.684,2.684,2.684,2.684,30.0
2017-07-25,2.692,2.692,2.692,2.692,0.0
2017-07-26,2.675,2.675,2.675,2.675,0.0
2017-07-27,2.673,2.673,2.673,2.673,0.0
2017-07-28,2.69,2.69,2.69,2.69,0.0
2017-07-31,2.685,2.685,2.68,2.68,1.0
2017-08-01,2.7,2.7,2.696,2.696,1.0
2017-08-02,2.704,2.704,2.704,2.704,0.0
2017-08-03,2.718,2.718,2.718,2.718,0.0
2017-08-04,2.708,2.708,2.708,2.708,0.0
2017-08-07,2.707,2.707,2.707,2.707,0.0
2017-08-08,2.718,2.718,2.718,2.718,0.0
2017-08-09,2.712,2.712,2.712,2.712,0.0
2017-08-10,2.717,2.717,2.713,2.713,2.0
2017-08-11,2.714,2.714,2.714,2.714,0.0
2017-08-14,2.715,2.715,2.715,2.715,0.0
2017-08-15,2.705,2.705,2.705,2.705,0.0
2017-08-16,2.695,2.695,2.695,2.695,0.0
2017-08-17,2.7,2.7,2.7,2.7,0.0
2017-08-18,2.7,2.7,2.7,2.7,0.0
2017-08-21,2.688,2.688,2.688,2.688,0.0
2017-08-22,2.681,2.681,2.681,2.681,0.0
2017-08-23,2.681,2.681,2.681,2.681,0.0
2017-08-24,2.653,2.653,2.653,2.653,0.0
2017-08-25,2.64,2.64,2.64,2.64,0.0
2017-08-28,2.653,2.653,2.653,2.653,0.0
2017-08-29,2.651,2.651,2.651,2.651,0.0
2017-08-30,2.653,2.653,2.653,2.653,0.0
2017-08-31,2.666,2.666,2.666,2.666,0.0
2017-09-01,2.672,2.672,2.672,2.672,0.0
2017-09-05,2.668,2.668,2.668,2.668,0.0
2017-09-06,2.663,2.663,2.663,2.663,0.0
2017-09-07,2.691,2.691,2.691,2.691,0.0
2017-09-08,2.697,2.697,2.697,2.697,0.0
2017-09-11,2.708,2.708,2.708,2.708,0.0
2017-09-12,2.719,2.719,2.719,2.719,0.0
2017-09-13,2.705,2.705,2.705,2.705,0.0
2017-09-14,2.722,2.722,2.722,2.722,0.0
2017-09-15,2.732,2.732,2.732,2.732,0.0
2017-09-18,2.749,2.749,2.749,2.749,0.0
2017-09-19,2.733,2.733,2.733,2.733,0.0
2017-09-20,2.731,2.731,2.731,2.731,0.0
2017-09-21,2.723,2.723,2.723,2.723,0.0
2017-09-22,2.742,2.742,2.742,2.742,0.0
2017-09-25,2.723,2.723,2.723,2.723,0.0
2017-09-26,2.736,2.736,2.736,2.736,0.0
2017-09-27,2.752,2.752,2.747,2.747,18.0
2017-09-28,2.741,2.741,2.741,2.741,0.0
2017-09-29,2.733,2.733,2.733,2.733,0.0
2017-10-02,2.74,2.74,2.74,2.74,0.0
2017-10-03,2.749,2.749,2.749,2.749,0.0
2017-10-04,2.747,2.747,2.747,2.747,0.0
2017-10-05,2.747,2.747,2.747,2.747,0.0
2017-10-06,2.737,2.737,2.737,2.737,0.0
2017-10-09,2.747,2.747,2.747,2.747,0.0
2017-10-10,2.741,2.741,2.741,2.741,0.0
2017-10-11,2.736,2.736,2.736,2.736,0.0
2017-10-12,2.749,2.749,2.749,2.749,4.0
2017-10-13,2.75,2.75,2.75,2.75,0.0
2017-10-16,2.763,2.763,2.763,2.763,0.0
2017-10-17,2.761,2.761,2.761,2.761,0.0
2017-10-18,2.771,2.771,2.771,2.771,0.0
2017-10-19,2.779,2.779,2.779,2.779,0.0
2017-10-20,2.791,2.791,2.791,2.791,0.0
2017-10-23,2.786,2.786,2.786,2.786,0.0
2017-10-24,2.777,2.777,2.777,2.777,0.0
2017-10-25,2.775,2.775,2.775,2.775,2.0
2017-10-26,2.773,2.773,2.773,2.773,0.0
2017-10-27,2.763,2.763,2.763,2.763,0.0
2017-10-30,2.785,2.785,2.785,2.785,0.0
2017-10-31,2.78,2.78,2.78,2.78,0.0
2017-11-01,2.782,2.782,2.782,2.782,0.0
2017-11-02,2.774,2.774,2.774,2.774,0.0
2017-11-03,2.769,2.769,2.769,2.769,0.0
2017-11-06,2.772,2.772,2.772,2.772,0.0
2017-11-07,2.769,2.769,2.769,2.769,0.0
2017-11-08,2.769,2.769,2.769,2.769,0.0
2017-11-09,2.773,2.773,2.773,2.773,0.0
2017-11-10,2.769,2.769,2.769,2.769,0.0
2017-11-13,2.77,2.77,2.77,2.77,0.0
2017-11-14,2.773,2.773,2.773,2.773,0.0
2017-11-15,2.776,2.776,2.776,2.776,0.0
2017-11-16,2.784,2.784,2.784,2.784,0.0
2017-11-17,2.791,2.791,2.791,2.791,0.0
2017-11-20,2.786,2.786,2.786,2.786,0.0
2017-11-21,2.791,2.791,2.791,2.791,0.0
2017-11-22,2.778,2.778,2.778,2.778,0.0
2017-11-24,2.775,2.775,2.775,2.775,0.0
2017-11-27,2.777,2.777,2.777,2.777,0.0
2017-11-28,2.782,2.782,2.782,2.782,0.0
2017-11-29,2.793,2.793,2.793,2.793,0.0
2017-11-30,2.78,2.78,2.78,2.78,0.0
2017-12-01,2.768,2.768,2.768,2.768,0.0
2017-12-04,2.731,2.731,2.731,2.731,0.0
2017-12-05,2.739,2.739,2.739,2.739,0.0
2017-12-06,2.735,2.735,2.735,2.735,0.0
2017-12-07,2.726,2.726,2.726,2.726,0.0
2017-12-08,2.731,2.731,2.731,2.731,0.0
2017-12-11,2.73,2.73,2.73,2.73,0.0
2017-12-12,2.72,2.72,2.72,2.72,0.0
2017-12-13,2.734,2.734,2.734,2.734,0.0
2017-12-14,2.743,2.743,2.743,2.743,0.0
2017-12-15,2.74,2.74,2.74,2.74,0.0
2017-12-18,2.751,2.751,2.751,2.751,0.0
2017-12-19,2.745,2.745,2.745,2.745,0.0
2017-12-20,2.731,2.731,2.731,2.731,0.0
2017-12-21,2.746,2.746,2.746,2.746,0.0
2017-12-22,2.769,2.769,2.769,2.769,0.0
2017-12-26,2.773,2.773,2.773,2.773,0.0
2017-12-27,2.759,2.759,2.759,2.759,0.0
2017-12-28,2.756,2.756,2.756,2.756,0.0
2017-12-29,2.764,2.764,2.764,2.764,0.0
2018-01-02,2.757,2.757,2.757,2.757,0.0
2018-01-03,2.754,2.754,2.754,2.754,0.0
2018-01-04,2.742,2.742,2.742,2.742,0.0
2018-01-05,2.741,2.741,2.741,2.741,0.0
2018-01-08,2.751,2.751,2.751,2.751,0.0
2018-01-09,2.744,2.744,2.744,2.744,0.0
2018-01-10,2.759,2.759,2.759,2.759,0.0
2018-01-11,2.765,2.765,2.765,2.765,0.0
2018-01-12,2.763,2.763,2.763,2.763,0.0
2018-01-16,2.746,2.746,2.746,2.746,0.0
2018-01-17,2.742,2.742,2.742,2.742,0.0
2018-01-18,2.745,2.745,2.745,2.745,0.0
2018-01-19,2.749,2.749,2.749,2.749,0.0
2018-01-22,2.766,2.766,2.766,2.766,20.0
2018-01-23,2.776,2.776,2.776,2.776,2.0
2018-01-24,2.783,2.783,2.783,2.783,0.0
2018-01-25,2.781,2.781,2.781,2.781,0.0
2018-01-26,2.762,2.762,2.762,2.762,0.0
2018-01-29,2.767,2.767,2.767,2.767,0.0
2018-01-30,2.761,2.761,2.761,2.761,0.0
2018-01-31,2.75,2.75,2.75,2.75,0.0
2018-02-01,2.765,2.765,2.765,2.765,0.0
2018-02-02,2.773,2.773,2.773,2.773,0.0
2018-02-05,2.779,2.779,2.779,2.779,18.0
2018-02-06,2.781,2.781,2.781,2.781,0.0
2018-02-07,2.762,2.762,2.762,2.762,0.0
2018-02-08,2.757,2.757,2.757,2.757,0.0
2018-02-09,2.737,2.737,2.737,2.737,0.0
2018-02-12,2.722,2.722,2.722,2.722,0.0
2018-02-13,2.722,2.722,2.722,2.722,0.0
2018-02-14,2.725,2.725,2.725,2.725,0.0
2018-02-15,2.719,2.719,2.719,2.719,0.0
2018-02-16,2.726,2.726,2.726,2.726,0.0
2018-02-20,2.725,2.725,2.725,2.725,0.0
2018-02-21,2.744,2.744,2.744,2.744,0.0
2018-02-22,2.744,2.744,2.744,2.744,0.0
2018-02-23,2.738,2.738,2.738,2.738,3.0
2018-02-26,2.745,2.745,2.745,2.745,0.0
2018-02-27,2.735,2.735,2.735,2.735,0.0
2018-02-28,2.723,2.723,2.723,2.723,0.0
2018-03-01,2.727,2.727,2.727,2.727,0.0
2018-03-02,2.739,2.739,2.739,2.739,0.0
2018-03-05,2.753,2.753,2.753,2.753,0.0
2018-03-06,2.75,2.75,2.75,2.75,0.0
2018-03-07,2.74,2.74,2.74,2.74,0.0
2018-03-08,2.714,2.714,2.714,2.714,0.0
2018-03-09,2.693,2.693,2.693,2.693,0.0
2018-03-12,2.696,2.696,2.696,2.696,0.0
2018-03-13,2.696,2.696,2.696,2.696,0.0
2018-03-14,2.709,2.709,2.709,2.709,0.0
2018-03-15,2.727,2.727,2.727,2.727,0.0
2018-03-16,2.728,2.728,2.728,2.728,0.0
2018-03-19,2.715,2.715,2.715,2.715,0.0
2018-03-20,2.719,2.719,2.719,2.719,0.0
2018-03-21,2.707,2.707,2.707,2.707,0.0
2018-03-22,2.696,2.696,2.696,2.696,0.0
2018-03-23,2.69,2.69,2.69,2.69,0.0
2018-03-26,2.702,2.702,2.702,2.702,0.0
2018-03-27,2.723,2.723,2.723,2.723,0.0
2018-03-28,2.724,2.724,2.724,2.724,0.0
2018-03-29,2.745,2.745,2.745,2.745,0.0
2018-04-02,2.743,2.743,2.743,2.743,55.0
2018-04-03,2.736,2.736,2.736,2.736,0.0
2018-04-04,2.712,2.712,2.712,2.712,0.0
2018-04-05,2.72,2.72,2.72,2.72,2.0
2018-04-06,2.711,2.711,2.711,2.711,0.0
2018-04-09,2.707,2.707,2.707,2.707,0.0
2018-04-10,2.714,2.714,2.714,2.714,0.0
2018-04-11,2.722,2.722,2.722,2.722,0.0
2018-04-12,2.735,2.735,2.735,2.735,0.0
2018-04-13,2.729,2.729,2.729,2.729,0.0
2018-04-16,2.731,2.731,2.731,2.731,0.0
2018-04-17,2.727,2.727,2.727,2.727,0.0
2018-04-18,2.698,2.698,2.698,2.698,0.0
2018-04-19,2.663,2.663,2.663,2.663,100.0
2018-04-20,2.668,2.668,2.668,2.668,100.0
2018-04-23,2.66,2.66,2.66,2.66,0.0
2018-04-24,2.662,2.662,2.662,2.662,12.0
2018-04-25,2.65,2.654,2.65,2.654,6.0
2018-04-26,2.648,2.648,2.648,2.648,0.0
2018-04-27,2.641,2.641,2.641,2.641,0.0
2018-04-30,2.647,2.647,2.647,2.647,0.0
2018-05-01,2.642,2.642,2.642,2.642,0.0
2018-05-02,2.641,2.641,2.641,2.641,0.0
2018-05-03,2.641,2.641,2.641,2.641,0.0
2018-05-04,2.63,2.63,2.63,2.63,0.0
2018-05-07,2.628,2.628,2.628,2.628,0.0
2018-05-08,2.59,2.59,2.59,2.59,0.0
2018-05-09,2.584,2.584,2.584,2.584,2.0
2018-05-10,2.59,2.59,2.59,2.59,2.0
2018-05-11,2.593,2.593,2.593,2.593,0.0
2018-05-14,2.591,2.591,2.591,2.591,0.0
2018-05-15,2.579,2.579,2.579,2.579,10.0
2018-05-16,2.582,2.582,2.582,2.582,0.0
2018-05-17,2.591,2.591,2.591,2.591,0.0
2018-05-18,2.606,2.606,2.606,2.606,3.0
2018-05-21,2.612,2.612,2.612,2.612,0.0
2018-05-22,2.617,2.617,2.617,2.617,0.0
2018-05-23,2.612,2.612,2.612,2.612,0.0
2018-05-24,2.61,2.61,2.61,2.61,0.0
2018-05-25,2.599,2.599,2.59,2.59,14.0
2018-05-29,2.567,2.567,2.567,2.567,12.0
2018-05-30,2.573,2.573,2.573,2.573,0.0
2018-05-31,2.576,2.576,2.576,2.576,0.0
2018-06-01,2.576,2.576,2.576,2.576,0.0
2018-06-04,2.565,2.565,2.565,2.565,0.0
2018-06-05,2.565,2.565,2.565,2.565,0.0
2018-06-06,2.575,2.575,2.575,2.575,3.0
2018-06-07,2.575,2.575,2.561,2.561,1.0
2018-06-08,2.563,2.563,2.563,2.563,0.0
2018-06-11,2.558,2.558,2.558,2.558,0.0
2018-06-12,2.572,2.572,2.572,2.572,0.0
2018-06-13,2.579,2.579,2.579,2.579,0.0
2018-06-14,2.564,2.564,2.564,2.564,0.0
2018-06-15,2.557,2.557,2.557,2.557,0.0
2018-06-18,2.55,2.554,2.55,2.554,1.0
2018-06-19,2.549,2.549,2.549,2.549,0.0
2018-06-20,2.536,2.536,2.536,2.536,0.0
2018-06-21,2.542,2.542,2.542,2.542,0.0
2018-06-22,2.548,2.548,2.548,2.548,0.0
2018-06-25,2.545,2.545,2.545,2.545,0.0
2018-06-26,2.546,2.546,2.546,2.546,0.0
2018-06-27,2.551,2.551,2.551,2.551,0.0
2018-06-28,2.55,2.55,2.55,2.55,0.0
2018-06-29,2.553,2.553,2.553,2.553,0.0
2018-07-02,2.551,2.551,2.551,2.551,3.0
2018-07-03,2.54,2.54,2.54,2.54,0.0
2018-07-05,2.534,2.534,2.534,2.534,0.0
2018-07-06,2.536,2.536,2.536,2.536,0.0
2018-07-09,2.528,2.528,2.528,2.528,0.0
2018-07-10,2.517,2.517,2.517,2.517,0.0
2018-07-11,2.518,2.518,2.518,2.518,1.0
2018-07-12,2.515,2.515,2.515,2.515,0.0
2018-07-13,2.51,2.51,2.51,2.51,0.0
2018-07-16,2.51,2.51,2.495,2.495,2.0
2018-07-17,2.49,2.49,2.49,2.49,0.0
2018-07-18,2.488,2.488,2.483,2.483,2.0
2018-07-19,2.481,2.481,2.481,2.481,0.0
2018-07-20,2.482,2.482,2.482,2.482,0.0
2018-07-23,2.489,2.489,2.489,2.489,0.0
2018-07-24,2.494,2.494,2.494,2.494,0.0
2018-07-25,2.499,2.499,2.499,2.499,0.0
2018-07-26,2.491,2.491,2.491,2.491,0.0
2018-07-27,2.515,2.515,2.515,2.515,0.0
2018-07-30,2.525,2.525,2.516,2.516,1.0
2018-07-31,2.513,2.513,2.513,2.513,0.0
2018-08-01,2.483,2.483,2.483,2.483,0.0
2018-08-02,2.487,2.487,2.487,2.487,0.0
2018-08-03,2.492,2.492,2.492,2.492,0.0
2018-08-06,2.479,2.479,2.479,2.479,0.0
2018-08-07,2.486,2.486,2.486,2.486,0.0
2018-08-08,2.496,2.496,2.496,2.496,0.0
2018-08-09,2.505,2.505,2.505,2.505,0.0
2018-08-10,2.517,2.517,2.517,2.517,0.0
2018-08-13,2.526,2.526,2.526,2.526,0.0
2018-08-14,2.528,2.528,2.528,2.528,0.0
2018-08-15,2.521,2.521,2.521,2.521,0.0
2018-08-16,2.508,2.508,2.508,2.508,0.0
2018-08-17,2.523,2.523,2.51,2.51,1.0
2018-08-20,2.509,2.509,2.509,2.509,0.0
2018-08-21,2.503,2.503,2.503,2.503,1.0
2018-08-22,2.5,2.5,2.5,2.5,0.0
2018-08-23,2.5,2.5,2.5,2.5,0.0
2018-08-24,2.491,2.491,2.491,2.491,0.0
2018-08-27,2.462,2.462,2.462,2.462,0.0
2018-08-28,2.467,2.467,2.456,2.456,1.0
2018-08-29,2.463,2.463,2.463,2.463,0.0
2018-08-30,2.462,2.462,2.462,2.462,0.0
2018-08-31,2.477,2.481,2.477,2.481,1.0
2018-09-04,2.467,2.467,2.467,2.467,0.0
2018-09-05,2.471,2.471,2.471,2.471,0.0
2018-09-06,2.476,2.476,2.476,2.476,0.0
2018-09-07,2.483,2.483,2.483,2.483,0.0
2018-09-10,2.492,2.492,2.492,2.492,0.0
2018-09-11,2.496,2.496,2.496,2.496,0.0
2018-09-12,2.506,2.506,2.506,2.506,0.0
2018-09-13,2.515,2.515,2.515,2.515,0.0
2018-09-14,2.513,2.513,2.513,2.513,12.0
2018-09-17,2.517,2.517,2.517,2.517,0.0
2018-09-18,2.524,2.524,2.522,2.522,3.0
2018-09-19,2.506,2.506,2.506,2.506,0.0
2018-09-20,2.515,2.515,2.513,2.513,1.0
2018-09-21,2.511,2.511,2.511,2.511,0.0
2018-09-24,2.511,2.511,2.511,2.511,0.0
2018-09-25,2.505,2.505,2.505,2.505,0.0
2018-09-26,2.514,2.514,2.514,2.514,1.0
2018-09-27,2.51,2.51,2.51,2.51,1.0
2018-09-28,2.511,2.511,2.511,2.511,2.0
2018-10-01,2.512,2.512,2.512,2.512,5.0
2018-10-02,2.51,2.51,2.51,2.51,2.0
2018-10-03,2.505,2.505,2.505,2.505,0.0
2018-10-04,2.508,2.508,2.508,2.508,0.0
2018-10-05,2.512,2.521,2.503,2.503,33.0
2018-10-08,2.518,2.518,2.518,2.518,0.0
2018-10-09,2.522,2.522,2.522,2.522,0.0
2018-10-10,2.515,2.515,2.515,2.515,0.0
2018-10-11,2.533,2.533,2.533,2.533,0.0
2018-10-12,2.534,2.534,2.534,2.534,0.0
2018-10-15,2.534,2.534,2.534,2.534,0.0
2018-10-16,2.538,2.538,2.523,2.523,2.0
2018-10-17,2.518,2.518,2.518,2.518,0.0
2018-10-18,2.518,2.518,2.518,2.518,0.0
2018-10-19,2.515,2.515,2.515,2.515,0.0
2018-10-22,2.514,2.514,2.514,2.514,31.0
2018-10-23,2.516,2.516,2.516,2.516,0.0
2018-10-24,2.531,2.531,2.515,2.515,4.0
2018-10-25,2.515,2.515,2.51,2.51,3.0
2018-10-26,2.512,2.512,2.512,2.512,0.0
2018-10-29,2.517,2.517,2.517,2.517,0.0
2018-10-30,2.516,2.516,2.516,2.516,63.0
2018-10-31,2.521,2.521,2.521,2.521,0.0
2018-11-01,2.518,2.518,2.518,2.518,0.0
2018-11-02,2.527,2.527,2.527,2.527,0.0
2018-11-05,2.534,2.534,2.534,2.534,0.0
2018-11-06,2.541,2.549,2.541,2.549,2.0
2018-11-07,2.551,2.551,2.543,2.543,4.0
2018-11-08,2.55,2.55,2.55,2.55,36.0
2018-11-09,2.558,2.558,2.546,2.546,2.0
2018-11-12,2.567,2.567,2.567,2.567,0.0
2018-11-13,2.577,2.577,2.546,2.546,1.0
2018-11-14,2.53,2.53,2.53,2.53,0.0
2018-11-15,2.545,2.545,2.539,2.539,6.0
2018-11-16,2.544,2.544,2.535,2.535,8.0
2018-11-19,2.54,2.54,2.507,2.507,1.0
2018-11-20,2.505,2.505,2.505,2.505,0.0
2018-11-21,2.503,2.503,2.503,2.503,0.0
2018-11-23,2.528,2.528,2.528,2.528,0.0
2018-11-26,2.521,2.521,2.521,2.521,0.0
2018-11-27,2.517,2.517,2.517,2.517,3.0
2018-11-28,2.532,2.532,2.532,2.532,0.0
2018-11-29,2.552,2.552,2.552,2.552,0.0
2018-11-30,2.553,2.553,2.553,2.553,0.0
2018-12-03,2.542,2.542,2.542,2.542,0.0
2018-12-04,2.542,2.542,2.542,2.542,4.0
2018-12-05,2.536,2.536,2.536,2.536,0.0
2018-12-06,2.547,2.547,2.547,2.547,0.0
2018-12-07,2.547,2.547,2.547,2.547,2.0
2018-12-10,2.548,2.548,2.548,2.548,4.0
2018-12-11,2.522,2.522,2.522,2.522,0.0
2018-12-12,2.527,2.527,2.527,2.527,2.0
2018-12-13,2.519,2.519,2.519,2.519,0.0
2018-12-14,2.531,2.531,2.531,2.531,0.0
2018-12-17,2.527,2.535,2.527,2.535,4.0
2018-12-18,2.545,2.545,2.53,2.53,103.0
2018-12-19,2.533,2.533,2.528,2.528,60.0
2018-12-20,2.528,2.528,2.528,2.528,0.0
2018-12-21,2.528,2.528,2.528,2.528,0.0
2018-12-24,2.524,2.524,2.524,2.524,0.0
2018-12-26,2.522,2.522,2.522,2.522,0.0
2018-12-27,2.518,2.518,2.518,2.518,0.0
2018-12-28,2.523,2.523,2.509,2.509,1.0
2018-12-31,2.519,2.519,2.519,2.519,0.0
2019-01-02,2.509,2.509,2.509,2.509,4.0
2019-01-03,2.508,2.508,2.508,2.508,2.0
2019-01-04,2.523,2.523,2.523,2.523,0.0
2019-01-07,2.53,2.53,2.53,2.53,0.0
2019-01-08,2.545,2.545,2.533,2.533,2.0
2019-01-09,2.553,2.553,2.543,2.543,1.0
2019-01-10,2.574,2.574,2.554,2.554,1.0
2019-01-11,2.574,2.574,2.569,2.569,1.0
2019-01-14,2.57,2.57,2.57,2.57,132.0
2019-01-15,2.568,2.568,2.568,2.568,0.0
2019-01-16,2.537,2.537,2.537,2.537,0.0
2019-01-17,2.545,2.545,2.545,2.545,0.0
2019-01-18,2.554,2.554,2.554,2.554,0.0
2019-01-22,2.567,2.567,2.567,2.567,0.0
2019-01-23,2.556,2.556,2.556,2.556,0.0
2019-01-24,2.546,2.546,2.546,2.546,0.0
2019-01-25,2.551,2.551,2.551,2.551,0.0
2019-01-28,2.564,2.564,2.544,2.544,1.0
2019-01-29,2.544,2.544,2.543,2.543,1.0
2019-01-30,2.536,2.536,2.536,2.536,0.0
2019-01-31,2.515,2.515,2.515,2.515,0.0
2019-02-01,2.523,2.523,2.523,2.523,0.0
2019-02-04,2.513,2.513,2.513,2.513,0.0
2019-02-05,2.532,2.532,2.532,2.532,0.0
2019-02-06,2.532,2.532,2.532,2.532,0.0
2019-02-07,2.53,2.53,2.53,2.53,0.0
2019-02-08,2.535,2.538,2.535,2.538,4.0
2019-02-11,2.538,2.538,2.538,2.538,0.0
2019-02-12,2.58,2.58,2.546,2.546,4.0
2019-02-13,2.55,2.55,2.55,2.55,0.0
2019-02-14,2.559,2.559,2.559,2.559,7.0
2019-02-15,2.541,2.541,2.541,2.541,0.0
2019-02-19,2.553,2.553,2.553,2.553,0.0
2019-02-20,2.54,2.54,2.54,2.54,0.0
2019-02-21,2.535,2.535,2.535,2.535,0.0
2019-02-22,2.538,2.538,2.538,2.538,0.0
2019-02-25,2.537,2.537,2.537,2.537,0.0
2019-02-26,2.517,2.517,2.517,2.517,0.0
2019-02-27,2.531,2.531,2.531,2.531,0.0
2019-02-28,2.535,2.535,2.535,2.535,0.0
2019-03-01,2.532,2.532,2.532,2.532,0.0
2019-03-04,2.535,2.538,2.535,2.538,2.0
2019-03-05,2.538,2.538,2.538,2.538,0.0
2019-03-06,2.535,2.535,2.535,2.535,0.0
2019-03-07,2.535,2.541,2.535,2.541,1.0
2019-03-08,2.544,2.544,2.544,2.544,0.0
2019-03-11,2.554,2.554,2.554,2.554,0.0
2019-03-12,2.562,2.562,2.562,2.562,0.0
2019-03-13,2.562,2.562,2.562,2.562,0.0
2019-03-14,2.583,2.583,2.559,2.559,1.0
2019-03-15,2.554,2.554,2.554,2.554,0.0
2019-03-18,2.564,2.564,2.564,2.564,0.0
2019-03-19,2.567,2.567,2.567,2.567,0.0
2019-03-20,2.563,2.563,2.563,2.563,0.0
2019-03-21,2.571,2.571,2.571,2.571,0.0
2019-03-22,2.566,2.566,2.561,2.561,2.0
2019-03-25,2.561,2.561,2.56,2.56,1.0
2019-03-26,2.562,2.562,2.562,2.562,0.0
2019-03-27,2.554,2.554,2.554,2.554,35.0
2019-03-28,2.558,2.558,2.558,2.558,0.0
2019-03-29,2.558,2.558,2.558,2.558,0.0
2019-04-01,2.557,2.557,2.557,2.557,6.0
2019-04-02,2.567,2.567,2.567,2.567,1.0
2019-04-03,2.572,2.572,2.572,2.572,0.0
2019-04-04,2.57,2.57,2.57,2.57,0.0
2019-04-05,2.57,2.574,2.57,2.574,19.0
2019-04-08,2.578,2.578,2.578,2.578,0.0
2019-04-09,2.585,2.585,2.585,2.585,0.0
2019-04-10,2.59,2.59,2.581,2.581,17.0
2019-04-11,2.579,2.579,2.579,2.579,0.0
2019-04-12,2.579,2.579,2.579,2.579,5.0
2019-04-15,2.573,2.573,2.573,2.573,0.0
2019-04-16,2.578,2.578,2.577,2.577,1.0
2019-04-17,2.567,2.567,2.562,2.562,8.0
2019-04-18,2.547,2.547,2.547,2.547,0.0
2019-04-22,2.535,2.535,2.535,2.535,8.0
2019-04-23,2.531,2.531,2.531,2.531,0.0
2019-04-24,2.542,2.542,2.542,2.542,0.0
2019-04-25,2.557,2.557,2.557,2.557,0.0
2019-04-26,2.553,2.553,2.553,2.553,1.0
2019-04-29,2.564,2.564,2.564,2.564,0.0
2019-04-30,2.569,2.569,2.569,2.569,0.0
2019-05-01,2.571,2.571,2.571,2.571,0.0
2019-05-02,2.568,2.568,2.568,2.568,0.0
2019-05-03,2.54,2.54,2.54,2.54,0.0
2019-05-06,2.54,2.54,2.54,2.54,0.0
2019-05-07,2.543,2.543,2.543,2.543,0.0
2019-05-08,2.575,2.575,2.54,2.54,2.0
2019-05-09,2.543,2.543,2.543,2.543,1.0
2019-05-10,2.534,2.534,2.534,2.534,0.0
2019-05-13,2.537,2.537,2.537,2.537,0.0
2019-05-14,2.549,2.549,2.549,2.549,0.0
2019-05-15,2.552,2.552,2.552,2.552,2.0
2019-05-16,2.555,2.555,2.555,2.555,0.0
2019-05-17,2.559,2.559,2.559,2.559,0.0
2019-05-20,2.564,2.564,2.564,2.564,0.0
2019-05-21,2.564,2.564,2.564,2.564,0.0
2019-05-22,2.569,2.569,2.547,2.547,43.0
2019-05-23,2.559,2.559,2.559,2.559,0.0
2019-05-24,2.569,2.569,2.569,2.569,0.0
2019-05-28,2.572,2.572,2.572,2.572,3.0
2019-05-29,2.557,2.557,2.557,2.557,0.0
2019-05-30,2.555,2.555,2.555,2.555,0.0
2019-05-31,2.549,2.549,2.549,2.549,0.0
2019-06-03,2.537,2.537,2.537,2.537,1.0
2019-06-04,2.55,2.55,2.545,2.545,1.0
2019-06-05,2.539,2.539,2.539,2.539,0.0
2019-06-06,2.544,2.544,2.544,2.544,6.0
2019-06-07,2.555,2.555,2.545,2.545,1.0
2019-06-10,2.539,2.539,2.539,2.539,0.0
2019-06-11,2.539,2.539,2.539,2.539,10.0
2019-06-12,2.535,2.535,2.535,2.535,0.0
2019-06-13,2.526,2.536,2.526,2.536,11.0
2019-06-14,2.543,2.543,2.541,2.541,4.0
2019-06-17,2.544,2.544,2.544,2.544,0.0
2019-06-18,2.532,2.532,2.532,2.532,1.0
2019-06-19,2.521,2.523,2.521,2.523,33.0
2019-06-20,2.513,2.522,2.513,2.519,6.0
2019-06-21,2.52,2.534,2.52,2.534,52.0
2019-06-24,2.555,2.555,2.544,2.544,6.0
2019-06-25,2.535,2.535,2.522,2.522,13.0
2019-06-26,2.53,2.53,2.51,2.514,24.0
2019-06-27,2.5,2.51,2.5,2.51,16.0
2019-06-28,2.491,2.491,2.491,2.491,8.0
2019-07-01,2.482,2.482,2.471,2.471,16.0
2019-07-02,2.464,2.465,2.464,2.465,10.0
2019-07-03,2.463,2.463,2.463,2.463,8.0
2019-07-05,2.473,2.473,2.473,2.473,0.0
2019-07-08,2.471,2.471,2.471,2.471,0.0
2019-07-09,2.484,2.499,2.484,2.484,43.0
2019-07-10,2.502,2.502,2.494,2.494,2.0
2019-07-11,2.503,2.503,2.503,2.503,0.0
2019-07-12,2.507,2.507,2.507,2.507,3.0
2019-07-15,2.504,2.504,2.504,2.504,8.0
2019-07-16,2.477,2.477,2.477,2.477,0.0
2019-07-17,2.48,2.48,2.477,2.477,11.0
2019-07-18,2.473,2.473,2.473,2.473,0.0
2019-07-19,2.473,2.473,2.465,2.465,3.0
2019-07-22,2.468,2.468,2.468,2.468,0.0
2019-07-23,2.468,2.468,2.467,2.467,3.0
2019-07-24,2.462,2.462,2.46,2.46,4.0
2019-07-25,2.464,2.466,2.461,2.461,5.0
2019-07-26,2.456,2.456,2.449,2.456,34.0
2019-07-29,2.451,2.451,2.447,2.447,2.0
2019-07-30,2.45,2.45,2.45,2.45,50.0
2019-07-31,2.457,2.457,2.457,2.457,110.0
2019-08-01,2.465,2.465,2.465,2.465,107.0
2019-08-02,2.452,2.452,2.452,2.452,110.0
2019-08-05,2.455,2.48,2.439,2.439,7.0
2019-08-06,2.444,2.444,2.425,2.426,10.0
2019-08-07,2.414,2.414,2.414,2.414,0.0
2019-08-08,2.411,2.411,2.411,2.411,1.0
2019-08-09,2.405,2.419,2.4,2.402,7.0
2019-08-12,2.378,2.378,2.378,2.378,1.0
2019-08-13,2.377,2.381,2.377,2.381,219.0
2019-08-14,2.358,2.364,2.358,2.364,5.0
2019-08-15,2.36,2.36,2.36,2.36,0.0
2019-08-16,2.344,2.356,2.34,2.34,55.0
2019-08-19,2.32,2.346,2.32,2.346,3.0
2019-08-20,2.337,2.337,2.337,2.337,0.0
2019-08-21,2.338,2.338,2.338,2.338,19.0
2019-08-22,2.34,2.34,2.325,2.325,1.0
2019-08-23,2.33,2.337,2.326,2.331,11.0
2019-08-26,2.32,2.349,2.32,2.349,17.0
2019-08-27,2.343,2.355,2.339,2.354,19.0
2019-08-28,2.374,2.374,2.373,2.373,1.0
2019-08-29,2.383,2.4,2.383,2.39,7.0
2019-08-30,2.385,2.385,2.37,2.37,1.0
2019-09-03,2.37,2.4,2.37,2.386,12.0
2019-09-04,2.354,2.371,2.354,2.371,2.0
2019-09-05,2.37,2.381,2.37,2.381,27.0
2019-09-06,2.37,2.38,2.363,2.368,51.0
2019-09-09,2.364,2.368,2.353,2.357,30.0
2019-09-10,2.37,2.379,2.356,2.364,40.0
2019-09-11,2.369,2.369,2.363,2.368,3.0
2019-09-12,2.373,2.373,2.367,2.367,1.0
2019-09-13,2.366,2.371,2.35,2.351,18.0
2019-09-16,2.366,2.366,2.358,2.359,15.0
2019-09-17,2.369,2.369,2.352,2.352,10.0
2019-09-18,2.355,2.36,2.355,2.36,18.0
2019-09-19,2.363,2.371,2.35,2.36,25.0
2019-09-20,2.36,2.371,2.346,2.371,4.0
2019-09-23,2.368,2.372,2.366,2.367,31.0
2019-09-24,2.37,2.373,2.365,2.365,3.0
2019-09-25,2.373,2.373,2.364,2.364,51.0
2019-09-26,2.361,2.361,2.351,2.358,110.0
2019-09-27,2.356,2.36,2.349,2.349,17.0
2019-09-30,2.344,2.354,2.344,2.349,56.0
2019-10-01,2.353,2.355,2.353,2.355,27.0
2019-10-02,2.359,2.359,2.344,2.35,38.0
2019-10-03,2.335,2.353,2.334,2.353,14.0
2019-10-04,2.355,2.356,2.348,2.355,88.0
2019-10-07,2.35,2.353,2.349,2.353,7.0
2019-10-08,2.335,2.356,2.328,2.333,23.0
2019-10-09,2.333,2.337,2.313,2.325,28.0
2019-10-10,2.315,2.316,2.315,2.316,6.0
2019-10-11,2.324,2.324,2.318,2.318,36.0
2019-10-14,2.321,2.33,2.318,2.318,13.0
2019-10-15,2.324,2.331,2.324,2.331,477.0
2019-10-16,2.34,2.342,2.323,2.328,257.0
2019-10-17,2.336,2.336,2.328,2.328,284.0
2019-10-18,2.329,2.33,2.326,2.328,43.0
2019-10-21,2.324,2.324,2.324,2.324,11.0
2019-10-22,2.329,2.331,2.326,2.326,46.0
2019-10-23,2.325,2.325,2.32,2.32,12.0
2019-10-24,2.325,2.325,2.315,2.324,15.0
2019-10-25,2.323,2.324,2.32,2.32,12.0
2019-10-28,2.329,2.333,2.329,2.333,4.0
2019-10-29,2.35,2.362,2.35,2.356,65.0
2019-10-30,2.361,2.365,2.361,2.365,26.0
2019-10-31,2.362,2.366,2.357,2.363,225.0
2019-11-01,2.366,2.378,2.366,2.378,2.0
2019-11-04,2.391,2.392,2.385,2.388,20.0
2019-11-05,2.391,2.391,2.374,2.388,23.0
2019-11-06,2.378,2.378,2.366,2.374,117.0
2019-11-07,2.36,2.367,2.356,2.361,182.0
2019-11-08,2.36,2.367,2.359,2.367,14.0
2019-11-11,2.36,2.367,2.359,2.367,111.0
2019-11-12,2.36,2.367,2.359,2.367,27.0
2019-11-13,2.355,2.355,2.349,2.355,24.0
2019-11-14,2.361,2.37,2.36,2.365,50.0
2019-11-15,2.37,2.37,2.37,2.37,62.0
2019-11-18,2.36,2.367,2.355,2.367,14.0
2019-11-19,2.361,2.363,2.356,2.357,71.0
2019-11-20,2.351,2.358,2.35,2.358,117.0
2019-11-21,2.354,2.36,2.35,2.358,57.0
2019-11-22,2.36,2.362,2.355,2.362,147.0
2019-11-25,2.347,2.363,2.347,2.363,47.0
2019-11-26,2.354,2.358,2.35,2.358,48.0
2019-11-27,2.358,2.361,2.353,2.361,153.0
2019-11-29,2.32,2.32,2.315,2.315,12.0
2019-12-02,2.33,2.331,2.326,2.328,187.0
2019-12-03,2.331,2.341,2.331,2.339,601.0
2019-12-04,2.341,2.352,2.332,2.352,123.0
2019-12-05,2.36,2.368,2.35,2.366,77.0
2019-12-06,2.368,2.375,2.347,2.351,69.0
2019-12-09,2.332,2.36,2.332,2.36,215.0
2019-12-10,2.362,2.378,2.353,2.375,145.0
2019-12-11,2.376,2.381,2.371,2.374,460.0
2019-12-12,2.378,2.382,2.372,2.38,21.0
2019-12-13,2.373,2.373,2.364,2.364,13.0
2019-12-16,2.36,2.372,2.36,2.364,58.0
2019-12-17,2.364,2.368,2.357,2.364,67.0
2019-12-18,2.357,2.362,2.337,2.341,209.0
2019-12-19,2.324,2.341,2.318,2.323,205.0
2019-12-20,2.331,2.341,2.319,2.326,47.0
2019-12-23,2.319,2.325,2.313,2.319,93.0
2019-12-24,2.321,2.322,2.315,2.315,4.0
2019-12-26,2.322,2.333,2.314,2.314,97.0
2019-12-27,2.301,2.314,2.297,2.313,119.0
2019-12-30,2.318,2.321,2.309,2.311,383.0
2019-12-31,2.309,2.317,2.305,2.317,396.0
2020-01-02,2.323,2.329,2.301,2.318,113.0
2020-01-03,2.319,2.33,2.313,2.326,126.0
2020-01-06,2.337,2.337,2.317,2.325,376.0
2020-01-07,2.314,2.328,2.314,2.328,743.0
2020-01-08,2.331,2.331,2.318,2.326,60.0
2020-01-09,2.32,2.333,2.319,2.333,568.0
2020-01-10,2.328,2.334,2.326,2.329,299.0
2020-01-13,2.332,2.339,2.323,2.339,45.0
2020-01-14,2.339,2.344,2.33,2.34,666.0
2020-01-15,2.334,2.337,2.328,2.332,112.0
2020-01-16,2.334,2.343,2.33,2.338,392.0
2020-01-17,2.332,2.332,2.32,2.321,166.0
2020-01-21,2.309,2.315,2.298,2.312,1084.0
2020-01-22,2.309,2.321,2.301,2.308,115.0
2020-01-23,2.298,2.31,2.294,2.296,14.0
2020-01-24,2.29,2.295,2.269,2.275,232.0
2020-01-27,2.292,2.298,2.26,2.265,463.0
2020-01-28,2.269,2.279,2.269,2.276,619.0
2020-01-29,2.276,2.282,2.266,2.268,15.0
2020-01-30,2.271,2.273,2.26,2.261,892.0
2020-01-31,2.256,2.269,2.253,2.263,214.0
2020-02-03,2.257,2.274,2.244,2.249,32.0
2020-02-04,2.248,2.26,2.236,2.251,326.0
2020-02-05,2.238,2.256,2.233,2.24,260.0
2020-02-06,2.234,2.256,2.233,2.245,965.0
2020-02-07,2.247,2.27,2.241,2.27,189.0
2020-02-10,2.256,2.264,2.251,2.264,295.0
2020-02-11,2.266,2.279,2.257,2.279,332.0
2020-02-12,2.283,2.287,2.279,2.284,173.0
2020-02-13,2.282,2.288,2.272,2.28,190.0
2020-02-14,2.274,2.276,2.269,2.271,221.0
2020-02-18,2.282,2.287,2.27,2.277,235.0
2020-02-19,2.273,2.278,2.265,2.265,588.0
2020-02-20,2.261,2.261,2.238,2.249,163.0
2020-02-21,2.232,2.246,2.232,2.24,351.0
2020-02-24,2.238,2.246,2.232,2.234,395.0
2020-02-25,2.238,2.253,2.238,2.248,450.0
2020-02-26,2.249,2.262,2.247,2.251,252.0
2020-02-27,2.239,2.242,2.22,2.241,1101.0
2020-02-28,2.216,2.236,2.188,2.214,957.0
2020-03-02,2.237,2.239,2.226,2.238,78.0
2020-03-03,2.24,2.252,2.227,2.239,621.0
2020-03-04,2.237,2.248,2.231,2.245,323.0
2020-03-05,2.25,2.25,2.227,2.237,278.0
2020-03-06,2.224,2.233,2.208,2.21,164.0
2020-03-09,2.202,2.276,2.161,2.272,1301.0
2020-03-10,2.261,2.335,2.261,2.31,1478.0
2020-03-11,2.306,2.313,2.26,2.268,1192.0
2020-03-12,2.253,2.273,2.214,2.253,573.0
2020-03-13,2.266,2.272,2.231,2.257,539.0
2020-03-16,2.233,2.251,2.216,2.25,547.0
2020-03-17,2.248,2.299,2.248,2.284,838.0
2020-03-18,2.28,2.303,2.264,2.272,1670.0
2020-03-19,2.283,2.309,2.276,2.29,948.0
2020-03-20,2.308,2.316,2.279,2.289,502.0
2020-03-23,2.312,2.315,2.297,2.313,238.0
2020-03-24,2.345,2.357,2.337,2.344,650.0
2020-03-25,2.38,2.38,2.342,2.349,408.0
2020-03-26,2.35,2.367,2.336,2.344,425.0
2020-03-27,2.38,2.38,2.354,2.367,3070.0
2020-03-30,2.36,2.401,2.359,2.396,438.0
2020-03-31,2.4,2.409,2.391,2.392,940.0
2020-04-01,2.41,2.41,2.393,2.4,2071.0
2020-04-02,2.4,2.409,2.378,2.407,847.0
2020-04-03,2.41,2.421,2.398,2.414,880.0
2020-04-06,2.422,2.444,2.412,2.44,1244.0
2020-04-07,2.454,2.463,2.434,2.449,986.0
2020-04-08,2.445,2.476,2.437,2.475,746.0
2020-04-09,2.46,2.496,2.457,2.49,1415.0
2020-04-13,2.508,2.529,2.505,2.525,818.0
2020-04-14,2.525,2.53,2.514,2.518,798.0
2020-04-15,2.517,2.524,2.493,2.499,841.0
2020-04-16,2.499,2.512,2.488,2.506,1060.0
2020-04-17,2.506,2.535,2.492,2.529,1231.0
2020-04-20,2.543,2.596,2.526,2.596,4058.0
2020-04-21,2.571,2.646,2.563,2.626,1940.0
2020-04-22,2.641,2.65,2.631,2.637,465.0
2020-04-23,2.645,2.656,2.609,2.613,1401.0
2020-04-24,2.62,2.624,2.592,2.599,580.0
2020-04-27,2.599,2.642,2.591,2.63,994.0
2020-04-28,2.646,2.653,2.632,2.642,787.0
2020-04-29,2.656,2.658,2.635,2.64,970.0
2020-04-30,2.652,2.663,2.641,2.647,619.0
2020-05-01,2.665,2.665,2.629,2.631,873.0
2020-05-04,2.647,2.654,2.64,2.653,1912.0
2020-05-05,2.668,2.674,2.615,2.631,3346.0
2020-05-06,2.607,2.618,2.586,2.611,1562.0
2020-05-07,2.578,2.609,2.578,2.597,1009.0
2020-05-08,2.605,2.605,2.581,2.597,1328.0
2020-05-11,2.591,2.616,2.591,2.604,1278.0
2020-05-12,2.603,2.614,2.574,2.582,905.0
2020-05-13,2.579,2.591,2.559,2.559,1820.0
2020-05-14,2.567,2.605,2.559,2.58,767.0
2020-05-15,2.592,2.606,2.568,2.575,393.0
2020-05-18,2.585,2.605,2.582,2.586,823.0
2020-05-19,2.606,2.606,2.566,2.582,852.0
2020-05-20,2.582,2.59,2.54,2.556,4742.0
2020-05-21,2.544,2.557,2.539,2.551,298.0
2020-05-22,2.544,2.563,2.537,2.556,422.0
2020-05-26,2.563,2.596,2.558,2.565,339.0
2020-05-27,2.558,2.568,2.549,2.564,372.0
2020-05-28,2.571,2.572,2.549,2.563,1004.0
2020-05-29,2.552,2.568,2.54,2.558,553.0
2020-06-01,2.541,2.554,2.539,2.543,436.0
2020-06-02,2.551,2.572,2.55,2.558,877.0
2020-06-03,2.561,2.569,2.543,2.55,1343.0
2020-06-04,2.545,2.554,2.518,2.529,1155.0
2020-06-05,2.527,2.53,2.501,2.521,1278.0
2020-06-08,2.511,2.525,2.503,2.521,805.0
2020-06-09,2.525,2.528,2.516,2.527,839.0
2020-06-10,2.507,2.55,2.507,2.549,1426.0
2020-06-11,2.546,2.568,2.538,2.568,1280.0
2020-06-12,2.571,2.583,2.547,2.549,1029.0
2020-06-15,2.556,2.559,2.518,2.532,1180.0
2020-06-16,2.523,2.542,2.521,2.531,1008.0
2020-06-17,2.544,2.546,2.532,2.541,540.0
2020-06-18,2.544,2.549,2.535,2.547,610.0
2020-06-19,2.547,2.55,2.529,2.549,997.0
2020-06-22,2.554,2.556,2.52,2.534,764.0
2020-06-23,2.52,2.525,2.511,2.515,1052.0
2020-06-24,2.513,2.515,2.499,2.507,978.0
2020-06-25,2.5,2.509,2.488,2.496,1591.0
2020-06-26,2.483,2.508,2.483,2.507,1736.0
2020-06-29,2.512,2.537,2.511,2.524,836.0
2020-06-30,2.514,2.546,2.513,2.53,643.0
2020-07-01,2.532,2.542,2.517,2.542,805.0
2020-07-02,2.544,2.546,2.53,2.542,683.0
2020-07-06,2.554,2.563,2.525,2.533,4080.0
2020-07-07,2.527,2.561,2.525,2.554,1475.0
2020-07-08,2.553,2.561,2.548,2.56,610.0
2020-07-09,2.56,2.571,2.527,2.532,1256.0
2020-07-10,2.522,2.533,2.515,2.522,2457.0
2020-07-13,2.503,2.528,2.503,2.511,877.0
2020-07-14,2.519,2.531,2.516,2.521,1742.0
2020-07-15,2.518,2.538,2.513,2.525,948.0
2020-07-16,2.526,2.544,2.522,2.534,1086.0
2020-07-17,2.539,2.55,2.522,2.535,1056.0
2020-07-20,2.521,2.524,2.491,2.521,1241.0
2020-07-21,2.52,2.528,2.506,2.519,521.0
2020-07-22,2.51,2.529,2.503,2.528,649.0
2020-07-23,2.531,2.545,2.515,2.538,801.0
2020-07-24,2.526,2.557,2.521,2.557,797.0
2020-07-27,2.55,2.566,2.544,2.566,1310.0
2020-07-28,2.577,2.618,2.571,2.618,1857.0
2020-07-29,2.617,2.656,2.617,2.656,2846.0
2020-07-30,2.654,2.663,2.617,2.621,1327.0
2020-07-31,2.629,2.642,2.61,2.619,1098.0
2020-08-03,2.638,2.676,2.627,2.66,3316.0
2020-08-04,2.649,2.674,2.635,2.669,2476.0
2020-08-05,2.663,2.679,2.657,2.678,2645.0
2020-08-06,2.68,2.7,2.668,2.684,3909.0
2020-08-07,2.682,2.704,2.674,2.699,2328.0
2020-08-10,2.686,2.709,2.673,2.683,2124.0
2020-08-11,2.673,2.716,2.673,2.703,3478.0
2020-08-12,2.681,2.698,2.675,2.697,1750.0
2020-08-13,2.7,2.716,2.687,2.705,2546.0
2020-08-14,2.726,2.76,2.72,2.74,6516.0
2020-08-17,2.74,2.746,2.727,2.746,2034.0
2020-08-18,2.751,2.78,2.742,2.773,2641.0
2020-08-19,2.77,2.793,2.767,2.788,1625.0
2020-08-20,2.78,2.799,2.765,2.791,3203.0
2020-08-21,2.772,2.798,2.761,2.797,2337.0
2020-08-24,2.801,2.811,2.784,2.792,1138.0
2020-08-25,2.794,2.799,2.783,2.791,1382.0
2020-08-26,2.793,2.809,2.764,2.778,1117.0
2020-08-27,2.763,2.814,2.761,2.808,2131.0
2020-08-28,2.819,2.835,2.789,2.813,1311.0
2020-08-31,2.806,2.834,2.781,2.817,2346.0
2020-09-01,2.833,2.837,2.805,2.826,2990.0
2020-09-02,2.824,2.854,2.801,2.842,3307.0
2020-09-03,2.838,2.852,2.829,2.85,1575.0
2020-09-04,2.844,2.87,2.842,2.855,1537.0
2020-09-08,2.84,2.883,2.839,2.868,2497.0
2020-09-09,2.85,2.879,2.842,2.875,1517.0
2020-09-10,2.866,2.873,2.858,2.862,1505.0
2020-09-11,2.861,2.88,2.854,2.854,1280.0
2020-09-14,2.87,2.883,2.844,2.862,1418.0
2020-09-15,2.865,2.87,2.837,2.87,1119.0
2020-09-16,2.864,2.877,2.838,2.846,2092.0
2020-09-17,2.845,2.847,2.8,2.825,4030.0
2020-09-18,2.798,2.839,2.797,2.833,2766.0
2020-09-21,2.819,2.836,2.808,2.828,3679.0
2020-09-22,2.818,2.828,2.793,2.813,2203.0
2020-09-23,2.797,2.847,2.785,2.844,3680.0
2020-09-24,2.846,2.86,2.83,2.86,4354.0
2020-09-25,2.867,2.868,2.82,2.829,3452.0
2020-09-28,2.82,2.86,2.812,2.854,3479.0
2020-09-29,2.842,2.845,2.783,2.806,3344.0
2020-09-30,2.792,2.817,2.776,2.803,1576.0
2020-10-01,2.804,2.817,2.751,2.78,1681.0
2020-10-02,2.754,2.763,2.721,2.752,4903.0
2020-10-05,2.754,2.827,2.743,2.811,5626.0
2020-10-06,2.811,2.827,2.788,2.789,3685.0
2020-10-07,2.809,2.823,2.79,2.804,3563.0
2020-10-08,2.8,2.833,2.783,2.833,2055.0
2020-10-09,2.83,2.866,2.828,2.865,3314.0
2020-10-12,2.886,2.904,2.877,2.903,10407.0
2020-10-13,2.908,2.92,2.891,2.92,2964.0
2020-10-14,2.898,2.932,2.894,2.922,2915.0
2020-10-15,2.921,2.957,2.916,2.952,2951.0
2020-10-16,2.951,2.97,2.942,2.966,4918.0
2020-10-19,2.949,2.993,2.948,2.98,4151.0
2020-10-20,2.984,3.01,2.975,2.991,4129.0
2020-10-21,2.993,3.017,2.993,3.011,3730.0
2020-10-22,3.017,3.025,2.969,2.982,3402.0
2020-10-23,2.973,2.993,2.94,2.968,6695.0
2020-10-26,2.952,2.99,2.952,2.987,2896.0
2020-10-27,2.982,3.0,2.961,2.999,3730.0
2020-10-28,2.996,3.002,2.979,2.999,1996.0
2020-10-29,2.994,3.007,2.943,2.993,3729.0
2020-10-30,2.995,3.064,2.987,3.046,4334.0
2020-11-02,3.063,3.083,3.017,3.045,2724.0
2020-11-03,3.032,3.035,2.958,2.969,7463.0
2020-11-04,2.965,2.978,2.941,2.953,3718.0
2020-11-05,2.957,3.001,2.896,2.917,5883.0
2020-11-06,2.905,2.933,2.864,2.889,4293.0
2020-11-09,2.861,2.913,2.849,2.882,4459.0
2020-11-10,2.884,2.926,2.876,2.919,4852.0
2020-11-11,2.943,2.954,2.912,2.949,3402.0
2020-11-12,2.94,2.957,2.905,2.927,5004.0
2020-11-13,2.922,2.966,2.92,2.933,6185.0
2020-11-16,2.88,2.888,2.795,2.824,13439.0
2020-11-17,2.823,2.842,2.785,2.801,9254.0
2020-11-18,2.788,2.831,2.781,2.794,13258.0
2020-11-19,2.809,2.809,2.672,2.728,28154.0
2020-11-20,2.703,2.755,2.699,2.732,10816.0
2020-11-23,2.741,2.752,2.715,2.745,7227.0
2020-11-24,2.739,2.792,2.738,2.789,4756.0
2020-11-25,2.788,2.826,2.766,2.822,4650.0
2020-11-27,2.789,2.83,2.777,2.791,3785.0
2020-11-30,2.79,2.872,2.782,2.806,9392.0
2020-12-01,2.841,2.855,2.791,2.815,3663.0
2020-12-02,2.806,2.834,2.734,2.773,2672.0
2020-12-03,2.735,2.745,2.534,2.588,19448.0
2020-12-04,2.583,2.651,2.566,2.635,7060.0
2020-12-07,2.571,2.582,2.516,2.552,11552.0
2020-12-08,2.574,2.625,2.542,2.588,11669.0
2020-12-09,2.642,2.668,2.604,2.622,6029.0
2020-12-10,2.6,2.746,2.584,2.712,11752.0
2020-12-11,2.712,2.755,2.693,2.731,5419.0
2020-12-14,2.776,2.806,2.739,2.782,6238.0
2020-12-15,2.778,2.796,2.746,2.792,4862.0
2020-12-16,2.79,2.82,2.76,2.816,2700.0
2020-12-17,2.831,2.839,2.752,2.761,5043.0
2020-12-18,2.775,2.801,2.765,2.788,5653.0
2020-12-21,2.801,2.819,2.763,2.814,3672.0
2020-12-22,2.822,2.87,2.804,2.849,4125.0
2020-12-23,2.848,2.868,2.708,2.735,5193.0
2020-12-24,2.725,2.738,2.667,2.671,1820.0
2020-12-28,2.547,2.596,2.517,2.548,8388.0
2020-12-29,2.553,2.648,2.53,2.628,12737.0
2020-12-30,2.628,2.657,2.605,2.632,3979.0
2020-12-31,2.65,2.718,2.65,2.712,6404.0
2021-01-04,2.786,2.809,2.76,2.767,7712.0
2021-01-05,2.779,2.852,2.779,2.841,11015.0
2021-01-06,2.811,2.873,2.769,2.84,5161.0
2021-01-07,2.837,2.861,2.786,2.835,6482.0
2021-01-08,2.799,2.823,2.771,2.804,7119.0
2021-01-11,2.762,2.871,2.734,2.843,9318.0
2021-01-12,2.87,2.924,2.819,2.842,10129.0
2021-01-13,2.845,2.894,2.828,2.848,5700.0
2021-01-14,2.88,2.898,2.808,2.811,7434.0
2021-01-15,2.817,2.898,2.795,2.86,6088.0
2021-01-19,2.824,2.832,2.732,2.744,18186.0
2021-01-20,2.745,2.762,2.689,2.755,11585.0
2021-01-21,2.747,2.756,2.698,2.73,4857.0
2021-01-22,2.725,2.738,2.682,2.712,6358.0
2021-01-25,2.757,2.813,2.743,2.808,8951.0
2021-01-26,2.812,2.845,2.792,2.839,6661.0
2021-01-27,2.832,2.897,2.828,2.877,8340.0
2021-01-28,2.852,2.872,2.8,2.837,7105.0
2021-01-29,2.844,2.861,2.758,2.766,11929.0
2021-02-01,2.863,2.948,2.863,2.94,25075.0
2021-02-02,2.929,3.024,2.906,2.936,21549.0
2021-02-03,2.9,2.941,2.877,2.899,9031.0
2021-02-04,2.885,3.001,2.87,2.987,11883.0
2021-02-05,2.989,3.047,2.94,2.96,24087.0
2021-02-08,2.986,3.038,2.956,2.992,23724.0
2021-02-09,3.005,3.018,2.913,2.97,20702.0
2021-02-10,2.958,3.025,2.904,3.005,24090.0
2021-02-11,3.029,3.052,2.934,2.964,31849.0
2021-02-12,2.964,3.024,2.938,2.994,17944.0
2021-02-16,3.068,3.095,2.999,3.064,23234.0
2021-02-17,3.044,3.11,3.024,3.103,16141.0
2021-02-18,3.102,3.115,3.01,3.044,17643.0
2021-02-19,2.999,3.095,2.996,3.073,14195.0
2021-02-22,3.054,3.073,2.981,3.055,13906.0
2021-02-23,3.039,3.047,2.977,2.986,12978.0
2021-02-24,2.988,2.99,2.924,2.926,15754.0
2021-02-25,2.934,2.971,2.902,2.916,13912.0
2021-02-26,2.905,2.929,2.85,2.926,20945.0
2021-03-01,2.938,2.951,2.894,2.939,8097.0
2021-03-02,2.937,2.993,2.919,2.984,7945.0
2021-03-03,2.989,3.01,2.941,2.953,8068.0
2021-03-04,2.933,2.958,2.848,2.894,12942.0
2021-03-05,2.885,2.898,2.843,2.859,14321.0
2021-03-08,2.841,2.88,2.791,2.819,16528.0
2021-03-09,2.82,2.843,2.786,2.822,14080.0
2021-03-10,2.814,2.866,2.78,2.853,12801.0
2021-03-11,2.85,2.873,2.817,2.827,12424.0
2021-03-12,2.83,2.847,2.741,2.761,12165.0
2021-03-15,2.72,2.73,2.646,2.656,13150.0
2021-03-16,2.66,2.72,2.653,2.72,5338.0
2021-03-17,2.719,2.723,2.657,2.68,8003.0
2021-03-18,2.672,2.677,2.594,2.637,10120.0
2021-03-19,2.656,2.701,2.619,2.686,7692.0
2021-03-22,2.651,2.742,2.643,2.736,5513.0
2021-03-23,2.73,2.731,2.679,2.683,6141.0
2021-03-24,2.682,2.716,2.672,2.698,6380.0
2021-03-25,2.689,2.745,2.662,2.737,8051.0
2021-03-26,2.738,2.76,2.726,2.741,6942.0
2021-03-29,2.756,2.766,2.713,2.763,11462.0
2021-03-30,2.757,2.785,2.724,2.742,7118.0
2021-03-31,2.742,2.77,2.706,2.74,10839.0
2021-04-01,2.739,2.786,2.718,2.769,13471.0
2021-04-05,2.734,2.746,2.647,2.681,15224.0
2021-04-06,2.693,2.73,2.639,2.642,19603.0
2021-04-07,2.642,2.713,2.642,2.695,17627.0
2021-04-08,2.696,2.719,2.672,2.717,17069.0
2021-04-09,2.717,2.732,2.7,2.715,17943.0
2021-04-12,2.723,2.776,2.717,2.753,17606.0
2021-04-13,2.747,2.805,2.726,2.791,18437.0
2021-04-14,2.79,2.826,2.78,2.79,13772.0
2021-04-15,2.787,2.825,2.756,2.816,18714.0
2021-04-16,2.82,2.851,2.818,2.843,14586.0
2021-04-19,2.854,2.903,2.853,2.895,16629.0
2021-04-20,2.89,2.903,2.876,2.887,16623.0
2021-04-21,2.886,2.886,2.84,2.863,8455.0
2021-04-22,2.871,2.933,2.83,2.912,14725.0
2021-04-23,2.916,2.925,2.885,2.899,10719.0
2021-04-26,2.892,2.946,2.859,2.939,11640.0
2021-04-27,2.94,2.996,2.932,2.993,22734.0
2021-04-28,2.987,3.033,2.979,3.007,20872.0
2021-04-29,3.0,3.015,2.934,2.957,21342.0
2021-04-30,2.95,2.997,2.943,2.972,25101.0
2021-05-03,2.966,3.01,2.951,3.004,17880.0
2021-05-04,2.999,3.032,2.971,3.004,21191.0
2021-05-05,3.014,3.023,2.955,2.978,20321.0
2021-05-06,2.986,3.007,2.953,2.971,19037.0
2021-05-07,2.976,3.02,2.952,2.997,25088.0
2021-05-10,3.004,3.004,2.945,2.973,18490.0
2021-05-11,2.964,3.007,2.926,2.994,18655.0
2021-05-12,2.993,3.029,2.972,3.014,17306.0
2021-05-13,3.021,3.04,2.985,3.026,23038.0
2021-05-14,3.033,3.07,3.006,3.02,16001.0
2021-05-17,3.073,3.192,3.07,3.157,33289.0
2021-05-18,3.168,3.18,3.073,3.082,25563.0
2021-05-19,3.075,3.075,3.01,3.034,19620.0
2021-05-20,3.032,3.051,2.984,3.002,25298.0
2021-05-21,3.023,3.053,2.976,2.993,25083.0
2021-05-24,2.948,2.981,2.922,2.975,22373.0
2021-05-25,2.971,3.014,2.965,2.99,18465.0
2021-05-26,3.01,3.057,2.992,3.04,33022.0
2021-05-27,3.036,3.037,2.936,2.975,25260.0
2021-05-28,2.983,3.052,2.971,3.002,23409.0
2021-06-01,3.048,3.158,3.027,3.118,54476.0
2021-06-02,3.106,3.134,3.062,3.086,28831.0
2021-06-03,3.085,3.096,3.042,3.052,23328.0
2021-06-04,3.075,3.128,3.025,3.105,24181.0
2021-06-07,3.119,3.121,3.046,3.082,53657.0
2021-06-08,3.099,3.198,3.099,3.132,83152.0
2021-06-09,3.133,3.172,3.113,3.137,56895.0
2021-06-10,3.161,3.201,3.139,3.158,60122.0
2021-06-11,3.16,3.331,3.158,3.301,80960.0
2021-06-14,3.317,3.364,3.278,3.354,30235.0
2021-06-15,3.351,3.37,3.219,3.244,34530.0
2021-06-16,3.23,3.281,3.197,3.259,23867.0
2021-06-17,3.258,3.273,3.199,3.26,34824.0
2021-06-18,3.227,3.266,3.178,3.222,24638.0
2021-06-21,3.215,3.225,3.154,3.201,23092.0
2021-06-22,3.209,3.286,3.199,3.262,22790.0
2021-06-23,3.266,3.386,3.258,3.333,37761.0
2021-06-24,3.319,3.437,3.3,3.415,45181.0
2021-06-25,3.417,3.513,3.408,3.5,60858.0
2021-06-28,3.503,3.629,3.486,3.572,58869.0
2021-06-29,3.562,3.784,3.55,3.606,76191.0
2021-06-30,3.631,3.782,3.58,3.624,80022.0
2021-07-01,3.727,3.731,3.57,3.632,62964.0
2021-07-02,3.634,3.71,3.571,3.668,52041.0
2021-07-06,3.668,3.789,3.58,3.608,62155.0
2021-07-07,3.649,3.677,3.495,3.574,53082.0
2021-07-08,3.559,3.697,3.524,3.667,77652.0
2021-07-09,3.663,3.72,3.639,3.657,59815.0
2021-07-12,3.657,3.743,3.608,3.732,62054.0
2021-07-13,3.729,3.751,3.658,3.682,57874.0
2021-07-14,3.68,3.741,3.611,3.648,78377.0
2021-07-15,3.657,3.671,3.592,3.601,64404.0
2021-07-16,3.608,3.669,3.572,3.658,51346.0
2021-07-19,3.687,3.762,3.669,3.754,73761.0
2021-07-20,3.745,3.908,3.716,3.852,84421.0
2021-07-21,3.9,3.943,3.87,3.938,88037.0
2021-07-22,3.9,3.986,3.856,3.982,94471.0
2021-07-23,3.98,4.051,3.955,4.042,97974.0
2021-07-26,4.0,4.165,3.99,4.082,138934.0
2021-07-27,4.075,4.094,3.907,3.942,145924.0
2021-07-28,3.925,4.025,3.837,3.967,134730.0
2021-07-29,3.941,4.097,3.927,4.059,118446.0
2021-07-30,4.051,4.055,3.855,3.914,161866.0
2021-08-02,3.973,4.042,3.928,3.935,110953.0
2021-08-03,3.959,4.077,3.915,4.027,120858.0
2021-08-04,4.066,4.205,4.056,4.158,142586.0
2021-08-05,4.152,4.205,4.116,4.14,125228.0
2021-08-06,4.159,4.191,4.098,4.14,153153.0
2021-08-09,4.168,4.185,4.002,4.06,179998.0
2021-08-10,4.039,4.126,4.016,4.089,157513.0
2021-08-11,4.11,4.129,3.979,4.059,161899.0
2021-08-12,4.057,4.067,3.9,3.933,186993.0
2021-08-13,3.915,3.953,3.846,3.861,123011.0
2021-08-16,3.846,3.988,3.817,3.946,101673.0
2021-08-17,3.938,3.954,3.803,3.837,131222.0
2021-08-18,3.826,3.875,3.789,3.852,95512.0
2021-08-19,3.826,3.881,3.734,3.83,121756.0
2021-08-20,3.863,3.951,3.833,3.851,108518.0
2021-08-23,3.862,3.953,3.838,3.945,85497.0
2021-08-24,3.929,3.97,3.884,3.896,57633.0
2021-08-25,3.9,3.991,3.858,3.897,39372.0
2021-08-26,3.917,4.217,3.896,4.184,76860.0
2021-08-27,4.202,4.397,4.197,4.37,4275.0
