DATETIME,OPEN,HIGH,LOW,FINAL,VOLUME
2010-04-29,8.07,8.07,8.07,8.07,0.0
2010-04-30,8.054,8.054,8.054,8.054,0.0
2010-05-03,8.129,8.129,8.129,8.129,0.0
2010-05-04,8.203,8.203,8.203,8.203,0.0
2010-05-05,8.255,8.255,8.255,8.255,0.0
2010-05-06,8.247,8.247,8.247,8.247,0.0
2010-05-07,8.264,8.264,8.264,8.264,0.0
2010-05-10,8.294,8.294,8.294,8.294,0.0
2010-05-11,8.311,8.311,8.311,8.311,0.0
2010-05-12,8.351,8.351,8.351,8.351,0.0
2010-05-13,8.293,8.293,8.293,8.293,0.0
2010-05-14,8.186,8.186,8.186,8.186,0.0
2010-05-17,8.148,8.148,8.148,8.148,0.0
2010-05-18,8.083,8.083,8.083,8.083,0.0
2010-05-19,7.993,7.993,7.993,7.993,0.0
2010-05-20,7.958,7.958,7.958,7.958,0.0
2010-05-21,7.874,7.874,7.874,7.874,0.0
2010-05-24,7.848,7.848,7.848,7.848,0.0
2010-05-25,7.875,7.875,7.875,7.875,0.0
2010-05-26,7.845,7.845,7.845,7.845,0.0
2010-05-27,7.788,7.788,7.788,7.788,0.0
2010-05-28,7.753,7.753,7.753,7.753,0.0
2010-06-01,7.626,7.626,7.626,7.626,0.0
2010-06-02,7.64,7.64,7.64,7.64,0.0
2010-06-03,7.62,7.62,7.62,7.62,0.0
2010-06-04,7.554,7.554,7.554,7.554,0.0
2010-06-07,7.562,7.562,7.562,7.562,0.0
2010-06-08,7.522,7.522,7.522,7.522,0.0
2010-06-09,7.531,7.531,7.531,7.531,0.0
2010-06-10,7.598,7.598,7.598,7.598,0.0
2010-06-11,7.563,7.563,7.563,7.563,0.0
2010-06-14,7.47,7.47,7.47,7.47,0.0
2010-06-15,7.476,7.476,7.476,7.476,0.0
2010-06-16,7.599,7.599,7.599,7.599,0.0
2010-06-17,7.683,7.683,7.683,7.683,0.0
2010-06-18,7.762,7.762,7.762,7.762,0.0
2010-06-21,7.73,7.73,7.73,7.73,0.0
2010-06-22,7.747,7.747,7.747,7.747,0.0
2010-06-23,7.803,7.803,7.803,7.803,0.0
2010-06-24,7.813,7.813,7.813,7.813,0.0
2010-06-25,7.813,7.813,7.813,7.813,0.0
2010-06-28,7.721,7.721,7.721,7.721,0.0
2010-06-29,7.658,7.658,7.658,7.658,0.0
2010-06-30,7.639,7.639,7.639,7.639,0.0
2010-07-01,7.639,7.639,7.639,7.639,0.0
2010-07-02,7.563,7.563,7.563,7.563,0.0
2010-07-06,7.553,7.553,7.553,7.553,0.0
2010-07-07,7.669,7.669,7.669,7.669,0.0
2010-07-08,7.683,7.683,7.683,7.683,0.0
2010-07-09,7.706,7.706,7.706,7.706,0.0
2010-07-12,7.685,7.685,7.685,7.685,0.0
2010-07-13,7.62,7.62,7.62,7.62,0.0
2010-07-14,7.713,7.713,7.713,7.713,0.0
2010-07-15,7.775,7.775,7.775,7.775,0.0
2010-07-16,7.578,7.578,7.578,7.578,0.0
2010-07-19,7.563,7.563,7.563,7.563,0.0
2010-07-20,7.573,7.573,7.573,7.573,0.0
2010-07-21,7.571,7.571,7.571,7.571,0.0
2010-07-22,7.565,7.565,7.565,7.565,0.0
2010-07-23,7.486,7.486,7.486,7.486,0.0
2010-07-26,7.439,7.439,7.439,7.439,0.0
2010-07-27,7.123,7.123,7.123,7.123,0.0
2010-07-28,7.049,7.049,7.049,7.049,0.0
2010-07-29,6.841,6.841,6.841,6.841,0.0
2010-07-30,6.687,6.687,6.687,6.687,0.0
2010-08-02,6.743,6.743,6.743,6.743,0.0
2010-08-03,6.697,6.697,6.697,6.697,0.0
2010-08-04,6.715,6.715,6.715,6.715,0.0
2010-08-05,6.575,6.575,6.575,6.575,0.0
2010-08-06,6.426,6.426,6.426,6.426,0.0
2010-08-09,6.241,6.241,6.241,6.241,0.0
2010-08-10,6.026,6.026,6.026,6.026,0.0
2010-08-11,6.054,6.054,6.054,6.054,0.0
2010-08-12,6.053,6.053,6.053,6.053,0.0
2010-08-13,6.001,6.001,6.001,6.001,0.0
2010-08-16,5.853,5.853,5.853,5.853,0.0
2010-08-17,5.812,5.812,5.812,5.812,0.0
2010-08-18,5.93,5.93,5.93,5.93,0.0
2010-08-19,5.978,5.978,5.978,5.978,0.0
2010-08-20,6.087,6.087,6.087,6.087,0.0
2010-08-23,6.157,6.157,6.157,6.157,0.0
2010-08-24,6.167,6.167,6.167,6.167,0.0
2010-08-25,6.21,6.21,6.21,6.21,0.0
2010-08-26,6.344,6.344,6.344,6.344,0.0
2010-08-27,6.321,6.321,6.321,6.321,0.0
2010-08-30,6.282,6.282,6.282,6.282,0.0
2010-08-31,6.256,6.256,6.256,6.256,0.0
2010-09-01,6.21,6.21,6.21,6.21,0.0
2010-09-02,6.14,6.14,6.14,6.14,0.0
2010-09-03,6.178,6.178,6.178,6.178,0.0
2010-09-07,6.193,6.193,6.193,6.193,0.0
2010-09-08,6.225,6.225,6.225,6.225,0.0
2010-09-09,6.281,6.281,6.281,6.281,0.0
2010-09-10,6.321,6.321,6.321,6.321,0.0
2010-09-13,6.288,6.288,6.288,6.288,0.0
2010-09-14,6.235,6.235,6.235,6.235,0.0
2010-09-15,6.223,6.223,6.223,6.223,0.0
2010-09-16,6.058,6.058,6.058,6.058,0.0
2010-09-17,5.93,5.93,5.93,5.93,0.0
2010-09-20,5.872,5.872,5.872,5.872,0.0
2010-09-21,5.815,5.815,5.815,5.815,0.0
2010-09-22,5.825,5.825,5.825,5.825,0.0
2010-09-23,5.89,5.89,5.89,5.89,0.0
2010-09-24,5.883,5.883,5.883,5.883,0.0
2010-09-27,5.846,5.846,5.846,5.846,0.0
2010-09-28,5.904,5.904,5.904,5.904,0.0
2010-09-29,5.877,5.877,5.877,5.877,0.0
2010-09-30,5.86,5.86,5.86,5.86,0.0
2010-10-01,5.939,5.939,5.939,5.939,0.0
2010-10-04,6.07,6.07,6.07,6.07,0.0
2010-10-05,6.105,6.105,6.105,6.105,0.0
2010-10-06,6.15,6.15,6.15,6.15,0.0
2010-10-07,6.25,6.25,6.25,6.25,0.0
2010-10-08,6.265,6.265,6.265,6.265,0.0
2010-10-11,6.222,6.222,6.222,6.222,0.0
2010-10-12,6.195,6.195,6.195,6.195,0.0
2010-10-13,6.186,6.186,6.186,6.186,0.0
2010-10-14,6.214,6.214,6.214,6.214,0.0
2010-10-15,6.165,6.165,6.165,6.165,0.0
2010-10-18,6.161,6.161,6.161,6.161,0.0
2010-10-19,6.14,6.14,6.14,6.14,0.0
2010-10-20,6.131,6.131,6.131,6.131,0.0
2010-10-21,5.982,5.982,5.982,5.982,0.0
2010-10-22,5.911,5.911,5.911,5.911,0.0
2010-10-25,6.01,6.01,6.01,6.01,0.0
2010-10-26,6.312,6.312,6.312,6.312,0.0
2010-10-27,6.357,6.357,6.357,6.357,0.0
2010-10-28,6.087,6.087,6.087,6.087,0.0
2010-10-29,5.966,5.966,5.966,5.966,0.0
2010-11-01,6.036,6.036,6.036,6.036,0.0
2010-11-02,6.094,6.094,6.094,6.094,0.0
2010-11-03,6.068,6.068,6.068,6.068,0.0
2010-11-04,6.063,6.063,6.063,6.063,0.0
2010-11-05,6.07,6.07,6.07,6.07,0.0
2010-11-08,6.084,6.084,6.084,6.084,0.0
2010-11-09,6.079,6.079,6.079,6.079,0.0
2010-11-10,6.157,6.157,6.157,6.157,0.0
2010-11-11,6.225,6.225,6.225,6.225,0.0
2010-11-12,6.226,6.226,6.226,6.226,0.0
2010-11-15,6.297,6.297,6.297,6.297,0.0
2010-11-16,6.261,6.261,6.261,6.261,0.0
2010-11-17,6.248,6.248,6.248,6.248,0.0
2010-11-18,6.318,6.318,6.318,6.318,0.0
2010-11-19,6.338,6.338,6.338,6.338,0.0
2010-11-22,6.407,6.407,6.407,6.407,0.0
2010-11-23,6.387,6.387,6.387,6.387,0.0
2010-11-24,6.335,6.335,6.335,6.335,0.0
2010-11-26,6.343,6.343,6.343,6.343,0.0
2010-11-29,6.328,6.328,6.328,6.328,0.0
2010-11-30,6.358,6.358,6.358,6.358,0.0
2010-12-01,6.352,6.352,6.352,6.352,0.0
2010-12-02,6.339,6.339,6.339,6.339,0.0
2010-12-03,6.339,6.339,6.339,6.339,0.0
2010-12-06,6.168,6.168,6.168,6.168,0.0
2010-12-07,6.165,6.165,6.165,6.165,0.0
2010-12-08,6.172,6.172,6.172,6.172,0.0
2010-12-09,6.051,6.051,6.051,6.051,0.0
2010-12-10,6.038,6.038,6.038,6.038,0.0
2010-12-13,6.088,6.088,6.088,6.088,0.0
2010-12-14,6.138,6.138,6.138,6.138,0.0
2010-12-15,6.299,6.299,6.299,6.299,0.0
2010-12-16,6.297,6.297,6.297,6.297,0.0
2010-12-17,6.364,6.364,6.364,6.364,0.0
2010-12-20,6.336,6.336,6.336,6.336,0.0
2010-12-21,6.312,6.312,6.312,6.312,0.0
2010-12-22,6.291,6.291,6.291,6.291,0.0
2010-12-23,6.304,6.304,6.304,6.304,0.0
2010-12-27,6.318,6.318,6.318,6.318,0.0
2010-12-28,6.32,6.32,6.32,6.32,0.0
2010-12-29,6.29,6.29,6.29,6.29,0.0
2010-12-30,6.24,6.24,6.24,6.24,0.0
2010-12-31,6.262,6.262,6.262,6.262,0.0
2011-01-03,6.191,6.191,6.191,6.191,0.0
2011-01-04,6.215,6.215,6.215,6.215,0.0
2011-01-05,6.306,6.306,6.306,6.306,0.0
2011-01-06,6.289,6.289,6.289,6.289,0.0
2011-01-07,6.318,6.318,6.318,6.318,0.0
2011-01-10,6.335,6.335,6.335,6.335,0.0
2011-01-11,6.371,6.371,6.371,6.371,0.0
2011-01-12,6.29,6.29,6.29,6.29,0.0
2011-01-13,6.325,6.325,6.325,6.325,0.0
2011-01-14,6.362,6.362,6.362,6.362,0.0
2011-01-18,6.371,6.371,6.371,6.371,0.0
2011-01-19,6.337,6.337,6.337,6.337,0.0
2011-01-20,6.323,6.323,6.323,6.323,0.0
2011-01-21,6.312,6.312,6.312,6.312,0.0
2011-01-24,6.305,6.305,6.305,6.305,0.0
2011-01-25,6.351,6.351,6.351,6.351,0.0
2011-01-26,6.379,6.379,6.379,6.379,0.0
2011-01-27,6.436,6.436,6.436,6.436,0.0
2011-01-28,6.362,6.362,6.362,6.362,0.0
2011-01-31,6.357,6.357,6.357,6.357,0.0
2011-02-01,6.377,6.377,6.377,6.377,0.0
2011-02-02,6.4,6.4,6.4,6.4,0.0
2011-02-03,6.419,6.419,6.419,6.419,0.0
2011-02-04,6.43,6.43,6.43,6.43,0.0
2011-02-07,6.442,6.442,6.442,6.442,0.0
2011-02-08,6.491,6.491,6.491,6.491,0.0
2011-02-09,6.486,6.486,6.486,6.486,0.0
2011-02-10,6.476,6.476,6.476,6.476,0.0
2011-02-11,6.466,6.466,6.466,6.466,0.0
2011-02-14,6.449,6.449,6.449,6.449,0.0
2011-02-15,6.512,6.512,6.512,6.512,0.0
2011-02-16,6.627,6.627,6.627,6.627,0.0
2011-02-17,6.657,6.657,6.657,6.657,0.0
2011-02-18,6.666,6.666,6.666,6.666,0.0
2011-02-22,6.701,6.701,6.701,6.701,0.0
2011-02-23,6.676,6.676,6.676,6.676,0.0
2011-02-24,6.651,6.651,6.651,6.651,0.0
2011-02-25,6.661,6.661,6.661,6.661,0.0
2011-02-28,6.681,6.681,6.681,6.681,0.0
2011-03-01,6.753,6.753,6.753,6.753,0.0
2011-03-02,6.806,6.806,6.806,6.806,0.0
2011-03-03,6.801,6.801,6.801,6.801,0.0
2011-03-04,6.936,6.936,6.936,6.936,0.0
2011-03-07,6.948,6.948,6.948,6.948,0.0
2011-03-08,6.942,6.942,6.942,6.942,0.0
2011-03-09,6.935,6.935,6.935,6.935,0.0
2011-03-10,6.942,6.942,6.942,6.942,0.0
2011-03-11,6.946,6.946,6.946,6.946,0.0
2011-03-14,7.003,7.003,7.003,7.003,0.0
2011-03-15,7.283,7.283,7.283,7.283,0.0
2011-03-16,7.288,7.288,7.288,7.288,0.0
2011-03-17,7.26,7.26,7.26,7.26,0.0
2011-03-18,7.204,7.204,7.204,7.204,0.0
2011-03-21,7.122,7.122,7.122,7.122,0.0
2011-03-22,7.163,7.163,7.163,7.163,0.0
2011-03-23,7.19,7.19,7.19,7.19,0.0
2011-03-24,7.184,7.184,7.184,7.184,0.0
2011-03-25,7.282,7.282,7.282,7.282,0.0
2011-03-28,7.268,7.268,7.268,7.268,0.0
2011-03-29,7.219,7.219,7.219,7.219,0.0
2011-03-30,7.252,7.252,7.252,7.252,0.0
2011-03-31,7.337,7.337,7.337,7.337,0.0
2011-04-01,7.429,7.429,7.429,7.429,0.0
2011-04-04,7.45,7.45,7.45,7.45,0.0
2011-04-05,7.346,7.346,7.346,7.346,0.0
2011-04-06,7.348,7.348,7.348,7.348,0.0
2011-04-07,7.38,7.38,7.38,7.38,0.0
2011-04-08,7.487,7.487,7.487,7.487,0.0
2011-04-11,7.512,7.512,7.512,7.512,0.0
2011-04-12,7.45,7.45,7.45,7.45,0.0
2011-04-13,7.412,7.412,7.412,7.412,0.0
2011-04-14,7.399,7.399,7.399,7.399,0.0
2011-04-15,7.429,7.429,7.429,7.429,0.0
2011-04-18,7.424,7.424,7.424,7.424,0.0
2011-04-19,7.391,7.391,7.391,7.391,0.0
2011-04-20,7.272,7.272,7.272,7.272,0.0
2011-04-21,7.196,7.196,7.196,7.196,0.0
2011-04-25,7.193,7.193,7.193,7.193,0.0
2011-04-26,7.222,7.222,7.222,7.222,0.0
2011-04-27,7.189,7.189,7.189,7.189,0.0
2011-04-28,7.191,7.191,7.191,7.191,0.0
2011-04-29,7.129,7.129,7.129,7.129,0.0
2011-05-02,7.151,7.151,7.151,7.151,0.0
2011-05-03,7.221,7.221,7.221,7.221,0.0
2011-05-04,7.26,7.26,7.26,7.26,0.0
2011-05-05,7.159,7.159,7.159,7.159,0.0
2011-05-06,7.075,7.075,7.075,7.075,0.0
2011-05-09,7.088,7.088,7.088,7.088,0.0
2011-05-10,7.164,7.164,7.164,7.164,0.0
2011-05-11,7.218,7.218,7.218,7.218,0.0
2011-05-12,7.227,7.227,7.227,7.227,0.0
2011-05-13,7.267,7.267,7.267,7.267,0.0
2011-05-16,7.262,7.262,7.262,7.262,0.0
2011-05-17,7.231,7.231,7.231,7.231,0.0
2011-05-18,7.245,7.245,7.245,7.245,0.0
2011-05-19,7.168,7.168,7.168,7.168,0.0
2011-05-20,7.215,7.215,7.215,7.215,0.0
2011-05-23,7.354,7.354,7.354,7.354,0.0
2011-05-24,7.277,7.277,7.277,7.277,0.0
2011-05-25,7.276,7.276,7.276,7.276,0.0
2011-05-26,7.246,7.246,7.246,7.246,0.0
2011-05-27,7.282,7.282,7.282,7.282,0.0
2011-05-31,7.152,7.152,7.152,7.152,0.0
2011-06-01,7.128,7.128,7.128,7.128,0.0
2011-06-02,7.004,7.004,7.004,7.004,0.0
2011-06-03,6.955,6.955,6.955,6.955,0.0
2011-06-06,6.899,6.899,6.899,6.899,0.0
2011-06-07,6.906,6.906,6.906,6.906,0.0
2011-06-08,6.922,6.922,6.922,6.922,0.0
2011-06-09,6.835,6.835,6.835,6.835,0.0
2011-06-10,6.842,6.842,6.842,6.842,0.0
2011-06-13,6.82,6.82,6.82,6.82,0.0
2011-06-14,6.939,6.939,6.939,6.939,0.0
2011-06-15,6.963,6.963,6.963,6.963,0.0
2011-06-16,6.963,6.963,6.963,6.963,0.0
2011-06-17,7.022,7.022,7.022,7.022,0.0
2011-06-20,7.02,7.02,7.02,7.02,0.0
2011-06-21,6.862,6.862,6.862,6.862,0.0
2011-06-22,6.875,6.875,6.875,6.875,0.0
2011-06-23,6.874,6.874,6.874,6.874,0.0
2011-06-24,6.897,6.897,6.897,6.897,0.0
2011-06-27,6.886,6.886,6.886,6.886,0.0
2011-06-28,6.887,6.887,6.887,6.887,0.0
2011-06-29,6.859,6.859,6.859,6.859,0.0
2011-06-30,6.856,6.856,6.856,6.856,0.0
2011-07-01,6.856,6.856,6.856,6.856,0.0
2011-07-05,6.793,6.793,6.793,6.793,0.0
2011-07-06,6.808,6.808,6.808,6.808,0.0
2011-07-07,6.836,6.836,6.836,6.836,0.0
2011-07-08,6.903,6.903,6.903,6.903,0.0
2011-07-11,6.943,6.943,6.943,6.943,0.0
2011-07-12,6.943,6.943,6.943,6.943,0.0
2011-07-13,6.896,6.896,6.896,6.896,0.0
2011-07-14,6.874,6.874,6.874,6.874,0.0
2011-07-15,6.876,6.876,6.876,6.876,0.0
2011-07-18,6.856,6.856,6.856,6.856,0.0
2011-07-19,6.748,6.748,6.748,6.748,0.0
2011-07-20,6.699,6.699,6.699,6.699,0.0
2011-07-21,6.73,6.73,6.73,6.73,0.0
2011-07-22,6.706,6.706,6.706,6.706,0.0
2011-07-25,6.691,6.691,6.691,6.691,0.0
2011-07-26,6.686,6.686,6.686,6.686,0.0
2011-07-27,6.699,6.699,6.699,6.699,0.0
2011-07-28,6.725,6.725,6.725,6.725,0.0
2011-07-29,6.723,6.723,6.723,6.723,0.0
2011-08-01,6.777,6.777,6.777,6.777,0.0
2011-08-02,6.692,6.692,6.692,6.692,0.0
2011-08-03,6.643,6.643,6.643,6.643,0.0
2011-08-04,6.527,6.527,6.527,6.527,0.0
2011-08-05,6.464,6.464,6.464,6.464,0.0
2011-08-08,6.435,6.435,6.435,6.435,0.0
2011-08-09,6.411,6.411,6.411,6.411,0.0
2011-08-10,6.383,6.383,6.383,6.383,0.0
2011-08-11,6.436,6.436,6.436,6.436,0.0
2011-08-12,6.449,6.449,6.449,6.449,0.0
2011-08-15,6.513,6.513,6.513,6.513,0.0
2011-08-16,6.598,6.598,6.598,6.598,0.0
2011-08-17,6.565,6.565,6.565,6.565,0.0
2011-08-18,6.555,6.555,6.555,6.555,0.0
2011-08-19,6.593,6.593,6.593,6.593,0.0
2011-08-22,6.569,6.569,6.569,6.569,0.0
2011-08-23,6.587,6.587,6.587,6.587,0.0
2011-08-24,6.439,6.439,6.439,6.439,0.0
2011-08-25,6.43,6.43,6.43,6.43,0.0
2011-08-26,6.427,6.427,6.427,6.427,0.0
2011-08-29,6.396,6.396,6.396,6.396,0.0
2011-08-30,6.412,6.412,6.412,6.412,0.0
2011-08-31,6.42,6.42,6.42,6.42,0.0
2011-09-01,6.481,6.481,6.481,6.481,0.0
2011-09-02,6.471,6.471,6.471,6.471,0.0
2011-09-06,6.474,6.474,6.474,6.474,0.0
2011-09-07,6.441,6.441,6.441,6.441,0.0
2011-09-08,6.431,6.431,6.431,6.431,0.0
2011-09-09,6.378,6.378,6.378,6.378,0.0
2011-09-12,6.351,6.351,6.351,6.351,0.0
2011-09-13,6.373,6.373,6.373,6.373,0.0
2011-09-14,6.331,6.331,6.331,6.331,0.0
2011-09-15,6.311,6.311,6.311,6.311,0.0
2011-09-16,6.328,6.328,6.328,6.328,0.0
2011-09-19,6.318,6.318,6.318,6.318,0.0
2011-09-20,6.36,6.36,6.36,6.36,0.0
2011-09-21,6.36,6.36,6.36,6.36,0.0
2011-09-22,6.228,6.228,6.228,6.228,0.0
2011-09-23,6.234,6.234,6.234,6.234,0.0
2011-09-26,6.281,6.281,6.281,6.281,0.0
2011-09-27,6.363,6.363,6.363,6.363,0.0
2011-09-28,6.369,6.369,6.369,6.369,0.0
2011-09-29,6.35,6.35,6.35,6.35,0.0
2011-09-30,6.337,6.337,6.337,6.337,0.0
2011-10-03,6.323,6.323,6.323,6.323,0.0
2011-10-04,6.264,6.264,6.264,6.264,0.0
2011-10-05,6.237,6.237,6.237,6.237,0.0
2011-10-06,6.182,6.182,6.182,6.182,0.0
2011-10-07,6.144,6.144,6.144,6.144,0.0
2011-10-10,6.133,6.133,6.133,6.133,0.0
2011-10-11,6.103,6.103,6.103,6.103,0.0
2011-10-12,6.092,6.092,6.092,6.092,0.0
2011-10-13,6.119,6.119,6.119,6.119,0.0
2011-10-14,6.181,6.181,6.181,6.181,0.0
2011-10-17,6.168,6.168,6.168,6.168,0.0
2011-10-18,6.145,6.145,6.145,6.145,0.0
2011-10-19,6.147,6.147,6.147,6.147,0.0
2011-10-20,6.153,6.153,6.153,6.153,0.0
2011-10-21,6.155,6.155,6.155,6.155,0.0
2011-10-24,6.152,6.152,6.152,6.152,0.0
2011-10-25,6.188,6.188,6.188,6.188,0.0
2011-10-26,6.23,6.23,6.23,6.23,0.0
2011-10-27,6.235,6.235,6.235,6.235,0.0
2011-10-28,6.343,6.343,6.343,6.343,0.0
2011-10-31,6.343,6.343,6.343,6.343,0.0
2011-11-01,6.273,6.273,6.273,6.273,0.0
2011-11-02,6.232,6.232,6.232,6.232,0.0
2011-11-03,6.31,6.31,6.31,6.31,0.0
2011-11-04,6.3,6.3,6.3,6.3,0.0
2011-11-07,6.278,6.278,6.278,6.278,0.0
2011-11-08,6.236,6.236,6.236,6.236,0.0
2011-11-09,6.213,6.213,6.213,6.213,0.0
2011-11-10,6.163,6.163,6.163,6.163,0.0
2011-11-11,6.093,6.093,6.093,6.093,0.0
2011-11-14,6.071,6.071,6.071,6.071,0.0
2011-11-15,6.081,6.081,6.081,6.081,0.0
2011-11-16,6.056,6.056,6.056,6.056,0.0
2011-11-17,6.008,6.008,6.008,6.008,0.0
2011-11-18,5.967,5.967,5.967,5.967,0.0
2011-11-21,5.977,5.977,5.977,5.977,0.0
2011-11-22,5.956,5.956,5.956,5.956,0.0
2011-11-23,5.928,5.928,5.928,5.928,0.0
2011-11-25,5.967,5.967,5.967,5.967,0.0
2011-11-28,5.918,5.918,5.918,5.918,0.0
2011-11-29,6.024,6.024,6.024,6.024,0.0
2011-11-30,6.009,6.009,6.009,6.009,0.0
2011-12-01,5.994,5.994,5.994,5.994,0.0
2011-12-02,5.995,5.995,5.995,5.995,0.0
2011-12-05,5.995,5.995,5.995,5.995,0.0
2011-12-06,5.964,5.964,5.964,5.964,0.0
2011-12-07,6.018,6.018,6.018,6.018,0.0
2011-12-08,5.988,5.988,5.988,5.988,0.0
2011-12-09,5.956,5.956,5.956,5.956,0.0
2011-12-12,5.918,5.918,5.918,5.918,0.0
2011-12-13,5.837,5.837,5.837,5.837,0.0
2011-12-14,5.807,5.807,5.807,5.807,0.0
2011-12-15,5.769,5.769,5.769,5.769,0.0
2011-12-16,5.799,5.799,5.799,5.799,0.0
2011-12-19,5.796,5.796,5.796,5.796,0.0
2011-12-20,5.801,5.801,5.801,5.801,0.0
2011-12-21,5.758,5.758,5.758,5.758,0.0
2011-12-22,5.773,5.773,5.773,5.773,0.0
2011-12-23,5.758,5.758,5.758,5.758,0.0
2011-12-27,5.758,5.758,5.758,5.758,0.0
2011-12-28,5.748,5.748,5.748,5.748,0.0
2011-12-29,5.748,5.748,5.748,5.748,0.0
2011-12-30,5.748,5.748,5.748,5.748,0.0
2012-01-03,5.747,5.747,5.747,5.747,0.0
2012-01-04,5.752,5.752,5.752,5.752,0.0
2012-01-05,5.783,5.783,5.783,5.783,0.0
2012-01-06,5.823,5.823,5.823,5.823,0.0
2012-01-09,5.804,5.804,5.804,5.804,0.0
2012-01-10,5.766,5.766,5.766,5.766,0.0
2012-01-11,5.806,5.806,5.806,5.806,0.0
2012-01-12,5.783,5.783,5.783,5.783,0.0
2012-01-13,5.779,5.779,5.779,5.779,0.0
2012-01-17,5.754,5.754,5.754,5.754,0.0
2012-01-18,5.665,5.665,5.665,5.665,0.0
2012-01-19,5.671,5.671,5.671,5.671,0.0
2012-01-20,5.512,5.512,5.512,5.512,0.0
2012-01-23,5.512,5.512,5.512,5.512,0.0
2012-01-24,5.548,5.548,5.548,5.548,0.0
2012-01-25,5.562,5.562,5.562,5.562,0.0
2012-01-26,5.497,5.497,5.497,5.497,0.0
2012-01-27,5.529,5.529,5.529,5.529,0.0
2012-01-30,5.504,5.504,5.504,5.504,0.0
2012-01-31,5.459,5.459,5.459,5.459,0.0
2012-02-01,5.434,5.434,5.434,5.434,0.0
2012-02-02,5.53,5.53,5.53,5.53,0.0
2012-02-03,5.564,5.564,5.564,5.564,0.0
2012-02-06,5.613,5.613,5.613,5.613,0.0
2012-02-07,5.521,5.521,5.521,5.521,0.0
2012-02-08,5.461,5.461,5.461,5.461,0.0
2012-02-09,5.341,5.341,5.341,5.341,0.0
2012-02-10,5.347,5.347,5.347,5.347,0.0
2012-02-13,5.347,5.347,5.347,5.347,0.0
2012-02-14,5.361,5.361,5.361,5.361,0.0
2012-02-15,5.361,5.361,5.361,5.361,0.0
2012-02-16,5.329,5.329,5.329,5.329,0.0
2012-02-17,5.349,5.349,5.349,5.349,0.0
2012-02-21,5.318,5.318,5.318,5.318,0.0
2012-02-22,5.382,5.382,5.382,5.382,0.0
2012-02-23,5.382,5.382,5.382,5.382,0.0
2012-02-24,5.349,5.349,5.349,5.349,0.0
2012-02-27,5.311,5.311,5.311,5.311,0.0
2012-02-28,5.295,5.295,5.295,5.295,0.0
2012-02-29,5.305,5.305,5.305,5.305,0.0
2012-03-01,5.26,5.26,5.26,5.26,0.0
2012-03-02,5.299,5.299,5.299,5.299,0.0
2012-03-05,5.226,5.226,5.226,5.226,0.0
2012-03-06,5.154,5.154,5.154,5.154,0.0
2012-03-07,5.109,5.109,5.109,5.109,0.0
2012-03-08,5.11,5.11,5.11,5.11,0.0
2012-03-09,5.22,5.22,5.22,5.22,0.0
2012-03-12,5.31,5.31,5.199,5.199,2.0
2012-03-13,5.248,5.248,5.248,5.248,0.0
2012-03-14,5.314,5.314,5.314,5.314,0.0
2012-03-15,5.314,5.314,5.314,5.314,0.0
2012-03-16,5.293,5.293,5.293,5.293,0.0
2012-03-19,5.309,5.309,5.309,5.309,0.0
2012-03-20,5.278,5.278,5.278,5.278,0.0
2012-03-21,5.268,5.268,5.268,5.268,20.0
2012-03-22,5.255,5.255,5.255,5.255,0.0
2012-03-23,5.32,5.321,5.275,5.275,1.0
2012-03-26,5.287,5.287,5.287,5.287,0.0
2012-03-27,5.271,5.271,5.271,5.271,0.0
2012-03-28,5.283,5.283,5.283,5.283,0.0
2012-03-29,5.25,5.25,5.25,5.25,0.0
2012-03-30,5.318,5.318,5.318,5.318,0.0
2012-04-02,5.311,5.311,5.311,5.311,0.0
2012-04-03,5.311,5.311,5.311,5.311,0.0
2012-04-04,5.311,5.311,5.311,5.311,0.0
2012-04-05,5.275,5.275,5.275,5.275,0.0
2012-04-09,5.295,5.295,5.295,5.295,0.0
2012-04-10,5.274,5.274,5.274,5.274,0.0
2012-04-11,5.233,5.233,5.233,5.233,0.0
2012-04-12,5.146,5.146,5.146,5.146,0.0
2012-04-13,5.134,5.134,5.134,5.134,0.0
2012-04-16,5.104,5.104,5.104,5.104,0.0
2012-04-17,5.043,5.043,5.043,5.043,0.0
2012-04-18,5.06,5.06,5.021,5.021,2.0
2012-04-19,4.991,4.991,4.991,4.991,0.0
2012-04-20,4.928,4.928,4.928,4.928,0.0
2012-04-23,4.887,4.887,4.887,4.887,0.0
2012-04-24,4.921,4.921,4.921,4.921,0.0
2012-04-25,4.82,4.82,4.82,4.82,0.0
2012-04-26,4.88,4.88,4.844,4.844,2.0
2012-04-27,4.865,4.865,4.865,4.865,0.0
2012-04-30,4.905,4.905,4.905,4.905,0.0
2012-05-01,4.907,4.907,4.907,4.907,0.0
2012-05-02,4.91,4.91,4.91,4.91,0.0
2012-05-03,4.917,4.917,4.917,4.917,0.0
2012-05-04,4.909,4.909,4.909,4.909,0.0
2012-05-07,4.919,4.919,4.919,4.919,0.0
2012-05-08,4.912,4.912,4.912,4.912,0.0
2012-05-09,4.941,4.941,4.941,4.941,0.0
2012-05-10,4.926,4.926,4.926,4.926,0.0
2012-05-11,4.906,4.906,4.906,4.906,0.0
2012-05-14,4.914,4.914,4.914,4.914,0.0
2012-05-15,4.946,4.946,4.946,4.946,0.0
2012-05-16,4.974,4.974,4.974,4.974,0.0
2012-05-17,4.963,4.963,4.963,4.963,0.0
2012-05-18,5.005,5.005,5.005,5.005,0.0
2012-05-21,4.945,4.945,4.945,4.945,0.0
2012-05-22,4.986,4.986,4.986,4.986,0.0
2012-05-23,4.97,4.97,4.97,4.97,0.0
2012-05-24,4.979,4.979,4.979,4.979,0.0
2012-05-25,5.024,5.024,5.024,5.024,0.0
2012-05-29,4.99,4.99,4.99,4.99,0.0
2012-05-30,4.948,4.948,4.948,4.948,0.0
2012-05-31,5.018,5.018,5.018,5.018,0.0
2012-06-01,4.978,4.978,4.978,4.978,0.0
2012-06-04,4.98,4.98,4.98,4.98,0.0
2012-06-05,4.922,4.922,4.922,4.922,0.0
2012-06-06,4.917,4.917,4.917,4.917,0.0
2012-06-07,4.896,4.896,4.896,4.896,0.0
2012-06-08,4.917,4.917,4.917,4.917,0.0
2012-06-11,4.88,4.88,4.88,4.88,0.0
2012-06-12,4.88,4.88,4.88,4.88,0.0
2012-06-13,4.891,4.891,4.891,4.891,0.0
2012-06-14,4.916,4.916,4.916,4.916,0.0
2012-06-15,4.822,4.822,4.822,4.822,0.0
2012-06-18,4.768,4.768,4.768,4.768,0.0
2012-06-19,4.808,4.808,4.808,4.808,0.0
2012-06-20,4.808,4.808,4.808,4.808,0.0
2012-06-21,4.783,4.783,4.783,4.783,0.0
2012-06-22,4.755,4.755,4.755,4.755,0.0
2012-06-25,4.782,4.782,4.782,4.782,0.0
2012-06-26,4.827,4.827,4.827,4.827,0.0
2012-06-27,4.845,4.845,4.845,4.845,0.0
2012-06-28,4.843,4.843,4.843,4.843,0.0
2012-06-29,4.831,4.831,4.831,4.831,0.0
2012-07-02,4.842,4.842,4.842,4.842,0.0
2012-07-03,4.99,4.99,4.883,4.883,3.0
2012-07-05,4.886,4.886,4.886,4.886,0.0
2012-07-06,4.838,4.838,4.838,4.838,0.0
2012-07-09,4.887,4.887,4.887,4.887,0.0
2012-07-10,4.88,4.88,4.88,4.88,0.0
2012-07-11,4.927,4.927,4.927,4.927,0.0
2012-07-12,4.916,4.916,4.916,4.916,0.0
2012-07-13,4.919,4.919,4.919,4.919,0.0
2012-07-16,4.87,4.87,4.87,4.87,0.0
2012-07-17,5.0,5.0,5.0,5.0,0.0
2012-07-18,5.055,5.055,5.055,5.055,0.0
2012-07-19,5.014,5.014,5.014,5.014,0.0
2012-07-20,5.036,5.036,5.036,5.036,0.0
2012-07-23,5.045,5.045,5.045,5.045,0.0
2012-07-24,5.082,5.082,5.082,5.082,0.0
2012-07-25,5.089,5.089,5.089,5.089,0.0
2012-07-26,5.132,5.132,5.132,5.132,0.0
2012-07-27,5.134,5.134,5.134,5.134,0.0
2012-07-30,5.202,5.202,5.202,5.202,0.0
2012-07-31,5.162,5.162,5.162,5.162,0.0
2012-08-01,5.127,5.127,5.127,5.127,0.0
2012-08-02,5.007,5.007,5.007,5.007,0.0
2012-08-03,4.979,4.979,4.979,4.979,0.0
2012-08-06,5.215,5.215,5.215,5.215,0.0
2012-08-07,5.17,5.17,5.17,5.17,0.0
2012-08-08,5.378,5.378,5.378,5.378,0.0
2012-08-09,5.278,5.278,5.278,5.278,0.0
2012-08-10,5.215,5.215,5.215,5.215,0.0
2012-08-13,5.188,5.188,5.188,5.188,0.0
2012-08-14,5.23,5.23,5.23,5.23,0.0
2012-08-15,5.323,5.323,5.323,5.323,0.0
2012-08-16,5.296,5.296,5.296,5.296,0.0
2012-08-17,5.294,5.294,5.294,5.294,0.0
2012-08-20,5.333,5.333,5.333,5.333,0.0
2012-08-21,5.336,5.336,5.336,5.336,0.0
2012-08-22,5.327,5.327,5.327,5.327,0.0
2012-08-23,5.31,5.31,5.31,5.31,0.0
2012-08-24,5.272,5.272,5.272,5.272,0.0
2012-08-27,5.247,5.247,5.247,5.247,0.0
2012-08-28,5.192,5.192,5.192,5.192,0.0
2012-08-29,5.213,5.213,5.213,5.213,0.0
2012-08-30,5.22,5.22,5.22,5.22,0.0
2012-08-31,5.204,5.204,5.204,5.204,0.0
2012-09-04,5.206,5.206,5.206,5.206,0.0
2012-09-05,5.196,5.196,5.196,5.196,0.0
2012-09-06,5.192,5.192,5.192,5.192,0.0
2012-09-07,5.142,5.142,5.142,5.142,0.0
2012-09-10,5.13,5.13,5.13,5.13,0.0
2012-09-11,5.17,5.17,5.17,5.17,0.0
2012-09-12,5.245,5.245,5.245,5.245,0.0
2012-09-13,5.25,5.25,5.25,5.25,0.0
2012-09-14,5.24,5.24,5.24,5.24,0.0
2012-09-17,5.221,5.221,5.221,5.221,0.0
2012-09-18,5.312,5.312,5.312,5.312,0.0
2012-09-19,5.312,5.312,5.312,5.312,0.0
2012-09-20,5.316,5.316,5.316,5.316,0.0
2012-09-21,5.375,5.375,5.375,5.375,0.0
2012-09-24,5.359,5.359,5.359,5.359,0.0
2012-09-25,5.376,5.376,5.376,5.376,0.0
2012-09-26,5.362,5.362,5.362,5.362,0.0
2012-09-27,5.386,5.386,5.386,5.386,0.0
2012-09-28,5.398,5.398,5.398,5.398,0.0
2012-10-01,5.419,5.419,5.419,5.419,0.0
2012-10-02,5.375,5.375,5.375,5.375,0.0
2012-10-03,5.353,5.353,5.353,5.353,0.0
2012-10-04,5.352,5.352,5.352,5.352,0.0
2012-10-05,5.402,5.402,5.402,5.402,0.0
2012-10-08,5.441,5.441,5.441,5.441,0.0
2012-10-09,5.447,5.447,5.447,5.447,0.0
2012-10-10,5.423,5.423,5.423,5.423,0.0
2012-10-11,5.451,5.451,5.451,5.451,0.0
2012-10-12,5.412,5.412,5.412,5.412,0.0
2012-10-15,5.378,5.378,5.378,5.378,0.0
2012-10-16,5.384,5.384,5.384,5.384,0.0
2012-10-17,5.432,5.432,5.432,5.432,0.0
2012-10-18,5.38,5.38,5.38,5.38,0.0
2012-10-19,5.378,5.378,5.378,5.378,0.0
2012-10-22,5.383,5.383,5.383,5.383,0.0
2012-10-23,5.417,5.417,5.417,5.417,0.0
2012-10-24,5.392,5.392,5.392,5.392,0.0
2012-10-25,5.422,5.422,5.422,5.422,0.0
2012-10-26,5.431,5.431,5.431,5.431,0.0
2012-10-29,5.5,5.5,5.5,5.5,0.0
2012-10-30,5.431,5.431,5.431,5.431,0.0
2012-10-31,5.434,5.434,5.434,5.434,0.0
2012-11-01,5.441,5.441,5.441,5.441,0.0
2012-11-02,5.34,5.34,5.34,5.34,0.0
2012-11-05,5.297,5.297,5.297,5.297,0.0
2012-11-06,5.346,5.346,5.346,5.346,0.0
2012-11-07,5.322,5.322,5.322,5.322,0.0
2012-11-08,5.365,5.365,5.365,5.365,0.0
2012-11-09,5.304,5.304,5.304,5.304,0.0
2012-11-12,5.354,5.354,5.354,5.354,0.0
2012-11-13,5.393,5.393,5.393,5.393,0.0
2012-11-14,5.36,5.36,5.36,5.36,0.0
2012-11-15,5.281,5.281,5.281,5.281,0.0
2012-11-16,5.279,5.279,5.279,5.279,0.0
2012-11-19,5.244,5.244,5.244,5.244,0.0
2012-11-20,5.285,5.285,5.285,5.285,0.0
2012-11-21,5.254,5.254,5.254,5.254,0.0
2012-11-23,5.241,5.241,5.241,5.241,0.0
2012-11-26,5.21,5.21,5.21,5.21,0.0
2012-11-27,5.245,5.245,5.245,5.245,0.0
2012-11-28,5.237,5.237,5.237,5.237,0.0
2012-11-29,5.25,5.25,5.161,5.161,1.0
2012-11-30,5.142,5.142,5.142,5.142,0.0
2012-12-03,5.176,5.176,5.176,5.176,0.0
2012-12-04,5.151,5.151,5.151,5.151,0.0
2012-12-05,5.181,5.181,5.181,5.181,0.0
2012-12-06,5.173,5.173,5.173,5.173,0.0
2012-12-07,5.15,5.15,5.15,5.15,0.0
2012-12-10,5.172,5.172,5.172,5.172,0.0
2012-12-11,5.145,5.145,5.145,5.145,0.0
2012-12-12,5.139,5.139,5.139,5.139,0.0
2012-12-13,5.146,5.146,5.146,5.146,0.0
2012-12-14,5.142,5.142,5.142,5.142,0.0
2012-12-17,5.197,5.197,5.197,5.197,0.0
2012-12-18,5.334,5.334,5.334,5.334,0.0
2012-12-19,5.304,5.304,5.304,5.304,0.0
2012-12-20,5.37,5.37,5.37,5.37,0.0
2012-12-21,5.352,5.352,5.352,5.352,0.0
2012-12-24,5.315,5.315,5.315,5.315,0.0
2012-12-26,5.335,5.335,5.335,5.335,0.0
2012-12-27,5.318,5.318,5.318,5.318,0.0
2012-12-28,5.313,5.313,5.313,5.313,0.0
2012-12-31,5.272,5.272,5.272,5.272,0.0
2013-01-02,5.236,5.236,5.236,5.236,0.0
2013-01-03,5.231,5.231,5.231,5.231,0.0
2013-01-04,5.289,5.289,5.289,5.289,0.0
2013-01-07,5.27,5.27,5.27,5.27,0.0
2013-01-08,5.248,5.248,5.248,5.248,0.0
2013-01-09,5.228,5.228,5.228,5.228,0.0
2013-01-10,5.24,5.24,5.24,5.24,0.0
2013-01-11,5.201,5.201,5.201,5.201,0.0
2013-01-14,5.188,5.188,5.188,5.188,0.0
2013-01-15,5.198,5.198,5.198,5.198,0.0
2013-01-16,5.198,5.198,5.198,5.198,0.0
2013-01-17,5.187,5.187,5.187,5.187,0.0
2013-01-18,5.218,5.218,5.218,5.218,0.0
2013-01-22,5.212,5.212,5.212,5.212,0.0
2013-01-23,5.247,5.247,5.247,5.247,0.0
2013-01-24,5.218,5.218,5.218,5.218,0.0
2013-01-25,5.238,5.238,5.238,5.238,0.0
2013-01-28,5.26,5.28,5.178,5.178,2.0
2013-01-29,5.149,5.149,5.149,5.149,0.0
2013-01-30,5.173,5.173,5.173,5.173,0.0
2013-01-31,5.18,5.18,5.164,5.164,2.0
2013-02-01,5.121,5.121,5.121,5.121,0.0
2013-02-04,5.141,5.141,5.141,5.141,0.0
2013-02-05,5.143,5.143,5.143,5.143,0.0
2013-02-06,5.138,5.138,5.138,5.138,0.0
2013-02-07,5.114,5.114,5.114,5.114,0.0
2013-02-08,5.2,5.201,5.159,5.159,2.0
2013-02-11,5.169,5.169,5.169,5.169,0.0
2013-02-12,5.186,5.186,5.186,5.186,0.0
2013-02-13,5.2,5.215,5.2,5.215,1.0
2013-02-14,5.191,5.191,5.191,5.191,0.0
2013-02-15,5.172,5.172,5.172,5.172,0.0
2013-02-19,5.213,5.213,5.213,5.213,0.0
2013-02-20,5.191,5.191,5.191,5.191,0.0
2013-02-21,5.164,5.164,5.164,5.164,0.0
2013-02-22,5.161,5.161,5.161,5.161,0.0
2013-02-25,5.162,5.162,5.162,5.162,0.0
2013-02-26,5.166,5.166,5.166,5.166,0.0
2013-02-27,5.159,5.159,5.159,5.159,0.0
2013-02-28,5.18,5.18,5.18,5.18,0.0
2013-03-01,5.201,5.201,5.201,5.201,0.0
2013-03-04,5.246,5.246,5.246,5.246,0.0
2013-03-05,5.234,5.234,5.234,5.234,0.0
2013-03-06,5.204,5.204,5.204,5.204,0.0
2013-03-07,5.238,5.238,5.238,5.238,0.0
2013-03-08,5.234,5.234,5.234,5.234,0.0
2013-03-11,5.227,5.227,5.227,5.227,0.0
2013-03-12,5.25,5.25,5.197,5.197,2.0
2013-03-13,5.21,5.21,5.208,5.208,1.0
2013-03-14,5.22,5.22,5.2,5.2,2.0
2013-03-15,5.203,5.203,5.203,5.203,0.0
2013-03-18,5.188,5.188,5.188,5.188,0.0
2013-03-19,5.213,5.213,5.213,5.213,0.0
2013-03-20,5.207,5.207,5.207,5.207,0.0
2013-03-21,5.144,5.144,5.144,5.144,0.0
2013-03-22,5.136,5.136,5.136,5.136,0.0
2013-03-25,5.135,5.135,5.102,5.102,2.0
2013-03-26,5.15,5.15,5.114,5.114,2.0
2013-03-27,5.049,5.049,5.049,5.049,0.0
2013-03-28,4.966,4.966,4.966,4.966,0.0
2013-04-01,4.955,4.955,4.955,4.955,0.0
2013-04-02,4.918,4.918,4.918,4.918,0.0
2013-04-03,4.966,4.966,4.966,4.966,0.0
2013-04-04,4.978,4.978,4.978,4.978,0.0
2013-04-05,4.955,4.955,4.955,4.955,0.0
2013-04-08,4.871,4.871,4.871,4.871,0.0
2013-04-09,4.701,4.701,4.701,4.701,0.0
2013-04-10,4.645,4.645,4.645,4.645,0.0
2013-04-11,4.724,4.724,4.724,4.724,0.0
2013-04-12,4.878,4.878,4.878,4.878,0.0
2013-04-15,4.889,4.889,4.889,4.889,0.0
2013-04-16,4.97,4.97,4.97,4.97,0.0
2013-04-17,4.974,4.974,4.974,4.974,0.0
2013-04-18,4.964,4.964,4.964,4.964,0.0
2013-04-19,5.05,5.05,4.963,4.963,1.0
2013-04-22,4.956,4.956,4.956,4.956,0.0
2013-04-23,4.944,4.944,4.944,4.944,0.0
2013-04-24,4.836,4.836,4.836,4.836,0.0
2013-04-25,4.849,4.849,4.849,4.849,0.0
2013-04-26,4.851,4.851,4.851,4.851,0.0
2013-04-29,4.864,4.864,4.864,4.864,0.0
2013-04-30,4.865,4.865,4.865,4.865,0.0
2013-05-01,4.85,4.85,4.85,4.85,0.0
2013-05-02,4.853,4.853,4.853,4.853,0.0
2013-05-03,4.916,4.916,4.916,4.916,0.0
2013-05-06,4.967,4.967,4.967,4.967,0.0
2013-05-07,4.966,4.966,4.966,4.966,0.0
2013-05-08,4.95,4.95,4.95,4.95,0.0
2013-05-09,4.912,4.912,4.912,4.912,0.0
2013-05-10,4.889,4.889,4.889,4.889,0.0
2013-05-13,4.899,4.899,4.899,4.899,0.0
2013-05-14,4.93,4.93,4.93,4.93,0.0
2013-05-15,4.912,4.912,4.912,4.912,0.0
2013-05-16,4.909,4.909,4.909,4.909,0.0
2013-05-17,5.066,5.066,5.066,5.066,0.0
2013-05-20,5.231,5.231,5.231,5.231,0.0
2013-05-21,5.298,5.298,5.298,5.298,0.0
2013-05-22,5.394,5.394,5.394,5.394,0.0
2013-05-23,5.382,5.382,5.382,5.382,0.0
2013-05-24,5.373,5.373,5.373,5.373,0.0
2013-05-28,5.362,5.362,5.362,5.362,0.0
2013-05-29,5.353,5.353,5.353,5.353,0.0
2013-05-30,5.313,5.313,5.313,5.313,0.0
2013-05-31,5.335,5.335,5.335,5.335,0.0
2013-06-03,5.35,5.35,5.35,5.35,0.0
2013-06-04,5.327,5.327,5.327,5.327,0.0
2013-06-05,5.299,5.299,5.299,5.299,0.0
2013-06-06,5.244,5.244,5.244,5.244,0.0
2013-06-07,5.27,5.27,5.27,5.27,0.0
2013-06-10,5.254,5.254,5.254,5.254,0.0
2013-06-11,5.179,5.179,5.179,5.179,0.0
2013-06-12,5.143,5.143,5.143,5.143,0.0
2013-06-13,5.147,5.147,5.147,5.147,0.0
2013-06-14,5.132,5.132,5.132,5.132,0.0
2013-06-17,5.168,5.168,5.168,5.168,0.0
2013-06-18,5.225,5.225,5.225,5.225,0.0
2013-06-19,5.192,5.192,5.192,5.192,0.0
2013-06-20,5.173,5.173,5.173,5.173,0.0
2013-06-21,5.248,5.248,5.248,5.248,0.0
2013-06-24,5.349,5.349,5.349,5.349,0.0
2013-06-25,5.411,5.411,5.411,5.411,0.0
2013-06-26,5.458,5.458,5.458,5.458,0.0
2013-06-27,5.397,5.397,5.397,5.397,0.0
2013-06-28,5.429,5.429,5.429,5.429,0.0
2013-07-01,5.364,5.364,5.364,5.364,0.0
2013-07-02,5.399,5.399,5.399,5.399,0.0
2013-07-03,5.421,5.421,5.421,5.421,0.0
2013-07-05,5.38,5.38,5.38,5.38,0.0
2013-07-08,5.427,5.427,5.427,5.427,0.0
2013-07-09,5.337,5.337,5.337,5.337,0.0
2013-07-10,5.323,5.323,5.323,5.323,0.0
2013-07-11,5.32,5.32,5.32,5.32,0.0
2013-07-12,5.32,5.32,5.32,5.32,0.0
2013-07-15,5.341,5.341,5.341,5.341,0.0
2013-07-16,5.34,5.34,5.34,5.34,0.0
2013-07-17,5.342,5.342,5.342,5.342,0.0
2013-07-18,5.292,5.292,5.292,5.292,0.0
2013-07-19,5.246,5.246,5.246,5.246,0.0
2013-07-22,5.222,5.222,5.222,5.222,0.0
2013-07-23,5.191,5.191,5.191,5.191,0.0
2013-07-24,5.21,5.21,5.21,5.21,0.0
2013-07-25,5.235,5.235,5.235,5.235,0.0
2013-07-26,5.18,5.18,5.18,5.18,0.0
2013-07-29,5.18,5.18,5.18,5.18,0.0
2013-07-30,5.147,5.147,5.147,5.147,0.0
2013-07-31,5.165,5.165,5.165,5.165,0.0
2013-08-01,5.141,5.141,5.141,5.141,0.0
2013-08-02,5.126,5.126,5.126,5.126,0.0
2013-08-05,5.115,5.115,5.115,5.115,0.0
2013-08-06,5.098,5.098,5.098,5.098,0.0
2013-08-07,5.118,5.118,5.118,5.118,0.0
2013-08-08,5.094,5.094,5.094,5.094,0.0
2013-08-09,5.064,5.064,5.064,5.064,0.0
2013-08-12,5.004,5.004,5.004,5.004,0.0
2013-08-13,4.936,4.936,4.936,4.936,0.0
2013-08-14,4.887,4.887,4.887,4.887,0.0
2013-08-15,4.915,4.915,4.915,4.915,0.0
2013-08-16,4.897,4.897,4.897,4.897,0.0
2013-08-19,4.908,4.908,4.908,4.908,0.0
2013-08-20,4.894,4.894,4.894,4.894,0.0
2013-08-21,4.858,4.858,4.858,4.858,0.0
2013-08-22,4.885,4.885,4.885,4.885,0.0
2013-08-23,4.855,4.855,4.855,4.855,0.0
2013-08-26,4.815,4.815,4.815,4.815,0.0
2013-08-27,4.765,4.765,4.765,4.765,0.0
2013-08-28,4.787,4.787,4.787,4.787,0.0
2013-08-29,4.797,4.797,4.797,4.797,0.0
2013-08-30,4.809,4.809,4.809,4.809,0.0
2013-09-03,4.818,4.818,4.818,4.818,0.0
2013-09-04,4.785,4.785,4.785,4.785,0.0
2013-09-05,4.771,4.771,4.771,4.771,0.0
2013-09-06,4.773,4.773,4.773,4.773,0.0
2013-09-09,4.768,4.768,4.768,4.768,0.0
2013-09-10,4.782,4.782,4.782,4.782,0.0
2013-09-11,4.769,4.769,4.769,4.769,0.0
2013-09-12,4.758,4.758,4.758,4.758,0.0
2013-09-13,4.778,4.778,4.778,4.778,0.0
2013-09-16,4.78,4.78,4.78,4.78,0.0
2013-09-17,4.755,4.755,4.755,4.755,0.0
2013-09-18,4.808,4.808,4.808,4.808,0.0
2013-09-19,4.836,4.836,4.836,4.836,0.0
2013-09-20,4.822,4.822,4.822,4.822,0.0
2013-09-23,4.783,4.783,4.783,4.783,0.0
2013-09-24,4.763,4.763,4.763,4.763,0.0
2013-09-25,4.745,4.745,4.745,4.745,0.0
2013-09-26,4.811,4.811,4.811,4.811,0.0
2013-09-27,4.836,4.836,4.836,4.836,0.0
2013-09-30,4.786,4.786,4.786,4.786,0.0
2013-10-01,4.806,4.806,4.806,4.806,0.0
2013-10-02,4.765,4.765,4.765,4.765,0.0
2013-10-03,4.766,4.766,4.766,4.766,0.0
2013-10-04,4.774,4.774,4.774,4.774,0.0
2013-10-07,4.791,4.791,4.791,4.791,0.0
2013-10-08,4.814,4.814,4.814,4.814,0.0
2013-10-09,4.802,4.802,4.802,4.802,0.0
2013-10-10,4.797,4.797,4.797,4.797,0.0
2013-10-11,4.747,4.747,4.747,4.747,0.0
2013-10-14,4.764,4.764,4.764,4.764,0.0
2013-10-15,4.727,4.727,4.727,4.727,0.0
2013-10-16,4.669,4.669,4.669,4.669,0.0
2013-10-17,4.719,4.719,4.719,4.719,0.0
2013-10-18,4.73,4.73,4.73,4.73,0.0
2013-10-21,4.726,4.726,4.726,4.726,0.0
2013-10-22,4.752,4.752,4.752,4.752,0.0
2013-10-23,4.758,4.758,4.758,4.758,0.0
2013-10-24,4.751,4.751,4.751,4.751,0.0
2013-10-25,4.782,4.782,4.782,4.782,0.0
2013-10-28,4.735,4.735,4.735,4.735,0.0
2013-10-29,4.726,4.726,4.726,4.726,0.0
2013-10-30,4.712,4.712,4.712,4.712,0.0
2013-10-31,4.643,4.643,4.643,4.643,0.0
2013-11-01,4.568,4.568,4.568,4.568,0.0
2013-11-04,4.539,4.539,4.539,4.539,0.0
2013-11-05,4.521,4.521,4.521,4.521,0.0
2013-11-06,4.533,4.533,4.533,4.533,0.0
2013-11-07,4.527,4.527,4.527,4.527,0.0
2013-11-08,4.498,4.498,4.498,4.498,0.0
2013-11-11,4.507,4.507,4.507,4.507,0.0
2013-11-12,4.492,4.492,4.492,4.492,0.0
2013-11-13,4.452,4.452,4.452,4.452,0.0
2013-11-14,4.43,4.43,4.43,4.43,0.0
2013-11-15,4.431,4.431,4.431,4.431,0.0
2013-11-18,4.435,4.435,4.435,4.435,0.0
2013-11-19,4.393,4.393,4.393,4.393,0.0
2013-11-20,4.425,4.425,4.425,4.425,0.0
2013-11-21,4.408,4.408,4.408,4.408,0.0
2013-11-22,4.41,4.41,4.41,4.41,0.0
2013-11-25,4.59,4.59,4.421,4.421,1.0
2013-11-26,4.408,4.408,4.408,4.408,0.0
2013-11-27,4.41,4.41,4.41,4.41,0.0
2013-11-29,4.403,4.403,4.403,4.403,0.0
2013-12-02,4.493,4.493,4.493,4.493,0.0
2013-12-03,4.562,4.562,4.562,4.562,0.0
2013-12-04,4.647,4.647,4.647,4.647,0.0
2013-12-05,4.626,4.626,4.626,4.626,0.0
2013-12-06,4.62,4.62,4.602,4.602,1.0
2013-12-09,4.518,4.518,4.518,4.518,0.0
2013-12-10,4.485,4.485,4.485,4.485,3.0
2013-12-11,4.454,4.454,4.454,4.454,0.0
2013-12-12,4.364,4.364,4.364,4.364,0.0
2013-12-13,4.366,4.366,4.366,4.366,0.0
2013-12-16,4.405,4.405,4.405,4.405,0.0
2013-12-17,4.378,4.378,4.378,4.378,0.0
2013-12-18,4.345,4.345,4.345,4.345,0.0
2013-12-19,4.361,4.361,4.361,4.361,0.0
2013-12-20,4.321,4.321,4.321,4.321,0.0
2013-12-23,4.306,4.306,4.306,4.306,0.0
2013-12-24,4.333,4.333,4.333,4.333,0.0
2013-12-26,4.33,4.33,4.33,4.33,0.0
2013-12-27,4.342,4.342,4.342,4.342,0.0
2013-12-30,4.332,4.332,4.332,4.332,0.0
2013-12-31,4.265,4.265,4.265,4.265,0.0
2014-01-02,4.28,4.28,4.28,4.28,0.0
2014-01-03,4.306,4.306,4.306,4.306,0.0
2014-01-06,4.312,4.312,4.312,4.312,0.0
2014-01-07,4.33,4.33,4.33,4.33,0.0
2014-01-08,4.339,4.339,4.339,4.339,0.0
2014-01-09,4.285,4.285,4.285,4.285,0.0
2014-01-10,4.352,4.352,4.352,4.352,0.0
2014-01-13,4.273,4.273,4.273,4.273,0.0
2014-01-14,4.27,4.27,4.27,4.27,0.0
2014-01-15,4.256,4.256,4.256,4.256,0.0
2014-01-16,4.251,4.251,4.251,4.251,0.0
2014-01-17,4.241,4.241,4.241,4.241,0.0
2014-01-21,4.289,4.289,4.289,4.289,0.0
2014-01-22,4.289,4.289,4.289,4.289,0.0
2014-01-23,4.283,4.283,4.283,4.283,0.0
2014-01-24,4.285,4.285,4.285,4.285,0.0
2014-01-27,4.324,4.324,4.324,4.324,100.0
2014-01-28,4.31,4.31,4.31,4.31,0.0
2014-01-29,4.304,4.304,4.304,4.304,0.0
2014-01-30,4.316,4.316,4.316,4.316,0.0
2014-01-31,4.313,4.313,4.313,4.313,0.0
2014-02-03,4.352,4.352,4.352,4.352,0.0
2014-02-04,4.328,4.328,4.328,4.328,0.0
2014-02-05,4.293,4.293,4.293,4.293,0.0
2014-02-06,4.238,4.238,4.238,4.238,0.0
2014-02-07,4.237,4.237,4.237,4.237,0.0
2014-02-10,4.202,4.202,4.202,4.202,0.0
2014-02-11,4.22,4.22,4.097,4.097,1.0
2014-02-12,4.103,4.103,4.103,4.103,0.0
2014-02-13,4.089,4.089,4.089,4.089,0.0
2014-02-14,4.099,4.099,4.099,4.099,0.0
2014-02-18,4.1,4.1,4.1,4.1,0.0
2014-02-19,4.13,4.13,4.13,4.13,0.0
2014-02-20,4.195,4.195,4.195,4.195,0.0
2014-02-21,4.217,4.217,4.217,4.217,0.0
2014-02-24,4.244,4.244,4.244,4.244,0.0
2014-02-25,4.22,4.257,4.22,4.257,27.0
2014-02-26,4.214,4.214,4.214,4.214,0.0
2014-02-27,4.161,4.161,4.161,4.161,0.0
2014-02-28,4.131,4.131,4.131,4.131,0.0
2014-03-03,4.129,4.129,4.129,4.129,0.0
2014-03-04,4.157,4.157,4.157,4.157,0.0
2014-03-05,4.177,4.177,4.177,4.177,0.0
2014-03-06,4.297,4.297,4.297,4.297,0.0
2014-03-07,4.259,4.259,4.259,4.259,0.0
2014-03-10,4.269,4.269,4.269,4.269,0.0
2014-03-11,4.25,4.25,4.25,4.25,0.0
2014-03-12,4.299,4.299,4.299,4.299,0.0
2014-03-13,4.371,4.371,4.371,4.371,0.0
2014-03-14,4.461,4.461,4.461,4.461,0.0
2014-03-17,4.443,4.443,4.443,4.443,0.0
2014-03-18,4.393,4.393,4.393,4.393,0.0
2014-03-19,4.436,4.436,4.436,4.436,0.0
2014-03-20,4.465,4.465,4.465,4.465,0.0
2014-03-21,4.455,4.455,4.455,4.455,0.0
2014-03-24,4.48,4.48,4.48,4.48,0.0
2014-03-25,4.505,4.505,4.505,4.505,0.0
2014-03-26,4.524,4.524,4.524,4.524,0.0
2014-03-27,4.521,4.521,4.521,4.521,0.0
2014-03-28,4.501,4.501,4.501,4.501,0.0
2014-03-31,4.501,4.501,4.501,4.501,0.0
2014-04-01,4.46,4.46,4.46,4.46,0.0
2014-04-02,4.475,4.475,4.475,4.475,0.0
2014-04-03,4.552,4.552,4.552,4.552,0.0
2014-04-04,4.558,4.558,4.558,4.558,0.0
2014-04-07,4.578,4.578,4.578,4.578,0.0
2014-04-08,4.572,4.572,4.572,4.572,0.0
2014-04-09,4.627,4.627,4.627,4.627,0.0
2014-04-10,4.663,4.663,4.663,4.663,0.0
2014-04-11,4.666,4.666,4.666,4.666,0.0
2014-04-14,4.664,4.664,4.664,4.664,0.0
2014-04-15,4.681,4.681,4.681,4.681,0.0
2014-04-16,4.686,4.686,4.686,4.686,0.0
2014-04-17,4.687,4.687,4.687,4.687,0.0
2014-04-21,4.648,4.648,4.648,4.648,0.0
2014-04-22,4.669,4.669,4.669,4.669,0.0
2014-04-23,4.662,4.662,4.662,4.662,0.0
2014-04-24,4.66,4.701,4.66,4.701,20.0
2014-04-25,4.69,4.69,4.69,4.69,0.0
2014-04-28,4.703,4.703,4.703,4.703,0.0
2014-04-29,4.753,4.753,4.753,4.753,0.0
2014-04-30,4.759,4.759,4.759,4.759,0.0
2014-05-01,4.763,4.763,4.763,4.763,0.0
2014-05-02,4.751,4.751,4.751,4.751,0.0
2014-05-05,4.738,4.738,4.738,4.738,0.0
2014-05-06,4.754,4.754,4.754,4.754,0.0
2014-05-07,4.759,4.759,4.759,4.759,0.0
2014-05-08,4.769,4.769,4.769,4.769,0.0
2014-05-09,4.804,4.804,4.804,4.804,0.0
2014-05-12,4.774,4.774,4.774,4.774,0.0
2014-05-13,4.774,4.774,4.774,4.774,0.0
2014-05-14,4.792,4.792,4.792,4.792,0.0
2014-05-15,4.753,4.753,4.753,4.753,0.0
2014-05-16,4.713,4.713,4.713,4.713,0.0
2014-05-19,4.714,4.714,4.714,4.714,0.0
2014-05-20,4.709,4.709,4.709,4.709,0.0
2014-05-21,4.714,4.714,4.714,4.714,0.0
2014-05-22,4.692,4.692,4.692,4.692,0.0
2014-05-23,4.712,4.712,4.712,4.712,0.0
2014-05-27,4.735,4.735,4.735,4.735,0.0
2014-05-28,4.723,4.723,4.723,4.723,0.0
2014-05-29,4.726,4.726,4.726,4.726,0.0
2014-05-30,4.722,4.722,4.722,4.722,0.0
2014-06-02,4.757,4.757,4.757,4.757,0.0
2014-06-03,4.734,4.734,4.734,4.734,0.0
2014-06-04,4.729,4.729,4.729,4.729,0.0
2014-06-05,4.747,4.747,4.747,4.747,0.0
2014-06-06,4.763,4.763,4.763,4.763,0.0
2014-06-09,4.749,4.749,4.749,4.749,0.0
2014-06-10,4.792,4.792,4.792,4.792,0.0
2014-06-11,4.783,4.783,4.783,4.783,0.0
2014-06-12,4.778,4.778,4.778,4.778,0.0
2014-06-13,4.807,4.807,4.807,4.807,0.0
2014-06-16,4.806,4.806,4.806,4.806,0.0
2014-06-17,4.846,4.846,4.846,4.846,0.0
2014-06-18,4.86,4.86,4.86,4.86,0.0
2014-06-19,4.882,4.882,4.882,4.882,0.0
2014-06-20,4.842,4.842,4.842,4.842,0.0
2014-06-23,4.83,4.83,4.83,4.83,0.0
2014-06-24,4.826,4.826,4.826,4.826,0.0
2014-06-25,4.835,4.835,4.835,4.835,0.0
2014-06-26,4.765,4.765,4.765,4.765,0.0
2014-06-27,4.75,4.75,4.75,4.75,0.0
2014-06-30,4.769,4.769,4.769,4.769,0.0
2014-07-01,4.785,4.785,4.785,4.785,0.0
2014-07-02,4.76,4.76,4.76,4.76,0.0
2014-07-03,4.755,4.755,4.755,4.755,0.0
2014-07-07,4.729,4.729,4.729,4.729,0.0
2014-07-08,4.705,4.705,4.705,4.705,0.0
2014-07-09,4.671,4.671,4.671,4.671,0.0
2014-07-10,4.618,4.618,4.618,4.618,0.0
2014-07-11,4.612,4.612,4.612,4.612,0.0
2014-07-14,4.608,4.608,4.608,4.608,0.0
2014-07-15,4.593,4.593,4.593,4.593,0.0
2014-07-16,4.608,4.608,4.608,4.608,0.0
2014-07-17,4.599,4.599,4.599,4.599,0.0
2014-07-18,4.626,4.626,4.626,4.626,0.0
2014-07-21,4.607,4.607,4.607,4.607,0.0
2014-07-22,4.561,4.561,4.561,4.561,0.0
2014-07-23,4.537,4.537,4.537,4.537,0.0
2014-07-24,4.518,4.518,4.518,4.518,0.0
2014-07-25,4.513,4.513,4.513,4.513,0.0
2014-07-28,4.5,4.5,4.5,4.5,0.0
2014-07-29,4.431,4.431,4.431,4.431,0.0
2014-07-30,4.458,4.458,4.458,4.458,0.0
2014-07-31,4.484,4.484,4.484,4.484,0.0
2014-08-01,4.512,4.512,4.512,4.512,0.0
2014-08-04,4.507,4.507,4.507,4.507,0.0
2014-08-05,4.52,4.52,4.484,4.484,1.0
2014-08-06,4.49,4.49,4.474,4.474,1.0
2014-08-07,4.488,4.488,4.488,4.488,0.0
2014-08-08,4.494,4.494,4.494,4.494,0.0
2014-08-11,4.449,4.449,4.449,4.449,0.0
2014-08-12,4.45,4.45,4.431,4.431,1.0
2014-08-13,4.415,4.415,4.415,4.415,0.0
2014-08-14,4.426,4.426,4.426,4.426,0.0
2014-08-15,4.391,4.391,4.391,4.391,0.0
2014-08-18,4.391,4.391,4.391,4.391,0.0
2014-08-19,4.395,4.395,4.394,4.394,1.0
2014-08-20,4.395,4.395,4.374,4.374,1.0
2014-08-21,4.387,4.387,4.387,4.387,0.0
2014-08-22,4.383,4.383,4.383,4.383,0.0
2014-08-25,4.391,4.391,4.391,4.391,0.0
2014-08-26,4.39,4.39,4.39,4.39,0.0
2014-08-27,4.415,4.415,4.415,4.415,0.0
2014-08-28,4.411,4.411,4.411,4.411,2.0
2014-08-29,4.403,4.403,4.403,4.403,0.0
2014-09-02,4.381,4.381,4.381,4.381,0.0
2014-09-03,4.392,4.392,4.392,4.392,0.0
2014-09-04,4.405,4.405,4.405,4.405,0.0
2014-09-05,4.39,4.39,4.39,4.39,0.0
2014-09-08,4.374,4.374,4.374,4.374,0.0
2014-09-09,4.362,4.362,4.362,4.362,0.0
2014-09-10,4.382,4.382,4.382,4.382,0.0
2014-09-11,4.401,4.401,4.401,4.401,0.0
2014-09-12,4.375,4.375,4.375,4.375,0.0
2014-09-15,4.364,4.364,4.364,4.364,0.0
2014-09-16,4.369,4.369,4.369,4.369,0.0
2014-09-17,4.363,4.363,4.363,4.363,0.0
2014-09-18,4.342,4.342,4.342,4.342,0.0
2014-09-19,4.34,4.34,4.34,4.34,0.0
2014-09-22,4.325,4.325,4.325,4.325,0.0
2014-09-23,4.319,4.319,4.319,4.319,0.0
2014-09-24,4.344,4.344,4.344,4.344,0.0
2014-09-25,4.343,4.343,4.343,4.343,0.0
2014-09-26,4.323,4.323,4.323,4.323,0.0
2014-09-29,4.334,4.334,4.334,4.334,0.0
2014-09-30,4.366,4.366,4.366,4.366,0.0
2014-10-01,4.339,4.339,4.339,4.339,0.0
2014-10-02,4.357,4.357,4.357,4.357,0.0
2014-10-03,4.334,4.334,4.334,4.334,0.0
2014-10-06,4.334,4.334,4.334,4.334,0.0
2014-10-07,4.337,4.337,4.337,4.337,0.0
2014-10-08,4.334,4.337,4.334,4.337,1.0
2014-10-09,4.352,4.352,4.352,4.352,0.0
2014-10-10,4.349,4.349,4.349,4.349,0.0
2014-10-13,4.359,4.359,4.359,4.359,0.0
2014-10-14,4.349,4.349,4.349,4.349,0.0
2014-10-15,4.334,4.334,4.334,4.334,0.0
2014-10-16,4.334,4.334,4.334,4.334,1.0
2014-10-17,4.349,4.349,4.349,4.349,0.0
2014-10-20,4.336,4.336,4.336,4.336,0.0
2014-10-21,4.331,4.331,4.331,4.331,0.0
2014-10-22,4.312,4.312,4.312,4.312,0.0
2014-10-23,4.311,4.311,4.311,4.311,0.0
2014-10-24,4.298,4.298,4.298,4.298,0.0
2014-10-27,4.285,4.285,4.285,4.285,0.0
2014-10-28,4.27,4.27,4.27,4.27,0.0
2014-10-29,4.275,4.275,4.275,4.275,0.0
2014-10-30,4.268,4.268,4.268,4.268,0.0
2014-10-31,4.283,4.283,4.283,4.283,0.0
2014-11-03,4.294,4.294,4.294,4.294,0.0
2014-11-04,4.289,4.289,4.289,4.289,0.0
2014-11-05,4.26,4.26,4.26,4.26,0.0
2014-11-06,4.247,4.247,4.247,4.247,0.0
2014-11-07,4.244,4.244,4.244,4.244,0.0
2014-11-10,4.238,4.238,4.238,4.238,0.0
2014-11-11,4.253,4.253,4.253,4.253,0.0
2014-11-12,4.274,4.274,4.274,4.274,0.0
2014-11-13,4.252,4.252,4.252,4.252,0.0
2014-11-14,4.278,4.278,4.278,4.278,0.0
2014-11-17,4.281,4.281,4.281,4.281,0.0
2014-11-18,4.256,4.256,4.256,4.256,0.0
2014-11-19,4.251,4.251,4.251,4.251,0.0
2014-11-20,4.246,4.246,4.246,4.246,0.0
2014-11-21,4.234,4.234,4.234,4.234,0.0
2014-11-24,4.288,4.288,4.288,4.288,0.0
2014-11-25,4.272,4.272,4.272,4.272,0.0
2014-11-26,4.265,4.265,4.265,4.265,0.0
2014-11-28,4.283,4.283,4.283,4.283,0.0
2014-12-01,4.333,4.333,4.333,4.333,0.0
2014-12-02,4.327,4.327,4.327,4.327,0.0
2014-12-03,4.314,4.314,4.314,4.314,0.0
2014-12-04,4.294,4.294,4.294,4.294,0.0
2014-12-05,4.315,4.315,4.315,4.315,0.0
2014-12-08,4.321,4.321,4.321,4.321,0.0
2014-12-09,4.356,4.356,4.356,4.356,0.0
2014-12-10,4.341,4.341,4.341,4.341,0.0
2014-12-11,4.318,4.318,4.318,4.318,0.0
2014-12-12,4.302,4.302,4.302,4.302,0.0
2014-12-15,4.289,4.289,4.289,4.289,0.0
2014-12-16,4.239,4.239,4.239,4.239,0.0
2014-12-17,4.264,4.264,4.264,4.264,0.0
2014-12-18,4.245,4.245,4.245,4.245,0.0
2014-12-19,4.19,4.19,4.19,4.19,0.0
2014-12-22,4.135,4.174,4.135,4.174,4.0
2014-12-23,4.15,4.15,4.15,4.15,0.0
2014-12-24,4.144,4.144,4.144,4.144,0.0
2014-12-26,4.141,4.141,4.141,4.141,0.0
2014-12-29,4.139,4.139,4.139,4.139,0.0
2014-12-30,4.13,4.13,4.13,4.13,0.0
2014-12-31,4.101,4.101,4.101,4.101,0.0
2015-01-02,4.086,4.086,4.086,4.086,0.0
2015-01-05,4.086,4.086,4.086,4.086,0.0
2015-01-06,4.054,4.054,4.054,4.054,0.0
2015-01-07,4.004,4.004,4.004,4.004,0.0
2015-01-08,3.984,3.984,3.984,3.984,0.0
2015-01-09,3.972,3.972,3.972,3.972,0.0
2015-01-12,3.872,3.872,3.872,3.872,0.0
2015-01-13,3.854,3.854,3.854,3.854,0.0
2015-01-14,3.779,3.779,3.779,3.779,0.0
2015-01-15,3.722,3.722,3.722,3.722,0.0
2015-01-16,3.73,3.73,3.73,3.73,0.0
2015-01-20,3.718,3.718,3.718,3.718,0.0
2015-01-21,3.731,3.731,3.731,3.731,0.0
2015-01-22,3.732,3.732,3.732,3.732,0.0
2015-01-23,3.729,3.729,3.729,3.729,0.0
2015-01-26,3.747,3.747,3.747,3.747,0.0
2015-01-27,3.741,3.741,3.741,3.741,0.0
2015-01-28,3.758,3.758,3.758,3.758,0.0
2015-01-29,3.739,3.739,3.739,3.739,0.0
2015-01-30,3.746,3.746,3.746,3.746,0.0
2015-02-02,3.709,3.709,3.709,3.709,0.0
2015-02-03,3.725,3.725,3.725,3.725,0.0
2015-02-04,3.736,3.736,3.736,3.736,0.0
2015-02-05,3.646,3.646,3.646,3.646,0.0
2015-02-06,3.7,3.7,3.7,3.7,0.0
2015-02-09,3.707,3.707,3.707,3.707,0.0
2015-02-10,3.728,3.728,3.728,3.728,0.0
2015-02-11,3.711,3.711,3.711,3.711,0.0
2015-02-12,3.712,3.712,3.712,3.712,0.0
2015-02-13,3.752,3.752,3.752,3.752,0.0
2015-02-17,3.692,3.692,3.692,3.692,0.0
2015-02-18,3.709,3.709,3.709,3.709,0.0
2015-02-19,3.683,3.683,3.683,3.683,0.0
2015-02-20,3.688,3.688,3.688,3.688,0.0
2015-02-23,3.66,3.66,3.66,3.66,0.0
2015-02-24,3.668,3.668,3.668,3.668,0.0
2015-02-25,3.674,3.674,3.674,3.674,0.0
2015-02-26,3.644,3.644,3.644,3.644,0.0
2015-02-27,3.645,3.645,3.645,3.645,0.0
2015-03-02,3.631,3.631,3.631,3.631,0.0
2015-03-03,3.642,3.642,3.642,3.642,0.0
2015-03-04,3.636,3.636,3.636,3.636,0.0
2015-03-05,3.6,3.6,3.6,3.6,0.0
2015-03-06,3.6,3.6,3.6,3.6,0.0
2015-03-09,3.575,3.575,3.575,3.575,0.0
2015-03-10,3.573,3.573,3.573,3.573,0.0
2015-03-11,3.566,3.566,3.566,3.566,0.0
2015-03-12,3.535,3.535,3.535,3.535,0.0
2015-03-13,3.531,3.531,3.531,3.531,0.0
2015-03-16,3.544,3.544,3.544,3.544,0.0
2015-03-17,3.527,3.527,3.527,3.527,0.0
2015-03-18,3.549,3.549,3.549,3.549,0.0
2015-03-19,3.555,3.555,3.555,3.555,0.0
2015-03-20,3.533,3.533,3.533,3.533,0.0
2015-03-23,3.534,3.534,3.534,3.534,0.0
2015-03-24,3.543,3.543,3.543,3.543,0.0
2015-03-25,3.511,3.511,3.511,3.511,0.0
2015-03-26,3.502,3.502,3.502,3.502,0.0
2015-03-27,3.477,3.477,3.477,3.477,0.0
2015-03-30,3.465,3.465,3.465,3.465,0.0
2015-03-31,3.477,3.477,3.477,3.477,0.0
2015-04-01,3.471,3.471,3.471,3.471,0.0
2015-04-02,3.519,3.519,3.519,3.519,0.0
2015-04-06,3.512,3.512,3.512,3.512,0.0
2015-04-07,3.552,3.552,3.552,3.552,0.0
2015-04-08,3.557,3.557,3.557,3.557,0.0
2015-04-09,3.55,3.55,3.55,3.55,0.0
2015-04-10,3.545,3.545,3.545,3.545,0.0
2015-04-13,3.535,3.535,3.535,3.535,0.0
2015-04-14,3.528,3.528,3.528,3.528,0.0
2015-04-15,3.535,3.535,3.535,3.535,0.0
2015-04-16,3.555,3.555,3.555,3.555,0.0
2015-04-17,3.538,3.538,3.538,3.538,0.0
2015-04-20,3.539,3.539,3.539,3.539,0.0
2015-04-21,3.542,3.542,3.542,3.542,0.0
2015-04-22,3.549,3.549,3.549,3.549,0.0
2015-04-23,3.507,3.507,3.507,3.507,0.0
2015-04-24,3.505,3.505,3.505,3.505,0.0
2015-04-27,3.485,3.485,3.485,3.485,0.0
2015-04-28,3.48,3.48,3.48,3.48,0.0
2015-04-29,3.485,3.485,3.485,3.485,0.0
2015-04-30,3.486,3.486,3.486,3.486,0.0
2015-05-01,3.489,3.489,3.489,3.489,0.0
2015-05-04,3.486,3.486,3.486,3.486,0.0
2015-05-05,3.492,3.492,3.492,3.492,0.0
2015-05-06,3.5,3.5,3.5,3.5,0.0
2015-05-07,3.497,3.497,3.497,3.497,0.0
2015-05-08,3.512,3.512,3.512,3.512,0.0
2015-05-11,3.493,3.493,3.493,3.493,0.0
2015-05-12,3.48,3.48,3.48,3.48,0.0
2015-05-13,3.489,3.489,3.489,3.489,0.0
2015-05-14,3.5,3.5,3.5,3.5,0.0
2015-05-15,3.493,3.493,3.493,3.493,0.0
2015-05-18,3.498,3.498,3.498,3.498,0.0
2015-05-19,3.491,3.491,3.491,3.491,0.0
2015-05-20,3.488,3.488,3.488,3.488,0.0
2015-05-21,3.487,3.487,3.487,3.487,0.0
2015-05-22,3.484,3.484,3.484,3.484,0.0
2015-05-26,3.485,3.485,3.485,3.485,0.0
2015-05-27,3.48,3.48,3.48,3.48,0.0
2015-05-28,3.472,3.472,3.472,3.472,0.0
2015-05-29,3.462,3.462,3.462,3.462,0.0
2015-06-01,3.45,3.463,3.45,3.463,1.0
2015-06-02,3.46,3.46,3.46,3.46,0.0
2015-06-03,3.461,3.461,3.461,3.461,0.0
2015-06-04,3.415,3.415,3.415,3.415,0.0
2015-06-05,3.376,3.376,3.376,3.376,0.0
2015-06-08,3.384,3.384,3.384,3.384,0.0
2015-06-09,3.389,3.389,3.389,3.389,0.0
2015-06-10,3.39,3.39,3.39,3.39,0.0
2015-06-11,3.435,3.435,3.435,3.435,0.0
2015-06-12,3.436,3.436,3.436,3.436,0.0
2015-06-15,3.437,3.437,3.437,3.437,0.0
2015-06-16,3.462,3.462,3.462,3.462,0.0
2015-06-17,3.462,3.462,3.457,3.457,3.0
2015-06-18,3.434,3.434,3.434,3.434,0.0
2015-06-19,3.43,3.439,3.43,3.439,3.0
2015-06-22,3.422,3.422,3.422,3.422,0.0
2015-06-23,3.421,3.421,3.421,3.421,0.0
2015-06-24,3.424,3.424,3.424,3.424,0.0
2015-06-25,3.47,3.47,3.425,3.425,1.0
2015-06-26,3.426,3.426,3.426,3.426,0.0
2015-06-29,3.424,3.424,3.424,3.424,0.0
2015-06-30,3.436,3.436,3.436,3.436,0.0
2015-07-01,3.447,3.447,3.447,3.447,0.0
2015-07-02,3.451,3.451,3.451,3.451,0.0
2015-07-06,3.412,3.412,3.412,3.412,0.0
2015-07-07,3.406,3.406,3.406,3.406,0.0
2015-07-08,3.419,3.419,3.419,3.419,0.0
2015-07-09,3.422,3.422,3.422,3.422,0.0
2015-07-10,3.42,3.42,3.42,3.42,0.0
2015-07-13,3.42,3.42,3.42,3.42,0.0
2015-07-14,3.455,3.455,3.455,3.455,0.0
2015-07-15,3.472,3.472,3.472,3.472,0.0
2015-07-16,3.46,3.46,3.46,3.46,0.0
2015-07-17,3.467,3.467,3.467,3.467,0.0
2015-07-20,3.46,3.46,3.46,3.46,0.0
2015-07-21,3.459,3.459,3.459,3.459,0.0
2015-07-22,3.455,3.455,3.455,3.455,0.0
2015-07-23,3.435,3.435,3.435,3.435,0.0
2015-07-24,3.437,3.437,3.437,3.437,0.0
2015-07-27,3.458,3.458,3.458,3.458,0.0
2015-07-28,3.457,3.457,3.457,3.457,0.0
2015-07-29,3.451,3.451,3.451,3.451,0.0
2015-07-30,3.43,3.43,3.43,3.43,0.0
2015-07-31,3.4,3.4,3.4,3.4,0.0
2015-08-03,3.375,3.375,3.375,3.375,0.0
2015-08-04,3.327,3.327,3.327,3.327,0.0
2015-08-05,3.326,3.326,3.326,3.326,0.0
2015-08-06,3.321,3.321,3.321,3.321,0.0
2015-08-07,3.315,3.315,3.315,3.315,0.0
2015-08-10,3.313,3.313,3.313,3.313,0.0
2015-08-11,3.29,3.29,3.29,3.29,0.0
2015-08-12,3.28,3.28,3.28,3.28,0.0
2015-08-13,3.287,3.287,3.287,3.287,0.0
2015-08-14,3.292,3.292,3.292,3.292,0.0
2015-08-17,3.297,3.297,3.297,3.297,0.0
2015-08-18,3.304,3.304,3.304,3.304,0.0
2015-08-19,3.255,3.255,3.255,3.255,0.0
2015-08-20,3.24,3.24,3.24,3.24,0.0
2015-08-21,3.21,3.21,3.21,3.21,0.0
2015-08-24,3.164,3.164,3.164,3.164,0.0
2015-08-25,3.152,3.152,3.152,3.152,0.0
2015-08-26,3.16,3.16,3.16,3.16,0.0
2015-08-27,3.167,3.167,3.167,3.167,0.0
2015-08-28,3.194,3.194,3.194,3.194,0.0
2015-08-31,3.191,3.191,3.191,3.191,0.0
2015-09-01,3.202,3.202,3.202,3.202,0.0
2015-09-02,3.195,3.195,3.195,3.195,0.0
2015-09-03,3.202,3.202,3.202,3.202,0.0
2015-09-04,3.192,3.192,3.192,3.192,0.0
2015-09-08,3.198,3.198,3.198,3.198,0.0
2015-09-09,3.213,3.213,3.213,3.213,0.0
2015-09-10,3.215,3.215,3.215,3.215,0.0
2015-09-11,3.179,3.179,3.179,3.179,0.0
2015-09-14,3.19,3.19,3.19,3.19,0.0
2015-09-15,3.186,3.186,3.186,3.186,0.0
2015-09-16,3.161,3.161,3.161,3.161,0.0
2015-09-17,3.134,3.134,3.134,3.134,0.0
2015-09-18,3.124,3.124,3.124,3.124,0.0
2015-09-21,3.113,3.113,3.113,3.113,0.0
2015-09-22,3.102,3.102,3.102,3.102,0.0
2015-09-23,3.114,3.114,3.114,3.114,0.0
2015-09-24,3.151,3.151,3.151,3.151,0.0
2015-09-25,3.116,3.116,3.116,3.116,0.0
2015-09-28,3.113,3.113,3.113,3.113,0.0
2015-09-29,3.083,3.083,3.083,3.083,0.0
2015-09-30,3.056,3.056,3.056,3.056,0.0
2015-10-01,3.039,3.039,3.039,3.039,0.0
2015-10-02,3.049,3.049,3.049,3.049,0.0
2015-10-05,3.062,3.062,3.062,3.062,0.0
2015-10-06,3.094,3.094,3.094,3.094,0.0
2015-10-07,3.096,3.096,3.096,3.096,0.0
2015-10-08,3.091,3.091,3.091,3.091,0.0
2015-10-09,3.091,3.091,3.091,3.091,0.0
2015-10-12,3.096,3.096,3.096,3.096,0.0
2015-10-13,3.098,3.098,3.098,3.098,0.0
2015-10-14,3.1,3.1,3.1,3.1,0.0
2015-10-15,3.089,3.089,3.089,3.089,0.0
2015-10-16,3.09,3.09,3.09,3.09,0.0
2015-10-19,3.094,3.094,3.094,3.094,0.0
2015-10-20,3.109,3.109,3.109,3.109,0.0
2015-10-21,3.092,3.092,3.092,3.092,0.0
2015-10-22,3.085,3.085,3.085,3.085,0.0
2015-10-23,3.048,3.048,3.048,3.048,0.0
2015-10-26,3.012,3.012,3.012,3.012,0.0
2015-10-27,3.002,3.002,3.002,3.002,0.0
2015-10-28,3.004,3.004,3.004,3.004,0.0
2015-10-29,2.989,2.989,2.989,2.989,0.0
2015-10-30,3.017,3.017,3.017,3.017,0.0
2015-11-02,2.996,2.996,2.996,2.996,0.0
2015-11-03,3.008,3.008,3.008,3.008,0.0
2015-11-04,3.016,3.016,3.016,3.016,0.0
2015-11-05,3.028,3.028,3.028,3.028,0.0
2015-11-06,3.026,3.026,3.026,3.026,0.0
2015-11-09,3.017,3.017,3.017,3.017,0.0
2015-11-10,3.015,3.015,3.015,3.015,0.0
2015-11-11,3.007,3.007,3.007,3.007,8.0
2015-11-12,2.994,2.994,2.994,2.994,1.0
2015-11-13,3.014,3.014,3.014,3.014,0.0
2015-11-16,3.024,3.024,3.024,3.024,0.0
2015-11-17,3.022,3.022,3.022,3.022,0.0
2015-11-18,2.966,2.966,2.966,2.966,0.0
2015-11-19,2.924,2.924,2.924,2.924,0.0
2015-11-20,2.892,2.892,2.892,2.892,0.0
2015-11-23,2.915,2.915,2.915,2.915,0.0
2015-11-24,2.921,2.921,2.921,2.921,0.0
2015-11-25,2.931,2.931,2.931,2.931,0.0
2015-11-27,2.913,2.913,2.913,2.913,0.0
2015-11-30,2.933,2.933,2.933,2.933,0.0
2015-12-01,2.944,2.944,2.944,2.944,0.0
2015-12-02,2.975,2.975,2.975,2.975,0.0
2015-12-03,2.977,2.977,2.977,2.977,0.0
2015-12-04,2.982,2.982,2.982,2.982,0.0
2015-12-07,2.967,2.967,2.967,2.967,0.0
2015-12-08,2.981,2.981,2.981,2.981,0.0
2015-12-09,3.002,3.002,3.002,3.002,0.0
2015-12-10,3.023,3.023,3.023,3.023,0.0
2015-12-11,3.037,3.037,3.037,3.037,50.0
2015-12-14,3.023,3.023,3.015,3.015,1.0
2015-12-15,2.99,2.99,2.99,2.99,0.0
2015-12-16,3.015,3.015,3.015,3.015,0.0
2015-12-17,3.015,3.036,3.015,3.036,1.0
2015-12-18,3.032,3.032,3.032,3.032,0.0
2015-12-21,3.025,3.025,3.025,3.025,0.0
2015-12-22,3.031,3.031,3.031,3.031,0.0
2015-12-23,3.023,3.023,3.023,3.023,0.0
2015-12-24,3.023,3.023,3.023,3.023,0.0
2015-12-28,3.05,3.05,3.05,3.05,0.0
2015-12-29,3.033,3.033,3.033,3.033,0.0
2015-12-30,3.025,3.025,3.025,3.025,0.0
2015-12-31,3.03,3.03,3.03,3.03,0.0
2016-01-04,3.01,3.01,3.01,3.01,0.0
2016-01-05,2.992,2.992,2.992,2.992,0.0
2016-01-06,2.995,2.995,2.995,2.995,0.0
2016-01-07,3.016,3.016,3.016,3.016,0.0
2016-01-08,2.995,2.995,2.995,2.995,0.0
2016-01-11,2.964,2.964,2.964,2.964,0.0
2016-01-12,2.94,2.94,2.94,2.94,0.0
2016-01-13,2.956,2.956,2.956,2.956,0.0
2016-01-14,2.969,2.969,2.969,2.969,0.0
2016-01-15,2.955,2.955,2.955,2.955,0.0
2016-01-19,2.957,2.957,2.957,2.957,0.0
2016-01-20,2.955,2.955,2.955,2.955,0.0
2016-01-21,2.965,2.965,2.965,2.965,0.0
2016-01-22,2.959,2.959,2.959,2.959,0.0
2016-01-25,2.952,2.952,2.952,2.952,0.0
2016-01-26,2.937,2.937,2.937,2.937,0.0
2016-01-27,2.944,2.944,2.944,2.944,0.0
2016-01-28,2.975,2.975,2.975,2.975,0.0
2016-01-29,2.957,2.957,2.957,2.957,0.0
2016-02-01,2.913,2.913,2.913,2.913,0.0
2016-02-02,2.848,2.848,2.848,2.848,0.0
2016-02-03,2.887,2.887,2.887,2.887,0.0
2016-02-04,2.89,2.89,2.89,2.89,0.0
2016-02-05,2.888,2.888,2.888,2.888,4.0
2016-02-08,2.831,2.831,2.831,2.831,0.0
2016-02-09,2.798,2.798,2.798,2.798,0.0
2016-02-10,2.768,2.768,2.768,2.768,0.0
2016-02-11,2.728,2.728,2.728,2.728,0.0
2016-02-12,2.7,2.7,2.7,2.7,0.0
2016-02-16,2.665,2.665,2.665,2.665,0.0
2016-02-17,2.665,2.665,2.657,2.657,1.0
2016-02-18,2.633,2.633,2.633,2.633,0.0
2016-02-19,2.601,2.601,2.601,2.601,0.0
2016-02-22,2.54,2.54,2.54,2.54,0.0
2016-02-23,2.559,2.559,2.559,2.559,0.0
2016-02-24,2.58,2.58,2.58,2.58,0.0
2016-02-25,2.551,2.551,2.551,2.551,0.0
2016-02-26,2.574,2.574,2.574,2.574,0.0
2016-02-29,2.625,2.625,2.625,2.625,0.0
2016-03-01,2.664,2.664,2.664,2.664,0.0
2016-03-02,2.668,2.668,2.668,2.668,0.0
2016-03-03,2.66,2.67,2.66,2.67,1.0
2016-03-04,2.669,2.669,2.669,2.669,0.0
2016-03-07,2.676,2.676,2.676,2.676,0.0
2016-03-08,2.682,2.682,2.682,2.682,0.0
2016-03-09,2.723,2.723,2.723,2.723,0.0
2016-03-10,2.747,2.747,2.747,2.747,0.0
2016-03-11,2.767,2.767,2.767,2.767,14.0
2016-03-14,2.757,2.757,2.757,2.757,0.0
2016-03-15,2.756,2.756,2.756,2.756,0.0
2016-03-16,2.766,2.766,2.766,2.766,0.0
2016-03-17,2.771,2.771,2.771,2.771,0.0
2016-03-18,2.762,2.762,2.762,2.762,0.0
2016-03-21,2.748,2.748,2.748,2.748,0.0
2016-03-22,2.771,2.771,2.771,2.771,0.0
2016-03-23,2.791,2.791,2.791,2.791,0.0
2016-03-24,2.811,2.811,2.811,2.811,0.0
2016-03-28,2.871,2.871,2.871,2.871,0.0
2016-03-29,2.884,2.884,2.884,2.884,0.0
2016-03-30,2.879,2.879,2.879,2.879,0.0
2016-03-31,2.883,2.883,2.883,2.883,0.0
2016-04-01,2.882,2.882,2.882,2.882,0.0
2016-04-04,2.886,2.886,2.886,2.886,0.0
2016-04-05,2.894,2.894,2.894,2.894,0.0
2016-04-06,2.903,2.903,2.903,2.903,0.0
2016-04-07,2.909,2.909,2.909,2.909,0.0
2016-04-08,2.924,2.924,2.924,2.924,0.0
2016-04-11,2.922,2.922,2.922,2.922,0.0
2016-04-12,2.925,2.925,2.925,2.925,0.0
2016-04-13,2.92,2.92,2.92,2.92,0.0
2016-04-14,2.918,2.918,2.918,2.918,0.0
2016-04-15,2.91,2.91,2.893,2.893,1.0
2016-04-18,2.902,2.902,2.902,2.902,0.0
2016-04-19,2.904,2.904,2.904,2.904,0.0
2016-04-20,2.899,2.899,2.899,2.899,8.0
2016-04-21,2.926,2.926,2.926,2.926,0.0
2016-04-22,2.92,2.92,2.92,2.92,25.0
2016-04-25,2.935,2.935,2.935,2.935,0.0
2016-04-26,2.971,2.971,2.971,2.971,0.0
2016-04-27,2.975,2.975,2.975,2.975,0.0
2016-04-28,2.967,2.967,2.967,2.967,0.0
2016-04-29,2.965,2.965,2.965,2.965,0.0
2016-05-02,2.945,2.945,2.945,2.945,0.0
2016-05-03,2.951,2.951,2.951,2.951,0.0
2016-05-04,2.96,2.96,2.96,2.96,0.0
2016-05-05,2.98,2.98,2.98,2.98,0.0
2016-05-06,2.987,2.987,2.96,2.96,2.0
2016-05-09,2.947,2.947,2.947,2.947,0.0
2016-05-10,2.921,2.921,2.921,2.921,0.0
2016-05-11,2.921,2.921,2.921,2.921,0.0
2016-05-12,2.91,2.91,2.91,2.91,0.0
2016-05-13,2.89,2.89,2.89,2.89,15.0
2016-05-16,2.891,2.891,2.891,2.891,0.0
2016-05-17,2.875,2.875,2.875,2.875,0.0
2016-05-18,2.852,2.852,2.852,2.852,0.0
2016-05-19,2.875,2.875,2.875,2.875,0.0
2016-05-20,2.863,2.863,2.863,2.863,0.0
2016-05-23,2.87,2.87,2.87,2.87,0.0
2016-05-24,2.891,2.891,2.891,2.891,0.0
2016-05-25,2.93,2.93,2.93,2.93,0.0
2016-05-26,2.956,2.956,2.956,2.956,0.0
2016-05-27,2.963,2.963,2.963,2.963,0.0
2016-05-31,2.968,2.968,2.968,2.968,0.0
2016-06-01,2.951,2.951,2.951,2.951,0.0
2016-06-02,2.95,2.952,2.95,2.952,2.0
2016-06-03,2.942,2.942,2.942,2.942,0.0
2016-06-06,2.936,2.936,2.936,2.936,0.0
2016-06-07,2.96,2.96,2.96,2.96,0.0
2016-06-08,2.958,2.958,2.958,2.958,0.0
2016-06-09,2.942,2.942,2.942,2.942,0.0
2016-06-10,2.924,2.924,2.924,2.924,0.0
2016-06-13,2.878,2.878,2.878,2.878,0.0
2016-06-14,2.861,2.861,2.861,2.861,0.0
2016-06-15,2.861,2.861,2.861,2.861,0.0
2016-06-16,2.861,2.861,2.861,2.861,0.0
2016-06-17,2.843,2.843,2.843,2.843,0.0
2016-06-20,2.845,2.845,2.845,2.845,0.0
2016-06-21,2.835,2.835,2.835,2.835,0.0
2016-06-22,2.849,2.849,2.849,2.849,0.0
2016-06-23,2.848,2.848,2.848,2.848,0.0
2016-06-24,2.866,2.866,2.866,2.866,0.0
2016-06-27,2.849,2.849,2.849,2.849,0.0
2016-06-28,2.881,2.881,2.881,2.881,0.0
2016-06-29,2.875,2.875,2.875,2.875,0.0
2016-06-30,2.89,2.89,2.89,2.89,0.0
2016-07-01,2.901,2.901,2.901,2.901,0.0
2016-07-05,2.888,2.888,2.888,2.888,0.0
2016-07-06,2.91,2.91,2.91,2.91,0.0
2016-07-07,2.908,2.908,2.908,2.908,0.0
2016-07-08,2.91,2.91,2.91,2.91,0.0
2016-07-11,2.906,2.906,2.906,2.906,0.0
2016-07-12,2.904,2.904,2.904,2.904,0.0
2016-07-13,2.915,2.915,2.915,2.915,0.0
2016-07-14,2.914,2.914,2.914,2.914,0.0
2016-07-15,2.903,2.903,2.903,2.903,0.0
2016-07-18,2.908,2.908,2.908,2.908,0.0
2016-07-19,2.896,2.896,2.896,2.896,0.0
2016-07-20,2.881,2.881,2.881,2.881,0.0
2016-07-21,2.89,2.89,2.89,2.89,0.0
2016-07-22,2.902,2.902,2.902,2.902,0.0
2016-07-25,2.908,2.908,2.908,2.908,0.0
2016-07-26,2.906,2.906,2.906,2.906,0.0
2016-07-27,2.894,2.894,2.894,2.894,0.0
2016-07-28,2.897,2.897,2.897,2.897,0.0
2016-07-29,2.9,2.9,2.9,2.9,0.0
2016-08-01,2.842,2.88,2.842,2.88,1.0
2016-08-02,2.888,2.888,2.888,2.888,0.0
2016-08-03,2.89,2.89,2.89,2.89,0.0
2016-08-04,2.911,2.911,2.911,2.911,0.0
2016-08-05,2.907,2.907,2.907,2.907,0.0
2016-08-08,2.911,2.911,2.911,2.911,0.0
2016-08-09,2.905,2.905,2.905,2.905,0.0
2016-08-10,2.886,2.886,2.886,2.886,0.0
2016-08-11,2.875,2.875,2.875,2.875,0.0
2016-08-12,2.872,2.872,2.872,2.872,0.0
2016-08-15,2.873,2.873,2.873,2.873,0.0
2016-08-16,2.882,2.882,2.882,2.882,0.0
2016-08-17,2.876,2.894,2.876,2.894,1.0
2016-08-18,2.894,2.894,2.894,2.894,0.0
2016-08-19,2.88,2.88,2.88,2.88,0.0
2016-08-22,2.872,2.872,2.872,2.872,0.0
2016-08-23,2.887,2.887,2.887,2.887,0.0
2016-08-24,2.911,2.911,2.911,2.911,0.0
2016-08-25,2.883,2.883,2.883,2.883,0.0
2016-08-26,2.863,2.863,2.863,2.863,0.0
2016-08-29,2.859,2.859,2.859,2.859,0.0
2016-08-30,2.854,2.854,2.854,2.854,0.0
2016-08-31,2.876,2.876,2.876,2.876,0.0
2016-09-01,2.839,2.839,2.839,2.839,0.0
2016-09-02,2.831,2.835,2.831,2.835,24.0
2016-09-06,2.828,2.828,2.828,2.828,0.0
2016-09-07,2.814,2.814,2.814,2.814,0.0
2016-09-08,2.821,2.821,2.821,2.821,0.0
2016-09-09,2.805,2.805,2.805,2.805,0.0
2016-09-12,2.807,2.807,2.807,2.807,0.0
2016-09-13,2.791,2.791,2.791,2.791,0.0
2016-09-14,2.797,2.797,2.797,2.797,0.0
2016-09-15,2.789,2.789,2.789,2.789,0.0
2016-09-16,2.776,2.776,2.776,2.776,0.0
2016-09-19,2.769,2.769,2.769,2.769,0.0
2016-09-20,2.765,2.765,2.765,2.765,0.0
2016-09-21,2.766,2.766,2.766,2.766,0.0
2016-09-22,2.751,2.751,2.751,2.751,0.0
2016-09-23,2.745,2.745,2.745,2.745,0.0
2016-09-26,2.762,2.762,2.762,2.762,0.0
2016-09-27,2.735,2.735,2.735,2.735,0.0
2016-09-28,2.712,2.712,2.712,2.712,0.0
2016-09-29,2.681,2.681,2.681,2.681,0.0
2016-09-30,2.695,2.695,2.67,2.67,6.0
2016-10-03,2.68,2.68,2.68,2.68,0.0
2016-10-04,2.661,2.661,2.661,2.661,0.0
2016-10-05,2.703,2.703,2.703,2.703,0.0
2016-10-06,2.699,2.699,2.699,2.699,0.0
2016-10-07,2.723,2.73,2.72,2.72,11.0
2016-10-10,2.721,2.721,2.721,2.721,0.0
2016-10-11,2.771,2.771,2.771,2.771,0.0
2016-10-12,2.876,2.876,2.753,2.753,1.0
2016-10-13,2.761,2.761,2.761,2.761,20.0
2016-10-14,2.754,2.754,2.754,2.754,0.0
2016-10-17,2.766,2.766,2.766,2.766,0.0
2016-10-18,2.775,2.775,2.775,2.775,0.0
2016-10-19,2.77,2.77,2.77,2.77,0.0
2016-10-20,2.772,2.772,2.772,2.772,0.0
2016-10-21,2.78,2.78,2.78,2.78,0.0
2016-10-24,2.78,2.78,2.78,2.78,0.0
2016-10-25,2.762,2.762,2.762,2.762,0.0
2016-10-26,2.74,2.74,2.74,2.74,10.0
2016-10-27,2.772,2.772,2.772,2.772,0.0
2016-10-28,2.8,2.8,2.798,2.798,100.0
2016-10-31,2.793,2.793,2.793,2.793,0.0
2016-11-01,2.785,2.785,2.785,2.785,0.0
2016-11-02,2.771,2.771,2.771,2.771,0.0
2016-11-03,2.764,2.764,2.764,2.764,0.0
2016-11-04,2.751,2.751,2.751,2.751,0.0
2016-11-07,2.75,2.755,2.75,2.755,1.0
2016-11-08,2.736,2.736,2.736,2.736,0.0
2016-11-09,2.734,2.734,2.734,2.734,0.0
2016-11-10,2.741,2.741,2.741,2.741,0.0
2016-11-11,2.744,2.744,2.744,2.744,0.0
2016-11-14,2.745,2.745,2.745,2.745,0.0
2016-11-15,2.718,2.718,2.718,2.718,0.0
2016-11-16,2.731,2.731,2.731,2.731,0.0
2016-11-17,2.765,2.765,2.765,2.765,0.0
2016-11-18,2.782,2.782,2.782,2.782,0.0
2016-11-21,2.782,2.782,2.782,2.782,0.0
2016-11-22,2.754,2.754,2.754,2.754,0.0
2016-11-23,2.747,2.747,2.747,2.747,0.0
2016-11-25,2.746,2.746,2.746,2.746,0.0
2016-11-28,2.736,2.736,2.736,2.736,0.0
2016-11-29,2.714,2.714,2.714,2.714,0.0
2016-11-30,2.708,2.708,2.708,2.708,0.0
2016-12-01,2.736,2.736,2.736,2.736,0.0
2016-12-02,2.728,2.728,2.728,2.728,0.0
2016-12-05,2.728,2.728,2.728,2.728,25.0
2016-12-06,2.752,2.752,2.701,2.701,1.0
2016-12-07,2.715,2.715,2.715,2.715,0.0
2016-12-08,2.746,2.746,2.746,2.746,0.0
2016-12-09,2.728,2.728,2.728,2.728,0.0
2016-12-12,2.718,2.718,2.718,2.718,0.0
2016-12-13,2.711,2.711,2.711,2.711,50.0
2016-12-14,2.718,2.718,2.692,2.692,36.0
2016-12-15,2.702,2.702,2.702,2.702,11.0
2016-12-16,2.715,2.715,2.715,2.715,0.0
2016-12-19,2.732,2.732,2.732,2.732,0.0
2016-12-20,2.694,2.694,2.694,2.694,0.0
2016-12-21,2.726,2.726,2.726,2.726,0.0
2016-12-22,2.694,2.694,2.694,2.694,0.0
2016-12-23,2.69,2.69,2.69,2.69,0.0
2016-12-27,2.7,2.7,2.7,2.7,1.0
2016-12-28,2.715,2.715,2.715,2.715,0.0
2016-12-29,2.72,2.72,2.72,2.72,0.0
2016-12-30,2.718,2.718,2.718,2.718,0.0
2017-01-03,2.707,2.707,2.707,2.707,0.0
2017-01-04,2.701,2.701,2.701,2.701,0.0
2017-01-05,2.717,2.717,2.717,2.717,0.0
2017-01-06,2.723,2.723,2.723,2.723,0.0
2017-01-09,2.713,2.713,2.713,2.713,0.0
2017-01-10,2.757,2.757,2.757,2.757,0.0
2017-01-11,2.746,2.746,2.746,2.746,10.0
2017-01-12,2.759,2.759,2.759,2.759,0.0
2017-01-13,2.76,2.76,2.74,2.74,1.0
2017-01-17,2.736,2.736,2.736,2.736,0.0
2017-01-18,2.744,2.744,2.744,2.744,0.0
2017-01-19,2.742,2.742,2.742,2.742,0.0
2017-01-20,2.726,2.726,2.726,2.726,0.0
2017-01-23,2.723,2.723,2.723,2.723,50.0
2017-01-24,2.717,2.717,2.717,2.717,0.0
2017-01-25,2.708,2.708,2.708,2.708,0.0
2017-01-26,2.714,2.714,2.714,2.714,7.0
2017-01-27,2.702,2.702,2.702,2.702,1.0
2017-01-30,2.711,2.711,2.711,2.711,0.0
2017-01-31,2.708,2.708,2.708,2.708,0.0
2017-02-01,2.707,2.707,2.707,2.707,0.0
2017-02-02,2.711,2.711,2.711,2.711,0.0
2017-02-03,2.661,2.694,2.661,2.694,101.0
2017-02-06,2.697,2.697,2.697,2.697,4.0
2017-02-07,2.721,2.721,2.721,2.721,0.0
2017-02-08,2.711,2.711,2.711,2.711,0.0
2017-02-09,2.712,2.712,2.712,2.712,0.0
2017-02-10,2.692,2.692,2.692,2.692,0.0
2017-02-13,2.689,2.689,2.689,2.689,0.0
2017-02-14,2.681,2.681,2.681,2.681,0.0
2017-02-15,2.682,2.682,2.682,2.682,0.0
2017-02-16,2.688,2.688,2.688,2.688,0.0
2017-02-17,2.684,2.684,2.684,2.684,0.0
2017-02-21,2.665,2.665,2.665,2.665,0.0
2017-02-22,2.675,2.675,2.673,2.673,4.0
2017-02-23,2.68,2.68,2.673,2.673,3.0
2017-02-24,2.671,2.671,2.671,2.671,0.0
2017-02-27,2.668,2.668,2.668,2.668,0.0
2017-02-28,2.677,2.677,2.677,2.677,0.0
2017-03-01,2.696,2.696,2.696,2.696,0.0
2017-03-02,2.688,2.688,2.688,2.688,0.0
2017-03-03,2.697,2.697,2.697,2.697,25.0
2017-03-06,2.707,2.707,2.693,2.693,5.0
2017-03-07,2.688,2.688,2.688,2.688,10.0
2017-03-08,2.687,2.687,2.687,2.687,25.0
2017-03-09,2.682,2.682,2.682,2.682,0.0
2017-03-10,2.671,2.671,2.671,2.671,5.0
2017-03-13,2.665,2.665,2.665,2.665,0.0
2017-03-14,2.655,2.655,2.655,2.655,10.0
2017-03-15,2.644,2.644,2.644,2.644,10.0
2017-03-16,2.666,2.666,2.666,2.666,6.0
2017-03-17,2.672,2.672,2.672,2.672,0.0
2017-03-20,2.68,2.68,2.68,2.68,5.0
2017-03-21,2.682,2.682,2.682,2.682,0.0
2017-03-22,2.683,2.683,2.683,2.683,55.0
2017-03-23,2.698,2.703,2.693,2.693,23.0
2017-03-24,2.68,2.68,2.68,2.68,0.0
2017-03-27,2.68,2.68,2.68,2.68,0.0
2017-03-28,2.683,2.683,2.657,2.657,22.0
2017-03-29,2.681,2.681,2.681,2.681,0.0
2017-03-30,2.681,2.681,2.672,2.672,50.0
2017-03-31,2.656,2.656,2.656,2.656,25.0
2017-04-03,2.665,2.665,2.665,2.665,5.0
2017-04-04,2.66,2.66,2.66,2.66,0.0
2017-04-05,2.677,2.677,2.677,2.677,2.0
2017-04-06,2.661,2.661,2.661,2.661,0.0
2017-04-07,2.665,2.665,2.665,2.665,0.0
2017-04-10,2.665,2.665,2.665,2.665,0.0
2017-04-11,2.678,2.678,2.678,2.678,108.0
2017-04-12,2.685,2.685,2.685,2.685,0.0
2017-04-13,2.703,2.703,2.703,2.703,0.0
2017-04-17,2.701,2.701,2.701,2.701,10.0
2017-04-18,2.732,2.732,2.732,2.732,40.0
2017-04-19,2.752,2.752,2.752,2.752,0.0
2017-04-20,2.771,2.771,2.771,2.771,0.0
2017-04-21,2.75,2.75,2.75,2.75,0.0
2017-04-24,2.742,2.742,2.742,2.742,0.0
2017-04-25,2.747,2.747,2.747,2.747,0.0
2017-04-26,2.754,2.754,2.754,2.754,0.0
2017-04-27,2.742,2.742,2.742,2.742,0.0
2017-04-28,2.743,2.743,2.743,2.743,18.0
2017-05-01,2.706,2.706,2.706,2.706,8.0
2017-05-02,2.701,2.701,2.701,2.701,0.0
2017-05-03,2.712,2.715,2.71,2.71,1.0
2017-05-04,2.715,2.717,2.715,2.715,15.0
2017-05-05,2.731,2.731,2.731,2.731,0.0
2017-05-08,2.703,2.703,2.703,2.703,0.0
2017-05-09,2.701,2.701,2.701,2.701,0.0
2017-05-10,2.696,2.696,2.696,2.696,3.0
2017-05-11,2.692,2.692,2.689,2.689,32.0
2017-05-12,2.685,2.685,2.685,2.685,0.0
2017-05-15,2.684,2.684,2.684,2.684,194.0
2017-05-16,2.69,2.69,2.681,2.681,1.0
2017-05-17,2.694,2.694,2.694,2.694,0.0
2017-05-18,2.692,2.692,2.692,2.692,20.0
2017-05-19,2.688,2.688,2.688,2.688,0.0
2017-05-22,2.684,2.684,2.684,2.684,0.0
2017-05-23,2.681,2.681,2.681,2.681,0.0
2017-05-24,2.67,2.67,2.67,2.67,0.0
2017-05-25,2.671,2.671,2.671,2.671,0.0
2017-05-26,2.66,2.66,2.66,2.66,0.0
2017-05-30,2.666,2.666,2.666,2.666,0.0
2017-05-31,2.655,2.655,2.655,2.655,0.0
2017-06-01,2.655,2.655,2.655,2.655,0.0
2017-06-02,2.672,2.672,2.672,2.672,0.0
2017-06-05,2.667,2.667,2.667,2.667,20.0
2017-06-06,2.667,2.667,2.667,2.667,5.0
2017-06-07,2.67,2.67,2.67,2.67,0.0
2017-06-08,2.682,2.682,2.682,2.682,0.0
2017-06-09,2.68,2.68,2.68,2.68,5.0
2017-06-12,2.681,2.681,2.681,2.681,0.0
2017-06-13,2.689,2.689,2.689,2.689,0.0
2017-06-14,2.68,2.68,2.68,2.68,6.0
2017-06-15,2.695,2.695,2.695,2.695,0.0
2017-06-16,2.685,2.685,2.685,2.685,0.0
2017-06-19,2.673,2.673,2.673,2.673,0.0
2017-06-20,2.693,2.693,2.684,2.684,1.0
2017-06-21,2.697,2.699,2.697,2.699,4.0
2017-06-22,2.702,2.702,2.702,2.702,0.0
2017-06-23,2.695,2.695,2.695,2.695,0.0
2017-06-26,2.683,2.683,2.683,2.683,0.0
2017-06-27,2.679,2.679,2.679,2.679,0.0
2017-06-28,2.68,2.68,2.677,2.677,59.0
2017-06-29,2.682,2.682,2.682,2.682,5.0
2017-06-30,2.694,2.694,2.694,2.694,15.0
2017-07-03,2.683,2.683,2.683,2.683,0.0
2017-07-05,2.65,2.65,2.65,2.65,0.0
2017-07-06,2.638,2.638,2.638,2.638,0.0
2017-07-07,2.633,2.633,2.633,2.633,76.0
2017-07-10,2.64,2.64,2.64,2.64,0.0
2017-07-11,2.644,2.644,2.644,2.644,0.0
2017-07-12,2.627,2.627,2.627,2.627,17.0
2017-07-13,2.645,2.645,2.645,2.645,0.0
2017-07-14,2.65,2.65,2.65,2.65,0.0
2017-07-17,2.657,2.657,2.657,2.657,0.0
2017-07-18,2.676,2.676,2.676,2.676,3.0
2017-07-19,2.658,2.658,2.658,2.658,2.0
2017-07-20,2.656,2.656,2.656,2.656,0.0
2017-07-21,2.64,2.64,2.64,2.64,0.0
2017-07-24,2.596,2.596,2.596,2.596,0.0
2017-07-25,2.604,2.604,2.604,2.604,0.0
2017-07-26,2.605,2.605,2.605,2.605,0.0
2017-07-27,2.601,2.601,2.601,2.601,0.0
2017-07-28,2.626,2.626,2.616,2.616,1.0
2017-07-31,2.607,2.607,2.607,2.607,0.0
2017-08-01,2.62,2.62,2.62,2.62,5.0
2017-08-02,2.63,2.63,2.63,2.63,0.0
2017-08-03,2.645,2.648,2.645,2.648,16.0
2017-08-04,2.638,2.638,2.638,2.638,0.0
2017-08-07,2.642,2.642,2.642,2.642,0.0
2017-08-08,2.656,2.656,2.656,2.656,117.0
2017-08-09,2.645,2.645,2.645,2.645,4.0
2017-08-10,2.648,2.66,2.648,2.649,4.0
2017-08-11,2.655,2.655,2.653,2.653,8.0
2017-08-14,2.65,2.654,2.65,2.654,14.0
2017-08-15,2.647,2.647,2.647,2.647,0.0
2017-08-16,2.637,2.637,2.637,2.637,6.0
2017-08-17,2.655,2.655,2.644,2.644,2.0
2017-08-18,2.643,2.643,2.643,2.643,0.0
2017-08-21,2.641,2.641,2.641,2.641,1.0
2017-08-22,2.628,2.628,2.628,2.628,5.0
2017-08-23,2.631,2.631,2.631,2.631,10.0
2017-08-24,2.618,2.618,2.618,2.618,27.0
2017-08-25,2.615,2.615,2.605,2.605,10.0
2017-08-28,2.618,2.618,2.618,2.618,0.0
2017-08-29,2.627,2.627,2.627,2.627,0.0
2017-08-30,2.635,2.635,2.63,2.63,0.0
2017-08-31,2.643,2.643,2.643,2.643,46.0
2017-09-01,2.649,2.649,2.649,2.649,39.0
2017-09-05,2.645,2.645,2.645,2.645,0.0
2017-09-06,2.645,2.645,2.645,2.645,0.0
2017-09-07,2.667,2.667,2.667,2.667,0.0
2017-09-08,2.67,2.67,2.67,2.67,20.0
2017-09-11,2.689,2.689,2.689,2.689,0.0
2017-09-12,2.694,2.694,2.694,2.694,0.0
2017-09-13,2.685,2.685,2.685,2.685,0.0
2017-09-14,2.7,2.7,2.7,2.7,0.0
2017-09-15,2.709,2.709,2.709,2.709,10.0
2017-09-18,2.726,2.726,2.726,2.726,7.0
2017-09-19,2.73,2.73,2.719,2.719,6.0
2017-09-20,2.715,2.715,2.715,2.715,43.0
2017-09-21,2.708,2.714,2.698,2.698,32.0
2017-09-22,2.724,2.724,2.724,2.724,0.0
2017-09-25,2.715,2.715,2.694,2.694,2.0
2017-09-26,2.702,2.702,2.702,2.702,0.0
2017-09-27,2.715,2.715,2.715,2.715,1.0
2017-09-28,2.709,2.709,2.709,2.709,0.0
2017-09-29,2.7,2.7,2.7,2.7,0.0
2017-10-02,2.705,2.705,2.705,2.705,10.0
2017-10-03,2.714,2.714,2.714,2.714,0.0
2017-10-04,2.707,2.707,2.707,2.707,15.0
2017-10-05,2.712,2.712,2.712,2.712,0.0
2017-10-06,2.702,2.706,2.702,2.706,35.0
2017-10-09,2.716,2.716,2.716,2.716,0.0
2017-10-10,2.72,2.72,2.72,2.72,20.0
2017-10-11,2.705,2.705,2.705,2.705,1.0
2017-10-12,2.714,2.714,2.714,2.714,1.0
2017-10-13,2.715,2.715,2.715,2.715,0.0
2017-10-16,2.731,2.731,2.731,2.731,18.0
2017-10-17,2.717,2.717,2.717,2.717,20.0
2017-10-18,2.717,2.717,2.717,2.717,0.0
2017-10-19,2.723,2.723,2.723,2.723,0.0
2017-10-20,2.728,2.728,2.728,2.728,0.0
2017-10-23,2.715,2.715,2.715,2.715,0.0
2017-10-24,2.714,2.714,2.714,2.714,61.0
2017-10-25,2.72,2.72,2.72,2.72,2.0
2017-10-26,2.724,2.724,2.724,2.724,0.0
2017-10-27,2.72,2.72,2.72,2.72,56.0
2017-10-30,2.738,2.738,2.738,2.738,26.0
2017-10-31,2.738,2.738,2.738,2.738,4.0
2017-11-01,2.739,2.739,2.739,2.739,1.0
2017-11-02,2.74,2.74,2.735,2.735,4.0
2017-11-03,2.73,2.73,2.73,2.73,5.0
2017-11-06,2.734,2.734,2.734,2.734,122.0
2017-11-07,2.726,2.726,2.726,2.726,1.0
2017-11-08,2.725,2.725,2.725,2.725,0.0
2017-11-09,2.723,2.723,2.723,2.723,0.0
2017-11-10,2.732,2.732,2.727,2.727,44.0
2017-11-13,2.727,2.727,2.727,2.727,0.0
2017-11-14,2.721,2.721,2.721,2.721,10.0
2017-11-15,2.72,2.733,2.72,2.733,4.0
2017-11-16,2.745,2.745,2.745,2.745,0.0
2017-11-17,2.742,2.742,2.742,2.742,0.0
2017-11-20,2.742,2.742,2.742,2.742,0.0
2017-11-21,2.747,2.747,2.747,2.747,4.0
2017-11-22,2.734,2.734,2.734,2.734,0.0
2017-11-24,2.726,2.726,2.726,2.726,0.0
2017-11-27,2.734,2.734,2.734,2.734,44.0
2017-11-28,2.735,2.735,2.735,2.735,62.0
2017-11-29,2.73,2.74,2.725,2.725,12.0
2017-11-30,2.711,2.711,2.711,2.711,0.0
2017-12-01,2.712,2.712,2.712,2.712,6.0
2017-12-04,2.669,2.669,2.669,2.669,12.0
2017-12-05,2.68,2.68,2.68,2.68,52.0
2017-12-06,2.672,2.672,2.672,2.672,5.0
2017-12-07,2.67,2.68,2.663,2.663,8.0
2017-12-08,2.669,2.669,2.669,2.669,5.0
2017-12-11,2.67,2.67,2.67,2.67,0.0
2017-12-12,2.65,2.65,2.65,2.65,22.0
2017-12-13,2.63,2.658,2.61,2.658,17.0
2017-12-14,2.665,2.665,2.665,2.665,8.0
2017-12-15,2.647,2.647,2.647,2.647,4.0
2017-12-18,2.67,2.675,2.669,2.669,107.0
2017-12-19,2.663,2.663,2.663,2.663,0.0
2017-12-20,2.649,2.649,2.649,2.649,5.0
2017-12-21,2.652,2.652,2.652,2.652,5.0
2017-12-22,2.675,2.675,2.675,2.675,0.0
2017-12-26,2.68,2.68,2.669,2.669,8.0
2017-12-27,2.666,2.666,2.666,2.666,1.0
2017-12-28,2.687,2.687,2.674,2.674,12.0
2017-12-29,2.682,2.682,2.682,2.682,0.0
2018-01-02,2.674,2.674,2.674,2.674,0.0
2018-01-03,2.672,2.672,2.672,2.672,184.0
2018-01-04,2.65,2.658,2.65,2.658,233.0
2018-01-05,2.65,2.65,2.65,2.65,0.0
2018-01-08,2.667,2.667,2.667,2.667,0.0
2018-01-09,2.669,2.669,2.669,2.669,2.0
2018-01-10,2.686,2.686,2.686,2.686,0.0
2018-01-11,2.69,2.692,2.69,2.692,65.0
2018-01-12,2.692,2.692,2.692,2.692,5.0
2018-01-16,2.676,2.676,2.676,2.676,68.0
2018-01-17,2.675,2.675,2.675,2.675,74.0
2018-01-18,2.676,2.676,2.676,2.676,1.0
2018-01-19,2.672,2.672,2.672,2.672,0.0
2018-01-22,2.692,2.692,2.692,2.692,10.0
2018-01-23,2.691,2.691,2.691,2.691,42.0
2018-01-24,2.69,2.69,2.69,2.69,1.0
2018-01-25,2.656,2.681,2.656,2.681,266.0
2018-01-26,2.669,2.669,2.669,2.669,231.0
2018-01-29,2.679,2.679,2.679,2.679,51.0
2018-01-30,2.673,2.673,2.673,2.673,69.0
2018-01-31,2.675,2.675,2.669,2.669,99.0
2018-02-01,2.66,2.674,2.65,2.674,230.0
2018-02-02,2.689,2.689,2.689,2.689,6.0
2018-02-05,2.699,2.699,2.688,2.688,22.0
2018-02-06,2.695,2.695,2.695,2.695,38.0
2018-02-07,2.678,2.678,2.678,2.678,82.0
2018-02-08,2.668,2.668,2.668,2.668,138.0
2018-02-09,2.651,2.651,2.651,2.651,59.0
2018-02-12,2.64,2.64,2.64,2.64,351.0
2018-02-13,2.644,2.644,2.644,2.644,68.0
2018-02-14,2.643,2.643,2.643,2.643,133.0
2018-02-15,2.636,2.636,2.636,2.636,62.0
2018-02-16,2.642,2.642,2.642,2.642,0.0
2018-02-20,2.639,2.639,2.639,2.639,21.0
2018-02-21,2.639,2.651,2.639,2.651,3.0
2018-02-22,2.65,2.65,2.65,2.65,121.0
2018-02-23,2.644,2.644,2.644,2.644,0.0
2018-02-26,2.642,2.656,2.642,2.656,20.0
2018-02-27,2.642,2.642,2.642,2.642,102.0
2018-02-28,2.624,2.624,2.624,2.624,26.0
2018-03-01,2.622,2.63,2.622,2.629,78.0
2018-03-02,2.622,2.622,2.622,2.622,10.0
2018-03-05,2.635,2.635,2.635,2.635,143.0
2018-03-06,2.648,2.648,2.648,2.648,151.0
2018-03-07,2.639,2.639,2.639,2.639,287.0
2018-03-08,2.627,2.627,2.627,2.627,19.0
2018-03-09,2.617,2.617,2.617,2.617,81.0
2018-03-12,2.62,2.62,2.62,2.62,22.0
2018-03-13,2.622,2.622,2.622,2.622,0.0
2018-03-14,2.629,2.629,2.629,2.629,4.0
2018-03-15,2.645,2.645,2.641,2.641,230.0
2018-03-16,2.634,2.638,2.634,2.638,8.0
2018-03-19,2.63,2.63,2.63,2.63,5.0
2018-03-20,2.632,2.632,2.632,2.632,102.0
2018-03-21,2.63,2.63,2.627,2.627,128.0
2018-03-22,2.628,2.628,2.628,2.628,18.0
2018-03-23,2.628,2.628,2.621,2.621,204.0
2018-03-26,2.623,2.623,2.623,2.623,54.0
2018-03-27,2.644,2.644,2.644,2.644,28.0
2018-03-28,2.644,2.644,2.641,2.641,1.0
2018-03-29,2.655,2.655,2.649,2.649,21.0
2018-04-02,2.658,2.666,2.657,2.657,17.0
2018-04-03,2.657,2.657,2.656,2.657,188.0
2018-04-04,2.65,2.65,2.643,2.643,145.0
2018-04-05,2.651,2.651,2.651,2.651,56.0
2018-04-06,2.638,2.638,2.638,2.638,10.0
2018-04-09,2.635,2.641,2.63,2.641,1086.0
2018-04-10,2.641,2.646,2.641,2.646,32.0
2018-04-11,2.645,2.65,2.645,2.65,14.0
2018-04-12,2.65,2.657,2.65,2.657,5.0
2018-04-13,2.65,2.65,2.643,2.643,20.0
2018-04-16,2.643,2.652,2.643,2.652,208.0
2018-04-17,2.62,2.64,2.62,2.64,822.0
2018-04-18,2.64,2.64,2.62,2.62,2.0
2018-04-19,2.598,2.598,2.577,2.577,106.0
2018-04-20,2.582,2.588,2.581,2.581,25.0
2018-04-23,2.584,2.584,2.579,2.579,264.0
2018-04-24,2.591,2.591,2.574,2.585,92.0
2018-04-25,2.587,2.592,2.58,2.587,271.0
2018-04-26,2.585,2.585,2.585,2.585,92.0
2018-04-27,2.586,2.586,2.574,2.574,19.0
2018-04-30,2.58,2.585,2.58,2.58,255.0
2018-05-01,2.592,2.599,2.575,2.585,20.0
2018-05-02,2.587,2.591,2.581,2.591,180.0
2018-05-03,2.573,2.581,2.573,2.581,127.0
2018-05-04,2.579,2.579,2.57,2.571,24.0
2018-05-07,2.555,2.577,2.555,2.566,86.0
2018-05-08,2.549,2.569,2.526,2.527,298.0
2018-05-09,2.542,2.542,2.52,2.524,13.0
2018-05-10,2.558,2.558,2.547,2.547,73.0
2018-05-11,2.547,2.549,2.542,2.547,378.0
2018-05-14,2.56,2.56,2.539,2.548,239.0
2018-05-15,2.562,2.562,2.532,2.532,137.0
2018-05-16,2.534,2.547,2.531,2.54,208.0
2018-05-17,2.551,2.555,2.549,2.555,94.0
2018-05-18,2.567,2.567,2.563,2.563,303.0
2018-05-21,2.573,2.573,2.566,2.566,15.0
2018-05-22,2.586,2.594,2.586,2.594,141.0
2018-05-23,2.594,2.6,2.583,2.594,502.0
2018-05-24,2.595,2.595,2.578,2.587,330.0
2018-05-25,2.581,2.588,2.578,2.583,149.0
2018-05-29,2.555,2.579,2.535,2.562,344.0
2018-05-30,2.567,2.571,2.561,2.561,566.0
2018-05-31,2.576,2.58,2.569,2.569,288.0
2018-06-01,2.579,2.579,2.575,2.578,441.0
2018-06-04,2.57,2.57,2.556,2.561,408.0
2018-06-05,2.541,2.554,2.541,2.554,296.0
2018-06-06,2.556,2.556,2.551,2.554,58.0
2018-06-07,2.554,2.568,2.554,2.555,110.0
2018-06-08,2.555,2.555,2.546,2.546,18.0
2018-06-11,2.553,2.558,2.55,2.55,127.0
2018-06-12,2.56,2.566,2.555,2.566,494.0
2018-06-13,2.566,2.576,2.566,2.569,577.0
2018-06-14,2.566,2.566,2.545,2.551,288.0
2018-06-15,2.562,2.563,2.541,2.548,963.0
2018-06-18,2.548,2.548,2.542,2.547,226.0
2018-06-19,2.534,2.541,2.523,2.538,347.0
2018-06-20,2.531,2.546,2.531,2.546,251.0
2018-06-21,2.555,2.555,2.536,2.545,340.0
2018-06-22,2.54,2.546,2.54,2.546,111.0
2018-06-25,2.536,2.548,2.536,2.545,257.0
2018-06-26,2.55,2.557,2.543,2.55,196.0
2018-06-27,2.565,2.565,2.555,2.556,207.0
2018-06-28,2.556,2.561,2.536,2.551,619.0
2018-06-29,2.554,2.557,2.55,2.55,1020.0
2018-07-02,2.532,2.547,2.531,2.546,312.0
2018-07-03,2.544,2.551,2.54,2.551,987.0
2018-07-05,2.528,2.566,2.528,2.546,229.0
2018-07-06,2.543,2.558,2.541,2.548,368.0
2018-07-09,2.56,2.57,2.541,2.547,760.0
2018-07-10,2.552,2.552,2.533,2.542,611.0
2018-07-11,2.551,2.563,2.551,2.563,925.0
2018-07-12,2.548,2.549,2.544,2.544,234.0
2018-07-13,2.54,2.543,2.536,2.537,89.0
2018-07-16,2.533,2.536,2.524,2.524,1335.0
2018-07-17,2.53,2.53,2.516,2.516,2181.0
2018-07-18,2.51,2.513,2.504,2.506,1146.0
2018-07-19,2.505,2.512,2.492,2.495,1238.0
2018-07-20,2.491,2.494,2.487,2.488,202.0
2018-07-23,2.513,2.513,2.489,2.501,446.0
2018-07-24,2.507,2.512,2.495,2.497,931.0
2018-07-25,2.529,2.529,2.498,2.501,83.0
2018-07-26,2.509,2.509,2.482,2.482,402.0
2018-07-27,2.495,2.502,2.485,2.502,74.0
2018-07-30,2.515,2.515,2.495,2.511,529.0
2018-07-31,2.507,2.518,2.503,2.511,378.0
2018-08-01,2.491,2.498,2.478,2.478,485.0
2018-08-02,2.485,2.49,2.485,2.49,671.0
2018-08-03,2.495,2.496,2.485,2.496,243.0
2018-08-06,2.494,2.5,2.491,2.496,593.0
2018-08-07,2.499,2.512,2.499,2.507,1283.0
2018-08-08,2.518,2.525,2.509,2.522,1415.0
2018-08-09,2.526,2.536,2.51,2.531,1109.0
2018-08-10,2.525,2.537,2.519,2.535,735.0
2018-08-13,2.525,2.541,2.525,2.541,247.0
2018-08-14,2.546,2.549,2.544,2.546,211.0
2018-08-15,2.541,2.542,2.536,2.542,381.0
2018-08-16,2.532,2.537,2.527,2.533,156.0
2018-08-17,2.54,2.542,2.533,2.538,493.0
2018-08-20,2.537,2.55,2.529,2.536,406.0
2018-08-21,2.537,2.539,2.533,2.535,377.0
2018-08-22,2.527,2.536,2.525,2.533,750.0
2018-08-23,2.535,2.54,2.533,2.539,973.0
2018-08-24,2.547,2.547,2.527,2.53,179.0
2018-08-27,2.52,2.52,2.502,2.505,190.0
2018-08-28,2.499,2.509,2.493,2.503,432.0
2018-08-29,2.498,2.51,2.498,2.499,223.0
2018-08-30,2.49,2.511,2.49,2.496,753.0
2018-08-31,2.52,2.52,2.512,2.516,525.0
2018-09-04,2.494,2.496,2.49,2.496,1443.0
2018-09-05,2.496,2.5,2.49,2.495,553.0
2018-09-06,2.495,2.496,2.483,2.485,287.0
2018-09-07,2.49,2.49,2.48,2.483,1290.0
2018-09-10,2.486,2.493,2.485,2.492,455.0
2018-09-11,2.493,2.503,2.491,2.499,713.0
2018-09-12,2.509,2.516,2.502,2.507,689.0
2018-09-13,2.509,2.513,2.507,2.507,821.0
2018-09-14,2.507,2.507,2.492,2.498,393.0
2018-09-17,2.491,2.506,2.49,2.504,1251.0
2018-09-18,2.501,2.517,2.494,2.515,846.0
2018-09-19,2.498,2.519,2.495,2.502,503.0
2018-09-20,2.504,2.521,2.503,2.521,862.0
2018-09-21,2.503,2.521,2.503,2.517,818.0
2018-09-24,2.517,2.529,2.51,2.523,796.0
2018-09-25,2.516,2.52,2.51,2.515,863.0
2018-09-26,2.514,2.521,2.502,2.52,1285.0
2018-09-27,2.518,2.522,2.504,2.511,2066.0
2018-09-28,2.504,2.521,2.502,2.521,506.0
2018-10-01,2.517,2.519,2.51,2.513,564.0
2018-10-02,2.514,2.518,2.508,2.518,1264.0
2018-10-03,2.511,2.521,2.508,2.518,2902.0
2018-10-04,2.519,2.525,2.509,2.523,713.0
2018-10-05,2.545,2.545,2.517,2.535,1120.0
2018-10-08,2.542,2.553,2.539,2.55,370.0
2018-10-09,2.562,2.589,2.544,2.561,467.0
2018-10-10,2.565,2.568,2.549,2.556,1097.0
2018-10-11,2.549,2.562,2.545,2.562,995.0
2018-10-12,2.56,2.564,2.555,2.564,859.0
2018-10-15,2.56,2.562,2.556,2.562,300.0
2018-10-16,2.57,2.57,2.548,2.557,859.0
2018-10-17,2.559,2.561,2.553,2.561,1044.0
2018-10-18,2.552,2.564,2.551,2.564,1246.0
2018-10-19,2.56,2.568,2.554,2.568,1602.0
2018-10-22,2.558,2.562,2.554,2.562,1108.0
2018-10-23,2.559,2.572,2.559,2.569,203.0
2018-10-24,2.569,2.569,2.555,2.555,449.0
2018-10-25,2.56,2.561,2.542,2.544,1020.0
2018-10-26,2.56,2.56,2.525,2.541,754.0
2018-10-29,2.545,2.553,2.527,2.552,1183.0
2018-10-30,2.553,2.554,2.534,2.534,1060.0
2018-10-31,2.547,2.555,2.542,2.549,842.0
2018-11-01,2.539,2.558,2.539,2.543,861.0
2018-11-02,2.532,2.546,2.53,2.546,1788.0
2018-11-05,2.559,2.575,2.522,2.552,2102.0
2018-11-06,2.553,2.564,2.551,2.564,1034.0
2018-11-07,2.558,2.567,2.555,2.564,1468.0
2018-11-08,2.563,2.571,2.561,2.571,750.0
2018-11-09,2.573,2.581,2.554,2.57,2184.0
2018-11-12,2.569,2.607,2.569,2.594,2117.0
2018-11-13,2.591,2.614,2.55,2.56,5235.0
2018-11-14,2.56,2.562,2.508,2.53,8426.0
2018-11-15,2.522,2.528,2.491,2.505,5345.0
2018-11-16,2.49,2.522,2.49,2.5,2365.0
2018-11-19,2.56,2.56,2.485,2.485,3478.0
2018-11-20,2.485,2.493,2.431,2.437,4454.0
2018-11-21,2.47,2.476,2.434,2.434,2280.0
2018-11-23,2.437,2.489,2.437,2.47,816.0
2018-11-26,2.462,2.477,2.46,2.466,729.0
2018-11-27,2.468,2.485,2.468,2.476,652.0
2018-11-28,2.486,2.5,2.482,2.498,912.0
2018-11-29,2.496,2.509,2.47,2.47,1037.0
2018-11-30,2.475,2.492,2.469,2.479,1095.0
2018-12-03,2.482,2.5,2.465,2.5,2844.0
2018-12-04,2.517,2.526,2.482,2.499,2994.0
2018-12-05,2.519,2.539,2.496,2.508,1831.0
2018-12-06,2.507,2.516,2.502,2.513,2291.0
2018-12-07,2.517,2.55,2.517,2.535,1646.0
2018-12-10,2.532,2.545,2.532,2.535,1682.0
2018-12-11,2.549,2.55,2.529,2.535,1577.0
2018-12-12,2.54,2.631,2.524,2.539,1638.0
2018-12-13,2.56,2.56,2.535,2.539,1009.0
2018-12-14,2.548,2.552,2.54,2.55,888.0
2018-12-17,2.545,2.573,2.529,2.542,2426.0
2018-12-18,2.557,2.563,2.544,2.551,803.0
2018-12-19,2.536,2.559,2.536,2.553,426.0
2018-12-20,2.57,2.57,2.54,2.548,1084.0
2018-12-21,2.541,2.569,2.533,2.565,1550.0
2018-12-24,2.565,2.566,2.528,2.539,156.0
2018-12-26,2.567,2.567,2.551,2.556,496.0
2018-12-27,2.556,2.568,2.546,2.56,930.0
2018-12-28,2.567,2.577,2.535,2.544,1071.0
2018-12-31,2.542,2.56,2.531,2.533,1190.0
2019-01-02,2.533,2.55,2.496,2.497,2957.0
2019-01-03,2.509,2.52,2.485,2.49,1277.0
2019-01-04,2.51,2.515,2.492,2.513,3483.0
2019-01-07,2.511,2.533,2.506,2.532,2711.0
2019-01-08,2.538,2.578,2.533,2.574,8892.0
2019-01-09,2.58,2.601,2.567,2.597,8727.0
2019-01-10,2.599,2.62,2.586,2.618,6937.0
2019-01-11,2.631,2.643,2.62,2.632,7285.0
2019-01-14,2.645,2.645,2.621,2.637,9808.0
2019-01-15,2.622,2.625,2.591,2.608,1966.0
2019-01-16,2.618,2.621,2.55,2.567,5277.0
2019-01-17,2.601,2.602,2.572,2.585,2295.0
2019-01-18,2.588,2.599,2.571,2.599,2572.0
2019-01-22,2.6,2.614,2.579,2.606,5805.0
2019-01-23,2.62,2.62,2.593,2.602,4525.0
2019-01-24,2.61,2.624,2.606,2.618,2047.0
2019-01-25,2.607,2.619,2.607,2.618,2042.0
2019-01-28,2.606,2.62,2.567,2.614,3003.0
2019-01-29,2.62,2.63,2.596,2.622,5325.0
2019-01-30,2.616,2.62,2.605,2.611,1436.0
2019-01-31,2.618,2.619,2.579,2.579,3471.0
2019-02-01,2.577,2.585,2.56,2.568,2815.0
2019-02-04,2.556,2.56,2.542,2.554,2265.0
2019-02-05,2.553,2.586,2.551,2.582,1838.0
2019-02-06,2.588,2.596,2.577,2.59,2348.0
2019-02-07,2.577,2.592,2.556,2.578,4015.0
2019-02-08,2.584,2.6,2.579,2.598,1415.0
2019-02-11,2.601,2.625,2.601,2.622,2978.0
2019-02-12,2.607,2.636,2.605,2.627,2484.0
2019-02-13,2.606,2.62,2.59,2.615,4589.0
2019-02-14,2.604,2.613,2.598,2.613,1755.0
2019-02-15,2.596,2.611,2.59,2.594,2990.0
2019-02-19,2.596,2.625,2.581,2.625,1119.0
2019-02-20,2.619,2.621,2.592,2.599,1892.0
2019-02-21,2.606,2.61,2.593,2.598,2090.0
2019-02-22,2.608,2.61,2.588,2.606,2419.0
2019-02-25,2.608,2.624,2.597,2.612,3215.0
2019-02-26,2.601,2.619,2.594,2.604,2265.0
2019-02-27,2.607,2.62,2.579,2.614,1263.0
2019-02-28,2.611,2.631,2.606,2.631,2365.0
2019-03-01,2.614,2.633,2.614,2.633,3578.0
2019-03-04,2.62,2.644,2.619,2.64,4275.0
2019-03-05,2.64,2.65,2.621,2.643,4362.0
2019-03-06,2.63,2.633,2.624,2.632,6201.0
2019-03-07,2.629,2.649,2.624,2.649,4656.0
2019-03-08,2.648,2.656,2.638,2.653,4699.0
2019-03-11,2.642,2.645,2.607,2.645,5930.0
2019-03-12,2.634,2.654,2.625,2.651,5699.0
2019-03-13,2.655,2.664,2.64,2.654,4928.0
2019-03-14,2.656,2.659,2.645,2.659,2096.0
2019-03-15,2.652,2.655,2.632,2.644,3312.0
2019-03-18,2.646,2.66,2.636,2.66,2178.0
2019-03-19,2.66,2.667,2.649,2.654,2256.0
2019-03-20,2.648,2.658,2.641,2.643,1719.0
2019-03-21,2.652,2.655,2.641,2.655,1801.0
2019-03-22,2.64,2.65,2.623,2.646,2122.0
2019-03-25,2.631,2.647,2.63,2.644,4708.0
2019-03-26,2.645,2.649,2.633,2.645,1827.0
2019-03-27,2.636,2.636,2.618,2.631,5882.0
2019-03-28,2.638,2.64,2.622,2.626,3126.0
2019-03-29,2.637,2.637,2.616,2.62,2689.0
2019-04-01,2.623,2.636,2.61,2.615,4077.0
2019-04-02,2.612,2.63,2.608,2.625,5348.0
2019-04-03,2.622,2.633,2.617,2.633,2968.0
2019-04-04,2.629,2.632,2.616,2.621,4000.0
2019-04-05,2.624,2.632,2.619,2.632,3572.0
2019-04-08,2.631,2.654,2.627,2.652,4395.0
2019-04-09,2.652,2.655,2.643,2.653,3087.0
2019-04-10,2.657,2.66,2.645,2.65,3019.0
2019-04-11,2.651,2.655,2.639,2.643,5245.0
2019-04-12,2.65,2.663,2.643,2.646,1760.0
2019-04-15,2.643,2.644,2.617,2.62,6215.0
2019-04-16,2.619,2.624,2.604,2.613,5103.0
2019-04-17,2.609,2.611,2.573,2.581,9956.0
2019-04-18,2.58,2.58,2.553,2.557,7516.0
2019-04-22,2.557,2.571,2.546,2.548,2908.0
2019-04-23,2.549,2.552,2.52,2.526,5713.0
2019-04-24,2.53,2.543,2.518,2.526,4793.0
2019-04-25,2.53,2.55,2.515,2.548,5167.0
2019-04-26,2.547,2.569,2.547,2.551,2902.0
2019-04-29,2.551,2.562,2.539,2.558,2286.0
2019-04-30,2.558,2.572,2.552,2.567,3314.0
2019-05-01,2.559,2.581,2.557,2.574,3949.0
2019-05-02,2.578,2.58,2.559,2.577,5665.0
2019-05-03,2.573,2.586,2.56,2.564,4436.0
2019-05-06,2.566,2.57,2.543,2.544,4350.0
2019-05-07,2.545,2.569,2.542,2.562,3359.0
2019-05-08,2.57,2.595,2.567,2.592,5503.0
2019-05-09,2.583,2.593,2.576,2.59,1911.0
2019-05-10,2.576,2.601,2.576,2.59,3739.0
2019-05-13,2.588,2.605,2.584,2.594,2618.0
2019-05-14,2.603,2.613,2.599,2.613,3840.0
2019-05-15,2.607,2.615,2.596,2.599,2652.0
2019-05-16,2.6,2.623,2.593,2.622,3826.0
2019-05-17,2.625,2.63,2.611,2.619,2157.0
2019-05-20,2.624,2.651,2.617,2.623,4407.0
2019-05-21,2.616,2.62,2.598,2.6,2906.0
2019-05-22,2.603,2.61,2.561,2.565,5275.0
2019-05-23,2.567,2.574,2.554,2.57,2571.0
2019-05-24,2.562,2.573,2.546,2.569,3474.0
2019-05-28,2.564,2.564,2.542,2.559,2891.0
2019-05-29,2.561,2.582,2.559,2.568,4256.0
2019-05-30,2.566,2.569,2.535,2.55,5597.0
2019-05-31,2.551,2.554,2.506,2.517,8562.0
2019-06-03,2.506,2.526,2.493,2.498,8241.0
2019-06-04,2.505,2.524,2.495,2.511,6246.0
2019-06-05,2.512,2.528,2.507,2.514,7677.0
2019-06-06,2.519,2.525,2.474,2.482,12193.0
2019-06-07,2.484,2.502,2.477,2.491,9281.0
2019-06-10,2.495,2.509,2.483,2.488,7066.0
2019-06-11,2.493,2.507,2.472,2.503,5665.0
2019-06-12,2.502,2.506,2.487,2.503,5664.0
2019-06-13,2.492,2.509,2.481,2.495,8122.0
2019-06-14,2.498,2.516,2.496,2.513,5492.0
2019-06-17,2.516,2.527,2.493,2.5,7595.0
2019-06-18,2.502,2.509,2.471,2.478,6323.0
2019-06-19,2.482,2.489,2.443,2.446,7647.0
2019-06-20,2.448,2.448,2.34,2.364,16917.0
2019-06-21,2.394,2.396,2.367,2.384,9363.0
2019-06-24,2.396,2.451,2.388,2.446,8306.0
2019-06-25,2.436,2.444,2.398,2.433,6034.0
2019-06-26,2.423,2.436,2.404,2.413,4973.0
2019-06-27,2.412,2.432,2.402,2.427,6301.0
2019-06-28,2.422,2.437,2.405,2.414,6693.0
2019-07-01,2.419,2.419,2.365,2.387,8176.0
2019-07-02,2.379,2.403,2.355,2.364,6956.0
2019-07-03,2.365,2.379,2.358,2.375,9243.0
2019-07-05,2.373,2.451,2.35,2.434,11754.0
2019-07-08,2.454,2.472,2.416,2.426,9636.0
2019-07-09,2.434,2.472,2.421,2.468,9475.0
2019-07-10,2.473,2.494,2.463,2.473,13485.0
2019-07-11,2.474,2.494,2.456,2.47,13534.0
2019-07-12,2.468,2.494,2.467,2.474,10538.0
2019-07-15,2.468,2.468,2.44,2.455,5210.0
2019-07-16,2.448,2.448,2.398,2.404,8816.0
2019-07-17,2.414,2.422,2.391,2.406,6993.0
2019-07-18,2.406,2.419,2.376,2.39,8040.0
2019-07-19,2.389,2.396,2.361,2.367,8462.0
2019-07-22,2.36,2.399,2.36,2.393,7131.0
2019-07-23,2.391,2.396,2.37,2.392,5227.0
2019-07-24,2.387,2.389,2.347,2.354,11097.0
2019-07-25,2.361,2.374,2.357,2.368,8547.0
2019-07-26,2.361,2.363,2.312,2.326,11827.0
2019-07-29,2.339,2.339,2.293,2.299,8600.0
2019-07-30,2.3,2.324,2.294,2.318,7693.0
2019-07-31,2.326,2.386,2.321,2.36,17592.0
2019-08-01,2.365,2.399,2.323,2.349,17495.0
2019-08-02,2.331,2.347,2.275,2.298,11968.0
2019-08-05,2.265,2.282,2.244,2.263,11824.0
2019-08-06,2.266,2.293,2.26,2.273,15592.0
2019-08-07,2.267,2.296,2.243,2.256,10673.0
2019-08-08,2.266,2.284,2.258,2.278,13289.0
2019-08-09,2.265,2.278,2.243,2.277,10659.0
2019-08-12,2.277,2.286,2.244,2.248,9571.0
2019-08-13,2.26,2.279,2.24,2.264,12736.0
2019-08-14,2.266,2.296,2.244,2.262,13579.0
2019-08-15,2.273,2.325,2.261,2.29,15077.0
2019-08-16,2.278,2.282,2.24,2.257,9430.0
2019-08-19,2.239,2.273,2.218,2.267,11835.0
2019-08-20,2.261,2.275,2.243,2.274,6723.0
2019-08-21,2.276,2.284,2.246,2.261,8009.0
2019-08-22,2.265,2.27,2.243,2.25,7526.0
2019-08-23,2.25,2.255,2.229,2.245,6473.0
2019-08-26,2.262,2.295,2.255,2.293,8591.0
2019-08-27,2.283,2.294,2.262,2.271,7316.0
2019-08-28,2.276,2.319,2.274,2.293,11271.0
2019-08-29,2.296,2.323,2.289,2.311,17651.0
2019-08-30,2.293,2.311,2.268,2.277,17800.0
2019-09-03,2.275,2.315,2.271,2.315,17609.0
2019-09-04,2.313,2.344,2.301,2.338,30209.0
2019-09-05,2.337,2.358,2.323,2.358,24181.0
2019-09-06,2.334,2.383,2.33,2.381,31348.0
2019-09-09,2.381,2.412,2.364,2.399,32377.0
2019-09-10,2.404,2.431,2.398,2.401,33525.0
2019-09-11,2.406,2.421,2.381,2.404,25877.0
2019-09-12,2.398,2.418,2.377,2.4,26807.0
2019-09-13,2.39,2.402,2.369,2.395,20679.0
2019-09-16,2.43,2.434,2.4,2.431,28129.0
2019-09-17,2.426,2.431,2.403,2.424,20931.0
2019-09-18,2.421,2.435,2.386,2.401,16516.0
2019-09-19,2.401,2.403,2.349,2.363,25616.0
2019-09-20,2.36,2.37,2.339,2.37,15746.0
2019-09-23,2.365,2.375,2.35,2.375,14010.0
2019-09-24,2.375,2.404,2.357,2.372,17744.0
2019-09-25,2.362,2.365,2.332,2.357,23078.0
2019-09-26,2.352,2.365,2.296,2.332,37935.0
2019-09-27,2.329,2.332,2.299,2.312,14733.0
2019-09-30,2.317,2.32,2.272,2.284,27023.0
2019-10-01,2.28,2.305,2.259,2.3,32516.0
2019-10-02,2.308,2.335,2.281,2.285,24755.0
2019-10-03,2.288,2.311,2.24,2.3,33495.0
2019-10-04,2.294,2.324,2.264,2.315,23774.0
2019-10-07,2.313,2.319,2.28,2.308,16688.0
2019-10-08,2.302,2.306,2.272,2.285,17850.0
2019-10-09,2.286,2.29,2.257,2.262,19668.0
2019-10-10,2.258,2.268,2.243,2.249,29255.0
2019-10-11,2.245,2.265,2.229,2.244,30379.0
2019-10-14,2.246,2.27,2.231,2.253,16773.0
2019-10-15,2.258,2.273,2.246,2.271,21833.0
2019-10-16,2.271,2.283,2.238,2.247,19224.0
2019-10-17,2.248,2.278,2.247,2.269,21740.0
2019-10-18,2.274,2.285,2.258,2.274,20411.0
2019-10-21,2.266,2.274,2.236,2.258,23074.0
2019-10-22,2.258,2.273,2.247,2.252,19860.0
2019-10-23,2.25,2.257,2.227,2.232,21097.0
2019-10-24,2.233,2.258,2.22,2.253,19902.0
2019-10-25,2.254,2.258,2.233,2.234,16012.0
2019-10-28,2.26,2.288,2.25,2.275,34472.0
2019-10-29,2.273,2.342,2.273,2.313,46616.0
2019-10-30,2.317,2.36,2.304,2.347,43478.0
2019-10-31,2.354,2.369,2.326,2.34,51537.0
2019-11-01,2.348,2.376,2.322,2.371,54431.0
2019-11-04,2.395,2.43,2.384,2.418,45410.0
2019-11-05,2.408,2.447,2.405,2.427,54021.0
2019-11-06,2.436,2.444,2.402,2.407,45756.0
2019-11-07,2.408,2.435,2.38,2.402,59399.0
2019-11-08,2.404,2.428,2.391,2.42,28235.0
2019-11-11,2.398,2.4,2.353,2.373,33708.0
2019-11-12,2.38,2.395,2.361,2.373,27891.0
2019-11-13,2.377,2.385,2.332,2.36,35731.0
2019-11-14,2.38,2.391,2.35,2.37,41688.0
2019-11-15,2.361,2.388,2.352,2.368,34909.0
2019-11-18,2.35,2.36,2.312,2.324,30643.0
2019-11-19,2.318,2.325,2.279,2.291,31176.0
2019-11-20,2.292,2.311,2.287,2.298,28837.0
2019-11-21,2.297,2.307,2.274,2.293,28463.0
2019-11-22,2.292,2.341,2.277,2.332,44760.0
2019-11-25,2.357,2.357,2.273,2.304,47807.0
2019-11-26,2.295,2.307,2.265,2.289,45293.0
2019-11-27,2.284,2.3,2.262,2.272,39630.0
2019-11-29,2.266,2.271,2.132,2.136,48113.0
2019-12-02,2.164,2.187,2.139,2.165,38392.0
2019-12-03,2.168,2.237,2.165,2.192,61481.0
2019-12-04,2.196,2.208,2.169,2.192,41105.0
2019-12-05,2.197,2.221,2.183,2.211,36295.0
2019-12-06,2.206,2.215,2.161,2.168,41945.0
2019-12-09,2.093,2.154,2.09,2.145,61298.0
2019-12-10,2.149,2.17,2.133,2.165,43906.0
2019-12-11,2.167,2.176,2.145,2.148,36927.0
2019-12-12,2.153,2.217,2.144,2.2,35619.0
2019-12-13,2.204,2.204,2.155,2.17,38423.0
2019-12-16,2.177,2.217,2.171,2.2,38485.0
2019-12-17,2.207,2.212,2.165,2.191,32901.0
2019-12-18,2.18,2.187,2.157,2.167,32111.0
2019-12-19,2.164,2.178,2.142,2.168,33781.0
2019-12-20,2.173,2.208,2.169,2.194,27033.0
2019-12-23,2.161,2.164,2.134,2.145,30580.0
2019-12-24,2.147,2.162,2.117,2.123,17352.0
2019-12-26,2.138,2.19,2.138,2.185,19851.0
2019-12-27,2.177,2.18,2.105,2.16,39040.0
2019-12-30,2.171,2.181,2.146,2.149,25606.0
2019-12-31,2.156,2.169,2.126,2.149,34227.0
2020-01-02,2.145,2.15,2.093,2.098,48370.0
2020-01-03,2.103,2.133,2.07,2.113,40685.0
2020-01-06,2.1,2.154,2.088,2.135,39388.0
2020-01-07,2.145,2.161,2.109,2.146,47208.0
2020-01-08,2.142,2.155,2.108,2.135,62518.0
2020-01-09,2.14,2.154,2.098,2.15,56625.0
2020-01-10,2.15,2.177,2.127,2.164,72813.0
2020-01-13,2.17,2.173,2.133,2.163,61657.0
2020-01-14,2.162,2.196,2.144,2.154,73589.0
2020-01-15,2.15,2.155,2.093,2.097,68720.0
2020-01-16,2.107,2.13,2.056,2.064,71031.0
2020-01-17,2.062,2.063,2.002,2.011,57999.0
2020-01-21,1.981,1.993,1.856,1.93,89819.0
2020-01-22,1.935,1.958,1.925,1.935,65935.0
2020-01-23,1.943,1.986,1.935,1.94,71478.0
2020-01-24,1.946,1.949,1.893,1.908,70853.0
2020-01-27,1.934,1.979,1.903,1.915,70873.0
2020-01-28,1.916,1.961,1.899,1.945,64644.0
2020-01-29,1.939,1.955,1.902,1.909,83411.0
2020-01-30,1.915,1.926,1.864,1.872,114627.0
2020-01-31,1.872,1.895,1.859,1.886,76389.0
2020-02-03,1.895,1.924,1.857,1.862,102140.0
2020-02-04,1.862,1.917,1.847,1.902,97021.0
2020-02-05,1.902,1.909,1.857,1.887,93327.0
2020-02-06,1.891,1.927,1.857,1.887,104502.0
2020-02-07,1.888,1.915,1.869,1.892,198637.0
2020-02-10,1.85,1.851,1.796,1.804,249661.0
2020-02-11,1.804,1.833,1.788,1.823,210379.0
2020-02-12,1.819,1.885,1.819,1.874,227093.0
2020-02-13,1.868,1.894,1.853,1.856,211023.0
2020-02-14,1.851,1.872,1.831,1.856,128679.0
2020-02-18,1.892,1.974,1.885,1.971,269465.0
2020-02-19,1.958,1.986,1.941,1.971,249017.0
2020-02-20,1.973,2.024,1.919,1.931,272830.0
2020-02-21,1.924,1.93,1.874,1.917,182591.0
2020-02-24,1.891,1.893,1.839,1.843,156378.0
2020-02-25,1.853,1.879,1.833,1.851,166757.0
2020-02-26,1.852,1.886,1.82,1.837,163415.0
2020-02-27,1.828,1.831,1.719,1.752,276100.0
2020-02-28,1.748,1.75,1.642,1.684,218418.0
2020-03-02,1.695,1.765,1.68,1.756,197987.0
2020-03-03,1.763,1.839,1.756,1.8,207501.0
2020-03-04,1.805,1.845,1.785,1.827,138206.0
2020-03-05,1.829,1.847,1.756,1.772,152639.0
2020-03-06,1.767,1.767,1.705,1.708,213508.0
2020-03-09,1.678,1.83,1.61,1.778,291353.0
2020-03-10,1.835,1.955,1.794,1.936,350204.0
2020-03-11,1.938,1.998,1.86,1.878,318547.0
2020-03-12,1.883,1.883,1.75,1.841,280154.0
2020-03-13,1.81,1.951,1.795,1.869,222420.0
2020-03-16,1.854,1.854,1.778,1.815,167169.0
2020-03-17,1.797,1.82,1.711,1.729,163792.0
2020-03-18,1.721,1.728,1.555,1.604,216851.0
2020-03-19,1.632,1.683,1.602,1.654,189477.0
2020-03-20,1.647,1.7,1.574,1.604,160481.0
2020-03-23,1.533,1.628,1.519,1.602,138581.0
2020-03-24,1.59,1.687,1.583,1.653,92341.0
2020-03-25,1.673,1.716,1.638,1.659,42555.0
2020-03-26,1.657,1.68,1.612,1.637,48026.0
2020-03-27,1.64,1.65,1.597,1.634,6316.0
