DATETIME,OPEN,HIGH,LOW,FINAL,VOLUME
2016-08-30,3.938,3.938,3.938,3.938,0.0
2016-08-31,3.964,3.964,3.964,3.964,0.0
2016-09-01,3.923,3.923,3.923,3.923,0.0
2016-09-02,3.904,3.904,3.904,3.904,0.0
2016-09-06,3.905,3.905,3.905,3.905,0.0
2016-09-07,3.881,3.881,3.881,3.881,0.0
2016-09-08,3.869,3.869,3.869,3.869,0.0
2016-09-09,3.82,3.82,3.82,3.82,0.0
2016-09-12,3.822,3.822,3.822,3.822,0.0
2016-09-13,3.796,3.796,3.796,3.796,0.0
2016-09-14,3.813,3.813,3.813,3.813,0.0
2016-09-15,3.818,3.818,3.818,3.818,0.0
2016-09-16,3.799,3.799,3.799,3.799,0.0
2016-09-19,3.777,3.777,3.777,3.777,0.0
2016-09-20,3.787,3.787,3.787,3.787,0.0
2016-09-21,3.768,3.768,3.768,3.768,0.0
2016-09-22,3.731,3.731,3.731,3.731,0.0
2016-09-23,3.742,3.742,3.742,3.742,0.0
2016-09-26,3.753,3.753,3.753,3.753,0.0
2016-09-27,3.719,3.719,3.719,3.719,0.0
2016-09-28,3.693,3.693,3.693,3.693,0.0
2016-09-29,3.652,3.652,3.652,3.652,0.0
2016-09-30,3.648,3.648,3.648,3.648,0.0
2016-10-03,3.639,3.639,3.639,3.639,0.0
2016-10-04,3.613,3.613,3.613,3.613,0.0
2016-10-05,3.629,3.629,3.629,3.629,0.0
2016-10-06,3.631,3.631,3.631,3.631,0.0
2016-10-07,3.645,3.645,3.645,3.645,0.0
2016-10-10,3.636,3.636,3.636,3.636,0.0
2016-10-11,3.734,3.734,3.734,3.734,0.0
2016-10-12,3.703,3.703,3.703,3.703,0.0
2016-10-13,3.715,3.715,3.715,3.715,0.0
2016-10-14,3.712,3.712,3.712,3.712,0.0
2016-10-17,3.719,3.719,3.719,3.719,0.0
2016-10-18,3.721,3.721,3.721,3.721,0.0
2016-10-19,3.713,3.713,3.713,3.713,0.0
2016-10-20,3.733,3.733,3.733,3.733,0.0
2016-10-21,3.733,3.733,3.733,3.733,0.0
2016-10-24,3.728,3.728,3.728,3.728,0.0
2016-10-25,3.718,3.718,3.718,3.718,0.0
2016-10-26,3.726,3.726,3.726,3.726,0.0
2016-10-27,3.749,3.749,3.749,3.749,0.0
2016-10-28,3.762,3.762,3.762,3.762,0.0
2016-10-31,3.755,3.755,3.755,3.755,0.0
2016-11-01,3.761,3.761,3.761,3.761,0.0
2016-11-02,3.741,3.741,3.741,3.741,0.0
2016-11-03,3.767,3.767,3.767,3.767,0.0
2016-11-04,3.765,3.765,3.765,3.765,0.0
2016-11-07,3.78,3.78,3.78,3.78,0.0
2016-11-08,3.804,3.804,3.804,3.804,0.0
2016-11-09,3.784,3.784,3.784,3.784,0.0
2016-11-10,3.794,3.794,3.794,3.794,0.0
2016-11-11,3.769,3.769,3.769,3.769,0.0
2016-11-14,3.739,3.739,3.739,3.739,0.0
2016-11-15,3.699,3.699,3.699,3.699,0.0
2016-11-16,3.704,3.704,3.704,3.704,0.0
2016-11-17,3.719,3.719,3.719,3.719,0.0
2016-11-18,3.675,3.675,3.675,3.675,0.0
2016-11-21,3.651,3.651,3.651,3.651,0.0
2016-11-22,3.623,3.623,3.623,3.623,0.0
2016-11-23,3.591,3.591,3.591,3.591,0.0
2016-11-25,3.59,3.59,3.59,3.59,0.0
2016-11-28,3.533,3.533,3.533,3.533,0.0
2016-11-29,3.485,3.485,3.485,3.485,0.0
2016-11-30,3.431,3.431,3.431,3.431,0.0
2016-12-01,3.477,3.477,3.477,3.477,0.0
2016-12-02,3.467,3.467,3.467,3.467,0.0
2016-12-05,3.462,3.462,3.462,3.462,0.0
2016-12-06,3.46,3.46,3.46,3.46,0.0
2016-12-07,3.48,3.48,3.48,3.48,0.0
2016-12-08,3.514,3.514,3.514,3.514,0.0
2016-12-09,3.44,3.44,3.44,3.44,0.0
2016-12-12,3.428,3.428,3.428,3.428,0.0
2016-12-13,3.404,3.404,3.404,3.404,0.0
2016-12-14,3.356,3.356,3.356,3.356,0.0
2016-12-15,3.369,3.369,3.369,3.369,0.0
2016-12-16,3.393,3.393,3.393,3.393,0.0
2016-12-19,3.401,3.401,3.401,3.401,0.0
2016-12-20,3.373,3.373,3.373,3.373,0.0
2016-12-21,3.372,3.372,3.372,3.372,0.0
2016-12-22,3.335,3.335,3.335,3.335,0.0
2016-12-23,3.33,3.33,3.33,3.33,0.0
2016-12-27,3.348,3.348,3.348,3.348,0.0
2016-12-28,3.358,3.358,3.358,3.358,0.0
2016-12-29,3.368,3.368,3.368,3.368,0.0
2016-12-30,3.371,3.371,3.371,3.371,0.0
2017-01-03,3.36,3.36,3.36,3.36,0.0
2017-01-04,3.358,3.358,3.358,3.358,0.0
2017-01-05,3.37,3.37,3.37,3.37,0.0
2017-01-06,3.329,3.329,3.329,3.329,0.0
2017-01-09,3.305,3.305,3.305,3.305,0.0
2017-01-10,3.308,3.308,3.308,3.308,0.0
2017-01-11,3.252,3.252,3.252,3.252,0.0
2017-01-12,3.217,3.217,3.217,3.217,0.0
2017-01-13,3.147,3.147,3.147,3.147,0.0
2017-01-17,3.149,3.149,3.149,3.149,0.0
2017-01-18,3.139,3.139,3.139,3.139,0.0
2017-01-19,3.081,3.081,3.081,3.081,0.0
2017-01-20,3.088,3.088,3.088,3.088,0.0
2017-01-23,3.091,3.091,3.091,3.091,0.0
2017-01-24,3.081,3.081,3.081,3.081,0.0
2017-01-25,3.067,3.067,3.067,3.067,0.0
2017-01-26,3.049,3.049,3.049,3.049,0.0
2017-01-27,3.036,3.036,3.036,3.036,0.0
2017-01-30,3.048,3.048,3.048,3.048,0.0
2017-01-31,3.05,3.05,3.05,3.05,0.0
2017-02-01,3.035,3.035,3.035,3.035,0.0
2017-02-02,3.038,3.038,3.038,3.038,0.0
2017-02-03,3.021,3.021,3.021,3.021,0.0
2017-02-06,3.011,3.011,3.011,3.011,0.0
2017-02-07,3.027,3.027,3.027,3.027,0.0
2017-02-08,3.033,3.033,3.033,3.033,0.0
2017-02-09,3.026,3.026,3.026,3.026,0.0
2017-02-10,3.006,3.006,3.006,3.006,0.0
2017-02-13,2.976,2.976,2.976,2.976,0.0
2017-02-14,2.966,2.966,2.966,2.966,0.0
2017-02-15,2.968,2.968,2.968,2.968,0.0
2017-02-16,2.982,2.982,2.982,2.982,0.0
2017-02-17,2.983,2.983,2.983,2.983,0.0
2017-02-21,2.976,2.976,2.976,2.976,0.0
2017-02-22,2.978,2.978,2.978,2.978,0.0
2017-02-23,2.979,2.979,2.979,2.979,0.0
2017-02-24,2.951,2.951,2.951,2.951,0.0
2017-02-27,2.952,2.952,2.952,2.952,0.0
2017-02-28,2.948,2.948,2.948,2.948,0.0
2017-03-01,2.96,2.96,2.96,2.96,0.0
2017-03-02,2.955,2.955,2.955,2.955,0.0
2017-03-03,2.968,2.968,2.968,2.968,0.0
2017-03-06,2.99,2.99,2.99,2.99,0.0
2017-03-07,2.97,2.97,2.97,2.97,0.0
2017-03-08,2.963,2.963,2.963,2.963,0.0
2017-03-09,2.956,2.956,2.956,2.956,0.0
2017-03-10,2.943,2.943,2.943,2.943,0.0
2017-03-13,2.948,2.948,2.948,2.948,0.0
2017-03-14,2.953,2.953,2.953,2.953,0.0
2017-03-15,2.973,2.973,2.973,2.973,0.0
2017-03-16,2.994,2.994,2.994,2.994,0.0
2017-03-17,2.999,2.999,2.999,2.999,0.0
2017-03-20,3.002,3.002,3.002,3.002,0.0
2017-03-21,3.015,3.015,3.015,3.015,0.0
2017-03-22,3.017,3.017,3.017,3.017,0.0
2017-03-23,3.012,3.012,3.012,3.012,0.0
2017-03-24,2.98,2.98,2.98,2.98,0.0
2017-03-27,2.97,2.97,2.97,2.97,0.0
2017-03-28,2.961,2.961,2.961,2.961,0.0
2017-03-29,2.969,2.969,2.969,2.969,0.0
2017-03-30,2.972,2.972,2.972,2.972,0.0
2017-03-31,2.973,2.973,2.973,2.973,0.0
2017-04-03,2.98,2.98,2.98,2.98,0.0
2017-04-04,2.993,2.993,2.993,2.993,0.0
2017-04-05,3.012,3.012,3.012,3.012,0.0
2017-04-06,2.997,2.997,2.997,2.997,0.0
2017-04-07,3.011,3.011,3.011,3.011,0.0
2017-04-10,3.02,3.02,3.02,3.02,0.0
2017-04-11,3.051,3.051,3.051,3.051,0.0
2017-04-12,3.052,3.052,3.052,3.052,0.0
2017-04-13,3.07,3.07,3.07,3.07,0.0
2017-04-17,3.059,3.059,3.059,3.059,0.0
2017-04-18,3.089,3.089,3.089,3.089,0.0
2017-04-19,3.1,3.1,3.1,3.1,0.0
2017-04-20,3.134,3.134,3.134,3.134,0.0
2017-04-21,3.135,3.135,3.135,3.135,0.0
2017-04-24,3.094,3.094,3.094,3.094,0.0
2017-04-25,3.094,3.094,3.094,3.094,0.0
2017-04-26,3.085,3.085,3.085,3.085,0.0
2017-04-27,3.076,3.076,3.076,3.076,0.0
2017-04-28,3.092,3.092,3.092,3.092,0.0
2017-05-01,3.067,3.067,3.067,3.067,0.0
2017-05-02,3.068,3.068,3.068,3.068,0.0
2017-05-03,3.087,3.087,3.087,3.087,0.0
2017-05-04,3.13,3.13,3.13,3.13,0.0
2017-05-05,3.13,3.13,3.13,3.13,0.0
2017-05-08,3.121,3.121,3.121,3.121,0.0
2017-05-09,3.124,3.124,3.124,3.124,0.0
2017-05-10,3.125,3.125,3.125,3.125,0.0
2017-05-11,3.159,3.159,3.159,3.159,0.0
2017-05-12,3.163,3.163,3.163,3.163,0.0
2017-05-15,3.158,3.158,3.158,3.158,0.0
2017-05-16,3.175,3.175,3.175,3.175,0.0
2017-05-17,3.171,3.171,3.171,3.171,0.0
2017-05-18,3.158,3.158,3.158,3.158,0.0
2017-05-19,3.148,3.148,3.148,3.148,0.0
2017-05-22,3.15,3.15,3.15,3.15,0.0
2017-05-23,3.219,3.219,3.219,3.219,0.0
2017-05-24,3.221,3.221,3.221,3.221,0.0
2017-05-25,3.204,3.204,3.204,3.204,0.0
2017-05-26,3.189,3.189,3.189,3.189,0.0
2017-05-30,3.162,3.162,3.162,3.162,0.0
2017-05-31,3.158,3.158,3.158,3.158,0.0
2017-06-01,3.16,3.16,3.16,3.16,0.0
2017-06-02,3.15,3.15,3.15,3.15,0.0
2017-06-05,3.12,3.12,3.12,3.12,0.0
2017-06-06,3.062,3.062,3.062,3.062,0.0
2017-06-07,3.073,3.073,3.073,3.073,0.0
2017-06-08,3.091,3.091,3.091,3.091,0.0
2017-06-09,3.088,3.088,3.088,3.088,0.0
2017-06-12,3.09,3.09,3.09,3.09,0.0
2017-06-13,3.09,3.09,3.09,3.09,0.0
2017-06-14,3.079,3.079,3.079,3.079,0.0
2017-06-15,3.107,3.107,3.107,3.107,0.0
2017-06-16,3.096,3.096,3.096,3.096,0.0
2017-06-19,3.119,3.119,3.119,3.119,0.0
2017-06-20,3.157,3.157,3.157,3.157,0.0
2017-06-21,3.173,3.173,3.173,3.173,0.0
2017-06-22,3.167,3.167,3.167,3.167,0.0
2017-06-23,3.164,3.164,3.164,3.164,0.0
2017-06-26,3.139,3.139,3.139,3.139,0.0
2017-06-27,3.139,3.139,3.139,3.139,0.0
2017-06-28,3.129,3.129,3.129,3.129,0.0
2017-06-29,3.129,3.129,3.129,3.129,0.0
2017-06-30,3.142,3.142,3.142,3.142,0.0
2017-07-03,3.143,3.143,3.143,3.143,0.0
2017-07-05,3.12,3.12,3.12,3.12,0.0
2017-07-06,3.079,3.079,3.079,3.079,0.0
2017-07-07,3.074,3.074,3.074,3.074,0.0
2017-07-10,3.061,3.061,3.061,3.061,0.0
2017-07-11,3.058,3.058,3.058,3.058,0.0
2017-07-12,3.044,3.044,3.044,3.044,0.0
2017-07-13,3.057,3.057,3.057,3.057,0.0
2017-07-14,3.06,3.06,3.06,3.06,0.0
2017-07-17,3.053,3.053,3.053,3.053,0.0
2017-07-18,3.058,3.058,3.058,3.058,0.0
2017-07-19,3.043,3.043,3.043,3.043,0.0
2017-07-20,3.024,3.024,3.024,3.024,0.0
2017-07-21,3.022,3.022,3.022,3.022,0.0
2017-07-24,2.994,2.994,2.994,2.994,0.0
2017-07-25,2.97,2.97,2.97,2.97,0.0
2017-07-26,2.96,2.96,2.96,2.96,0.0
2017-07-27,2.961,2.961,2.961,2.961,0.0
2017-07-28,2.976,2.976,2.976,2.976,0.0
2017-07-31,2.957,2.957,2.957,2.957,0.0
2017-08-01,2.979,2.979,2.979,2.979,0.0
2017-08-02,2.988,2.988,2.988,2.988,0.0
2017-08-03,3.011,3.011,3.011,3.011,0.0
2017-08-04,3.021,3.021,3.021,3.021,0.0
2017-08-07,3.02,3.02,3.02,3.02,0.0
2017-08-08,3.003,3.003,3.003,3.003,0.0
2017-08-09,2.997,2.997,2.997,2.997,0.0
2017-08-10,2.994,2.994,2.994,2.994,0.0
2017-08-11,2.998,2.998,2.998,2.998,0.0
2017-08-14,2.994,2.994,2.994,2.994,0.0
2017-08-15,2.992,2.992,2.992,2.992,0.0
2017-08-16,2.982,2.982,2.982,2.982,0.0
2017-08-17,2.981,2.981,2.981,2.981,0.0
2017-08-18,2.981,2.981,2.981,2.981,0.0
2017-08-21,2.971,2.971,2.971,2.971,0.0
2017-08-22,2.963,2.963,2.963,2.963,0.0
2017-08-23,2.961,2.961,2.961,2.961,0.0
2017-08-24,2.914,2.914,2.914,2.914,0.0
2017-08-25,2.901,2.901,2.901,2.901,0.0
2017-08-28,2.914,2.914,2.914,2.914,0.0
2017-08-29,2.916,2.916,2.916,2.916,0.0
2017-08-30,2.921,2.921,2.921,2.921,0.0
2017-08-31,2.929,2.929,2.929,2.929,0.0
2017-09-01,2.93,2.93,2.93,2.93,0.0
2017-09-05,2.926,2.926,2.926,2.926,0.0
2017-09-06,2.887,2.887,2.887,2.887,0.0
2017-09-07,2.921,2.921,2.921,2.921,0.0
2017-09-08,2.925,2.925,2.925,2.925,0.0
2017-09-11,2.936,2.936,2.936,2.936,0.0
2017-09-12,2.921,2.921,2.921,2.921,0.0
2017-09-13,2.907,2.907,2.907,2.907,0.0
2017-09-14,2.902,2.902,2.902,2.902,0.0
2017-09-15,2.907,2.907,2.907,2.907,0.0
2017-09-18,2.917,2.917,2.917,2.917,0.0
2017-09-19,2.905,2.905,2.905,2.905,0.0
2017-09-20,2.895,2.895,2.895,2.895,0.0
2017-09-21,2.886,2.886,2.886,2.886,0.0
2017-09-22,2.9,2.9,2.9,2.9,0.0
2017-09-25,2.883,2.883,2.883,2.883,0.0
2017-09-26,2.893,2.893,2.893,2.893,0.0
2017-09-27,2.904,2.904,2.904,2.904,0.0
2017-09-28,2.903,2.903,2.903,2.903,0.0
2017-09-29,2.9,2.9,2.9,2.9,0.0
2017-10-02,2.913,2.913,2.913,2.913,0.0
2017-10-03,2.922,2.922,2.922,2.922,0.0
2017-10-04,2.921,2.921,2.921,2.921,0.0
2017-10-05,2.93,2.93,2.93,2.93,0.0
2017-10-06,2.922,2.922,2.922,2.922,0.0
2017-10-09,2.932,2.932,2.932,2.932,0.0
2017-10-10,2.922,2.922,2.922,2.922,0.0
2017-10-11,2.908,2.908,2.908,2.908,0.0
2017-10-12,2.952,2.952,2.952,2.952,0.0
2017-10-13,2.968,2.968,2.968,2.968,0.0
2017-10-16,3.009,3.009,3.009,3.009,0.0
2017-10-17,3.056,3.056,3.056,3.056,0.0
2017-10-18,3.06,3.06,3.06,3.06,0.0
2017-10-19,3.082,3.082,3.082,3.082,0.0
2017-10-20,3.122,3.122,3.122,3.122,0.0
2017-10-23,3.102,3.102,3.102,3.102,0.0
2017-10-24,3.101,3.101,3.101,3.101,0.0
2017-10-25,3.102,3.102,3.102,3.102,0.0
2017-10-26,3.095,3.095,3.095,3.095,0.0
2017-10-27,3.075,3.075,3.075,3.075,0.0
2017-10-30,3.11,3.11,3.11,3.11,0.0
2017-10-31,3.107,3.107,3.107,3.107,0.0
2017-11-01,3.117,3.117,3.117,3.117,0.0
2017-11-02,3.099,3.099,3.099,3.099,0.0
2017-11-03,3.093,3.093,3.093,3.093,0.0
2017-11-06,3.088,3.088,3.088,3.088,0.0
2017-11-07,3.087,3.087,3.087,3.087,0.0
2017-11-08,3.085,3.085,3.085,3.085,0.0
2017-11-09,3.104,3.104,3.104,3.104,0.0
2017-11-10,3.086,3.086,3.086,3.086,0.0
2017-11-13,3.065,3.065,3.065,3.065,0.0
2017-11-14,3.043,3.043,3.043,3.043,0.0
2017-11-15,3.033,3.033,3.033,3.033,0.0
2017-11-16,3.037,3.037,3.037,3.037,0.0
2017-11-17,3.035,3.035,3.035,3.035,0.0
2017-11-20,3.028,3.028,3.028,3.028,0.0
2017-11-21,3.026,3.026,3.026,3.026,0.0
2017-11-22,3.013,3.013,3.013,3.013,0.0
2017-11-24,3.014,3.014,3.014,3.014,0.0
2017-11-27,3.016,3.016,3.016,3.016,0.0
2017-11-28,3.018,3.018,3.018,3.018,0.0
2017-11-29,3.022,3.022,3.022,3.022,0.0
2017-11-30,3.018,3.018,3.018,3.018,0.0
2017-12-01,2.984,2.984,2.984,2.984,0.0
2017-12-04,2.963,2.963,2.963,2.963,0.0
2017-12-05,2.952,2.952,2.952,2.952,0.0
2017-12-06,2.934,2.934,2.934,2.934,0.0
2017-12-07,2.94,2.94,2.94,2.94,0.0
2017-12-08,2.936,2.936,2.936,2.936,0.0
2017-12-11,2.929,2.929,2.929,2.929,0.0
2017-12-12,2.939,2.939,2.939,2.939,0.0
2017-12-13,2.964,2.964,2.964,2.964,0.0
2017-12-14,2.975,2.975,2.975,2.975,0.0
2017-12-15,2.983,2.983,2.983,2.983,0.0
2017-12-18,3.003,3.003,3.003,3.003,0.0
2017-12-19,3.005,3.005,3.005,3.005,0.0
2017-12-20,2.991,2.991,2.991,2.991,0.0
2017-12-21,3.008,3.008,3.008,3.008,0.0
2017-12-22,3.031,3.031,3.031,3.031,0.0
2017-12-26,3.032,3.032,3.032,3.032,0.0
2017-12-27,3.007,3.007,3.007,3.007,0.0
2017-12-28,2.976,2.976,2.976,2.976,0.0
2017-12-29,2.981,2.981,2.981,2.981,0.0
2018-01-02,2.974,2.974,2.974,2.974,0.0
2018-01-03,2.975,2.975,2.975,2.975,0.0
2018-01-04,3.007,3.007,3.007,3.007,0.0
2018-01-05,2.993,2.993,2.993,2.993,0.0
2018-01-08,2.988,2.988,2.988,2.988,0.0
2018-01-09,2.973,2.973,2.973,2.973,0.0
2018-01-10,2.966,2.966,2.966,2.966,0.0
2018-01-11,2.978,2.978,2.978,2.978,0.0
2018-01-12,2.965,2.965,2.965,2.965,0.0
2018-01-16,2.928,2.928,2.928,2.928,0.0
2018-01-17,2.922,2.922,2.922,2.922,0.0
2018-01-18,2.92,2.92,2.92,2.92,0.0
2018-01-19,2.93,2.93,2.93,2.93,0.0
2018-01-22,2.949,2.949,2.949,2.949,0.0
2018-01-23,2.961,2.961,2.961,2.961,0.0
2018-01-24,2.979,2.979,2.979,2.979,0.0
2018-01-25,3.014,3.014,3.014,3.014,0.0
2018-01-26,2.98,2.98,2.98,2.98,0.0
2018-01-29,2.982,2.982,2.982,2.982,0.0
2018-01-30,2.993,2.993,2.993,2.993,0.0
2018-01-31,2.962,2.962,2.962,2.962,0.0
2018-02-01,2.968,2.968,2.968,2.968,0.0
2018-02-02,2.99,2.99,2.99,2.99,0.0
2018-02-05,3.012,3.012,3.012,3.012,0.0
2018-02-06,2.999,2.999,2.999,2.999,0.0
2018-02-07,2.97,2.97,2.97,2.97,0.0
2018-02-08,2.983,2.983,2.983,2.983,0.0
2018-02-09,2.949,2.949,2.949,2.949,0.0
2018-02-12,2.944,2.944,2.944,2.944,0.0
2018-02-13,2.946,2.946,2.946,2.946,0.0
2018-02-14,2.944,2.944,2.944,2.944,0.0
2018-02-15,2.94,2.94,2.94,2.94,0.0
2018-02-16,2.961,2.961,2.961,2.961,0.0
2018-02-20,2.961,2.961,2.961,2.961,0.0
2018-02-21,2.979,2.979,2.979,2.979,0.0
2018-02-22,2.986,2.986,2.986,2.986,0.0
2018-02-23,2.978,2.978,2.978,2.978,0.0
2018-02-26,2.982,2.982,2.982,2.982,0.0
2018-02-27,2.985,2.985,2.985,2.985,0.0
2018-02-28,2.955,2.955,2.955,2.955,0.0
2018-03-01,2.98,2.98,2.98,2.98,0.0
2018-03-02,2.997,2.997,2.997,2.997,0.0
2018-03-05,3.015,3.015,3.015,3.015,0.0
2018-03-06,3.024,3.024,3.024,3.024,0.0
2018-03-07,3.015,3.015,3.015,3.015,0.0
2018-03-08,2.97,2.97,2.97,2.97,0.0
2018-03-09,2.937,2.937,2.937,2.937,0.0
2018-03-12,2.944,2.944,2.944,2.944,0.0
2018-03-13,2.951,2.951,2.951,2.951,0.0
2018-03-14,2.973,2.973,2.973,2.973,0.0
2018-03-15,3.031,3.031,3.031,3.031,0.0
2018-03-16,3.034,3.034,3.034,3.034,0.0
2018-03-19,3.024,3.024,3.024,3.024,0.0
2018-03-20,3.029,3.029,3.029,3.029,0.0
2018-03-21,3.037,3.037,3.037,3.037,0.0
2018-03-22,3.025,3.025,3.025,3.025,0.0
2018-03-23,2.95,2.95,2.95,2.95,0.0
2018-03-26,2.978,2.978,2.978,2.978,0.0
2018-03-27,2.988,2.988,2.988,2.988,0.0
2018-03-28,3.002,3.002,3.002,3.002,0.0
2018-03-29,3.04,3.04,3.04,3.04,0.0
2018-04-02,3.022,3.022,3.022,3.022,0.0
2018-04-03,3.0,3.0,3.0,3.0,0.0
2018-04-04,2.974,2.974,2.974,2.974,0.0
2018-04-05,2.99,2.99,2.99,2.99,0.0
2018-04-06,2.984,2.984,2.984,2.984,0.0
2018-04-09,2.973,2.973,2.973,2.973,0.0
2018-04-10,2.982,2.982,2.982,2.982,0.0
2018-04-11,2.997,2.997,2.997,2.997,0.0
2018-04-12,3.013,3.013,3.013,3.013,0.0
2018-04-13,3.006,3.006,3.006,3.006,0.0
2018-04-16,3.008,3.008,3.008,3.008,0.0
2018-04-17,2.988,2.988,2.988,2.988,0.0
2018-04-18,2.981,2.981,2.981,2.981,0.0
2018-04-19,2.978,2.978,2.978,2.978,0.0
2018-04-20,2.986,2.986,2.986,2.986,0.0
2018-04-23,2.987,2.987,2.987,2.987,0.0
2018-04-24,2.983,2.983,2.983,2.983,0.0
2018-04-25,2.974,2.974,2.974,2.974,0.0
2018-04-26,2.968,2.968,2.968,2.968,0.0
2018-04-27,2.97,2.97,2.97,2.97,0.0
2018-04-30,2.967,2.967,2.967,2.967,0.0
2018-05-01,2.947,2.947,2.947,2.947,0.0
2018-05-02,2.959,2.959,2.959,2.959,0.0
2018-05-03,2.962,2.962,2.962,2.962,0.0
2018-05-04,2.96,2.96,2.96,2.96,0.0
2018-05-07,2.958,2.958,2.958,2.958,0.0
2018-05-08,2.913,2.913,2.913,2.913,0.0
2018-05-09,2.899,2.899,2.899,2.899,0.0
2018-05-10,2.895,2.895,2.895,2.895,0.0
2018-05-11,2.898,2.898,2.898,2.898,0.0
2018-05-14,2.897,2.897,2.897,2.897,0.0
2018-05-15,2.922,2.922,2.922,2.922,0.0
2018-05-16,2.906,2.906,2.906,2.906,0.0
2018-05-17,2.913,2.913,2.913,2.913,0.0
2018-05-18,2.928,2.928,2.928,2.928,0.0
2018-05-21,2.923,2.923,2.923,2.923,0.0
2018-05-22,2.92,2.92,2.92,2.92,0.0
2018-05-23,2.897,2.897,2.897,2.897,0.0
2018-05-24,2.891,2.891,2.891,2.891,0.0
2018-05-25,2.863,2.863,2.863,2.863,0.0
2018-05-29,2.84,2.84,2.84,2.84,0.0
2018-05-30,2.851,2.851,2.851,2.851,0.0
2018-05-31,2.819,2.819,2.819,2.819,0.0
2018-06-01,2.805,2.805,2.805,2.805,0.0
2018-06-04,2.818,2.818,2.818,2.818,0.0
2018-06-05,2.833,2.833,2.833,2.833,0.0
2018-06-06,2.832,2.832,2.832,2.832,0.0
2018-06-07,2.83,2.83,2.83,2.83,0.0
2018-06-08,2.832,2.832,2.832,2.832,0.0
2018-06-11,2.823,2.823,2.823,2.823,0.0
2018-06-12,2.837,2.837,2.837,2.837,0.0
2018-06-13,2.858,2.858,2.858,2.858,0.0
2018-06-14,2.87,2.87,2.87,2.87,0.0
2018-06-15,2.875,2.875,2.875,2.875,0.0
2018-06-18,2.906,2.906,2.906,2.906,0.0
2018-06-19,2.909,2.909,2.909,2.909,0.0
2018-06-20,2.908,2.908,2.908,2.908,0.0
2018-06-21,2.885,2.885,2.885,2.885,0.0
2018-06-22,2.887,2.887,2.887,2.887,0.0
2018-06-25,2.883,2.883,2.883,2.883,0.0
2018-06-26,2.88,2.88,2.88,2.88,0.0
2018-06-27,2.883,2.883,2.883,2.883,0.0
2018-06-28,2.865,2.865,2.865,2.865,0.0
2018-06-29,2.862,2.862,2.862,2.862,0.0
2018-07-02,2.853,2.853,2.853,2.853,0.0
2018-07-03,2.85,2.85,2.85,2.85,0.0
2018-07-05,2.852,2.852,2.852,2.852,0.0
2018-07-06,2.851,2.851,2.851,2.851,0.0
2018-07-09,2.842,2.842,2.842,2.842,0.0
2018-07-10,2.846,2.846,2.846,2.846,0.0
2018-07-11,2.824,2.824,2.824,2.824,0.0
2018-07-12,2.821,2.821,2.821,2.821,0.0
2018-07-13,2.816,2.816,2.816,2.816,0.0
2018-07-16,2.783,2.783,2.783,2.783,0.0
2018-07-17,2.768,2.768,2.768,2.768,0.0
2018-07-18,2.761,2.761,2.761,2.761,0.0
2018-07-19,2.759,2.759,2.759,2.759,0.0
2018-07-20,2.765,2.765,2.765,2.765,0.0
2018-07-23,2.774,2.774,2.774,2.774,0.0
2018-07-24,2.788,2.788,2.788,2.788,0.0
2018-07-25,2.817,2.817,2.817,2.817,0.0
2018-07-26,2.813,2.813,2.813,2.813,0.0
2018-07-27,2.832,2.832,2.832,2.832,0.0
2018-07-30,2.836,2.836,2.836,2.836,0.0
2018-07-31,2.839,2.839,2.839,2.839,0.0
2018-08-01,2.809,2.809,2.809,2.809,0.0
2018-08-02,2.813,2.813,2.813,2.813,0.0
2018-08-03,2.813,2.813,2.813,2.813,0.0
2018-08-06,2.804,2.804,2.804,2.804,0.0
2018-08-07,2.832,2.832,2.832,2.832,0.0
2018-08-08,2.845,2.845,2.845,2.845,0.0
2018-08-09,2.842,2.842,2.842,2.842,0.0
2018-08-10,2.843,2.843,2.843,2.843,0.0
2018-08-13,2.844,2.844,2.844,2.844,0.0
2018-08-14,2.843,2.843,2.843,2.843,0.0
2018-08-15,2.844,2.844,2.844,2.844,0.0
2018-08-16,2.834,2.834,2.834,2.834,0.0
2018-08-17,2.836,2.836,2.836,2.836,0.0
2018-08-20,2.835,2.835,2.835,2.835,0.0
2018-08-21,2.855,2.855,2.855,2.855,0.0
2018-08-22,2.842,2.842,2.842,2.842,0.0
2018-08-23,2.839,2.839,2.839,2.839,0.0
2018-08-24,2.823,2.823,2.823,2.823,0.0
2018-08-27,2.792,2.792,2.792,2.792,0.0
2018-08-28,2.768,2.768,2.768,2.768,0.0
2018-08-29,2.772,2.772,2.772,2.772,0.0
2018-08-30,2.753,2.753,2.753,2.753,0.0
2018-08-31,2.767,2.767,2.767,2.767,0.0
2018-09-04,2.75,2.75,2.75,2.75,0.0
2018-09-05,2.755,2.755,2.755,2.755,0.0
2018-09-06,2.774,2.774,2.774,2.774,0.0
2018-09-07,2.773,2.773,2.773,2.773,0.0
2018-09-10,2.779,2.779,2.779,2.779,0.0
2018-09-11,2.776,2.776,2.776,2.776,0.0
2018-09-12,2.786,2.786,2.786,2.786,0.0
2018-09-13,2.802,2.802,2.802,2.802,0.0
2018-09-14,2.807,2.807,2.807,2.807,0.0
2018-09-17,2.811,2.811,2.811,2.811,0.0
2018-09-18,2.814,2.814,2.814,2.814,0.0
2018-09-19,2.811,2.811,2.811,2.811,0.0
2018-09-20,2.815,2.815,2.815,2.815,0.0
2018-09-21,2.813,2.813,2.813,2.813,0.0
2018-09-24,2.811,2.811,2.811,2.811,0.0
2018-09-25,2.813,2.813,2.813,2.813,0.0
2018-09-26,2.822,2.822,2.822,2.822,0.0
2018-09-27,2.823,2.823,2.823,2.823,0.0
2018-09-28,2.823,2.823,2.823,2.823,0.0
2018-10-01,2.828,2.828,2.828,2.828,0.0
2018-10-02,2.826,2.826,2.826,2.826,0.0
2018-10-03,2.825,2.825,2.825,2.825,0.0
2018-10-04,2.826,2.826,2.826,2.826,0.0
2018-10-05,2.829,2.829,2.829,2.829,0.0
2018-10-08,2.834,2.834,2.834,2.834,0.0
2018-10-09,2.829,2.829,2.829,2.829,0.0
2018-10-10,2.825,2.825,2.825,2.825,0.0
2018-10-11,2.85,2.85,2.85,2.85,0.0
2018-10-12,2.862,2.862,2.862,2.862,0.0
2018-10-15,2.861,2.861,2.861,2.861,0.0
2018-10-16,2.886,2.886,2.886,2.886,0.0
2018-10-17,2.881,2.881,2.881,2.881,0.0
2018-10-18,2.88,2.88,2.88,2.88,0.0
2018-10-19,2.877,2.877,2.877,2.877,0.0
2018-10-22,2.878,2.878,2.878,2.878,0.0
2018-10-23,2.877,2.877,2.877,2.877,0.0
2018-10-24,2.874,2.874,2.874,2.874,0.0
2018-10-25,2.864,2.864,2.864,2.864,0.0
2018-10-26,2.866,2.866,2.866,2.866,0.0
2018-10-29,2.867,2.867,2.867,2.867,0.0
2018-10-30,2.885,2.885,2.885,2.885,0.0
2018-10-31,2.884,2.884,2.884,2.884,0.0
2018-11-01,2.889,2.889,2.889,2.889,0.0
2018-11-02,2.896,2.896,2.896,2.896,0.0
2018-11-05,2.91,2.91,2.91,2.91,0.0
2018-11-06,2.926,2.926,2.926,2.926,0.0
2018-11-07,2.924,2.924,2.924,2.924,0.0
2018-11-08,2.925,2.925,2.925,2.925,0.0
2018-11-09,2.928,2.928,2.928,2.928,0.0
2018-11-12,2.951,2.951,2.951,2.951,0.0
2018-11-13,2.93,2.93,2.93,2.93,0.0
2018-11-14,2.914,2.914,2.914,2.914,0.0
2018-11-15,2.929,2.929,2.929,2.929,0.0
2018-11-16,2.9,2.9,2.9,2.9,0.0
2018-11-19,2.887,2.887,2.887,2.887,0.0
2018-11-20,2.885,2.885,2.885,2.885,0.0
2018-11-21,2.883,2.883,2.883,2.883,0.0
2018-11-23,2.908,2.908,2.908,2.908,0.0
2018-11-26,2.901,2.901,2.901,2.901,0.0
2018-11-27,2.897,2.897,2.897,2.897,0.0
2018-11-28,2.898,2.898,2.898,2.898,0.0
2018-11-29,2.933,2.933,2.933,2.933,0.0
2018-11-30,2.989,2.989,2.989,2.989,0.0
2018-12-03,2.961,2.961,2.961,2.961,0.0
2018-12-04,2.947,2.947,2.947,2.947,0.0
2018-12-05,2.938,2.938,2.938,2.938,0.0
2018-12-06,2.949,2.949,2.949,2.949,0.0
2018-12-07,2.956,2.956,2.956,2.956,0.0
2018-12-10,2.957,2.957,2.957,2.957,0.0
2018-12-11,2.932,2.932,2.932,2.932,0.0
2018-12-12,2.934,2.934,2.934,2.934,0.0
2018-12-13,2.902,2.902,2.902,2.902,0.0
2018-12-14,2.912,2.912,2.912,2.912,0.0
2018-12-17,2.911,2.911,2.911,2.911,0.0
2018-12-18,2.906,2.906,2.906,2.906,0.0
2018-12-19,2.929,2.929,2.929,2.929,0.0
2018-12-20,2.944,2.944,2.944,2.944,0.0
2018-12-21,2.947,2.947,2.947,2.947,0.0
2018-12-24,2.946,2.946,2.946,2.946,0.0
2018-12-26,2.943,2.943,2.943,2.943,0.0
2018-12-27,2.941,2.941,2.941,2.941,0.0
2018-12-28,2.938,2.938,2.938,2.938,0.0
2018-12-31,2.944,2.944,2.944,2.944,0.0
2019-01-02,2.944,2.944,2.944,2.944,0.0
2019-01-03,2.933,2.933,2.933,2.933,0.0
2019-01-04,2.937,2.937,2.937,2.937,0.0
2019-01-07,2.939,2.939,2.939,2.939,0.0
2019-01-08,2.93,2.93,2.93,2.93,0.0
2019-01-09,2.928,2.928,2.928,2.928,0.0
2019-01-10,2.925,2.925,2.925,2.925,0.0
2019-01-11,2.932,2.932,2.932,2.932,0.0
2019-01-14,2.931,2.931,2.931,2.931,0.0
2019-01-15,2.923,2.923,2.923,2.923,0.0
2019-01-16,2.892,2.892,2.892,2.892,0.0
2019-01-17,2.892,2.892,2.892,2.892,0.0
2019-01-18,2.905,2.905,2.905,2.905,0.0
2019-01-22,2.918,2.918,2.918,2.918,0.0
2019-01-23,2.898,2.898,2.898,2.898,0.0
2019-01-24,2.877,2.877,2.877,2.877,0.0
2019-01-25,2.922,2.922,2.922,2.922,0.0
2019-01-28,2.906,2.906,2.906,2.906,0.0
2019-01-29,2.909,2.909,2.909,2.909,0.0
2019-01-30,2.911,2.911,2.911,2.911,0.0
2019-01-31,2.912,2.912,2.912,2.912,0.0
2019-02-01,2.913,2.913,2.913,2.913,0.0
2019-02-04,2.9,2.9,2.9,2.9,0.0
2019-02-05,2.941,2.941,2.941,2.941,0.0
2019-02-06,2.938,2.938,2.938,2.938,0.0
2019-02-07,2.934,2.934,2.934,2.934,0.0
2019-02-08,2.936,2.936,2.936,2.936,0.0
2019-02-11,2.941,2.941,2.941,2.941,0.0
2019-02-12,2.949,2.949,2.949,2.949,0.0
2019-02-13,2.95,2.95,2.95,2.95,0.0
2019-02-14,2.954,2.954,2.954,2.954,0.0
2019-02-15,2.934,2.934,2.934,2.934,0.0
2019-02-19,2.925,2.925,2.925,2.925,0.0
2019-02-20,2.937,2.937,2.937,2.937,0.0
2019-02-21,2.924,2.924,2.924,2.924,0.0
2019-02-22,2.921,2.921,2.921,2.921,0.0
2019-02-25,2.913,2.913,2.913,2.913,0.0
2019-02-26,2.895,2.895,2.895,2.895,0.0
2019-02-27,2.931,2.931,2.931,2.931,0.0
2019-02-28,2.942,2.942,2.942,2.942,0.0
2019-03-01,2.941,2.941,2.941,2.941,0.0
2019-03-04,2.937,2.937,2.937,2.937,0.0
2019-03-05,2.935,2.935,2.935,2.935,0.0
2019-03-06,2.938,2.938,2.938,2.938,0.0
2019-03-07,2.943,2.943,2.943,2.943,0.0
2019-03-08,2.943,2.943,2.943,2.943,0.0
2019-03-11,2.97,2.97,2.97,2.97,0.0
2019-03-12,2.985,2.985,2.985,2.985,0.0
2019-03-13,2.994,2.994,2.994,2.994,0.0
2019-03-14,3.002,3.002,3.002,3.002,0.0
2019-03-15,3.003,3.003,3.003,3.003,0.0
2019-03-18,3.003,3.003,3.003,3.003,0.0
2019-03-19,3.004,3.004,3.004,3.004,0.0
2019-03-20,3.002,3.002,3.002,3.002,0.0
2019-03-21,3.012,3.012,3.012,3.012,0.0
2019-03-22,3.002,3.002,3.002,3.002,0.0
2019-03-25,3.001,3.001,3.001,3.001,0.0
2019-03-26,3.003,3.003,3.003,3.003,0.0
2019-03-27,2.994,2.994,2.994,2.994,0.0
2019-03-28,2.997,2.997,2.997,2.997,0.0
2019-03-29,2.996,2.996,2.996,2.996,0.0
2019-04-01,2.995,2.995,2.995,2.995,0.0
2019-04-02,3.002,3.002,3.002,3.002,0.0
2019-04-03,2.995,2.995,2.995,2.995,0.0
2019-04-04,3.026,3.026,3.026,3.026,0.0
2019-04-05,3.009,3.009,3.009,3.009,0.0
2019-04-08,3.012,3.012,3.012,3.012,0.0
2019-04-09,3.019,3.019,3.019,3.019,0.0
2019-04-10,2.997,2.997,2.997,2.997,0.0
2019-04-11,2.995,2.995,2.995,2.995,0.0
2019-04-12,2.995,2.995,2.995,2.995,0.0
2019-04-15,2.995,2.995,2.995,2.995,0.0
2019-04-16,2.996,2.996,2.996,2.996,0.0
2019-04-17,2.986,2.986,2.986,2.986,0.0
2019-04-18,2.971,2.971,2.971,2.971,0.0
2019-04-22,2.959,2.959,2.959,2.959,0.0
2019-04-23,2.954,2.954,2.954,2.954,0.0
2019-04-24,2.964,2.964,2.964,2.964,0.0
2019-04-25,2.974,2.974,2.974,2.974,0.0
2019-04-26,2.971,2.971,2.971,2.971,0.0
2019-04-29,2.978,2.978,2.978,2.978,0.0
2019-04-30,2.983,2.983,2.983,2.983,0.0
2019-05-01,2.985,2.985,2.985,2.985,0.0
2019-05-02,2.982,2.982,2.982,2.982,0.0
2019-05-03,2.995,2.995,2.995,2.995,0.0
2019-05-06,2.998,2.998,2.998,2.998,0.0
2019-05-07,2.998,2.998,2.998,2.998,0.0
2019-05-08,2.992,2.992,2.992,2.992,0.0
2019-05-09,2.999,2.999,2.999,2.999,0.0
2019-05-10,2.99,2.99,2.99,2.99,0.0
2019-05-13,2.993,2.993,2.993,2.993,0.0
2019-05-14,3.004,3.004,3.004,3.004,0.0
2019-05-15,3.001,3.001,3.001,3.001,0.0
2019-05-16,2.997,2.997,2.997,2.997,0.0
2019-05-17,3.001,3.001,3.001,3.001,0.0
2019-05-20,3.006,3.006,3.006,3.006,0.0
2019-05-21,3.009,3.009,3.009,3.009,0.0
2019-05-22,2.958,2.958,2.958,2.958,0.0
2019-05-23,2.97,2.97,2.97,2.97,0.0
2019-05-24,2.98,2.98,2.98,2.98,0.0
2019-05-28,2.988,2.988,2.988,2.988,0.0
2019-05-29,2.969,2.969,2.969,2.969,0.0
2019-05-30,2.967,2.967,2.967,2.967,0.0
2019-05-31,2.965,2.965,2.965,2.965,0.0
2019-06-03,2.953,2.953,2.953,2.953,0.0
2019-06-04,2.958,2.958,2.958,2.958,0.0
2019-06-05,2.946,2.946,2.946,2.946,0.0
2019-06-06,2.962,2.962,2.962,2.962,0.0
2019-06-07,2.963,2.963,2.963,2.963,0.0
2019-06-10,2.952,2.952,2.952,2.952,0.0
2019-06-11,2.952,2.952,2.952,2.952,0.0
2019-06-12,2.949,2.949,2.949,2.949,0.0
2019-06-13,2.95,2.95,2.95,2.95,0.0
2019-06-14,2.955,2.955,2.955,2.955,0.0
2019-06-17,2.958,2.958,2.958,2.958,0.0
2019-06-18,2.941,2.941,2.941,2.941,0.0
2019-06-19,2.942,2.942,2.942,2.942,0.0
2019-06-20,2.946,2.946,2.946,2.946,0.0
2019-06-21,2.961,2.961,2.961,2.961,0.0
2019-06-24,2.961,2.961,2.961,2.961,0.0
2019-06-25,2.96,2.96,2.96,2.96,0.0
2019-06-26,2.952,2.952,2.952,2.952,0.0
2019-06-27,2.948,2.948,2.948,2.948,0.0
2019-06-28,2.92,2.92,2.92,2.92,0.0
2019-07-01,2.913,2.913,2.913,2.913,0.0
2019-07-02,2.909,2.909,2.909,2.909,0.0
2019-07-03,2.908,2.908,2.908,2.908,0.0
2019-07-05,2.934,2.934,2.934,2.934,0.0
2019-07-08,2.93,2.93,2.93,2.93,0.0
2019-07-09,2.958,2.958,2.958,2.958,0.0
2019-07-10,2.95,2.95,2.95,2.95,0.0
2019-07-11,2.958,2.958,2.958,2.958,0.0
2019-07-12,2.966,2.966,2.966,2.966,0.0
2019-07-15,2.971,2.971,2.971,2.971,0.0
2019-07-16,2.947,2.947,2.947,2.947,0.0
2019-07-17,2.944,2.944,2.944,2.944,0.0
2019-07-18,2.963,2.963,2.963,2.963,0.0
2019-07-19,2.956,2.956,2.956,2.956,0.0
2019-07-22,2.914,2.914,2.914,2.914,0.0
2019-07-23,2.921,2.921,2.921,2.921,0.0
2019-07-24,2.914,2.914,2.914,2.914,0.0
2019-07-25,2.915,2.915,2.915,2.915,0.0
2019-07-26,2.909,2.909,2.909,2.909,0.0
2019-07-29,2.898,2.898,2.898,2.898,0.0
2019-07-30,2.901,2.901,2.901,2.901,0.0
2019-07-31,2.907,2.907,2.907,2.907,0.0
2019-08-01,2.91,2.91,2.91,2.91,0.0
2019-08-02,2.897,2.897,2.897,2.897,0.0
2019-08-05,2.895,2.895,2.895,2.895,0.0
2019-08-06,2.896,2.896,2.896,2.896,0.0
2019-08-07,2.901,2.901,2.901,2.901,0.0
2019-08-08,2.88,2.88,2.88,2.88,0.0
2019-08-09,2.856,2.856,2.856,2.856,0.0
2019-08-12,2.845,2.845,2.845,2.845,0.0
2019-08-13,2.826,2.826,2.826,2.826,0.0
2019-08-14,2.789,2.789,2.789,2.789,0.0
2019-08-15,2.789,2.789,2.789,2.789,0.0
2019-08-16,2.768,2.768,2.768,2.768,0.0
2019-08-19,2.77,2.77,2.77,2.77,0.0
2019-08-20,2.77,2.77,2.77,2.77,0.0
2019-08-21,2.771,2.771,2.771,2.771,0.0
2019-08-22,2.76,2.76,2.76,2.76,0.0
2019-08-23,2.79,2.79,2.79,2.79,0.0
2019-08-26,2.797,2.797,2.797,2.797,0.0
2019-08-27,2.812,2.812,2.812,2.812,0.0
2019-08-28,2.831,2.831,2.831,2.831,0.0
2019-08-29,2.829,2.829,2.829,2.829,0.0
2019-08-30,2.789,2.789,2.789,2.789,0.0
2019-09-03,2.794,2.794,2.794,2.794,0.0
2019-09-04,2.765,2.765,2.765,2.765,0.0
2019-09-05,2.772,2.772,2.772,2.772,0.0
2019-09-06,2.759,2.759,2.759,2.759,0.0
2019-09-09,2.723,2.723,2.723,2.723,0.0
2019-09-10,2.727,2.727,2.727,2.727,0.0
2019-09-11,2.722,2.722,2.722,2.722,0.0
2019-09-12,2.727,2.727,2.727,2.727,0.0
2019-09-13,2.692,2.692,2.692,2.692,0.0
2019-09-16,2.722,2.722,2.722,2.722,0.0
2019-09-17,2.686,2.686,2.686,2.686,0.0
2019-09-18,2.699,2.699,2.699,2.699,0.0
2019-09-19,2.693,2.693,2.693,2.693,0.0
2019-09-20,2.704,2.704,2.704,2.704,0.0
2019-09-23,2.701,2.701,2.701,2.701,0.0
2019-09-24,2.68,2.68,2.68,2.68,0.0
2019-09-25,2.679,2.679,2.679,2.679,0.0
2019-09-26,2.68,2.68,2.68,2.68,0.0
2019-09-27,2.669,2.669,2.669,2.669,0.0
2019-09-30,2.731,2.731,2.731,2.731,0.0
2019-10-01,2.68,2.68,2.68,2.68,0.0
2019-10-02,2.698,2.698,2.698,2.698,0.0
2019-10-03,2.683,2.683,2.683,2.683,0.0
2019-10-04,2.673,2.673,2.673,2.673,0.0
2019-10-07,2.677,2.677,2.677,2.677,0.0
2019-10-08,2.653,2.653,2.653,2.653,0.0
2019-10-09,2.664,2.664,2.664,2.664,0.0
2019-10-10,2.665,2.665,2.665,2.665,0.0
2019-10-11,2.676,2.676,2.676,2.676,0.0
2019-10-14,2.691,2.691,2.691,2.691,0.0
2019-10-15,2.707,2.707,2.707,2.707,0.0
2019-10-16,2.709,2.709,2.709,2.709,0.0
2019-10-17,2.706,2.706,2.706,2.706,0.0
2019-10-18,2.701,2.701,2.701,2.701,0.0
2019-10-21,2.696,2.696,2.696,2.696,0.0
2019-10-22,2.7,2.7,2.7,2.7,0.0
2019-10-23,2.694,2.694,2.694,2.694,0.0
2019-10-24,2.698,2.698,2.698,2.698,0.0
2019-10-25,2.696,2.696,2.696,2.696,0.0
2019-10-28,2.705,2.705,2.705,2.705,0.0
2019-10-29,2.721,2.721,2.721,2.721,0.0
2019-10-30,2.728,2.728,2.728,2.728,0.0
2019-10-31,2.726,2.726,2.726,2.726,0.0
2019-11-01,2.735,2.735,2.735,2.735,0.0
2019-11-04,2.676,2.676,2.676,2.676,7.0
2019-11-05,2.655,2.655,2.655,2.655,0.0
2019-11-06,2.666,2.666,2.666,2.666,0.0
2019-11-07,2.633,2.633,2.633,2.633,0.0
2019-11-08,2.64,2.64,2.64,2.64,0.0
2019-11-11,2.631,2.631,2.631,2.631,0.0
2019-11-12,2.591,2.591,2.591,2.591,0.0
2019-11-13,2.582,2.582,2.582,2.582,0.0
2019-11-14,2.584,2.584,2.584,2.584,0.0
2019-11-15,2.582,2.582,2.582,2.582,0.0
2019-11-18,2.586,2.586,2.586,2.586,0.0
2019-11-19,2.593,2.593,2.593,2.593,0.0
2019-11-20,2.602,2.602,2.602,2.602,0.0
2019-11-21,2.609,2.609,2.609,2.609,0.0
2019-11-22,2.609,2.609,2.609,2.609,0.0
2019-11-25,2.601,2.601,2.601,2.601,0.0
2019-11-26,2.595,2.595,2.595,2.595,0.0
2019-11-27,2.599,2.599,2.599,2.599,0.0
2019-11-29,2.557,2.557,2.557,2.557,0.0
2019-12-02,2.583,2.583,2.583,2.583,0.0
2019-12-03,2.592,2.592,2.592,2.592,0.0
2019-12-04,2.591,2.591,2.591,2.591,0.0
2019-12-05,2.583,2.583,2.583,2.583,0.0
2019-12-06,2.556,2.556,2.556,2.556,0.0
2019-12-09,2.535,2.535,2.535,2.535,0.0
2019-12-10,2.544,2.544,2.544,2.544,0.0
2019-12-11,2.541,2.541,2.541,2.541,0.0
2019-12-12,2.546,2.546,2.546,2.546,0.0
2019-12-13,2.529,2.529,2.529,2.529,0.0
2019-12-16,2.538,2.538,2.538,2.538,0.0
2019-12-17,2.54,2.54,2.54,2.54,0.0
2019-12-18,2.511,2.511,2.511,2.511,0.0
2019-12-19,2.485,2.485,2.485,2.485,0.0
2019-12-20,2.476,2.476,2.476,2.476,0.0
2019-12-23,2.483,2.483,2.483,2.483,0.0
2019-12-24,2.481,2.481,2.481,2.481,0.0
2019-12-26,2.469,2.469,2.469,2.469,0.0
2019-12-27,2.467,2.467,2.467,2.467,0.0
2019-12-30,2.464,2.464,2.464,2.464,0.0
2019-12-31,2.473,2.473,2.473,2.473,0.0
2020-01-02,2.468,2.468,2.468,2.468,0.0
2020-01-03,2.468,2.468,2.468,2.468,0.0
2020-01-06,2.472,2.472,2.472,2.472,0.0
2020-01-07,2.479,2.479,2.479,2.479,0.0
2020-01-08,2.482,2.482,2.482,2.482,0.0
2020-01-09,2.493,2.493,2.493,2.493,0.0
2020-01-10,2.495,2.495,2.495,2.495,0.0
2020-01-13,2.495,2.495,2.495,2.495,0.0
2020-01-14,2.494,2.494,2.494,2.494,0.0
2020-01-15,2.493,2.493,2.493,2.493,0.0
2020-01-16,2.5,2.5,2.5,2.5,0.0
2020-01-17,2.51,2.51,2.51,2.51,0.0
2020-01-21,2.5,2.5,2.5,2.5,0.0
2020-01-22,2.481,2.481,2.481,2.481,0.0
2020-01-23,2.473,2.473,2.473,2.473,0.0
2020-01-24,2.481,2.481,2.481,2.481,0.0
2020-01-27,2.44,2.44,2.44,2.44,0.0
2020-01-28,2.45,2.45,2.45,2.45,0.0
2020-01-29,2.44,2.44,2.44,2.44,0.0
2020-01-30,2.435,2.435,2.435,2.435,0.0
2020-01-31,2.436,2.436,2.436,2.436,0.0
2020-02-03,2.431,2.431,2.431,2.431,0.0
2020-02-04,2.427,2.427,2.427,2.427,0.0
2020-02-05,2.404,2.404,2.404,2.404,0.0
2020-02-06,2.408,2.408,2.408,2.408,0.0
2020-02-07,2.426,2.426,2.426,2.426,0.0
2020-02-10,2.418,2.418,2.418,2.418,0.0
2020-02-11,2.403,2.403,2.403,2.403,0.0
2020-02-12,2.41,2.41,2.41,2.41,0.0
2020-02-13,2.4,2.4,2.4,2.4,0.0
2020-02-14,2.411,2.411,2.411,2.411,0.0
2020-02-18,2.384,2.384,2.384,2.384,0.0
2020-02-19,2.405,2.405,2.405,2.405,0.0
2020-02-20,2.4,2.4,2.4,2.4,0.0
2020-02-21,2.43,2.43,2.43,2.43,0.0
2020-02-24,2.436,2.436,2.436,2.436,0.0
2020-02-25,2.439,2.439,2.439,2.439,0.0
2020-02-26,2.462,2.462,2.462,2.462,0.0
2020-02-27,2.452,2.452,2.452,2.452,0.0
2020-02-28,2.49,2.49,2.49,2.49,0.0
2020-03-02,2.53,2.53,2.53,2.53,0.0
2020-03-03,2.526,2.526,2.526,2.526,0.0
2020-03-04,2.515,2.515,2.515,2.515,0.0
2020-03-05,2.49,2.49,2.49,2.49,0.0
2020-03-06,2.503,2.503,2.503,2.503,0.0
2020-03-09,2.54,2.54,2.54,2.54,0.0
2020-03-10,2.54,2.54,2.54,2.54,0.0
2020-03-11,2.502,2.502,2.502,2.502,0.0
2020-03-12,2.452,2.452,2.452,2.452,0.0
2020-03-13,2.447,2.447,2.447,2.447,0.0
2020-03-16,2.436,2.436,2.436,2.436,0.0
2020-03-17,2.465,2.465,2.465,2.465,0.0
2020-03-18,2.471,2.471,2.471,2.471,0.0
2020-03-19,2.484,2.484,2.484,2.484,0.0
2020-03-20,2.478,2.478,2.478,2.478,0.0
2020-03-23,2.473,2.473,2.473,2.473,0.0
2020-03-24,2.44,2.44,2.44,2.44,0.0
2020-03-25,2.435,2.435,2.435,2.435,0.0
2020-03-26,2.401,2.401,2.401,2.401,0.0
2020-03-27,2.423,2.423,2.423,2.423,0.0
2020-03-30,2.431,2.431,2.431,2.431,0.0
2020-03-31,2.419,2.419,2.419,2.419,0.0
2020-04-01,2.389,2.389,2.389,2.389,0.0
2020-04-02,2.375,2.375,2.375,2.375,0.0
2020-04-03,2.359,2.359,2.359,2.359,0.0
2020-04-06,2.375,2.375,2.375,2.375,0.0
2020-04-07,2.369,2.369,2.369,2.369,0.0
2020-04-08,2.386,2.386,2.386,2.386,0.0
2020-04-09,2.403,2.403,2.403,2.403,0.0
2020-04-13,2.431,2.431,2.431,2.431,0.0
2020-04-14,2.413,2.413,2.413,2.413,0.0
2020-04-15,2.382,2.382,2.382,2.382,0.0
2020-04-16,2.387,2.387,2.387,2.387,0.0
2020-04-17,2.388,2.388,2.388,2.388,0.0
2020-04-20,2.406,2.406,2.406,2.406,0.0
2020-04-21,2.389,2.389,2.389,2.389,0.0
2020-04-22,2.417,2.417,2.417,2.417,0.0
2020-04-23,2.371,2.371,2.371,2.371,0.0
2020-04-24,2.369,2.369,2.369,2.369,0.0
2020-04-27,2.395,2.395,2.395,2.395,0.0
2020-04-28,2.387,2.387,2.387,2.387,0.0
2020-04-29,2.382,2.382,2.382,2.382,0.0
2020-04-30,2.357,2.357,2.357,2.357,0.0
2020-05-01,2.34,2.34,2.34,2.34,0.0
2020-05-04,2.317,2.317,2.317,2.317,0.0
2020-05-05,2.304,2.304,2.304,2.304,0.0
2020-05-06,2.343,2.343,2.343,2.343,0.0
2020-05-07,2.325,2.325,2.325,2.325,0.0
2020-05-08,2.334,2.334,2.334,2.334,0.0
2020-05-11,2.313,2.313,2.313,2.313,0.0
2020-05-12,2.317,2.317,2.317,2.317,0.0
2020-05-13,2.309,2.309,2.29,2.29,43.0
2020-05-14,2.264,2.264,2.264,2.264,0.0
2020-05-15,2.305,2.305,2.305,2.305,0.0
2020-05-18,2.323,2.323,2.323,2.323,0.0
2020-05-19,2.32,2.32,2.32,2.32,0.0
2020-05-20,2.277,2.277,2.277,2.277,0.0
2020-05-21,2.268,2.268,2.268,2.268,0.0
2020-05-22,2.311,2.311,2.311,2.311,0.0
2020-05-26,2.311,2.311,2.311,2.311,0.0
2020-05-27,2.349,2.349,2.349,2.349,0.0
2020-05-28,2.341,2.341,2.341,2.341,0.0
2020-05-29,2.335,2.335,2.335,2.335,0.0
2020-06-01,2.312,2.312,2.312,2.312,0.0
2020-06-02,2.317,2.317,2.317,2.317,0.0
2020-06-03,2.304,2.304,2.304,2.304,0.0
2020-06-04,2.313,2.313,2.313,2.313,0.0
2020-06-05,2.307,2.307,2.307,2.307,0.0
2020-06-08,2.321,2.321,2.321,2.321,0.0
2020-06-09,2.329,2.329,2.329,2.329,0.0
2020-06-10,2.315,2.315,2.315,2.315,0.0
2020-06-11,2.31,2.31,2.31,2.31,0.0
2020-06-12,2.299,2.299,2.299,2.299,0.0
2020-06-15,2.326,2.326,2.326,2.326,0.0
2020-06-16,2.32,2.32,2.32,2.32,0.0
2020-06-17,2.315,2.315,2.315,2.315,0.0
2020-06-18,2.326,2.326,2.326,2.326,0.0
2020-06-19,2.309,2.309,2.309,2.309,0.0
2020-06-22,2.297,2.297,2.297,2.297,0.0
2020-06-23,2.296,2.296,2.296,2.296,0.0
2020-06-24,2.303,2.303,2.303,2.303,0.0
2020-06-25,2.321,2.321,2.321,2.321,0.0
2020-06-26,2.343,2.343,2.343,2.343,0.0
2020-06-29,2.341,2.341,2.341,2.341,0.0
2020-06-30,2.341,2.341,2.341,2.341,0.0
2020-07-01,2.354,2.354,2.354,2.354,0.0
2020-07-02,2.386,2.386,2.386,2.386,0.0
2020-07-06,2.365,2.365,2.365,2.365,0.0
2020-07-07,2.358,2.358,2.358,2.358,0.0
2020-07-08,2.386,2.386,2.386,2.386,0.0
2020-07-09,2.371,2.371,2.371,2.371,0.0
2020-07-10,2.353,2.353,2.353,2.353,0.0
2020-07-13,2.349,2.349,2.349,2.349,0.0
2020-07-14,2.348,2.348,2.348,2.348,0.0
2020-07-15,2.358,2.358,2.358,2.358,0.0
2020-07-16,2.351,2.351,2.351,2.351,0.0
2020-07-17,2.348,2.348,2.348,2.348,0.0
2020-07-20,2.339,2.339,2.339,2.339,0.0
2020-07-21,2.353,2.353,2.353,2.353,0.0
2020-07-22,2.362,2.362,2.362,2.362,0.0
2020-07-23,2.446,2.446,2.446,2.446,0.0
2020-07-24,2.485,2.485,2.485,2.485,0.0
2020-07-27,2.544,2.544,2.544,2.544,0.0
2020-07-28,2.541,2.541,2.541,2.541,0.0
2020-07-29,2.546,2.546,2.546,2.546,0.0
2020-07-30,2.554,2.554,2.554,2.554,0.0
2020-07-31,2.572,2.572,2.572,2.572,0.0
2020-08-03,2.57,2.57,2.57,2.57,0.0
2020-08-04,2.564,2.564,2.564,2.564,0.0
2020-08-05,2.587,2.587,2.587,2.587,0.0
2020-08-06,2.612,2.612,2.612,2.612,0.0
2020-08-07,2.644,2.644,2.644,2.644,0.0
2020-08-10,2.612,2.612,2.612,2.612,0.0
2020-08-11,2.527,2.527,2.527,2.527,0.0
2020-08-12,2.504,2.504,2.504,2.504,0.0
2020-08-13,2.524,2.524,2.524,2.524,0.0
2020-08-14,2.515,2.515,2.515,2.515,0.0
2020-08-17,2.515,2.515,2.515,2.515,0.0
2020-08-18,2.51,2.51,2.51,2.51,0.0
2020-08-19,2.505,2.505,2.505,2.505,0.0
2020-08-20,2.503,2.503,2.503,2.503,0.0
2020-08-21,2.498,2.498,2.498,2.498,0.0
2020-08-24,2.493,2.493,2.493,2.493,0.0
2020-08-25,2.486,2.486,2.486,2.486,0.0
2020-08-26,2.514,2.514,2.514,2.514,0.0
2020-08-27,2.523,2.523,2.523,2.523,0.0
2020-08-28,2.511,2.511,2.511,2.511,0.0
2020-08-31,2.485,2.485,2.485,2.485,0.0
2020-09-01,2.483,2.483,2.483,2.483,0.0
2020-09-02,2.477,2.477,2.477,2.477,0.0
2020-09-03,2.474,2.474,2.474,2.474,0.0
2020-09-04,2.414,2.414,2.414,2.414,0.0
2020-09-08,2.415,2.415,2.415,2.415,0.0
2020-09-09,2.401,2.401,2.401,2.401,0.0
2020-09-10,2.383,2.383,2.383,2.383,0.0
2020-09-11,2.36,2.36,2.36,2.36,0.0
2020-09-14,2.348,2.348,2.348,2.348,0.0
2020-09-15,2.355,2.355,2.355,2.355,0.0
2020-09-16,2.353,2.353,2.353,2.353,0.0
2020-09-17,2.341,2.341,2.341,2.341,0.0
2020-09-18,2.362,2.362,2.362,2.362,0.0
2020-09-21,2.333,2.333,2.333,2.333,0.0
2020-09-22,2.372,2.372,2.372,2.372,0.0
2020-09-23,2.412,2.412,2.412,2.412,0.0
2020-09-24,2.422,2.422,2.422,2.422,0.0
2020-09-25,2.434,2.434,2.434,2.434,0.0
2020-09-28,2.442,2.442,2.442,2.442,0.0
2020-09-29,2.413,2.413,2.413,2.413,0.0
2020-09-30,2.394,2.394,2.394,2.394,0.0
2020-10-01,2.374,2.374,2.374,2.374,0.0
2020-10-02,2.368,2.368,2.368,2.368,0.0
2020-10-05,2.346,2.346,2.346,2.346,0.0
2020-10-06,2.353,2.353,2.353,2.353,0.0
2020-10-07,2.376,2.376,2.376,2.376,0.0
2020-10-08,2.351,2.351,2.351,2.351,0.0
2020-10-09,2.381,2.381,2.381,2.381,0.0
2020-10-12,2.367,2.367,2.367,2.367,0.0
2020-10-13,2.347,2.347,2.347,2.347,0.0
2020-10-14,2.374,2.374,2.374,2.374,0.0
2020-10-15,2.36,2.36,2.36,2.36,0.0
2020-10-16,2.363,2.363,2.363,2.363,0.0
2020-10-19,2.406,2.406,2.406,2.406,0.0
2020-10-20,2.347,2.347,2.347,2.347,0.0
2020-10-21,2.368,2.368,2.368,2.368,0.0
2020-10-22,2.37,2.37,2.37,2.37,0.0
2020-10-23,2.333,2.333,2.333,2.333,0.0
2020-10-26,2.271,2.271,2.271,2.271,0.0
2020-10-27,2.325,2.325,2.325,2.325,0.0
2020-10-28,2.362,2.362,2.362,2.362,0.0
2020-10-29,2.374,2.374,2.374,2.374,0.0
2020-10-30,2.391,2.391,2.391,2.391,0.0
2020-11-02,2.379,2.379,2.379,2.379,0.0
2020-11-03,2.419,2.419,2.419,2.419,0.0
2020-11-04,2.416,2.416,2.416,2.416,0.0
2020-11-05,2.411,2.411,2.411,2.411,0.0
2020-11-06,2.401,2.401,2.401,2.401,0.0
2020-11-09,2.397,2.397,2.397,2.397,0.0
2020-11-10,2.407,2.407,2.407,2.407,0.0
2020-11-11,2.422,2.422,2.422,2.422,0.0
2020-11-12,2.419,2.419,2.419,2.419,0.0
2020-11-13,2.374,2.374,2.374,2.374,0.0
2020-11-16,2.371,2.371,2.371,2.371,0.0
2020-11-17,2.388,2.388,2.388,2.388,0.0
2020-11-18,2.412,2.412,2.412,2.412,0.0
2020-11-19,2.412,2.412,2.412,2.412,0.0
2020-11-20,2.405,2.405,2.405,2.405,0.0
2020-11-23,2.399,2.399,2.399,2.399,0.0
2020-11-24,2.435,2.435,2.401,2.401,2.0
2020-11-25,2.384,2.384,2.384,2.384,0.0
2020-11-27,2.38,2.38,2.38,2.38,0.0
2020-11-30,2.366,2.366,2.366,2.366,0.0
2020-12-01,2.428,2.428,2.428,2.428,0.0
2020-12-02,2.453,2.453,2.453,2.453,0.0
2020-12-03,2.425,2.425,2.425,2.425,0.0
2020-12-04,2.445,2.445,2.445,2.445,0.0
2020-12-07,2.416,2.416,2.416,2.416,0.0
2020-12-08,2.404,2.404,2.404,2.404,0.0
2020-12-09,2.414,2.414,2.414,2.414,0.0
2020-12-10,2.419,2.419,2.419,2.419,0.0
2020-12-11,2.438,2.438,2.438,2.438,0.0
2020-12-14,2.432,2.432,2.432,2.432,0.0
2020-12-15,2.417,2.417,2.417,2.417,0.0
2020-12-16,2.429,2.429,2.429,2.429,0.0
2020-12-17,2.417,2.417,2.417,2.417,0.0
2020-12-18,2.431,2.431,2.431,2.431,0.0
2020-12-21,2.402,2.402,2.402,2.402,0.0
2020-12-22,2.437,2.437,2.437,2.437,0.0
2020-12-23,2.432,2.432,2.432,2.432,0.0
2020-12-24,2.444,2.444,2.444,2.444,0.0
2020-12-28,2.363,2.363,2.363,2.363,0.0
2020-12-29,2.432,2.432,2.432,2.432,0.0
2020-12-30,2.403,2.403,2.403,2.403,0.0
2020-12-31,2.43,2.43,2.43,2.43,0.0
2021-01-04,2.438,2.438,2.438,2.438,0.0
2021-01-05,2.453,2.453,2.453,2.453,0.0
2021-01-06,2.486,2.486,2.486,2.486,0.0
2021-01-07,2.454,2.454,2.454,2.454,0.0
2021-01-08,2.438,2.438,2.438,2.438,0.0
2021-01-11,2.441,2.441,2.441,2.441,0.0
2021-01-12,2.459,2.459,2.459,2.459,0.0
2021-01-13,2.49,2.49,2.49,2.49,0.0
2021-01-14,2.438,2.438,2.438,2.438,0.0
2021-01-15,2.474,2.474,2.474,2.474,0.0
2021-01-19,2.466,2.466,2.466,2.466,0.0
2021-01-20,2.48,2.48,2.48,2.48,0.0
2021-01-21,2.484,2.484,2.484,2.484,0.0
2021-01-22,2.499,2.499,2.499,2.499,0.0
2021-01-25,2.456,2.456,2.456,2.456,0.0
2021-01-26,2.485,2.485,2.485,2.485,0.0
2021-01-27,2.5,2.5,2.5,2.5,0.0
2021-01-28,2.499,2.499,2.499,2.499,0.0
2021-01-29,2.493,2.493,2.493,2.493,0.0
2021-02-01,2.497,2.497,2.497,2.497,0.0
2021-02-02,2.493,2.493,2.493,2.493,0.0
2021-02-03,2.474,2.474,2.474,2.474,0.0
2021-02-04,2.48,2.485,2.45,2.45,10.0
2021-02-05,2.459,2.459,2.459,2.459,0.0
2021-02-08,2.479,2.479,2.479,2.479,0.0
2021-02-09,2.479,2.479,2.479,2.479,0.0
2021-02-10,2.484,2.484,2.484,2.484,0.0
2021-02-11,2.471,2.471,2.471,2.471,0.0
2021-02-12,2.465,2.465,2.465,2.465,0.0
2021-02-16,2.482,2.482,2.482,2.482,0.0
2021-02-17,2.477,2.477,2.477,2.477,0.0
2021-02-18,2.467,2.467,2.467,2.467,0.0
2021-02-19,2.463,2.463,2.463,2.463,0.0
2021-02-22,2.465,2.465,2.465,2.465,0.0
2021-02-23,2.47,2.47,2.47,2.47,0.0
2021-02-24,2.464,2.464,2.464,2.464,0.0
2021-02-25,2.413,2.413,2.413,2.413,0.0
2021-02-26,2.436,2.436,2.436,2.436,0.0
2021-03-01,2.454,2.454,2.454,2.454,0.0
2021-03-02,2.463,2.463,2.463,2.463,0.0
2021-03-03,2.438,2.438,2.438,2.438,0.0
2021-03-04,2.413,2.413,2.413,2.413,0.0
2021-03-05,2.419,2.419,2.419,2.419,0.0
2021-03-08,2.437,2.437,2.437,2.437,0.0
2021-03-09,2.444,2.444,2.444,2.444,0.0
2021-03-10,2.442,2.442,2.442,2.442,0.0
2021-03-11,2.439,2.439,2.439,2.439,0.0
2021-03-12,2.456,2.456,2.456,2.456,0.0
2021-03-15,2.429,2.429,2.429,2.429,0.0
2021-03-16,2.461,2.461,2.461,2.461,0.0
2021-03-17,2.442,2.442,2.442,2.442,0.0
2021-03-18,2.456,2.456,2.456,2.456,0.0
2021-03-19,2.462,2.462,2.462,2.462,0.0
2021-03-22,2.458,2.458,2.458,2.458,0.0
2021-03-23,2.472,2.472,2.472,2.472,0.0
2021-03-24,2.475,2.475,2.475,2.475,0.0
2021-03-25,2.475,2.475,2.475,2.475,0.0
2021-03-26,2.475,2.475,2.475,2.475,0.0
2021-03-29,2.496,2.496,2.496,2.496,0.0
2021-03-30,2.507,2.507,2.507,2.507,0.0
2021-03-31,2.513,2.513,2.513,2.513,0.0
2021-04-01,2.535,2.535,2.535,2.535,0.0
2021-04-05,2.522,2.522,2.522,2.522,0.0
2021-04-06,2.527,2.527,2.527,2.527,0.0
2021-04-07,2.53,2.53,2.53,2.53,0.0
2021-04-08,2.53,2.53,2.53,2.53,0.0
2021-04-09,2.564,2.564,2.564,2.564,0.0
2021-04-12,2.573,2.573,2.573,2.573,0.0
2021-04-13,2.556,2.556,2.556,2.556,0.0
2021-04-14,2.565,2.565,2.565,2.565,0.0
2021-04-15,2.569,2.569,2.569,2.569,0.0
2021-04-16,2.582,2.582,2.582,2.582,0.0
2021-04-19,2.576,2.576,2.576,2.576,0.0
2021-04-20,2.528,2.528,2.528,2.528,0.0
2021-04-21,2.519,2.519,2.519,2.519,0.0
2021-04-22,2.5,2.5,2.5,2.5,0.0
2021-04-23,2.508,2.508,2.508,2.508,0.0
2021-04-26,2.508,2.508,2.494,2.494,4.0
2021-04-27,2.493,2.493,2.493,2.493,0.0
2021-04-28,2.505,2.505,2.505,2.505,0.0
2021-04-29,2.507,2.507,2.507,2.507,0.0
2021-04-30,2.522,2.522,2.522,2.522,0.0
2021-05-03,2.525,2.525,2.525,2.525,0.0
2021-05-04,2.534,2.534,2.534,2.534,0.0
2021-05-05,2.536,2.536,2.536,2.536,0.0
2021-05-06,2.526,2.526,2.526,2.526,0.0
2021-05-07,2.533,2.533,2.533,2.533,0.0
2021-05-10,2.536,2.536,2.536,2.536,0.0
2021-05-11,2.533,2.533,2.533,2.533,0.0
2021-05-12,2.532,2.532,2.532,2.532,0.0
2021-05-13,2.522,2.522,2.522,2.522,0.0
2021-05-14,2.528,2.528,2.528,2.528,0.0
2021-05-17,2.532,2.532,2.532,2.532,0.0
2021-05-18,2.501,2.501,2.501,2.501,0.0
2021-05-19,2.505,2.505,2.505,2.505,0.0
2021-05-20,2.51,2.51,2.51,2.51,0.0
2021-05-21,2.522,2.522,2.522,2.522,0.0
2021-05-24,2.516,2.516,2.516,2.516,0.0
2021-05-25,2.527,2.527,2.527,2.527,0.0
2021-05-26,2.506,2.506,2.506,2.506,0.0
2021-05-27,2.503,2.503,2.503,2.503,0.0
2021-05-28,2.513,2.513,2.513,2.513,0.0
2021-06-01,2.505,2.505,2.505,2.505,0.0
2021-06-02,2.515,2.515,2.515,2.515,0.0
2021-06-03,2.502,2.502,2.502,2.502,0.0
2021-06-04,2.553,2.553,2.553,2.553,0.0
2021-06-07,2.524,2.524,2.524,2.524,0.0
2021-06-08,2.505,2.505,2.505,2.505,0.0
2021-06-09,2.512,2.512,2.512,2.512,0.0
2021-06-10,2.501,2.501,2.501,2.501,0.0
2021-06-11,2.5,2.5,2.5,2.5,0.0
2021-06-14,2.509,2.509,2.509,2.509,0.0
2021-06-15,2.494,2.494,2.494,2.494,0.0
2021-06-16,2.547,2.547,2.547,2.547,0.0
2021-06-17,2.552,2.552,2.552,2.552,0.0
2021-06-18,2.561,2.561,2.561,2.561,0.0
2021-06-21,2.558,2.558,2.558,2.558,0.0
2021-06-22,2.558,2.558,2.558,2.558,0.0
2021-06-23,2.559,2.559,2.559,2.559,0.0
2021-06-24,2.547,2.547,2.547,2.547,0.0
2021-06-25,2.603,2.603,2.603,2.603,0.0
2021-06-28,2.613,2.613,2.613,2.613,0.0
2021-06-29,2.641,2.641,2.641,2.641,0.0
2021-06-30,2.637,2.637,2.637,2.637,0.0
2021-07-01,2.625,2.625,2.625,2.625,0.0
2021-07-02,2.617,2.617,2.617,2.617,0.0
2021-07-06,2.609,2.609,2.609,2.609,0.0
2021-07-07,2.621,2.621,2.621,2.621,0.0
2021-07-08,2.633,2.633,2.633,2.633,0.0
2021-07-09,2.639,2.639,2.639,2.639,0.0
2021-07-12,2.644,2.644,2.644,2.644,0.0
2021-07-13,2.643,2.643,2.643,2.643,0.0
2021-07-14,2.636,2.636,2.636,2.636,0.0
2021-07-15,2.644,2.644,2.644,2.644,0.0
2021-07-16,2.65,2.65,2.65,2.65,0.0
2021-07-19,2.66,2.66,2.66,2.66,0.0
2021-07-20,2.667,2.667,2.667,2.667,0.0
2021-07-21,2.662,2.662,2.662,2.662,0.0
2021-07-22,2.664,2.664,2.664,2.664,0.0
2021-07-23,2.67,2.67,2.67,2.67,0.0
2021-07-26,2.678,2.678,2.678,2.678,0.0
2021-07-27,2.648,2.648,2.648,2.648,0.0
2021-07-28,2.64,2.64,2.64,2.64,0.0
2021-07-29,2.615,2.615,2.615,2.615,0.0
2021-07-30,2.635,2.635,2.635,2.635,0.0
2021-08-02,2.649,2.649,2.649,2.649,0.0
2021-08-03,2.641,2.641,2.641,2.641,0.0
2021-08-04,2.651,2.651,2.651,2.651,0.0
2021-08-05,2.616,2.616,2.616,2.616,0.0
2021-08-06,2.625,2.625,2.625,2.625,0.0
2021-08-09,2.641,2.641,2.641,2.641,0.0
2021-08-10,2.638,2.638,2.638,2.638,0.0
2021-08-11,2.653,2.653,2.653,2.653,0.0
2021-08-12,2.734,2.734,2.734,2.734,0.0
2021-08-13,2.701,2.701,2.701,2.701,2.0
2021-08-16,2.713,2.713,2.713,2.713,0.0
2021-08-17,2.726,2.726,2.726,2.726,0.0
2021-08-18,2.724,2.724,2.724,2.724,0.0
2021-08-19,2.735,2.735,2.735,2.735,0.0
2021-08-20,2.734,2.734,2.734,2.734,0.0
2021-08-23,2.736,2.736,2.736,2.736,0.0
2021-08-24,2.732,2.732,2.732,2.732,0.0
2021-08-25,2.749,2.749,2.749,2.749,0.0
2021-08-26,2.78,2.78,2.78,2.78,0.0
2021-08-27,2.782,2.782,2.782,2.782,0.0
2021-08-30,2.785,2.785,2.785,2.785,0.0
2021-08-31,2.774,2.774,2.774,2.774,0.0
2021-09-01,2.783,2.783,2.783,2.783,0.0
2021-09-02,2.783,2.783,2.783,2.783,0.0
2021-09-03,2.787,2.787,2.787,2.787,0.0
2021-09-07,2.811,2.811,2.811,2.811,0.0
2021-09-08,2.863,2.863,2.863,2.863,0.0
2021-09-09,2.938,2.938,2.938,2.938,0.0
2021-09-10,2.92,2.92,2.92,2.92,0.0
2021-09-13,2.935,2.935,2.935,2.935,5.0
2021-09-14,2.929,2.929,2.929,2.929,5.0
2021-09-15,2.88,2.88,2.88,2.88,0.0
2021-09-16,2.883,2.883,2.883,2.883,0.0
2021-09-17,2.876,2.876,2.876,2.876,0.0
2021-09-20,2.912,2.912,2.912,2.912,0.0
2021-09-21,2.929,2.929,2.929,2.929,0.0
2021-09-22,2.946,2.946,2.946,2.946,0.0
2021-09-23,2.953,2.953,2.953,2.953,0.0
2021-09-24,2.918,2.918,2.918,2.918,0.0
2021-09-27,2.931,2.931,2.931,2.931,0.0
2021-09-28,2.854,2.854,2.854,2.854,0.0
2021-09-29,2.865,2.865,2.865,2.865,7.0
2021-09-30,2.872,2.872,2.872,2.872,5.0
2021-10-01,2.862,2.862,2.862,2.862,5.0
2021-10-04,2.871,2.871,2.871,2.871,0.0
2021-10-05,2.886,2.886,2.886,2.886,0.0
2021-10-06,2.924,2.924,2.924,2.924,0.0
2021-10-07,2.924,2.924,2.924,2.924,0.0
2021-10-08,2.965,2.965,2.965,2.965,0.0
2021-10-11,2.951,2.951,2.951,2.951,0.0
2021-10-12,2.936,2.936,2.936,2.936,0.0
2021-10-13,2.941,2.941,2.941,2.941,43.0
2021-10-14,2.976,2.976,2.976,2.976,0.0
2021-10-15,2.985,2.985,2.985,2.985,0.0
2021-10-18,2.991,2.991,2.991,2.991,7.0
2021-10-19,2.975,2.975,2.975,2.975,5.0
2021-10-20,2.978,2.978,2.978,2.978,0.0
2021-10-21,2.991,2.991,2.991,2.991,0.0
2021-10-22,2.996,2.996,2.996,2.996,0.0
2021-10-25,3.039,3.039,3.039,3.039,0.0
2021-10-26,3.017,3.017,3.017,3.017,0.0
2021-10-27,2.954,2.954,2.954,2.954,0.0
2021-10-28,2.955,2.955,2.955,2.955,0.0
2021-10-29,2.906,2.906,2.906,2.906,0.0
2021-11-01,2.801,2.801,2.801,2.801,0.0
2021-11-02,2.862,2.862,2.862,2.862,0.0
2021-11-03,2.856,2.856,2.856,2.856,0.0
2021-11-04,2.88,2.88,2.88,2.88,0.0
2021-11-05,2.868,2.868,2.868,2.868,0.0
2021-11-08,2.921,2.921,2.921,2.921,0.0
2021-11-09,2.917,2.917,2.917,2.917,0.0
2021-11-10,2.943,2.943,2.943,2.943,0.0
2021-11-11,2.96,2.96,2.96,2.96,0.0
2021-11-12,2.911,2.911,2.911,2.911,0.0
2021-11-15,2.924,2.924,2.924,2.924,0.0
2021-11-16,2.995,2.995,2.995,2.995,0.0
2021-11-17,2.926,2.926,2.926,2.926,15.0
2021-11-18,2.914,2.914,2.914,2.914,0.0
2021-11-19,2.888,2.888,2.888,2.888,0.0
2021-11-22,2.87,2.87,2.87,2.87,0.0
2021-11-23,2.917,2.917,2.917,2.917,0.0
2021-11-24,2.915,2.915,2.915,2.915,0.0
2021-11-26,2.954,2.954,2.954,2.954,0.0
2021-11-29,2.946,2.946,2.946,2.946,0.0
2021-11-30,2.919,2.919,2.919,2.919,0.0
2021-12-01,2.927,2.927,2.927,2.927,0.0
2021-12-02,2.931,2.931,2.931,2.931,0.0
2021-12-03,2.941,2.941,2.941,2.941,0.0
2021-12-06,2.913,2.913,2.913,2.913,0.0
2021-12-07,2.917,2.917,2.917,2.917,0.0
2021-12-08,2.876,2.876,2.876,2.876,0.0
2021-12-09,2.918,2.918,2.918,2.918,10.0
2021-12-10,2.953,2.953,2.953,2.953,10.0
2021-12-13,2.857,2.857,2.857,2.857,0.0
2021-12-14,2.895,2.895,2.895,2.895,4.0
2021-12-15,2.901,2.901,2.901,2.901,0.0
2021-12-16,2.918,2.918,2.918,2.918,0.0
2021-12-17,2.931,2.931,2.931,2.931,0.0
2021-12-20,2.946,2.946,2.946,2.946,0.0
2021-12-21,2.93,2.93,2.93,2.93,0.0
2021-12-22,2.931,2.931,2.931,2.931,0.0
2021-12-23,2.894,2.894,2.894,2.894,0.0
2021-12-27,2.88,2.88,2.88,2.88,0.0
2021-12-28,2.896,2.896,2.896,2.896,0.0
2021-12-29,2.918,2.918,2.918,2.918,0.0
2021-12-30,2.906,2.906,2.906,2.906,0.0
2021-12-31,2.882,2.882,2.882,2.882,6.0
2022-01-03,2.894,2.894,2.894,2.894,0.0
2022-01-04,2.893,2.893,2.893,2.893,0.0
2022-01-05,2.897,2.897,2.897,2.897,0.0
2022-01-06,2.911,2.911,2.911,2.911,0.0
2022-01-07,2.944,2.944,2.944,2.944,0.0
2022-01-10,2.949,2.949,2.949,2.949,0.0
2022-01-11,2.938,2.938,2.938,2.938,0.0
2022-01-12,2.913,2.913,2.913,2.913,0.0
2022-01-13,2.916,2.916,2.916,2.916,0.0
2022-01-14,2.876,2.892,2.876,2.892,4.0
2022-01-18,2.911,2.911,2.911,2.911,0.0
2022-01-19,2.958,2.958,2.958,2.958,0.0
2022-01-20,2.961,2.961,2.961,2.961,0.0
2022-01-21,2.949,2.949,2.949,2.949,0.0
2022-01-24,2.938,2.938,2.938,2.938,0.0
2022-01-25,2.958,2.958,2.958,2.958,0.0
2022-01-26,2.959,2.959,2.959,2.959,0.0
2022-01-27,2.944,2.944,2.944,2.944,0.0
2022-01-28,2.95,2.95,2.937,2.937,10.0
2022-01-31,2.936,2.936,2.936,2.936,0.0
2022-02-01,2.921,2.921,2.921,2.921,0.0
2022-02-02,2.94,2.94,2.94,2.94,0.0
2022-02-03,2.931,2.931,2.931,2.931,0.0
2022-02-04,2.967,2.967,2.967,2.967,25.0
2022-02-07,2.983,2.983,2.983,2.983,0.0
2022-02-08,2.975,2.975,2.975,2.975,30.0
2022-02-09,2.97,2.97,2.97,2.97,0.0
2022-02-10,2.975,2.975,2.975,2.975,25.0
2022-02-11,3.015,3.015,3.015,3.015,0.0
2022-02-14,3.056,3.056,3.056,3.056,0.0
2022-02-15,3.044,3.044,3.044,3.044,0.0
2022-02-16,3.073,3.073,3.073,3.073,0.0
2022-02-17,3.055,3.055,3.055,3.055,0.0
2022-02-18,3.055,3.055,3.055,3.055,0.0
2022-02-22,3.1,3.1,3.1,3.1,0.0
2022-02-23,3.186,3.186,3.186,3.186,11.0
2022-02-24,3.192,3.192,3.192,3.192,11.0
2022-02-25,3.084,3.084,3.084,3.084,0.0
2022-02-28,3.161,3.161,3.161,3.161,0.0
2022-03-01,3.232,3.232,3.232,3.232,0.0
2022-03-02,3.279,3.279,3.279,3.279,15.0
2022-03-03,3.257,3.257,3.257,3.257,0.0
2022-03-04,3.31,3.31,3.31,3.31,0.0
2022-03-07,3.348,3.348,3.348,3.348,0.0
2022-03-08,3.358,3.358,3.358,3.358,0.0
2022-03-09,3.313,3.313,3.313,3.313,0.0
2022-03-10,3.281,3.281,3.281,3.281,0.0
2022-03-11,3.296,3.296,3.296,3.296,0.0
2022-03-14,3.339,3.339,3.339,3.339,0.0
2022-03-15,3.333,3.333,3.333,3.333,0.0
2022-03-16,3.329,3.329,3.329,3.329,0.0
2022-03-17,3.346,3.346,3.346,3.346,0.0
2022-03-18,3.298,3.298,3.298,3.298,0.0
2022-03-21,3.279,3.279,3.279,3.279,0.0
2022-03-22,3.29,3.29,3.29,3.29,0.0
2022-03-23,3.301,3.301,3.301,3.301,0.0
2022-03-24,3.327,3.327,3.327,3.327,0.0
2022-03-25,3.396,3.396,3.396,3.396,0.0
2022-03-28,3.486,3.486,3.486,3.486,12.0
2022-03-29,3.5,3.5,3.5,3.5,0.0
2022-03-30,3.6,3.602,3.6,3.602,1.0
2022-03-31,3.685,3.685,3.685,3.685,5.0
2022-04-01,3.737,3.737,3.737,3.737,0.0
2022-04-04,3.804,3.804,3.804,3.804,0.0
2022-04-05,3.883,3.883,3.883,3.883,0.0
2022-04-06,3.935,3.935,3.935,3.935,2.0
2022-04-07,3.92,3.92,3.92,3.92,0.0
2022-04-08,3.908,3.908,3.908,3.908,0.0
2022-04-11,3.957,3.957,3.957,3.957,0.0
2022-04-12,3.979,3.979,3.979,3.979,0.0
2022-04-13,4.0,4.0,3.987,3.987,5.0
2022-04-14,4.0,4.0,3.994,3.994,5.0
2022-04-18,4.029,4.029,4.029,4.029,0.0
2022-04-19,3.99,4.017,3.99,4.017,5.0
2022-04-20,3.98,3.98,3.963,3.963,10.0
2022-04-21,3.906,3.906,3.906,3.906,0.0
2022-04-22,3.733,3.733,3.733,3.733,0.0
2022-04-25,3.723,3.723,3.723,3.723,10.0
2022-04-26,3.788,3.788,3.788,3.788,0.0
2022-04-27,3.763,3.763,3.763,3.763,0.0
2022-04-28,3.759,3.759,3.759,3.759,0.0
2022-04-29,3.752,3.752,3.752,3.752,0.0
2022-05-02,3.841,3.841,3.841,3.841,0.0
2022-05-03,3.902,3.902,3.902,3.902,0.0
2022-05-04,3.952,3.952,3.952,3.952,1.0
2022-05-05,3.985,3.985,3.985,3.985,3.0
2022-05-06,3.932,3.932,3.932,3.932,1.0
2022-05-09,3.828,3.828,3.828,3.828,1.0
2022-05-10,3.855,3.855,3.855,3.855,12.0
2022-05-11,3.83,3.914,3.83,3.914,2.0
2022-05-12,3.924,3.924,3.924,3.924,0.0
2022-05-13,3.924,3.973,3.924,3.973,4.0
2022-05-16,4.023,4.023,4.023,4.023,1.0
2022-05-17,4.01,4.01,4.01,4.01,0.0
2022-05-18,4.05,4.05,4.05,4.05,0.0
2022-05-19,3.989,3.989,3.989,3.989,0.0
2022-05-20,3.998,3.998,3.998,3.998,0.0
2022-05-23,4.039,4.039,4.039,4.039,0.0
2022-05-24,4.018,4.018,4.018,4.018,0.0
2022-05-25,4.058,4.058,4.058,4.058,1.0
2022-05-26,4.112,4.112,4.112,4.112,4.0
2022-05-27,4.136,4.136,4.136,4.136,0.0
2022-05-31,4.082,4.082,4.082,4.082,0.0
2022-06-01,4.256,4.256,4.256,4.256,0.0
2022-06-02,4.257,4.257,4.257,4.257,1.0
2022-06-03,4.324,4.324,4.324,4.324,1.0
2022-06-06,4.423,4.423,4.423,4.423,0.0
2022-06-07,4.458,4.458,4.458,4.458,0.0
2022-06-08,4.528,4.528,4.528,4.528,14.0
2022-06-09,4.619,4.619,4.619,4.619,0.0
2022-06-10,4.673,4.673,4.673,4.673,0.0
2022-06-13,4.616,4.616,4.616,4.616,0.0
2022-06-14,4.538,4.538,4.538,4.538,0.0
2022-06-15,4.578,4.578,4.578,4.578,0.0
2022-06-16,4.562,4.562,4.562,4.562,15.0
2022-06-17,4.443,4.443,4.443,4.443,0.0
2022-06-21,4.43,4.43,4.43,4.43,0.0
2022-06-22,4.459,4.459,4.459,4.459,0.0
2022-06-23,4.437,4.437,4.437,4.437,55.0
2022-06-24,4.253,4.253,4.253,4.253,60.0
2022-06-27,4.295,4.295,4.295,4.295,0.0
2022-06-28,4.3,4.3,4.265,4.265,5.0
2022-06-29,4.282,4.282,4.282,4.282,0.0
2022-06-30,4.027,4.027,4.027,4.027,0.0
2022-07-01,4.065,4.065,4.065,4.065,0.0
2022-07-05,4.0,4.0,3.915,3.915,5.0
2022-07-06,4.007,4.007,4.007,4.007,0.0
2022-07-07,4.103,4.103,4.103,4.103,5.0
2022-07-08,4.102,4.102,4.102,4.102,0.0
2022-07-11,4.136,4.136,4.136,4.136,0.0
2022-07-12,4.047,4.047,4.047,4.047,0.0
2022-07-13,4.134,4.134,4.134,4.134,0.0
2022-07-14,4.056,4.056,4.056,4.056,0.0
2022-07-15,4.13,4.13,4.13,4.13,0.0
2022-07-18,4.087,4.087,4.087,4.087,0.0
2022-07-19,4.13,4.13,4.093,4.093,25.0
2022-07-20,4.236,4.236,4.236,4.236,0.0
2022-07-21,4.141,4.141,4.141,4.141,0.0
2022-07-22,4.145,4.145,4.145,4.145,0.0
2022-07-25,4.201,4.201,4.201,4.201,0.0
2022-07-26,4.228,4.228,4.228,4.228,0.0
2022-07-27,4.226,4.226,4.226,4.226,10.0
2022-07-28,4.202,4.202,4.202,4.202,0.0
2022-07-29,4.197,4.197,4.197,4.197,0.0
2022-08-01,4.18,4.18,4.18,4.18,0.0
2022-08-02,4.182,4.182,4.182,4.182,5.0
2022-08-03,4.203,4.203,4.203,4.203,0.0
2022-08-04,4.184,4.184,4.184,4.184,0.0
2022-08-05,4.185,4.185,4.185,4.185,0.0
2022-08-08,4.147,4.147,4.147,4.147,0.0
2022-08-09,4.195,4.195,4.195,4.195,0.0
2022-08-10,4.225,4.225,4.225,4.225,0.0
2022-08-11,4.325,4.325,4.325,4.325,5.0
2022-08-12,4.313,4.313,4.313,4.313,5.0
2022-08-15,4.404,4.404,4.404,4.404,6.0
2022-08-16,4.443,4.443,4.443,4.443,65.0
2022-08-17,4.412,4.412,4.412,4.412,41.0
2022-08-18,4.418,4.418,4.418,4.418,11.0
2022-08-19,4.434,4.434,4.434,4.434,0.0
2022-08-22,4.493,4.493,4.493,4.493,0.0
2022-08-23,4.5,4.5,4.5,4.5,0.0
2022-08-24,4.509,4.509,4.509,4.509,0.0
2022-08-25,4.571,4.571,4.571,4.571,0.0
2022-08-26,4.595,4.595,4.595,4.595,5.0
2022-08-29,4.608,4.608,4.608,4.608,0.0
2022-08-30,4.615,4.615,4.615,4.615,0.0
2022-08-31,4.664,4.664,4.664,4.664,10.0
2022-09-01,4.732,4.732,4.732,4.732,5.0
2022-09-02,4.784,4.784,4.784,4.784,10.0
2022-09-06,4.761,4.761,4.761,4.761,0.0
2022-09-07,4.669,4.669,4.669,4.669,0.0
2022-09-08,4.585,4.585,4.585,4.585,1.0
2022-09-09,4.636,4.636,4.636,4.636,52.0
2022-09-12,4.668,4.668,4.668,4.668,0.0
2022-09-13,4.697,4.697,4.697,4.697,0.0
2022-09-14,4.738,4.738,4.738,4.738,0.0
2022-09-15,4.692,4.692,4.692,4.692,0.0
2022-09-16,4.613,4.613,4.613,4.613,0.0
2022-09-19,4.573,4.573,4.573,4.573,5.0
2022-09-20,4.55,4.55,4.55,4.55,20.0
2022-09-21,4.42,4.423,4.42,4.423,17.0
2022-09-22,4.313,4.313,4.313,4.313,19.0
2022-09-23,4.313,4.313,4.313,4.313,5.0
2022-09-26,4.247,4.247,4.247,4.247,14.0
2022-09-27,4.231,4.231,4.231,4.231,12.0
2022-09-28,4.245,4.245,4.245,4.245,5.0
2022-09-29,4.23,4.23,4.23,4.23,0.0
2022-09-30,4.236,4.236,4.236,4.236,0.0
2022-10-03,4.188,4.188,4.188,4.188,7.0
2022-10-04,4.217,4.217,4.217,4.217,10.0
2022-10-05,4.184,4.184,4.184,4.184,0.0
2022-10-06,4.211,4.211,4.211,4.211,0.0
2022-10-07,4.225,4.225,4.225,4.225,5.0
2022-10-10,4.232,4.232,4.232,4.232,2.0
2022-10-11,4.27,4.27,4.27,4.27,7.0
2022-10-12,4.225,4.225,4.225,4.225,10.0
2022-10-13,4.218,4.218,4.218,4.218,7.0
2022-10-14,4.225,4.225,4.225,4.225,18.0
2022-10-17,4.209,4.209,4.209,4.209,4.0
2022-10-18,4.174,4.174,4.174,4.174,5.0
2022-10-19,4.149,4.149,4.149,4.149,54.0
2022-10-20,4.14,4.14,4.14,4.14,40.0
2022-10-21,4.1,4.1,4.1,4.1,7.0
2022-10-24,4.14,4.141,4.14,4.141,1.0
2022-10-25,4.146,4.146,4.146,4.146,0.0
2022-10-26,4.172,4.172,4.172,4.172,1.0
2022-10-27,4.165,4.165,4.165,4.165,2.0
2022-10-28,4.161,4.161,4.161,4.161,0.0
2022-10-31,4.185,4.185,4.185,4.185,2.0
2022-11-01,4.15,4.15,4.15,4.15,0.0
2022-11-02,4.15,4.189,4.15,4.189,1.0
2022-11-03,4.208,4.208,4.208,4.208,0.0
2022-11-04,4.306,4.306,4.306,4.306,0.0
2022-11-07,4.304,4.304,4.304,4.304,13.0
2022-11-08,4.275,4.275,4.275,4.275,0.0
2022-11-09,4.289,4.289,4.289,4.289,2.0
2022-11-10,4.289,4.289,4.289,4.289,2.0
2022-11-11,4.285,4.285,4.285,4.285,17.0
2022-11-14,4.254,4.254,4.254,4.254,0.0
2022-11-15,4.28,4.28,4.28,4.28,1.0
2022-11-16,4.299,4.299,4.299,4.299,0.0
2022-11-17,4.303,4.303,4.303,4.303,14.0
2022-11-18,4.303,4.303,4.303,4.303,0.0
2022-11-21,4.256,4.256,4.256,4.256,0.0
2022-11-22,4.261,4.261,4.261,4.261,25.0
2022-11-23,4.253,4.253,4.253,4.253,0.0
2022-11-25,4.247,4.247,4.247,4.247,0.0
2022-11-28,4.183,4.183,4.183,4.183,0.0
2022-11-29,4.22,4.22,4.22,4.22,0.0
2022-11-30,4.234,4.234,4.234,4.234,0.0
2022-12-01,4.239,4.239,4.239,4.239,0.0
2022-12-02,4.226,4.226,4.226,4.226,1.0
2022-12-05,4.22,4.22,4.22,4.22,0.0
2022-12-06,4.233,4.233,4.233,4.233,13.0
2022-12-07,4.238,4.238,4.238,4.238,15.0
2022-12-08,4.272,4.272,4.272,4.272,1.0
2022-12-09,4.276,4.276,4.276,4.276,0.0
2022-12-12,4.303,4.303,4.303,4.303,0.0
2022-12-13,4.291,4.291,4.291,4.291,0.0
2022-12-14,4.289,4.289,4.289,4.289,0.0
2022-12-15,4.31,4.31,4.31,4.31,0.0
2022-12-16,4.345,4.345,4.345,4.345,0.0
2022-12-19,4.385,4.385,4.385,4.385,0.0
2022-12-20,4.38,4.38,4.38,4.38,10.0
2022-12-21,4.273,4.273,4.273,4.273,5.0
2022-12-22,4.19,4.19,4.19,4.19,35.0
2022-12-23,4.188,4.188,4.188,4.188,0.0
2022-12-27,4.266,4.266,4.266,4.266,0.0
2022-12-28,4.195,4.195,4.195,4.195,7.0
2022-12-29,4.173,4.173,4.173,4.173,0.0
2022-12-30,4.188,4.188,4.188,4.188,0.0
2023-01-03,4.134,4.134,4.134,4.134,5.0
2023-01-04,4.137,4.137,4.137,4.137,0.0
2023-01-05,4.029,4.029,4.029,4.029,1.0
2023-01-06,3.973,3.973,3.973,3.973,0.0
2023-01-09,3.981,3.981,3.981,3.981,6.0
2023-01-10,4.005,4.005,4.005,4.005,1.0
2023-01-11,3.971,3.971,3.971,3.971,3.0
2023-01-12,3.97,3.97,3.97,3.97,0.0
2023-01-13,3.979,3.979,3.979,3.979,40.0
2023-01-17,3.995,3.995,3.995,3.995,0.0
2023-01-18,3.993,3.993,3.993,3.993,0.0
2023-01-19,3.997,3.997,3.997,3.997,0.0
2023-01-20,4.023,4.023,4.023,4.023,20.0
2023-01-23,4.036,4.036,4.036,4.036,0.0
2023-01-24,4.005,4.005,4.005,4.005,0.0
2023-01-25,3.948,3.948,3.948,3.948,0.0
2023-01-26,3.949,3.949,3.949,3.949,0.0
2023-01-27,3.94,3.94,3.94,3.94,0.0
2023-01-30,3.861,3.861,3.861,3.861,0.0
2023-01-31,3.872,3.872,3.872,3.872,8.0
2023-02-01,3.773,3.773,3.773,3.773,40.0
2023-02-02,3.753,3.753,3.753,3.753,2.0
2023-02-03,3.711,3.711,3.711,3.711,0.0
2023-02-06,3.692,3.692,3.692,3.692,0.0
2023-02-07,3.788,3.788,3.788,3.788,20.0
2023-02-08,3.744,3.744,3.744,3.744,20.0
2023-02-09,3.696,3.696,3.696,3.696,21.0
2023-02-10,3.678,3.678,3.678,3.678,0.0
2023-02-13,3.621,3.621,3.621,3.621,11.0
2023-02-14,3.645,3.645,3.645,3.645,19.0
2023-02-15,3.63,3.63,3.63,3.63,0.0
2023-02-16,3.63,3.63,3.63,3.63,0.0
2023-02-17,3.593,3.593,3.593,3.593,50.0
2023-02-21,3.608,3.608,3.608,3.608,11.0
2023-02-22,3.639,3.639,3.639,3.639,52.0
2023-02-23,3.688,3.688,3.688,3.688,0.0
2023-02-24,3.735,3.735,3.735,3.735,0.0
2023-02-27,3.775,3.775,3.775,3.775,60.0
2023-02-28,3.823,3.823,3.823,3.823,0.0
2023-03-01,3.904,3.904,3.904,3.904,0.0
2023-03-02,3.912,3.912,3.912,3.912,0.0
2023-03-03,3.952,3.952,3.952,3.952,1.0
2023-03-06,3.986,3.986,3.986,3.986,0.0
2023-03-07,4.127,4.127,4.127,4.127,65.0
2023-03-08,4.101,4.101,4.101,4.101,3.0
2023-03-09,4.013,4.013,4.013,4.013,76.0
2023-03-10,4.092,4.092,4.092,4.092,9.0
2023-03-13,4.103,4.103,4.103,4.103,0.0
2023-03-14,4.154,4.154,4.154,4.154,9.0
2023-03-15,4.115,4.115,4.115,4.115,0.0
2023-03-16,4.157,4.157,4.157,4.157,14.0
2023-03-17,4.15,4.15,4.15,4.15,0.0
2023-03-20,4.076,4.076,4.076,4.076,0.0
2023-03-21,4.159,4.159,4.159,4.159,0.0
2023-03-22,4.098,4.098,4.098,4.098,0.0
2023-03-23,4.128,4.128,4.128,4.128,10.0
2023-03-24,4.096,4.096,4.096,4.096,62.0
2023-03-27,4.057,4.057,4.057,4.057,0.0
2023-03-28,4.028,4.028,4.028,4.028,0.0
2023-03-29,4.02,4.054,4.02,4.054,40.0
2023-03-30,4.023,4.023,4.023,4.023,21.0
2023-03-31,4.044,4.044,4.044,4.044,0.0
2023-04-03,4.02,4.02,4.02,4.02,0.0
2023-04-04,4.032,4.032,4.032,4.032,0.0
2023-04-05,3.988,3.988,3.988,3.988,7.0
2023-04-06,3.944,3.944,3.944,3.944,0.0
2023-04-10,4.02,4.02,4.02,4.02,0.0
2023-04-11,4.03,4.03,4.03,4.03,27.0
2023-04-12,3.956,3.956,3.956,3.956,23.0
2023-04-13,3.924,3.924,3.924,3.924,0.0
2023-04-14,3.944,3.944,3.944,3.944,0.0
2023-04-17,4.021,4.021,4.021,4.021,0.0
2023-04-18,4.019,4.019,4.019,4.019,0.0
2023-04-19,4.041,4.041,4.041,4.041,0.0
2023-04-20,4.073,4.073,4.073,4.073,0.0
2023-04-21,4.08,4.08,4.08,4.08,0.0
2023-04-24,4.119,4.119,4.119,4.119,0.0
2023-04-25,4.097,4.097,4.097,4.097,0.0
2023-04-26,4.079,4.079,4.079,4.079,0.0
2023-04-27,4.083,4.083,4.083,4.083,0.0
2023-04-28,4.102,4.102,4.102,4.102,0.0
2023-05-01,4.059,4.059,4.059,4.059,1.0
2023-05-02,4.057,4.057,4.057,4.057,0.0
2023-05-03,4.043,4.043,4.043,4.043,0.0
2023-05-04,4.058,4.058,4.058,4.058,0.0
2023-05-05,4.065,4.065,4.065,4.065,100.0
2023-05-08,4.033,4.033,4.033,4.033,0.0
2023-05-09,3.99,4.016,3.99,4.016,4.0
2023-05-10,4.004,4.004,4.004,4.004,7.0
2023-05-11,3.998,3.998,3.998,3.998,0.0
2023-05-12,3.988,3.988,3.988,3.988,0.0
2023-05-15,3.992,3.992,3.992,3.992,0.0
2023-05-16,3.965,3.965,3.965,3.965,0.0
2023-05-17,3.934,3.934,3.934,3.934,0.0
2023-05-18,3.944,3.944,3.944,3.944,0.0
2023-05-19,3.89,3.89,3.89,3.89,10.0
2023-05-22,3.851,3.851,3.851,3.851,0.0
2023-05-23,3.823,3.823,3.823,3.823,0.0
2023-05-24,3.878,3.878,3.878,3.878,0.0
2023-05-25,3.849,3.849,3.849,3.849,0.0
2023-05-26,3.877,3.877,3.877,3.877,0.0
2023-05-30,3.837,3.837,3.837,3.837,0.0
2023-05-31,3.802,3.802,3.802,3.802,0.0
2023-06-01,3.66,3.66,3.66,3.66,0.0
2023-06-02,3.7,3.7,3.7,3.7,0.0
2023-06-05,3.72,3.72,3.72,3.72,11.0
2023-06-06,3.707,3.707,3.707,3.707,0.0
2023-06-07,3.714,3.714,3.714,3.714,0.0
2023-06-08,3.719,3.719,3.719,3.719,0.0
2023-06-09,3.698,3.698,3.698,3.698,0.0
2023-06-12,3.695,3.695,3.695,3.695,0.0
2023-06-13,3.691,3.691,3.691,3.691,0.0
2023-06-14,3.735,3.735,3.735,3.735,0.0
2023-06-15,3.747,3.747,3.747,3.747,0.0
2023-06-16,3.749,3.749,3.718,3.718,1.0
2023-06-20,3.765,3.765,3.765,3.765,0.0
2023-06-21,3.82,3.82,3.82,3.82,0.0
2023-06-22,3.838,3.838,3.838,3.838,0.0
2023-06-23,3.793,3.793,3.793,3.793,0.0
2023-06-26,3.773,3.773,3.773,3.773,6.0
2023-06-27,3.758,3.758,3.758,3.758,0.0
2023-06-28,3.739,3.739,3.72,3.72,1.0
2023-06-29,3.683,3.683,3.683,3.683,0.0
2023-06-30,3.701,3.701,3.701,3.701,0.0
2023-07-03,3.702,3.702,3.702,3.702,0.0
2023-07-05,3.675,3.675,3.675,3.675,0.0
2023-07-06,3.692,3.692,3.692,3.692,1.0
2023-07-07,3.701,3.701,3.701,3.701,0.0
2023-07-10,3.71,3.71,3.71,3.71,0.0
2023-07-11,3.722,3.722,3.722,3.722,5.0
2023-07-12,3.719,3.719,3.719,3.719,0.0
2023-07-13,3.684,3.684,3.684,3.684,0.0
2023-07-14,3.718,3.718,3.718,3.718,0.0
2023-07-17,3.706,3.706,3.706,3.706,0.0
2023-07-18,3.736,3.736,3.736,3.736,0.0
2023-07-19,3.721,3.721,3.721,3.721,0.0
2023-07-20,3.744,3.744,3.744,3.744,0.0
2023-07-21,3.764,3.764,3.764,3.764,0.0
2023-07-24,3.798,3.798,3.798,3.798,0.0
2023-07-25,3.803,3.812,3.803,3.812,1.0
2023-07-26,3.822,3.822,3.822,3.822,0.0
2023-07-27,3.811,3.811,3.811,3.811,0.0
2023-07-28,3.8,3.82,3.8,3.82,1.0
2023-07-31,3.805,3.805,3.805,3.805,0.0
2023-08-01,3.784,3.784,3.784,3.784,0.0
2023-08-02,3.781,3.781,3.781,3.781,0.0
2023-08-03,3.769,3.769,3.769,3.769,0.0
2023-08-04,3.757,3.757,3.757,3.757,0.0
2023-08-07,3.804,3.804,3.804,3.804,0.0
2023-08-08,3.797,3.797,3.797,3.797,0.0
2023-08-09,3.759,3.759,3.759,3.759,0.0
2023-08-10,3.744,3.744,3.744,3.744,0.0
2023-08-11,3.784,3.784,3.784,3.784,0.0
2023-08-14,3.787,3.787,3.787,3.787,0.0
2023-08-15,3.788,3.788,3.785,3.785,3.0
2023-08-16,3.791,3.791,3.791,3.791,7.0
2023-08-17,3.795,3.795,3.783,3.783,3.0
2023-08-18,3.765,3.765,3.765,3.765,0.0
2023-08-21,3.792,3.792,3.792,3.792,7.0
2023-08-22,3.768,3.768,3.768,3.768,12.0
2023-08-23,3.78,3.78,3.78,3.78,0.0
2023-08-24,3.78,3.78,3.741,3.741,1.0
2023-08-25,3.744,3.744,3.744,3.744,7.0
2023-08-28,3.739,3.739,3.739,3.739,0.0
2023-08-29,3.708,3.708,3.708,3.708,0.0
2023-08-30,3.744,3.744,3.744,3.744,0.0
2023-08-31,3.753,3.753,3.753,3.753,0.0
2023-09-01,3.74,3.74,3.74,3.74,0.0
2023-09-05,3.703,3.703,3.703,3.703,7.0
2023-09-06,3.715,3.715,3.715,3.715,0.0
2023-09-07,3.698,3.698,3.698,3.698,0.0
2023-09-08,3.704,3.704,3.704,3.704,0.0
2023-09-11,3.652,3.652,3.652,3.652,76.0
2023-09-12,3.696,3.696,3.696,3.696,0.0
2023-09-13,3.727,3.727,3.727,3.727,7.0
2023-09-14,3.736,3.736,3.736,3.736,1.0
2023-09-15,3.695,3.695,3.695,3.695,100.0
2023-09-18,3.735,3.735,3.735,3.735,0.0
2023-09-19,3.729,3.729,3.729,3.729,0.0
2023-09-20,3.74,3.74,3.74,3.74,15.0
2023-09-21,3.762,3.762,3.762,3.762,0.0
2023-09-22,3.802,3.802,3.802,3.802,4.0
2023-09-25,3.764,3.764,3.764,3.764,0.0
2023-09-26,3.783,3.783,3.783,3.783,0.0
2023-09-27,3.759,3.759,3.759,3.759,8.0
2023-09-28,3.782,3.782,3.782,3.782,20.0
2023-09-29,3.775,3.775,3.774,3.774,16.0
2023-10-02,3.763,3.763,3.763,3.763,0.0
2023-10-03,3.794,3.794,3.794,3.794,0.0
2023-10-04,3.763,3.763,3.763,3.763,7.0
2023-10-05,3.775,3.775,3.775,3.775,0.0
2023-10-06,3.773,3.773,3.773,3.773,1.0
2023-10-09,3.787,3.787,3.787,3.787,5.0
2023-10-10,3.807,3.807,3.807,3.807,0.0
2023-10-11,3.821,3.821,3.821,3.821,18.0
2023-10-12,3.845,3.845,3.845,3.845,27.0
2023-10-13,3.849,3.849,3.849,3.849,0.0
2023-10-16,3.839,3.839,3.839,3.839,0.0
2023-10-17,3.843,3.843,3.843,3.843,45.0
2023-10-18,3.836,3.836,3.836,3.836,0.0
2023-10-19,3.843,3.843,3.843,3.843,0.0
2023-10-20,3.849,3.849,3.849,3.849,0.0
2023-10-23,3.853,3.853,3.853,3.853,0.0
2023-10-24,3.845,3.845,3.838,3.838,1.0
2023-10-25,3.847,3.847,3.847,3.847,1.0
2023-10-26,3.835,3.835,3.835,3.835,0.0
2023-10-27,3.83,3.83,3.83,3.83,56.0
2023-10-30,3.855,3.855,3.855,3.855,28.0
2023-10-31,3.849,3.849,3.849,3.849,7.0
2023-11-01,3.896,3.896,3.896,3.896,11.0
2023-11-02,3.972,3.972,3.972,3.972,6.0
2023-11-03,3.97,3.97,3.97,3.97,75.0
2023-11-06,3.989,3.989,3.989,3.989,19.0
2023-11-07,3.977,3.977,3.977,3.977,0.0
2023-11-08,3.936,3.936,3.936,3.936,9.0
2023-11-09,3.927,3.927,3.927,3.927,16.0
2023-11-10,3.913,3.913,3.913,3.913,0.0
2023-11-13,3.93,3.93,3.93,3.93,0.0
2023-11-14,3.918,3.918,3.918,3.918,0.0
2023-11-15,3.957,3.957,3.957,3.957,5.0
2023-11-16,3.934,3.934,3.934,3.934,6.0
2023-11-17,3.906,3.906,3.906,3.906,8.0
2023-11-20,3.876,3.876,3.876,3.876,9.0
2023-11-21,3.832,3.832,3.832,3.832,8.0
2023-11-22,3.844,3.844,3.844,3.844,1.0
2023-11-24,3.875,3.875,3.875,3.875,128.0
2023-11-27,3.875,3.875,3.875,3.875,0.0
2023-11-28,3.823,3.823,3.823,3.823,3.0
2023-11-29,3.821,3.821,3.821,3.821,35.0
2023-11-30,3.78,3.78,3.78,3.78,12.0
2023-12-01,3.8,3.8,3.8,3.8,0.0
2023-12-04,3.755,3.755,3.755,3.755,49.0
2023-12-05,3.759,3.759,3.759,3.759,7.0
2023-12-06,3.593,3.607,3.593,3.607,30.0
2023-12-07,3.598,3.598,3.598,3.598,110.0
2023-12-08,3.541,3.541,3.541,3.541,61.0
2023-12-11,3.504,3.504,3.504,3.504,0.0
2023-12-12,3.507,3.507,3.507,3.507,50.0
2023-12-13,3.54,3.54,3.54,3.54,85.0
2023-12-14,3.602,3.602,3.602,3.602,24.0
2023-12-15,3.66,3.673,3.66,3.673,54.0
2023-12-18,3.68,3.68,3.68,3.68,0.0
2023-12-19,3.642,3.642,3.642,3.642,0.0
2023-12-20,3.654,3.654,3.654,3.654,3.0
2023-12-21,3.685,3.685,3.685,3.685,286.0
2023-12-22,3.59,3.59,3.59,3.59,27.0
2023-12-26,3.565,3.565,3.565,3.565,0.0
2023-12-27,3.612,3.612,3.612,3.612,0.0
2023-12-28,3.656,3.656,3.656,3.656,0.0
2023-12-29,3.681,3.681,3.681,3.681,60.0
2024-01-02,3.691,3.691,3.691,3.691,18.0
2024-01-03,3.693,3.693,3.693,3.693,0.0
2024-01-04,3.709,3.709,3.709,3.709,7.0
2024-01-05,3.742,3.742,3.742,3.742,0.0
2024-01-08,3.767,3.767,3.767,3.767,16.0
2024-01-09,3.743,3.749,3.743,3.749,46.0
2024-01-10,3.727,3.727,3.727,3.727,21.0
2024-01-11,3.697,3.697,3.697,3.697,8.0
2024-01-12,3.684,3.684,3.684,3.684,13.0
2024-01-16,3.673,3.673,3.673,3.673,25.0
2024-01-17,3.708,3.708,3.708,3.708,0.0
2024-01-18,3.694,3.694,3.694,3.694,0.0
2024-01-19,3.652,3.652,3.652,3.652,15.0
2024-01-22,3.618,3.618,3.618,3.618,46.0
2024-01-23,3.686,3.686,3.686,3.686,12.0
2024-01-24,3.67,3.67,3.67,3.67,23.0
2024-01-25,3.596,3.596,3.596,3.596,11.0
2024-01-26,3.615,3.615,3.615,3.615,0.0
2024-01-29,3.578,3.578,3.578,3.578,0.0
2024-01-30,3.575,3.575,3.575,3.575,35.0
2024-01-31,3.579,3.579,3.579,3.579,4.0
2024-02-01,3.55,3.566,3.55,3.566,23.0
2024-02-02,3.6,3.6,3.6,3.6,0.0
2024-02-05,3.583,3.596,3.583,3.596,7.0
2024-02-06,3.596,3.596,3.592,3.592,18.0
2024-02-07,3.598,3.598,3.598,3.598,41.0
2024-02-08,3.58,3.59,3.58,3.589,8.0
2024-02-09,3.604,3.604,3.604,3.604,0.0
2024-02-12,3.59,3.59,3.59,3.59,1.0
2024-02-13,3.588,3.588,3.588,3.588,0.0
2024-02-14,3.535,3.535,3.531,3.531,9.0
2024-02-15,3.5,3.512,3.488,3.488,6.0
2024-02-16,3.454,3.454,3.454,3.454,0.0
2024-02-20,3.489,3.489,3.489,3.489,0.0
2024-02-21,3.569,3.569,3.569,3.569,36.0
2024-02-22,3.605,3.605,3.605,3.605,32.0
2024-02-23,3.576,3.576,3.576,3.576,15.0
2024-02-26,3.593,3.593,3.593,3.593,23.0
2024-02-27,3.611,3.611,3.611,3.611,40.0
2024-02-28,3.651,3.651,3.651,3.651,28.0
2024-02-29,3.643,3.643,3.643,3.643,1.0
2024-03-01,3.643,3.643,3.631,3.631,11.0
2024-03-04,3.656,3.656,3.656,3.656,0.0
2024-03-05,3.664,3.664,3.664,3.664,0.0
2024-03-06,3.677,3.677,3.677,3.677,16.0
2024-03-07,3.668,3.668,3.668,3.668,4.0
2024-03-08,3.656,3.656,3.656,3.656,1.0
2024-03-11,3.659,3.659,3.659,3.659,0.0
2024-03-12,3.66,3.66,3.66,3.66,5.0
2024-03-13,3.666,3.666,3.666,3.666,0.0
2024-03-14,3.664,3.678,3.664,3.678,22.0
2024-03-15,3.64,3.64,3.64,3.64,1.0
2024-03-18,3.675,3.68,3.66,3.68,23.0
2024-03-19,3.664,3.68,3.664,3.68,9.0
2024-03-20,3.654,3.654,3.654,3.654,1.0
2024-03-21,3.639,3.639,3.639,3.639,0.0
2024-03-22,3.63,3.63,3.63,3.63,0.0
2024-03-25,3.63,3.63,3.6,3.624,25.0
2024-03-26,3.627,3.652,3.627,3.652,10.0
2024-03-27,3.64,3.641,3.64,3.641,6.0
2024-03-28,3.645,3.685,3.645,3.685,2.0
2024-04-01,3.654,3.697,3.654,3.697,7.0
2024-04-02,3.705,3.711,3.705,3.707,87.0
2024-04-03,3.695,3.706,3.68,3.706,59.0
2024-04-04,3.67,3.688,3.67,3.688,7.0
2024-04-05,3.678,3.69,3.678,3.684,12.0
2024-04-08,3.694,3.704,3.694,3.704,7.0
2024-04-09,3.715,3.715,3.696,3.715,45.0
2024-04-10,3.71,3.746,3.71,3.724,20.0
2024-04-11,3.775,3.778,3.773,3.773,42.0
2024-04-12,3.807,3.824,3.807,3.822,9.0
2024-04-15,3.835,3.868,3.835,3.868,19.0
2024-04-16,3.862,3.875,3.862,3.872,50.0
2024-04-17,3.857,3.868,3.856,3.868,3.0
2024-04-18,3.846,3.854,3.846,3.854,8.0
2024-04-19,3.865,3.865,3.85,3.853,28.0
2024-04-22,3.872,3.872,3.872,3.872,8.0
2024-04-23,3.875,3.875,3.875,3.875,325.0
2024-04-24,3.905,3.905,3.905,3.905,101.0
2024-04-25,3.895,3.895,3.888,3.888,10.0
2024-04-26,3.883,3.899,3.883,3.899,7.0
2024-04-29,3.923,3.923,3.923,3.923,16.0
2024-04-30,3.903,3.915,3.903,3.915,368.0
2024-05-01,3.903,3.903,3.903,3.903,1.0
2024-05-02,3.91,3.91,3.892,3.892,1.0
2024-05-03,3.865,3.865,3.865,3.865,0.0
2024-05-06,3.865,3.865,3.865,3.865,370.0
2024-05-07,3.819,3.819,3.819,3.819,2.0
2024-05-08,3.794,3.794,3.782,3.783,5.0
2024-05-09,3.736,3.736,3.734,3.734,17.0
2024-05-10,3.753,3.768,3.753,3.768,7.0
2024-05-13,3.767,3.767,3.767,3.767,0.0
2024-05-14,3.785,3.785,3.784,3.784,506.0
2024-05-15,3.818,3.818,3.818,3.818,111.0
2024-05-16,3.851,3.851,3.851,3.851,320.0
2024-05-17,3.871,3.871,3.871,3.871,138.0
2024-05-20,3.88,3.894,3.88,3.894,37.0
2024-05-21,3.876,3.876,3.876,3.876,23.0
2024-05-22,3.879,3.879,3.879,3.879,95.0
2024-05-23,3.88,3.88,3.855,3.855,353.0
2024-05-24,3.845,3.845,3.825,3.825,2.0
2024-05-28,3.816,3.816,3.816,3.816,2.0
2024-05-29,3.762,3.762,3.762,3.762,72.0
2024-05-30,3.741,3.741,3.741,3.741,7.0
2024-05-31,3.728,3.728,3.728,3.728,52.0
2024-06-03,3.73,3.742,3.73,3.742,123.0
2024-06-04,3.728,3.728,3.728,3.728,1.0
2024-06-05,3.762,3.762,3.762,3.762,103.0
2024-06-06,3.772,3.772,3.76,3.76,61.0
2024-06-07,3.76,3.781,3.758,3.758,130.0
2024-06-10,3.77,3.77,3.77,3.77,8.0
2024-06-11,3.786,3.807,3.786,3.807,51.0
2024-06-12,3.776,3.78,3.767,3.78,104.0
2024-06-13,3.729,3.75,3.729,3.75,41.0
2024-06-14,3.754,3.754,3.754,3.754,69.0
2024-06-17,3.776,3.776,3.776,3.776,31.0
2024-06-18,3.793,3.793,3.793,3.793,2.0
2024-06-20,3.76,3.765,3.754,3.765,5.0
2024-06-21,3.75,3.754,3.75,3.754,3.0
2024-06-24,3.757,3.76,3.757,3.76,32.0
2024-06-25,3.752,3.752,3.752,3.752,140.0
2024-06-26,3.756,3.756,3.756,3.756,60.0
2024-06-27,3.752,3.752,3.683,3.683,30.0
2024-06-28,3.694,3.694,3.694,3.694,4.0
2024-07-01,3.685,3.685,3.685,3.685,13.0
2024-07-02,3.677,3.677,3.677,3.677,48.0
2024-07-03,3.668,3.668,3.668,3.668,11.0
2024-07-05,3.67,3.67,3.645,3.645,19.0
2024-07-08,3.663,3.663,3.663,3.663,2.0
2024-07-09,3.661,3.661,3.661,3.661,1.0
2024-07-10,3.65,3.666,3.65,3.666,55.0
2024-07-11,3.635,3.635,3.635,3.635,358.0
2024-07-12,3.616,3.616,3.616,3.616,225.0
2024-07-15,3.602,3.61,3.602,3.61,353.0
2024-07-16,3.592,3.592,3.592,3.592,148.0
2024-07-17,3.545,3.548,3.527,3.527,150.0
2024-07-18,3.54,3.54,3.54,3.54,95.0
2024-07-19,3.568,3.581,3.568,3.581,61.0
2024-07-22,3.61,3.61,3.61,3.61,30.0
2024-07-23,3.591,3.591,3.591,3.591,13.0
2024-07-24,3.569,3.572,3.569,3.572,6.0
2024-07-25,3.525,3.525,3.517,3.517,51.0
2024-07-26,3.52,3.52,3.518,3.518,12.0
2024-07-29,3.483,3.483,3.483,3.483,9.0
2024-07-30,3.483,3.483,3.483,3.483,29.0
2024-07-31,3.48,3.48,3.469,3.469,46.0
2024-08-01,3.465,3.465,3.438,3.438,39.0
2024-08-02,3.441,3.448,3.425,3.439,30.0
2024-08-05,3.42,3.42,3.395,3.399,193.0
2024-08-06,3.406,3.406,3.394,3.394,121.0
2024-08-07,3.43,3.43,3.421,3.421,315.0
2024-08-08,3.485,3.485,3.48,3.48,183.0
2024-08-09,3.486,3.509,3.486,3.489,27.0
2024-08-12,3.485,3.495,3.471,3.495,22.0
2024-08-13,3.501,3.513,3.456,3.457,29.0
2024-08-14,3.448,3.487,3.448,3.487,195.0
2024-08-15,3.482,3.491,3.478,3.482,101.0
2024-08-16,3.463,3.471,3.427,3.427,119.0
2024-08-19,3.422,3.448,3.422,3.448,130.0
2024-08-20,3.459,3.491,3.43,3.491,238.0
2024-08-21,3.493,3.511,3.484,3.51,51.0
2024-08-22,3.506,3.511,3.466,3.504,133.0
2024-08-23,3.485,3.515,3.47,3.515,638.0
2024-08-26,3.505,3.516,3.483,3.507,25.0
2024-08-27,3.501,3.509,3.49,3.499,118.0
2024-08-28,3.485,3.504,3.475,3.493,86.0
2024-08-29,3.47,3.474,3.45,3.469,66.0
2024-08-30,3.443,3.469,3.443,3.463,84.0
2024-09-03,3.452,3.473,3.438,3.467,182.0
2024-09-04,3.453,3.485,3.448,3.456,34.0
2024-09-05,3.454,3.483,3.446,3.452,43.0
2024-09-06,3.45,3.45,3.427,3.445,167.0
2024-09-09,3.455,3.462,3.429,3.448,228.0
2024-09-10,3.465,3.47,3.425,3.443,125.0
2024-09-11,3.461,3.461,3.443,3.444,147.0
2024-09-12,3.445,3.451,3.426,3.442,255.0
2024-09-13,3.441,3.448,3.422,3.428,47.0
2024-09-16,3.417,3.444,3.416,3.434,113.0
2024-09-17,3.448,3.448,3.412,3.434,90.0
2024-09-18,3.432,3.457,3.432,3.438,391.0
2024-09-19,3.451,3.451,3.434,3.451,146.0
2024-09-20,3.463,3.489,3.447,3.482,197.0
2024-09-23,3.506,3.516,3.461,3.463,550.0
2024-09-24,3.463,3.471,3.451,3.464,103.0
2024-09-25,3.482,3.495,3.482,3.495,175.0
2024-09-26,3.495,3.519,3.485,3.512,188.0
2024-09-27,3.525,3.538,3.491,3.533,389.0
2024-09-30,3.53,3.54,3.513,3.526,78.0
2024-10-01,3.525,3.528,3.506,3.51,175.0
2024-10-02,3.514,3.53,3.514,3.522,221.0
2024-10-03,3.542,3.542,3.538,3.539,208.0
2024-10-04,3.545,3.552,3.544,3.552,185.0
2024-10-07,3.555,3.563,3.538,3.554,160.0
2024-10-08,3.557,3.557,3.519,3.542,177.0
2024-10-09,3.521,3.529,3.502,3.517,146.0
2024-10-10,3.497,3.509,3.459,3.509,992.0
2024-10-11,3.514,3.516,3.462,3.482,233.0
2024-10-14,3.455,3.46,3.44,3.448,270.0
2024-10-15,3.424,3.486,3.415,3.479,293.0
2024-10-16,3.466,3.474,3.431,3.457,194.0
2024-10-17,3.426,3.477,3.422,3.47,105.0
2024-10-18,3.437,3.445,3.431,3.435,96.0
2024-10-21,3.404,3.471,3.404,3.455,263.0
2024-10-22,3.455,3.501,3.453,3.49,219.0
2024-10-23,3.464,3.514,3.455,3.506,231.0
2024-10-24,3.5,3.517,3.486,3.513,623.0
2024-10-25,3.498,3.532,3.498,3.525,240.0
2024-10-28,3.491,3.491,3.45,3.484,156.0
2024-10-29,3.468,3.531,3.456,3.49,260.0
2024-10-30,3.515,3.539,3.496,3.525,276.0
2024-10-31,3.515,3.515,3.486,3.515,350.0
2024-11-01,3.502,3.513,3.487,3.505,156.0
2024-11-04,3.496,3.523,3.488,3.504,247.0
2024-11-05,3.512,3.515,3.467,3.471,491.0
2024-11-06,3.447,3.518,3.447,3.5,425.0
2024-11-07,3.468,3.502,3.443,3.488,452.0
2024-11-08,3.462,3.498,3.457,3.486,275.0
2024-11-11,3.526,3.538,3.51,3.516,500.0
2024-11-12,3.529,3.532,3.495,3.515,367.0
2024-11-13,3.522,3.552,3.497,3.544,654.0
2024-11-14,3.55,3.564,3.527,3.532,413.0
2024-11-15,3.54,3.558,3.529,3.558,704.0
2024-11-18,3.578,3.586,3.545,3.583,578.0
2024-11-19,3.598,3.612,3.554,3.595,698.0
2024-11-20,3.617,3.633,3.585,3.629,708.0
2024-11-21,3.65,3.696,3.613,3.648,902.0
2024-11-22,3.665,3.688,3.596,3.637,638.0
2024-11-25,3.658,3.682,3.657,3.682,1446.0
2024-11-26,3.664,3.697,3.657,3.686,742.0
2024-11-27,3.639,3.646,3.627,3.638,512.0
2024-11-29,3.649,3.691,3.636,3.67,498.0
2024-12-02,3.625,3.664,3.625,3.663,523.0
2024-12-03,3.691,3.701,3.615,3.623,435.0
2024-12-04,3.62,3.682,3.608,3.675,404.0
2024-12-05,3.685,3.694,3.666,3.679,351.0
2024-12-06,3.66,3.693,3.656,3.688,509.0
2024-12-09,3.693,3.729,3.661,3.685,213.0
2024-12-10,3.651,3.681,3.643,3.679,491.0
2024-12-11,3.697,3.707,3.665,3.689,506.0
2024-12-12,3.674,3.708,3.659,3.694,462.0
2024-12-13,3.68,3.707,3.655,3.671,411.0
2024-12-16,3.662,3.677,3.652,3.654,228.0
2024-12-17,3.662,3.674,3.64,3.667,450.0
2024-12-18,3.652,3.685,3.642,3.653,457.0
2024-12-19,3.705,3.705,3.653,3.672,484.0
2024-12-20,3.681,3.72,3.664,3.706,1253.0
2024-12-23,3.734,3.742,3.706,3.731,618.0
2024-12-24,3.74,3.757,3.719,3.744,251.0
2024-12-26,3.742,3.749,3.709,3.735,280.0
2024-12-27,3.786,3.786,3.744,3.784,314.0
2024-12-30,3.789,3.847,3.784,3.817,554.0
2024-12-31,3.811,3.814,3.759,3.777,278.0
2025-01-02,3.794,3.823,3.756,3.782,688.0
2025-01-03,3.756,3.792,3.699,3.72,519.0
2025-01-06,3.761,3.771,3.74,3.756,950.0
2025-01-07,3.724,3.787,3.724,3.737,626.0
2025-01-08,3.796,3.807,3.763,3.768,696.0
2025-01-09,3.779,3.82,3.75,3.78,1314.0
2025-01-10,3.806,3.824,3.786,3.791,1166.0
2025-01-13,3.829,3.845,3.791,3.798,592.0
2025-01-14,3.802,3.817,3.774,3.809,834.0
2025-01-15,3.801,3.862,3.79,3.853,948.0
2025-01-16,3.834,3.945,3.821,3.932,1782.0
2025-01-17,3.872,3.902,3.829,3.858,1381.0
2025-01-21,3.831,3.876,3.822,3.834,892.0
2025-01-22,3.824,3.93,3.824,3.9,1813.0
2025-01-23,3.888,3.943,3.869,3.925,530.0
2025-01-24,3.915,3.93,3.868,3.93,436.0
2025-01-27,3.859,3.867,3.781,3.842,843.0
2025-01-28,3.817,3.822,3.768,3.771,336.0
2025-01-29,3.756,3.844,3.751,3.825,1392.0
2025-01-30,3.828,3.863,3.758,3.76,1079.0
2025-01-31,3.756,3.792,3.74,3.765,664.0
2025-02-03,3.849,3.878,3.818,3.847,1285.0
2025-02-04,3.816,3.845,3.789,3.823,622.0
2025-02-05,3.81,3.864,3.783,3.846,549.0
2025-02-06,3.855,3.875,3.824,3.849,954.0
2025-02-07,3.844,3.859,3.81,3.823,1441.0
2025-02-10,3.857,3.941,3.842,3.937,1998.0
2025-02-11,3.945,3.997,3.928,3.969,1456.0
2025-02-12,3.961,3.982,3.94,3.979,1230.0
2025-02-13,4.005,4.044,3.965,4.002,3079.0
2025-02-14,4.031,4.063,3.995,4.016,1699.0
2025-02-18,3.967,4.127,3.929,4.119,3479.0
2025-02-19,4.114,4.17,4.061,4.155,4766.0
2025-02-20,4.167,4.18,4.04,4.055,1714.0
2025-02-21,4.077,4.11,4.034,4.054,1959.0
2025-02-24,4.0,4.043,3.992,4.023,927.0
2025-02-25,4.013,4.049,4.008,4.042,1318.0
2025-02-26,4.035,4.052,3.922,3.936,1605.0
2025-02-27,3.934,3.957,3.904,3.915,940.0
2025-02-28,3.92,3.941,3.9,3.931,1062.0
2025-03-03,3.931,4.01,3.912,3.997,1726.0
2025-03-04,3.985,4.053,3.938,4.007,4617.0
2025-03-05,4.013,4.067,3.979,4.063,2453.0
2025-03-06,4.044,4.061,4.005,4.021,1659.0
2025-03-07,3.999,4.169,3.992,4.153,1561.0
2025-03-10,4.297,4.479,4.198,4.211,1133.0
2025-03-11,4.192,4.276,4.191,4.262,1382.0
2025-03-12,4.206,4.234,4.166,4.189,2005.0
2025-03-13,4.187,4.265,4.137,4.248,1387.0
2025-03-14,4.226,4.313,4.205,4.275,1144.0
2025-03-17,4.292,4.295,4.23,4.253,655.0
2025-03-18,4.218,4.277,4.218,4.24,1026.0
2025-03-19,4.249,4.29,4.236,4.285,1296.0
2025-03-20,4.272,4.279,4.202,4.206,2987.0
2025-03-21,4.192,4.227,4.171,4.195,1228.0
2025-03-24,4.174,4.234,4.162,4.206,1323.0
2025-03-25,4.199,4.238,4.179,4.203,1165.0
2025-03-26,4.213,4.234,4.19,4.2,826.0
2025-03-27,4.19,4.234,4.134,4.227,981.0
2025-03-28,4.196,4.248,4.178,4.232,1328.0
2025-03-31,4.242,4.272,4.232,4.253,1158.0
2025-04-01,4.24,4.264,4.19,4.195,2143.0
2025-04-02,4.203,4.249,4.191,4.225,1897.0
2025-04-03,4.211,4.251,4.177,4.212,2537.0
2025-04-04,4.192,4.215,4.008,4.059,5017.0
2025-04-07,4.024,4.072,3.905,3.942,2256.0
2025-04-08,3.907,4.016,3.849,3.882,2433.0
2025-04-09,3.869,4.035,3.749,4.028,6968.0
2025-04-10,3.977,4.01,3.84,3.896,2564.0
2025-04-11,3.853,3.914,3.823,3.913,2742.0
2025-04-14,3.875,3.981,3.859,3.868,1877.0
2025-04-15,3.876,3.946,3.866,3.938,2882.0
2025-04-16,3.911,4.005,3.902,3.991,3338.0
2025-04-17,3.999,4.054,3.981,4.02,4843.0
2025-04-21,4.013,4.049,3.928,3.931,2321.0
2025-04-22,3.961,3.992,3.932,3.952,2597.0
2025-04-23,3.967,4.017,3.937,3.978,2512.0
2025-04-24,3.956,4.007,3.942,3.995,1793.0
2025-04-25,3.991,4.035,3.972,3.991,1304.0
2025-04-28,4.005,4.094,3.959,4.067,1851.0
2025-04-29,4.091,4.119,4.058,4.1,3146.0
2025-04-30,4.129,4.163,4.089,4.147,2552.0
2025-05-01,4.181,4.232,4.167,4.213,1875.0
2025-05-02,4.186,4.282,4.182,4.263,1559.0
2025-05-05,4.307,4.374,4.284,4.3,1921.0
2025-05-06,4.318,4.356,4.275,4.296,1812.0
2025-05-07,4.338,4.341,4.277,4.284,2938.0
2025-05-08,4.271,4.302,4.231,4.253,2453.0
2025-05-09,4.287,4.303,4.246,4.297,1504.0
2025-05-12,4.287,4.312,4.262,4.272,1295.0
2025-05-13,4.295,4.328,4.258,4.312,1708.0
2025-05-14,4.302,4.31,4.25,4.268,863.0
2025-05-15,4.259,4.315,4.252,4.263,1426.0
2025-05-16,4.265,4.296,4.237,4.285,913.0
2025-05-19,4.241,4.249,4.112,4.132,3012.0
2025-05-20,4.148,4.244,4.139,4.238,2369.0
2025-05-21,4.243,4.305,4.213,4.247,1257.0
2025-05-22,4.246,4.284,4.218,4.248,875.0
2025-05-23,4.275,4.294,4.246,4.294,1314.0
2025-05-27,4.293,4.347,4.261,4.297,1363.0
2025-05-28,4.297,4.314,4.217,4.232,1830.0
2025-05-29,4.239,4.244,4.159,4.204,1610.0
2025-05-30,4.208,4.229,4.169,4.191,1275.0
2025-06-02,4.22,4.287,4.21,4.268,1195.0
2025-06-03,4.291,4.312,4.253,4.305,1070.0
2025-06-04,4.309,4.349,4.295,4.34,980.0
2025-06-05,4.334,4.361,4.302,4.331,1531.0
2025-06-06,4.341,4.387,4.323,4.374,1280.0
2025-06-09,4.342,4.36,4.306,4.356,1663.0
2025-06-10,4.364,4.375,4.298,4.322,1533.0
2025-06-11,4.322,4.339,4.263,4.291,2066.0
2025-06-12,4.305,4.334,4.262,4.266,921.0
2025-06-13,4.299,4.315,4.248,4.283,1706.0
2025-06-16,4.323,4.333,4.299,4.321,1473.0
2025-06-17,4.334,4.374,4.328,4.362,2338.0
2025-06-18,4.373,4.433,4.36,4.385,2655.0
2025-06-20,4.392,4.445,4.359,4.379,1995.0
2025-06-23,4.394,4.412,4.336,4.357,1514.0
2025-06-24,4.328,4.369,4.301,4.315,1985.0
2025-06-25,4.301,4.333,4.291,4.305,1368.0
2025-06-26,4.308,4.315,4.265,4.307,2707.0
2025-06-27,4.323,4.363,4.298,4.349,2033.0
2025-06-30,4.323,4.325,4.193,4.212,4863.0
2025-07-01,4.227,4.228,4.051,4.175,5056.0
2025-07-02,4.153,4.195,4.116,4.187,3126.0
2025-07-03,4.196,4.247,4.124,4.139,3247.0
2025-07-07,4.097,4.197,4.053,4.173,2908.0
2025-07-08,4.159,4.215,4.151,4.165,1805.0
2025-07-09,4.155,4.171,4.07,4.128,2941.0
2025-07-10,4.113,4.203,4.102,4.189,2093.0
2025-07-11,4.193,4.23,4.174,4.221,1655.0
2025-07-14,4.234,4.3,4.233,4.275,2168.0
2025-07-15,4.259,4.31,4.246,4.298,2435.0
2025-07-16,4.3,4.314,4.276,4.293,1964.0
2025-07-17,4.284,4.306,4.23,4.26,1561.0
2025-07-18,4.238,4.272,4.126,4.233,4360.0
2025-07-21,4.145,4.169,4.079,4.122,4549.0
2025-07-22,4.111,4.132,4.063,4.128,4601.0
2025-07-23,4.125,4.125,4.039,4.051,4169.0
2025-07-24,4.049,4.086,4.034,4.049,4145.0
2025-07-25,4.044,4.068,3.993,4.008,3428.0
2025-07-28,3.99,4.005,3.884,3.933,6748.0
2025-07-29,3.945,3.978,3.936,3.959,5138.0
2025-07-30,3.961,3.995,3.912,3.946,7448.0
2025-07-31,3.933,3.995,3.907,3.98,4759.0
2025-08-01,3.964,3.987,3.951,3.982,2259.0
2025-08-04,3.939,3.968,3.876,3.909,4352.0
2025-08-05,3.905,3.944,3.893,3.922,3189.0
2025-08-06,3.919,3.965,3.886,3.952,5602.0
2025-08-07,3.947,3.975,3.924,3.949,2298.0
2025-08-08,3.955,3.973,3.879,3.895,4272.0
2025-08-11,3.877,3.92,3.85,3.904,3654.0
2025-08-12,3.901,3.916,3.845,3.865,6547.0
2025-08-13,3.85,3.879,3.833,3.848,5102.0
2025-08-14,3.857,3.862,3.802,3.83,7587.0
2025-08-15,3.83,3.893,3.815,3.866,4847.0
2025-08-18,3.853,3.889,3.832,3.873,4740.0
2025-08-19,3.864,3.865,3.805,3.832,5190.0
2025-08-20,3.834,3.857,3.82,3.841,9504.0
2025-08-21,3.877,3.89,3.824,3.875,3852.0
2025-08-22,3.875,3.882,3.825,3.836,4134.0
2025-08-25,3.812,3.824,3.779,3.813,2304.0
2025-08-26,3.82,3.863,3.787,3.843,4925.0
2025-08-27,3.855,3.912,3.853,3.883,3545.0
2025-08-28,3.871,3.951,3.864,3.929,3626.0
2025-08-29,3.942,3.98,3.919,3.96,3022.0
2025-09-02,3.933,3.981,3.91,3.93,4657.0
2025-09-03,3.916,3.975,3.904,3.933,4395.0
2025-09-04,3.924,3.948,3.91,3.932,3760.0
2025-09-05,3.933,3.943,3.873,3.89,4130.0
2025-09-08,3.9,3.936,3.891,3.91,2951.0
2025-09-09,3.896,3.935,3.872,3.919,4079.0
2025-09-10,3.904,3.931,3.884,3.906,2512.0
2025-09-11,3.907,3.925,3.889,3.905,2756.0
2025-09-12,3.894,3.913,3.875,3.88,2817.0
2025-09-15,3.9,3.917,3.859,3.915,2661.0
2025-09-16,3.884,3.946,3.864,3.94,2942.0
2025-09-17,3.945,3.966,3.923,3.951,2045.0
2025-09-18,3.947,3.955,3.892,3.911,3254.0
2025-09-19,3.91,3.943,3.894,3.912,3471.0
2025-09-22,3.931,3.935,3.872,3.876,4200.0
2025-09-23,3.875,3.884,3.834,3.854,3881.0
2025-09-24,3.853,3.874,3.827,3.859,3374.0
2025-09-25,3.867,3.912,3.858,3.884,3101.0
2025-09-26,3.899,3.918,3.873,3.907,3348.0
2025-09-29,3.895,3.945,3.88,3.933,3135.0
2025-09-30,3.941,3.962,3.919,3.925,4594.0
2025-10-01,3.942,4.023,3.93,4.014,4632.0
2025-10-02,4.006,4.107,3.996,4.061,7279.0
2025-10-03,4.077,4.091,4.045,4.058,5432.0
2025-10-06,4.098,4.124,4.044,4.052,3399.0
2025-10-07,4.052,4.124,4.027,4.108,5312.0
2025-10-08,4.111,4.128,4.053,4.064,5811.0
2025-10-09,4.055,4.072,4.01,4.03,5300.0
2025-10-10,4.021,4.022,3.964,3.976,5792.0
2025-10-13,3.99,3.999,3.945,3.981,4031.0
2025-10-14,3.963,3.966,3.913,3.917,6315.0
2025-10-15,3.911,3.937,3.879,3.917,5079.0
2025-10-16,3.929,3.944,3.88,3.883,5593.0
2025-10-17,3.882,3.944,3.859,3.938,3093.0
2025-10-20,3.982,4.067,3.977,4.06,16451.0
2025-10-21,4.038,4.101,4.012,4.082,13319.0
2025-10-22,4.084,4.11,4.033,4.049,7353.0
2025-10-23,4.061,4.093,4.009,4.035,7976.0
2025-10-24,4.014,4.047,3.974,4.02,4234.0
2025-10-27,4.049,4.059,3.984,4.035,4594.0
2025-10-28,4.012,4.024,3.949,3.97,7375.0
2025-10-29,3.987,3.99,3.926,3.963,5665.0
2025-10-30,3.957,4.074,3.941,4.016,5445.0
2025-10-31,4.085,4.109,4.042,4.089,7369.0
2025-11-03,4.118,4.155,4.062,4.152,14429.0
2025-11-04,4.134,4.221,4.115,4.178,12106.0
2025-11-05,4.16,4.177,4.097,4.11,8570.0
2025-11-06,4.116,4.154,4.059,4.123,11044.0
2025-11-07,4.134,4.156,4.092,4.126,9396.0
2025-11-10,4.176,4.2,4.061,4.113,10728.0
2025-11-11,4.132,4.206,4.095,4.196,9960.0
2025-11-12,4.189,4.223,4.164,4.204,10215.0
2025-11-13,4.207,4.259,4.183,4.221,10047.0
2025-11-14,4.209,4.214,4.112,4.17,8319.0
2025-11-17,4.14,4.168,4.096,4.126,7210.0
2025-11-18,4.104,4.138,4.064,4.11,8553.0
2025-11-19,4.118,4.19,4.105,4.17,6158.0
2025-11-20,4.17,4.208,4.139,4.146,6866.0
2025-11-21,4.147,4.188,4.126,4.155,8531.0
2025-11-24,4.104,4.124,4.072,4.114,7281.0
2025-11-25,4.09,4.101,3.999,4.025,9835.0
2025-11-26,3.999,4.071,3.999,4.026,7554.0
2025-11-28,4.036,4.104,3.999,4.092,4128.0
2025-12-01,4.125,4.126,4.062,4.095,10292.0
2025-12-02,4.065,4.115,4.062,4.108,11259.0
2025-12-03,4.117,4.254,4.104,4.238,12992.0
2025-12-04,4.247,4.305,4.219,4.299,13832.0
2025-12-05,4.3,4.451,4.296,4.391,18393.0
2025-12-08,4.306,4.347,4.112,4.162,13281.0
2025-12-09,4.132,4.141,4.042,4.048,9866.0
2025-12-10,4.071,4.101,4.004,4.069,9920.0
2025-12-11,4.08,4.086,3.958,3.992,10536.0
2025-12-12,3.969,3.97,3.844,3.859,11865.0
2025-12-15,3.884,3.9,3.764,3.806,7515.0
2025-12-16,3.82,3.828,3.726,3.763,13500.0
2025-12-17,3.807,3.864,3.78,3.826,8866.0
2025-12-18,3.867,3.907,3.703,3.741,11875.0
2025-12-19,3.725,3.763,3.672,3.732,14603.0
2025-12-22,3.845,3.86,3.613,3.655,9769.0
2025-12-23,3.667,3.822,3.656,3.796,8687.0
2025-12-24,3.807,3.851,3.736,3.74,5504.0
2025-12-26,3.775,3.836,3.754,3.818,4896.0
2025-12-29,3.866,3.9,3.826,3.891,10062.0
2025-12-30,3.869,3.962,3.862,3.875,6963.0
2025-12-31,3.879,3.881,3.732,3.741,6963.0
2026-01-02,3.716,3.725,3.65,3.66,10904.0
2026-01-05,3.649,3.651,3.47,3.536,20704.0
2026-01-06,3.53,3.53,3.443,3.49,16022.0
2026-01-07,3.527,3.59,3.52,3.565,9512.0
2026-01-08,3.595,3.604,3.481,3.494,13471.0
2026-01-09,3.5,3.508,3.331,3.348,23087.0
2026-01-12,3.412,3.475,3.348,3.466,25104.0
2026-01-13,3.428,3.504,3.389,3.496,16654.0
2026-01-14,3.468,3.492,3.283,3.369,25987.0
2026-01-15,3.347,3.374,3.266,3.364,16852.0
2026-01-16,3.372,3.407,3.307,3.352,13011.0
2026-01-20,3.477,3.71,3.459,3.704,33761.0
2026-01-21,3.665,3.986,3.616,3.877,42375.0
2026-01-22,3.828,4.001,3.799,3.91,23150.0
2026-01-23,3.88,3.978,3.828,3.946,20663.0
2026-01-26,4.056,4.179,3.937,4.061,29676.0
2026-01-27,4.035,4.108,3.897,4.071,34279.0
2026-01-28,4.039,4.117,3.977,4.036,20338.0
2026-01-29,4.035,4.136,4.008,4.132,19856.0
2026-01-30,4.074,4.427,4.062,4.37,26554.0
2026-02-02,4.132,4.132,3.562,3.662,77386.0
2026-02-03,3.656,3.758,3.563,3.691,22686.0
2026-02-04,3.73,3.828,3.69,3.765,21065.0
2026-02-05,3.761,3.832,3.691,3.769,17044.0
2026-02-06,3.797,3.869,3.672,3.7,20361.0
2026-02-09,3.608,3.608,3.513,3.57,18035.0
2026-02-10,3.569,3.628,3.545,3.568,16175.0
2026-02-11,3.595,3.651,3.522,3.604,14418.0
2026-02-12,3.635,3.682,3.583,3.6,14052.0
2026-02-13,3.587,3.597,3.511,3.589,14520.0
2026-02-17,3.489,3.557,3.431,3.467,19668.0
2026-02-18,3.478,3.479,3.397,3.45,13550.0
2026-02-19,3.454,3.519,3.447,3.486,12391.0
2026-02-20,3.467,3.607,3.46,3.516,15696.0
2026-02-23,3.647,3.648,3.459,3.468,13456.0
2026-02-24,3.473,3.482,3.396,3.401,12732.0
2026-02-25,3.416,3.478,3.393,3.425,9522.0
2026-02-26,3.442,3.444,3.357,3.398,14710.0
2026-02-27,3.398,3.449,3.395,3.416,9262.0
2026-03-02,3.457,3.603,3.433,3.491,23962.0
2026-03-03,3.527,3.708,3.507,3.563,26409.0
2026-03-04,3.544,3.592,3.453,3.471,14393.0
2026-03-05,3.501,3.624,3.487,3.567,21722.0
2026-03-06,3.566,3.793,3.53,3.706,36492.0
2026-03-09,3.84,3.957,3.517,3.631,33058.0
2026-03-10,3.551,3.65,3.479,3.541,27881.0
2026-03-11,3.575,3.701,3.543,3.682,25635.0
2026-03-12,3.682,3.771,3.616,3.675,22197.0
2026-03-13,3.677,3.724,3.569,3.595,15292.0
2026-03-16,3.625,3.633,3.461,3.491,14881.0
2026-03-17,3.5,3.573,3.482,3.506,17293.0
2026-03-18,3.524,3.653,3.411,3.51,16636.0
2026-03-19,3.641,3.716,3.508,3.571,22176.0
2026-03-20,3.542,3.573,3.49,3.544,13706.0
2026-03-23,3.563,3.597,3.383,3.393,21286.0
2026-03-24,3.412,3.459,3.334,3.396,16811.0
2026-03-25,3.355,3.429,3.307,3.398,11848.0
2026-03-26,3.419,3.465,3.356,3.402,16296.0
2026-03-27,3.395,3.513,3.387,3.489,20380.0
2026-03-30,3.489,3.489,3.346,3.377,14003.0
2026-03-31,3.382,3.43,3.291,3.3,19858.0
2026-04-01,3.294,3.299,3.208,3.237,15610.0
2026-04-02,3.24,3.299,3.22,3.24,17188.0
2026-04-06,3.275,3.294,3.23,3.251,12941.0
2026-04-07,3.25,3.309,3.211,3.3,13959.0
2026-04-08,3.256,3.257,3.161,3.201,17475.0
2026-04-09,3.218,3.227,3.153,3.181,22893.0
2026-04-10,3.183,3.197,3.145,3.179,19832.0
2026-04-13,3.231,3.257,3.158,3.175,15836.0
2026-04-14,3.183,3.192,3.108,3.136,21593.0
2026-04-15,3.137,3.148,3.106,3.14,13956.0
2026-04-16,3.138,3.188,3.117,3.156,14240.0
2026-04-17,3.181,3.201,3.118,3.176,15258.0
2026-04-20,3.199,3.228,3.163,3.188,13537.0
2026-04-21,3.169,3.212,3.154,3.19,12056.0
2026-04-22,3.182,3.246,3.174,3.206,14269.0
2026-04-23,3.192,3.218,3.08,3.129,19469.0
2026-04-24,3.107,3.112,3.036,3.068,22078.0
2026-04-27,3.071,3.166,3.071,3.101,24906.0
2026-04-28,3.102,3.123,3.059,3.073,14440.0
2026-04-29,3.068,3.074,3.004,3.024,17360.0
2026-04-30,3.023,3.135,2.974,3.113,28877.0
2026-05-01,3.101,3.162,3.097,3.142,25924.0
2026-05-04,3.132,3.247,3.124,3.231,19447.0
2026-05-05,3.216,3.223,3.116,3.14,19463.0
2026-05-06,3.129,3.138,3.042,3.08,22116.0
2026-05-07,3.059,3.13,3.02,3.092,32873.0
2026-05-08,3.115,3.154,3.062,3.077,21958.0
2026-05-11,3.092,3.2,3.092,3.179,30827.0
2026-05-12,3.183,3.203,3.074,3.102,29183.0
2026-05-13,3.084,3.153,3.058,3.104,42655.0
2026-05-14,3.111,3.156,3.053,3.134,38092.0
2026-05-15,3.18,3.19,3.128,3.166,36753.0
2026-05-18,3.189,3.27,3.169,3.236,35872.0
2026-05-19,3.241,3.341,3.227,3.327,41643.0
2026-05-20,3.323,3.347,3.179,3.19,66642.0
2026-05-21,3.2,3.236,3.152,3.189,43395.0
2026-05-22,3.161,3.181,3.037,3.048,47289.0
2026-05-26,3.051,3.13,3.019,3.034,39909.0
2026-05-27,3.037,3.172,3.001,3.117,56892.0
2026-05-28,3.106,3.332,3.084,3.311,59464.0
2026-05-29,3.333,3.417,3.299,3.318,56532.0
2026-06-01,3.348,3.418,3.195,3.211,55571.0
2026-06-02,3.223,3.258,3.133,3.193,53388.0
2026-06-03,3.193,3.292,3.172,3.245,48673.0
2026-06-04,3.28,3.408,3.246,3.37,69398.0
2026-06-05,3.387,3.4,3.246,3.27,67193.0
2026-06-08,3.228,3.234,3.144,3.196,72189.0
2026-06-09,3.189,3.252,3.167,3.184,66855.0
2026-06-10,3.18,3.286,3.116,3.23,77630.0
2026-06-11,3.227,3.248,3.1,3.132,91385.0
2026-06-12,3.13,3.178,3.072,3.157,81756.0
2026-06-15,3.119,3.183,3.059,3.169,86819.0
2026-06-16,3.18,3.284,3.148,3.257,94163.0
2026-06-17,3.272,3.319,3.154,3.181,108429.0
2026-06-18,3.193,3.286,3.166,3.276,108307.0
2026-06-22,3.252,3.377,3.23,3.279,161539.0
2026-06-23,3.265,3.31,3.172,3.184,130925.0
2026-06-24,3.2,3.27,3.177,3.261,99518.0
2026-06-25,3.263,3.353,3.218,3.295,210513.0
2026-06-26,3.267,3.375,3.261,3.279,171611.0
2026-06-29,3.281,3.313,3.163,3.181,153806.0
2026-06-30,3.171,3.328,3.159,3.275,207986.0
2026-07-01,3.256,3.271,3.195,3.22,122894.0
2026-07-02,3.214,3.22,3.151,3.196,137589.0
2026-07-06,3.205,3.273,3.159,3.245,205853.0
2026-07-07,3.254,3.32,3.181,3.265,172662.0
2026-07-08,3.281,3.355,3.203,3.212,158732.0
2026-07-09,3.219,3.244,2.991,3.012,240595.0
2026-07-10,3.016,3.022,2.874,2.94,187170.0
2026-07-13,2.931,2.953,2.847,2.897,137746.0
2026-07-14,2.903,2.928,2.85,2.904,113702.0
2026-07-15,2.923,2.941,2.865,2.924,114040.0
2026-07-16,2.921,2.968,2.823,2.858,141791.0
2026-07-17,2.894,2.926,2.843,2.911,106995.0
2026-07-20,2.875,2.91,2.831,2.86,131706.0
2026-07-21,2.842,2.906,2.839,2.865,105685.0
2026-07-22,2.892,2.951,2.865,2.925,127528.0
2026-07-23,2.943,2.991,2.906,2.916,125863.0
2026-07-24,2.915,2.958,2.859,2.871,69670.0
2026-07-27,2.82,2.836,2.734,2.767,57067.0
2026-07-28,2.741,2.761,2.635,2.662,45760.0
2026-07-29,2.632,2.771,2.62,2.725,5159.0
