DATETIME,OPEN,HIGH,LOW,FINAL,VOLUME
2015-06-29,4.043,4.043,4.043,4.043,0.0
2015-06-30,4.055,4.055,4.055,4.055,0.0
2015-07-01,4.066,4.066,4.066,4.066,0.0
2015-07-02,4.07,4.07,4.07,4.07,0.0
2015-07-06,4.042,4.042,4.042,4.042,0.0
2015-07-07,4.046,4.046,4.046,4.046,0.0
2015-07-08,4.08,4.08,4.08,4.08,0.0
2015-07-09,4.103,4.103,4.103,4.103,0.0
2015-07-10,4.102,4.102,4.102,4.102,0.0
2015-07-13,4.102,4.102,4.102,4.102,0.0
2015-07-14,4.158,4.158,4.158,4.158,0.0
2015-07-15,4.217,4.217,4.217,4.217,0.0
2015-07-16,4.25,4.25,4.25,4.25,0.0
2015-07-17,4.257,4.257,4.257,4.257,0.0
2015-07-20,4.25,4.25,4.25,4.25,0.0
2015-07-21,4.249,4.249,4.249,4.249,0.0
2015-07-22,4.245,4.245,4.245,4.245,0.0
2015-07-23,4.225,4.225,4.225,4.225,0.0
2015-07-24,4.235,4.235,4.235,4.235,0.0
2015-07-27,4.256,4.256,4.256,4.256,0.0
2015-07-28,4.255,4.255,4.255,4.255,0.0
2015-07-29,4.249,4.249,4.249,4.249,0.0
2015-07-30,4.228,4.228,4.228,4.228,0.0
2015-07-31,4.198,4.198,4.198,4.198,0.0
2015-08-03,4.179,4.179,4.179,4.179,0.0
2015-08-04,4.135,4.135,4.135,4.135,0.0
2015-08-05,4.135,4.135,4.135,4.135,0.0
2015-08-06,4.095,4.095,4.095,4.095,0.0
2015-08-07,4.087,4.087,4.087,4.087,0.0
2015-08-10,4.063,4.063,4.063,4.063,0.0
2015-08-11,3.978,3.978,3.978,3.978,0.0
2015-08-12,3.919,3.919,3.919,3.919,0.0
2015-08-13,4.015,4.015,4.015,4.015,0.0
2015-08-14,4.021,4.021,4.021,4.021,0.0
2015-08-17,4.026,4.026,4.026,4.026,0.0
2015-08-18,4.061,4.061,4.061,4.061,0.0
2015-08-19,4.017,4.017,4.017,4.017,0.0
2015-08-20,4.002,4.002,4.002,4.002,0.0
2015-08-21,3.967,3.967,3.967,3.967,0.0
2015-08-24,3.921,3.921,3.921,3.921,0.0
2015-08-25,3.918,3.918,3.918,3.918,0.0
2015-08-26,3.924,3.924,3.924,3.924,0.0
2015-08-27,3.931,3.931,3.931,3.931,0.0
2015-08-28,3.958,3.958,3.958,3.958,0.0
2015-08-31,3.955,3.955,3.955,3.955,0.0
2015-09-01,3.966,3.966,3.966,3.966,0.0
2015-09-02,3.968,3.968,3.968,3.968,0.0
2015-09-03,3.975,3.975,3.975,3.975,0.0
2015-09-04,3.965,3.965,3.965,3.965,0.0
2015-09-08,3.971,3.971,3.971,3.971,0.0
2015-09-09,3.994,3.994,3.994,3.994,0.0
2015-09-10,3.989,3.989,3.989,3.989,0.0
2015-09-11,3.952,3.952,3.952,3.952,0.0
2015-09-14,3.962,3.962,3.962,3.962,0.0
2015-09-15,3.952,3.952,3.952,3.952,0.0
2015-09-16,3.903,3.903,3.903,3.903,0.0
2015-09-17,3.873,3.873,3.873,3.873,0.0
2015-09-18,3.878,3.878,3.878,3.878,0.0
2015-09-21,3.866,3.866,3.866,3.866,0.0
2015-09-22,3.857,3.857,3.857,3.857,0.0
2015-09-23,3.867,3.867,3.867,3.867,0.0
2015-09-24,3.904,3.904,3.904,3.904,0.0
2015-09-25,3.872,3.872,3.872,3.872,0.0
2015-09-28,3.869,3.869,3.869,3.869,0.0
2015-09-29,3.847,3.847,3.847,3.847,0.0
2015-09-30,3.82,3.82,3.82,3.82,0.0
2015-10-01,3.817,3.817,3.817,3.817,0.0
2015-10-02,3.827,3.827,3.827,3.827,0.0
2015-10-05,3.823,3.823,3.823,3.823,0.0
2015-10-06,3.838,3.838,3.838,3.838,0.0
2015-10-07,3.838,3.838,3.838,3.838,0.0
2015-10-08,3.833,3.833,3.833,3.833,0.0
2015-10-09,3.831,3.831,3.831,3.831,0.0
2015-10-12,3.836,3.836,3.836,3.836,0.0
2015-10-13,3.838,3.838,3.838,3.838,0.0
2015-10-14,3.839,3.839,3.839,3.839,0.0
2015-10-15,3.841,3.841,3.841,3.841,0.0
2015-10-16,3.85,3.85,3.85,3.85,0.0
2015-10-19,3.854,3.854,3.854,3.854,0.0
2015-10-20,3.863,3.863,3.863,3.863,0.0
2015-10-21,3.853,3.853,3.853,3.853,0.0
2015-10-22,3.854,3.854,3.854,3.854,0.0
2015-10-23,3.814,3.814,3.814,3.814,0.0
2015-10-26,3.808,3.808,3.808,3.808,0.0
2015-10-27,3.78,3.78,3.78,3.78,0.0
2015-10-28,3.779,3.779,3.779,3.779,0.0
2015-10-29,3.774,3.774,3.774,3.774,0.0
2015-10-30,3.816,3.816,3.816,3.816,0.0
2015-11-02,3.794,3.794,3.794,3.794,0.0
2015-11-03,3.799,3.799,3.799,3.799,0.0
2015-11-04,3.801,3.801,3.801,3.801,0.0
2015-11-05,3.792,3.792,3.792,3.792,0.0
2015-11-06,3.79,3.79,3.79,3.79,0.0
2015-11-09,3.784,3.784,3.784,3.784,0.0
2015-11-10,3.777,3.777,3.777,3.777,0.0
2015-11-11,3.759,3.759,3.759,3.759,0.0
2015-11-12,3.744,3.744,3.744,3.744,0.0
2015-11-13,3.771,3.771,3.771,3.771,0.0
2015-11-16,3.779,3.779,3.779,3.779,0.0
2015-11-17,3.783,3.783,3.783,3.783,0.0
2015-11-18,3.716,3.716,3.716,3.716,0.0
2015-11-19,3.686,3.686,3.686,3.686,0.0
2015-11-20,3.655,3.655,3.655,3.655,0.0
2015-11-23,3.668,3.668,3.668,3.668,0.0
2015-11-24,3.669,3.669,3.669,3.669,0.0
2015-11-25,3.684,3.684,3.684,3.684,0.0
2015-11-27,3.666,3.666,3.666,3.666,0.0
2015-11-30,3.635,3.635,3.635,3.635,0.0
2015-12-01,3.645,3.645,3.645,3.645,0.0
2015-12-02,3.673,3.673,3.673,3.673,0.0
2015-12-03,3.676,3.676,3.676,3.676,0.0
2015-12-04,3.674,3.674,3.674,3.674,0.0
2015-12-07,3.657,3.657,3.657,3.657,0.0
2015-12-08,3.677,3.677,3.677,3.677,0.0
2015-12-09,3.698,3.698,3.698,3.698,0.0
2015-12-10,3.719,3.719,3.719,3.719,0.0
2015-12-11,3.715,3.715,3.715,3.715,0.0
2015-12-14,3.705,3.705,3.705,3.705,0.0
2015-12-15,3.705,3.705,3.705,3.705,0.0
2015-12-16,3.732,3.732,3.732,3.732,0.0
2015-12-17,3.757,3.757,3.757,3.757,0.0
2015-12-18,3.735,3.735,3.735,3.735,0.0
2015-12-21,3.712,3.712,3.712,3.712,0.0
2015-12-22,3.722,3.722,3.722,3.722,0.0
2015-12-23,3.715,3.715,3.715,3.715,0.0
2015-12-24,3.714,3.714,3.714,3.714,0.0
2015-12-28,3.756,3.756,3.756,3.756,0.0
2015-12-29,3.741,3.741,3.741,3.741,0.0
2015-12-30,3.732,3.732,3.732,3.732,0.0
2015-12-31,3.709,3.709,3.709,3.709,0.0
2016-01-04,3.689,3.689,3.689,3.689,0.0
2016-01-05,3.663,3.663,3.663,3.663,0.0
2016-01-06,3.648,3.648,3.648,3.648,0.0
2016-01-07,3.666,3.666,3.666,3.666,0.0
2016-01-08,3.644,3.644,3.644,3.644,0.0
2016-01-11,3.624,3.624,3.624,3.624,0.0
2016-01-12,3.575,3.575,3.575,3.575,0.0
2016-01-13,3.595,3.595,3.595,3.595,0.0
2016-01-14,3.61,3.61,3.61,3.61,0.0
2016-01-15,3.593,3.593,3.593,3.593,0.0
2016-01-19,3.595,3.595,3.595,3.595,0.0
2016-01-20,3.565,3.565,3.565,3.565,0.0
2016-01-21,3.573,3.573,3.573,3.573,0.0
2016-01-22,3.554,3.554,3.554,3.554,0.0
2016-01-25,3.555,3.555,3.555,3.555,0.0
2016-01-26,3.539,3.539,3.539,3.539,0.0
2016-01-27,3.559,3.559,3.559,3.559,0.0
2016-01-28,3.603,3.603,3.603,3.603,0.0
2016-01-29,3.585,3.585,3.585,3.585,0.0
2016-02-01,3.544,3.544,3.544,3.544,0.0
2016-02-02,3.49,3.49,3.49,3.49,0.0
2016-02-03,3.518,3.518,3.518,3.518,0.0
2016-02-04,3.521,3.521,3.521,3.521,0.0
2016-02-05,3.519,3.519,3.519,3.519,0.0
2016-02-08,3.462,3.462,3.462,3.462,0.0
2016-02-09,3.444,3.444,3.444,3.444,0.0
2016-02-10,3.417,3.417,3.417,3.417,0.0
2016-02-11,3.374,3.374,3.374,3.374,0.0
2016-02-12,3.346,3.346,3.346,3.346,0.0
2016-02-16,3.326,3.326,3.326,3.326,0.0
2016-02-17,3.331,3.331,3.331,3.331,0.0
2016-02-18,3.276,3.276,3.276,3.276,0.0
2016-02-19,3.272,3.272,3.272,3.272,0.0
2016-02-22,3.211,3.211,3.211,3.211,0.0
2016-02-23,3.227,3.227,3.227,3.227,0.0
2016-02-24,3.257,3.257,3.257,3.257,0.0
2016-02-25,3.255,3.255,3.255,3.255,0.0
2016-02-26,3.257,3.257,3.257,3.257,0.0
2016-02-29,3.31,3.31,3.31,3.31,0.0
2016-03-01,3.329,3.329,3.329,3.329,0.0
2016-03-02,3.313,3.313,3.313,3.313,0.0
2016-03-03,3.325,3.325,3.325,3.325,0.0
2016-03-04,3.324,3.324,3.324,3.324,0.0
2016-03-07,3.331,3.331,3.331,3.331,0.0
2016-03-08,3.337,3.337,3.337,3.337,0.0
2016-03-09,3.385,3.385,3.385,3.385,0.0
2016-03-10,3.38,3.38,3.38,3.38,0.0
2016-03-11,3.389,3.389,3.389,3.389,0.0
2016-03-14,3.381,3.381,3.381,3.381,0.0
2016-03-15,3.38,3.38,3.38,3.38,0.0
2016-03-16,3.381,3.381,3.381,3.381,0.0
2016-03-17,3.386,3.386,3.386,3.386,0.0
2016-03-18,3.376,3.376,3.376,3.376,0.0
2016-03-21,3.385,3.385,3.385,3.385,0.0
2016-03-22,3.405,3.405,3.405,3.405,0.0
2016-03-23,3.42,3.42,3.42,3.42,0.0
2016-03-24,3.475,3.475,3.475,3.475,0.0
2016-03-28,3.525,3.525,3.525,3.525,0.0
2016-03-29,3.587,3.587,3.587,3.587,0.0
2016-03-30,3.59,3.59,3.59,3.59,0.0
2016-03-31,3.629,3.629,3.629,3.629,0.0
2016-04-01,3.635,3.635,3.635,3.635,0.0
2016-04-04,3.607,3.607,3.607,3.607,0.0
2016-04-05,3.617,3.617,3.617,3.617,0.0
2016-04-06,3.674,3.674,3.674,3.674,0.0
2016-04-07,3.677,3.677,3.677,3.677,0.0
2016-04-08,3.697,3.697,3.697,3.697,0.0
2016-04-11,3.696,3.696,3.696,3.696,0.0
2016-04-12,3.694,3.694,3.694,3.694,0.0
2016-04-13,3.709,3.709,3.709,3.709,0.0
2016-04-14,3.708,3.708,3.708,3.708,0.0
2016-04-15,3.678,3.678,3.678,3.678,0.0
2016-04-18,3.668,3.668,3.668,3.668,0.0
2016-04-19,3.648,3.648,3.648,3.648,0.0
2016-04-20,3.648,3.648,3.648,3.648,0.0
2016-04-21,3.68,3.68,3.68,3.68,0.0
2016-04-22,3.687,3.687,3.687,3.687,0.0
2016-04-25,3.703,3.703,3.703,3.703,0.0
2016-04-26,3.751,3.751,3.751,3.751,0.0
2016-04-27,3.762,3.762,3.762,3.762,0.0
2016-04-28,3.757,3.757,3.757,3.757,0.0
2016-04-29,3.755,3.755,3.755,3.755,0.0
2016-05-02,3.735,3.735,3.735,3.735,0.0
2016-05-03,3.721,3.721,3.721,3.721,0.0
2016-05-04,3.73,3.73,3.73,3.73,0.0
2016-05-05,3.764,3.764,3.764,3.764,0.0
2016-05-06,3.773,3.773,3.773,3.773,0.0
2016-05-09,3.761,3.761,3.761,3.761,0.0
2016-05-10,3.775,3.775,3.775,3.775,0.0
2016-05-11,3.764,3.764,3.764,3.764,0.0
2016-05-12,3.749,3.749,3.749,3.749,0.0
2016-05-13,3.752,3.752,3.752,3.752,0.0
2016-05-16,3.759,3.759,3.759,3.759,0.0
2016-05-17,3.748,3.748,3.748,3.748,0.0
2016-05-18,3.746,3.746,3.746,3.746,0.0
2016-05-19,3.756,3.756,3.756,3.756,0.0
2016-05-20,3.744,3.744,3.744,3.744,0.0
2016-05-23,3.739,3.739,3.739,3.739,0.0
2016-05-24,3.736,3.736,3.736,3.736,0.0
2016-05-25,3.765,3.765,3.765,3.765,0.0
2016-05-26,3.796,3.796,3.796,3.796,0.0
2016-05-27,3.806,3.806,3.806,3.806,0.0
2016-05-31,3.807,3.807,3.807,3.807,0.0
2016-06-01,3.805,3.805,3.805,3.805,0.0
2016-06-02,3.792,3.792,3.792,3.792,0.0
2016-06-03,3.782,3.782,3.782,3.782,0.0
2016-06-06,3.776,3.776,3.776,3.776,0.0
2016-06-07,3.8,3.8,3.8,3.8,0.0
2016-06-08,3.787,3.787,3.787,3.787,0.0
2016-06-09,3.785,3.785,3.785,3.785,0.0
2016-06-10,3.757,3.757,3.757,3.757,0.0
2016-06-13,3.718,3.718,3.718,3.718,0.0
2016-06-14,3.713,3.713,3.713,3.713,0.0
2016-06-15,3.713,3.713,3.713,3.713,0.0
2016-06-16,3.703,3.703,3.703,3.703,0.0
2016-06-17,3.68,3.68,3.68,3.68,0.0
2016-06-20,3.67,3.67,3.67,3.67,0.0
2016-06-21,3.653,3.653,3.653,3.653,0.0
2016-06-22,3.66,3.66,3.66,3.66,0.0
2016-06-23,3.681,3.681,3.681,3.681,0.0
2016-06-24,3.699,3.699,3.699,3.699,0.0
2016-06-27,3.65,3.65,3.65,3.65,0.0
2016-06-28,3.709,3.709,3.709,3.709,0.0
2016-06-29,3.71,3.71,3.71,3.71,0.0
2016-06-30,3.725,3.725,3.725,3.725,0.0
2016-07-01,3.726,3.726,3.726,3.726,0.0
2016-07-05,3.724,3.724,3.724,3.724,0.0
2016-07-06,3.746,3.746,3.746,3.746,0.0
2016-07-07,3.744,3.744,3.744,3.744,0.0
2016-07-08,3.751,3.751,3.751,3.751,0.0
2016-07-11,3.747,3.747,3.747,3.747,0.0
2016-07-12,3.733,3.733,3.733,3.733,0.0
2016-07-13,3.753,3.753,3.753,3.753,0.0
2016-07-14,3.751,3.751,3.751,3.751,0.0
2016-07-15,3.738,3.738,3.738,3.738,0.0
2016-07-18,3.723,3.723,3.723,3.723,0.0
2016-07-19,3.713,3.713,3.713,3.713,0.0
2016-07-20,3.702,3.702,3.702,3.702,0.0
2016-07-21,3.707,3.707,3.707,3.707,0.0
2016-07-22,3.711,3.711,3.711,3.711,0.0
2016-07-25,3.717,3.717,3.717,3.717,0.0
2016-07-26,3.715,3.715,3.715,3.715,0.0
2016-07-27,3.708,3.708,3.708,3.708,0.0
2016-07-28,3.721,3.721,3.721,3.721,0.0
2016-07-29,3.726,3.726,3.726,3.726,0.0
2016-08-01,3.724,3.724,3.724,3.724,0.0
2016-08-02,3.723,3.723,3.723,3.723,0.0
2016-08-03,3.724,3.724,3.724,3.724,0.0
2016-08-04,3.753,3.753,3.753,3.753,0.0
2016-08-05,3.751,3.751,3.751,3.751,0.0
2016-08-08,3.75,3.75,3.75,3.75,0.0
2016-08-09,3.747,3.747,3.747,3.747,0.0
2016-08-10,3.728,3.728,3.728,3.728,0.0
2016-08-11,3.717,3.717,3.717,3.717,0.0
2016-08-12,3.714,3.714,3.714,3.714,0.0
2016-08-15,3.707,3.707,3.707,3.707,0.0
2016-08-16,3.72,3.72,3.72,3.72,0.0
2016-08-17,3.755,3.755,3.755,3.755,0.0
2016-08-18,3.754,3.754,3.754,3.754,0.0
2016-08-19,3.765,3.765,3.765,3.765,0.0
2016-08-22,3.765,3.765,3.765,3.765,0.0
2016-08-23,3.788,3.788,3.788,3.788,0.0
2016-08-24,3.812,3.812,3.812,3.812,0.0
2016-08-25,3.758,3.758,3.758,3.758,0.0
2016-08-26,3.718,3.718,3.718,3.718,0.0
2016-08-29,3.701,3.701,3.701,3.701,0.0
2016-08-30,3.691,3.691,3.691,3.691,0.0
2016-08-31,3.717,3.717,3.717,3.717,0.0
2016-09-01,3.676,3.676,3.676,3.676,0.0
2016-09-02,3.657,3.657,3.657,3.657,0.0
2016-09-06,3.658,3.658,3.658,3.658,0.0
2016-09-07,3.634,3.634,3.634,3.634,0.0
2016-09-08,3.622,3.622,3.622,3.622,0.0
2016-09-09,3.573,3.573,3.573,3.573,0.0
2016-09-12,3.575,3.575,3.575,3.575,0.0
2016-09-13,3.552,3.552,3.552,3.552,0.0
2016-09-14,3.569,3.569,3.569,3.569,0.0
2016-09-15,3.571,3.571,3.571,3.571,0.0
2016-09-16,3.549,3.549,3.549,3.549,0.0
2016-09-19,3.527,3.527,3.527,3.527,0.0
2016-09-20,3.537,3.537,3.537,3.537,0.0
2016-09-21,3.523,3.523,3.523,3.523,0.0
2016-09-22,3.488,3.488,3.488,3.488,0.0
2016-09-23,3.499,3.499,3.499,3.499,0.0
2016-09-26,3.516,3.516,3.516,3.516,0.0
2016-09-27,3.482,3.482,3.482,3.482,0.0
2016-09-28,3.456,3.456,3.456,3.456,0.0
2016-09-29,3.415,3.415,3.415,3.415,0.0
2016-09-30,3.411,3.411,3.411,3.411,0.0
2016-10-03,3.402,3.402,3.402,3.402,0.0
2016-10-04,3.376,3.376,3.376,3.376,0.0
2016-10-05,3.396,3.396,3.396,3.396,0.0
2016-10-06,3.398,3.398,3.398,3.398,0.0
2016-10-07,3.412,3.412,3.412,3.412,0.0
2016-10-10,3.403,3.403,3.403,3.403,0.0
2016-10-11,3.501,3.501,3.501,3.501,0.0
2016-10-12,3.468,3.468,3.468,3.468,0.0
2016-10-13,3.48,3.48,3.48,3.48,0.0
2016-10-14,3.477,3.477,3.477,3.477,0.0
2016-10-17,3.484,3.484,3.484,3.484,0.0
2016-10-18,3.486,3.486,3.486,3.486,0.0
2016-10-19,3.478,3.478,3.478,3.478,0.0
2016-10-20,3.498,3.498,3.498,3.498,0.0
2016-10-21,3.498,3.498,3.498,3.498,0.0
2016-10-24,3.493,3.493,3.493,3.493,0.0
2016-10-25,3.483,3.483,3.483,3.483,0.0
2016-10-26,3.491,3.491,3.491,3.491,0.0
2016-10-27,3.514,3.514,3.514,3.514,0.0
2016-10-28,3.526,3.526,3.526,3.526,0.0
2016-10-31,3.519,3.519,3.519,3.519,0.0
2016-11-01,3.523,3.523,3.523,3.523,0.0
2016-11-02,3.503,3.503,3.503,3.503,0.0
2016-11-03,3.519,3.519,3.519,3.519,0.0
2016-11-04,3.503,3.503,3.503,3.503,0.0
2016-11-07,3.518,3.518,3.518,3.518,0.0
2016-11-08,3.54,3.54,3.54,3.54,0.0
2016-11-09,3.52,3.52,3.52,3.52,0.0
2016-11-10,3.53,3.53,3.53,3.53,0.0
2016-11-11,3.5,3.5,3.5,3.5,0.0
2016-11-14,3.47,3.47,3.47,3.47,0.0
2016-11-15,3.43,3.43,3.43,3.43,0.0
2016-11-16,3.437,3.437,3.437,3.437,0.0
2016-11-17,3.452,3.452,3.452,3.452,0.0
2016-11-18,3.416,3.416,3.416,3.416,0.0
2016-11-21,3.392,3.392,3.392,3.392,0.0
2016-11-22,3.364,3.364,3.364,3.364,0.0
2016-11-23,3.342,3.342,3.342,3.342,0.0
2016-11-25,3.341,3.341,3.341,3.341,0.0
2016-11-28,3.284,3.284,3.284,3.284,0.0
2016-11-29,3.236,3.236,3.236,3.236,0.0
2016-11-30,3.197,3.197,3.197,3.197,0.0
2016-12-01,3.243,3.243,3.243,3.243,0.0
2016-12-02,3.233,3.233,3.233,3.233,0.0
2016-12-05,3.228,3.228,3.228,3.228,0.0
2016-12-06,3.226,3.226,3.226,3.226,0.0
2016-12-07,3.246,3.246,3.246,3.246,0.0
2016-12-08,3.28,3.28,3.28,3.28,0.0
2016-12-09,3.229,3.229,3.229,3.229,0.0
2016-12-12,3.217,3.217,3.217,3.217,0.0
2016-12-13,3.188,3.188,3.188,3.188,0.0
2016-12-14,3.136,3.136,3.136,3.136,0.0
2016-12-15,3.149,3.149,3.149,3.149,0.0
2016-12-16,3.163,3.163,3.163,3.163,0.0
2016-12-19,3.171,3.171,3.171,3.171,0.0
2016-12-20,3.145,3.145,3.145,3.145,0.0
2016-12-21,3.146,3.146,3.146,3.146,0.0
2016-12-22,3.11,3.11,3.11,3.11,0.0
2016-12-23,3.105,3.105,3.105,3.105,0.0
2016-12-27,3.123,3.123,3.123,3.123,0.0
2016-12-28,3.133,3.133,3.133,3.133,0.0
2016-12-29,3.143,3.143,3.143,3.143,0.0
2016-12-30,3.146,3.146,3.146,3.146,0.0
2017-01-03,3.135,3.135,3.135,3.135,0.0
2017-01-04,3.133,3.133,3.133,3.133,0.0
2017-01-05,3.148,3.148,3.148,3.148,0.0
2017-01-06,3.117,3.117,3.117,3.117,0.0
2017-01-09,3.093,3.093,3.093,3.093,0.0
2017-01-10,3.099,3.099,3.099,3.099,0.0
2017-01-11,3.048,3.048,3.048,3.048,0.0
2017-01-12,3.019,3.019,3.019,3.019,0.0
2017-01-13,2.959,2.959,2.959,2.959,0.0
2017-01-17,2.961,2.961,2.961,2.961,0.0
2017-01-18,2.954,2.954,2.954,2.954,0.0
2017-01-19,2.907,2.907,2.907,2.907,0.0
2017-01-20,2.912,2.912,2.912,2.912,0.0
2017-01-23,2.914,2.914,2.914,2.914,0.0
2017-01-24,2.904,2.904,2.904,2.904,0.0
2017-01-25,2.892,2.892,2.892,2.892,0.0
2017-01-26,2.899,2.899,2.899,2.899,0.0
2017-01-27,2.886,2.886,2.886,2.886,0.0
2017-01-30,2.893,2.893,2.893,2.893,0.0
2017-01-31,2.895,2.895,2.895,2.895,0.0
2017-02-01,2.88,2.88,2.88,2.88,0.0
2017-02-02,2.883,2.883,2.883,2.883,0.0
2017-02-03,2.866,2.866,2.866,2.866,0.0
2017-02-06,2.856,2.856,2.856,2.856,0.0
2017-02-07,2.872,2.872,2.872,2.872,0.0
2017-02-08,2.878,2.878,2.878,2.878,0.0
2017-02-09,2.871,2.871,2.871,2.871,0.0
2017-02-10,2.851,2.851,2.851,2.851,0.0
2017-02-13,2.819,2.819,2.819,2.819,0.0
2017-02-14,2.81,2.81,2.81,2.81,0.0
2017-02-15,2.812,2.812,2.812,2.812,0.0
2017-02-16,2.826,2.826,2.826,2.826,0.0
2017-02-17,2.827,2.827,2.827,2.827,0.0
2017-02-21,2.818,2.818,2.818,2.818,0.0
2017-02-22,2.821,2.821,2.821,2.821,0.0
2017-02-23,2.822,2.822,2.822,2.822,0.0
2017-02-24,2.795,2.795,2.795,2.795,0.0
2017-02-27,2.796,2.796,2.796,2.796,0.0
2017-02-28,2.806,2.806,2.806,2.806,0.0
2017-03-01,2.818,2.818,2.818,2.818,0.0
2017-03-02,2.813,2.813,2.813,2.813,0.0
2017-03-03,2.826,2.826,2.826,2.826,0.0
2017-03-06,2.848,2.848,2.848,2.848,0.0
2017-03-07,2.83,2.83,2.83,2.83,0.0
2017-03-08,2.818,2.818,2.818,2.818,0.0
2017-03-09,2.811,2.811,2.811,2.811,0.0
2017-03-10,2.798,2.798,2.798,2.798,0.0
2017-03-13,2.798,2.798,2.798,2.798,0.0
2017-03-14,2.803,2.803,2.803,2.803,0.0
2017-03-15,2.823,2.823,2.823,2.823,0.0
2017-03-16,2.844,2.844,2.844,2.844,0.0
2017-03-17,2.857,2.857,2.857,2.857,0.0
2017-03-20,2.86,2.86,2.86,2.86,0.0
2017-03-21,2.873,2.873,2.873,2.873,0.0
2017-03-22,2.875,2.875,2.875,2.875,0.0
2017-03-23,2.87,2.87,2.87,2.87,0.0
2017-03-24,2.838,2.838,2.838,2.838,0.0
2017-03-27,2.828,2.828,2.828,2.828,0.0
2017-03-28,2.819,2.819,2.819,2.819,0.0
2017-03-29,2.827,2.827,2.827,2.827,0.0
2017-03-30,2.831,2.831,2.831,2.831,0.0
2017-03-31,2.825,2.825,2.825,2.825,0.0
2017-04-03,2.832,2.832,2.832,2.832,0.0
2017-04-04,2.845,2.845,2.845,2.845,0.0
2017-04-05,2.864,2.864,2.864,2.864,0.0
2017-04-06,2.849,2.849,2.849,2.849,0.0
2017-04-07,2.863,2.863,2.863,2.863,0.0
2017-04-10,2.872,2.872,2.872,2.872,0.0
2017-04-11,2.903,2.903,2.903,2.903,0.0
2017-04-12,2.904,2.904,2.904,2.904,0.0
2017-04-13,2.925,2.925,2.925,2.925,0.0
2017-04-17,2.919,2.919,2.919,2.919,0.0
2017-04-18,2.949,2.949,2.949,2.949,0.0
2017-04-19,2.959,2.959,2.959,2.959,0.0
2017-04-20,2.993,2.993,2.993,2.993,0.0
2017-04-21,2.997,2.997,2.997,2.997,0.0
2017-04-24,2.964,2.964,2.964,2.964,0.0
2017-04-25,2.959,2.959,2.959,2.959,0.0
2017-04-26,2.95,2.95,2.95,2.95,0.0
2017-04-27,2.936,2.936,2.936,2.936,0.0
2017-04-28,2.952,2.952,2.952,2.952,0.0
2017-05-01,2.927,2.927,2.927,2.927,0.0
2017-05-02,2.928,2.928,2.928,2.928,0.0
2017-05-03,2.947,2.947,2.947,2.947,0.0
2017-05-04,2.99,2.99,2.99,2.99,0.0
2017-05-05,2.99,2.99,2.99,2.99,0.0
2017-05-08,2.981,2.981,2.981,2.981,0.0
2017-05-09,2.984,2.984,2.984,2.984,0.0
2017-05-10,2.985,2.985,2.985,2.985,0.0
2017-05-11,3.019,3.019,3.019,3.019,0.0
2017-05-12,3.023,3.023,3.023,3.023,0.0
2017-05-15,3.012,3.012,3.012,3.012,0.0
2017-05-16,3.029,3.029,3.029,3.029,0.0
2017-05-17,3.025,3.025,3.025,3.025,0.0
2017-05-18,3.012,3.012,3.012,3.012,0.0
2017-05-19,3.002,3.002,3.002,3.002,0.0
2017-05-22,3.004,3.004,3.004,3.004,0.0
2017-05-23,3.071,3.071,3.071,3.071,0.0
2017-05-24,3.053,3.053,3.053,3.053,0.0
2017-05-25,3.032,3.032,3.032,3.032,0.0
2017-05-26,3.017,3.017,3.017,3.017,0.0
2017-05-30,2.994,2.994,2.994,2.994,0.0
2017-05-31,2.99,2.99,2.99,2.99,0.0
2017-06-01,2.992,2.992,2.992,2.992,0.0
2017-06-02,2.983,2.983,2.983,2.983,0.0
2017-06-05,2.953,2.953,2.953,2.953,0.0
2017-06-06,2.9,2.9,2.9,2.9,0.0
2017-06-07,2.911,2.911,2.911,2.911,0.0
2017-06-08,2.929,2.929,2.929,2.929,0.0
2017-06-09,2.926,2.926,2.926,2.926,0.0
2017-06-12,2.928,2.928,2.928,2.928,0.0
2017-06-13,2.93,2.93,2.93,2.93,0.0
2017-06-14,2.919,2.919,2.919,2.919,0.0
2017-06-15,2.947,2.947,2.947,2.947,0.0
2017-06-16,2.936,2.936,2.936,2.936,0.0
2017-06-19,2.959,2.959,2.959,2.959,0.0
2017-06-20,2.997,2.997,2.997,2.997,0.0
2017-06-21,3.008,3.008,3.008,3.008,0.0
2017-06-22,3.002,3.002,3.002,3.002,0.0
2017-06-23,2.996,2.996,2.996,2.996,0.0
2017-06-26,2.971,2.971,2.971,2.971,0.0
2017-06-27,2.971,2.971,2.971,2.971,0.0
2017-06-28,2.961,2.961,2.961,2.961,0.0
2017-06-29,2.961,2.961,2.961,2.961,0.0
2017-06-30,2.974,2.974,2.974,2.974,0.0
2017-07-03,2.973,2.973,2.973,2.973,0.0
2017-07-05,2.943,2.943,2.943,2.943,0.0
2017-07-06,2.91,2.91,2.91,2.91,0.0
2017-07-07,2.905,2.905,2.905,2.905,0.0
2017-07-10,2.892,2.892,2.892,2.892,0.0
2017-07-11,2.89,2.89,2.89,2.89,0.0
2017-07-12,2.876,2.876,2.876,2.876,0.0
2017-07-13,2.889,2.889,2.889,2.889,0.0
2017-07-14,2.892,2.892,2.892,2.892,0.0
2017-07-17,2.891,2.891,2.891,2.891,0.0
2017-07-18,2.897,2.897,2.897,2.897,0.0
2017-07-19,2.882,2.882,2.882,2.882,0.0
2017-07-20,2.863,2.863,2.863,2.863,0.0
2017-07-21,2.857,2.857,2.857,2.857,0.0
2017-07-24,2.826,2.826,2.826,2.826,0.0
2017-07-25,2.813,2.813,2.813,2.813,0.0
2017-07-26,2.801,2.801,2.801,2.801,0.0
2017-07-27,2.802,2.802,2.802,2.802,0.0
2017-07-28,2.816,2.816,2.816,2.816,0.0
2017-07-31,2.797,2.797,2.797,2.797,0.0
2017-08-01,2.819,2.819,2.819,2.819,0.0
2017-08-02,2.828,2.828,2.828,2.828,0.0
2017-08-03,2.851,2.851,2.851,2.851,0.0
2017-08-04,2.861,2.861,2.861,2.861,0.0
2017-08-07,2.86,2.86,2.86,2.86,0.0
2017-08-08,2.847,2.847,2.847,2.847,0.0
2017-08-09,2.841,2.841,2.841,2.841,0.0
2017-08-10,2.838,2.838,2.838,2.838,0.0
2017-08-11,2.842,2.842,2.842,2.842,0.0
2017-08-14,2.838,2.838,2.838,2.838,0.0
2017-08-15,2.836,2.836,2.836,2.836,0.0
2017-08-16,2.826,2.826,2.826,2.826,0.0
2017-08-17,2.827,2.827,2.827,2.827,0.0
2017-08-18,2.827,2.827,2.827,2.827,0.0
2017-08-21,2.817,2.817,2.817,2.817,0.0
2017-08-22,2.809,2.809,2.809,2.809,0.0
2017-08-23,2.812,2.812,2.812,2.812,0.0
2017-08-24,2.765,2.765,2.765,2.765,0.0
2017-08-25,2.752,2.752,2.752,2.752,0.0
2017-08-28,2.765,2.765,2.765,2.765,0.0
2017-08-29,2.765,2.765,2.765,2.765,0.0
2017-08-30,2.767,2.767,2.767,2.767,0.0
2017-08-31,2.78,2.78,2.78,2.78,0.0
2017-09-01,2.781,2.781,2.781,2.781,0.0
2017-09-05,2.777,2.777,2.777,2.777,0.0
2017-09-06,2.738,2.738,2.738,2.738,0.0
2017-09-07,2.775,2.775,2.775,2.775,0.0
2017-09-08,2.779,2.779,2.779,2.779,0.0
2017-09-11,2.79,2.79,2.79,2.79,0.0
2017-09-12,2.786,2.786,2.786,2.786,0.0
2017-09-13,2.772,2.772,2.772,2.772,0.0
2017-09-14,2.774,2.774,2.774,2.774,0.0
2017-09-15,2.779,2.779,2.779,2.779,0.0
2017-09-18,2.794,2.794,2.794,2.794,0.0
2017-09-19,2.78,2.78,2.78,2.78,0.0
2017-09-20,2.77,2.77,2.77,2.77,0.0
2017-09-21,2.761,2.761,2.761,2.761,0.0
2017-09-22,2.775,2.775,2.775,2.775,0.0
2017-09-25,2.758,2.758,2.758,2.758,0.0
2017-09-26,2.768,2.768,2.768,2.768,0.0
2017-09-27,2.779,2.779,2.779,2.779,0.0
2017-09-28,2.778,2.778,2.778,2.778,0.0
2017-09-29,2.775,2.775,2.775,2.775,0.0
2017-10-02,2.788,2.788,2.788,2.788,0.0
2017-10-03,2.803,2.803,2.803,2.803,0.0
2017-10-04,2.801,2.801,2.801,2.801,0.0
2017-10-05,2.81,2.81,2.81,2.81,0.0
2017-10-06,2.802,2.802,2.802,2.802,0.0
2017-10-09,2.812,2.812,2.812,2.812,0.0
2017-10-10,2.802,2.802,2.802,2.802,0.0
2017-10-11,2.808,2.808,2.808,2.808,0.0
2017-10-12,2.852,2.852,2.852,2.852,0.0
2017-10-13,2.855,2.855,2.855,2.855,0.0
2017-10-16,2.885,2.885,2.885,2.885,0.0
2017-10-17,2.921,2.921,2.921,2.921,0.0
2017-10-18,2.926,2.926,2.926,2.926,0.0
2017-10-19,2.948,2.948,2.948,2.948,0.0
2017-10-20,2.986,2.986,2.986,2.986,0.0
2017-10-23,2.966,2.966,2.966,2.966,0.0
2017-10-24,2.965,2.965,2.965,2.965,0.0
2017-10-25,2.966,2.966,2.966,2.966,0.0
2017-10-26,2.959,2.959,2.959,2.959,0.0
2017-10-27,2.939,2.939,2.939,2.939,0.0
2017-10-30,2.967,2.967,2.967,2.967,0.0
2017-10-31,2.965,2.965,2.965,2.965,0.0
2017-11-01,2.975,2.975,2.975,2.975,0.0
2017-11-02,2.957,2.957,2.957,2.957,0.0
2017-11-03,2.952,2.952,2.952,2.952,0.0
2017-11-06,2.947,2.947,2.947,2.947,0.0
2017-11-07,2.946,2.946,2.946,2.946,0.0
2017-11-08,2.944,2.944,2.944,2.944,0.0
2017-11-09,2.947,2.947,2.947,2.947,0.0
2017-11-10,2.927,2.927,2.927,2.927,0.0
2017-11-13,2.909,2.909,2.909,2.909,0.0
2017-11-14,2.911,2.911,2.911,2.911,0.0
2017-11-15,2.901,2.901,2.901,2.901,0.0
2017-11-16,2.905,2.905,2.905,2.905,0.0
2017-11-17,2.903,2.903,2.903,2.903,0.0
2017-11-20,2.896,2.896,2.896,2.896,0.0
2017-11-21,2.894,2.894,2.894,2.894,0.0
2017-11-22,2.881,2.881,2.881,2.881,0.0
2017-11-24,2.882,2.882,2.882,2.882,0.0
2017-11-27,2.884,2.884,2.884,2.884,0.0
2017-11-28,2.889,2.889,2.889,2.889,0.0
2017-11-29,2.89,2.89,2.89,2.89,0.0
2017-11-30,2.886,2.886,2.886,2.886,0.0
2017-12-01,2.868,2.868,2.868,2.868,0.0
2017-12-04,2.844,2.844,2.844,2.844,0.0
2017-12-05,2.838,2.838,2.838,2.838,0.0
2017-12-06,2.82,2.82,2.82,2.82,0.0
2017-12-07,2.826,2.826,2.826,2.826,0.0
2017-12-08,2.823,2.823,2.823,2.823,0.0
2017-12-11,2.816,2.816,2.816,2.816,0.0
2017-12-12,2.826,2.826,2.826,2.826,0.0
2017-12-13,2.844,2.844,2.844,2.844,0.0
2017-12-14,2.843,2.843,2.843,2.843,0.0
2017-12-15,2.851,2.851,2.851,2.851,0.0
2017-12-18,2.874,2.874,2.874,2.874,0.0
2017-12-19,2.876,2.876,2.876,2.876,0.0
2017-12-20,2.862,2.862,2.862,2.862,0.0
2017-12-21,2.879,2.879,2.879,2.879,0.0
2017-12-22,2.902,2.902,2.902,2.902,0.0
2017-12-26,2.903,2.903,2.903,2.903,0.0
2017-12-27,2.884,2.884,2.884,2.884,0.0
2017-12-28,2.864,2.864,2.864,2.864,0.0
2017-12-29,2.868,2.868,2.868,2.868,0.0
2018-01-02,2.861,2.861,2.861,2.861,0.0
2018-01-03,2.862,2.862,2.862,2.862,0.0
2018-01-04,2.894,2.894,2.894,2.894,0.0
2018-01-05,2.88,2.88,2.88,2.88,0.0
2018-01-08,2.875,2.875,2.875,2.875,0.0
2018-01-09,2.86,2.86,2.86,2.86,0.0
2018-01-10,2.867,2.867,2.867,2.867,0.0
2018-01-11,2.873,2.873,2.873,2.873,0.0
2018-01-12,2.86,2.86,2.86,2.86,0.0
2018-01-16,2.823,2.823,2.823,2.823,0.0
2018-01-17,2.817,2.817,2.817,2.817,0.0
2018-01-18,2.815,2.815,2.815,2.815,0.0
2018-01-19,2.825,2.825,2.825,2.825,0.0
2018-01-22,2.844,2.844,2.844,2.844,0.0
2018-01-23,2.856,2.856,2.856,2.856,0.0
2018-01-24,2.871,2.871,2.871,2.871,0.0
2018-01-25,2.907,2.907,2.907,2.907,0.0
2018-01-26,2.878,2.878,2.878,2.878,0.0
2018-01-29,2.88,2.88,2.88,2.88,0.0
2018-01-30,2.885,2.885,2.885,2.885,0.0
2018-01-31,2.859,2.859,2.859,2.859,0.0
2018-02-01,2.868,2.868,2.868,2.868,0.0
2018-02-02,2.881,2.881,2.881,2.881,0.0
2018-02-05,2.903,2.903,2.903,2.903,0.0
2018-02-06,2.897,2.897,2.897,2.897,0.0
2018-02-07,2.865,2.865,2.865,2.865,0.0
2018-02-08,2.873,2.873,2.873,2.873,0.0
2018-02-09,2.847,2.847,2.847,2.847,0.0
2018-02-12,2.832,2.832,2.832,2.832,0.0
2018-02-13,2.843,2.843,2.843,2.843,0.0
2018-02-14,2.846,2.846,2.846,2.846,0.0
2018-02-15,2.836,2.836,2.836,2.836,0.0
2018-02-16,2.852,2.852,2.852,2.852,0.0
2018-02-20,2.852,2.852,2.852,2.852,0.0
2018-02-21,2.87,2.87,2.87,2.87,0.0
2018-02-22,2.877,2.877,2.877,2.877,0.0
2018-02-23,2.869,2.869,2.869,2.869,0.0
2018-02-26,2.873,2.873,2.873,2.873,0.0
2018-02-27,2.878,2.878,2.878,2.878,0.0
2018-02-28,2.853,2.853,2.853,2.853,0.0
2018-03-01,2.868,2.868,2.868,2.868,0.0
2018-03-02,2.885,2.885,2.885,2.885,0.0
2018-03-05,2.903,2.903,2.903,2.903,0.0
2018-03-06,2.916,2.916,2.916,2.916,0.0
2018-03-07,2.908,2.908,2.908,2.908,0.0
2018-03-08,2.865,2.865,2.865,2.865,0.0
2018-03-09,2.829,2.829,2.829,2.829,0.0
2018-03-12,2.829,2.829,2.829,2.829,0.0
2018-03-13,2.84,2.84,2.84,2.84,0.0
2018-03-14,2.86,2.86,2.86,2.86,0.0
2018-03-15,2.894,2.894,2.894,2.894,0.0
2018-03-16,2.905,2.905,2.905,2.905,0.0
2018-03-19,2.895,2.895,2.895,2.895,0.0
2018-03-20,2.9,2.9,2.9,2.9,0.0
2018-03-21,2.908,2.908,2.908,2.908,0.0
2018-03-22,2.896,2.896,2.896,2.896,0.0
2018-03-23,2.846,2.846,2.846,2.846,0.0
2018-03-26,2.874,2.874,2.874,2.874,0.0
2018-03-27,2.886,2.886,2.886,2.886,0.0
2018-03-28,2.892,2.892,2.892,2.892,0.0
2018-03-29,2.929,2.929,2.929,2.929,0.0
2018-04-02,2.911,2.911,2.911,2.911,0.0
2018-04-03,2.894,2.894,2.894,2.894,0.0
2018-04-04,2.868,2.868,2.868,2.868,0.0
2018-04-05,2.884,2.884,2.884,2.884,0.0
2018-04-06,2.878,2.878,2.878,2.878,0.0
2018-04-09,2.87,2.87,2.87,2.87,0.0
2018-04-10,2.879,2.879,2.879,2.879,0.0
2018-04-11,2.9,2.9,2.9,2.9,0.0
2018-04-12,2.909,2.909,2.909,2.909,0.0
2018-04-13,2.902,2.902,2.902,2.902,0.0
2018-04-16,2.904,2.904,2.904,2.904,0.0
2018-04-17,2.894,2.894,2.894,2.894,0.0
2018-04-18,2.884,2.884,2.884,2.884,0.0
2018-04-19,2.877,2.877,2.877,2.877,0.0
2018-04-20,2.885,2.885,2.885,2.885,0.0
2018-04-23,2.886,2.886,2.886,2.886,0.0
2018-04-24,2.879,2.879,2.879,2.879,0.0
2018-04-25,2.876,2.876,2.876,2.876,0.0
2018-04-26,2.871,2.871,2.871,2.871,0.0
2018-04-27,2.873,2.873,2.873,2.873,0.0
2018-04-30,2.865,2.865,2.865,2.865,0.0
2018-05-01,2.845,2.845,2.845,2.845,0.0
2018-05-02,2.851,2.851,2.851,2.851,0.0
2018-05-03,2.853,2.853,2.853,2.853,0.0
2018-05-04,2.851,2.851,2.851,2.851,0.0
2018-05-07,2.849,2.849,2.849,2.849,0.0
2018-05-08,2.804,2.804,2.804,2.804,0.0
2018-05-09,2.79,2.79,2.79,2.79,0.0
2018-05-10,2.786,2.786,2.786,2.786,0.0
2018-05-11,2.789,2.789,2.789,2.789,0.0
2018-05-14,2.788,2.788,2.788,2.788,0.0
2018-05-15,2.806,2.806,2.806,2.806,0.0
2018-05-16,2.796,2.796,2.796,2.796,0.0
2018-05-17,2.803,2.803,2.803,2.803,0.0
2018-05-18,2.818,2.818,2.818,2.818,0.0
2018-05-21,2.813,2.813,2.813,2.813,0.0
2018-05-22,2.81,2.81,2.81,2.81,0.0
2018-05-23,2.787,2.787,2.787,2.787,0.0
2018-05-24,2.781,2.781,2.781,2.781,0.0
2018-05-25,2.753,2.753,2.753,2.753,0.0
2018-05-29,2.73,2.73,2.73,2.73,0.0
2018-05-30,2.741,2.741,2.741,2.741,0.0
2018-05-31,2.703,2.703,2.703,2.703,0.0
2018-06-01,2.693,2.693,2.693,2.693,0.0
2018-06-04,2.709,2.709,2.709,2.709,0.0
2018-06-05,2.719,2.719,2.719,2.719,0.0
2018-06-06,2.729,2.729,2.729,2.729,0.0
2018-06-07,2.724,2.724,2.724,2.724,0.0
2018-06-08,2.726,2.726,2.726,2.726,0.0
2018-06-11,2.71,2.71,2.71,2.71,0.0
2018-06-12,2.724,2.724,2.724,2.724,0.0
2018-06-13,2.751,2.751,2.751,2.751,0.0
2018-06-14,2.76,2.76,2.76,2.76,0.0
2018-06-15,2.765,2.765,2.765,2.765,0.0
2018-06-18,2.789,2.789,2.789,2.789,0.0
2018-06-19,2.787,2.787,2.787,2.787,0.0
2018-06-20,2.786,2.786,2.786,2.786,0.0
2018-06-21,2.766,2.766,2.766,2.766,0.0
2018-06-22,2.768,2.768,2.768,2.768,0.0
2018-06-25,2.764,2.764,2.764,2.764,0.0
2018-06-26,2.761,2.761,2.761,2.761,0.0
2018-06-27,2.764,2.764,2.764,2.764,0.0
2018-06-28,2.752,2.752,2.752,2.752,0.0
2018-06-29,2.749,2.749,2.749,2.749,0.0
2018-07-02,2.74,2.74,2.74,2.74,0.0
2018-07-03,2.734,2.734,2.734,2.734,0.0
2018-07-05,2.736,2.736,2.736,2.736,0.0
2018-07-06,2.735,2.735,2.735,2.735,0.0
2018-07-09,2.726,2.726,2.726,2.726,0.0
2018-07-10,2.726,2.726,2.726,2.726,0.0
2018-07-11,2.704,2.704,2.704,2.704,0.0
2018-07-12,2.701,2.701,2.701,2.701,0.0
2018-07-13,2.696,2.696,2.696,2.696,0.0
2018-07-16,2.663,2.663,2.663,2.663,0.0
2018-07-17,2.653,2.653,2.653,2.653,0.0
2018-07-18,2.654,2.654,2.654,2.654,0.0
2018-07-19,2.652,2.652,2.652,2.652,0.0
2018-07-20,2.658,2.658,2.658,2.658,0.0
2018-07-23,2.667,2.667,2.667,2.667,0.0
2018-07-24,2.674,2.674,2.674,2.674,0.0
2018-07-25,2.698,2.698,2.698,2.698,0.0
2018-07-26,2.694,2.694,2.694,2.694,0.0
2018-07-27,2.714,2.714,2.714,2.714,0.0
2018-07-30,2.718,2.718,2.718,2.718,0.0
2018-07-31,2.721,2.721,2.721,2.721,0.0
2018-08-01,2.691,2.691,2.691,2.691,0.0
2018-08-02,2.695,2.695,2.695,2.695,0.0
2018-08-03,2.695,2.695,2.695,2.695,0.0
2018-08-06,2.686,2.686,2.686,2.686,0.0
2018-08-07,2.708,2.708,2.708,2.708,0.0
2018-08-08,2.721,2.721,2.721,2.721,0.0
2018-08-09,2.716,2.716,2.716,2.716,0.0
2018-08-10,2.722,2.722,2.722,2.722,0.0
2018-08-13,2.723,2.723,2.723,2.723,0.0
2018-08-14,2.722,2.722,2.722,2.722,0.0
2018-08-15,2.723,2.723,2.723,2.723,0.0
2018-08-16,2.713,2.713,2.713,2.713,0.0
2018-08-17,2.715,2.715,2.715,2.715,0.0
2018-08-20,2.714,2.714,2.714,2.714,0.0
2018-08-21,2.726,2.726,2.726,2.726,0.0
2018-08-22,2.713,2.713,2.713,2.713,0.0
2018-08-23,2.71,2.71,2.71,2.71,0.0
2018-08-24,2.701,2.701,2.701,2.701,0.0
2018-08-27,2.67,2.67,2.67,2.67,0.0
2018-08-28,2.646,2.646,2.646,2.646,0.0
2018-08-29,2.65,2.65,2.65,2.65,0.0
2018-08-30,2.631,2.631,2.631,2.631,0.0
2018-08-31,2.645,2.645,2.645,2.645,0.0
2018-09-04,2.627,2.627,2.627,2.627,0.0
2018-09-05,2.632,2.632,2.632,2.632,0.0
2018-09-06,2.651,2.651,2.651,2.651,0.0
2018-09-07,2.65,2.65,2.65,2.65,0.0
2018-09-10,2.658,2.658,2.658,2.658,0.0
2018-09-11,2.655,2.655,2.655,2.655,0.0
2018-09-12,2.665,2.665,2.665,2.665,0.0
2018-09-13,2.681,2.681,2.681,2.681,0.0
2018-09-14,2.685,2.685,2.685,2.685,0.0
2018-09-17,2.689,2.689,2.689,2.689,0.0
2018-09-18,2.69,2.69,2.69,2.69,0.0
2018-09-19,2.686,2.686,2.686,2.686,0.0
2018-09-20,2.69,2.69,2.69,2.69,0.0
2018-09-21,2.688,2.688,2.688,2.688,0.0
2018-09-24,2.686,2.686,2.686,2.686,0.0
2018-09-25,2.687,2.687,2.687,2.687,0.0
2018-09-26,2.696,2.696,2.696,2.696,0.0
2018-09-27,2.697,2.697,2.697,2.697,0.0
2018-09-28,2.698,2.698,2.698,2.698,0.0
2018-10-01,2.703,2.703,2.703,2.703,0.0
2018-10-02,2.701,2.701,2.701,2.701,0.0
2018-10-03,2.7,2.7,2.7,2.7,0.0
2018-10-04,2.701,2.701,2.701,2.701,0.0
2018-10-05,2.704,2.704,2.704,2.704,0.0
2018-10-08,2.709,2.709,2.709,2.709,0.0
2018-10-09,2.704,2.704,2.704,2.704,0.0
2018-10-10,2.7,2.7,2.7,2.7,0.0
2018-10-11,2.725,2.725,2.725,2.725,0.0
2018-10-12,2.733,2.733,2.733,2.733,0.0
2018-10-15,2.732,2.732,2.732,2.732,0.0
2018-10-16,2.736,2.736,2.736,2.736,0.0
2018-10-17,2.731,2.731,2.731,2.731,0.0
2018-10-18,2.73,2.73,2.73,2.73,0.0
2018-10-19,2.727,2.727,2.727,2.727,0.0
2018-10-22,2.728,2.728,2.728,2.728,0.0
2018-10-23,2.727,2.727,2.727,2.727,0.0
2018-10-24,2.724,2.724,2.724,2.724,0.0
2018-10-25,2.714,2.714,2.714,2.714,0.0
2018-10-26,2.716,2.716,2.716,2.716,0.0
2018-10-29,2.717,2.717,2.717,2.717,0.0
2018-10-30,2.735,2.735,2.735,2.735,0.0
2018-10-31,2.734,2.734,2.734,2.734,0.0
2018-11-01,2.739,2.739,2.739,2.739,0.0
2018-11-02,2.746,2.746,2.746,2.746,0.0
2018-11-05,2.76,2.76,2.76,2.76,0.0
2018-11-06,2.776,2.776,2.776,2.776,0.0
2018-11-07,2.774,2.774,2.774,2.774,0.0
2018-11-08,2.775,2.775,2.775,2.775,0.0
2018-11-09,2.778,2.778,2.778,2.778,0.0
2018-11-12,2.801,2.801,2.801,2.801,0.0
2018-11-13,2.78,2.78,2.78,2.78,0.0
2018-11-14,2.764,2.764,2.764,2.764,0.0
2018-11-15,2.779,2.779,2.779,2.779,0.0
2018-11-16,2.75,2.75,2.75,2.75,0.0
2018-11-19,2.737,2.737,2.737,2.737,0.0
2018-11-20,2.735,2.735,2.735,2.735,0.0
2018-11-21,2.733,2.733,2.733,2.733,0.0
2018-11-23,2.758,2.758,2.758,2.758,0.0
2018-11-26,2.751,2.751,2.751,2.751,0.0
2018-11-27,2.747,2.747,2.747,2.747,0.0
2018-11-28,2.748,2.748,2.748,2.748,0.0
2018-11-29,2.787,2.787,2.787,2.787,0.0
2018-11-30,2.817,2.817,2.817,2.817,0.0
2018-12-03,2.789,2.789,2.789,2.789,0.0
2018-12-04,2.775,2.775,2.775,2.775,0.0
2018-12-05,2.766,2.766,2.766,2.766,0.0
2018-12-06,2.777,2.777,2.777,2.777,0.0
2018-12-07,2.784,2.784,2.784,2.784,0.0
2018-12-10,2.785,2.785,2.785,2.785,0.0
2018-12-11,2.76,2.76,2.76,2.76,0.0
2018-12-12,2.762,2.762,2.762,2.762,0.0
2018-12-13,2.73,2.73,2.73,2.73,0.0
2018-12-14,2.74,2.74,2.74,2.74,0.0
2018-12-17,2.739,2.739,2.739,2.739,0.0
2018-12-18,2.738,2.738,2.738,2.738,0.0
2018-12-19,2.761,2.761,2.761,2.761,0.0
2018-12-20,2.776,2.776,2.776,2.776,0.0
2018-12-21,2.779,2.779,2.779,2.779,0.0
2018-12-24,2.778,2.778,2.778,2.778,0.0
2018-12-26,2.775,2.775,2.775,2.775,0.0
2018-12-27,2.773,2.773,2.773,2.773,0.0
2018-12-28,2.77,2.77,2.77,2.77,0.0
2018-12-31,2.777,2.777,2.777,2.777,0.0
2019-01-02,2.777,2.777,2.777,2.777,0.0
2019-01-03,2.766,2.766,2.766,2.766,0.0
2019-01-04,2.774,2.774,2.774,2.774,0.0
2019-01-07,2.776,2.776,2.776,2.776,0.0
2019-01-08,2.775,2.775,2.775,2.775,0.0
2019-01-09,2.775,2.775,2.775,2.775,0.0
2019-01-10,2.772,2.772,2.772,2.772,0.0
2019-01-11,2.781,2.781,2.781,2.781,0.0
2019-01-14,2.78,2.78,2.78,2.78,0.0
2019-01-15,2.772,2.772,2.772,2.772,0.0
2019-01-16,2.741,2.741,2.741,2.741,0.0
2019-01-17,2.739,2.739,2.739,2.739,0.0
2019-01-18,2.752,2.752,2.752,2.752,0.0
2019-01-22,2.765,2.765,2.765,2.765,0.0
2019-01-23,2.743,2.743,2.743,2.743,0.0
2019-01-24,2.724,2.724,2.724,2.724,0.0
2019-01-25,2.769,2.769,2.769,2.769,0.0
2019-01-28,2.753,2.753,2.753,2.753,0.0
2019-01-29,2.756,2.756,2.756,2.756,0.0
2019-01-30,2.758,2.758,2.758,2.758,0.0
2019-01-31,2.759,2.759,2.759,2.759,0.0
2019-02-01,2.76,2.76,2.76,2.76,0.0
2019-02-04,2.747,2.747,2.747,2.747,0.0
2019-02-05,2.793,2.793,2.793,2.793,0.0
2019-02-06,2.79,2.79,2.79,2.79,0.0
2019-02-07,2.786,2.786,2.786,2.786,0.0
2019-02-08,2.788,2.788,2.788,2.788,0.0
2019-02-11,2.793,2.793,2.793,2.793,0.0
2019-02-12,2.801,2.801,2.801,2.801,0.0
2019-02-13,2.802,2.802,2.802,2.802,0.0
2019-02-14,2.806,2.806,2.806,2.806,0.0
2019-02-15,2.786,2.786,2.786,2.786,0.0
2019-02-19,2.777,2.777,2.777,2.777,0.0
2019-02-20,2.789,2.789,2.789,2.789,0.0
2019-02-21,2.781,2.781,2.781,2.781,0.0
2019-02-22,2.778,2.778,2.778,2.778,0.0
2019-02-25,2.771,2.771,2.771,2.771,0.0
2019-02-26,2.753,2.753,2.753,2.753,0.0
2019-02-27,2.789,2.789,2.789,2.789,0.0
2019-02-28,2.8,2.8,2.8,2.8,0.0
2019-03-01,2.799,2.799,2.799,2.799,0.0
2019-03-04,2.795,2.795,2.795,2.795,0.0
2019-03-05,2.793,2.793,2.793,2.793,0.0
2019-03-06,2.796,2.796,2.796,2.796,0.0
2019-03-07,2.801,2.801,2.801,2.801,0.0
2019-03-08,2.801,2.801,2.801,2.801,0.0
2019-03-11,2.828,2.828,2.828,2.828,0.0
2019-03-12,2.843,2.843,2.843,2.843,0.0
2019-03-13,2.852,2.852,2.852,2.852,0.0
2019-03-14,2.86,2.86,2.86,2.86,0.0
2019-03-15,2.861,2.861,2.861,2.861,0.0
2019-03-18,2.861,2.861,2.861,2.861,0.0
2019-03-19,2.862,2.862,2.862,2.862,0.0
2019-03-20,2.86,2.86,2.86,2.86,0.0
2019-03-21,2.87,2.87,2.87,2.87,0.0
2019-03-22,2.86,2.86,2.86,2.86,0.0
2019-03-25,2.859,2.859,2.859,2.859,0.0
2019-03-26,2.861,2.861,2.861,2.861,0.0
2019-03-27,2.852,2.852,2.852,2.852,0.0
2019-03-28,2.855,2.855,2.855,2.855,0.0
2019-03-29,2.854,2.854,2.854,2.854,0.0
2019-04-01,2.853,2.853,2.853,2.853,0.0
2019-04-02,2.86,2.86,2.86,2.86,0.0
2019-04-03,2.844,2.844,2.844,2.844,0.0
2019-04-04,2.852,2.852,2.852,2.852,0.0
2019-04-05,2.848,2.848,2.848,2.848,0.0
2019-04-08,2.851,2.851,2.851,2.851,0.0
2019-04-09,2.858,2.858,2.858,2.858,0.0
2019-04-10,2.836,2.836,2.836,2.836,0.0
2019-04-11,2.834,2.834,2.834,2.834,0.0
2019-04-12,2.834,2.834,2.834,2.834,0.0
2019-04-15,2.834,2.834,2.834,2.834,0.0
2019-04-16,2.835,2.835,2.835,2.835,0.0
2019-04-17,2.825,2.825,2.825,2.825,0.0
2019-04-18,2.81,2.81,2.81,2.81,0.0
2019-04-22,2.798,2.798,2.798,2.798,0.0
2019-04-23,2.793,2.793,2.793,2.793,0.0
2019-04-24,2.803,2.803,2.803,2.803,0.0
2019-04-25,2.813,2.813,2.813,2.813,0.0
2019-04-26,2.81,2.81,2.81,2.81,0.0
2019-04-29,2.817,2.817,2.817,2.817,0.0
2019-04-30,2.822,2.822,2.822,2.822,0.0
2019-05-01,2.824,2.824,2.824,2.824,0.0
2019-05-02,2.821,2.821,2.821,2.821,0.0
2019-05-03,2.821,2.821,2.821,2.821,0.0
2019-05-06,2.824,2.824,2.824,2.824,0.0
2019-05-07,2.824,2.824,2.824,2.824,0.0
2019-05-08,2.818,2.818,2.818,2.818,0.0
2019-05-09,2.825,2.825,2.825,2.825,0.0
2019-05-10,2.816,2.816,2.816,2.816,0.0
2019-05-13,2.819,2.819,2.819,2.819,0.0
2019-05-14,2.83,2.83,2.83,2.83,0.0
2019-05-15,2.831,2.831,2.831,2.831,0.0
2019-05-16,2.827,2.827,2.827,2.827,0.0
2019-05-17,2.831,2.831,2.831,2.831,0.0
2019-05-20,2.836,2.836,2.836,2.836,0.0
2019-05-21,2.839,2.839,2.839,2.839,0.0
2019-05-22,2.808,2.808,2.808,2.808,0.0
2019-05-23,2.82,2.82,2.82,2.82,0.0
2019-05-24,2.83,2.83,2.83,2.83,0.0
2019-05-28,2.838,2.838,2.838,2.838,0.0
2019-05-29,2.819,2.819,2.819,2.819,0.0
2019-05-30,2.817,2.817,2.817,2.817,0.0
2019-05-31,2.839,2.839,2.815,2.815,11.0
2019-06-03,2.803,2.803,2.803,2.803,0.0
2019-06-04,2.808,2.808,2.808,2.808,0.0
2019-06-05,2.796,2.796,2.796,2.796,0.0
2019-06-06,2.812,2.812,2.812,2.812,0.0
2019-06-07,2.813,2.813,2.813,2.813,0.0
2019-06-10,2.802,2.802,2.802,2.802,0.0
2019-06-11,2.802,2.802,2.802,2.802,0.0
2019-06-12,2.799,2.799,2.799,2.799,0.0
2019-06-13,2.8,2.8,2.8,2.8,0.0
2019-06-14,2.805,2.805,2.805,2.805,0.0
2019-06-17,2.808,2.808,2.808,2.808,0.0
2019-06-18,2.791,2.791,2.791,2.791,0.0
2019-06-19,2.792,2.792,2.792,2.792,0.0
2019-06-20,2.796,2.796,2.796,2.796,0.0
2019-06-21,2.811,2.811,2.811,2.811,0.0
2019-06-24,2.811,2.811,2.811,2.811,0.0
2019-06-25,2.81,2.81,2.81,2.81,0.0
2019-06-26,2.802,2.802,2.802,2.802,0.0
2019-06-27,2.798,2.798,2.798,2.798,0.0
2019-06-28,2.77,2.77,2.77,2.77,0.0
2019-07-01,2.763,2.763,2.763,2.763,0.0
2019-07-02,2.759,2.759,2.759,2.759,0.0
2019-07-03,2.751,2.751,2.751,2.751,0.0
2019-07-05,2.777,2.777,2.777,2.777,0.0
2019-07-08,2.773,2.773,2.773,2.773,0.0
2019-07-09,2.786,2.786,2.786,2.786,0.0
2019-07-10,2.778,2.778,2.778,2.778,0.0
2019-07-11,2.786,2.786,2.786,2.786,0.0
2019-07-12,2.794,2.794,2.794,2.794,0.0
2019-07-15,2.799,2.799,2.799,2.799,0.0
2019-07-16,2.775,2.775,2.775,2.775,0.0
2019-07-17,2.772,2.772,2.772,2.772,0.0
2019-07-18,2.791,2.791,2.791,2.791,0.0
2019-07-19,2.784,2.784,2.784,2.784,0.0
2019-07-22,2.748,2.748,2.748,2.748,0.0
2019-07-23,2.755,2.755,2.755,2.755,0.0
2019-07-24,2.748,2.748,2.748,2.748,0.0
2019-07-25,2.749,2.749,2.749,2.749,0.0
2019-07-26,2.735,2.735,2.735,2.735,0.0
2019-07-29,2.724,2.724,2.724,2.724,0.0
2019-07-30,2.727,2.727,2.727,2.727,0.0
2019-07-31,2.733,2.733,2.733,2.733,0.0
2019-08-01,2.736,2.736,2.736,2.736,0.0
2019-08-02,2.723,2.723,2.723,2.723,0.0
2019-08-05,2.721,2.721,2.721,2.721,0.0
2019-08-06,2.722,2.722,2.722,2.722,0.0
2019-08-07,2.727,2.727,2.727,2.727,0.0
2019-08-08,2.711,2.711,2.711,2.711,0.0
2019-08-09,2.687,2.687,2.687,2.687,0.0
2019-08-12,2.676,2.676,2.676,2.676,0.0
2019-08-13,2.657,2.657,2.657,2.657,0.0
2019-08-14,2.635,2.635,2.635,2.635,0.0
2019-08-15,2.635,2.635,2.635,2.635,0.0
2019-08-16,2.607,2.607,2.607,2.607,0.0
2019-08-19,2.609,2.609,2.609,2.609,0.0
2019-08-20,2.606,2.606,2.606,2.606,0.0
2019-08-21,2.607,2.607,2.607,2.607,0.0
2019-08-22,2.596,2.596,2.596,2.596,0.0
2019-08-23,2.626,2.626,2.626,2.626,0.0
2019-08-26,2.633,2.633,2.633,2.633,0.0
2019-08-27,2.648,2.648,2.648,2.648,0.0
2019-08-28,2.667,2.667,2.667,2.667,0.0
2019-08-29,2.669,2.669,2.669,2.669,0.0
2019-08-30,2.631,2.631,2.631,2.631,0.0
2019-09-03,2.641,2.641,2.641,2.641,0.0
2019-09-04,2.612,2.612,2.612,2.612,0.0
2019-09-05,2.619,2.619,2.619,2.619,0.0
2019-09-06,2.606,2.606,2.606,2.606,0.0
2019-09-09,2.57,2.57,2.57,2.57,0.0
2019-09-10,2.574,2.574,2.574,2.574,0.0
2019-09-11,2.588,2.588,2.588,2.588,0.0
2019-09-12,2.593,2.593,2.593,2.593,0.0
2019-09-13,2.589,2.589,2.589,2.589,0.0
2019-09-16,2.619,2.619,2.619,2.619,0.0
2019-09-17,2.587,2.587,2.587,2.587,0.0
2019-09-18,2.6,2.6,2.6,2.6,0.0
2019-09-19,2.594,2.594,2.594,2.594,0.0
2019-09-20,2.605,2.605,2.605,2.605,0.0
2019-09-23,2.602,2.602,2.602,2.602,0.0
2019-09-24,2.586,2.586,2.586,2.586,0.0
2019-09-25,2.585,2.585,2.585,2.585,0.0
2019-09-26,2.586,2.586,2.586,2.586,0.0
2019-09-27,2.575,2.575,2.575,2.575,0.0
2019-09-30,2.622,2.622,2.622,2.622,0.0
2019-10-01,2.571,2.571,2.571,2.571,0.0
2019-10-02,2.589,2.589,2.589,2.589,0.0
2019-10-03,2.574,2.574,2.574,2.574,0.0
2019-10-04,2.564,2.564,2.564,2.564,0.0
2019-10-07,2.568,2.568,2.568,2.568,0.0
2019-10-08,2.544,2.544,2.544,2.544,0.0
2019-10-09,2.555,2.555,2.555,2.555,0.0
2019-10-10,2.556,2.556,2.556,2.556,0.0
2019-10-11,2.567,2.567,2.567,2.567,0.0
2019-10-14,2.582,2.582,2.582,2.582,0.0
2019-10-15,2.588,2.588,2.588,2.588,0.0
2019-10-16,2.59,2.59,2.59,2.59,0.0
2019-10-17,2.587,2.587,2.587,2.587,0.0
2019-10-18,2.582,2.582,2.582,2.582,0.0
2019-10-21,2.577,2.577,2.577,2.577,0.0
2019-10-22,2.581,2.581,2.581,2.581,0.0
2019-10-23,2.575,2.575,2.575,2.575,0.0
2019-10-24,2.579,2.579,2.579,2.579,0.0
2019-10-25,2.577,2.577,2.577,2.577,0.0
2019-10-28,2.586,2.586,2.586,2.586,0.0
2019-10-29,2.602,2.602,2.602,2.602,0.0
2019-10-30,2.609,2.609,2.609,2.609,0.0
2019-10-31,2.607,2.607,2.607,2.607,0.0
2019-11-01,2.616,2.616,2.616,2.616,0.0
2019-11-04,2.577,2.577,2.577,2.577,0.0
2019-11-05,2.566,2.566,2.566,2.566,0.0
2019-11-06,2.563,2.563,2.563,2.563,0.0
2019-11-07,2.54,2.54,2.54,2.54,0.0
2019-11-08,2.547,2.547,2.547,2.547,0.0
2019-11-11,2.538,2.538,2.538,2.538,0.0
2019-11-12,2.518,2.518,2.518,2.518,0.0
2019-11-13,2.499,2.499,2.499,2.499,0.0
2019-11-14,2.501,2.501,2.501,2.501,0.0
2019-11-15,2.499,2.499,2.499,2.499,0.0
2019-11-18,2.503,2.503,2.503,2.503,0.0
2019-11-19,2.505,2.505,2.505,2.505,0.0
2019-11-20,2.514,2.514,2.514,2.514,0.0
2019-11-21,2.521,2.521,2.521,2.521,0.0
2019-11-22,2.521,2.521,2.521,2.521,0.0
2019-11-25,2.508,2.508,2.508,2.508,0.0
2019-11-26,2.502,2.502,2.502,2.502,0.0
2019-11-27,2.506,2.506,2.506,2.506,0.0
2019-11-29,2.464,2.464,2.464,2.464,0.0
2019-12-02,2.49,2.49,2.49,2.49,0.0
2019-12-03,2.499,2.499,2.499,2.499,0.0
2019-12-04,2.498,2.498,2.498,2.498,0.0
2019-12-05,2.49,2.49,2.49,2.49,0.0
2019-12-06,2.463,2.463,2.463,2.463,0.0
2019-12-09,2.452,2.452,2.452,2.452,0.0
2019-12-10,2.461,2.461,2.461,2.461,0.0
2019-12-11,2.458,2.458,2.458,2.458,0.0
2019-12-12,2.463,2.463,2.463,2.463,0.0
2019-12-13,2.446,2.446,2.446,2.446,0.0
2019-12-16,2.455,2.455,2.455,2.455,0.0
2019-12-17,2.457,2.457,2.457,2.457,0.0
2019-12-18,2.428,2.428,2.428,2.428,0.0
2019-12-19,2.418,2.418,2.418,2.418,0.0
2019-12-20,2.409,2.409,2.409,2.409,0.0
2019-12-23,2.416,2.416,2.416,2.416,0.0
2019-12-24,2.414,2.414,2.414,2.414,0.0
2019-12-26,2.402,2.402,2.402,2.402,0.0
2019-12-27,2.4,2.4,2.4,2.4,0.0
2019-12-30,2.397,2.397,2.397,2.397,0.0
2019-12-31,2.406,2.406,2.406,2.406,0.0
2020-01-02,2.401,2.401,2.401,2.401,0.0
2020-01-03,2.401,2.401,2.401,2.401,0.0
2020-01-06,2.405,2.405,2.405,2.405,0.0
2020-01-07,2.412,2.412,2.412,2.412,0.0
2020-01-08,2.415,2.415,2.415,2.415,0.0
2020-01-09,2.426,2.426,2.426,2.426,0.0
2020-01-10,2.428,2.428,2.428,2.428,0.0
2020-01-13,2.428,2.428,2.428,2.428,0.0
2020-01-14,2.427,2.427,2.427,2.427,0.0
2020-01-15,2.426,2.426,2.426,2.426,0.0
2020-01-16,2.433,2.433,2.433,2.433,0.0
2020-01-17,2.443,2.443,2.443,2.443,0.0
2020-01-21,2.433,2.433,2.433,2.433,0.0
2020-01-22,2.422,2.422,2.422,2.422,0.0
2020-01-23,2.414,2.414,2.414,2.414,0.0
2020-01-24,2.404,2.404,2.404,2.404,0.0
2020-01-27,2.376,2.376,2.376,2.376,0.0
2020-01-28,2.386,2.386,2.386,2.386,0.0
2020-01-29,2.376,2.376,2.376,2.376,0.0
2020-01-30,2.376,2.376,2.376,2.376,0.0
2020-01-31,2.377,2.377,2.377,2.377,0.0
2020-02-03,2.372,2.372,2.372,2.372,0.0
2020-02-04,2.368,2.368,2.368,2.368,0.0
2020-02-05,2.345,2.345,2.345,2.345,0.0
2020-02-06,2.349,2.349,2.349,2.349,0.0
2020-02-07,2.367,2.367,2.367,2.367,0.0
2020-02-10,2.359,2.359,2.359,2.359,0.0
2020-02-11,2.359,2.359,2.359,2.359,0.0
2020-02-12,2.366,2.366,2.366,2.366,0.0
2020-02-13,2.356,2.356,2.356,2.356,0.0
2020-02-14,2.349,2.349,2.349,2.349,0.0
2020-02-18,2.335,2.335,2.335,2.335,0.0
2020-02-19,2.351,2.351,2.351,2.351,0.0
2020-02-20,2.346,2.346,2.346,2.346,0.0
2020-02-21,2.376,2.376,2.376,2.376,0.0
2020-02-24,2.382,2.382,2.382,2.382,0.0
2020-02-25,2.378,2.378,2.378,2.378,0.0
2020-02-26,2.401,2.401,2.401,2.401,0.0
2020-02-27,2.391,2.391,2.391,2.391,0.0
2020-02-28,2.403,2.403,2.403,2.403,0.0
2020-03-02,2.431,2.431,2.431,2.431,0.0
2020-03-03,2.427,2.427,2.427,2.427,0.0
2020-03-04,2.411,2.411,2.411,2.411,0.0
2020-03-05,2.386,2.386,2.386,2.386,0.0
2020-03-06,2.399,2.399,2.399,2.399,0.0
2020-03-09,2.436,2.436,2.436,2.436,0.0
2020-03-10,2.436,2.436,2.436,2.436,0.0
2020-03-11,2.398,2.398,2.398,2.398,0.0
2020-03-12,2.348,2.348,2.348,2.348,0.0
2020-03-13,2.339,2.339,2.339,2.339,0.0
2020-03-16,2.328,2.328,2.328,2.328,0.0
2020-03-17,2.357,2.357,2.357,2.357,0.0
2020-03-18,2.363,2.363,2.363,2.363,0.0
2020-03-19,2.376,2.376,2.376,2.376,0.0
2020-03-20,2.37,2.37,2.37,2.37,0.0
2020-03-23,2.365,2.365,2.365,2.365,0.0
2020-03-24,2.346,2.346,2.346,2.346,0.0
2020-03-25,2.341,2.341,2.341,2.341,0.0
2020-03-26,2.307,2.307,2.307,2.307,0.0
2020-03-27,2.329,2.329,2.329,2.329,0.0
2020-03-30,2.337,2.337,2.337,2.337,0.0
2020-03-31,2.339,2.339,2.339,2.339,0.0
2020-04-01,2.309,2.309,2.309,2.309,0.0
2020-04-02,2.295,2.295,2.295,2.295,0.0
2020-04-03,2.279,2.279,2.279,2.279,0.0
2020-04-06,2.295,2.295,2.295,2.295,0.0
2020-04-07,2.289,2.289,2.289,2.289,0.0
2020-04-08,2.306,2.306,2.306,2.306,0.0
2020-04-09,2.323,2.323,2.323,2.323,0.0
2020-04-13,2.351,2.351,2.351,2.351,0.0
2020-04-14,2.333,2.333,2.333,2.333,0.0
2020-04-15,2.302,2.302,2.302,2.302,0.0
2020-04-16,2.307,2.307,2.307,2.307,0.0
2020-04-17,2.313,2.313,2.313,2.313,0.0
2020-04-20,2.331,2.331,2.331,2.331,0.0
2020-04-21,2.314,2.314,2.314,2.314,0.0
2020-04-22,2.334,2.342,2.334,2.342,50.0
2020-04-23,2.296,2.296,2.296,2.296,0.0
2020-04-24,2.294,2.294,2.294,2.294,0.0
2020-04-27,2.32,2.32,2.32,2.32,0.0
2020-04-28,2.312,2.312,2.312,2.312,0.0
2020-04-29,2.307,2.307,2.307,2.307,0.0
2020-04-30,2.282,2.282,2.282,2.282,0.0
2020-05-01,2.265,2.265,2.265,2.265,0.0
2020-05-04,2.267,2.267,2.267,2.267,0.0
2020-05-05,2.254,2.254,2.254,2.254,0.0
2020-05-06,2.3,2.3,2.293,2.293,1.0
2020-05-07,2.275,2.275,2.275,2.275,0.0
2020-05-08,2.284,2.284,2.284,2.284,0.0
2020-05-11,2.271,2.271,2.271,2.271,0.0
2020-05-12,2.275,2.275,2.275,2.275,0.0
2020-05-13,2.25,2.25,2.25,2.25,0.0
2020-05-14,2.232,2.232,2.232,2.232,0.0
2020-05-15,2.263,2.263,2.263,2.263,0.0
2020-05-18,2.281,2.281,2.281,2.281,0.0
2020-05-19,2.278,2.278,2.278,2.278,0.0
2020-05-20,2.245,2.245,2.245,2.245,0.0
2020-05-21,2.236,2.236,2.236,2.236,0.0
2020-05-22,2.274,2.274,2.274,2.274,0.0
2020-05-26,2.269,2.269,2.269,2.269,0.0
2020-05-27,2.301,2.301,2.301,2.301,0.0
2020-05-28,2.293,2.293,2.293,2.293,0.0
2020-05-29,2.287,2.287,2.287,2.287,0.0
2020-06-01,2.264,2.264,2.264,2.264,0.0
2020-06-02,2.269,2.269,2.269,2.269,0.0
2020-06-03,2.256,2.256,2.256,2.256,0.0
2020-06-04,2.265,2.265,2.265,2.265,0.0
2020-06-05,2.259,2.259,2.259,2.259,0.0
2020-06-08,2.273,2.273,2.273,2.273,0.0
2020-06-09,2.281,2.281,2.281,2.281,0.0
2020-06-10,2.267,2.267,2.267,2.267,0.0
2020-06-11,2.262,2.262,2.262,2.262,0.0
2020-06-12,2.251,2.251,2.251,2.251,0.0
2020-06-15,2.278,2.278,2.278,2.278,0.0
2020-06-16,2.271,2.271,2.271,2.271,0.0
2020-06-17,2.258,2.258,2.258,2.258,0.0
2020-06-18,2.269,2.269,2.269,2.269,0.0
2020-06-19,2.252,2.252,2.252,2.252,0.0
2020-06-22,2.24,2.24,2.24,2.24,0.0
2020-06-23,2.239,2.239,2.239,2.239,0.0
2020-06-24,2.233,2.233,2.233,2.233,0.0
2020-06-25,2.245,2.245,2.245,2.245,0.0
2020-06-26,2.265,2.265,2.265,2.265,0.0
2020-06-29,2.263,2.263,2.263,2.263,0.0
2020-06-30,2.263,2.263,2.263,2.263,0.0
2020-07-01,2.276,2.276,2.276,2.276,0.0
2020-07-02,2.308,2.308,2.308,2.308,0.0
2020-07-06,2.287,2.287,2.287,2.287,0.0
2020-07-07,2.28,2.28,2.28,2.28,0.0
2020-07-08,2.308,2.308,2.308,2.308,0.0
2020-07-09,2.308,2.308,2.308,2.308,0.0
2020-07-10,2.304,2.304,2.304,2.304,0.0
2020-07-13,2.3,2.3,2.3,2.3,0.0
2020-07-14,2.299,2.299,2.299,2.299,0.0
2020-07-15,2.309,2.309,2.309,2.309,0.0
2020-07-16,2.302,2.302,2.302,2.302,0.0
2020-07-17,2.299,2.299,2.299,2.299,0.0
2020-07-20,2.29,2.29,2.29,2.29,0.0
2020-07-21,2.303,2.303,2.303,2.303,0.0
2020-07-22,2.312,2.312,2.312,2.312,0.0
2020-07-23,2.374,2.374,2.374,2.374,0.0
2020-07-24,2.398,2.398,2.398,2.398,0.0
2020-07-27,2.448,2.448,2.448,2.448,0.0
2020-07-28,2.445,2.445,2.445,2.445,0.0
2020-07-29,2.45,2.45,2.45,2.45,0.0
2020-07-30,2.44,2.44,2.44,2.44,0.0
2020-07-31,2.458,2.458,2.458,2.458,0.0
2020-08-03,2.452,2.452,2.452,2.452,0.0
2020-08-04,2.446,2.446,2.446,2.446,0.0
2020-08-05,2.48,2.48,2.48,2.48,0.0
2020-08-06,2.505,2.505,2.505,2.505,0.0
2020-08-07,2.537,2.537,2.537,2.537,0.0
2020-08-10,2.505,2.505,2.505,2.505,0.0
2020-08-11,2.42,2.42,2.42,2.42,0.0
2020-08-12,2.387,2.387,2.387,2.387,0.0
2020-08-13,2.407,2.407,2.407,2.407,0.0
2020-08-14,2.398,2.398,2.398,2.398,0.0
2020-08-17,2.398,2.398,2.398,2.398,0.0
2020-08-18,2.393,2.393,2.393,2.393,0.0
2020-08-19,2.388,2.388,2.388,2.388,0.0
2020-08-20,2.386,2.386,2.386,2.386,0.0
2020-08-21,2.381,2.381,2.381,2.381,0.0
2020-08-24,2.376,2.376,2.376,2.376,0.0
2020-08-25,2.369,2.369,2.369,2.369,0.0
2020-08-26,2.397,2.397,2.397,2.397,0.0
2020-08-27,2.406,2.406,2.406,2.406,0.0
2020-08-28,2.394,2.394,2.394,2.394,0.0
2020-08-31,2.368,2.368,2.368,2.368,0.0
2020-09-01,2.366,2.366,2.366,2.366,0.0
2020-09-02,2.36,2.365,2.356,2.36,89.0
2020-09-03,2.357,2.357,2.357,2.357,0.0
2020-09-04,2.363,2.363,2.363,2.363,0.0
2020-09-08,2.364,2.364,2.364,2.364,0.0
2020-09-09,2.35,2.35,2.35,2.35,0.0
2020-09-10,2.332,2.332,2.332,2.332,0.0
2020-09-11,2.309,2.309,2.309,2.309,0.0
2020-09-14,2.297,2.297,2.297,2.297,0.0
2020-09-15,2.304,2.304,2.304,2.304,0.0
2020-09-16,2.302,2.302,2.302,2.302,0.0
2020-09-17,2.31,2.31,2.31,2.31,0.0
2020-09-18,2.331,2.331,2.331,2.331,0.0
2020-09-21,2.311,2.311,2.311,2.311,0.0
2020-09-22,2.326,2.326,2.326,2.326,0.0
2020-09-23,2.366,2.366,2.366,2.366,0.0
2020-09-24,2.376,2.376,2.376,2.376,0.0
2020-09-25,2.383,2.383,2.383,2.383,0.0
2020-09-28,2.391,2.391,2.391,2.391,0.0
2020-09-29,2.362,2.362,2.362,2.362,0.0
2020-09-30,2.343,2.343,2.343,2.343,0.0
2020-10-01,2.323,2.323,2.323,2.323,0.0
2020-10-02,2.302,2.302,2.302,2.302,0.0
2020-10-05,2.28,2.28,2.28,2.28,0.0
2020-10-06,2.287,2.287,2.287,2.287,0.0
2020-10-07,2.31,2.31,2.31,2.31,0.0
2020-10-08,2.285,2.285,2.285,2.285,0.0
2020-10-09,2.315,2.315,2.315,2.315,0.0
2020-10-12,2.301,2.301,2.301,2.301,0.0
2020-10-13,2.281,2.281,2.281,2.281,0.0
2020-10-14,2.308,2.308,2.308,2.308,0.0
2020-10-15,2.319,2.319,2.319,2.319,0.0
2020-10-16,2.322,2.322,2.322,2.322,0.0
2020-10-19,2.365,2.365,2.365,2.365,0.0
2020-10-20,2.306,2.306,2.306,2.306,0.0
2020-10-21,2.327,2.327,2.327,2.327,0.0
2020-10-22,2.329,2.329,2.329,2.329,0.0
2020-10-23,2.292,2.292,2.292,2.292,0.0
2020-10-26,2.26,2.26,2.26,2.26,0.0
2020-10-27,2.281,2.281,2.281,2.281,0.0
2020-10-28,2.308,2.308,2.308,2.308,0.0
2020-10-29,2.32,2.32,2.32,2.32,0.0
2020-10-30,2.337,2.337,2.337,2.337,0.0
2020-11-02,2.325,2.325,2.325,2.325,0.0
2020-11-03,2.355,2.355,2.355,2.355,0.0
2020-11-04,2.352,2.352,2.352,2.352,0.0
2020-11-05,2.347,2.347,2.347,2.347,0.0
2020-11-06,2.337,2.337,2.337,2.337,0.0
2020-11-09,2.333,2.333,2.333,2.333,0.0
2020-11-10,2.343,2.343,2.343,2.343,0.0
2020-11-11,2.358,2.358,2.358,2.358,0.0
2020-11-12,2.355,2.355,2.355,2.355,0.0
2020-11-13,2.335,2.335,2.335,2.335,0.0
2020-11-16,2.339,2.339,2.339,2.339,0.0
2020-11-17,2.356,2.356,2.356,2.356,0.0
2020-11-18,2.38,2.38,2.38,2.38,0.0
2020-11-19,2.38,2.38,2.38,2.38,0.0
2020-11-20,2.373,2.373,2.373,2.373,0.0
2020-11-23,2.367,2.367,2.367,2.367,0.0
2020-11-24,2.387,2.387,2.369,2.369,2.0
2020-11-25,2.352,2.352,2.352,2.352,0.0
2020-11-27,2.348,2.348,2.348,2.348,0.0
2020-11-30,2.334,2.334,2.334,2.334,0.0
2020-12-01,2.392,2.392,2.392,2.392,0.0
2020-12-02,2.417,2.417,2.417,2.417,0.0
2020-12-03,2.381,2.381,2.381,2.381,0.0
2020-12-04,2.404,2.404,2.404,2.404,0.0
2020-12-07,2.375,2.375,2.375,2.375,0.0
2020-12-08,2.363,2.363,2.363,2.363,0.0
2020-12-09,2.38,2.38,2.38,2.38,0.0
2020-12-10,2.385,2.385,2.385,2.385,0.0
2020-12-11,2.399,2.399,2.399,2.399,0.0
2020-12-14,2.398,2.398,2.398,2.398,0.0
2020-12-15,2.383,2.383,2.383,2.383,0.0
2020-12-16,2.395,2.395,2.395,2.395,0.0
2020-12-17,2.383,2.383,2.383,2.383,0.0
2020-12-18,2.397,2.397,2.397,2.397,0.0
2020-12-21,2.368,2.368,2.368,2.368,0.0
2020-12-22,2.377,2.377,2.377,2.377,0.0
2020-12-23,2.367,2.367,2.367,2.367,0.0
2020-12-24,2.379,2.379,2.379,2.379,0.0
2020-12-28,2.308,2.308,2.308,2.308,0.0
2020-12-29,2.362,2.362,2.362,2.362,0.0
2020-12-30,2.346,2.346,2.346,2.346,0.0
2020-12-31,2.365,2.365,2.365,2.365,0.0
2021-01-04,2.373,2.373,2.373,2.373,0.0
2021-01-05,2.391,2.391,2.391,2.391,0.0
2021-01-06,2.424,2.424,2.424,2.424,0.0
2021-01-07,2.396,2.396,2.396,2.396,0.0
2021-01-08,2.38,2.38,2.38,2.38,0.0
2021-01-11,2.375,2.375,2.375,2.375,0.0
2021-01-12,2.387,2.387,2.387,2.387,0.0
2021-01-13,2.413,2.413,2.413,2.413,0.0
2021-01-14,2.361,2.361,2.361,2.361,0.0
2021-01-15,2.397,2.397,2.397,2.397,0.0
2021-01-19,2.385,2.385,2.385,2.385,0.0
2021-01-20,2.399,2.399,2.399,2.399,0.0
2021-01-21,2.4,2.4,2.4,2.4,0.0
2021-01-22,2.415,2.415,2.415,2.415,0.0
2021-01-25,2.372,2.372,2.372,2.372,0.0
2021-01-26,2.401,2.401,2.401,2.401,0.0
2021-01-27,2.416,2.416,2.416,2.416,0.0
2021-01-28,2.415,2.415,2.415,2.415,0.0
2021-01-29,2.421,2.421,2.421,2.421,0.0
2021-02-01,2.425,2.425,2.425,2.425,0.0
2021-02-02,2.421,2.421,2.421,2.421,0.0
2021-02-03,2.402,2.402,2.402,2.402,0.0
2021-02-04,2.378,2.378,2.378,2.378,0.0
2021-02-05,2.401,2.401,2.387,2.387,26.0
2021-02-08,2.407,2.407,2.407,2.407,0.0
2021-02-09,2.407,2.407,2.407,2.407,0.0
2021-02-10,2.412,2.412,2.412,2.412,0.0
2021-02-11,2.399,2.399,2.399,2.399,0.0
2021-02-12,2.393,2.393,2.393,2.393,0.0
2021-02-16,2.41,2.41,2.41,2.41,0.0
2021-02-17,2.405,2.405,2.405,2.405,0.0
2021-02-18,2.403,2.403,2.403,2.403,0.0
2021-02-19,2.399,2.399,2.399,2.399,0.0
2021-02-22,2.401,2.401,2.401,2.401,0.0
2021-02-23,2.406,2.406,2.406,2.406,0.0
2021-02-24,2.4,2.4,2.4,2.4,0.0
2021-02-25,2.366,2.366,2.366,2.366,0.0
2021-02-26,2.389,2.389,2.389,2.389,0.0
2021-03-01,2.407,2.407,2.407,2.407,0.0
2021-03-02,2.412,2.416,2.412,2.416,2.0
2021-03-03,2.391,2.391,2.391,2.391,0.0
2021-03-04,2.366,2.366,2.366,2.366,0.0
2021-03-05,2.372,2.372,2.372,2.372,0.0
2021-03-08,2.39,2.39,2.39,2.39,0.0
2021-03-09,2.397,2.397,2.397,2.397,0.0
2021-03-10,2.409,2.409,2.409,2.409,0.0
2021-03-11,2.401,2.401,2.401,2.401,0.0
2021-03-12,2.413,2.413,2.413,2.413,0.0
2021-03-15,2.381,2.381,2.381,2.381,0.0
2021-03-16,2.41,2.41,2.41,2.41,0.0
2021-03-17,2.391,2.391,2.391,2.391,0.0
2021-03-18,2.398,2.398,2.398,2.398,0.0
2021-03-19,2.404,2.404,2.404,2.404,0.0
2021-03-22,2.4,2.4,2.4,2.4,0.0
2021-03-23,2.414,2.414,2.414,2.414,0.0
2021-03-24,2.417,2.417,2.417,2.417,0.0
2021-03-25,2.417,2.417,2.417,2.417,0.0
2021-03-26,2.405,2.405,2.405,2.405,0.0
2021-03-29,2.41,2.41,2.41,2.41,0.0
2021-03-30,2.417,2.417,2.417,2.417,0.0
2021-03-31,2.438,2.438,2.438,2.438,0.0
2021-04-01,2.453,2.453,2.453,2.453,0.0
2021-04-05,2.44,2.44,2.44,2.44,0.0
2021-04-06,2.432,2.432,2.432,2.432,0.0
2021-04-07,2.435,2.435,2.435,2.435,0.0
2021-04-08,2.455,2.455,2.435,2.435,5.0
2021-04-09,2.469,2.469,2.469,2.469,0.0
2021-04-12,2.45,2.478,2.45,2.478,1.0
2021-04-13,2.461,2.461,2.461,2.461,0.0
2021-04-14,2.47,2.47,2.47,2.47,0.0
2021-04-15,2.476,2.476,2.476,2.476,0.0
2021-04-16,2.489,2.489,2.489,2.489,0.0
2021-04-19,2.483,2.483,2.483,2.483,0.0
2021-04-20,2.458,2.458,2.458,2.458,0.0
2021-04-21,2.445,2.445,2.445,2.445,0.0
2021-04-22,2.426,2.426,2.426,2.426,0.0
2021-04-23,2.434,2.434,2.434,2.434,0.0
2021-04-26,2.42,2.42,2.42,2.42,0.0
2021-04-27,2.431,2.431,2.431,2.431,0.0
2021-04-28,2.433,2.433,2.433,2.433,0.0
2021-04-29,2.435,2.435,2.435,2.435,0.0
2021-04-30,2.45,2.45,2.45,2.45,0.0
2021-05-03,2.453,2.453,2.453,2.453,0.0
2021-05-04,2.462,2.462,2.462,2.462,0.0
2021-05-05,2.464,2.464,2.464,2.464,0.0
2021-05-06,2.454,2.454,2.454,2.454,0.0
2021-05-07,2.461,2.461,2.461,2.461,0.0
2021-05-10,2.464,2.464,2.464,2.464,0.0
2021-05-11,2.461,2.461,2.461,2.461,0.0
2021-05-12,2.46,2.46,2.46,2.46,0.0
2021-05-13,2.45,2.45,2.45,2.45,0.0
2021-05-14,2.456,2.456,2.456,2.456,0.0
2021-05-17,2.46,2.46,2.46,2.46,0.0
2021-05-18,2.439,2.439,2.439,2.439,0.0
2021-05-19,2.443,2.443,2.443,2.443,0.0
2021-05-20,2.448,2.448,2.448,2.448,0.0
2021-05-21,2.46,2.46,2.46,2.46,0.0
2021-05-24,2.454,2.454,2.454,2.454,0.0
2021-05-25,2.465,2.465,2.465,2.465,0.0
2021-05-26,2.454,2.454,2.454,2.454,0.0
2021-05-27,2.451,2.451,2.451,2.451,0.0
2021-05-28,2.461,2.461,2.461,2.461,0.0
2021-06-01,2.463,2.463,2.463,2.463,0.0
2021-06-02,2.473,2.473,2.473,2.473,0.0
2021-06-03,2.48,2.48,2.48,2.48,0.0
2021-06-04,2.531,2.531,2.531,2.531,0.0
2021-06-07,2.502,2.502,2.502,2.502,0.0
2021-06-08,2.483,2.483,2.483,2.483,0.0
2021-06-09,2.49,2.49,2.49,2.49,0.0
2021-06-10,2.479,2.479,2.479,2.479,0.0
2021-06-11,2.478,2.478,2.478,2.478,0.0
2021-06-14,2.487,2.487,2.487,2.487,0.0
2021-06-15,2.472,2.472,2.472,2.472,0.0
2021-06-16,2.505,2.505,2.505,2.505,0.0
2021-06-17,2.51,2.51,2.51,2.51,0.0
2021-06-18,2.504,2.504,2.504,2.504,0.0
2021-06-21,2.501,2.501,2.501,2.501,0.0
2021-06-22,2.501,2.501,2.501,2.501,0.0
2021-06-23,2.502,2.502,2.502,2.502,0.0
2021-06-24,2.49,2.49,2.49,2.49,0.0
2021-06-25,2.538,2.538,2.538,2.538,0.0
2021-06-28,2.548,2.548,2.548,2.548,0.0
2021-06-29,2.576,2.576,2.576,2.576,0.0
2021-06-30,2.572,2.572,2.572,2.572,0.0
2021-07-01,2.56,2.56,2.56,2.56,0.0
2021-07-02,2.552,2.552,2.552,2.552,0.0
2021-07-06,2.544,2.544,2.544,2.544,0.0
2021-07-07,2.556,2.556,2.556,2.556,0.0
2021-07-08,2.568,2.568,2.568,2.568,0.0
2021-07-09,2.587,2.587,2.587,2.587,0.0
2021-07-12,2.592,2.592,2.592,2.592,0.0
2021-07-13,2.591,2.591,2.591,2.591,0.0
2021-07-14,2.584,2.584,2.584,2.584,0.0
2021-07-15,2.579,2.579,2.579,2.579,0.0
2021-07-16,2.585,2.585,2.585,2.585,0.0
2021-07-19,2.595,2.595,2.595,2.595,0.0
2021-07-20,2.607,2.607,2.607,2.607,0.0
2021-07-21,2.59,2.59,2.59,2.59,0.0
2021-07-22,2.592,2.592,2.592,2.592,0.0
2021-07-23,2.598,2.598,2.598,2.598,0.0
2021-07-26,2.606,2.606,2.606,2.606,0.0
2021-07-27,2.583,2.583,2.583,2.583,0.0
2021-07-28,2.575,2.575,2.575,2.575,0.0
2021-07-29,2.55,2.55,2.55,2.55,0.0
2021-07-30,2.57,2.57,2.57,2.57,0.0
2021-08-02,2.589,2.589,2.589,2.589,0.0
2021-08-03,2.581,2.581,2.581,2.581,0.0
2021-08-04,2.591,2.591,2.591,2.591,0.0
2021-08-05,2.594,2.594,2.594,2.594,0.0
2021-08-06,2.603,2.603,2.603,2.603,0.0
2021-08-09,2.619,2.619,2.619,2.619,0.0
2021-08-10,2.616,2.616,2.616,2.616,31.0
2021-08-11,2.631,2.631,2.631,2.631,0.0
2021-08-12,2.689,2.689,2.689,2.689,0.0
2021-08-13,2.656,2.656,2.656,2.656,0.0
2021-08-16,2.659,2.659,2.659,2.659,0.0
2021-08-17,2.672,2.672,2.672,2.672,2.0
2021-08-18,2.67,2.67,2.67,2.67,0.0
2021-08-19,2.681,2.681,2.681,2.681,0.0
2021-08-20,2.675,2.675,2.675,2.675,0.0
2021-08-23,2.672,2.672,2.672,2.672,0.0
2021-08-24,2.677,2.677,2.677,2.677,0.0
2021-08-25,2.669,2.669,2.669,2.669,0.0
2021-08-26,2.695,2.695,2.695,2.695,0.0
2021-08-27,2.692,2.692,2.692,2.692,0.0
2021-08-30,2.683,2.683,2.683,2.683,0.0
2021-08-31,2.672,2.672,2.672,2.672,7.0
2021-09-01,2.667,2.667,2.667,2.667,0.0
2021-09-02,2.672,2.672,2.672,2.672,0.0
2021-09-03,2.676,2.676,2.676,2.676,0.0
2021-09-07,2.687,2.687,2.687,2.687,0.0
2021-09-08,2.729,2.729,2.729,2.729,5.0
2021-09-09,2.774,2.774,2.774,2.774,0.0
2021-09-10,2.776,2.776,2.776,2.776,0.0
2021-09-13,2.801,2.801,2.801,2.801,0.0
2021-09-14,2.787,2.787,2.787,2.787,0.0
2021-09-15,2.745,2.745,2.745,2.745,5.0
2021-09-16,2.748,2.748,2.748,2.748,5.0
2021-09-17,2.741,2.741,2.741,2.741,0.0
2021-09-20,2.777,2.777,2.777,2.777,0.0
2021-09-21,2.794,2.794,2.794,2.794,0.0
2021-09-22,2.811,2.811,2.811,2.811,0.0
2021-09-23,2.818,2.818,2.818,2.818,0.0
2021-09-24,2.798,2.798,2.798,2.798,5.0
2021-09-27,2.836,2.836,2.836,2.836,5.0
2021-09-28,2.769,2.769,2.769,2.769,0.0
2021-09-29,2.81,2.81,2.81,2.81,5.0
2021-09-30,2.86,2.86,2.828,2.828,6.0
2021-10-01,2.833,2.833,2.833,2.833,6.0
2021-10-04,2.842,2.842,2.842,2.842,0.0
2021-10-05,2.882,2.882,2.882,2.882,0.0
2021-10-06,2.905,2.905,2.905,2.905,0.0
2021-10-07,2.9,2.9,2.9,2.9,0.0
2021-10-08,2.936,2.936,2.936,2.936,0.0
2021-10-11,2.928,2.928,2.928,2.928,0.0
2021-10-12,2.913,2.913,2.913,2.913,0.0
2021-10-13,2.918,2.918,2.918,2.918,0.0
2021-10-14,2.953,2.953,2.953,2.953,0.0
2021-10-15,2.962,2.962,2.962,2.962,0.0
2021-10-18,2.968,2.968,2.968,2.968,5.0
2021-10-19,2.952,2.952,2.952,2.952,0.0
2021-10-20,2.955,2.955,2.955,2.955,0.0
2021-10-21,2.968,2.968,2.968,2.968,0.0
2021-10-22,2.973,2.973,2.973,2.973,0.0
2021-10-25,3.026,3.026,3.026,3.026,0.0
2021-10-26,3.004,3.004,3.004,3.004,0.0
2021-10-27,2.941,2.941,2.941,2.941,0.0
2021-10-28,2.942,2.942,2.942,2.942,0.0
2021-10-29,2.893,2.893,2.893,2.893,0.0
2021-11-01,2.788,2.788,2.788,2.788,0.0
2021-11-02,2.844,2.844,2.844,2.844,0.0
2021-11-03,2.826,2.826,2.826,2.826,0.0
2021-11-04,2.85,2.85,2.85,2.85,0.0
2021-11-05,2.89,2.89,2.793,2.793,1.0
2021-11-08,2.846,2.846,2.846,2.846,0.0
2021-11-09,2.842,2.842,2.842,2.842,0.0
2021-11-10,2.868,2.868,2.868,2.868,0.0
2021-11-11,2.885,2.885,2.885,2.885,0.0
2021-11-12,2.856,2.856,2.856,2.856,0.0
2021-11-15,2.869,2.869,2.869,2.869,0.0
2021-11-16,2.94,2.94,2.94,2.94,0.0
2021-11-17,2.901,2.901,2.901,2.901,0.0
2021-11-18,2.886,2.886,2.886,2.886,0.0
2021-11-19,2.875,2.875,2.875,2.875,0.0
2021-11-22,2.837,2.837,2.837,2.837,0.0
2021-11-23,2.884,2.884,2.884,2.884,0.0
2021-11-24,2.908,2.908,2.908,2.908,0.0
2021-11-26,2.947,2.947,2.947,2.947,0.0
2021-11-29,2.936,2.936,2.936,2.936,0.0
2021-11-30,2.909,2.909,2.909,2.909,0.0
2021-12-01,2.897,2.897,2.897,2.897,0.0
2021-12-02,2.901,2.901,2.901,2.901,0.0
2021-12-03,2.911,2.911,2.911,2.911,0.0
2021-12-06,2.873,2.873,2.873,2.873,0.0
2021-12-07,2.877,2.877,2.877,2.877,0.0
2021-12-08,2.836,2.836,2.836,2.836,0.0
2021-12-09,2.893,2.893,2.893,2.893,5.0
2021-12-10,2.906,2.906,2.906,2.906,0.0
2021-12-13,2.81,2.81,2.81,2.81,0.0
2021-12-14,2.861,2.861,2.861,2.861,0.0
2021-12-15,2.856,2.856,2.856,2.856,0.0
2021-12-16,2.86,2.863,2.86,2.863,1.0
2021-12-17,2.883,2.883,2.883,2.883,0.0
2021-12-20,2.898,2.898,2.898,2.898,0.0
2021-12-21,2.882,2.882,2.882,2.882,0.0
2021-12-22,2.883,2.883,2.883,2.883,0.0
2021-12-23,2.846,2.846,2.846,2.846,0.0
2021-12-27,2.832,2.832,2.832,2.832,0.0
2021-12-28,2.848,2.848,2.848,2.848,0.0
2021-12-29,2.864,2.864,2.864,2.864,0.0
2021-12-30,2.847,2.847,2.847,2.847,0.0
2021-12-31,2.85,2.85,2.85,2.85,0.0
2022-01-03,2.862,2.862,2.862,2.862,0.0
2022-01-04,2.849,2.849,2.849,2.849,0.0
2022-01-05,2.857,2.857,2.857,2.857,0.0
2022-01-06,2.871,2.871,2.871,2.871,0.0
2022-01-07,2.904,2.904,2.904,2.904,0.0
2022-01-10,2.909,2.909,2.909,2.909,0.0
2022-01-11,2.898,2.898,2.898,2.898,0.0
2022-01-12,2.906,2.906,2.873,2.873,2.0
2022-01-13,2.876,2.876,2.876,2.876,0.0
2022-01-14,2.852,2.852,2.852,2.852,0.0
2022-01-18,2.871,2.871,2.871,2.871,0.0
2022-01-19,2.887,2.887,2.887,2.887,0.0
2022-01-20,2.88,2.88,2.88,2.88,6.0
2022-01-21,2.881,2.881,2.881,2.881,0.0
2022-01-24,2.887,2.887,2.887,2.887,0.0
2022-01-25,2.907,2.907,2.907,2.907,0.0
2022-01-26,2.908,2.908,2.908,2.908,0.0
2022-01-27,2.893,2.893,2.893,2.893,0.0
2022-01-28,2.901,2.901,2.901,2.901,0.0
2022-01-31,2.91,2.91,2.91,2.91,0.0
2022-02-01,2.895,2.895,2.895,2.895,0.0
2022-02-02,2.914,2.914,2.914,2.914,0.0
2022-02-03,2.905,2.905,2.905,2.905,25.0
2022-02-04,2.956,2.956,2.956,2.956,15.0
2022-02-07,2.956,2.956,2.956,2.956,0.0
2022-02-08,2.973,2.973,2.973,2.973,36.0
2022-02-09,2.96,2.96,2.96,2.96,0.0
2022-02-10,2.965,2.965,2.965,2.965,35.0
2022-02-11,3.005,3.005,3.005,3.005,0.0
2022-02-14,3.037,3.037,3.037,3.037,10.0
2022-02-15,3.025,3.025,3.025,3.025,0.0
2022-02-16,3.054,3.054,3.054,3.054,0.0
2022-02-17,3.031,3.031,3.031,3.031,310.0
2022-02-18,3.031,3.031,3.031,3.031,0.0
2022-02-22,3.069,3.069,3.069,3.069,815.0
2022-02-23,3.131,3.131,3.131,3.131,19.0
2022-02-24,3.124,3.124,3.124,3.124,19.0
2022-02-25,3.069,3.069,3.016,3.016,4.0
2022-02-28,3.069,3.069,3.026,3.026,1.0
2022-03-01,3.094,3.094,3.094,3.094,0.0
2022-03-02,3.126,3.126,3.126,3.126,30.0
2022-03-03,3.134,3.134,3.134,3.134,0.0
2022-03-04,3.187,3.187,3.187,3.187,10.0
2022-03-07,3.206,3.206,3.206,3.206,0.0
2022-03-08,3.216,3.216,3.216,3.216,5.0
2022-03-09,3.165,3.165,3.165,3.165,6.0
2022-03-10,3.161,3.161,3.161,3.161,0.0
2022-03-11,3.219,3.219,3.171,3.171,1.0
2022-03-14,3.192,3.192,3.192,3.192,0.0
2022-03-15,3.211,3.211,3.211,3.211,5.0
2022-03-16,3.193,3.193,3.193,3.193,3.0
2022-03-17,3.21,3.21,3.21,3.21,0.0
2022-03-18,3.188,3.188,3.188,3.188,0.0
2022-03-21,3.173,3.173,3.173,3.173,1000.0
2022-03-22,3.184,3.184,3.184,3.184,7.0
2022-03-23,3.195,3.195,3.195,3.195,0.0
2022-03-24,3.231,3.231,3.221,3.221,1.0
2022-03-25,3.29,3.29,3.29,3.29,0.0
2022-03-28,3.358,3.358,3.354,3.354,30.0
2022-03-29,3.358,3.358,3.358,3.358,5.0
2022-03-30,3.445,3.445,3.445,3.445,24.0
2022-03-31,3.505,3.505,3.505,3.505,19.0
2022-04-01,3.552,3.552,3.552,3.552,0.0
2022-04-04,3.619,3.619,3.619,3.619,19.0
2022-04-05,3.698,3.698,3.698,3.698,54.0
2022-04-06,3.7,3.75,3.7,3.75,118.0
2022-04-07,3.75,3.75,3.728,3.728,24.0
2022-04-08,3.75,3.75,3.75,3.75,5.0
2022-04-11,3.799,3.799,3.799,3.799,4.0
2022-04-12,3.821,3.821,3.821,3.821,12.0
2022-04-13,3.829,3.829,3.829,3.829,11.0
2022-04-14,3.811,3.811,3.811,3.811,2.0
2022-04-18,3.846,3.846,3.846,3.846,3.0
2022-04-19,3.834,3.834,3.834,3.834,0.0
2022-04-20,3.81,3.81,3.81,3.81,2.0
2022-04-21,3.718,3.718,3.718,3.718,12.0
2022-04-22,3.545,3.545,3.545,3.545,0.0
2022-04-25,3.515,3.515,3.515,3.515,9.0
2022-04-26,3.596,3.596,3.596,3.596,34.0
2022-04-27,3.6,3.657,3.573,3.573,48.0
2022-04-28,3.556,3.556,3.556,3.556,37.0
2022-04-29,3.59,3.59,3.59,3.59,0.0
2022-05-02,3.675,3.698,3.675,3.698,10.0
2022-05-03,3.799,3.827,3.717,3.717,9.0
2022-05-04,3.792,3.792,3.792,3.792,1.0
2022-05-05,3.81,3.81,3.81,3.81,5.0
2022-05-06,3.757,3.757,3.757,3.757,2.0
2022-05-09,3.634,3.634,3.634,3.634,34.0
2022-05-10,3.661,3.661,3.661,3.661,12.0
2022-05-11,3.72,3.72,3.72,3.72,10.0
2022-05-12,3.73,3.73,3.73,3.73,2.0
2022-05-13,3.824,3.824,3.77,3.77,32.0
2022-05-16,3.8,3.85,3.8,3.82,10.0
2022-05-17,3.859,3.859,3.859,3.859,0.0
2022-05-18,3.907,3.907,3.907,3.907,1.0
2022-05-19,3.86,3.887,3.846,3.846,3.0
2022-05-20,3.842,3.842,3.842,3.842,0.0
2022-05-23,3.883,3.883,3.883,3.883,0.0
2022-05-24,3.858,3.858,3.858,3.858,1.0
2022-05-25,3.898,3.898,3.898,3.898,0.0
2022-05-26,3.952,3.952,3.952,3.952,7.0
2022-05-27,3.976,3.976,3.976,3.976,11.0
2022-05-31,3.903,3.903,3.903,3.903,0.0
2022-06-01,4.077,4.077,4.077,4.077,0.0
2022-06-02,4.114,4.114,4.114,4.114,0.0
2022-06-03,4.181,4.181,4.181,4.181,0.0
2022-06-06,4.327,4.327,4.327,4.327,15.0
2022-06-07,4.393,4.393,4.393,4.393,100.0
2022-06-08,4.516,4.516,4.516,4.516,10.0
2022-06-09,4.613,4.613,4.613,4.613,5.0
2022-06-10,4.62,4.678,4.62,4.678,1.0
2022-06-13,4.621,4.621,4.621,4.621,1.0
2022-06-14,4.539,4.539,4.539,4.539,27.0
2022-06-15,4.667,4.667,4.579,4.579,116.0
2022-06-16,4.545,4.545,4.545,4.545,0.0
2022-06-17,4.347,4.347,4.347,4.347,7.0
2022-06-21,4.334,4.334,4.334,4.334,4.0
2022-06-22,4.383,4.383,4.383,4.383,0.0
2022-06-23,4.326,4.326,4.326,4.326,15.0
2022-06-24,4.225,4.225,4.225,4.225,40.0
2022-06-27,4.267,4.267,4.267,4.267,41.0
2022-06-28,4.237,4.237,4.237,4.237,66.0
2022-06-29,4.259,4.259,4.259,4.259,0.0
2022-06-30,4.014,4.014,4.014,4.014,11.0
2022-07-01,4.022,4.022,4.022,4.022,42.0
2022-07-05,3.889,3.889,3.889,3.889,0.0
2022-07-06,3.981,3.981,3.981,3.981,115.0
2022-07-07,4.079,4.079,4.079,4.079,10.0
2022-07-08,4.048,4.048,4.048,4.048,2.0
2022-07-11,4.12,4.12,4.12,4.12,24.0
2022-07-12,4.051,4.051,4.051,4.051,0.0
2022-07-13,4.138,4.138,4.138,4.138,0.0
2022-07-14,4.06,4.06,4.06,4.06,0.0
2022-07-15,4.134,4.134,4.134,4.134,0.0
2022-07-18,4.133,4.133,4.133,4.133,15.0
2022-07-19,4.124,4.124,4.124,4.124,0.0
2022-07-20,4.267,4.267,4.267,4.267,10.0
2022-07-21,4.172,4.172,4.172,4.172,10.0
2022-07-22,4.19,4.19,4.19,4.19,0.0
2022-07-25,4.246,4.246,4.246,4.246,0.0
2022-07-26,4.254,4.254,4.254,4.254,0.0
2022-07-27,4.252,4.252,4.252,4.252,5.0
2022-07-28,4.19,4.19,4.19,4.19,5.0
2022-07-29,4.193,4.193,4.193,4.193,0.0
2022-08-01,4.171,4.171,4.171,4.171,0.0
2022-08-02,4.158,4.158,4.158,4.158,0.0
2022-08-03,4.21,4.21,4.179,4.179,1.0
2022-08-04,4.15,4.15,4.15,4.15,5.0
2022-08-05,4.181,4.181,4.181,4.181,50.0
2022-08-08,4.143,4.143,4.143,4.143,0.0
2022-08-09,4.176,4.176,4.176,4.176,0.0
2022-08-10,4.217,4.217,4.217,4.217,25.0
2022-08-11,4.321,4.321,4.321,4.321,50.0
2022-08-12,4.302,4.302,4.302,4.302,0.0
2022-08-15,4.37,4.4,4.37,4.393,56.0
2022-08-16,4.46,4.46,4.432,4.432,1.0
2022-08-17,4.405,4.405,4.405,4.405,23.0
2022-08-18,4.411,4.411,4.411,4.411,0.0
2022-08-19,4.45,4.45,4.427,4.427,1.0
2022-08-22,4.48,4.486,4.48,4.486,2.0
2022-08-23,4.48,4.48,4.478,4.478,12.0
2022-08-24,4.48,4.48,4.48,4.48,0.0
2022-08-25,4.542,4.542,4.542,4.542,0.0
2022-08-26,4.553,4.554,4.553,4.554,6.0
2022-08-29,4.565,4.588,4.565,4.567,1.0
2022-08-30,4.574,4.574,4.574,4.574,8.0
2022-08-31,4.626,4.626,4.626,4.626,7.0
2022-09-01,4.694,4.694,4.694,4.694,0.0
2022-09-02,4.72,4.72,4.72,4.72,10.0
2022-09-06,4.705,4.705,4.677,4.677,7.0
2022-09-07,4.551,4.551,4.551,4.551,1.0
2022-09-08,4.491,4.491,4.491,4.491,0.0
2022-09-09,4.546,4.546,4.546,4.546,15.0
2022-09-12,4.578,4.578,4.578,4.578,0.0
2022-09-13,4.609,4.609,4.609,4.609,0.0
2022-09-14,4.69,4.69,4.69,4.69,0.0
2022-09-15,4.644,4.644,4.644,4.644,0.0
2022-09-16,4.582,4.582,4.582,4.582,0.0
2022-09-19,4.538,4.538,4.538,4.538,7.0
2022-09-20,4.507,4.507,4.45,4.488,21.0
2022-09-21,4.384,4.384,4.384,4.384,10.0
2022-09-22,4.284,4.284,4.284,4.284,0.0
2022-09-23,4.274,4.274,4.274,4.274,0.0
2022-09-26,4.199,4.199,4.199,4.199,19.0
2022-09-27,4.201,4.201,4.201,4.201,5.0
2022-09-28,4.23,4.23,4.23,4.23,0.0
2022-09-29,4.283,4.283,4.283,4.283,21.0
2022-09-30,4.264,4.264,4.264,4.264,26.0
2022-10-03,4.242,4.242,4.242,4.242,42.0
2022-10-04,4.233,4.233,4.233,4.233,0.0
2022-10-05,4.19,4.19,4.19,4.19,0.0
2022-10-06,4.164,4.164,4.164,4.164,1.0
2022-10-07,4.2,4.2,4.18,4.18,55.0
2022-10-10,4.19,4.19,4.19,4.19,33.0
2022-10-11,4.213,4.213,4.213,4.213,1.0
2022-10-12,4.209,4.209,4.17,4.17,5.0
2022-10-13,4.179,4.179,4.179,4.179,2.0
2022-10-14,4.206,4.206,4.206,4.206,10.0
2022-10-17,4.2,4.206,4.2,4.206,6.0
2022-10-18,4.148,4.148,4.148,4.148,0.0
2022-10-19,4.116,4.116,4.116,4.116,15.0
2022-10-20,4.09,4.123,4.09,4.123,3.0
2022-10-21,4.073,4.073,4.058,4.058,23.0
2022-10-24,4.093,4.093,4.093,4.093,0.0
2022-10-25,4.093,4.093,4.093,4.093,0.0
2022-10-26,4.138,4.138,4.138,4.138,0.0
2022-10-27,4.131,4.131,4.131,4.131,20.0
2022-10-28,4.111,4.111,4.111,4.111,0.0
2022-10-31,4.157,4.157,4.157,4.157,0.0
2022-11-01,4.122,4.122,4.122,4.122,28.0
2022-11-02,4.161,4.161,4.161,4.161,0.0
2022-11-03,4.18,4.18,4.18,4.18,50.0
2022-11-04,4.248,4.248,4.248,4.248,143.0
2022-11-07,4.264,4.264,4.264,4.264,22.0
2022-11-08,4.197,4.197,4.197,4.197,0.0
2022-11-09,4.211,4.211,4.211,4.211,0.0
2022-11-10,4.211,4.211,4.211,4.211,0.0
2022-11-11,4.227,4.227,4.227,4.227,0.0
2022-11-14,4.191,4.191,4.191,4.191,1.0
2022-11-15,4.242,4.242,4.215,4.215,1.0
2022-11-16,4.25,4.25,4.244,4.244,1.0
2022-11-17,4.241,4.241,4.241,4.241,18.0
2022-11-18,4.257,4.257,4.257,4.257,1.0
2022-11-21,4.217,4.217,4.217,4.217,0.0
2022-11-22,4.241,4.241,4.241,4.241,0.0
2022-11-23,4.195,4.195,4.195,4.195,0.0
2022-11-25,4.189,4.189,4.189,4.189,0.0
2022-11-28,4.155,4.155,4.136,4.136,5.0
2022-11-29,4.169,4.169,4.169,4.169,15.0
2022-11-30,4.14,4.22,4.14,4.192,12.0
2022-12-01,4.197,4.197,4.197,4.197,7.0
2022-12-02,4.162,4.162,4.162,4.162,30.0
2022-12-05,4.131,4.131,4.131,4.131,0.0
2022-12-06,4.16,4.16,4.16,4.16,248.0
2022-12-07,4.165,4.165,4.165,4.165,125.0
2022-12-08,4.168,4.168,4.168,4.168,147.0
2022-12-09,4.172,4.172,4.172,4.172,0.0
2022-12-12,4.165,4.165,4.165,4.165,0.0
2022-12-13,4.18,4.18,4.18,4.18,0.0
2022-12-14,4.169,4.169,4.169,4.169,0.0
2022-12-15,4.184,4.184,4.184,4.184,0.0
2022-12-16,4.225,4.225,4.225,4.225,0.0
2022-12-19,4.259,4.265,4.259,4.265,1.0
2022-12-20,4.235,4.235,4.235,4.235,0.0
2022-12-21,4.152,4.152,4.152,4.152,10.0
2022-12-22,4.099,4.099,4.099,4.099,0.0
2022-12-23,4.066,4.066,4.066,4.066,0.0
2022-12-27,4.129,4.129,4.129,4.129,0.0
2022-12-28,4.063,4.063,4.063,4.063,2.0
2022-12-29,4.011,4.011,4.011,4.011,0.0
2022-12-30,4.01,4.01,4.01,4.01,5.0
2023-01-03,3.925,3.925,3.925,3.925,0.0
2023-01-04,3.928,3.928,3.928,3.928,0.0
2023-01-05,3.812,3.812,3.812,3.812,0.0
2023-01-06,3.817,3.817,3.777,3.777,1.0
2023-01-09,3.834,3.834,3.834,3.834,0.0
2023-01-10,3.786,3.786,3.786,3.786,0.0
2023-01-11,3.815,3.815,3.815,3.815,0.0
2023-01-12,3.817,3.817,3.817,3.817,0.0
2023-01-13,3.825,3.825,3.825,3.825,15.0
2023-01-17,3.841,3.841,3.841,3.841,10.0
2023-01-18,3.824,3.824,3.824,3.824,0.0
2023-01-19,3.865,3.865,3.865,3.865,0.0
2023-01-20,3.876,3.876,3.876,3.876,2.0
2023-01-23,3.832,3.866,3.83,3.866,9.0
2023-01-24,3.811,3.811,3.811,3.811,48.0
2023-01-25,3.783,3.783,3.783,3.783,56.0
2023-01-26,3.777,3.777,3.777,3.777,125.0
2023-01-27,3.84,3.84,3.789,3.789,9.0
2023-01-30,3.712,3.712,3.712,3.712,18.0
2023-01-31,3.701,3.701,3.701,3.701,5.0
2023-02-01,3.7,3.7,3.59,3.59,27.0
2023-02-02,3.548,3.55,3.531,3.531,15.0
2023-02-03,3.513,3.513,3.513,3.513,74.0
2023-02-06,3.487,3.487,3.487,3.487,71.0
2023-02-07,3.583,3.583,3.583,3.583,119.0
2023-02-08,3.556,3.556,3.556,3.556,0.0
2023-02-09,3.497,3.497,3.497,3.497,10.0
2023-02-10,3.507,3.507,3.507,3.507,0.0
2023-02-13,3.477,3.477,3.477,3.477,1.0
2023-02-14,3.506,3.506,3.506,3.506,0.0
2023-02-15,3.503,3.503,3.503,3.503,1.0
2023-02-16,3.503,3.503,3.503,3.503,2.0
2023-02-17,3.461,3.461,3.461,3.461,0.0
2023-02-21,3.421,3.421,3.374,3.374,1.0
2023-02-22,3.381,3.381,3.381,3.381,0.0
2023-02-23,3.411,3.411,3.411,3.411,40.0
2023-02-24,3.486,3.486,3.486,3.486,8.0
2023-02-27,3.507,3.507,3.507,3.507,28.0
2023-02-28,3.505,3.575,3.505,3.575,97.0
2023-03-01,3.605,3.702,3.605,3.702,2377.0
2023-03-02,3.75,3.75,3.75,3.75,58.0
2023-03-03,3.81,3.819,3.81,3.819,15.0
2023-03-06,3.851,3.851,3.851,3.851,2.0
2023-03-07,4.036,4.036,4.036,4.036,452.0
2023-03-08,3.978,3.978,3.978,3.978,13.0
2023-03-09,3.891,3.891,3.891,3.891,11.0
2023-03-10,3.946,3.946,3.946,3.946,21.0
2023-03-13,3.942,3.951,3.942,3.951,66.0
2023-03-14,3.94,3.984,3.94,3.984,28.0
2023-03-15,3.91,3.91,3.91,3.91,3.0
2023-03-16,3.959,3.959,3.959,3.959,0.0
2023-03-17,3.916,3.916,3.897,3.897,17.0
2023-03-20,3.827,3.827,3.827,3.827,0.0
2023-03-21,3.965,3.965,3.965,3.965,0.0
2023-03-22,3.923,3.923,3.923,3.923,0.0
2023-03-23,3.977,3.977,3.977,3.977,595.0
2023-03-24,3.958,3.958,3.958,3.958,1.0
2023-03-27,3.966,3.97,3.945,3.945,25.0
2023-03-28,3.885,3.885,3.885,3.885,0.0
2023-03-29,3.845,3.906,3.845,3.906,25.0
2023-03-30,3.892,3.892,3.892,3.892,81.0
2023-03-31,3.953,3.953,3.953,3.953,2.0
2023-04-03,3.903,3.903,3.903,3.903,293.0
2023-04-04,3.903,3.912,3.903,3.912,9.0
2023-04-05,3.863,3.863,3.863,3.863,43.0
2023-04-06,3.796,3.796,3.796,3.796,12.0
2023-04-10,3.874,3.874,3.874,3.874,97.0
2023-04-11,3.89,3.89,3.89,3.89,75.0
2023-04-12,3.81,3.81,3.81,3.81,45.0
2023-04-13,3.78,3.78,3.744,3.744,11.0
2023-04-14,3.768,3.768,3.768,3.768,9.0
2023-04-17,3.863,3.863,3.863,3.863,166.0
2023-04-18,3.878,3.888,3.878,3.884,154.0
2023-04-19,3.872,3.872,3.872,3.872,6.0
2023-04-20,3.893,3.893,3.893,3.893,14.0
2023-04-21,3.9,3.905,3.9,3.905,46.0
2023-04-24,3.966,3.966,3.966,3.966,0.0
2023-04-25,3.948,3.948,3.948,3.948,502.0
2023-04-26,3.923,3.923,3.923,3.923,514.0
2023-04-27,3.927,3.927,3.927,3.927,1.0
2023-04-28,3.927,3.947,3.927,3.947,5.0
2023-05-01,3.93,3.93,3.906,3.906,10.0
2023-05-02,3.882,3.882,3.882,3.882,219.0
2023-05-03,3.85,3.85,3.85,3.85,1.0
2023-05-04,3.845,3.845,3.845,3.845,5.0
2023-05-05,3.875,3.875,3.875,3.875,0.0
2023-05-08,3.864,3.864,3.864,3.864,0.0
2023-05-09,3.83,3.882,3.83,3.882,21.0
2023-05-10,3.842,3.842,3.842,3.842,23.0
2023-05-11,3.836,3.836,3.836,3.836,0.0
2023-05-12,3.828,3.828,3.828,3.828,49.0
2023-05-15,3.854,3.854,3.854,3.854,560.0
2023-05-16,3.88,3.88,3.819,3.819,73.0
2023-05-17,3.828,3.828,3.788,3.79,509.0
2023-05-18,3.835,3.846,3.835,3.846,252.0
2023-05-19,3.808,3.808,3.808,3.808,122.0
2023-05-22,3.761,3.761,3.761,3.761,0.0
2023-05-23,3.73,3.732,3.723,3.732,12.0
2023-05-24,3.77,3.794,3.77,3.794,100.0
2023-05-25,3.78,3.78,3.765,3.765,38.0
2023-05-26,3.798,3.822,3.795,3.795,46.0
2023-05-30,3.739,3.739,3.739,3.739,27.0
2023-05-31,3.705,3.724,3.651,3.651,57.0
2023-06-01,3.616,3.616,3.616,3.616,2016.0
2023-06-02,3.64,3.64,3.64,3.64,24.0
2023-06-05,3.672,3.672,3.661,3.661,256.0
2023-06-06,3.636,3.636,3.636,3.636,3.0
2023-06-07,3.649,3.65,3.648,3.648,48.0
2023-06-08,3.625,3.636,3.625,3.636,204.0
2023-06-09,3.59,3.605,3.59,3.605,6.0
2023-06-12,3.6,3.6,3.592,3.592,1.0
2023-06-13,3.631,3.655,3.622,3.622,38.0
2023-06-14,3.626,3.652,3.626,3.652,84.0
2023-06-15,3.683,3.683,3.683,3.683,518.0
2023-06-16,3.655,3.68,3.651,3.667,75.0
2023-06-20,3.708,3.712,3.653,3.653,54.0
2023-06-21,3.695,3.696,3.695,3.696,6.0
2023-06-22,3.703,3.713,3.694,3.713,11.0
2023-06-23,3.717,3.725,3.707,3.707,548.0
2023-06-26,3.682,3.682,3.676,3.676,118.0
2023-06-27,3.687,3.687,3.671,3.671,387.0
2023-06-28,3.657,3.686,3.637,3.651,145.0
2023-06-29,3.631,3.631,3.612,3.612,107.0
2023-06-30,3.64,3.647,3.639,3.639,139.0
2023-07-03,3.625,3.644,3.625,3.64,3.0
2023-07-05,3.657,3.663,3.611,3.611,32.0
2023-07-06,3.61,3.64,3.61,3.64,43.0
2023-07-07,3.65,3.651,3.641,3.641,15.0
2023-07-10,3.648,3.648,3.639,3.646,21.0
2023-07-11,3.665,3.672,3.648,3.648,37.0
2023-07-12,3.635,3.635,3.588,3.634,44.0
2023-07-13,3.606,3.62,3.606,3.62,2.0
2023-07-14,3.628,3.628,3.627,3.627,67.0
2023-07-17,3.611,3.611,3.611,3.611,24.0
2023-07-18,3.663,3.688,3.63,3.641,396.0
2023-07-19,3.596,3.601,3.59,3.601,649.0
2023-07-20,3.603,3.627,3.603,3.627,431.0
2023-07-21,3.651,3.659,3.633,3.65,734.0
2023-07-24,3.665,3.669,3.64,3.668,34.0
2023-07-25,3.703,3.713,3.66,3.682,180.0
2023-07-26,3.679,3.686,3.674,3.674,140.0
2023-07-27,3.658,3.661,3.647,3.661,434.0
2023-07-28,3.655,3.706,3.641,3.655,153.0
2023-07-31,3.651,3.678,3.628,3.655,8.0
2023-08-01,3.651,3.651,3.619,3.636,217.0
2023-08-02,3.611,3.628,3.611,3.628,246.0
2023-08-03,3.635,3.635,3.602,3.623,29.0
2023-08-04,3.613,3.62,3.597,3.612,45.0
2023-08-07,3.643,3.646,3.637,3.646,40.0
2023-08-08,3.675,3.683,3.652,3.66,227.0
2023-08-09,3.709,3.709,3.657,3.657,531.0
2023-08-10,3.649,3.662,3.649,3.656,21.0
2023-08-11,3.69,3.69,3.656,3.679,25.0
2023-08-14,3.679,3.686,3.679,3.683,134.0
2023-08-15,3.701,3.702,3.666,3.693,112.0
2023-08-16,3.673,3.677,3.649,3.669,282.0
2023-08-17,3.67,3.679,3.67,3.677,73.0
2023-08-18,3.643,3.659,3.643,3.649,152.0
2023-08-21,3.653,3.677,3.653,3.668,61.0
2023-08-22,3.67,3.67,3.648,3.657,40.0
2023-08-23,3.651,3.66,3.647,3.652,53.0
2023-08-24,3.655,3.655,3.633,3.651,154.0
2023-08-25,3.66,3.66,3.66,3.66,221.0
2023-08-28,3.676,3.68,3.635,3.644,250.0
2023-08-29,3.627,3.631,3.612,3.614,37.0
2023-08-30,3.615,3.632,3.603,3.63,435.0
2023-08-31,3.615,3.651,3.615,3.624,713.0
2023-09-01,3.626,3.648,3.626,3.631,9.0
2023-09-05,3.618,3.618,3.603,3.613,150.0
2023-09-06,3.602,3.629,3.598,3.62,399.0
2023-09-07,3.633,3.646,3.595,3.607,215.0
2023-09-08,3.598,3.607,3.592,3.607,91.0
2023-09-11,3.595,3.597,3.586,3.587,167.0
2023-09-12,3.61,3.619,3.61,3.619,213.0
2023-09-13,3.609,3.625,3.605,3.625,145.0
2023-09-14,3.603,3.603,3.588,3.595,167.0
2023-09-15,3.592,3.592,3.578,3.582,64.0
2023-09-18,3.61,3.61,3.578,3.609,59.0
2023-09-19,3.616,3.637,3.608,3.621,258.0
2023-09-20,3.618,3.619,3.604,3.609,627.0
2023-09-21,3.596,3.609,3.594,3.609,514.0
2023-09-22,3.607,3.638,3.607,3.638,310.0
2023-09-25,3.636,3.643,3.627,3.633,723.0
2023-09-26,3.615,3.631,3.612,3.626,945.0
2023-09-27,3.637,3.637,3.611,3.621,109.0
2023-09-28,3.623,3.645,3.623,3.637,175.0
2023-09-29,3.63,3.646,3.619,3.625,212.0
2023-10-02,3.613,3.616,3.608,3.609,100.0
2023-10-03,3.621,3.65,3.621,3.649,690.0
2023-10-04,3.652,3.678,3.652,3.675,2527.0
2023-10-05,3.678,3.699,3.678,3.699,1227.0
2023-10-06,3.721,3.735,3.697,3.735,680.0
2023-10-09,3.778,3.779,3.739,3.745,701.0
2023-10-10,3.758,3.766,3.736,3.764,451.0
2023-10-11,3.781,3.781,3.75,3.765,238.0
2023-10-12,3.765,3.794,3.763,3.789,335.0
2023-10-13,3.789,3.789,3.765,3.789,191.0
2023-10-16,3.769,3.775,3.751,3.775,102.0
2023-10-17,3.774,3.786,3.726,3.753,332.0
2023-10-18,3.745,3.767,3.721,3.73,302.0
2023-10-19,3.724,3.732,3.715,3.721,602.0
2023-10-20,3.717,3.73,3.716,3.73,97.0
2023-10-23,3.707,3.737,3.707,3.737,46.0
2023-10-24,3.74,3.746,3.728,3.735,164.0
2023-10-25,3.742,3.76,3.742,3.754,194.0
2023-10-26,3.747,3.774,3.74,3.752,492.0
2023-10-27,3.767,3.767,3.744,3.75,169.0
2023-10-30,3.729,3.75,3.728,3.745,188.0
2023-10-31,3.75,3.795,3.75,3.795,414.0
2023-11-01,3.785,3.818,3.774,3.799,521.0
2023-11-02,3.786,3.864,3.776,3.844,1107.0
2023-11-03,3.868,3.906,3.855,3.856,199.0
2023-11-06,3.817,3.842,3.816,3.838,317.0
2023-11-07,3.823,3.843,3.804,3.821,487.0
2023-11-08,3.815,3.826,3.797,3.826,305.0
2023-11-09,3.79,3.811,3.787,3.808,566.0
2023-11-10,3.78,3.784,3.773,3.784,184.0
2023-11-13,3.793,3.811,3.782,3.809,282.0
2023-11-14,3.805,3.814,3.791,3.811,722.0
2023-11-15,3.832,3.832,3.832,3.832,138.0
2023-11-16,3.775,3.785,3.764,3.785,296.0
2023-11-17,3.75,3.762,3.734,3.741,1832.0
2023-11-20,3.698,3.702,3.681,3.695,576.0
2023-11-21,3.684,3.684,3.62,3.635,740.0
2023-11-22,3.6,3.616,3.589,3.615,466.0
2023-11-24,3.606,3.653,3.606,3.653,172.0
2023-11-27,3.627,3.651,3.617,3.651,1122.0
2023-11-28,3.643,3.654,3.605,3.633,540.0
2023-11-29,3.614,3.616,3.598,3.614,349.0
2023-11-30,3.599,3.599,3.575,3.596,381.0
2023-12-01,3.586,3.608,3.56,3.584,199.0
2023-12-04,3.526,3.541,3.478,3.487,815.0
2023-12-05,3.475,3.5,3.457,3.483,464.0
2023-12-06,3.45,3.471,3.306,3.317,1345.0
2023-12-07,3.281,3.3,3.248,3.293,1740.0
2023-12-08,3.263,3.277,3.174,3.244,736.0
2023-12-11,3.17,3.17,3.091,3.15,2365.0
2023-12-12,3.112,3.136,3.09,3.1,874.0
2023-12-13,3.087,3.22,3.087,3.182,752.0
2023-12-14,3.167,3.228,3.162,3.22,1400.0
2023-12-15,3.209,3.28,3.209,3.277,468.0
2023-12-18,3.279,3.328,3.255,3.261,354.0
2023-12-19,3.206,3.224,3.179,3.203,560.0
2023-12-20,3.18,3.213,3.16,3.206,479.0
2023-12-21,3.198,3.285,3.181,3.256,262.0
2023-12-22,3.2,3.23,3.2,3.217,376.0
2023-12-26,3.188,3.226,3.187,3.191,333.0
2023-12-27,3.233,3.256,3.198,3.21,217.0
2023-12-28,3.201,3.287,3.201,3.27,1071.0
2023-12-29,3.261,3.284,3.246,3.257,869.0
2024-01-02,3.275,3.3,3.275,3.297,298.0
2024-01-03,3.298,3.327,3.28,3.314,485.0
2024-01-04,3.35,3.371,3.318,3.359,1654.0
2024-01-05,3.379,3.396,3.332,3.396,596.0
2024-01-08,3.381,3.381,3.328,3.372,1280.0
2024-01-09,3.371,3.442,3.352,3.413,1394.0
2024-01-10,3.378,3.419,3.341,3.352,1981.0
2024-01-11,3.356,3.447,3.324,3.378,799.0
2024-01-12,3.387,3.412,3.352,3.382,532.0
2024-01-16,3.318,3.344,3.289,3.311,701.0
2024-01-17,3.304,3.353,3.285,3.353,499.0
2024-01-18,3.331,3.347,3.298,3.321,729.0
2024-01-19,3.312,3.315,3.205,3.239,648.0
2024-01-22,3.211,3.211,3.172,3.189,852.0
2024-01-23,3.189,3.271,3.184,3.256,802.0
2024-01-24,3.258,3.299,3.247,3.294,525.0
2024-01-25,3.29,3.293,3.202,3.239,584.0
2024-01-26,3.237,3.263,3.21,3.262,1031.0
2024-01-29,3.242,3.242,3.151,3.168,1025.0
2024-01-30,3.153,3.21,3.145,3.201,470.0
2024-01-31,3.183,3.223,3.159,3.179,626.0
2024-02-01,3.183,3.203,3.155,3.173,922.0
2024-02-02,3.167,3.205,3.161,3.172,1036.0
2024-02-05,3.164,3.189,3.142,3.172,654.0
2024-02-06,3.155,3.164,3.133,3.146,1155.0
2024-02-07,3.135,3.164,3.128,3.147,567.0
2024-02-08,3.141,3.172,3.131,3.168,1286.0
2024-02-09,3.139,3.192,3.136,3.19,1341.0
2024-02-12,3.178,3.197,3.159,3.185,764.0
2024-02-13,3.177,3.204,3.15,3.168,853.0
2024-02-14,3.173,3.173,3.043,3.068,1022.0
2024-02-15,3.073,3.089,3.002,3.033,2504.0
2024-02-16,3.0,3.038,2.982,3.03,1694.0
2024-02-20,2.99,3.102,2.982,3.031,1386.0
2024-02-21,3.129,3.157,3.106,3.124,2259.0
2024-02-22,3.137,3.162,3.103,3.161,1742.0
2024-02-23,3.142,3.153,3.114,3.117,1133.0
2024-02-26,3.147,3.165,3.138,3.164,1293.0
2024-02-27,3.173,3.218,3.157,3.204,1261.0
2024-02-28,3.206,3.236,3.193,3.229,811.0
2024-02-29,3.23,3.232,3.208,3.229,552.0
2024-03-01,3.215,3.221,3.2,3.219,619.0
2024-03-04,3.241,3.284,3.231,3.269,1236.0
2024-03-05,3.273,3.284,3.245,3.276,647.0
2024-03-06,3.273,3.296,3.267,3.271,890.0
2024-03-07,3.263,3.281,3.241,3.254,1015.0
2024-03-08,3.242,3.269,3.237,3.251,623.0
2024-03-11,3.245,3.258,3.203,3.212,513.0
2024-03-12,3.226,3.232,3.18,3.191,774.0
2024-03-13,3.175,3.208,3.159,3.202,521.0
2024-03-14,3.206,3.232,3.202,3.231,1123.0
2024-03-15,3.232,3.239,3.191,3.191,474.0
2024-03-18,3.224,3.244,3.21,3.244,638.0
2024-03-19,3.242,3.264,3.208,3.248,763.0
2024-03-20,3.236,3.249,3.203,3.213,620.0
2024-03-21,3.173,3.2,3.165,3.19,786.0
2024-03-22,3.177,3.193,3.161,3.181,552.0
2024-03-25,3.154,3.192,3.153,3.187,295.0
2024-03-26,3.191,3.239,3.191,3.218,961.0
2024-03-27,3.22,3.22,3.182,3.201,853.0
2024-03-28,3.211,3.25,3.199,3.241,604.0
2024-04-01,3.245,3.276,3.217,3.276,1095.0
2024-04-02,3.28,3.284,3.24,3.26,1216.0
2024-04-03,3.254,3.263,3.224,3.228,1573.0
2024-04-04,3.226,3.249,3.195,3.197,1677.0
2024-04-05,3.182,3.231,3.182,3.206,1426.0
2024-04-08,3.204,3.239,3.191,3.232,781.0
2024-04-09,3.232,3.278,3.224,3.239,833.0
2024-04-10,3.247,3.272,3.243,3.253,1489.0
2024-04-11,3.254,3.278,3.245,3.273,1430.0
2024-04-12,3.276,3.317,3.263,3.3,1742.0
2024-04-15,3.276,3.285,3.255,3.274,953.0
2024-04-16,3.263,3.313,3.246,3.299,2027.0
2024-04-17,3.262,3.272,3.245,3.265,759.0
2024-04-18,3.259,3.281,3.25,3.268,1412.0
2024-04-19,3.275,3.287,3.262,3.265,1174.0
2024-04-22,3.243,3.289,3.243,3.289,821.0
2024-04-23,3.29,3.329,3.285,3.31,1494.0
2024-04-24,3.339,3.35,3.29,3.302,2095.0
2024-04-25,3.298,3.317,3.288,3.299,1656.0
2024-04-26,3.307,3.327,3.277,3.282,1573.0
2024-04-29,3.29,3.336,3.281,3.303,1915.0
2024-04-30,3.286,3.304,3.262,3.276,2202.0
2024-05-01,3.262,3.262,3.236,3.251,1474.0
2024-05-02,3.259,3.263,3.224,3.249,2900.0
2024-05-03,3.241,3.261,3.226,3.259,1937.0
2024-05-06,3.257,3.289,3.228,3.253,2407.0
2024-05-07,3.24,3.26,3.217,3.235,2583.0
2024-05-08,3.228,3.262,3.193,3.2,2421.0
2024-05-09,3.186,3.186,3.128,3.135,4355.0
2024-05-10,3.155,3.156,3.115,3.138,1762.0
2024-05-13,3.14,3.162,3.114,3.162,2686.0
2024-05-14,3.154,3.186,3.14,3.167,1958.0
2024-05-15,3.186,3.226,3.18,3.22,2897.0
2024-05-16,3.223,3.26,3.213,3.259,3944.0
2024-05-17,3.292,3.296,3.259,3.267,3027.0
2024-05-20,3.289,3.31,3.276,3.305,2130.0
2024-05-21,3.313,3.317,3.24,3.273,3265.0
2024-05-22,3.237,3.363,3.236,3.363,4285.0
2024-05-23,3.334,3.435,3.294,3.323,4551.0
2024-05-24,3.32,3.365,3.243,3.262,2437.0
2024-05-28,3.264,3.301,3.22,3.278,2666.0
2024-05-29,3.259,3.273,3.218,3.23,4256.0
2024-05-30,3.215,3.233,3.189,3.211,3763.0
2024-05-31,3.205,3.231,3.178,3.228,2167.0
2024-06-03,3.251,3.291,3.207,3.262,3842.0
2024-06-04,3.241,3.288,3.194,3.206,2763.0
2024-06-05,3.224,3.313,3.196,3.307,4127.0
2024-06-06,3.292,3.342,3.28,3.32,3782.0
2024-06-07,3.324,3.375,3.301,3.36,6600.0
2024-06-10,3.398,3.448,3.343,3.374,6719.0
2024-06-11,3.41,3.476,3.386,3.463,5916.0
2024-06-12,3.455,3.479,3.4,3.435,6893.0
2024-06-13,3.433,3.478,3.339,3.393,5223.0
2024-06-14,3.371,3.396,3.343,3.351,3460.0
2024-06-17,3.322,3.346,3.298,3.335,3062.0
2024-06-18,3.341,3.389,3.319,3.377,2845.0
2024-06-20,3.388,3.389,3.318,3.337,3219.0
2024-06-21,3.322,3.327,3.272,3.302,7046.0
2024-06-24,3.274,3.316,3.259,3.311,4688.0
2024-06-25,3.293,3.302,3.261,3.267,6358.0
2024-06-26,3.26,3.277,3.235,3.26,3881.0
2024-06-27,3.247,3.272,3.201,3.207,2711.0
2024-06-28,3.22,3.222,3.182,3.212,3087.0
2024-07-01,3.21,3.213,3.173,3.191,1918.0
2024-07-02,3.183,3.217,3.172,3.19,2384.0
2024-07-03,3.195,3.209,3.181,3.195,3845.0
2024-07-05,3.189,3.199,3.15,3.157,2192.0
2024-07-08,3.158,3.193,3.139,3.169,2205.0
2024-07-09,3.153,3.19,3.14,3.158,2635.0
2024-07-10,3.148,3.163,3.117,3.145,1918.0
2024-07-11,3.133,3.134,3.102,3.11,4070.0
2024-07-12,3.115,3.135,3.092,3.124,1269.0
2024-07-15,3.099,3.101,3.058,3.076,4253.0
2024-07-16,3.062,3.106,3.056,3.077,3543.0
2024-07-17,3.079,3.091,3.003,3.004,3912.0
2024-07-18,3.009,3.069,3.009,3.055,1840.0
2024-07-19,3.052,3.115,3.04,3.112,2548.0
2024-07-22,3.142,3.168,3.109,3.167,3511.0
2024-07-23,3.162,3.175,3.086,3.126,3204.0
2024-07-24,3.088,3.109,3.054,3.078,1593.0
2024-07-25,3.072,3.078,3.003,3.006,3980.0
2024-07-26,3.014,3.028,2.996,3.015,2337.0
2024-07-29,3.016,3.029,2.983,2.996,3020.0
2024-07-30,2.994,3.017,2.962,3.014,4255.0
2024-07-31,3.002,3.025,2.972,3.006,1299.0
2024-08-01,3.012,3.046,2.964,2.964,3270.0
2024-08-02,2.968,2.997,2.949,2.969,1396.0
2024-08-05,2.937,2.975,2.909,2.94,2944.0
2024-08-06,2.936,2.978,2.915,2.951,4012.0
2024-08-07,2.955,3.043,2.952,3.029,2501.0
2024-08-08,3.03,3.133,3.021,3.098,2876.0
2024-08-09,3.111,3.138,3.099,3.135,3642.0
2024-08-12,3.169,3.176,3.117,3.148,3081.0
2024-08-13,3.135,3.161,3.09,3.101,2799.0
2024-08-14,3.102,3.152,3.095,3.112,2987.0
2024-08-15,3.122,3.138,3.1,3.112,2392.0
2024-08-16,3.106,3.106,3.019,3.022,4016.0
2024-08-19,3.006,3.071,3.004,3.058,3347.0
2024-08-20,3.063,3.091,3.03,3.082,4825.0
2024-08-21,3.089,3.112,3.068,3.093,1381.0
2024-08-22,3.089,3.1,3.026,3.056,2948.0
2024-08-23,3.058,3.064,3.022,3.038,1746.0
2024-08-26,3.03,3.051,3.015,3.027,2572.0
2024-08-27,3.015,3.039,2.994,3.011,3137.0
2024-08-28,2.998,3.033,2.97,3.008,2834.0
2024-08-29,3.01,3.012,2.954,2.998,4108.0
2024-08-30,2.989,2.996,2.96,2.979,2686.0
2024-09-03,3.002,3.014,2.937,2.998,4135.0
2024-09-04,2.984,3.023,2.964,2.985,3636.0
2024-09-05,2.972,3.037,2.966,3.0,4601.0
2024-09-06,2.994,3.013,2.987,2.999,3377.0
2024-09-09,2.967,2.999,2.949,2.982,2849.0
2024-09-10,2.965,3.011,2.959,2.974,3367.0
2024-09-11,2.969,2.984,2.943,2.981,2992.0
2024-09-12,2.976,2.999,2.95,2.993,2784.0
2024-09-13,2.994,3.004,2.936,2.953,3059.0
2024-09-16,2.937,2.976,2.919,2.968,3123.0
2024-09-17,2.972,2.992,2.952,2.971,3797.0
2024-09-18,2.972,2.999,2.967,2.972,3189.0
2024-09-19,2.98,3.001,2.938,3.001,2757.0
2024-09-20,2.989,3.076,2.987,3.065,5231.0
2024-09-23,3.062,3.136,3.056,3.111,4390.0
2024-09-24,3.113,3.134,3.068,3.089,3475.0
2024-09-25,3.104,3.142,3.096,3.123,5027.0
2024-09-26,3.133,3.143,3.092,3.121,5358.0
2024-09-27,3.098,3.196,3.085,3.183,7728.0
2024-09-30,3.158,3.214,3.158,3.193,5006.0
2024-10-01,3.179,3.194,3.14,3.171,4805.0
2024-10-02,3.171,3.213,3.146,3.179,4380.0
2024-10-03,3.197,3.22,3.181,3.217,4437.0
2024-10-04,3.217,3.23,3.186,3.202,3807.0
2024-10-07,3.18,3.225,3.162,3.169,5981.0
2024-10-08,3.17,3.172,3.131,3.156,4952.0
2024-10-09,3.125,3.132,3.071,3.1,7903.0
2024-10-10,3.082,3.1,3.041,3.089,4923.0
2024-10-11,3.094,3.104,3.025,3.047,6079.0
2024-10-14,3.038,3.045,2.968,2.981,6541.0
2024-10-15,2.966,3.035,2.943,3.006,6527.0
2024-10-16,3.005,3.008,2.959,2.965,6266.0
2024-10-17,2.966,2.999,2.954,2.966,8307.0
2024-10-18,2.965,2.97,2.915,2.917,3426.0
2024-10-21,2.894,2.979,2.894,2.94,3175.0
2024-10-22,2.963,3.006,2.933,2.995,4441.0
2024-10-23,2.972,3.033,2.962,2.993,4166.0
2024-10-24,3.022,3.072,2.991,3.056,7577.0
2024-10-25,3.055,3.088,3.028,3.082,5702.0
2024-10-28,3.027,3.04,2.924,2.96,10099.0
2024-10-29,2.947,3.023,2.913,2.95,8849.0
2024-10-30,3.002,3.017,2.927,2.974,8360.0
2024-10-31,2.97,2.97,2.871,2.876,10162.0
2024-11-01,2.882,2.885,2.826,2.852,10068.0
2024-11-04,2.797,2.908,2.758,2.894,9518.0
2024-11-05,2.895,2.922,2.834,2.854,7478.0
2024-11-06,2.863,2.931,2.842,2.906,6628.0
2024-11-07,2.89,2.906,2.839,2.862,8543.0
2024-11-08,2.858,2.892,2.825,2.848,9607.0
2024-11-11,2.901,3.007,2.89,2.99,10299.0
2024-11-12,3.005,3.027,2.95,2.986,8619.0
2024-11-13,2.991,3.053,2.936,3.033,15364.0
2024-11-14,3.018,3.037,2.933,2.942,10629.0
2024-11-15,2.943,2.967,2.889,2.956,9793.0
2024-11-18,3.025,3.027,2.955,3.013,10802.0
2024-11-19,3.001,3.07,2.983,3.053,10815.0
2024-11-20,3.036,3.158,3.02,3.135,12485.0
2024-11-21,3.129,3.244,3.121,3.204,16674.0
2024-11-22,3.231,3.278,3.04,3.094,16490.0
2024-11-25,3.214,3.23,3.136,3.191,14616.0
2024-11-26,3.168,3.253,3.157,3.228,11460.0
2024-11-27,3.217,3.217,3.073,3.088,10199.0
2024-11-29,3.064,3.175,3.061,3.158,6431.0
2024-12-02,3.081,3.127,3.04,3.099,13252.0
2024-12-03,3.088,3.101,2.98,2.995,13671.0
2024-12-04,3.0,3.035,2.952,3.011,17535.0
2024-12-05,3.025,3.062,2.995,3.022,11794.0
2024-12-06,3.008,3.029,2.97,3.006,13124.0
2024-12-09,3.121,3.132,3.019,3.036,16743.0
2024-12-10,3.029,3.037,2.966,3.008,15257.0
2024-12-11,3.032,3.115,3.012,3.097,15067.0
2024-12-12,3.086,3.147,3.027,3.11,23368.0
2024-12-13,3.117,3.125,3.056,3.065,12700.0
2024-12-16,3.04,3.047,3.005,3.017,11999.0
2024-12-17,3.015,3.078,2.968,3.044,16621.0
2024-12-18,3.057,3.088,3.034,3.054,14544.0
2024-12-19,3.068,3.156,3.066,3.138,16941.0
2024-12-20,3.152,3.227,3.115,3.201,17028.0
2024-12-23,3.258,3.258,3.172,3.222,12223.0
2024-12-24,3.229,3.295,3.215,3.288,12756.0
2024-12-26,3.286,3.288,3.171,3.187,10837.0
2024-12-27,3.192,3.266,3.178,3.262,19586.0
2024-12-30,3.36,3.553,3.338,3.456,38046.0
2024-12-31,3.436,3.477,3.317,3.335,29210.0
2025-01-02,3.349,3.458,3.306,3.382,20472.0
2025-01-03,3.393,3.405,3.232,3.25,15631.0
2025-01-06,3.329,3.388,3.307,3.36,18213.0
2025-01-07,3.37,3.409,3.289,3.328,20682.0
2025-01-08,3.33,3.454,3.317,3.43,28006.0
2025-01-09,3.432,3.564,3.384,3.486,20582.0
2025-01-10,3.499,3.598,3.48,3.595,36852.0
2025-01-13,3.712,3.712,3.583,3.635,27731.0
2025-01-14,3.626,3.674,3.521,3.65,24634.0
2025-01-15,3.635,3.785,3.591,3.741,22124.0
2025-01-16,3.741,3.964,3.693,3.926,29079.0
2025-01-17,3.882,3.91,3.712,3.735,32152.0
2025-01-21,3.675,3.722,3.622,3.63,22727.0
2025-01-22,3.646,3.804,3.617,3.788,22300.0
2025-01-23,3.803,3.858,3.703,3.762,23066.0
2025-01-24,3.769,3.772,3.656,3.75,20298.0
2025-01-27,3.635,3.664,3.507,3.584,28462.0
2025-01-28,3.567,3.58,3.429,3.468,26925.0
2025-01-29,3.44,3.52,3.413,3.503,32444.0
2025-01-30,3.52,3.558,3.363,3.373,33740.0
2025-01-31,3.404,3.43,3.322,3.378,23264.0
2025-02-03,3.506,3.643,3.506,3.587,44021.0
2025-02-04,3.573,3.591,3.451,3.529,29847.0
2025-02-05,3.51,3.617,3.448,3.607,24157.0
2025-02-06,3.593,3.661,3.556,3.637,26282.0
2025-02-07,3.61,3.663,3.559,3.575,33554.0
2025-02-10,3.659,3.721,3.608,3.703,26134.0
2025-02-11,3.692,3.81,3.687,3.772,29363.0
2025-02-12,3.763,3.822,3.733,3.801,30511.0
2025-02-13,3.814,3.97,3.808,3.84,43237.0
2025-02-14,3.846,3.976,3.838,3.916,34204.0
2025-02-18,3.832,4.163,3.774,4.16,49941.0
2025-02-19,4.143,4.436,4.094,4.36,65545.0
2025-02-20,4.408,4.482,4.179,4.254,46600.0
2025-02-21,4.271,4.454,4.243,4.28,48048.0
2025-02-24,4.239,4.239,4.074,4.171,45524.0
2025-02-25,4.193,4.337,4.131,4.316,37312.0
2025-02-26,4.307,4.363,4.157,4.169,39467.0
2025-02-27,4.177,4.259,4.099,4.131,39488.0
2025-02-28,4.138,4.151,4.028,4.044,33172.0
2025-03-03,4.0,4.356,3.975,4.309,57612.0
2025-03-04,4.351,4.716,4.259,4.542,78286.0
2025-03-05,4.497,4.697,4.434,4.65,56919.0
2025-03-06,4.655,4.666,4.475,4.513,43933.0
2025-03-07,4.483,4.62,4.355,4.6,51891.0
2025-03-10,4.675,5.073,4.648,4.692,58536.0
2025-03-11,4.655,4.786,4.542,4.649,43379.0
2025-03-12,4.552,4.584,4.241,4.283,71796.0
2025-03-13,4.246,4.426,4.181,4.348,71921.0
2025-03-14,4.281,4.375,4.204,4.334,47833.0
2025-03-17,4.361,4.434,4.216,4.252,44685.0
2025-03-18,4.268,4.342,4.212,4.262,39102.0
2025-03-19,4.273,4.463,4.253,4.455,58167.0
2025-03-20,4.43,4.452,4.193,4.198,66665.0
2025-03-21,4.2,4.247,4.1,4.182,39652.0
2025-03-24,4.101,4.205,4.082,4.115,57545.0
2025-03-25,4.114,4.182,4.005,4.047,43035.0
2025-03-26,4.067,4.112,4.004,4.024,46152.0
2025-03-27,4.011,4.103,3.895,4.072,64752.0
2025-03-28,4.065,4.222,3.988,4.185,65277.0
2025-03-31,4.289,4.358,4.202,4.257,72534.0
2025-04-01,4.265,4.283,4.085,4.096,55910.0
2025-04-02,4.098,4.217,4.084,4.19,54431.0
2025-04-03,4.15,4.325,4.108,4.257,60787.0
2025-04-04,4.235,4.267,3.926,3.945,98889.0
2025-04-07,3.882,4.032,3.698,3.745,124942.0
2025-04-08,3.727,3.882,3.56,3.563,123727.0
2025-04-09,3.576,3.943,3.446,3.933,169257.0
2025-04-10,3.869,3.87,3.579,3.665,128123.0
2025-04-11,3.624,3.698,3.513,3.649,86910.0
2025-04-14,3.631,3.749,3.453,3.462,92188.0
2025-04-15,3.485,3.521,3.36,3.475,84065.0
2025-04-16,3.453,3.458,3.359,3.408,98350.0
2025-04-17,3.421,3.499,3.356,3.41,95949.0
2025-04-21,3.367,3.391,3.155,3.177,117684.0
2025-04-22,3.218,3.235,3.095,3.141,114757.0
2025-04-23,3.17,3.216,3.111,3.164,117835.0
2025-04-24,3.16,3.162,3.007,3.097,160483.0
2025-04-25,3.106,3.171,3.041,3.114,130551.0
2025-04-28,3.163,3.365,3.054,3.343,229473.0
2025-04-29,3.32,3.457,3.307,3.386,156565.0
2025-04-30,3.38,3.399,3.26,3.326,145962.0
2025-05-01,3.353,3.54,3.34,3.479,159640.0
2025-05-02,3.446,3.673,3.418,3.63,140954.0
2025-05-05,3.671,3.747,3.531,3.55,161317.0
2025-05-06,3.568,3.648,3.423,3.463,200855.0
2025-05-07,3.487,3.656,3.487,3.621,162366.0
2025-05-08,3.632,3.723,3.527,3.592,158746.0
2025-05-09,3.621,3.815,3.613,3.795,174974.0
2025-05-12,3.775,3.84,3.608,3.646,163731.0
2025-05-13,3.677,3.728,3.57,3.647,130015.0
2025-05-14,3.622,3.635,3.454,3.492,119947.0
2025-05-15,3.467,3.499,3.335,3.362,152653.0
2025-05-16,3.372,3.449,3.305,3.334,141334.0
2025-05-19,3.269,3.27,3.098,3.113,182905.0
2025-05-20,3.107,3.453,3.107,3.427,230771.0
2025-05-21,3.415,3.513,3.336,3.368,135733.0
2025-05-22,3.356,3.381,3.238,3.253,91988.0
2025-05-23,3.283,3.35,3.217,3.334,60597.0
2025-05-27,3.376,3.445,3.214,3.398,55895.0
2025-05-28,3.405,3.511,3.152,3.204,2541.0
