DATETIME,OPEN,HIGH,LOW,FINAL,VOLUME
2009-05-28,7.541,7.541,7.541,7.541,0.0
2009-05-29,7.501,7.501,7.501,7.501,0.0
2009-06-01,7.587,7.587,7.587,7.587,0.0
2009-06-02,7.514,7.514,7.514,7.514,0.0
2009-06-03,7.485,7.485,7.485,7.485,0.0
2009-06-04,7.76,7.76,7.76,7.76,0.0
2009-06-05,7.857,7.857,7.857,7.857,0.0
2009-06-08,7.879,7.879,7.879,7.879,0.0
2009-06-09,7.908,7.908,7.908,7.908,0.0
2009-06-10,7.844,7.844,7.844,7.844,0.0
2009-06-11,7.919,7.919,7.919,7.919,0.0
2009-06-12,7.855,7.855,7.855,7.855,0.0
2009-06-15,7.872,7.872,7.872,7.872,0.0
2009-06-16,7.853,7.853,7.853,7.853,0.0
2009-06-17,7.84,7.84,7.84,7.84,0.0
2009-06-18,7.757,7.757,7.757,7.757,0.0
2009-06-19,7.628,7.628,7.628,7.628,0.0
2009-06-22,7.548,7.548,7.548,7.548,0.0
2009-06-23,7.528,7.528,7.528,7.528,0.0
2009-06-24,7.557,7.557,7.557,7.557,0.0
2009-06-25,7.612,7.612,7.612,7.612,0.0
2009-06-26,7.681,7.681,7.681,7.681,0.0
2009-06-29,7.636,7.636,7.636,7.636,0.0
2009-06-30,7.67,7.67,7.67,7.67,0.0
2009-07-01,7.695,7.695,7.695,7.695,0.0
2009-07-02,7.717,7.717,7.717,7.717,0.0
2009-07-06,7.717,7.717,7.717,7.717,0.0
2009-07-07,7.694,7.694,7.694,7.694,0.0
2009-07-08,7.627,7.627,7.627,7.627,0.0
2009-07-09,7.622,7.622,7.622,7.622,0.0
2009-07-10,7.551,7.551,7.551,7.551,0.0
2009-07-13,7.452,7.452,7.452,7.452,0.0
2009-07-14,7.475,7.475,7.475,7.475,0.0
2009-07-15,7.424,7.424,7.424,7.424,0.0
2009-07-16,7.532,7.532,7.532,7.532,0.0
2009-07-17,7.46,7.46,7.46,7.46,0.0
2009-07-20,7.468,7.468,7.468,7.468,0.0
2009-07-21,7.435,7.435,7.435,7.435,0.0
2009-07-22,7.372,7.372,7.372,7.372,0.0
2009-07-23,7.376,7.376,7.376,7.376,0.0
2009-07-24,7.48,7.48,7.48,7.48,0.0
2009-07-27,7.464,7.464,7.464,7.464,0.0
2009-07-28,7.442,7.442,7.442,7.442,0.0
2009-07-29,7.369,7.369,7.369,7.369,0.0
2009-07-30,7.463,7.463,7.463,7.463,0.0
2009-07-31,7.441,7.441,7.441,7.441,0.0
2009-08-03,7.576,7.576,7.576,7.576,0.0
2009-08-04,7.52,7.52,7.52,7.52,0.0
2009-08-05,7.536,7.536,7.536,7.536,0.0
2009-08-06,7.461,7.461,7.461,7.461,0.0
2009-08-07,7.452,7.452,7.452,7.452,0.0
2009-08-10,7.472,7.472,7.472,7.472,0.0
2009-08-11,7.461,7.461,7.461,7.461,0.0
2009-08-12,7.471,7.471,7.471,7.471,0.0
2009-08-13,7.46,7.46,7.46,7.46,0.0
2009-08-14,7.434,7.434,7.434,7.434,0.0
2009-08-17,7.376,7.376,7.376,7.376,0.0
2009-08-18,7.338,7.338,7.338,7.338,0.0
2009-08-19,7.343,7.343,7.343,7.343,0.0
2009-08-20,7.334,7.334,7.334,7.334,0.0
2009-08-21,7.38,7.38,7.38,7.38,0.0
2009-08-24,7.433,7.433,7.433,7.433,0.0
2009-08-25,7.374,7.374,7.374,7.374,0.0
2009-08-26,7.363,7.363,7.363,7.363,0.0
2009-08-27,7.381,7.381,7.381,7.381,0.0
2009-08-28,7.358,7.358,7.358,7.358,0.0
2009-08-31,7.29,7.29,7.29,7.29,0.0
2009-09-01,7.185,7.185,7.185,7.185,0.0
2009-09-02,7.192,7.192,7.192,7.192,0.0
2009-09-03,7.139,7.139,7.139,7.139,0.0
2009-09-04,7.11,7.11,7.11,7.11,0.0
2009-09-08,7.186,7.186,7.186,7.186,0.0
2009-09-09,7.169,7.169,7.169,7.169,0.0
2009-09-10,7.35,7.35,7.35,7.35,0.0
2009-09-11,7.27,7.27,7.27,7.27,0.0
2009-09-14,7.351,7.351,7.351,7.351,0.0
2009-09-15,7.303,7.303,7.303,7.303,0.0
2009-09-16,7.475,7.475,7.475,7.475,0.0
2009-09-17,7.318,7.318,7.318,7.318,0.0
2009-09-18,7.478,7.478,7.478,7.478,0.0
2009-09-21,7.412,7.412,7.412,7.412,0.0
2009-09-22,7.512,7.512,7.512,7.512,0.0
2009-09-23,7.513,7.513,7.513,7.513,0.0
2009-09-24,7.501,7.501,7.501,7.501,0.0
2009-09-25,7.509,7.509,7.509,7.509,0.0
2009-09-28,7.461,7.461,7.461,7.461,0.0
2009-09-29,7.414,7.414,7.414,7.414,0.0
2009-09-30,7.396,7.396,7.396,7.396,0.0
2009-10-01,7.42,7.42,7.42,7.42,0.0
2009-10-02,7.498,7.498,7.498,7.498,0.0
2009-10-05,7.452,7.452,7.452,7.452,0.0
2009-10-06,7.409,7.409,7.409,7.409,0.0
2009-10-07,7.467,7.467,7.467,7.467,0.0
2009-10-08,7.499,7.499,7.499,7.499,0.0
2009-10-09,7.449,7.449,7.449,7.449,0.0
2009-10-12,7.549,7.549,7.549,7.549,0.0
2009-10-13,7.473,7.473,7.473,7.473,0.0
2009-10-14,7.512,7.512,7.512,7.512,0.0
2009-10-15,7.577,7.577,7.577,7.577,0.0
2009-10-16,7.71,7.71,7.71,7.71,0.0
2009-10-19,7.742,7.742,7.742,7.742,0.0
2009-10-20,7.731,7.731,7.731,7.731,0.0
2009-10-21,7.677,7.677,7.677,7.677,0.0
2009-10-22,7.629,7.629,7.629,7.629,0.0
2009-10-23,7.62,7.62,7.62,7.62,0.0
2009-10-26,7.516,7.516,7.516,7.516,0.0
2009-10-27,7.551,7.551,7.551,7.551,0.0
2009-10-28,7.747,7.747,7.747,7.747,0.0
2009-10-29,7.764,7.764,7.764,7.764,0.0
2009-10-30,7.803,7.803,7.803,7.803,0.0
2009-11-02,7.748,7.748,7.748,7.748,0.0
2009-11-03,7.793,7.793,7.793,7.793,0.0
2009-11-04,7.739,7.739,7.739,7.739,0.0
2009-11-05,7.785,7.785,7.785,7.785,0.0
2009-11-06,7.714,7.714,7.714,7.714,0.0
2009-11-09,7.749,7.749,7.749,7.749,0.0
2009-11-10,7.657,7.657,7.657,7.657,0.0
2009-11-11,7.623,7.623,7.623,7.623,0.0
2009-11-12,7.414,7.414,7.414,7.414,0.0
2009-11-13,7.306,7.306,7.306,7.306,0.0
2009-11-16,7.273,7.273,7.273,7.273,0.0
2009-11-17,7.265,7.265,7.265,7.265,0.0
2009-11-18,7.186,7.186,7.186,7.186,0.0
2009-11-19,7.24,7.24,7.24,7.24,0.0
2009-11-20,7.269,7.269,7.269,7.269,0.0
2009-11-23,7.35,7.35,7.35,7.35,0.0
2009-11-24,7.32,7.32,7.32,7.32,0.0
2009-11-25,7.568,7.568,7.568,7.568,0.0
2009-11-27,7.565,7.565,7.565,7.565,0.0
2009-11-30,7.479,7.479,7.479,7.479,0.0
2009-12-01,7.492,7.492,7.492,7.492,0.0
2009-12-02,7.541,7.541,7.541,7.541,0.0
2009-12-03,7.496,7.496,7.496,7.496,0.0
2009-12-04,7.59,7.59,7.59,7.59,0.0
2009-12-07,7.829,7.829,7.829,7.829,0.0
2009-12-08,7.73,7.73,7.73,7.73,0.0
2009-12-09,7.583,7.583,7.583,7.583,0.0
2009-12-10,7.622,7.622,7.622,7.622,0.0
2009-12-11,7.574,7.574,7.574,7.574,0.0
2009-12-14,7.647,7.647,7.647,7.647,0.0
2009-12-15,7.683,7.683,7.683,7.683,0.0
2009-12-16,7.678,7.678,7.678,7.678,0.0
2009-12-17,7.584,7.584,7.584,7.584,0.0
2009-12-18,7.503,7.503,7.503,7.503,0.0
2009-12-21,7.436,7.436,7.436,7.436,0.0
2009-12-22,7.437,7.437,7.437,7.437,0.0
2009-12-23,7.406,7.406,7.406,7.406,0.0
2009-12-24,7.39,7.39,7.39,7.39,0.0
2009-12-28,7.444,7.444,7.444,7.444,0.0
2009-12-29,7.383,7.383,7.383,7.383,0.0
2009-12-30,7.409,7.409,7.409,7.409,0.0
2009-12-31,7.43,7.43,7.43,7.43,0.0
2010-01-04,7.529,7.529,7.529,7.529,0.0
2010-01-05,7.453,7.453,7.453,7.453,0.0
2010-01-06,7.446,7.446,7.446,7.446,0.0
2010-01-07,7.36,7.36,7.36,7.36,0.0
2010-01-08,7.38,7.38,7.38,7.38,0.0
2010-01-11,7.366,7.366,7.366,7.366,0.0
2010-01-12,7.341,7.341,7.341,7.341,0.0
2010-01-13,7.352,7.352,7.352,7.352,0.0
2010-01-14,7.357,7.357,7.357,7.357,0.0
2010-01-15,7.363,7.363,7.363,7.363,0.0
2010-01-19,7.279,7.279,7.279,7.279,0.0
2010-01-20,7.307,7.307,7.307,7.307,0.0
2010-01-21,7.354,7.354,7.354,7.354,0.0
2010-01-22,7.39,7.39,7.39,7.39,0.0
2010-01-25,7.38,7.38,7.38,7.38,0.0
2010-01-26,7.376,7.376,7.376,7.376,0.0
2010-01-27,7.301,7.301,7.301,7.301,0.0
2010-01-28,7.285,7.285,7.285,7.285,0.0
2010-01-29,7.325,7.325,7.325,7.325,0.0
2010-02-01,7.4,7.4,7.4,7.4,0.0
2010-02-02,7.447,7.447,7.447,7.447,0.0
2010-02-03,7.421,7.421,7.421,7.421,0.0
2010-02-04,7.389,7.389,7.389,7.389,0.0
2010-02-05,7.401,7.401,7.401,7.401,0.0
2010-02-08,7.348,7.348,7.348,7.348,0.0
2010-02-09,7.317,7.317,7.317,7.317,0.0
2010-02-10,7.352,7.352,7.352,7.352,0.0
2010-02-11,7.347,7.347,7.347,7.347,0.0
2010-02-12,7.294,7.294,7.294,7.294,0.0
2010-02-16,7.23,7.23,7.23,7.23,0.0
2010-02-17,7.197,7.197,7.197,7.197,0.0
2010-02-18,7.162,7.162,7.162,7.162,0.0
2010-02-19,7.129,7.129,7.129,7.129,0.0
2010-02-22,7.145,7.145,7.145,7.145,0.0
2010-02-23,7.115,7.115,7.115,7.115,0.0
2010-02-24,7.106,7.106,7.106,7.106,0.0
2010-02-25,7.093,7.093,7.093,7.093,0.0
2010-02-26,7.095,7.095,7.095,7.095,0.0
2010-03-01,7.06,7.06,7.06,7.06,0.0
2010-03-02,7.042,7.042,7.042,7.042,0.0
2010-03-03,7.021,7.021,7.021,7.021,0.0
2010-03-04,6.911,6.911,6.911,6.911,0.0
2010-03-05,6.917,6.917,6.917,6.917,0.0
2010-03-08,6.928,6.928,6.928,6.928,0.0
2010-03-09,6.918,6.918,6.918,6.918,0.0
2010-03-10,6.955,6.955,6.955,6.955,0.0
2010-03-11,6.935,6.935,6.935,6.935,0.0
2010-03-12,7.036,7.036,7.036,7.036,0.0
2010-03-15,7.054,7.054,7.054,7.054,0.0
2010-03-16,7.118,7.118,7.118,7.118,0.0
2010-03-17,7.22,7.22,7.22,7.22,0.0
2010-03-18,7.286,7.286,7.286,7.286,0.0
2010-03-19,7.576,7.576,7.576,7.576,0.0
2010-03-22,7.547,7.547,7.547,7.547,0.0
2010-03-23,7.388,7.388,7.388,7.388,0.0
2010-03-24,7.289,7.289,7.289,7.289,0.0
2010-03-25,7.436,7.436,7.436,7.436,0.0
2010-03-26,7.348,7.348,7.348,7.348,0.0
2010-03-29,7.331,7.331,7.331,7.331,0.0
2010-03-30,7.421,7.421,7.421,7.421,0.0
2010-03-31,7.505,7.505,7.505,7.505,0.0
2010-04-01,7.546,7.546,7.546,7.546,0.0
2010-04-05,7.646,7.646,7.646,7.646,0.0
2010-04-06,7.53,7.53,7.53,7.53,0.0
2010-04-07,7.511,7.511,7.511,7.511,0.0
2010-04-08,7.456,7.456,7.456,7.456,0.0
2010-04-09,7.559,7.559,7.559,7.559,0.0
2010-04-12,7.518,7.518,7.518,7.518,0.0
2010-04-13,7.582,7.582,7.582,7.582,0.0
2010-04-14,7.622,7.622,7.622,7.622,0.0
2010-04-15,7.597,7.597,7.597,7.597,0.0
2010-04-16,7.568,7.568,7.568,7.568,0.0
2010-04-19,7.565,7.565,7.565,7.565,0.0
2010-04-20,7.644,7.644,7.644,7.644,0.0
2010-04-21,7.68,7.68,7.68,7.68,0.0
2010-04-22,7.761,7.761,7.761,7.761,0.0
2010-04-23,7.787,7.787,7.787,7.787,0.0
2010-04-26,7.764,7.764,7.764,7.764,0.0
2010-04-27,7.748,7.748,7.748,7.748,0.0
2010-04-28,7.754,7.754,7.754,7.754,0.0
2010-04-29,7.675,7.675,7.675,7.675,0.0
2010-04-30,7.659,7.659,7.659,7.659,0.0
2010-05-03,7.734,7.734,7.734,7.734,0.0
2010-05-04,7.808,7.808,7.808,7.808,0.0
2010-05-05,7.86,7.86,7.86,7.86,0.0
2010-05-06,7.852,7.852,7.852,7.852,0.0
2010-05-07,7.869,7.869,7.869,7.869,0.0
2010-05-10,7.899,7.899,7.899,7.899,0.0
2010-05-11,7.916,7.916,7.916,7.916,0.0
2010-05-12,7.956,7.956,7.956,7.956,0.0
2010-05-13,7.898,7.898,7.898,7.898,0.0
2010-05-14,7.791,7.791,7.791,7.791,0.0
2010-05-17,7.753,7.753,7.753,7.753,0.0
2010-05-18,7.688,7.688,7.688,7.688,0.0
2010-05-19,7.598,7.598,7.598,7.598,0.0
2010-05-20,7.563,7.563,7.563,7.563,0.0
2010-05-21,7.479,7.479,7.479,7.479,0.0
2010-05-24,7.453,7.453,7.453,7.453,0.0
2010-05-25,7.48,7.48,7.48,7.48,0.0
2010-05-26,7.45,7.45,7.45,7.45,0.0
2010-05-27,7.418,7.418,7.418,7.418,0.0
2010-05-28,7.383,7.383,7.383,7.383,0.0
2010-06-01,7.256,7.256,7.256,7.256,0.0
2010-06-02,7.27,7.27,7.27,7.27,0.0
2010-06-03,7.25,7.25,7.25,7.25,0.0
2010-06-04,7.184,7.184,7.184,7.184,0.0
2010-06-07,7.192,7.192,7.192,7.192,0.0
2010-06-08,7.152,7.152,7.152,7.152,0.0
2010-06-09,7.161,7.161,7.161,7.161,0.0
2010-06-10,7.228,7.228,7.228,7.228,0.0
2010-06-11,7.193,7.193,7.193,7.193,0.0
2010-06-14,7.1,7.1,7.1,7.1,0.0
2010-06-15,7.106,7.106,7.106,7.106,0.0
2010-06-16,7.229,7.229,7.229,7.229,0.0
2010-06-17,7.313,7.313,7.313,7.313,0.0
2010-06-18,7.392,7.392,7.392,7.392,0.0
2010-06-21,7.36,7.36,7.36,7.36,0.0
2010-06-22,7.377,7.377,7.377,7.377,0.0
2010-06-23,7.433,7.433,7.433,7.433,0.0
2010-06-24,7.443,7.443,7.443,7.443,0.0
2010-06-25,7.443,7.443,7.443,7.443,0.0
2010-06-28,7.351,7.351,7.351,7.351,0.0
2010-06-29,7.288,7.288,7.288,7.288,0.0
2010-06-30,7.269,7.269,7.269,7.269,0.0
2010-07-01,7.269,7.269,7.269,7.269,0.0
2010-07-02,7.193,7.193,7.193,7.193,0.0
2010-07-06,7.183,7.183,7.183,7.183,0.0
2010-07-07,7.299,7.299,7.299,7.299,0.0
2010-07-08,7.313,7.313,7.313,7.313,0.0
2010-07-09,7.336,7.336,7.336,7.336,0.0
2010-07-12,7.315,7.315,7.315,7.315,0.0
2010-07-13,7.25,7.25,7.25,7.25,0.0
2010-07-14,7.343,7.343,7.343,7.343,0.0
2010-07-15,7.405,7.405,7.405,7.405,0.0
2010-07-16,7.208,7.208,7.208,7.208,0.0
2010-07-19,7.193,7.193,7.193,7.193,0.0
2010-07-20,7.203,7.203,7.203,7.203,0.0
2010-07-21,7.201,7.201,7.201,7.201,0.0
2010-07-22,7.195,7.195,7.195,7.195,0.0
2010-07-23,7.116,7.116,7.116,7.116,0.0
2010-07-26,7.069,7.069,7.069,7.069,0.0
2010-07-27,6.858,6.858,6.858,6.858,0.0
2010-07-28,6.784,6.784,6.784,6.784,0.0
2010-07-29,6.576,6.576,6.576,6.576,0.0
2010-07-30,6.422,6.422,6.422,6.422,0.0
2010-08-02,6.478,6.478,6.478,6.478,0.0
2010-08-03,6.432,6.432,6.432,6.432,0.0
2010-08-04,6.45,6.45,6.45,6.45,0.0
2010-08-05,6.31,6.31,6.31,6.31,0.0
2010-08-06,6.181,6.181,6.181,6.181,0.0
2010-08-09,6.034,6.034,6.034,6.034,0.0
2010-08-10,5.906,5.906,5.906,5.906,0.0
2010-08-11,5.923,5.923,5.923,5.923,0.0
2010-08-12,5.932,5.932,5.932,5.932,0.0
2010-08-13,5.901,5.901,5.901,5.901,0.0
2010-08-16,5.763,5.763,5.763,5.763,0.0
2010-08-17,5.732,5.732,5.732,5.732,0.0
2010-08-18,5.85,5.85,5.85,5.85,0.0
2010-08-19,5.898,5.898,5.898,5.898,0.0
2010-08-20,6.007,6.007,6.007,6.007,0.0
2010-08-23,6.077,6.077,6.077,6.077,0.0
2010-08-24,6.087,6.087,6.087,6.087,0.0
2010-08-25,6.13,6.13,6.13,6.13,0.0
2010-08-26,6.264,6.264,6.264,6.264,0.0
2010-08-27,6.241,6.241,6.241,6.241,0.0
2010-08-30,6.202,6.202,6.202,6.202,0.0
2010-08-31,6.176,6.176,6.176,6.176,0.0
2010-09-01,6.13,6.13,6.13,6.13,0.0
2010-09-02,6.06,6.06,6.06,6.06,0.0
2010-09-03,6.098,6.098,6.098,6.098,0.0
2010-09-07,6.113,6.113,6.113,6.113,0.0
2010-09-08,6.145,6.145,6.145,6.145,0.0
2010-09-09,6.201,6.201,6.201,6.201,0.0
2010-09-10,6.241,6.241,6.241,6.241,0.0
2010-09-13,6.208,6.208,6.208,6.208,0.0
2010-09-14,6.155,6.155,6.155,6.155,0.0
2010-09-15,6.143,6.143,6.143,6.143,0.0
2010-09-16,5.978,5.978,5.978,5.978,0.0
2010-09-17,5.85,5.85,5.85,5.85,0.0
2010-09-20,5.792,5.792,5.792,5.792,0.0
2010-09-21,5.735,5.735,5.735,5.735,0.0
2010-09-22,5.745,5.745,5.745,5.745,0.0
2010-09-23,5.81,5.81,5.81,5.81,0.0
2010-09-24,5.803,5.803,5.803,5.803,0.0
2010-09-27,5.766,5.766,5.766,5.766,0.0
2010-09-28,5.824,5.824,5.824,5.824,0.0
2010-09-29,5.797,5.797,5.797,5.797,0.0
2010-09-30,5.78,5.78,5.78,5.78,0.0
2010-10-01,5.859,5.859,5.859,5.859,0.0
2010-10-04,5.99,5.99,5.99,5.99,0.0
2010-10-05,6.025,6.025,6.025,6.025,0.0
2010-10-06,6.07,6.07,6.07,6.07,0.0
2010-10-07,6.163,6.163,6.163,6.163,0.0
2010-10-08,6.178,6.178,6.178,6.178,0.0
2010-10-11,6.135,6.135,6.135,6.135,0.0
2010-10-12,6.108,6.108,6.108,6.108,0.0
2010-10-13,6.099,6.099,6.099,6.099,0.0
2010-10-14,6.127,6.127,6.127,6.127,0.0
2010-10-15,6.078,6.078,6.078,6.078,0.0
2010-10-18,6.074,6.074,6.074,6.074,0.0
2010-10-19,6.053,6.053,6.053,6.053,0.0
2010-10-20,6.044,6.044,6.044,6.044,0.0
2010-10-21,5.895,5.895,5.895,5.895,0.0
2010-10-22,5.824,5.824,5.824,5.824,0.0
2010-10-25,5.923,5.923,5.923,5.923,0.0
2010-10-26,6.168,6.168,6.168,6.168,0.0
2010-10-27,6.213,6.213,6.213,6.213,0.0
2010-10-28,5.943,5.943,5.943,5.943,0.0
2010-10-29,5.822,5.822,5.822,5.822,0.0
2010-11-01,5.887,5.887,5.887,5.887,0.0
2010-11-02,5.945,5.945,5.945,5.945,0.0
2010-11-03,5.919,5.919,5.919,5.919,0.0
2010-11-04,5.914,5.914,5.914,5.914,0.0
2010-11-05,5.921,5.921,5.921,5.921,0.0
2010-11-08,5.935,5.935,5.935,5.935,0.0
2010-11-09,5.93,5.93,5.93,5.93,0.0
2010-11-10,6.003,6.003,6.003,6.003,0.0
2010-11-11,6.073,6.073,6.073,6.073,0.0
2010-11-12,6.067,6.067,6.067,6.067,0.0
2010-11-15,6.138,6.138,6.138,6.138,0.0
2010-11-16,6.102,6.102,6.102,6.102,0.0
2010-11-17,6.099,6.099,6.099,6.099,0.0
2010-11-18,6.165,6.165,6.165,6.165,0.0
2010-11-19,6.185,6.185,6.185,6.185,0.0
2010-11-22,6.254,6.254,6.254,6.254,0.0
2010-11-23,6.234,6.234,6.234,6.234,0.0
2010-11-24,6.182,6.182,6.182,6.182,0.0
2010-11-26,6.19,6.19,6.19,6.19,0.0
2010-11-29,6.165,6.165,6.165,6.165,0.0
2010-11-30,6.195,6.195,6.195,6.195,0.0
2010-12-01,6.189,6.189,6.189,6.189,0.0
2010-12-02,6.176,6.176,6.176,6.176,0.0
2010-12-03,6.176,6.176,6.176,6.176,0.0
2010-12-06,6.01,6.01,6.01,6.01,0.0
2010-12-07,5.995,5.995,5.995,5.995,0.0
2010-12-08,6.002,6.002,6.002,6.002,0.0
2010-12-09,5.881,5.881,5.881,5.881,0.0
2010-12-10,5.868,5.868,5.868,5.868,0.0
2010-12-13,5.908,5.908,5.908,5.908,0.0
2010-12-14,5.953,5.953,5.953,5.953,0.0
2010-12-15,6.114,6.114,6.114,6.114,0.0
2010-12-16,6.112,6.112,6.112,6.112,0.0
2010-12-17,6.169,6.169,6.169,6.169,0.0
2010-12-20,6.141,6.141,6.141,6.141,0.0
2010-12-21,6.117,6.117,6.117,6.117,0.0
2010-12-22,6.096,6.096,6.096,6.096,0.0
2010-12-23,6.109,6.109,6.109,6.109,0.0
2010-12-27,6.123,6.123,6.123,6.123,0.0
2010-12-28,6.125,6.125,6.125,6.125,0.0
2010-12-29,6.095,6.095,6.095,6.095,0.0
2010-12-30,6.045,6.045,6.045,6.045,0.0
2010-12-31,6.067,6.067,6.067,6.067,0.0
2011-01-03,6.001,6.001,6.001,6.001,0.0
2011-01-04,6.025,6.025,6.025,6.025,0.0
2011-01-05,6.106,6.106,6.106,6.106,0.0
2011-01-06,6.089,6.089,6.089,6.089,0.0
2011-01-07,6.118,6.118,6.118,6.118,0.0
2011-01-10,6.135,6.135,6.135,6.135,0.0
2011-01-11,6.171,6.171,6.171,6.171,0.0
2011-01-12,6.095,6.095,6.095,6.095,0.0
2011-01-13,6.122,6.122,6.122,6.122,0.0
2011-01-14,6.159,6.159,6.159,6.159,0.0
2011-01-18,6.168,6.168,6.168,6.168,0.0
2011-01-19,6.134,6.134,6.134,6.134,0.0
2011-01-20,6.12,6.12,6.12,6.12,0.0
2011-01-21,6.109,6.109,6.109,6.109,0.0
2011-01-24,6.102,6.102,6.102,6.102,0.0
2011-01-25,6.148,6.148,6.148,6.148,0.0
2011-01-26,6.176,6.176,6.176,6.176,0.0
2011-01-27,6.246,6.246,6.246,6.246,0.0
2011-01-28,6.157,6.157,6.157,6.157,0.0
2011-01-31,6.162,6.162,6.162,6.162,0.0
2011-02-01,6.182,6.182,6.182,6.182,0.0
2011-02-02,6.205,6.205,6.205,6.205,0.0
2011-02-03,6.224,6.224,6.224,6.224,0.0
2011-02-04,6.235,6.235,6.235,6.235,0.0
2011-02-07,6.247,6.247,6.247,6.247,0.0
2011-02-08,6.296,6.296,6.296,6.296,0.0
2011-02-09,6.291,6.291,6.291,6.291,0.0
2011-02-10,6.281,6.281,6.281,6.281,0.0
2011-02-11,6.271,6.271,6.271,6.271,0.0
2011-02-14,6.254,6.254,6.254,6.254,0.0
2011-02-15,6.312,6.312,6.312,6.312,0.0
2011-02-16,6.422,6.422,6.422,6.422,0.0
2011-02-17,6.452,6.452,6.452,6.452,0.0
2011-02-18,6.461,6.461,6.461,6.461,0.0
2011-02-22,6.496,6.496,6.496,6.496,0.0
2011-02-23,6.474,6.474,6.474,6.474,0.0
2011-02-24,6.65,6.65,6.449,6.449,10.0
2011-02-25,6.459,6.459,6.459,6.459,0.0
2011-02-28,6.481,6.481,6.481,6.481,0.0
2011-03-01,6.553,6.553,6.553,6.553,0.0
2011-03-02,6.561,6.561,6.561,6.561,0.0
2011-03-03,6.556,6.556,6.556,6.556,0.0
2011-03-04,6.671,6.671,6.671,6.671,0.0
2011-03-07,6.683,6.683,6.683,6.683,0.0
2011-03-08,6.677,6.677,6.677,6.677,0.0
2011-03-09,6.666,6.666,6.666,6.666,0.0
2011-03-10,6.673,6.673,6.673,6.673,0.0
2011-03-11,6.677,6.677,6.677,6.677,0.0
2011-03-14,6.734,6.734,6.734,6.734,0.0
2011-03-15,7.022,7.022,7.022,7.022,0.0
2011-03-16,7.027,7.027,7.027,7.027,0.0
2011-03-17,6.999,6.999,6.999,6.999,0.0
2011-03-18,6.943,6.943,6.943,6.943,0.0
2011-03-21,6.861,6.861,6.861,6.861,0.0
2011-03-22,6.902,6.902,6.902,6.902,0.0
2011-03-23,6.929,6.929,6.929,6.929,0.0
2011-03-24,6.923,6.923,6.923,6.923,0.0
2011-03-25,7.021,7.021,7.021,7.021,0.0
2011-03-28,7.007,7.007,7.007,7.007,0.0
2011-03-29,6.953,6.953,6.953,6.953,0.0
2011-03-30,6.986,6.986,6.986,6.986,0.0
2011-03-31,7.066,7.066,7.066,7.066,0.0
2011-04-01,7.163,7.163,7.163,7.163,0.0
2011-04-04,7.184,7.184,7.184,7.184,0.0
2011-04-05,7.08,7.08,7.08,7.08,0.0
2011-04-06,7.082,7.082,7.082,7.082,0.0
2011-04-07,7.114,7.114,7.114,7.114,0.0
2011-04-08,7.195,7.195,7.195,7.195,0.0
2011-04-11,7.22,7.22,7.22,7.22,0.0
2011-04-12,7.158,7.158,7.158,7.158,0.0
2011-04-13,7.12,7.12,7.12,7.12,0.0
2011-04-14,7.107,7.107,7.107,7.107,0.0
2011-04-15,7.132,7.132,7.132,7.132,0.0
2011-04-18,7.127,7.127,7.127,7.127,0.0
2011-04-19,7.084,7.084,7.084,7.084,0.0
2011-04-20,6.979,6.979,6.979,6.979,0.0
2011-04-21,6.911,6.911,6.911,6.911,0.0
2011-04-25,6.908,6.908,6.908,6.908,0.0
2011-04-26,6.937,6.937,6.937,6.937,0.0
2011-04-27,6.904,6.904,6.904,6.904,0.0
2011-04-28,7.0,7.0,6.906,6.906,10.0
2011-04-29,6.844,6.844,6.844,6.844,0.0
2011-05-02,6.866,6.866,6.866,6.866,0.0
2011-05-03,6.936,6.936,6.936,6.936,0.0
2011-05-04,6.965,6.965,6.965,6.965,0.0
2011-05-05,6.874,6.874,6.874,6.874,0.0
2011-05-06,6.808,6.808,6.808,6.808,0.0
2011-05-09,6.821,6.821,6.821,6.821,0.0
2011-05-10,6.897,6.897,6.897,6.897,0.0
2011-05-11,6.951,6.951,6.951,6.951,0.0
2011-05-12,6.96,6.96,6.96,6.96,0.0
2011-05-13,6.965,6.965,6.965,6.965,0.0
2011-05-16,6.96,6.96,6.96,6.96,0.0
2011-05-17,6.929,6.929,6.929,6.929,0.0
2011-05-18,6.943,6.943,6.943,6.943,0.0
2011-05-19,6.866,6.866,6.866,6.866,0.0
2011-05-20,6.913,6.913,6.913,6.913,0.0
2011-05-23,7.052,7.052,7.052,7.052,0.0
2011-05-24,6.975,6.975,6.975,6.975,0.0
2011-05-25,6.979,6.979,6.979,6.979,0.0
2011-05-26,6.949,6.949,6.949,6.949,0.0
2011-05-27,6.985,6.985,6.985,6.985,0.0
2011-05-31,6.87,6.87,6.87,6.87,0.0
2011-06-01,6.846,6.846,6.846,6.846,0.0
2011-06-02,6.724,6.724,6.724,6.724,0.0
2011-06-03,6.675,6.675,6.675,6.675,0.0
2011-06-06,6.619,6.619,6.619,6.619,0.0
2011-06-07,6.626,6.626,6.626,6.626,0.0
2011-06-08,6.642,6.642,6.642,6.642,0.0
2011-06-09,6.555,6.555,6.555,6.555,0.0
2011-06-10,6.573,6.573,6.573,6.573,0.0
2011-06-13,6.551,6.551,6.551,6.551,0.0
2011-06-14,6.665,6.665,6.665,6.665,0.0
2011-06-15,6.689,6.689,6.689,6.689,0.0
2011-06-16,6.686,6.686,6.686,6.686,0.0
2011-06-17,6.735,6.735,6.735,6.735,0.0
2011-06-20,6.733,6.733,6.733,6.733,0.0
2011-06-21,6.59,6.59,6.59,6.59,0.0
2011-06-22,6.603,6.603,6.603,6.603,0.0
2011-06-23,6.592,6.592,6.592,6.592,0.0
2011-06-24,6.615,6.615,6.615,6.615,0.0
2011-06-27,6.604,6.604,6.604,6.604,0.0
2011-06-28,6.605,6.605,6.605,6.605,0.0
2011-06-29,6.577,6.577,6.577,6.577,0.0
2011-06-30,6.574,6.574,6.574,6.574,0.0
2011-07-01,6.574,6.574,6.574,6.574,0.0
2011-07-05,6.516,6.516,6.516,6.516,0.0
2011-07-06,6.526,6.526,6.526,6.526,0.0
2011-07-07,6.554,6.554,6.554,6.554,0.0
2011-07-08,6.621,6.621,6.621,6.621,0.0
2011-07-11,6.661,6.661,6.661,6.661,0.0
2011-07-12,6.661,6.661,6.661,6.661,0.0
2011-07-13,6.638,6.638,6.638,6.638,0.0
2011-07-14,6.616,6.616,6.616,6.616,0.0
2011-07-15,6.618,6.618,6.618,6.618,0.0
2011-07-18,6.598,6.598,6.598,6.598,0.0
2011-07-19,6.49,6.49,6.49,6.49,0.0
2011-07-20,6.441,6.441,6.441,6.441,0.0
2011-07-21,6.472,6.472,6.472,6.472,0.0
2011-07-22,6.448,6.448,6.448,6.448,0.0
2011-07-25,6.433,6.433,6.433,6.433,0.0
2011-07-26,6.428,6.428,6.428,6.428,0.0
2011-07-27,6.441,6.441,6.441,6.441,0.0
2011-07-28,6.467,6.467,6.467,6.467,0.0
2011-07-29,6.458,6.458,6.458,6.458,0.0
2011-08-01,6.512,6.512,6.512,6.512,0.0
2011-08-02,6.462,6.462,6.462,6.462,0.0
2011-08-03,6.413,6.413,6.413,6.413,0.0
2011-08-04,6.285,6.285,6.285,6.285,0.0
2011-08-05,6.217,6.217,6.217,6.217,0.0
2011-08-08,6.188,6.188,6.188,6.188,0.0
2011-08-09,6.164,6.164,6.164,6.164,0.0
2011-08-10,6.136,6.136,6.136,6.136,0.0
2011-08-11,6.189,6.189,6.189,6.189,0.0
2011-08-12,6.202,6.202,6.202,6.202,0.0
2011-08-15,6.266,6.266,6.266,6.266,0.0
2011-08-16,6.358,6.358,6.358,6.358,0.0
2011-08-17,6.325,6.325,6.325,6.325,0.0
2011-08-18,6.315,6.315,6.315,6.315,0.0
2011-08-19,6.353,6.353,6.353,6.353,0.0
2011-08-22,6.327,6.327,6.327,6.327,0.0
2011-08-23,6.345,6.345,6.345,6.345,0.0
2011-08-24,6.206,6.206,6.206,6.206,0.0
2011-08-25,6.197,6.197,6.197,6.197,0.0
2011-08-26,6.194,6.194,6.194,6.194,0.0
2011-08-29,6.163,6.163,6.163,6.163,0.0
2011-08-30,6.179,6.179,6.179,6.179,0.0
2011-08-31,6.197,6.197,6.197,6.197,0.0
2011-09-01,6.258,6.258,6.258,6.258,0.0
2011-09-02,6.243,6.243,6.243,6.243,0.0
2011-09-06,6.246,6.246,6.246,6.246,0.0
2011-09-07,6.213,6.213,6.213,6.213,0.0
2011-09-08,6.203,6.203,6.203,6.203,0.0
2011-09-09,6.15,6.15,6.15,6.15,0.0
2011-09-12,6.123,6.123,6.123,6.123,0.0
2011-09-13,6.145,6.145,6.145,6.145,0.0
2011-09-14,6.103,6.103,6.103,6.103,0.0
2011-09-15,6.083,6.083,6.083,6.083,0.0
2011-09-16,6.103,6.103,6.103,6.103,0.0
2011-09-19,6.093,6.093,6.093,6.093,0.0
2011-09-20,6.135,6.135,6.135,6.135,0.0
2011-09-21,6.135,6.135,6.135,6.135,0.0
2011-09-22,6.003,6.003,6.003,6.003,0.0
2011-09-23,6.009,6.009,6.009,6.009,0.0
2011-09-26,6.056,6.056,6.056,6.056,0.0
2011-09-27,6.138,6.138,6.138,6.138,0.0
2011-09-28,6.144,6.144,6.144,6.144,0.0
2011-09-29,6.125,6.125,6.125,6.125,0.0
2011-09-30,6.112,6.112,6.112,6.112,0.0
2011-10-03,6.098,6.098,6.098,6.098,0.0
2011-10-04,6.039,6.039,6.039,6.039,0.0
2011-10-05,6.012,6.012,6.012,6.012,0.0
2011-10-06,5.957,5.957,5.957,5.957,0.0
2011-10-07,5.919,5.919,5.919,5.919,0.0
2011-10-10,5.908,5.908,5.908,5.908,0.0
2011-10-11,5.878,5.878,5.878,5.878,0.0
2011-10-12,5.867,5.867,5.867,5.867,0.0
2011-10-13,5.894,5.894,5.894,5.894,0.0
2011-10-14,5.956,5.956,5.956,5.956,0.0
2011-10-17,5.943,5.943,5.943,5.943,0.0
2011-10-18,5.92,5.92,5.92,5.92,0.0
2011-10-19,5.922,5.922,5.922,5.922,0.0
2011-10-20,5.928,5.928,5.928,5.928,0.0
2011-10-21,5.93,5.93,5.93,5.93,0.0
2011-10-24,5.927,5.927,5.927,5.927,0.0
2011-10-25,5.963,5.963,5.963,5.963,0.0
2011-10-26,6.005,6.005,6.005,6.005,0.0
2011-10-27,6.01,6.01,6.01,6.01,0.0
2011-10-28,6.118,6.118,6.118,6.118,0.0
2011-10-31,6.118,6.118,6.118,6.118,0.0
2011-11-01,6.048,6.048,6.048,6.048,0.0
2011-11-02,6.007,6.007,6.007,6.007,0.0
2011-11-03,6.085,6.085,6.085,6.085,0.0
2011-11-04,6.075,6.075,6.075,6.075,0.0
2011-11-07,6.053,6.053,6.053,6.053,0.0
2011-11-08,6.011,6.011,6.011,6.011,0.0
2011-11-09,5.988,5.988,5.988,5.988,0.0
2011-11-10,5.938,5.938,5.938,5.938,0.0
2011-11-11,5.868,5.868,5.868,5.868,0.0
2011-11-14,5.846,5.846,5.846,5.846,0.0
2011-11-15,5.856,5.856,5.856,5.856,0.0
2011-11-16,5.831,5.831,5.831,5.831,0.0
2011-11-17,5.783,5.783,5.783,5.783,0.0
2011-11-18,5.742,5.742,5.742,5.742,0.0
2011-11-21,5.752,5.752,5.752,5.752,0.0
2011-11-22,5.731,5.731,5.731,5.731,0.0
2011-11-23,5.703,5.703,5.703,5.703,0.0
2011-11-25,5.742,5.742,5.742,5.742,0.0
2011-11-28,5.693,5.693,5.693,5.693,0.0
2011-11-29,5.799,5.799,5.799,5.799,0.0
2011-11-30,5.784,5.784,5.784,5.784,0.0
2011-12-01,5.769,5.769,5.769,5.769,0.0
2011-12-02,5.77,5.77,5.77,5.77,0.0
2011-12-05,5.77,5.77,5.77,5.77,0.0
2011-12-06,5.739,5.739,5.739,5.739,0.0
2011-12-07,5.773,5.773,5.773,5.773,0.0
2011-12-08,5.743,5.743,5.743,5.743,0.0
2011-12-09,5.701,5.701,5.701,5.701,0.0
2011-12-12,5.663,5.663,5.663,5.663,0.0
2011-12-13,5.582,5.582,5.582,5.582,0.0
2011-12-14,5.563,5.563,5.563,5.563,0.0
2011-12-15,5.525,5.525,5.525,5.525,0.0
2011-12-16,5.55,5.55,5.55,5.55,0.0
2011-12-19,5.547,5.547,5.547,5.547,0.0
2011-12-20,5.556,5.556,5.556,5.556,0.0
2011-12-21,5.513,5.513,5.513,5.513,0.0
2011-12-22,5.528,5.528,5.528,5.528,0.0
2011-12-23,5.513,5.513,5.513,5.513,0.0
2011-12-27,5.513,5.513,5.513,5.513,0.0
2011-12-28,5.498,5.498,5.498,5.498,0.0
2011-12-29,5.498,5.498,5.498,5.498,0.0
2011-12-30,5.498,5.498,5.498,5.498,0.0
2012-01-03,5.497,5.497,5.497,5.497,0.0
2012-01-04,5.504,5.504,5.504,5.504,0.0
2012-01-05,5.53,5.53,5.53,5.53,0.0
2012-01-06,5.57,5.57,5.57,5.57,0.0
2012-01-09,5.551,5.551,5.551,5.551,0.0
2012-01-10,5.513,5.513,5.513,5.513,0.0
2012-01-11,5.543,5.543,5.543,5.543,0.0
2012-01-12,5.52,5.52,5.52,5.52,0.0
2012-01-13,5.516,5.516,5.516,5.516,0.0
2012-01-17,5.484,5.484,5.484,5.484,0.0
2012-01-18,5.395,5.395,5.395,5.395,0.0
2012-01-19,5.367,5.367,5.367,5.367,0.0
2012-01-20,5.208,5.208,5.208,5.208,0.0
2012-01-23,5.217,5.217,5.217,5.217,0.0
2012-01-24,5.253,5.253,5.253,5.253,0.0
2012-01-25,5.274,5.274,5.274,5.274,0.0
2012-01-26,5.202,5.202,5.202,5.202,0.0
2012-01-27,5.234,5.234,5.234,5.234,0.0
2012-01-30,5.209,5.209,5.209,5.209,0.0
2012-01-31,5.164,5.164,5.164,5.164,0.0
2012-02-01,5.131,5.131,5.131,5.131,0.0
2012-02-02,5.227,5.227,5.227,5.227,0.0
2012-02-03,5.256,5.256,5.256,5.256,0.0
2012-02-06,5.315,5.315,5.315,5.315,0.0
2012-02-07,5.223,5.223,5.223,5.223,0.0
2012-02-08,5.172,5.172,5.172,5.172,0.0
2012-02-09,5.071,5.071,5.071,5.071,0.0
2012-02-10,5.119,5.119,5.119,5.119,0.0
2012-02-13,5.119,5.119,5.119,5.119,0.0
2012-02-14,5.133,5.133,5.133,5.133,0.0
2012-02-15,5.133,5.133,5.133,5.133,0.0
2012-02-16,5.101,5.101,5.101,5.101,0.0
2012-02-17,5.121,5.121,5.121,5.121,0.0
2012-02-21,5.09,5.09,5.09,5.09,0.0
2012-02-22,5.166,5.166,5.166,5.166,0.0
2012-02-23,5.173,5.173,5.173,5.173,0.0
2012-02-24,5.142,5.142,5.142,5.142,0.0
2012-02-27,5.097,5.097,5.097,5.097,0.0
2012-02-28,5.07,5.07,5.07,5.07,0.0
2012-02-29,5.08,5.08,5.08,5.08,0.0
2012-03-01,5.035,5.035,5.035,5.035,0.0
2012-03-02,5.074,5.074,5.074,5.074,0.0
2012-03-05,5.001,5.001,5.001,5.001,0.0
2012-03-06,4.929,4.929,4.929,4.929,0.0
2012-03-07,4.884,4.884,4.884,4.884,0.0
2012-03-08,4.885,4.885,4.885,4.885,0.0
2012-03-09,4.992,4.992,4.992,4.992,0.0
2012-03-12,4.971,4.971,4.971,4.971,0.0
2012-03-13,5.02,5.02,5.02,5.02,0.0
2012-03-14,5.094,5.094,5.094,5.094,0.0
2012-03-15,5.094,5.094,5.094,5.094,0.0
2012-03-16,5.076,5.076,5.076,5.076,0.0
2012-03-19,5.092,5.092,5.092,5.092,0.0
2012-03-20,5.061,5.061,5.061,5.061,0.0
2012-03-21,5.051,5.051,5.051,5.051,20.0
2012-03-22,5.038,5.038,5.038,5.038,0.0
2012-03-23,5.058,5.058,5.058,5.058,0.0
2012-03-26,5.07,5.07,5.07,5.07,0.0
2012-03-27,5.06,5.06,5.06,5.06,0.0
2012-03-28,5.072,5.072,5.072,5.072,0.0
2012-03-29,5.029,5.029,5.029,5.029,0.0
2012-03-30,5.097,5.097,5.097,5.097,0.0
2012-04-02,5.097,5.097,5.097,5.097,0.0
2012-04-03,5.097,5.097,5.097,5.097,0.0
2012-04-04,5.09,5.09,5.09,5.09,0.0
2012-04-05,5.052,5.052,5.052,5.052,0.0
2012-04-09,5.072,5.072,5.072,5.072,0.0
2012-04-10,5.051,5.051,5.051,5.051,0.0
2012-04-11,5.005,5.005,5.005,5.005,0.0
2012-04-12,4.919,4.919,4.919,4.919,0.0
2012-04-13,4.907,4.907,4.907,4.907,0.0
2012-04-16,4.877,4.877,4.877,4.877,0.0
2012-04-17,4.816,4.816,4.816,4.816,0.0
2012-04-18,4.794,4.794,4.794,4.794,0.0
2012-04-19,4.764,4.764,4.764,4.764,0.0
2012-04-20,4.703,4.703,4.703,4.703,0.0
2012-04-23,4.662,4.662,4.662,4.662,0.0
2012-04-24,4.696,4.696,4.696,4.696,0.0
2012-04-25,4.595,4.595,4.595,4.595,0.0
2012-04-26,4.619,4.619,4.619,4.619,0.0
2012-04-27,4.653,4.653,4.653,4.653,0.0
2012-04-30,4.693,4.693,4.693,4.693,0.0
2012-05-01,4.695,4.695,4.695,4.695,0.0
2012-05-02,4.698,4.698,4.698,4.698,0.0
2012-05-03,4.705,4.705,4.705,4.705,0.0
2012-05-04,4.697,4.697,4.697,4.697,0.0
2012-05-07,4.707,4.707,4.707,4.707,0.0
2012-05-08,4.7,4.7,4.7,4.7,0.0
2012-05-09,4.729,4.729,4.729,4.729,0.0
2012-05-10,4.714,4.714,4.714,4.714,0.0
2012-05-11,4.694,4.694,4.694,4.694,0.0
2012-05-14,4.702,4.702,4.702,4.702,0.0
2012-05-15,4.739,4.739,4.739,4.739,0.0
2012-05-16,4.767,4.767,4.767,4.767,0.0
2012-05-17,4.756,4.756,4.756,4.756,0.0
2012-05-18,4.802,4.802,4.802,4.802,0.0
2012-05-21,4.742,4.742,4.742,4.742,0.0
2012-05-22,4.783,4.783,4.783,4.783,0.0
2012-05-23,4.767,4.767,4.767,4.767,0.0
2012-05-24,4.776,4.776,4.776,4.776,0.0
2012-05-25,4.821,4.821,4.821,4.821,0.0
2012-05-29,4.787,4.787,4.787,4.787,0.0
2012-05-30,4.745,4.745,4.745,4.745,0.0
2012-05-31,4.81,4.81,4.81,4.81,0.0
2012-06-01,4.77,4.77,4.77,4.77,0.0
2012-06-04,4.772,4.772,4.772,4.772,0.0
2012-06-05,4.714,4.714,4.714,4.714,0.0
2012-06-06,4.709,4.709,4.709,4.709,0.0
2012-06-07,4.688,4.688,4.688,4.688,0.0
2012-06-08,4.709,4.709,4.709,4.709,0.0
2012-06-11,4.672,4.672,4.672,4.672,0.0
2012-06-12,4.672,4.672,4.672,4.672,0.0
2012-06-13,4.671,4.671,4.671,4.671,0.0
2012-06-14,4.696,4.696,4.696,4.696,0.0
2012-06-15,4.612,4.612,4.612,4.612,0.0
2012-06-18,4.563,4.563,4.563,4.563,0.0
2012-06-19,4.598,4.598,4.598,4.598,0.0
2012-06-20,4.598,4.598,4.598,4.598,0.0
2012-06-21,4.573,4.573,4.573,4.573,0.0
2012-06-22,4.555,4.555,4.555,4.555,0.0
2012-06-25,4.582,4.582,4.582,4.582,0.0
2012-06-26,4.627,4.627,4.627,4.627,0.0
2012-06-27,4.645,4.645,4.645,4.645,0.0
2012-06-28,4.643,4.643,4.643,4.643,0.0
2012-06-29,4.636,4.636,4.636,4.636,0.0
2012-07-02,4.647,4.647,4.647,4.647,0.0
2012-07-03,4.688,4.688,4.688,4.688,0.0
2012-07-05,4.691,4.691,4.691,4.691,0.0
2012-07-06,4.643,4.643,4.643,4.643,0.0
2012-07-09,4.697,4.697,4.697,4.697,0.0
2012-07-10,4.69,4.69,4.69,4.69,0.0
2012-07-11,4.737,4.737,4.737,4.737,0.0
2012-07-12,4.726,4.726,4.726,4.726,0.0
2012-07-13,4.729,4.729,4.729,4.729,0.0
2012-07-16,4.68,4.68,4.68,4.68,0.0
2012-07-17,4.755,4.755,4.755,4.755,0.0
2012-07-18,4.815,4.815,4.815,4.815,0.0
2012-07-19,4.779,4.779,4.779,4.779,0.0
2012-07-20,4.801,4.801,4.801,4.801,0.0
2012-07-23,4.81,4.81,4.81,4.81,0.0
2012-07-24,4.847,4.847,4.847,4.847,0.0
2012-07-25,4.854,4.854,4.854,4.854,0.0
2012-07-26,4.897,4.897,4.897,4.897,0.0
2012-07-27,4.899,4.899,4.899,4.899,0.0
2012-07-30,4.967,4.967,4.967,4.967,0.0
2012-07-31,4.927,4.927,4.927,4.927,0.0
2012-08-01,4.892,4.892,4.892,4.892,0.0
2012-08-02,4.772,4.772,4.772,4.772,0.0
2012-08-03,4.744,4.744,4.744,4.744,0.0
2012-08-06,4.942,4.942,4.942,4.942,0.0
2012-08-07,4.926,4.926,4.926,4.926,0.0
2012-08-08,5.11,5.11,5.11,5.11,0.0
2012-08-09,5.01,5.01,5.01,5.01,0.0
2012-08-10,4.947,4.947,4.947,4.947,0.0
2012-08-13,4.92,4.92,4.92,4.92,0.0
2012-08-14,4.962,4.962,4.962,4.962,0.0
2012-08-15,5.038,5.038,5.038,5.038,0.0
2012-08-16,5.011,5.011,5.011,5.011,0.0
2012-08-17,5.009,5.009,5.009,5.009,0.0
2012-08-20,5.048,5.048,5.048,5.048,0.0
2012-08-21,5.022,5.022,5.022,5.022,0.0
2012-08-22,5.013,5.013,5.013,5.013,0.0
2012-08-23,4.996,4.996,4.996,4.996,0.0
2012-08-24,4.958,4.958,4.958,4.958,0.0
2012-08-27,4.933,4.933,4.933,4.933,0.0
2012-08-28,4.878,4.878,4.878,4.878,0.0
2012-08-29,4.899,4.899,4.899,4.899,0.0
2012-08-30,4.906,4.906,4.906,4.906,0.0
2012-08-31,4.895,4.895,4.895,4.895,0.0
2012-09-04,4.9,4.9,4.9,4.9,0.0
2012-09-05,4.89,4.89,4.89,4.89,0.0
2012-09-06,4.881,4.881,4.881,4.881,0.0
2012-09-07,4.836,4.836,4.836,4.836,0.0
2012-09-10,4.84,4.84,4.84,4.84,0.0
2012-09-11,4.88,4.88,4.88,4.88,0.0
2012-09-12,4.955,4.955,4.955,4.955,0.0
2012-09-13,4.955,4.955,4.955,4.955,0.0
2012-09-14,4.945,4.945,4.945,4.945,0.0
2012-09-17,4.926,4.926,4.926,4.926,0.0
2012-09-18,5.004,5.004,5.004,5.004,0.0
2012-09-19,5.004,5.004,5.004,5.004,0.0
2012-09-20,5.008,5.008,5.008,5.008,0.0
2012-09-21,5.067,5.067,5.067,5.067,0.0
2012-09-24,5.051,5.051,5.051,5.051,0.0
2012-09-25,5.073,5.073,5.073,5.073,0.0
2012-09-26,5.071,5.071,5.071,5.071,0.0
2012-09-27,5.095,5.095,5.095,5.095,0.0
2012-09-28,5.107,5.107,5.107,5.107,0.0
2012-10-01,5.131,5.131,5.131,5.131,0.0
2012-10-02,5.093,5.093,5.093,5.093,0.0
2012-10-03,5.071,5.071,5.071,5.071,0.0
2012-10-04,5.079,5.079,5.079,5.079,0.0
2012-10-05,5.129,5.129,5.129,5.129,0.0
2012-10-08,5.168,5.168,5.168,5.168,0.0
2012-10-09,5.174,5.174,5.174,5.174,0.0
2012-10-10,5.151,5.151,5.151,5.151,0.0
2012-10-11,5.179,5.179,5.179,5.179,0.0
2012-10-12,5.14,5.14,5.14,5.14,0.0
2012-10-15,5.106,5.106,5.106,5.106,0.0
2012-10-16,5.112,5.112,5.112,5.112,0.0
2012-10-17,5.16,5.16,5.16,5.16,0.0
2012-10-18,5.126,5.126,5.126,5.126,0.0
2012-10-19,5.124,5.124,5.124,5.124,0.0
2012-10-22,5.12,5.12,5.12,5.12,0.0
2012-10-23,5.155,5.155,5.155,5.155,0.0
2012-10-24,5.134,5.134,5.134,5.134,0.0
2012-10-25,5.164,5.164,5.164,5.164,0.0
2012-10-26,5.169,5.169,5.169,5.169,0.0
2012-10-29,5.238,5.238,5.238,5.238,0.0
2012-10-30,5.169,5.169,5.169,5.169,0.0
2012-10-31,5.171,5.171,5.171,5.171,0.0
2012-11-01,5.178,5.178,5.178,5.178,0.0
2012-11-02,5.077,5.077,5.077,5.077,0.0
2012-11-05,5.039,5.039,5.039,5.039,0.0
2012-11-06,5.088,5.088,5.088,5.088,0.0
2012-11-07,5.064,5.064,5.064,5.064,0.0
2012-11-08,5.107,5.107,5.107,5.107,0.0
2012-11-09,5.046,5.046,5.046,5.046,0.0
2012-11-12,5.096,5.096,5.096,5.096,0.0
2012-11-13,5.135,5.135,5.135,5.135,0.0
2012-11-14,5.102,5.102,5.102,5.102,0.0
2012-11-15,5.023,5.023,5.023,5.023,0.0
2012-11-16,5.021,5.021,5.021,5.021,0.0
2012-11-19,4.986,4.986,4.986,4.986,0.0
2012-11-20,5.027,5.027,5.027,5.027,0.0
2012-11-21,4.996,4.996,4.996,4.996,0.0
2012-11-23,4.983,4.983,4.983,4.983,0.0
2012-11-26,4.952,4.952,4.952,4.952,0.0
2012-11-27,4.987,4.987,4.987,4.987,0.0
2012-11-28,4.979,4.979,4.979,4.979,0.0
2012-11-29,4.903,4.903,4.903,4.903,0.0
2012-11-30,4.884,4.884,4.884,4.884,0.0
2012-12-03,4.918,4.918,4.918,4.918,0.0
2012-12-04,4.893,4.893,4.893,4.893,0.0
2012-12-05,4.938,4.938,4.938,4.938,0.0
2012-12-06,4.93,4.93,4.93,4.93,0.0
2012-12-07,4.907,4.907,4.907,4.907,0.0
2012-12-10,4.919,4.919,4.919,4.919,2.0
2012-12-11,4.892,4.892,4.892,4.892,0.0
2012-12-12,4.886,4.886,4.886,4.886,0.0
2012-12-13,4.893,4.893,4.893,4.893,0.0
2012-12-14,4.889,4.889,4.889,4.889,0.0
2012-12-17,4.934,4.934,4.934,4.934,0.0
2012-12-18,5.061,5.061,5.061,5.061,0.0
2012-12-19,5.031,5.031,5.031,5.031,0.0
2012-12-20,5.097,5.097,5.097,5.097,0.0
2012-12-21,5.079,5.079,5.079,5.079,0.0
2012-12-24,5.042,5.042,5.042,5.042,0.0
2012-12-26,5.062,5.062,5.062,5.062,0.0
2012-12-27,5.045,5.045,5.045,5.045,0.0
2012-12-28,5.04,5.04,5.04,5.04,0.0
2012-12-31,4.999,4.999,4.999,4.999,0.0
2013-01-02,4.963,4.963,4.963,4.963,0.0
2013-01-03,4.958,4.958,4.958,4.958,0.0
2013-01-04,5.011,5.011,5.011,5.011,0.0
2013-01-07,4.992,4.992,4.992,4.992,0.0
2013-01-08,4.97,4.97,4.97,4.97,0.0
2013-01-09,4.945,4.945,4.945,4.945,0.0
2013-01-10,4.962,4.962,4.962,4.962,0.0
2013-01-11,4.924,4.924,4.924,4.924,0.0
2013-01-14,4.911,4.911,4.911,4.911,0.0
2013-01-15,4.918,4.918,4.918,4.918,0.0
2013-01-16,4.918,4.918,4.918,4.918,0.0
2013-01-17,4.908,4.908,4.908,4.908,0.0
2013-01-18,4.939,4.939,4.939,4.939,0.0
2013-01-22,4.933,4.933,4.933,4.933,0.0
2013-01-23,4.968,4.968,4.968,4.968,0.0
2013-01-24,4.939,4.939,4.939,4.939,0.0
2013-01-25,4.959,4.959,4.959,4.959,0.0
2013-01-28,4.899,4.899,4.899,4.899,0.0
2013-01-29,4.87,4.87,4.87,4.87,0.0
2013-01-30,4.894,4.894,4.894,4.894,0.0
2013-01-31,4.885,4.885,4.885,4.885,0.0
2013-02-01,4.842,4.842,4.842,4.842,0.0
2013-02-04,4.862,4.862,4.862,4.862,0.0
2013-02-05,4.882,4.882,4.882,4.882,0.0
2013-02-06,4.877,4.877,4.877,4.877,0.0
2013-02-07,4.853,4.853,4.853,4.853,0.0
2013-02-08,4.898,4.898,4.898,4.898,0.0
2013-02-11,4.908,4.908,4.908,4.908,0.0
2013-02-12,4.918,4.918,4.918,4.918,0.0
2013-02-13,4.947,4.947,4.947,4.947,0.0
2013-02-14,4.928,4.928,4.928,4.928,0.0
2013-02-15,4.909,4.909,4.909,4.909,0.0
2013-02-19,4.952,4.952,4.952,4.952,0.0
2013-02-20,4.93,4.93,4.93,4.93,0.0
2013-02-21,4.903,4.903,4.903,4.903,0.0
2013-02-22,4.9,4.9,4.9,4.9,0.0
2013-02-25,4.901,4.901,4.901,4.901,0.0
2013-02-26,4.903,4.903,4.903,4.903,0.0
2013-02-27,4.896,4.896,4.896,4.896,0.0
2013-02-28,4.917,4.917,4.917,4.917,0.0
2013-03-01,4.93,4.93,4.93,4.93,0.0
2013-03-04,4.981,4.981,4.981,4.981,0.0
2013-03-05,4.969,4.969,4.969,4.969,0.0
2013-03-06,4.939,4.939,4.939,4.939,0.0
2013-03-07,4.971,4.971,4.971,4.971,0.0
2013-03-08,4.967,4.967,4.967,4.967,0.0
2013-03-11,4.96,4.96,4.96,4.96,0.0
2013-03-12,4.93,4.93,4.93,4.93,0.0
2013-03-13,4.938,4.938,4.938,4.938,0.0
2013-03-14,4.93,4.93,4.93,4.93,0.0
2013-03-15,4.933,4.933,4.933,4.933,0.0
2013-03-18,4.918,4.918,4.918,4.918,0.0
2013-03-19,4.943,4.943,4.943,4.943,0.0
2013-03-20,4.937,4.937,4.937,4.937,0.0
2013-03-21,4.874,4.874,4.874,4.874,0.0
2013-03-22,4.866,4.866,4.866,4.866,0.0
2013-03-25,4.832,4.832,4.832,4.832,0.0
2013-03-26,4.844,4.844,4.844,4.844,0.0
2013-03-27,4.779,4.779,4.779,4.779,0.0
2013-03-28,4.741,4.741,4.741,4.741,0.0
2013-04-01,4.73,4.73,4.73,4.73,0.0
2013-04-02,4.693,4.693,4.693,4.693,0.0
2013-04-03,4.721,4.721,4.721,4.721,0.0
2013-04-04,4.733,4.733,4.733,4.733,0.0
2013-04-05,4.71,4.71,4.71,4.71,0.0
2013-04-08,4.631,4.631,4.631,4.631,0.0
2013-04-09,4.5,4.5,4.486,4.486,1.0
2013-04-10,4.43,4.43,4.43,4.43,0.0
2013-04-11,4.509,4.509,4.509,4.509,0.0
2013-04-12,4.663,4.663,4.663,4.663,0.0
2013-04-15,4.674,4.674,4.674,4.674,0.0
2013-04-16,4.745,4.745,4.745,4.745,0.0
2013-04-17,4.749,4.749,4.749,4.749,0.0
2013-04-18,4.739,4.739,4.739,4.739,0.0
2013-04-19,4.739,4.739,4.739,4.739,0.0
2013-04-22,4.732,4.732,4.732,4.732,0.0
2013-04-23,4.72,4.72,4.72,4.72,0.0
2013-04-24,4.625,4.625,4.625,4.625,0.0
2013-04-25,4.626,4.626,4.626,4.626,0.0
2013-04-26,4.628,4.628,4.628,4.628,0.0
2013-04-29,4.641,4.641,4.641,4.641,0.0
2013-04-30,4.636,4.636,4.636,4.636,0.0
2013-05-01,4.621,4.621,4.621,4.621,0.0
2013-05-02,4.619,4.619,4.619,4.619,0.0
2013-05-03,4.672,4.672,4.672,4.672,0.0
2013-05-06,4.723,4.723,4.723,4.723,0.0
2013-05-07,4.722,4.722,4.722,4.722,0.0
2013-05-08,4.706,4.706,4.706,4.706,0.0
2013-05-09,4.668,4.668,4.668,4.668,0.0
2013-05-10,4.65,4.65,4.65,4.65,0.0
2013-05-13,4.66,4.66,4.66,4.66,0.0
2013-05-14,4.691,4.691,4.691,4.691,0.0
2013-05-15,4.673,4.673,4.673,4.673,0.0
2013-05-16,4.67,4.67,4.67,4.67,0.0
2013-05-17,4.827,4.827,4.827,4.827,0.0
2013-05-20,4.975,4.975,4.975,4.975,0.0
2013-05-21,5.037,5.037,5.037,5.037,0.0
2013-05-22,5.098,5.098,5.098,5.098,0.0
2013-05-23,5.086,5.086,5.086,5.086,0.0
2013-05-24,5.077,5.077,5.077,5.077,0.0
2013-05-28,5.066,5.066,5.066,5.066,0.0
2013-05-29,5.057,5.057,5.057,5.057,0.0
2013-05-30,5.017,5.017,5.017,5.017,0.0
2013-05-31,5.039,5.039,5.039,5.039,0.0
2013-06-03,5.054,5.054,5.054,5.054,0.0
2013-06-04,5.031,5.031,5.031,5.031,0.0
2013-06-05,5.003,5.003,5.003,5.003,0.0
2013-06-06,4.948,4.948,4.948,4.948,0.0
2013-06-07,4.968,4.968,4.968,4.968,0.0
2013-06-10,4.952,4.952,4.952,4.952,0.0
2013-06-11,4.877,4.877,4.877,4.877,0.0
2013-06-12,4.846,4.846,4.846,4.846,0.0
2013-06-13,4.85,4.85,4.85,4.85,0.0
2013-06-14,4.825,4.825,4.825,4.825,0.0
2013-06-17,4.861,4.861,4.861,4.861,0.0
2013-06-18,4.914,4.914,4.914,4.914,0.0
2013-06-19,4.881,4.881,4.881,4.881,0.0
2013-06-20,4.839,4.839,4.839,4.839,0.0
2013-06-21,4.888,4.888,4.888,4.888,0.0
2013-06-24,4.998,4.998,4.998,4.998,0.0
2013-06-25,5.055,5.055,5.055,5.055,0.0
2013-06-26,5.102,5.102,5.102,5.102,0.0
2013-06-27,5.041,5.041,5.041,5.041,0.0
2013-06-28,5.073,5.073,5.073,5.073,0.0
2013-07-01,5.008,5.008,5.008,5.008,0.0
2013-07-02,5.043,5.043,5.043,5.043,0.0
2013-07-03,5.065,5.065,5.065,5.065,0.0
2013-07-05,5.024,5.024,5.024,5.024,0.0
2013-07-08,5.071,5.071,5.071,5.071,0.0
2013-07-09,4.979,4.979,4.979,4.979,0.0
2013-07-10,4.965,4.965,4.965,4.965,0.0
2013-07-11,4.961,4.961,4.961,4.961,0.0
2013-07-12,4.961,4.961,4.961,4.961,0.0
2013-07-15,4.982,4.982,4.982,4.982,0.0
2013-07-16,4.981,4.981,4.981,4.981,0.0
2013-07-17,4.983,4.983,4.983,4.983,0.0
2013-07-18,4.936,4.936,4.936,4.936,0.0
2013-07-19,4.89,4.89,4.89,4.89,0.0
2013-07-22,4.866,4.866,4.866,4.866,0.0
2013-07-23,4.835,4.835,4.835,4.835,0.0
2013-07-24,4.854,4.854,4.854,4.854,0.0
2013-07-25,4.879,4.879,4.879,4.879,0.0
2013-07-26,4.839,4.839,4.839,4.839,0.0
2013-07-29,4.839,4.839,4.839,4.839,0.0
2013-07-30,4.806,4.806,4.806,4.806,0.0
2013-07-31,4.824,4.824,4.824,4.824,0.0
2013-08-01,4.814,4.814,4.814,4.814,0.0
2013-08-02,4.799,4.799,4.799,4.799,0.0
2013-08-05,4.802,4.802,4.802,4.802,0.0
2013-08-06,4.78,4.78,4.78,4.78,0.0
2013-08-07,4.792,4.792,4.792,4.792,0.0
2013-08-08,4.782,4.782,4.782,4.782,0.0
2013-08-09,4.752,4.752,4.752,4.752,0.0
2013-08-12,4.701,4.701,4.701,4.701,0.0
2013-08-13,4.664,4.664,4.664,4.664,0.0
2013-08-14,4.617,4.617,4.617,4.617,0.0
2013-08-15,4.645,4.645,4.645,4.645,0.0
2013-08-16,4.627,4.627,4.627,4.627,0.0
2013-08-19,4.638,4.638,4.638,4.638,0.0
2013-08-20,4.62,4.621,4.62,4.621,4.0
2013-08-21,4.585,4.585,4.585,4.585,0.0
2013-08-22,4.616,4.616,4.616,4.616,0.0
2013-08-23,4.586,4.586,4.586,4.586,0.0
2013-08-26,4.558,4.558,4.558,4.558,0.0
2013-08-27,4.526,4.526,4.526,4.526,0.0
2013-08-28,4.538,4.538,4.538,4.538,0.0
2013-08-29,4.548,4.548,4.548,4.548,0.0
2013-08-30,4.56,4.56,4.56,4.56,0.0
2013-09-03,4.569,4.569,4.569,4.569,0.0
2013-09-04,4.536,4.536,4.536,4.536,0.0
2013-09-05,4.512,4.512,4.512,4.512,0.0
2013-09-06,4.509,4.509,4.509,4.509,0.0
2013-09-09,4.504,4.504,4.504,4.504,0.0
2013-09-10,4.518,4.518,4.518,4.518,0.0
2013-09-11,4.505,4.505,4.505,4.505,0.0
2013-09-12,4.494,4.494,4.494,4.494,0.0
2013-09-13,4.514,4.514,4.514,4.514,0.0
2013-09-16,4.516,4.516,4.516,4.516,0.0
2013-09-17,4.491,4.491,4.491,4.491,0.0
2013-09-18,4.544,4.544,4.544,4.544,0.0
2013-09-19,4.573,4.573,4.573,4.573,0.0
2013-09-20,4.559,4.559,4.559,4.559,0.0
2013-09-23,4.52,4.52,4.52,4.52,0.0
2013-09-24,4.5,4.5,4.5,4.5,0.0
2013-09-25,4.487,4.487,4.487,4.487,0.0
2013-09-26,4.5,4.553,4.5,4.553,1.0
2013-09-27,4.573,4.573,4.573,4.573,0.0
2013-09-30,4.523,4.523,4.523,4.523,0.0
2013-10-01,4.543,4.543,4.543,4.543,0.0
2013-10-02,4.502,4.502,4.502,4.502,0.0
2013-10-03,4.503,4.503,4.503,4.503,0.0
2013-10-04,4.511,4.511,4.511,4.511,0.0
2013-10-07,4.55,4.55,4.528,4.528,1.0
2013-10-08,4.544,4.544,4.544,4.544,0.0
2013-10-09,4.532,4.532,4.532,4.532,0.0
2013-10-10,4.532,4.532,4.532,4.532,0.0
2013-10-11,4.48,4.487,4.48,4.487,2.0
2013-10-14,4.504,4.504,4.504,4.504,0.0
2013-10-15,4.462,4.462,4.462,4.462,0.0
2013-10-16,4.421,4.421,4.421,4.421,0.0
2013-10-17,4.459,4.459,4.459,4.459,0.0
2013-10-18,4.47,4.47,4.47,4.47,0.0
2013-10-21,4.466,4.466,4.466,4.466,0.0
2013-10-22,4.472,4.472,4.472,4.472,0.0
2013-10-23,4.478,4.478,4.478,4.478,0.0
2013-10-24,4.491,4.491,4.491,4.491,0.0
2013-10-25,4.522,4.522,4.522,4.522,0.0
2013-10-28,4.475,4.475,4.475,4.475,0.0
2013-10-29,4.466,4.466,4.466,4.466,0.0
2013-10-30,4.452,4.452,4.452,4.452,0.0
2013-10-31,4.401,4.401,4.401,4.401,0.0
2013-11-01,4.361,4.361,4.361,4.361,0.0
2013-11-04,4.318,4.318,4.318,4.318,0.0
2013-11-05,4.309,4.309,4.309,4.309,0.0
2013-11-06,4.321,4.321,4.321,4.321,0.0
2013-11-07,4.315,4.315,4.315,4.315,0.0
2013-11-08,4.303,4.303,4.303,4.303,0.0
2013-11-11,4.312,4.312,4.312,4.312,0.0
2013-11-12,4.32,4.32,4.29,4.29,7.0
2013-11-13,4.265,4.265,4.265,4.265,0.0
2013-11-14,4.262,4.262,4.262,4.262,0.0
2013-11-15,4.26,4.26,4.255,4.257,2.0
2013-11-18,4.25,4.261,4.25,4.261,1.0
2013-11-19,4.24,4.24,4.235,4.235,1.0
2013-11-20,4.267,4.267,4.267,4.267,0.0
2013-11-21,4.259,4.259,4.259,4.259,0.0
2013-11-22,4.261,4.261,4.261,4.261,0.0
2013-11-25,4.272,4.272,4.272,4.272,0.0
2013-11-26,4.264,4.264,4.264,4.264,0.0
2013-11-27,4.266,4.266,4.266,4.266,0.0
2013-11-29,4.263,4.263,4.263,4.263,0.0
2013-12-02,4.346,4.346,4.346,4.346,0.0
2013-12-03,4.399,4.399,4.399,4.399,0.0
2013-12-04,4.47,4.47,4.47,4.47,0.0
2013-12-05,4.449,4.449,4.449,4.449,0.0
2013-12-06,4.44,4.44,4.44,4.44,0.0
2013-12-09,4.376,4.376,4.376,4.376,0.0
2013-12-10,4.34,4.34,4.34,4.34,3.0
2013-12-11,4.304,4.304,4.304,4.304,0.0
2013-12-12,4.224,4.224,4.224,4.224,0.0
2013-12-13,4.226,4.226,4.226,4.226,0.0
2013-12-16,4.273,4.273,4.273,4.273,0.0
2013-12-17,4.24,4.24,4.24,4.24,0.0
2013-12-18,4.207,4.207,4.207,4.207,0.0
2013-12-19,4.228,4.228,4.228,4.228,0.0
2013-12-20,4.188,4.188,4.188,4.188,0.0
2013-12-23,4.173,4.173,4.173,4.173,0.0
2013-12-24,4.2,4.2,4.2,4.2,0.0
2013-12-26,4.197,4.197,4.197,4.197,0.0
2013-12-27,4.209,4.209,4.209,4.209,0.0
2013-12-30,4.199,4.199,4.199,4.199,0.0
2013-12-31,4.152,4.152,4.152,4.152,0.0
2014-01-02,4.167,4.167,4.167,4.167,0.0
2014-01-03,4.188,4.188,4.188,4.188,0.0
2014-01-06,4.194,4.194,4.194,4.194,0.0
2014-01-07,4.212,4.212,4.212,4.212,0.0
2014-01-08,4.197,4.197,4.197,4.197,0.0
2014-01-09,4.143,4.143,4.143,4.143,0.0
2014-01-10,4.183,4.183,4.183,4.183,0.0
2014-01-13,4.146,4.146,4.146,4.146,0.0
2014-01-14,4.143,4.143,4.143,4.143,0.0
2014-01-15,4.148,4.148,4.139,4.139,1.0
2014-01-16,4.134,4.134,4.134,4.134,0.0
2014-01-17,4.1,4.124,4.1,4.124,1.0
2014-01-21,4.172,4.172,4.172,4.172,0.0
2014-01-22,4.172,4.172,4.172,4.172,0.0
2014-01-23,4.166,4.166,4.166,4.166,0.0
2014-01-24,4.151,4.151,4.151,4.151,0.0
2014-01-27,4.205,4.205,4.205,4.205,0.0
2014-01-28,4.192,4.192,4.192,4.192,0.0
2014-01-29,4.187,4.187,4.187,4.187,0.0
2014-01-30,4.189,4.189,4.189,4.189,0.0
2014-01-31,4.191,4.191,4.191,4.191,0.0
2014-02-03,4.227,4.227,4.227,4.227,0.0
2014-02-04,4.213,4.213,4.213,4.213,0.0
2014-02-05,4.18,4.18,4.18,4.18,0.0
2014-02-06,4.125,4.125,4.125,4.125,0.0
2014-02-07,4.117,4.117,4.117,4.117,0.0
2014-02-10,4.089,4.089,4.089,4.089,0.0
2014-02-11,4.014,4.014,4.014,4.014,0.0
2014-02-12,4.0,4.0,4.0,4.0,0.0
2014-02-13,3.996,3.996,3.996,3.996,0.0
2014-02-14,4.019,4.019,4.019,4.019,0.0
2014-02-18,4.025,4.025,4.025,4.025,0.0
2014-02-19,4.052,4.052,4.052,4.052,0.0
2014-02-20,4.106,4.106,4.106,4.106,0.0
2014-02-21,4.128,4.128,4.128,4.128,0.0
2014-02-24,4.149,4.149,4.149,4.149,0.0
2014-02-25,4.158,4.158,4.158,4.158,0.0
2014-02-26,4.135,4.135,4.135,4.135,0.0
2014-02-27,4.082,4.082,4.082,4.082,0.0
2014-02-28,4.055,4.055,4.055,4.055,0.0
2014-03-03,4.053,4.053,4.053,4.053,0.0
2014-03-04,4.078,4.078,4.078,4.078,0.0
2014-03-05,4.098,4.098,4.098,4.098,0.0
2014-03-06,4.203,4.203,4.203,4.203,0.0
2014-03-07,4.165,4.165,4.165,4.165,0.0
2014-03-10,4.165,4.175,4.165,4.175,5.0
2014-03-11,4.176,4.176,4.176,4.176,0.0
2014-03-12,4.209,4.209,4.209,4.209,0.0
2014-03-13,4.244,4.244,4.244,4.244,0.0
2014-03-14,4.275,4.319,4.275,4.319,5.0
2014-03-17,4.301,4.301,4.301,4.301,0.0
2014-03-18,4.252,4.252,4.252,4.252,0.0
2014-03-19,4.278,4.278,4.278,4.278,0.0
2014-03-20,4.304,4.304,4.304,4.304,0.0
2014-03-21,4.294,4.294,4.294,4.294,0.0
2014-03-24,4.319,4.319,4.319,4.319,0.0
2014-03-25,4.344,4.344,4.344,4.344,0.0
2014-03-26,4.363,4.363,4.363,4.363,0.0
2014-03-27,4.36,4.36,4.36,4.36,0.0
2014-03-28,4.327,4.327,4.327,4.327,0.0
2014-03-31,4.327,4.327,4.327,4.327,0.0
2014-04-01,4.286,4.286,4.286,4.286,0.0
2014-04-02,4.31,4.31,4.31,4.31,0.0
2014-04-03,4.367,4.367,4.367,4.367,0.0
2014-04-04,4.369,4.369,4.369,4.369,0.0
2014-04-07,4.389,4.389,4.389,4.389,0.0
2014-04-08,4.393,4.393,4.393,4.393,0.0
2014-04-09,4.448,4.448,4.448,4.448,0.0
2014-04-10,4.473,4.473,4.473,4.473,0.0
2014-04-11,4.476,4.476,4.476,4.476,0.0
2014-04-14,4.474,4.474,4.474,4.474,0.0
2014-04-15,4.481,4.481,4.481,4.481,0.0
2014-04-16,4.486,4.486,4.486,4.486,0.0
2014-04-17,4.487,4.487,4.487,4.487,0.0
2014-04-21,4.461,4.461,4.461,4.461,0.0
2014-04-22,4.472,4.472,4.472,4.472,0.0
2014-04-23,4.465,4.465,4.465,4.465,0.0
2014-04-24,4.504,4.504,4.504,4.504,0.0
2014-04-25,4.493,4.493,4.493,4.493,0.0
2014-04-28,4.512,4.512,4.512,4.512,0.0
2014-04-29,4.573,4.573,4.573,4.573,0.0
2014-04-30,4.579,4.579,4.579,4.579,0.0
2014-05-01,4.583,4.583,4.583,4.583,0.0
2014-05-02,4.571,4.571,4.571,4.571,0.0
2014-05-05,4.566,4.566,4.566,4.566,0.0
2014-05-06,4.582,4.582,4.582,4.582,0.0
2014-05-07,4.587,4.587,4.587,4.587,0.0
2014-05-08,4.597,4.597,4.597,4.597,0.0
2014-05-09,4.617,4.617,4.617,4.617,0.0
2014-05-12,4.587,4.587,4.587,4.587,0.0
2014-05-13,4.575,4.575,4.575,4.575,0.0
2014-05-14,4.598,4.598,4.598,4.598,0.0
2014-05-15,4.574,4.574,4.574,4.574,0.0
2014-05-16,4.539,4.539,4.539,4.539,0.0
2014-05-19,4.54,4.54,4.54,4.54,0.0
2014-05-20,4.54,4.54,4.54,4.54,0.0
2014-05-21,4.545,4.545,4.545,4.545,0.0
2014-05-22,4.523,4.523,4.523,4.523,0.0
2014-05-23,4.546,4.546,4.546,4.546,0.0
2014-05-27,4.569,4.569,4.569,4.569,0.0
2014-05-28,4.565,4.565,4.565,4.565,0.0
2014-05-29,4.568,4.568,4.568,4.568,0.0
2014-05-30,4.564,4.564,4.564,4.564,0.0
2014-06-02,4.599,4.599,4.599,4.599,0.0
2014-06-03,4.576,4.576,4.576,4.576,0.0
2014-06-04,4.58,4.58,4.571,4.571,5.0
2014-06-05,4.593,4.593,4.593,4.593,0.0
2014-06-06,4.609,4.609,4.609,4.609,0.0
2014-06-09,4.595,4.595,4.595,4.595,0.0
2014-06-10,4.638,4.638,4.638,4.638,0.0
2014-06-11,4.629,4.629,4.629,4.629,0.0
2014-06-12,4.627,4.627,4.627,4.627,0.0
2014-06-13,4.653,4.653,4.653,4.653,0.0
2014-06-16,4.652,4.652,4.652,4.652,0.0
2014-06-17,4.685,4.685,4.685,4.685,0.0
2014-06-18,4.699,4.699,4.699,4.699,0.0
2014-06-19,4.718,4.718,4.718,4.718,0.0
2014-06-20,4.678,4.678,4.678,4.678,0.0
2014-06-23,4.659,4.659,4.659,4.659,0.0
2014-06-24,4.655,4.655,4.655,4.655,0.0
2014-06-25,4.671,4.671,4.671,4.671,0.0
2014-06-26,4.603,4.603,4.603,4.603,0.0
2014-06-27,4.596,4.596,4.596,4.596,0.0
2014-06-30,4.615,4.615,4.615,4.615,0.0
2014-07-01,4.631,4.631,4.631,4.631,0.0
2014-07-02,4.602,4.602,4.602,4.602,0.0
2014-07-03,4.597,4.597,4.597,4.597,0.0
2014-07-07,4.571,4.571,4.571,4.571,0.0
2014-07-08,4.55,4.55,4.55,4.55,0.0
2014-07-09,4.526,4.526,4.526,4.526,0.0
2014-07-10,4.482,4.482,4.482,4.482,0.0
2014-07-11,4.479,4.479,4.479,4.479,0.0
2014-07-14,4.473,4.473,4.473,4.473,0.0
2014-07-15,4.468,4.468,4.468,4.468,0.0
2014-07-16,4.483,4.483,4.483,4.483,0.0
2014-07-17,4.464,4.464,4.464,4.464,0.0
2014-07-18,4.491,4.491,4.491,4.491,0.0
2014-07-21,4.472,4.472,4.472,4.472,0.0
2014-07-22,4.426,4.426,4.426,4.426,0.0
2014-07-23,4.402,4.402,4.402,4.402,0.0
2014-07-24,4.393,4.393,4.393,4.393,0.0
2014-07-25,4.388,4.388,4.388,4.388,150.0
2014-07-28,4.375,4.375,4.375,4.375,0.0
2014-07-29,4.33,4.33,4.33,4.33,0.0
2014-07-30,4.35,4.35,4.35,4.35,0.0
2014-07-31,4.376,4.376,4.376,4.376,0.0
2014-08-01,4.39,4.392,4.39,4.392,1.0
2014-08-04,4.383,4.383,4.383,4.383,0.0
2014-08-05,4.382,4.382,4.382,4.382,0.0
2014-08-06,4.382,4.382,4.377,4.377,15.0
2014-08-07,4.387,4.387,4.387,4.387,0.0
2014-08-08,4.393,4.393,4.393,4.393,0.0
2014-08-11,4.348,4.348,4.348,4.348,0.0
2014-08-12,4.33,4.33,4.33,4.33,0.0
2014-08-13,4.309,4.309,4.309,4.309,0.0
2014-08-14,4.32,4.32,4.32,4.32,0.0
2014-08-15,4.293,4.293,4.293,4.293,0.0
2014-08-18,4.288,4.288,4.288,4.288,0.0
2014-08-19,4.288,4.288,4.288,4.288,0.0
2014-08-20,4.275,4.275,4.275,4.275,0.0
2014-08-21,4.279,4.279,4.279,4.279,0.0
2014-08-22,4.267,4.267,4.267,4.267,0.0
2014-08-25,4.275,4.275,4.275,4.275,0.0
2014-08-26,4.273,4.273,4.272,4.272,2.0
2014-08-27,4.266,4.285,4.266,4.285,3.0
2014-08-28,4.276,4.276,4.276,4.276,2.0
2014-08-29,4.268,4.268,4.268,4.268,0.0
2014-09-02,4.233,4.233,4.233,4.233,0.0
2014-09-03,4.244,4.244,4.244,4.244,0.0
2014-09-04,4.247,4.247,4.247,4.247,0.0
2014-09-05,4.23,4.23,4.23,4.23,0.0
2014-09-08,4.23,4.235,4.23,4.235,2.0
2014-09-09,4.233,4.233,4.233,4.233,0.0
2014-09-10,4.257,4.257,4.257,4.257,0.0
2014-09-11,4.257,4.273,4.257,4.273,4.0
2014-09-12,4.247,4.247,4.247,4.247,0.0
2014-09-15,4.249,4.249,4.249,4.249,0.0
2014-09-16,4.262,4.262,4.262,4.262,0.0
2014-09-17,4.25,4.258,4.25,4.258,1.0
2014-09-18,4.239,4.239,4.239,4.239,0.0
2014-09-19,4.237,4.237,4.237,4.237,0.0
2014-09-22,4.235,4.235,4.234,4.234,2.0
2014-09-23,4.217,4.217,4.217,4.217,0.0
2014-09-24,4.25,4.25,4.25,4.25,0.0
2014-09-25,4.249,4.249,4.249,4.249,0.0
2014-09-26,4.23,4.23,4.23,4.23,0.0
2014-09-29,4.241,4.241,4.241,4.241,100.0
2014-09-30,4.254,4.254,4.254,4.254,0.0
2014-10-01,4.231,4.231,4.231,4.231,0.0
2014-10-02,4.237,4.237,4.237,4.237,0.0
2014-10-03,4.216,4.216,4.216,4.216,0.0
2014-10-06,4.216,4.216,4.216,4.216,0.0
2014-10-07,4.219,4.219,4.219,4.219,0.0
2014-10-08,4.224,4.224,4.224,4.224,0.0
2014-10-09,4.234,4.234,4.234,4.234,0.0
2014-10-10,4.231,4.231,4.231,4.231,0.0
2014-10-13,4.241,4.241,4.241,4.241,0.0
2014-10-14,4.231,4.231,4.231,4.231,0.0
2014-10-15,4.22,4.22,4.216,4.216,5.0
2014-10-16,4.221,4.221,4.221,4.221,0.0
2014-10-17,4.23,4.235,4.23,4.231,10.0
2014-10-20,4.218,4.218,4.218,4.218,0.0
2014-10-21,4.21,4.211,4.2,4.211,3.0
2014-10-22,4.192,4.192,4.192,4.192,0.0
2014-10-23,4.201,4.201,4.201,4.201,0.0
2014-10-24,4.185,4.185,4.185,4.185,0.0
2014-10-27,4.17,4.17,4.169,4.169,2.0
2014-10-28,4.169,4.169,4.159,4.159,2.0
2014-10-29,4.15,4.16,4.15,4.16,1.0
2014-10-30,4.159,4.159,4.159,4.159,0.0
2014-10-31,4.171,4.171,4.171,4.171,0.0
2014-11-03,4.182,4.182,4.182,4.182,0.0
2014-11-04,4.177,4.177,4.177,4.177,0.0
2014-11-05,4.15,4.15,4.145,4.148,2.0
2014-11-06,4.135,4.135,4.135,4.135,0.0
2014-11-07,4.132,4.132,4.132,4.132,0.0
2014-11-10,4.126,4.126,4.126,4.126,0.0
2014-11-11,4.141,4.141,4.141,4.141,0.0
2014-11-12,4.154,4.154,4.154,4.154,0.0
2014-11-13,4.129,4.129,4.129,4.129,0.0
2014-11-14,4.155,4.155,4.155,4.155,0.0
2014-11-17,4.16,4.16,4.16,4.16,0.0
2014-11-18,4.134,4.134,4.134,4.134,0.0
2014-11-19,4.129,4.129,4.129,4.129,0.0
2014-11-20,4.124,4.124,4.124,4.124,0.0
2014-11-21,4.112,4.112,4.112,4.112,0.0
2014-11-24,4.166,4.166,4.166,4.166,0.0
2014-11-25,4.143,4.143,4.143,4.143,0.0
2014-11-26,4.136,4.136,4.136,4.136,0.0
2014-11-28,4.154,4.154,4.154,4.154,0.0
2014-12-01,4.199,4.199,4.199,4.199,0.0
2014-12-02,4.186,4.186,4.186,4.186,0.0
2014-12-03,4.168,4.168,4.168,4.168,0.0
2014-12-04,4.143,4.143,4.143,4.143,0.0
2014-12-05,4.169,4.169,4.169,4.169,0.0
2014-12-08,4.175,4.175,4.175,4.175,6.0
2014-12-09,4.2,4.2,4.2,4.2,0.0
2014-12-10,4.19,4.19,4.19,4.19,0.0
2014-12-11,4.17,4.17,4.17,4.17,0.0
2014-12-12,4.161,4.161,4.161,4.161,0.0
2014-12-15,4.149,4.149,4.149,4.149,0.0
2014-12-16,4.107,4.107,4.107,4.107,0.0
2014-12-17,4.138,4.138,4.138,4.138,1.0
2014-12-18,4.116,4.116,4.116,4.116,0.0
2014-12-19,4.064,4.064,4.064,4.064,0.0
2014-12-22,4.015,4.043,4.015,4.043,1.0
2014-12-23,4.023,4.023,4.023,4.023,0.0
2014-12-24,4.014,4.014,4.014,4.014,0.0
2014-12-26,4.011,4.011,4.011,4.011,0.0
2014-12-29,4.017,4.017,4.017,4.017,0.0
2014-12-30,4.006,4.006,4.006,4.006,0.0
2014-12-31,3.974,3.974,3.974,3.974,0.0
2015-01-02,3.959,3.959,3.959,3.959,0.0
2015-01-05,3.959,3.959,3.959,3.959,0.0
2015-01-06,3.927,3.927,3.927,3.927,0.0
2015-01-07,3.878,3.878,3.878,3.878,0.0
2015-01-08,3.864,3.864,3.864,3.864,0.0
2015-01-09,3.852,3.852,3.852,3.852,0.0
2015-01-12,3.768,3.768,3.768,3.768,0.0
2015-01-13,3.767,3.767,3.767,3.767,0.0
2015-01-14,3.692,3.692,3.692,3.692,0.0
2015-01-15,3.626,3.626,3.626,3.626,0.0
2015-01-16,3.634,3.634,3.634,3.634,0.0
2015-01-20,3.622,3.622,3.622,3.622,0.0
2015-01-21,3.639,3.639,3.639,3.639,0.0
2015-01-22,3.659,3.659,3.659,3.659,0.0
2015-01-23,3.656,3.656,3.656,3.656,0.0
2015-01-26,3.67,3.67,3.67,3.67,0.0
2015-01-27,3.664,3.664,3.664,3.664,0.0
2015-01-28,3.67,3.67,3.67,3.67,0.0
2015-01-29,3.642,3.642,3.642,3.642,0.0
2015-01-30,3.649,3.649,3.649,3.649,0.0
2015-02-02,3.612,3.612,3.612,3.612,0.0
2015-02-03,3.633,3.633,3.633,3.633,0.0
2015-02-04,3.637,3.637,3.637,3.637,0.0
2015-02-05,3.562,3.562,3.562,3.562,0.0
2015-02-06,3.58,3.606,3.58,3.606,1.0
2015-02-09,3.605,3.605,3.605,3.605,0.0
2015-02-10,3.626,3.626,3.626,3.626,0.0
2015-02-11,3.621,3.621,3.621,3.621,0.0
2015-02-12,3.622,3.622,3.622,3.622,0.0
2015-02-13,3.662,3.662,3.662,3.662,0.0
2015-02-17,3.62,3.62,3.596,3.596,1.0
2015-02-18,3.611,3.611,3.611,3.611,0.0
2015-02-19,3.585,3.585,3.585,3.585,0.0
2015-02-20,3.583,3.583,3.583,3.583,0.0
2015-02-23,3.555,3.555,3.555,3.555,0.0
2015-02-24,3.56,3.56,3.56,3.56,0.0
2015-02-25,3.566,3.566,3.566,3.566,0.0
2015-02-26,3.536,3.536,3.536,3.536,0.0
2015-02-27,3.537,3.537,3.537,3.537,0.0
2015-03-02,3.527,3.527,3.527,3.527,0.0
2015-03-03,3.526,3.526,3.526,3.526,0.0
2015-03-04,3.52,3.52,3.52,3.52,0.0
2015-03-05,3.5,3.5,3.494,3.494,1.0
2015-03-06,3.494,3.494,3.494,3.494,0.0
2015-03-09,3.467,3.467,3.467,3.467,0.0
2015-03-10,3.465,3.465,3.465,3.465,0.0
2015-03-11,3.458,3.458,3.458,3.458,0.0
2015-03-12,3.427,3.427,3.427,3.427,0.0
2015-03-13,3.423,3.423,3.423,3.423,0.0
2015-03-16,3.436,3.436,3.436,3.436,32.0
2015-03-17,3.431,3.431,3.431,3.431,0.0
2015-03-18,3.449,3.449,3.449,3.449,0.0
2015-03-19,3.445,3.445,3.445,3.445,0.0
2015-03-20,3.423,3.423,3.423,3.423,0.0
2015-03-23,3.424,3.424,3.424,3.424,0.0
2015-03-24,3.429,3.429,3.429,3.429,0.0
2015-03-25,3.397,3.397,3.397,3.397,0.0
2015-03-26,3.388,3.388,3.388,3.388,0.0
2015-03-27,3.363,3.363,3.363,3.363,0.0
2015-03-30,3.351,3.351,3.351,3.351,0.0
2015-03-31,3.363,3.363,3.363,3.363,50.0
2015-04-01,3.352,3.352,3.352,3.352,0.0
2015-04-02,3.388,3.388,3.388,3.388,0.0
2015-04-06,3.378,3.378,3.378,3.378,0.0
2015-04-07,3.413,3.413,3.413,3.413,0.0
2015-04-08,3.415,3.415,3.415,3.415,0.0
2015-04-09,3.408,3.408,3.408,3.408,0.0
2015-04-10,3.403,3.403,3.403,3.403,0.0
2015-04-13,3.393,3.393,3.393,3.393,0.0
2015-04-14,3.387,3.387,3.387,3.387,0.0
2015-04-15,3.401,3.401,3.401,3.401,0.0
2015-04-16,3.429,3.429,3.429,3.429,0.0
2015-04-17,3.412,3.412,3.412,3.412,0.0
2015-04-20,3.409,3.409,3.409,3.409,0.0
2015-04-21,3.412,3.412,3.412,3.412,0.0
2015-04-22,3.419,3.419,3.419,3.419,0.0
2015-04-23,3.381,3.381,3.381,3.381,0.0
2015-04-24,3.378,3.378,3.378,3.378,0.0
2015-04-27,3.358,3.358,3.358,3.358,0.0
2015-04-28,3.356,3.356,3.356,3.356,0.0
2015-04-29,3.364,3.364,3.364,3.364,0.0
2015-04-30,3.374,3.374,3.374,3.374,0.0
2015-05-01,3.379,3.379,3.379,3.379,0.0
2015-05-04,3.386,3.386,3.386,3.386,0.0
2015-05-05,3.389,3.389,3.389,3.389,0.0
2015-05-06,3.397,3.397,3.397,3.397,0.0
2015-05-07,3.394,3.394,3.394,3.394,0.0
2015-05-08,3.416,3.416,3.416,3.416,0.0
2015-05-11,3.392,3.392,3.392,3.392,0.0
2015-05-12,3.385,3.385,3.385,3.385,0.0
2015-05-13,3.397,3.397,3.397,3.397,0.0
2015-05-14,3.406,3.406,3.406,3.406,0.0
2015-05-15,3.394,3.394,3.394,3.394,0.0
2015-05-18,3.399,3.399,3.399,3.399,0.0
2015-05-19,3.392,3.392,3.392,3.392,0.0
2015-05-20,3.39,3.39,3.39,3.39,0.0
2015-05-21,3.389,3.389,3.389,3.389,0.0
2015-05-22,3.379,3.379,3.379,3.379,0.0
2015-05-26,3.38,3.38,3.38,3.38,0.0
2015-05-27,3.375,3.375,3.375,3.375,0.0
2015-05-28,3.364,3.364,3.364,3.364,0.0
2015-05-29,3.354,3.354,3.354,3.354,0.0
2015-06-01,3.352,3.352,3.352,3.352,0.0
2015-06-02,3.349,3.349,3.349,3.349,0.0
2015-06-03,3.342,3.342,3.342,3.342,0.0
2015-06-04,3.296,3.296,3.296,3.296,0.0
2015-06-05,3.29,3.29,3.257,3.257,2.0
2015-06-08,3.257,3.265,3.257,3.265,1.0
2015-06-09,3.283,3.283,3.283,3.283,0.0
2015-06-10,3.288,3.288,3.288,3.288,0.0
2015-06-11,3.3,3.315,3.3,3.315,2.0
2015-06-12,3.316,3.316,3.316,3.316,0.0
2015-06-15,3.334,3.334,3.334,3.334,0.0
2015-06-16,3.35,3.35,3.35,3.35,0.0
2015-06-17,3.349,3.349,3.349,3.349,0.0
2015-06-18,3.321,3.321,3.321,3.321,0.0
2015-06-19,3.336,3.336,3.336,3.336,0.0
2015-06-22,3.319,3.319,3.319,3.319,0.0
2015-06-23,3.321,3.321,3.321,3.321,0.0
2015-06-24,3.322,3.322,3.322,3.322,0.0
2015-06-25,3.323,3.323,3.323,3.323,0.0
2015-06-26,3.324,3.324,3.324,3.324,0.0
2015-06-29,3.334,3.334,3.334,3.334,0.0
2015-06-30,3.346,3.346,3.346,3.346,0.0
2015-07-01,3.347,3.347,3.347,3.347,0.0
2015-07-02,3.355,3.355,3.355,3.355,0.0
2015-07-06,3.316,3.316,3.316,3.316,0.0
2015-07-07,3.307,3.307,3.307,3.307,0.0
2015-07-08,3.32,3.32,3.32,3.32,0.0
2015-07-09,3.323,3.323,3.323,3.323,0.0
2015-07-10,3.324,3.324,3.324,3.324,0.0
2015-07-13,3.326,3.326,3.326,3.326,0.0
2015-07-14,3.343,3.343,3.343,3.343,0.0
2015-07-15,3.357,3.357,3.357,3.357,0.0
2015-07-16,3.33,3.33,3.33,3.33,0.0
2015-07-17,3.337,3.337,3.337,3.337,0.0
2015-07-20,3.33,3.33,3.33,3.33,0.0
2015-07-21,3.329,3.329,3.329,3.329,0.0
2015-07-22,3.327,3.327,3.327,3.327,0.0
2015-07-23,3.307,3.307,3.307,3.307,0.0
2015-07-24,3.307,3.307,3.307,3.307,0.0
2015-07-27,3.328,3.328,3.328,3.328,0.0
2015-07-28,3.327,3.327,3.327,3.327,0.0
2015-07-29,3.323,3.323,3.323,3.323,0.0
2015-07-30,3.302,3.302,3.302,3.302,0.0
2015-07-31,3.266,3.266,3.266,3.266,0.0
2015-08-03,3.255,3.255,3.244,3.244,2.0
2015-08-04,3.217,3.217,3.217,3.217,0.0
2015-08-05,3.216,3.216,3.216,3.216,0.0
2015-08-06,3.215,3.215,3.215,3.215,0.0
2015-08-07,3.211,3.211,3.211,3.211,0.0
2015-08-10,3.209,3.209,3.209,3.209,0.0
2015-08-11,3.195,3.195,3.195,3.195,0.0
2015-08-12,3.202,3.202,3.202,3.202,0.0
2015-08-13,3.196,3.196,3.196,3.196,0.0
2015-08-14,3.2,3.2,3.2,3.2,0.0
2015-08-17,3.184,3.184,3.184,3.184,0.0
2015-08-18,3.181,3.181,3.181,3.181,0.0
2015-08-19,3.148,3.148,3.148,3.148,0.0
2015-08-20,3.143,3.143,3.143,3.143,0.0
2015-08-21,3.114,3.114,3.114,3.114,0.0
2015-08-24,3.07,3.07,3.07,3.07,0.0
2015-08-25,3.049,3.049,3.049,3.049,0.0
2015-08-26,3.059,3.059,3.059,3.059,0.0
2015-08-27,3.072,3.072,3.072,3.072,0.0
2015-08-28,3.094,3.094,3.094,3.094,0.0
2015-08-31,3.088,3.088,3.088,3.088,0.0
2015-09-01,3.1,3.1,3.1,3.1,0.0
2015-09-02,3.085,3.085,3.085,3.085,0.0
2015-09-03,3.086,3.086,3.086,3.086,0.0
2015-09-04,3.079,3.079,3.079,3.079,0.0
2015-09-08,3.085,3.085,3.085,3.085,0.0
2015-09-09,3.1,3.1,3.1,3.1,0.0
2015-09-10,3.103,3.103,3.103,3.103,0.0
2015-09-11,3.074,3.074,3.074,3.074,0.0
2015-09-14,3.085,3.085,3.085,3.085,0.0
2015-09-15,3.087,3.087,3.087,3.087,0.0
2015-09-16,3.062,3.062,3.062,3.062,0.0
2015-09-17,3.035,3.035,3.035,3.035,0.0
2015-09-18,3.02,3.02,3.02,3.02,0.0
2015-09-21,3.012,3.012,3.012,3.012,0.0
2015-09-22,3.004,3.004,3.004,3.004,0.0
2015-09-23,3.012,3.012,3.012,3.012,0.0
2015-09-24,3.048,3.048,3.048,3.048,0.0
2015-09-25,3.012,3.012,3.012,3.012,0.0
2015-09-28,3.009,3.009,3.009,3.009,0.0
2015-09-29,2.98,2.98,2.98,2.98,0.0
2015-09-30,2.948,2.948,2.948,2.948,0.0
2015-10-01,2.916,2.916,2.916,2.916,0.0
2015-10-02,2.934,2.934,2.934,2.934,0.0
2015-10-05,2.948,2.948,2.948,2.948,0.0
2015-10-06,2.97,2.97,2.97,2.97,0.0
2015-10-07,2.972,2.972,2.972,2.972,0.0
2015-10-08,2.972,2.972,2.972,2.972,0.0
2015-10-09,2.978,2.978,2.978,2.978,0.0
2015-10-12,2.988,2.988,2.988,2.988,0.0
2015-10-13,2.982,2.982,2.982,2.982,0.0
2015-10-14,2.984,2.984,2.984,2.984,0.0
2015-10-15,2.969,2.969,2.969,2.969,0.0
2015-10-16,2.966,2.966,2.966,2.966,0.0
2015-10-19,2.972,2.972,2.972,2.972,0.0
2015-10-20,2.994,2.994,2.994,2.994,0.0
2015-10-21,2.976,2.976,2.976,2.976,0.0
2015-10-22,2.965,2.965,2.965,2.965,0.0
2015-10-23,2.926,2.926,2.926,2.926,0.0
2015-10-26,2.9,2.9,2.879,2.879,1.0
2015-10-27,2.875,2.875,2.875,2.875,0.0
2015-10-28,2.871,2.871,2.871,2.871,0.0
2015-10-29,2.855,2.855,2.855,2.855,1.0
2015-10-30,2.877,2.877,2.877,2.877,0.0
2015-11-02,2.858,2.858,2.858,2.858,32.0
2015-11-03,2.878,2.878,2.878,2.878,0.0
2015-11-04,2.891,2.891,2.891,2.891,0.0
2015-11-05,2.904,2.904,2.904,2.904,0.0
2015-11-06,2.902,2.902,2.902,2.902,0.0
2015-11-09,2.891,2.891,2.891,2.891,0.0
2015-11-10,2.894,2.894,2.894,2.894,0.0
2015-11-11,2.88,2.88,2.88,2.88,11.0
2015-11-12,2.872,2.872,2.872,2.872,1.0
2015-11-13,2.892,2.892,2.892,2.892,0.0
2015-11-16,2.902,2.902,2.902,2.902,0.0
2015-11-17,2.893,2.893,2.893,2.893,0.0
2015-11-18,2.85,2.85,2.843,2.843,32.0
2015-11-19,2.805,2.805,2.805,2.805,12.0
2015-11-20,2.768,2.768,2.768,2.768,0.0
2015-11-23,2.791,2.791,2.791,2.791,0.0
2015-11-24,2.797,2.797,2.797,2.797,0.0
2015-11-25,2.812,2.812,2.812,2.812,0.0
2015-11-27,2.794,2.794,2.794,2.794,0.0
2015-11-30,2.821,2.821,2.821,2.821,0.0
2015-12-01,2.828,2.828,2.828,2.828,0.0
2015-12-02,2.852,2.852,2.852,2.852,0.0
2015-12-03,2.852,2.852,2.852,2.852,0.0
2015-12-04,2.859,2.859,2.859,2.859,0.0
2015-12-07,2.844,2.844,2.844,2.844,0.0
2015-12-08,2.853,2.853,2.853,2.853,0.0
2015-12-09,2.874,2.874,2.874,2.874,275.0
2015-12-10,2.896,2.896,2.896,2.896,0.0
2015-12-11,2.91,2.91,2.91,2.91,50.0
2015-12-14,2.896,2.896,2.871,2.871,2.0
2015-12-15,2.85,2.85,2.846,2.846,1.0
2015-12-16,2.88,2.88,2.871,2.871,1.0
2015-12-17,2.871,2.886,2.871,2.886,1.0
2015-12-18,2.896,2.896,2.886,2.886,29.0
2015-12-21,2.891,2.891,2.891,2.891,0.0
2015-12-22,2.876,2.876,2.876,2.876,0.0
2015-12-23,2.89,2.89,2.877,2.877,1.0
2015-12-24,2.877,2.877,2.877,2.877,0.0
2015-12-28,2.91,2.91,2.904,2.904,1.0
2015-12-29,2.888,2.888,2.888,2.888,0.0
2015-12-30,2.96,2.96,2.86,2.877,3.0
2015-12-31,2.882,2.882,2.882,2.882,0.0
2016-01-04,2.866,2.866,2.866,2.866,0.0
2016-01-05,2.845,2.851,2.845,2.851,15.0
2016-01-06,2.854,2.854,2.854,2.854,0.0
2016-01-07,2.885,2.885,2.885,2.885,0.0
2016-01-08,2.879,2.879,2.879,2.879,0.0
2016-01-11,2.844,2.844,2.844,2.844,0.0
2016-01-12,2.815,2.815,2.815,2.815,0.0
2016-01-13,2.835,2.835,2.835,2.835,0.0
2016-01-14,2.839,2.839,2.839,2.839,0.0
2016-01-15,2.825,2.825,2.825,2.825,0.0
2016-01-19,2.835,2.835,2.827,2.827,1.0
2016-01-20,2.785,2.832,2.785,2.832,1.0
2016-01-21,2.843,2.843,2.843,2.843,0.0
2016-01-22,2.842,2.842,2.842,2.842,0.0
2016-01-25,2.835,2.835,2.835,2.835,0.0
2016-01-26,2.827,2.827,2.827,2.827,0.0
2016-01-27,2.826,2.826,2.826,2.826,0.0
2016-01-28,2.841,2.841,2.841,2.841,0.0
2016-01-29,2.842,2.842,2.842,2.842,0.0
2016-02-01,2.81,2.81,2.797,2.797,1.0
2016-02-02,2.741,2.741,2.741,2.741,0.0
2016-02-03,2.778,2.778,2.778,2.778,0.0
2016-02-04,2.786,2.786,2.786,2.786,0.0
2016-02-05,2.78,2.78,2.78,2.78,4.0
2016-02-08,2.741,2.741,2.732,2.732,20.0
2016-02-09,2.708,2.708,2.708,2.708,0.0
2016-02-10,2.678,2.678,2.678,2.678,0.0
2016-02-11,2.643,2.643,2.643,2.643,0.0
2016-02-12,2.615,2.615,2.615,2.615,0.0
2016-02-16,2.598,2.598,2.579,2.579,2.0
2016-02-17,2.571,2.571,2.571,2.571,0.0
2016-02-18,2.545,2.552,2.545,2.552,1.0
2016-02-19,2.51,2.51,2.51,2.51,0.0
2016-02-22,2.459,2.459,2.459,2.459,0.0
2016-02-23,2.456,2.456,2.456,2.456,0.0
2016-02-24,2.47,2.47,2.47,2.47,0.0
2016-02-25,2.47,2.47,2.444,2.444,5.0
2016-02-26,2.467,2.467,2.467,2.467,0.0
2016-02-29,2.518,2.518,2.518,2.518,0.0
2016-03-01,2.564,2.564,2.564,2.564,0.0
2016-03-02,2.571,2.571,2.571,2.571,0.0
2016-03-03,2.583,2.583,2.583,2.583,0.0
2016-03-04,2.582,2.582,2.582,2.582,0.0
2016-03-07,2.589,2.589,2.589,2.589,0.0
2016-03-08,2.595,2.595,2.595,2.595,0.0
2016-03-09,2.626,2.626,2.626,2.626,0.0
2016-03-10,2.658,2.658,2.658,2.658,0.0
2016-03-11,2.7,2.7,2.677,2.677,14.0
2016-03-14,2.667,2.667,2.667,2.667,0.0
2016-03-15,2.664,2.664,2.664,2.664,0.0
2016-03-16,2.669,2.674,2.669,2.674,2.0
2016-03-17,2.683,2.683,2.683,2.683,0.0
2016-03-18,2.677,2.677,2.677,2.677,0.0
2016-03-21,2.664,2.664,2.664,2.664,0.0
2016-03-22,2.689,2.689,2.689,2.689,0.0
2016-03-23,2.7,2.7,2.7,2.7,0.0
2016-03-24,2.718,2.718,2.718,2.718,0.0
2016-03-28,2.776,2.776,2.776,2.776,0.0
2016-03-29,2.797,2.797,2.797,2.797,0.0
2016-03-30,2.797,2.797,2.797,2.797,0.0
2016-03-31,2.778,2.778,2.778,2.778,0.0
2016-04-01,2.769,2.769,2.769,2.769,0.0
2016-04-04,2.779,2.779,2.779,2.779,0.0
2016-04-05,2.787,2.787,2.787,2.787,0.0
2016-04-06,2.793,2.793,2.793,2.793,0.0
2016-04-07,2.796,2.796,2.796,2.796,0.0
2016-04-08,2.81,2.81,2.81,2.81,0.0
2016-04-11,2.804,2.804,2.804,2.804,0.0
2016-04-12,2.814,2.814,2.814,2.814,0.0
2016-04-13,2.815,2.815,2.815,2.815,0.0
2016-04-14,2.813,2.813,2.813,2.813,1.0
2016-04-15,2.793,2.793,2.793,2.793,0.0
2016-04-18,2.807,2.807,2.807,2.807,0.0
2016-04-19,2.816,2.823,2.81,2.823,2.0
2016-04-20,2.85,2.85,2.815,2.815,2.0
2016-04-21,2.839,2.839,2.839,2.839,0.0
2016-04-22,2.834,2.834,2.834,2.834,0.0
2016-04-25,2.848,2.848,2.848,2.848,0.0
2016-04-26,2.879,2.879,2.879,2.879,0.0
2016-04-27,2.879,2.885,2.879,2.885,2.0
2016-04-28,2.879,2.879,2.879,2.879,0.0
2016-04-29,2.878,2.878,2.878,2.878,0.0
2016-05-02,2.855,2.858,2.855,2.858,1.0
2016-05-03,2.866,2.866,2.866,2.866,0.0
2016-05-04,2.875,2.875,2.875,2.875,0.0
2016-05-05,2.88,2.895,2.88,2.895,277.0
2016-05-06,2.9,2.9,2.863,2.863,12.0
2016-05-09,2.86,2.86,2.849,2.849,2.0
2016-05-10,2.833,2.833,2.833,2.833,0.0
2016-05-11,2.834,2.834,2.834,2.834,0.0
2016-05-12,2.828,2.828,2.821,2.821,1.0
2016-05-13,2.805,2.805,2.801,2.801,1.0
2016-05-16,2.802,2.802,2.802,2.802,0.0
2016-05-17,2.786,2.786,2.786,2.786,0.0
2016-05-18,2.762,2.762,2.762,2.762,0.0
2016-05-19,2.762,2.788,2.762,2.788,1.0
2016-05-20,2.776,2.776,2.776,2.776,0.0
2016-05-23,2.78,2.789,2.78,2.789,1.0
2016-05-24,2.813,2.813,2.813,2.813,0.0
2016-05-25,2.84,2.859,2.84,2.859,1.0
2016-05-26,2.881,2.881,2.881,2.881,0.0
2016-05-27,2.895,2.895,2.895,2.895,0.0
2016-05-31,2.9,2.9,2.9,2.9,0.0
2016-06-01,2.878,2.878,2.878,2.878,6.0
2016-06-02,2.884,2.884,2.884,2.884,0.0
2016-06-03,2.9,2.9,2.875,2.875,1.0
2016-06-06,2.876,2.876,2.876,2.876,0.0
2016-06-07,2.9,2.9,2.9,2.9,0.0
2016-06-08,2.894,2.894,2.894,2.894,0.0
2016-06-09,2.871,2.871,2.871,2.871,0.0
2016-06-10,2.865,2.865,2.853,2.853,1.0
2016-06-13,2.863,2.863,2.817,2.817,1.0
2016-06-14,2.803,2.803,2.803,2.803,0.0
2016-06-15,2.797,2.797,2.797,2.797,0.0
2016-06-16,2.799,2.799,2.799,2.799,0.0
2016-06-17,2.803,2.803,2.803,2.803,0.0
2016-06-20,2.806,2.806,2.806,2.806,0.0
2016-06-21,2.796,2.796,2.796,2.796,0.0
2016-06-22,2.812,2.812,2.812,2.812,0.0
2016-06-23,2.811,2.811,2.811,2.811,0.0
2016-06-24,2.815,2.815,2.815,2.815,0.0
2016-06-27,2.801,2.801,2.801,2.801,0.0
2016-06-28,2.83,2.83,2.83,2.83,0.0
2016-06-29,2.831,2.831,2.831,2.831,0.0
2016-06-30,2.846,2.846,2.846,2.846,0.0
2016-07-01,2.866,2.866,2.866,2.866,0.0
2016-07-05,2.843,2.843,2.843,2.843,0.0
2016-07-06,2.845,2.865,2.845,2.865,1.0
2016-07-07,2.858,2.858,2.858,2.858,0.0
2016-07-08,2.86,2.86,2.86,2.86,0.0
2016-07-11,2.856,2.856,2.856,2.856,0.0
2016-07-12,2.856,2.856,2.856,2.856,0.0
2016-07-13,2.863,2.863,2.863,2.863,0.0
2016-07-14,2.864,2.864,2.864,2.864,0.0
2016-07-15,2.853,2.853,2.853,2.853,0.0
2016-07-18,2.858,2.858,2.858,2.858,0.0
2016-07-19,2.848,2.848,2.848,2.848,0.0
2016-07-20,2.84,2.84,2.838,2.838,16.0
2016-07-21,2.847,2.847,2.847,2.847,0.0
2016-07-22,2.853,2.853,2.853,2.853,0.0
2016-07-25,2.859,2.859,2.859,2.859,0.0
2016-07-26,2.857,2.857,2.857,2.857,0.0
2016-07-27,2.85,2.85,2.847,2.847,1.0
2016-07-28,2.848,2.848,2.848,2.848,0.0
2016-07-29,2.851,2.851,2.851,2.851,0.0
2016-08-01,2.828,2.828,2.828,2.828,0.0
2016-08-02,2.838,2.838,2.838,2.838,0.0
2016-08-03,2.84,2.84,2.825,2.84,5.0
2016-08-04,2.861,2.861,2.861,2.861,0.0
2016-08-05,2.85,2.85,2.85,2.85,0.0
2016-08-08,2.854,2.854,2.854,2.854,0.0
2016-08-09,2.839,2.839,2.839,2.839,0.0
2016-08-10,2.812,2.812,2.812,2.812,0.0
2016-08-11,2.804,2.804,2.804,2.804,0.0
2016-08-12,2.8,2.8,2.8,2.8,0.0
2016-08-15,2.79,2.798,2.79,2.798,1.0
2016-08-16,2.812,2.812,2.812,2.812,0.0
2016-08-17,2.82,2.82,2.82,2.82,0.0
2016-08-18,2.823,2.823,2.823,2.823,0.0
2016-08-19,2.8,2.8,2.8,2.8,0.0
2016-08-22,2.797,2.797,2.797,2.797,0.0
2016-08-23,2.799,2.799,2.799,2.799,0.0
2016-08-24,2.826,2.826,2.826,2.826,0.0
2016-08-25,2.82,2.82,2.81,2.811,3.0
2016-08-26,2.798,2.798,2.798,2.798,0.0
2016-08-29,2.799,2.799,2.799,2.799,0.0
2016-08-30,2.79,2.796,2.78,2.796,2.0
2016-08-31,2.816,2.816,2.816,2.816,0.0
2016-09-01,2.781,2.781,2.781,2.781,0.0
2016-09-02,2.775,2.775,2.775,2.775,0.0
2016-09-06,2.77,2.771,2.77,2.771,1.0
2016-09-07,2.761,2.761,2.761,2.761,0.0
2016-09-08,2.778,2.778,2.778,2.778,0.0
2016-09-09,2.77,2.77,2.755,2.759,9.0
2016-09-12,2.757,2.761,2.757,2.761,1.0
2016-09-13,2.752,2.752,2.752,2.752,0.0
2016-09-14,2.756,2.756,2.756,2.756,0.0
2016-09-15,2.747,2.747,2.747,2.747,25.0
2016-09-16,2.741,2.741,2.741,2.741,0.0
2016-09-19,2.746,2.746,2.746,2.746,0.0
2016-09-20,2.738,2.738,2.738,2.738,0.0
2016-09-21,2.743,2.743,2.743,2.743,0.0
2016-09-22,2.728,2.728,2.728,2.728,0.0
2016-09-23,2.714,2.714,2.714,2.714,0.0
2016-09-26,2.719,2.719,2.719,2.719,0.0
2016-09-27,2.691,2.691,2.691,2.691,0.0
2016-09-28,2.676,2.676,2.676,2.676,0.0
2016-09-29,2.656,2.656,2.656,2.656,0.0
2016-09-30,2.645,2.645,2.645,2.645,4.0
2016-10-03,2.66,2.66,2.66,2.66,0.0
2016-10-04,2.648,2.648,2.648,2.648,0.0
2016-10-05,2.692,2.692,2.692,2.692,0.0
2016-10-06,2.686,2.686,2.686,2.686,0.0
2016-10-07,2.701,2.701,2.701,2.701,0.0
2016-10-10,2.693,2.693,2.693,2.693,0.0
2016-10-11,2.74,2.74,2.74,2.74,0.0
2016-10-12,2.735,2.735,2.735,2.735,25.0
2016-10-13,2.75,2.75,2.75,2.75,0.0
2016-10-14,2.75,2.75,2.745,2.745,3.0
2016-10-17,2.754,2.754,2.754,2.754,6.0
2016-10-18,2.766,2.766,2.766,2.766,0.0
2016-10-19,2.763,2.763,2.763,2.763,0.0
2016-10-20,2.76,2.77,2.76,2.77,1.0
2016-10-21,2.755,2.771,2.755,2.771,1.0
2016-10-24,2.775,2.775,2.773,2.773,1.0
2016-10-25,2.75,2.75,2.74,2.75,2.0
2016-10-26,2.722,2.722,2.7,2.708,14.0
2016-10-27,2.77,2.77,2.748,2.748,1.0
2016-10-28,2.775,2.775,2.775,2.775,0.0
2016-10-31,2.778,2.778,2.778,2.778,1.0
2016-11-01,2.785,2.785,2.785,2.785,0.0
2016-11-02,2.765,2.765,2.762,2.762,1.0
2016-11-03,2.745,2.745,2.745,2.745,17.0
2016-11-04,2.724,2.724,2.724,2.724,0.0
2016-11-07,2.749,2.749,2.748,2.748,2.0
2016-11-08,2.722,2.722,2.722,2.722,0.0
2016-11-09,2.67,2.723,2.67,2.723,2.0
2016-11-10,2.721,2.721,2.721,2.721,0.0
2016-11-11,2.75,2.75,2.737,2.737,6.0
2016-11-14,2.744,2.744,2.744,2.744,0.0
2016-11-15,2.74,2.74,2.709,2.709,5.0
2016-11-16,2.71,2.726,2.71,2.726,3.0
2016-11-17,2.75,2.75,2.746,2.746,1.0
2016-11-18,2.785,2.785,2.766,2.766,3.0
2016-11-21,2.777,2.777,2.777,2.777,0.0
2016-11-22,2.761,2.761,2.761,2.761,0.0
2016-11-23,2.759,2.759,2.759,2.759,0.0
2016-11-25,2.757,2.757,2.757,2.757,0.0
2016-11-28,2.76,2.76,2.74,2.74,28.0
2016-11-29,2.716,2.716,2.716,2.716,0.0
2016-11-30,2.719,2.719,2.719,2.719,17.0
2016-12-01,2.738,2.738,2.738,2.738,0.0
2016-12-02,2.73,2.73,2.72,2.726,2.0
2016-12-05,2.72,2.731,2.72,2.731,3.0
2016-12-06,2.705,2.73,2.681,2.69,11.0
2016-12-07,2.685,2.7,2.685,2.698,101.0
2016-12-08,2.705,2.71,2.705,2.71,15.0
2016-12-09,2.69,2.718,2.69,2.718,1.0
2016-12-12,2.713,2.713,2.713,2.713,0.0
2016-12-13,2.7,2.701,2.69,2.701,4.0
2016-12-14,2.705,2.713,2.687,2.687,7.0
2016-12-15,2.692,2.692,2.692,2.692,0.0
2016-12-16,2.72,2.72,2.717,2.717,6.0
2016-12-19,2.721,2.721,2.721,2.721,0.0
2016-12-20,2.7,2.7,2.658,2.658,5.0
2016-12-21,2.695,2.7,2.685,2.7,3.0
2016-12-22,2.65,2.652,2.65,2.652,16.0
2016-12-23,2.657,2.657,2.657,2.657,0.0
2016-12-27,2.71,2.71,2.666,2.666,22.0
2016-12-28,2.66,2.691,2.66,2.691,1.0
2016-12-29,2.682,2.7,2.682,2.693,5.0
2016-12-30,2.69,2.69,2.69,2.69,0.0
2017-01-03,2.682,2.682,2.682,2.682,0.0
2017-01-04,2.682,2.682,2.67,2.676,60.0
2017-01-05,2.695,2.695,2.689,2.689,5.0
2017-01-06,2.704,2.704,2.704,2.704,0.0
2017-01-09,2.71,2.71,2.692,2.692,2.0
2017-01-10,2.73,2.751,2.73,2.751,51.0
2017-01-11,2.77,2.77,2.769,2.769,126.0
2017-01-12,2.787,2.787,2.787,2.787,0.0
2017-01-13,2.78,2.78,2.78,2.78,0.0
2017-01-17,2.766,2.766,2.766,2.766,0.0
2017-01-18,2.769,2.769,2.769,2.769,25.0
2017-01-19,2.761,2.761,2.761,2.761,20.0
2017-01-20,2.738,2.738,2.738,2.738,0.0
2017-01-23,2.738,2.738,2.738,2.738,15.0
2017-01-24,2.72,2.72,2.714,2.714,42.0
2017-01-25,2.71,2.74,2.708,2.708,2.0
2017-01-26,2.71,2.71,2.699,2.704,143.0
2017-01-27,2.692,2.73,2.69,2.692,51.0
2017-01-30,2.71,2.71,2.68,2.691,3.0
2017-01-31,2.7,2.7,2.687,2.687,302.0
2017-02-01,2.697,2.697,2.697,2.697,200.0
2017-02-02,2.717,2.717,2.717,2.717,0.0
2017-02-03,2.7,2.7,2.68,2.68,2.0
2017-02-06,2.697,2.697,2.697,2.697,0.0
2017-02-07,2.712,2.719,2.712,2.719,101.0
2017-02-08,2.712,2.712,2.712,2.712,5.0
2017-02-09,2.716,2.716,2.716,2.716,0.0
2017-02-10,2.696,2.696,2.696,2.696,0.0
2017-02-13,2.689,2.689,2.689,2.689,30.0
2017-02-14,2.678,2.678,2.678,2.678,0.0
2017-02-15,2.679,2.679,2.679,2.679,8.0
2017-02-16,2.677,2.677,2.677,2.677,53.0
2017-02-17,2.687,2.687,2.673,2.673,12.0
2017-02-21,2.639,2.639,2.639,2.639,40.0
2017-02-22,2.658,2.658,2.658,2.658,11.0
2017-02-23,2.67,2.67,2.67,2.67,21.0
2017-02-24,2.668,2.668,2.668,2.668,0.0
2017-02-27,2.663,2.663,2.663,2.663,0.0
2017-02-28,2.672,2.672,2.672,2.672,1.0
2017-03-01,2.7,2.714,2.7,2.714,3.0
2017-03-02,2.719,2.719,2.719,2.719,20.0
2017-03-03,2.721,2.721,2.721,2.721,1.0
2017-03-06,2.707,2.707,2.707,2.707,21.0
2017-03-07,2.695,2.703,2.695,2.703,1.0
2017-03-08,2.715,2.715,2.71,2.71,17.0
2017-03-09,2.713,2.713,2.713,2.713,0.0
2017-03-10,2.71,2.71,2.71,2.71,8.0
2017-03-13,2.685,2.702,2.685,2.702,1.0
2017-03-14,2.67,2.67,2.661,2.661,1.0
2017-03-15,2.67,2.67,2.665,2.665,6.0
2017-03-16,2.665,2.665,2.665,2.665,202.0
2017-03-17,2.67,2.67,2.669,2.669,101.0
2017-03-20,2.678,2.681,2.678,2.681,17.0
2017-03-21,2.686,2.686,2.686,2.686,0.0
2017-03-22,2.675,2.677,2.673,2.677,34.0
2017-03-23,2.689,2.689,2.689,2.689,0.0
2017-03-24,2.692,2.692,2.692,2.692,21.0
2017-03-27,2.693,2.693,2.693,2.693,1.0
2017-03-28,2.68,2.68,2.672,2.672,40.0
2017-03-29,2.68,2.692,2.68,2.692,32.0
2017-03-30,2.692,2.692,2.677,2.677,125.0
2017-03-31,2.662,2.665,2.65,2.651,96.0
2017-04-03,2.657,2.657,2.657,2.657,5.0
2017-04-04,2.659,2.659,2.659,2.659,9.0
2017-04-05,2.672,2.672,2.672,2.672,13.0
2017-04-06,2.66,2.66,2.651,2.651,50.0
2017-04-07,2.654,2.654,2.654,2.654,10.0
2017-04-10,2.65,2.65,2.649,2.649,6.0
2017-04-11,2.663,2.663,2.663,2.663,0.0
2017-04-12,2.664,2.664,2.664,2.664,17.0
2017-04-13,2.665,2.678,2.665,2.678,10.0
2017-04-17,2.673,2.673,2.673,2.673,5.0
2017-04-18,2.688,2.692,2.688,2.692,24.0
2017-04-19,2.71,2.71,2.707,2.707,2.0
2017-04-20,2.728,2.731,2.728,2.731,55.0
2017-04-21,2.717,2.717,2.717,2.717,44.0
2017-04-24,2.716,2.716,2.716,2.716,15.0
2017-04-25,2.723,2.725,2.723,2.725,3.0
2017-04-26,2.725,2.725,2.725,2.725,15.0
2017-04-27,2.709,2.709,2.709,2.709,5.0
2017-04-28,2.709,2.709,2.709,2.709,223.0
2017-05-01,2.715,2.715,2.679,2.679,49.0
2017-05-02,2.685,2.685,2.674,2.674,67.0
2017-05-03,2.688,2.688,2.683,2.683,2.0
2017-05-04,2.687,2.687,2.687,2.687,25.0
2017-05-05,2.703,2.703,2.703,2.703,9.0
2017-05-08,2.68,2.685,2.677,2.677,13.0
2017-05-09,2.683,2.683,2.681,2.681,15.0
2017-05-10,2.69,2.69,2.675,2.675,7.0
2017-05-11,2.675,2.675,2.675,2.675,3.0
2017-05-12,2.67,2.67,2.67,2.67,134.0
2017-05-15,2.674,2.677,2.663,2.663,14.0
2017-05-16,2.66,2.668,2.66,2.668,45.0
2017-05-17,2.68,2.7,2.675,2.682,24.0
2017-05-18,2.688,2.705,2.688,2.688,3.0
2017-05-19,2.679,2.679,2.679,2.679,45.0
2017-05-22,2.688,2.688,2.68,2.68,50.0
2017-05-23,2.677,2.677,2.677,2.677,182.0
2017-05-24,2.672,2.672,2.665,2.665,47.0
2017-05-25,2.675,2.675,2.672,2.672,110.0
2017-05-26,2.676,2.676,2.663,2.663,270.0
2017-05-30,2.664,2.666,2.66,2.666,235.0
2017-05-31,2.66,2.66,2.649,2.649,110.0
2017-06-01,2.663,2.67,2.659,2.659,118.0
2017-06-02,2.672,2.672,2.671,2.671,71.0
2017-06-05,2.663,2.663,2.663,2.663,35.0
2017-06-06,2.665,2.674,2.665,2.672,5.0
2017-06-07,2.665,2.676,2.659,2.676,28.0
2017-06-08,2.676,2.68,2.675,2.68,195.0
2017-06-09,2.68,2.68,2.669,2.674,81.0
2017-06-12,2.665,2.675,2.665,2.675,34.0
2017-06-13,2.671,2.701,2.671,2.691,73.0
2017-06-14,2.705,2.705,2.688,2.688,226.0
2017-06-15,2.682,2.691,2.682,2.69,27.0
2017-06-16,2.684,2.684,2.681,2.681,18.0
2017-06-19,2.67,2.679,2.669,2.669,113.0
2017-06-20,2.685,2.688,2.682,2.682,13.0
2017-06-21,2.7,2.72,2.695,2.699,42.0
2017-06-22,2.707,2.71,2.698,2.698,61.0
2017-06-23,2.707,2.707,2.699,2.706,58.0
2017-06-26,2.705,2.705,2.7,2.7,4.0
2017-06-27,2.695,2.701,2.684,2.684,34.0
2017-06-28,2.669,2.675,2.669,2.673,30.0
2017-06-29,2.678,2.678,2.675,2.677,8.0
2017-06-30,2.677,2.693,2.665,2.682,24.0
2017-07-03,2.69,2.69,2.669,2.669,18.0
2017-07-05,2.65,2.65,2.637,2.637,278.0
2017-07-06,2.64,2.647,2.63,2.633,29.0
2017-07-07,2.63,2.636,2.625,2.629,54.0
2017-07-10,2.635,2.637,2.635,2.637,35.0
2017-07-11,2.657,2.657,2.63,2.644,47.0
2017-07-12,2.64,2.663,2.63,2.631,172.0
2017-07-13,2.655,2.656,2.655,2.656,139.0
2017-07-14,2.66,2.661,2.66,2.661,2.0
2017-07-17,2.66,2.667,2.651,2.667,302.0
2017-07-18,2.669,2.678,2.669,2.678,13.0
2017-07-19,2.667,2.667,2.667,2.667,64.0
2017-07-20,2.665,2.666,2.665,2.666,21.0
2017-07-21,2.655,2.655,2.649,2.652,11.0
2017-07-24,2.634,2.636,2.615,2.615,32.0
2017-07-25,2.636,2.636,2.632,2.632,126.0
2017-07-26,2.632,2.635,2.632,2.635,49.0
2017-07-27,2.633,2.638,2.633,2.637,16.0
2017-07-28,2.645,2.646,2.643,2.646,19.0
2017-07-31,2.63,2.637,2.622,2.636,133.0
2017-08-01,2.645,2.667,2.642,2.646,369.0
2017-08-02,2.657,2.666,2.651,2.666,484.0
2017-08-03,2.68,2.689,2.68,2.684,157.0
2017-08-04,2.687,2.687,2.669,2.674,39.0
2017-08-07,2.688,2.688,2.676,2.684,23.0
2017-08-08,2.68,2.694,2.68,2.694,152.0
2017-08-09,2.687,2.687,2.687,2.687,100.0
2017-08-10,2.692,2.692,2.692,2.692,231.0
2017-08-11,2.698,2.698,2.683,2.69,178.0
2017-08-14,2.696,2.696,2.696,2.696,314.0
2017-08-15,2.682,2.682,2.678,2.682,184.0
2017-08-16,2.665,2.665,2.665,2.665,116.0
2017-08-17,2.666,2.677,2.666,2.674,126.0
2017-08-18,2.685,2.685,2.673,2.673,20.0
2017-08-21,2.687,2.69,2.687,2.69,55.0
2017-08-22,2.68,2.686,2.679,2.679,121.0
2017-08-23,2.678,2.681,2.677,2.677,283.0
2017-08-24,2.681,2.681,2.673,2.673,71.0
2017-08-25,2.665,2.673,2.664,2.664,33.0
2017-08-28,2.669,2.678,2.669,2.676,128.0
2017-08-29,2.683,2.688,2.683,2.688,164.0
2017-08-30,2.694,2.694,2.689,2.689,164.0
2017-08-31,2.703,2.704,2.698,2.699,359.0
2017-09-01,2.697,2.708,2.697,2.704,160.0
2017-09-05,2.697,2.697,2.697,2.697,348.0
2017-09-06,2.7,2.703,2.7,2.702,391.0
2017-09-07,2.713,2.72,2.713,2.719,358.0
2017-09-08,2.719,2.719,2.714,2.714,180.0
2017-09-11,2.728,2.732,2.722,2.732,284.0
2017-09-12,2.739,2.739,2.739,2.739,127.0
2017-09-13,2.739,2.739,2.727,2.729,369.0
2017-09-14,2.73,2.738,2.725,2.738,210.0
2017-09-15,2.744,2.745,2.738,2.741,60.0
2017-09-18,2.765,2.765,2.736,2.749,287.0
2017-09-19,2.749,2.749,2.744,2.748,295.0
2017-09-20,2.748,2.748,2.748,2.748,80.0
2017-09-21,2.74,2.74,2.735,2.736,199.0
2017-09-22,2.759,2.759,2.758,2.758,113.0
2017-09-25,2.737,2.737,2.729,2.729,216.0
2017-09-26,2.734,2.737,2.73,2.73,47.0
2017-09-27,2.743,2.747,2.732,2.733,570.0
2017-09-28,2.725,2.725,2.71,2.721,463.0
2017-09-29,2.709,2.715,2.705,2.712,314.0
2017-10-02,2.7,2.711,2.69,2.711,191.0
2017-10-03,2.706,2.716,2.703,2.714,49.0
2017-10-04,2.73,2.73,2.713,2.716,470.0
2017-10-05,2.732,2.732,2.719,2.719,1456.0
2017-10-06,2.703,2.723,2.703,2.714,174.0
2017-10-09,2.72,2.732,2.72,2.728,976.0
2017-10-10,2.735,2.739,2.722,2.739,100.0
2017-10-11,2.729,2.729,2.726,2.726,406.0
2017-10-12,2.734,2.735,2.729,2.729,157.0
2017-10-13,2.732,2.744,2.732,2.741,112.0
2017-10-16,2.731,2.745,2.731,2.744,191.0
2017-10-17,2.741,2.741,2.737,2.74,981.0
2017-10-18,2.74,2.744,2.734,2.744,723.0
2017-10-19,2.748,2.753,2.725,2.753,477.0
2017-10-20,2.745,2.752,2.735,2.752,457.0
2017-10-23,2.752,2.752,2.739,2.739,252.0
2017-10-24,2.734,2.742,2.734,2.742,765.0
2017-10-25,2.735,2.741,2.735,2.737,363.0
2017-10-26,2.725,2.75,2.725,2.748,333.0
2017-10-27,2.732,2.749,2.732,2.745,538.0
2017-10-30,2.726,2.762,2.726,2.753,158.0
2017-10-31,2.75,2.75,2.74,2.744,399.0
2017-11-01,2.73,2.739,2.725,2.739,278.0
2017-11-02,2.741,2.751,2.741,2.744,160.0
2017-11-03,2.745,2.745,2.745,2.745,154.0
2017-11-06,2.76,2.78,2.745,2.748,581.0
2017-11-07,2.736,2.741,2.732,2.741,682.0
2017-11-08,2.736,2.745,2.728,2.742,2027.0
2017-11-09,2.743,2.744,2.735,2.742,653.0
2017-11-10,2.736,2.744,2.734,2.743,395.0
2017-11-13,2.752,2.756,2.738,2.747,247.0
2017-11-14,2.733,2.742,2.733,2.742,415.0
2017-11-15,2.743,2.743,2.738,2.742,260.0
2017-11-16,2.735,2.76,2.735,2.76,1218.0
2017-11-17,2.763,2.763,2.746,2.748,457.0
2017-11-20,2.745,2.747,2.745,2.747,162.0
2017-11-21,2.744,2.752,2.744,2.752,103.0
2017-11-22,2.747,2.747,2.739,2.739,87.0
2017-11-24,2.73,2.73,2.72,2.72,204.0
2017-11-27,2.745,2.75,2.744,2.744,395.0
2017-11-28,2.748,2.749,2.746,2.748,740.0
2017-11-29,2.753,2.755,2.74,2.742,614.0
2017-11-30,2.738,2.738,2.715,2.72,1854.0
2017-12-01,2.737,2.755,2.705,2.705,398.0
2017-12-04,2.698,2.699,2.645,2.667,909.0
2017-12-05,2.687,2.689,2.657,2.689,2209.0
2017-12-06,2.688,2.688,2.662,2.685,385.0
2017-12-07,2.673,2.678,2.658,2.658,831.0
2017-12-08,2.659,2.674,2.659,2.67,438.0
2017-12-11,2.683,2.687,2.679,2.679,230.0
2017-12-12,2.669,2.669,2.642,2.645,336.0
2017-12-13,2.643,2.655,2.635,2.646,369.0
2017-12-14,2.646,2.651,2.635,2.65,828.0
2017-12-15,2.642,2.648,2.599,2.618,822.0
2017-12-18,2.651,2.66,2.646,2.651,1232.0
2017-12-19,2.635,2.658,2.635,2.643,217.0
2017-12-20,2.661,2.661,2.597,2.615,476.0
2017-12-21,2.602,2.62,2.58,2.596,473.0
2017-12-22,2.615,2.622,2.615,2.622,20.0
2017-12-26,2.662,2.662,2.619,2.619,46.0
2017-12-27,2.632,2.637,2.632,2.634,516.0
2017-12-28,2.655,2.66,2.643,2.654,771.0
2017-12-29,2.663,2.669,2.654,2.666,737.0
2018-01-02,2.681,2.681,2.655,2.664,490.0
2018-01-03,2.662,2.663,2.632,2.649,450.0
2018-01-04,2.666,2.666,2.608,2.625,911.0
2018-01-05,2.609,2.617,2.585,2.614,607.0
2018-01-08,2.621,2.633,2.596,2.631,445.0
2018-01-09,2.633,2.658,2.619,2.654,1038.0
2018-01-10,2.644,2.657,2.625,2.657,812.0
2018-01-11,2.643,2.664,2.629,2.664,1279.0
2018-01-12,2.662,2.664,2.642,2.662,2672.0
2018-01-16,2.649,2.664,2.642,2.659,1304.0
2018-01-17,2.656,2.671,2.646,2.669,2266.0
2018-01-18,2.657,2.671,2.648,2.666,1830.0
2018-01-19,2.646,2.665,2.641,2.648,903.0
2018-01-22,2.634,2.663,2.632,2.663,306.0
2018-01-23,2.666,2.671,2.649,2.661,1024.0
2018-01-24,2.658,2.667,2.649,2.662,920.0
2018-01-25,2.661,2.663,2.649,2.659,1474.0
2018-01-26,2.656,2.657,2.645,2.653,533.0
2018-01-29,2.645,2.67,2.632,2.664,1543.0
2018-01-30,2.66,2.676,2.658,2.67,655.0
2018-01-31,2.657,2.675,2.654,2.668,2159.0
2018-02-01,2.662,2.675,2.657,2.671,1153.0
2018-02-02,2.686,2.686,2.668,2.677,360.0
2018-02-05,2.667,2.679,2.664,2.67,1189.0
2018-02-06,2.666,2.669,2.657,2.665,693.0
2018-02-07,2.667,2.673,2.648,2.656,1380.0
2018-02-08,2.667,2.669,2.644,2.65,1256.0
2018-02-09,2.647,2.647,2.613,2.627,1409.0
2018-02-12,2.61,2.622,2.606,2.615,2372.0
2018-02-13,2.633,2.634,2.619,2.623,2602.0
2018-02-14,2.632,2.635,2.605,2.621,1302.0
2018-02-15,2.594,2.619,2.594,2.609,2115.0
2018-02-16,2.593,2.614,2.592,2.61,948.0
2018-02-20,2.622,2.648,2.61,2.618,1516.0
2018-02-21,2.615,2.638,2.59,2.632,631.0
2018-02-22,2.633,2.641,2.627,2.636,727.0
2018-02-23,2.623,2.641,2.608,2.634,326.0
2018-02-26,2.655,2.661,2.624,2.642,757.0
2018-02-27,2.62,2.646,2.619,2.639,395.0
2018-02-28,2.622,2.641,2.61,2.614,1062.0
2018-03-01,2.635,2.637,2.603,2.629,1042.0
2018-03-02,2.634,2.638,2.62,2.626,1219.0
2018-03-05,2.618,2.634,2.618,2.631,1002.0
2018-03-06,2.636,2.644,2.625,2.643,2257.0
2018-03-07,2.646,2.655,2.637,2.655,1432.0
2018-03-08,2.645,2.657,2.639,2.655,1478.0
2018-03-09,2.635,2.651,2.635,2.649,2363.0
2018-03-12,2.656,2.672,2.64,2.669,2215.0
2018-03-13,2.665,2.672,2.662,2.672,1161.0
2018-03-14,2.664,2.676,2.64,2.676,2132.0
2018-03-15,2.676,2.68,2.64,2.656,1163.0
2018-03-16,2.648,2.657,2.642,2.656,676.0
2018-03-19,2.656,2.656,2.637,2.648,372.0
2018-03-20,2.644,2.655,2.642,2.654,950.0
2018-03-21,2.652,2.661,2.628,2.632,5876.0
2018-03-22,2.637,2.638,2.62,2.626,1633.0
2018-03-23,2.616,2.628,2.598,2.606,1600.0
2018-03-26,2.612,2.634,2.6,2.612,1605.0
2018-03-27,2.628,2.637,2.613,2.632,1795.0
2018-03-28,2.624,2.634,2.614,2.63,1304.0
2018-03-29,2.634,2.648,2.629,2.634,1795.0
2018-04-02,2.639,2.644,2.611,2.638,1981.0
2018-04-03,2.639,2.655,2.632,2.655,5736.0
2018-04-04,2.655,2.661,2.625,2.649,5390.0
2018-04-05,2.621,2.64,2.611,2.64,4526.0
2018-04-06,2.639,2.652,2.63,2.637,5213.0
2018-04-09,2.627,2.641,2.612,2.639,4522.0
2018-04-10,2.638,2.648,2.613,2.63,2409.0
2018-04-11,2.627,2.638,2.617,2.636,3441.0
2018-04-12,2.62,2.647,2.617,2.647,1422.0
2018-04-13,2.647,2.66,2.635,2.639,2175.0
2018-04-16,2.645,2.657,2.635,2.646,3437.0
2018-04-17,2.634,2.648,2.623,2.639,3312.0
2018-04-18,2.64,2.645,2.618,2.624,1914.0
2018-04-19,2.626,2.626,2.549,2.553,5554.0
2018-04-20,2.56,2.574,2.547,2.566,5032.0
2018-04-23,2.566,2.573,2.555,2.564,1151.0
2018-04-24,2.551,2.58,2.551,2.579,1408.0
2018-04-25,2.579,2.585,2.572,2.585,1572.0
2018-04-26,2.583,2.589,2.576,2.582,2151.0
2018-04-27,2.565,2.578,2.554,2.554,1804.0
2018-04-30,2.552,2.561,2.544,2.552,2488.0
2018-05-01,2.561,2.573,2.554,2.569,1903.0
2018-05-02,2.565,2.572,2.551,2.564,5111.0
2018-05-03,2.558,2.565,2.533,2.545,6999.0
2018-05-04,2.535,2.542,2.521,2.529,1916.0
2018-05-07,2.5,2.542,2.5,2.529,3083.0
2018-05-08,2.532,2.536,2.497,2.506,4887.0
2018-05-09,2.51,2.517,2.489,2.507,2426.0
2018-05-10,2.505,2.536,2.495,2.536,1783.0
2018-05-11,2.531,2.541,2.53,2.536,1070.0
2018-05-14,2.546,2.552,2.533,2.547,3164.0
2018-05-15,2.545,2.554,2.542,2.544,2517.0
2018-05-16,2.541,2.551,2.534,2.548,2383.0
2018-05-17,2.546,2.572,2.539,2.571,5597.0
2018-05-18,2.57,2.585,2.563,2.579,3129.0
2018-05-21,2.579,2.582,2.565,2.578,1668.0
2018-05-22,2.581,2.613,2.577,2.612,1986.0
2018-05-23,2.613,2.631,2.611,2.621,3507.0
2018-05-24,2.623,2.626,2.612,2.623,2426.0
2018-05-25,2.615,2.629,2.604,2.623,3128.0
2018-05-29,2.615,2.634,2.583,2.597,3254.0
2018-05-30,2.592,2.599,2.585,2.59,2469.0
2018-05-31,2.603,2.629,2.603,2.613,5571.0
2018-06-01,2.611,2.626,2.604,2.625,4334.0
2018-06-04,2.619,2.626,2.603,2.61,3695.0
2018-06-05,2.603,2.609,2.584,2.594,4284.0
2018-06-06,2.604,2.609,2.59,2.595,6637.0
2018-06-07,2.596,2.616,2.593,2.611,5303.0
2018-06-08,2.602,2.602,2.585,2.595,2662.0
2018-06-11,2.613,2.621,2.603,2.609,3602.0
2018-06-12,2.614,2.624,2.598,2.613,1366.0
2018-06-13,2.61,2.625,2.609,2.621,2111.0
2018-06-14,2.617,2.628,2.61,2.627,5451.0
2018-06-15,2.628,2.65,2.628,2.646,4528.0
2018-06-18,2.655,2.664,2.628,2.639,9837.0
2018-06-19,2.634,2.636,2.593,2.601,2655.0
2018-06-20,2.609,2.64,2.609,2.639,2486.0
2018-06-21,2.636,2.651,2.633,2.64,3052.0
2018-06-22,2.638,2.64,2.612,2.635,2839.0
2018-06-25,2.626,2.633,2.614,2.632,1018.0
2018-06-26,2.637,2.637,2.62,2.636,1785.0
2018-06-27,2.634,2.657,2.634,2.656,2408.0
2018-06-28,2.646,2.665,2.637,2.641,2792.0
2018-06-29,2.636,2.642,2.624,2.636,2993.0
2018-07-02,2.63,2.63,2.594,2.617,5400.0
2018-07-03,2.618,2.636,2.612,2.632,7788.0
2018-07-05,2.638,2.65,2.617,2.628,7992.0
2018-07-06,2.617,2.634,2.617,2.631,3439.0
2018-07-09,2.615,2.636,2.61,2.619,2736.0
2018-07-10,2.615,2.616,2.599,2.604,2060.0
2018-07-11,2.603,2.633,2.602,2.633,3071.0
2018-07-12,2.626,2.63,2.603,2.607,1717.0
2018-07-13,2.613,2.613,2.579,2.583,1711.0
2018-07-16,2.589,2.592,2.572,2.575,5363.0
2018-07-17,2.583,2.588,2.557,2.562,3390.0
2018-07-18,2.556,2.566,2.553,2.554,4664.0
2018-07-19,2.557,2.577,2.543,2.569,2717.0
2018-07-20,2.568,2.568,2.554,2.556,1645.0
2018-07-23,2.55,2.556,2.54,2.555,5509.0
2018-07-24,2.547,2.567,2.547,2.562,3367.0
2018-07-25,2.573,2.584,2.573,2.581,833.0
2018-07-26,2.58,2.591,2.559,2.565,9048.0
2018-07-27,2.565,2.591,2.565,2.583,1478.0
2018-07-30,2.593,2.608,2.58,2.608,8051.0
2018-07-31,2.594,2.616,2.583,2.589,4053.0
2018-08-01,2.584,2.584,2.55,2.556,6753.0
2018-08-02,2.543,2.585,2.543,2.578,7196.0
2018-08-03,2.581,2.598,2.581,2.595,8851.0
2018-08-06,2.586,2.604,2.584,2.604,6663.0
2018-08-07,2.606,2.627,2.604,2.625,8056.0
2018-08-08,2.624,2.655,2.62,2.655,12023.0
2018-08-09,2.656,2.663,2.647,2.663,6512.0
2018-08-10,2.656,2.657,2.644,2.656,8476.0
2018-08-13,2.649,2.666,2.632,2.665,6785.0
2018-08-14,2.676,2.684,2.672,2.678,7286.0
2018-08-15,2.675,2.679,2.665,2.672,4222.0
2018-08-16,2.661,2.672,2.641,2.659,6011.0
2018-08-17,2.665,2.683,2.661,2.671,4484.0
2018-08-20,2.658,2.672,2.65,2.665,3907.0
2018-08-21,2.669,2.678,2.662,2.673,3447.0
2018-08-22,2.671,2.675,2.662,2.669,5521.0
2018-08-23,2.667,2.682,2.662,2.677,2809.0
2018-08-24,2.679,2.682,2.646,2.653,5193.0
2018-08-27,2.644,2.653,2.613,2.62,8096.0
2018-08-28,2.619,2.621,2.59,2.601,7180.0
2018-08-29,2.594,2.613,2.591,2.603,5865.0
2018-08-30,2.603,2.612,2.59,2.603,8705.0
2018-08-31,2.614,2.636,2.613,2.628,8959.0
2018-09-04,2.611,2.617,2.573,2.585,20054.0
2018-09-05,2.578,2.59,2.57,2.576,11656.0
2018-09-06,2.57,2.576,2.557,2.559,10375.0
2018-09-07,2.566,2.566,2.549,2.557,4276.0
2018-09-10,2.558,2.575,2.549,2.571,7313.0
2018-09-11,2.571,2.586,2.56,2.582,8219.0
2018-09-12,2.587,2.602,2.58,2.592,5458.0
2018-09-13,2.59,2.606,2.58,2.586,11749.0
2018-09-14,2.583,2.585,2.552,2.561,6525.0
2018-09-17,2.566,2.571,2.559,2.566,7016.0
2018-09-18,2.573,2.597,2.562,2.588,8434.0
2018-09-19,2.583,2.588,2.561,2.577,6494.0
2018-09-20,2.575,2.608,2.568,2.605,6147.0
2018-09-21,2.597,2.602,2.584,2.6,11928.0
2018-09-24,2.591,2.616,2.591,2.608,11919.0
2018-09-25,2.607,2.612,2.593,2.607,9596.0
2018-09-26,2.6,2.614,2.581,2.608,16538.0
2018-09-27,2.595,2.631,2.595,2.606,11824.0
2018-09-28,2.597,2.615,2.579,2.613,9981.0
2018-10-01,2.615,2.637,2.613,2.631,13593.0
2018-10-02,2.634,2.657,2.626,2.657,14642.0
2018-10-03,2.647,2.673,2.647,2.671,11301.0
2018-10-04,2.666,2.677,2.641,2.666,15237.0
2018-10-05,2.67,2.685,2.658,2.675,11086.0
2018-10-08,2.685,2.704,2.682,2.7,14194.0
2018-10-09,2.694,2.71,2.683,2.701,20019.0
2018-10-10,2.706,2.722,2.685,2.7,26149.0
2018-10-11,2.696,2.709,2.672,2.705,23889.0
2018-10-12,2.708,2.721,2.679,2.7,13077.0
2018-10-15,2.697,2.715,2.69,2.707,7061.0
2018-10-16,2.703,2.715,2.689,2.709,8483.0
2018-10-17,2.708,2.716,2.702,2.712,12808.0
2018-10-18,2.705,2.708,2.676,2.691,13080.0
2018-10-19,2.695,2.708,2.67,2.708,13888.0
2018-10-22,2.698,2.704,2.673,2.683,15753.0
2018-10-23,2.677,2.702,2.671,2.702,16179.0
2018-10-24,2.696,2.704,2.67,2.67,12880.0
2018-10-25,2.675,2.685,2.651,2.659,7901.0
2018-10-26,2.652,2.653,2.625,2.647,9632.0
2018-10-29,2.634,2.647,2.615,2.647,9380.0
2018-10-30,2.638,2.667,2.63,2.633,11134.0
2018-10-31,2.644,2.66,2.639,2.655,9284.0
2018-11-01,2.656,2.677,2.63,2.643,18254.0
2018-11-02,2.634,2.649,2.617,2.645,19041.0
2018-11-05,2.68,2.72,2.653,2.679,31495.0
2018-11-06,2.671,2.7,2.665,2.697,16086.0
2018-11-07,2.697,2.703,2.685,2.7,19993.0
2018-11-08,2.704,2.72,2.692,2.709,16927.0
2018-11-09,2.715,2.769,2.709,2.726,44237.0
2018-11-12,2.739,2.782,2.733,2.743,44561.0
2018-11-13,2.779,2.807,2.705,2.728,57815.0
2018-11-14,2.711,2.745,2.662,2.722,72276.0
2018-11-15,2.714,2.731,2.605,2.652,44900.0
2018-11-16,2.632,2.691,2.602,2.667,34701.0
2018-11-19,2.713,2.789,2.671,2.752,53820.0
2018-11-20,2.751,2.776,2.695,2.71,48062.0
2018-11-21,2.75,2.792,2.691,2.707,35529.0
2018-11-23,2.714,2.773,2.634,2.755,17000.0
2018-11-26,2.697,2.749,2.687,2.735,20060.0
2018-11-27,2.727,2.765,2.71,2.749,18298.0
2018-11-28,2.749,2.806,2.737,2.786,26033.0
2018-11-29,2.805,2.805,2.742,2.746,23868.0
2018-11-30,2.76,2.789,2.731,2.763,24590.0
2018-12-03,2.756,2.8,2.741,2.794,26362.0
2018-12-04,2.792,2.859,2.788,2.839,30269.0
2018-12-05,2.86,2.922,2.837,2.851,21812.0
2018-12-06,2.846,2.86,2.817,2.844,16933.0
2018-12-07,2.854,2.904,2.838,2.877,22878.0
2018-12-10,2.91,2.926,2.847,2.862,20264.0
2018-12-11,2.851,2.908,2.844,2.889,21088.0
2018-12-12,2.89,2.893,2.808,2.821,23895.0
2018-12-13,2.823,2.864,2.793,2.798,25417.0
2018-12-14,2.813,2.82,2.777,2.807,28938.0
2018-12-17,2.777,2.822,2.715,2.727,28734.0
2018-12-18,2.746,2.796,2.734,2.785,21165.0
2018-12-19,2.788,2.798,2.739,2.783,18864.0
2018-12-20,2.769,2.826,2.758,2.776,24683.0
2018-12-21,2.79,2.854,2.779,2.848,18740.0
2018-12-24,2.85,2.862,2.751,2.765,13511.0
2018-12-26,2.773,2.813,2.748,2.792,19918.0
2018-12-27,2.809,2.835,2.788,2.827,25619.0
2018-12-28,2.836,2.838,2.769,2.779,22844.0
2018-12-31,2.742,2.777,2.664,2.672,24710.0
2019-01-02,2.676,2.707,2.599,2.605,47567.0
2019-01-03,2.628,2.657,2.579,2.59,37794.0
2019-01-04,2.599,2.663,2.588,2.66,28082.0
2019-01-07,2.643,2.687,2.625,2.662,26433.0
2019-01-08,2.673,2.727,2.667,2.683,33482.0
2019-01-09,2.703,2.721,2.686,2.696,41524.0
2019-01-10,2.696,2.746,2.688,2.698,32762.0
2019-01-11,2.715,2.778,2.711,2.747,38848.0
2019-01-14,2.799,2.875,2.798,2.862,57922.0
2019-01-15,2.865,2.879,2.789,2.804,37723.0
2019-01-16,2.795,2.86,2.759,2.797,35550.0
2019-01-17,2.82,2.863,2.803,2.816,30633.0
2019-01-18,2.812,2.851,2.783,2.846,30892.0
2019-01-22,2.823,2.845,2.792,2.803,40865.0
2019-01-23,2.828,2.858,2.766,2.785,33699.0
2019-01-24,2.796,2.844,2.787,2.838,32028.0
2019-01-25,2.845,2.873,2.802,2.868,31954.0
2019-01-28,2.8,2.834,2.751,2.806,32463.0
2019-01-29,2.812,2.85,2.771,2.846,50467.0
2019-01-30,2.839,2.842,2.805,2.813,33511.0
2019-01-31,2.829,2.837,2.767,2.772,37136.0
2019-02-01,2.787,2.792,2.704,2.709,56597.0
2019-02-04,2.702,2.715,2.655,2.656,32685.0
2019-02-05,2.66,2.697,2.641,2.665,29543.0
2019-02-06,2.678,2.71,2.659,2.671,35933.0
2019-02-07,2.68,2.691,2.592,2.601,80214.0
2019-02-08,2.613,2.662,2.603,2.634,67958.0
2019-02-11,2.688,2.749,2.683,2.686,86376.0
2019-02-12,2.697,2.736,2.664,2.731,73762.0
2019-02-13,2.71,2.711,2.631,2.652,83731.0
2019-02-14,2.667,2.679,2.632,2.639,46534.0
2019-02-15,2.63,2.689,2.62,2.682,34813.0
2019-02-19,2.672,2.723,2.654,2.721,39465.0
2019-02-20,2.715,2.741,2.688,2.693,34947.0
2019-02-21,2.699,2.75,2.699,2.744,45732.0
2019-02-22,2.753,2.767,2.723,2.759,25912.0
2019-02-25,2.784,2.833,2.769,2.826,56695.0
2019-02-26,2.83,2.853,2.779,2.811,53108.0
2019-02-27,2.782,2.824,2.75,2.813,37407.0
2019-02-28,2.822,2.848,2.799,2.823,57968.0
2019-03-01,2.815,2.872,2.795,2.863,58663.0
2019-03-04,2.852,2.887,2.828,2.857,44894.0
2019-03-05,2.857,2.892,2.846,2.884,45313.0
2019-03-06,2.888,2.895,2.835,2.85,57686.0
2019-03-07,2.854,2.878,2.822,2.872,70890.0
2019-03-08,2.865,2.896,2.865,2.87,74669.0
2019-03-11,2.841,2.849,2.78,2.785,90559.0
2019-03-12,2.792,2.81,2.765,2.797,60331.0
2019-03-13,2.803,2.85,2.779,2.834,80055.0
2019-03-14,2.847,2.864,2.837,2.86,61320.0
2019-03-15,2.848,2.86,2.798,2.802,51886.0
2019-03-18,2.797,2.862,2.783,2.856,70544.0
2019-03-19,2.854,2.897,2.839,2.872,81899.0
2019-03-20,2.862,2.87,2.817,2.825,84285.0
2019-03-21,2.838,2.846,2.801,2.827,81140.0
2019-03-22,2.825,2.826,2.73,2.767,130202.0
2019-03-25,2.735,2.786,2.72,2.774,98295.0
2019-03-26,2.775,2.788,2.746,2.751,82201.0
2019-03-27,2.749,2.75,2.69,2.719,135190.0
2019-03-28,2.723,2.752,2.707,2.712,78720.0
2019-03-29,2.72,2.728,2.656,2.662,115412.0
2019-04-01,2.663,2.733,2.657,2.708,129455.0
2019-04-02,2.706,2.722,2.673,2.684,106553.0
2019-04-03,2.692,2.697,2.658,2.677,96798.0
2019-04-04,2.673,2.685,2.636,2.643,123663.0
2019-04-05,2.644,2.68,2.632,2.664,120318.0
2019-04-08,2.659,2.721,2.653,2.708,154202.0
2019-04-09,2.709,2.725,2.68,2.699,117345.0
2019-04-10,2.705,2.729,2.686,2.7,127471.0
2019-04-11,2.702,2.71,2.652,2.664,161210.0
2019-04-12,2.674,2.688,2.651,2.66,88007.0
2019-04-15,2.646,2.653,2.585,2.59,137630.0
2019-04-16,2.589,2.594,2.57,2.572,103427.0
2019-04-17,2.572,2.582,2.503,2.517,144893.0
2019-04-18,2.506,2.521,2.478,2.49,168002.0
2019-04-22,2.494,2.535,2.484,2.524,105447.0
2019-04-23,2.528,2.535,2.447,2.455,119946.0
2019-04-24,2.453,2.487,2.45,2.462,44970.0
2019-04-25,2.475,2.52,2.439,2.514,53338.0
2019-04-26,2.501,2.58,2.477,2.566,9985.0
