DATETIME,OPEN,HIGH,LOW,FINAL,VOLUME
2014-03-28,5.344,5.344,5.344,5.344,0.0
2014-03-31,5.344,5.344,5.344,5.344,0.0
2014-04-01,5.303,5.303,5.303,5.303,0.0
2014-04-02,5.316,5.316,5.316,5.316,0.0
2014-04-03,5.393,5.393,5.393,5.393,0.0
2014-04-04,5.408,5.408,5.408,5.408,0.0
2014-04-07,5.428,5.428,5.428,5.428,0.0
2014-04-08,5.422,5.422,5.422,5.422,0.0
2014-04-09,5.507,5.507,5.507,5.507,0.0
2014-04-10,5.543,5.543,5.543,5.543,0.0
2014-04-11,5.546,5.546,5.546,5.546,0.0
2014-04-14,5.544,5.544,5.544,5.544,0.0
2014-04-15,5.587,5.587,5.587,5.587,0.0
2014-04-16,5.592,5.592,5.592,5.592,0.0
2014-04-17,5.603,5.603,5.603,5.603,0.0
2014-04-21,5.564,5.564,5.564,5.564,0.0
2014-04-22,5.585,5.585,5.585,5.585,0.0
2014-04-23,5.578,5.578,5.578,5.578,0.0
2014-04-24,5.617,5.617,5.617,5.617,0.0
2014-04-25,5.606,5.606,5.606,5.606,0.0
2014-04-28,5.614,5.614,5.614,5.614,0.0
2014-04-29,5.664,5.664,5.664,5.664,0.0
2014-04-30,5.67,5.67,5.67,5.67,0.0
2014-05-01,5.674,5.674,5.674,5.674,0.0
2014-05-02,5.662,5.662,5.662,5.662,0.0
2014-05-05,5.651,5.651,5.651,5.651,0.0
2014-05-06,5.667,5.667,5.667,5.667,0.0
2014-05-07,5.672,5.672,5.672,5.672,0.0
2014-05-08,5.682,5.682,5.682,5.682,0.0
2014-05-09,5.722,5.722,5.722,5.722,0.0
2014-05-12,5.692,5.692,5.692,5.692,0.0
2014-05-13,5.707,5.707,5.707,5.707,0.0
2014-05-14,5.725,5.725,5.725,5.725,0.0
2014-05-15,5.671,5.671,5.671,5.671,0.0
2014-05-16,5.631,5.631,5.631,5.631,0.0
2014-05-19,5.632,5.632,5.632,5.632,0.0
2014-05-20,5.617,5.617,5.617,5.617,0.0
2014-05-21,5.622,5.622,5.622,5.622,0.0
2014-05-22,5.6,5.6,5.6,5.6,0.0
2014-05-23,5.62,5.62,5.62,5.62,0.0
2014-05-27,5.633,5.633,5.633,5.633,0.0
2014-05-28,5.597,5.597,5.597,5.597,0.0
2014-05-29,5.6,5.6,5.6,5.6,0.0
2014-05-30,5.596,5.596,5.596,5.596,0.0
2014-06-02,5.631,5.631,5.631,5.631,0.0
2014-06-03,5.608,5.608,5.608,5.608,0.0
2014-06-04,5.603,5.603,5.603,5.603,0.0
2014-06-05,5.621,5.621,5.621,5.621,0.0
2014-06-06,5.637,5.637,5.637,5.637,0.0
2014-06-09,5.623,5.623,5.623,5.623,0.0
2014-06-10,5.666,5.666,5.666,5.666,0.0
2014-06-11,5.652,5.652,5.652,5.652,0.0
2014-06-12,5.647,5.647,5.647,5.647,0.0
2014-06-13,5.676,5.676,5.676,5.676,0.0
2014-06-16,5.675,5.675,5.675,5.675,0.0
2014-06-17,5.715,5.715,5.715,5.715,0.0
2014-06-18,5.729,5.729,5.729,5.729,0.0
2014-06-19,5.751,5.751,5.751,5.751,0.0
2014-06-20,5.711,5.711,5.711,5.711,0.0
2014-06-23,5.699,5.699,5.699,5.699,0.0
2014-06-24,5.695,5.695,5.695,5.695,0.0
2014-06-25,5.704,5.704,5.704,5.704,0.0
2014-06-26,5.618,5.618,5.618,5.618,0.0
2014-06-27,5.616,5.616,5.616,5.616,0.0
2014-06-30,5.635,5.635,5.635,5.635,0.0
2014-07-01,5.643,5.643,5.643,5.643,0.0
2014-07-02,5.618,5.618,5.618,5.618,0.0
2014-07-03,5.613,5.613,5.613,5.613,0.0
2014-07-07,5.587,5.587,5.587,5.587,0.0
2014-07-08,5.563,5.563,5.563,5.563,0.0
2014-07-09,5.529,5.529,5.529,5.529,0.0
2014-07-10,5.476,5.476,5.476,5.476,0.0
2014-07-11,5.47,5.47,5.47,5.47,0.0
2014-07-14,5.433,5.433,5.433,5.433,0.0
2014-07-15,5.418,5.418,5.418,5.418,0.0
2014-07-16,5.433,5.433,5.433,5.433,0.0
2014-07-17,5.424,5.424,5.424,5.424,0.0
2014-07-18,5.451,5.451,5.451,5.451,0.0
2014-07-21,5.432,5.432,5.432,5.432,0.0
2014-07-22,5.386,5.386,5.386,5.386,0.0
2014-07-23,5.362,5.362,5.362,5.362,0.0
2014-07-24,5.343,5.343,5.343,5.343,0.0
2014-07-25,5.338,5.338,5.338,5.338,0.0
2014-07-28,5.325,5.325,5.325,5.325,0.0
2014-07-29,5.244,5.244,5.244,5.244,0.0
2014-07-30,5.271,5.271,5.271,5.271,0.0
2014-07-31,5.297,5.297,5.297,5.297,0.0
2014-08-01,5.325,5.325,5.325,5.325,0.0
2014-08-04,5.32,5.32,5.32,5.32,0.0
2014-08-05,5.224,5.224,5.224,5.224,0.0
2014-08-06,5.133,5.133,5.133,5.133,0.0
2014-08-07,5.147,5.147,5.147,5.147,0.0
2014-08-08,5.138,5.138,5.138,5.138,0.0
2014-08-11,5.093,5.093,5.093,5.093,0.0
2014-08-12,5.075,5.075,5.075,5.075,0.0
2014-08-13,5.06,5.06,5.06,5.06,0.0
2014-08-14,5.071,5.071,5.071,5.071,0.0
2014-08-15,5.036,5.036,5.036,5.036,0.0
2014-08-18,5.037,5.037,5.037,5.037,0.0
2014-08-19,5.034,5.034,5.034,5.034,0.0
2014-08-20,5.014,5.014,5.014,5.014,0.0
2014-08-21,5.067,5.067,5.067,5.067,0.0
2014-08-22,5.086,5.086,5.086,5.086,0.0
2014-08-25,5.094,5.094,5.094,5.094,0.0
2014-08-26,5.091,5.091,5.091,5.091,0.0
2014-08-27,5.096,5.096,5.096,5.096,0.0
2014-08-28,5.132,5.132,5.132,5.132,0.0
2014-08-29,5.124,5.124,5.124,5.124,0.0
2014-09-02,5.102,5.102,5.102,5.102,0.0
2014-09-03,5.124,5.124,5.124,5.124,0.0
2014-09-04,5.172,5.172,5.172,5.172,0.0
2014-09-05,5.169,5.169,5.169,5.169,0.0
2014-09-08,5.159,5.159,5.159,5.159,0.0
2014-09-09,5.142,5.142,5.142,5.142,0.0
2014-09-10,5.15,5.15,5.15,5.15,0.0
2014-09-11,5.169,5.169,5.169,5.169,0.0
2014-09-12,5.143,5.143,5.143,5.143,0.0
2014-09-15,5.121,5.121,5.121,5.121,0.0
2014-09-16,5.126,5.126,5.126,5.126,0.0
2014-09-17,5.115,5.115,5.115,5.115,0.0
2014-09-18,5.061,5.061,5.061,5.061,0.0
2014-09-19,5.051,5.051,5.051,5.051,0.0
2014-09-22,5.039,5.039,5.039,5.039,0.0
2014-09-23,5.049,5.049,5.049,5.049,0.0
2014-09-24,5.043,5.043,5.043,5.043,0.0
2014-09-25,5.042,5.042,5.042,5.042,0.0
2014-09-26,5.022,5.022,5.022,5.022,0.0
2014-09-29,5.033,5.033,5.033,5.033,0.0
2014-09-30,5.073,5.073,5.073,5.073,0.0
2014-10-01,5.018,5.018,5.018,5.018,0.0
2014-10-02,5.064,5.064,5.064,5.064,0.0
2014-10-03,5.041,5.041,5.041,5.041,0.0
2014-10-06,5.041,5.041,5.041,5.041,0.0
2014-10-07,5.044,5.044,5.044,5.044,0.0
2014-10-08,5.044,5.044,5.044,5.044,0.0
2014-10-09,5.059,5.059,5.059,5.059,0.0
2014-10-10,5.056,5.056,5.056,5.056,0.0
2014-10-13,5.066,5.066,5.066,5.066,0.0
2014-10-14,5.056,5.056,5.056,5.056,0.0
2014-10-15,5.041,5.041,5.041,5.041,0.0
2014-10-16,5.016,5.016,5.016,5.016,0.0
2014-10-17,5.051,5.051,5.051,5.051,0.0
2014-10-20,5.038,5.038,5.038,5.038,0.0
2014-10-21,5.033,5.033,5.033,5.033,0.0
2014-10-22,5.019,5.019,5.019,5.019,0.0
2014-10-23,5.018,5.018,5.018,5.018,0.0
2014-10-24,4.995,4.995,4.995,4.995,0.0
2014-10-27,4.982,4.982,4.982,4.982,0.0
2014-10-28,4.967,4.967,4.967,4.967,0.0
2014-10-29,4.972,4.972,4.972,4.972,0.0
2014-10-30,4.965,4.965,4.965,4.965,0.0
2014-10-31,4.98,4.98,4.98,4.98,0.0
2014-11-03,4.971,4.971,4.971,4.971,0.0
2014-11-04,4.966,4.966,4.966,4.966,0.0
2014-11-05,4.937,4.937,4.937,4.937,0.0
2014-11-06,4.924,4.924,4.924,4.924,0.0
2014-11-07,4.921,4.921,4.921,4.921,0.0
2014-11-10,4.915,4.915,4.915,4.915,0.0
2014-11-11,4.93,4.93,4.93,4.93,0.0
2014-11-12,4.951,4.951,4.951,4.951,0.0
2014-11-13,4.931,4.931,4.931,4.931,0.0
2014-11-14,4.957,4.957,4.957,4.957,0.0
2014-11-17,4.96,4.96,4.96,4.96,0.0
2014-11-18,4.935,4.935,4.935,4.935,0.0
2014-11-19,4.916,4.916,4.916,4.916,0.0
2014-11-20,4.911,4.911,4.911,4.911,0.0
2014-11-21,4.884,4.884,4.884,4.884,0.0
2014-11-24,4.938,4.938,4.938,4.938,0.0
2014-11-25,4.937,4.937,4.937,4.937,0.0
2014-11-26,4.93,4.93,4.93,4.93,0.0
2014-11-28,4.948,4.948,4.948,4.948,0.0
2014-12-01,5.013,5.013,5.013,5.013,0.0
2014-12-02,5.009,5.009,5.009,5.009,0.0
2014-12-03,5.034,5.034,5.034,5.034,0.0
2014-12-04,5.039,5.039,5.039,5.039,0.0
2014-12-05,5.06,5.06,5.06,5.06,0.0
2014-12-08,5.081,5.081,5.081,5.081,0.0
2014-12-09,5.126,5.126,5.126,5.126,0.0
2014-12-10,5.108,5.108,5.108,5.108,0.0
2014-12-11,5.085,5.085,5.085,5.085,0.0
2014-12-12,5.068,5.068,5.068,5.068,0.0
2014-12-15,5.055,5.055,5.055,5.055,0.0
2014-12-16,5.005,5.005,5.005,5.005,0.0
2014-12-17,5.03,5.03,5.03,5.03,0.0
2014-12-18,5.011,5.011,5.011,5.011,0.0
2014-12-19,4.932,4.932,4.932,4.932,0.0
2014-12-22,4.933,4.933,4.933,4.933,0.0
2014-12-23,4.901,4.901,4.901,4.901,0.0
2014-12-24,4.895,4.895,4.895,4.895,0.0
2014-12-26,4.892,4.892,4.892,4.892,0.0
2014-12-29,4.89,4.89,4.89,4.89,0.0
2014-12-30,4.872,4.872,4.872,4.872,0.0
2014-12-31,4.843,4.843,4.843,4.843,0.0
2015-01-02,4.827,4.827,4.827,4.827,0.0
2015-01-05,4.827,4.827,4.827,4.827,0.0
2015-01-06,4.786,4.786,4.786,4.786,0.0
2015-01-07,4.726,4.726,4.726,4.726,0.0
2015-01-08,4.706,4.706,4.706,4.706,0.0
2015-01-09,4.694,4.694,4.694,4.694,0.0
2015-01-12,4.604,4.604,4.604,4.604,0.0
2015-01-13,4.576,4.576,4.576,4.576,0.0
2015-01-14,4.501,4.501,4.501,4.501,0.0
2015-01-15,4.451,4.451,4.451,4.451,0.0
2015-01-16,4.459,4.459,4.459,4.459,0.0
2015-01-20,4.451,4.451,4.451,4.451,0.0
2015-01-21,4.455,4.455,4.455,4.455,0.0
2015-01-22,4.434,4.434,4.434,4.434,0.0
2015-01-23,4.434,4.434,4.434,4.434,0.0
2015-01-26,4.452,4.452,4.452,4.452,0.0
2015-01-27,4.446,4.446,4.446,4.446,0.0
2015-01-28,4.476,4.476,4.476,4.476,0.0
2015-01-29,4.459,4.459,4.459,4.459,0.0
2015-01-30,4.466,4.466,4.466,4.466,0.0
2015-02-02,4.429,4.429,4.429,4.429,0.0
2015-02-03,4.445,4.445,4.445,4.445,0.0
2015-02-04,4.464,4.464,4.464,4.464,0.0
2015-02-05,4.369,4.369,4.369,4.369,0.0
2015-02-06,4.443,4.443,4.443,4.443,0.0
2015-02-09,4.473,4.473,4.473,4.473,0.0
2015-02-10,4.494,4.494,4.494,4.494,0.0
2015-02-11,4.477,4.477,4.477,4.477,0.0
2015-02-12,4.478,4.478,4.478,4.478,0.0
2015-02-13,4.513,4.513,4.513,4.513,0.0
2015-02-17,4.46,4.46,4.46,4.46,0.0
2015-02-18,4.488,4.488,4.488,4.488,0.0
2015-02-19,4.462,4.462,4.462,4.462,0.0
2015-02-20,4.467,4.467,4.467,4.467,0.0
2015-02-23,4.439,4.439,4.439,4.439,0.0
2015-02-24,4.466,4.466,4.466,4.466,0.0
2015-02-25,4.472,4.472,4.472,4.472,0.0
2015-02-26,4.442,4.442,4.442,4.442,0.0
2015-02-27,4.443,4.443,4.443,4.443,0.0
2015-03-02,4.419,4.419,4.419,4.419,0.0
2015-03-03,4.428,4.428,4.428,4.428,0.0
2015-03-04,4.435,4.435,4.435,4.435,0.0
2015-03-05,4.394,4.394,4.394,4.394,0.0
2015-03-06,4.399,4.399,4.399,4.399,0.0
2015-03-09,4.374,4.374,4.374,4.374,0.0
2015-03-10,4.372,4.372,4.372,4.372,0.0
2015-03-11,4.365,4.365,4.365,4.365,0.0
2015-03-12,4.334,4.334,4.334,4.334,0.0
2015-03-13,4.33,4.33,4.33,4.33,0.0
2015-03-16,4.343,4.343,4.343,4.343,0.0
2015-03-17,4.324,4.324,4.324,4.324,0.0
2015-03-18,4.356,4.356,4.356,4.356,0.0
2015-03-19,4.362,4.362,4.362,4.362,0.0
2015-03-20,4.368,4.368,4.368,4.368,0.0
2015-03-23,4.369,4.369,4.369,4.369,0.0
2015-03-24,4.389,4.389,4.389,4.389,0.0
2015-03-25,4.384,4.384,4.384,4.384,0.0
2015-03-26,4.375,4.375,4.375,4.375,0.0
2015-03-27,4.35,4.35,4.35,4.35,0.0
2015-03-30,4.338,4.338,4.338,4.338,0.0
2015-03-31,4.35,4.35,4.35,4.35,0.0
2015-04-01,4.344,4.344,4.344,4.344,0.0
2015-04-02,4.398,4.398,4.398,4.398,0.0
2015-04-06,4.413,4.413,4.413,4.413,0.0
2015-04-07,4.465,4.465,4.465,4.465,0.0
2015-04-08,4.473,4.473,4.473,4.473,0.0
2015-04-09,4.466,4.466,4.466,4.466,0.0
2015-04-10,4.461,4.461,4.461,4.461,0.0
2015-04-13,4.451,4.451,4.451,4.451,0.0
2015-04-14,4.446,4.446,4.446,4.446,0.0
2015-04-15,4.451,4.451,4.451,4.451,0.0
2015-04-16,4.471,4.471,4.471,4.471,0.0
2015-04-17,4.443,4.443,4.443,4.443,0.0
2015-04-20,4.444,4.444,4.444,4.444,0.0
2015-04-21,4.447,4.447,4.447,4.447,0.0
2015-04-22,4.434,4.434,4.434,4.434,0.0
2015-04-23,4.392,4.392,4.392,4.392,0.0
2015-04-24,4.39,4.39,4.39,4.39,0.0
2015-04-27,4.37,4.37,4.37,4.37,0.0
2015-04-28,4.362,4.362,4.362,4.362,0.0
2015-04-29,4.367,4.367,4.367,4.367,0.0
2015-04-30,4.362,4.362,4.362,4.362,0.0
2015-05-01,4.352,4.352,4.352,4.352,0.0
2015-05-04,4.31,4.31,4.31,4.31,0.0
2015-05-05,4.321,4.321,4.321,4.321,0.0
2015-05-06,4.329,4.329,4.329,4.329,0.0
2015-05-07,4.321,4.321,4.321,4.321,0.0
2015-05-08,4.328,4.328,4.328,4.328,0.0
2015-05-11,4.315,4.315,4.315,4.315,0.0
2015-05-12,4.302,4.302,4.302,4.302,0.0
2015-05-13,4.311,4.311,4.311,4.311,0.0
2015-05-14,4.322,4.322,4.322,4.322,0.0
2015-05-15,4.329,4.329,4.329,4.329,0.0
2015-05-18,4.317,4.317,4.317,4.317,0.0
2015-05-19,4.302,4.302,4.302,4.302,0.0
2015-05-20,4.32,4.32,4.32,4.32,0.0
2015-05-21,4.319,4.319,4.319,4.319,0.0
2015-05-22,4.311,4.311,4.311,4.311,0.0
2015-05-26,4.312,4.312,4.312,4.312,0.0
2015-05-27,4.312,4.312,4.312,4.312,0.0
2015-05-28,4.304,4.304,4.304,4.304,0.0
2015-05-29,4.294,4.294,4.294,4.294,0.0
2015-06-01,4.296,4.296,4.296,4.296,0.0
2015-06-02,4.293,4.293,4.293,4.293,0.0
2015-06-03,4.294,4.294,4.294,4.294,0.0
2015-06-04,4.248,4.248,4.248,4.248,0.0
2015-06-05,4.209,4.209,4.209,4.209,0.0
2015-06-08,4.217,4.217,4.217,4.217,0.0
2015-06-09,4.194,4.194,4.194,4.194,0.0
2015-06-10,4.181,4.181,4.181,4.181,0.0
2015-06-11,4.232,4.232,4.232,4.232,0.0
2015-06-12,4.234,4.234,4.234,4.234,0.0
2015-06-15,4.241,4.241,4.241,4.241,0.0
2015-06-16,4.266,4.266,4.266,4.266,0.0
2015-06-17,4.259,4.259,4.259,4.259,0.0
2015-06-18,4.241,4.241,4.241,4.241,0.0
2015-06-19,4.246,4.246,4.246,4.246,0.0
2015-06-22,4.229,4.229,4.229,4.229,0.0
2015-06-23,4.228,4.228,4.228,4.228,0.0
2015-06-24,4.23,4.23,4.23,4.23,0.0
2015-06-25,4.231,4.231,4.231,4.231,0.0
2015-06-26,4.234,4.234,4.234,4.234,0.0
2015-06-29,4.217,4.217,4.217,4.217,0.0
2015-06-30,4.229,4.229,4.229,4.229,0.0
2015-07-01,4.24,4.24,4.24,4.24,0.0
2015-07-02,4.244,4.244,4.244,4.244,0.0
2015-07-06,4.216,4.216,4.216,4.216,0.0
2015-07-07,4.22,4.22,4.22,4.22,0.0
2015-07-08,4.249,4.249,4.249,4.249,0.0
2015-07-09,4.272,4.272,4.272,4.272,0.0
2015-07-10,4.276,4.276,4.276,4.276,0.0
2015-07-13,4.276,4.276,4.276,4.276,0.0
2015-07-14,4.327,4.327,4.327,4.327,0.0
2015-07-15,4.386,4.386,4.386,4.386,0.0
2015-07-16,4.404,4.404,4.404,4.404,0.0
2015-07-17,4.411,4.411,4.411,4.411,0.0
2015-07-20,4.404,4.404,4.404,4.404,0.0
2015-07-21,4.403,4.403,4.403,4.403,0.0
2015-07-22,4.399,4.399,4.399,4.399,0.0
2015-07-23,4.379,4.379,4.379,4.379,0.0
2015-07-24,4.389,4.389,4.389,4.389,0.0
2015-07-27,4.41,4.41,4.41,4.41,0.0
2015-07-28,4.409,4.409,4.409,4.409,0.0
2015-07-29,4.403,4.403,4.403,4.403,0.0
2015-07-30,4.382,4.382,4.382,4.382,0.0
2015-07-31,4.347,4.347,4.347,4.347,0.0
2015-08-03,4.328,4.328,4.328,4.328,0.0
2015-08-04,4.284,4.284,4.284,4.284,0.0
2015-08-05,4.284,4.284,4.284,4.284,0.0
2015-08-06,4.244,4.244,4.244,4.244,0.0
2015-08-07,4.223,4.223,4.223,4.223,0.0
2015-08-10,4.199,4.199,4.199,4.199,0.0
2015-08-11,4.114,4.114,4.114,4.114,0.0
2015-08-12,4.07,4.07,4.07,4.07,0.0
2015-08-13,4.146,4.146,4.146,4.146,0.0
2015-08-14,4.166,4.166,4.166,4.166,0.0
2015-08-17,4.171,4.171,4.171,4.171,0.0
2015-08-18,4.206,4.206,4.206,4.206,0.0
2015-08-19,4.162,4.162,4.162,4.162,0.0
2015-08-20,4.146,4.146,4.146,4.146,0.0
2015-08-21,4.111,4.111,4.111,4.111,0.0
2015-08-24,4.065,4.065,4.065,4.065,0.0
2015-08-25,4.062,4.062,4.062,4.062,0.0
2015-08-26,4.068,4.068,4.068,4.068,0.0
2015-08-27,4.075,4.075,4.075,4.075,0.0
2015-08-28,4.102,4.102,4.102,4.102,0.0
2015-08-31,4.099,4.099,4.099,4.099,0.0
2015-09-01,4.11,4.11,4.11,4.11,0.0
2015-09-02,4.112,4.112,4.112,4.112,0.0
2015-09-03,4.119,4.119,4.119,4.119,0.0
2015-09-04,4.109,4.109,4.109,4.109,0.0
2015-09-08,4.115,4.115,4.115,4.115,0.0
2015-09-09,4.138,4.138,4.138,4.138,0.0
2015-09-10,4.133,4.133,4.133,4.133,0.0
2015-09-11,4.096,4.096,4.096,4.096,0.0
2015-09-14,4.106,4.106,4.106,4.106,0.0
2015-09-15,4.096,4.096,4.096,4.096,0.0
2015-09-16,4.057,4.057,4.057,4.057,0.0
2015-09-17,4.027,4.027,4.027,4.027,0.0
2015-09-18,4.023,4.023,4.023,4.023,0.0
2015-09-21,4.011,4.011,4.011,4.011,0.0
2015-09-22,4.0,4.0,4.0,4.0,0.0
2015-09-23,4.01,4.01,4.01,4.01,0.0
2015-09-24,4.047,4.047,4.047,4.047,0.0
2015-09-25,4.014,4.014,4.014,4.014,0.0
2015-09-28,4.011,4.011,4.011,4.011,0.0
2015-09-29,3.984,3.984,3.984,3.984,0.0
2015-09-30,3.957,3.957,3.957,3.957,0.0
2015-10-01,3.949,3.949,3.949,3.949,0.0
2015-10-02,3.959,3.959,3.959,3.959,0.0
2015-10-05,3.956,3.956,3.956,3.956,0.0
2015-10-06,3.98,3.98,3.98,3.98,0.0
2015-10-07,3.98,3.98,3.98,3.98,0.0
2015-10-08,3.975,3.975,3.975,3.975,0.0
2015-10-09,3.973,3.973,3.973,3.973,0.0
2015-10-12,3.978,3.978,3.978,3.978,0.0
2015-10-13,3.98,3.98,3.98,3.98,0.0
2015-10-14,3.981,3.981,3.981,3.981,0.0
2015-10-15,3.98,3.98,3.98,3.98,0.0
2015-10-16,3.989,3.989,3.989,3.989,0.0
2015-10-19,3.991,3.991,3.991,3.991,0.0
2015-10-20,4.0,4.0,4.0,4.0,0.0
2015-10-21,3.987,3.987,3.987,3.987,0.0
2015-10-22,3.983,3.983,3.983,3.983,0.0
2015-10-23,3.943,3.943,3.943,3.943,0.0
2015-10-26,3.92,3.92,3.92,3.92,0.0
2015-10-27,3.892,3.892,3.892,3.892,0.0
2015-10-28,3.891,3.891,3.891,3.891,0.0
2015-10-29,3.889,3.889,3.889,3.889,0.0
2015-10-30,3.94,3.94,3.94,3.94,0.0
2015-11-02,3.918,3.918,3.918,3.918,0.0
2015-11-03,3.923,3.923,3.923,3.923,0.0
2015-11-04,3.925,3.925,3.925,3.925,0.0
2015-11-05,3.928,3.928,3.928,3.928,0.0
2015-11-06,3.926,3.926,3.926,3.926,0.0
2015-11-09,3.92,3.92,3.92,3.92,0.0
2015-11-10,3.913,3.913,3.913,3.913,0.0
2015-11-11,3.895,3.895,3.895,3.895,0.0
2015-11-12,3.88,3.88,3.88,3.88,0.0
2015-11-13,3.907,3.907,3.907,3.907,0.0
2015-11-16,3.915,3.915,3.915,3.915,0.0
2015-11-17,3.918,3.918,3.918,3.918,0.0
2015-11-18,3.851,3.851,3.851,3.851,0.0
2015-11-19,3.814,3.814,3.814,3.814,0.0
2015-11-20,3.783,3.783,3.783,3.783,0.0
2015-11-23,3.796,3.796,3.796,3.796,0.0
2015-11-24,3.797,3.797,3.797,3.797,0.0
2015-11-25,3.812,3.812,3.812,3.812,0.0
2015-11-27,3.794,3.794,3.794,3.794,0.0
2015-11-30,3.795,3.795,3.795,3.795,0.0
2015-12-01,3.805,3.805,3.805,3.805,0.0
2015-12-02,3.833,3.833,3.833,3.833,0.0
2015-12-03,3.836,3.836,3.836,3.836,0.0
2015-12-04,3.834,3.834,3.834,3.834,0.0
2015-12-07,3.817,3.817,3.817,3.817,0.0
2015-12-08,3.837,3.837,3.837,3.837,0.0
2015-12-09,3.858,3.858,3.858,3.858,0.0
2015-12-10,3.879,3.879,3.879,3.879,0.0
2015-12-11,3.875,3.875,3.875,3.875,0.0
2015-12-14,3.865,3.865,3.865,3.865,0.0
2015-12-15,3.859,3.859,3.859,3.859,0.0
2015-12-16,3.886,3.886,3.886,3.886,0.0
2015-12-17,3.911,3.911,3.911,3.911,0.0
2015-12-18,3.889,3.889,3.889,3.889,0.0
2015-12-21,3.866,3.866,3.866,3.866,0.0
2015-12-22,3.876,3.876,3.876,3.876,0.0
2015-12-23,3.869,3.869,3.869,3.869,0.0
2015-12-24,3.868,3.868,3.868,3.868,0.0
2015-12-28,3.912,3.912,3.912,3.912,0.0
2015-12-29,3.897,3.897,3.897,3.897,0.0
2015-12-30,3.888,3.888,3.888,3.888,0.0
2015-12-31,3.882,3.882,3.882,3.882,0.0
2016-01-04,3.862,3.862,3.862,3.862,0.0
2016-01-05,3.836,3.836,3.836,3.836,0.0
2016-01-06,3.824,3.824,3.824,3.824,0.0
2016-01-07,3.844,3.844,3.844,3.844,0.0
2016-01-08,3.822,3.822,3.822,3.822,0.0
2016-01-11,3.798,3.798,3.798,3.798,0.0
2016-01-12,3.749,3.749,3.749,3.749,0.0
2016-01-13,3.769,3.769,3.769,3.769,0.0
2016-01-14,3.784,3.784,3.784,3.784,0.0
2016-01-15,3.768,3.768,3.768,3.768,0.0
2016-01-19,3.77,3.77,3.77,3.77,0.0
2016-01-20,3.747,3.747,3.747,3.747,0.0
2016-01-21,3.755,3.755,3.755,3.755,0.0
2016-01-22,3.736,3.736,3.736,3.736,0.0
2016-01-25,3.737,3.737,3.737,3.737,0.0
2016-01-26,3.721,3.721,3.721,3.721,0.0
2016-01-27,3.739,3.739,3.739,3.739,0.0
2016-01-28,3.783,3.783,3.783,3.783,0.0
2016-01-29,3.765,3.765,3.765,3.765,0.0
2016-02-01,3.724,3.724,3.724,3.724,0.0
2016-02-02,3.662,3.662,3.662,3.662,0.0
2016-02-03,3.675,3.675,3.675,3.675,0.0
2016-02-04,3.678,3.678,3.678,3.678,0.0
2016-02-05,3.676,3.676,3.676,3.676,0.0
2016-02-08,3.619,3.619,3.619,3.619,0.0
2016-02-09,3.601,3.601,3.601,3.601,0.0
2016-02-10,3.571,3.571,3.571,3.571,0.0
2016-02-11,3.527,3.527,3.527,3.527,0.0
2016-02-12,3.499,3.499,3.499,3.499,0.0
2016-02-16,3.476,3.476,3.476,3.476,0.0
2016-02-17,3.471,3.471,3.471,3.471,0.0
2016-02-18,3.434,3.434,3.434,3.434,0.0
2016-02-19,3.419,3.419,3.419,3.419,0.0
2016-02-22,3.358,3.358,3.358,3.358,0.0
2016-02-23,3.374,3.374,3.374,3.374,0.0
2016-02-24,3.404,3.404,3.404,3.404,0.0
2016-02-25,3.4,3.4,3.4,3.4,0.0
2016-02-26,3.403,3.403,3.403,3.403,0.0
2016-02-29,3.464,3.464,3.464,3.464,0.0
2016-03-01,3.483,3.483,3.483,3.483,0.0
2016-03-02,3.467,3.467,3.467,3.467,0.0
2016-03-03,3.474,3.474,3.474,3.474,0.0
2016-03-04,3.473,3.473,3.473,3.473,0.0
2016-03-07,3.48,3.48,3.48,3.48,0.0
2016-03-08,3.486,3.486,3.486,3.486,0.0
2016-03-09,3.534,3.534,3.534,3.534,0.0
2016-03-10,3.534,3.534,3.534,3.534,0.0
2016-03-11,3.544,3.544,3.544,3.544,0.0
2016-03-14,3.529,3.529,3.529,3.529,0.0
2016-03-15,3.527,3.527,3.527,3.527,0.0
2016-03-16,3.532,3.532,3.532,3.532,0.0
2016-03-17,3.537,3.537,3.537,3.537,0.0
2016-03-18,3.527,3.527,3.527,3.527,0.0
2016-03-21,3.531,3.531,3.531,3.531,0.0
2016-03-22,3.553,3.553,3.553,3.553,0.0
2016-03-23,3.569,3.569,3.569,3.569,0.0
2016-03-24,3.624,3.624,3.624,3.624,0.0
2016-03-28,3.679,3.679,3.679,3.679,0.0
2016-03-29,3.731,3.731,3.731,3.731,0.0
2016-03-30,3.734,3.734,3.734,3.734,0.0
2016-03-31,3.763,3.763,3.763,3.763,0.0
2016-04-01,3.772,3.772,3.772,3.772,0.0
2016-04-04,3.744,3.744,3.744,3.744,0.0
2016-04-05,3.752,3.752,3.752,3.752,0.0
2016-04-06,3.794,3.794,3.794,3.794,0.0
2016-04-07,3.798,3.798,3.798,3.798,0.0
2016-04-08,3.816,3.816,3.816,3.816,0.0
2016-04-11,3.813,3.813,3.813,3.813,0.0
2016-04-12,3.811,3.811,3.811,3.811,0.0
2016-04-13,3.819,3.819,3.819,3.819,0.0
2016-04-14,3.818,3.818,3.818,3.818,0.0
2016-04-15,3.788,3.788,3.788,3.788,0.0
2016-04-18,3.778,3.778,3.778,3.778,0.0
2016-04-19,3.762,3.762,3.762,3.762,0.0
2016-04-20,3.762,3.762,3.762,3.762,0.0
2016-04-21,3.794,3.794,3.794,3.794,0.0
2016-04-22,3.787,3.787,3.787,3.787,0.0
2016-04-25,3.798,3.798,3.798,3.798,0.0
2016-04-26,3.846,3.846,3.846,3.846,0.0
2016-04-27,3.862,3.862,3.862,3.862,0.0
2016-04-28,3.853,3.853,3.853,3.853,0.0
2016-04-29,3.851,3.851,3.851,3.851,0.0
2016-05-02,3.831,3.831,3.831,3.831,0.0
2016-05-03,3.817,3.817,3.817,3.817,0.0
2016-05-04,3.826,3.826,3.826,3.826,0.0
2016-05-05,3.862,3.862,3.862,3.862,0.0
2016-05-06,3.865,3.865,3.865,3.865,0.0
2016-05-09,3.853,3.853,3.853,3.853,0.0
2016-05-10,3.852,3.852,3.852,3.852,0.0
2016-05-11,3.836,3.836,3.836,3.836,0.0
2016-05-12,3.821,3.821,3.821,3.821,0.0
2016-05-13,3.823,3.823,3.823,3.823,0.0
2016-05-16,3.83,3.83,3.83,3.83,0.0
2016-05-17,3.813,3.813,3.813,3.813,0.0
2016-05-18,3.807,3.807,3.807,3.807,0.0
2016-05-19,3.819,3.819,3.819,3.819,0.0
2016-05-20,3.807,3.807,3.807,3.807,0.0
2016-05-23,3.802,3.802,3.802,3.802,0.0
2016-05-24,3.799,3.799,3.799,3.799,0.0
2016-05-25,3.828,3.828,3.828,3.828,0.0
2016-05-26,3.859,3.859,3.859,3.859,0.0
2016-05-27,3.869,3.869,3.869,3.869,0.0
2016-05-31,3.87,3.87,3.87,3.87,0.0
2016-06-01,3.868,3.868,3.868,3.868,0.0
2016-06-02,3.855,3.855,3.855,3.855,0.0
2016-06-03,3.845,3.845,3.845,3.845,0.0
2016-06-06,3.839,3.839,3.839,3.839,0.0
2016-06-07,3.863,3.863,3.863,3.863,0.0
2016-06-08,3.853,3.853,3.853,3.853,0.0
2016-06-09,3.851,3.851,3.851,3.851,0.0
2016-06-10,3.828,3.828,3.828,3.828,0.0
2016-06-13,3.789,3.789,3.789,3.789,0.0
2016-06-14,3.767,3.767,3.767,3.767,0.0
2016-06-15,3.767,3.767,3.767,3.767,0.0
2016-06-16,3.762,3.762,3.762,3.762,0.0
2016-06-17,3.739,3.739,3.739,3.739,0.0
2016-06-20,3.729,3.729,3.729,3.729,0.0
2016-06-21,3.717,3.717,3.717,3.717,0.0
2016-06-22,3.724,3.724,3.724,3.724,0.0
2016-06-23,3.745,3.745,3.745,3.745,0.0
2016-06-24,3.763,3.763,3.763,3.763,0.0
2016-06-27,3.721,3.721,3.721,3.721,0.0
2016-06-28,3.78,3.78,3.78,3.78,0.0
2016-06-29,3.781,3.781,3.781,3.781,0.0
2016-06-30,3.798,3.798,3.798,3.798,0.0
2016-07-01,3.799,3.799,3.799,3.799,0.0
2016-07-05,3.797,3.797,3.797,3.797,0.0
2016-07-06,3.819,3.819,3.819,3.819,0.0
2016-07-07,3.817,3.817,3.817,3.817,0.0
2016-07-08,3.814,3.814,3.814,3.814,0.0
2016-07-11,3.81,3.81,3.81,3.81,0.0
2016-07-12,3.796,3.796,3.796,3.796,0.0
2016-07-13,3.816,3.816,3.816,3.816,0.0
2016-07-14,3.814,3.814,3.814,3.814,0.0
2016-07-15,3.8,3.8,3.8,3.8,0.0
2016-07-18,3.785,3.785,3.785,3.785,0.0
2016-07-19,3.775,3.775,3.775,3.775,0.0
2016-07-20,3.764,3.764,3.764,3.764,0.0
2016-07-21,3.769,3.769,3.769,3.769,0.0
2016-07-22,3.773,3.773,3.773,3.773,0.0
2016-07-25,3.779,3.779,3.779,3.779,0.0
2016-07-26,3.777,3.777,3.777,3.777,0.0
2016-07-27,3.77,3.77,3.77,3.77,0.0
2016-07-28,3.783,3.783,3.783,3.783,0.0
2016-07-29,3.788,3.788,3.788,3.788,0.0
2016-08-01,3.786,3.786,3.786,3.786,0.0
2016-08-02,3.785,3.785,3.785,3.785,0.0
2016-08-03,3.79,3.79,3.79,3.79,0.0
2016-08-04,3.819,3.819,3.819,3.819,0.0
2016-08-05,3.82,3.82,3.82,3.82,0.0
2016-08-08,3.819,3.819,3.819,3.819,0.0
2016-08-09,3.818,3.818,3.818,3.818,0.0
2016-08-10,3.799,3.799,3.799,3.799,0.0
2016-08-11,3.788,3.788,3.788,3.788,0.0
2016-08-12,3.785,3.785,3.785,3.785,0.0
2016-08-15,3.778,3.778,3.778,3.778,0.0
2016-08-16,3.791,3.791,3.791,3.791,0.0
2016-08-17,3.826,3.826,3.826,3.826,0.0
2016-08-18,3.825,3.825,3.825,3.825,0.0
2016-08-19,3.836,3.836,3.836,3.836,0.0
2016-08-22,3.836,3.836,3.836,3.836,0.0
2016-08-23,3.859,3.859,3.859,3.859,0.0
2016-08-24,3.883,3.883,3.883,3.883,0.0
2016-08-25,3.829,3.829,3.829,3.829,0.0
2016-08-26,3.793,3.793,3.793,3.793,0.0
2016-08-29,3.776,3.776,3.776,3.776,0.0
2016-08-30,3.766,3.766,3.766,3.766,0.0
2016-08-31,3.786,3.786,3.786,3.786,0.0
2016-09-01,3.75,3.75,3.75,3.75,0.0
2016-09-02,3.737,3.737,3.737,3.737,0.0
2016-09-06,3.738,3.738,3.738,3.738,0.0
2016-09-07,3.714,3.714,3.714,3.714,0.0
2016-09-08,3.705,3.705,3.705,3.705,0.0
2016-09-09,3.661,3.661,3.661,3.661,0.0
2016-09-12,3.663,3.663,3.663,3.663,0.0
2016-09-13,3.641,3.641,3.641,3.641,0.0
2016-09-14,3.658,3.658,3.658,3.658,0.0
2016-09-15,3.661,3.661,3.661,3.661,0.0
2016-09-16,3.637,3.637,3.637,3.637,0.0
2016-09-19,3.615,3.615,3.615,3.615,0.0
2016-09-20,3.625,3.625,3.625,3.625,0.0
2016-09-21,3.628,3.628,3.628,3.628,0.0
2016-09-22,3.597,3.597,3.597,3.597,0.0
2016-09-23,3.608,3.608,3.608,3.608,0.0
2016-09-26,3.625,3.625,3.625,3.625,0.0
2016-09-27,3.595,3.595,3.595,3.595,0.0
2016-09-28,3.569,3.569,3.569,3.569,0.0
2016-09-29,3.528,3.528,3.528,3.528,0.0
2016-09-30,3.524,3.524,3.524,3.524,0.0
2016-10-03,3.517,3.517,3.517,3.517,0.0
2016-10-04,3.491,3.491,3.491,3.491,0.0
2016-10-05,3.514,3.514,3.514,3.514,0.0
2016-10-06,3.516,3.516,3.516,3.516,0.0
2016-10-07,3.53,3.53,3.53,3.53,0.0
2016-10-10,3.521,3.521,3.521,3.521,0.0
2016-10-11,3.614,3.614,3.614,3.614,0.0
2016-10-12,3.581,3.581,3.581,3.581,0.0
2016-10-13,3.593,3.593,3.593,3.593,0.0
2016-10-14,3.59,3.59,3.59,3.59,0.0
2016-10-17,3.597,3.597,3.597,3.597,0.0
2016-10-18,3.599,3.599,3.599,3.599,0.0
2016-10-19,3.591,3.591,3.591,3.591,0.0
2016-10-20,3.603,3.603,3.603,3.603,0.0
2016-10-21,3.603,3.603,3.603,3.603,0.0
2016-10-24,3.598,3.598,3.598,3.598,0.0
2016-10-25,3.588,3.588,3.588,3.588,0.0
2016-10-26,3.596,3.596,3.596,3.596,0.0
2016-10-27,3.611,3.611,3.611,3.611,0.0
2016-10-28,3.618,3.618,3.618,3.618,0.0
2016-10-31,3.611,3.611,3.611,3.611,0.0
2016-11-01,3.615,3.615,3.615,3.615,0.0
2016-11-02,3.595,3.595,3.595,3.595,0.0
2016-11-03,3.599,3.599,3.599,3.599,0.0
2016-11-04,3.58,3.58,3.58,3.58,0.0
2016-11-07,3.59,3.59,3.59,3.59,0.0
2016-11-08,3.592,3.592,3.592,3.592,0.0
2016-11-09,3.58,3.58,3.58,3.58,0.0
2016-11-10,3.582,3.582,3.582,3.582,0.0
2016-11-11,3.57,3.57,3.57,3.57,0.0
2016-11-14,3.544,3.544,3.544,3.544,0.0
2016-11-15,3.509,3.509,3.509,3.509,0.0
2016-11-16,3.518,3.518,3.518,3.518,0.0
2016-11-17,3.528,3.528,3.528,3.528,0.0
2016-11-18,3.515,3.515,3.515,3.515,0.0
2016-11-21,3.491,3.491,3.491,3.491,0.0
2016-11-22,3.463,3.463,3.463,3.463,0.0
2016-11-23,3.451,3.451,3.451,3.451,0.0
2016-11-25,3.45,3.45,3.45,3.45,0.0
2016-11-28,3.393,3.393,3.393,3.393,0.0
2016-11-29,3.34,3.34,3.34,3.34,0.0
2016-11-30,3.311,3.311,3.311,3.311,0.0
2016-12-01,3.357,3.357,3.357,3.357,0.0
2016-12-02,3.347,3.347,3.347,3.347,0.0
2016-12-05,3.342,3.342,3.342,3.342,0.0
2016-12-06,3.339,3.339,3.339,3.339,0.0
2016-12-07,3.359,3.359,3.359,3.359,0.0
2016-12-08,3.393,3.393,3.393,3.393,0.0
2016-12-09,3.36,3.36,3.36,3.36,0.0
2016-12-12,3.341,3.341,3.341,3.341,0.0
2016-12-13,3.317,3.317,3.317,3.317,0.0
2016-12-14,3.277,3.277,3.277,3.277,0.0
2016-12-15,3.287,3.287,3.287,3.287,0.0
2016-12-16,3.288,3.288,3.288,3.288,0.0
2016-12-19,3.296,3.296,3.296,3.296,0.0
2016-12-20,3.276,3.276,3.276,3.276,0.0
2016-12-21,3.279,3.279,3.279,3.279,0.0
2016-12-22,3.244,3.244,3.244,3.244,0.0
2016-12-23,3.239,3.239,3.239,3.239,0.0
2016-12-27,3.254,3.254,3.254,3.254,0.0
2016-12-28,3.264,3.264,3.264,3.264,0.0
2016-12-29,3.274,3.274,3.274,3.274,0.0
2016-12-30,3.277,3.277,3.277,3.277,0.0
2017-01-03,3.265,3.265,3.265,3.265,0.0
2017-01-04,3.264,3.264,3.264,3.264,0.0
2017-01-05,3.279,3.279,3.279,3.279,0.0
2017-01-06,3.268,3.268,3.268,3.268,0.0
2017-01-09,3.251,3.251,3.251,3.251,0.0
2017-01-10,3.261,3.261,3.261,3.261,0.0
2017-01-11,3.203,3.203,3.203,3.203,0.0
2017-01-12,3.197,3.197,3.197,3.197,0.0
2017-01-13,3.164,3.164,3.164,3.164,0.0
2017-01-17,3.166,3.166,3.166,3.166,0.0
2017-01-18,3.164,3.164,3.164,3.164,0.0
2017-01-19,3.143,3.143,3.143,3.143,0.0
2017-01-20,3.155,3.155,3.155,3.155,0.0
2017-01-23,3.16,3.16,3.16,3.16,0.0
2017-01-24,3.15,3.15,3.15,3.15,0.0
2017-01-25,3.141,3.141,3.141,3.141,0.0
2017-01-26,3.15,3.15,3.15,3.15,0.0
2017-01-27,3.137,3.137,3.137,3.137,0.0
2017-01-30,3.142,3.142,3.142,3.142,0.0
2017-01-31,3.144,3.144,3.144,3.144,0.0
2017-02-01,3.129,3.129,3.129,3.129,0.0
2017-02-02,3.132,3.132,3.132,3.132,0.0
2017-02-03,3.115,3.115,3.115,3.115,0.0
2017-02-06,3.107,3.107,3.107,3.107,0.0
2017-02-07,3.123,3.123,3.123,3.123,0.0
2017-02-08,3.139,3.139,3.139,3.139,0.0
2017-02-09,3.132,3.132,3.132,3.132,0.0
2017-02-10,3.112,3.112,3.112,3.112,0.0
2017-02-13,3.075,3.075,3.075,3.075,0.0
2017-02-14,3.07,3.07,3.07,3.07,0.0
2017-02-15,3.072,3.072,3.072,3.072,0.0
2017-02-16,3.086,3.086,3.086,3.086,0.0
2017-02-17,3.087,3.087,3.087,3.087,0.0
2017-02-21,3.075,3.075,3.075,3.075,0.0
2017-02-22,3.083,3.083,3.083,3.083,0.0
2017-02-23,3.086,3.086,3.086,3.086,0.0
2017-02-24,3.07,3.07,3.07,3.07,0.0
2017-02-27,3.071,3.071,3.071,3.071,0.0
2017-02-28,3.079,3.079,3.079,3.079,0.0
2017-03-01,3.095,3.095,3.095,3.095,0.0
2017-03-02,3.087,3.087,3.087,3.087,0.0
2017-03-03,3.107,3.107,3.107,3.107,0.0
2017-03-06,3.115,3.115,3.115,3.115,0.0
2017-03-07,3.104,3.104,3.104,3.104,0.0
2017-03-08,3.092,3.092,3.092,3.092,0.0
2017-03-09,3.085,3.085,3.085,3.085,0.0
2017-03-10,3.072,3.072,3.072,3.072,0.0
2017-03-13,3.066,3.066,3.066,3.066,0.0
2017-03-14,3.065,3.065,3.065,3.065,0.0
2017-03-15,3.086,3.086,3.086,3.086,0.0
2017-03-16,3.113,3.113,3.113,3.113,0.0
2017-03-17,3.113,3.113,3.113,3.113,0.0
2017-03-20,3.121,3.121,3.121,3.121,0.0
2017-03-21,3.132,3.132,3.132,3.132,0.0
2017-03-22,3.122,3.122,3.122,3.122,0.0
2017-03-23,3.121,3.121,3.121,3.121,0.0
2017-03-24,3.09,3.09,3.09,3.09,0.0
2017-03-27,3.083,3.083,3.083,3.083,0.0
2017-03-28,3.074,3.074,3.074,3.074,0.0
2017-03-29,3.085,3.085,3.085,3.085,0.0
2017-03-30,3.09,3.09,3.09,3.09,0.0
2017-03-31,3.081,3.081,3.081,3.081,0.0
2017-04-03,3.088,3.088,3.088,3.088,0.0
2017-04-04,3.092,3.092,3.092,3.092,0.0
2017-04-05,3.123,3.123,3.123,3.123,0.0
2017-04-06,3.105,3.105,3.105,3.105,0.0
2017-04-07,3.109,3.109,3.109,3.109,0.0
2017-04-10,3.113,3.113,3.113,3.113,0.0
2017-04-11,3.139,3.139,3.139,3.139,0.0
2017-04-12,3.14,3.14,3.14,3.14,0.0
2017-04-13,3.161,3.161,3.161,3.161,0.0
2017-04-17,3.157,3.157,3.157,3.157,0.0
2017-04-18,3.189,3.189,3.189,3.189,0.0
2017-04-19,3.199,3.199,3.199,3.199,0.0
2017-04-20,3.233,3.233,3.233,3.233,0.0
2017-04-21,3.21,3.21,3.21,3.21,0.0
2017-04-24,3.198,3.198,3.198,3.198,0.0
2017-04-25,3.197,3.197,3.197,3.197,0.0
2017-04-26,3.198,3.198,3.198,3.198,0.0
2017-04-27,3.186,3.186,3.186,3.186,0.0
2017-04-28,3.19,3.19,3.19,3.19,0.0
2017-05-01,3.158,3.158,3.158,3.158,0.0
2017-05-02,3.159,3.159,3.159,3.159,0.0
2017-05-03,3.178,3.178,3.178,3.178,0.0
2017-05-04,3.221,3.221,3.221,3.221,0.0
2017-05-05,3.221,3.221,3.221,3.221,0.0
2017-05-08,3.209,3.209,3.209,3.209,0.0
2017-05-09,3.212,3.212,3.212,3.212,0.0
2017-05-10,3.213,3.213,3.213,3.213,0.0
2017-05-11,3.217,3.217,3.217,3.217,0.0
2017-05-12,3.221,3.221,3.221,3.221,0.0
2017-05-15,3.21,3.21,3.21,3.21,0.0
2017-05-16,3.227,3.227,3.227,3.227,0.0
2017-05-17,3.241,3.241,3.241,3.241,0.0
2017-05-18,3.228,3.228,3.228,3.228,0.0
2017-05-19,3.218,3.218,3.218,3.218,0.0
2017-05-22,3.22,3.22,3.22,3.22,0.0
2017-05-23,3.25,3.25,3.25,3.25,0.0
2017-05-24,3.237,3.237,3.237,3.237,0.0
2017-05-25,3.231,3.231,3.231,3.231,0.0
2017-05-26,3.216,3.216,3.216,3.216,0.0
2017-05-30,3.207,3.207,3.207,3.207,0.0
2017-05-31,3.201,3.201,3.201,3.201,0.0
2017-06-01,3.203,3.203,3.203,3.203,0.0
2017-06-02,3.191,3.191,3.191,3.191,0.0
2017-06-05,3.168,3.168,3.168,3.168,0.0
2017-06-06,3.129,3.129,3.129,3.129,0.0
2017-06-07,3.14,3.14,3.14,3.14,0.0
2017-06-08,3.16,3.16,3.16,3.16,0.0
2017-06-09,3.157,3.157,3.157,3.157,0.0
2017-06-12,3.159,3.159,3.159,3.159,0.0
2017-06-13,3.166,3.166,3.166,3.166,0.0
2017-06-14,3.157,3.157,3.157,3.157,0.0
2017-06-15,3.179,3.179,3.179,3.179,0.0
2017-06-16,3.168,3.168,3.168,3.168,0.0
2017-06-19,3.184,3.184,3.184,3.184,0.0
2017-06-20,3.219,3.219,3.219,3.219,0.0
2017-06-21,3.228,3.228,3.228,3.228,0.0
2017-06-22,3.229,3.229,3.229,3.229,0.0
2017-06-23,3.206,3.206,3.206,3.206,0.0
2017-06-26,3.185,3.185,3.185,3.185,0.0
2017-06-27,3.185,3.185,3.185,3.185,0.0
2017-06-28,3.175,3.175,3.175,3.175,0.0
2017-06-29,3.175,3.175,3.175,3.175,0.0
2017-06-30,3.188,3.188,3.188,3.188,0.0
2017-07-03,3.185,3.185,3.185,3.185,0.0
2017-07-05,3.153,3.153,3.153,3.153,0.0
2017-07-06,3.126,3.126,3.126,3.126,0.0
2017-07-07,3.121,3.121,3.121,3.121,0.0
2017-07-10,3.113,3.113,3.113,3.113,0.0
2017-07-11,3.122,3.122,3.122,3.122,0.0
2017-07-12,3.112,3.112,3.112,3.112,0.0
2017-07-13,3.125,3.125,3.125,3.125,0.0
2017-07-14,3.128,3.128,3.128,3.128,0.0
2017-07-17,3.129,3.129,3.129,3.129,0.0
2017-07-18,3.142,3.142,3.142,3.142,0.0
2017-07-19,3.127,3.127,3.127,3.127,0.0
2017-07-20,3.11,3.11,3.11,3.11,0.0
2017-07-21,3.1,3.1,3.1,3.1,0.0
2017-07-24,3.062,3.062,3.062,3.062,0.0
2017-07-25,3.059,3.059,3.059,3.059,0.0
2017-07-26,3.045,3.045,3.045,3.045,0.0
2017-07-27,3.047,3.047,3.047,3.047,0.0
2017-07-28,3.068,3.068,3.068,3.068,0.0
2017-07-31,3.051,3.051,3.051,3.051,0.0
2017-08-01,3.073,3.073,3.073,3.073,0.0
2017-08-02,3.082,3.082,3.082,3.082,0.0
2017-08-03,3.1,3.1,3.1,3.1,0.0
2017-08-04,3.103,3.103,3.103,3.103,0.0
2017-08-07,3.102,3.102,3.102,3.102,0.0
2017-08-08,3.098,3.098,3.098,3.098,0.0
2017-08-09,3.092,3.092,3.092,3.092,0.0
2017-08-10,3.09,3.09,3.09,3.09,0.0
2017-08-11,3.094,3.094,3.094,3.094,0.0
2017-08-14,3.09,3.09,3.09,3.09,0.0
2017-08-15,3.08,3.08,3.08,3.08,0.0
2017-08-16,3.07,3.07,3.07,3.07,0.0
2017-08-17,3.064,3.064,3.064,3.064,0.0
2017-08-18,3.065,3.065,3.065,3.065,0.0
2017-08-21,3.056,3.056,3.056,3.056,0.0
2017-08-22,3.055,3.055,3.055,3.055,0.0
2017-08-23,3.06,3.06,3.06,3.06,0.0
2017-08-24,3.019,3.019,3.019,3.019,0.0
2017-08-25,3.006,3.006,3.006,3.006,0.0
2017-08-28,3.019,3.019,3.019,3.019,0.0
2017-08-29,3.018,3.018,3.018,3.018,0.0
2017-08-30,3.026,3.026,3.026,3.026,0.0
2017-08-31,3.029,3.029,3.029,3.029,0.0
2017-09-01,3.03,3.03,3.03,3.03,0.0
2017-09-05,3.026,3.026,3.026,3.026,0.0
2017-09-06,3.003,3.003,3.003,3.003,0.0
2017-09-07,3.036,3.036,3.036,3.036,0.0
2017-09-08,3.042,3.042,3.042,3.042,0.0
2017-09-11,3.053,3.053,3.053,3.053,0.0
2017-09-12,3.057,3.057,3.057,3.057,0.0
2017-09-13,3.043,3.043,3.043,3.043,0.0
2017-09-14,3.058,3.058,3.058,3.058,0.0
2017-09-15,3.061,3.061,3.061,3.061,0.0
2017-09-18,3.082,3.082,3.082,3.082,0.0
2017-09-19,3.063,3.063,3.063,3.063,0.0
2017-09-20,3.057,3.057,3.057,3.057,0.0
2017-09-21,3.048,3.048,3.048,3.048,0.0
2017-09-22,3.062,3.062,3.062,3.062,0.0
2017-09-25,3.047,3.047,3.047,3.047,0.0
2017-09-26,3.057,3.057,3.057,3.057,0.0
2017-09-27,3.07,3.07,3.07,3.07,0.0
2017-09-28,3.069,3.069,3.069,3.069,0.0
2017-09-29,3.066,3.066,3.066,3.066,0.0
2017-10-02,3.079,3.079,3.079,3.079,0.0
2017-10-03,3.098,3.098,3.098,3.098,0.0
2017-10-04,3.094,3.094,3.094,3.094,0.0
2017-10-05,3.097,3.097,3.097,3.097,0.0
2017-10-06,3.089,3.089,3.089,3.089,0.0
2017-10-09,3.099,3.099,3.099,3.099,0.0
2017-10-10,3.089,3.089,3.089,3.089,0.0
2017-10-11,3.096,3.096,3.096,3.096,0.0
2017-10-12,3.107,3.107,3.107,3.107,0.0
2017-10-13,3.105,3.105,3.105,3.105,0.0
2017-10-16,3.13,3.13,3.13,3.13,0.0
2017-10-17,3.149,3.149,3.149,3.149,0.0
2017-10-18,3.157,3.157,3.157,3.157,0.0
2017-10-19,3.179,3.179,3.179,3.179,0.0
2017-10-20,3.205,3.205,3.205,3.205,0.0
2017-10-23,3.185,3.185,3.185,3.185,0.0
2017-10-24,3.184,3.184,3.184,3.184,0.0
2017-10-25,3.185,3.185,3.185,3.185,0.0
2017-10-26,3.178,3.178,3.178,3.178,0.0
2017-10-27,3.155,3.155,3.155,3.155,0.0
2017-10-30,3.181,3.181,3.181,3.181,0.0
2017-10-31,3.179,3.179,3.179,3.179,0.0
2017-11-01,3.19,3.19,3.19,3.19,0.0
2017-11-02,3.174,3.174,3.174,3.174,0.0
2017-11-03,3.169,3.169,3.169,3.169,0.0
2017-11-06,3.164,3.164,3.164,3.164,0.0
2017-11-07,3.163,3.163,3.163,3.163,0.0
2017-11-08,3.161,3.161,3.161,3.161,0.0
2017-11-09,3.168,3.168,3.168,3.168,0.0
2017-11-10,3.148,3.148,3.148,3.148,0.0
2017-11-13,3.137,3.137,3.137,3.137,0.0
2017-11-14,3.143,3.143,3.143,3.143,0.0
2017-11-15,3.137,3.137,3.137,3.137,0.0
2017-11-16,3.141,3.141,3.141,3.141,0.0
2017-11-17,3.141,3.141,3.141,3.141,0.0
2017-11-20,3.134,3.134,3.134,3.134,0.0
2017-11-21,3.132,3.132,3.132,3.132,0.0
2017-11-22,3.119,3.119,3.119,3.119,0.0
2017-11-24,3.12,3.12,3.12,3.12,0.0
2017-11-27,3.122,3.122,3.122,3.122,0.0
2017-11-28,3.129,3.129,3.129,3.129,0.0
2017-11-29,3.144,3.144,3.144,3.144,0.0
2017-11-30,3.135,3.135,3.135,3.135,0.0
2017-12-01,3.118,3.118,3.118,3.118,0.0
2017-12-04,3.093,3.093,3.093,3.093,0.0
2017-12-05,3.083,3.083,3.083,3.083,0.0
2017-12-06,3.074,3.074,3.074,3.074,0.0
2017-12-07,3.08,3.08,3.08,3.08,0.0
2017-12-08,3.081,3.081,3.081,3.081,0.0
2017-12-11,3.074,3.074,3.074,3.074,0.0
2017-12-12,3.077,3.077,3.077,3.077,0.0
2017-12-13,3.086,3.086,3.086,3.086,0.0
2017-12-14,3.085,3.085,3.085,3.085,0.0
2017-12-15,3.093,3.093,3.093,3.093,0.0
2017-12-18,3.119,3.119,3.119,3.119,0.0
2017-12-19,3.121,3.121,3.121,3.121,0.0
2017-12-20,3.107,3.107,3.107,3.107,0.0
2017-12-21,3.124,3.124,3.124,3.124,0.0
2017-12-22,3.147,3.147,3.147,3.147,0.0
2017-12-26,3.148,3.148,3.148,3.148,0.0
2017-12-27,3.125,3.125,3.125,3.125,0.0
2017-12-28,3.11,3.11,3.11,3.11,0.0
2017-12-29,3.118,3.118,3.118,3.118,0.0
2018-01-02,3.111,3.111,3.111,3.111,0.0
2018-01-03,3.114,3.114,3.114,3.114,0.0
2018-01-04,3.128,3.128,3.128,3.128,0.0
2018-01-05,3.106,3.106,3.106,3.106,0.0
2018-01-08,3.108,3.108,3.108,3.108,0.0
2018-01-09,3.086,3.086,3.086,3.086,0.0
2018-01-10,3.106,3.106,3.106,3.106,0.0
2018-01-11,3.108,3.108,3.108,3.108,0.0
2018-01-12,3.095,3.095,3.095,3.095,0.0
2018-01-16,3.071,3.071,3.071,3.071,0.0
2018-01-17,3.065,3.065,3.065,3.065,0.0
2018-01-18,3.063,3.063,3.063,3.063,0.0
2018-01-19,3.073,3.073,3.073,3.073,0.0
2018-01-22,3.092,3.092,3.092,3.092,0.0
2018-01-23,3.104,3.104,3.104,3.104,0.0
2018-01-24,3.119,3.119,3.119,3.119,0.0
2018-01-25,3.142,3.142,3.142,3.142,0.0
2018-01-26,3.123,3.123,3.123,3.123,0.0
2018-01-29,3.125,3.125,3.125,3.125,0.0
2018-01-30,3.126,3.126,3.126,3.126,0.0
2018-01-31,3.109,3.109,3.109,3.109,0.0
2018-02-01,3.121,3.121,3.121,3.121,0.0
2018-02-02,3.126,3.126,3.126,3.126,0.0
2018-02-05,3.145,3.145,3.145,3.145,0.0
2018-02-06,3.142,3.142,3.142,3.142,0.0
2018-02-07,3.103,3.103,3.103,3.103,0.0
2018-02-08,3.105,3.105,3.105,3.105,0.0
2018-02-09,3.086,3.086,3.086,3.086,0.0
2018-02-12,3.07,3.07,3.07,3.07,0.0
2018-02-13,3.075,3.075,3.075,3.075,0.0
2018-02-14,3.075,3.075,3.075,3.075,0.0
2018-02-15,3.072,3.072,3.072,3.072,0.0
2018-02-16,3.08,3.08,3.08,3.08,0.0
2018-02-20,3.083,3.083,3.083,3.083,0.0
2018-02-21,3.101,3.101,3.101,3.101,0.0
2018-02-22,3.105,3.105,3.105,3.105,0.0
2018-02-23,3.097,3.097,3.097,3.097,0.0
2018-02-26,3.105,3.105,3.105,3.105,0.0
2018-02-27,3.102,3.102,3.102,3.102,0.0
2018-02-28,3.08,3.08,3.08,3.08,0.0
2018-03-01,3.088,3.088,3.088,3.088,0.0
2018-03-02,3.102,3.102,3.102,3.102,0.0
2018-03-05,3.117,3.117,3.117,3.117,0.0
2018-03-06,3.131,3.131,3.131,3.131,0.0
2018-03-07,3.122,3.122,3.122,3.122,0.0
2018-03-08,3.088,3.088,3.088,3.088,0.0
2018-03-09,3.047,3.047,3.047,3.047,0.0
2018-03-12,3.043,3.043,3.043,3.043,0.0
2018-03-13,3.057,3.057,3.057,3.057,0.0
2018-03-14,3.075,3.075,3.075,3.075,0.0
2018-03-15,3.101,3.101,3.101,3.101,0.0
2018-03-16,3.11,3.11,3.11,3.11,0.0
2018-03-19,3.1,3.1,3.1,3.1,0.0
2018-03-20,3.105,3.105,3.105,3.105,0.0
2018-03-21,3.095,3.095,3.095,3.095,0.0
2018-03-22,3.083,3.083,3.083,3.083,0.0
2018-03-23,3.057,3.057,3.057,3.057,0.0
2018-03-26,3.085,3.085,3.085,3.085,0.0
2018-03-27,3.097,3.097,3.097,3.097,0.0
2018-03-28,3.105,3.105,3.105,3.105,0.0
2018-03-29,3.141,3.141,3.141,3.141,0.0
2018-04-02,3.123,3.123,3.123,3.123,0.0
2018-04-03,3.116,3.116,3.116,3.116,0.0
2018-04-04,3.09,3.09,3.09,3.09,0.0
2018-04-05,3.102,3.102,3.102,3.102,0.0
2018-04-06,3.096,3.096,3.096,3.096,0.0
2018-04-09,3.088,3.088,3.088,3.088,0.0
2018-04-10,3.097,3.097,3.097,3.097,0.0
2018-04-11,3.115,3.115,3.115,3.115,0.0
2018-04-12,3.127,3.127,3.127,3.127,0.0
2018-04-13,3.12,3.12,3.12,3.12,0.0
2018-04-16,3.122,3.122,3.122,3.122,0.0
2018-04-17,3.118,3.118,3.118,3.118,0.0
2018-04-18,3.107,3.107,3.107,3.107,0.0
2018-04-19,3.079,3.079,3.079,3.079,0.0
2018-04-20,3.084,3.084,3.084,3.084,0.0
2018-04-23,3.082,3.082,3.082,3.082,0.0
2018-04-24,3.079,3.079,3.079,3.079,0.0
2018-04-25,3.078,3.078,3.078,3.078,0.0
2018-04-26,3.07,3.07,3.07,3.07,0.0
2018-04-27,3.072,3.072,3.072,3.072,0.0
2018-04-30,3.067,3.067,3.067,3.067,0.0
2018-05-01,3.051,3.051,3.051,3.051,0.0
2018-05-02,3.052,3.052,3.052,3.052,0.0
2018-05-03,3.05,3.05,3.05,3.05,0.0
2018-05-04,3.043,3.043,3.043,3.043,0.0
2018-05-07,3.041,3.041,3.041,3.041,0.0
2018-05-08,3.0,3.0,2.996,2.996,11.0
2018-05-09,2.982,2.982,2.982,2.982,0.0
2018-05-10,2.978,2.978,2.978,2.978,0.0
2018-05-11,2.981,2.981,2.981,2.981,0.0
2018-05-14,2.978,2.978,2.978,2.978,0.0
2018-05-15,2.984,2.984,2.984,2.984,0.0
2018-05-16,2.978,2.978,2.978,2.978,0.0
2018-05-17,2.985,2.985,2.985,2.985,0.0
2018-05-18,3.0,3.0,3.0,3.0,0.0
2018-05-21,2.997,2.997,2.997,2.997,0.0
2018-05-22,3.002,3.002,3.002,3.002,0.0
2018-05-23,2.984,2.984,2.984,2.984,0.0
2018-05-24,2.978,2.978,2.978,2.978,0.0
2018-05-25,2.95,2.95,2.95,2.95,0.0
2018-05-29,2.927,2.927,2.927,2.927,0.0
2018-05-30,2.929,2.929,2.929,2.929,0.0
2018-05-31,2.913,2.913,2.913,2.913,0.0
2018-06-01,2.902,2.902,2.902,2.902,0.0
2018-06-04,2.894,2.894,2.894,2.894,0.0
2018-06-05,2.898,2.898,2.898,2.898,0.0
2018-06-06,2.914,2.914,2.914,2.914,0.0
2018-06-07,2.897,2.897,2.897,2.897,0.0
2018-06-08,2.9,2.9,2.9,2.9,0.0
2018-06-11,2.887,2.887,2.887,2.887,0.0
2018-06-12,2.902,2.902,2.902,2.902,0.0
2018-06-13,2.925,2.925,2.925,2.925,0.0
2018-06-14,2.934,2.934,2.934,2.934,0.0
2018-06-15,2.939,2.939,2.939,2.939,0.0
2018-06-18,2.947,2.947,2.947,2.947,0.0
2018-06-19,2.945,2.945,2.945,2.945,0.0
2018-06-20,2.937,2.937,2.937,2.937,0.0
2018-06-21,2.928,2.928,2.928,2.928,0.0
2018-06-22,2.926,2.926,2.926,2.926,0.0
2018-06-25,2.922,2.922,2.922,2.922,0.0
2018-06-26,2.919,2.919,2.919,2.919,0.0
2018-06-27,2.922,2.922,2.922,2.922,0.0
2018-06-28,2.921,2.921,2.921,2.921,0.0
2018-06-29,2.918,2.918,2.918,2.918,0.0
2018-07-02,2.909,2.909,2.909,2.909,0.0
2018-07-03,2.902,2.902,2.902,2.902,0.0
2018-07-05,2.901,2.901,2.901,2.901,0.0
2018-07-06,2.895,2.895,2.895,2.895,0.0
2018-07-09,2.886,2.886,2.886,2.886,0.0
2018-07-10,2.886,2.886,2.886,2.886,0.0
2018-07-11,2.869,2.869,2.869,2.869,0.0
2018-07-12,2.866,2.866,2.866,2.866,0.0
2018-07-13,2.861,2.861,2.861,2.861,0.0
2018-07-16,2.838,2.838,2.838,2.838,0.0
2018-07-17,2.832,2.832,2.832,2.832,0.0
2018-07-18,2.813,2.813,2.813,2.813,0.0
2018-07-19,2.816,2.816,2.816,2.816,0.0
2018-07-20,2.817,2.817,2.817,2.817,0.0
2018-07-23,2.826,2.826,2.826,2.826,0.0
2018-07-24,2.836,2.836,2.836,2.836,0.0
2018-07-25,2.848,2.848,2.848,2.848,0.0
2018-07-26,2.844,2.844,2.844,2.844,0.0
2018-07-27,2.865,2.865,2.865,2.865,0.0
2018-07-30,2.869,2.869,2.869,2.869,0.0
2018-07-31,2.868,2.868,2.868,2.868,0.0
2018-08-01,2.838,2.838,2.838,2.838,0.0
2018-08-02,2.842,2.842,2.842,2.842,0.0
2018-08-03,2.842,2.842,2.842,2.842,0.0
2018-08-06,2.823,2.823,2.823,2.823,25.0
2018-08-07,2.842,2.842,2.842,2.842,0.0
2018-08-08,2.855,2.855,2.855,2.855,0.0
2018-08-09,2.849,2.849,2.849,2.849,0.0
2018-08-10,2.865,2.865,2.865,2.865,0.0
2018-08-13,2.866,2.866,2.866,2.866,0.0
2018-08-14,2.865,2.865,2.865,2.865,0.0
2018-08-15,2.866,2.866,2.866,2.866,0.0
2018-08-16,2.856,2.856,2.856,2.856,0.0
2018-08-17,2.858,2.858,2.858,2.858,0.0
2018-08-20,2.857,2.857,2.857,2.857,0.0
2018-08-21,2.869,2.869,2.869,2.869,0.0
2018-08-22,2.856,2.856,2.856,2.856,0.0
2018-08-23,2.851,2.851,2.851,2.851,0.0
2018-08-24,2.842,2.842,2.842,2.842,0.0
2018-08-27,2.81,2.81,2.81,2.81,0.0
2018-08-28,2.783,2.783,2.783,2.783,0.0
2018-08-29,2.788,2.788,2.788,2.788,0.0
2018-08-30,2.778,2.778,2.778,2.778,0.0
2018-08-31,2.787,2.787,2.787,2.787,0.0
2018-09-04,2.769,2.769,2.769,2.769,0.0
2018-09-05,2.774,2.774,2.774,2.774,0.0
2018-09-06,2.789,2.789,2.789,2.789,0.0
2018-09-07,2.788,2.788,2.788,2.788,0.0
2018-09-10,2.798,2.798,2.798,2.798,0.0
2018-09-11,2.796,2.796,2.796,2.796,0.0
2018-09-12,2.806,2.806,2.806,2.806,0.0
2018-09-13,2.822,2.822,2.822,2.822,0.0
2018-09-14,2.82,2.82,2.82,2.82,0.0
2018-09-17,2.824,2.824,2.824,2.824,0.0
2018-09-18,2.825,2.825,2.825,2.825,0.0
2018-09-19,2.818,2.818,2.818,2.818,0.0
2018-09-20,2.822,2.822,2.822,2.822,0.0
2018-09-21,2.82,2.82,2.82,2.82,0.0
2018-09-24,2.816,2.816,2.816,2.816,0.0
2018-09-25,2.816,2.816,2.816,2.816,0.0
2018-09-26,2.825,2.825,2.825,2.825,0.0
2018-09-27,2.823,2.823,2.823,2.823,0.0
2018-09-28,2.823,2.823,2.823,2.823,0.0
2018-10-01,2.828,2.828,2.828,2.828,0.0
2018-10-02,2.826,2.826,2.826,2.826,0.0
2018-10-03,2.825,2.825,2.825,2.825,0.0
2018-10-04,2.825,2.825,2.825,2.825,0.0
2018-10-05,2.826,2.826,2.826,2.826,0.0
2018-10-08,2.831,2.831,2.831,2.831,0.0
2018-10-09,2.827,2.827,2.827,2.827,0.0
2018-10-10,2.823,2.823,2.823,2.823,0.0
2018-10-11,2.848,2.848,2.848,2.848,0.0
2018-10-12,2.848,2.848,2.848,2.848,0.0
2018-10-15,2.847,2.847,2.847,2.847,0.0
2018-10-16,2.846,2.846,2.846,2.846,0.0
2018-10-17,2.841,2.841,2.841,2.841,0.0
2018-10-18,2.84,2.84,2.84,2.84,0.0
2018-10-19,2.837,2.837,2.837,2.837,0.0
2018-10-22,2.838,2.838,2.838,2.838,0.0
2018-10-23,2.837,2.837,2.837,2.837,0.0
2018-10-24,2.834,2.834,2.834,2.834,0.0
2018-10-25,2.824,2.824,2.824,2.824,0.0
2018-10-26,2.826,2.826,2.826,2.826,0.0
2018-10-29,2.827,2.827,2.827,2.827,0.0
2018-10-30,2.841,2.841,2.841,2.841,0.0
2018-10-31,2.84,2.84,2.84,2.84,0.0
2018-11-01,2.843,2.843,2.843,2.843,0.0
2018-11-02,2.852,2.852,2.852,2.852,0.0
2018-11-05,2.866,2.866,2.866,2.866,0.0
2018-11-06,2.882,2.882,2.882,2.882,0.0
2018-11-07,2.88,2.88,2.88,2.88,0.0
2018-11-08,2.881,2.881,2.881,2.881,0.0
2018-11-09,2.889,2.889,2.889,2.889,0.0
2018-11-12,2.904,2.904,2.904,2.904,0.0
2018-11-13,2.883,2.883,2.883,2.883,0.0
2018-11-14,2.867,2.867,2.867,2.867,0.0
2018-11-15,2.882,2.882,2.882,2.882,0.0
2018-11-16,2.853,2.853,2.853,2.853,0.0
2018-11-19,2.837,2.837,2.837,2.837,0.0
2018-11-20,2.835,2.835,2.835,2.835,0.0
2018-11-21,2.833,2.833,2.833,2.833,0.0
2018-11-23,2.858,2.858,2.858,2.858,0.0
2018-11-26,2.851,2.851,2.851,2.851,0.0
2018-11-27,2.847,2.847,2.847,2.847,0.0
2018-11-28,2.862,2.862,2.862,2.862,0.0
2018-11-29,2.904,2.904,2.904,2.904,0.0
2018-11-30,2.946,2.946,2.946,2.946,0.0
2018-12-03,2.918,2.918,2.918,2.918,0.0
2018-12-04,2.904,2.904,2.904,2.904,0.0
2018-12-05,2.895,2.895,2.895,2.895,0.0
2018-12-06,2.906,2.906,2.906,2.906,0.0
2018-12-07,2.913,2.913,2.913,2.913,0.0
2018-12-10,2.914,2.914,2.914,2.914,0.0
2018-12-11,2.889,2.889,2.889,2.889,0.0
2018-12-12,2.889,2.889,2.889,2.889,0.0
2018-12-13,2.851,2.851,2.851,2.851,0.0
2018-12-14,2.861,2.861,2.861,2.861,0.0
2018-12-17,2.86,2.86,2.86,2.86,0.0
2018-12-18,2.861,2.861,2.861,2.861,0.0
2018-12-19,2.884,2.884,2.884,2.884,0.0
2018-12-20,2.899,2.899,2.899,2.899,0.0
2018-12-21,2.898,2.898,2.898,2.898,0.0
2018-12-24,2.897,2.897,2.897,2.897,0.0
2018-12-26,2.894,2.894,2.894,2.894,0.0
2018-12-27,2.892,2.892,2.892,2.892,0.0
2018-12-28,2.885,2.885,2.885,2.885,0.0
2018-12-31,2.891,2.891,2.891,2.891,0.0
2019-01-02,2.889,2.889,2.889,2.889,0.0
2019-01-03,2.875,2.875,2.875,2.875,0.0
2019-01-04,2.886,2.886,2.886,2.886,0.0
2019-01-07,2.888,2.888,2.888,2.888,0.0
2019-01-08,2.895,2.895,2.895,2.895,0.0
2019-01-09,2.895,2.895,2.895,2.895,0.0
2019-01-10,2.894,2.894,2.894,2.894,0.0
2019-01-11,2.904,2.904,2.904,2.904,0.0
2019-01-14,2.903,2.903,2.903,2.903,0.0
2019-01-15,2.895,2.895,2.895,2.895,0.0
2019-01-16,2.864,2.864,2.864,2.864,0.0
2019-01-17,2.856,2.856,2.856,2.856,0.0
2019-01-18,2.869,2.869,2.869,2.869,0.0
2019-01-22,2.882,2.882,2.882,2.882,0.0
2019-01-23,2.877,2.877,2.877,2.877,0.0
2019-01-24,2.86,2.86,2.86,2.86,0.0
2019-01-25,2.888,2.888,2.888,2.888,0.0
2019-01-28,2.873,2.873,2.873,2.873,0.0
2019-01-29,2.884,2.884,2.884,2.884,0.0
2019-01-30,2.886,2.886,2.886,2.886,0.0
2019-01-31,2.887,2.887,2.887,2.887,0.0
2019-02-01,2.888,2.888,2.888,2.888,0.0
2019-02-04,2.875,2.875,2.875,2.875,0.0
2019-02-05,2.902,2.902,2.902,2.902,0.0
2019-02-06,2.904,2.904,2.904,2.904,0.0
2019-02-07,2.9,2.9,2.9,2.9,0.0
2019-02-08,2.902,2.902,2.902,2.902,0.0
2019-02-11,2.907,2.907,2.907,2.907,0.0
2019-02-12,2.915,2.915,2.915,2.915,0.0
2019-02-13,2.916,2.916,2.916,2.916,0.0
2019-02-14,2.92,2.92,2.92,2.92,0.0
2019-02-15,2.919,2.919,2.919,2.919,0.0
2019-02-19,2.913,2.913,2.913,2.913,0.0
2019-02-20,2.908,2.908,2.908,2.908,0.0
2019-02-21,2.902,2.902,2.902,2.902,0.0
2019-02-22,2.899,2.899,2.899,2.899,0.0
2019-02-25,2.892,2.892,2.892,2.892,0.0
2019-02-26,2.874,2.874,2.874,2.874,0.0
2019-02-27,2.91,2.91,2.91,2.91,0.0
2019-02-28,2.918,2.918,2.918,2.918,0.0
2019-03-01,2.917,2.917,2.917,2.917,0.0
2019-03-04,2.913,2.913,2.913,2.913,0.0
2019-03-05,2.911,2.911,2.911,2.911,0.0
2019-03-06,2.914,2.914,2.914,2.914,0.0
2019-03-07,2.919,2.919,2.919,2.919,0.0
2019-03-08,2.919,2.919,2.919,2.919,0.0
2019-03-11,2.946,2.946,2.946,2.946,0.0
2019-03-12,2.961,2.961,2.961,2.961,0.0
2019-03-13,2.97,2.97,2.97,2.97,0.0
2019-03-14,2.978,2.978,2.978,2.978,0.0
2019-03-15,2.979,2.979,2.979,2.979,0.0
2019-03-18,2.98,2.98,2.98,2.98,0.0
2019-03-19,2.981,2.981,2.981,2.981,0.0
2019-03-20,2.979,2.979,2.979,2.979,0.0
2019-03-21,2.983,2.983,2.983,2.983,0.0
2019-03-22,2.973,2.973,2.973,2.973,0.0
2019-03-25,2.972,2.972,2.972,2.972,0.0
2019-03-26,2.974,2.974,2.974,2.974,0.0
2019-03-27,2.965,2.965,2.965,2.965,0.0
2019-03-28,2.968,2.968,2.968,2.968,0.0
2019-03-29,2.967,2.967,2.967,2.967,0.0
2019-04-01,2.966,2.966,2.966,2.966,0.0
2019-04-02,2.973,2.973,2.973,2.973,0.0
2019-04-03,2.972,2.972,2.972,2.972,0.0
2019-04-04,2.967,2.967,2.967,2.967,0.0
2019-04-05,2.963,2.963,2.963,2.963,0.0
2019-04-08,2.966,2.966,2.966,2.966,0.0
2019-04-09,2.973,2.973,2.973,2.973,0.0
2019-04-10,2.956,2.956,2.956,2.956,0.0
2019-04-11,2.954,2.954,2.954,2.954,0.0
2019-04-12,2.954,2.954,2.954,2.954,0.0
2019-04-15,2.954,2.954,2.954,2.954,0.0
2019-04-16,2.955,2.955,2.955,2.955,0.0
2019-04-17,2.945,2.945,2.945,2.945,0.0
2019-04-18,2.93,2.93,2.93,2.93,0.0
2019-04-22,2.918,2.918,2.918,2.918,0.0
2019-04-23,2.918,2.918,2.913,2.913,3.0
2019-04-24,2.923,2.923,2.923,2.923,0.0
2019-04-25,2.933,2.933,2.933,2.933,0.0
2019-04-26,2.93,2.93,2.93,2.93,0.0
2019-04-29,2.937,2.937,2.937,2.937,0.0
2019-04-30,2.942,2.942,2.942,2.942,0.0
2019-05-01,2.944,2.944,2.944,2.944,0.0
2019-05-02,2.941,2.941,2.941,2.941,0.0
2019-05-03,2.921,2.921,2.921,2.921,0.0
2019-05-06,2.924,2.924,2.924,2.924,0.0
2019-05-07,2.924,2.924,2.924,2.924,0.0
2019-05-08,2.918,2.918,2.918,2.918,0.0
2019-05-09,2.925,2.925,2.925,2.925,0.0
2019-05-10,2.916,2.916,2.916,2.916,0.0
2019-05-13,2.919,2.919,2.919,2.919,0.0
2019-05-14,2.93,2.93,2.93,2.93,0.0
2019-05-15,2.928,2.928,2.928,2.928,0.0
2019-05-16,2.928,2.928,2.928,2.928,0.0
2019-05-17,2.932,2.932,2.932,2.932,0.0
2019-05-20,2.937,2.937,2.937,2.937,0.0
2019-05-21,2.94,2.94,2.94,2.94,0.0
2019-05-22,2.918,2.918,2.918,2.918,0.0
2019-05-23,2.93,2.93,2.93,2.93,0.0
2019-05-24,2.94,2.94,2.94,2.94,0.0
2019-05-28,2.935,2.935,2.935,2.935,0.0
2019-05-29,2.918,2.918,2.918,2.918,0.0
2019-05-30,2.916,2.916,2.916,2.916,0.0
2019-05-31,2.914,2.914,2.914,2.914,0.0
2019-06-03,2.902,2.902,2.902,2.902,0.0
2019-06-04,2.906,2.906,2.906,2.906,0.0
2019-06-05,2.899,2.899,2.899,2.899,0.0
2019-06-06,2.916,2.916,2.916,2.916,0.0
2019-06-07,2.916,2.916,2.916,2.916,0.0
2019-06-10,2.905,2.905,2.905,2.905,0.0
2019-06-11,2.905,2.905,2.905,2.905,0.0
2019-06-12,2.896,2.896,2.896,2.896,0.0
2019-06-13,2.897,2.897,2.897,2.897,0.0
2019-06-14,2.902,2.902,2.902,2.902,0.0
2019-06-17,2.905,2.905,2.905,2.905,0.0
2019-06-18,2.888,2.888,2.888,2.888,0.0
2019-06-19,2.889,2.889,2.889,2.889,0.0
2019-06-20,2.893,2.893,2.893,2.893,0.0
2019-06-21,2.908,2.908,2.908,2.908,0.0
2019-06-24,2.908,2.908,2.908,2.908,0.0
2019-06-25,2.907,2.907,2.907,2.907,0.0
2019-06-26,2.899,2.899,2.899,2.899,0.0
2019-06-27,2.895,2.895,2.895,2.895,0.0
2019-06-28,2.867,2.867,2.867,2.867,0.0
2019-07-01,2.86,2.86,2.86,2.86,0.0
2019-07-02,2.856,2.856,2.856,2.856,0.0
2019-07-03,2.85,2.85,2.85,2.85,0.0
2019-07-05,2.862,2.862,2.862,2.862,0.0
2019-07-08,2.858,2.858,2.858,2.858,0.0
2019-07-09,2.869,2.869,2.869,2.869,0.0
2019-07-10,2.861,2.861,2.861,2.861,0.0
2019-07-11,2.869,2.869,2.869,2.869,0.0
2019-07-12,2.877,2.877,2.877,2.877,0.0
2019-07-15,2.882,2.882,2.882,2.882,0.0
2019-07-16,2.858,2.858,2.858,2.858,0.0
2019-07-17,2.855,2.855,2.855,2.855,0.0
2019-07-18,2.874,2.874,2.874,2.874,0.0
2019-07-19,2.867,2.867,2.867,2.867,0.0
2019-07-22,2.867,2.867,2.867,2.867,0.0
2019-07-23,2.859,2.859,2.859,2.859,0.0
2019-07-24,2.852,2.852,2.852,2.852,0.0
2019-07-25,2.853,2.853,2.853,2.853,0.0
2019-07-26,2.854,2.854,2.854,2.854,0.0
2019-07-29,2.843,2.843,2.843,2.843,0.0
2019-07-30,2.838,2.838,2.838,2.838,0.0
2019-07-31,2.844,2.844,2.844,2.844,0.0
2019-08-01,2.852,2.852,2.852,2.852,0.0
2019-08-02,2.839,2.839,2.839,2.839,0.0
2019-08-05,2.837,2.837,2.837,2.837,0.0
2019-08-06,2.838,2.838,2.838,2.838,0.0
2019-08-07,2.838,2.838,2.838,2.838,0.0
2019-08-08,2.825,2.825,2.825,2.825,0.0
2019-08-09,2.807,2.807,2.807,2.807,0.0
2019-08-12,2.788,2.788,2.788,2.788,0.0
2019-08-13,2.769,2.769,2.769,2.769,0.0
2019-08-14,2.747,2.747,2.747,2.747,0.0
2019-08-15,2.747,2.747,2.747,2.747,0.0
2019-08-16,2.719,2.719,2.719,2.719,1.0
2019-08-19,2.721,2.721,2.721,2.721,0.0
2019-08-20,2.718,2.718,2.718,2.718,0.0
2019-08-21,2.719,2.719,2.719,2.719,0.0
2019-08-22,2.708,2.708,2.708,2.708,0.0
2019-08-23,2.738,2.738,2.738,2.738,0.0
2019-08-26,2.745,2.745,2.745,2.745,0.0
2019-08-27,2.76,2.76,2.76,2.76,0.0
2019-08-28,2.779,2.779,2.779,2.779,0.0
2019-08-29,2.791,2.791,2.791,2.791,0.0
2019-08-30,2.753,2.753,2.753,2.753,0.0
2019-09-03,2.773,2.773,2.773,2.773,0.0
2019-09-04,2.746,2.746,2.746,2.746,0.0
2019-09-05,2.753,2.753,2.753,2.753,0.0
2019-09-06,2.74,2.74,2.74,2.74,0.0
2019-09-09,2.732,2.732,2.732,2.732,0.0
2019-09-10,2.736,2.736,2.736,2.736,0.0
2019-09-11,2.75,2.75,2.75,2.75,0.0
2019-09-12,2.755,2.755,2.755,2.755,0.0
2019-09-13,2.751,2.751,2.751,2.751,0.0
2019-09-16,2.781,2.781,2.781,2.781,0.0
2019-09-17,2.754,2.754,2.754,2.754,0.0
2019-09-18,2.767,2.767,2.767,2.767,0.0
2019-09-19,2.771,2.771,2.771,2.771,0.0
2019-09-20,2.782,2.782,2.782,2.782,0.0
2019-09-23,2.779,2.779,2.779,2.779,0.0
2019-09-24,2.767,2.767,2.767,2.767,5.0
2019-09-25,2.766,2.766,2.766,2.766,0.0
2019-09-26,2.767,2.767,2.767,2.767,0.0
2019-09-27,2.756,2.756,2.756,2.756,0.0
2019-09-30,2.759,2.759,2.759,2.759,0.0
2019-10-01,2.745,2.745,2.745,2.745,0.0
2019-10-02,2.763,2.763,2.763,2.763,0.0
2019-10-03,2.748,2.748,2.748,2.748,0.0
2019-10-04,2.738,2.738,2.738,2.738,0.0
2019-10-07,2.742,2.742,2.742,2.742,0.0
2019-10-08,2.718,2.718,2.718,2.718,0.0
2019-10-09,2.713,2.713,2.713,2.713,0.0
2019-10-10,2.715,2.715,2.715,2.715,0.0
2019-10-11,2.726,2.726,2.726,2.726,0.0
2019-10-14,2.741,2.741,2.741,2.741,0.0
2019-10-15,2.74,2.74,2.74,2.74,0.0
2019-10-16,2.742,2.742,2.742,2.742,0.0
2019-10-17,2.739,2.739,2.739,2.739,0.0
2019-10-18,2.734,2.734,2.734,2.734,0.0
2019-10-21,2.729,2.729,2.729,2.729,0.0
2019-10-22,2.733,2.733,2.733,2.733,0.0
2019-10-23,2.733,2.733,2.727,2.727,5.0
2019-10-24,2.731,2.731,2.731,2.731,0.0
2019-10-25,2.729,2.729,2.729,2.729,0.0
2019-10-28,2.738,2.738,2.738,2.738,0.0
2019-10-29,2.754,2.754,2.754,2.754,0.0
2019-10-30,2.765,2.765,2.765,2.765,0.0
2019-10-31,2.763,2.763,2.763,2.763,0.0
2019-11-01,2.772,2.772,2.772,2.772,0.0
2019-11-04,2.762,2.762,2.762,2.762,0.0
2019-11-05,2.758,2.758,2.758,2.758,0.0
2019-11-06,2.749,2.749,2.749,2.749,0.0
2019-11-07,2.736,2.736,2.736,2.736,0.0
2019-11-08,2.743,2.743,2.743,2.743,0.0
2019-11-11,2.734,2.734,2.734,2.734,0.0
2019-11-12,2.714,2.714,2.714,2.714,0.0
2019-11-13,2.695,2.695,2.695,2.695,0.0
2019-11-14,2.697,2.697,2.697,2.697,0.0
2019-11-15,2.695,2.695,2.695,2.695,0.0
2019-11-18,2.699,2.699,2.699,2.699,0.0
2019-11-19,2.694,2.694,2.694,2.694,0.0
2019-11-20,2.703,2.703,2.703,2.703,0.0
2019-11-21,2.71,2.71,2.71,2.71,0.0
2019-11-22,2.71,2.71,2.71,2.71,0.0
2019-11-25,2.697,2.697,2.697,2.697,0.0
2019-11-26,2.691,2.691,2.691,2.691,0.0
2019-11-27,2.695,2.695,2.695,2.695,0.0
2019-11-29,2.653,2.653,2.653,2.653,0.0
2019-12-02,2.673,2.679,2.673,2.679,50.0
2019-12-03,2.688,2.688,2.688,2.688,0.0
2019-12-04,2.687,2.687,2.687,2.687,0.0
2019-12-05,2.679,2.679,2.679,2.679,0.0
2019-12-06,2.652,2.652,2.652,2.652,0.0
2019-12-09,2.651,2.651,2.651,2.651,0.0
2019-12-10,2.66,2.66,2.66,2.66,0.0
2019-12-11,2.657,2.657,2.657,2.657,0.0
2019-12-12,2.662,2.662,2.662,2.662,0.0
2019-12-13,2.645,2.645,2.645,2.645,0.0
2019-12-16,2.654,2.654,2.654,2.654,0.0
2019-12-17,2.656,2.656,2.656,2.656,0.0
2019-12-18,2.633,2.633,2.633,2.633,0.0
2019-12-19,2.623,2.623,2.623,2.623,0.0
2019-12-20,2.614,2.614,2.614,2.614,0.0
2019-12-23,2.621,2.621,2.621,2.621,0.0
2019-12-24,2.619,2.619,2.619,2.619,0.0
2019-12-26,2.612,2.612,2.612,2.612,53.0
2019-12-27,2.61,2.61,2.61,2.61,0.0
2019-12-30,2.607,2.607,2.607,2.607,0.0
2019-12-31,2.616,2.616,2.616,2.616,0.0
2020-01-02,2.611,2.611,2.611,2.611,0.0
2020-01-03,2.611,2.611,2.611,2.611,0.0
2020-01-06,2.615,2.615,2.615,2.615,0.0
2020-01-07,2.622,2.622,2.622,2.622,0.0
2020-01-08,2.625,2.625,2.625,2.625,0.0
2020-01-09,2.636,2.636,2.636,2.636,0.0
2020-01-10,2.638,2.638,2.638,2.638,0.0
2020-01-13,2.638,2.638,2.638,2.638,0.0
2020-01-14,2.637,2.637,2.637,2.637,0.0
2020-01-15,2.64,2.64,2.636,2.636,10.0
2020-01-16,2.643,2.643,2.643,2.643,0.0
2020-01-17,2.648,2.648,2.648,2.648,0.0
2020-01-21,2.638,2.638,2.638,2.638,0.0
2020-01-22,2.627,2.627,2.627,2.627,0.0
2020-01-23,2.619,2.619,2.619,2.619,0.0
2020-01-24,2.609,2.609,2.609,2.609,0.0
2020-01-27,2.594,2.594,2.594,2.594,0.0
2020-01-28,2.606,2.606,2.606,2.606,0.0
2020-01-29,2.596,2.596,2.596,2.596,0.0
2020-01-30,2.587,2.587,2.587,2.587,0.0
2020-01-31,2.588,2.588,2.588,2.588,0.0
2020-02-03,2.583,2.583,2.583,2.583,0.0
2020-02-04,2.584,2.584,2.584,2.584,0.0
2020-02-05,2.566,2.566,2.566,2.566,0.0
2020-02-06,2.574,2.574,2.574,2.574,0.0
2020-02-07,2.592,2.592,2.592,2.592,0.0
2020-02-10,2.584,2.584,2.584,2.584,0.0
2020-02-11,2.589,2.589,2.589,2.589,0.0
2020-02-12,2.596,2.596,2.596,2.596,3.0
2020-02-13,2.586,2.586,2.586,2.586,0.0
2020-02-14,2.574,2.574,2.574,2.574,0.0
2020-02-18,2.56,2.56,2.56,2.56,0.0
2020-02-19,2.566,2.566,2.566,2.566,0.0
2020-02-20,2.561,2.561,2.561,2.561,0.0
2020-02-21,2.581,2.581,2.581,2.581,0.0
2020-02-24,2.581,2.581,2.581,2.581,0.0
2020-02-25,2.579,2.579,2.579,2.579,0.0
2020-02-26,2.595,2.595,2.595,2.595,0.0
2020-02-27,2.585,2.585,2.585,2.585,0.0
2020-02-28,2.581,2.581,2.581,2.581,0.0
2020-03-02,2.616,2.616,2.616,2.616,0.0
2020-03-03,2.612,2.612,2.612,2.612,0.0
2020-03-04,2.593,2.593,2.593,2.593,0.0
2020-03-05,2.573,2.573,2.573,2.573,0.0
2020-03-06,2.581,2.581,2.581,2.581,0.0
2020-03-09,2.613,2.613,2.613,2.613,0.0
2020-03-10,2.62,2.62,2.62,2.62,0.0
2020-03-11,2.582,2.582,2.582,2.582,0.0
2020-03-12,2.572,2.572,2.537,2.537,4.0
2020-03-13,2.528,2.528,2.528,2.528,0.0
2020-03-16,2.525,2.525,2.525,2.525,0.0
2020-03-17,2.547,2.547,2.547,2.547,0.0
2020-03-18,2.55,2.55,2.55,2.55,0.0
2020-03-19,2.563,2.563,2.563,2.563,0.0
2020-03-20,2.557,2.557,2.557,2.557,0.0
2020-03-23,2.552,2.552,2.552,2.552,0.0
2020-03-24,2.553,2.553,2.553,2.553,0.0
2020-03-25,2.548,2.548,2.548,2.548,0.0
2020-03-26,2.522,2.522,2.522,2.522,20.0
2020-03-27,2.548,2.548,2.548,2.548,0.0
2020-03-30,2.556,2.556,2.556,2.556,0.0
2020-03-31,2.558,2.558,2.558,2.558,0.0
2020-04-01,2.53,2.53,2.53,2.53,0.0
2020-04-02,2.516,2.516,2.516,2.516,0.0
2020-04-03,2.5,2.5,2.5,2.5,0.0
2020-04-06,2.516,2.516,2.516,2.516,0.0
2020-04-07,2.52,2.52,2.51,2.51,4.0
2020-04-08,2.527,2.527,2.527,2.527,15.0
2020-04-09,2.552,2.552,2.552,2.552,0.0
2020-04-13,2.58,2.58,2.58,2.58,0.0
2020-04-14,2.57,2.57,2.562,2.562,3.0
2020-04-15,2.535,2.535,2.535,2.535,0.0
2020-04-16,2.54,2.54,2.54,2.54,0.0
2020-04-17,2.556,2.556,2.556,2.556,0.0
2020-04-20,2.574,2.574,2.574,2.574,0.0
2020-04-21,2.563,2.563,2.563,2.563,0.0
2020-04-22,2.573,2.586,2.573,2.586,27.0
2020-04-23,2.55,2.55,2.55,2.55,10.0
2020-04-24,2.548,2.548,2.548,2.548,0.0
2020-04-27,2.574,2.574,2.574,2.574,0.0
2020-04-28,2.566,2.566,2.566,2.566,0.0
2020-04-29,2.564,2.564,2.564,2.564,0.0
2020-04-30,2.539,2.539,2.539,2.539,0.0
2020-05-01,2.522,2.522,2.522,2.522,0.0
2020-05-04,2.524,2.524,2.524,2.524,0.0
2020-05-05,2.511,2.511,2.511,2.511,0.0
2020-05-06,2.544,2.544,2.544,2.544,0.0
2020-05-07,2.536,2.536,2.536,2.536,0.0
2020-05-08,2.55,2.55,2.55,2.55,0.0
2020-05-11,2.535,2.535,2.535,2.535,0.0
2020-05-12,2.549,2.549,2.549,2.549,0.0
2020-05-13,2.53,2.53,2.53,2.53,0.0
2020-05-14,2.535,2.535,2.535,2.535,0.0
2020-05-15,2.549,2.549,2.549,2.549,4.0
2020-05-18,2.567,2.567,2.567,2.567,0.0
2020-05-19,2.564,2.564,2.564,2.564,0.0
2020-05-20,2.544,2.544,2.544,2.544,0.0
2020-05-21,2.535,2.535,2.535,2.535,0.0
2020-05-22,2.56,2.56,2.56,2.56,0.0
2020-05-26,2.542,2.542,2.542,2.542,0.0
2020-05-27,2.568,2.568,2.568,2.568,0.0
2020-05-28,2.56,2.56,2.56,2.56,0.0
2020-05-29,2.554,2.554,2.554,2.554,0.0
2020-06-01,2.537,2.537,2.537,2.537,0.0
2020-06-02,2.542,2.542,2.542,2.542,0.0
2020-06-03,2.529,2.529,2.529,2.529,0.0
2020-06-04,2.538,2.538,2.538,2.538,0.0
2020-06-05,2.532,2.532,2.532,2.532,0.0
2020-06-08,2.541,2.541,2.541,2.541,0.0
2020-06-09,2.549,2.549,2.549,2.549,0.0
2020-06-10,2.54,2.54,2.54,2.54,0.0
2020-06-11,2.535,2.535,2.535,2.535,0.0
2020-06-12,2.524,2.524,2.524,2.524,0.0
2020-06-15,2.526,2.526,2.526,2.526,0.0
2020-06-16,2.518,2.518,2.518,2.518,0.0
2020-06-17,2.505,2.505,2.505,2.505,0.0
2020-06-18,2.516,2.516,2.516,2.516,0.0
2020-06-19,2.5,2.5,2.5,2.5,0.0
2020-06-22,2.488,2.488,2.488,2.488,0.0
2020-06-23,2.487,2.487,2.487,2.487,0.0
2020-06-24,2.479,2.479,2.479,2.479,0.0
2020-06-25,2.485,2.485,2.485,2.485,0.0
2020-06-26,2.505,2.505,2.505,2.505,0.0
2020-06-29,2.503,2.503,2.503,2.503,0.0
2020-06-30,2.508,2.508,2.508,2.508,0.0
2020-07-01,2.521,2.521,2.521,2.521,0.0
2020-07-02,2.538,2.538,2.538,2.538,0.0
2020-07-06,2.527,2.527,2.527,2.527,0.0
2020-07-07,2.525,2.525,2.525,2.525,0.0
2020-07-08,2.553,2.553,2.553,2.553,0.0
2020-07-09,2.553,2.553,2.553,2.553,0.0
2020-07-10,2.549,2.549,2.549,2.549,0.0
2020-07-13,2.545,2.545,2.545,2.545,0.0
2020-07-14,2.549,2.549,2.549,2.549,0.0
2020-07-15,2.559,2.559,2.559,2.559,0.0
2020-07-16,2.557,2.557,2.557,2.557,0.0
2020-07-17,2.554,2.554,2.554,2.554,0.0
2020-07-20,2.545,2.545,2.545,2.545,0.0
2020-07-21,2.557,2.557,2.557,2.557,0.0
2020-07-22,2.566,2.566,2.566,2.566,0.0
2020-07-23,2.597,2.597,2.597,2.597,0.0
2020-07-24,2.621,2.621,2.621,2.621,0.0
2020-07-27,2.623,2.623,2.623,2.623,0.0
2020-07-28,2.636,2.636,2.636,2.636,0.0
2020-07-29,2.641,2.641,2.641,2.641,0.0
2020-07-30,2.628,2.628,2.628,2.628,0.0
2020-07-31,2.626,2.626,2.626,2.626,0.0
2020-08-03,2.62,2.62,2.62,2.62,0.0
2020-08-04,2.614,2.614,2.614,2.614,0.0
2020-08-05,2.632,2.632,2.632,2.632,0.0
2020-08-06,2.637,2.637,2.637,2.637,71.0
2020-08-07,2.638,2.638,2.638,2.638,15.0
2020-08-10,2.636,2.636,2.636,2.636,5.0
2020-08-11,2.619,2.619,2.619,2.619,0.0
2020-08-12,2.599,2.599,2.599,2.599,0.0
2020-08-13,2.619,2.619,2.619,2.619,0.0
2020-08-14,2.627,2.627,2.627,2.627,15.0
2020-08-17,2.632,2.632,2.632,2.632,0.0
2020-08-18,2.632,2.632,2.632,2.632,15.0
2020-08-19,2.643,2.643,2.643,2.643,0.0
2020-08-20,2.641,2.641,2.641,2.641,0.0
2020-08-21,2.63,2.631,2.63,2.631,25.0
2020-08-24,2.631,2.631,2.631,2.631,0.0
2020-08-25,2.628,2.628,2.628,2.628,0.0
2020-08-26,2.656,2.656,2.656,2.656,0.0
2020-08-27,2.647,2.647,2.647,2.647,0.0
2020-08-28,2.638,2.638,2.638,2.638,0.0
2020-08-31,2.623,2.623,2.623,2.623,0.0
2020-09-01,2.621,2.621,2.621,2.621,0.0
2020-09-02,2.628,2.628,2.628,2.628,0.0
2020-09-03,2.632,2.632,2.632,2.632,0.0
2020-09-04,2.638,2.638,2.638,2.638,0.0
2020-09-08,2.639,2.639,2.639,2.639,0.0
2020-09-09,2.635,2.635,2.635,2.635,0.0
2020-09-10,2.621,2.621,2.621,2.621,70.0
2020-09-11,2.61,2.61,2.61,2.61,10.0
2020-09-14,2.612,2.612,2.612,2.612,40.0
2020-09-15,2.619,2.619,2.619,2.619,0.0
2020-09-16,2.617,2.617,2.617,2.617,0.0
2020-09-17,2.62,2.62,2.62,2.62,0.0
2020-09-18,2.616,2.616,2.616,2.616,0.0
2020-09-21,2.608,2.608,2.608,2.608,0.0
2020-09-22,2.613,2.613,2.613,2.613,0.0
2020-09-23,2.634,2.634,2.634,2.634,0.0
2020-09-24,2.636,2.636,2.636,2.636,0.0
2020-09-25,2.633,2.633,2.633,2.633,0.0
2020-09-28,2.645,2.645,2.645,2.645,0.0
2020-09-29,2.614,2.614,2.614,2.614,0.0
2020-09-30,2.603,2.603,2.603,2.603,0.0
2020-10-01,2.593,2.593,2.593,2.593,0.0
2020-10-02,2.598,2.598,2.598,2.598,0.0
2020-10-05,2.598,2.598,2.581,2.581,3.0
2020-10-06,2.578,2.578,2.578,2.578,0.0
2020-10-07,2.589,2.589,2.589,2.589,0.0
2020-10-08,2.569,2.569,2.569,2.569,0.0
2020-10-09,2.584,2.584,2.584,2.584,0.0
2020-10-12,2.578,2.578,2.578,2.578,0.0
2020-10-13,2.558,2.558,2.558,2.558,0.0
2020-10-14,2.591,2.591,2.591,2.591,0.0
2020-10-15,2.602,2.602,2.602,2.602,0.0
2020-10-16,2.622,2.622,2.622,2.622,0.0
2020-10-19,2.67,2.67,2.67,2.67,0.0
2020-10-20,2.611,2.611,2.611,2.611,0.0
2020-10-21,2.634,2.634,2.634,2.634,25.0
2020-10-22,2.693,2.693,2.693,2.693,25.0
2020-10-23,2.663,2.663,2.662,2.662,3.0
2020-10-26,2.642,2.642,2.642,2.642,0.0
2020-10-27,2.643,2.643,2.643,2.643,0.0
2020-10-28,2.645,2.645,2.645,2.645,0.0
2020-10-29,2.657,2.657,2.657,2.657,0.0
2020-10-30,2.674,2.674,2.674,2.674,0.0
2020-11-02,2.662,2.662,2.662,2.662,0.0
2020-11-03,2.662,2.662,2.662,2.662,0.0
2020-11-04,2.655,2.655,2.655,2.655,0.0
2020-11-05,2.667,2.667,2.667,2.667,0.0
2020-11-06,2.665,2.665,2.665,2.665,0.0
2020-11-09,2.655,2.655,2.655,2.655,0.0
2020-11-10,2.665,2.665,2.665,2.665,0.0
2020-11-11,2.68,2.68,2.68,2.68,0.0
2020-11-12,2.677,2.677,2.677,2.677,0.0
2020-11-13,2.665,2.665,2.665,2.665,30.0
2020-11-16,2.669,2.669,2.669,2.669,0.0
2020-11-17,2.686,2.686,2.686,2.686,0.0
2020-11-18,2.705,2.705,2.705,2.705,0.0
2020-11-19,2.696,2.696,2.696,2.696,0.0
2020-11-20,2.689,2.689,2.689,2.689,0.0
2020-11-23,2.683,2.683,2.683,2.683,0.0
2020-11-24,2.685,2.685,2.685,2.685,0.0
2020-11-25,2.668,2.668,2.668,2.668,6.0
2020-11-27,2.664,2.664,2.664,2.664,0.0
2020-11-30,2.65,2.65,2.65,2.65,0.0
2020-12-01,2.684,2.684,2.684,2.684,0.0
2020-12-02,2.695,2.695,2.695,2.695,10.0
2020-12-03,2.659,2.659,2.659,2.659,0.0
2020-12-04,2.682,2.682,2.682,2.682,0.0
2020-12-07,2.659,2.659,2.659,2.659,0.0
2020-12-08,2.647,2.647,2.647,2.647,0.0
2020-12-09,2.664,2.664,2.664,2.664,0.0
2020-12-10,2.669,2.669,2.669,2.669,0.0
2020-12-11,2.675,2.675,2.675,2.675,0.0
2020-12-14,2.68,2.68,2.68,2.68,0.0
2020-12-15,2.665,2.665,2.665,2.665,0.0
2020-12-16,2.677,2.677,2.677,2.677,0.0
2020-12-17,2.665,2.665,2.665,2.665,0.0
2020-12-18,2.679,2.679,2.679,2.679,0.0
2020-12-21,2.65,2.65,2.65,2.65,0.0
2020-12-22,2.64,2.64,2.64,2.64,0.0
2020-12-23,2.625,2.625,2.625,2.625,0.0
2020-12-24,2.615,2.615,2.615,2.615,0.0
2020-12-28,2.553,2.553,2.553,2.553,0.0
2020-12-29,2.593,2.593,2.593,2.593,0.0
2020-12-30,2.577,2.577,2.577,2.577,0.0
2020-12-31,2.596,2.596,2.596,2.596,0.0
2021-01-04,2.604,2.604,2.604,2.604,7.0
2021-01-05,2.622,2.622,2.622,2.622,0.0
2021-01-06,2.623,2.655,2.623,2.655,3.0
2021-01-07,2.648,2.648,2.648,2.648,0.0
2021-01-08,2.632,2.632,2.632,2.632,0.0
2021-01-11,2.628,2.628,2.628,2.628,0.0
2021-01-12,2.645,2.645,2.645,2.645,0.0
2021-01-13,2.661,2.661,2.661,2.661,0.0
2021-01-14,2.609,2.609,2.609,2.609,875.0
2021-01-15,2.635,2.635,2.635,2.635,0.0
2021-01-19,2.619,2.619,2.619,2.619,0.0
2021-01-20,2.633,2.633,2.633,2.633,0.0
2021-01-21,2.638,2.638,2.638,2.638,25.0
2021-01-22,2.653,2.653,2.653,2.653,0.0
2021-01-25,2.643,2.643,2.643,2.643,0.0
2021-01-26,2.67,2.67,2.67,2.67,0.0
2021-01-27,2.675,2.675,2.675,2.675,0.0
2021-01-28,2.674,2.674,2.674,2.674,0.0
2021-01-29,2.674,2.674,2.669,2.669,3.0
2021-02-01,2.673,2.673,2.673,2.673,0.0
2021-02-02,2.659,2.659,2.659,2.659,0.0
2021-02-03,2.645,2.645,2.645,2.645,0.0
2021-02-04,2.631,2.631,2.631,2.631,50.0
2021-02-05,2.637,2.637,2.629,2.629,4.0
2021-02-08,2.649,2.649,2.649,2.649,0.0
2021-02-09,2.658,2.658,2.658,2.658,0.0
2021-02-10,2.663,2.663,2.663,2.663,10.0
2021-02-11,2.66,2.66,2.66,2.66,0.0
2021-02-12,2.654,2.654,2.654,2.654,0.0
2021-02-16,2.671,2.671,2.671,2.671,0.0
2021-02-17,2.666,2.666,2.666,2.666,0.0
2021-02-18,2.664,2.664,2.664,2.664,0.0
2021-02-19,2.66,2.66,2.66,2.66,0.0
2021-02-22,2.662,2.662,2.662,2.662,0.0
2021-02-23,2.654,2.654,2.654,2.654,10.0
2021-02-24,2.648,2.648,2.648,2.648,0.0
2021-02-25,2.636,2.636,2.636,2.636,0.0
2021-02-26,2.638,2.638,2.638,2.638,0.0
2021-03-01,2.655,2.655,2.655,2.655,0.0
2021-03-02,2.664,2.664,2.664,2.664,0.0
2021-03-03,2.659,2.659,2.659,2.659,0.0
2021-03-04,2.645,2.645,2.645,2.645,0.0
2021-03-05,2.646,2.646,2.646,2.646,0.0
2021-03-08,2.669,2.669,2.669,2.669,0.0
2021-03-09,2.663,2.682,2.663,2.682,4.0
2021-03-10,2.694,2.694,2.694,2.694,0.0
2021-03-11,2.69,2.69,2.687,2.687,3.0
2021-03-12,2.68,2.68,2.68,2.68,0.0
2021-03-15,2.643,2.643,2.643,2.643,0.0
2021-03-16,2.664,2.664,2.664,2.664,0.0
2021-03-17,2.645,2.645,2.645,2.645,0.0
2021-03-18,2.633,2.633,2.633,2.633,0.0
2021-03-19,2.639,2.639,2.639,2.639,0.0
2021-03-22,2.638,2.638,2.638,2.638,25.0
2021-03-23,2.655,2.655,2.654,2.654,25.0
2021-03-24,2.659,2.659,2.657,2.657,1.0
2021-03-25,2.657,2.657,2.657,2.657,0.0
2021-03-26,2.653,2.653,2.653,2.653,0.0
2021-03-29,2.658,2.658,2.658,2.658,0.0
2021-03-30,2.66,2.66,2.66,2.66,0.0
2021-03-31,2.68,2.681,2.68,2.681,1.0
2021-04-01,2.693,2.693,2.693,2.693,0.0
2021-04-05,2.675,2.675,2.675,2.675,0.0
2021-04-06,2.653,2.653,2.653,2.653,0.0
2021-04-07,2.656,2.656,2.656,2.656,0.0
2021-04-08,2.646,2.668,2.646,2.668,5.0
2021-04-09,2.685,2.685,2.685,2.685,0.0
2021-04-12,2.694,2.694,2.694,2.694,0.0
2021-04-13,2.687,2.687,2.687,2.687,0.0
2021-04-14,2.682,2.698,2.682,2.698,1.0
2021-04-15,2.698,2.704,2.698,2.704,1.0
2021-04-16,2.717,2.717,2.717,2.717,0.0
2021-04-19,2.711,2.711,2.711,2.711,3.0
2021-04-20,2.696,2.696,2.696,2.696,0.0
2021-04-21,2.684,2.684,2.684,2.684,0.0
2021-04-22,2.678,2.678,2.678,2.678,0.0
2021-04-23,2.686,2.686,2.686,2.686,0.0
2021-04-26,2.678,2.678,2.678,2.678,0.0
2021-04-27,2.689,2.689,2.689,2.689,0.0
2021-04-28,2.691,2.691,2.691,2.691,75.0
2021-04-29,2.691,2.693,2.691,2.693,2.0
2021-04-30,2.693,2.7,2.693,2.7,1.0
2021-05-03,2.703,2.703,2.703,2.703,0.0
2021-05-04,2.712,2.712,2.712,2.712,0.0
2021-05-05,2.714,2.714,2.714,2.714,1.0
2021-05-06,2.704,2.704,2.704,2.704,0.0
2021-05-07,2.711,2.711,2.711,2.711,0.0
2021-05-10,2.714,2.714,2.714,2.714,0.0
2021-05-11,2.711,2.711,2.711,2.711,0.0
2021-05-12,2.71,2.71,2.71,2.71,0.0
2021-05-13,2.706,2.706,2.706,2.706,0.0
2021-05-14,2.712,2.712,2.712,2.712,0.0
2021-05-17,2.716,2.716,2.716,2.716,0.0
2021-05-18,2.713,2.713,2.713,2.713,0.0
2021-05-19,2.717,2.717,2.717,2.717,0.0
2021-05-20,2.72,2.72,2.717,2.717,60.0
2021-05-21,2.725,2.725,2.725,2.725,0.0
2021-05-24,2.719,2.719,2.719,2.719,0.0
2021-05-25,2.73,2.73,2.73,2.73,0.0
2021-05-26,2.736,2.736,2.736,2.736,0.0
2021-05-27,2.733,2.733,2.733,2.733,0.0
2021-05-28,2.743,2.743,2.743,2.743,0.0
2021-06-01,2.743,2.765,2.743,2.765,2.0
2021-06-02,2.769,2.769,2.769,2.769,0.0
2021-06-03,2.776,2.776,2.776,2.776,0.0
2021-06-04,2.827,2.827,2.827,2.827,0.0
2021-06-07,2.807,2.807,2.807,2.807,62.0
2021-06-08,2.793,2.793,2.793,2.793,0.0
2021-06-09,2.788,2.788,2.788,2.788,0.0
2021-06-10,2.787,2.787,2.787,2.787,0.0
2021-06-11,2.786,2.786,2.786,2.786,1.0
2021-06-14,2.795,2.795,2.795,2.795,0.0
2021-06-15,2.78,2.78,2.78,2.78,0.0
2021-06-16,2.801,2.801,2.801,2.801,5.0
2021-06-17,2.788,2.788,2.788,2.788,25.0
2021-06-18,2.784,2.784,2.784,2.784,10.0
2021-06-21,2.781,2.781,2.781,2.781,0.0
2021-06-22,2.784,2.784,2.784,2.784,0.0
2021-06-23,2.783,2.783,2.783,2.783,138.0
2021-06-24,2.779,2.779,2.779,2.779,0.0
2021-06-25,2.791,2.791,2.791,2.791,0.0
2021-06-28,2.801,2.801,2.801,2.801,0.0
2021-06-29,2.845,2.845,2.829,2.829,20.0
2021-06-30,2.831,2.831,2.831,2.831,60.0
2021-07-01,2.819,2.819,2.819,2.819,240.0
2021-07-02,2.819,2.819,2.811,2.811,1.0
2021-07-06,2.831,2.836,2.808,2.808,6.0
2021-07-07,2.82,2.82,2.82,2.82,0.0
2021-07-08,2.822,2.822,2.822,2.822,308.0
2021-07-09,2.834,2.834,2.834,2.834,200.0
2021-07-12,2.848,2.848,2.848,2.848,800.0
2021-07-13,2.847,2.847,2.847,2.847,0.0
2021-07-14,2.84,2.84,2.84,2.84,399.0
2021-07-15,2.835,2.835,2.835,2.835,0.0
2021-07-16,2.841,2.841,2.841,2.841,0.0
2021-07-19,2.851,2.851,2.851,2.851,0.0
2021-07-20,2.863,2.863,2.863,2.863,30.0
2021-07-21,2.873,2.873,2.873,2.873,0.0
2021-07-22,2.875,2.875,2.875,2.875,0.0
2021-07-23,2.881,2.881,2.881,2.881,0.0
2021-07-26,2.881,2.889,2.881,2.889,116.0
2021-07-27,2.871,2.871,2.871,2.871,0.0
2021-07-28,2.88,2.88,2.88,2.88,121.0
2021-07-29,2.904,2.904,2.904,2.904,661.0
2021-07-30,2.919,2.919,2.919,2.919,0.0
2021-08-02,2.955,2.955,2.95,2.95,270.0
2021-08-03,2.955,2.955,2.955,2.955,0.0
2021-08-04,2.968,2.968,2.968,2.968,32.0
2021-08-05,2.976,2.976,2.976,2.976,0.0
2021-08-06,2.992,2.992,2.985,2.985,2.0
2021-08-09,2.981,2.981,2.981,2.981,5.0
2021-08-10,3.003,3.003,2.983,2.983,1.0
2021-08-11,3.013,3.013,2.998,2.998,31.0
2021-08-12,3.036,3.036,3.036,3.036,285.0
2021-08-13,3.041,3.041,2.996,2.996,7.0
2021-08-16,2.999,2.999,2.999,2.999,0.0
2021-08-17,3.007,3.007,3.007,3.007,0.0
2021-08-18,3.017,3.017,3.01,3.01,2.0
2021-08-19,2.995,3.0,2.995,3.0,58.0
2021-08-20,3.01,3.01,2.99,2.99,27.0
2021-08-23,2.999,3.003,2.994,2.994,8.0
2021-08-24,3.006,3.006,3.006,3.006,0.0
2021-08-25,3.008,3.008,3.008,3.008,7.0
2021-08-26,3.011,3.023,3.011,3.023,2.0
2021-08-27,3.028,3.028,3.02,3.02,1.0
2021-08-30,3.006,3.006,3.006,3.006,2.0
2021-08-31,2.995,2.995,2.995,2.995,0.0
2021-09-01,2.997,2.997,2.997,2.997,1.0
2021-09-02,3.04,3.04,3.026,3.026,26.0
2021-09-03,3.03,3.03,3.03,3.03,5.0
2021-09-07,3.041,3.041,3.041,3.041,5.0
2021-09-08,3.074,3.074,3.074,3.074,45.0
2021-09-09,3.125,3.125,3.125,3.125,15.0
2021-09-10,3.137,3.137,3.137,3.137,200.0
2021-09-13,3.182,3.182,3.182,3.182,53.0
2021-09-14,3.201,3.201,3.201,3.201,261.0
2021-09-15,3.216,3.216,3.179,3.179,478.0
2021-09-16,3.197,3.197,3.167,3.167,2.0
2021-09-17,3.15,3.152,3.15,3.152,135.0
2021-09-20,3.171,3.171,3.171,3.171,100.0
2021-09-21,3.193,3.193,3.193,3.193,100.0
2021-09-22,3.21,3.21,3.21,3.21,367.0
2021-09-23,3.248,3.248,3.248,3.248,150.0
2021-09-24,3.268,3.268,3.264,3.264,2.0
2021-09-27,3.331,3.331,3.331,3.331,0.0
2021-09-28,3.281,3.281,3.281,3.281,159.0
2021-09-29,3.324,3.324,3.324,3.324,15.0
2021-09-30,3.344,3.404,3.344,3.394,7.0
2021-10-01,3.394,3.405,3.387,3.387,2.0
2021-10-04,3.405,3.415,3.405,3.415,71.0
2021-10-05,3.455,3.455,3.455,3.455,71.0
2021-10-06,3.392,3.392,3.392,3.392,145.0
2021-10-07,3.389,3.389,3.389,3.389,524.0
2021-10-08,3.424,3.442,3.424,3.425,18.0
2021-10-11,3.453,3.453,3.425,3.432,7.0
2021-10-12,3.447,3.447,3.447,3.447,711.0
2021-10-13,3.487,3.495,3.458,3.458,1128.0
2021-10-14,3.495,3.495,3.486,3.486,234.0
2021-10-15,3.488,3.5,3.48,3.485,71.0
2021-10-18,3.481,3.481,3.481,3.481,5.0
2021-10-19,3.476,3.476,3.463,3.463,2.0
2021-10-20,3.464,3.5,3.464,3.465,1478.0
2021-10-21,3.5,3.5,3.48,3.491,35.0
2021-10-22,3.514,3.514,3.479,3.479,9.0
2021-10-25,3.535,3.54,3.518,3.54,28.0
2021-10-26,3.53,3.53,3.518,3.518,6.0
2021-10-27,3.518,3.518,3.507,3.507,12.0
2021-10-28,3.49,3.51,3.49,3.492,21.0
2021-10-29,3.48,3.48,3.443,3.443,3.0
2021-11-01,3.4,3.4,3.345,3.345,516.0
2021-11-02,3.384,3.384,3.379,3.379,1.0
2021-11-03,3.339,3.339,3.337,3.337,4512.0
2021-11-04,3.372,3.372,3.361,3.361,7.0
2021-11-05,3.33,3.33,3.33,3.33,118.0
2021-11-08,3.341,3.341,3.341,3.341,0.0
2021-11-09,3.33,3.357,3.33,3.357,476.0
2021-11-10,3.393,3.393,3.393,3.393,105.0
2021-11-11,3.431,3.431,3.431,3.431,43.0
2021-11-12,3.415,3.415,3.415,3.415,15.0
2021-11-15,3.445,3.445,3.428,3.428,7.0
2021-11-16,3.495,3.495,3.469,3.469,82.0
2021-11-17,3.455,3.455,3.455,3.455,10.0
2021-11-18,3.435,3.435,3.435,3.435,265.0
2021-11-19,3.445,3.445,3.438,3.438,168.0
2021-11-22,3.4,3.4,3.385,3.4,11.0
2021-11-23,3.4,3.45,3.4,3.423,8.0
2021-11-24,3.45,3.456,3.45,3.456,6.0
2021-11-26,3.495,3.495,3.495,3.495,0.0
2021-11-29,3.45,3.457,3.45,3.457,2.0
2021-11-30,3.457,3.457,3.422,3.422,266.0
2021-12-01,3.43,3.43,3.403,3.403,123.0
2021-12-02,3.391,3.391,3.391,3.391,1348.0
2021-12-03,3.392,3.392,3.392,3.392,255.0
2021-12-06,3.38,3.38,3.359,3.359,272.0
2021-12-07,3.396,3.398,3.368,3.368,109.0
2021-12-08,3.4,3.4,3.34,3.34,339.0
2021-12-09,3.372,3.372,3.348,3.348,24.0
2021-12-10,3.378,3.378,3.376,3.376,125.0
2021-12-13,3.353,3.353,3.353,3.353,16.0
2021-12-14,3.343,3.343,3.343,3.343,296.0
2021-12-15,3.379,3.385,3.354,3.354,224.0
2021-12-16,3.357,3.357,3.357,3.357,85.0
2021-12-17,3.334,3.334,3.334,3.334,10.0
2021-12-20,3.382,3.382,3.382,3.382,1.0
2021-12-21,3.373,3.373,3.359,3.359,59.0
2021-12-22,3.359,3.359,3.352,3.352,20.0
2021-12-23,3.305,3.305,3.305,3.305,211.0
2021-12-27,3.296,3.296,3.296,3.296,191.0
2021-12-28,3.33,3.33,3.3,3.301,40.0
2021-12-29,3.316,3.316,3.316,3.316,0.0
2021-12-30,3.315,3.315,3.261,3.261,325.0
2021-12-31,3.265,3.265,3.265,3.265,457.0
2022-01-03,3.324,3.324,3.324,3.324,17.0
2022-01-04,3.324,3.333,3.324,3.333,2.0
2022-01-05,3.354,3.354,3.354,3.354,27.0
2022-01-06,3.346,3.346,3.346,3.346,0.0
2022-01-07,3.372,3.372,3.372,3.372,0.0
2022-01-10,3.407,3.407,3.386,3.386,274.0
2022-01-11,3.385,3.385,3.385,3.385,22.0
2022-01-12,3.4,3.4,3.368,3.368,504.0
2022-01-13,3.38,3.38,3.36,3.372,32.0
2022-01-14,3.38,3.38,3.353,3.353,49.0
2022-01-18,3.37,3.37,3.348,3.348,92.0
2022-01-19,3.35,3.358,3.35,3.358,403.0
2022-01-20,3.335,3.335,3.335,3.335,1372.0
2022-01-21,3.357,3.357,3.357,3.357,55.0
2022-01-24,3.366,3.375,3.363,3.363,108.0
2022-01-25,3.388,3.399,3.388,3.399,10.0
2022-01-26,3.438,3.438,3.423,3.423,308.0
2022-01-27,3.449,3.449,3.449,3.449,623.0
2022-01-28,3.488,3.488,3.479,3.485,1119.0
2022-01-31,3.509,3.52,3.495,3.495,379.0
2022-02-01,3.49,3.49,3.484,3.484,545.0
2022-02-02,3.51,3.516,3.503,3.503,1683.0
2022-02-03,3.464,3.464,3.464,3.464,135.0
2022-02-04,3.5,3.528,3.5,3.528,640.0
2022-02-07,3.517,3.517,3.517,3.517,1579.0
2022-02-08,3.543,3.543,3.543,3.543,321.0
2022-02-09,3.54,3.54,3.52,3.52,330.0
2022-02-10,3.516,3.525,3.516,3.525,79.0
2022-02-11,3.524,3.524,3.524,3.524,326.0
2022-02-14,3.554,3.581,3.554,3.581,179.0
2022-02-15,3.578,3.578,3.578,3.578,24.0
2022-02-16,3.625,3.625,3.625,3.625,189.0
2022-02-17,3.61,3.61,3.61,3.61,253.0
2022-02-18,3.605,3.605,3.605,3.605,278.0
2022-02-22,3.632,3.632,3.615,3.615,246.0
2022-02-23,3.655,3.666,3.638,3.666,29.0
2022-02-24,3.7,3.7,3.67,3.674,398.0
2022-02-25,3.625,3.64,3.575,3.586,88.0
2022-02-28,3.596,3.596,3.541,3.541,557.0
2022-03-01,3.555,3.595,3.555,3.575,338.0
2022-03-02,3.6,3.688,3.6,3.62,871.0
2022-03-03,3.646,3.646,3.63,3.636,374.0
2022-03-04,3.708,3.708,3.708,3.708,1456.0
2022-03-07,3.78,3.78,3.7,3.716,679.0
2022-03-08,3.68,3.716,3.677,3.708,690.0
2022-03-09,3.691,3.7,3.683,3.692,96.0
2022-03-10,3.71,3.71,3.707,3.707,9.0
2022-03-11,3.751,3.751,3.751,3.751,987.0
2022-03-14,3.778,3.778,3.762,3.766,946.0
2022-03-15,3.76,3.77,3.715,3.722,90.0
2022-03-16,3.739,3.739,3.739,3.739,44.0
2022-03-17,3.775,3.775,3.772,3.772,55.0
2022-03-18,3.814,3.814,3.771,3.771,34.0
2022-03-21,3.763,3.774,3.763,3.774,45.0
2022-03-22,3.824,3.825,3.8,3.82,1656.0
2022-03-23,3.825,3.846,3.82,3.846,1310.0
2022-03-24,3.83,3.9,3.83,3.889,590.0
2022-03-25,3.96,3.993,3.924,3.989,169.0
2022-03-28,3.97,3.97,3.968,3.968,201.0
2022-03-29,3.95,3.95,3.934,3.935,567.0
2022-03-30,3.94,3.967,3.94,3.967,686.0
2022-03-31,3.99,4.05,3.955,4.007,1381.0
2022-04-01,4.0,4.07,4.0,4.059,582.0
2022-04-04,4.05,4.147,4.05,4.135,154.0
2022-04-05,4.234,4.265,4.221,4.233,977.0
2022-04-06,4.34,4.343,4.26,4.303,984.0
2022-04-07,4.33,4.399,4.31,4.399,1705.0
2022-04-08,4.437,4.45,4.437,4.45,655.0
2022-04-11,4.506,4.57,4.493,4.538,1848.0
2022-04-12,4.583,4.626,4.54,4.59,762.0
2022-04-13,4.64,4.65,4.596,4.625,1276.0
2022-04-14,4.653,4.708,4.653,4.696,815.0
2022-04-18,4.727,4.849,4.727,4.81,1128.0
2022-04-19,4.715,4.72,4.65,4.71,682.0
2022-04-20,4.65,4.65,4.509,4.547,860.0
2022-04-21,4.52,4.52,4.362,4.426,1009.0
2022-04-22,4.388,4.388,4.195,4.203,335.0
2022-04-25,4.15,4.27,4.129,4.239,1455.0
2022-04-26,4.341,4.375,4.291,4.35,854.0
2022-04-27,4.43,4.43,4.375,4.406,1093.0
2022-04-28,4.41,4.43,4.383,4.383,248.0
2022-04-29,4.442,4.5,4.442,4.5,202.0
2022-05-02,4.52,4.698,4.5,4.679,1173.0
2022-05-03,4.73,4.835,4.655,4.704,1847.0
2022-05-04,4.75,4.815,4.75,4.794,599.0
2022-05-05,4.81,4.85,4.735,4.844,286.0
2022-05-06,4.872,4.895,4.742,4.742,365.0
2022-05-09,4.7,4.7,4.486,4.486,486.0
2022-05-10,4.415,4.55,4.35,4.53,661.0
2022-05-11,4.594,4.595,4.56,4.576,151.0
2022-05-12,4.486,4.6,4.485,4.574,255.0
2022-05-13,4.625,4.625,4.597,4.597,313.0
2022-05-16,4.605,4.706,4.597,4.658,173.0
2022-05-17,4.738,4.79,4.718,4.753,651.0
2022-05-18,4.79,4.83,4.785,4.812,407.0
2022-05-19,4.8,4.8,4.764,4.764,125.0
2022-05-20,4.81,4.815,4.773,4.784,473.0
2022-05-23,4.819,4.873,4.819,4.873,644.0
2022-05-24,4.89,4.924,4.89,4.924,181.0
2022-05-25,5.049,5.049,4.95,4.975,362.0
2022-05-26,5.04,5.04,4.94,4.996,459.0
2022-05-27,4.996,4.996,4.911,4.991,111.0
2022-05-31,4.938,5.011,4.938,4.957,225.0
2022-06-01,5.025,5.165,5.025,5.138,1105.0
2022-06-02,5.188,5.2,5.18,5.18,1013.0
2022-06-03,5.161,5.292,5.161,5.288,514.0
2022-06-06,5.459,5.535,5.459,5.507,678.0
2022-06-07,5.544,5.59,5.543,5.59,1812.0
2022-06-08,5.675,5.745,5.597,5.597,948.0
2022-06-09,5.54,5.8,5.496,5.781,1452.0
2022-06-10,5.769,5.85,5.76,5.817,452.0
2022-06-13,5.776,5.778,5.695,5.778,254.0
2022-06-14,5.641,5.69,5.405,5.586,945.0
2022-06-15,5.682,5.71,5.625,5.638,291.0
2022-06-16,5.679,5.679,5.448,5.448,517.0
2022-06-17,5.42,5.435,5.098,5.098,1438.0
2022-06-21,4.945,5.05,4.945,5.028,1759.0
2022-06-22,5.026,5.07,5.026,5.052,841.0
2022-06-23,5.077,5.09,4.953,5.008,2091.0
2022-06-24,4.966,4.966,4.819,4.872,1470.0
2022-06-27,4.81,4.915,4.782,4.892,424.0
2022-06-28,4.919,4.986,4.875,4.875,881.0
2022-06-29,4.852,4.902,4.849,4.902,486.0
2022-06-30,4.85,4.85,4.568,4.586,4187.0
2022-07-01,4.6,4.625,4.563,4.58,580.0
2022-07-05,4.53,4.585,4.478,4.478,793.0
2022-07-06,4.471,4.51,4.42,4.51,626.0
2022-07-07,4.595,4.791,4.595,4.726,1191.0
2022-07-08,4.715,4.715,4.696,4.696,250.0
2022-07-11,4.76,4.799,4.742,4.742,164.0
2022-07-12,4.793,4.797,4.678,4.692,973.0
2022-07-13,4.769,4.817,4.74,4.817,601.0
2022-07-14,4.775,4.851,4.775,4.775,75.0
2022-07-15,4.834,4.86,4.825,4.86,4.0
2022-07-18,4.985,4.985,4.94,4.946,152.0
2022-07-19,4.925,4.95,4.859,4.882,78.0
2022-07-20,4.968,5.06,4.943,5.044,353.0
2022-07-21,5.03,5.056,4.93,4.938,852.0
2022-07-22,4.976,5.011,4.976,4.989,308.0
2022-07-25,5.001,5.059,5.001,5.057,325.0
2022-07-26,5.1,5.114,5.061,5.061,497.0
2022-07-27,5.06,5.06,4.983,4.983,326.0
2022-07-28,5.0,5.0,4.905,4.918,561.0
2022-07-29,4.917,4.923,4.855,4.891,483.0
2022-08-01,4.841,4.925,4.84,4.914,163.0
2022-08-02,4.778,4.831,4.778,4.806,1806.0
2022-08-03,4.815,4.952,4.803,4.952,763.0
2022-08-04,4.945,4.957,4.881,4.911,329.0
2022-08-05,4.945,4.945,4.921,4.921,529.0
2022-08-08,4.823,4.87,4.823,4.861,646.0
2022-08-09,4.909,4.925,4.883,4.908,202.0
2022-08-10,4.945,4.983,4.885,4.981,196.0
2022-08-11,5.0,5.151,5.0,5.13,264.0
2022-08-12,5.106,5.17,5.084,5.096,391.0
2022-08-15,5.18,5.273,5.18,5.244,150.0
2022-08-16,5.3,5.46,5.3,5.385,1450.0
2022-08-17,5.401,5.409,5.37,5.382,295.0
2022-08-18,5.36,5.422,5.35,5.422,268.0
2022-08-19,5.358,5.41,5.323,5.41,158.0
2022-08-22,5.529,5.583,5.495,5.499,572.0
2022-08-23,5.55,5.563,5.45,5.476,1018.0
2022-08-24,5.505,5.505,5.485,5.485,278.0
2022-08-25,5.531,5.57,5.531,5.57,348.0
2022-08-26,5.608,5.626,5.598,5.598,417.0
2022-08-29,5.594,5.711,5.578,5.688,621.0
2022-08-30,5.64,5.71,5.64,5.659,680.0
2022-08-31,5.64,5.709,5.64,5.682,462.0
2022-09-01,5.73,5.758,5.73,5.758,663.0
2022-09-02,5.746,5.746,5.664,5.723,1299.0
2022-09-06,5.667,5.712,5.45,5.583,1662.0
2022-09-07,5.465,5.465,5.302,5.302,1845.0
2022-09-08,5.33,5.33,5.275,5.286,331.0
2022-09-09,5.355,5.357,5.316,5.357,416.0
2022-09-12,5.35,5.412,5.35,5.412,404.0
2022-09-13,5.41,5.478,5.41,5.447,442.0
2022-09-14,5.498,5.684,5.475,5.664,1313.0
2022-09-15,5.53,5.593,5.469,5.589,1381.0
2022-09-16,5.521,5.525,5.441,5.479,1522.0
2022-09-19,5.384,5.47,5.36,5.418,1318.0
2022-09-20,5.433,5.433,5.266,5.309,883.0
2022-09-21,5.305,5.305,5.22,5.225,1368.0
2022-09-22,5.2,5.2,5.05,5.063,786.0
2022-09-23,4.988,5.11,4.975,5.065,1498.0
2022-09-26,4.99,5.058,4.975,5.035,1100.0
2022-09-27,5.015,5.022,4.968,4.984,950.0
2022-09-28,4.93,4.99,4.9,4.954,1105.0
2022-09-29,4.935,4.984,4.887,4.969,1099.0
2022-09-30,4.987,5.055,4.987,5.023,420.0
2022-10-03,4.98,5.009,4.948,5.009,676.0
2022-10-04,4.979,5.024,4.979,5.009,1599.0
2022-10-05,5.018,5.054,4.97,5.023,1547.0
2022-10-06,4.975,5.016,4.975,5.014,828.0
2022-10-07,5.018,5.033,4.983,5.033,1970.0
2022-10-10,5.064,5.065,5.043,5.061,1503.0
2022-10-11,5.085,5.127,5.06,5.127,1887.0
2022-10-12,5.191,5.191,5.112,5.134,1972.0
2022-10-13,5.088,5.14,5.088,5.138,2104.0
2022-10-14,5.113,5.143,5.093,5.119,1587.0
2022-10-17,5.005,5.094,5.003,5.094,2609.0
2022-10-18,5.052,5.086,4.99,5.002,1106.0
2022-10-19,4.95,4.966,4.859,4.878,1198.0
2022-10-20,4.86,4.897,4.824,4.858,955.0
2022-10-21,4.753,4.822,4.71,4.741,2817.0
2022-10-24,4.74,4.83,4.74,4.812,418.0
2022-10-25,4.84,4.907,4.825,4.888,519.0
2022-10-26,4.84,4.95,4.84,4.926,981.0
2022-10-27,4.88,4.913,4.795,4.855,1737.0
2022-10-28,4.826,4.84,4.798,4.821,417.0
2022-10-31,4.918,4.92,4.865,4.92,1235.0
2022-11-01,4.845,4.916,4.83,4.852,2591.0
2022-11-02,4.963,4.963,4.851,4.905,855.0
2022-11-03,4.851,4.926,4.84,4.919,1136.0
2022-11-04,4.967,5.104,4.952,5.078,2789.0
2022-11-07,5.187,5.217,5.089,5.138,3596.0
2022-11-08,5.04,5.056,4.949,4.949,1095.0
2022-11-09,4.805,4.959,4.8,4.886,1107.0
2022-11-10,4.93,5.005,4.914,5.001,855.0
2022-11-11,5.001,5.008,4.91,4.936,1518.0
2022-11-14,5.004,5.012,4.898,4.903,858.0
2022-11-15,4.922,4.948,4.853,4.938,1031.0
2022-11-16,4.939,4.97,4.903,4.962,1056.0
2022-11-17,4.954,4.985,4.948,4.975,1262.0
2022-11-18,4.946,4.994,4.942,4.994,1011.0
2022-11-21,5.02,5.035,4.993,5.019,1891.0
2022-11-22,4.957,5.07,4.957,5.036,1938.0
2022-11-23,5.06,5.182,5.05,5.141,1411.0
2022-11-25,5.138,5.182,5.126,5.181,697.0
2022-11-28,5.17,5.185,5.119,5.165,1892.0
2022-11-29,5.191,5.221,5.16,5.202,2769.0
2022-11-30,5.2,5.234,5.148,5.18,2384.0
2022-12-01,5.229,5.249,5.155,5.176,2840.0
2022-12-02,5.088,5.095,5.002,5.028,2585.0
2022-12-05,4.929,4.946,4.865,4.905,2400.0
2022-12-06,4.851,4.875,4.773,4.812,2405.0
2022-12-07,4.84,4.885,4.805,4.872,2696.0
2022-12-08,4.96,4.963,4.875,4.932,3225.0
2022-12-09,4.972,5.003,4.882,4.977,956.0
2022-12-12,5.148,5.167,5.0,5.027,2213.0
2022-12-13,5.067,5.145,5.035,5.139,4434.0
2022-12-14,5.089,5.102,4.991,5.007,3149.0
2022-12-15,5.044,5.108,4.987,5.08,3549.0
2022-12-16,5.024,5.08,4.946,5.078,2872.0
2022-12-19,4.954,5.011,4.954,5.01,2813.0
2022-12-20,5.01,5.01,4.771,4.812,4849.0
2022-12-21,4.818,4.849,4.737,4.782,4422.0
2022-12-22,4.811,4.811,4.566,4.581,2377.0
2022-12-23,4.591,4.591,4.509,4.515,2302.0
2022-12-27,4.53,4.55,4.485,4.536,1243.0
2022-12-28,4.465,4.486,4.395,4.433,2733.0
2022-12-29,4.432,4.44,4.346,4.387,2056.0
2022-12-30,4.353,4.437,4.35,4.398,2073.0
2023-01-03,4.241,4.301,4.236,4.244,6105.0
2023-01-04,4.239,4.302,4.236,4.251,5298.0
2023-01-05,4.24,4.24,4.05,4.056,3542.0
2023-01-06,4.022,4.069,3.993,4.02,2639.0
2023-01-09,4.082,4.202,4.065,4.164,5810.0
2023-01-10,4.086,4.108,4.003,4.036,5964.0
2023-01-11,4.048,4.097,3.933,4.062,5774.0
2023-01-12,4.085,4.158,4.084,4.102,5196.0
2023-01-13,4.058,4.062,4.014,4.031,7659.0
2023-01-17,4.113,4.113,4.031,4.053,3884.0
2023-01-18,4.017,4.017,3.941,3.969,5065.0
2023-01-19,3.982,4.025,3.958,4.024,2116.0
2023-01-20,4.03,4.046,3.979,4.002,2230.0
2023-01-23,4.058,4.069,3.954,4.046,2843.0
2023-01-24,4.044,4.055,3.921,3.927,3190.0
2023-01-25,3.877,3.901,3.842,3.868,4785.0
2023-01-26,3.832,3.858,3.77,3.852,6144.0
2023-01-27,3.856,3.876,3.801,3.834,3527.0
2023-01-30,3.751,3.81,3.735,3.791,5910.0
2023-01-31,3.786,3.871,3.765,3.826,4472.0
2023-02-01,3.845,3.856,3.707,3.707,5524.0
2023-02-02,3.693,3.744,3.644,3.673,3610.0
2023-02-03,3.669,3.698,3.603,3.659,4880.0
2023-02-06,3.663,3.704,3.589,3.642,3714.0
2023-02-07,3.646,3.793,3.632,3.782,6118.0
2023-02-08,3.776,3.835,3.629,3.654,5215.0
2023-02-09,3.658,3.676,3.616,3.637,4794.0
2023-02-10,3.647,3.729,3.613,3.671,4768.0
2023-02-13,3.708,3.729,3.608,3.631,3750.0
2023-02-14,3.65,3.678,3.641,3.666,3027.0
2023-02-15,3.656,3.665,3.614,3.64,4101.0
2023-02-16,3.654,3.69,3.552,3.629,3687.0
2023-02-17,3.616,3.643,3.52,3.535,3979.0
2023-02-21,3.514,3.55,3.384,3.4,6285.0
2023-02-22,3.381,3.523,3.346,3.469,5440.0
2023-02-23,3.488,3.59,3.449,3.556,4159.0
2023-02-24,3.586,3.658,3.57,3.649,8641.0
2023-02-27,3.655,3.713,3.635,3.687,4834.0
2023-02-28,3.668,3.737,3.597,3.725,8109.0
2023-03-01,3.739,3.822,3.683,3.796,7269.0
2023-03-02,3.806,3.852,3.775,3.812,9203.0
2023-03-03,3.801,3.95,3.8,3.939,10620.0
2023-03-06,3.811,3.811,3.658,3.726,13705.0
2023-03-07,3.719,3.838,3.678,3.82,9232.0
2023-03-08,3.802,3.816,3.702,3.77,7853.0
2023-03-09,3.88,3.88,3.668,3.728,6162.0
2023-03-10,3.678,3.71,3.6,3.624,5698.0
2023-03-13,3.626,3.705,3.53,3.693,7443.0
2023-03-14,3.712,3.712,3.625,3.659,4864.0
2023-03-15,3.65,3.658,3.506,3.514,8423.0
2023-03-16,3.555,3.594,3.505,3.539,9468.0
2023-03-17,3.538,3.554,3.433,3.439,5335.0
2023-03-20,3.453,3.457,3.381,3.388,4517.0
2023-03-21,3.427,3.581,3.357,3.574,7040.0
2023-03-22,3.551,3.564,3.465,3.488,7368.0
2023-03-23,3.53,3.567,3.482,3.52,4190.0
2023-03-24,3.513,3.576,3.505,3.561,4746.0
2023-03-27,3.512,3.532,3.454,3.481,4711.0
2023-03-28,3.503,3.521,3.437,3.448,5031.0
2023-03-29,3.454,3.505,3.394,3.474,5433.0
2023-03-30,3.436,3.458,3.376,3.409,7666.0
2023-03-31,3.382,3.512,3.368,3.504,4474.0
2023-04-03,3.386,3.424,3.357,3.403,9524.0
2023-04-04,3.413,3.429,3.373,3.419,9042.0
2023-04-05,3.397,3.466,3.368,3.413,6465.0
2023-04-06,3.405,3.417,3.306,3.328,8647.0
2023-04-10,3.353,3.429,3.35,3.404,7375.0
2023-04-11,3.405,3.452,3.356,3.394,8759.0
2023-04-12,3.394,3.405,3.313,3.337,6404.0
2023-04-13,3.327,3.335,3.246,3.268,4471.0
2023-04-14,3.279,3.37,3.227,3.344,7810.0
2023-04-17,3.385,3.447,3.369,3.447,7657.0
2023-04-18,3.429,3.486,3.39,3.475,6425.0
2023-04-19,3.477,3.493,3.36,3.406,5348.0
2023-04-20,3.406,3.461,3.354,3.457,4064.0
2023-04-21,3.43,3.488,3.402,3.447,3246.0
2023-04-24,3.425,3.521,3.415,3.518,3341.0
2023-04-25,3.495,3.506,3.447,3.503,5566.0
2023-04-26,3.444,3.477,3.401,3.417,8394.0
2023-04-27,3.437,3.465,3.401,3.448,6220.0
2023-04-28,3.437,3.557,3.416,3.473,5335.0
2023-05-01,3.461,3.477,3.411,3.424,4139.0
2023-05-02,3.439,3.441,3.361,3.378,7034.0
2023-05-03,3.393,3.397,3.31,3.346,5348.0
2023-05-04,3.352,3.355,3.294,3.314,6575.0
2023-05-05,3.291,3.355,3.282,3.343,8648.0
2023-05-08,3.359,3.398,3.355,3.381,7784.0
2023-05-09,3.361,3.405,3.335,3.381,10098.0
2023-05-10,3.347,3.35,3.299,3.323,11549.0
2023-05-11,3.293,3.347,3.292,3.324,9515.0
2023-05-12,3.32,3.462,3.291,3.414,11064.0
2023-05-15,3.437,3.521,3.437,3.511,11186.0
2023-05-16,3.498,3.581,3.488,3.497,8196.0
2023-05-17,3.499,3.541,3.448,3.458,5765.0
2023-05-18,3.467,3.61,3.432,3.581,14839.0
2023-05-19,3.577,3.624,3.53,3.54,12461.0
2023-05-22,3.517,3.549,3.419,3.462,8882.0
2023-05-23,3.46,3.461,3.403,3.41,7166.0
2023-05-24,3.422,3.495,3.409,3.481,5374.0
2023-05-25,3.502,3.508,3.394,3.424,6633.0
2023-05-26,3.4,3.439,3.357,3.418,6428.0
2023-05-30,3.44,3.444,3.312,3.362,10100.0
2023-05-31,3.329,3.389,3.286,3.307,10959.0
2023-06-01,3.3,3.305,3.218,3.272,12329.0
2023-06-02,3.283,3.338,3.262,3.324,7757.0
2023-06-05,3.339,3.407,3.339,3.378,14197.0
2023-06-06,3.374,3.394,3.314,3.364,13156.0
2023-06-07,3.343,3.411,3.334,3.404,26816.0
2023-06-08,3.382,3.418,3.327,3.386,21214.0
2023-06-09,3.358,3.37,3.313,3.33,18964.0
2023-06-12,3.361,3.361,3.291,3.333,19450.0
2023-06-13,3.347,3.407,3.347,3.375,18805.0
2023-06-14,3.369,3.406,3.35,3.388,7078.0
2023-06-15,3.378,3.483,3.366,3.477,17098.0
2023-06-16,3.46,3.525,3.429,3.513,11273.0
2023-06-20,3.47,3.534,3.411,3.416,9812.0
2023-06-21,3.42,3.479,3.386,3.475,9436.0
2023-06-22,3.462,3.487,3.41,3.48,6423.0
2023-06-23,3.475,3.524,3.422,3.519,8940.0
2023-06-26,3.519,3.555,3.507,3.527,10696.0
2023-06-27,3.516,3.531,3.439,3.462,12738.0
2023-06-28,3.501,3.513,3.403,3.417,6493.0
2023-06-29,3.41,3.451,3.376,3.427,5552.0
2023-06-30,3.427,3.512,3.399,3.503,7168.0
2023-07-03,3.469,3.49,3.424,3.486,5943.0
2023-07-05,3.473,3.533,3.437,3.454,6418.0
2023-07-06,3.441,3.482,3.424,3.438,6775.0
2023-07-07,3.466,3.482,3.385,3.416,5983.0
2023-07-10,3.443,3.474,3.44,3.467,4365.0
2023-07-11,3.455,3.513,3.437,3.494,7431.0
2023-07-12,3.488,3.502,3.409,3.415,5154.0
2023-07-13,3.418,3.44,3.388,3.397,6314.0
2023-07-14,3.395,3.422,3.368,3.397,7731.0
2023-07-17,3.405,3.419,3.337,3.338,8109.0
2023-07-18,3.36,3.4,3.346,3.382,6968.0
2023-07-19,3.376,3.42,3.34,3.345,8771.0
2023-07-20,3.348,3.423,3.344,3.406,8838.0
2023-07-21,3.419,3.448,3.409,3.434,6638.0
2023-07-24,3.43,3.474,3.418,3.458,6023.0
2023-07-25,3.488,3.516,3.458,3.513,8017.0
2023-07-26,3.49,3.526,3.467,3.483,5914.0
2023-07-27,3.48,3.494,3.402,3.43,9388.0
2023-07-28,3.426,3.486,3.402,3.446,5634.0
2023-07-31,3.441,3.459,3.41,3.441,6854.0
2023-08-01,3.456,3.457,3.367,3.393,11669.0
2023-08-02,3.397,3.399,3.332,3.346,10824.0
2023-08-03,3.339,3.383,3.331,3.375,7320.0
2023-08-04,3.367,3.4,3.348,3.387,6266.0
2023-08-07,3.394,3.47,3.38,3.449,12210.0
2023-08-08,3.459,3.511,3.427,3.499,12374.0
2023-08-09,3.507,3.636,3.492,3.613,25453.0
2023-08-10,3.605,3.62,3.528,3.534,14960.0
2023-08-11,3.56,3.601,3.521,3.582,13550.0
2023-08-14,3.6,3.625,3.585,3.607,10202.0
2023-08-15,3.627,3.65,3.538,3.601,17553.0
2023-08-16,3.577,3.601,3.534,3.541,8267.0
2023-08-17,3.549,3.574,3.538,3.553,5234.0
2023-08-18,3.526,3.56,3.478,3.502,6777.0
2023-08-21,3.486,3.558,3.486,3.533,12125.0
2023-08-22,3.514,3.528,3.456,3.478,10361.0
2023-08-23,3.48,3.48,3.418,3.426,12212.0
2023-08-24,3.414,3.471,3.368,3.436,12527.0
2023-08-25,3.41,3.501,3.402,3.485,9484.0
2023-08-28,3.533,3.553,3.418,3.437,12439.0
2023-08-29,3.435,3.438,3.329,3.364,19710.0
2023-08-30,3.371,3.446,3.323,3.426,15799.0
2023-08-31,3.432,3.479,3.384,3.427,12079.0
2023-09-01,3.409,3.468,3.384,3.4,9805.0
2023-09-05,3.352,3.366,3.298,3.328,15794.0
2023-09-06,3.308,3.331,3.271,3.299,12330.0
2023-09-07,3.301,3.336,3.271,3.302,14657.0
2023-09-08,3.278,3.339,3.277,3.328,17575.0
2023-09-11,3.328,3.335,3.292,3.313,18072.0
2023-09-12,3.321,3.367,3.299,3.345,23682.0
2023-09-13,3.342,3.36,3.275,3.317,24427.0
2023-09-14,3.315,3.372,3.299,3.309,17954.0
2023-09-15,3.305,3.315,3.232,3.246,17309.0
2023-09-18,3.209,3.303,3.209,3.295,16041.0
2023-09-19,3.288,3.327,3.274,3.283,18457.0
2023-09-20,3.273,3.294,3.219,3.23,17407.0
2023-09-21,3.233,3.255,3.19,3.197,18148.0
2023-09-22,3.201,3.235,3.187,3.214,13070.0
2023-09-25,3.24,3.267,3.204,3.253,11758.0
2023-09-26,3.258,3.26,3.151,3.169,26457.0
2023-09-27,3.175,3.226,3.17,3.206,15774.0
2023-09-28,3.208,3.257,3.194,3.249,15643.0
2023-09-29,3.248,3.278,3.178,3.22,18501.0
2023-10-02,3.216,3.223,3.153,3.161,16619.0
2023-10-03,3.163,3.239,3.147,3.224,17657.0
2023-10-04,3.223,3.293,3.219,3.232,22748.0
2023-10-05,3.24,3.422,3.237,3.384,39794.0
2023-10-06,3.403,3.513,3.388,3.5,38668.0
2023-10-09,3.504,3.588,3.46,3.476,26640.0
2023-10-10,3.489,3.531,3.438,3.515,32036.0
2023-10-11,3.531,3.571,3.404,3.524,35851.0
2023-10-12,3.52,3.562,3.471,3.518,29393.0
2023-10-13,3.511,3.512,3.444,3.478,21030.0
2023-10-16,3.45,3.451,3.358,3.395,27849.0
2023-10-17,3.395,3.418,3.315,3.367,23590.0
2023-10-18,3.355,3.426,3.348,3.364,21147.0
2023-10-19,3.392,3.395,3.248,3.255,26754.0
2023-10-20,3.248,3.259,3.193,3.211,30701.0
2023-10-23,3.206,3.227,3.164,3.205,19181.0
2023-10-24,3.225,3.26,3.186,3.24,19153.0
2023-10-25,3.242,3.315,3.233,3.283,17004.0
2023-10-26,3.312,3.401,3.281,3.348,27619.0
2023-10-27,3.372,3.451,3.314,3.351,27245.0
2023-10-30,3.297,3.297,3.241,3.261,22781.0
2023-10-31,3.244,3.493,3.243,3.468,52685.0
2023-11-01,3.476,3.483,3.359,3.425,35140.0
2023-11-02,3.428,3.467,3.355,3.424,30030.0
2023-11-03,3.458,3.52,3.418,3.475,25122.0
2023-11-06,3.37,3.381,3.27,3.274,35838.0
2023-11-07,3.29,3.303,3.181,3.189,37822.0
2023-11-08,3.22,3.229,3.097,3.136,47047.0
2023-11-09,3.15,3.162,3.058,3.1,35884.0
2023-11-10,3.088,3.105,3.045,3.048,30488.0
2023-11-13,3.083,3.179,3.075,3.146,37686.0
2023-11-14,3.176,3.203,3.06,3.079,31365.0
2023-11-15,3.073,3.188,3.04,3.129,33083.0
2023-11-16,3.1,3.166,2.978,3.019,36067.0
2023-11-17,3.001,3.038,2.865,2.924,40354.0
2023-11-20,2.9,2.925,2.843,2.854,25314.0
2023-11-21,2.849,2.875,2.79,2.8,33977.0
2023-11-22,2.793,2.848,2.764,2.83,40199.0
2023-11-24,2.834,2.883,2.753,2.804,36689.0
2023-11-27,2.727,2.754,2.689,2.751,40279.0
2023-11-28,2.757,2.784,2.624,2.673,54874.0
2023-11-29,2.633,2.691,2.6,2.642,40897.0
2023-11-30,2.636,2.678,2.592,2.637,46565.0
2023-12-01,2.649,2.671,2.589,2.641,33934.0
2023-12-04,2.574,2.581,2.488,2.527,50298.0
2023-12-05,2.527,2.603,2.5,2.533,36519.0
2023-12-06,2.521,2.564,2.359,2.383,69873.0
2023-12-07,2.394,2.425,2.317,2.4,107141.0
2023-12-08,2.384,2.406,2.327,2.377,98734.0
2023-12-11,2.3,2.3,2.107,2.233,150555.0
2023-12-12,2.239,2.251,2.128,2.138,127393.0
2023-12-13,2.129,2.257,2.098,2.201,139236.0
2023-12-14,2.205,2.287,2.188,2.26,78118.0
2023-12-15,2.28,2.349,2.244,2.318,75341.0
2023-12-18,2.334,2.384,2.302,2.309,60859.0
2023-12-19,2.319,2.325,2.182,2.234,78430.0
2023-12-20,2.29,2.305,2.187,2.208,70871.0
2023-12-21,2.205,2.329,2.178,2.298,93319.0
2023-12-22,2.299,2.33,2.244,2.316,52448.0
2023-12-26,2.269,2.287,2.217,2.255,51433.0
2023-12-27,2.269,2.38,2.269,2.286,63630.0
2023-12-28,2.302,2.392,2.266,2.377,68453.0
2023-12-29,2.371,2.395,2.307,2.327,69880.0
2024-01-02,2.398,2.467,2.349,2.386,83730.0
2024-01-03,2.381,2.503,2.367,2.448,110282.0
2024-01-04,2.472,2.59,2.467,2.559,118258.0
2024-01-05,2.58,2.631,2.467,2.621,118414.0
2024-01-08,2.649,2.654,2.43,2.598,173145.0
2024-01-09,2.565,2.791,2.529,2.697,248559.0
2024-01-10,2.697,2.71,2.535,2.562,186147.0
2024-01-11,2.551,2.644,2.494,2.54,179045.0
2024-01-12,2.557,2.647,2.543,2.617,172293.0
2024-01-16,2.545,2.545,2.409,2.477,174050.0
2024-01-17,2.438,2.516,2.402,2.496,126634.0
2024-01-18,2.496,2.496,2.364,2.413,138740.0
2024-01-19,2.42,2.421,2.237,2.252,169175.0
2024-01-22,2.165,2.187,2.114,2.125,184492.0
2024-01-23,2.133,2.194,2.079,2.167,141103.0
2024-01-24,2.213,2.29,2.19,2.262,182130.0
2024-01-25,2.288,2.334,2.158,2.18,188522.0
2024-01-26,2.19,2.235,2.093,2.175,214990.0
2024-01-29,2.159,2.166,2.047,2.054,164621.0
2024-01-30,2.06,2.119,2.046,2.077,139745.0
2024-01-31,2.09,2.158,2.037,2.1,142856.0
2024-02-01,2.134,2.168,2.033,2.05,161340.0
2024-02-02,2.054,2.1,2.021,2.079,125062.0
2024-02-05,2.11,2.127,2.041,2.082,136031.0
2024-02-06,2.068,2.102,1.997,2.009,137680.0
2024-02-07,2.003,2.04,1.956,1.967,204064.0
2024-02-08,1.97,1.993,1.867,1.917,237169.0
2024-02-09,1.885,1.885,1.817,1.847,247314.0
2024-02-12,1.805,1.863,1.732,1.768,242152.0
2024-02-13,1.754,1.786,1.654,1.689,286586.0
2024-02-14,1.669,1.685,1.59,1.609,208956.0
2024-02-15,1.611,1.669,1.573,1.581,183342.0
2024-02-16,1.589,1.637,1.575,1.609,170384.0
2024-02-20,1.533,1.709,1.522,1.576,201471.0
2024-02-21,1.719,1.792,1.677,1.773,170658.0
2024-02-22,1.784,1.784,1.661,1.732,87803.0
2024-02-23,1.722,1.722,1.581,1.603,47590.0
2024-02-26,1.66,1.73,1.594,1.659,110505.0
2024-02-27,1.625,1.72,1.511,1.615,3637.0
