DATETIME,OPEN,HIGH,LOW,FINAL,VOLUME
2016-05-27,3.932,3.932,3.932,3.932,0.0
2016-05-31,3.933,3.933,3.933,3.933,0.0
2016-06-01,3.931,3.931,3.931,3.931,0.0
2016-06-02,3.918,3.918,3.918,3.918,0.0
2016-06-03,3.908,3.908,3.908,3.908,0.0
2016-06-06,3.902,3.902,3.902,3.902,0.0
2016-06-07,3.926,3.926,3.926,3.926,0.0
2016-06-08,3.913,3.913,3.913,3.913,0.0
2016-06-09,3.911,3.911,3.911,3.911,0.0
2016-06-10,3.886,3.886,3.886,3.886,0.0
2016-06-13,3.847,3.847,3.847,3.847,0.0
2016-06-14,3.842,3.842,3.842,3.842,0.0
2016-06-15,3.842,3.842,3.842,3.842,0.0
2016-06-16,3.832,3.832,3.832,3.832,0.0
2016-06-17,3.809,3.809,3.809,3.809,0.0
2016-06-20,3.799,3.799,3.799,3.799,0.0
2016-06-21,3.782,3.782,3.782,3.782,0.0
2016-06-22,3.789,3.789,3.789,3.789,0.0
2016-06-23,3.81,3.81,3.81,3.81,0.0
2016-06-24,3.828,3.828,3.828,3.828,0.0
2016-06-27,3.779,3.779,3.779,3.779,0.0
2016-06-28,3.838,3.838,3.838,3.838,0.0
2016-06-29,3.839,3.839,3.839,3.839,0.0
2016-06-30,3.852,3.852,3.852,3.852,0.0
2016-07-01,3.853,3.853,3.853,3.853,0.0
2016-07-05,3.851,3.851,3.851,3.851,0.0
2016-07-06,3.873,3.873,3.873,3.873,0.0
2016-07-07,3.871,3.871,3.871,3.871,0.0
2016-07-08,3.878,3.878,3.878,3.878,0.0
2016-07-11,3.874,3.874,3.874,3.874,0.0
2016-07-12,3.86,3.86,3.86,3.86,0.0
2016-07-13,3.88,3.88,3.88,3.88,0.0
2016-07-14,3.878,3.878,3.878,3.878,0.0
2016-07-15,3.865,3.865,3.865,3.865,0.0
2016-07-18,3.85,3.85,3.85,3.85,0.0
2016-07-19,3.84,3.84,3.84,3.84,0.0
2016-07-20,3.829,3.829,3.829,3.829,0.0
2016-07-21,3.834,3.834,3.834,3.834,0.0
2016-07-22,3.838,3.838,3.838,3.838,0.0
2016-07-25,3.844,3.844,3.844,3.844,0.0
2016-07-26,3.842,3.842,3.842,3.842,0.0
2016-07-27,3.835,3.835,3.835,3.835,0.0
2016-07-28,3.848,3.848,3.848,3.848,0.0
2016-07-29,3.853,3.853,3.853,3.853,0.0
2016-08-01,3.851,3.851,3.851,3.851,0.0
2016-08-02,3.85,3.85,3.85,3.85,0.0
2016-08-03,3.851,3.851,3.851,3.851,0.0
2016-08-04,3.88,3.88,3.88,3.88,0.0
2016-08-05,3.878,3.878,3.878,3.878,0.0
2016-08-08,3.877,3.877,3.877,3.877,0.0
2016-08-09,3.874,3.874,3.874,3.874,0.0
2016-08-10,3.855,3.855,3.855,3.855,0.0
2016-08-11,3.844,3.844,3.844,3.844,0.0
2016-08-12,3.841,3.841,3.841,3.841,0.0
2016-08-15,3.834,3.834,3.834,3.834,0.0
2016-08-16,3.847,3.847,3.847,3.847,0.0
2016-08-17,3.882,3.882,3.882,3.882,0.0
2016-08-18,3.881,3.881,3.881,3.881,0.0
2016-08-19,3.892,3.892,3.892,3.892,0.0
2016-08-22,3.892,3.892,3.892,3.892,0.0
2016-08-23,3.915,3.915,3.915,3.915,0.0
2016-08-24,3.939,3.939,3.939,3.939,0.0
2016-08-25,3.885,3.885,3.885,3.885,0.0
2016-08-26,3.845,3.845,3.845,3.845,0.0
2016-08-29,3.828,3.828,3.828,3.828,0.0
2016-08-30,3.818,3.818,3.818,3.818,0.0
2016-08-31,3.844,3.844,3.844,3.844,0.0
2016-09-01,3.803,3.803,3.803,3.803,0.0
2016-09-02,3.784,3.784,3.784,3.784,0.0
2016-09-06,3.785,3.785,3.785,3.785,0.0
2016-09-07,3.761,3.761,3.761,3.761,0.0
2016-09-08,3.749,3.749,3.749,3.749,0.0
2016-09-09,3.7,3.7,3.7,3.7,0.0
2016-09-12,3.702,3.702,3.702,3.702,0.0
2016-09-13,3.676,3.676,3.676,3.676,0.0
2016-09-14,3.693,3.693,3.693,3.693,0.0
2016-09-15,3.698,3.698,3.698,3.698,0.0
2016-09-16,3.679,3.679,3.679,3.679,0.0
2016-09-19,3.657,3.657,3.657,3.657,0.0
2016-09-20,3.667,3.667,3.667,3.667,0.0
2016-09-21,3.648,3.648,3.648,3.648,0.0
2016-09-22,3.611,3.611,3.611,3.611,0.0
2016-09-23,3.622,3.622,3.622,3.622,0.0
2016-09-26,3.633,3.633,3.633,3.633,0.0
2016-09-27,3.599,3.599,3.599,3.599,0.0
2016-09-28,3.573,3.573,3.573,3.573,0.0
2016-09-29,3.532,3.532,3.532,3.532,0.0
2016-09-30,3.528,3.528,3.528,3.528,0.0
2016-10-03,3.519,3.519,3.519,3.519,0.0
2016-10-04,3.493,3.493,3.493,3.493,0.0
2016-10-05,3.509,3.509,3.509,3.509,0.0
2016-10-06,3.511,3.511,3.511,3.511,0.0
2016-10-07,3.525,3.525,3.525,3.525,0.0
2016-10-10,3.516,3.516,3.516,3.516,0.0
2016-10-11,3.614,3.614,3.614,3.614,0.0
2016-10-12,3.583,3.583,3.583,3.583,0.0
2016-10-13,3.595,3.595,3.595,3.595,0.0
2016-10-14,3.592,3.592,3.592,3.592,0.0
2016-10-17,3.599,3.599,3.599,3.599,0.0
2016-10-18,3.601,3.601,3.601,3.601,0.0
2016-10-19,3.593,3.593,3.593,3.593,0.0
2016-10-20,3.613,3.613,3.613,3.613,0.0
2016-10-21,3.613,3.613,3.613,3.613,0.0
2016-10-24,3.608,3.608,3.608,3.608,0.0
2016-10-25,3.598,3.598,3.598,3.598,0.0
2016-10-26,3.606,3.606,3.606,3.606,0.0
2016-10-27,3.629,3.629,3.629,3.629,0.0
2016-10-28,3.642,3.642,3.642,3.642,0.0
2016-10-31,3.635,3.635,3.635,3.635,0.0
2016-11-01,3.641,3.641,3.641,3.641,0.0
2016-11-02,3.621,3.621,3.621,3.621,0.0
2016-11-03,3.647,3.647,3.647,3.647,0.0
2016-11-04,3.645,3.645,3.645,3.645,0.0
2016-11-07,3.66,3.66,3.66,3.66,0.0
2016-11-08,3.684,3.684,3.684,3.684,0.0
2016-11-09,3.664,3.664,3.664,3.664,0.0
2016-11-10,3.674,3.674,3.674,3.674,0.0
2016-11-11,3.649,3.649,3.649,3.649,0.0
2016-11-14,3.619,3.619,3.619,3.619,0.0
2016-11-15,3.579,3.579,3.579,3.579,0.0
2016-11-16,3.584,3.584,3.584,3.584,0.0
2016-11-17,3.599,3.599,3.599,3.599,0.0
2016-11-18,3.555,3.555,3.555,3.555,0.0
2016-11-21,3.531,3.531,3.531,3.531,0.0
2016-11-22,3.503,3.503,3.503,3.503,0.0
2016-11-23,3.471,3.471,3.471,3.471,0.0
2016-11-25,3.47,3.47,3.47,3.47,0.0
2016-11-28,3.413,3.413,3.413,3.413,0.0
2016-11-29,3.365,3.365,3.365,3.365,0.0
2016-11-30,3.311,3.311,3.311,3.311,0.0
2016-12-01,3.357,3.357,3.357,3.357,0.0
2016-12-02,3.347,3.347,3.347,3.347,0.0
2016-12-05,3.342,3.342,3.342,3.342,0.0
2016-12-06,3.34,3.34,3.34,3.34,0.0
2016-12-07,3.36,3.36,3.36,3.36,0.0
2016-12-08,3.394,3.394,3.394,3.394,0.0
2016-12-09,3.32,3.32,3.32,3.32,0.0
2016-12-12,3.308,3.308,3.308,3.308,0.0
2016-12-13,3.284,3.284,3.284,3.284,0.0
2016-12-14,3.236,3.236,3.236,3.236,0.0
2016-12-15,3.249,3.249,3.249,3.249,0.0
2016-12-16,3.273,3.273,3.273,3.273,0.0
2016-12-19,3.281,3.281,3.281,3.281,0.0
2016-12-20,3.253,3.253,3.253,3.253,0.0
2016-12-21,3.252,3.252,3.252,3.252,0.0
2016-12-22,3.215,3.215,3.215,3.215,0.0
2016-12-23,3.21,3.21,3.21,3.21,0.0
2016-12-27,3.228,3.228,3.228,3.228,0.0
2016-12-28,3.238,3.238,3.238,3.238,0.0
2016-12-29,3.248,3.248,3.248,3.248,0.0
2016-12-30,3.251,3.251,3.251,3.251,0.0
2017-01-03,3.24,3.24,3.24,3.24,0.0
2017-01-04,3.238,3.238,3.238,3.238,0.0
2017-01-05,3.25,3.25,3.25,3.25,0.0
2017-01-06,3.209,3.209,3.209,3.209,0.0
2017-01-09,3.185,3.185,3.185,3.185,0.0
2017-01-10,3.188,3.188,3.188,3.188,0.0
2017-01-11,3.132,3.132,3.132,3.132,0.0
2017-01-12,3.097,3.097,3.097,3.097,0.0
2017-01-13,3.027,3.027,3.027,3.027,0.0
2017-01-17,3.029,3.029,3.029,3.029,0.0
2017-01-18,3.019,3.019,3.019,3.019,0.0
2017-01-19,2.961,2.961,2.961,2.961,0.0
2017-01-20,2.968,2.968,2.968,2.968,0.0
2017-01-23,2.971,2.971,2.971,2.971,0.0
2017-01-24,2.961,2.961,2.961,2.961,0.0
2017-01-25,2.947,2.947,2.947,2.947,0.0
2017-01-26,2.929,2.929,2.929,2.929,0.0
2017-01-27,2.916,2.916,2.916,2.916,0.0
2017-01-30,2.928,2.928,2.928,2.928,0.0
2017-01-31,2.93,2.93,2.93,2.93,0.0
2017-02-01,2.915,2.915,2.915,2.915,0.0
2017-02-02,2.918,2.918,2.918,2.918,0.0
2017-02-03,2.901,2.901,2.901,2.901,0.0
2017-02-06,2.891,2.891,2.891,2.891,0.0
2017-02-07,2.907,2.907,2.907,2.907,0.0
2017-02-08,2.913,2.913,2.913,2.913,0.0
2017-02-09,2.906,2.906,2.906,2.906,0.0
2017-02-10,2.886,2.886,2.886,2.886,0.0
2017-02-13,2.856,2.856,2.856,2.856,0.0
2017-02-14,2.846,2.846,2.846,2.846,0.0
2017-02-15,2.848,2.848,2.848,2.848,0.0
2017-02-16,2.862,2.862,2.862,2.862,0.0
2017-02-17,2.863,2.863,2.863,2.863,0.0
2017-02-21,2.856,2.856,2.856,2.856,0.0
2017-02-22,2.858,2.858,2.858,2.858,0.0
2017-02-23,2.859,2.859,2.859,2.859,0.0
2017-02-24,2.831,2.831,2.831,2.831,0.0
2017-02-27,2.832,2.832,2.832,2.832,0.0
2017-02-28,2.828,2.828,2.828,2.828,0.0
2017-03-01,2.84,2.84,2.84,2.84,0.0
2017-03-02,2.835,2.835,2.835,2.835,0.0
2017-03-03,2.848,2.848,2.848,2.848,0.0
2017-03-06,2.87,2.87,2.87,2.87,0.0
2017-03-07,2.85,2.85,2.85,2.85,0.0
2017-03-08,2.843,2.843,2.843,2.843,0.0
2017-03-09,2.836,2.836,2.836,2.836,0.0
2017-03-10,2.823,2.823,2.823,2.823,0.0
2017-03-13,2.828,2.828,2.828,2.828,0.0
2017-03-14,2.833,2.833,2.833,2.833,0.0
2017-03-15,2.853,2.853,2.853,2.853,0.0
2017-03-16,2.874,2.874,2.874,2.874,0.0
2017-03-17,2.879,2.879,2.879,2.879,0.0
2017-03-20,2.882,2.882,2.882,2.882,0.0
2017-03-21,2.895,2.895,2.895,2.895,0.0
2017-03-22,2.897,2.897,2.897,2.897,0.0
2017-03-23,2.892,2.892,2.892,2.892,0.0
2017-03-24,2.86,2.86,2.86,2.86,0.0
2017-03-27,2.85,2.85,2.85,2.85,0.0
2017-03-28,2.841,2.841,2.841,2.841,0.0
2017-03-29,2.849,2.849,2.849,2.849,0.0
2017-03-30,2.852,2.852,2.852,2.852,0.0
2017-03-31,2.853,2.853,2.853,2.853,0.0
2017-04-03,2.86,2.86,2.86,2.86,0.0
2017-04-04,2.873,2.873,2.873,2.873,0.0
2017-04-05,2.892,2.892,2.892,2.892,0.0
2017-04-06,2.877,2.877,2.877,2.877,0.0
2017-04-07,2.891,2.891,2.891,2.891,0.0
2017-04-10,2.9,2.9,2.9,2.9,0.0
2017-04-11,2.931,2.931,2.931,2.931,0.0
2017-04-12,2.932,2.932,2.932,2.932,0.0
2017-04-13,2.95,2.95,2.95,2.95,0.0
2017-04-17,2.939,2.939,2.939,2.939,0.0
2017-04-18,2.969,2.969,2.969,2.969,0.0
2017-04-19,2.98,2.98,2.98,2.98,0.0
2017-04-20,3.014,3.014,3.014,3.014,0.0
2017-04-21,3.015,3.015,3.015,3.015,0.0
2017-04-24,2.974,2.974,2.974,2.974,0.0
2017-04-25,2.974,2.974,2.974,2.974,0.0
2017-04-26,2.965,2.965,2.965,2.965,0.0
2017-04-27,2.956,2.956,2.956,2.956,0.0
2017-04-28,2.972,2.972,2.972,2.972,0.0
2017-05-01,2.947,2.947,2.947,2.947,0.0
2017-05-02,2.948,2.948,2.948,2.948,0.0
2017-05-03,2.967,2.967,2.967,2.967,0.0
2017-05-04,3.01,3.01,3.01,3.01,0.0
2017-05-05,3.01,3.01,3.01,3.01,0.0
2017-05-08,3.001,3.001,3.001,3.001,0.0
2017-05-09,3.004,3.004,3.004,3.004,0.0
2017-05-10,3.005,3.005,3.005,3.005,0.0
2017-05-11,3.039,3.039,3.039,3.039,0.0
2017-05-12,3.043,3.043,3.043,3.043,0.0
2017-05-15,3.037,3.037,3.037,3.037,0.0
2017-05-16,3.054,3.054,3.054,3.054,0.0
2017-05-17,3.05,3.05,3.05,3.05,0.0
2017-05-18,3.037,3.037,3.037,3.037,0.0
2017-05-19,3.027,3.027,3.027,3.027,0.0
2017-05-22,3.029,3.029,3.029,3.029,0.0
2017-05-23,3.101,3.101,3.101,3.101,0.0
2017-05-24,3.103,3.103,3.103,3.103,0.0
2017-05-25,3.086,3.086,3.086,3.086,0.0
2017-05-26,3.071,3.071,3.071,3.071,0.0
2017-05-30,3.044,3.044,3.044,3.044,0.0
2017-05-31,3.04,3.04,3.04,3.04,0.0
2017-06-01,3.042,3.042,3.042,3.042,0.0
2017-06-02,3.032,3.032,3.032,3.032,0.0
2017-06-05,3.002,3.002,3.002,3.002,0.0
2017-06-06,2.944,2.944,2.944,2.944,0.0
2017-06-07,2.955,2.955,2.955,2.955,0.0
2017-06-08,2.973,2.973,2.973,2.973,0.0
2017-06-09,2.97,2.97,2.97,2.97,0.0
2017-06-12,2.972,2.972,2.972,2.972,0.0
2017-06-13,2.972,2.972,2.972,2.972,0.0
2017-06-14,2.961,2.961,2.961,2.961,0.0
2017-06-15,2.989,2.989,2.989,2.989,0.0
2017-06-16,2.978,2.978,2.978,2.978,0.0
2017-06-19,3.001,3.001,3.001,3.001,0.0
2017-06-20,3.039,3.039,3.039,3.039,0.0
2017-06-21,3.055,3.055,3.055,3.055,0.0
2017-06-22,3.049,3.049,3.049,3.049,0.0
2017-06-23,3.046,3.046,3.046,3.046,0.0
2017-06-26,3.021,3.021,3.021,3.021,0.0
2017-06-27,3.021,3.021,3.021,3.021,0.0
2017-06-28,3.011,3.011,3.011,3.011,0.0
2017-06-29,3.011,3.011,3.011,3.011,0.0
2017-06-30,3.024,3.024,3.024,3.024,0.0
2017-07-03,3.025,3.025,3.025,3.025,0.0
2017-07-05,3.002,3.002,3.002,3.002,0.0
2017-07-06,2.961,2.961,2.961,2.961,0.0
2017-07-07,2.956,2.956,2.956,2.956,0.0
2017-07-10,2.943,2.943,2.943,2.943,0.0
2017-07-11,2.94,2.94,2.94,2.94,0.0
2017-07-12,2.926,2.926,2.926,2.926,0.0
2017-07-13,2.939,2.939,2.939,2.939,0.0
2017-07-14,2.942,2.942,2.942,2.942,0.0
2017-07-17,2.935,2.935,2.935,2.935,0.0
2017-07-18,2.94,2.94,2.94,2.94,0.0
2017-07-19,2.925,2.925,2.925,2.925,0.0
2017-07-20,2.906,2.906,2.906,2.906,0.0
2017-07-21,2.904,2.904,2.904,2.904,0.0
2017-07-24,2.876,2.876,2.876,2.876,0.0
2017-07-25,2.852,2.852,2.852,2.852,0.0
2017-07-26,2.842,2.842,2.842,2.842,0.0
2017-07-27,2.843,2.843,2.843,2.843,0.0
2017-07-28,2.858,2.858,2.858,2.858,0.0
2017-07-31,2.839,2.839,2.839,2.839,0.0
2017-08-01,2.861,2.861,2.861,2.861,0.0
2017-08-02,2.87,2.87,2.87,2.87,0.0
2017-08-03,2.893,2.893,2.893,2.893,0.0
2017-08-04,2.903,2.903,2.903,2.903,0.0
2017-08-07,2.902,2.902,2.902,2.902,0.0
2017-08-08,2.885,2.885,2.885,2.885,0.0
2017-08-09,2.879,2.879,2.879,2.879,0.0
2017-08-10,2.876,2.876,2.876,2.876,0.0
2017-08-11,2.88,2.88,2.88,2.88,0.0
2017-08-14,2.876,2.876,2.876,2.876,0.0
2017-08-15,2.874,2.874,2.874,2.874,0.0
2017-08-16,2.864,2.864,2.864,2.864,0.0
2017-08-17,2.863,2.863,2.863,2.863,0.0
2017-08-18,2.863,2.863,2.863,2.863,0.0
2017-08-21,2.853,2.853,2.853,2.853,0.0
2017-08-22,2.845,2.845,2.845,2.845,0.0
2017-08-23,2.843,2.843,2.843,2.843,0.0
2017-08-24,2.796,2.796,2.796,2.796,0.0
2017-08-25,2.783,2.783,2.783,2.783,0.0
2017-08-28,2.796,2.796,2.796,2.796,0.0
2017-08-29,2.798,2.798,2.798,2.798,0.0
2017-08-30,2.803,2.803,2.803,2.803,0.0
2017-08-31,2.811,2.811,2.811,2.811,0.0
2017-09-01,2.812,2.812,2.812,2.812,0.0
2017-09-05,2.808,2.808,2.808,2.808,0.0
2017-09-06,2.769,2.769,2.769,2.769,0.0
2017-09-07,2.803,2.803,2.803,2.803,0.0
2017-09-08,2.807,2.807,2.807,2.807,0.0
2017-09-11,2.818,2.818,2.818,2.818,0.0
2017-09-12,2.803,2.803,2.803,2.803,0.0
2017-09-13,2.789,2.789,2.789,2.789,0.0
2017-09-14,2.784,2.784,2.784,2.784,0.0
2017-09-15,2.789,2.789,2.789,2.789,0.0
2017-09-18,2.799,2.799,2.799,2.799,0.0
2017-09-19,2.787,2.787,2.787,2.787,0.0
2017-09-20,2.777,2.777,2.777,2.777,0.0
2017-09-21,2.768,2.768,2.768,2.768,0.0
2017-09-22,2.782,2.782,2.782,2.782,0.0
2017-09-25,2.765,2.765,2.765,2.765,0.0
2017-09-26,2.775,2.775,2.775,2.775,0.0
2017-09-27,2.786,2.786,2.786,2.786,0.0
2017-09-28,2.785,2.785,2.785,2.785,0.0
2017-09-29,2.782,2.782,2.782,2.782,0.0
2017-10-02,2.795,2.795,2.795,2.795,0.0
2017-10-03,2.804,2.804,2.804,2.804,0.0
2017-10-04,2.803,2.803,2.803,2.803,0.0
2017-10-05,2.812,2.812,2.812,2.812,0.0
2017-10-06,2.804,2.804,2.804,2.804,0.0
2017-10-09,2.814,2.814,2.814,2.814,0.0
2017-10-10,2.804,2.804,2.804,2.804,0.0
2017-10-11,2.79,2.79,2.79,2.79,0.0
2017-10-12,2.834,2.834,2.834,2.834,0.0
2017-10-13,2.857,2.857,2.857,2.857,0.0
2017-10-16,2.898,2.898,2.898,2.898,0.0
2017-10-17,2.945,2.945,2.945,2.945,0.0
2017-10-18,2.949,2.949,2.949,2.949,0.0
2017-10-19,2.971,2.971,2.971,2.971,0.0
2017-10-20,3.011,3.011,3.011,3.011,0.0
2017-10-23,2.991,2.991,2.991,2.991,0.0
2017-10-24,2.99,2.99,2.99,2.99,0.0
2017-10-25,2.991,2.991,2.991,2.991,0.0
2017-10-26,2.984,2.984,2.984,2.984,0.0
2017-10-27,2.964,2.964,2.964,2.964,0.0
2017-10-30,2.999,2.999,2.999,2.999,0.0
2017-10-31,2.996,2.996,2.996,2.996,0.0
2017-11-01,3.006,3.006,3.006,3.006,0.0
2017-11-02,2.988,2.988,2.988,2.988,0.0
2017-11-03,2.982,2.982,2.982,2.982,0.0
2017-11-06,2.977,2.977,2.977,2.977,0.0
2017-11-07,2.976,2.976,2.976,2.976,0.0
2017-11-08,2.974,2.974,2.974,2.974,0.0
2017-11-09,3.005,3.005,3.005,3.005,0.0
2017-11-10,2.987,2.987,2.987,2.987,0.0
2017-11-13,2.966,2.966,2.966,2.966,0.0
2017-11-14,2.956,2.956,2.956,2.956,0.0
2017-11-15,2.946,2.946,2.946,2.946,0.0
2017-11-16,2.95,2.95,2.95,2.95,0.0
2017-11-17,2.948,2.948,2.948,2.948,0.0
2017-11-20,2.941,2.941,2.941,2.941,0.0
2017-11-21,2.939,2.939,2.939,2.939,0.0
2017-11-22,2.926,2.926,2.926,2.926,0.0
2017-11-24,2.927,2.927,2.927,2.927,0.0
2017-11-27,2.929,2.929,2.929,2.929,0.0
2017-11-28,2.931,2.931,2.931,2.931,0.0
2017-11-29,2.935,2.935,2.935,2.935,0.0
2017-11-30,2.931,2.931,2.931,2.931,0.0
2017-12-01,2.897,2.897,2.897,2.897,0.0
2017-12-04,2.876,2.876,2.876,2.876,0.0
2017-12-05,2.865,2.865,2.865,2.865,0.0
2017-12-06,2.847,2.847,2.847,2.847,0.0
2017-12-07,2.853,2.853,2.853,2.853,0.0
2017-12-08,2.849,2.849,2.849,2.849,0.0
2017-12-11,2.842,2.842,2.842,2.842,0.0
2017-12-12,2.852,2.852,2.852,2.852,0.0
2017-12-13,2.877,2.877,2.877,2.877,0.0
2017-12-14,2.888,2.888,2.888,2.888,0.0
2017-12-15,2.896,2.896,2.896,2.896,0.0
2017-12-18,2.916,2.916,2.916,2.916,0.0
2017-12-19,2.918,2.918,2.918,2.918,0.0
2017-12-20,2.904,2.904,2.904,2.904,0.0
2017-12-21,2.921,2.921,2.921,2.921,0.0
2017-12-22,2.944,2.944,2.944,2.944,0.0
2017-12-26,2.945,2.945,2.945,2.945,0.0
2017-12-27,2.92,2.92,2.92,2.92,0.0
2017-12-28,2.889,2.889,2.889,2.889,0.0
2017-12-29,2.894,2.894,2.894,2.894,0.0
2018-01-02,2.887,2.887,2.887,2.887,0.0
2018-01-03,2.888,2.888,2.888,2.888,0.0
2018-01-04,2.92,2.92,2.92,2.92,0.0
2018-01-05,2.906,2.906,2.906,2.906,0.0
2018-01-08,2.901,2.901,2.901,2.901,0.0
2018-01-09,2.886,2.886,2.886,2.886,0.0
2018-01-10,2.879,2.879,2.879,2.879,0.0
2018-01-11,2.891,2.891,2.891,2.891,0.0
2018-01-12,2.878,2.878,2.878,2.878,0.0
2018-01-16,2.841,2.841,2.841,2.841,0.0
2018-01-17,2.835,2.835,2.835,2.835,0.0
2018-01-18,2.833,2.833,2.833,2.833,0.0
2018-01-19,2.843,2.843,2.843,2.843,0.0
2018-01-22,2.862,2.862,2.862,2.862,0.0
2018-01-23,2.874,2.874,2.874,2.874,0.0
2018-01-24,2.892,2.892,2.892,2.892,0.0
2018-01-25,2.927,2.927,2.927,2.927,0.0
2018-01-26,2.893,2.893,2.893,2.893,0.0
2018-01-29,2.895,2.895,2.895,2.895,0.0
2018-01-30,2.906,2.906,2.906,2.906,0.0
2018-01-31,2.875,2.875,2.875,2.875,0.0
2018-02-01,2.881,2.881,2.881,2.881,0.0
2018-02-02,2.903,2.903,2.903,2.903,0.0
2018-02-05,2.925,2.925,2.925,2.925,0.0
2018-02-06,2.912,2.912,2.912,2.912,0.0
2018-02-07,2.883,2.883,2.883,2.883,0.0
2018-02-08,2.896,2.896,2.896,2.896,0.0
2018-02-09,2.862,2.862,2.862,2.862,0.0
2018-02-12,2.857,2.857,2.857,2.857,0.0
2018-02-13,2.859,2.859,2.859,2.859,0.0
2018-02-14,2.857,2.857,2.857,2.857,0.0
2018-02-15,2.853,2.853,2.853,2.853,0.0
2018-02-16,2.874,2.874,2.874,2.874,0.0
2018-02-20,2.874,2.874,2.874,2.874,0.0
2018-02-21,2.892,2.892,2.892,2.892,0.0
2018-02-22,2.899,2.899,2.899,2.899,0.0
2018-02-23,2.891,2.891,2.891,2.891,0.0
2018-02-26,2.895,2.895,2.895,2.895,0.0
2018-02-27,2.898,2.898,2.898,2.898,0.0
2018-02-28,2.868,2.868,2.868,2.868,0.0
2018-03-01,2.893,2.893,2.893,2.893,0.0
2018-03-02,2.91,2.91,2.91,2.91,0.0
2018-03-05,2.928,2.928,2.928,2.928,0.0
2018-03-06,2.937,2.937,2.937,2.937,0.0
2018-03-07,2.928,2.928,2.928,2.928,0.0
2018-03-08,2.883,2.883,2.883,2.883,0.0
2018-03-09,2.85,2.85,2.85,2.85,0.0
2018-03-12,2.857,2.857,2.857,2.857,0.0
2018-03-13,2.864,2.864,2.864,2.864,0.0
2018-03-14,2.886,2.886,2.886,2.886,0.0
2018-03-15,2.944,2.944,2.944,2.944,0.0
2018-03-16,2.954,2.954,2.954,2.954,0.0
2018-03-19,2.944,2.944,2.944,2.944,0.0
2018-03-20,2.949,2.949,2.949,2.949,0.0
2018-03-21,2.957,2.957,2.957,2.957,0.0
2018-03-22,2.945,2.945,2.945,2.945,0.0
2018-03-23,2.87,2.87,2.87,2.87,0.0
2018-03-26,2.898,2.898,2.898,2.898,0.0
2018-03-27,2.908,2.908,2.908,2.908,0.0
2018-03-28,2.922,2.922,2.922,2.922,0.0
2018-03-29,2.96,2.96,2.96,2.96,0.0
2018-04-02,2.942,2.942,2.942,2.942,0.0
2018-04-03,2.92,2.92,2.92,2.92,0.0
2018-04-04,2.894,2.894,2.894,2.894,0.0
2018-04-05,2.91,2.91,2.91,2.91,0.0
2018-04-06,2.904,2.904,2.904,2.904,0.0
2018-04-09,2.893,2.893,2.893,2.893,0.0
2018-04-10,2.902,2.902,2.902,2.902,0.0
2018-04-11,2.923,2.923,2.923,2.923,0.0
2018-04-12,2.939,2.939,2.939,2.939,0.0
2018-04-13,2.932,2.932,2.932,2.932,0.0
2018-04-16,2.934,2.934,2.934,2.934,0.0
2018-04-17,2.914,2.914,2.914,2.914,0.0
2018-04-18,2.907,2.907,2.907,2.907,0.0
2018-04-19,2.904,2.904,2.904,2.904,0.0
2018-04-20,2.912,2.912,2.912,2.912,0.0
2018-04-23,2.913,2.913,2.913,2.913,0.0
2018-04-24,2.909,2.909,2.909,2.909,0.0
2018-04-25,2.9,2.9,2.9,2.9,0.0
2018-04-26,2.894,2.894,2.894,2.894,0.0
2018-04-27,2.896,2.896,2.896,2.896,0.0
2018-04-30,2.893,2.893,2.893,2.893,0.0
2018-05-01,2.873,2.873,2.873,2.873,0.0
2018-05-02,2.885,2.885,2.885,2.885,0.0
2018-05-03,2.888,2.888,2.888,2.888,0.0
2018-05-04,2.886,2.886,2.886,2.886,0.0
2018-05-07,2.884,2.884,2.884,2.884,0.0
2018-05-08,2.839,2.839,2.839,2.839,0.0
2018-05-09,2.825,2.825,2.825,2.825,0.0
2018-05-10,2.821,2.821,2.821,2.821,0.0
2018-05-11,2.824,2.824,2.824,2.824,0.0
2018-05-14,2.823,2.823,2.823,2.823,0.0
2018-05-15,2.848,2.848,2.848,2.848,0.0
2018-05-16,2.832,2.832,2.832,2.832,0.0
2018-05-17,2.839,2.839,2.839,2.839,0.0
2018-05-18,2.854,2.854,2.854,2.854,0.0
2018-05-21,2.849,2.849,2.849,2.849,0.0
2018-05-22,2.846,2.846,2.846,2.846,0.0
2018-05-23,2.823,2.823,2.823,2.823,0.0
2018-05-24,2.817,2.817,2.817,2.817,0.0
2018-05-25,2.789,2.789,2.789,2.789,0.0
2018-05-29,2.766,2.766,2.766,2.766,0.0
2018-05-30,2.777,2.777,2.777,2.777,0.0
2018-05-31,2.745,2.745,2.745,2.745,0.0
2018-06-01,2.731,2.731,2.731,2.731,0.0
2018-06-04,2.744,2.744,2.744,2.744,0.0
2018-06-05,2.759,2.759,2.759,2.759,0.0
2018-06-06,2.758,2.758,2.758,2.758,0.0
2018-06-07,2.756,2.756,2.756,2.756,0.0
2018-06-08,2.758,2.758,2.758,2.758,0.0
2018-06-11,2.749,2.749,2.749,2.749,0.0
2018-06-12,2.763,2.763,2.763,2.763,0.0
2018-06-13,2.784,2.784,2.784,2.784,0.0
2018-06-14,2.796,2.796,2.796,2.796,0.0
2018-06-15,2.801,2.801,2.801,2.801,0.0
2018-06-18,2.832,2.832,2.832,2.832,0.0
2018-06-19,2.835,2.835,2.835,2.835,0.0
2018-06-20,2.834,2.834,2.834,2.834,0.0
2018-06-21,2.811,2.811,2.811,2.811,0.0
2018-06-22,2.813,2.813,2.813,2.813,0.0
2018-06-25,2.809,2.809,2.809,2.809,0.0
2018-06-26,2.806,2.806,2.806,2.806,0.0
2018-06-27,2.809,2.809,2.809,2.809,0.0
2018-06-28,2.795,2.795,2.795,2.795,0.0
2018-06-29,2.792,2.792,2.792,2.792,0.0
2018-07-02,2.783,2.783,2.783,2.783,0.0
2018-07-03,2.78,2.78,2.78,2.78,0.0
2018-07-05,2.782,2.782,2.782,2.782,0.0
2018-07-06,2.781,2.781,2.781,2.781,0.0
2018-07-09,2.772,2.772,2.772,2.772,0.0
2018-07-10,2.776,2.776,2.776,2.776,0.0
2018-07-11,2.754,2.754,2.754,2.754,0.0
2018-07-12,2.751,2.751,2.751,2.751,0.0
2018-07-13,2.746,2.746,2.746,2.746,0.0
2018-07-16,2.713,2.713,2.713,2.713,0.0
2018-07-17,2.698,2.698,2.698,2.698,0.0
2018-07-18,2.691,2.691,2.691,2.691,0.0
2018-07-19,2.689,2.689,2.689,2.689,0.0
2018-07-20,2.695,2.695,2.695,2.695,0.0
2018-07-23,2.704,2.704,2.704,2.704,0.0
2018-07-24,2.718,2.718,2.718,2.718,0.0
2018-07-25,2.747,2.747,2.747,2.747,0.0
2018-07-26,2.743,2.743,2.743,2.743,0.0
2018-07-27,2.762,2.762,2.762,2.762,0.0
2018-07-30,2.766,2.766,2.766,2.766,0.0
2018-07-31,2.769,2.769,2.769,2.769,0.0
2018-08-01,2.739,2.739,2.739,2.739,0.0
2018-08-02,2.743,2.743,2.743,2.743,0.0
2018-08-03,2.743,2.743,2.743,2.743,0.0
2018-08-06,2.734,2.734,2.734,2.734,0.0
2018-08-07,2.762,2.762,2.762,2.762,0.0
2018-08-08,2.775,2.775,2.775,2.775,0.0
2018-08-09,2.772,2.772,2.772,2.772,0.0
2018-08-10,2.773,2.773,2.773,2.773,0.0
2018-08-13,2.774,2.774,2.774,2.774,0.0
2018-08-14,2.773,2.773,2.773,2.773,0.0
2018-08-15,2.774,2.774,2.774,2.774,0.0
2018-08-16,2.764,2.764,2.764,2.764,0.0
2018-08-17,2.766,2.766,2.766,2.766,0.0
2018-08-20,2.765,2.765,2.765,2.765,0.0
2018-08-21,2.79,2.79,2.79,2.79,0.0
2018-08-22,2.777,2.777,2.777,2.777,0.0
2018-08-23,2.774,2.774,2.774,2.774,0.0
2018-08-24,2.758,2.758,2.758,2.758,0.0
2018-08-27,2.727,2.727,2.727,2.727,0.0
2018-08-28,2.703,2.703,2.703,2.703,0.0
2018-08-29,2.707,2.707,2.707,2.707,0.0
2018-08-30,2.688,2.688,2.688,2.688,0.0
2018-08-31,2.702,2.702,2.702,2.702,0.0
2018-09-04,2.685,2.685,2.685,2.685,0.0
2018-09-05,2.69,2.69,2.69,2.69,0.0
2018-09-06,2.709,2.709,2.709,2.709,0.0
2018-09-07,2.708,2.708,2.708,2.708,0.0
2018-09-10,2.714,2.714,2.714,2.714,0.0
2018-09-11,2.711,2.711,2.711,2.711,0.0
2018-09-12,2.721,2.721,2.721,2.721,0.0
2018-09-13,2.737,2.737,2.737,2.737,0.0
2018-09-14,2.742,2.742,2.742,2.742,0.0
2018-09-17,2.746,2.746,2.746,2.746,0.0
2018-09-18,2.749,2.749,2.749,2.749,0.0
2018-09-19,2.746,2.746,2.746,2.746,0.0
2018-09-20,2.75,2.75,2.75,2.75,0.0
2018-09-21,2.748,2.748,2.748,2.748,0.0
2018-09-24,2.746,2.746,2.746,2.746,0.0
2018-09-25,2.748,2.748,2.748,2.748,0.0
2018-09-26,2.757,2.757,2.757,2.757,0.0
2018-09-27,2.758,2.758,2.758,2.758,0.0
2018-09-28,2.758,2.758,2.758,2.758,0.0
2018-10-01,2.763,2.763,2.763,2.763,0.0
2018-10-02,2.761,2.761,2.761,2.761,0.0
2018-10-03,2.76,2.76,2.76,2.76,0.0
2018-10-04,2.761,2.761,2.761,2.761,0.0
2018-10-05,2.764,2.764,2.764,2.764,0.0
2018-10-08,2.769,2.769,2.769,2.769,0.0
2018-10-09,2.764,2.764,2.764,2.764,0.0
2018-10-10,2.76,2.76,2.76,2.76,0.0
2018-10-11,2.785,2.785,2.785,2.785,0.0
2018-10-12,2.797,2.797,2.797,2.797,0.0
2018-10-15,2.796,2.796,2.796,2.796,0.0
2018-10-16,2.821,2.821,2.821,2.821,0.0
2018-10-17,2.816,2.816,2.816,2.816,0.0
2018-10-18,2.815,2.815,2.815,2.815,0.0
2018-10-19,2.812,2.812,2.812,2.812,0.0
2018-10-22,2.813,2.813,2.813,2.813,0.0
2018-10-23,2.812,2.812,2.812,2.812,0.0
2018-10-24,2.809,2.809,2.809,2.809,0.0
2018-10-25,2.799,2.799,2.799,2.799,0.0
2018-10-26,2.801,2.801,2.801,2.801,0.0
2018-10-29,2.802,2.802,2.802,2.802,0.0
2018-10-30,2.82,2.82,2.82,2.82,0.0
2018-10-31,2.819,2.819,2.819,2.819,0.0
2018-11-01,2.824,2.824,2.824,2.824,0.0
2018-11-02,2.831,2.831,2.831,2.831,0.0
2018-11-05,2.845,2.845,2.845,2.845,0.0
2018-11-06,2.861,2.861,2.861,2.861,0.0
2018-11-07,2.859,2.859,2.859,2.859,0.0
2018-11-08,2.86,2.86,2.86,2.86,0.0
2018-11-09,2.863,2.863,2.863,2.863,0.0
2018-11-12,2.886,2.886,2.886,2.886,0.0
2018-11-13,2.865,2.865,2.865,2.865,0.0
2018-11-14,2.849,2.849,2.849,2.849,0.0
2018-11-15,2.864,2.864,2.864,2.864,0.0
2018-11-16,2.835,2.835,2.835,2.835,0.0
2018-11-19,2.822,2.822,2.822,2.822,0.0
2018-11-20,2.82,2.82,2.82,2.82,0.0
2018-11-21,2.818,2.818,2.818,2.818,0.0
2018-11-23,2.843,2.843,2.843,2.843,0.0
2018-11-26,2.836,2.836,2.836,2.836,0.0
2018-11-27,2.832,2.832,2.832,2.832,0.0
2018-11-28,2.833,2.833,2.833,2.833,0.0
2018-11-29,2.868,2.868,2.868,2.868,0.0
2018-11-30,2.918,2.918,2.918,2.918,0.0
2018-12-03,2.89,2.89,2.89,2.89,0.0
2018-12-04,2.876,2.876,2.876,2.876,0.0
2018-12-05,2.867,2.867,2.867,2.867,0.0
2018-12-06,2.878,2.878,2.878,2.878,0.0
2018-12-07,2.885,2.885,2.885,2.885,0.0
2018-12-10,2.886,2.886,2.886,2.886,0.0
2018-12-11,2.861,2.861,2.861,2.861,0.0
2018-12-12,2.863,2.863,2.863,2.863,0.0
2018-12-13,2.831,2.831,2.831,2.831,0.0
2018-12-14,2.841,2.841,2.841,2.841,0.0
2018-12-17,2.84,2.84,2.84,2.84,0.0
2018-12-18,2.835,2.835,2.835,2.835,0.0
2018-12-19,2.858,2.858,2.858,2.858,0.0
2018-12-20,2.873,2.873,2.873,2.873,0.0
2018-12-21,2.876,2.876,2.876,2.876,0.0
2018-12-24,2.875,2.875,2.875,2.875,0.0
2018-12-26,2.872,2.872,2.872,2.872,0.0
2018-12-27,2.87,2.87,2.87,2.87,0.0
2018-12-28,2.867,2.867,2.867,2.867,0.0
2018-12-31,2.873,2.873,2.873,2.873,0.0
2019-01-02,2.873,2.873,2.873,2.873,0.0
2019-01-03,2.862,2.862,2.862,2.862,0.0
2019-01-04,2.866,2.866,2.866,2.866,0.0
2019-01-07,2.868,2.868,2.868,2.868,0.0
2019-01-08,2.859,2.859,2.859,2.859,0.0
2019-01-09,2.857,2.857,2.857,2.857,0.0
2019-01-10,2.854,2.854,2.854,2.854,0.0
2019-01-11,2.861,2.861,2.861,2.861,0.0
2019-01-14,2.86,2.86,2.86,2.86,0.0
2019-01-15,2.852,2.852,2.852,2.852,0.0
2019-01-16,2.821,2.821,2.821,2.821,0.0
2019-01-17,2.821,2.821,2.821,2.821,0.0
2019-01-18,2.834,2.834,2.834,2.834,0.0
2019-01-22,2.847,2.847,2.847,2.847,0.0
2019-01-23,2.827,2.827,2.827,2.827,0.0
2019-01-24,2.806,2.806,2.806,2.806,0.0
2019-01-25,2.851,2.851,2.851,2.851,0.0
2019-01-28,2.835,2.835,2.835,2.835,0.0
2019-01-29,2.838,2.838,2.838,2.838,0.0
2019-01-30,2.84,2.84,2.84,2.84,0.0
2019-01-31,2.841,2.841,2.841,2.841,0.0
2019-02-01,2.842,2.842,2.842,2.842,0.0
2019-02-04,2.829,2.829,2.829,2.829,0.0
2019-02-05,2.87,2.87,2.87,2.87,0.0
2019-02-06,2.867,2.867,2.867,2.867,0.0
2019-02-07,2.863,2.863,2.863,2.863,0.0
2019-02-08,2.865,2.865,2.865,2.865,0.0
2019-02-11,2.87,2.87,2.87,2.87,0.0
2019-02-12,2.878,2.878,2.878,2.878,0.0
2019-02-13,2.879,2.879,2.879,2.879,0.0
2019-02-14,2.883,2.883,2.883,2.883,0.0
2019-02-15,2.863,2.863,2.863,2.863,0.0
2019-02-19,2.854,2.854,2.854,2.854,0.0
2019-02-20,2.866,2.866,2.866,2.866,0.0
2019-02-21,2.853,2.853,2.853,2.853,0.0
2019-02-22,2.85,2.85,2.85,2.85,0.0
2019-02-25,2.842,2.842,2.842,2.842,0.0
2019-02-26,2.824,2.824,2.824,2.824,0.0
2019-02-27,2.86,2.86,2.86,2.86,0.0
2019-02-28,2.871,2.871,2.871,2.871,0.0
2019-03-01,2.87,2.87,2.87,2.87,0.0
2019-03-04,2.866,2.866,2.866,2.866,0.0
2019-03-05,2.864,2.864,2.864,2.864,0.0
2019-03-06,2.867,2.867,2.867,2.867,0.0
2019-03-07,2.872,2.872,2.872,2.872,0.0
2019-03-08,2.872,2.872,2.872,2.872,0.0
2019-03-11,2.899,2.899,2.899,2.899,0.0
2019-03-12,2.914,2.914,2.914,2.914,0.0
2019-03-13,2.923,2.923,2.923,2.923,0.0
2019-03-14,2.931,2.931,2.931,2.931,0.0
2019-03-15,2.932,2.932,2.932,2.932,0.0
2019-03-18,2.932,2.932,2.932,2.932,0.0
2019-03-19,2.933,2.933,2.933,2.933,0.0
2019-03-20,2.931,2.931,2.931,2.931,0.0
2019-03-21,2.941,2.941,2.941,2.941,0.0
2019-03-22,2.931,2.931,2.931,2.931,0.0
2019-03-25,2.93,2.93,2.93,2.93,0.0
2019-03-26,2.932,2.932,2.932,2.932,0.0
2019-03-27,2.923,2.923,2.923,2.923,0.0
2019-03-28,2.926,2.926,2.926,2.926,0.0
2019-03-29,2.925,2.925,2.925,2.925,0.0
2019-04-01,2.924,2.924,2.924,2.924,0.0
2019-04-02,2.931,2.931,2.931,2.931,0.0
2019-04-03,2.924,2.924,2.924,2.924,0.0
2019-04-04,2.95,2.95,2.95,2.95,0.0
2019-04-05,2.933,2.933,2.933,2.933,0.0
2019-04-08,2.936,2.936,2.936,2.936,0.0
2019-04-09,2.943,2.943,2.943,2.943,0.0
2019-04-10,2.921,2.921,2.921,2.921,0.0
2019-04-11,2.919,2.919,2.919,2.919,0.0
2019-04-12,2.919,2.919,2.919,2.919,0.0
2019-04-15,2.919,2.919,2.919,2.919,0.0
2019-04-16,2.92,2.92,2.92,2.92,0.0
2019-04-17,2.91,2.91,2.91,2.91,0.0
2019-04-18,2.895,2.895,2.895,2.895,0.0
2019-04-22,2.883,2.883,2.883,2.883,0.0
2019-04-23,2.878,2.878,2.878,2.878,0.0
2019-04-24,2.888,2.888,2.888,2.888,0.0
2019-04-25,2.898,2.898,2.898,2.898,0.0
2019-04-26,2.895,2.895,2.895,2.895,0.0
2019-04-29,2.902,2.902,2.902,2.902,0.0
2019-04-30,2.907,2.907,2.907,2.907,0.0
2019-05-01,2.909,2.909,2.909,2.909,0.0
2019-05-02,2.906,2.906,2.906,2.906,0.0
2019-05-03,2.915,2.915,2.915,2.915,0.0
2019-05-06,2.918,2.918,2.918,2.918,0.0
2019-05-07,2.918,2.918,2.918,2.918,0.0
2019-05-08,2.912,2.912,2.912,2.912,0.0
2019-05-09,2.919,2.919,2.919,2.919,0.0
2019-05-10,2.91,2.91,2.91,2.91,0.0
2019-05-13,2.913,2.913,2.913,2.913,0.0
2019-05-14,2.924,2.924,2.924,2.924,0.0
2019-05-15,2.921,2.921,2.921,2.921,0.0
2019-05-16,2.917,2.917,2.917,2.917,0.0
2019-05-17,2.921,2.921,2.921,2.921,0.0
2019-05-20,2.926,2.926,2.926,2.926,0.0
2019-05-21,2.929,2.929,2.929,2.929,0.0
2019-05-22,2.879,2.879,2.879,2.879,0.0
2019-05-23,2.891,2.891,2.891,2.891,0.0
2019-05-24,2.901,2.901,2.901,2.901,0.0
2019-05-28,2.909,2.909,2.909,2.909,0.0
2019-05-29,2.89,2.89,2.89,2.89,0.0
2019-05-30,2.888,2.888,2.888,2.888,0.0
2019-05-31,2.886,2.886,2.886,2.886,0.0
2019-06-03,2.874,2.874,2.874,2.874,0.0
2019-06-04,2.879,2.879,2.879,2.879,0.0
2019-06-05,2.867,2.867,2.867,2.867,0.0
2019-06-06,2.883,2.883,2.883,2.883,0.0
2019-06-07,2.884,2.884,2.884,2.884,0.0
2019-06-10,2.873,2.873,2.873,2.873,0.0
2019-06-11,2.873,2.873,2.873,2.873,0.0
2019-06-12,2.87,2.87,2.87,2.87,0.0
2019-06-13,2.871,2.871,2.871,2.871,0.0
2019-06-14,2.876,2.876,2.876,2.876,0.0
2019-06-17,2.879,2.879,2.879,2.879,0.0
2019-06-18,2.862,2.862,2.862,2.862,0.0
2019-06-19,2.863,2.863,2.863,2.863,0.0
2019-06-20,2.867,2.867,2.867,2.867,0.0
2019-06-21,2.882,2.882,2.882,2.882,0.0
2019-06-24,2.882,2.882,2.882,2.882,0.0
2019-06-25,2.881,2.881,2.881,2.881,0.0
2019-06-26,2.873,2.873,2.873,2.873,0.0
2019-06-27,2.869,2.869,2.869,2.869,0.0
2019-06-28,2.841,2.841,2.841,2.841,0.0
2019-07-01,2.834,2.834,2.834,2.834,0.0
2019-07-02,2.83,2.83,2.83,2.83,0.0
2019-07-03,2.829,2.829,2.829,2.829,0.0
2019-07-05,2.855,2.855,2.855,2.855,0.0
2019-07-08,2.851,2.851,2.851,2.851,0.0
2019-07-09,2.879,2.879,2.879,2.879,0.0
2019-07-10,2.871,2.871,2.871,2.871,0.0
2019-07-11,2.879,2.879,2.879,2.879,0.0
2019-07-12,2.887,2.887,2.887,2.887,0.0
2019-07-15,2.892,2.892,2.892,2.892,0.0
2019-07-16,2.868,2.868,2.868,2.868,0.0
2019-07-17,2.865,2.865,2.865,2.865,0.0
2019-07-18,2.884,2.884,2.884,2.884,0.0
2019-07-19,2.877,2.877,2.877,2.877,0.0
2019-07-22,2.835,2.835,2.835,2.835,0.0
2019-07-23,2.842,2.842,2.842,2.842,0.0
2019-07-24,2.835,2.835,2.835,2.835,0.0
2019-07-25,2.836,2.836,2.836,2.836,0.0
2019-07-26,2.829,2.829,2.829,2.829,0.0
2019-07-29,2.818,2.818,2.818,2.818,0.0
2019-07-30,2.821,2.821,2.821,2.821,0.0
2019-07-31,2.827,2.827,2.827,2.827,0.0
2019-08-01,2.83,2.83,2.83,2.83,0.0
2019-08-02,2.817,2.817,2.817,2.817,0.0
2019-08-05,2.815,2.815,2.815,2.815,0.0
2019-08-06,2.816,2.816,2.816,2.816,0.0
2019-08-07,2.821,2.821,2.821,2.821,0.0
2019-08-08,2.8,2.8,2.8,2.8,0.0
2019-08-09,2.776,2.776,2.776,2.776,0.0
2019-08-12,2.765,2.765,2.765,2.765,0.0
2019-08-13,2.746,2.746,2.746,2.746,0.0
2019-08-14,2.709,2.709,2.709,2.709,0.0
2019-08-15,2.709,2.709,2.709,2.709,0.0
2019-08-16,2.688,2.688,2.688,2.688,0.0
2019-08-19,2.69,2.69,2.69,2.69,0.0
2019-08-20,2.69,2.69,2.69,2.69,0.0
2019-08-21,2.691,2.691,2.691,2.691,0.0
2019-08-22,2.68,2.68,2.68,2.68,0.0
2019-08-23,2.71,2.71,2.71,2.71,0.0
2019-08-26,2.717,2.717,2.717,2.717,0.0
2019-08-27,2.732,2.732,2.732,2.732,0.0
2019-08-28,2.751,2.751,2.751,2.751,0.0
2019-08-29,2.753,2.753,2.753,2.753,0.0
2019-08-30,2.713,2.713,2.713,2.713,0.0
2019-09-03,2.718,2.718,2.718,2.718,0.0
2019-09-04,2.689,2.689,2.689,2.689,0.0
2019-09-05,2.696,2.696,2.696,2.696,0.0
2019-09-06,2.683,2.683,2.683,2.683,0.0
2019-09-09,2.647,2.647,2.647,2.647,0.0
2019-09-10,2.651,2.651,2.651,2.651,0.0
2019-09-11,2.646,2.646,2.646,2.646,0.0
2019-09-12,2.651,2.651,2.651,2.651,0.0
2019-09-13,2.616,2.616,2.616,2.616,0.0
2019-09-16,2.646,2.646,2.646,2.646,0.0
2019-09-17,2.61,2.61,2.61,2.61,0.0
2019-09-18,2.623,2.623,2.623,2.623,0.0
2019-09-19,2.617,2.617,2.617,2.617,0.0
2019-09-20,2.628,2.628,2.628,2.628,0.0
2019-09-23,2.625,2.625,2.625,2.625,0.0
2019-09-24,2.604,2.604,2.604,2.604,0.0
2019-09-25,2.603,2.603,2.603,2.603,0.0
2019-09-26,2.604,2.604,2.604,2.604,0.0
2019-09-27,2.593,2.593,2.593,2.593,0.0
2019-09-30,2.655,2.655,2.655,2.655,0.0
2019-10-01,2.604,2.604,2.604,2.604,0.0
2019-10-02,2.622,2.622,2.622,2.622,0.0
2019-10-03,2.607,2.607,2.607,2.607,0.0
2019-10-04,2.597,2.597,2.597,2.597,0.0
2019-10-07,2.601,2.601,2.601,2.601,0.0
2019-10-08,2.577,2.577,2.577,2.577,0.0
2019-10-09,2.588,2.588,2.588,2.588,0.0
2019-10-10,2.589,2.589,2.589,2.589,0.0
2019-10-11,2.6,2.6,2.6,2.6,0.0
2019-10-14,2.615,2.615,2.615,2.615,0.0
2019-10-15,2.631,2.631,2.631,2.631,0.0
2019-10-16,2.633,2.633,2.633,2.633,0.0
2019-10-17,2.63,2.63,2.63,2.63,0.0
2019-10-18,2.625,2.625,2.625,2.625,0.0
2019-10-21,2.62,2.62,2.62,2.62,0.0
2019-10-22,2.624,2.624,2.624,2.624,0.0
2019-10-23,2.618,2.618,2.618,2.618,0.0
2019-10-24,2.622,2.622,2.622,2.622,0.0
2019-10-25,2.62,2.62,2.62,2.62,0.0
2019-10-28,2.629,2.629,2.629,2.629,0.0
2019-10-29,2.645,2.645,2.645,2.645,0.0
2019-10-30,2.652,2.652,2.652,2.652,0.0
2019-10-31,2.65,2.65,2.65,2.65,0.0
2019-11-01,2.659,2.659,2.659,2.659,0.0
2019-11-04,2.6,2.6,2.6,2.6,7.0
2019-11-05,2.579,2.579,2.579,2.579,0.0
2019-11-06,2.59,2.59,2.59,2.59,0.0
2019-11-07,2.557,2.557,2.557,2.557,0.0
2019-11-08,2.564,2.564,2.564,2.564,0.0
2019-11-11,2.555,2.555,2.555,2.555,0.0
2019-11-12,2.515,2.515,2.515,2.515,0.0
2019-11-13,2.506,2.506,2.506,2.506,0.0
2019-11-14,2.508,2.508,2.508,2.508,0.0
2019-11-15,2.506,2.506,2.506,2.506,0.0
2019-11-18,2.51,2.51,2.51,2.51,0.0
2019-11-19,2.517,2.517,2.517,2.517,0.0
2019-11-20,2.526,2.526,2.526,2.526,0.0
2019-11-21,2.533,2.533,2.533,2.533,0.0
2019-11-22,2.533,2.533,2.533,2.533,0.0
2019-11-25,2.525,2.525,2.525,2.525,0.0
2019-11-26,2.519,2.519,2.519,2.519,0.0
2019-11-27,2.523,2.523,2.523,2.523,0.0
2019-11-29,2.481,2.481,2.481,2.481,0.0
2019-12-02,2.507,2.507,2.507,2.507,0.0
2019-12-03,2.516,2.516,2.516,2.516,0.0
2019-12-04,2.515,2.515,2.515,2.515,0.0
2019-12-05,2.507,2.507,2.507,2.507,0.0
2019-12-06,2.48,2.48,2.48,2.48,0.0
2019-12-09,2.459,2.459,2.459,2.459,0.0
2019-12-10,2.468,2.468,2.468,2.468,0.0
2019-12-11,2.465,2.465,2.465,2.465,0.0
2019-12-12,2.47,2.47,2.47,2.47,0.0
2019-12-13,2.453,2.453,2.453,2.453,0.0
2019-12-16,2.462,2.462,2.462,2.462,0.0
2019-12-17,2.464,2.464,2.464,2.464,0.0
2019-12-18,2.435,2.435,2.435,2.435,0.0
2019-12-19,2.409,2.409,2.409,2.409,0.0
2019-12-20,2.4,2.4,2.4,2.4,0.0
2019-12-23,2.407,2.407,2.407,2.407,0.0
2019-12-24,2.405,2.405,2.405,2.405,0.0
2019-12-26,2.393,2.393,2.393,2.393,0.0
2019-12-27,2.391,2.391,2.391,2.391,0.0
2019-12-30,2.388,2.388,2.388,2.388,0.0
2019-12-31,2.397,2.397,2.397,2.397,0.0
2020-01-02,2.392,2.392,2.392,2.392,0.0
2020-01-03,2.392,2.392,2.392,2.392,0.0
2020-01-06,2.396,2.396,2.396,2.396,0.0
2020-01-07,2.403,2.403,2.403,2.403,0.0
2020-01-08,2.406,2.406,2.406,2.406,0.0
2020-01-09,2.417,2.417,2.417,2.417,0.0
2020-01-10,2.419,2.419,2.419,2.419,0.0
2020-01-13,2.419,2.419,2.419,2.419,0.0
2020-01-14,2.418,2.418,2.418,2.418,0.0
2020-01-15,2.417,2.417,2.417,2.417,0.0
2020-01-16,2.424,2.424,2.424,2.424,0.0
2020-01-17,2.434,2.434,2.434,2.434,0.0
2020-01-21,2.424,2.424,2.424,2.424,0.0
2020-01-22,2.405,2.405,2.405,2.405,0.0
2020-01-23,2.397,2.397,2.397,2.397,0.0
2020-01-24,2.4,2.405,2.4,2.405,1.0
2020-01-27,2.364,2.364,2.364,2.364,0.0
2020-01-28,2.374,2.374,2.374,2.374,0.0
2020-01-29,2.364,2.364,2.364,2.364,0.0
2020-01-30,2.359,2.359,2.359,2.359,0.0
2020-01-31,2.36,2.36,2.36,2.36,0.0
2020-02-03,2.355,2.355,2.355,2.355,0.0
2020-02-04,2.351,2.351,2.351,2.351,0.0
2020-02-05,2.328,2.328,2.328,2.328,0.0
2020-02-06,2.332,2.332,2.332,2.332,0.0
2020-02-07,2.35,2.35,2.35,2.35,0.0
2020-02-10,2.342,2.342,2.342,2.342,0.0
2020-02-11,2.327,2.327,2.327,2.327,0.0
2020-02-12,2.334,2.334,2.334,2.334,0.0
2020-02-13,2.324,2.324,2.324,2.324,0.0
2020-02-14,2.335,2.335,2.335,2.335,0.0
2020-02-18,2.308,2.308,2.308,2.308,0.0
2020-02-19,2.329,2.329,2.329,2.329,0.0
2020-02-20,2.324,2.324,2.324,2.324,0.0
2020-02-21,2.354,2.354,2.354,2.354,0.0
2020-02-24,2.36,2.36,2.36,2.36,0.0
2020-02-25,2.363,2.363,2.363,2.363,0.0
2020-02-26,2.386,2.386,2.386,2.386,0.0
2020-02-27,2.376,2.376,2.376,2.376,0.0
2020-02-28,2.406,2.406,2.406,2.406,0.0
2020-03-02,2.446,2.446,2.446,2.446,0.0
2020-03-03,2.442,2.442,2.442,2.442,0.0
2020-03-04,2.431,2.431,2.431,2.431,0.0
2020-03-05,2.406,2.406,2.406,2.406,0.0
2020-03-06,2.419,2.419,2.419,2.419,0.0
2020-03-09,2.456,2.456,2.456,2.456,0.0
2020-03-10,2.456,2.456,2.456,2.456,0.0
2020-03-11,2.418,2.418,2.418,2.418,0.0
2020-03-12,2.368,2.368,2.368,2.368,0.0
2020-03-13,2.363,2.363,2.363,2.363,0.0
2020-03-16,2.352,2.352,2.352,2.352,0.0
2020-03-17,2.381,2.381,2.381,2.381,0.0
2020-03-18,2.387,2.387,2.387,2.387,0.0
2020-03-19,2.4,2.4,2.4,2.4,0.0
2020-03-20,2.394,2.394,2.394,2.394,0.0
2020-03-23,2.389,2.389,2.389,2.389,0.0
2020-03-24,2.356,2.356,2.356,2.356,0.0
2020-03-25,2.351,2.351,2.351,2.351,0.0
2020-03-26,2.317,2.317,2.317,2.317,0.0
2020-03-27,2.339,2.339,2.339,2.339,0.0
2020-03-30,2.347,2.347,2.347,2.347,0.0
2020-03-31,2.335,2.335,2.335,2.335,0.0
2020-04-01,2.305,2.305,2.305,2.305,0.0
2020-04-02,2.291,2.291,2.291,2.291,0.0
2020-04-03,2.275,2.275,2.275,2.275,0.0
2020-04-06,2.291,2.291,2.291,2.291,0.0
2020-04-07,2.285,2.285,2.285,2.285,0.0
2020-04-08,2.302,2.302,2.302,2.302,0.0
2020-04-09,2.319,2.319,2.319,2.319,0.0
2020-04-13,2.347,2.347,2.347,2.347,0.0
2020-04-14,2.329,2.329,2.329,2.329,0.0
2020-04-15,2.298,2.298,2.298,2.298,0.0
2020-04-16,2.303,2.303,2.303,2.303,0.0
2020-04-17,2.304,2.304,2.304,2.304,0.0
2020-04-20,2.322,2.322,2.322,2.322,0.0
2020-04-21,2.305,2.305,2.305,2.305,0.0
2020-04-22,2.333,2.333,2.333,2.333,0.0
2020-04-23,2.287,2.287,2.287,2.287,0.0
2020-04-24,2.285,2.285,2.285,2.285,0.0
2020-04-27,2.311,2.311,2.311,2.311,0.0
2020-04-28,2.303,2.303,2.303,2.303,0.0
2020-04-29,2.298,2.298,2.298,2.298,0.0
2020-04-30,2.273,2.273,2.273,2.273,0.0
2020-05-01,2.256,2.256,2.256,2.256,0.0
2020-05-04,2.233,2.233,2.233,2.233,0.0
2020-05-05,2.22,2.22,2.22,2.22,0.0
2020-05-06,2.259,2.259,2.259,2.259,0.0
2020-05-07,2.241,2.241,2.241,2.241,0.0
2020-05-08,2.25,2.25,2.25,2.25,0.0
2020-05-11,2.235,2.235,2.235,2.235,0.0
2020-05-12,2.239,2.239,2.239,2.239,0.0
2020-05-13,2.231,2.231,2.214,2.214,33.0
2020-05-14,2.188,2.188,2.188,2.188,0.0
2020-05-15,2.229,2.229,2.229,2.229,0.0
2020-05-18,2.247,2.247,2.247,2.247,0.0
2020-05-19,2.244,2.244,2.244,2.244,0.0
2020-05-20,2.201,2.201,2.201,2.201,0.0
2020-05-21,2.192,2.192,2.192,2.192,0.0
2020-05-22,2.235,2.235,2.235,2.235,0.0
2020-05-26,2.235,2.235,2.235,2.235,0.0
2020-05-27,2.271,2.271,2.271,2.271,0.0
2020-05-28,2.263,2.263,2.263,2.263,0.0
2020-05-29,2.257,2.257,2.257,2.257,0.0
2020-06-01,2.234,2.234,2.234,2.234,0.0
2020-06-02,2.239,2.239,2.239,2.239,0.0
2020-06-03,2.226,2.226,2.226,2.226,0.0
2020-06-04,2.235,2.235,2.235,2.235,0.0
2020-06-05,2.229,2.229,2.229,2.229,0.0
2020-06-08,2.243,2.243,2.243,2.243,0.0
2020-06-09,2.251,2.251,2.251,2.251,0.0
2020-06-10,2.237,2.237,2.237,2.237,0.0
2020-06-11,2.232,2.232,2.232,2.232,0.0
2020-06-12,2.221,2.221,2.221,2.221,0.0
2020-06-15,2.248,2.248,2.248,2.248,0.0
2020-06-16,2.242,2.242,2.242,2.242,0.0
2020-06-17,2.237,2.237,2.237,2.237,0.0
2020-06-18,2.248,2.248,2.248,2.248,0.0
2020-06-19,2.231,2.231,2.231,2.231,0.0
2020-06-22,2.219,2.219,2.219,2.219,0.0
2020-06-23,2.218,2.218,2.218,2.218,0.0
2020-06-24,2.225,2.225,2.225,2.225,0.0
2020-06-25,2.243,2.243,2.243,2.243,0.0
2020-06-26,2.265,2.265,2.265,2.265,0.0
2020-06-29,2.263,2.263,2.263,2.263,0.0
2020-06-30,2.263,2.263,2.263,2.263,0.0
2020-07-01,2.276,2.276,2.276,2.276,0.0
2020-07-02,2.308,2.308,2.308,2.308,0.0
2020-07-06,2.287,2.287,2.287,2.287,0.0
2020-07-07,2.28,2.28,2.28,2.28,0.0
2020-07-08,2.308,2.308,2.308,2.308,0.0
2020-07-09,2.293,2.293,2.293,2.293,0.0
2020-07-10,2.279,2.279,2.279,2.279,0.0
2020-07-13,2.275,2.275,2.275,2.275,0.0
2020-07-14,2.274,2.274,2.274,2.274,0.0
2020-07-15,2.284,2.284,2.284,2.284,0.0
2020-07-16,2.277,2.277,2.277,2.277,0.0
2020-07-17,2.274,2.274,2.274,2.274,0.0
2020-07-20,2.265,2.265,2.265,2.265,0.0
2020-07-21,2.279,2.279,2.279,2.279,0.0
2020-07-22,2.288,2.288,2.288,2.288,0.0
2020-07-23,2.372,2.372,2.372,2.372,0.0
2020-07-24,2.411,2.411,2.411,2.411,0.0
2020-07-27,2.469,2.469,2.469,2.469,0.0
2020-07-28,2.466,2.466,2.466,2.466,0.0
2020-07-29,2.471,2.471,2.471,2.471,0.0
2020-07-30,2.478,2.478,2.478,2.478,0.0
2020-07-31,2.496,2.496,2.496,2.496,0.0
2020-08-03,2.494,2.494,2.494,2.494,0.0
2020-08-04,2.488,2.488,2.488,2.488,0.0
2020-08-05,2.511,2.511,2.511,2.511,0.0
2020-08-06,2.536,2.536,2.536,2.536,0.0
2020-08-07,2.568,2.568,2.568,2.568,0.0
2020-08-10,2.536,2.536,2.536,2.536,0.0
2020-08-11,2.451,2.451,2.451,2.451,0.0
2020-08-12,2.428,2.428,2.428,2.428,0.0
2020-08-13,2.448,2.448,2.448,2.448,0.0
2020-08-14,2.439,2.439,2.439,2.439,0.0
2020-08-17,2.439,2.439,2.439,2.439,0.0
2020-08-18,2.434,2.434,2.434,2.434,0.0
2020-08-19,2.429,2.429,2.429,2.429,0.0
2020-08-20,2.427,2.427,2.427,2.427,0.0
2020-08-21,2.422,2.422,2.422,2.422,0.0
2020-08-24,2.417,2.417,2.417,2.417,0.0
2020-08-25,2.41,2.41,2.41,2.41,0.0
2020-08-26,2.438,2.438,2.438,2.438,0.0
2020-08-27,2.447,2.447,2.447,2.447,0.0
2020-08-28,2.435,2.435,2.435,2.435,0.0
2020-08-31,2.409,2.409,2.409,2.409,0.0
2020-09-01,2.407,2.407,2.407,2.407,0.0
2020-09-02,2.401,2.401,2.401,2.401,0.0
2020-09-03,2.398,2.398,2.398,2.398,0.0
2020-09-04,2.349,2.349,2.349,2.349,0.0
2020-09-08,2.35,2.35,2.35,2.35,0.0
2020-09-09,2.336,2.336,2.336,2.336,0.0
2020-09-10,2.318,2.318,2.318,2.318,0.0
2020-09-11,2.295,2.295,2.295,2.295,0.0
2020-09-14,2.283,2.283,2.283,2.283,0.0
2020-09-15,2.29,2.29,2.29,2.29,0.0
2020-09-16,2.288,2.288,2.288,2.288,0.0
2020-09-17,2.276,2.276,2.276,2.276,0.0
2020-09-18,2.297,2.297,2.297,2.297,0.0
2020-09-21,2.268,2.268,2.268,2.268,0.0
2020-09-22,2.3,2.3,2.3,2.3,0.0
2020-09-23,2.34,2.34,2.34,2.34,0.0
2020-09-24,2.35,2.35,2.35,2.35,0.0
2020-09-25,2.362,2.362,2.362,2.362,0.0
2020-09-28,2.37,2.37,2.37,2.37,0.0
2020-09-29,2.341,2.341,2.341,2.341,0.0
2020-09-30,2.322,2.322,2.322,2.322,0.0
2020-10-01,2.302,2.302,2.302,2.302,0.0
2020-10-02,2.296,2.296,2.296,2.296,0.0
2020-10-05,2.274,2.274,2.274,2.274,0.0
2020-10-06,2.281,2.281,2.281,2.281,0.0
2020-10-07,2.304,2.304,2.304,2.304,0.0
2020-10-08,2.279,2.279,2.279,2.279,0.0
2020-10-09,2.309,2.309,2.309,2.309,0.0
2020-10-12,2.295,2.295,2.295,2.295,0.0
2020-10-13,2.275,2.275,2.275,2.275,0.0
2020-10-14,2.302,2.302,2.302,2.302,0.0
2020-10-15,2.288,2.288,2.288,2.288,0.0
2020-10-16,2.291,2.291,2.291,2.291,0.0
2020-10-19,2.334,2.334,2.334,2.334,0.0
2020-10-20,2.275,2.275,2.275,2.275,0.0
2020-10-21,2.296,2.296,2.296,2.296,0.0
2020-10-22,2.298,2.298,2.298,2.298,0.0
2020-10-23,2.261,2.261,2.261,2.261,0.0
2020-10-26,2.199,2.199,2.199,2.199,0.0
2020-10-27,2.253,2.253,2.253,2.253,0.0
2020-10-28,2.29,2.29,2.29,2.29,0.0
2020-10-29,2.302,2.302,2.302,2.302,0.0
2020-10-30,2.319,2.319,2.319,2.319,0.0
2020-11-02,2.307,2.307,2.307,2.307,0.0
2020-11-03,2.347,2.347,2.347,2.347,0.0
2020-11-04,2.344,2.344,2.344,2.344,0.0
2020-11-05,2.339,2.339,2.339,2.339,0.0
2020-11-06,2.329,2.329,2.329,2.329,0.0
2020-11-09,2.325,2.325,2.325,2.325,0.0
2020-11-10,2.335,2.335,2.335,2.335,0.0
2020-11-11,2.35,2.35,2.35,2.35,0.0
2020-11-12,2.347,2.347,2.347,2.347,0.0
2020-11-13,2.302,2.302,2.302,2.302,0.0
2020-11-16,2.299,2.299,2.299,2.299,0.0
2020-11-17,2.316,2.316,2.316,2.316,0.0
2020-11-18,2.34,2.34,2.34,2.34,0.0
2020-11-19,2.34,2.34,2.34,2.34,0.0
2020-11-20,2.333,2.333,2.333,2.333,0.0
2020-11-23,2.327,2.327,2.327,2.327,0.0
2020-11-24,2.363,2.363,2.329,2.329,1.0
2020-11-25,2.312,2.312,2.312,2.312,0.0
2020-11-27,2.308,2.308,2.308,2.308,0.0
2020-11-30,2.294,2.294,2.294,2.294,0.0
2020-12-01,2.356,2.356,2.356,2.356,0.0
2020-12-02,2.381,2.381,2.381,2.381,0.0
2020-12-03,2.353,2.353,2.353,2.353,0.0
2020-12-04,2.373,2.373,2.373,2.373,0.0
2020-12-07,2.344,2.344,2.344,2.344,0.0
2020-12-08,2.332,2.332,2.332,2.332,0.0
2020-12-09,2.342,2.342,2.342,2.342,0.0
2020-12-10,2.347,2.347,2.347,2.347,0.0
2020-12-11,2.366,2.366,2.366,2.366,0.0
2020-12-14,2.36,2.36,2.36,2.36,0.0
2020-12-15,2.345,2.345,2.345,2.345,0.0
2020-12-16,2.357,2.357,2.357,2.357,0.0
2020-12-17,2.345,2.345,2.345,2.345,0.0
2020-12-18,2.359,2.359,2.359,2.359,0.0
2020-12-21,2.33,2.33,2.33,2.33,0.0
2020-12-22,2.365,2.365,2.365,2.365,0.0
2020-12-23,2.36,2.36,2.36,2.36,0.0
2020-12-24,2.372,2.372,2.372,2.372,0.0
2020-12-28,2.291,2.291,2.291,2.291,0.0
2020-12-29,2.36,2.36,2.36,2.36,0.0
2020-12-30,2.331,2.331,2.331,2.331,0.0
2020-12-31,2.358,2.358,2.358,2.358,0.0
2021-01-04,2.366,2.366,2.366,2.366,0.0
2021-01-05,2.381,2.381,2.381,2.381,0.0
2021-01-06,2.414,2.414,2.414,2.414,0.0
2021-01-07,2.382,2.382,2.382,2.382,0.0
2021-01-08,2.366,2.366,2.366,2.366,0.0
2021-01-11,2.369,2.369,2.369,2.369,0.0
2021-01-12,2.387,2.387,2.387,2.387,0.0
2021-01-13,2.418,2.418,2.418,2.418,0.0
2021-01-14,2.366,2.366,2.366,2.366,0.0
2021-01-15,2.402,2.402,2.402,2.402,0.0
2021-01-19,2.393,2.393,2.393,2.393,0.0
2021-01-20,2.407,2.407,2.407,2.407,0.0
2021-01-21,2.411,2.411,2.411,2.411,0.0
2021-01-22,2.426,2.426,2.426,2.426,0.0
2021-01-25,2.383,2.383,2.383,2.383,0.0
2021-01-26,2.412,2.412,2.412,2.412,0.0
2021-01-27,2.427,2.427,2.427,2.427,0.0
2021-01-28,2.426,2.426,2.426,2.426,0.0
2021-01-29,2.42,2.42,2.42,2.42,0.0
2021-02-01,2.424,2.424,2.424,2.424,0.0
2021-02-02,2.42,2.42,2.42,2.42,0.0
2021-02-03,2.401,2.401,2.401,2.401,0.0
2021-02-04,2.377,2.377,2.377,2.377,0.0
2021-02-05,2.386,2.386,2.386,2.386,0.0
2021-02-08,2.406,2.406,2.406,2.406,0.0
2021-02-09,2.406,2.406,2.406,2.406,0.0
2021-02-10,2.411,2.411,2.411,2.411,0.0
2021-02-11,2.398,2.398,2.398,2.398,0.0
2021-02-12,2.392,2.392,2.392,2.392,0.0
2021-02-16,2.409,2.409,2.409,2.409,0.0
2021-02-17,2.404,2.404,2.404,2.404,0.0
2021-02-18,2.394,2.394,2.394,2.394,0.0
2021-02-19,2.39,2.39,2.39,2.39,0.0
2021-02-22,2.392,2.392,2.392,2.392,0.0
2021-02-23,2.397,2.397,2.397,2.397,0.0
2021-02-24,2.391,2.391,2.391,2.391,0.0
2021-02-25,2.34,2.34,2.34,2.34,0.0
2021-02-26,2.363,2.363,2.363,2.363,0.0
2021-03-01,2.381,2.381,2.381,2.381,0.0
2021-03-02,2.39,2.39,2.39,2.39,0.0
2021-03-03,2.365,2.365,2.365,2.365,0.0
2021-03-04,2.34,2.34,2.34,2.34,0.0
2021-03-05,2.346,2.346,2.346,2.346,0.0
2021-03-08,2.364,2.364,2.364,2.364,0.0
2021-03-09,2.371,2.371,2.371,2.371,0.0
2021-03-10,2.369,2.369,2.369,2.369,0.0
2021-03-11,2.366,2.366,2.366,2.366,0.0
2021-03-12,2.383,2.383,2.383,2.383,0.0
2021-03-15,2.356,2.356,2.356,2.356,0.0
2021-03-16,2.388,2.388,2.388,2.388,0.0
2021-03-17,2.369,2.369,2.369,2.369,0.0
2021-03-18,2.383,2.383,2.383,2.383,0.0
2021-03-19,2.389,2.389,2.389,2.389,0.0
2021-03-22,2.385,2.385,2.385,2.385,0.0
2021-03-23,2.399,2.399,2.399,2.399,0.0
2021-03-24,2.402,2.402,2.402,2.402,0.0
2021-03-25,2.402,2.402,2.402,2.402,0.0
2021-03-26,2.393,2.393,2.393,2.393,0.0
2021-03-29,2.407,2.407,2.407,2.407,0.0
2021-03-30,2.418,2.418,2.418,2.418,0.0
2021-03-31,2.424,2.424,2.424,2.424,0.0
2021-04-01,2.446,2.446,2.446,2.446,0.0
2021-04-05,2.433,2.433,2.433,2.433,0.0
2021-04-06,2.438,2.438,2.438,2.438,0.0
2021-04-07,2.441,2.441,2.441,2.441,0.0
2021-04-08,2.441,2.441,2.441,2.441,0.0
2021-04-09,2.475,2.475,2.475,2.475,0.0
2021-04-12,2.484,2.484,2.484,2.484,0.0
2021-04-13,2.467,2.467,2.467,2.467,0.0
2021-04-14,2.476,2.476,2.476,2.476,0.0
2021-04-15,2.48,2.48,2.48,2.48,0.0
2021-04-16,2.493,2.493,2.493,2.493,0.0
2021-04-19,2.487,2.487,2.487,2.487,0.0
2021-04-20,2.439,2.439,2.439,2.439,0.0
2021-04-21,2.43,2.43,2.43,2.43,0.0
2021-04-22,2.411,2.411,2.411,2.411,0.0
2021-04-23,2.419,2.419,2.419,2.419,0.0
2021-04-26,2.42,2.42,2.405,2.405,1.0
2021-04-27,2.404,2.404,2.404,2.404,0.0
2021-04-28,2.416,2.416,2.416,2.416,0.0
2021-04-29,2.418,2.418,2.418,2.418,0.0
2021-04-30,2.433,2.433,2.433,2.433,0.0
2021-05-03,2.436,2.436,2.436,2.436,0.0
2021-05-04,2.445,2.445,2.445,2.445,0.0
2021-05-05,2.447,2.447,2.447,2.447,0.0
2021-05-06,2.437,2.437,2.437,2.437,0.0
2021-05-07,2.444,2.444,2.444,2.444,0.0
2021-05-10,2.447,2.447,2.447,2.447,0.0
2021-05-11,2.444,2.444,2.444,2.444,0.0
2021-05-12,2.443,2.443,2.443,2.443,0.0
2021-05-13,2.433,2.433,2.433,2.433,0.0
2021-05-14,2.439,2.439,2.439,2.439,0.0
2021-05-17,2.443,2.443,2.443,2.443,0.0
2021-05-18,2.412,2.412,2.412,2.412,0.0
2021-05-19,2.416,2.416,2.416,2.416,0.0
2021-05-20,2.421,2.421,2.421,2.421,0.0
2021-05-21,2.433,2.433,2.433,2.433,0.0
2021-05-24,2.427,2.427,2.427,2.427,0.0
2021-05-25,2.438,2.438,2.438,2.438,0.0
2021-05-26,2.417,2.417,2.417,2.417,0.0
2021-05-27,2.414,2.414,2.414,2.414,0.0
2021-05-28,2.424,2.424,2.424,2.424,0.0
2021-06-01,2.416,2.416,2.416,2.416,0.0
2021-06-02,2.426,2.426,2.426,2.426,0.0
2021-06-03,2.413,2.413,2.413,2.413,0.0
2021-06-04,2.464,2.464,2.464,2.464,0.0
2021-06-07,2.435,2.435,2.435,2.435,0.0
2021-06-08,2.416,2.416,2.416,2.416,0.0
2021-06-09,2.423,2.423,2.423,2.423,0.0
2021-06-10,2.412,2.412,2.412,2.412,0.0
2021-06-11,2.411,2.411,2.411,2.411,0.0
2021-06-14,2.42,2.42,2.42,2.42,0.0
2021-06-15,2.405,2.405,2.405,2.405,0.0
2021-06-16,2.458,2.458,2.458,2.458,0.0
2021-06-17,2.463,2.463,2.463,2.463,0.0
2021-06-18,2.472,2.472,2.472,2.472,0.0
2021-06-21,2.469,2.469,2.469,2.469,0.0
2021-06-22,2.469,2.469,2.469,2.469,0.0
2021-06-23,2.47,2.47,2.47,2.47,0.0
2021-06-24,2.458,2.458,2.458,2.458,0.0
2021-06-25,2.514,2.514,2.514,2.514,0.0
2021-06-28,2.524,2.524,2.524,2.524,0.0
2021-06-29,2.552,2.552,2.552,2.552,0.0
2021-06-30,2.548,2.548,2.548,2.548,0.0
2021-07-01,2.536,2.536,2.536,2.536,0.0
2021-07-02,2.528,2.528,2.528,2.528,0.0
2021-07-06,2.52,2.52,2.52,2.52,0.0
2021-07-07,2.532,2.532,2.532,2.532,0.0
2021-07-08,2.544,2.544,2.544,2.544,0.0
2021-07-09,2.55,2.55,2.55,2.55,0.0
2021-07-12,2.555,2.555,2.555,2.555,0.0
2021-07-13,2.554,2.554,2.554,2.554,0.0
2021-07-14,2.547,2.547,2.547,2.547,0.0
2021-07-15,2.555,2.555,2.555,2.555,0.0
2021-07-16,2.561,2.561,2.561,2.561,0.0
2021-07-19,2.571,2.571,2.571,2.571,0.0
2021-07-20,2.578,2.578,2.578,2.578,0.0
2021-07-21,2.573,2.573,2.573,2.573,0.0
2021-07-22,2.575,2.575,2.575,2.575,0.0
2021-07-23,2.581,2.581,2.581,2.581,0.0
2021-07-26,2.589,2.589,2.589,2.589,0.0
2021-07-27,2.559,2.559,2.559,2.559,0.0
2021-07-28,2.551,2.551,2.551,2.551,0.0
2021-07-29,2.526,2.526,2.526,2.526,0.0
2021-07-30,2.546,2.546,2.546,2.546,0.0
2021-08-02,2.56,2.56,2.56,2.56,0.0
2021-08-03,2.552,2.552,2.552,2.552,0.0
2021-08-04,2.562,2.562,2.562,2.562,0.0
2021-08-05,2.527,2.527,2.527,2.527,0.0
2021-08-06,2.536,2.536,2.536,2.536,0.0
2021-08-09,2.552,2.552,2.552,2.552,0.0
2021-08-10,2.549,2.549,2.549,2.549,0.0
2021-08-11,2.564,2.564,2.564,2.564,0.0
2021-08-12,2.645,2.645,2.645,2.645,0.0
2021-08-13,2.612,2.612,2.612,2.612,2.0
2021-08-16,2.624,2.624,2.624,2.624,0.0
2021-08-17,2.637,2.637,2.637,2.637,0.0
2021-08-18,2.635,2.635,2.635,2.635,0.0
2021-08-19,2.646,2.646,2.646,2.646,0.0
2021-08-20,2.645,2.645,2.645,2.645,0.0
2021-08-23,2.647,2.647,2.647,2.647,0.0
2021-08-24,2.643,2.643,2.643,2.643,0.0
2021-08-25,2.66,2.66,2.66,2.66,0.0
2021-08-26,2.691,2.691,2.691,2.691,0.0
2021-08-27,2.693,2.693,2.693,2.693,0.0
2021-08-30,2.696,2.696,2.696,2.696,0.0
2021-08-31,2.685,2.685,2.685,2.685,0.0
2021-09-01,2.685,2.685,2.685,2.685,0.0
2021-09-02,2.685,2.685,2.685,2.685,0.0
2021-09-03,2.685,2.689,2.685,2.689,1.0
2021-09-07,2.713,2.713,2.713,2.713,0.0
2021-09-08,2.765,2.765,2.765,2.765,0.0
2021-09-09,2.825,2.825,2.825,2.825,0.0
2021-09-10,2.807,2.807,2.807,2.807,0.0
2021-09-13,2.822,2.822,2.822,2.822,5.0
2021-09-14,2.816,2.816,2.816,2.816,5.0
2021-09-15,2.767,2.767,2.767,2.767,0.0
2021-09-16,2.77,2.77,2.77,2.77,0.0
2021-09-17,2.763,2.763,2.763,2.763,0.0
2021-09-20,2.799,2.799,2.799,2.799,0.0
2021-09-21,2.816,2.816,2.816,2.816,0.0
2021-09-22,2.833,2.833,2.833,2.833,0.0
2021-09-23,2.84,2.84,2.84,2.84,0.0
2021-09-24,2.805,2.805,2.805,2.805,0.0
2021-09-27,2.818,2.818,2.818,2.818,0.0
2021-09-28,2.741,2.741,2.741,2.741,0.0
2021-09-29,2.752,2.752,2.752,2.752,7.0
2021-09-30,2.759,2.759,2.759,2.759,5.0
2021-10-01,2.749,2.749,2.749,2.749,5.0
2021-10-04,2.758,2.758,2.758,2.758,0.0
2021-10-05,2.773,2.773,2.773,2.773,0.0
2021-10-06,2.811,2.811,2.811,2.811,0.0
2021-10-07,2.811,2.811,2.811,2.811,0.0
2021-10-08,2.852,2.852,2.852,2.852,0.0
2021-10-11,2.838,2.838,2.838,2.838,0.0
2021-10-12,2.823,2.823,2.823,2.823,0.0
2021-10-13,2.828,2.828,2.828,2.828,0.0
2021-10-14,2.863,2.863,2.863,2.863,0.0
2021-10-15,2.872,2.872,2.872,2.872,0.0
2021-10-18,2.878,2.878,2.878,2.878,7.0
2021-10-19,2.862,2.862,2.862,2.862,5.0
2021-10-20,2.865,2.865,2.865,2.865,0.0
2021-10-21,2.878,2.878,2.878,2.878,0.0
2021-10-22,2.883,2.883,2.883,2.883,0.0
2021-10-25,2.926,2.926,2.926,2.926,0.0
2021-10-26,2.904,2.904,2.904,2.904,0.0
2021-10-27,2.841,2.841,2.841,2.841,0.0
2021-10-28,2.842,2.842,2.842,2.842,0.0
2021-10-29,2.793,2.793,2.793,2.793,0.0
2021-11-01,2.688,2.688,2.688,2.688,0.0
2021-11-02,2.749,2.749,2.749,2.749,0.0
2021-11-03,2.743,2.743,2.743,2.743,0.0
2021-11-04,2.767,2.767,2.767,2.767,0.0
2021-11-05,2.755,2.755,2.755,2.755,0.0
2021-11-08,2.808,2.808,2.808,2.808,0.0
2021-11-09,2.804,2.804,2.804,2.804,0.0
2021-11-10,2.83,2.83,2.83,2.83,0.0
2021-11-11,2.847,2.847,2.847,2.847,0.0
2021-11-12,2.798,2.798,2.798,2.798,0.0
2021-11-15,2.811,2.811,2.811,2.811,0.0
2021-11-16,2.882,2.882,2.882,2.882,0.0
2021-11-17,2.813,2.813,2.813,2.813,15.0
2021-11-18,2.801,2.801,2.801,2.801,0.0
2021-11-19,2.775,2.775,2.775,2.775,0.0
2021-11-22,2.757,2.757,2.757,2.757,0.0
2021-11-23,2.804,2.804,2.804,2.804,0.0
2021-11-24,2.802,2.802,2.802,2.802,0.0
2021-11-26,2.841,2.841,2.841,2.841,0.0
2021-11-29,2.833,2.833,2.833,2.833,0.0
2021-11-30,2.806,2.806,2.806,2.806,0.0
2021-12-01,2.814,2.814,2.814,2.814,0.0
2021-12-02,2.818,2.818,2.818,2.818,0.0
2021-12-03,2.828,2.828,2.828,2.828,0.0
2021-12-06,2.8,2.8,2.8,2.8,0.0
2021-12-07,2.804,2.804,2.804,2.804,0.0
2021-12-08,2.763,2.763,2.763,2.763,0.0
2021-12-09,2.808,2.808,2.808,2.808,10.0
2021-12-10,2.844,2.844,2.844,2.844,10.0
2021-12-13,2.748,2.748,2.748,2.748,0.0
2021-12-14,2.786,2.786,2.786,2.786,4.0
2021-12-15,2.793,2.793,2.793,2.793,0.0
2021-12-16,2.81,2.81,2.81,2.81,0.0
2021-12-17,2.823,2.823,2.823,2.823,0.0
2021-12-20,2.838,2.838,2.838,2.838,0.0
2021-12-21,2.822,2.822,2.822,2.822,0.0
2021-12-22,2.823,2.823,2.823,2.823,0.0
2021-12-23,2.786,2.786,2.786,2.786,0.0
2021-12-27,2.772,2.772,2.772,2.772,0.0
2021-12-28,2.788,2.788,2.788,2.788,0.0
2021-12-29,2.81,2.81,2.81,2.81,0.0
2021-12-30,2.798,2.798,2.798,2.798,0.0
2021-12-31,2.772,2.772,2.772,2.772,6.0
2022-01-03,2.784,2.784,2.784,2.784,0.0
2022-01-04,2.783,2.783,2.783,2.783,0.0
2022-01-05,2.787,2.787,2.787,2.787,0.0
2022-01-06,2.801,2.801,2.801,2.801,0.0
2022-01-07,2.834,2.834,2.834,2.834,0.0
2022-01-10,2.839,2.839,2.839,2.839,0.0
2022-01-11,2.828,2.828,2.828,2.828,0.0
2022-01-12,2.803,2.803,2.803,2.803,0.0
2022-01-13,2.806,2.806,2.806,2.806,0.0
2022-01-14,2.782,2.782,2.782,2.782,0.0
2022-01-18,2.763,2.801,2.763,2.801,5.0
2022-01-19,2.848,2.848,2.848,2.848,0.0
2022-01-20,2.851,2.851,2.851,2.851,0.0
2022-01-21,2.839,2.839,2.839,2.839,0.0
2022-01-24,2.828,2.828,2.828,2.828,0.0
2022-01-25,2.848,2.848,2.848,2.848,0.0
2022-01-26,2.849,2.849,2.849,2.849,0.0
2022-01-27,2.834,2.834,2.834,2.834,0.0
2022-01-28,2.827,2.827,2.827,2.827,0.0
2022-01-31,2.826,2.826,2.826,2.826,0.0
2022-02-01,2.811,2.811,2.811,2.811,0.0
2022-02-02,2.83,2.83,2.83,2.83,0.0
2022-02-03,2.821,2.821,2.821,2.821,0.0
2022-02-04,2.857,2.857,2.857,2.857,25.0
2022-02-07,2.873,2.873,2.873,2.873,0.0
2022-02-08,2.865,2.865,2.865,2.865,30.0
2022-02-09,2.86,2.86,2.86,2.86,0.0
2022-02-10,2.865,2.865,2.865,2.865,25.0
2022-02-11,2.905,2.905,2.905,2.905,0.0
2022-02-14,2.946,2.946,2.946,2.946,0.0
2022-02-15,2.934,2.934,2.934,2.934,0.0
2022-02-16,2.963,2.963,2.963,2.963,0.0
2022-02-17,2.945,2.945,2.945,2.945,0.0
2022-02-18,2.945,2.945,2.945,2.945,0.0
2022-02-22,2.99,2.99,2.99,2.99,0.0
2022-02-23,3.076,3.076,3.076,3.076,11.0
2022-02-24,3.065,3.065,3.065,3.065,11.0
2022-02-25,2.957,2.957,2.957,2.957,0.0
2022-02-28,3.034,3.034,3.034,3.034,0.0
2022-03-01,3.105,3.105,3.105,3.105,0.0
2022-03-02,3.152,3.152,3.152,3.152,15.0
2022-03-03,3.13,3.13,3.13,3.13,0.0
2022-03-04,3.183,3.183,3.183,3.183,0.0
2022-03-07,3.214,3.214,3.214,3.214,0.0
2022-03-08,3.224,3.224,3.224,3.224,0.0
2022-03-09,3.179,3.179,3.179,3.179,0.0
2022-03-10,3.147,3.147,3.147,3.147,0.0
2022-03-11,3.162,3.162,3.162,3.162,0.0
2022-03-14,3.205,3.205,3.205,3.205,0.0
2022-03-15,3.199,3.199,3.199,3.199,0.0
2022-03-16,3.195,3.195,3.195,3.195,0.0
2022-03-17,3.212,3.212,3.212,3.212,0.0
2022-03-18,3.164,3.164,3.164,3.164,0.0
2022-03-21,3.145,3.145,3.145,3.145,0.0
2022-03-22,3.156,3.156,3.156,3.156,0.0
2022-03-23,3.167,3.167,3.167,3.167,0.0
2022-03-24,3.193,3.193,3.193,3.193,0.0
2022-03-25,3.262,3.262,3.262,3.262,0.0
2022-03-28,3.34,3.34,3.34,3.34,12.0
2022-03-29,3.354,3.354,3.354,3.354,0.0
2022-03-30,3.456,3.456,3.456,3.456,0.0
2022-03-31,3.539,3.539,3.539,3.539,5.0
2022-04-01,3.591,3.591,3.591,3.591,0.0
2022-04-04,3.658,3.658,3.658,3.658,0.0
2022-04-05,3.737,3.737,3.737,3.737,0.0
2022-04-06,3.797,3.797,3.789,3.789,3.0
2022-04-07,3.774,3.774,3.774,3.774,0.0
2022-04-08,3.762,3.762,3.762,3.762,0.0
2022-04-11,3.811,3.811,3.811,3.811,0.0
2022-04-12,3.833,3.833,3.833,3.833,0.0
2022-04-13,3.841,3.841,3.841,3.841,0.0
2022-04-14,3.848,3.848,3.848,3.848,0.0
2022-04-18,3.883,3.883,3.883,3.883,0.0
2022-04-19,3.871,3.871,3.871,3.871,4.0
2022-04-20,3.817,3.817,3.817,3.817,0.0
2022-04-21,3.76,3.76,3.76,3.76,0.0
2022-04-22,3.587,3.587,3.587,3.587,0.0
2022-04-25,3.577,3.577,3.577,3.577,10.0
2022-04-26,3.57,3.642,3.57,3.642,5.0
2022-04-27,3.617,3.617,3.617,3.617,0.0
2022-04-28,3.613,3.613,3.613,3.613,0.0
2022-04-29,3.606,3.606,3.606,3.606,0.0
2022-05-02,3.699,3.699,3.699,3.699,0.0
2022-05-03,3.764,3.764,3.761,3.761,2.0
2022-05-04,3.811,3.811,3.811,3.811,1.0
2022-05-05,3.844,3.844,3.844,3.844,3.0
2022-05-06,3.791,3.791,3.791,3.791,1.0
2022-05-09,3.687,3.687,3.687,3.687,1.0
2022-05-10,3.714,3.714,3.714,3.714,12.0
2022-05-11,3.773,3.773,3.773,3.773,0.0
2022-05-12,3.783,3.783,3.783,3.783,0.0
2022-05-13,3.832,3.832,3.832,3.832,1.0
2022-05-16,3.882,3.882,3.882,3.882,1.0
2022-05-17,3.869,3.869,3.869,3.869,0.0
2022-05-18,3.913,3.913,3.913,3.913,0.0
2022-05-19,3.852,3.852,3.852,3.852,0.0
2022-05-20,3.843,3.843,3.843,3.843,0.0
2022-05-23,3.884,3.884,3.884,3.884,0.0
2022-05-24,3.863,3.863,3.863,3.863,0.0
2022-05-25,3.903,3.903,3.903,3.903,1.0
2022-05-26,3.957,3.957,3.957,3.957,4.0
2022-05-27,3.981,3.981,3.981,3.981,0.0
2022-05-31,3.927,3.927,3.927,3.927,0.0
2022-06-01,4.101,4.101,4.101,4.101,0.0
2022-06-02,4.102,4.102,4.102,4.102,1.0
2022-06-03,4.169,4.169,4.169,4.169,1.0
2022-06-06,4.268,4.268,4.268,4.268,0.0
2022-06-07,4.303,4.303,4.303,4.303,0.0
2022-06-08,4.373,4.373,4.373,4.373,14.0
2022-06-09,4.464,4.464,4.464,4.464,0.0
2022-06-10,4.52,4.52,4.52,4.52,0.0
2022-06-13,4.463,4.463,4.463,4.463,0.0
2022-06-14,4.385,4.385,4.385,4.385,0.0
2022-06-15,4.425,4.425,4.425,4.425,0.0
2022-06-16,4.409,4.409,4.409,4.409,15.0
2022-06-17,4.29,4.29,4.29,4.29,0.0
2022-06-21,4.277,4.277,4.277,4.277,0.0
2022-06-22,4.306,4.306,4.306,4.306,0.0
2022-06-23,4.284,4.284,4.284,4.284,55.0
2022-06-24,4.1,4.1,4.1,4.1,60.0
2022-06-27,4.142,4.142,4.142,4.142,0.0
2022-06-28,4.112,4.112,4.112,4.112,0.0
2022-06-29,4.129,4.129,4.129,4.129,0.0
2022-06-30,3.874,3.874,3.874,3.874,0.0
2022-07-01,3.912,3.912,3.912,3.912,0.0
2022-07-05,3.762,3.762,3.762,3.762,0.0
2022-07-06,3.854,3.854,3.854,3.854,0.0
2022-07-07,3.951,3.951,3.951,3.951,5.0
2022-07-08,3.95,3.95,3.95,3.95,0.0
2022-07-11,3.984,3.984,3.984,3.984,0.0
2022-07-12,3.895,3.895,3.895,3.895,0.0
2022-07-13,4.0,4.0,3.982,3.982,1.0
2022-07-14,3.904,3.904,3.904,3.904,0.0
2022-07-15,3.978,3.978,3.978,3.978,0.0
2022-07-18,4.1,4.1,3.938,3.938,25.0
2022-07-19,3.944,3.944,3.944,3.944,0.0
2022-07-20,4.087,4.087,4.087,4.087,0.0
2022-07-21,3.992,3.992,3.992,3.992,0.0
2022-07-22,3.996,3.996,3.996,3.996,0.0
2022-07-25,4.052,4.052,4.052,4.052,0.0
2022-07-26,4.079,4.079,4.079,4.079,0.0
2022-07-27,4.077,4.077,4.077,4.077,10.0
2022-07-28,4.053,4.053,4.053,4.053,0.0
2022-07-29,4.048,4.048,4.048,4.048,0.0
2022-08-01,4.031,4.031,4.031,4.031,0.0
2022-08-02,4.033,4.033,4.033,4.033,5.0
2022-08-03,4.054,4.054,4.054,4.054,0.0
2022-08-04,4.035,4.035,4.035,4.035,0.0
2022-08-05,4.038,4.038,4.038,4.038,0.0
2022-08-08,4.0,4.0,4.0,4.0,0.0
2022-08-09,4.048,4.048,4.048,4.048,0.0
2022-08-10,4.078,4.078,4.078,4.078,0.0
2022-08-11,4.178,4.178,4.178,4.178,5.0
2022-08-12,4.166,4.166,4.166,4.166,5.0
2022-08-15,4.257,4.257,4.257,4.257,6.0
2022-08-16,4.296,4.296,4.296,4.296,65.0
2022-08-17,4.265,4.265,4.265,4.265,41.0
2022-08-18,4.271,4.271,4.271,4.271,11.0
2022-08-19,4.25,4.287,4.25,4.287,1.0
2022-08-22,4.35,4.35,4.346,4.346,2.0
2022-08-23,4.353,4.353,4.353,4.353,0.0
2022-08-24,4.35,4.362,4.35,4.362,1.0
2022-08-25,4.424,4.424,4.424,4.424,0.0
2022-08-26,4.448,4.448,4.448,4.448,5.0
2022-08-29,4.461,4.461,4.461,4.461,0.0
2022-08-30,4.468,4.468,4.468,4.468,0.0
2022-08-31,4.512,4.512,4.512,4.512,10.0
2022-09-01,4.58,4.58,4.58,4.58,5.0
2022-09-02,4.628,4.628,4.628,4.628,10.0
2022-09-06,4.601,4.601,4.601,4.601,0.0
2022-09-07,4.504,4.504,4.504,4.504,0.0
2022-09-08,4.42,4.42,4.42,4.42,1.0
2022-09-09,4.471,4.471,4.471,4.471,52.0
2022-09-12,4.503,4.503,4.503,4.503,0.0
2022-09-13,4.532,4.532,4.532,4.532,0.0
2022-09-14,4.568,4.568,4.568,4.568,0.0
2022-09-15,4.522,4.522,4.522,4.522,0.0
2022-09-16,4.441,4.441,4.441,4.441,0.0
2022-09-19,4.401,4.401,4.401,4.401,5.0
2022-09-20,4.378,4.378,4.378,4.378,20.0
2022-09-21,4.251,4.251,4.251,4.251,5.0
2022-09-22,4.144,4.144,4.144,4.144,19.0
2022-09-23,4.143,4.143,4.143,4.143,5.0
2022-09-26,4.077,4.077,4.077,4.077,14.0
2022-09-27,4.061,4.061,4.061,4.061,12.0
2022-09-28,4.066,4.066,4.066,4.066,5.0
2022-09-29,4.051,4.051,4.051,4.051,0.0
2022-09-30,4.057,4.057,4.057,4.057,0.0
2022-10-03,4.012,4.012,4.012,4.012,7.0
2022-10-04,4.059,4.059,4.059,4.059,10.0
2022-10-05,4.15,4.15,4.026,4.026,1.0
2022-10-06,4.053,4.053,4.053,4.053,0.0
2022-10-07,4.05,4.076,4.05,4.076,15.0
2022-10-10,4.083,4.083,4.083,4.083,2.0
2022-10-11,4.121,4.121,4.121,4.121,7.0
2022-10-12,4.09,4.09,4.06,4.077,61.0
2022-10-13,4.07,4.07,4.07,4.07,7.0
2022-10-14,4.077,4.077,4.077,4.077,18.0
2022-10-17,4.062,4.062,4.062,4.062,4.0
2022-10-18,4.007,4.007,4.007,4.007,5.0
2022-10-19,3.982,3.982,3.982,3.982,54.0
2022-10-20,3.98,3.98,3.975,3.975,140.0
2022-10-21,3.935,3.935,3.935,3.935,7.0
2022-10-24,3.976,3.976,3.976,3.976,0.0
2022-10-25,3.981,3.981,3.981,3.981,0.0
2022-10-26,4.001,4.001,4.001,4.001,1.0
2022-10-27,4.0,4.0,3.994,3.994,20.0
2022-10-28,3.988,3.99,3.988,3.99,2.0
2022-10-31,4.014,4.014,4.014,4.014,2.0
2022-11-01,3.979,3.979,3.979,3.979,0.0
2022-11-02,4.0,4.018,4.0,4.018,50.0
2022-11-03,4.037,4.037,4.037,4.037,0.0
2022-11-04,4.134,4.134,4.134,4.134,0.0
2022-11-07,4.126,4.126,4.126,4.126,13.0
2022-11-08,4.097,4.097,4.097,4.097,0.0
2022-11-09,4.111,4.111,4.111,4.111,2.0
2022-11-10,4.111,4.111,4.111,4.111,2.0
2022-11-11,4.108,4.108,4.108,4.108,17.0
2022-11-14,4.077,4.077,4.077,4.077,0.0
2022-11-15,4.102,4.102,4.102,4.102,1.0
2022-11-16,4.121,4.121,4.121,4.121,0.0
2022-11-17,4.113,4.113,4.113,4.113,14.0
2022-11-18,4.11,4.11,4.11,4.11,0.0
2022-11-21,4.062,4.062,4.062,4.062,0.0
2022-11-22,4.067,4.067,4.067,4.067,25.0
2022-11-23,4.059,4.059,4.059,4.059,0.0
2022-11-25,4.053,4.053,4.053,4.053,0.0
2022-11-28,3.991,3.991,3.991,3.991,0.0
2022-11-29,4.028,4.028,4.028,4.028,0.0
2022-11-30,4.042,4.042,4.042,4.042,0.0
2022-12-01,4.047,4.047,4.047,4.047,0.0
2022-12-02,4.034,4.034,4.034,4.034,1.0
2022-12-05,4.03,4.03,4.026,4.026,3.0
2022-12-06,4.039,4.039,4.039,4.039,13.0
2022-12-07,4.044,4.044,4.044,4.044,15.0
2022-12-08,4.076,4.076,4.076,4.076,1.0
2022-12-09,4.08,4.08,4.08,4.08,0.0
2022-12-12,4.103,4.103,4.103,4.103,0.0
2022-12-13,4.091,4.091,4.091,4.091,0.0
2022-12-14,4.089,4.089,4.089,4.089,0.0
2022-12-15,4.1,4.114,4.1,4.114,5.0
2022-12-16,4.19,4.19,4.15,4.15,5.0
2022-12-19,4.19,4.19,4.19,4.19,8.0
2022-12-20,4.185,4.185,4.185,4.185,10.0
2022-12-21,4.074,4.074,4.074,4.074,5.0
2022-12-22,3.991,3.991,3.991,3.991,35.0
2022-12-23,3.989,3.989,3.989,3.989,0.0
2022-12-27,4.065,4.065,4.065,4.065,0.0
2022-12-28,4.001,4.001,4.001,4.001,7.0
2022-12-29,3.979,3.979,3.979,3.979,0.0
2022-12-30,3.994,3.994,3.994,3.994,0.0
2023-01-03,3.94,3.94,3.94,3.94,5.0
2023-01-04,3.943,3.943,3.943,3.943,0.0
2023-01-05,3.835,3.835,3.835,3.835,1.0
2023-01-06,3.779,3.779,3.779,3.779,0.0
2023-01-09,3.787,3.787,3.787,3.787,6.0
2023-01-10,3.811,3.811,3.811,3.811,1.0
2023-01-11,3.777,3.777,3.777,3.777,3.0
2023-01-12,3.776,3.776,3.776,3.776,0.0
2023-01-13,3.785,3.785,3.785,3.785,40.0
2023-01-17,3.801,3.801,3.801,3.801,0.0
2023-01-18,3.799,3.799,3.799,3.799,0.0
2023-01-19,3.798,3.798,3.798,3.798,0.0
2023-01-20,3.823,3.823,3.823,3.823,20.0
2023-01-23,3.835,3.835,3.835,3.835,0.0
2023-01-24,3.804,3.804,3.804,3.804,0.0
2023-01-25,3.747,3.747,3.747,3.747,0.0
2023-01-26,3.747,3.747,3.747,3.747,0.0
2023-01-27,3.738,3.738,3.738,3.738,0.0
2023-01-30,3.659,3.659,3.659,3.659,0.0
2023-01-31,3.67,3.67,3.67,3.67,8.0
2023-02-01,3.65,3.65,3.579,3.579,50.0
2023-02-02,3.559,3.559,3.559,3.559,2.0
2023-02-03,3.5,3.515,3.5,3.515,2.0
2023-02-06,3.494,3.494,3.494,3.494,0.0
2023-02-07,3.59,3.59,3.59,3.59,20.0
2023-02-08,3.546,3.546,3.546,3.546,20.0
2023-02-09,3.498,3.498,3.498,3.498,21.0
2023-02-10,3.48,3.48,3.48,3.48,0.0
2023-02-13,3.45,3.45,3.423,3.423,14.0
2023-02-14,3.447,3.447,3.447,3.447,19.0
2023-02-15,3.432,3.432,3.432,3.432,0.0
2023-02-16,3.432,3.432,3.432,3.432,0.0
2023-02-17,3.395,3.395,3.395,3.395,50.0
2023-02-21,3.4,3.41,3.4,3.41,12.0
2023-02-22,3.425,3.425,3.425,3.425,52.0
2023-02-23,3.476,3.476,3.476,3.476,0.0
2023-02-24,3.522,3.522,3.522,3.522,2.0
2023-02-27,3.563,3.563,3.563,3.563,60.0
2023-02-28,3.611,3.611,3.611,3.611,0.0
2023-03-01,3.65,3.692,3.65,3.692,1.0
2023-03-02,3.7,3.725,3.7,3.7,4.0
2023-03-03,3.74,3.74,3.74,3.74,1.0
2023-03-06,3.772,3.772,3.772,3.772,0.0
2023-03-07,3.913,3.913,3.913,3.913,65.0
2023-03-08,3.901,3.901,3.901,3.901,3.0
2023-03-09,3.813,3.813,3.813,3.813,76.0
2023-03-10,3.892,3.892,3.892,3.892,9.0
2023-03-13,3.903,3.903,3.903,3.903,0.0
2023-03-14,3.954,3.954,3.954,3.954,9.0
2023-03-15,3.919,3.919,3.919,3.919,0.0
2023-03-16,3.961,3.961,3.961,3.961,14.0
2023-03-17,3.954,3.954,3.954,3.954,0.0
2023-03-20,3.88,3.88,3.88,3.88,0.0
2023-03-21,3.94,3.973,3.94,3.973,5.0
2023-03-22,3.94,3.94,3.912,3.912,45.0
2023-03-23,3.926,3.926,3.926,3.926,10.0
2023-03-24,3.895,3.895,3.895,3.895,12.0
2023-03-27,3.856,3.856,3.856,3.856,0.0
2023-03-28,3.794,3.794,3.794,3.794,0.0
2023-03-29,3.788,3.833,3.788,3.833,234.0
2023-03-30,3.802,3.802,3.802,3.802,21.0
2023-03-31,3.825,3.825,3.825,3.825,0.0
2023-04-03,3.79,3.79,3.79,3.79,0.0
2023-04-04,3.818,3.818,3.818,3.818,30.0
2023-04-05,3.774,3.774,3.774,3.774,7.0
2023-04-06,3.73,3.73,3.73,3.73,0.0
2023-04-10,3.808,3.808,3.808,3.808,0.0
2023-04-11,3.818,3.818,3.818,3.818,20.0
2023-04-12,3.744,3.744,3.744,3.744,23.0
2023-04-13,3.712,3.712,3.712,3.712,0.0
2023-04-14,3.732,3.732,3.732,3.732,14.0
2023-04-17,3.811,3.811,3.811,3.811,0.0
2023-04-18,3.809,3.809,3.809,3.809,0.0
2023-04-19,3.815,3.815,3.815,3.815,100.0
2023-04-20,3.847,3.847,3.847,3.847,0.0
2023-04-21,3.854,3.854,3.854,3.854,0.0
2023-04-24,3.895,3.895,3.895,3.895,0.0
2023-04-25,3.873,3.873,3.873,3.873,0.0
2023-04-26,3.864,3.864,3.853,3.853,112.0
2023-04-27,3.845,3.857,3.845,3.857,1.0
2023-04-28,3.876,3.876,3.876,3.876,0.0
2023-05-01,3.831,3.831,3.831,3.831,1.0
2023-05-02,3.82,3.82,3.82,3.82,0.0
2023-05-03,3.803,3.803,3.803,3.803,0.0
2023-05-04,3.818,3.818,3.818,3.818,0.0
2023-05-05,3.829,3.829,3.829,3.829,0.0
2023-05-08,3.797,3.797,3.797,3.797,0.0
2023-05-09,3.76,3.794,3.76,3.794,4.0
2023-05-10,3.785,3.785,3.785,3.785,7.0
2023-05-11,3.781,3.781,3.781,3.781,0.0
2023-05-12,3.771,3.771,3.771,3.771,0.0
2023-05-15,3.775,3.775,3.775,3.775,0.0
2023-05-16,3.748,3.748,3.748,3.748,6.0
2023-05-17,3.717,3.717,3.717,3.717,0.0
2023-05-18,3.726,3.726,3.726,3.726,0.0
2023-05-19,3.685,3.685,3.674,3.674,11.0
2023-05-22,3.632,3.632,3.632,3.632,0.0
2023-05-23,3.605,3.605,3.605,3.605,5.0
2023-05-24,3.66,3.66,3.66,3.66,0.0
2023-05-25,3.631,3.631,3.631,3.631,0.0
2023-05-26,3.64,3.659,3.64,3.659,1.0
2023-05-30,3.619,3.619,3.619,3.619,0.0
2023-05-31,3.5,3.584,3.5,3.584,1.0
2023-06-01,3.473,3.473,3.473,3.473,0.0
2023-06-02,3.513,3.513,3.513,3.513,0.0
2023-06-05,3.533,3.533,3.533,3.533,11.0
2023-06-06,3.519,3.519,3.519,3.519,0.0
2023-06-07,3.526,3.526,3.526,3.526,0.0
2023-06-08,3.518,3.518,3.518,3.518,200.0
2023-06-09,3.5,3.5,3.5,3.5,0.0
2023-06-12,3.49,3.497,3.49,3.497,2.0
2023-06-13,3.535,3.535,3.499,3.499,1.0
2023-06-14,3.541,3.541,3.541,3.541,0.0
2023-06-15,3.554,3.554,3.554,3.554,0.0
2023-06-16,3.527,3.527,3.527,3.527,0.0
2023-06-20,3.545,3.545,3.515,3.515,11.0
2023-06-21,3.57,3.57,3.57,3.57,0.0
2023-06-22,3.588,3.588,3.588,3.588,0.0
2023-06-23,3.552,3.552,3.552,3.552,0.0
2023-06-26,3.533,3.533,3.533,3.533,6.0
2023-06-27,3.508,3.508,3.508,3.508,0.0
2023-06-28,3.475,3.475,3.475,3.475,0.0
2023-06-29,3.439,3.439,3.439,3.439,0.0
2023-06-30,3.456,3.456,3.456,3.456,0.0
2023-07-03,3.457,3.457,3.457,3.457,0.0
2023-07-05,3.487,3.487,3.43,3.43,1.0
2023-07-06,3.447,3.447,3.447,3.447,1.0
2023-07-07,3.457,3.457,3.457,3.457,0.0
2023-07-10,3.467,3.467,3.467,3.467,0.0
2023-07-11,3.476,3.476,3.476,3.476,5.0
2023-07-12,3.474,3.474,3.474,3.474,0.0
2023-07-13,3.474,3.474,3.439,3.439,11.0
2023-07-14,3.47,3.47,3.47,3.47,0.0
2023-07-17,3.457,3.457,3.457,3.457,0.0
2023-07-18,3.487,3.487,3.487,3.487,50.0
2023-07-19,3.471,3.471,3.471,3.471,0.0
2023-07-20,3.492,3.492,3.492,3.492,0.0
2023-07-21,3.513,3.513,3.513,3.513,0.0
2023-07-24,3.548,3.548,3.548,3.548,0.0
2023-07-25,3.562,3.562,3.562,3.562,0.0
2023-07-26,3.57,3.57,3.566,3.566,50.0
2023-07-27,3.558,3.558,3.558,3.558,0.0
2023-07-28,3.567,3.567,3.567,3.567,0.0
2023-07-31,3.552,3.552,3.552,3.552,0.0
2023-08-01,3.536,3.536,3.536,3.536,0.0
2023-08-02,3.537,3.537,3.537,3.537,0.0
2023-08-03,3.526,3.526,3.526,3.526,0.0
2023-08-04,3.514,3.514,3.514,3.514,0.0
2023-08-07,3.562,3.562,3.562,3.562,0.0
2023-08-08,3.56,3.56,3.553,3.553,1.0
2023-08-09,3.515,3.515,3.515,3.515,0.0
2023-08-10,3.5,3.5,3.5,3.5,0.0
2023-08-11,3.54,3.54,3.54,3.54,0.0
2023-08-14,3.542,3.542,3.542,3.542,0.0
2023-08-15,3.529,3.529,3.529,3.529,0.0
2023-08-16,3.539,3.539,3.539,3.539,7.0
2023-08-17,3.549,3.549,3.549,3.549,20.0
2023-08-18,3.527,3.527,3.527,3.527,12.0
2023-08-21,3.548,3.548,3.548,3.548,7.0
2023-08-22,3.52,3.52,3.52,3.52,0.0
2023-08-23,3.527,3.527,3.527,3.527,0.0
2023-08-24,3.487,3.487,3.487,3.487,0.0
2023-08-25,3.491,3.491,3.491,3.491,7.0
2023-08-28,3.488,3.488,3.488,3.488,0.0
2023-08-29,3.458,3.458,3.458,3.458,0.0
2023-08-30,3.503,3.503,3.503,3.503,20.0
2023-08-31,3.508,3.508,3.508,3.508,0.0
2023-09-01,3.499,3.499,3.499,3.499,0.0
2023-09-05,3.463,3.463,3.463,3.463,7.0
2023-09-06,3.475,3.475,3.475,3.475,0.0
2023-09-07,3.458,3.458,3.458,3.458,0.0
2023-09-08,3.45,3.462,3.45,3.462,1.0
2023-09-11,3.42,3.42,3.411,3.411,52.0
2023-09-12,3.451,3.451,3.451,3.451,65.0
2023-09-13,3.472,3.472,3.472,3.472,157.0
2023-09-14,3.476,3.476,3.476,3.476,1.0
2023-09-15,3.427,3.427,3.427,3.427,0.0
2023-09-18,3.45,3.45,3.45,3.45,85.0
2023-09-19,3.446,3.446,3.446,3.446,40.0
2023-09-20,3.456,3.456,3.456,3.456,10.0
2023-09-21,3.466,3.466,3.466,3.466,0.0
2023-09-22,3.491,3.505,3.491,3.505,5.0
2023-09-25,3.468,3.468,3.468,3.468,0.0
2023-09-26,3.486,3.486,3.486,3.486,0.0
2023-09-27,3.5,3.5,3.5,3.5,8.0
2023-09-28,3.501,3.501,3.501,3.501,0.0
2023-09-29,3.5,3.5,3.5,3.5,11.0
2023-10-02,3.478,3.478,3.478,3.478,40.0
2023-10-03,3.508,3.508,3.508,3.508,20.0
2023-10-04,3.478,3.478,3.478,3.478,7.0
2023-10-05,3.5,3.5,3.491,3.491,4.0
2023-10-06,3.492,3.492,3.492,3.492,11.0
2023-10-09,3.504,3.504,3.504,3.504,5.0
2023-10-10,3.527,3.527,3.527,3.527,0.0
2023-10-11,3.552,3.552,3.552,3.552,18.0
2023-10-12,3.572,3.572,3.572,3.572,27.0
2023-10-13,3.571,3.571,3.571,3.571,0.0
2023-10-16,3.561,3.561,3.561,3.561,0.0
2023-10-17,3.563,3.563,3.563,3.563,45.0
2023-10-18,3.555,3.556,3.555,3.556,16.0
2023-10-19,3.555,3.562,3.555,3.562,4.0
2023-10-20,3.568,3.568,3.568,3.568,0.0
2023-10-23,3.572,3.572,3.572,3.572,0.0
2023-10-24,3.557,3.557,3.557,3.557,0.0
2023-10-25,3.566,3.566,3.566,3.566,1.0
2023-10-26,3.554,3.554,3.554,3.554,0.0
2023-10-27,3.546,3.546,3.546,3.546,28.0
2023-10-30,3.572,3.572,3.572,3.572,0.0
2023-10-31,3.548,3.548,3.548,3.548,57.0
2023-11-01,3.6,3.6,3.591,3.591,12.0
2023-11-02,3.61,3.658,3.61,3.658,7.0
2023-11-03,3.672,3.672,3.672,3.672,0.0
2023-11-06,3.689,3.689,3.689,3.689,539.0
2023-11-07,3.685,3.685,3.675,3.684,51.0
2023-11-08,3.635,3.635,3.635,3.635,160.0
2023-11-09,3.628,3.628,3.628,3.628,224.0
2023-11-10,3.611,3.611,3.611,3.611,0.0
2023-11-13,3.641,3.641,3.641,3.641,21.0
2023-11-14,3.634,3.634,3.634,3.634,0.0
2023-11-15,3.655,3.655,3.655,3.655,5.0
2023-11-16,3.655,3.655,3.635,3.635,56.0
2023-11-17,3.615,3.615,3.615,3.615,8.0
2023-11-20,3.582,3.582,3.582,3.582,9.0
2023-11-21,3.539,3.539,3.539,3.539,8.0
2023-11-22,3.558,3.558,3.558,3.558,46.0
2023-11-24,3.604,3.604,3.604,3.604,30.0
2023-11-27,3.607,3.607,3.607,3.607,25.0
2023-11-28,3.559,3.559,3.559,3.559,220.0
2023-11-29,3.542,3.542,3.542,3.542,35.0
2023-11-30,3.515,3.515,3.515,3.515,95.0
2023-12-01,3.534,3.534,3.534,3.534,0.0
2023-12-04,3.5,3.5,3.488,3.488,36.0
2023-12-05,3.494,3.494,3.494,3.494,7.0
2023-12-06,3.44,3.44,3.32,3.331,58.0
2023-12-07,3.321,3.321,3.321,3.321,34.0
2023-12-08,3.26,3.26,3.26,3.26,539.0
2023-12-11,3.23,3.23,3.219,3.219,241.0
2023-12-12,3.22,3.221,3.22,3.221,74.0
2023-12-13,3.257,3.257,3.257,3.257,657.0
2023-12-14,3.319,3.319,3.319,3.319,50.0
2023-12-15,3.377,3.377,3.377,3.377,85.0
2023-12-18,3.373,3.373,3.373,3.373,153.0
2023-12-19,3.332,3.332,3.332,3.332,113.0
2023-12-20,3.345,3.345,3.345,3.345,76.0
2023-12-21,3.378,3.378,3.378,3.378,0.0
2023-12-22,3.286,3.286,3.286,3.286,518.0
2023-12-26,3.265,3.265,3.265,3.265,264.0
2023-12-27,3.292,3.292,3.292,3.292,51.0
2023-12-28,3.334,3.334,3.334,3.334,665.0
2023-12-29,3.362,3.362,3.362,3.362,650.0
2024-01-02,3.376,3.376,3.376,3.376,18.0
2024-01-03,3.38,3.38,3.38,3.38,20.0
2024-01-04,3.406,3.406,3.406,3.406,47.0
2024-01-05,3.443,3.443,3.443,3.443,247.0
2024-01-08,3.47,3.47,3.47,3.47,76.0
2024-01-09,3.458,3.458,3.458,3.458,67.0
2024-01-10,3.428,3.428,3.428,3.428,11.0
2024-01-11,3.411,3.411,3.411,3.411,14.0
2024-01-12,3.396,3.396,3.396,3.396,13.0
2024-01-16,3.38,3.38,3.378,3.378,114.0
2024-01-17,3.421,3.421,3.421,3.421,32.0
2024-01-18,3.401,3.401,3.401,3.401,5.0
2024-01-19,3.345,3.345,3.345,3.345,19.0
2024-01-22,3.312,3.312,3.312,3.312,22.0
2024-01-23,3.375,3.375,3.375,3.375,10.0
2024-01-24,3.361,3.361,3.361,3.361,35.0
2024-01-25,3.29,3.29,3.29,3.29,11.0
2024-01-26,3.309,3.309,3.309,3.309,0.0
2024-01-29,3.259,3.259,3.259,3.259,0.0
2024-01-30,3.261,3.261,3.261,3.261,0.0
2024-01-31,3.257,3.257,3.257,3.257,6.0
2024-02-01,3.246,3.246,3.246,3.246,18.0
2024-02-02,3.277,3.277,3.277,3.277,1.0
2024-02-05,3.272,3.272,3.272,3.272,16.0
2024-02-06,3.272,3.272,3.266,3.266,52.0
2024-02-07,3.27,3.27,3.27,3.27,41.0
2024-02-08,3.25,3.268,3.25,3.268,18.0
2024-02-09,3.284,3.284,3.284,3.284,56.0
2024-02-12,3.289,3.289,3.275,3.275,2.0
2024-02-13,3.27,3.27,3.27,3.27,5.0
2024-02-14,3.211,3.211,3.211,3.211,0.0
2024-02-15,3.16,3.166,3.16,3.166,1.0
2024-02-16,3.136,3.136,3.136,3.136,0.0
2024-02-20,3.167,3.167,3.167,3.167,0.0
2024-02-21,3.236,3.236,3.236,3.236,267.0
2024-02-22,3.271,3.271,3.271,3.271,58.0
2024-02-23,3.238,3.238,3.238,3.238,315.0
2024-02-26,3.263,3.273,3.263,3.273,34.0
2024-02-27,3.292,3.292,3.292,3.292,40.0
2024-02-28,3.302,3.318,3.302,3.318,14.0
2024-02-29,3.312,3.312,3.312,3.312,321.0
2024-03-01,3.298,3.3,3.298,3.3,1.0
2024-03-04,3.313,3.313,3.313,3.313,0.0
2024-03-05,3.305,3.325,3.305,3.325,8.0
2024-03-06,3.325,3.325,3.323,3.323,663.0
2024-03-07,3.309,3.309,3.309,3.309,29.0
2024-03-08,3.305,3.305,3.294,3.294,9.0
2024-03-11,3.299,3.299,3.299,3.299,90.0
2024-03-12,3.302,3.302,3.302,3.302,15.0
2024-03-13,3.3,3.305,3.3,3.303,234.0
2024-03-14,3.297,3.311,3.297,3.311,72.0
2024-03-15,3.287,3.287,3.287,3.287,1.0
2024-03-18,3.356,3.356,3.309,3.331,26.0
2024-03-19,3.311,3.334,3.311,3.333,29.0
2024-03-20,3.313,3.313,3.313,3.313,1.0
2024-03-21,3.296,3.296,3.296,3.296,91.0
2024-03-22,3.285,3.285,3.285,3.285,10.0
2024-03-25,3.255,3.275,3.255,3.275,7.0
2024-03-26,3.28,3.305,3.28,3.305,45.0
2024-03-27,3.29,3.292,3.29,3.292,59.0
2024-03-28,3.305,3.314,3.305,3.314,8.0
2024-04-01,3.315,3.339,3.315,3.339,37.0
2024-04-02,3.355,3.365,3.34,3.348,672.0
2024-04-03,3.338,3.348,3.335,3.348,802.0
2024-04-04,3.32,3.332,3.32,3.332,33.0
2024-04-05,3.321,3.34,3.321,3.329,22.0
2024-04-08,3.337,3.35,3.333,3.35,59.0
2024-04-09,3.36,3.36,3.335,3.351,859.0
2024-04-10,3.348,3.356,3.348,3.356,814.0
2024-04-11,3.402,3.402,3.402,3.402,192.0
2024-04-12,3.45,3.464,3.431,3.464,282.0
2024-04-15,3.46,3.488,3.46,3.488,29.0
2024-04-16,3.477,3.501,3.471,3.501,134.0
2024-04-17,3.495,3.495,3.476,3.478,301.0
2024-04-18,3.46,3.475,3.46,3.475,64.0
2024-04-19,3.47,3.471,3.462,3.467,189.0
2024-04-22,3.485,3.485,3.485,3.485,610.0
2024-04-23,3.5,3.5,3.495,3.497,190.0
2024-04-24,3.51,3.52,3.5,3.52,29.0
2024-04-25,3.52,3.52,3.502,3.502,58.0
2024-04-26,3.511,3.511,3.511,3.511,18.0
2024-04-29,3.52,3.522,3.52,3.522,323.0
2024-04-30,3.513,3.514,3.504,3.514,654.0
2024-05-01,3.503,3.503,3.503,3.503,698.0
2024-05-02,3.488,3.505,3.488,3.494,164.0
2024-05-03,3.489,3.489,3.459,3.469,277.0
2024-05-06,3.48,3.48,3.472,3.472,258.0
2024-05-07,3.462,3.481,3.428,3.428,307.0
2024-05-08,3.427,3.427,3.374,3.383,132.0
2024-05-09,3.352,3.352,3.329,3.337,1118.0
2024-05-10,3.377,3.377,3.346,3.371,372.0
2024-05-13,3.35,3.391,3.35,3.391,1008.0
2024-05-14,3.423,3.423,3.387,3.406,359.0
2024-05-15,3.43,3.45,3.43,3.436,234.0
2024-05-16,3.442,3.473,3.442,3.468,179.0
2024-05-17,3.489,3.489,3.475,3.478,112.0
2024-05-20,3.493,3.507,3.493,3.507,512.0
2024-05-21,3.498,3.498,3.478,3.491,462.0
2024-05-22,3.481,3.503,3.467,3.503,2039.0
2024-05-23,3.5,3.512,3.47,3.481,650.0
2024-05-24,3.474,3.474,3.43,3.442,884.0
2024-05-28,3.423,3.455,3.419,3.428,468.0
2024-05-29,3.405,3.405,3.371,3.379,144.0
2024-05-30,3.365,3.367,3.354,3.354,1037.0
2024-05-31,3.342,3.348,3.335,3.343,383.0
2024-06-03,3.359,3.38,3.341,3.358,200.0
2024-06-04,3.359,3.402,3.336,3.344,524.0
2024-06-05,3.378,3.397,3.378,3.394,305.0
2024-06-06,3.4,3.4,3.385,3.394,709.0
2024-06-07,3.402,3.415,3.391,3.399,1191.0
2024-06-10,3.426,3.438,3.407,3.415,178.0
2024-06-11,3.456,3.477,3.43,3.462,1340.0
2024-06-12,3.448,3.462,3.406,3.43,180.0
2024-06-13,3.435,3.435,3.38,3.399,204.0
2024-06-14,3.378,3.403,3.367,3.397,1161.0
2024-06-17,3.382,3.409,3.376,3.406,517.0
2024-06-18,3.425,3.432,3.395,3.427,361.0
2024-06-20,3.419,3.434,3.376,3.396,348.0
2024-06-21,3.393,3.393,3.366,3.375,574.0
2024-06-24,3.354,3.381,3.354,3.379,1439.0
2024-06-25,3.363,3.371,3.353,3.356,654.0
2024-06-26,3.33,3.36,3.32,3.355,662.0
2024-06-27,3.337,3.349,3.289,3.289,116.0
2024-06-28,3.279,3.306,3.279,3.303,67.0
2024-07-01,3.32,3.32,3.274,3.288,211.0
2024-07-02,3.284,3.294,3.278,3.278,192.0
2024-07-03,3.266,3.27,3.265,3.269,330.0
2024-07-05,3.25,3.27,3.25,3.255,47.0
2024-07-08,3.257,3.273,3.257,3.273,26.0
2024-07-09,3.269,3.288,3.269,3.27,41.0
2024-07-10,3.257,3.259,3.24,3.259,350.0
2024-07-11,3.233,3.233,3.233,3.233,252.0
2024-07-12,3.224,3.224,3.224,3.224,348.0
2024-07-15,3.21,3.217,3.205,3.217,1034.0
2024-07-16,3.213,3.231,3.206,3.213,979.0
2024-07-17,3.184,3.184,3.15,3.15,328.0
2024-07-18,3.137,3.17,3.137,3.168,289.0
2024-07-19,3.16,3.212,3.16,3.206,442.0
2024-07-22,3.222,3.248,3.222,3.248,212.0
2024-07-23,3.229,3.229,3.21,3.229,175.0
2024-07-24,3.183,3.213,3.183,3.202,160.0
2024-07-25,3.172,3.187,3.148,3.152,93.0
2024-07-26,3.12,3.156,3.12,3.156,306.0
2024-07-29,3.093,3.146,3.093,3.125,778.0
2024-07-30,3.11,3.128,3.088,3.128,666.0
2024-07-31,3.138,3.138,3.108,3.123,215.0
2024-08-01,3.128,3.128,3.09,3.093,1108.0
2024-08-02,3.093,3.104,3.08,3.095,49.0
2024-08-05,3.073,3.076,3.047,3.056,529.0
2024-08-06,3.031,3.06,3.029,3.047,825.0
2024-08-07,3.089,3.092,3.073,3.09,378.0
2024-08-08,3.106,3.154,3.081,3.144,701.0
2024-08-09,3.154,3.165,3.134,3.165,345.0
2024-08-12,3.188,3.189,3.143,3.166,174.0
2024-08-13,3.174,3.178,3.121,3.124,454.0
2024-08-14,3.122,3.166,3.114,3.163,454.0
2024-08-15,3.164,3.17,3.145,3.156,344.0
2024-08-16,3.124,3.124,3.092,3.101,188.0
2024-08-19,3.101,3.132,3.093,3.127,463.0
2024-08-20,3.131,3.167,3.111,3.167,1024.0
2024-08-21,3.186,3.201,3.159,3.188,281.0
2024-08-22,3.158,3.191,3.142,3.182,253.0
2024-08-23,3.167,3.183,3.14,3.174,992.0
2024-08-26,3.132,3.175,3.132,3.167,200.0
2024-08-27,3.151,3.166,3.146,3.163,357.0
2024-08-28,3.126,3.174,3.126,3.155,269.0
2024-08-29,3.13,3.139,3.097,3.134,289.0
2024-08-30,3.121,3.125,3.108,3.125,314.0
2024-09-03,3.14,3.146,3.097,3.136,658.0
2024-09-04,3.127,3.163,3.117,3.13,427.0
2024-09-05,3.113,3.166,3.113,3.126,460.0
2024-09-06,3.129,3.13,3.103,3.121,351.0
2024-09-09,3.097,3.141,3.096,3.12,423.0
2024-09-10,3.114,3.149,3.103,3.112,784.0
2024-09-11,3.12,3.138,3.112,3.122,890.0
2024-09-12,3.126,3.143,3.111,3.126,259.0
2024-09-13,3.133,3.143,3.112,3.117,183.0
2024-09-16,3.11,3.134,3.104,3.131,523.0
2024-09-17,3.14,3.153,3.111,3.131,773.0
2024-09-18,3.136,3.156,3.126,3.131,782.0
2024-09-19,3.137,3.151,3.121,3.151,140.0
2024-09-20,3.141,3.2,3.136,3.195,822.0
2024-09-23,3.195,3.233,3.173,3.178,1265.0
2024-09-24,3.19,3.198,3.16,3.177,589.0
2024-09-25,3.185,3.213,3.185,3.212,532.0
2024-09-26,3.203,3.234,3.194,3.225,920.0
2024-09-27,3.222,3.264,3.191,3.258,502.0
2024-09-30,3.241,3.268,3.23,3.248,425.0
2024-10-01,3.242,3.249,3.222,3.233,435.0
2024-10-02,3.241,3.258,3.215,3.239,773.0
2024-10-03,3.256,3.264,3.248,3.255,667.0
2024-10-04,3.249,3.274,3.249,3.265,541.0
2024-10-07,3.263,3.28,3.253,3.26,759.0
2024-10-08,3.258,3.263,3.217,3.248,331.0
2024-10-09,3.218,3.223,3.196,3.212,1131.0
2024-10-10,3.191,3.21,3.154,3.21,1188.0
2024-10-11,3.206,3.208,3.155,3.175,1571.0
2024-10-14,3.15,3.15,3.115,3.13,2331.0
2024-10-15,3.112,3.171,3.095,3.16,1249.0
2024-10-16,3.141,3.153,3.11,3.13,1453.0
2024-10-17,3.106,3.148,3.088,3.139,1594.0
2024-10-18,3.118,3.12,3.099,3.108,422.0
2024-10-21,3.094,3.154,3.078,3.124,544.0
2024-10-22,3.135,3.175,3.123,3.161,467.0
2024-10-23,3.138,3.192,3.126,3.175,979.0
2024-10-24,3.185,3.2,3.156,3.191,1997.0
2024-10-25,3.184,3.216,3.178,3.207,1460.0
2024-10-28,3.184,3.184,3.129,3.164,1429.0
2024-10-29,3.149,3.213,3.133,3.168,903.0
2024-10-30,3.201,3.221,3.17,3.208,1415.0
2024-10-31,3.208,3.211,3.173,3.187,899.0
2024-11-01,3.173,3.192,3.16,3.185,375.0
2024-11-04,3.17,3.211,3.168,3.193,1247.0
2024-11-05,3.194,3.206,3.156,3.165,768.0
2024-11-06,3.153,3.219,3.144,3.193,1188.0
2024-11-07,3.165,3.195,3.144,3.178,1264.0
2024-11-08,3.158,3.187,3.153,3.172,1472.0
2024-11-11,3.21,3.231,3.195,3.206,1243.0
2024-11-12,3.219,3.223,3.18,3.205,1054.0
2024-11-13,3.207,3.25,3.186,3.24,1074.0
2024-11-14,3.217,3.258,3.215,3.227,583.0
2024-11-15,3.225,3.253,3.218,3.248,948.0
2024-11-18,3.274,3.285,3.234,3.27,817.0
2024-11-19,3.27,3.306,3.243,3.286,1818.0
2024-11-20,3.292,3.329,3.262,3.322,1780.0
2024-11-21,3.319,3.396,3.302,3.35,2432.0
2024-11-22,3.38,3.389,3.295,3.346,1356.0
2024-11-25,3.413,3.415,3.369,3.401,1422.0
2024-11-26,3.387,3.426,3.369,3.408,1826.0
2024-11-27,3.374,3.374,3.34,3.349,1009.0
2024-11-29,3.378,3.408,3.344,3.386,867.0
2024-12-02,3.346,3.381,3.337,3.377,1555.0
2024-12-03,3.391,3.408,3.317,3.325,1280.0
2024-12-04,3.306,3.381,3.305,3.371,631.0
2024-12-05,3.393,3.397,3.36,3.38,411.0
2024-12-06,3.356,3.395,3.351,3.394,1601.0
2024-12-09,3.418,3.439,3.375,3.392,1108.0
2024-12-10,3.369,3.388,3.342,3.383,548.0
2024-12-11,3.377,3.415,3.368,3.404,1386.0
2024-12-12,3.41,3.42,3.368,3.406,1361.0
2024-12-13,3.405,3.419,3.354,3.373,1214.0
2024-12-16,3.36,3.379,3.343,3.353,1153.0
2024-12-17,3.357,3.377,3.338,3.367,2476.0
2024-12-18,3.355,3.388,3.339,3.354,1070.0
2024-12-19,3.381,3.407,3.361,3.384,1016.0
2024-12-20,3.39,3.427,3.369,3.41,2426.0
2024-12-23,3.417,3.435,3.384,3.423,904.0
2024-12-24,3.432,3.446,3.399,3.442,438.0
2024-12-26,3.415,3.45,3.404,3.435,1052.0
2024-12-27,3.485,3.488,3.447,3.482,740.0
2024-12-30,3.485,3.55,3.477,3.515,1934.0
2024-12-31,3.493,3.495,3.433,3.468,973.0
2025-01-02,3.478,3.53,3.446,3.476,2576.0
2025-01-03,3.447,3.482,3.406,3.424,1673.0
2025-01-06,3.462,3.484,3.44,3.443,3396.0
2025-01-07,3.428,3.495,3.408,3.421,1796.0
2025-01-08,3.449,3.49,3.449,3.458,1473.0
2025-01-09,3.445,3.518,3.426,3.467,2606.0
2025-01-10,3.502,3.516,3.486,3.492,5100.0
2025-01-13,3.534,3.542,3.509,3.523,1773.0
2025-01-14,3.469,3.551,3.469,3.537,1737.0
2025-01-15,3.53,3.586,3.507,3.574,3088.0
2025-01-16,3.543,3.669,3.539,3.657,3133.0
2025-01-17,3.618,3.618,3.551,3.575,4224.0
2025-01-21,3.567,3.576,3.533,3.545,1420.0
2025-01-22,3.532,3.645,3.531,3.628,2150.0
2025-01-23,3.617,3.67,3.593,3.641,1459.0
2025-01-24,3.621,3.649,3.587,3.649,909.0
2025-01-27,3.573,3.58,3.489,3.554,1442.0
2025-01-28,3.528,3.528,3.473,3.48,1025.0
2025-01-29,3.46,3.556,3.452,3.537,2818.0
2025-01-30,3.534,3.576,3.445,3.452,2905.0
2025-01-31,3.464,3.491,3.42,3.46,1161.0
2025-02-03,3.547,3.59,3.52,3.554,2628.0
2025-02-04,3.525,3.553,3.495,3.53,2321.0
2025-02-05,3.504,3.569,3.48,3.546,1481.0
2025-02-06,3.555,3.582,3.52,3.556,1889.0
2025-02-07,3.53,3.566,3.515,3.529,1728.0
2025-02-10,3.55,3.64,3.549,3.63,3338.0
2025-02-11,3.62,3.693,3.617,3.674,2442.0
2025-02-12,3.663,3.69,3.642,3.688,2044.0
2025-02-13,3.732,3.744,3.666,3.712,5417.0
2025-02-14,3.725,3.774,3.707,3.733,1858.0
2025-02-18,3.668,3.855,3.636,3.855,5653.0
2025-02-19,3.806,3.919,3.792,3.889,5228.0
2025-02-20,3.902,3.921,3.77,3.778,3153.0
2025-02-21,3.787,3.836,3.758,3.779,3907.0
2025-02-24,3.728,3.77,3.706,3.749,2310.0
2025-02-25,3.747,3.783,3.733,3.781,2360.0
2025-02-26,3.782,3.788,3.668,3.683,4279.0
2025-02-27,3.683,3.705,3.643,3.654,1859.0
2025-02-28,3.661,3.682,3.634,3.669,3533.0
2025-03-03,3.66,3.76,3.645,3.746,3876.0
2025-03-04,3.732,3.809,3.679,3.766,7670.0
2025-03-05,3.765,3.83,3.738,3.824,3625.0
2025-03-06,3.801,3.827,3.756,3.771,2527.0
2025-03-07,3.767,3.927,3.739,3.909,3510.0
2025-03-10,4.102,4.231,3.953,3.975,2565.0
2025-03-11,3.959,4.038,3.953,4.022,3433.0
2025-03-12,3.957,3.983,3.906,3.927,3032.0
2025-03-13,3.934,4.004,3.871,3.989,2634.0
2025-03-14,3.97,4.061,3.939,4.023,5084.0
2025-03-17,4.045,4.058,3.985,4.008,3120.0
2025-03-18,4.006,4.033,3.971,3.992,4661.0
2025-03-19,3.998,4.053,3.989,4.046,2887.0
2025-03-20,4.023,4.04,3.943,3.947,3487.0
2025-03-21,3.95,3.973,3.907,3.934,2495.0
2025-03-24,3.903,3.967,3.894,3.937,1678.0
2025-03-25,3.888,3.979,3.888,3.936,2367.0
2025-03-26,3.947,3.978,3.925,3.939,3506.0
2025-03-27,3.928,3.984,3.877,3.969,3851.0
2025-03-28,3.944,3.989,3.919,3.97,5543.0
2025-03-31,4.007,4.024,3.979,3.993,3178.0
2025-04-01,3.989,4.005,3.935,3.939,6448.0
2025-04-02,3.951,4.006,3.939,3.983,6731.0
2025-04-03,3.964,4.014,3.938,3.973,5726.0
2025-04-04,3.944,3.974,3.773,3.817,7371.0
2025-04-07,3.736,3.828,3.658,3.693,7916.0
2025-04-08,3.68,3.765,3.592,3.615,7001.0
2025-04-09,3.604,3.783,3.48,3.77,10164.0
2025-04-10,3.723,3.756,3.584,3.636,6002.0
2025-04-11,3.597,3.656,3.556,3.644,5588.0
2025-04-14,3.627,3.728,3.591,3.599,5834.0
2025-04-15,3.605,3.665,3.582,3.657,6893.0
2025-04-16,3.634,3.707,3.62,3.688,6360.0
2025-04-17,3.701,3.742,3.673,3.7,4589.0
2025-04-21,3.686,3.732,3.584,3.587,4869.0
2025-04-22,3.598,3.641,3.589,3.591,7584.0
2025-04-23,3.611,3.66,3.579,3.618,7638.0
2025-04-24,3.599,3.644,3.578,3.639,6249.0
2025-04-25,3.629,3.679,3.605,3.634,8048.0
2025-04-28,3.642,3.74,3.594,3.717,6995.0
2025-04-29,3.742,3.782,3.722,3.767,5500.0
2025-04-30,3.764,3.832,3.749,3.809,4996.0
2025-05-01,3.835,3.907,3.835,3.888,6378.0
2025-05-02,3.864,3.963,3.852,3.941,5507.0
2025-05-05,3.985,4.047,3.95,3.956,5835.0
2025-05-06,3.963,4.018,3.918,3.939,6498.0
2025-05-07,3.978,3.994,3.911,3.918,3536.0
2025-05-08,3.916,3.941,3.865,3.889,4055.0
2025-05-09,3.92,3.953,3.884,3.948,4753.0
2025-05-12,3.945,3.974,3.908,3.916,2869.0
2025-05-13,3.935,3.984,3.909,3.961,2771.0
2025-05-14,3.951,3.956,3.893,3.915,2369.0
2025-05-15,3.903,3.947,3.879,3.893,4231.0
2025-05-16,3.896,3.927,3.864,3.902,3083.0
2025-05-19,3.857,3.865,3.717,3.729,8580.0
2025-05-20,3.745,3.879,3.739,3.871,5850.0
2025-05-21,3.861,3.945,3.841,3.886,3217.0
2025-05-22,3.877,3.913,3.842,3.877,2250.0
2025-05-23,3.904,3.942,3.865,3.939,2748.0
2025-05-27,3.936,3.976,3.892,3.927,6063.0
2025-05-28,3.927,3.947,3.828,3.846,3197.0
2025-05-29,3.849,3.861,3.767,3.817,2643.0
2025-05-30,3.823,3.845,3.782,3.804,2552.0
2025-06-02,3.838,3.914,3.838,3.9,5301.0
2025-06-03,3.921,3.946,3.873,3.938,3532.0
2025-06-04,3.933,3.979,3.922,3.971,5024.0
2025-06-05,3.96,3.995,3.921,3.958,5000.0
2025-06-06,3.975,4.024,3.947,4.002,5062.0
2025-06-09,3.976,3.979,3.908,3.964,4957.0
2025-06-10,3.959,3.985,3.901,3.929,3353.0
2025-06-11,3.931,3.957,3.868,3.896,3383.0
2025-06-12,3.909,3.949,3.863,3.869,2538.0
2025-06-13,3.931,3.934,3.859,3.899,4186.0
2025-06-16,3.954,3.957,3.921,3.949,2866.0
2025-06-17,3.959,4.015,3.958,4.001,6049.0
2025-06-18,4.014,4.073,4.0,4.035,8803.0
2025-06-20,4.04,4.093,3.996,4.02,6982.0
2025-06-23,4.039,4.056,3.951,3.978,2938.0
2025-06-24,3.947,3.975,3.911,3.926,5079.0
2025-06-25,3.937,3.951,3.898,3.907,2393.0
2025-06-26,3.893,3.926,3.86,3.915,5640.0
2025-06-27,3.932,3.979,3.904,3.966,4388.0
2025-06-30,3.929,3.929,3.795,3.81,6580.0
2025-07-01,3.808,3.826,3.651,3.783,8054.0
2025-07-02,3.764,3.818,3.728,3.806,6642.0
2025-07-03,3.822,3.869,3.74,3.755,8357.0
2025-07-07,3.707,3.819,3.667,3.793,7855.0
2025-07-08,3.781,3.836,3.769,3.783,8180.0
2025-07-09,3.77,3.789,3.673,3.738,11900.0
2025-07-10,3.73,3.829,3.713,3.813,5570.0
2025-07-11,3.819,3.86,3.795,3.848,4464.0
2025-07-14,3.874,3.933,3.867,3.904,6683.0
2025-07-15,3.888,3.939,3.873,3.928,4413.0
2025-07-16,3.933,3.945,3.902,3.924,4520.0
2025-07-17,3.914,3.936,3.855,3.888,6231.0
2025-07-18,3.866,3.899,3.757,3.858,8703.0
2025-07-21,3.77,3.795,3.692,3.733,9996.0
2025-07-22,3.716,3.736,3.669,3.729,9557.0
2025-07-23,3.726,3.726,3.632,3.641,11346.0
2025-07-24,3.64,3.677,3.625,3.646,8516.0
2025-07-25,3.642,3.665,3.592,3.612,6519.0
2025-07-28,3.594,3.612,3.493,3.543,12788.0
2025-07-29,3.56,3.598,3.55,3.58,5966.0
2025-07-30,3.587,3.616,3.522,3.567,8345.0
2025-07-31,3.552,3.615,3.519,3.598,10756.0
2025-08-01,3.58,3.61,3.565,3.601,4747.0
2025-08-04,3.568,3.59,3.489,3.518,13074.0
2025-08-05,3.515,3.56,3.505,3.537,6516.0
2025-08-06,3.532,3.587,3.498,3.577,7865.0
2025-08-07,3.572,3.604,3.545,3.574,9303.0
2025-08-08,3.578,3.6,3.5,3.522,10436.0
2025-08-11,3.491,3.544,3.471,3.527,11776.0
2025-08-12,3.534,3.542,3.443,3.466,13286.0
2025-08-13,3.46,3.48,3.427,3.45,12706.0
2025-08-14,3.45,3.464,3.397,3.427,11554.0
2025-08-15,3.422,3.496,3.411,3.468,6887.0
2025-08-18,3.445,3.483,3.423,3.469,5729.0
2025-08-19,3.457,3.46,3.393,3.409,8583.0
2025-08-20,3.406,3.423,3.386,3.405,8644.0
2025-08-21,3.421,3.456,3.391,3.437,6899.0
2025-08-22,3.446,3.446,3.385,3.396,7426.0
2025-08-25,3.378,3.389,3.34,3.376,4874.0
2025-08-26,3.374,3.424,3.346,3.4,9209.0
2025-08-27,3.412,3.477,3.406,3.45,10650.0
2025-08-28,3.434,3.515,3.422,3.486,10043.0
2025-08-29,3.506,3.542,3.473,3.525,8805.0
2025-09-02,3.505,3.557,3.465,3.508,11417.0
2025-09-03,3.499,3.564,3.49,3.526,6910.0
2025-09-04,3.52,3.549,3.499,3.53,5936.0
2025-09-05,3.53,3.548,3.467,3.482,6103.0
2025-09-08,3.487,3.539,3.481,3.515,6787.0
2025-09-09,3.508,3.55,3.482,3.536,6726.0
2025-09-10,3.525,3.543,3.491,3.522,8955.0
2025-09-11,3.521,3.54,3.495,3.51,8780.0
2025-09-12,3.498,3.516,3.471,3.476,8343.0
2025-09-15,3.495,3.52,3.458,3.517,5688.0
2025-09-16,3.482,3.561,3.455,3.551,5847.0
2025-09-17,3.558,3.588,3.542,3.566,6162.0
2025-09-18,3.561,3.572,3.498,3.511,12066.0
2025-09-19,3.503,3.539,3.484,3.493,9800.0
2025-09-22,3.513,3.518,3.44,3.443,10919.0
2025-09-23,3.435,3.451,3.401,3.437,12816.0
2025-09-24,3.438,3.456,3.401,3.439,7488.0
2025-09-25,3.456,3.507,3.443,3.484,10747.0
2025-09-26,3.501,3.521,3.463,3.506,11000.0
2025-09-29,3.482,3.543,3.474,3.531,11345.0
2025-09-30,3.536,3.572,3.513,3.518,14583.0
2025-10-01,3.543,3.639,3.531,3.628,19781.0
2025-10-02,3.62,3.733,3.607,3.673,16562.0
2025-10-03,3.666,3.706,3.645,3.657,16163.0
2025-10-06,3.651,3.737,3.643,3.661,10340.0
2025-10-07,3.666,3.739,3.635,3.719,16112.0
2025-10-08,3.729,3.737,3.642,3.649,15209.0
2025-10-09,3.637,3.659,3.586,3.605,12727.0
2025-10-10,3.586,3.59,3.522,3.535,12469.0
2025-10-13,3.532,3.558,3.497,3.546,14169.0
2025-10-14,3.529,3.534,3.471,3.481,13119.0
2025-10-15,3.472,3.494,3.442,3.48,12660.0
2025-10-16,3.487,3.506,3.433,3.442,14495.0
2025-10-17,3.434,3.521,3.417,3.519,12056.0
2025-10-20,3.571,3.668,3.571,3.661,28534.0
2025-10-21,3.643,3.701,3.598,3.683,25802.0
2025-10-22,3.672,3.709,3.631,3.647,16137.0
2025-10-23,3.653,3.694,3.599,3.623,16655.0
2025-10-24,3.59,3.638,3.553,3.603,14911.0
2025-10-27,3.643,3.655,3.561,3.627,15742.0
2025-10-28,3.608,3.622,3.525,3.545,23475.0
2025-10-29,3.547,3.575,3.494,3.55,23836.0
2025-10-30,3.547,3.673,3.528,3.612,23357.0
2025-10-31,3.661,3.708,3.628,3.688,19863.0
2025-11-03,3.717,3.758,3.654,3.753,29751.0
2025-11-04,3.72,3.826,3.713,3.78,24039.0
2025-11-05,3.764,3.778,3.694,3.708,22272.0
2025-11-06,3.725,3.761,3.655,3.727,25070.0
2025-11-07,3.748,3.769,3.692,3.731,33863.0
2025-11-10,3.799,3.825,3.668,3.718,33640.0
2025-11-11,3.739,3.829,3.696,3.819,39755.0
2025-11-12,3.802,3.848,3.781,3.828,31157.0
2025-11-13,3.837,3.896,3.802,3.856,34908.0
2025-11-14,3.9,3.9,3.738,3.805,23061.0
2025-11-17,3.772,3.804,3.73,3.76,21101.0
2025-11-18,3.74,3.769,3.692,3.736,23861.0
2025-11-19,3.742,3.828,3.732,3.801,23026.0
2025-11-20,3.785,3.848,3.77,3.778,25183.0
2025-11-21,3.774,3.826,3.765,3.784,27240.0
2025-11-24,3.746,3.753,3.699,3.736,19811.0
2025-11-25,3.708,3.724,3.609,3.636,31169.0
2025-11-26,3.649,3.697,3.631,3.647,23819.0
2025-11-28,3.668,3.737,3.622,3.719,15208.0
2025-12-01,3.75,3.765,3.69,3.737,32452.0
2025-12-02,3.716,3.771,3.711,3.76,33858.0
2025-12-03,3.765,3.922,3.76,3.905,43062.0
2025-12-04,3.913,3.969,3.873,3.962,32971.0
2025-12-05,3.97,4.12,3.962,4.048,63796.0
2025-12-08,3.973,4.001,3.732,3.777,49171.0
2025-12-09,3.733,3.762,3.645,3.649,39691.0
2025-12-10,3.668,3.705,3.596,3.668,27062.0
2025-12-11,3.682,3.684,3.546,3.586,36696.0
2025-12-12,3.587,3.587,3.42,3.426,40011.0
2025-12-15,3.468,3.483,3.329,3.365,28903.0
2025-12-16,3.371,3.385,3.28,3.3,35223.0
2025-12-17,3.341,3.413,3.315,3.367,26309.0
2025-12-18,3.416,3.454,3.226,3.255,32019.0
2025-12-19,3.265,3.272,3.192,3.238,27444.0
2025-12-22,3.36,3.36,3.097,3.137,33678.0
2025-12-23,3.141,3.335,3.132,3.313,32795.0
2025-12-24,3.33,3.364,3.253,3.26,20261.0
2025-12-26,3.256,3.369,3.256,3.344,22000.0
2025-12-29,3.38,3.429,3.336,3.412,30833.0
2025-12-30,3.413,3.494,3.382,3.397,24038.0
2025-12-31,3.404,3.409,3.22,3.23,29634.0
2026-01-02,3.229,3.23,3.117,3.126,32188.0
2026-01-05,3.067,3.074,2.907,2.978,64830.0
2026-01-06,2.982,2.982,2.882,2.927,34672.0
2026-01-07,2.975,3.033,2.962,3.004,32436.0
2026-01-08,3.027,3.046,2.902,2.907,56282.0
2026-01-09,2.917,2.923,2.722,2.751,79680.0
2026-01-12,2.821,2.928,2.776,2.919,67945.0
2026-01-13,2.894,2.965,2.849,2.95,56056.0
2026-01-14,2.934,2.944,2.712,2.792,77556.0
2026-01-15,2.772,2.802,2.689,2.771,44992.0
2026-01-16,2.774,2.829,2.721,2.779,39236.0
2026-01-20,2.913,3.235,2.909,3.228,100579.0
2026-01-21,3.207,3.555,3.136,3.46,96093.0
2026-01-22,3.433,3.606,3.372,3.5,82455.0
2026-01-23,3.41,3.575,3.399,3.532,79470.0
2026-01-26,3.676,3.802,3.528,3.661,88836.0
2026-01-27,3.62,3.716,3.481,3.674,72191.0
2026-01-28,3.642,3.721,3.544,3.614,57394.0
2026-01-29,3.616,3.728,3.594,3.723,49920.0
2026-01-30,3.682,4.075,3.651,4.008,127227.0
2026-02-02,3.675,3.675,3.112,3.195,195289.0
2026-02-03,3.227,3.299,3.118,3.208,63252.0
2026-02-04,3.266,3.386,3.205,3.313,47820.0
2026-02-05,3.323,3.39,3.231,3.338,67126.0
2026-02-06,3.357,3.454,3.225,3.247,83207.0
2026-02-09,3.145,3.172,3.055,3.077,75436.0
2026-02-10,3.077,3.127,3.033,3.052,83447.0
2026-02-11,3.083,3.15,3.005,3.093,86587.0
2026-02-12,3.129,3.2,3.08,3.099,94491.0
2026-02-13,3.1,3.121,3.014,3.117,48932.0
2026-02-17,2.995,3.075,2.917,2.96,83606.0
2026-02-18,2.977,2.981,2.893,2.952,61859.0
2026-02-19,2.966,3.021,2.936,2.968,47920.0
2026-02-20,2.947,3.094,2.935,3.004,66448.0
2026-02-23,3.141,3.161,2.934,2.943,62339.0
2026-02-24,2.942,2.956,2.849,2.853,72037.0
2026-02-25,2.858,2.951,2.844,2.887,63019.0
2026-02-26,2.91,2.91,2.807,2.854,72285.0
2026-02-27,2.855,2.915,2.849,2.881,58256.0
2026-03-02,2.947,3.09,2.891,2.985,115278.0
2026-03-03,3.005,3.209,3.003,3.075,129965.0
2026-03-04,3.064,3.096,2.919,2.94,79581.0
2026-03-05,2.956,3.07,2.941,3.023,91556.0
2026-03-06,3.031,3.284,2.97,3.2,131780.0
2026-03-09,3.31,3.488,3.029,3.128,141379.0
2026-03-10,3.036,3.154,2.965,3.03,136228.0
2026-03-11,3.071,3.231,3.03,3.212,107955.0
2026-03-12,3.235,3.291,3.144,3.227,117796.0
2026-03-13,3.249,3.292,3.103,3.125,93481.0
2026-03-16,3.175,3.175,2.981,3.011,100676.0
2026-03-17,3.021,3.08,2.988,3.009,72009.0
2026-03-18,3.02,3.17,2.897,3.033,116184.0
2026-03-19,3.141,3.228,3.06,3.126,138479.0
2026-03-20,3.083,3.136,3.012,3.064,111770.0
2026-03-23,3.099,3.134,2.861,2.874,154022.0
2026-03-24,2.896,2.943,2.844,2.912,110114.0
2026-03-25,2.866,2.943,2.825,2.912,86913.0
2026-03-26,2.939,2.986,2.878,2.928,126741.0
2026-03-27,2.92,3.06,2.913,3.025,132398.0
2026-03-30,3.055,3.057,2.85,2.887,126193.0
2026-03-31,2.887,2.977,2.803,2.884,154156.0
2026-04-01,2.88,2.899,2.785,2.819,126772.0
2026-04-02,2.813,2.889,2.779,2.8,143105.0
2026-04-06,2.838,2.868,2.769,2.811,100084.0
2026-04-07,2.804,2.888,2.756,2.87,135271.0
2026-04-08,2.843,2.844,2.702,2.724,223335.0
2026-04-09,2.731,2.738,2.655,2.67,170766.0
2026-04-10,2.671,2.689,2.628,2.648,151051.0
2026-04-13,2.691,2.723,2.615,2.627,155024.0
2026-04-14,2.628,2.66,2.561,2.599,174530.0
2026-04-15,2.599,2.628,2.57,2.61,114648.0
2026-04-16,2.614,2.679,2.588,2.647,108047.0
2026-04-17,2.667,2.707,2.623,2.674,109843.0
2026-04-20,2.688,2.746,2.672,2.689,92530.0
2026-04-21,2.675,2.72,2.643,2.697,94189.0
2026-04-22,2.701,2.763,2.676,2.722,78929.0
2026-04-23,2.718,2.74,2.568,2.614,79279.0
2026-04-24,2.594,2.594,2.495,2.523,50988.0
2026-04-27,2.505,2.63,2.505,2.55,65552.0
2026-04-28,2.539,2.578,2.483,2.559,5513.0
