DATETIME,OPEN,HIGH,LOW,FINAL,VOLUME
2016-07-28,3.928,3.928,3.928,3.928,0.0
2016-07-29,3.933,3.933,3.933,3.933,0.0
2016-08-01,3.931,3.931,3.931,3.931,0.0
2016-08-02,3.93,3.93,3.93,3.93,0.0
2016-08-03,3.931,3.931,3.931,3.931,0.0
2016-08-04,3.96,3.96,3.96,3.96,0.0
2016-08-05,3.958,3.958,3.958,3.958,0.0
2016-08-08,3.957,3.957,3.957,3.957,0.0
2016-08-09,3.954,3.954,3.954,3.954,0.0
2016-08-10,3.935,3.935,3.935,3.935,0.0
2016-08-11,3.924,3.924,3.924,3.924,0.0
2016-08-12,3.921,3.921,3.921,3.921,0.0
2016-08-15,3.914,3.914,3.914,3.914,0.0
2016-08-16,3.927,3.927,3.927,3.927,0.0
2016-08-17,3.962,3.962,3.962,3.962,0.0
2016-08-18,3.961,3.961,3.961,3.961,0.0
2016-08-19,3.972,3.972,3.972,3.972,0.0
2016-08-22,3.972,3.972,3.972,3.972,0.0
2016-08-23,3.995,3.995,3.995,3.995,0.0
2016-08-24,4.019,4.019,4.019,4.019,0.0
2016-08-25,3.965,3.965,3.965,3.965,0.0
2016-08-26,3.925,3.925,3.925,3.925,0.0
2016-08-29,3.908,3.908,3.908,3.908,0.0
2016-08-30,3.898,3.898,3.898,3.898,0.0
2016-08-31,3.924,3.924,3.924,3.924,0.0
2016-09-01,3.883,3.883,3.883,3.883,0.0
2016-09-02,3.864,3.864,3.864,3.864,0.0
2016-09-06,3.865,3.865,3.865,3.865,0.0
2016-09-07,3.841,3.841,3.841,3.841,0.0
2016-09-08,3.829,3.829,3.829,3.829,0.0
2016-09-09,3.78,3.78,3.78,3.78,0.0
2016-09-12,3.782,3.782,3.782,3.782,0.0
2016-09-13,3.756,3.756,3.756,3.756,0.0
2016-09-14,3.773,3.773,3.773,3.773,0.0
2016-09-15,3.778,3.778,3.778,3.778,0.0
2016-09-16,3.759,3.759,3.759,3.759,0.0
2016-09-19,3.737,3.737,3.737,3.737,0.0
2016-09-20,3.747,3.747,3.747,3.747,0.0
2016-09-21,3.728,3.728,3.728,3.728,0.0
2016-09-22,3.691,3.691,3.691,3.691,0.0
2016-09-23,3.702,3.702,3.702,3.702,0.0
2016-09-26,3.713,3.713,3.713,3.713,0.0
2016-09-27,3.679,3.679,3.679,3.679,0.0
2016-09-28,3.653,3.653,3.653,3.653,0.0
2016-09-29,3.612,3.612,3.612,3.612,0.0
2016-09-30,3.608,3.608,3.608,3.608,0.0
2016-10-03,3.599,3.599,3.599,3.599,0.0
2016-10-04,3.573,3.573,3.573,3.573,0.0
2016-10-05,3.589,3.589,3.589,3.589,0.0
2016-10-06,3.591,3.591,3.591,3.591,0.0
2016-10-07,3.605,3.605,3.605,3.605,0.0
2016-10-10,3.596,3.596,3.596,3.596,0.0
2016-10-11,3.694,3.694,3.694,3.694,0.0
2016-10-12,3.663,3.663,3.663,3.663,0.0
2016-10-13,3.675,3.675,3.675,3.675,0.0
2016-10-14,3.672,3.672,3.672,3.672,0.0
2016-10-17,3.679,3.679,3.679,3.679,0.0
2016-10-18,3.681,3.681,3.681,3.681,0.0
2016-10-19,3.673,3.673,3.673,3.673,0.0
2016-10-20,3.693,3.693,3.693,3.693,0.0
2016-10-21,3.693,3.693,3.693,3.693,0.0
2016-10-24,3.688,3.688,3.688,3.688,0.0
2016-10-25,3.678,3.678,3.678,3.678,0.0
2016-10-26,3.686,3.686,3.686,3.686,0.0
2016-10-27,3.709,3.709,3.709,3.709,0.0
2016-10-28,3.722,3.722,3.722,3.722,0.0
2016-10-31,3.715,3.715,3.715,3.715,0.0
2016-11-01,3.721,3.721,3.721,3.721,0.0
2016-11-02,3.701,3.701,3.701,3.701,0.0
2016-11-03,3.727,3.727,3.727,3.727,0.0
2016-11-04,3.725,3.725,3.725,3.725,0.0
2016-11-07,3.74,3.74,3.74,3.74,0.0
2016-11-08,3.764,3.764,3.764,3.764,0.0
2016-11-09,3.744,3.744,3.744,3.744,0.0
2016-11-10,3.754,3.754,3.754,3.754,0.0
2016-11-11,3.729,3.729,3.729,3.729,0.0
2016-11-14,3.699,3.699,3.699,3.699,0.0
2016-11-15,3.659,3.659,3.659,3.659,0.0
2016-11-16,3.664,3.664,3.664,3.664,0.0
2016-11-17,3.679,3.679,3.679,3.679,0.0
2016-11-18,3.635,3.635,3.635,3.635,0.0
2016-11-21,3.611,3.611,3.611,3.611,0.0
2016-11-22,3.583,3.583,3.583,3.583,0.0
2016-11-23,3.551,3.551,3.551,3.551,0.0
2016-11-25,3.55,3.55,3.55,3.55,0.0
2016-11-28,3.493,3.493,3.493,3.493,0.0
2016-11-29,3.445,3.445,3.445,3.445,0.0
2016-11-30,3.391,3.391,3.391,3.391,0.0
2016-12-01,3.437,3.437,3.437,3.437,0.0
2016-12-02,3.427,3.427,3.427,3.427,0.0
2016-12-05,3.422,3.422,3.422,3.422,0.0
2016-12-06,3.42,3.42,3.42,3.42,0.0
2016-12-07,3.44,3.44,3.44,3.44,0.0
2016-12-08,3.474,3.474,3.474,3.474,0.0
2016-12-09,3.4,3.4,3.4,3.4,0.0
2016-12-12,3.388,3.388,3.388,3.388,0.0
2016-12-13,3.364,3.364,3.364,3.364,0.0
2016-12-14,3.316,3.316,3.316,3.316,0.0
2016-12-15,3.329,3.329,3.329,3.329,0.0
2016-12-16,3.353,3.353,3.353,3.353,0.0
2016-12-19,3.361,3.361,3.361,3.361,0.0
2016-12-20,3.333,3.333,3.333,3.333,0.0
2016-12-21,3.332,3.332,3.332,3.332,0.0
2016-12-22,3.295,3.295,3.295,3.295,0.0
2016-12-23,3.29,3.29,3.29,3.29,0.0
2016-12-27,3.308,3.308,3.308,3.308,0.0
2016-12-28,3.318,3.318,3.318,3.318,0.0
2016-12-29,3.328,3.328,3.328,3.328,0.0
2016-12-30,3.331,3.331,3.331,3.331,0.0
2017-01-03,3.32,3.32,3.32,3.32,0.0
2017-01-04,3.318,3.318,3.318,3.318,0.0
2017-01-05,3.33,3.33,3.33,3.33,0.0
2017-01-06,3.289,3.289,3.289,3.289,0.0
2017-01-09,3.265,3.265,3.265,3.265,0.0
2017-01-10,3.268,3.268,3.268,3.268,0.0
2017-01-11,3.212,3.212,3.212,3.212,0.0
2017-01-12,3.177,3.177,3.177,3.177,0.0
2017-01-13,3.107,3.107,3.107,3.107,0.0
2017-01-17,3.109,3.109,3.109,3.109,0.0
2017-01-18,3.099,3.099,3.099,3.099,0.0
2017-01-19,3.041,3.041,3.041,3.041,0.0
2017-01-20,3.048,3.048,3.048,3.048,0.0
2017-01-23,3.051,3.051,3.051,3.051,0.0
2017-01-24,3.041,3.041,3.041,3.041,0.0
2017-01-25,3.027,3.027,3.027,3.027,0.0
2017-01-26,3.009,3.009,3.009,3.009,0.0
2017-01-27,2.996,2.996,2.996,2.996,0.0
2017-01-30,3.008,3.008,3.008,3.008,0.0
2017-01-31,3.01,3.01,3.01,3.01,0.0
2017-02-01,2.995,2.995,2.995,2.995,0.0
2017-02-02,2.998,2.998,2.998,2.998,0.0
2017-02-03,2.981,2.981,2.981,2.981,0.0
2017-02-06,2.971,2.971,2.971,2.971,0.0
2017-02-07,2.987,2.987,2.987,2.987,0.0
2017-02-08,2.993,2.993,2.993,2.993,0.0
2017-02-09,2.986,2.986,2.986,2.986,0.0
2017-02-10,2.966,2.966,2.966,2.966,0.0
2017-02-13,2.936,2.936,2.936,2.936,0.0
2017-02-14,2.926,2.926,2.926,2.926,0.0
2017-02-15,2.928,2.928,2.928,2.928,0.0
2017-02-16,2.942,2.942,2.942,2.942,0.0
2017-02-17,2.943,2.943,2.943,2.943,0.0
2017-02-21,2.936,2.936,2.936,2.936,0.0
2017-02-22,2.938,2.938,2.938,2.938,0.0
2017-02-23,2.939,2.939,2.939,2.939,0.0
2017-02-24,2.911,2.911,2.911,2.911,0.0
2017-02-27,2.912,2.912,2.912,2.912,0.0
2017-02-28,2.908,2.908,2.908,2.908,0.0
2017-03-01,2.92,2.92,2.92,2.92,0.0
2017-03-02,2.915,2.915,2.915,2.915,0.0
2017-03-03,2.928,2.928,2.928,2.928,0.0
2017-03-06,2.95,2.95,2.95,2.95,0.0
2017-03-07,2.93,2.93,2.93,2.93,0.0
2017-03-08,2.923,2.923,2.923,2.923,0.0
2017-03-09,2.916,2.916,2.916,2.916,0.0
2017-03-10,2.903,2.903,2.903,2.903,0.0
2017-03-13,2.908,2.908,2.908,2.908,0.0
2017-03-14,2.913,2.913,2.913,2.913,0.0
2017-03-15,2.933,2.933,2.933,2.933,0.0
2017-03-16,2.954,2.954,2.954,2.954,0.0
2017-03-17,2.959,2.959,2.959,2.959,0.0
2017-03-20,2.962,2.962,2.962,2.962,0.0
2017-03-21,2.975,2.975,2.975,2.975,0.0
2017-03-22,2.977,2.977,2.977,2.977,0.0
2017-03-23,2.972,2.972,2.972,2.972,0.0
2017-03-24,2.94,2.94,2.94,2.94,0.0
2017-03-27,2.93,2.93,2.93,2.93,0.0
2017-03-28,2.921,2.921,2.921,2.921,0.0
2017-03-29,2.929,2.929,2.929,2.929,0.0
2017-03-30,2.932,2.932,2.932,2.932,0.0
2017-03-31,2.933,2.933,2.933,2.933,0.0
2017-04-03,2.94,2.94,2.94,2.94,0.0
2017-04-04,2.953,2.953,2.953,2.953,0.0
2017-04-05,2.972,2.972,2.972,2.972,0.0
2017-04-06,2.957,2.957,2.957,2.957,0.0
2017-04-07,2.971,2.971,2.971,2.971,0.0
2017-04-10,2.98,2.98,2.98,2.98,0.0
2017-04-11,3.011,3.011,3.011,3.011,0.0
2017-04-12,3.012,3.012,3.012,3.012,0.0
2017-04-13,3.03,3.03,3.03,3.03,0.0
2017-04-17,3.019,3.019,3.019,3.019,0.0
2017-04-18,3.049,3.049,3.049,3.049,0.0
2017-04-19,3.06,3.06,3.06,3.06,0.0
2017-04-20,3.094,3.094,3.094,3.094,0.0
2017-04-21,3.095,3.095,3.095,3.095,0.0
2017-04-24,3.054,3.054,3.054,3.054,0.0
2017-04-25,3.054,3.054,3.054,3.054,0.0
2017-04-26,3.045,3.045,3.045,3.045,0.0
2017-04-27,3.036,3.036,3.036,3.036,0.0
2017-04-28,3.052,3.052,3.052,3.052,0.0
2017-05-01,3.027,3.027,3.027,3.027,0.0
2017-05-02,3.028,3.028,3.028,3.028,0.0
2017-05-03,3.047,3.047,3.047,3.047,0.0
2017-05-04,3.09,3.09,3.09,3.09,0.0
2017-05-05,3.09,3.09,3.09,3.09,0.0
2017-05-08,3.081,3.081,3.081,3.081,0.0
2017-05-09,3.084,3.084,3.084,3.084,0.0
2017-05-10,3.085,3.085,3.085,3.085,0.0
2017-05-11,3.119,3.119,3.119,3.119,0.0
2017-05-12,3.123,3.123,3.123,3.123,0.0
2017-05-15,3.118,3.118,3.118,3.118,0.0
2017-05-16,3.135,3.135,3.135,3.135,0.0
2017-05-17,3.131,3.131,3.131,3.131,0.0
2017-05-18,3.118,3.118,3.118,3.118,0.0
2017-05-19,3.108,3.108,3.108,3.108,0.0
2017-05-22,3.11,3.11,3.11,3.11,0.0
2017-05-23,3.179,3.179,3.179,3.179,0.0
2017-05-24,3.181,3.181,3.181,3.181,0.0
2017-05-25,3.164,3.164,3.164,3.164,0.0
2017-05-26,3.149,3.149,3.149,3.149,0.0
2017-05-30,3.122,3.122,3.122,3.122,0.0
2017-05-31,3.118,3.118,3.118,3.118,0.0
2017-06-01,3.12,3.12,3.12,3.12,0.0
2017-06-02,3.11,3.11,3.11,3.11,0.0
2017-06-05,3.08,3.08,3.08,3.08,0.0
2017-06-06,3.022,3.022,3.022,3.022,0.0
2017-06-07,3.033,3.033,3.033,3.033,0.0
2017-06-08,3.051,3.051,3.051,3.051,0.0
2017-06-09,3.048,3.048,3.048,3.048,0.0
2017-06-12,3.05,3.05,3.05,3.05,0.0
2017-06-13,3.05,3.05,3.05,3.05,0.0
2017-06-14,3.039,3.039,3.039,3.039,0.0
2017-06-15,3.067,3.067,3.067,3.067,0.0
2017-06-16,3.056,3.056,3.056,3.056,0.0
2017-06-19,3.079,3.079,3.079,3.079,0.0
2017-06-20,3.117,3.117,3.117,3.117,0.0
2017-06-21,3.133,3.133,3.133,3.133,0.0
2017-06-22,3.127,3.127,3.127,3.127,0.0
2017-06-23,3.124,3.124,3.124,3.124,0.0
2017-06-26,3.099,3.099,3.099,3.099,0.0
2017-06-27,3.099,3.099,3.099,3.099,0.0
2017-06-28,3.089,3.089,3.089,3.089,0.0
2017-06-29,3.089,3.089,3.089,3.089,0.0
2017-06-30,3.102,3.102,3.102,3.102,0.0
2017-07-03,3.103,3.103,3.103,3.103,0.0
2017-07-05,3.08,3.08,3.08,3.08,0.0
2017-07-06,3.039,3.039,3.039,3.039,0.0
2017-07-07,3.034,3.034,3.034,3.034,0.0
2017-07-10,3.021,3.021,3.021,3.021,0.0
2017-07-11,3.018,3.018,3.018,3.018,0.0
2017-07-12,3.004,3.004,3.004,3.004,0.0
2017-07-13,3.017,3.017,3.017,3.017,0.0
2017-07-14,3.02,3.02,3.02,3.02,0.0
2017-07-17,3.013,3.013,3.013,3.013,0.0
2017-07-18,3.018,3.018,3.018,3.018,0.0
2017-07-19,3.003,3.003,3.003,3.003,0.0
2017-07-20,2.984,2.984,2.984,2.984,0.0
2017-07-21,2.982,2.982,2.982,2.982,0.0
2017-07-24,2.954,2.954,2.954,2.954,0.0
2017-07-25,2.93,2.93,2.93,2.93,0.0
2017-07-26,2.92,2.92,2.92,2.92,0.0
2017-07-27,2.921,2.921,2.921,2.921,0.0
2017-07-28,2.936,2.936,2.936,2.936,0.0
2017-07-31,2.917,2.917,2.917,2.917,0.0
2017-08-01,2.939,2.939,2.939,2.939,0.0
2017-08-02,2.948,2.948,2.948,2.948,0.0
2017-08-03,2.971,2.971,2.971,2.971,0.0
2017-08-04,2.981,2.981,2.981,2.981,0.0
2017-08-07,2.98,2.98,2.98,2.98,0.0
2017-08-08,2.963,2.963,2.963,2.963,0.0
2017-08-09,2.957,2.957,2.957,2.957,0.0
2017-08-10,2.954,2.954,2.954,2.954,0.0
2017-08-11,2.958,2.958,2.958,2.958,0.0
2017-08-14,2.954,2.954,2.954,2.954,0.0
2017-08-15,2.952,2.952,2.952,2.952,0.0
2017-08-16,2.942,2.942,2.942,2.942,0.0
2017-08-17,2.941,2.941,2.941,2.941,0.0
2017-08-18,2.941,2.941,2.941,2.941,0.0
2017-08-21,2.931,2.931,2.931,2.931,0.0
2017-08-22,2.923,2.923,2.923,2.923,0.0
2017-08-23,2.921,2.921,2.921,2.921,0.0
2017-08-24,2.874,2.874,2.874,2.874,0.0
2017-08-25,2.861,2.861,2.861,2.861,0.0
2017-08-28,2.874,2.874,2.874,2.874,0.0
2017-08-29,2.876,2.876,2.876,2.876,0.0
2017-08-30,2.881,2.881,2.881,2.881,0.0
2017-08-31,2.889,2.889,2.889,2.889,0.0
2017-09-01,2.89,2.89,2.89,2.89,0.0
2017-09-05,2.886,2.886,2.886,2.886,0.0
2017-09-06,2.847,2.847,2.847,2.847,0.0
2017-09-07,2.881,2.881,2.881,2.881,0.0
2017-09-08,2.885,2.885,2.885,2.885,0.0
2017-09-11,2.896,2.896,2.896,2.896,0.0
2017-09-12,2.881,2.881,2.881,2.881,0.0
2017-09-13,2.867,2.867,2.867,2.867,0.0
2017-09-14,2.862,2.862,2.862,2.862,0.0
2017-09-15,2.867,2.867,2.867,2.867,0.0
2017-09-18,2.877,2.877,2.877,2.877,0.0
2017-09-19,2.865,2.865,2.865,2.865,0.0
2017-09-20,2.855,2.855,2.855,2.855,0.0
2017-09-21,2.846,2.846,2.846,2.846,0.0
2017-09-22,2.86,2.86,2.86,2.86,0.0
2017-09-25,2.843,2.843,2.843,2.843,0.0
2017-09-26,2.853,2.853,2.853,2.853,0.0
2017-09-27,2.864,2.864,2.864,2.864,0.0
2017-09-28,2.863,2.863,2.863,2.863,0.0
2017-09-29,2.86,2.86,2.86,2.86,0.0
2017-10-02,2.873,2.873,2.873,2.873,0.0
2017-10-03,2.882,2.882,2.882,2.882,0.0
2017-10-04,2.881,2.881,2.881,2.881,0.0
2017-10-05,2.89,2.89,2.89,2.89,0.0
2017-10-06,2.882,2.882,2.882,2.882,0.0
2017-10-09,2.892,2.892,2.892,2.892,0.0
2017-10-10,2.882,2.882,2.882,2.882,0.0
2017-10-11,2.868,2.868,2.868,2.868,0.0
2017-10-12,2.912,2.912,2.912,2.912,0.0
2017-10-13,2.93,2.93,2.93,2.93,0.0
2017-10-16,2.971,2.971,2.971,2.971,0.0
2017-10-17,3.018,3.018,3.018,3.018,0.0
2017-10-18,3.022,3.022,3.022,3.022,0.0
2017-10-19,3.044,3.044,3.044,3.044,0.0
2017-10-20,3.084,3.084,3.084,3.084,0.0
2017-10-23,3.064,3.064,3.064,3.064,0.0
2017-10-24,3.063,3.063,3.063,3.063,0.0
2017-10-25,3.064,3.064,3.064,3.064,0.0
2017-10-26,3.057,3.057,3.057,3.057,0.0
2017-10-27,3.037,3.037,3.037,3.037,0.0
2017-10-30,3.072,3.072,3.072,3.072,0.0
2017-10-31,3.069,3.069,3.069,3.069,0.0
2017-11-01,3.079,3.079,3.079,3.079,0.0
2017-11-02,3.061,3.061,3.061,3.061,0.0
2017-11-03,3.055,3.055,3.055,3.055,0.0
2017-11-06,3.05,3.05,3.05,3.05,0.0
2017-11-07,3.049,3.049,3.049,3.049,0.0
2017-11-08,3.047,3.047,3.047,3.047,0.0
2017-11-09,3.07,3.07,3.07,3.07,0.0
2017-11-10,3.052,3.052,3.052,3.052,0.0
2017-11-13,3.031,3.031,3.031,3.031,0.0
2017-11-14,3.014,3.014,3.014,3.014,0.0
2017-11-15,3.004,3.004,3.004,3.004,0.0
2017-11-16,3.008,3.008,3.008,3.008,0.0
2017-11-17,3.006,3.006,3.006,3.006,0.0
2017-11-20,2.999,2.999,2.999,2.999,0.0
2017-11-21,2.997,2.997,2.997,2.997,0.0
2017-11-22,2.984,2.984,2.984,2.984,0.0
2017-11-24,2.985,2.985,2.985,2.985,0.0
2017-11-27,2.987,2.987,2.987,2.987,0.0
2017-11-28,2.989,2.989,2.989,2.989,0.0
2017-11-29,2.993,2.993,2.993,2.993,0.0
2017-11-30,2.989,2.989,2.989,2.989,0.0
2017-12-01,2.955,2.955,2.955,2.955,0.0
2017-12-04,2.934,2.934,2.934,2.934,0.0
2017-12-05,2.923,2.923,2.923,2.923,0.0
2017-12-06,2.905,2.905,2.905,2.905,0.0
2017-12-07,2.911,2.911,2.911,2.911,0.0
2017-12-08,2.907,2.907,2.907,2.907,0.0
2017-12-11,2.9,2.9,2.9,2.9,0.0
2017-12-12,2.91,2.91,2.91,2.91,0.0
2017-12-13,2.935,2.935,2.935,2.935,0.0
2017-12-14,2.946,2.946,2.946,2.946,0.0
2017-12-15,2.954,2.954,2.954,2.954,0.0
2017-12-18,2.974,2.974,2.974,2.974,0.0
2017-12-19,2.976,2.976,2.976,2.976,0.0
2017-12-20,2.962,2.962,2.962,2.962,0.0
2017-12-21,2.979,2.979,2.979,2.979,0.0
2017-12-22,3.002,3.002,3.002,3.002,0.0
2017-12-26,3.003,3.003,3.003,3.003,0.0
2017-12-27,2.978,2.978,2.978,2.978,0.0
2017-12-28,2.947,2.947,2.947,2.947,0.0
2017-12-29,2.952,2.952,2.952,2.952,0.0
2018-01-02,2.945,2.945,2.945,2.945,0.0
2018-01-03,2.946,2.946,2.946,2.946,0.0
2018-01-04,2.978,2.978,2.978,2.978,0.0
2018-01-05,2.964,2.964,2.964,2.964,0.0
2018-01-08,2.959,2.959,2.959,2.959,0.0
2018-01-09,2.944,2.944,2.944,2.944,0.0
2018-01-10,2.937,2.937,2.937,2.937,0.0
2018-01-11,2.949,2.949,2.949,2.949,0.0
2018-01-12,2.936,2.936,2.936,2.936,0.0
2018-01-16,2.899,2.899,2.899,2.899,0.0
2018-01-17,2.893,2.893,2.893,2.893,0.0
2018-01-18,2.891,2.891,2.891,2.891,0.0
2018-01-19,2.901,2.901,2.901,2.901,0.0
2018-01-22,2.92,2.92,2.92,2.92,0.0
2018-01-23,2.932,2.932,2.932,2.932,0.0
2018-01-24,2.95,2.95,2.95,2.95,0.0
2018-01-25,2.985,2.985,2.985,2.985,0.0
2018-01-26,2.951,2.951,2.951,2.951,0.0
2018-01-29,2.953,2.953,2.953,2.953,0.0
2018-01-30,2.964,2.964,2.964,2.964,0.0
2018-01-31,2.933,2.933,2.933,2.933,0.0
2018-02-01,2.939,2.939,2.939,2.939,0.0
2018-02-02,2.961,2.961,2.961,2.961,0.0
2018-02-05,2.983,2.983,2.983,2.983,0.0
2018-02-06,2.97,2.97,2.97,2.97,0.0
2018-02-07,2.941,2.941,2.941,2.941,0.0
2018-02-08,2.954,2.954,2.954,2.954,0.0
2018-02-09,2.92,2.92,2.92,2.92,0.0
2018-02-12,2.915,2.915,2.915,2.915,0.0
2018-02-13,2.917,2.917,2.917,2.917,0.0
2018-02-14,2.915,2.915,2.915,2.915,0.0
2018-02-15,2.911,2.911,2.911,2.911,0.0
2018-02-16,2.932,2.932,2.932,2.932,0.0
2018-02-20,2.932,2.932,2.932,2.932,0.0
2018-02-21,2.95,2.95,2.95,2.95,0.0
2018-02-22,2.957,2.957,2.957,2.957,0.0
2018-02-23,2.949,2.949,2.949,2.949,0.0
2018-02-26,2.953,2.953,2.953,2.953,0.0
2018-02-27,2.956,2.956,2.956,2.956,0.0
2018-02-28,2.926,2.926,2.926,2.926,0.0
2018-03-01,2.951,2.951,2.951,2.951,0.0
2018-03-02,2.968,2.968,2.968,2.968,0.0
2018-03-05,2.986,2.986,2.986,2.986,0.0
2018-03-06,2.995,2.995,2.995,2.995,0.0
2018-03-07,2.986,2.986,2.986,2.986,0.0
2018-03-08,2.941,2.941,2.941,2.941,0.0
2018-03-09,2.908,2.908,2.908,2.908,0.0
2018-03-12,2.915,2.915,2.915,2.915,0.0
2018-03-13,2.922,2.922,2.922,2.922,0.0
2018-03-14,2.944,2.944,2.944,2.944,0.0
2018-03-15,3.002,3.002,3.002,3.002,0.0
2018-03-16,3.008,3.008,3.008,3.008,0.0
2018-03-19,2.998,2.998,2.998,2.998,0.0
2018-03-20,3.003,3.003,3.003,3.003,0.0
2018-03-21,3.011,3.011,3.011,3.011,0.0
2018-03-22,2.999,2.999,2.999,2.999,0.0
2018-03-23,2.924,2.924,2.924,2.924,0.0
2018-03-26,2.952,2.952,2.952,2.952,0.0
2018-03-27,2.962,2.962,2.962,2.962,0.0
2018-03-28,2.976,2.976,2.976,2.976,0.0
2018-03-29,3.014,3.014,3.014,3.014,0.0
2018-04-02,2.996,2.996,2.996,2.996,0.0
2018-04-03,2.974,2.974,2.974,2.974,0.0
2018-04-04,2.948,2.948,2.948,2.948,0.0
2018-04-05,2.964,2.964,2.964,2.964,0.0
2018-04-06,2.958,2.958,2.958,2.958,0.0
2018-04-09,2.947,2.947,2.947,2.947,0.0
2018-04-10,2.956,2.956,2.956,2.956,0.0
2018-04-11,2.973,2.973,2.973,2.973,0.0
2018-04-12,2.989,2.989,2.989,2.989,0.0
2018-04-13,2.982,2.982,2.982,2.982,0.0
2018-04-16,2.984,2.984,2.984,2.984,0.0
2018-04-17,2.964,2.964,2.964,2.964,0.0
2018-04-18,2.957,2.957,2.957,2.957,0.0
2018-04-19,2.954,2.954,2.954,2.954,0.0
2018-04-20,2.962,2.962,2.962,2.962,0.0
2018-04-23,2.963,2.963,2.963,2.963,0.0
2018-04-24,2.959,2.959,2.959,2.959,0.0
2018-04-25,2.95,2.95,2.95,2.95,0.0
2018-04-26,2.944,2.944,2.944,2.944,0.0
2018-04-27,2.946,2.946,2.946,2.946,0.0
2018-04-30,2.943,2.943,2.943,2.943,0.0
2018-05-01,2.923,2.923,2.923,2.923,0.0
2018-05-02,2.935,2.935,2.935,2.935,0.0
2018-05-03,2.938,2.938,2.938,2.938,0.0
2018-05-04,2.936,2.936,2.936,2.936,0.0
2018-05-07,2.934,2.934,2.934,2.934,0.0
2018-05-08,2.889,2.889,2.889,2.889,0.0
2018-05-09,2.875,2.875,2.875,2.875,0.0
2018-05-10,2.871,2.871,2.871,2.871,0.0
2018-05-11,2.874,2.874,2.874,2.874,0.0
2018-05-14,2.873,2.873,2.873,2.873,0.0
2018-05-15,2.898,2.898,2.898,2.898,0.0
2018-05-16,2.882,2.882,2.882,2.882,0.0
2018-05-17,2.889,2.889,2.889,2.889,0.0
2018-05-18,2.904,2.904,2.904,2.904,0.0
2018-05-21,2.899,2.899,2.899,2.899,0.0
2018-05-22,2.896,2.896,2.896,2.896,0.0
2018-05-23,2.873,2.873,2.873,2.873,0.0
2018-05-24,2.867,2.867,2.867,2.867,0.0
2018-05-25,2.839,2.839,2.839,2.839,0.0
2018-05-29,2.816,2.816,2.816,2.816,0.0
2018-05-30,2.827,2.827,2.827,2.827,0.0
2018-05-31,2.795,2.795,2.795,2.795,0.0
2018-06-01,2.781,2.781,2.781,2.781,0.0
2018-06-04,2.794,2.794,2.794,2.794,0.0
2018-06-05,2.809,2.809,2.809,2.809,0.0
2018-06-06,2.808,2.808,2.808,2.808,0.0
2018-06-07,2.806,2.806,2.806,2.806,0.0
2018-06-08,2.808,2.808,2.808,2.808,0.0
2018-06-11,2.799,2.799,2.799,2.799,0.0
2018-06-12,2.813,2.813,2.813,2.813,0.0
2018-06-13,2.834,2.834,2.834,2.834,0.0
2018-06-14,2.846,2.846,2.846,2.846,0.0
2018-06-15,2.851,2.851,2.851,2.851,0.0
2018-06-18,2.882,2.882,2.882,2.882,0.0
2018-06-19,2.885,2.885,2.885,2.885,0.0
2018-06-20,2.884,2.884,2.884,2.884,0.0
2018-06-21,2.861,2.861,2.861,2.861,0.0
2018-06-22,2.863,2.863,2.863,2.863,0.0
2018-06-25,2.859,2.859,2.859,2.859,0.0
2018-06-26,2.856,2.856,2.856,2.856,0.0
2018-06-27,2.859,2.859,2.859,2.859,0.0
2018-06-28,2.843,2.843,2.843,2.843,0.0
2018-06-29,2.84,2.84,2.84,2.84,0.0
2018-07-02,2.831,2.831,2.831,2.831,0.0
2018-07-03,2.828,2.828,2.828,2.828,0.0
2018-07-05,2.83,2.83,2.83,2.83,0.0
2018-07-06,2.829,2.829,2.829,2.829,0.0
2018-07-09,2.82,2.82,2.82,2.82,0.0
2018-07-10,2.824,2.824,2.824,2.824,0.0
2018-07-11,2.802,2.802,2.802,2.802,0.0
2018-07-12,2.799,2.799,2.799,2.799,0.0
2018-07-13,2.794,2.794,2.794,2.794,0.0
2018-07-16,2.761,2.761,2.761,2.761,0.0
2018-07-17,2.746,2.746,2.746,2.746,0.0
2018-07-18,2.739,2.739,2.739,2.739,0.0
2018-07-19,2.737,2.737,2.737,2.737,0.0
2018-07-20,2.743,2.743,2.743,2.743,0.0
2018-07-23,2.752,2.752,2.752,2.752,0.0
2018-07-24,2.766,2.766,2.766,2.766,0.0
2018-07-25,2.795,2.795,2.795,2.795,0.0
2018-07-26,2.791,2.791,2.791,2.791,0.0
2018-07-27,2.81,2.81,2.81,2.81,0.0
2018-07-30,2.814,2.814,2.814,2.814,0.0
2018-07-31,2.817,2.817,2.817,2.817,0.0
2018-08-01,2.787,2.787,2.787,2.787,0.0
2018-08-02,2.791,2.791,2.791,2.791,0.0
2018-08-03,2.791,2.791,2.791,2.791,0.0
2018-08-06,2.782,2.782,2.782,2.782,0.0
2018-08-07,2.81,2.81,2.81,2.81,0.0
2018-08-08,2.823,2.823,2.823,2.823,0.0
2018-08-09,2.82,2.82,2.82,2.82,0.0
2018-08-10,2.821,2.821,2.821,2.821,0.0
2018-08-13,2.822,2.822,2.822,2.822,0.0
2018-08-14,2.821,2.821,2.821,2.821,0.0
2018-08-15,2.822,2.822,2.822,2.822,0.0
2018-08-16,2.812,2.812,2.812,2.812,0.0
2018-08-17,2.814,2.814,2.814,2.814,0.0
2018-08-20,2.813,2.813,2.813,2.813,0.0
2018-08-21,2.835,2.835,2.835,2.835,0.0
2018-08-22,2.822,2.822,2.822,2.822,0.0
2018-08-23,2.819,2.819,2.819,2.819,0.0
2018-08-24,2.803,2.803,2.803,2.803,0.0
2018-08-27,2.772,2.772,2.772,2.772,0.0
2018-08-28,2.748,2.748,2.748,2.748,0.0
2018-08-29,2.752,2.752,2.752,2.752,0.0
2018-08-30,2.733,2.733,2.733,2.733,0.0
2018-08-31,2.747,2.747,2.747,2.747,0.0
2018-09-04,2.73,2.73,2.73,2.73,0.0
2018-09-05,2.735,2.735,2.735,2.735,0.0
2018-09-06,2.754,2.754,2.754,2.754,0.0
2018-09-07,2.753,2.753,2.753,2.753,0.0
2018-09-10,2.759,2.759,2.759,2.759,0.0
2018-09-11,2.756,2.756,2.756,2.756,0.0
2018-09-12,2.766,2.766,2.766,2.766,0.0
2018-09-13,2.782,2.782,2.782,2.782,0.0
2018-09-14,2.787,2.787,2.787,2.787,0.0
2018-09-17,2.791,2.791,2.791,2.791,0.0
2018-09-18,2.794,2.794,2.794,2.794,0.0
2018-09-19,2.791,2.791,2.791,2.791,0.0
2018-09-20,2.795,2.795,2.795,2.795,0.0
2018-09-21,2.793,2.793,2.793,2.793,0.0
2018-09-24,2.791,2.791,2.791,2.791,0.0
2018-09-25,2.793,2.793,2.793,2.793,0.0
2018-09-26,2.802,2.802,2.802,2.802,0.0
2018-09-27,2.803,2.803,2.803,2.803,0.0
2018-09-28,2.803,2.803,2.803,2.803,0.0
2018-10-01,2.808,2.808,2.808,2.808,0.0
2018-10-02,2.806,2.806,2.806,2.806,0.0
2018-10-03,2.805,2.805,2.805,2.805,0.0
2018-10-04,2.806,2.806,2.806,2.806,0.0
2018-10-05,2.809,2.809,2.809,2.809,0.0
2018-10-08,2.814,2.814,2.814,2.814,0.0
2018-10-09,2.809,2.809,2.809,2.809,0.0
2018-10-10,2.805,2.805,2.805,2.805,0.0
2018-10-11,2.83,2.83,2.83,2.83,0.0
2018-10-12,2.842,2.842,2.842,2.842,0.0
2018-10-15,2.841,2.841,2.841,2.841,0.0
2018-10-16,2.866,2.866,2.866,2.866,0.0
2018-10-17,2.861,2.861,2.861,2.861,0.0
2018-10-18,2.86,2.86,2.86,2.86,0.0
2018-10-19,2.857,2.857,2.857,2.857,0.0
2018-10-22,2.858,2.858,2.858,2.858,0.0
2018-10-23,2.857,2.857,2.857,2.857,0.0
2018-10-24,2.854,2.854,2.854,2.854,0.0
2018-10-25,2.844,2.844,2.844,2.844,0.0
2018-10-26,2.846,2.846,2.846,2.846,0.0
2018-10-29,2.847,2.847,2.847,2.847,0.0
2018-10-30,2.865,2.865,2.865,2.865,0.0
2018-10-31,2.864,2.864,2.864,2.864,0.0
2018-11-01,2.869,2.869,2.869,2.869,0.0
2018-11-02,2.876,2.876,2.876,2.876,0.0
2018-11-05,2.89,2.89,2.89,2.89,0.0
2018-11-06,2.906,2.906,2.906,2.906,0.0
2018-11-07,2.904,2.904,2.904,2.904,0.0
2018-11-08,2.905,2.905,2.905,2.905,0.0
2018-11-09,2.908,2.908,2.908,2.908,0.0
2018-11-12,2.931,2.931,2.931,2.931,0.0
2018-11-13,2.91,2.91,2.91,2.91,0.0
2018-11-14,2.894,2.894,2.894,2.894,0.0
2018-11-15,2.909,2.909,2.909,2.909,0.0
2018-11-16,2.88,2.88,2.88,2.88,0.0
2018-11-19,2.867,2.867,2.867,2.867,0.0
2018-11-20,2.865,2.865,2.865,2.865,0.0
2018-11-21,2.863,2.863,2.863,2.863,0.0
2018-11-23,2.888,2.888,2.888,2.888,0.0
2018-11-26,2.881,2.881,2.881,2.881,0.0
2018-11-27,2.877,2.877,2.877,2.877,0.0
2018-11-28,2.878,2.878,2.878,2.878,0.0
2018-11-29,2.913,2.913,2.913,2.913,0.0
2018-11-30,2.969,2.969,2.969,2.969,0.0
2018-12-03,2.941,2.941,2.941,2.941,0.0
2018-12-04,2.927,2.927,2.927,2.927,0.0
2018-12-05,2.918,2.918,2.918,2.918,0.0
2018-12-06,2.929,2.929,2.929,2.929,0.0
2018-12-07,2.936,2.936,2.936,2.936,0.0
2018-12-10,2.937,2.937,2.937,2.937,0.0
2018-12-11,2.912,2.912,2.912,2.912,0.0
2018-12-12,2.914,2.914,2.914,2.914,0.0
2018-12-13,2.882,2.882,2.882,2.882,0.0
2018-12-14,2.892,2.892,2.892,2.892,0.0
2018-12-17,2.891,2.891,2.891,2.891,0.0
2018-12-18,2.886,2.886,2.886,2.886,0.0
2018-12-19,2.909,2.909,2.909,2.909,0.0
2018-12-20,2.924,2.924,2.924,2.924,0.0
2018-12-21,2.927,2.927,2.927,2.927,0.0
2018-12-24,2.926,2.926,2.926,2.926,0.0
2018-12-26,2.923,2.923,2.923,2.923,0.0
2018-12-27,2.921,2.921,2.921,2.921,0.0
2018-12-28,2.918,2.918,2.918,2.918,0.0
2018-12-31,2.924,2.924,2.924,2.924,0.0
2019-01-02,2.924,2.924,2.924,2.924,0.0
2019-01-03,2.913,2.913,2.913,2.913,0.0
2019-01-04,2.917,2.917,2.917,2.917,0.0
2019-01-07,2.919,2.919,2.919,2.919,0.0
2019-01-08,2.91,2.91,2.91,2.91,0.0
2019-01-09,2.908,2.908,2.908,2.908,0.0
2019-01-10,2.905,2.905,2.905,2.905,0.0
2019-01-11,2.912,2.912,2.912,2.912,0.0
2019-01-14,2.911,2.911,2.911,2.911,0.0
2019-01-15,2.903,2.903,2.903,2.903,0.0
2019-01-16,2.872,2.872,2.872,2.872,0.0
2019-01-17,2.872,2.872,2.872,2.872,0.0
2019-01-18,2.885,2.885,2.885,2.885,0.0
2019-01-22,2.898,2.898,2.898,2.898,0.0
2019-01-23,2.878,2.878,2.878,2.878,0.0
2019-01-24,2.857,2.857,2.857,2.857,0.0
2019-01-25,2.902,2.902,2.902,2.902,0.0
2019-01-28,2.886,2.886,2.886,2.886,0.0
2019-01-29,2.889,2.889,2.889,2.889,0.0
2019-01-30,2.891,2.891,2.891,2.891,0.0
2019-01-31,2.892,2.892,2.892,2.892,0.0
2019-02-01,2.893,2.893,2.893,2.893,0.0
2019-02-04,2.88,2.88,2.88,2.88,0.0
2019-02-05,2.921,2.921,2.921,2.921,0.0
2019-02-06,2.918,2.918,2.918,2.918,0.0
2019-02-07,2.914,2.914,2.914,2.914,0.0
2019-02-08,2.916,2.916,2.916,2.916,0.0
2019-02-11,2.921,2.921,2.921,2.921,0.0
2019-02-12,2.929,2.929,2.929,2.929,0.0
2019-02-13,2.93,2.93,2.93,2.93,0.0
2019-02-14,2.934,2.934,2.934,2.934,0.0
2019-02-15,2.914,2.914,2.914,2.914,0.0
2019-02-19,2.905,2.905,2.905,2.905,0.0
2019-02-20,2.917,2.917,2.917,2.917,0.0
2019-02-21,2.905,2.905,2.905,2.905,0.0
2019-02-22,2.902,2.902,2.902,2.902,0.0
2019-02-25,2.894,2.894,2.894,2.894,0.0
2019-02-26,2.876,2.876,2.876,2.876,0.0
2019-02-27,2.912,2.912,2.912,2.912,0.0
2019-02-28,2.923,2.923,2.923,2.923,0.0
2019-03-01,2.922,2.922,2.922,2.922,0.0
2019-03-04,2.918,2.918,2.918,2.918,0.0
2019-03-05,2.916,2.916,2.916,2.916,0.0
2019-03-06,2.919,2.919,2.919,2.919,0.0
2019-03-07,2.924,2.924,2.924,2.924,0.0
2019-03-08,2.924,2.924,2.924,2.924,0.0
2019-03-11,2.951,2.951,2.951,2.951,0.0
2019-03-12,2.966,2.966,2.966,2.966,0.0
2019-03-13,2.975,2.975,2.975,2.975,0.0
2019-03-14,2.983,2.983,2.983,2.983,0.0
2019-03-15,2.984,2.984,2.984,2.984,0.0
2019-03-18,2.984,2.984,2.984,2.984,0.0
2019-03-19,2.985,2.985,2.985,2.985,0.0
2019-03-20,2.983,2.983,2.983,2.983,0.0
2019-03-21,2.993,2.993,2.993,2.993,0.0
2019-03-22,2.983,2.983,2.983,2.983,0.0
2019-03-25,2.982,2.982,2.982,2.982,0.0
2019-03-26,2.984,2.984,2.984,2.984,0.0
2019-03-27,2.975,2.975,2.975,2.975,0.0
2019-03-28,2.978,2.978,2.978,2.978,0.0
2019-03-29,2.977,2.977,2.977,2.977,0.0
2019-04-01,2.976,2.976,2.976,2.976,0.0
2019-04-02,2.983,2.983,2.983,2.983,0.0
2019-04-03,2.976,2.976,2.976,2.976,0.0
2019-04-04,3.007,3.007,3.007,3.007,0.0
2019-04-05,2.99,2.99,2.99,2.99,0.0
2019-04-08,2.993,2.993,2.993,2.993,0.0
2019-04-09,3.0,3.0,3.0,3.0,0.0
2019-04-10,2.978,2.978,2.978,2.978,0.0
2019-04-11,2.976,2.976,2.976,2.976,0.0
2019-04-12,2.976,2.976,2.976,2.976,0.0
2019-04-15,2.976,2.976,2.976,2.976,0.0
2019-04-16,2.977,2.977,2.977,2.977,0.0
2019-04-17,2.967,2.967,2.967,2.967,0.0
2019-04-18,2.952,2.952,2.952,2.952,0.0
2019-04-22,2.94,2.94,2.94,2.94,0.0
2019-04-23,2.935,2.935,2.935,2.935,0.0
2019-04-24,2.945,2.945,2.945,2.945,0.0
2019-04-25,2.955,2.955,2.955,2.955,0.0
2019-04-26,2.952,2.952,2.952,2.952,0.0
2019-04-29,2.959,2.959,2.959,2.959,0.0
2019-04-30,2.964,2.964,2.964,2.964,0.0
2019-05-01,2.966,2.966,2.966,2.966,0.0
2019-05-02,2.963,2.963,2.963,2.963,0.0
2019-05-03,2.976,2.976,2.976,2.976,0.0
2019-05-06,2.979,2.979,2.979,2.979,0.0
2019-05-07,2.979,2.979,2.979,2.979,0.0
2019-05-08,2.973,2.973,2.973,2.973,0.0
2019-05-09,2.98,2.98,2.98,2.98,0.0
2019-05-10,2.971,2.971,2.971,2.971,0.0
2019-05-13,2.974,2.974,2.974,2.974,0.0
2019-05-14,2.985,2.985,2.985,2.985,0.0
2019-05-15,2.982,2.982,2.982,2.982,0.0
2019-05-16,2.978,2.978,2.978,2.978,0.0
2019-05-17,2.982,2.982,2.982,2.982,0.0
2019-05-20,2.987,2.987,2.987,2.987,0.0
2019-05-21,2.99,2.99,2.99,2.99,0.0
2019-05-22,2.94,2.94,2.94,2.94,0.0
2019-05-23,2.952,2.952,2.952,2.952,0.0
2019-05-24,2.962,2.962,2.962,2.962,0.0
2019-05-28,2.97,2.97,2.97,2.97,0.0
2019-05-29,2.951,2.951,2.951,2.951,0.0
2019-05-30,2.949,2.949,2.949,2.949,0.0
2019-05-31,2.947,2.947,2.947,2.947,0.0
2019-06-03,2.935,2.935,2.935,2.935,0.0
2019-06-04,2.94,2.94,2.94,2.94,0.0
2019-06-05,2.928,2.928,2.928,2.928,0.0
2019-06-06,2.944,2.944,2.944,2.944,0.0
2019-06-07,2.945,2.945,2.945,2.945,0.0
2019-06-10,2.934,2.934,2.934,2.934,0.0
2019-06-11,2.934,2.934,2.934,2.934,0.0
2019-06-12,2.931,2.931,2.931,2.931,0.0
2019-06-13,2.932,2.932,2.932,2.932,0.0
2019-06-14,2.937,2.937,2.937,2.937,0.0
2019-06-17,2.94,2.94,2.94,2.94,0.0
2019-06-18,2.923,2.923,2.923,2.923,0.0
2019-06-19,2.924,2.924,2.924,2.924,0.0
2019-06-20,2.928,2.928,2.928,2.928,0.0
2019-06-21,2.943,2.943,2.943,2.943,0.0
2019-06-24,2.943,2.943,2.943,2.943,0.0
2019-06-25,2.942,2.942,2.942,2.942,0.0
2019-06-26,2.934,2.934,2.934,2.934,0.0
2019-06-27,2.93,2.93,2.93,2.93,0.0
2019-06-28,2.902,2.902,2.902,2.902,0.0
2019-07-01,2.895,2.895,2.895,2.895,0.0
2019-07-02,2.891,2.891,2.891,2.891,0.0
2019-07-03,2.89,2.89,2.89,2.89,0.0
2019-07-05,2.916,2.916,2.916,2.916,0.0
2019-07-08,2.912,2.912,2.912,2.912,0.0
2019-07-09,2.94,2.94,2.94,2.94,0.0
2019-07-10,2.932,2.932,2.932,2.932,0.0
2019-07-11,2.94,2.94,2.94,2.94,0.0
2019-07-12,2.948,2.948,2.948,2.948,0.0
2019-07-15,2.953,2.953,2.953,2.953,0.0
2019-07-16,2.929,2.929,2.929,2.929,0.0
2019-07-17,2.926,2.926,2.926,2.926,0.0
2019-07-18,2.945,2.945,2.945,2.945,0.0
2019-07-19,2.938,2.938,2.938,2.938,0.0
2019-07-22,2.896,2.896,2.896,2.896,0.0
2019-07-23,2.903,2.903,2.903,2.903,0.0
2019-07-24,2.896,2.896,2.896,2.896,0.0
2019-07-25,2.897,2.897,2.897,2.897,0.0
2019-07-26,2.891,2.891,2.891,2.891,0.0
2019-07-29,2.88,2.88,2.88,2.88,0.0
2019-07-30,2.883,2.883,2.883,2.883,0.0
2019-07-31,2.889,2.889,2.889,2.889,0.0
2019-08-01,2.892,2.892,2.892,2.892,0.0
2019-08-02,2.879,2.879,2.879,2.879,0.0
2019-08-05,2.877,2.877,2.877,2.877,0.0
2019-08-06,2.878,2.878,2.878,2.878,0.0
2019-08-07,2.883,2.883,2.883,2.883,0.0
2019-08-08,2.862,2.862,2.862,2.862,0.0
2019-08-09,2.838,2.838,2.838,2.838,0.0
2019-08-12,2.827,2.827,2.827,2.827,0.0
2019-08-13,2.808,2.808,2.808,2.808,0.0
2019-08-14,2.771,2.771,2.771,2.771,0.0
2019-08-15,2.771,2.771,2.771,2.771,0.0
2019-08-16,2.75,2.75,2.75,2.75,0.0
2019-08-19,2.752,2.752,2.752,2.752,0.0
2019-08-20,2.752,2.752,2.752,2.752,0.0
2019-08-21,2.753,2.753,2.753,2.753,0.0
2019-08-22,2.742,2.742,2.742,2.742,0.0
2019-08-23,2.772,2.772,2.772,2.772,0.0
2019-08-26,2.779,2.779,2.779,2.779,0.0
2019-08-27,2.794,2.794,2.794,2.794,0.0
2019-08-28,2.813,2.813,2.813,2.813,0.0
2019-08-29,2.815,2.815,2.815,2.815,0.0
2019-08-30,2.775,2.775,2.775,2.775,0.0
2019-09-03,2.78,2.78,2.78,2.78,0.0
2019-09-04,2.751,2.751,2.751,2.751,0.0
2019-09-05,2.758,2.758,2.758,2.758,0.0
2019-09-06,2.745,2.745,2.745,2.745,0.0
2019-09-09,2.709,2.709,2.709,2.709,0.0
2019-09-10,2.713,2.713,2.713,2.713,0.0
2019-09-11,2.708,2.708,2.708,2.708,0.0
2019-09-12,2.713,2.713,2.713,2.713,0.0
2019-09-13,2.678,2.678,2.678,2.678,0.0
2019-09-16,2.708,2.708,2.708,2.708,0.0
2019-09-17,2.672,2.672,2.672,2.672,0.0
2019-09-18,2.685,2.685,2.685,2.685,0.0
2019-09-19,2.679,2.679,2.679,2.679,0.0
2019-09-20,2.69,2.69,2.69,2.69,0.0
2019-09-23,2.687,2.687,2.687,2.687,0.0
2019-09-24,2.666,2.666,2.666,2.666,0.0
2019-09-25,2.665,2.665,2.665,2.665,0.0
2019-09-26,2.666,2.666,2.666,2.666,0.0
2019-09-27,2.655,2.655,2.655,2.655,0.0
2019-09-30,2.717,2.717,2.717,2.717,0.0
2019-10-01,2.666,2.666,2.666,2.666,0.0
2019-10-02,2.684,2.684,2.684,2.684,0.0
2019-10-03,2.669,2.669,2.669,2.669,0.0
2019-10-04,2.659,2.659,2.659,2.659,0.0
2019-10-07,2.663,2.663,2.663,2.663,0.0
2019-10-08,2.639,2.639,2.639,2.639,0.0
2019-10-09,2.65,2.65,2.65,2.65,0.0
2019-10-10,2.651,2.651,2.651,2.651,0.0
2019-10-11,2.662,2.662,2.662,2.662,0.0
2019-10-14,2.677,2.677,2.677,2.677,0.0
2019-10-15,2.693,2.693,2.693,2.693,0.0
2019-10-16,2.695,2.695,2.695,2.695,0.0
2019-10-17,2.692,2.692,2.692,2.692,0.0
2019-10-18,2.687,2.687,2.687,2.687,0.0
2019-10-21,2.682,2.682,2.682,2.682,0.0
2019-10-22,2.686,2.686,2.686,2.686,0.0
2019-10-23,2.68,2.68,2.68,2.68,0.0
2019-10-24,2.684,2.684,2.684,2.684,0.0
2019-10-25,2.682,2.682,2.682,2.682,0.0
2019-10-28,2.691,2.691,2.691,2.691,0.0
2019-10-29,2.707,2.707,2.707,2.707,0.0
2019-10-30,2.714,2.714,2.714,2.714,0.0
2019-10-31,2.712,2.712,2.712,2.712,0.0
2019-11-01,2.721,2.721,2.721,2.721,0.0
2019-11-04,2.662,2.662,2.662,2.662,7.0
2019-11-05,2.641,2.641,2.641,2.641,0.0
2019-11-06,2.652,2.652,2.652,2.652,0.0
2019-11-07,2.619,2.619,2.619,2.619,0.0
2019-11-08,2.626,2.626,2.626,2.626,0.0
2019-11-11,2.617,2.617,2.617,2.617,0.0
2019-11-12,2.577,2.577,2.577,2.577,0.0
2019-11-13,2.568,2.568,2.568,2.568,0.0
2019-11-14,2.57,2.57,2.57,2.57,0.0
2019-11-15,2.568,2.568,2.568,2.568,0.0
2019-11-18,2.572,2.572,2.572,2.572,0.0
2019-11-19,2.579,2.579,2.579,2.579,0.0
2019-11-20,2.588,2.588,2.588,2.588,0.0
2019-11-21,2.595,2.595,2.595,2.595,0.0
2019-11-22,2.595,2.595,2.595,2.595,0.0
2019-11-25,2.587,2.587,2.587,2.587,0.0
2019-11-26,2.581,2.581,2.581,2.581,0.0
2019-11-27,2.585,2.585,2.585,2.585,0.0
2019-11-29,2.543,2.543,2.543,2.543,0.0
2019-12-02,2.569,2.569,2.569,2.569,0.0
2019-12-03,2.578,2.578,2.578,2.578,0.0
2019-12-04,2.577,2.577,2.577,2.577,0.0
2019-12-05,2.569,2.569,2.569,2.569,0.0
2019-12-06,2.542,2.542,2.542,2.542,0.0
2019-12-09,2.521,2.521,2.521,2.521,0.0
2019-12-10,2.53,2.53,2.53,2.53,0.0
2019-12-11,2.527,2.527,2.527,2.527,0.0
2019-12-12,2.532,2.532,2.532,2.532,0.0
2019-12-13,2.515,2.515,2.515,2.515,0.0
2019-12-16,2.524,2.524,2.524,2.524,0.0
2019-12-17,2.526,2.526,2.526,2.526,0.0
2019-12-18,2.497,2.497,2.497,2.497,0.0
2019-12-19,2.471,2.471,2.471,2.471,0.0
2019-12-20,2.462,2.462,2.462,2.462,0.0
2019-12-23,2.469,2.469,2.469,2.469,0.0
2019-12-24,2.467,2.467,2.467,2.467,0.0
2019-12-26,2.455,2.455,2.455,2.455,0.0
2019-12-27,2.453,2.453,2.453,2.453,0.0
2019-12-30,2.45,2.45,2.45,2.45,0.0
2019-12-31,2.459,2.459,2.459,2.459,0.0
2020-01-02,2.454,2.454,2.454,2.454,0.0
2020-01-03,2.454,2.454,2.454,2.454,0.0
2020-01-06,2.458,2.458,2.458,2.458,0.0
2020-01-07,2.465,2.465,2.465,2.465,0.0
2020-01-08,2.468,2.468,2.468,2.468,0.0
2020-01-09,2.479,2.479,2.479,2.479,0.0
2020-01-10,2.481,2.481,2.481,2.481,0.0
2020-01-13,2.481,2.481,2.481,2.481,0.0
2020-01-14,2.48,2.48,2.48,2.48,0.0
2020-01-15,2.479,2.479,2.479,2.479,0.0
2020-01-16,2.486,2.486,2.486,2.486,0.0
2020-01-17,2.496,2.496,2.496,2.496,0.0
2020-01-21,2.486,2.486,2.486,2.486,0.0
2020-01-22,2.467,2.467,2.467,2.467,0.0
2020-01-23,2.459,2.459,2.459,2.459,0.0
2020-01-24,2.467,2.467,2.467,2.467,0.0
2020-01-27,2.426,2.426,2.426,2.426,0.0
2020-01-28,2.436,2.436,2.436,2.436,0.0
2020-01-29,2.426,2.426,2.426,2.426,0.0
2020-01-30,2.421,2.421,2.421,2.421,0.0
2020-01-31,2.422,2.422,2.422,2.422,0.0
2020-02-03,2.417,2.417,2.417,2.417,0.0
2020-02-04,2.413,2.413,2.413,2.413,0.0
2020-02-05,2.39,2.39,2.39,2.39,0.0
2020-02-06,2.394,2.394,2.394,2.394,0.0
2020-02-07,2.412,2.412,2.412,2.412,0.0
2020-02-10,2.404,2.404,2.404,2.404,0.0
2020-02-11,2.389,2.389,2.389,2.389,0.0
2020-02-12,2.396,2.396,2.396,2.396,0.0
2020-02-13,2.386,2.386,2.386,2.386,0.0
2020-02-14,2.397,2.397,2.397,2.397,0.0
2020-02-18,2.37,2.37,2.37,2.37,0.0
2020-02-19,2.391,2.391,2.391,2.391,0.0
2020-02-20,2.386,2.386,2.386,2.386,0.0
2020-02-21,2.416,2.416,2.416,2.416,0.0
2020-02-24,2.422,2.422,2.422,2.422,0.0
2020-02-25,2.425,2.425,2.425,2.425,0.0
2020-02-26,2.448,2.448,2.448,2.448,0.0
2020-02-27,2.438,2.438,2.438,2.438,0.0
2020-02-28,2.476,2.476,2.476,2.476,0.0
2020-03-02,2.516,2.516,2.516,2.516,0.0
2020-03-03,2.512,2.512,2.512,2.512,0.0
2020-03-04,2.501,2.501,2.501,2.501,0.0
2020-03-05,2.476,2.476,2.476,2.476,0.0
2020-03-06,2.489,2.489,2.489,2.489,0.0
2020-03-09,2.526,2.526,2.526,2.526,0.0
2020-03-10,2.526,2.526,2.526,2.526,0.0
2020-03-11,2.488,2.488,2.488,2.488,0.0
2020-03-12,2.438,2.438,2.438,2.438,0.0
2020-03-13,2.433,2.433,2.433,2.433,0.0
2020-03-16,2.422,2.422,2.422,2.422,0.0
2020-03-17,2.451,2.451,2.451,2.451,0.0
2020-03-18,2.457,2.457,2.457,2.457,0.0
2020-03-19,2.47,2.47,2.47,2.47,0.0
2020-03-20,2.464,2.464,2.464,2.464,0.0
2020-03-23,2.459,2.459,2.459,2.459,0.0
2020-03-24,2.426,2.426,2.426,2.426,0.0
2020-03-25,2.421,2.421,2.421,2.421,0.0
2020-03-26,2.387,2.387,2.387,2.387,0.0
2020-03-27,2.409,2.409,2.409,2.409,0.0
2020-03-30,2.417,2.417,2.417,2.417,0.0
2020-03-31,2.405,2.405,2.405,2.405,0.0
2020-04-01,2.375,2.375,2.375,2.375,0.0
2020-04-02,2.361,2.361,2.361,2.361,0.0
2020-04-03,2.345,2.345,2.345,2.345,0.0
2020-04-06,2.361,2.361,2.361,2.361,0.0
2020-04-07,2.355,2.355,2.355,2.355,0.0
2020-04-08,2.372,2.372,2.372,2.372,0.0
2020-04-09,2.389,2.389,2.389,2.389,0.0
2020-04-13,2.417,2.417,2.417,2.417,0.0
2020-04-14,2.399,2.399,2.399,2.399,0.0
2020-04-15,2.368,2.368,2.368,2.368,0.0
2020-04-16,2.373,2.373,2.373,2.373,0.0
2020-04-17,2.374,2.374,2.374,2.374,0.0
2020-04-20,2.392,2.392,2.392,2.392,0.0
2020-04-21,2.375,2.375,2.375,2.375,0.0
2020-04-22,2.403,2.403,2.403,2.403,0.0
2020-04-23,2.357,2.357,2.357,2.357,0.0
2020-04-24,2.355,2.355,2.355,2.355,0.0
2020-04-27,2.381,2.381,2.381,2.381,0.0
2020-04-28,2.373,2.373,2.373,2.373,0.0
2020-04-29,2.368,2.368,2.368,2.368,0.0
2020-04-30,2.343,2.343,2.343,2.343,0.0
2020-05-01,2.326,2.326,2.326,2.326,0.0
2020-05-04,2.303,2.303,2.303,2.303,0.0
2020-05-05,2.29,2.29,2.29,2.29,0.0
2020-05-06,2.329,2.329,2.329,2.329,0.0
2020-05-07,2.311,2.311,2.311,2.311,0.0
2020-05-08,2.32,2.32,2.32,2.32,0.0
2020-05-11,2.301,2.301,2.301,2.301,0.0
2020-05-12,2.305,2.305,2.305,2.305,0.0
2020-05-13,2.28,2.28,2.28,2.28,0.0
2020-05-14,2.31,2.31,2.254,2.254,30.0
2020-05-15,2.295,2.295,2.295,2.295,0.0
2020-05-18,2.313,2.313,2.313,2.313,0.0
2020-05-19,2.31,2.31,2.31,2.31,0.0
2020-05-20,2.267,2.267,2.267,2.267,0.0
2020-05-21,2.258,2.258,2.258,2.258,0.0
2020-05-22,2.301,2.301,2.301,2.301,0.0
2020-05-26,2.301,2.301,2.301,2.301,0.0
2020-05-27,2.338,2.338,2.338,2.338,0.0
2020-05-28,2.33,2.33,2.33,2.33,0.0
2020-05-29,2.324,2.324,2.324,2.324,0.0
2020-06-01,2.301,2.301,2.301,2.301,0.0
2020-06-02,2.306,2.306,2.306,2.306,0.0
2020-06-03,2.293,2.293,2.293,2.293,0.0
2020-06-04,2.302,2.302,2.302,2.302,0.0
2020-06-05,2.296,2.296,2.296,2.296,0.0
2020-06-08,2.31,2.31,2.31,2.31,0.0
2020-06-09,2.318,2.318,2.318,2.318,0.0
2020-06-10,2.304,2.304,2.304,2.304,0.0
2020-06-11,2.299,2.299,2.299,2.299,0.0
2020-06-12,2.288,2.288,2.288,2.288,0.0
2020-06-15,2.315,2.315,2.315,2.315,0.0
2020-06-16,2.309,2.309,2.309,2.309,0.0
2020-06-17,2.304,2.304,2.304,2.304,0.0
2020-06-18,2.315,2.315,2.315,2.315,0.0
2020-06-19,2.298,2.298,2.298,2.298,0.0
2020-06-22,2.286,2.286,2.286,2.286,0.0
2020-06-23,2.285,2.285,2.285,2.285,0.0
2020-06-24,2.292,2.292,2.292,2.292,0.0
2020-06-25,2.31,2.31,2.31,2.31,0.0
2020-06-26,2.332,2.332,2.332,2.332,0.0
2020-06-29,2.33,2.33,2.33,2.33,0.0
2020-06-30,2.33,2.33,2.33,2.33,0.0
2020-07-01,2.343,2.343,2.343,2.343,0.0
2020-07-02,2.375,2.375,2.375,2.375,0.0
2020-07-06,2.354,2.354,2.354,2.354,0.0
2020-07-07,2.347,2.347,2.347,2.347,0.0
2020-07-08,2.375,2.375,2.375,2.375,0.0
2020-07-09,2.36,2.36,2.36,2.36,0.0
2020-07-10,2.346,2.346,2.346,2.346,0.0
2020-07-13,2.342,2.342,2.342,2.342,0.0
2020-07-14,2.341,2.341,2.341,2.341,0.0
2020-07-15,2.351,2.351,2.351,2.351,0.0
2020-07-16,2.344,2.344,2.344,2.344,0.0
2020-07-17,2.341,2.341,2.341,2.341,0.0
2020-07-20,2.332,2.332,2.332,2.332,0.0
2020-07-21,2.346,2.346,2.346,2.346,0.0
2020-07-22,2.355,2.355,2.355,2.355,0.0
2020-07-23,2.439,2.439,2.439,2.439,0.0
2020-07-24,2.478,2.478,2.478,2.478,0.0
2020-07-27,2.536,2.536,2.536,2.536,0.0
2020-07-28,2.533,2.533,2.533,2.533,0.0
2020-07-29,2.538,2.538,2.538,2.538,0.0
2020-07-30,2.546,2.546,2.546,2.546,0.0
2020-07-31,2.564,2.564,2.564,2.564,0.0
2020-08-03,2.562,2.562,2.562,2.562,0.0
2020-08-04,2.556,2.556,2.556,2.556,0.0
2020-08-05,2.579,2.579,2.579,2.579,0.0
2020-08-06,2.604,2.604,2.604,2.604,0.0
2020-08-07,2.636,2.636,2.636,2.636,0.0
2020-08-10,2.604,2.604,2.604,2.604,0.0
2020-08-11,2.519,2.519,2.519,2.519,0.0
2020-08-12,2.496,2.496,2.496,2.496,0.0
2020-08-13,2.516,2.516,2.516,2.516,0.0
2020-08-14,2.507,2.507,2.507,2.507,0.0
2020-08-17,2.507,2.507,2.507,2.507,0.0
2020-08-18,2.502,2.502,2.502,2.502,0.0
2020-08-19,2.497,2.497,2.497,2.497,0.0
2020-08-20,2.495,2.495,2.495,2.495,0.0
2020-08-21,2.49,2.49,2.49,2.49,0.0
2020-08-24,2.485,2.485,2.485,2.485,0.0
2020-08-25,2.478,2.478,2.478,2.478,0.0
2020-08-26,2.506,2.506,2.506,2.506,0.0
2020-08-27,2.515,2.515,2.515,2.515,0.0
2020-08-28,2.503,2.503,2.503,2.503,0.0
2020-08-31,2.477,2.477,2.477,2.477,0.0
2020-09-01,2.475,2.475,2.475,2.475,0.0
2020-09-02,2.469,2.469,2.469,2.469,0.0
2020-09-03,2.466,2.466,2.466,2.466,0.0
2020-09-04,2.409,2.409,2.409,2.409,0.0
2020-09-08,2.41,2.41,2.41,2.41,0.0
2020-09-09,2.396,2.396,2.396,2.396,0.0
2020-09-10,2.378,2.378,2.378,2.378,0.0
2020-09-11,2.355,2.355,2.355,2.355,0.0
2020-09-14,2.343,2.343,2.343,2.343,0.0
2020-09-15,2.35,2.35,2.35,2.35,0.0
2020-09-16,2.348,2.348,2.348,2.348,0.0
2020-09-17,2.336,2.336,2.336,2.336,0.0
2020-09-18,2.357,2.357,2.357,2.357,0.0
2020-09-21,2.328,2.328,2.328,2.328,0.0
2020-09-22,2.367,2.367,2.367,2.367,0.0
2020-09-23,2.407,2.407,2.407,2.407,0.0
2020-09-24,2.417,2.417,2.417,2.417,0.0
2020-09-25,2.429,2.429,2.429,2.429,0.0
2020-09-28,2.437,2.437,2.437,2.437,0.0
2020-09-29,2.408,2.408,2.408,2.408,0.0
2020-09-30,2.389,2.389,2.389,2.389,0.0
2020-10-01,2.369,2.369,2.369,2.369,0.0
2020-10-02,2.363,2.363,2.363,2.363,0.0
2020-10-05,2.341,2.341,2.341,2.341,0.0
2020-10-06,2.348,2.348,2.348,2.348,0.0
2020-10-07,2.371,2.371,2.371,2.371,0.0
2020-10-08,2.346,2.346,2.346,2.346,0.0
2020-10-09,2.376,2.376,2.376,2.376,0.0
2020-10-12,2.38,2.38,2.362,2.362,15.0
2020-10-13,2.375,2.375,2.342,2.342,15.0
2020-10-14,2.369,2.369,2.369,2.369,0.0
2020-10-15,2.355,2.355,2.355,2.355,0.0
2020-10-16,2.358,2.358,2.358,2.358,0.0
2020-10-19,2.401,2.401,2.401,2.401,0.0
2020-10-20,2.342,2.342,2.342,2.342,0.0
2020-10-21,2.363,2.363,2.363,2.363,0.0
2020-10-22,2.365,2.365,2.365,2.365,0.0
2020-10-23,2.328,2.328,2.328,2.328,0.0
2020-10-26,2.266,2.266,2.266,2.266,0.0
2020-10-27,2.32,2.32,2.32,2.32,0.0
2020-10-28,2.357,2.357,2.357,2.357,0.0
2020-10-29,2.369,2.369,2.369,2.369,0.0
2020-10-30,2.386,2.386,2.386,2.386,0.0
2020-11-02,2.374,2.374,2.374,2.374,0.0
2020-11-03,2.414,2.414,2.414,2.414,0.0
2020-11-04,2.411,2.411,2.411,2.411,0.0
2020-11-05,2.406,2.406,2.406,2.406,0.0
2020-11-06,2.396,2.396,2.396,2.396,0.0
2020-11-09,2.392,2.392,2.392,2.392,0.0
2020-11-10,2.402,2.402,2.402,2.402,0.0
2020-11-11,2.417,2.417,2.417,2.417,0.0
2020-11-12,2.414,2.414,2.414,2.414,0.0
2020-11-13,2.369,2.369,2.369,2.369,0.0
2020-11-16,2.366,2.366,2.366,2.366,0.0
2020-11-17,2.383,2.383,2.383,2.383,0.0
2020-11-18,2.407,2.407,2.407,2.407,0.0
2020-11-19,2.407,2.407,2.407,2.407,0.0
2020-11-20,2.4,2.4,2.4,2.4,0.0
2020-11-23,2.394,2.394,2.394,2.394,0.0
2020-11-24,2.43,2.43,2.396,2.396,2.0
2020-11-25,2.379,2.379,2.379,2.379,0.0
2020-11-27,2.375,2.375,2.375,2.375,0.0
2020-11-30,2.361,2.361,2.361,2.361,0.0
2020-12-01,2.423,2.423,2.423,2.423,0.0
2020-12-02,2.448,2.448,2.448,2.448,0.0
2020-12-03,2.42,2.42,2.42,2.42,0.0
2020-12-04,2.44,2.44,2.44,2.44,0.0
2020-12-07,2.411,2.411,2.411,2.411,0.0
2020-12-08,2.399,2.399,2.399,2.399,0.0
2020-12-09,2.409,2.409,2.409,2.409,0.0
2020-12-10,2.414,2.414,2.414,2.414,0.0
2020-12-11,2.433,2.433,2.433,2.433,0.0
2020-12-14,2.427,2.427,2.427,2.427,0.0
2020-12-15,2.412,2.412,2.412,2.412,0.0
2020-12-16,2.424,2.424,2.424,2.424,0.0
2020-12-17,2.412,2.412,2.412,2.412,0.0
2020-12-18,2.426,2.426,2.426,2.426,0.0
2020-12-21,2.397,2.397,2.397,2.397,0.0
2020-12-22,2.432,2.432,2.432,2.432,0.0
2020-12-23,2.427,2.427,2.427,2.427,0.0
2020-12-24,2.439,2.439,2.439,2.439,0.0
2020-12-28,2.358,2.358,2.358,2.358,0.0
2020-12-29,2.427,2.427,2.427,2.427,0.0
2020-12-30,2.398,2.398,2.398,2.398,0.0
2020-12-31,2.425,2.425,2.425,2.425,0.0
2021-01-04,2.433,2.433,2.433,2.433,0.0
2021-01-05,2.448,2.448,2.448,2.448,0.0
2021-01-06,2.481,2.481,2.481,2.481,0.0
2021-01-07,2.449,2.449,2.449,2.449,0.0
2021-01-08,2.433,2.433,2.433,2.433,0.0
2021-01-11,2.436,2.436,2.436,2.436,0.0
2021-01-12,2.454,2.454,2.454,2.454,0.0
2021-01-13,2.485,2.485,2.485,2.485,0.0
2021-01-14,2.433,2.433,2.433,2.433,0.0
2021-01-15,2.469,2.469,2.469,2.469,0.0
2021-01-19,2.461,2.461,2.461,2.461,0.0
2021-01-20,2.475,2.475,2.475,2.475,0.0
2021-01-21,2.479,2.479,2.479,2.479,0.0
2021-01-22,2.494,2.494,2.494,2.494,0.0
2021-01-25,2.451,2.451,2.451,2.451,0.0
2021-01-26,2.48,2.48,2.48,2.48,0.0
2021-01-27,2.495,2.495,2.495,2.495,0.0
2021-01-28,2.494,2.494,2.494,2.494,0.0
2021-01-29,2.488,2.488,2.488,2.488,0.0
2021-02-01,2.492,2.492,2.492,2.492,0.0
2021-02-02,2.488,2.488,2.488,2.488,0.0
2021-02-03,2.469,2.469,2.469,2.469,0.0
2021-02-04,2.445,2.445,2.445,2.445,0.0
2021-02-05,2.454,2.454,2.454,2.454,0.0
2021-02-08,2.474,2.474,2.474,2.474,0.0
2021-02-09,2.474,2.474,2.474,2.474,0.0
2021-02-10,2.479,2.479,2.479,2.479,0.0
2021-02-11,2.466,2.466,2.466,2.466,0.0
2021-02-12,2.46,2.46,2.46,2.46,0.0
2021-02-16,2.477,2.477,2.477,2.477,0.0
2021-02-17,2.472,2.472,2.472,2.472,0.0
2021-02-18,2.462,2.462,2.462,2.462,0.0
2021-02-19,2.458,2.458,2.458,2.458,0.0
2021-02-22,2.46,2.46,2.46,2.46,0.0
2021-02-23,2.465,2.465,2.465,2.465,0.0
2021-02-24,2.459,2.459,2.459,2.459,0.0
2021-02-25,2.408,2.408,2.408,2.408,0.0
2021-02-26,2.431,2.431,2.431,2.431,0.0
2021-03-01,2.449,2.449,2.449,2.449,0.0
2021-03-02,2.458,2.458,2.458,2.458,0.0
2021-03-03,2.433,2.433,2.433,2.433,0.0
2021-03-04,2.408,2.408,2.408,2.408,0.0
2021-03-05,2.414,2.414,2.414,2.414,0.0
2021-03-08,2.432,2.432,2.432,2.432,0.0
2021-03-09,2.439,2.439,2.439,2.439,0.0
2021-03-10,2.437,2.437,2.437,2.437,0.0
2021-03-11,2.434,2.434,2.434,2.434,0.0
2021-03-12,2.451,2.451,2.451,2.451,0.0
2021-03-15,2.424,2.424,2.424,2.424,0.0
2021-03-16,2.456,2.456,2.456,2.456,0.0
2021-03-17,2.437,2.437,2.437,2.437,0.0
2021-03-18,2.451,2.451,2.451,2.451,0.0
2021-03-19,2.457,2.457,2.457,2.457,0.0
2021-03-22,2.453,2.453,2.453,2.453,0.0
2021-03-23,2.467,2.467,2.467,2.467,0.0
2021-03-24,2.47,2.47,2.47,2.47,0.0
2021-03-25,2.47,2.47,2.47,2.47,0.0
2021-03-26,2.467,2.467,2.467,2.467,0.0
2021-03-29,2.485,2.485,2.485,2.485,0.0
2021-03-30,2.496,2.496,2.496,2.496,0.0
2021-03-31,2.502,2.502,2.502,2.502,0.0
2021-04-01,2.524,2.524,2.524,2.524,0.0
2021-04-05,2.511,2.511,2.511,2.511,0.0
2021-04-06,2.516,2.516,2.516,2.516,0.0
2021-04-07,2.519,2.519,2.519,2.519,0.0
2021-04-08,2.519,2.519,2.519,2.519,0.0
2021-04-09,2.553,2.553,2.553,2.553,0.0
2021-04-12,2.562,2.562,2.562,2.562,0.0
2021-04-13,2.545,2.545,2.545,2.545,0.0
2021-04-14,2.554,2.554,2.554,2.554,0.0
2021-04-15,2.558,2.558,2.558,2.558,0.0
2021-04-16,2.571,2.571,2.571,2.571,0.0
2021-04-19,2.565,2.565,2.565,2.565,0.0
2021-04-20,2.517,2.517,2.517,2.517,0.0
2021-04-21,2.508,2.508,2.508,2.508,0.0
2021-04-22,2.489,2.489,2.489,2.489,0.0
2021-04-23,2.497,2.497,2.497,2.497,0.0
2021-04-26,2.5,2.5,2.483,2.483,12.0
2021-04-27,2.482,2.482,2.482,2.482,0.0
2021-04-28,2.494,2.494,2.494,2.494,0.0
2021-04-29,2.496,2.496,2.496,2.496,0.0
2021-04-30,2.511,2.511,2.511,2.511,0.0
2021-05-03,2.514,2.514,2.514,2.514,0.0
2021-05-04,2.523,2.523,2.523,2.523,0.0
2021-05-05,2.525,2.525,2.525,2.525,0.0
2021-05-06,2.515,2.515,2.515,2.515,0.0
2021-05-07,2.522,2.522,2.522,2.522,0.0
2021-05-10,2.525,2.525,2.525,2.525,0.0
2021-05-11,2.522,2.522,2.522,2.522,0.0
2021-05-12,2.521,2.521,2.521,2.521,0.0
2021-05-13,2.511,2.511,2.511,2.511,0.0
2021-05-14,2.517,2.517,2.517,2.517,0.0
2021-05-17,2.521,2.521,2.521,2.521,0.0
2021-05-18,2.49,2.49,2.49,2.49,0.0
2021-05-19,2.494,2.494,2.494,2.494,0.0
2021-05-20,2.499,2.499,2.499,2.499,0.0
2021-05-21,2.511,2.511,2.511,2.511,0.0
2021-05-24,2.505,2.505,2.505,2.505,0.0
2021-05-25,2.516,2.516,2.516,2.516,0.0
2021-05-26,2.495,2.495,2.495,2.495,0.0
2021-05-27,2.492,2.492,2.492,2.492,0.0
2021-05-28,2.502,2.502,2.502,2.502,0.0
2021-06-01,2.494,2.494,2.494,2.494,0.0
2021-06-02,2.504,2.504,2.504,2.504,0.0
2021-06-03,2.491,2.491,2.491,2.491,0.0
2021-06-04,2.542,2.542,2.542,2.542,0.0
2021-06-07,2.513,2.513,2.513,2.513,0.0
2021-06-08,2.494,2.494,2.494,2.494,0.0
2021-06-09,2.501,2.501,2.501,2.501,0.0
2021-06-10,2.49,2.49,2.49,2.49,0.0
2021-06-11,2.489,2.489,2.489,2.489,0.0
2021-06-14,2.498,2.498,2.498,2.498,0.0
2021-06-15,2.483,2.483,2.483,2.483,0.0
2021-06-16,2.536,2.536,2.536,2.536,0.0
2021-06-17,2.541,2.541,2.541,2.541,0.0
2021-06-18,2.55,2.55,2.55,2.55,0.0
2021-06-21,2.547,2.547,2.547,2.547,0.0
2021-06-22,2.547,2.547,2.547,2.547,0.0
2021-06-23,2.548,2.548,2.548,2.548,0.0
2021-06-24,2.536,2.536,2.536,2.536,0.0
2021-06-25,2.592,2.592,2.592,2.592,0.0
2021-06-28,2.602,2.602,2.602,2.602,0.0
2021-06-29,2.63,2.63,2.63,2.63,0.0
2021-06-30,2.626,2.626,2.626,2.626,0.0
2021-07-01,2.614,2.614,2.614,2.614,0.0
2021-07-02,2.606,2.606,2.606,2.606,0.0
2021-07-06,2.598,2.598,2.598,2.598,0.0
2021-07-07,2.61,2.61,2.61,2.61,0.0
2021-07-08,2.622,2.622,2.622,2.622,0.0
2021-07-09,2.628,2.628,2.628,2.628,0.0
2021-07-12,2.633,2.633,2.633,2.633,0.0
2021-07-13,2.632,2.632,2.632,2.632,0.0
2021-07-14,2.625,2.625,2.625,2.625,0.0
2021-07-15,2.633,2.633,2.633,2.633,0.0
2021-07-16,2.639,2.639,2.639,2.639,0.0
2021-07-19,2.649,2.649,2.649,2.649,0.0
2021-07-20,2.656,2.656,2.656,2.656,0.0
2021-07-21,2.651,2.651,2.651,2.651,0.0
2021-07-22,2.653,2.653,2.653,2.653,0.0
2021-07-23,2.659,2.659,2.659,2.659,0.0
2021-07-26,2.667,2.667,2.667,2.667,0.0
2021-07-27,2.637,2.637,2.637,2.637,0.0
2021-07-28,2.629,2.629,2.629,2.629,0.0
2021-07-29,2.604,2.604,2.604,2.604,0.0
2021-07-30,2.624,2.624,2.624,2.624,0.0
2021-08-02,2.638,2.638,2.638,2.638,0.0
2021-08-03,2.63,2.63,2.63,2.63,0.0
2021-08-04,2.64,2.64,2.64,2.64,0.0
2021-08-05,2.605,2.605,2.605,2.605,0.0
2021-08-06,2.614,2.614,2.614,2.614,0.0
2021-08-09,2.63,2.63,2.63,2.63,0.0
2021-08-10,2.627,2.627,2.627,2.627,0.0
2021-08-11,2.642,2.642,2.642,2.642,0.0
2021-08-12,2.723,2.723,2.723,2.723,0.0
2021-08-13,2.69,2.69,2.69,2.69,2.0
2021-08-16,2.702,2.702,2.702,2.702,0.0
2021-08-17,2.715,2.715,2.715,2.715,0.0
2021-08-18,2.713,2.713,2.713,2.713,0.0
2021-08-19,2.724,2.724,2.724,2.724,0.0
2021-08-20,2.723,2.723,2.723,2.723,0.0
2021-08-23,2.725,2.725,2.725,2.725,0.0
2021-08-24,2.721,2.721,2.721,2.721,0.0
2021-08-25,2.738,2.738,2.738,2.738,0.0
2021-08-26,2.769,2.769,2.769,2.769,0.0
2021-08-27,2.771,2.771,2.771,2.771,0.0
2021-08-30,2.774,2.774,2.774,2.774,0.0
2021-08-31,2.763,2.763,2.763,2.763,0.0
2021-09-01,2.772,2.772,2.772,2.772,0.0
2021-09-02,2.772,2.772,2.772,2.772,0.0
2021-09-03,2.772,2.776,2.772,2.776,1.0
2021-09-07,2.8,2.8,2.8,2.8,0.0
2021-09-08,2.852,2.852,2.852,2.852,0.0
2021-09-09,2.922,2.922,2.922,2.922,0.0
2021-09-10,2.904,2.904,2.904,2.904,0.0
2021-09-13,2.919,2.919,2.919,2.919,5.0
2021-09-14,2.913,2.913,2.913,2.913,5.0
2021-09-15,2.864,2.864,2.864,2.864,0.0
2021-09-16,2.867,2.867,2.867,2.867,0.0
2021-09-17,2.86,2.86,2.86,2.86,0.0
2021-09-20,2.896,2.896,2.896,2.896,0.0
2021-09-21,2.913,2.913,2.913,2.913,0.0
2021-09-22,2.93,2.93,2.93,2.93,0.0
2021-09-23,2.937,2.937,2.937,2.937,0.0
2021-09-24,2.902,2.902,2.902,2.902,0.0
2021-09-27,2.915,2.915,2.915,2.915,0.0
2021-09-28,2.838,2.838,2.838,2.838,0.0
2021-09-29,2.849,2.849,2.849,2.849,7.0
2021-09-30,2.856,2.856,2.856,2.856,5.0
2021-10-01,2.846,2.846,2.846,2.846,5.0
2021-10-04,2.855,2.855,2.855,2.855,0.0
2021-10-05,2.87,2.87,2.87,2.87,0.0
2021-10-06,2.908,2.908,2.908,2.908,0.0
2021-10-07,2.908,2.908,2.908,2.908,0.0
2021-10-08,2.949,2.949,2.949,2.949,0.0
2021-10-11,2.935,2.935,2.935,2.935,0.0
2021-10-12,2.92,2.92,2.92,2.92,0.0
2021-10-13,2.925,2.925,2.925,2.925,0.0
2021-10-14,2.96,2.96,2.96,2.96,0.0
2021-10-15,2.969,2.969,2.969,2.969,0.0
2021-10-18,2.975,2.975,2.975,2.975,7.0
2021-10-19,2.959,2.959,2.959,2.959,75.0
2021-10-20,2.962,2.962,2.962,2.962,0.0
2021-10-21,2.975,2.975,2.975,2.975,0.0
2021-10-22,2.98,2.98,2.98,2.98,0.0
2021-10-25,3.023,3.023,3.023,3.023,0.0
2021-10-26,3.001,3.001,3.001,3.001,0.0
2021-10-27,2.938,2.938,2.938,2.938,0.0
2021-10-28,2.939,2.939,2.939,2.939,0.0
2021-10-29,2.89,2.89,2.89,2.89,0.0
2021-11-01,2.785,2.785,2.785,2.785,0.0
2021-11-02,2.846,2.846,2.846,2.846,0.0
2021-11-03,2.84,2.84,2.84,2.84,0.0
2021-11-04,2.864,2.864,2.864,2.864,0.0
2021-11-05,2.852,2.852,2.852,2.852,0.0
2021-11-08,2.905,2.905,2.905,2.905,0.0
2021-11-09,2.901,2.901,2.901,2.901,0.0
2021-11-10,2.927,2.927,2.927,2.927,0.0
2021-11-11,2.944,2.944,2.944,2.944,0.0
2021-11-12,2.895,2.895,2.895,2.895,0.0
2021-11-15,2.908,2.908,2.908,2.908,0.0
2021-11-16,2.979,2.979,2.979,2.979,0.0
2021-11-17,2.91,2.91,2.91,2.91,15.0
2021-11-18,2.898,2.898,2.898,2.898,0.0
2021-11-19,2.872,2.872,2.872,2.872,0.0
2021-11-22,2.854,2.854,2.854,2.854,0.0
2021-11-23,2.901,2.901,2.901,2.901,0.0
2021-11-24,2.899,2.899,2.899,2.899,0.0
2021-11-26,2.938,2.938,2.938,2.938,0.0
2021-11-29,2.93,2.93,2.93,2.93,0.0
2021-11-30,2.903,2.903,2.903,2.903,0.0
2021-12-01,2.911,2.911,2.911,2.911,0.0
2021-12-02,2.915,2.915,2.915,2.915,0.0
2021-12-03,2.925,2.925,2.925,2.925,0.0
2021-12-06,2.897,2.897,2.897,2.897,0.0
2021-12-07,2.901,2.901,2.901,2.901,0.0
2021-12-08,2.86,2.86,2.86,2.86,0.0
2021-12-09,2.903,2.903,2.903,2.903,10.0
2021-12-10,2.938,2.938,2.938,2.938,10.0
2021-12-13,2.842,2.842,2.842,2.842,0.0
2021-12-14,2.88,2.88,2.88,2.88,4.0
2021-12-15,2.886,2.886,2.886,2.886,0.0
2021-12-16,2.903,2.903,2.903,2.903,0.0
2021-12-17,2.916,2.916,2.916,2.916,0.0
2021-12-20,2.931,2.931,2.931,2.931,0.0
2021-12-21,2.915,2.915,2.915,2.915,0.0
2021-12-22,2.916,2.916,2.916,2.916,0.0
2021-12-23,2.879,2.879,2.879,2.879,0.0
2021-12-27,2.865,2.865,2.865,2.865,0.0
2021-12-28,2.881,2.881,2.881,2.881,0.0
2021-12-29,2.903,2.903,2.903,2.903,0.0
2021-12-30,2.86,2.891,2.86,2.891,4.0
2021-12-31,2.865,2.865,2.865,2.865,6.0
2022-01-03,2.877,2.877,2.877,2.877,0.0
2022-01-04,2.876,2.876,2.876,2.876,0.0
2022-01-05,2.88,2.88,2.88,2.88,0.0
2022-01-06,2.894,2.894,2.894,2.894,0.0
2022-01-07,2.927,2.927,2.927,2.927,0.0
2022-01-10,2.932,2.932,2.932,2.932,0.0
2022-01-11,2.921,2.921,2.921,2.921,0.0
2022-01-12,2.896,2.896,2.896,2.896,0.0
2022-01-13,2.899,2.899,2.899,2.899,0.0
2022-01-14,2.875,2.875,2.875,2.875,0.0
2022-01-18,2.894,2.894,2.894,2.894,0.0
2022-01-19,2.941,2.941,2.941,2.941,0.0
2022-01-20,2.944,2.944,2.944,2.944,0.0
2022-01-21,2.932,2.932,2.932,2.932,0.0
2022-01-24,2.921,2.921,2.921,2.921,0.0
2022-01-25,2.941,2.941,2.941,2.941,0.0
2022-01-26,2.942,2.942,2.942,2.942,0.0
2022-01-27,2.927,2.927,2.927,2.927,0.0
2022-01-28,2.92,2.92,2.92,2.92,0.0
2022-01-31,2.919,2.919,2.919,2.919,0.0
2022-02-01,2.904,2.904,2.904,2.904,0.0
2022-02-02,2.923,2.923,2.923,2.923,0.0
2022-02-03,2.914,2.914,2.914,2.914,0.0
2022-02-04,2.95,2.95,2.95,2.95,25.0
2022-02-07,2.966,2.966,2.966,2.966,0.0
2022-02-08,2.958,2.958,2.958,2.958,30.0
2022-02-09,2.953,2.953,2.953,2.953,0.0
2022-02-10,2.958,2.958,2.958,2.958,25.0
2022-02-11,2.998,2.998,2.998,2.998,0.0
2022-02-14,3.039,3.039,3.039,3.039,0.0
2022-02-15,3.027,3.027,3.027,3.027,0.0
2022-02-16,3.056,3.056,3.056,3.056,0.0
2022-02-17,3.038,3.038,3.038,3.038,0.0
2022-02-18,3.038,3.038,3.038,3.038,0.0
2022-02-22,3.083,3.083,3.083,3.083,0.0
2022-02-23,3.169,3.169,3.169,3.169,11.0
2022-02-24,3.175,3.175,3.175,3.175,11.0
2022-02-25,3.067,3.067,3.067,3.067,0.0
2022-02-28,3.144,3.144,3.144,3.144,0.0
2022-03-01,3.215,3.215,3.215,3.215,0.0
2022-03-02,3.262,3.262,3.262,3.262,15.0
2022-03-03,3.24,3.24,3.24,3.24,0.0
2022-03-04,3.293,3.293,3.293,3.293,0.0
2022-03-07,3.33,3.33,3.33,3.33,0.0
2022-03-08,3.34,3.34,3.34,3.34,0.0
2022-03-09,3.295,3.295,3.295,3.295,0.0
2022-03-10,3.263,3.263,3.263,3.263,0.0
2022-03-11,3.278,3.278,3.278,3.278,0.0
2022-03-14,3.321,3.321,3.321,3.321,0.0
2022-03-15,3.315,3.315,3.315,3.315,0.0
2022-03-16,3.311,3.311,3.311,3.311,0.0
2022-03-17,3.328,3.328,3.328,3.328,0.0
2022-03-18,3.28,3.28,3.28,3.28,0.0
2022-03-21,3.261,3.261,3.261,3.261,0.0
2022-03-22,3.272,3.272,3.272,3.272,0.0
2022-03-23,3.283,3.283,3.283,3.283,0.0
2022-03-24,3.309,3.309,3.309,3.309,0.0
2022-03-25,3.378,3.378,3.378,3.378,0.0
2022-03-28,3.38,3.468,3.38,3.468,13.0
2022-03-29,3.49,3.49,3.482,3.482,1.0
2022-03-30,3.584,3.584,3.584,3.584,0.0
2022-03-31,3.67,3.67,3.667,3.667,6.0
2022-04-01,3.719,3.719,3.719,3.719,0.0
2022-04-04,3.786,3.786,3.786,3.786,0.0
2022-04-05,3.865,3.865,3.865,3.865,0.0
2022-04-06,3.917,3.917,3.917,3.917,2.0
2022-04-07,3.902,3.902,3.902,3.902,0.0
2022-04-08,3.89,3.89,3.89,3.89,0.0
2022-04-11,3.939,3.939,3.939,3.939,0.0
2022-04-12,3.94,3.961,3.94,3.961,6.0
2022-04-13,3.969,3.969,3.969,3.969,0.0
2022-04-14,3.976,3.976,3.976,3.976,0.0
2022-04-18,4.011,4.011,4.011,4.011,0.0
2022-04-19,3.999,3.999,3.999,3.999,4.0
2022-04-20,3.945,3.945,3.945,3.945,0.0
2022-04-21,3.888,3.888,3.888,3.888,0.0
2022-04-22,3.715,3.715,3.715,3.715,0.0
2022-04-25,3.705,3.705,3.705,3.705,10.0
2022-04-26,3.77,3.77,3.77,3.77,0.0
2022-04-27,3.745,3.745,3.745,3.745,0.0
2022-04-28,3.741,3.741,3.741,3.741,0.0
2022-04-29,3.734,3.734,3.734,3.734,0.0
2022-05-02,3.825,3.825,3.825,3.825,0.0
2022-05-03,3.887,3.887,3.887,3.887,0.0
2022-05-04,3.905,3.937,3.905,3.937,7.0
2022-05-05,3.97,3.97,3.97,3.97,3.0
2022-05-06,3.917,3.917,3.917,3.917,1.0
2022-05-09,3.813,3.813,3.813,3.813,1.0
2022-05-10,3.84,3.84,3.84,3.84,12.0
2022-05-11,3.84,3.899,3.84,3.899,1.0
2022-05-12,3.899,3.909,3.899,3.909,12.0
2022-05-13,3.958,3.958,3.958,3.958,1.0
2022-05-16,4.008,4.008,4.008,4.008,1.0
2022-05-17,3.995,3.995,3.995,3.995,0.0
2022-05-18,4.036,4.036,4.036,4.036,0.0
2022-05-19,3.975,3.975,3.975,3.975,0.0
2022-05-20,3.978,3.978,3.978,3.978,0.0
2022-05-23,4.019,4.019,4.019,4.019,0.0
2022-05-24,3.998,3.998,3.998,3.998,0.0
2022-05-25,4.038,4.038,4.038,4.038,1.0
2022-05-26,4.092,4.092,4.092,4.092,4.0
2022-05-27,4.116,4.116,4.116,4.116,0.0
2022-05-31,4.062,4.062,4.062,4.062,0.0
2022-06-01,4.236,4.236,4.236,4.236,0.0
2022-06-02,4.237,4.237,4.237,4.237,1.0
2022-06-03,4.304,4.304,4.304,4.304,1.0
2022-06-06,4.403,4.403,4.403,4.403,0.0
2022-06-07,4.438,4.438,4.438,4.438,0.0
2022-06-08,4.508,4.508,4.508,4.508,14.0
2022-06-09,4.599,4.599,4.599,4.599,0.0
2022-06-10,4.654,4.654,4.654,4.654,0.0
2022-06-13,4.597,4.597,4.597,4.597,0.0
2022-06-14,4.519,4.519,4.519,4.519,0.0
2022-06-15,4.559,4.559,4.559,4.559,0.0
2022-06-16,4.543,4.543,4.543,4.543,15.0
2022-06-17,4.44,4.44,4.424,4.424,1.0
2022-06-21,4.411,4.411,4.411,4.411,0.0
2022-06-22,4.429,4.44,4.429,4.44,5.0
2022-06-23,4.418,4.418,4.418,4.418,55.0
2022-06-24,4.234,4.234,4.234,4.234,60.0
2022-06-27,4.276,4.276,4.276,4.276,0.0
2022-06-28,4.246,4.246,4.246,4.246,0.0
2022-06-29,4.263,4.263,4.263,4.263,0.0
2022-06-30,4.008,4.008,4.008,4.008,0.0
2022-07-01,4.046,4.046,4.046,4.046,0.0
2022-07-05,3.896,3.896,3.896,3.896,0.0
2022-07-06,3.988,3.988,3.988,3.988,0.0
2022-07-07,4.084,4.084,4.084,4.084,5.0
2022-07-08,4.083,4.083,4.083,4.083,0.0
2022-07-11,4.117,4.117,4.117,4.117,0.0
2022-07-12,4.028,4.028,4.028,4.028,0.0
2022-07-13,4.115,4.115,4.115,4.115,0.0
2022-07-14,4.037,4.037,4.037,4.037,0.0
2022-07-15,4.111,4.111,4.111,4.111,0.0
2022-07-18,4.069,4.069,4.069,4.069,0.0
2022-07-19,4.075,4.075,4.075,4.075,0.0
2022-07-20,4.218,4.218,4.218,4.218,0.0
2022-07-21,4.123,4.123,4.123,4.123,0.0
2022-07-22,4.127,4.127,4.127,4.127,0.0
2022-07-25,4.183,4.183,4.183,4.183,0.0
2022-07-26,4.21,4.21,4.21,4.21,0.0
2022-07-27,4.208,4.208,4.208,4.208,10.0
2022-07-28,4.184,4.184,4.184,4.184,0.0
2022-07-29,4.179,4.179,4.179,4.179,0.0
2022-08-01,4.162,4.162,4.162,4.162,0.0
2022-08-02,4.164,4.164,4.164,4.164,5.0
2022-08-03,4.185,4.185,4.185,4.185,0.0
2022-08-04,4.166,4.166,4.166,4.166,0.0
2022-08-05,4.168,4.168,4.168,4.168,0.0
2022-08-08,4.13,4.13,4.13,4.13,0.0
2022-08-09,4.178,4.178,4.178,4.178,0.0
2022-08-10,4.208,4.208,4.208,4.208,0.0
2022-08-11,4.308,4.308,4.308,4.308,5.0
2022-08-12,4.296,4.296,4.296,4.296,5.0
2022-08-15,4.387,4.387,4.387,4.387,6.0
2022-08-16,4.426,4.426,4.426,4.426,65.0
2022-08-17,4.395,4.395,4.395,4.395,41.0
2022-08-18,4.401,4.401,4.401,4.401,11.0
2022-08-19,4.417,4.417,4.417,4.417,0.0
2022-08-22,4.476,4.476,4.476,4.476,0.0
2022-08-23,4.483,4.483,4.483,4.483,0.0
2022-08-24,4.492,4.492,4.492,4.492,0.0
2022-08-25,4.554,4.554,4.554,4.554,0.0
2022-08-26,4.578,4.578,4.578,4.578,5.0
2022-08-29,4.591,4.591,4.591,4.591,0.0
2022-08-30,4.62,4.62,4.598,4.598,3.0
2022-08-31,4.645,4.645,4.645,4.645,10.0
2022-09-01,4.713,4.713,4.713,4.713,5.0
2022-09-02,4.764,4.764,4.764,4.764,10.0
2022-09-06,4.739,4.739,4.739,4.739,0.0
2022-09-07,4.645,4.645,4.645,4.645,0.0
2022-09-08,4.561,4.561,4.561,4.561,1.0
2022-09-09,4.612,4.612,4.612,4.612,52.0
2022-09-12,4.644,4.644,4.644,4.644,0.0
2022-09-13,4.673,4.673,4.673,4.673,0.0
2022-09-14,4.712,4.712,4.712,4.712,0.0
2022-09-15,4.666,4.666,4.666,4.666,0.0
2022-09-16,4.586,4.586,4.586,4.586,0.0
2022-09-19,4.546,4.546,4.546,4.546,5.0
2022-09-20,4.42,4.523,4.42,4.523,22.0
2022-09-21,4.396,4.396,4.396,4.396,5.0
2022-09-22,4.287,4.287,4.287,4.287,19.0
2022-09-23,4.287,4.287,4.287,4.287,5.0
2022-09-26,4.221,4.221,4.221,4.221,14.0
2022-09-27,4.205,4.205,4.205,4.205,12.0
2022-09-28,4.218,4.218,4.218,4.218,5.0
2022-09-29,4.203,4.203,4.203,4.203,0.0
2022-09-30,4.209,4.209,4.209,4.209,0.0
2022-10-03,4.161,4.161,4.161,4.161,7.0
2022-10-04,4.19,4.19,4.19,4.19,10.0
2022-10-05,4.157,4.157,4.157,4.157,0.0
2022-10-06,4.184,4.184,4.184,4.184,0.0
2022-10-07,4.201,4.201,4.201,4.201,5.0
2022-10-10,4.208,4.208,4.208,4.208,2.0
2022-10-11,4.246,4.246,4.246,4.246,7.0
2022-10-12,4.201,4.201,4.201,4.201,10.0
2022-10-13,4.194,4.194,4.194,4.194,7.0
2022-10-14,4.201,4.201,4.201,4.201,18.0
2022-10-17,4.186,4.186,4.186,4.186,4.0
2022-10-18,4.151,4.151,4.151,4.151,5.0
2022-10-19,4.126,4.126,4.126,4.126,54.0
2022-10-20,4.117,4.117,4.117,4.117,40.0
2022-10-21,4.077,4.077,4.077,4.077,7.0
2022-10-24,4.118,4.118,4.118,4.118,0.0
2022-10-25,4.123,4.123,4.123,4.123,0.0
2022-10-26,4.147,4.147,4.147,4.147,1.0
2022-10-27,4.14,4.14,4.14,4.14,2.0
2022-10-28,4.136,4.136,4.136,4.136,0.0
2022-10-31,4.16,4.16,4.16,4.16,2.0
2022-11-01,4.125,4.125,4.125,4.125,0.0
2022-11-02,4.164,4.164,4.164,4.164,0.0
2022-11-03,4.15,4.183,4.15,4.183,1.0
2022-11-04,4.281,4.281,4.281,4.281,0.0
2022-11-07,4.277,4.277,4.277,4.277,13.0
2022-11-08,4.248,4.248,4.248,4.248,0.0
2022-11-09,4.262,4.262,4.262,4.262,2.0
2022-11-10,4.262,4.262,4.262,4.262,2.0
2022-11-11,4.257,4.257,4.257,4.257,17.0
2022-11-14,4.226,4.226,4.226,4.226,0.0
2022-11-15,4.252,4.252,4.252,4.252,1.0
2022-11-16,4.271,4.271,4.271,4.271,0.0
2022-11-17,4.271,4.271,4.271,4.271,14.0
2022-11-18,4.27,4.27,4.27,4.27,0.0
2022-11-21,4.223,4.223,4.223,4.223,0.0
2022-11-22,4.228,4.228,4.228,4.228,25.0
2022-11-23,4.22,4.22,4.22,4.22,0.0
2022-11-25,4.214,4.214,4.214,4.214,0.0
2022-11-28,4.15,4.15,4.15,4.15,0.0
2022-11-29,4.187,4.187,4.187,4.187,0.0
2022-11-30,4.201,4.201,4.201,4.201,0.0
2022-12-01,4.206,4.206,4.206,4.206,0.0
2022-12-02,4.193,4.193,4.193,4.193,1.0
2022-12-05,4.2,4.2,4.186,4.186,22.0
2022-12-06,4.199,4.199,4.199,4.199,13.0
2022-12-07,4.204,4.204,4.204,4.204,15.0
2022-12-08,4.237,4.237,4.237,4.237,1.0
2022-12-09,4.241,4.241,4.241,4.241,0.0
2022-12-12,4.267,4.267,4.267,4.267,0.0
2022-12-13,4.255,4.255,4.255,4.255,0.0
2022-12-14,4.253,4.253,4.253,4.253,0.0
2022-12-15,4.274,4.274,4.274,4.274,0.0
2022-12-16,4.309,4.309,4.309,4.309,0.0
2022-12-19,4.349,4.349,4.349,4.349,0.0
2022-12-20,4.344,4.344,4.344,4.344,10.0
2022-12-21,4.236,4.236,4.236,4.236,5.0
2022-12-22,4.153,4.153,4.153,4.153,35.0
2022-12-23,4.151,4.151,4.151,4.151,0.0
2022-12-27,4.229,4.229,4.229,4.229,0.0
2022-12-28,4.165,4.165,4.165,4.165,7.0
2022-12-29,4.143,4.143,4.143,4.143,0.0
2022-12-30,4.158,4.158,4.158,4.158,0.0
2023-01-03,4.104,4.104,4.104,4.104,5.0
2023-01-04,4.107,4.107,4.107,4.107,0.0
2023-01-05,3.999,3.999,3.999,3.999,1.0
2023-01-06,3.943,3.943,3.943,3.943,0.0
2023-01-09,3.951,3.951,3.951,3.951,6.0
2023-01-10,3.946,3.975,3.946,3.975,4.0
2023-01-11,3.941,3.941,3.941,3.941,3.0
2023-01-12,3.94,3.94,3.94,3.94,0.0
2023-01-13,3.949,3.949,3.949,3.949,40.0
2023-01-17,3.965,3.965,3.965,3.965,0.0
2023-01-18,3.963,3.963,3.963,3.963,0.0
2023-01-19,3.965,3.965,3.965,3.965,0.0
2023-01-20,3.991,3.991,3.991,3.991,20.0
2023-01-23,4.004,4.004,4.004,4.004,0.0
2023-01-24,3.973,3.973,3.973,3.973,0.0
2023-01-25,3.916,3.916,3.916,3.916,0.0
2023-01-26,3.917,3.917,3.917,3.917,0.0
2023-01-27,3.908,3.908,3.908,3.908,0.0
2023-01-30,3.829,3.829,3.829,3.829,0.0
2023-01-31,3.84,3.84,3.84,3.84,8.0
2023-02-01,3.744,3.744,3.744,3.744,40.0
2023-02-02,3.689,3.724,3.689,3.724,4.0
2023-02-03,3.681,3.681,3.681,3.681,0.0
2023-02-06,3.662,3.662,3.662,3.662,0.0
2023-02-07,3.758,3.758,3.758,3.758,20.0
2023-02-08,3.714,3.714,3.714,3.714,20.0
2023-02-09,3.666,3.666,3.666,3.666,21.0
2023-02-10,3.648,3.648,3.648,3.648,0.0
2023-02-13,3.591,3.591,3.591,3.591,11.0
2023-02-14,3.615,3.615,3.615,3.615,19.0
2023-02-15,3.6,3.6,3.6,3.6,0.0
2023-02-16,3.6,3.6,3.6,3.6,0.0
2023-02-17,3.563,3.563,3.563,3.563,50.0
2023-02-21,3.578,3.578,3.578,3.578,11.0
2023-02-22,3.609,3.609,3.609,3.609,52.0
2023-02-23,3.673,3.673,3.659,3.659,1.0
2023-02-24,3.707,3.707,3.707,3.707,0.0
2023-02-27,3.747,3.747,3.747,3.747,60.0
2023-02-28,3.795,3.795,3.795,3.795,0.0
2023-03-01,3.876,3.876,3.876,3.876,0.0
2023-03-02,3.884,3.884,3.884,3.884,0.0
2023-03-03,3.924,3.924,3.924,3.924,1.0
2023-03-06,3.958,3.958,3.958,3.958,0.0
2023-03-07,4.099,4.099,4.099,4.099,65.0
2023-03-08,4.076,4.076,4.076,4.076,3.0
2023-03-09,3.988,3.988,3.988,3.988,75.0
2023-03-10,4.067,4.067,4.067,4.067,9.0
2023-03-13,4.078,4.078,4.078,4.078,0.0
2023-03-14,4.129,4.129,4.129,4.129,10.0
2023-03-15,4.091,4.091,4.091,4.091,0.0
2023-03-16,4.133,4.133,4.133,4.133,14.0
2023-03-17,4.126,4.126,4.126,4.126,0.0
2023-03-20,4.052,4.052,4.052,4.052,0.0
2023-03-21,4.141,4.141,4.141,4.141,0.0
2023-03-22,4.08,4.08,4.08,4.08,0.0
2023-03-23,4.105,4.105,4.105,4.105,10.0
2023-03-24,4.074,4.074,4.074,4.074,12.0
2023-03-27,4.035,4.035,4.035,4.035,0.0
2023-03-28,4.006,4.006,4.006,4.006,0.0
2023-03-29,4.0,4.031,4.0,4.031,43.0
2023-03-30,4.0,4.0,4.0,4.0,21.0
2023-03-31,4.022,4.022,4.022,4.022,0.0
2023-04-03,3.996,3.996,3.996,3.996,0.0
2023-04-04,4.008,4.008,4.008,4.008,0.0
2023-04-05,3.964,3.964,3.964,3.964,7.0
2023-04-06,3.92,3.92,3.92,3.92,0.0
2023-04-10,3.997,3.997,3.997,3.997,0.0
2023-04-11,4.007,4.007,4.007,4.007,20.0
2023-04-12,3.933,3.933,3.933,3.933,23.0
2023-04-13,3.901,3.901,3.901,3.901,0.0
2023-04-14,3.921,3.921,3.921,3.921,0.0
2023-04-17,3.999,3.999,3.999,3.999,0.0
2023-04-18,3.997,3.997,3.997,3.997,0.0
2023-04-19,4.019,4.019,4.019,4.019,100.0
2023-04-20,4.051,4.051,4.051,4.051,0.0
2023-04-21,4.058,4.058,4.058,4.058,0.0
2023-04-24,4.097,4.097,4.097,4.097,0.0
2023-04-25,4.075,4.075,4.075,4.075,0.0
2023-04-26,4.066,4.066,4.066,4.066,100.0
2023-04-27,4.07,4.07,4.07,4.07,0.0
2023-04-28,4.089,4.089,4.089,4.089,9.0
2023-05-01,4.046,4.046,4.046,4.046,1.0
2023-05-02,4.045,4.045,4.045,4.045,0.0
2023-05-03,4.03,4.03,4.03,4.03,0.0
2023-05-04,4.045,4.045,4.045,4.045,0.0
2023-05-05,4.052,4.052,4.052,4.052,0.0
2023-05-08,4.02,4.02,4.02,4.02,0.0
2023-05-09,3.98,4.003,3.98,4.003,4.0
2023-05-10,3.992,3.992,3.992,3.992,7.0
2023-05-11,3.987,3.987,3.987,3.987,0.0
2023-05-12,3.977,3.977,3.977,3.977,0.0
2023-05-15,3.981,3.981,3.981,3.981,0.0
2023-05-16,3.954,3.954,3.954,3.954,0.0
2023-05-17,3.923,3.923,3.923,3.923,0.0
2023-05-18,3.934,3.934,3.934,3.934,0.0
2023-05-19,3.881,3.881,3.881,3.881,10.0
2023-05-22,3.841,3.841,3.841,3.841,0.0
2023-05-23,3.814,3.814,3.814,3.814,0.0
2023-05-24,3.869,3.869,3.869,3.869,0.0
2023-05-25,3.84,3.84,3.84,3.84,0.0
2023-05-26,3.86,3.868,3.86,3.868,1.0
2023-05-30,3.828,3.828,3.828,3.828,0.0
2023-05-31,3.793,3.793,3.793,3.793,0.0
2023-06-01,3.651,3.651,3.651,3.651,0.0
2023-06-02,3.691,3.691,3.691,3.691,0.0
2023-06-05,3.711,3.711,3.711,3.711,13.0
2023-06-06,3.699,3.699,3.699,3.699,0.0
2023-06-07,3.718,3.718,3.718,3.718,0.0
2023-06-08,3.718,3.718,3.718,3.718,200.0
2023-06-09,3.686,3.686,3.686,3.686,0.0
2023-06-12,3.683,3.683,3.683,3.683,0.0
2023-06-13,3.676,3.676,3.676,3.676,0.0
2023-06-14,3.72,3.72,3.72,3.72,0.0
2023-06-15,3.732,3.732,3.732,3.732,7.0
2023-06-16,3.704,3.704,3.704,3.704,0.0
2023-06-20,3.725,3.725,3.725,3.725,0.0
2023-06-21,3.78,3.78,3.78,3.78,0.0
2023-06-22,3.798,3.798,3.798,3.798,0.0
2023-06-23,3.756,3.756,3.756,3.756,0.0
2023-06-26,3.736,3.736,3.736,3.736,6.0
2023-06-27,3.718,3.718,3.718,3.718,0.0
2023-06-28,3.707,3.707,3.682,3.682,2.0
2023-06-29,3.665,3.665,3.645,3.645,4.0
2023-06-30,3.663,3.663,3.663,3.663,0.0
2023-07-03,3.664,3.664,3.664,3.664,0.0
2023-07-05,3.637,3.637,3.637,3.637,0.0
2023-07-06,3.654,3.654,3.654,3.654,1.0
2023-07-07,3.663,3.663,3.663,3.663,0.0
2023-07-10,3.672,3.672,3.672,3.672,0.0
2023-07-11,3.683,3.683,3.683,3.683,5.0
2023-07-12,3.68,3.68,3.68,3.68,0.0
2023-07-13,3.647,3.647,3.647,3.647,0.0
2023-07-14,3.68,3.68,3.68,3.68,0.0
2023-07-17,3.668,3.668,3.668,3.668,0.0
2023-07-18,3.698,3.698,3.698,3.698,0.0
2023-07-19,3.683,3.683,3.683,3.683,0.0
2023-07-20,3.705,3.705,3.705,3.705,0.0
2023-07-21,3.725,3.725,3.725,3.725,0.0
2023-07-24,3.76,3.76,3.76,3.76,0.0
2023-07-25,3.765,3.774,3.765,3.774,1.0
2023-07-26,3.782,3.782,3.782,3.782,0.0
2023-07-27,3.771,3.771,3.771,3.771,0.0
2023-07-28,3.78,3.78,3.78,3.78,0.0
2023-07-31,3.765,3.765,3.765,3.765,0.0
2023-08-01,3.745,3.745,3.745,3.745,0.0
2023-08-02,3.745,3.745,3.743,3.743,1.0
2023-08-03,3.731,3.731,3.731,3.731,0.0
2023-08-04,3.719,3.719,3.719,3.719,0.0
2023-08-07,3.767,3.767,3.767,3.767,0.0
2023-08-08,3.759,3.759,3.759,3.759,0.0
2023-08-09,3.721,3.721,3.721,3.721,0.0
2023-08-10,3.706,3.706,3.706,3.706,0.0
2023-08-11,3.746,3.746,3.746,3.746,0.0
2023-08-14,3.748,3.748,3.748,3.748,0.0
2023-08-15,3.742,3.742,3.742,3.742,0.0
2023-08-16,3.751,3.751,3.751,3.751,7.0
2023-08-17,3.75,3.75,3.75,3.75,0.0
2023-08-18,3.731,3.731,3.731,3.731,0.0
2023-08-21,3.756,3.756,3.756,3.756,7.0
2023-08-22,3.731,3.731,3.731,3.731,0.0
2023-08-23,3.742,3.742,3.742,3.742,0.0
2023-08-24,3.702,3.702,3.702,3.702,0.0
2023-08-25,3.705,3.705,3.705,3.705,7.0
2023-08-28,3.701,3.701,3.701,3.701,0.0
2023-08-29,3.67,3.67,3.67,3.67,0.0
2023-08-30,3.705,3.705,3.705,3.705,0.0
2023-08-31,3.713,3.713,3.713,3.713,0.0
2023-09-01,3.701,3.701,3.701,3.701,0.0
2023-09-05,3.665,3.665,3.665,3.665,7.0
2023-09-06,3.677,3.677,3.677,3.677,0.0
2023-09-07,3.66,3.66,3.66,3.66,0.0
2023-09-08,3.666,3.666,3.666,3.666,0.0
2023-09-11,3.614,3.614,3.614,3.614,51.0
2023-09-12,3.66,3.676,3.66,3.676,300.0
2023-09-13,3.704,3.704,3.704,3.704,7.0
2023-09-14,3.711,3.711,3.711,3.711,1.0
2023-09-15,3.658,3.666,3.65,3.666,12.0
2023-09-18,3.692,3.692,3.692,3.692,0.0
2023-09-19,3.69,3.69,3.69,3.69,15.0
2023-09-20,3.7,3.7,3.7,3.7,10.0
2023-09-21,3.726,3.726,3.726,3.726,0.0
2023-09-22,3.766,3.766,3.766,3.766,4.0
2023-09-25,3.728,3.728,3.728,3.728,0.0
2023-09-26,3.747,3.747,3.747,3.747,0.0
2023-09-27,3.724,3.724,3.724,3.724,8.0
2023-09-28,3.757,3.757,3.757,3.757,0.0
2023-09-29,3.75,3.756,3.75,3.756,41.0
2023-10-02,3.74,3.74,3.74,3.74,0.0
2023-10-03,3.769,3.769,3.769,3.769,0.0
2023-10-04,3.738,3.738,3.738,3.738,7.0
2023-10-05,3.751,3.751,3.751,3.751,0.0
2023-10-06,3.75,3.75,3.75,3.75,1.0
2023-10-09,3.764,3.764,3.764,3.764,5.0
2023-10-10,3.785,3.785,3.785,3.785,0.0
2023-10-11,3.8,3.8,3.8,3.8,18.0
2023-10-12,3.82,3.82,3.82,3.82,17.0
2023-10-13,3.818,3.818,3.818,3.818,0.0
2023-10-16,3.808,3.808,3.808,3.808,0.0
2023-10-17,3.808,3.808,3.808,3.808,45.0
2023-10-18,3.801,3.801,3.801,3.801,0.0
2023-10-19,3.808,3.808,3.808,3.808,15.0
2023-10-20,3.814,3.814,3.814,3.814,0.0
2023-10-23,3.818,3.818,3.818,3.818,0.0
2023-10-24,3.808,3.808,3.803,3.803,1.0
2023-10-25,3.812,3.812,3.812,3.812,1.0
2023-10-26,3.8,3.8,3.8,3.8,0.0
2023-10-27,3.799,3.799,3.799,3.799,28.0
2023-10-30,3.824,3.824,3.824,3.824,0.0
2023-10-31,3.816,3.816,3.816,3.816,7.0
2023-11-01,3.86,3.86,3.86,3.86,11.0
2023-11-02,3.933,3.933,3.933,3.933,6.0
2023-11-03,3.95,3.95,3.935,3.935,275.0
2023-11-06,3.954,3.954,3.954,3.954,19.0
2023-11-07,3.94,3.94,3.94,3.94,0.0
2023-11-08,3.9,3.9,3.9,3.9,9.0
2023-11-09,3.891,3.891,3.891,3.891,16.0
2023-11-10,3.876,3.876,3.876,3.876,0.0
2023-11-13,3.895,3.895,3.895,3.895,37.0
2023-11-14,3.884,3.884,3.884,3.884,0.0
2023-11-15,3.917,3.917,3.917,3.917,5.0
2023-11-16,3.893,3.893,3.893,3.893,6.0
2023-11-17,3.864,3.864,3.864,3.864,8.0
2023-11-20,3.833,3.833,3.833,3.833,9.0
2023-11-21,3.789,3.789,3.789,3.789,8.0
2023-11-22,3.803,3.803,3.803,3.803,1.0
2023-11-24,3.838,3.838,3.838,3.838,128.0
2023-11-27,3.839,3.839,3.839,3.839,0.0
2023-11-28,3.783,3.783,3.783,3.783,5.0
2023-11-29,3.781,3.781,3.781,3.781,35.0
2023-11-30,3.745,3.745,3.745,3.745,12.0
2023-12-01,3.75,3.765,3.75,3.765,2.0
2023-12-04,3.719,3.719,3.719,3.719,45.0
2023-12-05,3.724,3.724,3.724,3.724,7.0
2023-12-06,3.58,3.58,3.563,3.571,35.0
2023-12-07,3.561,3.561,3.561,3.561,14.0
2023-12-08,3.5,3.502,3.5,3.502,2.0
2023-12-11,3.465,3.465,3.465,3.465,8.0
2023-12-12,3.467,3.467,3.467,3.467,45.0
2023-12-13,3.502,3.502,3.502,3.502,45.0
2023-12-14,3.566,3.566,3.566,3.566,11.0
2023-12-15,3.638,3.638,3.638,3.638,52.0
2023-12-18,3.643,3.643,3.643,3.643,0.0
2023-12-19,3.605,3.605,3.605,3.605,60.0
2023-12-20,3.619,3.619,3.619,3.619,3.0
2023-12-21,3.651,3.651,3.651,3.651,110.0
2023-12-22,3.558,3.558,3.558,3.558,50.0
2023-12-26,3.534,3.534,3.534,3.534,4.0
2023-12-27,3.573,3.573,3.573,3.573,0.0
2023-12-28,3.622,3.622,3.622,3.622,5.0
2023-12-29,3.649,3.649,3.649,3.649,63.0
2024-01-02,3.661,3.661,3.661,3.661,18.0
2024-01-03,3.659,3.659,3.659,3.659,198.0
2024-01-04,3.674,3.674,3.674,3.674,74.0
2024-01-05,3.707,3.707,3.707,3.707,0.0
2024-01-08,3.732,3.732,3.732,3.732,26.0
2024-01-09,3.73,3.73,3.717,3.717,47.0
2024-01-10,3.687,3.687,3.687,3.687,21.0
2024-01-11,3.664,3.664,3.664,3.664,3.0
2024-01-12,3.65,3.65,3.65,3.65,13.0
2024-01-16,3.636,3.636,3.636,3.636,25.0
2024-01-17,3.676,3.676,3.676,3.676,0.0
2024-01-18,3.66,3.66,3.66,3.66,0.0
2024-01-19,3.614,3.614,3.614,3.614,15.0
2024-01-22,3.577,3.577,3.577,3.577,46.0
2024-01-23,3.65,3.65,3.65,3.65,12.0
2024-01-24,3.634,3.634,3.634,3.634,23.0
2024-01-25,3.561,3.561,3.561,3.561,11.0
2024-01-26,3.58,3.58,3.58,3.58,0.0
2024-01-29,3.542,3.542,3.542,3.542,0.0
2024-01-30,3.55,3.55,3.541,3.541,1.0
2024-01-31,3.542,3.542,3.542,3.542,63.0
2024-02-01,3.542,3.542,3.53,3.53,15.0
2024-02-02,3.563,3.563,3.563,3.563,0.0
2024-02-05,3.559,3.559,3.559,3.559,0.0
2024-02-06,3.559,3.559,3.553,3.553,19.0
2024-02-07,3.55,3.558,3.55,3.558,243.0
2024-02-08,3.55,3.555,3.55,3.55,27.0
2024-02-09,3.565,3.565,3.565,3.565,0.0
2024-02-12,3.553,3.553,3.553,3.553,0.0
2024-02-13,3.573,3.573,3.55,3.55,1.0
2024-02-14,3.493,3.493,3.493,3.493,0.0
2024-02-15,3.493,3.493,3.449,3.449,1.0
2024-02-16,3.416,3.416,3.416,3.416,0.0
2024-02-20,3.448,3.448,3.448,3.448,0.0
2024-02-21,3.539,3.539,3.539,3.539,51.0
2024-02-22,3.575,3.575,3.575,3.575,32.0
2024-02-23,3.544,3.544,3.544,3.544,15.0
2024-02-26,3.561,3.561,3.561,3.561,23.0
2024-02-27,3.579,3.579,3.579,3.579,10.0
2024-02-28,3.619,3.619,3.619,3.619,23.0
2024-02-29,3.612,3.612,3.612,3.612,1.0
2024-03-01,3.6,3.6,3.6,3.6,50.0
2024-03-04,3.623,3.623,3.623,3.623,0.0
2024-03-05,3.615,3.636,3.615,3.636,5.0
2024-03-06,3.651,3.651,3.651,3.651,51.0
2024-03-07,3.644,3.644,3.644,3.644,19.0
2024-03-08,3.64,3.64,3.634,3.634,61.0
2024-03-11,3.637,3.637,3.637,3.637,0.0
2024-03-12,3.638,3.638,3.638,3.638,5.0
2024-03-13,3.64,3.66,3.64,3.643,2.0
2024-03-14,3.643,3.654,3.643,3.654,22.0
2024-03-15,3.618,3.618,3.618,3.618,1.0
2024-03-18,3.651,3.658,3.651,3.658,15.0
2024-03-19,3.65,3.659,3.65,3.659,10.0
2024-03-20,3.633,3.633,3.633,3.633,1.0
2024-03-21,3.617,3.617,3.617,3.617,0.0
2024-03-22,3.607,3.607,3.607,3.607,0.0
2024-03-25,3.585,3.599,3.58,3.599,6.0
2024-03-26,3.603,3.628,3.603,3.628,9.0
2024-03-27,3.619,3.619,3.61,3.616,6.0
2024-03-28,3.625,3.649,3.625,3.649,2.0
2024-04-01,3.631,3.664,3.631,3.664,6.0
2024-04-02,3.68,3.69,3.674,3.674,532.0
2024-04-03,3.668,3.672,3.668,3.672,161.0
2024-04-04,3.641,3.655,3.641,3.655,9.0
2024-04-05,3.645,3.655,3.642,3.651,13.0
2024-04-08,3.659,3.671,3.659,3.671,7.0
2024-04-09,3.683,3.684,3.668,3.681,260.0
2024-04-10,3.682,3.71,3.682,3.689,178.0
2024-04-11,3.74,3.763,3.738,3.738,56.0
2024-04-12,3.773,3.797,3.764,3.797,9.0
2024-04-15,3.8,3.833,3.8,3.833,105.0
2024-04-16,3.821,3.837,3.82,3.837,23.0
2024-04-17,3.84,3.84,3.822,3.828,31.0
2024-04-18,3.81,3.812,3.81,3.812,32.0
2024-04-19,3.82,3.82,3.805,3.812,288.0
2024-04-22,3.833,3.833,3.833,3.833,443.0
2024-04-23,3.838,3.838,3.838,3.838,457.0
2024-04-24,3.85,3.863,3.85,3.863,65.0
2024-04-25,3.845,3.845,3.845,3.845,0.0
2024-04-26,3.856,3.856,3.856,3.856,5.0
2024-04-29,3.882,3.882,3.882,3.882,4.0
2024-04-30,3.855,3.874,3.855,3.874,377.0
2024-05-01,3.862,3.862,3.862,3.862,51.0
2024-05-02,3.851,3.851,3.851,3.851,0.0
2024-05-03,3.85,3.85,3.825,3.825,1.0
2024-05-06,3.827,3.827,3.827,3.827,420.0
2024-05-07,3.782,3.782,3.782,3.782,4.0
2024-05-08,3.748,3.748,3.748,3.748,253.0
2024-05-09,3.701,3.701,3.699,3.699,311.0
2024-05-10,3.705,3.733,3.705,3.733,76.0
2024-05-13,3.73,3.73,3.73,3.73,157.0
2024-05-14,3.748,3.752,3.746,3.746,206.0
2024-05-15,3.776,3.778,3.776,3.778,116.0
2024-05-16,3.815,3.815,3.815,3.815,215.0
2024-05-17,3.835,3.835,3.835,3.835,101.0
2024-05-20,3.86,3.86,3.856,3.856,180.0
2024-05-21,3.839,3.839,3.839,3.839,552.0
2024-05-22,3.843,3.843,3.843,3.843,724.0
2024-05-23,3.845,3.845,3.824,3.824,185.0
2024-05-24,3.815,3.815,3.794,3.794,753.0
2024-05-28,3.786,3.786,3.786,3.786,64.0
2024-05-29,3.735,3.735,3.735,3.735,566.0
2024-05-30,3.714,3.714,3.714,3.714,34.0
2024-05-31,3.7,3.703,3.7,3.703,130.0
2024-06-03,3.7,3.717,3.7,3.717,344.0
2024-06-04,3.703,3.703,3.703,3.703,38.0
2024-06-05,3.743,3.743,3.743,3.743,367.0
2024-06-06,3.75,3.752,3.746,3.746,84.0
2024-06-07,3.76,3.76,3.747,3.747,478.0
2024-06-10,3.758,3.758,3.758,3.758,200.0
2024-06-11,3.77,3.796,3.77,3.796,458.0
2024-06-12,3.75,3.765,3.749,3.765,192.0
2024-06-13,3.714,3.732,3.714,3.732,100.0
2024-06-14,3.734,3.734,3.734,3.734,150.0
2024-06-17,3.722,3.757,3.722,3.757,271.0
2024-06-18,3.776,3.776,3.776,3.776,34.0
2024-06-20,3.74,3.749,3.735,3.749,26.0
2024-06-21,3.729,3.737,3.729,3.737,34.0
2024-06-24,3.738,3.743,3.738,3.743,111.0
2024-06-25,3.738,3.738,3.738,3.738,219.0
2024-06-26,3.71,3.74,3.71,3.74,220.0
2024-06-27,3.735,3.735,3.663,3.663,103.0
2024-06-28,3.675,3.675,3.675,3.675,20.0
2024-07-01,3.654,3.654,3.654,3.654,150.0
2024-07-02,3.656,3.656,3.647,3.647,190.0
2024-07-03,3.631,3.636,3.63,3.636,98.0
2024-07-05,3.634,3.64,3.618,3.618,39.0
2024-07-08,3.64,3.641,3.631,3.637,16.0
2024-07-09,3.648,3.67,3.634,3.634,12.0
2024-07-10,3.617,3.63,3.61,3.63,250.0
2024-07-11,3.596,3.606,3.592,3.606,41.0
2024-07-12,3.597,3.61,3.584,3.584,356.0
2024-07-15,3.572,3.573,3.558,3.572,640.0
2024-07-16,3.57,3.573,3.547,3.55,879.0
2024-07-17,3.528,3.528,3.485,3.485,242.0
2024-07-18,3.495,3.501,3.495,3.498,461.0
2024-07-19,3.526,3.547,3.526,3.541,181.0
2024-07-22,3.567,3.58,3.567,3.572,717.0
2024-07-23,3.562,3.562,3.539,3.553,122.0
2024-07-24,3.534,3.539,3.514,3.532,187.0
2024-07-25,3.49,3.49,3.477,3.48,205.0
2024-07-26,3.47,3.484,3.458,3.481,308.0
2024-07-29,3.442,3.465,3.442,3.446,457.0
2024-07-30,3.448,3.448,3.448,3.448,117.0
2024-07-31,3.425,3.438,3.422,3.436,337.0
2024-08-01,3.444,3.444,3.398,3.404,248.0
2024-08-02,3.413,3.413,3.394,3.406,28.0
2024-08-05,3.377,3.383,3.357,3.364,463.0
2024-08-06,3.348,3.37,3.34,3.358,197.0
2024-08-07,3.394,3.397,3.385,3.388,300.0
2024-08-08,3.401,3.457,3.393,3.445,443.0
2024-08-09,3.462,3.472,3.451,3.459,173.0
2024-08-12,3.485,3.485,3.445,3.465,141.0
2024-08-13,3.469,3.477,3.424,3.424,35.0
2024-08-14,3.415,3.461,3.415,3.452,441.0
2024-08-15,3.446,3.458,3.437,3.447,104.0
2024-08-16,3.421,3.433,3.386,3.391,76.0
2024-08-19,3.412,3.413,3.389,3.411,181.0
2024-08-20,3.42,3.454,3.392,3.454,45.0
2024-08-21,3.465,3.476,3.448,3.474,79.0
2024-08-22,3.452,3.476,3.429,3.469,152.0
2024-08-23,3.433,3.477,3.433,3.477,908.0
2024-08-26,3.444,3.478,3.444,3.468,87.0
2024-08-27,3.463,3.469,3.452,3.464,148.0
2024-08-28,3.434,3.47,3.434,3.457,142.0
2024-08-29,3.432,3.437,3.402,3.434,130.0
2024-08-30,3.403,3.429,3.403,3.426,115.0
2024-09-03,3.432,3.439,3.402,3.432,599.0
2024-09-04,3.418,3.451,3.412,3.42,142.0
2024-09-05,3.403,3.448,3.4,3.415,495.0
2024-09-06,3.42,3.421,3.391,3.409,219.0
2024-09-09,3.397,3.427,3.389,3.411,177.0
2024-09-10,3.428,3.435,3.389,3.407,162.0
2024-09-11,3.425,3.428,3.407,3.407,217.0
2024-09-12,3.409,3.416,3.39,3.404,101.0
2024-09-13,3.403,3.414,3.384,3.391,105.0
2024-09-16,3.381,3.404,3.379,3.398,153.0
2024-09-17,3.409,3.416,3.375,3.396,1059.0
2024-09-18,3.423,3.425,3.392,3.401,472.0
2024-09-19,3.41,3.424,3.398,3.42,122.0
2024-09-20,3.403,3.457,3.403,3.455,434.0
2024-09-23,3.455,3.488,3.432,3.435,321.0
2024-09-24,3.448,3.452,3.422,3.436,224.0
2024-09-25,3.447,3.467,3.447,3.467,258.0
2024-09-26,3.452,3.492,3.451,3.484,465.0
2024-09-27,3.465,3.509,3.459,3.505,461.0
2024-09-30,3.483,3.512,3.482,3.498,144.0
2024-10-01,3.495,3.499,3.477,3.484,149.0
2024-10-02,3.497,3.511,3.478,3.495,368.0
2024-10-03,3.515,3.518,3.506,3.514,627.0
2024-10-04,3.515,3.531,3.507,3.527,198.0
2024-10-07,3.535,3.543,3.519,3.529,387.0
2024-10-08,3.531,3.532,3.494,3.517,253.0
2024-10-09,3.497,3.502,3.469,3.489,367.0
2024-10-10,3.466,3.483,3.431,3.483,747.0
2024-10-11,3.486,3.488,3.433,3.456,266.0
2024-10-14,3.436,3.436,3.412,3.421,665.0
2024-10-15,3.385,3.461,3.384,3.451,236.0
2024-10-16,3.403,3.447,3.398,3.429,393.0
2024-10-17,3.391,3.448,3.39,3.44,455.0
2024-10-18,3.415,3.418,3.397,3.404,222.0
2024-10-21,3.378,3.44,3.373,3.42,340.0
2024-10-22,3.425,3.466,3.419,3.456,439.0
2024-10-23,3.43,3.477,3.42,3.469,314.0
2024-10-24,3.462,3.482,3.449,3.478,816.0
2024-10-25,3.468,3.497,3.462,3.489,228.0
2024-10-28,3.459,3.459,3.413,3.447,227.0
2024-10-29,3.43,3.495,3.417,3.453,274.0
2024-10-30,3.477,3.503,3.458,3.488,287.0
2024-10-31,3.488,3.488,3.451,3.478,385.0
2024-11-01,3.467,3.481,3.446,3.469,233.0
2024-11-04,3.46,3.489,3.451,3.469,525.0
2024-11-05,3.477,3.484,3.433,3.437,466.0
2024-11-06,3.415,3.486,3.414,3.466,528.0
2024-11-07,3.445,3.469,3.408,3.452,431.0
2024-11-08,3.43,3.463,3.423,3.45,457.0
2024-11-11,3.489,3.508,3.477,3.481,610.0
2024-11-12,3.469,3.498,3.459,3.479,520.0
2024-11-13,3.482,3.522,3.461,3.513,1190.0
2024-11-14,3.52,3.532,3.496,3.501,495.0
2024-11-15,3.508,3.523,3.495,3.523,366.0
2024-11-18,3.542,3.552,3.507,3.547,602.0
2024-11-19,3.547,3.578,3.518,3.559,702.0
2024-11-20,3.564,3.598,3.548,3.593,1655.0
2024-11-21,3.591,3.663,3.578,3.614,1441.0
2024-11-22,3.638,3.655,3.56,3.603,549.0
2024-11-25,3.624,3.65,3.624,3.65,858.0
2024-11-26,3.632,3.665,3.621,3.654,1832.0
2024-11-27,3.61,3.617,3.593,3.604,1922.0
2024-11-29,3.639,3.655,3.599,3.633,452.0
2024-12-02,3.589,3.629,3.585,3.629,891.0
2024-12-03,3.657,3.666,3.58,3.588,758.0
2024-12-04,3.585,3.649,3.572,3.639,1124.0
2024-12-05,3.65,3.66,3.629,3.645,2116.0
2024-12-06,3.623,3.656,3.621,3.652,589.0
2024-12-09,3.658,3.7,3.625,3.649,523.0
2024-12-10,3.627,3.647,3.607,3.643,753.0
2024-12-11,3.638,3.677,3.63,3.654,636.0
2024-12-12,3.661,3.673,3.623,3.659,607.0
2024-12-13,3.665,3.673,3.62,3.635,1849.0
2024-12-16,3.636,3.642,3.616,3.618,557.0
2024-12-17,3.625,3.639,3.602,3.631,945.0
2024-12-18,3.617,3.649,3.605,3.618,6098.0
2024-12-19,3.647,3.672,3.62,3.641,645.0
2024-12-20,3.644,3.685,3.629,3.675,1803.0
2024-12-23,3.7,3.71,3.669,3.698,1069.0
2024-12-24,3.696,3.722,3.681,3.709,783.0
2024-12-26,3.707,3.714,3.673,3.702,458.0
2024-12-27,3.752,3.753,3.714,3.749,520.0
2024-12-30,3.751,3.815,3.746,3.785,2367.0
2024-12-31,3.785,3.785,3.712,3.744,604.0
2025-01-02,3.744,3.791,3.716,3.75,1039.0
2025-01-03,3.727,3.759,3.669,3.69,733.0
2025-01-06,3.735,3.744,3.707,3.725,2039.0
2025-01-07,3.695,3.766,3.686,3.707,1959.0
2025-01-08,3.764,3.778,3.73,3.738,980.0
2025-01-09,3.717,3.798,3.715,3.751,1697.0
2025-01-10,3.785,3.797,3.761,3.766,1874.0
2025-01-13,3.797,3.821,3.768,3.775,1065.0
2025-01-14,3.722,3.797,3.711,3.787,3086.0
2025-01-15,3.777,3.837,3.765,3.829,1795.0
2025-01-16,3.809,3.919,3.795,3.907,2225.0
2025-01-17,3.888,3.888,3.802,3.827,2606.0
2025-01-21,3.794,3.844,3.787,3.801,880.0
2025-01-22,3.79,3.897,3.79,3.869,1379.0
2025-01-23,3.857,3.912,3.835,3.891,700.0
2025-01-24,3.872,3.896,3.833,3.896,545.0
2025-01-27,3.822,3.833,3.745,3.808,929.0
2025-01-28,3.782,3.786,3.733,3.737,577.0
2025-01-29,3.717,3.807,3.712,3.789,5686.0
2025-01-30,3.792,3.827,3.714,3.721,1656.0
2025-01-31,3.732,3.76,3.693,3.724,816.0
2025-02-03,3.82,3.839,3.776,3.806,1884.0
2025-02-04,3.776,3.806,3.747,3.785,2263.0
2025-02-05,3.771,3.824,3.742,3.806,1001.0
2025-02-06,3.808,3.84,3.782,3.81,960.0
2025-02-07,3.803,3.816,3.768,3.782,1127.0
2025-02-10,3.815,3.902,3.804,3.896,2348.0
2025-02-11,3.907,3.957,3.887,3.93,2882.0
2025-02-12,3.921,3.944,3.902,3.942,1372.0
2025-02-13,3.968,4.006,3.931,3.963,9253.0
2025-02-14,3.989,4.023,3.955,3.978,1705.0
2025-02-18,3.926,4.09,3.888,4.081,3643.0
2025-02-19,4.077,4.133,4.021,4.122,5538.0
2025-02-20,4.133,4.145,4.006,4.018,2088.0
2025-02-21,4.037,4.069,3.991,4.015,2235.0
2025-02-24,3.967,4.0,3.948,3.983,974.0
2025-02-25,3.981,4.007,3.97,4.003,1628.0
2025-02-26,3.995,4.012,3.885,3.897,2391.0
2025-02-27,3.893,3.918,3.861,3.875,1900.0
2025-02-28,3.878,3.9,3.859,3.893,1609.0
2025-03-03,3.89,3.978,3.874,3.966,2824.0
2025-03-04,3.948,4.025,3.903,3.978,5025.0
2025-03-05,3.984,4.043,3.95,4.036,2677.0
2025-03-06,4.031,4.041,3.977,3.992,1808.0
2025-03-07,3.969,4.14,3.966,4.125,2032.0
2025-03-10,4.259,4.44,4.171,4.184,1555.0
2025-03-11,4.165,4.248,4.165,4.234,1501.0
2025-03-12,4.178,4.21,4.133,4.157,2690.0
2025-03-13,4.153,4.228,4.101,4.213,1777.0
2025-03-14,4.188,4.277,4.168,4.241,1980.0
2025-03-17,4.253,4.264,4.193,4.22,1664.0
2025-03-18,4.184,4.24,4.184,4.204,1533.0
2025-03-19,4.212,4.256,4.199,4.25,3792.0
2025-03-20,4.218,4.246,4.161,4.165,2999.0
2025-03-21,4.167,4.185,4.121,4.152,1397.0
2025-03-24,4.105,4.19,4.105,4.162,1442.0
2025-03-25,4.156,4.192,4.135,4.16,1035.0
2025-03-26,4.17,4.191,4.147,4.158,1154.0
2025-03-27,4.149,4.197,4.092,4.187,1560.0
2025-03-28,4.156,4.21,4.138,4.191,1729.0
2025-03-31,4.2,4.233,4.19,4.211,960.0
2025-04-01,4.198,4.216,4.147,4.152,2280.0
2025-04-02,4.17,4.209,4.15,4.183,1948.0
2025-04-03,4.168,4.21,4.134,4.168,2959.0
2025-04-04,4.15,4.169,3.963,4.017,4541.0
2025-04-07,3.94,4.029,3.863,3.9,3112.0
2025-04-08,3.874,3.973,3.806,3.84,2929.0
2025-04-09,3.826,3.996,3.709,3.993,7564.0
2025-04-10,3.939,3.972,3.805,3.862,2529.0
2025-04-11,3.806,3.882,3.784,3.878,3289.0
2025-04-14,3.86,3.945,3.825,3.834,3205.0
2025-04-15,3.838,3.913,3.83,3.906,2848.0
2025-04-16,3.872,3.972,3.869,3.958,4613.0
2025-04-17,3.967,4.022,3.948,3.986,2479.0
2025-04-21,3.979,4.017,3.895,3.897,3259.0
2025-04-22,3.926,3.957,3.898,3.917,4592.0
2025-04-23,3.923,3.982,3.904,3.942,5374.0
2025-04-24,3.924,3.966,3.906,3.959,3005.0
2025-04-25,3.953,3.999,3.935,3.955,1340.0
2025-04-28,3.974,4.055,3.922,4.032,4567.0
2025-04-29,4.057,4.086,4.025,4.068,4634.0
2025-04-30,4.097,4.13,4.056,4.112,3603.0
2025-05-01,4.143,4.198,4.134,4.179,2517.0
2025-05-02,4.162,4.25,4.148,4.23,3058.0
2025-05-05,4.276,4.342,4.249,4.265,2684.0
2025-05-06,4.285,4.321,4.24,4.26,2676.0
2025-05-07,4.303,4.306,4.241,4.249,2689.0
2025-05-08,4.241,4.269,4.197,4.219,2431.0
2025-05-09,4.254,4.269,4.211,4.263,1987.0
2025-05-12,4.261,4.279,4.222,4.232,1152.0
2025-05-13,4.212,4.285,4.212,4.27,3752.0
2025-05-14,4.258,4.266,4.207,4.225,1691.0
2025-05-15,4.22,4.271,4.207,4.219,3118.0
2025-05-16,4.222,4.252,4.192,4.24,2364.0
2025-05-19,4.194,4.205,4.066,4.087,8551.0
2025-05-20,4.103,4.203,4.093,4.195,5522.0
2025-05-21,4.2,4.265,4.172,4.207,2726.0
2025-05-22,4.202,4.244,4.175,4.206,2456.0
2025-05-23,4.235,4.255,4.202,4.255,2283.0
2025-05-27,4.26,4.304,4.22,4.256,2135.0
2025-05-28,4.252,4.275,4.165,4.185,4759.0
2025-05-29,4.191,4.197,4.112,4.157,2971.0
2025-05-30,4.159,4.181,4.121,4.143,2264.0
2025-06-02,4.173,4.245,4.167,4.224,3240.0
2025-06-03,4.248,4.268,4.205,4.261,2807.0
2025-06-04,4.267,4.307,4.255,4.299,2189.0
2025-06-05,4.293,4.318,4.256,4.286,4187.0
2025-06-06,4.306,4.344,4.279,4.328,3465.0
2025-06-09,4.299,4.315,4.258,4.312,3644.0
2025-06-10,4.318,4.333,4.254,4.277,3297.0
2025-06-11,4.276,4.295,4.217,4.244,2571.0
2025-06-12,4.26,4.29,4.215,4.219,1964.0
2025-06-13,4.253,4.272,4.202,4.237,2640.0
2025-06-16,4.28,4.286,4.253,4.277,3253.0
2025-06-17,4.285,4.334,4.284,4.32,4282.0
2025-06-18,4.332,4.394,4.319,4.34,6274.0
2025-06-20,4.347,4.4,4.315,4.334,3908.0
2025-06-23,4.349,4.366,4.287,4.31,3491.0
2025-06-24,4.282,4.322,4.254,4.269,3576.0
2025-06-25,4.255,4.288,4.245,4.256,2205.0
2025-06-26,4.244,4.267,4.212,4.256,5436.0
2025-06-27,4.273,4.313,4.247,4.299,3464.0
2025-06-30,4.277,4.277,4.145,4.163,5885.0
2025-07-01,4.168,4.178,4.002,4.126,5803.0
2025-07-02,4.104,4.145,4.068,4.136,3127.0
2025-07-03,4.144,4.195,4.072,4.09,8673.0
2025-07-07,4.047,4.149,4.004,4.124,4761.0
2025-07-08,4.116,4.163,4.097,4.112,3950.0
2025-07-09,4.102,4.116,4.013,4.069,5475.0
2025-07-10,4.061,4.146,4.045,4.132,3565.0
2025-07-11,4.137,4.174,4.115,4.164,2507.0
2025-07-14,4.178,4.246,4.178,4.219,4168.0
2025-07-15,4.198,4.252,4.189,4.242,3274.0
2025-07-16,4.254,4.257,4.22,4.237,2308.0
2025-07-17,4.229,4.249,4.176,4.204,2112.0
2025-07-18,4.183,4.216,4.07,4.172,4762.0
2025-07-21,4.082,4.109,4.016,4.059,7618.0
2025-07-22,4.049,4.068,4.001,4.065,6452.0
2025-07-23,4.048,4.062,3.977,3.987,6756.0
2025-07-24,3.986,4.024,3.971,3.989,4441.0
2025-07-25,3.985,4.007,3.933,3.947,4438.0
2025-07-28,3.928,3.944,3.823,3.87,8082.0
2025-07-29,3.881,3.917,3.873,3.899,3482.0
2025-07-30,3.901,3.935,3.85,3.888,5341.0
2025-07-31,3.874,3.938,3.847,3.923,5964.0
2025-08-01,3.906,3.932,3.894,3.925,2819.0
2025-08-04,3.888,3.911,3.819,3.853,5782.0
2025-08-05,3.851,3.889,3.838,3.867,3582.0
2025-08-06,3.872,3.912,3.831,3.9,5803.0
2025-08-07,3.898,3.922,3.869,3.894,2849.0
2025-08-08,3.905,3.918,3.824,3.842,3297.0
2025-08-11,3.798,3.867,3.796,3.853,3355.0
2025-08-12,3.856,3.867,3.791,3.812,6150.0
2025-08-13,3.803,3.826,3.78,3.793,3982.0
2025-08-14,3.799,3.808,3.745,3.774,6325.0
2025-08-15,3.774,3.838,3.759,3.811,3984.0
2025-08-18,3.794,3.832,3.776,3.816,2422.0
2025-08-19,3.805,3.808,3.747,3.771,4133.0
2025-08-20,3.769,3.796,3.759,3.779,5843.0
2025-08-21,3.798,3.829,3.762,3.813,3734.0
2025-08-22,3.817,3.821,3.762,3.772,4173.0
2025-08-25,3.745,3.761,3.715,3.751,3204.0
2025-08-26,3.74,3.803,3.723,3.782,4551.0
2025-08-27,3.795,3.854,3.793,3.826,3734.0
2025-08-28,3.834,3.895,3.806,3.872,4201.0
2025-08-29,3.887,3.92,3.862,3.906,4374.0
2025-09-02,3.906,3.929,3.856,3.882,7042.0
2025-09-03,3.868,3.93,3.857,3.888,5577.0
2025-09-04,3.88,3.905,3.865,3.888,4124.0
2025-09-05,3.894,3.9,3.826,3.843,4329.0
2025-09-08,3.852,3.891,3.844,3.863,5187.0
2025-09-09,3.854,3.892,3.827,3.878,4573.0
2025-09-10,3.867,3.888,3.84,3.864,3420.0
2025-09-11,3.87,3.881,3.842,3.858,4925.0
2025-09-12,3.849,3.865,3.826,3.83,6243.0
2025-09-15,3.851,3.869,3.81,3.866,4115.0
2025-09-16,3.849,3.9,3.83,3.893,4902.0
2025-09-17,3.896,3.922,3.878,3.906,4909.0
2025-09-18,3.899,3.911,3.845,3.864,10080.0
2025-09-19,3.865,3.897,3.847,3.865,9529.0
2025-09-22,3.888,3.892,3.828,3.831,7559.0
2025-09-23,3.82,3.838,3.788,3.81,7179.0
2025-09-24,3.81,3.828,3.78,3.814,4296.0
2025-09-25,3.823,3.866,3.812,3.842,5450.0
2025-09-26,3.856,3.874,3.828,3.863,4861.0
2025-09-29,3.851,3.901,3.835,3.89,5459.0
2025-09-30,3.898,3.921,3.88,3.885,12395.0
2025-10-01,3.904,3.987,3.892,3.978,11396.0
2025-10-02,3.969,4.068,3.961,4.021,11733.0
2025-10-03,4.031,4.051,4.001,4.012,11592.0
2025-10-06,4.046,4.08,3.998,4.006,7867.0
2025-10-07,4.006,4.079,3.981,4.063,11775.0
2025-10-08,4.065,4.082,4.007,4.018,11660.0
2025-10-09,3.996,4.024,3.962,3.981,10726.0
2025-10-10,3.972,3.973,3.91,3.922,10669.0
2025-10-13,3.911,3.944,3.885,3.929,11475.0
2025-10-14,3.911,3.914,3.859,3.862,12230.0
2025-10-15,3.861,3.882,3.822,3.861,10913.0
2025-10-16,3.867,3.889,3.823,3.826,11244.0
2025-10-17,3.825,3.89,3.803,3.884,8060.0
2025-10-20,3.94,4.013,3.923,4.006,15013.0
2025-10-21,3.974,4.047,3.954,4.024,14914.0
2025-10-22,4.032,4.05,3.971,3.99,12933.0
2025-10-23,3.997,4.033,3.95,3.975,8071.0
2025-10-24,3.954,3.989,3.914,3.96,6844.0
2025-10-27,4.001,4.004,3.924,3.977,6762.0
2025-10-28,3.963,3.967,3.89,3.912,15175.0
2025-10-29,3.913,3.931,3.867,3.906,12992.0
2025-10-30,3.906,4.018,3.883,3.959,12772.0
2025-10-31,3.998,4.052,3.983,4.031,12291.0
2025-11-03,4.059,4.098,4.003,4.095,13948.0
2025-11-04,4.1,4.163,4.058,4.12,15019.0
2025-11-05,4.103,4.118,4.038,4.052,8839.0
2025-11-06,4.069,4.096,3.999,4.066,9860.0
2025-11-07,4.084,4.098,4.034,4.069,9121.0
2025-11-10,4.123,4.136,4.004,4.058,14260.0
2025-11-11,4.078,4.152,4.041,4.142,13511.0
2025-11-12,4.144,4.171,4.11,4.151,11631.0
2025-11-13,4.154,4.206,4.129,4.167,15879.0
2025-11-14,4.216,4.216,4.055,4.118,13055.0
2025-11-17,4.087,4.114,4.046,4.076,11624.0
2025-11-18,4.053,4.088,4.014,4.06,11288.0
2025-11-19,4.067,4.139,4.055,4.118,13775.0
2025-11-20,4.103,4.156,4.087,4.094,13045.0
2025-11-21,4.096,4.137,4.075,4.102,15650.0
2025-11-24,4.056,4.07,4.019,4.06,11167.0
2025-11-25,4.036,4.047,3.944,3.97,20176.0
2025-11-26,3.979,4.021,3.957,3.974,12852.0
2025-11-28,3.984,4.055,3.948,4.042,9015.0
2025-12-01,4.046,4.072,4.012,4.046,20766.0
2025-12-02,4.015,4.071,4.006,4.062,21237.0
2025-12-03,4.062,4.211,4.059,4.195,16329.0
2025-12-04,4.2,4.263,4.175,4.258,18216.0
2025-12-05,4.262,4.408,4.259,4.348,25589.0
2025-12-08,4.272,4.303,4.064,4.112,27144.0
2025-12-09,4.084,4.094,3.994,3.998,21455.0
2025-12-10,4.024,4.051,3.953,4.018,18338.0
2025-12-11,4.032,4.036,3.904,3.942,24369.0
2025-12-12,3.929,3.929,3.793,3.807,23571.0
2025-12-15,3.849,3.851,3.711,3.752,15581.0
2025-12-16,3.779,3.779,3.671,3.703,23772.0
2025-12-17,3.738,3.804,3.719,3.767,16007.0
2025-12-18,3.822,3.847,3.639,3.676,24389.0
2025-12-19,3.68,3.694,3.608,3.664,18623.0
2025-12-22,3.723,3.728,3.546,3.587,17011.0
2025-12-23,3.599,3.76,3.589,3.735,18262.0
2025-12-24,3.78,3.79,3.678,3.682,12732.0
2025-12-26,3.675,3.78,3.674,3.762,11226.0
2025-12-29,3.794,3.844,3.77,3.83,16383.0
2025-12-30,3.834,3.901,3.799,3.812,13573.0
2025-12-31,3.818,3.822,3.664,3.671,13755.0
2026-01-02,3.644,3.659,3.577,3.585,15941.0
2026-01-05,3.549,3.573,3.394,3.464,31331.0
2026-01-06,3.453,3.457,3.371,3.418,18447.0
2026-01-07,3.459,3.519,3.449,3.494,16206.0
2026-01-08,3.521,3.534,3.41,3.423,32739.0
2026-01-09,3.43,3.438,3.263,3.279,56366.0
2026-01-12,3.377,3.416,3.283,3.407,49208.0
2026-01-13,3.375,3.445,3.33,3.44,41502.0
2026-01-14,3.394,3.435,3.215,3.303,54955.0
2026-01-15,3.276,3.304,3.196,3.295,35396.0
2026-01-16,3.303,3.339,3.232,3.282,34029.0
2026-01-20,3.36,3.65,3.36,3.643,53334.0
2026-01-21,3.615,3.932,3.555,3.828,68059.0
2026-01-22,3.78,3.951,3.747,3.861,53424.0
2026-01-23,3.813,3.935,3.778,3.901,40438.0
2026-01-26,4.121,4.136,3.891,4.019,47221.0
2026-01-27,3.976,4.067,3.855,4.03,45943.0
2026-01-28,3.997,4.082,3.933,3.992,37683.0
2026-01-29,3.998,4.096,3.965,4.091,33434.0
2026-01-30,4.041,4.39,4.021,4.333,53393.0
2026-02-02,4.14,4.15,3.515,3.613,114591.0
2026-02-03,3.601,3.709,3.517,3.636,43087.0
2026-02-04,3.671,3.78,3.633,3.715,39441.0
2026-02-05,3.717,3.779,3.638,3.714,30142.0
2026-02-06,3.741,3.819,3.615,3.639,36946.0
2026-02-09,3.519,3.544,3.452,3.501,34678.0
2026-02-10,3.502,3.558,3.473,3.498,31769.0
2026-02-11,3.528,3.587,3.45,3.535,30294.0
2026-02-12,3.586,3.617,3.513,3.531,34581.0
2026-02-13,3.517,3.528,3.44,3.52,27023.0
2026-02-17,3.432,3.488,3.357,3.391,36682.0
2026-02-18,3.406,3.406,3.321,3.374,29972.0
2026-02-19,3.367,3.446,3.367,3.409,28259.0
2026-02-20,3.389,3.534,3.382,3.442,34015.0
2026-02-23,3.585,3.586,3.382,3.389,27300.0
2026-02-24,3.394,3.403,3.314,3.319,27642.0
2026-02-25,3.331,3.4,3.312,3.345,21507.0
2026-02-26,3.362,3.366,3.276,3.318,29945.0
2026-02-27,3.319,3.372,3.317,3.337,25247.0
2026-03-02,3.38,3.531,3.355,3.412,50152.0
2026-03-03,3.448,3.631,3.428,3.484,55206.0
2026-03-04,3.472,3.514,3.374,3.391,32193.0
2026-03-05,3.411,3.545,3.409,3.485,42346.0
2026-03-06,3.484,3.709,3.446,3.623,69865.0
2026-03-09,3.751,3.881,3.429,3.542,61561.0
2026-03-10,3.444,3.564,3.388,3.446,48904.0
2026-03-11,3.485,3.615,3.452,3.59,46178.0
2026-03-12,3.605,3.685,3.531,3.588,51876.0
2026-03-13,3.617,3.641,3.483,3.512,25861.0
2026-03-16,3.55,3.551,3.379,3.412,26509.0
2026-03-17,3.421,3.494,3.401,3.421,25288.0
2026-03-18,3.427,3.567,3.323,3.428,35801.0
2026-03-19,3.55,3.627,3.43,3.491,41248.0
2026-03-20,3.461,3.497,3.402,3.457,30866.0
2026-03-23,3.47,3.513,3.287,3.296,39611.0
2026-03-24,3.325,3.372,3.243,3.305,28291.0
2026-03-25,3.268,3.341,3.213,3.31,28763.0
2026-03-26,3.332,3.385,3.275,3.321,25866.0
2026-03-27,3.314,3.435,3.307,3.409,26206.0
2026-03-30,3.372,3.382,3.269,3.293,22967.0
2026-03-31,3.3,3.355,3.221,3.233,44739.0
2026-04-01,3.222,3.229,3.14,3.169,34730.0
2026-04-02,3.17,3.232,3.149,3.163,31192.0
2026-04-06,3.222,3.224,3.147,3.178,27169.0
2026-04-07,3.174,3.235,3.132,3.226,37753.0
2026-04-08,3.211,3.211,3.081,3.127,82457.0
2026-04-09,3.151,3.151,3.08,3.108,80795.0
2026-04-10,3.115,3.126,3.075,3.109,77835.0
2026-04-13,3.126,3.184,3.084,3.099,81456.0
2026-04-14,3.101,3.118,3.03,3.06,92096.0
2026-04-15,3.063,3.076,3.026,3.059,48119.0
2026-04-16,3.059,3.11,3.036,3.079,31692.0
2026-04-17,3.095,3.128,3.044,3.101,33559.0
2026-04-20,3.128,3.158,3.09,3.111,35425.0
2026-04-21,3.095,3.137,3.073,3.117,28714.0
2026-04-22,3.111,3.176,3.1,3.133,30923.0
2026-04-23,3.121,3.147,3.001,3.051,66254.0
2026-04-24,3.049,3.049,2.954,2.983,59066.0
2026-04-27,2.99,3.092,2.987,3.024,61780.0
2026-04-28,3.029,3.042,2.976,2.99,44189.0
2026-04-29,2.984,2.99,2.919,2.945,43164.0
2026-04-30,2.945,3.065,2.893,3.044,82010.0
2026-05-01,3.03,3.095,3.026,3.075,65151.0
2026-05-04,3.065,3.176,3.048,3.159,59373.0
2026-05-05,3.144,3.153,3.046,3.072,54671.0
2026-05-06,3.063,3.071,2.972,3.009,61698.0
2026-05-07,2.997,3.063,2.951,3.023,99668.0
2026-05-08,3.045,3.087,2.991,3.007,66016.0
2026-05-11,2.994,3.148,2.994,3.128,103628.0
2026-05-12,3.136,3.152,3.021,3.054,96068.0
2026-05-13,3.041,3.11,3.007,3.062,105776.0
2026-05-14,3.063,3.113,3.001,3.092,93850.0
2026-05-15,3.111,3.148,3.083,3.124,116257.0
2026-05-18,3.145,3.232,3.125,3.188,123314.0
2026-05-19,3.186,3.299,3.174,3.284,139262.0
2026-05-20,3.284,3.307,3.14,3.155,159204.0
2026-05-21,3.165,3.208,3.117,3.156,139352.0
2026-05-22,3.133,3.148,3.008,3.021,161488.0
2026-05-26,3.021,3.104,2.982,3.01,161341.0
2026-05-27,3.011,3.15,2.978,3.095,188474.0
2026-05-28,3.088,3.306,3.057,3.285,200655.0
2026-05-29,3.299,3.388,3.272,3.29,167682.0
2026-06-01,3.335,3.396,3.16,3.179,171269.0
2026-06-02,3.194,3.228,3.099,3.167,140767.0
2026-06-03,3.172,3.262,3.143,3.214,135015.0
2026-06-04,3.255,3.376,3.211,3.336,194709.0
2026-06-05,3.355,3.365,3.208,3.229,181904.0
2026-06-08,3.185,3.195,3.097,3.147,199640.0
2026-06-09,3.144,3.207,3.117,3.14,179403.0
2026-06-10,3.138,3.249,3.072,3.185,194341.0
2026-06-11,3.186,3.204,3.054,3.087,206797.0
2026-06-12,3.085,3.143,3.031,3.12,138859.0
2026-06-15,3.085,3.163,3.017,3.147,139274.0
2026-06-16,3.155,3.268,3.127,3.239,148973.0
2026-06-17,3.257,3.299,3.121,3.145,170489.0
2026-06-18,3.154,3.246,3.125,3.233,147984.0
2026-06-22,3.216,3.335,3.183,3.253,151751.0
2026-06-23,3.237,3.277,3.142,3.147,76512.0
2026-06-24,3.161,3.232,3.136,3.221,39410.0
2026-06-25,3.223,3.363,3.196,3.343,106506.0
2026-06-26,3.302,3.441,3.201,3.231,8075.0
