DATETIME,OPEN,HIGH,LOW,FINAL,VOLUME
2015-09-29,3.954,3.954,3.954,3.954,0.0
2015-09-30,3.927,3.927,3.927,3.927,0.0
2015-10-01,3.924,3.924,3.924,3.924,0.0
2015-10-02,3.934,3.934,3.934,3.934,0.0
2015-10-05,3.93,3.93,3.93,3.93,0.0
2015-10-06,3.945,3.945,3.945,3.945,0.0
2015-10-07,3.945,3.945,3.945,3.945,0.0
2015-10-08,3.94,3.94,3.94,3.94,0.0
2015-10-09,3.938,3.938,3.938,3.938,0.0
2015-10-12,3.943,3.943,3.943,3.943,0.0
2015-10-13,3.945,3.945,3.945,3.945,0.0
2015-10-14,3.946,3.946,3.946,3.946,0.0
2015-10-15,3.948,3.948,3.948,3.948,0.0
2015-10-16,3.957,3.957,3.957,3.957,0.0
2015-10-19,3.961,3.961,3.961,3.961,0.0
2015-10-20,3.97,3.97,3.97,3.97,0.0
2015-10-21,3.96,3.96,3.96,3.96,0.0
2015-10-22,3.961,3.961,3.961,3.961,0.0
2015-10-23,3.921,3.921,3.921,3.921,0.0
2015-10-26,3.915,3.915,3.915,3.915,0.0
2015-10-27,3.887,3.887,3.887,3.887,0.0
2015-10-28,3.886,3.886,3.886,3.886,0.0
2015-10-29,3.881,3.881,3.881,3.881,0.0
2015-10-30,3.914,3.914,3.914,3.914,0.0
2015-11-02,3.892,3.892,3.892,3.892,0.0
2015-11-03,3.897,3.897,3.897,3.897,0.0
2015-11-04,3.899,3.899,3.899,3.899,0.0
2015-11-05,3.89,3.89,3.89,3.89,0.0
2015-11-06,3.888,3.888,3.888,3.888,0.0
2015-11-09,3.882,3.882,3.882,3.882,0.0
2015-11-10,3.875,3.875,3.875,3.875,0.0
2015-11-11,3.857,3.857,3.857,3.857,0.0
2015-11-12,3.842,3.842,3.842,3.842,0.0
2015-11-13,3.869,3.869,3.869,3.869,0.0
2015-11-16,3.877,3.877,3.877,3.877,0.0
2015-11-17,3.881,3.881,3.881,3.881,0.0
2015-11-18,3.814,3.814,3.814,3.814,0.0
2015-11-19,3.784,3.784,3.784,3.784,0.0
2015-11-20,3.753,3.753,3.753,3.753,0.0
2015-11-23,3.766,3.766,3.766,3.766,0.0
2015-11-24,3.767,3.767,3.767,3.767,0.0
2015-11-25,3.782,3.782,3.782,3.782,0.0
2015-11-27,3.764,3.764,3.764,3.764,0.0
2015-11-30,3.733,3.733,3.733,3.733,0.0
2015-12-01,3.743,3.743,3.743,3.743,0.0
2015-12-02,3.771,3.771,3.771,3.771,0.0
2015-12-03,3.774,3.774,3.774,3.774,0.0
2015-12-04,3.772,3.772,3.772,3.772,0.0
2015-12-07,3.755,3.755,3.755,3.755,0.0
2015-12-08,3.775,3.775,3.775,3.775,0.0
2015-12-09,3.796,3.796,3.796,3.796,0.0
2015-12-10,3.817,3.817,3.817,3.817,0.0
2015-12-11,3.813,3.813,3.813,3.813,0.0
2015-12-14,3.803,3.803,3.803,3.803,0.0
2015-12-15,3.803,3.803,3.803,3.803,0.0
2015-12-16,3.83,3.83,3.83,3.83,0.0
2015-12-17,3.855,3.855,3.855,3.855,0.0
2015-12-18,3.833,3.833,3.833,3.833,0.0
2015-12-21,3.81,3.81,3.81,3.81,0.0
2015-12-22,3.82,3.82,3.82,3.82,0.0
2015-12-23,3.813,3.813,3.813,3.813,0.0
2015-12-24,3.812,3.812,3.812,3.812,0.0
2015-12-28,3.854,3.854,3.854,3.854,0.0
2015-12-29,3.839,3.839,3.839,3.839,0.0
2015-12-30,3.83,3.83,3.83,3.83,0.0
2015-12-31,3.807,3.807,3.807,3.807,0.0
2016-01-04,3.787,3.787,3.787,3.787,0.0
2016-01-05,3.761,3.761,3.761,3.761,0.0
2016-01-06,3.746,3.746,3.746,3.746,0.0
2016-01-07,3.764,3.764,3.764,3.764,0.0
2016-01-08,3.742,3.742,3.742,3.742,0.0
2016-01-11,3.722,3.722,3.722,3.722,0.0
2016-01-12,3.673,3.673,3.673,3.673,0.0
2016-01-13,3.693,3.693,3.693,3.693,0.0
2016-01-14,3.708,3.708,3.708,3.708,0.0
2016-01-15,3.691,3.691,3.691,3.691,0.0
2016-01-19,3.693,3.693,3.693,3.693,0.0
2016-01-20,3.663,3.663,3.663,3.663,0.0
2016-01-21,3.671,3.671,3.671,3.671,0.0
2016-01-22,3.652,3.652,3.652,3.652,0.0
2016-01-25,3.653,3.653,3.653,3.653,0.0
2016-01-26,3.637,3.637,3.637,3.637,0.0
2016-01-27,3.657,3.657,3.657,3.657,0.0
2016-01-28,3.701,3.701,3.701,3.701,0.0
2016-01-29,3.683,3.683,3.683,3.683,0.0
2016-02-01,3.642,3.642,3.642,3.642,0.0
2016-02-02,3.588,3.588,3.588,3.588,0.0
2016-02-03,3.616,3.616,3.616,3.616,0.0
2016-02-04,3.619,3.619,3.619,3.619,0.0
2016-02-05,3.617,3.617,3.617,3.617,0.0
2016-02-08,3.56,3.56,3.56,3.56,0.0
2016-02-09,3.542,3.542,3.542,3.542,0.0
2016-02-10,3.515,3.515,3.515,3.515,0.0
2016-02-11,3.472,3.472,3.472,3.472,0.0
2016-02-12,3.444,3.444,3.444,3.444,0.0
2016-02-16,3.424,3.424,3.424,3.424,0.0
2016-02-17,3.429,3.429,3.429,3.429,0.0
2016-02-18,3.374,3.374,3.374,3.374,0.0
2016-02-19,3.37,3.37,3.37,3.37,0.0
2016-02-22,3.309,3.309,3.309,3.309,0.0
2016-02-23,3.325,3.325,3.325,3.325,0.0
2016-02-24,3.355,3.355,3.355,3.355,0.0
2016-02-25,3.353,3.353,3.353,3.353,0.0
2016-02-26,3.355,3.355,3.355,3.355,0.0
2016-02-29,3.408,3.408,3.408,3.408,0.0
2016-03-01,3.427,3.427,3.427,3.427,0.0
2016-03-02,3.411,3.411,3.411,3.411,0.0
2016-03-03,3.423,3.423,3.423,3.423,0.0
2016-03-04,3.422,3.422,3.422,3.422,0.0
2016-03-07,3.429,3.429,3.429,3.429,0.0
2016-03-08,3.435,3.435,3.435,3.435,0.0
2016-03-09,3.483,3.483,3.483,3.483,0.0
2016-03-10,3.478,3.478,3.478,3.478,0.0
2016-03-11,3.487,3.487,3.487,3.487,0.0
2016-03-14,3.479,3.479,3.479,3.479,0.0
2016-03-15,3.478,3.478,3.478,3.478,0.0
2016-03-16,3.479,3.479,3.479,3.479,0.0
2016-03-17,3.484,3.484,3.484,3.484,0.0
2016-03-18,3.474,3.474,3.474,3.474,0.0
2016-03-21,3.483,3.483,3.483,3.483,0.0
2016-03-22,3.503,3.503,3.503,3.503,0.0
2016-03-23,3.518,3.518,3.518,3.518,0.0
2016-03-24,3.573,3.573,3.573,3.573,0.0
2016-03-28,3.623,3.623,3.623,3.623,0.0
2016-03-29,3.685,3.685,3.685,3.685,0.0
2016-03-30,3.688,3.688,3.688,3.688,0.0
2016-03-31,3.727,3.727,3.727,3.727,0.0
2016-04-01,3.733,3.733,3.733,3.733,0.0
2016-04-04,3.705,3.705,3.705,3.705,0.0
2016-04-05,3.715,3.715,3.715,3.715,0.0
2016-04-06,3.772,3.772,3.772,3.772,0.0
2016-04-07,3.775,3.775,3.775,3.775,0.0
2016-04-08,3.795,3.795,3.795,3.795,0.0
2016-04-11,3.794,3.794,3.794,3.794,0.0
2016-04-12,3.792,3.792,3.792,3.792,0.0
2016-04-13,3.807,3.807,3.807,3.807,0.0
2016-04-14,3.806,3.806,3.806,3.806,0.0
2016-04-15,3.776,3.776,3.776,3.776,0.0
2016-04-18,3.766,3.766,3.766,3.766,0.0
2016-04-19,3.746,3.746,3.746,3.746,0.0
2016-04-20,3.746,3.746,3.746,3.746,0.0
2016-04-21,3.778,3.778,3.778,3.778,0.0
2016-04-22,3.78,3.78,3.78,3.78,0.0
2016-04-25,3.796,3.796,3.796,3.796,0.0
2016-04-26,3.844,3.844,3.844,3.844,0.0
2016-04-27,3.855,3.855,3.855,3.855,0.0
2016-04-28,3.85,3.85,3.85,3.85,0.0
2016-04-29,3.848,3.848,3.848,3.848,0.0
2016-05-02,3.828,3.828,3.828,3.828,0.0
2016-05-03,3.814,3.814,3.814,3.814,0.0
2016-05-04,3.823,3.823,3.823,3.823,0.0
2016-05-05,3.857,3.857,3.857,3.857,0.0
2016-05-06,3.866,3.866,3.866,3.866,0.0
2016-05-09,3.854,3.854,3.854,3.854,0.0
2016-05-10,3.868,3.868,3.868,3.868,0.0
2016-05-11,3.857,3.857,3.857,3.857,0.0
2016-05-12,3.842,3.842,3.842,3.842,0.0
2016-05-13,3.845,3.845,3.845,3.845,0.0
2016-05-16,3.852,3.852,3.852,3.852,0.0
2016-05-17,3.841,3.841,3.841,3.841,0.0
2016-05-18,3.839,3.839,3.839,3.839,0.0
2016-05-19,3.849,3.849,3.849,3.849,0.0
2016-05-20,3.837,3.837,3.837,3.837,0.0
2016-05-23,3.832,3.832,3.832,3.832,0.0
2016-05-24,3.829,3.829,3.829,3.829,0.0
2016-05-25,3.858,3.858,3.858,3.858,0.0
2016-05-26,3.889,3.889,3.889,3.889,0.0
2016-05-27,3.899,3.899,3.899,3.899,0.0
2016-05-31,3.9,3.9,3.9,3.9,0.0
2016-06-01,3.898,3.898,3.898,3.898,0.0
2016-06-02,3.885,3.885,3.885,3.885,0.0
2016-06-03,3.875,3.875,3.875,3.875,0.0
2016-06-06,3.869,3.869,3.869,3.869,0.0
2016-06-07,3.893,3.893,3.893,3.893,0.0
2016-06-08,3.88,3.88,3.88,3.88,0.0
2016-06-09,3.878,3.878,3.878,3.878,0.0
2016-06-10,3.85,3.85,3.85,3.85,0.0
2016-06-13,3.811,3.811,3.811,3.811,0.0
2016-06-14,3.806,3.806,3.806,3.806,0.0
2016-06-15,3.806,3.806,3.806,3.806,0.0
2016-06-16,3.796,3.796,3.796,3.796,0.0
2016-06-17,3.773,3.773,3.773,3.773,0.0
2016-06-20,3.763,3.763,3.763,3.763,0.0
2016-06-21,3.746,3.746,3.746,3.746,0.0
2016-06-22,3.753,3.753,3.753,3.753,0.0
2016-06-23,3.774,3.774,3.774,3.774,0.0
2016-06-24,3.792,3.792,3.792,3.792,0.0
2016-06-27,3.743,3.743,3.743,3.743,0.0
2016-06-28,3.802,3.802,3.802,3.802,0.0
2016-06-29,3.803,3.803,3.803,3.803,0.0
2016-06-30,3.818,3.818,3.818,3.818,0.0
2016-07-01,3.819,3.819,3.819,3.819,0.0
2016-07-05,3.817,3.817,3.817,3.817,0.0
2016-07-06,3.839,3.839,3.839,3.839,0.0
2016-07-07,3.837,3.837,3.837,3.837,0.0
2016-07-08,3.844,3.844,3.844,3.844,0.0
2016-07-11,3.84,3.84,3.84,3.84,0.0
2016-07-12,3.826,3.826,3.826,3.826,0.0
2016-07-13,3.846,3.846,3.846,3.846,0.0
2016-07-14,3.844,3.844,3.844,3.844,0.0
2016-07-15,3.831,3.831,3.831,3.831,0.0
2016-07-18,3.816,3.816,3.816,3.816,0.0
2016-07-19,3.806,3.806,3.806,3.806,0.0
2016-07-20,3.795,3.795,3.795,3.795,0.0
2016-07-21,3.8,3.8,3.8,3.8,0.0
2016-07-22,3.804,3.804,3.804,3.804,0.0
2016-07-25,3.81,3.81,3.81,3.81,0.0
2016-07-26,3.808,3.808,3.808,3.808,0.0
2016-07-27,3.801,3.801,3.801,3.801,0.0
2016-07-28,3.814,3.814,3.814,3.814,0.0
2016-07-29,3.819,3.819,3.819,3.819,0.0
2016-08-01,3.817,3.817,3.817,3.817,0.0
2016-08-02,3.816,3.816,3.816,3.816,0.0
2016-08-03,3.817,3.817,3.817,3.817,0.0
2016-08-04,3.846,3.846,3.846,3.846,0.0
2016-08-05,3.844,3.844,3.844,3.844,0.0
2016-08-08,3.843,3.843,3.843,3.843,0.0
2016-08-09,3.84,3.84,3.84,3.84,0.0
2016-08-10,3.821,3.821,3.821,3.821,0.0
2016-08-11,3.81,3.81,3.81,3.81,0.0
2016-08-12,3.807,3.807,3.807,3.807,0.0
2016-08-15,3.8,3.8,3.8,3.8,0.0
2016-08-16,3.813,3.813,3.813,3.813,0.0
2016-08-17,3.848,3.848,3.848,3.848,0.0
2016-08-18,3.847,3.847,3.847,3.847,0.0
2016-08-19,3.858,3.858,3.858,3.858,0.0
2016-08-22,3.858,3.858,3.858,3.858,0.0
2016-08-23,3.881,3.881,3.881,3.881,0.0
2016-08-24,3.905,3.905,3.905,3.905,0.0
2016-08-25,3.851,3.851,3.851,3.851,0.0
2016-08-26,3.811,3.811,3.811,3.811,0.0
2016-08-29,3.794,3.794,3.794,3.794,0.0
2016-08-30,3.784,3.784,3.784,3.784,0.0
2016-08-31,3.81,3.81,3.81,3.81,0.0
2016-09-01,3.769,3.769,3.769,3.769,0.0
2016-09-02,3.75,3.75,3.75,3.75,0.0
2016-09-06,3.751,3.751,3.751,3.751,0.0
2016-09-07,3.727,3.727,3.727,3.727,0.0
2016-09-08,3.715,3.715,3.715,3.715,0.0
2016-09-09,3.666,3.666,3.666,3.666,0.0
2016-09-12,3.668,3.668,3.668,3.668,0.0
2016-09-13,3.645,3.645,3.645,3.645,0.0
2016-09-14,3.662,3.662,3.662,3.662,0.0
2016-09-15,3.664,3.664,3.664,3.664,0.0
2016-09-16,3.642,3.642,3.642,3.642,0.0
2016-09-19,3.62,3.62,3.62,3.62,0.0
2016-09-20,3.63,3.63,3.63,3.63,0.0
2016-09-21,3.616,3.616,3.616,3.616,0.0
2016-09-22,3.581,3.581,3.581,3.581,0.0
2016-09-23,3.592,3.592,3.592,3.592,0.0
2016-09-26,3.609,3.609,3.609,3.609,0.0
2016-09-27,3.575,3.575,3.575,3.575,0.0
2016-09-28,3.549,3.549,3.549,3.549,0.0
2016-09-29,3.508,3.508,3.508,3.508,0.0
2016-09-30,3.504,3.504,3.504,3.504,0.0
2016-10-03,3.495,3.495,3.495,3.495,0.0
2016-10-04,3.469,3.469,3.469,3.469,0.0
2016-10-05,3.489,3.489,3.489,3.489,0.0
2016-10-06,3.491,3.491,3.491,3.491,0.0
2016-10-07,3.505,3.505,3.505,3.505,0.0
2016-10-10,3.496,3.496,3.496,3.496,0.0
2016-10-11,3.594,3.594,3.594,3.594,0.0
2016-10-12,3.561,3.561,3.561,3.561,0.0
2016-10-13,3.573,3.573,3.573,3.573,0.0
2016-10-14,3.57,3.57,3.57,3.57,0.0
2016-10-17,3.577,3.577,3.577,3.577,0.0
2016-10-18,3.579,3.579,3.579,3.579,0.0
2016-10-19,3.571,3.571,3.571,3.571,0.0
2016-10-20,3.591,3.591,3.591,3.591,0.0
2016-10-21,3.591,3.591,3.591,3.591,0.0
2016-10-24,3.586,3.586,3.586,3.586,0.0
2016-10-25,3.576,3.576,3.576,3.576,0.0
2016-10-26,3.584,3.584,3.584,3.584,0.0
2016-10-27,3.607,3.607,3.607,3.607,0.0
2016-10-28,3.619,3.619,3.619,3.619,0.0
2016-10-31,3.612,3.612,3.612,3.612,0.0
2016-11-01,3.616,3.616,3.616,3.616,0.0
2016-11-02,3.596,3.596,3.596,3.596,0.0
2016-11-03,3.612,3.612,3.612,3.612,0.0
2016-11-04,3.596,3.596,3.596,3.596,0.0
2016-11-07,3.611,3.611,3.611,3.611,0.0
2016-11-08,3.633,3.633,3.633,3.633,0.0
2016-11-09,3.613,3.613,3.613,3.613,0.0
2016-11-10,3.623,3.623,3.623,3.623,0.0
2016-11-11,3.593,3.593,3.593,3.593,0.0
2016-11-14,3.563,3.563,3.563,3.563,0.0
2016-11-15,3.523,3.523,3.523,3.523,0.0
2016-11-16,3.53,3.53,3.53,3.53,0.0
2016-11-17,3.545,3.545,3.545,3.545,0.0
2016-11-18,3.509,3.509,3.509,3.509,0.0
2016-11-21,3.485,3.485,3.485,3.485,0.0
2016-11-22,3.457,3.457,3.457,3.457,0.0
2016-11-23,3.435,3.435,3.435,3.435,0.0
2016-11-25,3.434,3.434,3.434,3.434,0.0
2016-11-28,3.377,3.377,3.377,3.377,0.0
2016-11-29,3.329,3.329,3.329,3.329,0.0
2016-11-30,3.29,3.29,3.29,3.29,0.0
2016-12-01,3.336,3.336,3.336,3.336,0.0
2016-12-02,3.326,3.326,3.326,3.326,0.0
2016-12-05,3.321,3.321,3.321,3.321,0.0
2016-12-06,3.319,3.319,3.319,3.319,0.0
2016-12-07,3.339,3.339,3.339,3.339,0.0
2016-12-08,3.373,3.373,3.373,3.373,0.0
2016-12-09,3.322,3.322,3.322,3.322,0.0
2016-12-12,3.31,3.31,3.31,3.31,0.0
2016-12-13,3.281,3.281,3.281,3.281,0.0
2016-12-14,3.229,3.229,3.229,3.229,0.0
2016-12-15,3.242,3.242,3.242,3.242,0.0
2016-12-16,3.256,3.256,3.256,3.256,0.0
2016-12-19,3.264,3.264,3.264,3.264,0.0
2016-12-20,3.238,3.238,3.238,3.238,0.0
2016-12-21,3.239,3.239,3.239,3.239,0.0
2016-12-22,3.203,3.203,3.203,3.203,0.0
2016-12-23,3.198,3.198,3.198,3.198,0.0
2016-12-27,3.216,3.216,3.216,3.216,0.0
2016-12-28,3.226,3.226,3.226,3.226,0.0
2016-12-29,3.236,3.236,3.236,3.236,0.0
2016-12-30,3.239,3.239,3.239,3.239,0.0
2017-01-03,3.228,3.228,3.228,3.228,0.0
2017-01-04,3.226,3.226,3.226,3.226,0.0
2017-01-05,3.241,3.241,3.241,3.241,0.0
2017-01-06,3.21,3.21,3.21,3.21,0.0
2017-01-09,3.186,3.186,3.186,3.186,0.0
2017-01-10,3.192,3.192,3.192,3.192,0.0
2017-01-11,3.141,3.141,3.141,3.141,0.0
2017-01-12,3.112,3.112,3.112,3.112,0.0
2017-01-13,3.052,3.052,3.052,3.052,0.0
2017-01-17,3.054,3.054,3.054,3.054,0.0
2017-01-18,3.047,3.047,3.047,3.047,0.0
2017-01-19,3.0,3.0,3.0,3.0,0.0
2017-01-20,3.005,3.005,3.005,3.005,0.0
2017-01-23,3.007,3.007,3.007,3.007,0.0
2017-01-24,2.997,2.997,2.997,2.997,0.0
2017-01-25,2.985,2.985,2.985,2.985,0.0
2017-01-26,2.992,2.992,2.992,2.992,0.0
2017-01-27,2.979,2.979,2.979,2.979,0.0
2017-01-30,2.986,2.986,2.986,2.986,0.0
2017-01-31,2.988,2.988,2.988,2.988,0.0
2017-02-01,2.973,2.973,2.973,2.973,0.0
2017-02-02,2.976,2.976,2.976,2.976,0.0
2017-02-03,2.959,2.959,2.959,2.959,0.0
2017-02-06,2.949,2.949,2.949,2.949,0.0
2017-02-07,2.965,2.965,2.965,2.965,0.0
2017-02-08,2.971,2.971,2.971,2.971,0.0
2017-02-09,2.964,2.964,2.964,2.964,0.0
2017-02-10,2.944,2.944,2.944,2.944,0.0
2017-02-13,2.912,2.912,2.912,2.912,0.0
2017-02-14,2.903,2.903,2.903,2.903,0.0
2017-02-15,2.905,2.905,2.905,2.905,0.0
2017-02-16,2.919,2.919,2.919,2.919,0.0
2017-02-17,2.92,2.92,2.92,2.92,0.0
2017-02-21,2.911,2.911,2.911,2.911,0.0
2017-02-22,2.914,2.914,2.914,2.914,0.0
2017-02-23,2.915,2.915,2.915,2.915,0.0
2017-02-24,2.888,2.888,2.888,2.888,0.0
2017-02-27,2.889,2.889,2.889,2.889,0.0
2017-02-28,2.899,2.899,2.899,2.899,0.0
2017-03-01,2.911,2.911,2.911,2.911,0.0
2017-03-02,2.906,2.906,2.906,2.906,0.0
2017-03-03,2.919,2.919,2.919,2.919,0.0
2017-03-06,2.941,2.941,2.941,2.941,0.0
2017-03-07,2.923,2.923,2.923,2.923,0.0
2017-03-08,2.911,2.911,2.911,2.911,0.0
2017-03-09,2.904,2.904,2.904,2.904,0.0
2017-03-10,2.891,2.891,2.891,2.891,0.0
2017-03-13,2.891,2.891,2.891,2.891,0.0
2017-03-14,2.896,2.896,2.896,2.896,0.0
2017-03-15,2.916,2.916,2.916,2.916,0.0
2017-03-16,2.937,2.937,2.937,2.937,0.0
2017-03-17,2.95,2.95,2.95,2.95,0.0
2017-03-20,2.953,2.953,2.953,2.953,0.0
2017-03-21,2.966,2.966,2.966,2.966,0.0
2017-03-22,2.968,2.968,2.968,2.968,0.0
2017-03-23,2.963,2.963,2.963,2.963,0.0
2017-03-24,2.931,2.931,2.931,2.931,0.0
2017-03-27,2.921,2.921,2.921,2.921,0.0
2017-03-28,2.912,2.912,2.912,2.912,0.0
2017-03-29,2.92,2.92,2.92,2.92,0.0
2017-03-30,2.924,2.924,2.924,2.924,0.0
2017-03-31,2.918,2.918,2.918,2.918,0.0
2017-04-03,2.925,2.925,2.925,2.925,0.0
2017-04-04,2.938,2.938,2.938,2.938,0.0
2017-04-05,2.957,2.957,2.957,2.957,0.0
2017-04-06,2.942,2.942,2.942,2.942,0.0
2017-04-07,2.956,2.956,2.956,2.956,0.0
2017-04-10,2.965,2.965,2.965,2.965,0.0
2017-04-11,2.996,2.996,2.996,2.996,0.0
2017-04-12,2.997,2.997,2.997,2.997,0.0
2017-04-13,3.018,3.018,3.018,3.018,0.0
2017-04-17,3.012,3.012,3.012,3.012,0.0
2017-04-18,3.042,3.042,3.042,3.042,0.0
2017-04-19,3.052,3.052,3.052,3.052,0.0
2017-04-20,3.086,3.086,3.086,3.086,0.0
2017-04-21,3.09,3.09,3.09,3.09,0.0
2017-04-24,3.057,3.057,3.057,3.057,0.0
2017-04-25,3.052,3.052,3.052,3.052,0.0
2017-04-26,3.043,3.043,3.043,3.043,0.0
2017-04-27,3.029,3.029,3.029,3.029,0.0
2017-04-28,3.045,3.045,3.045,3.045,0.0
2017-05-01,3.02,3.02,3.02,3.02,0.0
2017-05-02,3.021,3.021,3.021,3.021,0.0
2017-05-03,3.04,3.04,3.04,3.04,0.0
2017-05-04,3.083,3.083,3.083,3.083,0.0
2017-05-05,3.083,3.083,3.083,3.083,0.0
2017-05-08,3.074,3.074,3.074,3.074,0.0
2017-05-09,3.077,3.077,3.077,3.077,0.0
2017-05-10,3.078,3.078,3.078,3.078,0.0
2017-05-11,3.112,3.112,3.112,3.112,0.0
2017-05-12,3.116,3.116,3.116,3.116,0.0
2017-05-15,3.105,3.105,3.105,3.105,0.0
2017-05-16,3.122,3.122,3.122,3.122,0.0
2017-05-17,3.118,3.118,3.118,3.118,0.0
2017-05-18,3.105,3.105,3.105,3.105,0.0
2017-05-19,3.095,3.095,3.095,3.095,0.0
2017-05-22,3.097,3.097,3.097,3.097,0.0
2017-05-23,3.164,3.164,3.164,3.164,0.0
2017-05-24,3.146,3.146,3.146,3.146,0.0
2017-05-25,3.125,3.125,3.125,3.125,0.0
2017-05-26,3.11,3.11,3.11,3.11,0.0
2017-05-30,3.087,3.087,3.087,3.087,0.0
2017-05-31,3.083,3.083,3.083,3.083,0.0
2017-06-01,3.085,3.085,3.085,3.085,0.0
2017-06-02,3.076,3.076,3.076,3.076,0.0
2017-06-05,3.046,3.046,3.046,3.046,0.0
2017-06-06,2.993,2.993,2.993,2.993,0.0
2017-06-07,3.004,3.004,3.004,3.004,0.0
2017-06-08,3.022,3.022,3.022,3.022,0.0
2017-06-09,3.019,3.019,3.019,3.019,0.0
2017-06-12,3.021,3.021,3.021,3.021,0.0
2017-06-13,3.023,3.023,3.023,3.023,0.0
2017-06-14,3.012,3.012,3.012,3.012,0.0
2017-06-15,3.04,3.04,3.04,3.04,0.0
2017-06-16,3.029,3.029,3.029,3.029,0.0
2017-06-19,3.052,3.052,3.052,3.052,0.0
2017-06-20,3.09,3.09,3.09,3.09,0.0
2017-06-21,3.101,3.101,3.101,3.101,0.0
2017-06-22,3.095,3.095,3.095,3.095,0.0
2017-06-23,3.089,3.089,3.089,3.089,0.0
2017-06-26,3.064,3.064,3.064,3.064,0.0
2017-06-27,3.064,3.064,3.064,3.064,0.0
2017-06-28,3.054,3.054,3.054,3.054,0.0
2017-06-29,3.054,3.054,3.054,3.054,0.0
2017-06-30,3.067,3.067,3.067,3.067,0.0
2017-07-03,3.066,3.066,3.066,3.066,0.0
2017-07-05,3.036,3.036,3.036,3.036,0.0
2017-07-06,3.003,3.003,3.003,3.003,0.0
2017-07-07,2.998,2.998,2.998,2.998,0.0
2017-07-10,2.985,2.985,2.985,2.985,0.0
2017-07-11,2.983,2.983,2.983,2.983,0.0
2017-07-12,2.969,2.969,2.969,2.969,0.0
2017-07-13,2.982,2.982,2.982,2.982,0.0
2017-07-14,2.985,2.985,2.985,2.985,0.0
2017-07-17,2.984,2.984,2.984,2.984,0.0
2017-07-18,2.99,2.99,2.99,2.99,0.0
2017-07-19,2.975,2.975,2.975,2.975,0.0
2017-07-20,2.956,2.956,2.956,2.956,0.0
2017-07-21,2.95,2.95,2.95,2.95,0.0
2017-07-24,2.919,2.919,2.919,2.919,0.0
2017-07-25,2.906,2.906,2.906,2.906,0.0
2017-07-26,2.894,2.894,2.894,2.894,0.0
2017-07-27,2.895,2.895,2.895,2.895,0.0
2017-07-28,2.909,2.909,2.909,2.909,0.0
2017-07-31,2.89,2.89,2.89,2.89,0.0
2017-08-01,2.912,2.912,2.912,2.912,0.0
2017-08-02,2.921,2.921,2.921,2.921,0.0
2017-08-03,2.944,2.944,2.944,2.944,0.0
2017-08-04,2.954,2.954,2.954,2.954,0.0
2017-08-07,2.953,2.953,2.953,2.953,0.0
2017-08-08,2.94,2.94,2.94,2.94,0.0
2017-08-09,2.934,2.934,2.934,2.934,0.0
2017-08-10,2.931,2.931,2.931,2.931,0.0
2017-08-11,2.935,2.935,2.935,2.935,0.0
2017-08-14,2.931,2.931,2.931,2.931,0.0
2017-08-15,2.929,2.929,2.929,2.929,0.0
2017-08-16,2.919,2.919,2.919,2.919,0.0
2017-08-17,2.92,2.92,2.92,2.92,0.0
2017-08-18,2.92,2.92,2.92,2.92,0.0
2017-08-21,2.91,2.91,2.91,2.91,0.0
2017-08-22,2.902,2.902,2.902,2.902,0.0
2017-08-23,2.905,2.905,2.905,2.905,0.0
2017-08-24,2.858,2.858,2.858,2.858,0.0
2017-08-25,2.845,2.845,2.845,2.845,0.0
2017-08-28,2.858,2.858,2.858,2.858,0.0
2017-08-29,2.858,2.858,2.858,2.858,0.0
2017-08-30,2.846,2.846,2.846,2.846,0.0
2017-08-31,2.852,2.852,2.852,2.852,0.0
2017-09-01,2.853,2.853,2.853,2.853,0.0
2017-09-05,2.849,2.849,2.849,2.849,0.0
2017-09-06,2.81,2.81,2.81,2.81,0.0
2017-09-07,2.847,2.847,2.847,2.847,0.0
2017-09-08,2.851,2.851,2.851,2.851,0.0
2017-09-11,2.862,2.862,2.862,2.862,0.0
2017-09-12,2.858,2.858,2.858,2.858,0.0
2017-09-13,2.844,2.844,2.844,2.844,0.0
2017-09-14,2.846,2.846,2.846,2.846,0.0
2017-09-15,2.851,2.851,2.851,2.851,0.0
2017-09-18,2.866,2.866,2.866,2.866,0.0
2017-09-19,2.852,2.852,2.852,2.852,0.0
2017-09-20,2.842,2.842,2.842,2.842,0.0
2017-09-21,2.833,2.833,2.833,2.833,0.0
2017-09-22,2.847,2.847,2.847,2.847,0.0
2017-09-25,2.83,2.83,2.83,2.83,0.0
2017-09-26,2.84,2.84,2.84,2.84,0.0
2017-09-27,2.851,2.851,2.851,2.851,0.0
2017-09-28,2.85,2.85,2.85,2.85,0.0
2017-09-29,2.847,2.847,2.847,2.847,0.0
2017-10-02,2.86,2.86,2.86,2.86,0.0
2017-10-03,2.875,2.875,2.875,2.875,0.0
2017-10-04,2.873,2.873,2.873,2.873,0.0
2017-10-05,2.882,2.882,2.882,2.882,0.0
2017-10-06,2.874,2.874,2.874,2.874,0.0
2017-10-09,2.884,2.884,2.884,2.884,0.0
2017-10-10,2.874,2.874,2.874,2.874,0.0
2017-10-11,2.88,2.88,2.88,2.88,0.0
2017-10-12,2.924,2.924,2.924,2.924,0.0
2017-10-13,2.918,2.918,2.918,2.918,0.0
2017-10-16,2.948,2.948,2.948,2.948,0.0
2017-10-17,2.984,2.984,2.984,2.984,0.0
2017-10-18,2.989,2.989,2.989,2.989,0.0
2017-10-19,3.011,3.011,3.011,3.011,0.0
2017-10-20,3.049,3.049,3.049,3.049,0.0
2017-10-23,3.029,3.029,3.029,3.029,0.0
2017-10-24,3.028,3.028,3.028,3.028,0.0
2017-10-25,3.029,3.029,3.029,3.029,0.0
2017-10-26,3.022,3.022,3.022,3.022,0.0
2017-10-27,3.002,3.002,3.002,3.002,0.0
2017-10-30,3.03,3.03,3.03,3.03,0.0
2017-10-31,3.028,3.028,3.028,3.028,0.0
2017-11-01,3.038,3.038,3.038,3.038,0.0
2017-11-02,3.02,3.02,3.02,3.02,0.0
2017-11-03,3.015,3.015,3.015,3.015,0.0
2017-11-06,3.01,3.01,3.01,3.01,0.0
2017-11-07,3.009,3.009,3.009,3.009,0.0
2017-11-08,3.007,3.007,3.007,3.007,0.0
2017-11-09,3.01,3.01,3.01,3.01,0.0
2017-11-10,2.99,2.99,2.99,2.99,0.0
2017-11-13,2.972,2.972,2.972,2.972,0.0
2017-11-14,2.974,2.974,2.974,2.974,0.0
2017-11-15,2.964,2.964,2.964,2.964,0.0
2017-11-16,2.968,2.968,2.968,2.968,0.0
2017-11-17,2.966,2.966,2.966,2.966,0.0
2017-11-20,2.959,2.959,2.959,2.959,0.0
2017-11-21,2.957,2.957,2.957,2.957,0.0
2017-11-22,2.944,2.944,2.944,2.944,0.0
2017-11-24,2.945,2.945,2.945,2.945,0.0
2017-11-27,2.947,2.947,2.947,2.947,0.0
2017-11-28,2.952,2.952,2.952,2.952,0.0
2017-11-29,2.953,2.953,2.953,2.953,0.0
2017-11-30,2.949,2.949,2.949,2.949,0.0
2017-12-01,2.931,2.931,2.931,2.931,0.0
2017-12-04,2.907,2.907,2.907,2.907,0.0
2017-12-05,2.901,2.901,2.901,2.901,0.0
2017-12-06,2.883,2.883,2.883,2.883,0.0
2017-12-07,2.889,2.889,2.889,2.889,0.0
2017-12-08,2.886,2.886,2.886,2.886,0.0
2017-12-11,2.879,2.879,2.879,2.879,0.0
2017-12-12,2.889,2.889,2.889,2.889,0.0
2017-12-13,2.907,2.907,2.907,2.907,0.0
2017-12-14,2.906,2.906,2.906,2.906,0.0
2017-12-15,2.914,2.914,2.914,2.914,0.0
2017-12-18,2.937,2.937,2.937,2.937,0.0
2017-12-19,2.939,2.939,2.939,2.939,0.0
2017-12-20,2.925,2.925,2.925,2.925,0.0
2017-12-21,2.942,2.942,2.942,2.942,0.0
2017-12-22,2.965,2.965,2.965,2.965,0.0
2017-12-26,2.966,2.966,2.966,2.966,0.0
2017-12-27,2.947,2.947,2.947,2.947,0.0
2017-12-28,2.927,2.927,2.927,2.927,0.0
2017-12-29,2.931,2.931,2.931,2.931,0.0
2018-01-02,2.924,2.924,2.924,2.924,0.0
2018-01-03,2.925,2.925,2.925,2.925,0.0
2018-01-04,2.957,2.957,2.957,2.957,0.0
2018-01-05,2.943,2.943,2.943,2.943,0.0
2018-01-08,2.938,2.938,2.938,2.938,0.0
2018-01-09,2.923,2.923,2.923,2.923,0.0
2018-01-10,2.929,2.929,2.929,2.929,0.0
2018-01-11,2.935,2.935,2.935,2.935,0.0
2018-01-12,2.922,2.922,2.922,2.922,0.0
2018-01-16,2.885,2.885,2.885,2.885,0.0
2018-01-17,2.879,2.879,2.879,2.879,0.0
2018-01-18,2.877,2.877,2.877,2.877,0.0
2018-01-19,2.887,2.887,2.887,2.887,0.0
2018-01-22,2.906,2.906,2.906,2.906,0.0
2018-01-23,2.918,2.918,2.918,2.918,0.0
2018-01-24,2.933,2.933,2.933,2.933,0.0
2018-01-25,2.969,2.969,2.969,2.969,0.0
2018-01-26,2.94,2.94,2.94,2.94,0.0
2018-01-29,2.942,2.942,2.942,2.942,0.0
2018-01-30,2.948,2.948,2.948,2.948,0.0
2018-01-31,2.922,2.922,2.922,2.922,0.0
2018-02-01,2.931,2.931,2.931,2.931,0.0
2018-02-02,2.944,2.944,2.944,2.944,0.0
2018-02-05,2.966,2.966,2.966,2.966,0.0
2018-02-06,2.96,2.96,2.96,2.96,0.0
2018-02-07,2.928,2.928,2.928,2.928,0.0
2018-02-08,2.936,2.936,2.936,2.936,0.0
2018-02-09,2.91,2.91,2.91,2.91,0.0
2018-02-12,2.895,2.895,2.895,2.895,0.0
2018-02-13,2.904,2.904,2.904,2.904,0.0
2018-02-14,2.907,2.907,2.907,2.907,0.0
2018-02-15,2.897,2.897,2.897,2.897,0.0
2018-02-16,2.913,2.913,2.913,2.913,0.0
2018-02-20,2.913,2.913,2.913,2.913,0.0
2018-02-21,2.931,2.931,2.931,2.931,0.0
2018-02-22,2.938,2.938,2.938,2.938,0.0
2018-02-23,2.93,2.93,2.93,2.93,0.0
2018-02-26,2.931,2.931,2.931,2.931,0.0
2018-02-27,2.936,2.936,2.936,2.936,0.0
2018-02-28,2.911,2.911,2.911,2.911,0.0
2018-03-01,2.926,2.926,2.926,2.926,0.0
2018-03-02,2.943,2.943,2.943,2.943,0.0
2018-03-05,2.961,2.961,2.961,2.961,0.0
2018-03-06,2.974,2.974,2.974,2.974,0.0
2018-03-07,2.966,2.966,2.966,2.966,0.0
2018-03-08,2.923,2.923,2.923,2.923,0.0
2018-03-09,2.887,2.887,2.887,2.887,0.0
2018-03-12,2.887,2.887,2.887,2.887,0.0
2018-03-13,2.898,2.898,2.898,2.898,0.0
2018-03-14,2.918,2.918,2.918,2.918,0.0
2018-03-15,2.952,2.952,2.952,2.952,0.0
2018-03-16,2.963,2.963,2.963,2.963,0.0
2018-03-19,2.953,2.953,2.953,2.953,0.0
2018-03-20,2.958,2.958,2.958,2.958,0.0
2018-03-21,2.966,2.966,2.966,2.966,0.0
2018-03-22,2.954,2.954,2.954,2.954,0.0
2018-03-23,2.904,2.904,2.904,2.904,0.0
2018-03-26,2.932,2.932,2.932,2.932,0.0
2018-03-27,2.944,2.944,2.944,2.944,0.0
2018-03-28,2.95,2.95,2.95,2.95,0.0
2018-03-29,2.987,2.987,2.987,2.987,0.0
2018-04-02,2.969,2.969,2.969,2.969,0.0
2018-04-03,2.952,2.952,2.952,2.952,0.0
2018-04-04,2.926,2.926,2.926,2.926,0.0
2018-04-05,2.942,2.942,2.942,2.942,0.0
2018-04-06,2.936,2.936,2.936,2.936,0.0
2018-04-09,2.928,2.928,2.928,2.928,0.0
2018-04-10,2.937,2.937,2.937,2.937,0.0
2018-04-11,2.958,2.958,2.958,2.958,0.0
2018-04-12,2.967,2.967,2.967,2.967,0.0
2018-04-13,2.96,2.96,2.96,2.96,0.0
2018-04-16,2.962,2.962,2.962,2.962,0.0
2018-04-17,2.952,2.952,2.952,2.952,0.0
2018-04-18,2.942,2.942,2.942,2.942,0.0
2018-04-19,2.935,2.935,2.935,2.935,0.0
2018-04-20,2.943,2.943,2.943,2.943,0.0
2018-04-23,2.944,2.944,2.944,2.944,0.0
2018-04-24,2.937,2.937,2.937,2.937,0.0
2018-04-25,2.932,2.932,2.932,2.932,0.0
2018-04-26,2.927,2.927,2.927,2.927,0.0
2018-04-27,2.929,2.929,2.929,2.929,0.0
2018-04-30,2.921,2.921,2.921,2.921,0.0
2018-05-01,2.901,2.901,2.901,2.901,0.0
2018-05-02,2.907,2.907,2.907,2.907,0.0
2018-05-03,2.909,2.909,2.909,2.909,0.0
2018-05-04,2.907,2.907,2.907,2.907,0.0
2018-05-07,2.905,2.905,2.905,2.905,0.0
2018-05-08,2.86,2.86,2.86,2.86,0.0
2018-05-09,2.846,2.846,2.846,2.846,0.0
2018-05-10,2.842,2.842,2.842,2.842,0.0
2018-05-11,2.845,2.845,2.845,2.845,0.0
2018-05-14,2.844,2.844,2.844,2.844,0.0
2018-05-15,2.862,2.862,2.862,2.862,0.0
2018-05-16,2.852,2.852,2.852,2.852,0.0
2018-05-17,2.859,2.859,2.859,2.859,0.0
2018-05-18,2.874,2.874,2.874,2.874,0.0
2018-05-21,2.869,2.869,2.869,2.869,0.0
2018-05-22,2.866,2.866,2.866,2.866,0.0
2018-05-23,2.843,2.843,2.843,2.843,0.0
2018-05-24,2.837,2.837,2.837,2.837,0.0
2018-05-25,2.809,2.809,2.809,2.809,0.0
2018-05-29,2.786,2.786,2.786,2.786,0.0
2018-05-30,2.797,2.797,2.797,2.797,0.0
2018-05-31,2.755,2.755,2.755,2.755,0.0
2018-06-01,2.745,2.745,2.745,2.745,0.0
2018-06-04,2.761,2.761,2.761,2.761,0.0
2018-06-05,2.771,2.771,2.771,2.771,0.0
2018-06-06,2.781,2.781,2.781,2.781,0.0
2018-06-07,2.776,2.776,2.776,2.776,0.0
2018-06-08,2.778,2.778,2.778,2.778,0.0
2018-06-11,2.762,2.762,2.762,2.762,0.0
2018-06-12,2.776,2.776,2.776,2.776,0.0
2018-06-13,2.801,2.801,2.801,2.801,0.0
2018-06-14,2.81,2.81,2.81,2.81,0.0
2018-06-15,2.815,2.815,2.815,2.815,0.0
2018-06-18,2.839,2.839,2.839,2.839,0.0
2018-06-19,2.837,2.837,2.837,2.837,0.0
2018-06-20,2.836,2.836,2.836,2.836,0.0
2018-06-21,2.816,2.816,2.816,2.816,0.0
2018-06-22,2.818,2.818,2.818,2.818,0.0
2018-06-25,2.814,2.814,2.814,2.814,0.0
2018-06-26,2.811,2.811,2.811,2.811,0.0
2018-06-27,2.814,2.814,2.814,2.814,0.0
2018-06-28,2.802,2.802,2.802,2.802,0.0
2018-06-29,2.799,2.799,2.799,2.799,0.0
2018-07-02,2.79,2.79,2.79,2.79,0.0
2018-07-03,2.784,2.784,2.784,2.784,0.0
2018-07-05,2.786,2.786,2.786,2.786,0.0
2018-07-06,2.785,2.785,2.785,2.785,0.0
2018-07-09,2.776,2.776,2.776,2.776,0.0
2018-07-10,2.776,2.776,2.776,2.776,0.0
2018-07-11,2.754,2.754,2.754,2.754,0.0
2018-07-12,2.751,2.751,2.751,2.751,0.0
2018-07-13,2.746,2.746,2.746,2.746,0.0
2018-07-16,2.713,2.713,2.713,2.713,0.0
2018-07-17,2.703,2.703,2.703,2.703,0.0
2018-07-18,2.701,2.701,2.701,2.701,0.0
2018-07-19,2.699,2.699,2.699,2.699,0.0
2018-07-20,2.705,2.705,2.705,2.705,0.0
2018-07-23,2.714,2.714,2.714,2.714,0.0
2018-07-24,2.721,2.721,2.721,2.721,0.0
2018-07-25,2.745,2.745,2.745,2.745,0.0
2018-07-26,2.741,2.741,2.741,2.741,0.0
2018-07-27,2.761,2.761,2.761,2.761,0.0
2018-07-30,2.765,2.765,2.765,2.765,0.0
2018-07-31,2.768,2.768,2.768,2.768,0.0
2018-08-01,2.738,2.738,2.738,2.738,0.0
2018-08-02,2.742,2.742,2.742,2.742,0.0
2018-08-03,2.742,2.742,2.742,2.742,0.0
2018-08-06,2.733,2.733,2.733,2.733,0.0
2018-08-07,2.755,2.755,2.755,2.755,0.0
2018-08-08,2.768,2.768,2.768,2.768,0.0
2018-08-09,2.765,2.765,2.765,2.765,0.0
2018-08-10,2.771,2.771,2.771,2.771,0.0
2018-08-13,2.772,2.772,2.772,2.772,0.0
2018-08-14,2.771,2.771,2.771,2.771,0.0
2018-08-15,2.772,2.772,2.772,2.772,0.0
2018-08-16,2.762,2.762,2.762,2.762,0.0
2018-08-17,2.764,2.764,2.764,2.764,0.0
2018-08-20,2.763,2.763,2.763,2.763,0.0
2018-08-21,2.779,2.779,2.779,2.779,0.0
2018-08-22,2.766,2.766,2.766,2.766,0.0
2018-08-23,2.763,2.763,2.763,2.763,0.0
2018-08-24,2.754,2.754,2.754,2.754,0.0
2018-08-27,2.723,2.723,2.723,2.723,0.0
2018-08-28,2.699,2.699,2.699,2.699,0.0
2018-08-29,2.703,2.703,2.703,2.703,0.0
2018-08-30,2.684,2.684,2.684,2.684,0.0
2018-08-31,2.698,2.698,2.698,2.698,0.0
2018-09-04,2.68,2.68,2.68,2.68,0.0
2018-09-05,2.685,2.685,2.685,2.685,0.0
2018-09-06,2.704,2.704,2.704,2.704,0.0
2018-09-07,2.703,2.703,2.703,2.703,0.0
2018-09-10,2.711,2.711,2.711,2.711,0.0
2018-09-11,2.708,2.708,2.708,2.708,0.0
2018-09-12,2.718,2.718,2.718,2.718,0.0
2018-09-13,2.734,2.734,2.734,2.734,0.0
2018-09-14,2.738,2.738,2.738,2.738,0.0
2018-09-17,2.742,2.742,2.742,2.742,0.0
2018-09-18,2.743,2.743,2.743,2.743,0.0
2018-09-19,2.739,2.739,2.739,2.739,0.0
2018-09-20,2.743,2.743,2.743,2.743,0.0
2018-09-21,2.741,2.741,2.741,2.741,0.0
2018-09-24,2.739,2.739,2.739,2.739,0.0
2018-09-25,2.741,2.741,2.741,2.741,0.0
2018-09-26,2.75,2.75,2.75,2.75,0.0
2018-09-27,2.751,2.751,2.751,2.751,0.0
2018-09-28,2.752,2.752,2.752,2.752,0.0
2018-10-01,2.757,2.757,2.757,2.757,0.0
2018-10-02,2.755,2.755,2.755,2.755,0.0
2018-10-03,2.754,2.754,2.754,2.754,0.0
2018-10-04,2.755,2.755,2.755,2.755,0.0
2018-10-05,2.758,2.758,2.758,2.758,0.0
2018-10-08,2.763,2.763,2.763,2.763,0.0
2018-10-09,2.758,2.758,2.758,2.758,0.0
2018-10-10,2.754,2.754,2.754,2.754,0.0
2018-10-11,2.779,2.779,2.779,2.779,0.0
2018-10-12,2.788,2.788,2.788,2.788,0.0
2018-10-15,2.787,2.787,2.787,2.787,0.0
2018-10-16,2.791,2.791,2.791,2.791,0.0
2018-10-17,2.786,2.786,2.786,2.786,0.0
2018-10-18,2.785,2.785,2.785,2.785,0.0
2018-10-19,2.782,2.782,2.782,2.782,0.0
2018-10-22,2.783,2.783,2.783,2.783,0.0
2018-10-23,2.782,2.782,2.782,2.782,0.0
2018-10-24,2.779,2.779,2.779,2.779,0.0
2018-10-25,2.769,2.769,2.769,2.769,0.0
2018-10-26,2.771,2.771,2.771,2.771,0.0
2018-10-29,2.772,2.772,2.772,2.772,0.0
2018-10-30,2.79,2.79,2.79,2.79,0.0
2018-10-31,2.789,2.789,2.789,2.789,0.0
2018-11-01,2.794,2.794,2.794,2.794,0.0
2018-11-02,2.801,2.801,2.801,2.801,0.0
2018-11-05,2.815,2.815,2.815,2.815,0.0
2018-11-06,2.831,2.831,2.831,2.831,0.0
2018-11-07,2.829,2.829,2.829,2.829,0.0
2018-11-08,2.83,2.83,2.83,2.83,0.0
2018-11-09,2.833,2.833,2.833,2.833,0.0
2018-11-12,2.856,2.856,2.856,2.856,0.0
2018-11-13,2.835,2.835,2.835,2.835,0.0
2018-11-14,2.819,2.819,2.819,2.819,0.0
2018-11-15,2.834,2.834,2.834,2.834,0.0
2018-11-16,2.805,2.805,2.805,2.805,0.0
2018-11-19,2.792,2.792,2.792,2.792,0.0
2018-11-20,2.79,2.79,2.79,2.79,0.0
2018-11-21,2.788,2.788,2.788,2.788,0.0
2018-11-23,2.813,2.813,2.813,2.813,0.0
2018-11-26,2.806,2.806,2.806,2.806,0.0
2018-11-27,2.802,2.802,2.802,2.802,0.0
2018-11-28,2.803,2.803,2.803,2.803,0.0
2018-11-29,2.842,2.842,2.842,2.842,0.0
2018-11-30,2.872,2.872,2.872,2.872,0.0
2018-12-03,2.844,2.844,2.844,2.844,0.0
2018-12-04,2.83,2.83,2.83,2.83,0.0
2018-12-05,2.821,2.821,2.821,2.821,0.0
2018-12-06,2.832,2.832,2.832,2.832,0.0
2018-12-07,2.839,2.839,2.839,2.839,0.0
2018-12-10,2.84,2.84,2.84,2.84,0.0
2018-12-11,2.815,2.815,2.815,2.815,0.0
2018-12-12,2.817,2.817,2.817,2.817,0.0
2018-12-13,2.785,2.785,2.785,2.785,0.0
2018-12-14,2.795,2.795,2.795,2.795,0.0
2018-12-17,2.794,2.794,2.794,2.794,0.0
2018-12-18,2.793,2.793,2.793,2.793,0.0
2018-12-19,2.816,2.816,2.816,2.816,0.0
2018-12-20,2.831,2.831,2.831,2.831,0.0
2018-12-21,2.834,2.834,2.834,2.834,0.0
2018-12-24,2.833,2.833,2.833,2.833,0.0
2018-12-26,2.83,2.83,2.83,2.83,0.0
2018-12-27,2.828,2.828,2.828,2.828,0.0
2018-12-28,2.825,2.825,2.825,2.825,0.0
2018-12-31,2.832,2.832,2.832,2.832,0.0
2019-01-02,2.832,2.832,2.832,2.832,0.0
2019-01-03,2.821,2.821,2.821,2.821,0.0
2019-01-04,2.829,2.829,2.829,2.829,0.0
2019-01-07,2.831,2.831,2.831,2.831,0.0
2019-01-08,2.83,2.83,2.83,2.83,0.0
2019-01-09,2.83,2.83,2.83,2.83,0.0
2019-01-10,2.827,2.827,2.827,2.827,0.0
2019-01-11,2.836,2.836,2.836,2.836,0.0
2019-01-14,2.835,2.835,2.835,2.835,0.0
2019-01-15,2.827,2.827,2.827,2.827,0.0
2019-01-16,2.796,2.796,2.796,2.796,0.0
2019-01-17,2.794,2.794,2.794,2.794,0.0
2019-01-18,2.807,2.807,2.807,2.807,0.0
2019-01-22,2.82,2.82,2.82,2.82,0.0
2019-01-23,2.798,2.798,2.798,2.798,0.0
2019-01-24,2.779,2.779,2.779,2.779,0.0
2019-01-25,2.824,2.824,2.824,2.824,0.0
2019-01-28,2.808,2.808,2.808,2.808,0.0
2019-01-29,2.811,2.811,2.811,2.811,0.0
2019-01-30,2.813,2.813,2.813,2.813,0.0
2019-01-31,2.814,2.814,2.814,2.814,0.0
2019-02-01,2.815,2.815,2.815,2.815,0.0
2019-02-04,2.802,2.802,2.802,2.802,0.0
2019-02-05,2.848,2.848,2.848,2.848,0.0
2019-02-06,2.845,2.845,2.845,2.845,0.0
2019-02-07,2.841,2.841,2.841,2.841,0.0
2019-02-08,2.843,2.843,2.843,2.843,0.0
2019-02-11,2.848,2.848,2.848,2.848,0.0
2019-02-12,2.856,2.856,2.856,2.856,0.0
2019-02-13,2.857,2.857,2.857,2.857,0.0
2019-02-14,2.861,2.861,2.861,2.861,0.0
2019-02-15,2.841,2.841,2.841,2.841,0.0
2019-02-19,2.832,2.832,2.832,2.832,0.0
2019-02-20,2.844,2.844,2.844,2.844,0.0
2019-02-21,2.833,2.833,2.833,2.833,0.0
2019-02-22,2.83,2.83,2.83,2.83,0.0
2019-02-25,2.823,2.823,2.823,2.823,0.0
2019-02-26,2.805,2.805,2.805,2.805,0.0
2019-02-27,2.841,2.841,2.841,2.841,0.0
2019-02-28,2.852,2.852,2.852,2.852,0.0
2019-03-01,2.851,2.851,2.851,2.851,0.0
2019-03-04,2.847,2.847,2.847,2.847,0.0
2019-03-05,2.845,2.845,2.845,2.845,0.0
2019-03-06,2.848,2.848,2.848,2.848,0.0
2019-03-07,2.853,2.853,2.853,2.853,0.0
2019-03-08,2.853,2.853,2.853,2.853,0.0
2019-03-11,2.88,2.88,2.88,2.88,0.0
2019-03-12,2.895,2.895,2.895,2.895,0.0
2019-03-13,2.904,2.904,2.904,2.904,0.0
2019-03-14,2.912,2.912,2.912,2.912,0.0
2019-03-15,2.913,2.913,2.913,2.913,0.0
2019-03-18,2.913,2.913,2.913,2.913,0.0
2019-03-19,2.914,2.914,2.914,2.914,0.0
2019-03-20,2.912,2.912,2.912,2.912,0.0
2019-03-21,2.922,2.922,2.922,2.922,0.0
2019-03-22,2.912,2.912,2.912,2.912,0.0
2019-03-25,2.911,2.911,2.911,2.911,0.0
2019-03-26,2.913,2.913,2.913,2.913,0.0
2019-03-27,2.904,2.904,2.904,2.904,0.0
2019-03-28,2.907,2.907,2.907,2.907,0.0
2019-03-29,2.906,2.906,2.906,2.906,0.0
2019-04-01,2.905,2.905,2.905,2.905,0.0
2019-04-02,2.912,2.912,2.912,2.912,0.0
2019-04-03,2.896,2.896,2.896,2.896,0.0
2019-04-04,2.904,2.904,2.904,2.904,0.0
2019-04-05,2.9,2.9,2.9,2.9,0.0
2019-04-08,2.903,2.903,2.903,2.903,0.0
2019-04-09,2.91,2.91,2.91,2.91,0.0
2019-04-10,2.888,2.888,2.888,2.888,0.0
2019-04-11,2.886,2.886,2.886,2.886,0.0
2019-04-12,2.886,2.886,2.886,2.886,0.0
2019-04-15,2.886,2.886,2.886,2.886,0.0
2019-04-16,2.887,2.887,2.887,2.887,0.0
2019-04-17,2.877,2.877,2.877,2.877,0.0
2019-04-18,2.862,2.862,2.862,2.862,0.0
2019-04-22,2.85,2.85,2.85,2.85,0.0
2019-04-23,2.845,2.845,2.845,2.845,0.0
2019-04-24,2.855,2.855,2.855,2.855,0.0
2019-04-25,2.865,2.865,2.865,2.865,0.0
2019-04-26,2.862,2.862,2.862,2.862,0.0
2019-04-29,2.869,2.869,2.869,2.869,0.0
2019-04-30,2.874,2.874,2.874,2.874,0.0
2019-05-01,2.876,2.876,2.876,2.876,0.0
2019-05-02,2.873,2.873,2.873,2.873,0.0
2019-05-03,2.873,2.873,2.873,2.873,0.0
2019-05-06,2.876,2.876,2.876,2.876,0.0
2019-05-07,2.876,2.876,2.876,2.876,0.0
2019-05-08,2.87,2.87,2.87,2.87,0.0
2019-05-09,2.877,2.877,2.877,2.877,0.0
2019-05-10,2.868,2.868,2.868,2.868,0.0
2019-05-13,2.871,2.871,2.871,2.871,0.0
2019-05-14,2.882,2.882,2.882,2.882,0.0
2019-05-15,2.883,2.883,2.883,2.883,0.0
2019-05-16,2.879,2.879,2.879,2.879,0.0
2019-05-17,2.883,2.883,2.883,2.883,0.0
2019-05-20,2.888,2.888,2.888,2.888,0.0
2019-05-21,2.891,2.891,2.891,2.891,0.0
2019-05-22,2.857,2.857,2.857,2.857,0.0
2019-05-23,2.869,2.869,2.869,2.869,0.0
2019-05-24,2.879,2.879,2.879,2.879,0.0
2019-05-28,2.887,2.887,2.887,2.887,0.0
2019-05-29,2.868,2.868,2.868,2.868,0.0
2019-05-30,2.866,2.866,2.866,2.866,0.0
2019-05-31,2.864,2.864,2.864,2.864,0.0
2019-06-03,2.852,2.852,2.852,2.852,0.0
2019-06-04,2.857,2.857,2.857,2.857,0.0
2019-06-05,2.845,2.845,2.845,2.845,0.0
2019-06-06,2.861,2.861,2.861,2.861,0.0
2019-06-07,2.862,2.862,2.862,2.862,0.0
2019-06-10,2.851,2.851,2.851,2.851,0.0
2019-06-11,2.851,2.851,2.851,2.851,0.0
2019-06-12,2.848,2.848,2.848,2.848,0.0
2019-06-13,2.849,2.849,2.849,2.849,0.0
2019-06-14,2.854,2.854,2.854,2.854,0.0
2019-06-17,2.857,2.857,2.857,2.857,0.0
2019-06-18,2.84,2.84,2.84,2.84,0.0
2019-06-19,2.841,2.841,2.841,2.841,0.0
2019-06-20,2.845,2.845,2.845,2.845,0.0
2019-06-21,2.86,2.86,2.86,2.86,0.0
2019-06-24,2.86,2.86,2.86,2.86,0.0
2019-06-25,2.859,2.859,2.859,2.859,0.0
2019-06-26,2.851,2.851,2.851,2.851,0.0
2019-06-27,2.847,2.847,2.847,2.847,0.0
2019-06-28,2.819,2.819,2.819,2.819,0.0
2019-07-01,2.812,2.812,2.812,2.812,0.0
2019-07-02,2.808,2.808,2.808,2.808,0.0
2019-07-03,2.8,2.8,2.8,2.8,0.0
2019-07-05,2.826,2.826,2.826,2.826,0.0
2019-07-08,2.822,2.822,2.822,2.822,0.0
2019-07-09,2.835,2.835,2.835,2.835,0.0
2019-07-10,2.827,2.827,2.827,2.827,0.0
2019-07-11,2.835,2.835,2.835,2.835,0.0
2019-07-12,2.843,2.843,2.843,2.843,0.0
2019-07-15,2.848,2.848,2.848,2.848,0.0
2019-07-16,2.824,2.824,2.824,2.824,0.0
2019-07-17,2.821,2.821,2.821,2.821,0.0
2019-07-18,2.84,2.84,2.84,2.84,0.0
2019-07-19,2.833,2.833,2.833,2.833,0.0
2019-07-22,2.797,2.797,2.797,2.797,0.0
2019-07-23,2.804,2.804,2.804,2.804,0.0
2019-07-24,2.797,2.797,2.797,2.797,0.0
2019-07-25,2.798,2.798,2.798,2.798,0.0
2019-07-26,2.784,2.784,2.784,2.784,0.0
2019-07-29,2.773,2.773,2.773,2.773,0.0
2019-07-30,2.776,2.776,2.776,2.776,0.0
2019-07-31,2.782,2.782,2.782,2.782,0.0
2019-08-01,2.785,2.785,2.785,2.785,0.0
2019-08-02,2.772,2.772,2.772,2.772,0.0
2019-08-05,2.77,2.77,2.77,2.77,0.0
2019-08-06,2.771,2.771,2.771,2.771,0.0
2019-08-07,2.776,2.776,2.776,2.776,0.0
2019-08-08,2.76,2.76,2.76,2.76,0.0
2019-08-09,2.736,2.736,2.736,2.736,0.0
2019-08-12,2.725,2.725,2.725,2.725,0.0
2019-08-13,2.706,2.706,2.706,2.706,0.0
2019-08-14,2.684,2.684,2.684,2.684,0.0
2019-08-15,2.684,2.684,2.684,2.684,0.0
2019-08-16,2.656,2.656,2.656,2.656,0.0
2019-08-19,2.658,2.658,2.658,2.658,0.0
2019-08-20,2.655,2.655,2.655,2.655,0.0
2019-08-21,2.656,2.656,2.656,2.656,0.0
2019-08-22,2.645,2.645,2.645,2.645,0.0
2019-08-23,2.675,2.675,2.675,2.675,0.0
2019-08-26,2.682,2.682,2.682,2.682,0.0
2019-08-27,2.697,2.697,2.697,2.697,0.0
2019-08-28,2.716,2.716,2.716,2.716,0.0
2019-08-29,2.718,2.718,2.718,2.718,0.0
2019-08-30,2.68,2.68,2.68,2.68,0.0
2019-09-03,2.682,2.69,2.682,2.69,11.0
2019-09-04,2.661,2.661,2.661,2.661,0.0
2019-09-05,2.668,2.668,2.668,2.668,0.0
2019-09-06,2.655,2.655,2.655,2.655,0.0
2019-09-09,2.619,2.619,2.619,2.619,0.0
2019-09-10,2.623,2.623,2.623,2.623,0.0
2019-09-11,2.637,2.637,2.637,2.637,0.0
2019-09-12,2.642,2.642,2.642,2.642,0.0
2019-09-13,2.622,2.622,2.622,2.622,0.0
2019-09-16,2.652,2.652,2.652,2.652,0.0
2019-09-17,2.62,2.62,2.62,2.62,0.0
2019-09-18,2.633,2.633,2.633,2.633,0.0
2019-09-19,2.627,2.627,2.627,2.627,0.0
2019-09-20,2.638,2.638,2.638,2.638,0.0
2019-09-23,2.635,2.635,2.635,2.635,0.0
2019-09-24,2.619,2.619,2.619,2.619,0.0
2019-09-25,2.618,2.618,2.618,2.618,0.0
2019-09-26,2.619,2.619,2.619,2.619,0.0
2019-09-27,2.608,2.608,2.608,2.608,0.0
2019-09-30,2.655,2.655,2.655,2.655,0.0
2019-10-01,2.604,2.604,2.604,2.604,0.0
2019-10-02,2.622,2.622,2.622,2.622,0.0
2019-10-03,2.607,2.607,2.607,2.607,0.0
2019-10-04,2.597,2.597,2.597,2.597,0.0
2019-10-07,2.601,2.601,2.601,2.601,0.0
2019-10-08,2.577,2.577,2.577,2.577,0.0
2019-10-09,2.588,2.588,2.588,2.588,0.0
2019-10-10,2.589,2.589,2.589,2.589,0.0
2019-10-11,2.6,2.6,2.6,2.6,0.0
2019-10-14,2.615,2.615,2.615,2.615,0.0
2019-10-15,2.621,2.621,2.621,2.621,0.0
2019-10-16,2.622,2.623,2.622,2.623,1.0
2019-10-17,2.62,2.62,2.62,2.62,0.0
2019-10-18,2.615,2.615,2.615,2.615,0.0
2019-10-21,2.61,2.61,2.61,2.61,0.0
2019-10-22,2.614,2.614,2.614,2.614,0.0
2019-10-23,2.608,2.608,2.608,2.608,0.0
2019-10-24,2.612,2.612,2.612,2.612,0.0
2019-10-25,2.61,2.61,2.61,2.61,0.0
2019-10-28,2.619,2.619,2.619,2.619,0.0
2019-10-29,2.635,2.635,2.635,2.635,0.0
2019-10-30,2.642,2.642,2.642,2.642,0.0
2019-10-31,2.64,2.64,2.64,2.64,0.0
2019-11-01,2.649,2.649,2.649,2.649,0.0
2019-11-04,2.61,2.61,2.61,2.61,0.0
2019-11-05,2.599,2.599,2.599,2.599,0.0
2019-11-06,2.59,2.596,2.59,2.596,1.0
2019-11-07,2.573,2.573,2.573,2.573,0.0
2019-11-08,2.58,2.58,2.58,2.58,0.0
2019-11-11,2.571,2.571,2.571,2.571,0.0
2019-11-12,2.551,2.551,2.551,2.551,0.0
2019-11-13,2.532,2.532,2.532,2.532,0.0
2019-11-14,2.534,2.534,2.534,2.534,0.0
2019-11-15,2.532,2.532,2.532,2.532,0.0
2019-11-18,2.536,2.536,2.536,2.536,0.0
2019-11-19,2.538,2.538,2.538,2.538,0.0
2019-11-20,2.547,2.547,2.547,2.547,0.0
2019-11-21,2.554,2.554,2.554,2.554,0.0
2019-11-22,2.554,2.554,2.554,2.554,0.0
2019-11-25,2.541,2.541,2.541,2.541,0.0
2019-11-26,2.535,2.535,2.535,2.535,0.0
2019-11-27,2.539,2.539,2.539,2.539,0.0
2019-11-29,2.497,2.497,2.497,2.497,0.0
2019-12-02,2.523,2.523,2.523,2.523,0.0
2019-12-03,2.532,2.532,2.532,2.532,0.0
2019-12-04,2.531,2.531,2.531,2.531,0.0
2019-12-05,2.523,2.523,2.523,2.523,0.0
2019-12-06,2.496,2.496,2.496,2.496,0.0
2019-12-09,2.485,2.485,2.485,2.485,0.0
2019-12-10,2.494,2.494,2.494,2.494,0.0
2019-12-11,2.491,2.491,2.491,2.491,0.0
2019-12-12,2.496,2.496,2.496,2.496,0.0
2019-12-13,2.479,2.479,2.479,2.479,0.0
2019-12-16,2.488,2.488,2.488,2.488,0.0
2019-12-17,2.49,2.49,2.49,2.49,0.0
2019-12-18,2.461,2.461,2.461,2.461,0.0
2019-12-19,2.451,2.451,2.451,2.451,0.0
2019-12-20,2.442,2.442,2.442,2.442,0.0
2019-12-23,2.449,2.449,2.449,2.449,0.0
2019-12-24,2.447,2.447,2.447,2.447,0.0
2019-12-26,2.435,2.435,2.435,2.435,0.0
2019-12-27,2.433,2.433,2.433,2.433,0.0
2019-12-30,2.43,2.43,2.43,2.43,0.0
2019-12-31,2.439,2.439,2.439,2.439,0.0
2020-01-02,2.434,2.434,2.434,2.434,0.0
2020-01-03,2.434,2.434,2.434,2.434,0.0
2020-01-06,2.438,2.438,2.438,2.438,0.0
2020-01-07,2.445,2.445,2.445,2.445,0.0
2020-01-08,2.448,2.448,2.448,2.448,0.0
2020-01-09,2.459,2.459,2.459,2.459,0.0
2020-01-10,2.461,2.461,2.461,2.461,0.0
2020-01-13,2.461,2.461,2.461,2.461,0.0
2020-01-14,2.46,2.46,2.46,2.46,0.0
2020-01-15,2.459,2.459,2.459,2.459,0.0
2020-01-16,2.466,2.466,2.466,2.466,0.0
2020-01-17,2.476,2.476,2.476,2.476,0.0
2020-01-21,2.466,2.466,2.466,2.466,0.0
2020-01-22,2.455,2.455,2.455,2.455,0.0
2020-01-23,2.447,2.447,2.447,2.447,0.0
2020-01-24,2.437,2.437,2.437,2.437,0.0
2020-01-27,2.409,2.409,2.409,2.409,0.0
2020-01-28,2.419,2.419,2.419,2.419,0.0
2020-01-29,2.409,2.409,2.409,2.409,0.0
2020-01-30,2.409,2.409,2.409,2.409,0.0
2020-01-31,2.41,2.41,2.41,2.41,0.0
2020-02-03,2.405,2.405,2.405,2.405,0.0
2020-02-04,2.401,2.401,2.401,2.401,0.0
2020-02-05,2.378,2.378,2.378,2.378,0.0
2020-02-06,2.382,2.382,2.382,2.382,0.0
2020-02-07,2.4,2.4,2.4,2.4,0.0
2020-02-10,2.392,2.392,2.392,2.392,0.0
2020-02-11,2.392,2.392,2.392,2.392,0.0
2020-02-12,2.399,2.399,2.399,2.399,0.0
2020-02-13,2.389,2.389,2.389,2.389,0.0
2020-02-14,2.382,2.382,2.382,2.382,0.0
2020-02-18,2.368,2.368,2.368,2.368,0.0
2020-02-19,2.384,2.384,2.384,2.384,0.0
2020-02-20,2.379,2.379,2.379,2.379,0.0
2020-02-21,2.409,2.409,2.409,2.409,0.0
2020-02-24,2.415,2.415,2.415,2.415,0.0
2020-02-25,2.411,2.411,2.411,2.411,0.0
2020-02-26,2.434,2.434,2.434,2.434,0.0
2020-02-27,2.424,2.424,2.424,2.424,0.0
2020-02-28,2.436,2.436,2.436,2.436,0.0
2020-03-02,2.464,2.464,2.464,2.464,0.0
2020-03-03,2.46,2.46,2.46,2.46,0.0
2020-03-04,2.446,2.446,2.446,2.446,0.0
2020-03-05,2.421,2.421,2.421,2.421,0.0
2020-03-06,2.434,2.434,2.434,2.434,0.0
2020-03-09,2.471,2.471,2.471,2.471,0.0
2020-03-10,2.471,2.471,2.471,2.471,0.0
2020-03-11,2.433,2.433,2.433,2.433,0.0
2020-03-12,2.383,2.383,2.383,2.383,0.0
2020-03-13,2.374,2.374,2.374,2.374,0.0
2020-03-16,2.363,2.363,2.363,2.363,0.0
2020-03-17,2.392,2.392,2.392,2.392,0.0
2020-03-18,2.398,2.398,2.398,2.398,0.0
2020-03-19,2.411,2.411,2.411,2.411,0.0
2020-03-20,2.405,2.405,2.405,2.405,0.0
2020-03-23,2.4,2.4,2.4,2.4,0.0
2020-03-24,2.381,2.381,2.381,2.381,0.0
2020-03-25,2.376,2.376,2.376,2.376,0.0
2020-03-26,2.342,2.342,2.342,2.342,0.0
2020-03-27,2.364,2.364,2.364,2.364,0.0
2020-03-30,2.372,2.372,2.372,2.372,0.0
2020-03-31,2.374,2.374,2.374,2.374,0.0
2020-04-01,2.344,2.344,2.344,2.344,0.0
2020-04-02,2.33,2.33,2.33,2.33,0.0
2020-04-03,2.314,2.314,2.314,2.314,0.0
2020-04-06,2.33,2.33,2.33,2.33,0.0
2020-04-07,2.324,2.324,2.324,2.324,0.0
2020-04-08,2.341,2.341,2.341,2.341,0.0
2020-04-09,2.358,2.358,2.358,2.358,0.0
2020-04-13,2.386,2.386,2.386,2.386,0.0
2020-04-14,2.368,2.368,2.368,2.368,0.0
2020-04-15,2.337,2.337,2.337,2.337,0.0
2020-04-16,2.342,2.342,2.342,2.342,0.0
2020-04-17,2.348,2.348,2.348,2.348,0.0
2020-04-20,2.366,2.366,2.366,2.366,0.0
2020-04-21,2.349,2.349,2.349,2.349,0.0
2020-04-22,2.375,2.377,2.375,2.377,56.0
2020-04-23,2.331,2.331,2.331,2.331,0.0
2020-04-24,2.329,2.329,2.329,2.329,0.0
2020-04-27,2.355,2.355,2.355,2.355,0.0
2020-04-28,2.347,2.347,2.347,2.347,0.0
2020-04-29,2.342,2.342,2.342,2.342,0.0
2020-04-30,2.317,2.317,2.317,2.317,0.0
2020-05-01,2.3,2.3,2.3,2.3,0.0
2020-05-04,2.302,2.302,2.302,2.302,0.0
2020-05-05,2.289,2.289,2.289,2.289,0.0
2020-05-06,2.328,2.328,2.328,2.328,0.0
2020-05-07,2.31,2.31,2.31,2.31,0.0
2020-05-08,2.319,2.319,2.319,2.319,0.0
2020-05-11,2.306,2.306,2.306,2.306,0.0
2020-05-12,2.31,2.31,2.31,2.31,0.0
2020-05-13,2.285,2.285,2.285,2.285,0.0
2020-05-14,2.267,2.267,2.267,2.267,0.0
2020-05-15,2.298,2.298,2.298,2.298,0.0
2020-05-18,2.316,2.316,2.316,2.316,0.0
2020-05-19,2.313,2.313,2.313,2.313,0.0
2020-05-20,2.28,2.28,2.28,2.28,0.0
2020-05-21,2.271,2.271,2.271,2.271,0.0
2020-05-22,2.309,2.309,2.309,2.309,0.0
2020-05-26,2.304,2.304,2.304,2.304,0.0
2020-05-27,2.337,2.337,2.337,2.337,0.0
2020-05-28,2.329,2.329,2.329,2.329,0.0
2020-05-29,2.323,2.323,2.323,2.323,0.0
2020-06-01,2.3,2.3,2.3,2.3,0.0
2020-06-02,2.305,2.305,2.305,2.305,0.0
2020-06-03,2.292,2.292,2.292,2.292,0.0
2020-06-04,2.301,2.301,2.301,2.301,0.0
2020-06-05,2.295,2.295,2.295,2.295,0.0
2020-06-08,2.309,2.309,2.309,2.309,0.0
2020-06-09,2.317,2.317,2.317,2.317,0.0
2020-06-10,2.303,2.303,2.303,2.303,0.0
2020-06-11,2.298,2.298,2.298,2.298,0.0
2020-06-12,2.287,2.287,2.287,2.287,0.0
2020-06-15,2.314,2.314,2.314,2.314,0.0
2020-06-16,2.307,2.307,2.307,2.307,0.0
2020-06-17,2.294,2.294,2.294,2.294,0.0
2020-06-18,2.305,2.305,2.305,2.305,0.0
2020-06-19,2.288,2.288,2.288,2.288,0.0
2020-06-22,2.276,2.276,2.276,2.276,0.0
2020-06-23,2.275,2.275,2.275,2.275,0.0
2020-06-24,2.27,2.27,2.27,2.27,0.0
2020-06-25,2.282,2.282,2.282,2.282,0.0
2020-06-26,2.304,2.304,2.304,2.304,0.0
2020-06-29,2.302,2.302,2.302,2.302,0.0
2020-06-30,2.302,2.302,2.302,2.302,0.0
2020-07-01,2.315,2.315,2.315,2.315,0.0
2020-07-02,2.347,2.347,2.347,2.347,0.0
2020-07-06,2.326,2.326,2.326,2.326,0.0
2020-07-07,2.319,2.319,2.319,2.319,0.0
2020-07-08,2.347,2.347,2.347,2.347,0.0
2020-07-09,2.347,2.347,2.347,2.347,0.0
2020-07-10,2.343,2.343,2.343,2.343,0.0
2020-07-13,2.339,2.339,2.339,2.339,0.0
2020-07-14,2.338,2.338,2.338,2.338,0.0
2020-07-15,2.348,2.348,2.348,2.348,0.0
2020-07-16,2.341,2.341,2.341,2.341,0.0
2020-07-17,2.338,2.338,2.338,2.338,0.0
2020-07-20,2.329,2.329,2.329,2.329,0.0
2020-07-21,2.342,2.342,2.342,2.342,0.0
2020-07-22,2.351,2.351,2.351,2.351,0.0
2020-07-23,2.413,2.413,2.413,2.413,0.0
2020-07-24,2.441,2.441,2.441,2.441,0.0
2020-07-27,2.492,2.492,2.492,2.492,0.0
2020-07-28,2.489,2.489,2.489,2.489,0.0
2020-07-29,2.494,2.494,2.494,2.494,0.0
2020-07-30,2.484,2.484,2.484,2.484,0.0
2020-07-31,2.502,2.502,2.502,2.502,0.0
2020-08-03,2.496,2.496,2.496,2.496,0.0
2020-08-04,2.49,2.49,2.49,2.49,0.0
2020-08-05,2.524,2.524,2.524,2.524,0.0
2020-08-06,2.549,2.549,2.549,2.549,0.0
2020-08-07,2.581,2.581,2.581,2.581,0.0
2020-08-10,2.549,2.549,2.549,2.549,0.0
2020-08-11,2.464,2.464,2.464,2.464,0.0
2020-08-12,2.431,2.431,2.431,2.431,0.0
2020-08-13,2.451,2.451,2.451,2.451,0.0
2020-08-14,2.442,2.442,2.442,2.442,0.0
2020-08-17,2.442,2.442,2.442,2.442,0.0
2020-08-18,2.437,2.437,2.437,2.437,0.0
2020-08-19,2.432,2.432,2.432,2.432,0.0
2020-08-20,2.43,2.43,2.43,2.43,0.0
2020-08-21,2.425,2.425,2.425,2.425,0.0
2020-08-24,2.42,2.42,2.42,2.42,0.0
2020-08-25,2.413,2.413,2.413,2.413,0.0
2020-08-26,2.441,2.441,2.441,2.441,0.0
2020-08-27,2.45,2.45,2.45,2.45,0.0
2020-08-28,2.438,2.438,2.438,2.438,0.0
2020-08-31,2.412,2.412,2.412,2.412,0.0
2020-09-01,2.41,2.41,2.41,2.41,0.0
2020-09-02,2.404,2.404,2.404,2.404,0.0
2020-09-03,2.401,2.401,2.401,2.401,0.0
2020-09-04,2.407,2.407,2.407,2.407,0.0
2020-09-08,2.408,2.408,2.408,2.408,0.0
2020-09-09,2.394,2.394,2.394,2.394,0.0
2020-09-10,2.376,2.376,2.376,2.376,0.0
2020-09-11,2.353,2.353,2.353,2.353,0.0
2020-09-14,2.341,2.341,2.341,2.341,0.0
2020-09-15,2.348,2.348,2.348,2.348,0.0
2020-09-16,2.346,2.346,2.346,2.346,0.0
2020-09-17,2.345,2.345,2.345,2.345,0.0
2020-09-18,2.366,2.366,2.366,2.366,0.0
2020-09-21,2.346,2.346,2.346,2.346,0.0
2020-09-22,2.361,2.361,2.361,2.361,0.0
2020-09-23,2.401,2.401,2.401,2.401,0.0
2020-09-24,2.411,2.411,2.411,2.411,0.0
2020-09-25,2.418,2.418,2.418,2.418,0.0
2020-09-28,2.426,2.426,2.426,2.426,0.0
2020-09-29,2.397,2.397,2.397,2.397,0.0
2020-09-30,2.378,2.378,2.378,2.378,0.0
2020-10-01,2.358,2.358,2.358,2.358,0.0
2020-10-02,2.337,2.337,2.337,2.337,0.0
2020-10-05,2.315,2.315,2.315,2.315,0.0
2020-10-06,2.322,2.322,2.322,2.322,0.0
2020-10-07,2.345,2.345,2.345,2.345,0.0
2020-10-08,2.32,2.32,2.32,2.32,0.0
2020-10-09,2.35,2.35,2.35,2.35,0.0
2020-10-12,2.336,2.336,2.336,2.336,0.0
2020-10-13,2.316,2.316,2.316,2.316,0.0
2020-10-14,2.343,2.343,2.343,2.343,0.0
2020-10-15,2.354,2.354,2.354,2.354,0.0
2020-10-16,2.357,2.357,2.357,2.357,0.0
2020-10-19,2.4,2.4,2.4,2.4,0.0
2020-10-20,2.341,2.341,2.341,2.341,0.0
2020-10-21,2.362,2.362,2.362,2.362,0.0
2020-10-22,2.364,2.364,2.364,2.364,0.0
2020-10-23,2.327,2.327,2.327,2.327,0.0
2020-10-26,2.295,2.295,2.295,2.295,0.0
2020-10-27,2.316,2.316,2.316,2.316,0.0
2020-10-28,2.343,2.343,2.343,2.343,0.0
2020-10-29,2.355,2.355,2.355,2.355,0.0
2020-10-30,2.372,2.372,2.372,2.372,0.0
2020-11-02,2.36,2.36,2.36,2.36,0.0
2020-11-03,2.39,2.39,2.39,2.39,0.0
2020-11-04,2.387,2.387,2.387,2.387,0.0
2020-11-05,2.382,2.382,2.382,2.382,0.0
2020-11-06,2.372,2.372,2.372,2.372,0.0
2020-11-09,2.368,2.368,2.368,2.368,0.0
2020-11-10,2.378,2.378,2.378,2.378,0.0
2020-11-11,2.393,2.393,2.393,2.393,0.0
2020-11-12,2.39,2.39,2.39,2.39,0.0
2020-11-13,2.37,2.37,2.37,2.37,0.0
2020-11-16,2.374,2.374,2.374,2.374,0.0
2020-11-17,2.391,2.391,2.391,2.391,0.0
2020-11-18,2.415,2.415,2.415,2.415,0.0
2020-11-19,2.415,2.415,2.415,2.415,0.0
2020-11-20,2.408,2.408,2.408,2.408,0.0
2020-11-23,2.402,2.402,2.402,2.402,0.0
2020-11-24,2.433,2.433,2.404,2.404,2.0
2020-11-25,2.387,2.387,2.387,2.387,0.0
2020-11-27,2.383,2.383,2.383,2.383,0.0
2020-11-30,2.369,2.369,2.369,2.369,0.0
2020-12-01,2.427,2.427,2.427,2.427,0.0
2020-12-02,2.452,2.452,2.452,2.452,0.0
2020-12-03,2.416,2.416,2.416,2.416,0.0
2020-12-04,2.439,2.439,2.439,2.439,0.0
2020-12-07,2.41,2.41,2.41,2.41,0.0
2020-12-08,2.398,2.398,2.398,2.398,0.0
2020-12-09,2.415,2.415,2.415,2.415,0.0
2020-12-10,2.42,2.42,2.42,2.42,0.0
2020-12-11,2.434,2.434,2.434,2.434,0.0
2020-12-14,2.433,2.433,2.433,2.433,0.0
2020-12-15,2.418,2.418,2.418,2.418,0.0
2020-12-16,2.43,2.43,2.43,2.43,0.0
2020-12-17,2.418,2.418,2.418,2.418,0.0
2020-12-18,2.432,2.432,2.432,2.432,0.0
2020-12-21,2.403,2.403,2.403,2.403,0.0
2020-12-22,2.412,2.412,2.412,2.412,0.0
2020-12-23,2.402,2.402,2.402,2.402,0.0
2020-12-24,2.414,2.414,2.414,2.414,0.0
2020-12-28,2.343,2.343,2.343,2.343,0.0
2020-12-29,2.397,2.397,2.397,2.397,0.0
2020-12-30,2.381,2.381,2.381,2.381,0.0
2020-12-31,2.4,2.4,2.4,2.4,0.0
2021-01-04,2.408,2.408,2.408,2.408,0.0
2021-01-05,2.426,2.426,2.426,2.426,0.0
2021-01-06,2.459,2.459,2.459,2.459,0.0
2021-01-07,2.431,2.431,2.431,2.431,0.0
2021-01-08,2.415,2.415,2.415,2.415,0.0
2021-01-11,2.41,2.41,2.41,2.41,0.0
2021-01-12,2.422,2.422,2.422,2.422,0.0
2021-01-13,2.448,2.448,2.448,2.448,0.0
2021-01-14,2.396,2.396,2.396,2.396,0.0
2021-01-15,2.432,2.432,2.432,2.432,0.0
2021-01-19,2.421,2.421,2.421,2.421,0.0
2021-01-20,2.435,2.435,2.435,2.435,0.0
2021-01-21,2.437,2.437,2.437,2.437,0.0
2021-01-22,2.452,2.452,2.452,2.452,0.0
2021-01-25,2.409,2.409,2.409,2.409,0.0
2021-01-26,2.438,2.438,2.438,2.438,0.0
2021-01-27,2.453,2.453,2.453,2.453,0.0
2021-01-28,2.452,2.452,2.452,2.452,0.0
2021-01-29,2.458,2.458,2.458,2.458,0.0
2021-02-01,2.462,2.462,2.462,2.462,0.0
2021-02-02,2.458,2.458,2.458,2.458,0.0
2021-02-03,2.439,2.439,2.439,2.439,0.0
2021-02-04,2.415,2.415,2.415,2.415,0.0
2021-02-05,2.44,2.44,2.424,2.424,34.0
2021-02-08,2.444,2.444,2.444,2.444,0.0
2021-02-09,2.444,2.444,2.444,2.444,0.0
2021-02-10,2.449,2.449,2.449,2.449,0.0
2021-02-11,2.436,2.436,2.436,2.436,0.0
2021-02-12,2.43,2.43,2.43,2.43,0.0
2021-02-16,2.447,2.447,2.447,2.447,0.0
2021-02-17,2.442,2.442,2.442,2.442,0.0
2021-02-18,2.44,2.44,2.44,2.44,0.0
2021-02-19,2.436,2.436,2.436,2.436,0.0
2021-02-22,2.438,2.438,2.438,2.438,0.0
2021-02-23,2.443,2.443,2.443,2.443,0.0
2021-02-24,2.437,2.437,2.437,2.437,0.0
2021-02-25,2.403,2.403,2.403,2.403,0.0
2021-02-26,2.426,2.426,2.426,2.426,0.0
2021-03-01,2.444,2.444,2.444,2.444,0.0
2021-03-02,2.453,2.453,2.453,2.453,0.0
2021-03-03,2.428,2.428,2.428,2.428,0.0
2021-03-04,2.403,2.403,2.403,2.403,0.0
2021-03-05,2.409,2.409,2.409,2.409,0.0
2021-03-08,2.427,2.427,2.427,2.427,0.0
2021-03-09,2.434,2.434,2.434,2.434,0.0
2021-03-10,2.446,2.446,2.446,2.446,0.0
2021-03-11,2.435,2.435,2.435,2.435,0.0
2021-03-12,2.447,2.447,2.447,2.447,0.0
2021-03-15,2.419,2.419,2.419,2.419,0.0
2021-03-16,2.448,2.448,2.448,2.448,0.0
2021-03-17,2.429,2.429,2.429,2.429,0.0
2021-03-18,2.436,2.436,2.436,2.436,0.0
2021-03-19,2.442,2.442,2.442,2.442,0.0
2021-03-22,2.438,2.438,2.438,2.438,0.0
2021-03-23,2.452,2.452,2.452,2.452,0.0
2021-03-24,2.455,2.455,2.455,2.455,0.0
2021-03-25,2.455,2.455,2.455,2.455,0.0
2021-03-26,2.443,2.443,2.443,2.443,0.0
2021-03-29,2.448,2.448,2.448,2.448,0.0
2021-03-30,2.455,2.455,2.455,2.455,0.0
2021-03-31,2.476,2.476,2.476,2.476,0.0
2021-04-01,2.491,2.491,2.491,2.491,0.0
2021-04-05,2.478,2.478,2.478,2.478,0.0
2021-04-06,2.47,2.47,2.47,2.47,0.0
2021-04-07,2.473,2.473,2.473,2.473,0.0
2021-04-08,2.493,2.493,2.473,2.473,3.0
2021-04-09,2.507,2.507,2.507,2.507,0.0
2021-04-12,2.516,2.516,2.516,2.516,0.0
2021-04-13,2.499,2.499,2.499,2.499,0.0
2021-04-14,2.508,2.508,2.508,2.508,0.0
2021-04-15,2.514,2.514,2.514,2.514,0.0
2021-04-16,2.527,2.527,2.527,2.527,0.0
2021-04-19,2.521,2.521,2.521,2.521,0.0
2021-04-20,2.496,2.496,2.496,2.496,0.0
2021-04-21,2.483,2.483,2.483,2.483,0.0
2021-04-22,2.464,2.464,2.464,2.464,0.0
2021-04-23,2.472,2.472,2.472,2.472,0.0
2021-04-26,2.458,2.458,2.458,2.458,0.0
2021-04-27,2.469,2.469,2.469,2.469,0.0
2021-04-28,2.471,2.471,2.471,2.471,0.0
2021-04-29,2.473,2.473,2.473,2.473,0.0
2021-04-30,2.488,2.488,2.488,2.488,0.0
2021-05-03,2.491,2.491,2.491,2.491,0.0
2021-05-04,2.5,2.5,2.5,2.5,0.0
2021-05-05,2.502,2.502,2.502,2.502,0.0
2021-05-06,2.492,2.492,2.492,2.492,0.0
2021-05-07,2.499,2.499,2.499,2.499,0.0
2021-05-10,2.502,2.502,2.502,2.502,0.0
2021-05-11,2.499,2.499,2.499,2.499,0.0
2021-05-12,2.498,2.498,2.498,2.498,0.0
2021-05-13,2.488,2.488,2.488,2.488,0.0
2021-05-14,2.494,2.494,2.494,2.494,0.0
2021-05-17,2.498,2.498,2.498,2.498,0.0
2021-05-18,2.477,2.477,2.477,2.477,0.0
2021-05-19,2.481,2.481,2.481,2.481,0.0
2021-05-20,2.486,2.486,2.486,2.486,0.0
2021-05-21,2.498,2.498,2.498,2.498,0.0
2021-05-24,2.492,2.492,2.492,2.492,0.0
2021-05-25,2.503,2.503,2.503,2.503,0.0
2021-05-26,2.492,2.492,2.492,2.492,0.0
2021-05-27,2.489,2.489,2.489,2.489,0.0
2021-05-28,2.499,2.499,2.499,2.499,0.0
2021-06-01,2.501,2.501,2.501,2.501,0.0
2021-06-02,2.511,2.511,2.511,2.511,0.0
2021-06-03,2.518,2.518,2.518,2.518,0.0
2021-06-04,2.52,2.569,2.52,2.569,1.0
2021-06-07,2.54,2.54,2.54,2.54,0.0
2021-06-08,2.521,2.521,2.521,2.521,0.0
2021-06-09,2.528,2.528,2.528,2.528,0.0
2021-06-10,2.517,2.517,2.517,2.517,0.0
2021-06-11,2.516,2.516,2.516,2.516,0.0
2021-06-14,2.525,2.525,2.525,2.525,0.0
2021-06-15,2.51,2.51,2.51,2.51,0.0
2021-06-16,2.543,2.543,2.543,2.543,0.0
2021-06-17,2.548,2.548,2.548,2.548,0.0
2021-06-18,2.542,2.542,2.542,2.542,0.0
2021-06-21,2.539,2.539,2.539,2.539,0.0
2021-06-22,2.539,2.539,2.539,2.539,0.0
2021-06-23,2.54,2.54,2.54,2.54,0.0
2021-06-24,2.528,2.528,2.528,2.528,0.0
2021-06-25,2.576,2.576,2.576,2.576,0.0
2021-06-28,2.586,2.586,2.586,2.586,0.0
2021-06-29,2.614,2.614,2.614,2.614,0.0
2021-06-30,2.61,2.61,2.61,2.61,0.0
2021-07-01,2.598,2.598,2.598,2.598,0.0
2021-07-02,2.59,2.59,2.59,2.59,0.0
2021-07-06,2.582,2.582,2.582,2.582,0.0
2021-07-07,2.594,2.594,2.594,2.594,0.0
2021-07-08,2.606,2.606,2.606,2.606,0.0
2021-07-09,2.625,2.625,2.625,2.625,0.0
2021-07-12,2.63,2.63,2.63,2.63,0.0
2021-07-13,2.629,2.629,2.629,2.629,0.0
2021-07-14,2.622,2.622,2.622,2.622,0.0
2021-07-15,2.617,2.617,2.617,2.617,0.0
2021-07-16,2.623,2.623,2.623,2.623,0.0
2021-07-19,2.633,2.633,2.633,2.633,0.0
2021-07-20,2.645,2.645,2.645,2.645,0.0
2021-07-21,2.628,2.628,2.628,2.628,0.0
2021-07-22,2.63,2.63,2.63,2.63,0.0
2021-07-23,2.636,2.636,2.636,2.636,0.0
2021-07-26,2.644,2.644,2.644,2.644,0.0
2021-07-27,2.621,2.621,2.621,2.621,0.0
2021-07-28,2.613,2.613,2.613,2.613,0.0
2021-07-29,2.588,2.588,2.588,2.588,0.0
2021-07-30,2.608,2.608,2.608,2.608,0.0
2021-08-02,2.627,2.627,2.627,2.627,0.0
2021-08-03,2.619,2.619,2.619,2.619,0.0
2021-08-04,2.629,2.629,2.629,2.629,0.0
2021-08-05,2.632,2.632,2.632,2.632,0.0
2021-08-06,2.641,2.641,2.641,2.641,0.0
2021-08-09,2.657,2.657,2.657,2.657,0.0
2021-08-10,2.654,2.654,2.654,2.654,21.0
2021-08-11,2.669,2.669,2.669,2.669,0.0
2021-08-12,2.727,2.727,2.727,2.727,0.0
2021-08-13,2.694,2.694,2.694,2.694,0.0
2021-08-16,2.697,2.697,2.697,2.697,0.0
2021-08-17,2.71,2.71,2.71,2.71,2.0
2021-08-18,2.708,2.708,2.708,2.708,0.0
2021-08-19,2.719,2.719,2.719,2.719,0.0
2021-08-20,2.713,2.713,2.713,2.713,0.0
2021-08-23,2.71,2.71,2.71,2.71,0.0
2021-08-24,2.715,2.715,2.715,2.715,0.0
2021-08-25,2.707,2.707,2.707,2.707,0.0
2021-08-26,2.733,2.733,2.733,2.733,0.0
2021-08-27,2.73,2.73,2.73,2.73,0.0
2021-08-30,2.721,2.721,2.721,2.721,0.0
2021-08-31,2.71,2.71,2.71,2.71,7.0
2021-09-01,2.715,2.715,2.705,2.705,1.0
2021-09-02,2.71,2.71,2.71,2.71,0.0
2021-09-03,2.714,2.714,2.714,2.714,0.0
2021-09-07,2.725,2.725,2.725,2.725,0.0
2021-09-08,2.767,2.767,2.767,2.767,5.0
2021-09-09,2.812,2.812,2.812,2.812,0.0
2021-09-10,2.814,2.814,2.814,2.814,0.0
2021-09-13,2.839,2.839,2.839,2.839,0.0
2021-09-14,2.825,2.825,2.825,2.825,0.0
2021-09-15,2.855,2.855,2.783,2.783,6.0
2021-09-16,2.786,2.786,2.786,2.786,6.0
2021-09-17,2.779,2.779,2.779,2.779,0.0
2021-09-20,2.815,2.815,2.815,2.815,0.0
2021-09-21,2.832,2.832,2.832,2.832,0.0
2021-09-22,2.849,2.849,2.849,2.849,0.0
2021-09-23,2.856,2.856,2.856,2.856,0.0
2021-09-24,2.836,2.836,2.836,2.836,5.0
2021-09-27,2.874,2.874,2.874,2.874,5.0
2021-09-28,2.807,2.807,2.807,2.807,0.0
2021-09-29,2.868,2.868,2.868,2.868,5.0
2021-09-30,2.918,2.918,2.88,2.88,6.0
2021-10-01,2.885,2.885,2.885,2.885,6.0
2021-10-04,2.894,2.894,2.894,2.894,0.0
2021-10-05,2.934,2.934,2.934,2.934,0.0
2021-10-06,2.957,2.957,2.957,2.957,0.0
2021-10-07,2.952,2.952,2.952,2.952,0.0
2021-10-08,2.988,2.988,2.988,2.988,0.0
2021-10-11,2.98,2.98,2.98,2.98,0.0
2021-10-12,2.965,2.965,2.965,2.965,0.0
2021-10-13,2.97,2.97,2.97,2.97,0.0
2021-10-14,3.005,3.005,3.005,3.005,0.0
2021-10-15,3.014,3.014,3.014,3.014,0.0
2021-10-18,3.02,3.02,3.02,3.02,5.0
2021-10-19,3.004,3.004,3.004,3.004,0.0
2021-10-20,3.007,3.007,3.007,3.007,0.0
2021-10-21,3.02,3.02,3.02,3.02,0.0
2021-10-22,3.025,3.025,3.025,3.025,0.0
2021-10-25,3.078,3.078,3.078,3.078,0.0
2021-10-26,3.056,3.056,3.056,3.056,0.0
2021-10-27,2.993,2.993,2.993,2.993,0.0
2021-10-28,2.994,2.994,2.994,2.994,0.0
2021-10-29,2.945,2.945,2.945,2.945,0.0
2021-11-01,2.84,2.84,2.84,2.84,0.0
2021-11-02,2.896,2.896,2.896,2.896,0.0
2021-11-03,2.878,2.878,2.878,2.878,0.0
2021-11-04,2.902,2.902,2.902,2.902,0.0
2021-11-05,2.94,2.94,2.845,2.845,2.0
2021-11-08,2.898,2.898,2.898,2.898,0.0
2021-11-09,2.894,2.894,2.894,2.894,0.0
2021-11-10,2.92,2.92,2.92,2.92,0.0
2021-11-11,2.937,2.937,2.937,2.937,0.0
2021-11-12,2.908,2.908,2.908,2.908,0.0
2021-11-15,2.921,2.921,2.921,2.921,0.0
2021-11-16,2.992,2.992,2.992,2.992,0.0
2021-11-17,2.953,2.953,2.953,2.953,0.0
2021-11-18,2.938,2.938,2.938,2.938,0.0
2021-11-19,2.927,2.927,2.927,2.927,0.0
2021-11-22,2.889,2.889,2.889,2.889,0.0
2021-11-23,2.936,2.936,2.936,2.936,0.0
2021-11-24,2.96,2.96,2.96,2.96,0.0
2021-11-26,2.999,2.999,2.999,2.999,0.0
2021-11-29,2.988,2.988,2.988,2.988,0.0
2021-11-30,2.961,2.961,2.961,2.961,0.0
2021-12-01,2.949,2.949,2.949,2.949,0.0
2021-12-02,2.953,2.953,2.953,2.953,0.0
2021-12-03,2.963,2.963,2.963,2.963,0.0
2021-12-06,2.925,2.925,2.925,2.925,0.0
2021-12-07,2.929,2.929,2.929,2.929,0.0
2021-12-08,2.888,2.888,2.888,2.888,0.0
2021-12-09,2.942,2.942,2.942,2.942,5.0
2021-12-10,2.954,2.954,2.954,2.954,0.0
2021-12-13,2.858,2.858,2.858,2.858,0.0
2021-12-14,2.909,2.909,2.909,2.909,0.0
2021-12-15,2.903,2.903,2.903,2.903,0.0
2021-12-16,2.91,2.91,2.91,2.91,0.0
2021-12-17,2.93,2.93,2.93,2.93,0.0
2021-12-20,2.945,2.945,2.945,2.945,0.0
2021-12-21,2.929,2.929,2.929,2.929,0.0
2021-12-22,2.93,2.93,2.93,2.93,0.0
2021-12-23,2.893,2.893,2.893,2.893,0.0
2021-12-27,2.879,2.879,2.879,2.879,0.0
2021-12-28,2.895,2.895,2.895,2.895,0.0
2021-12-29,2.911,2.911,2.911,2.911,0.0
2021-12-30,2.899,2.899,2.899,2.899,0.0
2021-12-31,2.902,2.902,2.902,2.902,0.0
2022-01-03,2.914,2.914,2.914,2.914,0.0
2022-01-04,2.901,2.901,2.901,2.901,0.0
2022-01-05,2.905,2.905,2.905,2.905,0.0
2022-01-06,2.919,2.919,2.919,2.919,0.0
2022-01-07,2.952,2.952,2.952,2.952,0.0
2022-01-10,2.957,2.957,2.957,2.957,0.0
2022-01-11,2.946,2.946,2.946,2.946,0.0
2022-01-12,2.921,2.921,2.921,2.921,0.0
2022-01-13,2.924,2.924,2.924,2.924,0.0
2022-01-14,2.9,2.9,2.9,2.9,0.0
2022-01-18,2.919,2.919,2.919,2.919,0.0
2022-01-19,2.946,2.946,2.946,2.946,0.0
2022-01-20,2.949,2.949,2.949,2.949,6.0
2022-01-21,2.937,2.937,2.937,2.937,0.0
2022-01-24,2.943,2.943,2.943,2.943,0.0
2022-01-25,2.963,2.963,2.963,2.963,0.0
2022-01-26,2.964,2.964,2.964,2.964,0.0
2022-01-27,2.949,2.949,2.949,2.949,0.0
2022-01-28,2.957,2.957,2.957,2.957,0.0
2022-01-31,2.966,2.966,2.966,2.966,0.0
2022-02-01,2.951,2.951,2.951,2.951,0.0
2022-02-02,2.97,2.97,2.97,2.97,0.0
2022-02-03,2.961,2.961,2.961,2.961,25.0
2022-02-04,3.012,3.012,3.012,3.012,15.0
2022-02-07,3.012,3.012,3.012,3.012,0.0
2022-02-08,3.029,3.029,3.029,3.029,36.0
2022-02-09,3.016,3.016,3.016,3.016,0.0
2022-02-10,3.021,3.021,3.021,3.021,35.0
2022-02-11,3.061,3.061,3.061,3.061,0.0
2022-02-14,3.098,3.098,3.098,3.098,10.0
2022-02-15,3.086,3.086,3.086,3.086,0.0
2022-02-16,3.115,3.115,3.115,3.115,0.0
2022-02-17,3.092,3.092,3.092,3.092,10.0
2022-02-18,3.092,3.092,3.092,3.092,0.0
2022-02-22,3.13,3.13,3.13,3.13,15.0
2022-02-23,3.192,3.192,3.192,3.192,19.0
2022-02-24,3.185,3.185,3.185,3.185,19.0
2022-02-25,3.155,3.155,3.077,3.077,1.0
2022-02-28,3.136,3.136,3.136,3.136,0.0
2022-03-01,3.207,3.207,3.207,3.207,0.0
2022-03-02,3.223,3.223,3.223,3.223,55.0
2022-03-03,3.231,3.231,3.231,3.231,0.0
2022-03-04,3.284,3.284,3.284,3.284,10.0
2022-03-07,3.307,3.307,3.307,3.307,0.0
2022-03-08,3.317,3.317,3.317,3.317,5.0
2022-03-09,3.272,3.272,3.272,3.272,6.0
2022-03-10,3.268,3.268,3.268,3.268,0.0
2022-03-11,3.283,3.283,3.283,3.283,0.0
2022-03-14,3.291,3.291,3.291,3.291,0.0
2022-03-15,3.31,3.31,3.31,3.31,5.0
2022-03-16,3.292,3.292,3.292,3.292,3.0
2022-03-17,3.309,3.309,3.309,3.309,0.0
2022-03-18,3.287,3.287,3.287,3.287,0.0
2022-03-21,3.272,3.272,3.272,3.272,0.0
2022-03-22,3.283,3.283,3.283,3.283,7.0
2022-03-23,3.294,3.294,3.294,3.294,0.0
2022-03-24,3.32,3.32,3.32,3.32,0.0
2022-03-25,3.389,3.389,3.389,3.389,0.0
2022-03-28,3.453,3.453,3.453,3.453,725.0
2022-03-29,3.445,3.445,3.445,3.445,805.0
2022-03-30,3.525,3.525,3.525,3.525,26.0
2022-03-31,3.591,3.591,3.591,3.591,43.0
2022-04-01,3.59,3.638,3.59,3.638,1.0
2022-04-04,3.705,3.705,3.705,3.705,19.0
2022-04-05,3.784,3.784,3.784,3.784,54.0
2022-04-06,3.836,3.836,3.836,3.836,117.0
2022-04-07,3.821,3.821,3.821,3.821,14.0
2022-04-08,3.843,3.843,3.843,3.843,5.0
2022-04-11,3.892,3.892,3.892,3.892,4.0
2022-04-12,3.914,3.914,3.914,3.914,12.0
2022-04-13,3.922,3.922,3.922,3.922,11.0
2022-04-14,3.904,3.904,3.904,3.904,2.0
2022-04-18,3.939,3.939,3.939,3.939,3.0
2022-04-19,3.927,3.927,3.927,3.927,0.0
2022-04-20,3.903,3.903,3.903,3.903,2.0
2022-04-21,3.811,3.811,3.811,3.811,12.0
2022-04-22,3.638,3.638,3.638,3.638,0.0
2022-04-25,3.608,3.608,3.608,3.608,4.0
2022-04-26,3.673,3.673,3.673,3.673,34.0
2022-04-27,3.648,3.648,3.648,3.648,3.0
2022-04-28,3.644,3.644,3.644,3.644,34.0
2022-04-29,3.675,3.675,3.675,3.675,0.0
2022-05-02,3.779,3.779,3.779,3.779,0.0
2022-05-03,3.797,3.797,3.797,3.797,0.0
2022-05-04,3.9,3.95,3.85,3.872,61.0
2022-05-05,3.905,3.905,3.905,3.905,5.0
2022-05-06,3.852,3.852,3.852,3.852,2.0
2022-05-09,3.718,3.718,3.718,3.718,34.0
2022-05-10,3.745,3.745,3.745,3.745,12.0
2022-05-11,3.804,3.804,3.804,3.804,10.0
2022-05-12,3.814,3.814,3.814,3.814,2.0
2022-05-13,3.854,3.854,3.854,3.854,3.0
2022-05-16,3.904,3.904,3.904,3.904,0.0
2022-05-17,3.982,3.982,3.943,3.943,36.0
2022-05-18,3.987,3.987,3.987,3.987,1.0
2022-05-19,3.916,3.916,3.916,3.916,0.0
2022-05-20,3.911,3.911,3.911,3.911,0.0
2022-05-23,3.952,3.952,3.952,3.952,0.0
2022-05-24,3.927,3.927,3.927,3.927,1.0
2022-05-25,3.967,3.967,3.967,3.967,0.0
2022-05-26,4.021,4.021,4.021,4.021,7.0
2022-05-27,4.045,4.045,4.045,4.045,10.0
2022-05-31,3.972,3.972,3.972,3.972,0.0
2022-06-01,4.146,4.146,4.146,4.146,0.0
2022-06-02,4.183,4.183,4.183,4.183,0.0
2022-06-03,4.25,4.25,4.25,4.25,0.0
2022-06-06,4.396,4.396,4.396,4.396,15.0
2022-06-07,4.462,4.462,4.462,4.462,100.0
2022-06-08,4.55,4.55,4.55,4.55,10.0
2022-06-09,4.647,4.647,4.647,4.647,5.0
2022-06-10,4.71,4.71,4.71,4.71,0.0
2022-06-13,4.653,4.653,4.653,4.653,1.0
2022-06-14,4.571,4.571,4.571,4.571,27.0
2022-06-15,4.611,4.611,4.611,4.611,42.0
2022-06-16,4.607,4.607,4.607,4.607,0.0
2022-06-17,4.425,4.425,4.425,4.425,7.0
2022-06-21,4.412,4.412,4.412,4.412,4.0
2022-06-22,4.461,4.461,4.461,4.461,0.0
2022-06-23,4.475,4.475,4.404,4.404,17.0
2022-06-24,4.303,4.303,4.303,4.303,40.0
2022-06-27,4.345,4.345,4.345,4.345,41.0
2022-06-28,4.315,4.315,4.315,4.315,66.0
2022-06-29,4.337,4.337,4.337,4.337,0.0
2022-06-30,4.082,4.082,4.082,4.082,0.0
2022-07-01,4.09,4.09,4.09,4.09,42.0
2022-07-05,4.099,4.099,3.957,3.957,1.0
2022-07-06,4.049,4.049,4.049,4.049,115.0
2022-07-07,4.145,4.145,4.145,4.145,10.0
2022-07-08,4.114,4.114,4.114,4.114,0.0
2022-07-11,4.186,4.186,4.186,4.186,24.0
2022-07-12,4.117,4.117,4.117,4.117,0.0
2022-07-13,4.204,4.204,4.204,4.204,0.0
2022-07-14,4.126,4.126,4.126,4.126,0.0
2022-07-15,4.2,4.2,4.2,4.2,0.0
2022-07-18,4.196,4.196,4.196,4.196,15.0
2022-07-19,4.187,4.187,4.187,4.187,0.0
2022-07-20,4.33,4.33,4.33,4.33,10.0
2022-07-21,4.235,4.235,4.235,4.235,10.0
2022-07-22,4.253,4.253,4.253,4.253,0.0
2022-07-25,4.309,4.309,4.309,4.309,0.0
2022-07-26,4.317,4.317,4.317,4.317,0.0
2022-07-27,4.315,4.315,4.315,4.315,5.0
2022-07-28,4.286,4.286,4.286,4.286,0.0
2022-07-29,4.281,4.281,4.281,4.281,0.0
2022-08-01,4.259,4.259,4.259,4.259,0.0
2022-08-02,4.246,4.246,4.246,4.246,0.0
2022-08-03,4.267,4.267,4.267,4.267,0.0
2022-08-04,4.238,4.238,4.238,4.238,5.0
2022-08-05,4.267,4.267,4.267,4.267,50.0
2022-08-08,4.229,4.229,4.229,4.229,0.0
2022-08-09,4.262,4.262,4.262,4.262,0.0
2022-08-10,4.303,4.303,4.303,4.303,25.0
2022-08-11,4.416,4.416,4.416,4.416,55.0
2022-08-12,4.397,4.397,4.397,4.397,0.0
2022-08-15,4.488,4.488,4.488,4.488,6.0
2022-08-16,4.527,4.527,4.527,4.527,0.0
2022-08-17,4.5,4.5,4.5,4.5,23.0
2022-08-18,4.506,4.506,4.506,4.506,0.0
2022-08-19,4.522,4.522,4.522,4.522,0.0
2022-08-22,4.581,4.581,4.581,4.581,0.0
2022-08-23,4.573,4.573,4.573,4.573,10.0
2022-08-24,4.575,4.575,4.575,4.575,15.0
2022-08-25,4.637,4.637,4.637,4.637,0.0
2022-08-26,4.64,4.649,4.64,4.649,6.0
2022-08-29,4.662,4.662,4.662,4.662,0.0
2022-08-30,4.669,4.669,4.669,4.669,8.0
2022-08-31,4.726,4.726,4.726,4.726,7.0
2022-09-01,4.794,4.794,4.794,4.794,0.0
2022-09-02,4.824,4.824,4.824,4.824,10.0
2022-09-06,4.785,4.785,4.785,4.785,5.0
2022-09-07,4.665,4.665,4.665,4.665,1.0
2022-09-08,4.591,4.591,4.591,4.591,0.0
2022-09-09,4.64,4.64,4.64,4.64,15.0
2022-09-12,4.672,4.672,4.672,4.672,0.0
2022-09-13,4.702,4.702,4.702,4.702,0.0
2022-09-14,4.766,4.766,4.766,4.766,0.0
2022-09-15,4.72,4.72,4.72,4.72,0.0
2022-09-16,4.665,4.665,4.665,4.665,0.0
2022-09-19,4.619,4.619,4.619,4.619,7.0
2022-09-20,4.569,4.569,4.569,4.569,10.0
2022-09-21,4.465,4.465,4.465,4.465,10.0
2022-09-22,4.365,4.365,4.365,4.365,81.0
2022-09-23,4.359,4.359,4.359,4.359,0.0
2022-09-26,4.365,4.365,4.284,4.284,39.0
2022-09-27,4.286,4.286,4.286,4.286,5.0
2022-09-28,4.309,4.309,4.309,4.309,0.0
2022-09-29,4.354,4.354,4.354,4.354,0.0
2022-09-30,4.335,4.335,4.335,4.335,16.0
2022-10-03,4.307,4.307,4.307,4.307,5.0
2022-10-04,4.319,4.319,4.319,4.319,0.0
2022-10-05,4.286,4.286,4.286,4.286,30.0
2022-10-06,4.27,4.27,4.27,4.27,1.0
2022-10-07,4.276,4.276,4.276,4.276,5.0
2022-10-10,4.283,4.283,4.283,4.283,431.0
2022-10-11,4.306,4.306,4.306,4.306,1.0
2022-10-12,4.306,4.306,4.306,4.306,0.0
2022-10-13,4.275,4.275,4.275,4.275,2.0
2022-10-14,4.303,4.303,4.303,4.303,10.0
2022-10-17,4.283,4.283,4.283,4.283,0.0
2022-10-18,4.214,4.214,4.214,4.214,0.0
2022-10-19,4.189,4.189,4.189,4.189,15.0
2022-10-20,4.17,4.194,4.17,4.194,293.0
2022-10-21,4.129,4.129,4.129,4.129,22.0
2022-10-24,4.17,4.17,4.17,4.17,0.0
2022-10-25,4.174,4.174,4.174,4.174,0.0
2022-10-26,4.219,4.219,4.219,4.219,0.0
2022-10-27,4.212,4.212,4.212,4.212,0.0
2022-10-28,4.192,4.192,4.192,4.192,0.0
2022-10-31,4.238,4.238,4.238,4.238,0.0
2022-11-01,4.203,4.203,4.203,4.203,0.0
2022-11-02,4.242,4.242,4.242,4.242,0.0
2022-11-03,4.261,4.261,4.261,4.261,50.0
2022-11-04,4.338,4.338,4.338,4.338,120.0
2022-11-07,4.36,4.36,4.36,4.36,22.0
2022-11-08,4.293,4.293,4.293,4.293,0.0
2022-11-09,4.307,4.307,4.307,4.307,0.0
2022-11-10,4.307,4.307,4.307,4.307,27.0
2022-11-11,4.325,4.325,4.325,4.325,10.0
2022-11-14,4.289,4.289,4.289,4.289,1.0
2022-11-15,4.315,4.315,4.315,4.315,0.0
2022-11-16,4.344,4.344,4.344,4.344,0.0
2022-11-17,4.363,4.363,4.348,4.348,1.0
2022-11-18,4.362,4.362,4.362,4.362,1.0
2022-11-21,4.326,4.326,4.326,4.326,0.0
2022-11-22,4.352,4.352,4.352,4.352,0.0
2022-11-23,4.306,4.306,4.306,4.306,0.0
2022-11-25,4.3,4.3,4.3,4.3,0.0
2022-11-28,4.245,4.245,4.245,4.245,0.0
2022-11-29,4.272,4.282,4.272,4.282,17.0
2022-11-30,4.305,4.305,4.305,4.305,0.0
2022-12-01,4.31,4.31,4.31,4.31,7.0
2022-12-02,4.239,4.239,4.239,4.239,30.0
2022-12-05,4.21,4.21,4.21,4.21,10.0
2022-12-06,4.27,4.27,4.27,4.27,243.0
2022-12-07,4.275,4.275,4.275,4.275,125.0
2022-12-08,4.283,4.283,4.283,4.283,138.0
2022-12-09,4.287,4.287,4.287,4.287,0.0
2022-12-12,4.3,4.3,4.3,4.3,0.0
2022-12-13,4.292,4.292,4.292,4.292,0.0
2022-12-14,4.281,4.281,4.281,4.281,0.0
2022-12-15,4.309,4.309,4.309,4.309,0.0
2022-12-16,4.343,4.343,4.343,4.343,60.0
2022-12-19,4.38,4.38,4.38,4.38,0.0
2022-12-20,4.356,4.356,4.356,4.356,0.0
2022-12-21,4.315,4.315,4.264,4.264,12.0
2022-12-22,4.24,4.24,4.21,4.21,3.0
2022-12-23,4.183,4.183,4.183,4.183,0.0
2022-12-27,4.25,4.25,4.25,4.25,0.0
2022-12-28,4.177,4.177,4.177,4.177,2.0
2022-12-29,4.126,4.126,4.126,4.126,0.0
2022-12-30,4.127,4.127,4.127,4.127,55.0
2023-01-03,4.11,4.11,4.046,4.046,134.0
2023-01-04,4.049,4.049,4.049,4.049,0.0
2023-01-05,3.934,3.934,3.934,3.934,0.0
2023-01-06,3.886,3.886,3.886,3.886,0.0
2023-01-09,3.943,3.943,3.943,3.943,2.0
2023-01-10,3.903,3.903,3.903,3.903,0.0
2023-01-11,3.932,3.932,3.932,3.932,0.0
2023-01-12,3.932,3.932,3.932,3.932,56.0
2023-01-13,3.94,3.94,3.939,3.939,18.0
2023-01-17,3.955,3.955,3.955,3.955,10.0
2023-01-18,3.938,3.938,3.938,3.938,0.0
2023-01-19,3.98,3.99,3.956,3.956,3.0
2023-01-20,3.999,3.999,3.999,3.999,0.0
2023-01-23,3.994,3.994,3.994,3.994,1.0
2023-01-24,3.97,3.97,3.939,3.939,13.0
2023-01-25,3.911,3.911,3.911,3.911,0.0
2023-01-26,3.907,3.907,3.907,3.907,12.0
2023-01-27,3.93,3.93,3.916,3.916,149.0
2023-01-30,3.837,3.837,3.837,3.837,18.0
2023-01-31,3.837,3.837,3.826,3.826,8.0
2023-02-01,3.726,3.726,3.726,3.726,79.0
2023-02-02,3.68,3.68,3.669,3.669,3.0
2023-02-03,3.652,3.652,3.652,3.652,74.0
2023-02-06,3.626,3.626,3.626,3.626,21.0
2023-02-07,3.722,3.722,3.722,3.722,119.0
2023-02-08,3.695,3.695,3.695,3.695,0.0
2023-02-09,3.685,3.685,3.631,3.631,11.0
2023-02-10,3.641,3.641,3.641,3.641,0.0
2023-02-13,3.652,3.665,3.611,3.611,32.0
2023-02-14,3.635,3.64,3.626,3.64,3.0
2023-02-15,3.637,3.637,3.637,3.637,0.0
2023-02-16,3.632,3.637,3.62,3.637,4.0
2023-02-17,3.605,3.605,3.592,3.592,1.0
2023-02-21,3.558,3.558,3.509,3.509,1.0
2023-02-22,3.524,3.528,3.524,3.527,2.0
2023-02-23,3.553,3.553,3.553,3.553,40.0
2023-02-24,3.625,3.625,3.625,3.625,8.0
2023-02-27,3.66,3.66,3.66,3.66,8.0
2023-02-28,3.68,3.68,3.68,3.68,22.0
2023-03-01,3.72,3.796,3.72,3.796,5.0
2023-03-02,3.847,3.847,3.847,3.847,6.0
2023-03-03,3.917,3.917,3.917,3.917,19.0
2023-03-06,3.957,3.957,3.957,3.957,2.0
2023-03-07,4.1,4.143,4.1,4.143,7.0
2023-03-08,4.06,4.093,4.06,4.093,19.0
2023-03-09,4.006,4.006,4.006,4.006,10.0
2023-03-10,3.8,4.063,3.8,4.063,20.0
2023-03-13,4.068,4.068,4.068,4.068,39.0
2023-03-14,4.101,4.101,4.101,4.101,102.0
2023-03-15,4.06,4.07,4.057,4.057,24.0
2023-03-16,4.08,4.106,4.08,4.106,5.0
2023-03-17,4.033,4.033,4.033,4.033,14.0
2023-03-20,3.966,3.966,3.966,3.966,0.0
2023-03-21,4.074,4.074,4.074,4.074,5.0
2023-03-22,4.051,4.051,4.051,4.051,0.0
2023-03-23,4.096,4.096,4.096,4.096,7.0
2023-03-24,4.076,4.076,4.076,4.076,3.0
2023-03-27,4.066,4.099,4.063,4.063,3.0
2023-03-28,4.037,4.037,3.955,3.955,2.0
2023-03-29,3.975,4.03,3.975,4.03,15.0
2023-03-30,4.014,4.014,4.014,4.014,15.0
2023-03-31,4.08,4.08,4.08,4.08,2.0
2023-04-03,4.03,4.03,4.022,4.022,7.0
2023-04-04,4.043,4.043,4.043,4.043,122.0
2023-04-05,3.991,3.991,3.991,3.991,8.0
2023-04-06,3.933,3.933,3.933,3.933,12.0
2023-04-10,4.019,4.019,4.019,4.019,0.0
2023-04-11,4.072,4.072,4.033,4.033,80.0
2023-04-12,3.958,3.958,3.958,3.958,15.0
2023-04-13,3.898,3.898,3.898,3.898,2.0
2023-04-14,3.918,3.918,3.918,3.918,0.0
2023-04-17,4.005,4.005,4.005,4.005,15.0
2023-04-18,4.02,4.025,4.02,4.025,1.0
2023-04-19,4.017,4.017,4.017,4.017,12.0
2023-04-20,4.034,4.034,4.034,4.034,320.0
2023-04-21,4.02,4.041,4.02,4.041,16.0
2023-04-24,4.06,4.098,4.06,4.098,2.0
2023-04-25,4.08,4.08,4.08,4.08,0.0
2023-04-26,4.052,4.052,4.052,4.052,31.0
2023-04-27,4.04,4.056,4.04,4.056,2.0
2023-04-28,4.075,4.075,4.075,4.075,0.0
2023-05-01,4.06,4.06,4.028,4.028,24.0
2023-05-02,4.001,4.001,4.001,4.001,0.0
2023-05-03,3.971,3.971,3.971,3.971,1.0
2023-05-04,3.967,3.967,3.967,3.967,35.0
2023-05-05,3.999,3.999,3.999,3.999,0.0
2023-05-08,3.999,3.999,3.989,3.989,3.0
2023-05-09,3.95,4.006,3.95,4.006,21.0
2023-05-10,3.962,3.962,3.962,3.962,12.0
2023-05-11,3.954,3.954,3.954,3.954,5.0
2023-05-12,3.946,3.946,3.946,3.946,44.0
2023-05-15,3.971,3.971,3.971,3.971,59.0
2023-05-16,3.938,3.938,3.938,3.938,50.0
2023-05-17,3.918,3.918,3.909,3.909,58.0
2023-05-18,3.99,3.99,3.954,3.959,48.0
2023-05-19,3.916,3.916,3.916,3.916,10.0
2023-05-22,3.867,3.867,3.867,3.867,184.0
2023-05-23,3.835,3.835,3.835,3.835,3.0
2023-05-24,3.895,3.895,3.895,3.895,41.0
2023-05-25,3.867,3.867,3.867,3.867,74.0
2023-05-26,3.882,3.882,3.882,3.882,4.0
2023-05-30,3.829,3.829,3.829,3.829,23.0
2023-05-31,3.749,3.749,3.749,3.749,14.0
2023-06-01,3.724,3.724,3.724,3.724,7.0
2023-06-02,3.75,3.75,3.75,3.75,7.0
2023-06-05,3.764,3.764,3.764,3.764,0.0
2023-06-06,3.746,3.746,3.74,3.74,1.0
2023-06-07,3.754,3.754,3.754,3.754,0.0
2023-06-08,3.742,3.742,3.742,3.742,1.0
2023-06-09,3.699,3.717,3.699,3.717,1.0
2023-06-12,3.702,3.702,3.702,3.702,30.0
2023-06-13,3.722,3.722,3.722,3.722,1.0
2023-06-14,3.755,3.764,3.755,3.764,22.0
2023-06-15,3.793,3.793,3.793,3.793,9.0
2023-06-16,3.773,3.773,3.773,3.773,13.0
2023-06-20,3.775,3.775,3.759,3.759,7.0
2023-06-21,3.803,3.803,3.803,3.803,1.0
2023-06-22,3.821,3.821,3.821,3.821,0.0
2023-06-23,3.822,3.822,3.822,3.822,11.0
2023-06-26,3.785,3.785,3.785,3.785,16.0
2023-06-27,3.785,3.785,3.783,3.783,34.0
2023-06-28,3.771,3.771,3.757,3.757,3.0
2023-06-29,3.722,3.722,3.722,3.722,0.0
2023-06-30,3.747,3.747,3.747,3.747,0.0
2023-07-03,3.748,3.748,3.748,3.748,0.0
2023-07-05,3.773,3.773,3.721,3.721,2.0
2023-07-06,3.752,3.752,3.752,3.752,1.0
2023-07-07,3.77,3.77,3.75,3.75,1.0
2023-07-10,3.756,3.756,3.756,3.756,0.0
2023-07-11,3.77,3.77,3.761,3.761,49.0
2023-07-12,3.735,3.748,3.735,3.748,42.0
2023-07-13,3.721,3.733,3.721,3.733,28.0
2023-07-14,3.743,3.743,3.743,3.743,38.0
2023-07-17,3.728,3.728,3.728,3.728,16.0
2023-07-18,3.75,3.761,3.75,3.761,55.0
2023-07-19,3.775,3.775,3.722,3.722,2001.0
2023-07-20,3.76,3.76,3.751,3.751,283.0
2023-07-21,3.775,3.775,3.775,3.775,1.0
2023-07-24,3.8,3.8,3.8,3.8,37.0
2023-07-25,3.836,3.841,3.804,3.814,31.0
2023-07-26,3.815,3.815,3.808,3.808,18.0
2023-07-27,3.798,3.798,3.798,3.798,0.0
2023-07-28,3.789,3.789,3.789,3.789,34.0
2023-07-31,3.79,3.79,3.79,3.79,0.0
2023-08-01,3.774,3.774,3.774,3.774,5.0
2023-08-02,3.767,3.767,3.767,3.767,5.0
2023-08-03,3.772,3.772,3.761,3.761,13.0
2023-08-04,3.748,3.748,3.748,3.748,7.0
2023-08-07,3.78,3.785,3.78,3.785,73.0
2023-08-08,3.793,3.795,3.793,3.795,1.0
2023-08-09,3.789,3.789,3.789,3.789,72.0
2023-08-10,3.786,3.786,3.786,3.786,30.0
2023-08-11,3.807,3.807,3.807,3.807,3.0
2023-08-14,3.813,3.813,3.813,3.813,57.0
2023-08-15,3.822,3.822,3.822,3.822,24.0
2023-08-16,3.815,3.815,3.795,3.799,12.0
2023-08-17,3.799,3.799,3.799,3.799,83.0
2023-08-18,3.785,3.785,3.776,3.776,135.0
2023-08-21,3.795,3.795,3.795,3.795,0.0
2023-08-22,3.787,3.787,3.787,3.787,26.0
2023-08-23,3.772,3.779,3.772,3.779,21.0
2023-08-24,3.774,3.783,3.774,3.783,29.0
2023-08-25,3.789,3.789,3.789,3.789,116.0
2023-08-28,3.8,3.801,3.78,3.78,51.0
2023-08-29,3.73,3.74,3.73,3.74,20.0
2023-08-30,3.734,3.769,3.734,3.769,217.0
2023-08-31,3.761,3.761,3.761,3.761,10.0
2023-09-01,3.78,3.787,3.767,3.767,9.0
2023-09-05,3.754,3.754,3.74,3.753,17.0
2023-09-06,3.748,3.765,3.741,3.758,58.0
2023-09-07,3.773,3.773,3.748,3.748,72.0
2023-09-08,3.738,3.749,3.737,3.744,25.0
2023-09-11,3.738,3.738,3.717,3.729,144.0
2023-09-12,3.756,3.761,3.747,3.761,262.0
2023-09-13,3.754,3.762,3.747,3.762,76.0
2023-09-14,3.74,3.74,3.733,3.733,42.0
2023-09-15,3.734,3.734,3.717,3.723,67.0
2023-09-18,3.75,3.75,3.75,3.75,46.0
2023-09-19,3.765,3.766,3.75,3.759,143.0
2023-09-20,3.755,3.758,3.754,3.754,31.0
2023-09-21,3.745,3.756,3.744,3.756,42.0
2023-09-22,3.769,3.793,3.769,3.793,114.0
2023-09-25,3.785,3.785,3.774,3.781,78.0
2023-09-26,3.761,3.781,3.761,3.778,48.0
2023-09-27,3.779,3.781,3.771,3.78,70.0
2023-09-28,3.785,3.802,3.785,3.795,125.0
2023-09-29,3.78,3.78,3.78,3.78,93.0
2023-10-02,3.77,3.773,3.765,3.769,8.0
2023-10-03,3.787,3.803,3.787,3.803,62.0
2023-10-04,3.807,3.829,3.807,3.829,718.0
2023-10-05,3.83,3.85,3.83,3.847,204.0
2023-10-06,3.846,3.88,3.843,3.88,269.0
2023-10-09,3.885,3.919,3.884,3.884,305.0
2023-10-10,3.873,3.905,3.861,3.894,271.0
2023-10-11,3.892,3.907,3.874,3.891,212.0
2023-10-12,3.899,3.911,3.887,3.902,174.0
2023-10-13,3.896,3.909,3.885,3.909,306.0
2023-10-16,3.892,3.892,3.892,3.892,16.0
2023-10-17,3.905,3.905,3.844,3.866,143.0
2023-10-18,3.869,3.879,3.838,3.845,76.0
2023-10-19,3.841,3.86,3.836,3.844,61.0
2023-10-20,3.842,3.857,3.84,3.857,97.0
2023-10-23,3.844,3.864,3.838,3.864,19.0
2023-10-24,3.878,3.881,3.861,3.866,49.0
2023-10-25,3.883,3.887,3.883,3.883,60.0
2023-10-26,3.871,3.906,3.871,3.884,148.0
2023-10-27,3.881,3.881,3.881,3.881,39.0
2023-10-30,3.873,3.873,3.873,3.873,13.0
2023-10-31,3.89,3.912,3.89,3.912,108.0
2023-11-01,3.902,3.929,3.895,3.922,437.0
2023-11-02,3.935,3.983,3.902,3.98,366.0
2023-11-03,4.011,4.033,3.995,3.995,129.0
2023-11-06,3.971,3.985,3.961,3.982,254.0
2023-11-07,3.975,3.975,3.955,3.973,184.0
2023-11-08,3.965,3.976,3.951,3.976,77.0
2023-11-09,3.959,3.965,3.938,3.963,117.0
2023-11-10,3.942,3.95,3.926,3.941,45.0
2023-11-13,3.949,3.966,3.939,3.962,29.0
2023-11-14,3.963,3.966,3.94,3.952,215.0
2023-11-15,3.958,3.973,3.944,3.973,87.0
2023-11-16,3.94,3.94,3.917,3.932,103.0
2023-11-17,3.9,3.903,3.895,3.9,122.0
2023-11-20,3.86,3.86,3.837,3.846,95.0
2023-11-21,3.826,3.826,3.782,3.791,201.0
2023-11-22,3.747,3.769,3.741,3.769,114.0
2023-11-24,3.764,3.802,3.764,3.802,44.0
2023-11-27,3.779,3.794,3.774,3.794,95.0
2023-11-28,3.789,3.789,3.738,3.77,261.0
2023-11-29,3.75,3.758,3.744,3.755,160.0
2023-11-30,3.725,3.736,3.717,3.736,273.0
2023-12-01,3.714,3.751,3.706,3.727,78.0
2023-12-04,3.64,3.64,3.62,3.629,235.0
2023-12-05,3.618,3.645,3.591,3.613,527.0
2023-12-06,3.601,3.606,3.429,3.444,1120.0
2023-12-07,3.397,3.422,3.371,3.417,2686.0
2023-12-08,3.339,3.391,3.3,3.37,761.0
2023-12-11,3.297,3.297,3.226,3.281,1491.0
2023-12-12,3.251,3.265,3.22,3.235,438.0
2023-12-13,3.226,3.344,3.226,3.306,531.0
2023-12-14,3.291,3.357,3.291,3.347,285.0
2023-12-15,3.344,3.41,3.344,3.406,225.0
2023-12-18,3.417,3.452,3.394,3.396,151.0
2023-12-19,3.345,3.345,3.311,3.336,314.0
2023-12-20,3.322,3.339,3.301,3.339,189.0
2023-12-21,3.32,3.414,3.32,3.384,258.0
2023-12-22,3.337,3.354,3.329,3.342,144.0
2023-12-26,3.319,3.342,3.312,3.319,181.0
2023-12-27,3.368,3.377,3.313,3.34,62.0
2023-12-28,3.327,3.408,3.326,3.398,143.0
2023-12-29,3.397,3.421,3.371,3.381,810.0
2024-01-02,3.406,3.424,3.397,3.418,122.0
2024-01-03,3.424,3.443,3.399,3.439,122.0
2024-01-04,3.451,3.497,3.447,3.484,379.0
2024-01-05,3.473,3.523,3.464,3.523,221.0
2024-01-08,3.5,3.5,3.453,3.494,354.0
2024-01-09,3.5,3.569,3.48,3.536,274.0
2024-01-10,3.503,3.521,3.452,3.47,1000.0
2024-01-11,3.459,3.569,3.449,3.505,448.0
2024-01-12,3.481,3.515,3.481,3.511,355.0
2024-01-16,3.45,3.467,3.431,3.445,811.0
2024-01-17,3.433,3.488,3.423,3.488,468.0
2024-01-18,3.452,3.472,3.435,3.459,389.0
2024-01-19,3.388,3.39,3.36,3.382,283.0
2024-01-22,3.317,3.338,3.317,3.336,271.0
2024-01-23,3.335,3.418,3.334,3.405,286.0
2024-01-24,3.407,3.443,3.405,3.442,313.0
2024-01-25,3.431,3.446,3.349,3.391,278.0
2024-01-26,3.396,3.422,3.369,3.422,276.0
2024-01-29,3.396,3.396,3.32,3.333,555.0
2024-01-30,3.318,3.367,3.313,3.363,407.0
2024-01-31,3.37,3.382,3.324,3.343,517.0
2024-02-01,3.354,3.354,3.32,3.336,285.0
2024-02-02,3.357,3.361,3.33,3.334,402.0
2024-02-05,3.323,3.344,3.306,3.341,287.0
2024-02-06,3.318,3.331,3.307,3.321,321.0
2024-02-07,3.335,3.344,3.311,3.325,463.0
2024-02-08,3.316,3.349,3.313,3.346,720.0
2024-02-09,3.347,3.364,3.323,3.364,1377.0
2024-02-12,3.366,3.373,3.34,3.358,501.0
2024-02-13,3.369,3.378,3.34,3.352,394.0
2024-02-14,3.332,3.332,3.218,3.256,1781.0
2024-02-15,3.264,3.277,3.203,3.229,1150.0
2024-02-16,3.208,3.24,3.181,3.228,389.0
2024-02-20,3.215,3.307,3.191,3.235,1107.0
2024-02-21,3.337,3.357,3.281,3.308,986.0
2024-02-22,3.312,3.345,3.294,3.345,951.0
2024-02-23,3.303,3.321,3.302,3.31,961.0
2024-02-26,3.327,3.352,3.326,3.351,377.0
2024-02-27,3.388,3.4,3.366,3.377,751.0
2024-02-28,3.39,3.404,3.375,3.399,569.0
2024-02-29,3.403,3.403,3.38,3.393,316.0
2024-03-01,3.388,3.393,3.372,3.389,326.0
2024-03-04,3.414,3.445,3.4,3.426,439.0
2024-03-05,3.421,3.437,3.401,3.437,423.0
2024-03-06,3.417,3.458,3.417,3.428,754.0
2024-03-07,3.412,3.438,3.393,3.413,1461.0
2024-03-08,3.401,3.425,3.4,3.408,698.0
2024-03-11,3.373,3.373,3.362,3.372,179.0
2024-03-12,3.384,3.388,3.344,3.352,348.0
2024-03-13,3.348,3.364,3.332,3.358,320.0
2024-03-14,3.38,3.387,3.37,3.382,394.0
2024-03-15,3.393,3.393,3.349,3.349,407.0
2024-03-18,3.37,3.406,3.369,3.406,505.0
2024-03-19,3.411,3.441,3.373,3.409,682.0
2024-03-20,3.407,3.407,3.361,3.373,268.0
2024-03-21,3.334,3.365,3.322,3.357,385.0
2024-03-22,3.347,3.357,3.331,3.349,295.0
2024-03-25,3.331,3.358,3.323,3.354,158.0
2024-03-26,3.36,3.404,3.36,3.386,608.0
2024-03-27,3.386,3.387,3.361,3.38,763.0
2024-03-28,3.376,3.423,3.376,3.418,203.0
2024-04-01,3.403,3.45,3.398,3.446,369.0
2024-04-02,3.434,3.45,3.415,3.428,843.0
2024-04-03,3.416,3.43,3.402,3.41,899.0
2024-04-04,3.418,3.427,3.378,3.381,446.0
2024-04-05,3.399,3.413,3.369,3.392,274.0
2024-04-08,3.399,3.424,3.376,3.419,351.0
2024-04-09,3.44,3.458,3.406,3.423,751.0
2024-04-10,3.445,3.449,3.423,3.433,266.0
2024-04-11,3.433,3.458,3.428,3.454,911.0
2024-04-12,3.458,3.497,3.45,3.478,758.0
2024-04-15,3.466,3.471,3.44,3.468,927.0
2024-04-16,3.468,3.506,3.447,3.492,643.0
2024-04-17,3.46,3.469,3.444,3.461,524.0
2024-04-18,3.476,3.479,3.446,3.463,598.0
2024-04-19,3.47,3.478,3.458,3.469,956.0
2024-04-22,3.481,3.494,3.457,3.491,531.0
2024-04-23,3.495,3.513,3.484,3.5,502.0
2024-04-24,3.507,3.537,3.49,3.5,517.0
2024-04-25,3.513,3.513,3.479,3.49,1007.0
2024-04-26,3.506,3.516,3.482,3.486,585.0
2024-04-29,3.492,3.539,3.488,3.506,692.0
2024-04-30,3.5,3.5,3.464,3.48,922.0
2024-05-01,3.45,3.473,3.449,3.462,567.0
2024-05-02,3.45,3.468,3.436,3.463,394.0
2024-05-03,3.453,3.47,3.444,3.467,416.0
2024-05-06,3.467,3.493,3.459,3.466,980.0
2024-05-07,3.469,3.47,3.431,3.448,812.0
2024-05-08,3.464,3.469,3.404,3.409,755.0
2024-05-09,3.393,3.393,3.326,3.337,1959.0
2024-05-10,3.36,3.36,3.32,3.343,688.0
2024-05-13,3.334,3.359,3.319,3.359,1210.0
2024-05-14,3.359,3.382,3.34,3.367,499.0
2024-05-15,3.385,3.419,3.385,3.415,997.0
2024-05-16,3.418,3.459,3.413,3.459,1602.0
2024-05-17,3.465,3.493,3.463,3.471,881.0
2024-05-20,3.494,3.495,3.476,3.492,678.0
2024-05-21,3.478,3.503,3.42,3.469,1507.0
2024-05-22,3.436,3.529,3.435,3.529,1373.0
2024-05-23,3.51,3.591,3.487,3.504,2283.0
2024-05-24,3.506,3.538,3.437,3.447,986.0
2024-05-28,3.425,3.479,3.409,3.455,1021.0
2024-05-29,3.43,3.434,3.404,3.415,898.0
2024-05-30,3.39,3.415,3.365,3.398,625.0
2024-05-31,3.382,3.413,3.355,3.41,1131.0
2024-06-03,3.44,3.464,3.395,3.447,1373.0
2024-06-04,3.425,3.475,3.375,3.389,1180.0
2024-06-05,3.404,3.48,3.376,3.47,1448.0
2024-06-06,3.468,3.501,3.444,3.483,1445.0
2024-06-07,3.494,3.522,3.464,3.513,2525.0
2024-06-10,3.526,3.592,3.498,3.53,2142.0
2024-06-11,3.571,3.619,3.537,3.615,2009.0
2024-06-12,3.606,3.628,3.545,3.581,1443.0
2024-06-13,3.594,3.631,3.497,3.554,877.0
2024-06-14,3.535,3.556,3.505,3.52,1234.0
2024-06-17,3.48,3.514,3.464,3.506,1182.0
2024-06-18,3.507,3.557,3.496,3.557,1094.0
2024-06-20,3.538,3.561,3.51,3.523,1016.0
2024-06-21,3.485,3.525,3.481,3.502,1200.0
2024-06-24,3.482,3.515,3.466,3.514,680.0
2024-06-25,3.513,3.513,3.478,3.483,752.0
2024-06-26,3.467,3.487,3.448,3.477,988.0
2024-06-27,3.469,3.483,3.408,3.415,1049.0
2024-06-28,3.419,3.428,3.393,3.418,786.0
2024-07-01,3.399,3.414,3.384,3.404,1157.0
2024-07-02,3.407,3.434,3.396,3.401,2140.0
2024-07-03,3.406,3.415,3.388,3.415,4547.0
2024-07-05,3.39,3.416,3.365,3.378,676.0
2024-07-08,3.383,3.408,3.361,3.386,1193.0
2024-07-09,3.368,3.405,3.358,3.374,1451.0
2024-07-10,3.363,3.375,3.335,3.361,913.0
2024-07-11,3.348,3.348,3.311,3.322,3044.0
2024-07-12,3.324,3.339,3.308,3.329,889.0
2024-07-15,3.3,3.302,3.258,3.279,1692.0
2024-07-16,3.256,3.297,3.255,3.273,1669.0
2024-07-17,3.276,3.284,3.187,3.193,1884.0
2024-07-18,3.194,3.246,3.191,3.239,2877.0
2024-07-19,3.249,3.299,3.231,3.296,2012.0
2024-07-22,3.318,3.351,3.318,3.338,1882.0
2024-07-23,3.34,3.348,3.267,3.307,1989.0
2024-07-24,3.28,3.293,3.24,3.27,1073.0
2024-07-25,3.251,3.262,3.201,3.202,2184.0
2024-07-26,3.199,3.22,3.188,3.201,1360.0
2024-07-29,3.201,3.211,3.165,3.172,4329.0
2024-07-30,3.154,3.19,3.135,3.189,2222.0
2024-07-31,3.179,3.196,3.151,3.177,1001.0
2024-08-01,3.179,3.21,3.141,3.144,2017.0
2024-08-02,3.156,3.175,3.137,3.154,1950.0
2024-08-05,3.123,3.151,3.093,3.122,2382.0
2024-08-06,3.117,3.152,3.092,3.124,2754.0
2024-08-07,3.128,3.21,3.124,3.196,2615.0
2024-08-08,3.193,3.295,3.188,3.27,4121.0
2024-08-09,3.263,3.304,3.263,3.299,2122.0
2024-08-12,3.332,3.335,3.28,3.313,3569.0
2024-08-13,3.303,3.326,3.255,3.263,2621.0
2024-08-14,3.263,3.308,3.256,3.273,3271.0
2024-08-15,3.28,3.292,3.26,3.275,2198.0
2024-08-16,3.268,3.271,3.182,3.186,6051.0
2024-08-19,3.174,3.236,3.166,3.223,3210.0
2024-08-20,3.224,3.261,3.195,3.254,2031.0
2024-08-21,3.263,3.28,3.243,3.265,2588.0
2024-08-22,3.261,3.269,3.209,3.236,2786.0
2024-08-23,3.232,3.241,3.201,3.219,1645.0
2024-08-26,3.206,3.229,3.196,3.207,2930.0
2024-08-27,3.196,3.222,3.173,3.193,4207.0
2024-08-28,3.175,3.206,3.147,3.184,3184.0
2024-08-29,3.181,3.185,3.13,3.169,2776.0
2024-08-30,3.164,3.165,3.133,3.15,2955.0
2024-09-03,3.163,3.18,3.104,3.159,2816.0
2024-09-04,3.143,3.175,3.121,3.138,3536.0
2024-09-05,3.126,3.188,3.115,3.158,6498.0
2024-09-06,3.152,3.17,3.139,3.161,4327.0
2024-09-09,3.138,3.163,3.12,3.15,3556.0
2024-09-10,3.136,3.182,3.133,3.15,3990.0
2024-09-11,3.145,3.156,3.12,3.153,4491.0
2024-09-12,3.144,3.173,3.128,3.169,10970.0
2024-09-13,3.167,3.177,3.115,3.131,9579.0
2024-09-16,3.115,3.145,3.095,3.136,5602.0
2024-09-17,3.134,3.152,3.119,3.14,3424.0
2024-09-18,3.141,3.163,3.134,3.145,3351.0
2024-09-19,3.153,3.166,3.109,3.166,2619.0
2024-09-20,3.161,3.229,3.152,3.219,3509.0
2024-09-23,3.215,3.285,3.207,3.257,8357.0
2024-09-24,3.277,3.285,3.219,3.236,4555.0
2024-09-25,3.256,3.284,3.247,3.274,4066.0
2024-09-26,3.28,3.293,3.245,3.27,5480.0
2024-09-27,3.251,3.342,3.237,3.328,4909.0
2024-09-30,3.328,3.357,3.304,3.337,2577.0
2024-10-01,3.351,3.351,3.292,3.319,3018.0
2024-10-02,3.324,3.354,3.294,3.331,2486.0
2024-10-03,3.345,3.372,3.333,3.371,2895.0
2024-10-04,3.375,3.384,3.346,3.361,2474.0
2024-10-07,3.346,3.385,3.334,3.34,5470.0
2024-10-08,3.34,3.344,3.298,3.324,3027.0
2024-10-09,3.29,3.296,3.243,3.269,3057.0
2024-10-10,3.251,3.269,3.212,3.264,2947.0
2024-10-11,3.265,3.277,3.202,3.222,2884.0
2024-10-14,3.221,3.233,3.154,3.167,2774.0
2024-10-15,3.146,3.219,3.133,3.187,3888.0
2024-10-16,3.194,3.194,3.145,3.152,6121.0
2024-10-17,3.145,3.182,3.139,3.149,3093.0
2024-10-18,3.149,3.151,3.1,3.101,2581.0
2024-10-21,3.085,3.16,3.085,3.125,1888.0
2024-10-22,3.144,3.185,3.119,3.176,3410.0
2024-10-23,3.152,3.21,3.146,3.174,3783.0
2024-10-24,3.196,3.242,3.174,3.229,5219.0
2024-10-25,3.223,3.256,3.209,3.247,3092.0
2024-10-28,3.199,3.207,3.106,3.137,6636.0
2024-10-29,3.119,3.198,3.094,3.122,4337.0
2024-10-30,3.191,3.194,3.112,3.151,4685.0
2024-10-31,3.149,3.152,3.053,3.057,4413.0
2024-11-01,3.059,3.069,3.008,3.031,4552.0
2024-11-04,2.97,3.082,2.967,3.067,3500.0
2024-11-05,3.07,3.092,3.015,3.036,4017.0
2024-11-06,3.043,3.112,3.02,3.097,3660.0
2024-11-07,3.083,3.094,3.038,3.063,4034.0
2024-11-08,3.058,3.099,3.029,3.047,3386.0
2024-11-11,3.094,3.192,3.085,3.169,7086.0
2024-11-12,3.174,3.201,3.129,3.161,5096.0
2024-11-13,3.165,3.215,3.121,3.196,4418.0
2024-11-14,3.18,3.205,3.115,3.119,5326.0
2024-11-15,3.117,3.147,3.084,3.14,4251.0
2024-11-18,3.199,3.202,3.137,3.191,4492.0
2024-11-19,3.197,3.237,3.166,3.222,6547.0
2024-11-20,3.206,3.317,3.192,3.297,9956.0
2024-11-21,3.307,3.403,3.285,3.363,15622.0
2024-11-22,3.392,3.428,3.219,3.271,11249.0
2024-11-25,3.383,3.395,3.308,3.366,9278.0
2024-11-26,3.344,3.417,3.331,3.4,10790.0
2024-11-27,3.38,3.38,3.273,3.28,7310.0
2024-11-29,3.269,3.369,3.264,3.349,5449.0
2024-12-02,3.288,3.323,3.244,3.307,9138.0
2024-12-03,3.302,3.314,3.204,3.216,9536.0
2024-12-04,3.218,3.259,3.177,3.241,7905.0
2024-12-05,3.25,3.281,3.225,3.25,5888.0
2024-12-06,3.236,3.266,3.202,3.251,12965.0
2024-12-09,3.351,3.362,3.256,3.281,14949.0
2024-12-10,3.274,3.289,3.217,3.262,15152.0
2024-12-11,3.278,3.353,3.266,3.335,16607.0
2024-12-12,3.323,3.37,3.262,3.34,18620.0
2024-12-13,3.326,3.353,3.278,3.289,8361.0
2024-12-16,3.257,3.276,3.236,3.243,9207.0
2024-12-17,3.245,3.29,3.211,3.262,7275.0
2024-12-18,3.27,3.307,3.251,3.274,4633.0
2024-12-19,3.29,3.355,3.29,3.344,7014.0
2024-12-20,3.349,3.424,3.317,3.402,8902.0
2024-12-23,3.443,3.447,3.383,3.434,4712.0
2024-12-24,3.435,3.499,3.423,3.49,4101.0
2024-12-26,3.49,3.492,3.387,3.406,3033.0
2024-12-27,3.398,3.475,3.397,3.471,7193.0
2024-12-30,3.554,3.73,3.534,3.628,13601.0
2024-12-31,3.607,3.648,3.503,3.542,8843.0
2025-01-02,3.545,3.647,3.511,3.573,9105.0
2025-01-03,3.579,3.59,3.437,3.453,8409.0
2025-01-06,3.531,3.57,3.507,3.547,9320.0
2025-01-07,3.56,3.594,3.477,3.519,8311.0
2025-01-08,3.522,3.635,3.516,3.608,7367.0
2025-01-09,3.587,3.725,3.567,3.662,9756.0
2025-01-10,3.655,3.758,3.655,3.738,13785.0
2025-01-13,3.846,3.846,3.732,3.779,13606.0
2025-01-14,3.786,3.826,3.68,3.808,15304.0
2025-01-15,3.79,3.928,3.756,3.887,11900.0
2025-01-16,3.87,4.096,3.839,4.062,19412.0
2025-01-17,4.009,4.046,3.865,3.891,22298.0
2025-01-21,3.836,3.871,3.801,3.813,17048.0
2025-01-22,3.829,3.979,3.802,3.967,18195.0
2025-01-23,3.977,4.031,3.889,3.954,15641.0
2025-01-24,3.949,3.968,3.86,3.948,13424.0
2025-01-27,3.875,3.875,3.716,3.792,11297.0
2025-01-28,3.781,3.787,3.65,3.682,16017.0
2025-01-29,3.647,3.749,3.632,3.734,14657.0
2025-01-30,3.732,3.784,3.595,3.605,19333.0
2025-01-31,3.656,3.658,3.554,3.619,18321.0
2025-02-03,3.763,3.842,3.759,3.794,27218.0
2025-02-04,3.783,3.792,3.667,3.744,18197.0
2025-02-05,3.714,3.814,3.667,3.81,16364.0
2025-02-06,3.797,3.854,3.762,3.834,19478.0
2025-02-07,3.813,3.861,3.765,3.782,31808.0
2025-02-10,3.856,3.909,3.799,3.895,21931.0
2025-02-11,3.886,3.984,3.878,3.954,26580.0
2025-02-12,3.94,3.998,3.909,3.977,26826.0
2025-02-13,4.008,4.118,3.98,4.006,36325.0
2025-02-14,3.997,4.113,3.997,4.06,19699.0
2025-02-18,3.971,4.288,3.916,4.284,31354.0
2025-02-19,4.258,4.53,4.218,4.459,33270.0
2025-02-20,4.496,4.576,4.282,4.371,32771.0
2025-02-21,4.4,4.573,4.368,4.41,27217.0
2025-02-24,4.324,4.362,4.228,4.331,26449.0
2025-02-25,4.334,4.492,4.297,4.47,22069.0
2025-02-26,4.463,4.517,4.339,4.352,26015.0
2025-02-27,4.359,4.429,4.286,4.313,22373.0
2025-02-28,4.324,4.334,4.207,4.224,25995.0
2025-03-03,4.185,4.517,4.167,4.456,41086.0
2025-03-04,4.501,4.832,4.408,4.657,48250.0
2025-03-05,4.6,4.816,4.563,4.766,29548.0
2025-03-06,4.756,4.783,4.615,4.654,27101.0
2025-03-07,4.621,4.768,4.512,4.75,37968.0
2025-03-10,4.85,5.21,4.791,4.848,31933.0
2025-03-11,4.798,4.933,4.713,4.823,36992.0
2025-03-12,4.713,4.752,4.458,4.501,42551.0
2025-03-13,4.456,4.649,4.404,4.589,33764.0
2025-03-14,4.518,4.598,4.438,4.567,17250.0
2025-03-17,4.572,4.653,4.463,4.496,12495.0
2025-03-18,4.504,4.582,4.457,4.506,14644.0
2025-03-19,4.503,4.699,4.503,4.69,17173.0
2025-03-20,4.656,4.696,4.466,4.476,23606.0
2025-03-21,4.476,4.532,4.395,4.474,23228.0
2025-03-24,4.391,4.485,4.387,4.422,25262.0
2025-03-25,4.427,4.482,4.319,4.358,17203.0
2025-03-26,4.392,4.422,4.303,4.321,23500.0
2025-03-27,4.308,4.369,4.213,4.347,21995.0
2025-03-28,4.342,4.467,4.274,4.426,33140.0
2025-03-31,4.524,4.582,4.464,4.504,23750.0
2025-04-01,4.507,4.522,4.338,4.346,20163.0
2025-04-02,4.354,4.446,4.334,4.42,23233.0
2025-04-03,4.376,4.521,4.348,4.461,25614.0
2025-04-04,4.448,4.459,4.12,4.139,35595.0
2025-04-07,4.1,4.202,3.876,3.913,46702.0
2025-04-08,3.919,4.047,3.737,3.743,43630.0
2025-04-09,3.743,4.119,3.622,4.107,52659.0
2025-04-10,4.046,4.061,3.772,3.844,35880.0
2025-04-11,3.795,3.899,3.706,3.855,28490.0
2025-04-14,3.847,3.972,3.689,3.695,24491.0
2025-04-15,3.728,3.759,3.608,3.722,30945.0
2025-04-16,3.707,3.746,3.643,3.703,23683.0
2025-04-17,3.702,3.803,3.665,3.706,20968.0
2025-04-21,3.68,3.701,3.475,3.499,29142.0
2025-04-22,3.522,3.551,3.425,3.459,22903.0
2025-04-23,3.492,3.551,3.429,3.497,22992.0
2025-04-24,3.491,3.494,3.379,3.459,27627.0
2025-04-25,3.453,3.51,3.406,3.458,22137.0
2025-04-28,3.49,3.674,3.409,3.655,29396.0
2025-04-29,3.641,3.768,3.631,3.735,22321.0
2025-04-30,3.716,3.764,3.647,3.718,34553.0
2025-05-01,3.741,3.931,3.733,3.878,31147.0
2025-05-02,3.836,4.069,3.83,4.023,22631.0
2025-05-05,4.075,4.153,3.939,3.951,27545.0
2025-05-06,3.97,4.035,3.864,3.898,27154.0
2025-05-07,3.966,4.049,3.941,3.999,45947.0
2025-05-08,3.993,4.077,3.94,3.997,34547.0
2025-05-09,4.023,4.154,4.017,4.134,35102.0
2025-05-12,4.134,4.16,4.006,4.013,42205.0
2025-05-13,4.045,4.082,3.955,4.027,29206.0
2025-05-14,3.998,3.998,3.864,3.9,29216.0
2025-05-15,3.869,3.908,3.784,3.798,27612.0
2025-05-16,3.809,3.859,3.75,3.778,28019.0
2025-05-19,3.731,3.731,3.497,3.509,42749.0
2025-05-20,3.51,3.843,3.506,3.814,40131.0
2025-05-21,3.807,3.891,3.735,3.794,26929.0
2025-05-22,3.786,3.789,3.671,3.695,30967.0
2025-05-23,3.743,3.782,3.655,3.775,27081.0
2025-05-27,3.811,3.85,3.675,3.78,33171.0
2025-05-28,3.784,3.87,3.589,3.611,39183.0
2025-05-29,3.599,3.627,3.503,3.585,41548.0
2025-05-30,3.599,3.623,3.504,3.508,43727.0
2025-06-02,3.554,3.798,3.551,3.751,54018.0
2025-06-03,3.8,3.819,3.697,3.773,36961.0
2025-06-04,3.774,3.785,3.715,3.762,33405.0
2025-06-05,3.749,3.834,3.681,3.735,42147.0
2025-06-06,3.714,3.869,3.712,3.837,72560.0
2025-06-09,3.79,3.818,3.644,3.7,75637.0
2025-06-10,3.68,3.725,3.6,3.62,66932.0
2025-06-11,3.619,3.699,3.553,3.601,76098.0
2025-06-12,3.619,3.718,3.571,3.586,90163.0
2025-06-13,3.624,3.713,3.593,3.671,47092.0
2025-06-16,3.757,3.837,3.719,3.826,52364.0
2025-06-17,3.817,3.956,3.806,3.933,50336.0
2025-06-18,3.944,4.068,3.902,4.051,65182.0
2025-06-20,4.046,4.198,3.901,3.932,82043.0
2025-06-23,4.006,4.006,3.763,3.802,70111.0
2025-06-24,3.775,3.778,3.643,3.651,72161.0
2025-06-25,3.675,3.706,3.57,3.582,77232.0
2025-06-26,3.596,3.609,3.435,3.551,122427.0
2025-06-27,3.553,3.769,3.542,3.754,79407.0
2025-06-30,3.754,3.754,3.454,3.49,117815.0
2025-07-01,3.487,3.499,3.327,3.443,95939.0
2025-07-02,3.446,3.548,3.389,3.511,55647.0
2025-07-03,3.525,3.599,3.416,3.431,69343.0
2025-07-07,3.362,3.5,3.308,3.436,80175.0
2025-07-08,3.433,3.492,3.357,3.37,78512.0
2025-07-09,3.377,3.386,3.193,3.251,129803.0
2025-07-10,3.242,3.421,3.224,3.366,91537.0
2025-07-11,3.388,3.443,3.33,3.352,79414.0
2025-07-14,3.463,3.523,3.418,3.501,93215.0
2025-07-15,3.498,3.575,3.436,3.558,91078.0
2025-07-16,3.556,3.631,3.527,3.585,82458.0
2025-07-17,3.589,3.654,3.546,3.577,76260.0
2025-07-18,3.555,3.657,3.527,3.599,88674.0
2025-07-21,3.506,3.512,3.319,3.356,143801.0
2025-07-22,3.342,3.36,3.247,3.287,122264.0
2025-07-23,3.293,3.299,3.107,3.119,183525.0
2025-07-24,3.112,3.207,3.112,3.147,134965.0
2025-07-25,3.169,3.2,3.124,3.158,102487.0
2025-07-28,3.149,3.192,3.061,3.066,154281.0
2025-07-29,3.11,3.19,3.1,3.142,117204.0
2025-07-30,3.164,3.186,3.014,3.045,126252.0
2025-07-31,3.026,3.114,2.972,3.106,168396.0
2025-08-01,3.1,3.131,3.051,3.083,102378.0
2025-08-04,3.065,3.078,2.895,2.932,167435.0
2025-08-05,2.946,3.041,2.929,3.01,134125.0
2025-08-06,3.015,3.096,2.945,3.077,133710.0
2025-08-07,3.099,3.148,3.035,3.067,171662.0
2025-08-08,3.086,3.106,2.96,2.99,164260.0
2025-08-11,2.895,3.0,2.881,2.954,156872.0
2025-08-12,2.978,2.985,2.774,2.808,219061.0
2025-08-13,2.784,2.851,2.764,2.828,179251.0
2025-08-14,2.818,2.852,2.774,2.841,138654.0
2025-08-15,2.85,2.966,2.836,2.916,132775.0
2025-08-18,2.877,2.922,2.799,2.89,143784.0
2025-08-19,2.905,2.912,2.725,2.766,171271.0
2025-08-20,2.757,2.777,2.725,2.752,121113.0
2025-08-21,2.765,2.849,2.74,2.826,115270.0
2025-08-22,2.813,2.819,2.689,2.698,79364.0
2025-08-25,2.639,2.717,2.622,2.696,60316.0
2025-08-26,2.711,2.742,2.654,2.717,70243.0
2025-08-27,2.738,2.906,2.676,2.867,3341.0
