DATETIME,OPEN,HIGH,LOW,FINAL,VOLUME
2011-01-28,7.126,7.126,7.126,7.126,0.0
2011-01-31,7.106,7.106,7.106,7.106,0.0
2011-02-01,7.111,7.111,7.111,7.111,0.0
2011-02-02,7.129,7.129,7.129,7.129,0.0
2011-02-03,7.138,7.138,7.138,7.138,0.0
2011-02-04,7.149,7.149,7.149,7.149,0.0
2011-02-07,7.161,7.161,7.161,7.161,0.0
2011-02-08,7.21,7.21,7.21,7.21,0.0
2011-02-09,7.205,7.205,7.205,7.205,0.0
2011-02-10,7.195,7.195,7.195,7.195,0.0
2011-02-11,7.185,7.185,7.185,7.185,0.0
2011-02-14,7.168,7.168,7.168,7.168,0.0
2011-02-15,7.226,7.226,7.226,7.226,0.0
2011-02-16,7.341,7.341,7.341,7.341,0.0
2011-02-17,7.371,7.371,7.371,7.371,0.0
2011-02-18,7.38,7.38,7.38,7.38,0.0
2011-02-22,7.415,7.415,7.415,7.415,0.0
2011-02-23,7.39,7.39,7.39,7.39,0.0
2011-02-24,7.365,7.365,7.365,7.365,0.0
2011-02-25,7.375,7.375,7.375,7.375,0.0
2011-02-28,7.385,7.385,7.385,7.385,0.0
2011-03-01,7.457,7.457,7.457,7.457,0.0
2011-03-02,7.51,7.51,7.51,7.51,0.0
2011-03-03,7.505,7.505,7.505,7.505,0.0
2011-03-04,7.64,7.64,7.64,7.64,0.0
2011-03-07,7.652,7.652,7.652,7.652,0.0
2011-03-08,7.646,7.646,7.646,7.646,0.0
2011-03-09,7.639,7.639,7.639,7.639,0.0
2011-03-10,7.646,7.646,7.646,7.646,0.0
2011-03-11,7.65,7.65,7.65,7.65,0.0
2011-03-14,7.707,7.707,7.707,7.707,0.0
2011-03-15,7.987,7.987,7.987,7.987,0.0
2011-03-16,7.992,7.992,7.992,7.992,0.0
2011-03-17,7.964,7.964,7.964,7.964,0.0
2011-03-18,7.908,7.908,7.908,7.908,0.0
2011-03-21,7.826,7.826,7.826,7.826,0.0
2011-03-22,7.867,7.867,7.867,7.867,0.0
2011-03-23,7.894,7.894,7.894,7.894,0.0
2011-03-24,7.888,7.888,7.888,7.888,0.0
2011-03-25,7.986,7.986,7.986,7.986,0.0
2011-03-28,7.972,7.972,7.972,7.972,0.0
2011-03-29,7.928,7.928,7.928,7.928,0.0
2011-03-30,7.961,7.961,7.961,7.961,0.0
2011-03-31,8.041,8.041,8.041,8.041,0.0
2011-04-01,8.133,8.133,8.133,8.133,0.0
2011-04-04,8.154,8.154,8.154,8.154,0.0
2011-04-05,8.05,8.05,8.05,8.05,0.0
2011-04-06,8.052,8.052,8.052,8.052,0.0
2011-04-07,8.084,8.084,8.084,8.084,0.0
2011-04-08,8.211,8.211,8.211,8.211,0.0
2011-04-11,8.236,8.236,8.236,8.236,0.0
2011-04-12,8.174,8.174,8.174,8.174,0.0
2011-04-13,8.136,8.136,8.136,8.136,0.0
2011-04-14,8.123,8.123,8.123,8.123,0.0
2011-04-15,8.153,8.153,8.153,8.153,0.0
2011-04-18,8.148,8.148,8.148,8.148,0.0
2011-04-19,8.115,8.115,8.115,8.115,0.0
2011-04-20,7.987,7.987,7.987,7.987,0.0
2011-04-21,7.911,7.911,7.911,7.911,0.0
2011-04-25,7.908,7.908,7.908,7.908,0.0
2011-04-26,7.937,7.937,7.937,7.937,0.0
2011-04-27,7.904,7.904,7.904,7.904,0.0
2011-04-28,7.906,7.906,7.906,7.906,0.0
2011-04-29,7.844,7.844,7.844,7.844,0.0
2011-05-02,7.866,7.866,7.866,7.866,0.0
2011-05-03,7.936,7.936,7.936,7.936,0.0
2011-05-04,7.975,7.975,7.975,7.975,0.0
2011-05-05,7.874,7.874,7.874,7.874,0.0
2011-05-06,7.775,7.775,7.775,7.775,0.0
2011-05-09,7.788,7.788,7.788,7.788,0.0
2011-05-10,7.864,7.864,7.864,7.864,0.0
2011-05-11,7.918,7.918,7.918,7.918,0.0
2011-05-12,7.927,7.927,7.927,7.927,0.0
2011-05-13,7.984,7.984,7.984,7.984,0.0
2011-05-16,7.979,7.979,7.979,7.979,0.0
2011-05-17,7.948,7.948,7.948,7.948,0.0
2011-05-18,7.962,7.962,7.962,7.962,0.0
2011-05-19,7.885,7.885,7.885,7.885,0.0
2011-05-20,7.932,7.932,7.932,7.932,0.0
2011-05-23,8.071,8.071,8.071,8.071,0.0
2011-05-24,7.994,7.994,7.994,7.994,0.0
2011-05-25,7.993,7.993,7.993,7.993,0.0
2011-05-26,7.963,7.963,7.963,7.963,0.0
2011-05-27,7.999,7.999,7.999,7.999,0.0
2011-05-31,7.869,7.869,7.869,7.869,0.0
2011-06-01,7.845,7.845,7.845,7.845,0.0
2011-06-02,7.714,7.714,7.714,7.714,0.0
2011-06-03,7.665,7.665,7.665,7.665,0.0
2011-06-06,7.609,7.609,7.609,7.609,0.0
2011-06-07,7.616,7.616,7.616,7.616,0.0
2011-06-08,7.632,7.632,7.632,7.632,0.0
2011-06-09,7.545,7.545,7.545,7.545,0.0
2011-06-10,7.549,7.549,7.549,7.549,0.0
2011-06-13,7.527,7.527,7.527,7.527,0.0
2011-06-14,7.646,7.646,7.646,7.646,0.0
2011-06-15,7.67,7.67,7.67,7.67,0.0
2011-06-16,7.67,7.67,7.67,7.67,0.0
2011-06-17,7.732,7.732,7.732,7.732,0.0
2011-06-20,7.73,7.73,7.73,7.73,0.0
2011-06-21,7.572,7.572,7.572,7.572,0.0
2011-06-22,7.585,7.585,7.585,7.585,0.0
2011-06-23,7.584,7.584,7.584,7.584,0.0
2011-06-24,7.607,7.607,7.607,7.607,0.0
2011-06-27,7.596,7.596,7.596,7.596,0.0
2011-06-28,7.597,7.597,7.597,7.597,0.0
2011-06-29,7.569,7.569,7.569,7.569,0.0
2011-06-30,7.566,7.566,7.566,7.566,0.0
2011-07-01,7.566,7.566,7.566,7.566,0.0
2011-07-05,7.503,7.503,7.503,7.503,0.0
2011-07-06,7.518,7.518,7.518,7.518,0.0
2011-07-07,7.546,7.546,7.546,7.546,0.0
2011-07-08,7.613,7.613,7.613,7.613,0.0
2011-07-11,7.653,7.653,7.653,7.653,0.0
2011-07-12,7.653,7.653,7.653,7.653,0.0
2011-07-13,7.597,7.597,7.597,7.597,0.0
2011-07-14,7.575,7.575,7.575,7.575,0.0
2011-07-15,7.577,7.577,7.577,7.577,0.0
2011-07-18,7.557,7.557,7.557,7.557,0.0
2011-07-19,7.449,7.449,7.449,7.449,0.0
2011-07-20,7.4,7.4,7.4,7.4,0.0
2011-07-21,7.431,7.431,7.431,7.431,0.0
2011-07-22,7.407,7.407,7.407,7.407,0.0
2011-07-25,7.392,7.392,7.392,7.392,0.0
2011-07-26,7.387,7.387,7.387,7.387,0.0
2011-07-27,7.4,7.4,7.4,7.4,0.0
2011-07-28,7.426,7.426,7.426,7.426,0.0
2011-07-29,7.424,7.424,7.424,7.424,0.0
2011-08-01,7.478,7.478,7.478,7.478,0.0
2011-08-02,7.382,7.382,7.382,7.382,0.0
2011-08-03,7.333,7.333,7.333,7.333,0.0
2011-08-04,7.216,7.216,7.216,7.216,0.0
2011-08-05,7.153,7.153,7.153,7.153,0.0
2011-08-08,7.124,7.124,7.124,7.124,0.0
2011-08-09,7.1,7.1,7.1,7.1,0.0
2011-08-10,7.072,7.072,7.072,7.072,0.0
2011-08-11,7.125,7.125,7.125,7.125,0.0
2011-08-12,7.138,7.138,7.138,7.138,0.0
2011-08-15,7.202,7.202,7.202,7.202,0.0
2011-08-16,7.273,7.273,7.273,7.273,0.0
2011-08-17,7.24,7.24,7.24,7.24,0.0
2011-08-18,7.23,7.23,7.23,7.23,0.0
2011-08-19,7.268,7.268,7.268,7.268,0.0
2011-08-22,7.244,7.244,7.244,7.244,0.0
2011-08-23,7.262,7.262,7.262,7.262,0.0
2011-08-24,7.114,7.114,7.114,7.114,0.0
2011-08-25,7.105,7.105,7.105,7.105,0.0
2011-08-26,7.102,7.102,7.102,7.102,0.0
2011-08-29,7.071,7.071,7.071,7.071,0.0
2011-08-30,7.087,7.087,7.087,7.087,0.0
2011-08-31,7.09,7.09,7.09,7.09,0.0
2011-09-01,7.151,7.151,7.151,7.151,0.0
2011-09-02,7.141,7.141,7.141,7.141,0.0
2011-09-06,7.144,7.144,7.144,7.144,0.0
2011-09-07,7.111,7.111,7.111,7.111,0.0
2011-09-08,7.101,7.101,7.101,7.101,0.0
2011-09-09,7.048,7.048,7.048,7.048,0.0
2011-09-12,7.021,7.021,7.021,7.021,0.0
2011-09-13,7.043,7.043,7.043,7.043,0.0
2011-09-14,7.001,7.001,7.001,7.001,0.0
2011-09-15,6.981,6.981,6.981,6.981,0.0
2011-09-16,6.988,6.988,6.988,6.988,0.0
2011-09-19,6.978,6.978,6.978,6.978,0.0
2011-09-20,7.02,7.02,7.02,7.02,0.0
2011-09-21,7.02,7.02,7.02,7.02,0.0
2011-09-22,6.888,6.888,6.888,6.888,0.0
2011-09-23,6.894,6.894,6.894,6.894,0.0
2011-09-26,6.941,6.941,6.941,6.941,0.0
2011-09-27,7.023,7.023,7.023,7.023,0.0
2011-09-28,7.029,7.029,7.029,7.029,0.0
2011-09-29,7.01,7.01,7.01,7.01,0.0
2011-09-30,6.997,6.997,6.997,6.997,0.0
2011-10-03,6.983,6.983,6.983,6.983,0.0
2011-10-04,6.924,6.924,6.924,6.924,0.0
2011-10-05,6.897,6.897,6.897,6.897,0.0
2011-10-06,6.842,6.842,6.842,6.842,0.0
2011-10-07,6.804,6.804,6.804,6.804,0.0
2011-10-10,6.793,6.793,6.793,6.793,0.0
2011-10-11,6.763,6.763,6.763,6.763,0.0
2011-10-12,6.752,6.752,6.752,6.752,0.0
2011-10-13,6.779,6.779,6.779,6.779,0.0
2011-10-14,6.841,6.841,6.841,6.841,0.0
2011-10-17,6.828,6.828,6.828,6.828,0.0
2011-10-18,6.805,6.805,6.805,6.805,0.0
2011-10-19,6.807,6.807,6.807,6.807,0.0
2011-10-20,6.813,6.813,6.813,6.813,0.0
2011-10-21,6.815,6.815,6.815,6.815,0.0
2011-10-24,6.812,6.812,6.812,6.812,0.0
2011-10-25,6.848,6.848,6.848,6.848,0.0
2011-10-26,6.89,6.89,6.89,6.89,0.0
2011-10-27,6.895,6.895,6.895,6.895,0.0
2011-10-28,7.003,7.003,7.003,7.003,0.0
2011-10-31,7.003,7.003,7.003,7.003,0.0
2011-11-01,6.933,6.933,6.933,6.933,0.0
2011-11-02,6.892,6.892,6.892,6.892,0.0
2011-11-03,6.97,6.97,6.97,6.97,0.0
2011-11-04,6.96,6.96,6.96,6.96,0.0
2011-11-07,6.938,6.938,6.938,6.938,0.0
2011-11-08,6.896,6.896,6.896,6.896,0.0
2011-11-09,6.873,6.873,6.873,6.873,0.0
2011-11-10,6.823,6.823,6.823,6.823,0.0
2011-11-11,6.753,6.753,6.753,6.753,0.0
2011-11-14,6.731,6.731,6.731,6.731,0.0
2011-11-15,6.741,6.741,6.741,6.741,0.0
2011-11-16,6.716,6.716,6.716,6.716,0.0
2011-11-17,6.668,6.668,6.668,6.668,0.0
2011-11-18,6.627,6.627,6.627,6.627,0.0
2011-11-21,6.637,6.637,6.637,6.637,0.0
2011-11-22,6.616,6.616,6.616,6.616,0.0
2011-11-23,6.588,6.588,6.588,6.588,0.0
2011-11-25,6.627,6.627,6.627,6.627,0.0
2011-11-28,6.593,6.593,6.593,6.593,0.0
2011-11-29,6.699,6.699,6.699,6.699,0.0
2011-11-30,6.684,6.684,6.684,6.684,0.0
2011-12-01,6.669,6.669,6.669,6.669,0.0
2011-12-02,6.67,6.67,6.67,6.67,0.0
2011-12-05,6.67,6.67,6.67,6.67,0.0
2011-12-06,6.639,6.639,6.639,6.639,0.0
2011-12-07,6.693,6.693,6.693,6.693,0.0
2011-12-08,6.663,6.663,6.663,6.663,0.0
2011-12-09,6.631,6.631,6.631,6.631,0.0
2011-12-12,6.593,6.593,6.593,6.593,0.0
2011-12-13,6.512,6.512,6.512,6.512,0.0
2011-12-14,6.472,6.472,6.472,6.472,0.0
2011-12-15,6.434,6.434,6.434,6.434,0.0
2011-12-16,6.464,6.464,6.464,6.464,0.0
2011-12-19,6.461,6.461,6.461,6.461,0.0
2011-12-20,6.461,6.461,6.461,6.461,0.0
2011-12-21,6.418,6.418,6.418,6.418,0.0
2011-12-22,6.433,6.433,6.433,6.433,0.0
2011-12-23,6.418,6.418,6.418,6.418,0.0
2011-12-27,6.418,6.418,6.418,6.418,0.0
2011-12-28,6.408,6.408,6.408,6.408,0.0
2011-12-29,6.408,6.408,6.408,6.408,0.0
2011-12-30,6.408,6.408,6.408,6.408,0.0
2012-01-03,6.407,6.407,6.407,6.407,0.0
2012-01-04,6.412,6.412,6.412,6.412,0.0
2012-01-05,6.443,6.443,6.443,6.443,0.0
2012-01-06,6.483,6.483,6.483,6.483,0.0
2012-01-09,6.464,6.464,6.464,6.464,0.0
2012-01-10,6.426,6.426,6.426,6.426,0.0
2012-01-11,6.466,6.466,6.466,6.466,0.0
2012-01-12,6.443,6.443,6.443,6.443,0.0
2012-01-13,6.441,6.441,6.441,6.441,0.0
2012-01-17,6.416,6.416,6.416,6.416,0.0
2012-01-18,6.327,6.327,6.327,6.327,0.0
2012-01-19,6.338,6.338,6.338,6.338,0.0
2012-01-20,6.179,6.179,6.179,6.179,0.0
2012-01-23,6.179,6.179,6.179,6.179,0.0
2012-01-24,6.215,6.215,6.215,6.215,0.0
2012-01-25,6.229,6.229,6.229,6.229,0.0
2012-01-26,6.164,6.164,6.164,6.164,0.0
2012-01-27,6.196,6.196,6.196,6.196,0.0
2012-01-30,6.171,6.171,6.171,6.171,0.0
2012-01-31,6.126,6.126,6.126,6.126,0.0
2012-02-01,6.101,6.101,6.101,6.101,0.0
2012-02-02,6.185,6.185,6.185,6.185,0.0
2012-02-03,6.219,6.219,6.219,6.219,0.0
2012-02-06,6.263,6.263,6.263,6.263,0.0
2012-02-07,6.171,6.171,6.171,6.171,0.0
2012-02-08,6.111,6.111,6.111,6.111,0.0
2012-02-09,5.976,5.976,5.976,5.976,0.0
2012-02-10,5.967,5.967,5.967,5.967,0.0
2012-02-13,5.967,5.967,5.967,5.967,0.0
2012-02-14,5.981,5.981,5.981,5.981,0.0
2012-02-15,5.981,5.981,5.981,5.981,0.0
2012-02-16,5.949,5.949,5.949,5.949,0.0
2012-02-17,5.969,5.969,5.969,5.969,0.0
2012-02-21,5.938,5.938,5.938,5.938,0.0
2012-02-22,6.002,6.002,6.002,6.002,0.0
2012-02-23,6.002,6.002,6.002,6.002,0.0
2012-02-24,5.965,5.965,5.965,5.965,0.0
2012-02-27,5.927,5.927,5.927,5.927,0.0
2012-02-28,5.911,5.911,5.911,5.911,0.0
2012-02-29,5.921,5.921,5.921,5.921,0.0
2012-03-01,5.876,5.876,5.876,5.876,0.0
2012-03-02,5.915,5.915,5.915,5.915,0.0
2012-03-05,5.842,5.842,5.842,5.842,0.0
2012-03-06,5.77,5.77,5.77,5.77,0.0
2012-03-07,5.725,5.725,5.725,5.725,0.0
2012-03-08,5.726,5.726,5.726,5.726,0.0
2012-03-09,5.836,5.836,5.836,5.836,0.0
2012-03-12,5.815,5.815,5.815,5.815,0.0
2012-03-13,5.864,5.864,5.864,5.864,0.0
2012-03-14,5.929,5.929,5.929,5.929,0.0
2012-03-15,5.929,5.929,5.929,5.929,0.0
2012-03-16,5.908,5.908,5.908,5.908,0.0
2012-03-19,5.916,5.916,5.916,5.916,0.0
2012-03-20,5.885,5.885,5.885,5.885,0.0
2012-03-21,5.875,5.875,5.875,5.875,0.0
2012-03-22,5.862,5.862,5.862,5.862,0.0
2012-03-23,5.882,5.882,5.882,5.882,0.0
2012-03-26,5.894,5.894,5.894,5.894,0.0
2012-03-27,5.878,5.878,5.878,5.878,0.0
2012-03-28,5.89,5.89,5.89,5.89,0.0
2012-03-29,5.857,5.857,5.857,5.857,0.0
2012-03-30,5.925,5.925,5.925,5.925,0.0
2012-04-02,5.911,5.911,5.911,5.911,0.0
2012-04-03,5.911,5.911,5.911,5.911,0.0
2012-04-04,5.911,5.911,5.911,5.911,0.0
2012-04-05,5.875,5.875,5.875,5.875,0.0
2012-04-09,5.895,5.895,5.895,5.895,0.0
2012-04-10,5.874,5.874,5.874,5.874,0.0
2012-04-11,5.833,5.833,5.833,5.833,0.0
2012-04-12,5.746,5.746,5.746,5.746,0.0
2012-04-13,5.734,5.734,5.734,5.734,0.0
2012-04-16,5.704,5.704,5.704,5.704,0.0
2012-04-17,5.643,5.643,5.643,5.643,0.0
2012-04-18,5.621,5.621,5.621,5.621,0.0
2012-04-19,5.591,5.591,5.591,5.591,0.0
2012-04-20,5.528,5.528,5.528,5.528,0.0
2012-04-23,5.487,5.487,5.487,5.487,0.0
2012-04-24,5.521,5.521,5.521,5.521,0.0
2012-04-25,5.42,5.42,5.42,5.42,0.0
2012-04-26,5.444,5.444,5.444,5.444,0.0
2012-04-27,5.455,5.455,5.455,5.455,0.0
2012-04-30,5.495,5.495,5.495,5.495,0.0
2012-05-01,5.497,5.497,5.497,5.497,0.0
2012-05-02,5.5,5.5,5.5,5.5,0.0
2012-05-03,5.505,5.505,5.505,5.505,0.0
2012-05-04,5.497,5.497,5.497,5.497,0.0
2012-05-07,5.507,5.507,5.507,5.507,0.0
2012-05-08,5.5,5.5,5.5,5.5,0.0
2012-05-09,5.529,5.529,5.529,5.529,0.0
2012-05-10,5.514,5.514,5.514,5.514,0.0
2012-05-11,5.494,5.494,5.494,5.494,0.0
2012-05-14,5.502,5.502,5.502,5.502,0.0
2012-05-15,5.534,5.534,5.534,5.534,0.0
2012-05-16,5.562,5.562,5.562,5.562,0.0
2012-05-17,5.551,5.551,5.551,5.551,0.0
2012-05-18,5.59,5.59,5.59,5.59,0.0
2012-05-21,5.53,5.53,5.53,5.53,0.0
2012-05-22,5.571,5.571,5.571,5.571,0.0
2012-05-23,5.555,5.555,5.555,5.555,0.0
2012-05-24,5.564,5.564,5.564,5.564,0.0
2012-05-25,5.609,5.609,5.609,5.609,0.0
2012-05-29,5.575,5.575,5.575,5.575,0.0
2012-05-30,5.533,5.533,5.533,5.533,0.0
2012-05-31,5.603,5.603,5.603,5.603,0.0
2012-06-01,5.563,5.563,5.563,5.563,0.0
2012-06-04,5.565,5.565,5.565,5.565,0.0
2012-06-05,5.507,5.507,5.507,5.507,0.0
2012-06-06,5.502,5.502,5.502,5.502,0.0
2012-06-07,5.481,5.481,5.481,5.481,0.0
2012-06-08,5.502,5.502,5.502,5.502,0.0
2012-06-11,5.465,5.465,5.465,5.465,0.0
2012-06-12,5.465,5.465,5.465,5.465,0.0
2012-06-13,5.466,5.466,5.466,5.466,0.0
2012-06-14,5.491,5.491,5.491,5.491,0.0
2012-06-15,5.377,5.377,5.377,5.377,0.0
2012-06-18,5.323,5.323,5.323,5.323,0.0
2012-06-19,5.363,5.363,5.363,5.363,0.0
2012-06-20,5.363,5.363,5.363,5.363,0.0
2012-06-21,5.338,5.338,5.338,5.338,0.0
2012-06-22,5.31,5.31,5.31,5.31,0.0
2012-06-25,5.337,5.337,5.337,5.337,0.0
2012-06-26,5.382,5.382,5.382,5.382,0.0
2012-06-27,5.4,5.4,5.4,5.4,0.0
2012-06-28,5.398,5.398,5.398,5.398,0.0
2012-06-29,5.386,5.386,5.386,5.386,0.0
2012-07-02,5.397,5.397,5.397,5.397,0.0
2012-07-03,5.438,5.438,5.438,5.438,0.0
2012-07-05,5.441,5.441,5.441,5.441,0.0
2012-07-06,5.393,5.393,5.393,5.393,0.0
2012-07-09,5.442,5.442,5.442,5.442,0.0
2012-07-10,5.435,5.435,5.435,5.435,0.0
2012-07-11,5.482,5.482,5.482,5.482,0.0
2012-07-12,5.471,5.471,5.471,5.471,0.0
2012-07-13,5.474,5.474,5.474,5.474,0.0
2012-07-16,5.425,5.425,5.425,5.425,0.0
2012-07-17,5.585,5.585,5.585,5.585,0.0
2012-07-18,5.655,5.655,5.655,5.655,0.0
2012-07-19,5.614,5.614,5.614,5.614,0.0
2012-07-20,5.636,5.636,5.636,5.636,0.0
2012-07-23,5.645,5.645,5.645,5.645,0.0
2012-07-24,5.682,5.682,5.682,5.682,0.0
2012-07-25,5.689,5.689,5.689,5.689,0.0
2012-07-26,5.732,5.732,5.732,5.732,0.0
2012-07-27,5.734,5.734,5.734,5.734,0.0
2012-07-30,5.802,5.802,5.802,5.802,0.0
2012-07-31,5.762,5.762,5.762,5.762,0.0
2012-08-01,5.727,5.727,5.727,5.727,0.0
2012-08-02,5.607,5.607,5.607,5.607,0.0
2012-08-03,5.579,5.579,5.579,5.579,0.0
2012-08-06,5.85,5.85,5.85,5.85,0.0
2012-08-07,5.785,5.785,5.785,5.785,0.0
2012-08-08,6.024,6.024,6.024,6.024,0.0
2012-08-09,5.924,5.924,5.924,5.924,0.0
2012-08-10,5.861,5.861,5.861,5.861,0.0
2012-08-13,5.834,5.834,5.834,5.834,0.0
2012-08-14,5.876,5.876,5.876,5.876,0.0
2012-08-15,5.969,5.969,5.969,5.969,0.0
2012-08-16,5.942,5.942,5.942,5.942,0.0
2012-08-17,5.94,5.94,5.94,5.94,0.0
2012-08-20,5.979,5.979,5.979,5.979,0.0
2012-08-21,5.982,5.982,5.982,5.982,0.0
2012-08-22,5.973,5.973,5.973,5.973,0.0
2012-08-23,5.956,5.956,5.956,5.956,0.0
2012-08-24,5.918,5.918,5.918,5.918,0.0
2012-08-27,5.893,5.893,5.893,5.893,0.0
2012-08-28,5.838,5.838,5.838,5.838,0.0
2012-08-29,5.859,5.859,5.859,5.859,0.0
2012-08-30,5.866,5.866,5.866,5.866,0.0
2012-08-31,5.85,5.85,5.85,5.85,0.0
2012-09-04,5.852,5.852,5.852,5.852,0.0
2012-09-05,5.842,5.842,5.842,5.842,0.0
2012-09-06,5.838,5.838,5.838,5.838,0.0
2012-09-07,5.788,5.788,5.788,5.788,0.0
2012-09-10,5.775,5.775,5.775,5.775,0.0
2012-09-11,5.815,5.815,5.815,5.815,0.0
2012-09-12,5.89,5.89,5.89,5.89,0.0
2012-09-13,5.895,5.895,5.895,5.895,0.0
2012-09-14,5.885,5.885,5.885,5.885,0.0
2012-09-17,5.866,5.866,5.866,5.866,0.0
2012-09-18,5.962,5.962,5.962,5.962,0.0
2012-09-19,5.962,5.962,5.962,5.962,0.0
2012-09-20,5.966,5.966,5.966,5.966,0.0
2012-09-21,6.025,6.025,6.025,6.025,0.0
2012-09-24,6.009,6.009,6.009,6.009,0.0
2012-09-25,6.026,6.026,6.026,6.026,0.0
2012-09-26,5.992,5.992,5.992,5.992,0.0
2012-09-27,6.016,6.016,6.016,6.016,0.0
2012-09-28,6.028,6.028,6.028,6.028,0.0
2012-10-01,6.049,6.049,6.049,6.049,0.0
2012-10-02,6.005,6.005,6.005,6.005,0.0
2012-10-03,5.983,5.983,5.983,5.983,0.0
2012-10-04,5.977,5.977,5.977,5.977,0.0
2012-10-05,6.027,6.027,6.027,6.027,0.0
2012-10-08,6.066,6.066,6.066,6.066,0.0
2012-10-09,6.072,6.072,6.072,6.072,0.0
2012-10-10,6.048,6.048,6.048,6.048,0.0
2012-10-11,6.076,6.076,6.076,6.076,0.0
2012-10-12,6.037,6.037,6.037,6.037,0.0
2012-10-15,6.003,6.003,6.003,6.003,0.0
2012-10-16,6.009,6.009,6.009,6.009,0.0
2012-10-17,6.057,6.057,6.057,6.057,0.0
2012-10-18,6.005,6.005,6.005,6.005,0.0
2012-10-19,6.003,6.003,6.003,6.003,0.0
2012-10-22,6.008,6.008,6.008,6.008,0.0
2012-10-23,6.042,6.042,6.042,6.042,0.0
2012-10-24,6.017,6.017,6.017,6.017,0.0
2012-10-25,6.047,6.047,6.047,6.047,0.0
2012-10-26,6.056,6.056,6.056,6.056,0.0
2012-10-29,6.125,6.125,6.125,6.125,0.0
2012-10-30,6.056,6.056,6.056,6.056,0.0
2012-10-31,6.059,6.059,6.059,6.059,0.0
2012-11-01,6.066,6.066,6.066,6.066,0.0
2012-11-02,5.965,5.965,5.965,5.965,0.0
2012-11-05,5.922,5.922,5.922,5.922,0.0
2012-11-06,5.971,5.971,5.971,5.971,0.0
2012-11-07,5.947,5.947,5.947,5.947,0.0
2012-11-08,5.99,5.99,5.99,5.99,0.0
2012-11-09,5.929,5.929,5.929,5.929,0.0
2012-11-12,5.979,5.979,5.979,5.979,0.0
2012-11-13,6.018,6.018,6.018,6.018,0.0
2012-11-14,5.985,5.985,5.985,5.985,0.0
2012-11-15,5.906,5.906,5.906,5.906,0.0
2012-11-16,5.904,5.904,5.904,5.904,0.0
2012-11-19,5.869,5.869,5.869,5.869,0.0
2012-11-20,5.91,5.91,5.91,5.91,0.0
2012-11-21,5.879,5.879,5.879,5.879,0.0
2012-11-23,5.866,5.866,5.866,5.866,0.0
2012-11-26,5.835,5.835,5.835,5.835,0.0
2012-11-27,5.87,5.87,5.87,5.87,0.0
2012-11-28,5.862,5.862,5.862,5.862,0.0
2012-11-29,5.786,5.786,5.786,5.786,0.0
2012-11-30,5.767,5.767,5.767,5.767,0.0
2012-12-03,5.801,5.801,5.801,5.801,0.0
2012-12-04,5.776,5.776,5.776,5.776,0.0
2012-12-05,5.806,5.806,5.806,5.806,0.0
2012-12-06,5.798,5.798,5.798,5.798,0.0
2012-12-07,5.775,5.775,5.775,5.775,0.0
2012-12-10,5.797,5.797,5.797,5.797,0.0
2012-12-11,5.77,5.77,5.77,5.77,0.0
2012-12-12,5.764,5.764,5.764,5.764,0.0
2012-12-13,5.771,5.771,5.771,5.771,0.0
2012-12-14,5.767,5.767,5.767,5.767,0.0
2012-12-17,5.822,5.822,5.822,5.822,0.0
2012-12-18,5.959,5.959,5.959,5.959,0.0
2012-12-19,5.929,5.929,5.929,5.929,0.0
2012-12-20,5.995,5.995,5.995,5.995,0.0
2012-12-21,5.977,5.977,5.977,5.977,0.0
2012-12-24,5.94,5.94,5.94,5.94,0.0
2012-12-26,5.96,5.96,5.96,5.96,0.0
2012-12-27,5.943,5.943,5.943,5.943,0.0
2012-12-28,5.938,5.938,5.938,5.938,0.0
2012-12-31,5.897,5.897,5.897,5.897,0.0
2013-01-02,5.861,5.861,5.861,5.861,0.0
2013-01-03,5.856,5.856,5.856,5.856,0.0
2013-01-04,5.914,5.914,5.914,5.914,0.0
2013-01-07,5.895,5.895,5.895,5.895,0.0
2013-01-08,5.873,5.873,5.873,5.873,0.0
2013-01-09,5.853,5.853,5.853,5.853,0.0
2013-01-10,5.865,5.865,5.865,5.865,0.0
2013-01-11,5.826,5.826,5.826,5.826,0.0
2013-01-14,5.813,5.813,5.813,5.813,0.0
2013-01-15,5.823,5.823,5.823,5.823,0.0
2013-01-16,5.823,5.823,5.823,5.823,0.0
2013-01-17,5.812,5.812,5.812,5.812,0.0
2013-01-18,5.843,5.843,5.843,5.843,0.0
2013-01-22,5.837,5.837,5.837,5.837,0.0
2013-01-23,5.872,5.872,5.872,5.872,0.0
2013-01-24,5.843,5.843,5.843,5.843,0.0
2013-01-25,5.863,5.863,5.863,5.863,0.0
2013-01-28,5.803,5.803,5.803,5.803,0.0
2013-01-29,5.774,5.774,5.774,5.774,0.0
2013-01-30,5.798,5.798,5.798,5.798,0.0
2013-01-31,5.789,5.789,5.789,5.789,0.0
2013-02-01,5.746,5.746,5.746,5.746,0.0
2013-02-04,5.766,5.766,5.766,5.766,0.0
2013-02-05,5.768,5.768,5.768,5.768,0.0
2013-02-06,5.763,5.763,5.763,5.763,0.0
2013-02-07,5.739,5.739,5.739,5.739,0.0
2013-02-08,5.784,5.784,5.784,5.784,0.0
2013-02-11,5.794,5.794,5.794,5.794,0.0
2013-02-12,5.811,5.811,5.811,5.811,0.0
2013-02-13,5.84,5.84,5.84,5.84,0.0
2013-02-14,5.816,5.816,5.816,5.816,0.0
2013-02-15,5.797,5.797,5.797,5.797,0.0
2013-02-19,5.838,5.838,5.838,5.838,0.0
2013-02-20,5.816,5.816,5.816,5.816,0.0
2013-02-21,5.789,5.789,5.789,5.789,0.0
2013-02-22,5.786,5.786,5.786,5.786,0.0
2013-02-25,5.787,5.787,5.787,5.787,0.0
2013-02-26,5.791,5.791,5.791,5.791,0.0
2013-02-27,5.784,5.784,5.784,5.784,0.0
2013-02-28,5.805,5.805,5.805,5.805,0.0
2013-03-01,5.826,5.826,5.826,5.826,0.0
2013-03-04,5.871,5.871,5.871,5.871,0.0
2013-03-05,5.859,5.859,5.859,5.859,0.0
2013-03-06,5.829,5.829,5.829,5.829,0.0
2013-03-07,5.863,5.863,5.863,5.863,0.0
2013-03-08,5.859,5.859,5.859,5.859,0.0
2013-03-11,5.852,5.852,5.852,5.852,0.0
2013-03-12,5.822,5.822,5.822,5.822,0.0
2013-03-13,5.833,5.833,5.833,5.833,0.0
2013-03-14,5.825,5.825,5.825,5.825,0.0
2013-03-15,5.828,5.828,5.828,5.828,0.0
2013-03-18,5.813,5.813,5.813,5.813,0.0
2013-03-19,5.838,5.838,5.838,5.838,0.0
2013-03-20,5.832,5.832,5.832,5.832,0.0
2013-03-21,5.769,5.769,5.769,5.769,0.0
2013-03-22,5.761,5.761,5.761,5.761,0.0
2013-03-25,5.727,5.727,5.727,5.727,0.0
2013-03-26,5.739,5.739,5.739,5.739,0.0
2013-03-27,5.674,5.674,5.674,5.674,0.0
2013-03-28,5.591,5.591,5.591,5.591,0.0
2013-04-01,5.58,5.58,5.58,5.58,0.0
2013-04-02,5.543,5.543,5.543,5.543,0.0
2013-04-03,5.599,5.599,5.599,5.599,0.0
2013-04-04,5.611,5.611,5.611,5.611,0.0
2013-04-05,5.588,5.588,5.588,5.588,0.0
2013-04-08,5.504,5.504,5.504,5.504,0.0
2013-04-09,5.334,5.334,5.334,5.334,0.0
2013-04-10,5.278,5.278,5.278,5.278,0.0
2013-04-11,5.357,5.357,5.357,5.357,0.0
2013-04-12,5.511,5.511,5.511,5.511,0.0
2013-04-15,5.522,5.522,5.522,5.522,0.0
2013-04-16,5.603,5.603,5.603,5.603,0.0
2013-04-17,5.607,5.607,5.607,5.607,0.0
2013-04-18,5.597,5.597,5.597,5.597,0.0
2013-04-19,5.596,5.596,5.596,5.596,0.0
2013-04-22,5.589,5.589,5.589,5.589,0.0
2013-04-23,5.577,5.577,5.577,5.577,0.0
2013-04-24,5.469,5.469,5.469,5.469,0.0
2013-04-25,5.482,5.482,5.482,5.482,0.0
2013-04-26,5.484,5.484,5.484,5.484,0.0
2013-04-29,5.497,5.497,5.497,5.497,0.0
2013-04-30,5.498,5.498,5.498,5.498,0.0
2013-05-01,5.483,5.483,5.483,5.483,0.0
2013-05-02,5.486,5.486,5.486,5.486,0.0
2013-05-03,5.549,5.549,5.549,5.549,0.0
2013-05-06,5.6,5.6,5.6,5.6,0.0
2013-05-07,5.599,5.599,5.599,5.599,0.0
2013-05-08,5.583,5.583,5.583,5.583,0.0
2013-05-09,5.545,5.545,5.545,5.545,0.0
2013-05-10,5.522,5.522,5.522,5.522,0.0
2013-05-13,5.532,5.532,5.532,5.532,0.0
2013-05-14,5.563,5.563,5.563,5.563,0.0
2013-05-15,5.545,5.545,5.545,5.545,0.0
2013-05-16,5.542,5.542,5.542,5.542,0.0
2013-05-17,5.699,5.699,5.699,5.699,0.0
2013-05-20,5.864,5.864,5.864,5.864,0.0
2013-05-21,5.931,5.931,5.931,5.931,0.0
2013-05-22,6.036,6.036,6.036,6.036,0.0
2013-05-23,6.024,6.024,6.024,6.024,0.0
2013-05-24,6.015,6.015,6.015,6.015,0.0
2013-05-28,6.004,6.004,6.004,6.004,0.0
2013-05-29,5.995,5.995,5.995,5.995,0.0
2013-05-30,5.955,5.955,5.955,5.955,0.0
2013-05-31,5.977,5.977,5.977,5.977,0.0
2013-06-03,5.992,5.992,5.992,5.992,0.0
2013-06-04,5.969,5.969,5.969,5.969,0.0
2013-06-05,5.941,5.941,5.941,5.941,0.0
2013-06-06,5.886,5.886,5.886,5.886,0.0
2013-06-07,5.912,5.912,5.912,5.912,0.0
2013-06-10,5.896,5.896,5.896,5.896,0.0
2013-06-11,5.821,5.821,5.821,5.821,0.0
2013-06-12,5.785,5.785,5.785,5.785,0.0
2013-06-13,5.789,5.789,5.789,5.789,0.0
2013-06-14,5.775,5.775,5.775,5.775,0.0
2013-06-17,5.811,5.811,5.811,5.811,0.0
2013-06-18,5.868,5.868,5.868,5.868,0.0
2013-06-19,5.835,5.835,5.835,5.835,0.0
2013-06-20,5.816,5.816,5.816,5.816,0.0
2013-06-21,5.902,5.902,5.902,5.902,0.0
2013-06-24,6.013,6.013,6.013,6.013,0.0
2013-06-25,6.08,6.08,6.08,6.08,0.0
2013-06-26,6.127,6.127,6.127,6.127,0.0
2013-06-27,6.066,6.066,6.066,6.066,0.0
2013-06-28,6.098,6.098,6.098,6.098,0.0
2013-07-01,6.033,6.033,6.033,6.033,0.0
2013-07-02,6.068,6.068,6.068,6.068,0.0
2013-07-03,6.09,6.09,6.09,6.09,0.0
2013-07-05,6.049,6.049,6.049,6.049,0.0
2013-07-08,6.096,6.096,6.096,6.096,0.0
2013-07-09,6.006,6.006,6.006,6.006,0.0
2013-07-10,5.992,5.992,5.992,5.992,0.0
2013-07-11,5.989,5.989,5.989,5.989,0.0
2013-07-12,5.989,5.989,5.989,5.989,0.0
2013-07-15,6.01,6.01,6.01,6.01,0.0
2013-07-16,6.009,6.009,6.009,6.009,0.0
2013-07-17,6.011,6.011,6.011,6.011,0.0
2013-07-18,5.961,5.961,5.961,5.961,0.0
2013-07-19,5.915,5.915,5.915,5.915,0.0
2013-07-22,5.891,5.891,5.891,5.891,0.0
2013-07-23,5.86,5.86,5.86,5.86,0.0
2013-07-24,5.879,5.879,5.879,5.879,0.0
2013-07-25,5.904,5.904,5.904,5.904,0.0
2013-07-26,5.845,5.845,5.845,5.845,0.0
2013-07-29,5.845,5.845,5.845,5.845,0.0
2013-07-30,5.812,5.812,5.812,5.812,0.0
2013-07-31,5.83,5.83,5.83,5.83,0.0
2013-08-01,5.806,5.806,5.806,5.806,0.0
2013-08-02,5.791,5.791,5.791,5.791,0.0
2013-08-05,5.779,5.779,5.779,5.779,0.0
2013-08-06,5.762,5.762,5.762,5.762,0.0
2013-08-07,5.784,5.784,5.784,5.784,0.0
2013-08-08,5.75,5.75,5.75,5.75,0.0
2013-08-09,5.72,5.72,5.72,5.72,0.0
2013-08-12,5.66,5.66,5.66,5.66,0.0
2013-08-13,5.592,5.592,5.592,5.592,0.0
2013-08-14,5.543,5.543,5.543,5.543,0.0
2013-08-15,5.571,5.571,5.571,5.571,0.0
2013-08-16,5.553,5.553,5.553,5.553,0.0
2013-08-19,5.564,5.564,5.564,5.564,0.0
2013-08-20,5.55,5.55,5.55,5.55,0.0
2013-08-21,5.514,5.514,5.514,5.514,0.0
2013-08-22,5.541,5.541,5.541,5.541,0.0
2013-08-23,5.511,5.511,5.511,5.511,0.0
2013-08-26,5.463,5.463,5.463,5.463,0.0
2013-08-27,5.408,5.408,5.408,5.408,0.0
2013-08-28,5.425,5.425,5.425,5.425,0.0
2013-08-29,5.435,5.435,5.435,5.435,0.0
2013-08-30,5.447,5.447,5.447,5.447,0.0
2013-09-03,5.456,5.456,5.456,5.456,0.0
2013-09-04,5.423,5.423,5.423,5.423,0.0
2013-09-05,5.409,5.409,5.409,5.409,0.0
2013-09-06,5.411,5.411,5.411,5.411,0.0
2013-09-09,5.406,5.406,5.406,5.406,0.0
2013-09-10,5.42,5.42,5.42,5.42,0.0
2013-09-11,5.407,5.407,5.407,5.407,0.0
2013-09-12,5.396,5.396,5.396,5.396,0.0
2013-09-13,5.416,5.416,5.416,5.416,0.0
2013-09-16,5.418,5.418,5.418,5.418,0.0
2013-09-17,5.393,5.393,5.393,5.393,0.0
2013-09-18,5.446,5.446,5.446,5.446,0.0
2013-09-19,5.474,5.474,5.474,5.474,0.0
2013-09-20,5.46,5.46,5.46,5.46,0.0
2013-09-23,5.421,5.421,5.421,5.421,0.0
2013-09-24,5.401,5.401,5.401,5.401,0.0
2013-09-25,5.383,5.383,5.383,5.383,0.0
2013-09-26,5.449,5.449,5.449,5.449,0.0
2013-09-27,5.474,5.474,5.474,5.474,0.0
2013-09-30,5.424,5.424,5.424,5.424,0.0
2013-10-01,5.444,5.444,5.444,5.444,0.0
2013-10-02,5.403,5.403,5.403,5.403,0.0
2013-10-03,5.404,5.404,5.404,5.404,0.0
2013-10-04,5.412,5.412,5.412,5.412,0.0
2013-10-07,5.429,5.429,5.429,5.429,0.0
2013-10-08,5.452,5.452,5.452,5.452,0.0
2013-10-09,5.44,5.44,5.44,5.44,0.0
2013-10-10,5.435,5.435,5.435,5.435,0.0
2013-10-11,5.385,5.385,5.385,5.385,0.0
2013-10-14,5.402,5.402,5.402,5.402,0.0
2013-10-15,5.365,5.365,5.365,5.365,0.0
2013-10-16,5.307,5.307,5.307,5.307,0.0
2013-10-17,5.357,5.357,5.357,5.357,0.0
2013-10-18,5.368,5.368,5.368,5.368,0.0
2013-10-21,5.364,5.364,5.364,5.364,0.0
2013-10-22,5.395,5.395,5.395,5.395,0.0
2013-10-23,5.401,5.401,5.401,5.401,0.0
2013-10-24,5.388,5.388,5.388,5.388,0.0
2013-10-25,5.419,5.419,5.419,5.419,0.0
2013-10-28,5.372,5.372,5.372,5.372,0.0
2013-10-29,5.363,5.363,5.363,5.363,0.0
2013-10-30,5.349,5.349,5.349,5.349,0.0
2013-10-31,5.27,5.27,5.27,5.27,0.0
2013-11-01,5.195,5.195,5.195,5.195,0.0
2013-11-04,5.166,5.166,5.166,5.166,0.0
2013-11-05,5.148,5.148,5.148,5.148,0.0
2013-11-06,5.145,5.145,5.145,5.145,0.0
2013-11-07,5.139,5.139,5.139,5.139,0.0
2013-11-08,5.083,5.083,5.083,5.083,0.0
2013-11-11,5.092,5.092,5.092,5.092,0.0
2013-11-12,5.087,5.087,5.087,5.087,0.0
2013-11-13,5.041,5.041,5.041,5.041,0.0
2013-11-14,5.005,5.005,5.005,5.005,0.0
2013-11-15,4.991,4.991,4.991,4.991,0.0
2013-11-18,4.995,4.995,4.995,4.995,0.0
2013-11-19,4.935,4.935,4.935,4.935,0.0
2013-11-20,4.967,4.967,4.967,4.967,0.0
2013-11-21,4.95,4.95,4.95,4.95,0.0
2013-11-22,4.952,4.952,4.952,4.952,0.0
2013-11-25,4.963,4.963,4.963,4.963,0.0
2013-11-26,4.944,4.944,4.944,4.944,0.0
2013-11-27,4.946,4.946,4.946,4.946,0.0
2013-11-29,4.938,4.938,4.938,4.938,0.0
2013-12-02,5.028,5.028,5.028,5.028,0.0
2013-12-03,5.109,5.109,5.109,5.109,0.0
2013-12-04,5.194,5.194,5.194,5.194,0.0
2013-12-05,5.173,5.173,5.173,5.173,0.0
2013-12-06,5.149,5.149,5.149,5.149,0.0
2013-12-09,5.059,5.059,5.059,5.059,0.0
2013-12-10,5.026,5.026,5.026,5.026,0.0
2013-12-11,4.984,4.984,4.984,4.984,0.0
2013-12-12,4.875,4.875,4.875,4.875,0.0
2013-12-13,4.877,4.877,4.877,4.877,0.0
2013-12-16,4.91,4.91,4.91,4.91,0.0
2013-12-17,4.883,4.883,4.883,4.883,0.0
2013-12-18,4.85,4.85,4.85,4.85,0.0
2013-12-19,4.866,4.866,4.866,4.866,0.0
2013-12-20,4.826,4.826,4.826,4.826,0.0
2013-12-23,4.811,4.811,4.811,4.811,0.0
2013-12-24,4.838,4.838,4.838,4.838,0.0
2013-12-26,4.835,4.835,4.835,4.835,0.0
2013-12-27,4.847,4.847,4.847,4.847,0.0
2013-12-30,4.837,4.837,4.837,4.837,0.0
2013-12-31,4.764,4.764,4.764,4.764,0.0
2014-01-02,4.779,4.779,4.779,4.779,0.0
2014-01-03,4.805,4.805,4.805,4.805,0.0
2014-01-06,4.811,4.811,4.811,4.811,0.0
2014-01-07,4.829,4.829,4.829,4.829,0.0
2014-01-08,4.849,4.849,4.849,4.849,0.0
2014-01-09,4.795,4.795,4.795,4.795,0.0
2014-01-10,4.862,4.862,4.862,4.862,0.0
2014-01-13,4.779,4.779,4.779,4.779,0.0
2014-01-14,4.776,4.776,4.776,4.776,0.0
2014-01-15,4.762,4.762,4.762,4.762,0.0
2014-01-16,4.757,4.757,4.757,4.757,0.0
2014-01-17,4.747,4.747,4.747,4.747,0.0
2014-01-21,4.795,4.795,4.795,4.795,0.0
2014-01-22,4.795,4.795,4.795,4.795,0.0
2014-01-23,4.789,4.789,4.789,4.789,0.0
2014-01-24,4.791,4.791,4.791,4.791,0.0
2014-01-27,4.83,4.83,4.83,4.83,0.0
2014-01-28,4.816,4.816,4.816,4.816,0.0
2014-01-29,4.81,4.81,4.81,4.81,0.0
2014-01-30,4.834,4.834,4.834,4.834,0.0
2014-01-31,4.831,4.831,4.831,4.831,0.0
2014-02-03,4.87,4.87,4.87,4.87,0.0
2014-02-04,4.846,4.846,4.846,4.846,0.0
2014-02-05,4.811,4.811,4.811,4.811,0.0
2014-02-06,4.756,4.756,4.756,4.756,0.0
2014-02-07,4.761,4.761,4.761,4.761,0.0
2014-02-10,4.726,4.726,4.726,4.726,0.0
2014-02-11,4.614,4.614,4.614,4.614,0.0
2014-02-12,4.62,4.62,4.62,4.62,0.0
2014-02-13,4.606,4.606,4.606,4.606,0.0
2014-02-14,4.616,4.616,4.616,4.616,0.0
2014-02-18,4.617,4.617,4.617,4.617,0.0
2014-02-19,4.647,4.647,4.647,4.647,0.0
2014-02-20,4.712,4.712,4.712,4.712,0.0
2014-02-21,4.734,4.734,4.734,4.734,0.0
2014-02-24,4.767,4.767,4.767,4.767,0.0
2014-02-25,4.78,4.78,4.78,4.78,0.0
2014-02-26,4.737,4.737,4.737,4.737,0.0
2014-02-27,4.684,4.684,4.684,4.684,0.0
2014-02-28,4.654,4.654,4.654,4.654,0.0
2014-03-03,4.652,4.652,4.652,4.652,0.0
2014-03-04,4.68,4.68,4.68,4.68,0.0
2014-03-05,4.703,4.703,4.703,4.703,0.0
2014-03-06,4.832,4.832,4.832,4.832,0.0
2014-03-07,4.794,4.794,4.794,4.794,0.0
2014-03-10,4.804,4.804,4.804,4.804,0.0
2014-03-11,4.785,4.785,4.785,4.785,0.0
2014-03-12,4.835,4.835,4.835,4.835,0.0
2014-03-13,4.919,4.919,4.919,4.919,0.0
2014-03-14,5.009,5.009,5.009,5.009,0.0
2014-03-17,4.991,4.991,4.991,4.991,0.0
2014-03-18,4.941,4.941,4.941,4.941,0.0
2014-03-19,4.986,4.986,4.986,4.986,0.0
2014-03-20,5.021,5.021,5.021,5.021,0.0
2014-03-21,5.011,5.011,5.011,5.011,0.0
2014-03-24,5.036,5.036,5.036,5.036,0.0
2014-03-25,5.061,5.061,5.061,5.061,0.0
2014-03-26,5.08,5.08,5.08,5.08,0.0
2014-03-27,5.077,5.077,5.077,5.077,0.0
2014-03-28,5.057,5.057,5.057,5.057,0.0
2014-03-31,5.057,5.057,5.057,5.057,0.0
2014-04-01,5.016,5.016,5.016,5.016,0.0
2014-04-02,5.031,5.031,5.031,5.031,0.0
2014-04-03,5.108,5.108,5.108,5.108,0.0
2014-04-04,5.118,5.118,5.118,5.118,0.0
2014-04-07,5.138,5.138,5.138,5.138,0.0
2014-04-08,5.132,5.132,5.132,5.132,0.0
2014-04-09,5.187,5.187,5.187,5.187,0.0
2014-04-10,5.223,5.223,5.223,5.223,0.0
2014-04-11,5.226,5.226,5.226,5.226,0.0
2014-04-14,5.224,5.224,5.224,5.224,0.0
2014-04-15,5.241,5.241,5.241,5.241,0.0
2014-04-16,5.246,5.246,5.246,5.246,0.0
2014-04-17,5.247,5.247,5.247,5.247,0.0
2014-04-21,5.208,5.208,5.208,5.208,0.0
2014-04-22,5.229,5.229,5.229,5.229,0.0
2014-04-23,5.222,5.222,5.222,5.222,0.0
2014-04-24,5.261,5.261,5.261,5.261,0.0
2014-04-25,5.25,5.25,5.25,5.25,0.0
2014-04-28,5.263,5.263,5.263,5.263,0.0
2014-04-29,5.313,5.313,5.313,5.313,0.0
2014-04-30,5.319,5.319,5.319,5.319,0.0
2014-05-01,5.323,5.323,5.323,5.323,0.0
2014-05-02,5.311,5.311,5.311,5.311,0.0
2014-05-05,5.298,5.298,5.298,5.298,0.0
2014-05-06,5.314,5.314,5.314,5.314,0.0
2014-05-07,5.319,5.319,5.319,5.319,0.0
2014-05-08,5.329,5.329,5.329,5.329,0.0
2014-05-09,5.364,5.364,5.364,5.364,0.0
2014-05-12,5.334,5.334,5.334,5.334,0.0
2014-05-13,5.329,5.329,5.329,5.329,0.0
2014-05-14,5.347,5.347,5.347,5.347,0.0
2014-05-15,5.302,5.302,5.302,5.302,0.0
2014-05-16,5.262,5.262,5.262,5.262,0.0
2014-05-19,5.263,5.263,5.263,5.263,0.0
2014-05-20,5.258,5.258,5.258,5.258,0.0
2014-05-21,5.263,5.263,5.263,5.263,0.0
2014-05-22,5.241,5.241,5.241,5.241,0.0
2014-05-23,5.261,5.261,5.261,5.261,0.0
2014-05-27,5.284,5.284,5.284,5.284,0.0
2014-05-28,5.269,5.269,5.269,5.269,0.0
2014-05-29,5.272,5.272,5.272,5.272,0.0
2014-05-30,5.268,5.268,5.268,5.268,0.0
2014-06-02,5.303,5.303,5.303,5.303,0.0
2014-06-03,5.28,5.28,5.28,5.28,0.0
2014-06-04,5.275,5.275,5.275,5.275,0.0
2014-06-05,5.293,5.293,5.293,5.293,0.0
2014-06-06,5.309,5.309,5.309,5.309,0.0
2014-06-09,5.295,5.295,5.295,5.295,0.0
2014-06-10,5.338,5.338,5.338,5.338,0.0
2014-06-11,5.329,5.329,5.329,5.329,0.0
2014-06-12,5.324,5.324,5.324,5.324,0.0
2014-06-13,5.353,5.353,5.353,5.353,0.0
2014-06-16,5.352,5.352,5.352,5.352,0.0
2014-06-17,5.392,5.392,5.392,5.392,0.0
2014-06-18,5.406,5.406,5.406,5.406,0.0
2014-06-19,5.428,5.428,5.428,5.428,0.0
2014-06-20,5.388,5.388,5.388,5.388,0.0
2014-06-23,5.376,5.376,5.376,5.376,0.0
2014-06-24,5.372,5.372,5.372,5.372,0.0
2014-06-25,5.381,5.381,5.381,5.381,0.0
2014-06-26,5.308,5.308,5.308,5.308,0.0
2014-06-27,5.299,5.299,5.299,5.299,0.0
2014-06-30,5.318,5.318,5.318,5.318,0.0
2014-07-01,5.326,5.326,5.326,5.326,0.0
2014-07-02,5.301,5.301,5.301,5.301,0.0
2014-07-03,5.296,5.296,5.296,5.296,0.0
2014-07-07,5.27,5.27,5.27,5.27,0.0
2014-07-08,5.246,5.246,5.246,5.246,0.0
2014-07-09,5.212,5.212,5.212,5.212,0.0
2014-07-10,5.159,5.159,5.159,5.159,0.0
2014-07-11,5.153,5.153,5.153,5.153,0.0
2014-07-14,5.123,5.123,5.123,5.123,0.0
2014-07-15,5.108,5.108,5.108,5.108,0.0
2014-07-16,5.123,5.123,5.123,5.123,0.0
2014-07-17,5.114,5.114,5.114,5.114,0.0
2014-07-18,5.141,5.141,5.141,5.141,0.0
2014-07-21,5.122,5.122,5.122,5.122,0.0
2014-07-22,5.076,5.076,5.076,5.076,0.0
2014-07-23,5.052,5.052,5.052,5.052,0.0
2014-07-24,5.033,5.033,5.033,5.033,0.0
2014-07-25,5.028,5.028,5.028,5.028,0.0
2014-07-28,5.015,5.015,5.015,5.015,0.0
2014-07-29,4.934,4.934,4.934,4.934,0.0
2014-07-30,4.961,4.961,4.961,4.961,0.0
2014-07-31,4.987,4.987,4.987,4.987,0.0
2014-08-01,5.015,5.015,5.015,5.015,0.0
2014-08-04,5.01,5.01,5.01,5.01,0.0
2014-08-05,4.987,4.987,4.987,4.987,0.0
2014-08-06,4.977,4.977,4.977,4.977,0.0
2014-08-07,4.991,4.991,4.991,4.991,0.0
2014-08-08,4.997,4.997,4.997,4.997,0.0
2014-08-11,4.952,4.952,4.952,4.952,0.0
2014-08-12,4.934,4.934,4.934,4.934,0.0
2014-08-13,4.919,4.919,4.919,4.919,0.0
2014-08-14,4.93,4.93,4.93,4.93,0.0
2014-08-15,4.895,4.895,4.895,4.895,0.0
2014-08-18,4.896,4.896,4.896,4.896,0.0
2014-08-19,4.894,4.894,4.894,4.894,0.0
2014-08-20,4.874,4.874,4.874,4.874,0.0
2014-08-21,4.897,4.897,4.897,4.897,0.0
2014-08-22,4.898,4.898,4.898,4.898,0.0
2014-08-25,4.906,4.906,4.906,4.906,0.0
2014-08-26,4.905,4.905,4.905,4.905,0.0
2014-08-27,4.93,4.93,4.93,4.93,0.0
2014-08-28,4.932,4.932,4.932,4.932,0.0
2014-08-29,4.924,4.924,4.924,4.924,0.0
2014-09-02,4.902,4.902,4.902,4.902,0.0
2014-09-03,4.918,4.918,4.918,4.918,0.0
2014-09-04,4.934,4.934,4.934,4.934,0.0
2014-09-05,4.92,4.92,4.92,4.92,0.0
2014-09-08,4.91,4.91,4.91,4.91,0.0
2014-09-09,4.898,4.898,4.898,4.898,0.0
2014-09-10,4.912,4.912,4.912,4.912,0.0
2014-09-11,4.931,4.931,4.931,4.931,0.0
2014-09-12,4.905,4.905,4.905,4.905,0.0
2014-09-15,4.888,4.888,4.888,4.888,0.0
2014-09-16,4.893,4.893,4.893,4.893,0.0
2014-09-17,4.882,4.882,4.882,4.882,0.0
2014-09-18,4.855,4.855,4.855,4.855,0.0
2014-09-19,4.853,4.853,4.853,4.853,0.0
2014-09-22,4.838,4.838,4.838,4.838,0.0
2014-09-23,4.838,4.838,4.838,4.838,0.0
2014-09-24,4.86,4.86,4.86,4.86,0.0
2014-09-25,4.859,4.859,4.859,4.859,0.0
2014-09-26,4.839,4.839,4.839,4.839,0.0
2014-09-29,4.85,4.85,4.85,4.85,0.0
2014-09-30,4.885,4.885,4.885,4.885,0.0
2014-10-01,4.858,4.858,4.858,4.858,0.0
2014-10-02,4.876,4.876,4.876,4.876,0.0
2014-10-03,4.853,4.853,4.853,4.853,0.0
2014-10-06,4.853,4.853,4.853,4.853,0.0
2014-10-07,4.856,4.856,4.856,4.856,0.0
2014-10-08,4.856,4.856,4.856,4.856,0.0
2014-10-09,4.871,4.871,4.871,4.871,0.0
2014-10-10,4.868,4.868,4.868,4.868,0.0
2014-10-13,4.878,4.878,4.878,4.878,0.0
2014-10-14,4.868,4.868,4.868,4.868,0.0
2014-10-15,4.853,4.853,4.853,4.853,0.0
2014-10-16,4.853,4.853,4.853,4.853,0.0
2014-10-17,4.868,4.868,4.868,4.868,0.0
2014-10-20,4.855,4.855,4.855,4.855,0.0
2014-10-21,4.85,4.85,4.85,4.85,0.0
2014-10-22,4.831,4.831,4.831,4.831,0.0
2014-10-23,4.83,4.83,4.83,4.83,0.0
2014-10-24,4.807,4.807,4.807,4.807,0.0
2014-10-27,4.794,4.794,4.794,4.794,0.0
2014-10-28,4.779,4.779,4.779,4.779,0.0
2014-10-29,4.784,4.784,4.784,4.784,0.0
2014-10-30,4.777,4.777,4.777,4.777,0.0
2014-10-31,4.792,4.792,4.792,4.792,0.0
2014-11-03,4.803,4.803,4.803,4.803,0.0
2014-11-04,4.798,4.798,4.798,4.798,0.0
2014-11-05,4.769,4.769,4.769,4.769,0.0
2014-11-06,4.756,4.756,4.756,4.756,0.0
2014-11-07,4.753,4.753,4.753,4.753,0.0
2014-11-10,4.747,4.747,4.747,4.747,0.0
2014-11-11,4.762,4.762,4.762,4.762,0.0
2014-11-12,4.783,4.783,4.783,4.783,0.0
2014-11-13,4.761,4.761,4.761,4.761,0.0
2014-11-14,4.787,4.787,4.787,4.787,0.0
2014-11-17,4.79,4.79,4.79,4.79,0.0
2014-11-18,4.765,4.765,4.765,4.765,0.0
2014-11-19,4.756,4.756,4.756,4.756,0.0
2014-11-20,4.751,4.751,4.751,4.751,0.0
2014-11-21,4.724,4.724,4.724,4.724,0.0
2014-11-24,4.778,4.778,4.778,4.778,0.0
2014-11-25,4.762,4.762,4.762,4.762,0.0
2014-11-26,4.755,4.755,4.755,4.755,0.0
2014-11-28,4.773,4.773,4.773,4.773,0.0
2014-12-01,4.823,4.823,4.823,4.823,0.0
2014-12-02,4.817,4.817,4.817,4.817,0.0
2014-12-03,4.809,4.809,4.809,4.809,0.0
2014-12-04,4.797,4.797,4.797,4.797,0.0
2014-12-05,4.818,4.818,4.818,4.818,0.0
2014-12-08,4.824,4.824,4.824,4.824,0.0
2014-12-09,4.851,4.851,4.851,4.851,0.0
2014-12-10,4.836,4.836,4.836,4.836,0.0
2014-12-11,4.813,4.813,4.813,4.813,0.0
2014-12-12,4.797,4.797,4.797,4.797,0.0
2014-12-15,4.784,4.784,4.784,4.784,0.0
2014-12-16,4.734,4.734,4.734,4.734,0.0
2014-12-17,4.759,4.759,4.759,4.759,0.0
2014-12-18,4.74,4.74,4.74,4.74,0.0
2014-12-19,4.678,4.678,4.678,4.678,0.0
2014-12-22,4.669,4.669,4.669,4.669,0.0
2014-12-23,4.642,4.642,4.642,4.642,0.0
2014-12-24,4.636,4.636,4.636,4.636,0.0
2014-12-26,4.633,4.633,4.633,4.633,0.0
2014-12-29,4.631,4.631,4.631,4.631,0.0
2014-12-30,4.616,4.616,4.616,4.616,0.0
2014-12-31,4.587,4.587,4.587,4.587,0.0
2015-01-02,4.572,4.572,4.572,4.572,0.0
2015-01-05,4.572,4.572,4.572,4.572,0.0
2015-01-06,4.531,4.531,4.531,4.531,0.0
2015-01-07,4.471,4.471,4.471,4.471,0.0
2015-01-08,4.451,4.451,4.451,4.451,0.0
2015-01-09,4.439,4.439,4.439,4.439,0.0
2015-01-12,4.349,4.349,4.349,4.349,0.0
2015-01-13,4.321,4.321,4.321,4.321,0.0
2015-01-14,4.246,4.246,4.246,4.246,0.0
2015-01-15,4.196,4.196,4.196,4.196,0.0
2015-01-16,4.204,4.204,4.204,4.204,0.0
2015-01-20,4.196,4.196,4.196,4.196,0.0
2015-01-21,4.2,4.2,4.2,4.2,0.0
2015-01-22,4.201,4.201,4.201,4.201,0.0
2015-01-23,4.198,4.198,4.198,4.198,0.0
2015-01-26,4.216,4.216,4.216,4.216,0.0
2015-01-27,4.21,4.21,4.21,4.21,0.0
2015-01-28,4.233,4.233,4.233,4.233,0.0
2015-01-29,4.216,4.216,4.216,4.216,0.0
2015-01-30,4.223,4.223,4.223,4.223,0.0
2015-02-02,4.186,4.186,4.186,4.186,0.0
2015-02-03,4.202,4.202,4.202,4.202,0.0
2015-02-04,4.213,4.213,4.213,4.213,0.0
2015-02-05,4.123,4.123,4.123,4.123,0.0
2015-02-06,4.177,4.177,4.177,4.177,0.0
2015-02-09,4.184,4.184,4.184,4.184,0.0
2015-02-10,4.205,4.205,4.205,4.205,0.0
2015-02-11,4.188,4.188,4.188,4.188,0.0
2015-02-12,4.189,4.189,4.189,4.189,0.0
2015-02-13,4.231,4.231,4.231,4.231,0.0
2015-02-17,4.171,4.171,4.171,4.171,0.0
2015-02-18,4.196,4.196,4.196,4.196,0.0
2015-02-19,4.17,4.17,4.17,4.17,0.0
2015-02-20,4.175,4.175,4.175,4.175,0.0
2015-02-23,4.147,4.147,4.147,4.147,0.0
2015-02-24,4.157,4.157,4.157,4.157,0.0
2015-02-25,4.163,4.163,4.163,4.163,0.0
2015-02-26,4.133,4.133,4.133,4.133,0.0
2015-02-27,4.134,4.134,4.134,4.134,0.0
2015-03-02,4.12,4.12,4.12,4.12,0.0
2015-03-03,4.138,4.138,4.138,4.138,0.0
2015-03-04,4.132,4.132,4.132,4.132,0.0
2015-03-05,4.096,4.096,4.096,4.096,0.0
2015-03-06,4.096,4.096,4.096,4.096,0.0
2015-03-09,4.071,4.071,4.071,4.071,0.0
2015-03-10,4.069,4.069,4.069,4.069,0.0
2015-03-11,4.062,4.062,4.062,4.062,0.0
2015-03-12,4.031,4.031,4.031,4.031,0.0
2015-03-13,4.027,4.027,4.027,4.027,0.0
2015-03-16,4.04,4.04,4.04,4.04,0.0
2015-03-17,4.023,4.023,4.023,4.023,0.0
2015-03-18,4.049,4.049,4.049,4.049,0.0
2015-03-19,4.055,4.055,4.055,4.055,0.0
2015-03-20,4.033,4.033,4.033,4.033,0.0
2015-03-23,4.034,4.034,4.034,4.034,0.0
2015-03-24,4.054,4.054,4.054,4.054,0.0
2015-03-25,4.025,4.025,4.025,4.025,0.0
2015-03-26,4.016,4.016,4.016,4.016,0.0
2015-03-27,3.991,3.991,3.991,3.991,0.0
2015-03-30,3.979,3.979,3.979,3.979,0.0
2015-03-31,3.991,3.991,3.991,3.991,0.0
2015-04-01,3.985,3.985,3.985,3.985,0.0
2015-04-02,4.039,4.039,4.039,4.039,0.0
2015-04-06,4.039,4.039,4.039,4.039,0.0
2015-04-07,4.079,4.079,4.079,4.079,0.0
2015-04-08,4.087,4.087,4.087,4.087,0.0
2015-04-09,4.08,4.08,4.08,4.08,0.0
2015-04-10,4.075,4.075,4.075,4.075,0.0
2015-04-13,4.065,4.065,4.065,4.065,0.0
2015-04-14,4.058,4.058,4.058,4.058,0.0
2015-04-15,4.065,4.065,4.065,4.065,0.0
2015-04-16,4.085,4.085,4.085,4.085,0.0
2015-04-17,4.062,4.062,4.062,4.062,0.0
2015-04-20,4.063,4.063,4.063,4.063,0.0
2015-04-21,4.066,4.066,4.066,4.066,0.0
2015-04-22,4.073,4.073,4.073,4.073,0.0
2015-04-23,4.031,4.031,4.031,4.031,0.0
2015-04-24,4.029,4.029,4.029,4.029,0.0
2015-04-27,4.009,4.009,4.009,4.009,0.0
2015-04-28,4.004,4.004,4.004,4.004,0.0
2015-04-29,4.009,4.009,4.009,4.009,0.0
2015-04-30,4.004,4.004,4.004,4.004,0.0
2015-05-01,4.007,4.007,4.007,4.007,0.0
2015-05-04,4.004,4.004,4.004,4.004,0.0
2015-05-05,4.01,4.01,4.01,4.01,0.0
2015-05-06,4.018,4.018,4.018,4.018,0.0
2015-05-07,4.015,4.015,4.015,4.015,0.0
2015-05-08,4.027,4.027,4.027,4.027,0.0
2015-05-11,4.011,4.011,4.011,4.011,0.0
2015-05-12,3.998,3.998,3.998,3.998,0.0
2015-05-13,4.007,4.007,4.007,4.007,0.0
2015-05-14,4.018,4.018,4.018,4.018,0.0
2015-05-15,4.011,4.011,4.011,4.011,0.0
2015-05-18,4.006,4.006,4.006,4.006,0.0
2015-05-19,4.0,4.0,4.0,4.0,0.0
2015-05-20,3.999,3.999,3.999,3.999,0.0
2015-05-21,3.998,3.998,3.998,3.998,0.0
2015-05-22,3.992,3.992,3.992,3.992,0.0
2015-05-26,3.993,3.993,3.993,3.993,0.0
2015-05-27,3.988,3.988,3.988,3.988,0.0
2015-05-28,3.98,3.98,3.98,3.98,0.0
2015-05-29,3.97,3.97,3.97,3.97,0.0
2015-06-01,3.971,3.971,3.971,3.971,0.0
2015-06-02,3.968,3.968,3.968,3.968,0.0
2015-06-03,3.969,3.969,3.969,3.969,0.0
2015-06-04,3.923,3.923,3.923,3.923,0.0
2015-06-05,3.884,3.884,3.884,3.884,0.0
2015-06-08,3.892,3.892,3.892,3.892,0.0
2015-06-09,3.892,3.892,3.892,3.892,0.0
2015-06-10,3.893,3.893,3.893,3.893,0.0
2015-06-11,3.938,3.938,3.938,3.938,0.0
2015-06-12,3.939,3.939,3.939,3.939,0.0
2015-06-15,3.945,3.945,3.945,3.945,0.0
2015-06-16,3.97,3.97,3.97,3.97,0.0
2015-06-17,3.963,3.963,3.963,3.963,0.0
2015-06-18,3.943,3.943,3.943,3.943,0.0
2015-06-19,3.948,3.948,3.948,3.948,0.0
2015-06-22,3.931,3.931,3.931,3.931,0.0
2015-06-23,3.93,3.93,3.93,3.93,0.0
2015-06-24,3.932,3.932,3.932,3.932,0.0
2015-06-25,3.933,3.933,3.933,3.933,0.0
2015-06-26,3.934,3.934,3.934,3.934,0.0
2015-06-29,3.932,3.932,3.932,3.932,0.0
2015-06-30,3.944,3.944,3.944,3.944,0.0
2015-07-01,3.955,3.955,3.955,3.955,0.0
2015-07-02,3.959,3.959,3.959,3.959,0.0
2015-07-06,3.92,3.92,3.92,3.92,0.0
2015-07-07,3.917,3.917,3.917,3.917,0.0
2015-07-08,3.93,3.93,3.93,3.93,0.0
2015-07-09,3.937,3.937,3.937,3.937,0.0
2015-07-10,3.935,3.935,3.935,3.935,0.0
2015-07-13,3.935,3.935,3.935,3.935,0.0
2015-07-14,3.97,3.97,3.97,3.97,0.0
2015-07-15,3.995,3.995,3.995,3.995,0.0
2015-07-16,3.991,3.991,3.991,3.991,0.0
2015-07-17,3.998,3.998,3.998,3.998,0.0
2015-07-20,3.991,3.991,3.991,3.991,0.0
2015-07-21,3.99,3.99,3.99,3.99,0.0
2015-07-22,3.986,3.986,3.986,3.986,0.0
2015-07-23,3.966,3.966,3.966,3.966,0.0
2015-07-24,3.968,3.968,3.968,3.968,0.0
2015-07-27,3.989,3.989,3.989,3.989,0.0
2015-07-28,3.988,3.988,3.988,3.988,0.0
2015-07-29,3.982,3.982,3.982,3.982,0.0
2015-07-30,3.961,3.961,3.961,3.961,0.0
2015-07-31,3.921,3.921,3.921,3.921,0.0
2015-08-03,3.899,3.899,3.899,3.899,0.0
2015-08-04,3.851,3.851,3.851,3.851,0.0
2015-08-05,3.85,3.85,3.85,3.85,0.0
2015-08-06,3.831,3.831,3.831,3.831,0.0
2015-08-07,3.823,3.823,3.823,3.823,0.0
2015-08-10,3.821,3.821,3.821,3.821,0.0
2015-08-11,3.785,3.785,3.785,3.785,0.0
2015-08-12,3.767,3.767,3.767,3.767,0.0
2015-08-13,3.781,3.781,3.781,3.781,0.0
2015-08-14,3.786,3.786,3.786,3.786,0.0
2015-08-17,3.791,3.791,3.791,3.791,0.0
2015-08-18,3.798,3.798,3.798,3.798,0.0
2015-08-19,3.748,3.748,3.748,3.748,0.0
2015-08-20,3.733,3.733,3.733,3.733,0.0
2015-08-21,3.703,3.703,3.703,3.703,0.0
2015-08-24,3.657,3.657,3.657,3.657,0.0
2015-08-25,3.645,3.645,3.645,3.645,0.0
2015-08-26,3.653,3.653,3.653,3.653,0.0
2015-08-27,3.66,3.66,3.66,3.66,0.0
2015-08-28,3.687,3.687,3.687,3.687,0.0
2015-08-31,3.684,3.684,3.684,3.684,0.0
2015-09-01,3.695,3.695,3.695,3.695,0.0
2015-09-02,3.693,3.693,3.693,3.693,0.0
2015-09-03,3.7,3.7,3.7,3.7,0.0
2015-09-04,3.69,3.69,3.69,3.69,0.0
2015-09-08,3.696,3.696,3.696,3.696,0.0
2015-09-09,3.711,3.711,3.711,3.711,0.0
2015-09-10,3.713,3.713,3.713,3.713,0.0
2015-09-11,3.673,3.673,3.673,3.673,0.0
2015-09-14,3.684,3.684,3.684,3.684,0.0
2015-09-15,3.678,3.678,3.678,3.678,0.0
2015-09-16,3.653,3.653,3.653,3.653,0.0
2015-09-17,3.626,3.626,3.626,3.626,0.0
2015-09-18,3.616,3.616,3.616,3.616,0.0
2015-09-21,3.605,3.605,3.605,3.605,0.0
2015-09-22,3.594,3.594,3.594,3.594,0.0
2015-09-23,3.606,3.606,3.606,3.606,0.0
2015-09-24,3.643,3.643,3.643,3.643,0.0
2015-09-25,3.608,3.608,3.608,3.608,0.0
2015-09-28,3.605,3.605,3.605,3.605,0.0
2015-09-29,3.575,3.575,3.575,3.575,0.0
2015-09-30,3.548,3.548,3.548,3.548,0.0
2015-10-01,3.533,3.533,3.533,3.533,0.0
2015-10-02,3.543,3.543,3.543,3.543,0.0
2015-10-05,3.548,3.548,3.548,3.548,0.0
2015-10-06,3.586,3.586,3.586,3.586,0.0
2015-10-07,3.588,3.588,3.588,3.588,0.0
2015-10-08,3.583,3.583,3.583,3.583,0.0
2015-10-09,3.583,3.583,3.583,3.583,0.0
2015-10-12,3.588,3.588,3.588,3.588,0.0
2015-10-13,3.59,3.59,3.59,3.59,0.0
2015-10-14,3.59,3.59,3.59,3.59,0.0
2015-10-15,3.577,3.577,3.577,3.577,0.0
2015-10-16,3.583,3.583,3.583,3.583,0.0
2015-10-19,3.586,3.586,3.586,3.586,0.0
2015-10-20,3.601,3.601,3.601,3.601,0.0
2015-10-21,3.584,3.584,3.584,3.584,0.0
2015-10-22,3.577,3.577,3.577,3.577,0.0
2015-10-23,3.54,3.54,3.54,3.54,0.0
2015-10-26,3.504,3.504,3.504,3.504,0.0
2015-10-27,3.492,3.492,3.492,3.492,0.0
2015-10-28,3.492,3.492,3.492,3.492,0.0
2015-10-29,3.482,3.482,3.482,3.482,0.0
2015-10-30,3.512,3.512,3.512,3.512,0.0
2015-11-02,3.491,3.491,3.491,3.491,0.0
2015-11-03,3.503,3.503,3.503,3.503,0.0
2015-11-04,3.509,3.509,3.509,3.509,0.0
2015-11-05,3.518,3.518,3.518,3.518,0.0
2015-11-06,3.516,3.516,3.516,3.516,0.0
2015-11-09,3.507,3.507,3.507,3.507,0.0
2015-11-10,3.505,3.505,3.505,3.505,0.0
2015-11-11,3.495,3.495,3.495,3.495,0.0
2015-11-12,3.48,3.48,3.48,3.48,0.0
2015-11-13,3.502,3.502,3.502,3.502,0.0
2015-11-16,3.512,3.512,3.512,3.512,0.0
2015-11-17,3.512,3.512,3.512,3.512,0.0
2015-11-18,3.452,3.452,3.452,3.452,0.0
2015-11-19,3.407,3.407,3.407,3.407,0.0
2015-11-20,3.376,3.376,3.376,3.376,0.0
2015-11-23,3.399,3.399,3.399,3.399,0.0
2015-11-24,3.405,3.405,3.405,3.405,0.0
2015-11-25,3.414,3.414,3.414,3.414,0.0
2015-11-27,3.396,3.396,3.396,3.396,0.0
2015-11-30,3.41,3.41,3.41,3.41,0.0
2015-12-01,3.421,3.421,3.421,3.421,0.0
2015-12-02,3.45,3.45,3.45,3.45,0.0
2015-12-03,3.453,3.453,3.453,3.453,0.0
2015-12-04,3.456,3.456,3.456,3.456,0.0
2015-12-07,3.441,3.441,3.441,3.441,0.0
2015-12-08,3.455,3.455,3.455,3.455,0.0
2015-12-09,3.475,3.475,3.475,3.475,0.0
2015-12-10,3.496,3.496,3.496,3.496,0.0
2015-12-11,3.507,3.507,3.507,3.507,22.0
2015-12-14,3.485,3.485,3.485,3.485,0.0
2015-12-15,3.46,3.46,3.46,3.46,0.0
2015-12-16,3.485,3.485,3.485,3.485,0.0
2015-12-17,3.485,3.509,3.485,3.509,1.0
2015-12-18,3.501,3.501,3.501,3.501,0.0
2015-12-21,3.494,3.494,3.494,3.494,0.0
2015-12-22,3.504,3.504,3.504,3.504,0.0
2015-12-23,3.496,3.496,3.496,3.496,0.0
2015-12-24,3.496,3.496,3.496,3.496,0.0
2015-12-28,3.525,3.525,3.525,3.525,0.0
2015-12-29,3.508,3.508,3.508,3.508,0.0
2015-12-30,3.5,3.5,3.5,3.5,0.0
2015-12-31,3.503,3.503,3.503,3.503,0.0
2016-01-04,3.483,3.483,3.483,3.483,0.0
2016-01-05,3.463,3.463,3.463,3.463,0.0
2016-01-06,3.461,3.461,3.461,3.461,0.0
2016-01-07,3.482,3.482,3.482,3.482,0.0
2016-01-08,3.461,3.461,3.461,3.461,0.0
2016-01-11,3.432,3.432,3.432,3.432,0.0
2016-01-12,3.404,3.404,3.404,3.404,0.0
2016-01-13,3.421,3.421,3.421,3.421,0.0
2016-01-14,3.434,3.434,3.434,3.434,0.0
2016-01-15,3.42,3.42,3.42,3.42,0.0
2016-01-19,3.422,3.422,3.422,3.422,0.0
2016-01-20,3.42,3.42,3.42,3.42,0.0
2016-01-21,3.43,3.43,3.43,3.43,0.0
2016-01-22,3.424,3.424,3.424,3.424,0.0
2016-01-25,3.42,3.42,3.42,3.42,0.0
2016-01-26,3.405,3.405,3.405,3.405,0.0
2016-01-27,3.409,3.409,3.409,3.409,0.0
2016-01-28,3.445,3.445,3.445,3.445,0.0
2016-01-29,3.427,3.427,3.427,3.427,0.0
2016-02-01,3.383,3.383,3.383,3.383,0.0
2016-02-02,3.318,3.318,3.318,3.318,0.0
2016-02-03,3.357,3.357,3.357,3.357,0.0
2016-02-04,3.36,3.36,3.36,3.36,0.0
2016-02-05,3.358,3.358,3.358,3.358,4.0
2016-02-08,3.301,3.301,3.301,3.301,0.0
2016-02-09,3.264,3.264,3.264,3.264,0.0
2016-02-10,3.227,3.227,3.227,3.227,0.0
2016-02-11,3.187,3.187,3.187,3.187,0.0
2016-02-12,3.159,3.159,3.159,3.159,0.0
2016-02-16,3.125,3.125,3.125,3.125,0.0
2016-02-17,3.118,3.118,3.118,3.118,0.0
2016-02-18,3.094,3.094,3.094,3.094,0.0
2016-02-19,3.062,3.062,3.062,3.062,0.0
2016-02-22,3.001,3.001,3.001,3.001,0.0
2016-02-23,3.019,3.019,3.019,3.019,0.0
2016-02-24,3.036,3.036,3.036,3.036,0.0
2016-02-25,3.007,3.007,3.007,3.007,0.0
2016-02-26,3.026,3.026,3.026,3.026,0.0
2016-02-29,3.077,3.077,3.077,3.077,0.0
2016-03-01,3.116,3.116,3.116,3.116,0.0
2016-03-02,3.115,3.115,3.115,3.115,0.0
2016-03-03,3.115,3.115,3.115,3.115,0.0
2016-03-04,3.114,3.114,3.114,3.114,0.0
2016-03-07,3.121,3.121,3.121,3.121,0.0
2016-03-08,3.127,3.127,3.127,3.127,0.0
2016-03-09,3.168,3.168,3.168,3.168,0.0
2016-03-10,3.191,3.191,3.191,3.191,0.0
2016-03-11,3.21,3.21,3.21,3.21,0.0
2016-03-14,3.202,3.202,3.202,3.202,0.0
2016-03-15,3.201,3.201,3.201,3.201,0.0
2016-03-16,3.211,3.211,3.211,3.211,0.0
2016-03-17,3.216,3.216,3.216,3.216,0.0
2016-03-18,3.206,3.206,3.206,3.206,0.0
2016-03-21,3.192,3.192,3.192,3.192,0.0
2016-03-22,3.215,3.215,3.215,3.215,0.0
2016-03-23,3.235,3.235,3.235,3.235,0.0
2016-03-24,3.262,3.262,3.262,3.262,0.0
2016-03-28,3.328,3.328,3.328,3.328,0.0
2016-03-29,3.343,3.343,3.343,3.343,0.0
2016-03-30,3.338,3.338,3.338,3.338,0.0
2016-03-31,3.352,3.352,3.352,3.352,0.0
2016-04-01,3.358,3.358,3.358,3.358,0.0
2016-04-04,3.362,3.362,3.362,3.362,0.0
2016-04-05,3.37,3.37,3.37,3.37,0.0
2016-04-06,3.382,3.382,3.382,3.382,0.0
2016-04-07,3.387,3.387,3.387,3.387,0.0
2016-04-08,3.402,3.402,3.402,3.402,0.0
2016-04-11,3.397,3.397,3.397,3.397,0.0
2016-04-12,3.393,3.393,3.393,3.393,0.0
2016-04-13,3.395,3.395,3.395,3.395,0.0
2016-04-14,3.393,3.393,3.393,3.393,0.0
2016-04-15,3.37,3.37,3.37,3.37,0.0
2016-04-18,3.374,3.374,3.374,3.374,0.0
2016-04-19,3.368,3.368,3.368,3.368,0.0
2016-04-20,3.366,3.366,3.366,3.366,0.0
2016-04-21,3.393,3.393,3.393,3.393,0.0
2016-04-22,3.387,3.387,3.387,3.387,0.0
2016-04-25,3.402,3.402,3.402,3.402,0.0
2016-04-26,3.438,3.438,3.438,3.438,0.0
2016-04-27,3.45,3.45,3.45,3.45,0.0
2016-04-28,3.444,3.444,3.444,3.444,0.0
2016-04-29,3.442,3.442,3.442,3.442,0.0
2016-05-02,3.422,3.422,3.422,3.422,0.0
2016-05-03,3.425,3.425,3.425,3.425,0.0
2016-05-04,3.434,3.434,3.434,3.434,0.0
2016-05-05,3.457,3.457,3.457,3.457,0.0
2016-05-06,3.446,3.446,3.446,3.446,0.0
2016-05-09,3.434,3.434,3.434,3.434,0.0
2016-05-10,3.408,3.408,3.408,3.408,0.0
2016-05-11,3.408,3.408,3.408,3.408,0.0
2016-05-12,3.397,3.397,3.397,3.397,0.0
2016-05-13,3.378,3.378,3.378,3.378,0.0
2016-05-16,3.379,3.379,3.379,3.379,0.0
2016-05-17,3.363,3.363,3.363,3.363,0.0
2016-05-18,3.342,3.342,3.342,3.342,0.0
2016-05-19,3.365,3.365,3.365,3.365,0.0
2016-05-20,3.353,3.353,3.353,3.353,0.0
2016-05-23,3.36,3.36,3.36,3.36,0.0
2016-05-24,3.375,3.375,3.375,3.375,0.0
2016-05-25,3.42,3.42,3.42,3.42,0.0
2016-05-26,3.446,3.446,3.446,3.446,0.0
2016-05-27,3.453,3.453,3.453,3.453,0.0
2016-05-31,3.46,3.46,3.46,3.46,0.0
2016-06-01,3.447,3.447,3.447,3.447,0.0
2016-06-02,3.448,3.448,3.448,3.448,0.0
2016-06-03,3.438,3.438,3.438,3.438,0.0
2016-06-06,3.435,3.435,3.435,3.435,0.0
2016-06-07,3.454,3.454,3.454,3.454,0.0
2016-06-08,3.452,3.452,3.452,3.452,0.0
2016-06-09,3.442,3.442,3.442,3.442,0.0
2016-06-10,3.424,3.424,3.424,3.424,0.0
2016-06-13,3.378,3.378,3.378,3.378,0.0
2016-06-14,3.361,3.361,3.361,3.361,0.0
2016-06-15,3.361,3.361,3.361,3.361,0.0
2016-06-16,3.361,3.361,3.361,3.361,0.0
2016-06-17,3.335,3.335,3.335,3.335,0.0
2016-06-20,3.33,3.33,3.33,3.33,0.0
2016-06-21,3.32,3.32,3.32,3.32,0.0
2016-06-22,3.327,3.327,3.327,3.327,0.0
2016-06-23,3.328,3.328,3.328,3.328,0.0
2016-06-24,3.346,3.346,3.346,3.346,0.0
2016-06-27,3.329,3.329,3.329,3.329,0.0
2016-06-28,3.361,3.361,3.361,3.361,0.0
2016-06-29,3.356,3.356,3.356,3.356,0.0
2016-06-30,3.371,3.371,3.371,3.371,0.0
2016-07-01,3.375,3.375,3.375,3.375,0.0
2016-07-05,3.362,3.362,3.362,3.362,0.0
2016-07-06,3.384,3.384,3.384,3.384,0.0
2016-07-07,3.382,3.382,3.382,3.382,0.0
2016-07-08,3.384,3.384,3.384,3.384,0.0
2016-07-11,3.38,3.38,3.38,3.38,0.0
2016-07-12,3.378,3.378,3.378,3.378,0.0
2016-07-13,3.389,3.389,3.389,3.389,0.0
2016-07-14,3.391,3.391,3.391,3.391,0.0
2016-07-15,3.38,3.38,3.38,3.38,0.0
2016-07-18,3.381,3.381,3.381,3.381,0.0
2016-07-19,3.367,3.367,3.367,3.367,0.0
2016-07-20,3.356,3.356,3.356,3.356,0.0
2016-07-21,3.364,3.364,3.364,3.364,0.0
2016-07-22,3.373,3.373,3.373,3.373,0.0
2016-07-25,3.379,3.379,3.379,3.379,0.0
2016-07-26,3.377,3.377,3.377,3.377,0.0
2016-07-27,3.367,3.367,3.367,3.367,0.0
2016-07-28,3.37,3.37,3.37,3.37,0.0
2016-07-29,3.372,3.372,3.372,3.372,0.0
2016-08-01,3.357,3.357,3.357,3.357,0.0
2016-08-02,3.365,3.365,3.365,3.365,0.0
2016-08-03,3.367,3.367,3.367,3.367,0.0
2016-08-04,3.388,3.388,3.388,3.388,0.0
2016-08-05,3.384,3.384,3.384,3.384,0.0
2016-08-08,3.388,3.388,3.388,3.388,0.0
2016-08-09,3.382,3.382,3.382,3.382,0.0
2016-08-10,3.363,3.363,3.363,3.363,0.0
2016-08-11,3.352,3.352,3.352,3.352,0.0
2016-08-12,3.349,3.349,3.349,3.349,0.0
2016-08-15,3.346,3.346,3.346,3.346,0.0
2016-08-16,3.355,3.355,3.355,3.355,0.0
2016-08-17,3.372,3.372,3.372,3.372,0.0
2016-08-18,3.373,3.373,3.373,3.373,0.0
2016-08-19,3.365,3.365,3.365,3.365,0.0
2016-08-22,3.361,3.361,3.361,3.361,0.0
2016-08-23,3.381,3.381,3.381,3.381,0.0
2016-08-24,3.405,3.405,3.405,3.405,0.0
2016-08-25,3.373,3.373,3.373,3.373,0.0
2016-08-26,3.353,3.353,3.353,3.353,0.0
2016-08-29,3.348,3.348,3.348,3.348,0.0
2016-08-30,3.343,3.343,3.343,3.343,0.0
2016-08-31,3.365,3.365,3.365,3.365,0.0
2016-09-01,3.328,3.328,3.328,3.328,0.0
2016-09-02,3.324,3.324,3.324,3.324,0.0
2016-09-06,3.317,3.317,3.317,3.317,0.0
2016-09-07,3.303,3.303,3.303,3.303,0.0
2016-09-08,3.312,3.312,3.312,3.312,0.0
2016-09-09,3.29,3.29,3.29,3.29,0.0
2016-09-12,3.292,3.292,3.292,3.292,0.0
2016-09-13,3.276,3.276,3.276,3.276,0.0
2016-09-14,3.281,3.281,3.281,3.281,0.0
2016-09-15,3.273,3.273,3.273,3.273,0.0
2016-09-16,3.261,3.261,3.261,3.261,0.0
2016-09-19,3.253,3.253,3.253,3.253,0.0
2016-09-20,3.251,3.251,3.251,3.251,0.0
2016-09-21,3.256,3.256,3.256,3.256,0.0
2016-09-22,3.239,3.239,3.239,3.239,0.0
2016-09-23,3.246,3.246,3.246,3.246,0.0
2016-09-26,3.268,3.268,3.268,3.268,0.0
2016-09-27,3.241,3.241,3.241,3.241,0.0
2016-09-28,3.218,3.218,3.218,3.218,0.0
2016-09-29,3.185,3.185,3.185,3.185,0.0
2016-09-30,3.174,3.174,3.174,3.174,4.0
2016-10-03,3.184,3.184,3.184,3.184,0.0
2016-10-04,3.165,3.165,3.165,3.165,0.0
2016-10-05,3.197,3.197,3.197,3.197,0.0
2016-10-06,3.193,3.193,3.193,3.193,0.0
2016-10-07,3.214,3.214,3.214,3.214,0.0
2016-10-10,3.21,3.21,3.21,3.21,0.0
2016-10-11,3.276,3.276,3.276,3.276,0.0
2016-10-12,3.259,3.259,3.259,3.259,0.0
2016-10-13,3.267,3.267,3.267,3.267,4.0
2016-10-14,3.26,3.26,3.26,3.26,0.0
2016-10-17,3.272,3.272,3.272,3.272,0.0
2016-10-18,3.281,3.281,3.281,3.281,0.0
2016-10-19,3.271,3.271,3.271,3.271,0.0
2016-10-20,3.271,3.271,3.271,3.271,0.0
2016-10-21,3.279,3.279,3.279,3.279,0.0
2016-10-24,3.277,3.277,3.277,3.277,0.0
2016-10-25,3.262,3.262,3.262,3.262,0.0
2016-10-26,3.24,3.24,3.24,3.24,0.0
2016-10-27,3.269,3.269,3.269,3.269,0.0
2016-10-28,3.287,3.287,3.287,3.287,0.0
2016-10-31,3.282,3.282,3.282,3.282,0.0
2016-11-01,3.273,3.273,3.273,3.273,0.0
2016-11-02,3.259,3.259,3.259,3.259,0.0
2016-11-03,3.252,3.252,3.252,3.252,0.0
2016-11-04,3.239,3.239,3.239,3.239,0.0
2016-11-07,3.244,3.244,3.244,3.244,0.0
2016-11-08,3.225,3.225,3.225,3.225,0.0
2016-11-09,3.223,3.223,3.223,3.223,0.0
2016-11-10,3.23,3.23,3.23,3.23,0.0
2016-11-11,3.232,3.232,3.232,3.232,0.0
2016-11-14,3.233,3.233,3.233,3.233,0.0
2016-11-15,3.208,3.208,3.208,3.208,0.0
2016-11-16,3.219,3.219,3.219,3.219,0.0
2016-11-17,3.255,3.255,3.255,3.255,0.0
2016-11-18,3.269,3.269,3.269,3.269,0.0
2016-11-21,3.269,3.269,3.269,3.269,0.0
2016-11-22,3.241,3.241,3.241,3.241,0.0
2016-11-23,3.232,3.232,3.232,3.232,0.0
2016-11-25,3.231,3.231,3.231,3.231,0.0
2016-11-28,3.221,3.221,3.221,3.221,0.0
2016-11-29,3.195,3.195,3.195,3.195,0.0
2016-11-30,3.189,3.189,3.189,3.189,0.0
2016-12-01,3.22,3.22,3.22,3.22,0.0
2016-12-02,3.212,3.212,3.212,3.212,0.0
2016-12-05,3.21,3.21,3.21,3.21,0.0
2016-12-06,3.184,3.184,3.184,3.184,0.0
2016-12-07,3.202,3.202,3.202,3.202,0.0
2016-12-08,3.233,3.233,3.233,3.233,0.0
2016-12-09,3.208,3.208,3.208,3.208,0.0
2016-12-12,3.198,3.198,3.198,3.198,0.0
2016-12-13,3.188,3.188,3.188,3.188,0.0
2016-12-14,3.167,3.167,3.167,3.167,0.0
2016-12-15,3.177,3.177,3.177,3.177,0.0
2016-12-16,3.19,3.19,3.19,3.19,0.0
2016-12-19,3.207,3.207,3.207,3.207,0.0
2016-12-20,3.157,3.171,3.157,3.171,1.0
2016-12-21,3.195,3.195,3.195,3.195,0.0
2016-12-22,3.163,3.163,3.163,3.163,0.0
2016-12-23,3.159,3.159,3.159,3.159,0.0
2016-12-27,3.167,3.167,3.167,3.167,0.0
2016-12-28,3.182,3.182,3.182,3.182,0.0
2016-12-29,3.187,3.187,3.187,3.187,0.0
2016-12-30,3.185,3.185,3.185,3.185,0.0
2017-01-03,3.176,3.176,3.176,3.176,0.0
2017-01-04,3.17,3.17,3.17,3.17,0.0
2017-01-05,3.186,3.186,3.186,3.186,0.0
2017-01-06,3.175,3.175,3.175,3.175,0.0
2017-01-09,3.165,3.165,3.165,3.165,0.0
2017-01-10,3.194,3.194,3.194,3.194,0.0
2017-01-11,3.183,3.183,3.183,3.183,0.0
2017-01-12,3.196,3.196,3.196,3.196,0.0
2017-01-13,3.177,3.177,3.177,3.177,0.0
2017-01-17,3.173,3.173,3.173,3.173,0.0
2017-01-18,3.181,3.181,3.181,3.181,0.0
2017-01-19,3.181,3.181,3.181,3.181,0.0
2017-01-20,3.165,3.165,3.165,3.165,0.0
2017-01-23,3.17,3.17,3.17,3.17,0.0
2017-01-24,3.164,3.164,3.164,3.164,0.0
2017-01-25,3.155,3.155,3.155,3.155,0.0
2017-01-26,3.156,3.156,3.156,3.156,0.0
2017-01-27,3.143,3.143,3.143,3.143,0.0
2017-01-30,3.148,3.148,3.148,3.148,0.0
2017-01-31,3.145,3.145,3.145,3.145,0.0
2017-02-01,3.144,3.144,3.144,3.144,0.0
2017-02-02,3.147,3.147,3.147,3.147,0.0
2017-02-03,3.13,3.13,3.13,3.13,0.0
2017-02-06,3.133,3.133,3.133,3.133,0.0
2017-02-07,3.157,3.157,3.157,3.157,0.0
2017-02-08,3.147,3.147,3.147,3.147,0.0
2017-02-09,3.17,3.17,3.148,3.148,1.0
2017-02-10,3.128,3.128,3.128,3.128,0.0
2017-02-13,3.127,3.127,3.127,3.127,0.0
2017-02-14,3.122,3.122,3.122,3.122,0.0
2017-02-15,3.123,3.123,3.123,3.123,0.0
2017-02-16,3.132,3.132,3.132,3.132,0.0
2017-02-17,3.128,3.128,3.128,3.128,0.0
2017-02-21,3.109,3.109,3.109,3.109,0.0
2017-02-22,3.115,3.115,3.115,3.115,0.0
2017-02-23,3.113,3.113,3.113,3.113,0.0
2017-02-24,3.109,3.109,3.109,3.109,0.0
2017-02-27,3.107,3.107,3.107,3.107,0.0
2017-02-28,3.116,3.116,3.116,3.116,0.0
2017-03-01,3.133,3.133,3.133,3.133,0.0
2017-03-02,3.129,3.129,3.129,3.129,0.0
2017-03-03,3.138,3.138,3.138,3.138,0.0
2017-03-06,3.134,3.134,3.134,3.134,0.0
2017-03-07,3.129,3.129,3.129,3.129,0.0
2017-03-08,3.126,3.126,3.126,3.126,0.0
2017-03-09,3.12,3.12,3.12,3.12,0.0
2017-03-10,3.111,3.111,3.111,3.111,0.0
2017-03-13,3.105,3.105,3.105,3.105,8.0
2017-03-14,3.098,3.098,3.098,3.098,0.0
2017-03-15,3.087,3.087,3.087,3.087,8.0
2017-03-16,3.11,3.11,3.11,3.11,6.0
2017-03-17,3.116,3.116,3.116,3.116,0.0
2017-03-20,3.124,3.124,3.124,3.124,0.0
2017-03-21,3.126,3.126,3.126,3.126,0.0
2017-03-22,3.127,3.127,3.127,3.127,0.0
2017-03-23,3.137,3.137,3.135,3.135,32.0
2017-03-24,3.12,3.12,3.12,3.12,0.0
2017-03-27,3.12,3.12,3.118,3.118,40.0
2017-03-28,3.093,3.093,3.093,3.093,2.0
2017-03-29,3.115,3.115,3.115,3.115,0.0
2017-03-30,3.107,3.107,3.107,3.107,0.0
2017-03-31,3.096,3.096,3.096,3.096,0.0
2017-04-03,3.104,3.104,3.104,3.104,0.0
2017-04-04,3.099,3.099,3.099,3.099,0.0
2017-04-05,3.12,3.12,3.12,3.12,2.0
2017-04-06,3.102,3.102,3.102,3.102,0.0
2017-04-07,3.106,3.106,3.106,3.106,0.0
2017-04-10,3.106,3.106,3.106,3.106,0.0
2017-04-11,3.119,3.119,3.119,3.119,0.0
2017-04-12,3.126,3.126,3.126,3.126,0.0
2017-04-13,3.153,3.153,3.153,3.153,0.0
2017-04-17,3.151,3.151,3.151,3.151,0.0
2017-04-18,3.184,3.184,3.184,3.184,0.0
2017-04-19,3.197,3.197,3.197,3.197,0.0
2017-04-20,3.228,3.228,3.228,3.228,0.0
2017-04-21,3.205,3.205,3.205,3.205,0.0
2017-04-24,3.194,3.194,3.194,3.194,0.0
2017-04-25,3.199,3.199,3.199,3.199,0.0
2017-04-26,3.206,3.206,3.206,3.206,0.0
2017-04-27,3.194,3.194,3.194,3.194,0.0
2017-04-28,3.195,3.195,3.195,3.195,0.0
2017-05-01,3.158,3.158,3.158,3.158,0.0
2017-05-02,3.145,3.155,3.145,3.155,4.0
2017-05-03,3.167,3.167,3.167,3.167,0.0
2017-05-04,3.175,3.175,3.175,3.175,0.0
2017-05-05,3.186,3.186,3.186,3.186,0.0
2017-05-08,3.158,3.158,3.158,3.158,0.0
2017-05-09,3.156,3.156,3.156,3.156,0.0
2017-05-10,3.151,3.151,3.151,3.151,0.0
2017-05-11,3.148,3.149,3.148,3.149,2.0
2017-05-12,3.154,3.154,3.149,3.149,1.0
2017-05-15,3.142,3.142,3.142,3.142,0.0
2017-05-16,3.154,3.154,3.154,3.154,0.0
2017-05-17,3.167,3.167,3.167,3.167,0.0
2017-05-18,3.161,3.161,3.161,3.161,0.0
2017-05-19,3.154,3.154,3.154,3.154,0.0
2017-05-22,3.156,3.156,3.156,3.156,0.0
2017-05-23,3.153,3.153,3.153,3.153,0.0
2017-05-24,3.142,3.142,3.142,3.142,0.0
2017-05-25,3.143,3.143,3.143,3.143,0.0
2017-05-26,3.132,3.132,3.132,3.132,0.0
2017-05-30,3.138,3.138,3.138,3.138,0.0
2017-05-31,3.127,3.127,3.127,3.127,0.0
2017-06-01,3.121,3.121,3.121,3.121,0.0
2017-06-02,3.132,3.132,3.132,3.132,0.0
2017-06-05,3.127,3.127,3.127,3.127,0.0
2017-06-06,3.119,3.119,3.119,3.119,0.0
2017-06-07,3.115,3.115,3.115,3.115,0.0
2017-06-08,3.127,3.127,3.127,3.127,0.0
2017-06-09,3.123,3.123,3.123,3.123,0.0
2017-06-12,3.124,3.124,3.124,3.124,0.0
2017-06-13,3.129,3.129,3.129,3.129,0.0
2017-06-14,3.119,3.119,3.119,3.119,0.0
2017-06-15,3.135,3.135,3.135,3.135,0.0
2017-06-16,3.125,3.125,3.125,3.125,0.0
2017-06-19,3.119,3.119,3.119,3.119,0.0
2017-06-20,3.139,3.139,3.134,3.134,3.0
2017-06-21,3.145,3.145,3.145,3.145,0.0
2017-06-22,3.148,3.148,3.148,3.148,0.0
2017-06-23,3.138,3.138,3.138,3.138,0.0
2017-06-26,3.125,3.126,3.125,3.126,1.0
2017-06-27,3.122,3.122,3.122,3.122,0.0
2017-06-28,3.106,3.106,3.106,3.106,0.0
2017-06-29,3.111,3.111,3.111,3.111,0.0
2017-06-30,3.124,3.124,3.124,3.124,0.0
2017-07-03,3.114,3.114,3.114,3.114,0.0
2017-07-05,3.078,3.078,3.078,3.078,0.0
2017-07-06,3.062,3.062,3.062,3.062,0.0
2017-07-07,3.057,3.057,3.057,3.057,0.0
2017-07-10,3.067,3.067,3.067,3.067,0.0
2017-07-11,3.071,3.071,3.071,3.071,0.0
2017-07-12,3.054,3.054,3.054,3.054,0.0
2017-07-13,3.071,3.071,3.071,3.071,0.0
2017-07-14,3.076,3.076,3.076,3.076,0.0
2017-07-17,3.083,3.083,3.083,3.083,0.0
2017-07-18,3.102,3.102,3.102,3.102,0.0
2017-07-19,3.084,3.084,3.084,3.084,0.0
2017-07-20,3.078,3.078,3.078,3.078,0.0
2017-07-21,3.062,3.062,3.062,3.062,0.0
2017-07-24,3.025,3.025,3.016,3.016,32.0
2017-07-25,3.024,3.024,3.024,3.024,0.0
2017-07-26,3.025,3.025,3.025,3.025,0.0
2017-07-27,3.02,3.02,3.02,3.02,0.0
2017-07-28,3.046,3.046,3.036,3.036,1.0
2017-07-31,3.024,3.024,3.024,3.024,0.0
2017-08-01,3.045,3.047,3.037,3.037,5.0
2017-08-02,3.043,3.043,3.043,3.043,0.0
2017-08-03,3.057,3.057,3.057,3.057,0.0
2017-08-04,3.046,3.046,3.046,3.046,0.0
2017-08-07,3.047,3.047,3.047,3.047,0.0
2017-08-08,3.058,3.058,3.058,3.058,0.0
2017-08-09,3.048,3.048,3.048,3.048,0.0
2017-08-10,3.053,3.067,3.05,3.05,5.0
2017-08-11,3.052,3.052,3.052,3.052,0.0
2017-08-14,3.053,3.053,3.053,3.053,0.0
2017-08-15,3.045,3.045,3.022,3.043,1.0
2017-08-16,3.033,3.033,3.033,3.033,0.0
2017-08-17,3.04,3.04,3.04,3.04,40.0
2017-08-18,3.041,3.041,3.041,3.041,0.0
2017-08-21,3.039,3.039,3.039,3.039,0.0
2017-08-22,3.026,3.026,3.026,3.026,0.0
2017-08-23,3.022,3.028,3.022,3.028,1.0
2017-08-24,3.0,3.009,3.0,3.009,11.0
2017-08-25,2.996,2.996,2.996,2.996,0.0
2017-08-28,3.009,3.009,3.009,3.009,0.0
2017-08-29,3.008,3.008,3.008,3.008,0.0
2017-08-30,3.011,3.011,3.011,3.011,0.0
2017-08-31,3.025,3.025,3.024,3.024,0.0
2017-09-01,3.03,3.03,3.025,3.03,1.0
2017-09-05,3.026,3.026,3.026,3.026,21.0
2017-09-06,3.025,3.025,3.025,3.025,0.0
2017-09-07,3.03,3.049,3.03,3.048,87.0
2017-09-08,3.055,3.055,3.055,3.055,0.0
2017-09-11,3.069,3.069,3.069,3.069,0.0
2017-09-12,3.074,3.074,3.074,3.074,0.0
2017-09-13,3.062,3.062,3.062,3.062,0.0
2017-09-14,3.079,3.079,3.079,3.079,0.0
2017-09-15,3.063,3.089,3.063,3.089,10.0
2017-09-18,3.106,3.106,3.106,3.106,0.0
2017-09-19,3.099,3.099,3.099,3.099,0.0
2017-09-20,3.097,3.097,3.097,3.097,0.0
2017-09-21,3.092,3.092,3.086,3.086,2.0
2017-09-22,3.08,3.108,3.08,3.108,10.0
2017-09-25,3.082,3.082,3.082,3.082,0.0
2017-09-26,3.09,3.09,3.09,3.09,0.0
2017-09-27,3.104,3.104,3.1,3.103,9.0
2017-09-28,3.097,3.097,3.097,3.097,0.0
2017-09-29,3.088,3.088,3.088,3.088,0.0
2017-10-02,3.095,3.095,3.095,3.095,0.0
2017-10-03,3.104,3.104,3.104,3.104,0.0
2017-10-04,3.098,3.098,3.098,3.098,0.0
2017-10-05,3.103,3.103,3.103,3.103,0.0
2017-10-06,3.09,3.092,3.09,3.092,10.0
2017-10-09,3.1,3.1,3.1,3.1,0.0
2017-10-10,3.106,3.106,3.106,3.106,0.0
2017-10-11,3.091,3.091,3.091,3.091,0.0
2017-10-12,3.095,3.102,3.095,3.102,4.0
2017-10-13,3.103,3.103,3.103,3.103,0.0
2017-10-16,3.119,3.119,3.119,3.119,0.0
2017-10-17,3.107,3.107,3.107,3.107,0.0
2017-10-18,3.109,3.109,3.109,3.109,0.0
2017-10-19,3.115,3.115,3.115,3.115,0.0
2017-10-20,3.127,3.127,3.127,3.127,0.0
2017-10-23,3.118,3.118,3.118,3.118,0.0
2017-10-24,3.105,3.114,3.105,3.114,5.0
2017-10-25,3.1,3.117,3.1,3.117,6.0
2017-10-26,3.112,3.127,3.112,3.12,6.0
2017-10-27,3.113,3.113,3.113,3.113,0.0
2017-10-30,3.133,3.133,3.133,3.133,0.0
2017-10-31,3.12,3.129,3.12,3.129,1.0
2017-11-01,3.133,3.133,3.133,3.133,0.0
2017-11-02,3.129,3.129,3.129,3.129,0.0
2017-11-03,3.124,3.124,3.124,3.124,0.0
2017-11-06,3.125,3.128,3.117,3.128,21.0
2017-11-07,3.11,3.121,3.11,3.121,1.0
2017-11-08,3.12,3.12,3.12,3.12,0.0
2017-11-09,3.121,3.121,3.121,3.121,1.0
2017-11-10,3.12,3.12,3.12,3.12,0.0
2017-11-13,3.12,3.12,3.12,3.12,0.0
2017-11-14,3.118,3.118,3.118,3.118,0.0
2017-11-15,3.125,3.127,3.125,3.127,1.0
2017-11-16,3.137,3.137,3.137,3.137,0.0
2017-11-17,3.14,3.14,3.137,3.137,3.0
2017-11-20,3.139,3.139,3.137,3.137,5.0
2017-11-21,3.142,3.142,3.142,3.142,0.0
2017-11-22,3.12,3.129,3.12,3.129,1.0
2017-11-24,3.121,3.121,3.121,3.121,0.0
2017-11-27,3.129,3.129,3.129,3.129,0.0
2017-11-28,3.13,3.13,3.13,3.13,0.0
2017-11-29,3.139,3.139,3.139,3.139,0.0
2017-11-30,3.125,3.125,3.125,3.125,0.0
2017-12-01,3.119,3.119,3.119,3.119,0.0
2017-12-04,3.1,3.1,3.08,3.08,5.0
2017-12-05,3.091,3.091,3.091,3.091,0.0
2017-12-06,3.082,3.082,3.082,3.082,0.0
2017-12-07,3.071,3.071,3.071,3.071,0.0
2017-12-08,3.071,3.076,3.071,3.076,3.0
2017-12-11,3.055,3.077,3.055,3.077,1.0
2017-12-12,3.057,3.057,3.057,3.057,5.0
2017-12-13,3.07,3.07,3.03,3.068,3.0
2017-12-14,3.06,3.077,3.06,3.077,3.0
2017-12-15,3.07,3.07,3.058,3.058,4.0
2017-12-18,3.08,3.08,3.079,3.079,2.0
2017-12-19,3.073,3.073,3.073,3.073,0.0
2017-12-20,3.059,3.059,3.059,3.059,0.0
2017-12-21,3.063,3.063,3.063,3.063,0.0
2017-12-22,3.086,3.086,3.086,3.086,0.0
2017-12-26,3.082,3.082,3.082,3.082,0.0
2017-12-27,3.073,3.073,3.073,3.073,0.0
2017-12-28,3.077,3.077,3.077,3.077,0.0
2017-12-29,3.085,3.085,3.085,3.085,0.0
2018-01-02,3.078,3.078,3.078,3.078,0.0
2018-01-03,3.083,3.083,3.083,3.083,0.0
2018-01-04,3.07,3.07,3.07,3.07,0.0
2018-01-05,3.05,3.059,3.05,3.059,2.0
2018-01-08,3.069,3.069,3.069,3.069,0.0
2018-01-09,3.063,3.063,3.063,3.063,1.0
2018-01-10,3.078,3.078,3.078,3.078,1.0
2018-01-11,3.084,3.084,3.084,3.084,0.0
2018-01-12,3.082,3.082,3.082,3.082,0.0
2018-01-16,3.065,3.065,3.065,3.065,10.0
2018-01-17,3.06,3.063,3.06,3.063,1.0
2018-01-18,3.058,3.058,3.058,3.058,0.0
2018-01-19,3.054,3.054,3.054,3.054,1.0
2018-01-22,3.073,3.073,3.073,3.073,33.0
2018-01-23,3.075,3.075,3.075,3.075,0.0
2018-01-24,3.075,3.075,3.075,3.075,152.0
2018-01-25,3.068,3.068,3.068,3.068,0.0
2018-01-26,3.05,3.056,3.05,3.056,1.0
2018-01-29,3.066,3.066,3.066,3.066,50.0
2018-01-30,3.06,3.06,3.06,3.06,0.0
2018-01-31,3.04,3.059,3.04,3.059,57.0
2018-02-01,3.065,3.065,3.065,3.065,1.0
2018-02-02,3.073,3.073,3.073,3.073,0.0
2018-02-05,3.066,3.066,3.066,3.066,39.0
2018-02-06,3.078,3.078,3.072,3.072,8.0
2018-02-07,3.045,3.057,3.045,3.057,3.0
2018-02-08,3.04,3.048,3.04,3.048,1.0
2018-02-09,3.031,3.031,3.031,3.031,1.0
2018-02-12,3.015,3.027,3.015,3.027,53.0
2018-02-13,3.027,3.027,3.027,3.027,0.0
2018-02-14,3.027,3.027,3.027,3.027,0.0
2018-02-15,3.021,3.021,3.021,3.021,0.0
2018-02-16,3.027,3.027,3.027,3.027,0.0
2018-02-20,3.027,3.027,3.024,3.024,7.0
2018-02-21,3.043,3.043,3.043,3.043,0.0
2018-02-22,3.042,3.042,3.042,3.042,0.0
2018-02-23,3.04,3.04,3.036,3.036,6.0
2018-02-26,3.048,3.048,3.048,3.048,0.0
2018-02-27,3.03,3.03,3.03,3.03,1.0
2018-02-28,3.025,3.025,3.01,3.012,15.0
2018-03-01,3.023,3.023,3.012,3.022,27.0
2018-03-02,3.026,3.026,3.026,3.026,5.0
2018-03-05,3.039,3.039,3.039,3.039,0.0
2018-03-06,3.047,3.047,3.047,3.047,0.0
2018-03-07,3.037,3.037,3.037,3.037,4.0
2018-03-08,3.03,3.03,3.021,3.021,1.0
2018-03-09,3.0,3.009,3.0,3.009,2.0
2018-03-12,3.012,3.012,3.012,3.012,0.0
2018-03-13,3.007,3.012,3.007,3.012,7.0
2018-03-14,2.992,3.021,2.992,3.021,4.0
2018-03-15,3.033,3.033,3.033,3.033,0.0
2018-03-16,3.03,3.03,3.03,3.03,0.0
2018-03-19,3.022,3.022,3.022,3.022,0.0
2018-03-20,3.026,3.026,3.026,3.026,0.0
2018-03-21,3.019,3.019,3.019,3.019,0.0
2018-03-22,3.021,3.021,3.021,3.021,0.0
2018-03-23,3.013,3.015,3.01,3.015,32.0
2018-03-26,3.022,3.022,3.02,3.02,28.0
2018-03-27,3.041,3.041,3.041,3.041,0.0
2018-03-28,3.036,3.036,3.036,3.036,0.0
2018-03-29,3.038,3.048,3.036,3.048,12.0
2018-04-02,3.043,3.043,3.043,3.043,57.0
2018-04-03,3.042,3.042,3.042,3.042,0.0
2018-04-04,3.04,3.04,3.028,3.028,5.0
2018-04-05,3.025,3.036,3.025,3.036,3.0
2018-04-06,3.025,3.025,3.025,3.025,0.0
2018-04-09,3.026,3.026,3.026,3.026,0.0
2018-04-10,3.031,3.031,3.031,3.031,0.0
2018-04-11,3.035,3.036,3.035,3.036,13.0
2018-04-12,3.047,3.047,3.047,3.047,1.0
2018-04-13,3.041,3.041,3.041,3.041,0.0
2018-04-16,3.044,3.044,3.044,3.044,22.0
2018-04-17,3.03,3.03,3.03,3.03,0.0
2018-04-18,3.01,3.01,3.009,3.009,2.0
2018-04-19,3.005,3.005,2.973,2.973,112.0
2018-04-20,2.974,2.974,2.974,2.974,101.0
2018-04-23,2.971,2.971,2.971,2.971,1.0
2018-04-24,2.971,2.971,2.965,2.97,28.0
2018-04-25,2.955,2.961,2.955,2.961,21.0
2018-04-26,2.96,2.96,2.95,2.95,4.0
2018-04-27,2.95,2.95,2.947,2.947,5.0
2018-04-30,2.953,2.953,2.953,2.953,0.0
2018-05-01,2.95,2.953,2.94,2.953,7.0
2018-05-02,2.954,2.954,2.954,2.954,0.0
2018-05-03,2.947,2.947,2.947,2.947,0.0
2018-05-04,2.938,2.941,2.938,2.941,1.0
2018-05-07,2.93,2.939,2.92,2.939,2.0
2018-05-08,2.9,2.9,2.898,2.898,2.0
2018-05-09,2.888,2.893,2.888,2.892,4.0
2018-05-10,2.913,2.913,2.913,2.913,3.0
2018-05-11,2.911,2.911,2.911,2.911,0.0
2018-05-14,2.913,2.913,2.905,2.905,9.0
2018-05-15,2.891,2.891,2.891,2.891,10.0
2018-05-16,2.888,2.895,2.888,2.893,11.0
2018-05-17,2.9,2.907,2.9,2.907,11.0
2018-05-18,2.92,2.92,2.919,2.919,13.0
2018-05-21,2.925,2.925,2.925,2.925,0.0
2018-05-22,2.948,2.948,2.948,2.948,0.0
2018-05-23,2.943,2.943,2.943,2.943,0.0
2018-05-24,2.933,2.933,2.933,2.933,0.0
2018-05-25,2.92,2.928,2.92,2.928,3.0
2018-05-29,2.9,2.905,2.895,2.905,21.0
2018-05-30,2.905,2.906,2.905,2.906,4.0
2018-05-31,2.914,2.914,2.914,2.914,0.0
2018-06-01,2.923,2.923,2.923,2.923,0.0
2018-06-04,2.91,2.91,2.91,2.91,0.0
2018-06-05,2.9,2.904,2.898,2.904,2.0
2018-06-06,2.909,2.909,2.904,2.904,4.0
2018-06-07,2.895,2.896,2.895,2.896,12.0
2018-06-08,2.888,2.893,2.888,2.891,10.0
2018-06-11,2.9,2.9,2.891,2.891,10.0
2018-06-12,2.895,2.905,2.895,2.905,4.0
2018-06-13,2.912,2.912,2.907,2.907,1.0
2018-06-14,2.912,2.912,2.888,2.888,13.0
2018-06-15,2.9,2.9,2.87,2.883,67.0
2018-06-18,2.91,2.91,2.873,2.879,9.0
2018-06-19,2.87,2.874,2.87,2.871,5.0
2018-06-20,2.87,2.873,2.869,2.873,2.0
2018-06-21,2.876,2.876,2.876,2.876,1.0
2018-06-22,2.874,2.877,2.874,2.877,3.0
2018-06-25,2.874,2.874,2.874,2.874,0.0
2018-06-26,2.876,2.876,2.876,2.876,0.0
2018-06-27,2.877,2.877,2.877,2.877,0.0
2018-06-28,2.872,2.872,2.872,2.872,0.0
2018-06-29,2.872,2.872,2.872,2.872,0.0
2018-07-02,2.87,2.87,2.87,2.87,3.0
2018-07-03,2.872,2.872,2.872,2.872,0.0
2018-07-05,2.86,2.866,2.855,2.866,2.0
2018-07-06,2.864,2.864,2.864,2.864,0.0
2018-07-09,2.859,2.859,2.859,2.859,0.0
2018-07-10,2.859,2.859,2.859,2.859,1.0
2018-07-11,2.88,2.88,2.88,2.88,81.0
2018-07-12,2.867,2.867,2.867,2.867,119.0
2018-07-13,2.859,2.859,2.859,2.859,0.0
2018-07-16,2.859,2.859,2.846,2.846,10.0
2018-07-17,2.84,2.84,2.836,2.836,12.0
2018-07-18,2.83,2.831,2.825,2.825,261.0
2018-07-19,2.808,2.808,2.808,2.808,0.0
2018-07-20,2.801,2.801,2.801,2.801,0.0
2018-07-23,2.816,2.816,2.816,2.816,0.0
2018-07-24,2.83,2.83,2.814,2.814,1.0
2018-07-25,2.815,2.815,2.81,2.81,11.0
2018-07-26,2.802,2.802,2.802,2.802,0.0
2018-07-27,2.835,2.835,2.835,2.835,2.0
2018-07-30,2.838,2.838,2.835,2.835,1.0
2018-07-31,2.834,2.834,2.834,2.834,0.0
2018-08-01,2.825,2.825,2.8,2.804,14.0
2018-08-02,2.825,2.825,2.815,2.815,1.0
2018-08-03,2.82,2.82,2.82,2.82,0.0
2018-08-06,2.82,2.82,2.812,2.812,3.0
2018-08-07,2.812,2.812,2.812,2.812,10.0
2018-08-08,2.826,2.826,2.826,2.826,0.0
2018-08-09,2.844,2.844,2.844,2.844,0.0
2018-08-10,2.855,2.88,2.85,2.851,84.0
2018-08-13,2.853,2.853,2.853,2.853,0.0
2018-08-14,2.856,2.856,2.856,2.856,50.0
2018-08-15,2.851,2.851,2.851,2.851,0.0
2018-08-16,2.835,2.88,2.835,2.841,63.0
2018-08-17,2.845,2.845,2.845,2.845,0.0
2018-08-20,2.844,2.844,2.844,2.844,1.0
2018-08-21,2.835,2.841,2.835,2.841,10.0
2018-08-22,2.838,2.838,2.838,2.838,5.0
2018-08-23,2.83,2.841,2.83,2.841,1.0
2018-08-24,2.832,2.832,2.832,2.832,0.0
2018-08-27,2.88,2.88,2.81,2.81,8.0
2018-08-28,2.81,2.81,2.81,2.81,0.0
2018-08-29,2.811,2.811,2.811,2.811,0.0
2018-08-30,2.804,2.804,2.804,2.804,116.0
2018-08-31,2.819,2.823,2.819,2.823,2.0
2018-09-04,2.811,2.811,2.808,2.808,4.0
2018-09-05,2.806,2.806,2.806,2.806,0.0
2018-09-06,2.805,2.805,2.795,2.797,64.0
2018-09-07,2.801,2.801,2.801,2.801,0.0
2018-09-10,2.81,2.81,2.81,2.81,10.0
2018-09-11,2.82,2.821,2.816,2.816,30.0
2018-09-12,2.826,2.826,2.826,2.826,0.0
2018-09-13,2.838,2.838,2.829,2.829,4.0
2018-09-14,2.829,2.829,2.824,2.824,16.0
2018-09-17,2.829,2.829,2.829,2.829,0.0
2018-09-18,2.834,2.84,2.834,2.84,53.0
2018-09-19,2.84,2.84,2.82,2.821,45.0
2018-09-20,2.818,2.833,2.818,2.833,354.0
2018-09-21,2.825,2.829,2.825,2.829,301.0
2018-09-24,2.845,2.845,2.834,2.834,1.0
2018-09-25,2.828,2.828,2.828,2.828,0.0
2018-09-26,2.848,2.848,2.837,2.837,1.0
2018-09-27,2.84,2.84,2.84,2.84,66.0
2018-09-28,2.84,2.849,2.84,2.849,5.0
2018-10-01,2.843,2.843,2.843,2.843,5.0
2018-10-02,2.848,2.88,2.845,2.851,61.0
2018-10-03,2.855,2.855,2.855,2.855,4.0
2018-10-04,2.86,2.86,2.86,2.86,0.0
2018-10-05,2.866,2.866,2.866,2.866,0.0
2018-10-08,2.878,2.878,2.878,2.878,0.0
2018-10-09,2.888,2.888,2.887,2.887,1.0
2018-10-10,2.887,2.887,2.879,2.882,5.0
2018-10-11,2.889,2.889,2.889,2.889,0.0
2018-10-12,2.891,2.891,2.891,2.891,0.0
2018-10-15,2.891,2.891,2.888,2.89,6.0
2018-10-16,2.88,2.886,2.88,2.886,2.0
2018-10-17,2.886,2.886,2.88,2.88,2.0
2018-10-18,2.883,2.883,2.883,2.883,2.0
2018-10-19,2.888,2.888,2.887,2.887,15.0
2018-10-22,2.87,2.883,2.87,2.883,38.0
2018-10-23,2.878,2.885,2.878,2.885,1.0
2018-10-24,2.885,2.885,2.875,2.878,6.0
2018-10-25,2.87,2.873,2.869,2.869,2.0
2018-10-26,2.86,2.869,2.855,2.868,7.0
2018-10-29,2.882,2.882,2.875,2.878,17.0
2018-10-30,2.868,2.871,2.868,2.871,64.0
2018-10-31,2.888,2.888,2.885,2.885,5.0
2018-11-01,2.879,2.88,2.859,2.88,7.0
2018-11-02,2.88,2.894,2.88,2.894,37.0
2018-11-05,2.9,2.925,2.891,2.898,26.0
2018-11-06,2.903,2.923,2.903,2.907,29.0
2018-11-07,2.912,2.912,2.912,2.912,37.0
2018-11-08,2.925,2.925,2.919,2.919,46.0
2018-11-09,2.94,2.94,2.915,2.928,108.0
2018-11-12,2.945,2.96,2.945,2.953,108.0
2018-11-13,2.963,2.964,2.934,2.934,110.0
2018-11-14,2.918,2.962,2.888,2.919,25.0
2018-11-15,2.908,2.92,2.89,2.908,97.0
2018-11-16,2.91,2.913,2.883,2.907,71.0
2018-11-19,2.904,2.904,2.886,2.886,101.0
2018-11-20,2.885,2.895,2.86,2.86,168.0
2018-11-21,2.895,2.895,2.858,2.858,72.0
2018-11-23,2.9,2.9,2.88,2.891,38.0
2018-11-26,2.888,2.888,2.884,2.884,81.0
2018-11-27,2.905,2.905,2.888,2.888,26.0
2018-11-28,2.9,2.913,2.898,2.913,28.0
2018-11-29,2.92,2.92,2.907,2.907,185.0
2018-11-30,2.925,2.925,2.916,2.916,1.0
2018-12-03,2.91,2.916,2.91,2.916,11.0
2018-12-04,2.905,2.945,2.905,2.911,115.0
2018-12-05,2.916,2.925,2.914,2.914,17.0
2018-12-06,2.919,2.925,2.919,2.925,6.0
2018-12-07,2.945,2.952,2.932,2.932,109.0
2018-12-10,2.939,2.939,2.939,2.939,34.0
2018-12-11,2.934,2.934,2.925,2.927,102.0
2018-12-12,2.922,2.935,2.92,2.933,26.0
2018-12-13,2.924,2.924,2.924,2.924,8.0
2018-12-14,2.941,2.941,2.941,2.941,0.0
2018-12-17,2.92,2.928,2.92,2.928,30.0
2018-12-18,2.94,2.94,2.921,2.921,291.0
2018-12-19,2.921,2.921,2.916,2.916,101.0
2018-12-20,2.911,2.911,2.911,2.911,27.0
2018-12-21,2.925,2.925,2.92,2.92,85.0
2018-12-24,2.911,2.911,2.911,2.911,0.0
2018-12-26,2.918,2.918,2.918,2.918,0.0
2018-12-27,2.925,2.935,2.915,2.916,17.0
2018-12-28,2.93,2.93,2.898,2.898,42.0
2018-12-31,2.898,2.9,2.898,2.9,2.0
2019-01-02,2.914,2.914,2.875,2.875,82.0
2019-01-03,2.877,2.877,2.867,2.867,136.0
2019-01-04,2.884,2.896,2.884,2.896,18.0
2019-01-07,2.909,2.909,2.909,2.909,83.0
2019-01-08,2.92,2.935,2.915,2.935,98.0
2019-01-09,2.945,2.952,2.937,2.952,21.0
2019-01-10,2.965,2.965,2.962,2.962,56.0
2019-01-11,2.98,2.98,2.965,2.969,34.0
2019-01-14,2.973,2.973,2.964,2.97,61.0
2019-01-15,2.955,2.959,2.94,2.95,393.0
2019-01-16,2.949,2.952,2.922,2.93,394.0
2019-01-17,2.947,2.952,2.94,2.952,740.0
2019-01-18,2.956,2.965,2.956,2.965,5.0
2019-01-22,2.98,2.98,2.97,2.971,290.0
2019-01-23,2.98,2.98,2.943,2.965,108.0
2019-01-24,2.98,2.98,2.966,2.966,8.0
2019-01-25,2.966,2.966,2.966,2.966,66.0
2019-01-28,2.969,2.973,2.957,2.968,330.0
2019-01-29,2.95,2.965,2.95,2.965,400.0
2019-01-30,2.953,2.958,2.953,2.958,15.0
2019-01-31,2.963,2.964,2.93,2.93,131.0
2019-02-01,2.93,2.937,2.922,2.931,182.0
2019-02-04,2.924,2.926,2.918,2.926,116.0
2019-02-05,2.94,2.953,2.94,2.953,145.0
2019-02-06,2.955,2.958,2.95,2.958,425.0
2019-02-07,2.943,2.946,2.943,2.946,246.0
2019-02-08,2.955,2.96,2.955,2.958,15.0
2019-02-11,2.965,2.965,2.964,2.964,537.0
2019-02-12,2.966,2.967,2.954,2.963,349.0
2019-02-13,2.948,2.962,2.948,2.956,178.0
2019-02-14,2.946,2.96,2.946,2.96,51.0
2019-02-15,2.957,2.957,2.942,2.942,6.0
2019-02-19,2.968,2.971,2.954,2.962,54.0
2019-02-20,2.956,2.956,2.936,2.945,79.0
2019-02-21,2.945,2.957,2.935,2.942,357.0
2019-02-22,2.93,2.944,2.93,2.943,22.0
2019-02-25,2.93,2.943,2.93,2.943,4.0
2019-02-26,2.925,2.925,2.912,2.916,106.0
2019-02-27,2.912,2.926,2.91,2.926,10.0
2019-02-28,2.932,2.934,2.927,2.934,12.0
2019-03-01,2.92,2.927,2.913,2.927,209.0
2019-03-04,2.925,2.939,2.925,2.939,45.0
2019-03-05,2.938,2.946,2.931,2.946,176.0
2019-03-06,2.935,2.947,2.935,2.938,67.0
2019-03-07,2.938,2.945,2.937,2.945,135.0
2019-03-08,2.949,2.952,2.949,2.952,26.0
2019-03-11,2.936,2.958,2.933,2.958,178.0
2019-03-12,2.937,2.965,2.937,2.965,13.0
2019-03-13,2.971,2.971,2.956,2.964,14.0
2019-03-14,2.964,2.967,2.95,2.967,125.0
2019-03-15,2.959,2.96,2.944,2.956,380.0
2019-03-18,2.961,2.962,2.958,2.962,31.0
2019-03-19,2.958,2.961,2.955,2.96,263.0
2019-03-20,2.954,2.956,2.954,2.955,77.0
2019-03-21,2.956,2.964,2.955,2.964,50.0
2019-03-22,2.951,2.956,2.951,2.955,15.0
2019-03-25,2.95,2.956,2.95,2.956,8.0
2019-03-26,2.957,2.957,2.951,2.956,115.0
2019-03-27,2.944,2.946,2.939,2.946,449.0
2019-03-28,2.947,2.947,2.947,2.947,7.0
2019-03-29,2.946,2.948,2.945,2.946,23.0
2019-04-01,2.949,2.95,2.936,2.945,18.0
2019-04-02,2.949,2.956,2.945,2.956,96.0
2019-04-03,2.956,2.963,2.955,2.963,324.0
2019-04-04,2.961,2.962,2.956,2.96,235.0
2019-04-05,2.966,2.969,2.964,2.969,23.0
2019-04-08,2.976,2.977,2.971,2.977,298.0
2019-04-09,2.979,2.982,2.975,2.982,308.0
2019-04-10,2.976,2.98,2.976,2.98,21.0
2019-04-11,2.979,2.986,2.974,2.977,113.0
2019-04-12,2.992,2.992,2.975,2.977,34.0
2019-04-15,2.963,2.966,2.957,2.961,148.0
2019-04-16,2.961,2.974,2.957,2.961,359.0
2019-04-17,2.958,2.958,2.937,2.938,323.0
2019-04-18,2.926,2.933,2.913,2.916,407.0
2019-04-22,2.914,2.918,2.905,2.906,156.0
2019-04-23,2.901,2.903,2.887,2.888,261.0
2019-04-24,2.898,2.898,2.891,2.897,561.0
2019-04-25,2.894,2.924,2.891,2.912,109.0
2019-04-26,2.922,2.931,2.91,2.913,195.0
2019-04-29,2.913,2.936,2.913,2.929,234.0
2019-04-30,2.937,2.941,2.926,2.941,67.0
2019-05-01,2.945,2.952,2.936,2.943,576.0
2019-05-02,2.94,2.942,2.933,2.942,214.0
2019-05-03,2.933,2.937,2.922,2.922,710.0
2019-05-06,2.922,2.924,2.911,2.914,372.0
2019-05-07,2.925,2.931,2.923,2.924,540.0
2019-05-08,2.942,2.942,2.939,2.942,110.0
2019-05-09,2.936,2.947,2.931,2.944,127.0
2019-05-10,2.94,2.942,2.936,2.936,234.0
2019-05-13,2.938,2.943,2.936,2.939,26.0
2019-05-14,2.943,2.953,2.943,2.953,242.0
2019-05-15,2.948,2.953,2.946,2.949,199.0
2019-05-16,2.958,2.963,2.957,2.962,378.0
2019-05-17,2.958,2.963,2.954,2.961,29.0
2019-05-20,2.965,2.97,2.963,2.966,342.0
2019-05-21,2.954,2.959,2.95,2.952,356.0
2019-05-22,2.952,2.96,2.927,2.927,346.0
2019-05-23,2.937,2.937,2.923,2.931,196.0
2019-05-24,2.922,2.933,2.915,2.933,475.0
2019-05-28,2.92,2.93,2.918,2.93,181.0
2019-05-29,2.942,2.942,2.928,2.928,586.0
2019-05-30,2.92,2.927,2.91,2.92,244.0
2019-05-31,2.905,2.909,2.902,2.908,460.0
2019-06-03,2.894,2.911,2.89,2.892,725.0
2019-06-04,2.902,2.91,2.9,2.901,23.0
2019-06-05,2.906,2.921,2.902,2.905,940.0
2019-06-06,2.915,2.915,2.886,2.891,255.0
2019-06-07,2.911,2.911,2.886,2.894,88.0
2019-06-10,2.881,2.9,2.88,2.885,71.0
2019-06-11,2.88,2.898,2.87,2.891,484.0
2019-06-12,2.891,2.891,2.877,2.884,457.0
2019-06-13,2.864,2.886,2.864,2.884,227.0
2019-06-14,2.898,2.902,2.892,2.893,125.0
2019-06-17,2.889,2.892,2.889,2.891,23.0
2019-06-18,2.893,2.9,2.878,2.879,132.0
2019-06-19,2.881,2.881,2.85,2.853,26.0
2019-06-20,2.847,2.847,2.798,2.817,452.0
2019-06-21,2.83,2.843,2.815,2.832,198.0
2019-06-24,2.854,2.874,2.853,2.874,94.0
2019-06-25,2.852,2.864,2.843,2.86,356.0
2019-06-26,2.854,2.865,2.847,2.849,163.0
2019-06-27,2.832,2.852,2.832,2.848,131.0
2019-06-28,2.832,2.843,2.83,2.831,280.0
2019-07-01,2.835,2.835,2.797,2.802,256.0
2019-07-02,2.8,2.8,2.785,2.789,208.0
2019-07-03,2.791,2.794,2.786,2.792,149.0
2019-07-05,2.802,2.834,2.802,2.822,295.0
2019-07-08,2.816,2.825,2.812,2.812,168.0
2019-07-09,2.824,2.852,2.824,2.846,400.0
2019-07-10,2.85,2.865,2.849,2.858,792.0
2019-07-11,2.858,2.863,2.842,2.863,313.0
2019-07-12,2.875,2.878,2.858,2.865,292.0
2019-07-15,2.858,2.869,2.854,2.86,580.0
2019-07-16,2.826,2.828,2.82,2.82,88.0
2019-07-17,2.828,2.829,2.812,2.82,395.0
2019-07-18,2.823,2.824,2.8,2.809,309.0
2019-07-19,2.809,2.814,2.793,2.796,1144.0
2019-07-22,2.799,2.821,2.797,2.813,117.0
2019-07-23,2.804,2.817,2.798,2.813,93.0
2019-07-24,2.796,2.796,2.783,2.788,237.0
2019-07-25,2.804,2.804,2.793,2.799,201.0
2019-07-26,2.765,2.791,2.757,2.774,382.0
2019-07-29,2.765,2.775,2.756,2.768,63.0
2019-07-30,2.775,2.78,2.764,2.776,261.0
2019-07-31,2.781,2.814,2.781,2.795,3240.0
2019-08-01,2.807,2.807,2.77,2.792,840.0
2019-08-02,2.771,2.779,2.743,2.757,613.0
2019-08-05,2.721,2.736,2.709,2.732,529.0
2019-08-06,2.737,2.742,2.712,2.724,842.0
2019-08-07,2.729,2.731,2.704,2.713,136.0
2019-08-08,2.708,2.718,2.708,2.713,62.0
2019-08-09,2.687,2.718,2.687,2.709,284.0
2019-08-12,2.707,2.709,2.678,2.678,134.0
2019-08-13,2.677,2.695,2.677,2.689,439.0
2019-08-14,2.697,2.705,2.67,2.689,668.0
2019-08-15,2.684,2.728,2.684,2.695,619.0
2019-08-16,2.665,2.685,2.658,2.67,214.0
2019-08-19,2.673,2.685,2.644,2.683,361.0
2019-08-20,2.66,2.679,2.66,2.676,238.0
2019-08-21,2.683,2.684,2.674,2.678,289.0
2019-08-22,2.666,2.688,2.662,2.669,86.0
2019-08-23,2.676,2.676,2.66,2.669,296.0
2019-08-26,2.682,2.706,2.682,2.702,638.0
2019-08-27,2.694,2.698,2.684,2.69,804.0
2019-08-28,2.701,2.718,2.7,2.708,973.0
2019-08-29,2.707,2.734,2.707,2.728,928.0
2019-08-30,2.708,2.726,2.688,2.701,455.0
2019-09-03,2.701,2.724,2.701,2.724,679.0
2019-09-04,2.724,2.727,2.696,2.721,1199.0
2019-09-05,2.728,2.741,2.707,2.741,1530.0
2019-09-06,2.73,2.76,2.721,2.752,2510.0
2019-09-09,2.761,2.764,2.742,2.759,1415.0
2019-09-10,2.767,2.781,2.762,2.764,1362.0
2019-09-11,2.767,2.786,2.754,2.786,1167.0
2019-09-12,2.775,2.789,2.765,2.782,479.0
2019-09-13,2.77,2.776,2.753,2.766,1220.0
2019-09-16,2.784,2.789,2.765,2.788,1543.0
2019-09-17,2.782,2.788,2.775,2.787,1219.0
2019-09-18,2.784,2.795,2.77,2.781,662.0
2019-09-19,2.781,2.781,2.75,2.761,1600.0
2019-09-20,2.757,2.768,2.739,2.766,522.0
2019-09-23,2.76,2.77,2.745,2.77,283.0
2019-09-24,2.773,2.786,2.754,2.766,710.0
2019-09-25,2.743,2.757,2.735,2.753,2320.0
2019-09-26,2.754,2.755,2.701,2.742,3188.0
2019-09-27,2.747,2.747,2.723,2.735,2094.0
2019-09-30,2.715,2.723,2.703,2.719,1082.0
2019-10-01,2.697,2.748,2.696,2.746,2143.0
2019-10-02,2.755,2.779,2.733,2.738,824.0
2019-10-03,2.74,2.75,2.714,2.74,2699.0
2019-10-04,2.726,2.751,2.703,2.748,2805.0
2019-10-07,2.74,2.753,2.731,2.745,612.0
2019-10-08,2.731,2.735,2.71,2.719,1033.0
2019-10-09,2.713,2.721,2.697,2.707,1279.0
2019-10-10,2.704,2.71,2.695,2.698,1676.0
2019-10-11,2.698,2.707,2.685,2.695,1667.0
2019-10-14,2.697,2.712,2.679,2.7,374.0
2019-10-15,2.7,2.721,2.697,2.721,1617.0
2019-10-16,2.715,2.723,2.696,2.7,2498.0
2019-10-17,2.721,2.734,2.718,2.73,3090.0
2019-10-18,2.732,2.741,2.722,2.735,1038.0
2019-10-21,2.718,2.73,2.71,2.728,1187.0
2019-10-22,2.729,2.736,2.716,2.718,2177.0
2019-10-23,2.715,2.716,2.699,2.705,1956.0
2019-10-24,2.712,2.718,2.695,2.71,2037.0
2019-10-25,2.704,2.71,2.698,2.698,986.0
2019-10-28,2.71,2.726,2.705,2.723,603.0
2019-10-29,2.726,2.767,2.726,2.747,3598.0
2019-10-30,2.753,2.774,2.749,2.77,3591.0
2019-10-31,2.774,2.775,2.755,2.775,3738.0
2019-11-01,2.763,2.79,2.758,2.79,4006.0
2019-11-04,2.798,2.822,2.792,2.811,3333.0
2019-11-05,2.805,2.822,2.8,2.814,2213.0
2019-11-06,2.816,2.823,2.79,2.802,3114.0
2019-11-07,2.805,2.815,2.79,2.806,2215.0
2019-11-08,2.82,2.828,2.803,2.828,1578.0
2019-11-11,2.805,2.814,2.79,2.814,947.0
2019-11-12,2.821,2.821,2.799,2.808,865.0
2019-11-13,2.799,2.802,2.769,2.796,2642.0
2019-11-14,2.795,2.818,2.789,2.806,1959.0
2019-11-15,2.804,2.813,2.789,2.801,2357.0
2019-11-18,2.782,2.799,2.771,2.784,5041.0
2019-11-19,2.779,2.787,2.756,2.761,2860.0
2019-11-20,2.768,2.768,2.748,2.762,2780.0
2019-11-21,2.759,2.763,2.747,2.758,2483.0
2019-11-22,2.76,2.793,2.755,2.789,4182.0
2019-11-25,2.773,2.778,2.746,2.778,4748.0
2019-11-26,2.77,2.775,2.752,2.775,6555.0
2019-11-27,2.769,2.777,2.756,2.77,4524.0
2019-11-29,2.761,2.761,2.685,2.688,2751.0
2019-12-02,2.71,2.718,2.676,2.689,5423.0
2019-12-03,2.702,2.728,2.688,2.708,5324.0
2019-12-04,2.711,2.726,2.691,2.722,5959.0
2019-12-05,2.72,2.739,2.715,2.731,4312.0
2019-12-06,2.732,2.735,2.692,2.699,3643.0
2019-12-09,2.677,2.687,2.661,2.68,5165.0
2019-12-10,2.674,2.69,2.666,2.688,3741.0
2019-12-11,2.685,2.695,2.675,2.679,4806.0
2019-12-12,2.677,2.72,2.677,2.706,4481.0
2019-12-13,2.707,2.707,2.676,2.677,4471.0
2019-12-16,2.691,2.713,2.681,2.698,3222.0
2019-12-17,2.703,2.705,2.68,2.695,3162.0
2019-12-18,2.682,2.688,2.672,2.679,3465.0
2019-12-19,2.679,2.685,2.662,2.678,5771.0
2019-12-20,2.692,2.705,2.688,2.698,2886.0
2019-12-23,2.677,2.68,2.66,2.672,3369.0
2019-12-24,2.668,2.683,2.653,2.661,2010.0
2019-12-26,2.684,2.704,2.684,2.694,1433.0
2019-12-27,2.688,2.715,2.659,2.701,4729.0
2019-12-30,2.713,2.72,2.7,2.708,4363.0
2019-12-31,2.713,2.727,2.706,2.72,3475.0
2020-01-02,2.715,2.731,2.692,2.702,4349.0
2020-01-03,2.702,2.721,2.686,2.718,5676.0
2020-01-06,2.707,2.736,2.705,2.719,3091.0
2020-01-07,2.715,2.729,2.69,2.718,3913.0
2020-01-08,2.706,2.716,2.69,2.715,7633.0
2020-01-09,2.708,2.717,2.68,2.716,8260.0
2020-01-10,2.709,2.719,2.699,2.715,8175.0
2020-01-13,2.707,2.722,2.705,2.721,8553.0
2020-01-14,2.709,2.727,2.709,2.721,7882.0
2020-01-15,2.722,2.722,2.693,2.698,6896.0
2020-01-16,2.704,2.716,2.68,2.689,12295.0
2020-01-17,2.685,2.685,2.651,2.656,6203.0
2020-01-21,2.65,2.65,2.599,2.619,17970.0
2020-01-22,2.607,2.623,2.606,2.612,7090.0
2020-01-23,2.608,2.624,2.593,2.609,6416.0
2020-01-24,2.596,2.597,2.563,2.571,7680.0
2020-01-27,2.592,2.605,2.557,2.567,9979.0
2020-01-28,2.568,2.586,2.555,2.578,6694.0
2020-01-29,2.576,2.587,2.559,2.563,8966.0
2020-01-30,2.566,2.576,2.542,2.545,12765.0
2020-01-31,2.541,2.558,2.534,2.552,8622.0
2020-02-03,2.566,2.575,2.524,2.533,10573.0
2020-02-04,2.526,2.554,2.518,2.54,12956.0
2020-02-05,2.535,2.538,2.513,2.534,12931.0
2020-02-06,2.536,2.572,2.515,2.552,17037.0
2020-02-07,2.552,2.582,2.536,2.574,15035.0
2020-02-10,2.538,2.559,2.537,2.558,19063.0
2020-02-11,2.556,2.58,2.549,2.578,15813.0
2020-02-12,2.575,2.606,2.574,2.606,16029.0
2020-02-13,2.597,2.611,2.573,2.584,16384.0
2020-02-14,2.588,2.588,2.567,2.574,9703.0
2020-02-18,2.6,2.616,2.586,2.6,16378.0
2020-02-19,2.589,2.617,2.584,2.606,10808.0
2020-02-20,2.605,2.611,2.566,2.575,20932.0
2020-02-21,2.57,2.571,2.546,2.562,11046.0
2020-02-24,2.545,2.557,2.526,2.53,10106.0
2020-02-25,2.546,2.554,2.526,2.551,8418.0
2020-02-26,2.55,2.57,2.543,2.55,9357.0
2020-02-27,2.55,2.55,2.49,2.513,23295.0
2020-02-28,2.506,2.506,2.434,2.462,20170.0
2020-03-02,2.47,2.513,2.47,2.495,13903.0
2020-03-03,2.503,2.553,2.492,2.517,15957.0
2020-03-04,2.525,2.545,2.502,2.539,11514.0
2020-03-05,2.534,2.544,2.499,2.512,11309.0
2020-03-06,2.499,2.504,2.47,2.471,9983.0
2020-03-09,2.437,2.624,2.421,2.581,39320.0
2020-03-10,2.628,2.709,2.605,2.687,35015.0
2020-03-11,2.665,2.721,2.629,2.635,32944.0
2020-03-12,2.627,2.658,2.571,2.637,22460.0
2020-03-13,2.622,2.702,2.617,2.652,17877.0
2020-03-16,2.629,2.667,2.591,2.646,13755.0
2020-03-17,2.647,2.69,2.621,2.662,17895.0
2020-03-18,2.669,2.683,2.584,2.598,49144.0
2020-03-19,2.623,2.649,2.599,2.643,16382.0
2020-03-20,2.646,2.683,2.61,2.63,16057.0
2020-03-23,2.625,2.671,2.609,2.663,12378.0
2020-03-24,2.665,2.735,2.659,2.713,14704.0
2020-03-25,2.731,2.757,2.707,2.714,14448.0
2020-03-26,2.7,2.741,2.678,2.694,16390.0
2020-03-27,2.709,2.712,2.686,2.696,17888.0
2020-03-30,2.689,2.734,2.667,2.733,13092.0
2020-03-31,2.73,2.757,2.726,2.739,15744.0
2020-04-01,2.738,2.764,2.725,2.748,13938.0
2020-04-02,2.743,2.766,2.713,2.755,17407.0
2020-04-03,2.752,2.8,2.749,2.796,22236.0
2020-04-06,2.79,2.822,2.785,2.804,17126.0
2020-04-07,2.796,2.854,2.787,2.834,27303.0
2020-04-08,2.828,2.866,2.813,2.853,14275.0
2020-04-09,2.866,2.917,2.853,2.901,17868.0
2020-04-13,2.893,2.961,2.893,2.945,16731.0
2020-04-14,2.955,2.957,2.907,2.919,13542.0
2020-04-15,2.911,2.928,2.874,2.88,14945.0
2020-04-16,2.886,2.911,2.852,2.906,19850.0
2020-04-17,2.9,2.934,2.868,2.928,14824.0
2020-04-20,2.94,3.06,2.916,3.053,23537.0
2020-04-21,3.033,3.115,2.999,3.065,35245.0
2020-04-22,3.058,3.116,3.053,3.093,17020.0
2020-04-23,3.085,3.11,3.034,3.039,12338.0
2020-04-24,3.041,3.05,3.0,3.022,11887.0
2020-04-27,3.009,3.081,2.992,3.08,12370.0
2020-04-28,3.066,3.116,3.063,3.093,13541.0
2020-04-29,3.117,3.119,3.056,3.064,11404.0
2020-04-30,3.068,3.127,3.05,3.115,17914.0
2020-05-01,3.093,3.139,3.09,3.104,13227.0
2020-05-04,3.129,3.146,3.108,3.146,19855.0
2020-05-05,3.14,3.208,3.067,3.125,29204.0
2020-05-06,3.072,3.086,3.03,3.061,19032.0
2020-05-07,3.048,3.072,3.019,3.031,11854.0
2020-05-08,3.025,3.045,3.015,3.022,14493.0
2020-05-11,3.016,3.055,3.011,3.023,11096.0
2020-05-12,3.017,3.04,2.957,2.977,22184.0
2020-05-13,2.959,2.992,2.924,2.936,24132.0
2020-05-14,2.96,3.006,2.944,2.967,17257.0
2020-05-15,2.974,3.019,2.943,2.955,15426.0
2020-05-18,2.965,3.033,2.965,2.993,19663.0
2020-05-19,2.97,3.03,2.943,2.98,24478.0
2020-05-20,2.964,3.007,2.937,2.952,24705.0
2020-05-21,2.938,2.945,2.912,2.935,18348.0
2020-05-22,2.929,2.973,2.915,2.957,12831.0
2020-05-26,2.959,3.022,2.942,2.987,11206.0
2020-05-27,2.967,2.996,2.942,2.956,11118.0
2020-05-28,2.944,2.964,2.914,2.941,15894.0
2020-05-29,2.934,2.966,2.909,2.955,26008.0
2020-06-01,2.93,2.954,2.911,2.93,21738.0
2020-06-02,2.941,2.975,2.927,2.96,16094.0
2020-06-03,2.961,2.997,2.96,2.981,16056.0
2020-06-04,2.976,2.984,2.958,2.972,11756.0
2020-06-05,2.96,2.982,2.935,2.95,22336.0
2020-06-08,2.952,2.968,2.92,2.961,17938.0
2020-06-09,2.965,2.971,2.937,2.956,18405.0
2020-06-10,2.948,2.99,2.902,2.986,19568.0
2020-06-11,2.987,3.029,2.97,3.028,21601.0
2020-06-12,3.023,3.044,2.96,2.972,17150.0
2020-06-15,2.974,2.979,2.927,2.941,13271.0
2020-06-16,2.931,2.952,2.908,2.928,10887.0
2020-06-17,2.924,2.953,2.922,2.95,11483.0
2020-06-18,2.939,2.952,2.923,2.948,14286.0
2020-06-19,2.94,2.953,2.925,2.951,15030.0
2020-06-22,2.939,2.964,2.892,2.909,17034.0
2020-06-23,2.89,2.89,2.851,2.862,21215.0
2020-06-24,2.853,2.862,2.83,2.842,19718.0
2020-06-25,2.835,2.837,2.778,2.794,29013.0
2020-06-26,2.79,2.827,2.783,2.816,15352.0
2020-06-29,2.833,2.895,2.827,2.859,31456.0
2020-06-30,2.849,2.894,2.832,2.883,28626.0
2020-07-01,2.887,2.897,2.845,2.895,27350.0
2020-07-02,2.891,2.918,2.869,2.907,24867.0
2020-07-06,2.896,2.941,2.848,2.87,43441.0
2020-07-07,2.843,2.92,2.843,2.908,31121.0
2020-07-08,2.907,2.914,2.879,2.895,20087.0
2020-07-09,2.886,2.92,2.858,2.865,25136.0
2020-07-10,2.864,2.882,2.844,2.869,26778.0
2020-07-13,2.834,2.881,2.829,2.866,25798.0
2020-07-14,2.863,2.9,2.855,2.884,20558.0
2020-07-15,2.881,2.899,2.856,2.888,12853.0
2020-07-16,2.888,2.898,2.857,2.875,19377.0
2020-07-17,2.875,2.893,2.861,2.874,9032.0
2020-07-20,2.865,2.871,2.785,2.827,26231.0
2020-07-21,2.837,2.843,2.799,2.833,13536.0
2020-07-22,2.829,2.836,2.797,2.826,14134.0
2020-07-23,2.81,2.879,2.8,2.864,19978.0
2020-07-24,2.861,2.899,2.835,2.898,15689.0
2020-07-27,2.884,2.919,2.865,2.888,16194.0
2020-07-28,2.877,2.946,2.877,2.944,14455.0
2020-07-29,2.939,3.019,2.935,3.01,31250.0
2020-07-30,3.001,3.018,2.939,2.944,28133.0
2020-07-31,2.953,2.974,2.905,2.915,19168.0
2020-08-03,2.944,3.047,2.933,3.025,53688.0
2020-08-04,3.023,3.065,2.99,3.065,27341.0
2020-08-05,3.051,3.116,3.045,3.103,26174.0
2020-08-06,3.107,3.152,3.063,3.096,28479.0
2020-08-07,3.078,3.151,3.067,3.147,35350.0
2020-08-10,3.15,3.159,3.056,3.079,21492.0
2020-08-11,3.091,3.131,3.072,3.106,19941.0
2020-08-12,3.087,3.104,3.054,3.101,22467.0
2020-08-13,3.101,3.134,3.081,3.121,17739.0
2020-08-14,3.125,3.218,3.115,3.203,34532.0
2020-08-17,3.219,3.221,3.182,3.211,19648.0
2020-08-18,3.211,3.278,3.189,3.257,29254.0
2020-08-19,3.257,3.273,3.243,3.255,13371.0
2020-08-20,3.257,3.26,3.221,3.243,18600.0
2020-08-21,3.229,3.27,3.18,3.266,25658.0
2020-08-24,3.279,3.298,3.242,3.258,22391.0
2020-08-25,3.262,3.27,3.231,3.253,29149.0
2020-08-26,3.245,3.282,3.197,3.226,25190.0
2020-08-27,3.207,3.332,3.194,3.318,40826.0
2020-08-28,3.32,3.349,3.273,3.316,41488.0
2020-08-31,3.295,3.384,3.258,3.355,31135.0
2020-09-01,3.36,3.408,3.339,3.375,48164.0
2020-09-02,3.366,3.432,3.331,3.399,49778.0
2020-09-03,3.37,3.398,3.348,3.374,28225.0
2020-09-04,3.374,3.433,3.346,3.389,37179.0
2020-09-08,3.375,3.406,3.309,3.352,37553.0
2020-09-09,3.312,3.369,3.292,3.361,46708.0
2020-09-10,3.347,3.362,3.301,3.309,35411.0
2020-09-11,3.309,3.329,3.272,3.29,31920.0
2020-09-14,3.305,3.351,3.26,3.284,35686.0
2020-09-15,3.28,3.295,3.244,3.282,22337.0
2020-09-16,3.277,3.31,3.234,3.249,29056.0
2020-09-17,3.249,3.26,3.156,3.229,51721.0
2020-09-18,3.21,3.298,3.175,3.285,35345.0
2020-09-21,3.247,3.351,3.247,3.317,44544.0
2020-09-22,3.321,3.329,3.225,3.264,35300.0
2020-09-23,3.244,3.388,3.205,3.348,49304.0
2020-09-24,3.36,3.466,3.347,3.451,45422.0
2020-09-25,3.427,3.479,3.38,3.398,59071.0
2020-09-28,3.365,3.408,3.335,3.399,32700.0
2020-09-29,3.373,3.391,3.213,3.259,52423.0
2020-09-30,3.216,3.313,3.192,3.267,37715.0
2020-10-01,3.281,3.324,3.164,3.204,50981.0
2020-10-02,3.173,3.18,3.079,3.138,54517.0
2020-10-05,3.147,3.345,3.138,3.293,52044.0
2020-10-06,3.294,3.354,3.233,3.239,41256.0
2020-10-07,3.241,3.355,3.219,3.294,99361.0
2020-10-08,3.251,3.304,3.225,3.299,95837.0
2020-10-09,3.281,3.398,3.281,3.347,101324.0
2020-10-12,3.42,3.45,3.349,3.401,92178.0
2020-10-13,3.363,3.395,3.324,3.379,91098.0
2020-10-14,3.345,3.365,3.274,3.332,56162.0
2020-10-15,3.353,3.424,3.35,3.396,45110.0
2020-10-16,3.396,3.446,3.375,3.405,49301.0
2020-10-19,3.359,3.437,3.348,3.414,44713.0
2020-10-20,3.418,3.469,3.38,3.391,40892.0
2020-10-21,3.39,3.485,3.386,3.471,39515.0
2020-10-22,3.465,3.48,3.382,3.397,36128.0
2020-10-23,3.384,3.402,3.294,3.322,34057.0
2020-10-26,3.298,3.41,3.287,3.371,36827.0
2020-10-27,3.36,3.449,3.302,3.424,48903.0
2020-10-28,3.418,3.435,3.379,3.411,34465.0
2020-10-29,3.396,3.459,3.276,3.417,67131.0
2020-10-30,3.431,3.507,3.374,3.469,56487.0
2020-11-02,3.49,3.505,3.342,3.375,56768.0
2020-11-03,3.364,3.367,3.175,3.195,80694.0
2020-11-04,3.197,3.229,3.142,3.177,60163.0
2020-11-05,3.195,3.244,3.071,3.084,91299.0
2020-11-06,3.08,3.112,3.01,3.031,89552.0
2020-11-09,3.022,3.068,2.965,2.999,77017.0
2020-11-10,3.001,3.131,2.99,3.073,96307.0
2020-11-11,3.071,3.168,3.042,3.151,88299.0
2020-11-12,3.152,3.181,3.066,3.094,79971.0
2020-11-13,3.075,3.204,3.074,3.122,79759.0
2020-11-16,3.008,3.022,2.842,2.864,141085.0
2020-11-17,2.852,2.89,2.809,2.844,86391.0
2020-11-18,2.841,2.917,2.822,2.838,92368.0
2020-11-19,2.842,2.865,2.656,2.72,151065.0
2020-11-20,2.725,2.808,2.716,2.77,86639.0
2020-11-23,2.822,2.839,2.756,2.823,87348.0
2020-11-24,2.817,2.908,2.8,2.9,110031.0
2020-11-25,2.895,3.002,2.838,2.961,112015.0
2020-11-27,2.95,2.963,2.828,2.843,94072.0
2020-11-30,2.831,2.996,2.823,2.882,146181.0
2020-12-01,2.934,2.972,2.833,2.88,137665.0
2020-12-02,2.881,2.934,2.74,2.78,142878.0
2020-12-03,2.76,2.768,2.484,2.507,269563.0
2020-12-04,2.511,2.623,2.462,2.575,142533.0
2020-12-07,2.456,2.483,2.381,2.406,236673.0
2020-12-08,2.431,2.48,2.368,2.399,177627.0
2020-12-09,2.454,2.524,2.421,2.442,185147.0
2020-12-10,2.43,2.594,2.381,2.553,215458.0
2020-12-11,2.568,2.63,2.526,2.591,177710.0
2020-12-14,2.658,2.708,2.612,2.682,142936.0
2020-12-15,2.669,2.7,2.596,2.682,137598.0
2020-12-16,2.666,2.692,2.618,2.677,128968.0
2020-12-17,2.685,2.724,2.606,2.636,154243.0
2020-12-18,2.658,2.72,2.648,2.7,121682.0
2020-12-21,2.73,2.73,2.632,2.705,104274.0
2020-12-22,2.703,2.806,2.69,2.78,112742.0
2020-12-23,2.768,2.793,2.566,2.608,98707.0
2020-12-24,2.611,2.632,2.515,2.518,39990.0
2020-12-28,2.311,2.343,2.238,2.305,49279.0
2020-12-29,2.34,2.49,2.282,2.467,3270.0
