DATETIME,OPEN,HIGH,LOW,FINAL,VOLUME
2011-06-29,7.148,7.148,7.148,7.148,0.0
2011-06-30,7.145,7.145,7.145,7.145,0.0
2011-07-01,7.145,7.145,7.145,7.145,0.0
2011-07-05,7.082,7.082,7.082,7.082,0.0
2011-07-06,7.097,7.097,7.097,7.097,0.0
2011-07-07,7.125,7.125,7.125,7.125,0.0
2011-07-08,7.192,7.192,7.192,7.192,0.0
2011-07-11,7.232,7.232,7.232,7.232,0.0
2011-07-12,7.232,7.232,7.232,7.232,0.0
2011-07-13,7.154,7.154,7.154,7.154,0.0
2011-07-14,7.132,7.132,7.132,7.132,0.0
2011-07-15,7.134,7.134,7.134,7.134,0.0
2011-07-18,7.114,7.114,7.114,7.114,0.0
2011-07-19,7.006,7.006,7.006,7.006,0.0
2011-07-20,6.957,6.957,6.957,6.957,0.0
2011-07-21,6.988,6.988,6.988,6.988,0.0
2011-07-22,6.964,6.964,6.964,6.964,0.0
2011-07-25,6.949,6.949,6.949,6.949,0.0
2011-07-26,6.944,6.944,6.944,6.944,0.0
2011-07-27,6.957,6.957,6.957,6.957,0.0
2011-07-28,6.983,6.983,6.983,6.983,0.0
2011-07-29,6.988,6.988,6.988,6.988,0.0
2011-08-01,7.042,7.042,7.042,7.042,0.0
2011-08-02,6.957,6.957,6.957,6.957,0.0
2011-08-03,6.908,6.908,6.908,6.908,0.0
2011-08-04,6.811,6.811,6.811,6.811,0.0
2011-08-05,6.758,6.758,6.758,6.758,0.0
2011-08-08,6.729,6.729,6.729,6.729,0.0
2011-08-09,6.705,6.705,6.705,6.705,0.0
2011-08-10,6.677,6.677,6.677,6.677,0.0
2011-08-11,6.73,6.73,6.73,6.73,0.0
2011-08-12,6.743,6.743,6.743,6.743,0.0
2011-08-15,6.807,6.807,6.807,6.807,0.0
2011-08-16,6.873,6.873,6.873,6.873,0.0
2011-08-17,6.84,6.84,6.84,6.84,0.0
2011-08-18,6.83,6.83,6.83,6.83,0.0
2011-08-19,6.868,6.868,6.868,6.868,0.0
2011-08-22,6.846,6.846,6.846,6.846,0.0
2011-08-23,6.864,6.864,6.864,6.864,0.0
2011-08-24,6.712,6.712,6.712,6.712,0.0
2011-08-25,6.703,6.703,6.703,6.703,0.0
2011-08-26,6.7,6.7,6.7,6.7,0.0
2011-08-29,6.669,6.669,6.669,6.669,0.0
2011-08-30,6.685,6.685,6.685,6.685,0.0
2011-08-31,6.688,6.688,6.688,6.688,0.0
2011-09-01,6.749,6.749,6.749,6.749,0.0
2011-09-02,6.739,6.739,6.739,6.739,0.0
2011-09-06,6.742,6.742,6.742,6.742,0.0
2011-09-07,6.709,6.709,6.709,6.709,0.0
2011-09-08,6.699,6.699,6.699,6.699,0.0
2011-09-09,6.646,6.646,6.646,6.646,0.0
2011-09-12,6.619,6.619,6.619,6.619,0.0
2011-09-13,6.641,6.641,6.641,6.641,0.0
2011-09-14,6.599,6.599,6.599,6.599,0.0
2011-09-15,6.579,6.579,6.579,6.579,0.0
2011-09-16,6.583,6.583,6.583,6.583,0.0
2011-09-19,6.573,6.573,6.573,6.573,0.0
2011-09-20,6.615,6.615,6.615,6.615,0.0
2011-09-21,6.615,6.615,6.615,6.615,0.0
2011-09-22,6.483,6.483,6.483,6.483,0.0
2011-09-23,6.489,6.489,6.489,6.489,0.0
2011-09-26,6.536,6.536,6.536,6.536,0.0
2011-09-27,6.618,6.618,6.618,6.618,0.0
2011-09-28,6.624,6.624,6.624,6.624,0.0
2011-09-29,6.605,6.605,6.605,6.605,0.0
2011-09-30,6.592,6.592,6.592,6.592,0.0
2011-10-03,6.578,6.578,6.578,6.578,0.0
2011-10-04,6.519,6.519,6.519,6.519,0.0
2011-10-05,6.492,6.492,6.492,6.492,0.0
2011-10-06,6.437,6.437,6.437,6.437,0.0
2011-10-07,6.399,6.399,6.399,6.399,0.0
2011-10-10,6.388,6.388,6.388,6.388,0.0
2011-10-11,6.358,6.358,6.358,6.358,0.0
2011-10-12,6.347,6.347,6.347,6.347,0.0
2011-10-13,6.374,6.374,6.374,6.374,0.0
2011-10-14,6.436,6.436,6.436,6.436,0.0
2011-10-17,6.423,6.423,6.423,6.423,0.0
2011-10-18,6.4,6.4,6.4,6.4,0.0
2011-10-19,6.402,6.402,6.402,6.402,0.0
2011-10-20,6.408,6.408,6.408,6.408,0.0
2011-10-21,6.41,6.41,6.41,6.41,0.0
2011-10-24,6.407,6.407,6.407,6.407,0.0
2011-10-25,6.443,6.443,6.443,6.443,0.0
2011-10-26,6.485,6.485,6.485,6.485,0.0
2011-10-27,6.49,6.49,6.49,6.49,0.0
2011-10-28,6.598,6.598,6.598,6.598,0.0
2011-10-31,6.598,6.598,6.598,6.598,0.0
2011-11-01,6.528,6.528,6.528,6.528,0.0
2011-11-02,6.487,6.487,6.487,6.487,0.0
2011-11-03,6.565,6.565,6.565,6.565,0.0
2011-11-04,6.555,6.555,6.555,6.555,0.0
2011-11-07,6.533,6.533,6.533,6.533,0.0
2011-11-08,6.491,6.491,6.491,6.491,0.0
2011-11-09,6.468,6.468,6.468,6.468,0.0
2011-11-10,6.418,6.418,6.418,6.418,0.0
2011-11-11,6.348,6.348,6.348,6.348,0.0
2011-11-14,6.326,6.326,6.326,6.326,0.0
2011-11-15,6.336,6.336,6.336,6.336,0.0
2011-11-16,6.311,6.311,6.311,6.311,0.0
2011-11-17,6.263,6.263,6.263,6.263,0.0
2011-11-18,6.222,6.222,6.222,6.222,0.0
2011-11-21,6.232,6.232,6.232,6.232,0.0
2011-11-22,6.211,6.211,6.211,6.211,0.0
2011-11-23,6.183,6.183,6.183,6.183,0.0
2011-11-25,6.222,6.222,6.222,6.222,0.0
2011-11-28,6.188,6.188,6.188,6.188,0.0
2011-11-29,6.294,6.294,6.294,6.294,0.0
2011-11-30,6.279,6.279,6.279,6.279,0.0
2011-12-01,6.264,6.264,6.264,6.264,0.0
2011-12-02,6.265,6.265,6.265,6.265,0.0
2011-12-05,6.265,6.265,6.265,6.265,0.0
2011-12-06,6.234,6.234,6.234,6.234,0.0
2011-12-07,6.313,6.313,6.313,6.313,0.0
2011-12-08,6.283,6.283,6.283,6.283,0.0
2011-12-09,6.261,6.261,6.261,6.261,0.0
2011-12-12,6.223,6.223,6.223,6.223,0.0
2011-12-13,6.142,6.142,6.142,6.142,0.0
2011-12-14,6.106,6.106,6.106,6.106,0.0
2011-12-15,6.068,6.068,6.068,6.068,0.0
2011-12-16,6.098,6.098,6.098,6.098,0.0
2011-12-19,6.095,6.095,6.095,6.095,0.0
2011-12-20,6.095,6.095,6.095,6.095,0.0
2011-12-21,6.052,6.052,6.052,6.052,0.0
2011-12-22,6.067,6.067,6.067,6.067,0.0
2011-12-23,6.052,6.052,6.052,6.052,0.0
2011-12-27,6.052,6.052,6.052,6.052,0.0
2011-12-28,6.042,6.042,6.042,6.042,0.0
2011-12-29,6.042,6.042,6.042,6.042,0.0
2011-12-30,6.042,6.042,6.042,6.042,0.0
2012-01-03,6.041,6.041,6.041,6.041,0.0
2012-01-04,6.046,6.046,6.046,6.046,0.0
2012-01-05,6.077,6.077,6.077,6.077,0.0
2012-01-06,6.117,6.117,6.117,6.117,0.0
2012-01-09,6.098,6.098,6.098,6.098,0.0
2012-01-10,6.06,6.06,6.06,6.06,0.0
2012-01-11,6.11,6.11,6.11,6.11,0.0
2012-01-12,6.087,6.087,6.087,6.087,0.0
2012-01-13,6.087,6.087,6.087,6.087,0.0
2012-01-17,6.064,6.064,6.064,6.064,0.0
2012-01-18,5.975,5.975,5.975,5.975,0.0
2012-01-19,5.994,5.994,5.994,5.994,0.0
2012-01-20,5.835,5.835,5.835,5.835,0.0
2012-01-23,5.835,5.835,5.835,5.835,0.0
2012-01-24,5.871,5.871,5.871,5.871,0.0
2012-01-25,5.883,5.883,5.883,5.883,0.0
2012-01-26,5.825,5.825,5.825,5.825,0.0
2012-01-27,5.859,5.859,5.859,5.859,0.0
2012-01-30,5.834,5.834,5.834,5.834,0.0
2012-01-31,5.789,5.789,5.789,5.789,0.0
2012-02-01,5.769,5.769,5.769,5.769,0.0
2012-02-02,5.845,5.845,5.845,5.845,0.0
2012-02-03,5.893,5.893,5.893,5.893,0.0
2012-02-06,5.932,5.932,5.932,5.932,0.0
2012-02-07,5.84,5.84,5.84,5.84,0.0
2012-02-08,5.78,5.78,5.78,5.78,0.0
2012-02-09,5.645,5.645,5.645,5.645,0.0
2012-02-10,5.621,5.621,5.621,5.621,0.0
2012-02-13,5.621,5.621,5.621,5.621,0.0
2012-02-14,5.635,5.635,5.635,5.635,0.0
2012-02-15,5.635,5.635,5.635,5.635,0.0
2012-02-16,5.603,5.603,5.603,5.603,0.0
2012-02-17,5.623,5.623,5.623,5.623,0.0
2012-02-21,5.592,5.592,5.592,5.592,0.0
2012-02-22,5.654,5.654,5.654,5.654,0.0
2012-02-23,5.654,5.654,5.654,5.654,0.0
2012-02-24,5.617,5.617,5.617,5.617,0.0
2012-02-27,5.586,5.586,5.586,5.586,0.0
2012-02-28,5.575,5.575,5.575,5.575,0.0
2012-02-29,5.585,5.585,5.585,5.585,0.0
2012-03-01,5.54,5.54,5.54,5.54,0.0
2012-03-02,5.579,5.579,5.579,5.579,0.0
2012-03-05,5.506,5.506,5.506,5.506,0.0
2012-03-06,5.434,5.434,5.434,5.434,0.0
2012-03-07,5.389,5.389,5.389,5.389,0.0
2012-03-08,5.39,5.39,5.39,5.39,0.0
2012-03-09,5.498,5.498,5.498,5.498,0.0
2012-03-12,5.477,5.477,5.477,5.477,0.0
2012-03-13,5.526,5.526,5.526,5.526,0.0
2012-03-14,5.586,5.586,5.586,5.586,0.0
2012-03-15,5.586,5.586,5.586,5.586,0.0
2012-03-16,5.567,5.567,5.567,5.567,0.0
2012-03-19,5.58,5.58,5.58,5.58,0.0
2012-03-20,5.549,5.549,5.549,5.549,0.0
2012-03-21,5.539,5.539,5.539,5.539,0.0
2012-03-22,5.526,5.526,5.526,5.526,0.0
2012-03-23,5.546,5.546,5.546,5.546,0.0
2012-03-26,5.558,5.558,5.558,5.558,0.0
2012-03-27,5.537,5.537,5.537,5.537,0.0
2012-03-28,5.549,5.549,5.549,5.549,0.0
2012-03-29,5.526,5.526,5.526,5.526,0.0
2012-03-30,5.594,5.594,5.594,5.594,0.0
2012-04-02,5.58,5.58,5.58,5.58,0.0
2012-04-03,5.58,5.58,5.58,5.58,0.0
2012-04-04,5.58,5.58,5.58,5.58,0.0
2012-04-05,5.547,5.547,5.547,5.547,0.0
2012-04-09,5.567,5.567,5.567,5.567,0.0
2012-04-10,5.546,5.546,5.546,5.546,0.0
2012-04-11,5.51,5.51,5.51,5.51,0.0
2012-04-12,5.423,5.423,5.423,5.423,0.0
2012-04-13,5.411,5.411,5.411,5.411,0.0
2012-04-16,5.381,5.381,5.381,5.381,0.0
2012-04-17,5.32,5.32,5.32,5.32,0.0
2012-04-18,5.298,5.298,5.298,5.298,0.0
2012-04-19,5.268,5.268,5.268,5.268,0.0
2012-04-20,5.205,5.205,5.205,5.205,0.0
2012-04-23,5.164,5.164,5.164,5.164,0.0
2012-04-24,5.198,5.198,5.198,5.198,0.0
2012-04-25,5.097,5.097,5.097,5.097,0.0
2012-04-26,5.121,5.121,5.121,5.121,0.0
2012-04-27,5.13,5.13,5.13,5.13,0.0
2012-04-30,5.17,5.17,5.17,5.17,0.0
2012-05-01,5.172,5.172,5.172,5.172,0.0
2012-05-02,5.175,5.175,5.175,5.175,0.0
2012-05-03,5.18,5.18,5.18,5.18,0.0
2012-05-04,5.172,5.172,5.172,5.172,0.0
2012-05-07,5.182,5.182,5.182,5.182,0.0
2012-05-08,5.175,5.175,5.175,5.175,0.0
2012-05-09,5.204,5.204,5.204,5.204,0.0
2012-05-10,5.189,5.189,5.189,5.189,0.0
2012-05-11,5.169,5.169,5.169,5.169,0.0
2012-05-14,5.177,5.177,5.177,5.177,0.0
2012-05-15,5.209,5.209,5.209,5.209,0.0
2012-05-16,5.237,5.237,5.237,5.237,0.0
2012-05-17,5.226,5.226,5.226,5.226,0.0
2012-05-18,5.265,5.265,5.265,5.265,0.0
2012-05-21,5.205,5.205,5.205,5.205,0.0
2012-05-22,5.246,5.246,5.246,5.246,0.0
2012-05-23,5.23,5.23,5.23,5.23,0.0
2012-05-24,5.239,5.239,5.239,5.239,0.0
2012-05-25,5.284,5.284,5.284,5.284,0.0
2012-05-29,5.25,5.25,5.25,5.25,0.0
2012-05-30,5.208,5.208,5.208,5.208,0.0
2012-05-31,5.283,5.283,5.283,5.283,0.0
2012-06-01,5.243,5.243,5.243,5.243,0.0
2012-06-04,5.245,5.245,5.245,5.245,0.0
2012-06-05,5.187,5.187,5.187,5.187,0.0
2012-06-06,5.182,5.182,5.182,5.182,0.0
2012-06-07,5.161,5.161,5.161,5.161,0.0
2012-06-08,5.182,5.182,5.182,5.182,0.0
2012-06-11,5.145,5.145,5.145,5.145,0.0
2012-06-12,5.145,5.145,5.145,5.145,0.0
2012-06-13,5.146,5.146,5.146,5.146,0.0
2012-06-14,5.171,5.171,5.171,5.171,0.0
2012-06-15,5.057,5.057,5.057,5.057,0.0
2012-06-18,5.003,5.003,5.003,5.003,0.0
2012-06-19,5.043,5.043,5.043,5.043,0.0
2012-06-20,5.043,5.043,5.043,5.043,0.0
2012-06-21,5.018,5.018,5.018,5.018,0.0
2012-06-22,4.99,4.99,4.99,4.99,0.0
2012-06-25,5.017,5.017,5.017,5.017,0.0
2012-06-26,5.062,5.062,5.062,5.062,0.0
2012-06-27,5.08,5.08,5.08,5.08,0.0
2012-06-28,5.078,5.078,5.078,5.078,0.0
2012-06-29,5.066,5.066,5.066,5.066,0.0
2012-07-02,5.077,5.077,5.077,5.077,0.0
2012-07-03,5.118,5.118,5.118,5.118,0.0
2012-07-05,5.121,5.121,5.121,5.121,0.0
2012-07-06,5.073,5.073,5.073,5.073,0.0
2012-07-09,5.122,5.122,5.122,5.122,0.0
2012-07-10,5.115,5.115,5.115,5.115,0.0
2012-07-11,5.162,5.162,5.162,5.162,0.0
2012-07-12,5.151,5.151,5.151,5.151,0.0
2012-07-13,5.154,5.154,5.154,5.154,0.0
2012-07-16,5.105,5.105,5.105,5.105,0.0
2012-07-17,5.275,5.275,5.275,5.275,0.0
2012-07-18,5.355,5.355,5.355,5.355,0.0
2012-07-19,5.314,5.314,5.314,5.314,0.0
2012-07-20,5.336,5.336,5.336,5.336,0.0
2012-07-23,5.345,5.345,5.345,5.345,0.0
2012-07-24,5.382,5.382,5.382,5.382,0.0
2012-07-25,5.389,5.389,5.389,5.389,0.0
2012-07-26,5.432,5.432,5.432,5.432,0.0
2012-07-27,5.434,5.434,5.434,5.434,0.0
2012-07-30,5.502,5.502,5.502,5.502,0.0
2012-07-31,5.462,5.462,5.462,5.462,0.0
2012-08-01,5.427,5.427,5.427,5.427,0.0
2012-08-02,5.307,5.307,5.307,5.307,0.0
2012-08-03,5.279,5.279,5.279,5.279,0.0
2012-08-06,5.583,5.583,5.583,5.583,0.0
2012-08-07,5.507,5.507,5.507,5.507,0.0
2012-08-08,5.776,5.776,5.776,5.776,0.0
2012-08-09,5.676,5.676,5.676,5.676,0.0
2012-08-10,5.613,5.613,5.613,5.613,0.0
2012-08-13,5.586,5.586,5.586,5.586,0.0
2012-08-14,5.628,5.628,5.628,5.628,0.0
2012-08-15,5.721,5.721,5.721,5.721,0.0
2012-08-16,5.694,5.694,5.694,5.694,0.0
2012-08-17,5.692,5.692,5.692,5.692,0.0
2012-08-20,5.731,5.731,5.731,5.731,0.0
2012-08-21,5.734,5.734,5.734,5.734,0.0
2012-08-22,5.725,5.725,5.725,5.725,0.0
2012-08-23,5.708,5.708,5.708,5.708,0.0
2012-08-24,5.675,5.675,5.675,5.675,0.0
2012-08-27,5.65,5.65,5.65,5.65,0.0
2012-08-28,5.595,5.595,5.595,5.595,0.0
2012-08-29,5.616,5.616,5.616,5.616,0.0
2012-08-30,5.623,5.623,5.623,5.623,0.0
2012-08-31,5.602,5.602,5.602,5.602,0.0
2012-09-04,5.604,5.604,5.604,5.604,0.0
2012-09-05,5.594,5.594,5.594,5.594,0.0
2012-09-06,5.59,5.59,5.59,5.59,0.0
2012-09-07,5.54,5.54,5.54,5.54,0.0
2012-09-10,5.514,5.514,5.514,5.514,0.0
2012-09-11,5.554,5.554,5.554,5.554,0.0
2012-09-12,5.629,5.629,5.629,5.629,0.0
2012-09-13,5.639,5.639,5.639,5.639,0.0
2012-09-14,5.629,5.629,5.629,5.629,0.0
2012-09-17,5.61,5.61,5.61,5.61,0.0
2012-09-18,5.714,5.714,5.714,5.714,0.0
2012-09-19,5.714,5.714,5.714,5.714,0.0
2012-09-20,5.718,5.718,5.718,5.718,0.0
2012-09-21,5.777,5.777,5.777,5.777,0.0
2012-09-24,5.761,5.761,5.761,5.761,0.0
2012-09-25,5.778,5.778,5.778,5.778,0.0
2012-09-26,5.744,5.744,5.744,5.744,0.0
2012-09-27,5.768,5.768,5.768,5.768,0.0
2012-09-28,5.78,5.78,5.78,5.78,0.0
2012-10-01,5.801,5.801,5.801,5.801,0.0
2012-10-02,5.757,5.757,5.757,5.757,0.0
2012-10-03,5.735,5.735,5.735,5.735,0.0
2012-10-04,5.715,5.715,5.715,5.715,0.0
2012-10-05,5.765,5.765,5.765,5.765,0.0
2012-10-08,5.804,5.804,5.804,5.804,0.0
2012-10-09,5.81,5.81,5.81,5.81,0.0
2012-10-10,5.786,5.786,5.786,5.786,0.0
2012-10-11,5.814,5.814,5.814,5.814,0.0
2012-10-12,5.775,5.775,5.775,5.775,0.0
2012-10-15,5.741,5.741,5.741,5.741,0.0
2012-10-16,5.747,5.747,5.747,5.747,0.0
2012-10-17,5.795,5.795,5.795,5.795,0.0
2012-10-18,5.741,5.741,5.741,5.741,0.0
2012-10-19,5.739,5.739,5.739,5.739,0.0
2012-10-22,5.745,5.745,5.745,5.745,0.0
2012-10-23,5.783,5.783,5.783,5.783,0.0
2012-10-24,5.758,5.758,5.758,5.758,0.0
2012-10-25,5.788,5.788,5.788,5.788,0.0
2012-10-26,5.797,5.797,5.797,5.797,0.0
2012-10-29,5.866,5.866,5.866,5.866,0.0
2012-10-30,5.797,5.797,5.797,5.797,0.0
2012-10-31,5.8,5.8,5.8,5.8,0.0
2012-11-01,5.807,5.807,5.807,5.807,0.0
2012-11-02,5.706,5.706,5.706,5.706,0.0
2012-11-05,5.663,5.663,5.663,5.663,0.0
2012-11-06,5.71,5.71,5.71,5.71,0.0
2012-11-07,5.686,5.686,5.686,5.686,0.0
2012-11-08,5.729,5.729,5.729,5.729,0.0
2012-11-09,5.668,5.668,5.668,5.668,0.0
2012-11-12,5.718,5.718,5.718,5.718,0.0
2012-11-13,5.757,5.757,5.757,5.757,0.0
2012-11-14,5.724,5.724,5.724,5.724,0.0
2012-11-15,5.645,5.645,5.645,5.645,0.0
2012-11-16,5.643,5.643,5.643,5.643,0.0
2012-11-19,5.608,5.608,5.608,5.608,0.0
2012-11-20,5.649,5.649,5.649,5.649,0.0
2012-11-21,5.618,5.618,5.618,5.618,0.0
2012-11-23,5.605,5.605,5.605,5.605,0.0
2012-11-26,5.569,5.569,5.569,5.569,0.0
2012-11-27,5.604,5.604,5.604,5.604,0.0
2012-11-28,5.596,5.596,5.596,5.596,0.0
2012-11-29,5.52,5.52,5.52,5.52,0.0
2012-11-30,5.501,5.501,5.501,5.501,0.0
2012-12-03,5.535,5.535,5.535,5.535,0.0
2012-12-04,5.51,5.51,5.51,5.51,0.0
2012-12-05,5.54,5.54,5.54,5.54,0.0
2012-12-06,5.532,5.532,5.532,5.532,0.0
2012-12-07,5.509,5.509,5.509,5.509,0.0
2012-12-10,5.531,5.531,5.531,5.531,0.0
2012-12-11,5.504,5.504,5.504,5.504,0.0
2012-12-12,5.498,5.498,5.498,5.498,0.0
2012-12-13,5.505,5.505,5.505,5.505,0.0
2012-12-14,5.501,5.501,5.501,5.501,0.0
2012-12-17,5.556,5.556,5.556,5.556,0.0
2012-12-18,5.693,5.693,5.693,5.693,0.0
2012-12-19,5.663,5.663,5.663,5.663,0.0
2012-12-20,5.729,5.729,5.729,5.729,0.0
2012-12-21,5.711,5.711,5.711,5.711,0.0
2012-12-24,5.674,5.674,5.674,5.674,0.0
2012-12-26,5.694,5.694,5.694,5.694,0.0
2012-12-27,5.677,5.677,5.677,5.677,0.0
2012-12-28,5.672,5.672,5.672,5.672,0.0
2012-12-31,5.631,5.631,5.631,5.631,0.0
2013-01-02,5.595,5.595,5.595,5.595,0.0
2013-01-03,5.59,5.59,5.59,5.59,0.0
2013-01-04,5.648,5.648,5.648,5.648,0.0
2013-01-07,5.629,5.629,5.629,5.629,0.0
2013-01-08,5.607,5.607,5.607,5.607,0.0
2013-01-09,5.587,5.587,5.587,5.587,0.0
2013-01-10,5.599,5.599,5.599,5.599,0.0
2013-01-11,5.56,5.56,5.56,5.56,0.0
2013-01-14,5.547,5.547,5.547,5.547,0.0
2013-01-15,5.557,5.557,5.557,5.557,0.0
2013-01-16,5.557,5.557,5.557,5.557,0.0
2013-01-17,5.546,5.546,5.546,5.546,0.0
2013-01-18,5.577,5.577,5.577,5.577,0.0
2013-01-22,5.571,5.571,5.571,5.571,0.0
2013-01-23,5.606,5.606,5.606,5.606,0.0
2013-01-24,5.577,5.577,5.577,5.577,0.0
2013-01-25,5.597,5.597,5.597,5.597,0.0
2013-01-28,5.537,5.537,5.537,5.537,0.0
2013-01-29,5.508,5.508,5.508,5.508,0.0
2013-01-30,5.532,5.532,5.532,5.532,0.0
2013-01-31,5.523,5.523,5.523,5.523,0.0
2013-02-01,5.48,5.48,5.48,5.48,0.0
2013-02-04,5.5,5.5,5.5,5.5,0.0
2013-02-05,5.502,5.502,5.502,5.502,0.0
2013-02-06,5.497,5.497,5.497,5.497,0.0
2013-02-07,5.473,5.473,5.473,5.473,0.0
2013-02-08,5.518,5.518,5.518,5.518,0.0
2013-02-11,5.528,5.528,5.528,5.528,0.0
2013-02-12,5.545,5.545,5.545,5.545,0.0
2013-02-13,5.574,5.574,5.574,5.574,0.0
2013-02-14,5.55,5.55,5.55,5.55,0.0
2013-02-15,5.531,5.531,5.531,5.531,0.0
2013-02-19,5.572,5.572,5.572,5.572,0.0
2013-02-20,5.55,5.55,5.55,5.55,0.0
2013-02-21,5.523,5.523,5.523,5.523,0.0
2013-02-22,5.52,5.52,5.52,5.52,0.0
2013-02-25,5.521,5.521,5.521,5.521,0.0
2013-02-26,5.525,5.525,5.525,5.525,0.0
2013-02-27,5.518,5.518,5.518,5.518,0.0
2013-02-28,5.539,5.539,5.539,5.539,0.0
2013-03-01,5.56,5.56,5.56,5.56,0.0
2013-03-04,5.602,5.602,5.602,5.602,0.0
2013-03-05,5.59,5.59,5.59,5.59,0.0
2013-03-06,5.56,5.56,5.56,5.56,0.0
2013-03-07,5.594,5.594,5.594,5.594,0.0
2013-03-08,5.59,5.59,5.59,5.59,0.0
2013-03-11,5.583,5.583,5.583,5.583,0.0
2013-03-12,5.553,5.553,5.553,5.553,0.0
2013-03-13,5.564,5.564,5.564,5.564,0.0
2013-03-14,5.556,5.556,5.556,5.556,0.0
2013-03-15,5.559,5.559,5.559,5.559,0.0
2013-03-18,5.544,5.544,5.544,5.544,0.0
2013-03-19,5.569,5.569,5.569,5.569,0.0
2013-03-20,5.563,5.563,5.563,5.563,0.0
2013-03-21,5.5,5.5,5.5,5.5,0.0
2013-03-22,5.492,5.492,5.492,5.492,0.0
2013-03-25,5.458,5.458,5.458,5.458,0.0
2013-03-26,5.47,5.47,5.47,5.47,0.0
2013-03-27,5.405,5.405,5.405,5.405,0.0
2013-03-28,5.322,5.322,5.322,5.322,0.0
2013-04-01,5.311,5.311,5.311,5.311,0.0
2013-04-02,5.268,5.268,5.268,5.268,0.0
2013-04-03,5.333,5.333,5.333,5.333,0.0
2013-04-04,5.345,5.345,5.345,5.345,0.0
2013-04-05,5.322,5.322,5.322,5.322,0.0
2013-04-08,5.233,5.233,5.233,5.233,0.0
2013-04-09,5.063,5.063,5.063,5.063,0.0
2013-04-10,5.007,5.007,5.007,5.007,0.0
2013-04-11,5.086,5.086,5.086,5.086,0.0
2013-04-12,5.24,5.24,5.24,5.24,0.0
2013-04-15,5.251,5.251,5.251,5.251,0.0
2013-04-16,5.332,5.332,5.332,5.332,0.0
2013-04-17,5.336,5.336,5.336,5.336,0.0
2013-04-18,5.326,5.326,5.326,5.326,0.0
2013-04-19,5.325,5.325,5.325,5.325,0.0
2013-04-22,5.318,5.318,5.318,5.318,0.0
2013-04-23,5.306,5.306,5.306,5.306,0.0
2013-04-24,5.171,5.171,5.171,5.171,0.0
2013-04-25,5.186,5.186,5.186,5.186,0.0
2013-04-26,5.188,5.188,5.188,5.188,0.0
2013-04-29,5.201,5.201,5.201,5.201,0.0
2013-04-30,5.202,5.202,5.202,5.202,0.0
2013-05-01,5.187,5.187,5.187,5.187,0.0
2013-05-02,5.195,5.195,5.195,5.195,0.0
2013-05-03,5.258,5.258,5.258,5.258,0.0
2013-05-06,5.309,5.309,5.309,5.309,0.0
2013-05-07,5.308,5.308,5.308,5.308,0.0
2013-05-08,5.292,5.292,5.292,5.292,0.0
2013-05-09,5.254,5.254,5.254,5.254,0.0
2013-05-10,5.216,5.216,5.216,5.216,0.0
2013-05-13,5.226,5.226,5.226,5.226,0.0
2013-05-14,5.257,5.257,5.257,5.257,0.0
2013-05-15,5.239,5.239,5.239,5.239,0.0
2013-05-16,5.236,5.236,5.236,5.236,0.0
2013-05-17,5.396,5.396,5.396,5.396,0.0
2013-05-20,5.578,5.578,5.578,5.578,0.0
2013-05-21,5.65,5.65,5.65,5.65,0.0
2013-05-22,5.77,5.77,5.77,5.77,0.0
2013-05-23,5.738,5.738,5.738,5.738,0.0
2013-05-24,5.729,5.729,5.729,5.729,0.0
2013-05-28,5.718,5.718,5.718,5.718,0.0
2013-05-29,5.709,5.709,5.709,5.709,0.0
2013-05-30,5.669,5.669,5.669,5.669,0.0
2013-05-31,5.711,5.711,5.711,5.711,0.0
2013-06-03,5.726,5.726,5.726,5.726,0.0
2013-06-04,5.708,5.708,5.708,5.708,0.0
2013-06-05,5.68,5.68,5.68,5.68,0.0
2013-06-06,5.625,5.625,5.625,5.625,0.0
2013-06-07,5.651,5.651,5.651,5.651,0.0
2013-06-10,5.635,5.635,5.635,5.635,0.0
2013-06-11,5.56,5.56,5.56,5.56,0.0
2013-06-12,5.519,5.519,5.519,5.519,0.0
2013-06-13,5.523,5.523,5.523,5.523,0.0
2013-06-14,5.509,5.509,5.509,5.509,0.0
2013-06-17,5.545,5.545,5.545,5.545,0.0
2013-06-18,5.602,5.602,5.602,5.602,0.0
2013-06-19,5.569,5.569,5.569,5.569,0.0
2013-06-20,5.55,5.55,5.55,5.55,0.0
2013-06-21,5.636,5.636,5.636,5.636,0.0
2013-06-24,5.757,5.757,5.757,5.757,0.0
2013-06-25,5.829,5.829,5.829,5.829,0.0
2013-06-26,5.876,5.876,5.876,5.876,0.0
2013-06-27,5.815,5.815,5.815,5.815,0.0
2013-06-28,5.847,5.847,5.847,5.847,0.0
2013-07-01,5.782,5.782,5.782,5.782,0.0
2013-07-02,5.817,5.817,5.817,5.817,0.0
2013-07-03,5.839,5.839,5.839,5.839,0.0
2013-07-05,5.798,5.798,5.798,5.798,0.0
2013-07-08,5.845,5.845,5.845,5.845,0.0
2013-07-09,5.758,5.758,5.758,5.758,0.0
2013-07-10,5.744,5.744,5.744,5.744,0.0
2013-07-11,5.741,5.741,5.741,5.741,0.0
2013-07-12,5.741,5.741,5.741,5.741,0.0
2013-07-15,5.762,5.762,5.762,5.762,0.0
2013-07-16,5.761,5.761,5.761,5.761,0.0
2013-07-17,5.763,5.763,5.763,5.763,0.0
2013-07-18,5.713,5.713,5.713,5.713,0.0
2013-07-19,5.667,5.667,5.667,5.667,0.0
2013-07-22,5.648,5.648,5.648,5.648,0.0
2013-07-23,5.617,5.617,5.617,5.617,0.0
2013-07-24,5.636,5.636,5.636,5.636,0.0
2013-07-25,5.661,5.661,5.661,5.661,0.0
2013-07-26,5.59,5.59,5.59,5.59,0.0
2013-07-29,5.59,5.59,5.59,5.59,0.0
2013-07-30,5.557,5.557,5.557,5.557,0.0
2013-07-31,5.575,5.575,5.575,5.575,0.0
2013-08-01,5.551,5.551,5.551,5.551,0.0
2013-08-02,5.536,5.536,5.536,5.536,0.0
2013-08-05,5.511,5.511,5.511,5.511,0.0
2013-08-06,5.494,5.494,5.494,5.494,0.0
2013-08-07,5.524,5.524,5.524,5.524,0.0
2013-08-08,5.486,5.486,5.486,5.486,0.0
2013-08-09,5.456,5.456,5.456,5.456,0.0
2013-08-12,5.396,5.396,5.396,5.396,0.0
2013-08-13,5.328,5.328,5.328,5.328,0.0
2013-08-14,5.279,5.279,5.279,5.279,0.0
2013-08-15,5.307,5.307,5.307,5.307,0.0
2013-08-16,5.289,5.289,5.289,5.289,0.0
2013-08-19,5.3,5.3,5.3,5.3,0.0
2013-08-20,5.286,5.286,5.286,5.286,0.0
2013-08-21,5.25,5.25,5.25,5.25,0.0
2013-08-22,5.274,5.274,5.274,5.274,0.0
2013-08-23,5.244,5.244,5.244,5.244,0.0
2013-08-26,5.196,5.196,5.196,5.196,0.0
2013-08-27,5.134,5.134,5.134,5.134,0.0
2013-08-28,5.147,5.147,5.147,5.147,0.0
2013-08-29,5.157,5.157,5.157,5.157,0.0
2013-08-30,5.169,5.169,5.169,5.169,0.0
2013-09-03,5.178,5.178,5.178,5.178,0.0
2013-09-04,5.145,5.145,5.145,5.145,0.0
2013-09-05,5.132,5.132,5.132,5.132,0.0
2013-09-06,5.132,5.132,5.132,5.132,0.0
2013-09-09,5.127,5.127,5.127,5.127,0.0
2013-09-10,5.141,5.141,5.141,5.141,0.0
2013-09-11,5.128,5.128,5.128,5.128,0.0
2013-09-12,5.117,5.117,5.117,5.117,0.0
2013-09-13,5.137,5.137,5.137,5.137,0.0
2013-09-16,5.139,5.139,5.139,5.139,0.0
2013-09-17,5.114,5.114,5.114,5.114,0.0
2013-09-18,5.169,5.169,5.169,5.169,0.0
2013-09-19,5.197,5.197,5.197,5.197,0.0
2013-09-20,5.183,5.183,5.183,5.183,0.0
2013-09-23,5.144,5.144,5.144,5.144,0.0
2013-09-24,5.124,5.124,5.124,5.124,0.0
2013-09-25,5.106,5.106,5.106,5.106,0.0
2013-09-26,5.172,5.172,5.172,5.172,0.0
2013-09-27,5.197,5.197,5.197,5.197,0.0
2013-09-30,5.147,5.147,5.147,5.147,0.0
2013-10-01,5.167,5.167,5.167,5.167,0.0
2013-10-02,5.126,5.126,5.126,5.126,0.0
2013-10-03,5.127,5.127,5.127,5.127,0.0
2013-10-04,5.135,5.135,5.135,5.135,0.0
2013-10-07,5.152,5.152,5.152,5.152,0.0
2013-10-08,5.175,5.175,5.175,5.175,0.0
2013-10-09,5.163,5.163,5.163,5.163,0.0
2013-10-10,5.158,5.158,5.158,5.158,0.0
2013-10-11,5.108,5.108,5.108,5.108,0.0
2013-10-14,5.125,5.125,5.125,5.125,0.0
2013-10-15,5.094,5.094,5.094,5.094,0.0
2013-10-16,5.036,5.036,5.036,5.036,0.0
2013-10-17,5.086,5.086,5.086,5.086,0.0
2013-10-18,5.097,5.097,5.097,5.097,0.0
2013-10-21,5.093,5.093,5.093,5.093,0.0
2013-10-22,5.131,5.131,5.131,5.131,0.0
2013-10-23,5.137,5.137,5.137,5.137,0.0
2013-10-24,5.114,5.114,5.114,5.114,0.0
2013-10-25,5.145,5.145,5.145,5.145,0.0
2013-10-28,5.098,5.098,5.098,5.098,0.0
2013-10-29,5.089,5.089,5.089,5.089,0.0
2013-10-30,5.075,5.075,5.075,5.075,0.0
2013-10-31,4.986,4.986,4.986,4.986,0.0
2013-11-01,4.911,4.911,4.911,4.911,0.0
2013-11-04,4.882,4.882,4.882,4.882,0.0
2013-11-05,4.864,4.864,4.864,4.864,0.0
2013-11-06,4.861,4.861,4.861,4.861,0.0
2013-11-07,4.855,4.855,4.855,4.855,0.0
2013-11-08,4.795,4.795,4.795,4.795,0.0
2013-11-11,4.804,4.804,4.804,4.804,0.0
2013-11-12,4.81,4.81,4.81,4.81,0.0
2013-11-13,4.764,4.764,4.764,4.764,0.0
2013-11-14,4.728,4.728,4.728,4.728,0.0
2013-11-15,4.704,4.704,4.704,4.704,0.0
2013-11-18,4.691,4.691,4.691,4.691,0.0
2013-11-19,4.631,4.631,4.631,4.631,0.0
2013-11-20,4.663,4.663,4.663,4.663,0.0
2013-11-21,4.641,4.641,4.641,4.641,0.0
2013-11-22,4.643,4.643,4.643,4.643,0.0
2013-11-25,4.654,4.654,4.654,4.654,0.0
2013-11-26,4.635,4.635,4.635,4.635,0.0
2013-11-27,4.637,4.637,4.637,4.637,0.0
2013-11-29,4.629,4.629,4.629,4.629,0.0
2013-12-02,4.719,4.719,4.719,4.719,0.0
2013-12-03,4.816,4.816,4.816,4.816,0.0
2013-12-04,4.91,4.91,4.91,4.91,0.0
2013-12-05,4.889,4.889,4.889,4.889,0.0
2013-12-06,4.865,4.865,4.865,4.865,0.0
2013-12-09,4.758,4.758,4.758,4.758,0.0
2013-12-10,4.725,4.725,4.725,4.725,0.0
2013-12-11,4.672,4.672,4.672,4.672,0.0
2013-12-12,4.556,4.556,4.556,4.556,0.0
2013-12-13,4.558,4.558,4.558,4.558,0.0
2013-12-16,4.586,4.586,4.586,4.586,0.0
2013-12-17,4.561,4.561,4.561,4.561,0.0
2013-12-18,4.528,4.528,4.528,4.528,0.0
2013-12-19,4.542,4.542,4.542,4.542,0.0
2013-12-20,4.502,4.502,4.502,4.502,0.0
2013-12-23,4.487,4.487,4.487,4.487,0.0
2013-12-24,4.514,4.514,4.514,4.514,0.0
2013-12-26,4.511,4.511,4.511,4.511,0.0
2013-12-27,4.523,4.523,4.523,4.523,0.0
2013-12-30,4.513,4.513,4.513,4.513,0.0
2013-12-31,4.416,4.416,4.416,4.416,0.0
2014-01-02,4.431,4.431,4.431,4.431,0.0
2014-01-03,4.457,4.457,4.457,4.457,0.0
2014-01-06,4.463,4.463,4.463,4.463,0.0
2014-01-07,4.481,4.481,4.481,4.481,0.0
2014-01-08,4.501,4.501,4.501,4.501,0.0
2014-01-09,4.447,4.447,4.447,4.447,0.0
2014-01-10,4.534,4.534,4.534,4.534,0.0
2014-01-13,4.451,4.451,4.451,4.451,0.0
2014-01-14,4.448,4.448,4.448,4.448,0.0
2014-01-15,4.434,4.434,4.434,4.434,0.0
2014-01-16,4.429,4.429,4.429,4.429,0.0
2014-01-17,4.419,4.419,4.419,4.419,0.0
2014-01-21,4.467,4.467,4.467,4.467,0.0
2014-01-22,4.467,4.467,4.467,4.467,0.0
2014-01-23,4.461,4.461,4.461,4.461,0.0
2014-01-24,4.463,4.463,4.463,4.463,0.0
2014-01-27,4.502,4.502,4.502,4.502,0.0
2014-01-28,4.488,4.488,4.488,4.488,0.0
2014-01-29,4.482,4.482,4.482,4.482,0.0
2014-01-30,4.52,4.52,4.52,4.52,0.0
2014-01-31,4.517,4.517,4.517,4.517,0.0
2014-02-03,4.556,4.556,4.556,4.556,0.0
2014-02-04,4.522,4.522,4.522,4.522,0.0
2014-02-05,4.487,4.487,4.487,4.487,0.0
2014-02-06,4.432,4.432,4.432,4.432,0.0
2014-02-07,4.437,4.437,4.437,4.437,0.0
2014-02-10,4.402,4.402,4.402,4.402,0.0
2014-02-11,4.26,4.26,4.26,4.26,0.0
2014-02-12,4.266,4.266,4.266,4.266,0.0
2014-02-13,4.252,4.252,4.252,4.252,0.0
2014-02-14,4.232,4.232,4.232,4.232,0.0
2014-02-18,4.233,4.233,4.233,4.233,0.0
2014-02-19,4.263,4.263,4.263,4.263,0.0
2014-02-20,4.328,4.328,4.328,4.328,0.0
2014-02-21,4.35,4.35,4.35,4.35,0.0
2014-02-24,4.383,4.383,4.383,4.383,0.0
2014-02-25,4.391,4.391,4.391,4.391,0.0
2014-02-26,4.348,4.348,4.348,4.348,0.0
2014-02-27,4.295,4.295,4.295,4.295,0.0
2014-02-28,4.265,4.265,4.265,4.265,0.0
2014-03-03,4.263,4.263,4.263,4.263,0.0
2014-03-04,4.291,4.291,4.291,4.291,0.0
2014-03-05,4.316,4.316,4.316,4.316,0.0
2014-03-06,4.477,4.477,4.477,4.477,0.0
2014-03-07,4.439,4.439,4.439,4.439,0.0
2014-03-10,4.449,4.449,4.449,4.449,0.0
2014-03-11,4.415,4.415,4.415,4.415,0.0
2014-03-12,4.465,4.465,4.465,4.465,0.0
2014-03-13,4.569,4.569,4.569,4.569,0.0
2014-03-14,4.684,4.684,4.684,4.684,0.0
2014-03-17,4.666,4.666,4.666,4.666,0.0
2014-03-18,4.616,4.616,4.616,4.616,0.0
2014-03-19,4.652,4.652,4.652,4.652,0.0
2014-03-20,4.71,4.71,4.71,4.71,0.0
2014-03-21,4.7,4.7,4.7,4.7,0.0
2014-03-24,4.725,4.725,4.725,4.725,0.0
2014-03-25,4.75,4.75,4.75,4.75,0.0
2014-03-26,4.769,4.769,4.769,4.769,0.0
2014-03-27,4.766,4.766,4.766,4.766,0.0
2014-03-28,4.746,4.746,4.746,4.746,0.0
2014-03-31,4.746,4.746,4.746,4.746,0.0
2014-04-01,4.705,4.705,4.705,4.705,0.0
2014-04-02,4.718,4.718,4.718,4.718,1.0
2014-04-03,4.795,4.795,4.795,4.795,0.0
2014-04-04,4.805,4.805,4.805,4.805,0.0
2014-04-07,4.825,4.825,4.825,4.825,0.0
2014-04-08,4.819,4.819,4.819,4.819,0.0
2014-04-09,4.874,4.874,4.874,4.874,0.0
2014-04-10,4.91,4.91,4.91,4.91,0.0
2014-04-11,4.913,4.913,4.913,4.913,0.0
2014-04-14,4.911,4.911,4.911,4.911,0.0
2014-04-15,4.942,4.942,4.942,4.942,0.0
2014-04-16,4.947,4.947,4.947,4.947,0.0
2014-04-17,4.953,4.953,4.953,4.953,0.0
2014-04-21,4.914,4.914,4.914,4.914,0.0
2014-04-22,4.935,4.935,4.935,4.935,0.0
2014-04-23,4.928,4.928,4.928,4.928,0.0
2014-04-24,4.967,4.967,4.967,4.967,0.0
2014-04-25,4.956,4.956,4.956,4.956,0.0
2014-04-28,4.964,4.964,4.964,4.964,0.0
2014-04-29,5.014,5.014,5.014,5.014,0.0
2014-04-30,5.02,5.02,5.02,5.02,0.0
2014-05-01,5.024,5.024,5.024,5.024,0.0
2014-05-02,5.012,5.012,5.012,5.012,0.0
2014-05-05,5.001,5.001,5.001,5.001,0.0
2014-05-06,5.017,5.017,5.017,5.017,0.0
2014-05-07,5.022,5.022,5.022,5.022,0.0
2014-05-08,5.032,5.032,5.032,5.032,0.0
2014-05-09,5.072,5.072,5.072,5.072,0.0
2014-05-12,5.042,5.042,5.042,5.042,0.0
2014-05-13,5.048,5.048,5.048,5.048,0.0
2014-05-14,5.066,5.066,5.066,5.066,0.0
2014-05-15,5.014,5.014,5.014,5.014,0.0
2014-05-16,4.974,4.974,4.974,4.974,0.0
2014-05-19,4.975,4.975,4.975,4.975,0.0
2014-05-20,4.965,4.965,4.965,4.965,0.0
2014-05-21,4.97,4.97,4.97,4.97,0.0
2014-05-22,4.948,4.948,4.948,4.948,0.0
2014-05-23,4.968,4.968,4.968,4.968,0.0
2014-05-27,4.986,4.986,4.986,4.986,0.0
2014-05-28,4.963,4.963,4.963,4.963,0.0
2014-05-29,4.966,4.966,4.966,4.966,0.0
2014-05-30,4.962,4.962,4.962,4.962,0.0
2014-06-02,4.997,4.997,4.997,4.997,0.0
2014-06-03,4.974,4.974,4.974,4.974,0.0
2014-06-04,4.969,4.969,4.969,4.969,0.0
2014-06-05,4.987,4.987,4.987,4.987,0.0
2014-06-06,5.003,5.003,5.003,5.003,0.0
2014-06-09,4.989,4.989,4.989,4.989,0.0
2014-06-10,5.032,5.032,5.032,5.032,0.0
2014-06-11,5.023,5.023,5.023,5.023,0.0
2014-06-12,5.018,5.018,5.018,5.018,0.0
2014-06-13,5.047,5.047,5.047,5.047,0.0
2014-06-16,5.046,5.046,5.046,5.046,0.0
2014-06-17,5.086,5.086,5.086,5.086,0.0
2014-06-18,5.1,5.1,5.1,5.1,0.0
2014-06-19,5.122,5.122,5.122,5.122,0.0
2014-06-20,5.082,5.082,5.082,5.082,0.0
2014-06-23,5.07,5.07,5.07,5.07,0.0
2014-06-24,5.066,5.066,5.066,5.066,0.0
2014-06-25,5.075,5.075,5.075,5.075,0.0
2014-06-26,4.998,4.998,4.998,4.998,0.0
2014-06-27,4.996,4.996,4.996,4.996,0.0
2014-06-30,5.015,5.015,5.015,5.015,0.0
2014-07-01,5.023,5.023,5.023,5.023,0.0
2014-07-02,4.998,4.998,4.998,4.998,0.0
2014-07-03,4.993,4.993,4.993,4.993,0.0
2014-07-07,4.967,4.967,4.967,4.967,0.0
2014-07-08,4.943,4.943,4.943,4.943,0.0
2014-07-09,4.909,4.909,4.909,4.909,0.0
2014-07-10,4.856,4.856,4.856,4.856,0.0
2014-07-11,4.85,4.85,4.85,4.85,0.0
2014-07-14,4.813,4.813,4.813,4.813,0.0
2014-07-15,4.798,4.798,4.798,4.798,0.0
2014-07-16,4.813,4.813,4.813,4.813,0.0
2014-07-17,4.804,4.804,4.804,4.804,0.0
2014-07-18,4.831,4.831,4.831,4.831,0.0
2014-07-21,4.812,4.812,4.812,4.812,0.0
2014-07-22,4.766,4.766,4.766,4.766,0.0
2014-07-23,4.742,4.742,4.742,4.742,0.0
2014-07-24,4.723,4.723,4.723,4.723,0.0
2014-07-25,4.718,4.718,4.718,4.718,0.0
2014-07-28,4.705,4.705,4.705,4.705,0.0
2014-07-29,4.624,4.624,4.624,4.624,0.0
2014-07-30,4.651,4.651,4.651,4.651,0.0
2014-07-31,4.677,4.677,4.677,4.677,0.0
2014-08-01,4.705,4.705,4.705,4.705,0.0
2014-08-04,4.7,4.7,4.7,4.7,0.0
2014-08-05,4.648,4.648,4.648,4.648,0.0
2014-08-06,4.623,4.623,4.623,4.623,0.0
2014-08-07,4.637,4.637,4.637,4.637,0.0
2014-08-08,4.633,4.633,4.633,4.633,0.0
2014-08-11,4.588,4.588,4.588,4.588,0.0
2014-08-12,4.57,4.57,4.57,4.57,0.0
2014-08-13,4.555,4.555,4.555,4.555,0.0
2014-08-14,4.566,4.566,4.566,4.566,0.0
2014-08-15,4.531,4.531,4.531,4.531,0.0
2014-08-18,4.532,4.532,4.532,4.532,0.0
2014-08-19,4.53,4.53,4.53,4.53,0.0
2014-08-20,4.51,4.51,4.51,4.51,0.0
2014-08-21,4.533,4.533,4.533,4.533,0.0
2014-08-22,4.539,4.539,4.539,4.539,0.0
2014-08-25,4.547,4.547,4.547,4.547,0.0
2014-08-26,4.546,4.546,4.546,4.546,0.0
2014-08-27,4.566,4.566,4.566,4.566,0.0
2014-08-28,4.578,4.578,4.578,4.578,1.0
2014-08-29,4.57,4.57,4.57,4.57,1.0
2014-09-02,4.548,4.548,4.548,4.548,0.0
2014-09-03,4.569,4.569,4.569,4.569,0.0
2014-09-04,4.59,4.59,4.59,4.59,0.0
2014-09-05,4.587,4.587,4.587,4.587,0.0
2014-09-08,4.577,4.577,4.577,4.577,0.0
2014-09-09,4.56,4.56,4.56,4.56,0.0
2014-09-10,4.573,4.573,4.573,4.573,0.0
2014-09-11,4.592,4.592,4.592,4.592,0.0
2014-09-12,4.566,4.566,4.566,4.566,0.0
2014-09-15,4.544,4.544,4.544,4.544,0.0
2014-09-16,4.549,4.549,4.549,4.549,0.0
2014-09-17,4.538,4.538,4.538,4.538,0.0
2014-09-18,4.488,4.488,4.488,4.488,0.0
2014-09-19,4.491,4.491,4.491,4.491,0.0
2014-09-22,4.476,4.476,4.476,4.476,0.0
2014-09-23,4.483,4.483,4.483,4.483,0.0
2014-09-24,4.493,4.493,4.493,4.493,0.0
2014-09-25,4.492,4.492,4.492,4.492,0.0
2014-09-26,4.472,4.472,4.472,4.472,0.0
2014-09-29,4.483,4.483,4.483,4.483,0.0
2014-09-30,4.523,4.523,4.523,4.523,0.0
2014-10-01,4.49,4.49,4.49,4.49,0.0
2014-10-02,4.513,4.513,4.513,4.513,0.0
2014-10-03,4.49,4.49,4.49,4.49,0.0
2014-10-06,4.49,4.49,4.49,4.49,0.0
2014-10-07,4.493,4.493,4.493,4.493,0.0
2014-10-08,4.493,4.493,4.493,4.493,0.0
2014-10-09,4.508,4.508,4.508,4.508,0.0
2014-10-10,4.505,4.505,4.505,4.505,0.0
2014-10-13,4.515,4.515,4.515,4.515,0.0
2014-10-14,4.505,4.505,4.505,4.505,0.0
2014-10-15,4.49,4.49,4.49,4.49,0.0
2014-10-16,4.48,4.48,4.48,4.48,0.0
2014-10-17,4.505,4.505,4.505,4.505,0.0
2014-10-20,4.492,4.492,4.492,4.492,0.0
2014-10-21,4.487,4.487,4.487,4.487,0.0
2014-10-22,4.468,4.468,4.468,4.468,0.0
2014-10-23,4.467,4.467,4.467,4.467,0.0
2014-10-24,4.444,4.444,4.444,4.444,0.0
2014-10-27,4.431,4.431,4.431,4.431,0.0
2014-10-28,4.416,4.416,4.416,4.416,0.0
2014-10-29,4.421,4.421,4.421,4.421,0.0
2014-10-30,4.414,4.414,4.414,4.414,0.0
2014-10-31,4.429,4.429,4.429,4.429,0.0
2014-11-03,4.435,4.435,4.435,4.435,0.0
2014-11-04,4.43,4.43,4.43,4.43,0.0
2014-11-05,4.401,4.401,4.401,4.401,0.0
2014-11-06,4.388,4.388,4.388,4.388,0.0
2014-11-07,4.385,4.385,4.385,4.385,0.0
2014-11-10,4.379,4.379,4.379,4.379,0.0
2014-11-11,4.394,4.394,4.394,4.394,0.0
2014-11-12,4.415,4.415,4.415,4.415,0.0
2014-11-13,4.395,4.395,4.395,4.395,0.0
2014-11-14,4.421,4.421,4.421,4.421,0.0
2014-11-17,4.424,4.424,4.424,4.424,0.0
2014-11-18,4.399,4.399,4.399,4.399,0.0
2014-11-19,4.385,4.385,4.385,4.385,0.0
2014-11-20,4.38,4.38,4.38,4.38,0.0
2014-11-21,4.353,4.353,4.353,4.353,0.0
2014-11-24,4.407,4.407,4.407,4.407,0.0
2014-11-25,4.401,4.401,4.401,4.401,0.0
2014-11-26,4.394,4.394,4.394,4.394,0.0
2014-11-28,4.412,4.412,4.412,4.412,0.0
2014-12-01,4.467,4.467,4.467,4.467,0.0
2014-12-02,4.461,4.461,4.461,4.461,0.0
2014-12-03,4.458,4.458,4.458,4.458,0.0
2014-12-04,4.461,4.461,4.461,4.461,0.0
2014-12-05,4.482,4.482,4.482,4.482,0.0
2014-12-08,4.493,4.493,4.493,4.493,0.0
2014-12-09,4.503,4.503,4.503,4.503,0.0
2014-12-10,4.483,4.483,4.483,4.483,0.0
2014-12-11,4.46,4.46,4.46,4.46,0.0
2014-12-12,4.443,4.443,4.443,4.443,0.0
2014-12-15,4.43,4.43,4.43,4.43,0.0
2014-12-16,4.38,4.38,4.38,4.38,0.0
2014-12-17,4.405,4.405,4.405,4.405,0.0
2014-12-18,4.386,4.386,4.386,4.386,0.0
2014-12-19,4.32,4.32,4.32,4.32,0.0
2014-12-22,4.311,4.311,4.311,4.311,0.0
2014-12-23,4.284,4.284,4.284,4.284,0.0
2014-12-24,4.278,4.278,4.278,4.278,0.0
2014-12-26,4.275,4.275,4.275,4.275,0.0
2014-12-29,4.273,4.273,4.273,4.273,0.0
2014-12-30,4.255,4.255,4.255,4.255,0.0
2014-12-31,4.226,4.226,4.226,4.226,0.0
2015-01-02,4.21,4.21,4.21,4.21,0.0
2015-01-05,4.21,4.21,4.21,4.21,0.0
2015-01-06,4.169,4.169,4.169,4.169,0.0
2015-01-07,4.109,4.109,4.109,4.109,0.0
2015-01-08,4.089,4.089,4.089,4.089,0.0
2015-01-09,4.077,4.077,4.077,4.077,0.0
2015-01-12,3.987,3.987,3.987,3.987,0.0
2015-01-13,3.959,3.959,3.959,3.959,0.0
2015-01-14,3.884,3.884,3.884,3.884,0.0
2015-01-15,3.834,3.834,3.834,3.834,0.0
2015-01-16,3.842,3.842,3.842,3.842,0.0
2015-01-20,3.834,3.834,3.834,3.834,0.0
2015-01-21,3.838,3.838,3.838,3.838,0.0
2015-01-22,3.831,3.831,3.831,3.831,0.0
2015-01-23,3.828,3.828,3.828,3.828,0.0
2015-01-26,3.846,3.846,3.846,3.846,0.0
2015-01-27,3.84,3.84,3.84,3.84,0.0
2015-01-28,3.87,3.87,3.87,3.87,0.0
2015-01-29,3.853,3.853,3.853,3.853,0.0
2015-01-30,3.86,3.86,3.86,3.86,0.0
2015-02-02,3.823,3.823,3.823,3.823,0.0
2015-02-03,3.839,3.839,3.839,3.839,0.0
2015-02-04,3.858,3.858,3.858,3.858,0.0
2015-02-05,3.763,3.763,3.763,3.763,0.0
2015-02-06,3.817,3.817,3.817,3.817,0.0
2015-02-09,3.829,3.829,3.829,3.829,0.0
2015-02-10,3.85,3.85,3.85,3.85,0.0
2015-02-11,3.833,3.833,3.833,3.833,0.0
2015-02-12,3.834,3.834,3.834,3.834,0.0
2015-02-13,3.876,3.876,3.876,3.876,0.0
2015-02-17,3.818,3.818,3.818,3.818,0.0
2015-02-18,3.845,3.845,3.845,3.845,0.0
2015-02-19,3.819,3.819,3.819,3.819,0.0
2015-02-20,3.824,3.824,3.824,3.824,0.0
2015-02-23,3.796,3.796,3.796,3.796,0.0
2015-02-24,3.814,3.814,3.814,3.814,0.0
2015-02-25,3.82,3.82,3.82,3.82,0.0
2015-02-26,3.79,3.79,3.79,3.79,0.0
2015-02-27,3.791,3.791,3.791,3.791,0.0
2015-03-02,3.767,3.767,3.767,3.767,0.0
2015-03-03,3.79,3.79,3.79,3.79,0.0
2015-03-04,3.784,3.784,3.784,3.784,0.0
2015-03-05,3.743,3.743,3.743,3.743,0.0
2015-03-06,3.743,3.743,3.743,3.743,0.0
2015-03-09,3.718,3.718,3.718,3.718,0.0
2015-03-10,3.716,3.716,3.716,3.716,0.0
2015-03-11,3.709,3.709,3.709,3.709,0.0
2015-03-12,3.678,3.678,3.678,3.678,0.0
2015-03-13,3.674,3.674,3.674,3.674,0.0
2015-03-16,3.687,3.687,3.687,3.687,0.0
2015-03-17,3.668,3.668,3.668,3.668,0.0
2015-03-18,3.694,3.694,3.694,3.694,0.0
2015-03-19,3.7,3.7,3.7,3.7,0.0
2015-03-20,3.683,3.683,3.683,3.683,0.0
2015-03-23,3.684,3.684,3.684,3.684,0.0
2015-03-24,3.704,3.704,3.704,3.704,0.0
2015-03-25,3.68,3.68,3.68,3.68,0.0
2015-03-26,3.671,3.671,3.671,3.671,0.0
2015-03-27,3.646,3.646,3.646,3.646,0.0
2015-03-30,3.634,3.634,3.634,3.634,0.0
2015-03-31,3.646,3.646,3.646,3.646,0.0
2015-04-01,3.64,3.64,3.64,3.64,0.0
2015-04-02,3.694,3.694,3.694,3.694,0.0
2015-04-06,3.7,3.7,3.7,3.7,0.0
2015-04-07,3.74,3.74,3.74,3.74,0.0
2015-04-08,3.748,3.748,3.748,3.748,0.0
2015-04-09,3.741,3.741,3.741,3.741,0.0
2015-04-10,3.736,3.736,3.736,3.736,0.0
2015-04-13,3.726,3.726,3.726,3.726,0.0
2015-04-14,3.721,3.721,3.721,3.721,0.0
2015-04-15,3.726,3.726,3.726,3.726,0.0
2015-04-16,3.746,3.746,3.746,3.746,0.0
2015-04-17,3.721,3.721,3.721,3.721,0.0
2015-04-20,3.722,3.722,3.722,3.722,0.0
2015-04-21,3.725,3.725,3.725,3.725,0.0
2015-04-22,3.732,3.732,3.732,3.732,0.0
2015-04-23,3.69,3.69,3.69,3.69,0.0
2015-04-24,3.688,3.688,3.688,3.688,0.0
2015-04-27,3.668,3.668,3.668,3.668,0.0
2015-04-28,3.659,3.659,3.659,3.659,0.0
2015-04-29,3.664,3.664,3.664,3.664,0.0
2015-04-30,3.659,3.659,3.659,3.659,0.0
2015-05-01,3.649,3.649,3.649,3.649,0.0
2015-05-04,3.636,3.636,3.636,3.636,0.0
2015-05-05,3.645,3.645,3.645,3.645,0.0
2015-05-06,3.653,3.653,3.653,3.653,0.0
2015-05-07,3.65,3.65,3.65,3.65,0.0
2015-05-08,3.657,3.657,3.657,3.657,0.0
2015-05-11,3.644,3.644,3.644,3.644,0.0
2015-05-12,3.631,3.631,3.631,3.631,0.0
2015-05-13,3.64,3.64,3.64,3.64,0.0
2015-05-14,3.651,3.651,3.651,3.651,0.0
2015-05-15,3.644,3.644,3.644,3.644,0.0
2015-05-18,3.646,3.646,3.646,3.646,0.0
2015-05-19,3.641,3.641,3.641,3.641,0.0
2015-05-20,3.64,3.64,3.64,3.64,0.0
2015-05-21,3.639,3.639,3.639,3.639,0.0
2015-05-22,3.63,3.63,3.63,3.63,0.0
2015-05-26,3.631,3.631,3.631,3.631,0.0
2015-05-27,3.626,3.626,3.626,3.626,0.0
2015-05-28,3.618,3.618,3.618,3.618,0.0
2015-05-29,3.608,3.608,3.608,3.608,0.0
2015-06-01,3.61,3.61,3.61,3.61,0.0
2015-06-02,3.607,3.607,3.607,3.607,0.0
2015-06-03,3.608,3.608,3.608,3.608,0.0
2015-06-04,3.562,3.562,3.562,3.562,0.0
2015-06-05,3.523,3.523,3.523,3.523,0.0
2015-06-08,3.531,3.531,3.531,3.531,0.0
2015-06-09,3.518,3.518,3.518,3.518,0.0
2015-06-10,3.515,3.515,3.515,3.515,0.0
2015-06-11,3.556,3.556,3.556,3.556,0.0
2015-06-12,3.556,3.556,3.556,3.556,0.0
2015-06-15,3.57,3.57,3.57,3.57,0.0
2015-06-16,3.595,3.595,3.595,3.595,0.0
2015-06-17,3.588,3.588,3.588,3.588,0.0
2015-06-18,3.57,3.57,3.57,3.57,0.0
2015-06-19,3.575,3.575,3.575,3.575,0.0
2015-06-22,3.558,3.558,3.558,3.558,0.0
2015-06-23,3.557,3.557,3.557,3.557,0.0
2015-06-24,3.559,3.559,3.559,3.559,0.0
2015-06-25,3.56,3.56,3.56,3.56,0.0
2015-06-26,3.563,3.563,3.563,3.563,0.0
2015-06-29,3.561,3.561,3.561,3.561,0.0
2015-06-30,3.573,3.573,3.573,3.573,0.0
2015-07-01,3.584,3.584,3.584,3.584,0.0
2015-07-02,3.588,3.588,3.588,3.588,0.0
2015-07-06,3.549,3.549,3.549,3.549,0.0
2015-07-07,3.546,3.546,3.546,3.546,0.0
2015-07-08,3.559,3.559,3.559,3.559,0.0
2015-07-09,3.577,3.577,3.577,3.577,0.0
2015-07-10,3.575,3.575,3.575,3.575,0.0
2015-07-13,3.575,3.575,3.575,3.575,0.0
2015-07-14,3.61,3.61,3.61,3.61,0.0
2015-07-15,3.653,3.653,3.653,3.653,0.0
2015-07-16,3.649,3.649,3.649,3.649,0.0
2015-07-17,3.656,3.656,3.656,3.656,0.0
2015-07-20,3.649,3.649,3.649,3.649,0.0
2015-07-21,3.648,3.648,3.648,3.648,0.0
2015-07-22,3.644,3.644,3.644,3.644,0.0
2015-07-23,3.624,3.624,3.624,3.624,0.0
2015-07-24,3.628,3.628,3.628,3.628,0.0
2015-07-27,3.649,3.649,3.649,3.649,0.0
2015-07-28,3.648,3.648,3.648,3.648,0.0
2015-07-29,3.642,3.642,3.642,3.642,0.0
2015-07-30,3.621,3.621,3.621,3.621,0.0
2015-07-31,3.579,3.579,3.579,3.579,0.0
2015-08-03,3.56,3.56,3.56,3.56,0.0
2015-08-04,3.512,3.512,3.512,3.512,0.0
2015-08-05,3.511,3.511,3.511,3.511,0.0
2015-08-06,3.491,3.491,3.491,3.491,0.0
2015-08-07,3.473,3.473,3.473,3.473,0.0
2015-08-10,3.471,3.471,3.471,3.471,0.0
2015-08-11,3.425,3.425,3.425,3.425,0.0
2015-08-12,3.402,3.402,3.402,3.402,0.0
2015-08-13,3.428,3.428,3.428,3.428,0.0
2015-08-14,3.438,3.438,3.438,3.438,0.0
2015-08-17,3.443,3.443,3.443,3.443,0.0
2015-08-18,3.459,3.459,3.459,3.459,0.0
2015-08-19,3.409,3.409,3.409,3.409,0.0
2015-08-20,3.394,3.394,3.394,3.394,0.0
2015-08-21,3.359,3.359,3.359,3.359,0.0
2015-08-24,3.313,3.313,3.313,3.313,0.0
2015-08-25,3.31,3.31,3.31,3.31,0.0
2015-08-26,3.316,3.316,3.316,3.316,0.0
2015-08-27,3.323,3.323,3.323,3.323,0.0
2015-08-28,3.35,3.35,3.35,3.35,0.0
2015-08-31,3.347,3.347,3.347,3.347,0.0
2015-09-01,3.358,3.358,3.358,3.358,0.0
2015-09-02,3.361,3.361,3.361,3.361,0.0
2015-09-03,3.368,3.368,3.368,3.368,0.0
2015-09-04,3.358,3.358,3.358,3.358,0.0
2015-09-08,3.364,3.364,3.364,3.364,0.0
2015-09-09,3.38,3.38,3.38,3.38,0.0
2015-09-10,3.379,3.379,3.379,3.379,0.0
2015-09-11,3.339,3.339,3.339,3.339,0.0
2015-09-14,3.349,3.349,3.349,3.349,0.0
2015-09-15,3.343,3.343,3.343,3.343,0.0
2015-09-16,3.323,3.323,3.323,3.323,0.0
2015-09-17,3.293,3.293,3.293,3.293,0.0
2015-09-18,3.285,3.285,3.285,3.285,0.0
2015-09-21,3.274,3.274,3.274,3.274,0.0
2015-09-22,3.261,3.261,3.261,3.261,0.0
2015-09-23,3.272,3.272,3.272,3.272,0.0
2015-09-24,3.309,3.309,3.309,3.309,0.0
2015-09-25,3.274,3.274,3.274,3.274,0.0
2015-09-28,3.271,3.271,3.271,3.271,0.0
2015-09-29,3.241,3.241,3.241,3.241,0.0
2015-09-30,3.214,3.214,3.214,3.214,0.0
2015-10-01,3.201,3.201,3.201,3.201,0.0
2015-10-02,3.211,3.211,3.211,3.211,0.0
2015-10-05,3.216,3.216,3.216,3.216,0.0
2015-10-06,3.258,3.258,3.258,3.258,0.0
2015-10-07,3.26,3.26,3.26,3.26,0.0
2015-10-08,3.255,3.255,3.255,3.255,0.0
2015-10-09,3.255,3.255,3.255,3.255,0.0
2015-10-12,3.26,3.26,3.26,3.26,0.0
2015-10-13,3.262,3.262,3.262,3.262,0.0
2015-10-14,3.262,3.262,3.262,3.262,0.0
2015-10-15,3.247,3.247,3.247,3.247,0.0
2015-10-16,3.254,3.254,3.254,3.254,0.0
2015-10-19,3.257,3.257,3.257,3.257,0.0
2015-10-20,3.269,3.269,3.269,3.269,0.0
2015-10-21,3.252,3.252,3.252,3.252,0.0
2015-10-22,3.246,3.246,3.246,3.246,0.0
2015-10-23,3.208,3.208,3.208,3.208,0.0
2015-10-26,3.175,3.175,3.175,3.175,0.0
2015-10-27,3.157,3.157,3.157,3.157,0.0
2015-10-28,3.157,3.157,3.157,3.157,0.0
2015-10-29,3.152,3.152,3.152,3.152,0.0
2015-10-30,3.189,3.189,3.189,3.189,0.0
2015-11-02,3.166,3.166,3.166,3.166,0.0
2015-11-03,3.178,3.178,3.178,3.178,0.0
2015-11-04,3.184,3.184,3.184,3.184,0.0
2015-11-05,3.188,3.188,3.188,3.188,0.0
2015-11-06,3.186,3.186,3.186,3.186,0.0
2015-11-09,3.18,3.18,3.18,3.18,0.0
2015-11-10,3.173,3.173,3.173,3.173,0.0
2015-11-11,3.162,3.162,3.162,3.162,0.0
2015-11-12,3.147,3.147,3.147,3.147,0.0
2015-11-13,3.174,3.174,3.174,3.174,0.0
2015-11-16,3.184,3.184,3.184,3.184,0.0
2015-11-17,3.184,3.184,3.184,3.184,0.0
2015-11-18,3.119,3.119,3.119,3.119,0.0
2015-11-19,3.074,3.074,3.074,3.074,0.0
2015-11-20,3.043,3.043,3.043,3.043,0.0
2015-11-23,3.066,3.066,3.066,3.066,0.0
2015-11-24,3.072,3.072,3.072,3.072,0.0
2015-11-25,3.083,3.083,3.083,3.083,0.0
2015-11-27,3.065,3.065,3.065,3.065,0.0
2015-11-30,3.075,3.075,3.075,3.075,0.0
2015-12-01,3.084,3.084,3.084,3.084,0.0
2015-12-02,3.115,3.115,3.115,3.115,0.0
2015-12-03,3.118,3.118,3.118,3.118,0.0
2015-12-04,3.121,3.121,3.121,3.121,0.0
2015-12-07,3.106,3.106,3.106,3.106,0.0
2015-12-08,3.126,3.126,3.126,3.126,0.0
2015-12-09,3.146,3.146,3.146,3.146,0.0
2015-12-10,3.167,3.167,3.167,3.167,0.0
2015-12-11,3.163,3.163,3.163,3.163,22.0
2015-12-14,3.148,3.148,3.148,3.148,0.0
2015-12-15,3.133,3.133,3.133,3.133,0.0
2015-12-16,3.158,3.158,3.158,3.158,0.0
2015-12-17,3.187,3.187,3.187,3.187,0.0
2015-12-18,3.171,3.171,3.171,3.171,0.0
2015-12-21,3.158,3.158,3.158,3.158,0.0
2015-12-22,3.168,3.168,3.168,3.168,0.0
2015-12-23,3.16,3.16,3.16,3.16,0.0
2015-12-24,3.16,3.16,3.16,3.16,0.0
2015-12-28,3.195,3.195,3.195,3.195,0.0
2015-12-29,3.18,3.18,3.18,3.18,0.0
2015-12-30,3.171,3.171,3.171,3.171,0.0
2015-12-31,3.172,3.172,3.172,3.172,0.0
2016-01-04,3.152,3.152,3.152,3.152,0.0
2016-01-05,3.13,3.13,3.13,3.13,0.0
2016-01-06,3.129,3.129,3.129,3.129,0.0
2016-01-07,3.15,3.15,3.15,3.15,0.0
2016-01-08,3.129,3.129,3.129,3.129,0.0
2016-01-11,3.102,3.102,3.102,3.102,0.0
2016-01-12,3.072,3.072,3.072,3.072,0.0
2016-01-13,3.092,3.092,3.092,3.092,0.0
2016-01-14,3.107,3.107,3.107,3.107,0.0
2016-01-15,3.092,3.092,3.092,3.092,0.0
2016-01-19,3.094,3.094,3.094,3.094,0.0
2016-01-20,3.087,3.087,3.087,3.087,0.0
2016-01-21,3.095,3.095,3.095,3.095,0.0
2016-01-22,3.09,3.09,3.09,3.09,0.0
2016-01-25,3.091,3.091,3.091,3.091,0.0
2016-01-26,3.075,3.075,3.075,3.075,0.0
2016-01-27,3.077,3.077,3.077,3.077,0.0
2016-01-28,3.118,3.118,3.118,3.118,0.0
2016-01-29,3.1,3.1,3.1,3.1,0.0
2016-02-01,3.057,3.057,3.057,3.057,0.0
2016-02-02,2.992,2.992,2.992,2.992,0.0
2016-02-03,3.03,3.03,3.03,3.03,0.0
2016-02-04,3.033,3.033,3.033,3.033,0.0
2016-02-05,3.031,3.031,3.031,3.031,4.0
2016-02-08,2.974,2.974,2.974,2.974,0.0
2016-02-09,2.937,2.937,2.937,2.937,0.0
2016-02-10,2.901,2.901,2.901,2.901,0.0
2016-02-11,2.859,2.859,2.859,2.859,0.0
2016-02-12,2.831,2.831,2.831,2.831,0.0
2016-02-16,2.799,2.799,2.799,2.799,0.0
2016-02-17,2.792,2.792,2.792,2.792,0.0
2016-02-18,2.763,2.763,2.763,2.763,0.0
2016-02-19,2.736,2.736,2.736,2.736,0.0
2016-02-22,2.675,2.675,2.675,2.675,0.0
2016-02-23,2.693,2.693,2.693,2.693,0.0
2016-02-24,2.725,2.725,2.725,2.725,0.0
2016-02-25,2.711,2.711,2.711,2.711,0.0
2016-02-26,2.721,2.721,2.721,2.721,0.0
2016-02-29,2.772,2.772,2.772,2.772,0.0
2016-03-01,2.806,2.806,2.806,2.806,0.0
2016-03-02,2.795,2.795,2.795,2.795,0.0
2016-03-03,2.805,2.805,2.805,2.805,0.0
2016-03-04,2.804,2.804,2.804,2.804,0.0
2016-03-07,2.811,2.811,2.811,2.811,0.0
2016-03-08,2.817,2.817,2.817,2.817,0.0
2016-03-09,2.858,2.858,2.858,2.858,0.0
2016-03-10,2.876,2.876,2.876,2.876,0.0
2016-03-11,2.895,2.895,2.895,2.895,0.0
2016-03-14,2.887,2.887,2.887,2.887,0.0
2016-03-15,2.886,2.886,2.886,2.886,0.0
2016-03-16,2.893,2.893,2.893,2.893,0.0
2016-03-17,2.898,2.898,2.898,2.898,0.0
2016-03-18,2.886,2.886,2.886,2.886,0.0
2016-03-21,2.878,2.878,2.878,2.878,0.0
2016-03-22,2.901,2.901,2.901,2.901,0.0
2016-03-23,2.921,2.921,2.921,2.921,0.0
2016-03-24,2.953,2.953,2.953,2.953,0.0
2016-03-28,3.021,3.021,3.021,3.021,0.0
2016-03-29,3.038,3.038,3.038,3.038,0.0
2016-03-30,3.03,3.03,3.03,3.03,0.0
2016-03-31,3.034,3.034,3.034,3.034,0.0
2016-04-01,3.04,3.04,3.04,3.04,0.0
2016-04-04,3.042,3.042,3.042,3.042,0.0
2016-04-05,3.05,3.05,3.05,3.05,0.0
2016-04-06,3.059,3.059,3.059,3.059,0.0
2016-04-07,3.064,3.064,3.064,3.064,0.0
2016-04-08,3.079,3.079,3.079,3.079,0.0
2016-04-11,3.074,3.074,3.074,3.074,0.0
2016-04-12,3.075,3.075,3.075,3.075,0.0
2016-04-13,3.079,3.079,3.079,3.079,0.0
2016-04-14,3.077,3.077,3.077,3.077,0.0
2016-04-15,3.05,3.05,3.05,3.05,0.0
2016-04-18,3.049,3.049,3.049,3.049,0.0
2016-04-19,3.045,3.045,3.045,3.045,0.0
2016-04-20,3.042,3.042,3.042,3.042,0.0
2016-04-21,3.071,3.071,3.071,3.071,0.0
2016-04-22,3.067,3.067,3.067,3.067,0.0
2016-04-25,3.081,3.081,3.081,3.081,0.0
2016-04-26,3.123,3.123,3.123,3.123,0.0
2016-04-27,3.135,3.135,3.135,3.135,0.0
2016-04-28,3.127,3.127,3.127,3.127,0.0
2016-04-29,3.125,3.125,3.125,3.125,0.0
2016-05-02,3.105,3.105,3.105,3.105,0.0
2016-05-03,3.108,3.108,3.108,3.108,0.0
2016-05-04,3.117,3.117,3.117,3.117,0.0
2016-05-05,3.145,3.145,3.145,3.145,0.0
2016-05-06,3.139,3.139,3.139,3.139,0.0
2016-05-09,3.127,3.127,3.127,3.127,0.0
2016-05-10,3.098,3.098,3.098,3.098,0.0
2016-05-11,3.092,3.092,3.092,3.092,0.0
2016-05-12,3.08,3.08,3.08,3.08,0.0
2016-05-13,3.067,3.067,3.067,3.067,0.0
2016-05-16,3.068,3.068,3.068,3.068,0.0
2016-05-17,3.052,3.052,3.052,3.052,0.0
2016-05-18,3.038,3.038,3.038,3.038,0.0
2016-05-19,3.06,3.06,3.06,3.06,0.0
2016-05-20,3.048,3.048,3.048,3.048,0.0
2016-05-23,3.048,3.048,3.048,3.048,0.0
2016-05-24,3.061,3.061,3.061,3.061,0.0
2016-05-25,3.098,3.098,3.098,3.098,0.0
2016-05-26,3.129,3.129,3.129,3.129,0.0
2016-05-27,3.134,3.134,3.134,3.134,0.0
2016-05-31,3.138,3.138,3.138,3.138,0.0
2016-06-01,3.124,3.124,3.124,3.124,0.0
2016-06-02,3.125,3.125,3.125,3.125,0.0
2016-06-03,3.116,3.116,3.116,3.116,0.0
2016-06-06,3.113,3.113,3.113,3.113,0.0
2016-06-07,3.132,3.132,3.132,3.132,0.0
2016-06-08,3.13,3.13,3.13,3.13,0.0
2016-06-09,3.115,3.115,3.115,3.115,0.0
2016-06-10,3.097,3.097,3.097,3.097,0.0
2016-06-13,3.056,3.056,3.056,3.056,0.0
2016-06-14,3.034,3.034,3.034,3.034,0.0
2016-06-15,3.034,3.034,3.034,3.034,0.0
2016-06-16,3.034,3.034,3.034,3.034,0.0
2016-06-17,3.015,3.015,3.015,3.015,0.0
2016-06-20,3.007,3.007,3.007,3.007,0.0
2016-06-21,2.997,2.997,2.997,2.997,0.0
2016-06-22,3.004,3.004,3.004,3.004,0.0
2016-06-23,3.015,3.015,3.015,3.015,0.0
2016-06-24,3.033,3.033,3.033,3.033,0.0
2016-06-27,3.013,3.013,3.013,3.013,0.0
2016-06-28,3.045,3.045,3.045,3.045,0.0
2016-06-29,3.046,3.046,3.046,3.046,0.0
2016-06-30,3.061,3.061,3.061,3.061,0.0
2016-07-01,3.063,3.063,3.063,3.063,0.0
2016-07-05,3.056,3.056,3.056,3.056,0.0
2016-07-06,3.078,3.078,3.078,3.078,0.0
2016-07-07,3.076,3.076,3.076,3.076,0.0
2016-07-08,3.076,3.076,3.076,3.076,0.0
2016-07-11,3.072,3.072,3.072,3.072,0.0
2016-07-12,3.058,3.058,3.058,3.058,0.0
2016-07-13,3.074,3.074,3.074,3.074,0.0
2016-07-14,3.071,3.071,3.071,3.071,0.0
2016-07-15,3.058,3.058,3.058,3.058,0.0
2016-07-18,3.046,3.046,3.046,3.046,0.0
2016-07-19,3.034,3.034,3.034,3.034,0.0
2016-07-20,3.023,3.023,3.023,3.023,0.0
2016-07-21,3.028,3.028,3.028,3.028,0.0
2016-07-22,3.032,3.032,3.032,3.032,0.0
2016-07-25,3.038,3.038,3.038,3.038,0.0
2016-07-26,3.036,3.036,3.036,3.036,0.0
2016-07-27,3.029,3.029,3.029,3.029,0.0
2016-07-28,3.037,3.037,3.037,3.037,0.0
2016-07-29,3.039,3.039,3.039,3.039,0.0
2016-08-01,3.027,3.027,3.027,3.027,0.0
2016-08-02,3.032,3.032,3.032,3.032,0.0
2016-08-03,3.034,3.034,3.034,3.034,0.0
2016-08-04,3.051,3.051,3.051,3.051,0.0
2016-08-05,3.048,3.048,3.048,3.048,0.0
2016-08-08,3.049,3.049,3.049,3.049,0.0
2016-08-09,3.048,3.048,3.048,3.048,0.0
2016-08-10,3.029,3.029,3.029,3.029,0.0
2016-08-11,3.018,3.018,3.018,3.018,0.0
2016-08-12,3.015,3.015,3.015,3.015,0.0
2016-08-15,3.01,3.01,3.01,3.01,0.0
2016-08-16,3.019,3.019,3.019,3.019,0.0
2016-08-17,3.044,3.044,3.044,3.044,0.0
2016-08-18,3.04,3.04,3.04,3.04,0.0
2016-08-19,3.04,3.04,3.04,3.04,0.0
2016-08-22,3.033,3.033,3.033,3.033,0.0
2016-08-23,3.053,3.053,3.053,3.053,0.0
2016-08-24,3.077,3.077,3.077,3.077,0.0
2016-08-25,3.036,3.036,3.036,3.036,0.0
2016-08-26,3.008,3.008,3.008,3.008,0.0
2016-08-29,2.998,2.998,2.998,2.998,0.0
2016-08-30,2.993,2.993,2.993,2.993,0.0
2016-08-31,3.015,3.015,3.015,3.015,0.0
2016-09-01,2.978,2.978,2.978,2.978,0.0
2016-09-02,2.97,2.97,2.97,2.97,0.0
2016-09-06,2.969,2.969,2.969,2.969,0.0
2016-09-07,2.95,2.95,2.95,2.95,0.0
2016-09-08,2.956,2.956,2.956,2.956,0.0
2016-09-09,2.926,2.926,2.926,2.926,0.0
2016-09-12,2.928,2.928,2.928,2.928,0.0
2016-09-13,2.916,2.916,2.916,2.916,0.0
2016-09-14,2.92,2.92,2.92,2.92,0.0
2016-09-15,2.912,2.912,2.912,2.912,0.0
2016-09-16,2.897,2.897,2.897,2.897,0.0
2016-09-19,2.883,2.883,2.883,2.883,0.0
2016-09-20,2.888,2.888,2.888,2.888,0.0
2016-09-21,2.887,2.887,2.887,2.887,0.0
2016-09-22,2.866,2.866,2.866,2.866,0.0
2016-09-23,2.875,2.875,2.875,2.875,0.0
2016-09-26,2.894,2.894,2.894,2.894,0.0
2016-09-27,2.866,2.866,2.866,2.866,0.0
2016-09-28,2.84,2.84,2.84,2.84,0.0
2016-09-29,2.803,2.803,2.803,2.803,0.0
2016-09-30,2.792,2.792,2.792,2.792,4.0
2016-10-03,2.795,2.795,2.795,2.795,0.0
2016-10-04,2.776,2.776,2.776,2.776,0.0
2016-10-05,2.814,2.814,2.814,2.814,0.0
2016-10-06,2.812,2.812,2.812,2.812,0.0
2016-10-07,2.83,2.83,2.83,2.83,0.0
2016-10-10,2.821,2.821,2.821,2.821,0.0
2016-10-11,2.902,2.902,2.902,2.902,0.0
2016-10-12,2.884,2.884,2.884,2.884,0.0
2016-10-13,2.889,2.889,2.889,2.889,0.0
2016-10-14,2.882,2.882,2.882,2.882,0.0
2016-10-17,2.894,2.894,2.894,2.894,0.0
2016-10-18,2.898,2.898,2.898,2.898,0.0
2016-10-19,2.889,2.889,2.889,2.889,0.0
2016-10-20,2.884,2.884,2.884,2.884,0.0
2016-10-21,2.897,2.897,2.897,2.897,0.0
2016-10-24,2.895,2.895,2.895,2.895,0.0
2016-10-25,2.886,2.886,2.886,2.886,0.0
2016-10-26,2.884,2.884,2.884,2.884,0.0
2016-10-27,2.904,2.904,2.904,2.904,0.0
2016-10-28,2.911,2.911,2.911,2.911,0.0
2016-10-31,2.904,2.904,2.904,2.904,0.0
2016-11-01,2.894,2.894,2.894,2.894,0.0
2016-11-02,2.877,2.877,2.877,2.877,0.0
2016-11-03,2.875,2.875,2.875,2.875,0.0
2016-11-04,2.857,2.857,2.857,2.857,0.0
2016-11-07,2.863,2.863,2.863,2.863,0.0
2016-11-08,2.851,2.851,2.851,2.851,0.0
2016-11-09,2.849,2.849,2.849,2.849,0.0
2016-11-10,2.853,2.853,2.853,2.853,0.0
2016-11-11,2.854,2.854,2.854,2.854,0.0
2016-11-14,2.845,2.845,2.845,2.845,0.0
2016-11-15,2.815,2.815,2.815,2.815,0.0
2016-11-16,2.825,2.825,2.825,2.825,0.0
2016-11-17,2.847,2.847,2.847,2.847,0.0
2016-11-18,2.858,2.858,2.858,2.858,0.0
2016-11-21,2.848,2.848,2.848,2.848,0.0
2016-11-22,2.82,2.82,2.82,2.82,0.0
2016-11-23,2.808,2.808,2.808,2.808,0.0
2016-11-25,2.807,2.807,2.807,2.807,0.0
2016-11-28,2.8,2.8,2.784,2.784,2.0
2016-11-29,2.75,2.75,2.75,2.75,0.0
2016-11-30,2.738,2.738,2.738,2.738,0.0
2016-12-01,2.778,2.778,2.778,2.778,0.0
2016-12-02,2.769,2.769,2.769,2.769,0.0
2016-12-05,2.765,2.765,2.765,2.765,0.0
2016-12-06,2.751,2.751,2.751,2.751,0.0
2016-12-07,2.776,2.776,2.776,2.776,0.0
2016-12-08,2.81,2.81,2.81,2.81,0.0
2016-12-09,2.78,2.78,2.78,2.78,0.0
2016-12-12,2.772,2.772,2.772,2.772,0.0
2016-12-13,2.758,2.758,2.758,2.758,0.0
2016-12-14,2.732,2.732,2.732,2.732,0.0
2016-12-15,2.742,2.742,2.742,2.742,0.0
2016-12-16,2.75,2.75,2.75,2.75,0.0
2016-12-19,2.767,2.767,2.767,2.767,0.0
2016-12-20,2.738,2.738,2.738,2.738,0.0
2016-12-21,2.756,2.756,2.756,2.756,0.0
2016-12-22,2.723,2.723,2.723,2.723,0.0
2016-12-23,2.72,2.72,2.72,2.72,0.0
2016-12-27,2.728,2.728,2.728,2.728,0.0
2016-12-28,2.743,2.743,2.743,2.743,0.0
2016-12-29,2.75,2.75,2.75,2.75,0.0
2016-12-30,2.748,2.748,2.748,2.748,0.0
2017-01-03,2.739,2.739,2.739,2.739,0.0
2017-01-04,2.734,2.734,2.734,2.734,0.0
2017-01-05,2.748,2.748,2.748,2.748,0.0
2017-01-06,2.747,2.747,2.747,2.747,0.0
2017-01-09,2.734,2.734,2.734,2.734,0.0
2017-01-10,2.76,2.76,2.76,2.76,0.0
2017-01-11,2.752,2.752,2.752,2.752,0.0
2017-01-12,2.767,2.767,2.767,2.767,0.0
2017-01-13,2.744,2.744,2.744,2.744,0.0
2017-01-17,2.743,2.743,2.743,2.743,0.0
2017-01-18,2.751,2.751,2.751,2.751,0.0
2017-01-19,2.76,2.76,2.76,2.76,0.0
2017-01-20,2.76,2.76,2.76,2.76,0.0
2017-01-23,2.759,2.759,2.759,2.759,0.0
2017-01-24,2.753,2.753,2.753,2.753,0.0
2017-01-25,2.744,2.744,2.744,2.744,0.0
2017-01-26,2.745,2.745,2.745,2.745,0.0
2017-01-27,2.732,2.732,2.732,2.732,0.0
2017-01-30,2.737,2.737,2.737,2.737,0.0
2017-01-31,2.734,2.734,2.734,2.734,0.0
2017-02-01,2.728,2.728,2.728,2.728,0.0
2017-02-02,2.731,2.731,2.731,2.731,0.0
2017-02-03,2.714,2.714,2.714,2.714,0.0
2017-02-06,2.71,2.71,2.71,2.71,0.0
2017-02-07,2.728,2.728,2.728,2.728,0.0
2017-02-08,2.718,2.718,2.718,2.718,0.0
2017-02-09,2.718,2.718,2.718,2.718,0.0
2017-02-10,2.698,2.698,2.698,2.698,0.0
2017-02-13,2.698,2.698,2.698,2.698,0.0
2017-02-14,2.69,2.69,2.69,2.69,0.0
2017-02-15,2.692,2.692,2.692,2.692,0.0
2017-02-16,2.706,2.706,2.706,2.706,0.0
2017-02-17,2.702,2.702,2.702,2.702,0.0
2017-02-21,2.686,2.686,2.686,2.686,0.0
2017-02-22,2.689,2.689,2.689,2.689,0.0
2017-02-23,2.692,2.692,2.692,2.692,0.0
2017-02-24,2.685,2.685,2.685,2.685,0.0
2017-02-27,2.683,2.683,2.683,2.683,0.0
2017-02-28,2.692,2.692,2.692,2.692,0.0
2017-03-01,2.709,2.709,2.709,2.709,0.0
2017-03-02,2.708,2.708,2.708,2.708,0.0
2017-03-03,2.716,2.716,2.716,2.716,0.0
2017-03-06,2.711,2.711,2.711,2.711,0.0
2017-03-07,2.708,2.708,2.708,2.708,0.0
2017-03-08,2.705,2.705,2.705,2.705,0.0
2017-03-09,2.699,2.699,2.699,2.699,0.0
2017-03-10,2.694,2.694,2.694,2.694,0.0
2017-03-13,2.688,2.688,2.688,2.688,8.0
2017-03-14,2.685,2.685,2.685,2.685,0.0
2017-03-15,2.679,2.679,2.679,2.679,8.0
2017-03-16,2.704,2.704,2.704,2.704,0.0
2017-03-17,2.705,2.705,2.705,2.705,0.0
2017-03-20,2.713,2.713,2.713,2.713,0.0
2017-03-21,2.715,2.715,2.715,2.715,0.0
2017-03-22,2.715,2.715,2.715,2.715,0.0
2017-03-23,2.723,2.723,2.723,2.723,4.0
2017-03-24,2.701,2.701,2.701,2.701,0.0
2017-03-27,2.697,2.697,2.697,2.697,0.0
2017-03-28,2.678,2.678,2.678,2.678,2.0
2017-03-29,2.699,2.699,2.699,2.699,0.0
2017-03-30,2.694,2.694,2.694,2.694,0.0
2017-03-31,2.686,2.686,2.686,2.686,0.0
2017-04-03,2.693,2.693,2.693,2.693,0.0
2017-04-04,2.688,2.688,2.688,2.688,0.0
2017-04-05,2.712,2.712,2.712,2.712,2.0
2017-04-06,2.694,2.694,2.694,2.694,0.0
2017-04-07,2.699,2.699,2.699,2.699,0.0
2017-04-10,2.699,2.699,2.699,2.699,0.0
2017-04-11,2.717,2.717,2.717,2.717,0.0
2017-04-12,2.72,2.72,2.72,2.72,0.0
2017-04-13,2.747,2.747,2.747,2.747,0.0
2017-04-17,2.745,2.745,2.745,2.745,0.0
2017-04-18,2.774,2.774,2.774,2.774,0.0
2017-04-19,2.783,2.783,2.783,2.783,0.0
2017-04-20,2.817,2.817,2.817,2.817,0.0
2017-04-21,2.794,2.794,2.794,2.794,0.0
2017-04-24,2.783,2.783,2.783,2.783,0.0
2017-04-25,2.788,2.788,2.788,2.788,0.0
2017-04-26,2.795,2.795,2.795,2.795,0.0
2017-04-27,2.783,2.783,2.783,2.783,0.0
2017-04-28,2.784,2.784,2.784,2.784,0.0
2017-05-01,2.752,2.752,2.752,2.752,0.0
2017-05-02,2.749,2.749,2.749,2.749,2.0
2017-05-03,2.763,2.763,2.763,2.763,0.0
2017-05-04,2.781,2.781,2.781,2.781,0.0
2017-05-05,2.782,2.782,2.782,2.782,0.0
2017-05-08,2.759,2.759,2.759,2.759,0.0
2017-05-09,2.757,2.757,2.757,2.757,0.0
2017-05-10,2.752,2.752,2.752,2.752,0.0
2017-05-11,2.75,2.75,2.75,2.75,0.0
2017-05-12,2.759,2.759,2.754,2.754,2.0
2017-05-15,2.742,2.742,2.742,2.742,0.0
2017-05-16,2.746,2.746,2.746,2.746,0.0
2017-05-17,2.762,2.762,2.762,2.762,0.0
2017-05-18,2.751,2.751,2.751,2.751,0.0
2017-05-19,2.749,2.749,2.749,2.749,0.0
2017-05-22,2.751,2.751,2.751,2.751,0.0
2017-05-23,2.748,2.748,2.748,2.748,0.0
2017-05-24,2.751,2.751,2.74,2.74,11.0
2017-05-25,2.739,2.739,2.739,2.739,0.0
2017-05-26,2.727,2.727,2.727,2.727,0.0
2017-05-30,2.726,2.726,2.726,2.726,0.0
2017-05-31,2.716,2.716,2.716,2.716,0.0
2017-06-01,2.708,2.708,2.708,2.708,0.0
2017-06-02,2.715,2.715,2.715,2.715,0.0
2017-06-05,2.71,2.71,2.71,2.71,0.0
2017-06-06,2.695,2.695,2.695,2.695,0.0
2017-06-07,2.694,2.694,2.694,2.694,0.0
2017-06-08,2.713,2.713,2.713,2.713,0.0
2017-06-09,2.714,2.714,2.714,2.714,0.0
2017-06-12,2.715,2.715,2.715,2.715,0.0
2017-06-13,2.72,2.72,2.72,2.72,0.0
2017-06-14,2.712,2.712,2.712,2.712,0.0
2017-06-15,2.734,2.734,2.734,2.734,0.0
2017-06-16,2.726,2.726,2.726,2.726,0.0
2017-06-19,2.723,2.723,2.723,2.723,0.0
2017-06-20,2.745,2.745,2.745,2.745,0.0
2017-06-21,2.753,2.753,2.753,2.753,0.0
2017-06-22,2.755,2.755,2.755,2.755,0.0
2017-06-23,2.751,2.751,2.751,2.751,0.0
2017-06-26,2.735,2.735,2.735,2.735,0.0
2017-06-27,2.728,2.728,2.728,2.728,0.0
2017-06-28,2.716,2.716,2.716,2.716,0.0
2017-06-29,2.721,2.721,2.721,2.721,0.0
2017-06-30,2.734,2.734,2.734,2.734,0.0
2017-07-03,2.727,2.727,2.727,2.727,0.0
2017-07-05,2.691,2.691,2.691,2.691,0.0
2017-07-06,2.676,2.676,2.676,2.676,0.0
2017-07-07,2.671,2.671,2.671,2.671,0.0
2017-07-10,2.681,2.681,2.681,2.681,0.0
2017-07-11,2.685,2.685,2.685,2.685,0.0
2017-07-12,2.673,2.673,2.673,2.673,0.0
2017-07-13,2.687,2.687,2.687,2.687,0.0
2017-07-14,2.691,2.691,2.691,2.691,0.0
2017-07-17,2.697,2.697,2.697,2.697,0.0
2017-07-18,2.711,2.711,2.711,2.711,0.0
2017-07-19,2.696,2.696,2.696,2.696,0.0
2017-07-20,2.685,2.685,2.685,2.685,0.0
2017-07-21,2.671,2.671,2.671,2.671,0.0
2017-07-24,2.623,2.623,2.623,2.623,30.0
2017-07-25,2.631,2.631,2.631,2.631,0.0
2017-07-26,2.621,2.621,2.621,2.621,0.0
2017-07-27,2.619,2.619,2.619,2.619,0.0
2017-07-28,2.636,2.636,2.636,2.636,0.0
2017-07-31,2.631,2.631,2.626,2.626,1.0
2017-08-01,2.642,2.642,2.642,2.642,0.0
2017-08-02,2.65,2.65,2.65,2.65,0.0
2017-08-03,2.664,2.664,2.664,2.664,0.0
2017-08-04,2.654,2.654,2.654,2.654,0.0
2017-08-07,2.653,2.653,2.653,2.653,0.0
2017-08-08,2.664,2.664,2.664,2.664,0.0
2017-08-09,2.658,2.658,2.658,2.658,0.0
2017-08-10,2.677,2.677,2.659,2.659,2.0
2017-08-11,2.66,2.66,2.66,2.66,0.0
2017-08-14,2.663,2.663,2.663,2.663,0.0
2017-08-15,2.653,2.653,2.653,2.653,0.0
2017-08-16,2.643,2.643,2.643,2.643,0.0
2017-08-17,2.649,2.649,2.649,2.649,0.0
2017-08-18,2.649,2.649,2.649,2.649,0.0
2017-08-21,2.642,2.642,2.642,2.642,0.0
2017-08-22,2.636,2.636,2.636,2.636,0.0
2017-08-23,2.636,2.636,2.636,2.636,0.0
2017-08-24,2.608,2.608,2.608,2.608,0.0
2017-08-25,2.595,2.595,2.595,2.595,0.0
2017-08-28,2.608,2.608,2.608,2.608,0.0
2017-08-29,2.607,2.607,2.607,2.607,0.0
2017-08-30,2.609,2.609,2.609,2.609,0.0
2017-08-31,2.622,2.622,2.622,2.622,0.0
2017-09-01,2.628,2.628,2.628,2.628,0.0
2017-09-05,2.624,2.624,2.624,2.624,0.0
2017-09-06,2.62,2.62,2.62,2.62,0.0
2017-09-07,2.648,2.648,2.648,2.648,0.0
2017-09-08,2.654,2.654,2.654,2.654,0.0
2017-09-11,2.665,2.665,2.665,2.665,0.0
2017-09-12,2.676,2.676,2.676,2.676,0.0
2017-09-13,2.663,2.663,2.663,2.663,0.0
2017-09-14,2.68,2.68,2.68,2.68,0.0
2017-09-15,2.69,2.69,2.69,2.69,0.0
2017-09-18,2.707,2.707,2.707,2.707,0.0
2017-09-19,2.693,2.693,2.693,2.693,0.0
2017-09-20,2.691,2.691,2.691,2.691,0.0
2017-09-21,2.683,2.683,2.683,2.683,0.0
2017-09-22,2.702,2.702,2.702,2.702,0.0
2017-09-25,2.683,2.683,2.683,2.683,0.0
2017-09-26,2.696,2.696,2.696,2.696,0.0
2017-09-27,2.713,2.715,2.707,2.707,18.0
2017-09-28,2.701,2.701,2.701,2.701,0.0
2017-09-29,2.693,2.693,2.693,2.693,0.0
2017-10-02,2.7,2.7,2.7,2.7,0.0
2017-10-03,2.709,2.709,2.709,2.709,0.0
2017-10-04,2.707,2.707,2.707,2.707,0.0
2017-10-05,2.707,2.707,2.707,2.707,0.0
2017-10-06,2.697,2.697,2.697,2.697,0.0
2017-10-09,2.707,2.707,2.707,2.707,0.0
2017-10-10,2.701,2.701,2.701,2.701,0.0
2017-10-11,2.696,2.696,2.696,2.696,0.0
2017-10-12,2.709,2.709,2.709,2.709,0.0
2017-10-13,2.71,2.71,2.71,2.71,0.0
2017-10-16,2.726,2.726,2.726,2.726,0.0
2017-10-17,2.724,2.724,2.724,2.724,0.0
2017-10-18,2.734,2.734,2.734,2.734,0.0
2017-10-19,2.742,2.742,2.742,2.742,0.0
2017-10-20,2.754,2.754,2.754,2.754,0.0
2017-10-23,2.746,2.746,2.746,2.746,0.0
2017-10-24,2.737,2.737,2.737,2.737,0.0
2017-10-25,2.737,2.737,2.735,2.735,2.0
2017-10-26,2.745,2.745,2.733,2.733,2.0
2017-10-27,2.723,2.723,2.723,2.723,0.0
2017-10-30,2.745,2.745,2.745,2.745,0.0
2017-10-31,2.74,2.74,2.74,2.74,0.0
2017-11-01,2.742,2.742,2.742,2.742,0.0
2017-11-02,2.734,2.734,2.734,2.734,0.0
2017-11-03,2.729,2.729,2.729,2.729,0.0
2017-11-06,2.732,2.732,2.732,2.732,0.0
2017-11-07,2.729,2.729,2.729,2.729,0.0
2017-11-08,2.729,2.729,2.729,2.729,0.0
2017-11-09,2.733,2.733,2.733,2.733,0.0
2017-11-10,2.729,2.729,2.729,2.729,0.0
2017-11-13,2.73,2.73,2.73,2.73,0.0
2017-11-14,2.731,2.731,2.731,2.731,0.0
2017-11-15,2.734,2.734,2.734,2.734,0.0
2017-11-16,2.742,2.742,2.742,2.742,0.0
2017-11-17,2.749,2.749,2.749,2.749,0.0
2017-11-20,2.744,2.744,2.744,2.744,0.0
2017-11-21,2.749,2.749,2.749,2.749,0.0
2017-11-22,2.736,2.736,2.736,2.736,0.0
2017-11-24,2.733,2.733,2.733,2.733,0.0
2017-11-27,2.735,2.735,2.735,2.735,0.0
2017-11-28,2.74,2.74,2.74,2.74,0.0
2017-11-29,2.751,2.751,2.751,2.751,0.0
2017-11-30,2.738,2.738,2.738,2.738,0.0
2017-12-01,2.726,2.726,2.726,2.726,0.0
2017-12-04,2.689,2.689,2.689,2.689,0.0
2017-12-05,2.699,2.699,2.699,2.699,0.0
2017-12-06,2.695,2.695,2.695,2.695,0.0
2017-12-07,2.686,2.686,2.686,2.686,0.0
2017-12-08,2.691,2.691,2.691,2.691,0.0
2017-12-11,2.69,2.69,2.69,2.69,0.0
2017-12-12,2.68,2.68,2.68,2.68,0.0
2017-12-13,2.694,2.694,2.694,2.694,0.0
2017-12-14,2.703,2.703,2.703,2.703,0.0
2017-12-15,2.7,2.7,2.7,2.7,0.0
2017-12-18,2.711,2.711,2.711,2.711,0.0
2017-12-19,2.705,2.705,2.705,2.705,0.0
2017-12-20,2.691,2.691,2.691,2.691,0.0
2017-12-21,2.705,2.705,2.705,2.705,0.0
2017-12-22,2.728,2.728,2.728,2.728,0.0
2017-12-26,2.732,2.732,2.732,2.732,0.0
2017-12-27,2.718,2.718,2.718,2.718,0.0
2017-12-28,2.715,2.715,2.715,2.715,0.0
2017-12-29,2.723,2.723,2.723,2.723,0.0
2018-01-02,2.716,2.716,2.716,2.716,0.0
2018-01-03,2.713,2.713,2.713,2.713,0.0
2018-01-04,2.701,2.701,2.701,2.701,0.0
2018-01-05,2.701,2.701,2.701,2.701,0.0
2018-01-08,2.711,2.711,2.711,2.711,0.0
2018-01-09,2.704,2.704,2.704,2.704,0.0
2018-01-10,2.719,2.719,2.719,2.719,0.0
2018-01-11,2.725,2.725,2.725,2.725,0.0
2018-01-12,2.723,2.723,2.723,2.723,0.0
2018-01-16,2.706,2.706,2.706,2.706,0.0
2018-01-17,2.704,2.704,2.704,2.704,0.0
2018-01-18,2.707,2.707,2.707,2.707,0.0
2018-01-19,2.711,2.711,2.711,2.711,0.0
2018-01-22,2.728,2.728,2.728,2.728,10.0
2018-01-23,2.738,2.738,2.738,2.738,0.0
2018-01-24,2.745,2.745,2.745,2.745,4.0
2018-01-25,2.743,2.743,2.743,2.743,0.0
2018-01-26,2.724,2.724,2.724,2.724,0.0
2018-01-29,2.729,2.729,2.729,2.729,0.0
2018-01-30,2.723,2.723,2.723,2.723,0.0
2018-01-31,2.712,2.712,2.712,2.712,0.0
2018-02-01,2.725,2.725,2.725,2.725,0.0
2018-02-02,2.733,2.733,2.733,2.733,0.0
2018-02-05,2.742,2.742,2.742,2.742,26.0
2018-02-06,2.744,2.744,2.744,2.744,0.0
2018-02-07,2.732,2.732,2.732,2.732,0.0
2018-02-08,2.727,2.727,2.727,2.727,0.0
2018-02-09,2.707,2.707,2.707,2.707,0.0
2018-02-12,2.692,2.692,2.692,2.692,0.0
2018-02-13,2.692,2.692,2.692,2.692,0.0
2018-02-14,2.695,2.695,2.695,2.695,0.0
2018-02-15,2.689,2.689,2.689,2.689,0.0
2018-02-16,2.696,2.696,2.696,2.696,0.0
2018-02-20,2.695,2.695,2.695,2.695,0.0
2018-02-21,2.714,2.714,2.714,2.714,0.0
2018-02-22,2.714,2.714,2.714,2.714,0.0
2018-02-23,2.708,2.708,2.708,2.708,0.0
2018-02-26,2.715,2.715,2.715,2.715,0.0
2018-02-27,2.705,2.705,2.705,2.705,0.0
2018-02-28,2.693,2.693,2.693,2.693,0.0
2018-03-01,2.697,2.697,2.697,2.697,0.0
2018-03-02,2.709,2.709,2.709,2.709,0.0
2018-03-05,2.723,2.723,2.723,2.723,0.0
2018-03-06,2.72,2.72,2.72,2.72,0.0
2018-03-07,2.71,2.71,2.71,2.71,5.0
2018-03-08,2.684,2.684,2.684,2.684,0.0
2018-03-09,2.663,2.663,2.663,2.663,0.0
2018-03-12,2.666,2.666,2.666,2.666,0.0
2018-03-13,2.666,2.666,2.666,2.666,0.0
2018-03-14,2.679,2.679,2.679,2.679,0.0
2018-03-15,2.697,2.697,2.697,2.697,0.0
2018-03-16,2.698,2.698,2.698,2.698,0.0
2018-03-19,2.685,2.685,2.685,2.685,0.0
2018-03-20,2.689,2.689,2.689,2.689,0.0
2018-03-21,2.677,2.677,2.677,2.677,0.0
2018-03-22,2.666,2.666,2.666,2.666,0.0
2018-03-23,2.66,2.66,2.66,2.66,0.0
2018-03-26,2.669,2.669,2.669,2.669,0.0
2018-03-27,2.69,2.69,2.69,2.69,0.0
2018-03-28,2.69,2.69,2.69,2.69,0.0
2018-03-29,2.711,2.711,2.711,2.711,0.0
2018-04-02,2.709,2.709,2.709,2.709,55.0
2018-04-03,2.702,2.702,2.702,2.702,1.0
2018-04-04,2.678,2.678,2.678,2.678,0.0
2018-04-05,2.686,2.686,2.686,2.686,0.0
2018-04-06,2.677,2.677,2.677,2.677,0.0
2018-04-09,2.673,2.673,2.673,2.673,0.0
2018-04-10,2.68,2.68,2.68,2.68,0.0
2018-04-11,2.688,2.688,2.688,2.688,0.0
2018-04-12,2.7,2.7,2.7,2.7,0.0
2018-04-13,2.694,2.694,2.694,2.694,0.0
2018-04-16,2.696,2.696,2.696,2.696,0.0
2018-04-17,2.692,2.692,2.692,2.692,0.0
2018-04-18,2.663,2.663,2.663,2.663,0.0
2018-04-19,2.628,2.628,2.628,2.628,100.0
2018-04-20,2.633,2.633,2.633,2.633,100.0
2018-04-23,2.625,2.625,2.625,2.625,0.0
2018-04-24,2.627,2.627,2.627,2.627,12.0
2018-04-25,2.619,2.619,2.619,2.619,0.0
2018-04-26,2.612,2.612,2.612,2.612,0.0
2018-04-27,2.605,2.605,2.605,2.605,0.0
2018-04-30,2.611,2.611,2.611,2.611,0.0
2018-05-01,2.606,2.606,2.606,2.606,0.0
2018-05-02,2.605,2.605,2.605,2.605,0.0
2018-05-03,2.605,2.605,2.605,2.605,0.0
2018-05-04,2.594,2.594,2.594,2.594,0.0
2018-05-07,2.592,2.592,2.592,2.592,0.0
2018-05-08,2.554,2.554,2.554,2.554,0.0
2018-05-09,2.548,2.548,2.548,2.548,2.0
2018-05-10,2.554,2.554,2.554,2.554,2.0
2018-05-11,2.546,2.557,2.546,2.557,5.0
2018-05-14,2.555,2.555,2.555,2.555,0.0
2018-05-15,2.543,2.543,2.543,2.543,10.0
2018-05-16,2.546,2.546,2.546,2.546,0.0
2018-05-17,2.555,2.555,2.555,2.555,0.0
2018-05-18,2.57,2.57,2.57,2.57,3.0
2018-05-21,2.576,2.576,2.576,2.576,0.0
2018-05-22,2.581,2.581,2.581,2.581,0.0
2018-05-23,2.576,2.576,2.576,2.576,0.0
2018-05-24,2.574,2.574,2.574,2.574,0.0
2018-05-25,2.565,2.565,2.554,2.554,8.0
2018-05-29,2.535,2.535,2.531,2.531,32.0
2018-05-30,2.537,2.537,2.537,2.537,0.0
2018-05-31,2.54,2.54,2.54,2.54,1.0
2018-06-01,2.54,2.54,2.54,2.54,0.0
2018-06-04,2.529,2.529,2.529,2.529,0.0
2018-06-05,2.529,2.529,2.529,2.529,0.0
2018-06-06,2.539,2.539,2.539,2.539,3.0
2018-06-07,2.589,2.589,2.525,2.525,3.0
2018-06-08,2.526,2.526,2.526,2.526,0.0
2018-06-11,2.521,2.521,2.521,2.521,0.0
2018-06-12,2.537,2.537,2.537,2.537,2.0
2018-06-13,2.544,2.544,2.544,2.544,0.0
2018-06-14,2.527,2.527,2.527,2.527,0.0
2018-06-15,2.52,2.52,2.52,2.52,0.0
2018-06-18,2.515,2.515,2.515,2.515,0.0
2018-06-19,2.516,2.516,2.51,2.51,1.0
2018-06-20,2.497,2.497,2.497,2.497,0.0
2018-06-21,2.503,2.503,2.503,2.503,0.0
2018-06-22,2.509,2.509,2.509,2.509,0.0
2018-06-25,2.506,2.506,2.506,2.506,0.0
2018-06-26,2.507,2.507,2.507,2.507,0.0
2018-06-27,2.512,2.512,2.512,2.512,0.0
2018-06-28,2.511,2.511,2.511,2.511,0.0
2018-06-29,2.513,2.513,2.513,2.513,0.0
2018-07-02,2.511,2.511,2.511,2.511,3.0
2018-07-03,2.5,2.5,2.5,2.5,0.0
2018-07-05,2.494,2.494,2.494,2.494,0.0
2018-07-06,2.496,2.496,2.496,2.496,0.0
2018-07-09,2.488,2.488,2.488,2.488,0.0
2018-07-10,2.477,2.477,2.477,2.477,0.0
2018-07-11,2.478,2.478,2.478,2.478,1.0
2018-07-12,2.475,2.475,2.475,2.475,0.0
2018-07-13,2.47,2.47,2.47,2.47,0.0
2018-07-16,2.47,2.47,2.455,2.455,2.0
2018-07-17,2.45,2.45,2.45,2.45,0.0
2018-07-18,2.475,2.475,2.443,2.443,5.0
2018-07-19,2.441,2.441,2.441,2.441,0.0
2018-07-20,2.442,2.442,2.442,2.442,0.0
2018-07-23,2.449,2.449,2.449,2.449,0.0
2018-07-24,2.46,2.46,2.454,2.454,1.0
2018-07-25,2.459,2.459,2.459,2.459,0.0
2018-07-26,2.45,2.45,2.45,2.45,0.0
2018-07-27,2.474,2.474,2.474,2.474,0.0
2018-07-30,2.495,2.495,2.473,2.473,1.0
2018-07-31,2.47,2.47,2.47,2.47,0.0
2018-08-01,2.44,2.44,2.44,2.44,0.0
2018-08-02,2.444,2.444,2.444,2.444,0.0
2018-08-03,2.455,2.455,2.449,2.449,2.0
2018-08-06,2.436,2.436,2.436,2.436,0.0
2018-08-07,2.443,2.443,2.443,2.443,0.0
2018-08-08,2.455,2.455,2.455,2.455,0.0
2018-08-09,2.465,2.465,2.465,2.465,0.0
2018-08-10,2.477,2.477,2.477,2.477,0.0
2018-08-13,2.486,2.486,2.486,2.486,0.0
2018-08-14,2.488,2.488,2.488,2.488,0.0
2018-08-15,2.481,2.481,2.481,2.481,0.0
2018-08-16,2.468,2.468,2.468,2.468,0.0
2018-08-17,2.488,2.488,2.47,2.47,1.0
2018-08-20,2.469,2.469,2.469,2.469,0.0
2018-08-21,2.463,2.463,2.463,2.463,1.0
2018-08-22,2.46,2.46,2.46,2.46,0.0
2018-08-23,2.461,2.461,2.461,2.461,0.0
2018-08-24,2.452,2.452,2.452,2.452,0.0
2018-08-27,2.423,2.423,2.423,2.423,0.0
2018-08-28,2.433,2.433,2.417,2.417,1.0
2018-08-29,2.424,2.424,2.424,2.424,0.0
2018-08-30,2.423,2.423,2.423,2.423,0.0
2018-08-31,2.44,2.442,2.44,2.442,1.0
2018-09-04,2.428,2.428,2.428,2.428,0.0
2018-09-05,2.424,2.424,2.424,2.424,0.0
2018-09-06,2.431,2.431,2.431,2.431,0.0
2018-09-07,2.438,2.438,2.438,2.438,0.0
2018-09-10,2.447,2.447,2.447,2.447,0.0
2018-09-11,2.451,2.451,2.451,2.451,0.0
2018-09-12,2.461,2.461,2.461,2.461,0.0
2018-09-13,2.47,2.47,2.47,2.47,0.0
2018-09-14,2.468,2.468,2.468,2.468,12.0
2018-09-17,2.474,2.474,2.474,2.474,0.0
2018-09-18,2.479,2.479,2.479,2.479,2.0
2018-09-19,2.479,2.479,2.463,2.463,2.0
2018-09-20,2.47,2.47,2.47,2.47,1.0
2018-09-21,2.468,2.468,2.468,2.468,0.0
2018-09-24,2.468,2.468,2.468,2.468,0.0
2018-09-25,2.465,2.465,2.465,2.465,25.0
2018-09-26,2.476,2.476,2.476,2.476,1.0
2018-09-27,2.472,2.472,2.472,2.472,1.0
2018-09-28,2.473,2.473,2.473,2.473,2.0
2018-10-01,2.473,2.473,2.473,2.473,6.0
2018-10-02,2.472,2.472,2.472,2.472,0.0
2018-10-03,2.474,2.474,2.467,2.467,3.0
2018-10-04,2.47,2.47,2.47,2.47,0.0
2018-10-05,2.475,2.475,2.465,2.465,3.0
2018-10-08,2.481,2.481,2.481,2.481,0.0
2018-10-09,2.485,2.485,2.485,2.485,0.0
2018-10-10,2.478,2.478,2.478,2.478,0.0
2018-10-11,2.496,2.496,2.496,2.496,0.0
2018-10-12,2.497,2.497,2.497,2.497,0.0
2018-10-15,2.497,2.497,2.497,2.497,0.0
2018-10-16,2.487,2.487,2.486,2.486,2.0
2018-10-17,2.481,2.481,2.481,2.481,6.0
2018-10-18,2.481,2.481,2.481,2.481,0.0
2018-10-19,2.479,2.479,2.479,2.479,0.0
2018-10-22,2.478,2.478,2.478,2.478,31.0
2018-10-23,2.48,2.48,2.48,2.48,0.0
2018-10-24,2.495,2.495,2.475,2.478,12.0
2018-10-25,2.478,2.478,2.472,2.472,5.0
2018-10-26,2.474,2.474,2.474,2.474,0.0
2018-10-29,2.479,2.479,2.479,2.479,0.0
2018-10-30,2.478,2.478,2.478,2.478,63.0
2018-10-31,2.484,2.484,2.484,2.484,0.0
2018-11-01,2.481,2.481,2.481,2.481,0.0
2018-11-02,2.491,2.491,2.491,2.491,0.0
2018-11-05,2.493,2.493,2.493,2.493,0.0
2018-11-06,2.501,2.508,2.501,2.508,1.0
2018-11-07,2.51,2.51,2.504,2.504,4.0
2018-11-08,2.511,2.511,2.511,2.511,36.0
2018-11-09,2.52,2.52,2.506,2.506,2.0
2018-11-12,2.527,2.527,2.527,2.527,0.0
2018-11-13,2.542,2.542,2.506,2.506,1.0
2018-11-14,2.49,2.49,2.49,2.49,0.0
2018-11-15,2.5,2.5,2.499,2.499,6.0
2018-11-16,2.504,2.504,2.495,2.495,8.0
2018-11-19,2.495,2.495,2.463,2.463,1.0
2018-11-20,2.458,2.458,2.458,2.458,0.0
2018-11-21,2.456,2.456,2.456,2.456,3.0
2018-11-23,2.481,2.481,2.481,2.481,0.0
2018-11-26,2.474,2.474,2.474,2.474,1.0
2018-11-27,2.47,2.47,2.47,2.47,1.0
2018-11-28,2.487,2.487,2.487,2.487,10.0
2018-11-29,2.503,2.503,2.503,2.503,10.0
2018-11-30,2.507,2.507,2.507,2.507,0.0
2018-12-03,2.496,2.496,2.496,2.496,0.0
2018-12-04,2.496,2.496,2.496,2.496,4.0
2018-12-05,2.49,2.49,2.49,2.49,0.0
2018-12-06,2.501,2.501,2.501,2.501,0.0
2018-12-07,2.5,2.5,2.5,2.5,2.0
2018-12-10,2.5,2.5,2.5,2.5,4.0
2018-12-11,2.473,2.473,2.473,2.473,0.0
2018-12-12,2.475,2.475,2.475,2.475,0.0
2018-12-13,2.469,2.469,2.469,2.469,0.0
2018-12-14,2.481,2.481,2.481,2.481,0.0
2018-12-17,2.485,2.485,2.485,2.485,0.0
2018-12-18,2.488,2.488,2.48,2.48,103.0
2018-12-19,2.48,2.482,2.477,2.477,61.0
2018-12-20,2.477,2.477,2.477,2.477,0.0
2018-12-21,2.477,2.477,2.477,2.477,0.0
2018-12-24,2.473,2.473,2.473,2.473,0.0
2018-12-26,2.472,2.472,2.472,2.472,0.0
2018-12-27,2.468,2.468,2.468,2.468,0.0
2018-12-28,2.46,2.46,2.458,2.458,2.0
2018-12-31,2.468,2.468,2.468,2.468,0.0
2019-01-02,2.458,2.458,2.458,2.458,4.0
2019-01-03,2.457,2.457,2.457,2.457,2.0
2019-01-04,2.479,2.479,2.479,2.479,0.0
2019-01-07,2.488,2.488,2.488,2.488,0.0
2019-01-08,2.493,2.493,2.491,2.491,115.0
2019-01-09,2.506,2.506,2.502,2.502,2.0
2019-01-10,2.526,2.526,2.511,2.511,1.0
2019-01-11,2.531,2.531,2.526,2.526,1.0
2019-01-14,2.536,2.536,2.527,2.527,1.0
2019-01-15,2.518,2.518,2.518,2.518,0.0
2019-01-16,2.487,2.487,2.487,2.487,0.0
2019-01-17,2.495,2.495,2.495,2.495,0.0
2019-01-18,2.504,2.504,2.504,2.504,0.0
2019-01-22,2.517,2.517,2.517,2.517,0.0
2019-01-23,2.506,2.506,2.506,2.506,0.0
2019-01-24,2.498,2.498,2.498,2.498,0.0
2019-01-25,2.503,2.503,2.503,2.503,0.0
2019-01-28,2.508,2.516,2.496,2.496,2.0
2019-01-29,2.495,2.495,2.495,2.495,0.0
2019-01-30,2.488,2.488,2.488,2.488,0.0
2019-01-31,2.465,2.465,2.465,2.465,0.0
2019-02-01,2.473,2.473,2.473,2.473,0.0
2019-02-04,2.473,2.473,2.463,2.463,18.0
2019-02-05,2.482,2.482,2.482,2.482,9.0
2019-02-06,2.482,2.482,2.482,2.482,0.0
2019-02-07,2.48,2.48,2.48,2.48,0.0
2019-02-08,2.495,2.495,2.49,2.49,4.0
2019-02-11,2.49,2.49,2.49,2.49,0.0
2019-02-12,2.499,2.499,2.499,2.499,2.0
2019-02-13,2.502,2.502,2.502,2.502,0.0
2019-02-14,2.51,2.51,2.51,2.51,7.0
2019-02-15,2.492,2.492,2.492,2.492,0.0
2019-02-19,2.503,2.503,2.503,2.503,0.0
2019-02-20,2.49,2.49,2.49,2.49,0.0
2019-02-21,2.485,2.485,2.485,2.485,0.0
2019-02-22,2.49,2.49,2.49,2.49,0.0
2019-02-25,2.489,2.489,2.489,2.489,0.0
2019-02-26,2.467,2.467,2.467,2.467,0.0
2019-02-27,2.481,2.481,2.481,2.481,0.0
2019-02-28,2.485,2.485,2.485,2.485,0.0
2019-03-01,2.482,2.482,2.482,2.482,0.0
2019-03-04,2.495,2.495,2.495,2.495,4.0
2019-03-05,2.495,2.495,2.495,2.495,0.0
2019-03-06,2.492,2.492,2.492,2.492,0.0
2019-03-07,2.498,2.498,2.498,2.498,0.0
2019-03-08,2.501,2.501,2.501,2.501,0.0
2019-03-11,2.511,2.511,2.511,2.511,0.0
2019-03-12,2.51,2.516,2.51,2.516,30.0
2019-03-13,2.515,2.515,2.515,2.515,0.0
2019-03-14,2.531,2.531,2.517,2.517,1.0
2019-03-15,2.511,2.511,2.511,2.511,0.0
2019-03-18,2.521,2.521,2.521,2.521,0.0
2019-03-19,2.518,2.524,2.518,2.524,6.0
2019-03-20,2.519,2.519,2.519,2.519,0.0
2019-03-21,2.528,2.528,2.528,2.528,0.0
2019-03-22,2.518,2.52,2.518,2.518,4.0
2019-03-25,2.518,2.518,2.517,2.517,1.0
2019-03-26,2.519,2.519,2.519,2.519,0.0
2019-03-27,2.511,2.511,2.511,2.511,39.0
2019-03-28,2.515,2.515,2.515,2.515,0.0
2019-03-29,2.515,2.515,2.515,2.515,0.0
2019-04-01,2.514,2.514,2.514,2.514,6.0
2019-04-02,2.524,2.524,2.524,2.524,3.0
2019-04-03,2.53,2.531,2.53,2.531,5.0
2019-04-04,2.529,2.529,2.529,2.529,0.0
2019-04-05,2.533,2.533,2.533,2.533,8.0
2019-04-08,2.537,2.537,2.537,2.537,0.0
2019-04-09,2.544,2.544,2.544,2.544,0.0
2019-04-10,2.56,2.56,2.542,2.542,2.0
2019-04-11,2.54,2.54,2.54,2.54,0.0
2019-04-12,2.542,2.542,2.54,2.54,36.0
2019-04-15,2.54,2.54,2.534,2.534,9.0
2019-04-16,2.54,2.54,2.538,2.538,1.0
2019-04-17,2.523,2.525,2.523,2.523,17.0
2019-04-18,2.513,2.513,2.508,2.508,1.0
2019-04-22,2.505,2.505,2.499,2.499,14.0
2019-04-23,2.495,2.495,2.495,2.495,0.0
2019-04-24,2.505,2.505,2.505,2.505,0.0
2019-04-25,2.52,2.52,2.52,2.52,0.0
2019-04-26,2.514,2.514,2.514,2.514,1.0
2019-04-29,2.551,2.576,2.525,2.525,9.0
2019-04-30,2.539,2.539,2.519,2.53,3.0
2019-05-01,2.54,2.54,2.532,2.532,13.0
2019-05-02,2.53,2.53,2.529,2.529,2.0
2019-05-03,2.499,2.499,2.499,2.499,0.0
2019-05-06,2.499,2.499,2.499,2.499,1.0
2019-05-07,2.512,2.512,2.504,2.504,1.0
2019-05-08,2.52,2.525,2.502,2.502,115.0
2019-05-09,2.505,2.505,2.505,2.505,1.0
2019-05-10,2.496,2.496,2.496,2.496,8.0
2019-05-13,2.5,2.5,2.499,2.499,1.0
2019-05-14,2.513,2.513,2.513,2.513,0.0
2019-05-15,2.532,2.532,2.516,2.516,202.0
2019-05-16,2.518,2.518,2.518,2.518,0.0
2019-05-17,2.522,2.522,2.522,2.522,0.0
2019-05-20,2.527,2.527,2.527,2.527,0.0
2019-05-21,2.527,2.527,2.527,2.527,0.0
2019-05-22,2.54,2.54,2.512,2.512,58.0
2019-05-23,2.524,2.524,2.524,2.524,0.0
2019-05-24,2.539,2.539,2.534,2.534,1.0
2019-05-28,2.538,2.565,2.536,2.537,25.0
2019-05-29,2.527,2.527,2.522,2.522,1.0
2019-05-30,2.522,2.522,2.515,2.52,7.0
2019-05-31,2.514,2.514,2.514,2.514,0.0
2019-06-03,2.502,2.502,2.502,2.502,1.0
2019-06-04,2.522,2.522,2.508,2.51,5.0
2019-06-05,2.504,2.504,2.504,2.504,0.0
2019-06-06,2.507,2.507,2.507,2.507,7.0
2019-06-07,2.512,2.512,2.508,2.508,8.0
2019-06-10,2.5,2.502,2.5,2.502,3.0
2019-06-11,2.519,2.519,2.502,2.502,1.0
2019-06-12,2.502,2.502,2.498,2.498,1.0
2019-06-13,2.498,2.509,2.49,2.499,6.0
2019-06-14,2.505,2.505,2.504,2.504,1.0
2019-06-17,2.507,2.507,2.507,2.507,0.0
2019-06-18,2.514,2.515,2.495,2.495,240.0
2019-06-19,2.495,2.5,2.484,2.485,19.0
2019-06-20,2.465,2.496,2.465,2.479,170.0
2019-06-21,2.475,2.494,2.475,2.494,11.0
2019-06-24,2.509,2.509,2.495,2.504,5.0
2019-06-25,2.5,2.5,2.485,2.486,32.0
2019-06-26,2.485,2.485,2.478,2.478,38.0
2019-06-27,2.468,2.472,2.465,2.472,23.0
2019-06-28,2.47,2.47,2.453,2.453,54.0
2019-07-01,2.449,2.449,2.433,2.433,5.0
2019-07-02,2.435,2.435,2.426,2.426,21.0
2019-07-03,2.443,2.443,2.42,2.424,7.0
2019-07-05,2.44,2.443,2.437,2.437,12.0
2019-07-08,2.434,2.434,2.434,2.434,0.0
2019-07-09,2.459,2.459,2.447,2.447,3.0
2019-07-10,2.463,2.463,2.457,2.457,14.0
2019-07-11,2.48,2.48,2.45,2.467,8.0
2019-07-12,2.489,2.489,2.468,2.468,15.0
2019-07-15,2.473,2.473,2.463,2.465,27.0
2019-07-16,2.451,2.451,2.438,2.438,71.0
2019-07-17,2.44,2.442,2.439,2.439,6.0
2019-07-18,2.449,2.449,2.428,2.434,3.0
2019-07-19,2.434,2.443,2.426,2.426,4.0
2019-07-22,2.43,2.43,2.43,2.43,0.0
2019-07-23,2.435,2.439,2.423,2.429,18.0
2019-07-24,2.42,2.424,2.42,2.422,43.0
2019-07-25,2.425,2.428,2.42,2.423,6.0
2019-07-26,2.4,2.417,2.395,2.416,15.0
2019-07-29,2.411,2.411,2.407,2.407,2.0
2019-07-30,2.408,2.41,2.408,2.41,78.0
2019-07-31,2.426,2.426,2.417,2.417,100.0
2019-08-01,2.417,2.431,2.417,2.426,182.0
2019-08-02,2.41,2.428,2.391,2.408,134.0
2019-08-05,2.412,2.415,2.397,2.397,21.0
2019-08-06,2.41,2.41,2.382,2.382,21.0
2019-08-07,2.37,2.37,2.37,2.37,0.0
2019-08-08,2.367,2.367,2.367,2.367,1.0
2019-08-09,2.36,2.37,2.355,2.358,15.0
2019-08-12,2.334,2.334,2.334,2.334,0.0
2019-08-13,2.344,2.344,2.337,2.337,2.0
2019-08-14,2.32,2.334,2.317,2.32,9.0
2019-08-15,2.32,2.32,2.32,2.32,12.0
2019-08-16,2.308,2.313,2.3,2.3,6.0
2019-08-19,2.283,2.315,2.283,2.306,5.0
2019-08-20,2.313,2.313,2.297,2.297,5.0
2019-08-21,2.298,2.298,2.298,2.298,19.0
2019-08-22,2.287,2.287,2.287,2.287,28.0
2019-08-23,2.292,2.309,2.288,2.293,15.0
2019-08-26,2.311,2.318,2.308,2.314,38.0
2019-08-27,2.313,2.332,2.311,2.318,29.0
2019-08-28,2.333,2.341,2.333,2.333,6.0
2019-08-29,2.344,2.35,2.344,2.35,3.0
2019-08-30,2.345,2.352,2.33,2.33,18.0
2019-09-03,2.347,2.347,2.346,2.346,47.0
2019-09-04,2.32,2.338,2.32,2.338,10.0
2019-09-05,2.35,2.35,2.348,2.348,17.0
2019-09-06,2.352,2.356,2.323,2.339,109.0
2019-09-09,2.339,2.34,2.323,2.327,99.0
2019-09-10,2.344,2.344,2.328,2.333,156.0
2019-09-11,2.338,2.34,2.332,2.337,23.0
2019-09-12,2.336,2.344,2.335,2.336,101.0
2019-09-13,2.349,2.355,2.313,2.319,35.0
2019-09-16,2.325,2.328,2.325,2.328,189.0
2019-09-17,2.329,2.333,2.316,2.322,31.0
2019-09-18,2.325,2.33,2.325,2.329,46.0
2019-09-19,2.329,2.356,2.316,2.326,56.0
2019-09-20,2.325,2.339,2.312,2.339,8.0
2019-09-23,2.34,2.341,2.331,2.334,19.0
2019-09-24,2.337,2.337,2.334,2.334,8.0
2019-09-25,2.332,2.339,2.332,2.333,142.0
2019-09-26,2.319,2.328,2.319,2.326,139.0
2019-09-27,2.327,2.331,2.315,2.315,12.0
2019-09-30,2.31,2.32,2.31,2.314,108.0
2019-10-01,2.316,2.321,2.316,2.321,26.0
2019-10-02,2.323,2.323,2.314,2.314,51.0
2019-10-03,2.31,2.318,2.297,2.318,8.0
2019-10-04,2.306,2.323,2.306,2.323,16.0
2019-10-07,2.31,2.326,2.31,2.321,13.0
2019-10-08,2.309,2.316,2.293,2.3,42.0
2019-10-09,2.288,2.296,2.279,2.291,50.0
2019-10-10,2.285,2.294,2.283,2.283,37.0
2019-10-11,2.295,2.295,2.283,2.284,99.0
2019-10-14,2.29,2.29,2.286,2.286,15.0
2019-10-15,2.293,2.302,2.293,2.299,986.0
2019-10-16,2.303,2.309,2.29,2.294,211.0
2019-10-17,2.306,2.306,2.296,2.296,374.0
2019-10-18,2.292,2.298,2.291,2.297,64.0
2019-10-21,2.29,2.293,2.288,2.292,143.0
2019-10-22,2.298,2.299,2.285,2.291,28.0
2019-10-23,2.292,2.293,2.285,2.288,50.0
2019-10-24,2.292,2.292,2.286,2.291,9.0
2019-10-25,2.289,2.293,2.283,2.283,29.0
2019-10-28,2.302,2.302,2.293,2.298,168.0
2019-10-29,2.315,2.328,2.287,2.319,189.0
2019-10-30,2.324,2.33,2.324,2.33,264.0
2019-10-31,2.328,2.329,2.315,2.329,117.0
2019-11-01,2.327,2.342,2.327,2.342,10.0
2019-11-04,2.346,2.354,2.339,2.351,34.0
2019-11-05,2.352,2.353,2.337,2.352,34.0
2019-11-06,2.352,2.352,2.331,2.337,130.0
2019-11-07,2.326,2.337,2.322,2.33,575.0
2019-11-08,2.324,2.335,2.324,2.335,107.0
2019-11-11,2.337,2.337,2.337,2.337,17.0
2019-11-12,2.329,2.333,2.324,2.333,53.0
2019-11-13,2.323,2.323,2.311,2.323,28.0
2019-11-14,2.33,2.345,2.33,2.338,99.0
2019-11-15,2.345,2.345,2.341,2.343,76.0
2019-11-18,2.327,2.344,2.327,2.339,13.0
2019-11-19,2.329,2.336,2.329,2.329,64.0
2019-11-20,2.324,2.33,2.324,2.329,774.0
2019-11-21,2.327,2.33,2.323,2.328,449.0
2019-11-22,2.329,2.334,2.329,2.334,114.0
2019-11-25,2.317,2.336,2.317,2.336,190.0
2019-11-26,2.334,2.334,2.319,2.33,176.0
2019-11-27,2.33,2.333,2.325,2.333,211.0
2019-11-29,2.333,2.333,2.28,2.28,49.0
2019-12-02,2.293,2.296,2.29,2.295,170.0
2019-12-03,2.298,2.305,2.297,2.305,285.0
2019-12-04,2.305,2.315,2.3,2.315,160.0
2019-12-05,2.321,2.334,2.321,2.33,432.0
2019-12-06,2.331,2.338,2.314,2.314,109.0
2019-12-09,2.3,2.32,2.292,2.32,1340.0
2019-12-10,2.314,2.337,2.314,2.337,102.0
2019-12-11,2.333,2.341,2.33,2.334,550.0
2019-12-12,2.334,2.341,2.328,2.339,426.0
2019-12-13,2.328,2.328,2.318,2.322,273.0
2019-12-16,2.332,2.332,2.32,2.321,295.0
2019-12-17,2.317,2.323,2.317,2.319,103.0
2019-12-18,2.313,2.315,2.294,2.298,516.0
2019-12-19,2.295,2.295,2.281,2.283,331.0
2019-12-20,2.3,2.3,2.286,2.291,53.0
2019-12-23,2.277,2.289,2.276,2.286,199.0
2019-12-24,2.289,2.291,2.28,2.28,28.0
2019-12-26,2.297,2.297,2.282,2.282,581.0
2019-12-27,2.28,2.282,2.271,2.282,348.0
2019-12-30,2.291,2.292,2.28,2.284,518.0
2019-12-31,2.284,2.295,2.283,2.293,975.0
2020-01-02,2.297,2.31,2.284,2.293,283.0
2020-01-03,2.295,2.304,2.29,2.304,325.0
2020-01-06,2.312,2.315,2.292,2.3,147.0
2020-01-07,2.295,2.302,2.285,2.301,923.0
2020-01-08,2.3,2.303,2.292,2.3,223.0
2020-01-09,2.3,2.307,2.291,2.306,1515.0
2020-01-10,2.304,2.308,2.299,2.305,563.0
2020-01-13,2.31,2.315,2.299,2.315,1307.0
2020-01-14,2.314,2.321,2.307,2.315,872.0
2020-01-15,2.32,2.32,2.3,2.304,419.0
2020-01-16,2.315,2.317,2.301,2.313,798.0
2020-01-17,2.314,2.319,2.292,2.292,205.0
2020-01-21,2.268,2.285,2.268,2.284,571.0
2020-01-22,2.287,2.307,2.272,2.281,507.0
2020-01-23,2.299,2.3,2.268,2.271,245.0
2020-01-24,2.268,2.273,2.241,2.246,792.0
2020-01-27,2.274,2.275,2.232,2.236,753.0
2020-01-28,2.242,2.249,2.24,2.247,1299.0
2020-01-29,2.254,2.257,2.236,2.239,78.0
2020-01-30,2.241,2.245,2.23,2.23,981.0
2020-01-31,2.224,2.236,2.223,2.23,1784.0
2020-02-03,2.237,2.247,2.211,2.217,31.0
2020-02-04,2.22,2.227,2.203,2.218,473.0
2020-02-05,2.204,2.214,2.198,2.207,1526.0
2020-02-06,2.203,2.221,2.197,2.21,828.0
2020-02-07,2.212,2.235,2.205,2.235,250.0
2020-02-10,2.22,2.225,2.213,2.225,405.0
2020-02-11,2.217,2.238,2.217,2.238,526.0
2020-02-12,2.242,2.248,2.239,2.245,742.0
2020-02-13,2.244,2.247,2.234,2.24,280.0
2020-02-14,2.238,2.238,2.229,2.231,591.0
2020-02-18,2.247,2.251,2.23,2.238,783.0
2020-02-19,2.234,2.24,2.23,2.23,635.0
2020-02-20,2.226,2.226,2.205,2.216,366.0
2020-02-21,2.199,2.215,2.198,2.205,354.0
2020-02-24,2.203,2.207,2.194,2.194,791.0
2020-02-25,2.198,2.216,2.198,2.211,368.0
2020-02-26,2.213,2.224,2.207,2.211,741.0
2020-02-27,2.192,2.2,2.163,2.196,1138.0
2020-02-28,2.151,2.185,2.141,2.163,1111.0
2020-03-02,2.19,2.19,2.175,2.187,1009.0
2020-03-03,2.191,2.205,2.174,2.187,2304.0
2020-03-04,2.184,2.198,2.181,2.192,502.0
2020-03-05,2.197,2.197,2.174,2.185,436.0
2020-03-06,2.173,2.178,2.153,2.153,572.0
2020-03-09,2.137,2.239,2.109,2.229,2604.0
2020-03-10,2.251,2.302,2.247,2.27,2011.0
2020-03-11,2.268,2.277,2.225,2.23,2360.0
2020-03-12,2.195,2.225,2.193,2.216,756.0
2020-03-13,2.234,2.242,2.199,2.218,598.0
2020-03-16,2.191,2.217,2.186,2.214,1627.0
2020-03-17,2.213,2.266,2.212,2.249,1608.0
2020-03-18,2.264,2.272,2.225,2.238,3251.0
2020-03-19,2.255,2.274,2.245,2.258,2226.0
2020-03-20,2.278,2.289,2.249,2.259,1204.0
2020-03-23,2.268,2.282,2.257,2.279,888.0
2020-03-24,2.308,2.334,2.306,2.315,952.0
2020-03-25,2.339,2.364,2.323,2.323,1409.0
2020-03-26,2.324,2.338,2.3,2.318,1289.0
2020-03-27,2.324,2.348,2.324,2.337,841.0
2020-03-30,2.332,2.374,2.326,2.371,1095.0
2020-03-31,2.376,2.386,2.367,2.367,1411.0
2020-04-01,2.37,2.39,2.37,2.379,1214.0
2020-04-02,2.378,2.39,2.357,2.387,888.0
2020-04-03,2.392,2.403,2.381,2.397,1955.0
2020-04-06,2.41,2.425,2.401,2.418,2825.0
2020-04-07,2.423,2.447,2.413,2.429,2439.0
2020-04-08,2.436,2.454,2.424,2.452,2331.0
2020-04-09,2.452,2.474,2.452,2.471,2644.0
2020-04-13,2.471,2.512,2.471,2.505,2709.0
2020-04-14,2.505,2.511,2.493,2.498,1314.0
2020-04-15,2.487,2.505,2.475,2.476,2159.0
2020-04-16,2.474,2.491,2.465,2.487,2234.0
2020-04-17,2.475,2.512,2.464,2.508,1347.0
2020-04-20,2.504,2.579,2.504,2.579,1956.0
2020-04-21,2.568,2.627,2.54,2.604,4278.0
2020-04-22,2.614,2.628,2.605,2.609,1618.0
2020-04-23,2.628,2.635,2.581,2.581,1551.0
2020-04-24,2.587,2.592,2.563,2.568,1012.0
2020-04-27,2.559,2.613,2.559,2.603,2219.0
2020-04-28,2.615,2.627,2.608,2.615,1497.0
2020-04-29,2.625,2.628,2.602,2.607,2085.0
2020-04-30,2.61,2.634,2.606,2.62,2036.0
2020-05-01,2.636,2.636,2.604,2.606,1360.0
2020-05-04,2.625,2.626,2.611,2.626,1889.0
2020-05-05,2.631,2.647,2.582,2.603,3238.0
2020-05-06,2.573,2.589,2.555,2.579,2055.0
2020-05-07,2.576,2.581,2.549,2.564,1789.0
2020-05-08,2.568,2.57,2.549,2.559,964.0
2020-05-11,2.557,2.578,2.552,2.566,1001.0
2020-05-12,2.565,2.577,2.533,2.542,1172.0
2020-05-13,2.526,2.551,2.518,2.519,2634.0
2020-05-14,2.53,2.572,2.523,2.54,2402.0
2020-05-15,2.562,2.57,2.525,2.535,905.0
2020-05-18,2.55,2.571,2.545,2.55,1459.0
2020-05-19,2.562,2.574,2.524,2.543,1136.0
2020-05-20,2.548,2.554,2.516,2.524,2085.0
2020-05-21,2.516,2.524,2.506,2.518,1918.0
2020-05-22,2.505,2.53,2.503,2.525,1026.0
2020-05-26,2.526,2.569,2.514,2.535,1204.0
2020-05-27,2.521,2.537,2.518,2.529,1303.0
2020-05-28,2.529,2.534,2.509,2.525,1662.0
2020-05-29,2.521,2.537,2.502,2.526,1460.0
2020-06-01,2.515,2.523,2.503,2.508,982.0
2020-06-02,2.527,2.542,2.507,2.526,1426.0
2020-06-03,2.531,2.539,2.513,2.521,1857.0
2020-06-04,2.514,2.524,2.492,2.502,2057.0
2020-06-05,2.494,2.506,2.471,2.488,2427.0
2020-06-08,2.467,2.496,2.467,2.492,2621.0
2020-06-09,2.494,2.501,2.485,2.5,2951.0
2020-06-10,2.467,2.527,2.467,2.525,2607.0
2020-06-11,2.524,2.547,2.514,2.546,2198.0
2020-06-12,2.56,2.56,2.517,2.523,673.0
2020-06-15,2.527,2.53,2.491,2.502,1256.0
2020-06-16,2.499,2.509,2.488,2.5,1622.0
2020-06-17,2.508,2.515,2.501,2.509,836.0
2020-06-18,2.505,2.514,2.499,2.514,793.0
2020-06-19,2.516,2.518,2.497,2.517,873.0
2020-06-22,2.523,2.529,2.486,2.496,1109.0
2020-06-23,2.485,2.487,2.467,2.475,949.0
2020-06-24,2.471,2.473,2.455,2.465,2199.0
2020-06-25,2.456,2.465,2.441,2.451,1923.0
2020-06-26,2.446,2.462,2.438,2.461,1969.0
2020-06-29,2.463,2.493,2.463,2.478,1567.0
2020-06-30,2.46,2.499,2.46,2.482,1734.0
2020-07-01,2.477,2.496,2.466,2.495,1542.0
2020-07-02,2.498,2.5,2.48,2.495,1543.0
2020-07-06,2.504,2.517,2.474,2.482,5170.0
2020-07-07,2.477,2.513,2.471,2.506,2586.0
2020-07-08,2.504,2.511,2.498,2.508,1584.0
2020-07-09,2.495,2.52,2.476,2.481,2775.0
2020-07-10,2.473,2.482,2.462,2.475,2575.0
2020-07-13,2.463,2.479,2.461,2.464,927.0
2020-07-14,2.47,2.488,2.466,2.475,2127.0
2020-07-15,2.478,2.491,2.466,2.48,1248.0
2020-07-16,2.484,2.498,2.478,2.488,1202.0
2020-07-17,2.491,2.506,2.472,2.49,1317.0
2020-07-20,2.486,2.486,2.441,2.47,2230.0
2020-07-21,2.476,2.48,2.455,2.469,856.0
2020-07-22,2.466,2.479,2.453,2.477,843.0
2020-07-23,2.473,2.499,2.462,2.49,1747.0
2020-07-24,2.485,2.511,2.473,2.511,1682.0
2020-07-27,2.511,2.524,2.5,2.524,1588.0
2020-07-28,2.529,2.575,2.528,2.575,2752.0
2020-07-29,2.573,2.617,2.572,2.615,4358.0
2020-07-30,2.606,2.625,2.574,2.579,2258.0
2020-07-31,2.591,2.599,2.564,2.572,1695.0
2020-08-03,2.591,2.637,2.58,2.623,4867.0
2020-08-04,2.621,2.639,2.597,2.637,6259.0
2020-08-05,2.63,2.651,2.621,2.645,3350.0
2020-08-06,2.651,2.671,2.635,2.654,2053.0
2020-08-07,2.648,2.679,2.642,2.674,5058.0
2020-08-10,2.663,2.683,2.641,2.653,1960.0
2020-08-11,2.654,2.688,2.654,2.674,2202.0
2020-08-12,2.661,2.671,2.646,2.669,854.0
2020-08-13,2.683,2.691,2.659,2.678,2473.0
2020-08-14,2.699,2.736,2.695,2.714,6038.0
2020-08-17,2.709,2.719,2.696,2.717,3333.0
2020-08-18,2.704,2.753,2.704,2.743,3338.0
2020-08-19,2.742,2.763,2.739,2.759,2004.0
2020-08-20,2.755,2.766,2.737,2.759,2423.0
2020-08-21,2.745,2.771,2.727,2.769,3006.0
2020-08-24,2.757,2.785,2.755,2.76,2168.0
2020-08-25,2.754,2.77,2.75,2.762,3072.0
2020-08-26,2.763,2.779,2.73,2.744,2914.0
2020-08-27,2.732,2.785,2.728,2.778,5490.0
2020-08-28,2.78,2.801,2.754,2.786,4180.0
2020-08-31,2.775,2.809,2.75,2.794,4203.0
2020-09-01,2.811,2.814,2.78,2.8,3176.0
2020-09-02,2.797,2.834,2.773,2.817,8418.0
2020-09-03,2.814,2.829,2.804,2.825,2615.0
2020-09-04,2.826,2.846,2.816,2.83,3298.0
2020-09-08,2.815,2.856,2.808,2.839,4355.0
2020-09-09,2.829,2.851,2.812,2.844,4385.0
2020-09-10,2.846,2.848,2.825,2.825,2700.0
2020-09-11,2.826,2.844,2.817,2.817,2280.0
2020-09-14,2.829,2.85,2.804,2.824,3644.0
2020-09-15,2.815,2.834,2.798,2.834,1946.0
2020-09-16,2.841,2.845,2.803,2.808,2943.0
2020-09-17,2.802,2.812,2.757,2.787,5101.0
2020-09-18,2.767,2.805,2.758,2.798,3963.0
2020-09-21,2.789,2.803,2.771,2.794,5943.0
2020-09-22,2.788,2.791,2.754,2.775,5018.0
2020-09-23,2.754,2.81,2.741,2.807,7373.0
2020-09-24,2.808,2.832,2.795,2.832,6695.0
2020-09-25,2.828,2.833,2.792,2.801,5802.0
2020-09-28,2.8,2.83,2.785,2.828,4729.0
2020-09-29,2.818,2.82,2.752,2.776,5769.0
2020-09-30,2.756,2.79,2.742,2.774,3393.0
2020-10-01,2.773,2.793,2.72,2.748,4286.0
2020-10-02,2.724,2.731,2.684,2.718,7066.0
2020-10-05,2.71,2.797,2.709,2.78,6603.0
2020-10-06,2.768,2.797,2.752,2.754,5503.0
2020-10-07,2.749,2.799,2.749,2.779,5146.0
2020-10-08,2.771,2.804,2.753,2.804,5847.0
2020-10-09,2.803,2.836,2.8,2.833,4135.0
2020-10-12,2.851,2.872,2.845,2.869,6342.0
2020-10-13,2.864,2.886,2.855,2.884,4268.0
2020-10-14,2.863,2.895,2.854,2.883,4703.0
2020-10-15,2.885,2.923,2.881,2.918,2518.0
2020-10-16,2.917,2.937,2.908,2.933,6245.0
2020-10-19,2.906,2.962,2.906,2.947,5017.0
2020-10-20,2.949,2.98,2.94,2.956,6689.0
2020-10-21,2.95,2.988,2.95,2.98,5314.0
2020-10-22,2.99,2.992,2.932,2.945,3703.0
2020-10-23,2.935,2.95,2.894,2.924,4691.0
2020-10-26,2.926,2.954,2.907,2.947,3848.0
2020-10-27,2.945,2.972,2.919,2.962,7003.0
2020-10-28,2.961,2.967,2.943,2.96,3183.0
2020-10-29,2.949,2.972,2.9,2.958,6906.0
2020-10-30,2.961,3.028,2.953,3.006,5649.0
2020-11-02,3.021,3.043,2.972,3.001,5988.0
2020-11-03,2.985,2.986,2.909,2.921,8694.0
2020-11-04,2.924,2.933,2.89,2.908,5127.0
2020-11-05,2.91,2.957,2.852,2.866,6313.0
2020-11-06,2.869,2.885,2.813,2.834,6312.0
2020-11-09,2.802,2.857,2.792,2.821,9285.0
2020-11-10,2.833,2.879,2.819,2.864,5693.0
2020-11-11,2.873,2.919,2.856,2.91,7856.0
2020-11-12,2.906,2.92,2.867,2.886,11085.0
2020-11-13,2.884,2.937,2.876,2.895,8423.0
2020-11-16,2.85,2.851,2.745,2.768,12274.0
2020-11-17,2.762,2.788,2.727,2.74,6658.0
2020-11-18,2.728,2.777,2.722,2.728,7348.0
2020-11-19,2.743,2.747,2.591,2.645,21067.0
2020-11-20,2.628,2.682,2.625,2.652,12004.0
2020-11-23,2.664,2.678,2.639,2.671,6697.0
2020-11-24,2.665,2.721,2.665,2.717,8884.0
2020-11-25,2.716,2.767,2.696,2.754,12810.0
2020-11-27,2.72,2.759,2.704,2.719,6754.0
2020-11-30,2.704,2.808,2.703,2.736,14445.0
2020-12-01,2.771,2.792,2.719,2.748,14310.0
2020-12-02,2.741,2.772,2.663,2.701,13582.0
2020-12-03,2.677,2.677,2.452,2.499,41130.0
2020-12-04,2.496,2.58,2.477,2.563,15608.0
2020-12-07,2.473,2.504,2.433,2.473,23393.0
2020-12-08,2.482,2.541,2.465,2.501,10955.0
2020-12-09,2.542,2.589,2.521,2.538,13420.0
2020-12-10,2.534,2.676,2.499,2.641,23068.0
2020-12-11,2.644,2.686,2.614,2.658,13995.0
2020-12-14,2.701,2.74,2.667,2.716,18059.0
2020-12-15,2.713,2.73,2.67,2.728,10436.0
2020-12-16,2.726,2.756,2.692,2.751,13288.0
2020-12-17,2.766,2.773,2.679,2.696,14126.0
2020-12-18,2.71,2.74,2.702,2.725,10160.0
2020-12-21,2.738,2.752,2.691,2.747,5869.0
2020-12-22,2.751,2.804,2.738,2.781,7620.0
2020-12-23,2.781,2.799,2.63,2.654,12986.0
2020-12-24,2.646,2.659,2.579,2.587,7526.0
2020-12-28,2.478,2.572,2.411,2.448,19407.0
2020-12-29,2.462,2.553,2.433,2.529,20645.0
2020-12-30,2.535,2.563,2.503,2.529,9969.0
2020-12-31,2.545,2.624,2.545,2.611,17012.0
2021-01-04,2.666,2.721,2.661,2.668,14062.0
2021-01-05,2.683,2.765,2.682,2.76,21836.0
2021-01-06,2.736,2.804,2.69,2.764,15992.0
2021-01-07,2.76,2.793,2.719,2.769,14026.0
2021-01-08,2.733,2.759,2.701,2.733,17710.0
2021-01-11,2.677,2.808,2.659,2.775,13224.0
2021-01-12,2.811,2.868,2.747,2.772,22262.0
2021-01-13,2.773,2.826,2.756,2.77,17763.0
2021-01-14,2.78,2.824,2.721,2.727,19100.0
2021-01-15,2.735,2.828,2.713,2.787,18516.0
2021-01-19,2.727,2.754,2.648,2.661,17623.0
2021-01-20,2.659,2.681,2.602,2.672,16880.0
2021-01-21,2.66,2.674,2.612,2.647,10904.0
2021-01-22,2.651,2.654,2.593,2.623,15450.0
2021-01-25,2.681,2.737,2.657,2.728,15192.0
2021-01-26,2.727,2.773,2.715,2.76,13212.0
2021-01-27,2.757,2.832,2.748,2.806,17591.0
2021-01-28,2.774,2.801,2.719,2.758,22771.0
2021-01-29,2.774,2.796,2.675,2.683,22891.0
2021-02-01,2.802,2.893,2.8,2.882,38290.0
2021-02-02,2.867,2.975,2.85,2.884,48417.0
2021-02-03,2.857,2.896,2.817,2.843,22808.0
2021-02-04,2.825,2.957,2.808,2.942,26707.0
2021-02-05,2.948,3.011,2.892,2.913,43634.0
2021-02-08,2.941,3.0,2.9,2.941,28324.0
2021-02-09,2.933,2.966,2.859,2.912,28233.0
2021-02-10,2.905,2.978,2.842,2.954,37512.0
2021-02-11,2.98,3.011,2.882,2.91,36752.0
2021-02-12,2.91,2.981,2.881,2.945,28104.0
2021-02-16,3.024,3.064,2.963,3.03,61507.0
2021-02-17,3.012,3.082,2.991,3.073,45254.0
2021-02-18,3.082,3.084,2.979,3.013,43402.0
2021-02-19,2.982,3.066,2.956,3.038,24144.0
2021-02-22,3.011,3.027,2.935,3.007,35652.0
2021-02-23,2.995,3.001,2.923,2.933,26510.0
2021-02-24,2.937,2.937,2.869,2.871,30496.0
2021-02-25,2.886,2.926,2.847,2.86,33998.0
2021-02-26,2.853,2.871,2.789,2.862,46727.0
2021-03-01,2.893,2.893,2.823,2.872,17219.0
2021-03-02,2.88,2.936,2.852,2.924,19621.0
2021-03-03,2.93,2.958,2.883,2.895,16497.0
2021-03-04,2.884,2.901,2.78,2.829,28069.0
2021-03-05,2.824,2.836,2.774,2.793,33783.0
2021-03-08,2.775,2.82,2.721,2.755,35104.0
2021-03-09,2.753,2.778,2.716,2.752,32765.0
2021-03-10,2.748,2.799,2.71,2.785,26596.0
2021-03-11,2.786,2.807,2.736,2.76,26156.0
2021-03-12,2.76,2.782,2.678,2.695,36069.0
2021-03-15,2.656,2.663,2.58,2.586,47504.0
2021-03-16,2.593,2.656,2.586,2.654,25555.0
2021-03-17,2.655,2.656,2.587,2.613,31613.0
2021-03-18,2.606,2.612,2.521,2.57,32983.0
2021-03-19,2.579,2.64,2.551,2.624,23348.0
2021-03-22,2.606,2.682,2.575,2.674,27259.0
2021-03-23,2.67,2.671,2.611,2.615,29139.0
2021-03-24,2.619,2.651,2.604,2.63,25966.0
2021-03-25,2.625,2.686,2.589,2.676,26593.0
2021-03-26,2.676,2.7,2.665,2.679,18768.0
2021-03-29,2.694,2.711,2.647,2.708,31237.0
2021-03-30,2.701,2.738,2.659,2.681,27457.0
2021-03-31,2.676,2.712,2.637,2.667,34711.0
2021-04-01,2.666,2.718,2.64,2.697,40745.0
2021-04-05,2.655,2.674,2.558,2.582,53471.0
2021-04-06,2.589,2.637,2.534,2.536,42328.0
2021-04-07,2.543,2.62,2.54,2.597,46259.0
2021-04-08,2.591,2.616,2.563,2.607,58607.0
2021-04-09,2.604,2.63,2.588,2.605,54807.0
2021-04-12,2.617,2.676,2.611,2.643,66801.0
2021-04-13,2.636,2.713,2.614,2.696,68908.0
2021-04-14,2.695,2.737,2.682,2.693,66240.0
2021-04-15,2.693,2.747,2.659,2.73,63900.0
2021-04-16,2.734,2.765,2.729,2.754,60946.0
2021-04-19,2.773,2.821,2.765,2.818,72518.0
2021-04-20,2.811,2.83,2.793,2.803,69147.0
2021-04-21,2.801,2.803,2.746,2.776,74827.0
2021-04-22,2.778,2.86,2.735,2.831,126411.0
2021-04-23,2.833,2.845,2.804,2.818,71594.0
2021-04-26,2.788,2.884,2.774,2.874,101667.0
2021-04-27,2.873,2.948,2.864,2.942,131138.0
2021-04-28,2.939,2.988,2.93,2.96,131127.0
2021-04-29,2.951,2.971,2.883,2.911,123113.0
2021-04-30,2.906,2.962,2.891,2.931,101566.0
2021-05-03,2.938,2.975,2.9,2.966,101038.0
2021-05-04,2.961,3.001,2.932,2.967,102051.0
2021-05-05,2.975,2.991,2.913,2.938,90213.0
2021-05-06,2.948,2.971,2.908,2.928,83813.0
2021-05-07,2.93,2.989,2.905,2.958,102868.0
2021-05-10,2.97,2.971,2.898,2.932,92283.0
2021-05-11,2.927,2.97,2.881,2.955,107218.0
2021-05-12,2.953,2.988,2.926,2.969,90583.0
2021-05-13,2.983,2.998,2.937,2.973,96118.0
2021-05-14,2.977,3.016,2.945,2.961,84204.0
2021-05-17,3.019,3.15,3.019,3.109,169013.0
2021-05-18,3.121,3.135,3.003,3.012,129179.0
2021-05-19,3.009,3.015,2.94,2.964,100252.0
2021-05-20,2.962,2.985,2.907,2.925,85088.0
2021-05-21,2.948,2.983,2.894,2.906,58274.0
2021-05-24,2.85,2.894,2.832,2.886,43513.0
2021-05-25,2.886,2.94,2.873,2.913,38344.0
2021-05-26,2.946,3.028,2.925,2.984,5090.0
