DATETIME,OPEN,HIGH,LOW,FINAL,VOLUME
2016-10-28,3.832,3.832,3.832,3.832,0.0
2016-10-31,3.825,3.825,3.825,3.825,0.0
2016-11-01,3.831,3.831,3.831,3.831,0.0
2016-11-02,3.811,3.811,3.811,3.811,0.0
2016-11-03,3.837,3.837,3.837,3.837,0.0
2016-11-04,3.835,3.835,3.835,3.835,0.0
2016-11-07,3.85,3.85,3.85,3.85,0.0
2016-11-08,3.874,3.874,3.874,3.874,0.0
2016-11-09,3.854,3.854,3.854,3.854,0.0
2016-11-10,3.864,3.864,3.864,3.864,0.0
2016-11-11,3.839,3.839,3.839,3.839,0.0
2016-11-14,3.809,3.809,3.809,3.809,0.0
2016-11-15,3.769,3.769,3.769,3.769,0.0
2016-11-16,3.774,3.774,3.774,3.774,0.0
2016-11-17,3.789,3.789,3.789,3.789,0.0
2016-11-18,3.745,3.745,3.745,3.745,0.0
2016-11-21,3.721,3.721,3.721,3.721,0.0
2016-11-22,3.693,3.693,3.693,3.693,0.0
2016-11-23,3.661,3.661,3.661,3.661,0.0
2016-11-25,3.66,3.66,3.66,3.66,0.0
2016-11-28,3.603,3.603,3.603,3.603,0.0
2016-11-29,3.555,3.555,3.555,3.555,0.0
2016-11-30,3.501,3.501,3.501,3.501,0.0
2016-12-01,3.547,3.547,3.547,3.547,0.0
2016-12-02,3.537,3.537,3.537,3.537,0.0
2016-12-05,3.532,3.532,3.532,3.532,0.0
2016-12-06,3.53,3.53,3.53,3.53,0.0
2016-12-07,3.55,3.55,3.55,3.55,0.0
2016-12-08,3.584,3.584,3.584,3.584,0.0
2016-12-09,3.51,3.51,3.51,3.51,0.0
2016-12-12,3.498,3.498,3.498,3.498,0.0
2016-12-13,3.474,3.474,3.474,3.474,0.0
2016-12-14,3.426,3.426,3.426,3.426,0.0
2016-12-15,3.439,3.439,3.439,3.439,0.0
2016-12-16,3.463,3.463,3.463,3.463,0.0
2016-12-19,3.471,3.471,3.471,3.471,0.0
2016-12-20,3.443,3.443,3.443,3.443,0.0
2016-12-21,3.442,3.442,3.442,3.442,0.0
2016-12-22,3.405,3.405,3.405,3.405,0.0
2016-12-23,3.4,3.4,3.4,3.4,0.0
2016-12-27,3.418,3.418,3.418,3.418,0.0
2016-12-28,3.428,3.428,3.428,3.428,0.0
2016-12-29,3.438,3.438,3.438,3.438,0.0
2016-12-30,3.441,3.441,3.441,3.441,0.0
2017-01-03,3.43,3.43,3.43,3.43,0.0
2017-01-04,3.428,3.428,3.428,3.428,0.0
2017-01-05,3.44,3.44,3.44,3.44,0.0
2017-01-06,3.399,3.399,3.399,3.399,0.0
2017-01-09,3.375,3.375,3.375,3.375,0.0
2017-01-10,3.378,3.378,3.378,3.378,0.0
2017-01-11,3.322,3.322,3.322,3.322,0.0
2017-01-12,3.287,3.287,3.287,3.287,0.0
2017-01-13,3.217,3.217,3.217,3.217,0.0
2017-01-17,3.219,3.219,3.219,3.219,0.0
2017-01-18,3.209,3.209,3.209,3.209,0.0
2017-01-19,3.151,3.151,3.151,3.151,0.0
2017-01-20,3.158,3.158,3.158,3.158,0.0
2017-01-23,3.161,3.161,3.161,3.161,0.0
2017-01-24,3.151,3.151,3.151,3.151,0.0
2017-01-25,3.137,3.137,3.137,3.137,0.0
2017-01-26,3.119,3.119,3.119,3.119,0.0
2017-01-27,3.106,3.106,3.106,3.106,0.0
2017-01-30,3.118,3.118,3.118,3.118,0.0
2017-01-31,3.12,3.12,3.12,3.12,0.0
2017-02-01,3.105,3.105,3.105,3.105,0.0
2017-02-02,3.108,3.108,3.108,3.108,0.0
2017-02-03,3.091,3.091,3.091,3.091,0.0
2017-02-06,3.081,3.081,3.081,3.081,0.0
2017-02-07,3.097,3.097,3.097,3.097,0.0
2017-02-08,3.103,3.103,3.103,3.103,0.0
2017-02-09,3.096,3.096,3.096,3.096,0.0
2017-02-10,3.076,3.076,3.076,3.076,0.0
2017-02-13,3.046,3.046,3.046,3.046,0.0
2017-02-14,3.036,3.036,3.036,3.036,0.0
2017-02-15,3.038,3.038,3.038,3.038,0.0
2017-02-16,3.052,3.052,3.052,3.052,0.0
2017-02-17,3.053,3.053,3.053,3.053,0.0
2017-02-21,3.046,3.046,3.046,3.046,0.0
2017-02-22,3.048,3.048,3.048,3.048,0.0
2017-02-23,3.049,3.049,3.049,3.049,0.0
2017-02-24,3.021,3.021,3.021,3.021,0.0
2017-02-27,3.022,3.022,3.022,3.022,0.0
2017-02-28,3.018,3.018,3.018,3.018,0.0
2017-03-01,3.03,3.03,3.03,3.03,0.0
2017-03-02,3.025,3.025,3.025,3.025,0.0
2017-03-03,3.038,3.038,3.038,3.038,0.0
2017-03-06,3.06,3.06,3.06,3.06,0.0
2017-03-07,3.04,3.04,3.04,3.04,0.0
2017-03-08,3.033,3.033,3.033,3.033,0.0
2017-03-09,3.026,3.026,3.026,3.026,0.0
2017-03-10,3.013,3.013,3.013,3.013,0.0
2017-03-13,3.018,3.018,3.018,3.018,0.0
2017-03-14,3.023,3.023,3.023,3.023,0.0
2017-03-15,3.043,3.043,3.043,3.043,0.0
2017-03-16,3.064,3.064,3.064,3.064,0.0
2017-03-17,3.069,3.069,3.069,3.069,0.0
2017-03-20,3.072,3.072,3.072,3.072,0.0
2017-03-21,3.085,3.085,3.085,3.085,0.0
2017-03-22,3.087,3.087,3.087,3.087,0.0
2017-03-23,3.082,3.082,3.082,3.082,0.0
2017-03-24,3.05,3.05,3.05,3.05,0.0
2017-03-27,3.04,3.04,3.04,3.04,0.0
2017-03-28,3.031,3.031,3.031,3.031,0.0
2017-03-29,3.039,3.039,3.039,3.039,0.0
2017-03-30,3.042,3.042,3.042,3.042,0.0
2017-03-31,3.043,3.043,3.043,3.043,0.0
2017-04-03,3.05,3.05,3.05,3.05,0.0
2017-04-04,3.063,3.063,3.063,3.063,0.0
2017-04-05,3.082,3.082,3.082,3.082,0.0
2017-04-06,3.067,3.067,3.067,3.067,0.0
2017-04-07,3.081,3.081,3.081,3.081,0.0
2017-04-10,3.09,3.09,3.09,3.09,0.0
2017-04-11,3.121,3.121,3.121,3.121,0.0
2017-04-12,3.122,3.122,3.122,3.122,0.0
2017-04-13,3.14,3.14,3.14,3.14,0.0
2017-04-17,3.129,3.129,3.129,3.129,0.0
2017-04-18,3.159,3.159,3.159,3.159,0.0
2017-04-19,3.17,3.17,3.17,3.17,0.0
2017-04-20,3.204,3.204,3.204,3.204,0.0
2017-04-21,3.205,3.205,3.205,3.205,0.0
2017-04-24,3.164,3.164,3.164,3.164,0.0
2017-04-25,3.164,3.164,3.164,3.164,0.0
2017-04-26,3.155,3.155,3.155,3.155,0.0
2017-04-27,3.146,3.146,3.146,3.146,0.0
2017-04-28,3.162,3.162,3.162,3.162,0.0
2017-05-01,3.137,3.137,3.137,3.137,0.0
2017-05-02,3.138,3.138,3.138,3.138,0.0
2017-05-03,3.157,3.157,3.157,3.157,0.0
2017-05-04,3.2,3.2,3.2,3.2,0.0
2017-05-05,3.2,3.2,3.2,3.2,0.0
2017-05-08,3.191,3.191,3.191,3.191,0.0
2017-05-09,3.194,3.194,3.194,3.194,0.0
2017-05-10,3.195,3.195,3.195,3.195,0.0
2017-05-11,3.229,3.229,3.229,3.229,0.0
2017-05-12,3.233,3.233,3.233,3.233,0.0
2017-05-15,3.228,3.228,3.228,3.228,0.0
2017-05-16,3.245,3.245,3.245,3.245,0.0
2017-05-17,3.241,3.241,3.241,3.241,0.0
2017-05-18,3.228,3.228,3.228,3.228,0.0
2017-05-19,3.218,3.218,3.218,3.218,0.0
2017-05-22,3.22,3.22,3.22,3.22,0.0
2017-05-23,3.289,3.289,3.289,3.289,0.0
2017-05-24,3.291,3.291,3.291,3.291,0.0
2017-05-25,3.274,3.274,3.274,3.274,0.0
2017-05-26,3.259,3.259,3.259,3.259,0.0
2017-05-30,3.232,3.232,3.232,3.232,0.0
2017-05-31,3.228,3.228,3.228,3.228,0.0
2017-06-01,3.23,3.23,3.23,3.23,0.0
2017-06-02,3.22,3.22,3.22,3.22,0.0
2017-06-05,3.19,3.19,3.19,3.19,0.0
2017-06-06,3.132,3.132,3.132,3.132,0.0
2017-06-07,3.143,3.143,3.143,3.143,0.0
2017-06-08,3.161,3.161,3.161,3.161,0.0
2017-06-09,3.158,3.158,3.158,3.158,0.0
2017-06-12,3.16,3.16,3.16,3.16,0.0
2017-06-13,3.16,3.16,3.16,3.16,0.0
2017-06-14,3.149,3.149,3.149,3.149,0.0
2017-06-15,3.177,3.177,3.177,3.177,0.0
2017-06-16,3.166,3.166,3.166,3.166,0.0
2017-06-19,3.189,3.189,3.189,3.189,0.0
2017-06-20,3.227,3.227,3.227,3.227,0.0
2017-06-21,3.243,3.243,3.243,3.243,0.0
2017-06-22,3.237,3.237,3.237,3.237,0.0
2017-06-23,3.234,3.234,3.234,3.234,0.0
2017-06-26,3.209,3.209,3.209,3.209,0.0
2017-06-27,3.209,3.209,3.209,3.209,0.0
2017-06-28,3.199,3.199,3.199,3.199,0.0
2017-06-29,3.199,3.199,3.199,3.199,0.0
2017-06-30,3.212,3.212,3.212,3.212,0.0
2017-07-03,3.213,3.213,3.213,3.213,0.0
2017-07-05,3.19,3.19,3.19,3.19,0.0
2017-07-06,3.149,3.149,3.149,3.149,0.0
2017-07-07,3.144,3.144,3.144,3.144,0.0
2017-07-10,3.131,3.131,3.131,3.131,0.0
2017-07-11,3.128,3.128,3.128,3.128,0.0
2017-07-12,3.114,3.114,3.114,3.114,0.0
2017-07-13,3.127,3.127,3.127,3.127,0.0
2017-07-14,3.13,3.13,3.13,3.13,0.0
2017-07-17,3.123,3.123,3.123,3.123,0.0
2017-07-18,3.128,3.128,3.128,3.128,0.0
2017-07-19,3.113,3.113,3.113,3.113,0.0
2017-07-20,3.094,3.094,3.094,3.094,0.0
2017-07-21,3.092,3.092,3.092,3.092,0.0
2017-07-24,3.064,3.064,3.064,3.064,0.0
2017-07-25,3.04,3.04,3.04,3.04,0.0
2017-07-26,3.03,3.03,3.03,3.03,0.0
2017-07-27,3.031,3.031,3.031,3.031,0.0
2017-07-28,3.046,3.046,3.046,3.046,0.0
2017-07-31,3.027,3.027,3.027,3.027,0.0
2017-08-01,3.049,3.049,3.049,3.049,0.0
2017-08-02,3.058,3.058,3.058,3.058,0.0
2017-08-03,3.081,3.081,3.081,3.081,0.0
2017-08-04,3.091,3.091,3.091,3.091,0.0
2017-08-07,3.09,3.09,3.09,3.09,0.0
2017-08-08,3.073,3.073,3.073,3.073,0.0
2017-08-09,3.067,3.067,3.067,3.067,0.0
2017-08-10,3.064,3.064,3.064,3.064,0.0
2017-08-11,3.068,3.068,3.068,3.068,0.0
2017-08-14,3.064,3.064,3.064,3.064,0.0
2017-08-15,3.062,3.062,3.062,3.062,0.0
2017-08-16,3.052,3.052,3.052,3.052,0.0
2017-08-17,3.051,3.051,3.051,3.051,0.0
2017-08-18,3.051,3.051,3.051,3.051,0.0
2017-08-21,3.041,3.041,3.041,3.041,0.0
2017-08-22,3.033,3.033,3.033,3.033,0.0
2017-08-23,3.031,3.031,3.031,3.031,0.0
2017-08-24,2.984,2.984,2.984,2.984,0.0
2017-08-25,2.971,2.971,2.971,2.971,0.0
2017-08-28,2.984,2.984,2.984,2.984,0.0
2017-08-29,2.986,2.986,2.986,2.986,0.0
2017-08-30,2.991,2.991,2.991,2.991,0.0
2017-08-31,2.999,2.999,2.999,2.999,0.0
2017-09-01,3.0,3.0,3.0,3.0,0.0
2017-09-05,2.996,2.996,2.996,2.996,0.0
2017-09-06,2.957,2.957,2.957,2.957,0.0
2017-09-07,2.991,2.991,2.991,2.991,0.0
2017-09-08,2.995,2.995,2.995,2.995,0.0
2017-09-11,3.006,3.006,3.006,3.006,0.0
2017-09-12,2.991,2.991,2.991,2.991,0.0
2017-09-13,2.977,2.977,2.977,2.977,0.0
2017-09-14,2.972,2.972,2.972,2.972,0.0
2017-09-15,2.977,2.977,2.977,2.977,0.0
2017-09-18,2.987,2.987,2.987,2.987,0.0
2017-09-19,2.975,2.975,2.975,2.975,0.0
2017-09-20,2.965,2.965,2.965,2.965,0.0
2017-09-21,2.956,2.956,2.956,2.956,0.0
2017-09-22,2.97,2.97,2.97,2.97,0.0
2017-09-25,2.953,2.953,2.953,2.953,0.0
2017-09-26,2.963,2.963,2.963,2.963,0.0
2017-09-27,2.974,2.974,2.974,2.974,0.0
2017-09-28,2.973,2.973,2.973,2.973,0.0
2017-09-29,2.97,2.97,2.97,2.97,0.0
2017-10-02,2.983,2.983,2.983,2.983,0.0
2017-10-03,2.992,2.992,2.992,2.992,0.0
2017-10-04,2.991,2.991,2.991,2.991,0.0
2017-10-05,3.0,3.0,3.0,3.0,0.0
2017-10-06,2.992,2.992,2.992,2.992,0.0
2017-10-09,3.002,3.002,3.002,3.002,0.0
2017-10-10,2.992,2.992,2.992,2.992,0.0
2017-10-11,2.978,2.978,2.978,2.978,0.0
2017-10-12,3.022,3.022,3.022,3.022,0.0
2017-10-13,3.023,3.023,3.023,3.023,0.0
2017-10-16,3.064,3.064,3.064,3.064,0.0
2017-10-17,3.111,3.111,3.111,3.111,0.0
2017-10-18,3.115,3.115,3.115,3.115,0.0
2017-10-19,3.137,3.137,3.137,3.137,0.0
2017-10-20,3.177,3.177,3.177,3.177,0.0
2017-10-23,3.157,3.157,3.157,3.157,0.0
2017-10-24,3.156,3.156,3.156,3.156,0.0
2017-10-25,3.157,3.157,3.157,3.157,0.0
2017-10-26,3.15,3.15,3.15,3.15,0.0
2017-10-27,3.13,3.13,3.13,3.13,0.0
2017-10-30,3.165,3.165,3.165,3.165,0.0
2017-10-31,3.162,3.162,3.162,3.162,0.0
2017-11-01,3.172,3.172,3.172,3.172,0.0
2017-11-02,3.154,3.154,3.154,3.154,0.0
2017-11-03,3.148,3.148,3.148,3.148,0.0
2017-11-06,3.143,3.143,3.143,3.143,0.0
2017-11-07,3.142,3.142,3.142,3.142,0.0
2017-11-08,3.14,3.14,3.14,3.14,0.0
2017-11-09,3.15,3.15,3.15,3.15,0.0
2017-11-10,3.132,3.132,3.132,3.132,0.0
2017-11-13,3.111,3.111,3.111,3.111,0.0
2017-11-14,3.091,3.091,3.091,3.091,0.0
2017-11-15,3.081,3.081,3.081,3.081,0.0
2017-11-16,3.085,3.085,3.085,3.085,0.0
2017-11-17,3.083,3.083,3.083,3.083,0.0
2017-11-20,3.076,3.076,3.076,3.076,0.0
2017-11-21,3.074,3.074,3.074,3.074,0.0
2017-11-22,3.061,3.061,3.061,3.061,0.0
2017-11-24,3.062,3.062,3.062,3.062,0.0
2017-11-27,3.064,3.064,3.064,3.064,0.0
2017-11-28,3.066,3.066,3.066,3.066,0.0
2017-11-29,3.07,3.07,3.07,3.07,0.0
2017-11-30,3.066,3.066,3.066,3.066,0.0
2017-12-01,3.032,3.032,3.032,3.032,0.0
2017-12-04,3.011,3.011,3.011,3.011,0.0
2017-12-05,3.0,3.0,3.0,3.0,0.0
2017-12-06,2.982,2.982,2.982,2.982,0.0
2017-12-07,2.988,2.988,2.988,2.988,0.0
2017-12-08,2.984,2.984,2.984,2.984,0.0
2017-12-11,2.977,2.977,2.977,2.977,0.0
2017-12-12,2.987,2.987,2.987,2.987,0.0
2017-12-13,3.012,3.012,3.012,3.012,0.0
2017-12-14,3.023,3.023,3.023,3.023,0.0
2017-12-15,3.031,3.031,3.031,3.031,0.0
2017-12-18,3.051,3.051,3.051,3.051,0.0
2017-12-19,3.053,3.053,3.053,3.053,0.0
2017-12-20,3.039,3.039,3.039,3.039,0.0
2017-12-21,3.056,3.056,3.056,3.056,0.0
2017-12-22,3.079,3.079,3.079,3.079,0.0
2017-12-26,3.08,3.08,3.08,3.08,0.0
2017-12-27,3.055,3.055,3.055,3.055,0.0
2017-12-28,3.024,3.024,3.024,3.024,0.0
2017-12-29,3.029,3.029,3.029,3.029,0.0
2018-01-02,3.022,3.022,3.022,3.022,0.0
2018-01-03,3.023,3.023,3.023,3.023,0.0
2018-01-04,3.055,3.055,3.055,3.055,0.0
2018-01-05,3.041,3.041,3.041,3.041,0.0
2018-01-08,3.036,3.036,3.036,3.036,0.0
2018-01-09,3.021,3.021,3.021,3.021,0.0
2018-01-10,3.014,3.014,3.014,3.014,0.0
2018-01-11,3.026,3.026,3.026,3.026,0.0
2018-01-12,3.013,3.013,3.013,3.013,0.0
2018-01-16,2.976,2.976,2.976,2.976,0.0
2018-01-17,2.97,2.97,2.97,2.97,0.0
2018-01-18,2.968,2.968,2.968,2.968,0.0
2018-01-19,2.978,2.978,2.978,2.978,0.0
2018-01-22,2.997,2.997,2.997,2.997,0.0
2018-01-23,3.009,3.009,3.009,3.009,0.0
2018-01-24,3.027,3.027,3.027,3.027,0.0
2018-01-25,3.062,3.062,3.062,3.062,0.0
2018-01-26,3.028,3.028,3.028,3.028,0.0
2018-01-29,3.03,3.03,3.03,3.03,0.0
2018-01-30,3.041,3.041,3.041,3.041,0.0
2018-01-31,3.01,3.01,3.01,3.01,0.0
2018-02-01,3.016,3.016,3.016,3.016,0.0
2018-02-02,3.038,3.038,3.038,3.038,0.0
2018-02-05,3.06,3.06,3.06,3.06,0.0
2018-02-06,3.046,3.046,3.046,3.046,0.0
2018-02-07,3.017,3.017,3.017,3.017,0.0
2018-02-08,3.03,3.03,3.03,3.03,0.0
2018-02-09,2.996,2.996,2.996,2.996,0.0
2018-02-12,2.991,2.991,2.991,2.991,0.0
2018-02-13,2.993,2.993,2.993,2.993,0.0
2018-02-14,2.991,2.991,2.991,2.991,0.0
2018-02-15,2.987,2.987,2.987,2.987,0.0
2018-02-16,3.008,3.008,3.008,3.008,0.0
2018-02-20,3.008,3.008,3.008,3.008,0.0
2018-02-21,3.026,3.026,3.026,3.026,0.0
2018-02-22,3.033,3.033,3.033,3.033,0.0
2018-02-23,3.025,3.025,3.025,3.025,0.0
2018-02-26,3.029,3.029,3.029,3.029,0.0
2018-02-27,3.032,3.032,3.032,3.032,0.0
2018-02-28,3.002,3.002,3.002,3.002,0.0
2018-03-01,3.027,3.027,3.027,3.027,0.0
2018-03-02,3.044,3.044,3.044,3.044,0.0
2018-03-05,3.062,3.062,3.062,3.062,0.0
2018-03-06,3.071,3.071,3.071,3.071,0.0
2018-03-07,3.062,3.062,3.062,3.062,0.0
2018-03-08,3.017,3.017,3.017,3.017,0.0
2018-03-09,2.984,2.984,2.984,2.984,0.0
2018-03-12,2.991,2.991,2.991,2.991,0.0
2018-03-13,2.998,2.998,2.998,2.998,0.0
2018-03-14,3.02,3.02,3.02,3.02,0.0
2018-03-15,3.078,3.078,3.078,3.078,0.0
2018-03-16,3.077,3.077,3.077,3.077,0.0
2018-03-19,3.067,3.067,3.067,3.067,0.0
2018-03-20,3.072,3.072,3.072,3.072,0.0
2018-03-21,3.08,3.08,3.08,3.08,0.0
2018-03-22,3.068,3.068,3.068,3.068,0.0
2018-03-23,2.993,2.993,2.993,2.993,0.0
2018-03-26,3.021,3.021,3.021,3.021,0.0
2018-03-27,3.031,3.031,3.031,3.031,0.0
2018-03-28,3.045,3.045,3.045,3.045,0.0
2018-03-29,3.083,3.083,3.083,3.083,0.0
2018-04-02,3.065,3.065,3.065,3.065,0.0
2018-04-03,3.043,3.043,3.043,3.043,0.0
2018-04-04,3.017,3.017,3.017,3.017,0.0
2018-04-05,3.033,3.033,3.033,3.033,0.0
2018-04-06,3.027,3.027,3.027,3.027,0.0
2018-04-09,3.016,3.016,3.016,3.016,0.0
2018-04-10,3.025,3.025,3.025,3.025,0.0
2018-04-11,3.032,3.032,3.032,3.032,0.0
2018-04-12,3.048,3.048,3.048,3.048,0.0
2018-04-13,3.041,3.041,3.041,3.041,0.0
2018-04-16,3.043,3.043,3.043,3.043,0.0
2018-04-17,3.023,3.023,3.023,3.023,0.0
2018-04-18,3.016,3.016,3.016,3.016,0.0
2018-04-19,3.013,3.013,3.013,3.013,0.0
2018-04-20,3.021,3.021,3.021,3.021,0.0
2018-04-23,3.022,3.022,3.022,3.022,0.0
2018-04-24,3.018,3.018,3.018,3.018,0.0
2018-04-25,3.009,3.009,3.009,3.009,0.0
2018-04-26,3.003,3.003,3.003,3.003,0.0
2018-04-27,3.005,3.005,3.005,3.005,0.0
2018-04-30,3.002,3.002,3.002,3.002,0.0
2018-05-01,2.982,2.982,2.982,2.982,0.0
2018-05-02,2.994,2.994,2.994,2.994,0.0
2018-05-03,2.997,2.997,2.997,2.997,0.0
2018-05-04,2.995,2.995,2.995,2.995,0.0
2018-05-07,2.993,2.993,2.993,2.993,0.0
2018-05-08,2.948,2.948,2.948,2.948,0.0
2018-05-09,2.934,2.934,2.934,2.934,0.0
2018-05-10,2.93,2.93,2.93,2.93,0.0
2018-05-11,2.933,2.933,2.933,2.933,0.0
2018-05-14,2.932,2.932,2.932,2.932,0.0
2018-05-15,2.957,2.957,2.957,2.957,0.0
2018-05-16,2.941,2.941,2.941,2.941,0.0
2018-05-17,2.948,2.948,2.948,2.948,0.0
2018-05-18,2.963,2.963,2.963,2.963,0.0
2018-05-21,2.958,2.958,2.958,2.958,0.0
2018-05-22,2.955,2.955,2.955,2.955,0.0
2018-05-23,2.932,2.932,2.932,2.932,0.0
2018-05-24,2.926,2.926,2.926,2.926,0.0
2018-05-25,2.898,2.898,2.898,2.898,0.0
2018-05-29,2.875,2.875,2.875,2.875,0.0
2018-05-30,2.886,2.886,2.886,2.886,0.0
2018-05-31,2.854,2.854,2.854,2.854,0.0
2018-06-01,2.84,2.84,2.84,2.84,0.0
2018-06-04,2.853,2.853,2.853,2.853,0.0
2018-06-05,2.868,2.868,2.868,2.868,0.0
2018-06-06,2.867,2.867,2.867,2.867,0.0
2018-06-07,2.865,2.865,2.865,2.865,0.0
2018-06-08,2.868,2.868,2.868,2.868,0.0
2018-06-11,2.859,2.859,2.859,2.859,0.0
2018-06-12,2.873,2.873,2.873,2.873,0.0
2018-06-13,2.894,2.894,2.894,2.894,0.0
2018-06-14,2.906,2.906,2.906,2.906,0.0
2018-06-15,2.911,2.911,2.911,2.911,0.0
2018-06-18,2.942,2.942,2.942,2.942,0.0
2018-06-19,2.945,2.945,2.945,2.945,0.0
2018-06-20,2.944,2.944,2.944,2.944,0.0
2018-06-21,2.921,2.921,2.921,2.921,0.0
2018-06-22,2.923,2.923,2.923,2.923,0.0
2018-06-25,2.919,2.919,2.919,2.919,0.0
2018-06-26,2.916,2.916,2.916,2.916,0.0
2018-06-27,2.919,2.919,2.919,2.919,0.0
2018-06-28,2.897,2.897,2.897,2.897,0.0
2018-06-29,2.894,2.894,2.894,2.894,0.0
2018-07-02,2.885,2.885,2.885,2.885,0.0
2018-07-03,2.882,2.882,2.882,2.882,0.0
2018-07-05,2.884,2.884,2.884,2.884,0.0
2018-07-06,2.883,2.883,2.883,2.883,0.0
2018-07-09,2.874,2.874,2.874,2.874,0.0
2018-07-10,2.878,2.878,2.878,2.878,0.0
2018-07-11,2.856,2.856,2.856,2.856,0.0
2018-07-12,2.853,2.853,2.853,2.853,0.0
2018-07-13,2.848,2.848,2.848,2.848,0.0
2018-07-16,2.815,2.815,2.815,2.815,0.0
2018-07-17,2.8,2.8,2.8,2.8,0.0
2018-07-18,2.793,2.793,2.793,2.793,0.0
2018-07-19,2.791,2.791,2.791,2.791,0.0
2018-07-20,2.797,2.797,2.797,2.797,0.0
2018-07-23,2.806,2.806,2.806,2.806,0.0
2018-07-24,2.82,2.82,2.82,2.82,0.0
2018-07-25,2.849,2.849,2.849,2.849,0.0
2018-07-26,2.845,2.845,2.845,2.845,0.0
2018-07-27,2.862,2.862,2.862,2.862,0.0
2018-07-30,2.866,2.866,2.866,2.866,0.0
2018-07-31,2.869,2.869,2.869,2.869,0.0
2018-08-01,2.839,2.839,2.839,2.839,0.0
2018-08-02,2.843,2.843,2.843,2.843,0.0
2018-08-03,2.843,2.843,2.843,2.843,0.0
2018-08-06,2.834,2.834,2.834,2.834,0.0
2018-08-07,2.862,2.862,2.862,2.862,0.0
2018-08-08,2.875,2.875,2.875,2.875,0.0
2018-08-09,2.872,2.872,2.872,2.872,0.0
2018-08-10,2.873,2.873,2.873,2.873,0.0
2018-08-13,2.874,2.874,2.874,2.874,0.0
2018-08-14,2.873,2.873,2.873,2.873,0.0
2018-08-15,2.874,2.874,2.874,2.874,0.0
2018-08-16,2.864,2.864,2.864,2.864,0.0
2018-08-17,2.866,2.866,2.866,2.866,0.0
2018-08-20,2.865,2.865,2.865,2.865,0.0
2018-08-21,2.885,2.885,2.885,2.885,0.0
2018-08-22,2.872,2.872,2.872,2.872,0.0
2018-08-23,2.869,2.869,2.869,2.869,0.0
2018-08-24,2.853,2.853,2.853,2.853,0.0
2018-08-27,2.822,2.822,2.822,2.822,0.0
2018-08-28,2.798,2.798,2.798,2.798,0.0
2018-08-29,2.802,2.802,2.802,2.802,0.0
2018-08-30,2.783,2.783,2.783,2.783,0.0
2018-08-31,2.797,2.797,2.797,2.797,0.0
2018-09-04,2.78,2.78,2.78,2.78,0.0
2018-09-05,2.785,2.785,2.785,2.785,0.0
2018-09-06,2.804,2.804,2.804,2.804,0.0
2018-09-07,2.803,2.803,2.803,2.803,0.0
2018-09-10,2.809,2.809,2.809,2.809,0.0
2018-09-11,2.806,2.806,2.806,2.806,0.0
2018-09-12,2.816,2.816,2.816,2.816,0.0
2018-09-13,2.832,2.832,2.832,2.832,0.0
2018-09-14,2.837,2.837,2.837,2.837,0.0
2018-09-17,2.841,2.841,2.841,2.841,0.0
2018-09-18,2.844,2.844,2.844,2.844,0.0
2018-09-19,2.841,2.841,2.841,2.841,0.0
2018-09-20,2.845,2.845,2.845,2.845,0.0
2018-09-21,2.843,2.843,2.843,2.843,0.0
2018-09-24,2.841,2.841,2.841,2.841,0.0
2018-09-25,2.843,2.843,2.843,2.843,0.0
2018-09-26,2.852,2.852,2.852,2.852,0.0
2018-09-27,2.853,2.853,2.853,2.853,0.0
2018-09-28,2.854,2.854,2.854,2.854,0.0
2018-10-01,2.859,2.859,2.859,2.859,0.0
2018-10-02,2.857,2.857,2.857,2.857,0.0
2018-10-03,2.856,2.856,2.856,2.856,0.0
2018-10-04,2.857,2.857,2.857,2.857,0.0
2018-10-05,2.86,2.86,2.86,2.86,0.0
2018-10-08,2.865,2.865,2.865,2.865,0.0
2018-10-09,2.86,2.86,2.86,2.86,0.0
2018-10-10,2.856,2.856,2.856,2.856,0.0
2018-10-11,2.881,2.881,2.881,2.881,0.0
2018-10-12,2.894,2.894,2.894,2.894,0.0
2018-10-15,2.893,2.893,2.893,2.893,0.0
2018-10-16,2.918,2.918,2.918,2.918,0.0
2018-10-17,2.913,2.913,2.913,2.913,0.0
2018-10-18,2.912,2.912,2.912,2.912,0.0
2018-10-19,2.909,2.909,2.909,2.909,0.0
2018-10-22,2.91,2.91,2.91,2.91,0.0
2018-10-23,2.909,2.909,2.909,2.909,0.0
2018-10-24,2.906,2.906,2.906,2.906,0.0
2018-10-25,2.896,2.896,2.896,2.896,0.0
2018-10-26,2.898,2.898,2.898,2.898,0.0
2018-10-29,2.899,2.899,2.899,2.899,0.0
2018-10-30,2.917,2.917,2.917,2.917,0.0
2018-10-31,2.916,2.916,2.916,2.916,0.0
2018-11-01,2.921,2.921,2.921,2.921,0.0
2018-11-02,2.928,2.928,2.928,2.928,0.0
2018-11-05,2.942,2.942,2.942,2.942,0.0
2018-11-06,2.958,2.958,2.958,2.958,0.0
2018-11-07,2.956,2.956,2.956,2.956,0.0
2018-11-08,2.957,2.957,2.957,2.957,0.0
2018-11-09,2.96,2.96,2.96,2.96,0.0
2018-11-12,2.983,2.983,2.983,2.983,0.0
2018-11-13,2.962,2.962,2.962,2.962,0.0
2018-11-14,2.946,2.946,2.946,2.946,0.0
2018-11-15,2.961,2.961,2.961,2.961,0.0
2018-11-16,2.932,2.932,2.932,2.932,0.0
2018-11-19,2.919,2.919,2.919,2.919,0.0
2018-11-20,2.917,2.917,2.917,2.917,0.0
2018-11-21,2.915,2.915,2.915,2.915,0.0
2018-11-23,2.94,2.94,2.94,2.94,0.0
2018-11-26,2.933,2.933,2.933,2.933,0.0
2018-11-27,2.929,2.929,2.929,2.929,0.0
2018-11-28,2.93,2.93,2.93,2.93,0.0
2018-11-29,2.965,2.965,2.965,2.965,0.0
2018-11-30,3.021,3.021,3.021,3.021,0.0
2018-12-03,2.993,2.993,2.993,2.993,0.0
2018-12-04,2.979,2.979,2.979,2.979,0.0
2018-12-05,2.97,2.97,2.97,2.97,0.0
2018-12-06,2.981,2.981,2.981,2.981,0.0
2018-12-07,2.988,2.988,2.988,2.988,0.0
2018-12-10,2.989,2.989,2.989,2.989,0.0
2018-12-11,2.964,2.964,2.964,2.964,0.0
2018-12-12,2.966,2.966,2.966,2.966,0.0
2018-12-13,2.934,2.934,2.934,2.934,0.0
2018-12-14,2.944,2.944,2.944,2.944,0.0
2018-12-17,2.943,2.943,2.943,2.943,0.0
2018-12-18,2.938,2.938,2.938,2.938,0.0
2018-12-19,2.961,2.961,2.961,2.961,0.0
2018-12-20,2.976,2.976,2.976,2.976,0.0
2018-12-21,2.979,2.979,2.979,2.979,0.0
2018-12-24,2.978,2.978,2.978,2.978,0.0
2018-12-26,2.975,2.975,2.975,2.975,0.0
2018-12-27,2.973,2.973,2.973,2.973,0.0
2018-12-28,2.97,2.97,2.97,2.97,0.0
2018-12-31,2.976,2.976,2.976,2.976,0.0
2019-01-02,2.976,2.976,2.976,2.976,0.0
2019-01-03,2.965,2.965,2.965,2.965,0.0
2019-01-04,2.969,2.969,2.969,2.969,0.0
2019-01-07,2.971,2.971,2.971,2.971,0.0
2019-01-08,2.962,2.962,2.962,2.962,0.0
2019-01-09,2.96,2.96,2.96,2.96,0.0
2019-01-10,2.957,2.957,2.957,2.957,0.0
2019-01-11,2.964,2.964,2.964,2.964,0.0
2019-01-14,2.963,2.963,2.963,2.963,0.0
2019-01-15,2.955,2.955,2.955,2.955,0.0
2019-01-16,2.924,2.924,2.924,2.924,0.0
2019-01-17,2.924,2.924,2.924,2.924,0.0
2019-01-18,2.937,2.937,2.937,2.937,0.0
2019-01-22,2.95,2.95,2.95,2.95,0.0
2019-01-23,2.93,2.93,2.93,2.93,0.0
2019-01-24,2.909,2.909,2.909,2.909,0.0
2019-01-25,2.954,2.954,2.954,2.954,0.0
2019-01-28,2.938,2.938,2.938,2.938,0.0
2019-01-29,2.941,2.941,2.941,2.941,0.0
2019-01-30,2.943,2.943,2.943,2.943,0.0
2019-01-31,2.944,2.944,2.944,2.944,0.0
2019-02-01,2.945,2.945,2.945,2.945,0.0
2019-02-04,2.932,2.932,2.932,2.932,0.0
2019-02-05,2.973,2.973,2.973,2.973,0.0
2019-02-06,2.97,2.97,2.97,2.97,0.0
2019-02-07,2.966,2.966,2.966,2.966,0.0
2019-02-08,2.968,2.968,2.968,2.968,0.0
2019-02-11,2.973,2.973,2.973,2.973,0.0
2019-02-12,2.981,2.981,2.981,2.981,0.0
2019-02-13,2.982,2.982,2.982,2.982,0.0
2019-02-14,2.986,2.986,2.986,2.986,0.0
2019-02-15,2.966,2.966,2.966,2.966,0.0
2019-02-19,2.957,2.957,2.957,2.957,0.0
2019-02-20,2.969,2.969,2.969,2.969,0.0
2019-02-21,2.956,2.956,2.956,2.956,0.0
2019-02-22,2.953,2.953,2.953,2.953,0.0
2019-02-25,2.945,2.945,2.945,2.945,0.0
2019-02-26,2.927,2.927,2.927,2.927,0.0
2019-02-27,2.963,2.963,2.963,2.963,0.0
2019-02-28,2.974,2.974,2.974,2.974,0.0
2019-03-01,2.973,2.973,2.973,2.973,0.0
2019-03-04,2.969,2.969,2.969,2.969,0.0
2019-03-05,2.967,2.967,2.967,2.967,0.0
2019-03-06,2.97,2.97,2.97,2.97,0.0
2019-03-07,2.975,2.975,2.975,2.975,0.0
2019-03-08,2.975,2.975,2.975,2.975,0.0
2019-03-11,3.002,3.002,3.002,3.002,0.0
2019-03-12,3.017,3.017,3.017,3.017,0.0
2019-03-13,3.026,3.026,3.026,3.026,0.0
2019-03-14,3.034,3.034,3.034,3.034,0.0
2019-03-15,3.035,3.035,3.035,3.035,0.0
2019-03-18,3.035,3.035,3.035,3.035,0.0
2019-03-19,3.036,3.036,3.036,3.036,0.0
2019-03-20,3.034,3.034,3.034,3.034,0.0
2019-03-21,3.044,3.044,3.044,3.044,0.0
2019-03-22,3.034,3.034,3.034,3.034,0.0
2019-03-25,3.033,3.033,3.033,3.033,0.0
2019-03-26,3.035,3.035,3.035,3.035,0.0
2019-03-27,3.026,3.026,3.026,3.026,0.0
2019-03-28,3.029,3.029,3.029,3.029,0.0
2019-03-29,3.028,3.028,3.028,3.028,0.0
2019-04-01,3.027,3.027,3.027,3.027,0.0
2019-04-02,3.034,3.034,3.034,3.034,0.0
2019-04-03,3.027,3.027,3.027,3.027,0.0
2019-04-04,3.058,3.058,3.058,3.058,0.0
2019-04-05,3.041,3.041,3.041,3.041,0.0
2019-04-08,3.044,3.044,3.044,3.044,0.0
2019-04-09,3.051,3.051,3.051,3.051,0.0
2019-04-10,3.029,3.029,3.029,3.029,0.0
2019-04-11,3.027,3.027,3.027,3.027,0.0
2019-04-12,3.027,3.027,3.027,3.027,0.0
2019-04-15,3.027,3.027,3.027,3.027,0.0
2019-04-16,3.028,3.028,3.028,3.028,0.0
2019-04-17,3.018,3.018,3.018,3.018,0.0
2019-04-18,3.003,3.003,3.003,3.003,0.0
2019-04-22,2.991,2.991,2.991,2.991,0.0
2019-04-23,2.986,2.986,2.986,2.986,0.0
2019-04-24,2.996,2.996,2.996,2.996,0.0
2019-04-25,3.006,3.006,3.006,3.006,0.0
2019-04-26,3.003,3.003,3.003,3.003,0.0
2019-04-29,3.01,3.01,3.01,3.01,0.0
2019-04-30,3.015,3.015,3.015,3.015,0.0
2019-05-01,3.017,3.017,3.017,3.017,0.0
2019-05-02,3.014,3.014,3.014,3.014,0.0
2019-05-03,3.027,3.027,3.027,3.027,0.0
2019-05-06,3.03,3.03,3.03,3.03,0.0
2019-05-07,3.03,3.03,3.03,3.03,0.0
2019-05-08,3.024,3.024,3.024,3.024,0.0
2019-05-09,3.031,3.031,3.031,3.031,0.0
2019-05-10,3.022,3.022,3.022,3.022,0.0
2019-05-13,3.025,3.025,3.025,3.025,0.0
2019-05-14,3.036,3.036,3.036,3.036,0.0
2019-05-15,3.033,3.033,3.033,3.033,0.0
2019-05-16,3.029,3.029,3.029,3.029,0.0
2019-05-17,3.033,3.033,3.033,3.033,0.0
2019-05-20,3.038,3.038,3.038,3.038,0.0
2019-05-21,3.041,3.041,3.041,3.041,0.0
2019-05-22,2.99,2.99,2.99,2.99,0.0
2019-05-23,3.002,3.002,3.002,3.002,0.0
2019-05-24,3.012,3.012,3.012,3.012,0.0
2019-05-28,3.022,3.022,3.022,3.022,0.0
2019-05-29,3.003,3.003,3.003,3.003,0.0
2019-05-30,3.001,3.001,3.001,3.001,0.0
2019-05-31,2.999,2.999,2.999,2.999,0.0
2019-06-03,2.987,2.987,2.987,2.987,0.0
2019-06-04,2.992,2.992,2.992,2.992,0.0
2019-06-05,2.98,2.98,2.98,2.98,0.0
2019-06-06,2.996,2.996,2.996,2.996,0.0
2019-06-07,2.997,2.997,2.997,2.997,0.0
2019-06-10,2.986,2.986,2.986,2.986,0.0
2019-06-11,2.986,2.986,2.986,2.986,0.0
2019-06-12,2.983,2.983,2.983,2.983,0.0
2019-06-13,2.984,2.984,2.984,2.984,0.0
2019-06-14,2.989,2.989,2.989,2.989,0.0
2019-06-17,2.992,2.992,2.992,2.992,0.0
2019-06-18,2.975,2.975,2.975,2.975,0.0
2019-06-19,2.976,2.976,2.976,2.976,0.0
2019-06-20,2.98,2.98,2.98,2.98,0.0
2019-06-21,2.995,2.995,2.995,2.995,0.0
2019-06-24,2.995,2.995,2.995,2.995,0.0
2019-06-25,2.994,2.994,2.994,2.994,0.0
2019-06-26,2.986,2.986,2.986,2.986,0.0
2019-06-27,2.982,2.982,2.982,2.982,0.0
2019-06-28,2.954,2.954,2.954,2.954,0.0
2019-07-01,2.947,2.947,2.947,2.947,0.0
2019-07-02,2.943,2.943,2.943,2.943,0.0
2019-07-03,2.942,2.942,2.942,2.942,0.0
2019-07-05,2.968,2.968,2.968,2.968,0.0
2019-07-08,2.964,2.964,2.964,2.964,0.0
2019-07-09,2.992,2.992,2.992,2.992,0.0
2019-07-10,2.984,2.984,2.984,2.984,0.0
2019-07-11,2.992,2.992,2.992,2.992,0.0
2019-07-12,3.0,3.0,3.0,3.0,0.0
2019-07-15,3.005,3.005,3.005,3.005,0.0
2019-07-16,2.981,2.981,2.981,2.981,0.0
2019-07-17,2.978,2.978,2.978,2.978,0.0
2019-07-18,2.997,2.997,2.997,2.997,0.0
2019-07-19,2.99,2.99,2.99,2.99,0.0
2019-07-22,2.948,2.948,2.948,2.948,0.0
2019-07-23,2.955,2.955,2.955,2.955,0.0
2019-07-24,2.948,2.948,2.948,2.948,0.0
2019-07-25,2.949,2.949,2.949,2.949,0.0
2019-07-26,2.943,2.943,2.943,2.943,0.0
2019-07-29,2.932,2.932,2.932,2.932,0.0
2019-07-30,2.935,2.935,2.935,2.935,0.0
2019-07-31,2.941,2.941,2.941,2.941,0.0
2019-08-01,2.944,2.944,2.944,2.944,0.0
2019-08-02,2.931,2.931,2.931,2.931,0.0
2019-08-05,2.929,2.929,2.929,2.929,0.0
2019-08-06,2.93,2.93,2.93,2.93,0.0
2019-08-07,2.935,2.935,2.935,2.935,0.0
2019-08-08,2.914,2.914,2.914,2.914,0.0
2019-08-09,2.89,2.89,2.89,2.89,0.0
2019-08-12,2.879,2.879,2.879,2.879,0.0
2019-08-13,2.86,2.86,2.86,2.86,0.0
2019-08-14,2.811,2.811,2.811,2.811,0.0
2019-08-15,2.811,2.811,2.811,2.811,0.0
2019-08-16,2.793,2.793,2.793,2.793,0.0
2019-08-19,2.795,2.795,2.795,2.795,0.0
2019-08-20,2.795,2.795,2.795,2.795,0.0
2019-08-21,2.796,2.796,2.796,2.796,0.0
2019-08-22,2.785,2.785,2.785,2.785,0.0
2019-08-23,2.815,2.815,2.815,2.815,0.0
2019-08-26,2.819,2.819,2.819,2.819,0.0
2019-08-27,2.834,2.834,2.834,2.834,0.0
2019-08-28,2.853,2.853,2.853,2.853,0.0
2019-08-29,2.843,2.843,2.843,2.843,0.0
2019-08-30,2.803,2.803,2.803,2.803,0.0
2019-09-03,2.814,2.814,2.814,2.814,0.0
2019-09-04,2.785,2.785,2.785,2.785,0.0
2019-09-05,2.792,2.792,2.792,2.792,0.0
2019-09-06,2.779,2.779,2.779,2.779,0.0
2019-09-09,2.743,2.743,2.743,2.743,0.0
2019-09-10,2.747,2.747,2.747,2.747,0.0
2019-09-11,2.742,2.742,2.742,2.742,0.0
2019-09-12,2.747,2.747,2.747,2.747,0.0
2019-09-13,2.712,2.712,2.712,2.712,0.0
2019-09-16,2.742,2.742,2.742,2.742,0.0
2019-09-17,2.706,2.706,2.706,2.706,0.0
2019-09-18,2.719,2.719,2.719,2.719,0.0
2019-09-19,2.713,2.713,2.713,2.713,0.0
2019-09-20,2.724,2.724,2.724,2.724,0.0
2019-09-23,2.721,2.721,2.721,2.721,0.0
2019-09-24,2.7,2.7,2.7,2.7,0.0
2019-09-25,2.699,2.699,2.699,2.699,0.0
2019-09-26,2.7,2.7,2.7,2.7,0.0
2019-09-27,2.689,2.689,2.689,2.689,0.0
2019-09-30,2.751,2.751,2.751,2.751,0.0
2019-10-01,2.7,2.7,2.7,2.7,0.0
2019-10-02,2.718,2.718,2.718,2.718,0.0
2019-10-03,2.703,2.703,2.703,2.703,0.0
2019-10-04,2.693,2.693,2.693,2.693,0.0
2019-10-07,2.697,2.697,2.697,2.697,0.0
2019-10-08,2.673,2.673,2.673,2.673,0.0
2019-10-09,2.684,2.684,2.684,2.684,0.0
2019-10-10,2.685,2.685,2.685,2.685,0.0
2019-10-11,2.696,2.696,2.696,2.696,0.0
2019-10-14,2.711,2.711,2.711,2.711,0.0
2019-10-15,2.727,2.727,2.727,2.727,0.0
2019-10-16,2.729,2.729,2.729,2.729,0.0
2019-10-17,2.726,2.726,2.726,2.726,0.0
2019-10-18,2.721,2.721,2.721,2.721,0.0
2019-10-21,2.716,2.716,2.716,2.716,0.0
2019-10-22,2.72,2.72,2.72,2.72,0.0
2019-10-23,2.714,2.714,2.714,2.714,0.0
2019-10-24,2.718,2.718,2.718,2.718,0.0
2019-10-25,2.716,2.716,2.716,2.716,0.0
2019-10-28,2.725,2.725,2.725,2.725,0.0
2019-10-29,2.741,2.741,2.741,2.741,0.0
2019-10-30,2.748,2.748,2.748,2.748,0.0
2019-10-31,2.746,2.746,2.746,2.746,0.0
2019-11-01,2.755,2.755,2.755,2.755,0.0
2019-11-04,2.696,2.696,2.696,2.696,7.0
2019-11-05,2.675,2.675,2.675,2.675,0.0
2019-11-06,2.686,2.686,2.686,2.686,0.0
2019-11-07,2.653,2.653,2.653,2.653,0.0
2019-11-08,2.66,2.66,2.66,2.66,0.0
2019-11-11,2.651,2.651,2.651,2.651,0.0
2019-11-12,2.611,2.611,2.611,2.611,0.0
2019-11-13,2.602,2.602,2.602,2.602,0.0
2019-11-14,2.604,2.604,2.604,2.604,0.0
2019-11-15,2.602,2.602,2.602,2.602,0.0
2019-11-18,2.606,2.606,2.606,2.606,0.0
2019-11-19,2.613,2.613,2.613,2.613,0.0
2019-11-20,2.622,2.622,2.622,2.622,0.0
2019-11-21,2.629,2.629,2.629,2.629,0.0
2019-11-22,2.629,2.629,2.629,2.629,0.0
2019-11-25,2.621,2.621,2.621,2.621,0.0
2019-11-26,2.615,2.615,2.615,2.615,0.0
2019-11-27,2.619,2.619,2.619,2.619,0.0
2019-11-29,2.577,2.577,2.577,2.577,0.0
2019-12-02,2.603,2.603,2.603,2.603,0.0
2019-12-03,2.612,2.612,2.612,2.612,0.0
2019-12-04,2.611,2.611,2.611,2.611,0.0
2019-12-05,2.603,2.603,2.603,2.603,0.0
2019-12-06,2.576,2.576,2.576,2.576,0.0
2019-12-09,2.555,2.555,2.555,2.555,0.0
2019-12-10,2.564,2.564,2.564,2.564,0.0
2019-12-11,2.561,2.561,2.561,2.561,0.0
2019-12-12,2.566,2.566,2.566,2.566,0.0
2019-12-13,2.549,2.549,2.549,2.549,0.0
2019-12-16,2.558,2.558,2.558,2.558,0.0
2019-12-17,2.56,2.56,2.56,2.56,0.0
2019-12-18,2.531,2.531,2.531,2.531,0.0
2019-12-19,2.505,2.505,2.505,2.505,0.0
2019-12-20,2.496,2.496,2.496,2.496,0.0
2019-12-23,2.503,2.503,2.503,2.503,0.0
2019-12-24,2.501,2.501,2.501,2.501,0.0
2019-12-26,2.489,2.489,2.489,2.489,0.0
2019-12-27,2.487,2.487,2.487,2.487,0.0
2019-12-30,2.484,2.484,2.484,2.484,0.0
2019-12-31,2.493,2.493,2.493,2.493,0.0
2020-01-02,2.488,2.488,2.488,2.488,0.0
2020-01-03,2.488,2.488,2.488,2.488,0.0
2020-01-06,2.492,2.492,2.492,2.492,0.0
2020-01-07,2.499,2.499,2.499,2.499,0.0
2020-01-08,2.502,2.502,2.502,2.502,0.0
2020-01-09,2.513,2.513,2.513,2.513,0.0
2020-01-10,2.515,2.515,2.515,2.515,0.0
2020-01-13,2.515,2.515,2.515,2.515,0.0
2020-01-14,2.514,2.514,2.514,2.514,0.0
2020-01-15,2.513,2.513,2.513,2.513,0.0
2020-01-16,2.52,2.52,2.52,2.52,0.0
2020-01-17,2.53,2.53,2.53,2.53,0.0
2020-01-21,2.52,2.52,2.52,2.52,0.0
2020-01-22,2.501,2.501,2.501,2.501,0.0
2020-01-23,2.493,2.493,2.493,2.493,0.0
2020-01-24,2.5,2.501,2.5,2.501,1.0
2020-01-27,2.46,2.46,2.46,2.46,0.0
2020-01-28,2.47,2.47,2.47,2.47,0.0
2020-01-29,2.46,2.46,2.46,2.46,0.0
2020-01-30,2.455,2.455,2.455,2.455,0.0
2020-01-31,2.456,2.456,2.456,2.456,0.0
2020-02-03,2.451,2.451,2.451,2.451,0.0
2020-02-04,2.447,2.447,2.447,2.447,0.0
2020-02-05,2.424,2.424,2.424,2.424,0.0
2020-02-06,2.428,2.428,2.428,2.428,0.0
2020-02-07,2.446,2.446,2.446,2.446,0.0
2020-02-10,2.438,2.438,2.438,2.438,0.0
2020-02-11,2.423,2.423,2.423,2.423,0.0
2020-02-12,2.43,2.43,2.43,2.43,0.0
2020-02-13,2.42,2.42,2.42,2.42,0.0
2020-02-14,2.431,2.431,2.431,2.431,0.0
2020-02-18,2.404,2.404,2.404,2.404,0.0
2020-02-19,2.425,2.425,2.425,2.425,0.0
2020-02-20,2.42,2.42,2.42,2.42,0.0
2020-02-21,2.45,2.45,2.45,2.45,0.0
2020-02-24,2.456,2.456,2.456,2.456,0.0
2020-02-25,2.459,2.459,2.459,2.459,0.0
2020-02-26,2.482,2.482,2.482,2.482,0.0
2020-02-27,2.472,2.472,2.472,2.472,0.0
2020-02-28,2.51,2.51,2.51,2.51,0.0
2020-03-02,2.55,2.55,2.55,2.55,0.0
2020-03-03,2.546,2.546,2.546,2.546,0.0
2020-03-04,2.535,2.535,2.535,2.535,0.0
2020-03-05,2.51,2.51,2.51,2.51,0.0
2020-03-06,2.523,2.523,2.523,2.523,0.0
2020-03-09,2.56,2.56,2.56,2.56,0.0
2020-03-10,2.56,2.56,2.56,2.56,0.0
2020-03-11,2.522,2.522,2.522,2.522,0.0
2020-03-12,2.472,2.472,2.472,2.472,0.0
2020-03-13,2.467,2.467,2.467,2.467,0.0
2020-03-16,2.456,2.456,2.456,2.456,0.0
2020-03-17,2.485,2.485,2.485,2.485,0.0
2020-03-18,2.491,2.491,2.491,2.491,0.0
2020-03-19,2.504,2.504,2.504,2.504,0.0
2020-03-20,2.498,2.498,2.498,2.498,0.0
2020-03-23,2.493,2.493,2.493,2.493,0.0
2020-03-24,2.46,2.46,2.46,2.46,0.0
2020-03-25,2.455,2.455,2.455,2.455,0.0
2020-03-26,2.424,2.424,2.421,2.421,1.0
2020-03-27,2.443,2.443,2.443,2.443,0.0
2020-03-30,2.451,2.451,2.451,2.451,0.0
2020-03-31,2.439,2.439,2.439,2.439,0.0
2020-04-01,2.409,2.409,2.409,2.409,0.0
2020-04-02,2.395,2.395,2.395,2.395,0.0
2020-04-03,2.379,2.379,2.379,2.379,0.0
2020-04-06,2.395,2.395,2.395,2.395,0.0
2020-04-07,2.389,2.389,2.389,2.389,0.0
2020-04-08,2.406,2.406,2.406,2.406,0.0
2020-04-09,2.423,2.423,2.423,2.423,0.0
2020-04-13,2.451,2.451,2.451,2.451,0.0
2020-04-14,2.433,2.433,2.433,2.433,0.0
2020-04-15,2.402,2.402,2.402,2.402,0.0
2020-04-16,2.407,2.407,2.407,2.407,0.0
2020-04-17,2.408,2.408,2.408,2.408,0.0
2020-04-20,2.426,2.426,2.426,2.426,0.0
2020-04-21,2.409,2.409,2.409,2.409,0.0
2020-04-22,2.437,2.437,2.437,2.437,0.0
2020-04-23,2.391,2.391,2.391,2.391,0.0
2020-04-24,2.389,2.389,2.389,2.389,0.0
2020-04-27,2.415,2.415,2.415,2.415,0.0
2020-04-28,2.407,2.407,2.407,2.407,0.0
2020-04-29,2.402,2.402,2.402,2.402,0.0
2020-04-30,2.377,2.377,2.377,2.377,0.0
2020-05-01,2.36,2.36,2.36,2.36,0.0
2020-05-04,2.337,2.337,2.337,2.337,0.0
2020-05-05,2.324,2.324,2.324,2.324,0.0
2020-05-06,2.363,2.363,2.363,2.363,0.0
2020-05-07,2.345,2.345,2.345,2.345,0.0
2020-05-08,2.354,2.354,2.354,2.354,0.0
2020-05-11,2.33,2.33,2.33,2.33,0.0
2020-05-12,2.334,2.334,2.334,2.334,0.0
2020-05-13,2.33,2.33,2.303,2.303,30.0
2020-05-14,2.277,2.277,2.277,2.277,0.0
2020-05-15,2.318,2.318,2.318,2.318,0.0
2020-05-18,2.336,2.336,2.336,2.336,0.0
2020-05-19,2.333,2.333,2.333,2.333,0.0
2020-05-20,2.29,2.29,2.29,2.29,0.0
2020-05-21,2.281,2.281,2.281,2.281,0.0
2020-05-22,2.324,2.324,2.324,2.324,0.0
2020-05-26,2.324,2.324,2.324,2.324,0.0
2020-05-27,2.362,2.362,2.362,2.362,0.0
2020-05-28,2.354,2.354,2.354,2.354,0.0
2020-05-29,2.348,2.348,2.348,2.348,0.0
2020-06-01,2.325,2.325,2.325,2.325,0.0
2020-06-02,2.33,2.33,2.33,2.33,0.0
2020-06-03,2.317,2.317,2.317,2.317,0.0
2020-06-04,2.326,2.326,2.326,2.326,0.0
2020-06-05,2.32,2.32,2.32,2.32,0.0
2020-06-08,2.334,2.334,2.334,2.334,0.0
2020-06-09,2.342,2.342,2.342,2.342,0.0
2020-06-10,2.328,2.328,2.328,2.328,0.0
2020-06-11,2.323,2.323,2.323,2.323,0.0
2020-06-12,2.312,2.312,2.312,2.312,0.0
2020-06-15,2.339,2.339,2.339,2.339,0.0
2020-06-16,2.333,2.333,2.333,2.333,0.0
2020-06-17,2.328,2.328,2.328,2.328,0.0
2020-06-18,2.339,2.339,2.339,2.339,0.0
2020-06-19,2.322,2.322,2.322,2.322,0.0
2020-06-22,2.31,2.31,2.31,2.31,0.0
2020-06-23,2.309,2.309,2.309,2.309,0.0
2020-06-24,2.317,2.317,2.317,2.317,0.0
2020-06-25,2.335,2.335,2.335,2.335,0.0
2020-06-26,2.357,2.357,2.357,2.357,0.0
2020-06-29,2.355,2.355,2.355,2.355,0.0
2020-06-30,2.355,2.355,2.355,2.355,0.0
2020-07-01,2.368,2.368,2.368,2.368,0.0
2020-07-02,2.4,2.4,2.4,2.4,0.0
2020-07-06,2.379,2.379,2.379,2.379,0.0
2020-07-07,2.372,2.372,2.372,2.372,0.0
2020-07-08,2.4,2.4,2.4,2.4,0.0
2020-07-09,2.385,2.385,2.385,2.385,0.0
2020-07-10,2.367,2.367,2.367,2.367,0.0
2020-07-13,2.363,2.363,2.363,2.363,0.0
2020-07-14,2.362,2.362,2.362,2.362,0.0
2020-07-15,2.372,2.372,2.372,2.372,0.0
2020-07-16,2.365,2.365,2.365,2.365,0.0
2020-07-17,2.362,2.362,2.362,2.362,0.0
2020-07-20,2.353,2.353,2.353,2.353,0.0
2020-07-21,2.367,2.367,2.367,2.367,0.0
2020-07-22,2.376,2.376,2.376,2.376,0.0
2020-07-23,2.46,2.46,2.46,2.46,0.0
2020-07-24,2.499,2.499,2.499,2.499,0.0
2020-07-27,2.558,2.558,2.558,2.558,0.0
2020-07-28,2.555,2.555,2.555,2.555,0.0
2020-07-29,2.56,2.56,2.56,2.56,0.0
2020-07-30,2.568,2.568,2.568,2.568,0.0
2020-07-31,2.586,2.586,2.586,2.586,0.0
2020-08-03,2.584,2.584,2.584,2.584,0.0
2020-08-04,2.578,2.578,2.578,2.578,0.0
2020-08-05,2.601,2.601,2.601,2.601,0.0
2020-08-06,2.626,2.626,2.626,2.626,0.0
2020-08-07,2.658,2.658,2.658,2.658,0.0
2020-08-10,2.626,2.626,2.626,2.626,0.0
2020-08-11,2.541,2.541,2.541,2.541,0.0
2020-08-12,2.518,2.518,2.518,2.518,0.0
2020-08-13,2.538,2.538,2.538,2.538,0.0
2020-08-14,2.529,2.529,2.529,2.529,0.0
2020-08-17,2.529,2.529,2.529,2.529,0.0
2020-08-18,2.524,2.524,2.524,2.524,0.0
2020-08-19,2.519,2.519,2.519,2.519,0.0
2020-08-20,2.517,2.517,2.517,2.517,0.0
2020-08-21,2.512,2.512,2.512,2.512,0.0
2020-08-24,2.507,2.507,2.507,2.507,0.0
2020-08-25,2.5,2.5,2.5,2.5,0.0
2020-08-26,2.528,2.528,2.528,2.528,0.0
2020-08-27,2.537,2.537,2.537,2.537,0.0
2020-08-28,2.525,2.525,2.525,2.525,0.0
2020-08-31,2.499,2.499,2.499,2.499,0.0
2020-09-01,2.497,2.497,2.497,2.497,0.0
2020-09-02,2.491,2.491,2.491,2.491,0.0
2020-09-03,2.488,2.488,2.488,2.488,0.0
2020-09-04,2.428,2.428,2.428,2.428,0.0
2020-09-08,2.429,2.429,2.429,2.429,0.0
2020-09-09,2.415,2.415,2.415,2.415,0.0
2020-09-10,2.397,2.397,2.397,2.397,0.0
2020-09-11,2.374,2.374,2.374,2.374,0.0
2020-09-14,2.362,2.362,2.362,2.362,0.0
2020-09-15,2.369,2.369,2.369,2.369,0.0
2020-09-16,2.367,2.367,2.367,2.367,0.0
2020-09-17,2.355,2.355,2.355,2.355,0.0
2020-09-18,2.376,2.376,2.376,2.376,0.0
2020-09-21,2.347,2.347,2.347,2.347,0.0
2020-09-22,2.386,2.386,2.386,2.386,0.0
2020-09-23,2.426,2.426,2.426,2.426,0.0
2020-09-24,2.436,2.436,2.436,2.436,0.0
2020-09-25,2.448,2.448,2.448,2.448,0.0
2020-09-28,2.456,2.456,2.456,2.456,0.0
2020-09-29,2.427,2.427,2.427,2.427,0.0
2020-09-30,2.408,2.408,2.408,2.408,0.0
2020-10-01,2.388,2.388,2.388,2.388,0.0
2020-10-02,2.385,2.385,2.385,2.385,0.0
2020-10-05,2.363,2.363,2.363,2.363,0.0
2020-10-06,2.37,2.37,2.37,2.37,0.0
2020-10-07,2.393,2.393,2.393,2.393,0.0
2020-10-08,2.368,2.368,2.368,2.368,0.0
2020-10-09,2.398,2.398,2.398,2.398,0.0
2020-10-12,2.384,2.384,2.384,2.384,0.0
2020-10-13,2.364,2.364,2.364,2.364,0.0
2020-10-14,2.391,2.391,2.391,2.391,0.0
2020-10-15,2.377,2.377,2.377,2.377,0.0
2020-10-16,2.38,2.38,2.38,2.38,0.0
2020-10-19,2.423,2.423,2.423,2.423,0.0
2020-10-20,2.364,2.364,2.364,2.364,0.0
2020-10-21,2.385,2.385,2.385,2.385,0.0
2020-10-22,2.387,2.387,2.387,2.387,0.0
2020-10-23,2.35,2.35,2.35,2.35,0.0
2020-10-26,2.288,2.288,2.288,2.288,0.0
2020-10-27,2.342,2.342,2.342,2.342,0.0
2020-10-28,2.387,2.387,2.387,2.387,0.0
2020-10-29,2.399,2.399,2.399,2.399,0.0
2020-10-30,2.416,2.416,2.416,2.416,0.0
2020-11-02,2.404,2.404,2.404,2.404,0.0
2020-11-03,2.444,2.444,2.444,2.444,0.0
2020-11-04,2.441,2.441,2.441,2.441,0.0
2020-11-05,2.436,2.436,2.436,2.436,0.0
2020-11-06,2.426,2.426,2.426,2.426,0.0
2020-11-09,2.422,2.422,2.422,2.422,0.0
2020-11-10,2.432,2.432,2.432,2.432,0.0
2020-11-11,2.447,2.447,2.447,2.447,0.0
2020-11-12,2.444,2.444,2.444,2.444,0.0
2020-11-13,2.399,2.399,2.399,2.399,0.0
2020-11-16,2.396,2.396,2.396,2.396,0.0
2020-11-17,2.413,2.413,2.413,2.413,0.0
2020-11-18,2.437,2.437,2.437,2.437,0.0
2020-11-19,2.437,2.437,2.437,2.437,0.0
2020-11-20,2.43,2.43,2.43,2.43,0.0
2020-11-23,2.424,2.424,2.424,2.424,0.0
2020-11-24,2.426,2.426,2.426,2.426,0.0
2020-11-25,2.409,2.409,2.409,2.409,0.0
2020-11-27,2.405,2.405,2.405,2.405,0.0
2020-11-30,2.391,2.391,2.391,2.391,0.0
2020-12-01,2.453,2.453,2.453,2.453,0.0
2020-12-02,2.478,2.478,2.478,2.478,0.0
2020-12-03,2.45,2.45,2.45,2.45,0.0
2020-12-04,2.47,2.47,2.47,2.47,0.0
2020-12-07,2.441,2.441,2.441,2.441,0.0
2020-12-08,2.429,2.429,2.429,2.429,0.0
2020-12-09,2.439,2.439,2.439,2.439,0.0
2020-12-10,2.444,2.444,2.444,2.444,0.0
2020-12-11,2.463,2.463,2.463,2.463,0.0
2020-12-14,2.457,2.457,2.457,2.457,0.0
2020-12-15,2.442,2.442,2.442,2.442,0.0
2020-12-16,2.454,2.454,2.454,2.454,0.0
2020-12-17,2.442,2.442,2.442,2.442,0.0
2020-12-18,2.456,2.456,2.456,2.456,0.0
2020-12-21,2.427,2.427,2.427,2.427,0.0
2020-12-22,2.462,2.462,2.462,2.462,0.0
2020-12-23,2.457,2.457,2.457,2.457,0.0
2020-12-24,2.469,2.469,2.469,2.469,0.0
2020-12-28,2.388,2.388,2.388,2.388,0.0
2020-12-29,2.457,2.457,2.457,2.457,0.0
2020-12-30,2.428,2.428,2.428,2.428,0.0
2020-12-31,2.455,2.455,2.455,2.455,0.0
2021-01-04,2.463,2.463,2.463,2.463,0.0
2021-01-05,2.478,2.478,2.478,2.478,0.0
2021-01-06,2.511,2.511,2.511,2.511,0.0
2021-01-07,2.479,2.479,2.479,2.479,0.0
2021-01-08,2.463,2.463,2.463,2.463,0.0
2021-01-11,2.466,2.466,2.466,2.466,0.0
2021-01-12,2.484,2.484,2.484,2.484,0.0
2021-01-13,2.515,2.515,2.515,2.515,0.0
2021-01-14,2.463,2.463,2.463,2.463,0.0
2021-01-15,2.499,2.499,2.499,2.499,0.0
2021-01-19,2.491,2.491,2.491,2.491,0.0
2021-01-20,2.505,2.505,2.505,2.505,0.0
2021-01-21,2.51,2.51,2.51,2.51,0.0
2021-01-22,2.525,2.525,2.525,2.525,0.0
2021-01-25,2.482,2.482,2.482,2.482,0.0
2021-01-26,2.511,2.511,2.511,2.511,0.0
2021-01-27,2.526,2.526,2.526,2.526,0.0
2021-01-28,2.525,2.525,2.525,2.525,0.0
2021-01-29,2.519,2.519,2.519,2.519,0.0
2021-02-01,2.523,2.523,2.523,2.523,0.0
2021-02-02,2.519,2.519,2.519,2.519,0.0
2021-02-03,2.5,2.5,2.5,2.5,0.0
2021-02-04,2.476,2.476,2.476,2.476,0.0
2021-02-05,2.485,2.485,2.485,2.485,0.0
2021-02-08,2.505,2.505,2.505,2.505,0.0
2021-02-09,2.505,2.505,2.505,2.505,0.0
2021-02-10,2.51,2.51,2.51,2.51,0.0
2021-02-11,2.497,2.497,2.497,2.497,0.0
2021-02-12,2.491,2.491,2.491,2.491,0.0
2021-02-16,2.508,2.508,2.508,2.508,0.0
2021-02-17,2.503,2.503,2.503,2.503,0.0
2021-02-18,2.493,2.493,2.493,2.493,0.0
2021-02-19,2.489,2.489,2.489,2.489,0.0
2021-02-22,2.491,2.491,2.491,2.491,0.0
2021-02-23,2.496,2.496,2.496,2.496,0.0
2021-02-24,2.49,2.49,2.49,2.49,0.0
2021-02-25,2.439,2.439,2.439,2.439,0.0
2021-02-26,2.462,2.462,2.462,2.462,0.0
2021-03-01,2.48,2.48,2.48,2.48,0.0
2021-03-02,2.489,2.489,2.489,2.489,0.0
2021-03-03,2.464,2.464,2.464,2.464,0.0
2021-03-04,2.439,2.439,2.439,2.439,0.0
2021-03-05,2.445,2.445,2.445,2.445,0.0
2021-03-08,2.463,2.463,2.463,2.463,0.0
2021-03-09,2.47,2.47,2.47,2.47,0.0
2021-03-10,2.468,2.468,2.468,2.468,0.0
2021-03-11,2.465,2.465,2.465,2.465,0.0
2021-03-12,2.482,2.482,2.482,2.482,0.0
2021-03-15,2.455,2.455,2.455,2.455,0.0
2021-03-16,2.487,2.487,2.487,2.487,0.0
2021-03-17,2.468,2.468,2.468,2.468,0.0
2021-03-18,2.482,2.482,2.482,2.482,0.0
2021-03-19,2.488,2.488,2.488,2.488,0.0
2021-03-22,2.484,2.484,2.484,2.484,0.0
2021-03-23,2.498,2.498,2.498,2.498,0.0
2021-03-24,2.501,2.501,2.501,2.501,0.0
2021-03-25,2.501,2.501,2.501,2.501,0.0
2021-03-26,2.503,2.503,2.503,2.503,0.0
2021-03-29,2.524,2.524,2.524,2.524,0.0
2021-03-30,2.535,2.535,2.535,2.535,0.0
2021-03-31,2.541,2.541,2.541,2.541,0.0
2021-04-01,2.563,2.563,2.563,2.563,0.0
2021-04-05,2.55,2.55,2.55,2.55,0.0
2021-04-06,2.555,2.555,2.555,2.555,0.0
2021-04-07,2.558,2.558,2.558,2.558,0.0
2021-04-08,2.558,2.558,2.558,2.558,0.0
2021-04-09,2.592,2.592,2.592,2.592,0.0
2021-04-12,2.601,2.601,2.601,2.601,0.0
2021-04-13,2.584,2.584,2.584,2.584,0.0
2021-04-14,2.593,2.593,2.593,2.593,0.0
2021-04-15,2.597,2.597,2.597,2.597,0.0
2021-04-16,2.61,2.61,2.61,2.61,0.0
2021-04-19,2.604,2.604,2.604,2.604,0.0
2021-04-20,2.556,2.556,2.556,2.556,0.0
2021-04-21,2.547,2.547,2.547,2.547,0.0
2021-04-22,2.528,2.528,2.528,2.528,0.0
2021-04-23,2.536,2.536,2.536,2.536,0.0
2021-04-26,2.532,2.532,2.522,2.522,8.0
2021-04-27,2.521,2.521,2.521,2.521,0.0
2021-04-28,2.533,2.533,2.533,2.533,0.0
2021-04-29,2.535,2.535,2.535,2.535,0.0
2021-04-30,2.55,2.55,2.55,2.55,0.0
2021-05-03,2.553,2.553,2.553,2.553,0.0
2021-05-04,2.562,2.562,2.562,2.562,0.0
2021-05-05,2.564,2.564,2.564,2.564,0.0
2021-05-06,2.56,2.56,2.554,2.554,6.0
2021-05-07,2.561,2.561,2.561,2.561,0.0
2021-05-10,2.564,2.564,2.564,2.564,0.0
2021-05-11,2.561,2.561,2.561,2.561,0.0
2021-05-12,2.56,2.56,2.56,2.56,0.0
2021-05-13,2.55,2.55,2.55,2.55,0.0
2021-05-14,2.556,2.556,2.556,2.556,0.0
2021-05-17,2.56,2.56,2.56,2.56,0.0
2021-05-18,2.529,2.529,2.529,2.529,0.0
2021-05-19,2.533,2.533,2.533,2.533,0.0
2021-05-20,2.538,2.538,2.538,2.538,0.0
2021-05-21,2.55,2.55,2.55,2.55,0.0
2021-05-24,2.544,2.544,2.544,2.544,0.0
2021-05-25,2.555,2.555,2.555,2.555,0.0
2021-05-26,2.534,2.534,2.534,2.534,0.0
2021-05-27,2.531,2.531,2.531,2.531,0.0
2021-05-28,2.541,2.541,2.541,2.541,0.0
2021-06-01,2.533,2.533,2.533,2.533,0.0
2021-06-02,2.543,2.543,2.543,2.543,0.0
2021-06-03,2.53,2.53,2.53,2.53,0.0
2021-06-04,2.581,2.581,2.581,2.581,0.0
2021-06-07,2.552,2.552,2.552,2.552,0.0
2021-06-08,2.533,2.533,2.533,2.533,0.0
2021-06-09,2.54,2.54,2.54,2.54,0.0
2021-06-10,2.529,2.529,2.529,2.529,0.0
2021-06-11,2.528,2.528,2.528,2.528,0.0
2021-06-14,2.537,2.537,2.537,2.537,0.0
2021-06-15,2.522,2.522,2.522,2.522,0.0
2021-06-16,2.575,2.575,2.575,2.575,0.0
2021-06-17,2.58,2.58,2.58,2.58,0.0
2021-06-18,2.589,2.589,2.589,2.589,0.0
2021-06-21,2.586,2.586,2.586,2.586,0.0
2021-06-22,2.586,2.586,2.586,2.586,0.0
2021-06-23,2.587,2.587,2.587,2.587,0.0
2021-06-24,2.575,2.575,2.575,2.575,0.0
2021-06-25,2.631,2.631,2.631,2.631,0.0
2021-06-28,2.641,2.641,2.641,2.641,0.0
2021-06-29,2.669,2.669,2.669,2.669,0.0
2021-06-30,2.689,2.689,2.665,2.665,2.0
2021-07-01,2.653,2.653,2.653,2.653,0.0
2021-07-02,2.645,2.645,2.645,2.645,0.0
2021-07-06,2.637,2.637,2.637,2.637,0.0
2021-07-07,2.649,2.649,2.649,2.649,0.0
2021-07-08,2.661,2.661,2.661,2.661,0.0
2021-07-09,2.667,2.667,2.667,2.667,0.0
2021-07-12,2.672,2.672,2.672,2.672,0.0
2021-07-13,2.671,2.671,2.671,2.671,0.0
2021-07-14,2.664,2.664,2.664,2.664,0.0
2021-07-15,2.672,2.672,2.672,2.672,0.0
2021-07-16,2.678,2.678,2.678,2.678,0.0
2021-07-19,2.688,2.688,2.688,2.688,0.0
2021-07-20,2.695,2.695,2.695,2.695,0.0
2021-07-21,2.69,2.69,2.69,2.69,0.0
2021-07-22,2.692,2.692,2.692,2.692,0.0
2021-07-23,2.698,2.698,2.698,2.698,0.0
2021-07-26,2.706,2.706,2.706,2.706,0.0
2021-07-27,2.676,2.676,2.676,2.676,0.0
2021-07-28,2.668,2.668,2.668,2.668,0.0
2021-07-29,2.643,2.643,2.643,2.643,0.0
2021-07-30,2.663,2.663,2.663,2.663,0.0
2021-08-02,2.677,2.677,2.677,2.677,0.0
2021-08-03,2.669,2.669,2.669,2.669,0.0
2021-08-04,2.679,2.679,2.679,2.679,0.0
2021-08-05,2.644,2.644,2.644,2.644,0.0
2021-08-06,2.653,2.653,2.653,2.653,0.0
2021-08-09,2.669,2.669,2.669,2.669,0.0
2021-08-10,2.666,2.666,2.666,2.666,0.0
2021-08-11,2.681,2.681,2.681,2.681,0.0
2021-08-12,2.762,2.762,2.762,2.762,0.0
2021-08-13,2.729,2.729,2.729,2.729,2.0
2021-08-16,2.741,2.741,2.741,2.741,0.0
2021-08-17,2.754,2.754,2.754,2.754,0.0
2021-08-18,2.752,2.752,2.752,2.752,0.0
2021-08-19,2.763,2.763,2.763,2.763,0.0
2021-08-20,2.762,2.762,2.762,2.762,0.0
2021-08-23,2.764,2.764,2.764,2.764,0.0
2021-08-24,2.76,2.76,2.76,2.76,0.0
2021-08-25,2.777,2.777,2.777,2.777,0.0
2021-08-26,2.808,2.808,2.808,2.808,0.0
2021-08-27,2.81,2.81,2.81,2.81,0.0
2021-08-30,2.813,2.813,2.813,2.813,0.0
2021-08-31,2.802,2.802,2.802,2.802,0.0
2021-09-01,2.811,2.811,2.811,2.811,0.0
2021-09-02,2.811,2.811,2.811,2.811,0.0
2021-09-03,2.815,2.815,2.815,2.815,0.0
2021-09-07,2.845,2.845,2.845,2.845,0.0
2021-09-08,2.897,2.897,2.897,2.897,0.0
2021-09-09,2.977,2.977,2.977,2.977,0.0
2021-09-10,2.959,2.959,2.959,2.959,0.0
2021-09-13,2.974,2.974,2.974,2.974,5.0
2021-09-14,2.968,2.968,2.968,2.968,5.0
2021-09-15,2.919,2.919,2.919,2.919,0.0
2021-09-16,2.922,2.922,2.922,2.922,0.0
2021-09-17,2.915,2.915,2.915,2.915,0.0
2021-09-20,2.951,2.951,2.951,2.951,0.0
2021-09-21,2.968,2.968,2.968,2.968,0.0
2021-09-22,2.985,2.985,2.985,2.985,0.0
2021-09-23,2.992,2.992,2.992,2.992,0.0
2021-09-24,2.957,2.957,2.957,2.957,0.0
2021-09-27,2.97,2.97,2.97,2.97,0.0
2021-09-28,2.893,2.893,2.893,2.893,0.0
2021-09-29,2.904,2.904,2.904,2.904,7.0
2021-09-30,2.911,2.911,2.911,2.911,5.0
2021-10-01,2.901,2.901,2.901,2.901,5.0
2021-10-04,2.91,2.91,2.91,2.91,0.0
2021-10-05,2.925,2.925,2.925,2.925,0.0
2021-10-06,2.963,2.963,2.963,2.963,0.0
2021-10-07,2.963,2.963,2.963,2.963,0.0
2021-10-08,3.004,3.004,3.004,3.004,0.0
2021-10-11,2.99,2.99,2.99,2.99,0.0
2021-10-12,2.975,2.975,2.975,2.975,0.0
2021-10-13,2.98,2.98,2.98,2.98,0.0
2021-10-14,3.015,3.015,3.015,3.015,0.0
2021-10-15,3.024,3.024,3.024,3.024,0.0
2021-10-18,3.03,3.03,3.03,3.03,7.0
2021-10-19,3.014,3.014,3.014,3.014,5.0
2021-10-20,3.017,3.017,3.017,3.017,0.0
2021-10-21,3.03,3.03,3.03,3.03,0.0
2021-10-22,3.035,3.035,3.035,3.035,0.0
2021-10-25,3.078,3.078,3.078,3.078,0.0
2021-10-26,3.056,3.056,3.056,3.056,0.0
2021-10-27,2.993,2.993,2.993,2.993,0.0
2021-10-28,2.994,2.994,2.994,2.994,0.0
2021-10-29,2.945,2.945,2.945,2.945,0.0
2021-11-01,2.84,2.84,2.84,2.84,0.0
2021-11-02,2.901,2.901,2.901,2.901,0.0
2021-11-03,2.895,2.895,2.895,2.895,0.0
2021-11-04,2.919,2.919,2.919,2.919,0.0
2021-11-05,2.93,2.93,2.907,2.907,2.0
2021-11-08,2.96,2.96,2.96,2.96,0.0
2021-11-09,2.956,2.956,2.956,2.956,0.0
2021-11-10,2.982,2.982,2.982,2.982,0.0
2021-11-11,2.999,2.999,2.999,2.999,0.0
2021-11-12,2.95,2.95,2.95,2.95,0.0
2021-11-15,2.963,2.963,2.963,2.963,0.0
2021-11-16,3.034,3.034,3.034,3.034,0.0
2021-11-17,2.965,2.965,2.965,2.965,15.0
2021-11-18,2.953,2.953,2.953,2.953,0.0
2021-11-19,2.927,2.927,2.927,2.927,0.0
2021-11-22,2.909,2.909,2.909,2.909,0.0
2021-11-23,2.956,2.956,2.956,2.956,0.0
2021-11-24,2.954,2.954,2.954,2.954,0.0
2021-11-26,2.993,2.993,2.993,2.993,0.0
2021-11-29,2.985,2.985,2.985,2.985,0.0
2021-11-30,2.958,2.958,2.958,2.958,0.0
2021-12-01,2.966,2.966,2.966,2.966,0.0
2021-12-02,2.97,2.97,2.97,2.97,0.0
2021-12-03,2.98,2.98,2.98,2.98,0.0
2021-12-06,2.952,2.952,2.952,2.952,0.0
2021-12-07,2.956,2.956,2.956,2.956,0.0
2021-12-08,2.915,2.915,2.915,2.915,0.0
2021-12-09,2.955,2.955,2.955,2.955,10.0
2021-12-10,2.989,2.989,2.989,2.989,10.0
2021-12-13,2.893,2.893,2.893,2.893,0.0
2021-12-14,2.931,2.931,2.931,2.931,4.0
2021-12-15,2.937,2.937,2.937,2.937,0.0
2021-12-16,2.954,2.954,2.954,2.954,0.0
2021-12-17,2.967,2.967,2.967,2.967,0.0
2021-12-20,2.982,2.982,2.982,2.982,0.0
2021-12-21,2.966,2.966,2.966,2.966,0.0
2021-12-22,2.967,2.967,2.967,2.967,0.0
2021-12-23,2.915,2.93,2.915,2.93,4.0
2021-12-27,2.916,2.916,2.916,2.916,0.0
2021-12-28,2.932,2.932,2.932,2.932,0.0
2021-12-29,2.954,2.954,2.954,2.954,0.0
2021-12-30,2.942,2.942,2.942,2.942,0.0
2021-12-31,2.916,2.916,2.916,2.916,6.0
2022-01-03,2.928,2.928,2.928,2.928,0.0
2022-01-04,2.927,2.927,2.927,2.927,0.0
2022-01-05,2.931,2.931,2.931,2.931,0.0
2022-01-06,2.945,2.945,2.945,2.945,0.0
2022-01-07,2.978,2.978,2.978,2.978,0.0
2022-01-10,2.983,2.983,2.983,2.983,0.0
2022-01-11,2.972,2.972,2.972,2.972,0.0
2022-01-12,2.947,2.947,2.947,2.947,0.0
2022-01-13,2.95,2.95,2.95,2.95,0.0
2022-01-14,2.926,2.926,2.926,2.926,0.0
2022-01-18,2.945,2.945,2.945,2.945,0.0
2022-01-19,2.992,2.992,2.992,2.992,0.0
2022-01-20,2.995,2.995,2.995,2.995,0.0
2022-01-21,2.983,2.983,2.983,2.983,0.0
2022-01-24,2.972,2.972,2.972,2.972,0.0
2022-01-25,2.992,2.992,2.992,2.992,0.0
2022-01-26,2.993,2.993,2.993,2.993,0.0
2022-01-27,2.978,2.978,2.978,2.978,0.0
2022-01-28,2.971,2.971,2.971,2.971,0.0
2022-01-31,2.975,2.975,2.97,2.97,1.0
2022-02-01,2.955,2.955,2.955,2.955,0.0
2022-02-02,2.965,2.974,2.965,2.974,1.0
2022-02-03,2.965,2.965,2.965,2.965,0.0
2022-02-04,3.005,3.005,3.005,3.005,25.0
2022-02-07,3.021,3.021,3.021,3.021,0.0
2022-02-08,3.013,3.013,3.013,3.013,30.0
2022-02-09,3.008,3.008,3.008,3.008,0.0
2022-02-10,3.013,3.013,3.013,3.013,25.0
2022-02-11,3.053,3.053,3.053,3.053,0.0
2022-02-14,3.094,3.094,3.094,3.094,0.0
2022-02-15,3.082,3.082,3.082,3.082,0.0
2022-02-16,3.111,3.111,3.111,3.111,0.0
2022-02-17,3.093,3.093,3.093,3.093,0.0
2022-02-18,3.093,3.093,3.093,3.093,0.0
2022-02-22,3.138,3.138,3.138,3.138,0.0
2022-02-23,3.224,3.224,3.224,3.224,11.0
2022-02-24,3.265,3.265,3.23,3.23,12.0
2022-02-25,3.122,3.122,3.122,3.122,0.0
2022-02-28,3.199,3.199,3.199,3.199,0.0
2022-03-01,3.27,3.27,3.27,3.27,0.0
2022-03-02,3.317,3.317,3.317,3.317,15.0
2022-03-03,3.295,3.295,3.295,3.295,0.0
2022-03-04,3.348,3.348,3.348,3.348,0.0
2022-03-07,3.35,3.403,3.35,3.403,1.0
2022-03-08,3.413,3.413,3.413,3.413,0.0
2022-03-09,3.368,3.368,3.368,3.368,0.0
2022-03-10,3.336,3.336,3.336,3.336,0.0
2022-03-11,3.351,3.351,3.351,3.351,0.0
2022-03-14,3.394,3.394,3.394,3.394,0.0
2022-03-15,3.388,3.388,3.388,3.388,0.0
2022-03-16,3.384,3.384,3.384,3.384,0.0
2022-03-17,3.401,3.401,3.401,3.401,0.0
2022-03-18,3.353,3.353,3.353,3.353,0.0
2022-03-21,3.334,3.334,3.334,3.334,0.0
2022-03-22,3.345,3.345,3.345,3.345,0.0
2022-03-23,3.356,3.356,3.356,3.356,0.0
2022-03-24,3.382,3.382,3.382,3.382,0.0
2022-03-25,3.451,3.451,3.451,3.451,0.0
2022-03-28,3.541,3.541,3.541,3.541,12.0
2022-03-29,3.555,3.555,3.555,3.555,0.0
2022-03-30,3.657,3.657,3.657,3.657,0.0
2022-03-31,3.74,3.74,3.74,3.74,5.0
2022-04-01,3.792,3.792,3.792,3.792,40.0
2022-04-04,3.859,3.859,3.859,3.859,0.0
2022-04-05,3.92,3.938,3.92,3.938,4.0
2022-04-06,3.99,3.99,3.99,3.99,2.0
2022-04-07,3.975,3.975,3.975,3.975,0.0
2022-04-08,3.963,3.963,3.963,3.963,0.0
2022-04-11,4.012,4.012,4.012,4.012,0.0
2022-04-12,4.034,4.034,4.034,4.034,0.0
2022-04-13,4.06,4.06,4.042,4.042,1.0
2022-04-14,4.049,4.049,4.049,4.049,0.0
2022-04-18,4.084,4.084,4.084,4.084,0.0
2022-04-19,4.072,4.072,4.072,4.072,4.0
2022-04-20,4.018,4.018,4.018,4.018,0.0
2022-04-21,3.961,3.961,3.961,3.961,0.0
2022-04-22,3.788,3.788,3.788,3.788,0.0
2022-04-25,3.7,3.778,3.7,3.778,20.0
2022-04-26,3.843,3.843,3.843,3.843,0.0
2022-04-27,3.818,3.818,3.818,3.818,0.0
2022-04-28,3.814,3.814,3.814,3.814,0.0
2022-04-29,3.807,3.807,3.807,3.807,0.0
2022-05-02,3.893,3.893,3.893,3.893,0.0
2022-05-03,3.953,3.953,3.953,3.953,0.0
2022-05-04,4.003,4.003,4.003,4.003,1.0
2022-05-05,4.036,4.036,4.036,4.036,3.0
2022-05-06,3.983,3.983,3.983,3.983,1.0
2022-05-09,3.879,3.879,3.879,3.879,1.0
2022-05-10,3.906,3.906,3.906,3.906,12.0
2022-05-11,3.965,3.965,3.965,3.965,0.0
2022-05-12,3.975,3.975,3.975,3.975,0.0
2022-05-13,4.024,4.024,4.024,4.024,1.0
2022-05-16,4.074,4.074,4.074,4.074,1.0
2022-05-17,4.061,4.061,4.061,4.061,0.0
2022-05-18,4.108,4.108,4.108,4.108,0.0
2022-05-19,4.047,4.047,4.047,4.047,0.0
2022-05-20,4.056,4.056,4.056,4.056,0.0
2022-05-23,4.097,4.097,4.097,4.097,0.0
2022-05-24,4.076,4.076,4.076,4.076,0.0
2022-05-25,4.15,4.15,4.116,4.116,11.0
2022-05-26,4.17,4.17,4.17,4.17,4.0
2022-05-27,4.194,4.194,4.194,4.194,0.0
2022-05-31,4.14,4.14,4.14,4.14,0.0
2022-06-01,4.314,4.314,4.314,4.314,0.0
2022-06-02,4.314,4.315,4.295,4.315,3.0
2022-06-03,4.382,4.382,4.382,4.382,3.0
2022-06-06,4.481,4.481,4.481,4.481,0.0
2022-06-07,4.516,4.516,4.516,4.516,0.0
2022-06-08,4.586,4.586,4.586,4.586,14.0
2022-06-09,4.677,4.677,4.677,4.677,0.0
2022-06-10,4.73,4.73,4.73,4.73,0.0
2022-06-13,4.673,4.673,4.673,4.673,0.0
2022-06-14,4.595,4.595,4.595,4.595,0.0
2022-06-15,4.635,4.635,4.635,4.635,0.0
2022-06-16,4.619,4.619,4.619,4.619,15.0
2022-06-17,4.5,4.5,4.5,4.5,0.0
2022-06-21,4.487,4.487,4.487,4.487,0.0
2022-06-22,4.516,4.516,4.516,4.516,0.0
2022-06-23,4.494,4.494,4.494,4.494,55.0
2022-06-24,4.31,4.31,4.31,4.31,60.0
2022-06-27,4.352,4.352,4.352,4.352,0.0
2022-06-28,4.322,4.322,4.322,4.322,0.0
2022-06-29,4.339,4.339,4.339,4.339,0.0
2022-06-30,4.084,4.084,4.084,4.084,0.0
2022-07-01,4.122,4.122,4.122,4.122,0.0
2022-07-05,3.972,3.972,3.972,3.972,0.0
2022-07-06,4.064,4.064,4.064,4.064,0.0
2022-07-07,4.159,4.159,4.159,4.159,5.0
2022-07-08,4.158,4.158,4.158,4.158,0.0
2022-07-11,4.192,4.192,4.192,4.192,0.0
2022-07-12,4.103,4.103,4.103,4.103,0.0
2022-07-13,4.19,4.19,4.19,4.19,0.0
2022-07-14,4.112,4.112,4.112,4.112,0.0
2022-07-15,4.186,4.186,4.186,4.186,0.0
2022-07-18,4.142,4.142,4.142,4.142,0.0
2022-07-19,4.148,4.148,4.148,4.148,0.0
2022-07-20,4.291,4.291,4.291,4.291,0.0
2022-07-21,4.196,4.196,4.196,4.196,0.0
2022-07-22,4.2,4.2,4.2,4.2,0.0
2022-07-25,4.256,4.256,4.256,4.256,0.0
2022-07-26,4.283,4.283,4.283,4.283,0.0
2022-07-27,4.281,4.281,4.281,4.281,10.0
2022-07-28,4.257,4.257,4.257,4.257,0.0
2022-07-29,4.252,4.252,4.252,4.252,0.0
2022-08-01,4.235,4.235,4.235,4.235,0.0
2022-08-02,4.237,4.237,4.237,4.237,5.0
2022-08-03,4.258,4.258,4.258,4.258,0.0
2022-08-04,4.239,4.239,4.239,4.239,0.0
2022-08-05,4.238,4.238,4.238,4.238,0.0
2022-08-08,4.2,4.2,4.2,4.2,0.0
2022-08-09,4.248,4.248,4.248,4.248,0.0
2022-08-10,4.278,4.278,4.278,4.278,0.0
2022-08-11,4.377,4.377,4.377,4.377,5.0
2022-08-12,4.365,4.365,4.365,4.365,5.0
2022-08-15,4.456,4.456,4.456,4.456,6.0
2022-08-16,4.495,4.495,4.495,4.495,65.0
2022-08-17,4.464,4.464,4.464,4.464,41.0
2022-08-18,4.47,4.47,4.47,4.47,11.0
2022-08-19,4.486,4.486,4.486,4.486,0.0
2022-08-22,4.545,4.545,4.545,4.545,0.0
2022-08-23,4.552,4.552,4.552,4.552,0.0
2022-08-24,4.561,4.561,4.561,4.561,0.0
2022-08-25,4.623,4.623,4.623,4.623,0.0
2022-08-26,4.647,4.647,4.647,4.647,5.0
2022-08-29,4.66,4.66,4.66,4.66,4.0
2022-08-30,4.667,4.667,4.667,4.667,0.0
2022-08-31,4.719,4.719,4.719,4.719,22.0
2022-09-01,4.787,4.787,4.787,4.787,21.0
2022-09-02,4.841,4.841,4.841,4.841,16.0
2022-09-06,4.821,4.821,4.821,4.821,0.0
2022-09-07,4.732,4.732,4.732,4.732,0.0
2022-09-08,4.648,4.648,4.648,4.648,1.0
2022-09-09,4.699,4.699,4.699,4.699,52.0
2022-09-12,4.721,4.721,4.721,4.721,0.0
2022-09-13,4.75,4.75,4.75,4.75,0.0
2022-09-14,4.794,4.794,4.794,4.794,0.0
2022-09-15,4.748,4.748,4.748,4.748,0.0
2022-09-16,4.67,4.67,4.67,4.67,0.0
2022-09-19,4.67,4.67,4.63,4.63,10.0
2022-09-20,4.607,4.607,4.607,4.607,20.0
2022-09-21,4.48,4.48,4.48,4.48,5.0
2022-09-22,4.368,4.368,4.368,4.368,19.0
2022-09-23,4.369,4.369,4.369,4.369,6.0
2022-09-26,4.305,4.305,4.305,4.305,14.0
2022-09-27,4.289,4.289,4.289,4.289,12.0
2022-09-28,4.303,4.303,4.303,4.303,5.0
2022-09-29,4.288,4.288,4.288,4.288,9.0
2022-09-30,4.294,4.294,4.294,4.294,0.0
2022-10-03,4.244,4.244,4.244,4.244,7.0
2022-10-04,4.273,4.273,4.273,4.273,10.0
2022-10-05,4.24,4.24,4.24,4.24,0.0
2022-10-06,4.267,4.267,4.267,4.267,0.0
2022-10-07,4.274,4.274,4.274,4.274,5.0
2022-10-10,4.281,4.281,4.281,4.281,2.0
2022-10-11,4.319,4.319,4.319,4.319,7.0
2022-10-12,4.272,4.272,4.272,4.272,10.0
2022-10-13,4.265,4.265,4.265,4.265,7.0
2022-10-14,4.272,4.272,4.272,4.272,18.0
2022-10-17,4.256,4.256,4.256,4.256,4.0
2022-10-18,4.221,4.221,4.221,4.221,5.0
2022-10-19,4.196,4.196,4.196,4.196,54.0
2022-10-20,4.185,4.185,4.185,4.185,40.0
2022-10-21,4.145,4.145,4.145,4.145,7.0
2022-10-24,4.186,4.186,4.186,4.186,0.0
2022-10-25,4.2,4.2,4.191,4.191,5.0
2022-10-26,4.227,4.227,4.227,4.227,66.0
2022-10-27,4.22,4.22,4.22,4.22,2.0
2022-10-28,4.216,4.216,4.216,4.216,0.0
2022-10-31,4.235,4.235,4.235,4.235,2.0
2022-11-01,4.2,4.2,4.2,4.2,0.0
2022-11-02,4.239,4.239,4.239,4.239,0.0
2022-11-03,4.258,4.258,4.258,4.258,0.0
2022-11-04,4.357,4.357,4.357,4.357,0.0
2022-11-07,4.359,4.359,4.359,4.359,13.0
2022-11-08,4.33,4.33,4.33,4.33,0.0
2022-11-09,4.344,4.344,4.344,4.344,2.0
2022-11-10,4.344,4.344,4.344,4.344,2.0
2022-11-11,4.343,4.343,4.343,4.343,17.0
2022-11-14,4.312,4.312,4.312,4.312,0.0
2022-11-15,4.347,4.347,4.347,4.347,1.0
2022-11-16,4.366,4.366,4.366,4.366,0.0
2022-11-17,4.378,4.378,4.378,4.378,14.0
2022-11-18,4.381,4.381,4.381,4.381,0.0
2022-11-21,4.335,4.335,4.335,4.335,25.0
2022-11-22,4.34,4.34,4.34,4.34,25.0
2022-11-23,4.332,4.332,4.332,4.332,0.0
2022-11-25,4.326,4.326,4.326,4.326,0.0
2022-11-28,4.26,4.26,4.26,4.26,0.0
2022-11-29,4.297,4.297,4.297,4.297,0.0
2022-11-30,4.311,4.311,4.311,4.311,0.0
2022-12-01,4.316,4.316,4.316,4.316,0.0
2022-12-02,4.315,4.315,4.303,4.303,26.0
2022-12-05,4.298,4.298,4.298,4.298,0.0
2022-12-06,4.311,4.311,4.311,4.311,13.0
2022-12-07,4.316,4.316,4.316,4.316,15.0
2022-12-08,4.351,4.351,4.351,4.351,1.0
2022-12-09,4.355,4.355,4.355,4.355,0.0
2022-12-12,4.384,4.384,4.384,4.384,0.0
2022-12-13,4.372,4.372,4.372,4.372,0.0
2022-12-14,4.37,4.37,4.37,4.37,0.0
2022-12-15,4.392,4.392,4.392,4.392,0.0
2022-12-16,4.426,4.426,4.426,4.426,0.0
2022-12-19,4.466,4.466,4.466,4.466,0.0
2022-12-20,4.461,4.461,4.461,4.461,10.0
2022-12-21,4.357,4.357,4.357,4.357,5.0
2022-12-22,4.274,4.274,4.274,4.274,35.0
2022-12-23,4.272,4.272,4.272,4.272,0.0
2022-12-27,4.358,4.358,4.358,4.358,0.0
2022-12-28,4.28,4.28,4.28,4.28,7.0
2022-12-29,4.258,4.258,4.258,4.258,0.0
2022-12-30,4.273,4.273,4.273,4.273,0.0
2023-01-03,4.219,4.219,4.219,4.219,5.0
2023-01-04,4.222,4.222,4.222,4.222,0.0
2023-01-05,4.114,4.114,4.114,4.114,1.0
2023-01-06,4.058,4.058,4.058,4.058,0.0
2023-01-09,4.066,4.066,4.066,4.066,6.0
2023-01-10,4.09,4.09,4.09,4.09,1.0
2023-01-11,4.056,4.056,4.056,4.056,3.0
2023-01-12,4.055,4.055,4.055,4.055,0.0
2023-01-13,4.064,4.064,4.064,4.064,40.0
2023-01-17,4.08,4.08,4.08,4.08,0.0
2023-01-18,4.078,4.078,4.078,4.078,50.0
2023-01-19,4.085,4.085,4.085,4.085,0.0
2023-01-20,4.094,4.094,4.094,4.094,20.0
2023-01-23,4.108,4.108,4.108,4.108,0.0
2023-01-24,4.077,4.077,4.077,4.077,0.0
2023-01-25,4.02,4.02,4.02,4.02,0.0
2023-01-26,4.022,4.022,4.022,4.022,0.0
2023-01-27,4.013,4.013,4.013,4.013,0.0
2023-01-30,3.934,3.934,3.934,3.934,0.0
2023-01-31,3.945,3.945,3.945,3.945,8.0
2023-02-01,3.842,3.842,3.842,3.842,40.0
2023-02-02,3.822,3.822,3.822,3.822,2.0
2023-02-03,3.781,3.781,3.781,3.781,0.0
2023-02-06,3.764,3.764,3.764,3.764,0.0
2023-02-07,3.86,3.86,3.86,3.86,20.0
2023-02-08,3.83,3.83,3.816,3.816,28.0
2023-02-09,3.768,3.768,3.768,3.768,21.0
2023-02-10,3.75,3.75,3.75,3.75,0.0
2023-02-13,3.693,3.693,3.693,3.693,11.0
2023-02-14,3.717,3.717,3.717,3.717,19.0
2023-02-15,3.702,3.702,3.702,3.702,0.0
2023-02-16,3.702,3.702,3.702,3.702,0.0
2023-02-17,3.664,3.664,3.664,3.664,50.0
2023-02-21,3.679,3.679,3.679,3.679,761.0
2023-02-22,3.709,3.709,3.709,3.709,52.0
2023-02-23,3.757,3.757,3.757,3.757,0.0
2023-02-24,3.801,3.801,3.801,3.801,50.0
2023-02-27,3.841,3.841,3.841,3.841,60.0
2023-02-28,3.889,3.889,3.889,3.889,0.0
2023-03-01,3.97,3.97,3.97,3.97,10.0
2023-03-02,3.978,3.978,3.978,3.978,0.0
2023-03-03,4.018,4.018,4.018,4.018,1.0
2023-03-06,4.038,4.038,4.038,4.038,0.0
2023-03-07,4.179,4.179,4.179,4.179,65.0
2023-03-08,4.146,4.146,4.146,4.146,3.0
2023-03-09,4.058,4.058,4.058,4.058,66.0
2023-03-10,4.137,4.137,4.137,4.137,0.0
2023-03-13,4.148,4.148,4.148,4.148,0.0
2023-03-14,4.199,4.199,4.199,4.199,0.0
2023-03-15,4.158,4.158,4.158,4.158,0.0
2023-03-16,4.2,4.2,4.2,4.2,14.0
2023-03-17,4.193,4.193,4.193,4.193,0.0
2023-03-20,4.119,4.119,4.119,4.119,0.0
2023-03-21,4.191,4.191,4.191,4.191,0.0
2023-03-22,4.13,4.13,4.13,4.13,0.0
2023-03-23,4.17,4.17,4.17,4.17,110.0
2023-03-24,4.136,4.136,4.136,4.136,12.0
2023-03-27,4.097,4.097,4.097,4.097,0.0
2023-03-28,4.068,4.068,4.068,4.068,0.0
2023-03-29,4.06,4.095,4.06,4.095,80.0
2023-03-30,4.064,4.064,4.064,4.064,21.0
2023-03-31,4.083,4.083,4.083,4.083,0.0
2023-04-03,4.062,4.062,4.062,4.062,0.0
2023-04-04,4.074,4.074,4.074,4.074,0.0
2023-04-05,4.03,4.03,4.03,4.03,7.0
2023-04-06,3.986,3.986,3.986,3.986,0.0
2023-04-10,4.061,4.061,4.061,4.061,0.0
2023-04-11,4.071,4.071,4.071,4.071,20.0
2023-04-12,3.997,3.997,3.997,3.997,23.0
2023-04-13,3.965,3.965,3.965,3.965,0.0
2023-04-14,3.985,3.985,3.985,3.985,0.0
2023-04-17,4.061,4.061,4.061,4.061,0.0
2023-04-18,4.059,4.059,4.059,4.059,0.0
2023-04-19,4.081,4.081,4.081,4.081,0.0
2023-04-20,4.113,4.113,4.113,4.113,0.0
2023-04-21,4.12,4.12,4.12,4.12,0.0
2023-04-24,4.153,4.153,4.153,4.153,257.0
2023-04-25,4.131,4.131,4.131,4.131,0.0
2023-04-26,4.112,4.112,4.112,4.112,0.0
2023-04-27,4.116,4.116,4.116,4.116,0.0
2023-04-28,4.135,4.135,4.135,4.135,0.0
2023-05-01,4.092,4.092,4.092,4.092,0.0
2023-05-02,4.088,4.088,4.088,4.088,0.0
2023-05-03,4.075,4.075,4.075,4.075,0.0
2023-05-04,4.09,4.09,4.09,4.09,0.0
2023-05-05,4.087,4.087,4.087,4.087,0.0
2023-05-08,4.055,4.055,4.055,4.055,0.0
2023-05-09,4.01,4.038,4.01,4.038,4.0
2023-05-10,4.024,4.024,4.024,4.024,12.0
2023-05-11,4.017,4.017,4.017,4.017,0.0
2023-05-12,4.017,4.017,4.007,4.007,60.0
2023-05-15,4.011,4.011,4.011,4.011,0.0
2023-05-16,3.984,3.984,3.984,3.984,0.0
2023-05-17,3.953,3.953,3.953,3.953,0.0
2023-05-18,3.96,3.96,3.96,3.96,0.0
2023-05-19,3.905,3.905,3.905,3.905,10.0
2023-05-22,3.868,3.868,3.868,3.868,0.0
2023-05-23,3.839,3.839,3.839,3.839,0.0
2023-05-24,3.894,3.894,3.894,3.894,0.0
2023-05-25,3.865,3.865,3.865,3.865,0.0
2023-05-26,3.893,3.893,3.893,3.893,0.0
2023-05-30,3.853,3.853,3.853,3.853,0.0
2023-05-31,3.818,3.818,3.818,3.818,0.0
2023-06-01,3.676,3.676,3.676,3.676,0.0
2023-06-02,3.716,3.716,3.716,3.716,0.0
2023-06-05,3.736,3.736,3.736,3.736,0.0
2023-06-06,3.724,3.724,3.724,3.724,0.0
2023-06-07,3.741,3.741,3.741,3.741,0.0
2023-06-08,3.758,3.758,3.758,3.758,0.0
2023-06-09,3.738,3.738,3.738,3.738,0.0
2023-06-12,3.734,3.735,3.734,3.735,1.0
2023-06-13,3.736,3.736,3.73,3.73,1.0
2023-06-14,3.765,3.765,3.765,3.765,6.0
2023-06-15,3.777,3.777,3.777,3.777,10.0
2023-06-16,3.777,3.777,3.747,3.747,9.0
2023-06-20,3.794,3.794,3.794,3.794,0.0
2023-06-21,3.82,3.849,3.82,3.849,40.0
2023-06-22,3.867,3.867,3.867,3.867,0.0
2023-06-23,3.816,3.816,3.816,3.816,3.0
2023-06-26,3.795,3.795,3.795,3.795,6.0
2023-06-27,3.787,3.787,3.787,3.787,3.0
2023-06-28,3.744,3.744,3.744,3.744,19.0
2023-06-29,3.707,3.707,3.707,3.707,0.0
2023-06-30,3.725,3.725,3.725,3.725,0.0
2023-07-03,3.726,3.726,3.726,3.726,0.0
2023-07-05,3.699,3.699,3.699,3.699,0.0
2023-07-06,3.716,3.716,3.716,3.716,1.0
2023-07-07,3.725,3.725,3.725,3.725,0.0
2023-07-10,3.73,3.73,3.73,3.73,0.0
2023-07-11,3.743,3.743,3.743,3.743,20.0
2023-07-12,3.739,3.739,3.739,3.739,0.0
2023-07-13,3.69,3.69,3.69,3.69,0.0
2023-07-14,3.726,3.726,3.726,3.726,0.0
2023-07-17,3.715,3.715,3.715,3.715,0.0
2023-07-18,3.742,3.742,3.742,3.742,0.0
2023-07-19,3.728,3.728,3.728,3.728,0.0
2023-07-20,3.752,3.752,3.752,3.752,265.0
2023-07-21,3.777,3.777,3.77,3.77,1.0
2023-07-24,3.803,3.803,3.803,3.803,0.0
2023-07-25,3.817,3.817,3.817,3.817,0.0
2023-07-26,3.841,3.841,3.841,3.841,25.0
2023-07-27,3.83,3.83,3.83,3.83,0.0
2023-07-28,3.839,3.839,3.839,3.839,0.0
2023-07-31,3.824,3.824,3.824,3.824,0.0
2023-08-01,3.801,3.801,3.801,3.801,0.0
2023-08-02,3.825,3.825,3.825,3.825,0.0
2023-08-03,3.812,3.812,3.812,3.812,0.0
2023-08-04,3.8,3.8,3.8,3.8,0.0
2023-08-07,3.846,3.846,3.846,3.846,0.0
2023-08-08,3.84,3.84,3.84,3.84,0.0
2023-08-09,3.802,3.802,3.802,3.802,0.0
2023-08-10,3.787,3.787,3.787,3.787,0.0
2023-08-11,3.827,3.827,3.827,3.827,0.0
2023-08-14,3.83,3.83,3.83,3.83,0.0
2023-08-15,3.834,3.834,3.834,3.834,0.0
2023-08-16,3.839,3.839,3.837,3.837,8.0
2023-08-17,3.824,3.824,3.824,3.824,50.0
2023-08-18,3.809,3.809,3.809,3.809,0.0
2023-08-21,3.84,3.84,3.84,3.84,7.0
2023-08-22,3.819,3.819,3.819,3.819,0.0
2023-08-23,3.835,3.835,3.835,3.835,105.0
2023-08-24,3.83,3.83,3.786,3.786,103.0
2023-08-25,3.788,3.788,3.788,3.788,57.0
2023-08-28,3.782,3.782,3.782,3.782,0.0
2023-08-29,3.75,3.75,3.75,3.75,0.0
2023-08-30,3.788,3.788,3.788,3.788,75.0
2023-08-31,3.799,3.799,3.799,3.799,0.0
2023-09-01,3.784,3.784,3.784,3.784,5.0
2023-09-05,3.747,3.747,3.747,3.747,57.0
2023-09-06,3.759,3.759,3.759,3.759,0.0
2023-09-07,3.742,3.742,3.742,3.742,0.0
2023-09-08,3.748,3.748,3.748,3.748,0.0
2023-09-11,3.695,3.695,3.695,3.695,68.0
2023-09-12,3.74,3.741,3.74,3.741,500.0
2023-09-13,3.784,3.784,3.784,3.784,32.0
2023-09-14,3.79,3.796,3.783,3.796,47.0
2023-09-15,3.781,3.781,3.752,3.752,35.0
2023-09-18,3.753,3.793,3.753,3.793,126.0
2023-09-19,3.785,3.785,3.785,3.785,0.0
2023-09-20,3.805,3.805,3.805,3.805,40.0
2023-09-21,3.828,3.828,3.828,3.828,300.0
2023-09-22,3.853,3.869,3.853,3.869,11.0
2023-09-25,3.833,3.833,3.833,3.833,0.0
2023-09-26,3.853,3.853,3.853,3.853,0.0
2023-09-27,3.823,3.823,3.823,3.823,8.0
2023-09-28,3.847,3.847,3.847,3.847,70.0
2023-09-29,3.839,3.839,3.839,3.839,139.0
2023-10-02,3.83,3.83,3.83,3.83,75.0
2023-10-03,3.862,3.862,3.862,3.862,0.0
2023-10-04,3.83,3.83,3.83,3.83,7.0
2023-10-05,3.841,3.841,3.841,3.841,25.0
2023-10-06,3.837,3.837,3.837,3.837,1.0
2023-10-09,3.854,3.854,3.854,3.854,5.0
2023-10-10,3.872,3.872,3.872,3.872,0.0
2023-10-11,3.886,3.886,3.886,3.886,119.0
2023-10-12,3.915,3.915,3.915,3.915,267.0
2023-10-13,3.92,3.92,3.92,3.92,0.0
2023-10-16,3.91,3.91,3.91,3.91,0.0
2023-10-17,3.917,3.917,3.917,3.917,150.0
2023-10-18,3.915,3.915,3.91,3.91,23.0
2023-10-19,3.918,3.918,3.918,3.918,10.0
2023-10-20,3.924,3.924,3.924,3.924,7.0
2023-10-23,3.928,3.928,3.928,3.928,0.0
2023-10-24,3.913,3.913,3.913,3.913,0.0
2023-10-25,3.921,3.921,3.921,3.921,1.0
2023-10-26,3.908,3.908,3.908,3.908,0.0
2023-10-27,3.877,3.877,3.877,3.877,122.0
2023-10-30,3.899,3.899,3.899,3.899,0.0
2023-10-31,3.915,3.915,3.882,3.882,152.0
2023-11-01,3.946,3.946,3.946,3.946,101.0
2023-11-02,4.017,4.017,4.017,4.017,66.0
2023-11-03,4.012,4.012,4.012,4.012,93.0
2023-11-06,4.032,4.032,4.032,4.032,64.0
2023-11-07,4.029,4.029,4.029,4.029,245.0
2023-11-08,3.98,3.98,3.98,3.98,469.0
2023-11-09,3.969,3.969,3.969,3.969,16.0
2023-11-10,3.957,3.957,3.957,3.957,0.0
2023-11-13,3.97,3.97,3.97,3.97,223.0
2023-11-14,3.965,3.965,3.965,3.965,36.0
2023-11-15,3.998,3.998,3.998,3.998,5.0
2023-11-16,3.976,3.976,3.976,3.976,6.0
2023-11-17,3.95,3.95,3.95,3.95,8.0
2023-11-20,3.922,3.922,3.922,3.922,9.0
2023-11-21,3.879,3.879,3.879,3.879,8.0
2023-11-22,3.886,3.886,3.886,3.886,201.0
2023-11-24,3.923,3.923,3.923,3.923,15.0
2023-11-27,3.921,3.921,3.921,3.921,165.0
2023-11-28,3.855,3.855,3.855,3.855,740.0
2023-11-29,3.855,3.876,3.855,3.876,67.0
2023-11-30,3.86,3.86,3.825,3.825,1027.0
2023-12-01,3.846,3.846,3.846,3.846,590.0
2023-12-04,3.801,3.801,3.801,3.801,135.0
2023-12-05,3.801,3.808,3.791,3.808,48.0
2023-12-06,3.751,3.751,3.623,3.653,164.0
2023-12-07,3.638,3.644,3.638,3.644,515.0
2023-12-08,3.593,3.593,3.593,3.593,1606.0
2023-12-11,3.535,3.56,3.521,3.555,1173.0
2023-12-12,3.56,3.581,3.56,3.57,291.0
2023-12-13,3.575,3.601,3.57,3.601,400.0
2023-12-14,3.647,3.647,3.647,3.647,520.0
2023-12-15,3.651,3.717,3.651,3.717,691.0
2023-12-18,3.72,3.72,3.72,3.72,37.0
2023-12-19,3.683,3.683,3.683,3.683,0.0
2023-12-20,3.704,3.704,3.704,3.704,12.0
2023-12-21,3.714,3.714,3.714,3.714,50.0
2023-12-22,3.611,3.611,3.611,3.611,156.0
2023-12-26,3.585,3.585,3.585,3.585,6.0
2023-12-27,3.639,3.639,3.639,3.639,100.0
2023-12-28,3.678,3.678,3.678,3.678,55.0
2023-12-29,3.707,3.707,3.707,3.707,637.0
2024-01-02,3.709,3.709,3.709,3.709,30.0
2024-01-03,3.709,3.709,3.709,3.709,16.0
2024-01-04,3.721,3.721,3.721,3.721,163.0
2024-01-05,3.75,3.763,3.75,3.763,1270.0
2024-01-08,3.788,3.788,3.788,3.788,821.0
2024-01-09,3.771,3.771,3.771,3.771,85.0
2024-01-10,3.746,3.75,3.746,3.75,23.0
2024-01-11,3.732,3.732,3.732,3.732,3.0
2024-01-12,3.72,3.72,3.72,3.72,18.0
2024-01-16,3.713,3.713,3.713,3.713,189.0
2024-01-17,3.755,3.755,3.755,3.755,160.0
2024-01-18,3.735,3.746,3.735,3.746,66.0
2024-01-19,3.7,3.7,3.695,3.699,27.0
2024-01-22,3.653,3.653,3.653,3.653,22.0
2024-01-23,3.727,3.727,3.727,3.727,25.0
2024-01-24,3.709,3.709,3.709,3.709,38.0
2024-01-25,3.65,3.65,3.628,3.628,194.0
2024-01-26,3.647,3.647,3.647,3.647,0.0
2024-01-29,3.611,3.611,3.611,3.611,0.0
2024-01-30,3.607,3.607,3.607,3.607,0.0
2024-01-31,3.619,3.619,3.619,3.619,119.0
2024-02-01,3.619,3.619,3.609,3.609,123.0
2024-02-02,3.65,3.65,3.644,3.644,1020.0
2024-02-05,3.64,3.64,3.64,3.64,215.0
2024-02-06,3.639,3.639,3.639,3.639,17.0
2024-02-07,3.638,3.646,3.638,3.646,241.0
2024-02-08,3.636,3.636,3.636,3.636,6.0
2024-02-09,3.65,3.65,3.65,3.65,1408.0
2024-02-12,3.645,3.645,3.633,3.633,5.0
2024-02-13,3.63,3.633,3.63,3.633,282.0
2024-02-14,3.584,3.584,3.584,3.584,263.0
2024-02-15,3.542,3.542,3.542,3.542,15.0
2024-02-16,3.506,3.506,3.506,3.506,80.0
2024-02-20,3.549,3.549,3.549,3.549,4.0
2024-02-21,3.595,3.615,3.595,3.615,359.0
2024-02-22,3.605,3.651,3.605,3.651,42.0
2024-02-23,3.624,3.624,3.624,3.624,68.0
2024-02-26,3.641,3.641,3.641,3.641,2523.0
2024-02-27,3.647,3.647,3.647,3.647,11.0
2024-02-28,3.662,3.673,3.662,3.673,19.0
2024-02-29,3.682,3.682,3.663,3.663,11.0
2024-03-01,3.653,3.653,3.653,3.653,0.0
2024-03-04,3.681,3.681,3.681,3.681,0.0
2024-03-05,3.689,3.689,3.689,3.689,0.0
2024-03-06,3.685,3.689,3.685,3.688,9.0
2024-03-07,3.674,3.674,3.674,3.674,75.0
2024-03-08,3.67,3.67,3.656,3.656,12.0
2024-03-11,3.657,3.657,3.657,3.657,0.0
2024-03-12,3.656,3.656,3.656,3.656,8.0
2024-03-13,3.666,3.666,3.666,3.666,500.0
2024-03-14,3.671,3.681,3.671,3.681,22.0
2024-03-15,3.638,3.638,3.638,3.638,9.0
2024-03-18,3.7,3.7,3.67,3.677,24.0
2024-03-19,3.64,3.676,3.64,3.676,123.0
2024-03-20,3.66,3.66,3.651,3.651,4.0
2024-03-21,3.637,3.637,3.637,3.637,0.0
2024-03-22,3.63,3.63,3.63,3.63,0.0
2024-03-25,3.595,3.626,3.595,3.626,7.0
2024-03-26,3.63,3.655,3.63,3.655,217.0
2024-03-27,3.635,3.645,3.635,3.645,7.0
2024-03-28,3.655,3.704,3.655,3.704,377.0
2024-04-01,3.675,3.711,3.675,3.711,10.0
2024-04-02,3.725,3.73,3.69,3.72,215.0
2024-04-03,3.7,3.723,3.7,3.723,25.0
2024-04-04,3.692,3.704,3.692,3.704,33.0
2024-04-05,3.695,3.705,3.695,3.699,31.0
2024-04-08,3.707,3.717,3.707,3.717,7.0
2024-04-09,3.735,3.735,3.713,3.735,96.0
2024-04-10,3.74,3.744,3.74,3.744,45.0
2024-04-11,3.797,3.797,3.792,3.792,576.0
2024-04-12,3.813,3.845,3.813,3.828,21.0
2024-04-15,3.85,3.888,3.85,3.888,329.0
2024-04-16,3.88,3.89,3.88,3.89,150.0
2024-04-17,3.893,3.893,3.875,3.881,125.0
2024-04-18,3.863,3.875,3.863,3.875,52.0
2024-04-19,3.88,3.88,3.874,3.875,288.0
2024-04-22,3.893,3.893,3.893,3.893,8.0
2024-04-23,3.908,3.908,3.892,3.892,9.0
2024-04-24,3.925,3.925,3.925,3.925,1.0
2024-04-25,3.93,3.93,3.908,3.908,202.0
2024-04-26,3.908,3.922,3.908,3.922,80.0
2024-04-29,3.937,3.937,3.937,3.937,37.0
2024-04-30,3.924,3.941,3.924,3.941,1520.0
2024-05-01,3.925,3.929,3.925,3.929,629.0
2024-05-02,3.916,3.916,3.916,3.916,124.0
2024-05-03,3.888,3.888,3.888,3.888,185.0
2024-05-06,3.893,3.893,3.893,3.893,645.0
2024-05-07,3.846,3.846,3.846,3.846,68.0
2024-05-08,3.8,3.807,3.8,3.807,216.0
2024-05-09,3.797,3.797,3.75,3.758,1162.0
2024-05-10,3.768,3.792,3.768,3.792,92.0
2024-05-13,3.794,3.794,3.794,3.794,13.0
2024-05-14,3.811,3.811,3.811,3.811,1302.0
2024-05-15,3.845,3.845,3.845,3.845,679.0
2024-05-16,3.885,3.885,3.885,3.885,1151.0
2024-05-17,3.899,3.899,3.899,3.899,973.0
2024-05-20,3.911,3.92,3.911,3.92,522.0
2024-05-21,3.901,3.901,3.901,3.901,1344.0
2024-05-22,3.898,3.898,3.898,3.898,1498.0
2024-05-23,3.9,3.9,3.873,3.873,2167.0
2024-05-24,3.844,3.844,3.844,3.844,335.0
2024-05-28,3.836,3.836,3.836,3.836,164.0
2024-05-29,3.787,3.787,3.787,3.787,1244.0
2024-05-30,3.765,3.765,3.765,3.765,611.0
2024-05-31,3.759,3.759,3.756,3.756,320.0
2024-06-03,3.763,3.775,3.763,3.765,183.0
2024-06-04,3.742,3.751,3.74,3.751,384.0
2024-06-05,3.788,3.788,3.788,3.788,202.0
2024-06-06,3.795,3.795,3.792,3.792,1145.0
2024-06-07,3.812,3.812,3.782,3.788,2572.0
2024-06-10,3.798,3.798,3.798,3.798,1087.0
2024-06-11,3.812,3.832,3.807,3.832,1860.0
2024-06-12,3.794,3.805,3.79,3.805,1084.0
2024-06-13,3.754,3.783,3.754,3.783,87.0
2024-06-14,3.789,3.789,3.789,3.789,276.0
2024-06-17,3.8,3.805,3.772,3.805,662.0
2024-06-18,3.823,3.823,3.823,3.823,365.0
2024-06-20,3.783,3.792,3.783,3.792,284.0
2024-06-21,3.78,3.782,3.77,3.782,20.0
2024-06-24,3.785,3.79,3.785,3.786,304.0
2024-06-25,3.78,3.78,3.78,3.78,416.0
2024-06-26,3.765,3.787,3.758,3.787,717.0
2024-06-27,3.72,3.72,3.715,3.718,101.0
2024-06-28,3.726,3.726,3.726,3.726,760.0
2024-07-01,3.72,3.72,3.715,3.715,105.0
2024-07-02,3.705,3.705,3.705,3.705,135.0
2024-07-03,3.687,3.687,3.687,3.687,286.0
2024-07-05,3.67,3.69,3.67,3.674,83.0
2024-07-08,3.675,3.694,3.675,3.692,17.0
2024-07-09,3.705,3.705,3.692,3.692,6.0
2024-07-10,3.68,3.69,3.675,3.69,680.0
2024-07-11,3.66,3.665,3.651,3.665,465.0
2024-07-12,3.65,3.667,3.648,3.648,563.0
2024-07-15,3.645,3.645,3.629,3.634,298.0
2024-07-16,3.642,3.642,3.613,3.617,285.0
2024-07-17,3.572,3.572,3.553,3.553,401.0
2024-07-18,3.554,3.564,3.554,3.564,514.0
2024-07-19,3.604,3.604,3.604,3.604,216.0
2024-07-22,3.63,3.635,3.63,3.635,984.0
2024-07-23,3.62,3.62,3.62,3.62,16.0
2024-07-24,3.601,3.601,3.601,3.601,438.0
2024-07-25,3.545,3.545,3.545,3.545,101.0
2024-07-26,3.552,3.552,3.552,3.552,120.0
2024-07-29,3.511,3.511,3.511,3.511,59.0
2024-07-30,3.51,3.51,3.499,3.51,600.0
2024-07-31,3.49,3.493,3.49,3.493,830.0
2024-08-01,3.487,3.487,3.464,3.464,852.0
2024-08-02,3.46,3.466,3.46,3.466,217.0
2024-08-05,3.439,3.439,3.418,3.429,212.0
2024-08-06,3.409,3.427,3.404,3.418,933.0
2024-08-07,3.44,3.454,3.44,3.446,525.0
2024-08-08,3.462,3.523,3.462,3.503,1639.0
2024-08-09,3.508,3.522,3.5,3.513,1266.0
2024-08-12,3.531,3.536,3.501,3.518,753.0
2024-08-13,3.52,3.529,3.475,3.479,683.0
2024-08-14,3.508,3.515,3.502,3.513,1074.0
2024-08-15,3.509,3.518,3.499,3.506,437.0
2024-08-16,3.482,3.49,3.448,3.455,257.0
2024-08-19,3.457,3.48,3.448,3.477,662.0
2024-08-20,3.474,3.52,3.46,3.52,811.0
2024-08-21,3.532,3.543,3.509,3.54,469.0
2024-08-22,3.502,3.54,3.496,3.536,584.0
2024-08-23,3.522,3.557,3.502,3.547,1543.0
2024-08-26,3.528,3.549,3.509,3.538,621.0
2024-08-27,3.525,3.541,3.514,3.527,514.0
2024-08-28,3.498,3.53,3.498,3.515,545.0
2024-08-29,3.49,3.5,3.47,3.496,781.0
2024-08-30,3.486,3.497,3.472,3.491,942.0
2024-09-03,3.471,3.502,3.464,3.49,935.0
2024-09-04,3.49,3.518,3.476,3.479,257.0
2024-09-05,3.48,3.512,3.466,3.478,249.0
2024-09-06,3.475,3.476,3.439,3.469,929.0
2024-09-09,3.488,3.488,3.449,3.476,367.0
2024-09-10,3.472,3.505,3.458,3.472,973.0
2024-09-11,3.49,3.493,3.472,3.475,826.0
2024-09-12,3.47,3.485,3.461,3.473,840.0
2024-09-13,3.468,3.481,3.457,3.465,1419.0
2024-09-16,3.456,3.481,3.455,3.471,249.0
2024-09-17,3.485,3.489,3.453,3.475,2072.0
2024-09-18,3.499,3.499,3.47,3.477,958.0
2024-09-19,3.475,3.498,3.474,3.496,464.0
2024-09-20,3.497,3.532,3.482,3.524,1447.0
2024-09-23,3.543,3.563,3.506,3.512,1386.0
2024-09-24,3.535,3.535,3.5,3.515,865.0
2024-09-25,3.542,3.549,3.536,3.549,467.0
2024-09-26,3.538,3.572,3.538,3.561,1300.0
2024-09-27,3.547,3.595,3.537,3.584,974.0
2024-09-30,3.566,3.599,3.552,3.576,970.0
2024-10-01,3.551,3.575,3.55,3.562,404.0
2024-10-02,3.562,3.586,3.552,3.569,1066.0
2024-10-03,3.587,3.592,3.579,3.585,492.0
2024-10-04,3.587,3.604,3.581,3.599,914.0
2024-10-07,3.605,3.62,3.591,3.601,1940.0
2024-10-08,3.606,3.607,3.568,3.59,440.0
2024-10-09,3.568,3.573,3.54,3.559,827.0
2024-10-10,3.547,3.561,3.504,3.556,1447.0
2024-10-11,3.564,3.567,3.515,3.533,1353.0
2024-10-14,3.509,3.51,3.488,3.497,1729.0
2024-10-15,3.475,3.535,3.466,3.525,683.0
2024-10-16,3.492,3.517,3.478,3.5,638.0
2024-10-17,3.487,3.519,3.465,3.512,226.0
2024-10-18,3.48,3.491,3.474,3.48,529.0
2024-10-21,3.469,3.518,3.453,3.501,1034.0
2024-10-22,3.508,3.546,3.499,3.535,1205.0
2024-10-23,3.504,3.556,3.5,3.547,858.0
2024-10-24,3.54,3.56,3.523,3.554,1076.0
2024-10-25,3.539,3.578,3.537,3.563,1566.0
2024-10-28,3.537,3.537,3.49,3.523,1876.0
2024-10-29,3.507,3.574,3.491,3.53,1129.0
2024-10-30,3.559,3.583,3.538,3.571,1875.0
2024-10-31,3.564,3.565,3.532,3.554,994.0
2024-11-01,3.543,3.556,3.522,3.544,975.0
2024-11-04,3.534,3.563,3.526,3.541,750.0
2024-11-05,3.533,3.553,3.506,3.51,1066.0
2024-11-06,3.487,3.565,3.484,3.546,2938.0
2024-11-07,3.532,3.547,3.494,3.535,929.0
2024-11-08,3.51,3.545,3.502,3.531,2049.0
2024-11-11,3.569,3.582,3.545,3.556,3457.0
2024-11-12,3.547,3.571,3.537,3.554,1970.0
2024-11-13,3.565,3.591,3.536,3.581,2862.0
2024-11-14,3.579,3.597,3.563,3.569,837.0
2024-11-15,3.575,3.602,3.569,3.598,959.0
2024-11-18,3.618,3.627,3.585,3.616,3322.0
2024-11-19,3.632,3.646,3.588,3.626,3302.0
2024-11-20,3.641,3.664,3.605,3.661,2710.0
2024-11-21,3.656,3.728,3.643,3.677,3456.0
2024-11-22,3.678,3.717,3.63,3.675,1337.0
2024-11-25,3.736,3.736,3.696,3.718,4016.0
2024-11-26,3.703,3.748,3.689,3.726,3150.0
2024-11-27,3.678,3.708,3.666,3.678,2640.0
2024-11-29,3.712,3.729,3.676,3.713,485.0
2024-12-02,3.666,3.718,3.664,3.705,1533.0
2024-12-03,3.731,3.739,3.65,3.659,1103.0
2024-12-04,3.642,3.716,3.642,3.707,1084.0
2024-12-05,3.711,3.733,3.7,3.715,1420.0
2024-12-06,3.691,3.732,3.687,3.727,3649.0
2024-12-09,3.744,3.773,3.702,3.723,1189.0
2024-12-10,3.699,3.723,3.682,3.719,1589.0
2024-12-11,3.7,3.748,3.7,3.723,2318.0
2024-12-12,3.728,3.74,3.692,3.729,1974.0
2024-12-13,3.731,3.739,3.687,3.707,849.0
2024-12-16,3.702,3.717,3.688,3.693,684.0
2024-12-17,3.694,3.719,3.677,3.712,2813.0
2024-12-18,3.694,3.727,3.68,3.69,963.0
2024-12-19,3.713,3.74,3.694,3.712,1569.0
2024-12-20,3.711,3.753,3.702,3.74,2714.0
2024-12-23,3.731,3.771,3.729,3.762,2012.0
2024-12-24,3.769,3.787,3.749,3.778,2292.0
2024-12-26,3.779,3.784,3.749,3.772,381.0
2024-12-27,3.818,3.826,3.779,3.825,1481.0
2024-12-30,3.827,3.883,3.813,3.851,3755.0
2024-12-31,3.842,3.844,3.78,3.815,1341.0
2025-01-02,3.829,3.864,3.792,3.821,2220.0
2025-01-03,3.792,3.829,3.739,3.759,1473.0
2025-01-06,3.77,3.806,3.77,3.788,2575.0
2025-01-07,3.748,3.819,3.747,3.764,3913.0
2025-01-08,3.82,3.836,3.784,3.793,2535.0
2025-01-09,3.793,3.844,3.765,3.803,3017.0
2025-01-10,3.833,3.846,3.806,3.809,1877.0
2025-01-13,3.892,3.892,3.817,3.822,2115.0
2025-01-14,3.829,3.847,3.791,3.834,2924.0
2025-01-15,3.828,3.88,3.814,3.875,4016.0
2025-01-16,3.859,3.97,3.842,3.954,5950.0
2025-01-17,3.855,3.931,3.853,3.882,3707.0
2025-01-21,3.853,3.895,3.846,3.861,1444.0
2025-01-22,3.853,3.955,3.853,3.924,2975.0
2025-01-23,3.958,3.969,3.896,3.946,1550.0
2025-01-24,3.931,3.952,3.89,3.952,2603.0
2025-01-27,3.885,3.899,3.803,3.862,2302.0
2025-01-28,3.839,3.842,3.788,3.792,1512.0
2025-01-29,3.776,3.867,3.775,3.849,5238.0
2025-01-30,3.851,3.884,3.775,3.778,4582.0
2025-01-31,3.795,3.815,3.758,3.784,2423.0
2025-02-03,3.864,3.893,3.837,3.865,2239.0
2025-02-04,3.831,3.867,3.81,3.844,3346.0
2025-02-05,3.841,3.886,3.805,3.868,1763.0
2025-02-06,3.877,3.895,3.846,3.872,1700.0
2025-02-07,3.864,3.882,3.829,3.845,2771.0
2025-02-10,3.88,3.956,3.862,3.948,4346.0
2025-02-11,3.983,4.01,3.944,3.983,4648.0
2025-02-12,3.978,3.998,3.952,3.995,5038.0
2025-02-13,4.017,4.055,3.979,4.017,8516.0
2025-02-14,4.058,4.079,4.013,4.035,3159.0
2025-02-18,4.019,4.143,3.955,4.142,13538.0
2025-02-19,4.121,4.191,4.087,4.161,13934.0
2025-02-20,4.172,4.18,4.046,4.061,3187.0
2025-02-21,4.08,4.117,4.038,4.063,6133.0
2025-02-24,4.02,4.053,4.002,4.034,1540.0
2025-02-25,4.023,4.058,4.016,4.057,6312.0
2025-02-26,4.049,4.067,3.93,3.947,4732.0
2025-02-27,3.949,3.976,3.916,3.928,4294.0
2025-02-28,3.933,3.96,3.916,3.949,4085.0
2025-03-03,3.94,4.026,3.932,4.01,8399.0
2025-03-04,3.998,4.07,3.951,4.022,11472.0
2025-03-05,4.024,4.088,3.998,4.083,5390.0
2025-03-06,4.083,4.087,4.035,4.048,6218.0
2025-03-07,4.025,4.197,4.016,4.176,6496.0
2025-03-10,4.375,4.493,4.207,4.224,5436.0
2025-03-11,4.212,4.29,4.204,4.276,4331.0
2025-03-12,4.211,4.245,4.18,4.208,5609.0
2025-03-13,4.207,4.279,4.157,4.263,5097.0
2025-03-14,4.241,4.326,4.22,4.288,4103.0
2025-03-17,4.304,4.314,4.249,4.269,2786.0
2025-03-18,4.238,4.29,4.233,4.253,2082.0
2025-03-19,4.276,4.304,4.25,4.296,3431.0
2025-03-20,4.272,4.291,4.213,4.218,3536.0
2025-03-21,4.208,4.256,4.189,4.215,2419.0
2025-03-24,4.197,4.26,4.178,4.232,2921.0
2025-03-25,4.185,4.262,4.185,4.23,2861.0
2025-03-26,4.239,4.26,4.21,4.222,1646.0
2025-03-27,4.212,4.258,4.158,4.251,3149.0
2025-03-28,4.22,4.28,4.204,4.252,5227.0
2025-03-31,4.28,4.293,4.255,4.275,3450.0
2025-04-01,4.263,4.29,4.216,4.22,3781.0
2025-04-02,4.232,4.273,4.219,4.248,5016.0
2025-04-03,4.235,4.279,4.205,4.236,4496.0
2025-04-04,4.217,4.239,4.035,4.09,5559.0
2025-04-07,4.01,4.097,3.93,3.969,6105.0
2025-04-08,3.962,4.04,3.866,3.902,11737.0
2025-04-09,3.867,4.05,3.76,4.043,12067.0
2025-04-10,3.995,4.029,3.855,3.913,11183.0
2025-04-11,3.854,3.935,3.842,3.931,4448.0
2025-04-14,3.896,4.001,3.877,3.886,2798.0
2025-04-15,3.89,3.953,3.887,3.946,4673.0
2025-04-16,3.919,4.004,3.905,3.991,8339.0
2025-04-17,3.995,4.044,3.977,4.015,5086.0
2025-04-21,4.005,4.04,3.916,3.92,8073.0
2025-04-22,3.945,3.974,3.92,3.934,8087.0
2025-04-23,3.941,4.003,3.924,3.964,7569.0
2025-04-24,3.942,3.993,3.929,3.984,4901.0
2025-04-25,3.99,4.027,3.961,3.982,8016.0
2025-04-28,3.999,4.075,3.946,4.052,6330.0
2025-04-29,4.076,4.103,4.045,4.084,9137.0
2025-04-30,4.113,4.147,4.073,4.129,6223.0
2025-05-01,4.163,4.211,4.144,4.191,7332.0
2025-05-02,4.182,4.262,4.162,4.242,3836.0
2025-05-05,4.285,4.352,4.269,4.288,7661.0
2025-05-06,4.307,4.35,4.267,4.288,5374.0
2025-05-07,4.318,4.333,4.274,4.281,7182.0
2025-05-08,4.27,4.299,4.231,4.248,3718.0
2025-05-09,4.23,4.299,4.23,4.294,4933.0
2025-05-12,4.23,4.303,4.23,4.274,3647.0
2025-05-13,4.246,4.328,4.246,4.315,3713.0
2025-05-14,4.23,4.311,4.23,4.27,3519.0
2025-05-15,4.264,4.316,4.251,4.262,5599.0
2025-05-16,4.265,4.293,4.232,4.28,5229.0
2025-05-19,4.237,4.245,4.106,4.124,10472.0
2025-05-20,4.143,4.235,4.128,4.228,5459.0
2025-05-21,4.232,4.297,4.203,4.236,3371.0
2025-05-22,4.235,4.28,4.211,4.243,2125.0
2025-05-23,4.27,4.29,4.243,4.289,2615.0
2025-05-27,4.29,4.344,4.26,4.29,4500.0
2025-05-28,4.291,4.306,4.21,4.228,4392.0
2025-05-29,4.232,4.238,4.148,4.193,11025.0
2025-05-30,4.215,4.223,4.158,4.181,8043.0
2025-06-02,4.21,4.282,4.204,4.261,4836.0
2025-06-03,4.288,4.31,4.246,4.301,3510.0
2025-06-04,4.305,4.342,4.297,4.333,8940.0
2025-06-05,4.327,4.356,4.295,4.33,4666.0
2025-06-06,4.322,4.385,4.322,4.375,3362.0
2025-06-09,4.344,4.354,4.303,4.35,3323.0
2025-06-10,4.358,4.368,4.296,4.32,2471.0
2025-06-11,4.323,4.34,4.267,4.297,6690.0
2025-06-12,4.315,4.341,4.268,4.272,2410.0
2025-06-13,4.311,4.321,4.255,4.291,3886.0
2025-06-16,4.326,4.335,4.31,4.324,2865.0
2025-06-17,4.336,4.38,4.33,4.367,5540.0
2025-06-18,4.379,4.438,4.365,4.398,7132.0
2025-06-20,4.398,4.455,4.37,4.39,6384.0
2025-06-23,4.408,4.424,4.34,4.363,2642.0
2025-06-24,4.338,4.373,4.303,4.319,5838.0
2025-06-25,4.325,4.336,4.294,4.307,2427.0
2025-06-26,4.297,4.319,4.267,4.309,7170.0
2025-06-27,4.328,4.365,4.306,4.353,2941.0
2025-06-30,4.343,4.343,4.199,4.218,9098.0
2025-07-01,4.227,4.234,4.063,4.184,9149.0
2025-07-02,4.162,4.211,4.131,4.201,4117.0
2025-07-03,4.206,4.261,4.13,4.146,5866.0
2025-07-07,4.106,4.207,4.062,4.178,4612.0
2025-07-08,4.163,4.217,4.158,4.171,3568.0
2025-07-09,4.16,4.177,4.082,4.14,6144.0
2025-07-10,4.128,4.215,4.114,4.202,4479.0
2025-07-11,4.205,4.243,4.184,4.236,2226.0
2025-07-14,4.268,4.311,4.246,4.287,4088.0
2025-07-15,4.26,4.32,4.26,4.304,3739.0
2025-07-16,4.312,4.318,4.278,4.298,3825.0
2025-07-17,4.288,4.311,4.233,4.264,3365.0
2025-07-18,4.24,4.275,4.138,4.243,8916.0
2025-07-21,4.152,4.185,4.095,4.135,6216.0
2025-07-22,4.12,4.146,4.074,4.141,8967.0
2025-07-23,4.125,4.138,4.053,4.064,11187.0
2025-07-24,4.058,4.097,4.044,4.055,9564.0
2025-07-25,4.05,4.074,4.001,4.016,4668.0
2025-07-28,4.001,4.014,3.896,3.946,9944.0
2025-07-29,3.956,3.988,3.946,3.966,7005.0
2025-07-30,3.976,4.006,3.925,3.953,7469.0
2025-07-31,3.928,3.999,3.916,3.991,6249.0
2025-08-01,3.975,3.998,3.963,3.995,2650.0
2025-08-04,3.965,3.982,3.886,3.921,7113.0
2025-08-05,3.914,3.956,3.905,3.931,5531.0
2025-08-06,3.929,3.978,3.896,3.967,6533.0
2025-08-07,3.961,3.991,3.937,3.964,5019.0
2025-08-08,3.97,3.988,3.896,3.911,6365.0
2025-08-11,3.872,3.935,3.866,3.918,6835.0
2025-08-12,3.918,3.932,3.858,3.882,11379.0
2025-08-13,3.874,3.897,3.847,3.867,6875.0
2025-08-14,3.854,3.88,3.817,3.845,8134.0
2025-08-15,3.849,3.909,3.83,3.879,6988.0
2025-08-18,3.86,3.9,3.847,3.889,6167.0
2025-08-19,3.88,3.882,3.822,3.849,9150.0
2025-08-20,3.857,3.866,3.834,3.853,11086.0
2025-08-21,3.873,3.898,3.836,3.883,8148.0
2025-08-22,3.887,3.887,3.831,3.841,7366.0
2025-08-25,3.813,3.833,3.79,3.82,6401.0
2025-08-26,3.815,3.865,3.792,3.847,6861.0
2025-08-27,3.86,3.913,3.857,3.882,7353.0
2025-08-28,3.889,3.949,3.862,3.929,7071.0
2025-08-29,3.941,3.973,3.918,3.956,7425.0
2025-09-02,3.926,3.973,3.903,3.922,11098.0
2025-09-03,3.912,3.967,3.9,3.927,8862.0
2025-09-04,3.921,3.943,3.903,3.929,10206.0
2025-09-05,3.93,3.941,3.874,3.891,10652.0
2025-09-08,3.932,3.935,3.889,3.911,10281.0
2025-09-09,3.901,3.933,3.872,3.918,12966.0
2025-09-10,3.921,3.931,3.882,3.903,11524.0
2025-09-11,3.904,3.924,3.891,3.908,9296.0
2025-09-12,3.898,3.915,3.88,3.887,9426.0
2025-09-15,3.906,3.918,3.856,3.918,9166.0
2025-09-16,3.88,3.949,3.88,3.945,8783.0
2025-09-17,3.95,3.973,3.928,3.958,7946.0
2025-09-18,3.943,3.96,3.901,3.917,10861.0
2025-09-19,3.914,3.947,3.899,3.915,8385.0
2025-09-22,3.935,3.935,3.876,3.88,8738.0
2025-09-23,3.879,3.888,3.843,3.86,8966.0
2025-09-24,3.866,3.879,3.836,3.868,8592.0
2025-09-25,3.876,3.92,3.867,3.893,12674.0
2025-09-26,3.906,3.925,3.88,3.911,11549.0
2025-09-29,3.884,3.947,3.884,3.939,11402.0
2025-09-30,3.948,3.967,3.924,3.929,9771.0
2025-10-01,3.943,4.03,3.933,4.019,16613.0
2025-10-02,4.013,4.109,4.0,4.062,14722.0
2025-10-03,4.077,4.092,4.044,4.059,14254.0
2025-10-06,4.1,4.124,4.047,4.06,8444.0
2025-10-07,4.058,4.135,4.037,4.118,11971.0
2025-10-08,4.119,4.135,4.063,4.074,13317.0
2025-10-09,4.056,4.08,4.011,4.04,12367.0
2025-10-10,4.019,4.019,3.974,3.988,17101.0
2025-10-13,3.984,4.006,3.951,3.991,9699.0
2025-10-14,3.967,3.973,3.92,3.927,9805.0
2025-10-15,3.922,3.948,3.887,3.928,9268.0
2025-10-16,3.935,3.951,3.89,3.893,12109.0
2025-10-17,3.895,3.95,3.866,3.946,9494.0
2025-10-20,4.0,4.071,3.984,4.065,17520.0
2025-10-21,4.043,4.106,4.019,4.085,12964.0
2025-10-22,4.084,4.111,4.04,4.058,10964.0
2025-10-23,4.068,4.099,4.017,4.045,10751.0
2025-10-24,4.011,4.057,3.982,4.027,11383.0
2025-10-27,4.067,4.072,3.994,4.045,10898.0
2025-10-28,4.03,4.036,3.959,3.979,18661.0
2025-10-29,3.992,3.993,3.932,3.97,13479.0
2025-10-30,3.961,4.08,3.949,4.025,12801.0
2025-10-31,4.09,4.114,4.051,4.095,20925.0
2025-11-03,4.114,4.153,4.066,4.151,21227.0
2025-11-04,4.134,4.218,4.115,4.176,22836.0
2025-11-05,4.155,4.17,4.096,4.11,17576.0
2025-11-06,4.104,4.149,4.062,4.124,14610.0
2025-11-07,4.141,4.154,4.094,4.133,23604.0
2025-11-10,4.22,4.22,4.071,4.123,20058.0
2025-11-11,4.138,4.214,4.104,4.204,27686.0
2025-11-12,4.212,4.232,4.173,4.211,13791.0
2025-11-13,4.211,4.264,4.192,4.226,19288.0
2025-11-14,4.213,4.219,4.12,4.177,17160.0
2025-11-17,4.15,4.175,4.111,4.139,15418.0
2025-11-18,4.119,4.151,4.08,4.123,19424.0
2025-11-19,4.133,4.204,4.119,4.184,18219.0
2025-11-20,4.19,4.222,4.155,4.162,15705.0
2025-11-21,4.161,4.202,4.137,4.172,26535.0
2025-11-24,4.117,4.142,4.09,4.133,22503.0
2025-11-25,4.108,4.119,4.015,4.039,33075.0
2025-11-26,4.045,4.082,4.023,4.042,24481.0
2025-11-28,4.05,4.117,4.017,4.103,11235.0
2025-12-01,4.108,4.129,4.075,4.107,24987.0
2025-12-02,4.093,4.127,4.079,4.12,35289.0
2025-12-03,4.13,4.26,4.115,4.248,42317.0
2025-12-04,4.253,4.312,4.225,4.305,32211.0
2025-12-05,4.304,4.459,4.3,4.398,42968.0
2025-12-08,4.339,4.353,4.125,4.169,37778.0
2025-12-09,4.151,4.154,4.052,4.058,33052.0
2025-12-10,4.081,4.112,4.012,4.081,21932.0
2025-12-11,4.093,4.096,3.971,4.004,31310.0
2025-12-12,3.95,3.987,3.854,3.868,34155.0
2025-12-15,3.891,3.909,3.771,3.817,25206.0
2025-12-16,3.838,3.84,3.736,3.78,40666.0
2025-12-17,3.815,3.873,3.797,3.84,23108.0
2025-12-18,3.87,3.917,3.716,3.756,38970.0
2025-12-19,3.744,3.778,3.688,3.751,22396.0
2025-12-22,3.809,3.815,3.63,3.672,24540.0
2025-12-23,3.681,3.834,3.669,3.809,23359.0
2025-12-24,3.821,3.86,3.748,3.752,12436.0
2025-12-26,3.774,3.846,3.767,3.83,12374.0
2025-12-29,3.868,3.917,3.834,3.905,17768.0
2025-12-30,3.886,3.973,3.875,3.889,15114.0
2025-12-31,3.893,3.893,3.75,3.761,26645.0
2026-01-02,3.73,3.75,3.673,3.681,20275.0
2026-01-05,3.67,3.675,3.497,3.556,35658.0
2026-01-06,3.548,3.549,3.463,3.511,29870.0
2026-01-07,3.549,3.609,3.543,3.584,25555.0
2026-01-08,3.605,3.622,3.5,3.51,36198.0
2026-01-09,3.522,3.525,3.356,3.372,49957.0
2026-01-12,3.433,3.496,3.373,3.486,41117.0
2026-01-13,3.451,3.526,3.409,3.519,22793.0
2026-01-14,3.489,3.512,3.315,3.396,43926.0
2026-01-15,3.373,3.409,3.301,3.401,26458.0
2026-01-16,3.41,3.444,3.345,3.39,26127.0
2026-01-20,3.526,3.73,3.484,3.724,67032.0
2026-01-21,3.696,3.99,3.639,3.883,77689.0
2026-01-22,3.833,4.01,3.808,3.926,71572.0
2026-01-23,3.905,3.997,3.852,3.958,51645.0
2026-01-26,4.092,4.185,3.949,4.08,67788.0
2026-01-27,4.06,4.117,3.917,4.081,62705.0
2026-01-28,4.047,4.123,3.987,4.051,39670.0
2026-01-29,4.041,4.144,4.014,4.14,35074.0
2026-01-30,4.093,4.437,4.07,4.384,93680.0
2026-02-02,4.18,4.18,3.6,3.693,159394.0
2026-02-03,3.683,3.795,3.595,3.725,55279.0
2026-02-04,3.762,3.854,3.728,3.799,39066.0
2026-02-05,3.795,3.867,3.725,3.804,53898.0
2026-02-06,3.811,3.891,3.712,3.741,41449.0
2026-02-09,3.698,3.698,3.555,3.613,36503.0
2026-02-10,3.611,3.669,3.587,3.611,53333.0
2026-02-11,3.634,3.69,3.569,3.646,35738.0
2026-02-12,3.676,3.723,3.625,3.642,29530.0
2026-02-13,3.635,3.64,3.554,3.633,19227.0
2026-02-17,3.549,3.603,3.479,3.516,33355.0
2026-02-18,3.526,3.527,3.444,3.497,27508.0
2026-02-19,3.503,3.564,3.493,3.531,24770.0
2026-02-20,3.519,3.645,3.505,3.557,33077.0
2026-02-23,3.65,3.696,3.503,3.511,20686.0
2026-02-24,3.522,3.523,3.439,3.446,22479.0
2026-02-25,3.452,3.517,3.435,3.465,19752.0
2026-02-26,3.482,3.485,3.4,3.441,23467.0
2026-02-27,3.439,3.49,3.435,3.462,20445.0
2026-03-02,3.514,3.646,3.482,3.544,47192.0
2026-03-03,3.58,3.763,3.558,3.616,73722.0
2026-03-04,3.595,3.642,3.503,3.52,32501.0
2026-03-05,3.538,3.675,3.533,3.62,53358.0
2026-03-06,3.622,3.833,3.583,3.746,85725.0
2026-03-09,3.85,3.994,3.559,3.674,90384.0
2026-03-10,3.594,3.686,3.517,3.579,85911.0
2026-03-11,3.612,3.74,3.575,3.724,45180.0
2026-03-12,3.735,3.81,3.653,3.714,38540.0
2026-03-13,3.717,3.758,3.608,3.636,35709.0
2026-03-16,3.645,3.67,3.502,3.533,32096.0
2026-03-17,3.539,3.61,3.524,3.548,26717.0
2026-03-18,3.554,3.7,3.458,3.55,44753.0
2026-03-19,3.696,3.771,3.55,3.612,64685.0
2026-03-20,3.588,3.619,3.536,3.591,33387.0
2026-03-23,3.62,3.637,3.428,3.438,50227.0
2026-03-24,3.457,3.504,3.378,3.444,30958.0
2026-03-25,3.405,3.469,3.354,3.44,23321.0
2026-03-26,3.459,3.51,3.399,3.442,43777.0
2026-03-27,3.441,3.549,3.432,3.527,24031.0
2026-03-30,3.528,3.549,3.397,3.419,26269.0
2026-03-31,3.424,3.473,3.333,3.344,52381.0
2026-04-01,3.338,3.342,3.257,3.284,35789.0
2026-04-02,3.292,3.353,3.277,3.294,35004.0
2026-04-06,3.359,3.359,3.284,3.299,19840.0
2026-04-07,3.298,3.359,3.261,3.348,19858.0
2026-04-08,3.313,3.313,3.214,3.243,56857.0
2026-04-09,3.259,3.276,3.203,3.231,34921.0
2026-04-10,3.234,3.25,3.195,3.229,32197.0
2026-04-13,3.276,3.308,3.204,3.222,27609.0
2026-04-14,3.226,3.24,3.158,3.182,37971.0
2026-04-15,3.181,3.196,3.153,3.19,24869.0
2026-04-16,3.19,3.244,3.168,3.21,22052.0
2026-04-17,3.234,3.255,3.171,3.229,28896.0
2026-04-20,3.261,3.28,3.216,3.242,19107.0
2026-04-21,3.225,3.266,3.21,3.247,28727.0
2026-04-22,3.24,3.299,3.228,3.26,19596.0
2026-04-23,3.246,3.273,3.136,3.188,37553.0
2026-04-24,3.167,3.173,3.104,3.136,30641.0
2026-04-27,3.148,3.23,3.142,3.162,58665.0
2026-04-28,3.163,3.19,3.125,3.141,19390.0
2026-04-29,3.13,3.143,3.073,3.095,20459.0
2026-04-30,3.089,3.196,3.045,3.178,43557.0
2026-05-01,3.16,3.223,3.16,3.203,28183.0
2026-05-04,3.194,3.301,3.185,3.288,30676.0
2026-05-05,3.27,3.279,3.172,3.197,24209.0
2026-05-06,3.193,3.193,3.098,3.134,29979.0
2026-05-07,3.11,3.173,3.07,3.137,49623.0
2026-05-08,3.149,3.197,3.107,3.124,29924.0
2026-05-11,3.133,3.231,3.133,3.215,39869.0
2026-05-12,3.215,3.234,3.114,3.141,32920.0
2026-05-13,3.129,3.182,3.1,3.131,39112.0
2026-05-14,3.141,3.177,3.083,3.154,62500.0
2026-05-15,3.2,3.212,3.146,3.181,50743.0
2026-05-18,3.2,3.276,3.185,3.248,49517.0
2026-05-19,3.248,3.355,3.24,3.343,53456.0
2026-05-20,3.359,3.359,3.195,3.204,72775.0
2026-05-21,3.22,3.241,3.163,3.196,61007.0
2026-05-22,3.171,3.19,3.054,3.065,58954.0
2026-05-26,3.094,3.143,3.04,3.052,43541.0
2026-05-27,3.055,3.176,3.015,3.122,79614.0
2026-05-28,3.115,3.325,3.097,3.308,63710.0
2026-05-29,3.333,3.408,3.305,3.327,55816.0
2026-06-01,3.355,3.42,3.214,3.232,46384.0
2026-06-02,3.241,3.277,3.158,3.211,37585.0
2026-06-03,3.21,3.304,3.193,3.262,42016.0
2026-06-04,3.293,3.408,3.267,3.373,59391.0
2026-06-05,3.391,3.402,3.26,3.285,52096.0
2026-06-08,3.25,3.25,3.167,3.218,46686.0
2026-06-09,3.225,3.27,3.19,3.204,44970.0
2026-06-10,3.203,3.292,3.141,3.239,58621.0
2026-06-11,3.234,3.256,3.117,3.144,61473.0
2026-06-12,3.142,3.182,3.087,3.16,42546.0
2026-06-15,3.149,3.18,3.065,3.169,44091.0
2026-06-16,3.169,3.271,3.149,3.249,45510.0
2026-06-17,3.267,3.303,3.157,3.186,39508.0
2026-06-18,3.201,3.274,3.176,3.268,37672.0
2026-06-22,3.249,3.355,3.227,3.266,44446.0
2026-06-23,3.255,3.292,3.167,3.177,37513.0
2026-06-24,3.199,3.26,3.171,3.252,39027.0
2026-06-25,3.248,3.335,3.209,3.277,86200.0
2026-06-26,3.253,3.345,3.246,3.255,60667.0
2026-06-29,3.27,3.287,3.143,3.158,50895.0
2026-06-30,3.153,3.264,3.137,3.213,76811.0
2026-07-01,3.204,3.209,3.147,3.164,32254.0
2026-07-02,3.156,3.158,3.096,3.123,50021.0
2026-07-06,3.13,3.179,3.077,3.121,111810.0
2026-07-07,3.126,3.181,3.088,3.164,72965.0
2026-07-08,3.174,3.235,3.134,3.141,53046.0
2026-07-09,3.143,3.164,2.97,2.981,82746.0
2026-07-10,2.99,2.993,2.868,2.924,63381.0
2026-07-13,2.939,2.939,2.846,2.893,56235.0
2026-07-14,2.893,2.908,2.857,2.895,56878.0
2026-07-15,2.904,2.923,2.861,2.911,52041.0
2026-07-16,2.911,2.957,2.83,2.854,70929.0
2026-07-17,2.884,2.916,2.841,2.905,47086.0
2026-07-20,2.892,2.91,2.846,2.874,53558.0
2026-07-21,2.857,2.91,2.857,2.873,40538.0
2026-07-22,2.889,2.95,2.875,2.926,49974.0
2026-07-23,2.938,2.996,2.938,2.95,63139.0
2026-07-24,2.945,3.012,2.909,2.919,64767.0
2026-07-27,2.897,2.898,2.804,2.823,61400.0
2026-07-28,2.804,2.809,2.718,2.744,72616.0
2026-07-29,2.722,2.8,2.711,2.769,65033.0
2026-07-30,2.774,2.817,2.73,2.799,72842.0
2026-07-31,2.785,2.84,2.756,2.787,60601.0
2026-08-03,2.79,2.846,2.756,2.824,57839.0
2026-08-04,2.813,2.829,2.704,2.728,70083.0
2026-08-05,2.738,2.752,2.708,2.736,50006.0
2026-08-06,2.72,2.747,2.67,2.688,79130.0
2026-08-07,2.682,2.742,2.668,2.721,89166.0
2026-08-10,2.763,2.862,2.76,2.852,122082.0
2026-08-11,2.836,2.873,2.807,2.83,113370.0
2026-08-12,2.81,2.887,2.81,2.862,111194.0
2026-08-13,2.849,2.856,2.768,2.785,154640.0
2026-08-14,2.791,2.836,2.763,2.785,101697.0
2026-08-17,2.743,2.749,2.685,2.729,120916.0
2026-08-18,2.743,2.822,2.722,2.803,127411.0
2026-08-19,2.81,2.877,2.781,2.826,161701.0
2026-08-20,2.79,2.811,2.739,2.76,149041.0
2026-08-21,2.792,2.824,2.773,2.811,135609.0
2026-08-24,2.793,2.891,2.761,2.835,164753.0
2026-08-25,2.807,2.851,2.747,2.821,153713.0
2026-08-26,2.845,2.927,2.839,2.874,189133.0
2026-08-27,2.903,2.99,2.892,2.914,188571.0
2026-08-28,2.906,2.932,2.836,2.888,132710.0
2026-08-31,2.875,2.947,2.832,2.935,145815.0
2026-09-01,2.931,2.955,2.851,2.904,148990.0
2026-09-02,2.946,3.002,2.91,2.956,134975.0
2026-09-03,2.998,3.026,2.885,2.913,197408.0
2026-09-04,2.926,2.986,2.902,2.975,150051.0
2026-09-08,2.931,3.014,2.863,2.916,248447.0
2026-09-09,2.907,2.907,2.799,2.822,178990.0
2026-09-10,2.809,2.844,2.753,2.834,174179.0
2026-09-11,2.838,2.846,2.773,2.831,128318.0
2026-09-14,2.868,2.911,2.849,2.896,195801.0
2026-09-15,2.884,2.952,2.87,2.919,142797.0
2026-09-16,2.938,2.978,2.878,2.891,149573.0
2026-09-17,2.894,2.959,2.859,2.901,172220.0
2026-09-18,2.871,2.943,2.846,2.912,154935.0
