DATETIME,OPEN,HIGH,LOW,FINAL,VOLUME
2011-12-29,6.563,6.563,6.563,6.563,0.0
2011-12-30,6.563,6.563,6.563,6.563,0.0
2012-01-03,6.562,6.562,6.562,6.562,0.0
2012-01-04,6.567,6.567,6.567,6.567,0.0
2012-01-05,6.598,6.598,6.598,6.598,0.0
2012-01-06,6.638,6.638,6.638,6.638,0.0
2012-01-09,6.619,6.619,6.619,6.619,0.0
2012-01-10,6.581,6.581,6.581,6.581,0.0
2012-01-11,6.631,6.631,6.631,6.631,0.0
2012-01-12,6.608,6.608,6.608,6.608,0.0
2012-01-13,6.608,6.608,6.608,6.608,0.0
2012-01-17,6.585,6.585,6.585,6.585,0.0
2012-01-18,6.496,6.496,6.496,6.496,0.0
2012-01-19,6.515,6.515,6.515,6.515,0.0
2012-01-20,6.356,6.356,6.356,6.356,0.0
2012-01-23,6.356,6.356,6.356,6.356,0.0
2012-01-24,6.392,6.392,6.392,6.392,0.0
2012-01-25,6.404,6.404,6.404,6.404,0.0
2012-01-26,6.346,6.346,6.346,6.346,0.0
2012-01-27,6.377,6.377,6.377,6.377,0.0
2012-01-30,6.352,6.352,6.352,6.352,0.0
2012-01-31,6.307,6.307,6.307,6.307,0.0
2012-02-01,6.287,6.287,6.287,6.287,0.0
2012-02-02,6.355,6.355,6.355,6.355,0.0
2012-02-03,6.403,6.403,6.403,6.403,0.0
2012-02-06,6.434,6.434,6.434,6.434,0.0
2012-02-07,6.342,6.342,6.342,6.342,0.0
2012-02-08,6.282,6.282,6.282,6.282,0.0
2012-02-09,6.147,6.147,6.147,6.147,0.0
2012-02-10,6.113,6.113,6.113,6.113,0.0
2012-02-13,6.113,6.113,6.113,6.113,0.0
2012-02-14,6.127,6.127,6.127,6.127,0.0
2012-02-15,6.127,6.127,6.127,6.127,0.0
2012-02-16,6.095,6.095,6.095,6.095,0.0
2012-02-17,6.115,6.115,6.115,6.115,0.0
2012-02-21,6.084,6.084,6.084,6.084,0.0
2012-02-22,6.146,6.146,6.146,6.146,0.0
2012-02-23,6.146,6.146,6.146,6.146,0.0
2012-02-24,6.109,6.109,6.109,6.109,0.0
2012-02-27,6.078,6.078,6.078,6.078,0.0
2012-02-28,6.067,6.067,6.067,6.067,0.0
2012-02-29,6.077,6.077,6.077,6.077,0.0
2012-03-01,6.032,6.032,6.032,6.032,0.0
2012-03-02,6.071,6.071,6.071,6.071,0.0
2012-03-05,5.998,5.998,5.998,5.998,0.0
2012-03-06,5.926,5.926,5.926,5.926,0.0
2012-03-07,5.881,5.881,5.881,5.881,0.0
2012-03-08,5.882,5.882,5.882,5.882,0.0
2012-03-09,5.983,5.983,5.983,5.983,0.0
2012-03-12,5.962,5.962,5.962,5.962,0.0
2012-03-13,6.011,6.011,6.011,6.011,0.0
2012-03-14,6.066,6.066,6.066,6.066,0.0
2012-03-15,6.066,6.066,6.066,6.066,0.0
2012-03-16,6.047,6.047,6.047,6.047,0.0
2012-03-19,6.054,6.054,6.054,6.054,0.0
2012-03-20,6.023,6.023,6.023,6.023,0.0
2012-03-21,6.013,6.013,6.013,6.013,0.0
2012-03-22,6.0,6.0,6.0,6.0,0.0
2012-03-23,6.02,6.02,6.02,6.02,0.0
2012-03-26,6.032,6.032,6.032,6.032,0.0
2012-03-27,6.011,6.011,6.011,6.011,0.0
2012-03-28,6.023,6.023,6.023,6.023,0.0
2012-03-29,6.0,6.0,6.0,6.0,0.0
2012-03-30,6.068,6.068,6.068,6.068,0.0
2012-04-02,6.052,6.052,6.052,6.052,0.0
2012-04-03,6.052,6.052,6.052,6.052,0.0
2012-04-04,6.052,6.052,6.052,6.052,0.0
2012-04-05,6.019,6.019,6.019,6.019,0.0
2012-04-09,6.039,6.039,6.039,6.039,0.0
2012-04-10,6.018,6.018,6.018,6.018,0.0
2012-04-11,5.982,5.982,5.982,5.982,0.0
2012-04-12,5.895,5.895,5.895,5.895,0.0
2012-04-13,5.883,5.883,5.883,5.883,0.0
2012-04-16,5.853,5.853,5.853,5.853,0.0
2012-04-17,5.792,5.792,5.792,5.792,0.0
2012-04-18,5.77,5.77,5.77,5.77,0.0
2012-04-19,5.74,5.74,5.74,5.74,0.0
2012-04-20,5.677,5.677,5.677,5.677,0.0
2012-04-23,5.636,5.636,5.636,5.636,0.0
2012-04-24,5.67,5.67,5.67,5.67,0.0
2012-04-25,5.569,5.569,5.569,5.569,0.0
2012-04-26,5.593,5.593,5.593,5.593,0.0
2012-04-27,5.594,5.594,5.594,5.594,0.0
2012-04-30,5.634,5.634,5.634,5.634,0.0
2012-05-01,5.636,5.636,5.636,5.636,0.0
2012-05-02,5.639,5.639,5.639,5.639,0.0
2012-05-03,5.644,5.644,5.644,5.644,0.0
2012-05-04,5.636,5.636,5.636,5.636,0.0
2012-05-07,5.646,5.646,5.646,5.646,0.0
2012-05-08,5.639,5.639,5.639,5.639,0.0
2012-05-09,5.668,5.668,5.668,5.668,0.0
2012-05-10,5.653,5.653,5.653,5.653,0.0
2012-05-11,5.633,5.633,5.633,5.633,0.0
2012-05-14,5.641,5.641,5.641,5.641,0.0
2012-05-15,5.673,5.673,5.673,5.673,0.0
2012-05-16,5.701,5.701,5.701,5.701,0.0
2012-05-17,5.69,5.69,5.69,5.69,0.0
2012-05-18,5.729,5.729,5.729,5.729,0.0
2012-05-21,5.669,5.669,5.669,5.669,0.0
2012-05-22,5.71,5.71,5.71,5.71,0.0
2012-05-23,5.694,5.694,5.694,5.694,0.0
2012-05-24,5.703,5.703,5.703,5.703,0.0
2012-05-25,5.748,5.748,5.748,5.748,0.0
2012-05-29,5.714,5.714,5.714,5.714,0.0
2012-05-30,5.672,5.672,5.672,5.672,0.0
2012-05-31,5.747,5.747,5.747,5.747,0.0
2012-06-01,5.707,5.707,5.707,5.707,0.0
2012-06-04,5.709,5.709,5.709,5.709,0.0
2012-06-05,5.651,5.651,5.651,5.651,0.0
2012-06-06,5.646,5.646,5.646,5.646,0.0
2012-06-07,5.625,5.625,5.625,5.625,0.0
2012-06-08,5.646,5.646,5.646,5.646,0.0
2012-06-11,5.609,5.609,5.609,5.609,0.0
2012-06-12,5.609,5.609,5.609,5.609,0.0
2012-06-13,5.6,5.6,5.6,5.6,0.0
2012-06-14,5.625,5.625,5.625,5.625,0.0
2012-06-15,5.502,5.502,5.502,5.502,0.0
2012-06-18,5.448,5.448,5.448,5.448,0.0
2012-06-19,5.488,5.488,5.488,5.488,0.0
2012-06-20,5.488,5.488,5.488,5.488,0.0
2012-06-21,5.463,5.463,5.463,5.463,0.0
2012-06-22,5.435,5.435,5.435,5.435,0.0
2012-06-25,5.462,5.462,5.462,5.462,0.0
2012-06-26,5.507,5.507,5.507,5.507,0.0
2012-06-27,5.525,5.525,5.525,5.525,0.0
2012-06-28,5.523,5.523,5.523,5.523,0.0
2012-06-29,5.511,5.511,5.511,5.511,0.0
2012-07-02,5.522,5.522,5.522,5.522,0.0
2012-07-03,5.563,5.563,5.563,5.563,0.0
2012-07-05,5.566,5.566,5.566,5.566,0.0
2012-07-06,5.518,5.518,5.518,5.518,0.0
2012-07-09,5.567,5.567,5.567,5.567,0.0
2012-07-10,5.56,5.56,5.56,5.56,0.0
2012-07-11,5.607,5.607,5.607,5.607,0.0
2012-07-12,5.596,5.596,5.596,5.596,0.0
2012-07-13,5.599,5.599,5.599,5.599,0.0
2012-07-16,5.55,5.55,5.55,5.55,0.0
2012-07-17,5.726,5.726,5.726,5.726,0.0
2012-07-18,5.815,5.815,5.815,5.815,0.0
2012-07-19,5.774,5.774,5.774,5.774,0.0
2012-07-20,5.796,5.796,5.796,5.796,0.0
2012-07-23,5.805,5.805,5.805,5.805,0.0
2012-07-24,5.842,5.842,5.842,5.842,0.0
2012-07-25,5.849,5.849,5.849,5.849,0.0
2012-07-26,5.892,5.892,5.892,5.892,0.0
2012-07-27,5.894,5.894,5.894,5.894,0.0
2012-07-30,5.962,5.962,5.962,5.962,0.0
2012-07-31,5.922,5.922,5.922,5.922,0.0
2012-08-01,5.887,5.887,5.887,5.887,0.0
2012-08-02,5.767,5.767,5.767,5.767,0.0
2012-08-03,5.739,5.739,5.739,5.739,0.0
2012-08-06,6.058,6.058,6.058,6.058,0.0
2012-08-07,5.967,5.967,5.967,5.967,0.0
2012-08-08,6.239,6.239,6.239,6.239,0.0
2012-08-09,6.139,6.139,6.139,6.139,0.0
2012-08-10,6.076,6.076,6.076,6.076,0.0
2012-08-13,6.049,6.049,6.049,6.049,0.0
2012-08-14,6.091,6.091,6.091,6.091,0.0
2012-08-15,6.184,6.184,6.184,6.184,0.0
2012-08-16,6.157,6.157,6.157,6.157,0.0
2012-08-17,6.155,6.155,6.155,6.155,0.0
2012-08-20,6.194,6.194,6.194,6.194,0.0
2012-08-21,6.197,6.197,6.197,6.197,0.0
2012-08-22,6.188,6.188,6.188,6.188,0.0
2012-08-23,6.171,6.171,6.171,6.171,0.0
2012-08-24,6.138,6.138,6.138,6.138,0.0
2012-08-27,6.113,6.113,6.113,6.113,0.0
2012-08-28,6.058,6.058,6.058,6.058,0.0
2012-08-29,6.079,6.079,6.079,6.079,0.0
2012-08-30,6.086,6.086,6.086,6.086,0.0
2012-08-31,6.068,6.068,6.068,6.068,0.0
2012-09-04,6.07,6.07,6.07,6.07,0.0
2012-09-05,6.06,6.06,6.06,6.06,0.0
2012-09-06,6.056,6.056,6.056,6.056,0.0
2012-09-07,6.006,6.006,6.006,6.006,0.0
2012-09-10,5.98,5.98,5.98,5.98,0.0
2012-09-11,6.02,6.02,6.02,6.02,0.0
2012-09-12,6.095,6.095,6.095,6.095,0.0
2012-09-13,6.105,6.105,6.105,6.105,0.0
2012-09-14,6.095,6.095,6.095,6.095,0.0
2012-09-17,6.076,6.076,6.076,6.076,0.0
2012-09-18,6.18,6.18,6.18,6.18,0.0
2012-09-19,6.18,6.18,6.18,6.18,0.0
2012-09-20,6.184,6.184,6.184,6.184,0.0
2012-09-21,6.243,6.243,6.243,6.243,0.0
2012-09-24,6.227,6.227,6.227,6.227,0.0
2012-09-25,6.244,6.244,6.244,6.244,0.0
2012-09-26,6.212,6.212,6.212,6.212,0.0
2012-09-27,6.236,6.236,6.236,6.236,0.0
2012-09-28,6.248,6.248,6.248,6.248,0.0
2012-10-01,6.269,6.269,6.269,6.269,0.0
2012-10-02,6.225,6.225,6.225,6.225,0.0
2012-10-03,6.203,6.203,6.203,6.203,0.0
2012-10-04,6.183,6.183,6.183,6.183,0.0
2012-10-05,6.233,6.233,6.233,6.233,0.0
2012-10-08,6.272,6.272,6.272,6.272,0.0
2012-10-09,6.278,6.278,6.278,6.278,0.0
2012-10-10,6.254,6.254,6.254,6.254,0.0
2012-10-11,6.282,6.282,6.282,6.282,0.0
2012-10-12,6.243,6.243,6.243,6.243,0.0
2012-10-15,6.209,6.209,6.209,6.209,0.0
2012-10-16,6.215,6.215,6.215,6.215,0.0
2012-10-17,6.263,6.263,6.263,6.263,0.0
2012-10-18,6.209,6.209,6.209,6.209,0.0
2012-10-19,6.207,6.207,6.207,6.207,0.0
2012-10-22,6.213,6.213,6.213,6.213,0.0
2012-10-23,6.251,6.251,6.251,6.251,0.0
2012-10-24,6.226,6.226,6.226,6.226,0.0
2012-10-25,6.256,6.256,6.256,6.256,0.0
2012-10-26,6.265,6.265,6.265,6.265,0.0
2012-10-29,6.334,6.334,6.334,6.334,0.0
2012-10-30,6.265,6.265,6.265,6.265,0.0
2012-10-31,6.268,6.268,6.268,6.268,0.0
2012-11-01,6.275,6.275,6.275,6.275,0.0
2012-11-02,6.174,6.174,6.174,6.174,0.0
2012-11-05,6.131,6.131,6.131,6.131,0.0
2012-11-06,6.178,6.178,6.178,6.178,0.0
2012-11-07,6.154,6.154,6.154,6.154,0.0
2012-11-08,6.197,6.197,6.197,6.197,0.0
2012-11-09,6.136,6.136,6.136,6.136,0.0
2012-11-12,6.186,6.186,6.186,6.186,0.0
2012-11-13,6.225,6.225,6.225,6.225,0.0
2012-11-14,6.192,6.192,6.192,6.192,0.0
2012-11-15,6.113,6.113,6.113,6.113,0.0
2012-11-16,6.111,6.111,6.111,6.111,0.0
2012-11-19,6.076,6.076,6.076,6.076,0.0
2012-11-20,6.117,6.117,6.117,6.117,0.0
2012-11-21,6.086,6.086,6.086,6.086,0.0
2012-11-23,6.073,6.073,6.073,6.073,0.0
2012-11-26,6.037,6.037,6.037,6.037,0.0
2012-11-27,6.072,6.072,6.072,6.072,0.0
2012-11-28,6.064,6.064,6.064,6.064,0.0
2012-11-29,5.988,5.988,5.988,5.988,0.0
2012-11-30,5.969,5.969,5.969,5.969,0.0
2012-12-03,6.003,6.003,6.003,6.003,0.0
2012-12-04,5.978,5.978,5.978,5.978,0.0
2012-12-05,6.008,6.008,6.008,6.008,0.0
2012-12-06,6.0,6.0,6.0,6.0,0.0
2012-12-07,5.977,5.977,5.977,5.977,0.0
2012-12-10,5.999,5.999,5.999,5.999,0.0
2012-12-11,5.972,5.972,5.972,5.972,0.0
2012-12-12,5.966,5.966,5.966,5.966,0.0
2012-12-13,5.973,5.973,5.973,5.973,0.0
2012-12-14,5.969,5.969,5.969,5.969,0.0
2012-12-17,6.024,6.024,6.024,6.024,0.0
2012-12-18,6.161,6.161,6.161,6.161,0.0
2012-12-19,6.131,6.131,6.131,6.131,0.0
2012-12-20,6.197,6.197,6.197,6.197,0.0
2012-12-21,6.179,6.179,6.179,6.179,0.0
2012-12-24,6.142,6.142,6.142,6.142,0.0
2012-12-26,6.162,6.162,6.162,6.162,0.0
2012-12-27,6.145,6.145,6.145,6.145,0.0
2012-12-28,6.14,6.14,6.14,6.14,0.0
2012-12-31,6.099,6.099,6.099,6.099,0.0
2013-01-02,6.063,6.063,6.063,6.063,0.0
2013-01-03,6.058,6.058,6.058,6.058,0.0
2013-01-04,6.116,6.116,6.116,6.116,0.0
2013-01-07,6.097,6.097,6.097,6.097,0.0
2013-01-08,6.075,6.075,6.075,6.075,0.0
2013-01-09,6.055,6.055,6.055,6.055,0.0
2013-01-10,6.067,6.067,6.067,6.067,0.0
2013-01-11,6.028,6.028,6.028,6.028,0.0
2013-01-14,6.015,6.015,6.015,6.015,0.0
2013-01-15,6.025,6.025,6.025,6.025,0.0
2013-01-16,6.025,6.025,6.025,6.025,0.0
2013-01-17,6.014,6.014,6.014,6.014,0.0
2013-01-18,6.045,6.045,6.045,6.045,0.0
2013-01-22,6.039,6.039,6.039,6.039,0.0
2013-01-23,6.074,6.074,6.074,6.074,0.0
2013-01-24,6.045,6.045,6.045,6.045,0.0
2013-01-25,6.065,6.065,6.065,6.065,0.0
2013-01-28,6.005,6.005,6.005,6.005,0.0
2013-01-29,5.976,5.976,5.976,5.976,0.0
2013-01-30,6.0,6.0,6.0,6.0,0.0
2013-01-31,5.991,5.991,5.991,5.991,0.0
2013-02-01,5.948,5.948,5.948,5.948,0.0
2013-02-04,5.968,5.968,5.968,5.968,0.0
2013-02-05,5.97,5.97,5.97,5.97,0.0
2013-02-06,5.965,5.965,5.965,5.965,0.0
2013-02-07,5.941,5.941,5.941,5.941,0.0
2013-02-08,5.986,5.986,5.986,5.986,0.0
2013-02-11,5.996,5.996,5.996,5.996,0.0
2013-02-12,6.013,6.013,6.013,6.013,0.0
2013-02-13,6.042,6.042,6.042,6.042,0.0
2013-02-14,6.018,6.018,6.018,6.018,0.0
2013-02-15,5.999,5.999,5.999,5.999,0.0
2013-02-19,6.04,6.04,6.04,6.04,0.0
2013-02-20,6.018,6.018,6.018,6.018,0.0
2013-02-21,5.991,5.991,5.991,5.991,0.0
2013-02-22,5.988,5.988,5.988,5.988,0.0
2013-02-25,5.989,5.989,5.989,5.989,0.0
2013-02-26,5.993,5.993,5.993,5.993,0.0
2013-02-27,5.986,5.986,5.986,5.986,0.0
2013-02-28,6.007,6.007,6.007,6.007,0.0
2013-03-01,6.028,6.028,6.028,6.028,0.0
2013-03-04,6.07,6.07,6.07,6.07,0.0
2013-03-05,6.058,6.058,6.058,6.058,0.0
2013-03-06,6.028,6.028,6.028,6.028,0.0
2013-03-07,6.062,6.062,6.062,6.062,0.0
2013-03-08,6.058,6.058,6.058,6.058,0.0
2013-03-11,6.051,6.051,6.051,6.051,0.0
2013-03-12,6.021,6.021,6.021,6.021,0.0
2013-03-13,6.032,6.032,6.032,6.032,0.0
2013-03-14,6.024,6.024,6.024,6.024,0.0
2013-03-15,6.027,6.027,6.027,6.027,0.0
2013-03-18,6.012,6.012,6.012,6.012,0.0
2013-03-19,6.037,6.037,6.037,6.037,0.0
2013-03-20,6.031,6.031,6.031,6.031,0.0
2013-03-21,5.968,5.968,5.968,5.968,0.0
2013-03-22,5.96,5.96,5.96,5.96,0.0
2013-03-25,5.926,5.926,5.926,5.926,0.0
2013-03-26,5.938,5.938,5.938,5.938,0.0
2013-03-27,5.873,5.873,5.873,5.873,0.0
2013-03-28,5.79,5.79,5.79,5.79,0.0
2013-04-01,5.779,5.779,5.779,5.779,0.0
2013-04-02,5.736,5.736,5.736,5.736,0.0
2013-04-03,5.801,5.801,5.801,5.801,0.0
2013-04-04,5.813,5.813,5.813,5.813,0.0
2013-04-05,5.79,5.79,5.79,5.79,0.0
2013-04-08,5.701,5.701,5.701,5.701,0.0
2013-04-09,5.531,5.531,5.531,5.531,0.0
2013-04-10,5.475,5.475,5.475,5.475,0.0
2013-04-11,5.554,5.554,5.554,5.554,0.0
2013-04-12,5.708,5.708,5.708,5.708,0.0
2013-04-15,5.719,5.719,5.719,5.719,0.0
2013-04-16,5.8,5.8,5.8,5.8,0.0
2013-04-17,5.804,5.804,5.804,5.804,0.0
2013-04-18,5.794,5.794,5.794,5.794,0.0
2013-04-19,5.793,5.793,5.793,5.793,0.0
2013-04-22,5.786,5.786,5.786,5.786,0.0
2013-04-23,5.774,5.774,5.774,5.774,0.0
2013-04-24,5.639,5.639,5.639,5.639,0.0
2013-04-25,5.654,5.654,5.654,5.654,0.0
2013-04-26,5.656,5.656,5.656,5.656,0.0
2013-04-29,5.669,5.669,5.669,5.669,0.0
2013-04-30,5.67,5.67,5.67,5.67,0.0
2013-05-01,5.655,5.655,5.655,5.655,0.0
2013-05-02,5.663,5.663,5.663,5.663,0.0
2013-05-03,5.726,5.726,5.726,5.726,0.0
2013-05-06,5.777,5.777,5.777,5.777,0.0
2013-05-07,5.776,5.776,5.776,5.776,0.0
2013-05-08,5.76,5.76,5.76,5.76,0.0
2013-05-09,5.722,5.722,5.722,5.722,0.0
2013-05-10,5.684,5.684,5.684,5.684,0.0
2013-05-13,5.694,5.694,5.694,5.694,0.0
2013-05-14,5.725,5.725,5.725,5.725,0.0
2013-05-15,5.707,5.707,5.707,5.707,0.0
2013-05-16,5.704,5.704,5.704,5.704,0.0
2013-05-17,5.864,5.864,5.864,5.864,0.0
2013-05-20,6.046,6.046,6.046,6.046,0.0
2013-05-21,6.118,6.118,6.118,6.118,0.0
2013-05-22,6.238,6.238,6.238,6.238,0.0
2013-05-23,6.206,6.206,6.206,6.206,0.0
2013-05-24,6.197,6.197,6.197,6.197,0.0
2013-05-28,6.186,6.186,6.186,6.186,0.0
2013-05-29,6.177,6.177,6.177,6.177,0.0
2013-05-30,6.137,6.137,6.137,6.137,0.0
2013-05-31,6.179,6.179,6.179,6.179,0.0
2013-06-03,6.194,6.194,6.194,6.194,0.0
2013-06-04,6.176,6.176,6.176,6.176,0.0
2013-06-05,6.148,6.148,6.148,6.148,0.0
2013-06-06,6.093,6.093,6.093,6.093,0.0
2013-06-07,6.119,6.119,6.119,6.119,0.0
2013-06-10,6.103,6.103,6.103,6.103,0.0
2013-06-11,6.028,6.028,6.028,6.028,0.0
2013-06-12,5.987,5.987,5.987,5.987,0.0
2013-06-13,5.991,5.991,5.991,5.991,0.0
2013-06-14,5.977,5.977,5.977,5.977,0.0
2013-06-17,6.013,6.013,6.013,6.013,0.0
2013-06-18,6.07,6.07,6.07,6.07,0.0
2013-06-19,6.037,6.037,6.037,6.037,0.0
2013-06-20,6.018,6.018,6.018,6.018,0.0
2013-06-21,6.104,6.104,6.104,6.104,0.0
2013-06-24,6.225,6.225,6.225,6.225,0.0
2013-06-25,6.297,6.297,6.297,6.297,0.0
2013-06-26,6.344,6.344,6.344,6.344,0.0
2013-06-27,6.283,6.283,6.283,6.283,0.0
2013-06-28,6.315,6.315,6.315,6.315,0.0
2013-07-01,6.25,6.25,6.25,6.25,0.0
2013-07-02,6.285,6.285,6.285,6.285,0.0
2013-07-03,6.307,6.307,6.307,6.307,0.0
2013-07-05,6.266,6.266,6.266,6.266,0.0
2013-07-08,6.313,6.313,6.313,6.313,0.0
2013-07-09,6.226,6.226,6.226,6.226,0.0
2013-07-10,6.212,6.212,6.212,6.212,0.0
2013-07-11,6.209,6.209,6.209,6.209,0.0
2013-07-12,6.209,6.209,6.209,6.209,0.0
2013-07-15,6.23,6.23,6.23,6.23,0.0
2013-07-16,6.229,6.229,6.229,6.229,0.0
2013-07-17,6.231,6.231,6.231,6.231,0.0
2013-07-18,6.181,6.181,6.181,6.181,0.0
2013-07-19,6.135,6.135,6.135,6.135,0.0
2013-07-22,6.125,6.125,6.125,6.125,0.0
2013-07-23,6.094,6.094,6.094,6.094,0.0
2013-07-24,6.113,6.113,6.113,6.113,0.0
2013-07-25,6.138,6.138,6.138,6.138,0.0
2013-07-26,6.067,6.067,6.067,6.067,0.0
2013-07-29,6.067,6.067,6.067,6.067,0.0
2013-07-30,6.034,6.034,6.034,6.034,0.0
2013-07-31,6.052,6.052,6.052,6.052,0.0
2013-08-01,6.028,6.028,6.028,6.028,0.0
2013-08-02,6.013,6.013,6.013,6.013,0.0
2013-08-05,5.988,5.988,5.988,5.988,0.0
2013-08-06,5.971,5.971,5.971,5.971,0.0
2013-08-07,6.001,6.001,6.001,6.001,0.0
2013-08-08,5.963,5.963,5.963,5.963,0.0
2013-08-09,5.933,5.933,5.933,5.933,0.0
2013-08-12,5.873,5.873,5.873,5.873,0.0
2013-08-13,5.805,5.805,5.805,5.805,0.0
2013-08-14,5.756,5.756,5.756,5.756,0.0
2013-08-15,5.784,5.784,5.784,5.784,0.0
2013-08-16,5.766,5.766,5.766,5.766,0.0
2013-08-19,5.777,5.777,5.777,5.777,0.0
2013-08-20,5.763,5.763,5.763,5.763,0.0
2013-08-21,5.727,5.727,5.727,5.727,0.0
2013-08-22,5.751,5.751,5.751,5.751,0.0
2013-08-23,5.721,5.721,5.721,5.721,0.0
2013-08-26,5.673,5.673,5.673,5.673,0.0
2013-08-27,5.606,5.606,5.606,5.606,0.0
2013-08-28,5.614,5.614,5.614,5.614,0.0
2013-08-29,5.624,5.624,5.624,5.624,0.0
2013-08-30,5.636,5.636,5.636,5.636,0.0
2013-09-03,5.645,5.645,5.645,5.645,0.0
2013-09-04,5.612,5.612,5.612,5.612,0.0
2013-09-05,5.599,5.599,5.599,5.599,0.0
2013-09-06,5.599,5.599,5.599,5.599,0.0
2013-09-09,5.594,5.594,5.594,5.594,0.0
2013-09-10,5.608,5.608,5.608,5.608,0.0
2013-09-11,5.595,5.595,5.595,5.595,0.0
2013-09-12,5.584,5.584,5.584,5.584,0.0
2013-09-13,5.604,5.604,5.604,5.604,0.0
2013-09-16,5.606,5.606,5.606,5.606,0.0
2013-09-17,5.581,5.581,5.581,5.581,0.0
2013-09-18,5.636,5.636,5.636,5.636,0.0
2013-09-19,5.664,5.664,5.664,5.664,0.0
2013-09-20,5.65,5.65,5.65,5.65,0.0
2013-09-23,5.611,5.611,5.611,5.611,0.0
2013-09-24,5.591,5.591,5.591,5.591,0.0
2013-09-25,5.573,5.573,5.573,5.573,0.0
2013-09-26,5.639,5.639,5.639,5.639,0.0
2013-09-27,5.664,5.664,5.664,5.664,0.0
2013-09-30,5.614,5.614,5.614,5.614,0.0
2013-10-01,5.634,5.634,5.634,5.634,0.0
2013-10-02,5.593,5.593,5.593,5.593,0.0
2013-10-03,5.594,5.594,5.594,5.594,0.0
2013-10-04,5.602,5.602,5.602,5.602,0.0
2013-10-07,5.619,5.619,5.619,5.619,0.0
2013-10-08,5.642,5.642,5.642,5.642,0.0
2013-10-09,5.63,5.63,5.63,5.63,0.0
2013-10-10,5.625,5.625,5.625,5.625,0.0
2013-10-11,5.575,5.575,5.575,5.575,0.0
2013-10-14,5.592,5.592,5.592,5.592,0.0
2013-10-15,5.561,5.561,5.561,5.561,0.0
2013-10-16,5.503,5.503,5.503,5.503,0.0
2013-10-17,5.553,5.553,5.553,5.553,0.0
2013-10-18,5.564,5.564,5.564,5.564,0.0
2013-10-21,5.56,5.56,5.56,5.56,0.0
2013-10-22,5.598,5.598,5.598,5.598,0.0
2013-10-23,5.604,5.604,5.604,5.604,0.0
2013-10-24,5.58,5.58,5.58,5.58,0.0
2013-10-25,5.611,5.611,5.611,5.611,0.0
2013-10-28,5.564,5.564,5.564,5.564,0.0
2013-10-29,5.555,5.555,5.555,5.555,0.0
2013-10-30,5.541,5.541,5.541,5.541,0.0
2013-10-31,5.452,5.452,5.452,5.452,0.0
2013-11-01,5.377,5.377,5.377,5.377,0.0
2013-11-04,5.348,5.348,5.348,5.348,0.0
2013-11-05,5.33,5.33,5.33,5.33,0.0
2013-11-06,5.327,5.327,5.327,5.327,0.0
2013-11-07,5.321,5.321,5.321,5.321,0.0
2013-11-08,5.243,5.243,5.243,5.243,0.0
2013-11-11,5.257,5.257,5.257,5.257,0.0
2013-11-12,5.263,5.263,5.263,5.263,0.0
2013-11-13,5.217,5.217,5.217,5.217,0.0
2013-11-14,5.181,5.181,5.181,5.181,0.0
2013-11-15,5.133,5.133,5.133,5.133,0.0
2013-11-18,5.12,5.12,5.12,5.12,0.0
2013-11-19,5.054,5.054,5.054,5.054,0.0
2013-11-20,5.083,5.083,5.083,5.083,0.0
2013-11-21,5.055,5.055,5.055,5.055,0.0
2013-11-22,5.057,5.057,5.057,5.057,0.0
2013-11-25,5.068,5.068,5.068,5.068,0.0
2013-11-26,5.049,5.049,5.049,5.049,0.0
2013-11-27,5.051,5.051,5.051,5.051,0.0
2013-11-29,5.041,5.041,5.041,5.041,0.0
2013-12-02,5.131,5.131,5.131,5.131,0.0
2013-12-03,5.232,5.232,5.232,5.232,0.0
2013-12-04,5.326,5.326,5.326,5.326,0.0
2013-12-05,5.305,5.305,5.305,5.305,0.0
2013-12-06,5.281,5.281,5.281,5.281,0.0
2013-12-09,5.174,5.174,5.174,5.174,0.0
2013-12-10,5.141,5.141,5.141,5.141,0.0
2013-12-11,5.079,5.079,5.079,5.079,0.0
2013-12-12,4.953,4.953,4.953,4.953,0.0
2013-12-13,4.955,4.955,4.955,4.955,0.0
2013-12-16,4.977,4.977,4.977,4.977,0.0
2013-12-17,4.946,4.946,4.946,4.946,0.0
2013-12-18,4.913,4.913,4.913,4.913,0.0
2013-12-19,4.927,4.927,4.927,4.927,0.0
2013-12-20,4.887,4.887,4.887,4.887,0.0
2013-12-23,4.872,4.872,4.872,4.872,0.0
2013-12-24,4.899,4.899,4.899,4.899,0.0
2013-12-26,4.896,4.896,4.896,4.896,0.0
2013-12-27,4.908,4.908,4.908,4.908,0.0
2013-12-30,4.898,4.898,4.898,4.898,0.0
2013-12-31,4.796,4.796,4.796,4.796,0.0
2014-01-02,4.811,4.811,4.811,4.811,0.0
2014-01-03,4.837,4.837,4.837,4.837,0.0
2014-01-06,4.843,4.843,4.843,4.843,0.0
2014-01-07,4.861,4.861,4.861,4.861,0.0
2014-01-08,4.881,4.881,4.881,4.881,0.0
2014-01-09,4.827,4.827,4.827,4.827,0.0
2014-01-10,4.918,4.918,4.918,4.918,0.0
2014-01-13,4.835,4.835,4.835,4.835,0.0
2014-01-14,4.832,4.832,4.832,4.832,0.0
2014-01-15,4.818,4.818,4.818,4.818,0.0
2014-01-16,4.813,4.813,4.813,4.813,0.0
2014-01-17,4.803,4.803,4.803,4.803,0.0
2014-01-21,4.851,4.851,4.851,4.851,0.0
2014-01-22,4.851,4.851,4.851,4.851,0.0
2014-01-23,4.845,4.845,4.845,4.845,0.0
2014-01-24,4.847,4.847,4.847,4.847,0.0
2014-01-27,4.886,4.886,4.886,4.886,0.0
2014-01-28,4.872,4.872,4.872,4.872,0.0
2014-01-29,4.866,4.866,4.866,4.866,0.0
2014-01-30,4.904,4.904,4.904,4.904,0.0
2014-01-31,4.901,4.901,4.901,4.901,0.0
2014-02-03,4.94,4.94,4.94,4.94,0.0
2014-02-04,4.906,4.906,4.906,4.906,0.0
2014-02-05,4.871,4.871,4.871,4.871,0.0
2014-02-06,4.816,4.816,4.816,4.816,0.0
2014-02-07,4.825,4.825,4.825,4.825,0.0
2014-02-10,4.79,4.79,4.79,4.79,0.0
2014-02-11,4.643,4.643,4.643,4.643,0.0
2014-02-12,4.649,4.649,4.649,4.649,0.0
2014-02-13,4.635,4.635,4.635,4.635,0.0
2014-02-14,4.607,4.607,4.607,4.607,0.0
2014-02-18,4.608,4.608,4.608,4.608,0.0
2014-02-19,4.638,4.638,4.638,4.638,0.0
2014-02-20,4.703,4.703,4.703,4.703,0.0
2014-02-21,4.725,4.725,4.725,4.725,0.0
2014-02-24,4.762,4.762,4.762,4.762,0.0
2014-02-25,4.77,4.77,4.77,4.77,0.0
2014-02-26,4.727,4.727,4.727,4.727,0.0
2014-02-27,4.674,4.674,4.674,4.674,0.0
2014-02-28,4.644,4.644,4.644,4.644,0.0
2014-03-03,4.642,4.642,4.642,4.642,0.0
2014-03-04,4.67,4.67,4.67,4.67,0.0
2014-03-05,4.695,4.695,4.695,4.695,0.0
2014-03-06,4.86,4.86,4.86,4.86,0.0
2014-03-07,4.822,4.822,4.822,4.822,0.0
2014-03-10,4.832,4.832,4.832,4.832,0.0
2014-03-11,4.798,4.798,4.798,4.798,0.0
2014-03-12,4.848,4.848,4.848,4.848,0.0
2014-03-13,4.952,4.952,4.952,4.952,0.0
2014-03-14,5.067,5.067,5.067,5.067,0.0
2014-03-17,5.049,5.049,5.049,5.049,0.0
2014-03-18,4.999,4.999,4.999,4.999,0.0
2014-03-19,5.035,5.035,5.035,5.035,0.0
2014-03-20,5.101,5.101,5.101,5.101,0.0
2014-03-21,5.091,5.091,5.091,5.091,0.0
2014-03-24,5.116,5.116,5.116,5.116,0.0
2014-03-25,5.141,5.141,5.141,5.141,0.0
2014-03-26,5.16,5.16,5.16,5.16,0.0
2014-03-27,5.157,5.157,5.157,5.157,0.0
2014-03-28,5.137,5.137,5.137,5.137,0.0
2014-03-31,5.137,5.137,5.137,5.137,0.0
2014-04-01,5.096,5.096,5.096,5.096,0.0
2014-04-02,5.109,5.109,5.109,5.109,0.0
2014-04-03,5.186,5.186,5.186,5.186,0.0
2014-04-04,5.199,5.199,5.199,5.199,0.0
2014-04-07,5.219,5.219,5.219,5.219,0.0
2014-04-08,5.213,5.213,5.213,5.213,0.0
2014-04-09,5.268,5.268,5.268,5.268,0.0
2014-04-10,5.304,5.304,5.304,5.304,0.0
2014-04-11,5.307,5.307,5.307,5.307,0.0
2014-04-14,5.305,5.305,5.305,5.305,0.0
2014-04-15,5.336,5.336,5.336,5.336,0.0
2014-04-16,5.341,5.341,5.341,5.341,0.0
2014-04-17,5.347,5.347,5.347,5.347,0.0
2014-04-21,5.308,5.308,5.308,5.308,0.0
2014-04-22,5.329,5.329,5.329,5.329,0.0
2014-04-23,5.322,5.322,5.322,5.322,0.0
2014-04-24,5.361,5.361,5.361,5.361,0.0
2014-04-25,5.35,5.35,5.35,5.35,0.0
2014-04-28,5.358,5.358,5.358,5.358,0.0
2014-04-29,5.408,5.408,5.408,5.408,0.0
2014-04-30,5.414,5.414,5.414,5.414,0.0
2014-05-01,5.418,5.418,5.418,5.418,0.0
2014-05-02,5.406,5.406,5.406,5.406,0.0
2014-05-05,5.395,5.395,5.395,5.395,0.0
2014-05-06,5.411,5.411,5.411,5.411,0.0
2014-05-07,5.416,5.416,5.416,5.416,0.0
2014-05-08,5.426,5.426,5.426,5.426,0.0
2014-05-09,5.466,5.466,5.466,5.466,0.0
2014-05-12,5.436,5.436,5.436,5.436,0.0
2014-05-13,5.444,5.444,5.444,5.444,0.0
2014-05-14,5.462,5.462,5.462,5.462,0.0
2014-05-15,5.408,5.408,5.408,5.408,0.0
2014-05-16,5.368,5.368,5.368,5.368,0.0
2014-05-19,5.369,5.369,5.369,5.369,0.0
2014-05-20,5.359,5.359,5.359,5.359,0.0
2014-05-21,5.364,5.364,5.364,5.364,0.0
2014-05-22,5.342,5.342,5.342,5.342,0.0
2014-05-23,5.362,5.362,5.362,5.362,0.0
2014-05-27,5.38,5.38,5.38,5.38,0.0
2014-05-28,5.355,5.355,5.355,5.355,0.0
2014-05-29,5.358,5.358,5.358,5.358,0.0
2014-05-30,5.354,5.354,5.354,5.354,0.0
2014-06-02,5.389,5.389,5.389,5.389,0.0
2014-06-03,5.366,5.366,5.366,5.366,0.0
2014-06-04,5.361,5.361,5.361,5.361,0.0
2014-06-05,5.379,5.379,5.379,5.379,0.0
2014-06-06,5.395,5.395,5.395,5.395,0.0
2014-06-09,5.381,5.381,5.381,5.381,0.0
2014-06-10,5.424,5.424,5.424,5.424,0.0
2014-06-11,5.415,5.415,5.415,5.415,0.0
2014-06-12,5.41,5.41,5.41,5.41,0.0
2014-06-13,5.439,5.439,5.439,5.439,0.0
2014-06-16,5.438,5.438,5.438,5.438,0.0
2014-06-17,5.478,5.478,5.478,5.478,0.0
2014-06-18,5.492,5.492,5.492,5.492,0.0
2014-06-19,5.514,5.514,5.514,5.514,0.0
2014-06-20,5.474,5.474,5.474,5.474,0.0
2014-06-23,5.462,5.462,5.462,5.462,0.0
2014-06-24,5.458,5.458,5.458,5.458,0.0
2014-06-25,5.467,5.467,5.467,5.467,0.0
2014-06-26,5.387,5.387,5.387,5.387,0.0
2014-06-27,5.385,5.385,5.385,5.385,0.0
2014-06-30,5.404,5.404,5.404,5.404,0.0
2014-07-01,5.412,5.412,5.412,5.412,0.0
2014-07-02,5.387,5.387,5.387,5.387,0.0
2014-07-03,5.382,5.382,5.382,5.382,0.0
2014-07-07,5.356,5.356,5.356,5.356,0.0
2014-07-08,5.332,5.332,5.332,5.332,0.0
2014-07-09,5.298,5.298,5.298,5.298,0.0
2014-07-10,5.245,5.245,5.245,5.245,0.0
2014-07-11,5.239,5.239,5.239,5.239,0.0
2014-07-14,5.202,5.202,5.202,5.202,0.0
2014-07-15,5.187,5.187,5.187,5.187,0.0
2014-07-16,5.202,5.202,5.202,5.202,0.0
2014-07-17,5.193,5.193,5.193,5.193,0.0
2014-07-18,5.22,5.22,5.22,5.22,0.0
2014-07-21,5.201,5.201,5.201,5.201,0.0
2014-07-22,5.155,5.155,5.155,5.155,0.0
2014-07-23,5.131,5.131,5.131,5.131,0.0
2014-07-24,5.112,5.112,5.112,5.112,0.0
2014-07-25,5.107,5.107,5.107,5.107,0.0
2014-07-28,5.094,5.094,5.094,5.094,0.0
2014-07-29,5.013,5.013,5.013,5.013,0.0
2014-07-30,5.04,5.04,5.04,5.04,0.0
2014-07-31,5.066,5.066,5.066,5.066,0.0
2014-08-01,5.094,5.094,5.094,5.094,0.0
2014-08-04,5.089,5.089,5.089,5.089,0.0
2014-08-05,5.022,5.022,5.022,5.022,0.0
2014-08-06,4.997,4.997,4.997,4.997,0.0
2014-08-07,5.011,5.011,5.011,5.011,0.0
2014-08-08,5.007,5.007,5.007,5.007,0.0
2014-08-11,4.962,4.962,4.962,4.962,0.0
2014-08-12,4.944,4.944,4.944,4.944,0.0
2014-08-13,4.929,4.929,4.929,4.929,0.0
2014-08-14,4.94,4.94,4.94,4.94,0.0
2014-08-15,4.905,4.905,4.905,4.905,0.0
2014-08-18,4.906,4.906,4.906,4.906,0.0
2014-08-19,4.903,4.903,4.903,4.903,0.0
2014-08-20,4.883,4.883,4.883,4.883,0.0
2014-08-21,4.906,4.906,4.906,4.906,0.0
2014-08-22,4.912,4.912,4.912,4.912,0.0
2014-08-25,4.92,4.92,4.92,4.92,0.0
2014-08-26,4.919,4.919,4.919,4.919,0.0
2014-08-27,4.939,4.939,4.939,4.939,0.0
2014-08-28,4.958,4.958,4.958,4.958,0.0
2014-08-29,4.95,4.95,4.95,4.95,0.0
2014-09-02,4.928,4.928,4.928,4.928,0.0
2014-09-03,4.95,4.95,4.95,4.95,0.0
2014-09-04,4.973,4.973,4.973,4.973,0.0
2014-09-05,4.97,4.97,4.97,4.97,0.0
2014-09-08,4.96,4.96,4.96,4.96,0.0
2014-09-09,4.943,4.943,4.943,4.943,0.0
2014-09-10,4.954,4.954,4.954,4.954,0.0
2014-09-11,4.973,4.973,4.973,4.973,0.0
2014-09-12,4.947,4.947,4.947,4.947,0.0
2014-09-15,4.925,4.925,4.925,4.925,0.0
2014-09-16,4.93,4.93,4.93,4.93,0.0
2014-09-17,4.919,4.919,4.919,4.919,0.0
2014-09-18,4.865,4.865,4.865,4.865,0.0
2014-09-19,4.868,4.868,4.868,4.868,0.0
2014-09-22,4.853,4.853,4.853,4.853,0.0
2014-09-23,4.862,4.862,4.862,4.862,0.0
2014-09-24,4.87,4.87,4.87,4.87,0.0
2014-09-25,4.869,4.869,4.869,4.869,0.0
2014-09-26,4.849,4.849,4.849,4.849,0.0
2014-09-29,4.86,4.86,4.86,4.86,0.0
2014-09-30,4.9,4.9,4.9,4.9,0.0
2014-10-01,4.863,4.863,4.863,4.863,0.0
2014-10-02,4.89,4.89,4.89,4.89,0.0
2014-10-03,4.867,4.867,4.867,4.867,0.0
2014-10-06,4.867,4.867,4.867,4.867,0.0
2014-10-07,4.87,4.87,4.87,4.87,0.0
2014-10-08,4.87,4.87,4.87,4.87,0.0
2014-10-09,4.885,4.885,4.885,4.885,0.0
2014-10-10,4.882,4.882,4.882,4.882,0.0
2014-10-13,4.892,4.892,4.892,4.892,0.0
2014-10-14,4.882,4.882,4.882,4.882,0.0
2014-10-15,4.867,4.867,4.867,4.867,0.0
2014-10-16,4.857,4.857,4.857,4.857,0.0
2014-10-17,4.882,4.882,4.882,4.882,0.0
2014-10-20,4.869,4.869,4.869,4.869,0.0
2014-10-21,4.864,4.864,4.864,4.864,0.0
2014-10-22,4.845,4.845,4.845,4.845,0.0
2014-10-23,4.844,4.844,4.844,4.844,0.0
2014-10-24,4.821,4.821,4.821,4.821,0.0
2014-10-27,4.808,4.808,4.808,4.808,0.0
2014-10-28,4.793,4.793,4.793,4.793,0.0
2014-10-29,4.798,4.798,4.798,4.798,0.0
2014-10-30,4.791,4.791,4.791,4.791,0.0
2014-10-31,4.806,4.806,4.806,4.806,0.0
2014-11-03,4.812,4.812,4.812,4.812,0.0
2014-11-04,4.807,4.807,4.807,4.807,0.0
2014-11-05,4.778,4.778,4.778,4.778,0.0
2014-11-06,4.765,4.765,4.765,4.765,0.0
2014-11-07,4.762,4.762,4.762,4.762,0.0
2014-11-10,4.756,4.756,4.756,4.756,0.0
2014-11-11,4.771,4.771,4.771,4.771,0.0
2014-11-12,4.792,4.792,4.792,4.792,0.0
2014-11-13,4.772,4.772,4.772,4.772,0.0
2014-11-14,4.798,4.798,4.798,4.798,0.0
2014-11-17,4.801,4.801,4.801,4.801,0.0
2014-11-18,4.776,4.776,4.776,4.776,0.0
2014-11-19,4.762,4.762,4.762,4.762,0.0
2014-11-20,4.757,4.757,4.757,4.757,0.0
2014-11-21,4.73,4.73,4.73,4.73,0.0
2014-11-24,4.784,4.784,4.784,4.784,0.0
2014-11-25,4.778,4.778,4.778,4.778,0.0
2014-11-26,4.771,4.771,4.771,4.771,0.0
2014-11-28,4.789,4.789,4.789,4.789,0.0
2014-12-01,4.844,4.844,4.844,4.844,0.0
2014-12-02,4.84,4.84,4.84,4.84,0.0
2014-12-03,4.837,4.837,4.837,4.837,0.0
2014-12-04,4.84,4.84,4.84,4.84,0.0
2014-12-05,4.861,4.861,4.861,4.861,0.0
2014-12-08,4.872,4.872,4.872,4.872,0.0
2014-12-09,4.882,4.882,4.882,4.882,0.0
2014-12-10,4.862,4.862,4.862,4.862,0.0
2014-12-11,4.839,4.839,4.839,4.839,0.0
2014-12-12,4.822,4.822,4.822,4.822,0.0
2014-12-15,4.809,4.809,4.809,4.809,0.0
2014-12-16,4.759,4.759,4.759,4.759,0.0
2014-12-17,4.784,4.784,4.784,4.784,0.0
2014-12-18,4.765,4.765,4.765,4.765,0.0
2014-12-19,4.695,4.695,4.695,4.695,0.0
2014-12-22,4.686,4.686,4.686,4.686,0.0
2014-12-23,4.655,4.655,4.655,4.655,0.0
2014-12-24,4.649,4.649,4.649,4.649,0.0
2014-12-26,4.646,4.646,4.646,4.646,0.0
2014-12-29,4.644,4.644,4.644,4.644,0.0
2014-12-30,4.626,4.626,4.626,4.626,0.0
2014-12-31,4.597,4.597,4.597,4.597,0.0
2015-01-02,4.581,4.581,4.581,4.581,0.0
2015-01-05,4.581,4.581,4.581,4.581,0.0
2015-01-06,4.54,4.54,4.54,4.54,0.0
2015-01-07,4.48,4.48,4.48,4.48,0.0
2015-01-08,4.46,4.46,4.46,4.46,0.0
2015-01-09,4.448,4.448,4.448,4.448,0.0
2015-01-12,4.358,4.358,4.358,4.358,0.0
2015-01-13,4.33,4.33,4.33,4.33,0.0
2015-01-14,4.255,4.255,4.255,4.255,0.0
2015-01-15,4.205,4.205,4.205,4.205,0.0
2015-01-16,4.213,4.213,4.213,4.213,0.0
2015-01-20,4.205,4.205,4.205,4.205,0.0
2015-01-21,4.209,4.209,4.209,4.209,0.0
2015-01-22,4.194,4.194,4.194,4.194,0.0
2015-01-23,4.191,4.191,4.191,4.191,0.0
2015-01-26,4.209,4.209,4.209,4.209,0.0
2015-01-27,4.203,4.203,4.203,4.203,0.0
2015-01-28,4.233,4.233,4.233,4.233,0.0
2015-01-29,4.216,4.216,4.216,4.216,0.0
2015-01-30,4.223,4.223,4.223,4.223,0.0
2015-02-02,4.186,4.186,4.186,4.186,0.0
2015-02-03,4.202,4.202,4.202,4.202,0.0
2015-02-04,4.221,4.221,4.221,4.221,0.0
2015-02-05,4.126,4.126,4.126,4.126,0.0
2015-02-06,4.18,4.18,4.18,4.18,0.0
2015-02-09,4.195,4.195,4.195,4.195,0.0
2015-02-10,4.216,4.216,4.216,4.216,0.0
2015-02-11,4.199,4.199,4.199,4.199,0.0
2015-02-12,4.2,4.2,4.2,4.2,0.0
2015-02-13,4.242,4.242,4.242,4.242,0.0
2015-02-17,4.184,4.184,4.184,4.184,0.0
2015-02-18,4.211,4.211,4.211,4.211,0.0
2015-02-19,4.185,4.185,4.185,4.185,0.0
2015-02-20,4.19,4.19,4.19,4.19,0.0
2015-02-23,4.162,4.162,4.162,4.162,0.0
2015-02-24,4.183,4.183,4.183,4.183,0.0
2015-02-25,4.189,4.189,4.189,4.189,0.0
2015-02-26,4.159,4.159,4.159,4.159,0.0
2015-02-27,4.16,4.16,4.16,4.16,0.0
2015-03-02,4.136,4.136,4.136,4.136,0.0
2015-03-03,4.157,4.157,4.157,4.157,0.0
2015-03-04,4.153,4.153,4.153,4.153,0.0
2015-03-05,4.112,4.112,4.112,4.112,0.0
2015-03-06,4.112,4.112,4.112,4.112,0.0
2015-03-09,4.087,4.087,4.087,4.087,0.0
2015-03-10,4.085,4.085,4.085,4.085,0.0
2015-03-11,4.078,4.078,4.078,4.078,0.0
2015-03-12,4.047,4.047,4.047,4.047,0.0
2015-03-13,4.043,4.043,4.043,4.043,0.0
2015-03-16,4.056,4.056,4.056,4.056,0.0
2015-03-17,4.037,4.037,4.037,4.037,0.0
2015-03-18,4.063,4.063,4.063,4.063,0.0
2015-03-19,4.069,4.069,4.069,4.069,0.0
2015-03-20,4.054,4.054,4.054,4.054,0.0
2015-03-23,4.055,4.055,4.055,4.055,0.0
2015-03-24,4.075,4.075,4.075,4.075,0.0
2015-03-25,4.053,4.053,4.053,4.053,0.0
2015-03-26,4.044,4.044,4.044,4.044,0.0
2015-03-27,4.019,4.019,4.019,4.019,0.0
2015-03-30,4.007,4.007,4.007,4.007,0.0
2015-03-31,4.019,4.019,4.019,4.019,0.0
2015-04-01,4.013,4.013,4.013,4.013,0.0
2015-04-02,4.067,4.067,4.067,4.067,0.0
2015-04-06,4.075,4.075,4.075,4.075,0.0
2015-04-07,4.115,4.115,4.115,4.115,0.0
2015-04-08,4.123,4.123,4.123,4.123,0.0
2015-04-09,4.116,4.116,4.116,4.116,0.0
2015-04-10,4.111,4.111,4.111,4.111,0.0
2015-04-13,4.101,4.101,4.101,4.101,0.0
2015-04-14,4.096,4.096,4.096,4.096,0.0
2015-04-15,4.101,4.101,4.101,4.101,0.0
2015-04-16,4.121,4.121,4.121,4.121,0.0
2015-04-17,4.094,4.094,4.094,4.094,0.0
2015-04-20,4.095,4.095,4.095,4.095,0.0
2015-04-21,4.098,4.098,4.098,4.098,0.0
2015-04-22,4.105,4.105,4.105,4.105,0.0
2015-04-23,4.063,4.063,4.063,4.063,0.0
2015-04-24,4.061,4.061,4.061,4.061,0.0
2015-04-27,4.041,4.041,4.041,4.041,0.0
2015-04-28,4.032,4.032,4.032,4.032,0.0
2015-04-29,4.037,4.037,4.037,4.037,0.0
2015-04-30,4.032,4.032,4.032,4.032,0.0
2015-05-01,4.022,4.022,4.022,4.022,0.0
2015-05-04,4.005,4.005,4.005,4.005,0.0
2015-05-05,4.015,4.015,4.015,4.015,0.0
2015-05-06,4.023,4.023,4.023,4.023,0.0
2015-05-07,4.02,4.02,4.02,4.02,0.0
2015-05-08,4.027,4.027,4.027,4.027,0.0
2015-05-11,4.014,4.014,4.014,4.014,0.0
2015-05-12,4.001,4.001,4.001,4.001,0.0
2015-05-13,4.01,4.01,4.01,4.01,0.0
2015-05-14,4.021,4.021,4.021,4.021,0.0
2015-05-15,4.014,4.014,4.014,4.014,0.0
2015-05-18,4.013,4.013,4.013,4.013,0.0
2015-05-19,4.006,4.006,4.006,4.006,0.0
2015-05-20,4.007,4.007,4.007,4.007,0.0
2015-05-21,4.006,4.006,4.006,4.006,0.0
2015-05-22,3.997,3.997,3.997,3.997,0.0
2015-05-26,3.998,3.998,3.998,3.998,0.0
2015-05-27,3.993,3.993,3.993,3.993,0.0
2015-05-28,3.985,3.985,3.985,3.985,0.0
2015-05-29,3.975,3.975,3.975,3.975,0.0
2015-06-01,3.977,3.977,3.977,3.977,0.0
2015-06-02,3.974,3.974,3.974,3.974,0.0
2015-06-03,3.975,3.975,3.975,3.975,0.0
2015-06-04,3.929,3.929,3.929,3.929,0.0
2015-06-05,3.89,3.89,3.89,3.89,0.0
2015-06-08,3.898,3.898,3.898,3.898,0.0
2015-06-09,3.885,3.885,3.885,3.885,0.0
2015-06-10,3.882,3.882,3.882,3.882,0.0
2015-06-11,3.923,3.923,3.923,3.923,0.0
2015-06-12,3.924,3.924,3.924,3.924,0.0
2015-06-15,3.938,3.938,3.938,3.938,0.0
2015-06-16,3.963,3.963,3.963,3.963,0.0
2015-06-17,3.956,3.956,3.956,3.956,0.0
2015-06-18,3.938,3.938,3.938,3.938,0.0
2015-06-19,3.943,3.943,3.943,3.943,0.0
2015-06-22,3.926,3.926,3.926,3.926,0.0
2015-06-23,3.925,3.925,3.925,3.925,0.0
2015-06-24,3.927,3.927,3.927,3.927,0.0
2015-06-25,3.928,3.928,3.928,3.928,0.0
2015-06-26,3.931,3.931,3.931,3.931,0.0
2015-06-29,3.924,3.924,3.924,3.924,0.0
2015-06-30,3.936,3.936,3.936,3.936,0.0
2015-07-01,3.947,3.947,3.947,3.947,0.0
2015-07-02,3.951,3.951,3.951,3.951,0.0
2015-07-06,3.913,3.913,3.913,3.913,0.0
2015-07-07,3.91,3.91,3.91,3.91,0.0
2015-07-08,3.927,3.927,3.927,3.927,0.0
2015-07-09,3.945,3.945,3.945,3.945,0.0
2015-07-10,3.943,3.943,3.943,3.943,0.0
2015-07-13,3.943,3.943,3.943,3.943,0.0
2015-07-14,3.978,3.978,3.978,3.978,0.0
2015-07-15,4.021,4.021,4.021,4.021,0.0
2015-07-16,4.021,4.021,4.021,4.021,0.0
2015-07-17,4.028,4.028,4.028,4.028,0.0
2015-07-20,4.021,4.021,4.021,4.021,0.0
2015-07-21,4.02,4.02,4.02,4.02,0.0
2015-07-22,4.016,4.016,4.016,4.016,0.0
2015-07-23,3.996,3.996,3.996,3.996,0.0
2015-07-24,4.0,4.0,4.0,4.0,0.0
2015-07-27,4.021,4.021,4.021,4.021,0.0
2015-07-28,4.02,4.02,4.02,4.02,0.0
2015-07-29,4.014,4.014,4.014,4.014,0.0
2015-07-30,3.993,3.993,3.993,3.993,0.0
2015-07-31,3.951,3.951,3.951,3.951,0.0
2015-08-03,3.932,3.932,3.932,3.932,0.0
2015-08-04,3.884,3.884,3.884,3.884,0.0
2015-08-05,3.883,3.883,3.883,3.883,0.0
2015-08-06,3.859,3.859,3.859,3.859,0.0
2015-08-07,3.841,3.841,3.841,3.841,0.0
2015-08-10,3.839,3.839,3.839,3.839,0.0
2015-08-11,3.781,3.781,3.781,3.781,0.0
2015-08-12,3.758,3.758,3.758,3.758,0.0
2015-08-13,3.785,3.785,3.785,3.785,0.0
2015-08-14,3.801,3.801,3.801,3.801,0.0
2015-08-17,3.806,3.806,3.806,3.806,0.0
2015-08-18,3.827,3.827,3.827,3.827,0.0
2015-08-19,3.781,3.781,3.781,3.781,0.0
2015-08-20,3.766,3.766,3.766,3.766,0.0
2015-08-21,3.731,3.731,3.731,3.731,0.0
2015-08-24,3.685,3.685,3.685,3.685,0.0
2015-08-25,3.682,3.682,3.682,3.682,0.0
2015-08-26,3.688,3.688,3.688,3.688,0.0
2015-08-27,3.695,3.695,3.695,3.695,0.0
2015-08-28,3.722,3.722,3.722,3.722,0.0
2015-08-31,3.719,3.719,3.719,3.719,0.0
2015-09-01,3.73,3.73,3.73,3.73,0.0
2015-09-02,3.732,3.732,3.732,3.732,0.0
2015-09-03,3.739,3.739,3.739,3.739,0.0
2015-09-04,3.729,3.729,3.729,3.729,0.0
2015-09-08,3.735,3.735,3.735,3.735,0.0
2015-09-09,3.751,3.751,3.751,3.751,0.0
2015-09-10,3.748,3.748,3.748,3.748,0.0
2015-09-11,3.711,3.711,3.711,3.711,0.0
2015-09-14,3.721,3.721,3.721,3.721,0.0
2015-09-15,3.715,3.715,3.715,3.715,0.0
2015-09-16,3.695,3.695,3.695,3.695,0.0
2015-09-17,3.665,3.665,3.665,3.665,0.0
2015-09-18,3.657,3.657,3.657,3.657,0.0
2015-09-21,3.645,3.645,3.645,3.645,0.0
2015-09-22,3.632,3.632,3.632,3.632,0.0
2015-09-23,3.643,3.643,3.643,3.643,0.0
2015-09-24,3.68,3.68,3.68,3.68,0.0
2015-09-25,3.645,3.645,3.645,3.645,0.0
2015-09-28,3.642,3.642,3.642,3.642,0.0
2015-09-29,3.612,3.612,3.612,3.612,0.0
2015-09-30,3.585,3.585,3.585,3.585,0.0
2015-10-01,3.568,3.568,3.568,3.568,0.0
2015-10-02,3.578,3.578,3.578,3.578,0.0
2015-10-05,3.581,3.581,3.581,3.581,0.0
2015-10-06,3.618,3.618,3.618,3.618,0.0
2015-10-07,3.62,3.62,3.62,3.62,0.0
2015-10-08,3.615,3.615,3.615,3.615,0.0
2015-10-09,3.615,3.615,3.615,3.615,0.0
2015-10-12,3.62,3.62,3.62,3.62,0.0
2015-10-13,3.622,3.622,3.622,3.622,0.0
2015-10-14,3.622,3.622,3.622,3.622,0.0
2015-10-15,3.605,3.605,3.605,3.605,0.0
2015-10-16,3.612,3.612,3.612,3.612,0.0
2015-10-19,3.614,3.614,3.614,3.614,0.0
2015-10-20,3.626,3.626,3.626,3.626,0.0
2015-10-21,3.609,3.609,3.609,3.609,0.0
2015-10-22,3.603,3.603,3.603,3.603,0.0
2015-10-23,3.565,3.565,3.565,3.565,0.0
2015-10-26,3.532,3.532,3.532,3.532,0.0
2015-10-27,3.514,3.514,3.514,3.514,0.0
2015-10-28,3.513,3.513,3.513,3.513,0.0
2015-10-29,3.508,3.508,3.508,3.508,0.0
2015-10-30,3.545,3.545,3.545,3.545,0.0
2015-11-02,3.522,3.522,3.522,3.522,0.0
2015-11-03,3.534,3.534,3.534,3.534,0.0
2015-11-04,3.539,3.539,3.539,3.539,0.0
2015-11-05,3.543,3.543,3.543,3.543,0.0
2015-11-06,3.541,3.541,3.541,3.541,0.0
2015-11-09,3.535,3.535,3.535,3.535,0.0
2015-11-10,3.528,3.528,3.528,3.528,0.0
2015-11-11,3.517,3.517,3.517,3.517,0.0
2015-11-12,3.502,3.502,3.502,3.502,0.0
2015-11-13,3.529,3.529,3.529,3.529,0.0
2015-11-16,3.539,3.539,3.539,3.539,0.0
2015-11-17,3.541,3.541,3.541,3.541,0.0
2015-11-18,3.474,3.474,3.474,3.474,0.0
2015-11-19,3.433,3.433,3.433,3.433,0.0
2015-11-20,3.402,3.402,3.402,3.402,0.0
2015-11-23,3.422,3.422,3.422,3.422,0.0
2015-11-24,3.428,3.428,3.428,3.428,0.0
2015-11-25,3.439,3.439,3.439,3.439,0.0
2015-11-27,3.421,3.421,3.421,3.421,0.0
2015-11-30,3.434,3.434,3.434,3.434,0.0
2015-12-01,3.444,3.444,3.444,3.444,0.0
2015-12-02,3.475,3.475,3.475,3.475,0.0
2015-12-03,3.478,3.478,3.478,3.478,0.0
2015-12-04,3.481,3.481,3.481,3.481,0.0
2015-12-07,3.464,3.464,3.464,3.464,0.0
2015-12-08,3.484,3.484,3.484,3.484,0.0
2015-12-09,3.504,3.504,3.504,3.504,0.0
2015-12-10,3.525,3.525,3.525,3.525,0.0
2015-12-11,3.521,3.521,3.521,3.521,22.0
2015-12-14,3.506,3.506,3.506,3.506,0.0
2015-12-15,3.491,3.491,3.491,3.491,0.0
2015-12-16,3.516,3.516,3.516,3.516,0.0
2015-12-17,3.543,3.543,3.543,3.543,0.0
2015-12-18,3.524,3.524,3.524,3.524,0.0
2015-12-21,3.511,3.511,3.511,3.511,0.0
2015-12-22,3.521,3.521,3.521,3.521,0.0
2015-12-23,3.513,3.513,3.513,3.513,0.0
2015-12-24,3.513,3.513,3.513,3.513,0.0
2015-12-28,3.551,3.551,3.551,3.551,0.0
2015-12-29,3.536,3.536,3.536,3.536,0.0
2015-12-30,3.527,3.527,3.527,3.527,0.0
2015-12-31,3.528,3.528,3.528,3.528,0.0
2016-01-04,3.508,3.508,3.508,3.508,0.0
2016-01-05,3.486,3.486,3.486,3.486,0.0
2016-01-06,3.485,3.485,3.485,3.485,0.0
2016-01-07,3.506,3.506,3.506,3.506,0.0
2016-01-08,3.485,3.485,3.485,3.485,0.0
2016-01-11,3.458,3.458,3.458,3.458,0.0
2016-01-12,3.423,3.423,3.423,3.423,0.0
2016-01-13,3.443,3.443,3.443,3.443,0.0
2016-01-14,3.458,3.458,3.458,3.458,0.0
2016-01-15,3.443,3.443,3.443,3.443,0.0
2016-01-19,3.445,3.445,3.445,3.445,0.0
2016-01-20,3.438,3.438,3.438,3.438,0.0
2016-01-21,3.446,3.446,3.446,3.446,0.0
2016-01-22,3.441,3.441,3.441,3.441,0.0
2016-01-25,3.442,3.442,3.442,3.442,0.0
2016-01-26,3.426,3.426,3.426,3.426,0.0
2016-01-27,3.428,3.428,3.428,3.428,0.0
2016-01-28,3.472,3.472,3.472,3.472,0.0
2016-01-29,3.454,3.454,3.454,3.454,0.0
2016-02-01,3.411,3.411,3.411,3.411,0.0
2016-02-02,3.346,3.346,3.346,3.346,0.0
2016-02-03,3.381,3.381,3.381,3.381,0.0
2016-02-04,3.384,3.384,3.384,3.384,0.0
2016-02-05,3.382,3.382,3.382,3.382,4.0
2016-02-08,3.325,3.325,3.325,3.325,0.0
2016-02-09,3.289,3.289,3.289,3.289,0.0
2016-02-10,3.253,3.253,3.253,3.253,0.0
2016-02-11,3.212,3.212,3.212,3.212,0.0
2016-02-12,3.184,3.184,3.184,3.184,0.0
2016-02-16,3.152,3.152,3.152,3.152,0.0
2016-02-17,3.144,3.144,3.144,3.144,0.0
2016-02-18,3.115,3.115,3.115,3.115,0.0
2016-02-19,3.088,3.088,3.088,3.088,0.0
2016-02-22,3.027,3.027,3.027,3.027,0.0
2016-02-23,3.043,3.043,3.043,3.043,0.0
2016-02-24,3.075,3.075,3.075,3.075,0.0
2016-02-25,3.061,3.061,3.061,3.061,0.0
2016-02-26,3.068,3.068,3.068,3.068,0.0
2016-02-29,3.119,3.119,3.119,3.119,0.0
2016-03-01,3.153,3.153,3.153,3.153,0.0
2016-03-02,3.141,3.141,3.141,3.141,0.0
2016-03-03,3.149,3.149,3.149,3.149,0.0
2016-03-04,3.148,3.148,3.148,3.148,0.0
2016-03-07,3.155,3.155,3.155,3.155,0.0
2016-03-08,3.161,3.161,3.161,3.161,0.0
2016-03-09,3.205,3.205,3.205,3.205,0.0
2016-03-10,3.222,3.222,3.222,3.222,0.0
2016-03-11,3.239,3.239,3.239,3.239,0.0
2016-03-14,3.231,3.231,3.231,3.231,0.0
2016-03-15,3.23,3.23,3.23,3.23,0.0
2016-03-16,3.237,3.237,3.237,3.237,0.0
2016-03-17,3.242,3.242,3.242,3.242,0.0
2016-03-18,3.23,3.23,3.23,3.23,0.0
2016-03-21,3.218,3.218,3.218,3.218,0.0
2016-03-22,3.241,3.241,3.241,3.241,0.0
2016-03-23,3.261,3.261,3.261,3.261,0.0
2016-03-24,3.298,3.298,3.298,3.298,0.0
2016-03-28,3.366,3.366,3.366,3.366,0.0
2016-03-29,3.383,3.383,3.383,3.383,0.0
2016-03-30,3.381,3.381,3.381,3.381,0.0
2016-03-31,3.378,3.378,3.378,3.378,0.0
2016-04-01,3.38,3.38,3.38,3.38,0.0
2016-04-04,3.38,3.38,3.38,3.38,0.0
2016-04-05,3.388,3.388,3.388,3.388,0.0
2016-04-06,3.402,3.402,3.402,3.402,0.0
2016-04-07,3.407,3.407,3.407,3.407,0.0
2016-04-08,3.422,3.422,3.422,3.422,0.0
2016-04-11,3.417,3.417,3.417,3.417,0.0
2016-04-12,3.418,3.418,3.418,3.418,0.0
2016-04-13,3.422,3.422,3.422,3.422,0.0
2016-04-14,3.419,3.419,3.419,3.419,0.0
2016-04-15,3.392,3.392,3.392,3.392,0.0
2016-04-18,3.385,3.385,3.385,3.385,0.0
2016-04-19,3.381,3.381,3.381,3.381,0.0
2016-04-20,3.38,3.38,3.38,3.38,0.0
2016-04-21,3.409,3.409,3.409,3.409,0.0
2016-04-22,3.399,3.399,3.399,3.399,0.0
2016-04-25,3.413,3.413,3.413,3.413,0.0
2016-04-26,3.455,3.455,3.455,3.455,0.0
2016-04-27,3.471,3.471,3.471,3.471,0.0
2016-04-28,3.463,3.463,3.463,3.463,0.0
2016-04-29,3.461,3.461,3.461,3.461,0.0
2016-05-02,3.441,3.441,3.441,3.441,0.0
2016-05-03,3.441,3.441,3.441,3.441,0.0
2016-05-04,3.45,3.45,3.45,3.45,0.0
2016-05-05,3.479,3.479,3.479,3.479,0.0
2016-05-06,3.475,3.475,3.475,3.475,0.0
2016-05-09,3.463,3.463,3.463,3.463,0.0
2016-05-10,3.434,3.434,3.434,3.434,0.0
2016-05-11,3.428,3.428,3.428,3.428,0.0
2016-05-12,3.416,3.416,3.416,3.416,0.0
2016-05-13,3.403,3.403,3.403,3.403,0.0
2016-05-16,3.404,3.404,3.404,3.404,0.0
2016-05-17,3.388,3.388,3.388,3.388,0.0
2016-05-18,3.374,3.374,3.374,3.374,0.0
2016-05-19,3.396,3.396,3.396,3.396,0.0
2016-05-20,3.384,3.384,3.384,3.384,0.0
2016-05-23,3.384,3.384,3.384,3.384,0.0
2016-05-24,3.395,3.395,3.395,3.395,0.0
2016-05-25,3.435,3.435,3.435,3.435,0.0
2016-05-26,3.466,3.466,3.466,3.466,0.0
2016-05-27,3.471,3.471,3.471,3.471,0.0
2016-05-31,3.475,3.475,3.475,3.475,0.0
2016-06-01,3.461,3.461,3.461,3.461,0.0
2016-06-02,3.462,3.462,3.462,3.462,0.0
2016-06-03,3.453,3.453,3.453,3.453,0.0
2016-06-06,3.45,3.45,3.45,3.45,0.0
2016-06-07,3.469,3.469,3.469,3.469,0.0
2016-06-08,3.467,3.467,3.467,3.467,0.0
2016-06-09,3.452,3.452,3.452,3.452,0.0
2016-06-10,3.434,3.434,3.434,3.434,0.0
2016-06-13,3.396,3.396,3.396,3.396,0.0
2016-06-14,3.374,3.374,3.374,3.374,0.0
2016-06-15,3.374,3.374,3.374,3.374,0.0
2016-06-16,3.375,3.375,3.375,3.375,0.0
2016-06-17,3.341,3.341,3.341,3.341,0.0
2016-06-20,3.333,3.333,3.333,3.333,0.0
2016-06-21,3.325,3.325,3.325,3.325,0.0
2016-06-22,3.332,3.332,3.332,3.332,0.0
2016-06-23,3.343,3.343,3.343,3.343,0.0
2016-06-24,3.361,3.361,3.361,3.361,0.0
2016-06-27,3.341,3.341,3.341,3.341,0.0
2016-06-28,3.374,3.374,3.374,3.374,0.0
2016-06-29,3.375,3.375,3.375,3.375,0.0
2016-06-30,3.39,3.39,3.39,3.39,0.0
2016-07-01,3.391,3.391,3.391,3.391,0.0
2016-07-05,3.384,3.384,3.384,3.384,0.0
2016-07-06,3.406,3.406,3.406,3.406,0.0
2016-07-07,3.404,3.404,3.404,3.404,0.0
2016-07-08,3.401,3.401,3.401,3.401,0.0
2016-07-11,3.397,3.397,3.397,3.397,0.0
2016-07-12,3.383,3.383,3.383,3.383,0.0
2016-07-13,3.399,3.399,3.399,3.399,0.0
2016-07-14,3.397,3.397,3.397,3.397,0.0
2016-07-15,3.386,3.386,3.386,3.386,0.0
2016-07-18,3.374,3.374,3.374,3.374,0.0
2016-07-19,3.366,3.366,3.366,3.366,0.0
2016-07-20,3.36,3.36,3.36,3.36,0.0
2016-07-21,3.365,3.365,3.365,3.365,0.0
2016-07-22,3.369,3.369,3.369,3.369,0.0
2016-07-25,3.375,3.375,3.375,3.375,0.0
2016-07-26,3.373,3.373,3.373,3.373,0.0
2016-07-27,3.366,3.366,3.366,3.366,0.0
2016-07-28,3.374,3.374,3.374,3.374,0.0
2016-07-29,3.378,3.378,3.378,3.378,0.0
2016-08-01,3.366,3.366,3.366,3.366,0.0
2016-08-02,3.371,3.371,3.371,3.371,0.0
2016-08-03,3.378,3.378,3.378,3.378,0.0
2016-08-04,3.395,3.395,3.395,3.395,0.0
2016-08-05,3.392,3.392,3.392,3.392,0.0
2016-08-08,3.393,3.393,3.393,3.393,0.0
2016-08-09,3.392,3.392,3.392,3.392,0.0
2016-08-10,3.373,3.373,3.373,3.373,0.0
2016-08-11,3.362,3.362,3.362,3.362,0.0
2016-08-12,3.359,3.359,3.359,3.359,0.0
2016-08-15,3.354,3.354,3.354,3.354,0.0
2016-08-16,3.363,3.363,3.363,3.363,0.0
2016-08-17,3.392,3.392,3.392,3.392,0.0
2016-08-18,3.389,3.389,3.389,3.389,0.0
2016-08-19,3.4,3.4,3.389,3.389,1.0
2016-08-22,3.384,3.384,3.384,3.384,0.0
2016-08-23,3.407,3.407,3.407,3.407,0.0
2016-08-24,3.431,3.431,3.431,3.431,0.0
2016-08-25,3.388,3.388,3.388,3.388,0.0
2016-08-26,3.36,3.36,3.36,3.36,0.0
2016-08-29,3.35,3.35,3.35,3.35,0.0
2016-08-30,3.345,3.345,3.345,3.345,0.0
2016-08-31,3.367,3.367,3.367,3.367,0.0
2016-09-01,3.33,3.33,3.33,3.33,0.0
2016-09-02,3.322,3.322,3.322,3.322,0.0
2016-09-06,3.321,3.321,3.321,3.321,0.0
2016-09-07,3.302,3.302,3.302,3.302,0.0
2016-09-08,3.308,3.308,3.308,3.308,0.0
2016-09-09,3.278,3.278,3.278,3.278,0.0
2016-09-12,3.28,3.28,3.28,3.28,0.0
2016-09-13,3.268,3.268,3.268,3.268,0.0
2016-09-14,3.28,3.28,3.28,3.28,0.0
2016-09-15,3.274,3.274,3.274,3.274,0.0
2016-09-16,3.252,3.252,3.252,3.252,0.0
2016-09-19,3.238,3.238,3.238,3.238,0.0
2016-09-20,3.245,3.245,3.245,3.245,0.0
2016-09-21,3.25,3.25,3.25,3.25,0.0
2016-09-22,3.228,3.228,3.228,3.228,0.0
2016-09-23,3.237,3.237,3.237,3.237,0.0
2016-09-26,3.256,3.256,3.256,3.256,0.0
2016-09-27,3.228,3.228,3.228,3.228,0.0
2016-09-28,3.202,3.202,3.202,3.202,0.0
2016-09-29,3.163,3.163,3.163,3.163,0.0
2016-09-30,3.156,3.156,3.156,3.156,4.0
2016-10-03,3.159,3.159,3.159,3.159,0.0
2016-10-04,3.14,3.14,3.14,3.14,0.0
2016-10-05,3.172,3.172,3.172,3.172,0.0
2016-10-06,3.17,3.17,3.17,3.17,0.0
2016-10-07,3.188,3.188,3.188,3.188,0.0
2016-10-10,3.179,3.179,3.179,3.179,0.0
2016-10-11,3.26,3.26,3.26,3.26,0.0
2016-10-12,3.236,3.236,3.236,3.236,0.0
2016-10-13,3.241,3.241,3.241,3.241,0.0
2016-10-14,3.234,3.234,3.234,3.234,0.0
2016-10-17,3.245,3.245,3.245,3.245,0.0
2016-10-18,3.249,3.249,3.249,3.249,0.0
2016-10-19,3.24,3.24,3.24,3.24,0.0
2016-10-20,3.231,3.231,3.231,3.231,0.0
2016-10-21,3.244,3.244,3.244,3.244,0.0
2016-10-24,3.242,3.242,3.242,3.242,0.0
2016-10-25,3.231,3.231,3.231,3.231,0.0
2016-10-26,3.229,3.229,3.229,3.229,0.0
2016-10-27,3.253,3.253,3.253,3.253,0.0
2016-10-28,3.26,3.26,3.26,3.26,0.0
2016-10-31,3.253,3.253,3.253,3.253,0.0
2016-11-01,3.243,3.243,3.243,3.243,0.0
2016-11-02,3.226,3.226,3.226,3.226,0.0
2016-11-03,3.224,3.224,3.224,3.224,0.0
2016-11-04,3.204,3.204,3.204,3.204,0.0
2016-11-07,3.208,3.208,3.208,3.208,0.0
2016-11-08,3.196,3.196,3.196,3.196,0.0
2016-11-09,3.192,3.192,3.192,3.192,0.0
2016-11-10,3.193,3.193,3.193,3.193,0.0
2016-11-11,3.199,3.199,3.199,3.199,0.0
2016-11-14,3.19,3.19,3.19,3.19,0.0
2016-11-15,3.16,3.16,3.16,3.16,0.0
2016-11-16,3.17,3.17,3.17,3.17,0.0
2016-11-17,3.192,3.192,3.192,3.192,0.0
2016-11-18,3.203,3.203,3.203,3.203,0.0
2016-11-21,3.193,3.193,3.193,3.193,0.0
2016-11-22,3.165,3.165,3.165,3.165,0.0
2016-11-23,3.153,3.153,3.153,3.153,0.0
2016-11-25,3.152,3.152,3.152,3.152,0.0
2016-11-28,3.129,3.129,3.129,3.129,0.0
2016-11-29,3.091,3.091,3.091,3.091,0.0
2016-11-30,3.078,3.078,3.078,3.078,0.0
2016-12-01,3.118,3.118,3.118,3.118,0.0
2016-12-02,3.109,3.109,3.109,3.109,0.0
2016-12-05,3.105,3.105,3.105,3.105,0.0
2016-12-06,3.088,3.088,3.088,3.088,0.0
2016-12-07,3.112,3.112,3.112,3.112,0.0
2016-12-08,3.146,3.146,3.146,3.146,0.0
2016-12-09,3.116,3.116,3.116,3.116,0.0
2016-12-12,3.108,3.108,3.108,3.108,0.0
2016-12-13,3.11,3.11,3.094,3.094,1.0
2016-12-14,3.063,3.063,3.063,3.063,0.0
2016-12-15,3.073,3.073,3.073,3.073,0.0
2016-12-16,3.079,3.079,3.079,3.079,0.0
2016-12-19,3.096,3.096,3.096,3.096,0.0
2016-12-20,3.067,3.067,3.067,3.067,0.0
2016-12-21,3.082,3.082,3.082,3.082,0.0
2016-12-22,3.048,3.048,3.048,3.048,0.0
2016-12-23,3.045,3.045,3.045,3.045,0.0
2016-12-27,3.055,3.055,3.055,3.055,0.0
2016-12-28,3.07,3.07,3.07,3.07,0.0
2016-12-29,3.077,3.077,3.077,3.077,0.0
2016-12-30,3.075,3.075,3.075,3.075,0.0
2017-01-03,3.063,3.063,3.063,3.063,0.0
2017-01-04,3.058,3.058,3.058,3.058,0.0
2017-01-05,3.072,3.072,3.072,3.072,0.0
2017-01-06,3.071,3.071,3.071,3.071,0.0
2017-01-09,3.054,3.054,3.054,3.054,0.0
2017-01-10,3.087,3.087,3.087,3.087,0.0
2017-01-11,3.068,3.068,3.068,3.068,0.0
2017-01-12,3.077,3.077,3.077,3.077,0.0
2017-01-13,3.054,3.054,3.054,3.054,0.0
2017-01-17,3.052,3.052,3.052,3.052,0.0
2017-01-18,3.06,3.06,3.06,3.06,0.0
2017-01-19,3.074,3.074,3.074,3.074,0.0
2017-01-20,3.074,3.074,3.074,3.074,0.0
2017-01-23,3.073,3.073,3.073,3.073,0.0
2017-01-24,3.064,3.064,3.064,3.064,0.0
2017-01-25,3.055,3.055,3.055,3.055,0.0
2017-01-26,3.056,3.056,3.056,3.056,0.0
2017-01-27,3.043,3.043,3.043,3.043,0.0
2017-01-30,3.046,3.046,3.046,3.046,0.0
2017-01-31,3.043,3.043,3.043,3.043,0.0
2017-02-01,3.037,3.037,3.037,3.037,0.0
2017-02-02,3.04,3.04,3.04,3.04,0.0
2017-02-03,3.023,3.023,3.023,3.023,0.0
2017-02-06,3.019,3.019,3.019,3.019,0.0
2017-02-07,3.037,3.037,3.037,3.037,0.0
2017-02-08,3.029,3.029,3.029,3.029,0.0
2017-02-09,3.029,3.029,3.029,3.029,0.0
2017-02-10,3.009,3.009,3.009,3.009,0.0
2017-02-13,3.01,3.01,3.009,3.009,1.0
2017-02-14,2.996,2.996,2.996,2.996,0.0
2017-02-15,2.998,2.998,2.998,2.998,0.0
2017-02-16,3.012,3.012,3.012,3.012,0.0
2017-02-17,3.008,3.008,3.008,3.008,0.0
2017-02-21,2.992,2.992,2.992,2.992,0.0
2017-02-22,2.995,2.995,2.995,2.995,0.0
2017-02-23,2.998,2.998,2.998,2.998,0.0
2017-02-24,2.987,2.987,2.987,2.987,0.0
2017-02-27,2.985,2.985,2.985,2.985,0.0
2017-02-28,2.994,2.994,2.994,2.994,0.0
2017-03-01,3.005,3.011,3.005,3.011,45.0
2017-03-02,3.009,3.009,3.009,3.009,0.0
2017-03-03,3.017,3.017,3.017,3.017,0.0
2017-03-06,3.012,3.012,3.012,3.012,0.0
2017-03-07,3.009,3.009,3.009,3.009,0.0
2017-03-08,3.006,3.006,3.006,3.006,0.0
2017-03-09,3.0,3.0,3.0,3.0,0.0
2017-03-10,2.995,2.995,2.995,2.995,0.0
2017-03-13,2.989,2.989,2.989,2.989,8.0
2017-03-14,2.986,2.986,2.986,2.986,0.0
2017-03-15,2.98,2.98,2.98,2.98,8.0
2017-03-16,3.005,3.005,3.005,3.005,0.0
2017-03-17,3.005,3.005,3.005,3.005,0.0
2017-03-20,3.013,3.013,3.013,3.013,0.0
2017-03-21,3.015,3.015,3.015,3.015,0.0
2017-03-22,3.015,3.015,3.015,3.015,0.0
2017-03-23,3.022,3.022,3.022,3.022,4.0
2017-03-24,3.0,3.0,3.0,3.0,0.0
2017-03-27,2.996,2.996,2.996,2.996,0.0
2017-03-28,2.977,2.977,2.977,2.977,2.0
2017-03-29,2.998,2.998,2.998,2.998,0.0
2017-03-30,2.994,2.994,2.994,2.994,0.0
2017-03-31,2.986,2.986,2.986,2.986,0.0
2017-04-03,2.993,2.993,2.993,2.993,0.0
2017-04-04,2.988,2.988,2.988,2.988,0.0
2017-04-05,3.013,3.013,3.013,3.013,2.0
2017-04-06,2.995,2.995,2.995,2.995,0.0
2017-04-07,3.0,3.0,3.0,3.0,0.0
2017-04-10,3.0,3.0,3.0,3.0,0.0
2017-04-11,3.018,3.018,3.018,3.018,0.0
2017-04-12,3.021,3.021,3.021,3.021,0.0
2017-04-13,3.048,3.048,3.048,3.048,0.0
2017-04-17,3.046,3.046,3.046,3.046,0.0
2017-04-18,3.079,3.079,3.079,3.079,0.0
2017-04-19,3.088,3.088,3.088,3.088,0.0
2017-04-20,3.122,3.122,3.122,3.122,0.0
2017-04-21,3.099,3.099,3.099,3.099,0.0
2017-04-24,3.088,3.088,3.088,3.088,0.0
2017-04-25,3.093,3.093,3.093,3.093,0.0
2017-04-26,3.1,3.1,3.1,3.1,0.0
2017-04-27,3.088,3.088,3.088,3.088,0.0
2017-04-28,3.093,3.093,3.093,3.093,0.0
2017-05-01,3.061,3.061,3.061,3.061,0.0
2017-05-02,3.059,3.059,3.059,3.059,2.0
2017-05-03,3.075,3.075,3.075,3.075,0.0
2017-05-04,3.094,3.094,3.094,3.094,0.0
2017-05-05,3.094,3.094,3.094,3.094,0.0
2017-05-08,3.071,3.071,3.071,3.071,0.0
2017-05-09,3.069,3.069,3.069,3.069,0.0
2017-05-10,3.064,3.064,3.064,3.064,0.0
2017-05-11,3.062,3.062,3.062,3.062,0.0
2017-05-12,3.071,3.071,3.066,3.066,3.0
2017-05-15,3.054,3.054,3.054,3.054,0.0
2017-05-16,3.071,3.071,3.071,3.071,0.0
2017-05-17,3.087,3.087,3.087,3.087,0.0
2017-05-18,3.074,3.074,3.074,3.074,0.0
2017-05-19,3.069,3.069,3.069,3.069,0.0
2017-05-22,3.071,3.071,3.071,3.071,0.0
2017-05-23,3.068,3.068,3.068,3.068,0.0
2017-05-24,3.062,3.062,3.062,3.062,0.0
2017-05-25,3.061,3.061,3.061,3.061,0.0
2017-05-26,3.049,3.049,3.049,3.049,0.0
2017-05-30,3.048,3.048,3.048,3.048,0.0
2017-05-31,3.038,3.038,3.038,3.038,0.0
2017-06-01,3.034,3.034,3.034,3.034,0.0
2017-06-02,3.035,3.035,3.035,3.035,0.0
2017-06-05,3.03,3.03,3.03,3.03,0.0
2017-06-06,3.015,3.015,3.015,3.015,0.0
2017-06-07,3.01,3.012,3.0,3.012,18.0
2017-06-08,3.031,3.031,3.031,3.031,0.0
2017-06-09,3.03,3.03,3.03,3.03,0.0
2017-06-12,3.031,3.031,3.031,3.031,0.0
2017-06-13,3.036,3.036,3.036,3.036,0.0
2017-06-14,3.028,3.028,3.028,3.028,0.0
2017-06-15,3.05,3.05,3.05,3.05,0.0
2017-06-16,3.04,3.04,3.04,3.04,0.0
2017-06-19,3.04,3.04,3.04,3.04,0.0
2017-06-20,3.05,3.062,3.05,3.062,2.0
2017-06-21,3.07,3.07,3.07,3.07,0.0
2017-06-22,3.072,3.072,3.072,3.072,0.0
2017-06-23,3.068,3.068,3.068,3.068,0.0
2017-06-26,3.052,3.052,3.052,3.052,0.0
2017-06-27,3.045,3.045,3.045,3.045,0.0
2017-06-28,3.031,3.031,3.031,3.031,0.0
2017-06-29,3.036,3.036,3.036,3.036,0.0
2017-06-30,3.049,3.049,3.049,3.049,0.0
2017-07-03,3.042,3.042,3.042,3.042,0.0
2017-07-05,3.006,3.006,3.006,3.006,0.0
2017-07-06,2.991,2.991,2.991,2.991,0.0
2017-07-07,2.986,2.986,2.986,2.986,0.0
2017-07-10,2.995,2.995,2.995,2.995,0.0
2017-07-11,2.999,2.999,2.999,2.999,0.0
2017-07-12,2.987,2.987,2.987,2.987,0.0
2017-07-13,3.001,3.001,3.001,3.001,0.0
2017-07-14,3.005,3.005,3.005,3.005,0.0
2017-07-17,3.01,3.01,3.01,3.01,0.0
2017-07-18,3.024,3.024,3.024,3.024,0.0
2017-07-19,3.009,3.009,3.009,3.009,0.0
2017-07-20,2.998,2.998,2.998,2.998,0.0
2017-07-21,2.984,2.984,2.984,2.984,0.0
2017-07-24,2.925,2.936,2.925,2.936,35.0
2017-07-25,2.942,2.942,2.942,2.942,0.0
2017-07-26,2.928,2.928,2.928,2.928,0.0
2017-07-27,2.926,2.926,2.926,2.926,0.0
2017-07-28,2.943,2.943,2.943,2.943,0.0
2017-07-31,2.938,2.938,2.933,2.933,1.0
2017-08-01,2.949,2.949,2.949,2.949,0.0
2017-08-02,2.957,2.957,2.957,2.957,0.0
2017-08-03,2.971,2.971,2.971,2.971,0.0
2017-08-04,2.961,2.961,2.961,2.961,0.0
2017-08-07,2.96,2.96,2.96,2.96,0.0
2017-08-08,2.97,2.97,2.97,2.97,0.0
2017-08-09,2.964,2.964,2.964,2.964,0.0
2017-08-10,2.971,2.98,2.966,2.966,8.0
2017-08-11,2.967,2.967,2.967,2.967,0.0
2017-08-14,2.968,2.968,2.968,2.968,0.0
2017-08-15,2.958,2.958,2.958,2.958,0.0
2017-08-16,2.948,2.948,2.948,2.948,0.0
2017-08-17,2.954,2.954,2.954,2.954,0.0
2017-08-18,2.954,2.954,2.954,2.954,0.0
2017-08-21,2.944,2.944,2.944,2.944,0.0
2017-08-22,2.935,2.935,2.935,2.935,0.0
2017-08-23,2.935,2.935,2.935,2.935,0.0
2017-08-24,2.904,2.904,2.904,2.904,0.0
2017-08-25,2.891,2.891,2.891,2.891,0.0
2017-08-28,2.9,2.904,2.9,2.904,4.0
2017-08-29,2.902,2.902,2.902,2.902,0.0
2017-08-30,2.904,2.904,2.904,2.904,0.0
2017-08-31,2.917,2.917,2.917,2.917,0.0
2017-09-01,2.924,2.924,2.924,2.924,0.0
2017-09-05,2.92,2.92,2.92,2.92,0.0
2017-09-06,2.915,2.915,2.915,2.915,0.0
2017-09-07,2.943,2.943,2.943,2.943,0.0
2017-09-08,2.949,2.949,2.949,2.949,0.0
2017-09-11,2.96,2.96,2.96,2.96,0.0
2017-09-12,2.971,2.971,2.971,2.971,0.0
2017-09-13,2.957,2.957,2.957,2.957,0.0
2017-09-14,2.974,2.974,2.974,2.974,0.0
2017-09-15,2.984,2.984,2.984,2.984,0.0
2017-09-18,3.001,3.001,3.001,3.001,0.0
2017-09-19,2.983,2.983,2.983,2.983,0.0
2017-09-20,2.982,2.982,2.982,2.982,0.0
2017-09-21,2.974,2.974,2.974,2.974,0.0
2017-09-22,2.993,2.993,2.993,2.993,0.0
2017-09-25,2.974,2.974,2.974,2.974,0.0
2017-09-26,2.987,2.987,2.987,2.987,0.0
2017-09-27,2.997,2.997,2.997,2.997,0.0
2017-09-28,2.992,2.992,2.992,2.992,0.0
2017-09-29,2.984,2.984,2.984,2.984,0.0
2017-10-02,2.992,2.992,2.992,2.992,0.0
2017-10-03,3.01,3.01,3.002,3.002,1.0
2017-10-04,3.0,3.0,3.0,3.0,0.0
2017-10-05,3.0,3.0,3.0,3.0,0.0
2017-10-06,2.99,2.99,2.99,2.99,0.0
2017-10-09,3.0,3.0,3.0,3.0,0.0
2017-10-10,2.992,2.992,2.992,2.992,0.0
2017-10-11,2.987,2.987,2.987,2.987,0.0
2017-10-12,3.0,3.0,3.0,3.0,0.0
2017-10-13,3.01,3.01,3.001,3.001,3.0
2017-10-16,3.014,3.014,3.014,3.014,0.0
2017-10-17,3.012,3.012,3.012,3.012,0.0
2017-10-18,3.022,3.022,3.022,3.022,0.0
2017-10-19,3.03,3.031,3.03,3.031,1.0
2017-10-20,3.044,3.044,3.044,3.044,0.0
2017-10-23,3.049,3.049,3.039,3.039,2.0
2017-10-24,3.03,3.03,3.03,3.03,0.0
2017-10-25,3.029,3.029,3.029,3.029,1.0
2017-10-26,3.029,3.029,3.027,3.027,1.0
2017-10-27,3.017,3.017,3.017,3.017,0.0
2017-10-30,3.037,3.037,3.037,3.037,0.0
2017-10-31,3.032,3.032,3.032,3.032,0.0
2017-11-01,3.034,3.034,3.034,3.034,0.0
2017-11-02,3.024,3.024,3.024,3.024,0.0
2017-11-03,3.019,3.019,3.019,3.019,0.0
2017-11-06,3.02,3.021,3.02,3.021,1.0
2017-11-07,3.018,3.018,3.018,3.018,0.0
2017-11-08,3.018,3.018,3.018,3.018,0.0
2017-11-09,3.022,3.022,3.022,3.022,0.0
2017-11-10,3.016,3.016,3.016,3.016,0.0
2017-11-13,3.017,3.017,3.017,3.017,0.0
2017-11-14,3.022,3.022,3.022,3.022,0.0
2017-11-15,3.025,3.025,3.025,3.025,0.0
2017-11-16,3.033,3.033,3.033,3.033,0.0
2017-11-17,3.04,3.04,3.04,3.04,0.0
2017-11-20,3.035,3.035,3.035,3.035,0.0
2017-11-21,3.037,3.037,3.037,3.037,0.0
2017-11-22,3.024,3.024,3.024,3.024,0.0
2017-11-24,3.021,3.021,3.021,3.021,0.0
2017-11-27,3.023,3.023,3.023,3.023,0.0
2017-11-28,3.028,3.028,3.028,3.028,0.0
2017-11-29,3.039,3.039,3.039,3.039,0.0
2017-11-30,3.026,3.026,3.026,3.026,0.0
2017-12-01,3.014,3.014,3.014,3.014,0.0
2017-12-04,2.979,2.979,2.979,2.979,0.0
2017-12-05,2.979,2.979,2.979,2.979,0.0
2017-12-06,2.975,2.975,2.975,2.975,0.0
2017-12-07,2.968,2.968,2.968,2.968,0.0
2017-12-08,2.968,2.968,2.968,2.968,0.0
2017-12-11,2.967,2.967,2.967,2.967,0.0
2017-12-12,2.957,2.957,2.957,2.957,0.0
2017-12-13,2.971,2.971,2.971,2.971,0.0
2017-12-14,2.98,2.98,2.98,2.98,0.0
2017-12-15,2.977,2.977,2.977,2.977,0.0
2017-12-18,2.992,2.992,2.992,2.992,0.0
2017-12-19,2.99,2.99,2.99,2.99,0.0
2017-12-20,2.976,2.976,2.976,2.976,0.0
2017-12-21,2.993,2.993,2.993,2.993,0.0
2017-12-22,3.016,3.016,3.016,3.016,0.0
2017-12-26,3.02,3.02,3.02,3.02,0.0
2017-12-27,3.005,3.005,3.005,3.005,0.0
2017-12-28,3.002,3.002,3.002,3.002,0.0
2017-12-29,3.004,3.004,3.004,3.004,0.0
2018-01-02,2.997,2.997,2.997,2.997,0.0
2018-01-03,2.997,2.997,2.997,2.997,0.0
2018-01-04,2.988,2.988,2.988,2.988,0.0
2018-01-05,2.988,2.988,2.988,2.988,0.0
2018-01-08,2.998,2.998,2.998,2.998,0.0
2018-01-09,2.984,2.984,2.984,2.984,0.0
2018-01-10,2.999,2.999,2.999,2.999,0.0
2018-01-11,3.005,3.005,3.005,3.005,0.0
2018-01-12,3.001,3.001,3.001,3.001,0.0
2018-01-16,2.984,2.984,2.984,2.984,10.0
2018-01-17,2.985,2.985,2.978,2.978,1.0
2018-01-18,2.98,2.98,2.98,2.98,0.0
2018-01-19,2.985,2.985,2.985,2.985,0.0
2018-01-22,3.003,3.003,3.003,3.003,10.0
2018-01-23,3.013,3.013,3.013,3.013,3.0
2018-01-24,3.02,3.02,3.02,3.02,10.0
2018-01-25,3.018,3.018,3.018,3.018,0.0
2018-01-26,2.999,2.999,2.999,2.999,0.0
2018-01-29,3.004,3.004,3.004,3.004,0.0
2018-01-30,2.997,2.997,2.997,2.997,0.0
2018-01-31,2.986,2.986,2.986,2.986,0.0
2018-02-01,2.996,2.996,2.996,2.996,0.0
2018-02-02,3.004,3.004,3.004,3.004,0.0
2018-02-05,3.008,3.008,3.008,3.008,35.0
2018-02-06,3.007,3.007,3.007,3.007,0.0
2018-02-07,2.981,2.981,2.981,2.981,0.0
2018-02-08,2.977,2.977,2.977,2.977,0.0
2018-02-09,2.958,2.958,2.958,2.958,0.0
2018-02-12,2.947,2.947,2.947,2.947,0.0
2018-02-13,2.947,2.947,2.947,2.947,0.0
2018-02-14,2.93,2.951,2.93,2.951,1.0
2018-02-15,2.945,2.945,2.945,2.945,0.0
2018-02-16,2.952,2.952,2.952,2.952,0.0
2018-02-20,2.949,2.949,2.949,2.949,0.0
2018-02-21,2.968,2.968,2.968,2.968,0.0
2018-02-22,2.969,2.969,2.969,2.969,0.0
2018-02-23,2.969,2.969,2.963,2.963,4.0
2018-02-26,2.966,2.966,2.966,2.966,0.0
2018-02-27,2.958,2.958,2.958,2.958,0.0
2018-02-28,2.946,2.946,2.946,2.946,0.0
2018-03-01,2.951,2.951,2.951,2.951,0.0
2018-03-02,2.965,2.965,2.965,2.965,0.0
2018-03-05,2.979,2.979,2.979,2.979,0.0
2018-03-06,2.978,2.978,2.978,2.978,0.0
2018-03-07,2.978,2.978,2.97,2.97,3.0
2018-03-08,2.942,2.942,2.942,2.942,0.0
2018-03-09,2.919,2.919,2.919,2.919,0.0
2018-03-12,2.922,2.922,2.922,2.922,0.0
2018-03-13,2.922,2.922,2.922,2.922,0.0
2018-03-14,2.938,2.938,2.938,2.938,0.0
2018-03-15,2.958,2.958,2.958,2.958,0.0
2018-03-16,3.0,3.0,2.959,2.959,1.0
2018-03-19,2.946,2.946,2.946,2.946,0.0
2018-03-20,2.95,2.95,2.95,2.95,6.0
2018-03-21,2.94,2.94,2.94,2.94,0.0
2018-03-22,2.929,2.929,2.929,2.929,0.0
2018-03-23,2.923,2.923,2.923,2.923,0.0
2018-03-26,2.937,2.937,2.937,2.937,0.0
2018-03-27,2.955,2.955,2.955,2.955,0.0
2018-03-28,2.958,2.958,2.958,2.958,0.0
2018-03-29,2.979,2.979,2.979,2.979,0.0
2018-04-02,2.972,2.972,2.972,2.972,64.0
2018-04-03,2.965,2.965,2.965,2.965,0.0
2018-04-04,2.941,2.941,2.941,2.941,0.0
2018-04-05,2.938,2.949,2.938,2.949,5.0
2018-04-06,2.942,2.942,2.942,2.942,4.0
2018-04-09,2.938,2.938,2.938,2.938,0.0
2018-04-10,2.93,2.95,2.93,2.945,51.0
2018-04-11,2.955,2.955,2.955,2.955,0.0
2018-04-12,2.969,2.969,2.969,2.969,0.0
2018-04-13,2.963,2.963,2.963,2.963,0.0
2018-04-16,2.965,2.965,2.965,2.965,1.0
2018-04-17,2.961,2.961,2.961,2.961,0.0
2018-04-18,2.935,2.935,2.935,2.935,0.0
2018-04-19,2.899,2.899,2.899,2.899,100.0
2018-04-20,2.904,2.904,2.904,2.904,100.0
2018-04-23,2.896,2.896,2.896,2.896,0.0
2018-04-24,2.898,2.898,2.898,2.898,12.0
2018-04-25,2.89,2.89,2.89,2.89,0.0
2018-04-26,2.885,2.885,2.885,2.885,0.0
2018-04-27,2.88,2.88,2.88,2.88,0.0
2018-04-30,2.886,2.886,2.886,2.886,20.0
2018-05-01,2.88,2.88,2.879,2.879,35.0
2018-05-02,2.878,2.878,2.878,2.878,0.0
2018-05-03,2.878,2.878,2.878,2.878,0.0
2018-05-04,2.867,2.867,2.867,2.867,0.0
2018-05-07,2.865,2.865,2.865,2.865,0.0
2018-05-08,2.827,2.827,2.827,2.827,0.0
2018-05-09,2.821,2.821,2.821,2.821,2.0
2018-05-10,2.827,2.827,2.827,2.827,2.0
2018-05-11,2.83,2.83,2.83,2.83,0.0
2018-05-14,2.828,2.828,2.828,2.828,0.0
2018-05-15,2.816,2.816,2.816,2.816,10.0
2018-05-16,2.819,2.819,2.819,2.819,0.0
2018-05-17,2.827,2.827,2.827,2.827,0.0
2018-05-18,2.842,2.842,2.842,2.842,3.0
2018-05-21,2.848,2.848,2.848,2.848,0.0
2018-05-22,2.853,2.853,2.853,2.853,0.0
2018-05-23,2.848,2.848,2.848,2.848,0.0
2018-05-24,2.846,2.846,2.846,2.846,0.0
2018-05-25,2.829,2.829,2.823,2.823,4.0
2018-05-29,2.8,2.8,2.8,2.8,12.0
2018-05-30,2.805,2.805,2.805,2.805,0.0
2018-05-31,2.808,2.808,2.808,2.808,0.0
2018-06-01,2.808,2.808,2.808,2.808,0.0
2018-06-04,2.805,2.805,2.797,2.797,3.0
2018-06-05,2.798,2.798,2.798,2.798,0.0
2018-06-06,2.803,2.806,2.803,2.806,4.0
2018-06-07,2.8,2.8,2.787,2.787,1.0
2018-06-08,2.788,2.788,2.788,2.788,0.0
2018-06-11,2.782,2.782,2.782,2.782,0.0
2018-06-12,2.794,2.794,2.794,2.794,0.0
2018-06-13,2.801,2.801,2.801,2.801,0.0
2018-06-14,2.788,2.788,2.788,2.788,0.0
2018-06-15,2.791,2.791,2.783,2.783,1.0
2018-06-18,2.76,2.781,2.76,2.781,2.0
2018-06-19,2.785,2.785,2.776,2.776,1.0
2018-06-20,2.765,2.765,2.765,2.765,0.0
2018-06-21,2.771,2.771,2.771,2.771,0.0
2018-06-22,2.777,2.777,2.777,2.777,0.0
2018-06-25,2.773,2.773,2.773,2.773,0.0
2018-06-26,2.772,2.772,2.772,2.772,0.0
2018-06-27,2.777,2.777,2.777,2.777,0.0
2018-06-28,2.776,2.776,2.776,2.776,0.0
2018-06-29,2.778,2.778,2.778,2.778,0.0
2018-07-02,2.773,2.773,2.773,2.773,3.0
2018-07-03,2.763,2.763,2.763,2.763,0.0
2018-07-05,2.757,2.757,2.757,2.757,0.0
2018-07-06,2.759,2.759,2.759,2.759,0.0
2018-07-09,2.75,2.751,2.75,2.751,2.0
2018-07-10,2.741,2.741,2.741,2.741,0.0
2018-07-11,2.742,2.742,2.742,2.742,1.0
2018-07-12,2.74,2.74,2.739,2.739,1.0
2018-07-13,2.734,2.734,2.734,2.734,0.0
2018-07-16,2.734,2.734,2.718,2.718,4.0
2018-07-17,2.713,2.713,2.713,2.713,0.0
2018-07-18,2.72,2.72,2.706,2.706,29.0
2018-07-19,2.704,2.704,2.704,2.704,0.0
2018-07-20,2.705,2.705,2.705,2.705,0.0
2018-07-23,2.712,2.712,2.712,2.712,0.0
2018-07-24,2.717,2.717,2.717,2.717,0.0
2018-07-25,2.722,2.722,2.722,2.722,0.0
2018-07-26,2.73,2.73,2.716,2.716,2.0
2018-07-27,2.73,2.74,2.73,2.74,1.0
2018-07-30,2.748,2.748,2.741,2.741,1.0
2018-07-31,2.743,2.743,2.743,2.743,0.0
2018-08-01,2.713,2.713,2.713,2.713,0.0
2018-08-02,2.72,2.72,2.717,2.717,2.0
2018-08-03,2.722,2.722,2.722,2.722,0.0
2018-08-06,2.706,2.706,2.706,2.706,0.0
2018-08-07,2.713,2.713,2.713,2.713,0.0
2018-08-08,2.721,2.721,2.721,2.721,0.0
2018-08-09,2.73,2.73,2.73,2.73,1.0
2018-08-10,2.76,2.76,2.742,2.742,1.0
2018-08-13,2.751,2.751,2.751,2.751,0.0
2018-08-14,2.751,2.751,2.751,2.751,0.0
2018-08-15,2.744,2.744,2.744,2.744,0.0
2018-08-16,2.746,2.746,2.734,2.734,1.0
2018-08-17,2.736,2.736,2.736,2.736,0.0
2018-08-20,2.735,2.735,2.735,2.735,0.0
2018-08-21,2.729,2.729,2.729,2.729,1.0
2018-08-22,2.727,2.727,2.727,2.727,50.0
2018-08-23,2.723,2.723,2.723,2.723,0.0
2018-08-24,2.713,2.714,2.713,2.714,1.0
2018-08-27,2.685,2.685,2.685,2.685,0.0
2018-08-28,2.675,2.675,2.675,2.675,4.0
2018-08-29,2.682,2.682,2.682,2.682,0.0
2018-08-30,2.67,2.686,2.67,2.681,1.0
2018-08-31,2.701,2.701,2.691,2.7,3.0
2018-09-04,2.686,2.686,2.686,2.686,0.0
2018-09-05,2.688,2.688,2.688,2.688,0.0
2018-09-06,2.688,2.688,2.688,2.688,0.0
2018-09-07,2.688,2.693,2.688,2.693,1.0
2018-09-10,2.702,2.702,2.702,2.702,0.0
2018-09-11,2.71,2.71,2.705,2.705,1.0
2018-09-12,2.715,2.715,2.715,2.715,0.0
2018-09-13,2.726,2.726,2.726,2.726,0.0
2018-09-14,2.724,2.724,2.724,2.724,12.0
2018-09-17,2.728,2.728,2.728,2.728,6.0
2018-09-18,2.733,2.733,2.733,2.733,0.0
2018-09-19,2.717,2.717,2.717,2.717,0.0
2018-09-20,2.72,2.724,2.72,2.724,15.0
2018-09-21,2.722,2.722,2.722,2.722,0.0
2018-09-24,2.737,2.737,2.721,2.721,1.0
2018-09-25,2.717,2.717,2.717,2.717,0.0
2018-09-26,2.728,2.728,2.728,2.728,0.0
2018-09-27,2.722,2.722,2.722,2.722,2.0
2018-09-28,2.723,2.723,2.723,2.723,3.0
2018-10-01,2.725,2.725,2.725,2.725,5.0
2018-10-02,2.723,2.723,2.723,2.723,0.0
2018-10-03,2.72,2.72,2.72,2.72,0.0
2018-10-04,2.723,2.723,2.723,2.723,0.0
2018-10-05,2.718,2.718,2.718,2.718,0.0
2018-10-08,2.728,2.733,2.728,2.733,2.0
2018-10-09,2.737,2.737,2.737,2.737,0.0
2018-10-10,2.73,2.73,2.73,2.73,0.0
2018-10-11,2.748,2.748,2.748,2.748,0.0
2018-10-12,2.749,2.749,2.749,2.749,0.0
2018-10-15,2.754,2.754,2.748,2.748,6.0
2018-10-16,2.751,2.751,2.741,2.741,12.0
2018-10-17,2.736,2.736,2.736,2.736,0.0
2018-10-18,2.736,2.736,2.736,2.736,0.0
2018-10-19,2.736,2.736,2.733,2.733,3.0
2018-10-22,2.732,2.732,2.732,2.732,31.0
2018-10-23,2.734,2.734,2.734,2.734,0.0
2018-10-24,2.731,2.731,2.731,2.731,0.0
2018-10-25,2.734,2.734,2.726,2.727,2.0
2018-10-26,2.727,2.727,2.727,2.727,0.0
2018-10-29,2.732,2.732,2.732,2.732,0.0
2018-10-30,2.734,2.734,2.734,2.734,64.0
2018-10-31,2.738,2.738,2.738,2.738,0.0
2018-11-01,2.74,2.74,2.735,2.735,4.0
2018-11-02,2.746,2.746,2.746,2.746,0.0
2018-11-05,2.758,2.758,2.758,2.758,0.0
2018-11-06,2.766,2.773,2.766,2.773,2.0
2018-11-07,2.778,2.778,2.778,2.778,0.0
2018-11-08,2.784,2.784,2.784,2.784,35.0
2018-11-09,2.789,2.789,2.785,2.785,129.0
2018-11-12,2.806,2.806,2.806,2.806,0.0
2018-11-13,2.816,2.816,2.785,2.785,1.0
2018-11-14,2.769,2.769,2.769,2.769,0.0
2018-11-15,2.784,2.784,2.773,2.778,14.0
2018-11-16,2.772,2.772,2.772,2.772,7.0
2018-11-19,2.782,2.782,2.751,2.751,3.0
2018-11-20,2.749,2.749,2.749,2.749,2.0
2018-11-21,2.747,2.747,2.747,2.747,0.0
2018-11-23,2.772,2.772,2.772,2.772,0.0
2018-11-26,2.765,2.765,2.765,2.765,4.0
2018-11-27,2.769,2.769,2.761,2.761,6.0
2018-11-28,2.786,2.786,2.786,2.786,6.0
2018-11-29,2.807,2.807,2.807,2.807,0.0
2018-11-30,2.822,2.822,2.822,2.822,0.0
2018-12-03,2.809,2.809,2.809,2.809,0.0
2018-12-04,2.805,2.805,2.805,2.805,85.0
2018-12-05,2.801,2.801,2.801,2.801,0.0
2018-12-06,2.806,2.812,2.806,2.812,1.0
2018-12-07,2.839,2.839,2.81,2.81,1.0
2018-12-10,2.811,2.811,2.811,2.811,4.0
2018-12-11,2.806,2.806,2.785,2.785,1.0
2018-12-12,2.794,2.794,2.794,2.794,0.0
2018-12-13,2.787,2.787,2.787,2.787,0.0
2018-12-14,2.81,2.81,2.798,2.798,13.0
2018-12-17,2.799,2.799,2.799,2.799,0.0
2018-12-18,2.795,2.795,2.795,2.795,100.0
2018-12-19,2.805,2.805,2.793,2.793,62.0
2018-12-20,2.8,2.8,2.793,2.793,2.0
2018-12-21,2.793,2.793,2.793,2.793,0.0
2018-12-24,2.8,2.815,2.789,2.789,1.0
2018-12-26,2.787,2.787,2.787,2.787,0.0
2018-12-27,2.783,2.783,2.783,2.783,0.0
2018-12-28,2.798,2.798,2.774,2.774,1.0
2018-12-31,2.782,2.782,2.782,2.782,0.0
2019-01-02,2.775,2.775,2.775,2.775,4.0
2019-01-03,2.773,2.773,2.773,2.773,7.0
2019-01-04,2.803,2.803,2.803,2.803,0.0
2019-01-07,2.804,2.804,2.804,2.804,0.0
2019-01-08,2.821,2.821,2.806,2.806,3.0
2019-01-09,2.823,2.823,2.813,2.813,1.0
2019-01-10,2.863,2.863,2.83,2.83,5.0
2019-01-11,2.845,2.85,2.845,2.845,15.0
2019-01-14,2.855,2.855,2.846,2.846,1.0
2019-01-15,2.845,2.845,2.845,2.845,0.0
2019-01-16,2.814,2.814,2.814,2.814,0.0
2019-01-17,2.822,2.822,2.822,2.822,0.0
2019-01-18,2.831,2.831,2.831,2.831,0.0
2019-01-22,2.85,2.85,2.844,2.844,15.0
2019-01-23,2.844,2.844,2.833,2.833,5.0
2019-01-24,2.83,2.85,2.82,2.82,12.0
2019-01-25,2.85,2.85,2.825,2.825,1.0
2019-01-28,2.838,2.838,2.818,2.818,1.0
2019-01-29,2.819,2.819,2.819,2.819,0.0
2019-01-30,2.812,2.812,2.812,2.812,1.0
2019-01-31,2.793,2.793,2.793,2.793,0.0
2019-02-01,2.801,2.801,2.801,2.801,0.0
2019-02-04,2.791,2.791,2.791,2.791,0.0
2019-02-05,2.81,2.81,2.81,2.81,4.0
2019-02-06,2.81,2.81,2.81,2.81,0.0
2019-02-07,2.799,2.808,2.799,2.808,3.0
2019-02-08,2.812,2.812,2.812,2.812,0.0
2019-02-11,2.816,2.816,2.816,2.816,40.0
2019-02-12,2.824,2.824,2.824,2.824,0.0
2019-02-13,2.818,2.828,2.817,2.828,5.0
2019-02-14,2.828,2.836,2.828,2.836,8.0
2019-02-15,2.82,2.82,2.818,2.818,1.0
2019-02-19,2.831,2.831,2.831,2.831,0.0
2019-02-20,2.819,2.819,2.819,2.819,0.0
2019-02-21,2.814,2.814,2.814,2.814,0.0
2019-02-22,2.814,2.814,2.814,2.814,0.0
2019-02-25,2.816,2.816,2.812,2.812,4.0
2019-02-26,2.8,2.8,2.792,2.792,2.0
2019-02-27,2.809,2.809,2.809,2.809,0.0
2019-02-28,2.813,2.813,2.813,2.813,0.0
2019-03-01,2.81,2.81,2.81,2.81,1.0
2019-03-04,2.85,2.85,2.81,2.81,42.0
2019-03-05,2.772,2.81,2.772,2.81,2.0
2019-03-06,2.807,2.807,2.807,2.807,0.0
2019-03-07,2.813,2.813,2.813,2.813,0.0
2019-03-08,2.815,2.815,2.814,2.814,126.0
2019-03-11,2.824,2.824,2.824,2.824,0.0
2019-03-12,2.834,2.834,2.834,2.834,123.0
2019-03-13,2.835,2.835,2.835,2.835,0.0
2019-03-14,2.85,2.85,2.832,2.832,2.0
2019-03-15,2.827,2.827,2.827,2.827,0.0
2019-03-18,2.837,2.837,2.837,2.837,0.0
2019-03-19,2.839,2.839,2.839,2.839,0.0
2019-03-20,2.835,2.835,2.835,2.835,0.0
2019-03-21,2.845,2.845,2.842,2.842,5.0
2019-03-22,2.832,2.832,2.832,2.832,10.0
2019-03-25,2.832,2.832,2.831,2.831,3.0
2019-03-26,2.833,2.833,2.833,2.833,0.0
2019-03-27,2.825,2.825,2.825,2.825,35.0
2019-03-28,2.825,2.829,2.825,2.829,3.0
2019-03-29,2.829,2.829,2.829,2.829,0.0
2019-04-01,2.828,2.828,2.828,2.828,6.0
2019-04-02,2.834,2.838,2.834,2.838,1.0
2019-04-03,2.843,2.843,2.843,2.843,0.0
2019-04-04,2.841,2.841,2.841,2.841,0.0
2019-04-05,2.845,2.845,2.845,2.845,0.0
2019-04-08,2.849,2.849,2.849,2.849,0.0
2019-04-09,2.868,2.868,2.856,2.856,1.0
2019-04-10,2.853,2.853,2.849,2.849,5.0
2019-04-11,2.842,2.847,2.842,2.847,31.0
2019-04-12,2.831,2.847,2.831,2.847,19.0
2019-04-15,2.835,2.841,2.835,2.841,61.0
2019-04-16,2.845,2.845,2.828,2.842,70.0
2019-04-17,2.832,2.832,2.827,2.827,9.0
2019-04-18,2.813,2.813,2.812,2.812,120.0
2019-04-22,2.8,2.8,2.8,2.8,0.0
2019-04-23,2.795,2.795,2.795,2.795,0.0
2019-04-24,2.806,2.806,2.806,2.806,0.0
2019-04-25,2.818,2.818,2.818,2.818,0.0
2019-04-26,2.815,2.815,2.815,2.815,2.0
2019-04-29,2.826,2.826,2.826,2.826,0.0
2019-04-30,2.831,2.831,2.831,2.831,3.0
2019-05-01,2.833,2.833,2.833,2.833,0.0
2019-05-02,2.83,2.83,2.83,2.83,0.0
2019-05-03,2.801,2.801,2.801,2.801,0.0
2019-05-06,2.8,2.801,2.8,2.801,5.0
2019-05-07,2.801,2.801,2.801,2.801,1.0
2019-05-08,2.81,2.824,2.795,2.795,5.0
2019-05-09,2.798,2.798,2.798,2.798,1.0
2019-05-10,2.789,2.789,2.789,2.789,0.0
2019-05-13,2.792,2.792,2.792,2.792,0.0
2019-05-14,2.803,2.803,2.803,2.803,0.0
2019-05-15,2.806,2.806,2.806,2.806,0.0
2019-05-16,2.816,2.816,2.811,2.811,1.0
2019-05-17,2.815,2.815,2.815,2.815,0.0
2019-05-20,2.82,2.82,2.82,2.82,0.0
2019-05-21,2.82,2.82,2.82,2.82,0.0
2019-05-22,2.825,2.825,2.801,2.801,45.0
2019-05-23,2.816,2.816,2.813,2.813,3.0
2019-05-24,2.818,2.823,2.815,2.823,2.0
2019-05-28,2.826,2.826,2.826,2.826,0.0
2019-05-29,2.815,2.815,2.811,2.811,1.0
2019-05-30,2.809,2.809,2.809,2.809,1.0
2019-05-31,2.803,2.803,2.803,2.803,0.0
2019-06-03,2.791,2.791,2.791,2.791,1.0
2019-06-04,2.834,2.834,2.799,2.799,1.0
2019-06-05,2.793,2.793,2.793,2.793,0.0
2019-06-06,2.798,2.798,2.798,2.798,6.0
2019-06-07,2.799,2.799,2.799,2.799,0.0
2019-06-10,2.799,2.799,2.793,2.793,1.0
2019-06-11,2.793,2.793,2.793,2.793,0.0
2019-06-12,2.791,2.791,2.789,2.789,5.0
2019-06-13,2.789,2.79,2.789,2.79,3.0
2019-06-14,2.795,2.795,2.795,2.795,0.0
2019-06-17,2.798,2.798,2.777,2.798,6.0
2019-06-18,2.786,2.786,2.786,2.786,1.0
2019-06-19,2.786,2.786,2.778,2.778,1.0
2019-06-20,2.773,2.775,2.773,2.774,4.0
2019-06-21,2.775,2.789,2.775,2.789,11.0
2019-06-24,2.8,2.8,2.785,2.799,17.0
2019-06-25,2.786,2.788,2.782,2.782,27.0
2019-06-26,2.774,2.774,2.774,2.774,0.0
2019-06-27,2.77,2.77,2.77,2.77,0.0
2019-06-28,2.748,2.748,2.748,2.748,1.0
2019-07-01,2.728,2.728,2.728,2.728,0.0
2019-07-02,2.724,2.724,2.724,2.724,7.0
2019-07-03,2.722,2.722,2.722,2.722,0.0
2019-07-05,2.722,2.736,2.722,2.736,1.0
2019-07-08,2.73,2.77,2.73,2.732,22.0
2019-07-09,2.747,2.747,2.747,2.747,0.0
2019-07-10,2.765,2.772,2.753,2.753,8.0
2019-07-11,2.761,2.761,2.761,2.761,29.0
2019-07-12,2.772,2.772,2.766,2.766,4.0
2019-07-15,2.763,2.763,2.763,2.763,10.0
2019-07-16,2.736,2.736,2.736,2.736,0.0
2019-07-17,2.738,2.738,2.735,2.735,2.0
2019-07-18,2.736,2.736,2.736,2.736,24.0
2019-07-19,2.741,2.741,2.729,2.729,10.0
2019-07-22,2.732,2.732,2.732,2.732,2.0
2019-07-23,2.725,2.732,2.725,2.731,5.0
2019-07-24,2.722,2.731,2.722,2.724,15.0
2019-07-25,2.73,2.73,2.725,2.725,9.0
2019-07-26,2.72,2.72,2.72,2.72,2.0
2019-07-29,2.709,2.709,2.709,2.709,11.0
2019-07-30,2.712,2.712,2.712,2.712,55.0
2019-07-31,2.742,2.742,2.718,2.718,101.0
2019-08-01,2.694,2.726,2.694,2.726,107.0
2019-08-02,2.718,2.739,2.713,2.713,100.0
2019-08-05,2.694,2.716,2.693,2.699,42.0
2019-08-06,2.704,2.71,2.688,2.688,26.0
2019-08-07,2.674,2.674,2.674,2.674,3.0
2019-08-08,2.671,2.671,2.671,2.671,2.0
2019-08-09,2.665,2.676,2.659,2.659,551.0
2019-08-12,2.635,2.635,2.633,2.633,19.0
2019-08-13,2.633,2.633,2.633,2.633,4.0
2019-08-14,2.616,2.616,2.616,2.616,2.0
2019-08-15,2.615,2.615,2.61,2.612,44.0
2019-08-16,2.609,2.611,2.594,2.594,18.0
2019-08-19,2.58,2.605,2.58,2.6,202.0
2019-08-20,2.595,2.595,2.591,2.591,21.0
2019-08-21,2.592,2.592,2.592,2.592,25.0
2019-08-22,2.595,2.596,2.581,2.581,23.0
2019-08-23,2.586,2.589,2.581,2.586,68.0
2019-08-26,2.586,2.61,2.586,2.604,25.0
2019-08-27,2.605,2.614,2.605,2.611,6.0
2019-08-28,2.627,2.631,2.627,2.63,3.0
2019-08-29,2.643,2.647,2.64,2.647,17.0
2019-08-30,2.642,2.673,2.627,2.627,13.0
2019-09-03,2.59,2.649,2.59,2.649,40.0
2019-09-04,2.621,2.645,2.618,2.631,17.0
2019-09-05,2.644,2.684,2.64,2.643,4.0
2019-09-06,2.67,2.67,2.63,2.63,46.0
2019-09-09,2.625,2.626,2.618,2.622,17.0
2019-09-10,2.638,2.639,2.621,2.627,138.0
2019-09-11,2.632,2.634,2.629,2.629,17.0
2019-09-12,2.639,2.639,2.629,2.629,1.0
2019-09-13,2.614,2.614,2.614,2.614,6.0
2019-09-16,2.667,2.667,2.622,2.622,2.0
2019-09-17,2.623,2.623,2.618,2.618,89.0
2019-09-18,2.625,2.626,2.625,2.626,20.0
2019-09-19,2.632,2.637,2.632,2.632,37.0
2019-09-20,2.631,2.642,2.631,2.642,13.0
2019-09-23,2.642,2.642,2.638,2.638,19.0
2019-09-24,2.63,2.637,2.63,2.637,28.0
2019-09-25,2.638,2.638,2.636,2.636,125.0
2019-09-26,2.635,2.639,2.63,2.637,137.0
2019-09-27,2.63,2.63,2.625,2.625,53.0
2019-09-30,2.62,2.624,2.62,2.624,2.0
2019-10-01,2.629,2.629,2.628,2.629,59.0
2019-10-02,2.628,2.628,2.628,2.628,4.0
2019-10-03,2.628,2.631,2.627,2.63,37.0
2019-10-04,2.615,2.632,2.615,2.628,72.0
2019-10-07,2.628,2.632,2.627,2.627,39.0
2019-10-08,2.616,2.616,2.6,2.612,18.0
2019-10-09,2.612,2.612,2.593,2.6,68.0
2019-10-10,2.596,2.596,2.592,2.592,96.0
2019-10-11,2.598,2.598,2.594,2.594,76.0
2019-10-14,2.594,2.594,2.594,2.594,5.0
2019-10-15,2.603,2.608,2.602,2.608,455.0
2019-10-16,2.594,2.608,2.594,2.603,187.0
2019-10-17,2.615,2.615,2.606,2.606,282.0
2019-10-18,2.605,2.605,2.605,2.605,42.0
2019-10-21,2.605,2.605,2.6,2.6,40.0
2019-10-22,2.612,2.612,2.6,2.6,25.0
2019-10-23,2.596,2.596,2.596,2.596,0.0
2019-10-24,2.6,2.6,2.6,2.6,29.0
2019-10-25,2.598,2.6,2.596,2.596,62.0
2019-10-28,2.605,2.61,2.605,2.61,142.0
2019-10-29,2.628,2.632,2.628,2.63,64.0
2019-10-30,2.635,2.64,2.635,2.64,97.0
2019-10-31,2.638,2.638,2.638,2.638,128.0
2019-11-01,2.637,2.652,2.637,2.652,14.0
2019-11-04,2.655,2.66,2.655,2.66,32.0
2019-11-05,2.646,2.657,2.646,2.657,130.0
2019-11-06,2.655,2.655,2.642,2.643,27.0
2019-11-07,2.627,2.634,2.624,2.633,55.0
2019-11-08,2.63,2.637,2.63,2.637,5.0
2019-11-11,2.632,2.635,2.631,2.635,56.0
2019-11-12,2.629,2.634,2.62,2.634,28.0
2019-11-13,2.61,2.62,2.61,2.62,52.0
2019-11-14,2.627,2.629,2.627,2.628,132.0
2019-11-15,2.63,2.638,2.625,2.633,89.0
2019-11-18,2.632,2.632,2.631,2.631,81.0
2019-11-19,2.625,2.625,2.625,2.625,55.0
2019-11-20,2.625,2.629,2.625,2.628,134.0
2019-11-21,2.62,2.63,2.62,2.63,42.0
2019-11-22,2.633,2.633,2.624,2.63,192.0
2019-11-25,2.621,2.631,2.621,2.631,69.0
2019-11-26,2.612,2.631,2.612,2.631,67.0
2019-11-27,2.631,2.633,2.625,2.633,11.0
2019-11-29,2.625,2.625,2.591,2.591,65.0
2019-12-02,2.605,2.605,2.605,2.605,79.0
2019-12-03,2.608,2.617,2.608,2.616,126.0
2019-12-04,2.615,2.63,2.615,2.629,67.0
2019-12-05,2.636,2.637,2.634,2.634,284.0
2019-12-06,2.638,2.642,2.616,2.616,87.0
2019-12-09,2.585,2.628,2.585,2.628,61.0
2019-12-10,2.62,2.638,2.62,2.636,34.0
2019-12-11,2.639,2.65,2.637,2.637,18.0
2019-12-12,2.637,2.643,2.637,2.643,57.0
2019-12-13,2.635,2.635,2.624,2.626,84.0
2019-12-16,2.639,2.642,2.626,2.63,64.0
2019-12-17,2.63,2.632,2.628,2.628,320.0
2019-12-18,2.624,2.626,2.603,2.604,177.0
2019-12-19,2.575,2.598,2.575,2.583,403.0
2019-12-20,2.6,2.603,2.58,2.586,129.0
2019-12-23,2.615,2.615,2.573,2.582,45.0
2019-12-24,2.584,2.584,2.58,2.58,1.0
2019-12-26,2.59,2.591,2.577,2.577,24.0
2019-12-27,2.573,2.575,2.558,2.575,24.0
2019-12-30,2.584,2.584,2.569,2.571,13.0
2019-12-31,2.569,2.578,2.554,2.576,304.0
2020-01-02,2.596,2.596,2.563,2.574,33.0
2020-01-03,2.577,2.579,2.568,2.578,80.0
2020-01-06,2.582,2.584,2.565,2.573,50.0
2020-01-07,2.564,2.573,2.564,2.573,38.0
2020-01-08,2.568,2.575,2.566,2.575,216.0
2020-01-09,2.57,2.585,2.57,2.585,1410.0
2020-01-10,2.585,2.585,2.575,2.578,591.0
2020-01-13,2.582,2.585,2.573,2.585,229.0
2020-01-14,2.582,2.59,2.58,2.587,144.0
2020-01-15,2.588,2.588,2.575,2.579,312.0
2020-01-16,2.582,2.59,2.582,2.586,115.0
2020-01-17,2.577,2.583,2.576,2.578,86.0
2020-01-21,2.571,2.582,2.56,2.566,158.0
2020-01-22,2.57,2.572,2.557,2.564,67.0
2020-01-23,2.57,2.57,2.553,2.553,50.0
2020-01-24,2.548,2.554,2.533,2.533,122.0
2020-01-27,2.549,2.552,2.516,2.523,68.0
2020-01-28,2.527,2.537,2.527,2.536,76.0
2020-01-29,2.527,2.537,2.523,2.525,154.0
2020-01-30,2.529,2.533,2.521,2.524,395.0
2020-01-31,2.525,2.531,2.519,2.524,75.0
2020-02-03,2.515,2.515,2.515,2.515,5.0
2020-02-04,2.518,2.521,2.502,2.514,325.0
2020-02-05,2.5,2.514,2.498,2.506,82.0
2020-02-06,2.5,2.534,2.5,2.519,1021.0
2020-02-07,2.521,2.541,2.521,2.541,376.0
2020-02-10,2.538,2.538,2.522,2.537,347.0
2020-02-11,2.535,2.55,2.534,2.55,45.0
2020-02-12,2.556,2.56,2.547,2.556,323.0
2020-02-13,2.553,2.557,2.546,2.552,564.0
2020-02-14,2.551,2.555,2.534,2.537,516.0
2020-02-18,2.542,2.551,2.532,2.541,344.0
2020-02-19,2.542,2.546,2.527,2.527,186.0
2020-02-20,2.521,2.521,2.502,2.513,88.0
2020-02-21,2.499,2.529,2.499,2.505,170.0
2020-02-24,2.498,2.51,2.498,2.502,135.0
2020-02-25,2.504,2.51,2.501,2.508,530.0
2020-02-26,2.51,2.521,2.506,2.515,469.0
2020-02-27,2.5,2.502,2.487,2.502,280.0
2020-02-28,2.457,2.494,2.45,2.474,260.0
2020-03-02,2.489,2.499,2.488,2.499,126.0
2020-03-03,2.501,2.508,2.46,2.499,2230.0
2020-03-04,2.5,2.506,2.485,2.504,352.0
2020-03-05,2.493,2.5,2.484,2.494,239.0
2020-03-06,2.473,2.482,2.466,2.468,384.0
2020-03-09,2.475,2.525,2.45,2.521,503.0
2020-03-10,2.534,2.577,2.525,2.544,1140.0
2020-03-11,2.538,2.546,2.5,2.511,440.0
2020-03-12,2.496,2.515,2.483,2.489,290.0
2020-03-13,2.498,2.498,2.46,2.491,106.0
2020-03-16,2.48,2.49,2.454,2.488,133.0
2020-03-17,2.495,2.524,2.48,2.518,156.0
2020-03-18,2.529,2.536,2.489,2.5,663.0
2020-03-19,2.52,2.542,2.506,2.517,1764.0
2020-03-20,2.523,2.545,2.495,2.51,521.0
2020-03-23,2.514,2.535,2.511,2.529,481.0
2020-03-24,2.534,2.572,2.534,2.547,1416.0
2020-03-25,2.565,2.565,2.543,2.548,849.0
2020-03-26,2.568,2.58,2.539,2.552,710.0
2020-03-27,2.565,2.584,2.565,2.577,1278.0
2020-03-30,2.582,2.616,2.581,2.609,233.0
2020-03-31,2.612,2.627,2.603,2.607,316.0
2020-04-01,2.62,2.62,2.606,2.609,580.0
2020-04-02,2.601,2.607,2.585,2.607,508.0
2020-04-03,2.607,2.615,2.592,2.607,350.0
2020-04-06,2.613,2.635,2.606,2.629,442.0
2020-04-07,2.645,2.645,2.623,2.633,881.0
2020-04-08,2.639,2.659,2.638,2.659,539.0
2020-04-09,2.639,2.685,2.638,2.679,1574.0
2020-04-13,2.69,2.71,2.69,2.707,237.0
2020-04-14,2.707,2.716,2.693,2.702,1371.0
2020-04-15,2.679,2.706,2.673,2.678,756.0
2020-04-16,2.678,2.686,2.671,2.684,637.0
2020-04-17,2.691,2.71,2.688,2.704,574.0
2020-04-20,2.722,2.768,2.719,2.764,1499.0
2020-04-21,2.747,2.814,2.739,2.794,1214.0
2020-04-22,2.803,2.816,2.8,2.81,229.0
2020-04-23,2.811,2.827,2.789,2.794,1150.0
2020-04-24,2.795,2.797,2.774,2.787,500.0
2020-04-27,2.784,2.83,2.777,2.814,1204.0
2020-04-28,2.811,2.842,2.811,2.828,986.0
2020-04-29,2.845,2.847,2.825,2.829,903.0
2020-04-30,2.838,2.845,2.821,2.83,491.0
2020-05-01,2.834,2.842,2.812,2.812,343.0
2020-05-04,2.83,2.832,2.818,2.832,634.0
2020-05-05,2.841,2.851,2.797,2.813,777.0
2020-05-06,2.797,2.804,2.77,2.799,1670.0
2020-05-07,2.771,2.795,2.771,2.787,493.0
2020-05-08,2.781,2.795,2.778,2.795,545.0
2020-05-11,2.793,2.816,2.787,2.802,1252.0
2020-05-12,2.805,2.811,2.774,2.783,320.0
2020-05-13,2.776,2.79,2.762,2.763,1002.0
2020-05-14,2.77,2.803,2.751,2.779,684.0
2020-05-15,2.785,2.802,2.77,2.776,318.0
2020-05-18,2.79,2.8,2.778,2.781,818.0
2020-05-19,2.793,2.798,2.765,2.78,253.0
2020-05-20,2.778,2.783,2.748,2.76,905.0
2020-05-21,2.748,2.758,2.745,2.753,603.0
2020-05-22,2.744,2.764,2.744,2.757,134.0
2020-05-26,2.77,2.789,2.748,2.761,167.0
2020-05-27,2.764,2.769,2.741,2.758,287.0
2020-05-28,2.741,2.758,2.741,2.752,1196.0
2020-05-29,2.752,2.757,2.735,2.748,682.0
2020-06-01,2.731,2.75,2.731,2.74,391.0
2020-06-02,2.753,2.764,2.739,2.751,919.0
2020-06-03,2.753,2.759,2.736,2.742,774.0
2020-06-04,2.736,2.745,2.719,2.725,1545.0
2020-06-05,2.72,2.725,2.694,2.715,485.0
2020-06-08,2.7,2.715,2.7,2.711,819.0
2020-06-09,2.707,2.715,2.707,2.715,870.0
2020-06-10,2.719,2.732,2.712,2.731,2015.0
2020-06-11,2.727,2.751,2.725,2.751,1511.0
2020-06-12,2.759,2.764,2.739,2.74,772.0
2020-06-15,2.739,2.746,2.711,2.728,459.0
2020-06-16,2.736,2.741,2.72,2.728,312.0
2020-06-17,2.74,2.74,2.725,2.731,1185.0
2020-06-18,2.737,2.737,2.722,2.737,299.0
2020-06-19,2.727,2.736,2.716,2.734,396.0
2020-06-22,2.733,2.738,2.714,2.726,821.0
2020-06-23,2.72,2.722,2.707,2.714,485.0
2020-06-24,2.71,2.714,2.7,2.706,823.0
2020-06-25,2.701,2.705,2.692,2.7,455.0
2020-06-26,2.693,2.709,2.691,2.708,355.0
2020-06-29,2.71,2.729,2.703,2.717,532.0
2020-06-30,2.71,2.735,2.708,2.727,647.0
2020-07-01,2.729,2.741,2.719,2.74,903.0
2020-07-02,2.743,2.745,2.728,2.739,1679.0
2020-07-06,2.753,2.759,2.719,2.725,982.0
2020-07-07,2.72,2.751,2.72,2.745,655.0
2020-07-08,2.748,2.755,2.746,2.755,844.0
2020-07-09,2.758,2.766,2.728,2.731,1748.0
2020-07-10,2.724,2.732,2.714,2.717,1551.0
2020-07-13,2.7,2.722,2.7,2.702,701.0
2020-07-14,2.71,2.724,2.707,2.71,1356.0
2020-07-15,2.715,2.73,2.702,2.718,589.0
2020-07-16,2.712,2.738,2.712,2.728,244.0
2020-07-17,2.731,2.741,2.722,2.731,435.0
2020-07-20,2.719,2.721,2.693,2.715,633.0
2020-07-21,2.718,2.72,2.703,2.718,580.0
2020-07-22,2.71,2.726,2.703,2.723,578.0
2020-07-23,2.72,2.738,2.711,2.733,495.0
2020-07-24,2.722,2.75,2.717,2.75,599.0
2020-07-27,2.75,2.765,2.743,2.765,879.0
2020-07-28,2.77,2.807,2.767,2.807,823.0
2020-07-29,2.815,2.839,2.815,2.839,1504.0
2020-07-30,2.841,2.848,2.813,2.816,1588.0
2020-07-31,2.819,2.837,2.808,2.816,848.0
2020-08-03,2.835,2.86,2.824,2.851,2028.0
2020-08-04,2.837,2.864,2.828,2.859,1496.0
2020-08-05,2.854,2.866,2.844,2.866,1580.0
2020-08-06,2.872,2.883,2.86,2.872,2005.0
2020-08-07,2.872,2.886,2.862,2.884,1452.0
2020-08-10,2.88,2.897,2.868,2.877,2398.0
2020-08-11,2.9,2.905,2.885,2.895,2369.0
2020-08-12,2.88,2.895,2.873,2.894,1552.0
2020-08-13,2.897,2.909,2.89,2.902,1971.0
2020-08-14,2.903,2.953,2.903,2.938,4154.0
2020-08-17,2.943,2.946,2.93,2.946,2161.0
2020-08-18,2.929,2.977,2.929,2.97,1634.0
2020-08-19,2.975,2.994,2.973,2.985,1537.0
2020-08-20,2.988,2.997,2.967,2.99,826.0
2020-08-21,2.97,2.995,2.959,2.992,624.0
2020-08-24,2.989,3.007,2.983,2.989,1133.0
2020-08-25,2.991,2.997,2.98,2.988,1254.0
2020-08-26,2.992,3.012,2.969,2.983,1193.0
2020-08-27,2.967,3.013,2.965,3.01,2012.0
2020-08-28,3.021,3.031,2.992,3.011,1499.0
2020-08-31,2.991,3.034,2.984,3.018,1187.0
2020-09-01,3.029,3.032,3.004,3.025,1300.0
2020-09-02,3.01,3.047,3.004,3.04,1737.0
2020-09-03,3.042,3.056,3.03,3.05,1132.0
2020-09-04,3.05,3.069,3.045,3.059,1817.0
2020-09-08,3.066,3.081,3.05,3.077,1275.0
2020-09-09,3.059,3.082,3.053,3.076,1141.0
2020-09-10,3.066,3.076,3.06,3.063,1146.0
2020-09-11,3.057,3.08,3.057,3.059,739.0
2020-09-14,3.073,3.083,3.051,3.072,1234.0
2020-09-15,3.073,3.081,3.048,3.081,957.0
2020-09-16,3.073,3.087,3.054,3.063,1415.0
2020-09-17,3.06,3.06,3.021,3.045,1727.0
2020-09-18,3.034,3.057,3.025,3.052,1388.0
2020-09-21,3.037,3.06,3.036,3.051,1060.0
2020-09-22,3.042,3.049,3.028,3.041,1916.0
2020-09-23,3.05,3.063,3.025,3.063,2318.0
2020-09-24,3.066,3.077,3.051,3.077,2276.0
2020-09-25,3.084,3.098,3.038,3.049,1434.0
2020-09-28,3.042,3.075,3.036,3.069,2343.0
2020-09-29,3.051,3.052,3.006,3.029,1716.0
2020-09-30,3.005,3.037,3.0,3.025,846.0
2020-10-01,3.025,3.036,2.975,3.002,2611.0
2020-10-02,2.982,2.993,2.956,2.986,1644.0
2020-10-05,2.983,3.047,2.979,3.036,1530.0
2020-10-06,3.035,3.046,3.004,3.01,1257.0
2020-10-07,3.023,3.033,3.011,3.024,1759.0
2020-10-08,3.02,3.052,3.005,3.052,919.0
2020-10-09,3.052,3.077,3.041,3.077,2920.0
2020-10-12,3.09,3.112,3.082,3.107,3030.0
2020-10-13,3.1,3.123,3.099,3.123,1559.0
2020-10-14,3.104,3.145,3.104,3.137,2022.0
2020-10-15,3.141,3.179,3.141,3.17,2044.0
2020-10-16,3.162,3.197,3.16,3.194,2620.0
2020-10-19,3.19,3.212,3.175,3.203,4334.0
2020-10-20,3.206,3.229,3.199,3.216,2573.0
2020-10-21,3.216,3.243,3.216,3.233,2332.0
2020-10-22,3.248,3.251,3.205,3.214,2780.0
2020-10-23,3.196,3.222,3.168,3.201,2482.0
2020-10-26,3.205,3.219,3.199,3.218,1859.0
2020-10-27,3.214,3.231,3.197,3.229,2791.0
2020-10-28,3.221,3.234,3.209,3.232,2784.0
2020-10-29,3.237,3.237,3.18,3.224,2955.0
2020-10-30,3.228,3.289,3.224,3.272,3994.0
2020-11-02,3.298,3.305,3.248,3.276,2688.0
2020-11-03,3.263,3.266,3.203,3.22,6297.0
2020-11-04,3.222,3.227,3.201,3.214,5402.0
2020-11-05,3.21,3.269,3.175,3.189,5893.0
2020-11-06,3.199,3.212,3.133,3.153,5123.0
2020-11-09,3.12,3.176,3.117,3.129,2962.0
2020-11-10,3.144,3.16,3.12,3.156,2443.0
2020-11-11,3.167,3.188,3.149,3.184,1733.0
2020-11-12,3.17,3.196,3.152,3.168,2042.0
2020-11-13,3.176,3.211,3.164,3.185,2201.0
2020-11-16,3.09,3.152,3.066,3.09,4894.0
2020-11-17,3.092,3.105,3.05,3.064,2747.0
2020-11-18,3.06,3.09,3.044,3.056,1411.0
2020-11-19,3.054,3.064,2.945,2.986,7782.0
2020-11-20,2.952,3.006,2.952,2.978,1826.0
2020-11-23,2.98,2.994,2.964,2.987,2714.0
2020-11-24,2.977,3.039,2.977,3.037,1898.0
2020-11-25,3.02,3.067,3.014,3.067,1670.0
2020-11-27,3.033,3.07,3.021,3.044,1440.0
2020-11-30,3.046,3.105,3.038,3.046,4380.0
2020-12-01,3.075,3.085,3.028,3.041,6054.0
2020-12-02,3.056,3.059,2.965,3.003,5997.0
2020-12-03,2.973,2.987,2.79,2.84,10543.0
2020-12-04,2.845,2.881,2.826,2.871,10304.0
2020-12-07,2.792,2.829,2.774,2.805,8688.0
2020-12-08,2.811,2.863,2.783,2.829,6559.0
2020-12-09,2.874,2.892,2.826,2.85,6506.0
2020-12-10,2.834,2.946,2.816,2.911,9041.0
2020-12-11,2.912,2.95,2.897,2.935,4688.0
2020-12-14,2.971,3.004,2.944,2.98,3000.0
2020-12-15,2.976,2.992,2.945,2.99,3984.0
2020-12-16,3.002,3.02,2.956,3.016,3840.0
2020-12-17,3.029,3.034,2.967,2.975,5785.0
2020-12-18,2.985,3.009,2.981,2.998,4583.0
2020-12-21,3.004,3.024,2.978,3.021,1376.0
2020-12-22,3.023,3.071,3.012,3.047,3908.0
2020-12-23,3.044,3.068,2.927,2.951,7165.0
2020-12-24,2.933,2.952,2.891,2.893,2078.0
2020-12-28,2.83,2.835,2.749,2.774,9361.0
2020-12-29,2.767,2.856,2.759,2.843,9909.0
2020-12-30,2.831,2.872,2.824,2.845,3159.0
2020-12-31,2.865,2.917,2.859,2.913,6819.0
2021-01-04,2.98,3.006,2.966,2.97,7991.0
2021-01-05,2.996,3.05,2.989,3.037,11314.0
2021-01-06,3.02,3.07,2.974,3.042,8009.0
2021-01-07,3.032,3.061,3.0,3.043,5705.0
2021-01-08,3.018,3.032,2.988,3.014,4992.0
2021-01-11,2.954,3.069,2.954,3.047,5263.0
2021-01-12,3.072,3.11,3.013,3.039,8342.0
2021-01-13,3.025,3.084,3.025,3.043,3616.0
2021-01-14,3.077,3.087,3.009,3.014,4230.0
2021-01-15,3.023,3.085,3.001,3.058,3984.0
2021-01-19,3.016,3.036,2.944,2.977,10927.0
2021-01-20,2.974,2.983,2.926,2.98,3310.0
2021-01-21,2.949,2.96,2.93,2.955,2928.0
2021-01-22,2.952,2.952,2.915,2.935,2271.0
2021-01-25,2.976,3.014,2.961,3.008,2710.0
2021-01-26,3.018,3.053,3.003,3.033,2575.0
2021-01-27,3.02,3.085,3.02,3.064,3477.0
2021-01-28,3.037,3.066,2.996,3.031,2505.0
2021-01-29,3.033,3.052,2.967,2.972,2542.0
2021-02-01,3.026,3.123,3.026,3.118,14700.0
2021-02-02,3.102,3.184,3.09,3.119,12075.0
2021-02-03,3.091,3.121,3.07,3.093,4281.0
2021-02-04,3.081,3.183,3.066,3.174,5303.0
2021-02-05,3.185,3.228,3.131,3.152,7031.0
2021-02-08,3.171,3.218,3.144,3.176,4353.0
2021-02-09,3.191,3.196,3.106,3.159,5043.0
2021-02-10,3.135,3.203,3.098,3.186,6762.0
2021-02-11,3.213,3.231,3.12,3.151,5162.0
2021-02-12,3.143,3.202,3.127,3.173,5042.0
2021-02-16,3.239,3.27,3.186,3.243,11497.0
2021-02-17,3.235,3.28,3.205,3.275,15128.0
2021-02-18,3.267,3.278,3.182,3.216,9750.0
2021-02-19,3.177,3.267,3.17,3.252,6168.0
2021-02-22,3.229,3.254,3.168,3.239,6185.0
2021-02-23,3.229,3.23,3.174,3.179,6213.0
2021-02-24,3.183,3.184,3.115,3.118,4609.0
2021-02-25,3.129,3.156,3.09,3.105,5445.0
2021-02-26,3.089,3.112,3.05,3.11,8642.0
2021-03-01,3.123,3.13,3.084,3.123,3904.0
2021-03-02,3.119,3.175,3.102,3.165,4981.0
2021-03-03,3.175,3.189,3.127,3.136,2686.0
2021-03-04,3.13,3.142,3.038,3.085,6959.0
2021-03-05,3.074,3.088,3.037,3.053,7089.0
2021-03-08,3.049,3.072,2.987,3.016,7480.0
2021-03-09,3.015,3.037,2.987,3.02,5791.0
2021-03-10,2.994,3.054,2.98,3.046,4017.0
2021-03-11,3.041,3.067,3.004,3.023,4105.0
2021-03-12,3.025,3.035,2.945,2.965,3738.0
2021-03-15,2.923,2.935,2.865,2.878,8305.0
2021-03-16,2.877,2.93,2.872,2.93,3424.0
2021-03-17,2.929,2.932,2.874,2.897,3793.0
2021-03-18,2.887,2.897,2.825,2.863,7082.0
2021-03-19,2.882,2.917,2.845,2.907,3124.0
2021-03-22,2.893,2.952,2.872,2.95,2983.0
2021-03-23,2.946,2.946,2.898,2.904,4297.0
2021-03-24,2.902,2.933,2.895,2.919,3209.0
2021-03-25,2.907,2.962,2.893,2.951,4849.0
2021-03-26,2.952,2.969,2.941,2.955,2964.0
2021-03-29,2.962,2.976,2.93,2.97,3155.0
2021-03-30,2.97,2.99,2.938,2.954,3668.0
2021-03-31,2.952,2.978,2.928,2.961,7035.0
2021-04-01,2.961,3.0,2.944,2.982,6855.0
2021-04-05,2.96,2.965,2.88,2.921,6638.0
2021-04-06,2.934,2.967,2.897,2.902,9862.0
2021-04-07,2.906,2.963,2.902,2.951,10806.0
2021-04-08,2.946,2.98,2.933,2.976,10420.0
2021-04-09,2.975,2.996,2.964,2.98,11247.0
2021-04-12,2.995,3.027,2.978,3.021,11989.0
2021-04-13,3.009,3.053,2.996,3.044,13322.0
2021-04-14,3.036,3.067,3.025,3.038,10843.0
2021-04-15,3.026,3.058,3.008,3.048,8880.0
2021-04-16,3.046,3.09,3.046,3.085,7630.0
2021-04-19,3.095,3.124,3.092,3.121,5436.0
2021-04-20,3.121,3.131,3.11,3.13,5285.0
2021-04-21,3.127,3.131,3.091,3.111,4399.0
2021-04-22,3.113,3.152,3.081,3.139,7176.0
2021-04-23,3.145,3.151,3.118,3.131,2416.0
2021-04-26,3.116,3.161,3.096,3.154,5908.0
2021-04-27,3.154,3.198,3.151,3.193,8324.0
2021-04-28,3.185,3.226,3.174,3.203,7427.0
2021-04-29,3.189,3.208,3.147,3.166,7553.0
2021-04-30,3.159,3.192,3.153,3.175,7822.0
2021-05-03,3.165,3.209,3.157,3.203,6510.0
2021-05-04,3.199,3.225,3.177,3.211,9558.0
2021-05-05,3.211,3.222,3.17,3.184,8925.0
2021-05-06,3.188,3.203,3.164,3.18,9310.0
2021-05-07,3.181,3.212,3.165,3.195,10902.0
2021-05-10,3.196,3.203,3.15,3.174,8163.0
2021-05-11,3.166,3.199,3.137,3.194,7568.0
2021-05-12,3.191,3.221,3.169,3.206,6336.0
2021-05-13,3.211,3.241,3.186,3.228,7456.0
2021-05-14,3.238,3.27,3.215,3.232,4162.0
2021-05-17,3.284,3.365,3.27,3.339,18901.0
2021-05-18,3.347,3.356,3.272,3.28,6183.0
2021-05-19,3.27,3.27,3.214,3.238,7971.0
2021-05-20,3.238,3.252,3.2,3.215,9701.0
2021-05-21,3.244,3.256,3.196,3.215,6388.0
2021-05-24,3.174,3.202,3.153,3.195,9426.0
2021-05-25,3.189,3.226,3.188,3.207,5194.0
2021-05-26,3.226,3.259,3.209,3.241,12937.0
2021-05-27,3.235,3.236,3.152,3.178,10323.0
2021-05-28,3.187,3.242,3.176,3.198,6306.0
2021-06-01,3.231,3.329,3.214,3.298,15219.0
2021-06-02,3.284,3.308,3.255,3.281,13805.0
2021-06-03,3.278,3.291,3.244,3.258,8875.0
2021-06-04,3.279,3.322,3.237,3.303,10537.0
2021-06-07,3.31,3.312,3.256,3.293,9440.0
2021-06-08,3.311,3.385,3.311,3.332,17015.0
2021-06-09,3.334,3.369,3.319,3.339,12391.0
2021-06-10,3.352,3.38,3.331,3.35,9841.0
2021-06-11,3.345,3.492,3.345,3.472,20903.0
2021-06-14,3.481,3.529,3.456,3.519,12112.0
2021-06-15,3.521,3.534,3.401,3.421,16661.0
2021-06-16,3.41,3.452,3.384,3.436,7151.0
2021-06-17,3.438,3.45,3.381,3.432,8606.0
2021-06-18,3.39,3.437,3.359,3.401,8033.0
2021-06-21,3.406,3.406,3.346,3.386,7651.0
2021-06-22,3.385,3.454,3.378,3.436,8616.0
2021-06-23,3.449,3.546,3.439,3.495,12704.0
2021-06-24,3.478,3.586,3.464,3.568,12344.0
2021-06-25,3.578,3.655,3.566,3.647,14255.0
2021-06-28,3.635,3.764,3.63,3.711,16580.0
2021-06-29,3.706,3.913,3.697,3.736,24211.0
2021-06-30,3.761,3.885,3.716,3.743,24729.0
2021-07-01,3.81,3.84,3.696,3.752,17246.0
2021-07-02,3.755,3.83,3.702,3.792,12742.0
2021-07-06,3.786,3.901,3.715,3.744,15213.0
2021-07-07,3.779,3.803,3.651,3.73,13835.0
2021-07-08,3.71,3.837,3.686,3.816,22970.0
2021-07-09,3.805,3.857,3.784,3.815,15730.0
2021-07-12,3.807,3.894,3.777,3.887,14660.0
2021-07-13,3.886,3.902,3.819,3.851,11381.0
2021-07-14,3.851,3.906,3.791,3.829,10116.0
2021-07-15,3.835,3.845,3.779,3.791,12501.0
2021-07-16,3.797,3.852,3.767,3.843,11351.0
2021-07-19,3.86,3.933,3.853,3.916,12396.0
2021-07-20,3.902,4.046,3.873,3.998,16397.0
2021-07-21,4.044,4.087,4.024,4.084,9074.0
2021-07-22,4.051,4.124,4.01,4.123,10396.0
2021-07-23,4.118,4.189,4.111,4.185,9572.0
2021-07-26,4.17,4.305,4.15,4.234,11958.0
2021-07-27,4.236,4.246,4.064,4.1,15205.0
2021-07-28,4.093,4.179,4.007,4.13,17859.0
2021-07-29,4.11,4.25,4.098,4.217,14678.0
2021-07-30,4.208,4.208,4.04,4.085,20725.0
2021-08-02,4.144,4.199,4.094,4.101,17099.0
2021-08-03,4.129,4.23,4.082,4.19,14202.0
2021-08-04,4.217,4.361,4.217,4.32,16178.0
2021-08-05,4.31,4.369,4.289,4.316,17511.0
2021-08-06,4.338,4.376,4.285,4.33,17519.0
2021-08-09,4.351,4.362,4.196,4.252,20890.0
2021-08-10,4.233,4.316,4.214,4.281,16022.0
2021-08-11,4.298,4.313,4.177,4.256,16020.0
2021-08-12,4.254,4.261,4.107,4.139,20615.0
2021-08-13,4.124,4.157,4.055,4.07,21185.0
2021-08-16,4.063,4.191,4.03,4.151,16013.0
2021-08-17,4.152,4.153,4.013,4.045,17464.0
2021-08-18,4.043,4.08,3.998,4.057,15806.0
2021-08-19,4.034,4.065,3.944,4.019,22777.0
2021-08-20,4.058,4.127,4.021,4.039,20943.0
2021-08-23,4.044,4.134,4.027,4.126,15347.0
2021-08-24,4.11,4.15,4.075,4.088,16241.0
2021-08-25,4.088,4.193,4.058,4.105,19123.0
2021-08-26,4.124,4.401,4.114,4.36,36743.0
2021-08-27,4.38,4.549,4.368,4.522,42180.0
2021-08-30,4.62,4.642,4.371,4.448,21877.0
2021-08-31,4.465,4.556,4.366,4.515,30124.0
2021-09-01,4.535,4.833,4.523,4.749,41711.0
2021-09-02,4.777,4.858,4.714,4.78,32214.0
2021-09-03,4.756,4.862,4.733,4.85,20768.0
2021-09-07,4.866,4.911,4.697,4.704,22847.0
2021-09-08,4.725,5.137,4.725,5.046,47882.0
2021-09-09,5.052,5.178,4.96,5.158,41781.0
2021-09-10,5.132,5.184,5.041,5.067,32295.0
2021-09-13,5.08,5.42,5.018,5.366,37058.0
2021-09-14,5.341,5.505,5.314,5.398,40486.0
2021-09-15,5.417,5.79,5.407,5.604,59743.0
2021-09-16,5.55,5.739,5.381,5.492,51249.0
2021-09-17,5.431,5.547,5.2,5.258,24353.0
2021-09-20,5.18,5.319,5.06,5.132,24617.0
2021-09-21,5.11,5.195,4.879,4.953,34472.0
2021-09-22,4.957,5.049,4.91,4.969,29625.0
2021-09-23,4.925,5.223,4.913,5.157,37778.0
2021-09-24,5.221,5.352,5.161,5.315,26981.0
2021-09-27,5.373,5.996,5.355,5.839,52891.0
2021-09-28,5.962,6.425,5.753,5.985,81015.0
2021-09-29,5.96,6.063,5.542,5.595,73016.0
2021-09-30,5.579,6.126,5.469,5.991,74645.0
2021-10-01,6.07,6.141,5.68,5.763,62598.0
2021-10-04,5.78,6.202,5.773,5.906,63776.0
2021-10-05,5.964,6.509,5.927,6.432,66343.0
2021-10-06,6.447,6.593,5.79,5.803,75912.0
2021-10-07,5.83,5.965,5.533,5.817,65373.0
2021-10-08,5.907,6.021,5.693,5.71,48439.0
2021-10-11,5.835,5.945,5.46,5.502,61332.0
2021-10-12,5.564,5.68,5.332,5.663,88306.0
2021-10-13,5.607,5.855,5.511,5.753,81269.0
2021-10-14,5.837,6.111,5.757,5.837,74583.0
2021-10-15,5.8,5.94,5.59,5.6,93139.0
2021-10-18,5.529,5.588,5.203,5.236,84275.0
2021-10-19,5.22,5.361,5.07,5.35,75300.0
2021-10-20,5.329,5.483,5.194,5.447,72766.0
2021-10-21,5.439,5.478,5.24,5.346,80530.0
2021-10-22,5.428,5.59,5.336,5.461,89453.0
2021-10-25,5.629,6.161,5.629,6.056,163914.0
2021-10-26,6.119,6.233,5.731,6.003,188892.0
2021-10-27,5.946,6.281,5.886,6.198,187421.0
2021-10-28,6.138,6.206,5.713,5.782,165632.0
2021-10-29,5.732,5.837,5.401,5.426,154410.0
2021-11-01,5.31,5.497,5.116,5.186,163258.0
2021-11-02,5.22,5.565,5.206,5.542,153757.0
2021-11-03,5.553,5.865,5.465,5.67,141498.0
2021-11-04,5.86,5.876,5.535,5.716,147035.0
2021-11-05,5.67,5.76,5.501,5.516,133344.0
2021-11-08,5.605,5.663,5.38,5.427,154221.0
2021-11-09,5.41,5.467,4.91,4.979,202741.0
2021-11-10,4.962,5.046,4.725,4.88,170388.0
2021-11-11,4.917,5.176,4.889,5.149,135953.0
2021-11-12,5.129,5.141,4.752,4.791,137099.0
2021-11-15,4.903,5.065,4.713,5.017,117666.0
2021-11-16,5.058,5.394,5.024,5.177,141140.0
2021-11-17,5.159,5.165,4.8,4.816,145607.0
2021-11-18,4.896,5.032,4.83,4.902,111027.0
2021-11-19,4.895,5.156,4.838,5.065,110058.0
2021-11-22,4.91,4.957,4.648,4.789,96186.0
2021-11-23,4.796,5.082,4.757,4.967,47431.0
2021-11-24,4.992,5.15,4.88,5.068,40864.0
2021-11-26,5.025,5.562,4.983,5.447,6257.0
