DATETIME,OPEN,HIGH,LOW,FINAL,VOLUME
2009-04-29,7.304,7.304,7.304,7.304,0.0
2009-04-30,7.293,7.293,7.293,7.293,0.0
2009-05-01,7.32,7.32,7.32,7.32,0.0
2009-05-04,7.404,7.404,7.404,7.404,0.0
2009-05-05,7.378,7.378,7.378,7.378,0.0
2009-05-06,7.376,7.376,7.376,7.376,0.0
2009-05-07,7.416,7.416,7.416,7.416,0.0
2009-05-08,7.358,7.358,7.358,7.358,0.0
2009-05-11,7.306,7.306,7.306,7.306,0.0
2009-05-12,7.278,7.278,7.278,7.278,0.0
2009-05-13,7.194,7.194,7.194,7.194,0.0
2009-05-14,7.263,7.263,7.263,7.263,0.0
2009-05-15,7.268,7.268,7.268,7.268,0.0
2009-05-18,7.377,7.377,7.377,7.377,0.0
2009-05-19,7.376,7.376,7.376,7.376,0.0
2009-05-20,7.413,7.413,7.413,7.413,0.0
2009-05-21,7.369,7.369,7.369,7.369,0.0
2009-05-22,7.464,7.464,7.464,7.464,0.0
2009-05-26,7.512,7.512,7.512,7.512,0.0
2009-05-27,7.531,7.531,7.531,7.531,0.0
2009-05-28,7.576,7.576,7.576,7.576,0.0
2009-05-29,7.536,7.536,7.536,7.536,0.0
2009-06-01,7.622,7.622,7.622,7.622,0.0
2009-06-02,7.549,7.549,7.549,7.549,0.0
2009-06-03,7.52,7.52,7.52,7.52,0.0
2009-06-04,7.795,7.795,7.795,7.795,0.0
2009-06-05,7.892,7.892,7.892,7.892,0.0
2009-06-08,7.914,7.914,7.914,7.914,0.0
2009-06-09,7.943,7.943,7.943,7.943,0.0
2009-06-10,7.879,7.879,7.879,7.879,0.0
2009-06-11,7.954,7.954,7.954,7.954,0.0
2009-06-12,7.89,7.89,7.89,7.89,0.0
2009-06-15,7.907,7.907,7.907,7.907,0.0
2009-06-16,7.888,7.888,7.888,7.888,0.0
2009-06-17,7.875,7.875,7.875,7.875,0.0
2009-06-18,7.792,7.792,7.792,7.792,0.0
2009-06-19,7.663,7.663,7.663,7.663,0.0
2009-06-22,7.583,7.583,7.583,7.583,0.0
2009-06-23,7.563,7.563,7.563,7.563,0.0
2009-06-24,7.592,7.592,7.592,7.592,0.0
2009-06-25,7.647,7.647,7.647,7.647,0.0
2009-06-26,7.716,7.716,7.716,7.716,0.0
2009-06-29,7.671,7.671,7.671,7.671,0.0
2009-06-30,7.705,7.705,7.705,7.705,0.0
2009-07-01,7.73,7.73,7.73,7.73,0.0
2009-07-02,7.752,7.752,7.752,7.752,0.0
2009-07-06,7.752,7.752,7.752,7.752,0.0
2009-07-07,7.729,7.729,7.729,7.729,0.0
2009-07-08,7.662,7.662,7.662,7.662,0.0
2009-07-09,7.657,7.657,7.657,7.657,0.0
2009-07-10,7.586,7.586,7.586,7.586,0.0
2009-07-13,7.487,7.487,7.487,7.487,0.0
2009-07-14,7.51,7.51,7.51,7.51,0.0
2009-07-15,7.459,7.459,7.459,7.459,0.0
2009-07-16,7.567,7.567,7.567,7.567,0.0
2009-07-17,7.495,7.495,7.495,7.495,0.0
2009-07-20,7.503,7.503,7.503,7.503,0.0
2009-07-21,7.47,7.47,7.47,7.47,0.0
2009-07-22,7.407,7.407,7.407,7.407,0.0
2009-07-23,7.411,7.411,7.411,7.411,0.0
2009-07-24,7.515,7.515,7.515,7.515,0.0
2009-07-27,7.499,7.499,7.499,7.499,0.0
2009-07-28,7.477,7.477,7.477,7.477,0.0
2009-07-29,7.404,7.404,7.404,7.404,0.0
2009-07-30,7.498,7.498,7.498,7.498,0.0
2009-07-31,7.476,7.476,7.476,7.476,0.0
2009-08-03,7.611,7.611,7.611,7.611,0.0
2009-08-04,7.555,7.555,7.555,7.555,0.0
2009-08-05,7.571,7.571,7.571,7.571,0.0
2009-08-06,7.496,7.496,7.496,7.496,0.0
2009-08-07,7.487,7.487,7.487,7.487,0.0
2009-08-10,7.507,7.507,7.507,7.507,0.0
2009-08-11,7.496,7.496,7.496,7.496,0.0
2009-08-12,7.506,7.506,7.506,7.506,0.0
2009-08-13,7.495,7.495,7.495,7.495,0.0
2009-08-14,7.469,7.469,7.469,7.469,0.0
2009-08-17,7.411,7.411,7.411,7.411,0.0
2009-08-18,7.373,7.373,7.373,7.373,0.0
2009-08-19,7.378,7.378,7.378,7.378,0.0
2009-08-20,7.369,7.369,7.369,7.369,0.0
2009-08-21,7.415,7.415,7.415,7.415,0.0
2009-08-24,7.468,7.468,7.468,7.468,0.0
2009-08-25,7.409,7.409,7.409,7.409,0.0
2009-08-26,7.398,7.398,7.398,7.398,0.0
2009-08-27,7.416,7.416,7.416,7.416,0.0
2009-08-28,7.393,7.393,7.393,7.393,0.0
2009-08-31,7.325,7.325,7.325,7.325,0.0
2009-09-01,7.225,7.225,7.225,7.225,0.0
2009-09-02,7.232,7.232,7.232,7.232,0.0
2009-09-03,7.179,7.179,7.179,7.179,0.0
2009-09-04,7.15,7.15,7.15,7.15,0.0
2009-09-08,7.226,7.226,7.226,7.226,0.0
2009-09-09,7.209,7.209,7.209,7.209,0.0
2009-09-10,7.39,7.39,7.39,7.39,0.0
2009-09-11,7.31,7.31,7.31,7.31,0.0
2009-09-14,7.391,7.391,7.391,7.391,0.0
2009-09-15,7.343,7.343,7.343,7.343,0.0
2009-09-16,7.515,7.515,7.515,7.515,0.0
2009-09-17,7.358,7.358,7.358,7.358,0.0
2009-09-18,7.518,7.518,7.518,7.518,0.0
2009-09-21,7.452,7.452,7.452,7.452,0.0
2009-09-22,7.552,7.552,7.552,7.552,0.0
2009-09-23,7.553,7.553,7.553,7.553,0.0
2009-09-24,7.541,7.541,7.541,7.541,0.0
2009-09-25,7.549,7.549,7.549,7.549,0.0
2009-09-28,7.501,7.501,7.501,7.501,0.0
2009-09-29,7.454,7.454,7.454,7.454,0.0
2009-09-30,7.436,7.436,7.436,7.436,0.0
2009-10-01,7.46,7.46,7.46,7.46,0.0
2009-10-02,7.538,7.538,7.538,7.538,0.0
2009-10-05,7.492,7.492,7.492,7.492,0.0
2009-10-06,7.449,7.449,7.449,7.449,0.0
2009-10-07,7.507,7.507,7.507,7.507,0.0
2009-10-08,7.539,7.539,7.539,7.539,0.0
2009-10-09,7.489,7.489,7.489,7.489,0.0
2009-10-12,7.589,7.589,7.589,7.589,0.0
2009-10-13,7.513,7.513,7.513,7.513,0.0
2009-10-14,7.552,7.552,7.552,7.552,0.0
2009-10-15,7.617,7.617,7.617,7.617,0.0
2009-10-16,7.75,7.75,7.75,7.75,0.0
2009-10-19,7.782,7.782,7.782,7.782,0.0
2009-10-20,7.771,7.771,7.771,7.771,0.0
2009-10-21,7.717,7.717,7.717,7.717,0.0
2009-10-22,7.669,7.669,7.669,7.669,0.0
2009-10-23,7.66,7.66,7.66,7.66,0.0
2009-10-26,7.556,7.556,7.556,7.556,0.0
2009-10-27,7.591,7.591,7.591,7.591,0.0
2009-10-28,7.787,7.787,7.787,7.787,0.0
2009-10-29,7.804,7.804,7.804,7.804,0.0
2009-10-30,7.843,7.843,7.843,7.843,0.0
2009-11-02,7.788,7.788,7.788,7.788,0.0
2009-11-03,7.833,7.833,7.833,7.833,0.0
2009-11-04,7.779,7.779,7.779,7.779,0.0
2009-11-05,7.825,7.825,7.825,7.825,0.0
2009-11-06,7.754,7.754,7.754,7.754,0.0
2009-11-09,7.789,7.789,7.789,7.789,0.0
2009-11-10,7.697,7.697,7.697,7.697,0.0
2009-11-11,7.663,7.663,7.663,7.663,0.0
2009-11-12,7.454,7.454,7.454,7.454,0.0
2009-11-13,7.346,7.346,7.346,7.346,0.0
2009-11-16,7.313,7.313,7.313,7.313,0.0
2009-11-17,7.305,7.305,7.305,7.305,0.0
2009-11-18,7.226,7.226,7.226,7.226,0.0
2009-11-19,7.28,7.28,7.28,7.28,0.0
2009-11-20,7.309,7.309,7.309,7.309,0.0
2009-11-23,7.39,7.39,7.39,7.39,0.0
2009-11-24,7.36,7.36,7.36,7.36,0.0
2009-11-25,7.608,7.608,7.608,7.608,0.0
2009-11-27,7.605,7.605,7.605,7.605,0.0
2009-11-30,7.519,7.519,7.519,7.519,0.0
2009-12-01,7.532,7.532,7.532,7.532,0.0
2009-12-02,7.581,7.581,7.581,7.581,0.0
2009-12-03,7.536,7.536,7.536,7.536,0.0
2009-12-04,7.63,7.63,7.63,7.63,0.0
2009-12-07,7.869,7.869,7.869,7.869,0.0
2009-12-08,7.77,7.77,7.77,7.77,0.0
2009-12-09,7.623,7.623,7.623,7.623,0.0
2009-12-10,7.662,7.662,7.662,7.662,0.0
2009-12-11,7.614,7.614,7.614,7.614,0.0
2009-12-14,7.687,7.687,7.687,7.687,0.0
2009-12-15,7.723,7.723,7.723,7.723,0.0
2009-12-16,7.718,7.718,7.718,7.718,0.0
2009-12-17,7.624,7.624,7.624,7.624,0.0
2009-12-18,7.543,7.543,7.543,7.543,0.0
2009-12-21,7.476,7.476,7.476,7.476,0.0
2009-12-22,7.477,7.477,7.477,7.477,0.0
2009-12-23,7.446,7.446,7.446,7.446,0.0
2009-12-24,7.43,7.43,7.43,7.43,0.0
2009-12-28,7.484,7.484,7.484,7.484,0.0
2009-12-29,7.423,7.423,7.423,7.423,0.0
2009-12-30,7.449,7.449,7.449,7.449,0.0
2009-12-31,7.47,7.47,7.47,7.47,0.0
2010-01-04,7.569,7.569,7.569,7.569,0.0
2010-01-05,7.493,7.493,7.493,7.493,0.0
2010-01-06,7.486,7.486,7.486,7.486,0.0
2010-01-07,7.4,7.4,7.4,7.4,0.0
2010-01-08,7.42,7.42,7.42,7.42,0.0
2010-01-11,7.406,7.406,7.406,7.406,0.0
2010-01-12,7.381,7.381,7.381,7.381,0.0
2010-01-13,7.392,7.392,7.392,7.392,0.0
2010-01-14,7.397,7.397,7.397,7.397,0.0
2010-01-15,7.403,7.403,7.403,7.403,0.0
2010-01-19,7.319,7.319,7.319,7.319,0.0
2010-01-20,7.347,7.347,7.347,7.347,0.0
2010-01-21,7.394,7.394,7.394,7.394,0.0
2010-01-22,7.43,7.43,7.43,7.43,0.0
2010-01-25,7.42,7.42,7.42,7.42,0.0
2010-01-26,7.416,7.416,7.416,7.416,0.0
2010-01-27,7.341,7.341,7.341,7.341,0.0
2010-01-28,7.325,7.325,7.325,7.325,0.0
2010-01-29,7.365,7.365,7.365,7.365,0.0
2010-02-01,7.44,7.44,7.44,7.44,0.0
2010-02-02,7.487,7.487,7.487,7.487,0.0
2010-02-03,7.461,7.461,7.461,7.461,0.0
2010-02-04,7.429,7.429,7.429,7.429,0.0
2010-02-05,7.441,7.441,7.441,7.441,0.0
2010-02-08,7.388,7.388,7.388,7.388,0.0
2010-02-09,7.357,7.357,7.357,7.357,0.0
2010-02-10,7.392,7.392,7.392,7.392,0.0
2010-02-11,7.387,7.387,7.387,7.387,0.0
2010-02-12,7.334,7.334,7.334,7.334,0.0
2010-02-16,7.27,7.27,7.27,7.27,0.0
2010-02-17,7.237,7.237,7.237,7.237,0.0
2010-02-18,7.202,7.202,7.202,7.202,0.0
2010-02-19,7.169,7.169,7.169,7.169,0.0
2010-02-22,7.185,7.185,7.185,7.185,0.0
2010-02-23,7.155,7.155,7.155,7.155,0.0
2010-02-24,7.146,7.146,7.146,7.146,0.0
2010-02-25,7.133,7.133,7.133,7.133,0.0
2010-02-26,7.135,7.135,7.135,7.135,0.0
2010-03-01,7.1,7.1,7.1,7.1,0.0
2010-03-02,7.082,7.082,7.082,7.082,0.0
2010-03-03,7.061,7.061,7.061,7.061,0.0
2010-03-04,6.951,6.951,6.951,6.951,0.0
2010-03-05,6.957,6.957,6.957,6.957,0.0
2010-03-08,6.968,6.968,6.968,6.968,0.0
2010-03-09,6.958,6.958,6.958,6.958,0.0
2010-03-10,6.995,6.995,6.995,6.995,0.0
2010-03-11,6.975,6.975,6.975,6.975,0.0
2010-03-12,7.076,7.076,7.076,7.076,0.0
2010-03-15,7.094,7.094,7.094,7.094,0.0
2010-03-16,7.158,7.158,7.158,7.158,0.0
2010-03-17,7.26,7.26,7.26,7.26,0.0
2010-03-18,7.326,7.326,7.326,7.326,0.0
2010-03-19,7.616,7.616,7.616,7.616,0.0
2010-03-22,7.587,7.587,7.587,7.587,0.0
2010-03-23,7.428,7.428,7.428,7.428,0.0
2010-03-24,7.329,7.329,7.329,7.329,0.0
2010-03-25,7.476,7.476,7.476,7.476,0.0
2010-03-26,7.388,7.388,7.388,7.388,0.0
2010-03-29,7.371,7.371,7.371,7.371,0.0
2010-03-30,7.461,7.461,7.461,7.461,0.0
2010-03-31,7.545,7.545,7.545,7.545,0.0
2010-04-01,7.586,7.586,7.586,7.586,0.0
2010-04-05,7.686,7.686,7.686,7.686,0.0
2010-04-06,7.57,7.57,7.57,7.57,0.0
2010-04-07,7.551,7.551,7.551,7.551,0.0
2010-04-08,7.496,7.496,7.496,7.496,0.0
2010-04-09,7.599,7.599,7.599,7.599,0.0
2010-04-12,7.558,7.558,7.558,7.558,0.0
2010-04-13,7.622,7.622,7.622,7.622,0.0
2010-04-14,7.662,7.662,7.662,7.662,0.0
2010-04-15,7.637,7.637,7.637,7.637,0.0
2010-04-16,7.608,7.608,7.608,7.608,0.0
2010-04-19,7.605,7.605,7.605,7.605,0.0
2010-04-20,7.684,7.684,7.684,7.684,0.0
2010-04-21,7.72,7.72,7.72,7.72,0.0
2010-04-22,7.801,7.801,7.801,7.801,0.0
2010-04-23,7.827,7.827,7.827,7.827,0.0
2010-04-26,7.804,7.804,7.804,7.804,0.0
2010-04-27,7.788,7.788,7.788,7.788,0.0
2010-04-28,7.794,7.794,7.794,7.794,0.0
2010-04-29,7.715,7.715,7.715,7.715,0.0
2010-04-30,7.699,7.699,7.699,7.699,0.0
2010-05-03,7.774,7.774,7.774,7.774,0.0
2010-05-04,7.848,7.848,7.848,7.848,0.0
2010-05-05,7.9,7.9,7.9,7.9,0.0
2010-05-06,7.892,7.892,7.892,7.892,0.0
2010-05-07,7.909,7.909,7.909,7.909,0.0
2010-05-10,7.939,7.939,7.939,7.939,0.0
2010-05-11,7.956,7.956,7.956,7.956,0.0
2010-05-12,7.996,7.996,7.996,7.996,0.0
2010-05-13,7.938,7.938,7.938,7.938,0.0
2010-05-14,7.831,7.831,7.831,7.831,0.0
2010-05-17,7.793,7.793,7.793,7.793,0.0
2010-05-18,7.728,7.728,7.728,7.728,0.0
2010-05-19,7.638,7.638,7.638,7.638,0.0
2010-05-20,7.603,7.603,7.603,7.603,0.0
2010-05-21,7.519,7.519,7.519,7.519,0.0
2010-05-24,7.493,7.493,7.493,7.493,0.0
2010-05-25,7.52,7.52,7.52,7.52,0.0
2010-05-26,7.49,7.49,7.49,7.49,0.0
2010-05-27,7.458,7.458,7.458,7.458,0.0
2010-05-28,7.423,7.423,7.423,7.423,0.0
2010-06-01,7.296,7.296,7.296,7.296,0.0
2010-06-02,7.31,7.31,7.31,7.31,0.0
2010-06-03,7.29,7.29,7.29,7.29,0.0
2010-06-04,7.224,7.224,7.224,7.224,0.0
2010-06-07,7.232,7.232,7.232,7.232,0.0
2010-06-08,7.192,7.192,7.192,7.192,0.0
2010-06-09,7.201,7.201,7.201,7.201,0.0
2010-06-10,7.268,7.268,7.268,7.268,0.0
2010-06-11,7.233,7.233,7.233,7.233,0.0
2010-06-14,7.14,7.14,7.14,7.14,0.0
2010-06-15,7.146,7.146,7.146,7.146,0.0
2010-06-16,7.269,7.269,7.269,7.269,0.0
2010-06-17,7.353,7.353,7.353,7.353,0.0
2010-06-18,7.432,7.432,7.432,7.432,0.0
2010-06-21,7.4,7.4,7.4,7.4,0.0
2010-06-22,7.417,7.417,7.417,7.417,0.0
2010-06-23,7.473,7.473,7.473,7.473,0.0
2010-06-24,7.483,7.483,7.483,7.483,0.0
2010-06-25,7.483,7.483,7.483,7.483,0.0
2010-06-28,7.391,7.391,7.391,7.391,0.0
2010-06-29,7.328,7.328,7.328,7.328,0.0
2010-06-30,7.309,7.309,7.309,7.309,0.0
2010-07-01,7.309,7.309,7.309,7.309,0.0
2010-07-02,7.233,7.233,7.233,7.233,0.0
2010-07-06,7.223,7.223,7.223,7.223,0.0
2010-07-07,7.339,7.339,7.339,7.339,0.0
2010-07-08,7.353,7.353,7.353,7.353,0.0
2010-07-09,7.376,7.376,7.376,7.376,0.0
2010-07-12,7.355,7.355,7.355,7.355,0.0
2010-07-13,7.29,7.29,7.29,7.29,0.0
2010-07-14,7.383,7.383,7.383,7.383,0.0
2010-07-15,7.445,7.445,7.445,7.445,0.0
2010-07-16,7.248,7.248,7.248,7.248,0.0
2010-07-19,7.233,7.233,7.233,7.233,0.0
2010-07-20,7.243,7.243,7.243,7.243,0.0
2010-07-21,7.241,7.241,7.241,7.241,0.0
2010-07-22,7.235,7.235,7.235,7.235,0.0
2010-07-23,7.156,7.156,7.156,7.156,0.0
2010-07-26,7.109,7.109,7.109,7.109,0.0
2010-07-27,6.888,6.888,6.888,6.888,0.0
2010-07-28,6.814,6.814,6.814,6.814,0.0
2010-07-29,6.606,6.606,6.606,6.606,0.0
2010-07-30,6.452,6.452,6.452,6.452,0.0
2010-08-02,6.508,6.508,6.508,6.508,0.0
2010-08-03,6.462,6.462,6.462,6.462,0.0
2010-08-04,6.48,6.48,6.48,6.48,0.0
2010-08-05,6.34,6.34,6.34,6.34,0.0
2010-08-06,6.211,6.211,6.211,6.211,0.0
2010-08-09,6.064,6.064,6.064,6.064,0.0
2010-08-10,5.936,5.936,5.936,5.936,0.0
2010-08-11,5.943,5.943,5.943,5.943,0.0
2010-08-12,5.952,5.952,5.952,5.952,0.0
2010-08-13,5.921,5.921,5.921,5.921,0.0
2010-08-16,5.783,5.783,5.783,5.783,0.0
2010-08-17,5.752,5.752,5.752,5.752,0.0
2010-08-18,5.87,5.87,5.87,5.87,0.0
2010-08-19,5.918,5.918,5.918,5.918,0.0
2010-08-20,6.027,6.027,6.027,6.027,0.0
2010-08-23,6.097,6.097,6.097,6.097,0.0
2010-08-24,6.107,6.107,6.107,6.107,0.0
2010-08-25,6.15,6.15,6.15,6.15,0.0
2010-08-26,6.284,6.284,6.284,6.284,0.0
2010-08-27,6.261,6.261,6.261,6.261,0.0
2010-08-30,6.222,6.222,6.222,6.222,0.0
2010-08-31,6.196,6.196,6.196,6.196,0.0
2010-09-01,6.15,6.15,6.15,6.15,0.0
2010-09-02,6.08,6.08,6.08,6.08,0.0
2010-09-03,6.118,6.118,6.118,6.118,0.0
2010-09-07,6.133,6.133,6.133,6.133,0.0
2010-09-08,6.165,6.165,6.165,6.165,0.0
2010-09-09,6.221,6.221,6.221,6.221,0.0
2010-09-10,6.261,6.261,6.261,6.261,0.0
2010-09-13,6.228,6.228,6.228,6.228,0.0
2010-09-14,6.175,6.175,6.175,6.175,0.0
2010-09-15,6.163,6.163,6.163,6.163,0.0
2010-09-16,5.998,5.998,5.998,5.998,0.0
2010-09-17,5.87,5.87,5.87,5.87,0.0
2010-09-20,5.812,5.812,5.812,5.812,0.0
2010-09-21,5.755,5.755,5.755,5.755,0.0
2010-09-22,5.765,5.765,5.765,5.765,0.0
2010-09-23,5.83,5.83,5.83,5.83,0.0
2010-09-24,5.823,5.823,5.823,5.823,0.0
2010-09-27,5.786,5.786,5.786,5.786,0.0
2010-09-28,5.844,5.844,5.844,5.844,0.0
2010-09-29,5.817,5.817,5.817,5.817,0.0
2010-09-30,5.8,5.8,5.8,5.8,0.0
2010-10-01,5.879,5.879,5.879,5.879,0.0
2010-10-04,6.01,6.01,6.01,6.01,0.0
2010-10-05,6.045,6.045,6.045,6.045,0.0
2010-10-06,6.09,6.09,6.09,6.09,0.0
2010-10-07,6.183,6.183,6.183,6.183,0.0
2010-10-08,6.198,6.198,6.198,6.198,0.0
2010-10-11,6.155,6.155,6.155,6.155,0.0
2010-10-12,6.128,6.128,6.128,6.128,0.0
2010-10-13,6.119,6.119,6.119,6.119,0.0
2010-10-14,6.147,6.147,6.147,6.147,0.0
2010-10-15,6.098,6.098,6.098,6.098,0.0
2010-10-18,6.094,6.094,6.094,6.094,0.0
2010-10-19,6.073,6.073,6.073,6.073,0.0
2010-10-20,6.064,6.064,6.064,6.064,0.0
2010-10-21,5.915,5.915,5.915,5.915,0.0
2010-10-22,5.844,5.844,5.844,5.844,0.0
2010-10-25,5.943,5.943,5.943,5.943,0.0
2010-10-26,6.188,6.188,6.188,6.188,0.0
2010-10-27,6.233,6.233,6.233,6.233,0.0
2010-10-28,5.963,5.963,5.963,5.963,0.0
2010-10-29,5.842,5.842,5.842,5.842,0.0
2010-11-01,5.907,5.907,5.907,5.907,0.0
2010-11-02,5.965,5.965,5.965,5.965,0.0
2010-11-03,5.939,5.939,5.939,5.939,0.0
2010-11-04,5.934,5.934,5.934,5.934,0.0
2010-11-05,5.941,5.941,5.941,5.941,0.0
2010-11-08,5.955,5.955,5.955,5.955,0.0
2010-11-09,5.95,5.95,5.95,5.95,0.0
2010-11-10,6.023,6.023,6.023,6.023,0.0
2010-11-11,6.093,6.093,6.093,6.093,0.0
2010-11-12,6.087,6.087,6.087,6.087,0.0
2010-11-15,6.158,6.158,6.158,6.158,0.0
2010-11-16,6.122,6.122,6.122,6.122,0.0
2010-11-17,6.119,6.119,6.119,6.119,0.0
2010-11-18,6.185,6.185,6.185,6.185,0.0
2010-11-19,6.205,6.205,6.205,6.205,0.0
2010-11-22,6.274,6.274,6.274,6.274,0.0
2010-11-23,6.254,6.254,6.254,6.254,0.0
2010-11-24,6.202,6.202,6.202,6.202,0.0
2010-11-26,6.21,6.21,6.21,6.21,0.0
2010-11-29,6.185,6.185,6.185,6.185,0.0
2010-11-30,6.215,6.215,6.215,6.215,0.0
2010-12-01,6.209,6.209,6.209,6.209,0.0
2010-12-02,6.196,6.196,6.196,6.196,0.0
2010-12-03,6.196,6.196,6.196,6.196,0.0
2010-12-06,6.03,6.03,6.03,6.03,0.0
2010-12-07,6.015,6.015,6.015,6.015,0.0
2010-12-08,6.022,6.022,6.022,6.022,0.0
2010-12-09,5.901,5.901,5.901,5.901,0.0
2010-12-10,5.888,5.888,5.888,5.888,0.0
2010-12-13,5.928,5.928,5.928,5.928,0.0
2010-12-14,5.973,5.973,5.973,5.973,0.0
2010-12-15,6.134,6.134,6.134,6.134,0.0
2010-12-16,6.132,6.132,6.132,6.132,0.0
2010-12-17,6.189,6.189,6.189,6.189,0.0
2010-12-20,6.161,6.161,6.161,6.161,0.0
2010-12-21,6.137,6.137,6.137,6.137,0.0
2010-12-22,6.116,6.116,6.116,6.116,0.0
2010-12-23,6.129,6.129,6.129,6.129,0.0
2010-12-27,6.143,6.143,6.143,6.143,0.0
2010-12-28,6.145,6.145,6.145,6.145,0.0
2010-12-29,6.115,6.115,6.115,6.115,0.0
2010-12-30,6.065,6.065,6.065,6.065,0.0
2010-12-31,6.087,6.087,6.087,6.087,0.0
2011-01-03,6.021,6.021,6.021,6.021,0.0
2011-01-04,6.045,6.045,6.045,6.045,0.0
2011-01-05,6.126,6.126,6.126,6.126,0.0
2011-01-06,6.109,6.109,6.109,6.109,0.0
2011-01-07,6.138,6.138,6.138,6.138,0.0
2011-01-10,6.155,6.155,6.155,6.155,0.0
2011-01-11,6.191,6.191,6.191,6.191,0.0
2011-01-12,6.115,6.115,6.115,6.115,0.0
2011-01-13,6.142,6.142,6.142,6.142,0.0
2011-01-14,6.179,6.179,6.179,6.179,0.0
2011-01-18,6.188,6.188,6.188,6.188,0.0
2011-01-19,6.154,6.154,6.154,6.154,0.0
2011-01-20,6.14,6.14,6.14,6.14,0.0
2011-01-21,6.129,6.129,6.129,6.129,0.0
2011-01-24,6.122,6.122,6.122,6.122,0.0
2011-01-25,6.168,6.168,6.168,6.168,0.0
2011-01-26,6.196,6.196,6.196,6.196,0.0
2011-01-27,6.266,6.266,6.266,6.266,0.0
2011-01-28,6.177,6.177,6.177,6.177,0.0
2011-01-31,6.182,6.182,6.182,6.182,0.0
2011-02-01,6.202,6.202,6.202,6.202,0.0
2011-02-02,6.225,6.225,6.225,6.225,0.0
2011-02-03,6.244,6.244,6.244,6.244,0.0
2011-02-04,6.255,6.255,6.255,6.255,0.0
2011-02-07,6.267,6.267,6.267,6.267,0.0
2011-02-08,6.316,6.316,6.316,6.316,0.0
2011-02-09,6.311,6.311,6.311,6.311,0.0
2011-02-10,6.301,6.301,6.301,6.301,0.0
2011-02-11,6.291,6.291,6.291,6.291,0.0
2011-02-14,6.274,6.274,6.274,6.274,0.0
2011-02-15,6.332,6.332,6.332,6.332,0.0
2011-02-16,6.442,6.442,6.442,6.442,0.0
2011-02-17,6.472,6.472,6.472,6.472,0.0
2011-02-18,6.481,6.481,6.481,6.481,0.0
2011-02-22,6.516,6.516,6.516,6.516,0.0
2011-02-23,6.494,6.494,6.494,6.494,0.0
2011-02-24,6.65,6.65,6.469,6.469,10.0
2011-02-25,6.479,6.479,6.479,6.479,0.0
2011-02-28,6.501,6.501,6.501,6.501,0.0
2011-03-01,6.573,6.573,6.573,6.573,0.0
2011-03-02,6.571,6.571,6.571,6.571,0.0
2011-03-03,6.566,6.566,6.566,6.566,0.0
2011-03-04,6.681,6.681,6.681,6.681,0.0
2011-03-07,6.693,6.693,6.693,6.693,0.0
2011-03-08,6.687,6.687,6.687,6.687,0.0
2011-03-09,6.676,6.676,6.676,6.676,0.0
2011-03-10,6.683,6.683,6.683,6.683,0.0
2011-03-11,6.687,6.687,6.687,6.687,0.0
2011-03-14,6.744,6.744,6.744,6.744,0.0
2011-03-15,7.032,7.032,7.032,7.032,0.0
2011-03-16,7.037,7.037,7.037,7.037,0.0
2011-03-17,7.009,7.009,7.009,7.009,0.0
2011-03-18,6.953,6.953,6.953,6.953,0.0
2011-03-21,6.871,6.871,6.871,6.871,0.0
2011-03-22,6.912,6.912,6.912,6.912,0.0
2011-03-23,6.939,6.939,6.939,6.939,0.0
2011-03-24,6.933,6.933,6.933,6.933,0.0
2011-03-25,7.031,7.031,7.031,7.031,0.0
2011-03-28,7.017,7.017,7.017,7.017,0.0
2011-03-29,6.963,6.963,6.963,6.963,0.0
2011-03-30,6.996,6.996,6.996,6.996,0.0
2011-03-31,7.076,7.076,7.076,7.076,0.0
2011-04-01,7.173,7.173,7.173,7.173,0.0
2011-04-04,7.194,7.194,7.194,7.194,0.0
2011-04-05,7.09,7.09,7.09,7.09,0.0
2011-04-06,7.092,7.092,7.092,7.092,0.0
2011-04-07,7.124,7.124,7.124,7.124,0.0
2011-04-08,7.205,7.205,7.205,7.205,0.0
2011-04-11,7.23,7.23,7.23,7.23,0.0
2011-04-12,7.168,7.168,7.168,7.168,0.0
2011-04-13,7.13,7.13,7.13,7.13,0.0
2011-04-14,7.117,7.117,7.117,7.117,0.0
2011-04-15,7.142,7.142,7.142,7.142,0.0
2011-04-18,7.137,7.137,7.137,7.137,0.0
2011-04-19,7.094,7.094,7.094,7.094,0.0
2011-04-20,6.989,6.989,6.989,6.989,0.0
2011-04-21,6.921,6.921,6.921,6.921,0.0
2011-04-25,6.918,6.918,6.918,6.918,0.0
2011-04-26,6.947,6.947,6.947,6.947,0.0
2011-04-27,6.914,6.914,6.914,6.914,0.0
2011-04-28,7.0,7.0,6.916,6.916,10.0
2011-04-29,6.854,6.854,6.854,6.854,0.0
2011-05-02,6.876,6.876,6.876,6.876,0.0
2011-05-03,6.946,6.946,6.946,6.946,0.0
2011-05-04,6.975,6.975,6.975,6.975,0.0
2011-05-05,6.884,6.884,6.884,6.884,0.0
2011-05-06,6.818,6.818,6.818,6.818,0.0
2011-05-09,6.831,6.831,6.831,6.831,0.0
2011-05-10,6.907,6.907,6.907,6.907,0.0
2011-05-11,6.961,6.961,6.961,6.961,0.0
2011-05-12,6.97,6.97,6.97,6.97,0.0
2011-05-13,6.975,6.975,6.975,6.975,0.0
2011-05-16,6.97,6.97,6.97,6.97,0.0
2011-05-17,6.939,6.939,6.939,6.939,0.0
2011-05-18,6.953,6.953,6.953,6.953,0.0
2011-05-19,6.876,6.876,6.876,6.876,0.0
2011-05-20,6.923,6.923,6.923,6.923,0.0
2011-05-23,7.062,7.062,7.062,7.062,0.0
2011-05-24,6.985,6.985,6.985,6.985,0.0
2011-05-25,6.989,6.989,6.989,6.989,0.0
2011-05-26,6.959,6.959,6.959,6.959,0.0
2011-05-27,6.995,6.995,6.995,6.995,0.0
2011-05-31,6.88,6.88,6.88,6.88,0.0
2011-06-01,6.856,6.856,6.856,6.856,0.0
2011-06-02,6.734,6.734,6.734,6.734,0.0
2011-06-03,6.685,6.685,6.685,6.685,0.0
2011-06-06,6.629,6.629,6.629,6.629,0.0
2011-06-07,6.636,6.636,6.636,6.636,0.0
2011-06-08,6.652,6.652,6.652,6.652,0.0
2011-06-09,6.565,6.565,6.565,6.565,0.0
2011-06-10,6.583,6.583,6.583,6.583,0.0
2011-06-13,6.561,6.561,6.561,6.561,0.0
2011-06-14,6.675,6.675,6.675,6.675,0.0
2011-06-15,6.699,6.699,6.699,6.699,0.0
2011-06-16,6.696,6.696,6.696,6.696,0.0
2011-06-17,6.745,6.745,6.745,6.745,0.0
2011-06-20,6.743,6.743,6.743,6.743,0.0
2011-06-21,6.6,6.6,6.6,6.6,0.0
2011-06-22,6.613,6.613,6.613,6.613,0.0
2011-06-23,6.597,6.597,6.597,6.597,0.0
2011-06-24,6.62,6.62,6.62,6.62,0.0
2011-06-27,6.609,6.609,6.609,6.609,0.0
2011-06-28,6.61,6.61,6.61,6.61,0.0
2011-06-29,6.582,6.582,6.582,6.582,0.0
2011-06-30,6.579,6.579,6.579,6.579,0.0
2011-07-01,6.579,6.579,6.579,6.579,0.0
2011-07-05,6.521,6.521,6.521,6.521,0.0
2011-07-06,6.531,6.531,6.531,6.531,0.0
2011-07-07,6.559,6.559,6.559,6.559,0.0
2011-07-08,6.626,6.626,6.626,6.626,0.0
2011-07-11,6.666,6.666,6.666,6.666,0.0
2011-07-12,6.666,6.666,6.666,6.666,0.0
2011-07-13,6.643,6.643,6.643,6.643,0.0
2011-07-14,6.621,6.621,6.621,6.621,0.0
2011-07-15,6.623,6.623,6.623,6.623,0.0
2011-07-18,6.603,6.603,6.603,6.603,0.0
2011-07-19,6.495,6.495,6.495,6.495,0.0
2011-07-20,6.446,6.446,6.446,6.446,0.0
2011-07-21,6.477,6.477,6.477,6.477,0.0
2011-07-22,6.453,6.453,6.453,6.453,0.0
2011-07-25,6.438,6.438,6.438,6.438,0.0
2011-07-26,6.433,6.433,6.433,6.433,0.0
2011-07-27,6.446,6.446,6.446,6.446,0.0
2011-07-28,6.472,6.472,6.472,6.472,0.0
2011-07-29,6.463,6.463,6.463,6.463,0.0
2011-08-01,6.517,6.517,6.517,6.517,0.0
2011-08-02,6.462,6.462,6.462,6.462,0.0
2011-08-03,6.413,6.413,6.413,6.413,0.0
2011-08-04,6.28,6.28,6.28,6.28,0.0
2011-08-05,6.212,6.212,6.212,6.212,0.0
2011-08-08,6.183,6.183,6.183,6.183,0.0
2011-08-09,6.159,6.159,6.159,6.159,0.0
2011-08-10,6.131,6.131,6.131,6.131,0.0
2011-08-11,6.184,6.184,6.184,6.184,0.0
2011-08-12,6.197,6.197,6.197,6.197,0.0
2011-08-15,6.261,6.261,6.261,6.261,0.0
2011-08-16,6.353,6.353,6.353,6.353,0.0
2011-08-17,6.32,6.32,6.32,6.32,0.0
2011-08-18,6.31,6.31,6.31,6.31,0.0
2011-08-19,6.348,6.348,6.348,6.348,0.0
2011-08-22,6.322,6.322,6.322,6.322,0.0
2011-08-23,6.34,6.34,6.34,6.34,0.0
2011-08-24,6.201,6.201,6.201,6.201,0.0
2011-08-25,6.192,6.192,6.192,6.192,0.0
2011-08-26,6.189,6.189,6.189,6.189,0.0
2011-08-29,6.158,6.158,6.158,6.158,0.0
2011-08-30,6.174,6.174,6.174,6.174,0.0
2011-08-31,6.192,6.192,6.192,6.192,0.0
2011-09-01,6.253,6.253,6.253,6.253,0.0
2011-09-02,6.238,6.238,6.238,6.238,0.0
2011-09-06,6.241,6.241,6.241,6.241,0.0
2011-09-07,6.208,6.208,6.208,6.208,0.0
2011-09-08,6.198,6.198,6.198,6.198,0.0
2011-09-09,6.145,6.145,6.145,6.145,0.0
2011-09-12,6.118,6.118,6.118,6.118,0.0
2011-09-13,6.14,6.14,6.14,6.14,0.0
2011-09-14,6.098,6.098,6.098,6.098,0.0
2011-09-15,6.078,6.078,6.078,6.078,0.0
2011-09-16,6.098,6.098,6.098,6.098,0.0
2011-09-19,6.088,6.088,6.088,6.088,0.0
2011-09-20,6.13,6.13,6.13,6.13,0.0
2011-09-21,6.13,6.13,6.13,6.13,0.0
2011-09-22,5.998,5.998,5.998,5.998,0.0
2011-09-23,6.004,6.004,6.004,6.004,0.0
2011-09-26,6.051,6.051,6.051,6.051,0.0
2011-09-27,6.133,6.133,6.133,6.133,0.0
2011-09-28,6.139,6.139,6.139,6.139,0.0
2011-09-29,6.12,6.12,6.12,6.12,0.0
2011-09-30,6.107,6.107,6.107,6.107,0.0
2011-10-03,6.093,6.093,6.093,6.093,0.0
2011-10-04,6.034,6.034,6.034,6.034,0.0
2011-10-05,6.007,6.007,6.007,6.007,0.0
2011-10-06,5.952,5.952,5.952,5.952,0.0
2011-10-07,5.914,5.914,5.914,5.914,0.0
2011-10-10,5.903,5.903,5.903,5.903,0.0
2011-10-11,5.873,5.873,5.873,5.873,0.0
2011-10-12,5.862,5.862,5.862,5.862,0.0
2011-10-13,5.889,5.889,5.889,5.889,0.0
2011-10-14,5.951,5.951,5.951,5.951,0.0
2011-10-17,5.938,5.938,5.938,5.938,0.0
2011-10-18,5.915,5.915,5.915,5.915,0.0
2011-10-19,5.917,5.917,5.917,5.917,0.0
2011-10-20,5.923,5.923,5.923,5.923,0.0
2011-10-21,5.925,5.925,5.925,5.925,0.0
2011-10-24,5.922,5.922,5.922,5.922,0.0
2011-10-25,5.958,5.958,5.958,5.958,0.0
2011-10-26,6.0,6.0,6.0,6.0,0.0
2011-10-27,6.005,6.005,6.005,6.005,0.0
2011-10-28,6.113,6.113,6.113,6.113,0.0
2011-10-31,6.113,6.113,6.113,6.113,0.0
2011-11-01,6.043,6.043,6.043,6.043,0.0
2011-11-02,6.002,6.002,6.002,6.002,0.0
2011-11-03,6.08,6.08,6.08,6.08,0.0
2011-11-04,6.07,6.07,6.07,6.07,0.0
2011-11-07,6.048,6.048,6.048,6.048,0.0
2011-11-08,6.006,6.006,6.006,6.006,0.0
2011-11-09,5.983,5.983,5.983,5.983,0.0
2011-11-10,5.933,5.933,5.933,5.933,0.0
2011-11-11,5.863,5.863,5.863,5.863,0.0
2011-11-14,5.841,5.841,5.841,5.841,0.0
2011-11-15,5.851,5.851,5.851,5.851,0.0
2011-11-16,5.826,5.826,5.826,5.826,0.0
2011-11-17,5.778,5.778,5.778,5.778,0.0
2011-11-18,5.737,5.737,5.737,5.737,0.0
2011-11-21,5.747,5.747,5.747,5.747,0.0
2011-11-22,5.726,5.726,5.726,5.726,0.0
2011-11-23,5.698,5.698,5.698,5.698,0.0
2011-11-25,5.737,5.737,5.737,5.737,0.0
2011-11-28,5.683,5.683,5.683,5.683,0.0
2011-11-29,5.789,5.789,5.789,5.789,0.0
2011-11-30,5.774,5.774,5.774,5.774,0.0
2011-12-01,5.759,5.759,5.759,5.759,0.0
2011-12-02,5.76,5.76,5.76,5.76,0.0
2011-12-05,5.76,5.76,5.76,5.76,0.0
2011-12-06,5.729,5.729,5.729,5.729,0.0
2011-12-07,5.763,5.763,5.763,5.763,0.0
2011-12-08,5.733,5.733,5.733,5.733,0.0
2011-12-09,5.691,5.691,5.691,5.691,0.0
2011-12-12,5.653,5.653,5.653,5.653,0.0
2011-12-13,5.572,5.572,5.572,5.572,0.0
2011-12-14,5.553,5.553,5.553,5.553,0.0
2011-12-15,5.515,5.515,5.515,5.515,0.0
2011-12-16,5.54,5.54,5.54,5.54,0.0
2011-12-19,5.537,5.537,5.537,5.537,0.0
2011-12-20,5.546,5.546,5.546,5.546,0.0
2011-12-21,5.503,5.503,5.503,5.503,0.0
2011-12-22,5.518,5.518,5.518,5.518,0.0
2011-12-23,5.503,5.503,5.503,5.503,0.0
2011-12-27,5.503,5.503,5.503,5.503,0.0
2011-12-28,5.488,5.488,5.488,5.488,0.0
2011-12-29,5.488,5.488,5.488,5.488,0.0
2011-12-30,5.488,5.488,5.488,5.488,0.0
2012-01-03,5.487,5.487,5.487,5.487,0.0
2012-01-04,5.494,5.494,5.494,5.494,0.0
2012-01-05,5.52,5.52,5.52,5.52,0.0
2012-01-06,5.56,5.56,5.56,5.56,0.0
2012-01-09,5.541,5.541,5.541,5.541,0.0
2012-01-10,5.503,5.503,5.503,5.503,0.0
2012-01-11,5.533,5.533,5.533,5.533,0.0
2012-01-12,5.51,5.51,5.51,5.51,0.0
2012-01-13,5.506,5.506,5.506,5.506,0.0
2012-01-17,5.474,5.474,5.474,5.474,0.0
2012-01-18,5.385,5.385,5.385,5.385,0.0
2012-01-19,5.357,5.357,5.357,5.357,0.0
2012-01-20,5.198,5.198,5.198,5.198,0.0
2012-01-23,5.207,5.207,5.207,5.207,0.0
2012-01-24,5.243,5.243,5.243,5.243,0.0
2012-01-25,5.264,5.264,5.264,5.264,0.0
2012-01-26,5.192,5.192,5.192,5.192,0.0
2012-01-27,5.224,5.224,5.224,5.224,0.0
2012-01-30,5.199,5.199,5.199,5.199,0.0
2012-01-31,5.154,5.154,5.154,5.154,0.0
2012-02-01,5.121,5.121,5.121,5.121,0.0
2012-02-02,5.217,5.217,5.217,5.217,0.0
2012-02-03,5.246,5.246,5.246,5.246,0.0
2012-02-06,5.305,5.305,5.305,5.305,0.0
2012-02-07,5.213,5.213,5.213,5.213,0.0
2012-02-08,5.162,5.162,5.162,5.162,0.0
2012-02-09,5.061,5.061,5.061,5.061,0.0
2012-02-10,5.109,5.109,5.109,5.109,0.0
2012-02-13,5.109,5.109,5.109,5.109,0.0
2012-02-14,5.123,5.123,5.123,5.123,0.0
2012-02-15,5.123,5.123,5.123,5.123,0.0
2012-02-16,5.091,5.091,5.091,5.091,0.0
2012-02-17,5.111,5.111,5.111,5.111,0.0
2012-02-21,5.08,5.08,5.08,5.08,0.0
2012-02-22,5.156,5.156,5.156,5.156,0.0
2012-02-23,5.163,5.163,5.163,5.163,0.0
2012-02-24,5.132,5.132,5.132,5.132,0.0
2012-02-27,5.087,5.087,5.087,5.087,0.0
2012-02-28,5.06,5.06,5.06,5.06,0.0
2012-02-29,5.07,5.07,5.07,5.07,0.0
2012-03-01,5.025,5.025,5.025,5.025,0.0
2012-03-02,5.064,5.064,5.064,5.064,0.0
2012-03-05,4.991,4.991,4.991,4.991,0.0
2012-03-06,4.919,4.919,4.919,4.919,0.0
2012-03-07,4.874,4.874,4.874,4.874,0.0
2012-03-08,4.875,4.875,4.875,4.875,0.0
2012-03-09,4.982,4.982,4.982,4.982,0.0
2012-03-12,4.961,4.961,4.961,4.961,0.0
2012-03-13,5.01,5.01,5.01,5.01,0.0
2012-03-14,5.084,5.084,5.084,5.084,0.0
2012-03-15,5.084,5.084,5.084,5.084,0.0
2012-03-16,5.066,5.066,5.066,5.066,0.0
2012-03-19,5.082,5.082,5.082,5.082,0.0
2012-03-20,5.051,5.051,5.051,5.051,0.0
2012-03-21,5.041,5.041,5.041,5.041,20.0
2012-03-22,5.028,5.028,5.028,5.028,0.0
2012-03-23,5.048,5.048,5.048,5.048,0.0
2012-03-26,5.06,5.06,5.06,5.06,0.0
2012-03-27,5.05,5.05,5.05,5.05,0.0
2012-03-28,5.062,5.062,5.062,5.062,0.0
2012-03-29,5.019,5.019,5.019,5.019,0.0
2012-03-30,5.087,5.087,5.087,5.087,0.0
2012-04-02,5.087,5.087,5.087,5.087,0.0
2012-04-03,5.087,5.087,5.087,5.087,0.0
2012-04-04,5.08,5.08,5.08,5.08,0.0
2012-04-05,5.042,5.042,5.042,5.042,0.0
2012-04-09,5.062,5.062,5.062,5.062,0.0
2012-04-10,5.041,5.041,5.041,5.041,0.0
2012-04-11,4.995,4.995,4.995,4.995,0.0
2012-04-12,4.909,4.909,4.909,4.909,0.0
2012-04-13,4.897,4.897,4.897,4.897,0.0
2012-04-16,4.867,4.867,4.867,4.867,0.0
2012-04-17,4.806,4.806,4.806,4.806,0.0
2012-04-18,4.784,4.784,4.784,4.784,0.0
2012-04-19,4.754,4.754,4.754,4.754,0.0
2012-04-20,4.693,4.693,4.693,4.693,0.0
2012-04-23,4.652,4.652,4.652,4.652,0.0
2012-04-24,4.686,4.686,4.686,4.686,0.0
2012-04-25,4.585,4.585,4.585,4.585,0.0
2012-04-26,4.609,4.609,4.609,4.609,0.0
2012-04-27,4.643,4.643,4.643,4.643,0.0
2012-04-30,4.683,4.683,4.683,4.683,0.0
2012-05-01,4.685,4.685,4.685,4.685,0.0
2012-05-02,4.688,4.688,4.688,4.688,0.0
2012-05-03,4.695,4.695,4.695,4.695,0.0
2012-05-04,4.687,4.687,4.687,4.687,0.0
2012-05-07,4.697,4.697,4.697,4.697,0.0
2012-05-08,4.69,4.69,4.69,4.69,0.0
2012-05-09,4.719,4.719,4.719,4.719,0.0
2012-05-10,4.704,4.704,4.704,4.704,0.0
2012-05-11,4.684,4.684,4.684,4.684,0.0
2012-05-14,4.692,4.692,4.692,4.692,0.0
2012-05-15,4.729,4.729,4.729,4.729,0.0
2012-05-16,4.757,4.757,4.757,4.757,0.0
2012-05-17,4.746,4.746,4.746,4.746,0.0
2012-05-18,4.792,4.792,4.792,4.792,0.0
2012-05-21,4.732,4.732,4.732,4.732,0.0
2012-05-22,4.773,4.773,4.773,4.773,0.0
2012-05-23,4.757,4.757,4.757,4.757,0.0
2012-05-24,4.766,4.766,4.766,4.766,0.0
2012-05-25,4.811,4.811,4.811,4.811,0.0
2012-05-29,4.777,4.777,4.777,4.777,0.0
2012-05-30,4.735,4.735,4.735,4.735,0.0
2012-05-31,4.8,4.8,4.8,4.8,0.0
2012-06-01,4.76,4.76,4.76,4.76,0.0
2012-06-04,4.762,4.762,4.762,4.762,0.0
2012-06-05,4.704,4.704,4.704,4.704,0.0
2012-06-06,4.699,4.699,4.699,4.699,0.0
2012-06-07,4.678,4.678,4.678,4.678,0.0
2012-06-08,4.699,4.699,4.699,4.699,0.0
2012-06-11,4.662,4.662,4.662,4.662,0.0
2012-06-12,4.662,4.662,4.662,4.662,0.0
2012-06-13,4.661,4.661,4.661,4.661,0.0
2012-06-14,4.686,4.686,4.686,4.686,0.0
2012-06-15,4.602,4.602,4.602,4.602,0.0
2012-06-18,4.553,4.553,4.553,4.553,0.0
2012-06-19,4.588,4.588,4.588,4.588,0.0
2012-06-20,4.588,4.588,4.588,4.588,0.0
2012-06-21,4.563,4.563,4.563,4.563,0.0
2012-06-22,4.545,4.545,4.545,4.545,0.0
2012-06-25,4.572,4.572,4.572,4.572,0.0
2012-06-26,4.617,4.617,4.617,4.617,0.0
2012-06-27,4.635,4.635,4.635,4.635,0.0
2012-06-28,4.633,4.633,4.633,4.633,0.0
2012-06-29,4.626,4.626,4.626,4.626,0.0
2012-07-02,4.637,4.637,4.637,4.637,0.0
2012-07-03,4.678,4.678,4.678,4.678,0.0
2012-07-05,4.681,4.681,4.681,4.681,0.0
2012-07-06,4.633,4.633,4.633,4.633,0.0
2012-07-09,4.687,4.687,4.687,4.687,0.0
2012-07-10,4.68,4.68,4.68,4.68,0.0
2012-07-11,4.727,4.727,4.727,4.727,0.0
2012-07-12,4.716,4.716,4.716,4.716,0.0
2012-07-13,4.719,4.719,4.719,4.719,0.0
2012-07-16,4.67,4.67,4.67,4.67,0.0
2012-07-17,4.74,4.74,4.74,4.74,0.0
2012-07-18,4.8,4.8,4.8,4.8,0.0
2012-07-19,4.764,4.764,4.764,4.764,0.0
2012-07-20,4.786,4.786,4.786,4.786,0.0
2012-07-23,4.795,4.795,4.795,4.795,0.0
2012-07-24,4.832,4.832,4.832,4.832,0.0
2012-07-25,4.839,4.839,4.839,4.839,0.0
2012-07-26,4.882,4.882,4.882,4.882,0.0
2012-07-27,4.884,4.884,4.884,4.884,0.0
2012-07-30,4.952,4.952,4.952,4.952,0.0
2012-07-31,4.912,4.912,4.912,4.912,0.0
2012-08-01,4.877,4.877,4.877,4.877,0.0
2012-08-02,4.757,4.757,4.757,4.757,0.0
2012-08-03,4.729,4.729,4.729,4.729,0.0
2012-08-06,4.922,4.922,4.922,4.922,0.0
2012-08-07,4.906,4.906,4.906,4.906,0.0
2012-08-08,5.088,5.088,5.088,5.088,0.0
2012-08-09,4.988,4.988,4.988,4.988,0.0
2012-08-10,4.925,4.925,4.925,4.925,0.0
2012-08-13,4.898,4.898,4.898,4.898,0.0
2012-08-14,4.94,4.94,4.94,4.94,0.0
2012-08-15,5.016,5.016,5.016,5.016,0.0
2012-08-16,4.989,4.989,4.989,4.989,0.0
2012-08-17,4.987,4.987,4.987,4.987,0.0
2012-08-20,5.026,5.026,5.026,5.026,0.0
2012-08-21,5.0,5.0,5.0,5.0,0.0
2012-08-22,4.991,4.991,4.991,4.991,0.0
2012-08-23,4.974,4.974,4.974,4.974,0.0
2012-08-24,4.936,4.936,4.936,4.936,0.0
2012-08-27,4.911,4.911,4.911,4.911,0.0
2012-08-28,4.856,4.856,4.856,4.856,0.0
2012-08-29,4.877,4.877,4.877,4.877,0.0
2012-08-30,4.884,4.884,4.884,4.884,0.0
2012-08-31,4.873,4.873,4.873,4.873,0.0
2012-09-04,4.878,4.878,4.878,4.878,0.0
2012-09-05,4.868,4.868,4.868,4.868,0.0
2012-09-06,4.859,4.859,4.859,4.859,0.0
2012-09-07,4.814,4.814,4.814,4.814,0.0
2012-09-10,4.818,4.818,4.818,4.818,0.0
2012-09-11,4.858,4.858,4.858,4.858,0.0
2012-09-12,4.933,4.933,4.933,4.933,0.0
2012-09-13,4.933,4.933,4.933,4.933,0.0
2012-09-14,4.923,4.923,4.923,4.923,0.0
2012-09-17,4.904,4.904,4.904,4.904,0.0
2012-09-18,4.982,4.982,4.982,4.982,0.0
2012-09-19,4.982,4.982,4.982,4.982,0.0
2012-09-20,4.986,4.986,4.986,4.986,0.0
2012-09-21,5.045,5.045,5.045,5.045,0.0
2012-09-24,5.029,5.029,5.029,5.029,0.0
2012-09-25,5.051,5.051,5.051,5.051,0.0
2012-09-26,5.049,5.049,5.049,5.049,0.0
2012-09-27,5.073,5.073,5.073,5.073,0.0
2012-09-28,5.085,5.085,5.085,5.085,0.0
2012-10-01,5.109,5.109,5.109,5.109,0.0
2012-10-02,5.071,5.071,5.071,5.071,0.0
2012-10-03,5.049,5.049,5.049,5.049,0.0
2012-10-04,5.057,5.057,5.057,5.057,0.0
2012-10-05,5.107,5.107,5.107,5.107,0.0
2012-10-08,5.146,5.146,5.146,5.146,0.0
2012-10-09,5.152,5.152,5.152,5.152,0.0
2012-10-10,5.13,5.13,5.13,5.13,0.0
2012-10-11,5.158,5.158,5.158,5.158,0.0
2012-10-12,5.119,5.119,5.119,5.119,0.0
2012-10-15,5.085,5.085,5.085,5.085,0.0
2012-10-16,5.091,5.091,5.091,5.091,0.0
2012-10-17,5.139,5.139,5.139,5.139,0.0
2012-10-18,5.106,5.106,5.106,5.106,0.0
2012-10-19,5.104,5.104,5.104,5.104,0.0
2012-10-22,5.1,5.1,5.1,5.1,0.0
2012-10-23,5.135,5.135,5.135,5.135,0.0
2012-10-24,5.114,5.114,5.114,5.114,0.0
2012-10-25,5.144,5.144,5.144,5.144,0.0
2012-10-26,5.149,5.149,5.149,5.149,0.0
2012-10-29,5.218,5.218,5.218,5.218,0.0
2012-10-30,5.149,5.149,5.149,5.149,0.0
2012-10-31,5.151,5.151,5.151,5.151,0.0
2012-11-01,5.158,5.158,5.158,5.158,0.0
2012-11-02,5.057,5.057,5.057,5.057,0.0
2012-11-05,5.019,5.019,5.019,5.019,0.0
2012-11-06,5.068,5.068,5.068,5.068,0.0
2012-11-07,5.044,5.044,5.044,5.044,0.0
2012-11-08,5.087,5.087,5.087,5.087,0.0
2012-11-09,5.026,5.026,5.026,5.026,0.0
2012-11-12,5.076,5.076,5.076,5.076,0.0
2012-11-13,5.115,5.115,5.115,5.115,0.0
2012-11-14,5.082,5.082,5.082,5.082,0.0
2012-11-15,5.003,5.003,5.003,5.003,0.0
2012-11-16,5.001,5.001,5.001,5.001,0.0
2012-11-19,4.966,4.966,4.966,4.966,0.0
2012-11-20,5.007,5.007,5.007,5.007,0.0
2012-11-21,4.976,4.976,4.976,4.976,0.0
2012-11-23,4.963,4.963,4.963,4.963,0.0
2012-11-26,4.932,4.932,4.932,4.932,0.0
2012-11-27,4.967,4.967,4.967,4.967,0.0
2012-11-28,4.959,4.959,4.959,4.959,0.0
2012-11-29,4.883,4.883,4.883,4.883,0.0
2012-11-30,4.864,4.864,4.864,4.864,0.0
2012-12-03,4.898,4.898,4.898,4.898,0.0
2012-12-04,4.873,4.873,4.873,4.873,0.0
2012-12-05,4.918,4.918,4.918,4.918,0.0
2012-12-06,4.91,4.91,4.91,4.91,0.0
2012-12-07,4.887,4.887,4.887,4.887,0.0
2012-12-10,4.899,4.899,4.899,4.899,2.0
2012-12-11,4.872,4.872,4.872,4.872,0.0
2012-12-12,4.866,4.866,4.866,4.866,0.0
2012-12-13,4.873,4.873,4.873,4.873,0.0
2012-12-14,4.869,4.869,4.869,4.869,0.0
2012-12-17,4.914,4.914,4.914,4.914,0.0
2012-12-18,5.041,5.041,5.041,5.041,0.0
2012-12-19,5.011,5.011,5.011,5.011,0.0
2012-12-20,5.077,5.077,5.077,5.077,0.0
2012-12-21,5.059,5.059,5.059,5.059,0.0
2012-12-24,5.022,5.022,5.022,5.022,0.0
2012-12-26,5.042,5.042,5.042,5.042,0.0
2012-12-27,5.025,5.025,5.025,5.025,0.0
2012-12-28,5.02,5.02,5.02,5.02,0.0
2012-12-31,4.979,4.979,4.979,4.979,0.0
2013-01-02,4.943,4.943,4.943,4.943,0.0
2013-01-03,4.938,4.938,4.938,4.938,0.0
2013-01-04,4.991,4.991,4.991,4.991,0.0
2013-01-07,4.972,4.972,4.972,4.972,0.0
2013-01-08,4.95,4.95,4.95,4.95,0.0
2013-01-09,4.925,4.925,4.925,4.925,0.0
2013-01-10,4.942,4.942,4.942,4.942,0.0
2013-01-11,4.904,4.904,4.904,4.904,0.0
2013-01-14,4.891,4.891,4.891,4.891,0.0
2013-01-15,4.898,4.898,4.898,4.898,0.0
2013-01-16,4.898,4.898,4.898,4.898,0.0
2013-01-17,4.888,4.888,4.888,4.888,0.0
2013-01-18,4.919,4.919,4.919,4.919,0.0
2013-01-22,4.913,4.913,4.913,4.913,0.0
2013-01-23,4.948,4.948,4.948,4.948,0.0
2013-01-24,4.919,4.919,4.919,4.919,0.0
2013-01-25,4.939,4.939,4.939,4.939,0.0
2013-01-28,4.879,4.879,4.879,4.879,0.0
2013-01-29,4.85,4.85,4.85,4.85,0.0
2013-01-30,4.874,4.874,4.874,4.874,0.0
2013-01-31,4.865,4.865,4.865,4.865,0.0
2013-02-01,4.822,4.822,4.822,4.822,0.0
2013-02-04,4.842,4.842,4.842,4.842,0.0
2013-02-05,4.862,4.862,4.862,4.862,0.0
2013-02-06,4.857,4.857,4.857,4.857,0.0
2013-02-07,4.833,4.833,4.833,4.833,0.0
2013-02-08,4.878,4.878,4.878,4.878,0.0
2013-02-11,4.888,4.888,4.888,4.888,0.0
2013-02-12,4.898,4.898,4.898,4.898,0.0
2013-02-13,4.927,4.927,4.927,4.927,0.0
2013-02-14,4.908,4.908,4.908,4.908,0.0
2013-02-15,4.889,4.889,4.889,4.889,0.0
2013-02-19,4.932,4.932,4.932,4.932,0.0
2013-02-20,4.91,4.91,4.91,4.91,0.0
2013-02-21,4.883,4.883,4.883,4.883,0.0
2013-02-22,4.88,4.88,4.88,4.88,0.0
2013-02-25,4.881,4.881,4.881,4.881,0.0
2013-02-26,4.883,4.883,4.883,4.883,0.0
2013-02-27,4.876,4.876,4.876,4.876,0.0
2013-02-28,4.897,4.897,4.897,4.897,0.0
2013-03-01,4.91,4.91,4.91,4.91,0.0
2013-03-04,4.961,4.961,4.961,4.961,0.0
2013-03-05,4.949,4.949,4.949,4.949,0.0
2013-03-06,4.919,4.919,4.919,4.919,0.0
2013-03-07,4.951,4.951,4.951,4.951,0.0
2013-03-08,4.947,4.947,4.947,4.947,0.0
2013-03-11,4.94,4.94,4.94,4.94,0.0
2013-03-12,4.91,4.91,4.91,4.91,0.0
2013-03-13,4.918,4.918,4.918,4.918,0.0
2013-03-14,4.91,4.91,4.91,4.91,0.0
2013-03-15,4.913,4.913,4.913,4.913,0.0
2013-03-18,4.898,4.898,4.898,4.898,0.0
2013-03-19,4.923,4.923,4.923,4.923,0.0
2013-03-20,4.917,4.917,4.917,4.917,0.0
2013-03-21,4.854,4.854,4.854,4.854,0.0
2013-03-22,4.846,4.846,4.846,4.846,0.0
2013-03-25,4.812,4.812,4.812,4.812,0.0
2013-03-26,4.824,4.824,4.824,4.824,0.0
2013-03-27,4.759,4.759,4.759,4.759,0.0
2013-03-28,4.721,4.721,4.721,4.721,0.0
2013-04-01,4.71,4.71,4.71,4.71,0.0
2013-04-02,4.673,4.673,4.673,4.673,0.0
2013-04-03,4.699,4.699,4.699,4.699,0.0
2013-04-04,4.711,4.711,4.711,4.711,0.0
2013-04-05,4.688,4.688,4.688,4.688,0.0
2013-04-08,4.609,4.609,4.609,4.609,0.0
2013-04-09,4.464,4.464,4.464,4.464,0.0
2013-04-10,4.408,4.408,4.408,4.408,0.0
2013-04-11,4.487,4.487,4.487,4.487,0.0
2013-04-12,4.641,4.641,4.641,4.641,0.0
2013-04-15,4.652,4.652,4.652,4.652,0.0
2013-04-16,4.723,4.723,4.723,4.723,0.0
2013-04-17,4.727,4.727,4.727,4.727,0.0
2013-04-18,4.717,4.717,4.717,4.717,0.0
2013-04-19,4.717,4.717,4.717,4.717,0.0
2013-04-22,4.71,4.71,4.71,4.71,0.0
2013-04-23,4.698,4.698,4.698,4.698,0.0
2013-04-24,4.603,4.603,4.603,4.603,0.0
2013-04-25,4.604,4.604,4.604,4.604,0.0
2013-04-26,4.606,4.606,4.606,4.606,0.0
2013-04-29,4.619,4.619,4.619,4.619,0.0
2013-04-30,4.614,4.614,4.614,4.614,0.0
2013-05-01,4.599,4.599,4.599,4.599,0.0
2013-05-02,4.597,4.597,4.597,4.597,0.0
2013-05-03,4.65,4.65,4.65,4.65,0.0
2013-05-06,4.701,4.701,4.701,4.701,0.0
2013-05-07,4.7,4.7,4.7,4.7,0.0
2013-05-08,4.684,4.684,4.684,4.684,0.0
2013-05-09,4.646,4.646,4.646,4.646,0.0
2013-05-10,4.628,4.628,4.628,4.628,0.0
2013-05-13,4.638,4.638,4.638,4.638,0.0
2013-05-14,4.669,4.669,4.669,4.669,0.0
2013-05-15,4.651,4.651,4.651,4.651,0.0
2013-05-16,4.648,4.648,4.648,4.648,0.0
2013-05-17,4.805,4.805,4.805,4.805,0.0
2013-05-20,4.953,4.953,4.953,4.953,0.0
2013-05-21,5.015,5.015,5.015,5.015,0.0
2013-05-22,5.076,5.076,5.076,5.076,0.0
2013-05-23,5.064,5.064,5.064,5.064,0.0
2013-05-24,5.055,5.055,5.055,5.055,0.0
2013-05-28,5.044,5.044,5.044,5.044,0.0
2013-05-29,5.035,5.035,5.035,5.035,0.0
2013-05-30,4.995,4.995,4.995,4.995,0.0
2013-05-31,5.017,5.017,5.017,5.017,0.0
2013-06-03,5.03,5.03,5.03,5.03,0.0
2013-06-04,5.007,5.007,5.007,5.007,0.0
2013-06-05,4.979,4.979,4.979,4.979,0.0
2013-06-06,4.924,4.924,4.924,4.924,0.0
2013-06-07,4.944,4.944,4.944,4.944,0.0
2013-06-10,4.928,4.928,4.928,4.928,0.0
2013-06-11,4.853,4.853,4.853,4.853,0.0
2013-06-12,4.822,4.822,4.822,4.822,0.0
2013-06-13,4.826,4.826,4.826,4.826,0.0
2013-06-14,4.801,4.801,4.801,4.801,0.0
2013-06-17,4.837,4.837,4.837,4.837,0.0
2013-06-18,4.89,4.89,4.89,4.89,0.0
2013-06-19,4.857,4.857,4.857,4.857,0.0
2013-06-20,4.814,4.814,4.814,4.814,0.0
2013-06-21,4.863,4.863,4.863,4.863,0.0
2013-06-24,4.973,4.973,4.973,4.973,0.0
2013-06-25,5.03,5.03,5.03,5.03,0.0
2013-06-26,5.077,5.077,5.077,5.077,0.0
2013-06-27,5.016,5.016,5.016,5.016,0.0
2013-06-28,5.048,5.048,5.048,5.048,0.0
2013-07-01,4.983,4.983,4.983,4.983,0.0
2013-07-02,5.018,5.018,5.018,5.018,0.0
2013-07-03,5.04,5.04,5.04,5.04,0.0
2013-07-05,4.999,4.999,4.999,4.999,0.0
2013-07-08,5.046,5.046,5.046,5.046,0.0
2013-07-09,4.954,4.954,4.954,4.954,0.0
2013-07-10,4.94,4.94,4.94,4.94,0.0
2013-07-11,4.936,4.936,4.936,4.936,0.0
2013-07-12,4.936,4.936,4.936,4.936,0.0
2013-07-15,4.957,4.957,4.957,4.957,0.0
2013-07-16,4.956,4.956,4.956,4.956,0.0
2013-07-17,4.958,4.958,4.958,4.958,0.0
2013-07-18,4.911,4.911,4.911,4.911,0.0
2013-07-19,4.865,4.865,4.865,4.865,0.0
2013-07-22,4.841,4.841,4.841,4.841,0.0
2013-07-23,4.81,4.81,4.81,4.81,0.0
2013-07-24,4.829,4.829,4.829,4.829,0.0
2013-07-25,4.854,4.854,4.854,4.854,0.0
2013-07-26,4.814,4.814,4.814,4.814,0.0
2013-07-29,4.814,4.814,4.814,4.814,0.0
2013-07-30,4.781,4.781,4.781,4.781,0.0
2013-07-31,4.799,4.799,4.799,4.799,0.0
2013-08-01,4.789,4.789,4.789,4.789,0.0
2013-08-02,4.774,4.774,4.774,4.774,0.0
2013-08-05,4.777,4.777,4.777,4.777,0.0
2013-08-06,4.755,4.755,4.755,4.755,0.0
2013-08-07,4.767,4.767,4.767,4.767,0.0
2013-08-08,4.759,4.759,4.759,4.759,0.0
2013-08-09,4.729,4.729,4.729,4.729,0.0
2013-08-12,4.679,4.679,4.679,4.679,0.0
2013-08-13,4.644,4.644,4.644,4.644,0.0
2013-08-14,4.597,4.597,4.597,4.597,0.0
2013-08-15,4.625,4.625,4.625,4.625,0.0
2013-08-16,4.607,4.607,4.607,4.607,0.0
2013-08-19,4.618,4.618,4.618,4.618,0.0
2013-08-20,4.601,4.601,4.601,4.601,0.0
2013-08-21,4.565,4.565,4.565,4.565,0.0
2013-08-22,4.596,4.596,4.596,4.596,0.0
2013-08-23,4.566,4.566,4.566,4.566,0.0
2013-08-26,4.538,4.538,4.538,4.538,0.0
2013-08-27,4.506,4.506,4.506,4.506,0.0
2013-08-28,4.518,4.518,4.518,4.518,0.0
2013-08-29,4.528,4.528,4.528,4.528,0.0
2013-08-30,4.54,4.54,4.54,4.54,0.0
2013-09-03,4.549,4.549,4.549,4.549,0.0
2013-09-04,4.516,4.516,4.516,4.516,0.0
2013-09-05,4.492,4.492,4.492,4.492,0.0
2013-09-06,4.489,4.489,4.489,4.489,0.0
2013-09-09,4.484,4.484,4.484,4.484,0.0
2013-09-10,4.498,4.498,4.498,4.498,0.0
2013-09-11,4.485,4.485,4.485,4.485,0.0
2013-09-12,4.474,4.474,4.474,4.474,0.0
2013-09-13,4.494,4.494,4.494,4.494,0.0
2013-09-16,4.496,4.496,4.496,4.496,0.0
2013-09-17,4.471,4.471,4.471,4.471,0.0
2013-09-18,4.524,4.524,4.524,4.524,0.0
2013-09-19,4.553,4.553,4.553,4.553,0.0
2013-09-20,4.539,4.539,4.539,4.539,0.0
2013-09-23,4.5,4.5,4.5,4.5,0.0
2013-09-24,4.48,4.48,4.48,4.48,0.0
2013-09-25,4.467,4.467,4.467,4.467,0.0
2013-09-26,4.533,4.533,4.533,4.533,0.0
2013-09-27,4.553,4.553,4.553,4.553,0.0
2013-09-30,4.503,4.503,4.503,4.503,0.0
2013-10-01,4.523,4.523,4.523,4.523,0.0
2013-10-02,4.482,4.482,4.482,4.482,0.0
2013-10-03,4.483,4.483,4.483,4.483,0.0
2013-10-04,4.491,4.491,4.491,4.491,0.0
2013-10-07,4.508,4.508,4.508,4.508,0.0
2013-10-08,4.524,4.524,4.524,4.524,0.0
2013-10-09,4.512,4.512,4.512,4.512,0.0
2013-10-10,4.512,4.512,4.512,4.512,0.0
2013-10-11,4.467,4.467,4.467,4.467,0.0
2013-10-14,4.484,4.484,4.484,4.484,0.0
2013-10-15,4.442,4.442,4.442,4.442,0.0
2013-10-16,4.401,4.401,4.401,4.401,0.0
2013-10-17,4.439,4.439,4.439,4.439,0.0
2013-10-18,4.45,4.45,4.45,4.45,0.0
2013-10-21,4.446,4.446,4.446,4.446,0.0
2013-10-22,4.452,4.452,4.452,4.452,0.0
2013-10-23,4.458,4.458,4.458,4.458,0.0
2013-10-24,4.471,4.471,4.471,4.471,0.0
2013-10-25,4.502,4.502,4.502,4.502,0.0
2013-10-28,4.455,4.455,4.455,4.455,0.0
2013-10-29,4.446,4.446,4.446,4.446,0.0
2013-10-30,4.432,4.432,4.432,4.432,0.0
2013-10-31,4.381,4.381,4.381,4.381,0.0
2013-11-01,4.341,4.341,4.341,4.341,0.0
2013-11-04,4.298,4.298,4.298,4.298,0.0
2013-11-05,4.289,4.289,4.289,4.289,0.0
2013-11-06,4.301,4.301,4.301,4.301,0.0
2013-11-07,4.295,4.295,4.295,4.295,0.0
2013-11-08,4.283,4.283,4.283,4.283,0.0
2013-11-11,4.292,4.292,4.292,4.292,0.0
2013-11-12,4.27,4.27,4.27,4.27,0.0
2013-11-13,4.245,4.245,4.245,4.245,0.0
2013-11-14,4.243,4.243,4.243,4.243,0.0
2013-11-15,4.238,4.238,4.238,4.238,0.0
2013-11-18,4.242,4.242,4.242,4.242,0.0
2013-11-19,4.216,4.216,4.216,4.216,0.0
2013-11-20,4.248,4.248,4.248,4.248,0.0
2013-11-21,4.24,4.24,4.24,4.24,0.0
2013-11-22,4.242,4.242,4.242,4.242,0.0
2013-11-25,4.253,4.253,4.253,4.253,0.0
2013-11-26,4.245,4.245,4.245,4.245,0.0
2013-11-27,4.247,4.247,4.247,4.247,0.0
2013-11-29,4.244,4.244,4.244,4.244,0.0
2013-12-02,4.327,4.327,4.327,4.327,0.0
2013-12-03,4.38,4.38,4.38,4.38,0.0
2013-12-04,4.451,4.451,4.451,4.451,0.0
2013-12-05,4.43,4.43,4.43,4.43,0.0
2013-12-06,4.421,4.421,4.421,4.421,0.0
2013-12-09,4.357,4.357,4.357,4.357,0.0
2013-12-10,4.321,4.321,4.321,4.321,3.0
2013-12-11,4.285,4.285,4.285,4.285,0.0
2013-12-12,4.205,4.205,4.205,4.205,0.0
2013-12-13,4.207,4.207,4.207,4.207,0.0
2013-12-16,4.254,4.254,4.254,4.254,0.0
2013-12-17,4.221,4.221,4.221,4.221,0.0
2013-12-18,4.188,4.188,4.188,4.188,0.0
2013-12-19,4.209,4.209,4.209,4.209,0.0
2013-12-20,4.169,4.169,4.169,4.169,0.0
2013-12-23,4.154,4.154,4.154,4.154,0.0
2013-12-24,4.181,4.181,4.181,4.181,0.0
2013-12-26,4.178,4.178,4.178,4.178,0.0
2013-12-27,4.19,4.19,4.19,4.19,0.0
2013-12-30,4.18,4.18,4.18,4.18,0.0
2013-12-31,4.133,4.133,4.133,4.133,0.0
2014-01-02,4.148,4.148,4.148,4.148,0.0
2014-01-03,4.168,4.168,4.168,4.168,0.0
2014-01-06,4.21,4.21,4.174,4.174,1.0
2014-01-07,4.192,4.192,4.192,4.192,0.0
2014-01-08,4.175,4.175,4.175,4.175,0.0
2014-01-09,4.121,4.121,4.121,4.121,0.0
2014-01-10,4.161,4.161,4.161,4.161,0.0
2014-01-13,4.124,4.124,4.124,4.124,0.0
2014-01-14,4.121,4.121,4.121,4.121,0.0
2014-01-15,4.117,4.117,4.117,4.117,0.0
2014-01-16,4.112,4.112,4.112,4.112,0.0
2014-01-17,4.102,4.102,4.102,4.102,0.0
2014-01-21,4.15,4.15,4.15,4.15,0.0
2014-01-22,4.15,4.15,4.15,4.15,0.0
2014-01-23,4.144,4.144,4.144,4.144,0.0
2014-01-24,4.129,4.129,4.129,4.129,0.0
2014-01-27,4.183,4.183,4.183,4.183,0.0
2014-01-28,4.17,4.17,4.17,4.17,0.0
2014-01-29,4.165,4.165,4.165,4.165,0.0
2014-01-30,4.167,4.167,4.167,4.167,0.0
2014-01-31,4.169,4.169,4.169,4.169,0.0
2014-02-03,4.205,4.205,4.205,4.205,0.0
2014-02-04,4.191,4.191,4.191,4.191,0.0
2014-02-05,4.158,4.158,4.158,4.158,0.0
2014-02-06,4.103,4.103,4.103,4.103,0.0
2014-02-07,4.095,4.095,4.095,4.095,0.0
2014-02-10,4.067,4.067,4.067,4.067,0.0
2014-02-11,3.992,3.992,3.992,3.992,0.0
2014-02-12,3.978,3.978,3.978,3.978,0.0
2014-02-13,3.974,3.974,3.974,3.974,0.0
2014-02-14,3.997,3.997,3.997,3.997,0.0
2014-02-18,4.003,4.003,4.003,4.003,0.0
2014-02-19,3.999,4.03,3.999,4.03,1.0
2014-02-20,4.089,4.089,4.089,4.089,0.0
2014-02-21,4.111,4.111,4.111,4.111,0.0
2014-02-24,4.132,4.132,4.132,4.132,0.0
2014-02-25,4.141,4.141,4.141,4.141,0.0
2014-02-26,4.148,4.148,4.118,4.118,1.0
2014-02-27,4.065,4.065,4.065,4.065,0.0
2014-02-28,4.038,4.038,4.038,4.038,0.0
2014-03-03,4.036,4.036,4.036,4.036,0.0
2014-03-04,4.061,4.061,4.061,4.061,0.0
2014-03-05,4.081,4.081,4.081,4.081,0.0
2014-03-06,4.186,4.186,4.186,4.186,0.0
2014-03-07,4.148,4.148,4.148,4.148,0.0
2014-03-10,4.158,4.158,4.158,4.158,0.0
2014-03-11,4.159,4.159,4.159,4.159,0.0
2014-03-12,4.192,4.192,4.192,4.192,0.0
2014-03-13,4.227,4.227,4.227,4.227,0.0
2014-03-14,4.302,4.302,4.302,4.302,0.0
2014-03-17,4.284,4.284,4.284,4.284,0.0
2014-03-18,4.237,4.237,4.237,4.237,0.0
2014-03-19,4.263,4.263,4.263,4.263,0.0
2014-03-20,4.289,4.289,4.289,4.289,0.0
2014-03-21,4.279,4.279,4.279,4.279,0.0
2014-03-24,4.304,4.304,4.304,4.304,0.0
2014-03-25,4.329,4.329,4.329,4.329,0.0
2014-03-26,4.348,4.348,4.348,4.348,0.0
2014-03-27,4.345,4.345,4.345,4.345,0.0
2014-03-28,4.312,4.312,4.312,4.312,0.0
2014-03-31,4.312,4.312,4.312,4.312,0.0
2014-04-01,4.271,4.271,4.271,4.271,0.0
2014-04-02,4.295,4.295,4.295,4.295,0.0
2014-04-03,4.352,4.352,4.352,4.352,0.0
2014-04-04,4.354,4.354,4.354,4.354,0.0
2014-04-07,4.374,4.374,4.374,4.374,0.0
2014-04-08,4.378,4.378,4.378,4.378,0.0
2014-04-09,4.433,4.433,4.433,4.433,0.0
2014-04-10,4.458,4.458,4.458,4.458,0.0
2014-04-11,4.461,4.461,4.461,4.461,0.0
2014-04-14,4.459,4.459,4.459,4.459,0.0
2014-04-15,4.466,4.466,4.466,4.466,0.0
2014-04-16,4.471,4.471,4.471,4.471,0.0
2014-04-17,4.472,4.472,4.472,4.472,0.0
2014-04-21,4.446,4.446,4.446,4.446,0.0
2014-04-22,4.457,4.457,4.457,4.457,0.0
2014-04-23,4.45,4.45,4.45,4.45,0.0
2014-04-24,4.489,4.489,4.489,4.489,0.0
2014-04-25,4.478,4.478,4.478,4.478,0.0
2014-04-28,4.497,4.497,4.497,4.497,0.0
2014-04-29,4.558,4.558,4.558,4.558,0.0
2014-04-30,4.564,4.564,4.564,4.564,0.0
2014-05-01,4.568,4.568,4.568,4.568,0.0
2014-05-02,4.556,4.556,4.556,4.556,0.0
2014-05-05,4.552,4.552,4.552,4.552,0.0
2014-05-06,4.568,4.568,4.568,4.568,0.0
2014-05-07,4.573,4.573,4.573,4.573,0.0
2014-05-08,4.583,4.583,4.583,4.583,0.0
2014-05-09,4.603,4.603,4.603,4.603,0.0
2014-05-12,4.573,4.573,4.573,4.573,0.0
2014-05-13,4.561,4.561,4.561,4.561,0.0
2014-05-14,4.584,4.584,4.584,4.584,0.0
2014-05-15,4.56,4.56,4.56,4.56,0.0
2014-05-16,4.525,4.525,4.525,4.525,0.0
2014-05-19,4.526,4.526,4.526,4.526,0.0
2014-05-20,4.526,4.526,4.526,4.526,0.0
2014-05-21,4.531,4.531,4.531,4.531,0.0
2014-05-22,4.509,4.509,4.509,4.509,0.0
2014-05-23,4.532,4.532,4.532,4.532,0.0
2014-05-27,4.555,4.555,4.555,4.555,0.0
2014-05-28,4.551,4.551,4.551,4.551,0.0
2014-05-29,4.554,4.554,4.554,4.554,0.0
2014-05-30,4.55,4.55,4.55,4.55,0.0
2014-06-02,4.585,4.585,4.585,4.585,0.0
2014-06-03,4.562,4.562,4.562,4.562,0.0
2014-06-04,4.557,4.557,4.557,4.557,0.0
2014-06-05,4.579,4.579,4.579,4.579,0.0
2014-06-06,4.595,4.595,4.595,4.595,0.0
2014-06-09,4.581,4.581,4.581,4.581,0.0
2014-06-10,4.624,4.624,4.624,4.624,0.0
2014-06-11,4.615,4.615,4.615,4.615,0.0
2014-06-12,4.613,4.613,4.613,4.613,0.0
2014-06-13,4.639,4.639,4.639,4.639,0.0
2014-06-16,4.638,4.638,4.638,4.638,0.0
2014-06-17,4.671,4.671,4.671,4.671,0.0
2014-06-18,4.685,4.685,4.685,4.685,0.0
2014-06-19,4.704,4.704,4.704,4.704,0.0
2014-06-20,4.664,4.664,4.664,4.664,0.0
2014-06-23,4.645,4.645,4.645,4.645,0.0
2014-06-24,4.641,4.641,4.641,4.641,0.0
2014-06-25,4.657,4.657,4.657,4.657,0.0
2014-06-26,4.589,4.589,4.589,4.589,0.0
2014-06-27,4.582,4.582,4.582,4.582,0.0
2014-06-30,4.601,4.601,4.601,4.601,0.0
2014-07-01,4.617,4.617,4.617,4.617,0.0
2014-07-02,4.588,4.588,4.588,4.588,0.0
2014-07-03,4.583,4.583,4.583,4.583,0.0
2014-07-07,4.557,4.557,4.557,4.557,0.0
2014-07-08,4.536,4.536,4.536,4.536,0.0
2014-07-09,4.512,4.512,4.512,4.512,0.0
2014-07-10,4.468,4.468,4.468,4.468,0.0
2014-07-11,4.465,4.465,4.465,4.465,0.0
2014-07-14,4.459,4.459,4.459,4.459,0.0
2014-07-15,4.454,4.454,4.454,4.454,0.0
2014-07-16,4.469,4.469,4.469,4.469,0.0
2014-07-17,4.45,4.45,4.45,4.45,0.0
2014-07-18,4.477,4.477,4.477,4.477,0.0
2014-07-21,4.458,4.458,4.458,4.458,0.0
2014-07-22,4.412,4.412,4.412,4.412,0.0
2014-07-23,4.388,4.388,4.388,4.388,0.0
2014-07-24,4.379,4.379,4.379,4.379,0.0
2014-07-25,4.374,4.374,4.374,4.374,150.0
2014-07-28,4.361,4.361,4.361,4.361,0.0
2014-07-29,4.316,4.316,4.316,4.316,0.0
2014-07-30,4.336,4.336,4.336,4.336,0.0
2014-07-31,4.362,4.362,4.362,4.362,0.0
2014-08-01,4.378,4.378,4.378,4.378,0.0
2014-08-04,4.369,4.369,4.369,4.369,0.0
2014-08-05,4.368,4.368,4.368,4.368,0.0
2014-08-06,4.363,4.363,4.363,4.363,0.0
2014-08-07,4.373,4.373,4.373,4.373,0.0
2014-08-08,4.379,4.379,4.379,4.379,0.0
2014-08-11,4.334,4.334,4.334,4.334,0.0
2014-08-12,4.316,4.316,4.316,4.316,0.0
2014-08-13,4.295,4.295,4.295,4.295,0.0
2014-08-14,4.306,4.306,4.306,4.306,0.0
2014-08-15,4.279,4.279,4.279,4.279,0.0
2014-08-18,4.274,4.274,4.274,4.274,0.0
2014-08-19,4.274,4.274,4.274,4.274,0.0
2014-08-20,4.261,4.261,4.261,4.261,0.0
2014-08-21,4.265,4.265,4.265,4.265,0.0
2014-08-22,4.253,4.253,4.253,4.253,0.0
2014-08-25,4.261,4.261,4.261,4.261,0.0
2014-08-26,4.258,4.258,4.258,4.258,0.0
2014-08-27,4.271,4.271,4.271,4.271,0.0
2014-08-28,4.262,4.262,4.262,4.262,2.0
2014-08-29,4.24,4.254,4.24,4.254,5.0
2014-09-02,4.219,4.219,4.219,4.219,0.0
2014-09-03,4.2,4.23,4.2,4.23,5.0
2014-09-04,4.233,4.233,4.233,4.233,100.0
2014-09-05,4.216,4.216,4.216,4.216,0.0
2014-09-08,4.221,4.221,4.221,4.221,0.0
2014-09-09,4.219,4.219,4.219,4.219,0.0
2014-09-10,4.243,4.243,4.243,4.243,0.0
2014-09-11,4.245,4.259,4.245,4.259,4.0
2014-09-12,4.233,4.233,4.233,4.233,0.0
2014-09-15,4.235,4.235,4.235,4.235,0.0
2014-09-16,4.248,4.248,4.248,4.248,0.0
2014-09-17,4.244,4.244,4.244,4.244,0.0
2014-09-18,4.225,4.225,4.225,4.225,0.0
2014-09-19,4.223,4.223,4.223,4.223,0.0
2014-09-22,4.22,4.22,4.22,4.22,0.0
2014-09-23,4.203,4.203,4.203,4.203,0.0
2014-09-24,4.236,4.236,4.236,4.236,0.0
2014-09-25,4.235,4.235,4.235,4.235,0.0
2014-09-26,4.216,4.216,4.216,4.216,0.0
2014-09-29,4.227,4.227,4.227,4.227,100.0
2014-09-30,4.24,4.24,4.24,4.24,0.0
2014-10-01,4.218,4.218,4.218,4.218,0.0
2014-10-02,4.224,4.224,4.224,4.224,0.0
2014-10-03,4.203,4.203,4.203,4.203,0.0
2014-10-06,4.203,4.203,4.203,4.203,0.0
2014-10-07,4.206,4.206,4.206,4.206,0.0
2014-10-08,4.211,4.211,4.211,4.211,0.0
2014-10-09,4.221,4.221,4.221,4.221,0.0
2014-10-10,4.218,4.218,4.218,4.218,0.0
2014-10-13,4.228,4.228,4.228,4.228,0.0
2014-10-14,4.218,4.218,4.218,4.218,0.0
2014-10-15,4.203,4.203,4.203,4.203,0.0
2014-10-16,4.208,4.208,4.208,4.208,0.0
2014-10-17,4.218,4.218,4.218,4.218,0.0
2014-10-20,4.205,4.205,4.205,4.205,0.0
2014-10-21,4.198,4.198,4.198,4.198,0.0
2014-10-22,4.179,4.179,4.179,4.179,0.0
2014-10-23,4.189,4.189,4.189,4.189,0.0
2014-10-24,4.173,4.173,4.173,4.173,0.0
2014-10-27,4.157,4.157,4.157,4.157,0.0
2014-10-28,4.147,4.147,4.147,4.147,0.0
2014-10-29,4.149,4.149,4.149,4.149,0.0
2014-10-30,4.148,4.148,4.148,4.148,0.0
2014-10-31,4.16,4.16,4.16,4.16,0.0
2014-11-03,4.171,4.171,4.171,4.171,0.0
2014-11-04,4.166,4.166,4.166,4.166,0.0
2014-11-05,4.137,4.137,4.137,4.137,0.0
2014-11-06,4.124,4.124,4.124,4.124,0.0
2014-11-07,4.121,4.121,4.121,4.121,0.0
2014-11-10,4.115,4.115,4.115,4.115,0.0
2014-11-11,4.13,4.13,4.13,4.13,0.0
2014-11-12,4.143,4.143,4.143,4.143,0.0
2014-11-13,4.118,4.118,4.118,4.118,0.0
2014-11-14,4.144,4.144,4.144,4.144,0.0
2014-11-17,4.149,4.149,4.149,4.149,0.0
2014-11-18,4.124,4.124,4.124,4.124,0.0
2014-11-19,4.119,4.119,4.119,4.119,0.0
2014-11-20,4.114,4.114,4.114,4.114,0.0
2014-11-21,4.102,4.102,4.102,4.102,0.0
2014-11-24,4.13,4.16,4.13,4.156,14.0
2014-11-25,4.133,4.133,4.133,4.133,0.0
2014-11-26,4.126,4.126,4.126,4.126,0.0
2014-11-28,4.144,4.144,4.144,4.144,0.0
2014-12-01,4.189,4.189,4.189,4.189,0.0
2014-12-02,4.174,4.174,4.174,4.174,0.0
2014-12-03,4.156,4.156,4.156,4.156,0.0
2014-12-04,4.131,4.131,4.131,4.131,0.0
2014-12-05,4.157,4.157,4.157,4.157,0.0
2014-12-08,4.163,4.163,4.163,4.163,6.0
2014-12-09,4.188,4.188,4.188,4.188,0.0
2014-12-10,4.19,4.19,4.19,4.19,0.0
2014-12-11,4.17,4.17,4.17,4.17,0.0
2014-12-12,4.161,4.161,4.161,4.161,0.0
2014-12-15,4.149,4.149,4.149,4.149,0.0
2014-12-16,4.107,4.107,4.107,4.107,0.0
2014-12-17,4.138,4.138,4.138,4.138,0.0
2014-12-18,4.116,4.116,4.116,4.116,0.0
2014-12-19,4.064,4.064,4.064,4.064,0.0
2014-12-22,4.043,4.043,4.043,4.043,0.0
2014-12-23,4.023,4.023,4.023,4.023,0.0
2014-12-24,4.014,4.014,4.014,4.014,0.0
2014-12-26,4.011,4.011,4.011,4.011,0.0
2014-12-29,4.017,4.017,4.017,4.017,0.0
2014-12-30,4.006,4.006,4.006,4.006,0.0
2014-12-31,3.974,3.974,3.974,3.974,0.0
2015-01-02,3.959,3.959,3.959,3.959,0.0
2015-01-05,3.959,3.959,3.959,3.959,0.0
2015-01-06,3.927,3.927,3.927,3.927,0.0
2015-01-07,3.878,3.878,3.878,3.878,0.0
2015-01-08,3.864,3.864,3.864,3.864,0.0
2015-01-09,3.852,3.852,3.852,3.852,0.0
2015-01-12,3.769,3.769,3.769,3.769,0.0
2015-01-13,3.768,3.768,3.768,3.768,0.0
2015-01-14,3.695,3.695,3.695,3.695,0.0
2015-01-15,3.629,3.629,3.629,3.629,0.0
2015-01-16,3.637,3.637,3.637,3.637,0.0
2015-01-20,3.625,3.625,3.625,3.625,0.0
2015-01-21,3.642,3.642,3.642,3.642,0.0
2015-01-22,3.662,3.662,3.662,3.662,0.0
2015-01-23,3.659,3.659,3.659,3.659,0.0
2015-01-26,3.673,3.673,3.673,3.673,0.0
2015-01-27,3.667,3.667,3.667,3.667,0.0
2015-01-28,3.673,3.673,3.673,3.673,0.0
2015-01-29,3.645,3.645,3.645,3.645,0.0
2015-01-30,3.652,3.652,3.652,3.652,0.0
2015-02-02,3.615,3.615,3.615,3.615,0.0
2015-02-03,3.636,3.636,3.636,3.636,0.0
2015-02-04,3.64,3.64,3.64,3.64,0.0
2015-02-05,3.565,3.565,3.565,3.565,0.0
2015-02-06,3.609,3.609,3.609,3.609,0.0
2015-02-09,3.608,3.608,3.608,3.608,0.0
2015-02-10,3.629,3.629,3.629,3.629,0.0
2015-02-11,3.624,3.624,3.624,3.624,0.0
2015-02-12,3.625,3.625,3.625,3.625,0.0
2015-02-13,3.665,3.665,3.665,3.665,0.0
2015-02-17,3.66,3.66,3.599,3.599,1.0
2015-02-18,3.614,3.614,3.614,3.614,0.0
2015-02-19,3.588,3.588,3.588,3.588,0.0
2015-02-20,3.586,3.586,3.586,3.586,0.0
2015-02-23,3.558,3.558,3.558,3.558,0.0
2015-02-24,3.563,3.563,3.563,3.563,0.0
2015-02-25,3.569,3.569,3.569,3.569,0.0
2015-02-26,3.539,3.539,3.539,3.539,0.0
2015-02-27,3.54,3.54,3.54,3.54,0.0
2015-03-02,3.529,3.529,3.529,3.529,0.0
2015-03-03,3.528,3.528,3.528,3.528,0.0
2015-03-04,3.522,3.522,3.522,3.522,0.0
2015-03-05,3.496,3.496,3.496,3.496,0.0
2015-03-06,3.496,3.496,3.496,3.496,0.0
2015-03-09,3.469,3.469,3.469,3.469,0.0
2015-03-10,3.467,3.467,3.467,3.467,0.0
2015-03-11,3.46,3.46,3.46,3.46,0.0
2015-03-12,3.429,3.429,3.429,3.429,0.0
2015-03-13,3.425,3.425,3.425,3.425,0.0
2015-03-16,3.438,3.438,3.438,3.438,48.0
2015-03-17,3.433,3.433,3.433,3.433,0.0
2015-03-18,3.451,3.451,3.451,3.451,0.0
2015-03-19,3.447,3.447,3.447,3.447,0.0
2015-03-20,3.425,3.425,3.425,3.425,0.0
2015-03-23,3.426,3.426,3.426,3.426,0.0
2015-03-24,3.431,3.431,3.431,3.431,0.0
2015-03-25,3.399,3.399,3.399,3.399,0.0
2015-03-26,3.39,3.39,3.39,3.39,0.0
2015-03-27,3.365,3.365,3.365,3.365,0.0
2015-03-30,3.353,3.353,3.353,3.353,0.0
2015-03-31,3.365,3.365,3.365,3.365,50.0
2015-04-01,3.354,3.354,3.354,3.354,0.0
2015-04-02,3.39,3.39,3.39,3.39,0.0
2015-04-06,3.38,3.38,3.38,3.38,0.0
2015-04-07,3.415,3.415,3.415,3.415,0.0
2015-04-08,3.415,3.415,3.415,3.415,0.0
2015-04-09,3.408,3.408,3.408,3.408,0.0
2015-04-10,3.403,3.403,3.403,3.403,0.0
2015-04-13,3.393,3.393,3.393,3.393,0.0
2015-04-14,3.387,3.387,3.387,3.387,0.0
2015-04-15,3.401,3.401,3.401,3.401,0.0
2015-04-16,3.429,3.429,3.429,3.429,0.0
2015-04-17,3.412,3.412,3.412,3.412,0.0
2015-04-20,3.409,3.409,3.409,3.409,0.0
2015-04-21,3.412,3.412,3.412,3.412,0.0
2015-04-22,3.419,3.419,3.419,3.419,0.0
2015-04-23,3.381,3.381,3.381,3.381,0.0
2015-04-24,3.378,3.378,3.378,3.378,0.0
2015-04-27,3.358,3.358,3.358,3.358,0.0
2015-04-28,3.356,3.356,3.356,3.356,0.0
2015-04-29,3.362,3.362,3.362,3.362,0.0
2015-04-30,3.372,3.372,3.372,3.372,0.0
2015-05-01,3.377,3.377,3.377,3.377,0.0
2015-05-04,3.384,3.384,3.384,3.384,0.0
2015-05-05,3.387,3.387,3.387,3.387,0.0
2015-05-06,3.395,3.395,3.395,3.395,0.0
2015-05-07,3.392,3.392,3.392,3.392,0.0
2015-05-08,3.414,3.414,3.414,3.414,0.0
2015-05-11,3.39,3.39,3.39,3.39,0.0
2015-05-12,3.383,3.383,3.383,3.383,0.0
2015-05-13,3.395,3.395,3.395,3.395,0.0
2015-05-14,3.404,3.404,3.404,3.404,0.0
2015-05-15,3.392,3.392,3.392,3.392,0.0
2015-05-18,3.397,3.397,3.397,3.397,0.0
2015-05-19,3.39,3.39,3.39,3.39,0.0
2015-05-20,3.388,3.388,3.388,3.388,0.0
2015-05-21,3.387,3.387,3.387,3.387,0.0
2015-05-22,3.377,3.377,3.377,3.377,0.0
2015-05-26,3.378,3.378,3.378,3.378,0.0
2015-05-27,3.373,3.373,3.373,3.373,0.0
2015-05-28,3.362,3.362,3.362,3.362,0.0
2015-05-29,3.352,3.352,3.352,3.352,0.0
2015-06-01,3.349,3.349,3.349,3.349,0.0
2015-06-02,3.346,3.346,3.346,3.346,0.0
2015-06-03,3.339,3.339,3.339,3.339,0.0
2015-06-04,3.34,3.34,3.293,3.293,15.0
2015-06-05,3.254,3.254,3.254,3.254,0.0
2015-06-08,3.262,3.262,3.262,3.262,0.0
2015-06-09,3.28,3.28,3.28,3.28,0.0
2015-06-10,3.295,3.3,3.285,3.285,22.0
2015-06-11,3.312,3.312,3.312,3.312,0.0
2015-06-12,3.313,3.313,3.313,3.313,0.0
2015-06-15,3.331,3.331,3.331,3.331,0.0
2015-06-16,3.347,3.347,3.347,3.347,0.0
2015-06-17,3.346,3.346,3.346,3.346,0.0
2015-06-18,3.318,3.318,3.318,3.318,0.0
2015-06-19,3.345,3.345,3.333,3.333,1.0
2015-06-22,3.316,3.316,3.316,3.316,0.0
2015-06-23,3.318,3.318,3.318,3.318,0.0
2015-06-24,3.319,3.319,3.319,3.319,0.0
2015-06-25,3.32,3.32,3.32,3.32,0.0
2015-06-26,3.321,3.321,3.321,3.321,0.0
2015-06-29,3.331,3.331,3.331,3.331,0.0
2015-06-30,3.343,3.343,3.343,3.343,0.0
2015-07-01,3.344,3.344,3.344,3.344,0.0
2015-07-02,3.352,3.352,3.352,3.352,0.0
2015-07-06,3.313,3.313,3.313,3.313,0.0
2015-07-07,3.304,3.304,3.304,3.304,0.0
2015-07-08,3.317,3.317,3.317,3.317,0.0
2015-07-09,3.345,3.345,3.32,3.32,1.0
2015-07-10,3.321,3.321,3.321,3.321,0.0
2015-07-13,3.323,3.323,3.323,3.323,0.0
2015-07-14,3.34,3.34,3.34,3.34,0.0
2015-07-15,3.37,3.37,3.354,3.354,1.0
2015-07-16,3.327,3.327,3.327,3.327,0.0
2015-07-17,3.334,3.334,3.334,3.334,0.0
2015-07-20,3.327,3.327,3.327,3.327,0.0
2015-07-21,3.326,3.326,3.326,3.326,0.0
2015-07-22,3.326,3.326,3.326,3.326,0.0
2015-07-23,3.306,3.306,3.306,3.306,0.0
2015-07-24,3.306,3.306,3.306,3.306,0.0
2015-07-27,3.327,3.327,3.327,3.327,0.0
2015-07-28,3.326,3.326,3.326,3.326,0.0
2015-07-29,3.322,3.322,3.322,3.322,0.0
2015-07-30,3.301,3.301,3.301,3.301,0.0
2015-07-31,3.265,3.265,3.265,3.265,0.0
2015-08-03,3.243,3.243,3.243,3.243,0.0
2015-08-04,3.216,3.216,3.216,3.216,0.0
2015-08-05,3.215,3.215,3.215,3.215,0.0
2015-08-06,3.214,3.214,3.214,3.214,0.0
2015-08-07,3.22,3.22,3.21,3.21,1.0
2015-08-10,3.208,3.208,3.208,3.208,0.0
2015-08-11,3.194,3.194,3.194,3.194,0.0
2015-08-12,3.202,3.202,3.202,3.202,0.0
2015-08-13,3.196,3.196,3.196,3.196,0.0
2015-08-14,3.2,3.2,3.2,3.2,0.0
2015-08-17,3.184,3.184,3.184,3.184,0.0
2015-08-18,3.181,3.181,3.181,3.181,0.0
2015-08-19,3.15,3.15,3.15,3.15,0.0
2015-08-20,3.145,3.145,3.145,3.145,0.0
2015-08-21,3.116,3.116,3.116,3.116,0.0
2015-08-24,3.072,3.072,3.072,3.072,0.0
2015-08-25,3.051,3.051,3.051,3.051,0.0
2015-08-26,3.061,3.061,3.061,3.061,0.0
2015-08-27,3.074,3.074,3.074,3.074,0.0
2015-08-28,3.096,3.096,3.096,3.096,0.0
2015-08-31,3.09,3.09,3.09,3.09,0.0
2015-09-01,3.102,3.102,3.102,3.102,0.0
2015-09-02,3.087,3.087,3.087,3.087,0.0
2015-09-03,3.088,3.088,3.088,3.088,0.0
2015-09-04,3.081,3.081,3.081,3.081,0.0
2015-09-08,3.087,3.087,3.087,3.087,0.0
2015-09-09,3.102,3.102,3.102,3.102,0.0
2015-09-10,3.105,3.105,3.105,3.105,0.0
2015-09-11,3.076,3.076,3.076,3.076,0.0
2015-09-14,3.087,3.087,3.087,3.087,0.0
2015-09-15,3.089,3.089,3.089,3.089,0.0
2015-09-16,3.064,3.064,3.064,3.064,0.0
2015-09-17,3.037,3.037,3.037,3.037,0.0
2015-09-18,3.022,3.022,3.022,3.022,0.0
2015-09-21,3.014,3.014,3.014,3.014,0.0
2015-09-22,3.006,3.006,3.006,3.006,0.0
2015-09-23,3.014,3.014,3.014,3.014,0.0
2015-09-24,3.05,3.05,3.05,3.05,0.0
2015-09-25,3.014,3.014,3.014,3.014,0.0
2015-09-28,3.011,3.011,3.011,3.011,0.0
2015-09-29,2.97,2.982,2.97,2.982,26.0
2015-09-30,2.95,2.95,2.95,2.95,0.0
2015-10-01,2.918,2.918,2.918,2.918,0.0
2015-10-02,2.937,2.937,2.937,2.937,0.0
2015-10-05,2.951,2.951,2.951,2.951,0.0
2015-10-06,2.973,2.973,2.973,2.973,0.0
2015-10-07,2.975,2.975,2.975,2.975,0.0
2015-10-08,2.975,2.975,2.975,2.975,0.0
2015-10-09,2.981,2.981,2.981,2.981,0.0
2015-10-12,2.991,2.991,2.991,2.991,0.0
2015-10-13,2.985,2.985,2.985,2.985,0.0
2015-10-14,2.986,2.987,2.986,2.987,1.0
2015-10-15,2.972,2.972,2.972,2.972,0.0
2015-10-16,2.969,2.969,2.969,2.969,0.0
2015-10-19,2.975,2.975,2.975,2.975,0.0
2015-10-20,2.997,2.997,2.997,2.997,0.0
2015-10-21,2.97,2.979,2.97,2.979,1.0
2015-10-22,2.968,2.968,2.968,2.968,0.0
2015-10-23,2.95,2.95,2.929,2.929,1.0
2015-10-26,2.882,2.882,2.882,2.882,0.0
2015-10-27,2.878,2.878,2.878,2.878,0.0
2015-10-28,2.874,2.874,2.874,2.874,0.0
2015-10-29,2.858,2.858,2.858,2.858,0.0
2015-10-30,2.88,2.88,2.88,2.88,0.0
2015-11-02,2.885,2.885,2.861,2.861,17.0
2015-11-03,2.882,2.882,2.882,2.882,0.0
2015-11-04,2.895,2.895,2.895,2.895,0.0
2015-11-05,2.908,2.908,2.908,2.908,0.0
2015-11-06,2.906,2.906,2.906,2.906,0.0
2015-11-09,2.895,2.895,2.895,2.895,0.0
2015-11-10,2.898,2.898,2.898,2.898,0.0
2015-11-11,2.884,2.884,2.884,2.884,10.0
2015-11-12,2.876,2.876,2.876,2.876,0.0
2015-11-13,2.896,2.896,2.896,2.896,0.0
2015-11-16,2.906,2.906,2.906,2.906,0.0
2015-11-17,2.898,2.898,2.898,2.898,0.0
2015-11-18,2.855,2.855,2.848,2.848,31.0
2015-11-19,2.81,2.81,2.81,2.81,12.0
2015-11-20,2.773,2.773,2.773,2.773,0.0
2015-11-23,2.796,2.796,2.796,2.796,0.0
2015-11-24,2.802,2.802,2.802,2.802,0.0
2015-11-25,2.817,2.817,2.817,2.817,0.0
2015-11-27,2.799,2.799,2.799,2.799,0.0
2015-11-30,2.826,2.826,2.826,2.826,0.0
2015-12-01,2.833,2.833,2.833,2.833,0.0
2015-12-02,2.857,2.857,2.857,2.857,0.0
2015-12-03,2.857,2.857,2.857,2.857,0.0
2015-12-04,2.864,2.864,2.864,2.864,0.0
2015-12-07,2.849,2.849,2.849,2.849,0.0
2015-12-08,2.858,2.858,2.858,2.858,0.0
2015-12-09,2.879,2.879,2.879,2.879,323.0
2015-12-10,2.901,2.901,2.901,2.901,0.0
2015-12-11,2.915,2.915,2.915,2.915,50.0
2015-12-14,2.901,2.901,2.876,2.876,1.0
2015-12-15,2.851,2.851,2.851,2.851,0.0
2015-12-16,2.876,2.876,2.876,2.876,0.0
2015-12-17,2.876,2.891,2.876,2.891,1.0
2015-12-18,2.9,2.9,2.891,2.891,27.0
2015-12-21,2.896,2.896,2.896,2.896,0.0
2015-12-22,2.881,2.881,2.881,2.881,0.0
2015-12-23,2.882,2.882,2.882,2.882,0.0
2015-12-24,2.882,2.882,2.882,2.882,0.0
2015-12-28,2.909,2.909,2.909,2.909,0.0
2015-12-29,2.893,2.893,2.893,2.893,0.0
2015-12-30,2.881,2.881,2.881,2.881,0.0
2015-12-31,2.886,2.886,2.886,2.886,0.0
2016-01-04,2.87,2.87,2.87,2.87,0.0
2016-01-05,2.855,2.855,2.855,2.855,0.0
2016-01-06,2.858,2.858,2.858,2.858,0.0
2016-01-07,2.889,2.889,2.889,2.889,0.0
2016-01-08,2.92,2.92,2.883,2.883,1.0
2016-01-11,2.848,2.848,2.848,2.848,0.0
2016-01-12,2.819,2.819,2.819,2.819,0.0
2016-01-13,2.839,2.839,2.839,2.839,0.0
2016-01-14,2.843,2.843,2.843,2.843,0.0
2016-01-15,2.829,2.829,2.829,2.829,0.0
2016-01-19,2.831,2.831,2.831,2.831,0.0
2016-01-20,2.836,2.836,2.836,2.836,0.0
2016-01-21,2.847,2.847,2.847,2.847,0.0
2016-01-22,2.846,2.846,2.846,2.846,0.0
2016-01-25,2.839,2.839,2.839,2.839,0.0
2016-01-26,2.831,2.831,2.831,2.831,0.0
2016-01-27,2.83,2.83,2.83,2.83,0.0
2016-01-28,2.845,2.845,2.845,2.845,0.0
2016-01-29,2.846,2.846,2.846,2.846,0.0
2016-02-01,2.801,2.801,2.801,2.801,0.0
2016-02-02,2.745,2.745,2.745,2.745,0.0
2016-02-03,2.782,2.782,2.782,2.782,0.0
2016-02-04,2.79,2.79,2.79,2.79,0.0
2016-02-05,2.784,2.784,2.784,2.784,4.0
2016-02-08,2.745,2.745,2.736,2.736,29.0
2016-02-09,2.712,2.712,2.712,2.712,0.0
2016-02-10,2.682,2.682,2.682,2.682,0.0
2016-02-11,2.647,2.647,2.647,2.647,0.0
2016-02-12,2.647,2.647,2.619,2.619,2.0
2016-02-16,2.583,2.583,2.583,2.583,0.0
2016-02-17,2.575,2.575,2.575,2.575,0.0
2016-02-18,2.556,2.556,2.556,2.556,0.0
2016-02-19,2.514,2.514,2.514,2.514,0.0
2016-02-22,2.514,2.514,2.463,2.463,9.0
2016-02-23,2.46,2.46,2.46,2.46,0.0
2016-02-24,2.474,2.474,2.474,2.474,0.0
2016-02-25,2.448,2.448,2.448,2.448,0.0
2016-02-26,2.471,2.471,2.471,2.471,0.0
2016-02-29,2.522,2.522,2.522,2.522,0.0
2016-03-01,2.568,2.568,2.568,2.568,0.0
2016-03-02,2.575,2.575,2.575,2.575,12.0
2016-03-03,2.587,2.587,2.587,2.587,0.0
2016-03-04,2.586,2.586,2.586,2.586,0.0
2016-03-07,2.593,2.593,2.593,2.593,0.0
2016-03-08,2.599,2.599,2.599,2.599,0.0
2016-03-09,2.63,2.63,2.63,2.63,0.0
2016-03-10,2.663,2.663,2.663,2.663,0.0
2016-03-11,2.7,2.7,2.682,2.682,11.0
2016-03-14,2.672,2.672,2.672,2.672,0.0
2016-03-15,2.669,2.669,2.669,2.669,0.0
2016-03-16,2.674,2.679,2.674,2.679,2.0
2016-03-17,2.688,2.688,2.688,2.688,0.0
2016-03-18,2.682,2.682,2.682,2.682,0.0
2016-03-21,2.669,2.669,2.669,2.669,0.0
2016-03-22,2.694,2.694,2.694,2.694,0.0
2016-03-23,2.705,2.705,2.705,2.705,0.0
2016-03-24,2.723,2.723,2.723,2.723,0.0
2016-03-28,2.778,2.778,2.778,2.778,0.0
2016-03-29,2.799,2.799,2.799,2.799,0.0
2016-03-30,2.799,2.799,2.799,2.799,0.0
2016-03-31,2.78,2.78,2.78,2.78,0.0
2016-04-01,2.771,2.771,2.771,2.771,0.0
2016-04-04,2.774,2.781,2.774,2.781,73.0
2016-04-05,2.789,2.789,2.789,2.789,0.0
2016-04-06,2.795,2.795,2.795,2.795,0.0
2016-04-07,2.798,2.798,2.798,2.798,0.0
2016-04-08,2.812,2.812,2.812,2.812,0.0
2016-04-11,2.806,2.806,2.806,2.806,0.0
2016-04-12,2.816,2.816,2.816,2.816,0.0
2016-04-13,2.817,2.817,2.817,2.817,0.0
2016-04-14,2.815,2.815,2.815,2.815,1.0
2016-04-15,2.805,2.805,2.795,2.795,4.0
2016-04-18,2.809,2.809,2.809,2.809,0.0
2016-04-19,2.825,2.825,2.825,2.825,0.0
2016-04-20,2.817,2.817,2.817,2.817,0.0
2016-04-21,2.844,2.844,2.844,2.844,0.0
2016-04-22,2.839,2.839,2.839,2.839,0.0
2016-04-25,2.853,2.853,2.853,2.853,0.0
2016-04-26,2.884,2.884,2.884,2.884,0.0
2016-04-27,2.89,2.89,2.89,2.89,3.0
2016-04-28,2.884,2.884,2.884,2.884,0.0
2016-04-29,2.883,2.883,2.883,2.883,0.0
2016-05-02,2.863,2.863,2.863,2.863,0.0
2016-05-03,2.871,2.871,2.871,2.871,0.0
2016-05-04,2.88,2.88,2.88,2.88,0.0
2016-05-05,2.9,2.9,2.9,2.9,275.0
2016-05-06,2.89,2.89,2.868,2.868,10.0
2016-05-09,2.854,2.854,2.854,2.854,0.0
2016-05-10,2.838,2.838,2.838,2.838,0.0
2016-05-11,2.839,2.839,2.839,2.839,0.0
2016-05-12,2.826,2.826,2.826,2.826,0.0
2016-05-13,2.806,2.806,2.806,2.806,1.0
2016-05-16,2.807,2.807,2.807,2.807,0.0
2016-05-17,2.791,2.791,2.791,2.791,10.0
2016-05-18,2.767,2.767,2.767,2.767,0.0
2016-05-19,2.767,2.793,2.767,2.793,1.0
2016-05-20,2.781,2.781,2.781,2.781,0.0
2016-05-23,2.781,2.794,2.781,2.794,3.0
2016-05-24,2.818,2.818,2.818,2.818,0.0
2016-05-25,2.835,2.864,2.835,2.864,13.0
2016-05-26,2.886,2.886,2.886,2.886,0.0
2016-05-27,2.9,2.9,2.9,2.9,0.0
2016-05-31,2.905,2.905,2.905,2.905,0.0
2016-06-01,2.883,2.883,2.883,2.883,6.0
2016-06-02,2.889,2.889,2.889,2.889,0.0
2016-06-03,2.88,2.88,2.88,2.88,0.0
2016-06-06,2.881,2.881,2.881,2.881,10.0
2016-06-07,2.905,2.905,2.905,2.905,0.0
2016-06-08,2.899,2.899,2.899,2.899,0.0
2016-06-09,2.874,2.874,2.874,2.874,0.0
2016-06-10,2.858,2.858,2.858,2.858,0.0
2016-06-13,2.868,2.868,2.822,2.822,1.0
2016-06-14,2.808,2.808,2.808,2.808,0.0
2016-06-15,2.802,2.802,2.802,2.802,0.0
2016-06-16,2.8,2.804,2.8,2.804,1.0
2016-06-17,2.811,2.811,2.811,2.811,0.0
2016-06-20,2.814,2.814,2.814,2.814,0.0
2016-06-21,2.804,2.804,2.804,2.804,0.0
2016-06-22,2.82,2.82,2.82,2.82,0.0
2016-06-23,2.819,2.819,2.819,2.819,0.0
2016-06-24,2.823,2.823,2.823,2.823,0.0
2016-06-27,2.809,2.809,2.809,2.809,0.0
2016-06-28,2.838,2.838,2.838,2.838,0.0
2016-06-29,2.839,2.839,2.839,2.839,0.0
2016-06-30,2.854,2.854,2.854,2.854,0.0
2016-07-01,2.877,2.877,2.877,2.877,0.0
2016-07-05,2.89,2.89,2.854,2.854,1.0
2016-07-06,2.876,2.876,2.876,2.876,0.0
2016-07-07,2.869,2.869,2.869,2.869,0.0
2016-07-08,2.871,2.871,2.871,2.871,0.0
2016-07-11,2.867,2.867,2.867,2.867,0.0
2016-07-12,2.867,2.867,2.867,2.867,0.0
2016-07-13,2.874,2.874,2.874,2.874,0.0
2016-07-14,2.875,2.875,2.875,2.875,0.0
2016-07-15,2.864,2.864,2.864,2.864,0.0
2016-07-18,2.869,2.869,2.869,2.869,0.0
2016-07-19,2.859,2.859,2.859,2.859,0.0
2016-07-20,2.849,2.849,2.849,2.849,15.0
2016-07-21,2.858,2.858,2.858,2.858,0.0
2016-07-22,2.864,2.864,2.864,2.864,0.0
2016-07-25,2.87,2.87,2.87,2.87,0.0
2016-07-26,2.868,2.868,2.868,2.868,0.0
2016-07-27,2.858,2.858,2.858,2.858,0.0
2016-07-28,2.859,2.859,2.859,2.859,0.0
2016-07-29,2.862,2.862,2.862,2.862,0.0
2016-08-01,2.839,2.839,2.839,2.839,0.0
2016-08-02,2.849,2.849,2.849,2.849,0.0
2016-08-03,2.851,2.851,2.851,2.851,0.0
2016-08-04,2.872,2.872,2.872,2.872,0.0
2016-08-05,2.859,2.859,2.859,2.859,0.0
2016-08-08,2.863,2.863,2.863,2.863,0.0
2016-08-09,2.848,2.848,2.848,2.848,0.0
2016-08-10,2.821,2.821,2.821,2.821,0.0
2016-08-11,2.814,2.814,2.814,2.814,0.0
2016-08-12,2.81,2.81,2.81,2.81,0.0
2016-08-15,2.83,2.83,2.808,2.808,1.0
2016-08-16,2.822,2.822,2.822,2.822,0.0
2016-08-17,2.83,2.83,2.83,2.83,0.0
2016-08-18,2.833,2.833,2.833,2.833,0.0
2016-08-19,2.81,2.81,2.81,2.81,0.0
2016-08-22,2.805,2.807,2.805,2.807,4.0
2016-08-23,2.809,2.809,2.809,2.809,0.0
2016-08-24,2.836,2.836,2.836,2.836,0.0
2016-08-25,2.821,2.821,2.821,2.821,0.0
2016-08-26,2.808,2.808,2.808,2.808,25.0
2016-08-29,2.809,2.809,2.809,2.809,0.0
2016-08-30,2.806,2.806,2.806,2.806,0.0
2016-08-31,2.826,2.826,2.826,2.826,0.0
2016-09-01,2.791,2.791,2.791,2.791,0.0
2016-09-02,2.785,2.785,2.785,2.785,0.0
2016-09-06,2.781,2.781,2.781,2.781,0.0
2016-09-07,2.771,2.771,2.771,2.771,25.0
2016-09-08,2.788,2.788,2.788,2.788,0.0
2016-09-09,2.769,2.769,2.769,2.769,0.0
2016-09-12,2.785,2.785,2.771,2.771,19.0
2016-09-13,2.764,2.764,2.764,2.764,0.0
2016-09-14,2.76,2.768,2.76,2.768,4.0
2016-09-15,2.759,2.759,2.759,2.759,25.0
2016-09-16,2.753,2.753,2.753,2.753,0.0
2016-09-19,2.758,2.758,2.758,2.758,10.0
2016-09-20,2.758,2.758,2.75,2.75,16.0
2016-09-21,2.755,2.755,2.755,2.755,0.0
2016-09-22,2.74,2.74,2.74,2.74,25.0
2016-09-23,2.724,2.724,2.724,2.724,2.0
2016-09-26,2.727,2.727,2.727,2.727,0.0
2016-09-27,2.699,2.699,2.699,2.699,0.0
2016-09-28,2.684,2.684,2.684,2.684,0.0
2016-09-29,2.664,2.664,2.664,2.664,50.0
2016-09-30,2.653,2.653,2.653,2.653,79.0
2016-10-03,2.668,2.668,2.668,2.668,0.0
2016-10-04,2.656,2.656,2.656,2.656,5.0
2016-10-05,2.7,2.7,2.7,2.7,50.0
2016-10-06,2.694,2.694,2.694,2.694,25.0
2016-10-07,2.709,2.709,2.709,2.709,0.0
2016-10-10,2.701,2.701,2.701,2.701,0.0
2016-10-11,2.748,2.748,2.748,2.748,0.0
2016-10-12,2.743,2.743,2.743,2.743,46.0
2016-10-13,2.761,2.761,2.761,2.761,41.0
2016-10-14,2.756,2.756,2.756,2.756,35.0
2016-10-17,2.765,2.765,2.765,2.765,5.0
2016-10-18,2.777,2.777,2.777,2.777,0.0
2016-10-19,2.773,2.773,2.773,2.773,0.0
2016-10-20,2.78,2.78,2.78,2.78,25.0
2016-10-21,2.781,2.781,2.781,2.781,5.0
2016-10-24,2.786,2.788,2.786,2.788,236.0
2016-10-25,2.765,2.765,2.765,2.765,0.0
2016-10-26,2.723,2.723,2.723,2.723,19.0
2016-10-27,2.76,2.76,2.756,2.756,50.0
2016-10-28,2.806,2.806,2.783,2.783,6.0
2016-10-31,2.786,2.786,2.786,2.786,15.0
2016-11-01,2.775,2.793,2.775,2.793,2.0
2016-11-02,2.77,2.77,2.77,2.77,0.0
2016-11-03,2.752,2.752,2.752,2.752,34.0
2016-11-04,2.731,2.731,2.731,2.731,75.0
2016-11-07,2.756,2.786,2.755,2.755,2.0
2016-11-08,2.72,2.729,2.72,2.729,3.0
2016-11-09,2.73,2.73,2.73,2.73,52.0
2016-11-10,2.728,2.728,2.728,2.728,0.0
2016-11-11,2.744,2.744,2.744,2.744,50.0
2016-11-14,2.751,2.751,2.751,2.751,85.0
2016-11-15,2.73,2.73,2.714,2.714,51.0
2016-11-16,2.731,2.731,2.731,2.731,10.0
2016-11-17,2.751,2.751,2.751,2.751,110.0
2016-11-18,2.781,2.781,2.771,2.771,7.0
2016-11-21,2.782,2.782,2.782,2.782,0.0
2016-11-22,2.766,2.766,2.766,2.766,8.0
2016-11-23,2.759,2.764,2.759,2.764,1.0
2016-11-25,2.764,2.764,2.764,2.764,0.0
2016-11-28,2.747,2.747,2.747,2.747,17.0
2016-11-29,2.723,2.723,2.723,2.723,0.0
2016-11-30,2.726,2.726,2.726,2.726,72.0
2016-12-01,2.748,2.748,2.748,2.748,130.0
2016-12-02,2.736,2.736,2.736,2.736,70.0
2016-12-05,2.756,2.756,2.756,2.756,5.0
2016-12-06,2.715,2.715,2.715,2.715,214.0
2016-12-07,2.723,2.723,2.723,2.723,128.0
2016-12-08,2.734,2.734,2.734,2.734,651.0
2016-12-09,2.742,2.742,2.742,2.742,0.0
2016-12-12,2.737,2.737,2.737,2.737,52.0
2016-12-13,2.742,2.742,2.725,2.725,8.0
2016-12-14,2.737,2.737,2.713,2.713,7.0
2016-12-15,2.737,2.737,2.689,2.718,4.0
2016-12-16,2.743,2.743,2.743,2.743,5.0
2016-12-19,2.747,2.747,2.747,2.747,0.0
2016-12-20,2.684,2.684,2.684,2.684,0.0
2016-12-21,2.729,2.729,2.729,2.729,365.0
2016-12-22,2.67,2.683,2.67,2.683,568.0
2016-12-23,2.688,2.688,2.688,2.688,7.0
2016-12-27,2.697,2.697,2.697,2.697,0.0
2016-12-28,2.719,2.719,2.719,2.719,144.0
2016-12-29,2.721,2.721,2.721,2.721,5.0
2016-12-30,2.718,2.718,2.718,2.718,0.0
2017-01-03,2.712,2.712,2.712,2.712,78.0
2017-01-04,2.706,2.706,2.706,2.706,0.0
2017-01-05,2.719,2.719,2.719,2.719,1.0
2017-01-06,2.734,2.734,2.734,2.734,9.0
2017-01-09,2.72,2.72,2.72,2.72,0.0
2017-01-10,2.779,2.779,2.779,2.779,9.0
2017-01-11,2.797,2.797,2.797,2.797,130.0
2017-01-12,2.815,2.815,2.815,2.815,8.0
2017-01-13,2.808,2.808,2.808,2.808,0.0
2017-01-17,2.796,2.796,2.796,2.796,19.0
2017-01-18,2.799,2.799,2.799,2.799,26.0
2017-01-19,2.801,2.801,2.793,2.793,23.0
2017-01-20,2.8,2.8,2.774,2.774,86.0
2017-01-23,2.774,2.774,2.774,2.774,39.0
2017-01-24,2.751,2.751,2.751,2.751,449.0
2017-01-25,2.745,2.745,2.745,2.745,3.0
2017-01-26,2.741,2.741,2.741,2.741,17.0
2017-01-27,2.729,2.729,2.729,2.729,46.0
2017-01-30,2.728,2.728,2.728,2.728,0.0
2017-01-31,2.73,2.73,2.724,2.724,301.0
2017-02-01,2.734,2.734,2.734,2.734,213.0
2017-02-02,2.754,2.754,2.754,2.754,0.0
2017-02-03,2.717,2.717,2.717,2.717,2.0
2017-02-06,2.736,2.736,2.736,2.736,0.0
2017-02-07,2.758,2.758,2.758,2.758,101.0
2017-02-08,2.751,2.751,2.751,2.751,40.0
2017-02-09,2.755,2.755,2.755,2.755,10.0
2017-02-10,2.734,2.734,2.734,2.734,0.0
2017-02-13,2.727,2.727,2.727,2.727,167.0
2017-02-14,2.716,2.716,2.716,2.716,94.0
2017-02-15,2.717,2.717,2.717,2.717,28.0
2017-02-16,2.715,2.715,2.712,2.712,91.0
2017-02-17,2.708,2.708,2.708,2.708,84.0
2017-02-21,2.705,2.705,2.672,2.672,79.0
2017-02-22,2.689,2.689,2.689,2.689,22.0
2017-02-23,2.697,2.697,2.697,2.697,188.0
2017-02-24,2.695,2.695,2.695,2.695,1.0
2017-02-27,2.69,2.69,2.68,2.69,38.0
2017-02-28,2.699,2.699,2.699,2.699,14.0
2017-03-01,2.741,2.741,2.741,2.741,277.0
2017-03-02,2.746,2.746,2.746,2.746,22.0
2017-03-03,2.748,2.748,2.748,2.748,157.0
2017-03-06,2.73,2.73,2.73,2.73,278.0
2017-03-07,2.724,2.724,2.724,2.724,33.0
2017-03-08,2.731,2.731,2.731,2.731,216.0
2017-03-09,2.731,2.737,2.731,2.737,213.0
2017-03-10,2.734,2.734,2.734,2.734,120.0
2017-03-13,2.726,2.726,2.726,2.726,9.0
2017-03-14,2.685,2.685,2.685,2.685,589.0
2017-03-15,2.69,2.69,2.689,2.689,46.0
2017-03-16,2.687,2.687,2.687,2.687,344.0
2017-03-17,2.69,2.69,2.69,2.69,122.0
2017-03-20,2.704,2.704,2.704,2.704,29.0
2017-03-21,2.709,2.709,2.709,2.709,105.0
2017-03-22,2.695,2.705,2.695,2.698,142.0
2017-03-23,2.713,2.713,2.711,2.711,266.0
2017-03-24,2.715,2.715,2.715,2.715,199.0
2017-03-27,2.7,2.716,2.7,2.716,5.0
2017-03-28,2.714,2.714,2.697,2.697,90.0
2017-03-29,2.7,2.719,2.7,2.719,440.0
2017-03-30,2.719,2.719,2.704,2.704,103.0
2017-03-31,2.678,2.678,2.678,2.678,89.0
2017-04-03,2.682,2.682,2.682,2.682,242.0
2017-04-04,2.678,2.69,2.678,2.688,412.0
2017-04-05,2.69,2.701,2.69,2.701,210.0
2017-04-06,2.69,2.69,2.684,2.684,66.0
2017-04-07,2.687,2.687,2.687,2.687,265.0
2017-04-10,2.682,2.682,2.682,2.682,20.0
2017-04-11,2.697,2.697,2.697,2.697,182.0
2017-04-12,2.7,2.7,2.7,2.7,75.0
2017-04-13,2.7,2.718,2.7,2.718,53.0
2017-04-17,2.713,2.713,2.713,2.713,32.0
2017-04-18,2.73,2.73,2.73,2.73,68.0
2017-04-19,2.739,2.743,2.739,2.743,73.0
2017-04-20,2.76,2.767,2.76,2.767,86.0
2017-04-21,2.76,2.76,2.76,2.76,550.0
2017-04-24,2.759,2.759,2.759,2.759,60.0
2017-04-25,2.766,2.78,2.766,2.77,70.0
2017-04-26,2.77,2.77,2.77,2.77,65.0
2017-04-27,2.759,2.762,2.749,2.754,25.0
2017-04-28,2.754,2.754,2.754,2.754,564.0
2017-05-01,2.732,2.732,2.722,2.723,280.0
2017-05-02,2.723,2.724,2.717,2.717,251.0
2017-05-03,2.725,2.731,2.725,2.726,82.0
2017-05-04,2.729,2.729,2.729,2.729,102.0
2017-05-05,2.734,2.747,2.734,2.745,267.0
2017-05-08,2.72,2.72,2.713,2.719,31.0
2017-05-09,2.732,2.732,2.723,2.723,72.0
2017-05-10,2.742,2.742,2.717,2.717,42.0
2017-05-11,2.715,2.717,2.715,2.717,787.0
2017-05-12,2.712,2.715,2.71,2.712,221.0
2017-05-15,2.711,2.715,2.705,2.705,121.0
2017-05-16,2.71,2.71,2.7,2.709,182.0
2017-05-17,2.72,2.724,2.714,2.72,138.0
2017-05-18,2.723,2.727,2.723,2.726,31.0
2017-05-19,2.735,2.735,2.716,2.716,877.0
2017-05-22,2.722,2.722,2.722,2.722,6.0
2017-05-23,2.721,2.721,2.717,2.717,88.0
2017-05-24,2.705,2.705,2.705,2.705,104.0
2017-05-25,2.71,2.712,2.71,2.712,132.0
2017-05-26,2.712,2.715,2.702,2.702,307.0
2017-05-30,2.7,2.701,2.7,2.7,227.0
2017-05-31,2.691,2.691,2.686,2.686,97.0
2017-06-01,2.706,2.706,2.695,2.698,988.0
2017-06-02,2.711,2.712,2.71,2.71,248.0
2017-06-05,2.705,2.705,2.703,2.703,455.0
2017-06-06,2.716,2.716,2.712,2.712,68.0
2017-06-07,2.7,2.716,2.698,2.716,24.0
2017-06-08,2.716,2.722,2.716,2.722,210.0
2017-06-09,2.72,2.72,2.71,2.715,147.0
2017-06-12,2.717,2.717,2.717,2.717,34.0
2017-06-13,2.713,2.73,2.705,2.73,244.0
2017-06-14,2.734,2.745,2.725,2.731,1737.0
2017-06-15,2.731,2.735,2.731,2.735,1851.0
2017-06-16,2.72,2.726,2.72,2.726,473.0
2017-06-19,2.713,2.715,2.703,2.703,155.0
2017-06-20,2.716,2.716,2.716,2.716,1148.0
2017-06-21,2.726,2.728,2.72,2.728,111.0
2017-06-22,2.733,2.733,2.727,2.727,187.0
2017-06-23,2.732,2.732,2.725,2.73,29.0
2017-06-26,2.73,2.73,2.726,2.726,4.0
2017-06-27,2.723,2.73,2.709,2.709,89.0
2017-06-28,2.7,2.703,2.698,2.7,110.0
2017-06-29,2.703,2.703,2.695,2.702,133.0
2017-06-30,2.714,2.715,2.707,2.707,206.0
2017-07-03,2.707,2.707,2.691,2.694,134.0
2017-07-05,2.679,2.68,2.661,2.661,133.0
2017-07-06,2.66,2.66,2.651,2.657,153.0
2017-07-07,2.66,2.66,2.647,2.652,83.0
2017-07-10,2.675,2.675,2.663,2.663,25.0
2017-07-11,2.682,2.684,2.674,2.674,189.0
2017-07-12,2.667,2.675,2.659,2.659,119.0
2017-07-13,2.673,2.686,2.673,2.686,214.0
2017-07-14,2.683,2.691,2.682,2.691,49.0
2017-07-17,2.683,2.698,2.683,2.698,673.0
2017-07-18,2.7,2.709,2.7,2.709,10.0
2017-07-19,2.701,2.701,2.7,2.7,795.0
2017-07-20,2.686,2.699,2.685,2.699,342.0
2017-07-21,2.684,2.685,2.67,2.685,422.0
2017-07-24,2.675,2.68,2.647,2.648,1796.0
2017-07-25,2.667,2.669,2.664,2.664,365.0
2017-07-26,2.66,2.668,2.66,2.668,266.0
2017-07-27,2.672,2.674,2.672,2.673,37.0
2017-07-28,2.682,2.682,2.682,2.682,135.0
2017-07-31,2.655,2.67,2.655,2.669,1469.0
2017-08-01,2.68,2.698,2.667,2.68,592.0
2017-08-02,2.682,2.7,2.682,2.7,611.0
2017-08-03,2.716,2.718,2.706,2.714,168.0
2017-08-04,2.716,2.717,2.698,2.706,182.0
2017-08-07,2.72,2.72,2.714,2.714,27.0
2017-08-08,2.715,2.724,2.713,2.724,253.0
2017-08-09,2.722,2.722,2.718,2.718,215.0
2017-08-10,2.717,2.725,2.717,2.724,630.0
2017-08-11,2.722,2.722,2.718,2.72,372.0
2017-08-14,2.722,2.726,2.712,2.726,333.0
2017-08-15,2.72,2.72,2.702,2.712,384.0
2017-08-16,2.71,2.71,2.696,2.696,299.0
2017-08-17,2.713,2.715,2.704,2.705,296.0
2017-08-18,2.717,2.725,2.705,2.705,38.0
2017-08-21,2.718,2.722,2.713,2.722,118.0
2017-08-22,2.713,2.72,2.712,2.712,851.0
2017-08-23,2.708,2.713,2.708,2.71,257.0
2017-08-24,2.699,2.706,2.699,2.706,601.0
2017-08-25,2.696,2.702,2.695,2.697,112.0
2017-08-28,2.7,2.71,2.7,2.71,157.0
2017-08-29,2.713,2.72,2.713,2.72,312.0
2017-08-30,2.712,2.727,2.712,2.721,312.0
2017-08-31,2.734,2.738,2.731,2.731,393.0
2017-09-01,2.713,2.736,2.713,2.736,494.0
2017-09-05,2.732,2.732,2.726,2.729,608.0
2017-09-06,2.735,2.736,2.732,2.734,522.0
2017-09-07,2.751,2.751,2.73,2.749,1126.0
2017-09-08,2.749,2.749,2.743,2.743,366.0
2017-09-11,2.758,2.762,2.753,2.762,420.0
2017-09-12,2.762,2.77,2.76,2.77,511.0
2017-09-13,2.769,2.77,2.759,2.762,821.0
2017-09-14,2.763,2.77,2.762,2.77,996.0
2017-09-15,2.774,2.777,2.766,2.773,466.0
2017-09-18,2.787,2.789,2.77,2.785,270.0
2017-09-19,2.779,2.782,2.775,2.782,338.0
2017-09-20,2.783,2.783,2.783,2.783,362.0
2017-09-21,2.76,2.768,2.76,2.768,557.0
2017-09-22,2.79,2.79,2.79,2.79,317.0
2017-09-25,2.778,2.781,2.761,2.761,902.0
2017-09-26,2.761,2.768,2.76,2.762,205.0
2017-09-27,2.776,2.776,2.761,2.767,1278.0
2017-09-28,2.761,2.761,2.747,2.756,797.0
2017-09-29,2.745,2.751,2.744,2.748,375.0
2017-10-02,2.727,2.748,2.725,2.748,716.0
2017-10-03,2.744,2.753,2.744,2.751,1682.0
2017-10-04,2.762,2.762,2.751,2.754,2153.0
2017-10-05,2.767,2.767,2.758,2.758,2491.0
2017-10-06,2.742,2.762,2.742,2.754,991.0
2017-10-09,2.769,2.769,2.766,2.768,562.0
2017-10-10,2.771,2.779,2.762,2.779,751.0
2017-10-11,2.77,2.77,2.765,2.765,815.0
2017-10-12,2.769,2.774,2.762,2.768,905.0
2017-10-13,2.772,2.785,2.772,2.781,1027.0
2017-10-16,2.77,2.784,2.77,2.784,2314.0
2017-10-17,2.782,2.786,2.78,2.782,2567.0
2017-10-18,2.775,2.787,2.775,2.787,1912.0
2017-10-19,2.791,2.799,2.769,2.799,2241.0
2017-10-20,2.795,2.798,2.785,2.798,1390.0
2017-10-23,2.785,2.788,2.785,2.786,1128.0
2017-10-24,2.783,2.791,2.772,2.79,2240.0
2017-10-25,2.785,2.787,2.78,2.785,2771.0
2017-10-26,2.79,2.795,2.776,2.794,2005.0
2017-10-27,2.78,2.794,2.78,2.787,801.0
2017-10-30,2.769,2.813,2.764,2.795,610.0
2017-10-31,2.8,2.8,2.78,2.784,706.0
2017-11-01,2.78,2.78,2.765,2.779,420.0
2017-11-02,2.786,2.793,2.784,2.787,614.0
2017-11-03,2.792,2.792,2.782,2.787,581.0
2017-11-06,2.804,2.805,2.788,2.793,2841.0
2017-11-07,2.795,2.795,2.774,2.791,1861.0
2017-11-08,2.795,2.795,2.785,2.791,2699.0
2017-11-09,2.795,2.795,2.787,2.79,1525.0
2017-11-10,2.791,2.794,2.783,2.791,1594.0
2017-11-13,2.8,2.8,2.785,2.795,1591.0
2017-11-14,2.789,2.792,2.78,2.79,1711.0
2017-11-15,2.79,2.794,2.781,2.789,951.0
2017-11-16,2.796,2.809,2.781,2.808,1901.0
2017-11-17,2.809,2.81,2.793,2.797,1425.0
2017-11-20,2.797,2.799,2.79,2.796,1403.0
2017-11-21,2.796,2.8,2.791,2.8,581.0
2017-11-22,2.795,2.795,2.787,2.787,839.0
2017-11-24,2.794,2.794,2.759,2.761,1908.0
2017-11-27,2.792,2.796,2.784,2.785,1066.0
2017-11-28,2.79,2.793,2.786,2.792,2514.0
2017-11-29,2.798,2.799,2.782,2.788,2598.0
2017-11-30,2.781,2.784,2.76,2.765,3199.0
2017-12-01,2.77,2.785,2.743,2.75,1117.0
2017-12-04,2.723,2.723,2.69,2.71,2433.0
2017-12-05,2.706,2.73,2.7,2.73,2803.0
2017-12-06,2.726,2.732,2.71,2.726,1019.0
2017-12-07,2.725,2.728,2.687,2.696,1884.0
2017-12-08,2.715,2.716,2.695,2.706,909.0
2017-12-11,2.719,2.721,2.702,2.717,2638.0
2017-12-12,2.709,2.71,2.67,2.673,1504.0
2017-12-13,2.659,2.685,2.646,2.675,1427.0
2017-12-14,2.662,2.673,2.652,2.673,2168.0
2017-12-15,2.67,2.674,2.62,2.64,2509.0
2017-12-18,2.657,2.687,2.65,2.674,1782.0
2017-12-19,2.656,2.679,2.656,2.666,1275.0
2017-12-20,2.682,2.682,2.616,2.634,2303.0
2017-12-21,2.61,2.621,2.6,2.612,2565.0
2017-12-22,2.611,2.638,2.607,2.638,893.0
2017-12-26,2.672,2.673,2.638,2.639,561.0
2017-12-27,2.636,2.662,2.634,2.657,1860.0
2017-12-28,2.665,2.688,2.665,2.677,2063.0
2017-12-29,2.684,2.696,2.678,2.691,2859.0
2018-01-02,2.694,2.71,2.679,2.695,2806.0
2018-01-03,2.689,2.694,2.66,2.68,2032.0
2018-01-04,2.686,2.693,2.633,2.653,2220.0
2018-01-05,2.64,2.646,2.607,2.642,1427.0
2018-01-08,2.644,2.671,2.624,2.663,2703.0
2018-01-09,2.656,2.694,2.651,2.689,5555.0
2018-01-10,2.685,2.692,2.653,2.692,3831.0
2018-01-11,2.676,2.7,2.659,2.7,4909.0
2018-01-12,2.691,2.7,2.672,2.698,5456.0
2018-01-16,2.697,2.697,2.671,2.696,3731.0
2018-01-17,2.68,2.711,2.679,2.709,6639.0
2018-01-18,2.697,2.712,2.681,2.702,10397.0
2018-01-19,2.703,2.703,2.673,2.681,2594.0
2018-01-22,2.684,2.697,2.662,2.697,2424.0
2018-01-23,2.701,2.709,2.685,2.699,3446.0
2018-01-24,2.695,2.71,2.683,2.7,4020.0
2018-01-25,2.7,2.713,2.68,2.698,2979.0
2018-01-26,2.7,2.701,2.686,2.696,2428.0
2018-01-29,2.663,2.716,2.663,2.704,6800.0
2018-01-30,2.713,2.722,2.696,2.712,3920.0
2018-01-31,2.706,2.71,2.692,2.705,4771.0
2018-02-01,2.699,2.712,2.689,2.705,4854.0
2018-02-02,2.724,2.724,2.701,2.711,1498.0
2018-02-05,2.7,2.714,2.69,2.697,4022.0
2018-02-06,2.694,2.701,2.68,2.691,3128.0
2018-02-07,2.696,2.703,2.671,2.679,2861.0
2018-02-08,2.682,2.7,2.669,2.675,3040.0
2018-02-09,2.665,2.671,2.634,2.648,3547.0
2018-02-12,2.627,2.65,2.626,2.635,5868.0
2018-02-13,2.659,2.661,2.639,2.646,6853.0
2018-02-14,2.659,2.662,2.629,2.643,3629.0
2018-02-15,2.655,2.655,2.615,2.629,5568.0
2018-02-16,2.615,2.636,2.614,2.631,1827.0
2018-02-20,2.645,2.672,2.633,2.641,3385.0
2018-02-21,2.64,2.663,2.61,2.657,1272.0
2018-02-22,2.66,2.666,2.651,2.661,1941.0
2018-02-23,2.644,2.668,2.632,2.658,2502.0
2018-02-26,2.678,2.689,2.647,2.668,2012.0
2018-02-27,2.663,2.672,2.641,2.664,2701.0
2018-02-28,2.663,2.668,2.638,2.643,4222.0
2018-03-01,2.641,2.663,2.629,2.66,4938.0
2018-03-02,2.657,2.67,2.649,2.658,4574.0
2018-03-05,2.668,2.668,2.649,2.666,4187.0
2018-03-06,2.668,2.682,2.662,2.682,8317.0
2018-03-07,2.679,2.694,2.676,2.694,10023.0
2018-03-08,2.687,2.699,2.676,2.694,7092.0
2018-03-09,2.671,2.688,2.671,2.687,12686.0
2018-03-12,2.688,2.713,2.677,2.709,10256.0
2018-03-13,2.704,2.713,2.7,2.713,6396.0
2018-03-14,2.714,2.715,2.676,2.713,7497.0
2018-03-15,2.708,2.717,2.677,2.692,7024.0
2018-03-16,2.683,2.695,2.676,2.694,3380.0
2018-03-19,2.692,2.694,2.671,2.683,2796.0
2018-03-20,2.681,2.693,2.678,2.691,5158.0
2018-03-21,2.695,2.7,2.663,2.668,4376.0
2018-03-22,2.664,2.674,2.653,2.66,5057.0
2018-03-23,2.663,2.663,2.631,2.639,4196.0
2018-03-26,2.63,2.667,2.63,2.644,4576.0
2018-03-27,2.655,2.67,2.645,2.666,8991.0
2018-03-28,2.669,2.669,2.646,2.661,4115.0
2018-03-29,2.666,2.68,2.661,2.665,8564.0
2018-04-02,2.663,2.676,2.638,2.666,5478.0
2018-04-03,2.662,2.681,2.659,2.681,11682.0
2018-04-04,2.683,2.69,2.653,2.677,14918.0
2018-04-05,2.65,2.667,2.638,2.667,8520.0
2018-04-06,2.676,2.682,2.658,2.666,11946.0
2018-04-09,2.657,2.666,2.639,2.665,9959.0
2018-04-10,2.666,2.674,2.639,2.656,12006.0
2018-04-11,2.662,2.668,2.641,2.666,10094.0
2018-04-12,2.66,2.679,2.647,2.679,6124.0
2018-04-13,2.673,2.694,2.665,2.673,9397.0
2018-04-16,2.68,2.7,2.671,2.682,9797.0
2018-04-17,2.669,2.685,2.659,2.675,7027.0
2018-04-18,2.675,2.683,2.653,2.66,9617.0
2018-04-19,2.658,2.663,2.581,2.585,17328.0
2018-04-20,2.591,2.611,2.58,2.602,12219.0
2018-04-23,2.597,2.61,2.588,2.6,6344.0
2018-04-24,2.595,2.619,2.587,2.616,8841.0
2018-04-25,2.616,2.622,2.608,2.621,7770.0
2018-04-26,2.621,2.633,2.612,2.62,11160.0
2018-04-27,2.61,2.615,2.589,2.589,6165.0
2018-04-30,2.584,2.596,2.577,2.586,7320.0
2018-05-01,2.594,2.609,2.588,2.606,9022.0
2018-05-02,2.608,2.609,2.584,2.598,13295.0
2018-05-03,2.593,2.6,2.564,2.575,12133.0
2018-05-04,2.571,2.574,2.551,2.558,4165.0
2018-05-07,2.552,2.575,2.533,2.559,8741.0
2018-05-08,2.559,2.567,2.525,2.536,9561.0
2018-05-09,2.539,2.549,2.524,2.537,5948.0
2018-05-10,2.536,2.568,2.523,2.568,11788.0
2018-05-11,2.564,2.574,2.561,2.568,7891.0
2018-05-14,2.578,2.585,2.566,2.581,11361.0
2018-05-15,2.579,2.588,2.571,2.578,9971.0
2018-05-16,2.572,2.585,2.567,2.582,11214.0
2018-05-17,2.583,2.604,2.574,2.604,14624.0
2018-05-18,2.602,2.618,2.595,2.612,8331.0
2018-05-21,2.617,2.621,2.597,2.611,6546.0
2018-05-22,2.617,2.65,2.615,2.649,14013.0
2018-05-23,2.648,2.669,2.646,2.659,13513.0
2018-05-24,2.662,2.667,2.651,2.663,14254.0
2018-05-25,2.656,2.669,2.643,2.663,11608.0
2018-05-29,2.662,2.676,2.618,2.636,15699.0
2018-05-30,2.629,2.637,2.62,2.628,8403.0
2018-05-31,2.637,2.673,2.636,2.655,18339.0
2018-06-01,2.651,2.669,2.646,2.667,17104.0
2018-06-04,2.661,2.671,2.646,2.652,15430.0
2018-06-05,2.646,2.652,2.624,2.635,12648.0
2018-06-06,2.646,2.649,2.632,2.637,15687.0
2018-06-07,2.638,2.661,2.635,2.654,22066.0
2018-06-08,2.652,2.652,2.626,2.637,9483.0
2018-06-11,2.66,2.665,2.645,2.652,11129.0
2018-06-12,2.662,2.669,2.639,2.655,8768.0
2018-06-13,2.647,2.669,2.647,2.663,11596.0
2018-06-14,2.658,2.671,2.648,2.669,17088.0
2018-06-15,2.669,2.696,2.669,2.691,22119.0
2018-06-18,2.691,2.711,2.669,2.677,14180.0
2018-06-19,2.679,2.681,2.63,2.639,13778.0
2018-06-20,2.652,2.679,2.648,2.679,11493.0
2018-06-21,2.679,2.693,2.67,2.681,11331.0
2018-06-22,2.678,2.684,2.65,2.675,12560.0
2018-06-25,2.66,2.672,2.651,2.67,8585.0
2018-06-26,2.675,2.675,2.658,2.674,7353.0
2018-06-27,2.675,2.697,2.673,2.695,14341.0
2018-06-28,2.693,2.705,2.672,2.679,11672.0
2018-06-29,2.678,2.685,2.661,2.673,13783.0
2018-07-02,2.666,2.667,2.63,2.651,13188.0
2018-07-03,2.648,2.672,2.646,2.663,16447.0
2018-07-05,2.659,2.683,2.644,2.655,18286.0
2018-07-06,2.644,2.661,2.644,2.658,9964.0
2018-07-09,2.646,2.664,2.636,2.647,10537.0
2018-07-10,2.645,2.648,2.627,2.632,14946.0
2018-07-11,2.627,2.661,2.627,2.661,13042.0
2018-07-12,2.656,2.659,2.629,2.635,13569.0
2018-07-13,2.635,2.641,2.605,2.609,12346.0
2018-07-16,2.615,2.62,2.6,2.601,8769.0
2018-07-17,2.605,2.62,2.581,2.586,11774.0
2018-07-18,2.584,2.592,2.576,2.578,17001.0
2018-07-19,2.586,2.603,2.567,2.596,10796.0
2018-07-20,2.592,2.597,2.581,2.583,8170.0
2018-07-23,2.571,2.6,2.57,2.58,11084.0
2018-07-24,2.574,2.594,2.572,2.59,7602.0
2018-07-25,2.595,2.614,2.594,2.61,9035.0
2018-07-26,2.609,2.624,2.587,2.595,16511.0
2018-07-27,2.587,2.62,2.587,2.613,8759.0
2018-07-30,2.617,2.635,2.607,2.635,10984.0
2018-07-31,2.634,2.646,2.608,2.616,19715.0
2018-08-01,2.614,2.618,2.573,2.582,11979.0
2018-08-02,2.569,2.615,2.568,2.605,21563.0
2018-08-03,2.606,2.628,2.604,2.626,25396.0
2018-08-06,2.628,2.635,2.614,2.634,13664.0
2018-08-07,2.636,2.659,2.634,2.657,20307.0
2018-08-08,2.657,2.691,2.651,2.691,26517.0
2018-08-09,2.691,2.699,2.684,2.698,15025.0
2018-08-10,2.692,2.694,2.679,2.691,15338.0
2018-08-13,2.676,2.699,2.667,2.698,13321.0
2018-08-14,2.7,2.718,2.696,2.713,16229.0
2018-08-15,2.71,2.716,2.697,2.706,11577.0
2018-08-16,2.694,2.707,2.675,2.693,15818.0
2018-08-17,2.699,2.72,2.693,2.708,11086.0
2018-08-20,2.695,2.707,2.685,2.701,9480.0
2018-08-21,2.712,2.715,2.695,2.709,16391.0
2018-08-22,2.705,2.714,2.697,2.705,12774.0
2018-08-23,2.698,2.717,2.695,2.713,11027.0
2018-08-24,2.718,2.718,2.68,2.687,10266.0
2018-08-27,2.679,2.687,2.646,2.652,15534.0
2018-08-28,2.65,2.654,2.62,2.632,17811.0
2018-08-29,2.632,2.644,2.621,2.635,19443.0
2018-08-30,2.636,2.644,2.616,2.635,26593.0
2018-08-31,2.643,2.671,2.643,2.662,29644.0
2018-09-04,2.649,2.653,2.602,2.614,38042.0
2018-09-05,2.605,2.62,2.597,2.603,25700.0
2018-09-06,2.599,2.603,2.582,2.585,24084.0
2018-09-07,2.588,2.593,2.575,2.582,20974.0
2018-09-10,2.579,2.603,2.573,2.596,27525.0
2018-09-11,2.596,2.611,2.585,2.608,19618.0
2018-09-12,2.613,2.629,2.606,2.617,16400.0
2018-09-13,2.61,2.632,2.604,2.61,19399.0
2018-09-14,2.606,2.61,2.575,2.582,23419.0
2018-09-17,2.581,2.597,2.581,2.589,21402.0
2018-09-18,2.594,2.626,2.585,2.614,34332.0
2018-09-19,2.613,2.616,2.59,2.604,27522.0
2018-09-20,2.605,2.638,2.596,2.636,25229.0
2018-09-21,2.628,2.637,2.616,2.633,20222.0
2018-09-24,2.625,2.651,2.62,2.644,24273.0
2018-09-25,2.644,2.65,2.63,2.642,32313.0
2018-09-26,2.638,2.649,2.614,2.641,51809.0
2018-09-27,2.637,2.669,2.626,2.642,40336.0
2018-09-28,2.639,2.648,2.613,2.646,26219.0
2018-10-01,2.65,2.674,2.646,2.669,34070.0
2018-10-02,2.675,2.697,2.664,2.697,49764.0
2018-10-03,2.689,2.715,2.688,2.712,36100.0
2018-10-04,2.704,2.719,2.676,2.704,43564.0
2018-10-05,2.702,2.726,2.696,2.713,32493.0
2018-10-08,2.725,2.745,2.712,2.742,35869.0
2018-10-09,2.74,2.761,2.727,2.747,45617.0
2018-10-10,2.757,2.785,2.739,2.752,67351.0
2018-10-11,2.749,2.765,2.72,2.755,56432.0
2018-10-12,2.76,2.776,2.724,2.746,43633.0
2018-10-15,2.737,2.772,2.735,2.754,30038.0
2018-10-16,2.758,2.769,2.734,2.755,33419.0
2018-10-17,2.755,2.767,2.751,2.763,40053.0
2018-10-18,2.759,2.759,2.718,2.732,46659.0
2018-10-19,2.739,2.749,2.711,2.749,42246.0
2018-10-22,2.74,2.743,2.706,2.716,43076.0
2018-10-23,2.712,2.739,2.699,2.735,44466.0
2018-10-24,2.733,2.739,2.7,2.7,37672.0
2018-10-25,2.71,2.717,2.676,2.69,32721.0
2018-10-26,2.683,2.683,2.651,2.676,27359.0
2018-10-29,2.648,2.676,2.64,2.676,21134.0
2018-10-30,2.66,2.699,2.657,2.661,30763.0
2018-10-31,2.671,2.692,2.66,2.685,31110.0
2018-11-01,2.684,2.709,2.659,2.672,43183.0
2018-11-02,2.665,2.68,2.641,2.673,44194.0
2018-11-05,2.722,2.723,2.689,2.72,76879.0
2018-11-06,2.712,2.743,2.703,2.739,40978.0
2018-11-07,2.734,2.746,2.723,2.745,41517.0
2018-11-08,2.743,2.757,2.725,2.752,37578.0
2018-11-09,2.757,2.827,2.75,2.782,93280.0
2018-11-12,2.798,2.863,2.795,2.813,100762.0
2018-11-13,2.847,2.89,2.805,2.839,151753.0
2018-11-14,2.814,2.903,2.776,2.888,173372.0
2018-11-15,2.861,2.894,2.709,2.794,103279.0
2018-11-16,2.735,2.829,2.704,2.793,57852.0
2018-11-19,2.867,3.06,2.822,3.006,79681.0
2018-11-20,3.01,3.013,2.876,2.881,51231.0
2018-11-21,2.946,3.026,2.869,2.872,44053.0
2018-11-23,2.88,2.919,2.798,2.889,25850.0
2018-11-26,2.833,2.895,2.81,2.861,35410.0
2018-11-27,2.861,2.895,2.821,2.871,34357.0
2018-11-28,2.865,2.939,2.852,2.927,46666.0
2018-11-29,2.927,2.95,2.879,2.894,41068.0
2018-11-30,2.906,2.939,2.861,2.887,38378.0
2018-12-03,2.881,2.915,2.834,2.906,42757.0
2018-12-04,2.916,2.985,2.899,2.957,34727.0
2018-12-05,2.987,3.06,2.948,2.981,31023.0
2018-12-06,2.963,2.982,2.924,2.96,22436.0
2018-12-07,2.965,3.037,2.948,2.991,31439.0
2018-12-10,3.03,3.053,2.95,2.977,33547.0
2018-12-11,2.965,3.014,2.947,3.003,37689.0
2018-12-12,2.998,3.002,2.908,2.924,38971.0
2018-12-13,2.919,2.979,2.894,2.905,37879.0
2018-12-14,2.917,2.919,2.87,2.894,40327.0
2018-12-17,2.865,2.896,2.769,2.78,38013.0
2018-12-18,2.8,2.87,2.789,2.854,35332.0
2018-12-19,2.848,2.871,2.796,2.85,31579.0
2018-12-20,2.833,2.9,2.822,2.839,32084.0
2018-12-21,2.864,2.925,2.841,2.921,26205.0
2018-12-24,2.92,2.939,2.802,2.816,17016.0
2018-12-26,2.828,2.869,2.782,2.838,27178.0
2018-12-27,2.852,2.89,2.831,2.885,43731.0
2018-12-28,2.889,2.893,2.804,2.818,38507.0
2018-12-31,2.757,2.803,2.674,2.683,53721.0
2019-01-02,2.684,2.725,2.621,2.627,66105.0
2019-01-03,2.648,2.682,2.601,2.614,41228.0
2019-01-04,2.617,2.692,2.607,2.688,42959.0
2019-01-07,2.665,2.708,2.64,2.677,44309.0
2019-01-08,2.685,2.746,2.685,2.695,49592.0
2019-01-09,2.719,2.733,2.691,2.706,52844.0
2019-01-10,2.71,2.762,2.699,2.706,50185.0
2019-01-11,2.721,2.805,2.718,2.769,59498.0
2019-01-14,2.851,2.922,2.835,2.905,100870.0
2019-01-15,2.91,2.932,2.823,2.846,70248.0
2019-01-16,2.832,2.905,2.794,2.833,78076.0
2019-01-17,2.864,2.904,2.834,2.85,56997.0
2019-01-18,2.849,2.887,2.806,2.883,48554.0
2019-01-22,2.851,2.875,2.81,2.817,67553.0
2019-01-23,2.827,2.879,2.77,2.79,64346.0
2019-01-24,2.804,2.857,2.789,2.844,51471.0
2019-01-25,2.86,2.889,2.806,2.884,55398.0
2019-01-28,2.789,2.84,2.767,2.807,63222.0
2019-01-29,2.814,2.854,2.767,2.847,81717.0
2019-01-30,2.842,2.848,2.803,2.808,47330.0
2019-01-31,2.822,2.834,2.76,2.765,70428.0
2019-02-01,2.789,2.792,2.695,2.699,69123.0
2019-02-04,2.685,2.703,2.641,2.642,55402.0
2019-02-05,2.644,2.687,2.627,2.65,40481.0
2019-02-06,2.676,2.703,2.645,2.657,59887.0
2019-02-07,2.668,2.68,2.565,2.572,139073.0
2019-02-08,2.59,2.636,2.573,2.604,112721.0
2019-02-11,2.642,2.73,2.642,2.659,139017.0
2019-02-12,2.663,2.71,2.635,2.705,123230.0
2019-02-13,2.689,2.689,2.601,2.621,131186.0
2019-02-14,2.638,2.651,2.602,2.61,85145.0
2019-02-15,2.611,2.663,2.589,2.656,84149.0
2019-02-19,2.65,2.7,2.63,2.697,125959.0
2019-02-20,2.693,2.718,2.664,2.669,110046.0
2019-02-21,2.679,2.731,2.673,2.724,130856.0
2019-02-22,2.728,2.747,2.698,2.739,91903.0
2019-02-25,2.772,2.821,2.75,2.815,167372.0
2019-02-26,2.818,2.849,2.76,2.796,143686.0
2019-02-27,2.768,2.812,2.732,2.799,94052.0
2019-02-28,2.808,2.843,2.787,2.812,118344.0
2019-03-01,2.805,2.872,2.78,2.859,134663.0
2019-03-04,2.845,2.888,2.821,2.857,103657.0
2019-03-05,2.856,2.892,2.841,2.884,103057.0
2019-03-06,2.889,2.896,2.822,2.841,119633.0
2019-03-07,2.845,2.871,2.812,2.866,116999.0
2019-03-08,2.865,2.895,2.856,2.865,85877.0
2019-03-11,2.835,2.841,2.766,2.772,136894.0
2019-03-12,2.779,2.798,2.752,2.784,90018.0
2019-03-13,2.791,2.839,2.762,2.82,101209.0
2019-03-14,2.833,2.857,2.824,2.855,85276.0
2019-03-15,2.849,2.856,2.79,2.795,82709.0
2019-03-18,2.786,2.857,2.773,2.85,102225.0
2019-03-19,2.845,2.897,2.835,2.874,109752.0
2019-03-20,2.863,2.872,2.814,2.82,114170.0
2019-03-21,2.83,2.839,2.796,2.821,83786.0
2019-03-22,2.821,2.824,2.721,2.753,92637.0
2019-03-25,2.724,2.766,2.706,2.755,49167.0
2019-03-26,2.759,2.77,2.728,2.74,37149.0
2019-03-27,2.731,2.732,2.671,2.713,9640.0
