DATETIME,OPEN,HIGH,LOW,FINAL,VOLUME
2008-08-28,8.902,8.902,8.902,8.902,0.0
2008-08-29,8.848,8.848,8.848,8.848,0.0
2008-09-02,8.811,8.811,8.811,8.811,0.0
2008-09-03,8.771,8.771,8.771,8.771,0.0
2008-09-04,8.771,8.771,8.771,8.771,0.0
2008-09-05,8.744,8.744,8.744,8.744,0.0
2008-09-08,8.597,8.597,8.597,8.597,0.0
2008-09-09,8.531,8.531,8.531,8.531,0.0
2008-09-10,8.477,8.477,8.477,8.477,0.0
2008-09-11,8.469,8.469,8.469,8.469,0.0
2008-09-12,8.472,8.472,8.472,8.472,0.0
2008-09-15,8.532,8.532,8.532,8.532,0.0
2008-09-16,8.494,8.494,8.494,8.494,0.0
2008-09-17,8.57,8.57,8.57,8.57,0.0
2008-09-18,8.592,8.592,8.592,8.592,0.0
2008-09-19,8.655,8.655,8.655,8.655,0.0
2008-09-22,8.774,8.774,8.774,8.774,0.0
2008-09-23,8.801,8.801,8.801,8.801,0.0
2008-09-24,8.775,8.775,8.775,8.775,0.0
2008-09-25,8.774,8.774,8.774,8.774,0.0
2008-09-26,8.724,8.724,8.724,8.724,0.0
2008-09-29,8.629,8.629,8.629,8.629,0.0
2008-09-30,8.661,8.661,8.661,8.661,0.0
2008-10-01,8.761,8.761,8.761,8.761,0.0
2008-10-02,8.728,8.728,8.728,8.728,0.0
2008-10-03,8.718,8.718,8.718,8.718,0.0
2008-10-06,8.645,8.645,8.645,8.645,0.0
2008-10-07,8.598,8.598,8.598,8.598,0.0
2008-10-08,8.523,8.523,8.523,8.523,0.0
2008-10-09,8.413,8.413,8.413,8.413,0.0
2008-10-10,8.139,8.139,8.139,8.139,0.0
2008-10-13,8.153,8.153,8.153,8.153,0.0
2008-10-14,8.079,8.079,8.079,8.079,0.0
2008-10-15,7.836,7.836,7.836,7.836,0.0
2008-10-16,7.755,7.755,7.755,7.755,0.0
2008-10-17,7.799,7.799,7.799,7.799,0.0
2008-10-20,7.804,7.804,7.804,7.804,0.0
2008-10-21,7.899,7.899,7.899,7.899,0.0
2008-10-22,7.802,7.802,7.802,7.802,0.0
2008-10-23,7.738,7.738,7.738,7.738,0.0
2008-10-24,7.752,7.752,7.752,7.752,0.0
2008-10-27,7.775,7.775,7.775,7.775,0.0
2008-10-28,7.898,7.898,7.898,7.898,0.0
2008-10-29,8.185,8.185,8.185,8.185,0.0
2008-10-30,8.207,8.207,8.207,8.207,0.0
2008-10-31,8.348,8.348,8.348,8.348,0.0
2008-11-03,8.355,8.355,8.355,8.355,0.0
2008-11-04,8.516,8.516,8.516,8.516,0.0
2008-11-05,8.493,8.493,8.493,8.493,0.0
2008-11-06,8.473,8.473,8.473,8.473,0.0
2008-11-07,8.424,8.424,8.424,8.424,0.0
2008-11-10,8.537,8.537,8.537,8.537,0.0
2008-11-11,8.401,8.401,8.401,8.401,0.0
2008-11-12,8.311,8.311,8.311,8.311,0.0
2008-11-13,8.32,8.32,8.32,8.32,0.0
2008-11-14,8.436,8.436,8.436,8.436,0.0
2008-11-17,8.546,8.546,8.546,8.546,0.0
2008-11-18,8.48,8.48,8.48,8.48,0.0
2008-11-19,8.426,8.426,8.426,8.426,0.0
2008-11-20,8.227,8.227,8.227,8.227,0.0
2008-11-21,8.25,8.25,8.25,8.25,0.0
2008-11-24,8.37,8.37,8.37,8.37,0.0
2008-11-25,8.238,8.238,8.238,8.238,0.0
2008-11-26,8.442,8.442,8.442,8.442,0.0
2008-11-28,8.32,8.32,8.32,8.32,0.0
2008-12-01,8.324,8.324,8.324,8.324,0.0
2008-12-02,8.193,8.193,8.193,8.193,0.0
2008-12-03,8.18,8.18,8.18,8.18,0.0
2008-12-04,8.092,8.092,8.092,8.092,0.0
2008-12-05,7.932,7.932,7.932,7.932,0.0
2008-12-08,7.881,7.881,7.881,7.881,0.0
2008-12-09,7.951,7.951,7.951,7.951,0.0
2008-12-10,8.063,8.063,8.063,8.063,0.0
2008-12-11,8.032,8.032,8.032,8.032,0.0
2008-12-12,7.866,7.866,7.866,7.866,0.0
2008-12-15,7.886,7.886,7.886,7.886,0.0
2008-12-16,7.914,7.914,7.914,7.914,0.0
2008-12-17,7.873,7.873,7.873,7.873,0.0
2008-12-18,7.766,7.766,7.766,7.766,0.0
2008-12-19,7.607,7.607,7.607,7.607,0.0
2008-12-22,7.487,7.487,7.487,7.487,0.0
2008-12-23,7.45,7.45,7.45,7.45,0.0
2008-12-24,7.449,7.449,7.449,7.449,0.0
2008-12-26,7.4,7.4,7.4,7.4,0.0
2008-12-29,7.397,7.397,7.397,7.397,0.0
2008-12-30,7.293,7.293,7.293,7.293,0.0
2008-12-31,7.32,7.32,7.32,7.32,0.0
2009-01-02,7.469,7.469,7.469,7.469,0.0
2009-01-05,7.545,7.545,7.545,7.545,0.0
2009-01-06,7.613,7.613,7.613,7.613,0.0
2009-01-07,7.599,7.599,7.599,7.599,0.0
2009-01-08,7.564,7.564,7.564,7.564,0.0
2009-01-09,7.583,7.583,7.583,7.583,0.0
2009-01-12,7.652,7.652,7.652,7.652,0.0
2009-01-13,7.632,7.632,7.632,7.632,0.0
2009-01-14,7.573,7.573,7.573,7.573,0.0
2009-01-15,7.44,7.44,7.44,7.44,0.0
2009-01-16,7.432,7.432,7.432,7.432,0.0
2009-01-20,7.446,7.446,7.446,7.446,0.0
2009-01-21,7.453,7.453,7.453,7.453,0.0
2009-01-22,7.504,7.504,7.504,7.504,0.0
2009-01-23,7.49,7.49,7.49,7.49,0.0
2009-01-26,7.603,7.603,7.603,7.603,0.0
2009-01-27,7.656,7.656,7.656,7.656,0.0
2009-01-28,7.63,7.63,7.63,7.63,0.0
2009-01-29,7.669,7.669,7.669,7.669,0.0
2009-01-30,7.604,7.604,7.604,7.604,0.0
2009-02-02,7.602,7.602,7.602,7.602,0.0
2009-02-03,7.683,7.683,7.683,7.683,0.0
2009-02-04,7.752,7.752,7.752,7.752,0.0
2009-02-05,7.768,7.768,7.768,7.768,0.0
2009-02-06,7.689,7.689,7.689,7.689,0.0
2009-02-09,7.729,7.729,7.729,7.729,0.0
2009-02-10,7.635,7.635,7.635,7.635,0.0
2009-02-11,7.622,7.622,7.622,7.622,0.0
2009-02-12,7.584,7.584,7.584,7.584,0.0
2009-02-13,7.594,7.594,7.594,7.594,0.0
2009-02-17,7.492,7.492,7.492,7.492,0.0
2009-02-18,7.367,7.367,7.367,7.367,0.0
2009-02-19,7.279,7.279,7.279,7.279,0.0
2009-02-20,7.331,7.331,7.331,7.331,0.0
2009-02-23,7.384,7.384,7.384,7.384,0.0
2009-02-24,7.441,7.441,7.441,7.441,0.0
2009-02-25,7.403,7.403,7.403,7.403,0.0
2009-02-26,7.426,7.426,7.426,7.426,0.0
2009-02-27,7.37,7.37,7.37,7.37,0.0
2009-03-02,7.263,7.263,7.263,7.263,0.0
2009-03-03,7.275,7.275,7.275,7.275,0.0
2009-03-04,7.242,7.242,7.242,7.242,0.0
2009-03-05,7.052,7.052,7.052,7.052,0.0
2009-03-06,6.995,6.995,6.995,6.995,0.0
2009-03-09,7.005,7.005,7.005,7.005,0.0
2009-03-10,7.006,7.006,7.006,7.006,0.0
2009-03-11,6.912,6.912,6.912,6.912,0.0
2009-03-12,6.917,6.917,6.917,6.917,0.0
2009-03-13,6.878,6.878,6.878,6.878,0.0
2009-03-16,6.842,6.842,6.842,6.842,0.0
2009-03-17,6.769,6.769,6.769,6.769,0.0
2009-03-18,6.753,6.753,6.753,6.753,0.0
2009-03-19,6.951,6.951,6.951,6.951,0.0
2009-03-20,7.036,7.036,7.036,7.036,0.0
2009-03-23,7.143,7.143,7.143,7.143,0.0
2009-03-24,7.283,7.283,7.283,7.283,0.0
2009-03-25,7.344,7.344,7.344,7.344,0.0
2009-03-26,7.259,7.259,7.259,7.259,0.0
2009-03-27,7.209,7.209,7.209,7.209,0.0
2009-03-30,7.216,7.216,7.216,7.216,0.0
2009-03-31,7.306,7.306,7.306,7.306,0.0
2009-04-01,7.297,7.297,7.297,7.297,0.0
2009-04-02,7.316,7.316,7.316,7.316,0.0
2009-04-03,7.309,7.309,7.309,7.309,0.0
2009-04-06,7.322,7.322,7.322,7.322,0.0
2009-04-07,7.287,7.287,7.287,7.287,0.0
2009-04-08,7.289,7.289,7.289,7.289,0.0
2009-04-09,7.282,7.282,7.282,7.282,0.0
2009-04-13,7.304,7.304,7.304,7.304,0.0
2009-04-14,7.385,7.385,7.385,7.385,0.0
2009-04-15,7.409,7.409,7.409,7.409,0.0
2009-04-16,7.45,7.45,7.45,7.45,0.0
2009-04-17,7.503,7.503,7.503,7.503,0.0
2009-04-20,7.474,7.474,7.474,7.474,0.0
2009-04-21,7.498,7.498,7.498,7.498,0.0
2009-04-22,7.537,7.537,7.537,7.537,0.0
2009-04-23,7.533,7.533,7.533,7.533,0.0
2009-04-24,7.521,7.521,7.521,7.521,0.0
2009-04-27,7.499,7.499,7.499,7.499,0.0
2009-04-28,7.424,7.424,7.424,7.424,0.0
2009-04-29,7.404,7.404,7.404,7.404,0.0
2009-04-30,7.393,7.393,7.393,7.393,0.0
2009-05-01,7.42,7.42,7.42,7.42,0.0
2009-05-04,7.504,7.504,7.504,7.504,0.0
2009-05-05,7.478,7.478,7.478,7.478,0.0
2009-05-06,7.501,7.501,7.501,7.501,0.0
2009-05-07,7.541,7.541,7.541,7.541,0.0
2009-05-08,7.488,7.488,7.488,7.488,0.0
2009-05-11,7.436,7.436,7.436,7.436,0.0
2009-05-12,7.418,7.418,7.418,7.418,30.0
2009-05-13,7.324,7.324,7.324,7.324,0.0
2009-05-14,7.393,7.393,7.393,7.393,0.0
2009-05-15,7.398,7.398,7.398,7.398,0.0
2009-05-18,7.507,7.507,7.507,7.507,0.0
2009-05-19,7.506,7.506,7.506,7.506,0.0
2009-05-20,7.543,7.543,7.543,7.543,0.0
2009-05-21,7.489,7.489,7.489,7.489,0.0
2009-05-22,7.569,7.569,7.569,7.569,0.0
2009-05-26,7.617,7.617,7.617,7.617,0.0
2009-05-27,7.636,7.636,7.636,7.636,0.0
2009-05-28,7.681,7.681,7.681,7.681,0.0
2009-05-29,7.641,7.641,7.641,7.641,0.0
2009-06-01,7.727,7.727,7.727,7.727,0.0
2009-06-02,7.654,7.654,7.654,7.654,0.0
2009-06-03,7.625,7.625,7.625,7.625,0.0
2009-06-04,7.885,7.885,7.885,7.885,0.0
2009-06-05,7.982,7.982,7.982,7.982,0.0
2009-06-08,8.004,8.004,8.004,8.004,0.0
2009-06-09,8.033,8.033,8.033,8.033,0.0
2009-06-10,7.969,7.969,7.969,7.969,0.0
2009-06-11,8.044,8.044,8.044,8.044,0.0
2009-06-12,7.98,7.98,7.98,7.98,0.0
2009-06-15,7.997,7.997,7.997,7.997,0.0
2009-06-16,7.978,7.978,7.978,7.978,0.0
2009-06-17,7.965,7.965,7.965,7.965,0.0
2009-06-18,7.882,7.882,7.882,7.882,0.0
2009-06-19,7.753,7.753,7.753,7.753,0.0
2009-06-22,7.663,7.663,7.663,7.663,0.0
2009-06-23,7.643,7.643,7.643,7.643,0.0
2009-06-24,7.672,7.672,7.672,7.672,0.0
2009-06-25,7.727,7.727,7.727,7.727,0.0
2009-06-26,7.796,7.796,7.796,7.796,0.0
2009-06-29,7.751,7.751,7.751,7.751,0.0
2009-06-30,7.775,7.775,7.775,7.775,0.0
2009-07-01,7.8,7.8,7.8,7.8,0.0
2009-07-02,7.807,7.807,7.807,7.807,0.0
2009-07-06,7.807,7.807,7.807,7.807,0.0
2009-07-07,7.784,7.784,7.784,7.784,0.0
2009-07-08,7.717,7.717,7.717,7.717,0.0
2009-07-09,7.712,7.712,7.712,7.712,0.0
2009-07-10,7.641,7.641,7.641,7.641,0.0
2009-07-13,7.542,7.542,7.542,7.542,0.0
2009-07-14,7.565,7.565,7.565,7.565,0.0
2009-07-15,7.514,7.514,7.514,7.514,0.0
2009-07-16,7.622,7.622,7.622,7.622,0.0
2009-07-17,7.55,7.55,7.55,7.55,0.0
2009-07-20,7.558,7.558,7.558,7.558,0.0
2009-07-21,7.525,7.525,7.525,7.525,0.0
2009-07-22,7.462,7.462,7.462,7.462,0.0
2009-07-23,7.466,7.466,7.466,7.466,0.0
2009-07-24,7.57,7.57,7.57,7.57,0.0
2009-07-27,7.554,7.554,7.554,7.554,0.0
2009-07-28,7.532,7.532,7.532,7.532,0.0
2009-07-29,7.459,7.459,7.459,7.459,0.0
2009-07-30,7.553,7.553,7.553,7.553,0.0
2009-07-31,7.531,7.531,7.531,7.531,0.0
2009-08-03,7.666,7.666,7.666,7.666,0.0
2009-08-04,7.61,7.61,7.61,7.61,0.0
2009-08-05,7.626,7.626,7.626,7.626,0.0
2009-08-06,7.551,7.551,7.551,7.551,0.0
2009-08-07,7.542,7.542,7.542,7.542,0.0
2009-08-10,7.562,7.562,7.562,7.562,0.0
2009-08-11,7.551,7.551,7.551,7.551,0.0
2009-08-12,7.561,7.561,7.561,7.561,0.0
2009-08-13,7.55,7.55,7.55,7.55,0.0
2009-08-14,7.524,7.524,7.524,7.524,0.0
2009-08-17,7.466,7.466,7.466,7.466,0.0
2009-08-18,7.428,7.428,7.428,7.428,0.0
2009-08-19,7.433,7.433,7.433,7.433,0.0
2009-08-20,7.424,7.424,7.424,7.424,0.0
2009-08-21,7.47,7.47,7.47,7.47,0.0
2009-08-24,7.523,7.523,7.523,7.523,0.0
2009-08-25,7.464,7.464,7.464,7.464,0.0
2009-08-26,7.453,7.453,7.453,7.453,0.0
2009-08-27,7.471,7.471,7.471,7.471,0.0
2009-08-28,7.448,7.448,7.448,7.448,0.0
2009-08-31,7.38,7.38,7.38,7.38,0.0
2009-09-01,7.28,7.28,7.28,7.28,0.0
2009-09-02,7.287,7.287,7.287,7.287,0.0
2009-09-03,7.234,7.234,7.234,7.234,0.0
2009-09-04,7.205,7.205,7.205,7.205,0.0
2009-09-08,7.281,7.281,7.281,7.281,0.0
2009-09-09,7.264,7.264,7.264,7.264,0.0
2009-09-10,7.445,7.445,7.445,7.445,0.0
2009-09-11,7.365,7.365,7.365,7.365,0.0
2009-09-14,7.446,7.446,7.446,7.446,0.0
2009-09-15,7.398,7.398,7.398,7.398,0.0
2009-09-16,7.57,7.57,7.57,7.57,0.0
2009-09-17,7.413,7.413,7.413,7.413,0.0
2009-09-18,7.573,7.573,7.573,7.573,0.0
2009-09-21,7.507,7.507,7.507,7.507,0.0
2009-09-22,7.607,7.607,7.607,7.607,0.0
2009-09-23,7.608,7.608,7.608,7.608,0.0
2009-09-24,7.601,7.601,7.601,7.601,0.0
2009-09-25,7.609,7.609,7.609,7.609,0.0
2009-09-28,7.561,7.561,7.561,7.561,0.0
2009-09-29,7.514,7.514,7.514,7.514,0.0
2009-09-30,7.496,7.496,7.496,7.496,0.0
2009-10-01,7.52,7.52,7.52,7.52,0.0
2009-10-02,7.598,7.598,7.598,7.598,0.0
2009-10-05,7.552,7.552,7.552,7.552,0.0
2009-10-06,7.509,7.509,7.509,7.509,0.0
2009-10-07,7.567,7.567,7.567,7.567,0.0
2009-10-08,7.599,7.599,7.599,7.599,0.0
2009-10-09,7.549,7.549,7.549,7.549,0.0
2009-10-12,7.649,7.649,7.649,7.649,0.0
2009-10-13,7.573,7.573,7.573,7.573,0.0
2009-10-14,7.612,7.612,7.612,7.612,0.0
2009-10-15,7.677,7.677,7.677,7.677,0.0
2009-10-16,7.81,7.81,7.81,7.81,0.0
2009-10-19,7.842,7.842,7.842,7.842,0.0
2009-10-20,7.831,7.831,7.831,7.831,0.0
2009-10-21,7.777,7.777,7.777,7.777,0.0
2009-10-22,7.729,7.729,7.729,7.729,0.0
2009-10-23,7.72,7.72,7.72,7.72,0.0
2009-10-26,7.616,7.616,7.616,7.616,0.0
2009-10-27,7.651,7.651,7.651,7.651,0.0
2009-10-28,7.807,7.807,7.807,7.807,0.0
2009-10-29,7.824,7.824,7.824,7.824,0.0
2009-10-30,7.863,7.863,7.863,7.863,0.0
2009-11-02,7.803,7.803,7.803,7.803,0.0
2009-11-03,7.848,7.848,7.848,7.848,0.0
2009-11-04,7.794,7.794,7.794,7.794,0.0
2009-11-05,7.84,7.84,7.84,7.84,0.0
2009-11-06,7.769,7.769,7.769,7.769,0.0
2009-11-09,7.804,7.804,7.804,7.804,0.0
2009-11-10,7.712,7.712,7.712,7.712,0.0
2009-11-11,7.678,7.678,7.678,7.678,0.0
2009-11-12,7.469,7.469,7.469,7.469,0.0
2009-11-13,7.361,7.361,7.361,7.361,0.0
2009-11-16,7.328,7.328,7.328,7.328,0.0
2009-11-17,7.32,7.32,7.32,7.32,0.0
2009-11-18,7.241,7.241,7.241,7.241,0.0
2009-11-19,7.295,7.295,7.295,7.295,0.0
2009-11-20,7.324,7.324,7.324,7.324,0.0
2009-11-23,7.405,7.405,7.405,7.405,0.0
2009-11-24,7.375,7.375,7.375,7.375,0.0
2009-11-25,7.623,7.623,7.623,7.623,0.0
2009-11-27,7.62,7.62,7.62,7.62,0.0
2009-11-30,7.534,7.534,7.534,7.534,0.0
2009-12-01,7.547,7.547,7.547,7.547,0.0
2009-12-02,7.566,7.566,7.566,7.566,0.0
2009-12-03,7.521,7.521,7.521,7.521,0.0
2009-12-04,7.615,7.615,7.615,7.615,0.0
2009-12-07,7.854,7.854,7.854,7.854,0.0
2009-12-08,7.755,7.755,7.755,7.755,0.0
2009-12-09,7.608,7.608,7.608,7.608,0.0
2009-12-10,7.647,7.647,7.647,7.647,0.0
2009-12-11,7.599,7.599,7.599,7.599,0.0
2009-12-14,7.672,7.672,7.672,7.672,0.0
2009-12-15,7.708,7.708,7.708,7.708,0.0
2009-12-16,7.703,7.703,7.703,7.703,0.0
2009-12-17,7.609,7.609,7.609,7.609,0.0
2009-12-18,7.528,7.528,7.528,7.528,0.0
2009-12-21,7.461,7.461,7.461,7.461,0.0
2009-12-22,7.462,7.462,7.462,7.462,0.0
2009-12-23,7.431,7.431,7.431,7.431,0.0
2009-12-24,7.415,7.415,7.415,7.415,0.0
2009-12-28,7.469,7.469,7.469,7.469,0.0
2009-12-29,7.408,7.408,7.408,7.408,0.0
2009-12-30,7.434,7.434,7.434,7.434,0.0
2009-12-31,7.455,7.455,7.455,7.455,0.0
2010-01-04,7.554,7.554,7.554,7.554,0.0
2010-01-05,7.498,7.498,7.498,7.498,0.0
2010-01-06,7.491,7.491,7.491,7.491,0.0
2010-01-07,7.405,7.405,7.405,7.405,0.0
2010-01-08,7.425,7.425,7.425,7.425,0.0
2010-01-11,7.411,7.411,7.411,7.411,0.0
2010-01-12,7.386,7.386,7.386,7.386,0.0
2010-01-13,7.397,7.397,7.397,7.397,0.0
2010-01-14,7.402,7.402,7.402,7.402,0.0
2010-01-15,7.408,7.408,7.408,7.408,0.0
2010-01-19,7.324,7.324,7.324,7.324,0.0
2010-01-20,7.342,7.342,7.342,7.342,0.0
2010-01-21,7.389,7.389,7.389,7.389,0.0
2010-01-22,7.425,7.425,7.425,7.425,0.0
2010-01-25,7.415,7.415,7.415,7.415,0.0
2010-01-26,7.401,7.401,7.401,7.401,0.0
2010-01-27,7.336,7.336,7.336,7.336,0.0
2010-01-28,7.32,7.32,7.32,7.32,0.0
2010-01-29,7.355,7.355,7.355,7.355,0.0
2010-02-01,7.43,7.43,7.43,7.43,0.0
2010-02-02,7.477,7.477,7.477,7.477,0.0
2010-02-03,7.451,7.451,7.451,7.451,0.0
2010-02-04,7.419,7.419,7.419,7.419,0.0
2010-02-05,7.431,7.431,7.431,7.431,0.0
2010-02-08,7.378,7.378,7.378,7.378,0.0
2010-02-09,7.347,7.347,7.347,7.347,0.0
2010-02-10,7.382,7.382,7.382,7.382,0.0
2010-02-11,7.377,7.377,7.377,7.377,0.0
2010-02-12,7.324,7.324,7.324,7.324,0.0
2010-02-16,7.26,7.26,7.26,7.26,0.0
2010-02-17,7.227,7.227,7.227,7.227,0.0
2010-02-18,7.192,7.192,7.192,7.192,0.0
2010-02-19,7.159,7.159,7.159,7.159,0.0
2010-02-22,7.175,7.175,7.175,7.175,0.0
2010-02-23,7.145,7.145,7.145,7.145,0.0
2010-02-24,7.136,7.136,7.136,7.136,0.0
2010-02-25,7.123,7.123,7.123,7.123,0.0
2010-02-26,7.125,7.125,7.125,7.125,0.0
2010-03-01,7.09,7.09,7.09,7.09,0.0
2010-03-02,7.072,7.072,7.072,7.072,0.0
2010-03-03,7.051,7.051,7.051,7.051,0.0
2010-03-04,6.941,6.941,6.941,6.941,0.0
2010-03-05,6.947,6.947,6.947,6.947,0.0
2010-03-08,6.958,6.958,6.958,6.958,0.0
2010-03-09,6.948,6.948,6.948,6.948,0.0
2010-03-10,6.985,6.985,6.985,6.985,0.0
2010-03-11,6.965,6.965,6.965,6.965,0.0
2010-03-12,7.066,7.066,7.066,7.066,0.0
2010-03-15,7.084,7.084,7.084,7.084,0.0
2010-03-16,7.148,7.148,7.148,7.148,0.0
2010-03-17,7.25,7.25,7.25,7.25,0.0
2010-03-18,7.316,7.316,7.316,7.316,0.0
2010-03-19,7.606,7.606,7.606,7.606,0.0
2010-03-22,7.557,7.557,7.557,7.557,0.0
2010-03-23,7.398,7.398,7.398,7.398,0.0
2010-03-24,7.299,7.299,7.299,7.299,0.0
2010-03-25,7.446,7.446,7.446,7.446,0.0
2010-03-26,7.358,7.358,7.358,7.358,0.0
2010-03-29,7.341,7.341,7.341,7.341,0.0
2010-03-30,7.431,7.431,7.431,7.431,0.0
2010-03-31,7.515,7.515,7.515,7.515,0.0
2010-04-01,7.556,7.556,7.556,7.556,0.0
2010-04-05,7.656,7.656,7.656,7.656,0.0
2010-04-06,7.54,7.54,7.54,7.54,0.0
2010-04-07,7.521,7.521,7.521,7.521,0.0
2010-04-08,7.466,7.466,7.466,7.466,0.0
2010-04-09,7.569,7.569,7.569,7.569,0.0
2010-04-12,7.528,7.528,7.528,7.528,0.0
2010-04-13,7.592,7.592,7.592,7.592,0.0
2010-04-14,7.632,7.632,7.632,7.632,0.0
2010-04-15,7.537,7.537,7.537,7.537,0.0
2010-04-16,7.513,7.513,7.513,7.513,0.0
2010-04-19,7.51,7.51,7.51,7.51,0.0
2010-04-20,7.589,7.589,7.589,7.589,0.0
2010-04-21,7.625,7.625,7.625,7.625,0.0
2010-04-22,7.706,7.706,7.706,7.706,0.0
2010-04-23,7.732,7.732,7.732,7.732,0.0
2010-04-26,7.709,7.709,7.709,7.709,0.0
2010-04-27,7.693,7.693,7.693,7.693,0.0
2010-04-28,7.699,7.699,7.699,7.699,0.0
2010-04-29,7.59,7.59,7.59,7.59,0.0
2010-04-30,7.574,7.574,7.574,7.574,0.0
2010-05-03,7.649,7.649,7.649,7.649,0.0
2010-05-04,7.723,7.723,7.723,7.723,0.0
2010-05-05,7.775,7.775,7.775,7.775,0.0
2010-05-06,7.767,7.767,7.767,7.767,0.0
2010-05-07,7.784,7.784,7.784,7.784,0.0
2010-05-10,7.814,7.814,7.814,7.814,0.0
2010-05-11,7.831,7.831,7.831,7.831,0.0
2010-05-12,7.871,7.871,7.871,7.871,0.0
2010-05-13,7.813,7.813,7.813,7.813,0.0
2010-05-14,7.706,7.706,7.706,7.706,0.0
2010-05-17,7.668,7.668,7.668,7.668,0.0
2010-05-18,7.603,7.603,7.603,7.603,0.0
2010-05-19,7.513,7.513,7.513,7.513,0.0
2010-05-20,7.478,7.478,7.478,7.478,0.0
2010-05-21,7.394,7.394,7.394,7.394,0.0
2010-05-24,7.368,7.368,7.368,7.368,0.0
2010-05-25,7.395,7.395,7.395,7.395,0.0
2010-05-26,7.37,7.37,7.37,7.37,0.0
2010-05-27,7.368,7.368,7.368,7.368,0.0
2010-05-28,7.333,7.333,7.333,7.333,0.0
2010-06-01,7.206,7.206,7.206,7.206,0.0
2010-06-02,7.22,7.22,7.22,7.22,0.0
2010-06-03,7.2,7.2,7.2,7.2,0.0
2010-06-04,7.134,7.134,7.134,7.134,0.0
2010-06-07,7.142,7.142,7.142,7.142,0.0
2010-06-08,7.102,7.102,7.102,7.102,0.0
2010-06-09,7.111,7.111,7.111,7.111,0.0
2010-06-10,7.178,7.178,7.178,7.178,0.0
2010-06-11,7.143,7.143,7.143,7.143,0.0
2010-06-14,7.05,7.05,7.05,7.05,0.0
2010-06-15,7.056,7.056,7.056,7.056,0.0
2010-06-16,7.179,7.179,7.179,7.179,0.0
2010-06-17,7.263,7.263,7.263,7.263,0.0
2010-06-18,7.342,7.342,7.342,7.342,0.0
2010-06-21,7.31,7.31,7.31,7.31,0.0
2010-06-22,7.327,7.327,7.327,7.327,0.0
2010-06-23,7.383,7.383,7.383,7.383,0.0
2010-06-24,7.393,7.393,7.393,7.393,0.0
2010-06-25,7.393,7.393,7.393,7.393,0.0
2010-06-28,7.301,7.301,7.301,7.301,0.0
2010-06-29,7.238,7.238,7.238,7.238,0.0
2010-06-30,7.219,7.219,7.219,7.219,0.0
2010-07-01,7.219,7.219,7.219,7.219,0.0
2010-07-02,7.143,7.143,7.143,7.143,0.0
2010-07-06,7.133,7.133,7.133,7.133,0.0
2010-07-07,7.249,7.249,7.249,7.249,0.0
2010-07-08,7.263,7.263,7.263,7.263,0.0
2010-07-09,7.286,7.286,7.286,7.286,0.0
2010-07-12,7.265,7.265,7.265,7.265,0.0
2010-07-13,7.2,7.2,7.2,7.2,0.0
2010-07-14,7.293,7.293,7.293,7.293,0.0
2010-07-15,7.355,7.355,7.355,7.355,0.0
2010-07-16,7.158,7.158,7.158,7.158,0.0
2010-07-19,7.143,7.143,7.143,7.143,0.0
2010-07-20,7.153,7.153,7.153,7.153,0.0
2010-07-21,7.151,7.151,7.151,7.151,0.0
2010-07-22,7.145,7.145,7.145,7.145,0.0
2010-07-23,7.066,7.066,7.066,7.066,0.0
2010-07-26,7.019,7.019,7.019,7.019,0.0
2010-07-27,6.842,6.842,6.842,6.842,0.0
2010-07-28,6.768,6.768,6.768,6.768,0.0
2010-07-29,6.56,6.56,6.56,6.56,0.0
2010-07-30,6.406,6.406,6.406,6.406,0.0
2010-08-02,6.462,6.462,6.462,6.462,0.0
2010-08-03,6.416,6.416,6.416,6.416,0.0
2010-08-04,6.434,6.434,6.434,6.434,0.0
2010-08-05,6.294,6.294,6.294,6.294,0.0
2010-08-06,6.165,6.165,6.165,6.165,0.0
2010-08-09,6.058,6.058,6.058,6.058,0.0
2010-08-10,5.948,5.948,5.948,5.948,0.0
2010-08-11,5.945,5.945,5.945,5.945,0.0
2010-08-12,5.964,5.964,5.964,5.964,0.0
2010-08-13,5.945,5.945,5.945,5.945,0.0
2010-08-16,5.817,5.817,5.817,5.817,0.0
2010-08-17,5.791,5.791,5.791,5.791,0.0
2010-08-18,5.909,5.909,5.909,5.909,0.0
2010-08-19,5.957,5.957,5.957,5.957,0.0
2010-08-20,6.066,6.066,6.066,6.066,0.0
2010-08-23,6.136,6.136,6.136,6.136,0.0
2010-08-24,6.146,6.146,6.146,6.146,0.0
2010-08-25,6.189,6.189,6.189,6.189,0.0
2010-08-26,6.323,6.323,6.323,6.323,0.0
2010-08-27,6.3,6.3,6.3,6.3,0.0
2010-08-30,6.261,6.261,6.261,6.261,0.0
2010-08-31,6.235,6.235,6.235,6.235,0.0
2010-09-01,6.189,6.189,6.189,6.189,0.0
2010-09-02,6.119,6.119,6.119,6.119,0.0
2010-09-03,6.157,6.157,6.157,6.157,0.0
2010-09-07,6.172,6.172,6.172,6.172,0.0
2010-09-08,6.204,6.204,6.204,6.204,0.0
2010-09-09,6.26,6.26,6.26,6.26,0.0
2010-09-10,6.3,6.3,6.3,6.3,0.0
2010-09-13,6.267,6.267,6.267,6.267,0.0
2010-09-14,6.214,6.214,6.214,6.214,0.0
2010-09-15,6.202,6.202,6.202,6.202,0.0
2010-09-16,6.037,6.037,6.037,6.037,0.0
2010-09-17,5.909,5.909,5.909,5.909,0.0
2010-09-20,5.851,5.851,5.851,5.851,0.0
2010-09-21,5.794,5.794,5.794,5.794,0.0
2010-09-22,5.804,5.804,5.804,5.804,0.0
2010-09-23,5.869,5.869,5.869,5.869,0.0
2010-09-24,5.862,5.862,5.862,5.862,0.0
2010-09-27,5.825,5.825,5.825,5.825,0.0
2010-09-28,5.883,5.883,5.883,5.883,0.0
2010-09-29,5.856,5.856,5.856,5.856,0.0
2010-09-30,5.839,5.839,5.839,5.839,0.0
2010-10-01,5.918,5.918,5.918,5.918,0.0
2010-10-04,6.049,6.049,6.049,6.049,0.0
2010-10-05,6.084,6.084,6.084,6.084,0.0
2010-10-06,6.129,6.129,6.129,6.129,0.0
2010-10-07,6.2,6.2,6.2,6.2,0.0
2010-10-08,6.215,6.215,6.215,6.215,0.0
2010-10-11,6.172,6.172,6.172,6.172,0.0
2010-10-12,6.145,6.145,6.145,6.145,0.0
2010-10-13,6.136,6.136,6.136,6.136,0.0
2010-10-14,6.154,6.154,6.154,6.154,0.0
2010-10-15,6.105,6.105,6.105,6.105,0.0
2010-10-18,6.101,6.101,6.101,6.101,0.0
2010-10-19,6.08,6.08,6.08,6.08,0.0
2010-10-20,6.071,6.071,6.071,6.071,0.0
2010-10-21,5.922,5.922,5.922,5.922,0.0
2010-10-22,5.851,5.851,5.851,5.851,0.0
2010-10-25,5.95,5.95,5.95,5.95,0.0
2010-10-26,6.158,6.158,6.158,6.158,0.0
2010-10-27,6.203,6.203,6.203,6.203,0.0
2010-10-28,5.943,5.943,5.943,5.943,0.0
2010-10-29,5.822,5.822,5.822,5.822,0.0
2010-11-01,5.882,5.882,5.882,5.882,0.0
2010-11-02,5.94,5.94,5.94,5.94,0.0
2010-11-03,5.914,5.914,5.914,5.914,0.0
2010-11-04,5.909,5.909,5.909,5.909,0.0
2010-11-05,5.916,5.916,5.916,5.916,0.0
2010-11-08,5.93,5.93,5.93,5.93,0.0
2010-11-09,5.925,5.925,5.925,5.925,0.0
2010-11-10,5.993,5.993,5.993,5.993,0.0
2010-11-11,6.055,6.055,6.055,6.055,0.0
2010-11-12,6.042,6.042,6.042,6.042,0.0
2010-11-15,6.113,6.113,6.113,6.113,0.0
2010-11-16,6.077,6.077,6.077,6.077,0.0
2010-11-17,6.084,6.084,6.084,6.084,0.0
2010-11-18,6.139,6.139,6.139,6.139,0.0
2010-11-19,6.159,6.159,6.159,6.159,0.0
2010-11-22,6.228,6.228,6.228,6.228,0.0
2010-11-23,6.208,6.208,6.208,6.208,0.0
2010-11-24,6.156,6.156,6.156,6.156,0.0
2010-11-26,6.164,6.164,6.164,6.164,0.0
2010-11-29,6.129,6.129,6.129,6.129,0.0
2010-11-30,6.159,6.159,6.159,6.159,0.0
2010-12-01,6.157,6.157,6.157,6.157,0.0
2010-12-02,6.149,6.149,6.149,6.149,0.0
2010-12-03,6.149,6.149,6.149,6.149,0.0
2010-12-06,5.993,5.993,5.993,5.993,0.0
2010-12-07,5.962,5.962,5.962,5.962,0.0
2010-12-08,5.969,5.969,5.969,5.969,0.0
2010-12-09,5.848,5.848,5.848,5.848,0.0
2010-12-10,5.835,5.835,5.835,5.835,0.0
2010-12-13,5.865,5.865,5.865,5.865,0.0
2010-12-14,5.91,5.91,5.91,5.91,0.0
2010-12-15,6.061,6.061,6.061,6.061,0.0
2010-12-16,6.059,6.059,6.059,6.059,0.0
2010-12-17,6.111,6.111,6.111,6.111,0.0
2010-12-20,6.088,6.088,6.088,6.088,0.0
2010-12-21,6.064,6.064,6.064,6.064,0.0
2010-12-22,6.043,6.043,6.043,6.043,0.0
2010-12-23,6.056,6.056,6.056,6.056,0.0
2010-12-27,6.07,6.07,6.07,6.07,0.0
2010-12-28,6.072,6.072,6.072,6.072,0.0
2010-12-29,6.042,6.042,6.042,6.042,0.0
2010-12-30,5.992,5.992,5.992,5.992,0.0
2010-12-31,6.014,6.014,6.014,6.014,0.0
2011-01-03,5.955,5.955,5.955,5.955,0.0
2011-01-04,5.979,5.979,5.979,5.979,0.0
2011-01-05,6.05,6.05,6.05,6.05,0.0
2011-01-06,6.033,6.033,6.033,6.033,0.0
2011-01-07,6.062,6.062,6.062,6.062,0.0
2011-01-10,6.079,6.079,6.079,6.079,0.0
2011-01-11,6.115,6.115,6.115,6.115,0.0
2011-01-12,6.044,6.044,6.044,6.044,0.0
2011-01-13,6.061,6.061,6.061,6.061,0.0
2011-01-14,6.128,6.128,6.128,6.128,0.0
2011-01-18,6.137,6.137,6.137,6.137,0.0
2011-01-19,6.103,6.103,6.103,6.103,0.0
2011-01-20,6.089,6.089,6.089,6.089,0.0
2011-01-21,6.078,6.078,6.078,6.078,0.0
2011-01-24,6.071,6.071,6.071,6.071,0.0
2011-01-25,6.117,6.117,6.117,6.117,0.0
2011-01-26,6.145,6.145,6.145,6.145,0.0
2011-01-27,6.203,6.203,6.203,6.203,0.0
2011-01-28,6.094,6.094,6.094,6.094,0.0
2011-01-31,6.109,6.109,6.109,6.109,0.0
2011-02-01,6.129,6.129,6.129,6.129,0.0
2011-02-02,6.152,6.152,6.152,6.152,0.0
2011-02-03,6.161,6.161,6.161,6.161,0.0
2011-02-04,6.172,6.172,6.172,6.172,0.0
2011-02-07,6.184,6.184,6.184,6.184,0.0
2011-02-08,6.228,6.228,6.228,6.228,0.0
2011-02-09,6.223,6.223,6.223,6.223,0.0
2011-02-10,6.213,6.213,6.213,6.213,0.0
2011-02-11,6.203,6.203,6.203,6.203,0.0
2011-02-14,6.186,6.186,6.186,6.186,0.0
2011-02-15,6.234,6.234,6.234,6.234,0.0
2011-02-16,6.339,6.339,6.339,6.339,0.0
2011-02-17,6.369,6.369,6.369,6.369,0.0
2011-02-18,6.378,6.378,6.378,6.378,0.0
2011-02-22,6.413,6.413,6.413,6.413,0.0
2011-02-23,6.395,6.395,6.395,6.395,0.0
2011-02-24,6.37,6.37,6.37,6.37,0.0
2011-02-25,6.383,6.383,6.383,6.383,0.0
2011-02-28,6.405,6.405,6.405,6.405,0.0
2011-03-01,6.472,6.472,6.472,6.472,0.0
2011-03-02,6.453,6.453,6.453,6.453,0.0
2011-03-03,6.448,6.448,6.448,6.448,0.0
2011-03-04,6.543,6.543,6.543,6.543,0.0
2011-03-07,6.555,6.555,6.555,6.555,0.0
2011-03-08,6.549,6.549,6.549,6.549,0.0
2011-03-09,6.523,6.523,6.523,6.523,0.0
2011-03-10,6.53,6.53,6.53,6.53,0.0
2011-03-11,6.534,6.534,6.534,6.534,0.0
2011-03-14,6.591,6.591,6.591,6.591,0.0
2011-03-15,6.864,6.864,6.864,6.864,0.0
2011-03-16,6.869,6.869,6.869,6.869,0.0
2011-03-17,6.841,6.841,6.841,6.841,0.0
2011-03-18,6.785,6.785,6.785,6.785,0.0
2011-03-21,6.703,6.703,6.703,6.703,0.0
2011-03-22,6.744,6.744,6.744,6.744,0.0
2011-03-23,6.771,6.771,6.771,6.771,0.0
2011-03-24,6.765,6.765,6.765,6.765,0.0
2011-03-25,6.863,6.863,6.863,6.863,0.0
2011-03-28,6.849,6.849,6.849,6.849,0.0
2011-03-29,6.79,6.79,6.79,6.79,0.0
2011-03-30,6.823,6.823,6.823,6.823,0.0
2011-03-31,6.903,6.903,6.903,6.903,0.0
2011-04-01,7.01,7.01,7.01,7.01,0.0
2011-04-04,7.029,7.029,7.029,7.029,0.0
2011-04-05,6.925,6.925,6.925,6.925,0.0
2011-04-06,6.927,6.927,6.927,6.927,0.0
2011-04-07,6.959,6.959,6.959,6.959,0.0
2011-04-08,7.02,7.02,7.02,7.02,0.0
2011-04-11,7.045,7.045,7.045,7.045,0.0
2011-04-12,6.983,6.983,6.983,6.983,0.0
2011-04-13,6.945,6.945,6.945,6.945,0.0
2011-04-14,6.932,6.932,6.932,6.932,0.0
2011-04-15,6.957,6.957,6.957,6.957,0.0
2011-04-18,6.947,6.947,6.947,6.947,0.0
2011-04-19,6.889,6.889,6.889,6.889,0.0
2011-04-20,6.803,6.803,6.803,6.803,0.0
2011-04-21,6.743,6.743,6.743,6.743,0.0
2011-04-25,6.745,6.745,6.745,6.745,0.0
2011-04-26,6.774,6.774,6.774,6.774,0.0
2011-04-27,6.741,6.741,6.741,6.741,0.0
2011-04-28,6.738,6.738,6.738,6.738,0.0
2011-04-29,6.676,6.676,6.676,6.676,0.0
2011-05-02,6.698,6.698,6.698,6.698,0.0
2011-05-03,6.768,6.768,6.768,6.768,0.0
2011-05-04,6.787,6.787,6.787,6.787,0.0
2011-05-05,6.706,6.706,6.706,6.706,0.0
2011-05-06,6.65,6.65,6.65,6.65,0.0
2011-05-09,6.663,6.663,6.663,6.663,0.0
2011-05-10,6.739,6.739,6.739,6.739,0.0
2011-05-11,6.783,6.783,6.783,6.783,0.0
2011-05-12,6.792,6.792,6.792,6.792,0.0
2011-05-13,6.782,6.782,6.782,6.782,0.0
2011-05-16,6.775,6.775,6.775,6.775,0.0
2011-05-17,6.744,6.744,6.744,6.744,0.0
2011-05-18,6.758,6.758,6.758,6.758,0.0
2011-05-19,6.681,6.681,6.681,6.681,0.0
2011-05-20,6.728,6.728,6.728,6.728,0.0
2011-05-23,6.867,6.867,6.867,6.867,0.0
2011-05-24,6.79,6.79,6.79,6.79,0.0
2011-05-25,6.799,6.799,6.799,6.799,0.0
2011-05-26,6.769,6.769,6.769,6.769,0.0
2011-05-27,6.805,6.805,6.805,6.805,0.0
2011-05-31,6.715,6.715,6.715,6.715,0.0
2011-06-01,6.691,6.691,6.691,6.691,0.0
2011-06-02,6.578,6.578,6.578,6.578,0.0
2011-06-03,6.527,6.527,6.527,6.527,0.0
2011-06-06,6.471,6.471,6.471,6.471,0.0
2011-06-07,6.478,6.478,6.478,6.478,0.0
2011-06-08,6.494,6.494,6.494,6.494,0.0
2011-06-09,6.405,6.405,6.405,6.405,0.0
2011-06-10,6.431,6.431,6.431,6.431,0.0
2011-06-13,6.404,6.404,6.404,6.404,0.0
2011-06-14,6.513,6.513,6.513,6.513,0.0
2011-06-15,6.537,6.537,6.537,6.537,0.0
2011-06-16,6.529,6.529,6.529,6.529,0.0
2011-06-17,6.568,6.568,6.568,6.568,0.0
2011-06-20,6.566,6.566,6.566,6.566,0.0
2011-06-21,6.435,6.435,6.435,6.435,0.0
2011-06-22,6.448,6.448,6.448,6.448,0.0
2011-06-23,6.427,6.427,6.427,6.427,0.0
2011-06-24,6.45,6.45,6.45,6.45,0.0
2011-06-27,6.439,6.439,6.439,6.439,0.0
2011-06-28,6.443,6.443,6.443,6.443,0.0
2011-06-29,6.415,6.415,6.415,6.415,0.0
2011-06-30,6.412,6.412,6.412,6.412,0.0
2011-07-01,6.412,6.412,6.412,6.412,0.0
2011-07-05,6.354,6.354,6.354,6.354,0.0
2011-07-06,6.354,6.354,6.354,6.354,0.0
2011-07-07,6.382,6.382,6.382,6.382,0.0
2011-07-08,6.449,6.449,6.449,6.449,0.0
2011-07-11,6.489,6.489,6.489,6.489,0.0
2011-07-12,6.489,6.489,6.489,6.489,0.0
2011-07-13,6.489,6.489,6.489,6.489,0.0
2011-07-14,6.467,6.467,6.467,6.467,0.0
2011-07-15,6.469,6.469,6.469,6.469,0.0
2011-07-18,6.449,6.449,6.449,6.449,0.0
2011-07-19,6.341,6.341,6.341,6.341,0.0
2011-07-20,6.292,6.292,6.292,6.292,0.0
2011-07-21,6.323,6.323,6.323,6.323,0.0
2011-07-22,6.299,6.299,6.299,6.299,0.0
2011-07-25,6.284,6.284,6.284,6.284,0.0
2011-07-26,6.279,6.279,6.279,6.279,0.0
2011-07-27,6.292,6.292,6.292,6.292,0.0
2011-07-28,6.318,6.318,6.318,6.318,0.0
2011-07-29,6.302,6.302,6.302,6.302,0.0
2011-08-01,6.356,6.356,6.356,6.356,0.0
2011-08-02,6.32,6.32,6.32,6.32,0.0
2011-08-03,6.271,6.271,6.271,6.271,0.0
2011-08-04,6.129,6.129,6.129,6.129,0.0
2011-08-05,6.066,6.066,6.066,6.066,0.0
2011-08-08,6.043,6.043,6.043,6.043,0.0
2011-08-09,6.019,6.019,6.019,6.019,0.0
2011-08-10,5.991,5.991,5.991,5.991,0.0
2011-08-11,6.044,6.044,6.044,6.044,0.0
2011-08-12,6.057,6.057,6.057,6.057,0.0
2011-08-15,6.121,6.121,6.121,6.121,0.0
2011-08-16,6.213,6.213,6.213,6.213,0.0
2011-08-17,6.18,6.18,6.18,6.18,0.0
2011-08-18,6.17,6.17,6.17,6.17,0.0
2011-08-19,6.208,6.208,6.208,6.208,0.0
2011-08-22,6.18,6.18,6.18,6.18,0.0
2011-08-23,6.198,6.198,6.198,6.198,0.0
2011-08-24,6.068,6.068,6.068,6.068,0.0
2011-08-25,6.059,6.059,6.059,6.059,0.0
2011-08-26,6.056,6.056,6.056,6.056,0.0
2011-08-29,6.025,6.025,6.025,6.025,0.0
2011-08-30,6.041,6.041,6.041,6.041,0.0
2011-08-31,6.067,6.067,6.067,6.067,0.0
2011-09-01,6.128,6.128,6.128,6.128,0.0
2011-09-02,6.108,6.108,6.108,6.108,0.0
2011-09-06,6.111,6.111,6.111,6.111,0.0
2011-09-07,6.078,6.078,6.078,6.078,0.0
2011-09-08,6.068,6.068,6.068,6.068,0.0
2011-09-09,6.015,6.015,6.015,6.015,0.0
2011-09-12,5.988,5.988,5.988,5.988,0.0
2011-09-13,6.01,6.01,6.01,6.01,0.0
2011-09-14,5.972,5.972,5.972,5.972,0.0
2011-09-15,5.952,5.952,5.952,5.952,0.0
2011-09-16,5.972,5.972,5.972,5.972,0.0
2011-09-19,5.962,5.962,5.962,5.962,0.0
2011-09-20,6.004,6.004,6.004,6.004,0.0
2011-09-21,6.004,6.004,6.004,6.004,0.0
2011-09-22,5.872,5.872,5.872,5.872,0.0
2011-09-23,5.878,5.878,5.878,5.878,0.0
2011-09-26,5.925,5.925,5.925,5.925,0.0
2011-09-27,6.007,6.007,6.007,6.007,0.0
2011-09-28,6.013,6.013,6.013,6.013,0.0
2011-09-29,5.994,5.994,5.994,5.994,0.0
2011-09-30,5.981,5.981,5.981,5.981,0.0
2011-10-03,5.967,5.967,5.967,5.967,0.0
2011-10-04,5.908,5.908,5.908,5.908,0.0
2011-10-05,5.881,5.881,5.881,5.881,0.0
2011-10-06,5.826,5.826,5.826,5.826,0.0
2011-10-07,5.788,5.788,5.788,5.788,0.0
2011-10-10,5.777,5.777,5.777,5.777,0.0
2011-10-11,5.747,5.747,5.747,5.747,0.0
2011-10-12,5.736,5.736,5.736,5.736,0.0
2011-10-13,5.763,5.763,5.763,5.763,0.0
2011-10-14,5.825,5.825,5.825,5.825,0.0
2011-10-17,5.812,5.812,5.812,5.812,0.0
2011-10-18,5.789,5.789,5.789,5.789,0.0
2011-10-19,5.791,5.791,5.791,5.791,0.0
2011-10-20,5.79,5.797,5.79,5.797,4.0
2011-10-21,5.799,5.799,5.799,5.799,0.0
2011-10-24,5.796,5.796,5.796,5.796,0.0
2011-10-25,5.832,5.832,5.832,5.832,0.0
2011-10-26,5.874,5.874,5.874,5.874,0.0
2011-10-27,5.879,5.879,5.879,5.879,0.0
2011-10-28,5.987,5.987,5.987,5.987,0.0
2011-10-31,5.987,5.987,5.987,5.987,0.0
2011-11-01,5.917,5.917,5.917,5.917,0.0
2011-11-02,5.876,5.876,5.876,5.876,0.0
2011-11-03,5.954,5.954,5.954,5.954,0.0
2011-11-04,5.944,5.944,5.944,5.944,0.0
2011-11-07,5.922,5.922,5.922,5.922,0.0
2011-11-08,5.885,5.885,5.885,5.885,0.0
2011-11-09,5.857,5.857,5.857,5.857,0.0
2011-11-10,5.807,5.807,5.807,5.807,0.0
2011-11-11,5.737,5.737,5.737,5.737,0.0
2011-11-14,5.715,5.715,5.715,5.715,0.0
2011-11-15,5.725,5.725,5.725,5.725,0.0
2011-11-16,5.7,5.7,5.7,5.7,0.0
2011-11-17,5.652,5.652,5.652,5.652,0.0
2011-11-18,5.611,5.611,5.611,5.611,0.0
2011-11-21,5.626,5.626,5.626,5.626,0.0
2011-11-22,5.605,5.605,5.605,5.605,0.0
2011-11-23,5.577,5.577,5.577,5.577,0.0
2011-11-25,5.616,5.616,5.616,5.616,0.0
2011-11-28,5.562,5.562,5.562,5.562,0.0
2011-11-29,5.668,5.668,5.668,5.668,0.0
2011-11-30,5.653,5.653,5.653,5.653,0.0
2011-12-01,5.64,5.64,5.64,5.64,0.0
2011-12-02,5.641,5.641,5.641,5.641,0.0
2011-12-05,5.641,5.641,5.641,5.641,0.0
2011-12-06,5.61,5.61,5.61,5.61,0.0
2011-12-07,5.624,5.624,5.624,5.624,1.0
2011-12-08,5.594,5.594,5.594,5.594,0.0
2011-12-09,5.54,5.54,5.54,5.54,0.0
2011-12-12,5.502,5.502,5.502,5.502,0.0
2011-12-13,5.421,5.421,5.421,5.421,0.0
2011-12-14,5.408,5.408,5.408,5.408,0.0
2011-12-15,5.37,5.37,5.37,5.37,0.0
2011-12-16,5.39,5.39,5.39,5.39,0.0
2011-12-19,5.387,5.387,5.387,5.387,0.0
2011-12-20,5.399,5.399,5.399,5.399,0.0
2011-12-21,5.356,5.356,5.356,5.356,0.0
2011-12-22,5.371,5.371,5.371,5.371,0.0
2011-12-23,5.356,5.356,5.356,5.356,0.0
2011-12-27,5.356,5.356,5.356,5.356,0.0
2011-12-28,5.336,5.336,5.336,5.336,0.0
2011-12-29,5.336,5.336,5.336,5.336,0.0
2011-12-30,5.336,5.336,5.336,5.336,0.0
2012-01-03,5.335,5.335,5.335,5.335,0.0
2012-01-04,5.344,5.344,5.344,5.344,0.0
2012-01-05,5.363,5.363,5.363,5.363,0.0
2012-01-06,5.403,5.403,5.403,5.403,0.0
2012-01-09,5.384,5.384,5.384,5.384,0.0
2012-01-10,5.346,5.346,5.346,5.346,0.0
2012-01-11,5.366,5.366,5.366,5.366,0.0
2012-01-12,5.343,5.343,5.343,5.343,0.0
2012-01-13,5.334,5.334,5.334,5.334,0.0
2012-01-17,5.293,5.293,5.293,5.293,0.0
2012-01-18,5.204,5.204,5.204,5.204,0.0
2012-01-19,5.149,5.149,5.149,5.149,0.0
2012-01-20,4.99,4.99,4.99,4.99,0.0
2012-01-23,5.007,5.007,5.007,5.007,0.0
2012-01-24,5.043,5.043,5.043,5.043,0.0
2012-01-25,5.074,5.074,5.074,5.074,0.0
2012-01-26,5.022,5.022,5.022,5.022,0.0
2012-01-27,5.059,5.059,5.059,5.059,0.0
2012-01-30,5.034,5.034,5.034,5.034,0.0
2012-01-31,4.989,4.989,4.989,4.989,0.0
2012-02-01,4.948,4.948,4.948,4.948,0.0
2012-02-02,5.044,5.044,5.044,5.044,0.0
2012-02-03,5.068,5.068,5.068,5.068,0.0
2012-02-06,5.127,5.127,5.127,5.127,0.0
2012-02-07,5.035,5.035,5.035,5.035,0.0
2012-02-08,4.994,4.994,4.994,4.994,0.0
2012-02-09,4.901,4.901,4.901,4.901,0.0
2012-02-10,4.969,4.969,4.969,4.969,0.0
2012-02-13,4.969,4.969,4.969,4.969,0.0
2012-02-14,4.983,4.983,4.983,4.983,0.0
2012-02-15,4.987,4.987,4.987,4.987,0.0
2012-02-16,4.955,4.955,4.955,4.955,0.0
2012-02-17,4.975,4.975,4.975,4.975,0.0
2012-02-21,4.944,4.944,4.944,4.944,0.0
2012-02-22,5.027,5.027,5.027,5.027,0.0
2012-02-23,5.042,5.042,5.042,5.042,0.0
2012-02-24,5.013,5.013,5.013,5.013,0.0
2012-02-27,4.961,4.961,4.961,4.961,0.0
2012-02-28,4.926,4.926,4.926,4.926,0.0
2012-02-29,4.936,4.936,4.936,4.936,0.0
2012-03-01,4.895,4.895,4.895,4.895,0.0
2012-03-02,4.934,4.934,4.934,4.934,0.0
2012-03-05,4.861,4.861,4.861,4.861,0.0
2012-03-06,4.789,4.789,4.789,4.789,0.0
2012-03-07,4.744,4.744,4.744,4.744,0.0
2012-03-08,4.745,4.745,4.745,4.745,0.0
2012-03-09,4.852,4.852,4.852,4.852,0.0
2012-03-12,4.831,4.831,4.831,4.831,0.0
2012-03-13,4.88,4.88,4.88,4.88,0.0
2012-03-14,4.961,4.961,4.961,4.961,0.0
2012-03-15,4.961,4.961,4.961,4.961,0.0
2012-03-16,4.947,4.947,4.947,4.947,0.0
2012-03-19,4.966,4.966,4.966,4.966,0.0
2012-03-20,4.935,4.935,4.935,4.935,0.0
2012-03-21,4.925,4.925,4.925,4.925,0.0
2012-03-22,4.912,4.912,4.912,4.912,0.0
2012-03-23,4.918,4.918,4.918,4.918,0.0
2012-03-26,4.924,4.924,4.924,4.924,0.0
2012-03-27,4.92,4.92,4.92,4.92,0.0
2012-03-28,4.932,4.932,4.932,4.932,0.0
2012-03-29,4.879,4.879,4.879,4.879,0.0
2012-03-30,4.947,4.947,4.947,4.947,0.0
2012-04-02,4.96,4.96,4.96,4.96,0.0
2012-04-03,4.96,4.96,4.96,4.96,0.0
2012-04-04,4.946,4.946,4.946,4.946,0.0
2012-04-05,4.905,4.905,4.905,4.905,0.0
2012-04-09,4.925,4.925,4.925,4.925,0.0
2012-04-10,4.904,4.904,4.904,4.904,0.0
2012-04-11,4.853,4.853,4.853,4.853,0.0
2012-04-12,4.767,4.767,4.767,4.767,0.0
2012-04-13,4.755,4.755,4.755,4.755,0.0
2012-04-16,4.725,4.725,4.725,4.725,0.0
2012-04-17,4.664,4.664,4.664,4.664,0.0
2012-04-18,4.642,4.642,4.642,4.642,0.0
2012-04-19,4.617,4.617,4.617,4.617,0.0
2012-04-20,4.56,4.56,4.56,4.56,0.0
2012-04-23,4.529,4.529,4.529,4.529,0.0
2012-04-24,4.563,4.563,4.563,4.563,0.0
2012-04-25,4.472,4.472,4.472,4.472,0.0
2012-04-26,4.496,4.496,4.496,4.496,0.0
2012-04-27,4.543,4.543,4.543,4.543,0.0
2012-04-30,4.583,4.583,4.583,4.583,0.0
2012-05-01,4.585,4.585,4.585,4.585,0.0
2012-05-02,4.588,4.588,4.588,4.588,0.0
2012-05-03,4.596,4.596,4.596,4.596,0.0
2012-05-04,4.588,4.588,4.588,4.588,0.0
2012-05-07,4.598,4.598,4.598,4.598,0.0
2012-05-08,4.591,4.591,4.591,4.591,0.0
2012-05-09,4.62,4.62,4.62,4.62,0.0
2012-05-10,4.606,4.606,4.606,4.606,0.0
2012-05-11,4.586,4.586,4.586,4.586,0.0
2012-05-14,4.594,4.594,4.594,4.594,0.0
2012-05-15,4.636,4.636,4.636,4.636,0.0
2012-05-16,4.664,4.664,4.664,4.664,0.0
2012-05-17,4.654,4.654,4.654,4.654,0.0
2012-05-18,4.7,4.7,4.7,4.7,0.0
2012-05-21,4.638,4.638,4.638,4.638,0.0
2012-05-22,4.679,4.679,4.679,4.679,0.0
2012-05-23,4.663,4.663,4.663,4.663,0.0
2012-05-24,4.667,4.667,4.667,4.667,0.0
2012-05-25,4.712,4.712,4.712,4.712,0.0
2012-05-29,4.668,4.668,4.668,4.668,0.0
2012-05-30,4.626,4.626,4.626,4.626,0.0
2012-05-31,4.681,4.681,4.681,4.681,0.0
2012-06-01,4.641,4.641,4.641,4.641,0.0
2012-06-04,4.643,4.643,4.643,4.643,0.0
2012-06-05,4.588,4.588,4.588,4.588,0.0
2012-06-06,4.583,4.583,4.583,4.583,0.0
2012-06-07,4.562,4.562,4.562,4.562,0.0
2012-06-08,4.583,4.583,4.583,4.583,0.0
2012-06-11,4.546,4.546,4.546,4.546,0.0
2012-06-12,4.546,4.546,4.546,4.546,0.0
2012-06-13,4.527,4.527,4.527,4.527,0.0
2012-06-14,4.557,4.557,4.557,4.557,0.0
2012-06-15,4.483,4.483,4.483,4.483,0.0
2012-06-18,4.446,4.446,4.446,4.446,0.0
2012-06-19,4.476,4.476,4.476,4.476,0.0
2012-06-20,4.476,4.476,4.476,4.476,0.0
2012-06-21,4.451,4.451,4.451,4.451,0.0
2012-06-22,4.443,4.443,4.443,4.443,0.0
2012-06-25,4.47,4.47,4.47,4.47,0.0
2012-06-26,4.515,4.515,4.515,4.515,0.0
2012-06-27,4.533,4.533,4.533,4.533,0.0
2012-06-28,4.531,4.531,4.531,4.531,0.0
2012-06-29,4.529,4.529,4.529,4.529,0.0
2012-07-02,4.54,4.54,4.54,4.54,0.0
2012-07-03,4.576,4.576,4.576,4.576,0.0
2012-07-05,4.579,4.579,4.579,4.579,0.0
2012-07-06,4.531,4.531,4.531,4.531,0.0
2012-07-09,4.595,4.595,4.595,4.595,0.0
2012-07-10,4.588,4.588,4.588,4.588,0.0
2012-07-11,4.635,4.635,4.635,4.635,0.0
2012-07-12,4.624,4.624,4.624,4.624,0.0
2012-07-13,4.627,4.627,4.627,4.627,0.0
2012-07-16,4.578,4.578,4.578,4.578,0.0
2012-07-17,4.61,4.61,4.61,4.61,0.0
2012-07-18,4.67,4.67,4.67,4.67,0.0
2012-07-19,4.639,4.639,4.639,4.639,0.0
2012-07-20,4.661,4.661,4.661,4.661,0.0
2012-07-23,4.67,4.67,4.67,4.67,0.0
2012-07-24,4.707,4.707,4.707,4.707,0.0
2012-07-25,4.714,4.714,4.714,4.714,0.0
2012-07-26,4.757,4.757,4.757,4.757,0.0
2012-07-27,4.759,4.759,4.759,4.759,0.0
2012-07-30,4.827,4.827,4.827,4.827,0.0
2012-07-31,4.787,4.787,4.787,4.787,0.0
2012-08-01,4.752,4.752,4.752,4.752,0.0
2012-08-02,4.632,4.632,4.632,4.632,0.0
2012-08-03,4.604,4.604,4.604,4.604,0.0
2012-08-06,4.759,4.759,4.759,4.759,0.0
2012-08-07,4.762,4.762,4.762,4.762,0.0
2012-08-08,4.923,4.923,4.923,4.923,0.0
2012-08-09,4.828,4.828,4.828,4.828,0.0
2012-08-10,4.765,4.765,4.765,4.765,0.0
2012-08-13,4.738,4.738,4.738,4.738,0.0
2012-08-14,4.78,4.78,4.78,4.78,0.0
2012-08-15,4.834,4.834,4.834,4.834,0.0
2012-08-16,4.807,4.807,4.807,4.807,0.0
2012-08-17,4.805,4.805,4.805,4.805,0.0
2012-08-20,4.844,4.844,4.844,4.844,0.0
2012-08-21,4.813,4.813,4.813,4.813,0.0
2012-08-22,4.804,4.804,4.804,4.804,0.0
2012-08-23,4.787,4.787,4.787,4.787,0.0
2012-08-24,4.744,4.744,4.744,4.744,0.0
2012-08-27,4.719,4.719,4.719,4.719,0.0
2012-08-28,4.664,4.664,4.664,4.664,0.0
2012-08-29,4.69,4.69,4.69,4.69,0.0
2012-08-30,4.697,4.697,4.697,4.697,0.0
2012-08-31,4.686,4.686,4.686,4.686,0.0
2012-09-04,4.691,4.691,4.691,4.691,0.0
2012-09-05,4.681,4.681,4.681,4.681,0.0
2012-09-06,4.669,4.669,4.669,4.669,0.0
2012-09-07,4.629,4.629,4.629,4.629,0.0
2012-09-10,4.645,4.645,4.645,4.645,0.0
2012-09-11,4.685,4.685,4.685,4.685,0.0
2012-09-12,4.76,4.76,4.76,4.76,0.0
2012-09-13,4.755,4.755,4.755,4.755,0.0
2012-09-14,4.745,4.745,4.745,4.745,0.0
2012-09-17,4.726,4.726,4.726,4.726,0.0
2012-09-18,4.786,4.786,4.786,4.786,0.0
2012-09-19,4.786,4.786,4.786,4.786,0.0
2012-09-20,4.79,4.79,4.79,4.79,0.0
2012-09-21,4.849,4.849,4.849,4.849,0.0
2012-09-24,4.833,4.833,4.833,4.833,0.0
2012-09-25,4.859,4.859,4.859,4.859,0.0
2012-09-26,4.873,4.873,4.873,4.873,0.0
2012-09-27,4.897,4.897,4.897,4.897,0.0
2012-09-28,4.909,4.909,4.909,4.909,0.0
2012-10-01,4.938,4.938,4.938,4.938,0.0
2012-10-02,4.906,4.906,4.906,4.906,0.0
2012-10-03,4.884,4.884,4.884,4.884,0.0
2012-10-04,4.895,4.895,4.895,4.895,0.0
2012-10-05,4.945,4.945,4.945,4.945,0.0
2012-10-08,4.984,4.984,4.984,4.984,0.0
2012-10-09,4.99,4.99,4.99,4.99,0.0
2012-10-10,4.974,4.974,4.974,4.974,0.0
2012-10-11,5.002,5.002,5.002,5.002,0.0
2012-10-12,4.963,4.963,4.963,4.963,0.0
2012-10-15,4.929,4.929,4.929,4.929,0.0
2012-10-16,4.935,4.935,4.935,4.935,0.0
2012-10-17,4.983,4.983,4.983,4.983,0.0
2012-10-18,4.965,4.965,4.965,4.965,0.0
2012-10-19,4.963,4.963,4.963,4.963,0.0
2012-10-22,4.95,4.95,4.95,4.95,0.0
2012-10-23,4.986,4.986,4.986,4.986,0.0
2012-10-24,4.969,4.969,4.969,4.969,0.0
2012-10-25,4.999,4.999,4.999,4.999,0.0
2012-10-26,4.992,4.992,4.992,4.992,0.0
2012-10-29,5.061,5.061,5.061,5.061,0.0
2012-10-30,4.992,4.992,4.992,4.992,0.0
2012-10-31,4.993,4.993,4.993,4.993,0.0
2012-11-01,5.0,5.0,5.0,5.0,0.0
2012-11-02,4.899,4.899,4.899,4.899,0.0
2012-11-05,4.866,4.866,4.866,4.866,0.0
2012-11-06,4.915,4.915,4.915,4.915,0.0
2012-11-07,4.891,4.891,4.891,4.891,0.0
2012-11-08,4.934,4.934,4.934,4.934,0.0
2012-11-09,4.873,4.873,4.873,4.873,0.0
2012-11-12,4.923,4.923,4.923,4.923,0.0
2012-11-13,4.962,4.962,4.962,4.962,0.0
2012-11-14,4.929,4.929,4.929,4.929,0.0
2012-11-15,4.862,4.862,4.862,4.862,0.0
2012-11-16,4.86,4.86,4.86,4.86,0.0
2012-11-19,4.825,4.825,4.825,4.825,0.0
2012-11-20,4.866,4.866,4.866,4.866,0.0
2012-11-21,4.855,4.855,4.855,4.855,0.0
2012-11-23,4.842,4.842,4.842,4.842,0.0
2012-11-26,4.806,4.806,4.806,4.806,0.0
2012-11-27,4.836,4.836,4.836,4.836,0.0
2012-11-28,4.828,4.828,4.828,4.828,0.0
2012-11-29,4.741,4.741,4.741,4.741,0.0
2012-11-30,4.722,4.722,4.722,4.722,0.0
2012-12-03,4.756,4.756,4.756,4.756,0.0
2012-12-04,4.731,4.731,4.731,4.731,0.0
2012-12-05,4.791,4.791,4.791,4.791,0.0
2012-12-06,4.778,4.778,4.778,4.778,0.0
2012-12-07,4.755,4.755,4.755,4.755,0.0
2012-12-10,4.757,4.757,4.757,4.757,3.0
2012-12-11,4.73,4.73,4.73,4.73,0.0
2012-12-12,4.724,4.724,4.724,4.724,0.0
2012-12-13,4.731,4.731,4.731,4.731,0.0
2012-12-14,4.727,4.727,4.727,4.727,0.0
2012-12-17,4.768,4.768,4.768,4.768,0.0
2012-12-18,4.872,4.872,4.872,4.872,0.0
2012-12-19,4.842,4.842,4.842,4.842,0.0
2012-12-20,4.908,4.908,4.908,4.908,0.0
2012-12-21,4.89,4.89,4.89,4.89,0.0
2012-12-24,4.853,4.853,4.853,4.853,0.0
2012-12-26,4.873,4.873,4.873,4.873,0.0
2012-12-27,4.856,4.856,4.856,4.856,0.0
2012-12-28,4.851,4.851,4.851,4.851,0.0
2012-12-31,4.81,4.81,4.81,4.81,0.0
2013-01-02,4.774,4.774,4.774,4.774,0.0
2013-01-03,4.769,4.769,4.769,4.769,0.0
2013-01-04,4.817,4.817,4.817,4.817,0.0
2013-01-07,4.798,4.798,4.798,4.798,0.0
2013-01-08,4.776,4.776,4.776,4.776,0.0
2013-01-09,4.746,4.746,4.746,4.746,0.0
2013-01-10,4.768,4.768,4.768,4.768,0.0
2013-01-11,4.741,4.741,4.741,4.741,0.0
2013-01-14,4.728,4.728,4.728,4.728,0.0
2013-01-15,4.735,4.735,4.735,4.735,0.0
2013-01-16,4.735,4.735,4.735,4.735,0.0
2013-01-17,4.729,4.729,4.729,4.729,0.0
2013-01-18,4.76,4.76,4.76,4.76,0.0
2013-01-22,4.754,4.754,4.754,4.754,0.0
2013-01-23,4.789,4.789,4.789,4.789,0.0
2013-01-24,4.76,4.76,4.76,4.76,0.0
2013-01-25,4.78,4.78,4.78,4.78,0.0
2013-01-28,4.72,4.72,4.72,4.72,0.0
2013-01-29,4.691,4.691,4.691,4.691,0.0
2013-01-30,4.715,4.715,4.715,4.715,0.0
2013-01-31,4.706,4.706,4.706,4.706,0.0
2013-02-01,4.652,4.652,4.652,4.652,0.0
2013-02-04,4.672,4.672,4.672,4.672,0.0
2013-02-05,4.709,4.709,4.709,4.709,0.0
2013-02-06,4.709,4.709,4.709,4.709,0.0
2013-02-07,4.683,4.683,4.683,4.683,0.0
2013-02-08,4.728,4.728,4.728,4.728,0.0
2013-02-11,4.738,4.738,4.738,4.738,0.0
2013-02-12,4.738,4.738,4.738,4.738,0.0
2013-02-13,4.772,4.772,4.772,4.772,0.0
2013-02-14,4.746,4.746,4.746,4.746,0.0
2013-02-15,4.727,4.727,4.727,4.727,0.0
2013-02-19,4.773,4.773,4.773,4.773,0.0
2013-02-20,4.751,4.751,4.751,4.751,0.0
2013-02-21,4.724,4.724,4.724,4.724,0.0
2013-02-22,4.721,4.721,4.721,4.721,0.0
2013-02-25,4.732,4.732,4.732,4.732,0.0
2013-02-26,4.733,4.733,4.733,4.733,0.0
2013-02-27,4.726,4.726,4.726,4.726,0.0
2013-02-28,4.747,4.747,4.747,4.747,0.0
2013-03-01,4.755,4.755,4.755,4.755,0.0
2013-03-04,4.801,4.801,4.801,4.801,0.0
2013-03-05,4.793,4.793,4.793,4.793,0.0
2013-03-06,4.763,4.763,4.763,4.763,0.0
2013-03-07,4.793,4.793,4.793,4.793,0.0
2013-03-08,4.789,4.789,4.789,4.789,0.0
2013-03-11,4.782,4.782,4.782,4.782,0.0
2013-03-12,4.752,4.752,4.752,4.752,0.0
2013-03-13,4.757,4.757,4.757,4.757,0.0
2013-03-14,4.749,4.749,4.749,4.749,0.0
2013-03-15,4.752,4.752,4.752,4.752,0.0
2013-03-18,4.737,4.737,4.737,4.737,0.0
2013-03-19,4.762,4.762,4.762,4.762,0.0
2013-03-20,4.751,4.751,4.751,4.751,0.0
2013-03-21,4.688,4.688,4.688,4.688,0.0
2013-03-22,4.68,4.68,4.68,4.68,0.0
2013-03-25,4.646,4.646,4.646,4.646,0.0
2013-03-26,4.658,4.658,4.658,4.658,0.0
2013-03-27,4.643,4.643,4.643,4.643,0.0
2013-03-28,4.61,4.61,4.61,4.61,0.0
2013-04-01,4.599,4.599,4.599,4.599,0.0
2013-04-02,4.562,4.562,4.562,4.562,0.0
2013-04-03,4.565,4.565,4.565,4.565,0.0
2013-04-04,4.577,4.577,4.577,4.577,0.0
2013-04-05,4.554,4.554,4.554,4.554,0.0
2013-04-08,4.488,4.488,4.488,4.488,0.0
2013-04-09,4.374,4.374,4.374,4.374,0.0
2013-04-10,4.322,4.322,4.322,4.322,0.0
2013-04-11,4.401,4.401,4.401,4.401,0.0
2013-04-12,4.55,4.55,4.55,4.55,0.0
2013-04-15,4.559,4.559,4.559,4.559,0.0
2013-04-16,4.619,4.619,4.619,4.619,0.0
2013-04-17,4.623,4.623,4.623,4.623,0.0
2013-04-18,4.616,4.616,4.616,4.616,0.0
2013-04-19,4.617,4.617,4.617,4.617,0.0
2013-04-22,4.595,4.595,4.595,4.595,0.0
2013-04-23,4.583,4.583,4.583,4.583,0.0
2013-04-24,4.499,4.499,4.499,4.499,0.0
2013-04-25,4.485,4.485,4.485,4.485,0.0
2013-04-26,4.487,4.487,4.487,4.487,0.0
2013-04-29,4.5,4.5,4.5,4.5,0.0
2013-04-30,4.489,4.489,4.489,4.489,0.0
2013-05-01,4.474,4.474,4.474,4.474,0.0
2013-05-02,4.467,4.467,4.467,4.467,0.0
2013-05-03,4.504,4.504,4.504,4.504,0.0
2013-05-06,4.538,4.555,4.538,4.555,1.0
2013-05-07,4.554,4.554,4.554,4.554,0.0
2013-05-08,4.538,4.538,4.538,4.538,0.0
2013-05-09,4.51,4.51,4.51,4.51,0.0
2013-05-10,4.492,4.492,4.492,4.492,0.0
2013-05-13,4.502,4.502,4.502,4.502,0.0
2013-05-14,4.533,4.533,4.533,4.533,0.0
2013-05-15,4.515,4.515,4.515,4.515,0.0
2013-05-16,4.512,4.512,4.512,4.512,0.0
2013-05-17,4.669,4.669,4.669,4.669,0.0
2013-05-20,4.802,4.802,4.802,4.802,0.0
2013-05-21,4.854,4.854,4.854,4.854,0.0
2013-05-22,4.886,4.886,4.886,4.886,0.0
2013-05-23,4.874,4.874,4.874,4.874,0.0
2013-05-24,4.865,4.865,4.865,4.865,0.0
2013-05-28,4.854,4.854,4.854,4.854,0.0
2013-05-29,4.845,4.845,4.845,4.845,0.0
2013-05-30,4.805,4.805,4.805,4.805,0.0
2013-05-31,4.815,4.815,4.815,4.815,0.0
2013-06-03,4.824,4.824,4.824,4.824,0.0
2013-06-04,4.803,4.803,4.803,4.803,0.0
2013-06-05,4.775,4.775,4.775,4.775,0.0
2013-06-06,4.72,4.72,4.72,4.72,0.0
2013-06-07,4.733,4.733,4.733,4.733,0.0
2013-06-10,4.717,4.717,4.717,4.717,0.0
2013-06-11,4.642,4.642,4.642,4.642,0.0
2013-06-12,4.616,4.616,4.616,4.616,0.0
2013-06-13,4.63,4.63,4.63,4.63,0.0
2013-06-14,4.605,4.605,4.605,4.605,0.0
2013-06-17,4.646,4.646,4.646,4.646,0.0
2013-06-18,4.689,4.689,4.689,4.689,0.0
2013-06-19,4.671,4.671,4.671,4.671,0.0
2013-06-20,4.623,4.623,4.623,4.623,0.0
2013-06-21,4.636,4.636,4.636,4.636,0.0
2013-06-24,4.736,4.736,4.736,4.736,0.0
2013-06-25,4.782,4.782,4.782,4.782,0.0
2013-06-26,4.829,4.829,4.829,4.829,0.0
2013-06-27,4.768,4.768,4.768,4.768,0.0
2013-06-28,4.8,4.8,4.8,4.8,0.0
2013-07-01,4.735,4.735,4.735,4.735,0.0
2013-07-02,4.77,4.77,4.77,4.77,0.0
2013-07-03,4.792,4.792,4.792,4.792,0.0
2013-07-05,4.751,4.751,4.751,4.751,0.0
2013-07-08,4.796,4.796,4.796,4.796,0.0
2013-07-09,4.723,4.723,4.723,4.723,0.0
2013-07-10,4.709,4.709,4.709,4.709,0.0
2013-07-11,4.705,4.705,4.705,4.705,0.0
2013-07-12,4.7,4.7,4.7,4.7,0.0
2013-07-15,4.721,4.721,4.721,4.721,0.0
2013-07-16,4.72,4.72,4.72,4.72,0.0
2013-07-17,4.722,4.722,4.722,4.722,0.0
2013-07-18,4.68,4.68,4.68,4.68,0.0
2013-07-19,4.634,4.634,4.634,4.634,0.0
2013-07-22,4.61,4.61,4.61,4.61,0.0
2013-07-23,4.581,4.581,4.581,4.581,0.0
2013-07-24,4.6,4.6,4.6,4.6,0.0
2013-07-25,4.625,4.625,4.625,4.625,0.0
2013-07-26,4.585,4.585,4.585,4.585,50.0
2013-07-29,4.585,4.585,4.585,4.585,0.0
2013-07-30,4.552,4.552,4.552,4.552,0.0
2013-07-31,4.57,4.57,4.57,4.57,0.0
2013-08-01,4.561,4.561,4.561,4.561,25.0
2013-08-02,4.546,4.546,4.546,4.546,0.0
2013-08-05,4.551,4.551,4.551,4.551,0.0
2013-08-06,4.529,4.529,4.529,4.529,0.0
2013-08-07,4.538,4.538,4.538,4.538,0.0
2013-08-08,4.552,4.552,4.552,4.552,0.0
2013-08-09,4.517,4.517,4.517,4.517,0.0
2013-08-12,4.487,4.487,4.487,4.487,0.0
2013-08-13,4.466,4.466,4.466,4.466,0.0
2013-08-14,4.438,4.438,4.438,4.438,0.0
2013-08-15,4.466,4.466,4.466,4.466,0.0
2013-08-16,4.448,4.448,4.448,4.448,0.0
2013-08-19,4.459,4.459,4.459,4.459,0.0
2013-08-20,4.449,4.449,4.449,4.449,0.0
2013-08-21,4.419,4.419,4.419,4.419,0.0
2013-08-22,4.456,4.456,4.456,4.456,0.0
2013-08-23,4.426,4.426,4.426,4.426,0.0
2013-08-26,4.411,4.411,4.411,4.411,0.0
2013-08-27,4.399,4.399,4.399,4.399,0.0
2013-08-28,4.405,4.405,4.405,4.405,0.0
2013-08-29,4.415,4.415,4.415,4.415,0.0
2013-08-30,4.427,4.427,4.427,4.427,0.0
2013-09-03,4.436,4.436,4.436,4.436,0.0
2013-09-04,4.408,4.408,4.408,4.408,0.0
2013-09-05,4.379,4.379,4.379,4.379,0.0
2013-09-06,4.371,4.371,4.371,4.371,0.0
2013-09-09,4.366,4.366,4.366,4.366,0.0
2013-09-10,4.373,4.373,4.373,4.373,0.0
2013-09-11,4.36,4.36,4.36,4.36,0.0
2013-09-12,4.352,4.352,4.352,4.352,0.0
2013-09-13,4.372,4.372,4.372,4.372,0.0
2013-09-16,4.374,4.374,4.374,4.374,0.0
2013-09-17,4.349,4.349,4.349,4.349,0.0
2013-09-18,4.394,4.394,4.394,4.394,0.0
2013-09-19,4.424,4.424,4.424,4.424,0.0
2013-09-20,4.41,4.41,4.41,4.41,0.0
2013-09-23,4.369,4.369,4.369,4.369,0.0
2013-09-24,4.359,4.359,4.344,4.344,1.0
2013-09-25,4.339,4.339,4.339,4.339,0.0
2013-09-26,4.405,4.405,4.405,4.405,0.0
2013-09-27,4.42,4.42,4.42,4.42,0.0
2013-09-30,4.375,4.375,4.37,4.37,20.0
2013-10-01,4.385,4.39,4.385,4.39,2.0
2013-10-02,4.349,4.349,4.349,4.349,0.0
2013-10-03,4.345,4.345,4.345,4.345,0.0
2013-10-04,4.362,4.362,4.362,4.362,0.0
2013-10-07,4.381,4.381,4.381,4.381,0.0
2013-10-08,4.39,4.39,4.39,4.39,0.0
2013-10-09,4.378,4.378,4.378,4.378,0.0
2013-10-10,4.383,4.383,4.383,4.383,0.0
2013-10-11,4.363,4.363,4.363,4.363,0.0
2013-10-14,4.38,4.38,4.38,4.38,0.0
2013-10-15,4.343,4.343,4.343,4.343,0.0
2013-10-16,4.31,4.31,4.31,4.31,0.0
2013-10-17,4.334,4.334,4.334,4.334,0.0
2013-10-18,4.345,4.345,4.345,4.345,0.0
2013-10-21,4.33,4.33,4.33,4.33,0.0
2013-10-22,4.313,4.313,4.313,4.313,0.0
2013-10-23,4.319,4.319,4.319,4.319,0.0
2013-10-24,4.335,4.335,4.335,4.335,0.0
2013-10-25,4.366,4.366,4.366,4.366,0.0
2013-10-28,4.319,4.319,4.319,4.319,0.0
2013-10-29,4.32,4.32,4.32,4.32,0.0
2013-10-30,4.306,4.306,4.306,4.306,0.0
2013-10-31,4.265,4.265,4.265,4.265,0.0
2013-11-01,4.22,4.22,4.22,4.22,40.0
2013-11-04,4.186,4.186,4.186,4.186,0.0
2013-11-05,4.192,4.192,4.192,4.192,0.0
2013-11-06,4.202,4.202,4.202,4.202,0.0
2013-11-07,4.201,4.201,4.201,4.201,0.0
2013-11-08,4.198,4.198,4.198,4.198,0.0
2013-11-11,4.212,4.212,4.212,4.212,5.0
2013-11-12,4.204,4.204,4.204,4.204,0.0
2013-11-13,4.188,4.188,4.188,4.188,0.0
2013-11-14,4.187,4.187,4.187,4.187,0.0
2013-11-15,4.181,4.181,4.181,4.181,0.0
2013-11-18,4.185,4.185,4.185,4.185,0.0
2013-11-19,4.15,4.15,4.15,4.15,0.0
2013-11-20,4.193,4.193,4.193,4.193,0.0
2013-11-21,4.185,4.185,4.185,4.185,0.0
2013-11-22,4.191,4.191,4.191,4.191,0.0
2013-11-25,4.202,4.202,4.202,4.202,0.0
2013-11-26,4.204,4.204,4.204,4.204,0.0
2013-11-27,4.206,4.206,4.206,4.206,0.0
2013-11-29,4.209,4.209,4.209,4.209,0.0
2013-12-02,4.278,4.278,4.278,4.278,0.0
2013-12-03,4.316,4.316,4.316,4.316,0.0
2013-12-04,4.363,4.363,4.363,4.363,0.0
2013-12-05,4.35,4.35,4.35,4.35,0.0
2013-12-06,4.349,4.349,4.349,4.349,0.0
2013-12-09,4.312,4.312,4.312,4.312,0.0
2013-12-10,4.287,4.287,4.287,4.287,3.0
2013-12-11,4.254,4.254,4.254,4.254,0.0
2013-12-12,4.184,4.184,4.184,4.184,0.0
2013-12-13,4.186,4.186,4.186,4.186,0.0
2013-12-16,4.233,4.233,4.233,4.233,0.0
2013-12-17,4.2,4.2,4.2,4.2,0.0
2013-12-18,4.167,4.167,4.167,4.167,0.0
2013-12-19,4.188,4.188,4.188,4.188,0.0
2013-12-20,4.142,4.142,4.142,4.142,0.0
2013-12-23,4.127,4.127,4.127,4.127,0.0
2013-12-24,4.154,4.154,4.154,4.154,0.0
2013-12-26,4.151,4.151,4.151,4.151,0.0
2013-12-27,4.163,4.163,4.163,4.163,0.0
2013-12-30,4.153,4.153,4.153,4.153,0.0
2013-12-31,4.13,4.13,4.13,4.13,0.0
2014-01-02,4.145,4.145,4.145,4.145,0.0
2014-01-03,4.165,4.165,4.165,4.165,0.0
2014-01-06,4.172,4.172,4.172,4.172,0.0
2014-01-07,4.185,4.185,4.185,4.185,0.0
2014-01-08,4.148,4.148,4.148,4.148,0.0
2014-01-09,4.094,4.094,4.094,4.094,0.0
2014-01-10,4.124,4.124,4.124,4.124,0.0
2014-01-13,4.123,4.123,4.123,4.123,35.0
2014-01-14,4.12,4.12,4.12,4.12,0.0
2014-01-15,4.122,4.122,4.122,4.122,0.0
2014-01-16,4.107,4.107,4.107,4.107,0.0
2014-01-17,4.097,4.097,4.097,4.097,0.0
2014-01-21,4.145,4.145,4.145,4.145,0.0
2014-01-22,4.145,4.145,4.145,4.145,0.0
2014-01-23,4.139,4.139,4.139,4.139,0.0
2014-01-24,4.117,4.117,4.117,4.117,0.0
2014-01-27,4.171,4.171,4.171,4.171,0.0
2014-01-28,4.153,4.153,4.153,4.153,0.0
2014-01-29,4.149,4.149,4.149,4.149,0.0
2014-01-30,4.135,4.135,4.135,4.135,0.0
2014-01-31,4.14,4.14,4.14,4.14,0.0
2014-02-03,4.174,4.174,4.174,4.174,0.0
2014-02-04,4.172,4.172,4.172,4.172,0.0
2014-02-05,4.141,4.141,4.141,4.141,0.0
2014-02-06,4.109,4.109,4.109,4.109,0.0
2014-02-07,4.101,4.101,4.101,4.101,0.0
2014-02-10,4.078,4.078,4.078,4.078,0.0
2014-02-11,4.035,4.035,4.035,4.035,0.0
2014-02-12,4.026,4.026,4.026,4.026,0.0
2014-02-13,4.022,4.022,4.022,4.022,30.0
2014-02-14,4.047,4.047,4.047,4.047,0.0
2014-02-18,4.07,4.07,4.07,4.07,0.0
2014-02-19,4.085,4.085,4.085,4.085,0.0
2014-02-20,4.137,4.137,4.137,4.137,0.0
2014-02-21,4.2,4.2,4.122,4.122,4.0
2014-02-24,4.134,4.134,4.134,4.134,0.0
2014-02-25,4.138,4.138,4.138,4.138,0.0
2014-02-26,4.13,4.13,4.13,4.13,0.0
2014-02-27,4.077,4.077,4.077,4.077,0.0
2014-02-28,4.08,4.08,4.073,4.073,1.0
2014-03-03,4.071,4.071,4.071,4.071,0.0
2014-03-04,4.087,4.087,4.087,4.087,0.0
2014-03-05,4.119,4.119,4.119,4.119,0.0
2014-03-06,4.151,4.205,4.151,4.205,14.0
2014-03-07,4.183,4.183,4.183,4.183,10.0
2014-03-10,4.193,4.193,4.193,4.193,0.0
2014-03-11,4.214,4.214,4.214,4.214,0.0
2014-03-12,4.221,4.221,4.221,4.221,0.0
2014-03-13,4.231,4.231,4.231,4.231,17.0
2014-03-14,4.291,4.291,4.291,4.291,0.0
2014-03-17,4.273,4.273,4.273,4.273,0.0
2014-03-18,4.226,4.226,4.226,4.226,0.0
2014-03-19,4.252,4.252,4.252,4.252,0.0
2014-03-20,4.265,4.265,4.265,4.265,25.0
2014-03-21,4.255,4.255,4.255,4.255,0.0
2014-03-24,4.266,4.266,4.266,4.266,25.0
2014-03-25,4.289,4.289,4.289,4.289,0.0
2014-03-26,4.308,4.308,4.308,4.308,0.0
2014-03-27,4.305,4.305,4.305,4.305,2.0
2014-03-28,4.277,4.277,4.277,4.277,0.0
2014-03-31,4.277,4.277,4.277,4.277,0.0
2014-04-01,4.236,4.236,4.236,4.236,0.0
2014-04-02,4.256,4.256,4.256,4.256,0.0
2014-04-03,4.304,4.304,4.304,4.304,0.0
2014-04-04,4.304,4.304,4.304,4.304,0.0
2014-04-07,4.319,4.319,4.319,4.319,0.0
2014-04-08,4.32,4.32,4.32,4.32,0.0
2014-04-09,4.36,4.36,4.36,4.36,0.0
2014-04-10,4.378,4.378,4.378,4.378,0.0
2014-04-11,4.381,4.381,4.381,4.381,0.0
2014-04-14,4.379,4.379,4.379,4.379,0.0
2014-04-15,4.376,4.376,4.376,4.376,0.0
2014-04-16,4.381,4.381,4.381,4.381,0.0
2014-04-17,4.382,4.382,4.382,4.382,0.0
2014-04-21,4.369,4.369,4.369,4.369,0.0
2014-04-22,4.375,4.375,4.375,4.375,0.0
2014-04-23,4.368,4.368,4.368,4.368,0.0
2014-04-24,4.402,4.402,4.402,4.402,0.0
2014-04-25,4.391,4.391,4.391,4.391,0.0
2014-04-28,4.41,4.41,4.41,4.41,0.0
2014-04-29,4.41,4.478,4.41,4.478,1.0
2014-04-30,4.484,4.484,4.484,4.484,0.0
2014-05-01,4.488,4.488,4.488,4.488,25.0
2014-05-02,4.476,4.476,4.476,4.476,0.0
2014-05-05,4.472,4.472,4.472,4.472,0.0
2014-05-06,4.488,4.488,4.488,4.488,0.0
2014-05-07,4.495,4.495,4.495,4.495,0.0
2014-05-08,4.488,4.488,4.488,4.488,0.0
2014-05-09,4.493,4.493,4.493,4.493,0.0
2014-05-12,4.463,4.463,4.463,4.463,0.0
2014-05-13,4.448,4.448,4.448,4.448,0.0
2014-05-14,4.476,4.476,4.476,4.476,0.0
2014-05-15,4.465,4.465,4.465,4.465,0.0
2014-05-16,4.435,4.435,4.435,4.435,0.0
2014-05-19,4.436,4.436,4.436,4.436,0.0
2014-05-20,4.441,4.441,4.441,4.441,0.0
2014-05-21,4.446,4.446,4.446,4.446,0.0
2014-05-22,4.424,4.424,4.424,4.424,0.0
2014-05-23,4.45,4.45,4.45,4.45,0.0
2014-05-27,4.478,4.478,4.478,4.478,0.0
2014-05-28,4.474,4.474,4.474,4.474,0.0
2014-05-29,4.477,4.477,4.477,4.477,0.0
2014-05-30,4.468,4.468,4.468,4.468,0.0
2014-06-02,4.503,4.503,4.503,4.503,0.0
2014-06-03,4.483,4.483,4.483,4.483,0.0
2014-06-04,4.478,4.478,4.478,4.478,0.0
2014-06-05,4.503,4.503,4.503,4.503,0.0
2014-06-06,4.519,4.519,4.519,4.519,0.0
2014-06-09,4.497,4.497,4.497,4.497,0.0
2014-06-10,4.537,4.537,4.537,4.537,0.0
2014-06-11,4.54,4.54,4.54,4.54,0.0
2014-06-12,4.549,4.549,4.549,4.549,0.0
2014-06-13,4.571,4.571,4.571,4.571,0.0
2014-06-16,4.57,4.57,4.57,4.57,0.0
2014-06-17,4.595,4.595,4.595,4.595,0.0
2014-06-18,4.6,4.6,4.6,4.6,0.0
2014-06-19,4.594,4.594,4.594,4.594,0.0
2014-06-20,4.559,4.559,4.559,4.559,0.0
2014-06-23,4.534,4.534,4.534,4.534,50.0
2014-06-24,4.535,4.535,4.535,4.535,0.0
2014-06-25,4.551,4.551,4.551,4.551,0.0
2014-06-26,4.483,4.483,4.483,4.483,0.0
2014-06-27,4.486,4.486,4.486,4.486,0.0
2014-06-30,4.505,4.505,4.505,4.505,0.0
2014-07-01,4.521,4.521,4.521,4.521,0.0
2014-07-02,4.49,4.49,4.49,4.49,0.0
2014-07-03,4.485,4.485,4.485,4.485,0.0
2014-07-07,4.459,4.459,4.459,4.459,0.0
2014-07-08,4.441,4.441,4.441,4.441,0.0
2014-07-09,4.42,4.42,4.42,4.42,0.0
2014-07-10,4.391,4.391,4.391,4.391,0.0
2014-07-11,4.388,4.388,4.388,4.388,0.0
2014-07-14,4.382,4.382,4.382,4.382,0.0
2014-07-15,4.38,4.38,4.38,4.38,0.0
2014-07-16,4.395,4.395,4.395,4.395,20.0
2014-07-17,4.366,4.366,4.366,4.366,0.0
2014-07-18,4.393,4.393,4.393,4.393,0.0
2014-07-21,4.371,4.371,4.371,4.371,4.0
2014-07-22,4.336,4.336,4.336,4.336,0.0
2014-07-23,4.315,4.315,4.315,4.315,0.0
2014-07-24,4.317,4.317,4.317,4.317,0.0
2014-07-25,4.307,4.307,4.307,4.307,50.0
2014-07-28,4.294,4.294,4.294,4.294,0.0
2014-07-29,4.272,4.272,4.272,4.272,0.0
2014-07-30,4.282,4.282,4.282,4.282,0.0
2014-07-31,4.308,4.308,4.308,4.308,0.0
2014-08-01,4.315,4.315,4.315,4.315,0.0
2014-08-04,4.304,4.304,4.304,4.304,0.0
2014-08-05,4.302,4.302,4.302,4.302,0.0
2014-08-06,4.312,4.312,4.312,4.312,0.0
2014-08-07,4.319,4.319,4.319,4.319,0.0
2014-08-08,4.331,4.331,4.331,4.331,0.0
2014-08-11,4.331,4.332,4.299,4.299,6.0
2014-08-12,4.281,4.281,4.281,4.281,0.0
2014-08-13,4.262,4.262,4.262,4.262,0.0
2014-08-14,4.278,4.278,4.278,4.278,0.0
2014-08-15,4.256,4.256,4.256,4.256,0.0
2014-08-18,4.251,4.251,4.251,4.251,0.0
2014-08-19,4.261,4.261,4.261,4.261,0.0
2014-08-20,4.251,4.251,4.251,4.251,0.0
2014-08-21,4.256,4.256,4.256,4.256,0.0
2014-08-22,4.244,4.244,4.244,4.244,0.0
2014-08-25,4.252,4.252,4.252,4.252,0.0
2014-08-26,4.241,4.241,4.241,4.241,0.0
2014-08-27,4.263,4.263,4.263,4.263,0.0
2014-08-28,4.264,4.264,4.264,4.264,17.0
2014-08-29,4.256,4.256,4.256,4.256,0.0
2014-09-02,4.218,4.218,4.218,4.218,0.0
2014-09-03,4.227,4.227,4.227,4.227,0.0
2014-09-04,4.229,4.229,4.229,4.229,0.0
2014-09-05,4.21,4.21,4.21,4.21,0.0
2014-09-08,4.221,4.221,4.221,4.221,0.0
2014-09-09,4.218,4.218,4.218,4.218,0.0
2014-09-10,4.243,4.243,4.243,4.243,0.0
2014-09-11,4.238,4.252,4.238,4.252,3.0
2014-09-12,4.236,4.236,4.236,4.236,0.0
2014-09-15,4.245,4.245,4.245,4.245,0.0
2014-09-16,4.258,4.258,4.258,4.258,0.0
2014-09-17,4.261,4.261,4.261,4.261,0.0
2014-09-18,4.242,4.242,4.242,4.242,0.0
2014-09-19,4.235,4.235,4.235,4.235,0.0
2014-09-22,4.232,4.232,4.232,4.232,0.0
2014-09-23,4.215,4.215,4.215,4.215,0.0
2014-09-24,4.243,4.243,4.243,4.243,0.0
2014-09-25,4.239,4.239,4.239,4.239,0.0
2014-09-26,4.225,4.225,4.225,4.225,0.0
2014-09-29,4.236,4.236,4.236,4.236,0.0
2014-09-30,4.236,4.236,4.236,4.236,0.0
2014-10-01,4.214,4.214,4.214,4.214,0.0
2014-10-02,4.209,4.209,4.209,4.209,0.0
2014-10-03,4.19,4.19,4.19,4.19,0.0
2014-10-06,4.19,4.19,4.19,4.19,0.0
2014-10-07,4.183,4.183,4.183,4.183,0.0
2014-10-08,4.181,4.181,4.181,4.181,0.0
2014-10-09,4.191,4.191,4.191,4.191,0.0
2014-10-10,4.188,4.188,4.188,4.188,8.0
2014-10-13,4.198,4.198,4.198,4.198,0.0
2014-10-14,4.188,4.188,4.188,4.188,0.0
2014-10-15,4.178,4.178,4.178,4.178,0.0
2014-10-16,4.188,4.188,4.188,4.188,0.0
2014-10-17,4.198,4.198,4.198,4.198,0.0
2014-10-20,4.18,4.18,4.18,4.18,0.0
2014-10-21,4.17,4.17,4.17,4.17,8.0
2014-10-22,4.15,4.15,4.15,4.15,0.0
2014-10-23,4.149,4.149,4.149,4.149,0.0
2014-10-24,4.128,4.128,4.128,4.128,0.0
2014-10-27,4.112,4.112,4.112,4.112,0.0
2014-10-28,4.114,4.114,4.114,4.114,40.0
2014-10-29,4.116,4.116,4.116,4.116,8.0
2014-10-30,4.115,4.115,4.115,4.115,0.0
2014-10-31,4.122,4.122,4.122,4.122,0.0
2014-11-03,4.133,4.133,4.133,4.133,0.0
2014-11-04,4.128,4.128,4.128,4.128,0.0
2014-11-05,4.099,4.099,4.099,4.099,0.0
2014-11-06,4.086,4.086,4.086,4.086,0.0
2014-11-07,4.083,4.083,4.083,4.083,0.0
2014-11-10,4.077,4.077,4.077,4.077,0.0
2014-11-11,4.092,4.092,4.092,4.092,0.0
2014-11-12,4.105,4.105,4.105,4.105,0.0
2014-11-13,4.067,4.067,4.067,4.067,0.0
2014-11-14,4.095,4.095,4.095,4.095,0.0
2014-11-17,4.107,4.107,4.107,4.107,0.0
2014-11-18,4.082,4.082,4.082,4.082,0.0
2014-11-19,4.073,4.073,4.073,4.073,0.0
2014-11-20,4.068,4.068,4.068,4.068,0.0
2014-11-21,4.056,4.056,4.056,4.056,0.0
2014-11-24,4.11,4.11,4.11,4.11,0.0
2014-11-25,4.087,4.087,4.087,4.087,0.0
2014-11-26,4.073,4.073,4.073,4.073,0.0
2014-11-28,4.083,4.083,4.083,4.083,0.0
2014-12-01,4.124,4.124,4.124,4.124,0.0
2014-12-02,4.103,4.103,4.103,4.103,0.0
2014-12-03,4.08,4.08,4.08,4.08,0.0
2014-12-04,4.055,4.055,4.055,4.055,0.0
2014-12-05,4.094,4.094,4.094,4.094,0.0
2014-12-08,4.095,4.095,4.095,4.095,11.0
2014-12-09,4.112,4.112,4.112,4.112,0.0
2014-12-10,4.114,4.114,4.114,4.114,0.0
2014-12-11,4.094,4.094,4.094,4.094,0.0
2014-12-12,4.098,4.098,4.098,4.098,0.0
2014-12-15,4.081,4.081,4.081,4.081,0.0
2014-12-16,4.045,4.045,4.045,4.045,0.0
2014-12-17,4.075,4.075,4.075,4.075,4.0
2014-12-18,4.056,4.056,4.056,4.056,0.0
2014-12-19,4.004,4.004,4.004,4.004,0.0
2014-12-22,3.969,3.969,3.969,3.969,8.0
2014-12-23,3.954,3.954,3.954,3.954,0.0
2014-12-24,3.943,3.943,3.943,3.943,0.0
2014-12-26,3.94,3.94,3.94,3.94,0.0
2014-12-29,3.95,3.95,3.95,3.95,0.0
2014-12-30,3.937,3.937,3.937,3.937,0.0
2014-12-31,3.891,3.891,3.891,3.891,0.0
2015-01-02,3.876,3.876,3.876,3.876,0.0
2015-01-05,3.856,3.856,3.856,3.856,0.0
2015-01-06,3.828,3.828,3.828,3.828,0.0
2015-01-07,3.796,3.796,3.796,3.796,0.0
2015-01-08,3.788,3.788,3.788,3.788,0.0
2015-01-09,3.782,3.782,3.782,3.782,0.0
2015-01-12,3.716,3.716,3.716,3.716,0.0
2015-01-13,3.723,3.723,3.723,3.723,0.0
2015-01-14,3.68,3.68,3.68,3.68,0.0
2015-01-15,3.608,3.608,3.608,3.608,0.0
2015-01-16,3.617,3.617,3.617,3.617,0.0
2015-01-20,3.6,3.6,3.6,3.6,0.0
2015-01-21,3.627,3.627,3.627,3.627,4.0
2015-01-22,3.64,3.64,3.64,3.64,0.0
2015-01-23,3.637,3.637,3.637,3.637,0.0
2015-01-26,3.651,3.651,3.651,3.651,0.0
2015-01-27,3.654,3.654,3.654,3.654,0.0
2015-01-28,3.655,3.655,3.655,3.655,0.0
2015-01-29,3.625,3.625,3.625,3.625,0.0
2015-01-30,3.624,3.624,3.624,3.624,0.0
2015-02-02,3.587,3.587,3.587,3.587,0.0
2015-02-03,3.612,3.612,3.612,3.612,0.0
2015-02-04,3.607,3.607,3.607,3.607,0.0
2015-02-05,3.555,3.555,3.555,3.555,0.0
2015-02-06,3.592,3.592,3.592,3.592,0.0
2015-02-09,3.603,3.603,3.603,3.603,0.0
2015-02-10,3.624,3.624,3.624,3.624,0.0
2015-02-11,3.621,3.621,3.621,3.621,0.0
2015-02-12,3.622,3.622,3.622,3.622,0.0
2015-02-13,3.65,3.662,3.645,3.662,22.0
2015-02-17,3.59,3.59,3.59,3.59,0.0
2015-02-18,3.6,3.6,3.6,3.6,0.0
2015-02-19,3.574,3.574,3.574,3.574,0.0
2015-02-20,3.571,3.571,3.571,3.571,0.0
2015-02-23,3.543,3.543,3.543,3.543,0.0
2015-02-24,3.543,3.543,3.543,3.543,0.0
2015-02-25,3.549,3.549,3.549,3.549,0.0
2015-02-26,3.522,3.522,3.522,3.522,0.0
2015-02-27,3.523,3.523,3.523,3.523,0.0
2015-03-02,3.527,3.527,3.527,3.527,0.0
2015-03-03,3.528,3.528,3.528,3.528,0.0
2015-03-04,3.522,3.522,3.522,3.522,0.0
2015-03-05,3.509,3.509,3.509,3.509,0.0
2015-03-06,3.509,3.509,3.509,3.509,0.0
2015-03-09,3.471,3.471,3.471,3.471,0.0
2015-03-10,3.472,3.472,3.472,3.472,0.0
2015-03-11,3.47,3.47,3.47,3.47,0.0
2015-03-12,3.439,3.439,3.439,3.439,0.0
2015-03-13,3.435,3.435,3.435,3.435,0.0
2015-03-16,3.436,3.436,3.436,3.436,0.0
2015-03-17,3.436,3.436,3.436,3.436,0.0
2015-03-18,3.453,3.453,3.453,3.453,0.0
2015-03-19,3.443,3.443,3.443,3.443,0.0
2015-03-20,3.426,3.426,3.426,3.426,0.0
2015-03-23,3.427,3.427,3.427,3.427,0.0
2015-03-24,3.434,3.434,3.434,3.434,0.0
2015-03-25,3.402,3.402,3.402,3.402,0.0
2015-03-26,3.393,3.393,3.393,3.393,0.0
2015-03-27,3.368,3.368,3.368,3.368,0.0
2015-03-30,3.356,3.356,3.356,3.356,0.0
2015-03-31,3.368,3.368,3.368,3.368,0.0
2015-04-01,3.357,3.357,3.357,3.357,0.0
2015-04-02,3.392,3.392,3.392,3.392,0.0
2015-04-06,3.377,3.377,3.377,3.377,0.0
2015-04-07,3.401,3.401,3.401,3.401,0.0
2015-04-08,3.393,3.393,3.393,3.393,0.0
2015-04-09,3.386,3.386,3.386,3.386,0.0
2015-04-10,3.381,3.381,3.381,3.381,0.0
2015-04-13,3.371,3.371,3.371,3.371,0.0
2015-04-14,3.371,3.371,3.371,3.371,0.0
2015-04-15,3.392,3.392,3.392,3.392,0.0
2015-04-16,3.42,3.42,3.42,3.42,0.0
2015-04-17,3.4,3.4,3.4,3.4,0.0
2015-04-20,3.383,3.383,3.383,3.383,0.0
2015-04-21,3.391,3.391,3.391,3.391,0.0
2015-04-22,3.398,3.398,3.398,3.398,0.0
2015-04-23,3.362,3.362,3.362,3.362,0.0
2015-04-24,3.36,3.36,3.36,3.36,0.0
2015-04-27,3.34,3.34,3.34,3.34,0.0
2015-04-28,3.34,3.34,3.34,3.34,0.0
2015-04-29,3.35,3.35,3.35,3.35,0.0
2015-04-30,3.36,3.36,3.36,3.36,0.0
2015-05-01,3.37,3.37,3.37,3.37,0.0
2015-05-04,3.385,3.385,3.385,3.385,0.0
2015-05-05,3.383,3.383,3.383,3.383,1.0
2015-05-06,3.4,3.4,3.391,3.391,11.0
2015-05-07,3.389,3.389,3.389,3.389,0.0
2015-05-08,3.414,3.414,3.414,3.414,0.0
2015-05-11,3.383,3.383,3.383,3.383,0.0
2015-05-12,3.4,3.4,3.376,3.376,1.0
2015-05-13,3.39,3.39,3.39,3.39,0.0
2015-05-14,3.397,3.397,3.397,3.397,0.0
2015-05-15,3.384,3.384,3.384,3.384,0.0
2015-05-18,3.388,3.388,3.388,3.388,0.0
2015-05-19,3.381,3.381,3.381,3.381,0.0
2015-05-20,3.38,3.38,3.38,3.38,0.0
2015-05-21,3.379,3.379,3.379,3.379,0.0
2015-05-22,3.368,3.368,3.368,3.368,0.0
2015-05-26,3.369,3.369,3.369,3.369,0.0
2015-05-27,3.364,3.364,3.364,3.364,0.0
2015-05-28,3.349,3.349,3.349,3.349,0.0
2015-05-29,3.336,3.336,3.336,3.336,0.0
2015-06-01,3.33,3.33,3.33,3.33,0.0
2015-06-02,3.335,3.335,3.335,3.335,0.0
2015-06-03,3.323,3.323,3.323,3.323,0.0
2015-06-04,3.286,3.286,3.286,3.286,0.0
2015-06-05,3.252,3.252,3.252,3.252,0.0
2015-06-08,3.285,3.285,3.285,3.285,0.0
2015-06-09,3.31,3.31,3.31,3.31,0.0
2015-06-10,3.326,3.326,3.326,3.326,0.0
2015-06-11,3.341,3.341,3.341,3.341,0.0
2015-06-12,3.342,3.342,3.342,3.342,0.0
2015-06-15,3.355,3.355,3.355,3.355,0.0
2015-06-16,3.368,3.368,3.368,3.368,0.0
2015-06-17,3.368,3.368,3.368,3.368,0.0
2015-06-18,3.341,3.341,3.341,3.341,0.0
2015-06-19,3.36,3.36,3.36,3.36,0.0
2015-06-22,3.34,3.34,3.34,3.34,0.0
2015-06-23,3.347,3.347,3.347,3.347,40.0
2015-06-24,3.348,3.348,3.348,3.348,0.0
2015-06-25,3.351,3.351,3.351,3.351,0.0
2015-06-26,3.344,3.344,3.344,3.344,0.0
2015-06-29,3.354,3.354,3.354,3.354,0.0
2015-06-30,3.366,3.366,3.366,3.366,0.0
2015-07-01,3.367,3.367,3.367,3.367,0.0
2015-07-02,3.371,3.371,3.371,3.371,0.0
2015-07-06,3.331,3.331,3.331,3.331,10.0
2015-07-07,3.318,3.318,3.318,3.318,20.0
2015-07-08,3.331,3.331,3.331,3.331,0.0
2015-07-09,3.334,3.334,3.334,3.334,0.0
2015-07-10,3.338,3.338,3.338,3.338,0.0
2015-07-13,3.347,3.347,3.347,3.347,0.0
2015-07-14,3.345,3.345,3.345,3.345,0.0
2015-07-15,3.356,3.356,3.356,3.356,0.0
2015-07-16,3.331,3.331,3.331,3.331,10.0
2015-07-17,3.336,3.336,3.336,3.336,0.0
2015-07-20,3.329,3.329,3.329,3.329,0.0
2015-07-21,3.329,3.329,3.329,3.329,0.0
2015-07-22,3.329,3.329,3.329,3.329,0.0
2015-07-23,3.307,3.307,3.307,3.307,10.0
2015-07-24,3.304,3.304,3.304,3.304,10.0
2015-07-27,3.325,3.325,3.325,3.325,0.0
2015-07-28,3.329,3.329,3.329,3.329,0.0
2015-07-29,3.323,3.323,3.323,3.323,0.0
2015-07-30,3.303,3.303,3.303,3.303,20.0
2015-07-31,3.269,3.269,3.269,3.269,10.0
2015-08-03,3.247,3.247,3.247,3.247,10.0
2015-08-04,3.221,3.221,3.221,3.221,10.0
2015-08-05,3.22,3.22,3.22,3.22,10.0
2015-08-06,3.224,3.224,3.224,3.224,0.0
2015-08-07,3.224,3.224,3.224,3.224,0.0
2015-08-10,3.222,3.222,3.222,3.222,0.0
2015-08-11,3.217,3.217,3.217,3.217,0.0
2015-08-12,3.235,3.235,3.235,3.235,10.0
2015-08-13,3.212,3.212,3.212,3.212,0.0
2015-08-14,3.212,3.221,3.212,3.221,11.0
2015-08-17,3.208,3.208,3.208,3.208,0.0
2015-08-18,3.194,3.194,3.194,3.194,0.0
2015-08-19,3.177,3.177,3.177,3.177,0.0
2015-08-20,3.174,3.174,3.174,3.174,0.0
2015-08-21,3.144,3.144,3.144,3.144,0.0
2015-08-24,3.096,3.096,3.096,3.096,70.0
2015-08-25,3.067,3.067,3.067,3.067,110.0
2015-08-26,3.083,3.083,3.083,3.083,0.0
2015-08-27,3.097,3.097,3.097,3.097,0.0
2015-08-28,3.116,3.116,3.116,3.116,0.0
2015-08-31,3.104,3.104,3.104,3.104,0.0
2015-09-01,3.116,3.116,3.116,3.116,0.0
2015-09-02,3.101,3.101,3.101,3.101,0.0
2015-09-03,3.105,3.105,3.105,3.105,0.0
2015-09-04,3.1,3.1,3.1,3.1,0.0
2015-09-08,3.109,3.109,3.109,3.109,0.0
2015-09-09,3.124,3.124,3.124,3.124,0.0
2015-09-10,3.124,3.124,3.124,3.124,0.0
2015-09-11,3.1,3.1,3.1,3.1,0.0
2015-09-14,3.1,3.115,3.1,3.115,7.0
2015-09-15,3.11,3.119,3.11,3.119,4.0
2015-09-16,3.091,3.091,3.091,3.091,0.0
2015-09-17,3.066,3.066,3.066,3.066,0.0
2015-09-18,3.042,3.042,3.042,3.042,0.0
2015-09-21,3.032,3.032,3.032,3.032,0.0
2015-09-22,3.024,3.024,3.024,3.024,0.0
2015-09-23,3.028,3.028,3.028,3.028,0.0
2015-09-24,3.068,3.068,3.068,3.068,0.0
2015-09-25,3.03,3.03,3.03,3.03,0.0
2015-09-28,3.027,3.027,3.027,3.027,0.0
2015-09-29,3.032,3.032,2.998,2.998,7.0
2015-09-30,2.966,2.966,2.966,2.966,0.0
2015-10-01,2.927,2.927,2.927,2.927,0.0
2015-10-02,2.951,2.951,2.951,2.951,0.0
2015-10-05,2.966,2.966,2.966,2.966,0.0
2015-10-06,2.979,2.979,2.979,2.979,0.0
2015-10-07,2.98,2.98,2.98,2.98,0.0
2015-10-08,2.98,2.98,2.98,2.98,26.0
2015-10-09,2.986,2.986,2.986,2.986,0.0
2015-10-12,3.001,3.001,3.001,3.001,0.0
2015-10-13,3.001,3.001,3.001,3.001,0.0
2015-10-14,3.002,3.002,3.002,3.002,0.0
2015-10-15,2.996,2.996,2.984,2.984,1.0
2015-10-16,2.98,2.98,2.979,2.979,1.0
2015-10-19,2.987,2.987,2.987,2.987,0.0
2015-10-20,3.01,3.011,3.001,3.001,25.0
2015-10-21,2.983,2.983,2.983,2.983,0.0
2015-10-22,2.973,2.973,2.973,2.973,0.0
2015-10-23,2.935,2.935,2.935,2.935,0.0
2015-10-26,2.9,2.9,2.883,2.883,1.0
2015-10-27,2.881,2.881,2.881,2.881,0.0
2015-10-28,2.856,2.867,2.856,2.867,5.0
2015-10-29,2.857,2.857,2.846,2.846,15.0
2015-10-30,2.875,2.875,2.875,2.875,0.0
2015-11-02,2.86,2.86,2.859,2.859,24.0
2015-11-03,2.88,2.88,2.88,2.88,0.0
2015-11-04,2.884,2.884,2.884,2.884,0.0
2015-11-05,2.897,2.897,2.897,2.897,0.0
2015-11-06,2.896,2.896,2.896,2.896,0.0
2015-11-09,2.882,2.882,2.882,2.882,0.0
2015-11-10,2.893,2.893,2.893,2.893,0.0
2015-11-11,2.887,2.887,2.887,2.887,10.0
2015-11-12,2.88,2.886,2.88,2.886,3.0
2015-11-13,2.906,2.906,2.906,2.906,0.0
2015-11-16,2.916,2.916,2.916,2.916,0.0
2015-11-17,2.906,2.906,2.906,2.906,0.0
2015-11-18,2.86,2.86,2.86,2.86,25.0
2015-11-19,2.85,2.85,2.816,2.816,19.0
2015-11-20,2.773,2.773,2.773,2.773,0.0
2015-11-23,2.801,2.801,2.801,2.801,0.0
2015-11-24,2.819,2.819,2.819,2.819,0.0
2015-11-25,2.826,2.826,2.826,2.826,50.0
2015-11-27,2.809,2.809,2.809,2.809,0.0
2015-11-30,2.819,2.819,2.819,2.819,0.0
2015-12-01,2.826,2.826,2.826,2.826,200.0
2015-12-02,2.845,2.845,2.845,2.845,100.0
2015-12-03,2.846,2.846,2.846,2.846,0.0
2015-12-04,2.854,2.854,2.854,2.854,0.0
2015-12-07,2.839,2.839,2.839,2.839,0.0
2015-12-08,2.842,2.842,2.842,2.842,0.0
2015-12-09,2.855,2.855,2.855,2.855,0.0
2015-12-10,2.857,2.857,2.857,2.857,0.0
2015-12-11,2.856,2.856,2.856,2.856,0.0
2015-12-14,2.83,2.83,2.808,2.808,15.0
2015-12-15,2.78,2.78,2.772,2.772,11.0
2015-12-16,2.807,2.807,2.807,2.807,2.0
2015-12-17,2.86,2.86,2.807,2.82,4.0
2015-12-18,2.828,2.828,2.825,2.825,25.0
2015-12-21,2.84,2.84,2.84,2.84,0.0
2015-12-22,2.823,2.823,2.823,2.823,0.0
2015-12-23,2.827,2.827,2.827,2.827,0.0
2015-12-24,2.829,2.829,2.829,2.829,0.0
2015-12-28,2.864,2.864,2.864,2.864,0.0
2015-12-29,2.859,2.859,2.859,2.859,0.0
2015-12-30,2.821,2.821,2.821,2.821,0.0
2015-12-31,2.845,2.845,2.845,2.845,0.0
2016-01-04,2.836,2.836,2.836,2.836,0.0
2016-01-05,2.826,2.826,2.826,2.826,0.0
2016-01-06,2.836,2.836,2.836,2.836,0.0
2016-01-07,2.873,2.873,2.873,2.873,0.0
2016-01-08,2.882,2.882,2.882,2.882,0.0
2016-01-11,2.842,2.842,2.842,2.842,0.0
2016-01-12,2.802,2.802,2.802,2.802,0.0
2016-01-13,2.812,2.812,2.812,2.812,0.0
2016-01-14,2.792,2.792,2.792,2.792,0.0
2016-01-15,2.783,2.783,2.783,2.783,0.0
2016-01-19,2.787,2.787,2.787,2.787,0.0
2016-01-20,2.796,2.796,2.796,2.796,0.0
2016-01-21,2.807,2.807,2.807,2.807,0.0
2016-01-22,2.812,2.812,2.812,2.812,0.0
2016-01-25,2.815,2.815,2.815,2.815,0.0
2016-01-26,2.802,2.802,2.802,2.802,0.0
2016-01-27,2.799,2.799,2.799,2.799,0.0
2016-01-28,2.809,2.809,2.809,2.809,0.0
2016-01-29,2.813,2.813,2.813,2.813,0.0
2016-02-01,2.771,2.771,2.771,2.771,0.0
2016-02-02,2.726,2.726,2.726,2.726,0.0
2016-02-03,2.762,2.762,2.762,2.762,0.0
2016-02-04,2.726,2.776,2.726,2.776,5.0
2016-02-05,2.81,2.81,2.781,2.781,5.0
2016-02-08,2.748,2.748,2.748,2.748,0.0
2016-02-09,2.726,2.728,2.726,2.728,2.0
2016-02-10,2.702,2.702,2.702,2.702,0.0
2016-02-11,2.672,2.672,2.672,2.672,0.0
2016-02-12,2.644,2.644,2.644,2.644,0.0
2016-02-16,2.614,2.614,2.614,2.614,0.0
2016-02-17,2.62,2.62,2.61,2.61,1.0
2016-02-18,2.591,2.591,2.591,2.591,0.0
2016-02-19,2.544,2.544,2.544,2.544,0.0
2016-02-22,2.493,2.493,2.493,2.493,0.0
2016-02-23,2.48,2.48,2.48,2.48,1.0
2016-02-24,2.49,2.49,2.49,2.49,40.0
2016-02-25,2.481,2.481,2.481,2.481,0.0
2016-02-26,2.495,2.495,2.495,2.495,0.0
2016-02-29,2.548,2.548,2.548,2.548,0.0
2016-03-01,2.604,2.604,2.604,2.604,0.0
2016-03-02,2.612,2.612,2.612,2.612,6.0
2016-03-03,2.625,2.625,2.625,2.625,0.0
2016-03-04,2.625,2.625,2.622,2.622,1.0
2016-03-07,2.65,2.65,2.632,2.632,1.0
2016-03-08,2.64,2.64,2.638,2.638,1.0
2016-03-09,2.667,2.667,2.667,2.667,0.0
2016-03-10,2.711,2.711,2.711,2.711,0.0
2016-03-11,2.75,2.75,2.718,2.718,14.0
2016-03-14,2.707,2.707,2.707,2.707,0.0
2016-03-15,2.706,2.706,2.706,2.706,0.0
2016-03-16,2.714,2.723,2.714,2.723,2.0
2016-03-17,2.73,2.73,2.73,2.73,0.0
2016-03-18,2.717,2.717,2.717,2.717,6.0
2016-03-21,2.706,2.706,2.706,2.706,0.0
2016-03-22,2.729,2.729,2.729,2.729,0.0
2016-03-23,2.73,2.73,2.73,2.73,0.0
2016-03-24,2.756,2.756,2.756,2.756,0.0
2016-03-28,2.795,2.795,2.795,2.795,0.0
2016-03-29,2.826,2.826,2.826,2.826,0.0
2016-03-30,2.828,2.828,2.828,2.828,0.0
2016-03-31,2.798,2.798,2.798,2.798,0.0
2016-04-01,2.787,2.787,2.787,2.787,0.0
2016-04-04,2.799,2.799,2.799,2.799,0.0
2016-04-05,2.8,2.8,2.781,2.8,2.0
2016-04-06,2.801,2.801,2.801,2.801,0.0
2016-04-07,2.809,2.809,2.809,2.809,2.0
2016-04-08,2.83,2.83,2.82,2.82,1.0
2016-04-11,2.809,2.809,2.809,2.809,0.0
2016-04-12,2.822,2.822,2.822,2.822,0.0
2016-04-13,2.825,2.825,2.825,2.825,0.0
2016-04-14,2.82,2.82,2.82,2.82,1.0
2016-04-15,2.81,2.81,2.81,2.81,0.0
2016-04-18,2.838,2.838,2.838,2.838,0.0
2016-04-19,2.85,2.865,2.85,2.865,2.0
2016-04-20,2.859,2.859,2.859,2.859,0.0
2016-04-21,2.881,2.881,2.881,2.881,0.0
2016-04-22,2.886,2.886,2.886,2.886,0.0
2016-04-25,2.905,2.905,2.905,2.905,0.0
2016-04-26,2.932,2.932,2.932,2.932,0.0
2016-04-27,2.95,2.95,2.95,2.95,0.0
2016-04-28,2.951,2.951,2.951,2.951,0.0
2016-04-29,2.953,2.953,2.953,2.953,0.0
2016-05-02,2.928,2.928,2.928,2.928,0.0
2016-05-03,2.924,2.935,2.924,2.935,1.0
2016-05-04,2.953,2.953,2.953,2.953,0.0
2016-05-05,2.962,2.962,2.962,2.962,50.0
2016-05-06,2.911,2.911,2.911,2.911,0.0
2016-05-09,2.898,2.898,2.898,2.898,0.0
2016-05-10,2.884,2.884,2.884,2.884,0.0
2016-05-11,2.894,2.894,2.894,2.894,0.0
2016-05-12,2.874,2.874,2.874,2.874,0.0
2016-05-13,2.852,2.852,2.852,2.852,0.0
2016-05-16,2.848,2.848,2.848,2.848,0.0
2016-05-17,2.831,2.831,2.831,2.831,0.0
2016-05-18,2.796,2.796,2.796,2.796,0.0
2016-05-19,2.826,2.826,2.826,2.826,0.0
2016-05-20,2.825,2.825,2.825,2.825,0.0
2016-05-23,2.848,2.848,2.848,2.848,0.0
2016-05-24,2.873,2.873,2.873,2.873,0.0
2016-05-25,2.92,2.92,2.92,2.92,0.0
2016-05-26,2.934,2.934,2.934,2.934,0.0
2016-05-27,2.938,2.938,2.938,2.938,0.0
2016-05-31,2.945,2.945,2.945,2.945,0.0
2016-06-01,2.95,2.95,2.921,2.921,1.0
2016-06-02,2.934,2.934,2.934,2.934,0.0
2016-06-03,2.933,2.933,2.933,2.933,0.0
2016-06-06,2.939,2.939,2.939,2.939,0.0
2016-06-07,2.955,2.955,2.955,2.955,0.0
2016-06-08,2.952,2.952,2.952,2.952,0.0
2016-06-09,2.952,2.952,2.952,2.952,0.0
2016-06-10,2.94,2.94,2.927,2.932,2.0
2016-06-13,2.913,2.913,2.913,2.913,0.0
2016-06-14,2.911,2.911,2.901,2.901,11.0
2016-06-15,2.91,2.91,2.892,2.892,3.0
2016-06-16,2.892,2.892,2.892,2.892,0.0
2016-06-17,2.89,2.89,2.89,2.89,0.0
2016-06-20,2.906,2.906,2.906,2.906,10.0
2016-06-21,2.894,2.905,2.894,2.905,7.0
2016-06-22,2.895,2.91,2.895,2.91,11.0
2016-06-23,2.904,2.904,2.904,2.904,0.0
2016-06-24,2.902,2.902,2.902,2.902,0.0
2016-06-27,2.88,2.88,2.88,2.88,0.0
2016-06-28,2.9,2.913,2.9,2.913,1.0
2016-06-29,2.903,2.903,2.903,2.903,20.0
2016-06-30,2.908,2.908,2.908,2.908,50.0
2016-07-01,2.93,2.93,2.93,2.93,500.0
2016-07-05,2.909,2.909,2.909,2.909,43.0
2016-07-06,2.931,2.931,2.931,2.931,0.0
2016-07-07,2.923,2.923,2.923,2.923,100.0
2016-07-08,2.924,2.924,2.924,2.924,0.0
2016-07-11,2.931,2.931,2.931,2.931,0.0
2016-07-12,2.922,2.922,2.922,2.922,0.0
2016-07-13,2.921,2.921,2.921,2.921,0.0
2016-07-14,2.918,2.918,2.918,2.918,0.0
2016-07-15,2.91,2.91,2.91,2.91,0.0
2016-07-18,2.9,2.9,2.9,2.9,0.0
2016-07-19,2.889,2.889,2.889,2.889,10.0
2016-07-20,2.873,2.873,2.873,2.873,15.0
2016-07-21,2.886,2.886,2.886,2.886,34.0
2016-07-22,2.899,2.899,2.899,2.899,0.0
2016-07-25,2.905,2.905,2.905,2.905,0.0
2016-07-26,2.903,2.903,2.903,2.903,0.0
2016-07-27,2.894,2.894,2.894,2.894,0.0
2016-07-28,2.907,2.907,2.907,2.907,90.0
2016-07-29,2.907,2.91,2.907,2.91,1.0
2016-08-01,2.875,2.886,2.875,2.886,150.0
2016-08-02,2.888,2.888,2.888,2.888,0.0
2016-08-03,2.901,2.901,2.901,2.901,26.0
2016-08-04,2.904,2.904,2.904,2.904,0.0
2016-08-05,2.889,2.889,2.889,2.889,0.0
2016-08-08,2.889,2.889,2.889,2.889,0.0
2016-08-09,2.88,2.88,2.864,2.864,3.0
2016-08-10,2.87,2.87,2.841,2.841,1.0
2016-08-11,2.837,2.837,2.837,2.837,0.0
2016-08-12,2.837,2.837,2.833,2.833,1.0
2016-08-15,2.835,2.835,2.833,2.833,1.0
2016-08-16,2.847,2.847,2.847,2.847,0.0
2016-08-17,2.859,2.859,2.859,2.859,0.0
2016-08-18,2.864,2.864,2.864,2.864,0.0
2016-08-19,2.839,2.839,2.839,2.839,9.0
2016-08-22,2.839,2.839,2.839,2.839,0.0
2016-08-23,2.839,2.855,2.837,2.855,27.0
2016-08-24,2.86,2.873,2.855,2.873,9.0
2016-08-25,2.864,2.864,2.864,2.864,0.0
2016-08-26,2.863,2.863,2.854,2.854,1.0
2016-08-29,2.866,2.866,2.859,2.859,75.0
2016-08-30,2.835,2.856,2.835,2.856,141.0
2016-08-31,2.845,2.871,2.845,2.871,52.0
2016-09-01,2.85,2.85,2.844,2.844,6.0
2016-09-02,2.835,2.835,2.835,2.835,2.0
2016-09-06,2.828,2.828,2.828,2.828,0.0
2016-09-07,2.822,2.822,2.822,2.822,4.0
2016-09-08,2.852,2.852,2.852,2.852,100.0
2016-09-09,2.842,2.842,2.842,2.842,101.0
2016-09-12,2.844,2.844,2.844,2.844,0.0
2016-09-13,2.846,2.846,2.846,2.846,46.0
2016-09-14,2.842,2.842,2.842,2.842,10.0
2016-09-15,2.837,2.847,2.837,2.847,36.0
2016-09-16,2.843,2.854,2.84,2.854,57.0
2016-09-19,2.855,2.864,2.855,2.864,1.0
2016-09-20,2.855,2.863,2.853,2.863,127.0
2016-09-21,2.864,2.878,2.864,2.878,41.0
2016-09-22,2.855,2.858,2.855,2.858,1067.0
2016-09-23,2.842,2.842,2.834,2.834,17.0
2016-09-26,2.841,2.841,2.841,2.841,15.0
2016-09-27,2.837,2.837,2.797,2.818,123.0
2016-09-28,2.803,2.809,2.803,2.809,122.0
2016-09-29,2.797,2.797,2.795,2.795,51.0
2016-09-30,2.78,2.78,2.773,2.773,9.0
2016-10-03,2.773,2.795,2.773,2.795,1.0
2016-10-04,2.782,2.782,2.782,2.782,225.0
2016-10-05,2.839,2.839,2.839,2.839,135.0
2016-10-06,2.834,2.839,2.83,2.839,13.0
2016-10-07,2.869,2.869,2.85,2.85,88.0
2016-10-10,2.835,2.836,2.826,2.834,100.0
2016-10-11,2.83,2.856,2.824,2.856,336.0
2016-10-12,2.879,2.879,2.879,2.879,391.0
2016-10-13,2.901,2.905,2.901,2.905,459.0
2016-10-14,2.895,2.907,2.895,2.907,186.0
2016-10-17,2.911,2.917,2.911,2.917,132.0
2016-10-18,2.914,2.925,2.914,2.925,323.0
2016-10-19,2.912,2.916,2.912,2.916,37.0
2016-10-20,2.927,2.942,2.919,2.94,256.0
2016-10-21,2.919,2.923,2.919,2.923,271.0
2016-10-24,2.91,2.934,2.91,2.924,66.0
2016-10-25,2.91,2.91,2.878,2.878,266.0
2016-10-26,2.834,2.84,2.795,2.829,446.0
2016-10-27,2.888,2.888,2.878,2.881,16.0
2016-10-28,2.899,2.899,2.894,2.894,11.0
2016-10-31,2.889,2.889,2.889,2.889,124.0
2016-11-01,2.829,2.855,2.829,2.854,29.0
2016-11-02,2.815,2.832,2.815,2.816,44.0
2016-11-03,2.825,2.827,2.81,2.813,27.0
2016-11-04,2.808,2.808,2.808,2.808,52.0
2016-11-07,2.82,2.854,2.82,2.837,228.0
2016-11-08,2.796,2.805,2.765,2.79,48.0
2016-11-09,2.751,2.791,2.751,2.791,12.0
2016-11-10,2.766,2.795,2.766,2.789,38.0
2016-11-11,2.795,2.822,2.795,2.805,78.0
2016-11-14,2.829,2.829,2.829,2.829,29.0
2016-11-15,2.811,2.811,2.805,2.805,305.0
2016-11-16,2.813,2.813,2.813,2.813,677.0
2016-11-17,2.813,2.831,2.813,2.831,23.0
2016-11-18,2.841,2.841,2.841,2.841,39.0
2016-11-21,2.883,2.884,2.878,2.884,48.0
2016-11-22,2.875,2.875,2.868,2.868,10.0
2016-11-23,2.875,2.875,2.869,2.873,21.0
2016-11-25,2.87,2.88,2.856,2.88,25.0
2016-11-28,2.892,2.893,2.869,2.874,741.0
2016-11-29,2.88,2.88,2.832,2.859,116.0
2016-11-30,2.841,2.841,2.83,2.831,156.0
2016-12-01,2.833,2.869,2.827,2.853,396.0
2016-12-02,2.84,2.849,2.84,2.849,79.0
2016-12-05,2.864,2.886,2.864,2.886,233.0
2016-12-06,2.882,2.882,2.835,2.858,882.0
2016-12-07,2.87,2.872,2.845,2.872,827.0
2016-12-08,2.86,2.878,2.854,2.878,476.0
2016-12-09,2.855,2.882,2.855,2.882,358.0
2016-12-12,2.873,2.873,2.86,2.867,1199.0
2016-12-13,2.86,2.862,2.86,2.862,382.0
2016-12-14,2.877,2.88,2.846,2.865,498.0
2016-12-15,2.848,2.862,2.848,2.862,21.0
2016-12-16,2.865,2.891,2.865,2.89,379.0
2016-12-19,2.865,2.915,2.865,2.915,97.0
2016-12-20,2.862,2.87,2.844,2.844,482.0
2016-12-21,2.893,2.905,2.883,2.905,391.0
2016-12-22,2.888,2.904,2.888,2.904,281.0
2016-12-23,2.91,2.91,2.902,2.902,323.0
2016-12-27,2.925,2.927,2.917,2.92,255.0
2016-12-28,2.913,2.925,2.908,2.916,1687.0
2016-12-29,2.935,2.935,2.918,2.923,748.0
2016-12-30,2.933,2.933,2.92,2.932,593.0
2017-01-03,2.9,2.914,2.894,2.898,720.0
2017-01-04,2.885,2.899,2.865,2.878,182.0
2017-01-05,2.884,2.884,2.87,2.879,423.0
2017-01-06,2.886,2.89,2.859,2.882,971.0
2017-01-09,2.857,2.857,2.843,2.849,585.0
2017-01-10,2.873,2.894,2.873,2.894,281.0
2017-01-11,2.918,2.918,2.902,2.902,216.0
2017-01-12,2.934,2.938,2.917,2.926,601.0
2017-01-13,2.92,2.933,2.917,2.933,208.0
2017-01-17,2.938,2.938,2.938,2.938,529.0
2017-01-18,2.93,2.939,2.93,2.935,94.0
2017-01-19,2.928,2.943,2.928,2.94,238.0
2017-01-20,2.905,2.91,2.905,2.91,217.0
2017-01-23,2.91,2.922,2.91,2.922,125.0
2017-01-24,2.931,2.931,2.912,2.914,375.0
2017-01-25,2.911,2.911,2.905,2.911,186.0
2017-01-26,2.94,2.941,2.919,2.92,632.0
2017-01-27,2.922,2.94,2.915,2.924,404.0
2017-01-30,2.935,2.935,2.916,2.916,293.0
2017-01-31,2.91,2.91,2.903,2.904,155.0
2017-02-01,2.902,2.921,2.902,2.921,148.0
2017-02-02,2.907,2.946,2.907,2.944,484.0
2017-02-03,2.901,2.911,2.9,2.9,845.0
2017-02-06,2.891,2.914,2.891,2.914,180.0
2017-02-07,2.929,2.941,2.925,2.941,444.0
2017-02-08,2.931,2.944,2.927,2.932,412.0
2017-02-09,2.943,2.945,2.927,2.938,141.0
2017-02-10,2.902,2.923,2.902,2.923,270.0
2017-02-13,2.916,2.916,2.899,2.901,206.0
2017-02-14,2.892,2.892,2.879,2.891,822.0
2017-02-15,2.894,2.894,2.868,2.873,709.0
2017-02-16,2.874,2.876,2.844,2.856,859.0
2017-02-17,2.842,2.855,2.841,2.855,355.0
2017-02-21,2.84,2.84,2.8,2.801,1145.0
2017-02-22,2.785,2.819,2.785,2.806,921.0
2017-02-23,2.835,2.836,2.798,2.814,701.0
2017-02-24,2.828,2.828,2.805,2.819,238.0
2017-02-27,2.781,2.792,2.775,2.792,313.0
2017-02-28,2.786,2.808,2.777,2.805,366.0
2017-03-01,2.816,2.86,2.803,2.86,1042.0
2017-03-02,2.872,2.876,2.851,2.876,425.0
2017-03-03,2.878,2.879,2.853,2.879,239.0
2017-03-06,2.886,2.899,2.861,2.871,233.0
2017-03-07,2.888,2.888,2.855,2.857,140.0
2017-03-08,2.864,2.874,2.855,2.874,574.0
2017-03-09,2.859,2.885,2.858,2.885,696.0
2017-03-10,2.889,2.889,2.877,2.889,387.0
2017-03-13,2.887,2.893,2.869,2.892,263.0
2017-03-14,2.873,2.873,2.836,2.848,591.0
2017-03-15,2.864,2.866,2.854,2.86,822.0
2017-03-16,2.848,2.85,2.835,2.845,986.0
2017-03-17,2.839,2.85,2.834,2.85,280.0
2017-03-20,2.851,2.871,2.837,2.871,339.0
2017-03-21,2.882,2.889,2.877,2.887,614.0
2017-03-22,2.878,2.878,2.861,2.863,794.0
2017-03-23,2.885,2.885,2.869,2.883,1257.0
2017-03-24,2.877,2.891,2.874,2.891,356.0
2017-03-27,2.897,2.9,2.88,2.894,494.0
2017-03-28,2.897,2.899,2.889,2.899,1316.0
2017-03-29,2.903,2.907,2.903,2.907,736.0
2017-03-30,2.9,2.901,2.88,2.88,908.0
2017-03-31,2.886,2.886,2.858,2.86,317.0
2017-04-03,2.867,2.867,2.867,2.867,42.0
2017-04-04,2.896,2.907,2.886,2.907,2923.0
2017-04-05,2.917,2.917,2.89,2.902,1738.0
2017-04-06,2.89,2.897,2.88,2.893,1868.0
2017-04-07,2.888,2.888,2.86,2.873,1863.0
2017-04-10,2.86,2.877,2.86,2.877,773.0
2017-04-11,2.881,2.896,2.879,2.896,1756.0
2017-04-12,2.9,2.903,2.895,2.903,1862.0
2017-04-13,2.906,2.928,2.897,2.928,1773.0
2017-04-17,2.925,2.931,2.922,2.931,835.0
2017-04-18,2.933,2.936,2.929,2.936,412.0
2017-04-19,2.938,2.942,2.934,2.936,1309.0
2017-04-20,2.93,2.957,2.929,2.957,351.0
2017-04-21,2.935,2.956,2.934,2.954,216.0
2017-04-24,2.953,2.957,2.952,2.952,338.0
2017-04-25,2.954,2.965,2.951,2.965,797.0
2017-04-26,2.983,2.983,2.952,2.982,706.0
2017-04-27,2.958,2.963,2.958,2.962,510.0
2017-04-28,2.965,2.966,2.957,2.966,263.0
2017-05-01,2.964,2.964,2.929,2.929,318.0
2017-05-02,2.929,2.939,2.914,2.92,236.0
2017-05-03,2.92,2.933,2.903,2.933,375.0
2017-05-04,2.918,2.923,2.918,2.923,860.0
2017-05-05,2.922,2.945,2.922,2.945,590.0
2017-05-08,2.925,2.944,2.907,2.919,396.0
2017-05-09,2.929,2.935,2.929,2.935,526.0
2017-05-10,2.938,2.964,2.938,2.942,838.0
2017-05-11,2.952,2.961,2.944,2.956,1359.0
2017-05-12,2.952,2.962,2.952,2.959,687.0
2017-05-15,2.949,2.953,2.941,2.948,2225.0
2017-05-16,2.942,2.942,2.921,2.927,709.0
2017-05-17,2.922,2.939,2.917,2.929,860.0
2017-05-18,2.934,2.937,2.922,2.935,206.0
2017-05-19,2.944,2.952,2.938,2.941,4613.0
2017-05-22,2.96,2.961,2.955,2.957,770.0
2017-05-23,2.952,2.952,2.934,2.945,874.0
2017-05-24,2.945,2.945,2.929,2.936,305.0
2017-05-25,2.932,2.942,2.924,2.942,326.0
2017-05-26,2.947,2.956,2.945,2.952,914.0
2017-05-30,2.919,2.941,2.916,2.925,2578.0
2017-05-31,2.925,2.929,2.905,2.909,1876.0
2017-06-01,2.928,2.932,2.904,2.905,2569.0
2017-06-02,2.907,2.923,2.905,2.914,672.0
2017-06-05,2.909,2.922,2.897,2.903,835.0
2017-06-06,2.894,2.92,2.894,2.917,622.0
2017-06-07,2.91,2.923,2.908,2.922,1025.0
2017-06-08,2.919,2.932,2.903,2.932,1016.0
2017-06-09,2.928,2.935,2.926,2.935,1782.0
2017-06-12,2.939,2.939,2.922,2.939,105.0
2017-06-13,2.935,2.935,2.903,2.92,2174.0
2017-06-14,2.901,2.919,2.894,2.896,4065.0
2017-06-15,2.896,2.925,2.887,2.925,983.0
2017-06-16,2.926,2.929,2.908,2.911,1119.0
2017-06-19,2.896,2.899,2.846,2.848,1675.0
2017-06-20,2.853,2.865,2.845,2.862,637.0
2017-06-21,2.866,2.879,2.856,2.873,805.0
2017-06-22,2.876,2.88,2.864,2.87,2222.0
2017-06-23,2.873,2.883,2.872,2.883,441.0
2017-06-26,2.895,2.902,2.888,2.897,475.0
2017-06-27,2.899,2.899,2.888,2.893,1987.0
2017-06-28,2.9,2.902,2.884,2.89,1073.0
2017-06-29,2.896,2.896,2.868,2.873,1720.0
2017-06-30,2.872,2.881,2.851,2.876,2275.0
2017-07-03,2.801,2.89,2.801,2.855,1398.0
2017-07-05,2.843,2.872,2.808,2.808,1447.0
2017-07-06,2.829,2.829,2.811,2.82,1508.0
2017-07-07,2.829,2.85,2.814,2.82,662.0
2017-07-10,2.835,2.848,2.835,2.846,924.0
2017-07-11,2.845,2.896,2.844,2.896,2020.0
2017-07-12,2.875,2.88,2.873,2.877,1116.0
2017-07-13,2.863,2.892,2.862,2.889,306.0
2017-07-14,2.886,2.901,2.886,2.901,1716.0
2017-07-17,2.914,2.915,2.892,2.903,1315.0
2017-07-18,2.911,2.921,2.901,2.92,3149.0
2017-07-19,2.919,2.919,2.911,2.917,5008.0
2017-07-20,2.92,2.925,2.909,2.921,557.0
2017-07-21,2.913,2.913,2.888,2.901,1359.0
2017-07-24,2.88,2.885,2.84,2.85,1334.0
2017-07-25,2.859,2.869,2.854,2.863,1666.0
2017-07-26,2.852,2.872,2.844,2.857,766.0
2017-07-27,2.856,2.871,2.846,2.871,712.0
2017-07-28,2.863,2.877,2.862,2.876,501.0
2017-07-31,2.84,2.853,2.811,2.826,2120.0
2017-08-01,2.847,2.847,2.816,2.833,1857.0
2017-08-02,2.83,2.863,2.827,2.857,4258.0
2017-08-03,2.87,2.874,2.855,2.868,1523.0
2017-08-04,2.858,2.865,2.846,2.861,1709.0
2017-08-07,2.87,2.879,2.862,2.872,920.0
2017-08-08,2.882,2.887,2.863,2.887,408.0
2017-08-09,2.892,2.907,2.883,2.899,2161.0
2017-08-10,2.904,2.92,2.896,2.92,2952.0
2017-08-11,2.922,2.924,2.913,2.924,647.0
2017-08-14,2.935,2.935,2.91,2.927,1430.0
2017-08-15,2.927,2.929,2.904,2.914,1518.0
2017-08-16,2.904,2.907,2.892,2.895,1050.0
2017-08-17,2.9,2.91,2.885,2.903,1128.0
2017-08-18,2.892,2.907,2.892,2.898,653.0
2017-08-21,2.919,2.925,2.891,2.922,2385.0
2017-08-22,2.917,2.935,2.917,2.92,1250.0
2017-08-23,2.912,2.927,2.905,2.924,1189.0
2017-08-24,2.933,2.938,2.915,2.925,2253.0
2017-08-25,2.917,2.917,2.894,2.907,5405.0
2017-08-28,2.9,2.933,2.895,2.925,415.0
2017-08-29,2.912,2.93,2.912,2.928,903.0
2017-08-30,2.919,2.923,2.911,2.915,903.0
2017-08-31,2.915,2.941,2.898,2.94,2020.0
2017-09-01,2.941,2.952,2.909,2.952,2324.0
2017-09-05,2.943,2.954,2.921,2.931,3877.0
2017-09-06,2.935,2.948,2.93,2.943,1717.0
2017-09-07,2.949,2.953,2.931,2.948,3120.0
2017-09-08,2.949,2.95,2.922,2.93,1922.0
2017-09-11,2.948,2.964,2.944,2.964,1071.0
2017-09-12,2.96,2.983,2.95,2.97,4305.0
2017-09-13,2.971,2.986,2.971,2.98,1667.0
2017-09-14,2.966,2.984,2.965,2.973,1899.0
2017-09-15,2.969,2.98,2.958,2.977,1560.0
2017-09-18,2.993,3.006,2.987,2.995,3054.0
2017-09-19,2.995,2.996,2.977,2.996,1810.0
2017-09-20,2.991,2.999,2.987,2.996,1522.0
2017-09-21,2.99,2.993,2.945,2.952,2162.0
2017-09-22,2.954,2.97,2.95,2.97,588.0
2017-09-25,2.966,2.972,2.947,2.952,1217.0
2017-09-26,2.954,2.962,2.922,2.953,1171.0
2017-09-27,2.954,2.976,2.952,2.973,3612.0
2017-09-28,2.967,2.982,2.953,2.966,1742.0
2017-09-29,2.965,2.965,2.946,2.956,3629.0
2017-10-02,2.954,2.954,2.914,2.94,2758.0
2017-10-03,2.936,2.939,2.92,2.934,4315.0
2017-10-04,2.945,2.975,2.94,2.962,3175.0
2017-10-05,2.972,2.983,2.959,2.969,1825.0
2017-10-06,2.955,2.962,2.94,2.95,2678.0
2017-10-09,2.945,2.964,2.943,2.953,1674.0
2017-10-10,2.945,2.976,2.945,2.976,2139.0
2017-10-11,2.971,2.986,2.956,2.959,2774.0
2017-10-12,2.959,2.991,2.953,2.985,4560.0
2017-10-13,2.986,3.011,2.983,3.005,1956.0
2017-10-16,2.99,3.005,2.973,3.001,2189.0
2017-10-17,3.005,3.02,2.989,3.008,4878.0
2017-10-18,2.989,2.992,2.978,2.99,3267.0
2017-10-19,2.99,3.011,2.965,3.011,3798.0
2017-10-20,3.013,3.017,2.984,3.017,1868.0
2017-10-23,3.039,3.041,3.009,3.023,1636.0
2017-10-24,3.019,3.026,3.008,3.021,2014.0
2017-10-25,3.021,3.021,3.003,3.005,894.0
2017-10-26,3.009,3.014,2.978,2.992,1171.0
2017-10-27,2.99,2.99,2.949,2.955,2360.0
2017-10-30,2.961,2.977,2.951,2.959,1324.0
2017-10-31,2.973,2.973,2.916,2.923,1965.0
2017-11-01,2.921,2.928,2.89,2.91,850.0
2017-11-02,2.916,2.942,2.916,2.929,2504.0
2017-11-03,2.922,2.954,2.922,2.951,873.0
2017-11-06,2.985,3.003,2.972,2.99,1917.0
2017-11-07,2.986,3.0,2.97,2.998,2363.0
2017-11-08,2.981,3.011,2.981,3.007,1254.0
2017-11-09,3.017,3.019,2.995,3.012,2110.0
2017-11-10,3.008,3.016,2.998,3.016,2244.0
2017-11-13,3.007,3.022,2.988,3.005,1909.0
2017-11-14,2.985,2.993,2.966,2.986,1220.0
2017-11-15,2.981,3.002,2.968,2.98,1636.0
2017-11-16,2.983,2.995,2.973,2.99,1590.0
2017-11-17,2.989,3.015,2.987,3.003,1403.0
2017-11-20,2.98,3.003,2.978,2.995,963.0
2017-11-21,2.987,3.0,2.98,2.99,1467.0
2017-11-22,2.987,2.987,2.959,2.968,1265.0
2017-11-24,2.954,2.971,2.878,2.886,715.0
2017-11-27,2.94,2.942,2.92,2.924,793.0
2017-11-28,2.932,2.977,2.929,2.97,1414.0
2017-11-29,2.972,3.0,2.972,2.985,3516.0
2017-11-30,2.976,2.98,2.924,2.931,4573.0
2017-12-01,2.938,2.961,2.926,2.936,2423.0
2017-12-04,2.945,2.953,2.877,2.896,3283.0
2017-12-05,2.902,2.902,2.844,2.87,3736.0
2017-12-06,2.879,2.891,2.852,2.877,1330.0
2017-12-07,2.86,2.86,2.792,2.796,5637.0
2017-12-08,2.794,2.825,2.777,2.788,3372.0
2017-12-11,2.816,2.816,2.788,2.804,2993.0
2017-12-12,2.802,2.809,2.701,2.706,4740.0
2017-12-13,2.722,2.743,2.678,2.718,3492.0
2017-12-14,2.71,2.723,2.681,2.714,2380.0
2017-12-15,2.71,2.739,2.641,2.664,3773.0
2017-12-18,2.682,2.757,2.681,2.723,3407.0
2017-12-19,2.721,2.736,2.688,2.706,7492.0
2017-12-20,2.728,2.735,2.636,2.652,6013.0
2017-12-21,2.642,2.664,2.608,2.623,3142.0
2017-12-22,2.629,2.665,2.616,2.661,898.0
2017-12-26,2.695,2.718,2.648,2.681,2040.0
2017-12-27,2.679,2.742,2.669,2.729,2203.0
2017-12-28,2.741,2.803,2.738,2.782,8576.0
2017-12-29,2.801,2.823,2.79,2.807,3251.0
2018-01-02,2.849,2.861,2.812,2.837,4597.0
2018-01-03,2.837,2.837,2.783,2.826,2029.0
2018-01-04,2.839,2.849,2.749,2.769,4494.0
2018-01-05,2.761,2.761,2.691,2.74,7683.0
2018-01-08,2.762,2.773,2.709,2.761,4700.0
2018-01-09,2.783,2.813,2.737,2.801,6071.0
2018-01-10,2.82,2.82,2.753,2.795,5008.0
2018-01-11,2.781,2.835,2.78,2.835,8351.0
2018-01-12,2.826,2.85,2.804,2.848,8311.0
2018-01-16,2.814,2.845,2.79,2.843,6592.0
2018-01-17,2.83,2.869,2.819,2.867,4091.0
2018-01-18,2.863,2.873,2.82,2.872,5288.0
2018-01-19,2.856,2.88,2.84,2.854,5071.0
2018-01-22,2.863,2.866,2.835,2.862,3215.0
2018-01-23,2.874,2.932,2.872,2.908,6375.0
2018-01-24,2.915,2.934,2.886,2.928,5772.0
2018-01-25,2.931,2.958,2.917,2.942,10856.0
2018-01-26,2.948,2.972,2.927,2.956,11609.0
2018-01-29,2.921,2.976,2.902,2.975,10110.0
2018-01-30,2.981,3.006,2.967,2.999,7172.0
2018-01-31,2.994,2.995,2.899,2.922,11159.0
2018-02-01,2.907,2.909,2.853,2.873,11894.0
2018-02-02,2.881,2.904,2.861,2.871,5724.0
2018-02-05,2.866,2.884,2.803,2.815,8997.0
2018-02-06,2.834,2.836,2.775,2.814,12301.0
2018-02-07,2.829,2.836,2.773,2.791,13409.0
2018-02-08,2.792,2.827,2.778,2.788,10995.0
2018-02-09,2.797,2.797,2.708,2.717,17559.0
2018-02-12,2.698,2.742,2.69,2.705,14690.0
2018-02-13,2.721,2.763,2.721,2.745,12915.0
2018-02-14,2.753,2.765,2.712,2.746,10979.0
2018-02-15,2.759,2.769,2.701,2.741,12042.0
2018-02-16,2.743,2.744,2.718,2.725,8843.0
2018-02-20,2.737,2.787,2.727,2.769,14229.0
2018-02-21,2.781,2.809,2.717,2.791,9111.0
2018-02-22,2.786,2.801,2.769,2.789,9260.0
2018-02-23,2.767,2.79,2.741,2.774,12088.0
2018-02-26,2.785,2.829,2.762,2.796,9901.0
2018-02-27,2.79,2.814,2.75,2.801,8730.0
2018-02-28,2.81,2.824,2.778,2.791,11945.0
2018-03-01,2.788,2.844,2.771,2.822,19242.0
2018-03-02,2.818,2.847,2.81,2.819,13018.0
2018-03-05,2.84,2.841,2.805,2.831,10588.0
2018-03-06,2.845,2.873,2.832,2.869,12099.0
2018-03-07,2.871,2.904,2.864,2.899,13455.0
2018-03-08,2.904,2.909,2.866,2.89,20907.0
2018-03-09,2.881,2.884,2.848,2.867,15772.0
2018-03-12,2.863,2.923,2.85,2.905,13019.0
2018-03-13,2.908,2.929,2.902,2.917,10260.0
2018-03-14,2.919,2.925,2.848,2.874,11106.0
2018-03-15,2.878,2.886,2.819,2.835,11144.0
2018-03-16,2.838,2.848,2.822,2.839,11449.0
2018-03-19,2.83,2.853,2.799,2.813,10723.0
2018-03-20,2.819,2.846,2.812,2.835,6302.0
2018-03-21,2.837,2.861,2.797,2.802,12602.0
2018-03-22,2.813,2.828,2.79,2.796,10689.0
2018-03-23,2.801,2.804,2.763,2.773,9047.0
2018-03-26,2.765,2.815,2.76,2.797,11589.0
2018-03-27,2.804,2.846,2.798,2.838,12261.0
2018-03-28,2.841,2.851,2.811,2.823,8735.0
2018-03-29,2.824,2.873,2.824,2.847,18905.0
2018-04-02,2.841,2.869,2.77,2.805,11811.0
2018-04-03,2.799,2.825,2.794,2.819,16440.0
2018-04-04,2.821,2.864,2.801,2.842,19688.0
2018-04-05,2.837,2.839,2.78,2.812,18073.0
2018-04-06,2.813,2.85,2.813,2.825,32928.0
2018-04-09,2.809,2.819,2.766,2.802,36271.0
2018-04-10,2.801,2.828,2.752,2.77,33252.0
2018-04-11,2.775,2.791,2.736,2.779,25214.0
2018-04-12,2.777,2.796,2.756,2.782,22194.0
2018-04-13,2.786,2.844,2.77,2.821,18989.0
2018-04-16,2.835,2.86,2.827,2.845,14137.0
2018-04-17,2.84,2.851,2.808,2.833,6801.0
2018-04-18,2.836,2.875,2.822,2.828,16284.0
2018-04-19,2.832,2.837,2.758,2.76,18590.0
2018-04-20,2.77,2.826,2.756,2.821,15609.0
2018-04-23,2.818,2.835,2.794,2.824,10899.0
2018-04-24,2.831,2.858,2.811,2.857,13870.0
2018-04-25,2.855,2.867,2.831,2.852,12666.0
2018-04-26,2.857,2.884,2.846,2.878,16826.0
2018-04-27,2.868,2.873,2.817,2.82,16260.0
2018-04-30,2.811,2.826,2.779,2.807,17280.0
2018-05-01,2.811,2.859,2.803,2.841,20296.0
2018-05-02,2.842,2.848,2.791,2.797,16443.0
2018-05-03,2.803,2.815,2.745,2.764,21136.0
2018-05-04,2.765,2.775,2.739,2.746,13802.0
2018-05-07,2.744,2.8,2.727,2.772,25727.0
2018-05-08,2.768,2.799,2.74,2.767,24134.0
2018-05-09,2.772,2.79,2.759,2.767,28863.0
2018-05-10,2.766,2.839,2.741,2.836,36849.0
2018-05-11,2.83,2.844,2.818,2.836,24038.0
2018-05-14,2.846,2.872,2.827,2.869,23867.0
2018-05-15,2.863,2.888,2.854,2.864,25373.0
2018-05-16,2.856,2.87,2.839,2.85,21835.0
2018-05-17,2.851,2.9,2.821,2.898,26013.0
2018-05-18,2.894,2.914,2.881,2.893,20246.0
2018-05-21,2.875,2.894,2.861,2.869,25594.0
2018-05-22,2.88,2.956,2.872,2.952,39161.0
2018-05-23,2.945,2.989,2.944,2.973,33185.0
2018-05-24,2.976,2.994,2.961,2.988,27339.0
2018-05-25,2.981,3.012,2.962,2.983,28210.0
2018-05-29,2.983,3.016,2.884,2.923,49856.0
2018-05-30,2.924,2.926,2.888,2.905,34255.0
2018-05-31,2.911,3.0,2.909,2.965,62645.0
2018-06-01,2.965,2.996,2.947,2.976,29487.0
2018-06-04,2.988,2.994,2.937,2.943,40483.0
2018-06-05,2.936,2.945,2.889,2.907,36584.0
2018-06-06,2.906,2.929,2.89,2.909,42867.0
2018-06-07,2.914,2.994,2.91,2.939,83277.0
2018-06-08,2.941,2.943,2.883,2.894,76196.0
2018-06-11,2.932,2.966,2.917,2.941,93648.0
2018-06-12,2.947,2.974,2.912,2.929,92387.0
2018-06-13,2.932,2.965,2.909,2.948,90983.0
2018-06-14,2.946,2.966,2.92,2.958,72739.0
2018-06-15,2.962,3.027,2.959,3.015,101445.0
2018-06-18,3.039,3.043,2.947,2.951,88692.0
2018-06-19,2.953,2.956,2.891,2.904,104016.0
2018-06-20,2.924,2.968,2.917,2.965,100281.0
2018-06-21,2.969,3.006,2.945,2.972,99247.0
2018-06-22,2.976,2.986,2.924,2.945,100703.0
2018-06-25,2.923,2.94,2.896,2.921,84603.0
2018-06-26,2.93,2.947,2.902,2.931,101090.0
2018-06-27,2.943,2.998,2.941,2.981,161502.0
2018-06-28,2.988,3.021,2.93,2.94,157118.0
2018-06-29,2.951,2.954,2.91,2.924,116419.0
2018-07-02,2.92,2.927,2.852,2.862,165518.0
2018-07-03,2.861,2.903,2.852,2.87,121584.0
2018-07-05,2.858,2.894,2.822,2.837,128995.0
2018-07-06,2.83,2.862,2.824,2.858,105972.0
2018-07-09,2.839,2.865,2.817,2.828,126582.0
2018-07-10,2.829,2.835,2.782,2.788,127274.0
2018-07-11,2.787,2.832,2.78,2.829,111015.0
2018-07-12,2.822,2.827,2.789,2.797,114889.0
2018-07-13,2.802,2.812,2.75,2.752,134285.0
2018-07-16,2.765,2.778,2.735,2.759,110054.0
2018-07-17,2.768,2.788,2.731,2.74,109351.0
2018-07-18,2.744,2.754,2.72,2.721,111413.0
2018-07-19,2.731,2.776,2.704,2.769,134437.0
2018-07-20,2.767,2.784,2.754,2.757,92132.0
2018-07-23,2.737,2.741,2.713,2.721,109970.0
2018-07-24,2.723,2.744,2.71,2.732,78517.0
2018-07-25,2.739,2.78,2.735,2.775,45441.0
2018-07-26,2.777,2.799,2.769,2.78,44274.0
2018-07-27,2.775,2.831,2.769,2.822,6924.0
