DATETIME,OPEN,HIGH,LOW,FINAL,VOLUME
2010-03-30,8.346,8.346,8.346,8.346,0.0
2010-03-31,8.43,8.43,8.43,8.43,0.0
2010-04-01,8.471,8.471,8.471,8.471,0.0
2010-04-05,8.571,8.571,8.571,8.571,0.0
2010-04-06,8.455,8.455,8.455,8.455,0.0
2010-04-07,8.436,8.436,8.436,8.436,0.0
2010-04-08,8.381,8.381,8.381,8.381,0.0
2010-04-09,8.484,8.484,8.484,8.484,0.0
2010-04-12,8.443,8.443,8.443,8.443,0.0
2010-04-13,8.507,8.507,8.507,8.507,0.0
2010-04-14,8.547,8.547,8.547,8.547,0.0
2010-04-15,8.522,8.522,8.522,8.522,0.0
2010-04-16,8.493,8.493,8.493,8.493,0.0
2010-04-19,8.49,8.49,8.49,8.49,0.0
2010-04-20,8.569,8.569,8.569,8.569,0.0
2010-04-21,8.605,8.605,8.605,8.605,0.0
2010-04-22,8.686,8.686,8.686,8.686,0.0
2010-04-23,8.712,8.712,8.712,8.712,0.0
2010-04-26,8.689,8.689,8.689,8.689,0.0
2010-04-27,8.673,8.673,8.673,8.673,0.0
2010-04-28,8.679,8.679,8.679,8.679,0.0
2010-04-29,8.6,8.6,8.6,8.6,0.0
2010-04-30,8.584,8.584,8.584,8.584,0.0
2010-05-03,8.659,8.659,8.659,8.659,0.0
2010-05-04,8.733,8.733,8.733,8.733,0.0
2010-05-05,8.785,8.785,8.785,8.785,0.0
2010-05-06,8.777,8.777,8.777,8.777,0.0
2010-05-07,8.794,8.794,8.794,8.794,0.0
2010-05-10,8.824,8.824,8.824,8.824,0.0
2010-05-11,8.841,8.841,8.841,8.841,0.0
2010-05-12,8.881,8.881,8.881,8.881,0.0
2010-05-13,8.823,8.823,8.823,8.823,0.0
2010-05-14,8.716,8.716,8.716,8.716,0.0
2010-05-17,8.678,8.678,8.678,8.678,0.0
2010-05-18,8.613,8.613,8.613,8.613,0.0
2010-05-19,8.523,8.523,8.523,8.523,0.0
2010-05-20,8.488,8.488,8.488,8.488,0.0
2010-05-21,8.404,8.404,8.404,8.404,0.0
2010-05-24,8.378,8.378,8.378,8.378,0.0
2010-05-25,8.405,8.405,8.405,8.405,0.0
2010-05-26,8.375,8.375,8.375,8.375,0.0
2010-05-27,8.338,8.338,8.338,8.338,0.0
2010-05-28,8.303,8.303,8.303,8.303,0.0
2010-06-01,8.176,8.176,8.176,8.176,0.0
2010-06-02,8.19,8.19,8.19,8.19,0.0
2010-06-03,8.17,8.17,8.17,8.17,0.0
2010-06-04,8.104,8.104,8.104,8.104,0.0
2010-06-07,8.112,8.112,8.112,8.112,0.0
2010-06-08,8.072,8.072,8.072,8.072,0.0
2010-06-09,8.081,8.081,8.081,8.081,0.0
2010-06-10,8.148,8.148,8.148,8.148,0.0
2010-06-11,8.113,8.113,8.113,8.113,0.0
2010-06-14,8.02,8.02,8.02,8.02,0.0
2010-06-15,8.026,8.026,8.026,8.026,0.0
2010-06-16,8.149,8.149,8.149,8.149,0.0
2010-06-17,8.233,8.233,8.233,8.233,0.0
2010-06-18,8.312,8.312,8.312,8.312,0.0
2010-06-21,8.28,8.28,8.28,8.28,0.0
2010-06-22,8.297,8.297,8.297,8.297,0.0
2010-06-23,8.353,8.353,8.353,8.353,0.0
2010-06-24,8.363,8.363,8.363,8.363,0.0
2010-06-25,8.363,8.363,8.363,8.363,0.0
2010-06-28,8.271,8.271,8.271,8.271,0.0
2010-06-29,8.208,8.208,8.208,8.208,0.0
2010-06-30,8.189,8.189,8.189,8.189,0.0
2010-07-01,8.189,8.189,8.189,8.189,0.0
2010-07-02,8.113,8.113,8.113,8.113,0.0
2010-07-06,8.103,8.103,8.103,8.103,0.0
2010-07-07,8.219,8.219,8.219,8.219,0.0
2010-07-08,8.233,8.233,8.233,8.233,0.0
2010-07-09,8.256,8.256,8.256,8.256,0.0
2010-07-12,8.235,8.235,8.235,8.235,0.0
2010-07-13,8.17,8.17,8.17,8.17,0.0
2010-07-14,8.263,8.263,8.263,8.263,0.0
2010-07-15,8.325,8.325,8.325,8.325,0.0
2010-07-16,8.128,8.128,8.128,8.128,0.0
2010-07-19,8.113,8.113,8.113,8.113,0.0
2010-07-20,8.123,8.123,8.123,8.123,0.0
2010-07-21,8.121,8.121,8.121,8.121,0.0
2010-07-22,8.115,8.115,8.115,8.115,0.0
2010-07-23,8.036,8.036,8.036,8.036,0.0
2010-07-26,7.989,7.989,7.989,7.989,0.0
2010-07-27,7.623,7.623,7.623,7.623,0.0
2010-07-28,7.549,7.549,7.549,7.549,0.0
2010-07-29,7.341,7.341,7.341,7.341,0.0
2010-07-30,7.187,7.187,7.187,7.187,0.0
2010-08-02,7.243,7.243,7.243,7.243,0.0
2010-08-03,7.197,7.197,7.197,7.197,0.0
2010-08-04,7.215,7.215,7.215,7.215,0.0
2010-08-05,7.075,7.075,7.075,7.075,0.0
2010-08-06,6.926,6.926,6.926,6.926,0.0
2010-08-09,6.741,6.741,6.741,6.741,0.0
2010-08-10,6.486,6.486,6.486,6.486,0.0
2010-08-11,6.504,6.504,6.504,6.504,0.0
2010-08-12,6.513,6.513,6.513,6.513,0.0
2010-08-13,6.461,6.461,6.461,6.461,0.0
2010-08-16,6.313,6.313,6.313,6.313,0.0
2010-08-17,6.272,6.272,6.272,6.272,0.0
2010-08-18,6.39,6.39,6.39,6.39,0.0
2010-08-19,6.438,6.438,6.438,6.438,0.0
2010-08-20,6.547,6.547,6.547,6.547,0.0
2010-08-23,6.617,6.617,6.617,6.617,0.0
2010-08-24,6.627,6.627,6.627,6.627,0.0
2010-08-25,6.67,6.67,6.67,6.67,0.0
2010-08-26,6.804,6.804,6.804,6.804,0.0
2010-08-27,6.781,6.781,6.781,6.781,0.0
2010-08-30,6.742,6.742,6.742,6.742,0.0
2010-08-31,6.716,6.716,6.716,6.716,0.0
2010-09-01,6.67,6.67,6.67,6.67,0.0
2010-09-02,6.6,6.6,6.6,6.6,0.0
2010-09-03,6.638,6.638,6.638,6.638,0.0
2010-09-07,6.653,6.653,6.653,6.653,0.0
2010-09-08,6.685,6.685,6.685,6.685,0.0
2010-09-09,6.741,6.741,6.741,6.741,0.0
2010-09-10,6.781,6.781,6.781,6.781,0.0
2010-09-13,6.748,6.748,6.748,6.748,0.0
2010-09-14,6.695,6.695,6.695,6.695,0.0
2010-09-15,6.683,6.683,6.683,6.683,0.0
2010-09-16,6.518,6.518,6.518,6.518,0.0
2010-09-17,6.39,6.39,6.39,6.39,0.0
2010-09-20,6.332,6.332,6.332,6.332,0.0
2010-09-21,6.275,6.275,6.275,6.275,0.0
2010-09-22,6.285,6.285,6.285,6.285,0.0
2010-09-23,6.35,6.35,6.35,6.35,0.0
2010-09-24,6.343,6.343,6.343,6.343,0.0
2010-09-27,6.306,6.306,6.306,6.306,0.0
2010-09-28,6.364,6.364,6.364,6.364,0.0
2010-09-29,6.337,6.337,6.337,6.337,0.0
2010-09-30,6.32,6.32,6.32,6.32,0.0
2010-10-01,6.399,6.399,6.399,6.399,0.0
2010-10-04,6.53,6.53,6.53,6.53,0.0
2010-10-05,6.565,6.565,6.565,6.565,0.0
2010-10-06,6.61,6.61,6.61,6.61,0.0
2010-10-07,6.71,6.71,6.71,6.71,0.0
2010-10-08,6.725,6.725,6.725,6.725,0.0
2010-10-11,6.682,6.682,6.682,6.682,0.0
2010-10-12,6.655,6.655,6.655,6.655,0.0
2010-10-13,6.646,6.646,6.646,6.646,0.0
2010-10-14,6.674,6.674,6.674,6.674,0.0
2010-10-15,6.625,6.625,6.625,6.625,0.0
2010-10-18,6.621,6.621,6.621,6.621,0.0
2010-10-19,6.6,6.6,6.6,6.6,0.0
2010-10-20,6.591,6.591,6.591,6.591,0.0
2010-10-21,6.442,6.442,6.442,6.442,0.0
2010-10-22,6.371,6.371,6.371,6.371,0.0
2010-10-25,6.47,6.47,6.47,6.47,0.0
2010-10-26,6.702,6.702,6.702,6.702,0.0
2010-10-27,6.747,6.747,6.747,6.747,0.0
2010-10-28,6.477,6.477,6.477,6.477,0.0
2010-10-29,6.356,6.356,6.356,6.356,0.0
2010-11-01,6.421,6.421,6.421,6.421,0.0
2010-11-02,6.479,6.479,6.479,6.479,0.0
2010-11-03,6.453,6.453,6.453,6.453,0.0
2010-11-04,6.448,6.448,6.448,6.448,0.0
2010-11-05,6.455,6.455,6.455,6.455,0.0
2010-11-08,6.469,6.469,6.469,6.469,0.0
2010-11-09,6.464,6.464,6.464,6.464,0.0
2010-11-10,6.537,6.537,6.537,6.537,0.0
2010-11-11,6.605,6.605,6.605,6.605,0.0
2010-11-12,6.606,6.606,6.606,6.606,0.0
2010-11-15,6.677,6.677,6.677,6.677,0.0
2010-11-16,6.641,6.641,6.641,6.641,0.0
2010-11-17,6.638,6.638,6.638,6.638,0.0
2010-11-18,6.708,6.708,6.708,6.708,0.0
2010-11-19,6.728,6.728,6.728,6.728,0.0
2010-11-22,6.797,6.797,6.797,6.797,0.0
2010-11-23,6.777,6.777,6.777,6.777,0.0
2010-11-24,6.725,6.725,6.725,6.725,0.0
2010-11-26,6.733,6.733,6.733,6.733,0.0
2010-11-29,6.713,6.713,6.713,6.713,0.0
2010-11-30,6.743,6.743,6.743,6.743,0.0
2010-12-01,6.737,6.737,6.737,6.737,0.0
2010-12-02,6.724,6.724,6.724,6.724,0.0
2010-12-03,6.724,6.724,6.724,6.724,0.0
2010-12-06,6.558,6.558,6.558,6.558,0.0
2010-12-07,6.55,6.55,6.55,6.55,0.0
2010-12-08,6.557,6.557,6.557,6.557,0.0
2010-12-09,6.436,6.436,6.436,6.436,0.0
2010-12-10,6.423,6.423,6.423,6.423,0.0
2010-12-13,6.468,6.468,6.468,6.468,0.0
2010-12-14,6.513,6.513,6.513,6.513,0.0
2010-12-15,6.674,6.674,6.674,6.674,0.0
2010-12-16,6.672,6.672,6.672,6.672,0.0
2010-12-17,6.729,6.729,6.729,6.729,0.0
2010-12-20,6.701,6.701,6.701,6.701,0.0
2010-12-21,6.677,6.677,6.677,6.677,0.0
2010-12-22,6.656,6.656,6.656,6.656,0.0
2010-12-23,6.669,6.669,6.669,6.669,0.0
2010-12-27,6.683,6.683,6.683,6.683,0.0
2010-12-28,6.685,6.685,6.685,6.685,0.0
2010-12-29,6.655,6.655,6.655,6.655,0.0
2010-12-30,6.605,6.605,6.605,6.605,0.0
2010-12-31,6.627,6.627,6.627,6.627,0.0
2011-01-03,6.561,6.561,6.561,6.561,0.0
2011-01-04,6.585,6.585,6.585,6.585,0.0
2011-01-05,6.666,6.666,6.666,6.666,0.0
2011-01-06,6.649,6.649,6.649,6.649,0.0
2011-01-07,6.678,6.678,6.678,6.678,0.0
2011-01-10,6.695,6.695,6.695,6.695,0.0
2011-01-11,6.731,6.731,6.731,6.731,0.0
2011-01-12,6.655,6.655,6.655,6.655,0.0
2011-01-13,6.69,6.69,6.69,6.69,0.0
2011-01-14,6.727,6.727,6.727,6.727,0.0
2011-01-18,6.736,6.736,6.736,6.736,0.0
2011-01-19,6.702,6.702,6.702,6.702,0.0
2011-01-20,6.688,6.688,6.688,6.688,0.0
2011-01-21,6.677,6.677,6.677,6.677,0.0
2011-01-24,6.67,6.67,6.67,6.67,0.0
2011-01-25,6.716,6.716,6.716,6.716,0.0
2011-01-26,6.744,6.744,6.744,6.744,0.0
2011-01-27,6.786,6.786,6.786,6.786,0.0
2011-01-28,6.702,6.702,6.702,6.702,0.0
2011-01-31,6.697,6.697,6.697,6.697,0.0
2011-02-01,6.717,6.717,6.717,6.717,0.0
2011-02-02,6.74,6.74,6.74,6.74,0.0
2011-02-03,6.759,6.759,6.759,6.759,0.0
2011-02-04,6.77,6.77,6.77,6.77,0.0
2011-02-07,6.782,6.782,6.782,6.782,0.0
2011-02-08,6.831,6.831,6.831,6.831,0.0
2011-02-09,6.826,6.826,6.826,6.826,0.0
2011-02-10,6.816,6.816,6.816,6.816,0.0
2011-02-11,6.806,6.806,6.806,6.806,0.0
2011-02-14,6.789,6.789,6.789,6.789,0.0
2011-02-15,6.852,6.852,6.852,6.852,0.0
2011-02-16,6.962,6.962,6.962,6.962,0.0
2011-02-17,6.992,6.992,6.992,6.992,0.0
2011-02-18,7.001,7.001,7.001,7.001,0.0
2011-02-22,7.036,7.036,7.036,7.036,0.0
2011-02-23,7.011,7.011,7.011,7.011,0.0
2011-02-24,6.986,6.986,6.986,6.986,0.0
2011-02-25,6.996,6.996,6.996,6.996,0.0
2011-02-28,7.016,7.016,7.016,7.016,0.0
2011-03-01,7.088,7.088,7.088,7.088,0.0
2011-03-02,7.116,7.116,7.116,7.116,0.0
2011-03-03,7.111,7.111,7.111,7.111,0.0
2011-03-04,7.241,7.241,7.241,7.241,0.0
2011-03-07,7.253,7.253,7.253,7.253,0.0
2011-03-08,7.247,7.247,7.247,7.247,0.0
2011-03-09,7.24,7.24,7.24,7.24,0.0
2011-03-10,7.247,7.247,7.247,7.247,0.0
2011-03-11,7.251,7.251,7.251,7.251,0.0
2011-03-14,7.308,7.308,7.308,7.308,0.0
2011-03-15,7.588,7.588,7.588,7.588,0.0
2011-03-16,7.593,7.593,7.593,7.593,0.0
2011-03-17,7.565,7.565,7.565,7.565,0.0
2011-03-18,7.509,7.509,7.509,7.509,0.0
2011-03-21,7.427,7.427,7.427,7.427,0.0
2011-03-22,7.468,7.468,7.468,7.468,0.0
2011-03-23,7.495,7.495,7.495,7.495,0.0
2011-03-24,7.489,7.489,7.489,7.489,0.0
2011-03-25,7.587,7.587,7.587,7.587,0.0
2011-03-28,7.573,7.573,7.573,7.573,0.0
2011-03-29,7.524,7.524,7.524,7.524,0.0
2011-03-30,7.557,7.557,7.557,7.557,0.0
2011-03-31,7.642,7.642,7.642,7.642,0.0
2011-04-01,7.739,7.739,7.739,7.739,0.0
2011-04-04,7.76,7.76,7.76,7.76,0.0
2011-04-05,7.656,7.656,7.656,7.656,0.0
2011-04-06,7.658,7.658,7.658,7.658,0.0
2011-04-07,7.69,7.69,7.69,7.69,0.0
2011-04-08,7.787,7.787,7.787,7.787,0.0
2011-04-11,7.812,7.812,7.812,7.812,0.0
2011-04-12,7.75,7.75,7.75,7.75,0.0
2011-04-13,7.712,7.712,7.712,7.712,0.0
2011-04-14,7.699,7.699,7.699,7.699,0.0
2011-04-15,7.729,7.729,7.729,7.729,0.0
2011-04-18,7.724,7.724,7.724,7.724,0.0
2011-04-19,7.691,7.691,7.691,7.691,0.0
2011-04-20,7.584,7.584,7.584,7.584,0.0
2011-04-21,7.516,7.516,7.516,7.516,0.0
2011-04-25,7.513,7.513,7.513,7.513,0.0
2011-04-26,7.542,7.542,7.542,7.542,0.0
2011-04-27,7.509,7.509,7.509,7.509,0.0
2011-04-28,7.511,7.511,7.511,7.511,0.0
2011-04-29,7.449,7.449,7.449,7.449,0.0
2011-05-02,7.471,7.471,7.471,7.471,0.0
2011-05-03,7.541,7.541,7.541,7.541,0.0
2011-05-04,7.57,7.57,7.57,7.57,0.0
2011-05-05,7.474,7.474,7.474,7.474,0.0
2011-05-06,7.395,7.395,7.395,7.395,0.0
2011-05-09,7.408,7.408,7.408,7.408,0.0
2011-05-10,7.484,7.484,7.484,7.484,0.0
2011-05-11,7.538,7.538,7.538,7.538,0.0
2011-05-12,7.547,7.547,7.547,7.547,0.0
2011-05-13,7.582,7.582,7.582,7.582,0.0
2011-05-16,7.577,7.577,7.577,7.577,0.0
2011-05-17,7.546,7.546,7.546,7.546,0.0
2011-05-18,7.56,7.56,7.56,7.56,0.0
2011-05-19,7.483,7.483,7.483,7.483,0.0
2011-05-20,7.53,7.53,7.53,7.53,0.0
2011-05-23,7.669,7.669,7.669,7.669,0.0
2011-05-24,7.592,7.592,7.592,7.592,0.0
2011-05-25,7.596,7.596,7.596,7.596,0.0
2011-05-26,7.566,7.566,7.566,7.566,0.0
2011-05-27,7.602,7.602,7.602,7.602,0.0
2011-05-31,7.482,7.482,7.482,7.482,0.0
2011-06-01,7.458,7.458,7.458,7.458,0.0
2011-06-02,7.329,7.329,7.329,7.329,0.0
2011-06-03,7.28,7.28,7.28,7.28,0.0
2011-06-06,7.224,7.224,7.224,7.224,0.0
2011-06-07,7.231,7.231,7.231,7.231,0.0
2011-06-08,7.247,7.247,7.247,7.247,0.0
2011-06-09,7.16,7.16,7.16,7.16,0.0
2011-06-10,7.167,7.167,7.167,7.167,0.0
2011-06-13,7.145,7.145,7.145,7.145,0.0
2011-06-14,7.259,7.259,7.259,7.259,0.0
2011-06-15,7.283,7.283,7.283,7.283,0.0
2011-06-16,7.283,7.283,7.283,7.283,0.0
2011-06-17,7.337,7.337,7.337,7.337,0.0
2011-06-20,7.335,7.335,7.335,7.335,0.0
2011-06-21,7.182,7.182,7.182,7.182,0.0
2011-06-22,7.195,7.195,7.195,7.195,0.0
2011-06-23,7.189,7.189,7.189,7.189,0.0
2011-06-24,7.212,7.212,7.212,7.212,0.0
2011-06-27,7.201,7.201,7.201,7.201,0.0
2011-06-28,7.202,7.202,7.202,7.202,0.0
2011-06-29,7.174,7.174,7.174,7.174,0.0
2011-06-30,7.171,7.171,7.171,7.171,0.0
2011-07-01,7.171,7.171,7.171,7.171,0.0
2011-07-05,7.113,7.113,7.113,7.113,0.0
2011-07-06,7.123,7.123,7.123,7.123,0.0
2011-07-07,7.151,7.151,7.151,7.151,0.0
2011-07-08,7.218,7.218,7.218,7.218,0.0
2011-07-11,7.258,7.258,7.258,7.258,0.0
2011-07-12,7.258,7.258,7.258,7.258,0.0
2011-07-13,7.231,7.231,7.231,7.231,0.0
2011-07-14,7.209,7.209,7.209,7.209,0.0
2011-07-15,7.211,7.211,7.211,7.211,0.0
2011-07-18,7.191,7.191,7.191,7.191,0.0
2011-07-19,7.083,7.083,7.083,7.083,0.0
2011-07-20,7.034,7.034,7.034,7.034,0.0
2011-07-21,7.065,7.065,7.065,7.065,0.0
2011-07-22,7.041,7.041,7.041,7.041,0.0
2011-07-25,7.026,7.026,7.026,7.026,0.0
2011-07-26,7.021,7.021,7.021,7.021,0.0
2011-07-27,7.034,7.034,7.034,7.034,0.0
2011-07-28,7.06,7.06,7.06,7.06,0.0
2011-07-29,7.053,7.053,7.053,7.053,0.0
2011-08-01,7.107,7.107,7.107,7.107,0.0
2011-08-02,7.022,7.022,7.022,7.022,0.0
2011-08-03,6.973,6.973,6.973,6.973,0.0
2011-08-04,6.842,6.842,6.842,6.842,0.0
2011-08-05,6.774,6.774,6.774,6.774,0.0
2011-08-08,6.745,6.745,6.745,6.745,0.0
2011-08-09,6.721,6.721,6.721,6.721,0.0
2011-08-10,6.693,6.693,6.693,6.693,0.0
2011-08-11,6.746,6.746,6.746,6.746,0.0
2011-08-12,6.759,6.759,6.759,6.759,0.0
2011-08-15,6.823,6.823,6.823,6.823,0.0
2011-08-16,6.908,6.908,6.908,6.908,0.0
2011-08-17,6.875,6.875,6.875,6.875,0.0
2011-08-18,6.865,6.865,6.865,6.865,0.0
2011-08-19,6.903,6.903,6.903,6.903,0.0
2011-08-22,6.879,6.879,6.879,6.879,0.0
2011-08-23,6.897,6.897,6.897,6.897,0.0
2011-08-24,6.754,6.754,6.754,6.754,0.0
2011-08-25,6.745,6.745,6.745,6.745,0.0
2011-08-26,6.742,6.742,6.742,6.742,0.0
2011-08-29,6.711,6.711,6.711,6.711,0.0
2011-08-30,6.727,6.727,6.727,6.727,0.0
2011-08-31,6.735,6.735,6.735,6.735,0.0
2011-09-01,6.796,6.796,6.796,6.796,0.0
2011-09-02,6.781,6.781,6.781,6.781,0.0
2011-09-06,6.784,6.784,6.784,6.784,0.0
2011-09-07,6.751,6.751,6.751,6.751,0.0
2011-09-08,6.741,6.741,6.741,6.741,0.0
2011-09-09,6.688,6.688,6.688,6.688,0.0
2011-09-12,6.661,6.661,6.661,6.661,0.0
2011-09-13,6.683,6.683,6.683,6.683,0.0
2011-09-14,6.641,6.641,6.641,6.641,0.0
2011-09-15,6.621,6.621,6.621,6.621,0.0
2011-09-16,6.638,6.638,6.638,6.638,0.0
2011-09-19,6.628,6.628,6.628,6.628,0.0
2011-09-20,6.67,6.67,6.67,6.67,0.0
2011-09-21,6.67,6.67,6.67,6.67,0.0
2011-09-22,6.538,6.538,6.538,6.538,0.0
2011-09-23,6.544,6.544,6.544,6.544,0.0
2011-09-26,6.591,6.591,6.591,6.591,0.0
2011-09-27,6.673,6.673,6.673,6.673,0.0
2011-09-28,6.679,6.679,6.679,6.679,0.0
2011-09-29,6.66,6.66,6.66,6.66,0.0
2011-09-30,6.647,6.647,6.647,6.647,0.0
2011-10-03,6.633,6.633,6.633,6.633,0.0
2011-10-04,6.574,6.574,6.574,6.574,0.0
2011-10-05,6.547,6.547,6.547,6.547,0.0
2011-10-06,6.492,6.492,6.492,6.492,0.0
2011-10-07,6.454,6.454,6.454,6.454,0.0
2011-10-10,6.443,6.443,6.443,6.443,0.0
2011-10-11,6.413,6.413,6.413,6.413,0.0
2011-10-12,6.402,6.402,6.402,6.402,0.0
2011-10-13,6.429,6.429,6.429,6.429,0.0
2011-10-14,6.491,6.491,6.491,6.491,0.0
2011-10-17,6.478,6.478,6.478,6.478,0.0
2011-10-18,6.455,6.455,6.455,6.455,0.0
2011-10-19,6.457,6.457,6.457,6.457,0.0
2011-10-20,6.463,6.463,6.463,6.463,0.0
2011-10-21,6.465,6.465,6.465,6.465,0.0
2011-10-24,6.462,6.462,6.462,6.462,0.0
2011-10-25,6.498,6.498,6.498,6.498,0.0
2011-10-26,6.54,6.54,6.54,6.54,0.0
2011-10-27,6.545,6.545,6.545,6.545,0.0
2011-10-28,6.653,6.653,6.653,6.653,0.0
2011-10-31,6.653,6.653,6.653,6.653,0.0
2011-11-01,6.583,6.583,6.583,6.583,0.0
2011-11-02,6.542,6.542,6.542,6.542,0.0
2011-11-03,6.62,6.62,6.62,6.62,0.0
2011-11-04,6.61,6.61,6.61,6.61,0.0
2011-11-07,6.588,6.588,6.588,6.588,0.0
2011-11-08,6.546,6.546,6.546,6.546,0.0
2011-11-09,6.523,6.523,6.523,6.523,0.0
2011-11-10,6.473,6.473,6.473,6.473,0.0
2011-11-11,6.403,6.403,6.403,6.403,0.0
2011-11-14,6.381,6.381,6.381,6.381,0.0
2011-11-15,6.391,6.391,6.391,6.391,0.0
2011-11-16,6.366,6.366,6.366,6.366,0.0
2011-11-17,6.318,6.318,6.318,6.318,0.0
2011-11-18,6.277,6.277,6.277,6.277,0.0
2011-11-21,6.287,6.287,6.287,6.287,0.0
2011-11-22,6.266,6.266,6.266,6.266,0.0
2011-11-23,6.238,6.238,6.238,6.238,0.0
2011-11-25,6.277,6.277,6.277,6.277,0.0
2011-11-28,6.228,6.228,6.228,6.228,0.0
2011-11-29,6.334,6.334,6.334,6.334,0.0
2011-11-30,6.319,6.319,6.319,6.319,0.0
2011-12-01,6.304,6.304,6.304,6.304,0.0
2011-12-02,6.305,6.305,6.305,6.305,0.0
2011-12-05,6.305,6.305,6.305,6.305,0.0
2011-12-06,6.274,6.274,6.274,6.274,0.0
2011-12-07,6.308,6.308,6.308,6.308,0.0
2011-12-08,6.278,6.278,6.278,6.278,0.0
2011-12-09,6.236,6.236,6.236,6.236,0.0
2011-12-12,6.198,6.198,6.198,6.198,0.0
2011-12-13,6.117,6.117,6.117,6.117,0.0
2011-12-14,6.087,6.087,6.087,6.087,0.0
2011-12-15,6.049,6.049,6.049,6.049,0.0
2011-12-16,6.074,6.074,6.074,6.074,0.0
2011-12-19,6.071,6.071,6.071,6.071,0.0
2011-12-20,6.076,6.076,6.076,6.076,0.0
2011-12-21,6.033,6.033,6.033,6.033,0.0
2011-12-22,6.048,6.048,6.048,6.048,0.0
2011-12-23,6.033,6.033,6.033,6.033,0.0
2011-12-27,6.033,6.033,6.033,6.033,0.0
2011-12-28,6.018,6.018,6.018,6.018,0.0
2011-12-29,6.018,6.018,6.018,6.018,0.0
2011-12-30,6.018,6.018,6.018,6.018,0.0
2012-01-03,6.017,6.017,6.017,6.017,0.0
2012-01-04,6.022,6.022,6.022,6.022,0.0
2012-01-05,6.048,6.048,6.048,6.048,0.0
2012-01-06,6.088,6.088,6.088,6.088,0.0
2012-01-09,6.069,6.069,6.069,6.069,0.0
2012-01-10,6.031,6.031,6.031,6.031,0.0
2012-01-11,6.061,6.061,6.061,6.061,0.0
2012-01-12,6.038,6.038,6.038,6.038,0.0
2012-01-13,6.034,6.034,6.034,6.034,0.0
2012-01-17,6.004,6.004,6.004,6.004,0.0
2012-01-18,5.915,5.915,5.915,5.915,0.0
2012-01-19,5.906,5.906,5.906,5.906,0.0
2012-01-20,5.747,5.747,5.747,5.747,0.0
2012-01-23,5.747,5.747,5.747,5.747,0.0
2012-01-24,5.783,5.783,5.783,5.783,0.0
2012-01-25,5.797,5.797,5.797,5.797,0.0
2012-01-26,5.727,5.727,5.727,5.727,0.0
2012-01-27,5.759,5.759,5.759,5.759,0.0
2012-01-30,5.734,5.734,5.734,5.734,0.0
2012-01-31,5.689,5.689,5.689,5.689,0.0
2012-02-01,5.659,5.659,5.659,5.659,0.0
2012-02-02,5.755,5.755,5.755,5.755,0.0
2012-02-03,5.784,5.784,5.784,5.784,0.0
2012-02-06,5.838,5.838,5.838,5.838,0.0
2012-02-07,5.746,5.746,5.746,5.746,0.0
2012-02-08,5.686,5.686,5.686,5.686,0.0
2012-02-09,5.566,5.566,5.566,5.566,0.0
2012-02-10,5.587,5.587,5.587,5.587,0.0
2012-02-13,5.587,5.587,5.587,5.587,0.0
2012-02-14,5.601,5.601,5.601,5.601,0.0
2012-02-15,5.601,5.601,5.601,5.601,0.0
2012-02-16,5.569,5.569,5.569,5.569,0.0
2012-02-17,5.589,5.589,5.589,5.589,0.0
2012-02-21,5.558,5.558,5.558,5.558,0.0
2012-02-22,5.632,5.632,5.632,5.632,0.0
2012-02-23,5.632,5.632,5.632,5.632,0.0
2012-02-24,5.599,5.599,5.599,5.599,0.0
2012-02-27,5.556,5.556,5.556,5.556,0.0
2012-02-28,5.535,5.535,5.535,5.535,0.0
2012-02-29,5.545,5.545,5.545,5.545,0.0
2012-03-01,5.5,5.5,5.5,5.5,0.0
2012-03-02,5.539,5.539,5.539,5.539,0.0
2012-03-05,5.466,5.466,5.466,5.466,0.0
2012-03-06,5.394,5.394,5.394,5.394,0.0
2012-03-07,5.349,5.349,5.349,5.349,0.0
2012-03-08,5.35,5.35,5.35,5.35,0.0
2012-03-09,5.46,5.46,5.46,5.46,0.0
2012-03-12,5.439,5.439,5.439,5.439,0.0
2012-03-13,5.488,5.488,5.488,5.488,0.0
2012-03-14,5.559,5.559,5.559,5.559,0.0
2012-03-15,5.559,5.559,5.559,5.559,0.0
2012-03-16,5.538,5.538,5.538,5.538,0.0
2012-03-19,5.554,5.554,5.554,5.554,0.0
2012-03-20,5.523,5.523,5.523,5.523,0.0
2012-03-21,5.513,5.513,5.513,5.513,0.0
2012-03-22,5.5,5.5,5.5,5.5,0.0
2012-03-23,5.52,5.52,5.52,5.52,0.0
2012-03-26,5.532,5.532,5.532,5.532,0.0
2012-03-27,5.521,5.521,5.521,5.521,0.0
2012-03-28,5.533,5.533,5.533,5.533,0.0
2012-03-29,5.49,5.49,5.49,5.49,0.0
2012-03-30,5.558,5.558,5.558,5.558,0.0
2012-04-02,5.551,5.551,5.551,5.551,0.0
2012-04-03,5.551,5.551,5.551,5.551,0.0
2012-04-04,5.546,5.546,5.546,5.546,0.0
2012-04-05,5.51,5.51,5.51,5.51,0.0
2012-04-09,5.53,5.53,5.53,5.53,0.0
2012-04-10,5.509,5.509,5.509,5.509,0.0
2012-04-11,5.463,5.463,5.463,5.463,0.0
2012-04-12,5.376,5.376,5.376,5.376,0.0
2012-04-13,5.364,5.364,5.364,5.364,0.0
2012-04-16,5.334,5.334,5.334,5.334,0.0
2012-04-17,5.273,5.273,5.273,5.273,0.0
2012-04-18,5.251,5.251,5.251,5.251,0.0
2012-04-19,5.221,5.221,5.221,5.221,0.0
2012-04-20,5.158,5.158,5.158,5.158,0.0
2012-04-23,5.117,5.117,5.117,5.117,0.0
2012-04-24,5.151,5.151,5.151,5.151,0.0
2012-04-25,5.05,5.05,5.05,5.05,0.0
2012-04-26,5.074,5.074,5.074,5.074,0.0
2012-04-27,5.095,5.095,5.095,5.095,0.0
2012-04-30,5.135,5.135,5.135,5.135,0.0
2012-05-01,5.137,5.137,5.137,5.137,0.0
2012-05-02,5.14,5.14,5.14,5.14,0.0
2012-05-03,5.147,5.147,5.147,5.147,0.0
2012-05-04,5.139,5.139,5.139,5.139,0.0
2012-05-07,5.149,5.149,5.149,5.149,0.0
2012-05-08,5.142,5.142,5.142,5.142,0.0
2012-05-09,5.171,5.171,5.171,5.171,0.0
2012-05-10,5.156,5.156,5.156,5.156,0.0
2012-05-11,5.136,5.136,5.136,5.136,0.0
2012-05-14,5.144,5.144,5.144,5.144,0.0
2012-05-15,5.181,5.181,5.181,5.181,0.0
2012-05-16,5.209,5.209,5.209,5.209,0.0
2012-05-17,5.198,5.198,5.198,5.198,0.0
2012-05-18,5.24,5.24,5.24,5.24,0.0
2012-05-21,5.18,5.18,5.18,5.18,0.0
2012-05-22,5.221,5.221,5.221,5.221,0.0
2012-05-23,5.205,5.205,5.205,5.205,0.0
2012-05-24,5.214,5.214,5.214,5.214,0.0
2012-05-25,5.259,5.259,5.259,5.259,0.0
2012-05-29,5.225,5.225,5.225,5.225,0.0
2012-05-30,5.183,5.183,5.183,5.183,0.0
2012-05-31,5.248,5.248,5.248,5.248,0.0
2012-06-01,5.208,5.208,5.208,5.208,0.0
2012-06-04,5.21,5.21,5.21,5.21,0.0
2012-06-05,5.152,5.152,5.152,5.152,0.0
2012-06-06,5.147,5.147,5.147,5.147,0.0
2012-06-07,5.126,5.126,5.126,5.126,0.0
2012-06-08,5.147,5.147,5.147,5.147,0.0
2012-06-11,5.11,5.11,5.11,5.11,0.0
2012-06-12,5.11,5.11,5.11,5.11,0.0
2012-06-13,5.111,5.111,5.111,5.111,0.0
2012-06-14,5.136,5.136,5.136,5.136,0.0
2012-06-15,5.042,5.042,5.042,5.042,0.0
2012-06-18,4.993,4.993,4.993,4.993,0.0
2012-06-19,5.028,5.028,5.028,5.028,0.0
2012-06-20,5.028,5.028,5.028,5.028,0.0
2012-06-21,5.003,5.003,5.003,5.003,0.0
2012-06-22,4.985,4.985,4.985,4.985,0.0
2012-06-25,5.012,5.012,5.012,5.012,0.0
2012-06-26,5.057,5.057,5.057,5.057,0.0
2012-06-27,5.075,5.075,5.075,5.075,0.0
2012-06-28,5.073,5.073,5.073,5.073,0.0
2012-06-29,5.066,5.066,5.066,5.066,0.0
2012-07-02,5.077,5.077,5.077,5.077,0.0
2012-07-03,5.118,5.118,5.118,5.118,0.0
2012-07-05,5.121,5.121,5.121,5.121,0.0
2012-07-06,5.073,5.073,5.073,5.073,0.0
2012-07-09,5.122,5.122,5.122,5.122,0.0
2012-07-10,5.115,5.115,5.115,5.115,0.0
2012-07-11,5.162,5.162,5.162,5.162,0.0
2012-07-12,5.151,5.151,5.151,5.151,0.0
2012-07-13,5.154,5.154,5.154,5.154,0.0
2012-07-16,5.105,5.105,5.105,5.105,0.0
2012-07-17,5.22,5.22,5.22,5.22,0.0
2012-07-18,5.28,5.28,5.28,5.28,0.0
2012-07-19,5.239,5.239,5.239,5.239,0.0
2012-07-20,5.261,5.261,5.261,5.261,0.0
2012-07-23,5.27,5.27,5.27,5.27,0.0
2012-07-24,5.307,5.307,5.307,5.307,0.0
2012-07-25,5.314,5.314,5.314,5.314,0.0
2012-07-26,5.357,5.357,5.357,5.357,0.0
2012-07-27,5.359,5.359,5.359,5.359,0.0
2012-07-30,5.427,5.427,5.427,5.427,0.0
2012-07-31,5.387,5.387,5.387,5.387,0.0
2012-08-01,5.352,5.352,5.352,5.352,0.0
2012-08-02,5.232,5.232,5.232,5.232,0.0
2012-08-03,5.204,5.204,5.204,5.204,0.0
2012-08-06,5.427,5.427,5.427,5.427,0.0
2012-08-07,5.392,5.392,5.392,5.392,0.0
2012-08-08,5.598,5.598,5.598,5.598,0.0
2012-08-09,5.498,5.498,5.498,5.498,0.0
2012-08-10,5.435,5.435,5.435,5.435,0.0
2012-08-13,5.408,5.408,5.408,5.408,0.0
2012-08-14,5.45,5.45,5.45,5.45,0.0
2012-08-15,5.528,5.528,5.528,5.528,0.0
2012-08-16,5.501,5.501,5.501,5.501,0.0
2012-08-17,5.499,5.499,5.499,5.499,0.0
2012-08-20,5.538,5.538,5.538,5.538,0.0
2012-08-21,5.531,5.531,5.531,5.531,0.0
2012-08-22,5.522,5.522,5.522,5.522,0.0
2012-08-23,5.505,5.505,5.505,5.505,0.0
2012-08-24,5.467,5.467,5.467,5.467,0.0
2012-08-27,5.442,5.442,5.442,5.442,0.0
2012-08-28,5.387,5.387,5.387,5.387,0.0
2012-08-29,5.408,5.408,5.408,5.408,0.0
2012-08-30,5.415,5.415,5.415,5.415,0.0
2012-08-31,5.404,5.404,5.404,5.404,0.0
2012-09-04,5.406,5.406,5.406,5.406,0.0
2012-09-05,5.396,5.396,5.396,5.396,0.0
2012-09-06,5.387,5.387,5.387,5.387,0.0
2012-09-07,5.342,5.342,5.342,5.342,0.0
2012-09-10,5.34,5.34,5.34,5.34,0.0
2012-09-11,5.38,5.38,5.38,5.38,0.0
2012-09-12,5.455,5.455,5.455,5.455,0.0
2012-09-13,5.455,5.455,5.455,5.455,0.0
2012-09-14,5.445,5.445,5.445,5.445,0.0
2012-09-17,5.426,5.426,5.426,5.426,0.0
2012-09-18,5.512,5.512,5.512,5.512,0.0
2012-09-19,5.512,5.512,5.512,5.512,0.0
2012-09-20,5.516,5.516,5.516,5.516,0.0
2012-09-21,5.575,5.575,5.575,5.575,0.0
2012-09-24,5.559,5.559,5.559,5.559,0.0
2012-09-25,5.576,5.576,5.576,5.576,0.0
2012-09-26,5.564,5.564,5.564,5.564,0.0
2012-09-27,5.588,5.588,5.588,5.588,0.0
2012-09-28,5.6,5.6,5.6,5.6,0.0
2012-10-01,5.624,5.624,5.624,5.624,0.0
2012-10-02,5.58,5.58,5.58,5.58,0.0
2012-10-03,5.558,5.558,5.558,5.558,0.0
2012-10-04,5.562,5.562,5.562,5.562,0.0
2012-10-05,5.612,5.612,5.612,5.612,0.0
2012-10-08,5.651,5.651,5.651,5.651,0.0
2012-10-09,5.657,5.657,5.657,5.657,0.0
2012-10-10,5.633,5.633,5.633,5.633,0.0
2012-10-11,5.661,5.661,5.661,5.661,0.0
2012-10-12,5.622,5.622,5.622,5.622,0.0
2012-10-15,5.588,5.588,5.588,5.588,0.0
2012-10-16,5.594,5.594,5.594,5.594,0.0
2012-10-17,5.642,5.642,5.642,5.642,0.0
2012-10-18,5.592,5.592,5.592,5.592,0.0
2012-10-19,5.59,5.59,5.59,5.59,0.0
2012-10-22,5.588,5.588,5.588,5.588,0.0
2012-10-23,5.627,5.627,5.627,5.627,0.0
2012-10-24,5.602,5.602,5.602,5.602,0.0
2012-10-25,5.632,5.632,5.632,5.632,0.0
2012-10-26,5.641,5.641,5.641,5.641,0.0
2012-10-29,5.71,5.71,5.71,5.71,0.0
2012-10-30,5.641,5.641,5.641,5.641,0.0
2012-10-31,5.639,5.639,5.639,5.639,0.0
2012-11-01,5.646,5.646,5.646,5.646,0.0
2012-11-02,5.545,5.545,5.545,5.545,0.0
2012-11-05,5.507,5.507,5.507,5.507,0.0
2012-11-06,5.556,5.556,5.556,5.556,0.0
2012-11-07,5.532,5.532,5.532,5.532,0.0
2012-11-08,5.575,5.575,5.575,5.575,0.0
2012-11-09,5.514,5.514,5.514,5.514,0.0
2012-11-12,5.564,5.564,5.564,5.564,0.0
2012-11-13,5.603,5.603,5.603,5.603,0.0
2012-11-14,5.57,5.57,5.57,5.57,0.0
2012-11-15,5.491,5.491,5.491,5.491,0.0
2012-11-16,5.489,5.489,5.489,5.489,0.0
2012-11-19,5.454,5.454,5.454,5.454,0.0
2012-11-20,5.495,5.495,5.495,5.495,0.0
2012-11-21,5.464,5.464,5.464,5.464,0.0
2012-11-23,5.451,5.451,5.451,5.451,0.0
2012-11-26,5.42,5.42,5.42,5.42,0.0
2012-11-27,5.455,5.455,5.455,5.455,0.0
2012-11-28,5.447,5.447,5.447,5.447,0.0
2012-11-29,5.371,5.371,5.371,5.371,0.0
2012-11-30,5.352,5.352,5.352,5.352,0.0
2012-12-03,5.386,5.386,5.386,5.386,0.0
2012-12-04,5.361,5.361,5.361,5.361,0.0
2012-12-05,5.406,5.406,5.406,5.406,0.0
2012-12-06,5.398,5.398,5.398,5.398,0.0
2012-12-07,5.375,5.375,5.375,5.375,0.0
2012-12-10,5.392,5.392,5.392,5.392,0.0
2012-12-11,5.365,5.365,5.365,5.365,0.0
2012-12-12,5.359,5.359,5.359,5.359,0.0
2012-12-13,5.366,5.366,5.366,5.366,0.0
2012-12-14,5.362,5.362,5.362,5.362,0.0
2012-12-17,5.417,5.417,5.417,5.417,0.0
2012-12-18,5.554,5.554,5.554,5.554,0.0
2012-12-19,5.524,5.524,5.524,5.524,0.0
2012-12-20,5.59,5.59,5.59,5.59,0.0
2012-12-21,5.572,5.572,5.572,5.572,0.0
2012-12-24,5.535,5.535,5.535,5.535,0.0
2012-12-26,5.555,5.555,5.555,5.555,0.0
2012-12-27,5.538,5.538,5.538,5.538,0.0
2012-12-28,5.533,5.533,5.533,5.533,0.0
2012-12-31,5.492,5.492,5.492,5.492,0.0
2013-01-02,5.456,5.456,5.456,5.456,0.0
2013-01-03,5.451,5.451,5.451,5.451,0.0
2013-01-04,5.509,5.509,5.509,5.509,0.0
2013-01-07,5.49,5.49,5.49,5.49,0.0
2013-01-08,5.468,5.468,5.468,5.468,0.0
2013-01-09,5.443,5.443,5.443,5.443,0.0
2013-01-10,5.46,5.46,5.46,5.46,0.0
2013-01-11,5.421,5.421,5.421,5.421,0.0
2013-01-14,5.408,5.408,5.408,5.408,0.0
2013-01-15,5.415,5.415,5.415,5.415,0.0
2013-01-16,5.415,5.415,5.415,5.415,0.0
2013-01-17,5.405,5.405,5.405,5.405,0.0
2013-01-18,5.436,5.436,5.436,5.436,0.0
2013-01-22,5.43,5.43,5.43,5.43,0.0
2013-01-23,5.465,5.465,5.465,5.465,0.0
2013-01-24,5.436,5.436,5.436,5.436,0.0
2013-01-25,5.456,5.456,5.456,5.456,0.0
2013-01-28,5.396,5.396,5.396,5.396,0.0
2013-01-29,5.367,5.367,5.367,5.367,0.0
2013-01-30,5.391,5.391,5.391,5.391,0.0
2013-01-31,5.382,5.382,5.382,5.382,0.0
2013-02-01,5.339,5.339,5.339,5.339,0.0
2013-02-04,5.359,5.359,5.359,5.359,0.0
2013-02-05,5.368,5.368,5.368,5.368,0.0
2013-02-06,5.363,5.363,5.363,5.363,0.0
2013-02-07,5.339,5.339,5.339,5.339,0.0
2013-02-08,5.384,5.384,5.384,5.384,0.0
2013-02-11,5.394,5.394,5.394,5.394,0.0
2013-02-12,5.411,5.411,5.411,5.411,0.0
2013-02-13,5.44,5.44,5.44,5.44,0.0
2013-02-14,5.421,5.421,5.421,5.421,0.0
2013-02-15,5.402,5.402,5.402,5.402,0.0
2013-02-19,5.445,5.445,5.445,5.445,0.0
2013-02-20,5.423,5.423,5.423,5.423,0.0
2013-02-21,5.396,5.396,5.396,5.396,0.0
2013-02-22,5.393,5.393,5.393,5.393,0.0
2013-02-25,5.394,5.394,5.394,5.394,0.0
2013-02-26,5.396,5.396,5.396,5.396,0.0
2013-02-27,5.389,5.389,5.389,5.389,0.0
2013-02-28,5.41,5.41,5.41,5.41,0.0
2013-03-01,5.426,5.426,5.426,5.426,0.0
2013-03-04,5.471,5.471,5.471,5.471,0.0
2013-03-05,5.459,5.459,5.459,5.459,0.0
2013-03-06,5.429,5.429,5.429,5.429,0.0
2013-03-07,5.461,5.461,5.461,5.461,0.0
2013-03-08,5.457,5.457,5.457,5.457,0.0
2013-03-11,5.45,5.45,5.45,5.45,0.0
2013-03-12,5.42,5.42,5.42,5.42,0.0
2013-03-13,5.428,5.428,5.428,5.428,0.0
2013-03-14,5.42,5.42,5.42,5.42,0.0
2013-03-15,5.423,5.423,5.423,5.423,0.0
2013-03-18,5.408,5.408,5.408,5.408,0.0
2013-03-19,5.433,5.433,5.433,5.433,0.0
2013-03-20,5.427,5.427,5.427,5.427,0.0
2013-03-21,5.364,5.364,5.364,5.364,0.0
2013-03-22,5.356,5.356,5.356,5.356,0.0
2013-03-25,5.322,5.322,5.322,5.322,0.0
2013-03-26,5.334,5.334,5.334,5.334,0.0
2013-03-27,5.269,5.269,5.269,5.269,0.0
2013-03-28,5.231,5.231,5.231,5.231,0.0
2013-04-01,5.22,5.22,5.22,5.22,0.0
2013-04-02,5.183,5.183,5.183,5.183,0.0
2013-04-03,5.226,5.226,5.226,5.226,0.0
2013-04-04,5.238,5.238,5.238,5.238,0.0
2013-04-05,5.215,5.215,5.215,5.215,0.0
2013-04-08,5.136,5.136,5.136,5.136,0.0
2013-04-09,4.981,4.981,4.981,4.981,0.0
2013-04-10,4.925,4.925,4.925,4.925,0.0
2013-04-11,5.004,5.004,5.004,5.004,0.0
2013-04-12,5.158,5.158,5.158,5.158,0.0
2013-04-15,5.169,5.169,5.169,5.169,0.0
2013-04-16,5.24,5.24,5.24,5.24,0.0
2013-04-17,5.244,5.244,5.244,5.244,0.0
2013-04-18,5.234,5.234,5.234,5.234,0.0
2013-04-19,5.233,5.233,5.233,5.233,0.0
2013-04-22,5.226,5.226,5.226,5.226,0.0
2013-04-23,5.214,5.214,5.214,5.214,0.0
2013-04-24,5.121,5.121,5.121,5.121,0.0
2013-04-25,5.124,5.124,5.124,5.124,0.0
2013-04-26,5.126,5.126,5.126,5.126,0.0
2013-04-29,5.139,5.139,5.139,5.139,0.0
2013-04-30,5.135,5.135,5.135,5.135,0.0
2013-05-01,5.12,5.12,5.12,5.12,0.0
2013-05-02,5.118,5.118,5.118,5.118,0.0
2013-05-03,5.171,5.171,5.171,5.171,0.0
2013-05-06,5.222,5.222,5.222,5.222,0.0
2013-05-07,5.221,5.221,5.221,5.221,0.0
2013-05-08,5.205,5.205,5.205,5.205,0.0
2013-05-09,5.167,5.167,5.167,5.167,0.0
2013-05-10,5.149,5.149,5.149,5.149,0.0
2013-05-13,5.159,5.159,5.159,5.159,0.0
2013-05-14,5.19,5.19,5.19,5.19,0.0
2013-05-15,5.172,5.172,5.172,5.172,0.0
2013-05-16,5.169,5.169,5.169,5.169,0.0
2013-05-17,5.326,5.326,5.326,5.326,0.0
2013-05-20,5.481,5.481,5.481,5.481,0.0
2013-05-21,5.543,5.543,5.543,5.543,0.0
2013-05-22,5.624,5.624,5.624,5.624,0.0
2013-05-23,5.612,5.612,5.612,5.612,0.0
2013-05-24,5.603,5.603,5.603,5.603,0.0
2013-05-28,5.592,5.592,5.592,5.592,0.0
2013-05-29,5.583,5.583,5.583,5.583,0.0
2013-05-30,5.543,5.543,5.543,5.543,0.0
2013-05-31,5.565,5.565,5.565,5.565,0.0
2013-06-03,5.58,5.58,5.58,5.58,0.0
2013-06-04,5.557,5.557,5.557,5.557,0.0
2013-06-05,5.529,5.529,5.529,5.529,0.0
2013-06-06,5.474,5.474,5.474,5.474,0.0
2013-06-07,5.495,5.495,5.495,5.495,0.0
2013-06-10,5.479,5.479,5.479,5.479,0.0
2013-06-11,5.404,5.404,5.404,5.404,0.0
2013-06-12,5.373,5.373,5.373,5.373,0.0
2013-06-13,5.377,5.377,5.377,5.377,0.0
2013-06-14,5.352,5.352,5.352,5.352,0.0
2013-06-17,5.388,5.388,5.388,5.388,0.0
2013-06-18,5.445,5.445,5.445,5.445,0.0
2013-06-19,5.412,5.412,5.412,5.412,0.0
2013-06-20,5.383,5.383,5.383,5.383,0.0
2013-06-21,5.448,5.448,5.448,5.448,0.0
2013-06-24,5.569,5.569,5.569,5.569,0.0
2013-06-25,5.626,5.626,5.626,5.626,0.0
2013-06-26,5.673,5.673,5.673,5.673,0.0
2013-06-27,5.612,5.612,5.612,5.612,0.0
2013-06-28,5.644,5.644,5.644,5.644,0.0
2013-07-01,5.579,5.579,5.579,5.579,0.0
2013-07-02,5.614,5.614,5.614,5.614,0.0
2013-07-03,5.636,5.636,5.636,5.636,0.0
2013-07-05,5.595,5.595,5.595,5.595,0.0
2013-07-08,5.642,5.642,5.642,5.642,0.0
2013-07-09,5.552,5.552,5.552,5.552,0.0
2013-07-10,5.538,5.538,5.538,5.538,0.0
2013-07-11,5.535,5.535,5.535,5.535,0.0
2013-07-12,5.535,5.535,5.535,5.535,0.0
2013-07-15,5.556,5.556,5.556,5.556,0.0
2013-07-16,5.555,5.555,5.555,5.555,0.0
2013-07-17,5.557,5.557,5.557,5.557,0.0
2013-07-18,5.507,5.507,5.507,5.507,0.0
2013-07-19,5.461,5.461,5.461,5.461,0.0
2013-07-22,5.437,5.437,5.437,5.437,0.0
2013-07-23,5.406,5.406,5.406,5.406,0.0
2013-07-24,5.425,5.425,5.425,5.425,0.0
2013-07-25,5.45,5.45,5.45,5.45,0.0
2013-07-26,5.405,5.405,5.405,5.405,0.0
2013-07-29,5.405,5.405,5.405,5.405,0.0
2013-07-30,5.372,5.372,5.372,5.372,0.0
2013-07-31,5.39,5.39,5.39,5.39,0.0
2013-08-01,5.371,5.371,5.371,5.371,0.0
2013-08-02,5.356,5.356,5.356,5.356,0.0
2013-08-05,5.355,5.355,5.355,5.355,0.0
2013-08-06,5.333,5.333,5.333,5.333,0.0
2013-08-07,5.348,5.348,5.348,5.348,0.0
2013-08-08,5.329,5.329,5.329,5.329,0.0
2013-08-09,5.299,5.299,5.299,5.299,0.0
2013-08-12,5.239,5.239,5.239,5.239,0.0
2013-08-13,5.181,5.181,5.181,5.181,0.0
2013-08-14,5.132,5.132,5.132,5.132,0.0
2013-08-15,5.16,5.16,5.16,5.16,0.0
2013-08-16,5.142,5.142,5.142,5.142,0.0
2013-08-19,5.153,5.153,5.153,5.153,0.0
2013-08-20,5.139,5.139,5.139,5.139,0.0
2013-08-21,5.103,5.103,5.103,5.103,0.0
2013-08-22,5.13,5.13,5.13,5.13,0.0
2013-08-23,5.1,5.1,5.1,5.1,0.0
2013-08-26,5.065,5.065,5.065,5.065,0.0
2013-08-27,5.023,5.023,5.023,5.023,0.0
2013-08-28,5.042,5.042,5.042,5.042,0.0
2013-08-29,5.052,5.052,5.052,5.052,0.0
2013-08-30,5.064,5.064,5.064,5.064,0.0
2013-09-03,5.073,5.073,5.073,5.073,0.0
2013-09-04,5.04,5.04,5.04,5.04,0.0
2013-09-05,5.016,5.016,5.016,5.016,0.0
2013-09-06,5.013,5.013,5.013,5.013,0.0
2013-09-09,5.008,5.008,5.008,5.008,0.0
2013-09-10,5.022,5.022,5.022,5.022,0.0
2013-09-11,5.009,5.009,5.009,5.009,0.0
2013-09-12,4.998,4.998,4.998,4.998,0.0
2013-09-13,5.018,5.018,5.018,5.018,0.0
2013-09-16,5.02,5.02,5.02,5.02,0.0
2013-09-17,4.995,4.995,4.995,4.995,0.0
2013-09-18,5.048,5.048,5.048,5.048,0.0
2013-09-19,5.076,5.076,5.076,5.076,0.0
2013-09-20,5.062,5.062,5.062,5.062,0.0
2013-09-23,5.023,5.023,5.023,5.023,0.0
2013-09-24,4.998,4.998,4.998,4.998,0.0
2013-09-25,4.985,4.985,4.985,4.985,0.0
2013-09-26,5.051,5.051,5.051,5.051,0.0
2013-09-27,5.071,5.071,5.071,5.071,0.0
2013-09-30,5.021,5.021,5.021,5.021,0.0
2013-10-01,5.041,5.041,5.041,5.041,0.0
2013-10-02,5.0,5.0,5.0,5.0,0.0
2013-10-03,5.001,5.001,5.001,5.001,0.0
2013-10-04,5.009,5.009,5.009,5.009,0.0
2013-10-07,5.026,5.026,5.026,5.026,0.0
2013-10-08,5.044,5.044,5.044,5.044,0.0
2013-10-09,5.032,5.032,5.032,5.032,0.0
2013-10-10,5.032,5.032,5.032,5.032,0.0
2013-10-11,4.987,4.987,4.987,4.987,0.0
2013-10-14,5.004,5.004,5.004,5.004,0.0
2013-10-15,4.962,4.962,4.962,4.962,0.0
2013-10-16,4.919,4.919,4.919,4.919,0.0
2013-10-17,4.959,4.959,4.959,4.959,0.0
2013-10-18,4.97,4.97,4.97,4.97,0.0
2013-10-21,4.966,4.966,4.966,4.966,0.0
2013-10-22,4.987,4.987,4.987,4.987,0.0
2013-10-23,4.993,4.993,4.993,4.993,0.0
2013-10-24,4.996,4.996,4.996,4.996,0.0
2013-10-25,5.027,5.027,5.027,5.027,0.0
2013-10-28,4.98,4.98,4.98,4.98,0.0
2013-10-29,4.971,4.971,4.971,4.971,0.0
2013-10-30,4.957,4.957,4.957,4.957,0.0
2013-10-31,4.893,4.893,4.893,4.893,0.0
2013-11-01,4.818,4.818,4.818,4.818,0.0
2013-11-04,4.789,4.789,4.789,4.789,0.0
2013-11-05,4.771,4.771,4.771,4.771,0.0
2013-11-06,4.783,4.783,4.783,4.783,0.0
2013-11-07,4.777,4.777,4.777,4.777,0.0
2013-11-08,4.748,4.748,4.748,4.748,0.0
2013-11-11,4.757,4.757,4.757,4.757,0.0
2013-11-12,4.737,4.737,4.737,4.737,0.0
2013-11-13,4.697,4.697,4.697,4.697,0.0
2013-11-14,4.682,4.682,4.682,4.682,0.0
2013-11-15,4.681,4.681,4.681,4.681,0.0
2013-11-18,4.685,4.685,4.685,4.685,0.0
2013-11-19,4.638,4.638,4.638,4.638,0.0
2013-11-20,4.67,4.67,4.67,4.67,0.0
2013-11-21,4.658,4.658,4.658,4.658,0.0
2013-11-22,4.66,4.66,4.66,4.66,0.0
2013-11-25,4.671,4.671,4.671,4.671,0.0
2013-11-26,4.66,4.66,4.66,4.66,0.0
2013-11-27,4.662,4.662,4.662,4.662,0.0
2013-11-29,4.655,4.655,4.655,4.655,0.0
2013-12-02,4.743,4.743,4.743,4.743,0.0
2013-12-03,4.807,4.807,4.807,4.807,0.0
2013-12-04,4.887,4.887,4.887,4.887,0.0
2013-12-05,4.866,4.866,4.866,4.866,0.0
2013-12-06,4.847,4.847,4.847,4.847,0.0
2013-12-09,4.773,4.773,4.773,4.773,0.0
2013-12-10,4.74,4.74,4.74,4.74,2.0
2013-12-11,4.709,4.709,4.709,4.709,0.0
2013-12-12,4.624,4.624,4.624,4.624,0.0
2013-12-13,4.626,4.626,4.626,4.626,0.0
2013-12-16,4.67,4.67,4.67,4.67,0.0
2013-12-17,4.64,4.64,4.64,4.64,0.0
2013-12-18,4.607,4.607,4.607,4.607,0.0
2013-12-19,4.626,4.626,4.626,4.626,0.0
2013-12-20,4.586,4.586,4.586,4.586,0.0
2013-12-23,4.571,4.571,4.571,4.571,0.0
2013-12-24,4.598,4.598,4.598,4.598,0.0
2013-12-26,4.595,4.595,4.595,4.595,0.0
2013-12-27,4.607,4.607,4.607,4.607,0.0
2013-12-30,4.597,4.597,4.597,4.597,0.0
2013-12-31,4.535,4.535,4.535,4.535,0.0
2014-01-02,4.55,4.55,4.55,4.55,0.0
2014-01-03,4.571,4.571,4.571,4.571,0.0
2014-01-06,4.577,4.577,4.577,4.577,0.0
2014-01-07,4.595,4.595,4.595,4.595,0.0
2014-01-08,4.589,4.589,4.589,4.589,0.0
2014-01-09,4.535,4.535,4.535,4.535,0.0
2014-01-10,4.587,4.587,4.587,4.587,0.0
2014-01-13,4.543,4.543,4.543,4.543,0.0
2014-01-14,4.54,4.54,4.54,4.54,0.0
2014-01-15,4.526,4.526,4.526,4.526,0.0
2014-01-16,4.521,4.521,4.521,4.521,0.0
2014-01-17,4.511,4.511,4.511,4.511,0.0
2014-01-21,4.559,4.559,4.559,4.559,0.0
2014-01-22,4.559,4.559,4.559,4.559,0.0
2014-01-23,4.553,4.553,4.553,4.553,0.0
2014-01-24,4.545,4.545,4.545,4.545,0.0
2014-01-27,4.599,4.599,4.599,4.599,0.0
2014-01-28,4.58,4.58,4.58,4.58,0.0
2014-01-29,4.574,4.574,4.574,4.574,0.0
2014-01-30,4.576,4.576,4.576,4.576,0.0
2014-01-31,4.573,4.573,4.573,4.573,0.0
2014-02-03,4.612,4.612,4.612,4.612,0.0
2014-02-04,4.598,4.598,4.598,4.598,0.0
2014-02-05,4.563,4.563,4.563,4.563,0.0
2014-02-06,4.508,4.508,4.508,4.508,0.0
2014-02-07,4.507,4.507,4.507,4.507,0.0
2014-02-10,4.477,4.477,4.477,4.477,0.0
2014-02-11,4.392,4.392,4.392,4.392,0.0
2014-02-12,4.388,4.388,4.388,4.388,0.0
2014-02-13,4.384,4.384,4.384,4.384,0.0
2014-02-14,4.404,4.404,4.404,4.404,0.0
2014-02-18,4.41,4.41,4.41,4.41,0.0
2014-02-19,4.44,4.44,4.44,4.44,0.0
2014-02-20,4.495,4.495,4.495,4.495,0.0
2014-02-21,4.517,4.517,4.517,4.517,0.0
2014-02-24,4.544,4.544,4.544,4.544,0.0
2014-02-25,4.557,4.557,4.557,4.557,0.0
2014-02-26,4.534,4.534,4.534,4.534,0.0
2014-02-27,4.481,4.481,4.481,4.481,0.0
2014-02-28,4.451,4.451,4.451,4.451,0.0
2014-03-03,4.449,4.449,4.449,4.449,0.0
2014-03-04,4.477,4.477,4.477,4.477,0.0
2014-03-05,4.497,4.497,4.497,4.497,0.0
2014-03-06,4.607,4.607,4.607,4.607,0.0
2014-03-07,4.569,4.569,4.569,4.569,0.0
2014-03-10,4.579,4.579,4.579,4.579,0.0
2014-03-11,4.58,4.58,4.58,4.58,0.0
2014-03-12,4.614,4.614,4.614,4.614,0.0
2014-03-13,4.671,4.671,4.671,4.671,0.0
2014-03-14,4.746,4.746,4.746,4.746,0.0
2014-03-17,4.728,4.728,4.728,4.728,0.0
2014-03-18,4.678,4.678,4.678,4.678,0.0
2014-03-19,4.716,4.716,4.716,4.716,0.0
2014-03-20,4.745,4.745,4.745,4.745,0.0
2014-03-21,4.735,4.735,4.735,4.735,0.0
2014-03-24,4.76,4.76,4.76,4.76,0.0
2014-03-25,4.785,4.785,4.785,4.785,0.0
2014-03-26,4.804,4.804,4.804,4.804,0.0
2014-03-27,4.801,4.801,4.801,4.801,0.0
2014-03-28,4.776,4.776,4.776,4.776,0.0
2014-03-31,4.776,4.776,4.776,4.776,0.0
2014-04-01,4.735,4.735,4.735,4.735,0.0
2014-04-02,4.755,4.755,4.755,4.755,0.0
2014-04-03,4.822,4.822,4.822,4.822,0.0
2014-04-04,4.828,4.828,4.828,4.828,0.0
2014-04-07,4.848,4.848,4.848,4.848,0.0
2014-04-08,4.852,4.852,4.852,4.852,0.0
2014-04-09,4.907,4.907,4.907,4.907,0.0
2014-04-10,4.938,4.938,4.938,4.938,0.0
2014-04-11,4.941,4.941,4.941,4.941,0.0
2014-04-14,4.939,4.939,4.939,4.939,0.0
2014-04-15,4.946,4.946,4.946,4.946,0.0
2014-04-16,4.951,4.951,4.951,4.951,0.0
2014-04-17,4.952,4.952,4.952,4.952,0.0
2014-04-21,4.918,4.918,4.918,4.918,0.0
2014-04-22,4.934,4.934,4.934,4.934,0.0
2014-04-23,4.927,4.927,4.927,4.927,0.0
2014-04-24,4.966,4.966,4.966,4.966,0.0
2014-04-25,4.955,4.955,4.955,4.955,0.0
2014-04-28,4.968,4.968,4.968,4.968,0.0
2014-04-29,5.018,5.018,5.018,5.018,0.0
2014-04-30,5.024,5.024,5.024,5.024,0.0
2014-05-01,5.028,5.028,5.028,5.028,0.0
2014-05-02,5.016,5.016,5.016,5.016,0.0
2014-05-05,5.003,5.003,5.003,5.003,0.0
2014-05-06,5.019,5.019,5.019,5.019,0.0
2014-05-07,5.024,5.024,5.024,5.024,0.0
2014-05-08,5.07,5.07,5.034,5.034,1.0
2014-05-09,5.064,5.064,5.064,5.064,0.0
2014-05-12,5.034,5.034,5.034,5.034,0.0
2014-05-13,5.029,5.029,5.029,5.029,0.0
2014-05-14,5.052,5.052,5.052,5.052,0.0
2014-05-15,5.018,5.018,5.018,5.018,0.0
2014-05-16,4.983,4.983,4.983,4.983,0.0
2014-05-19,4.984,4.984,4.984,4.984,0.0
2014-05-20,4.984,4.984,4.984,4.984,0.0
2014-05-21,4.989,4.989,4.989,4.989,0.0
2014-05-22,4.967,4.967,4.967,4.967,0.0
2014-05-23,4.987,4.987,4.987,4.987,0.0
2014-05-27,5.01,5.01,5.01,5.01,0.0
2014-05-28,5.003,5.003,5.003,5.003,0.0
2014-05-29,5.006,5.006,5.006,5.006,0.0
2014-05-30,5.002,5.002,5.002,5.002,0.0
2014-06-02,5.037,5.037,5.037,5.037,0.0
2014-06-03,5.014,5.014,5.014,5.014,0.0
2014-06-04,5.009,5.009,5.009,5.009,0.0
2014-06-05,5.027,5.027,5.027,5.027,0.0
2014-06-06,5.043,5.043,5.043,5.043,0.0
2014-06-09,5.029,5.029,5.029,5.029,0.0
2014-06-10,5.072,5.072,5.072,5.072,0.0
2014-06-11,5.063,5.063,5.063,5.063,0.0
2014-06-12,5.058,5.058,5.058,5.058,0.0
2014-06-13,5.087,5.087,5.087,5.087,0.0
2014-06-16,5.086,5.086,5.086,5.086,0.0
2014-06-17,5.124,5.124,5.124,5.124,0.0
2014-06-18,5.138,5.138,5.138,5.138,0.0
2014-06-19,5.157,5.157,5.157,5.157,0.0
2014-06-20,5.117,5.117,5.117,5.117,0.0
2014-06-23,5.1,5.1,5.1,5.1,0.0
2014-06-24,5.096,5.096,5.096,5.096,0.0
2014-06-25,5.105,5.105,5.105,5.105,0.0
2014-06-26,5.037,5.037,5.037,5.037,0.0
2014-06-27,5.022,5.022,5.022,5.022,0.0
2014-06-30,5.041,5.041,5.041,5.041,0.0
2014-07-01,5.057,5.057,5.057,5.057,0.0
2014-07-02,5.03,5.03,5.03,5.03,0.0
2014-07-03,5.025,5.025,5.025,5.025,0.0
2014-07-07,4.999,4.999,4.999,4.999,0.0
2014-07-08,4.975,4.975,4.975,4.975,0.0
2014-07-09,4.941,4.941,4.941,4.941,0.0
2014-07-10,4.888,4.888,4.888,4.888,0.0
2014-07-11,4.882,4.882,4.882,4.882,0.0
2014-07-14,4.876,4.876,4.876,4.876,0.0
2014-07-15,4.863,4.863,4.863,4.863,0.0
2014-07-16,4.878,4.878,4.878,4.878,0.0
2014-07-17,4.859,4.859,4.859,4.859,0.0
2014-07-18,4.886,4.886,4.886,4.886,0.0
2014-07-21,4.867,4.867,4.867,4.867,0.0
2014-07-22,4.821,4.821,4.821,4.821,0.0
2014-07-23,4.797,4.797,4.797,4.797,0.0
2014-07-24,4.788,4.788,4.788,4.788,0.0
2014-07-25,4.783,4.783,4.783,4.783,0.0
2014-07-28,4.77,4.77,4.77,4.77,0.0
2014-07-29,4.716,4.716,4.716,4.716,0.0
2014-07-30,4.738,4.738,4.738,4.738,0.0
2014-07-31,4.764,4.764,4.764,4.764,0.0
2014-08-01,4.787,4.787,4.787,4.787,0.0
2014-08-04,4.782,4.782,4.782,4.782,0.0
2014-08-05,4.769,4.769,4.769,4.769,0.0
2014-08-06,4.764,4.764,4.764,4.764,0.0
2014-08-07,4.778,4.778,4.778,4.778,0.0
2014-08-08,4.784,4.784,4.784,4.784,0.0
2014-08-11,4.739,4.739,4.739,4.739,0.0
2014-08-12,4.721,4.721,4.721,4.721,0.0
2014-08-13,4.705,4.705,4.705,4.705,0.0
2014-08-14,4.716,4.716,4.716,4.716,0.0
2014-08-15,4.691,4.691,4.691,4.691,0.0
2014-08-18,4.691,4.691,4.691,4.691,0.0
2014-08-19,4.694,4.694,4.694,4.694,0.0
2014-08-20,4.674,4.674,4.674,4.674,0.0
2014-08-21,4.677,4.677,4.677,4.677,0.0
2014-08-22,4.673,4.673,4.673,4.673,0.0
2014-08-25,4.681,4.681,4.681,4.681,0.0
2014-08-26,4.685,4.685,4.685,4.685,0.0
2014-08-27,4.705,4.705,4.705,4.705,0.0
2014-08-28,4.701,4.701,4.701,4.701,1.0
2014-08-29,4.693,4.693,4.693,4.693,0.0
2014-09-02,4.666,4.666,4.666,4.666,0.0
2014-09-03,4.677,4.677,4.677,4.677,0.0
2014-09-04,4.687,4.687,4.687,4.687,0.0
2014-09-05,4.67,4.67,4.67,4.67,0.0
2014-09-08,4.674,4.674,4.674,4.674,0.0
2014-09-09,4.672,4.672,4.672,4.672,0.0
2014-09-10,4.692,4.692,4.692,4.692,0.0
2014-09-11,4.711,4.711,4.711,4.711,0.0
2014-09-12,4.685,4.685,4.685,4.685,0.0
2014-09-15,4.679,4.679,4.679,4.679,0.0
2014-09-16,4.684,4.684,4.684,4.684,0.0
2014-09-17,4.678,4.678,4.678,4.678,0.0
2014-09-18,4.652,4.652,4.652,4.652,0.0
2014-09-19,4.65,4.65,4.65,4.65,0.0
2014-09-22,4.645,4.645,4.645,4.645,0.0
2014-09-23,4.639,4.639,4.639,4.639,0.0
2014-09-24,4.669,4.669,4.669,4.669,0.0
2014-09-25,4.668,4.668,4.668,4.668,0.0
2014-09-26,4.648,4.648,4.648,4.648,0.0
2014-09-29,4.659,4.659,4.659,4.659,0.0
2014-09-30,4.678,4.678,4.678,4.678,0.0
2014-10-01,4.651,4.651,4.651,4.651,0.0
2014-10-02,4.662,4.662,4.662,4.662,0.0
2014-10-03,4.639,4.639,4.639,4.639,0.0
2014-10-06,4.639,4.639,4.639,4.639,0.0
2014-10-07,4.642,4.642,4.642,4.642,0.0
2014-10-08,4.642,4.642,4.642,4.642,0.0
2014-10-09,4.652,4.652,4.652,4.652,0.0
2014-10-10,4.649,4.649,4.649,4.649,0.0
2014-10-13,4.659,4.659,4.659,4.659,0.0
2014-10-14,4.649,4.649,4.649,4.649,0.0
2014-10-15,4.634,4.634,4.634,4.634,0.0
2014-10-16,4.639,4.639,4.639,4.639,0.0
2014-10-17,4.649,4.649,4.649,4.649,0.0
2014-10-20,4.636,4.636,4.636,4.636,0.0
2014-10-21,4.631,4.631,4.631,4.631,0.0
2014-10-22,4.612,4.612,4.612,4.612,0.0
2014-10-23,4.606,4.606,4.606,4.606,0.0
2014-10-24,4.593,4.593,4.593,4.593,0.0
2014-10-27,4.58,4.58,4.58,4.58,0.0
2014-10-28,4.565,4.565,4.565,4.565,0.0
2014-10-29,4.565,4.565,4.565,4.565,0.0
2014-10-30,4.558,4.558,4.558,4.558,0.0
2014-10-31,4.573,4.573,4.573,4.573,0.0
2014-11-03,4.584,4.584,4.584,4.584,0.0
2014-11-04,4.579,4.579,4.579,4.579,0.0
2014-11-05,4.55,4.55,4.55,4.55,0.0
2014-11-06,4.537,4.537,4.537,4.537,0.0
2014-11-07,4.534,4.534,4.534,4.534,0.0
2014-11-10,4.528,4.528,4.528,4.528,0.0
2014-11-11,4.543,4.543,4.543,4.543,0.0
2014-11-12,4.564,4.564,4.564,4.564,0.0
2014-11-13,4.542,4.542,4.542,4.542,0.0
2014-11-14,4.568,4.568,4.568,4.568,0.0
2014-11-17,4.571,4.571,4.571,4.571,0.0
2014-11-18,4.546,4.546,4.546,4.546,0.0
2014-11-19,4.541,4.541,4.541,4.541,0.0
2014-11-20,4.536,4.536,4.536,4.536,0.0
2014-11-21,4.524,4.524,4.524,4.524,0.0
2014-11-24,4.578,4.578,4.578,4.578,0.0
2014-11-25,4.557,4.557,4.557,4.557,0.0
2014-11-26,4.55,4.55,4.55,4.55,0.0
2014-11-28,4.568,4.568,4.568,4.568,0.0
2014-12-01,4.613,4.613,4.613,4.613,0.0
2014-12-02,4.602,4.602,4.602,4.602,0.0
2014-12-03,4.584,4.584,4.584,4.584,0.0
2014-12-04,4.559,4.559,4.559,4.559,0.0
2014-12-05,4.585,4.585,4.585,4.585,0.0
2014-12-08,4.591,4.591,4.591,4.591,0.0
2014-12-09,4.626,4.626,4.626,4.626,0.0
2014-12-10,4.616,4.616,4.616,4.616,0.0
2014-12-11,4.596,4.596,4.596,4.596,0.0
2014-12-12,4.587,4.587,4.587,4.587,0.0
2014-12-15,4.574,4.574,4.574,4.574,0.0
2014-12-16,4.524,4.524,4.524,4.524,0.0
2014-12-17,4.549,4.549,4.549,4.549,0.0
2014-12-18,4.525,4.525,4.525,4.525,0.0
2014-12-19,4.47,4.47,4.47,4.47,0.0
2014-12-22,4.449,4.449,4.449,4.449,0.0
2014-12-23,4.428,4.428,4.428,4.428,0.0
2014-12-24,4.419,4.419,4.419,4.419,0.0
2014-12-26,4.416,4.416,4.416,4.416,0.0
2014-12-29,4.419,4.419,4.419,4.419,0.0
2014-12-30,4.408,4.408,4.408,4.408,0.0
2014-12-31,4.376,4.376,4.376,4.376,0.0
2015-01-02,4.361,4.361,4.361,4.361,0.0
2015-01-05,4.361,4.361,4.361,4.361,0.0
2015-01-06,4.329,4.329,4.329,4.329,0.0
2015-01-07,4.279,4.279,4.279,4.279,0.0
2015-01-08,4.264,4.264,4.264,4.264,0.0
2015-01-09,4.252,4.252,4.252,4.252,0.0
2015-01-12,4.157,4.157,4.157,4.157,0.0
2015-01-13,4.149,4.149,4.149,4.149,0.0
2015-01-14,4.074,4.074,4.074,4.074,0.0
2015-01-15,4.012,4.012,4.012,4.012,0.0
2015-01-16,4.02,4.02,4.02,4.02,0.0
2015-01-20,4.008,4.008,4.008,4.008,0.0
2015-01-21,4.026,4.026,4.026,4.026,0.0
2015-01-22,4.037,4.037,4.037,4.037,0.0
2015-01-23,4.024,4.024,4.024,4.024,0.0
2015-01-26,4.042,4.042,4.042,4.042,0.0
2015-01-27,4.036,4.036,4.036,4.036,0.0
2015-01-28,4.048,4.048,4.048,4.048,0.0
2015-01-29,4.029,4.029,4.029,4.029,0.0
2015-01-30,4.036,4.036,4.036,4.036,0.0
2015-02-02,3.999,3.999,3.999,3.999,0.0
2015-02-03,4.015,4.015,4.015,4.015,0.0
2015-02-04,4.021,4.021,4.021,4.021,0.0
2015-02-05,3.946,3.946,3.946,3.946,0.0
2015-02-06,3.995,3.995,3.995,3.995,0.0
2015-02-09,3.997,3.997,3.997,3.997,0.0
2015-02-10,4.018,4.018,4.018,4.018,0.0
2015-02-11,4.006,4.006,4.006,4.006,0.0
2015-02-12,4.007,4.007,4.007,4.007,0.0
2015-02-13,4.047,4.047,4.047,4.047,0.0
2015-02-17,3.987,3.987,3.987,3.987,0.0
2015-02-18,4.004,4.004,4.004,4.004,0.0
2015-02-19,3.978,3.978,3.978,3.978,0.0
2015-02-20,3.983,3.983,3.983,3.983,0.0
2015-02-23,3.955,3.955,3.955,3.955,0.0
2015-02-24,3.963,3.963,3.963,3.963,0.0
2015-02-25,3.969,3.969,3.969,3.969,0.0
2015-02-26,3.939,3.939,3.939,3.939,0.0
2015-02-27,3.94,3.94,3.94,3.94,0.0
2015-03-02,3.931,3.931,3.931,3.931,0.0
2015-03-03,3.931,3.937,3.931,3.937,10.0
2015-03-04,3.931,3.931,3.931,3.931,0.0
2015-03-05,3.9,3.9,3.9,3.9,0.0
2015-03-06,3.9,3.9,3.9,3.9,0.0
2015-03-09,3.875,3.875,3.875,3.875,0.0
2015-03-10,3.873,3.873,3.873,3.873,0.0
2015-03-11,3.866,3.866,3.866,3.866,0.0
2015-03-12,3.835,3.835,3.835,3.835,0.0
2015-03-13,3.831,3.831,3.831,3.831,0.0
2015-03-16,3.844,3.844,3.844,3.844,0.0
2015-03-17,3.832,3.832,3.832,3.832,0.0
2015-03-18,3.854,3.854,3.854,3.854,0.0
2015-03-19,3.855,3.855,3.855,3.855,0.0
2015-03-20,3.833,3.833,3.833,3.833,0.0
2015-03-23,3.834,3.834,3.834,3.834,0.0
2015-03-24,3.843,3.843,3.843,3.843,0.0
2015-03-25,3.811,3.811,3.811,3.811,0.0
2015-03-26,3.802,3.802,3.802,3.802,0.0
2015-03-27,3.777,3.777,3.777,3.777,0.0
2015-03-30,3.765,3.765,3.765,3.765,0.0
2015-03-31,3.777,3.777,3.777,3.777,0.0
2015-04-01,3.766,3.766,3.766,3.766,0.0
2015-04-02,3.809,3.809,3.809,3.809,0.0
2015-04-06,3.802,3.802,3.802,3.802,0.0
2015-04-07,3.837,3.837,3.837,3.837,0.0
2015-04-08,3.842,3.842,3.842,3.842,0.0
2015-04-09,3.835,3.835,3.835,3.835,0.0
2015-04-10,3.83,3.83,3.83,3.83,0.0
2015-04-13,3.82,3.82,3.82,3.82,0.0
2015-04-14,3.813,3.813,3.813,3.813,0.0
2015-04-15,3.825,3.825,3.825,3.825,0.0
2015-04-16,3.85,3.85,3.85,3.85,0.0
2015-04-17,3.833,3.833,3.833,3.833,0.0
2015-04-20,3.834,3.834,3.834,3.834,0.0
2015-04-21,3.837,3.837,3.837,3.837,0.0
2015-04-22,3.844,3.844,3.844,3.844,0.0
2015-04-23,3.802,3.802,3.802,3.802,0.0
2015-04-24,3.8,3.8,3.8,3.8,0.0
2015-04-27,3.78,3.78,3.78,3.78,0.0
2015-04-28,3.778,3.778,3.778,3.778,0.0
2015-04-29,3.785,3.785,3.785,3.785,0.0
2015-04-30,3.786,3.786,3.786,3.786,0.0
2015-05-01,3.789,3.789,3.789,3.789,0.0
2015-05-04,3.796,3.796,3.796,3.796,0.0
2015-05-05,3.802,3.802,3.802,3.802,0.0
2015-05-06,3.81,3.81,3.81,3.81,0.0
2015-05-07,3.807,3.807,3.807,3.807,0.0
2015-05-08,3.825,3.825,3.825,3.825,0.0
2015-05-11,3.803,3.803,3.803,3.803,0.0
2015-05-12,3.79,3.79,3.79,3.79,0.0
2015-05-13,3.799,3.799,3.799,3.799,0.0
2015-05-14,3.81,3.81,3.81,3.81,0.0
2015-05-15,3.803,3.803,3.803,3.803,0.0
2015-05-18,3.808,3.808,3.808,3.808,0.0
2015-05-19,3.801,3.801,3.801,3.801,0.0
2015-05-20,3.798,3.798,3.798,3.798,0.0
2015-05-21,3.797,3.797,3.797,3.797,0.0
2015-05-22,3.789,3.789,3.789,3.789,0.0
2015-05-26,3.79,3.79,3.79,3.79,0.0
2015-05-27,3.785,3.785,3.785,3.785,0.0
2015-05-28,3.777,3.777,3.777,3.777,0.0
2015-05-29,3.767,3.767,3.767,3.767,0.0
2015-06-01,3.768,3.768,3.768,3.768,0.0
2015-06-02,3.765,3.765,3.765,3.765,0.0
2015-06-03,3.761,3.761,3.761,3.761,0.0
2015-06-04,3.715,3.715,3.715,3.715,0.0
2015-06-05,3.676,3.676,3.676,3.676,0.0
2015-06-08,3.684,3.684,3.684,3.684,0.0
2015-06-09,3.694,3.694,3.694,3.694,0.0
2015-06-10,3.7,3.7,3.7,3.7,0.0
2015-06-11,3.737,3.737,3.737,3.737,0.0
2015-06-12,3.738,3.738,3.738,3.738,0.0
2015-06-15,3.747,3.747,3.747,3.747,0.0
2015-06-16,3.767,3.767,3.767,3.767,0.0
2015-06-17,3.767,3.767,3.767,3.767,0.0
2015-06-18,3.744,3.744,3.744,3.744,0.0
2015-06-19,3.754,3.754,3.754,3.754,0.0
2015-06-22,3.737,3.737,3.737,3.737,0.0
2015-06-23,3.736,3.736,3.736,3.736,0.0
2015-06-24,3.739,3.739,3.739,3.739,0.0
2015-06-25,3.74,3.74,3.74,3.74,0.0
2015-06-26,3.741,3.741,3.741,3.741,0.0
2015-06-29,3.744,3.744,3.744,3.744,0.0
2015-06-30,3.756,3.756,3.756,3.756,0.0
2015-07-01,3.759,3.759,3.759,3.759,0.0
2015-07-02,3.763,3.763,3.763,3.763,0.0
2015-07-06,3.724,3.724,3.724,3.724,0.0
2015-07-07,3.718,3.718,3.718,3.718,0.0
2015-07-08,3.731,3.731,3.731,3.731,0.0
2015-07-09,3.734,3.734,3.734,3.734,0.0
2015-07-10,3.735,3.735,3.735,3.735,0.0
2015-07-13,3.735,3.735,3.735,3.735,0.0
2015-07-14,3.758,3.758,3.758,3.758,0.0
2015-07-15,3.772,3.772,3.772,3.772,0.0
2015-07-16,3.75,3.75,3.75,3.75,0.0
2015-07-17,3.757,3.757,3.757,3.757,0.0
2015-07-20,3.75,3.75,3.75,3.75,0.0
2015-07-21,3.749,3.749,3.749,3.749,0.0
2015-07-22,3.745,3.745,3.745,3.745,0.0
2015-07-23,3.725,3.725,3.725,3.725,0.0
2015-07-24,3.727,3.727,3.727,3.727,0.0
2015-07-27,3.748,3.748,3.748,3.748,0.0
2015-07-28,3.747,3.747,3.747,3.747,0.0
2015-07-29,3.743,3.743,3.743,3.743,0.0
2015-07-30,3.722,3.722,3.722,3.722,0.0
2015-07-31,3.692,3.692,3.692,3.692,0.0
2015-08-03,3.67,3.67,3.67,3.67,0.0
2015-08-04,3.632,3.632,3.632,3.632,0.0
2015-08-05,3.631,3.631,3.631,3.631,0.0
2015-08-06,3.631,3.631,3.631,3.631,0.0
2015-08-07,3.625,3.625,3.625,3.625,0.0
2015-08-10,3.623,3.623,3.623,3.623,0.0
2015-08-11,3.6,3.6,3.6,3.6,0.0
2015-08-12,3.595,3.595,3.595,3.595,0.0
2015-08-13,3.592,3.592,3.592,3.592,0.0
2015-08-14,3.597,3.597,3.597,3.597,0.0
2015-08-17,3.592,3.592,3.592,3.592,0.0
2015-08-18,3.589,3.589,3.589,3.589,0.0
2015-08-19,3.55,3.55,3.55,3.55,0.0
2015-08-20,3.535,3.535,3.535,3.535,0.0
2015-08-21,3.505,3.505,3.505,3.505,0.0
2015-08-24,3.459,3.459,3.459,3.459,0.0
2015-08-25,3.442,3.442,3.442,3.442,0.0
2015-08-26,3.45,3.45,3.45,3.45,0.0
2015-08-27,3.462,3.462,3.462,3.462,0.0
2015-08-28,3.484,3.484,3.484,3.484,0.0
2015-08-31,3.481,3.481,3.481,3.481,0.0
2015-09-01,3.497,3.497,3.497,3.497,0.0
2015-09-02,3.485,3.485,3.485,3.485,0.0
2015-09-03,3.487,3.487,3.487,3.487,0.0
2015-09-04,3.477,3.477,3.477,3.477,0.0
2015-09-08,3.483,3.483,3.483,3.483,0.0
2015-09-09,3.498,3.498,3.498,3.498,0.0
2015-09-10,3.5,3.5,3.5,3.5,0.0
2015-09-11,3.469,3.469,3.469,3.469,0.0
2015-09-14,3.48,3.48,3.48,3.48,0.0
2015-09-15,3.481,3.481,3.481,3.481,0.0
2015-09-16,3.456,3.456,3.456,3.456,0.0
2015-09-17,3.429,3.429,3.429,3.429,0.0
2015-09-18,3.416,3.416,3.416,3.416,0.0
2015-09-21,3.405,3.405,3.405,3.405,0.0
2015-09-22,3.395,3.395,3.395,3.395,0.0
2015-09-23,3.404,3.404,3.404,3.404,0.0
2015-09-24,3.441,3.441,3.441,3.441,0.0
2015-09-25,3.406,3.406,3.406,3.406,0.0
2015-09-28,3.403,3.403,3.403,3.403,0.0
2015-09-29,3.373,3.373,3.373,3.373,0.0
2015-09-30,3.346,3.346,3.346,3.346,0.0
2015-10-01,3.319,3.319,3.319,3.319,0.0
2015-10-02,3.332,3.332,3.332,3.332,0.0
2015-10-05,3.345,3.345,3.345,3.345,0.0
2015-10-06,3.374,3.374,3.374,3.374,0.0
2015-10-07,3.376,3.376,3.376,3.376,0.0
2015-10-08,3.376,3.376,3.376,3.376,0.0
2015-10-09,3.376,3.376,3.376,3.376,0.0
2015-10-12,3.386,3.386,3.386,3.386,0.0
2015-10-13,3.383,3.383,3.383,3.383,0.0
2015-10-14,3.385,3.385,3.385,3.385,0.0
2015-10-15,3.369,3.369,3.369,3.369,0.0
2015-10-16,3.368,3.368,3.368,3.368,0.0
2015-10-19,3.374,3.374,3.374,3.374,0.0
2015-10-20,3.394,3.394,3.394,3.394,0.0
2015-10-21,3.377,3.377,3.377,3.377,0.0
2015-10-22,3.368,3.368,3.368,3.368,0.0
2015-10-23,3.331,3.331,3.331,3.331,0.0
2015-10-26,3.292,3.292,3.292,3.292,0.0
2015-10-27,3.287,3.287,3.287,3.287,0.0
2015-10-28,3.286,3.286,3.286,3.286,0.0
2015-10-29,3.271,3.271,3.271,3.271,0.0
2015-10-30,3.295,3.295,3.295,3.295,0.0
2015-11-02,3.274,3.274,3.274,3.274,0.0
2015-11-03,3.288,3.288,3.288,3.288,0.0
2015-11-04,3.296,3.296,3.296,3.296,0.0
2015-11-05,3.308,3.308,3.308,3.308,0.0
2015-11-06,3.306,3.306,3.306,3.306,0.0
2015-11-09,3.295,3.295,3.295,3.295,0.0
2015-11-10,3.298,3.298,3.298,3.298,0.0
2015-11-11,3.287,3.287,3.287,3.287,8.0
2015-11-12,3.274,3.274,3.274,3.274,0.0
2015-11-13,3.294,3.294,3.294,3.294,0.0
2015-11-16,3.304,3.304,3.304,3.304,0.0
2015-11-17,3.302,3.302,3.302,3.302,0.0
2015-11-18,3.265,3.265,3.246,3.246,17.0
2015-11-19,3.204,3.204,3.204,3.204,0.0
2015-11-20,3.167,3.167,3.167,3.167,0.0
2015-11-23,3.19,3.19,3.19,3.19,0.0
2015-11-24,3.196,3.196,3.196,3.196,0.0
2015-11-25,3.211,3.211,3.211,3.211,0.0
2015-11-27,3.193,3.193,3.193,3.193,0.0
2015-11-30,3.216,3.216,3.216,3.216,0.0
2015-12-01,3.227,3.227,3.227,3.227,0.0
2015-12-02,3.25,3.25,3.25,3.25,0.0
2015-12-03,3.25,3.25,3.25,3.25,0.0
2015-12-04,3.257,3.257,3.257,3.257,0.0
2015-12-07,3.242,3.242,3.242,3.242,0.0
2015-12-08,3.251,3.251,3.251,3.251,0.0
2015-12-09,3.272,3.272,3.272,3.272,0.0
2015-12-10,3.293,3.293,3.293,3.293,0.0
2015-12-11,3.307,3.307,3.307,3.307,50.0
2015-12-14,3.293,3.293,3.275,3.275,1.0
2015-12-15,3.25,3.25,3.25,3.25,15.0
2015-12-16,3.275,3.275,3.275,3.275,0.0
2015-12-17,3.275,3.291,3.275,3.291,1.0
2015-12-18,3.287,3.287,3.287,3.287,0.0
2015-12-21,3.29,3.29,3.29,3.29,0.0
2015-12-22,3.286,3.286,3.286,3.286,0.0
2015-12-23,3.283,3.283,3.283,3.283,0.0
2015-12-24,3.283,3.283,3.283,3.283,0.0
2015-12-28,3.31,3.31,3.31,3.31,0.0
2015-12-29,3.293,3.293,3.293,3.293,0.0
2015-12-30,3.283,3.283,3.283,3.283,0.0
2015-12-31,3.288,3.288,3.288,3.288,0.0
2016-01-04,3.267,3.267,3.267,3.267,0.0
2016-01-05,3.252,3.252,3.252,3.252,0.0
2016-01-06,3.255,3.255,3.255,3.255,0.0
2016-01-07,3.278,3.278,3.278,3.278,0.0
2016-01-08,3.26,3.26,3.26,3.26,0.0
2016-01-11,3.224,3.224,3.224,3.224,0.0
2016-01-12,3.195,3.195,3.195,3.195,0.0
2016-01-13,3.211,3.211,3.211,3.211,0.0
2016-01-14,3.219,3.219,3.219,3.219,0.0
2016-01-15,3.205,3.205,3.205,3.205,0.0
2016-01-19,3.207,3.207,3.207,3.207,0.0
2016-01-20,3.21,3.21,3.21,3.21,0.0
2016-01-21,3.22,3.22,3.22,3.22,0.0
2016-01-22,3.219,3.219,3.219,3.219,0.0
2016-01-25,3.212,3.212,3.212,3.212,0.0
2016-01-26,3.202,3.202,3.202,3.202,0.0
2016-01-27,3.201,3.201,3.201,3.201,0.0
2016-01-28,3.225,3.225,3.225,3.225,0.0
2016-01-29,3.217,3.217,3.217,3.217,0.0
2016-02-01,3.173,3.173,3.173,3.173,0.0
2016-02-02,3.108,3.108,3.108,3.108,0.0
2016-02-03,3.147,3.147,3.147,3.147,0.0
2016-02-04,3.155,3.155,3.155,3.155,0.0
2016-02-05,3.153,3.153,3.153,3.153,4.0
2016-02-08,3.098,3.098,3.098,3.098,0.0
2016-02-09,3.063,3.063,3.063,3.063,0.0
2016-02-10,3.033,3.033,3.033,3.033,0.0
2016-02-11,2.993,2.993,2.993,2.993,0.0
2016-02-12,2.965,2.965,2.965,2.965,0.0
2016-02-16,2.93,2.93,2.93,2.93,0.0
2016-02-17,2.922,2.922,2.922,2.922,0.0
2016-02-18,2.893,2.893,2.893,2.893,0.0
2016-02-19,2.857,2.857,2.857,2.857,0.0
2016-02-22,2.857,2.857,2.796,2.796,21.0
2016-02-23,2.809,2.809,2.809,2.809,0.0
2016-02-24,2.825,2.825,2.825,2.825,0.0
2016-02-25,2.791,2.791,2.791,2.791,0.0
2016-02-26,2.814,2.814,2.814,2.814,0.0
2016-02-29,2.865,2.865,2.865,2.865,0.0
2016-03-01,2.906,2.906,2.906,2.906,0.0
2016-03-02,2.911,2.911,2.911,2.911,0.0
2016-03-03,2.918,2.918,2.918,2.918,0.0
2016-03-04,2.917,2.917,2.917,2.917,0.0
2016-03-07,2.924,2.924,2.924,2.924,0.0
2016-03-08,2.93,2.93,2.93,2.93,0.0
2016-03-09,2.968,2.968,2.968,2.968,0.0
2016-03-10,2.997,2.997,2.997,2.997,0.0
2016-03-11,3.017,3.017,3.017,3.017,18.0
2016-03-14,3.007,3.007,3.007,3.007,0.0
2016-03-15,3.008,3.008,3.008,3.008,0.0
2016-03-16,3.02,3.02,3.02,3.02,0.0
2016-03-17,3.023,3.023,3.023,3.023,0.0
2016-03-18,3.017,3.017,3.017,3.017,0.0
2016-03-21,3.003,3.003,3.003,3.003,0.0
2016-03-22,3.028,3.028,3.028,3.028,0.0
2016-03-23,3.046,3.046,3.046,3.046,0.0
2016-03-24,3.066,3.066,3.066,3.066,0.0
2016-03-28,3.126,3.126,3.126,3.126,0.0
2016-03-29,3.144,3.144,3.144,3.144,0.0
2016-03-30,3.139,3.139,3.139,3.139,0.0
2016-03-31,3.133,3.133,3.133,3.133,0.0
2016-04-01,3.132,3.132,3.132,3.132,0.0
2016-04-04,3.138,3.138,3.138,3.138,0.0
2016-04-05,3.146,3.146,3.146,3.146,0.0
2016-04-06,3.157,3.157,3.157,3.157,0.0
2016-04-07,3.162,3.162,3.162,3.162,0.0
2016-04-08,3.177,3.177,3.177,3.177,0.0
2016-04-11,3.174,3.174,3.174,3.174,0.0
2016-04-12,3.164,3.18,3.164,3.18,8.0
2016-04-13,3.185,3.185,3.185,3.185,0.0
2016-04-14,3.185,3.185,3.183,3.183,1.0
2016-04-15,3.148,3.148,3.148,3.148,0.0
2016-04-18,3.162,3.162,3.162,3.162,0.0
2016-04-19,3.174,3.174,3.174,3.174,0.0
2016-04-20,3.171,3.171,3.171,3.171,8.0
2016-04-21,3.196,3.196,3.196,3.196,0.0
2016-04-22,3.19,3.19,3.19,3.19,25.0
2016-04-25,3.205,3.205,3.205,3.205,0.0
2016-04-26,3.236,3.236,3.236,3.236,0.0
2016-04-27,3.245,3.245,3.245,3.245,0.0
2016-04-28,3.237,3.237,3.237,3.237,0.0
2016-04-29,3.235,3.235,3.235,3.235,0.0
2016-05-02,3.215,3.215,3.215,3.215,0.0
2016-05-03,3.221,3.221,3.221,3.221,0.0
2016-05-04,3.23,3.23,3.23,3.23,0.0
2016-05-05,3.25,3.25,3.25,3.25,0.0
2016-05-06,3.26,3.26,3.22,3.22,3.0
2016-05-09,3.202,3.202,3.202,3.202,0.0
2016-05-10,3.184,3.184,3.184,3.184,0.0
2016-05-11,3.184,3.184,3.184,3.184,0.0
2016-05-12,3.173,3.173,3.173,3.173,0.0
2016-05-13,3.152,3.152,3.152,3.152,15.0
2016-05-16,3.153,3.153,3.153,3.153,0.0
2016-05-17,3.137,3.137,3.137,3.137,0.0
2016-05-18,3.117,3.117,3.117,3.117,0.0
2016-05-19,3.142,3.142,3.142,3.142,0.0
2016-05-20,3.13,3.13,3.13,3.13,0.0
2016-05-23,3.14,3.14,3.14,3.14,0.0
2016-05-24,3.161,3.161,3.161,3.161,0.0
2016-05-25,3.205,3.205,3.205,3.205,0.0
2016-05-26,3.231,3.231,3.231,3.231,0.0
2016-05-27,3.243,3.243,3.243,3.243,0.0
2016-05-31,3.248,3.248,3.248,3.248,0.0
2016-06-01,3.226,3.226,3.226,3.226,0.0
2016-06-02,3.232,3.232,3.232,3.232,0.0
2016-06-03,3.22,3.22,3.22,3.22,0.0
2016-06-06,3.221,3.221,3.221,3.221,0.0
2016-06-07,3.245,3.245,3.245,3.245,0.0
2016-06-08,3.243,3.243,3.243,3.243,0.0
2016-06-09,3.232,3.232,3.232,3.232,0.0
2016-06-10,3.214,3.214,3.214,3.214,0.0
2016-06-13,3.178,3.178,3.178,3.178,0.0
2016-06-14,3.161,3.161,3.161,3.161,0.0
2016-06-15,3.156,3.156,3.156,3.156,0.0
2016-06-16,3.156,3.156,3.156,3.156,0.0
2016-06-17,3.143,3.143,3.143,3.143,0.0
2016-06-20,3.145,3.145,3.145,3.145,0.0
2016-06-21,3.135,3.135,3.135,3.135,0.0
2016-06-22,3.139,3.139,3.139,3.139,0.0
2016-06-23,3.138,3.138,3.138,3.138,0.0
2016-06-24,3.146,3.146,3.146,3.146,0.0
2016-06-27,3.129,3.129,3.129,3.129,0.0
2016-06-28,3.159,3.159,3.159,3.159,12.0
2016-06-29,3.158,3.158,3.158,3.158,0.0
2016-06-30,3.173,3.173,3.173,3.173,0.0
2016-07-01,3.186,3.186,3.186,3.186,0.0
2016-07-05,3.151,3.163,3.151,3.163,10.0
2016-07-06,3.185,3.185,3.185,3.185,0.0
2016-07-07,3.178,3.178,3.178,3.178,0.0
2016-07-08,3.18,3.18,3.18,3.18,0.0
2016-07-11,3.176,3.176,3.176,3.176,0.0
2016-07-12,3.176,3.176,3.176,3.176,0.0
2016-07-13,3.19,3.19,3.19,3.19,0.0
2016-07-14,3.189,3.189,3.189,3.189,0.0
2016-07-15,3.178,3.178,3.178,3.178,0.0
2016-07-18,3.183,3.183,3.183,3.183,0.0
2016-07-19,3.171,3.171,3.171,3.171,0.0
2016-07-20,3.161,3.161,3.161,3.161,0.0
2016-07-21,3.17,3.17,3.17,3.17,0.0
2016-07-22,3.174,3.174,3.174,3.174,0.0
2016-07-25,3.18,3.18,3.18,3.18,0.0
2016-07-26,3.178,3.178,3.178,3.178,0.0
2016-07-27,3.166,3.166,3.166,3.166,12.0
2016-07-28,3.167,3.167,3.167,3.167,0.0
2016-07-29,3.17,3.17,3.17,3.17,0.0
2016-08-01,3.15,3.15,3.15,3.15,0.0
2016-08-02,3.158,3.158,3.158,3.158,0.0
2016-08-03,3.16,3.16,3.16,3.16,0.0
2016-08-04,3.181,3.181,3.181,3.181,0.0
2016-08-05,3.177,3.177,3.177,3.177,0.0
2016-08-08,3.181,3.181,3.181,3.181,0.0
2016-08-09,3.17,3.17,3.17,3.17,0.0
2016-08-10,3.146,3.146,3.146,3.146,0.0
2016-08-11,3.135,3.135,3.135,3.135,0.0
2016-08-12,3.132,3.132,3.132,3.132,0.0
2016-08-15,3.133,3.133,3.133,3.133,0.0
2016-08-16,3.147,3.147,3.147,3.147,0.0
2016-08-17,3.159,3.159,3.159,3.159,0.0
2016-08-18,3.162,3.162,3.162,3.162,0.0
2016-08-19,3.148,3.148,3.145,3.145,1.0
2016-08-22,3.145,3.145,3.142,3.142,5.0
2016-08-23,3.152,3.152,3.152,3.152,0.0
2016-08-24,3.176,3.176,3.176,3.176,0.0
2016-08-25,3.153,3.153,3.153,3.153,0.0
2016-08-26,3.138,3.138,3.138,3.138,0.0
2016-08-29,3.137,3.137,3.137,3.137,12.0
2016-08-30,3.132,3.132,3.132,3.132,0.0
2016-08-31,3.152,3.152,3.152,3.152,0.0
2016-09-01,3.114,3.114,3.114,3.114,0.0
2016-09-02,3.112,3.112,3.112,3.112,0.0
2016-09-06,3.108,3.108,3.108,3.108,0.0
2016-09-07,3.099,3.099,3.099,3.099,0.0
2016-09-08,3.113,3.113,3.113,3.113,0.0
2016-09-09,3.09,3.09,3.09,3.09,0.0
2016-09-12,3.092,3.092,3.092,3.092,0.0
2016-09-13,3.081,3.081,3.081,3.081,0.0
2016-09-14,3.082,3.082,3.082,3.082,0.0
2016-09-15,3.074,3.074,3.074,3.074,0.0
2016-09-16,3.066,3.066,3.066,3.066,0.0
2016-09-19,3.064,3.064,3.064,3.064,0.0
2016-09-20,3.06,3.06,3.06,3.06,0.0
2016-09-21,3.064,3.064,3.064,3.064,0.0
2016-09-22,3.049,3.049,3.049,3.049,0.0
2016-09-23,3.04,3.04,3.04,3.04,0.0
2016-09-26,3.052,3.052,3.052,3.052,0.0
2016-09-27,3.025,3.025,3.025,3.025,1.0
2016-09-28,3.004,3.004,3.004,3.004,0.0
2016-09-29,2.98,2.986,2.98,2.986,3.0
2016-09-30,2.975,2.975,2.975,2.975,4.0
2016-10-03,2.99,2.99,2.99,2.99,0.0
2016-10-04,2.976,2.976,2.976,2.976,0.0
2016-10-05,3.015,3.015,3.015,3.015,0.0
2016-10-06,3.009,3.009,3.009,3.009,0.0
2016-10-07,3.03,3.03,3.03,3.03,0.0
2016-10-10,3.026,3.026,3.026,3.026,0.0
2016-10-11,3.071,3.071,3.071,3.071,0.0
2016-10-12,3.063,3.063,3.063,3.063,0.0
2016-10-13,3.073,3.073,3.073,3.073,20.0
2016-10-14,3.05,3.064,3.05,3.064,15.0
2016-10-17,3.073,3.073,3.073,3.073,0.0
2016-10-18,3.085,3.085,3.085,3.085,0.0
2016-10-19,3.075,3.075,3.075,3.075,0.0
2016-10-20,3.082,3.082,3.082,3.082,0.0
2016-10-21,3.085,3.085,3.085,3.085,0.0
2016-10-24,3.085,3.085,3.085,3.085,0.0
2016-10-25,3.062,3.062,3.062,3.062,0.0
2016-10-26,3.02,3.02,3.02,3.02,10.0
2016-10-27,3.062,3.062,3.062,3.062,0.0
2016-10-28,3.11,3.11,3.088,3.088,3.0
2016-10-31,3.081,3.081,3.081,3.081,0.0
2016-11-01,3.083,3.083,3.083,3.083,0.0
2016-11-02,3.063,3.063,3.063,3.063,0.0
2016-11-03,3.056,3.056,3.056,3.056,0.0
2016-11-04,3.046,3.046,3.046,3.046,0.0
2016-11-07,3.06,3.06,3.06,3.06,0.0
2016-11-08,3.036,3.036,3.036,3.036,0.0
2016-11-09,3.034,3.034,3.034,3.034,0.0
2016-11-10,3.036,3.036,3.036,3.036,0.0
2016-11-11,3.049,3.049,3.049,3.049,0.0
2016-11-14,3.055,3.055,3.055,3.055,0.0
2016-11-15,3.023,3.023,3.023,3.023,0.0
2016-11-16,3.036,3.036,3.036,3.036,0.0
2016-11-17,3.065,3.065,3.065,3.065,0.0
2016-11-18,3.093,3.093,3.082,3.082,1.0
2016-11-21,3.092,3.092,3.092,3.092,0.0
2016-11-22,3.074,3.074,3.074,3.074,0.0
2016-11-23,3.072,3.072,3.072,3.072,0.0
2016-11-25,3.071,3.071,3.071,3.071,0.0
2016-11-28,3.061,3.061,3.061,3.061,12.0
2016-11-29,3.034,3.034,3.034,3.034,0.0
2016-11-30,3.038,3.038,3.038,3.038,0.0
2016-12-01,3.051,3.051,3.051,3.051,0.0
2016-12-02,3.038,3.038,3.038,3.038,0.0
2016-12-05,3.038,3.038,3.038,3.038,25.0
2016-12-06,3.006,3.006,3.006,3.006,0.0
2016-12-07,3.015,3.015,3.015,3.015,0.0
2016-12-08,3.031,3.031,3.031,3.031,0.0
2016-12-09,3.028,3.028,3.028,3.028,0.0
2016-12-12,3.023,3.023,3.023,3.023,0.0
2016-12-13,3.011,3.011,3.011,3.011,50.0
2016-12-14,3.0,3.0,2.995,2.995,36.0
2016-12-15,3.002,3.002,3.002,3.002,11.0
2016-12-16,3.025,3.025,3.025,3.025,0.0
2016-12-19,3.029,3.029,3.029,3.029,0.0
2016-12-20,2.974,2.974,2.974,2.974,0.0
2016-12-21,3.008,3.008,3.008,3.008,0.0
2016-12-22,2.964,2.964,2.964,2.964,0.0
2016-12-23,2.975,2.975,2.975,2.975,0.0
2016-12-27,2.985,2.985,2.985,2.985,1.0
2016-12-28,3.002,3.002,3.002,3.002,0.0
2016-12-29,3.005,3.005,3.005,3.005,0.0
2016-12-30,3.003,3.003,3.003,3.003,0.0
2017-01-03,2.992,2.992,2.992,2.992,0.0
2017-01-04,2.986,2.986,2.986,2.986,0.0
2017-01-05,3.002,3.002,3.002,3.002,0.0
2017-01-06,3.013,3.013,3.013,3.013,0.0
2017-01-09,3.0,3.0,3.0,3.0,0.0
2017-01-10,3.047,3.047,3.047,3.047,0.0
2017-01-11,3.056,3.056,3.056,3.056,10.0
2017-01-12,3.08,3.08,3.074,3.074,1.0
2017-01-13,3.065,3.065,3.065,3.065,0.0
2017-01-17,3.056,3.056,3.056,3.056,0.0
2017-01-18,3.064,3.064,3.064,3.064,0.0
2017-01-19,3.067,3.067,3.062,3.062,1.0
2017-01-20,3.041,3.041,3.041,3.041,0.0
2017-01-23,3.04,3.04,3.04,3.04,0.0
2017-01-24,3.027,3.027,3.027,3.027,0.0
2017-01-25,3.035,3.035,3.02,3.02,3.0
2017-01-26,3.019,3.019,3.019,3.019,7.0
2017-01-27,3.007,3.007,3.007,3.007,1.0
2017-01-30,3.0,3.011,3.0,3.011,2.0
2017-01-31,3.008,3.008,3.008,3.008,0.0
2017-02-01,3.007,3.007,3.007,3.007,0.0
2017-02-02,3.021,3.021,3.021,3.021,0.0
2017-02-03,2.994,2.994,2.994,2.994,110.0
2017-02-06,3.004,3.004,3.004,3.004,4.0
2017-02-07,3.029,3.029,3.029,3.029,0.0
2017-02-08,3.019,3.019,3.019,3.019,0.0
2017-02-09,3.022,3.022,3.022,3.022,0.0
2017-02-10,3.002,3.002,3.002,3.002,0.0
2017-02-13,2.997,2.997,2.997,2.997,0.0
2017-02-14,2.989,2.989,2.989,2.989,0.0
2017-02-15,2.99,2.99,2.99,2.99,0.0
2017-02-16,2.993,2.993,2.993,2.993,0.0
2017-02-17,2.989,2.989,2.989,2.989,0.0
2017-02-21,2.965,2.965,2.965,2.965,0.0
2017-02-22,2.978,2.978,2.978,2.978,0.0
2017-02-23,2.988,2.988,2.983,2.983,13.0
2017-02-24,2.981,2.981,2.981,2.981,12.0
2017-02-27,2.978,2.978,2.978,2.978,0.0
2017-02-28,2.987,2.987,2.987,2.987,0.0
2017-03-01,3.018,3.018,3.018,3.018,5.0
2017-03-02,3.025,3.025,3.023,3.023,8.0
2017-03-03,3.029,3.029,3.029,3.029,25.0
2017-03-06,3.02,3.02,3.02,3.02,0.0
2017-03-07,3.02,3.02,3.02,3.02,20.0
2017-03-08,3.02,3.024,3.02,3.024,32.0
2017-03-09,3.022,3.022,3.022,3.022,0.0
2017-03-10,3.011,3.011,3.011,3.011,0.0
2017-03-13,3.002,3.002,3.002,3.002,0.0
2017-03-14,2.981,2.981,2.972,2.972,1.0
2017-03-15,2.969,2.969,2.969,2.969,10.0
2017-03-16,2.978,2.978,2.978,2.978,5.0
2017-03-17,2.984,2.984,2.984,2.984,0.0
2017-03-20,2.992,2.992,2.992,2.992,5.0
2017-03-21,2.997,2.997,2.997,2.997,0.0
2017-03-22,2.993,2.993,2.993,2.993,55.0
2017-03-23,3.003,3.003,3.003,3.003,0.0
2017-03-24,3.0,3.0,3.0,3.0,0.0
2017-03-27,3.0,3.0,3.0,3.0,0.0
2017-03-28,3.003,3.003,2.982,2.982,50.0
2017-03-29,3.003,3.006,3.003,3.006,1.0
2017-03-30,2.992,2.992,2.992,2.992,0.0
2017-03-31,3.01,3.01,2.981,2.981,34.0
2017-04-03,2.99,2.99,2.99,2.99,5.0
2017-04-04,2.992,2.995,2.985,2.985,1.0
2017-04-05,2.997,2.997,2.997,2.997,2.0
2017-04-06,2.981,2.981,2.981,2.981,0.0
2017-04-07,2.985,2.985,2.985,2.985,0.0
2017-04-10,2.98,2.98,2.98,2.98,0.0
2017-04-11,2.993,2.993,2.993,2.993,108.0
2017-04-12,2.992,2.992,2.992,2.992,0.0
2017-04-13,3.018,3.018,3.018,3.018,0.0
2017-04-17,3.016,3.016,3.016,3.016,10.0
2017-04-18,3.044,3.044,3.044,3.044,40.0
2017-04-19,3.07,3.07,3.07,3.07,0.0
2017-04-20,3.089,3.089,3.089,3.089,0.0
2017-04-21,3.07,3.07,3.07,3.07,0.0
2017-04-24,3.067,3.067,3.067,3.067,0.0
2017-04-25,3.072,3.072,3.072,3.072,0.0
2017-04-26,3.079,3.079,3.079,3.079,0.0
2017-04-27,3.06,3.06,3.06,3.06,0.0
2017-04-28,3.063,3.063,3.063,3.063,18.0
2017-05-01,3.026,3.026,3.026,3.026,8.0
2017-05-02,3.021,3.021,3.021,3.021,0.0
2017-05-03,3.033,3.033,3.03,3.03,3.0
2017-05-04,3.035,3.035,3.035,3.035,1.0
2017-05-05,3.046,3.046,3.046,3.046,0.0
2017-05-08,3.05,3.05,3.018,3.018,1.0
2017-05-09,3.016,3.016,3.016,3.016,10.0
2017-05-10,3.011,3.011,3.011,3.011,2.0
2017-05-11,3.009,3.009,3.009,3.009,30.0
2017-05-12,3.015,3.019,3.005,3.005,6.0
2017-05-15,2.999,2.999,2.999,2.999,172.0
2017-05-16,3.004,3.004,3.004,3.004,0.0
2017-05-17,3.017,3.017,3.017,3.017,0.0
2017-05-18,3.019,3.019,3.019,3.019,20.0
2017-05-19,3.008,3.008,3.008,3.008,0.0
2017-05-22,3.011,3.011,3.011,3.011,0.0
2017-05-23,3.004,3.004,3.004,3.004,0.0
2017-05-24,2.993,2.993,2.993,2.993,0.0
2017-05-25,2.999,2.999,2.999,2.999,0.0
2017-05-26,2.99,2.99,2.99,2.99,0.0
2017-05-30,2.996,2.996,2.996,2.996,0.0
2017-05-31,2.981,2.981,2.981,2.981,0.0
2017-06-01,2.985,2.985,2.985,2.985,0.0
2017-06-02,3.0,3.0,3.0,3.0,0.0
2017-06-05,3.002,3.002,2.992,2.992,23.0
2017-06-06,2.993,2.997,2.993,2.997,2.0
2017-06-07,2.915,3.0,2.915,3.0,8.0
2017-06-08,3.012,3.012,3.012,3.012,0.0
2017-06-09,3.01,3.01,3.01,3.01,5.0
2017-06-12,3.009,3.009,3.009,3.009,0.0
2017-06-13,3.019,3.019,3.019,3.019,11.0
2017-06-14,3.013,3.013,3.013,3.013,6.0
2017-06-15,3.017,3.017,3.017,3.017,0.0
2017-06-16,3.008,3.008,3.008,3.008,0.0
2017-06-19,2.998,2.998,2.998,2.998,0.0
2017-06-20,3.018,3.018,3.011,3.011,2.0
2017-06-21,3.027,3.027,3.027,3.027,0.0
2017-06-22,3.027,3.027,3.027,3.027,2.0
2017-06-23,3.025,3.025,3.025,3.025,0.0
2017-06-26,3.013,3.013,3.013,3.013,0.0
2017-06-27,2.999,2.999,2.999,2.999,0.0
2017-06-28,2.992,2.992,2.992,2.992,58.0
2017-06-29,2.996,2.996,2.996,2.996,5.0
2017-06-30,3.004,3.004,3.004,3.004,14.0
2017-07-03,2.993,2.993,2.993,2.993,0.0
2017-07-05,2.96,2.96,2.96,2.96,0.0
2017-07-06,2.948,2.948,2.948,2.948,0.0
2017-07-07,2.943,2.943,2.943,2.943,75.0
2017-07-10,2.95,2.95,2.95,2.95,0.0
2017-07-11,2.949,2.949,2.949,2.949,0.0
2017-07-12,2.94,2.94,2.94,2.94,16.0
2017-07-13,2.965,2.965,2.965,2.965,0.0
2017-07-14,2.97,2.97,2.97,2.97,0.0
2017-07-17,2.972,2.972,2.972,2.972,5.0
2017-07-18,2.986,2.986,2.986,2.986,3.0
2017-07-19,2.97,2.97,2.97,2.97,0.0
2017-07-20,2.971,2.971,2.971,2.971,0.0
2017-07-21,2.99,2.99,2.955,2.955,1.0
2017-07-24,2.915,2.915,2.911,2.911,10.0
2017-07-25,2.927,2.927,2.922,2.922,2.0
2017-07-26,2.923,2.923,2.923,2.923,0.0
2017-07-27,2.923,2.923,2.923,2.923,1.0
2017-07-28,2.946,2.946,2.936,2.936,4.0
2017-07-31,2.92,2.927,2.92,2.927,28.0
2017-08-01,2.935,2.935,2.935,2.935,5.0
2017-08-02,2.95,2.95,2.95,2.95,1.0
2017-08-03,2.965,2.965,2.965,2.965,11.0
2017-08-04,2.953,2.953,2.953,2.953,0.0
2017-08-07,2.959,2.959,2.959,2.959,0.0
2017-08-08,2.964,2.971,2.964,2.971,120.0
2017-08-09,2.959,2.959,2.959,2.959,14.0
2017-08-10,2.978,2.978,2.963,2.963,2.0
2017-08-11,2.963,2.963,2.963,2.963,15.0
2017-08-14,2.969,2.969,2.969,2.969,1.0
2017-08-15,2.959,2.959,2.959,2.959,2.0
2017-08-16,2.945,2.945,2.945,2.945,11.0
2017-08-17,2.954,2.954,2.954,2.954,4.0
2017-08-18,2.953,2.953,2.953,2.953,8.0
2017-08-21,2.965,2.965,2.965,2.965,1.0
2017-08-22,2.95,2.95,2.95,2.95,4.0
2017-08-23,2.949,2.949,2.949,2.949,11.0
2017-08-24,2.941,2.941,2.941,2.941,12.0
2017-08-25,2.93,2.93,2.93,2.93,5.0
2017-08-28,2.943,2.943,2.943,2.943,0.0
2017-08-29,2.952,2.952,2.952,2.952,0.0
2017-08-30,2.942,2.955,2.942,2.95,0.0
2017-08-31,2.961,2.961,2.961,2.961,51.0
2017-09-01,2.966,2.966,2.966,2.966,39.0
2017-09-05,2.955,2.962,2.955,2.962,0.0
2017-09-06,2.965,2.965,2.965,2.965,0.0
2017-09-07,2.991,2.991,2.987,2.987,1.0
2017-09-08,2.992,2.992,2.988,2.988,22.0
2017-09-11,3.004,3.004,3.004,3.004,0.0
2017-09-12,3.012,3.012,3.012,3.012,3.0
2017-09-13,3.003,3.003,3.003,3.003,0.0
2017-09-14,3.015,3.015,3.015,3.015,0.0
2017-09-15,3.029,3.029,3.029,3.029,10.0
2017-09-18,3.048,3.048,3.048,3.048,7.0
2017-09-19,3.05,3.05,3.041,3.041,6.0
2017-09-20,3.039,3.039,3.039,3.039,50.0
2017-09-21,3.027,3.027,3.027,3.027,12.0
2017-09-22,3.05,3.05,3.05,3.05,0.0
2017-09-25,3.024,3.024,3.024,3.024,0.0
2017-09-26,3.03,3.03,3.03,3.03,0.0
2017-09-27,3.041,3.041,3.041,3.041,5.0
2017-09-28,3.034,3.034,3.034,3.034,4.0
2017-09-29,3.023,3.023,3.023,3.023,0.0
2017-10-02,3.025,3.025,3.025,3.025,10.0
2017-10-03,3.029,3.029,3.029,3.029,0.0
2017-10-04,3.027,3.027,3.027,3.027,15.0
2017-10-05,3.03,3.03,3.03,3.03,0.0
2017-10-06,3.03,3.03,3.021,3.021,55.0
2017-10-09,3.04,3.04,3.03,3.03,1.0
2017-10-10,3.03,3.03,3.03,3.03,20.0
2017-10-11,3.015,3.015,3.015,3.015,1.0
2017-10-12,3.022,3.022,3.022,3.022,4.0
2017-10-13,3.03,3.03,3.03,3.03,0.0
2017-10-16,3.03,3.041,3.03,3.041,21.0
2017-10-17,3.027,3.027,3.027,3.027,22.0
2017-10-18,3.03,3.03,3.03,3.03,0.0
2017-10-19,3.036,3.036,3.036,3.036,0.0
2017-10-20,3.033,3.033,3.033,3.033,0.0
2017-10-23,3.02,3.02,3.02,3.02,0.0
2017-10-24,3.022,3.022,3.022,3.022,61.0
2017-10-25,3.02,3.02,3.02,3.02,2.0
2017-10-26,3.029,3.029,3.029,3.029,7.0
2017-10-27,3.027,3.027,3.027,3.027,56.0
2017-10-30,3.043,3.043,3.043,3.043,28.0
2017-10-31,3.035,3.035,3.035,3.035,4.0
2017-11-01,3.034,3.034,3.034,3.034,3.0
2017-11-02,3.035,3.035,3.035,3.035,1.0
2017-11-03,3.033,3.033,3.033,3.033,2.0
2017-11-06,3.04,3.044,3.04,3.044,134.0
2017-11-07,3.032,3.032,3.032,3.032,2.0
2017-11-08,3.031,3.031,3.031,3.031,0.0
2017-11-09,3.029,3.029,3.029,3.029,0.0
2017-11-10,3.034,3.034,3.031,3.031,44.0
2017-11-13,3.031,3.031,3.031,3.031,0.0
2017-11-14,3.029,3.029,3.029,3.029,0.0
2017-11-15,3.038,3.038,3.031,3.031,1.0
2017-11-16,3.038,3.047,3.038,3.047,2.0
2017-11-17,3.037,3.037,3.037,3.037,0.0
2017-11-20,3.035,3.035,3.035,3.035,0.0
2017-11-21,3.04,3.04,3.04,3.04,2.0
2017-11-22,3.027,3.027,3.027,3.027,0.0
2017-11-24,3.016,3.016,3.016,3.016,0.0
2017-11-27,3.039,3.039,3.039,3.039,44.0
2017-11-28,3.04,3.04,3.04,3.04,62.0
2017-11-29,3.025,3.025,3.025,3.025,9.0
2017-11-30,3.008,3.008,3.008,3.008,0.0
2017-12-01,3.0,3.0,2.994,2.994,7.0
2017-12-04,2.954,2.954,2.954,2.954,12.0
2017-12-05,2.97,2.975,2.97,2.975,53.0
2017-12-06,2.96,2.966,2.96,2.966,4.0
2017-12-07,2.95,2.95,2.945,2.945,8.0
2017-12-08,2.954,2.954,2.954,2.954,5.0
2017-12-11,2.955,2.955,2.955,2.955,0.0
2017-12-12,2.925,2.925,2.925,2.925,18.0
2017-12-13,2.94,2.945,2.9,2.928,14.0
2017-12-14,2.935,2.935,2.935,2.935,9.0
2017-12-15,2.93,2.93,2.908,2.908,12.0
2017-12-18,2.943,2.943,2.94,2.94,33.0
2017-12-19,2.934,2.934,2.934,2.934,0.0
2017-12-20,2.91,2.92,2.908,2.914,82.0
2017-12-21,2.907,2.907,2.907,2.907,7.0
2017-12-22,2.93,2.93,2.93,2.93,2.0
2017-12-26,2.931,2.931,2.931,2.931,3.0
2017-12-27,2.931,2.931,2.931,2.931,13.0
2017-12-28,2.935,2.944,2.932,2.944,152.0
2017-12-29,2.952,2.952,2.952,2.952,24.0
2018-01-02,2.942,2.942,2.942,2.942,9.0
2018-01-03,2.935,2.935,2.935,2.935,10.0
2018-01-04,2.925,2.925,2.925,2.925,204.0
2018-01-05,2.913,2.913,2.913,2.913,1.0
2018-01-08,2.927,2.927,2.927,2.927,4.0
2018-01-09,2.93,2.937,2.93,2.937,22.0
2018-01-10,2.926,2.946,2.926,2.946,24.0
2018-01-11,2.93,2.942,2.93,2.942,219.0
2018-01-12,2.942,2.942,2.942,2.942,5.0
2018-01-16,2.936,2.936,2.936,2.936,79.0
2018-01-17,2.931,2.935,2.931,2.935,36.0
2018-01-18,2.94,2.94,2.94,2.94,27.0
2018-01-19,2.929,2.929,2.929,2.929,0.0
2018-01-22,2.947,2.947,2.947,2.947,1.0
2018-01-23,2.946,2.946,2.946,2.946,287.0
2018-01-24,2.942,2.942,2.942,2.942,862.0
2018-01-25,2.931,2.931,2.931,2.931,385.0
2018-01-26,2.912,2.912,2.912,2.912,77.0
2018-01-29,2.929,2.929,2.929,2.929,50.0
2018-01-30,2.928,2.928,2.928,2.928,528.0
2018-01-31,2.933,2.933,2.933,2.933,631.0
2018-02-01,2.936,2.939,2.936,2.939,229.0
2018-02-02,2.952,2.952,2.952,2.952,43.0
2018-02-05,2.953,2.953,2.953,2.953,0.0
2018-02-06,2.955,2.955,2.955,2.955,18.0
2018-02-07,2.948,2.948,2.948,2.948,195.0
2018-02-08,2.943,2.943,2.943,2.943,139.0
2018-02-09,2.925,2.926,2.92,2.92,105.0
2018-02-12,2.915,2.915,2.915,2.915,233.0
2018-02-13,2.919,2.919,2.919,2.919,409.0
2018-02-14,2.915,2.918,2.915,2.918,137.0
2018-02-15,2.904,2.904,2.904,2.904,69.0
2018-02-16,2.89,2.912,2.89,2.907,6.0
2018-02-20,2.907,2.922,2.907,2.909,22.0
2018-02-21,2.929,2.929,2.917,2.917,7.0
2018-02-22,2.917,2.917,2.917,2.917,142.0
2018-02-23,2.913,2.913,2.913,2.913,2.0
2018-02-26,2.926,2.926,2.926,2.926,75.0
2018-02-27,2.918,2.918,2.918,2.918,183.0
2018-02-28,2.915,2.915,2.894,2.894,40.0
2018-03-01,2.905,2.907,2.905,2.907,76.0
2018-03-02,2.91,2.91,2.902,2.902,26.0
2018-03-05,2.906,2.909,2.906,2.909,211.0
2018-03-06,2.922,2.923,2.922,2.923,257.0
2018-03-07,2.93,2.93,2.913,2.921,371.0
2018-03-08,2.912,2.917,2.912,2.917,23.0
2018-03-09,2.907,2.907,2.907,2.907,54.0
2018-03-12,2.904,2.913,2.904,2.913,56.0
2018-03-13,2.91,2.912,2.91,2.912,23.0
2018-03-14,2.919,2.919,2.919,2.919,3.0
2018-03-15,2.887,2.906,2.884,2.906,247.0
2018-03-16,2.903,2.903,2.903,2.903,9.0
2018-03-19,2.89,2.906,2.89,2.895,28.0
2018-03-20,2.894,2.897,2.894,2.897,104.0
2018-03-21,2.886,2.886,2.882,2.882,154.0
2018-03-22,2.878,2.878,2.878,2.878,23.0
2018-03-23,2.873,2.875,2.868,2.869,759.0
2018-03-26,2.879,2.888,2.872,2.872,161.0
2018-03-27,2.88,2.894,2.88,2.89,119.0
2018-03-28,2.901,2.901,2.887,2.887,6.0
2018-03-29,2.895,2.909,2.895,2.895,14.0
2018-04-02,2.895,2.907,2.895,2.902,27.0
2018-04-03,2.905,2.907,2.905,2.907,179.0
2018-04-04,2.893,2.893,2.893,2.893,162.0
2018-04-05,2.881,2.901,2.881,2.901,179.0
2018-04-06,2.888,2.888,2.888,2.888,18.0
2018-04-09,2.884,2.891,2.873,2.891,504.0
2018-04-10,2.878,2.89,2.878,2.89,92.0
2018-04-11,2.889,2.895,2.888,2.895,17.0
2018-04-12,2.902,2.902,2.902,2.902,5.0
2018-04-13,2.892,2.892,2.884,2.888,6.0
2018-04-16,2.897,2.897,2.897,2.897,0.0
2018-04-17,2.894,2.897,2.887,2.887,110.0
2018-04-18,2.886,2.887,2.87,2.87,4.0
2018-04-19,2.845,2.851,2.821,2.821,129.0
2018-04-20,2.824,2.831,2.823,2.824,28.0
2018-04-23,2.833,2.833,2.819,2.823,16.0
2018-04-24,2.821,2.832,2.821,2.832,61.0
2018-04-25,2.846,2.846,2.841,2.841,198.0
2018-04-26,2.84,2.842,2.838,2.838,200.0
2018-04-27,2.83,2.83,2.819,2.819,8.0
2018-04-30,2.827,2.827,2.823,2.823,155.0
2018-05-01,2.845,2.845,2.825,2.831,21.0
2018-05-02,2.83,2.836,2.821,2.836,172.0
2018-05-03,2.818,2.822,2.818,2.822,85.0
2018-05-04,2.818,2.82,2.801,2.811,24.0
2018-05-07,2.822,2.822,2.8,2.811,95.0
2018-05-08,2.78,2.787,2.774,2.779,94.0
2018-05-09,2.778,2.779,2.775,2.776,41.0
2018-05-10,2.779,2.802,2.779,2.802,41.0
2018-05-11,2.81,2.81,2.802,2.804,294.0
2018-05-14,2.806,2.815,2.802,2.811,56.0
2018-05-15,2.815,2.815,2.799,2.8,39.0
2018-05-16,2.8,2.817,2.794,2.805,625.0
2018-05-17,2.804,2.822,2.804,2.822,101.0
2018-05-18,2.822,2.83,2.822,2.828,30.0
2018-05-21,2.834,2.834,2.831,2.831,53.0
2018-05-22,2.855,2.859,2.855,2.859,66.0
2018-05-23,2.864,2.864,2.847,2.86,340.0
2018-05-24,2.851,2.855,2.851,2.854,365.0
2018-05-25,2.843,2.852,2.842,2.852,170.0
2018-05-29,2.836,2.836,2.818,2.828,172.0
2018-05-30,2.831,2.836,2.831,2.831,86.0
2018-05-31,2.856,2.857,2.841,2.846,431.0
2018-06-01,2.855,2.858,2.855,2.858,400.0
2018-06-04,2.832,2.843,2.832,2.843,445.0
2018-06-05,2.83,2.83,2.819,2.828,751.0
2018-06-06,2.821,2.826,2.821,2.826,205.0
2018-06-07,2.83,2.837,2.827,2.829,187.0
2018-06-08,2.818,2.818,2.816,2.816,19.0
2018-06-11,2.822,2.824,2.822,2.824,147.0
2018-06-12,2.831,2.836,2.822,2.836,475.0
2018-06-13,2.84,2.844,2.834,2.838,541.0
2018-06-14,2.844,2.845,2.839,2.843,572.0
2018-06-15,2.854,2.858,2.843,2.855,1149.0
2018-06-18,2.853,2.854,2.853,2.854,269.0
2018-06-19,2.85,2.854,2.83,2.83,354.0
2018-06-20,2.857,2.857,2.857,2.857,130.0
2018-06-21,2.859,2.865,2.857,2.861,540.0
2018-06-22,2.854,2.856,2.85,2.856,226.0
2018-06-25,2.837,2.852,2.837,2.852,257.0
2018-06-26,2.852,2.852,2.852,2.852,154.0
2018-06-27,2.865,2.873,2.863,2.873,250.0
2018-06-28,2.872,2.878,2.851,2.863,575.0
2018-06-29,2.865,2.866,2.855,2.865,1650.0
2018-07-02,2.847,2.856,2.842,2.856,846.0
2018-07-03,2.861,2.861,2.849,2.855,971.0
2018-07-05,2.849,2.855,2.844,2.845,182.0
2018-07-06,2.843,2.845,2.84,2.84,763.0
2018-07-09,2.836,2.836,2.824,2.834,1195.0
2018-07-10,2.837,2.837,2.823,2.823,626.0
2018-07-11,2.827,2.845,2.827,2.844,419.0
2018-07-12,2.837,2.837,2.823,2.823,747.0
2018-07-13,2.805,2.805,2.805,2.805,263.0
2018-07-16,2.815,2.815,2.798,2.798,267.0
2018-07-17,2.804,2.804,2.788,2.788,1585.0
2018-07-18,2.785,2.785,2.774,2.774,823.0
2018-07-19,2.767,2.792,2.767,2.785,687.0
2018-07-20,2.781,2.781,2.773,2.773,21.0
2018-07-23,2.781,2.781,2.78,2.781,133.0
2018-07-24,2.789,2.789,2.78,2.783,378.0
2018-07-25,2.786,2.79,2.786,2.79,659.0
2018-07-26,2.79,2.798,2.774,2.774,101.0
2018-07-27,2.787,2.796,2.782,2.792,60.0
2018-07-30,2.798,2.808,2.781,2.808,680.0
2018-07-31,2.809,2.811,2.793,2.794,433.0
2018-08-01,2.769,2.774,2.76,2.763,481.0
2018-08-02,2.776,2.778,2.776,2.778,601.0
2018-08-03,2.786,2.789,2.782,2.789,162.0
2018-08-06,2.789,2.795,2.789,2.795,467.0
2018-08-07,2.804,2.807,2.801,2.806,1136.0
2018-08-08,2.799,2.827,2.799,2.827,1834.0
2018-08-09,2.826,2.839,2.826,2.836,1761.0
2018-08-10,2.823,2.838,2.819,2.83,1107.0
2018-08-13,2.834,2.839,2.834,2.839,576.0
2018-08-14,2.844,2.847,2.844,2.846,285.0
2018-08-15,2.844,2.846,2.837,2.844,717.0
2018-08-16,2.838,2.84,2.824,2.833,723.0
2018-08-17,2.838,2.847,2.837,2.839,978.0
2018-08-20,2.825,2.844,2.824,2.835,283.0
2018-08-21,2.834,2.84,2.83,2.84,499.0
2018-08-22,2.829,2.837,2.827,2.833,1243.0
2018-08-23,2.829,2.841,2.829,2.84,1127.0
2018-08-24,2.83,2.842,2.821,2.824,172.0
2018-08-27,2.813,2.814,2.793,2.793,239.0
2018-08-28,2.783,2.791,2.779,2.788,61.0
2018-08-29,2.79,2.798,2.785,2.789,207.0
2018-08-30,2.791,2.792,2.78,2.784,507.0
2018-08-31,2.801,2.808,2.8,2.804,928.0
2018-09-04,2.77,2.771,2.754,2.771,780.0
2018-09-05,2.77,2.773,2.758,2.763,291.0
2018-09-06,2.759,2.759,2.745,2.745,277.0
2018-09-07,2.75,2.751,2.741,2.742,1116.0
2018-09-10,2.739,2.751,2.738,2.75,51.0
2018-09-11,2.749,2.76,2.745,2.759,596.0
2018-09-12,2.768,2.773,2.759,2.77,872.0
2018-09-13,2.772,2.778,2.761,2.764,1126.0
2018-09-14,2.764,2.764,2.745,2.75,570.0
2018-09-17,2.745,2.758,2.742,2.758,1561.0
2018-09-18,2.758,2.782,2.752,2.779,1268.0
2018-09-19,2.772,2.773,2.757,2.765,569.0
2018-09-20,2.769,2.788,2.762,2.786,1157.0
2018-09-21,2.771,2.786,2.768,2.783,1136.0
2018-09-24,2.778,2.798,2.777,2.787,1140.0
2018-09-25,2.774,2.784,2.768,2.779,1550.0
2018-09-26,2.774,2.782,2.744,2.767,2384.0
2018-09-27,2.767,2.772,2.743,2.755,3669.0
2018-09-28,2.741,2.766,2.74,2.766,833.0
2018-10-01,2.769,2.769,2.76,2.763,817.0
2018-10-02,2.753,2.78,2.753,2.78,3330.0
2018-10-03,2.786,2.786,2.771,2.78,2654.0
2018-10-04,2.782,2.785,2.769,2.781,940.0
2018-10-05,2.78,2.796,2.773,2.796,1503.0
2018-10-08,2.802,2.815,2.8,2.814,608.0
2018-10-09,2.819,2.842,2.804,2.816,809.0
2018-10-10,2.816,2.822,2.802,2.809,990.0
2018-10-11,2.8,2.823,2.797,2.823,1570.0
2018-10-12,2.831,2.831,2.813,2.83,1158.0
2018-10-15,2.829,2.837,2.826,2.837,497.0
2018-10-16,2.836,2.836,2.818,2.831,1597.0
2018-10-17,2.828,2.833,2.823,2.833,209.0
2018-10-18,2.814,2.822,2.814,2.822,429.0
2018-10-19,2.813,2.83,2.808,2.83,267.0
2018-10-22,2.826,2.826,2.818,2.822,460.0
2018-10-23,2.817,2.828,2.816,2.828,569.0
2018-10-24,2.828,2.828,2.807,2.807,318.0
2018-10-25,2.806,2.81,2.795,2.795,877.0
2018-10-26,2.779,2.792,2.775,2.79,695.0
2018-10-29,2.786,2.8,2.773,2.8,875.0
2018-10-30,2.802,2.809,2.784,2.784,1717.0
2018-10-31,2.8,2.802,2.791,2.8,806.0
2018-11-01,2.816,2.819,2.783,2.79,1749.0
2018-11-02,2.776,2.798,2.77,2.798,2284.0
2018-11-05,2.826,2.826,2.786,2.808,2452.0
2018-11-06,2.801,2.824,2.8,2.822,1219.0
2018-11-07,2.822,2.827,2.815,2.822,1781.0
2018-11-08,2.828,2.828,2.817,2.827,1440.0
2018-11-09,2.83,2.854,2.813,2.824,2750.0
2018-11-12,2.841,2.86,2.83,2.845,1235.0
2018-11-13,2.872,2.874,2.805,2.834,6441.0
2018-11-14,2.817,2.849,2.799,2.84,10797.0
2018-11-15,2.834,2.834,2.768,2.804,5740.0
2018-11-16,2.817,2.822,2.787,2.798,3340.0
2018-11-19,2.832,2.861,2.797,2.835,2864.0
2018-11-20,2.829,2.838,2.787,2.788,5209.0
2018-11-21,2.834,2.843,2.784,2.784,2468.0
2018-11-23,2.77,2.841,2.761,2.84,1037.0
2018-11-26,2.823,2.831,2.806,2.829,771.0
2018-11-27,2.821,2.848,2.82,2.848,1208.0
2018-11-28,2.855,2.871,2.854,2.871,376.0
2018-11-29,2.849,2.866,2.838,2.842,746.0
2018-11-30,2.842,2.86,2.826,2.848,1373.0
2018-12-03,2.846,2.862,2.826,2.862,2561.0
2018-12-04,2.877,2.886,2.863,2.879,2770.0
2018-12-05,2.9,2.925,2.881,2.9,1923.0
2018-12-06,2.897,2.905,2.888,2.903,1761.0
2018-12-07,2.907,2.942,2.907,2.938,1267.0
2018-12-10,2.93,2.955,2.929,2.932,2097.0
2018-12-11,2.956,2.956,2.921,2.939,1627.0
2018-12-12,2.924,2.955,2.912,2.917,1679.0
2018-12-13,2.928,2.945,2.9,2.904,1102.0
2018-12-14,2.903,2.916,2.897,2.91,1297.0
2018-12-17,2.909,2.93,2.861,2.87,1818.0
2018-12-18,2.903,2.909,2.895,2.909,422.0
2018-12-19,2.91,2.918,2.881,2.911,741.0
2018-12-20,2.93,2.933,2.891,2.911,1019.0
2018-12-21,2.92,2.947,2.91,2.944,1796.0
2018-12-24,2.925,2.928,2.877,2.889,225.0
2018-12-26,2.901,2.911,2.892,2.905,366.0
2018-12-27,2.912,2.924,2.898,2.921,1839.0
2018-12-28,2.916,2.922,2.888,2.888,702.0
2018-12-31,2.87,2.907,2.821,2.827,1011.0
2019-01-02,2.831,2.845,2.76,2.76,1695.0
2019-01-03,2.79,2.79,2.752,2.756,1679.0
2019-01-04,2.784,2.805,2.769,2.803,3163.0
2019-01-07,2.795,2.827,2.79,2.822,4106.0
2019-01-08,2.833,2.858,2.832,2.844,6679.0
2019-01-09,2.867,2.878,2.844,2.875,5632.0
2019-01-10,2.877,2.9,2.867,2.884,5682.0
2019-01-11,2.904,2.93,2.901,2.914,6586.0
2019-01-14,2.947,2.973,2.947,2.967,11942.0
2019-01-15,2.967,2.967,2.911,2.918,3327.0
2019-01-16,2.893,2.959,2.887,2.895,6847.0
2019-01-17,2.933,2.933,2.912,2.924,3003.0
2019-01-18,2.929,2.961,2.91,2.961,2703.0
2019-01-22,2.961,2.961,2.925,2.941,5201.0
2019-01-23,2.96,2.974,2.925,2.933,3606.0
2019-01-24,2.949,2.965,2.939,2.963,1812.0
2019-01-25,2.944,2.98,2.943,2.98,3414.0
2019-01-28,2.936,2.964,2.915,2.949,3340.0
2019-01-29,2.962,2.984,2.92,2.977,6888.0
2019-01-30,2.973,2.974,2.957,2.967,2165.0
2019-01-31,2.976,2.98,2.927,2.927,2569.0
2019-02-01,2.926,2.926,2.879,2.888,3323.0
2019-02-04,2.884,2.884,2.85,2.867,3215.0
2019-02-05,2.878,2.903,2.876,2.887,4436.0
2019-02-06,2.906,2.916,2.888,2.896,3217.0
2019-02-07,2.883,2.903,2.85,2.866,6430.0
2019-02-08,2.882,2.914,2.862,2.906,3249.0
2019-02-11,2.935,2.954,2.92,2.933,5408.0
2019-02-12,2.922,2.97,2.921,2.97,4534.0
2019-02-13,2.937,2.939,2.894,2.916,4911.0
2019-02-14,2.91,2.91,2.89,2.902,3541.0
2019-02-15,2.883,2.903,2.876,2.9,4806.0
2019-02-19,2.886,2.936,2.886,2.936,2300.0
2019-02-20,2.938,2.94,2.902,2.905,3426.0
2019-02-21,2.916,2.927,2.902,2.924,4069.0
2019-02-22,2.915,2.938,2.909,2.938,2926.0
2019-02-25,2.95,2.965,2.937,2.962,4244.0
2019-02-26,2.968,2.974,2.931,2.949,2464.0
2019-02-27,2.934,2.968,2.914,2.963,1848.0
2019-02-28,2.974,3.0,2.965,3.0,3750.0
2019-03-01,2.979,3.023,2.978,3.019,5957.0
2019-03-04,3.033,3.04,3.005,3.021,3970.0
2019-03-05,3.028,3.033,3.0,3.025,5154.0
2019-03-06,3.023,3.026,2.985,2.993,7744.0
2019-03-07,2.982,3.014,2.978,3.014,5115.0
2019-03-08,3.018,3.023,3.004,3.013,5523.0
2019-03-11,2.97,2.972,2.95,2.962,4517.0
2019-03-12,2.96,2.97,2.939,2.966,5715.0
2019-03-13,2.954,2.989,2.954,2.978,7340.0
2019-03-14,2.981,2.986,2.969,2.984,3296.0
2019-03-15,2.968,2.98,2.955,2.965,4408.0
2019-03-18,2.973,3.003,2.965,3.003,2070.0
2019-03-19,2.996,3.025,2.996,3.009,2684.0
2019-03-20,2.998,3.014,2.98,2.981,2130.0
2019-03-21,2.995,2.995,2.971,2.991,1922.0
2019-03-22,2.975,2.983,2.935,2.967,2347.0
2019-03-25,2.947,2.972,2.938,2.968,3723.0
2019-03-26,2.966,2.976,2.948,2.955,1417.0
2019-03-27,2.949,2.949,2.916,2.936,3588.0
2019-03-28,2.951,2.953,2.921,2.928,2786.0
2019-03-29,2.937,2.939,2.912,2.916,2038.0
2019-04-01,2.93,2.944,2.91,2.917,4893.0
2019-04-02,2.913,2.931,2.907,2.924,6634.0
2019-04-03,2.924,2.931,2.911,2.926,2681.0
2019-04-04,2.92,2.927,2.898,2.903,4161.0
2019-04-05,2.9,2.92,2.899,2.92,3443.0
2019-04-08,2.913,2.958,2.91,2.952,2539.0
2019-04-09,2.958,2.958,2.942,2.953,2418.0
2019-04-10,2.956,2.965,2.94,2.946,2386.0
2019-04-11,2.95,2.951,2.919,2.924,4301.0
2019-04-12,2.93,2.947,2.922,2.929,1303.0
2019-04-15,2.911,2.911,2.88,2.884,5454.0
2019-04-16,2.88,2.888,2.868,2.877,3779.0
2019-04-17,2.88,2.88,2.824,2.835,6812.0
2019-04-18,2.828,2.828,2.803,2.814,7223.0
2019-04-22,2.812,2.837,2.808,2.814,2739.0
2019-04-23,2.815,2.817,2.764,2.773,5901.0
2019-04-24,2.775,2.793,2.768,2.777,3397.0
2019-04-25,2.786,2.81,2.766,2.808,5277.0
2019-04-26,2.801,2.839,2.801,2.82,4291.0
2019-04-29,2.82,2.831,2.802,2.828,2561.0
2019-04-30,2.826,2.845,2.808,2.823,3442.0
2019-05-01,2.815,2.847,2.815,2.838,3781.0
2019-05-02,2.839,2.839,2.807,2.824,7242.0
2019-05-03,2.823,2.837,2.802,2.808,5019.0
2019-05-06,2.806,2.812,2.772,2.781,3852.0
2019-05-07,2.778,2.806,2.775,2.799,3368.0
2019-05-08,2.804,2.845,2.801,2.842,4864.0
2019-05-09,2.832,2.838,2.818,2.838,2612.0
2019-05-10,2.821,2.859,2.818,2.845,3811.0
2019-05-13,2.843,2.867,2.835,2.845,2596.0
2019-05-14,2.857,2.875,2.852,2.875,4151.0
2019-05-15,2.875,2.88,2.842,2.847,5184.0
2019-05-16,2.848,2.884,2.836,2.881,5886.0
2019-05-17,2.882,2.893,2.867,2.876,1983.0
2019-05-20,2.895,2.924,2.884,2.892,4496.0
2019-05-21,2.881,2.882,2.847,2.855,4952.0
2019-05-22,2.862,2.864,2.798,2.803,6373.0
2019-05-23,2.806,2.818,2.792,2.818,4330.0
2019-05-24,2.815,2.826,2.791,2.817,5011.0
2019-05-28,2.818,2.82,2.778,2.801,3899.0
2019-05-29,2.809,2.842,2.809,2.822,4332.0
2019-05-30,2.818,2.826,2.775,2.788,7026.0
2019-05-31,2.793,2.796,2.728,2.73,10031.0
2019-06-03,2.74,2.746,2.689,2.696,9786.0
2019-06-04,2.711,2.736,2.689,2.719,10342.0
2019-06-05,2.716,2.737,2.692,2.705,9568.0
2019-06-06,2.704,2.714,2.651,2.663,18423.0
2019-06-07,2.674,2.684,2.648,2.672,19572.0
2019-06-10,2.683,2.692,2.66,2.683,17232.0
2019-06-11,2.694,2.707,2.658,2.702,17542.0
2019-06-12,2.707,2.707,2.678,2.691,19967.0
2019-06-13,2.677,2.692,2.653,2.672,21428.0
2019-06-14,2.681,2.716,2.676,2.709,10440.0
2019-06-17,2.704,2.719,2.677,2.693,9557.0
2019-06-18,2.693,2.698,2.64,2.651,9402.0
2019-06-19,2.653,2.664,2.603,2.607,9963.0
2019-06-20,2.611,2.611,2.491,2.514,21995.0
2019-06-21,2.541,2.548,2.518,2.531,12218.0
2019-06-24,2.546,2.618,2.542,2.61,14263.0
2019-06-25,2.598,2.608,2.562,2.603,8486.0
2019-06-26,2.597,2.614,2.575,2.586,6329.0
2019-06-27,2.585,2.618,2.581,2.614,8687.0
2019-06-28,2.605,2.632,2.59,2.602,8673.0
2019-07-01,2.614,2.614,2.536,2.57,9773.0
2019-07-02,2.568,2.586,2.53,2.539,7078.0
2019-07-03,2.539,2.563,2.539,2.561,9668.0
2019-07-05,2.565,2.677,2.534,2.663,14636.0
2019-07-08,2.689,2.695,2.637,2.656,10957.0
2019-07-09,2.665,2.707,2.644,2.701,11240.0
2019-07-10,2.708,2.739,2.693,2.708,14793.0
2019-07-11,2.71,2.735,2.666,2.69,16950.0
2019-07-12,2.695,2.73,2.69,2.714,11411.0
2019-07-15,2.689,2.701,2.65,2.679,7009.0
2019-07-16,2.669,2.67,2.598,2.604,10070.0
2019-07-17,2.615,2.63,2.587,2.603,10397.0
2019-07-18,2.61,2.624,2.564,2.585,8142.0
2019-07-19,2.587,2.59,2.538,2.551,9791.0
2019-07-22,2.579,2.6,2.549,2.594,6947.0
2019-07-23,2.596,2.602,2.565,2.581,6611.0
2019-07-24,2.574,2.574,2.517,2.525,15090.0
2019-07-25,2.534,2.558,2.527,2.539,9596.0
2019-07-26,2.53,2.533,2.478,2.489,17788.0
2019-07-29,2.496,2.499,2.45,2.459,13640.0
2019-07-30,2.458,2.484,2.451,2.478,7934.0
2019-07-31,2.485,2.57,2.476,2.534,20862.0
2019-08-01,2.54,2.59,2.486,2.514,23239.0
2019-08-02,2.495,2.512,2.427,2.46,21723.0
2019-08-05,2.42,2.445,2.393,2.42,20558.0
2019-08-06,2.428,2.461,2.426,2.445,18557.0
2019-08-07,2.435,2.468,2.413,2.425,21676.0
2019-08-08,2.43,2.468,2.43,2.454,21258.0
2019-08-09,2.435,2.455,2.403,2.445,22269.0
2019-08-12,2.449,2.463,2.411,2.416,12924.0
2019-08-13,2.414,2.462,2.404,2.438,16516.0
2019-08-14,2.445,2.479,2.413,2.438,14408.0
2019-08-15,2.45,2.523,2.438,2.481,19211.0
2019-08-16,2.461,2.461,2.43,2.453,12609.0
2019-08-19,2.423,2.459,2.397,2.453,17469.0
2019-08-20,2.455,2.463,2.433,2.46,11655.0
2019-08-21,2.453,2.472,2.422,2.435,11227.0
2019-08-22,2.434,2.449,2.41,2.424,10385.0
2019-08-23,2.419,2.425,2.392,2.414,10658.0
2019-08-26,2.427,2.472,2.427,2.469,14347.0
2019-08-27,2.461,2.466,2.427,2.438,13795.0
2019-08-28,2.441,2.5,2.439,2.461,16537.0
2019-08-29,2.475,2.518,2.459,2.508,21895.0
2019-08-30,2.498,2.508,2.469,2.473,21164.0
2019-09-03,2.478,2.53,2.463,2.529,27581.0
2019-09-04,2.518,2.598,2.517,2.588,37353.0
2019-09-05,2.589,2.619,2.561,2.608,29878.0
2019-09-06,2.594,2.655,2.573,2.648,31910.0
2019-09-09,2.67,2.699,2.639,2.685,44081.0
2019-09-10,2.688,2.729,2.688,2.692,46885.0
2019-09-11,2.692,2.709,2.654,2.673,40264.0
2019-09-12,2.661,2.693,2.642,2.669,31295.0
2019-09-13,2.664,2.711,2.646,2.695,26756.0
2019-09-16,2.727,2.759,2.71,2.754,34980.0
2019-09-17,2.746,2.759,2.716,2.739,23451.0
2019-09-18,2.735,2.758,2.687,2.712,22203.0
2019-09-19,2.708,2.713,2.634,2.646,31062.0
2019-09-20,2.652,2.663,2.62,2.646,20758.0
2019-09-23,2.632,2.658,2.615,2.652,24649.0
2019-09-24,2.654,2.699,2.631,2.648,27054.0
2019-09-25,2.645,2.649,2.601,2.627,31413.0
2019-09-26,2.633,2.656,2.548,2.579,45308.0
2019-09-27,2.58,2.582,2.533,2.552,22482.0
2019-09-30,2.541,2.546,2.49,2.504,34160.0
2019-10-01,2.498,2.508,2.475,2.5,46419.0
2019-10-02,2.496,2.524,2.473,2.476,31991.0
2019-10-03,2.478,2.524,2.425,2.506,44447.0
2019-10-04,2.501,2.546,2.456,2.525,41849.0
2019-10-07,2.505,2.525,2.48,2.507,30381.0
2019-10-08,2.499,2.516,2.472,2.492,28937.0
2019-10-09,2.491,2.498,2.449,2.455,33458.0
2019-10-10,2.455,2.462,2.429,2.437,32235.0
2019-10-11,2.432,2.465,2.41,2.455,36266.0
2019-10-14,2.461,2.507,2.452,2.481,23578.0
2019-10-15,2.484,2.504,2.468,2.498,22728.0
2019-10-16,2.501,2.517,2.45,2.462,32635.0
2019-10-17,2.457,2.507,2.456,2.499,32187.0
2019-10-18,2.506,2.523,2.481,2.499,31335.0
2019-10-21,2.491,2.496,2.426,2.447,22428.0
2019-10-22,2.449,2.471,2.433,2.436,22449.0
2019-10-23,2.437,2.443,2.401,2.405,26476.0
2019-10-24,2.407,2.443,2.396,2.433,22171.0
2019-10-25,2.436,2.44,2.408,2.413,18219.0
2019-10-28,2.461,2.509,2.444,2.483,36422.0
2019-10-29,2.492,2.597,2.482,2.547,48312.0
2019-10-30,2.552,2.619,2.531,2.598,43437.0
2019-10-31,2.596,2.64,2.54,2.568,54411.0
2019-11-01,2.578,2.637,2.526,2.631,62664.0
2019-11-04,2.697,2.728,2.681,2.705,54920.0
2019-11-05,2.715,2.778,2.702,2.724,61442.0
2019-11-06,2.733,2.754,2.689,2.696,51963.0
2019-11-07,2.703,2.725,2.625,2.654,69467.0
2019-11-08,2.662,2.693,2.638,2.661,35672.0
2019-11-11,2.602,2.609,2.54,2.559,41211.0
2019-11-12,2.56,2.59,2.535,2.547,34053.0
2019-11-13,2.549,2.585,2.505,2.536,43009.0
2019-11-14,2.573,2.598,2.535,2.549,39712.0
2019-11-15,2.537,2.595,2.522,2.569,47316.0
2019-11-18,2.546,2.546,2.46,2.482,34453.0
2019-11-19,2.47,2.478,2.43,2.435,37586.0
2019-11-20,2.437,2.473,2.433,2.459,41823.0
2019-11-21,2.467,2.477,2.429,2.462,46968.0
2019-11-22,2.465,2.54,2.445,2.529,53803.0
2019-11-25,2.544,2.553,2.418,2.448,57293.0
2019-11-26,2.44,2.44,2.384,2.41,53646.0
2019-11-27,2.405,2.425,2.372,2.383,49292.0
2019-11-29,2.377,2.385,2.19,2.198,55489.0
2019-12-02,2.24,2.264,2.206,2.242,45604.0
2019-12-03,2.25,2.363,2.245,2.307,75197.0
2019-12-04,2.316,2.325,2.256,2.288,40391.0
2019-12-05,2.293,2.332,2.279,2.312,42283.0
2019-12-06,2.303,2.322,2.243,2.249,76430.0
2019-12-09,2.159,2.211,2.12,2.193,95216.0
2019-12-10,2.208,2.227,2.178,2.218,94464.0
2019-12-11,2.217,2.242,2.197,2.2,75410.0
2019-12-12,2.206,2.29,2.2,2.271,87076.0
2019-12-13,2.281,2.281,2.197,2.228,51984.0
2019-12-16,2.237,2.285,2.226,2.265,49418.0
2019-12-17,2.273,2.277,2.217,2.244,44345.0
2019-12-18,2.241,2.249,2.2,2.211,42329.0
2019-12-19,2.212,2.227,2.179,2.207,56700.0
2019-12-20,2.219,2.256,2.213,2.24,36584.0
2019-12-23,2.193,2.201,2.156,2.166,47965.0
2019-12-24,2.169,2.188,2.134,2.138,23508.0
2019-12-26,2.159,2.217,2.154,2.213,30945.0
2019-12-27,2.205,2.207,2.113,2.173,49346.0
2019-12-30,2.189,2.199,2.155,2.157,41473.0
2019-12-31,2.16,2.177,2.126,2.158,51321.0
2020-01-02,2.152,2.158,2.088,2.093,73010.0
2020-01-03,2.1,2.133,2.062,2.112,61289.0
2020-01-06,2.095,2.155,2.083,2.134,79905.0
2020-01-07,2.144,2.166,2.103,2.153,82699.0
2020-01-08,2.148,2.164,2.103,2.134,170259.0
2020-01-09,2.138,2.154,2.092,2.148,166546.0
2020-01-10,2.148,2.184,2.121,2.168,194305.0
2020-01-13,2.175,2.181,2.125,2.158,167501.0
2020-01-14,2.158,2.204,2.139,2.151,222514.0
2020-01-15,2.146,2.152,2.08,2.083,175801.0
2020-01-16,2.097,2.124,2.038,2.046,167464.0
2020-01-17,2.046,2.048,1.977,1.985,177944.0
2020-01-21,1.963,1.963,1.826,1.889,226911.0
2020-01-22,1.902,1.928,1.889,1.9,222414.0
2020-01-23,1.908,1.957,1.897,1.904,198067.0
2020-01-24,1.914,1.919,1.854,1.87,177584.0
2020-01-27,1.91,1.953,1.865,1.878,189259.0
2020-01-28,1.878,1.927,1.86,1.908,192221.0
2020-01-29,1.913,1.922,1.858,1.865,171881.0
2020-01-30,1.879,1.886,1.815,1.829,219698.0
2020-01-31,1.832,1.856,1.812,1.841,135678.0
2020-02-03,1.852,1.88,1.814,1.819,163786.0
2020-02-04,1.823,1.888,1.804,1.872,184043.0
2020-02-05,1.876,1.884,1.825,1.861,195459.0
2020-02-06,1.865,1.906,1.832,1.862,186209.0
2020-02-07,1.863,1.898,1.842,1.858,272131.0
2020-02-10,1.813,1.813,1.759,1.766,337225.0
2020-02-11,1.768,1.8,1.753,1.788,278434.0
2020-02-12,1.79,1.855,1.789,1.844,303309.0
2020-02-13,1.846,1.869,1.823,1.826,280375.0
2020-02-14,1.828,1.854,1.795,1.837,188948.0
2020-02-18,1.88,1.983,1.874,1.981,322723.0
2020-02-19,1.969,1.978,1.945,1.955,269977.0
2020-02-20,1.967,2.025,1.907,1.92,266245.0
2020-02-21,1.915,1.925,1.861,1.905,146813.0
2020-02-24,1.884,1.884,1.824,1.827,75204.0
2020-02-25,1.836,1.862,1.819,1.847,70528.0
2020-02-26,1.848,1.88,1.81,1.821,7700.0
