DATETIME,OPEN,HIGH,LOW,FINAL,VOLUME
2016-04-28,3.892,3.892,3.892,3.892,0.0
2016-04-29,3.89,3.89,3.89,3.89,0.0
2016-05-02,3.87,3.87,3.87,3.87,0.0
2016-05-03,3.856,3.856,3.856,3.856,0.0
2016-05-04,3.865,3.865,3.865,3.865,0.0
2016-05-05,3.897,3.897,3.897,3.897,0.0
2016-05-06,3.901,3.901,3.901,3.901,0.0
2016-05-09,3.889,3.889,3.889,3.889,0.0
2016-05-10,3.903,3.903,3.903,3.903,0.0
2016-05-11,3.897,3.897,3.897,3.897,0.0
2016-05-12,3.882,3.882,3.882,3.882,0.0
2016-05-13,3.891,3.891,3.891,3.891,0.0
2016-05-16,3.898,3.898,3.898,3.898,0.0
2016-05-17,3.889,3.889,3.889,3.889,0.0
2016-05-18,3.887,3.887,3.887,3.887,0.0
2016-05-19,3.897,3.897,3.897,3.897,0.0
2016-05-20,3.885,3.885,3.885,3.885,0.0
2016-05-23,3.88,3.88,3.88,3.88,0.0
2016-05-24,3.877,3.877,3.877,3.877,0.0
2016-05-25,3.906,3.906,3.906,3.906,0.0
2016-05-26,3.937,3.937,3.937,3.937,0.0
2016-05-27,3.947,3.947,3.947,3.947,0.0
2016-05-31,3.948,3.948,3.948,3.948,0.0
2016-06-01,3.946,3.946,3.946,3.946,0.0
2016-06-02,3.933,3.933,3.933,3.933,0.0
2016-06-03,3.923,3.923,3.923,3.923,0.0
2016-06-06,3.917,3.917,3.917,3.917,0.0
2016-06-07,3.941,3.941,3.941,3.941,0.0
2016-06-08,3.928,3.928,3.928,3.928,0.0
2016-06-09,3.926,3.926,3.926,3.926,0.0
2016-06-10,3.901,3.901,3.901,3.901,0.0
2016-06-13,3.862,3.862,3.862,3.862,0.0
2016-06-14,3.857,3.857,3.857,3.857,0.0
2016-06-15,3.857,3.857,3.857,3.857,0.0
2016-06-16,3.847,3.847,3.847,3.847,0.0
2016-06-17,3.824,3.824,3.824,3.824,0.0
2016-06-20,3.814,3.814,3.814,3.814,0.0
2016-06-21,3.797,3.797,3.797,3.797,0.0
2016-06-22,3.804,3.804,3.804,3.804,0.0
2016-06-23,3.825,3.825,3.825,3.825,0.0
2016-06-24,3.843,3.843,3.843,3.843,0.0
2016-06-27,3.794,3.794,3.794,3.794,0.0
2016-06-28,3.853,3.853,3.853,3.853,0.0
2016-06-29,3.854,3.854,3.854,3.854,0.0
2016-06-30,3.867,3.867,3.867,3.867,0.0
2016-07-01,3.868,3.868,3.868,3.868,0.0
2016-07-05,3.866,3.866,3.866,3.866,0.0
2016-07-06,3.888,3.888,3.888,3.888,0.0
2016-07-07,3.886,3.886,3.886,3.886,0.0
2016-07-08,3.893,3.893,3.893,3.893,0.0
2016-07-11,3.889,3.889,3.889,3.889,0.0
2016-07-12,3.875,3.875,3.875,3.875,0.0
2016-07-13,3.895,3.895,3.895,3.895,0.0
2016-07-14,3.893,3.893,3.893,3.893,0.0
2016-07-15,3.88,3.88,3.88,3.88,0.0
2016-07-18,3.865,3.865,3.865,3.865,0.0
2016-07-19,3.855,3.855,3.855,3.855,0.0
2016-07-20,3.844,3.844,3.844,3.844,0.0
2016-07-21,3.849,3.849,3.849,3.849,0.0
2016-07-22,3.853,3.853,3.853,3.853,0.0
2016-07-25,3.859,3.859,3.859,3.859,0.0
2016-07-26,3.857,3.857,3.857,3.857,0.0
2016-07-27,3.85,3.85,3.85,3.85,0.0
2016-07-28,3.863,3.863,3.863,3.863,0.0
2016-07-29,3.868,3.868,3.868,3.868,0.0
2016-08-01,3.866,3.866,3.866,3.866,0.0
2016-08-02,3.865,3.865,3.865,3.865,0.0
2016-08-03,3.866,3.866,3.866,3.866,0.0
2016-08-04,3.895,3.895,3.895,3.895,0.0
2016-08-05,3.893,3.893,3.893,3.893,0.0
2016-08-08,3.892,3.892,3.892,3.892,0.0
2016-08-09,3.889,3.889,3.889,3.889,0.0
2016-08-10,3.87,3.87,3.87,3.87,0.0
2016-08-11,3.859,3.859,3.859,3.859,0.0
2016-08-12,3.856,3.856,3.856,3.856,0.0
2016-08-15,3.849,3.849,3.849,3.849,0.0
2016-08-16,3.862,3.862,3.862,3.862,0.0
2016-08-17,3.897,3.897,3.897,3.897,0.0
2016-08-18,3.896,3.896,3.896,3.896,0.0
2016-08-19,3.907,3.907,3.907,3.907,0.0
2016-08-22,3.907,3.907,3.907,3.907,0.0
2016-08-23,3.93,3.93,3.93,3.93,0.0
2016-08-24,3.954,3.954,3.954,3.954,0.0
2016-08-25,3.9,3.9,3.9,3.9,0.0
2016-08-26,3.86,3.86,3.86,3.86,0.0
2016-08-29,3.843,3.843,3.843,3.843,0.0
2016-08-30,3.833,3.833,3.833,3.833,0.0
2016-08-31,3.859,3.859,3.859,3.859,0.0
2016-09-01,3.818,3.818,3.818,3.818,0.0
2016-09-02,3.799,3.799,3.799,3.799,0.0
2016-09-06,3.8,3.8,3.8,3.8,0.0
2016-09-07,3.776,3.776,3.776,3.776,0.0
2016-09-08,3.764,3.764,3.764,3.764,0.0
2016-09-09,3.715,3.715,3.715,3.715,0.0
2016-09-12,3.717,3.717,3.717,3.717,0.0
2016-09-13,3.691,3.691,3.691,3.691,0.0
2016-09-14,3.708,3.708,3.708,3.708,0.0
2016-09-15,3.713,3.713,3.713,3.713,0.0
2016-09-16,3.694,3.694,3.694,3.694,0.0
2016-09-19,3.672,3.672,3.672,3.672,0.0
2016-09-20,3.682,3.682,3.682,3.682,0.0
2016-09-21,3.663,3.663,3.663,3.663,0.0
2016-09-22,3.626,3.626,3.626,3.626,0.0
2016-09-23,3.637,3.637,3.637,3.637,0.0
2016-09-26,3.648,3.648,3.648,3.648,0.0
2016-09-27,3.614,3.614,3.614,3.614,0.0
2016-09-28,3.588,3.588,3.588,3.588,0.0
2016-09-29,3.547,3.547,3.547,3.547,0.0
2016-09-30,3.543,3.543,3.543,3.543,0.0
2016-10-03,3.534,3.534,3.534,3.534,0.0
2016-10-04,3.508,3.508,3.508,3.508,0.0
2016-10-05,3.524,3.524,3.524,3.524,0.0
2016-10-06,3.526,3.526,3.526,3.526,0.0
2016-10-07,3.54,3.54,3.54,3.54,0.0
2016-10-10,3.531,3.531,3.531,3.531,0.0
2016-10-11,3.629,3.629,3.629,3.629,0.0
2016-10-12,3.598,3.598,3.598,3.598,0.0
2016-10-13,3.61,3.61,3.61,3.61,0.0
2016-10-14,3.607,3.607,3.607,3.607,0.0
2016-10-17,3.614,3.614,3.614,3.614,0.0
2016-10-18,3.616,3.616,3.616,3.616,0.0
2016-10-19,3.608,3.608,3.608,3.608,0.0
2016-10-20,3.628,3.628,3.628,3.628,0.0
2016-10-21,3.628,3.628,3.628,3.628,0.0
2016-10-24,3.623,3.623,3.623,3.623,0.0
2016-10-25,3.613,3.613,3.613,3.613,0.0
2016-10-26,3.621,3.621,3.621,3.621,0.0
2016-10-27,3.644,3.644,3.644,3.644,0.0
2016-10-28,3.657,3.657,3.657,3.657,0.0
2016-10-31,3.65,3.65,3.65,3.65,0.0
2016-11-01,3.656,3.656,3.656,3.656,0.0
2016-11-02,3.636,3.636,3.636,3.636,0.0
2016-11-03,3.662,3.662,3.662,3.662,0.0
2016-11-04,3.66,3.66,3.66,3.66,0.0
2016-11-07,3.675,3.675,3.675,3.675,0.0
2016-11-08,3.699,3.699,3.699,3.699,0.0
2016-11-09,3.679,3.679,3.679,3.679,0.0
2016-11-10,3.689,3.689,3.689,3.689,0.0
2016-11-11,3.661,3.661,3.661,3.661,0.0
2016-11-14,3.631,3.631,3.631,3.631,0.0
2016-11-15,3.591,3.591,3.591,3.591,0.0
2016-11-16,3.596,3.596,3.596,3.596,0.0
2016-11-17,3.611,3.611,3.611,3.611,0.0
2016-11-18,3.567,3.567,3.567,3.567,0.0
2016-11-21,3.543,3.543,3.543,3.543,0.0
2016-11-22,3.515,3.515,3.515,3.515,0.0
2016-11-23,3.483,3.483,3.483,3.483,0.0
2016-11-25,3.482,3.482,3.482,3.482,0.0
2016-11-28,3.425,3.425,3.425,3.425,0.0
2016-11-29,3.377,3.377,3.377,3.377,0.0
2016-11-30,3.323,3.323,3.323,3.323,0.0
2016-12-01,3.369,3.369,3.369,3.369,0.0
2016-12-02,3.359,3.359,3.359,3.359,0.0
2016-12-05,3.354,3.354,3.354,3.354,0.0
2016-12-06,3.352,3.352,3.352,3.352,0.0
2016-12-07,3.372,3.372,3.372,3.372,0.0
2016-12-08,3.406,3.406,3.406,3.406,0.0
2016-12-09,3.332,3.332,3.332,3.332,0.0
2016-12-12,3.32,3.32,3.32,3.32,0.0
2016-12-13,3.296,3.296,3.296,3.296,0.0
2016-12-14,3.248,3.248,3.248,3.248,0.0
2016-12-15,3.261,3.261,3.261,3.261,0.0
2016-12-16,3.285,3.285,3.285,3.285,0.0
2016-12-19,3.293,3.293,3.293,3.293,0.0
2016-12-20,3.265,3.265,3.265,3.265,0.0
2016-12-21,3.264,3.264,3.264,3.264,0.0
2016-12-22,3.227,3.227,3.227,3.227,0.0
2016-12-23,3.222,3.222,3.222,3.222,0.0
2016-12-27,3.24,3.24,3.24,3.24,0.0
2016-12-28,3.25,3.25,3.25,3.25,0.0
2016-12-29,3.26,3.26,3.26,3.26,0.0
2016-12-30,3.263,3.263,3.263,3.263,0.0
2017-01-03,3.252,3.252,3.252,3.252,0.0
2017-01-04,3.25,3.25,3.25,3.25,0.0
2017-01-05,3.262,3.262,3.262,3.262,0.0
2017-01-06,3.221,3.221,3.221,3.221,0.0
2017-01-09,3.197,3.197,3.197,3.197,0.0
2017-01-10,3.2,3.2,3.2,3.2,0.0
2017-01-11,3.144,3.144,3.144,3.144,0.0
2017-01-12,3.109,3.109,3.109,3.109,0.0
2017-01-13,3.039,3.039,3.039,3.039,0.0
2017-01-17,3.041,3.041,3.041,3.041,0.0
2017-01-18,3.031,3.031,3.031,3.031,0.0
2017-01-19,2.976,2.976,2.976,2.976,0.0
2017-01-20,2.983,2.983,2.983,2.983,0.0
2017-01-23,2.986,2.986,2.986,2.986,0.0
2017-01-24,2.976,2.976,2.976,2.976,0.0
2017-01-25,2.962,2.962,2.962,2.962,0.0
2017-01-26,2.944,2.944,2.944,2.944,0.0
2017-01-27,2.931,2.931,2.931,2.931,0.0
2017-01-30,2.943,2.943,2.943,2.943,0.0
2017-01-31,2.945,2.945,2.945,2.945,0.0
2017-02-01,2.93,2.93,2.93,2.93,0.0
2017-02-02,2.933,2.933,2.933,2.933,0.0
2017-02-03,2.916,2.916,2.916,2.916,0.0
2017-02-06,2.906,2.906,2.906,2.906,0.0
2017-02-07,2.922,2.922,2.922,2.922,0.0
2017-02-08,2.928,2.928,2.928,2.928,0.0
2017-02-09,2.921,2.921,2.921,2.921,0.0
2017-02-10,2.901,2.901,2.901,2.901,0.0
2017-02-13,2.871,2.871,2.871,2.871,0.0
2017-02-14,2.861,2.861,2.861,2.861,0.0
2017-02-15,2.863,2.863,2.863,2.863,0.0
2017-02-16,2.877,2.877,2.877,2.877,0.0
2017-02-17,2.878,2.878,2.878,2.878,0.0
2017-02-21,2.871,2.871,2.871,2.871,0.0
2017-02-22,2.873,2.873,2.873,2.873,0.0
2017-02-23,2.874,2.874,2.874,2.874,0.0
2017-02-24,2.846,2.846,2.846,2.846,0.0
2017-02-27,2.847,2.847,2.847,2.847,0.0
2017-02-28,2.843,2.843,2.843,2.843,0.0
2017-03-01,2.855,2.855,2.855,2.855,0.0
2017-03-02,2.85,2.85,2.85,2.85,0.0
2017-03-03,2.863,2.863,2.863,2.863,0.0
2017-03-06,2.885,2.885,2.885,2.885,0.0
2017-03-07,2.865,2.865,2.865,2.865,0.0
2017-03-08,2.858,2.858,2.858,2.858,0.0
2017-03-09,2.851,2.851,2.851,2.851,0.0
2017-03-10,2.838,2.838,2.838,2.838,0.0
2017-03-13,2.843,2.843,2.843,2.843,0.0
2017-03-14,2.848,2.848,2.848,2.848,0.0
2017-03-15,2.868,2.868,2.868,2.868,0.0
2017-03-16,2.889,2.889,2.889,2.889,0.0
2017-03-17,2.894,2.894,2.894,2.894,0.0
2017-03-20,2.897,2.897,2.897,2.897,0.0
2017-03-21,2.91,2.91,2.91,2.91,0.0
2017-03-22,2.912,2.912,2.912,2.912,0.0
2017-03-23,2.907,2.907,2.907,2.907,0.0
2017-03-24,2.875,2.875,2.875,2.875,0.0
2017-03-27,2.865,2.865,2.865,2.865,0.0
2017-03-28,2.856,2.856,2.856,2.856,0.0
2017-03-29,2.864,2.864,2.864,2.864,0.0
2017-03-30,2.867,2.867,2.867,2.867,0.0
2017-03-31,2.868,2.868,2.868,2.868,0.0
2017-04-03,2.875,2.875,2.875,2.875,0.0
2017-04-04,2.888,2.888,2.888,2.888,0.0
2017-04-05,2.907,2.907,2.907,2.907,0.0
2017-04-06,2.892,2.892,2.892,2.892,0.0
2017-04-07,2.906,2.906,2.906,2.906,0.0
2017-04-10,2.915,2.915,2.915,2.915,0.0
2017-04-11,2.946,2.946,2.946,2.946,0.0
2017-04-12,2.947,2.947,2.947,2.947,0.0
2017-04-13,2.965,2.965,2.965,2.965,0.0
2017-04-17,2.954,2.954,2.954,2.954,0.0
2017-04-18,2.984,2.984,2.984,2.984,0.0
2017-04-19,2.995,2.995,2.995,2.995,0.0
2017-04-20,3.029,3.029,3.029,3.029,0.0
2017-04-21,3.03,3.03,3.03,3.03,0.0
2017-04-24,2.989,2.989,2.989,2.989,0.0
2017-04-25,2.989,2.989,2.989,2.989,0.0
2017-04-26,2.98,2.98,2.98,2.98,0.0
2017-04-27,2.971,2.971,2.971,2.971,0.0
2017-04-28,2.987,2.987,2.987,2.987,0.0
2017-05-01,2.962,2.962,2.962,2.962,0.0
2017-05-02,2.963,2.963,2.963,2.963,0.0
2017-05-03,2.982,2.982,2.982,2.982,0.0
2017-05-04,3.025,3.025,3.025,3.025,0.0
2017-05-05,3.025,3.025,3.025,3.025,0.0
2017-05-08,3.016,3.016,3.016,3.016,0.0
2017-05-09,3.019,3.019,3.019,3.019,0.0
2017-05-10,3.02,3.02,3.02,3.02,0.0
2017-05-11,3.054,3.054,3.054,3.054,0.0
2017-05-12,3.058,3.058,3.058,3.058,0.0
2017-05-15,3.052,3.052,3.052,3.052,0.0
2017-05-16,3.069,3.069,3.069,3.069,0.0
2017-05-17,3.065,3.065,3.065,3.065,0.0
2017-05-18,3.052,3.052,3.052,3.052,0.0
2017-05-19,3.042,3.042,3.042,3.042,0.0
2017-05-22,3.044,3.044,3.044,3.044,0.0
2017-05-23,3.116,3.116,3.116,3.116,0.0
2017-05-24,3.118,3.118,3.118,3.118,0.0
2017-05-25,3.101,3.101,3.101,3.101,0.0
2017-05-26,3.086,3.086,3.086,3.086,0.0
2017-05-30,3.059,3.059,3.059,3.059,0.0
2017-05-31,3.055,3.055,3.055,3.055,0.0
2017-06-01,3.057,3.057,3.057,3.057,0.0
2017-06-02,3.047,3.047,3.047,3.047,0.0
2017-06-05,3.017,3.017,3.017,3.017,0.0
2017-06-06,2.959,2.959,2.959,2.959,0.0
2017-06-07,2.97,2.97,2.97,2.97,0.0
2017-06-08,2.988,2.988,2.988,2.988,0.0
2017-06-09,2.985,2.985,2.985,2.985,0.0
2017-06-12,2.987,2.987,2.987,2.987,0.0
2017-06-13,2.987,2.987,2.987,2.987,0.0
2017-06-14,2.976,2.976,2.976,2.976,0.0
2017-06-15,3.004,3.004,3.004,3.004,0.0
2017-06-16,2.993,2.993,2.993,2.993,0.0
2017-06-19,3.016,3.016,3.016,3.016,0.0
2017-06-20,3.054,3.054,3.054,3.054,0.0
2017-06-21,3.07,3.07,3.07,3.07,0.0
2017-06-22,3.064,3.064,3.064,3.064,0.0
2017-06-23,3.061,3.061,3.061,3.061,0.0
2017-06-26,3.036,3.036,3.036,3.036,0.0
2017-06-27,3.036,3.036,3.036,3.036,0.0
2017-06-28,3.026,3.026,3.026,3.026,0.0
2017-06-29,3.026,3.026,3.026,3.026,0.0
2017-06-30,3.039,3.039,3.039,3.039,0.0
2017-07-03,3.04,3.04,3.04,3.04,0.0
2017-07-05,3.017,3.017,3.017,3.017,0.0
2017-07-06,2.976,2.976,2.976,2.976,0.0
2017-07-07,2.971,2.971,2.971,2.971,0.0
2017-07-10,2.958,2.958,2.958,2.958,0.0
2017-07-11,2.955,2.955,2.955,2.955,0.0
2017-07-12,2.941,2.941,2.941,2.941,0.0
2017-07-13,2.954,2.954,2.954,2.954,0.0
2017-07-14,2.957,2.957,2.957,2.957,0.0
2017-07-17,2.95,2.95,2.95,2.95,0.0
2017-07-18,2.955,2.955,2.955,2.955,0.0
2017-07-19,2.94,2.94,2.94,2.94,0.0
2017-07-20,2.921,2.921,2.921,2.921,0.0
2017-07-21,2.919,2.919,2.919,2.919,0.0
2017-07-24,2.891,2.891,2.891,2.891,0.0
2017-07-25,2.867,2.867,2.867,2.867,0.0
2017-07-26,2.857,2.857,2.857,2.857,0.0
2017-07-27,2.858,2.858,2.858,2.858,0.0
2017-07-28,2.873,2.873,2.873,2.873,0.0
2017-07-31,2.854,2.854,2.854,2.854,0.0
2017-08-01,2.876,2.876,2.876,2.876,0.0
2017-08-02,2.885,2.885,2.885,2.885,0.0
2017-08-03,2.908,2.908,2.908,2.908,0.0
2017-08-04,2.918,2.918,2.918,2.918,0.0
2017-08-07,2.917,2.917,2.917,2.917,0.0
2017-08-08,2.9,2.9,2.9,2.9,0.0
2017-08-09,2.894,2.894,2.894,2.894,0.0
2017-08-10,2.891,2.891,2.891,2.891,0.0
2017-08-11,2.895,2.895,2.895,2.895,0.0
2017-08-14,2.891,2.891,2.891,2.891,0.0
2017-08-15,2.889,2.889,2.889,2.889,0.0
2017-08-16,2.879,2.879,2.879,2.879,0.0
2017-08-17,2.878,2.878,2.878,2.878,0.0
2017-08-18,2.878,2.878,2.878,2.878,0.0
2017-08-21,2.868,2.868,2.868,2.868,0.0
2017-08-22,2.86,2.86,2.86,2.86,0.0
2017-08-23,2.858,2.858,2.858,2.858,0.0
2017-08-24,2.811,2.811,2.811,2.811,0.0
2017-08-25,2.798,2.798,2.798,2.798,0.0
2017-08-28,2.811,2.811,2.811,2.811,0.0
2017-08-29,2.813,2.813,2.813,2.813,0.0
2017-08-30,2.818,2.818,2.818,2.818,0.0
2017-08-31,2.826,2.826,2.826,2.826,0.0
2017-09-01,2.827,2.827,2.827,2.827,0.0
2017-09-05,2.823,2.823,2.823,2.823,0.0
2017-09-06,2.784,2.784,2.784,2.784,0.0
2017-09-07,2.818,2.818,2.818,2.818,0.0
2017-09-08,2.822,2.822,2.822,2.822,0.0
2017-09-11,2.833,2.833,2.833,2.833,0.0
2017-09-12,2.818,2.818,2.818,2.818,0.0
2017-09-13,2.804,2.804,2.804,2.804,0.0
2017-09-14,2.799,2.799,2.799,2.799,0.0
2017-09-15,2.804,2.804,2.804,2.804,0.0
2017-09-18,2.814,2.814,2.814,2.814,0.0
2017-09-19,2.802,2.802,2.802,2.802,0.0
2017-09-20,2.792,2.792,2.792,2.792,0.0
2017-09-21,2.783,2.783,2.783,2.783,0.0
2017-09-22,2.797,2.797,2.797,2.797,0.0
2017-09-25,2.78,2.78,2.78,2.78,0.0
2017-09-26,2.79,2.79,2.79,2.79,0.0
2017-09-27,2.801,2.801,2.801,2.801,0.0
2017-09-28,2.8,2.8,2.8,2.8,0.0
2017-09-29,2.797,2.797,2.797,2.797,0.0
2017-10-02,2.81,2.81,2.81,2.81,0.0
2017-10-03,2.822,2.822,2.822,2.822,0.0
2017-10-04,2.821,2.821,2.821,2.821,0.0
2017-10-05,2.83,2.83,2.83,2.83,0.0
2017-10-06,2.822,2.822,2.822,2.822,0.0
2017-10-09,2.832,2.832,2.832,2.832,0.0
2017-10-10,2.822,2.822,2.822,2.822,0.0
2017-10-11,2.808,2.808,2.808,2.808,0.0
2017-10-12,2.852,2.852,2.852,2.852,0.0
2017-10-13,2.875,2.875,2.875,2.875,0.0
2017-10-16,2.916,2.916,2.916,2.916,0.0
2017-10-17,2.963,2.963,2.963,2.963,0.0
2017-10-18,2.967,2.967,2.967,2.967,0.0
2017-10-19,2.989,2.989,2.989,2.989,0.0
2017-10-20,3.029,3.029,3.029,3.029,0.0
2017-10-23,3.009,3.009,3.009,3.009,0.0
2017-10-24,3.008,3.008,3.008,3.008,0.0
2017-10-25,3.009,3.009,3.009,3.009,0.0
2017-10-26,3.002,3.002,3.002,3.002,0.0
2017-10-27,2.982,2.982,2.982,2.982,0.0
2017-10-30,3.017,3.017,3.017,3.017,0.0
2017-10-31,3.014,3.014,3.014,3.014,0.0
2017-11-01,3.024,3.024,3.024,3.024,0.0
2017-11-02,3.006,3.006,3.006,3.006,0.0
2017-11-03,3.0,3.0,3.0,3.0,0.0
2017-11-06,2.995,2.995,2.995,2.995,0.0
2017-11-07,2.994,2.994,2.994,2.994,0.0
2017-11-08,2.992,2.992,2.992,2.992,0.0
2017-11-09,3.02,3.02,3.02,3.02,0.0
2017-11-10,3.002,3.002,3.002,3.002,0.0
2017-11-13,2.981,2.981,2.981,2.981,0.0
2017-11-14,2.971,2.971,2.971,2.971,0.0
2017-11-15,2.961,2.961,2.961,2.961,0.0
2017-11-16,2.965,2.965,2.965,2.965,0.0
2017-11-17,2.963,2.963,2.963,2.963,0.0
2017-11-20,2.956,2.956,2.956,2.956,0.0
2017-11-21,2.954,2.954,2.954,2.954,0.0
2017-11-22,2.941,2.941,2.941,2.941,0.0
2017-11-24,2.942,2.942,2.942,2.942,0.0
2017-11-27,2.944,2.944,2.944,2.944,0.0
2017-11-28,2.946,2.946,2.946,2.946,0.0
2017-11-29,2.955,2.955,2.955,2.955,0.0
2017-11-30,2.951,2.951,2.951,2.951,0.0
2017-12-01,2.917,2.917,2.917,2.917,0.0
2017-12-04,2.896,2.896,2.896,2.896,0.0
2017-12-05,2.885,2.885,2.885,2.885,0.0
2017-12-06,2.867,2.867,2.867,2.867,0.0
2017-12-07,2.873,2.873,2.873,2.873,0.0
2017-12-08,2.869,2.869,2.869,2.869,0.0
2017-12-11,2.862,2.862,2.862,2.862,0.0
2017-12-12,2.872,2.872,2.872,2.872,0.0
2017-12-13,2.897,2.897,2.897,2.897,0.0
2017-12-14,2.908,2.908,2.908,2.908,0.0
2017-12-15,2.916,2.916,2.916,2.916,0.0
2017-12-18,2.936,2.936,2.936,2.936,0.0
2017-12-19,2.938,2.938,2.938,2.938,0.0
2017-12-20,2.924,2.924,2.924,2.924,0.0
2017-12-21,2.941,2.941,2.941,2.941,0.0
2017-12-22,2.964,2.964,2.964,2.964,0.0
2017-12-26,2.965,2.965,2.965,2.965,0.0
2017-12-27,2.94,2.94,2.94,2.94,0.0
2017-12-28,2.909,2.909,2.909,2.909,0.0
2017-12-29,2.914,2.914,2.914,2.914,0.0
2018-01-02,2.907,2.907,2.907,2.907,0.0
2018-01-03,2.908,2.908,2.908,2.908,0.0
2018-01-04,2.94,2.94,2.94,2.94,0.0
2018-01-05,2.926,2.926,2.926,2.926,0.0
2018-01-08,2.921,2.921,2.921,2.921,0.0
2018-01-09,2.906,2.906,2.906,2.906,0.0
2018-01-10,2.899,2.899,2.899,2.899,0.0
2018-01-11,2.911,2.911,2.911,2.911,0.0
2018-01-12,2.898,2.898,2.898,2.898,0.0
2018-01-16,2.861,2.861,2.861,2.861,0.0
2018-01-17,2.855,2.855,2.855,2.855,0.0
2018-01-18,2.853,2.853,2.853,2.853,0.0
2018-01-19,2.863,2.863,2.863,2.863,0.0
2018-01-22,2.882,2.882,2.882,2.882,0.0
2018-01-23,2.894,2.894,2.894,2.894,0.0
2018-01-24,2.912,2.912,2.912,2.912,0.0
2018-01-25,2.947,2.947,2.947,2.947,0.0
2018-01-26,2.913,2.913,2.913,2.913,0.0
2018-01-29,2.915,2.915,2.915,2.915,0.0
2018-01-30,2.926,2.926,2.926,2.926,0.0
2018-01-31,2.895,2.895,2.895,2.895,0.0
2018-02-01,2.901,2.901,2.901,2.901,0.0
2018-02-02,2.923,2.923,2.923,2.923,0.0
2018-02-05,2.945,2.945,2.945,2.945,0.0
2018-02-06,2.932,2.932,2.932,2.932,0.0
2018-02-07,2.903,2.903,2.903,2.903,0.0
2018-02-08,2.916,2.916,2.916,2.916,0.0
2018-02-09,2.882,2.882,2.882,2.882,0.0
2018-02-12,2.877,2.877,2.877,2.877,0.0
2018-02-13,2.881,2.881,2.881,2.881,0.0
2018-02-14,2.879,2.879,2.879,2.879,0.0
2018-02-15,2.875,2.875,2.875,2.875,0.0
2018-02-16,2.896,2.896,2.896,2.896,0.0
2018-02-20,2.896,2.896,2.896,2.896,0.0
2018-02-21,2.914,2.914,2.914,2.914,0.0
2018-02-22,2.921,2.921,2.921,2.921,0.0
2018-02-23,2.913,2.913,2.913,2.913,0.0
2018-02-26,2.917,2.917,2.917,2.917,0.0
2018-02-27,2.92,2.92,2.92,2.92,0.0
2018-02-28,2.89,2.89,2.89,2.89,0.0
2018-03-01,2.915,2.915,2.915,2.915,0.0
2018-03-02,2.932,2.932,2.932,2.932,0.0
2018-03-05,2.95,2.95,2.95,2.95,0.0
2018-03-06,2.959,2.959,2.959,2.959,0.0
2018-03-07,2.95,2.95,2.95,2.95,0.0
2018-03-08,2.905,2.905,2.905,2.905,0.0
2018-03-09,2.872,2.872,2.872,2.872,0.0
2018-03-12,2.879,2.879,2.879,2.879,0.0
2018-03-13,2.886,2.886,2.886,2.886,0.0
2018-03-14,2.908,2.908,2.908,2.908,0.0
2018-03-15,2.966,2.966,2.966,2.966,0.0
2018-03-16,2.977,2.977,2.977,2.977,0.0
2018-03-19,2.967,2.967,2.967,2.967,0.0
2018-03-20,2.972,2.972,2.972,2.972,0.0
2018-03-21,2.98,2.98,2.98,2.98,0.0
2018-03-22,2.968,2.968,2.968,2.968,0.0
2018-03-23,2.893,2.893,2.893,2.893,0.0
2018-03-26,2.921,2.921,2.921,2.921,0.0
2018-03-27,2.931,2.931,2.931,2.931,0.0
2018-03-28,2.945,2.945,2.945,2.945,0.0
2018-03-29,2.983,2.983,2.983,2.983,0.0
2018-04-02,2.965,2.965,2.965,2.965,0.0
2018-04-03,2.943,2.943,2.943,2.943,0.0
2018-04-04,2.917,2.917,2.917,2.917,0.0
2018-04-05,2.933,2.933,2.933,2.933,0.0
2018-04-06,2.927,2.927,2.927,2.927,0.0
2018-04-09,2.916,2.916,2.916,2.916,0.0
2018-04-10,2.925,2.925,2.925,2.925,0.0
2018-04-11,2.948,2.948,2.948,2.948,0.0
2018-04-12,2.964,2.964,2.964,2.964,0.0
2018-04-13,2.957,2.957,2.957,2.957,0.0
2018-04-16,2.959,2.959,2.959,2.959,0.0
2018-04-17,2.939,2.939,2.939,2.939,0.0
2018-04-18,2.93,2.93,2.93,2.93,0.0
2018-04-19,2.927,2.927,2.927,2.927,0.0
2018-04-20,2.935,2.935,2.935,2.935,0.0
2018-04-23,2.936,2.936,2.936,2.936,0.0
2018-04-24,2.932,2.932,2.932,2.932,0.0
2018-04-25,2.923,2.923,2.923,2.923,0.0
2018-04-26,2.917,2.917,2.917,2.917,0.0
2018-04-27,2.919,2.919,2.919,2.919,0.0
2018-04-30,2.914,2.914,2.914,2.914,0.0
2018-05-01,2.894,2.894,2.894,2.894,0.0
2018-05-02,2.906,2.906,2.906,2.906,0.0
2018-05-03,2.909,2.909,2.909,2.909,0.0
2018-05-04,2.907,2.907,2.907,2.907,0.0
2018-05-07,2.905,2.905,2.905,2.905,0.0
2018-05-08,2.86,2.86,2.86,2.86,0.0
2018-05-09,2.846,2.846,2.846,2.846,0.0
2018-05-10,2.842,2.842,2.842,2.842,0.0
2018-05-11,2.845,2.845,2.845,2.845,0.0
2018-05-14,2.844,2.844,2.844,2.844,0.0
2018-05-15,2.869,2.869,2.869,2.869,0.0
2018-05-16,2.853,2.853,2.853,2.853,0.0
2018-05-17,2.86,2.86,2.86,2.86,0.0
2018-05-18,2.875,2.875,2.875,2.875,0.0
2018-05-21,2.87,2.87,2.87,2.87,0.0
2018-05-22,2.867,2.867,2.867,2.867,0.0
2018-05-23,2.844,2.844,2.844,2.844,0.0
2018-05-24,2.838,2.838,2.838,2.838,0.0
2018-05-25,2.81,2.81,2.81,2.81,0.0
2018-05-29,2.787,2.787,2.787,2.787,0.0
2018-05-30,2.798,2.798,2.798,2.798,0.0
2018-05-31,2.766,2.766,2.766,2.766,0.0
2018-06-01,2.752,2.752,2.752,2.752,0.0
2018-06-04,2.765,2.765,2.765,2.765,0.0
2018-06-05,2.78,2.78,2.78,2.78,0.0
2018-06-06,2.779,2.779,2.779,2.779,0.0
2018-06-07,2.777,2.777,2.777,2.777,0.0
2018-06-08,2.779,2.779,2.779,2.779,0.0
2018-06-11,2.77,2.77,2.77,2.77,0.0
2018-06-12,2.784,2.784,2.784,2.784,0.0
2018-06-13,2.805,2.805,2.805,2.805,0.0
2018-06-14,2.817,2.817,2.817,2.817,0.0
2018-06-15,2.822,2.822,2.822,2.822,0.0
2018-06-18,2.853,2.853,2.853,2.853,0.0
2018-06-19,2.856,2.856,2.856,2.856,0.0
2018-06-20,2.855,2.855,2.855,2.855,0.0
2018-06-21,2.832,2.832,2.832,2.832,0.0
2018-06-22,2.834,2.834,2.834,2.834,0.0
2018-06-25,2.83,2.83,2.83,2.83,0.0
2018-06-26,2.827,2.827,2.827,2.827,0.0
2018-06-27,2.83,2.83,2.83,2.83,0.0
2018-06-28,2.818,2.818,2.818,2.818,0.0
2018-06-29,2.815,2.815,2.815,2.815,0.0
2018-07-02,2.806,2.806,2.806,2.806,0.0
2018-07-03,2.802,2.802,2.802,2.802,0.0
2018-07-05,2.804,2.804,2.804,2.804,0.0
2018-07-06,2.803,2.803,2.803,2.803,0.0
2018-07-09,2.794,2.794,2.794,2.794,0.0
2018-07-10,2.798,2.798,2.798,2.798,0.0
2018-07-11,2.776,2.776,2.776,2.776,0.0
2018-07-12,2.773,2.773,2.773,2.773,0.0
2018-07-13,2.768,2.768,2.768,2.768,0.0
2018-07-16,2.735,2.735,2.735,2.735,0.0
2018-07-17,2.72,2.72,2.72,2.72,0.0
2018-07-18,2.711,2.711,2.711,2.711,0.0
2018-07-19,2.709,2.709,2.709,2.709,0.0
2018-07-20,2.715,2.715,2.715,2.715,0.0
2018-07-23,2.724,2.724,2.724,2.724,0.0
2018-07-24,2.738,2.738,2.738,2.738,0.0
2018-07-25,2.767,2.767,2.767,2.767,0.0
2018-07-26,2.763,2.763,2.763,2.763,0.0
2018-07-27,2.782,2.782,2.782,2.782,0.0
2018-07-30,2.786,2.786,2.786,2.786,0.0
2018-07-31,2.789,2.789,2.789,2.789,0.0
2018-08-01,2.759,2.759,2.759,2.759,0.0
2018-08-02,2.763,2.763,2.763,2.763,0.0
2018-08-03,2.763,2.763,2.763,2.763,0.0
2018-08-06,2.754,2.754,2.754,2.754,25.0
2018-08-07,2.782,2.782,2.782,2.782,0.0
2018-08-08,2.795,2.795,2.795,2.795,0.0
2018-08-09,2.792,2.792,2.792,2.792,0.0
2018-08-10,2.793,2.793,2.793,2.793,0.0
2018-08-13,2.794,2.794,2.794,2.794,0.0
2018-08-14,2.793,2.793,2.793,2.793,0.0
2018-08-15,2.794,2.794,2.794,2.794,0.0
2018-08-16,2.784,2.784,2.784,2.784,0.0
2018-08-17,2.786,2.786,2.786,2.786,0.0
2018-08-20,2.785,2.785,2.785,2.785,0.0
2018-08-21,2.805,2.805,2.805,2.805,0.0
2018-08-22,2.792,2.792,2.792,2.792,0.0
2018-08-23,2.789,2.789,2.789,2.789,0.0
2018-08-24,2.773,2.773,2.773,2.773,0.0
2018-08-27,2.742,2.742,2.742,2.742,0.0
2018-08-28,2.718,2.718,2.718,2.718,0.0
2018-08-29,2.722,2.722,2.722,2.722,0.0
2018-08-30,2.703,2.703,2.703,2.703,0.0
2018-08-31,2.717,2.717,2.717,2.717,0.0
2018-09-04,2.7,2.7,2.7,2.7,0.0
2018-09-05,2.705,2.705,2.705,2.705,0.0
2018-09-06,2.724,2.724,2.724,2.724,0.0
2018-09-07,2.723,2.723,2.723,2.723,0.0
2018-09-10,2.731,2.731,2.731,2.731,0.0
2018-09-11,2.728,2.728,2.728,2.728,0.0
2018-09-12,2.738,2.738,2.738,2.738,0.0
2018-09-13,2.754,2.754,2.754,2.754,0.0
2018-09-14,2.759,2.759,2.759,2.759,0.0
2018-09-17,2.763,2.763,2.763,2.763,0.0
2018-09-18,2.766,2.766,2.766,2.766,0.0
2018-09-19,2.763,2.763,2.763,2.763,0.0
2018-09-20,2.767,2.767,2.767,2.767,0.0
2018-09-21,2.765,2.765,2.765,2.765,0.0
2018-09-24,2.763,2.763,2.763,2.763,0.0
2018-09-25,2.765,2.765,2.765,2.765,0.0
2018-09-26,2.774,2.774,2.774,2.774,0.0
2018-09-27,2.775,2.775,2.775,2.775,0.0
2018-09-28,2.776,2.776,2.776,2.776,0.0
2018-10-01,2.781,2.781,2.781,2.781,0.0
2018-10-02,2.779,2.779,2.779,2.779,0.0
2018-10-03,2.778,2.778,2.778,2.778,0.0
2018-10-04,2.779,2.779,2.779,2.779,0.0
2018-10-05,2.782,2.782,2.782,2.782,0.0
2018-10-08,2.787,2.787,2.787,2.787,0.0
2018-10-09,2.782,2.782,2.782,2.782,0.0
2018-10-10,2.778,2.778,2.778,2.778,0.0
2018-10-11,2.803,2.803,2.803,2.803,0.0
2018-10-12,2.815,2.815,2.815,2.815,0.0
2018-10-15,2.814,2.814,2.814,2.814,0.0
2018-10-16,2.839,2.839,2.839,2.839,0.0
2018-10-17,2.834,2.834,2.834,2.834,0.0
2018-10-18,2.833,2.833,2.833,2.833,0.0
2018-10-19,2.83,2.83,2.83,2.83,0.0
2018-10-22,2.831,2.831,2.831,2.831,0.0
2018-10-23,2.83,2.83,2.83,2.83,0.0
2018-10-24,2.827,2.827,2.827,2.827,0.0
2018-10-25,2.817,2.817,2.817,2.817,0.0
2018-10-26,2.819,2.819,2.819,2.819,0.0
2018-10-29,2.82,2.82,2.82,2.82,0.0
2018-10-30,2.838,2.838,2.838,2.838,0.0
2018-10-31,2.837,2.837,2.837,2.837,0.0
2018-11-01,2.842,2.842,2.842,2.842,0.0
2018-11-02,2.849,2.849,2.849,2.849,0.0
2018-11-05,2.863,2.863,2.863,2.863,0.0
2018-11-06,2.879,2.879,2.879,2.879,0.0
2018-11-07,2.877,2.877,2.877,2.877,0.0
2018-11-08,2.878,2.878,2.878,2.878,0.0
2018-11-09,2.881,2.881,2.881,2.881,0.0
2018-11-12,2.904,2.904,2.904,2.904,0.0
2018-11-13,2.883,2.883,2.883,2.883,0.0
2018-11-14,2.867,2.867,2.867,2.867,0.0
2018-11-15,2.882,2.882,2.882,2.882,0.0
2018-11-16,2.853,2.853,2.853,2.853,0.0
2018-11-19,2.84,2.84,2.84,2.84,0.0
2018-11-20,2.838,2.838,2.838,2.838,0.0
2018-11-21,2.836,2.836,2.836,2.836,0.0
2018-11-23,2.861,2.861,2.861,2.861,0.0
2018-11-26,2.854,2.854,2.854,2.854,0.0
2018-11-27,2.85,2.85,2.85,2.85,0.0
2018-11-28,2.851,2.851,2.851,2.851,0.0
2018-11-29,2.886,2.886,2.886,2.886,0.0
2018-11-30,2.934,2.934,2.934,2.934,0.0
2018-12-03,2.906,2.906,2.906,2.906,0.0
2018-12-04,2.892,2.892,2.892,2.892,0.0
2018-12-05,2.883,2.883,2.883,2.883,0.0
2018-12-06,2.894,2.894,2.894,2.894,0.0
2018-12-07,2.901,2.901,2.901,2.901,0.0
2018-12-10,2.902,2.902,2.902,2.902,0.0
2018-12-11,2.877,2.877,2.877,2.877,0.0
2018-12-12,2.879,2.879,2.879,2.879,0.0
2018-12-13,2.847,2.847,2.847,2.847,0.0
2018-12-14,2.857,2.857,2.857,2.857,0.0
2018-12-17,2.856,2.856,2.856,2.856,0.0
2018-12-18,2.851,2.851,2.851,2.851,0.0
2018-12-19,2.874,2.874,2.874,2.874,0.0
2018-12-20,2.889,2.889,2.889,2.889,0.0
2018-12-21,2.892,2.892,2.892,2.892,0.0
2018-12-24,2.891,2.891,2.891,2.891,0.0
2018-12-26,2.888,2.888,2.888,2.888,0.0
2018-12-27,2.886,2.886,2.886,2.886,0.0
2018-12-28,2.883,2.883,2.883,2.883,0.0
2018-12-31,2.889,2.889,2.889,2.889,0.0
2019-01-02,2.889,2.889,2.889,2.889,0.0
2019-01-03,2.878,2.878,2.878,2.878,0.0
2019-01-04,2.883,2.883,2.883,2.883,0.0
2019-01-07,2.885,2.885,2.885,2.885,0.0
2019-01-08,2.876,2.876,2.876,2.876,0.0
2019-01-09,2.874,2.874,2.874,2.874,0.0
2019-01-10,2.871,2.871,2.871,2.871,0.0
2019-01-11,2.878,2.878,2.878,2.878,0.0
2019-01-14,2.877,2.877,2.877,2.877,0.0
2019-01-15,2.869,2.869,2.869,2.869,0.0
2019-01-16,2.838,2.838,2.838,2.838,0.0
2019-01-17,2.838,2.838,2.838,2.838,0.0
2019-01-18,2.851,2.851,2.851,2.851,0.0
2019-01-22,2.864,2.864,2.864,2.864,0.0
2019-01-23,2.844,2.844,2.844,2.844,0.0
2019-01-24,2.823,2.823,2.823,2.823,0.0
2019-01-25,2.868,2.868,2.868,2.868,0.0
2019-01-28,2.852,2.852,2.852,2.852,0.0
2019-01-29,2.855,2.855,2.855,2.855,0.0
2019-01-30,2.857,2.857,2.857,2.857,0.0
2019-01-31,2.858,2.858,2.858,2.858,0.0
2019-02-01,2.859,2.859,2.859,2.859,0.0
2019-02-04,2.846,2.846,2.846,2.846,0.0
2019-02-05,2.888,2.888,2.888,2.888,0.0
2019-02-06,2.885,2.885,2.885,2.885,0.0
2019-02-07,2.881,2.881,2.881,2.881,0.0
2019-02-08,2.883,2.883,2.883,2.883,0.0
2019-02-11,2.888,2.888,2.888,2.888,0.0
2019-02-12,2.896,2.896,2.896,2.896,0.0
2019-02-13,2.897,2.897,2.897,2.897,0.0
2019-02-14,2.901,2.901,2.901,2.901,0.0
2019-02-15,2.881,2.881,2.881,2.881,0.0
2019-02-19,2.872,2.872,2.872,2.872,0.0
2019-02-20,2.884,2.884,2.884,2.884,0.0
2019-02-21,2.871,2.871,2.871,2.871,0.0
2019-02-22,2.868,2.868,2.868,2.868,0.0
2019-02-25,2.86,2.86,2.86,2.86,0.0
2019-02-26,2.842,2.842,2.842,2.842,0.0
2019-02-27,2.878,2.878,2.878,2.878,0.0
2019-02-28,2.889,2.889,2.889,2.889,0.0
2019-03-01,2.888,2.888,2.888,2.888,0.0
2019-03-04,2.884,2.884,2.884,2.884,0.0
2019-03-05,2.882,2.882,2.882,2.882,0.0
2019-03-06,2.885,2.885,2.885,2.885,0.0
2019-03-07,2.89,2.89,2.89,2.89,0.0
2019-03-08,2.89,2.89,2.89,2.89,0.0
2019-03-11,2.917,2.917,2.917,2.917,0.0
2019-03-12,2.932,2.932,2.932,2.932,0.0
2019-03-13,2.941,2.941,2.941,2.941,0.0
2019-03-14,2.949,2.949,2.949,2.949,0.0
2019-03-15,2.95,2.95,2.95,2.95,0.0
2019-03-18,2.95,2.95,2.95,2.95,0.0
2019-03-19,2.951,2.951,2.951,2.951,0.0
2019-03-20,2.949,2.949,2.949,2.949,0.0
2019-03-21,2.959,2.959,2.959,2.959,0.0
2019-03-22,2.949,2.949,2.949,2.949,0.0
2019-03-25,2.948,2.948,2.948,2.948,0.0
2019-03-26,2.95,2.95,2.95,2.95,0.0
2019-03-27,2.941,2.941,2.941,2.941,0.0
2019-03-28,2.944,2.944,2.944,2.944,0.0
2019-03-29,2.943,2.943,2.943,2.943,0.0
2019-04-01,2.942,2.942,2.942,2.942,0.0
2019-04-02,2.949,2.949,2.949,2.949,0.0
2019-04-03,2.942,2.942,2.942,2.942,0.0
2019-04-04,2.965,2.965,2.965,2.965,0.0
2019-04-05,2.95,2.95,2.95,2.95,0.0
2019-04-08,2.953,2.953,2.953,2.953,0.0
2019-04-09,2.96,2.96,2.96,2.96,0.0
2019-04-10,2.938,2.938,2.938,2.938,0.0
2019-04-11,2.936,2.936,2.936,2.936,0.0
2019-04-12,2.936,2.936,2.936,2.936,0.0
2019-04-15,2.936,2.936,2.936,2.936,0.0
2019-04-16,2.937,2.937,2.937,2.937,0.0
2019-04-17,2.927,2.927,2.927,2.927,0.0
2019-04-18,2.912,2.912,2.912,2.912,0.0
2019-04-22,2.9,2.9,2.9,2.9,0.0
2019-04-23,2.895,2.895,2.895,2.895,0.0
2019-04-24,2.905,2.905,2.905,2.905,0.0
2019-04-25,2.915,2.915,2.915,2.915,0.0
2019-04-26,2.912,2.912,2.912,2.912,0.0
2019-04-29,2.919,2.919,2.919,2.919,0.0
2019-04-30,2.924,2.924,2.924,2.924,0.0
2019-05-01,2.926,2.926,2.926,2.926,0.0
2019-05-02,2.923,2.923,2.923,2.923,0.0
2019-05-03,2.93,2.93,2.93,2.93,0.0
2019-05-06,2.933,2.933,2.933,2.933,0.0
2019-05-07,2.933,2.933,2.933,2.933,0.0
2019-05-08,2.927,2.927,2.927,2.927,0.0
2019-05-09,2.934,2.934,2.934,2.934,0.0
2019-05-10,2.925,2.925,2.925,2.925,0.0
2019-05-13,2.928,2.928,2.928,2.928,0.0
2019-05-14,2.939,2.939,2.939,2.939,0.0
2019-05-15,2.936,2.936,2.936,2.936,0.0
2019-05-16,2.932,2.932,2.932,2.932,0.0
2019-05-17,2.936,2.936,2.936,2.936,0.0
2019-05-20,2.941,2.941,2.941,2.941,0.0
2019-05-21,2.944,2.944,2.944,2.944,0.0
2019-05-22,2.897,2.897,2.897,2.897,0.0
2019-05-23,2.909,2.909,2.909,2.909,0.0
2019-05-24,2.919,2.919,2.919,2.919,0.0
2019-05-28,2.927,2.927,2.927,2.927,0.0
2019-05-29,2.908,2.908,2.908,2.908,0.0
2019-05-30,2.906,2.906,2.906,2.906,0.0
2019-05-31,2.904,2.904,2.904,2.904,0.0
2019-06-03,2.892,2.892,2.892,2.892,0.0
2019-06-04,2.897,2.897,2.897,2.897,0.0
2019-06-05,2.885,2.885,2.885,2.885,0.0
2019-06-06,2.901,2.901,2.901,2.901,0.0
2019-06-07,2.902,2.902,2.902,2.902,0.0
2019-06-10,2.891,2.891,2.891,2.891,0.0
2019-06-11,2.891,2.891,2.891,2.891,0.0
2019-06-12,2.888,2.888,2.888,2.888,0.0
2019-06-13,2.889,2.889,2.889,2.889,0.0
2019-06-14,2.894,2.894,2.894,2.894,0.0
2019-06-17,2.897,2.897,2.897,2.897,0.0
2019-06-18,2.88,2.88,2.88,2.88,0.0
2019-06-19,2.881,2.881,2.881,2.881,0.0
2019-06-20,2.885,2.885,2.885,2.885,0.0
2019-06-21,2.9,2.9,2.9,2.9,0.0
2019-06-24,2.9,2.9,2.9,2.9,0.0
2019-06-25,2.899,2.899,2.899,2.899,0.0
2019-06-26,2.891,2.891,2.891,2.891,0.0
2019-06-27,2.887,2.887,2.887,2.887,0.0
2019-06-28,2.859,2.859,2.859,2.859,0.0
2019-07-01,2.852,2.852,2.852,2.852,0.0
2019-07-02,2.848,2.848,2.848,2.848,0.0
2019-07-03,2.847,2.847,2.847,2.847,0.0
2019-07-05,2.873,2.873,2.873,2.873,0.0
2019-07-08,2.869,2.869,2.869,2.869,0.0
2019-07-09,2.891,2.891,2.891,2.891,0.0
2019-07-10,2.883,2.883,2.883,2.883,0.0
2019-07-11,2.891,2.891,2.891,2.891,0.0
2019-07-12,2.899,2.899,2.899,2.899,0.0
2019-07-15,2.904,2.904,2.904,2.904,0.0
2019-07-16,2.88,2.88,2.88,2.88,0.0
2019-07-17,2.877,2.877,2.877,2.877,0.0
2019-07-18,2.896,2.896,2.896,2.896,0.0
2019-07-19,2.889,2.889,2.889,2.889,0.0
2019-07-22,2.847,2.847,2.847,2.847,0.0
2019-07-23,2.854,2.854,2.854,2.854,0.0
2019-07-24,2.847,2.847,2.847,2.847,0.0
2019-07-25,2.848,2.848,2.848,2.848,0.0
2019-07-26,2.839,2.839,2.839,2.839,0.0
2019-07-29,2.828,2.828,2.828,2.828,0.0
2019-07-30,2.831,2.831,2.831,2.831,0.0
2019-07-31,2.837,2.837,2.837,2.837,0.0
2019-08-01,2.84,2.84,2.84,2.84,0.0
2019-08-02,2.827,2.827,2.827,2.827,0.0
2019-08-05,2.825,2.825,2.825,2.825,0.0
2019-08-06,2.826,2.826,2.826,2.826,0.0
2019-08-07,2.831,2.831,2.831,2.831,0.0
2019-08-08,2.81,2.81,2.81,2.81,0.0
2019-08-09,2.786,2.786,2.786,2.786,0.0
2019-08-12,2.775,2.775,2.775,2.775,0.0
2019-08-13,2.756,2.756,2.756,2.756,0.0
2019-08-14,2.719,2.719,2.719,2.719,0.0
2019-08-15,2.719,2.719,2.719,2.719,0.0
2019-08-16,2.698,2.698,2.698,2.698,0.0
2019-08-19,2.7,2.7,2.7,2.7,0.0
2019-08-20,2.7,2.7,2.7,2.7,0.0
2019-08-21,2.701,2.701,2.701,2.701,0.0
2019-08-22,2.69,2.69,2.69,2.69,0.0
2019-08-23,2.72,2.72,2.72,2.72,0.0
2019-08-26,2.727,2.727,2.727,2.727,0.0
2019-08-27,2.742,2.742,2.742,2.742,0.0
2019-08-28,2.761,2.761,2.761,2.761,0.0
2019-08-29,2.763,2.763,2.763,2.763,0.0
2019-08-30,2.723,2.723,2.723,2.723,0.0
2019-09-03,2.728,2.728,2.728,2.728,0.0
2019-09-04,2.699,2.699,2.699,2.699,0.0
2019-09-05,2.706,2.706,2.706,2.706,0.0
2019-09-06,2.693,2.693,2.693,2.693,0.0
2019-09-09,2.657,2.657,2.657,2.657,0.0
2019-09-10,2.661,2.661,2.661,2.661,0.0
2019-09-11,2.656,2.656,2.656,2.656,0.0
2019-09-12,2.661,2.661,2.661,2.661,0.0
2019-09-13,2.626,2.626,2.626,2.626,0.0
2019-09-16,2.656,2.656,2.656,2.656,0.0
2019-09-17,2.62,2.62,2.62,2.62,0.0
2019-09-18,2.633,2.633,2.633,2.633,0.0
2019-09-19,2.627,2.627,2.627,2.627,0.0
2019-09-20,2.638,2.638,2.638,2.638,0.0
2019-09-23,2.635,2.635,2.635,2.635,0.0
2019-09-24,2.614,2.614,2.614,2.614,0.0
2019-09-25,2.613,2.613,2.613,2.613,0.0
2019-09-26,2.614,2.614,2.614,2.614,0.0
2019-09-27,2.603,2.603,2.603,2.603,0.0
2019-09-30,2.665,2.665,2.665,2.665,0.0
2019-10-01,2.614,2.614,2.614,2.614,0.0
2019-10-02,2.632,2.632,2.632,2.632,0.0
2019-10-03,2.617,2.617,2.617,2.617,0.0
2019-10-04,2.607,2.607,2.607,2.607,0.0
2019-10-07,2.611,2.611,2.611,2.611,0.0
2019-10-08,2.587,2.587,2.587,2.587,0.0
2019-10-09,2.598,2.598,2.598,2.598,0.0
2019-10-10,2.599,2.599,2.599,2.599,0.0
2019-10-11,2.61,2.61,2.61,2.61,0.0
2019-10-14,2.625,2.625,2.625,2.625,0.0
2019-10-15,2.641,2.641,2.641,2.641,0.0
2019-10-16,2.643,2.643,2.643,2.643,0.0
2019-10-17,2.64,2.64,2.64,2.64,0.0
2019-10-18,2.635,2.635,2.635,2.635,0.0
2019-10-21,2.63,2.63,2.63,2.63,0.0
2019-10-22,2.634,2.634,2.634,2.634,0.0
2019-10-23,2.628,2.628,2.628,2.628,0.0
2019-10-24,2.632,2.632,2.632,2.632,0.0
2019-10-25,2.63,2.63,2.63,2.63,0.0
2019-10-28,2.639,2.639,2.639,2.639,0.0
2019-10-29,2.655,2.655,2.655,2.655,0.0
2019-10-30,2.662,2.662,2.662,2.662,0.0
2019-10-31,2.66,2.66,2.66,2.66,0.0
2019-11-01,2.669,2.669,2.669,2.669,0.0
2019-11-04,2.61,2.61,2.61,2.61,7.0
2019-11-05,2.589,2.589,2.589,2.589,0.0
2019-11-06,2.6,2.6,2.6,2.6,0.0
2019-11-07,2.567,2.567,2.567,2.567,0.0
2019-11-08,2.574,2.574,2.574,2.574,0.0
2019-11-11,2.565,2.565,2.565,2.565,0.0
2019-11-12,2.525,2.525,2.525,2.525,0.0
2019-11-13,2.516,2.516,2.516,2.516,0.0
2019-11-14,2.518,2.518,2.518,2.518,0.0
2019-11-15,2.516,2.516,2.516,2.516,0.0
2019-11-18,2.52,2.52,2.52,2.52,0.0
2019-11-19,2.527,2.527,2.527,2.527,0.0
2019-11-20,2.536,2.536,2.536,2.536,0.0
2019-11-21,2.543,2.543,2.543,2.543,0.0
2019-11-22,2.543,2.543,2.543,2.543,0.0
2019-11-25,2.535,2.535,2.535,2.535,0.0
2019-11-26,2.529,2.529,2.529,2.529,0.0
2019-11-27,2.533,2.533,2.533,2.533,0.0
2019-11-29,2.491,2.491,2.491,2.491,0.0
2019-12-02,2.517,2.517,2.517,2.517,0.0
2019-12-03,2.526,2.526,2.526,2.526,0.0
2019-12-04,2.525,2.525,2.525,2.525,0.0
2019-12-05,2.517,2.517,2.517,2.517,0.0
2019-12-06,2.49,2.49,2.49,2.49,0.0
2019-12-09,2.48,2.48,2.469,2.469,2.0
2019-12-10,2.478,2.478,2.478,2.478,0.0
2019-12-11,2.475,2.475,2.475,2.475,0.0
2019-12-12,2.48,2.48,2.48,2.48,0.0
2019-12-13,2.463,2.463,2.463,2.463,0.0
2019-12-16,2.472,2.472,2.472,2.472,0.0
2019-12-17,2.474,2.474,2.474,2.474,0.0
2019-12-18,2.445,2.445,2.445,2.445,0.0
2019-12-19,2.419,2.419,2.419,2.419,0.0
2019-12-20,2.41,2.41,2.41,2.41,0.0
2019-12-23,2.417,2.417,2.417,2.417,0.0
2019-12-24,2.415,2.415,2.415,2.415,0.0
2019-12-26,2.403,2.403,2.403,2.403,0.0
2019-12-27,2.401,2.401,2.401,2.401,0.0
2019-12-30,2.398,2.398,2.398,2.398,0.0
2019-12-31,2.407,2.407,2.407,2.407,0.0
2020-01-02,2.402,2.402,2.402,2.402,0.0
2020-01-03,2.402,2.402,2.402,2.402,0.0
2020-01-06,2.406,2.406,2.406,2.406,0.0
2020-01-07,2.413,2.413,2.413,2.413,0.0
2020-01-08,2.416,2.416,2.416,2.416,0.0
2020-01-09,2.427,2.427,2.427,2.427,0.0
2020-01-10,2.429,2.429,2.429,2.429,0.0
2020-01-13,2.429,2.429,2.429,2.429,0.0
2020-01-14,2.428,2.428,2.428,2.428,0.0
2020-01-15,2.427,2.427,2.427,2.427,0.0
2020-01-16,2.434,2.434,2.434,2.434,0.0
2020-01-17,2.444,2.444,2.444,2.444,0.0
2020-01-21,2.434,2.434,2.434,2.434,0.0
2020-01-22,2.415,2.415,2.415,2.415,0.0
2020-01-23,2.407,2.407,2.407,2.407,0.0
2020-01-24,2.415,2.415,2.415,2.415,0.0
2020-01-27,2.374,2.374,2.374,2.374,0.0
2020-01-28,2.384,2.384,2.384,2.384,0.0
2020-01-29,2.374,2.374,2.374,2.374,0.0
2020-01-30,2.369,2.369,2.369,2.369,0.0
2020-01-31,2.37,2.37,2.37,2.37,0.0
2020-02-03,2.365,2.365,2.365,2.365,0.0
2020-02-04,2.361,2.361,2.361,2.361,0.0
2020-02-05,2.338,2.338,2.338,2.338,0.0
2020-02-06,2.342,2.342,2.342,2.342,0.0
2020-02-07,2.36,2.36,2.36,2.36,0.0
2020-02-10,2.352,2.352,2.352,2.352,0.0
2020-02-11,2.342,2.342,2.342,2.342,0.0
2020-02-12,2.349,2.349,2.349,2.349,0.0
2020-02-13,2.339,2.339,2.339,2.339,0.0
2020-02-14,2.345,2.345,2.345,2.345,0.0
2020-02-18,2.324,2.324,2.324,2.324,0.0
2020-02-19,2.345,2.345,2.345,2.345,0.0
2020-02-20,2.34,2.34,2.34,2.34,0.0
2020-02-21,2.37,2.37,2.37,2.37,0.0
2020-02-24,2.376,2.376,2.376,2.376,0.0
2020-02-25,2.379,2.379,2.379,2.379,0.0
2020-02-26,2.402,2.402,2.402,2.402,0.0
2020-02-27,2.392,2.392,2.392,2.392,0.0
2020-02-28,2.422,2.422,2.422,2.422,0.0
2020-03-02,2.462,2.462,2.462,2.462,0.0
2020-03-03,2.458,2.458,2.458,2.458,0.0
2020-03-04,2.447,2.447,2.447,2.447,0.0
2020-03-05,2.422,2.422,2.422,2.422,0.0
2020-03-06,2.435,2.435,2.435,2.435,0.0
2020-03-09,2.472,2.472,2.472,2.472,0.0
2020-03-10,2.472,2.472,2.472,2.472,0.0
2020-03-11,2.434,2.434,2.434,2.434,0.0
2020-03-12,2.384,2.384,2.384,2.384,0.0
2020-03-13,2.379,2.379,2.379,2.379,0.0
2020-03-16,2.368,2.368,2.368,2.368,0.0
2020-03-17,2.397,2.397,2.397,2.397,0.0
2020-03-18,2.403,2.403,2.403,2.403,0.0
2020-03-19,2.416,2.416,2.416,2.416,0.0
2020-03-20,2.41,2.41,2.41,2.41,0.0
2020-03-23,2.405,2.405,2.405,2.405,0.0
2020-03-24,2.372,2.372,2.372,2.372,0.0
2020-03-25,2.367,2.367,2.367,2.367,0.0
2020-03-26,2.333,2.333,2.333,2.333,0.0
2020-03-27,2.355,2.355,2.355,2.355,0.0
2020-03-30,2.363,2.363,2.363,2.363,0.0
2020-03-31,2.351,2.351,2.351,2.351,0.0
2020-04-01,2.321,2.321,2.321,2.321,0.0
2020-04-02,2.307,2.307,2.307,2.307,0.0
2020-04-03,2.291,2.291,2.291,2.291,0.0
2020-04-06,2.307,2.307,2.307,2.307,0.0
2020-04-07,2.301,2.301,2.301,2.301,0.0
2020-04-08,2.318,2.318,2.318,2.318,0.0
2020-04-09,2.335,2.335,2.335,2.335,0.0
2020-04-13,2.363,2.363,2.363,2.363,0.0
2020-04-14,2.345,2.345,2.345,2.345,0.0
2020-04-15,2.314,2.314,2.314,2.314,0.0
2020-04-16,2.319,2.319,2.319,2.319,0.0
2020-04-17,2.32,2.32,2.32,2.32,0.0
2020-04-20,2.338,2.338,2.338,2.338,0.0
2020-04-21,2.321,2.321,2.321,2.321,0.0
2020-04-22,2.349,2.349,2.349,2.349,0.0
2020-04-23,2.303,2.303,2.303,2.303,0.0
2020-04-24,2.301,2.301,2.301,2.301,0.0
2020-04-27,2.327,2.327,2.327,2.327,0.0
2020-04-28,2.319,2.319,2.319,2.319,0.0
2020-04-29,2.314,2.314,2.314,2.314,0.0
2020-04-30,2.289,2.289,2.289,2.289,0.0
2020-05-01,2.272,2.272,2.272,2.272,0.0
2020-05-04,2.253,2.253,2.253,2.253,0.0
2020-05-05,2.24,2.24,2.24,2.24,0.0
2020-05-06,2.279,2.279,2.279,2.279,0.0
2020-05-07,2.261,2.261,2.261,2.261,0.0
2020-05-08,2.27,2.27,2.27,2.27,0.0
2020-05-11,2.257,2.257,2.257,2.257,0.0
2020-05-12,2.261,2.261,2.261,2.261,0.0
2020-05-13,2.253,2.253,2.236,2.236,25.0
2020-05-14,2.21,2.21,2.21,2.21,0.0
2020-05-15,2.251,2.251,2.251,2.251,0.0
2020-05-18,2.269,2.269,2.269,2.269,0.0
2020-05-19,2.266,2.266,2.266,2.266,0.0
2020-05-20,2.223,2.223,2.223,2.223,0.0
2020-05-21,2.214,2.214,2.214,2.214,0.0
2020-05-22,2.257,2.257,2.257,2.257,0.0
2020-05-26,2.257,2.257,2.257,2.257,0.0
2020-05-27,2.293,2.293,2.293,2.293,0.0
2020-05-28,2.285,2.285,2.285,2.285,0.0
2020-05-29,2.279,2.279,2.279,2.279,0.0
2020-06-01,2.256,2.256,2.256,2.256,0.0
2020-06-02,2.261,2.261,2.261,2.261,0.0
2020-06-03,2.248,2.248,2.248,2.248,0.0
2020-06-04,2.257,2.257,2.257,2.257,0.0
2020-06-05,2.251,2.251,2.251,2.251,0.0
2020-06-08,2.265,2.265,2.265,2.265,0.0
2020-06-09,2.273,2.273,2.273,2.273,0.0
2020-06-10,2.259,2.259,2.259,2.259,0.0
2020-06-11,2.254,2.254,2.254,2.254,0.0
2020-06-12,2.243,2.243,2.243,2.243,0.0
2020-06-15,2.27,2.27,2.27,2.27,0.0
2020-06-16,2.264,2.264,2.264,2.264,0.0
2020-06-17,2.259,2.259,2.259,2.259,0.0
2020-06-18,2.27,2.27,2.27,2.27,0.0
2020-06-19,2.253,2.253,2.253,2.253,0.0
2020-06-22,2.241,2.241,2.241,2.241,0.0
2020-06-23,2.24,2.24,2.24,2.24,0.0
2020-06-24,2.246,2.246,2.246,2.246,0.0
2020-06-25,2.264,2.264,2.264,2.264,0.0
2020-06-26,2.286,2.286,2.286,2.286,0.0
2020-06-29,2.284,2.284,2.284,2.284,0.0
2020-06-30,2.284,2.284,2.284,2.284,0.0
2020-07-01,2.297,2.297,2.297,2.297,0.0
2020-07-02,2.329,2.329,2.329,2.329,0.0
2020-07-06,2.308,2.308,2.308,2.308,0.0
2020-07-07,2.301,2.301,2.301,2.301,0.0
2020-07-08,2.329,2.329,2.329,2.329,0.0
2020-07-09,2.314,2.314,2.314,2.314,0.0
2020-07-10,2.3,2.3,2.3,2.3,0.0
2020-07-13,2.296,2.296,2.296,2.296,0.0
2020-07-14,2.295,2.295,2.295,2.295,0.0
2020-07-15,2.305,2.305,2.305,2.305,0.0
2020-07-16,2.298,2.298,2.298,2.298,0.0
2020-07-17,2.295,2.295,2.295,2.295,0.0
2020-07-20,2.286,2.286,2.286,2.286,0.0
2020-07-21,2.3,2.3,2.3,2.3,0.0
2020-07-22,2.309,2.309,2.309,2.309,0.0
2020-07-23,2.393,2.393,2.393,2.393,0.0
2020-07-24,2.432,2.432,2.432,2.432,0.0
2020-07-27,2.49,2.49,2.49,2.49,0.0
2020-07-28,2.487,2.487,2.487,2.487,0.0
2020-07-29,2.492,2.492,2.492,2.492,0.0
2020-07-30,2.499,2.499,2.499,2.499,0.0
2020-07-31,2.517,2.517,2.517,2.517,0.0
2020-08-03,2.515,2.515,2.515,2.515,0.0
2020-08-04,2.509,2.509,2.509,2.509,0.0
2020-08-05,2.532,2.532,2.532,2.532,0.0
2020-08-06,2.557,2.557,2.557,2.557,0.0
2020-08-07,2.589,2.589,2.589,2.589,0.0
2020-08-10,2.557,2.557,2.557,2.557,0.0
2020-08-11,2.472,2.472,2.472,2.472,0.0
2020-08-12,2.449,2.449,2.449,2.449,0.0
2020-08-13,2.469,2.469,2.469,2.469,0.0
2020-08-14,2.46,2.46,2.46,2.46,0.0
2020-08-17,2.46,2.46,2.46,2.46,0.0
2020-08-18,2.455,2.455,2.455,2.455,0.0
2020-08-19,2.45,2.45,2.45,2.45,0.0
2020-08-20,2.448,2.448,2.448,2.448,0.0
2020-08-21,2.443,2.443,2.443,2.443,0.0
2020-08-24,2.438,2.438,2.438,2.438,0.0
2020-08-25,2.431,2.431,2.431,2.431,0.0
2020-08-26,2.459,2.459,2.459,2.459,0.0
2020-08-27,2.468,2.468,2.468,2.468,0.0
2020-08-28,2.456,2.456,2.456,2.456,0.0
2020-08-31,2.43,2.43,2.43,2.43,0.0
2020-09-01,2.428,2.428,2.428,2.428,0.0
2020-09-02,2.422,2.422,2.422,2.422,0.0
2020-09-03,2.419,2.419,2.419,2.419,0.0
2020-09-04,2.374,2.374,2.374,2.374,0.0
2020-09-08,2.375,2.375,2.375,2.375,0.0
2020-09-09,2.361,2.361,2.361,2.361,0.0
2020-09-10,2.343,2.343,2.343,2.343,0.0
2020-09-11,2.32,2.32,2.32,2.32,0.0
2020-09-14,2.308,2.308,2.308,2.308,0.0
2020-09-15,2.315,2.315,2.315,2.315,0.0
2020-09-16,2.313,2.313,2.313,2.313,0.0
2020-09-17,2.301,2.301,2.301,2.301,0.0
2020-09-18,2.322,2.322,2.322,2.322,0.0
2020-09-21,2.293,2.293,2.293,2.293,0.0
2020-09-22,2.32,2.32,2.32,2.32,0.0
2020-09-23,2.36,2.36,2.36,2.36,0.0
2020-09-24,2.37,2.37,2.37,2.37,0.0
2020-09-25,2.382,2.382,2.382,2.382,0.0
2020-09-28,2.39,2.39,2.39,2.39,0.0
2020-09-29,2.361,2.361,2.361,2.361,0.0
2020-09-30,2.342,2.342,2.342,2.342,0.0
2020-10-01,2.322,2.322,2.322,2.322,0.0
2020-10-02,2.311,2.311,2.311,2.311,0.0
2020-10-05,2.289,2.289,2.289,2.289,0.0
2020-10-06,2.296,2.296,2.296,2.296,0.0
2020-10-07,2.319,2.319,2.319,2.319,0.0
2020-10-08,2.294,2.294,2.294,2.294,0.0
2020-10-09,2.324,2.324,2.324,2.324,0.0
2020-10-12,2.31,2.31,2.31,2.31,0.0
2020-10-13,2.29,2.29,2.29,2.29,0.0
2020-10-14,2.317,2.317,2.317,2.317,0.0
2020-10-15,2.308,2.308,2.308,2.308,0.0
2020-10-16,2.311,2.311,2.311,2.311,0.0
2020-10-19,2.354,2.354,2.354,2.354,0.0
2020-10-20,2.295,2.295,2.295,2.295,0.0
2020-10-21,2.316,2.316,2.316,2.316,0.0
2020-10-22,2.318,2.318,2.318,2.318,0.0
2020-10-23,2.281,2.281,2.281,2.281,0.0
2020-10-26,2.219,2.219,2.219,2.219,0.0
2020-10-27,2.273,2.273,2.273,2.273,0.0
2020-10-28,2.31,2.31,2.31,2.31,0.0
2020-10-29,2.322,2.322,2.322,2.322,0.0
2020-10-30,2.339,2.339,2.339,2.339,0.0
2020-11-02,2.327,2.327,2.327,2.327,0.0
2020-11-03,2.367,2.367,2.367,2.367,0.0
2020-11-04,2.364,2.364,2.364,2.364,0.0
2020-11-05,2.359,2.359,2.359,2.359,0.0
2020-11-06,2.349,2.349,2.349,2.349,0.0
2020-11-09,2.345,2.345,2.345,2.345,0.0
2020-11-10,2.355,2.355,2.355,2.355,0.0
2020-11-11,2.37,2.37,2.37,2.37,0.0
2020-11-12,2.367,2.367,2.367,2.367,0.0
2020-11-13,2.327,2.327,2.327,2.327,0.0
2020-11-16,2.324,2.324,2.324,2.324,0.0
2020-11-17,2.341,2.341,2.341,2.341,0.0
2020-11-18,2.365,2.365,2.365,2.365,0.0
2020-11-19,2.365,2.365,2.365,2.365,0.0
2020-11-20,2.358,2.358,2.358,2.358,0.0
2020-11-23,2.352,2.352,2.352,2.352,0.0
2020-11-24,2.354,2.354,2.354,2.354,0.0
2020-11-25,2.337,2.337,2.337,2.337,0.0
2020-11-27,2.333,2.333,2.333,2.333,0.0
2020-11-30,2.319,2.319,2.319,2.319,0.0
2020-12-01,2.376,2.376,2.376,2.376,0.0
2020-12-02,2.401,2.401,2.401,2.401,0.0
2020-12-03,2.373,2.373,2.373,2.373,0.0
2020-12-04,2.393,2.393,2.393,2.393,0.0
2020-12-07,2.364,2.364,2.364,2.364,0.0
2020-12-08,2.352,2.352,2.352,2.352,0.0
2020-12-09,2.365,2.365,2.365,2.365,0.0
2020-12-10,2.37,2.37,2.37,2.37,0.0
2020-12-11,2.389,2.389,2.389,2.389,0.0
2020-12-14,2.383,2.383,2.383,2.383,0.0
2020-12-15,2.368,2.368,2.368,2.368,0.0
2020-12-16,2.38,2.38,2.38,2.38,0.0
2020-12-17,2.368,2.368,2.368,2.368,0.0
2020-12-18,2.382,2.382,2.382,2.382,0.0
2020-12-21,2.353,2.353,2.353,2.353,0.0
2020-12-22,2.388,2.388,2.388,2.388,0.0
2020-12-23,2.383,2.383,2.383,2.383,0.0
2020-12-24,2.395,2.395,2.395,2.395,0.0
2020-12-28,2.314,2.314,2.314,2.314,0.0
2020-12-29,2.383,2.383,2.383,2.383,0.0
2020-12-30,2.354,2.354,2.354,2.354,0.0
2020-12-31,2.381,2.381,2.381,2.381,0.0
2021-01-04,2.389,2.389,2.389,2.389,0.0
2021-01-05,2.404,2.404,2.404,2.404,0.0
2021-01-06,2.437,2.437,2.437,2.437,0.0
2021-01-07,2.405,2.405,2.405,2.405,0.0
2021-01-08,2.389,2.389,2.389,2.389,0.0
2021-01-11,2.392,2.392,2.392,2.392,0.0
2021-01-12,2.41,2.41,2.41,2.41,0.0
2021-01-13,2.441,2.441,2.441,2.441,0.0
2021-01-14,2.389,2.389,2.389,2.389,0.0
2021-01-15,2.425,2.425,2.425,2.425,0.0
2021-01-19,2.416,2.416,2.416,2.416,0.0
2021-01-20,2.43,2.43,2.43,2.43,0.0
2021-01-21,2.434,2.434,2.434,2.434,0.0
2021-01-22,2.449,2.449,2.449,2.449,0.0
2021-01-25,2.406,2.406,2.406,2.406,0.0
2021-01-26,2.435,2.435,2.435,2.435,0.0
2021-01-27,2.45,2.45,2.45,2.45,0.0
2021-01-28,2.449,2.449,2.449,2.449,0.0
2021-01-29,2.443,2.443,2.443,2.443,0.0
2021-02-01,2.447,2.447,2.447,2.447,0.0
2021-02-02,2.443,2.443,2.443,2.443,0.0
2021-02-03,2.424,2.424,2.424,2.424,0.0
2021-02-04,2.4,2.4,2.4,2.4,0.0
2021-02-05,2.409,2.409,2.409,2.409,0.0
2021-02-08,2.429,2.429,2.429,2.429,0.0
2021-02-09,2.429,2.429,2.429,2.429,0.0
2021-02-10,2.434,2.434,2.434,2.434,0.0
2021-02-11,2.421,2.421,2.421,2.421,0.0
2021-02-12,2.415,2.415,2.415,2.415,0.0
2021-02-16,2.432,2.432,2.432,2.432,0.0
2021-02-17,2.427,2.427,2.427,2.427,0.0
2021-02-18,2.417,2.417,2.417,2.417,0.0
2021-02-19,2.413,2.413,2.413,2.413,0.0
2021-02-22,2.415,2.415,2.415,2.415,0.0
2021-02-23,2.42,2.42,2.42,2.42,0.0
2021-02-24,2.414,2.414,2.414,2.414,0.0
2021-02-25,2.363,2.363,2.363,2.363,0.0
2021-02-26,2.386,2.386,2.386,2.386,0.0
2021-03-01,2.404,2.404,2.404,2.404,0.0
2021-03-02,2.413,2.413,2.413,2.413,0.0
2021-03-03,2.388,2.388,2.388,2.388,0.0
2021-03-04,2.363,2.363,2.363,2.363,0.0
2021-03-05,2.369,2.369,2.369,2.369,0.0
2021-03-08,2.387,2.387,2.387,2.387,0.0
2021-03-09,2.394,2.394,2.394,2.394,0.0
2021-03-10,2.392,2.392,2.392,2.392,0.0
2021-03-11,2.389,2.389,2.389,2.389,0.0
2021-03-12,2.406,2.406,2.406,2.406,0.0
2021-03-15,2.379,2.379,2.379,2.379,0.0
2021-03-16,2.411,2.411,2.411,2.411,0.0
2021-03-17,2.392,2.392,2.392,2.392,0.0
2021-03-18,2.406,2.406,2.406,2.406,0.0
2021-03-19,2.412,2.412,2.412,2.412,0.0
2021-03-22,2.408,2.408,2.408,2.408,0.0
2021-03-23,2.422,2.422,2.422,2.422,0.0
2021-03-24,2.425,2.425,2.425,2.425,0.0
2021-03-25,2.425,2.425,2.425,2.425,0.0
2021-03-26,2.413,2.413,2.413,2.413,0.0
2021-03-29,2.427,2.427,2.427,2.427,0.0
2021-03-30,2.438,2.438,2.438,2.438,0.0
2021-03-31,2.444,2.444,2.444,2.444,0.0
2021-04-01,2.466,2.466,2.466,2.466,0.0
2021-04-05,2.453,2.453,2.453,2.453,0.0
2021-04-06,2.458,2.458,2.458,2.458,0.0
2021-04-07,2.461,2.461,2.461,2.461,0.0
2021-04-08,2.461,2.461,2.461,2.461,0.0
2021-04-09,2.495,2.495,2.495,2.495,0.0
2021-04-12,2.504,2.504,2.504,2.504,0.0
2021-04-13,2.487,2.487,2.487,2.487,0.0
2021-04-14,2.496,2.496,2.496,2.496,0.0
2021-04-15,2.5,2.5,2.5,2.5,0.0
2021-04-16,2.513,2.513,2.513,2.513,0.0
2021-04-19,2.507,2.507,2.507,2.507,0.0
2021-04-20,2.459,2.459,2.459,2.459,0.0
2021-04-21,2.45,2.45,2.45,2.45,0.0
2021-04-22,2.431,2.431,2.431,2.431,0.0
2021-04-23,2.439,2.439,2.439,2.439,0.0
2021-04-26,2.442,2.442,2.425,2.425,2.0
2021-04-27,2.424,2.424,2.424,2.424,0.0
2021-04-28,2.436,2.436,2.436,2.436,0.0
2021-04-29,2.438,2.438,2.438,2.438,0.0
2021-04-30,2.453,2.453,2.453,2.453,0.0
2021-05-03,2.456,2.456,2.456,2.456,0.0
2021-05-04,2.465,2.465,2.465,2.465,0.0
2021-05-05,2.467,2.467,2.467,2.467,0.0
2021-05-06,2.457,2.457,2.457,2.457,0.0
2021-05-07,2.464,2.464,2.464,2.464,0.0
2021-05-10,2.467,2.467,2.467,2.467,0.0
2021-05-11,2.464,2.464,2.464,2.464,0.0
2021-05-12,2.463,2.463,2.463,2.463,0.0
2021-05-13,2.453,2.453,2.453,2.453,0.0
2021-05-14,2.459,2.459,2.459,2.459,0.0
2021-05-17,2.463,2.463,2.463,2.463,0.0
2021-05-18,2.432,2.432,2.432,2.432,0.0
2021-05-19,2.436,2.436,2.436,2.436,0.0
2021-05-20,2.441,2.441,2.441,2.441,0.0
2021-05-21,2.453,2.453,2.453,2.453,0.0
2021-05-24,2.447,2.447,2.447,2.447,0.0
2021-05-25,2.5,2.5,2.458,2.458,1.0
2021-05-26,2.437,2.437,2.437,2.437,0.0
2021-05-27,2.434,2.434,2.434,2.434,0.0
2021-05-28,2.444,2.444,2.444,2.444,0.0
2021-06-01,2.436,2.436,2.436,2.436,0.0
2021-06-02,2.446,2.446,2.446,2.446,0.0
2021-06-03,2.433,2.433,2.433,2.433,0.0
2021-06-04,2.484,2.484,2.484,2.484,0.0
2021-06-07,2.455,2.455,2.455,2.455,0.0
2021-06-08,2.436,2.436,2.436,2.436,0.0
2021-06-09,2.443,2.443,2.443,2.443,0.0
2021-06-10,2.432,2.432,2.432,2.432,0.0
2021-06-11,2.431,2.431,2.431,2.431,0.0
2021-06-14,2.44,2.44,2.44,2.44,0.0
2021-06-15,2.425,2.425,2.425,2.425,0.0
2021-06-16,2.478,2.478,2.478,2.478,0.0
2021-06-17,2.483,2.483,2.483,2.483,0.0
2021-06-18,2.492,2.492,2.492,2.492,0.0
2021-06-21,2.489,2.489,2.489,2.489,0.0
2021-06-22,2.489,2.489,2.489,2.489,0.0
2021-06-23,2.49,2.49,2.49,2.49,0.0
2021-06-24,2.478,2.478,2.478,2.478,0.0
2021-06-25,2.534,2.534,2.534,2.534,0.0
2021-06-28,2.544,2.544,2.544,2.544,0.0
2021-06-29,2.572,2.572,2.572,2.572,0.0
2021-06-30,2.568,2.568,2.568,2.568,0.0
2021-07-01,2.556,2.556,2.556,2.556,0.0
2021-07-02,2.548,2.548,2.548,2.548,0.0
2021-07-06,2.54,2.54,2.54,2.54,0.0
2021-07-07,2.552,2.552,2.552,2.552,0.0
2021-07-08,2.564,2.564,2.564,2.564,0.0
2021-07-09,2.57,2.57,2.57,2.57,0.0
2021-07-12,2.575,2.575,2.575,2.575,0.0
2021-07-13,2.574,2.574,2.574,2.574,0.0
2021-07-14,2.567,2.567,2.567,2.567,0.0
2021-07-15,2.575,2.575,2.575,2.575,0.0
2021-07-16,2.581,2.581,2.581,2.581,0.0
2021-07-19,2.591,2.591,2.591,2.591,0.0
2021-07-20,2.598,2.598,2.598,2.598,0.0
2021-07-21,2.593,2.593,2.593,2.593,15.0
2021-07-22,2.595,2.595,2.595,2.595,0.0
2021-07-23,2.601,2.601,2.601,2.601,0.0
2021-07-26,2.609,2.609,2.609,2.609,0.0
2021-07-27,2.579,2.579,2.579,2.579,0.0
2021-07-28,2.571,2.571,2.571,2.571,0.0
2021-07-29,2.546,2.546,2.546,2.546,0.0
2021-07-30,2.566,2.566,2.566,2.566,0.0
2021-08-02,2.58,2.58,2.58,2.58,0.0
2021-08-03,2.572,2.572,2.572,2.572,0.0
2021-08-04,2.582,2.582,2.582,2.582,0.0
2021-08-05,2.547,2.547,2.547,2.547,0.0
2021-08-06,2.556,2.556,2.556,2.556,0.0
2021-08-09,2.572,2.572,2.572,2.572,0.0
2021-08-10,2.569,2.569,2.569,2.569,0.0
2021-08-11,2.584,2.584,2.584,2.584,0.0
2021-08-12,2.665,2.665,2.665,2.665,0.0
2021-08-13,2.632,2.632,2.632,2.632,2.0
2021-08-16,2.644,2.644,2.644,2.644,0.0
2021-08-17,2.657,2.657,2.657,2.657,0.0
2021-08-18,2.655,2.655,2.655,2.655,0.0
2021-08-19,2.666,2.666,2.666,2.666,0.0
2021-08-20,2.665,2.665,2.665,2.665,0.0
2021-08-23,2.667,2.667,2.667,2.667,0.0
2021-08-24,2.663,2.663,2.663,2.663,0.0
2021-08-25,2.68,2.68,2.68,2.68,0.0
2021-08-26,2.711,2.711,2.711,2.711,10.0
2021-08-27,2.713,2.713,2.713,2.713,0.0
2021-08-30,2.716,2.716,2.716,2.716,0.0
2021-08-31,2.705,2.705,2.705,2.705,0.0
2021-09-01,2.705,2.705,2.705,2.705,0.0
2021-09-02,2.705,2.705,2.705,2.705,0.0
2021-09-03,2.709,2.709,2.709,2.709,0.0
2021-09-07,2.733,2.733,2.733,2.733,0.0
2021-09-08,2.785,2.785,2.785,2.785,0.0
2021-09-09,2.84,2.84,2.84,2.84,0.0
2021-09-10,2.827,2.827,2.827,2.827,0.0
2021-09-13,2.842,2.842,2.842,2.842,5.0
2021-09-14,2.836,2.836,2.836,2.836,5.0
2021-09-15,2.787,2.787,2.787,2.787,0.0
2021-09-16,2.79,2.79,2.79,2.79,0.0
2021-09-17,2.783,2.783,2.783,2.783,0.0
2021-09-20,2.819,2.819,2.819,2.819,0.0
2021-09-21,2.836,2.836,2.836,2.836,0.0
2021-09-22,2.853,2.853,2.853,2.853,0.0
2021-09-23,2.86,2.86,2.86,2.86,0.0
2021-09-24,2.825,2.825,2.825,2.825,0.0
2021-09-27,2.838,2.838,2.838,2.838,0.0
2021-09-28,2.761,2.761,2.761,2.761,5.0
2021-09-29,2.772,2.772,2.772,2.772,12.0
2021-09-30,2.779,2.779,2.779,2.779,5.0
2021-10-01,2.769,2.769,2.769,2.769,5.0
2021-10-04,2.778,2.778,2.778,2.778,0.0
2021-10-05,2.793,2.793,2.793,2.793,0.0
2021-10-06,2.831,2.831,2.831,2.831,0.0
2021-10-07,2.831,2.831,2.831,2.831,5.0
2021-10-08,2.872,2.872,2.872,2.872,5.0
2021-10-11,2.858,2.858,2.858,2.858,0.0
2021-10-12,2.843,2.843,2.843,2.843,25.0
2021-10-13,2.89,2.89,2.848,2.848,26.0
2021-10-14,2.883,2.883,2.883,2.883,0.0
2021-10-15,2.892,2.892,2.892,2.892,0.0
2021-10-18,2.898,2.898,2.898,2.898,7.0
2021-10-19,2.882,2.882,2.882,2.882,5.0
2021-10-20,2.885,2.885,2.885,2.885,0.0
2021-10-21,2.898,2.898,2.898,2.898,0.0
2021-10-22,2.903,2.903,2.903,2.903,0.0
2021-10-25,2.946,2.946,2.946,2.946,0.0
2021-10-26,2.924,2.924,2.924,2.924,0.0
2021-10-27,2.861,2.861,2.861,2.861,0.0
2021-10-28,2.862,2.862,2.862,2.862,0.0
2021-10-29,2.813,2.813,2.813,2.813,0.0
2021-11-01,2.708,2.708,2.708,2.708,0.0
2021-11-02,2.769,2.769,2.769,2.769,0.0
2021-11-03,2.763,2.763,2.763,2.763,0.0
2021-11-04,2.787,2.787,2.787,2.787,0.0
2021-11-05,2.775,2.775,2.775,2.775,0.0
2021-11-08,2.828,2.828,2.828,2.828,0.0
2021-11-09,2.824,2.824,2.824,2.824,0.0
2021-11-10,2.85,2.85,2.85,2.85,0.0
2021-11-11,2.867,2.867,2.867,2.867,0.0
2021-11-12,2.818,2.818,2.818,2.818,0.0
2021-11-15,2.831,2.831,2.831,2.831,0.0
2021-11-16,2.902,2.902,2.902,2.902,0.0
2021-11-17,2.833,2.833,2.833,2.833,15.0
2021-11-18,2.821,2.821,2.821,2.821,0.0
2021-11-19,2.795,2.795,2.795,2.795,0.0
2021-11-22,2.777,2.777,2.777,2.777,0.0
2021-11-23,2.824,2.824,2.824,2.824,0.0
2021-11-24,2.822,2.822,2.822,2.822,0.0
2021-11-26,2.861,2.861,2.861,2.861,0.0
2021-11-29,2.853,2.853,2.853,2.853,0.0
2021-11-30,2.826,2.826,2.826,2.826,0.0
2021-12-01,2.834,2.834,2.834,2.834,0.0
2021-12-02,2.838,2.838,2.838,2.838,0.0
2021-12-03,2.848,2.848,2.848,2.848,0.0
2021-12-06,2.82,2.82,2.82,2.82,0.0
2021-12-07,2.824,2.824,2.824,2.824,0.0
2021-12-08,2.783,2.783,2.783,2.783,0.0
2021-12-09,2.83,2.83,2.83,2.83,10.0
2021-12-10,2.866,2.866,2.866,2.866,10.0
2021-12-13,2.77,2.77,2.77,2.77,0.0
2021-12-14,2.821,2.821,2.821,2.821,4.0
2021-12-15,2.828,2.828,2.828,2.828,0.0
2021-12-16,2.845,2.845,2.845,2.845,0.0
2021-12-17,2.858,2.858,2.858,2.858,0.0
2021-12-20,2.873,2.873,2.873,2.873,0.0
2021-12-21,2.857,2.857,2.857,2.857,0.0
2021-12-22,2.858,2.858,2.858,2.858,0.0
2021-12-23,2.821,2.821,2.821,2.821,0.0
2021-12-27,2.807,2.807,2.807,2.807,0.0
2021-12-28,2.823,2.823,2.823,2.823,0.0
2021-12-29,2.845,2.845,2.845,2.845,0.0
2021-12-30,2.833,2.833,2.833,2.833,0.0
2021-12-31,2.807,2.807,2.807,2.807,6.0
2022-01-03,2.819,2.819,2.819,2.819,0.0
2022-01-04,2.818,2.818,2.818,2.818,0.0
2022-01-05,2.822,2.822,2.822,2.822,0.0
2022-01-06,2.836,2.836,2.836,2.836,0.0
2022-01-07,2.869,2.869,2.869,2.869,0.0
2022-01-10,2.874,2.874,2.874,2.874,0.0
2022-01-11,2.863,2.863,2.863,2.863,0.0
2022-01-12,2.838,2.838,2.838,2.838,0.0
2022-01-13,2.841,2.841,2.841,2.841,0.0
2022-01-14,2.817,2.817,2.817,2.817,0.0
2022-01-18,2.836,2.836,2.836,2.836,0.0
2022-01-19,2.89,2.904,2.883,2.883,15.0
2022-01-20,2.886,2.886,2.886,2.886,0.0
2022-01-21,2.874,2.874,2.874,2.874,0.0
2022-01-24,2.863,2.863,2.863,2.863,0.0
2022-01-25,2.883,2.883,2.883,2.883,0.0
2022-01-26,2.884,2.884,2.884,2.884,0.0
2022-01-27,2.869,2.869,2.869,2.869,0.0
2022-01-28,2.862,2.862,2.862,2.862,0.0
2022-01-31,2.861,2.861,2.861,2.861,0.0
2022-02-01,2.846,2.846,2.846,2.846,0.0
2022-02-02,2.865,2.865,2.865,2.865,0.0
2022-02-03,2.856,2.856,2.856,2.856,0.0
2022-02-04,2.892,2.892,2.892,2.892,33.0
2022-02-07,2.908,2.908,2.908,2.908,4.0
2022-02-08,2.9,2.9,2.9,2.9,30.0
2022-02-09,2.895,2.895,2.895,2.895,0.0
2022-02-10,2.9,2.9,2.9,2.9,25.0
2022-02-11,2.94,2.94,2.94,2.94,0.0
2022-02-14,2.981,2.981,2.981,2.981,0.0
2022-02-15,2.969,2.969,2.969,2.969,0.0
2022-02-16,2.998,2.998,2.998,2.998,0.0
2022-02-17,2.98,2.98,2.98,2.98,0.0
2022-02-18,2.98,2.98,2.98,2.98,0.0
2022-02-22,3.025,3.025,3.025,3.025,15.0
2022-02-23,3.111,3.111,3.111,3.111,11.0
2022-02-24,3.08,3.08,3.08,3.08,11.0
2022-02-25,2.972,2.972,2.972,2.972,0.0
2022-02-28,3.049,3.049,3.049,3.049,0.0
2022-03-01,3.12,3.12,3.12,3.12,0.0
2022-03-02,3.167,3.167,3.167,3.167,25.0
2022-03-03,3.145,3.145,3.145,3.145,0.0
2022-03-04,3.198,3.198,3.198,3.198,0.0
2022-03-07,3.228,3.228,3.228,3.228,0.0
2022-03-08,3.238,3.238,3.238,3.238,0.0
2022-03-09,3.193,3.193,3.193,3.193,0.0
2022-03-10,3.161,3.161,3.161,3.161,0.0
2022-03-11,3.176,3.176,3.176,3.176,0.0
2022-03-14,3.219,3.219,3.219,3.219,0.0
2022-03-15,3.213,3.213,3.213,3.213,0.0
2022-03-16,3.209,3.209,3.209,3.209,0.0
2022-03-17,3.226,3.226,3.226,3.226,0.0
2022-03-18,3.178,3.178,3.178,3.178,0.0
2022-03-21,3.159,3.159,3.159,3.159,0.0
2022-03-22,3.17,3.17,3.17,3.17,0.0
2022-03-23,3.181,3.181,3.181,3.181,0.0
2022-03-24,3.207,3.207,3.207,3.207,0.0
2022-03-25,3.276,3.276,3.276,3.276,0.0
2022-03-28,3.34,3.34,3.34,3.34,12.0
2022-03-29,3.354,3.354,3.354,3.354,0.0
2022-03-30,3.456,3.456,3.456,3.456,0.0
2022-03-31,3.539,3.539,3.539,3.539,5.0
2022-04-01,3.591,3.591,3.591,3.591,0.0
2022-04-04,3.658,3.658,3.658,3.658,0.0
2022-04-05,3.737,3.737,3.737,3.737,0.0
2022-04-06,3.79,3.79,3.789,3.789,3.0
2022-04-07,3.774,3.774,3.774,3.774,0.0
2022-04-08,3.762,3.762,3.762,3.762,0.0
2022-04-11,3.811,3.811,3.811,3.811,0.0
2022-04-12,3.833,3.833,3.833,3.833,0.0
2022-04-13,3.841,3.841,3.841,3.841,0.0
2022-04-14,3.848,3.848,3.848,3.848,0.0
2022-04-18,3.883,3.883,3.883,3.883,0.0
2022-04-19,3.871,3.871,3.871,3.871,4.0
2022-04-20,3.817,3.817,3.817,3.817,0.0
2022-04-21,3.76,3.76,3.76,3.76,0.0
2022-04-22,3.587,3.587,3.587,3.587,0.0
2022-04-25,3.55,3.577,3.55,3.577,20.0
2022-04-26,3.642,3.642,3.642,3.642,6.0
2022-04-27,3.617,3.617,3.617,3.617,3.0
2022-04-28,3.613,3.613,3.613,3.613,0.0
2022-04-29,3.621,3.621,3.621,3.621,0.0
2022-05-02,3.716,3.716,3.716,3.716,0.0
2022-05-03,3.779,3.779,3.779,3.779,20.0
2022-05-04,3.829,3.829,3.829,3.829,1.0
2022-05-05,3.862,3.862,3.862,3.862,3.0
2022-05-06,3.809,3.809,3.809,3.809,1.0
2022-05-09,3.705,3.705,3.705,3.705,1.0
2022-05-10,3.72,3.732,3.71,3.732,32.0
2022-05-11,3.791,3.791,3.791,3.791,0.0
2022-05-12,3.801,3.801,3.801,3.801,0.0
2022-05-13,3.85,3.85,3.85,3.85,1.0
2022-05-16,3.9,3.9,3.9,3.9,1.0
2022-05-17,3.9,3.9,3.887,3.887,20.0
2022-05-18,3.932,3.932,3.932,3.932,0.0
2022-05-19,3.871,3.871,3.871,3.871,0.0
2022-05-20,3.857,3.857,3.857,3.857,0.0
2022-05-23,3.898,3.898,3.898,3.898,0.0
2022-05-24,3.877,3.877,3.877,3.877,0.0
2022-05-25,3.917,3.917,3.917,3.917,1.0
2022-05-26,3.971,3.971,3.971,3.971,4.0
2022-05-27,3.995,3.995,3.995,3.995,0.0
2022-05-31,4.0,4.0,3.941,3.941,10.0
2022-06-01,4.115,4.115,4.115,4.115,0.0
2022-06-02,4.145,4.145,4.132,4.132,2.0
2022-06-03,4.199,4.199,4.199,4.199,2.0
2022-06-06,4.298,4.298,4.298,4.298,0.0
2022-06-07,4.333,4.333,4.333,4.333,0.0
2022-06-08,4.403,4.403,4.403,4.403,14.0
2022-06-09,4.494,4.494,4.494,4.494,0.0
2022-06-10,4.551,4.551,4.551,4.551,0.0
2022-06-13,4.494,4.494,4.494,4.494,0.0
2022-06-14,4.416,4.416,4.416,4.416,0.0
2022-06-15,4.456,4.456,4.456,4.456,0.0
2022-06-16,4.44,4.44,4.44,4.44,15.0
2022-06-17,4.321,4.321,4.321,4.321,0.0
2022-06-21,4.308,4.308,4.308,4.308,0.0
2022-06-22,4.337,4.337,4.337,4.337,0.0
2022-06-23,4.315,4.315,4.315,4.315,55.0
2022-06-24,4.131,4.131,4.131,4.131,60.0
2022-06-27,4.173,4.173,4.173,4.173,0.0
2022-06-28,4.143,4.143,4.143,4.143,0.0
2022-06-29,4.16,4.16,4.16,4.16,0.0
2022-06-30,3.905,3.905,3.905,3.905,0.0
2022-07-01,3.943,3.943,3.943,3.943,0.0
2022-07-05,3.793,3.793,3.793,3.793,0.0
2022-07-06,3.885,3.885,3.885,3.885,0.0
2022-07-07,3.983,3.983,3.983,3.983,5.0
2022-07-08,3.982,3.982,3.982,3.982,0.0
2022-07-11,4.016,4.016,4.016,4.016,0.0
2022-07-12,3.927,3.927,3.927,3.927,0.0
2022-07-13,4.014,4.014,4.014,4.014,0.0
2022-07-14,3.936,3.936,3.936,3.936,0.0
2022-07-15,4.01,4.01,4.01,4.01,0.0
2022-07-18,3.97,3.97,3.97,3.97,0.0
2022-07-19,3.976,3.976,3.976,3.976,0.0
2022-07-20,4.119,4.119,4.119,4.119,0.0
2022-07-21,4.024,4.024,4.024,4.024,0.0
2022-07-22,4.028,4.028,4.028,4.028,0.0
2022-07-25,4.084,4.084,4.084,4.084,0.0
2022-07-26,4.111,4.111,4.111,4.111,0.0
2022-07-27,4.109,4.109,4.109,4.109,10.0
2022-07-28,4.085,4.085,4.085,4.085,0.0
2022-07-29,4.08,4.08,4.08,4.08,0.0
2022-08-01,4.063,4.063,4.063,4.063,0.0
2022-08-02,4.065,4.065,4.065,4.065,5.0
2022-08-03,4.086,4.086,4.086,4.086,0.0
2022-08-04,4.085,4.085,4.067,4.067,1.0
2022-08-05,4.076,4.076,4.076,4.076,0.0
2022-08-08,4.038,4.038,4.038,4.038,0.0
2022-08-09,4.086,4.086,4.086,4.086,0.0
2022-08-10,4.116,4.116,4.116,4.116,0.0
2022-08-11,4.217,4.217,4.217,4.217,5.0
2022-08-12,4.205,4.205,4.205,4.205,5.0
2022-08-15,4.296,4.296,4.296,4.296,6.0
2022-08-16,4.335,4.335,4.335,4.335,65.0
2022-08-17,4.3,4.3,4.3,4.3,41.0
2022-08-18,4.306,4.306,4.306,4.306,11.0
2022-08-19,4.322,4.322,4.322,4.322,0.0
2022-08-22,4.44,4.44,4.381,4.381,2.0
2022-08-23,4.388,4.388,4.388,4.388,0.0
2022-08-24,4.397,4.397,4.397,4.397,0.0
2022-08-25,4.459,4.459,4.459,4.459,0.0
2022-08-26,4.483,4.483,4.483,4.483,5.0
2022-08-29,4.496,4.496,4.496,4.496,0.0
2022-08-30,4.503,4.503,4.503,4.503,0.0
2022-08-31,4.545,4.545,4.545,4.545,10.0
2022-09-01,4.613,4.613,4.613,4.613,5.0
2022-09-02,4.66,4.66,4.66,4.66,10.0
2022-09-06,4.631,4.631,4.631,4.631,0.0
2022-09-07,4.532,4.532,4.532,4.532,0.0
2022-09-08,4.448,4.448,4.448,4.448,1.0
2022-09-09,4.499,4.499,4.499,4.499,52.0
2022-09-12,4.531,4.531,4.531,4.531,0.0
2022-09-13,4.56,4.56,4.56,4.56,0.0
2022-09-14,4.595,4.595,4.595,4.595,0.0
2022-09-15,4.549,4.549,4.549,4.549,0.0
2022-09-16,4.46,4.46,4.46,4.46,0.0
2022-09-19,4.42,4.42,4.42,4.42,5.0
2022-09-20,4.397,4.397,4.397,4.397,20.0
2022-09-21,4.27,4.27,4.27,4.27,5.0
2022-09-22,4.164,4.164,4.164,4.164,19.0
2022-09-23,4.163,4.163,4.163,4.163,5.0
2022-09-26,4.097,4.097,4.097,4.097,14.0
2022-09-27,4.081,4.081,4.081,4.081,12.0
2022-09-28,4.101,4.101,4.101,4.101,5.0
2022-09-29,4.086,4.086,4.086,4.086,5.0
2022-09-30,4.092,4.092,4.092,4.092,0.0
2022-10-03,4.049,4.049,4.049,4.049,7.0
2022-10-04,4.097,4.097,4.097,4.097,10.0
2022-10-05,4.064,4.064,4.064,4.064,0.0
2022-10-06,4.078,4.078,4.078,4.078,0.0
2022-10-07,4.116,4.116,4.116,4.116,105.0
2022-10-10,4.123,4.123,4.123,4.123,2.0
2022-10-11,4.161,4.161,4.161,4.161,7.0
2022-10-12,4.13,4.13,4.116,4.116,60.0
2022-10-13,4.109,4.109,4.109,4.109,7.0
2022-10-14,4.116,4.116,4.116,4.116,18.0
2022-10-17,4.102,4.102,4.102,4.102,4.0
2022-10-18,4.047,4.047,4.047,4.047,5.0
2022-10-19,4.022,4.022,4.022,4.022,74.0
2022-10-20,4.007,4.007,4.007,4.007,40.0
2022-10-21,3.967,3.967,3.967,3.967,7.0
2022-10-24,4.008,4.008,4.008,4.008,0.0
2022-10-25,4.013,4.013,4.013,4.013,0.0
2022-10-26,4.032,4.032,4.032,4.032,1.0
2022-10-27,4.025,4.025,4.025,4.025,2.0
2022-10-28,4.021,4.021,4.021,4.021,0.0
2022-10-31,4.045,4.045,4.045,4.045,2.0
2022-11-01,4.01,4.01,4.01,4.01,0.0
2022-11-02,4.049,4.049,4.049,4.049,0.0
2022-11-03,4.068,4.068,4.068,4.068,0.0
2022-11-04,4.165,4.165,4.165,4.165,0.0
2022-11-07,4.155,4.155,4.155,4.155,13.0
2022-11-08,4.126,4.126,4.126,4.126,0.0
2022-11-09,4.14,4.14,4.14,4.14,2.0
2022-11-10,4.14,4.14,4.14,4.14,2.0
2022-11-11,4.143,4.143,4.143,4.143,17.0
2022-11-14,4.112,4.112,4.112,4.112,0.0
2022-11-15,4.136,4.136,4.136,4.136,1.0
2022-11-16,4.155,4.155,4.155,4.155,0.0
2022-11-17,4.143,4.143,4.143,4.143,24.0
2022-11-18,4.13,4.13,4.13,4.13,15.0
2022-11-21,4.092,4.092,4.092,4.092,10.0
2022-11-22,4.097,4.097,4.097,4.097,25.0
2022-11-23,4.089,4.089,4.089,4.089,0.0
2022-11-25,4.083,4.083,4.083,4.083,0.0
2022-11-28,4.022,4.022,4.022,4.022,9.0
2022-11-29,4.059,4.059,4.059,4.059,0.0
2022-11-30,4.073,4.073,4.073,4.073,0.0
2022-12-01,4.078,4.078,4.078,4.078,0.0
2022-12-02,4.065,4.065,4.065,4.065,1.0
2022-12-05,4.056,4.056,4.056,4.056,0.0
2022-12-06,4.079,4.079,4.079,4.079,13.0
2022-12-07,4.084,4.084,4.084,4.084,15.0
2022-12-08,4.133,4.133,4.133,4.133,1.0
2022-12-09,4.137,4.137,4.137,4.137,0.0
2022-12-12,4.159,4.159,4.159,4.159,0.0
2022-12-13,4.147,4.147,4.147,4.147,0.0
2022-12-14,4.145,4.145,4.145,4.145,15.0
2022-12-15,4.169,4.169,4.169,4.169,25.0
2022-12-16,4.195,4.195,4.195,4.195,0.0
2022-12-19,4.235,4.235,4.235,4.235,40.0
2022-12-20,4.23,4.23,4.23,4.23,10.0
2022-12-21,4.122,4.122,4.122,4.122,5.0
2022-12-22,4.039,4.039,4.039,4.039,45.0
2022-12-23,4.037,4.037,4.037,4.037,0.0
2022-12-27,4.112,4.112,4.112,4.112,0.0
2022-12-28,4.053,4.053,4.053,4.053,7.0
2022-12-29,4.031,4.031,4.031,4.031,0.0
2022-12-30,4.046,4.046,4.046,4.046,0.0
2023-01-03,3.992,3.992,3.992,3.992,55.0
2023-01-04,3.995,3.995,3.995,3.995,0.0
2023-01-05,3.887,3.887,3.887,3.887,1.0
2023-01-06,3.831,3.831,3.831,3.831,0.0
2023-01-09,3.839,3.839,3.839,3.839,6.0
2023-01-10,3.846,3.846,3.846,3.846,1.0
2023-01-11,3.812,3.812,3.812,3.812,3.0
2023-01-12,3.811,3.811,3.811,3.811,0.0
2023-01-13,3.82,3.82,3.82,3.82,40.0
2023-01-17,3.836,3.836,3.836,3.836,0.0
2023-01-18,3.834,3.834,3.834,3.834,0.0
2023-01-19,3.831,3.831,3.831,3.831,0.0
2023-01-20,3.856,3.856,3.856,3.856,20.0
2023-01-23,3.867,3.867,3.867,3.867,0.0
2023-01-24,3.836,3.836,3.836,3.836,0.0
2023-01-25,3.779,3.779,3.779,3.779,0.0
2023-01-26,3.778,3.778,3.778,3.778,0.0
2023-01-27,3.769,3.769,3.769,3.769,0.0
2023-01-30,3.69,3.69,3.69,3.69,0.0
2023-01-31,3.701,3.701,3.701,3.701,8.0
2023-02-01,3.612,3.612,3.612,3.612,46.0
2023-02-02,3.592,3.592,3.592,3.592,2.0
2023-02-03,3.548,3.548,3.548,3.548,0.0
2023-02-06,3.526,3.526,3.526,3.526,0.0
2023-02-07,3.622,3.622,3.622,3.622,20.0
2023-02-08,3.591,3.591,3.591,3.591,20.0
2023-02-09,3.543,3.543,3.543,3.543,21.0
2023-02-10,3.525,3.525,3.525,3.525,0.0
2023-02-13,3.468,3.468,3.468,3.468,11.0
2023-02-14,3.492,3.492,3.492,3.492,94.0
2023-02-15,3.477,3.477,3.477,3.477,0.0
2023-02-16,3.477,3.477,3.477,3.477,0.0
2023-02-17,3.44,3.44,3.44,3.44,50.0
2023-02-21,3.455,3.455,3.455,3.455,11.0
2023-02-22,3.455,3.455,3.455,3.455,53.0
2023-02-23,3.507,3.507,3.507,3.507,100.0
2023-02-24,3.557,3.557,3.557,3.557,2.0
2023-02-27,3.598,3.598,3.598,3.598,60.0
2023-02-28,3.646,3.646,3.646,3.646,0.0
2023-03-01,3.727,3.727,3.727,3.727,0.0
2023-03-02,3.735,3.735,3.735,3.735,10.0
2023-03-03,3.775,3.775,3.775,3.775,46.0
2023-03-06,3.819,3.819,3.819,3.819,0.0
2023-03-07,3.96,3.96,3.96,3.96,65.0
2023-03-08,3.948,3.948,3.948,3.948,73.0
2023-03-09,3.86,3.86,3.86,3.86,75.0
2023-03-10,3.9,3.939,3.9,3.939,109.0
2023-03-13,3.95,3.95,3.95,3.95,0.0
2023-03-14,4.001,4.001,4.001,4.001,10.0
2023-03-15,3.966,3.966,3.966,3.966,0.0
2023-03-16,4.008,4.008,4.008,4.008,14.0
2023-03-17,4.001,4.001,4.001,4.001,0.0
2023-03-20,3.927,3.927,3.927,3.927,0.0
2023-03-21,4.005,4.005,4.005,4.005,65.0
2023-03-22,3.944,3.944,3.944,3.944,0.0
2023-03-23,3.946,3.946,3.946,3.946,110.0
2023-03-24,3.915,3.915,3.915,3.915,12.0
2023-03-27,3.876,3.876,3.876,3.876,0.0
2023-03-28,3.814,3.814,3.814,3.814,564.0
2023-03-29,3.8,3.853,3.8,3.853,400.0
2023-03-30,3.822,3.822,3.822,3.822,21.0
2023-03-31,3.835,3.835,3.835,3.835,0.0
2023-04-03,3.8,3.8,3.8,3.8,0.0
2023-04-04,3.838,3.838,3.838,3.838,30.0
2023-04-05,3.794,3.794,3.794,3.794,132.0
2023-04-06,3.75,3.75,3.75,3.75,1.0
2023-04-10,3.829,3.829,3.829,3.829,1.0
2023-04-11,3.83,3.839,3.83,3.839,30.0
2023-04-12,3.77,3.77,3.765,3.765,25.0
2023-04-13,3.733,3.733,3.733,3.733,0.0
2023-04-14,3.72,3.753,3.72,3.753,17.0
2023-04-17,3.833,3.833,3.833,3.833,8.0
2023-04-18,3.831,3.831,3.831,3.831,0.0
2023-04-19,3.836,3.836,3.836,3.836,0.0
2023-04-20,3.82,3.868,3.82,3.868,3.0
2023-04-21,3.88,3.88,3.875,3.875,25.0
2023-04-24,3.925,3.925,3.925,3.925,0.0
2023-04-25,3.903,3.903,3.903,3.903,0.0
2023-04-26,3.9,3.9,3.881,3.881,26.0
2023-04-27,3.875,3.885,3.875,3.885,1.0
2023-04-28,3.904,3.904,3.904,3.904,0.0
2023-05-01,3.858,3.858,3.858,3.858,1.0
2023-05-02,3.842,3.842,3.842,3.842,0.0
2023-05-03,3.824,3.824,3.824,3.824,0.0
2023-05-04,3.839,3.839,3.839,3.839,0.0
2023-05-05,3.848,3.848,3.848,3.848,0.0
2023-05-08,3.8,3.816,3.8,3.816,1.0
2023-05-09,3.79,3.814,3.778,3.814,37.0
2023-05-10,3.76,3.806,3.76,3.806,8.0
2023-05-11,3.796,3.796,3.796,3.796,5.0
2023-05-12,3.786,3.786,3.786,3.786,0.0
2023-05-15,3.79,3.79,3.79,3.79,0.0
2023-05-16,3.775,3.775,3.775,3.775,6.0
2023-05-17,3.75,3.75,3.744,3.744,1.0
2023-05-18,3.76,3.76,3.76,3.76,0.0
2023-05-19,3.7,3.725,3.685,3.708,329.0
2023-05-22,3.665,3.665,3.665,3.665,0.0
2023-05-23,3.64,3.64,3.64,3.64,5.0
2023-05-24,3.645,3.695,3.645,3.695,1.0
2023-05-25,3.667,3.667,3.667,3.667,0.0
2023-05-26,3.73,3.73,3.695,3.695,1.0
2023-05-30,3.655,3.655,3.655,3.655,0.0
2023-05-31,3.62,3.62,3.62,3.62,0.0
2023-06-01,3.523,3.523,3.523,3.523,200.0
2023-06-02,3.563,3.563,3.563,3.563,0.0
2023-06-05,3.58,3.583,3.58,3.583,15.0
2023-06-06,3.569,3.569,3.569,3.569,0.0
2023-06-07,3.574,3.574,3.574,3.574,0.0
2023-06-08,3.54,3.559,3.54,3.559,98.0
2023-06-09,3.543,3.543,3.543,3.543,0.0
2023-06-12,3.49,3.54,3.49,3.54,102.0
2023-06-13,3.585,3.585,3.544,3.544,1.0
2023-06-14,3.587,3.587,3.587,3.587,0.0
2023-06-15,3.58,3.6,3.57,3.6,10.0
2023-06-16,3.573,3.573,3.573,3.573,0.0
2023-06-20,3.59,3.59,3.561,3.561,1.0
2023-06-21,3.616,3.616,3.616,3.616,0.0
2023-06-22,3.64,3.64,3.634,3.634,1.0
2023-06-23,3.625,3.625,3.601,3.601,12.0
2023-06-26,3.583,3.583,3.583,3.583,6.0
2023-06-27,3.554,3.554,3.554,3.554,110.0
2023-06-28,3.523,3.523,3.523,3.523,0.0
2023-06-29,3.487,3.487,3.487,3.487,0.0
2023-06-30,3.504,3.504,3.504,3.504,0.0
2023-07-03,3.505,3.505,3.505,3.505,0.0
2023-07-05,3.5,3.5,3.478,3.478,1.0
2023-07-06,3.495,3.495,3.495,3.495,5.0
2023-07-07,3.505,3.505,3.505,3.505,0.0
2023-07-10,3.515,3.515,3.515,3.515,0.0
2023-07-11,3.515,3.523,3.51,3.523,7.0
2023-07-12,3.521,3.521,3.521,3.521,0.0
2023-07-13,3.521,3.521,3.488,3.488,1.0
2023-07-14,3.45,3.518,3.45,3.518,17.0
2023-07-17,3.505,3.505,3.505,3.505,25.0
2023-07-18,3.53,3.536,3.53,3.536,60.0
2023-07-19,3.54,3.54,3.527,3.527,1.0
2023-07-20,3.548,3.548,3.548,3.548,0.0
2023-07-21,3.57,3.57,3.57,3.57,1.0
2023-07-24,3.604,3.604,3.604,3.604,2.0
2023-07-25,3.618,3.618,3.618,3.618,0.0
2023-07-26,3.62,3.621,3.6,3.621,123.0
2023-07-27,3.608,3.608,3.608,3.608,0.0
2023-07-28,3.617,3.617,3.617,3.617,1.0
2023-07-31,3.602,3.602,3.602,3.602,0.0
2023-08-01,3.586,3.586,3.586,3.586,1.0
2023-08-02,3.587,3.587,3.587,3.587,25.0
2023-08-03,3.571,3.571,3.571,3.571,0.0
2023-08-04,3.559,3.559,3.559,3.559,0.0
2023-08-07,3.608,3.608,3.608,3.608,0.0
2023-08-08,3.599,3.599,3.599,3.599,0.0
2023-08-09,3.561,3.561,3.561,3.561,0.0
2023-08-10,3.546,3.546,3.546,3.546,0.0
2023-08-11,3.586,3.586,3.586,3.586,0.0
2023-08-14,3.587,3.587,3.587,3.587,0.0
2023-08-15,3.566,3.566,3.566,3.566,30.0
2023-08-16,3.576,3.576,3.576,3.576,207.0
2023-08-17,3.581,3.581,3.581,3.581,20.0
2023-08-18,3.558,3.558,3.558,3.558,0.0
2023-08-21,3.578,3.578,3.578,3.578,7.0
2023-08-22,3.554,3.554,3.554,3.554,0.0
2023-08-23,3.54,3.559,3.54,3.559,1.0
2023-08-24,3.518,3.518,3.518,3.518,0.0
2023-08-25,3.523,3.523,3.523,3.523,7.0
2023-08-28,3.523,3.523,3.52,3.52,8.0
2023-08-29,3.491,3.491,3.491,3.491,0.0
2023-08-30,3.534,3.534,3.534,3.534,120.0
2023-08-31,3.538,3.538,3.538,3.538,263.0
2023-09-01,3.53,3.53,3.53,3.53,0.0
2023-09-05,3.495,3.495,3.495,3.495,7.0
2023-09-06,3.494,3.494,3.494,3.494,15.0
2023-09-07,3.477,3.477,3.477,3.477,10.0
2023-09-08,3.478,3.478,3.478,3.478,0.0
2023-09-11,3.44,3.44,3.428,3.428,52.0
2023-09-12,3.481,3.481,3.481,3.481,116.0
2023-09-13,3.47,3.504,3.47,3.504,119.0
2023-09-14,3.506,3.506,3.506,3.506,260.0
2023-09-15,3.46,3.464,3.45,3.452,52.0
2023-09-18,3.475,3.475,3.47,3.475,232.0
2023-09-19,3.47,3.47,3.47,3.47,40.0
2023-09-20,3.485,3.485,3.48,3.48,42.0
2023-09-21,3.5,3.5,3.492,3.492,150.0
2023-09-22,3.529,3.529,3.529,3.529,5.0
2023-09-25,3.524,3.524,3.493,3.493,1.0
2023-09-26,3.521,3.521,3.521,3.521,26.0
2023-09-27,3.515,3.536,3.515,3.536,13.0
2023-09-28,3.527,3.527,3.527,3.527,0.0
2023-09-29,3.524,3.524,3.524,3.524,146.0
2023-10-02,3.502,3.502,3.502,3.502,75.0
2023-10-03,3.532,3.532,3.532,3.532,20.0
2023-10-04,3.502,3.502,3.502,3.502,22.0
2023-10-05,3.527,3.527,3.516,3.516,31.0
2023-10-06,3.518,3.518,3.518,3.518,28.0
2023-10-09,3.529,3.529,3.529,3.529,10.0
2023-10-10,3.553,3.553,3.553,3.553,57.0
2023-10-11,3.585,3.585,3.585,3.585,23.0
2023-10-12,3.601,3.615,3.601,3.615,220.0
2023-10-13,3.615,3.615,3.615,3.615,0.0
2023-10-16,3.605,3.605,3.605,3.605,0.0
2023-10-17,3.607,3.607,3.607,3.607,182.0
2023-10-18,3.597,3.597,3.597,3.597,10.0
2023-10-19,3.598,3.598,3.598,3.598,10.0
2023-10-20,3.604,3.604,3.604,3.604,0.0
2023-10-23,3.608,3.608,3.608,3.608,0.0
2023-10-24,3.593,3.593,3.593,3.593,0.0
2023-10-25,3.603,3.603,3.603,3.603,12.0
2023-10-26,3.605,3.605,3.592,3.592,8.0
2023-10-27,3.571,3.571,3.571,3.571,183.0
2023-10-30,3.597,3.597,3.597,3.597,202.0
2023-10-31,3.575,3.575,3.575,3.575,148.0
2023-11-01,3.648,3.648,3.631,3.631,134.0
2023-11-02,3.646,3.688,3.646,3.688,32.0
2023-11-03,3.692,3.692,3.692,3.692,80.0
2023-11-06,3.712,3.715,3.709,3.709,754.0
2023-11-07,3.709,3.709,3.709,3.709,95.0
2023-11-08,3.68,3.68,3.66,3.66,526.0
2023-11-09,3.67,3.67,3.603,3.651,1189.0
2023-11-10,3.63,3.633,3.63,3.633,100.0
2023-11-13,3.66,3.666,3.655,3.663,1429.0
2023-11-14,3.66,3.66,3.66,3.66,109.0
2023-11-15,3.71,3.71,3.68,3.68,75.0
2023-11-16,3.665,3.665,3.665,3.665,6.0
2023-11-17,3.64,3.641,3.64,3.641,108.0
2023-11-20,3.621,3.621,3.608,3.608,284.0
2023-11-21,3.561,3.561,3.561,3.561,8.0
2023-11-22,3.576,3.576,3.576,3.576,271.0
2023-11-24,3.614,3.623,3.613,3.623,67.0
2023-11-27,3.613,3.63,3.613,3.626,148.0
2023-11-28,3.577,3.58,3.577,3.58,940.0
2023-11-29,3.566,3.566,3.566,3.566,55.0
2023-11-30,3.54,3.54,3.54,3.54,948.0
2023-12-01,3.56,3.561,3.552,3.561,41.0
2023-12-04,3.497,3.515,3.495,3.515,157.0
2023-12-05,3.507,3.533,3.507,3.521,195.0
2023-12-06,3.36,3.36,3.338,3.358,194.0
2023-12-07,3.337,3.344,3.3,3.344,1224.0
2023-12-08,3.335,3.335,3.277,3.28,2373.0
2023-12-11,3.246,3.246,3.22,3.236,1682.0
2023-12-12,3.226,3.238,3.225,3.238,320.0
2023-12-13,3.23,3.3,3.23,3.274,1078.0
2023-12-14,3.331,3.331,3.331,3.331,60.0
2023-12-15,3.4,3.4,3.372,3.391,981.0
2023-12-18,3.391,3.391,3.386,3.386,145.0
2023-12-19,3.341,3.341,3.341,3.341,554.0
2023-12-20,3.358,3.358,3.358,3.358,142.0
2023-12-21,3.391,3.391,3.391,3.391,101.0
2023-12-22,3.297,3.297,3.297,3.297,578.0
2023-12-26,3.272,3.272,3.272,3.272,299.0
2023-12-27,3.28,3.299,3.28,3.299,91.0
2023-12-28,3.338,3.338,3.338,3.338,695.0
2023-12-29,3.362,3.362,3.362,3.362,794.0
2024-01-02,3.38,3.38,3.379,3.379,49.0
2024-01-03,3.384,3.384,3.384,3.384,206.0
2024-01-04,3.395,3.424,3.395,3.411,410.0
2024-01-05,3.42,3.443,3.42,3.443,1390.0
2024-01-08,3.44,3.471,3.439,3.471,913.0
2024-01-09,3.491,3.491,3.46,3.46,218.0
2024-01-10,3.43,3.43,3.43,3.43,189.0
2024-01-11,3.412,3.412,3.412,3.412,45.0
2024-01-12,3.44,3.44,3.389,3.399,32.0
2024-01-16,3.395,3.395,3.37,3.378,219.0
2024-01-17,3.405,3.424,3.38,3.424,71.0
2024-01-18,3.415,3.415,3.405,3.405,8.0
2024-01-19,3.349,3.349,3.349,3.349,28.0
2024-01-22,3.321,3.321,3.321,3.321,32.0
2024-01-23,3.37,3.39,3.37,3.38,56.0
2024-01-24,3.397,3.4,3.366,3.366,701.0
2024-01-25,3.34,3.343,3.296,3.296,185.0
2024-01-26,3.296,3.315,3.296,3.315,35.0
2024-01-29,3.26,3.26,3.26,3.26,0.0
2024-01-30,3.265,3.265,3.265,3.265,8.0
2024-01-31,3.29,3.29,3.259,3.259,403.0
2024-02-01,3.249,3.249,3.249,3.249,277.0
2024-02-02,3.252,3.29,3.252,3.28,29.0
2024-02-05,3.276,3.276,3.276,3.276,251.0
2024-02-06,3.265,3.276,3.265,3.269,382.0
2024-02-07,3.273,3.273,3.273,3.273,241.0
2024-02-08,3.265,3.283,3.247,3.271,449.0
2024-02-09,3.286,3.286,3.286,3.286,80.0
2024-02-12,3.29,3.29,3.276,3.278,140.0
2024-02-13,3.275,3.275,3.271,3.272,318.0
2024-02-14,3.201,3.21,3.2,3.21,314.0
2024-02-15,3.22,3.22,3.153,3.165,94.0
2024-02-16,3.126,3.144,3.126,3.138,7.0
2024-02-20,3.147,3.226,3.134,3.169,34.0
2024-02-21,3.2,3.244,3.2,3.236,1159.0
2024-02-22,3.272,3.272,3.272,3.272,58.0
2024-02-23,3.237,3.237,3.237,3.237,395.0
2024-02-26,3.263,3.268,3.256,3.268,2644.0
2024-02-27,3.32,3.32,3.285,3.292,492.0
2024-02-28,3.313,3.313,3.313,3.313,124.0
2024-02-29,3.312,3.319,3.308,3.31,241.0
2024-03-01,3.296,3.296,3.296,3.296,5.0
2024-03-04,3.322,3.322,3.315,3.315,1.0
2024-03-05,3.324,3.324,3.324,3.324,307.0
2024-03-06,3.324,3.324,3.32,3.32,492.0
2024-03-07,3.304,3.304,3.304,3.304,137.0
2024-03-08,3.29,3.29,3.29,3.29,23.0
2024-03-11,3.302,3.302,3.296,3.296,142.0
2024-03-12,3.298,3.298,3.298,3.298,27.0
2024-03-13,3.3,3.3,3.3,3.3,9.0
2024-03-14,3.299,3.311,3.299,3.311,92.0
2024-03-15,3.288,3.288,3.288,3.288,1.0
2024-03-18,3.298,3.332,3.298,3.332,25.0
2024-03-19,3.343,3.345,3.328,3.334,344.0
2024-03-20,3.319,3.319,3.312,3.312,401.0
2024-03-21,3.305,3.305,3.294,3.294,98.0
2024-03-22,3.281,3.281,3.281,3.281,30.0
2024-03-25,3.273,3.273,3.265,3.273,11.0
2024-03-26,3.266,3.304,3.266,3.304,113.0
2024-03-27,3.29,3.295,3.29,3.294,85.0
2024-03-28,3.304,3.315,3.304,3.315,150.0
2024-04-01,3.331,3.341,3.32,3.341,98.0
2024-04-02,3.325,3.365,3.32,3.349,208.0
2024-04-03,3.366,3.391,3.33,3.342,316.0
2024-04-04,3.312,3.345,3.312,3.326,140.0
2024-04-05,3.314,3.338,3.312,3.322,423.0
2024-04-08,3.33,3.342,3.325,3.342,101.0
2024-04-09,3.365,3.365,3.325,3.34,689.0
2024-04-10,3.344,3.348,3.331,3.337,954.0
2024-04-11,3.338,3.385,3.338,3.376,274.0
2024-04-12,3.369,3.435,3.369,3.435,447.0
2024-04-15,3.418,3.456,3.417,3.456,623.0
2024-04-16,3.458,3.472,3.443,3.472,1081.0
2024-04-17,3.439,3.457,3.439,3.442,488.0
2024-04-18,3.458,3.458,3.419,3.439,118.0
2024-04-19,3.437,3.445,3.418,3.429,200.0
2024-04-22,3.424,3.446,3.424,3.445,41.0
2024-04-23,3.464,3.47,3.445,3.457,218.0
2024-04-24,3.461,3.479,3.454,3.478,198.0
2024-04-25,3.462,3.479,3.458,3.466,784.0
2024-04-26,3.476,3.476,3.465,3.473,261.0
2024-04-29,3.502,3.502,3.466,3.482,377.0
2024-04-30,3.488,3.488,3.459,3.47,1182.0
2024-05-01,3.451,3.459,3.45,3.459,215.0
2024-05-02,3.447,3.466,3.433,3.456,590.0
2024-05-03,3.457,3.457,3.421,3.436,369.0
2024-05-06,3.437,3.45,3.437,3.437,442.0
2024-05-07,3.454,3.454,3.38,3.397,842.0
2024-05-08,3.396,3.396,3.343,3.348,164.0
2024-05-09,3.323,3.323,3.295,3.306,1319.0
2024-05-10,3.348,3.348,3.318,3.34,429.0
2024-05-13,3.348,3.37,3.338,3.363,582.0
2024-05-14,3.392,3.397,3.359,3.373,1064.0
2024-05-15,3.396,3.409,3.394,3.4,727.0
2024-05-16,3.412,3.448,3.408,3.434,700.0
2024-05-17,3.464,3.47,3.439,3.444,1081.0
2024-05-20,3.461,3.481,3.46,3.479,1470.0
2024-05-21,3.46,3.465,3.442,3.454,746.0
2024-05-22,3.441,3.48,3.428,3.48,3759.0
2024-05-23,3.49,3.498,3.444,3.456,1708.0
2024-05-24,3.444,3.457,3.399,3.412,493.0
2024-05-28,3.393,3.415,3.382,3.397,450.0
2024-05-29,3.377,3.377,3.339,3.349,350.0
2024-05-30,3.329,3.335,3.321,3.322,189.0
2024-05-31,3.314,3.325,3.31,3.318,879.0
2024-06-03,3.34,3.36,3.315,3.339,407.0
2024-06-04,3.344,3.35,3.314,3.326,789.0
2024-06-05,3.345,3.38,3.345,3.376,276.0
2024-06-06,3.365,3.379,3.358,3.37,1741.0
2024-06-07,3.38,3.394,3.375,3.385,2677.0
2024-06-10,3.412,3.427,3.388,3.401,417.0
2024-06-11,3.408,3.454,3.408,3.45,3477.0
2024-06-12,3.435,3.443,3.389,3.418,1775.0
2024-06-13,3.425,3.425,3.36,3.387,380.0
2024-06-14,3.364,3.394,3.354,3.382,1633.0
2024-06-17,3.366,3.387,3.354,3.385,1129.0
2024-06-18,3.405,3.42,3.376,3.416,827.0
2024-06-20,3.426,3.426,3.364,3.382,654.0
2024-06-21,3.382,3.382,3.345,3.357,727.0
2024-06-24,3.334,3.37,3.33,3.363,2792.0
2024-06-25,3.348,3.357,3.33,3.342,338.0
2024-06-26,3.316,3.342,3.306,3.339,744.0
2024-06-27,3.325,3.335,3.274,3.276,652.0
2024-06-28,3.277,3.291,3.268,3.29,843.0
2024-07-01,3.26,3.283,3.26,3.274,498.0
2024-07-02,3.268,3.281,3.26,3.26,909.0
2024-07-03,3.25,3.26,3.245,3.251,334.0
2024-07-05,3.253,3.258,3.22,3.237,207.0
2024-07-08,3.239,3.255,3.236,3.255,54.0
2024-07-09,3.251,3.269,3.246,3.251,128.0
2024-07-10,3.239,3.239,3.216,3.235,1135.0
2024-07-11,3.223,3.223,3.196,3.205,751.0
2024-07-12,3.204,3.214,3.198,3.198,877.0
2024-07-15,3.16,3.193,3.158,3.184,1694.0
2024-07-16,3.157,3.202,3.151,3.183,1948.0
2024-07-17,3.164,3.167,3.121,3.121,1849.0
2024-07-18,3.123,3.147,3.105,3.141,1362.0
2024-07-19,3.137,3.179,3.13,3.177,1347.0
2024-07-22,3.196,3.221,3.196,3.219,1881.0
2024-07-23,3.199,3.226,3.18,3.198,655.0
2024-07-24,3.155,3.186,3.148,3.169,1525.0
2024-07-25,3.138,3.158,3.113,3.118,326.0
2024-07-26,3.085,3.125,3.084,3.122,774.0
2024-07-29,3.101,3.115,3.071,3.091,425.0
2024-07-30,3.073,3.094,3.05,3.094,1518.0
2024-07-31,3.091,3.092,3.073,3.092,1682.0
2024-08-01,3.077,3.097,3.058,3.061,1273.0
2024-08-02,3.066,3.073,3.049,3.064,819.0
2024-08-05,3.02,3.049,3.015,3.026,1481.0
2024-08-06,3.016,3.035,3.002,3.017,1397.0
2024-08-07,3.059,3.067,3.04,3.063,1158.0
2024-08-08,3.061,3.123,3.051,3.114,2168.0
2024-08-09,3.123,3.136,3.104,3.136,1775.0
2024-08-12,3.157,3.158,3.114,3.139,320.0
2024-08-13,3.13,3.149,3.088,3.093,1774.0
2024-08-14,3.094,3.142,3.082,3.135,1676.0
2024-08-15,3.129,3.143,3.122,3.129,1336.0
2024-08-16,3.095,3.101,3.063,3.069,1221.0
2024-08-19,3.056,3.101,3.056,3.094,1424.0
2024-08-20,3.103,3.14,3.081,3.137,1322.0
2024-08-21,3.138,3.168,3.129,3.155,865.0
2024-08-22,3.147,3.163,3.11,3.15,2120.0
2024-08-23,3.136,3.147,3.11,3.142,2052.0
2024-08-26,3.108,3.146,3.099,3.133,999.0
2024-08-27,3.117,3.134,3.11,3.128,2140.0
2024-08-28,3.093,3.145,3.092,3.123,1525.0
2024-08-29,3.098,3.11,3.066,3.104,2017.0
2024-08-30,3.085,3.096,3.075,3.092,1010.0
2024-09-03,3.108,3.116,3.062,3.104,2219.0
2024-09-04,3.087,3.135,3.086,3.099,1054.0
2024-09-05,3.082,3.138,3.081,3.096,1455.0
2024-09-06,3.096,3.103,3.07,3.091,1673.0
2024-09-09,3.065,3.109,3.065,3.087,742.0
2024-09-10,3.079,3.116,3.069,3.079,2197.0
2024-09-11,3.088,3.105,3.077,3.092,1820.0
2024-09-12,3.096,3.113,3.081,3.099,2738.0
2024-09-13,3.107,3.117,3.079,3.09,2447.0
2024-09-16,3.085,3.114,3.075,3.105,809.0
2024-09-17,3.105,3.128,3.084,3.106,1925.0
2024-09-18,3.112,3.134,3.099,3.104,1703.0
2024-09-19,3.111,3.125,3.094,3.125,569.0
2024-09-20,3.114,3.178,3.11,3.17,1842.0
2024-09-23,3.172,3.212,3.15,3.157,3644.0
2024-09-24,3.18,3.18,3.134,3.153,1210.0
2024-09-25,3.159,3.188,3.159,3.185,1610.0
2024-09-26,3.177,3.208,3.169,3.196,3249.0
2024-09-27,3.191,3.242,3.165,3.23,2422.0
2024-09-30,3.211,3.241,3.204,3.224,1426.0
2024-10-01,3.219,3.225,3.195,3.209,634.0
2024-10-02,3.222,3.234,3.191,3.216,1953.0
2024-10-03,3.233,3.243,3.224,3.232,2174.0
2024-10-04,3.241,3.248,3.227,3.239,2539.0
2024-10-07,3.235,3.254,3.225,3.232,2470.0
2024-10-08,3.229,3.235,3.191,3.221,1643.0
2024-10-09,3.188,3.198,3.165,3.183,1670.0
2024-10-10,3.165,3.183,3.125,3.183,1648.0
2024-10-11,3.181,3.181,3.13,3.149,1742.0
2024-10-14,3.114,3.116,3.089,3.104,2804.0
2024-10-15,3.08,3.148,3.067,3.133,1879.0
2024-10-16,3.115,3.126,3.086,3.103,3016.0
2024-10-17,3.08,3.127,3.064,3.11,3456.0
2024-10-18,3.091,3.092,3.072,3.08,2121.0
2024-10-21,3.069,3.128,3.051,3.096,2073.0
2024-10-22,3.109,3.152,3.097,3.136,2683.0
2024-10-23,3.127,3.166,3.103,3.145,4138.0
2024-10-24,3.159,3.174,3.13,3.164,2111.0
2024-10-25,3.156,3.192,3.15,3.18,1458.0
2024-10-28,3.157,3.157,3.1,3.138,3902.0
2024-10-29,3.125,3.195,3.108,3.143,2711.0
2024-10-30,3.178,3.201,3.145,3.185,3300.0
2024-10-31,3.187,3.188,3.15,3.162,1967.0
2024-11-01,3.148,3.166,3.136,3.162,2175.0
2024-11-04,3.15,3.189,3.14,3.173,2146.0
2024-11-05,3.16,3.185,3.132,3.143,1377.0
2024-11-06,3.131,3.195,3.12,3.169,3580.0
2024-11-07,3.142,3.167,3.122,3.149,3052.0
2024-11-08,3.139,3.159,3.123,3.142,2969.0
2024-11-11,3.161,3.206,3.161,3.181,4015.0
2024-11-12,3.193,3.201,3.154,3.178,3591.0
2024-11-13,3.178,3.225,3.157,3.213,4549.0
2024-11-14,3.189,3.229,3.188,3.197,2707.0
2024-11-15,3.198,3.231,3.188,3.221,2690.0
2024-11-18,3.259,3.26,3.207,3.243,3482.0
2024-11-19,3.241,3.282,3.219,3.259,3986.0
2024-11-20,3.272,3.304,3.234,3.296,4509.0
2024-11-21,3.294,3.371,3.275,3.327,6190.0
2024-11-22,3.362,3.368,3.27,3.321,3005.0
2024-11-25,3.39,3.39,3.346,3.377,4634.0
2024-11-26,3.361,3.405,3.343,3.388,7220.0
2024-11-27,3.351,3.361,3.317,3.324,4468.0
2024-11-29,3.349,3.391,3.314,3.366,3559.0
2024-12-02,3.314,3.368,3.313,3.358,3857.0
2024-12-03,3.367,3.386,3.297,3.306,4699.0
2024-12-04,3.285,3.362,3.285,3.35,4219.0
2024-12-05,3.359,3.377,3.338,3.36,1882.0
2024-12-06,3.334,3.377,3.33,3.375,5835.0
2024-12-09,3.433,3.433,3.358,3.372,4133.0
2024-12-10,3.34,3.367,3.319,3.362,5987.0
2024-12-11,3.355,3.396,3.343,3.384,5857.0
2024-12-12,3.362,3.4,3.346,3.385,6526.0
2024-12-13,3.383,3.399,3.337,3.352,4784.0
2024-12-16,3.333,3.357,3.317,3.329,2583.0
2024-12-17,3.318,3.352,3.312,3.341,6709.0
2024-12-18,3.328,3.363,3.313,3.329,3880.0
2024-12-19,3.35,3.384,3.339,3.362,4785.0
2024-12-20,3.369,3.405,3.344,3.386,5731.0
2024-12-23,3.377,3.41,3.352,3.398,3857.0
2024-12-24,3.393,3.423,3.373,3.419,4570.0
2024-12-26,3.398,3.429,3.383,3.4,3558.0
2024-12-27,3.43,3.454,3.411,3.451,2637.0
2024-12-30,3.52,3.522,3.447,3.484,5213.0
2024-12-31,3.482,3.484,3.394,3.437,5584.0
2025-01-02,3.448,3.502,3.417,3.444,7365.0
2025-01-03,3.43,3.452,3.372,3.392,6292.0
2025-01-06,3.389,3.459,3.389,3.409,12338.0
2025-01-07,3.421,3.46,3.376,3.384,8886.0
2025-01-08,3.415,3.455,3.414,3.419,6554.0
2025-01-09,3.41,3.484,3.387,3.427,12221.0
2025-01-10,3.421,3.482,3.421,3.462,10797.0
2025-01-13,3.529,3.529,3.483,3.496,6404.0
2025-01-14,3.454,3.522,3.454,3.512,8071.0
2025-01-15,3.492,3.562,3.482,3.548,10563.0
2025-01-16,3.528,3.652,3.515,3.638,13958.0
2025-01-17,3.528,3.605,3.528,3.556,12072.0
2025-01-21,3.54,3.556,3.511,3.524,4752.0
2025-01-22,3.517,3.628,3.508,3.609,8419.0
2025-01-23,3.635,3.65,3.568,3.619,5362.0
2025-01-24,3.635,3.635,3.565,3.63,5756.0
2025-01-27,3.581,3.581,3.463,3.53,6896.0
2025-01-28,3.499,3.505,3.447,3.455,7794.0
2025-01-29,3.442,3.53,3.429,3.515,14480.0
2025-01-30,3.524,3.553,3.405,3.413,13470.0
2025-01-31,3.405,3.455,3.377,3.424,6703.0
2025-02-03,3.523,3.553,3.492,3.527,8000.0
2025-02-04,3.51,3.525,3.465,3.501,5607.0
2025-02-05,3.473,3.54,3.445,3.514,5647.0
2025-02-06,3.484,3.55,3.484,3.525,5555.0
2025-02-07,3.519,3.541,3.483,3.499,4201.0
2025-02-10,3.521,3.608,3.521,3.592,9164.0
2025-02-11,3.579,3.658,3.579,3.646,8506.0
2025-02-12,3.634,3.668,3.613,3.665,8908.0
2025-02-13,3.694,3.721,3.64,3.691,14043.0
2025-02-14,3.701,3.756,3.688,3.715,8362.0
2025-02-18,3.68,3.843,3.613,3.843,16612.0
2025-02-19,3.79,3.906,3.778,3.876,22096.0
2025-02-20,3.88,3.913,3.755,3.764,10013.0
2025-02-21,3.794,3.828,3.749,3.774,18177.0
2025-02-24,3.714,3.764,3.693,3.742,7088.0
2025-02-25,3.73,3.78,3.725,3.778,10844.0
2025-02-26,3.755,3.792,3.659,3.678,13548.0
2025-02-27,3.681,3.703,3.635,3.649,8602.0
2025-02-28,3.649,3.678,3.629,3.664,8703.0
2025-03-03,3.642,3.76,3.64,3.749,18982.0
2025-03-04,3.733,3.843,3.678,3.792,24534.0
2025-03-05,3.814,3.861,3.758,3.853,15687.0
2025-03-06,3.842,3.854,3.772,3.788,12453.0
2025-03-07,3.784,3.946,3.749,3.928,17817.0
2025-03-10,3.978,4.26,3.964,3.994,13389.0
2025-03-11,3.982,4.06,3.974,4.041,11249.0
2025-03-12,3.977,4.0,3.903,3.932,13523.0
2025-03-13,3.927,4.017,3.875,3.994,12088.0
2025-03-14,3.973,4.065,3.939,4.025,13589.0
2025-03-17,4.044,4.061,3.986,4.013,10551.0
2025-03-18,4.014,4.039,3.975,3.995,10155.0
2025-03-19,4.008,4.063,3.994,4.058,11537.0
2025-03-20,4.033,4.06,3.946,3.953,12085.0
2025-03-21,3.936,3.983,3.905,3.932,7856.0
2025-03-24,3.9,3.97,3.887,3.935,9018.0
2025-03-25,3.93,3.975,3.902,3.935,8585.0
2025-03-26,3.939,3.979,3.92,3.936,7332.0
2025-03-27,3.931,3.985,3.88,3.967,11813.0
2025-03-28,3.943,3.99,3.921,3.969,13582.0
2025-03-31,3.994,4.043,3.987,4.003,10504.0
2025-04-01,3.981,4.017,3.943,3.945,13068.0
2025-04-02,3.971,4.016,3.944,3.99,13849.0
2025-04-03,3.97,4.026,3.943,3.986,15196.0
2025-04-04,3.959,3.985,3.785,3.821,18720.0
2025-04-07,3.764,3.836,3.655,3.694,20962.0
2025-04-08,3.718,3.769,3.586,3.608,32498.0
2025-04-09,3.598,3.779,3.464,3.762,37002.0
2025-04-10,3.7,3.748,3.584,3.633,26067.0
2025-04-11,3.599,3.669,3.567,3.653,17348.0
2025-04-14,3.623,3.748,3.602,3.611,14454.0
2025-04-15,3.615,3.66,3.579,3.651,15776.0
2025-04-16,3.627,3.695,3.607,3.673,21525.0
2025-04-17,3.688,3.733,3.662,3.687,12153.0
2025-04-21,3.654,3.725,3.567,3.572,19734.0
2025-04-22,3.582,3.626,3.569,3.573,22021.0
2025-04-23,3.6,3.645,3.564,3.601,20967.0
2025-04-24,3.593,3.629,3.559,3.622,18372.0
2025-04-25,3.615,3.664,3.585,3.617,19851.0
2025-04-28,3.627,3.731,3.576,3.705,16196.0
2025-04-29,3.727,3.77,3.714,3.756,12090.0
2025-04-30,3.752,3.824,3.732,3.798,16595.0
2025-05-01,3.809,3.901,3.807,3.881,19212.0
2025-05-02,3.85,3.97,3.849,3.945,15980.0
2025-05-05,3.99,4.051,3.951,3.956,19602.0
2025-05-06,3.969,4.021,3.914,3.94,18571.0
2025-05-07,3.992,4.002,3.915,3.922,18710.0
2025-05-08,3.915,3.951,3.868,3.897,14105.0
2025-05-09,3.926,3.966,3.889,3.962,18777.0
2025-05-12,3.968,3.989,3.92,3.934,13659.0
2025-05-13,3.929,4.002,3.924,3.98,11991.0
2025-05-14,3.966,3.974,3.902,3.927,10622.0
2025-05-15,3.907,3.957,3.886,3.895,13803.0
2025-05-16,3.91,3.928,3.867,3.908,9670.0
2025-05-19,3.871,3.871,3.708,3.723,27945.0
2025-05-20,3.728,3.884,3.728,3.878,17953.0
2025-05-21,3.853,3.954,3.846,3.896,11276.0
2025-05-22,3.911,3.922,3.848,3.881,7161.0
2025-05-23,3.902,3.957,3.867,3.954,9286.0
2025-05-27,3.957,3.989,3.898,3.945,9762.0
2025-05-28,3.946,3.967,3.83,3.848,15886.0
2025-05-29,3.852,3.866,3.766,3.821,17958.0
2025-05-30,3.833,3.85,3.782,3.808,12875.0
2025-06-02,3.84,3.932,3.835,3.916,10817.0
2025-06-03,3.937,3.962,3.885,3.955,10815.0
2025-06-04,3.948,3.997,3.932,3.989,13335.0
2025-06-05,3.981,4.015,3.929,3.975,13057.0
2025-06-06,3.969,4.053,3.968,4.027,14128.0
2025-06-09,3.97,4.007,3.923,3.975,14162.0
2025-06-10,3.97,3.995,3.909,3.939,14167.0
2025-06-11,3.93,3.975,3.877,3.909,14069.0
2025-06-12,3.925,3.965,3.875,3.88,11508.0
2025-06-13,3.906,3.95,3.874,3.912,10742.0
2025-06-16,3.968,3.983,3.935,3.972,10294.0
2025-06-17,3.981,4.044,3.969,4.028,19758.0
2025-06-18,4.033,4.1,4.024,4.068,21201.0
2025-06-20,4.07,4.132,4.022,4.049,24444.0
2025-06-23,4.062,4.089,3.971,3.997,12888.0
2025-06-24,3.966,3.991,3.923,3.94,18085.0
2025-06-25,3.933,3.968,3.91,3.918,9112.0
2025-06-26,3.908,3.935,3.866,3.923,16644.0
2025-06-27,3.917,3.994,3.915,3.98,13914.0
2025-06-30,3.949,3.959,3.798,3.817,26967.0
2025-07-01,3.829,3.833,3.654,3.793,19922.0
2025-07-02,3.781,3.833,3.741,3.815,13874.0
2025-07-03,3.828,3.878,3.737,3.752,23756.0
2025-07-07,3.715,3.819,3.664,3.789,15497.0
2025-07-08,3.774,3.833,3.765,3.777,12205.0
2025-07-09,3.777,3.786,3.665,3.731,22929.0
2025-07-10,3.711,3.83,3.703,3.811,14727.0
2025-07-11,3.82,3.86,3.792,3.846,10014.0
2025-07-14,3.87,3.94,3.868,3.905,15027.0
2025-07-15,3.886,3.939,3.874,3.927,10893.0
2025-07-16,3.929,3.946,3.9,3.922,10496.0
2025-07-17,3.917,3.936,3.855,3.887,10958.0
2025-07-18,3.865,3.901,3.76,3.859,16812.0
2025-07-21,3.764,3.796,3.687,3.727,24655.0
2025-07-22,3.723,3.725,3.659,3.715,26100.0
2025-07-23,3.706,3.713,3.614,3.624,23761.0
2025-07-24,3.626,3.661,3.611,3.633,20482.0
2025-07-25,3.63,3.654,3.579,3.604,10416.0
2025-07-28,3.585,3.605,3.486,3.531,25103.0
2025-07-29,3.551,3.592,3.538,3.573,16883.0
2025-07-30,3.588,3.609,3.509,3.554,16692.0
2025-07-31,3.546,3.6,3.502,3.585,20530.0
2025-08-01,3.569,3.596,3.55,3.584,9510.0
2025-08-04,3.552,3.574,3.472,3.501,21699.0
2025-08-05,3.498,3.546,3.491,3.522,11126.0
2025-08-06,3.526,3.575,3.481,3.565,15505.0
2025-08-07,3.562,3.597,3.534,3.563,11867.0
2025-08-08,3.577,3.59,3.483,3.502,14098.0
2025-08-11,3.458,3.524,3.44,3.506,15985.0
2025-08-12,3.516,3.522,3.416,3.439,27547.0
2025-08-13,3.421,3.455,3.4,3.423,23541.0
2025-08-14,3.429,3.436,3.368,3.399,21176.0
2025-08-15,3.393,3.472,3.381,3.441,16917.0
2025-08-18,3.421,3.456,3.397,3.439,12093.0
2025-08-19,3.436,3.436,3.362,3.376,21068.0
2025-08-20,3.385,3.394,3.352,3.375,16455.0
2025-08-21,3.393,3.427,3.366,3.408,18073.0
2025-08-22,3.415,3.417,3.35,3.361,16831.0
2025-08-25,3.35,3.352,3.301,3.338,12686.0
2025-08-26,3.334,3.384,3.306,3.361,22104.0
2025-08-27,3.373,3.438,3.363,3.412,21836.0
2025-08-28,3.396,3.479,3.384,3.448,23359.0
2025-08-29,3.46,3.502,3.434,3.487,19260.0
2025-09-02,3.472,3.521,3.425,3.471,21434.0
2025-09-03,3.463,3.531,3.451,3.493,14948.0
2025-09-04,3.494,3.52,3.464,3.5,13785.0
2025-09-05,3.5,3.519,3.435,3.452,13318.0
2025-09-08,3.474,3.516,3.451,3.487,16731.0
2025-09-09,3.478,3.523,3.452,3.512,18422.0
2025-09-10,3.506,3.517,3.462,3.497,13564.0
2025-09-11,3.503,3.515,3.465,3.48,16999.0
2025-09-12,3.467,3.487,3.438,3.444,16714.0
2025-09-15,3.464,3.489,3.425,3.485,14893.0
2025-09-16,3.431,3.534,3.423,3.524,15342.0
2025-09-17,3.534,3.567,3.52,3.544,15072.0
2025-09-18,3.53,3.549,3.47,3.483,18714.0
2025-09-19,3.477,3.513,3.455,3.464,15489.0
2025-09-22,3.461,3.491,3.405,3.408,17456.0
2025-09-23,3.401,3.414,3.362,3.398,16294.0
2025-09-24,3.4,3.416,3.362,3.4,13733.0
2025-09-25,3.422,3.473,3.403,3.45,22540.0
2025-09-26,3.463,3.49,3.425,3.473,16026.0
2025-09-29,3.445,3.512,3.437,3.501,20710.0
2025-09-30,3.504,3.547,3.484,3.49,21832.0
2025-10-01,3.514,3.622,3.499,3.612,33756.0
2025-10-02,3.61,3.722,3.586,3.655,37456.0
2025-10-03,3.65,3.683,3.618,3.633,33050.0
2025-10-06,3.662,3.722,3.614,3.635,21750.0
2025-10-07,3.637,3.724,3.609,3.697,26820.0
2025-10-08,3.717,3.723,3.612,3.619,26574.0
2025-10-09,3.608,3.632,3.553,3.572,31107.0
2025-10-10,3.564,3.564,3.483,3.498,29529.0
2025-10-13,3.495,3.521,3.46,3.506,26265.0
2025-10-14,3.489,3.493,3.428,3.439,25118.0
2025-10-15,3.428,3.451,3.397,3.437,30365.0
2025-10-16,3.444,3.466,3.382,3.392,31692.0
2025-10-17,3.389,3.478,3.366,3.474,24478.0
2025-10-20,3.536,3.648,3.531,3.641,53072.0
2025-10-21,3.625,3.684,3.574,3.667,35925.0
2025-10-22,3.648,3.696,3.61,3.626,27721.0
2025-10-23,3.626,3.675,3.576,3.6,37253.0
2025-10-24,3.572,3.614,3.522,3.574,26956.0
2025-10-27,3.639,3.639,3.527,3.597,28783.0
2025-10-28,3.575,3.59,3.484,3.508,43175.0
2025-10-29,3.509,3.532,3.454,3.504,29287.0
2025-10-30,3.488,3.643,3.479,3.573,30729.0
2025-10-31,3.649,3.679,3.59,3.661,41526.0
2025-11-03,3.68,3.738,3.629,3.733,42016.0
2025-11-04,3.721,3.808,3.687,3.763,52866.0
2025-11-05,3.745,3.762,3.673,3.686,37565.0
2025-11-06,3.683,3.749,3.634,3.712,45281.0
2025-11-07,3.74,3.757,3.67,3.705,35148.0
2025-11-10,3.774,3.806,3.643,3.692,39426.0
2025-11-11,3.71,3.811,3.666,3.801,52072.0
2025-11-12,3.781,3.83,3.757,3.806,35037.0
2025-11-13,3.818,3.874,3.775,3.835,63765.0
2025-11-14,3.813,3.832,3.715,3.785,38604.0
2025-11-17,3.759,3.786,3.703,3.734,38504.0
2025-11-18,3.711,3.745,3.661,3.702,52699.0
2025-11-19,3.715,3.807,3.695,3.775,47688.0
2025-11-20,3.773,3.827,3.735,3.743,39766.0
2025-11-21,3.74,3.799,3.732,3.752,54852.0
2025-11-24,3.708,3.721,3.666,3.698,40729.0
2025-11-25,3.67,3.689,3.567,3.59,70989.0
2025-11-26,3.591,3.662,3.59,3.606,50873.0
2025-11-28,3.632,3.72,3.583,3.699,34448.0
2025-12-01,3.73,3.752,3.666,3.718,58874.0
2025-12-02,3.71,3.751,3.69,3.739,53963.0
2025-12-03,3.743,3.914,3.736,3.89,82577.0
2025-12-04,3.901,3.96,3.85,3.95,84486.0
2025-12-05,3.961,4.118,3.95,4.04,122156.0
2025-12-08,3.948,3.995,3.711,3.75,95885.0
2025-12-09,3.731,3.741,3.61,3.617,82288.0
2025-12-10,3.64,3.682,3.566,3.642,57528.0
2025-12-11,3.652,3.657,3.508,3.549,100967.0
2025-12-12,3.548,3.548,3.373,3.379,76379.0
2025-12-15,3.41,3.441,3.281,3.307,74462.0
2025-12-16,3.338,3.338,3.225,3.243,79267.0
2025-12-17,3.287,3.366,3.261,3.316,50931.0
2025-12-18,3.369,3.403,3.166,3.192,75998.0
2025-12-19,3.218,3.218,3.133,3.175,47739.0
2025-12-22,3.223,3.261,3.023,3.067,67342.0
2025-12-23,3.07,3.277,3.061,3.255,54199.0
2025-12-24,3.286,3.307,3.191,3.201,35374.0
2025-12-26,3.201,3.318,3.201,3.29,34836.0
2025-12-29,3.325,3.38,3.275,3.354,51165.0
2025-12-30,3.35,3.442,3.319,3.336,41625.0
2025-12-31,3.341,3.349,3.148,3.153,48406.0
2026-01-02,3.154,3.154,3.043,3.052,44958.0
2026-01-05,3.0,3.02,2.83,2.9,137607.0
2026-01-06,2.906,2.906,2.804,2.849,51149.0
2026-01-07,2.896,2.962,2.884,2.926,53307.0
2026-01-08,2.948,2.971,2.828,2.837,65834.0
2026-01-09,2.847,2.856,2.604,2.674,125932.0
2026-01-12,2.75,2.878,2.7,2.869,97443.0
2026-01-13,2.835,2.916,2.793,2.898,65117.0
2026-01-14,2.88,2.895,2.657,2.739,98212.0
2026-01-15,2.723,2.752,2.627,2.7,67814.0
2026-01-16,2.712,2.766,2.658,2.722,50891.0
2026-01-20,2.923,3.206,2.867,3.2,179373.0
2026-01-21,3.174,3.514,3.1,3.442,184110.0
2026-01-22,3.421,3.584,3.339,3.473,160914.0
2026-01-23,3.385,3.548,3.37,3.501,123513.0
2026-01-26,3.656,3.795,3.508,3.657,175473.0
2026-01-27,3.617,3.714,3.462,3.67,142421.0
2026-01-28,3.632,3.709,3.501,3.59,124723.0
2026-01-29,3.586,3.713,3.572,3.707,110254.0
2026-01-30,3.674,4.085,3.63,4.027,205769.0
2026-02-02,3.64,3.64,3.089,3.173,353708.0
2026-02-03,3.182,3.28,3.099,3.193,126229.0
2026-02-04,3.252,3.379,3.182,3.308,98823.0
2026-02-05,3.318,3.385,3.21,3.331,117471.0
2026-02-06,3.342,3.452,3.202,3.23,118476.0
2026-02-09,3.113,3.13,3.025,3.048,120629.0
2026-02-10,3.051,3.105,3.0,3.026,117593.0
2026-02-11,3.063,3.135,2.975,3.076,111431.0
2026-02-12,3.131,3.19,3.065,3.085,139863.0
2026-02-13,3.082,3.114,2.998,3.104,99445.0
2026-02-17,2.947,3.06,2.888,2.938,148341.0
2026-02-18,2.951,2.958,2.868,2.933,134252.0
2026-02-19,2.941,3.006,2.91,2.946,116174.0
2026-02-20,2.919,3.076,2.911,2.984,129068.0
2026-02-23,3.15,3.15,2.912,2.921,122183.0
2026-02-24,2.918,2.934,2.826,2.831,166255.0
2026-02-25,2.836,2.93,2.819,2.868,133499.0
2026-02-26,2.891,2.891,2.775,2.827,139781.0
2026-02-27,2.832,2.894,2.818,2.859,109106.0
2026-03-02,2.929,3.07,2.867,2.96,174543.0
2026-03-03,2.98,3.188,2.973,3.054,225190.0
2026-03-04,3.041,3.076,2.891,2.917,155742.0
2026-03-05,2.937,3.046,2.92,3.003,148177.0
2026-03-06,3.022,3.28,2.951,3.186,196840.0
2026-03-09,3.304,3.494,3.021,3.12,233306.0
2026-03-10,3.027,3.147,2.961,3.02,205911.0
2026-03-11,3.064,3.228,3.019,3.209,141651.0
2026-03-12,3.231,3.292,3.145,3.233,150134.0
2026-03-13,3.252,3.317,3.109,3.131,129471.0
2026-03-16,3.18,3.18,2.992,3.023,130165.0
2026-03-17,3.036,3.097,3.006,3.033,101786.0
2026-03-18,3.044,3.211,2.923,3.065,141167.0
2026-03-19,3.164,3.27,3.103,3.166,154492.0
2026-03-20,3.12,3.169,3.045,3.095,106682.0
2026-03-23,3.108,3.153,2.875,2.891,119426.0
2026-03-24,2.91,2.974,2.876,2.943,52369.0
2026-03-25,2.9,2.985,2.864,2.952,30840.0
2026-03-26,2.984,3.025,2.918,2.999,61382.0
2026-03-27,2.97,3.125,2.965,3.095,6137.0
