DATETIME,OPEN,HIGH,LOW,FINAL,VOLUME
2012-07-30,5.81,5.81,5.81,5.81,0.0
2012-07-31,5.77,5.77,5.77,5.77,0.0
2012-08-01,5.735,5.735,5.735,5.735,0.0
2012-08-02,5.615,5.615,5.615,5.615,0.0
2012-08-03,5.587,5.587,5.587,5.587,0.0
2012-08-06,5.901,5.901,5.901,5.901,0.0
2012-08-07,5.814,5.814,5.814,5.814,0.0
2012-08-08,6.086,6.086,6.086,6.086,0.0
2012-08-09,5.986,5.986,5.986,5.986,0.0
2012-08-10,5.923,5.923,5.923,5.923,0.0
2012-08-13,5.896,5.896,5.896,5.896,0.0
2012-08-14,5.938,5.938,5.938,5.938,0.0
2012-08-15,6.031,6.031,6.031,6.031,0.0
2012-08-16,6.004,6.004,6.004,6.004,0.0
2012-08-17,6.002,6.002,6.002,6.002,0.0
2012-08-20,6.041,6.041,6.041,6.041,0.0
2012-08-21,6.044,6.044,6.044,6.044,0.0
2012-08-22,6.035,6.035,6.035,6.035,0.0
2012-08-23,6.018,6.018,6.018,6.018,0.0
2012-08-24,5.991,5.991,5.991,5.991,0.0
2012-08-27,5.966,5.966,5.966,5.966,0.0
2012-08-28,5.911,5.911,5.911,5.911,0.0
2012-08-29,5.932,5.932,5.932,5.932,0.0
2012-08-30,5.939,5.939,5.939,5.939,0.0
2012-08-31,5.964,5.964,5.964,5.964,0.0
2012-09-04,5.966,5.966,5.966,5.966,0.0
2012-09-05,5.956,5.956,5.956,5.956,0.0
2012-09-06,5.952,5.952,5.952,5.952,0.0
2012-09-07,5.902,5.902,5.902,5.902,0.0
2012-09-10,5.864,5.864,5.864,5.864,0.0
2012-09-11,5.904,5.904,5.904,5.904,0.0
2012-09-12,5.979,5.979,5.979,5.979,0.0
2012-09-13,5.994,5.994,5.994,5.994,0.0
2012-09-14,5.984,5.984,5.984,5.984,0.0
2012-09-17,5.965,5.965,5.965,5.965,0.0
2012-09-18,6.072,6.072,6.072,6.072,0.0
2012-09-19,6.072,6.072,6.072,6.072,0.0
2012-09-20,6.076,6.076,6.076,6.076,0.0
2012-09-21,6.135,6.135,6.135,6.135,0.0
2012-09-24,6.119,6.119,6.119,6.119,0.0
2012-09-25,6.136,6.136,6.136,6.136,0.0
2012-09-26,6.102,6.102,6.102,6.102,0.0
2012-09-27,6.126,6.126,6.126,6.126,0.0
2012-09-28,6.138,6.138,6.138,6.138,0.0
2012-10-01,6.159,6.159,6.159,6.159,0.0
2012-10-02,6.115,6.115,6.115,6.115,0.0
2012-10-03,6.093,6.093,6.093,6.093,0.0
2012-10-04,6.073,6.073,6.073,6.073,0.0
2012-10-05,6.123,6.123,6.123,6.123,0.0
2012-10-08,6.162,6.162,6.162,6.162,0.0
2012-10-09,6.168,6.168,6.168,6.168,0.0
2012-10-10,6.144,6.144,6.144,6.144,0.0
2012-10-11,6.172,6.172,6.172,6.172,0.0
2012-10-12,6.133,6.133,6.133,6.133,0.0
2012-10-15,6.099,6.099,6.099,6.099,0.0
2012-10-16,6.105,6.105,6.105,6.105,0.0
2012-10-17,6.153,6.153,6.153,6.153,0.0
2012-10-18,6.092,6.092,6.092,6.092,0.0
2012-10-19,6.09,6.09,6.09,6.09,0.0
2012-10-22,6.098,6.098,6.098,6.098,0.0
2012-10-23,6.136,6.136,6.136,6.136,0.0
2012-10-24,6.111,6.111,6.111,6.111,0.0
2012-10-25,6.141,6.141,6.141,6.141,0.0
2012-10-26,6.15,6.15,6.15,6.15,0.0
2012-10-29,6.219,6.219,6.219,6.219,0.0
2012-10-30,6.15,6.15,6.15,6.15,0.0
2012-10-31,6.153,6.153,6.153,6.153,0.0
2012-11-01,6.16,6.16,6.16,6.16,0.0
2012-11-02,6.059,6.059,6.059,6.059,0.0
2012-11-05,6.016,6.016,6.016,6.016,0.0
2012-11-06,6.061,6.061,6.061,6.061,0.0
2012-11-07,6.037,6.037,6.037,6.037,0.0
2012-11-08,6.08,6.08,6.08,6.08,0.0
2012-11-09,6.019,6.019,6.019,6.019,0.0
2012-11-12,6.069,6.069,6.069,6.069,0.0
2012-11-13,6.108,6.108,6.108,6.108,0.0
2012-11-14,6.075,6.075,6.075,6.075,0.0
2012-11-15,5.996,5.996,5.996,5.996,0.0
2012-11-16,5.994,5.994,5.994,5.994,0.0
2012-11-19,5.959,5.959,5.959,5.959,0.0
2012-11-20,6.0,6.0,6.0,6.0,0.0
2012-11-21,5.969,5.969,5.969,5.969,0.0
2012-11-23,5.956,5.956,5.956,5.956,0.0
2012-11-26,5.915,5.915,5.915,5.915,0.0
2012-11-27,5.95,5.95,5.95,5.95,0.0
2012-11-28,5.942,5.942,5.942,5.942,0.0
2012-11-29,5.866,5.866,5.866,5.866,0.0
2012-11-30,5.847,5.847,5.847,5.847,0.0
2012-12-03,5.881,5.881,5.881,5.881,0.0
2012-12-04,5.856,5.856,5.856,5.856,0.0
2012-12-05,5.886,5.886,5.886,5.886,0.0
2012-12-06,5.878,5.878,5.878,5.878,0.0
2012-12-07,5.855,5.855,5.855,5.855,0.0
2012-12-10,5.877,5.877,5.877,5.877,0.0
2012-12-11,5.85,5.85,5.85,5.85,0.0
2012-12-12,5.844,5.844,5.844,5.844,0.0
2012-12-13,5.851,5.851,5.851,5.851,0.0
2012-12-14,5.847,5.847,5.847,5.847,0.0
2012-12-17,5.902,5.902,5.902,5.902,0.0
2012-12-18,6.039,6.039,6.039,6.039,0.0
2012-12-19,6.009,6.009,6.009,6.009,0.0
2012-12-20,6.075,6.075,6.075,6.075,0.0
2012-12-21,6.057,6.057,6.057,6.057,0.0
2012-12-24,6.02,6.02,6.02,6.02,0.0
2012-12-26,6.04,6.04,6.04,6.04,0.0
2012-12-27,6.023,6.023,6.023,6.023,0.0
2012-12-28,6.018,6.018,6.018,6.018,0.0
2012-12-31,5.977,5.977,5.977,5.977,0.0
2013-01-02,5.941,5.941,5.941,5.941,0.0
2013-01-03,5.936,5.936,5.936,5.936,0.0
2013-01-04,5.994,5.994,5.994,5.994,0.0
2013-01-07,5.975,5.975,5.975,5.975,0.0
2013-01-08,5.953,5.953,5.953,5.953,0.0
2013-01-09,5.933,5.933,5.933,5.933,0.0
2013-01-10,5.945,5.945,5.945,5.945,0.0
2013-01-11,5.906,5.906,5.906,5.906,0.0
2013-01-14,5.893,5.893,5.893,5.893,0.0
2013-01-15,5.903,5.903,5.903,5.903,0.0
2013-01-16,5.903,5.903,5.903,5.903,0.0
2013-01-17,5.892,5.892,5.892,5.892,0.0
2013-01-18,5.923,5.923,5.923,5.923,0.0
2013-01-22,5.917,5.917,5.917,5.917,0.0
2013-01-23,5.952,5.952,5.952,5.952,0.0
2013-01-24,5.923,5.923,5.923,5.923,0.0
2013-01-25,5.943,5.943,5.943,5.943,0.0
2013-01-28,5.883,5.883,5.883,5.883,0.0
2013-01-29,5.854,5.854,5.854,5.854,0.0
2013-01-30,5.878,5.878,5.878,5.878,0.0
2013-01-31,5.869,5.869,5.869,5.869,0.0
2013-02-01,5.826,5.826,5.826,5.826,0.0
2013-02-04,5.846,5.846,5.846,5.846,0.0
2013-02-05,5.848,5.848,5.848,5.848,0.0
2013-02-06,5.843,5.843,5.843,5.843,0.0
2013-02-07,5.819,5.819,5.819,5.819,0.0
2013-02-08,5.864,5.864,5.864,5.864,0.0
2013-02-11,5.874,5.874,5.874,5.874,0.0
2013-02-12,5.891,5.891,5.891,5.891,0.0
2013-02-13,5.92,5.92,5.92,5.92,0.0
2013-02-14,5.896,5.896,5.896,5.896,0.0
2013-02-15,5.877,5.877,5.877,5.877,0.0
2013-02-19,5.918,5.918,5.918,5.918,0.0
2013-02-20,5.896,5.896,5.896,5.896,0.0
2013-02-21,5.869,5.869,5.869,5.869,0.0
2013-02-22,5.866,5.866,5.866,5.866,0.0
2013-02-25,5.867,5.867,5.867,5.867,0.0
2013-02-26,5.871,5.871,5.871,5.871,0.0
2013-02-27,5.864,5.864,5.864,5.864,0.0
2013-02-28,5.885,5.885,5.885,5.885,0.0
2013-03-01,5.906,5.906,5.906,5.906,0.0
2013-03-04,5.947,5.947,5.947,5.947,0.0
2013-03-05,5.935,5.935,5.935,5.935,0.0
2013-03-06,5.905,5.905,5.905,5.905,0.0
2013-03-07,5.939,5.939,5.939,5.939,0.0
2013-03-08,5.935,5.935,5.935,5.935,0.0
2013-03-11,5.928,5.928,5.928,5.928,0.0
2013-03-12,5.898,5.898,5.898,5.898,0.0
2013-03-13,5.909,5.909,5.909,5.909,0.0
2013-03-14,5.901,5.901,5.901,5.901,0.0
2013-03-15,5.904,5.904,5.904,5.904,0.0
2013-03-18,5.889,5.889,5.889,5.889,0.0
2013-03-19,5.914,5.914,5.914,5.914,0.0
2013-03-20,5.908,5.908,5.908,5.908,0.0
2013-03-21,5.845,5.845,5.845,5.845,0.0
2013-03-22,5.837,5.837,5.837,5.837,0.0
2013-03-25,5.803,5.803,5.803,5.803,0.0
2013-03-26,5.815,5.815,5.815,5.815,0.0
2013-03-27,5.75,5.75,5.75,5.75,0.0
2013-03-28,5.667,5.667,5.667,5.667,0.0
2013-04-01,5.656,5.656,5.656,5.656,0.0
2013-04-02,5.605,5.605,5.605,5.605,0.0
2013-04-03,5.675,5.675,5.675,5.675,0.0
2013-04-04,5.687,5.687,5.687,5.687,0.0
2013-04-05,5.664,5.664,5.664,5.664,0.0
2013-04-08,5.575,5.575,5.575,5.575,0.0
2013-04-09,5.405,5.405,5.405,5.405,0.0
2013-04-10,5.349,5.349,5.349,5.349,0.0
2013-04-11,5.428,5.428,5.428,5.428,0.0
2013-04-12,5.582,5.582,5.582,5.582,0.0
2013-04-15,5.593,5.593,5.593,5.593,0.0
2013-04-16,5.674,5.674,5.674,5.674,0.0
2013-04-17,5.678,5.678,5.678,5.678,0.0
2013-04-18,5.668,5.668,5.668,5.668,0.0
2013-04-19,5.667,5.667,5.667,5.667,0.0
2013-04-22,5.66,5.66,5.66,5.66,0.0
2013-04-23,5.648,5.648,5.648,5.648,0.0
2013-04-24,5.513,5.513,5.513,5.513,0.0
2013-04-25,5.529,5.529,5.529,5.529,0.0
2013-04-26,5.531,5.531,5.531,5.531,0.0
2013-04-29,5.544,5.544,5.544,5.544,0.0
2013-04-30,5.545,5.545,5.545,5.545,0.0
2013-05-01,5.53,5.53,5.53,5.53,0.0
2013-05-02,5.538,5.538,5.538,5.538,0.0
2013-05-03,5.601,5.601,5.601,5.601,0.0
2013-05-06,5.652,5.652,5.652,5.652,0.0
2013-05-07,5.651,5.651,5.651,5.651,0.0
2013-05-08,5.635,5.635,5.635,5.635,0.0
2013-05-09,5.597,5.597,5.597,5.597,0.0
2013-05-10,5.559,5.559,5.559,5.559,0.0
2013-05-13,5.569,5.569,5.569,5.569,0.0
2013-05-14,5.6,5.6,5.6,5.6,0.0
2013-05-15,5.582,5.582,5.582,5.582,0.0
2013-05-16,5.579,5.579,5.579,5.579,0.0
2013-05-17,5.739,5.739,5.739,5.739,0.0
2013-05-20,5.921,5.921,5.921,5.921,0.0
2013-05-21,5.993,5.993,5.993,5.993,0.0
2013-05-22,6.118,6.118,6.118,6.118,0.0
2013-05-23,6.086,6.086,6.086,6.086,0.0
2013-05-24,6.077,6.077,6.077,6.077,0.0
2013-05-28,6.066,6.066,6.066,6.066,0.0
2013-05-29,6.057,6.057,6.057,6.057,0.0
2013-05-30,6.017,6.017,6.017,6.017,0.0
2013-05-31,6.059,6.059,6.059,6.059,0.0
2013-06-03,6.074,6.074,6.074,6.074,0.0
2013-06-04,6.056,6.056,6.056,6.056,0.0
2013-06-05,6.028,6.028,6.028,6.028,0.0
2013-06-06,5.973,5.973,5.973,5.973,0.0
2013-06-07,5.999,5.999,5.999,5.999,0.0
2013-06-10,5.983,5.983,5.983,5.983,0.0
2013-06-11,5.908,5.908,5.908,5.908,0.0
2013-06-12,5.867,5.867,5.867,5.867,0.0
2013-06-13,5.871,5.871,5.871,5.871,0.0
2013-06-14,5.857,5.857,5.857,5.857,0.0
2013-06-17,5.893,5.893,5.893,5.893,0.0
2013-06-18,5.95,5.95,5.95,5.95,0.0
2013-06-19,5.917,5.917,5.917,5.917,0.0
2013-06-20,5.898,5.898,5.898,5.898,0.0
2013-06-21,5.984,5.984,5.984,5.984,0.0
2013-06-24,6.11,6.11,6.11,6.11,0.0
2013-06-25,6.182,6.182,6.182,6.182,0.0
2013-06-26,6.229,6.229,6.229,6.229,0.0
2013-06-27,6.168,6.168,6.168,6.168,0.0
2013-06-28,6.2,6.2,6.2,6.2,0.0
2013-07-01,6.135,6.135,6.135,6.135,0.0
2013-07-02,6.17,6.17,6.17,6.17,0.0
2013-07-03,6.192,6.192,6.192,6.192,0.0
2013-07-05,6.151,6.151,6.151,6.151,0.0
2013-07-08,6.198,6.198,6.198,6.198,0.0
2013-07-09,6.115,6.115,6.115,6.115,0.0
2013-07-10,6.101,6.101,6.101,6.101,0.0
2013-07-11,6.099,6.099,6.099,6.099,0.0
2013-07-12,6.099,6.099,6.099,6.099,0.0
2013-07-15,6.12,6.12,6.12,6.12,0.0
2013-07-16,6.119,6.119,6.119,6.119,0.0
2013-07-17,6.121,6.121,6.121,6.121,0.0
2013-07-18,6.071,6.071,6.071,6.071,0.0
2013-07-19,6.025,6.025,6.025,6.025,0.0
2013-07-22,6.025,6.025,6.025,6.025,0.0
2013-07-23,5.994,5.994,5.994,5.994,0.0
2013-07-24,6.013,6.013,6.013,6.013,0.0
2013-07-25,6.038,6.038,6.038,6.038,0.0
2013-07-26,5.967,5.967,5.967,5.967,0.0
2013-07-29,5.967,5.967,5.967,5.967,0.0
2013-07-30,5.934,5.934,5.934,5.934,0.0
2013-07-31,5.952,5.952,5.952,5.952,0.0
2013-08-01,5.928,5.928,5.928,5.928,0.0
2013-08-02,5.913,5.913,5.913,5.913,0.0
2013-08-05,5.888,5.888,5.888,5.888,0.0
2013-08-06,5.871,5.871,5.871,5.871,0.0
2013-08-07,5.899,5.899,5.899,5.899,0.0
2013-08-08,5.856,5.856,5.856,5.856,0.0
2013-08-09,5.826,5.826,5.826,5.826,0.0
2013-08-12,5.766,5.766,5.766,5.766,0.0
2013-08-13,5.698,5.698,5.698,5.698,0.0
2013-08-14,5.649,5.649,5.649,5.649,0.0
2013-08-15,5.677,5.677,5.677,5.677,0.0
2013-08-16,5.659,5.659,5.659,5.659,0.0
2013-08-19,5.67,5.67,5.67,5.67,0.0
2013-08-20,5.656,5.656,5.656,5.656,0.0
2013-08-21,5.62,5.62,5.62,5.62,0.0
2013-08-22,5.641,5.641,5.641,5.641,0.0
2013-08-23,5.611,5.611,5.611,5.611,0.0
2013-08-26,5.563,5.563,5.563,5.563,0.0
2013-08-27,5.489,5.489,5.489,5.489,0.0
2013-08-28,5.488,5.488,5.488,5.488,0.0
2013-08-29,5.498,5.498,5.498,5.498,0.0
2013-08-30,5.51,5.51,5.51,5.51,0.0
2013-09-03,5.519,5.519,5.519,5.519,0.0
2013-09-04,5.486,5.486,5.486,5.486,0.0
2013-09-05,5.462,5.462,5.462,5.462,0.0
2013-09-06,5.462,5.462,5.462,5.462,0.0
2013-09-09,5.457,5.457,5.457,5.457,0.0
2013-09-10,5.471,5.471,5.471,5.471,0.0
2013-09-11,5.458,5.458,5.458,5.458,0.0
2013-09-12,5.447,5.447,5.447,5.447,0.0
2013-09-13,5.467,5.467,5.467,5.467,0.0
2013-09-16,5.469,5.469,5.469,5.469,0.0
2013-09-17,5.444,5.444,5.444,5.444,0.0
2013-09-18,5.501,5.501,5.501,5.501,0.0
2013-09-19,5.529,5.529,5.529,5.529,0.0
2013-09-20,5.515,5.515,5.515,5.515,0.0
2013-09-23,5.476,5.476,5.476,5.476,0.0
2013-09-24,5.456,5.456,5.456,5.456,0.0
2013-09-25,5.438,5.438,5.438,5.438,0.0
2013-09-26,5.504,5.504,5.504,5.504,0.0
2013-09-27,5.529,5.529,5.529,5.529,0.0
2013-09-30,5.479,5.479,5.479,5.479,0.0
2013-10-01,5.499,5.499,5.499,5.499,0.0
2013-10-02,5.458,5.458,5.458,5.458,0.0
2013-10-03,5.459,5.459,5.459,5.459,0.0
2013-10-04,5.467,5.467,5.467,5.467,0.0
2013-10-07,5.484,5.484,5.484,5.484,0.0
2013-10-08,5.507,5.507,5.507,5.507,0.0
2013-10-09,5.495,5.495,5.495,5.495,0.0
2013-10-10,5.49,5.49,5.49,5.49,0.0
2013-10-11,5.44,5.44,5.44,5.44,0.0
2013-10-14,5.457,5.457,5.457,5.457,0.0
2013-10-15,5.432,5.432,5.432,5.432,0.0
2013-10-16,5.374,5.374,5.374,5.374,0.0
2013-10-17,5.424,5.424,5.424,5.424,0.0
2013-10-18,5.435,5.435,5.435,5.435,0.0
2013-10-21,5.431,5.431,5.431,5.431,0.0
2013-10-22,5.476,5.476,5.476,5.476,0.0
2013-10-23,5.482,5.482,5.482,5.482,0.0
2013-10-24,5.448,5.448,5.448,5.448,0.0
2013-10-25,5.479,5.479,5.479,5.479,0.0
2013-10-28,5.432,5.432,5.432,5.432,0.0
2013-10-29,5.423,5.423,5.423,5.423,0.0
2013-10-30,5.409,5.409,5.409,5.409,0.0
2013-10-31,5.31,5.31,5.31,5.31,0.0
2013-11-01,5.235,5.235,5.235,5.235,0.0
2013-11-04,5.206,5.206,5.206,5.206,0.0
2013-11-05,5.188,5.188,5.188,5.188,0.0
2013-11-06,5.185,5.185,5.185,5.185,0.0
2013-11-07,5.179,5.179,5.179,5.179,0.0
2013-11-08,5.09,5.09,5.09,5.09,0.0
2013-11-11,5.106,5.106,5.106,5.106,0.0
2013-11-12,5.112,5.112,5.112,5.112,0.0
2013-11-13,5.066,5.066,5.066,5.066,0.0
2013-11-14,5.03,5.03,5.03,5.03,0.0
2013-11-15,4.952,4.952,4.952,4.952,0.0
2013-11-18,4.924,4.924,4.924,4.924,0.0
2013-11-19,4.855,4.855,4.855,4.855,0.0
2013-11-20,4.875,4.875,4.875,4.875,0.0
2013-11-21,4.844,4.844,4.844,4.844,0.0
2013-11-22,4.846,4.846,4.846,4.846,0.0
2013-11-25,4.857,4.857,4.857,4.857,0.0
2013-11-26,4.838,4.838,4.838,4.838,0.0
2013-11-27,4.84,4.84,4.84,4.84,0.0
2013-11-29,4.83,4.83,4.83,4.83,0.0
2013-12-02,4.92,4.92,4.92,4.92,0.0
2013-12-03,5.034,5.034,5.034,5.034,0.0
2013-12-04,5.133,5.133,5.133,5.133,0.0
2013-12-05,5.112,5.112,5.112,5.112,0.0
2013-12-06,5.088,5.088,5.088,5.088,0.0
2013-12-09,4.976,4.976,4.976,4.976,0.0
2013-12-10,4.943,4.943,4.943,4.943,0.0
2013-12-11,4.873,4.873,4.873,4.873,0.0
2013-12-12,4.732,4.732,4.732,4.732,0.0
2013-12-13,4.734,4.734,4.734,4.734,0.0
2013-12-16,4.74,4.74,4.74,4.74,0.0
2013-12-17,4.704,4.704,4.704,4.704,0.0
2013-12-18,4.671,4.671,4.671,4.671,0.0
2013-12-19,4.685,4.685,4.685,4.685,0.0
2013-12-20,4.645,4.645,4.645,4.645,0.0
2013-12-23,4.63,4.63,4.63,4.63,0.0
2013-12-24,4.657,4.657,4.657,4.657,0.0
2013-12-26,4.654,4.654,4.654,4.654,0.0
2013-12-27,4.666,4.666,4.666,4.666,0.0
2013-12-30,4.656,4.656,4.656,4.656,0.0
2013-12-31,4.533,4.533,4.533,4.533,0.0
2014-01-02,4.548,4.548,4.548,4.548,0.0
2014-01-03,4.574,4.574,4.574,4.574,0.0
2014-01-06,4.58,4.58,4.58,4.58,0.0
2014-01-07,4.598,4.598,4.598,4.598,0.0
2014-01-08,4.618,4.618,4.618,4.618,0.0
2014-01-09,4.564,4.564,4.564,4.564,0.0
2014-01-10,4.682,4.682,4.682,4.682,0.0
2014-01-13,4.599,4.599,4.599,4.599,0.0
2014-01-14,4.596,4.596,4.596,4.596,0.0
2014-01-15,4.582,4.582,4.582,4.582,0.0
2014-01-16,4.577,4.577,4.577,4.577,0.0
2014-01-17,4.567,4.567,4.567,4.567,0.0
2014-01-21,4.615,4.615,4.615,4.615,0.0
2014-01-22,4.615,4.615,4.615,4.615,0.0
2014-01-23,4.609,4.609,4.609,4.609,0.0
2014-01-24,4.611,4.611,4.611,4.611,0.0
2014-01-27,4.65,4.65,4.65,4.65,0.0
2014-01-28,4.636,4.636,4.636,4.636,0.0
2014-01-29,4.63,4.63,4.63,4.63,0.0
2014-01-30,4.682,4.682,4.682,4.682,0.0
2014-01-31,4.679,4.679,4.679,4.679,0.0
2014-02-03,4.718,4.718,4.718,4.718,0.0
2014-02-04,4.684,4.684,4.684,4.684,0.0
2014-02-05,4.649,4.649,4.649,4.649,0.0
2014-02-06,4.594,4.594,4.594,4.594,0.0
2014-02-07,4.605,4.605,4.605,4.605,0.0
2014-02-10,4.57,4.57,4.57,4.57,0.0
2014-02-11,4.39,4.39,4.39,4.39,0.0
2014-02-12,4.396,4.396,4.396,4.396,0.0
2014-02-13,4.382,4.382,4.382,4.382,0.0
2014-02-14,4.299,4.299,4.299,4.299,0.0
2014-02-18,4.3,4.3,4.3,4.3,0.0
2014-02-19,4.33,4.33,4.33,4.33,0.0
2014-02-20,4.395,4.395,4.395,4.395,0.0
2014-02-21,4.417,4.417,4.417,4.417,0.0
2014-02-24,4.456,4.456,4.456,4.456,0.0
2014-02-25,4.464,4.464,4.464,4.464,0.0
2014-02-26,4.426,4.426,4.426,4.426,0.0
2014-02-27,4.373,4.373,4.373,4.373,0.0
2014-02-28,4.343,4.343,4.343,4.343,0.0
2014-03-03,4.341,4.341,4.341,4.341,0.0
2014-03-04,4.369,4.369,4.369,4.369,0.0
2014-03-05,4.394,4.394,4.394,4.394,0.0
2014-03-06,4.592,4.592,4.592,4.592,0.0
2014-03-07,4.554,4.554,4.554,4.554,0.0
2014-03-10,4.564,4.564,4.564,4.564,0.0
2014-03-11,4.505,4.505,4.505,4.505,0.0
2014-03-12,4.555,4.555,4.555,4.555,0.0
2014-03-13,4.679,4.679,4.679,4.679,0.0
2014-03-14,4.834,4.834,4.834,4.834,0.0
2014-03-17,4.816,4.816,4.816,4.816,0.0
2014-03-18,4.766,4.766,4.766,4.766,0.0
2014-03-19,4.802,4.802,4.802,4.802,0.0
2014-03-20,4.889,4.889,4.889,4.889,0.0
2014-03-21,4.879,4.879,4.879,4.879,0.0
2014-03-24,4.904,4.904,4.904,4.904,0.0
2014-03-25,4.929,4.929,4.929,4.929,0.0
2014-03-26,4.948,4.948,4.948,4.948,0.0
2014-03-27,4.945,4.945,4.945,4.945,0.0
2014-03-28,4.925,4.925,4.925,4.925,0.0
2014-03-31,4.925,4.925,4.925,4.925,0.0
2014-04-01,4.884,4.884,4.884,4.884,0.0
2014-04-02,4.897,4.897,4.897,4.897,1.0
2014-04-03,4.974,4.974,4.974,4.974,0.0
2014-04-04,4.987,4.987,4.987,4.987,0.0
2014-04-07,5.007,5.007,5.007,5.007,0.0
2014-04-08,5.001,5.001,5.001,5.001,0.0
2014-04-09,5.056,5.056,5.056,5.056,0.0
2014-04-10,5.092,5.092,5.092,5.092,0.0
2014-04-11,5.095,5.095,5.095,5.095,0.0
2014-04-14,5.093,5.093,5.093,5.093,0.0
2014-04-15,5.136,5.136,5.136,5.136,0.0
2014-04-16,5.141,5.141,5.141,5.141,0.0
2014-04-17,5.152,5.152,5.152,5.152,0.0
2014-04-21,5.113,5.113,5.113,5.113,0.0
2014-04-22,5.134,5.134,5.134,5.134,0.0
2014-04-23,5.127,5.127,5.127,5.127,0.0
2014-04-24,5.166,5.166,5.166,5.166,0.0
2014-04-25,5.155,5.155,5.155,5.155,0.0
2014-04-28,5.163,5.163,5.163,5.163,0.0
2014-04-29,5.213,5.213,5.213,5.213,0.0
2014-04-30,5.219,5.219,5.219,5.219,0.0
2014-05-01,5.223,5.223,5.223,5.223,0.0
2014-05-02,5.211,5.211,5.211,5.211,0.0
2014-05-05,5.2,5.2,5.2,5.2,0.0
2014-05-06,5.216,5.216,5.216,5.216,0.0
2014-05-07,5.221,5.221,5.221,5.221,0.0
2014-05-08,5.231,5.231,5.231,5.231,0.0
2014-05-09,5.271,5.271,5.271,5.271,0.0
2014-05-12,5.241,5.241,5.241,5.241,0.0
2014-05-13,5.252,5.252,5.252,5.252,0.0
2014-05-14,5.27,5.27,5.27,5.27,0.0
2014-05-15,5.216,5.216,5.216,5.216,0.0
2014-05-16,5.176,5.176,5.176,5.176,0.0
2014-05-19,5.177,5.177,5.177,5.177,0.0
2014-05-20,5.162,5.162,5.162,5.162,0.0
2014-05-21,5.167,5.167,5.167,5.167,0.0
2014-05-22,5.145,5.145,5.145,5.145,0.0
2014-05-23,5.165,5.165,5.165,5.165,0.0
2014-05-27,5.178,5.178,5.178,5.178,0.0
2014-05-28,5.142,5.142,5.142,5.142,0.0
2014-05-29,5.145,5.145,5.145,5.145,0.0
2014-05-30,5.141,5.141,5.141,5.141,0.0
2014-06-02,5.176,5.176,5.176,5.176,0.0
2014-06-03,5.153,5.153,5.153,5.153,0.0
2014-06-04,5.148,5.148,5.148,5.148,0.0
2014-06-05,5.166,5.166,5.166,5.166,0.0
2014-06-06,5.182,5.182,5.182,5.182,0.0
2014-06-09,5.168,5.168,5.168,5.168,0.0
2014-06-10,5.211,5.211,5.211,5.211,0.0
2014-06-11,5.197,5.197,5.197,5.197,0.0
2014-06-12,5.192,5.192,5.192,5.192,0.0
2014-06-13,5.221,5.221,5.221,5.221,0.0
2014-06-16,5.22,5.22,5.22,5.22,0.0
2014-06-17,5.26,5.26,5.26,5.26,0.0
2014-06-18,5.274,5.274,5.274,5.274,0.0
2014-06-19,5.296,5.296,5.296,5.296,0.0
2014-06-20,5.256,5.256,5.256,5.256,0.0
2014-06-23,5.244,5.244,5.244,5.244,0.0
2014-06-24,5.24,5.24,5.24,5.24,0.0
2014-06-25,5.249,5.249,5.249,5.249,0.0
2014-06-26,5.163,5.163,5.163,5.163,0.0
2014-06-27,5.161,5.161,5.161,5.161,0.0
2014-06-30,5.18,5.18,5.18,5.18,0.0
2014-07-01,5.188,5.188,5.188,5.188,0.0
2014-07-02,5.163,5.163,5.163,5.163,0.0
2014-07-03,5.158,5.158,5.158,5.158,0.0
2014-07-07,5.132,5.132,5.132,5.132,0.0
2014-07-08,5.108,5.108,5.108,5.108,0.0
2014-07-09,5.074,5.074,5.074,5.074,0.0
2014-07-10,5.021,5.021,5.021,5.021,0.0
2014-07-11,5.015,5.015,5.015,5.015,0.0
2014-07-14,4.978,4.978,4.978,4.978,0.0
2014-07-15,4.963,4.963,4.963,4.963,0.0
2014-07-16,4.978,4.978,4.978,4.978,0.0
2014-07-17,4.969,4.969,4.969,4.969,0.0
2014-07-18,4.996,4.996,4.996,4.996,0.0
2014-07-21,4.977,4.977,4.977,4.977,0.0
2014-07-22,4.931,4.931,4.931,4.931,0.0
2014-07-23,4.907,4.907,4.907,4.907,0.0
2014-07-24,4.888,4.888,4.888,4.888,0.0
2014-07-25,4.883,4.883,4.883,4.883,0.0
2014-07-28,4.87,4.87,4.87,4.87,0.0
2014-07-29,4.789,4.789,4.789,4.789,0.0
2014-07-30,4.816,4.816,4.816,4.816,0.0
2014-07-31,4.842,4.842,4.842,4.842,0.0
2014-08-01,4.87,4.87,4.87,4.87,0.0
2014-08-04,4.865,4.865,4.865,4.865,0.0
2014-08-05,4.769,4.769,4.769,4.769,0.0
2014-08-06,4.734,4.734,4.734,4.734,0.0
2014-08-07,4.748,4.748,4.748,4.748,0.0
2014-08-08,4.739,4.739,4.739,4.739,0.0
2014-08-11,4.694,4.694,4.694,4.694,0.0
2014-08-12,4.676,4.676,4.676,4.676,0.0
2014-08-13,4.661,4.661,4.661,4.661,0.0
2014-08-14,4.672,4.672,4.672,4.672,0.0
2014-08-15,4.637,4.637,4.637,4.637,0.0
2014-08-18,4.638,4.638,4.638,4.638,0.0
2014-08-19,4.635,4.635,4.635,4.635,0.0
2014-08-20,4.615,4.615,4.615,4.615,0.0
2014-08-21,4.638,4.638,4.638,4.638,0.0
2014-08-22,4.653,4.653,4.653,4.653,0.0
2014-08-25,4.661,4.661,4.661,4.661,0.0
2014-08-26,4.66,4.66,4.66,4.66,0.0
2014-08-27,4.675,4.675,4.675,4.675,0.0
2014-08-28,4.706,4.706,4.706,4.706,1.0
2014-08-29,4.698,4.698,4.698,4.698,1.0
2014-09-02,4.676,4.676,4.676,4.676,0.0
2014-09-03,4.698,4.698,4.698,4.698,0.0
2014-09-04,4.73,4.73,4.73,4.73,0.0
2014-09-05,4.727,4.727,4.727,4.727,0.0
2014-09-08,4.717,4.717,4.717,4.717,0.0
2014-09-09,4.7,4.7,4.7,4.7,0.0
2014-09-10,4.71,4.71,4.71,4.71,0.0
2014-09-11,4.729,4.729,4.729,4.729,0.0
2014-09-12,4.703,4.703,4.703,4.703,0.0
2014-09-15,4.681,4.681,4.681,4.681,0.0
2014-09-16,4.686,4.686,4.686,4.686,0.0
2014-09-17,4.675,4.675,4.675,4.675,0.0
2014-09-18,4.621,4.621,4.621,4.621,0.0
2014-09-19,4.616,4.616,4.616,4.616,0.0
2014-09-22,4.601,4.601,4.601,4.601,0.0
2014-09-23,4.611,4.611,4.611,4.611,0.0
2014-09-24,4.607,4.607,4.607,4.607,0.0
2014-09-25,4.606,4.606,4.606,4.606,0.0
2014-09-26,4.586,4.586,4.586,4.586,0.0
2014-09-29,4.597,4.597,4.597,4.597,0.0
2014-09-30,4.637,4.637,4.637,4.637,0.0
2014-10-01,4.593,4.593,4.593,4.593,0.0
2014-10-02,4.625,4.625,4.625,4.625,0.0
2014-10-03,4.602,4.602,4.602,4.602,0.0
2014-10-06,4.602,4.602,4.602,4.602,0.0
2014-10-07,4.605,4.605,4.605,4.605,0.0
2014-10-08,4.605,4.605,4.605,4.605,0.0
2014-10-09,4.62,4.62,4.62,4.62,0.0
2014-10-10,4.617,4.617,4.617,4.617,0.0
2014-10-13,4.627,4.627,4.627,4.627,0.0
2014-10-14,4.617,4.617,4.617,4.617,0.0
2014-10-15,4.602,4.602,4.602,4.602,0.0
2014-10-16,4.582,4.582,4.582,4.582,0.0
2014-10-17,4.617,4.617,4.617,4.617,0.0
2014-10-20,4.604,4.604,4.604,4.604,0.0
2014-10-21,4.599,4.599,4.599,4.599,0.0
2014-10-22,4.585,4.585,4.585,4.585,0.0
2014-10-23,4.584,4.584,4.584,4.584,0.0
2014-10-24,4.561,4.561,4.561,4.561,0.0
2014-10-27,4.548,4.548,4.548,4.548,0.0
2014-10-28,4.533,4.533,4.533,4.533,0.0
2014-10-29,4.538,4.538,4.538,4.538,0.0
2014-10-30,4.531,4.531,4.531,4.531,0.0
2014-10-31,4.546,4.546,4.546,4.546,0.0
2014-11-03,4.542,4.542,4.542,4.542,0.0
2014-11-04,4.537,4.537,4.537,4.537,0.0
2014-11-05,4.508,4.508,4.508,4.508,0.0
2014-11-06,4.495,4.495,4.495,4.495,0.0
2014-11-07,4.492,4.492,4.492,4.492,0.0
2014-11-10,4.486,4.486,4.486,4.486,0.0
2014-11-11,4.501,4.501,4.501,4.501,0.0
2014-11-12,4.522,4.522,4.522,4.522,0.0
2014-11-13,4.502,4.502,4.502,4.502,0.0
2014-11-14,4.528,4.528,4.528,4.528,0.0
2014-11-17,4.531,4.531,4.531,4.531,0.0
2014-11-18,4.506,4.506,4.506,4.506,0.0
2014-11-19,4.487,4.487,4.487,4.487,0.0
2014-11-20,4.482,4.482,4.482,4.482,0.0
2014-11-21,4.455,4.455,4.455,4.455,0.0
2014-11-24,4.509,4.509,4.509,4.509,0.0
2014-11-25,4.508,4.508,4.508,4.508,0.0
2014-11-26,4.501,4.501,4.501,4.501,0.0
2014-11-28,4.519,4.519,4.519,4.519,0.0
2014-12-01,4.58,4.58,4.58,4.58,0.0
2014-12-02,4.576,4.576,4.576,4.576,0.0
2014-12-03,4.585,4.585,4.585,4.585,0.0
2014-12-04,4.588,4.588,4.588,4.588,0.0
2014-12-05,4.609,4.609,4.609,4.609,0.0
2014-12-08,4.625,4.625,4.625,4.625,0.0
2014-12-09,4.655,4.655,4.655,4.655,0.0
2014-12-10,4.637,4.637,4.637,4.637,0.0
2014-12-11,4.614,4.614,4.614,4.614,0.0
2014-12-12,4.597,4.597,4.597,4.597,0.0
2014-12-15,4.584,4.584,4.584,4.584,0.0
2014-12-16,4.534,4.534,4.534,4.534,0.0
2014-12-17,4.559,4.559,4.559,4.559,0.0
2014-12-18,4.54,4.54,4.54,4.54,0.0
2014-12-19,4.461,4.461,4.461,4.461,0.0
2014-12-22,4.462,4.462,4.462,4.462,0.0
2014-12-23,4.43,4.43,4.43,4.43,0.0
2014-12-24,4.424,4.424,4.424,4.424,0.0
2014-12-26,4.421,4.421,4.421,4.421,0.0
2014-12-29,4.419,4.419,4.419,4.419,0.0
2014-12-30,4.401,4.401,4.401,4.401,0.0
2014-12-31,4.372,4.372,4.372,4.372,0.0
2015-01-02,4.356,4.356,4.356,4.356,0.0
2015-01-05,4.356,4.356,4.356,4.356,0.0
2015-01-06,4.315,4.315,4.315,4.315,0.0
2015-01-07,4.255,4.255,4.255,4.255,0.0
2015-01-08,4.235,4.235,4.235,4.235,0.0
2015-01-09,4.223,4.223,4.223,4.223,0.0
2015-01-12,4.133,4.133,4.133,4.133,0.0
2015-01-13,4.105,4.105,4.105,4.105,0.0
2015-01-14,4.03,4.03,4.03,4.03,0.0
2015-01-15,3.98,3.98,3.98,3.98,0.0
2015-01-16,3.988,3.988,3.988,3.988,0.0
2015-01-20,3.98,3.98,3.98,3.98,0.0
2015-01-21,3.984,3.984,3.984,3.984,0.0
2015-01-22,3.964,3.964,3.964,3.964,0.0
2015-01-23,3.964,3.964,3.964,3.964,0.0
2015-01-26,3.982,3.982,3.982,3.982,0.0
2015-01-27,3.976,3.976,3.976,3.976,0.0
2015-01-28,4.006,4.006,4.006,4.006,0.0
2015-01-29,3.989,3.989,3.989,3.989,0.0
2015-01-30,3.996,3.996,3.996,3.996,0.0
2015-02-02,3.959,3.959,3.959,3.959,0.0
2015-02-03,3.975,3.975,3.975,3.975,0.0
2015-02-04,3.994,3.994,3.994,3.994,0.0
2015-02-05,3.899,3.899,3.899,3.899,0.0
2015-02-06,3.958,3.958,3.958,3.958,0.0
2015-02-09,3.988,3.988,3.988,3.988,0.0
2015-02-10,4.009,4.009,4.009,4.009,0.0
2015-02-11,3.992,3.992,3.992,3.992,0.0
2015-02-12,3.993,3.993,3.993,3.993,0.0
2015-02-13,4.028,4.028,4.028,4.028,0.0
2015-02-17,3.973,3.973,3.973,3.973,0.0
2015-02-18,4.001,4.001,4.001,4.001,0.0
2015-02-19,3.975,3.975,3.975,3.975,0.0
2015-02-20,3.98,3.98,3.98,3.98,0.0
2015-02-23,3.952,3.952,3.952,3.952,0.0
2015-02-24,3.979,3.979,3.979,3.979,0.0
2015-02-25,3.985,3.985,3.985,3.985,0.0
2015-02-26,3.955,3.955,3.955,3.955,0.0
2015-02-27,3.956,3.956,3.956,3.956,0.0
2015-03-02,3.932,3.932,3.932,3.932,0.0
2015-03-03,3.941,3.941,3.941,3.941,0.0
2015-03-04,3.948,3.948,3.948,3.948,0.0
2015-03-05,3.907,3.907,3.907,3.907,0.0
2015-03-06,3.907,3.907,3.907,3.907,0.0
2015-03-09,3.882,3.882,3.882,3.882,0.0
2015-03-10,3.88,3.88,3.88,3.88,0.0
2015-03-11,3.873,3.873,3.873,3.873,0.0
2015-03-12,3.842,3.842,3.842,3.842,0.0
2015-03-13,3.838,3.838,3.838,3.838,0.0
2015-03-16,3.851,3.851,3.851,3.851,0.0
2015-03-17,3.832,3.832,3.832,3.832,0.0
2015-03-18,3.864,3.864,3.864,3.864,0.0
2015-03-19,3.87,3.87,3.87,3.87,0.0
2015-03-20,3.861,3.861,3.861,3.861,0.0
2015-03-23,3.862,3.862,3.862,3.862,0.0
2015-03-24,3.882,3.882,3.882,3.882,0.0
2015-03-25,3.869,3.869,3.869,3.869,0.0
2015-03-26,3.86,3.86,3.86,3.86,0.0
2015-03-27,3.835,3.835,3.835,3.835,0.0
2015-03-30,3.823,3.823,3.823,3.823,0.0
2015-03-31,3.835,3.835,3.835,3.835,0.0
2015-04-01,3.829,3.829,3.829,3.829,0.0
2015-04-02,3.883,3.883,3.883,3.883,0.0
2015-04-06,3.898,3.898,3.898,3.898,0.0
2015-04-07,3.938,3.938,3.938,3.938,0.0
2015-04-08,3.946,3.946,3.946,3.946,0.0
2015-04-09,3.939,3.939,3.939,3.939,0.0
2015-04-10,3.934,3.934,3.934,3.934,0.0
2015-04-13,3.924,3.924,3.924,3.924,0.0
2015-04-14,3.919,3.919,3.919,3.919,0.0
2015-04-15,3.924,3.924,3.924,3.924,0.0
2015-04-16,3.944,3.944,3.944,3.944,0.0
2015-04-17,3.916,3.916,3.916,3.916,0.0
2015-04-20,3.917,3.917,3.917,3.917,0.0
2015-04-21,3.92,3.92,3.92,3.92,0.0
2015-04-22,3.907,3.907,3.907,3.907,0.0
2015-04-23,3.865,3.865,3.865,3.865,0.0
2015-04-24,3.863,3.863,3.863,3.863,0.0
2015-04-27,3.843,3.843,3.843,3.843,0.0
2015-04-28,3.835,3.835,3.835,3.835,0.0
2015-04-29,3.84,3.84,3.84,3.84,0.0
2015-04-30,3.835,3.835,3.835,3.835,0.0
2015-05-01,3.825,3.825,3.825,3.825,0.0
2015-05-04,3.793,3.793,3.793,3.793,0.0
2015-05-05,3.804,3.804,3.804,3.804,0.0
2015-05-06,3.812,3.812,3.812,3.812,0.0
2015-05-07,3.809,3.809,3.809,3.809,0.0
2015-05-08,3.816,3.816,3.816,3.816,0.0
2015-05-11,3.803,3.803,3.803,3.803,0.0
2015-05-12,3.79,3.79,3.79,3.79,0.0
2015-05-13,3.799,3.799,3.799,3.799,0.0
2015-05-14,3.81,3.81,3.81,3.81,0.0
2015-05-15,3.81,3.81,3.81,3.81,0.0
2015-05-18,3.808,3.808,3.808,3.808,0.0
2015-05-19,3.793,3.793,3.793,3.793,0.0
2015-05-20,3.811,3.811,3.811,3.811,0.0
2015-05-21,3.81,3.81,3.81,3.81,0.0
2015-05-22,3.798,3.798,3.798,3.798,0.0
2015-05-26,3.799,3.799,3.799,3.799,0.0
2015-05-27,3.794,3.794,3.794,3.794,0.0
2015-05-28,3.786,3.786,3.786,3.786,0.0
2015-05-29,3.776,3.776,3.776,3.776,0.0
2015-06-01,3.778,3.778,3.778,3.778,0.0
2015-06-02,3.775,3.775,3.775,3.775,0.0
2015-06-03,3.776,3.776,3.776,3.776,0.0
2015-06-04,3.73,3.73,3.73,3.73,0.0
2015-06-05,3.691,3.691,3.691,3.691,0.0
2015-06-08,3.699,3.699,3.699,3.699,0.0
2015-06-09,3.676,3.676,3.676,3.676,0.0
2015-06-10,3.673,3.673,3.673,3.673,0.0
2015-06-11,3.714,3.714,3.714,3.714,0.0
2015-06-12,3.715,3.715,3.715,3.715,0.0
2015-06-15,3.726,3.726,3.726,3.726,0.0
2015-06-16,3.751,3.751,3.751,3.751,0.0
2015-06-17,3.744,3.744,3.744,3.744,0.0
2015-06-18,3.726,3.726,3.726,3.726,0.0
2015-06-19,3.731,3.731,3.731,3.731,0.0
2015-06-22,3.714,3.714,3.714,3.714,0.0
2015-06-23,3.713,3.713,3.713,3.713,0.0
2015-06-24,3.715,3.715,3.715,3.715,0.0
2015-06-25,3.716,3.716,3.716,3.716,0.0
2015-06-26,3.719,3.719,3.719,3.719,0.0
2015-06-29,3.706,3.706,3.706,3.706,0.0
2015-06-30,3.718,3.718,3.718,3.718,0.0
2015-07-01,3.729,3.729,3.729,3.729,0.0
2015-07-02,3.733,3.733,3.733,3.733,0.0
2015-07-06,3.705,3.705,3.705,3.705,0.0
2015-07-07,3.709,3.709,3.709,3.709,0.0
2015-07-08,3.727,3.727,3.727,3.727,0.0
2015-07-09,3.751,3.751,3.751,3.751,0.0
2015-07-10,3.746,3.746,3.746,3.746,0.0
2015-07-13,3.746,3.746,3.746,3.746,0.0
2015-07-14,3.788,3.788,3.788,3.788,0.0
2015-07-15,3.839,3.839,3.839,3.839,0.0
2015-07-16,3.846,3.846,3.846,3.846,0.0
2015-07-17,3.853,3.853,3.853,3.853,0.0
2015-07-20,3.846,3.846,3.846,3.846,0.0
2015-07-21,3.845,3.845,3.845,3.845,0.0
2015-07-22,3.841,3.841,3.841,3.841,0.0
2015-07-23,3.821,3.821,3.821,3.821,0.0
2015-07-24,3.827,3.827,3.827,3.827,0.0
2015-07-27,3.848,3.848,3.848,3.848,0.0
2015-07-28,3.847,3.847,3.847,3.847,0.0
2015-07-29,3.841,3.841,3.841,3.841,0.0
2015-07-30,3.82,3.82,3.82,3.82,0.0
2015-07-31,3.778,3.778,3.778,3.778,0.0
2015-08-03,3.759,3.759,3.759,3.759,0.0
2015-08-04,3.714,3.714,3.714,3.714,0.0
2015-08-05,3.713,3.713,3.713,3.713,0.0
2015-08-06,3.681,3.681,3.681,3.681,0.0
2015-08-07,3.655,3.655,3.655,3.655,0.0
2015-08-10,3.653,3.653,3.653,3.653,0.0
2015-08-11,3.585,3.585,3.585,3.585,0.0
2015-08-12,3.557,3.557,3.557,3.557,0.0
2015-08-13,3.602,3.602,3.602,3.602,0.0
2015-08-14,3.618,3.618,3.618,3.618,0.0
2015-08-17,3.623,3.623,3.623,3.623,0.0
2015-08-18,3.658,3.658,3.658,3.658,0.0
2015-08-19,3.611,3.611,3.611,3.611,0.0
2015-08-20,3.596,3.596,3.596,3.596,0.0
2015-08-21,3.561,3.561,3.561,3.561,0.0
2015-08-24,3.515,3.515,3.515,3.515,0.0
2015-08-25,3.512,3.512,3.512,3.512,0.0
2015-08-26,3.518,3.518,3.518,3.518,0.0
2015-08-27,3.525,3.525,3.525,3.525,0.0
2015-08-28,3.552,3.552,3.552,3.552,0.0
2015-08-31,3.549,3.549,3.549,3.549,0.0
2015-09-01,3.56,3.56,3.56,3.56,0.0
2015-09-02,3.562,3.562,3.562,3.562,0.0
2015-09-03,3.569,3.569,3.569,3.569,0.0
2015-09-04,3.559,3.559,3.559,3.559,0.0
2015-09-08,3.565,3.565,3.565,3.565,0.0
2015-09-09,3.583,3.583,3.583,3.583,0.0
2015-09-10,3.578,3.578,3.578,3.578,0.0
2015-09-11,3.541,3.541,3.541,3.541,0.0
2015-09-14,3.551,3.551,3.551,3.551,0.0
2015-09-15,3.541,3.541,3.541,3.541,0.0
2015-09-16,3.521,3.521,3.521,3.521,0.0
2015-09-17,3.491,3.491,3.491,3.491,0.0
2015-09-18,3.485,3.485,3.485,3.485,0.0
2015-09-21,3.473,3.473,3.473,3.473,0.0
2015-09-22,3.46,3.46,3.46,3.46,0.0
2015-09-23,3.47,3.47,3.47,3.47,0.0
2015-09-24,3.507,3.507,3.507,3.507,0.0
2015-09-25,3.472,3.472,3.472,3.472,0.0
2015-09-28,3.469,3.469,3.469,3.469,0.0
2015-09-29,3.443,3.443,3.443,3.443,0.0
2015-09-30,3.416,3.416,3.416,3.416,0.0
2015-10-01,3.401,3.401,3.401,3.401,0.0
2015-10-02,3.411,3.411,3.411,3.411,0.0
2015-10-05,3.411,3.411,3.411,3.411,0.0
2015-10-06,3.448,3.448,3.448,3.448,0.0
2015-10-07,3.448,3.448,3.448,3.448,0.0
2015-10-08,3.443,3.443,3.443,3.443,0.0
2015-10-09,3.441,3.441,3.441,3.441,0.0
2015-10-12,3.446,3.446,3.446,3.446,0.0
2015-10-13,3.448,3.448,3.448,3.448,0.0
2015-10-14,3.451,3.451,3.451,3.451,0.0
2015-10-15,3.438,3.438,3.438,3.438,0.0
2015-10-16,3.446,3.446,3.446,3.446,0.0
2015-10-19,3.448,3.448,3.448,3.448,0.0
2015-10-20,3.457,3.457,3.457,3.457,0.0
2015-10-21,3.44,3.44,3.44,3.44,0.0
2015-10-22,3.435,3.435,3.435,3.435,0.0
2015-10-23,3.396,3.396,3.396,3.396,0.0
2015-10-26,3.367,3.367,3.367,3.367,0.0
2015-10-27,3.341,3.341,3.341,3.341,0.0
2015-10-28,3.34,3.34,3.34,3.34,0.0
2015-10-29,3.34,3.34,3.34,3.34,0.0
2015-10-30,3.389,3.389,3.389,3.389,0.0
2015-11-02,3.364,3.364,3.364,3.364,0.0
2015-11-03,3.374,3.374,3.374,3.374,0.0
2015-11-04,3.376,3.376,3.376,3.376,0.0
2015-11-05,3.378,3.378,3.378,3.378,0.0
2015-11-06,3.376,3.376,3.376,3.376,0.0
2015-11-09,3.37,3.37,3.37,3.37,0.0
2015-11-10,3.363,3.363,3.363,3.363,0.0
2015-11-11,3.351,3.351,3.351,3.351,0.0
2015-11-12,3.336,3.336,3.336,3.336,0.0
2015-11-13,3.363,3.363,3.363,3.363,0.0
2015-11-16,3.372,3.372,3.372,3.372,0.0
2015-11-17,3.375,3.375,3.375,3.375,0.0
2015-11-18,3.308,3.308,3.308,3.308,0.0
2015-11-19,3.267,3.267,3.267,3.267,0.0
2015-11-20,3.236,3.236,3.236,3.236,0.0
2015-11-23,3.254,3.254,3.254,3.254,0.0
2015-11-24,3.26,3.26,3.26,3.26,0.0
2015-11-25,3.273,3.273,3.273,3.273,0.0
2015-11-27,3.255,3.255,3.255,3.255,0.0
2015-11-30,3.265,3.265,3.265,3.265,0.0
2015-12-01,3.275,3.275,3.275,3.275,0.0
2015-12-02,3.303,3.303,3.303,3.303,0.0
2015-12-03,3.306,3.306,3.306,3.306,0.0
2015-12-04,3.304,3.304,3.304,3.304,0.0
2015-12-07,3.287,3.287,3.287,3.287,0.0
2015-12-08,3.307,3.307,3.307,3.307,0.0
2015-12-09,3.328,3.328,3.328,3.328,0.0
2015-12-10,3.349,3.349,3.349,3.349,0.0
2015-12-11,3.345,3.345,3.345,3.345,0.0
2015-12-14,3.327,3.327,3.327,3.327,0.0
2015-12-15,3.317,3.317,3.317,3.317,0.0
2015-12-16,3.342,3.342,3.342,3.342,0.0
2015-12-17,3.367,3.367,3.367,3.367,0.0
2015-12-18,3.345,3.345,3.345,3.345,0.0
2015-12-21,3.322,3.322,3.322,3.322,0.0
2015-12-22,3.332,3.332,3.332,3.332,0.0
2015-12-23,3.325,3.325,3.325,3.325,0.0
2015-12-24,3.325,3.325,3.325,3.325,0.0
2015-12-28,3.371,3.371,3.371,3.371,0.0
2015-12-29,3.356,3.356,3.356,3.356,0.0
2015-12-30,3.347,3.347,3.347,3.347,0.0
2015-12-31,3.348,3.348,3.348,3.348,0.0
2016-01-04,3.328,3.328,3.328,3.328,0.0
2016-01-05,3.302,3.302,3.302,3.302,0.0
2016-01-06,3.301,3.301,3.301,3.301,0.0
2016-01-07,3.322,3.322,3.322,3.322,0.0
2016-01-08,3.3,3.3,3.3,3.3,0.0
2016-01-11,3.273,3.273,3.273,3.273,0.0
2016-01-12,3.232,3.232,3.232,3.232,0.0
2016-01-13,3.252,3.252,3.252,3.252,0.0
2016-01-14,3.267,3.267,3.267,3.267,0.0
2016-01-15,3.251,3.251,3.251,3.251,0.0
2016-01-19,3.253,3.253,3.253,3.253,0.0
2016-01-20,3.241,3.241,3.241,3.241,0.0
2016-01-21,3.249,3.249,3.249,3.249,0.0
2016-01-22,3.244,3.244,3.244,3.244,0.0
2016-01-25,3.245,3.245,3.245,3.245,0.0
2016-01-26,3.229,3.229,3.229,3.229,0.0
2016-01-27,3.229,3.229,3.229,3.229,0.0
2016-01-28,3.273,3.273,3.273,3.273,0.0
2016-01-29,3.255,3.255,3.255,3.255,0.0
2016-02-01,3.214,3.214,3.214,3.214,0.0
2016-02-02,3.154,3.154,3.154,3.154,0.0
2016-02-03,3.176,3.176,3.176,3.176,0.0
2016-02-04,3.179,3.179,3.179,3.179,0.0
2016-02-05,3.177,3.177,3.177,3.177,4.0
2016-02-08,3.12,3.12,3.12,3.12,0.0
2016-02-09,3.094,3.094,3.094,3.094,0.0
2016-02-10,3.059,3.059,3.059,3.059,0.0
2016-02-11,3.017,3.017,3.017,3.017,0.0
2016-02-12,2.989,2.989,2.989,2.989,0.0
2016-02-16,2.959,2.959,2.959,2.959,0.0
2016-02-17,2.949,2.949,2.949,2.949,0.0
2016-02-18,2.918,2.918,2.918,2.918,0.0
2016-02-19,2.898,2.898,2.898,2.898,0.0
2016-02-22,2.837,2.837,2.837,2.837,0.0
2016-02-23,2.853,2.853,2.853,2.853,0.0
2016-02-24,2.883,2.883,2.883,2.883,0.0
2016-02-25,2.879,2.879,2.879,2.879,0.0
2016-02-26,2.885,2.885,2.885,2.885,0.0
2016-02-29,2.936,2.936,2.936,2.936,0.0
2016-03-01,2.961,2.961,2.961,2.961,0.0
2016-03-02,2.949,2.949,2.949,2.949,0.0
2016-03-03,2.957,2.957,2.957,2.957,0.0
2016-03-04,2.956,2.956,2.956,2.956,0.0
2016-03-07,2.963,2.963,2.963,2.963,0.0
2016-03-08,2.969,2.969,2.969,2.969,0.0
2016-03-09,3.017,3.017,3.017,3.017,0.0
2016-03-10,3.027,3.027,3.027,3.027,0.0
2016-03-11,3.041,3.041,3.041,3.041,0.0
2016-03-14,3.034,3.034,3.034,3.034,0.0
2016-03-15,3.031,3.031,3.031,3.031,0.0
2016-03-16,3.037,3.037,3.037,3.037,0.0
2016-03-17,3.042,3.042,3.042,3.042,0.0
2016-03-18,3.032,3.032,3.032,3.032,0.0
2016-03-21,3.03,3.03,3.03,3.03,0.0
2016-03-22,3.053,3.053,3.053,3.053,0.0
2016-03-23,3.073,3.073,3.073,3.073,0.0
2016-03-24,3.128,3.128,3.128,3.128,0.0
2016-03-28,3.188,3.188,3.188,3.188,0.0
2016-03-29,3.217,3.217,3.217,3.217,0.0
2016-03-30,3.218,3.218,3.218,3.218,0.0
2016-03-31,3.234,3.234,3.234,3.234,0.0
2016-04-01,3.23,3.23,3.23,3.23,0.0
2016-04-04,3.218,3.218,3.218,3.218,0.0
2016-04-05,3.226,3.226,3.226,3.226,0.0
2016-04-06,3.26,3.26,3.26,3.26,0.0
2016-04-07,3.265,3.265,3.265,3.265,0.0
2016-04-08,3.28,3.28,3.28,3.28,0.0
2016-04-11,3.27,3.27,3.27,3.27,0.0
2016-04-12,3.271,3.271,3.271,3.271,0.0
2016-04-13,3.275,3.275,3.275,3.275,0.0
2016-04-14,3.274,3.274,3.274,3.274,0.0
2016-04-15,3.245,3.245,3.245,3.245,0.0
2016-04-18,3.237,3.237,3.237,3.237,0.0
2016-04-19,3.229,3.229,3.229,3.229,0.0
2016-04-20,3.229,3.229,3.229,3.229,0.0
2016-04-21,3.258,3.258,3.258,3.258,0.0
2016-04-22,3.25,3.25,3.25,3.25,0.0
2016-04-25,3.264,3.264,3.264,3.264,0.0
2016-04-26,3.312,3.312,3.312,3.312,0.0
2016-04-27,3.33,3.33,3.33,3.33,0.0
2016-04-28,3.323,3.323,3.323,3.323,0.0
2016-04-29,3.321,3.321,3.321,3.321,0.0
2016-05-02,3.301,3.301,3.301,3.301,0.0
2016-05-03,3.299,3.299,3.299,3.299,0.0
2016-05-04,3.308,3.308,3.308,3.308,0.0
2016-05-05,3.339,3.339,3.339,3.339,0.0
2016-05-06,3.337,3.337,3.337,3.337,0.0
2016-05-09,3.325,3.325,3.325,3.325,0.0
2016-05-10,3.303,3.303,3.303,3.303,0.0
2016-05-11,3.289,3.289,3.289,3.289,0.0
2016-05-12,3.274,3.274,3.274,3.274,0.0
2016-05-13,3.272,3.272,3.272,3.272,0.0
2016-05-16,3.277,3.277,3.277,3.277,0.0
2016-05-17,3.261,3.261,3.261,3.261,0.0
2016-05-18,3.247,3.247,3.247,3.247,0.0
2016-05-19,3.264,3.264,3.264,3.264,0.0
2016-05-20,3.252,3.252,3.252,3.252,0.0
2016-05-23,3.249,3.249,3.249,3.249,0.0
2016-05-24,3.254,3.254,3.254,3.254,0.0
2016-05-25,3.288,3.288,3.288,3.288,0.0
2016-05-26,3.319,3.319,3.319,3.319,0.0
2016-05-27,3.329,3.329,3.329,3.329,0.0
2016-05-31,3.333,3.333,3.333,3.333,0.0
2016-06-01,3.327,3.327,3.327,3.327,0.0
2016-06-02,3.317,3.317,3.317,3.317,0.0
2016-06-03,3.308,3.308,3.308,3.308,0.0
2016-06-06,3.302,3.302,3.302,3.302,0.0
2016-06-07,3.326,3.326,3.326,3.326,0.0
2016-06-08,3.319,3.319,3.319,3.319,0.0
2016-06-09,3.312,3.312,3.312,3.312,0.0
2016-06-10,3.291,3.291,3.291,3.291,0.0
2016-06-13,3.252,3.252,3.252,3.252,0.0
2016-06-14,3.23,3.23,3.23,3.23,0.0
2016-06-15,3.23,3.23,3.23,3.23,0.0
2016-06-16,3.231,3.231,3.231,3.231,0.0
2016-06-17,3.213,3.213,3.213,3.213,0.0
2016-06-20,3.205,3.205,3.205,3.205,0.0
2016-06-21,3.197,3.197,3.197,3.197,0.0
2016-06-22,3.204,3.204,3.204,3.204,0.0
2016-06-23,3.217,3.217,3.217,3.217,0.0
2016-06-24,3.235,3.235,3.235,3.235,0.0
2016-06-27,3.202,3.202,3.202,3.202,0.0
2016-06-28,3.244,3.244,3.244,3.244,0.0
2016-06-29,3.245,3.245,3.245,3.245,0.0
2016-06-30,3.258,3.258,3.258,3.258,0.0
2016-07-01,3.259,3.259,3.259,3.259,0.0
2016-07-05,3.257,3.257,3.257,3.257,0.0
2016-07-06,3.279,3.279,3.279,3.279,0.0
2016-07-07,3.277,3.277,3.277,3.277,0.0
2016-07-08,3.269,3.269,3.269,3.269,0.0
2016-07-11,3.265,3.265,3.265,3.265,0.0
2016-07-12,3.251,3.251,3.251,3.251,0.0
2016-07-13,3.27,3.27,3.27,3.27,0.0
2016-07-14,3.27,3.27,3.27,3.27,0.0
2016-07-15,3.256,3.256,3.256,3.256,0.0
2016-07-18,3.244,3.244,3.244,3.244,0.0
2016-07-19,3.232,3.232,3.232,3.232,0.0
2016-07-20,3.221,3.221,3.221,3.221,0.0
2016-07-21,3.226,3.226,3.226,3.226,0.0
2016-07-22,3.23,3.23,3.23,3.23,0.0
2016-07-25,3.236,3.236,3.236,3.236,0.0
2016-07-26,3.234,3.234,3.234,3.234,0.0
2016-07-27,3.227,3.227,3.227,3.227,0.0
2016-07-28,3.24,3.24,3.24,3.24,0.0
2016-07-29,3.235,3.235,3.235,3.235,0.0
2016-08-01,3.229,3.229,3.229,3.229,0.0
2016-08-02,3.233,3.233,3.233,3.233,0.0
2016-08-03,3.239,3.239,3.239,3.239,0.0
2016-08-04,3.254,3.254,3.254,3.254,0.0
2016-08-05,3.256,3.256,3.256,3.256,0.0
2016-08-08,3.255,3.255,3.255,3.255,0.0
2016-08-09,3.254,3.254,3.254,3.254,0.0
2016-08-10,3.235,3.235,3.235,3.235,0.0
2016-08-11,3.224,3.224,3.224,3.224,0.0
2016-08-12,3.221,3.221,3.221,3.221,0.0
2016-08-15,3.215,3.215,3.215,3.215,0.0
2016-08-16,3.221,3.221,3.221,3.221,0.0
2016-08-17,3.259,3.259,3.259,3.259,0.0
2016-08-18,3.251,3.251,3.251,3.251,0.0
2016-08-19,3.259,3.259,3.259,3.259,0.0
2016-08-22,3.259,3.259,3.259,3.259,0.0
2016-08-23,3.282,3.282,3.282,3.282,0.0
2016-08-24,3.306,3.306,3.306,3.306,0.0
2016-08-25,3.256,3.256,3.256,3.256,0.0
2016-08-26,3.228,3.228,3.228,3.228,0.0
2016-08-29,3.213,3.213,3.213,3.213,0.0
2016-08-30,3.205,3.205,3.205,3.205,0.0
2016-08-31,3.224,3.224,3.224,3.224,0.0
2016-09-01,3.192,3.192,3.192,3.192,0.0
2016-09-02,3.181,3.181,3.181,3.181,0.0
2016-09-06,3.182,3.182,3.182,3.182,0.0
2016-09-07,3.158,3.158,3.158,3.158,0.0
2016-09-08,3.155,3.155,3.155,3.155,0.0
2016-09-09,3.127,3.127,3.127,3.127,0.0
2016-09-12,3.129,3.129,3.129,3.129,0.0
2016-09-13,3.105,3.105,3.105,3.105,0.0
2016-09-14,3.122,3.122,3.122,3.122,0.0
2016-09-15,3.119,3.119,3.119,3.119,0.0
2016-09-16,3.095,3.095,3.095,3.095,0.0
2016-09-19,3.073,3.073,3.073,3.073,0.0
2016-09-20,3.083,3.083,3.083,3.083,0.0
2016-09-21,3.087,3.087,3.087,3.087,0.0
2016-09-22,3.059,3.059,3.059,3.059,0.0
2016-09-23,3.068,3.068,3.068,3.068,0.0
2016-09-26,3.087,3.087,3.087,3.087,0.0
2016-09-27,3.059,3.059,3.059,3.059,0.0
2016-09-28,3.033,3.033,3.033,3.033,0.0
2016-09-29,2.992,2.992,2.992,2.992,0.0
2016-09-30,2.988,2.988,2.988,2.988,4.0
2016-10-03,2.986,2.986,2.986,2.986,0.0
2016-10-04,2.96,2.96,2.96,2.96,0.0
2016-10-05,2.995,2.995,2.995,2.995,0.0
2016-10-06,2.995,2.995,2.995,2.995,0.0
2016-10-07,3.008,3.008,3.008,3.008,0.0
2016-10-10,2.999,2.999,2.999,2.999,0.0
2016-10-11,3.081,3.081,3.081,3.081,0.0
2016-10-12,3.046,3.046,3.046,3.046,0.0
2016-10-13,3.056,3.056,3.056,3.056,0.0
2016-10-14,3.053,3.053,3.053,3.053,0.0
2016-10-17,3.06,3.06,3.06,3.06,0.0
2016-10-18,3.064,3.064,3.064,3.064,0.0
2016-10-19,3.056,3.056,3.056,3.056,0.0
2016-10-20,3.052,3.052,3.052,3.052,0.0
2016-10-21,3.051,3.051,3.051,3.051,0.0
2016-10-24,3.046,3.046,3.046,3.046,0.0
2016-10-25,3.036,3.036,3.036,3.036,0.0
2016-10-26,3.044,3.044,3.044,3.044,0.0
2016-10-27,3.055,3.055,3.055,3.055,0.0
2016-10-28,3.055,3.055,3.055,3.055,0.0
2016-10-31,3.048,3.048,3.048,3.048,0.0
2016-11-01,3.046,3.046,3.046,3.046,0.0
2016-11-02,3.026,3.026,3.026,3.026,0.0
2016-11-03,3.028,3.028,3.028,3.028,0.0
2016-11-04,3.006,3.006,3.006,3.006,0.0
2016-11-07,3.011,3.011,3.011,3.011,0.0
2016-11-08,3.006,3.006,3.006,3.006,0.0
2016-11-09,3.0,3.0,3.0,3.0,0.0
2016-11-10,2.996,2.996,2.996,2.996,0.0
2016-11-11,2.994,2.994,2.994,2.994,0.0
2016-11-14,2.975,2.975,2.975,2.975,0.0
2016-11-15,2.945,2.945,2.945,2.945,0.0
2016-11-16,2.955,2.955,2.955,2.955,0.0
2016-11-17,2.963,2.963,2.963,2.963,0.0
2016-11-18,2.973,2.973,2.973,2.973,0.0
2016-11-21,2.952,2.952,2.952,2.952,0.0
2016-11-22,2.924,2.924,2.924,2.924,0.0
2016-11-23,2.912,2.912,2.912,2.912,0.0
2016-11-25,2.911,2.911,2.911,2.911,0.0
2016-11-28,2.88,2.88,2.88,2.88,0.0
2016-11-29,2.836,2.836,2.836,2.836,0.0
2016-11-30,2.815,2.815,2.815,2.815,0.0
2016-12-01,2.861,2.861,2.861,2.861,0.0
2016-12-02,2.852,2.852,2.852,2.852,0.0
2016-12-05,2.847,2.847,2.847,2.847,0.0
2016-12-06,2.842,2.842,2.842,2.842,0.0
2016-12-07,2.862,2.862,2.862,2.862,0.0
2016-12-08,2.896,2.896,2.896,2.896,0.0
2016-12-09,2.866,2.866,2.866,2.866,0.0
2016-12-12,2.851,2.851,2.851,2.851,0.0
2016-12-13,2.833,2.833,2.833,2.833,0.0
2016-12-14,2.8,2.8,2.8,2.8,0.0
2016-12-15,2.81,2.81,2.81,2.81,0.0
2016-12-16,2.806,2.806,2.806,2.806,0.0
2016-12-19,2.814,2.814,2.814,2.814,0.0
2016-12-20,2.799,2.799,2.799,2.799,0.0
2016-12-21,2.81,2.81,2.81,2.81,0.0
2016-12-22,2.776,2.776,2.776,2.776,0.0
2016-12-23,2.771,2.771,2.771,2.771,0.0
2016-12-27,2.781,2.781,2.781,2.781,0.0
2016-12-28,2.796,2.796,2.796,2.796,0.0
2016-12-29,2.803,2.803,2.803,2.803,0.0
2016-12-30,2.806,2.806,2.806,2.806,0.0
2017-01-03,2.792,2.792,2.792,2.792,0.0
2017-01-04,2.792,2.792,2.792,2.792,0.0
2017-01-05,2.808,2.808,2.808,2.808,0.0
2017-01-06,2.805,2.805,2.805,2.805,0.0
2017-01-09,2.788,2.788,2.788,2.788,0.0
2017-01-10,2.808,2.808,2.808,2.808,0.0
2017-01-11,2.787,2.787,2.787,2.787,0.0
2017-01-12,2.795,2.795,2.795,2.795,0.0
2017-01-13,2.767,2.767,2.767,2.767,0.0
2017-01-17,2.769,2.769,2.769,2.769,0.0
2017-01-18,2.773,2.773,2.773,2.773,0.0
2017-01-19,2.782,2.782,2.782,2.782,0.0
2017-01-20,2.794,2.794,2.794,2.794,0.0
2017-01-23,2.795,2.795,2.795,2.795,0.0
2017-01-24,2.782,2.782,2.782,2.782,0.0
2017-01-25,2.773,2.773,2.773,2.773,0.0
2017-01-26,2.776,2.776,2.776,2.776,0.0
2017-01-27,2.763,2.763,2.763,2.763,0.0
2017-01-30,2.772,2.772,2.772,2.772,0.0
2017-01-31,2.773,2.773,2.773,2.773,0.0
2017-02-01,2.763,2.763,2.763,2.763,0.0
2017-02-02,2.766,2.766,2.766,2.766,0.0
2017-02-03,2.749,2.749,2.749,2.749,0.0
2017-02-06,2.745,2.745,2.745,2.745,0.0
2017-02-07,2.761,2.761,2.761,2.761,0.0
2017-02-08,2.767,2.767,2.767,2.767,0.0
2017-02-09,2.762,2.762,2.762,2.762,0.0
2017-02-10,2.742,2.742,2.742,2.742,0.0
2017-02-13,2.739,2.739,2.739,2.739,0.0
2017-02-14,2.726,2.726,2.726,2.726,0.0
2017-02-15,2.728,2.728,2.728,2.728,0.0
2017-02-16,2.742,2.742,2.742,2.742,0.0
2017-02-17,2.742,2.742,2.742,2.742,0.0
2017-02-21,2.725,2.725,2.725,2.725,0.0
2017-02-22,2.73,2.73,2.73,2.73,0.0
2017-02-23,2.733,2.733,2.733,2.733,0.0
2017-02-24,2.714,2.714,2.714,2.714,0.0
2017-02-27,2.717,2.717,2.717,2.717,0.0
2017-02-28,2.721,2.721,2.721,2.721,0.0
2017-03-01,2.738,2.738,2.738,2.738,0.0
2017-03-02,2.738,2.738,2.738,2.738,0.0
2017-03-03,2.75,2.75,2.75,2.75,0.0
2017-03-06,2.745,2.745,2.745,2.745,0.0
2017-03-07,2.742,2.742,2.742,2.742,0.0
2017-03-08,2.739,2.739,2.739,2.739,0.0
2017-03-09,2.732,2.732,2.732,2.732,0.0
2017-03-10,2.728,2.728,2.728,2.728,0.0
2017-03-13,2.722,2.722,2.722,2.722,0.0
2017-03-14,2.721,2.721,2.721,2.721,0.0
2017-03-15,2.728,2.728,2.728,2.728,0.0
2017-03-16,2.754,2.754,2.754,2.754,0.0
2017-03-17,2.752,2.752,2.752,2.752,0.0
2017-03-20,2.76,2.76,2.76,2.76,0.0
2017-03-21,2.763,2.763,2.763,2.763,0.0
2017-03-22,2.759,2.759,2.759,2.759,0.0
2017-03-23,2.762,2.762,2.762,2.762,0.0
2017-03-24,2.736,2.736,2.736,2.736,0.0
2017-03-27,2.732,2.732,2.732,2.732,0.0
2017-03-28,2.713,2.713,2.713,2.713,0.0
2017-03-29,2.734,2.734,2.734,2.734,0.0
2017-03-30,2.732,2.732,2.732,2.732,0.0
2017-03-31,2.724,2.724,2.724,2.724,0.0
2017-04-03,2.731,2.731,2.731,2.731,0.0
2017-04-04,2.726,2.726,2.726,2.726,0.0
2017-04-05,2.759,2.759,2.759,2.759,0.0
2017-04-06,2.738,2.738,2.738,2.738,0.0
2017-04-07,2.743,2.743,2.743,2.743,0.0
2017-04-10,2.743,2.743,2.743,2.743,0.0
2017-04-11,2.77,2.77,2.77,2.77,0.0
2017-04-12,2.782,2.782,2.782,2.782,0.0
2017-04-13,2.805,2.805,2.805,2.805,0.0
2017-04-17,2.803,2.803,2.803,2.803,0.0
2017-04-18,2.836,2.836,2.836,2.836,0.0
2017-04-19,2.846,2.846,2.846,2.846,0.0
2017-04-20,2.88,2.88,2.88,2.88,0.0
2017-04-21,2.857,2.857,2.857,2.857,0.0
2017-04-24,2.841,2.841,2.841,2.841,0.0
2017-04-25,2.846,2.846,2.846,2.846,0.0
2017-04-26,2.852,2.852,2.852,2.852,0.0
2017-04-27,2.84,2.84,2.84,2.84,0.0
2017-04-28,2.845,2.845,2.845,2.845,0.0
2017-05-01,2.813,2.813,2.813,2.813,0.0
2017-05-02,2.811,2.811,2.811,2.811,0.0
2017-05-03,2.83,2.83,2.83,2.83,0.0
2017-05-04,2.855,2.855,2.855,2.855,0.0
2017-05-05,2.855,2.855,2.855,2.855,0.0
2017-05-08,2.832,2.832,2.832,2.832,0.0
2017-05-09,2.835,2.835,2.835,2.835,0.0
2017-05-10,2.83,2.83,2.83,2.83,0.0
2017-05-11,2.828,2.828,2.828,2.828,0.0
2017-05-12,2.832,2.832,2.832,2.832,0.0
2017-05-15,2.82,2.82,2.82,2.82,0.0
2017-05-16,2.837,2.837,2.837,2.837,0.0
2017-05-17,2.849,2.849,2.849,2.849,0.0
2017-05-18,2.836,2.836,2.836,2.836,0.0
2017-05-19,2.829,2.829,2.829,2.829,0.0
2017-05-22,2.831,2.831,2.831,2.831,0.0
2017-05-23,2.83,2.83,2.83,2.83,0.0
2017-05-24,2.831,2.831,2.825,2.825,11.0
2017-05-25,2.824,2.824,2.824,2.824,0.0
2017-05-26,2.812,2.812,2.812,2.812,0.0
2017-05-30,2.806,2.806,2.806,2.806,0.0
2017-05-31,2.796,2.796,2.796,2.796,0.0
2017-06-01,2.799,2.799,2.799,2.799,0.0
2017-06-02,2.789,2.789,2.789,2.789,0.0
2017-06-05,2.777,2.777,2.777,2.777,0.0
2017-06-06,2.753,2.753,2.753,2.753,0.0
2017-06-07,2.764,2.764,2.764,2.764,0.0
2017-06-08,2.779,2.779,2.779,2.779,0.0
2017-06-09,2.776,2.776,2.776,2.776,0.0
2017-06-12,2.778,2.778,2.778,2.778,0.0
2017-06-13,2.786,2.786,2.786,2.786,0.0
2017-06-14,2.778,2.778,2.778,2.778,0.0
2017-06-15,2.8,2.8,2.8,2.8,0.0
2017-06-16,2.793,2.793,2.793,2.793,0.0
2017-06-19,2.796,2.796,2.796,2.796,0.0
2017-06-20,2.824,2.824,2.824,2.824,0.0
2017-06-21,2.83,2.83,2.83,2.83,0.0
2017-06-22,2.832,2.832,2.832,2.832,0.0
2017-06-23,2.826,2.826,2.826,2.826,0.0
2017-06-26,2.81,2.81,2.81,2.81,0.0
2017-06-27,2.803,2.803,2.803,2.803,0.0
2017-06-28,2.795,2.795,2.795,2.795,0.0
2017-06-29,2.796,2.796,2.796,2.796,0.0
2017-06-30,2.809,2.809,2.809,2.809,0.0
2017-07-03,2.804,2.804,2.804,2.804,0.0
2017-07-05,2.768,2.768,2.768,2.768,0.0
2017-07-06,2.75,2.75,2.75,2.75,0.0
2017-07-07,2.745,2.745,2.745,2.745,0.0
2017-07-10,2.745,2.745,2.745,2.745,0.0
2017-07-11,2.748,2.748,2.748,2.748,0.0
2017-07-12,2.737,2.737,2.737,2.737,0.0
2017-07-13,2.751,2.751,2.751,2.751,0.0
2017-07-14,2.755,2.755,2.755,2.755,0.0
2017-07-17,2.76,2.76,2.76,2.76,0.0
2017-07-18,2.773,2.773,2.773,2.773,0.0
2017-07-19,2.758,2.758,2.758,2.758,0.0
2017-07-20,2.745,2.745,2.745,2.745,0.0
2017-07-21,2.731,2.731,2.731,2.731,0.0
2017-07-24,2.683,2.683,2.683,2.683,1.0
2017-07-25,2.689,2.689,2.689,2.689,0.0
2017-07-26,2.673,2.673,2.673,2.673,0.0
2017-07-27,2.673,2.673,2.673,2.673,0.0
2017-07-28,2.695,2.695,2.695,2.695,0.0
2017-07-31,2.682,2.682,2.682,2.682,0.0
2017-08-01,2.702,2.702,2.702,2.702,0.0
2017-08-02,2.71,2.71,2.71,2.71,0.0
2017-08-03,2.725,2.725,2.725,2.725,0.0
2017-08-04,2.718,2.718,2.718,2.718,0.0
2017-08-07,2.717,2.717,2.717,2.717,0.0
2017-08-08,2.721,2.721,2.721,2.721,0.0
2017-08-09,2.715,2.715,2.715,2.715,0.0
2017-08-10,2.716,2.716,2.716,2.716,0.0
2017-08-11,2.72,2.72,2.72,2.72,0.0
2017-08-14,2.724,2.724,2.724,2.724,0.0
2017-08-15,2.714,2.714,2.714,2.714,0.0
2017-08-16,2.704,2.704,2.704,2.704,0.0
2017-08-17,2.705,2.705,2.705,2.705,0.0
2017-08-18,2.705,2.705,2.705,2.705,0.0
2017-08-21,2.693,2.693,2.693,2.693,0.0
2017-08-22,2.689,2.689,2.689,2.689,0.0
2017-08-23,2.691,2.691,2.691,2.691,0.0
2017-08-24,2.655,2.655,2.655,2.655,0.0
2017-08-25,2.642,2.642,2.642,2.642,0.0
2017-08-28,2.655,2.655,2.655,2.655,0.0
2017-08-29,2.65,2.65,2.65,2.65,0.0
2017-08-30,2.654,2.654,2.654,2.654,0.0
2017-08-31,2.667,2.667,2.667,2.667,0.0
2017-09-01,2.674,2.674,2.674,2.674,0.0
2017-09-05,2.67,2.67,2.67,2.67,0.0
2017-09-06,2.66,2.66,2.66,2.66,0.0
2017-09-07,2.688,2.688,2.688,2.688,0.0
2017-09-08,2.694,2.694,2.694,2.694,0.0
2017-09-11,2.705,2.705,2.705,2.705,0.0
2017-09-12,2.714,2.714,2.714,2.714,0.0
2017-09-13,2.7,2.7,2.7,2.7,0.0
2017-09-14,2.717,2.717,2.717,2.717,0.0
2017-09-15,2.722,2.722,2.722,2.722,0.0
2017-09-18,2.743,2.743,2.743,2.743,0.0
2017-09-19,2.723,2.723,2.723,2.723,0.0
2017-09-20,2.725,2.725,2.725,2.725,0.0
2017-09-21,2.72,2.72,2.72,2.72,0.0
2017-09-22,2.734,2.734,2.734,2.734,0.0
2017-09-25,2.719,2.719,2.719,2.719,0.0
2017-09-26,2.73,2.73,2.73,2.73,0.0
2017-09-27,2.743,2.743,2.743,2.743,0.0
2017-09-28,2.74,2.74,2.74,2.74,0.0
2017-09-29,2.733,2.733,2.733,2.733,0.0
2017-10-02,2.743,2.743,2.743,2.743,0.0
2017-10-03,2.753,2.753,2.753,2.753,0.0
2017-10-04,2.754,2.754,2.754,2.754,0.0
2017-10-05,2.755,2.755,2.755,2.755,0.0
2017-10-06,2.745,2.745,2.745,2.745,0.0
2017-10-09,2.755,2.755,2.755,2.755,0.0
2017-10-10,2.745,2.745,2.745,2.745,0.0
2017-10-11,2.742,2.742,2.742,2.742,0.0
2017-10-12,2.761,2.761,2.761,2.761,0.0
2017-10-13,2.759,2.759,2.759,2.759,0.0
2017-10-16,2.782,2.782,2.782,2.782,0.0
2017-10-17,2.788,2.788,2.788,2.788,0.0
2017-10-18,2.795,2.795,2.795,2.795,0.0
2017-10-19,2.808,2.808,2.808,2.808,0.0
2017-10-20,2.823,2.823,2.823,2.823,0.0
2017-10-23,2.803,2.803,2.803,2.803,0.0
2017-10-24,2.802,2.802,2.802,2.802,0.0
2017-10-25,2.803,2.803,2.803,2.803,0.0
2017-10-26,2.795,2.795,2.795,2.795,0.0
2017-10-27,2.778,2.778,2.778,2.778,0.0
2017-10-30,2.798,2.798,2.798,2.798,0.0
2017-10-31,2.791,2.791,2.791,2.791,0.0
2017-11-01,2.795,2.795,2.795,2.795,0.0
2017-11-02,2.781,2.781,2.781,2.781,0.0
2017-11-03,2.776,2.776,2.776,2.776,0.0
2017-11-06,2.774,2.774,2.774,2.774,0.0
2017-11-07,2.773,2.773,2.773,2.773,0.0
2017-11-08,2.774,2.774,2.774,2.774,0.0
2017-11-09,2.787,2.787,2.787,2.787,0.0
2017-11-10,2.774,2.774,2.774,2.774,0.0
2017-11-13,2.771,2.771,2.771,2.771,0.0
2017-11-14,2.779,2.779,2.779,2.779,0.0
2017-11-15,2.776,2.776,2.776,2.776,0.0
2017-11-16,2.782,2.782,2.782,2.782,0.0
2017-11-17,2.787,2.787,2.787,2.787,0.0
2017-11-20,2.781,2.781,2.781,2.781,0.0
2017-11-21,2.783,2.783,2.783,2.783,0.0
2017-11-22,2.77,2.77,2.77,2.77,0.0
2017-11-24,2.771,2.771,2.771,2.771,0.0
2017-11-27,2.773,2.773,2.773,2.773,0.0
2017-11-28,2.778,2.778,2.778,2.778,0.0
2017-11-29,2.795,2.795,2.795,2.795,0.0
2017-11-30,2.783,2.783,2.783,2.783,0.0
2017-12-01,2.77,2.77,2.77,2.77,0.0
2017-12-04,2.74,2.74,2.74,2.74,0.0
2017-12-05,2.735,2.735,2.735,2.735,0.0
2017-12-06,2.728,2.728,2.728,2.728,0.0
2017-12-07,2.732,2.732,2.732,2.732,0.0
2017-12-08,2.735,2.735,2.735,2.735,0.0
2017-12-11,2.732,2.732,2.732,2.732,0.0
2017-12-12,2.729,2.729,2.729,2.729,0.0
2017-12-13,2.741,2.741,2.741,2.741,0.0
2017-12-14,2.75,2.75,2.75,2.75,0.0
2017-12-15,2.756,2.756,2.756,2.756,0.0
2017-12-18,2.777,2.777,2.777,2.777,0.0
2017-12-19,2.779,2.779,2.779,2.779,0.0
2017-12-20,2.765,2.765,2.765,2.765,0.0
2017-12-21,2.782,2.782,2.782,2.782,0.0
2017-12-22,2.805,2.805,2.805,2.805,0.0
2017-12-26,2.806,2.806,2.806,2.806,0.0
2017-12-27,2.785,2.785,2.785,2.785,0.0
2017-12-28,2.777,2.777,2.777,2.777,0.0
2017-12-29,2.784,2.784,2.784,2.784,0.0
2018-01-02,2.777,2.777,2.777,2.777,0.0
2018-01-03,2.779,2.779,2.779,2.779,0.0
2018-01-04,2.781,2.781,2.781,2.781,0.0
2018-01-05,2.768,2.768,2.768,2.768,0.0
2018-01-08,2.778,2.778,2.778,2.778,0.0
2018-01-09,2.759,2.759,2.759,2.759,0.0
2018-01-10,2.777,2.777,2.777,2.777,0.0
2018-01-11,2.783,2.783,2.783,2.783,0.0
2018-01-12,2.774,2.774,2.774,2.774,0.0
2018-01-16,2.759,2.759,2.759,2.759,0.0
2018-01-17,2.753,2.753,2.753,2.753,0.0
2018-01-18,2.754,2.754,2.754,2.754,0.0
2018-01-19,2.766,2.766,2.766,2.766,0.0
2018-01-22,2.785,2.785,2.785,2.785,5.0
2018-01-23,2.797,2.797,2.797,2.797,0.0
2018-01-24,2.811,2.811,2.811,2.811,0.0
2018-01-25,2.811,2.811,2.811,2.811,0.0
2018-01-26,2.792,2.792,2.792,2.792,0.0
2018-01-29,2.799,2.799,2.799,2.799,0.0
2018-01-30,2.79,2.79,2.79,2.79,0.0
2018-01-31,2.776,2.776,2.776,2.776,0.0
2018-02-01,2.788,2.788,2.788,2.788,0.0
2018-02-02,2.795,2.795,2.795,2.795,0.0
2018-02-05,2.812,2.812,2.812,2.812,0.0
2018-02-06,2.809,2.809,2.809,2.809,0.0
2018-02-07,2.789,2.789,2.789,2.789,0.0
2018-02-08,2.787,2.787,2.787,2.787,0.0
2018-02-09,2.772,2.772,2.772,2.772,0.0
2018-02-12,2.753,2.753,2.753,2.753,0.0
2018-02-13,2.751,2.751,2.751,2.751,0.0
2018-02-14,2.755,2.755,2.755,2.755,0.0
2018-02-15,2.749,2.749,2.749,2.749,0.0
2018-02-16,2.751,2.751,2.751,2.751,0.0
2018-02-20,2.755,2.755,2.755,2.755,0.0
2018-02-21,2.773,2.773,2.773,2.773,0.0
2018-02-22,2.774,2.774,2.774,2.774,0.0
2018-02-23,2.766,2.766,2.766,2.766,0.0
2018-02-26,2.774,2.774,2.774,2.774,0.0
2018-02-27,2.772,2.772,2.772,2.772,0.0
2018-02-28,2.755,2.755,2.755,2.755,0.0
2018-03-01,2.763,2.763,2.763,2.763,0.0
2018-03-02,2.777,2.777,2.777,2.777,0.0
2018-03-05,2.792,2.792,2.792,2.792,0.0
2018-03-06,2.792,2.792,2.792,2.792,0.0
2018-03-07,2.782,2.782,2.782,2.782,0.0
2018-03-08,2.752,2.752,2.752,2.752,0.0
2018-03-09,2.724,2.724,2.724,2.724,0.0
2018-03-12,2.723,2.723,2.723,2.723,0.0
2018-03-13,2.723,2.723,2.723,2.723,0.0
2018-03-14,2.746,2.746,2.746,2.746,0.0
2018-03-15,2.769,2.769,2.769,2.769,0.0
2018-03-16,2.77,2.77,2.77,2.77,0.0
2018-03-19,2.76,2.76,2.76,2.76,0.0
2018-03-20,2.765,2.765,2.765,2.765,0.0
2018-03-21,2.756,2.756,2.756,2.756,0.0
2018-03-22,2.744,2.744,2.744,2.744,0.0
2018-03-23,2.723,2.723,2.723,2.723,0.0
2018-03-26,2.75,2.75,2.75,2.75,0.0
2018-03-27,2.762,2.762,2.762,2.762,0.0
2018-03-28,2.766,2.766,2.766,2.766,0.0
2018-03-29,2.793,2.793,2.793,2.793,0.0
2018-04-02,2.782,2.782,2.782,2.782,0.0
2018-04-03,2.775,2.775,2.775,2.775,0.0
2018-04-04,2.756,2.756,2.756,2.756,0.0
2018-04-05,2.764,2.764,2.764,2.764,0.0
2018-04-06,2.761,2.761,2.761,2.761,0.0
2018-04-09,2.752,2.752,2.752,2.752,0.0
2018-04-10,2.761,2.761,2.761,2.761,0.0
2018-04-11,2.772,2.772,2.772,2.772,0.0
2018-04-12,2.784,2.784,2.784,2.784,0.0
2018-04-13,2.778,2.778,2.778,2.778,0.0
2018-04-16,2.78,2.78,2.78,2.78,0.0
2018-04-17,2.776,2.776,2.776,2.776,0.0
2018-04-18,2.757,2.757,2.757,2.757,0.0
2018-04-19,2.714,2.714,2.714,2.714,0.0
2018-04-20,2.719,2.719,2.719,2.719,0.0
2018-04-23,2.711,2.711,2.711,2.711,0.0
2018-04-24,2.711,2.711,2.711,2.711,0.0
2018-04-25,2.706,2.706,2.706,2.706,0.0
2018-04-26,2.699,2.699,2.699,2.699,0.0
2018-04-27,2.701,2.701,2.701,2.701,0.0
2018-04-30,2.696,2.696,2.696,2.696,0.0
2018-05-01,2.684,2.684,2.684,2.684,0.0
2018-05-02,2.683,2.683,2.683,2.683,0.0
2018-05-03,2.686,2.686,2.686,2.686,0.0
2018-05-04,2.674,2.674,2.674,2.674,0.0
2018-05-07,2.672,2.672,2.672,2.672,0.0
2018-05-08,2.632,2.632,2.632,2.632,0.0
2018-05-09,2.621,2.621,2.621,2.621,0.0
2018-05-10,2.619,2.619,2.619,2.619,0.0
2018-05-11,2.622,2.622,2.622,2.622,0.0
2018-05-14,2.617,2.617,2.617,2.617,0.0
2018-05-15,2.616,2.616,2.616,2.616,0.0
2018-05-16,2.613,2.613,2.613,2.613,0.0
2018-05-17,2.62,2.62,2.62,2.62,0.0
2018-05-18,2.635,2.635,2.635,2.635,0.0
2018-05-21,2.641,2.641,2.641,2.641,0.0
2018-05-22,2.646,2.646,2.646,2.646,0.0
2018-05-23,2.641,2.641,2.641,2.641,0.0
2018-05-24,2.635,2.635,2.635,2.635,0.0
2018-05-25,2.62,2.62,2.607,2.607,18.0
2018-05-29,2.584,2.584,2.584,2.584,12.0
2018-05-30,2.586,2.586,2.586,2.586,0.0
2018-05-31,2.589,2.589,2.589,2.589,0.0
2018-06-01,2.582,2.582,2.582,2.582,0.0
2018-06-04,2.567,2.567,2.567,2.567,0.0
2018-06-05,2.575,2.575,2.575,2.575,0.0
2018-06-06,2.59,2.59,2.59,2.59,0.0
2018-06-07,2.567,2.567,2.567,2.567,0.0
2018-06-08,2.57,2.57,2.57,2.57,0.0
2018-06-11,2.554,2.554,2.554,2.554,0.0
2018-06-12,2.569,2.569,2.569,2.569,0.0
2018-06-13,2.587,2.587,2.587,2.587,0.0
2018-06-14,2.581,2.581,2.581,2.581,0.0
2018-06-15,2.586,2.586,2.586,2.586,0.0
2018-06-18,2.589,2.589,2.589,2.589,0.0
2018-06-19,2.581,2.581,2.581,2.581,0.0
2018-06-20,2.573,2.573,2.573,2.573,0.0
2018-06-21,2.573,2.573,2.573,2.573,0.0
2018-06-22,2.574,2.574,2.574,2.574,0.0
2018-06-25,2.57,2.57,2.57,2.57,0.0
2018-06-26,2.568,2.568,2.568,2.568,0.0
2018-06-27,2.573,2.573,2.573,2.573,0.0
2018-06-28,2.573,2.573,2.573,2.573,0.0
2018-06-29,2.569,2.569,2.569,2.569,0.0
2018-07-02,2.564,2.564,2.564,2.564,0.0
2018-07-03,2.557,2.557,2.557,2.557,0.0
2018-07-05,2.555,2.555,2.555,2.555,0.0
2018-07-06,2.55,2.55,2.55,2.55,0.0
2018-07-09,2.537,2.537,2.537,2.537,0.0
2018-07-10,2.535,2.535,2.535,2.535,0.0
2018-07-11,2.522,2.522,2.522,2.522,1.0
2018-07-12,2.519,2.519,2.519,2.519,0.0
2018-07-13,2.517,2.517,2.517,2.517,0.0
2018-07-16,2.498,2.498,2.498,2.498,0.0
2018-07-17,2.493,2.493,2.493,2.493,0.0
2018-07-18,2.483,2.483,2.483,2.483,0.0
2018-07-19,2.486,2.486,2.486,2.486,0.0
2018-07-20,2.487,2.487,2.487,2.487,0.0
2018-07-23,2.496,2.496,2.496,2.496,0.0
2018-07-24,2.503,2.503,2.503,2.503,0.0
2018-07-25,2.514,2.514,2.514,2.514,0.0
2018-07-26,2.51,2.51,2.51,2.51,0.0
2018-07-27,2.532,2.532,2.532,2.532,0.0
2018-07-30,2.55,2.55,2.536,2.536,1.0
2018-07-31,2.538,2.538,2.538,2.538,0.0
2018-08-01,2.508,2.508,2.508,2.508,0.0
2018-08-02,2.512,2.512,2.512,2.512,0.0
2018-08-03,2.512,2.512,2.512,2.512,0.0
2018-08-06,2.493,2.493,2.493,2.493,0.0
2018-08-07,2.502,2.502,2.502,2.502,0.0
2018-08-08,2.515,2.515,2.515,2.515,0.0
2018-08-09,2.516,2.516,2.516,2.516,0.0
2018-08-10,2.532,2.532,2.532,2.532,0.0
2018-08-13,2.54,2.54,2.54,2.54,0.0
2018-08-14,2.542,2.542,2.542,2.542,0.0
2018-08-15,2.542,2.542,2.542,2.542,0.0
2018-08-16,2.532,2.532,2.532,2.532,0.0
2018-08-17,2.534,2.534,2.534,2.534,0.0
2018-08-20,2.533,2.533,2.533,2.533,0.0
2018-08-21,2.527,2.527,2.527,2.527,0.0
2018-08-22,2.514,2.514,2.514,2.514,0.0
2018-08-23,2.507,2.507,2.507,2.507,0.0
2018-08-24,2.498,2.498,2.498,2.498,0.0
2018-08-27,2.466,2.466,2.466,2.466,1.0
2018-08-28,2.443,2.443,2.443,2.443,0.0
2018-08-29,2.45,2.45,2.45,2.45,0.0
2018-08-30,2.449,2.449,2.449,2.449,0.0
2018-08-31,2.468,2.468,2.468,2.468,0.0
2018-09-04,2.452,2.452,2.452,2.452,0.0
2018-09-05,2.457,2.457,2.457,2.457,0.0
2018-09-06,2.467,2.467,2.467,2.467,0.0
2018-09-07,2.468,2.468,2.468,2.468,0.0
2018-09-10,2.477,2.477,2.477,2.477,0.0
2018-09-11,2.479,2.479,2.479,2.479,0.0
2018-09-12,2.489,2.489,2.489,2.489,0.0
2018-09-13,2.505,2.505,2.505,2.505,0.0
2018-09-14,2.505,2.505,2.505,2.505,0.0
2018-09-17,2.509,2.509,2.509,2.509,0.0
2018-09-18,2.51,2.51,2.51,2.51,0.0
2018-09-19,2.498,2.498,2.498,2.498,0.0
2018-09-20,2.502,2.502,2.502,2.502,2.0
2018-09-21,2.5,2.5,2.5,2.5,0.0
2018-09-24,2.492,2.492,2.492,2.492,16.0
2018-09-25,2.494,2.494,2.494,2.494,0.0
2018-09-26,2.506,2.506,2.501,2.501,1.0
2018-09-27,2.497,2.497,2.497,2.497,0.0
2018-09-28,2.498,2.498,2.498,2.498,0.0
2018-10-01,2.503,2.503,2.503,2.503,0.0
2018-10-02,2.501,2.501,2.501,2.501,0.0
2018-10-03,2.5,2.5,2.5,2.5,0.0
2018-10-04,2.502,2.502,2.502,2.502,0.0
2018-10-05,2.502,2.502,2.502,2.502,0.0
2018-10-08,2.513,2.513,2.513,2.513,0.0
2018-10-09,2.514,2.514,2.514,2.514,0.0
2018-10-10,2.51,2.51,2.51,2.51,0.0
2018-10-11,2.534,2.534,2.534,2.534,0.0
2018-10-12,2.535,2.535,2.535,2.535,0.0
2018-10-15,2.535,2.535,2.535,2.535,0.0
2018-10-16,2.523,2.523,2.523,2.523,0.0
2018-10-17,2.518,2.518,2.518,2.518,0.0
2018-10-18,2.517,2.517,2.517,2.517,0.0
2018-10-19,2.514,2.514,2.514,2.514,0.0
2018-10-22,2.515,2.515,2.515,2.515,11.0
2018-10-23,2.517,2.517,2.517,2.517,0.0
2018-10-24,2.514,2.514,2.514,2.514,0.0
2018-10-25,2.512,2.512,2.512,2.512,0.0
2018-10-26,2.514,2.514,2.514,2.514,0.0
2018-10-29,2.517,2.517,2.517,2.517,0.0
2018-10-30,2.524,2.524,2.524,2.524,0.0
2018-10-31,2.523,2.523,2.523,2.523,0.0
2018-11-01,2.528,2.528,2.528,2.528,0.0
2018-11-02,2.54,2.54,2.54,2.54,0.0
2018-11-05,2.547,2.547,2.547,2.547,0.0
2018-11-06,2.563,2.563,2.563,2.563,0.0
2018-11-07,2.562,2.562,2.562,2.562,0.0
2018-11-08,2.563,2.563,2.563,2.563,0.0
2018-11-09,2.564,2.564,2.564,2.564,0.0
2018-11-12,2.582,2.582,2.582,2.582,0.0
2018-11-13,2.592,2.592,2.561,2.561,2.0
2018-11-14,2.57,2.57,2.545,2.545,14.0
2018-11-15,2.569,2.569,2.559,2.559,11.0
2018-11-16,2.544,2.544,2.544,2.544,0.0
2018-11-19,2.549,2.549,2.523,2.523,1.0
2018-11-20,2.521,2.521,2.521,2.521,0.0
2018-11-21,2.519,2.519,2.519,2.519,0.0
2018-11-23,2.544,2.544,2.544,2.544,0.0
2018-11-26,2.537,2.537,2.537,2.537,0.0
2018-11-27,2.533,2.533,2.533,2.533,0.0
2018-11-28,2.561,2.561,2.561,2.561,0.0
2018-11-29,2.587,2.587,2.587,2.587,0.0
2018-11-30,2.617,2.617,2.617,2.617,0.0
2018-12-03,2.589,2.589,2.589,2.589,0.0
2018-12-04,2.575,2.575,2.575,2.575,0.0
2018-12-05,2.577,2.577,2.577,2.577,0.0
2018-12-06,2.588,2.588,2.588,2.588,0.0
2018-12-07,2.586,2.586,2.586,2.586,0.0
2018-12-10,2.587,2.587,2.587,2.587,0.0
2018-12-11,2.582,2.582,2.564,2.564,2.0
2018-12-12,2.567,2.567,2.567,2.567,0.0
2018-12-13,2.549,2.549,2.549,2.549,2.0
2018-12-14,2.559,2.559,2.559,2.559,0.0
2018-12-17,2.558,2.558,2.558,2.558,0.0
2018-12-18,2.559,2.559,2.559,2.559,0.0
2018-12-19,2.558,2.558,2.558,2.558,0.0
2018-12-20,2.564,2.564,2.564,2.564,0.0
2018-12-21,2.569,2.569,2.569,2.569,0.0
2018-12-24,2.566,2.566,2.566,2.566,0.0
2018-12-26,2.563,2.563,2.563,2.563,0.0
2018-12-27,2.561,2.561,2.561,2.561,0.0
2018-12-28,2.55,2.55,2.55,2.55,0.0
2018-12-31,2.558,2.558,2.558,2.558,0.0
2019-01-02,2.556,2.556,2.556,2.556,0.0
2019-01-03,2.548,2.548,2.548,2.548,0.0
2019-01-04,2.565,2.565,2.565,2.565,0.0
2019-01-07,2.566,2.566,2.566,2.566,0.0
2019-01-08,2.576,2.576,2.562,2.562,2.0
2019-01-09,2.562,2.562,2.562,2.562,0.0
2019-01-10,2.58,2.58,2.57,2.57,1.0
2019-01-11,2.581,2.581,2.581,2.581,0.0
2019-01-14,2.58,2.58,2.58,2.58,0.0
2019-01-15,2.57,2.57,2.57,2.57,0.0
2019-01-16,2.539,2.539,2.539,2.539,0.0
2019-01-17,2.552,2.552,2.552,2.552,0.0
2019-01-18,2.56,2.56,2.56,2.56,0.0
2019-01-22,2.573,2.573,2.573,2.573,0.0
2019-01-23,2.568,2.568,2.568,2.568,0.0
2019-01-24,2.553,2.553,2.553,2.553,0.0
2019-01-25,2.563,2.563,2.563,2.563,0.0
2019-01-28,2.552,2.552,2.552,2.552,0.0
2019-01-29,2.555,2.555,2.555,2.555,0.0
2019-01-30,2.546,2.546,2.546,2.546,2.0
2019-01-31,2.535,2.535,2.535,2.535,0.0
2019-02-01,2.544,2.544,2.544,2.544,0.0
2019-02-04,2.531,2.531,2.531,2.531,0.0
2019-02-05,2.55,2.55,2.55,2.55,0.0
2019-02-06,2.555,2.555,2.555,2.555,0.0
2019-02-07,2.553,2.553,2.553,2.553,0.0
2019-02-08,2.557,2.557,2.557,2.557,0.0
2019-02-11,2.561,2.561,2.561,2.561,0.0
2019-02-12,2.569,2.569,2.569,2.569,0.0
2019-02-13,2.57,2.57,2.57,2.57,0.0
2019-02-14,2.563,2.563,2.563,2.563,0.0
2019-02-15,2.547,2.547,2.547,2.547,0.0
2019-02-19,2.563,2.563,2.563,2.563,0.0
2019-02-20,2.55,2.55,2.55,2.55,0.0
2019-02-21,2.555,2.555,2.545,2.545,1.0
2019-02-22,2.542,2.542,2.542,2.542,0.0
2019-02-25,2.539,2.539,2.539,2.539,0.0
2019-02-26,2.519,2.519,2.519,2.519,0.0
2019-02-27,2.547,2.547,2.547,2.547,0.0
2019-02-28,2.551,2.551,2.551,2.551,0.0
2019-03-01,2.55,2.55,2.55,2.55,0.0
2019-03-04,2.546,2.546,2.546,2.546,0.0
2019-03-05,2.544,2.544,2.544,2.544,0.0
2019-03-06,2.544,2.544,2.544,2.544,0.0
2019-03-07,2.546,2.546,2.546,2.546,0.0
2019-03-08,2.541,2.541,2.541,2.541,0.0
2019-03-11,2.555,2.555,2.555,2.555,0.0
2019-03-12,2.569,2.569,2.569,2.569,0.0
2019-03-13,2.576,2.576,2.576,2.576,0.0
2019-03-14,2.586,2.586,2.571,2.571,1.0
2019-03-15,2.57,2.57,2.57,2.57,0.0
2019-03-18,2.573,2.573,2.573,2.573,0.0
2019-03-19,2.574,2.574,2.574,2.574,0.0
2019-03-20,2.572,2.572,2.572,2.572,0.0
2019-03-21,2.578,2.578,2.578,2.578,0.0
2019-03-22,2.568,2.568,2.568,2.568,0.0
2019-03-25,2.578,2.578,2.567,2.567,1.0
2019-03-26,2.569,2.569,2.569,2.569,0.0
2019-03-27,2.56,2.56,2.56,2.56,0.0
2019-03-28,2.563,2.563,2.563,2.563,0.0
2019-03-29,2.562,2.562,2.562,2.562,0.0
2019-04-01,2.561,2.561,2.561,2.561,0.0
2019-04-02,2.568,2.568,2.568,2.568,0.0
2019-04-03,2.574,2.574,2.574,2.574,1.0
2019-04-04,2.569,2.569,2.569,2.569,0.0
2019-04-05,2.573,2.573,2.573,2.573,0.0
2019-04-08,2.576,2.576,2.576,2.576,0.0
2019-04-09,2.583,2.583,2.583,2.583,0.0
2019-04-10,2.576,2.576,2.576,2.576,0.0
2019-04-11,2.574,2.574,2.574,2.574,0.0
2019-04-12,2.574,2.574,2.574,2.574,0.0
2019-04-15,2.574,2.574,2.574,2.574,0.0
2019-04-16,2.575,2.575,2.575,2.575,0.0
2019-04-17,2.565,2.565,2.565,2.565,8.0
2019-04-18,2.55,2.55,2.55,2.55,0.0
2019-04-22,2.538,2.538,2.538,2.538,0.0
2019-04-23,2.529,2.529,2.529,2.529,0.0
2019-04-24,2.539,2.539,2.539,2.539,0.0
2019-04-25,2.549,2.549,2.549,2.549,0.0
2019-04-26,2.549,2.549,2.549,2.549,0.0
2019-04-29,2.559,2.559,2.559,2.559,0.0
2019-04-30,2.564,2.564,2.564,2.564,0.0
2019-05-01,2.566,2.566,2.566,2.566,0.0
2019-05-02,2.563,2.563,2.563,2.563,0.0
2019-05-03,2.534,2.534,2.534,2.534,0.0
2019-05-06,2.537,2.537,2.537,2.537,0.0
2019-05-07,2.537,2.537,2.537,2.537,0.0
2019-05-08,2.531,2.531,2.531,2.531,0.0
2019-05-09,2.538,2.538,2.538,2.538,0.0
2019-05-10,2.529,2.529,2.529,2.529,0.0
2019-05-13,2.532,2.532,2.532,2.532,0.0
2019-05-14,2.543,2.543,2.543,2.543,0.0
2019-05-15,2.541,2.541,2.541,2.541,0.0
2019-05-16,2.548,2.548,2.548,2.548,0.0
2019-05-17,2.552,2.552,2.552,2.552,0.0
2019-05-20,2.557,2.557,2.557,2.557,0.0
2019-05-21,2.56,2.56,2.56,2.56,0.0
2019-05-22,2.577,2.577,2.546,2.546,20.0
2019-05-23,2.566,2.566,2.558,2.558,1.0
2019-05-24,2.563,2.568,2.563,2.568,1.0
2019-05-28,2.559,2.559,2.559,2.559,0.0
2019-05-29,2.542,2.542,2.542,2.542,0.0
2019-05-30,2.54,2.54,2.54,2.54,0.0
2019-05-31,2.537,2.537,2.537,2.537,0.0
2019-06-03,2.525,2.525,2.525,2.525,0.0
2019-06-04,2.531,2.531,2.531,2.531,0.0
2019-06-05,2.525,2.525,2.525,2.525,0.0
2019-06-06,2.536,2.536,2.536,2.536,0.0
2019-06-07,2.537,2.537,2.537,2.537,0.0
2019-06-10,2.537,2.537,2.531,2.531,3.0
2019-06-11,2.531,2.531,2.531,2.531,0.0
2019-06-12,2.527,2.527,2.527,2.527,0.0
2019-06-13,2.528,2.528,2.528,2.528,0.0
2019-06-14,2.533,2.533,2.533,2.533,0.0
2019-06-17,2.536,2.536,2.536,2.536,0.0
2019-06-18,2.519,2.519,2.519,2.519,0.0
2019-06-19,2.52,2.52,2.52,2.52,0.0
2019-06-20,2.524,2.524,2.524,2.524,0.0
2019-06-21,2.539,2.539,2.539,2.539,0.0
2019-06-24,2.539,2.539,2.539,2.539,0.0
2019-06-25,2.543,2.543,2.538,2.538,1.0
2019-06-26,2.53,2.53,2.53,2.53,0.0
2019-06-27,2.526,2.526,2.526,2.526,0.0
2019-06-28,2.501,2.501,2.501,2.501,0.0
2019-07-01,2.494,2.494,2.494,2.494,0.0
2019-07-02,2.49,2.49,2.49,2.49,0.0
2019-07-03,2.486,2.486,2.486,2.486,0.0
2019-07-05,2.498,2.498,2.498,2.498,0.0
2019-07-08,2.494,2.494,2.494,2.494,0.0
2019-07-09,2.507,2.507,2.507,2.507,0.0
2019-07-10,2.499,2.499,2.499,2.499,0.0
2019-07-11,2.507,2.507,2.507,2.507,0.0
2019-07-12,2.515,2.515,2.515,2.515,0.0
2019-07-15,2.52,2.52,2.52,2.52,0.0
2019-07-16,2.496,2.496,2.496,2.496,0.0
2019-07-17,2.493,2.493,2.493,2.493,0.0
2019-07-18,2.51,2.51,2.51,2.51,0.0
2019-07-19,2.515,2.515,2.503,2.503,2.0
2019-07-22,2.506,2.506,2.506,2.506,0.0
2019-07-23,2.505,2.505,2.505,2.505,0.0
2019-07-24,2.498,2.498,2.498,2.498,0.0
2019-07-25,2.499,2.499,2.499,2.499,0.0
2019-07-26,2.5,2.5,2.5,2.5,0.0
2019-07-29,2.489,2.489,2.489,2.489,0.0
2019-07-30,2.492,2.492,2.492,2.492,0.0
2019-07-31,2.498,2.498,2.498,2.498,0.0
2019-08-01,2.506,2.506,2.506,2.506,0.0
2019-08-02,2.493,2.493,2.493,2.493,1.0
2019-08-05,2.48,2.48,2.48,2.48,0.0
2019-08-06,2.48,2.48,2.48,2.48,3.0
2019-08-07,2.465,2.465,2.465,2.465,0.0
2019-08-08,2.466,2.466,2.466,2.466,2.0
2019-08-09,2.454,2.454,2.454,2.454,0.0
2019-08-12,2.428,2.428,2.428,2.428,0.0
2019-08-13,2.428,2.428,2.428,2.428,0.0
2019-08-14,2.403,2.403,2.403,2.403,0.0
2019-08-15,2.385,2.385,2.385,2.385,0.0
2019-08-16,2.378,2.378,2.362,2.362,1.0
2019-08-19,2.364,2.364,2.364,2.364,0.0
2019-08-20,2.361,2.361,2.361,2.361,0.0
2019-08-21,2.362,2.362,2.362,2.362,0.0
2019-08-22,2.351,2.351,2.351,2.351,0.0
2019-08-23,2.372,2.372,2.372,2.372,0.0
2019-08-26,2.385,2.385,2.385,2.385,3.0
2019-08-27,2.402,2.402,2.402,2.402,0.0
2019-08-28,2.421,2.421,2.421,2.421,1.0
2019-08-29,2.428,2.428,2.428,2.428,0.0
2019-08-30,2.423,2.423,2.403,2.403,1.0
2019-09-03,2.428,2.428,2.428,2.428,0.0
2019-09-04,2.405,2.405,2.405,2.405,0.0
2019-09-05,2.411,2.411,2.411,2.411,0.0
2019-09-06,2.398,2.398,2.398,2.398,0.0
2019-09-09,2.394,2.394,2.394,2.394,0.0
2019-09-10,2.424,2.424,2.398,2.398,2.0
2019-09-11,2.427,2.427,2.412,2.412,2.0
2019-09-12,2.417,2.417,2.417,2.417,2.0
2019-09-13,2.403,2.403,2.403,2.403,0.0
2019-09-16,2.41,2.41,2.41,2.41,0.0
2019-09-17,2.409,2.409,2.409,2.409,0.0
2019-09-18,2.422,2.422,2.422,2.422,0.0
2019-09-19,2.427,2.427,2.422,2.422,3.0
2019-09-20,2.433,2.433,2.433,2.433,0.0
2019-09-23,2.43,2.43,2.43,2.43,0.0
2019-09-24,2.426,2.426,2.426,2.426,0.0
2019-09-25,2.425,2.425,2.425,2.425,0.0
2019-09-26,2.426,2.426,2.426,2.426,0.0
2019-09-27,2.415,2.415,2.415,2.415,0.0
2019-09-30,2.42,2.42,2.42,2.42,3.0
2019-10-01,2.423,2.423,2.423,2.423,0.0
2019-10-02,2.427,2.427,2.427,2.427,0.0
2019-10-03,2.417,2.417,2.417,2.417,0.0
2019-10-04,2.411,2.411,2.411,2.411,0.0
2019-10-07,2.413,2.413,2.413,2.413,0.0
2019-10-08,2.395,2.395,2.395,2.395,0.0
2019-10-09,2.384,2.39,2.384,2.39,3.0
2019-10-10,2.39,2.39,2.382,2.382,5.0
2019-10-11,2.39,2.39,2.39,2.39,0.0
2019-10-14,2.396,2.396,2.396,2.396,0.0
2019-10-15,2.405,2.405,2.405,2.405,0.0
2019-10-16,2.399,2.399,2.399,2.399,0.0
2019-10-17,2.397,2.397,2.397,2.397,0.0
2019-10-18,2.392,2.392,2.392,2.392,0.0
2019-10-21,2.387,2.387,2.387,2.387,0.0
2019-10-22,2.391,2.391,2.391,2.391,8.0
2019-10-23,2.385,2.385,2.385,2.385,0.0
2019-10-24,2.389,2.389,2.389,2.389,0.0
2019-10-25,2.387,2.387,2.387,2.387,20.0
2019-10-28,2.396,2.396,2.396,2.396,0.0
2019-10-29,2.402,2.402,2.402,2.402,0.0
2019-10-30,2.43,2.43,2.43,2.43,0.0
2019-10-31,2.425,2.428,2.425,2.428,1.0
2019-11-01,2.432,2.432,2.432,2.432,0.0
2019-11-04,2.431,2.431,2.431,2.431,0.0
2019-11-05,2.431,2.431,2.427,2.427,1.0
2019-11-06,2.411,2.411,2.411,2.411,0.0
2019-11-07,2.401,2.401,2.401,2.401,0.0
2019-11-08,2.414,2.414,2.414,2.414,30.0
2019-11-11,2.411,2.411,2.411,2.411,0.0
2019-11-12,2.399,2.399,2.399,2.399,0.0
2019-11-13,2.386,2.386,2.386,2.386,0.0
2019-11-14,2.388,2.388,2.388,2.388,2.0
2019-11-15,2.386,2.386,2.386,2.386,0.0
2019-11-18,2.39,2.39,2.39,2.39,0.0
2019-11-19,2.386,2.386,2.386,2.386,0.0
2019-11-20,2.396,2.396,2.394,2.395,18.0
2019-11-21,2.395,2.395,2.395,2.395,0.0
2019-11-22,2.395,2.395,2.395,2.395,0.0
2019-11-25,2.382,2.382,2.382,2.382,6.0
2019-11-26,2.383,2.383,2.383,2.383,6.0
2019-11-27,2.387,2.387,2.387,2.387,0.0
2019-11-29,2.345,2.345,2.345,2.345,0.0
2019-12-02,2.365,2.366,2.365,2.366,18.0
2019-12-03,2.368,2.368,2.368,2.368,4.0
2019-12-04,2.378,2.378,2.378,2.378,0.0
2019-12-05,2.373,2.373,2.373,2.373,0.0
2019-12-06,2.34,2.356,2.34,2.356,9.0
2019-12-09,2.359,2.359,2.359,2.359,0.0
2019-12-10,2.367,2.367,2.367,2.367,0.0
2019-12-11,2.37,2.37,2.366,2.366,2.0
2019-12-12,2.371,2.371,2.371,2.371,22.0
2019-12-13,2.354,2.354,2.354,2.354,0.0
2019-12-16,2.358,2.358,2.358,2.358,2.0
2019-12-17,2.357,2.357,2.357,2.357,0.0
2019-12-18,2.355,2.355,2.334,2.334,12.0
2019-12-19,2.329,2.329,2.318,2.318,2.0
2019-12-20,2.322,2.322,2.322,2.322,0.0
2019-12-23,2.329,2.329,2.329,2.329,0.0
2019-12-24,2.327,2.327,2.327,2.327,0.0
2019-12-26,2.328,2.332,2.325,2.332,23.0
2019-12-27,2.33,2.33,2.33,2.33,0.0
2019-12-30,2.327,2.327,2.327,2.327,0.0
2019-12-31,2.336,2.336,2.336,2.336,350.0
2020-01-02,2.329,2.329,2.329,2.329,0.0
2020-01-03,2.375,2.375,2.331,2.331,2.0
2020-01-06,2.335,2.335,2.335,2.335,0.0
2020-01-07,2.339,2.339,2.339,2.339,0.0
2020-01-08,2.345,2.345,2.342,2.342,15.0
2020-01-09,2.347,2.347,2.347,2.347,81.0
2020-01-10,2.348,2.348,2.348,2.348,0.0
2020-01-13,2.35,2.353,2.35,2.353,18.0
2020-01-14,2.353,2.357,2.35,2.357,101.0
2020-01-15,2.356,2.356,2.356,2.356,0.0
2020-01-16,2.363,2.363,2.363,2.363,0.0
2020-01-17,2.365,2.366,2.365,2.366,28.0
2020-01-21,2.356,2.356,2.356,2.356,0.0
2020-01-22,2.347,2.347,2.347,2.347,0.0
2020-01-23,2.327,2.327,2.327,2.327,2.0
2020-01-24,2.305,2.306,2.305,2.306,12.0
2020-01-27,2.306,2.306,2.296,2.296,4.0
2020-01-28,2.308,2.308,2.308,2.308,0.0
2020-01-29,2.298,2.298,2.298,2.298,0.0
2020-01-30,2.3,2.3,2.3,2.3,5.0
2020-01-31,2.298,2.298,2.298,2.298,1.0
2020-02-03,2.295,2.295,2.289,2.289,1.0
2020-02-04,2.292,2.292,2.292,2.292,0.0
2020-02-05,2.295,2.295,2.283,2.283,5.0
2020-02-06,2.307,2.307,2.307,2.307,5.0
2020-02-07,2.321,2.321,2.321,2.321,0.0
2020-02-10,2.311,2.314,2.311,2.314,5.0
2020-02-11,2.314,2.321,2.314,2.321,3.0
2020-02-12,2.328,2.328,2.328,2.328,0.0
2020-02-13,2.327,2.327,2.327,2.327,0.0
2020-02-14,2.315,2.315,2.315,2.315,3.0
2020-02-18,2.32,2.32,2.32,2.32,0.0
2020-02-19,2.315,2.315,2.308,2.308,1.0
2020-02-20,2.298,2.298,2.298,2.298,0.0
2020-02-21,2.292,2.292,2.292,2.292,0.0
2020-02-24,2.288,2.288,2.288,2.288,0.0
2020-02-25,2.295,2.295,2.295,2.295,0.0
2020-02-26,2.308,2.308,2.308,2.308,0.0
2020-02-27,2.298,2.298,2.298,2.298,0.0
2020-02-28,2.288,2.298,2.288,2.289,4.0
2020-03-02,2.314,2.314,2.314,2.314,11.0
2020-03-03,2.309,2.309,2.309,2.309,13.0
2020-03-04,2.297,2.309,2.297,2.309,16.0
2020-03-05,2.289,2.289,2.289,2.289,10.0
2020-03-06,2.274,2.274,2.264,2.264,7.0
2020-03-09,2.295,2.313,2.295,2.313,14.0
2020-03-10,2.331,2.331,2.331,2.331,0.0
2020-03-11,2.293,2.293,2.293,2.293,35.0
2020-03-12,2.263,2.263,2.26,2.26,42.0
2020-03-13,2.26,2.26,2.254,2.254,37.0
2020-03-16,2.255,2.255,2.253,2.253,41.0
2020-03-17,2.275,2.275,2.269,2.269,34.0
2020-03-18,2.254,2.254,2.254,2.254,0.0
2020-03-19,2.267,2.267,2.267,2.267,31.0
2020-03-20,2.29,2.29,2.258,2.258,1.0
2020-03-23,2.268,2.268,2.268,2.268,1.0
2020-03-24,2.274,2.274,2.274,2.274,35.0
2020-03-25,2.272,2.272,2.272,2.272,36.0
2020-03-26,2.265,2.265,2.254,2.254,34.0
2020-03-27,2.292,2.292,2.292,2.292,35.0
2020-03-30,2.292,2.32,2.292,2.3,3.0
2020-03-31,2.302,2.302,2.302,2.302,61.0
2020-04-01,2.355,2.355,2.304,2.304,8.0
2020-04-02,2.297,2.297,2.297,2.297,38.0
2020-04-03,2.29,2.29,2.275,2.275,5.0
2020-04-06,2.295,2.295,2.295,2.295,44.0
2020-04-07,2.293,2.293,2.293,2.293,49.0
2020-04-08,2.311,2.311,2.311,2.311,41.0
2020-04-09,2.341,2.341,2.341,2.341,28.0
2020-04-13,2.369,2.369,2.369,2.369,5.0
2020-04-14,2.364,2.364,2.364,2.364,45.0
2020-04-15,2.345,2.345,2.345,2.345,9.0
2020-04-16,2.345,2.345,2.345,2.345,35.0
2020-04-17,2.361,2.361,2.361,2.361,4.0
2020-04-20,2.387,2.387,2.387,2.387,2.0
2020-04-21,2.372,2.372,2.372,2.372,14.0
2020-04-22,2.392,2.393,2.392,2.393,19.0
2020-04-23,2.4,2.4,2.387,2.387,259.0
2020-04-24,2.377,2.377,2.374,2.374,8.0
2020-04-27,2.384,2.4,2.384,2.4,3.0
2020-04-28,2.405,2.409,2.405,2.407,90.0
2020-04-29,2.427,2.427,2.414,2.414,144.0
2020-04-30,2.415,2.415,2.406,2.406,37.0
2020-05-01,2.387,2.387,2.387,2.387,4.0
2020-05-04,2.39,2.39,2.39,2.39,24.0
2020-05-05,2.372,2.372,2.372,2.372,80.0
2020-05-06,2.372,2.372,2.372,2.372,89.0
2020-05-07,2.37,2.37,2.364,2.364,30.0
2020-05-08,2.373,2.376,2.373,2.376,6.0
2020-05-11,2.367,2.367,2.367,2.367,77.0
2020-05-12,2.362,2.362,2.362,2.362,10.0
2020-05-13,2.348,2.348,2.348,2.348,13.0
2020-05-14,2.364,2.364,2.364,2.364,137.0
2020-05-15,2.365,2.365,2.365,2.365,12.0
2020-05-18,2.374,2.374,2.374,2.374,28.0
2020-05-19,2.382,2.382,2.382,2.382,0.0
2020-05-20,2.371,2.371,2.371,2.371,8.0
2020-05-21,2.367,2.367,2.367,2.367,0.0
2020-05-22,2.373,2.373,2.373,2.373,13.0
2020-05-26,2.364,2.364,2.364,2.364,0.0
2020-05-27,2.37,2.37,2.37,2.37,1.0
2020-05-28,2.411,2.413,2.372,2.372,10.0
2020-05-29,2.366,2.366,2.366,2.366,7.0
2020-06-01,2.355,2.355,2.355,2.355,7.0
2020-06-02,2.364,2.364,2.364,2.364,12.0
2020-06-03,2.36,2.36,2.36,2.36,4.0
2020-06-04,2.351,2.351,2.351,2.351,21.0
2020-06-05,2.348,2.348,2.345,2.345,53.0
2020-06-08,2.345,2.345,2.34,2.34,3.0
2020-06-09,2.349,2.349,2.349,2.349,15.0
2020-06-10,2.34,2.348,2.34,2.346,3.0
2020-06-11,2.349,2.349,2.349,2.349,0.0
2020-06-12,2.347,2.35,2.347,2.35,1.0
2020-06-15,2.34,2.34,2.34,2.34,2.0
2020-06-16,2.337,2.337,2.337,2.337,0.0
2020-06-17,2.355,2.355,2.334,2.334,4.0
2020-06-18,2.338,2.338,2.338,2.338,0.0
2020-06-19,2.35,2.35,2.323,2.323,2.0
2020-06-22,2.323,2.323,2.323,2.323,0.0
2020-06-23,2.317,2.317,2.314,2.314,2.0
2020-06-24,2.303,2.303,2.303,2.303,1.0
2020-06-25,2.29,2.29,2.29,2.29,0.0
2020-06-26,2.297,2.297,2.297,2.297,0.0
2020-06-29,2.301,2.301,2.301,2.301,23.0
2020-06-30,2.305,2.305,2.3,2.3,8.0
2020-07-01,2.296,2.314,2.296,2.314,9.0
2020-07-02,2.322,2.322,2.321,2.321,1.0
2020-07-06,2.325,2.325,2.315,2.315,12.0
2020-07-07,2.33,2.345,2.322,2.322,15.0
2020-07-08,2.339,2.339,2.339,2.339,1.0
2020-07-09,2.335,2.335,2.328,2.332,13.0
2020-07-10,2.318,2.32,2.318,2.32,7.0
2020-07-13,2.304,2.304,2.304,2.304,0.0
2020-07-14,2.323,2.326,2.318,2.318,122.0
2020-07-15,2.35,2.35,2.323,2.328,17.0
2020-07-16,2.33,2.337,2.33,2.337,6.0
2020-07-17,2.348,2.348,2.335,2.336,16.0
2020-07-20,2.335,2.335,2.333,2.333,2.0
2020-07-21,2.319,2.34,2.319,2.34,28.0
2020-07-22,2.34,2.346,2.328,2.346,15.0
2020-07-23,2.34,2.344,2.34,2.344,42.0
2020-07-24,2.342,2.357,2.342,2.357,9.0
2020-07-27,2.385,2.385,2.379,2.379,105.0
2020-07-28,2.382,2.401,2.382,2.397,66.0
2020-07-29,2.419,2.419,2.419,2.419,112.0
2020-07-30,2.41,2.41,2.403,2.403,67.0
2020-07-31,2.4,2.403,2.4,2.403,4.0
2020-08-03,2.425,2.427,2.423,2.427,250.0
2020-08-04,2.439,2.439,2.406,2.417,152.0
2020-08-05,2.41,2.415,2.403,2.411,421.0
2020-08-06,2.411,2.412,2.41,2.412,20.0
2020-08-07,2.401,2.41,2.401,2.41,14.0
2020-08-10,2.407,2.415,2.407,2.415,43.0
2020-08-11,2.431,2.431,2.421,2.425,26.0
2020-08-12,2.429,2.429,2.429,2.429,7.0
2020-08-13,2.433,2.437,2.433,2.437,32.0
2020-08-14,2.463,2.463,2.455,2.459,29.0
2020-08-17,2.462,2.473,2.462,2.473,237.0
2020-08-18,2.482,2.49,2.482,2.487,50.0
2020-08-19,2.486,2.497,2.486,2.497,24.0
2020-08-20,2.5,2.5,2.498,2.498,420.0
2020-08-21,2.499,2.499,2.499,2.499,110.0
2020-08-24,2.492,2.5,2.492,2.5,78.0
2020-08-25,2.493,2.536,2.489,2.489,137.0
2020-08-26,2.506,2.515,2.48,2.496,58.0
2020-08-27,2.489,2.493,2.489,2.493,150.0
2020-08-28,2.487,2.51,2.48,2.481,28.0
2020-08-31,2.467,2.467,2.467,2.467,71.0
2020-09-01,2.479,2.485,2.467,2.467,50.0
2020-09-02,2.474,2.474,2.47,2.47,1.0
2020-09-03,2.48,2.48,2.475,2.475,16.0
2020-09-04,2.475,2.476,2.472,2.472,11.0
2020-09-08,2.485,2.485,2.47,2.484,251.0
2020-09-09,2.484,2.484,2.478,2.484,32.0
2020-09-10,2.489,2.489,2.483,2.483,45.0
2020-09-11,2.474,2.483,2.47,2.479,23.0
2020-09-14,2.478,2.484,2.478,2.484,68.0
2020-09-15,2.488,2.495,2.488,2.495,16.0
2020-09-16,2.485,2.485,2.485,2.485,12.0
2020-09-17,2.476,2.476,2.476,2.476,24.0
2020-09-18,2.478,2.478,2.478,2.478,11.0
2020-09-21,2.475,2.479,2.475,2.477,185.0
2020-09-22,2.47,2.508,2.47,2.48,50.0
2020-09-23,2.477,2.489,2.476,2.489,316.0
2020-09-24,2.483,2.494,2.483,2.494,573.0
2020-09-25,2.478,2.478,2.468,2.474,99.0
2020-09-28,2.478,2.482,2.47,2.482,33.0
2020-09-29,2.469,2.469,2.46,2.46,120.0
2020-09-30,2.459,2.459,2.446,2.45,95.0
2020-10-01,2.44,2.446,2.44,2.446,115.0
2020-10-02,2.443,2.445,2.44,2.445,18.0
2020-10-05,2.452,2.459,2.452,2.459,56.0
2020-10-06,2.458,2.462,2.44,2.447,163.0
2020-10-07,2.455,2.457,2.447,2.457,156.0
2020-10-08,2.451,2.462,2.451,2.462,387.0
2020-10-09,2.465,2.465,2.465,2.465,106.0
2020-10-12,2.47,2.48,2.458,2.468,45.0
2020-10-13,2.47,2.499,2.451,2.472,245.0
2020-10-14,2.47,2.478,2.47,2.478,205.0
2020-10-15,2.494,2.505,2.494,2.505,231.0
2020-10-16,2.505,2.531,2.505,2.527,256.0
2020-10-19,2.534,2.538,2.524,2.533,200.0
2020-10-20,2.539,2.544,2.536,2.544,125.0
2020-10-21,2.554,2.56,2.554,2.559,576.0
2020-10-22,2.569,2.569,2.562,2.562,152.0
2020-10-23,2.561,2.568,2.561,2.561,224.0
2020-10-26,2.577,2.595,2.577,2.586,168.0
2020-10-27,2.591,2.594,2.578,2.594,95.0
2020-10-28,2.593,2.601,2.591,2.601,202.0
2020-10-29,2.593,2.6,2.586,2.6,110.0
2020-10-30,2.607,2.621,2.606,2.619,272.0
2020-11-02,2.615,2.638,2.606,2.61,326.0
2020-11-03,2.601,2.602,2.587,2.596,147.0
2020-11-04,2.581,2.598,2.581,2.587,62.0
2020-11-05,2.601,2.612,2.59,2.601,225.0
2020-11-06,2.632,2.632,2.589,2.597,305.0
2020-11-09,2.612,2.614,2.578,2.587,481.0
2020-11-10,2.594,2.597,2.587,2.594,381.0
2020-11-11,2.59,2.603,2.585,2.603,481.0
2020-11-12,2.597,2.601,2.59,2.6,436.0
2020-11-13,2.608,2.614,2.594,2.594,120.0
2020-11-16,2.58,2.586,2.571,2.586,500.0
2020-11-17,2.583,2.592,2.583,2.59,1369.0
2020-11-18,2.587,2.601,2.585,2.593,1038.0
2020-11-19,2.564,2.566,2.551,2.559,269.0
2020-11-20,2.558,2.571,2.519,2.531,89.0
2020-11-23,2.536,2.536,2.505,2.526,109.0
2020-11-24,2.538,2.538,2.525,2.535,647.0
2020-11-25,2.538,2.544,2.53,2.54,54.0
2020-11-27,2.536,2.536,2.536,2.536,3.0
2020-11-30,2.551,2.551,2.529,2.532,137.0
2020-12-01,2.544,2.55,2.528,2.531,346.0
2020-12-02,2.541,2.541,2.497,2.523,135.0
2020-12-03,2.501,2.504,2.431,2.445,303.0
2020-12-04,2.457,2.475,2.456,2.475,211.0
2020-12-07,2.425,2.431,2.415,2.424,72.0
2020-12-08,2.418,2.441,2.408,2.421,355.0
2020-12-09,2.457,2.461,2.446,2.453,56.0
2020-12-10,2.471,2.482,2.45,2.457,291.0
2020-12-11,2.463,2.47,2.458,2.466,134.0
2020-12-14,2.5,2.5,2.473,2.484,130.0
2020-12-15,2.468,2.486,2.468,2.483,168.0
2020-12-16,2.489,2.49,2.474,2.49,278.0
2020-12-17,2.496,2.5,2.479,2.493,99.0
2020-12-18,2.497,2.509,2.497,2.505,123.0
2020-12-21,2.517,2.517,2.502,2.512,107.0
2020-12-22,2.525,2.535,2.513,2.515,351.0
2020-12-23,2.508,2.514,2.478,2.48,491.0
2020-12-24,2.466,2.478,2.461,2.461,15.0
2020-12-28,2.44,2.44,2.326,2.401,278.0
2020-12-29,2.408,2.428,2.408,2.428,160.0
2020-12-30,2.438,2.438,2.428,2.431,80.0
2020-12-31,2.443,2.451,2.44,2.447,89.0
2021-01-04,2.486,2.497,2.47,2.471,71.0
2021-01-05,2.512,2.526,2.495,2.504,209.0
2021-01-06,2.504,2.512,2.487,2.511,476.0
2021-01-07,2.514,2.515,2.489,2.505,526.0
2021-01-08,2.494,2.506,2.486,2.503,155.0
2021-01-11,2.494,2.5,2.484,2.5,1075.0
2021-01-12,2.51,2.526,2.503,2.521,888.0
2021-01-13,2.545,2.553,2.52,2.553,326.0
2021-01-14,2.547,2.557,2.54,2.552,159.0
2021-01-15,2.55,2.585,2.539,2.546,195.0
2021-01-19,2.518,2.535,2.503,2.516,709.0
2021-01-20,2.495,2.516,2.495,2.516,1396.0
2021-01-21,2.497,2.511,2.491,2.504,646.0
2021-01-22,2.498,2.51,2.493,2.507,350.0
2021-01-25,2.54,2.54,2.516,2.522,178.0
2021-01-26,2.535,2.535,2.51,2.53,123.0
2021-01-27,2.537,2.547,2.531,2.538,218.0
2021-01-28,2.534,2.534,2.518,2.521,694.0
2021-01-29,2.521,2.529,2.508,2.508,150.0
2021-02-01,2.557,2.559,2.534,2.544,1177.0
2021-02-02,2.551,2.566,2.518,2.523,1412.0
2021-02-03,2.52,2.527,2.497,2.515,773.0
2021-02-04,2.521,2.536,2.513,2.532,1617.0
2021-02-05,2.551,2.551,2.521,2.533,1417.0
2021-02-08,2.557,2.561,2.534,2.559,1114.0
2021-02-09,2.548,2.565,2.537,2.565,734.0
2021-02-10,2.567,2.572,2.539,2.568,992.0
2021-02-11,2.573,2.581,2.554,2.568,551.0
2021-02-12,2.572,2.581,2.552,2.557,408.0
2021-02-16,2.58,2.594,2.557,2.579,1448.0
2021-02-17,2.587,2.59,2.562,2.573,518.0
2021-02-18,2.565,2.576,2.548,2.557,632.0
2021-02-19,2.57,2.587,2.552,2.558,360.0
2021-02-22,2.541,2.566,2.531,2.561,609.0
2021-02-23,2.548,2.56,2.538,2.553,1390.0
2021-02-24,2.554,2.558,2.527,2.527,608.0
2021-02-25,2.548,2.548,2.502,2.513,238.0
2021-02-26,2.501,2.503,2.478,2.494,1065.0
2021-03-01,2.502,2.519,2.493,2.519,529.0
2021-03-02,2.523,2.539,2.516,2.539,678.0
2021-03-03,2.518,2.539,2.517,2.535,563.0
2021-03-04,2.542,2.549,2.495,2.545,636.0
2021-03-05,2.539,2.543,2.517,2.533,344.0
2021-03-08,2.542,2.549,2.503,2.528,1131.0
2021-03-09,2.526,2.531,2.505,2.528,274.0
2021-03-10,2.516,2.541,2.516,2.541,606.0
2021-03-11,2.53,2.548,2.521,2.531,497.0
2021-03-12,2.534,2.536,2.5,2.509,247.0
2021-03-15,2.495,2.499,2.47,2.473,700.0
2021-03-16,2.488,2.517,2.481,2.517,703.0
2021-03-17,2.504,2.511,2.482,2.482,807.0
2021-03-18,2.478,2.478,2.44,2.44,773.0
2021-03-19,2.444,2.475,2.441,2.464,426.0
2021-03-22,2.469,2.477,2.461,2.476,263.0
2021-03-23,2.469,2.488,2.469,2.476,115.0
2021-03-24,2.49,2.493,2.48,2.486,192.0
2021-03-25,2.485,2.502,2.483,2.495,244.0
2021-03-26,2.501,2.504,2.491,2.503,498.0
2021-03-29,2.506,2.515,2.497,2.509,180.0
2021-03-30,2.507,2.509,2.499,2.504,316.0
2021-03-31,2.503,2.512,2.494,2.508,42.0
2021-04-01,2.513,2.518,2.503,2.515,312.0
2021-04-05,2.492,2.505,2.485,2.505,597.0
2021-04-06,2.52,2.523,2.488,2.494,934.0
2021-04-07,2.504,2.518,2.504,2.514,659.0
2021-04-08,2.526,2.533,2.52,2.533,1477.0
2021-04-09,2.529,2.54,2.522,2.534,683.0
2021-04-12,2.557,2.56,2.537,2.554,269.0
2021-04-13,2.548,2.568,2.546,2.558,313.0
2021-04-14,2.56,2.562,2.54,2.554,704.0
2021-04-15,2.542,2.56,2.539,2.557,316.0
2021-04-16,2.565,2.567,2.548,2.557,423.0
2021-04-19,2.558,2.567,2.558,2.562,462.0
2021-04-20,2.564,2.573,2.559,2.568,404.0
2021-04-21,2.557,2.563,2.548,2.56,262.0
2021-04-22,2.552,2.58,2.54,2.562,893.0
2021-04-23,2.574,2.574,2.546,2.56,323.0
2021-04-26,2.546,2.568,2.545,2.567,706.0
2021-04-27,2.57,2.578,2.566,2.572,1231.0
2021-04-28,2.578,2.594,2.576,2.586,464.0
2021-04-29,2.584,2.588,2.575,2.585,529.0
2021-04-30,2.59,2.594,2.575,2.583,285.0
2021-05-03,2.593,2.593,2.58,2.59,375.0
2021-05-04,2.593,2.608,2.589,2.608,377.0
2021-05-05,2.61,2.612,2.589,2.612,1284.0
2021-05-06,2.615,2.617,2.597,2.612,348.0
2021-05-07,2.616,2.624,2.603,2.618,1656.0
2021-05-10,2.618,2.628,2.602,2.623,706.0
2021-05-11,2.618,2.625,2.612,2.62,1465.0
2021-05-12,2.609,2.621,2.607,2.617,419.0
2021-05-13,2.617,2.623,2.607,2.619,650.0
2021-05-14,2.629,2.636,2.624,2.628,466.0
2021-05-17,2.649,2.664,2.638,2.648,2677.0
2021-05-18,2.656,2.659,2.624,2.643,528.0
2021-05-19,2.645,2.66,2.612,2.649,787.0
2021-05-20,2.658,2.659,2.639,2.65,1016.0
2021-05-21,2.659,2.659,2.641,2.647,541.0
2021-05-24,2.638,2.643,2.622,2.642,312.0
2021-05-25,2.65,2.655,2.643,2.651,729.0
2021-05-26,2.659,2.674,2.657,2.673,1100.0
2021-05-27,2.663,2.669,2.644,2.653,1036.0
2021-05-28,2.66,2.676,2.66,2.669,1031.0
2021-06-01,2.689,2.729,2.67,2.715,2610.0
2021-06-02,2.707,2.721,2.7,2.718,740.0
2021-06-03,2.727,2.735,2.707,2.735,588.0
2021-06-04,2.731,2.776,2.721,2.772,1243.0
2021-06-07,2.769,2.796,2.755,2.782,1527.0
2021-06-08,2.778,2.814,2.767,2.779,2951.0
2021-06-09,2.771,2.808,2.758,2.766,1417.0
2021-06-10,2.767,2.771,2.749,2.762,1159.0
2021-06-11,2.751,2.808,2.751,2.808,2738.0
2021-06-14,2.807,2.831,2.802,2.829,1828.0
2021-06-15,2.85,2.85,2.804,2.817,3541.0
2021-06-16,2.81,2.842,2.804,2.835,1869.0
2021-06-17,2.83,2.846,2.809,2.841,1861.0
2021-06-18,2.829,2.838,2.813,2.832,454.0
2021-06-21,2.826,2.827,2.805,2.82,1503.0
2021-06-22,2.81,2.859,2.81,2.855,1948.0
2021-06-23,2.856,2.881,2.852,2.872,3979.0
2021-06-24,2.864,2.907,2.857,2.907,2524.0
2021-06-25,2.92,2.942,2.906,2.94,4134.0
2021-06-28,2.931,2.996,2.931,2.969,4508.0
2021-06-29,2.974,3.01,2.962,2.971,5430.0
2021-06-30,2.983,3.001,2.963,2.977,3923.0
2021-07-01,2.961,2.988,2.92,2.936,2239.0
2021-07-02,2.944,2.965,2.921,2.959,1414.0
2021-07-06,2.967,3.01,2.945,2.98,2592.0
2021-07-07,2.981,3.001,2.944,2.988,2076.0
2021-07-08,2.958,2.989,2.95,2.987,4504.0
2021-07-09,2.984,3.002,2.974,2.995,1388.0
2021-07-12,2.984,3.027,2.984,3.025,2822.0
2021-07-13,3.023,3.027,2.997,3.006,1573.0
2021-07-14,3.016,3.024,2.978,3.001,1615.0
2021-07-15,2.991,3.004,2.975,2.999,1797.0
2021-07-16,2.99,3.018,2.99,3.008,1661.0
2021-07-19,3.007,3.035,3.007,3.032,1609.0
2021-07-20,3.024,3.098,3.015,3.078,2262.0
2021-07-21,3.1,3.145,3.097,3.126,1971.0
2021-07-22,3.115,3.158,3.103,3.154,2080.0
2021-07-23,3.158,3.175,3.155,3.172,2518.0
2021-07-26,3.167,3.23,3.167,3.2,1894.0
2021-07-27,3.207,3.208,3.164,3.172,1720.0
2021-07-28,3.167,3.224,3.154,3.21,2372.0
2021-07-29,3.198,3.265,3.195,3.263,832.0
2021-07-30,3.25,3.263,3.211,3.254,1684.0
2021-08-02,3.272,3.297,3.268,3.289,1627.0
2021-08-03,3.289,3.315,3.284,3.308,2924.0
2021-08-04,3.304,3.356,3.297,3.348,2114.0
2021-08-05,3.353,3.366,3.327,3.336,3241.0
2021-08-06,3.334,3.369,3.318,3.351,2714.0
2021-08-09,3.364,3.364,3.305,3.332,1628.0
2021-08-10,3.319,3.364,3.319,3.357,2434.0
2021-08-11,3.363,3.379,3.307,3.371,857.0
2021-08-12,3.368,3.383,3.319,3.34,1405.0
2021-08-13,3.33,3.333,3.28,3.285,2827.0
2021-08-16,3.275,3.331,3.265,3.304,1424.0
2021-08-17,3.287,3.313,3.251,3.27,1558.0
2021-08-18,3.26,3.297,3.25,3.284,945.0
2021-08-19,3.269,3.269,3.208,3.253,1598.0
2021-08-20,3.253,3.285,3.245,3.267,1160.0
2021-08-23,3.266,3.311,3.26,3.304,1371.0
2021-08-24,3.296,3.32,3.294,3.31,2439.0
2021-08-25,3.302,3.33,3.288,3.315,2445.0
2021-08-26,3.336,3.381,3.333,3.377,5901.0
2021-08-27,3.376,3.448,3.372,3.436,5038.0
2021-08-30,3.454,3.484,3.344,3.389,3913.0
2021-08-31,3.397,3.447,3.355,3.43,3211.0
2021-09-01,3.435,3.545,3.434,3.499,3652.0
2021-09-02,3.495,3.541,3.483,3.53,2557.0
2021-09-03,3.517,3.579,3.517,3.579,2559.0
2021-09-07,3.579,3.597,3.528,3.584,2515.0
2021-09-08,3.596,3.708,3.583,3.698,4037.0
2021-09-09,3.693,3.776,3.663,3.775,3608.0
2021-09-10,3.786,3.816,3.768,3.802,5614.0
2021-09-13,3.815,3.919,3.812,3.873,4135.0
2021-09-14,3.868,3.918,3.84,3.871,3387.0
2021-09-15,3.892,3.958,3.795,3.831,6391.0
2021-09-16,3.797,3.843,3.714,3.762,9470.0
2021-09-17,3.752,3.77,3.614,3.653,11666.0
2021-09-20,3.593,3.674,3.588,3.626,6400.0
2021-09-21,3.601,3.683,3.585,3.638,9213.0
2021-09-22,3.65,3.67,3.613,3.657,7709.0
2021-09-23,3.624,3.807,3.624,3.766,4797.0
2021-09-24,3.793,3.872,3.774,3.847,3055.0
2021-09-27,3.869,4.011,3.869,4.007,5657.0
2021-09-28,3.987,4.138,3.884,3.911,9049.0
2021-09-29,3.937,3.953,3.786,3.807,8196.0
2021-09-30,3.78,3.927,3.779,3.896,6145.0
2021-10-01,3.94,3.952,3.842,3.861,6693.0
2021-10-04,3.888,4.005,3.888,3.95,7707.0
2021-10-05,3.979,4.092,3.972,4.074,6357.0
2021-10-06,4.026,4.115,3.892,3.919,7805.0
2021-10-07,3.966,3.975,3.778,3.911,10826.0
2021-10-08,3.956,3.987,3.905,3.931,11898.0
2021-10-11,3.988,4.014,3.847,3.896,8406.0
2021-10-12,3.906,3.98,3.853,3.965,9689.0
2021-10-13,3.961,4.14,3.927,4.052,11746.0
2021-10-14,4.129,4.21,4.066,4.097,5848.0
2021-10-15,4.07,4.125,4.024,4.087,10337.0
2021-10-18,4.055,4.091,3.937,3.954,8940.0
2021-10-19,3.938,3.966,3.869,3.954,4822.0
2021-10-20,3.934,3.983,3.893,3.946,3687.0
2021-10-21,3.951,4.017,3.946,4.004,2926.0
2021-10-22,4.025,4.067,3.961,3.98,2202.0
2021-10-25,4.086,4.17,4.053,4.154,7976.0
2021-10-26,4.18,4.23,4.057,4.153,7119.0
2021-10-27,4.141,4.202,4.084,4.182,9353.0
2021-10-28,4.162,4.166,4.033,4.105,6578.0
2021-10-29,4.088,4.162,4.023,4.031,7716.0
2021-11-01,4.015,4.07,3.842,3.88,11165.0
2021-11-02,3.869,4.036,3.858,4.03,12722.0
2021-11-03,4.02,4.072,3.964,4.029,14389.0
2021-11-04,4.037,4.082,3.971,4.075,6397.0
2021-11-05,4.068,4.106,4.035,4.06,6212.0
2021-11-08,4.074,4.12,4.011,4.05,5133.0
2021-11-09,4.061,4.061,3.854,3.958,8106.0
2021-11-10,3.973,4.009,3.839,3.973,5431.0
2021-11-11,4.002,4.101,3.983,4.093,6080.0
2021-11-12,4.059,4.063,3.957,4.005,4989.0
2021-11-15,4.042,4.08,3.981,4.048,4081.0
2021-11-16,4.078,4.177,4.044,4.059,6396.0
2021-11-17,4.062,4.091,3.988,3.993,6199.0
2021-11-18,4.05,4.072,4.001,4.023,3424.0
2021-11-19,4.02,4.117,4.016,4.071,3766.0
2021-11-22,4.041,4.052,3.927,4.013,4954.0
2021-11-23,4.015,4.153,4.012,4.135,2933.0
2021-11-24,4.136,4.23,4.113,4.226,6928.0
2021-11-26,4.227,4.354,4.215,4.346,5212.0
2021-11-29,4.232,4.302,4.1,4.137,8455.0
2021-11-30,4.132,4.136,3.936,3.977,11676.0
2021-12-01,4.02,4.024,3.825,3.838,12403.0
2021-12-02,3.865,3.898,3.734,3.741,9195.0
2021-12-03,3.77,3.9,3.764,3.817,6937.0
2021-12-06,3.675,3.735,3.515,3.55,21173.0
2021-12-07,3.578,3.684,3.548,3.607,13647.0
2021-12-08,3.635,3.744,3.63,3.68,13386.0
2021-12-09,3.706,3.78,3.62,3.738,15352.0
2021-12-10,3.691,3.842,3.691,3.824,14841.0
2021-12-13,3.852,3.945,3.72,3.739,11352.0
2021-12-14,3.736,3.772,3.637,3.665,6694.0
2021-12-15,3.695,3.803,3.69,3.711,7209.0
2021-12-16,3.749,3.852,3.658,3.671,12826.0
2021-12-17,3.68,3.713,3.575,3.607,3959.0
2021-12-20,3.598,3.76,3.597,3.724,7064.0
2021-12-21,3.684,3.771,3.613,3.746,6991.0
2021-12-22,3.752,3.846,3.705,3.75,4744.0
2021-12-23,3.72,3.778,3.529,3.609,3793.0
2021-12-27,3.745,3.833,3.602,3.815,6171.0
2021-12-28,3.82,3.863,3.737,3.796,3079.0
2021-12-29,3.81,3.935,3.727,3.77,7496.0
2021-12-30,3.765,3.833,3.525,3.546,11034.0
2021-12-31,3.568,3.702,3.557,3.638,6921.0
2022-01-03,3.671,3.784,3.614,3.765,9097.0
2022-01-04,3.76,3.846,3.682,3.689,8468.0
2022-01-05,3.715,3.815,3.705,3.789,9814.0
2022-01-06,3.775,3.818,3.738,3.753,6805.0
2022-01-07,3.791,3.865,3.757,3.794,15568.0
2022-01-10,3.927,3.996,3.847,3.899,16395.0
2022-01-11,3.925,4.006,3.864,3.998,17483.0
2022-01-12,3.993,4.256,3.973,4.229,24152.0
2022-01-13,4.244,4.244,4.045,4.07,20165.0
2022-01-14,4.075,4.15,4.017,4.137,15587.0
2022-01-18,4.183,4.235,4.077,4.113,17204.0
2022-01-19,4.15,4.162,3.963,3.977,16889.0
2022-01-20,3.958,3.987,3.782,3.808,18949.0
2022-01-21,3.828,3.93,3.819,3.889,10296.0
2022-01-24,3.841,4.007,3.833,3.981,8814.0
2022-01-25,3.933,4.044,3.896,4.027,12060.0
2022-01-26,4.027,4.273,4.001,4.144,15485.0
2022-01-27,4.124,4.402,4.111,4.325,23835.0
2022-01-28,4.332,4.703,4.306,4.568,38876.0
2022-01-31,4.707,4.868,4.627,4.734,19984.0
2022-02-01,4.763,4.776,4.566,4.661,17560.0
2022-02-02,4.752,5.121,4.74,5.112,42108.0
2022-02-03,5.025,5.051,4.703,4.81,21047.0
2022-02-04,4.85,4.936,4.525,4.606,23414.0
2022-02-07,4.45,4.526,4.228,4.319,26005.0
2022-02-08,4.361,4.46,4.284,4.345,24228.0
2022-02-09,4.303,4.347,4.089,4.113,34287.0
2022-02-10,4.126,4.16,4.009,4.085,28421.0
2022-02-11,4.083,4.175,4.019,4.081,38193.0
2022-02-14,4.198,4.311,4.158,4.29,22402.0
2022-02-15,4.262,4.446,4.257,4.362,23197.0
2022-02-16,4.423,4.689,4.401,4.671,22760.0
2022-02-17,4.621,4.732,4.469,4.553,18102.0
2022-02-18,4.612,4.695,4.432,4.496,15130.0
2022-02-22,4.613,4.838,4.532,4.579,21541.0
2022-02-23,4.584,4.797,4.559,4.697,14894.0
2022-02-24,4.702,5.041,4.667,4.749,34003.0
2022-02-25,4.696,4.822,4.536,4.578,16555.0
2022-02-28,4.731,4.779,4.485,4.511,15447.0
2022-03-01,4.512,4.738,4.457,4.691,26089.0
2022-03-02,4.739,5.011,4.727,4.874,24548.0
2022-03-03,4.901,5.035,4.739,4.814,39317.0
2022-03-04,4.845,5.136,4.845,5.113,19203.0
2022-03-07,5.145,5.27,4.907,4.952,25330.0
2022-03-08,4.967,4.999,4.644,4.67,29625.0
2022-03-09,4.743,4.77,4.6,4.67,20691.0
2022-03-10,4.685,4.816,4.658,4.779,23811.0
2022-03-11,4.812,4.945,4.775,4.878,16797.0
2022-03-14,4.869,4.902,4.67,4.809,12848.0
2022-03-15,4.821,4.824,4.62,4.727,12532.0
2022-03-16,4.768,4.912,4.768,4.88,16634.0
2022-03-17,4.887,5.12,4.823,5.111,14417.0
2022-03-18,5.064,5.08,4.948,4.997,11089.0
2022-03-21,5.027,5.097,4.886,5.025,13680.0
2022-03-22,5.08,5.33,5.002,5.316,19533.0
2022-03-23,5.274,5.45,5.229,5.366,14007.0
2022-03-24,5.265,5.6,5.22,5.538,21979.0
2022-03-25,5.547,5.705,5.481,5.701,13756.0
2022-03-28,5.683,5.796,5.544,5.636,19610.0
2022-03-29,5.589,5.615,5.425,5.438,23725.0
2022-03-30,5.436,5.732,5.382,5.714,29574.0
2022-03-31,5.681,5.943,5.57,5.756,38533.0
2022-04-01,5.749,5.913,5.633,5.857,71034.0
2022-04-04,5.868,5.988,5.792,5.858,41879.0
2022-04-05,5.918,6.336,5.912,6.17,34678.0
2022-04-06,6.207,6.535,6.143,6.172,37118.0
2022-04-07,6.27,6.581,6.143,6.499,59568.0
2022-04-08,6.551,6.678,6.406,6.42,61037.0
2022-04-11,6.5,6.86,6.404,6.787,51523.0
2022-04-12,6.839,7.088,6.744,6.829,55565.0
2022-04-13,6.846,7.265,6.805,7.173,71431.0
2022-04-14,7.217,7.548,7.146,7.501,63396.0
2022-04-18,7.591,8.279,7.585,8.042,57037.0
2022-04-19,7.981,8.151,7.129,7.352,68246.0
2022-04-20,7.446,7.565,6.981,7.158,54512.0
2022-04-21,7.054,7.369,6.936,7.189,32824.0
2022-04-22,7.175,7.309,6.644,6.753,37567.0
2022-04-25,6.602,7.194,6.557,6.891,29067.0
2022-04-26,7.046,7.261,6.883,7.068,37341.0
2022-04-27,7.108,7.617,7.053,7.436,61051.0
2022-04-28,7.494,7.517,6.985,6.994,68512.0
2022-04-29,7.044,7.447,6.919,7.355,52947.0
2022-05-02,7.511,7.701,7.331,7.566,73582.0
2022-05-03,7.656,8.25,7.643,8.025,83050.0
2022-05-04,7.899,8.542,7.815,8.472,53018.0
2022-05-05,8.457,8.965,8.178,8.841,49020.0
2022-05-06,8.896,9.052,8.039,8.128,81128.0
2022-05-09,7.945,8.37,7.045,7.106,120266.0
2022-05-10,7.108,7.543,6.521,7.467,90334.0
2022-05-11,7.395,7.803,7.385,7.727,62458.0
2022-05-12,7.749,7.884,7.348,7.835,62461.0
2022-05-13,7.776,8.022,7.618,7.765,57740.0
2022-05-16,7.826,8.276,7.765,8.053,56712.0
2022-05-17,8.112,8.457,8.112,8.394,40667.0
2022-05-18,8.41,8.64,8.253,8.455,44436.0
2022-05-19,8.348,8.591,8.0,8.4,69128.0
2022-05-20,8.192,8.285,7.943,8.178,49772.0
2022-05-23,8.188,8.906,7.95,8.827,87274.0
2022-05-24,8.819,9.014,8.683,8.836,89415.0
2022-05-25,8.876,9.437,8.798,8.993,132236.0
2022-05-26,8.978,9.447,8.626,8.895,163265.0
2022-05-27,8.811,8.895,8.285,8.727,107093.0
2022-05-31,8.874,8.916,8.118,8.145,125484.0
2022-06-01,8.271,8.791,8.146,8.696,111962.0
2022-06-02,8.783,9.057,8.377,8.485,119011.0
2022-06-03,8.412,8.693,8.267,8.523,75228.0
2022-06-06,8.75,9.4,8.732,9.322,129103.0
2022-06-07,9.359,9.544,9.2,9.293,140029.0
2022-06-08,9.335,9.664,8.427,8.699,250296.0
2022-06-09,8.629,9.036,8.016,8.963,244480.0
2022-06-10,8.997,9.149,8.622,8.85,134611.0
2022-06-13,8.92,8.95,8.382,8.609,167556.0
2022-06-14,8.686,8.889,7.008,7.189,273717.0
2022-06-15,7.269,7.698,7.201,7.42,123589.0
2022-06-16,7.54,8.027,7.33,7.464,137433.0
2022-06-17,7.454,7.588,6.881,6.944,103759.0
2022-06-21,6.8,6.976,6.554,6.808,120010.0
2022-06-22,6.844,6.93,6.575,6.858,92473.0
2022-06-23,6.829,6.84,6.175,6.239,78031.0
2022-06-24,6.228,6.337,6.021,6.22,26571.0
2022-06-27,6.126,6.538,6.01,6.501,33103.0
2022-06-28,6.449,6.765,6.386,6.551,2462.0
