DATETIME,OPEN,HIGH,LOW,FINAL,VOLUME
2015-02-26,4.619,4.619,4.619,4.619,0.0
2015-02-27,4.62,4.62,4.62,4.62,0.0
2015-03-02,4.596,4.596,4.596,4.596,0.0
2015-03-03,4.605,4.605,4.605,4.605,0.0
2015-03-04,4.612,4.612,4.612,4.612,0.0
2015-03-05,4.571,4.571,4.571,4.571,0.0
2015-03-06,4.578,4.578,4.578,4.578,0.0
2015-03-09,4.553,4.553,4.553,4.553,0.0
2015-03-10,4.551,4.551,4.551,4.551,0.0
2015-03-11,4.544,4.544,4.544,4.544,0.0
2015-03-12,4.513,4.513,4.513,4.513,0.0
2015-03-13,4.509,4.509,4.509,4.509,0.0
2015-03-16,4.522,4.522,4.522,4.522,0.0
2015-03-17,4.503,4.503,4.503,4.503,0.0
2015-03-18,4.535,4.535,4.535,4.535,0.0
2015-03-19,4.541,4.541,4.541,4.541,0.0
2015-03-20,4.547,4.547,4.547,4.547,0.0
2015-03-23,4.548,4.548,4.548,4.548,0.0
2015-03-24,4.568,4.568,4.568,4.568,0.0
2015-03-25,4.568,4.568,4.568,4.568,0.0
2015-03-26,4.559,4.559,4.559,4.559,0.0
2015-03-27,4.534,4.534,4.534,4.534,0.0
2015-03-30,4.522,4.522,4.522,4.522,0.0
2015-03-31,4.534,4.534,4.534,4.534,0.0
2015-04-01,4.528,4.528,4.528,4.528,0.0
2015-04-02,4.582,4.582,4.582,4.582,0.0
2015-04-06,4.597,4.597,4.597,4.597,0.0
2015-04-07,4.671,4.671,4.671,4.671,0.0
2015-04-08,4.679,4.679,4.679,4.679,0.0
2015-04-09,4.672,4.672,4.672,4.672,0.0
2015-04-10,4.667,4.667,4.667,4.667,0.0
2015-04-13,4.657,4.657,4.657,4.657,0.0
2015-04-14,4.652,4.652,4.652,4.652,0.0
2015-04-15,4.657,4.657,4.657,4.657,0.0
2015-04-16,4.677,4.677,4.677,4.677,0.0
2015-04-17,4.649,4.649,4.649,4.649,0.0
2015-04-20,4.65,4.65,4.65,4.65,0.0
2015-04-21,4.653,4.653,4.653,4.653,0.0
2015-04-22,4.64,4.64,4.64,4.64,0.0
2015-04-23,4.598,4.598,4.598,4.598,0.0
2015-04-24,4.596,4.596,4.596,4.596,0.0
2015-04-27,4.576,4.576,4.576,4.576,0.0
2015-04-28,4.568,4.568,4.568,4.568,0.0
2015-04-29,4.573,4.573,4.573,4.573,0.0
2015-04-30,4.568,4.568,4.568,4.568,0.0
2015-05-01,4.558,4.558,4.558,4.558,0.0
2015-05-04,4.522,4.522,4.522,4.522,0.0
2015-05-05,4.533,4.533,4.533,4.533,0.0
2015-05-06,4.541,4.541,4.541,4.541,0.0
2015-05-07,4.533,4.533,4.533,4.533,0.0
2015-05-08,4.54,4.54,4.54,4.54,0.0
2015-05-11,4.527,4.527,4.527,4.527,0.0
2015-05-12,4.514,4.514,4.514,4.514,0.0
2015-05-13,4.523,4.523,4.523,4.523,0.0
2015-05-14,4.534,4.534,4.534,4.534,0.0
2015-05-15,4.541,4.541,4.541,4.541,0.0
2015-05-18,4.529,4.529,4.529,4.529,0.0
2015-05-19,4.514,4.514,4.514,4.514,0.0
2015-05-20,4.522,4.522,4.522,4.522,0.0
2015-05-21,4.521,4.521,4.521,4.521,0.0
2015-05-22,4.515,4.515,4.515,4.515,0.0
2015-05-26,4.516,4.516,4.516,4.516,0.0
2015-05-27,4.521,4.521,4.521,4.521,0.0
2015-05-28,4.513,4.513,4.513,4.513,0.0
2015-05-29,4.503,4.503,4.503,4.503,0.0
2015-06-01,4.505,4.505,4.505,4.505,0.0
2015-06-02,4.502,4.502,4.502,4.502,0.0
2015-06-03,4.503,4.503,4.503,4.503,0.0
2015-06-04,4.457,4.457,4.457,4.457,0.0
2015-06-05,4.418,4.418,4.418,4.418,0.0
2015-06-08,4.426,4.426,4.426,4.426,0.0
2015-06-09,4.403,4.403,4.403,4.403,0.0
2015-06-10,4.376,4.376,4.376,4.376,0.0
2015-06-11,4.437,4.437,4.437,4.437,0.0
2015-06-12,4.441,4.441,4.441,4.441,0.0
2015-06-15,4.447,4.447,4.447,4.447,0.0
2015-06-16,4.472,4.472,4.472,4.472,0.0
2015-06-17,4.465,4.465,4.465,4.465,0.0
2015-06-18,4.447,4.447,4.447,4.447,0.0
2015-06-19,4.452,4.452,4.452,4.452,0.0
2015-06-22,4.435,4.435,4.435,4.435,0.0
2015-06-23,4.434,4.434,4.434,4.434,0.0
2015-06-24,4.436,4.436,4.436,4.436,0.0
2015-06-25,4.437,4.437,4.437,4.437,0.0
2015-06-26,4.44,4.44,4.44,4.44,0.0
2015-06-29,4.423,4.423,4.423,4.423,0.0
2015-06-30,4.435,4.435,4.435,4.435,0.0
2015-07-01,4.446,4.446,4.446,4.446,0.0
2015-07-02,4.45,4.45,4.45,4.45,0.0
2015-07-06,4.422,4.422,4.422,4.422,0.0
2015-07-07,4.426,4.426,4.426,4.426,0.0
2015-07-08,4.46,4.46,4.46,4.46,0.0
2015-07-09,4.483,4.483,4.483,4.483,0.0
2015-07-10,4.484,4.484,4.484,4.484,0.0
2015-07-13,4.484,4.484,4.484,4.484,0.0
2015-07-14,4.54,4.54,4.54,4.54,0.0
2015-07-15,4.599,4.599,4.599,4.599,0.0
2015-07-16,4.632,4.632,4.632,4.632,0.0
2015-07-17,4.639,4.639,4.639,4.639,0.0
2015-07-20,4.632,4.632,4.632,4.632,0.0
2015-07-21,4.631,4.631,4.631,4.631,0.0
2015-07-22,4.627,4.627,4.627,4.627,0.0
2015-07-23,4.607,4.607,4.607,4.607,0.0
2015-07-24,4.617,4.617,4.617,4.617,0.0
2015-07-27,4.638,4.638,4.638,4.638,0.0
2015-07-28,4.637,4.637,4.637,4.637,0.0
2015-07-29,4.631,4.631,4.631,4.631,0.0
2015-07-30,4.61,4.61,4.61,4.61,0.0
2015-07-31,4.58,4.58,4.58,4.58,0.0
2015-08-03,4.561,4.561,4.561,4.561,0.0
2015-08-04,4.517,4.517,4.517,4.517,0.0
2015-08-05,4.517,4.517,4.517,4.517,0.0
2015-08-06,4.477,4.477,4.477,4.477,0.0
2015-08-07,4.462,4.462,4.462,4.462,0.0
2015-08-10,4.438,4.438,4.438,4.438,0.0
2015-08-11,4.353,4.353,4.353,4.353,0.0
2015-08-12,4.294,4.294,4.294,4.294,0.0
2015-08-13,4.38,4.38,4.38,4.38,0.0
2015-08-14,4.383,4.383,4.383,4.383,0.0
2015-08-17,4.388,4.388,4.388,4.388,0.0
2015-08-18,4.423,4.423,4.423,4.423,0.0
2015-08-19,4.379,4.379,4.379,4.379,0.0
2015-08-20,4.364,4.364,4.364,4.364,0.0
2015-08-21,4.329,4.329,4.329,4.329,0.0
2015-08-24,4.283,4.283,4.283,4.283,0.0
2015-08-25,4.28,4.28,4.28,4.28,0.0
2015-08-26,4.286,4.286,4.286,4.286,0.0
2015-08-27,4.293,4.293,4.293,4.293,0.0
2015-08-28,4.32,4.32,4.32,4.32,0.0
2015-08-31,4.317,4.317,4.317,4.317,0.0
2015-09-01,4.328,4.328,4.328,4.328,0.0
2015-09-02,4.33,4.33,4.33,4.33,0.0
2015-09-03,4.337,4.337,4.337,4.337,0.0
2015-09-04,4.327,4.327,4.327,4.327,0.0
2015-09-08,4.333,4.333,4.333,4.333,0.0
2015-09-09,4.356,4.356,4.356,4.356,0.0
2015-09-10,4.351,4.351,4.351,4.351,0.0
2015-09-11,4.314,4.314,4.314,4.314,0.0
2015-09-14,4.324,4.324,4.324,4.324,0.0
2015-09-15,4.314,4.314,4.314,4.314,0.0
2015-09-16,4.265,4.265,4.265,4.265,0.0
2015-09-17,4.235,4.235,4.235,4.235,0.0
2015-09-18,4.24,4.24,4.24,4.24,0.0
2015-09-21,4.228,4.228,4.228,4.228,0.0
2015-09-22,4.219,4.219,4.219,4.219,0.0
2015-09-23,4.229,4.229,4.229,4.229,0.0
2015-09-24,4.266,4.266,4.266,4.266,0.0
2015-09-25,4.234,4.234,4.234,4.234,0.0
2015-09-28,4.231,4.231,4.231,4.231,0.0
2015-09-29,4.209,4.209,4.209,4.209,0.0
2015-09-30,4.182,4.182,4.182,4.182,0.0
2015-10-01,4.179,4.179,4.179,4.179,0.0
2015-10-02,4.189,4.189,4.189,4.189,0.0
2015-10-05,4.185,4.185,4.185,4.185,0.0
2015-10-06,4.2,4.2,4.2,4.2,0.0
2015-10-07,4.2,4.2,4.2,4.2,0.0
2015-10-08,4.195,4.195,4.195,4.195,0.0
2015-10-09,4.193,4.193,4.193,4.193,0.0
2015-10-12,4.198,4.198,4.198,4.198,0.0
2015-10-13,4.2,4.2,4.2,4.2,0.0
2015-10-14,4.201,4.201,4.201,4.201,0.0
2015-10-15,4.203,4.203,4.203,4.203,0.0
2015-10-16,4.212,4.212,4.212,4.212,0.0
2015-10-19,4.216,4.216,4.216,4.216,0.0
2015-10-20,4.225,4.225,4.225,4.225,0.0
2015-10-21,4.215,4.215,4.215,4.215,0.0
2015-10-22,4.214,4.214,4.214,4.214,0.0
2015-10-23,4.174,4.174,4.174,4.174,0.0
2015-10-26,4.158,4.158,4.158,4.158,0.0
2015-10-27,4.13,4.13,4.13,4.13,0.0
2015-10-28,4.129,4.129,4.129,4.129,0.0
2015-10-29,4.124,4.124,4.124,4.124,0.0
2015-10-30,4.174,4.174,4.174,4.174,0.0
2015-11-02,4.152,4.152,4.152,4.152,0.0
2015-11-03,4.157,4.157,4.157,4.157,0.0
2015-11-04,4.159,4.159,4.159,4.159,0.0
2015-11-05,4.152,4.152,4.152,4.152,0.0
2015-11-06,4.15,4.15,4.15,4.15,0.0
2015-11-09,4.144,4.144,4.144,4.144,0.0
2015-11-10,4.137,4.137,4.137,4.137,0.0
2015-11-11,4.119,4.119,4.119,4.119,0.0
2015-11-12,4.104,4.104,4.104,4.104,0.0
2015-11-13,4.131,4.131,4.131,4.131,0.0
2015-11-16,4.139,4.139,4.139,4.139,0.0
2015-11-17,4.143,4.143,4.143,4.143,0.0
2015-11-18,4.076,4.076,4.076,4.076,0.0
2015-11-19,4.044,4.044,4.044,4.044,0.0
2015-11-20,4.013,4.013,4.013,4.013,0.0
2015-11-23,4.026,4.026,4.026,4.026,0.0
2015-11-24,4.027,4.027,4.027,4.027,0.0
2015-11-25,4.042,4.042,4.042,4.042,0.0
2015-11-27,4.024,4.024,4.024,4.024,0.0
2015-11-30,4.005,4.005,4.005,4.005,0.0
2015-12-01,4.015,4.015,4.015,4.015,0.0
2015-12-02,4.043,4.043,4.043,4.043,0.0
2015-12-03,4.046,4.046,4.046,4.046,0.0
2015-12-04,4.044,4.044,4.044,4.044,0.0
2015-12-07,4.027,4.027,4.027,4.027,0.0
2015-12-08,4.047,4.047,4.047,4.047,0.0
2015-12-09,4.068,4.068,4.068,4.068,0.0
2015-12-10,4.089,4.089,4.089,4.089,0.0
2015-12-11,4.085,4.085,4.085,4.085,0.0
2015-12-14,4.075,4.075,4.075,4.075,0.0
2015-12-15,4.075,4.075,4.075,4.075,0.0
2015-12-16,4.102,4.102,4.102,4.102,0.0
2015-12-17,4.127,4.127,4.127,4.127,0.0
2015-12-18,4.105,4.105,4.105,4.105,0.0
2015-12-21,4.082,4.082,4.082,4.082,0.0
2015-12-22,4.092,4.092,4.092,4.092,0.0
2015-12-23,4.085,4.085,4.085,4.085,0.0
2015-12-24,4.084,4.084,4.084,4.084,0.0
2015-12-28,4.126,4.126,4.126,4.126,0.0
2015-12-29,4.111,4.111,4.111,4.111,0.0
2015-12-30,4.102,4.102,4.102,4.102,0.0
2015-12-31,4.084,4.084,4.084,4.084,0.0
2016-01-04,4.064,4.064,4.064,4.064,0.0
2016-01-05,4.038,4.038,4.038,4.038,0.0
2016-01-06,4.023,4.023,4.023,4.023,0.0
2016-01-07,4.043,4.043,4.043,4.043,0.0
2016-01-08,4.021,4.021,4.021,4.021,0.0
2016-01-11,4.001,4.001,4.001,4.001,0.0
2016-01-12,3.952,3.952,3.952,3.952,0.0
2016-01-13,3.972,3.972,3.972,3.972,0.0
2016-01-14,3.987,3.987,3.987,3.987,0.0
2016-01-15,3.97,3.97,3.97,3.97,0.0
2016-01-19,3.972,3.972,3.972,3.972,0.0
2016-01-20,3.942,3.942,3.942,3.942,0.0
2016-01-21,3.95,3.95,3.95,3.95,0.0
2016-01-22,3.931,3.931,3.931,3.931,0.0
2016-01-25,3.932,3.932,3.932,3.932,0.0
2016-01-26,3.916,3.916,3.916,3.916,0.0
2016-01-27,3.936,3.936,3.936,3.936,0.0
2016-01-28,3.98,3.98,3.98,3.98,0.0
2016-01-29,3.962,3.962,3.962,3.962,0.0
2016-02-01,3.921,3.921,3.921,3.921,0.0
2016-02-02,3.86,3.86,3.86,3.86,0.0
2016-02-03,3.888,3.888,3.888,3.888,0.0
2016-02-04,3.891,3.891,3.891,3.891,0.0
2016-02-05,3.889,3.889,3.889,3.889,0.0
2016-02-08,3.832,3.832,3.832,3.832,0.0
2016-02-09,3.814,3.814,3.814,3.814,0.0
2016-02-10,3.786,3.786,3.786,3.786,0.0
2016-02-11,3.742,3.742,3.742,3.742,0.0
2016-02-12,3.714,3.714,3.714,3.714,0.0
2016-02-16,3.693,3.693,3.693,3.693,0.0
2016-02-17,3.693,3.693,3.693,3.693,0.0
2016-02-18,3.643,3.643,3.643,3.643,0.0
2016-02-19,3.634,3.634,3.634,3.634,0.0
2016-02-22,3.573,3.573,3.573,3.573,0.0
2016-02-23,3.589,3.589,3.589,3.589,0.0
2016-02-24,3.619,3.619,3.619,3.619,0.0
2016-02-25,3.617,3.617,3.617,3.617,0.0
2016-02-26,3.619,3.619,3.619,3.619,0.0
2016-02-29,3.679,3.679,3.679,3.679,0.0
2016-03-01,3.698,3.698,3.698,3.698,0.0
2016-03-02,3.682,3.682,3.682,3.682,0.0
2016-03-03,3.694,3.694,3.694,3.694,0.0
2016-03-04,3.693,3.693,3.693,3.693,0.0
2016-03-07,3.7,3.7,3.7,3.7,0.0
2016-03-08,3.706,3.706,3.706,3.706,0.0
2016-03-09,3.754,3.754,3.754,3.754,0.0
2016-03-10,3.751,3.751,3.751,3.751,0.0
2016-03-11,3.761,3.761,3.761,3.761,0.0
2016-03-14,3.752,3.752,3.752,3.752,0.0
2016-03-15,3.75,3.75,3.75,3.75,0.0
2016-03-16,3.751,3.751,3.751,3.751,0.0
2016-03-17,3.756,3.756,3.756,3.756,0.0
2016-03-18,3.746,3.746,3.746,3.746,0.0
2016-03-21,3.754,3.754,3.754,3.754,0.0
2016-03-22,3.775,3.775,3.775,3.775,0.0
2016-03-23,3.79,3.79,3.79,3.79,0.0
2016-03-24,3.845,3.845,3.845,3.845,0.0
2016-03-28,3.895,3.895,3.895,3.895,0.0
2016-03-29,3.952,3.952,3.952,3.952,0.0
2016-03-30,3.955,3.955,3.955,3.955,0.0
2016-03-31,3.994,3.994,3.994,3.994,0.0
2016-04-01,4.0,4.0,4.0,4.0,0.0
2016-04-04,3.972,3.972,3.972,3.972,0.0
2016-04-05,3.982,3.982,3.982,3.982,0.0
2016-04-06,4.04,4.04,4.04,4.04,0.0
2016-04-07,4.043,4.043,4.043,4.043,0.0
2016-04-08,4.063,4.063,4.063,4.063,0.0
2016-04-11,4.06,4.06,4.06,4.06,0.0
2016-04-12,4.058,4.058,4.058,4.058,0.0
2016-04-13,4.068,4.068,4.068,4.068,0.0
2016-04-14,4.067,4.067,4.067,4.067,0.0
2016-04-15,4.037,4.037,4.037,4.037,0.0
2016-04-18,4.027,4.027,4.027,4.027,0.0
2016-04-19,4.007,4.007,4.007,4.007,0.0
2016-04-20,4.007,4.007,4.007,4.007,0.0
2016-04-21,4.039,4.039,4.039,4.039,0.0
2016-04-22,4.026,4.026,4.026,4.026,0.0
2016-04-25,4.042,4.042,4.042,4.042,0.0
2016-04-26,4.09,4.09,4.09,4.09,0.0
2016-04-27,4.101,4.101,4.101,4.101,0.0
2016-04-28,4.096,4.096,4.096,4.096,0.0
2016-04-29,4.094,4.094,4.094,4.094,0.0
2016-05-02,4.074,4.074,4.074,4.074,0.0
2016-05-03,4.06,4.06,4.06,4.06,0.0
2016-05-04,4.069,4.069,4.069,4.069,0.0
2016-05-05,4.103,4.103,4.103,4.103,0.0
2016-05-06,4.104,4.104,4.104,4.104,0.0
2016-05-09,4.092,4.092,4.092,4.092,0.0
2016-05-10,4.106,4.106,4.106,4.106,0.0
2016-05-11,4.09,4.09,4.09,4.09,0.0
2016-05-12,4.075,4.075,4.075,4.075,0.0
2016-05-13,4.078,4.078,4.078,4.078,0.0
2016-05-16,4.085,4.085,4.085,4.085,0.0
2016-05-17,4.067,4.067,4.067,4.067,0.0
2016-05-18,4.065,4.065,4.065,4.065,0.0
2016-05-19,4.075,4.075,4.075,4.075,0.0
2016-05-20,4.063,4.063,4.063,4.063,0.0
2016-05-23,4.058,4.058,4.058,4.058,0.0
2016-05-24,4.055,4.055,4.055,4.055,0.0
2016-05-25,4.084,4.084,4.084,4.084,0.0
2016-05-26,4.115,4.115,4.115,4.115,0.0
2016-05-27,4.125,4.125,4.125,4.125,0.0
2016-05-31,4.125,4.125,4.125,4.125,0.0
2016-06-01,4.123,4.123,4.123,4.123,0.0
2016-06-02,4.11,4.11,4.11,4.11,0.0
2016-06-03,4.1,4.1,4.1,4.1,0.0
2016-06-06,4.094,4.094,4.094,4.094,0.0
2016-06-07,4.118,4.118,4.118,4.118,0.0
2016-06-08,4.105,4.105,4.105,4.105,0.0
2016-06-09,4.103,4.103,4.103,4.103,0.0
2016-06-10,4.08,4.08,4.08,4.08,0.0
2016-06-13,4.041,4.041,4.041,4.041,0.0
2016-06-14,4.026,4.026,4.026,4.026,0.0
2016-06-15,4.026,4.026,4.026,4.026,0.0
2016-06-16,4.018,4.018,4.018,4.018,0.0
2016-06-17,3.995,3.995,3.995,3.995,0.0
2016-06-20,3.985,3.985,3.985,3.985,0.0
2016-06-21,3.971,3.971,3.971,3.971,0.0
2016-06-22,3.978,3.978,3.978,3.978,0.0
2016-06-23,3.999,3.999,3.999,3.999,0.0
2016-06-24,4.017,4.017,4.017,4.017,0.0
2016-06-27,3.971,3.971,3.971,3.971,0.0
2016-06-28,4.03,4.03,4.03,4.03,0.0
2016-06-29,4.031,4.031,4.031,4.031,0.0
2016-06-30,4.048,4.048,4.048,4.048,0.0
2016-07-01,4.049,4.049,4.049,4.049,0.0
2016-07-05,4.047,4.047,4.047,4.047,0.0
2016-07-06,4.069,4.069,4.069,4.069,0.0
2016-07-07,4.067,4.067,4.067,4.067,0.0
2016-07-08,4.074,4.074,4.074,4.074,0.0
2016-07-11,4.07,4.07,4.07,4.07,0.0
2016-07-12,4.056,4.056,4.056,4.056,0.0
2016-07-13,4.076,4.076,4.076,4.076,0.0
2016-07-14,4.074,4.074,4.074,4.074,0.0
2016-07-15,4.06,4.06,4.06,4.06,0.0
2016-07-18,4.045,4.045,4.045,4.045,0.0
2016-07-19,4.035,4.035,4.035,4.035,0.0
2016-07-20,4.024,4.024,4.024,4.024,0.0
2016-07-21,4.029,4.029,4.029,4.029,0.0
2016-07-22,4.033,4.033,4.033,4.033,0.0
2016-07-25,4.039,4.039,4.039,4.039,0.0
2016-07-26,4.037,4.037,4.037,4.037,0.0
2016-07-27,4.03,4.03,4.03,4.03,0.0
2016-07-28,4.043,4.043,4.043,4.043,0.0
2016-07-29,4.048,4.048,4.048,4.048,0.0
2016-08-01,4.046,4.046,4.046,4.046,0.0
2016-08-02,4.045,4.045,4.045,4.045,0.0
2016-08-03,4.045,4.045,4.045,4.045,0.0
2016-08-04,4.074,4.074,4.074,4.074,0.0
2016-08-05,4.072,4.072,4.072,4.072,0.0
2016-08-08,4.071,4.071,4.071,4.071,0.0
2016-08-09,4.068,4.068,4.068,4.068,0.0
2016-08-10,4.049,4.049,4.049,4.049,0.0
2016-08-11,4.038,4.038,4.038,4.038,0.0
2016-08-12,4.035,4.035,4.035,4.035,0.0
2016-08-15,4.028,4.028,4.028,4.028,0.0
2016-08-16,4.041,4.041,4.041,4.041,0.0
2016-08-17,4.076,4.076,4.076,4.076,0.0
2016-08-18,4.075,4.075,4.075,4.075,0.0
2016-08-19,4.086,4.086,4.086,4.086,0.0
2016-08-22,4.086,4.086,4.086,4.086,0.0
2016-08-23,4.109,4.109,4.109,4.109,0.0
2016-08-24,4.133,4.133,4.133,4.133,0.0
2016-08-25,4.079,4.079,4.079,4.079,0.0
2016-08-26,4.039,4.039,4.039,4.039,0.0
2016-08-29,4.022,4.022,4.022,4.022,0.0
2016-08-30,4.012,4.012,4.012,4.012,0.0
2016-08-31,4.038,4.038,4.038,4.038,0.0
2016-09-01,3.997,3.997,3.997,3.997,0.0
2016-09-02,3.978,3.978,3.978,3.978,0.0
2016-09-06,3.979,3.979,3.979,3.979,0.0
2016-09-07,3.955,3.955,3.955,3.955,0.0
2016-09-08,3.943,3.943,3.943,3.943,0.0
2016-09-09,3.894,3.894,3.894,3.894,0.0
2016-09-12,3.896,3.896,3.896,3.896,0.0
2016-09-13,3.873,3.873,3.873,3.873,0.0
2016-09-14,3.89,3.89,3.89,3.89,0.0
2016-09-15,3.892,3.892,3.892,3.892,0.0
2016-09-16,3.87,3.87,3.87,3.87,0.0
2016-09-19,3.848,3.848,3.848,3.848,0.0
2016-09-20,3.858,3.858,3.858,3.858,0.0
2016-09-21,3.854,3.854,3.854,3.854,0.0
2016-09-22,3.822,3.822,3.822,3.822,0.0
2016-09-23,3.833,3.833,3.833,3.833,0.0
2016-09-26,3.85,3.85,3.85,3.85,0.0
2016-09-27,3.818,3.818,3.818,3.818,0.0
2016-09-28,3.792,3.792,3.792,3.792,0.0
2016-09-29,3.751,3.751,3.751,3.751,0.0
2016-09-30,3.747,3.747,3.747,3.747,0.0
2016-10-03,3.738,3.738,3.738,3.738,0.0
2016-10-04,3.712,3.712,3.712,3.712,0.0
2016-10-05,3.732,3.732,3.732,3.732,0.0
2016-10-06,3.734,3.734,3.734,3.734,0.0
2016-10-07,3.748,3.748,3.748,3.748,0.0
2016-10-10,3.739,3.739,3.739,3.739,0.0
2016-10-11,3.837,3.837,3.837,3.837,0.0
2016-10-12,3.804,3.804,3.804,3.804,0.0
2016-10-13,3.816,3.816,3.816,3.816,0.0
2016-10-14,3.813,3.813,3.813,3.813,0.0
2016-10-17,3.82,3.82,3.82,3.82,0.0
2016-10-18,3.822,3.822,3.822,3.822,0.0
2016-10-19,3.814,3.814,3.814,3.814,0.0
2016-10-20,3.834,3.834,3.834,3.834,0.0
2016-10-21,3.834,3.834,3.834,3.834,0.0
2016-10-24,3.829,3.829,3.829,3.829,0.0
2016-10-25,3.819,3.819,3.819,3.819,0.0
2016-10-26,3.827,3.827,3.827,3.827,0.0
2016-10-27,3.845,3.845,3.845,3.845,0.0
2016-10-28,3.857,3.857,3.857,3.857,0.0
2016-10-31,3.85,3.85,3.85,3.85,0.0
2016-11-01,3.854,3.854,3.854,3.854,0.0
2016-11-02,3.834,3.834,3.834,3.834,0.0
2016-11-03,3.845,3.845,3.845,3.845,0.0
2016-11-04,3.829,3.829,3.829,3.829,0.0
2016-11-07,3.844,3.844,3.844,3.844,0.0
2016-11-08,3.856,3.856,3.856,3.856,0.0
2016-11-09,3.836,3.836,3.836,3.836,0.0
2016-11-10,3.846,3.846,3.846,3.846,0.0
2016-11-11,3.819,3.819,3.819,3.819,0.0
2016-11-14,3.789,3.789,3.789,3.789,0.0
2016-11-15,3.749,3.749,3.749,3.749,0.0
2016-11-16,3.756,3.756,3.756,3.756,0.0
2016-11-17,3.771,3.771,3.771,3.771,0.0
2016-11-18,3.745,3.745,3.745,3.745,0.0
2016-11-21,3.721,3.721,3.721,3.721,0.0
2016-11-22,3.693,3.693,3.693,3.693,0.0
2016-11-23,3.671,3.671,3.671,3.671,0.0
2016-11-25,3.67,3.67,3.67,3.67,0.0
2016-11-28,3.613,3.613,3.613,3.613,0.0
2016-11-29,3.565,3.565,3.565,3.565,0.0
2016-11-30,3.531,3.531,3.531,3.531,0.0
2016-12-01,3.577,3.577,3.577,3.577,0.0
2016-12-02,3.567,3.567,3.567,3.567,0.0
2016-12-05,3.562,3.562,3.562,3.562,0.0
2016-12-06,3.56,3.56,3.56,3.56,0.0
2016-12-07,3.58,3.58,3.58,3.58,0.0
2016-12-08,3.614,3.614,3.614,3.614,0.0
2016-12-09,3.573,3.573,3.573,3.573,0.0
2016-12-12,3.561,3.561,3.561,3.561,0.0
2016-12-13,3.535,3.535,3.535,3.535,0.0
2016-12-14,3.488,3.488,3.488,3.488,0.0
2016-12-15,3.498,3.498,3.498,3.498,0.0
2016-12-16,3.507,3.507,3.507,3.507,0.0
2016-12-19,3.515,3.515,3.515,3.515,0.0
2016-12-20,3.494,3.494,3.494,3.494,0.0
2016-12-21,3.495,3.495,3.495,3.495,0.0
2016-12-22,3.459,3.459,3.459,3.459,0.0
2016-12-23,3.454,3.454,3.454,3.454,0.0
2016-12-27,3.472,3.472,3.472,3.472,0.0
2016-12-28,3.482,3.482,3.482,3.482,0.0
2016-12-29,3.492,3.492,3.492,3.492,0.0
2016-12-30,3.495,3.495,3.495,3.495,0.0
2017-01-03,3.484,3.484,3.484,3.484,0.0
2017-01-04,3.482,3.482,3.482,3.482,0.0
2017-01-05,3.497,3.497,3.497,3.497,0.0
2017-01-06,3.476,3.476,3.476,3.476,0.0
2017-01-09,3.457,3.457,3.457,3.457,0.0
2017-01-10,3.463,3.463,3.463,3.463,0.0
2017-01-11,3.417,3.417,3.417,3.417,0.0
2017-01-12,3.393,3.393,3.393,3.393,0.0
2017-01-13,3.343,3.343,3.343,3.343,0.0
2017-01-17,3.345,3.345,3.345,3.345,0.0
2017-01-18,3.338,3.338,3.338,3.338,0.0
2017-01-19,3.287,3.287,3.287,3.287,0.0
2017-01-20,3.292,3.292,3.292,3.292,0.0
2017-01-23,3.294,3.294,3.294,3.294,0.0
2017-01-24,3.284,3.284,3.284,3.284,0.0
2017-01-25,3.275,3.275,3.275,3.275,0.0
2017-01-26,3.284,3.284,3.284,3.284,0.0
2017-01-27,3.271,3.271,3.271,3.271,0.0
2017-01-30,3.278,3.278,3.278,3.278,0.0
2017-01-31,3.28,3.28,3.28,3.28,0.0
2017-02-01,3.265,3.265,3.265,3.265,0.0
2017-02-02,3.268,3.268,3.268,3.268,0.0
2017-02-03,3.251,3.251,3.251,3.251,0.0
2017-02-06,3.246,3.246,3.246,3.246,0.0
2017-02-07,3.262,3.262,3.262,3.262,0.0
2017-02-08,3.273,3.273,3.273,3.273,0.0
2017-02-09,3.266,3.266,3.266,3.266,0.0
2017-02-10,3.246,3.246,3.246,3.246,0.0
2017-02-13,3.214,3.214,3.214,3.214,0.0
2017-02-14,3.206,3.206,3.206,3.206,0.0
2017-02-15,3.208,3.208,3.208,3.208,0.0
2017-02-16,3.222,3.222,3.222,3.222,0.0
2017-02-17,3.223,3.223,3.223,3.223,0.0
2017-02-21,3.213,3.213,3.213,3.213,0.0
2017-02-22,3.216,3.216,3.216,3.216,0.0
2017-02-23,3.219,3.219,3.219,3.219,0.0
2017-02-24,3.197,3.197,3.197,3.197,0.0
2017-02-27,3.198,3.198,3.198,3.198,0.0
2017-02-28,3.211,3.211,3.211,3.211,0.0
2017-03-01,3.225,3.225,3.225,3.225,0.0
2017-03-02,3.217,3.217,3.217,3.217,0.0
2017-03-03,3.24,3.24,3.24,3.24,0.0
2017-03-06,3.257,3.257,3.257,3.257,0.0
2017-03-07,3.244,3.244,3.244,3.244,0.0
2017-03-08,3.232,3.232,3.232,3.232,0.0
2017-03-09,3.225,3.225,3.225,3.225,0.0
2017-03-10,3.212,3.212,3.212,3.212,0.0
2017-03-13,3.207,3.207,3.207,3.207,0.0
2017-03-14,3.209,3.209,3.209,3.209,0.0
2017-03-15,3.229,3.229,3.229,3.229,0.0
2017-03-16,3.253,3.253,3.253,3.253,0.0
2017-03-17,3.259,3.259,3.259,3.259,0.0
2017-03-20,3.267,3.267,3.267,3.267,0.0
2017-03-21,3.28,3.28,3.28,3.28,0.0
2017-03-22,3.282,3.282,3.282,3.282,0.0
2017-03-23,3.279,3.279,3.279,3.279,0.0
2017-03-24,3.247,3.247,3.247,3.247,0.0
2017-03-27,3.237,3.237,3.237,3.237,0.0
2017-03-28,3.228,3.228,3.228,3.228,0.0
2017-03-29,3.236,3.236,3.236,3.236,0.0
2017-03-30,3.242,3.242,3.242,3.242,0.0
2017-03-31,3.236,3.236,3.236,3.236,0.0
2017-04-03,3.243,3.243,3.243,3.243,0.0
2017-04-04,3.256,3.256,3.256,3.256,0.0
2017-04-05,3.275,3.275,3.275,3.275,0.0
2017-04-06,3.261,3.261,3.261,3.261,0.0
2017-04-07,3.275,3.275,3.275,3.275,0.0
2017-04-10,3.284,3.284,3.284,3.284,0.0
2017-04-11,3.315,3.315,3.315,3.315,0.0
2017-04-12,3.316,3.316,3.316,3.316,0.0
2017-04-13,3.337,3.337,3.337,3.337,0.0
2017-04-17,3.331,3.331,3.331,3.331,0.0
2017-04-18,3.363,3.363,3.363,3.363,0.0
2017-04-19,3.373,3.373,3.373,3.373,0.0
2017-04-20,3.407,3.407,3.407,3.407,0.0
2017-04-21,3.381,3.381,3.381,3.381,0.0
2017-04-24,3.36,3.36,3.36,3.36,0.0
2017-04-25,3.355,3.355,3.355,3.355,0.0
2017-04-26,3.351,3.351,3.351,3.351,0.0
2017-04-27,3.337,3.337,3.337,3.337,0.0
2017-04-28,3.341,3.341,3.341,3.341,0.0
2017-05-01,3.309,3.309,3.309,3.309,0.0
2017-05-02,3.31,3.31,3.31,3.31,0.0
2017-05-03,3.329,3.329,3.329,3.329,0.0
2017-05-04,3.372,3.372,3.372,3.372,0.0
2017-05-05,3.372,3.372,3.372,3.372,0.0
2017-05-08,3.363,3.363,3.363,3.363,0.0
2017-05-09,3.366,3.366,3.366,3.366,0.0
2017-05-10,3.367,3.367,3.367,3.367,0.0
2017-05-11,3.376,3.376,3.376,3.376,0.0
2017-05-12,3.38,3.38,3.38,3.38,0.0
2017-05-15,3.369,3.369,3.369,3.369,0.0
2017-05-16,3.386,3.386,3.386,3.386,0.0
2017-05-17,3.397,3.397,3.397,3.397,0.0
2017-05-18,3.384,3.384,3.384,3.384,0.0
2017-05-19,3.374,3.374,3.374,3.374,0.0
2017-05-22,3.376,3.376,3.376,3.376,0.0
2017-05-23,3.43,3.43,3.43,3.43,0.0
2017-05-24,3.412,3.412,3.412,3.412,0.0
2017-05-25,3.401,3.401,3.401,3.401,0.0
2017-05-26,3.386,3.386,3.386,3.386,0.0
2017-05-30,3.369,3.369,3.369,3.369,0.0
2017-05-31,3.365,3.365,3.365,3.365,0.0
2017-06-01,3.367,3.367,3.367,3.367,0.0
2017-06-02,3.357,3.357,3.357,3.357,0.0
2017-06-05,3.33,3.33,3.33,3.33,0.0
2017-06-06,3.282,3.282,3.282,3.282,0.0
2017-06-07,3.293,3.293,3.293,3.293,0.0
2017-06-08,3.311,3.311,3.311,3.311,0.0
2017-06-09,3.308,3.308,3.308,3.308,0.0
2017-06-12,3.31,3.31,3.31,3.31,0.0
2017-06-13,3.314,3.314,3.314,3.314,0.0
2017-06-14,3.304,3.304,3.304,3.304,0.0
2017-06-15,3.327,3.327,3.327,3.327,0.0
2017-06-16,3.316,3.316,3.316,3.316,0.0
2017-06-19,3.337,3.337,3.337,3.337,0.0
2017-06-20,3.375,3.375,3.375,3.375,0.0
2017-06-21,3.386,3.386,3.386,3.386,0.0
2017-06-22,3.385,3.385,3.385,3.385,0.0
2017-06-23,3.362,3.362,3.362,3.362,0.0
2017-06-26,3.337,3.337,3.337,3.337,0.0
2017-06-27,3.337,3.337,3.337,3.337,0.0
2017-06-28,3.327,3.327,3.327,3.327,0.0
2017-06-29,3.327,3.327,3.327,3.327,0.0
2017-06-30,3.34,3.34,3.34,3.34,0.0
2017-07-03,3.339,3.339,3.339,3.339,0.0
2017-07-05,3.309,3.309,3.309,3.309,0.0
2017-07-06,3.277,3.277,3.277,3.277,0.0
2017-07-07,3.272,3.272,3.272,3.272,0.0
2017-07-10,3.259,3.259,3.259,3.259,0.0
2017-07-11,3.252,3.252,3.252,3.252,0.0
2017-07-12,3.234,3.234,3.234,3.234,0.0
2017-07-13,3.247,3.247,3.247,3.247,0.0
2017-07-14,3.25,3.25,3.25,3.25,0.0
2017-07-17,3.249,3.249,3.249,3.249,0.0
2017-07-18,3.258,3.258,3.258,3.258,0.0
2017-07-19,3.243,3.243,3.243,3.243,0.0
2017-07-20,3.224,3.224,3.224,3.224,0.0
2017-07-21,3.218,3.218,3.218,3.218,0.0
2017-07-24,3.187,3.187,3.187,3.187,0.0
2017-07-25,3.176,3.176,3.176,3.176,0.0
2017-07-26,3.163,3.163,3.163,3.163,0.0
2017-07-27,3.164,3.164,3.164,3.164,0.0
2017-07-28,3.183,3.183,3.183,3.183,0.0
2017-07-31,3.164,3.164,3.164,3.164,0.0
2017-08-01,3.186,3.186,3.186,3.186,0.0
2017-08-02,3.195,3.195,3.195,3.195,0.0
2017-08-03,3.218,3.218,3.218,3.218,0.0
2017-08-04,3.228,3.228,3.228,3.228,0.0
2017-08-07,3.227,3.227,3.227,3.227,0.0
2017-08-08,3.214,3.214,3.214,3.214,0.0
2017-08-09,3.208,3.208,3.208,3.208,0.0
2017-08-10,3.205,3.205,3.205,3.205,0.0
2017-08-11,3.209,3.209,3.209,3.209,0.0
2017-08-14,3.205,3.205,3.205,3.205,0.0
2017-08-15,3.203,3.203,3.203,3.203,0.0
2017-08-16,3.193,3.193,3.193,3.193,0.0
2017-08-17,3.189,3.189,3.189,3.189,0.0
2017-08-18,3.189,3.189,3.189,3.189,0.0
2017-08-21,3.179,3.179,3.179,3.179,0.0
2017-08-22,3.174,3.174,3.174,3.174,0.0
2017-08-23,3.179,3.179,3.179,3.179,0.0
2017-08-24,3.134,3.134,3.134,3.134,0.0
2017-08-25,3.121,3.121,3.121,3.121,0.0
2017-08-28,3.134,3.134,3.134,3.134,0.0
2017-08-29,3.134,3.134,3.134,3.134,0.0
2017-08-30,3.139,3.139,3.139,3.139,0.0
2017-08-31,3.15,3.15,3.15,3.15,0.0
2017-09-01,3.151,3.151,3.151,3.151,0.0
2017-09-05,3.147,3.147,3.147,3.147,0.0
2017-09-06,3.108,3.108,3.108,3.108,0.0
2017-09-07,3.143,3.143,3.143,3.143,0.0
2017-09-08,3.148,3.148,3.148,3.148,0.0
2017-09-11,3.159,3.159,3.159,3.159,0.0
2017-09-12,3.159,3.159,3.159,3.159,0.0
2017-09-13,3.145,3.145,3.145,3.145,0.0
2017-09-14,3.155,3.155,3.155,3.155,0.0
2017-09-15,3.16,3.16,3.16,3.16,0.0
2017-09-18,3.177,3.177,3.177,3.177,0.0
2017-09-19,3.163,3.163,3.163,3.163,0.0
2017-09-20,3.154,3.154,3.154,3.154,0.0
2017-09-21,3.145,3.145,3.145,3.145,0.0
2017-09-22,3.159,3.159,3.159,3.159,0.0
2017-09-25,3.142,3.142,3.142,3.142,0.0
2017-09-26,3.152,3.152,3.152,3.152,0.0
2017-09-27,3.164,3.164,3.164,3.164,0.0
2017-09-28,3.163,3.163,3.163,3.163,0.0
2017-09-29,3.16,3.16,3.16,3.16,0.0
2017-10-02,3.173,3.173,3.173,3.173,0.0
2017-10-03,3.19,3.19,3.19,3.19,0.0
2017-10-04,3.188,3.188,3.188,3.188,0.0
2017-10-05,3.194,3.194,3.194,3.194,0.0
2017-10-06,3.186,3.186,3.186,3.186,0.0
2017-10-09,3.196,3.196,3.196,3.196,0.0
2017-10-10,3.186,3.186,3.186,3.186,0.0
2017-10-11,3.181,3.181,3.181,3.181,0.0
2017-10-12,3.213,3.213,3.213,3.213,0.0
2017-10-13,3.216,3.216,3.216,3.216,0.0
2017-10-16,3.241,3.241,3.241,3.241,0.0
2017-10-17,3.269,3.269,3.269,3.269,0.0
2017-10-18,3.276,3.276,3.276,3.276,0.0
2017-10-19,3.298,3.298,3.298,3.298,0.0
2017-10-20,3.333,3.333,3.333,3.333,0.0
2017-10-23,3.313,3.313,3.313,3.313,0.0
2017-10-24,3.312,3.312,3.312,3.312,0.0
2017-10-25,3.313,3.313,3.313,3.313,0.0
2017-10-26,3.306,3.306,3.306,3.306,0.0
2017-10-27,3.284,3.284,3.284,3.284,0.0
2017-10-30,3.311,3.311,3.311,3.311,0.0
2017-10-31,3.309,3.309,3.309,3.309,0.0
2017-11-01,3.321,3.321,3.321,3.321,0.0
2017-11-02,3.304,3.304,3.304,3.304,0.0
2017-11-03,3.299,3.299,3.299,3.299,0.0
2017-11-06,3.294,3.294,3.294,3.294,0.0
2017-11-07,3.293,3.293,3.293,3.293,0.0
2017-11-08,3.291,3.291,3.291,3.291,0.0
2017-11-09,3.293,3.293,3.293,3.293,0.0
2017-11-10,3.273,3.273,3.273,3.273,0.0
2017-11-13,3.257,3.257,3.257,3.257,0.0
2017-11-14,3.263,3.263,3.263,3.263,0.0
2017-11-15,3.254,3.254,3.254,3.254,0.0
2017-11-16,3.258,3.258,3.258,3.258,0.0
2017-11-17,3.256,3.256,3.256,3.256,0.0
2017-11-20,3.249,3.249,3.249,3.249,0.0
2017-11-21,3.247,3.247,3.247,3.247,0.0
2017-11-22,3.234,3.234,3.234,3.234,0.0
2017-11-24,3.235,3.235,3.235,3.235,0.0
2017-11-27,3.237,3.237,3.237,3.237,0.0
2017-11-28,3.244,3.244,3.244,3.244,0.0
2017-11-29,3.247,3.247,3.247,3.247,0.0
2017-11-30,3.24,3.24,3.24,3.24,0.0
2017-12-01,3.227,3.227,3.227,3.227,0.0
2017-12-04,3.203,3.203,3.203,3.203,0.0
2017-12-05,3.193,3.193,3.193,3.193,0.0
2017-12-06,3.182,3.182,3.182,3.182,0.0
2017-12-07,3.188,3.188,3.188,3.188,0.0
2017-12-08,3.186,3.186,3.186,3.186,0.0
2017-12-11,3.179,3.179,3.179,3.179,0.0
2017-12-12,3.187,3.187,3.187,3.187,0.0
2017-12-13,3.197,3.197,3.197,3.197,0.0
2017-12-14,3.196,3.196,3.196,3.196,0.0
2017-12-15,3.204,3.204,3.204,3.204,0.0
2017-12-18,3.227,3.227,3.227,3.227,0.0
2017-12-19,3.229,3.229,3.229,3.229,0.0
2017-12-20,3.215,3.215,3.215,3.215,0.0
2017-12-21,3.232,3.232,3.232,3.232,0.0
2017-12-22,3.255,3.255,3.255,3.255,0.0
2017-12-26,3.256,3.256,3.256,3.256,0.0
2017-12-27,3.235,3.235,3.235,3.235,0.0
2017-12-28,3.217,3.217,3.217,3.217,0.0
2017-12-29,3.222,3.222,3.222,3.222,0.0
2018-01-02,3.215,3.215,3.215,3.215,0.0
2018-01-03,3.216,3.216,3.216,3.216,0.0
2018-01-04,3.241,3.241,3.241,3.241,0.0
2018-01-05,3.222,3.222,3.222,3.222,0.0
2018-01-08,3.217,3.217,3.217,3.217,0.0
2018-01-09,3.198,3.198,3.198,3.198,0.0
2018-01-10,3.21,3.21,3.21,3.21,0.0
2018-01-11,3.215,3.215,3.215,3.215,0.0
2018-01-12,3.202,3.202,3.202,3.202,0.0
2018-01-16,3.171,3.171,3.171,3.171,0.0
2018-01-17,3.165,3.165,3.165,3.165,0.0
2018-01-18,3.163,3.163,3.163,3.163,0.0
2018-01-19,3.173,3.173,3.173,3.173,0.0
2018-01-22,3.192,3.192,3.192,3.192,0.0
2018-01-23,3.204,3.204,3.204,3.204,0.0
2018-01-24,3.219,3.219,3.219,3.219,0.0
2018-01-25,3.247,3.247,3.247,3.247,0.0
2018-01-26,3.223,3.223,3.223,3.223,0.0
2018-01-29,3.225,3.225,3.225,3.225,0.0
2018-01-30,3.228,3.228,3.228,3.228,0.0
2018-01-31,3.205,3.205,3.205,3.205,0.0
2018-02-01,3.216,3.216,3.216,3.216,0.0
2018-02-02,3.224,3.224,3.224,3.224,0.0
2018-02-05,3.246,3.246,3.246,3.246,0.0
2018-02-06,3.243,3.243,3.243,3.243,0.0
2018-02-07,3.213,3.213,3.213,3.213,0.0
2018-02-08,3.213,3.213,3.213,3.213,0.0
2018-02-09,3.191,3.191,3.191,3.191,0.0
2018-02-12,3.176,3.176,3.176,3.176,0.0
2018-02-13,3.184,3.184,3.184,3.184,0.0
2018-02-14,3.184,3.184,3.184,3.184,0.0
2018-02-15,3.179,3.179,3.179,3.179,0.0
2018-02-16,3.19,3.19,3.19,3.19,0.0
2018-02-20,3.19,3.19,3.19,3.19,0.0
2018-02-21,3.208,3.208,3.208,3.208,0.0
2018-02-22,3.215,3.215,3.215,3.215,0.0
2018-02-23,3.207,3.207,3.207,3.207,0.0
2018-02-26,3.212,3.212,3.212,3.212,0.0
2018-02-27,3.21,3.21,3.21,3.21,0.0
2018-02-28,3.188,3.188,3.188,3.188,0.0
2018-03-01,3.193,3.193,3.193,3.193,0.0
2018-03-02,3.21,3.21,3.21,3.21,0.0
2018-03-05,3.228,3.228,3.228,3.228,0.0
2018-03-06,3.244,3.244,3.244,3.244,0.0
2018-03-07,3.238,3.238,3.238,3.238,0.0
2018-03-08,3.199,3.199,3.199,3.199,0.0
2018-03-09,3.161,3.161,3.161,3.161,0.0
2018-03-12,3.158,3.158,3.158,3.158,0.0
2018-03-13,3.174,3.174,3.174,3.174,0.0
2018-03-14,3.191,3.191,3.191,3.191,0.0
2018-03-15,3.223,3.223,3.223,3.223,0.0
2018-03-16,3.232,3.232,3.232,3.232,0.0
2018-03-19,3.222,3.222,3.222,3.222,0.0
2018-03-20,3.227,3.227,3.227,3.227,0.0
2018-03-21,3.223,3.223,3.223,3.223,0.0
2018-03-22,3.211,3.211,3.211,3.211,0.0
2018-03-23,3.178,3.178,3.178,3.178,0.0
2018-03-26,3.206,3.206,3.206,3.206,0.0
2018-03-27,3.218,3.218,3.218,3.218,0.0
2018-03-28,3.224,3.224,3.224,3.224,0.0
2018-03-29,3.261,3.261,3.261,3.261,0.0
2018-04-02,3.243,3.243,3.243,3.243,0.0
2018-04-03,3.231,3.231,3.231,3.231,0.0
2018-04-04,3.205,3.205,3.205,3.205,0.0
2018-04-05,3.221,3.221,3.221,3.221,0.0
2018-04-06,3.215,3.215,3.215,3.215,0.0
2018-04-09,3.207,3.207,3.207,3.207,0.0
2018-04-10,3.216,3.216,3.216,3.216,0.0
2018-04-11,3.235,3.235,3.235,3.235,0.0
2018-04-12,3.246,3.246,3.246,3.246,0.0
2018-04-13,3.239,3.239,3.239,3.239,0.0
2018-04-16,3.241,3.241,3.241,3.241,0.0
2018-04-17,3.234,3.234,3.234,3.234,0.0
2018-04-18,3.224,3.224,3.224,3.224,0.0
2018-04-19,3.209,3.209,3.209,3.209,0.0
2018-04-20,3.217,3.217,3.217,3.217,0.0
2018-04-23,3.218,3.218,3.218,3.218,0.0
2018-04-24,3.211,3.211,3.211,3.211,0.0
2018-04-25,3.21,3.21,3.21,3.21,0.0
2018-04-26,3.205,3.205,3.205,3.205,0.0
2018-04-27,3.207,3.207,3.207,3.207,0.0
2018-04-30,3.199,3.199,3.199,3.199,0.0
2018-05-01,3.183,3.183,3.183,3.183,0.0
2018-05-02,3.186,3.186,3.186,3.186,0.0
2018-05-03,3.186,3.186,3.186,3.186,0.0
2018-05-04,3.182,3.182,3.182,3.182,0.0
2018-05-07,3.18,3.18,3.18,3.18,0.0
2018-05-08,3.135,3.135,3.135,3.135,0.0
2018-05-09,3.121,3.121,3.121,3.121,0.0
2018-05-10,3.117,3.117,3.117,3.117,0.0
2018-05-11,3.12,3.12,3.12,3.12,0.0
2018-05-14,3.122,3.122,3.122,3.122,0.0
2018-05-15,3.133,3.133,3.133,3.133,0.0
2018-05-16,3.126,3.126,3.126,3.126,0.0
2018-05-17,3.133,3.133,3.133,3.133,0.0
2018-05-18,3.148,3.148,3.148,3.148,0.0
2018-05-21,3.143,3.143,3.143,3.143,0.0
2018-05-22,3.146,3.146,3.146,3.146,0.0
2018-05-23,3.123,3.123,3.123,3.123,0.0
2018-05-24,3.117,3.117,3.117,3.117,0.0
2018-05-25,3.089,3.089,3.089,3.089,0.0
2018-05-29,3.066,3.066,3.066,3.066,0.0
2018-05-30,3.071,3.071,3.071,3.071,0.0
2018-05-31,3.028,3.028,3.028,3.028,0.0
2018-06-01,3.018,3.018,3.018,3.018,0.0
2018-06-04,3.027,3.027,3.027,3.027,0.0
2018-06-05,3.031,3.031,3.031,3.031,0.0
2018-06-06,3.044,3.044,3.044,3.044,0.0
2018-06-07,3.032,3.032,3.032,3.032,0.0
2018-06-08,3.034,3.034,3.034,3.034,0.0
2018-06-11,3.018,3.018,3.018,3.018,0.0
2018-06-12,3.032,3.032,3.032,3.032,0.0
2018-06-13,3.057,3.057,3.057,3.057,0.0
2018-06-14,3.061,3.061,3.061,3.061,0.0
2018-06-15,3.066,3.066,3.066,3.066,0.0
2018-06-18,3.088,3.088,3.088,3.088,0.0
2018-06-19,3.088,3.088,3.088,3.088,0.0
2018-06-20,3.082,3.082,3.082,3.082,0.0
2018-06-21,3.067,3.067,3.067,3.067,0.0
2018-06-22,3.067,3.067,3.067,3.067,0.0
2018-06-25,3.063,3.063,3.063,3.063,0.0
2018-06-26,3.06,3.06,3.06,3.06,0.0
2018-06-27,3.063,3.063,3.063,3.063,0.0
2018-06-28,3.057,3.057,3.057,3.057,0.0
2018-06-29,3.054,3.054,3.054,3.054,0.0
2018-07-02,3.045,3.045,3.045,3.045,0.0
2018-07-03,3.039,3.039,3.039,3.039,0.0
2018-07-05,3.041,3.041,3.041,3.041,0.0
2018-07-06,3.035,3.035,3.035,3.035,0.0
2018-07-09,3.026,3.026,3.026,3.026,0.0
2018-07-10,3.026,3.026,3.026,3.026,0.0
2018-07-11,3.004,3.004,3.004,3.004,0.0
2018-07-12,3.001,3.001,3.001,3.001,0.0
2018-07-13,2.996,2.996,2.996,2.996,0.0
2018-07-16,2.968,2.968,2.968,2.968,0.0
2018-07-17,2.959,2.959,2.959,2.959,0.0
2018-07-18,2.95,2.95,2.95,2.95,0.0
2018-07-19,2.948,2.948,2.948,2.948,0.0
2018-07-20,2.949,2.949,2.949,2.949,0.0
2018-07-23,2.958,2.958,2.958,2.958,0.0
2018-07-24,2.97,2.97,2.97,2.97,0.0
2018-07-25,2.991,2.991,2.991,2.991,0.0
2018-07-26,2.987,2.987,2.987,2.987,0.0
2018-07-27,3.007,3.007,3.007,3.007,0.0
2018-07-30,3.011,3.011,3.011,3.011,0.0
2018-07-31,3.012,3.012,3.012,3.012,0.0
2018-08-01,2.982,2.982,2.982,2.982,0.0
2018-08-02,2.986,2.986,2.986,2.986,0.0
2018-08-03,2.986,2.986,2.986,2.986,0.0
2018-08-06,2.972,2.972,2.972,2.972,0.0
2018-08-07,2.991,2.991,2.991,2.991,0.0
2018-08-08,3.004,3.004,3.004,3.004,0.0
2018-08-09,2.998,2.998,2.998,2.998,0.0
2018-08-10,3.009,3.009,3.009,3.009,0.0
2018-08-13,3.01,3.01,3.01,3.01,0.0
2018-08-14,3.009,3.009,3.009,3.009,0.0
2018-08-15,3.01,3.01,3.01,3.01,0.0
2018-08-16,3.0,3.0,3.0,3.0,0.0
2018-08-17,3.002,3.002,3.002,3.002,0.0
2018-08-20,3.001,3.001,3.001,3.001,0.0
2018-08-21,2.994,2.994,2.994,2.994,0.0
2018-08-22,2.981,2.981,2.981,2.981,0.0
2018-08-23,2.978,2.978,2.978,2.978,0.0
2018-08-24,2.969,2.969,2.969,2.969,0.0
2018-08-27,2.938,2.938,2.938,2.938,0.0
2018-08-28,2.914,2.914,2.914,2.914,0.0
2018-08-29,2.918,2.918,2.918,2.918,0.0
2018-08-30,2.899,2.899,2.899,2.899,0.0
2018-08-31,2.908,2.908,2.908,2.908,0.0
2018-09-04,2.89,2.89,2.89,2.89,0.0
2018-09-05,2.895,2.895,2.895,2.895,0.0
2018-09-06,2.915,2.915,2.915,2.915,0.0
2018-09-07,2.914,2.914,2.914,2.914,0.0
2018-09-10,2.925,2.925,2.925,2.925,0.0
2018-09-11,2.92,2.92,2.92,2.92,0.0
2018-09-12,2.93,2.93,2.93,2.93,0.0
2018-09-13,2.946,2.946,2.946,2.946,0.0
2018-09-14,2.95,2.95,2.95,2.95,0.0
2018-09-17,2.954,2.954,2.954,2.954,0.0
2018-09-18,2.955,2.955,2.955,2.955,0.0
2018-09-19,2.95,2.95,2.95,2.95,0.0
2018-09-20,2.954,2.954,2.954,2.954,0.0
2018-09-21,2.952,2.952,2.952,2.952,0.0
2018-09-24,2.951,2.951,2.951,2.951,0.0
2018-09-25,2.952,2.952,2.952,2.952,0.0
2018-09-26,2.961,2.961,2.961,2.961,0.0
2018-09-27,2.962,2.962,2.962,2.962,0.0
2018-09-28,2.964,2.964,2.964,2.964,0.0
2018-10-01,2.969,2.969,2.969,2.969,0.0
2018-10-02,2.967,2.967,2.967,2.967,0.0
2018-10-03,2.966,2.966,2.966,2.966,0.0
2018-10-04,2.966,2.966,2.966,2.966,0.0
2018-10-05,2.969,2.969,2.969,2.969,0.0
2018-10-08,2.974,2.974,2.974,2.974,0.0
2018-10-09,2.969,2.969,2.969,2.969,0.0
2018-10-10,2.965,2.965,2.965,2.965,0.0
2018-10-11,2.99,2.99,2.99,2.99,0.0
2018-10-12,2.997,2.997,2.997,2.997,0.0
2018-10-15,2.996,2.996,2.996,2.996,0.0
2018-10-16,3.005,3.005,3.005,3.005,0.0
2018-10-17,3.0,3.0,3.0,3.0,0.0
2018-10-18,2.999,2.999,2.999,2.999,0.0
2018-10-19,2.996,2.996,2.996,2.996,0.0
2018-10-22,2.997,2.997,2.997,2.997,0.0
2018-10-23,2.996,2.996,2.996,2.996,0.0
2018-10-24,2.993,2.993,2.993,2.993,0.0
2018-10-25,2.983,2.983,2.983,2.983,0.0
2018-10-26,2.985,2.985,2.985,2.985,0.0
2018-10-29,2.986,2.986,2.986,2.986,0.0
2018-10-30,3.004,3.004,3.004,3.004,0.0
2018-10-31,3.003,3.003,3.003,3.003,0.0
2018-11-01,3.011,3.011,3.011,3.011,0.0
2018-11-02,3.018,3.018,3.018,3.018,0.0
2018-11-05,3.032,3.032,3.032,3.032,0.0
2018-11-06,3.048,3.048,3.048,3.048,0.0
2018-11-07,3.046,3.046,3.046,3.046,0.0
2018-11-08,3.047,3.047,3.047,3.047,0.0
2018-11-09,3.052,3.052,3.052,3.052,0.0
2018-11-12,3.075,3.075,3.075,3.075,0.0
2018-11-13,3.054,3.054,3.054,3.054,0.0
2018-11-14,3.038,3.038,3.038,3.038,0.0
2018-11-15,3.053,3.053,3.053,3.053,0.0
2018-11-16,3.024,3.024,3.024,3.024,0.0
2018-11-19,3.011,3.011,3.011,3.011,0.0
2018-11-20,3.009,3.009,3.009,3.009,0.0
2018-11-21,3.007,3.007,3.007,3.007,0.0
2018-11-23,3.032,3.032,3.032,3.032,0.0
2018-11-26,3.025,3.025,3.025,3.025,0.0
2018-11-27,3.021,3.021,3.021,3.021,0.0
2018-11-28,3.027,3.027,3.027,3.027,0.0
2018-11-29,3.069,3.069,3.069,3.069,0.0
2018-11-30,3.099,3.099,3.099,3.099,0.0
2018-12-03,3.071,3.071,3.071,3.071,0.0
2018-12-04,3.057,3.057,3.057,3.057,0.0
2018-12-05,3.048,3.048,3.048,3.048,0.0
2018-12-06,3.059,3.059,3.059,3.059,0.0
2018-12-07,3.066,3.066,3.066,3.066,0.0
2018-12-10,3.067,3.067,3.067,3.067,0.0
2018-12-11,3.042,3.042,3.042,3.042,0.0
2018-12-12,3.044,3.044,3.044,3.044,0.0
2018-12-13,3.012,3.012,3.012,3.012,0.0
2018-12-14,3.022,3.022,3.022,3.022,0.0
2018-12-17,3.021,3.021,3.021,3.021,0.0
2018-12-18,3.022,3.022,3.022,3.022,0.0
2018-12-19,3.045,3.045,3.045,3.045,0.0
2018-12-20,3.06,3.06,3.06,3.06,0.0
2018-12-21,3.063,3.063,3.063,3.063,0.0
2018-12-24,3.062,3.062,3.062,3.062,0.0
2018-12-26,3.059,3.059,3.059,3.059,0.0
2018-12-27,3.057,3.057,3.057,3.057,0.0
2018-12-28,3.052,3.052,3.052,3.052,0.0
2018-12-31,3.059,3.059,3.059,3.059,0.0
2019-01-02,3.059,3.059,3.059,3.059,0.0
2019-01-03,3.048,3.048,3.048,3.048,0.0
2019-01-04,3.056,3.056,3.056,3.056,0.0
2019-01-07,3.058,3.058,3.058,3.058,0.0
2019-01-08,3.057,3.057,3.057,3.057,0.0
2019-01-09,3.057,3.057,3.057,3.057,0.0
2019-01-10,3.054,3.054,3.054,3.054,0.0
2019-01-11,3.063,3.063,3.063,3.063,0.0
2019-01-14,3.062,3.062,3.062,3.062,0.0
2019-01-15,3.054,3.054,3.054,3.054,0.0
2019-01-16,3.023,3.023,3.023,3.023,0.0
2019-01-17,3.019,3.019,3.019,3.019,0.0
2019-01-18,3.032,3.032,3.032,3.032,0.0
2019-01-22,3.045,3.045,3.045,3.045,0.0
2019-01-23,3.021,3.021,3.021,3.021,0.0
2019-01-24,3.002,3.002,3.002,3.002,0.0
2019-01-25,3.047,3.047,3.047,3.047,0.0
2019-01-28,3.031,3.031,3.031,3.031,0.0
2019-01-29,3.034,3.034,3.034,3.034,0.0
2019-01-30,3.036,3.036,3.036,3.036,0.0
2019-01-31,3.037,3.037,3.037,3.037,0.0
2019-02-01,3.038,3.038,3.038,3.038,0.0
2019-02-04,3.025,3.025,3.025,3.025,0.0
2019-02-05,3.069,3.069,3.069,3.069,0.0
2019-02-06,3.066,3.066,3.066,3.066,0.0
2019-02-07,3.062,3.062,3.062,3.062,0.0
2019-02-08,3.064,3.064,3.064,3.064,0.0
2019-02-11,3.069,3.069,3.069,3.069,0.0
2019-02-12,3.077,3.077,3.077,3.077,0.0
2019-02-13,3.078,3.078,3.078,3.078,0.0
2019-02-14,3.082,3.082,3.082,3.082,0.0
2019-02-15,3.062,3.062,3.062,3.062,0.0
2019-02-19,3.053,3.053,3.053,3.053,0.0
2019-02-20,3.05,3.05,3.05,3.05,0.0
2019-02-21,3.042,3.042,3.042,3.042,0.0
2019-02-22,3.039,3.039,3.039,3.039,0.0
2019-02-25,3.032,3.032,3.032,3.032,0.0
2019-02-26,3.014,3.014,3.014,3.014,0.0
2019-02-27,3.05,3.05,3.05,3.05,0.0
2019-02-28,3.061,3.061,3.061,3.061,0.0
2019-03-01,3.06,3.06,3.06,3.06,0.0
2019-03-04,3.056,3.056,3.056,3.056,0.0
2019-03-05,3.054,3.054,3.054,3.054,0.0
2019-03-06,3.057,3.057,3.057,3.057,0.0
2019-03-07,3.062,3.062,3.062,3.062,0.0
2019-03-08,3.062,3.062,3.062,3.062,0.0
2019-03-11,3.089,3.089,3.089,3.089,0.0
2019-03-12,3.104,3.104,3.104,3.104,0.0
2019-03-13,3.113,3.113,3.113,3.113,0.0
2019-03-14,3.121,3.121,3.121,3.121,0.0
2019-03-15,3.122,3.122,3.122,3.122,0.0
2019-03-18,3.122,3.122,3.122,3.122,0.0
2019-03-19,3.123,3.123,3.123,3.123,0.0
2019-03-20,3.121,3.121,3.121,3.121,0.0
2019-03-21,3.131,3.131,3.131,3.131,0.0
2019-03-22,3.121,3.121,3.121,3.121,0.0
2019-03-25,3.12,3.12,3.12,3.12,0.0
2019-03-26,3.122,3.122,3.122,3.122,0.0
2019-03-27,3.113,3.113,3.113,3.113,0.0
2019-03-28,3.116,3.116,3.116,3.116,0.0
2019-03-29,3.115,3.115,3.115,3.115,0.0
2019-04-01,3.114,3.114,3.114,3.114,0.0
2019-04-02,3.121,3.121,3.121,3.121,0.0
2019-04-03,3.12,3.12,3.12,3.12,0.0
2019-04-04,3.128,3.128,3.128,3.128,0.0
2019-04-05,3.124,3.124,3.124,3.124,0.0
2019-04-08,3.127,3.127,3.127,3.127,0.0
2019-04-09,3.134,3.134,3.134,3.134,0.0
2019-04-10,3.112,3.112,3.112,3.112,0.0
2019-04-11,3.11,3.11,3.11,3.11,0.0
2019-04-12,3.11,3.11,3.11,3.11,0.0
2019-04-15,3.11,3.11,3.11,3.11,0.0
2019-04-16,3.111,3.111,3.111,3.111,0.0
2019-04-17,3.101,3.101,3.101,3.101,0.0
2019-04-18,3.086,3.086,3.086,3.086,0.0
2019-04-22,3.074,3.074,3.074,3.074,0.0
2019-04-23,3.069,3.069,3.069,3.069,0.0
2019-04-24,3.079,3.079,3.079,3.079,0.0
2019-04-25,3.089,3.089,3.089,3.089,0.0
2019-04-26,3.086,3.086,3.086,3.086,0.0
2019-04-29,3.093,3.093,3.093,3.093,0.0
2019-04-30,3.098,3.098,3.098,3.098,0.0
2019-05-01,3.1,3.1,3.1,3.1,0.0
2019-05-02,3.097,3.097,3.097,3.097,0.0
2019-05-03,3.089,3.089,3.089,3.089,0.0
2019-05-06,3.092,3.092,3.092,3.092,0.0
2019-05-07,3.092,3.092,3.092,3.092,0.0
2019-05-08,3.086,3.086,3.086,3.086,0.0
2019-05-09,3.093,3.093,3.093,3.093,0.0
2019-05-10,3.084,3.084,3.084,3.084,0.0
2019-05-13,3.087,3.087,3.087,3.087,0.0
2019-05-14,3.098,3.098,3.098,3.098,0.0
2019-05-15,3.101,3.101,3.101,3.101,0.0
2019-05-16,3.092,3.092,3.092,3.092,0.0
2019-05-17,3.096,3.096,3.096,3.096,0.0
2019-05-20,3.101,3.101,3.101,3.101,0.0
2019-05-21,3.104,3.104,3.104,3.104,0.0
2019-05-22,3.075,3.075,3.075,3.075,0.0
2019-05-23,3.087,3.087,3.087,3.087,0.0
2019-05-24,3.097,3.097,3.097,3.097,0.0
2019-05-28,3.105,3.105,3.105,3.105,0.0
2019-05-29,3.086,3.086,3.086,3.086,0.0
2019-05-30,3.084,3.084,3.084,3.084,0.0
2019-05-31,3.082,3.082,3.082,3.082,0.0
2019-06-03,3.07,3.07,3.07,3.07,0.0
2019-06-04,3.074,3.074,3.074,3.074,0.0
2019-06-05,3.062,3.062,3.062,3.062,0.0
2019-06-06,3.082,3.082,3.082,3.082,0.0
2019-06-07,3.083,3.083,3.083,3.083,0.0
2019-06-10,3.072,3.072,3.072,3.072,0.0
2019-06-11,3.072,3.072,3.072,3.072,0.0
2019-06-12,3.069,3.069,3.069,3.069,0.0
2019-06-13,3.07,3.07,3.07,3.07,0.0
2019-06-14,3.075,3.075,3.075,3.075,0.0
2019-06-17,3.078,3.078,3.078,3.078,0.0
2019-06-18,3.061,3.061,3.061,3.061,0.0
2019-06-19,3.062,3.062,3.062,3.062,0.0
2019-06-20,3.066,3.066,3.066,3.066,0.0
2019-06-21,3.081,3.081,3.081,3.081,0.0
2019-06-24,3.081,3.081,3.081,3.081,0.0
2019-06-25,3.08,3.08,3.08,3.08,0.0
2019-06-26,3.072,3.072,3.072,3.072,0.0
2019-06-27,3.068,3.068,3.068,3.068,0.0
2019-06-28,3.04,3.04,3.04,3.04,0.0
2019-07-01,3.033,3.033,3.033,3.033,0.0
2019-07-02,3.029,3.029,3.029,3.029,0.0
2019-07-03,3.021,3.021,3.021,3.021,0.0
2019-07-05,3.047,3.047,3.047,3.047,0.0
2019-07-08,3.043,3.043,3.043,3.043,0.0
2019-07-09,3.056,3.056,3.056,3.056,0.0
2019-07-10,3.048,3.048,3.048,3.048,0.0
2019-07-11,3.056,3.056,3.056,3.056,0.0
2019-07-12,3.064,3.064,3.064,3.064,0.0
2019-07-15,3.069,3.069,3.069,3.069,0.0
2019-07-16,3.045,3.045,3.045,3.045,0.0
2019-07-17,3.042,3.042,3.042,3.042,0.0
2019-07-18,3.061,3.061,3.061,3.061,0.0
2019-07-19,3.054,3.054,3.054,3.054,0.0
2019-07-22,3.041,3.041,3.041,3.041,0.0
2019-07-23,3.033,3.033,3.033,3.033,0.0
2019-07-24,3.026,3.026,3.026,3.026,0.0
2019-07-25,3.027,3.027,3.027,3.027,0.0
2019-07-26,3.013,3.013,3.013,3.013,0.0
2019-07-29,3.002,3.002,3.002,3.002,0.0
2019-07-30,2.997,2.997,2.997,2.997,0.0
2019-07-31,3.003,3.003,3.003,3.003,0.0
2019-08-01,3.006,3.006,3.006,3.006,0.0
2019-08-02,2.993,2.993,2.993,2.993,0.0
2019-08-05,2.991,2.991,2.991,2.991,0.0
2019-08-06,2.992,2.992,2.992,2.992,0.0
2019-08-07,3.0,3.0,2.997,2.997,11.0
2019-08-08,2.981,2.981,2.981,2.981,0.0
2019-08-09,2.957,2.957,2.957,2.957,0.0
2019-08-12,2.946,2.946,2.946,2.946,0.0
2019-08-13,2.927,2.927,2.927,2.927,0.0
2019-08-14,2.91,2.91,2.91,2.91,0.0
2019-08-15,2.91,2.91,2.91,2.91,0.0
2019-08-16,2.882,2.882,2.882,2.882,0.0
2019-08-19,2.884,2.884,2.884,2.884,0.0
2019-08-20,2.881,2.881,2.881,2.881,0.0
2019-08-21,2.882,2.882,2.882,2.882,0.0
2019-08-22,2.871,2.871,2.871,2.871,0.0
2019-08-23,2.901,2.901,2.901,2.901,0.0
2019-08-26,2.908,2.908,2.908,2.908,0.0
2019-08-27,2.923,2.923,2.923,2.923,0.0
2019-08-28,2.942,2.942,2.942,2.942,0.0
2019-08-29,2.944,2.944,2.944,2.944,0.0
2019-08-30,2.906,2.906,2.906,2.906,0.0
2019-09-03,2.921,2.921,2.921,2.921,0.0
2019-09-04,2.892,2.892,2.892,2.892,0.0
2019-09-05,2.899,2.899,2.899,2.899,0.0
2019-09-06,2.886,2.886,2.886,2.886,0.0
2019-09-09,2.872,2.872,2.872,2.872,0.0
2019-09-10,2.876,2.876,2.876,2.876,0.0
2019-09-11,2.89,2.89,2.89,2.89,0.0
2019-09-12,2.895,2.895,2.895,2.895,0.0
2019-09-13,2.906,2.906,2.906,2.906,0.0
2019-09-16,2.936,2.936,2.936,2.936,0.0
2019-09-17,2.904,2.904,2.904,2.904,0.0
2019-09-18,2.917,2.917,2.917,2.917,0.0
2019-09-19,2.911,2.911,2.911,2.911,0.0
2019-09-20,2.922,2.922,2.922,2.922,0.0
2019-09-23,2.919,2.919,2.919,2.919,0.0
2019-09-24,2.905,2.905,2.905,2.905,0.0
2019-09-25,2.904,2.904,2.904,2.904,0.0
2019-09-26,2.905,2.905,2.905,2.905,0.0
2019-09-27,2.894,2.894,2.894,2.894,0.0
2019-09-30,2.909,2.909,2.909,2.909,0.0
2019-10-01,2.884,2.884,2.884,2.884,0.0
2019-10-02,2.902,2.902,2.902,2.902,0.0
2019-10-03,2.887,2.887,2.887,2.887,0.0
2019-10-04,2.877,2.877,2.877,2.877,0.0
2019-10-07,2.881,2.881,2.881,2.881,0.0
2019-10-08,2.857,2.857,2.857,2.857,0.0
2019-10-09,2.863,2.863,2.863,2.863,0.0
2019-10-10,2.864,2.864,2.864,2.864,0.0
2019-10-11,2.875,2.875,2.875,2.875,0.0
2019-10-14,2.89,2.89,2.89,2.89,0.0
2019-10-15,2.896,2.896,2.896,2.896,0.0
2019-10-16,2.898,2.898,2.898,2.898,0.0
2019-10-17,2.895,2.895,2.895,2.895,0.0
2019-10-18,2.89,2.89,2.89,2.89,0.0
2019-10-21,2.885,2.885,2.885,2.885,0.0
2019-10-22,2.889,2.889,2.889,2.889,0.0
2019-10-23,2.883,2.883,2.883,2.883,0.0
2019-10-24,2.887,2.887,2.887,2.887,0.0
2019-10-25,2.885,2.885,2.885,2.885,0.0
2019-10-28,2.894,2.894,2.894,2.894,0.0
2019-10-29,2.91,2.91,2.91,2.91,0.0
2019-10-30,2.917,2.917,2.917,2.917,0.0
2019-10-31,2.915,2.915,2.915,2.915,0.0
2019-11-01,2.924,2.924,2.924,2.924,0.0
2019-11-04,2.905,2.905,2.905,2.905,0.0
2019-11-05,2.896,2.896,2.896,2.896,0.0
2019-11-06,2.88,2.88,2.88,2.88,0.0
2019-11-07,2.867,2.867,2.867,2.867,0.0
2019-11-08,2.874,2.874,2.874,2.874,0.0
2019-11-11,2.865,2.865,2.865,2.865,0.0
2019-11-12,2.855,2.855,2.855,2.855,0.0
2019-11-13,2.836,2.836,2.836,2.836,0.0
2019-11-14,2.838,2.838,2.838,2.838,0.0
2019-11-15,2.836,2.836,2.836,2.836,0.0
2019-11-18,2.84,2.84,2.84,2.84,0.0
2019-11-19,2.836,2.836,2.836,2.836,0.0
2019-11-20,2.845,2.845,2.845,2.845,0.0
2019-11-21,2.852,2.852,2.852,2.852,0.0
2019-11-22,2.852,2.852,2.852,2.852,0.0
2019-11-25,2.839,2.839,2.839,2.839,0.0
2019-11-26,2.833,2.833,2.833,2.833,0.0
2019-11-27,2.837,2.837,2.837,2.837,0.0
2019-11-29,2.795,2.795,2.795,2.795,0.0
2019-12-02,2.821,2.821,2.821,2.821,0.0
2019-12-03,2.83,2.83,2.83,2.83,0.0
2019-12-04,2.829,2.829,2.829,2.829,0.0
2019-12-05,2.821,2.821,2.821,2.821,0.0
2019-12-06,2.794,2.794,2.794,2.794,0.0
2019-12-09,2.788,2.788,2.788,2.788,0.0
2019-12-10,2.797,2.797,2.797,2.797,0.0
2019-12-11,2.794,2.794,2.794,2.794,0.0
2019-12-12,2.799,2.799,2.799,2.799,0.0
2019-12-13,2.782,2.782,2.782,2.782,0.0
2019-12-16,2.791,2.791,2.791,2.791,0.0
2019-12-17,2.793,2.793,2.793,2.793,0.0
2019-12-18,2.77,2.77,2.77,2.77,0.0
2019-12-19,2.76,2.76,2.76,2.76,0.0
2019-12-20,2.751,2.751,2.751,2.751,0.0
2019-12-23,2.758,2.758,2.758,2.758,0.0
2019-12-24,2.756,2.756,2.756,2.756,0.0
2019-12-26,2.744,2.744,2.744,2.744,0.0
2019-12-27,2.742,2.742,2.742,2.742,0.0
2019-12-30,2.739,2.739,2.739,2.739,0.0
2019-12-31,2.748,2.748,2.748,2.748,0.0
2020-01-02,2.743,2.743,2.743,2.743,0.0
2020-01-03,2.743,2.743,2.743,2.743,0.0
2020-01-06,2.747,2.747,2.747,2.747,0.0
2020-01-07,2.754,2.754,2.754,2.754,0.0
2020-01-08,2.757,2.757,2.757,2.757,0.0
2020-01-09,2.768,2.768,2.768,2.768,0.0
2020-01-10,2.77,2.77,2.77,2.77,0.0
2020-01-13,2.77,2.77,2.77,2.77,0.0
2020-01-14,2.769,2.769,2.769,2.769,0.0
2020-01-15,2.768,2.768,2.768,2.768,0.0
2020-01-16,2.775,2.775,2.775,2.775,0.0
2020-01-17,2.785,2.785,2.785,2.785,0.0
2020-01-21,2.775,2.775,2.775,2.775,0.0
2020-01-22,2.764,2.764,2.764,2.764,0.0
2020-01-23,2.756,2.756,2.756,2.756,0.0
2020-01-24,2.746,2.746,2.746,2.746,0.0
2020-01-27,2.731,2.731,2.731,2.731,0.0
2020-01-28,2.743,2.743,2.743,2.743,0.0
2020-01-29,2.733,2.733,2.733,2.733,0.0
2020-01-30,2.727,2.727,2.727,2.727,0.0
2020-01-31,2.728,2.728,2.728,2.728,0.0
2020-02-03,2.723,2.723,2.723,2.723,0.0
2020-02-04,2.724,2.724,2.724,2.724,0.0
2020-02-05,2.701,2.701,2.701,2.701,0.0
2020-02-06,2.705,2.705,2.705,2.705,0.0
2020-02-07,2.723,2.723,2.723,2.723,0.0
2020-02-10,2.715,2.715,2.715,2.715,0.0
2020-02-11,2.718,2.718,2.718,2.718,0.0
2020-02-12,2.725,2.725,2.725,2.725,0.0
2020-02-13,2.715,2.715,2.715,2.715,0.0
2020-02-14,2.705,2.705,2.705,2.705,0.0
2020-02-18,2.691,2.691,2.691,2.691,0.0
2020-02-19,2.702,2.702,2.702,2.702,0.0
2020-02-20,2.697,2.697,2.697,2.697,0.0
2020-02-21,2.727,2.727,2.727,2.727,0.0
2020-02-24,2.733,2.733,2.733,2.733,0.0
2020-02-25,2.729,2.729,2.729,2.729,0.0
2020-02-26,2.747,2.747,2.747,2.747,0.0
2020-02-27,2.737,2.737,2.737,2.737,0.0
2020-02-28,2.747,2.747,2.747,2.747,0.0
2020-03-02,2.775,2.775,2.775,2.775,0.0
2020-03-03,2.771,2.771,2.771,2.771,0.0
2020-03-04,2.752,2.752,2.752,2.752,0.0
2020-03-05,2.727,2.727,2.727,2.727,0.0
2020-03-06,2.74,2.74,2.74,2.74,0.0
2020-03-09,2.772,2.772,2.772,2.772,0.0
2020-03-10,2.772,2.772,2.772,2.772,0.0
2020-03-11,2.734,2.734,2.734,2.734,0.0
2020-03-12,2.684,2.684,2.684,2.684,0.0
2020-03-13,2.675,2.675,2.675,2.675,0.0
2020-03-16,2.664,2.664,2.664,2.664,0.0
2020-03-17,2.683,2.683,2.683,2.683,0.0
2020-03-18,2.689,2.689,2.689,2.689,0.0
2020-03-19,2.702,2.702,2.702,2.702,0.0
2020-03-20,2.696,2.696,2.696,2.696,0.0
2020-03-23,2.691,2.691,2.691,2.691,0.0
2020-03-24,2.687,2.687,2.687,2.687,0.0
2020-03-25,2.682,2.682,2.682,2.682,0.0
2020-03-26,2.648,2.648,2.648,2.648,0.0
2020-03-27,2.67,2.67,2.67,2.67,0.0
2020-03-30,2.678,2.678,2.678,2.678,0.0
2020-03-31,2.68,2.68,2.68,2.68,0.0
2020-04-01,2.65,2.65,2.65,2.65,0.0
2020-04-02,2.636,2.636,2.636,2.636,0.0
2020-04-03,2.62,2.62,2.62,2.62,0.0
2020-04-06,2.636,2.636,2.636,2.636,0.0
2020-04-07,2.63,2.63,2.63,2.63,0.0
2020-04-08,2.647,2.647,2.647,2.647,0.0
2020-04-09,2.664,2.664,2.664,2.664,0.0
2020-04-13,2.692,2.692,2.692,2.692,0.0
2020-04-14,2.674,2.674,2.674,2.674,0.0
2020-04-15,2.643,2.643,2.643,2.643,0.0
2020-04-16,2.65,2.655,2.648,2.648,2.0
2020-04-17,2.664,2.664,2.664,2.664,0.0
2020-04-20,2.682,2.682,2.682,2.682,0.0
2020-04-21,2.665,2.665,2.665,2.665,0.0
2020-04-22,2.705,2.705,2.693,2.693,28.0
2020-04-23,2.647,2.647,2.647,2.647,0.0
2020-04-24,2.682,2.682,2.645,2.645,6.0
2020-04-27,2.671,2.671,2.671,2.671,0.0
2020-04-28,2.663,2.663,2.663,2.663,0.0
2020-04-29,2.658,2.658,2.658,2.658,0.0
2020-04-30,2.633,2.633,2.633,2.633,0.0
2020-05-01,2.616,2.616,2.616,2.616,0.0
2020-05-04,2.618,2.618,2.618,2.618,0.0
2020-05-05,2.605,2.605,2.605,2.605,0.0
2020-05-06,2.644,2.644,2.644,2.644,0.0
2020-05-07,2.646,2.646,2.646,2.646,0.0
2020-05-08,2.65,2.65,2.65,2.65,0.0
2020-05-11,2.627,2.627,2.627,2.627,0.0
2020-05-12,2.641,2.641,2.641,2.641,0.0
2020-05-13,2.619,2.619,2.619,2.619,0.0
2020-05-14,2.612,2.612,2.612,2.612,0.0
2020-05-15,2.633,2.633,2.633,2.633,0.0
2020-05-18,2.651,2.651,2.651,2.651,0.0
2020-05-19,2.648,2.648,2.648,2.648,0.0
2020-05-20,2.62,2.62,2.62,2.62,0.0
2020-05-21,2.611,2.611,2.611,2.611,0.0
2020-05-22,2.649,2.649,2.649,2.649,0.0
2020-05-26,2.651,2.651,2.639,2.639,3.0
2020-05-27,2.67,2.67,2.67,2.67,0.0
2020-05-28,2.662,2.662,2.662,2.662,0.0
2020-05-29,2.656,2.656,2.656,2.656,0.0
2020-06-01,2.633,2.633,2.633,2.633,0.0
2020-06-02,2.638,2.638,2.638,2.638,0.0
2020-06-03,2.625,2.625,2.625,2.625,0.0
2020-06-04,2.634,2.634,2.634,2.634,0.0
2020-06-05,2.628,2.628,2.628,2.628,0.0
2020-06-08,2.642,2.642,2.642,2.642,0.0
2020-06-09,2.65,2.65,2.65,2.65,0.0
2020-06-10,2.636,2.636,2.636,2.636,0.0
2020-06-11,2.631,2.631,2.631,2.631,0.0
2020-06-12,2.62,2.62,2.62,2.62,0.0
2020-06-15,2.647,2.647,2.647,2.647,0.0
2020-06-16,2.64,2.64,2.64,2.64,0.0
2020-06-17,2.627,2.627,2.627,2.627,0.0
2020-06-18,2.638,2.638,2.638,2.638,0.0
2020-06-19,2.616,2.616,2.616,2.616,0.0
2020-06-22,2.604,2.604,2.604,2.604,0.0
2020-06-23,2.603,2.603,2.603,2.603,0.0
2020-06-24,2.597,2.597,2.597,2.597,0.0
2020-06-25,2.609,2.609,2.609,2.609,0.0
2020-06-26,2.629,2.629,2.629,2.629,0.0
2020-06-29,2.627,2.627,2.627,2.627,0.0
2020-06-30,2.627,2.627,2.627,2.627,0.0
2020-07-01,2.64,2.64,2.64,2.64,0.0
2020-07-02,2.672,2.672,2.672,2.672,0.0
2020-07-06,2.651,2.651,2.651,2.651,0.0
2020-07-07,2.649,2.649,2.649,2.649,0.0
2020-07-08,2.677,2.677,2.677,2.677,0.0
2020-07-09,2.677,2.677,2.677,2.677,0.0
2020-07-10,2.673,2.673,2.673,2.673,0.0
2020-07-13,2.669,2.669,2.669,2.669,0.0
2020-07-14,2.668,2.668,2.668,2.668,0.0
2020-07-15,2.678,2.678,2.678,2.678,0.0
2020-07-16,2.671,2.671,2.671,2.671,0.0
2020-07-17,2.668,2.668,2.668,2.668,0.0
2020-07-20,2.659,2.659,2.659,2.659,0.0
2020-07-21,2.672,2.672,2.672,2.672,0.0
2020-07-22,2.681,2.681,2.681,2.681,0.0
2020-07-23,2.733,2.733,2.733,2.733,0.0
2020-07-24,2.757,2.757,2.757,2.757,0.0
2020-07-27,2.806,2.806,2.806,2.806,0.0
2020-07-28,2.803,2.803,2.803,2.803,0.0
2020-07-29,2.808,2.808,2.808,2.808,0.0
2020-07-30,2.797,2.797,2.797,2.797,0.0
2020-07-31,2.804,2.804,2.804,2.804,0.0
2020-08-03,2.798,2.798,2.798,2.798,0.0
2020-08-04,2.792,2.792,2.792,2.792,0.0
2020-08-05,2.826,2.826,2.826,2.826,0.0
2020-08-06,2.851,2.851,2.851,2.851,0.0
2020-08-07,2.883,2.883,2.883,2.883,0.0
2020-08-10,2.851,2.851,2.851,2.851,0.0
2020-08-11,2.799,2.799,2.799,2.799,0.0
2020-08-12,2.766,2.766,2.766,2.766,0.0
2020-08-13,2.786,2.786,2.786,2.786,0.0
2020-08-14,2.788,2.788,2.788,2.788,0.0
2020-08-17,2.788,2.788,2.788,2.788,0.0
2020-08-18,2.783,2.783,2.783,2.783,0.0
2020-08-19,2.793,2.793,2.793,2.793,0.0
2020-08-20,2.791,2.791,2.791,2.791,0.0
2020-08-21,2.786,2.786,2.786,2.786,0.0
2020-08-24,2.781,2.781,2.781,2.781,0.0
2020-08-25,2.774,2.774,2.774,2.774,0.0
2020-08-26,2.802,2.802,2.802,2.802,0.0
2020-08-27,2.793,2.793,2.793,2.793,0.0
2020-08-28,2.79,2.79,2.79,2.79,0.0
2020-08-31,2.77,2.77,2.77,2.77,0.0
2020-09-01,2.769,2.769,2.769,2.769,0.0
2020-09-02,2.776,2.776,2.776,2.776,0.0
2020-09-03,2.778,2.778,2.778,2.778,0.0
2020-09-04,2.784,2.784,2.784,2.784,0.0
2020-09-08,2.785,2.785,2.785,2.785,0.0
2020-09-09,2.781,2.781,2.781,2.781,0.0
2020-09-10,2.763,2.763,2.763,2.763,0.0
2020-09-11,2.74,2.74,2.74,2.74,0.0
2020-09-14,2.738,2.738,2.738,2.738,0.0
2020-09-15,2.745,2.745,2.745,2.745,0.0
2020-09-16,2.743,2.743,2.743,2.743,0.0
2020-09-17,2.751,2.751,2.751,2.751,0.0
2020-09-18,2.755,2.755,2.755,2.755,0.0
2020-09-21,2.746,2.746,2.746,2.746,0.0
2020-09-22,2.756,2.756,2.756,2.756,0.0
2020-09-23,2.796,2.796,2.796,2.796,0.0
2020-09-24,2.806,2.806,2.806,2.806,0.0
2020-09-25,2.813,2.813,2.813,2.813,0.0
2020-09-28,2.821,2.821,2.821,2.821,0.0
2020-09-29,2.792,2.792,2.792,2.792,0.0
2020-09-30,2.778,2.778,2.778,2.778,0.0
2020-10-01,2.748,2.748,2.748,2.748,0.0
2020-10-02,2.747,2.747,2.747,2.747,0.0
2020-10-05,2.725,2.725,2.725,2.725,0.0
2020-10-06,2.722,2.722,2.722,2.722,0.0
2020-10-07,2.744,2.744,2.744,2.744,0.0
2020-10-08,2.719,2.719,2.719,2.719,0.0
2020-10-09,2.749,2.749,2.749,2.749,0.0
2020-10-12,2.735,2.735,2.735,2.735,0.0
2020-10-13,2.715,2.715,2.715,2.715,0.0
2020-10-14,2.742,2.742,2.742,2.742,0.0
2020-10-15,2.753,2.753,2.753,2.753,0.0
2020-10-16,2.756,2.756,2.756,2.756,0.0
2020-10-19,2.799,2.799,2.799,2.799,0.0
2020-10-20,2.74,2.74,2.74,2.74,0.0
2020-10-21,2.761,2.761,2.761,2.761,0.0
2020-10-22,2.789,2.789,2.789,2.789,0.0
2020-10-23,2.752,2.752,2.752,2.752,0.0
2020-10-26,2.732,2.732,2.732,2.732,0.0
2020-10-27,2.752,2.752,2.752,2.752,0.0
2020-10-28,2.774,2.774,2.774,2.774,0.0
2020-10-29,2.786,2.786,2.786,2.786,0.0
2020-10-30,2.803,2.803,2.803,2.803,0.0
2020-11-02,2.791,2.791,2.791,2.791,0.0
2020-11-03,2.806,2.806,2.806,2.806,0.0
2020-11-04,2.803,2.803,2.803,2.803,0.0
2020-11-05,2.808,2.808,2.808,2.808,0.0
2020-11-06,2.798,2.798,2.798,2.798,0.0
2020-11-09,2.799,2.799,2.799,2.799,0.0
2020-11-10,2.809,2.809,2.809,2.809,0.0
2020-11-11,2.824,2.824,2.824,2.824,0.0
2020-11-12,2.821,2.821,2.821,2.821,0.0
2020-11-13,2.801,2.801,2.801,2.801,0.0
2020-11-16,2.805,2.805,2.805,2.805,0.0
2020-11-17,2.822,2.822,2.822,2.822,0.0
2020-11-18,2.846,2.846,2.846,2.846,0.0
2020-11-19,2.846,2.846,2.846,2.846,0.0
2020-11-20,2.839,2.839,2.839,2.839,0.0
2020-11-23,2.833,2.833,2.833,2.833,0.0
2020-11-24,2.835,2.835,2.835,2.835,0.0
2020-11-25,2.818,2.818,2.818,2.818,0.0
2020-11-27,2.814,2.814,2.814,2.814,0.0
2020-11-30,2.8,2.8,2.8,2.8,0.0
2020-12-01,2.858,2.858,2.858,2.858,0.0
2020-12-02,2.883,2.883,2.883,2.883,0.0
2020-12-03,2.847,2.847,2.847,2.847,0.0
2020-12-04,2.87,2.87,2.87,2.87,0.0
2020-12-07,2.841,2.841,2.841,2.841,0.0
2020-12-08,2.829,2.829,2.829,2.829,0.0
2020-12-09,2.846,2.846,2.846,2.846,0.0
2020-12-10,2.851,2.851,2.851,2.851,0.0
2020-12-11,2.86,2.86,2.86,2.86,0.0
2020-12-14,2.862,2.862,2.862,2.862,0.0
2020-12-15,2.847,2.847,2.847,2.847,0.0
2020-12-16,2.859,2.859,2.859,2.859,0.0
2020-12-17,2.847,2.847,2.847,2.847,0.0
2020-12-18,2.861,2.861,2.861,2.861,0.0
2020-12-21,2.832,2.832,2.832,2.832,0.0
2020-12-22,2.831,2.831,2.831,2.831,0.0
2020-12-23,2.816,2.816,2.816,2.816,0.0
2020-12-24,2.816,2.816,2.816,2.816,0.0
2020-12-28,2.745,2.745,2.745,2.745,0.0
2020-12-29,2.799,2.799,2.799,2.799,0.0
2020-12-30,2.783,2.783,2.783,2.783,0.0
2020-12-31,2.802,2.802,2.802,2.802,0.0
2021-01-04,2.81,2.81,2.81,2.81,0.0
2021-01-05,2.828,2.828,2.828,2.828,0.0
2021-01-06,2.861,2.861,2.861,2.861,0.0
2021-01-07,2.833,2.833,2.833,2.833,0.0
2021-01-08,2.817,2.817,2.817,2.817,0.0
2021-01-11,2.807,2.807,2.807,2.807,0.0
2021-01-12,2.807,2.819,2.807,2.819,2.0
2021-01-13,2.84,2.84,2.84,2.84,0.0
2021-01-14,2.788,2.788,2.788,2.788,0.0
2021-01-15,2.819,2.819,2.819,2.819,0.0
2021-01-19,2.806,2.806,2.806,2.806,0.0
2021-01-20,2.82,2.82,2.82,2.82,0.0
2021-01-21,2.82,2.82,2.82,2.82,0.0
2021-01-22,2.835,2.835,2.835,2.835,0.0
2021-01-25,2.792,2.792,2.792,2.792,0.0
2021-01-26,2.817,2.817,2.817,2.817,0.0
2021-01-27,2.832,2.832,2.832,2.832,0.0
2021-01-28,2.842,2.842,2.831,2.831,3.0
2021-01-29,2.828,2.828,2.828,2.828,0.0
2021-02-01,2.832,2.832,2.832,2.832,0.0
2021-02-02,2.828,2.828,2.828,2.828,0.0
2021-02-03,2.799,2.799,2.799,2.799,0.0
2021-02-04,2.783,2.783,2.783,2.783,0.0
2021-02-05,2.808,2.808,2.792,2.792,20.0
2021-02-08,2.812,2.812,2.812,2.812,0.0
2021-02-09,2.812,2.812,2.812,2.812,0.0
2021-02-10,2.817,2.817,2.817,2.817,0.0
2021-02-11,2.804,2.804,2.804,2.804,0.0
2021-02-12,2.798,2.798,2.798,2.798,0.0
2021-02-16,2.815,2.815,2.815,2.815,0.0
2021-02-17,2.81,2.81,2.81,2.81,0.0
2021-02-18,2.808,2.808,2.808,2.808,0.0
2021-02-19,2.804,2.804,2.804,2.804,0.0
2021-02-22,2.806,2.806,2.806,2.806,0.0
2021-02-23,2.811,2.811,2.811,2.811,0.0
2021-02-24,2.805,2.805,2.805,2.805,0.0
2021-02-25,2.783,2.783,2.783,2.783,0.0
2021-02-26,2.797,2.797,2.797,2.797,0.0
2021-03-01,2.82,2.82,2.82,2.82,0.0
2021-03-02,2.844,2.844,2.829,2.829,3.0
2021-03-03,2.815,2.815,2.815,2.815,0.0
2021-03-04,2.798,2.798,2.798,2.798,0.0
2021-03-05,2.804,2.804,2.804,2.804,0.0
2021-03-08,2.827,2.827,2.827,2.827,0.0
2021-03-09,2.834,2.834,2.834,2.834,0.0
2021-03-10,2.846,2.846,2.846,2.846,0.0
2021-03-11,2.84,2.84,2.84,2.84,0.0
2021-03-12,2.846,2.846,2.846,2.846,0.0
2021-03-15,2.811,2.811,2.811,2.811,0.0
2021-03-16,2.835,2.835,2.835,2.835,0.0
2021-03-17,2.816,2.816,2.816,2.816,0.0
2021-03-18,2.817,2.817,2.817,2.817,0.0
2021-03-19,2.823,2.823,2.823,2.823,0.0
2021-03-22,2.819,2.819,2.819,2.819,0.0
2021-03-23,2.833,2.833,2.833,2.833,0.0
2021-03-24,2.836,2.836,2.836,2.836,0.0
2021-03-25,2.836,2.836,2.836,2.836,0.0
2021-03-26,2.832,2.832,2.832,2.832,0.0
2021-03-29,2.837,2.837,2.837,2.837,0.0
2021-03-30,2.839,2.839,2.839,2.839,0.0
2021-03-31,2.86,2.86,2.86,2.86,0.0
2021-04-01,2.875,2.875,2.875,2.875,0.0
2021-04-05,2.875,2.875,2.862,2.862,3.0
2021-04-06,2.834,2.834,2.834,2.834,0.0
2021-04-07,2.837,2.837,2.837,2.837,0.0
2021-04-08,2.827,2.842,2.827,2.842,6.0
2021-04-09,2.876,2.876,2.876,2.876,0.0
2021-04-12,2.885,2.885,2.885,2.885,0.0
2021-04-13,2.878,2.878,2.878,2.878,0.0
2021-04-14,2.887,2.887,2.887,2.887,0.0
2021-04-15,2.893,2.893,2.893,2.893,0.0
2021-04-16,2.906,2.906,2.906,2.906,0.0
2021-04-19,2.9,2.9,2.9,2.9,0.0
2021-04-20,2.875,2.875,2.875,2.875,0.0
2021-04-21,2.872,2.872,2.872,2.872,0.0
2021-04-22,2.853,2.853,2.853,2.853,0.0
2021-04-23,2.861,2.861,2.861,2.861,0.0
2021-04-26,2.847,2.847,2.847,2.847,0.0
2021-04-27,2.858,2.858,2.858,2.858,0.0
2021-04-28,2.86,2.86,2.86,2.86,0.0
2021-04-29,2.862,2.862,2.862,2.862,0.0
2021-04-30,2.877,2.877,2.877,2.877,0.0
2021-05-03,2.88,2.88,2.88,2.88,0.0
2021-05-04,2.889,2.889,2.889,2.889,0.0
2021-05-05,2.891,2.891,2.891,2.891,0.0
2021-05-06,2.881,2.881,2.881,2.881,0.0
2021-05-07,2.888,2.888,2.888,2.888,0.0
2021-05-10,2.891,2.891,2.891,2.891,0.0
2021-05-11,2.888,2.888,2.888,2.888,0.0
2021-05-12,2.887,2.887,2.887,2.887,0.0
2021-05-13,2.877,2.877,2.877,2.877,0.0
2021-05-14,2.883,2.883,2.883,2.883,0.0
2021-05-17,2.887,2.887,2.887,2.887,0.0
2021-05-18,2.871,2.871,2.871,2.871,0.0
2021-05-19,2.875,2.875,2.875,2.875,0.0
2021-05-20,2.88,2.88,2.88,2.88,0.0
2021-05-21,2.892,2.892,2.892,2.892,0.0
2021-05-24,2.886,2.886,2.886,2.886,0.0
2021-05-25,2.897,2.897,2.897,2.897,0.0
2021-05-26,2.896,2.896,2.896,2.896,0.0
2021-05-27,2.893,2.893,2.893,2.893,0.0
2021-05-28,2.903,2.903,2.903,2.903,0.0
2021-06-01,2.915,2.915,2.915,2.915,0.0
2021-06-02,2.925,2.925,2.925,2.925,0.0
2021-06-03,2.942,2.942,2.942,2.942,0.0
2021-06-04,2.993,2.993,2.993,2.993,0.0
2021-06-07,2.964,2.964,2.964,2.964,0.0
2021-06-08,2.945,2.945,2.945,2.945,0.0
2021-06-09,2.952,2.952,2.952,2.952,0.0
2021-06-10,2.941,2.941,2.941,2.941,0.0
2021-06-11,2.94,2.94,2.94,2.94,0.0
2021-06-14,2.949,2.949,2.949,2.949,0.0
2021-06-15,2.934,2.934,2.934,2.934,0.0
2021-06-16,2.962,2.962,2.962,2.962,0.0
2021-06-17,2.967,2.967,2.967,2.967,0.0
2021-06-18,2.961,2.961,2.961,2.961,0.0
2021-06-21,2.958,2.958,2.958,2.958,0.0
2021-06-22,2.958,2.958,2.958,2.958,0.0
2021-06-23,2.959,2.959,2.959,2.959,0.0
2021-06-24,2.947,2.947,2.947,2.947,0.0
2021-06-25,2.962,2.962,2.962,2.962,0.0
2021-06-28,2.972,2.972,2.972,2.972,0.0
2021-06-29,3.005,3.005,3.005,3.005,0.0
2021-06-30,3.005,3.005,3.005,3.005,0.0
2021-07-01,2.993,2.993,2.993,2.993,0.0
2021-07-02,2.985,2.985,2.985,2.985,0.0
2021-07-06,2.977,2.977,2.977,2.977,0.0
2021-07-07,2.989,2.989,2.989,2.989,0.0
2021-07-08,2.996,2.996,2.996,2.996,0.0
2021-07-09,3.015,3.015,3.015,3.015,0.0
2021-07-12,3.026,3.026,3.026,3.026,0.0
2021-07-13,3.025,3.025,3.025,3.025,0.0
2021-07-14,3.018,3.018,3.018,3.018,0.0
2021-07-15,3.013,3.013,3.013,3.013,0.0
2021-07-16,3.019,3.019,3.019,3.019,0.0
2021-07-19,3.029,3.029,3.029,3.029,0.0
2021-07-20,3.041,3.041,3.041,3.041,0.0
2021-07-21,3.039,3.039,3.039,3.039,0.0
2021-07-22,3.041,3.041,3.041,3.041,0.0
2021-07-23,3.047,3.047,3.047,3.047,0.0
2021-07-26,3.055,3.055,3.055,3.055,0.0
2021-07-27,3.032,3.032,3.032,3.032,0.0
2021-07-28,3.024,3.024,3.024,3.024,0.0
2021-07-29,3.016,3.016,3.016,3.016,0.0
2021-07-30,3.036,3.036,3.036,3.036,0.0
2021-08-02,3.063,3.063,3.063,3.063,0.0
2021-08-03,3.055,3.055,3.055,3.055,0.0
2021-08-04,3.073,3.073,3.073,3.073,2.0
2021-08-05,3.076,3.076,3.076,3.076,0.0
2021-08-06,3.085,3.085,3.085,3.085,0.0
2021-08-09,3.088,3.088,3.088,3.088,0.0
2021-08-10,3.085,3.085,3.085,3.085,0.0
2021-08-11,3.115,3.115,3.1,3.1,1.0
2021-08-12,3.148,3.148,3.148,3.148,0.0
2021-08-13,3.115,3.115,3.115,3.115,0.0
2021-08-16,3.118,3.118,3.118,3.118,0.0
2021-08-17,3.126,3.126,3.126,3.126,2.0
2021-08-18,3.124,3.124,3.124,3.124,0.0
2021-08-19,3.127,3.127,3.127,3.127,0.0
2021-08-20,3.121,3.121,3.121,3.121,0.0
2021-08-23,3.118,3.118,3.118,3.118,0.0
2021-08-24,3.123,3.123,3.123,3.123,0.0
2021-08-25,3.121,3.121,3.121,3.121,0.0
2021-08-26,3.137,3.137,3.137,3.137,0.0
2021-08-27,3.134,3.134,3.134,3.134,0.0
2021-08-30,3.125,3.125,3.125,3.125,0.0
2021-08-31,3.12,3.12,3.12,3.12,7.0
2021-09-01,3.115,3.115,3.115,3.115,0.0
2021-09-02,3.12,3.12,3.12,3.12,0.0
2021-09-03,3.124,3.124,3.124,3.124,0.0
2021-09-07,3.135,3.135,3.135,3.135,0.0
2021-09-08,3.177,3.177,3.177,3.177,5.0
2021-09-09,3.222,3.222,3.222,3.222,0.0
2021-09-10,3.224,3.224,3.224,3.224,0.0
2021-09-13,3.249,3.249,3.249,3.249,0.0
2021-09-14,3.253,3.253,3.253,3.253,0.0
2021-09-15,3.221,3.221,3.221,3.221,5.0
2021-09-16,3.214,3.214,3.214,3.214,5.0
2021-09-17,3.214,3.214,3.214,3.214,0.0
2021-09-20,3.25,3.25,3.25,3.25,0.0
2021-09-21,3.273,3.273,3.273,3.273,0.0
2021-09-22,3.29,3.29,3.29,3.29,0.0
2021-09-23,3.324,3.324,3.324,3.324,0.0
2021-09-24,3.325,3.325,3.325,3.325,5.0
2021-09-27,3.363,3.363,3.363,3.363,0.0
2021-09-28,3.306,3.306,3.306,3.306,0.0
2021-09-29,3.347,3.347,3.347,3.347,5.0
2021-09-30,3.417,3.417,3.385,3.385,6.0
2021-10-01,3.39,3.39,3.39,3.39,6.0
2021-10-04,3.407,3.407,3.407,3.407,0.0
2021-10-05,3.447,3.447,3.447,3.447,0.0
2021-10-06,3.476,3.476,3.476,3.476,0.0
2021-10-07,3.485,3.485,3.485,3.485,0.0
2021-10-08,3.521,3.521,3.521,3.521,0.0
2021-10-11,3.518,3.518,3.518,3.518,10.0
2021-10-12,3.5,3.519,3.5,3.519,18.0
2021-10-13,3.524,3.524,3.524,3.524,10.0
2021-10-14,3.554,3.554,3.539,3.539,1.0
2021-10-15,3.556,3.556,3.556,3.556,0.0
2021-10-18,3.562,3.562,3.562,3.562,5.0
2021-10-19,3.546,3.546,3.546,3.546,0.0
2021-10-20,3.546,3.546,3.545,3.545,5.0
2021-10-21,3.556,3.556,3.556,3.556,0.0
2021-10-22,3.561,3.561,3.561,3.561,0.0
2021-10-25,3.614,3.614,3.614,3.614,0.0
2021-10-26,3.592,3.592,3.592,3.592,0.0
2021-10-27,3.554,3.554,3.554,3.554,0.0
2021-10-28,3.56,3.56,3.56,3.56,0.0
2021-10-29,3.511,3.511,3.511,3.511,0.0
2021-11-01,3.406,3.406,3.406,3.406,0.0
2021-11-02,3.447,3.447,3.447,3.447,0.0
2021-11-03,3.414,3.414,3.414,3.414,0.0
2021-11-04,3.438,3.438,3.438,3.438,0.0
2021-11-05,3.45,3.45,3.391,3.391,15.0
2021-11-08,3.419,3.419,3.419,3.419,0.0
2021-11-09,3.455,3.455,3.455,3.455,0.0
2021-11-10,3.492,3.492,3.492,3.492,0.0
2021-11-11,3.53,3.53,3.53,3.53,0.0
2021-11-12,3.51,3.51,3.488,3.488,9.0
2021-11-15,3.501,3.501,3.501,3.501,0.0
2021-11-16,3.572,3.572,3.572,3.572,0.0
2021-11-17,3.555,3.555,3.555,3.555,0.0
2021-11-18,3.535,3.535,3.535,3.535,0.0
2021-11-19,3.53,3.53,3.53,3.53,0.0
2021-11-22,3.492,3.492,3.492,3.492,0.0
2021-11-23,3.539,3.539,3.539,3.539,3.0
2021-11-24,3.559,3.559,3.559,3.559,0.0
2021-11-26,3.598,3.598,3.598,3.598,0.0
2021-11-29,3.587,3.587,3.587,3.587,0.0
2021-11-30,3.56,3.56,3.56,3.56,0.0
2021-12-01,3.548,3.548,3.548,3.548,0.0
2021-12-02,3.552,3.552,3.552,3.552,0.0
2021-12-03,3.562,3.562,3.562,3.562,0.0
2021-12-06,3.524,3.524,3.524,3.524,0.0
2021-12-07,3.535,3.535,3.525,3.525,4.0
2021-12-08,3.484,3.484,3.484,3.484,0.0
2021-12-09,3.534,3.534,3.534,3.534,5.0
2021-12-10,3.548,3.548,3.548,3.548,0.0
2021-12-13,3.495,3.495,3.495,3.495,0.0
2021-12-14,3.505,3.505,3.505,3.505,0.0
2021-12-15,3.502,3.502,3.502,3.502,0.0
2021-12-16,3.52,3.52,3.52,3.52,0.0
2021-12-17,3.54,3.54,3.54,3.54,0.0
2021-12-20,3.562,3.562,3.562,3.562,0.0
2021-12-21,3.546,3.546,3.546,3.546,0.0
2021-12-22,3.547,3.547,3.547,3.547,0.0
2021-12-23,3.51,3.51,3.51,3.51,0.0
2021-12-27,3.496,3.496,3.496,3.496,0.0
2021-12-28,3.497,3.497,3.497,3.497,0.0
2021-12-29,3.493,3.493,3.493,3.493,0.0
2021-12-30,3.47,3.47,3.47,3.47,0.0
2021-12-31,3.487,3.487,3.487,3.487,0.0
2022-01-03,3.5,3.5,3.5,3.5,0.0
2022-01-04,3.494,3.494,3.494,3.494,0.0
2022-01-05,3.505,3.505,3.505,3.505,0.0
2022-01-06,3.507,3.507,3.507,3.507,0.0
2022-01-07,3.517,3.54,3.517,3.54,4.0
2022-01-10,3.545,3.545,3.545,3.545,0.0
2022-01-11,3.54,3.54,3.53,3.534,4.0
2022-01-12,3.54,3.55,3.509,3.509,5.0
2022-01-13,3.509,3.512,3.509,3.512,2.0
2022-01-14,3.488,3.488,3.488,3.488,0.0
2022-01-18,3.493,3.493,3.493,3.493,0.0
2022-01-19,3.49,3.49,3.49,3.49,0.0
2022-01-20,3.459,3.459,3.459,3.459,6.0
2022-01-21,3.491,3.491,3.491,3.491,0.0
2022-01-24,3.5,3.5,3.5,3.5,0.0
2022-01-25,3.534,3.534,3.534,3.534,0.0
2022-01-26,3.541,3.541,3.541,3.541,0.0
2022-01-27,3.526,3.526,3.526,3.526,0.0
2022-01-28,3.551,3.551,3.551,3.551,0.0
2022-01-31,3.557,3.557,3.557,3.557,0.0
2022-02-01,3.542,3.542,3.542,3.542,0.0
2022-02-02,3.579,3.579,3.579,3.579,17.0
2022-02-03,3.539,3.539,3.539,3.539,25.0
2022-02-04,3.605,3.605,3.605,3.605,15.0
2022-02-07,3.611,3.611,3.611,3.611,0.0
2022-02-08,3.629,3.629,3.629,3.629,36.0
2022-02-09,3.616,3.616,3.616,3.616,0.0
2022-02-10,3.621,3.621,3.621,3.621,35.0
2022-02-11,3.65,3.661,3.65,3.661,3.0
2022-02-14,3.684,3.684,3.684,3.684,10.0
2022-02-15,3.672,3.672,3.672,3.672,0.0
2022-02-16,3.701,3.701,3.701,3.701,3.0
2022-02-17,3.685,3.686,3.685,3.686,11.0
2022-02-18,3.686,3.686,3.686,3.686,0.0
2022-02-22,3.702,3.702,3.702,3.702,15.0
2022-02-23,3.754,3.754,3.754,3.754,19.0
2022-02-24,3.772,3.772,3.772,3.772,19.0
2022-02-25,3.691,3.691,3.691,3.691,0.0
2022-02-28,3.655,3.655,3.655,3.655,0.0
2022-03-01,3.712,3.712,3.712,3.712,0.0
2022-03-02,3.772,3.772,3.772,3.772,30.0
2022-03-03,3.783,3.783,3.783,3.783,0.0
2022-03-04,3.836,3.836,3.836,3.836,10.0
2022-03-07,3.846,3.846,3.846,3.846,0.0
2022-03-08,3.835,3.835,3.835,3.835,5.0
2022-03-09,3.798,3.798,3.798,3.798,6.0
2022-03-10,3.822,3.822,3.822,3.822,0.0
2022-03-11,3.831,3.831,3.831,3.831,0.0
2022-03-14,3.845,3.861,3.845,3.861,3.0
2022-03-15,3.854,3.854,3.854,3.854,5.0
2022-03-16,3.858,3.858,3.858,3.858,3.0
2022-03-17,3.875,3.875,3.875,3.875,0.0
2022-03-18,3.864,3.864,3.864,3.864,0.0
2022-03-21,3.849,3.849,3.849,3.849,0.0
2022-03-22,3.876,3.876,3.876,3.876,7.0
2022-03-23,3.887,3.887,3.887,3.887,0.0
2022-03-24,3.922,3.922,3.922,3.922,0.0
2022-03-25,4.012,4.012,4.012,4.012,0.0
2022-03-28,4.024,4.024,4.024,4.024,42.0
2022-03-29,4.028,4.028,4.028,4.028,5.0
2022-03-30,4.112,4.112,4.112,4.112,24.0
2022-03-31,4.162,4.162,4.162,4.162,19.0
2022-04-01,4.212,4.212,4.212,4.212,0.0
2022-04-04,4.279,4.279,4.279,4.279,23.0
2022-04-05,4.361,4.361,4.361,4.361,34.0
2022-04-06,4.423,4.423,4.423,4.423,117.0
2022-04-07,4.415,4.415,4.415,4.415,15.0
2022-04-08,4.426,4.426,4.426,4.426,5.0
2022-04-11,4.488,4.488,4.488,4.488,9.0
2022-04-12,4.526,4.526,4.526,4.526,2.0
2022-04-13,4.55,4.582,4.55,4.582,50.0
2022-04-14,4.648,4.648,4.601,4.601,42.0
2022-04-18,4.65,4.688,4.65,4.688,6.0
2022-04-19,4.645,4.645,4.645,4.645,1.0
2022-04-20,4.575,4.575,4.575,4.575,3.0
2022-04-21,4.468,4.468,4.468,4.468,6.0
2022-04-22,4.292,4.292,4.292,4.292,1.0
2022-04-25,4.311,4.311,4.311,4.311,46.0
2022-04-26,4.37,4.411,4.37,4.411,39.0
2022-04-27,4.45,4.455,4.39,4.423,41.0
2022-04-28,4.403,4.416,4.403,4.416,22.0
2022-04-29,4.476,4.476,4.476,4.476,0.0
2022-05-02,4.615,4.615,4.615,4.615,0.0
2022-05-03,4.715,4.715,4.636,4.636,4.0
2022-05-04,4.714,4.714,4.714,4.714,1.0
2022-05-05,4.745,4.745,4.745,4.745,5.0
2022-05-06,4.678,4.678,4.678,4.678,4.0
2022-05-09,4.58,4.58,4.544,4.544,13.0
2022-05-10,4.551,4.551,4.551,4.551,22.0
2022-05-11,4.597,4.597,4.597,4.597,0.0
2022-05-12,4.592,4.592,4.592,4.592,6.0
2022-05-13,4.65,4.65,4.617,4.617,12.0
2022-05-16,4.7,4.7,4.667,4.667,5.0
2022-05-17,4.716,4.716,4.716,4.716,0.0
2022-05-18,4.75,4.77,4.75,4.77,6.0
2022-05-19,4.712,4.712,4.712,4.712,0.0
2022-05-20,4.75,4.75,4.732,4.732,3.0
2022-05-23,4.773,4.773,4.773,4.773,0.0
2022-05-24,4.766,4.766,4.766,4.766,1.0
2022-05-25,4.815,4.815,4.815,4.815,0.0
2022-05-26,4.885,4.885,4.844,4.844,13.0
2022-05-27,4.887,4.887,4.887,4.887,0.0
2022-05-31,4.911,4.935,4.836,4.836,21.0
2022-06-01,4.942,5.052,4.938,5.052,68.0
2022-06-02,5.11,5.135,5.105,5.105,24.0
2022-06-03,5.177,5.177,5.177,5.177,24.0
2022-06-06,5.328,5.328,5.328,5.328,16.0
2022-06-07,5.382,5.382,5.382,5.382,100.0
2022-06-08,5.46,5.46,5.46,5.46,0.0
2022-06-09,5.343,5.557,5.343,5.557,90.0
2022-06-10,5.596,5.596,5.596,5.596,10.0
2022-06-13,5.54,5.54,5.54,5.54,1.0
2022-06-14,5.409,5.409,5.409,5.409,27.0
2022-06-15,5.466,5.466,5.466,5.466,42.0
2022-06-16,5.391,5.391,5.391,5.391,17.0
2022-06-17,5.159,5.159,5.159,5.159,7.0
2022-06-21,5.174,5.174,5.149,5.149,6.0
2022-06-22,5.195,5.195,5.195,5.195,0.0
2022-06-23,5.152,5.152,5.152,5.152,16.0
2022-06-24,5.062,5.062,5.062,5.062,44.0
2022-06-27,5.098,5.098,5.098,5.098,41.0
2022-06-28,5.11,5.11,5.068,5.068,74.0
2022-06-29,5.055,5.068,5.055,5.068,3.0
2022-06-30,4.9,4.9,4.808,4.808,13.0
2022-07-01,4.835,4.835,4.801,4.801,58.0
2022-07-05,4.691,4.691,4.691,4.691,0.0
2022-07-06,4.705,4.779,4.705,4.779,125.0
2022-07-07,4.95,4.95,4.92,4.932,107.0
2022-07-08,4.931,4.931,4.917,4.917,139.0
2022-07-11,4.952,4.952,4.952,4.952,24.0
2022-07-12,4.92,4.92,4.92,4.92,0.0
2022-07-13,5.007,5.007,5.007,5.007,0.0
2022-07-14,4.97,4.97,4.949,4.949,2.0
2022-07-15,5.023,5.023,5.023,5.023,0.0
2022-07-18,5.027,5.027,5.027,5.027,15.0
2022-07-19,5.017,5.017,4.981,4.981,2.0
2022-07-20,5.075,5.112,5.075,5.112,1.0
2022-07-21,5.08,5.08,5.048,5.048,13.0
2022-07-22,5.096,5.096,5.096,5.096,0.0
2022-07-25,5.152,5.152,5.152,5.152,1.0
2022-07-26,5.139,5.139,5.139,5.139,0.0
2022-07-27,5.091,5.091,5.091,5.091,5.0
2022-07-28,5.09,5.09,5.059,5.059,1.0
2022-07-29,5.049,5.049,5.049,5.049,0.0
2022-08-01,5.07,5.072,5.07,5.072,5.0
2022-08-02,5.037,5.037,5.037,5.037,0.0
2022-08-03,5.026,5.098,5.026,5.098,5.0
2022-08-04,5.06,5.069,5.06,5.069,7.0
2022-08-05,5.092,5.092,5.092,5.092,50.0
2022-08-08,5.054,5.054,5.054,5.054,6.0
2022-08-09,5.083,5.083,5.083,5.083,1.0
2022-08-10,5.124,5.124,5.124,5.124,25.0
2022-08-11,5.216,5.216,5.216,5.216,102.0
2022-08-12,5.21,5.21,5.188,5.188,1.0
2022-08-15,5.309,5.309,5.309,5.309,6.0
2022-08-16,5.409,5.409,5.401,5.401,5.0
2022-08-17,5.379,5.379,5.379,5.379,23.0
2022-08-18,5.379,5.379,5.373,5.373,52.0
2022-08-19,5.377,5.377,5.377,5.377,0.0
2022-08-22,5.439,5.439,5.439,5.439,52.0
2022-08-23,5.431,5.431,5.431,5.431,10.0
2022-08-24,5.424,5.433,5.424,5.433,25.0
2022-08-25,5.463,5.517,5.463,5.517,1.0
2022-08-26,5.525,5.529,5.525,5.529,29.0
2022-08-29,5.574,5.574,5.574,5.574,5.0
2022-08-30,5.57,5.57,5.57,5.57,160.0
2022-08-31,5.569,5.569,5.569,5.569,7.0
2022-09-01,5.637,5.637,5.637,5.637,1.0
2022-09-02,5.626,5.626,5.609,5.609,80.0
2022-09-06,5.629,5.629,5.536,5.536,134.0
2022-09-07,5.416,5.416,5.416,5.416,303.0
2022-09-08,5.37,5.37,5.37,5.37,70.0
2022-09-09,5.432,5.432,5.432,5.432,15.0
2022-09-12,5.455,5.455,5.454,5.454,16.0
2022-09-13,5.494,5.495,5.494,5.495,2.0
2022-09-14,5.636,5.636,5.636,5.636,10.0
2022-09-15,5.535,5.588,5.495,5.588,5.0
2022-09-16,5.495,5.542,5.495,5.542,11.0
2022-09-19,5.486,5.486,5.486,5.486,7.0
2022-09-20,5.45,5.45,5.394,5.394,19.0
2022-09-21,5.285,5.285,5.285,5.285,0.0
2022-09-22,5.215,5.215,5.183,5.183,1.0
2022-09-23,5.144,5.144,5.144,5.144,105.0
2022-09-26,5.1,5.1,5.097,5.097,20.0
2022-09-27,5.096,5.099,5.096,5.099,6.0
2022-09-28,5.091,5.091,5.091,5.091,0.0
2022-09-29,5.084,5.145,5.084,5.145,2.0
2022-09-30,5.146,5.146,5.146,5.146,36.0
2022-10-03,5.133,5.133,5.133,5.133,53.0
2022-10-04,5.119,5.119,5.119,5.119,0.0
2022-10-05,5.076,5.076,5.076,5.076,2.0
2022-10-06,5.052,5.052,5.05,5.05,2.0
2022-10-07,5.03,5.055,5.015,5.055,11.0
2022-10-10,5.02,5.084,5.02,5.084,3.0
2022-10-11,5.096,5.096,5.096,5.096,5.0
2022-10-12,5.071,5.071,5.071,5.071,219.0
2022-10-13,5.07,5.07,5.07,5.07,0.0
2022-10-14,5.063,5.063,5.063,5.063,10.0
2022-10-17,5.075,5.075,5.075,5.075,35.0
2022-10-18,5.012,5.012,5.012,5.012,0.0
2022-10-19,4.964,4.976,4.964,4.976,2.0
2022-10-20,4.97,4.981,4.97,4.981,120.0
2022-10-21,4.92,4.92,4.916,4.916,22.0
2022-10-24,4.965,4.965,4.947,4.947,1.0
2022-10-25,4.974,4.974,4.974,4.974,4.0
2022-10-26,4.998,4.998,4.998,4.998,30.0
2022-10-27,4.992,4.992,4.992,4.992,8.0
2022-10-28,4.972,4.972,4.972,4.972,0.0
2022-10-31,5.018,5.018,5.018,5.018,0.0
2022-11-01,5.01,5.01,4.97,4.983,507.0
2022-11-02,5.0,5.005,4.995,4.998,16.0
2022-11-03,5.02,5.02,5.02,5.02,120.0
2022-11-04,5.116,5.116,5.116,5.116,90.0
2022-11-07,5.159,5.159,5.159,5.159,10.0
2022-11-08,5.079,5.079,5.079,5.079,15.0
2022-11-09,5.079,5.079,5.079,5.079,4.0
2022-11-10,5.079,5.099,5.079,5.096,25.0
2022-11-11,5.105,5.105,5.105,5.105,0.0
2022-11-14,5.083,5.083,5.083,5.083,21.0
2022-11-15,5.132,5.132,5.132,5.132,41.0
2022-11-16,5.153,5.164,5.151,5.164,48.0
2022-11-17,5.176,5.176,5.176,5.176,1.0
2022-11-18,5.19,5.19,5.19,5.19,3.0
2022-11-21,5.17,5.17,5.167,5.167,21.0
2022-11-22,5.151,5.151,5.151,5.151,4.0
2022-11-23,5.145,5.145,5.104,5.134,36.0
2022-11-25,5.155,5.155,5.155,5.155,0.0
2022-11-28,5.132,5.132,5.132,5.132,0.0
2022-11-29,5.155,5.169,5.155,5.169,20.0
2022-11-30,5.205,5.205,5.205,5.205,40.0
2022-12-01,5.196,5.196,5.192,5.192,14.0
2022-12-02,5.165,5.165,5.158,5.158,17.0
2022-12-05,5.1,5.1,5.1,5.1,0.0
2022-12-06,5.08,5.08,5.08,5.08,378.0
2022-12-07,5.086,5.086,5.086,5.086,126.0
2022-12-08,5.112,5.112,5.112,5.112,210.0
2022-12-09,5.084,5.084,5.084,5.084,0.0
2022-12-12,5.105,5.105,5.105,5.105,479.0
2022-12-13,5.14,5.15,5.14,5.15,945.0
2022-12-14,5.14,5.147,5.14,5.147,222.0
2022-12-15,5.159,5.177,5.159,5.177,730.0
2022-12-16,5.222,5.222,5.222,5.222,0.0
2022-12-19,5.266,5.266,5.266,5.266,35.0
2022-12-20,5.191,5.191,5.175,5.188,160.0
2022-12-21,5.145,5.145,5.145,5.145,23.0
2022-12-22,5.06,5.085,5.06,5.085,12.0
2022-12-23,5.022,5.022,5.022,5.022,32.0
2022-12-27,5.075,5.075,5.075,5.075,31.0
2022-12-28,5.0,5.015,5.0,5.015,101.0
2022-12-29,4.99,5.0,4.97,4.97,2.0
2022-12-30,4.983,4.983,4.983,4.983,71.0
2023-01-03,4.894,4.894,4.894,4.894,228.0
2023-01-04,4.92,4.92,4.906,4.906,15.0
2023-01-05,4.79,4.79,4.729,4.729,150.0
2023-01-06,4.703,4.703,4.703,4.703,92.0
2023-01-09,4.814,4.814,4.814,4.814,49.0
2023-01-10,4.79,4.79,4.725,4.733,97.0
2023-01-11,4.7,4.745,4.7,4.735,71.0
2023-01-12,4.792,4.792,4.792,4.792,95.0
2023-01-13,4.768,4.768,4.768,4.768,23.0
2023-01-17,4.774,4.774,4.774,4.774,23.0
2023-01-18,4.76,4.768,4.736,4.736,37.0
2023-01-19,4.771,4.771,4.771,4.771,400.0
2023-01-20,4.768,4.768,4.768,4.768,34.0
2023-01-23,4.738,4.763,4.738,4.763,6.0
2023-01-24,4.713,4.713,4.695,4.695,102.0
2023-01-25,4.681,4.681,4.681,4.681,58.0
2023-01-26,4.67,4.67,4.66,4.66,141.0
2023-01-27,4.71,4.71,4.659,4.659,17.0
2023-01-30,4.628,4.628,4.62,4.62,60.0
2023-01-31,4.614,4.616,4.614,4.615,21.0
2023-02-01,4.565,4.565,4.491,4.491,153.0
2023-02-02,4.51,4.51,4.428,4.429,42.0
2023-02-03,4.388,4.424,4.383,4.424,164.0
2023-02-06,4.465,4.496,4.411,4.411,34.0
2023-02-07,4.455,4.507,4.455,4.507,179.0
2023-02-08,4.499,4.499,4.412,4.426,563.0
2023-02-09,4.409,4.409,4.371,4.371,17.0
2023-02-10,4.366,4.387,4.366,4.381,53.0
2023-02-13,4.349,4.349,4.349,4.349,5.0
2023-02-14,4.373,4.373,4.35,4.363,221.0
2023-02-15,4.363,4.363,4.348,4.348,212.0
2023-02-16,4.339,4.36,4.339,4.351,27.0
2023-02-17,4.358,4.358,4.3,4.306,264.0
2023-02-21,4.31,4.31,4.203,4.206,559.0
2023-02-22,4.21,4.236,4.209,4.209,83.0
2023-02-23,4.26,4.276,4.248,4.248,13.0
2023-02-24,4.283,4.344,4.283,4.327,32.0
2023-02-27,4.343,4.375,4.343,4.355,514.0
2023-02-28,4.347,4.402,4.33,4.397,51.0
2023-03-01,4.422,4.485,4.377,4.484,104.0
2023-03-02,4.508,4.536,4.496,4.515,28.0
2023-03-03,4.523,4.589,4.508,4.589,359.0
2023-03-06,4.466,4.606,4.466,4.599,186.0
2023-03-07,4.655,4.742,4.648,4.742,272.0
2023-03-08,4.655,4.692,4.646,4.692,731.0
2023-03-09,4.685,4.685,4.6,4.618,487.0
2023-03-10,4.546,4.632,4.546,4.631,550.0
2023-03-13,4.598,4.658,4.598,4.634,331.0
2023-03-14,4.623,4.658,4.61,4.651,118.0
2023-03-15,4.633,4.633,4.556,4.556,926.0
2023-03-16,4.557,4.63,4.557,4.622,165.0
2023-03-17,4.584,4.584,4.546,4.546,1234.0
2023-03-20,4.471,4.471,4.471,4.471,190.0
2023-03-21,4.492,4.62,4.481,4.62,215.0
2023-03-22,4.577,4.589,4.557,4.557,8.0
2023-03-23,4.583,4.611,4.579,4.611,267.0
2023-03-24,4.613,4.613,4.593,4.606,629.0
2023-03-27,4.561,4.571,4.561,4.568,81.0
2023-03-28,4.536,4.562,4.505,4.505,636.0
2023-03-29,4.47,4.513,4.452,4.513,511.0
2023-03-30,4.475,4.494,4.448,4.494,819.0
2023-03-31,4.544,4.581,4.544,4.581,584.0
2023-04-03,4.511,4.528,4.511,4.52,35.0
2023-04-04,4.549,4.55,4.53,4.541,173.0
2023-04-05,4.552,4.552,4.49,4.492,429.0
2023-04-06,4.452,4.452,4.405,4.421,51.0
2023-04-10,4.454,4.508,4.454,4.508,129.0
2023-04-11,4.514,4.518,4.484,4.512,205.0
2023-04-12,4.458,4.458,4.438,4.438,75.0
2023-04-13,4.387,4.405,4.377,4.377,150.0
2023-04-14,4.397,4.411,4.397,4.411,22.0
2023-04-17,4.504,4.538,4.486,4.538,1238.0
2023-04-18,4.565,4.572,4.54,4.572,51.0
2023-04-19,4.512,4.545,4.512,4.545,305.0
2023-04-20,4.56,4.581,4.56,4.581,148.0
2023-04-21,4.581,4.603,4.581,4.603,126.0
2023-04-24,4.675,4.675,4.675,4.675,30.0
2023-04-25,4.638,4.662,4.634,4.654,32.0
2023-04-26,4.61,4.631,4.61,4.621,97.0
2023-04-27,4.621,4.625,4.621,4.625,118.0
2023-04-28,4.641,4.641,4.641,4.641,85.0
2023-05-01,4.616,4.616,4.601,4.601,12.0
2023-05-02,4.601,4.608,4.561,4.575,117.0
2023-05-03,4.534,4.547,4.527,4.545,312.0
2023-05-04,4.529,4.539,4.507,4.531,92.0
2023-05-05,4.53,4.543,4.53,4.543,221.0
2023-05-08,4.557,4.557,4.506,4.535,168.0
2023-05-09,4.536,4.537,4.525,4.537,389.0
2023-05-10,4.486,4.503,4.48,4.503,570.0
2023-05-11,4.47,4.497,4.458,4.492,1050.0
2023-05-12,4.465,4.51,4.463,4.503,197.0
2023-05-15,4.522,4.554,4.522,4.546,1439.0
2023-05-16,4.575,4.577,4.528,4.528,280.0
2023-05-17,4.508,4.509,4.492,4.493,542.0
2023-05-18,4.512,4.556,4.505,4.555,2199.0
2023-05-19,4.561,4.561,4.52,4.52,330.0
2023-05-22,4.492,4.492,4.451,4.482,167.0
2023-05-23,4.468,4.468,4.448,4.449,244.0
2023-05-24,4.472,4.507,4.457,4.507,301.0
2023-05-25,4.494,4.494,4.462,4.478,337.0
2023-05-26,4.468,4.501,4.45,4.499,352.0
2023-05-30,4.469,4.488,4.45,4.455,158.0
2023-05-31,4.433,4.436,4.371,4.371,108.0
2023-06-01,4.34,4.34,4.291,4.335,450.0
2023-06-02,4.318,4.376,4.313,4.361,95.0
2023-06-05,4.38,4.399,4.38,4.392,206.0
2023-06-06,4.376,4.385,4.362,4.384,66.0
2023-06-07,4.377,4.387,4.369,4.385,175.0
2023-06-08,4.393,4.393,4.356,4.373,163.0
2023-06-09,4.342,4.347,4.328,4.347,62.0
2023-06-12,4.333,4.341,4.333,4.338,31.0
2023-06-13,4.35,4.384,4.35,4.353,141.0
2023-06-14,4.389,4.397,4.379,4.397,775.0
2023-06-15,4.416,4.47,4.388,4.427,1008.0
2023-06-16,4.416,4.416,4.39,4.405,1436.0
2023-06-20,4.378,4.42,4.352,4.371,554.0
2023-06-21,4.413,4.45,4.405,4.434,323.0
2023-06-22,4.434,4.447,4.434,4.447,268.0
2023-06-23,4.46,4.493,4.429,4.466,350.0
2023-06-26,4.452,4.471,4.404,4.429,84.0
2023-06-27,4.41,4.429,4.37,4.382,882.0
2023-06-28,4.369,4.396,4.326,4.344,851.0
2023-06-29,4.341,4.372,4.333,4.341,480.0
2023-06-30,4.349,4.39,4.324,4.368,577.0
2023-07-03,4.346,4.367,4.345,4.361,149.0
2023-07-05,4.375,4.394,4.318,4.324,391.0
2023-07-06,4.363,4.376,4.313,4.365,323.0
2023-07-07,4.373,4.386,4.329,4.357,80.0
2023-07-10,4.369,4.376,4.353,4.371,97.0
2023-07-11,4.385,4.391,4.36,4.377,59.0
2023-07-12,4.369,4.388,4.313,4.334,179.0
2023-07-13,4.31,4.342,4.293,4.317,1079.0
2023-07-14,4.307,4.34,4.299,4.329,549.0
2023-07-17,4.353,4.355,4.305,4.305,114.0
2023-07-18,4.318,4.349,4.314,4.331,391.0
2023-07-19,4.337,4.361,4.282,4.288,246.0
2023-07-20,4.294,4.339,4.294,4.32,853.0
2023-07-21,4.347,4.361,4.32,4.338,372.0
2023-07-24,4.361,4.372,4.341,4.372,489.0
2023-07-25,4.379,4.405,4.373,4.404,325.0
2023-07-26,4.415,4.416,4.379,4.388,266.0
2023-07-27,4.39,4.392,4.347,4.38,466.0
2023-07-28,4.364,4.417,4.363,4.4,224.0
2023-07-31,4.385,4.411,4.35,4.397,129.0
2023-08-01,4.363,4.403,4.346,4.363,150.0
2023-08-02,4.321,4.363,4.32,4.361,554.0
2023-08-03,4.355,4.369,4.322,4.354,861.0
2023-08-04,4.342,4.356,4.337,4.356,405.0
2023-08-07,4.385,4.393,4.354,4.386,659.0
2023-08-08,4.366,4.412,4.366,4.412,521.0
2023-08-09,4.445,4.478,4.407,4.428,1889.0
2023-08-10,4.415,4.443,4.404,4.428,419.0
2023-08-11,4.47,4.47,4.422,4.462,277.0
2023-08-14,4.468,4.476,4.46,4.471,574.0
2023-08-15,4.472,4.492,4.449,4.491,841.0
2023-08-16,4.476,4.476,4.444,4.457,1203.0
2023-08-17,4.462,4.462,4.462,4.462,1063.0
2023-08-18,4.426,4.459,4.426,4.452,403.0
2023-08-21,4.478,4.483,4.467,4.467,150.0
2023-08-22,4.452,4.459,4.428,4.443,1332.0
2023-08-23,4.445,4.445,4.411,4.415,352.0
2023-08-24,4.4,4.423,4.389,4.417,204.0
2023-08-25,4.403,4.445,4.397,4.434,186.0
2023-08-28,4.461,4.472,4.4,4.408,399.0
2023-08-29,4.392,4.397,4.36,4.378,487.0
2023-08-30,4.351,4.404,4.35,4.4,390.0
2023-08-31,4.39,4.433,4.385,4.395,537.0
2023-09-01,4.382,4.428,4.382,4.4,187.0
2023-09-05,4.368,4.381,4.341,4.38,780.0
2023-09-06,4.37,4.389,4.351,4.368,384.0
2023-09-07,4.36,4.417,4.348,4.362,617.0
2023-09-08,4.354,4.358,4.335,4.35,365.0
2023-09-11,4.342,4.359,4.32,4.344,567.0
2023-09-12,4.36,4.378,4.351,4.365,747.0
2023-09-13,4.362,4.378,4.336,4.368,1102.0
2023-09-14,4.335,4.371,4.335,4.346,825.0
2023-09-15,4.341,4.354,4.313,4.321,616.0
2023-09-18,4.316,4.375,4.313,4.373,925.0
2023-09-19,4.374,4.39,4.358,4.367,1175.0
2023-09-20,4.35,4.352,4.329,4.335,523.0
2023-09-21,4.332,4.332,4.308,4.321,599.0
2023-09-22,4.327,4.344,4.311,4.341,794.0
2023-09-25,4.332,4.358,4.332,4.355,477.0
2023-09-26,4.347,4.354,4.32,4.33,459.0
2023-09-27,4.338,4.351,4.317,4.319,1166.0
2023-09-28,4.316,4.331,4.308,4.324,872.0
2023-09-29,4.325,4.335,4.291,4.312,668.0
2023-10-02,4.291,4.291,4.267,4.282,395.0
2023-10-03,4.285,4.317,4.269,4.312,1299.0
2023-10-04,4.307,4.33,4.306,4.314,1443.0
2023-10-05,4.327,4.403,4.313,4.369,1753.0
2023-10-06,4.42,4.421,4.392,4.419,3072.0
2023-10-09,4.463,4.469,4.403,4.419,1259.0
2023-10-10,4.425,4.454,4.401,4.451,1295.0
2023-10-11,4.43,4.475,4.423,4.46,1503.0
2023-10-12,4.454,4.519,4.449,4.503,1078.0
2023-10-13,4.501,4.508,4.477,4.503,328.0
2023-10-16,4.473,4.474,4.431,4.469,428.0
2023-10-17,4.469,4.48,4.404,4.443,895.0
2023-10-18,4.421,4.451,4.418,4.428,532.0
2023-10-19,4.409,4.441,4.383,4.395,685.0
2023-10-20,4.387,4.395,4.366,4.392,1193.0
2023-10-23,4.377,4.395,4.362,4.394,793.0
2023-10-24,4.412,4.412,4.368,4.382,783.0
2023-10-25,4.382,4.422,4.382,4.405,330.0
2023-10-26,4.406,4.441,4.391,4.416,1154.0
2023-10-27,4.44,4.451,4.4,4.415,1118.0
2023-10-30,4.369,4.4,4.368,4.398,519.0
2023-10-31,4.439,4.497,4.394,4.495,1484.0
2023-11-01,4.477,4.507,4.449,4.489,1457.0
2023-11-02,4.473,4.562,4.455,4.53,1050.0
2023-11-03,4.58,4.615,4.541,4.542,1105.0
2023-11-06,4.493,4.51,4.477,4.5,1239.0
2023-11-07,4.502,4.51,4.461,4.462,792.0
2023-11-08,4.467,4.483,4.444,4.463,1046.0
2023-11-09,4.457,4.466,4.407,4.431,1198.0
2023-11-10,4.402,4.407,4.38,4.384,1080.0
2023-11-13,4.386,4.43,4.383,4.423,2266.0
2023-11-14,4.415,4.442,4.394,4.411,1462.0
2023-11-15,4.411,4.439,4.402,4.429,1480.0
2023-11-16,4.42,4.43,4.357,4.377,1288.0
2023-11-17,4.367,4.367,4.254,4.269,3132.0
2023-11-20,4.26,4.265,4.21,4.223,1226.0
2023-11-21,4.228,4.233,4.177,4.196,1330.0
2023-11-22,4.167,4.192,4.153,4.188,736.0
2023-11-24,4.166,4.226,4.165,4.221,1761.0
2023-11-27,4.179,4.24,4.162,4.236,1062.0
2023-11-28,4.231,4.247,4.182,4.214,1406.0
2023-11-29,4.181,4.194,4.158,4.178,939.0
2023-11-30,4.179,4.18,4.115,4.134,812.0
2023-12-01,4.116,4.158,4.104,4.132,2024.0
2023-12-04,4.1,4.1,4.023,4.039,1373.0
2023-12-05,4.063,4.081,4.022,4.046,1218.0
2023-12-06,4.005,4.04,3.851,3.868,1901.0
2023-12-07,3.865,3.865,3.774,3.835,2730.0
2023-12-08,3.821,3.821,3.705,3.739,3661.0
2023-12-11,3.65,3.651,3.475,3.557,9060.0
2023-12-12,3.522,3.548,3.473,3.492,5143.0
2023-12-13,3.478,3.635,3.459,3.601,4509.0
2023-12-14,3.608,3.672,3.595,3.65,2920.0
2023-12-15,3.644,3.725,3.634,3.716,2045.0
2023-12-18,3.72,3.754,3.691,3.698,1562.0
2023-12-19,3.676,3.676,3.6,3.609,3037.0
2023-12-20,3.626,3.642,3.55,3.591,2378.0
2023-12-21,3.562,3.669,3.554,3.651,2290.0
2023-12-22,3.619,3.666,3.593,3.653,1658.0
2023-12-26,3.606,3.644,3.597,3.622,1622.0
2023-12-27,3.661,3.692,3.621,3.627,1147.0
2023-12-28,3.621,3.694,3.608,3.685,1015.0
2023-12-29,3.677,3.726,3.67,3.685,1694.0
2024-01-02,3.712,3.748,3.701,3.726,2346.0
2024-01-03,3.732,3.76,3.71,3.74,3247.0
2024-01-04,3.759,3.809,3.743,3.793,4064.0
2024-01-05,3.796,3.839,3.745,3.839,3050.0
2024-01-08,3.831,3.84,3.736,3.836,5392.0
2024-01-09,3.818,3.945,3.813,3.901,7314.0
2024-01-10,3.864,3.886,3.817,3.854,5368.0
2024-01-11,3.851,3.945,3.81,3.871,4302.0
2024-01-12,3.883,3.945,3.862,3.938,7920.0
2024-01-16,3.855,3.89,3.806,3.847,6058.0
2024-01-17,3.828,3.902,3.818,3.889,5587.0
2024-01-18,3.882,3.882,3.826,3.86,3639.0
2024-01-19,3.846,3.861,3.71,3.759,6355.0
2024-01-22,3.677,3.733,3.65,3.66,6307.0
2024-01-23,3.659,3.752,3.631,3.726,3065.0
2024-01-24,3.733,3.791,3.716,3.784,4141.0
2024-01-25,3.797,3.819,3.692,3.728,7714.0
2024-01-26,3.735,3.746,3.677,3.735,6258.0
2024-01-29,3.709,3.725,3.588,3.616,10417.0
2024-01-30,3.62,3.657,3.581,3.638,4345.0
2024-01-31,3.631,3.675,3.603,3.631,5561.0
2024-02-01,3.657,3.673,3.602,3.618,3384.0
2024-02-02,3.625,3.657,3.597,3.638,3660.0
2024-02-05,3.632,3.648,3.581,3.615,4800.0
2024-02-06,3.58,3.594,3.551,3.56,5785.0
2024-02-07,3.55,3.574,3.528,3.547,5966.0
2024-02-08,3.548,3.572,3.518,3.557,7953.0
2024-02-09,3.533,3.578,3.506,3.573,5834.0
2024-02-12,3.543,3.597,3.538,3.567,5458.0
2024-02-13,3.563,3.583,3.518,3.535,5102.0
2024-02-14,3.534,3.538,3.415,3.433,4284.0
2024-02-15,3.43,3.461,3.377,3.396,4566.0
2024-02-16,3.396,3.408,3.354,3.399,3841.0
2024-02-20,3.36,3.509,3.346,3.383,4283.0
2024-02-21,3.508,3.547,3.477,3.524,6826.0
2024-02-22,3.532,3.578,3.484,3.555,4232.0
2024-02-23,3.538,3.548,3.478,3.485,4729.0
2024-02-26,3.538,3.548,3.504,3.537,3652.0
2024-02-27,3.546,3.604,3.511,3.582,4854.0
2024-02-28,3.558,3.628,3.558,3.608,3214.0
2024-02-29,3.59,3.617,3.57,3.614,2895.0
2024-03-01,3.61,3.61,3.568,3.591,2433.0
2024-03-04,3.634,3.682,3.615,3.658,3868.0
2024-03-05,3.644,3.686,3.626,3.657,2776.0
2024-03-06,3.652,3.682,3.625,3.639,2194.0
2024-03-07,3.62,3.633,3.559,3.583,4573.0
2024-03-08,3.575,3.601,3.553,3.574,3204.0
2024-03-11,3.586,3.595,3.531,3.541,2376.0
2024-03-12,3.541,3.565,3.513,3.534,4574.0
2024-03-13,3.545,3.565,3.488,3.552,3530.0
2024-03-14,3.556,3.617,3.539,3.613,3792.0
2024-03-15,3.613,3.625,3.545,3.547,4363.0
2024-03-18,3.584,3.61,3.549,3.605,5407.0
2024-03-19,3.597,3.634,3.579,3.616,3247.0
2024-03-20,3.608,3.626,3.56,3.575,3453.0
2024-03-21,3.551,3.555,3.524,3.541,3817.0
2024-03-22,3.525,3.549,3.503,3.519,2390.0
2024-03-25,3.515,3.531,3.491,3.523,2154.0
2024-03-26,3.525,3.568,3.522,3.538,2758.0
2024-03-27,3.529,3.53,3.478,3.494,2466.0
2024-03-28,3.509,3.558,3.489,3.551,3130.0
2024-04-01,3.527,3.612,3.52,3.611,2097.0
2024-04-02,3.61,3.623,3.564,3.607,4859.0
2024-04-03,3.591,3.611,3.566,3.574,3014.0
2024-04-04,3.573,3.58,3.514,3.523,3547.0
2024-04-05,3.505,3.554,3.501,3.533,3435.0
2024-04-08,3.511,3.582,3.511,3.575,3508.0
2024-04-09,3.587,3.621,3.566,3.589,5539.0
2024-04-10,3.604,3.628,3.59,3.608,2864.0
2024-04-11,3.606,3.612,3.575,3.595,6764.0
2024-04-12,3.6,3.636,3.584,3.609,4050.0
2024-04-15,3.591,3.6,3.546,3.559,1998.0
2024-04-16,3.553,3.619,3.532,3.596,3545.0
2024-04-17,3.551,3.581,3.539,3.57,3431.0
2024-04-18,3.577,3.592,3.562,3.588,2419.0
2024-04-19,3.587,3.625,3.578,3.578,2820.0
2024-04-22,3.569,3.62,3.557,3.616,2062.0
2024-04-23,3.618,3.686,3.609,3.657,3048.0
2024-04-24,3.681,3.702,3.622,3.628,3032.0
2024-04-25,3.618,3.647,3.612,3.64,2762.0
2024-04-26,3.651,3.66,3.605,3.609,2913.0
2024-04-29,3.622,3.681,3.615,3.646,3237.0
2024-04-30,3.652,3.667,3.603,3.623,3405.0
2024-05-01,3.619,3.619,3.573,3.587,2870.0
2024-05-02,3.592,3.625,3.569,3.618,3622.0
2024-05-03,3.596,3.656,3.594,3.652,4151.0
2024-05-06,3.648,3.71,3.626,3.666,2965.0
2024-05-07,3.64,3.68,3.632,3.654,3483.0
2024-05-08,3.653,3.695,3.605,3.612,4060.0
2024-05-09,3.598,3.614,3.556,3.566,11709.0
2024-05-10,3.575,3.587,3.534,3.548,7651.0
2024-05-13,3.53,3.616,3.521,3.611,7444.0
2024-05-14,3.598,3.634,3.576,3.603,8531.0
2024-05-15,3.629,3.663,3.606,3.658,10285.0
2024-05-16,3.649,3.714,3.648,3.688,7853.0
2024-05-17,3.709,3.74,3.684,3.696,6338.0
2024-05-20,3.719,3.751,3.705,3.747,6902.0
2024-05-21,3.743,3.769,3.682,3.713,6946.0
2024-05-22,3.673,3.852,3.67,3.849,9217.0
2024-05-23,3.824,3.945,3.756,3.781,9124.0
2024-05-24,3.789,3.815,3.682,3.706,4633.0
2024-05-28,3.72,3.763,3.673,3.742,5166.0
2024-05-29,3.733,3.737,3.641,3.658,4684.0
2024-05-30,3.646,3.666,3.598,3.62,3708.0
2024-05-31,3.615,3.682,3.594,3.654,4718.0
2024-06-03,3.662,3.739,3.624,3.704,7572.0
2024-06-04,3.68,3.742,3.615,3.633,4963.0
2024-06-05,3.65,3.754,3.62,3.734,7328.0
2024-06-06,3.722,3.796,3.705,3.758,7738.0
2024-06-07,3.759,3.859,3.742,3.83,10652.0
2024-06-10,3.854,3.948,3.824,3.852,10600.0
2024-06-11,3.889,4.038,3.889,4.006,8656.0
2024-06-12,4.017,4.018,3.943,3.974,8848.0
2024-06-13,3.965,4.014,3.857,3.912,5676.0
2024-06-14,3.887,3.923,3.862,3.87,6014.0
2024-06-17,3.828,3.849,3.793,3.827,5146.0
2024-06-18,3.829,3.926,3.819,3.918,6993.0
2024-06-20,3.906,3.936,3.847,3.866,7347.0
2024-06-21,3.859,3.871,3.814,3.828,5321.0
2024-06-24,3.799,3.894,3.788,3.882,5065.0
2024-06-25,3.882,3.888,3.819,3.828,4867.0
2024-06-26,3.826,3.831,3.766,3.784,5779.0
2024-06-27,3.772,3.797,3.697,3.701,5025.0
2024-06-28,3.713,3.727,3.648,3.662,5827.0
2024-07-01,3.666,3.666,3.592,3.598,8300.0
2024-07-02,3.59,3.612,3.569,3.579,4677.0
2024-07-03,3.595,3.605,3.56,3.573,5158.0
2024-07-05,3.564,3.575,3.503,3.513,6524.0
2024-07-08,3.484,3.554,3.48,3.537,4838.0
2024-07-09,3.542,3.565,3.509,3.52,4506.0
2024-07-10,3.506,3.526,3.477,3.501,6550.0
2024-07-11,3.489,3.495,3.44,3.449,6610.0
2024-07-12,3.446,3.517,3.417,3.499,5006.0
2024-07-15,3.456,3.467,3.418,3.448,11848.0
2024-07-16,3.437,3.487,3.436,3.457,9764.0
2024-07-17,3.457,3.473,3.364,3.374,14088.0
2024-07-18,3.375,3.442,3.37,3.427,7169.0
2024-07-19,3.406,3.47,3.385,3.463,9459.0
2024-07-22,3.45,3.553,3.447,3.539,6034.0
2024-07-23,3.525,3.533,3.431,3.485,6994.0
2024-07-24,3.439,3.447,3.381,3.399,6531.0
2024-07-25,3.383,3.397,3.315,3.321,9623.0
2024-07-26,3.335,3.355,3.312,3.335,5694.0
2024-07-29,3.334,3.36,3.304,3.322,5610.0
2024-07-30,3.336,3.364,3.278,3.362,8973.0
2024-07-31,3.351,3.365,3.308,3.329,5776.0
2024-08-01,3.322,3.388,3.261,3.263,9519.0
2024-08-02,3.27,3.308,3.235,3.266,8771.0
2024-08-05,3.239,3.273,3.192,3.222,7705.0
2024-08-06,3.243,3.278,3.196,3.248,8403.0
2024-08-07,3.254,3.372,3.242,3.351,10839.0
2024-08-08,3.346,3.46,3.324,3.405,11089.0
2024-08-09,3.414,3.456,3.406,3.445,7692.0
2024-08-12,3.467,3.514,3.435,3.466,8941.0
2024-08-13,3.435,3.47,3.391,3.395,7405.0
2024-08-14,3.392,3.461,3.378,3.414,6060.0
2024-08-15,3.406,3.454,3.384,3.397,12447.0
2024-08-16,3.383,3.391,3.29,3.296,15922.0
2024-08-19,3.294,3.383,3.277,3.363,9329.0
2024-08-20,3.37,3.388,3.322,3.355,8286.0
2024-08-21,3.358,3.386,3.323,3.35,7207.0
2024-08-22,3.362,3.364,3.26,3.29,9780.0
2024-08-23,3.292,3.294,3.249,3.265,6078.0
2024-08-26,3.244,3.289,3.237,3.26,7297.0
2024-08-27,3.257,3.258,3.211,3.227,13203.0
2024-08-28,3.223,3.273,3.194,3.239,13490.0
2024-08-29,3.246,3.263,3.185,3.234,16359.0
2024-08-30,3.231,3.246,3.182,3.202,15461.0
2024-09-03,3.213,3.249,3.141,3.227,15306.0
2024-09-04,3.223,3.272,3.196,3.211,12659.0
2024-09-05,3.208,3.292,3.188,3.252,11791.0
2024-09-06,3.254,3.281,3.239,3.261,13832.0
2024-09-09,3.223,3.248,3.189,3.214,19401.0
2024-09-10,3.192,3.248,3.183,3.209,18481.0
2024-09-11,3.204,3.238,3.176,3.236,18142.0
2024-09-12,3.232,3.271,3.197,3.243,19986.0
2024-09-13,3.244,3.254,3.165,3.178,20101.0
2024-09-16,3.162,3.218,3.137,3.211,15786.0
2024-09-17,3.211,3.256,3.194,3.205,19151.0
2024-09-18,3.205,3.24,3.189,3.194,19180.0
2024-09-19,3.207,3.22,3.152,3.214,18061.0
2024-09-20,3.205,3.373,3.205,3.355,21398.0
2024-09-23,3.381,3.465,3.355,3.436,29344.0
2024-09-24,3.439,3.475,3.362,3.38,20139.0
2024-09-25,3.397,3.456,3.377,3.394,19113.0
2024-09-26,3.411,3.434,3.325,3.351,39603.0
2024-09-27,3.339,3.472,3.302,3.449,32849.0
2024-09-30,3.436,3.51,3.421,3.484,21556.0
2024-10-01,3.465,3.477,3.395,3.425,33798.0
2024-10-02,3.429,3.511,3.408,3.434,26705.0
2024-10-03,3.454,3.516,3.439,3.504,23968.0
2024-10-04,3.505,3.536,3.443,3.461,28789.0
2024-10-07,3.432,3.477,3.372,3.387,26495.0
2024-10-08,3.373,3.394,3.331,3.357,25734.0
2024-10-09,3.334,3.337,3.24,3.272,34672.0
2024-10-10,3.255,3.277,3.205,3.252,45057.0
2024-10-11,3.267,3.28,3.177,3.19,27151.0
2024-10-14,3.175,3.177,3.081,3.093,22100.0
2024-10-15,3.083,3.16,3.046,3.106,29188.0
2024-10-16,3.101,3.105,3.019,3.027,40019.0
2024-10-17,3.036,3.073,3.011,3.021,31071.0
2024-10-18,3.023,3.032,2.967,2.971,21242.0
2024-10-21,2.952,3.052,2.933,3.003,33388.0
2024-10-22,3.04,3.093,2.986,3.073,32407.0
2024-10-23,3.058,3.135,3.029,3.069,33108.0
2024-10-24,3.116,3.199,3.065,3.168,35051.0
2024-10-25,3.163,3.244,3.121,3.238,31050.0
2024-10-28,3.173,3.179,2.98,3.031,51460.0
2024-10-29,3.018,3.084,2.968,3.026,35627.0
2024-10-30,3.091,3.091,2.95,3.013,41897.0
2024-10-31,2.996,3.001,2.878,2.888,45011.0
2024-11-01,2.877,2.899,2.828,2.852,46523.0
2024-11-04,2.768,2.962,2.72,2.942,40294.0
2024-11-05,2.944,2.976,2.833,2.852,35085.0
2024-11-06,2.863,2.956,2.839,2.912,35281.0
2024-11-07,2.882,2.934,2.831,2.854,39913.0
2024-11-08,2.858,2.903,2.812,2.827,42242.0
2024-11-11,2.913,3.058,2.91,3.01,63752.0
2024-11-12,3.035,3.089,2.968,3.016,58519.0
2024-11-13,3.012,3.101,2.945,3.066,71452.0
2024-11-14,3.058,3.065,2.919,2.935,53372.0
2024-11-15,2.93,2.984,2.866,2.966,35319.0
2024-11-18,3.029,3.081,2.965,3.04,50632.0
2024-11-19,3.024,3.131,2.995,3.091,54840.0
2024-11-20,3.053,3.283,3.04,3.247,73646.0
2024-11-21,3.268,3.435,3.244,3.334,94236.0
2024-11-22,3.377,3.471,3.104,3.142,84138.0
2024-11-25,3.314,3.396,3.236,3.276,101113.0
2024-11-26,3.267,3.367,3.238,3.311,64485.0
2024-11-27,3.311,3.315,3.051,3.069,76477.0
2024-11-29,3.06,3.226,3.038,3.204,60212.0
2024-12-02,3.085,3.131,3.014,3.076,76649.0
2024-12-03,3.065,3.079,2.909,2.918,65058.0
2024-12-04,2.929,2.965,2.864,2.923,57206.0
2024-12-05,2.951,3.017,2.916,2.954,59660.0
2024-12-06,2.955,2.963,2.885,2.931,89447.0
2024-12-09,3.102,3.148,2.969,3.004,107758.0
2024-12-10,3.012,3.013,2.903,2.983,115704.0
2024-12-11,3.012,3.177,2.992,3.158,130423.0
2024-12-12,3.135,3.28,3.062,3.205,158662.0
2024-12-13,3.208,3.227,3.086,3.109,107253.0
2024-12-16,3.044,3.075,2.989,3.028,98065.0
2024-12-17,3.03,3.147,2.919,3.08,122872.0
2024-12-18,3.123,3.175,3.084,3.115,111294.0
2024-12-19,3.135,3.338,3.126,3.296,132379.0
2024-12-20,3.327,3.457,3.264,3.412,165725.0
2024-12-23,3.505,3.545,3.289,3.346,149376.0
2024-12-24,3.378,3.51,3.356,3.504,106724.0
2024-12-26,3.53,3.53,3.256,3.319,156826.0
2024-12-27,3.321,3.454,3.293,3.383,189959.0
2024-12-30,3.657,4.201,3.648,3.936,374324.0
2024-12-31,3.915,4.012,3.577,3.633,184552.0
2025-01-02,3.656,3.801,3.541,3.66,156670.0
2025-01-03,3.669,3.68,3.33,3.354,188094.0
2025-01-06,3.554,3.726,3.502,3.672,228124.0
2025-01-07,3.705,3.738,3.427,3.449,182148.0
2025-01-08,3.448,3.694,3.427,3.651,189259.0
2025-01-09,3.682,3.83,3.552,3.701,145203.0
2025-01-10,3.709,4.018,3.685,3.989,229112.0
2025-01-13,4.347,4.369,3.845,3.934,195514.0
2025-01-14,3.93,4.059,3.736,3.968,167416.0
2025-01-15,3.955,4.141,3.859,4.083,169338.0
2025-01-16,4.13,4.328,4.018,4.258,193018.0
2025-01-17,4.28,4.308,3.91,3.948,204277.0
2025-01-21,3.815,3.914,3.719,3.756,209907.0
2025-01-22,3.786,4.009,3.711,3.96,128783.0
2025-01-23,4.001,4.048,3.861,3.945,120839.0
2025-01-24,3.933,4.05,3.808,4.027,87568.0
2025-01-27,3.785,3.827,3.609,3.697,66940.0
2025-01-28,3.699,3.72,3.361,3.471,63816.0
2025-01-29,3.335,3.588,3.313,3.535,3298.0
