DATETIME,OPEN,HIGH,LOW,FINAL,VOLUME
2009-03-30,7.911,7.911,7.911,7.911,0.0
2009-03-31,8.001,8.001,8.001,8.001,0.0
2009-04-01,7.992,7.992,7.992,7.992,0.0
2009-04-02,8.011,8.011,8.011,8.011,0.0
2009-04-03,8.004,8.004,8.004,8.004,0.0
2009-04-06,8.017,8.017,8.017,8.017,0.0
2009-04-07,7.982,7.982,7.982,7.982,0.0
2009-04-08,7.984,7.984,7.984,7.984,0.0
2009-04-09,7.977,7.977,7.977,7.977,0.0
2009-04-13,7.999,7.999,7.999,7.999,0.0
2009-04-14,8.08,8.08,8.08,8.08,0.0
2009-04-15,8.104,8.104,8.104,8.104,0.0
2009-04-16,8.145,8.145,8.145,8.145,0.0
2009-04-17,8.198,8.198,8.198,8.198,0.0
2009-04-20,8.169,8.169,8.169,8.169,0.0
2009-04-21,8.193,8.193,8.193,8.193,0.0
2009-04-22,8.232,8.232,8.232,8.232,0.0
2009-04-23,8.228,8.228,8.228,8.228,0.0
2009-04-24,8.216,8.216,8.216,8.216,0.0
2009-04-27,8.194,8.194,8.194,8.194,0.0
2009-04-28,8.119,8.119,8.119,8.119,0.0
2009-04-29,8.099,8.099,8.099,8.099,0.0
2009-04-30,8.088,8.088,8.088,8.088,0.0
2009-05-01,8.115,8.115,8.115,8.115,0.0
2009-05-04,8.199,8.199,8.199,8.199,0.0
2009-05-05,8.173,8.173,8.173,8.173,0.0
2009-05-06,8.171,8.171,8.171,8.171,0.0
2009-05-07,8.211,8.211,8.211,8.211,0.0
2009-05-08,8.153,8.153,8.153,8.153,0.0
2009-05-11,8.101,8.101,8.101,8.101,0.0
2009-05-12,8.073,8.073,8.073,8.073,0.0
2009-05-13,7.989,7.989,7.989,7.989,0.0
2009-05-14,8.058,8.058,8.058,8.058,0.0
2009-05-15,8.063,8.063,8.063,8.063,0.0
2009-05-18,8.172,8.172,8.172,8.172,0.0
2009-05-19,8.171,8.171,8.171,8.171,0.0
2009-05-20,8.208,8.208,8.208,8.208,0.0
2009-05-21,8.154,8.154,8.154,8.154,0.0
2009-05-22,8.234,8.234,8.234,8.234,0.0
2009-05-26,8.282,8.282,8.282,8.282,0.0
2009-05-27,8.301,8.301,8.301,8.301,0.0
2009-05-28,8.346,8.346,8.346,8.346,0.0
2009-05-29,8.306,8.306,8.306,8.306,0.0
2009-06-01,8.392,8.392,8.392,8.392,0.0
2009-06-02,8.319,8.319,8.319,8.319,0.0
2009-06-03,8.29,8.29,8.29,8.29,0.0
2009-06-04,8.55,8.55,8.55,8.55,0.0
2009-06-05,8.647,8.647,8.647,8.647,0.0
2009-06-08,8.669,8.669,8.669,8.669,0.0
2009-06-09,8.698,8.698,8.698,8.698,0.0
2009-06-10,8.634,8.634,8.634,8.634,0.0
2009-06-11,8.709,8.709,8.709,8.709,0.0
2009-06-12,8.645,8.645,8.645,8.645,0.0
2009-06-15,8.662,8.662,8.662,8.662,0.0
2009-06-16,8.643,8.643,8.643,8.643,0.0
2009-06-17,8.63,8.63,8.63,8.63,0.0
2009-06-18,8.547,8.547,8.547,8.547,0.0
2009-06-19,8.418,8.418,8.418,8.418,0.0
2009-06-22,8.338,8.338,8.338,8.338,0.0
2009-06-23,8.318,8.318,8.318,8.318,0.0
2009-06-24,8.347,8.347,8.347,8.347,0.0
2009-06-25,8.402,8.402,8.402,8.402,0.0
2009-06-26,8.471,8.471,8.471,8.471,0.0
2009-06-29,8.426,8.426,8.426,8.426,0.0
2009-06-30,8.46,8.46,8.46,8.46,0.0
2009-07-01,8.485,8.485,8.485,8.485,0.0
2009-07-02,8.492,8.492,8.492,8.492,0.0
2009-07-06,8.492,8.492,8.492,8.492,0.0
2009-07-07,8.469,8.469,8.469,8.469,0.0
2009-07-08,8.402,8.402,8.402,8.402,0.0
2009-07-09,8.397,8.397,8.397,8.397,0.0
2009-07-10,8.326,8.326,8.326,8.326,0.0
2009-07-13,8.227,8.227,8.227,8.227,0.0
2009-07-14,8.25,8.25,8.25,8.25,0.0
2009-07-15,8.199,8.199,8.199,8.199,0.0
2009-07-16,8.307,8.307,8.307,8.307,0.0
2009-07-17,8.235,8.235,8.235,8.235,0.0
2009-07-20,8.243,8.243,8.243,8.243,0.0
2009-07-21,8.21,8.21,8.21,8.21,0.0
2009-07-22,8.147,8.147,8.147,8.147,0.0
2009-07-23,8.151,8.151,8.151,8.151,0.0
2009-07-24,8.255,8.255,8.255,8.255,0.0
2009-07-27,8.239,8.239,8.239,8.239,0.0
2009-07-28,8.217,8.217,8.217,8.217,0.0
2009-07-29,8.144,8.144,8.144,8.144,0.0
2009-07-30,8.238,8.238,8.238,8.238,0.0
2009-07-31,8.216,8.216,8.216,8.216,0.0
2009-08-03,8.351,8.351,8.351,8.351,0.0
2009-08-04,8.295,8.295,8.295,8.295,0.0
2009-08-05,8.311,8.311,8.311,8.311,0.0
2009-08-06,8.236,8.236,8.236,8.236,0.0
2009-08-07,8.227,8.227,8.227,8.227,0.0
2009-08-10,8.247,8.247,8.247,8.247,0.0
2009-08-11,8.236,8.236,8.236,8.236,0.0
2009-08-12,8.246,8.246,8.246,8.246,0.0
2009-08-13,8.235,8.235,8.235,8.235,0.0
2009-08-14,8.209,8.209,8.209,8.209,0.0
2009-08-17,8.151,8.151,8.151,8.151,0.0
2009-08-18,8.113,8.113,8.113,8.113,0.0
2009-08-19,8.118,8.118,8.118,8.118,0.0
2009-08-20,8.109,8.109,8.109,8.109,0.0
2009-08-21,8.155,8.155,8.155,8.155,0.0
2009-08-24,8.208,8.208,8.208,8.208,0.0
2009-08-25,8.149,8.149,8.149,8.149,0.0
2009-08-26,8.138,8.138,8.138,8.138,0.0
2009-08-27,8.156,8.156,8.156,8.156,0.0
2009-08-28,8.133,8.133,8.133,8.133,0.0
2009-08-31,8.065,8.065,8.065,8.065,0.0
2009-09-01,7.965,7.965,7.965,7.965,0.0
2009-09-02,7.972,7.972,7.972,7.972,0.0
2009-09-03,7.919,7.919,7.919,7.919,0.0
2009-09-04,7.89,7.89,7.89,7.89,0.0
2009-09-08,7.966,7.966,7.966,7.966,0.0
2009-09-09,7.949,7.949,7.949,7.949,0.0
2009-09-10,8.13,8.13,8.13,8.13,0.0
2009-09-11,8.05,8.05,8.05,8.05,0.0
2009-09-14,8.131,8.131,8.131,8.131,0.0
2009-09-15,8.083,8.083,8.083,8.083,0.0
2009-09-16,8.255,8.255,8.255,8.255,0.0
2009-09-17,8.098,8.098,8.098,8.098,0.0
2009-09-18,8.258,8.258,8.258,8.258,0.0
2009-09-21,8.192,8.192,8.192,8.192,0.0
2009-09-22,8.292,8.292,8.292,8.292,0.0
2009-09-23,8.293,8.293,8.293,8.293,0.0
2009-09-24,8.281,8.281,8.281,8.281,0.0
2009-09-25,8.289,8.289,8.289,8.289,0.0
2009-09-28,8.241,8.241,8.241,8.241,0.0
2009-09-29,8.194,8.194,8.194,8.194,0.0
2009-09-30,8.176,8.176,8.176,8.176,0.0
2009-10-01,8.2,8.2,8.2,8.2,0.0
2009-10-02,8.278,8.278,8.278,8.278,0.0
2009-10-05,8.232,8.232,8.232,8.232,0.0
2009-10-06,8.189,8.189,8.189,8.189,0.0
2009-10-07,8.247,8.247,8.247,8.247,0.0
2009-10-08,8.279,8.279,8.279,8.279,0.0
2009-10-09,8.229,8.229,8.229,8.229,0.0
2009-10-12,8.329,8.329,8.329,8.329,0.0
2009-10-13,8.253,8.253,8.253,8.253,0.0
2009-10-14,8.292,8.292,8.292,8.292,0.0
2009-10-15,8.357,8.357,8.357,8.357,0.0
2009-10-16,8.49,8.49,8.49,8.49,0.0
2009-10-19,8.522,8.522,8.522,8.522,0.0
2009-10-20,8.511,8.511,8.511,8.511,0.0
2009-10-21,8.457,8.457,8.457,8.457,0.0
2009-10-22,8.409,8.409,8.409,8.409,0.0
2009-10-23,8.4,8.4,8.4,8.4,0.0
2009-10-26,8.296,8.296,8.296,8.296,0.0
2009-10-27,8.331,8.331,8.331,8.331,0.0
2009-10-28,8.492,8.492,8.492,8.492,0.0
2009-10-29,8.509,8.509,8.509,8.509,0.0
2009-10-30,8.548,8.548,8.548,8.548,0.0
2009-11-02,8.488,8.488,8.488,8.488,0.0
2009-11-03,8.533,8.533,8.533,8.533,0.0
2009-11-04,8.479,8.479,8.479,8.479,0.0
2009-11-05,8.525,8.525,8.525,8.525,0.0
2009-11-06,8.454,8.454,8.454,8.454,0.0
2009-11-09,8.489,8.489,8.489,8.489,0.0
2009-11-10,8.397,8.397,8.397,8.397,0.0
2009-11-11,8.363,8.363,8.363,8.363,0.0
2009-11-12,8.154,8.154,8.154,8.154,0.0
2009-11-13,8.046,8.046,8.046,8.046,0.0
2009-11-16,8.013,8.013,8.013,8.013,0.0
2009-11-17,8.005,8.005,8.005,8.005,0.0
2009-11-18,7.926,7.926,7.926,7.926,0.0
2009-11-19,7.98,7.98,7.98,7.98,0.0
2009-11-20,8.009,8.009,8.009,8.009,0.0
2009-11-23,8.09,8.09,8.09,8.09,0.0
2009-11-24,8.06,8.06,8.06,8.06,0.0
2009-11-25,8.308,8.308,8.308,8.308,0.0
2009-11-27,8.305,8.305,8.305,8.305,0.0
2009-11-30,8.219,8.219,8.219,8.219,0.0
2009-12-01,8.232,8.232,8.232,8.232,0.0
2009-12-02,8.251,8.251,8.251,8.251,0.0
2009-12-03,8.206,8.206,8.206,8.206,0.0
2009-12-04,8.3,8.3,8.3,8.3,0.0
2009-12-07,8.539,8.539,8.539,8.539,0.0
2009-12-08,8.44,8.44,8.44,8.44,0.0
2009-12-09,8.293,8.293,8.293,8.293,0.0
2009-12-10,8.332,8.332,8.332,8.332,0.0
2009-12-11,8.284,8.284,8.284,8.284,0.0
2009-12-14,8.357,8.357,8.357,8.357,0.0
2009-12-15,8.393,8.393,8.393,8.393,0.0
2009-12-16,8.388,8.388,8.388,8.388,0.0
2009-12-17,8.294,8.294,8.294,8.294,0.0
2009-12-18,8.213,8.213,8.213,8.213,0.0
2009-12-21,8.146,8.146,8.146,8.146,0.0
2009-12-22,8.147,8.147,8.147,8.147,0.0
2009-12-23,8.116,8.116,8.116,8.116,0.0
2009-12-24,8.1,8.1,8.1,8.1,0.0
2009-12-28,8.154,8.154,8.154,8.154,0.0
2009-12-29,8.093,8.093,8.093,8.093,0.0
2009-12-30,8.119,8.119,8.119,8.119,0.0
2009-12-31,8.14,8.14,8.14,8.14,0.0
2010-01-04,8.239,8.239,8.239,8.239,0.0
2010-01-05,8.163,8.163,8.163,8.163,0.0
2010-01-06,8.156,8.156,8.156,8.156,0.0
2010-01-07,8.07,8.07,8.07,8.07,0.0
2010-01-08,8.09,8.09,8.09,8.09,0.0
2010-01-11,8.076,8.076,8.076,8.076,0.0
2010-01-12,8.051,8.051,8.051,8.051,0.0
2010-01-13,8.062,8.062,8.062,8.062,0.0
2010-01-14,8.067,8.067,8.067,8.067,0.0
2010-01-15,8.073,8.073,8.073,8.073,0.0
2010-01-19,7.989,7.989,7.989,7.989,0.0
2010-01-20,8.007,8.007,8.007,8.007,0.0
2010-01-21,8.054,8.054,8.054,8.054,0.0
2010-01-22,8.09,8.09,8.09,8.09,0.0
2010-01-25,8.08,8.08,8.08,8.08,0.0
2010-01-26,8.066,8.066,8.066,8.066,0.0
2010-01-27,7.991,7.991,7.991,7.991,0.0
2010-01-28,7.975,7.975,7.975,7.975,0.0
2010-01-29,8.005,8.005,8.005,8.005,0.0
2010-02-01,8.08,8.08,8.08,8.08,0.0
2010-02-02,8.127,8.127,8.127,8.127,0.0
2010-02-03,8.101,8.101,8.101,8.101,0.0
2010-02-04,8.069,8.069,8.069,8.069,0.0
2010-02-05,8.081,8.081,8.081,8.081,0.0
2010-02-08,8.028,8.028,8.028,8.028,0.0
2010-02-09,7.997,7.997,7.997,7.997,0.0
2010-02-10,8.032,8.032,8.032,8.032,0.0
2010-02-11,8.027,8.027,8.027,8.027,0.0
2010-02-12,7.974,7.974,7.974,7.974,0.0
2010-02-16,7.91,7.91,7.91,7.91,0.0
2010-02-17,7.877,7.877,7.877,7.877,0.0
2010-02-18,7.842,7.842,7.842,7.842,0.0
2010-02-19,7.809,7.809,7.809,7.809,0.0
2010-02-22,7.825,7.825,7.825,7.825,0.0
2010-02-23,7.795,7.795,7.795,7.795,0.0
2010-02-24,7.786,7.786,7.786,7.786,0.0
2010-02-25,7.773,7.773,7.773,7.773,0.0
2010-02-26,7.775,7.775,7.775,7.775,0.0
2010-03-01,7.74,7.74,7.74,7.74,0.0
2010-03-02,7.722,7.722,7.722,7.722,0.0
2010-03-03,7.701,7.701,7.701,7.701,0.0
2010-03-04,7.591,7.591,7.591,7.591,0.0
2010-03-05,7.597,7.597,7.597,7.597,0.0
2010-03-08,7.608,7.608,7.608,7.608,0.0
2010-03-09,7.598,7.598,7.598,7.598,0.0
2010-03-10,7.635,7.635,7.635,7.635,0.0
2010-03-11,7.615,7.615,7.615,7.615,0.0
2010-03-12,7.716,7.716,7.716,7.716,0.0
2010-03-15,7.734,7.734,7.734,7.734,0.0
2010-03-16,7.798,7.798,7.798,7.798,0.0
2010-03-17,7.9,7.9,7.9,7.9,0.0
2010-03-18,7.966,7.966,7.966,7.966,0.0
2010-03-19,8.256,8.256,8.256,8.256,0.0
2010-03-22,8.207,8.207,8.207,8.207,0.0
2010-03-23,8.048,8.048,8.048,8.048,0.0
2010-03-24,7.949,7.949,7.949,7.949,0.0
2010-03-25,8.096,8.096,8.096,8.096,0.0
2010-03-26,8.008,8.008,8.008,8.008,0.0
2010-03-29,7.991,7.991,7.991,7.991,0.0
2010-03-30,8.081,8.081,8.081,8.081,0.0
2010-03-31,8.165,8.165,8.165,8.165,0.0
2010-04-01,8.206,8.206,8.206,8.206,0.0
2010-04-05,8.306,8.306,8.306,8.306,0.0
2010-04-06,8.19,8.19,8.19,8.19,0.0
2010-04-07,8.171,8.171,8.171,8.171,0.0
2010-04-08,8.116,8.116,8.116,8.116,0.0
2010-04-09,8.219,8.219,8.219,8.219,0.0
2010-04-12,8.178,8.178,8.178,8.178,0.0
2010-04-13,8.242,8.242,8.242,8.242,0.0
2010-04-14,8.282,8.282,8.282,8.282,0.0
2010-04-15,8.187,8.187,8.187,8.187,0.0
2010-04-16,8.158,8.158,8.158,8.158,0.0
2010-04-19,8.155,8.155,8.155,8.155,0.0
2010-04-20,8.234,8.234,8.234,8.234,0.0
2010-04-21,8.27,8.27,8.27,8.27,0.0
2010-04-22,8.351,8.351,8.351,8.351,0.0
2010-04-23,8.377,8.377,8.377,8.377,0.0
2010-04-26,8.354,8.354,8.354,8.354,0.0
2010-04-27,8.338,8.338,8.338,8.338,0.0
2010-04-28,8.344,8.344,8.344,8.344,0.0
2010-04-29,8.235,8.235,8.235,8.235,0.0
2010-04-30,8.219,8.219,8.219,8.219,0.0
2010-05-03,8.294,8.294,8.294,8.294,0.0
2010-05-04,8.368,8.368,8.368,8.368,0.0
2010-05-05,8.42,8.42,8.42,8.42,0.0
2010-05-06,8.412,8.412,8.412,8.412,0.0
2010-05-07,8.429,8.429,8.429,8.429,0.0
2010-05-10,8.459,8.459,8.459,8.459,0.0
2010-05-11,8.476,8.476,8.476,8.476,0.0
2010-05-12,8.516,8.516,8.516,8.516,0.0
2010-05-13,8.458,8.458,8.458,8.458,0.0
2010-05-14,8.351,8.351,8.351,8.351,0.0
2010-05-17,8.313,8.313,8.313,8.313,0.0
2010-05-18,8.248,8.248,8.248,8.248,0.0
2010-05-19,8.158,8.158,8.158,8.158,0.0
2010-05-20,8.123,8.123,8.123,8.123,0.0
2010-05-21,8.039,8.039,8.039,8.039,0.0
2010-05-24,8.013,8.013,8.013,8.013,0.0
2010-05-25,8.04,8.04,8.04,8.04,0.0
2010-05-26,8.015,8.015,8.015,8.015,0.0
2010-05-27,8.008,8.008,8.008,8.008,0.0
2010-05-28,7.973,7.973,7.973,7.973,0.0
2010-06-01,7.846,7.846,7.846,7.846,0.0
2010-06-02,7.86,7.86,7.86,7.86,0.0
2010-06-03,7.84,7.84,7.84,7.84,0.0
2010-06-04,7.774,7.774,7.774,7.774,0.0
2010-06-07,7.782,7.782,7.782,7.782,0.0
2010-06-08,7.742,7.742,7.742,7.742,0.0
2010-06-09,7.751,7.751,7.751,7.751,0.0
2010-06-10,7.818,7.818,7.818,7.818,0.0
2010-06-11,7.783,7.783,7.783,7.783,0.0
2010-06-14,7.69,7.69,7.69,7.69,0.0
2010-06-15,7.696,7.696,7.696,7.696,0.0
2010-06-16,7.819,7.819,7.819,7.819,0.0
2010-06-17,7.903,7.903,7.903,7.903,0.0
2010-06-18,7.982,7.982,7.982,7.982,0.0
2010-06-21,7.95,7.95,7.95,7.95,0.0
2010-06-22,7.967,7.967,7.967,7.967,0.0
2010-06-23,8.023,8.023,8.023,8.023,0.0
2010-06-24,8.033,8.033,8.033,8.033,0.0
2010-06-25,8.033,8.033,8.033,8.033,0.0
2010-06-28,7.941,7.941,7.941,7.941,0.0
2010-06-29,7.878,7.878,7.878,7.878,0.0
2010-06-30,7.859,7.859,7.859,7.859,0.0
2010-07-01,7.859,7.859,7.859,7.859,0.0
2010-07-02,7.783,7.783,7.783,7.783,0.0
2010-07-06,7.773,7.773,7.773,7.773,0.0
2010-07-07,7.889,7.889,7.889,7.889,0.0
2010-07-08,7.903,7.903,7.903,7.903,0.0
2010-07-09,7.926,7.926,7.926,7.926,0.0
2010-07-12,7.905,7.905,7.905,7.905,0.0
2010-07-13,7.84,7.84,7.84,7.84,0.0
2010-07-14,7.933,7.933,7.933,7.933,0.0
2010-07-15,7.995,7.995,7.995,7.995,0.0
2010-07-16,7.798,7.798,7.798,7.798,0.0
2010-07-19,7.783,7.783,7.783,7.783,0.0
2010-07-20,7.793,7.793,7.793,7.793,0.0
2010-07-21,7.791,7.791,7.791,7.791,0.0
2010-07-22,7.785,7.785,7.785,7.785,0.0
2010-07-23,7.706,7.706,7.706,7.706,0.0
2010-07-26,7.659,7.659,7.659,7.659,0.0
2010-07-27,7.388,7.388,7.388,7.388,0.0
2010-07-28,7.314,7.314,7.314,7.314,0.0
2010-07-29,7.106,7.106,7.106,7.106,0.0
2010-07-30,6.952,6.952,6.952,6.952,0.0
2010-08-02,7.008,7.008,7.008,7.008,0.0
2010-08-03,6.962,6.962,6.962,6.962,0.0
2010-08-04,6.98,6.98,6.98,6.98,0.0
2010-08-05,6.84,6.84,6.84,6.84,0.0
2010-08-06,6.711,6.711,6.711,6.711,0.0
2010-08-09,6.564,6.564,6.564,6.564,0.0
2010-08-10,6.396,6.396,6.396,6.396,0.0
2010-08-11,6.393,6.393,6.393,6.393,0.0
2010-08-12,6.412,6.412,6.412,6.412,0.0
2010-08-13,6.381,6.381,6.381,6.381,0.0
2010-08-16,6.243,6.243,6.243,6.243,0.0
2010-08-17,6.212,6.212,6.212,6.212,0.0
2010-08-18,6.33,6.33,6.33,6.33,0.0
2010-08-19,6.378,6.378,6.378,6.378,0.0
2010-08-20,6.487,6.487,6.487,6.487,0.0
2010-08-23,6.557,6.557,6.557,6.557,0.0
2010-08-24,6.567,6.567,6.567,6.567,0.0
2010-08-25,6.61,6.61,6.61,6.61,0.0
2010-08-26,6.744,6.744,6.744,6.744,0.0
2010-08-27,6.721,6.721,6.721,6.721,0.0
2010-08-30,6.682,6.682,6.682,6.682,0.0
2010-08-31,6.656,6.656,6.656,6.656,0.0
2010-09-01,6.61,6.61,6.61,6.61,0.0
2010-09-02,6.54,6.54,6.54,6.54,0.0
2010-09-03,6.578,6.578,6.578,6.578,0.0
2010-09-07,6.593,6.593,6.593,6.593,0.0
2010-09-08,6.625,6.625,6.625,6.625,0.0
2010-09-09,6.681,6.681,6.681,6.681,0.0
2010-09-10,6.721,6.721,6.721,6.721,0.0
2010-09-13,6.688,6.688,6.688,6.688,0.0
2010-09-14,6.635,6.635,6.635,6.635,0.0
2010-09-15,6.623,6.623,6.623,6.623,0.0
2010-09-16,6.458,6.458,6.458,6.458,0.0
2010-09-17,6.33,6.33,6.33,6.33,0.0
2010-09-20,6.272,6.272,6.272,6.272,0.0
2010-09-21,6.215,6.215,6.215,6.215,0.0
2010-09-22,6.225,6.225,6.225,6.225,0.0
2010-09-23,6.29,6.29,6.29,6.29,0.0
2010-09-24,6.283,6.283,6.283,6.283,0.0
2010-09-27,6.246,6.246,6.246,6.246,0.0
2010-09-28,6.304,6.304,6.304,6.304,0.0
2010-09-29,6.277,6.277,6.277,6.277,0.0
2010-09-30,6.26,6.26,6.26,6.26,0.0
2010-10-01,6.339,6.339,6.339,6.339,0.0
2010-10-04,6.47,6.47,6.47,6.47,0.0
2010-10-05,6.505,6.505,6.505,6.505,0.0
2010-10-06,6.55,6.55,6.55,6.55,0.0
2010-10-07,6.623,6.623,6.623,6.623,0.0
2010-10-08,6.638,6.638,6.638,6.638,0.0
2010-10-11,6.595,6.595,6.595,6.595,0.0
2010-10-12,6.568,6.568,6.568,6.568,0.0
2010-10-13,6.559,6.559,6.559,6.559,0.0
2010-10-14,6.577,6.577,6.577,6.577,0.0
2010-10-15,6.528,6.528,6.528,6.528,0.0
2010-10-18,6.524,6.524,6.524,6.524,0.0
2010-10-19,6.503,6.503,6.503,6.503,0.0
2010-10-20,6.494,6.494,6.494,6.494,0.0
2010-10-21,6.345,6.345,6.345,6.345,0.0
2010-10-22,6.274,6.274,6.274,6.274,0.0
2010-10-25,6.373,6.373,6.373,6.373,0.0
2010-10-26,6.568,6.568,6.568,6.568,0.0
2010-10-27,6.613,6.613,6.613,6.613,0.0
2010-10-28,6.353,6.353,6.353,6.353,0.0
2010-10-29,6.232,6.232,6.232,6.232,0.0
2010-11-01,6.292,6.292,6.292,6.292,0.0
2010-11-02,6.35,6.35,6.35,6.35,0.0
2010-11-03,6.324,6.324,6.324,6.324,0.0
2010-11-04,6.319,6.319,6.319,6.319,0.0
2010-11-05,6.326,6.326,6.326,6.326,0.0
2010-11-08,6.34,6.34,6.34,6.34,0.0
2010-11-09,6.335,6.335,6.335,6.335,0.0
2010-11-10,6.403,6.403,6.403,6.403,0.0
2010-11-11,6.463,6.463,6.463,6.463,0.0
2010-11-12,6.457,6.457,6.457,6.457,0.0
2010-11-15,6.528,6.528,6.528,6.528,0.0
2010-11-16,6.492,6.492,6.492,6.492,0.0
2010-11-17,6.499,6.499,6.499,6.499,0.0
2010-11-18,6.555,6.555,6.555,6.555,0.0
2010-11-19,6.575,6.575,6.575,6.575,0.0
2010-11-22,6.644,6.644,6.644,6.644,0.0
2010-11-23,6.624,6.624,6.624,6.624,0.0
2010-11-24,6.572,6.572,6.572,6.572,0.0
2010-11-26,6.58,6.58,6.58,6.58,0.0
2010-11-29,6.55,6.55,6.55,6.55,0.0
2010-11-30,6.58,6.58,6.58,6.58,0.0
2010-12-01,6.574,6.574,6.574,6.574,0.0
2010-12-02,6.566,6.566,6.566,6.566,0.0
2010-12-03,6.566,6.566,6.566,6.566,0.0
2010-12-06,6.41,6.41,6.41,6.41,0.0
2010-12-07,6.39,6.39,6.39,6.39,0.0
2010-12-08,6.397,6.397,6.397,6.397,0.0
2010-12-09,6.276,6.276,6.276,6.276,0.0
2010-12-10,6.263,6.263,6.263,6.263,0.0
2010-12-13,6.298,6.298,6.298,6.298,0.0
2010-12-14,6.343,6.343,6.343,6.343,0.0
2010-12-15,6.494,6.494,6.494,6.494,0.0
2010-12-16,6.492,6.492,6.492,6.492,0.0
2010-12-17,6.544,6.544,6.544,6.544,0.0
2010-12-20,6.521,6.521,6.521,6.521,0.0
2010-12-21,6.497,6.497,6.497,6.497,0.0
2010-12-22,6.476,6.476,6.476,6.476,0.0
2010-12-23,6.489,6.489,6.489,6.489,0.0
2010-12-27,6.503,6.503,6.503,6.503,0.0
2010-12-28,6.505,6.505,6.505,6.505,0.0
2010-12-29,6.475,6.475,6.475,6.475,0.0
2010-12-30,6.425,6.425,6.425,6.425,0.0
2010-12-31,6.447,6.447,6.447,6.447,0.0
2011-01-03,6.386,6.386,6.386,6.386,0.0
2011-01-04,6.41,6.41,6.41,6.41,0.0
2011-01-05,6.481,6.481,6.481,6.481,0.0
2011-01-06,6.464,6.464,6.464,6.464,0.0
2011-01-07,6.493,6.493,6.493,6.493,0.0
2011-01-10,6.51,6.51,6.51,6.51,0.0
2011-01-11,6.546,6.546,6.546,6.546,0.0
2011-01-12,6.475,6.475,6.475,6.475,0.0
2011-01-13,6.502,6.502,6.502,6.502,0.0
2011-01-14,6.524,6.524,6.524,6.524,0.0
2011-01-18,6.533,6.533,6.533,6.533,0.0
2011-01-19,6.499,6.499,6.499,6.499,0.0
2011-01-20,6.485,6.485,6.485,6.485,0.0
2011-01-21,6.474,6.474,6.474,6.474,0.0
2011-01-24,6.467,6.467,6.467,6.467,0.0
2011-01-25,6.513,6.513,6.513,6.513,0.0
2011-01-26,6.541,6.541,6.541,6.541,0.0
2011-01-27,6.596,6.596,6.596,6.596,0.0
2011-01-28,6.502,6.502,6.502,6.502,0.0
2011-01-31,6.507,6.507,6.507,6.507,0.0
2011-02-01,6.527,6.527,6.527,6.527,0.0
2011-02-02,6.55,6.55,6.55,6.55,0.0
2011-02-03,6.569,6.569,6.569,6.569,0.0
2011-02-04,6.58,6.58,6.58,6.58,0.0
2011-02-07,6.592,6.592,6.592,6.592,0.0
2011-02-08,6.641,6.641,6.641,6.641,0.0
2011-02-09,6.636,6.636,6.636,6.636,0.0
2011-02-10,6.626,6.626,6.626,6.626,0.0
2011-02-11,6.616,6.616,6.616,6.616,0.0
2011-02-14,6.599,6.599,6.599,6.599,0.0
2011-02-15,6.657,6.657,6.657,6.657,0.0
2011-02-16,6.762,6.762,6.762,6.762,0.0
2011-02-17,6.792,6.792,6.792,6.792,0.0
2011-02-18,6.801,6.801,6.801,6.801,0.0
2011-02-22,6.836,6.836,6.836,6.836,0.0
2011-02-23,6.814,6.814,6.814,6.814,0.0
2011-02-24,6.789,6.789,6.789,6.789,0.0
2011-02-25,6.799,6.799,6.799,6.799,0.0
2011-02-28,6.821,6.821,6.821,6.821,0.0
2011-03-01,6.893,6.893,6.893,6.893,0.0
2011-03-02,6.891,6.891,6.891,6.891,0.0
2011-03-03,6.886,6.886,6.886,6.886,0.0
2011-03-04,6.986,6.986,6.986,6.986,0.0
2011-03-07,6.998,6.998,6.998,6.998,0.0
2011-03-08,6.992,6.992,6.992,6.992,0.0
2011-03-09,6.976,6.976,6.976,6.976,0.0
2011-03-10,6.983,6.983,6.983,6.983,0.0
2011-03-11,6.987,6.987,6.987,6.987,0.0
2011-03-14,7.044,7.044,7.044,7.044,0.0
2011-03-15,7.332,7.332,7.332,7.332,0.0
2011-03-16,7.337,7.337,7.337,7.337,0.0
2011-03-17,7.309,7.309,7.309,7.309,0.0
2011-03-18,7.253,7.253,7.253,7.253,0.0
2011-03-21,7.171,7.171,7.171,7.171,0.0
2011-03-22,7.212,7.212,7.212,7.212,0.0
2011-03-23,7.239,7.239,7.239,7.239,0.0
2011-03-24,7.233,7.233,7.233,7.233,0.0
2011-03-25,7.331,7.331,7.331,7.331,0.0
2011-03-28,7.317,7.317,7.317,7.317,0.0
2011-03-29,7.263,7.263,7.263,7.263,0.0
2011-03-30,7.296,7.296,7.296,7.296,0.0
2011-03-31,7.376,7.376,7.376,7.376,0.0
2011-04-01,7.483,7.483,7.483,7.483,0.0
2011-04-04,7.504,7.504,7.504,7.504,0.0
2011-04-05,7.4,7.4,7.4,7.4,0.0
2011-04-06,7.402,7.402,7.402,7.402,0.0
2011-04-07,7.434,7.434,7.434,7.434,0.0
2011-04-08,7.51,7.51,7.51,7.51,0.0
2011-04-11,7.535,7.535,7.535,7.535,0.0
2011-04-12,7.473,7.473,7.473,7.473,0.0
2011-04-13,7.435,7.435,7.435,7.435,0.0
2011-04-14,7.422,7.422,7.422,7.422,0.0
2011-04-15,7.447,7.447,7.447,7.447,0.0
2011-04-18,7.442,7.442,7.442,7.442,0.0
2011-04-19,7.394,7.394,7.394,7.394,0.0
2011-04-20,7.301,7.301,7.301,7.301,0.0
2011-04-21,7.241,7.241,7.241,7.241,0.0
2011-04-25,7.238,7.238,7.238,7.238,0.0
2011-04-26,7.267,7.267,7.267,7.267,0.0
2011-04-27,7.234,7.234,7.234,7.234,0.0
2011-04-28,7.236,7.236,7.236,7.236,0.0
2011-04-29,7.174,7.174,7.174,7.174,0.0
2011-05-02,7.196,7.196,7.196,7.196,0.0
2011-05-03,7.266,7.266,7.266,7.266,0.0
2011-05-04,7.285,7.285,7.285,7.285,0.0
2011-05-05,7.199,7.199,7.199,7.199,0.0
2011-05-06,7.138,7.138,7.138,7.138,0.0
2011-05-09,7.151,7.151,7.151,7.151,0.0
2011-05-10,7.227,7.227,7.227,7.227,0.0
2011-05-11,7.281,7.281,7.281,7.281,0.0
2011-05-12,7.29,7.29,7.29,7.29,0.0
2011-05-13,7.29,7.29,7.29,7.29,0.0
2011-05-16,7.285,7.285,7.285,7.285,0.0
2011-05-17,7.254,7.254,7.254,7.254,0.0
2011-05-18,7.268,7.268,7.268,7.268,0.0
2011-05-19,7.191,7.191,7.191,7.191,0.0
2011-05-20,7.238,7.238,7.238,7.238,0.0
2011-05-23,7.377,7.377,7.377,7.377,0.0
2011-05-24,7.3,7.3,7.3,7.3,0.0
2011-05-25,7.309,7.309,7.309,7.309,0.0
2011-05-26,7.279,7.279,7.279,7.279,0.0
2011-05-27,7.315,7.315,7.315,7.315,0.0
2011-05-31,7.21,7.21,7.21,7.21,0.0
2011-06-01,7.186,7.186,7.186,7.186,0.0
2011-06-02,7.069,7.069,7.069,7.069,0.0
2011-06-03,7.018,7.018,7.018,7.018,0.0
2011-06-06,6.962,6.962,6.962,6.962,0.0
2011-06-07,6.969,6.969,6.969,6.969,0.0
2011-06-08,6.985,6.985,6.985,6.985,0.0
2011-06-09,6.895,6.895,6.895,6.895,0.0
2011-06-10,6.913,6.913,6.913,6.913,0.0
2011-06-13,6.886,6.886,6.886,6.886,0.0
2011-06-14,6.995,6.995,6.995,6.995,0.0
2011-06-15,7.019,7.019,7.019,7.019,0.0
2011-06-16,7.016,7.016,7.016,7.016,0.0
2011-06-17,7.06,7.06,7.06,7.06,0.0
2011-06-20,7.058,7.058,7.058,7.058,0.0
2011-06-21,6.92,6.92,6.92,6.92,0.0
2011-06-22,6.933,6.933,6.933,6.933,0.0
2011-06-23,6.917,6.917,6.917,6.917,0.0
2011-06-24,6.94,6.94,6.94,6.94,0.0
2011-06-27,6.929,6.929,6.929,6.929,0.0
2011-06-28,6.93,6.93,6.93,6.93,0.0
2011-06-29,6.902,6.902,6.902,6.902,0.0
2011-06-30,6.899,6.899,6.899,6.899,0.0
2011-07-01,6.899,6.899,6.899,6.899,0.0
2011-07-05,6.841,6.841,6.841,6.841,0.0
2011-07-06,6.841,6.841,6.841,6.841,0.0
2011-07-07,6.869,6.869,6.869,6.869,0.0
2011-07-08,6.936,6.936,6.936,6.936,0.0
2011-07-11,6.976,6.976,6.976,6.976,0.0
2011-07-12,6.976,6.976,6.976,6.976,0.0
2011-07-13,6.973,6.973,6.973,6.973,0.0
2011-07-14,6.951,6.951,6.951,6.951,0.0
2011-07-15,6.953,6.953,6.953,6.953,0.0
2011-07-18,6.933,6.933,6.933,6.933,0.0
2011-07-19,6.825,6.825,6.825,6.825,0.0
2011-07-20,6.776,6.776,6.776,6.776,0.0
2011-07-21,6.807,6.807,6.807,6.807,0.0
2011-07-22,6.783,6.783,6.783,6.783,0.0
2011-07-25,6.768,6.768,6.768,6.768,0.0
2011-07-26,6.763,6.763,6.763,6.763,0.0
2011-07-27,6.776,6.776,6.776,6.776,0.0
2011-07-28,6.802,6.802,6.802,6.802,0.0
2011-07-29,6.788,6.788,6.788,6.788,0.0
2011-08-01,6.842,6.842,6.842,6.842,0.0
2011-08-02,6.787,6.787,6.787,6.787,0.0
2011-08-03,6.738,6.738,6.738,6.738,0.0
2011-08-04,6.595,6.595,6.595,6.595,0.0
2011-08-05,6.522,6.522,6.522,6.522,0.0
2011-08-08,6.495,6.495,6.495,6.495,0.0
2011-08-09,6.471,6.471,6.471,6.471,0.0
2011-08-10,6.443,6.443,6.443,6.443,0.0
2011-08-11,6.496,6.496,6.496,6.496,0.0
2011-08-12,6.509,6.509,6.509,6.509,0.0
2011-08-15,6.573,6.573,6.573,6.573,0.0
2011-08-16,6.665,6.665,6.665,6.665,0.0
2011-08-17,6.632,6.632,6.632,6.632,0.0
2011-08-18,6.622,6.622,6.622,6.622,0.0
2011-08-19,6.66,6.66,6.66,6.66,0.0
2011-08-22,6.632,6.632,6.632,6.632,0.0
2011-08-23,6.65,6.65,6.65,6.65,0.0
2011-08-24,6.516,6.516,6.516,6.516,0.0
2011-08-25,6.507,6.507,6.507,6.507,0.0
2011-08-26,6.504,6.504,6.504,6.504,0.0
2011-08-29,6.473,6.473,6.473,6.473,0.0
2011-08-30,6.489,6.489,6.489,6.489,0.0
2011-08-31,6.507,6.507,6.507,6.507,0.0
2011-09-01,6.568,6.568,6.568,6.568,0.0
2011-09-02,6.548,6.548,6.548,6.548,0.0
2011-09-06,6.551,6.551,6.551,6.551,0.0
2011-09-07,6.518,6.518,6.518,6.518,0.0
2011-09-08,6.508,6.508,6.508,6.508,0.0
2011-09-09,6.455,6.455,6.455,6.455,0.0
2011-09-12,6.428,6.428,6.428,6.428,0.0
2011-09-13,6.45,6.45,6.45,6.45,0.0
2011-09-14,6.408,6.408,6.408,6.408,0.0
2011-09-15,6.388,6.388,6.388,6.388,0.0
2011-09-16,6.408,6.408,6.408,6.408,0.0
2011-09-19,6.398,6.398,6.398,6.398,0.0
2011-09-20,6.44,6.44,6.44,6.44,0.0
2011-09-21,6.44,6.44,6.44,6.44,0.0
2011-09-22,6.308,6.308,6.308,6.308,0.0
2011-09-23,6.314,6.314,6.314,6.314,0.0
2011-09-26,6.361,6.361,6.361,6.361,0.0
2011-09-27,6.443,6.443,6.443,6.443,0.0
2011-09-28,6.449,6.449,6.449,6.449,0.0
2011-09-29,6.43,6.43,6.43,6.43,0.0
2011-09-30,6.417,6.417,6.417,6.417,0.0
2011-10-03,6.403,6.403,6.403,6.403,0.0
2011-10-04,6.344,6.344,6.344,6.344,0.0
2011-10-05,6.317,6.317,6.317,6.317,0.0
2011-10-06,6.262,6.262,6.262,6.262,0.0
2011-10-07,6.224,6.224,6.224,6.224,0.0
2011-10-10,6.213,6.213,6.213,6.213,0.0
2011-10-11,6.183,6.183,6.183,6.183,0.0
2011-10-12,6.172,6.172,6.172,6.172,0.0
2011-10-13,6.199,6.199,6.199,6.199,0.0
2011-10-14,6.261,6.261,6.261,6.261,0.0
2011-10-17,6.248,6.248,6.248,6.248,0.0
2011-10-18,6.225,6.225,6.225,6.225,0.0
2011-10-19,6.227,6.227,6.227,6.227,0.0
2011-10-20,6.233,6.233,6.233,6.233,0.0
2011-10-21,6.235,6.235,6.235,6.235,0.0
2011-10-24,6.232,6.232,6.232,6.232,0.0
2011-10-25,6.268,6.268,6.268,6.268,0.0
2011-10-26,6.31,6.31,6.31,6.31,0.0
2011-10-27,6.315,6.315,6.315,6.315,0.0
2011-10-28,6.423,6.423,6.423,6.423,0.0
2011-10-31,6.423,6.423,6.423,6.423,0.0
2011-11-01,6.353,6.353,6.353,6.353,0.0
2011-11-02,6.312,6.312,6.312,6.312,0.0
2011-11-03,6.39,6.39,6.39,6.39,0.0
2011-11-04,6.38,6.38,6.38,6.38,0.0
2011-11-07,6.358,6.358,6.358,6.358,0.0
2011-11-08,6.316,6.316,6.316,6.316,0.0
2011-11-09,6.288,6.288,6.288,6.288,0.0
2011-11-10,6.238,6.238,6.238,6.238,0.0
2011-11-11,6.168,6.168,6.168,6.168,0.0
2011-11-14,6.146,6.146,6.146,6.146,0.0
2011-11-15,6.156,6.156,6.156,6.156,0.0
2011-11-16,6.131,6.131,6.131,6.131,0.0
2011-11-17,6.083,6.083,6.083,6.083,0.0
2011-11-18,6.042,6.042,6.042,6.042,0.0
2011-11-21,6.057,6.057,6.057,6.057,0.0
2011-11-22,6.036,6.036,6.036,6.036,0.0
2011-11-23,6.008,6.008,6.008,6.008,0.0
2011-11-25,6.047,6.047,6.047,6.047,0.0
2011-11-28,5.993,5.993,5.993,5.993,0.0
2011-11-29,6.099,6.099,6.099,6.099,0.0
2011-11-30,6.084,6.084,6.084,6.084,0.0
2011-12-01,6.069,6.069,6.069,6.069,0.0
2011-12-02,6.07,6.07,6.07,6.07,0.0
2011-12-05,6.07,6.07,6.07,6.07,0.0
2011-12-06,6.039,6.039,6.039,6.039,0.0
2011-12-07,6.053,6.053,6.053,6.053,0.0
2011-12-08,6.023,6.023,6.023,6.023,0.0
2011-12-09,5.971,5.971,5.971,5.971,0.0
2011-12-12,5.933,5.933,5.933,5.933,0.0
2011-12-13,5.852,5.852,5.852,5.852,0.0
2011-12-14,5.833,5.833,5.833,5.833,0.0
2011-12-15,5.795,5.795,5.795,5.795,0.0
2011-12-16,5.815,5.815,5.815,5.815,0.0
2011-12-19,5.812,5.812,5.812,5.812,0.0
2011-12-20,5.821,5.821,5.821,5.821,0.0
2011-12-21,5.778,5.778,5.778,5.778,0.0
2011-12-22,5.793,5.793,5.793,5.793,0.0
2011-12-23,5.778,5.778,5.778,5.778,0.0
2011-12-27,5.778,5.778,5.778,5.778,0.0
2011-12-28,5.758,5.758,5.758,5.758,0.0
2011-12-29,5.758,5.758,5.758,5.758,0.0
2011-12-30,5.758,5.758,5.758,5.758,0.0
2012-01-03,5.757,5.757,5.757,5.757,0.0
2012-01-04,5.764,5.764,5.764,5.764,0.0
2012-01-05,5.785,5.785,5.785,5.785,0.0
2012-01-06,5.825,5.825,5.825,5.825,0.0
2012-01-09,5.806,5.806,5.806,5.806,0.0
2012-01-10,5.768,5.768,5.768,5.768,0.0
2012-01-11,5.788,5.788,5.788,5.788,0.0
2012-01-12,5.765,5.765,5.765,5.765,0.0
2012-01-13,5.756,5.756,5.756,5.756,0.0
2012-01-17,5.719,5.719,5.719,5.719,0.0
2012-01-18,5.63,5.63,5.63,5.63,0.0
2012-01-19,5.587,5.587,5.587,5.587,0.0
2012-01-20,5.428,5.428,5.428,5.428,0.0
2012-01-23,5.437,5.437,5.437,5.437,0.0
2012-01-24,5.473,5.473,5.473,5.473,0.0
2012-01-25,5.494,5.494,5.494,5.494,0.0
2012-01-26,5.412,5.412,5.412,5.412,0.0
2012-01-27,5.444,5.444,5.444,5.444,0.0
2012-01-30,5.419,5.419,5.419,5.419,0.0
2012-01-31,5.374,5.374,5.374,5.374,0.0
2012-02-01,5.336,5.336,5.336,5.336,0.0
2012-02-02,5.432,5.432,5.432,5.432,0.0
2012-02-03,5.456,5.456,5.456,5.456,0.0
2012-02-06,5.515,5.515,5.515,5.515,0.0
2012-02-07,5.423,5.423,5.423,5.423,0.0
2012-02-08,5.377,5.377,5.377,5.377,0.0
2012-02-09,5.276,5.276,5.276,5.276,0.0
2012-02-10,5.334,5.334,5.334,5.334,0.0
2012-02-13,5.334,5.334,5.334,5.334,0.0
2012-02-14,5.348,5.348,5.348,5.348,0.0
2012-02-15,5.348,5.348,5.348,5.348,0.0
2012-02-16,5.316,5.316,5.316,5.316,0.0
2012-02-17,5.336,5.336,5.336,5.336,0.0
2012-02-21,5.305,5.305,5.305,5.305,0.0
2012-02-22,5.386,5.386,5.386,5.386,0.0
2012-02-23,5.393,5.393,5.393,5.393,0.0
2012-02-24,5.362,5.362,5.362,5.362,0.0
2012-02-27,5.312,5.312,5.312,5.312,0.0
2012-02-28,5.28,5.28,5.28,5.28,0.0
2012-02-29,5.29,5.29,5.29,5.29,0.0
2012-03-01,5.245,5.245,5.245,5.245,0.0
2012-03-02,5.284,5.284,5.284,5.284,0.0
2012-03-05,5.211,5.211,5.211,5.211,0.0
2012-03-06,5.139,5.139,5.139,5.139,0.0
2012-03-07,5.094,5.094,5.094,5.094,0.0
2012-03-08,5.095,5.095,5.095,5.095,0.0
2012-03-09,5.202,5.202,5.202,5.202,0.0
2012-03-12,5.181,5.181,5.181,5.181,0.0
2012-03-13,5.23,5.23,5.23,5.23,0.0
2012-03-14,5.309,5.309,5.309,5.309,0.0
2012-03-15,5.309,5.309,5.309,5.309,0.0
2012-03-16,5.291,5.291,5.291,5.291,0.0
2012-03-19,5.307,5.307,5.307,5.307,0.0
2012-03-20,5.276,5.276,5.276,5.276,0.0
2012-03-21,5.266,5.266,5.266,5.266,0.0
2012-03-22,5.253,5.253,5.253,5.253,0.0
2012-03-23,5.268,5.268,5.268,5.268,0.0
2012-03-26,5.275,5.275,5.275,5.275,0.0
2012-03-27,5.27,5.27,5.27,5.27,0.0
2012-03-28,5.282,5.282,5.282,5.282,0.0
2012-03-29,5.229,5.229,5.229,5.229,0.0
2012-03-30,5.297,5.297,5.297,5.297,0.0
2012-04-02,5.302,5.302,5.302,5.302,0.0
2012-04-03,5.302,5.302,5.302,5.302,0.0
2012-04-04,5.29,5.29,5.29,5.29,0.0
2012-04-05,5.252,5.252,5.252,5.252,0.0
2012-04-09,5.272,5.272,5.272,5.272,0.0
2012-04-10,5.251,5.251,5.251,5.251,0.0
2012-04-11,5.2,5.2,5.2,5.2,0.0
2012-04-12,5.114,5.114,5.114,5.114,0.0
2012-04-13,5.102,5.102,5.102,5.102,0.0
2012-04-16,5.072,5.072,5.072,5.072,0.0
2012-04-17,5.011,5.011,5.011,5.011,0.0
2012-04-18,4.989,4.989,4.989,4.989,0.0
2012-04-19,4.962,4.962,4.962,4.962,0.0
2012-04-20,4.903,4.903,4.903,4.903,0.0
2012-04-23,4.872,4.872,4.872,4.872,0.0
2012-04-24,4.906,4.906,4.906,4.906,0.0
2012-04-25,4.815,4.815,4.815,4.815,0.0
2012-04-26,4.839,4.839,4.839,4.839,0.0
2012-04-27,4.873,4.873,4.873,4.873,0.0
2012-04-30,4.913,4.913,4.913,4.913,0.0
2012-05-01,4.915,4.915,4.915,4.915,0.0
2012-05-02,4.918,4.918,4.918,4.918,0.0
2012-05-03,4.925,4.925,4.925,4.925,0.0
2012-05-04,4.917,4.917,4.917,4.917,0.0
2012-05-07,4.927,4.927,4.927,4.927,0.0
2012-05-08,4.92,4.92,4.92,4.92,0.0
2012-05-09,4.949,4.949,4.949,4.949,0.0
2012-05-10,4.934,4.934,4.934,4.934,0.0
2012-05-11,4.914,4.914,4.914,4.914,0.0
2012-05-14,4.922,4.922,4.922,4.922,0.0
2012-05-15,4.964,4.964,4.964,4.964,0.0
2012-05-16,4.992,4.992,4.992,4.992,0.0
2012-05-17,4.981,4.981,4.981,4.981,0.0
2012-05-18,5.027,5.027,5.027,5.027,0.0
2012-05-21,4.967,4.967,4.967,4.967,0.0
2012-05-22,5.008,5.008,5.008,5.008,0.0
2012-05-23,4.992,4.992,4.992,4.992,0.0
2012-05-24,4.996,4.996,4.996,4.996,0.0
2012-05-25,5.041,5.041,5.041,5.041,0.0
2012-05-29,4.997,4.997,4.997,4.997,0.0
2012-05-30,4.955,4.955,4.955,4.955,0.0
2012-05-31,5.01,5.01,5.01,5.01,0.0
2012-06-01,4.97,4.97,4.97,4.97,0.0
2012-06-04,4.972,4.972,4.972,4.972,0.0
2012-06-05,4.914,4.914,4.914,4.914,0.0
2012-06-06,4.909,4.909,4.909,4.909,0.0
2012-06-07,4.888,4.888,4.888,4.888,0.0
2012-06-08,4.909,4.909,4.909,4.909,0.0
2012-06-11,4.872,4.872,4.872,4.872,0.0
2012-06-12,4.872,4.872,4.872,4.872,0.0
2012-06-13,4.861,4.861,4.861,4.861,0.0
2012-06-14,4.891,4.891,4.891,4.891,0.0
2012-06-15,4.817,4.817,4.817,4.817,0.0
2012-06-18,4.778,4.778,4.778,4.778,0.0
2012-06-19,4.808,4.808,4.808,4.808,0.0
2012-06-20,4.808,4.808,4.808,4.808,0.0
2012-06-21,4.783,4.783,4.783,4.783,0.0
2012-06-22,4.775,4.775,4.775,4.775,0.0
2012-06-25,4.802,4.802,4.802,4.802,0.0
2012-06-26,4.847,4.847,4.847,4.847,0.0
2012-06-27,4.865,4.865,4.865,4.865,0.0
2012-06-28,4.863,4.863,4.863,4.863,0.0
2012-06-29,4.861,4.861,4.861,4.861,0.0
2012-07-02,4.872,4.872,4.872,4.872,0.0
2012-07-03,4.908,4.908,4.908,4.908,0.0
2012-07-05,4.911,4.911,4.911,4.911,0.0
2012-07-06,4.863,4.863,4.863,4.863,0.0
2012-07-09,4.922,4.922,4.922,4.922,0.0
2012-07-10,4.915,4.915,4.915,4.915,0.0
2012-07-11,4.962,4.962,4.962,4.962,0.0
2012-07-12,4.951,4.951,4.951,4.951,0.0
2012-07-13,4.954,4.954,4.954,4.954,0.0
2012-07-16,4.905,4.905,4.905,4.905,0.0
2012-07-17,4.965,4.965,4.965,4.965,0.0
2012-07-18,5.025,5.025,5.025,5.025,0.0
2012-07-19,4.989,4.989,4.989,4.989,0.0
2012-07-20,5.011,5.011,5.011,5.011,0.0
2012-07-23,5.02,5.02,5.02,5.02,0.0
2012-07-24,5.057,5.057,5.057,5.057,0.0
2012-07-25,5.064,5.064,5.064,5.064,0.0
2012-07-26,5.107,5.107,5.107,5.107,0.0
2012-07-27,5.109,5.109,5.109,5.109,0.0
2012-07-30,5.177,5.177,5.177,5.177,0.0
2012-07-31,5.137,5.137,5.137,5.137,0.0
2012-08-01,5.102,5.102,5.102,5.102,0.0
2012-08-02,4.982,4.982,4.982,4.982,0.0
2012-08-03,4.954,4.954,4.954,4.954,0.0
2012-08-06,5.134,5.134,5.134,5.134,0.0
2012-08-07,5.128,5.128,5.128,5.128,0.0
2012-08-08,5.308,5.308,5.308,5.308,0.0
2012-08-09,5.208,5.208,5.208,5.208,0.0
2012-08-10,5.145,5.145,5.145,5.145,0.0
2012-08-13,5.118,5.118,5.118,5.118,0.0
2012-08-14,5.16,5.16,5.16,5.16,0.0
2012-08-15,5.221,5.221,5.221,5.221,0.0
2012-08-16,5.194,5.194,5.194,5.194,0.0
2012-08-17,5.192,5.192,5.192,5.192,0.0
2012-08-20,5.231,5.231,5.231,5.231,0.0
2012-08-21,5.2,5.2,5.2,5.2,0.0
2012-08-22,5.191,5.191,5.191,5.191,0.0
2012-08-23,5.174,5.174,5.174,5.174,0.0
2012-08-24,5.131,5.131,5.131,5.131,0.0
2012-08-27,5.106,5.106,5.106,5.106,0.0
2012-08-28,5.051,5.051,5.051,5.051,0.0
2012-08-29,5.077,5.077,5.077,5.077,0.0
2012-08-30,5.084,5.084,5.084,5.084,0.0
2012-08-31,5.073,5.073,5.073,5.073,0.0
2012-09-04,5.078,5.078,5.078,5.078,0.0
2012-09-05,5.068,5.068,5.068,5.068,0.0
2012-09-06,5.054,5.054,5.054,5.054,0.0
2012-09-07,5.014,5.014,5.014,5.014,0.0
2012-09-10,5.028,5.028,5.028,5.028,0.0
2012-09-11,5.068,5.068,5.068,5.068,0.0
2012-09-12,5.143,5.143,5.143,5.143,0.0
2012-09-13,5.138,5.138,5.138,5.138,0.0
2012-09-14,5.128,5.128,5.128,5.128,0.0
2012-09-17,5.109,5.109,5.109,5.109,0.0
2012-09-18,5.182,5.182,5.182,5.182,0.0
2012-09-19,5.182,5.182,5.182,5.182,0.0
2012-09-20,5.186,5.186,5.186,5.186,0.0
2012-09-21,5.245,5.245,5.245,5.245,0.0
2012-09-24,5.229,5.229,5.229,5.229,0.0
2012-09-25,5.251,5.251,5.251,5.251,0.0
2012-09-26,5.254,5.254,5.254,5.254,0.0
2012-09-27,5.278,5.278,5.278,5.278,0.0
2012-09-28,5.29,5.29,5.29,5.29,0.0
2012-10-01,5.319,5.319,5.319,5.319,0.0
2012-10-02,5.281,5.281,5.281,5.281,0.0
2012-10-03,5.259,5.259,5.259,5.259,0.0
2012-10-04,5.267,5.267,5.267,5.267,0.0
2012-10-05,5.317,5.317,5.317,5.317,0.0
2012-10-08,5.356,5.356,5.356,5.356,0.0
2012-10-09,5.362,5.362,5.362,5.362,0.0
2012-10-10,5.34,5.34,5.34,5.34,0.0
2012-10-11,5.368,5.368,5.368,5.368,0.0
2012-10-12,5.329,5.329,5.329,5.329,0.0
2012-10-15,5.295,5.295,5.295,5.295,0.0
2012-10-16,5.301,5.301,5.301,5.301,0.0
2012-10-17,5.349,5.349,5.349,5.349,0.0
2012-10-18,5.318,5.318,5.318,5.318,0.0
2012-10-19,5.316,5.316,5.316,5.316,0.0
2012-10-22,5.305,5.305,5.305,5.305,0.0
2012-10-23,5.345,5.345,5.345,5.345,0.0
2012-10-24,5.324,5.324,5.324,5.324,0.0
2012-10-25,5.354,5.354,5.354,5.354,0.0
2012-10-26,5.359,5.359,5.359,5.359,0.0
2012-10-29,5.428,5.428,5.428,5.428,0.0
2012-10-30,5.359,5.359,5.359,5.359,0.0
2012-10-31,5.356,5.356,5.356,5.356,0.0
2012-11-01,5.363,5.363,5.363,5.363,0.0
2012-11-02,5.262,5.262,5.262,5.262,0.0
2012-11-05,5.229,5.229,5.229,5.229,0.0
2012-11-06,5.278,5.278,5.278,5.278,0.0
2012-11-07,5.254,5.254,5.254,5.254,0.0
2012-11-08,5.297,5.297,5.297,5.297,0.0
2012-11-09,5.236,5.236,5.236,5.236,0.0
2012-11-12,5.286,5.286,5.286,5.286,0.0
2012-11-13,5.325,5.325,5.325,5.325,0.0
2012-11-14,5.292,5.292,5.292,5.292,0.0
2012-11-15,5.213,5.213,5.213,5.213,0.0
2012-11-16,5.211,5.211,5.211,5.211,0.0
2012-11-19,5.176,5.176,5.176,5.176,0.0
2012-11-20,5.217,5.217,5.217,5.217,0.0
2012-11-21,5.206,5.206,5.206,5.206,0.0
2012-11-23,5.193,5.193,5.193,5.193,0.0
2012-11-26,5.157,5.157,5.157,5.157,0.0
2012-11-27,5.187,5.187,5.187,5.187,0.0
2012-11-28,5.179,5.179,5.179,5.179,0.0
2012-11-29,5.098,5.098,5.098,5.098,0.0
2012-11-30,5.079,5.079,5.079,5.079,0.0
2012-12-03,5.113,5.113,5.113,5.113,0.0
2012-12-04,5.088,5.088,5.088,5.088,0.0
2012-12-05,5.148,5.148,5.148,5.148,0.0
2012-12-06,5.135,5.135,5.135,5.135,0.0
2012-12-07,5.112,5.112,5.112,5.112,0.0
2012-12-10,5.119,5.119,5.119,5.119,2.0
2012-12-11,5.092,5.092,5.092,5.092,0.0
2012-12-12,5.086,5.086,5.086,5.086,0.0
2012-12-13,5.093,5.093,5.093,5.093,0.0
2012-12-14,5.089,5.089,5.089,5.089,0.0
2012-12-17,5.134,5.134,5.134,5.134,0.0
2012-12-18,5.261,5.261,5.261,5.261,0.0
2012-12-19,5.231,5.231,5.231,5.231,0.0
2012-12-20,5.297,5.297,5.297,5.297,0.0
2012-12-21,5.279,5.279,5.279,5.279,0.0
2012-12-24,5.242,5.242,5.242,5.242,0.0
2012-12-26,5.262,5.262,5.262,5.262,0.0
2012-12-27,5.245,5.245,5.245,5.245,0.0
2012-12-28,5.24,5.24,5.24,5.24,0.0
2012-12-31,5.199,5.199,5.199,5.199,0.0
2013-01-02,5.163,5.163,5.163,5.163,0.0
2013-01-03,5.158,5.158,5.158,5.158,0.0
2013-01-04,5.211,5.211,5.211,5.211,0.0
2013-01-07,5.192,5.192,5.192,5.192,0.0
2013-01-08,5.17,5.17,5.17,5.17,0.0
2013-01-09,5.14,5.14,5.14,5.14,0.0
2013-01-10,5.162,5.162,5.162,5.162,0.0
2013-01-11,5.129,5.129,5.129,5.129,0.0
2013-01-14,5.116,5.116,5.116,5.116,0.0
2013-01-15,5.123,5.123,5.123,5.123,0.0
2013-01-16,5.123,5.123,5.123,5.123,0.0
2013-01-17,5.116,5.116,5.116,5.116,0.0
2013-01-18,5.147,5.147,5.147,5.147,0.0
2013-01-22,5.141,5.141,5.141,5.141,0.0
2013-01-23,5.176,5.176,5.176,5.176,0.0
2013-01-24,5.147,5.147,5.147,5.147,0.0
2013-01-25,5.167,5.167,5.167,5.167,0.0
2013-01-28,5.107,5.107,5.107,5.107,0.0
2013-01-29,5.078,5.078,5.078,5.078,0.0
2013-01-30,5.102,5.102,5.102,5.102,0.0
2013-01-31,5.093,5.093,5.093,5.093,0.0
2013-02-01,5.044,5.044,5.044,5.044,0.0
2013-02-04,5.064,5.064,5.064,5.064,0.0
2013-02-05,5.092,5.092,5.092,5.092,0.0
2013-02-06,5.092,5.092,5.092,5.092,0.0
2013-02-07,5.068,5.068,5.068,5.068,0.0
2013-02-08,5.113,5.113,5.113,5.113,0.0
2013-02-11,5.123,5.123,5.123,5.123,0.0
2013-02-12,5.128,5.128,5.128,5.128,0.0
2013-02-13,5.162,5.162,5.162,5.162,0.0
2013-02-14,5.138,5.138,5.138,5.138,0.0
2013-02-15,5.119,5.119,5.119,5.119,0.0
2013-02-19,5.165,5.165,5.165,5.165,0.0
2013-02-20,5.143,5.143,5.143,5.143,0.0
2013-02-21,5.116,5.116,5.116,5.116,0.0
2013-02-22,5.113,5.113,5.113,5.113,0.0
2013-02-25,5.114,5.114,5.114,5.114,0.0
2013-02-26,5.113,5.113,5.113,5.113,0.0
2013-02-27,5.106,5.106,5.106,5.106,0.0
2013-02-28,5.127,5.127,5.127,5.127,0.0
2013-03-01,5.135,5.135,5.135,5.135,0.0
2013-03-04,5.186,5.186,5.186,5.186,0.0
2013-03-05,5.174,5.174,5.174,5.174,0.0
2013-03-06,5.144,5.144,5.144,5.144,0.0
2013-03-07,5.174,5.174,5.174,5.174,0.0
2013-03-08,5.17,5.17,5.17,5.17,0.0
2013-03-11,5.163,5.163,5.163,5.163,0.0
2013-03-12,5.133,5.133,5.133,5.133,0.0
2013-03-13,5.138,5.138,5.138,5.138,0.0
2013-03-14,5.13,5.13,5.13,5.13,0.0
2013-03-15,5.133,5.133,5.133,5.133,0.0
2013-03-18,5.118,5.118,5.118,5.118,0.0
2013-03-19,5.143,5.143,5.143,5.143,0.0
2013-03-20,5.137,5.137,5.137,5.137,0.0
2013-03-21,5.074,5.074,5.074,5.074,0.0
2013-03-22,5.066,5.066,5.066,5.066,0.0
2013-03-25,5.032,5.032,5.032,5.032,0.0
2013-03-26,5.044,5.044,5.044,5.044,0.0
2013-03-27,5.029,5.029,5.029,5.029,0.0
2013-03-28,4.996,4.996,4.996,4.996,0.0
2013-04-01,4.985,4.985,4.985,4.985,0.0
2013-04-02,4.948,4.948,4.948,4.948,0.0
2013-04-03,4.964,4.964,4.964,4.964,0.0
2013-04-04,4.976,4.976,4.976,4.976,0.0
2013-04-05,4.953,4.953,4.953,4.953,0.0
2013-04-08,4.884,4.884,4.884,4.884,0.0
2013-04-09,4.759,4.759,4.759,4.759,0.0
2013-04-10,4.703,4.703,4.703,4.703,0.0
2013-04-11,4.782,4.782,4.782,4.782,0.0
2013-04-12,4.931,4.931,4.931,4.931,0.0
2013-04-15,4.942,4.942,4.942,4.942,0.0
2013-04-16,5.003,5.003,5.003,5.003,0.0
2013-04-17,5.007,5.007,5.007,5.007,0.0
2013-04-18,4.997,4.997,4.997,4.997,0.0
2013-04-19,4.997,4.997,4.997,4.997,0.0
2013-04-22,4.985,4.985,4.985,4.985,0.0
2013-04-23,4.973,4.973,4.973,4.973,0.0
2013-04-24,4.888,4.888,4.888,4.888,0.0
2013-04-25,4.879,4.879,4.879,4.879,0.0
2013-04-26,4.881,4.881,4.881,4.881,0.0
2013-04-29,4.894,4.894,4.894,4.894,0.0
2013-04-30,4.884,4.884,4.884,4.884,0.0
2013-05-01,4.869,4.869,4.869,4.869,0.0
2013-05-02,4.862,4.862,4.862,4.862,0.0
2013-05-03,4.905,4.905,4.905,4.905,0.0
2013-05-06,4.956,4.956,4.956,4.956,0.0
2013-05-07,4.955,4.955,4.955,4.955,0.0
2013-05-08,4.939,4.939,4.939,4.939,0.0
2013-05-09,4.911,4.911,4.911,4.911,0.0
2013-05-10,4.893,4.893,4.893,4.893,0.0
2013-05-13,4.903,4.903,4.903,4.903,0.0
2013-05-14,4.934,4.934,4.934,4.934,0.0
2013-05-15,4.916,4.916,4.916,4.916,0.0
2013-05-16,4.913,4.913,4.913,4.913,0.0
2013-05-17,5.07,5.07,5.07,5.07,0.0
2013-05-20,5.213,5.213,5.213,5.213,0.0
2013-05-21,5.265,5.265,5.265,5.265,0.0
2013-05-22,5.316,5.316,5.316,5.316,0.0
2013-05-23,5.304,5.304,5.304,5.304,0.0
2013-05-24,5.295,5.295,5.295,5.295,0.0
2013-05-28,5.284,5.284,5.284,5.284,0.0
2013-05-29,5.275,5.275,5.275,5.275,0.0
2013-05-30,5.235,5.235,5.235,5.235,0.0
2013-05-31,5.249,5.249,5.249,5.249,0.0
2013-06-03,5.258,5.258,5.258,5.258,0.0
2013-06-04,5.237,5.237,5.237,5.237,0.0
2013-06-05,5.209,5.209,5.209,5.209,0.0
2013-06-06,5.154,5.154,5.154,5.154,0.0
2013-06-07,5.169,5.169,5.169,5.169,0.0
2013-06-10,5.153,5.153,5.153,5.153,0.0
2013-06-11,5.078,5.078,5.078,5.078,0.0
2013-06-12,5.052,5.052,5.052,5.052,0.0
2013-06-13,5.066,5.066,5.066,5.066,0.0
2013-06-14,5.041,5.041,5.041,5.041,0.0
2013-06-17,5.082,5.082,5.082,5.082,0.0
2013-06-18,5.125,5.125,5.125,5.125,0.0
2013-06-19,5.107,5.107,5.107,5.107,0.0
2013-06-20,5.059,5.059,5.059,5.059,0.0
2013-06-21,5.098,5.098,5.098,5.098,0.0
2013-06-24,5.198,5.198,5.198,5.198,0.0
2013-06-25,5.245,5.245,5.245,5.245,0.0
2013-06-26,5.292,5.292,5.292,5.292,0.0
2013-06-27,5.231,5.231,5.231,5.231,0.0
2013-06-28,5.263,5.263,5.263,5.263,0.0
2013-07-01,5.198,5.198,5.198,5.198,0.0
2013-07-02,5.233,5.233,5.233,5.233,0.0
2013-07-03,5.255,5.255,5.255,5.255,0.0
2013-07-05,5.214,5.214,5.214,5.214,0.0
2013-07-08,5.261,5.261,5.261,5.261,0.0
2013-07-09,5.189,5.189,5.189,5.189,0.0
2013-07-10,5.175,5.175,5.175,5.175,0.0
2013-07-11,5.171,5.171,5.171,5.171,0.0
2013-07-12,5.166,5.166,5.166,5.166,0.0
2013-07-15,5.187,5.187,5.187,5.187,0.0
2013-07-16,5.186,5.186,5.186,5.186,0.0
2013-07-17,5.188,5.188,5.188,5.188,0.0
2013-07-18,5.141,5.141,5.141,5.141,0.0
2013-07-19,5.095,5.095,5.095,5.095,0.0
2013-07-22,5.071,5.071,5.071,5.071,0.0
2013-07-23,5.04,5.04,5.04,5.04,0.0
2013-07-24,5.059,5.059,5.059,5.059,0.0
2013-07-25,5.084,5.084,5.084,5.084,0.0
2013-07-26,5.044,5.044,5.044,5.044,0.0
2013-07-29,5.044,5.044,5.044,5.044,0.0
2013-07-30,5.011,5.011,5.011,5.011,0.0
2013-07-31,5.029,5.029,5.029,5.029,0.0
2013-08-01,5.019,5.019,5.019,5.019,0.0
2013-08-02,5.004,5.004,5.004,5.004,0.0
2013-08-05,5.007,5.007,5.007,5.007,0.0
2013-08-06,4.985,4.985,4.985,4.985,0.0
2013-08-07,4.997,4.997,4.997,4.997,0.0
2013-08-08,4.999,4.999,4.999,4.999,0.0
2013-08-09,4.964,4.964,4.964,4.964,0.0
2013-08-12,4.924,4.924,4.924,4.924,0.0
2013-08-13,4.892,4.892,4.892,4.892,0.0
2013-08-14,4.852,4.852,4.852,4.852,0.0
2013-08-15,4.88,4.88,4.88,4.88,0.0
2013-08-16,4.862,4.862,4.862,4.862,0.0
2013-08-19,4.873,4.873,4.873,4.873,0.0
2013-08-20,4.854,4.854,4.854,4.854,0.0
2013-08-21,4.82,4.82,4.82,4.82,0.0
2013-08-22,4.851,4.851,4.851,4.851,0.0
2013-08-23,4.821,4.821,4.821,4.821,0.0
2013-08-26,4.803,4.803,4.803,4.803,0.0
2013-08-27,4.776,4.776,4.776,4.776,0.0
2013-08-28,4.783,4.783,4.783,4.783,0.0
2013-08-29,4.793,4.793,4.793,4.793,0.0
2013-08-30,4.805,4.805,4.805,4.805,0.0
2013-09-03,4.814,4.814,4.814,4.814,0.0
2013-09-04,4.786,4.786,4.786,4.786,0.0
2013-09-05,4.757,4.757,4.757,4.757,0.0
2013-09-06,4.749,4.749,4.749,4.749,0.0
2013-09-09,4.744,4.744,4.744,4.744,0.0
2013-09-10,4.753,4.753,4.753,4.753,0.0
2013-09-11,4.74,4.74,4.74,4.74,0.0
2013-09-12,4.729,4.729,4.729,4.729,0.0
2013-09-13,4.749,4.749,4.749,4.749,0.0
2013-09-16,4.751,4.751,4.751,4.751,0.0
2013-09-17,4.726,4.726,4.726,4.726,0.0
2013-09-18,4.774,4.774,4.774,4.774,0.0
2013-09-19,4.803,4.803,4.803,4.803,0.0
2013-09-20,4.789,4.789,4.789,4.789,0.0
2013-09-23,4.75,4.75,4.75,4.75,0.0
2013-09-24,4.725,4.725,4.725,4.725,0.0
2013-09-25,4.717,4.717,4.717,4.717,0.0
2013-09-26,4.783,4.783,4.783,4.783,0.0
2013-09-27,4.798,4.798,4.798,4.798,0.0
2013-09-30,4.748,4.748,4.748,4.748,0.0
2013-10-01,4.768,4.768,4.768,4.768,0.0
2013-10-02,4.727,4.727,4.727,4.727,0.0
2013-10-03,4.723,4.723,4.723,4.723,0.0
2013-10-04,4.731,4.731,4.731,4.731,0.0
2013-10-07,4.748,4.748,4.748,4.748,0.0
2013-10-08,4.759,4.759,4.759,4.759,0.0
2013-10-09,4.747,4.747,4.747,4.747,0.0
2013-10-10,4.752,4.752,4.752,4.752,0.0
2013-10-11,4.732,4.732,4.732,4.732,0.0
2013-10-14,4.749,4.749,4.749,4.749,0.0
2013-10-15,4.712,4.712,4.712,4.712,0.0
2013-10-16,4.676,4.676,4.676,4.676,0.0
2013-10-17,4.701,4.701,4.701,4.701,0.0
2013-10-18,4.712,4.712,4.712,4.712,0.0
2013-10-21,4.701,4.701,4.701,4.701,0.0
2013-10-22,4.697,4.697,4.697,4.697,0.0
2013-10-23,4.703,4.703,4.703,4.703,0.0
2013-10-24,4.726,4.726,4.726,4.726,0.0
2013-10-25,4.757,4.757,4.757,4.757,0.0
2013-10-28,4.71,4.71,4.71,4.71,0.0
2013-10-29,4.701,4.701,4.701,4.701,0.0
2013-10-30,4.687,4.687,4.687,4.687,0.0
2013-10-31,4.636,4.636,4.636,4.636,0.0
2013-11-01,4.591,4.591,4.591,4.591,0.0
2013-11-04,4.548,4.548,4.548,4.548,0.0
2013-11-05,4.539,4.539,4.539,4.539,0.0
2013-11-06,4.546,4.546,4.546,4.546,0.0
2013-11-07,4.54,4.54,4.54,4.54,0.0
2013-11-08,4.528,4.528,4.528,4.528,0.0
2013-11-11,4.54,4.54,4.54,4.54,0.0
2013-11-12,4.52,4.52,4.52,4.52,0.0
2013-11-13,4.495,4.495,4.495,4.495,0.0
2013-11-14,4.493,4.493,4.493,4.493,0.0
2013-11-15,4.488,4.488,4.488,4.488,0.0
2013-11-18,4.492,4.492,4.492,4.492,0.0
2013-11-19,4.461,4.461,4.461,4.461,0.0
2013-11-20,4.493,4.493,4.493,4.493,0.0
2013-11-21,4.485,4.485,4.485,4.485,0.0
2013-11-22,4.49,4.49,4.49,4.49,0.0
2013-11-25,4.501,4.501,4.501,4.501,0.0
2013-11-26,4.497,4.497,4.497,4.497,0.0
2013-11-27,4.499,4.499,4.499,4.499,0.0
2013-11-29,4.496,4.496,4.496,4.496,0.0
2013-12-02,4.579,4.579,4.579,4.579,0.0
2013-12-03,4.625,4.625,4.625,4.625,0.0
2013-12-04,4.691,4.691,4.691,4.691,0.0
2013-12-05,4.67,4.67,4.67,4.67,0.0
2013-12-06,4.666,4.666,4.666,4.666,0.0
2013-12-09,4.607,4.607,4.607,4.607,0.0
2013-12-10,4.576,4.576,4.576,4.576,2.0
2013-12-11,4.54,4.54,4.54,4.54,0.0
2013-12-12,4.465,4.465,4.465,4.465,0.0
2013-12-13,4.467,4.467,4.467,4.467,0.0
2013-12-16,4.514,4.514,4.514,4.514,0.0
2013-12-17,4.481,4.481,4.481,4.481,0.0
2013-12-18,4.448,4.448,4.448,4.448,0.0
2013-12-19,4.469,4.469,4.469,4.469,0.0
2013-12-20,4.429,4.429,4.429,4.429,0.0
2013-12-23,4.414,4.414,4.414,4.414,0.0
2013-12-24,4.441,4.441,4.441,4.441,0.0
2013-12-26,4.438,4.438,4.438,4.438,0.0
2013-12-27,4.45,4.45,4.45,4.45,0.0
2013-12-30,4.44,4.44,4.44,4.44,0.0
2013-12-31,4.398,4.398,4.398,4.398,0.0
2014-01-02,4.413,4.413,4.413,4.413,0.0
2014-01-03,4.433,4.433,4.433,4.433,0.0
2014-01-06,4.439,4.439,4.439,4.439,0.0
2014-01-07,4.452,4.452,4.452,4.452,0.0
2014-01-08,4.425,4.425,4.425,4.425,0.0
2014-01-09,4.371,4.371,4.371,4.371,0.0
2014-01-10,4.401,4.401,4.401,4.401,0.0
2014-01-13,4.394,4.394,4.394,4.394,0.0
2014-01-14,4.391,4.391,4.391,4.391,0.0
2014-01-15,4.387,4.387,4.387,4.387,0.0
2014-01-16,4.382,4.382,4.382,4.382,0.0
2014-01-17,4.372,4.372,4.372,4.372,0.0
2014-01-21,4.42,4.42,4.42,4.42,0.0
2014-01-22,4.42,4.42,4.42,4.42,0.0
2014-01-23,4.414,4.414,4.414,4.414,0.0
2014-01-24,4.404,4.404,4.404,4.404,0.0
2014-01-27,4.458,4.458,4.458,4.458,0.0
2014-01-28,4.44,4.44,4.44,4.44,0.0
2014-01-29,4.435,4.435,4.435,4.435,0.0
2014-01-30,4.427,4.427,4.427,4.427,0.0
2014-01-31,4.429,4.429,4.429,4.429,0.0
2014-02-03,4.465,4.465,4.465,4.465,0.0
2014-02-04,4.461,4.461,4.461,4.461,0.0
2014-02-05,4.428,4.428,4.428,4.428,0.0
2014-02-06,4.393,4.393,4.393,4.393,0.0
2014-02-07,4.385,4.385,4.385,4.385,0.0
2014-02-10,4.362,4.362,4.362,4.362,0.0
2014-02-11,4.307,4.307,4.307,4.307,0.0
2014-02-12,4.298,4.298,4.298,4.298,0.0
2014-02-13,4.294,4.294,4.294,4.294,0.0
2014-02-14,4.317,4.317,4.317,4.317,0.0
2014-02-18,4.333,4.333,4.333,4.333,0.0
2014-02-19,4.35,4.35,4.35,4.35,0.0
2014-02-20,4.409,4.409,4.409,4.409,0.0
2014-02-21,4.441,4.441,4.441,4.441,0.0
2014-02-24,4.462,4.462,4.462,4.462,0.0
2014-02-25,4.466,4.466,4.466,4.466,0.0
2014-02-26,4.458,4.458,4.458,4.458,0.0
2014-02-27,4.405,4.405,4.405,4.405,0.0
2014-02-28,4.388,4.388,4.388,4.388,0.0
2014-03-03,4.386,4.386,4.386,4.386,0.0
2014-03-04,4.406,4.406,4.406,4.406,0.0
2014-03-05,4.429,4.429,4.429,4.429,0.0
2014-03-06,4.521,4.521,4.521,4.521,0.0
2014-03-07,4.488,4.488,4.488,4.488,0.0
2014-03-10,4.498,4.498,4.498,4.498,0.0
2014-03-11,4.509,4.509,4.509,4.509,0.0
2014-03-12,4.517,4.517,4.517,4.517,0.0
2014-03-13,4.527,4.527,4.527,4.527,0.0
2014-03-14,4.587,4.587,4.587,4.587,0.0
2014-03-17,4.569,4.569,4.569,4.569,0.0
2014-03-18,4.522,4.522,4.522,4.522,0.0
2014-03-19,4.548,4.548,4.548,4.548,0.0
2014-03-20,4.569,4.569,4.569,4.569,0.0
2014-03-21,4.559,4.559,4.559,4.559,0.0
2014-03-24,4.579,4.579,4.579,4.579,0.0
2014-03-25,4.604,4.604,4.604,4.604,0.0
2014-03-26,4.623,4.623,4.623,4.623,0.0
2014-03-27,4.62,4.62,4.62,4.62,0.0
2014-03-28,4.587,4.587,4.587,4.587,0.0
2014-03-31,4.587,4.587,4.587,4.587,0.0
2014-04-01,4.546,4.546,4.546,4.546,0.0
2014-04-02,4.57,4.57,4.57,4.57,0.0
2014-04-03,4.622,4.622,4.622,4.622,0.0
2014-04-04,4.624,4.624,4.624,4.624,0.0
2014-04-07,4.644,4.644,4.644,4.644,0.0
2014-04-08,4.658,4.658,4.658,4.658,0.0
2014-04-09,4.713,4.713,4.713,4.713,0.0
2014-04-10,4.733,4.733,4.733,4.733,0.0
2014-04-11,4.736,4.736,4.736,4.736,0.0
2014-04-14,4.734,4.734,4.734,4.734,0.0
2014-04-15,4.731,4.731,4.731,4.731,0.0
2014-04-16,4.736,4.736,4.736,4.736,0.0
2014-04-17,4.737,4.737,4.737,4.737,0.0
2014-04-21,4.716,4.716,4.716,4.716,0.0
2014-04-22,4.722,4.722,4.722,4.722,0.0
2014-04-23,4.715,4.715,4.715,4.715,0.0
2014-04-24,4.749,4.749,4.749,4.749,0.0
2014-04-25,4.738,4.738,4.738,4.738,0.0
2014-04-28,4.757,4.757,4.757,4.757,0.0
2014-04-29,4.818,4.818,4.818,4.818,0.0
2014-04-30,4.824,4.824,4.824,4.824,0.0
2014-05-01,4.828,4.828,4.828,4.828,0.0
2014-05-02,4.816,4.816,4.816,4.816,0.0
2014-05-05,4.812,4.812,4.812,4.812,0.0
2014-05-06,4.828,4.828,4.828,4.828,0.0
2014-05-07,4.838,4.838,4.838,4.838,0.0
2014-05-08,4.843,4.843,4.843,4.843,0.0
2014-05-09,4.858,4.858,4.858,4.858,0.0
2014-05-12,4.828,4.828,4.828,4.828,0.0
2014-05-13,4.816,4.816,4.816,4.816,0.0
2014-05-14,4.844,4.844,4.844,4.844,0.0
2014-05-15,4.825,4.825,4.825,4.825,0.0
2014-05-16,4.795,4.795,4.795,4.795,0.0
2014-05-19,4.796,4.796,4.796,4.796,0.0
2014-05-20,4.801,4.801,4.801,4.801,0.0
2014-05-21,4.806,4.806,4.806,4.806,0.0
2014-05-22,4.784,4.784,4.784,4.784,0.0
2014-05-23,4.807,4.807,4.807,4.807,0.0
2014-05-27,4.835,4.835,4.835,4.835,0.0
2014-05-28,4.831,4.831,4.831,4.831,0.0
2014-05-29,4.834,4.834,4.834,4.834,0.0
2014-05-30,4.825,4.825,4.825,4.825,0.0
2014-06-02,4.86,4.86,4.86,4.86,0.0
2014-06-03,4.837,4.837,4.837,4.837,0.0
2014-06-04,4.832,4.832,4.832,4.832,0.0
2014-06-05,4.854,4.854,4.854,4.854,0.0
2014-06-06,4.87,4.87,4.87,4.87,0.0
2014-06-09,4.851,4.851,4.851,4.851,0.0
2014-06-10,4.892,4.892,4.892,4.892,0.0
2014-06-11,4.889,4.889,4.889,4.889,0.0
2014-06-12,4.893,4.893,4.893,4.893,0.0
2014-06-13,4.917,4.917,4.917,4.917,0.0
2014-06-16,4.916,4.916,4.916,4.916,0.0
2014-06-17,4.946,4.946,4.946,4.946,0.0
2014-06-18,4.955,4.955,4.955,4.955,0.0
2014-06-19,4.959,4.959,4.959,4.959,0.0
2014-06-20,4.924,4.924,4.924,4.924,0.0
2014-06-23,4.9,4.9,4.9,4.9,0.0
2014-06-24,4.901,4.901,4.901,4.901,0.0
2014-06-25,4.917,4.917,4.917,4.917,0.0
2014-06-26,4.849,4.849,4.849,4.849,0.0
2014-06-27,4.842,4.842,4.842,4.842,0.0
2014-06-30,4.861,4.861,4.861,4.861,0.0
2014-07-01,4.877,4.877,4.877,4.877,0.0
2014-07-02,4.848,4.848,4.848,4.848,0.0
2014-07-03,4.843,4.843,4.843,4.843,0.0
2014-07-07,4.817,4.817,4.817,4.817,0.0
2014-07-08,4.796,4.796,4.796,4.796,0.0
2014-07-09,4.772,4.772,4.772,4.772,0.0
2014-07-10,4.733,4.733,4.733,4.733,0.0
2014-07-11,4.73,4.73,4.73,4.73,0.0
2014-07-14,4.724,4.724,4.724,4.724,0.0
2014-07-15,4.719,4.719,4.719,4.719,0.0
2014-07-16,4.734,4.734,4.734,4.734,0.0
2014-07-17,4.705,4.705,4.705,4.705,0.0
2014-07-18,4.732,4.732,4.732,4.732,0.0
2014-07-21,4.71,4.71,4.71,4.71,0.0
2014-07-22,4.667,4.667,4.667,4.667,0.0
2014-07-23,4.646,4.646,4.646,4.646,0.0
2014-07-24,4.644,4.644,4.644,4.644,0.0
2014-07-25,4.636,4.636,4.636,4.636,150.0
2014-07-28,4.623,4.623,4.623,4.623,0.0
2014-07-29,4.598,4.598,4.598,4.598,0.0
2014-07-30,4.611,4.611,4.611,4.611,0.0
2014-07-31,4.637,4.637,4.637,4.637,0.0
2014-08-01,4.648,4.648,4.648,4.648,0.0
2014-08-04,4.639,4.639,4.639,4.639,0.0
2014-08-05,4.638,4.638,4.638,4.638,0.0
2014-08-06,4.643,4.643,4.643,4.643,0.0
2014-08-07,4.653,4.653,4.653,4.653,0.0
2014-08-08,4.664,4.664,4.664,4.664,0.0
2014-08-11,4.629,4.629,4.629,4.629,0.0
2014-08-12,4.611,4.611,4.611,4.611,0.0
2014-08-13,4.59,4.59,4.59,4.59,0.0
2014-08-14,4.601,4.601,4.601,4.601,0.0
2014-08-15,4.579,4.579,4.579,4.579,0.0
2014-08-18,4.574,4.574,4.574,4.574,0.0
2014-08-19,4.579,4.579,4.579,4.579,0.0
2014-08-20,4.566,4.566,4.566,4.566,0.0
2014-08-21,4.575,4.575,4.575,4.575,0.0
2014-08-22,4.563,4.563,4.563,4.563,0.0
2014-08-25,4.571,4.571,4.571,4.571,0.0
2014-08-26,4.563,4.563,4.563,4.563,0.0
2014-08-27,4.581,4.581,4.581,4.581,0.0
2014-08-28,4.577,4.577,4.577,4.577,2.0
2014-08-29,4.569,4.569,4.569,4.569,0.0
2014-09-02,4.531,4.531,4.531,4.531,0.0
2014-09-03,4.54,4.54,4.54,4.54,0.0
2014-09-04,4.548,4.548,4.548,4.548,100.0
2014-09-05,4.531,4.531,4.531,4.531,0.0
2014-09-08,4.541,4.541,4.541,4.541,0.0
2014-09-09,4.539,4.539,4.539,4.539,0.0
2014-09-10,4.549,4.563,4.549,4.563,5.0
2014-09-11,4.569,4.569,4.569,4.569,0.0
2014-09-12,4.553,4.553,4.553,4.553,0.0
2014-09-15,4.56,4.56,4.56,4.56,0.0
2014-09-16,4.573,4.573,4.573,4.573,0.0
2014-09-17,4.572,4.572,4.572,4.572,0.0
2014-09-18,4.55,4.55,4.55,4.55,0.0
2014-09-19,4.543,4.543,4.543,4.543,0.0
2014-09-22,4.54,4.54,4.54,4.54,0.0
2014-09-23,4.523,4.523,4.523,4.523,0.0
2014-09-24,4.551,4.551,4.551,4.551,0.0
2014-09-25,4.55,4.55,4.55,4.55,0.0
2014-09-26,4.536,4.536,4.536,4.536,0.0
2014-09-29,4.547,4.547,4.547,4.547,100.0
2014-09-30,4.55,4.55,4.55,4.55,0.0
2014-10-01,4.528,4.528,4.528,4.528,0.0
2014-10-02,4.529,4.529,4.529,4.529,0.0
2014-10-03,4.508,4.508,4.508,4.508,0.0
2014-10-06,4.508,4.508,4.508,4.508,0.0
2014-10-07,4.501,4.501,4.501,4.501,0.0
2014-10-08,4.496,4.496,4.496,4.496,0.0
2014-10-09,4.506,4.506,4.506,4.506,0.0
2014-10-10,4.503,4.503,4.503,4.503,0.0
2014-10-13,4.513,4.513,4.513,4.513,0.0
2014-10-14,4.503,4.503,4.503,4.503,0.0
2014-10-15,4.493,4.493,4.493,4.493,0.0
2014-10-16,4.503,4.503,4.503,4.503,0.0
2014-10-17,4.513,4.513,4.513,4.513,0.0
2014-10-20,4.495,4.495,4.495,4.495,0.0
2014-10-21,4.488,4.488,4.488,4.488,0.0
2014-10-22,4.466,4.466,4.466,4.466,0.0
2014-10-23,4.474,4.474,4.474,4.474,0.0
2014-10-24,4.455,4.455,4.455,4.455,0.0
2014-10-27,4.439,4.439,4.439,4.439,0.0
2014-10-28,4.434,4.434,4.434,4.434,0.0
2014-10-29,4.431,4.431,4.431,4.431,0.0
2014-10-30,4.43,4.43,4.43,4.43,0.0
2014-10-31,4.44,4.44,4.44,4.44,0.0
2014-11-03,4.451,4.451,4.451,4.451,0.0
2014-11-04,4.446,4.446,4.446,4.446,0.0
2014-11-05,4.417,4.417,4.417,4.417,0.0
2014-11-06,4.404,4.404,4.404,4.404,0.0
2014-11-07,4.401,4.401,4.401,4.401,0.0
2014-11-10,4.395,4.395,4.395,4.395,0.0
2014-11-11,4.41,4.41,4.41,4.41,0.0
2014-11-12,4.423,4.423,4.423,4.423,0.0
2014-11-13,4.393,4.393,4.393,4.393,0.0
2014-11-14,4.419,4.419,4.419,4.419,0.0
2014-11-17,4.429,4.429,4.429,4.429,0.0
2014-11-18,4.404,4.404,4.404,4.404,0.0
2014-11-19,4.39,4.399,4.39,4.399,3.0
2014-11-20,4.394,4.394,4.394,4.394,0.0
2014-11-21,4.382,4.382,4.382,4.382,0.0
2014-11-24,4.436,4.436,4.436,4.436,0.0
2014-11-25,4.413,4.413,4.413,4.413,0.0
2014-11-26,4.399,4.399,4.399,4.399,0.0
2014-11-28,4.414,4.414,4.414,4.414,0.0
2014-12-01,4.457,4.457,4.457,4.457,0.0
2014-12-02,4.439,4.439,4.439,4.439,0.0
2014-12-03,4.416,4.416,4.416,4.416,0.0
2014-12-04,4.391,4.391,4.391,4.391,0.0
2014-12-05,4.427,4.427,4.427,4.427,0.0
2014-12-08,4.428,4.428,4.428,4.428,6.0
2014-12-09,4.453,4.453,4.453,4.453,0.0
2014-12-10,4.455,4.455,4.455,4.455,0.0
2014-12-11,4.435,4.435,4.435,4.435,0.0
2014-12-12,4.436,4.436,4.436,4.436,0.0
2014-12-15,4.419,4.419,4.419,4.419,0.0
2014-12-16,4.377,4.377,4.377,4.377,0.0
2014-12-17,4.408,4.408,4.408,4.408,0.0
2014-12-18,4.38,4.386,4.38,4.386,5.0
2014-12-19,4.334,4.334,4.334,4.334,0.0
2014-12-22,4.303,4.303,4.303,4.303,0.0
2014-12-23,4.285,4.285,4.285,4.285,0.0
2014-12-24,4.274,4.274,4.274,4.274,0.0
2014-12-26,4.271,4.271,4.271,4.271,0.0
2014-12-29,4.279,4.279,4.279,4.279,0.0
2014-12-30,4.266,4.266,4.266,4.266,0.0
2014-12-31,4.229,4.229,4.229,4.229,0.0
2015-01-02,4.214,4.214,4.214,4.214,0.0
2015-01-05,4.204,4.204,4.204,4.204,0.0
2015-01-06,4.172,4.172,4.172,4.172,0.0
2015-01-07,4.128,4.128,4.128,4.128,0.0
2015-01-08,4.119,4.119,4.119,4.119,0.0
2015-01-09,4.107,4.107,4.107,4.107,0.0
2015-01-12,4.034,4.034,4.034,4.034,0.0
2015-01-13,4.038,4.038,4.038,4.038,0.0
2015-01-14,4.01,4.01,3.985,3.985,1.0
2015-01-15,3.919,3.919,3.919,3.919,0.0
2015-01-16,3.927,3.927,3.927,3.927,0.0
2015-01-20,3.915,3.915,3.915,3.915,0.0
2015-01-21,3.937,3.937,3.937,3.937,0.0
2015-01-22,3.952,3.952,3.952,3.952,0.0
2015-01-23,3.949,3.949,3.949,3.949,0.0
2015-01-26,3.963,3.963,3.963,3.963,0.0
2015-01-27,3.957,3.957,3.957,3.957,0.0
2015-01-28,3.958,3.958,3.958,3.958,0.0
2015-01-29,3.93,3.93,3.93,3.93,0.0
2015-01-30,3.937,3.937,3.937,3.937,0.0
2015-02-02,3.9,3.9,3.9,3.9,0.0
2015-02-03,3.921,3.921,3.921,3.921,0.0
2015-02-04,3.92,3.92,3.92,3.92,0.0
2015-02-05,3.865,3.865,3.865,3.865,0.0
2015-02-06,3.904,3.904,3.904,3.904,0.0
2015-02-09,3.908,3.908,3.908,3.908,0.0
2015-02-10,3.929,3.929,3.929,3.929,0.0
2015-02-11,3.935,3.935,3.919,3.919,1.0
2015-02-12,3.92,3.92,3.92,3.92,0.0
2015-02-13,3.96,3.96,3.96,3.96,0.0
2015-02-17,3.894,3.894,3.894,3.894,0.0
2015-02-18,3.909,3.909,3.909,3.909,0.0
2015-02-19,3.883,3.883,3.883,3.883,0.0
2015-02-20,3.881,3.881,3.881,3.881,0.0
2015-02-23,3.853,3.853,3.853,3.853,0.0
2015-02-24,3.858,3.858,3.858,3.858,0.0
2015-02-25,3.864,3.864,3.864,3.864,0.0
2015-02-26,3.834,3.834,3.834,3.834,0.0
2015-02-27,3.835,3.835,3.835,3.835,0.0
2015-03-02,3.832,3.832,3.832,3.832,0.0
2015-03-03,3.833,3.833,3.833,3.833,0.0
2015-03-04,3.827,3.827,3.827,3.827,0.0
2015-03-05,3.801,3.801,3.801,3.801,0.0
2015-03-06,3.801,3.801,3.801,3.801,0.0
2015-03-09,3.771,3.771,3.771,3.771,0.0
2015-03-10,3.772,3.772,3.772,3.772,0.0
2015-03-11,3.77,3.77,3.77,3.77,0.0
2015-03-12,3.739,3.739,3.739,3.739,0.0
2015-03-13,3.735,3.735,3.735,3.735,0.0
2015-03-16,3.743,3.743,3.743,3.743,50.0
2015-03-17,3.743,3.743,3.743,3.743,0.0
2015-03-18,3.763,3.763,3.763,3.763,0.0
2015-03-19,3.757,3.757,3.757,3.757,0.0
2015-03-20,3.74,3.74,3.74,3.74,0.0
2015-03-23,3.741,3.741,3.741,3.741,0.0
2015-03-24,3.746,3.746,3.746,3.746,0.0
2015-03-25,3.714,3.714,3.714,3.714,0.0
2015-03-26,3.705,3.705,3.705,3.705,0.0
2015-03-27,3.68,3.68,3.68,3.68,0.0
2015-03-30,3.668,3.668,3.668,3.668,0.0
2015-03-31,3.68,3.68,3.68,3.68,50.0
2015-04-01,3.669,3.669,3.669,3.669,0.0
2015-04-02,3.705,3.705,3.705,3.705,0.0
2015-04-06,3.69,3.69,3.69,3.69,0.0
2015-04-07,3.72,3.72,3.72,3.72,0.0
2015-04-08,3.715,3.715,3.715,3.715,0.0
2015-04-09,3.708,3.708,3.708,3.708,0.0
2015-04-10,3.703,3.703,3.703,3.703,0.0
2015-04-13,3.693,3.693,3.693,3.693,0.0
2015-04-14,3.687,3.687,3.687,3.687,0.0
2015-04-15,3.706,3.706,3.706,3.706,0.0
2015-04-16,3.734,3.734,3.734,3.734,0.0
2015-04-17,3.717,3.717,3.717,3.717,0.0
2015-04-20,3.704,3.704,3.704,3.704,0.0
2015-04-21,3.712,3.712,3.712,3.712,0.0
2015-04-22,3.719,3.719,3.719,3.719,0.0
2015-04-23,3.681,3.681,3.681,3.681,0.0
2015-04-24,3.678,3.678,3.678,3.678,0.0
2015-04-27,3.658,3.658,3.658,3.658,0.0
2015-04-28,3.658,3.658,3.658,3.658,0.0
2015-04-29,3.662,3.662,3.662,3.662,0.0
2015-04-30,3.672,3.672,3.672,3.672,0.0
2015-05-01,3.679,3.679,3.679,3.679,0.0
2015-05-04,3.694,3.694,3.694,3.694,0.0
2015-05-05,3.692,3.692,3.692,3.692,0.0
2015-05-06,3.7,3.7,3.7,3.7,0.0
2015-05-07,3.697,3.697,3.697,3.697,0.0
2015-05-08,3.722,3.722,3.722,3.722,0.0
2015-05-11,3.695,3.695,3.695,3.695,0.0
2015-05-12,3.688,3.688,3.688,3.688,0.0
2015-05-13,3.7,3.7,3.7,3.7,0.0
2015-05-14,3.709,3.709,3.709,3.709,0.0
2015-05-15,3.697,3.697,3.697,3.697,0.0
2015-05-18,3.697,3.697,3.697,3.697,0.0
2015-05-19,3.69,3.69,3.69,3.69,0.0
2015-05-20,3.688,3.688,3.688,3.688,0.0
2015-05-21,3.687,3.687,3.687,3.687,0.0
2015-05-22,3.677,3.677,3.677,3.677,0.0
2015-05-26,3.678,3.678,3.678,3.678,0.0
2015-05-27,3.673,3.673,3.673,3.673,0.0
2015-05-28,3.662,3.662,3.662,3.662,0.0
2015-05-29,3.652,3.652,3.652,3.652,0.0
2015-06-01,3.639,3.639,3.639,3.639,0.0
2015-06-02,3.641,3.641,3.641,3.641,0.0
2015-06-03,3.634,3.634,3.634,3.634,0.0
2015-06-04,3.593,3.593,3.593,3.593,0.0
2015-06-05,3.559,3.559,3.559,3.559,0.0
2015-06-08,3.577,3.577,3.577,3.577,0.0
2015-06-09,3.6,3.6,3.6,3.6,0.0
2015-06-10,3.615,3.615,3.615,3.615,0.0
2015-06-11,3.632,3.632,3.632,3.632,0.0
2015-06-12,3.633,3.633,3.633,3.633,0.0
2015-06-15,3.646,3.646,3.646,3.646,0.0
2015-06-16,3.662,3.662,3.662,3.662,0.0
2015-06-17,3.661,3.661,3.661,3.661,0.0
2015-06-18,3.633,3.633,3.633,3.633,0.0
2015-06-19,3.648,3.648,3.648,3.648,0.0
2015-06-22,3.628,3.628,3.628,3.628,0.0
2015-06-23,3.633,3.633,3.633,3.633,0.0
2015-06-24,3.634,3.634,3.634,3.634,0.0
2015-06-25,3.637,3.637,3.637,3.637,0.0
2015-06-26,3.633,3.633,3.633,3.633,12.0
2015-06-29,3.643,3.643,3.643,3.643,0.0
2015-06-30,3.655,3.655,3.655,3.655,0.0
2015-07-01,3.656,3.656,3.656,3.656,0.0
2015-07-02,3.664,3.664,3.664,3.664,0.0
2015-07-06,3.655,3.655,3.625,3.625,2.0
2015-07-07,3.616,3.616,3.616,3.616,0.0
2015-07-08,3.629,3.629,3.629,3.629,0.0
2015-07-09,3.66,3.66,3.632,3.632,1.0
2015-07-10,3.636,3.636,3.636,3.636,0.0
2015-07-13,3.638,3.638,3.638,3.638,0.0
2015-07-14,3.645,3.645,3.645,3.645,0.0
2015-07-15,3.675,3.675,3.656,3.656,1.0
2015-07-16,3.629,3.629,3.629,3.629,0.0
2015-07-17,3.634,3.634,3.634,3.634,0.0
2015-07-20,3.627,3.627,3.627,3.627,0.0
2015-07-21,3.626,3.626,3.626,3.626,0.0
2015-07-22,3.626,3.626,3.626,3.626,0.0
2015-07-23,3.606,3.606,3.606,3.606,0.0
2015-07-24,3.606,3.606,3.606,3.606,0.0
2015-07-27,3.627,3.627,3.627,3.627,0.0
2015-07-28,3.63,3.63,3.63,3.63,0.0
2015-07-29,3.624,3.624,3.624,3.624,12.0
2015-07-30,3.604,3.604,3.604,3.604,0.0
2015-07-31,3.57,3.57,3.57,3.57,0.0
2015-08-03,3.548,3.548,3.548,3.548,0.0
2015-08-04,3.521,3.521,3.521,3.521,0.0
2015-08-05,3.52,3.52,3.52,3.52,0.0
2015-08-06,3.524,3.524,3.524,3.524,0.0
2015-08-07,3.52,3.52,3.52,3.52,0.0
2015-08-10,3.518,3.518,3.518,3.518,0.0
2015-08-11,3.5,3.504,3.5,3.504,2.0
2015-08-12,3.517,3.517,3.517,3.517,0.0
2015-08-13,3.501,3.501,3.501,3.501,0.0
2015-08-14,3.505,3.505,3.505,3.505,0.0
2015-08-17,3.489,3.489,3.489,3.489,0.0
2015-08-18,3.481,3.481,3.481,3.481,0.0
2015-08-19,3.455,3.455,3.455,3.455,0.0
2015-08-20,3.45,3.45,3.45,3.45,0.0
2015-08-21,3.421,3.421,3.421,3.421,0.0
2015-08-24,3.377,3.377,3.377,3.377,0.0
2015-08-25,3.351,3.351,3.351,3.351,0.0
2015-08-26,3.366,3.366,3.366,3.366,0.0
2015-08-27,3.384,3.384,3.384,3.384,0.0
2015-08-28,3.406,3.406,3.406,3.406,0.0
2015-08-31,3.4,3.4,3.4,3.4,0.0
2015-09-01,3.407,3.407,3.407,3.407,0.0
2015-09-02,3.392,3.392,3.392,3.392,0.0
2015-09-03,3.393,3.393,3.393,3.393,0.0
2015-09-04,3.386,3.386,3.386,3.386,0.0
2015-09-08,3.395,3.395,3.395,3.395,0.0
2015-09-09,3.41,3.41,3.41,3.41,0.0
2015-09-10,3.413,3.413,3.413,3.413,0.0
2015-09-11,3.386,3.386,3.386,3.386,0.0
2015-09-14,3.399,3.399,3.399,3.399,0.0
2015-09-15,3.401,3.401,3.401,3.401,0.0
2015-09-16,3.374,3.374,3.374,3.374,0.0
2015-09-17,3.347,3.347,3.347,3.347,0.0
2015-09-18,3.327,3.327,3.327,3.327,0.0
2015-09-21,3.319,3.319,3.319,3.319,0.0
2015-09-22,3.311,3.311,3.311,3.311,0.0
2015-09-23,3.317,3.317,3.317,3.317,0.0
2015-09-24,3.352,3.352,3.352,3.352,0.0
2015-09-25,3.314,3.314,3.314,3.314,0.0
2015-09-28,3.311,3.311,3.311,3.311,0.0
2015-09-29,3.282,3.282,3.282,3.282,0.0
2015-09-30,3.25,3.25,3.25,3.25,0.0
2015-10-01,3.218,3.218,3.218,3.218,0.0
2015-10-02,3.22,3.237,3.22,3.237,1.0
2015-10-05,3.251,3.251,3.251,3.251,0.0
2015-10-06,3.269,3.269,3.269,3.269,0.0
2015-10-07,3.27,3.27,3.27,3.27,0.0
2015-10-08,3.27,3.27,3.27,3.27,0.0
2015-10-09,3.276,3.276,3.276,3.276,0.0
2015-10-12,3.291,3.291,3.291,3.291,0.0
2015-10-13,3.285,3.285,3.285,3.285,0.0
2015-10-14,3.287,3.287,3.287,3.287,0.0
2015-10-15,3.286,3.286,3.272,3.272,1.0
2015-10-16,3.265,3.265,3.265,3.265,0.0
2015-10-19,3.272,3.272,3.272,3.272,0.0
2015-10-20,3.292,3.292,3.292,3.292,0.0
2015-10-21,3.275,3.275,3.274,3.274,1.0
2015-10-22,3.263,3.263,3.263,3.263,0.0
2015-10-23,3.224,3.224,3.224,3.224,0.0
2015-10-26,3.195,3.195,3.172,3.172,1.0
2015-10-27,3.168,3.168,3.168,3.168,0.0
2015-10-28,3.159,3.159,3.159,3.159,0.0
2015-10-29,3.143,3.143,3.143,3.143,0.0
2015-10-30,3.162,3.162,3.162,3.162,0.0
2015-11-02,3.146,3.146,3.146,3.146,0.0
2015-11-03,3.167,3.167,3.167,3.167,0.0
2015-11-04,3.18,3.18,3.18,3.18,0.0
2015-11-05,3.193,3.193,3.193,3.193,0.0
2015-11-06,3.191,3.191,3.191,3.191,0.0
2015-11-09,3.175,3.175,3.175,3.175,0.0
2015-11-10,3.183,3.183,3.183,3.183,0.0
2015-11-11,3.172,3.172,3.172,3.172,10.0
2015-11-12,3.156,3.156,3.156,3.156,0.0
2015-11-13,3.176,3.176,3.176,3.176,0.0
2015-11-16,3.186,3.186,3.186,3.186,0.0
2015-11-17,3.178,3.178,3.178,3.178,0.0
2015-11-18,3.14,3.14,3.128,3.128,18.0
2015-11-19,3.118,3.118,3.09,3.09,24.0
2015-11-20,3.058,3.058,3.058,3.058,0.0
2015-11-23,3.081,3.081,3.081,3.081,0.0
2015-11-24,3.092,3.092,3.092,3.092,0.0
2015-11-25,3.107,3.107,3.107,3.107,0.0
2015-11-27,3.089,3.089,3.089,3.089,0.0
2015-11-30,3.111,3.111,3.111,3.111,0.0
2015-12-01,3.118,3.118,3.118,3.118,0.0
2015-12-02,3.137,3.137,3.137,3.137,0.0
2015-12-03,3.132,3.132,3.132,3.132,0.0
2015-12-04,3.139,3.139,3.139,3.139,0.0
2015-12-07,3.123,3.123,3.123,3.123,0.0
2015-12-08,3.11,3.128,3.11,3.128,15.0
2015-12-09,3.144,3.144,3.144,3.144,325.0
2015-12-10,3.146,3.146,3.146,3.146,0.0
2015-12-11,3.18,3.18,3.15,3.15,51.0
2015-12-14,3.146,3.146,3.106,3.106,1.0
2015-12-15,3.075,3.081,3.075,3.081,11.0
2015-12-16,3.106,3.106,3.106,3.106,0.0
2015-12-17,3.106,3.121,3.106,3.121,1.0
2015-12-18,3.131,3.131,3.121,3.121,25.0
2015-12-21,3.136,3.136,3.136,3.136,0.0
2015-12-22,3.119,3.119,3.119,3.119,0.0
2015-12-23,3.122,3.122,3.122,3.122,0.0
2015-12-24,3.124,3.124,3.124,3.124,0.0
2015-12-28,3.157,3.157,3.157,3.157,0.0
2015-12-29,3.148,3.148,3.148,3.148,12.0
2015-12-30,3.121,3.121,3.121,3.121,0.0
2015-12-31,3.126,3.126,3.126,3.126,0.0
2016-01-04,3.115,3.115,3.115,3.115,0.0
2016-01-05,3.11,3.11,3.11,3.11,0.0
2016-01-06,3.12,3.12,3.12,3.12,0.0
2016-01-07,3.157,3.157,3.157,3.157,0.0
2016-01-08,3.19,3.19,3.151,3.151,1.0
2016-01-11,3.113,3.113,3.113,3.113,0.0
2016-01-12,3.079,3.079,3.079,3.079,0.0
2016-01-13,3.089,3.089,3.089,3.089,0.0
2016-01-14,3.08,3.08,3.08,3.08,0.0
2016-01-15,3.069,3.069,3.069,3.069,0.0
2016-01-19,3.073,3.073,3.073,3.073,0.0
2016-01-20,3.081,3.081,3.081,3.081,0.0
2016-01-21,3.092,3.092,3.092,3.092,0.0
2016-01-22,3.096,3.096,3.096,3.096,0.0
2016-01-25,3.097,3.099,3.097,3.099,7.0
2016-01-26,3.086,3.086,3.086,3.086,0.0
2016-01-27,3.09,3.09,3.083,3.083,13.0
2016-01-28,3.095,3.095,3.095,3.095,0.0
2016-01-29,3.096,3.096,3.096,3.096,0.0
2016-02-01,3.051,3.051,3.051,3.051,0.0
2016-02-02,3.0,3.0,3.0,3.0,1.0
2016-02-03,3.042,3.042,3.042,3.042,0.0
2016-02-04,3.055,3.055,3.055,3.055,0.0
2016-02-05,3.054,3.054,3.054,3.054,4.0
2016-02-08,3.0,3.006,3.0,3.006,19.0
2016-02-09,2.982,2.982,2.982,2.982,0.0
2016-02-10,2.95,2.95,2.95,2.95,0.0
2016-02-11,2.915,2.915,2.915,2.915,0.0
2016-02-12,2.887,2.887,2.887,2.887,0.0
2016-02-16,2.851,2.851,2.851,2.851,0.0
2016-02-17,2.847,2.847,2.847,2.847,0.0
2016-02-18,2.824,2.824,2.824,2.824,0.0
2016-02-19,2.777,2.777,2.777,2.777,0.0
2016-02-22,2.726,2.726,2.726,2.726,0.0
2016-02-23,2.715,2.715,2.715,2.715,0.0
2016-02-24,2.726,2.726,2.726,2.726,0.0
2016-02-25,2.72,2.72,2.715,2.715,17.0
2016-02-26,2.715,2.731,2.715,2.731,2.0
2016-02-29,2.784,2.784,2.784,2.784,0.0
2016-03-01,2.836,2.836,2.836,2.836,0.0
2016-03-02,2.843,2.843,2.843,2.843,12.0
2016-03-03,2.855,2.855,2.855,2.855,0.0
2016-03-04,2.854,2.854,2.854,2.854,0.0
2016-03-07,2.863,2.863,2.863,2.863,0.0
2016-03-08,2.869,2.869,2.869,2.869,0.0
2016-03-09,2.904,2.904,2.9,2.9,4.0
2016-03-10,2.94,2.941,2.94,2.941,1.0
2016-03-11,2.96,2.961,2.954,2.954,17.0
2016-03-14,2.944,2.944,2.944,2.944,0.0
2016-03-15,2.945,2.945,2.945,2.945,0.0
2016-03-16,2.95,2.961,2.95,2.961,2.0
2016-03-17,2.968,2.968,2.968,2.968,0.0
2016-03-18,2.955,2.955,2.955,2.955,0.0
2016-03-21,2.944,2.944,2.944,2.944,0.0
2016-03-22,2.969,2.969,2.969,2.969,0.0
2016-03-23,2.975,2.975,2.975,2.975,0.0
2016-03-24,2.998,2.998,2.998,2.998,0.0
2016-03-28,3.043,3.043,3.043,3.043,0.0
2016-03-29,3.074,3.074,3.074,3.074,0.0
2016-03-30,3.074,3.074,3.074,3.074,0.0
2016-03-31,3.048,3.048,3.045,3.045,1.0
2016-04-01,3.045,3.045,3.03,3.036,8.0
2016-04-04,3.041,3.041,3.041,3.041,70.0
2016-04-05,3.049,3.049,3.049,3.049,0.0
2016-04-06,3.05,3.05,3.05,3.05,0.0
2016-04-07,3.058,3.058,3.058,3.058,0.0
2016-04-08,3.072,3.072,3.072,3.072,0.0
2016-04-11,3.066,3.066,3.066,3.066,0.0
2016-04-12,3.076,3.076,3.076,3.076,0.0
2016-04-13,3.079,3.079,3.079,3.079,0.0
2016-04-14,3.075,3.075,3.075,3.075,0.0
2016-04-15,3.055,3.065,3.055,3.065,1.0
2016-04-18,3.084,3.084,3.084,3.084,0.0
2016-04-19,3.11,3.11,3.11,3.11,0.0
2016-04-20,3.101,3.101,3.101,3.101,0.0
2016-04-21,3.126,3.126,3.126,3.126,0.0
2016-04-22,3.126,3.126,3.123,3.123,1.0
2016-04-25,3.143,3.143,3.143,3.143,0.0
2016-04-26,3.17,3.17,3.17,3.17,0.0
2016-04-27,3.19,3.19,3.19,3.19,0.0
2016-04-28,3.189,3.189,3.189,3.189,0.0
2016-04-29,3.198,3.198,3.198,3.198,0.0
2016-05-02,3.185,3.185,3.173,3.173,1.0
2016-05-03,3.181,3.181,3.181,3.181,0.0
2016-05-04,3.19,3.19,3.19,3.19,0.0
2016-05-05,3.203,3.203,3.203,3.203,275.0
2016-05-06,3.18,3.18,3.158,3.158,1.0
2016-05-09,3.144,3.144,3.144,3.144,0.0
2016-05-10,3.128,3.128,3.128,3.128,0.0
2016-05-11,3.134,3.134,3.134,3.134,0.0
2016-05-12,3.116,3.116,3.116,3.116,0.0
2016-05-13,3.096,3.096,3.096,3.096,0.0
2016-05-16,3.088,3.097,3.088,3.097,5.0
2016-05-17,3.081,3.081,3.081,3.081,10.0
2016-05-18,3.052,3.052,3.052,3.052,0.0
2016-05-19,3.052,3.081,3.052,3.081,2.0
2016-05-20,3.076,3.076,3.076,3.076,0.0
2016-05-23,3.094,3.094,3.094,3.094,0.0
2016-05-24,3.118,3.118,3.118,3.118,0.0
2016-05-25,3.164,3.164,3.164,3.164,0.0
2016-05-26,3.181,3.181,3.181,3.181,0.0
2016-05-27,3.19,3.19,3.19,3.19,0.0
2016-05-31,3.195,3.195,3.195,3.195,5.0
2016-06-01,3.173,3.173,3.173,3.173,6.0
2016-06-02,3.184,3.184,3.184,3.184,0.0
2016-06-03,3.18,3.18,3.18,3.18,0.0
2016-06-06,3.186,3.186,3.186,3.186,10.0
2016-06-07,3.21,3.21,3.21,3.21,0.0
2016-06-08,3.204,3.204,3.204,3.204,0.0
2016-06-09,3.202,3.202,3.202,3.202,0.0
2016-06-10,3.183,3.183,3.183,3.183,0.0
2016-06-13,3.193,3.193,3.157,3.157,1.0
2016-06-14,3.143,3.143,3.143,3.143,0.0
2016-06-15,3.14,3.14,3.132,3.132,3.0
2016-06-16,3.129,3.129,3.129,3.129,0.0
2016-06-17,3.131,3.131,3.131,3.131,0.0
2016-06-20,3.137,3.137,3.137,3.137,0.0
2016-06-21,3.12,3.129,3.12,3.129,1.0
2016-06-22,3.135,3.135,3.135,3.135,0.0
2016-06-23,3.129,3.129,3.129,3.129,0.0
2016-06-24,3.131,3.131,3.131,3.131,0.0
2016-06-27,3.114,3.114,3.114,3.114,0.0
2016-06-28,3.144,3.144,3.144,3.144,0.0
2016-06-29,3.12,3.139,3.12,3.139,51.0
2016-06-30,3.144,3.144,3.144,3.144,0.0
2016-07-01,3.162,3.162,3.162,3.162,0.0
2016-07-05,3.139,3.139,3.139,3.139,0.0
2016-07-06,3.161,3.161,3.161,3.161,0.0
2016-07-07,3.154,3.154,3.154,3.154,0.0
2016-07-08,3.156,3.156,3.156,3.156,0.0
2016-07-11,3.157,3.157,3.157,3.157,0.0
2016-07-12,3.149,3.149,3.149,3.149,0.0
2016-07-13,3.154,3.154,3.154,3.154,0.0
2016-07-14,3.153,3.153,3.153,3.153,0.0
2016-07-15,3.144,3.144,3.144,3.144,0.0
2016-07-18,3.137,3.137,3.137,3.137,0.0
2016-07-19,3.128,3.128,3.128,3.128,0.0
2016-07-20,3.116,3.116,3.116,3.116,15.0
2016-07-21,3.126,3.126,3.126,3.126,0.0
2016-07-22,3.136,3.136,3.136,3.136,0.0
2016-07-25,3.142,3.142,3.142,3.142,0.0
2016-07-26,3.14,3.14,3.14,3.14,0.0
2016-07-27,3.141,3.141,3.133,3.133,3.0
2016-07-28,3.144,3.144,3.144,3.144,0.0
2016-07-29,3.147,3.147,3.147,3.147,0.0
2016-08-01,3.124,3.124,3.124,3.124,0.0
2016-08-02,3.119,3.119,3.119,3.119,0.0
2016-08-03,3.131,3.131,3.131,3.131,0.0
2016-08-04,3.144,3.144,3.144,3.144,0.0
2016-08-05,3.131,3.131,3.131,3.131,25.0
2016-08-08,3.133,3.133,3.133,3.133,0.0
2016-08-09,3.11,3.11,3.11,3.11,0.0
2016-08-10,3.086,3.086,3.086,3.086,0.0
2016-08-11,3.078,3.078,3.078,3.078,0.0
2016-08-12,3.078,3.078,3.077,3.077,1.0
2016-08-15,3.076,3.076,3.076,3.076,0.0
2016-08-16,3.09,3.09,3.09,3.09,0.0
2016-08-17,3.098,3.098,3.098,3.098,0.0
2016-08-18,3.103,3.103,3.103,3.103,0.0
2016-08-19,3.076,3.083,3.076,3.078,2.0
2016-08-22,3.079,3.079,3.079,3.079,0.0
2016-08-23,3.093,3.093,3.093,3.093,0.0
2016-08-24,3.116,3.116,3.116,3.116,0.0
2016-08-25,3.101,3.101,3.101,3.101,0.0
2016-08-26,3.098,3.098,3.098,3.098,25.0
2016-08-29,3.099,3.099,3.099,3.099,0.0
2016-08-30,3.096,3.096,3.096,3.096,0.0
2016-08-31,3.112,3.112,3.112,3.112,30.0
2016-09-01,3.081,3.081,3.081,3.081,70.0
2016-09-02,3.077,3.077,3.077,3.077,12.0
2016-09-06,3.073,3.073,3.073,3.073,0.0
2016-09-07,3.069,3.069,3.069,3.069,25.0
2016-09-08,3.088,3.088,3.088,3.088,80.0
2016-09-09,3.071,3.071,3.071,3.071,0.0
2016-09-12,3.071,3.071,3.071,3.071,0.0
2016-09-13,3.068,3.068,3.068,3.068,0.0
2016-09-14,3.063,3.063,3.063,3.063,3.0
2016-09-15,3.069,3.069,3.069,3.069,45.0
2016-09-16,3.065,3.065,3.065,3.065,0.0
2016-09-19,3.073,3.073,3.073,3.073,10.0
2016-09-20,3.075,3.075,3.075,3.075,40.0
2016-09-21,3.08,3.08,3.08,3.08,17.0
2016-09-22,3.062,3.062,3.062,3.062,25.0
2016-09-23,3.039,3.039,3.039,3.039,2.0
2016-09-26,3.057,3.057,3.057,3.057,0.0
2016-09-27,3.029,3.029,3.029,3.029,10.0
2016-09-28,3.019,3.019,3.019,3.019,0.0
2016-09-29,3.018,3.018,3.018,3.018,50.0
2016-09-30,3.003,3.003,3.003,3.003,79.0
2016-10-03,3.025,3.025,3.025,3.025,0.0
2016-10-04,3.006,3.006,3.006,3.006,5.0
2016-10-05,3.06,3.06,3.06,3.06,75.0
2016-10-06,3.059,3.059,3.059,3.059,60.0
2016-10-07,3.065,3.069,3.065,3.069,3.0
2016-10-10,3.054,3.054,3.054,3.054,0.0
2016-10-11,3.05,3.083,3.05,3.083,2.0
2016-10-12,3.102,3.102,3.102,3.102,46.0
2016-10-13,3.126,3.126,3.126,3.126,41.0
2016-10-14,3.124,3.124,3.124,3.124,35.0
2016-10-17,3.124,3.133,3.124,3.133,10.0
2016-10-18,3.14,3.14,3.14,3.14,0.0
2016-10-19,3.133,3.133,3.133,3.133,0.0
2016-10-20,3.155,3.155,3.155,3.155,25.0
2016-10-21,3.141,3.141,3.141,3.141,5.0
2016-10-24,3.145,3.145,3.137,3.137,236.0
2016-10-25,3.1,3.1,3.1,3.1,0.0
2016-10-26,3.089,3.089,3.053,3.053,61.0
2016-10-27,3.104,3.104,3.104,3.104,70.0
2016-10-28,3.115,3.115,3.115,3.115,25.0
2016-10-31,3.111,3.111,3.111,3.111,34.0
2016-11-01,3.09,3.09,3.088,3.088,11.0
2016-11-02,3.045,3.045,3.045,3.045,32.0
2016-11-03,3.048,3.048,3.048,3.048,34.0
2016-11-04,3.031,3.031,3.031,3.031,25.0
2016-11-07,3.056,3.06,3.056,3.06,3.0
2016-11-08,3.024,3.024,3.024,3.024,4.0
2016-11-09,3.025,3.025,3.025,3.025,292.0
2016-11-10,3.018,3.018,3.018,3.018,25.0
2016-11-11,3.04,3.04,3.034,3.034,60.0
2016-11-14,3.046,3.046,3.046,3.046,86.0
2016-11-15,3.016,3.016,3.014,3.014,51.0
2016-11-16,3.023,3.023,3.023,3.023,0.0
2016-11-17,3.041,3.041,3.041,3.041,110.0
2016-11-18,3.056,3.056,3.056,3.056,6.0
2016-11-21,3.092,3.092,3.092,3.092,1.0
2016-11-22,3.073,3.073,3.073,3.073,9.0
2016-11-23,3.079,3.079,3.079,3.079,2.0
2016-11-25,3.084,3.084,3.084,3.084,0.0
2016-11-28,3.082,3.082,3.082,3.082,17.0
2016-11-29,3.058,3.058,3.058,3.058,5.0
2016-11-30,3.031,3.031,3.031,3.031,72.0
2016-12-01,3.053,3.053,3.053,3.053,125.0
2016-12-02,3.046,3.046,3.046,3.046,56.0
2016-12-05,3.076,3.076,3.076,3.076,20.0
2016-12-06,3.04,3.05,3.04,3.05,219.0
2016-12-07,3.058,3.058,3.058,3.058,138.0
2016-12-08,3.074,3.074,3.074,3.074,103.0
2016-12-09,3.077,3.077,3.077,3.077,0.0
2016-12-12,3.065,3.065,3.065,3.065,11.0
2016-12-13,3.063,3.063,3.063,3.063,4.0
2016-12-14,3.065,3.065,3.065,3.065,2.0
2016-12-15,3.065,3.065,3.065,3.065,2.0
2016-12-16,3.088,3.088,3.088,3.088,6.0
2016-12-19,3.114,3.114,3.114,3.114,34.0
2016-12-20,3.046,3.046,3.046,3.046,50.0
2016-12-21,3.099,3.099,3.099,3.099,474.0
2016-12-22,3.076,3.076,3.076,3.076,524.0
2016-12-23,3.08,3.08,3.073,3.073,15.0
2016-12-27,3.082,3.082,3.082,3.082,0.0
2016-12-28,3.088,3.088,3.088,3.088,144.0
2016-12-29,3.09,3.09,3.09,3.09,5.0
2016-12-30,3.093,3.093,3.093,3.093,55.0
2017-01-03,3.0,3.072,3.0,3.072,96.0
2017-01-04,3.062,3.062,3.06,3.06,3.0
2017-01-05,3.064,3.064,3.064,3.064,20.0
2017-01-06,3.074,3.074,3.074,3.074,15.0
2017-01-09,3.055,3.055,3.055,3.055,2.0
2017-01-10,3.094,3.094,3.094,3.094,9.0
2017-01-11,3.102,3.102,3.102,3.102,157.0
2017-01-12,3.125,3.125,3.125,3.125,8.0
2017-01-13,3.11,3.123,3.107,3.123,32.0
2017-01-17,3.126,3.126,3.126,3.126,17.0
2017-01-18,3.129,3.129,3.129,3.129,26.0
2017-01-19,3.138,3.138,3.138,3.138,22.0
2017-01-20,3.114,3.114,3.114,3.114,81.0
2017-01-23,3.127,3.127,3.127,3.127,9.0
2017-01-24,3.113,3.116,3.113,3.116,370.0
2017-01-25,3.11,3.11,3.11,3.11,4.0
2017-01-26,3.111,3.111,3.111,3.111,10.0
2017-01-27,3.112,3.112,3.112,3.112,52.0
2017-01-30,3.111,3.111,3.111,3.111,1.0
2017-01-31,3.104,3.104,3.104,3.104,300.0
2017-02-01,3.116,3.116,3.116,3.116,213.0
2017-02-02,3.136,3.136,3.136,3.136,17.0
2017-02-03,3.096,3.096,3.096,3.096,2.0
2017-02-06,3.114,3.114,3.114,3.114,0.0
2017-02-07,3.136,3.136,3.136,3.136,101.0
2017-02-08,3.131,3.131,3.131,3.131,35.0
2017-02-09,3.137,3.137,3.137,3.137,5.0
2017-02-10,3.119,3.119,3.119,3.119,0.0
2017-02-13,3.104,3.104,3.104,3.104,137.0
2017-02-14,3.095,3.095,3.095,3.095,94.0
2017-02-15,3.093,3.093,3.087,3.087,31.0
2017-02-16,3.078,3.078,3.078,3.078,106.0
2017-02-17,3.087,3.087,3.075,3.077,93.0
2017-02-21,3.037,3.037,3.037,3.037,39.0
2017-02-22,3.041,3.041,3.041,3.041,23.0
2017-02-23,3.041,3.041,3.036,3.036,176.0
2017-02-24,3.03,3.038,3.03,3.038,56.0
2017-02-27,3.023,3.031,3.013,3.025,41.0
2017-02-28,3.015,3.037,3.015,3.037,21.0
2017-03-01,3.084,3.084,3.084,3.084,282.0
2017-03-02,3.08,3.101,3.08,3.101,8.0
2017-03-03,3.103,3.103,3.103,3.103,160.0
2017-03-06,3.092,3.092,3.092,3.092,254.0
2017-03-07,3.095,3.095,3.082,3.082,15.0
2017-03-08,3.09,3.103,3.089,3.098,124.0
2017-03-09,3.107,3.107,3.107,3.107,252.0
2017-03-10,3.098,3.104,3.098,3.104,127.0
2017-03-13,3.104,3.104,3.104,3.104,23.0
2017-03-14,3.06,3.06,3.06,3.06,588.0
2017-03-15,3.068,3.069,3.068,3.069,67.0
2017-03-16,3.065,3.065,3.065,3.065,474.0
2017-03-17,3.068,3.068,3.068,3.068,122.0
2017-03-20,3.082,3.082,3.082,3.082,34.0
2017-03-21,3.094,3.094,3.094,3.094,127.0
2017-03-22,3.082,3.082,3.07,3.076,147.0
2017-03-23,3.091,3.091,3.091,3.091,492.0
2017-03-24,3.095,3.095,3.095,3.095,328.0
2017-03-27,3.08,3.096,3.08,3.096,57.0
2017-03-28,3.099,3.099,3.085,3.087,101.0
2017-03-29,3.089,3.1,3.085,3.097,503.0
2017-03-30,3.09,3.09,3.07,3.07,64.0
2017-03-31,3.082,3.082,3.049,3.049,131.0
2017-04-03,3.047,3.057,3.047,3.057,265.0
2017-04-04,3.07,3.099,3.07,3.088,518.0
2017-04-05,3.092,3.092,3.092,3.092,48.0
2017-04-06,3.083,3.087,3.08,3.087,66.0
2017-04-07,3.068,3.071,3.068,3.071,271.0
2017-04-10,3.07,3.07,3.07,3.07,20.0
2017-04-11,3.08,3.082,3.08,3.082,224.0
2017-04-12,3.092,3.092,3.09,3.09,45.0
2017-04-13,3.108,3.108,3.108,3.108,92.0
2017-04-17,3.11,3.11,3.11,3.11,32.0
2017-04-18,3.113,3.116,3.107,3.116,60.0
2017-04-19,3.132,3.132,3.122,3.122,62.0
2017-04-20,3.142,3.147,3.138,3.147,92.0
2017-04-21,3.147,3.15,3.138,3.15,175.0
2017-04-24,3.145,3.148,3.145,3.148,60.0
2017-04-25,3.149,3.157,3.138,3.157,132.0
2017-04-26,3.159,3.159,3.159,3.159,288.0
2017-04-27,3.145,3.145,3.138,3.144,74.0
2017-04-28,3.145,3.145,3.144,3.144,609.0
2017-05-01,3.122,3.122,3.105,3.109,179.0
2017-05-02,3.109,3.109,3.104,3.104,50.0
2017-05-03,3.11,3.112,3.105,3.112,388.0
2017-05-04,3.106,3.106,3.106,3.106,575.0
2017-05-05,3.125,3.125,3.125,3.125,795.0
2017-05-08,3.088,3.107,3.088,3.102,152.0
2017-05-09,3.107,3.112,3.107,3.112,381.0
2017-05-10,3.125,3.128,3.121,3.121,245.0
2017-05-11,3.124,3.125,3.121,3.125,974.0
2017-05-12,3.127,3.127,3.122,3.124,517.0
2017-05-15,3.12,3.12,3.117,3.117,120.0
2017-05-16,3.105,3.108,3.105,3.105,157.0
2017-05-17,3.105,3.11,3.101,3.11,185.0
2017-05-18,3.116,3.117,3.116,3.117,101.0
2017-05-19,3.125,3.125,3.117,3.117,186.0
2017-05-22,3.131,3.131,3.126,3.126,9.0
2017-05-23,3.117,3.117,3.117,3.117,80.0
2017-05-24,3.117,3.117,3.108,3.108,115.0
2017-05-25,3.11,3.118,3.11,3.118,118.0
2017-05-26,3.12,3.12,3.115,3.12,218.0
2017-05-30,3.105,3.105,3.104,3.104,718.0
2017-05-31,3.096,3.101,3.088,3.088,175.0
2017-06-01,3.098,3.113,3.093,3.093,1032.0
2017-06-02,3.105,3.107,3.104,3.104,255.0
2017-06-05,3.098,3.098,3.092,3.092,1255.0
2017-06-06,3.104,3.105,3.102,3.102,25.0
2017-06-07,3.089,3.106,3.089,3.106,85.0
2017-06-08,3.103,3.112,3.103,3.112,361.0
2017-06-09,3.104,3.11,3.104,3.11,263.0
2017-06-12,3.111,3.115,3.097,3.112,181.0
2017-06-13,3.096,3.1,3.08,3.1,898.0
2017-06-14,3.09,3.09,3.078,3.078,1936.0
2017-06-15,3.07,3.096,3.07,3.096,846.0
2017-06-16,3.08,3.08,3.08,3.08,820.0
2017-06-19,3.05,3.05,3.028,3.031,219.0
2017-06-20,3.043,3.043,3.043,3.043,894.0
2017-06-21,3.059,3.06,3.053,3.053,239.0
2017-06-22,3.056,3.056,3.043,3.052,778.0
2017-06-23,3.057,3.061,3.055,3.06,161.0
2017-06-26,3.062,3.065,3.06,3.061,39.0
2017-06-27,3.054,3.058,3.048,3.053,269.0
2017-06-28,3.047,3.05,3.047,3.048,228.0
2017-06-29,3.048,3.048,3.03,3.037,267.0
2017-06-30,3.03,3.051,3.02,3.04,472.0
2017-07-03,3.02,3.037,3.02,3.024,331.0
2017-07-05,3.02,3.02,2.984,2.984,276.0
2017-07-06,3.01,3.01,2.983,2.989,283.0
2017-07-07,2.992,2.997,2.992,2.992,121.0
2017-07-10,3.01,3.018,3.01,3.013,133.0
2017-07-11,3.035,3.047,3.035,3.047,491.0
2017-07-12,3.04,3.04,3.029,3.029,259.0
2017-07-13,3.029,3.051,3.029,3.051,90.0
2017-07-14,3.056,3.063,3.056,3.063,211.0
2017-07-17,3.058,3.067,3.05,3.064,187.0
2017-07-18,3.061,3.077,3.057,3.077,215.0
2017-07-19,3.072,3.072,3.068,3.072,1273.0
2017-07-20,3.069,3.074,3.062,3.074,1190.0
2017-07-21,3.068,3.068,3.042,3.056,1168.0
2017-07-24,3.04,3.046,3.001,3.003,2421.0
2017-07-25,3.014,3.034,3.014,3.022,950.0
2017-07-26,3.028,3.028,3.015,3.026,337.0
2017-07-27,3.032,3.034,3.032,3.034,135.0
2017-07-28,3.041,3.042,3.04,3.042,158.0
2017-07-31,3.01,3.032,3.001,3.011,1796.0
2017-08-01,3.01,3.038,3.01,3.022,554.0
2017-08-02,3.044,3.044,3.043,3.043,472.0
2017-08-03,3.057,3.061,3.049,3.056,218.0
2017-08-04,3.051,3.055,3.042,3.048,188.0
2017-08-07,3.059,3.059,3.048,3.059,67.0
2017-08-08,3.065,3.069,3.047,3.069,523.0
2017-08-09,3.071,3.071,3.068,3.068,536.0
2017-08-10,3.081,3.083,3.081,3.083,396.0
2017-08-11,3.081,3.085,3.08,3.085,404.0
2017-08-14,3.079,3.091,3.079,3.091,356.0
2017-08-15,3.082,3.083,3.066,3.08,409.0
2017-08-16,3.069,3.069,3.062,3.062,497.0
2017-08-17,3.059,3.072,3.055,3.067,695.0
2017-08-18,3.082,3.082,3.064,3.065,84.0
2017-08-21,3.084,3.084,3.084,3.084,229.0
2017-08-22,3.085,3.085,3.079,3.079,1213.0
2017-08-23,3.071,3.083,3.07,3.082,230.0
2017-08-24,3.085,3.09,3.07,3.081,614.0
2017-08-25,3.069,3.07,3.06,3.07,333.0
2017-08-28,3.07,3.082,3.07,3.082,117.0
2017-08-29,3.086,3.09,3.082,3.09,288.0
2017-08-30,3.088,3.09,3.081,3.082,288.0
2017-08-31,3.069,3.101,3.069,3.101,354.0
2017-09-01,3.075,3.112,3.07,3.112,650.0
2017-09-05,3.085,3.094,3.081,3.094,451.0
2017-09-06,3.103,3.112,3.1,3.104,637.0
2017-09-07,3.113,3.117,3.102,3.117,1529.0
2017-09-08,3.108,3.11,3.095,3.103,584.0
2017-09-11,3.126,3.13,3.118,3.13,477.0
2017-09-12,3.126,3.141,3.125,3.138,1376.0
2017-09-13,3.146,3.149,3.14,3.144,1052.0
2017-09-14,3.133,3.148,3.133,3.148,1867.0
2017-09-15,3.139,3.168,3.137,3.165,718.0
2017-09-18,3.175,3.18,3.172,3.179,785.0
2017-09-19,3.184,3.185,3.166,3.18,595.0
2017-09-20,3.179,3.179,3.173,3.178,390.0
2017-09-21,3.17,3.17,3.131,3.136,634.0
2017-09-22,3.141,3.155,3.139,3.155,376.0
2017-09-25,3.148,3.148,3.127,3.129,905.0
2017-09-26,3.128,3.137,3.125,3.132,275.0
2017-09-27,3.151,3.152,3.146,3.152,1182.0
2017-09-28,3.141,3.147,3.136,3.147,570.0
2017-09-29,3.13,3.138,3.13,3.137,446.0
2017-10-02,3.101,3.122,3.098,3.122,802.0
2017-10-03,3.116,3.123,3.11,3.121,2233.0
2017-10-04,3.153,3.154,3.145,3.149,1941.0
2017-10-05,3.165,3.172,3.153,3.153,1757.0
2017-10-06,3.126,3.142,3.124,3.137,932.0
2017-10-09,3.152,3.152,3.137,3.148,643.0
2017-10-10,3.156,3.162,3.15,3.162,865.0
2017-10-11,3.16,3.161,3.14,3.14,2326.0
2017-10-12,3.145,3.152,3.132,3.148,2004.0
2017-10-13,3.158,3.167,3.157,3.166,1817.0
2017-10-16,3.143,3.168,3.141,3.168,3113.0
2017-10-17,3.17,3.174,3.157,3.171,3145.0
2017-10-18,3.163,3.165,3.15,3.165,2766.0
2017-10-19,3.166,3.179,3.144,3.179,2238.0
2017-10-20,3.173,3.181,3.155,3.181,1330.0
2017-10-23,3.178,3.178,3.17,3.178,773.0
2017-10-24,3.168,3.179,3.161,3.178,1371.0
2017-10-25,3.17,3.173,3.165,3.167,2152.0
2017-10-26,3.166,3.166,3.149,3.159,2227.0
2017-10-27,3.142,3.142,3.127,3.132,573.0
2017-10-30,3.144,3.154,3.129,3.134,1003.0
2017-10-31,3.124,3.14,3.106,3.114,599.0
2017-11-01,3.106,3.106,3.085,3.104,883.0
2017-11-02,3.122,3.122,3.109,3.113,1086.0
2017-11-03,3.123,3.127,3.113,3.127,730.0
2017-11-06,3.152,3.167,3.147,3.155,3371.0
2017-11-07,3.14,3.158,3.137,3.153,2569.0
2017-11-08,3.154,3.161,3.138,3.161,2318.0
2017-11-09,3.169,3.172,3.16,3.17,1539.0
2017-11-10,3.17,3.174,3.163,3.174,1353.0
2017-11-13,3.166,3.177,3.158,3.17,2101.0
2017-11-14,3.141,3.158,3.139,3.158,1805.0
2017-11-15,3.159,3.167,3.14,3.15,1309.0
2017-11-16,3.155,3.171,3.145,3.169,4422.0
2017-11-17,3.175,3.178,3.169,3.172,1780.0
2017-11-20,3.169,3.169,3.16,3.164,1709.0
2017-11-21,3.157,3.165,3.151,3.161,533.0
2017-11-22,3.15,3.157,3.137,3.141,1144.0
2017-11-24,3.142,3.142,3.079,3.084,1993.0
2017-11-27,3.11,3.125,3.109,3.115,6382.0
2017-11-28,3.135,3.15,3.131,3.147,2504.0
2017-11-29,3.156,3.173,3.146,3.157,4018.0
2017-11-30,3.14,3.143,3.112,3.115,2718.0
2017-12-01,3.126,3.152,3.113,3.113,1199.0
2017-12-04,3.129,3.13,3.055,3.071,2713.0
2017-12-05,3.06,3.076,3.033,3.061,2312.0
2017-12-06,3.068,3.072,3.043,3.061,1890.0
2017-12-07,3.058,3.06,2.998,3.011,2919.0
2017-12-08,3.02,3.03,3.0,3.007,1163.0
2017-12-11,3.015,3.024,2.998,3.02,1193.0
2017-12-12,3.001,3.014,2.937,2.941,2636.0
2017-12-13,2.956,2.967,2.905,2.945,2276.0
2017-12-14,2.936,2.946,2.915,2.946,1989.0
2017-12-15,2.96,2.96,2.887,2.904,2883.0
2017-12-18,2.93,2.969,2.93,2.947,2461.0
2017-12-19,2.916,2.959,2.913,2.936,1665.0
2017-12-20,2.951,2.957,2.877,2.889,2678.0
2017-12-21,2.881,2.881,2.85,2.867,3134.0
2017-12-22,2.871,2.897,2.859,2.897,663.0
2017-12-26,2.932,2.941,2.893,2.901,809.0
2017-12-27,2.903,2.94,2.895,2.935,1977.0
2017-12-28,2.982,2.986,2.961,2.977,2086.0
2017-12-29,3.0,3.005,2.983,2.999,3912.0
2018-01-02,3.009,3.032,2.993,3.016,2657.0
2018-01-03,2.995,3.008,2.974,3.004,1330.0
2018-01-04,3.02,3.022,2.941,2.956,1671.0
2018-01-05,2.912,2.93,2.896,2.927,2027.0
2018-01-08,2.951,2.951,2.899,2.947,3919.0
2018-01-09,2.968,2.983,2.933,2.981,6734.0
2018-01-10,2.978,2.993,2.937,2.969,4495.0
2018-01-11,2.956,2.987,2.943,2.982,7913.0
2018-01-12,2.981,2.996,2.952,2.994,5965.0
2018-01-16,2.969,2.99,2.957,2.986,5531.0
2018-01-17,2.991,3.003,2.967,3.003,8971.0
2018-01-18,3.003,3.005,2.966,3.002,6474.0
2018-01-19,2.977,3.002,2.97,2.977,5717.0
2018-01-22,2.957,2.991,2.95,2.989,4162.0
2018-01-23,2.992,3.028,2.987,3.009,6847.0
2018-01-24,3.025,3.026,2.988,3.024,5825.0
2018-01-25,3.02,3.035,3.004,3.028,5066.0
2018-01-26,3.04,3.045,3.024,3.036,3172.0
2018-01-29,3.01,3.05,3.008,3.049,6714.0
2018-01-30,3.061,3.067,3.044,3.067,8561.0
2018-01-31,3.06,3.06,3.011,3.025,5829.0
2018-02-01,3.01,3.022,2.984,3.003,7658.0
2018-02-02,3.015,3.025,2.992,3.002,3213.0
2018-02-05,2.985,3.007,2.957,2.966,6024.0
2018-02-06,2.964,2.976,2.937,2.963,3128.0
2018-02-07,2.976,2.976,2.93,2.948,4580.0
2018-02-08,2.952,2.976,2.94,2.947,3671.0
2018-02-09,2.95,2.95,2.882,2.898,5871.0
2018-02-12,2.872,2.912,2.872,2.889,5272.0
2018-02-13,2.9,2.921,2.9,2.911,8523.0
2018-02-14,2.925,2.927,2.885,2.899,4234.0
2018-02-15,2.908,2.908,2.858,2.887,6163.0
2018-02-16,2.871,2.892,2.867,2.886,2645.0
2018-02-20,2.905,2.935,2.892,2.91,5097.0
2018-02-21,2.894,2.94,2.866,2.93,2165.0
2018-02-22,2.929,2.937,2.917,2.932,1969.0
2018-02-23,2.912,2.936,2.898,2.921,3719.0
2018-02-26,2.949,2.963,2.906,2.936,4017.0
2018-02-27,2.933,2.951,2.902,2.942,3215.0
2018-02-28,2.937,2.955,2.922,2.928,3683.0
2018-03-01,2.931,2.966,2.909,2.954,6576.0
2018-03-02,2.951,2.97,2.939,2.948,7220.0
2018-03-05,2.963,2.963,2.936,2.951,4981.0
2018-03-06,2.957,2.979,2.947,2.978,9123.0
2018-03-07,2.978,3.0,2.972,3.0,12638.0
2018-03-08,2.994,3.008,2.976,2.998,6568.0
2018-03-09,2.973,2.992,2.964,2.981,10265.0
2018-03-12,2.985,3.014,2.966,3.004,10717.0
2018-03-13,3.007,3.018,2.998,3.012,6703.0
2018-03-14,3.004,3.016,2.964,2.995,5831.0
2018-03-15,2.995,3.005,2.951,2.967,5318.0
2018-03-16,2.96,2.968,2.952,2.967,2188.0
2018-03-19,2.959,2.973,2.933,2.945,3337.0
2018-03-20,2.943,2.968,2.942,2.962,4865.0
2018-03-21,2.962,2.98,2.926,2.932,4471.0
2018-03-22,2.938,2.947,2.92,2.926,3418.0
2018-03-23,2.913,2.929,2.897,2.903,3905.0
2018-03-26,2.895,2.935,2.893,2.919,5958.0
2018-03-27,2.939,2.951,2.92,2.949,8980.0
2018-03-28,2.942,2.952,2.928,2.942,4143.0
2018-03-29,2.942,2.972,2.942,2.955,8630.0
2018-04-02,2.953,2.971,2.908,2.936,6281.0
2018-04-03,2.932,2.949,2.928,2.943,7487.0
2018-04-04,2.953,2.967,2.928,2.95,15049.0
2018-04-05,2.926,2.937,2.908,2.935,8383.0
2018-04-06,2.941,2.958,2.933,2.945,12465.0
2018-04-09,2.933,2.938,2.9,2.93,8120.0
2018-04-10,2.925,2.947,2.892,2.911,9148.0
2018-04-11,2.91,2.924,2.887,2.918,9533.0
2018-04-12,2.91,2.931,2.899,2.923,7209.0
2018-04-13,2.924,2.957,2.911,2.938,9949.0
2018-04-16,2.949,2.965,2.941,2.953,9136.0
2018-04-17,2.934,2.958,2.922,2.946,6768.0
2018-04-18,2.946,2.972,2.936,2.94,10774.0
2018-04-19,2.942,2.942,2.866,2.868,17536.0
2018-04-20,2.875,2.909,2.862,2.903,13958.0
2018-04-23,2.895,2.915,2.889,2.903,8534.0
2018-04-24,2.904,2.93,2.888,2.926,11249.0
2018-04-25,2.934,2.937,2.915,2.933,10275.0
2018-04-26,2.935,2.951,2.923,2.941,17303.0
2018-04-27,2.937,2.939,2.898,2.898,9610.0
2018-04-30,2.896,2.906,2.877,2.89,7519.0
2018-05-01,2.895,2.928,2.893,2.919,10683.0
2018-05-02,2.923,2.923,2.884,2.89,12351.0
2018-05-03,2.888,2.9,2.848,2.86,8362.0
2018-05-04,2.862,2.862,2.835,2.842,5696.0
2018-05-07,2.835,2.874,2.826,2.851,10559.0
2018-05-08,2.844,2.867,2.819,2.833,11198.0
2018-05-09,2.836,2.858,2.832,2.841,8677.0
2018-05-10,2.832,2.898,2.821,2.898,16841.0
2018-05-11,2.893,2.912,2.888,2.906,9406.0
2018-05-14,2.915,2.93,2.906,2.926,14508.0
2018-05-15,2.917,2.938,2.909,2.918,9639.0
2018-05-16,2.905,2.922,2.902,2.914,19486.0
2018-05-17,2.909,2.95,2.899,2.95,17403.0
2018-05-18,2.94,2.966,2.938,2.956,8609.0
2018-05-21,2.949,2.954,2.932,2.94,6632.0
2018-05-22,2.949,3.005,2.946,3.004,12975.0
2018-05-23,3.003,3.034,2.998,3.022,19075.0
2018-05-24,3.028,3.04,3.012,3.038,16729.0
2018-05-25,3.028,3.054,3.018,3.04,13202.0
2018-05-29,3.042,3.063,2.964,2.991,21633.0
2018-05-30,2.984,2.995,2.97,2.979,12747.0
2018-05-31,2.989,3.05,2.988,3.025,22366.0
2018-06-01,3.025,3.05,3.014,3.037,21109.0
2018-06-04,3.031,3.048,3.013,3.018,19991.0
2018-06-05,3.013,3.02,2.98,2.994,17170.0
2018-06-06,3.003,3.012,2.984,2.997,16979.0
2018-06-07,3.0,3.051,2.999,3.034,34930.0
2018-06-08,3.03,3.03,2.989,3.004,23484.0
2018-06-11,3.028,3.053,3.024,3.034,23349.0
2018-06-12,3.052,3.059,3.011,3.034,19767.0
2018-06-13,3.019,3.06,3.019,3.052,24512.0
2018-06-14,3.046,3.064,3.026,3.06,20108.0
2018-06-15,3.064,3.1,3.063,3.092,23133.0
2018-06-18,3.103,3.113,3.05,3.056,13582.0
2018-06-19,3.049,3.055,2.99,3.001,17679.0
2018-06-20,3.012,3.053,3.01,3.052,12400.0
2018-06-21,3.052,3.076,3.032,3.051,15547.0
2018-06-22,3.045,3.052,3.003,3.025,14306.0
2018-06-25,3.006,3.014,2.985,3.01,11030.0
2018-06-26,3.011,3.016,2.994,3.014,9841.0
2018-06-27,3.018,3.057,3.018,3.043,19707.0
2018-06-28,3.044,3.068,3.011,3.021,16317.0
2018-06-29,3.022,3.031,2.993,3.002,15742.0
2018-07-02,2.993,2.993,2.945,2.962,18404.0
2018-07-03,2.957,2.988,2.95,2.963,14961.0
2018-07-05,2.956,2.981,2.924,2.932,17565.0
2018-07-06,2.926,2.943,2.92,2.937,9366.0
2018-07-09,2.922,2.943,2.909,2.92,14365.0
2018-07-10,2.92,2.924,2.886,2.892,13002.0
2018-07-11,2.885,2.928,2.885,2.928,11167.0
2018-07-12,2.921,2.927,2.897,2.906,15330.0
2018-07-13,2.907,2.918,2.872,2.875,15345.0
2018-07-16,2.886,2.889,2.858,2.865,11424.0
2018-07-17,2.873,2.888,2.842,2.847,14916.0
2018-07-18,2.844,2.853,2.834,2.836,16639.0
2018-07-19,2.848,2.881,2.823,2.872,22485.0
2018-07-20,2.867,2.88,2.864,2.868,8863.0
2018-07-23,2.85,2.862,2.84,2.848,8823.0
2018-07-24,2.839,2.871,2.834,2.866,9529.0
2018-07-25,2.873,2.894,2.87,2.893,12057.0
2018-07-26,2.895,2.911,2.882,2.891,14536.0
2018-07-27,2.882,2.914,2.882,2.905,13515.0
2018-07-30,2.901,2.931,2.896,2.925,13246.0
2018-07-31,2.928,2.945,2.894,2.905,44415.0
2018-08-01,2.9,2.902,2.857,2.868,23694.0
2018-08-02,2.853,2.915,2.851,2.903,31014.0
2018-08-03,2.904,2.947,2.901,2.941,29396.0
2018-08-06,2.945,2.95,2.925,2.947,20035.0
2018-08-07,2.95,2.976,2.95,2.974,21970.0
2018-08-08,2.968,3.02,2.964,3.019,35950.0
2018-08-09,3.021,3.025,3.007,3.022,25621.0
2018-08-10,3.011,3.018,2.99,3.008,26188.0
2018-08-13,2.991,3.008,2.971,3.004,20375.0
2018-08-14,3.006,3.039,3.0,3.032,26936.0
2018-08-15,3.022,3.038,3.013,3.022,19475.0
2018-08-16,3.018,3.025,2.983,2.998,21157.0
2018-08-17,3.002,3.039,3.002,3.028,16875.0
2018-08-20,3.006,3.017,2.986,3.006,16559.0
2018-08-21,3.019,3.033,3.008,3.027,22494.0
2018-08-22,3.03,3.032,3.01,3.014,20163.0
2018-08-23,3.009,3.034,3.003,3.026,19690.0
2018-08-24,3.03,3.034,2.981,2.989,16066.0
2018-08-27,2.982,2.986,2.939,2.944,17798.0
2018-08-28,2.942,2.944,2.905,2.917,20848.0
2018-08-29,2.919,2.936,2.902,2.926,23779.0
2018-08-30,2.934,2.944,2.905,2.932,29053.0
2018-08-31,2.943,2.979,2.941,2.97,32986.0
2018-09-04,2.956,2.956,2.876,2.891,40344.0
2018-09-05,2.88,2.903,2.855,2.862,27927.0
2018-09-06,2.86,2.862,2.84,2.845,28382.0
2018-09-07,2.847,2.855,2.833,2.841,29176.0
2018-09-10,2.842,2.865,2.822,2.861,41422.0
2018-09-11,2.86,2.879,2.843,2.876,29152.0
2018-09-12,2.881,2.902,2.866,2.874,35286.0
2018-09-13,2.866,2.896,2.85,2.858,36883.0
2018-09-14,2.85,2.855,2.81,2.814,35380.0
2018-09-17,2.819,2.845,2.818,2.825,32843.0
2018-09-18,2.824,2.897,2.823,2.893,68532.0
2018-09-19,2.893,2.899,2.876,2.883,43727.0
2018-09-20,2.889,2.943,2.873,2.938,58529.0
2018-09-21,2.928,2.943,2.913,2.939,40961.0
2018-09-24,2.936,2.959,2.917,2.957,63075.0
2018-09-25,2.955,2.965,2.938,2.952,69906.0
2018-09-26,2.941,2.954,2.896,2.922,74092.0
2018-09-27,2.914,2.968,2.902,2.932,67278.0
2018-09-28,2.925,2.929,2.883,2.923,43021.0
2018-10-01,2.929,2.98,2.922,2.967,58376.0
2018-10-02,2.979,3.014,2.967,3.009,65008.0
2018-10-03,3.004,3.044,3.001,3.034,56852.0
2018-10-04,3.026,3.042,2.964,2.998,61923.0
2018-10-05,3.005,3.035,2.979,2.99,54805.0
2018-10-08,3.02,3.049,3.009,3.039,51051.0
2018-10-09,3.044,3.086,3.032,3.061,71066.0
2018-10-10,3.081,3.149,3.081,3.114,103194.0
2018-10-11,3.114,3.133,3.064,3.113,82309.0
2018-10-12,3.133,3.167,3.072,3.088,59286.0
2018-10-15,3.13,3.14,3.089,3.109,35191.0
2018-10-16,3.115,3.15,3.092,3.114,40160.0
2018-10-17,3.12,3.157,3.11,3.152,45383.0
2018-10-18,3.146,3.149,3.068,3.074,46107.0
2018-10-19,3.088,3.106,3.045,3.101,45697.0
2018-10-22,3.084,3.088,3.0,3.012,39000.0
2018-10-23,3.01,3.065,2.993,3.033,48078.0
2018-10-24,3.035,3.053,2.986,2.988,43182.0
2018-10-25,3.002,3.014,2.967,2.989,37227.0
2018-10-26,2.974,2.979,2.924,2.964,35868.0
2018-10-29,2.935,2.945,2.902,2.944,31338.0
2018-10-30,2.929,2.991,2.918,2.934,46697.0
2018-10-31,2.952,2.986,2.943,2.967,39593.0
2018-11-01,2.978,3.008,2.925,2.939,51467.0
2018-11-02,2.94,2.957,2.89,2.938,56635.0
2018-11-05,3.042,3.094,3.012,3.091,80145.0
2018-11-06,3.076,3.119,3.055,3.113,45551.0
2018-11-07,3.098,3.11,3.066,3.108,42796.0
2018-11-08,3.094,3.102,3.064,3.095,46332.0
2018-11-09,3.098,3.252,3.095,3.176,82042.0
2018-11-12,3.191,3.434,3.191,3.293,118853.0
2018-11-13,3.422,3.716,3.418,3.712,179905.0
2018-11-14,3.678,4.608,3.665,4.472,187906.0
2018-11-15,4.249,4.354,3.479,3.596,112607.0
2018-11-16,3.515,4.007,3.496,3.865,77893.0
2018-11-19,4.162,4.398,4.06,4.295,76194.0
2018-11-20,4.196,4.273,3.863,4.125,56673.0
2018-11-21,4.187,4.5,4.028,4.108,47028.0
2018-11-23,4.135,4.199,3.785,4.042,34007.0
2018-11-26,3.9,3.986,3.734,3.966,41737.0
2018-11-27,3.926,3.96,3.778,3.909,36660.0
2018-11-28,3.853,4.241,3.815,4.219,63303.0
2018-11-29,4.2,4.223,4.018,4.156,50786.0
2018-11-30,4.1,4.243,3.935,4.014,70557.0
2018-12-03,3.945,3.95,3.713,3.768,61275.0
2018-12-04,3.822,4.034,3.802,3.937,54806.0
2018-12-05,3.999,4.149,3.929,4.006,39826.0
2018-12-06,3.953,4.01,3.826,3.924,31032.0
2018-12-07,3.954,4.207,3.872,4.155,81119.0
2018-12-10,4.23,4.304,4.053,4.136,73330.0
2018-12-11,4.085,4.147,3.967,4.041,80033.0
2018-12-12,4.01,4.041,3.785,3.853,88840.0
2018-12-13,3.817,3.976,3.777,3.856,92751.0
2018-12-14,3.8,3.828,3.56,3.606,61499.0
2018-12-17,3.43,3.498,3.283,3.308,56720.0
2018-12-18,3.35,3.567,3.334,3.558,52167.0
2018-12-19,3.555,3.603,3.318,3.506,51067.0
2018-12-20,3.511,3.659,3.368,3.38,53771.0
2018-12-21,3.47,3.561,3.378,3.544,46866.0
2018-12-24,3.47,3.568,3.244,3.261,24976.0
2018-12-26,3.26,3.361,3.109,3.283,35627.0
2018-12-27,3.244,3.36,3.2,3.353,51288.0
2018-12-28,3.325,3.332,3.126,3.148,51876.0
2018-12-31,3.028,3.028,2.841,2.851,76644.0
2019-01-02,2.844,2.926,2.821,2.829,82471.0
2019-01-03,2.849,2.886,2.771,2.812,58531.0
2019-01-04,2.791,2.909,2.778,2.905,52511.0
2019-01-07,2.832,2.886,2.793,2.847,54216.0
2019-01-08,2.864,2.932,2.829,2.835,94534.0
2019-01-09,2.876,2.887,2.817,2.84,100716.0
2019-01-10,2.851,2.909,2.809,2.813,118285.0
2019-01-11,2.842,3.002,2.841,2.945,123051.0
2019-01-14,3.125,3.306,3.073,3.289,204907.0
2019-01-15,3.326,3.373,3.2,3.249,139542.0
2019-01-16,3.218,3.406,3.117,3.147,143924.0
2019-01-17,3.18,3.307,3.144,3.174,115005.0
2019-01-18,3.196,3.248,3.04,3.239,129417.0
2019-01-22,3.12,3.145,2.961,2.972,168710.0
2019-01-23,2.989,3.062,2.897,2.922,144472.0
2019-01-24,2.955,3.051,2.926,2.998,140324.0
2019-01-25,3.042,3.09,2.946,3.072,133908.0
2019-01-28,2.888,2.922,2.84,2.873,177063.0
2019-01-29,2.893,2.923,2.802,2.903,163697.0
2019-01-30,2.909,2.919,2.846,2.854,92035.0
2019-01-31,2.868,2.918,2.802,2.814,130106.0
2019-02-01,2.832,2.85,2.73,2.734,124495.0
2019-02-04,2.705,2.733,2.655,2.66,116490.0
2019-02-05,2.666,2.708,2.639,2.662,82246.0
2019-02-06,2.685,2.72,2.651,2.662,98332.0
2019-02-07,2.682,2.691,2.549,2.551,211794.0
2019-02-08,2.573,2.62,2.558,2.583,147876.0
2019-02-11,2.65,2.744,2.638,2.642,202418.0
2019-02-12,2.647,2.698,2.618,2.688,169233.0
2019-02-13,2.665,2.669,2.558,2.575,185480.0
2019-02-14,2.591,2.613,2.566,2.573,101556.0
2019-02-15,2.572,2.637,2.543,2.625,98409.0
2019-02-19,2.621,2.673,2.6,2.662,151748.0
2019-02-20,2.66,2.689,2.631,2.636,110138.0
2019-02-21,2.646,2.708,2.639,2.697,97901.0
2019-02-22,2.701,2.726,2.675,2.717,35118.0
2019-02-25,2.757,2.851,2.733,2.836,80154.0
2019-02-26,2.843,2.908,2.816,2.855,14315.0
