DATETIME,OPEN,HIGH,LOW,FINAL,VOLUME
2012-04-27,5.327,5.327,5.327,5.327,0.0
2012-04-30,5.367,5.367,5.367,5.367,0.0
2012-05-01,5.369,5.369,5.369,5.369,0.0
2012-05-02,5.372,5.372,5.372,5.372,0.0
2012-05-03,5.377,5.377,5.377,5.377,0.0
2012-05-04,5.369,5.369,5.369,5.369,0.0
2012-05-07,5.379,5.379,5.379,5.379,0.0
2012-05-08,5.372,5.372,5.372,5.372,0.0
2012-05-09,5.401,5.401,5.401,5.401,0.0
2012-05-10,5.386,5.386,5.386,5.386,0.0
2012-05-11,5.366,5.366,5.366,5.366,0.0
2012-05-14,5.374,5.374,5.374,5.374,0.0
2012-05-15,5.406,5.406,5.406,5.406,0.0
2012-05-16,5.434,5.434,5.434,5.434,0.0
2012-05-17,5.423,5.423,5.423,5.423,0.0
2012-05-18,5.462,5.462,5.462,5.462,0.0
2012-05-21,5.402,5.402,5.402,5.402,0.0
2012-05-22,5.443,5.443,5.443,5.443,0.0
2012-05-23,5.427,5.427,5.427,5.427,0.0
2012-05-24,5.436,5.436,5.436,5.436,0.0
2012-05-25,5.481,5.481,5.481,5.481,0.0
2012-05-29,5.452,5.452,5.452,5.452,0.0
2012-05-30,5.41,5.41,5.41,5.41,0.0
2012-05-31,5.485,5.485,5.485,5.485,0.0
2012-06-01,5.45,5.45,5.45,5.45,0.0
2012-06-04,5.452,5.452,5.452,5.452,0.0
2012-06-05,5.394,5.394,5.394,5.394,0.0
2012-06-06,5.389,5.389,5.389,5.389,0.0
2012-06-07,5.368,5.368,5.368,5.368,0.0
2012-06-08,5.389,5.389,5.389,5.389,0.0
2012-06-11,5.352,5.352,5.352,5.352,0.0
2012-06-12,5.352,5.352,5.352,5.352,0.0
2012-06-13,5.333,5.333,5.333,5.333,0.0
2012-06-14,5.358,5.358,5.358,5.358,0.0
2012-06-15,5.235,5.235,5.235,5.235,0.0
2012-06-18,5.181,5.181,5.181,5.181,0.0
2012-06-19,5.221,5.221,5.221,5.221,0.0
2012-06-20,5.221,5.221,5.221,5.221,0.0
2012-06-21,5.196,5.196,5.196,5.196,0.0
2012-06-22,5.168,5.168,5.168,5.168,0.0
2012-06-25,5.195,5.195,5.195,5.195,0.0
2012-06-26,5.24,5.24,5.24,5.24,0.0
2012-06-27,5.258,5.258,5.258,5.258,0.0
2012-06-28,5.256,5.256,5.256,5.256,0.0
2012-06-29,5.244,5.244,5.244,5.244,0.0
2012-07-02,5.255,5.255,5.255,5.255,0.0
2012-07-03,5.296,5.296,5.296,5.296,0.0
2012-07-05,5.299,5.299,5.299,5.299,0.0
2012-07-06,5.251,5.251,5.251,5.251,0.0
2012-07-09,5.3,5.3,5.3,5.3,0.0
2012-07-10,5.293,5.293,5.293,5.293,0.0
2012-07-11,5.34,5.34,5.34,5.34,0.0
2012-07-12,5.329,5.329,5.329,5.329,0.0
2012-07-13,5.332,5.332,5.332,5.332,0.0
2012-07-16,5.283,5.283,5.283,5.283,0.0
2012-07-17,5.491,5.491,5.491,5.491,0.0
2012-07-18,5.59,5.59,5.59,5.59,0.0
2012-07-19,5.549,5.549,5.549,5.549,0.0
2012-07-20,5.571,5.571,5.571,5.571,0.0
2012-07-23,5.58,5.58,5.58,5.58,0.0
2012-07-24,5.617,5.617,5.617,5.617,0.0
2012-07-25,5.624,5.624,5.624,5.624,0.0
2012-07-26,5.667,5.667,5.667,5.667,0.0
2012-07-27,5.669,5.669,5.669,5.669,0.0
2012-07-30,5.737,5.737,5.737,5.737,0.0
2012-07-31,5.697,5.697,5.697,5.697,0.0
2012-08-01,5.662,5.662,5.662,5.662,0.0
2012-08-02,5.542,5.542,5.542,5.542,0.0
2012-08-03,5.514,5.514,5.514,5.514,0.0
2012-08-06,5.828,5.828,5.828,5.828,0.0
2012-08-07,5.741,5.741,5.741,5.741,0.0
2012-08-08,6.013,6.013,6.013,6.013,0.0
2012-08-09,5.913,5.913,5.913,5.913,0.0
2012-08-10,5.85,5.85,5.85,5.85,0.0
2012-08-13,5.823,5.823,5.823,5.823,0.0
2012-08-14,5.865,5.865,5.865,5.865,0.0
2012-08-15,5.958,5.958,5.958,5.958,0.0
2012-08-16,5.931,5.931,5.931,5.931,0.0
2012-08-17,5.929,5.929,5.929,5.929,0.0
2012-08-20,5.968,5.968,5.968,5.968,0.0
2012-08-21,5.971,5.971,5.971,5.971,0.0
2012-08-22,5.962,5.962,5.962,5.962,0.0
2012-08-23,5.945,5.945,5.945,5.945,0.0
2012-08-24,5.918,5.918,5.918,5.918,0.0
2012-08-27,5.893,5.893,5.893,5.893,0.0
2012-08-28,5.838,5.838,5.838,5.838,0.0
2012-08-29,5.859,5.859,5.859,5.859,0.0
2012-08-30,5.866,5.866,5.866,5.866,0.0
2012-08-31,5.891,5.891,5.891,5.891,0.0
2012-09-04,5.893,5.893,5.893,5.893,0.0
2012-09-05,5.883,5.883,5.883,5.883,0.0
2012-09-06,5.879,5.879,5.879,5.879,0.0
2012-09-07,5.829,5.829,5.829,5.829,0.0
2012-09-10,5.794,5.794,5.794,5.794,0.0
2012-09-11,5.834,5.834,5.834,5.834,0.0
2012-09-12,5.909,5.909,5.909,5.909,0.0
2012-09-13,5.924,5.924,5.924,5.924,0.0
2012-09-14,5.914,5.914,5.914,5.914,0.0
2012-09-17,5.895,5.895,5.895,5.895,0.0
2012-09-18,6.002,6.002,6.002,6.002,0.0
2012-09-19,6.002,6.002,6.002,6.002,0.0
2012-09-20,6.006,6.006,6.006,6.006,0.0
2012-09-21,6.065,6.065,6.065,6.065,0.0
2012-09-24,6.049,6.049,6.049,6.049,0.0
2012-09-25,6.066,6.066,6.066,6.066,0.0
2012-09-26,6.032,6.032,6.032,6.032,0.0
2012-09-27,6.056,6.056,6.056,6.056,0.0
2012-09-28,6.068,6.068,6.068,6.068,0.0
2012-10-01,6.089,6.089,6.089,6.089,0.0
2012-10-02,6.045,6.045,6.045,6.045,0.0
2012-10-03,6.023,6.023,6.023,6.023,0.0
2012-10-04,6.003,6.003,6.003,6.003,0.0
2012-10-05,6.053,6.053,6.053,6.053,0.0
2012-10-08,6.092,6.092,6.092,6.092,0.0
2012-10-09,6.098,6.098,6.098,6.098,0.0
2012-10-10,6.074,6.074,6.074,6.074,0.0
2012-10-11,6.102,6.102,6.102,6.102,0.0
2012-10-12,6.063,6.063,6.063,6.063,0.0
2012-10-15,6.029,6.029,6.029,6.029,0.0
2012-10-16,6.035,6.035,6.035,6.035,0.0
2012-10-17,6.083,6.083,6.083,6.083,0.0
2012-10-18,6.022,6.022,6.022,6.022,0.0
2012-10-19,6.02,6.02,6.02,6.02,0.0
2012-10-22,6.028,6.028,6.028,6.028,0.0
2012-10-23,6.066,6.066,6.066,6.066,0.0
2012-10-24,6.041,6.041,6.041,6.041,0.0
2012-10-25,6.071,6.071,6.071,6.071,0.0
2012-10-26,6.08,6.08,6.08,6.08,0.0
2012-10-29,6.149,6.149,6.149,6.149,0.0
2012-10-30,6.08,6.08,6.08,6.08,0.0
2012-10-31,6.083,6.083,6.083,6.083,0.0
2012-11-01,6.09,6.09,6.09,6.09,0.0
2012-11-02,5.989,5.989,5.989,5.989,0.0
2012-11-05,5.946,5.946,5.946,5.946,0.0
2012-11-06,5.991,5.991,5.991,5.991,0.0
2012-11-07,5.967,5.967,5.967,5.967,0.0
2012-11-08,6.01,6.01,6.01,6.01,0.0
2012-11-09,5.949,5.949,5.949,5.949,0.0
2012-11-12,5.999,5.999,5.999,5.999,0.0
2012-11-13,6.038,6.038,6.038,6.038,0.0
2012-11-14,6.005,6.005,6.005,6.005,0.0
2012-11-15,5.926,5.926,5.926,5.926,0.0
2012-11-16,5.924,5.924,5.924,5.924,0.0
2012-11-19,5.889,5.889,5.889,5.889,0.0
2012-11-20,5.93,5.93,5.93,5.93,0.0
2012-11-21,5.899,5.899,5.899,5.899,0.0
2012-11-23,5.886,5.886,5.886,5.886,0.0
2012-11-26,5.845,5.845,5.845,5.845,0.0
2012-11-27,5.88,5.88,5.88,5.88,0.0
2012-11-28,5.872,5.872,5.872,5.872,0.0
2012-11-29,5.796,5.796,5.796,5.796,0.0
2012-11-30,5.777,5.777,5.777,5.777,0.0
2012-12-03,5.811,5.811,5.811,5.811,0.0
2012-12-04,5.786,5.786,5.786,5.786,0.0
2012-12-05,5.816,5.816,5.816,5.816,0.0
2012-12-06,5.808,5.808,5.808,5.808,0.0
2012-12-07,5.785,5.785,5.785,5.785,0.0
2012-12-10,5.807,5.807,5.807,5.807,0.0
2012-12-11,5.78,5.78,5.78,5.78,0.0
2012-12-12,5.774,5.774,5.774,5.774,0.0
2012-12-13,5.781,5.781,5.781,5.781,0.0
2012-12-14,5.777,5.777,5.777,5.777,0.0
2012-12-17,5.832,5.832,5.832,5.832,0.0
2012-12-18,5.969,5.969,5.969,5.969,0.0
2012-12-19,5.939,5.939,5.939,5.939,0.0
2012-12-20,6.005,6.005,6.005,6.005,0.0
2012-12-21,5.987,5.987,5.987,5.987,0.0
2012-12-24,5.95,5.95,5.95,5.95,0.0
2012-12-26,5.97,5.97,5.97,5.97,0.0
2012-12-27,5.953,5.953,5.953,5.953,0.0
2012-12-28,5.948,5.948,5.948,5.948,0.0
2012-12-31,5.907,5.907,5.907,5.907,0.0
2013-01-02,5.871,5.871,5.871,5.871,0.0
2013-01-03,5.866,5.866,5.866,5.866,0.0
2013-01-04,5.924,5.924,5.924,5.924,0.0
2013-01-07,5.905,5.905,5.905,5.905,0.0
2013-01-08,5.883,5.883,5.883,5.883,0.0
2013-01-09,5.863,5.863,5.863,5.863,0.0
2013-01-10,5.875,5.875,5.875,5.875,0.0
2013-01-11,5.836,5.836,5.836,5.836,0.0
2013-01-14,5.823,5.823,5.823,5.823,0.0
2013-01-15,5.833,5.833,5.833,5.833,0.0
2013-01-16,5.833,5.833,5.833,5.833,0.0
2013-01-17,5.822,5.822,5.822,5.822,0.0
2013-01-18,5.853,5.853,5.853,5.853,0.0
2013-01-22,5.847,5.847,5.847,5.847,0.0
2013-01-23,5.882,5.882,5.882,5.882,0.0
2013-01-24,5.853,5.853,5.853,5.853,0.0
2013-01-25,5.873,5.873,5.873,5.873,0.0
2013-01-28,5.813,5.813,5.813,5.813,0.0
2013-01-29,5.784,5.784,5.784,5.784,0.0
2013-01-30,5.808,5.808,5.808,5.808,0.0
2013-01-31,5.799,5.799,5.799,5.799,0.0
2013-02-01,5.756,5.756,5.756,5.756,0.0
2013-02-04,5.776,5.776,5.776,5.776,0.0
2013-02-05,5.778,5.778,5.778,5.778,0.0
2013-02-06,5.773,5.773,5.773,5.773,0.0
2013-02-07,5.749,5.749,5.749,5.749,0.0
2013-02-08,5.794,5.794,5.794,5.794,0.0
2013-02-11,5.804,5.804,5.804,5.804,0.0
2013-02-12,5.821,5.821,5.821,5.821,0.0
2013-02-13,5.85,5.85,5.85,5.85,0.0
2013-02-14,5.826,5.826,5.826,5.826,0.0
2013-02-15,5.807,5.807,5.807,5.807,0.0
2013-02-19,5.848,5.848,5.848,5.848,0.0
2013-02-20,5.826,5.826,5.826,5.826,0.0
2013-02-21,5.799,5.799,5.799,5.799,0.0
2013-02-22,5.796,5.796,5.796,5.796,0.0
2013-02-25,5.797,5.797,5.797,5.797,0.0
2013-02-26,5.801,5.801,5.801,5.801,0.0
2013-02-27,5.794,5.794,5.794,5.794,0.0
2013-02-28,5.815,5.815,5.815,5.815,0.0
2013-03-01,5.836,5.836,5.836,5.836,0.0
2013-03-04,5.877,5.877,5.877,5.877,0.0
2013-03-05,5.865,5.865,5.865,5.865,0.0
2013-03-06,5.835,5.835,5.835,5.835,0.0
2013-03-07,5.869,5.869,5.869,5.869,0.0
2013-03-08,5.865,5.865,5.865,5.865,0.0
2013-03-11,5.858,5.858,5.858,5.858,0.0
2013-03-12,5.828,5.828,5.828,5.828,0.0
2013-03-13,5.839,5.839,5.839,5.839,0.0
2013-03-14,5.831,5.831,5.831,5.831,0.0
2013-03-15,5.834,5.834,5.834,5.834,0.0
2013-03-18,5.819,5.819,5.819,5.819,0.0
2013-03-19,5.844,5.844,5.844,5.844,0.0
2013-03-20,5.838,5.838,5.838,5.838,0.0
2013-03-21,5.775,5.775,5.775,5.775,0.0
2013-03-22,5.767,5.767,5.767,5.767,0.0
2013-03-25,5.733,5.733,5.733,5.733,0.0
2013-03-26,5.745,5.745,5.745,5.745,0.0
2013-03-27,5.68,5.68,5.68,5.68,0.0
2013-03-28,5.597,5.597,5.597,5.597,0.0
2013-04-01,5.586,5.586,5.586,5.586,0.0
2013-04-02,5.535,5.535,5.535,5.535,0.0
2013-04-03,5.605,5.605,5.605,5.605,0.0
2013-04-04,5.617,5.617,5.617,5.617,0.0
2013-04-05,5.594,5.594,5.594,5.594,0.0
2013-04-08,5.505,5.505,5.505,5.505,0.0
2013-04-09,5.335,5.335,5.335,5.335,0.0
2013-04-10,5.279,5.279,5.279,5.279,0.0
2013-04-11,5.358,5.358,5.358,5.358,0.0
2013-04-12,5.512,5.512,5.512,5.512,0.0
2013-04-15,5.523,5.523,5.523,5.523,0.0
2013-04-16,5.604,5.604,5.604,5.604,0.0
2013-04-17,5.608,5.608,5.608,5.608,0.0
2013-04-18,5.598,5.598,5.598,5.598,0.0
2013-04-19,5.597,5.597,5.597,5.597,0.0
2013-04-22,5.59,5.59,5.59,5.59,0.0
2013-04-23,5.578,5.578,5.578,5.578,0.0
2013-04-24,5.443,5.443,5.443,5.443,0.0
2013-04-25,5.459,5.459,5.459,5.459,0.0
2013-04-26,5.461,5.461,5.461,5.461,0.0
2013-04-29,5.474,5.474,5.474,5.474,0.0
2013-04-30,5.475,5.475,5.475,5.475,0.0
2013-05-01,5.46,5.46,5.46,5.46,0.0
2013-05-02,5.468,5.468,5.468,5.468,0.0
2013-05-03,5.531,5.531,5.531,5.531,0.0
2013-05-06,5.582,5.582,5.582,5.582,0.0
2013-05-07,5.581,5.581,5.581,5.581,0.0
2013-05-08,5.565,5.565,5.565,5.565,0.0
2013-05-09,5.527,5.527,5.527,5.527,0.0
2013-05-10,5.489,5.489,5.489,5.489,0.0
2013-05-13,5.499,5.499,5.499,5.499,0.0
2013-05-14,5.53,5.53,5.53,5.53,0.0
2013-05-15,5.512,5.512,5.512,5.512,0.0
2013-05-16,5.509,5.509,5.509,5.509,0.0
2013-05-17,5.669,5.669,5.669,5.669,0.0
2013-05-20,5.851,5.851,5.851,5.851,0.0
2013-05-21,5.923,5.923,5.923,5.923,0.0
2013-05-22,6.048,6.048,6.048,6.048,0.0
2013-05-23,6.016,6.016,6.016,6.016,0.0
2013-05-24,6.007,6.007,6.007,6.007,0.0
2013-05-28,5.996,5.996,5.996,5.996,0.0
2013-05-29,5.987,5.987,5.987,5.987,0.0
2013-05-30,5.947,5.947,5.947,5.947,0.0
2013-05-31,5.989,5.989,5.989,5.989,0.0
2013-06-03,6.004,6.004,6.004,6.004,0.0
2013-06-04,5.986,5.986,5.986,5.986,0.0
2013-06-05,5.958,5.958,5.958,5.958,0.0
2013-06-06,5.903,5.903,5.903,5.903,0.0
2013-06-07,5.929,5.929,5.929,5.929,0.0
2013-06-10,5.913,5.913,5.913,5.913,0.0
2013-06-11,5.838,5.838,5.838,5.838,0.0
2013-06-12,5.797,5.797,5.797,5.797,0.0
2013-06-13,5.801,5.801,5.801,5.801,0.0
2013-06-14,5.787,5.787,5.787,5.787,0.0
2013-06-17,5.823,5.823,5.823,5.823,0.0
2013-06-18,5.88,5.88,5.88,5.88,0.0
2013-06-19,5.847,5.847,5.847,5.847,0.0
2013-06-20,5.828,5.828,5.828,5.828,0.0
2013-06-21,5.914,5.914,5.914,5.914,0.0
2013-06-24,6.04,6.04,6.04,6.04,0.0
2013-06-25,6.112,6.112,6.112,6.112,0.0
2013-06-26,6.159,6.159,6.159,6.159,0.0
2013-06-27,6.098,6.098,6.098,6.098,0.0
2013-06-28,6.13,6.13,6.13,6.13,0.0
2013-07-01,6.065,6.065,6.065,6.065,0.0
2013-07-02,6.1,6.1,6.1,6.1,0.0
2013-07-03,6.122,6.122,6.122,6.122,0.0
2013-07-05,6.081,6.081,6.081,6.081,0.0
2013-07-08,6.128,6.128,6.128,6.128,0.0
2013-07-09,6.045,6.045,6.045,6.045,0.0
2013-07-10,6.031,6.031,6.031,6.031,0.0
2013-07-11,6.029,6.029,6.029,6.029,0.0
2013-07-12,6.029,6.029,6.029,6.029,0.0
2013-07-15,6.05,6.05,6.05,6.05,0.0
2013-07-16,6.049,6.049,6.049,6.049,0.0
2013-07-17,6.051,6.051,6.051,6.051,0.0
2013-07-18,6.001,6.001,6.001,6.001,0.0
2013-07-19,5.955,5.955,5.955,5.955,0.0
2013-07-22,5.955,5.955,5.955,5.955,0.0
2013-07-23,5.924,5.924,5.924,5.924,0.0
2013-07-24,5.943,5.943,5.943,5.943,0.0
2013-07-25,5.968,5.968,5.968,5.968,0.0
2013-07-26,5.897,5.897,5.897,5.897,0.0
2013-07-29,5.897,5.897,5.897,5.897,0.0
2013-07-30,5.864,5.864,5.864,5.864,0.0
2013-07-31,5.882,5.882,5.882,5.882,0.0
2013-08-01,5.858,5.858,5.858,5.858,0.0
2013-08-02,5.843,5.843,5.843,5.843,0.0
2013-08-05,5.818,5.818,5.818,5.818,0.0
2013-08-06,5.801,5.801,5.801,5.801,0.0
2013-08-07,5.826,5.826,5.826,5.826,0.0
2013-08-08,5.783,5.783,5.783,5.783,0.0
2013-08-09,5.753,5.753,5.753,5.753,0.0
2013-08-12,5.693,5.693,5.693,5.693,0.0
2013-08-13,5.625,5.625,5.625,5.625,0.0
2013-08-14,5.576,5.576,5.576,5.576,0.0
2013-08-15,5.604,5.604,5.604,5.604,0.0
2013-08-16,5.586,5.586,5.586,5.586,0.0
2013-08-19,5.597,5.597,5.597,5.597,0.0
2013-08-20,5.583,5.583,5.583,5.583,0.0
2013-08-21,5.547,5.547,5.547,5.547,0.0
2013-08-22,5.568,5.568,5.568,5.568,0.0
2013-08-23,5.538,5.538,5.538,5.538,0.0
2013-08-26,5.49,5.49,5.49,5.49,0.0
2013-08-27,5.416,5.416,5.416,5.416,0.0
2013-08-28,5.415,5.415,5.415,5.415,0.0
2013-08-29,5.425,5.425,5.425,5.425,0.0
2013-08-30,5.437,5.437,5.437,5.437,0.0
2013-09-03,5.446,5.446,5.446,5.446,0.0
2013-09-04,5.413,5.413,5.413,5.413,0.0
2013-09-05,5.389,5.389,5.389,5.389,0.0
2013-09-06,5.389,5.389,5.389,5.389,0.0
2013-09-09,5.384,5.384,5.384,5.384,0.0
2013-09-10,5.398,5.398,5.398,5.398,0.0
2013-09-11,5.385,5.385,5.385,5.385,0.0
2013-09-12,5.374,5.374,5.374,5.374,0.0
2013-09-13,5.394,5.394,5.394,5.394,0.0
2013-09-16,5.396,5.396,5.396,5.396,0.0
2013-09-17,5.371,5.371,5.371,5.371,0.0
2013-09-18,5.428,5.428,5.428,5.428,0.0
2013-09-19,5.456,5.456,5.456,5.456,0.0
2013-09-20,5.442,5.442,5.442,5.442,0.0
2013-09-23,5.403,5.403,5.403,5.403,0.0
2013-09-24,5.383,5.383,5.383,5.383,0.0
2013-09-25,5.365,5.365,5.365,5.365,0.0
2013-09-26,5.431,5.431,5.431,5.431,0.0
2013-09-27,5.456,5.456,5.456,5.456,0.0
2013-09-30,5.406,5.406,5.406,5.406,0.0
2013-10-01,5.426,5.426,5.426,5.426,0.0
2013-10-02,5.385,5.385,5.385,5.385,0.0
2013-10-03,5.386,5.386,5.386,5.386,0.0
2013-10-04,5.394,5.394,5.394,5.394,0.0
2013-10-07,5.411,5.411,5.411,5.411,0.0
2013-10-08,5.434,5.434,5.434,5.434,0.0
2013-10-09,5.422,5.422,5.422,5.422,0.0
2013-10-10,5.417,5.417,5.417,5.417,0.0
2013-10-11,5.367,5.367,5.367,5.367,0.0
2013-10-14,5.384,5.384,5.384,5.384,0.0
2013-10-15,5.359,5.359,5.359,5.359,0.0
2013-10-16,5.301,5.301,5.301,5.301,0.0
2013-10-17,5.351,5.351,5.351,5.351,0.0
2013-10-18,5.362,5.362,5.362,5.362,0.0
2013-10-21,5.358,5.358,5.358,5.358,0.0
2013-10-22,5.403,5.403,5.403,5.403,0.0
2013-10-23,5.409,5.409,5.409,5.409,0.0
2013-10-24,5.375,5.375,5.375,5.375,0.0
2013-10-25,5.406,5.406,5.406,5.406,0.0
2013-10-28,5.359,5.359,5.359,5.359,0.0
2013-10-29,5.35,5.35,5.35,5.35,0.0
2013-10-30,5.336,5.336,5.336,5.336,0.0
2013-10-31,5.237,5.237,5.237,5.237,0.0
2013-11-01,5.162,5.162,5.162,5.162,0.0
2013-11-04,5.133,5.133,5.133,5.133,0.0
2013-11-05,5.115,5.115,5.115,5.115,0.0
2013-11-06,5.112,5.112,5.112,5.112,0.0
2013-11-07,5.106,5.106,5.106,5.106,0.0
2013-11-08,5.023,5.023,5.023,5.023,0.0
2013-11-11,5.039,5.039,5.039,5.039,0.0
2013-11-12,5.045,5.045,5.045,5.045,0.0
2013-11-13,4.999,4.999,4.999,4.999,0.0
2013-11-14,4.963,4.963,4.963,4.963,0.0
2013-11-15,4.885,4.885,4.885,4.885,0.0
2013-11-18,4.857,4.857,4.857,4.857,0.0
2013-11-19,4.788,4.788,4.788,4.788,0.0
2013-11-20,4.808,4.808,4.808,4.808,0.0
2013-11-21,4.777,4.777,4.777,4.777,0.0
2013-11-22,4.779,4.779,4.779,4.779,0.0
2013-11-25,4.79,4.79,4.79,4.79,0.0
2013-11-26,4.771,4.771,4.771,4.771,0.0
2013-11-27,4.773,4.773,4.773,4.773,0.0
2013-11-29,4.763,4.763,4.763,4.763,0.0
2013-12-02,4.853,4.853,4.853,4.853,0.0
2013-12-03,4.967,4.967,4.967,4.967,0.0
2013-12-04,5.066,5.066,5.066,5.066,0.0
2013-12-05,5.045,5.045,5.045,5.045,0.0
2013-12-06,5.021,5.021,5.021,5.021,0.0
2013-12-09,4.909,4.909,4.909,4.909,0.0
2013-12-10,4.876,4.876,4.876,4.876,0.0
2013-12-11,4.806,4.806,4.806,4.806,0.0
2013-12-12,4.665,4.665,4.665,4.665,0.0
2013-12-13,4.667,4.667,4.667,4.667,0.0
2013-12-16,4.673,4.673,4.673,4.673,0.0
2013-12-17,4.637,4.637,4.637,4.637,0.0
2013-12-18,4.604,4.604,4.604,4.604,0.0
2013-12-19,4.618,4.618,4.618,4.618,0.0
2013-12-20,4.578,4.578,4.578,4.578,0.0
2013-12-23,4.563,4.563,4.563,4.563,0.0
2013-12-24,4.59,4.59,4.59,4.59,0.0
2013-12-26,4.587,4.587,4.587,4.587,0.0
2013-12-27,4.599,4.599,4.599,4.599,0.0
2013-12-30,4.589,4.589,4.589,4.589,0.0
2013-12-31,4.466,4.466,4.466,4.466,0.0
2014-01-02,4.481,4.481,4.481,4.481,0.0
2014-01-03,4.507,4.507,4.507,4.507,0.0
2014-01-06,4.513,4.513,4.513,4.513,0.0
2014-01-07,4.531,4.531,4.531,4.531,0.0
2014-01-08,4.551,4.551,4.551,4.551,0.0
2014-01-09,4.497,4.497,4.497,4.497,0.0
2014-01-10,4.615,4.615,4.615,4.615,0.0
2014-01-13,4.532,4.532,4.532,4.532,0.0
2014-01-14,4.529,4.529,4.529,4.529,0.0
2014-01-15,4.515,4.515,4.515,4.515,0.0
2014-01-16,4.51,4.51,4.51,4.51,0.0
2014-01-17,4.5,4.5,4.5,4.5,0.0
2014-01-21,4.548,4.548,4.548,4.548,0.0
2014-01-22,4.548,4.548,4.548,4.548,0.0
2014-01-23,4.542,4.542,4.542,4.542,0.0
2014-01-24,4.544,4.544,4.544,4.544,0.0
2014-01-27,4.583,4.583,4.583,4.583,0.0
2014-01-28,4.569,4.569,4.569,4.569,0.0
2014-01-29,4.563,4.563,4.563,4.563,0.0
2014-01-30,4.615,4.615,4.615,4.615,0.0
2014-01-31,4.612,4.612,4.612,4.612,0.0
2014-02-03,4.651,4.651,4.651,4.651,0.0
2014-02-04,4.617,4.617,4.617,4.617,0.0
2014-02-05,4.582,4.582,4.582,4.582,0.0
2014-02-06,4.527,4.527,4.527,4.527,0.0
2014-02-07,4.538,4.538,4.538,4.538,0.0
2014-02-10,4.503,4.503,4.503,4.503,0.0
2014-02-11,4.323,4.323,4.323,4.323,0.0
2014-02-12,4.329,4.329,4.329,4.329,0.0
2014-02-13,4.315,4.315,4.315,4.315,0.0
2014-02-14,4.232,4.232,4.232,4.232,0.0
2014-02-18,4.233,4.233,4.233,4.233,0.0
2014-02-19,4.263,4.263,4.263,4.263,0.0
2014-02-20,4.328,4.328,4.328,4.328,0.0
2014-02-21,4.35,4.35,4.35,4.35,0.0
2014-02-24,4.389,4.389,4.389,4.389,0.0
2014-02-25,4.397,4.397,4.397,4.397,0.0
2014-02-26,4.359,4.359,4.359,4.359,0.0
2014-02-27,4.306,4.306,4.306,4.306,0.0
2014-02-28,4.276,4.276,4.276,4.276,0.0
2014-03-03,4.274,4.274,4.274,4.274,0.0
2014-03-04,4.302,4.302,4.302,4.302,0.0
2014-03-05,4.327,4.327,4.327,4.327,0.0
2014-03-06,4.522,4.522,4.522,4.522,0.0
2014-03-07,4.484,4.484,4.484,4.484,0.0
2014-03-10,4.494,4.494,4.494,4.494,0.0
2014-03-11,4.435,4.435,4.435,4.435,0.0
2014-03-12,4.485,4.485,4.485,4.485,0.0
2014-03-13,4.609,4.609,4.609,4.609,0.0
2014-03-14,4.764,4.764,4.764,4.764,0.0
2014-03-17,4.746,4.746,4.746,4.746,0.0
2014-03-18,4.696,4.696,4.696,4.696,0.0
2014-03-19,4.732,4.732,4.732,4.732,0.0
2014-03-20,4.819,4.819,4.819,4.819,0.0
2014-03-21,4.809,4.809,4.809,4.809,0.0
2014-03-24,4.834,4.834,4.834,4.834,0.0
2014-03-25,4.859,4.859,4.859,4.859,0.0
2014-03-26,4.878,4.878,4.878,4.878,0.0
2014-03-27,4.875,4.875,4.875,4.875,0.0
2014-03-28,4.855,4.855,4.855,4.855,0.0
2014-03-31,4.855,4.855,4.855,4.855,0.0
2014-04-01,4.814,4.814,4.814,4.814,0.0
2014-04-02,4.827,4.827,4.827,4.827,0.0
2014-04-03,4.904,4.904,4.904,4.904,0.0
2014-04-04,4.917,4.917,4.917,4.917,0.0
2014-04-07,4.937,4.937,4.937,4.937,0.0
2014-04-08,4.931,4.931,4.931,4.931,0.0
2014-04-09,4.986,4.986,4.986,4.986,0.0
2014-04-10,5.022,5.022,5.022,5.022,0.0
2014-04-11,5.025,5.025,5.025,5.025,0.0
2014-04-14,5.023,5.023,5.023,5.023,0.0
2014-04-15,5.066,5.066,5.066,5.066,0.0
2014-04-16,5.071,5.071,5.071,5.071,0.0
2014-04-17,5.082,5.082,5.082,5.082,0.0
2014-04-21,5.043,5.043,5.043,5.043,0.0
2014-04-22,5.064,5.064,5.064,5.064,0.0
2014-04-23,5.057,5.057,5.057,5.057,0.0
2014-04-24,5.096,5.096,5.096,5.096,0.0
2014-04-25,5.085,5.085,5.085,5.085,0.0
2014-04-28,5.093,5.093,5.093,5.093,0.0
2014-04-29,5.143,5.143,5.143,5.143,0.0
2014-04-30,5.149,5.149,5.149,5.149,0.0
2014-05-01,5.153,5.153,5.153,5.153,0.0
2014-05-02,5.141,5.141,5.141,5.141,0.0
2014-05-05,5.13,5.13,5.13,5.13,0.0
2014-05-06,5.146,5.146,5.146,5.146,0.0
2014-05-07,5.151,5.151,5.151,5.151,0.0
2014-05-08,5.161,5.161,5.161,5.161,0.0
2014-05-09,5.201,5.201,5.201,5.201,0.0
2014-05-12,5.171,5.171,5.171,5.171,0.0
2014-05-13,5.18,5.18,5.18,5.18,0.0
2014-05-14,5.198,5.198,5.198,5.198,0.0
2014-05-15,5.144,5.144,5.144,5.144,0.0
2014-05-16,5.104,5.104,5.104,5.104,0.0
2014-05-19,5.105,5.105,5.105,5.105,0.0
2014-05-20,5.09,5.09,5.09,5.09,0.0
2014-05-21,5.095,5.095,5.095,5.095,0.0
2014-05-22,5.073,5.073,5.073,5.073,0.0
2014-05-23,5.093,5.093,5.093,5.093,0.0
2014-05-27,5.106,5.106,5.106,5.106,0.0
2014-05-28,5.07,5.07,5.07,5.07,0.0
2014-05-29,5.073,5.073,5.073,5.073,0.0
2014-05-30,5.069,5.069,5.069,5.069,0.0
2014-06-02,5.104,5.104,5.104,5.104,0.0
2014-06-03,5.081,5.081,5.081,5.081,0.0
2014-06-04,5.076,5.076,5.076,5.076,0.0
2014-06-05,5.094,5.094,5.094,5.094,0.0
2014-06-06,5.11,5.11,5.11,5.11,0.0
2014-06-09,5.096,5.096,5.096,5.096,0.0
2014-06-10,5.139,5.139,5.139,5.139,0.0
2014-06-11,5.125,5.125,5.125,5.125,0.0
2014-06-12,5.12,5.12,5.12,5.12,0.0
2014-06-13,5.149,5.149,5.149,5.149,0.0
2014-06-16,5.148,5.148,5.148,5.148,0.0
2014-06-17,5.188,5.188,5.188,5.188,0.0
2014-06-18,5.202,5.202,5.202,5.202,0.0
2014-06-19,5.224,5.224,5.224,5.224,0.0
2014-06-20,5.184,5.184,5.184,5.184,0.0
2014-06-23,5.172,5.172,5.172,5.172,0.0
2014-06-24,5.168,5.168,5.168,5.168,0.0
2014-06-25,5.177,5.177,5.177,5.177,0.0
2014-06-26,5.091,5.091,5.091,5.091,0.0
2014-06-27,5.089,5.089,5.089,5.089,0.0
2014-06-30,5.108,5.108,5.108,5.108,0.0
2014-07-01,5.116,5.116,5.116,5.116,0.0
2014-07-02,5.091,5.091,5.091,5.091,0.0
2014-07-03,5.086,5.086,5.086,5.086,0.0
2014-07-07,5.06,5.06,5.06,5.06,0.0
2014-07-08,5.036,5.036,5.036,5.036,0.0
2014-07-09,5.002,5.002,5.002,5.002,0.0
2014-07-10,4.949,4.949,4.949,4.949,0.0
2014-07-11,4.943,4.943,4.943,4.943,0.0
2014-07-14,4.906,4.906,4.906,4.906,0.0
2014-07-15,4.891,4.891,4.891,4.891,0.0
2014-07-16,4.906,4.906,4.906,4.906,0.0
2014-07-17,4.897,4.897,4.897,4.897,0.0
2014-07-18,4.924,4.924,4.924,4.924,0.0
2014-07-21,4.905,4.905,4.905,4.905,0.0
2014-07-22,4.859,4.859,4.859,4.859,0.0
2014-07-23,4.835,4.835,4.835,4.835,0.0
2014-07-24,4.816,4.816,4.816,4.816,0.0
2014-07-25,4.811,4.811,4.811,4.811,0.0
2014-07-28,4.798,4.798,4.798,4.798,0.0
2014-07-29,4.717,4.717,4.717,4.717,0.0
2014-07-30,4.744,4.744,4.744,4.744,0.0
2014-07-31,4.77,4.77,4.77,4.77,0.0
2014-08-01,4.798,4.798,4.798,4.798,0.0
2014-08-04,4.793,4.793,4.793,4.793,0.0
2014-08-05,4.706,4.706,4.706,4.706,0.0
2014-08-06,4.671,4.671,4.671,4.671,0.0
2014-08-07,4.685,4.685,4.685,4.685,0.0
2014-08-08,4.676,4.676,4.676,4.676,0.0
2014-08-11,4.631,4.631,4.631,4.631,0.0
2014-08-12,4.613,4.613,4.613,4.613,0.0
2014-08-13,4.598,4.598,4.598,4.598,0.0
2014-08-14,4.609,4.609,4.609,4.609,0.0
2014-08-15,4.574,4.574,4.574,4.574,0.0
2014-08-18,4.575,4.575,4.575,4.575,0.0
2014-08-19,4.572,4.572,4.572,4.572,0.0
2014-08-20,4.552,4.552,4.552,4.552,0.0
2014-08-21,4.575,4.575,4.575,4.575,0.0
2014-08-22,4.59,4.59,4.59,4.59,0.0
2014-08-25,4.598,4.598,4.598,4.598,0.0
2014-08-26,4.597,4.597,4.597,4.597,0.0
2014-08-27,4.612,4.612,4.612,4.612,0.0
2014-08-28,4.643,4.643,4.643,4.643,0.0
2014-08-29,4.635,4.635,4.635,4.635,0.0
2014-09-02,4.613,4.613,4.613,4.613,0.0
2014-09-03,4.635,4.635,4.635,4.635,0.0
2014-09-04,4.667,4.667,4.667,4.667,0.0
2014-09-05,4.664,4.664,4.664,4.664,0.0
2014-09-08,4.654,4.654,4.654,4.654,0.0
2014-09-09,4.637,4.637,4.637,4.637,0.0
2014-09-10,4.647,4.647,4.647,4.647,0.0
2014-09-11,4.666,4.666,4.666,4.666,0.0
2014-09-12,4.64,4.64,4.64,4.64,0.0
2014-09-15,4.618,4.618,4.618,4.618,0.0
2014-09-16,4.623,4.623,4.623,4.623,0.0
2014-09-17,4.612,4.612,4.612,4.612,0.0
2014-09-18,4.558,4.558,4.558,4.558,0.0
2014-09-19,4.553,4.553,4.553,4.553,0.0
2014-09-22,4.538,4.538,4.538,4.538,0.0
2014-09-23,4.548,4.548,4.548,4.548,0.0
2014-09-24,4.544,4.544,4.544,4.544,0.0
2014-09-25,4.543,4.543,4.543,4.543,0.0
2014-09-26,4.523,4.523,4.523,4.523,0.0
2014-09-29,4.534,4.534,4.534,4.534,0.0
2014-09-30,4.574,4.574,4.574,4.574,0.0
2014-10-01,4.533,4.533,4.533,4.533,0.0
2014-10-02,4.565,4.565,4.565,4.565,0.0
2014-10-03,4.542,4.542,4.542,4.542,0.0
2014-10-06,4.542,4.542,4.542,4.542,0.0
2014-10-07,4.545,4.545,4.545,4.545,0.0
2014-10-08,4.545,4.545,4.545,4.545,0.0
2014-10-09,4.56,4.56,4.56,4.56,0.0
2014-10-10,4.557,4.557,4.557,4.557,0.0
2014-10-13,4.567,4.567,4.567,4.567,0.0
2014-10-14,4.557,4.557,4.557,4.557,0.0
2014-10-15,4.542,4.542,4.542,4.542,0.0
2014-10-16,4.522,4.522,4.522,4.522,0.0
2014-10-17,4.557,4.557,4.557,4.557,0.0
2014-10-20,4.544,4.544,4.544,4.544,0.0
2014-10-21,4.539,4.539,4.539,4.539,0.0
2014-10-22,4.525,4.525,4.525,4.525,0.0
2014-10-23,4.524,4.524,4.524,4.524,0.0
2014-10-24,4.501,4.501,4.501,4.501,0.0
2014-10-27,4.488,4.488,4.488,4.488,0.0
2014-10-28,4.473,4.473,4.473,4.473,0.0
2014-10-29,4.478,4.478,4.478,4.478,0.0
2014-10-30,4.471,4.471,4.471,4.471,0.0
2014-10-31,4.486,4.486,4.486,4.486,0.0
2014-11-03,4.482,4.482,4.482,4.482,0.0
2014-11-04,4.477,4.477,4.477,4.477,0.0
2014-11-05,4.448,4.448,4.448,4.448,0.0
2014-11-06,4.435,4.435,4.435,4.435,0.0
2014-11-07,4.432,4.432,4.432,4.432,0.0
2014-11-10,4.426,4.426,4.426,4.426,0.0
2014-11-11,4.441,4.441,4.441,4.441,0.0
2014-11-12,4.462,4.462,4.462,4.462,0.0
2014-11-13,4.442,4.442,4.442,4.442,0.0
2014-11-14,4.468,4.468,4.468,4.468,0.0
2014-11-17,4.471,4.471,4.471,4.471,0.0
2014-11-18,4.446,4.446,4.446,4.446,0.0
2014-11-19,4.427,4.427,4.427,4.427,0.0
2014-11-20,4.422,4.422,4.422,4.422,0.0
2014-11-21,4.395,4.395,4.395,4.395,0.0
2014-11-24,4.449,4.449,4.449,4.449,0.0
2014-11-25,4.448,4.448,4.448,4.448,0.0
2014-11-26,4.441,4.441,4.441,4.441,0.0
2014-11-28,4.459,4.459,4.459,4.459,0.0
2014-12-01,4.52,4.52,4.52,4.52,0.0
2014-12-02,4.516,4.516,4.516,4.516,0.0
2014-12-03,4.525,4.525,4.525,4.525,0.0
2014-12-04,4.528,4.528,4.528,4.528,0.0
2014-12-05,4.549,4.549,4.549,4.549,0.0
2014-12-08,4.565,4.565,4.565,4.565,0.0
2014-12-09,4.595,4.595,4.595,4.595,0.0
2014-12-10,4.577,4.577,4.577,4.577,0.0
2014-12-11,4.554,4.554,4.554,4.554,0.0
2014-12-12,4.537,4.537,4.537,4.537,0.0
2014-12-15,4.524,4.524,4.524,4.524,0.0
2014-12-16,4.474,4.474,4.474,4.474,0.0
2014-12-17,4.499,4.499,4.499,4.499,0.0
2014-12-18,4.48,4.48,4.48,4.48,0.0
2014-12-19,4.401,4.401,4.401,4.401,0.0
2014-12-22,4.402,4.402,4.402,4.402,0.0
2014-12-23,4.37,4.37,4.37,4.37,0.0
2014-12-24,4.364,4.364,4.364,4.364,0.0
2014-12-26,4.361,4.361,4.361,4.361,0.0
2014-12-29,4.359,4.359,4.359,4.359,0.0
2014-12-30,4.341,4.341,4.341,4.341,0.0
2014-12-31,4.312,4.312,4.312,4.312,0.0
2015-01-02,4.296,4.296,4.296,4.296,0.0
2015-01-05,4.296,4.296,4.296,4.296,0.0
2015-01-06,4.255,4.255,4.255,4.255,0.0
2015-01-07,4.195,4.195,4.195,4.195,0.0
2015-01-08,4.175,4.175,4.175,4.175,0.0
2015-01-09,4.163,4.163,4.163,4.163,0.0
2015-01-12,4.073,4.073,4.073,4.073,0.0
2015-01-13,4.045,4.045,4.045,4.045,0.0
2015-01-14,3.97,3.97,3.97,3.97,0.0
2015-01-15,3.92,3.92,3.92,3.92,0.0
2015-01-16,3.928,3.928,3.928,3.928,0.0
2015-01-20,3.92,3.92,3.92,3.92,0.0
2015-01-21,3.924,3.924,3.924,3.924,0.0
2015-01-22,3.904,3.904,3.904,3.904,0.0
2015-01-23,3.904,3.904,3.904,3.904,0.0
2015-01-26,3.922,3.922,3.922,3.922,0.0
2015-01-27,3.916,3.916,3.916,3.916,0.0
2015-01-28,3.946,3.946,3.946,3.946,0.0
2015-01-29,3.929,3.929,3.929,3.929,0.0
2015-01-30,3.936,3.936,3.936,3.936,0.0
2015-02-02,3.899,3.899,3.899,3.899,0.0
2015-02-03,3.915,3.915,3.915,3.915,0.0
2015-02-04,3.934,3.934,3.934,3.934,0.0
2015-02-05,3.839,3.839,3.839,3.839,0.0
2015-02-06,3.898,3.898,3.898,3.898,0.0
2015-02-09,3.928,3.928,3.928,3.928,0.0
2015-02-10,3.949,3.949,3.949,3.949,0.0
2015-02-11,3.932,3.932,3.932,3.932,0.0
2015-02-12,3.933,3.933,3.933,3.933,0.0
2015-02-13,3.968,3.968,3.968,3.968,0.0
2015-02-17,3.913,3.913,3.913,3.913,0.0
2015-02-18,3.941,3.941,3.941,3.941,0.0
2015-02-19,3.915,3.915,3.915,3.915,0.0
2015-02-20,3.92,3.92,3.92,3.92,0.0
2015-02-23,3.892,3.892,3.892,3.892,0.0
2015-02-24,3.919,3.919,3.919,3.919,0.0
2015-02-25,3.925,3.925,3.925,3.925,0.0
2015-02-26,3.895,3.895,3.895,3.895,0.0
2015-02-27,3.896,3.896,3.896,3.896,0.0
2015-03-02,3.872,3.872,3.872,3.872,0.0
2015-03-03,3.881,3.881,3.881,3.881,0.0
2015-03-04,3.888,3.888,3.888,3.888,0.0
2015-03-05,3.847,3.847,3.847,3.847,0.0
2015-03-06,3.847,3.847,3.847,3.847,0.0
2015-03-09,3.822,3.822,3.822,3.822,0.0
2015-03-10,3.82,3.82,3.82,3.82,0.0
2015-03-11,3.813,3.813,3.813,3.813,0.0
2015-03-12,3.782,3.782,3.782,3.782,0.0
2015-03-13,3.778,3.778,3.778,3.778,0.0
2015-03-16,3.791,3.791,3.791,3.791,0.0
2015-03-17,3.772,3.772,3.772,3.772,0.0
2015-03-18,3.804,3.804,3.804,3.804,0.0
2015-03-19,3.81,3.81,3.81,3.81,0.0
2015-03-20,3.801,3.801,3.801,3.801,0.0
2015-03-23,3.802,3.802,3.802,3.802,0.0
2015-03-24,3.822,3.822,3.822,3.822,0.0
2015-03-25,3.809,3.809,3.809,3.809,0.0
2015-03-26,3.8,3.8,3.8,3.8,0.0
2015-03-27,3.775,3.775,3.775,3.775,0.0
2015-03-30,3.763,3.763,3.763,3.763,0.0
2015-03-31,3.775,3.775,3.775,3.775,0.0
2015-04-01,3.769,3.769,3.769,3.769,0.0
2015-04-02,3.823,3.823,3.823,3.823,0.0
2015-04-06,3.838,3.838,3.838,3.838,0.0
2015-04-07,3.878,3.878,3.878,3.878,0.0
2015-04-08,3.886,3.886,3.886,3.886,0.0
2015-04-09,3.879,3.879,3.879,3.879,0.0
2015-04-10,3.874,3.874,3.874,3.874,0.0
2015-04-13,3.864,3.864,3.864,3.864,0.0
2015-04-14,3.859,3.859,3.859,3.859,0.0
2015-04-15,3.864,3.864,3.864,3.864,0.0
2015-04-16,3.884,3.884,3.884,3.884,0.0
2015-04-17,3.856,3.856,3.856,3.856,0.0
2015-04-20,3.857,3.857,3.857,3.857,0.0
2015-04-21,3.86,3.86,3.86,3.86,0.0
2015-04-22,3.847,3.847,3.847,3.847,0.0
2015-04-23,3.805,3.805,3.805,3.805,0.0
2015-04-24,3.803,3.803,3.803,3.803,0.0
2015-04-27,3.783,3.783,3.783,3.783,0.0
2015-04-28,3.775,3.775,3.775,3.775,0.0
2015-04-29,3.78,3.78,3.78,3.78,0.0
2015-04-30,3.775,3.775,3.775,3.775,0.0
2015-05-01,3.765,3.765,3.765,3.765,0.0
2015-05-04,3.733,3.733,3.733,3.733,0.0
2015-05-05,3.744,3.744,3.744,3.744,0.0
2015-05-06,3.752,3.752,3.752,3.752,0.0
2015-05-07,3.749,3.749,3.749,3.749,0.0
2015-05-08,3.756,3.756,3.756,3.756,0.0
2015-05-11,3.743,3.743,3.743,3.743,0.0
2015-05-12,3.73,3.73,3.73,3.73,0.0
2015-05-13,3.739,3.739,3.739,3.739,0.0
2015-05-14,3.75,3.75,3.75,3.75,0.0
2015-05-15,3.75,3.75,3.75,3.75,0.0
2015-05-18,3.748,3.748,3.748,3.748,0.0
2015-05-19,3.733,3.733,3.733,3.733,0.0
2015-05-20,3.751,3.751,3.751,3.751,0.0
2015-05-21,3.75,3.75,3.75,3.75,0.0
2015-05-22,3.738,3.738,3.738,3.738,0.0
2015-05-26,3.739,3.739,3.739,3.739,0.0
2015-05-27,3.734,3.734,3.734,3.734,0.0
2015-05-28,3.726,3.726,3.726,3.726,0.0
2015-05-29,3.716,3.716,3.716,3.716,0.0
2015-06-01,3.718,3.718,3.718,3.718,0.0
2015-06-02,3.715,3.715,3.715,3.715,0.0
2015-06-03,3.716,3.716,3.716,3.716,0.0
2015-06-04,3.67,3.67,3.67,3.67,0.0
2015-06-05,3.631,3.631,3.631,3.631,0.0
2015-06-08,3.639,3.639,3.639,3.639,0.0
2015-06-09,3.616,3.616,3.616,3.616,0.0
2015-06-10,3.613,3.613,3.613,3.613,0.0
2015-06-11,3.654,3.654,3.654,3.654,0.0
2015-06-12,3.655,3.655,3.655,3.655,0.0
2015-06-15,3.666,3.666,3.666,3.666,0.0
2015-06-16,3.691,3.691,3.691,3.691,0.0
2015-06-17,3.684,3.684,3.684,3.684,0.0
2015-06-18,3.666,3.666,3.666,3.666,0.0
2015-06-19,3.671,3.671,3.671,3.671,0.0
2015-06-22,3.654,3.654,3.654,3.654,0.0
2015-06-23,3.653,3.653,3.653,3.653,0.0
2015-06-24,3.655,3.655,3.655,3.655,0.0
2015-06-25,3.656,3.656,3.656,3.656,0.0
2015-06-26,3.659,3.659,3.659,3.659,0.0
2015-06-29,3.646,3.646,3.646,3.646,0.0
2015-06-30,3.658,3.658,3.658,3.658,0.0
2015-07-01,3.669,3.669,3.669,3.669,0.0
2015-07-02,3.673,3.673,3.673,3.673,0.0
2015-07-06,3.645,3.645,3.645,3.645,0.0
2015-07-07,3.649,3.649,3.649,3.649,0.0
2015-07-08,3.667,3.667,3.667,3.667,0.0
2015-07-09,3.692,3.692,3.692,3.692,0.0
2015-07-10,3.687,3.687,3.687,3.687,0.0
2015-07-13,3.687,3.687,3.687,3.687,0.0
2015-07-14,3.729,3.729,3.729,3.729,0.0
2015-07-15,3.78,3.78,3.78,3.78,0.0
2015-07-16,3.787,3.787,3.787,3.787,0.0
2015-07-17,3.794,3.794,3.794,3.794,0.0
2015-07-20,3.787,3.787,3.787,3.787,0.0
2015-07-21,3.786,3.786,3.786,3.786,0.0
2015-07-22,3.782,3.782,3.782,3.782,0.0
2015-07-23,3.762,3.762,3.762,3.762,0.0
2015-07-24,3.768,3.768,3.768,3.768,0.0
2015-07-27,3.789,3.789,3.789,3.789,0.0
2015-07-28,3.788,3.788,3.788,3.788,0.0
2015-07-29,3.782,3.782,3.782,3.782,0.0
2015-07-30,3.761,3.761,3.761,3.761,0.0
2015-07-31,3.719,3.719,3.719,3.719,0.0
2015-08-03,3.7,3.7,3.7,3.7,0.0
2015-08-04,3.655,3.655,3.655,3.655,0.0
2015-08-05,3.654,3.654,3.654,3.654,0.0
2015-08-06,3.622,3.622,3.622,3.622,0.0
2015-08-07,3.596,3.596,3.596,3.596,0.0
2015-08-10,3.594,3.594,3.594,3.594,0.0
2015-08-11,3.54,3.54,3.54,3.54,0.0
2015-08-12,3.512,3.512,3.512,3.512,0.0
2015-08-13,3.55,3.55,3.55,3.55,0.0
2015-08-14,3.566,3.566,3.566,3.566,0.0
2015-08-17,3.571,3.571,3.571,3.571,0.0
2015-08-18,3.606,3.606,3.606,3.606,0.0
2015-08-19,3.559,3.559,3.559,3.559,0.0
2015-08-20,3.544,3.544,3.544,3.544,0.0
2015-08-21,3.509,3.509,3.509,3.509,0.0
2015-08-24,3.463,3.463,3.463,3.463,0.0
2015-08-25,3.46,3.46,3.46,3.46,0.0
2015-08-26,3.466,3.466,3.466,3.466,0.0
2015-08-27,3.473,3.473,3.473,3.473,0.0
2015-08-28,3.5,3.5,3.5,3.5,0.0
2015-08-31,3.497,3.497,3.497,3.497,0.0
2015-09-01,3.508,3.508,3.508,3.508,0.0
2015-09-02,3.51,3.51,3.51,3.51,0.0
2015-09-03,3.517,3.517,3.517,3.517,0.0
2015-09-04,3.507,3.507,3.507,3.507,0.0
2015-09-08,3.513,3.513,3.513,3.513,0.0
2015-09-09,3.531,3.531,3.531,3.531,0.0
2015-09-10,3.526,3.526,3.526,3.526,0.0
2015-09-11,3.489,3.489,3.489,3.489,0.0
2015-09-14,3.499,3.499,3.499,3.499,0.0
2015-09-15,3.489,3.489,3.489,3.489,0.0
2015-09-16,3.469,3.469,3.469,3.469,0.0
2015-09-17,3.439,3.439,3.439,3.439,0.0
2015-09-18,3.431,3.431,3.431,3.431,0.0
2015-09-21,3.419,3.419,3.419,3.419,0.0
2015-09-22,3.406,3.406,3.406,3.406,0.0
2015-09-23,3.416,3.416,3.416,3.416,0.0
2015-09-24,3.453,3.453,3.453,3.453,0.0
2015-09-25,3.418,3.418,3.418,3.418,0.0
2015-09-28,3.415,3.415,3.415,3.415,0.0
2015-09-29,3.383,3.383,3.383,3.383,0.0
2015-09-30,3.356,3.356,3.356,3.356,0.0
2015-10-01,3.341,3.341,3.341,3.341,0.0
2015-10-02,3.351,3.351,3.351,3.351,0.0
2015-10-05,3.351,3.351,3.351,3.351,0.0
2015-10-06,3.388,3.388,3.388,3.388,0.0
2015-10-07,3.388,3.388,3.388,3.388,0.0
2015-10-08,3.383,3.383,3.383,3.383,0.0
2015-10-09,3.381,3.381,3.381,3.381,0.0
2015-10-12,3.386,3.386,3.386,3.386,0.0
2015-10-13,3.388,3.388,3.388,3.388,0.0
2015-10-14,3.391,3.391,3.391,3.391,0.0
2015-10-15,3.378,3.378,3.378,3.378,0.0
2015-10-16,3.386,3.386,3.386,3.386,0.0
2015-10-19,3.388,3.388,3.388,3.388,0.0
2015-10-20,3.397,3.397,3.397,3.397,0.0
2015-10-21,3.38,3.38,3.38,3.38,0.0
2015-10-22,3.375,3.375,3.375,3.375,0.0
2015-10-23,3.336,3.336,3.336,3.336,0.0
2015-10-26,3.306,3.306,3.306,3.306,0.0
2015-10-27,3.28,3.28,3.28,3.28,0.0
2015-10-28,3.279,3.279,3.279,3.279,0.0
2015-10-29,3.279,3.279,3.279,3.279,0.0
2015-10-30,3.327,3.327,3.327,3.327,0.0
2015-11-02,3.302,3.302,3.302,3.302,0.0
2015-11-03,3.312,3.312,3.312,3.312,0.0
2015-11-04,3.314,3.314,3.314,3.314,0.0
2015-11-05,3.316,3.316,3.316,3.316,0.0
2015-11-06,3.314,3.314,3.314,3.314,0.0
2015-11-09,3.308,3.308,3.308,3.308,0.0
2015-11-10,3.301,3.301,3.301,3.301,0.0
2015-11-11,3.289,3.289,3.289,3.289,0.0
2015-11-12,3.274,3.274,3.274,3.274,0.0
2015-11-13,3.301,3.301,3.301,3.301,0.0
2015-11-16,3.31,3.31,3.31,3.31,0.0
2015-11-17,3.313,3.313,3.313,3.313,0.0
2015-11-18,3.246,3.246,3.246,3.246,0.0
2015-11-19,3.205,3.205,3.205,3.205,0.0
2015-11-20,3.174,3.174,3.174,3.174,0.0
2015-11-23,3.192,3.192,3.192,3.192,0.0
2015-11-24,3.198,3.198,3.198,3.198,0.0
2015-11-25,3.211,3.211,3.211,3.211,0.0
2015-11-27,3.193,3.193,3.193,3.193,0.0
2015-11-30,3.202,3.202,3.202,3.202,0.0
2015-12-01,3.212,3.212,3.212,3.212,0.0
2015-12-02,3.24,3.24,3.24,3.24,0.0
2015-12-03,3.243,3.243,3.243,3.243,0.0
2015-12-04,3.241,3.241,3.241,3.241,0.0
2015-12-07,3.224,3.224,3.224,3.224,0.0
2015-12-08,3.244,3.244,3.244,3.244,0.0
2015-12-09,3.265,3.265,3.265,3.265,0.0
2015-12-10,3.286,3.286,3.286,3.286,0.0
2015-12-11,3.282,3.282,3.282,3.282,0.0
2015-12-14,3.264,3.264,3.264,3.264,0.0
2015-12-15,3.254,3.254,3.254,3.254,0.0
2015-12-16,3.279,3.279,3.279,3.279,0.0
2015-12-17,3.304,3.304,3.304,3.304,0.0
2015-12-18,3.282,3.282,3.282,3.282,0.0
2015-12-21,3.259,3.259,3.259,3.259,0.0
2015-12-22,3.269,3.269,3.269,3.269,0.0
2015-12-23,3.262,3.262,3.262,3.262,0.0
2015-12-24,3.262,3.262,3.262,3.262,0.0
2015-12-28,3.308,3.308,3.308,3.308,0.0
2015-12-29,3.293,3.293,3.293,3.293,0.0
2015-12-30,3.39,3.39,3.284,3.284,5.0
2015-12-31,3.285,3.285,3.285,3.285,0.0
2016-01-04,3.265,3.265,3.265,3.265,0.0
2016-01-05,3.239,3.239,3.239,3.239,0.0
2016-01-06,3.238,3.238,3.238,3.238,0.0
2016-01-07,3.259,3.259,3.259,3.259,0.0
2016-01-08,3.237,3.237,3.237,3.237,0.0
2016-01-11,3.21,3.21,3.21,3.21,0.0
2016-01-12,3.169,3.169,3.169,3.169,0.0
2016-01-13,3.189,3.189,3.189,3.189,0.0
2016-01-14,3.204,3.204,3.204,3.204,0.0
2016-01-15,3.188,3.188,3.188,3.188,0.0
2016-01-19,3.19,3.19,3.19,3.19,0.0
2016-01-20,3.178,3.178,3.178,3.178,0.0
2016-01-21,3.186,3.186,3.186,3.186,0.0
2016-01-22,3.181,3.181,3.181,3.181,0.0
2016-01-25,3.182,3.182,3.182,3.182,0.0
2016-01-26,3.166,3.166,3.166,3.166,0.0
2016-01-27,3.166,3.166,3.166,3.166,0.0
2016-01-28,3.21,3.21,3.21,3.21,0.0
2016-01-29,3.192,3.192,3.192,3.192,0.0
2016-02-01,3.151,3.151,3.151,3.151,0.0
2016-02-02,3.091,3.091,3.091,3.091,0.0
2016-02-03,3.113,3.113,3.113,3.113,0.0
2016-02-04,3.116,3.116,3.116,3.116,0.0
2016-02-05,3.114,3.114,3.114,3.114,4.0
2016-02-08,3.057,3.057,3.057,3.057,0.0
2016-02-09,3.031,3.031,3.031,3.031,0.0
2016-02-10,2.996,2.996,2.996,2.996,0.0
2016-02-11,2.954,2.954,2.954,2.954,0.0
2016-02-12,2.926,2.926,2.926,2.926,0.0
2016-02-16,2.896,2.896,2.896,2.896,0.0
2016-02-17,2.886,2.886,2.886,2.886,0.0
2016-02-18,2.855,2.855,2.855,2.855,0.0
2016-02-19,2.835,2.835,2.835,2.835,0.0
2016-02-22,2.774,2.774,2.774,2.774,0.0
2016-02-23,2.79,2.79,2.79,2.79,0.0
2016-02-24,2.82,2.82,2.82,2.82,0.0
2016-02-25,2.816,2.816,2.816,2.816,0.0
2016-02-26,2.822,2.822,2.822,2.822,0.0
2016-02-29,2.873,2.873,2.873,2.873,0.0
2016-03-01,2.898,2.898,2.898,2.898,0.0
2016-03-02,2.886,2.886,2.886,2.886,0.0
2016-03-03,2.894,2.894,2.894,2.894,0.0
2016-03-04,2.893,2.893,2.893,2.893,0.0
2016-03-07,2.9,2.9,2.9,2.9,0.0
2016-03-08,2.906,2.906,2.906,2.906,0.0
2016-03-09,2.954,2.954,2.954,2.954,0.0
2016-03-10,2.964,2.964,2.964,2.964,0.0
2016-03-11,2.978,2.978,2.978,2.978,0.0
2016-03-14,2.971,2.971,2.971,2.971,0.0
2016-03-15,2.968,2.968,2.968,2.968,0.0
2016-03-16,2.974,2.974,2.974,2.974,0.0
2016-03-17,2.979,2.979,2.979,2.979,0.0
2016-03-18,2.969,2.969,2.969,2.969,0.0
2016-03-21,2.967,2.967,2.967,2.967,0.0
2016-03-22,2.99,2.99,2.99,2.99,0.0
2016-03-23,3.01,3.01,3.01,3.01,0.0
2016-03-24,3.065,3.065,3.065,3.065,0.0
2016-03-28,3.125,3.125,3.125,3.125,0.0
2016-03-29,3.154,3.154,3.154,3.154,0.0
2016-03-30,3.155,3.155,3.155,3.155,0.0
2016-03-31,3.171,3.171,3.171,3.171,0.0
2016-04-01,3.167,3.167,3.167,3.167,0.0
2016-04-04,3.155,3.155,3.155,3.155,0.0
2016-04-05,3.163,3.163,3.163,3.163,0.0
2016-04-06,3.197,3.197,3.197,3.197,0.0
2016-04-07,3.202,3.202,3.202,3.202,0.0
2016-04-08,3.217,3.217,3.217,3.217,0.0
2016-04-11,3.207,3.207,3.207,3.207,0.0
2016-04-12,3.208,3.208,3.208,3.208,0.0
2016-04-13,3.212,3.212,3.212,3.212,0.0
2016-04-14,3.211,3.211,3.211,3.211,0.0
2016-04-15,3.182,3.182,3.182,3.182,0.0
2016-04-18,3.174,3.174,3.174,3.174,0.0
2016-04-19,3.166,3.166,3.166,3.166,0.0
2016-04-20,3.166,3.166,3.166,3.166,0.0
2016-04-21,3.195,3.195,3.195,3.195,0.0
2016-04-22,3.187,3.187,3.187,3.187,0.0
2016-04-25,3.201,3.201,3.201,3.201,0.0
2016-04-26,3.249,3.249,3.249,3.249,0.0
2016-04-27,3.265,3.265,3.265,3.265,0.0
2016-04-28,3.258,3.258,3.258,3.258,0.0
2016-04-29,3.256,3.256,3.256,3.256,0.0
2016-05-02,3.236,3.236,3.236,3.236,0.0
2016-05-03,3.234,3.234,3.234,3.234,0.0
2016-05-04,3.243,3.243,3.243,3.243,0.0
2016-05-05,3.274,3.274,3.274,3.274,0.0
2016-05-06,3.272,3.272,3.272,3.272,0.0
2016-05-09,3.26,3.26,3.26,3.26,0.0
2016-05-10,3.238,3.238,3.238,3.238,0.0
2016-05-11,3.224,3.224,3.224,3.224,0.0
2016-05-12,3.209,3.209,3.209,3.209,0.0
2016-05-13,3.207,3.207,3.207,3.207,0.0
2016-05-16,3.212,3.212,3.212,3.212,0.0
2016-05-17,3.196,3.196,3.196,3.196,0.0
2016-05-18,3.182,3.182,3.182,3.182,0.0
2016-05-19,3.199,3.199,3.199,3.199,0.0
2016-05-20,3.187,3.187,3.187,3.187,0.0
2016-05-23,3.184,3.184,3.184,3.184,0.0
2016-05-24,3.189,3.189,3.189,3.189,0.0
2016-05-25,3.223,3.223,3.223,3.223,0.0
2016-05-26,3.254,3.254,3.254,3.254,0.0
2016-05-27,3.264,3.264,3.264,3.264,0.0
2016-05-31,3.268,3.268,3.268,3.268,0.0
2016-06-01,3.262,3.262,3.262,3.262,0.0
2016-06-02,3.252,3.252,3.252,3.252,0.0
2016-06-03,3.243,3.243,3.243,3.243,0.0
2016-06-06,3.237,3.237,3.237,3.237,0.0
2016-06-07,3.261,3.261,3.261,3.261,0.0
2016-06-08,3.254,3.254,3.254,3.254,0.0
2016-06-09,3.243,3.243,3.243,3.243,0.0
2016-06-10,3.222,3.222,3.222,3.222,0.0
2016-06-13,3.183,3.183,3.183,3.183,0.0
2016-06-14,3.161,3.161,3.161,3.161,0.0
2016-06-15,3.161,3.161,3.161,3.161,0.0
2016-06-16,3.162,3.162,3.162,3.162,0.0
2016-06-17,3.144,3.144,3.144,3.144,0.0
2016-06-20,3.136,3.136,3.136,3.136,0.0
2016-06-21,3.128,3.128,3.128,3.128,0.0
2016-06-22,3.135,3.135,3.135,3.135,0.0
2016-06-23,3.148,3.148,3.148,3.148,0.0
2016-06-24,3.166,3.166,3.166,3.166,0.0
2016-06-27,3.133,3.133,3.133,3.133,0.0
2016-06-28,3.175,3.175,3.175,3.175,0.0
2016-06-29,3.176,3.176,3.176,3.176,0.0
2016-06-30,3.189,3.189,3.189,3.189,0.0
2016-07-01,3.19,3.19,3.19,3.19,0.0
2016-07-05,3.188,3.188,3.188,3.188,0.0
2016-07-06,3.21,3.21,3.21,3.21,0.0
2016-07-07,3.208,3.208,3.208,3.208,0.0
2016-07-08,3.2,3.2,3.2,3.2,0.0
2016-07-11,3.196,3.196,3.196,3.196,0.0
2016-07-12,3.182,3.182,3.182,3.182,0.0
2016-07-13,3.201,3.201,3.201,3.201,0.0
2016-07-14,3.201,3.201,3.201,3.201,0.0
2016-07-15,3.187,3.187,3.187,3.187,0.0
2016-07-18,3.175,3.175,3.175,3.175,0.0
2016-07-19,3.167,3.167,3.167,3.167,0.0
2016-07-20,3.156,3.156,3.156,3.156,0.0
2016-07-21,3.161,3.161,3.161,3.161,0.0
2016-07-22,3.165,3.165,3.165,3.165,0.0
2016-07-25,3.171,3.171,3.171,3.171,0.0
2016-07-26,3.169,3.169,3.169,3.169,0.0
2016-07-27,3.162,3.162,3.162,3.162,0.0
2016-07-28,3.175,3.175,3.175,3.175,0.0
2016-07-29,3.17,3.17,3.17,3.17,0.0
2016-08-01,3.164,3.164,3.164,3.164,0.0
2016-08-02,3.168,3.168,3.168,3.168,0.0
2016-08-03,3.174,3.174,3.174,3.174,0.0
2016-08-04,3.189,3.189,3.189,3.189,0.0
2016-08-05,3.191,3.191,3.191,3.191,0.0
2016-08-08,3.19,3.19,3.19,3.19,0.0
2016-08-09,3.189,3.189,3.189,3.189,0.0
2016-08-10,3.17,3.17,3.17,3.17,0.0
2016-08-11,3.159,3.159,3.159,3.159,0.0
2016-08-12,3.156,3.156,3.156,3.156,0.0
2016-08-15,3.15,3.15,3.15,3.15,0.0
2016-08-16,3.156,3.156,3.156,3.156,0.0
2016-08-17,3.194,3.194,3.194,3.194,0.0
2016-08-18,3.186,3.186,3.186,3.186,0.0
2016-08-19,3.194,3.194,3.194,3.194,0.0
2016-08-22,3.194,3.194,3.194,3.194,0.0
2016-08-23,3.217,3.217,3.217,3.217,0.0
2016-08-24,3.241,3.241,3.241,3.241,0.0
2016-08-25,3.191,3.191,3.191,3.191,0.0
2016-08-26,3.163,3.163,3.163,3.163,0.0
2016-08-29,3.148,3.148,3.148,3.148,0.0
2016-08-30,3.14,3.14,3.14,3.14,0.0
2016-08-31,3.159,3.159,3.159,3.159,0.0
2016-09-01,3.127,3.127,3.127,3.127,0.0
2016-09-02,3.116,3.116,3.116,3.116,0.0
2016-09-06,3.117,3.117,3.117,3.117,0.0
2016-09-07,3.093,3.093,3.093,3.093,0.0
2016-09-08,3.09,3.09,3.09,3.09,0.0
2016-09-09,3.062,3.062,3.062,3.062,0.0
2016-09-12,3.064,3.064,3.064,3.064,0.0
2016-09-13,3.04,3.04,3.04,3.04,0.0
2016-09-14,3.057,3.057,3.057,3.057,0.0
2016-09-15,3.054,3.054,3.054,3.054,0.0
2016-09-16,3.03,3.03,3.03,3.03,0.0
2016-09-19,3.008,3.008,3.008,3.008,0.0
2016-09-20,3.018,3.018,3.018,3.018,0.0
2016-09-21,3.022,3.022,3.022,3.022,0.0
2016-09-22,2.994,2.994,2.994,2.994,0.0
2016-09-23,3.003,3.003,3.003,3.003,0.0
2016-09-26,3.022,3.022,3.022,3.022,0.0
2016-09-27,2.994,2.994,2.994,2.994,0.0
2016-09-28,2.968,2.968,2.968,2.968,0.0
2016-09-29,2.928,2.928,2.928,2.928,0.0
2016-09-30,2.924,2.924,2.924,2.924,4.0
2016-10-03,2.922,2.922,2.922,2.922,0.0
2016-10-04,2.896,2.896,2.896,2.896,0.0
2016-10-05,2.931,2.931,2.931,2.931,0.0
2016-10-06,2.931,2.931,2.931,2.931,0.0
2016-10-07,2.944,2.944,2.944,2.944,0.0
2016-10-10,2.935,2.935,2.935,2.935,0.0
2016-10-11,3.017,3.017,3.017,3.017,0.0
2016-10-12,2.983,2.983,2.983,2.983,0.0
2016-10-13,2.993,2.993,2.993,2.993,0.0
2016-10-14,2.99,2.99,2.99,2.99,0.0
2016-10-17,2.997,2.997,2.997,2.997,0.0
2016-10-18,3.001,3.001,3.001,3.001,0.0
2016-10-19,2.993,2.993,2.993,2.993,0.0
2016-10-20,2.989,2.989,2.989,2.989,0.0
2016-10-21,2.987,2.987,2.987,2.987,0.0
2016-10-24,2.982,2.982,2.982,2.982,0.0
2016-10-25,2.972,2.972,2.972,2.972,0.0
2016-10-26,2.98,2.98,2.98,2.98,0.0
2016-10-27,2.991,2.991,2.991,2.991,0.0
2016-10-28,2.991,2.991,2.991,2.991,0.0
2016-10-31,2.984,2.984,2.984,2.984,0.0
2016-11-01,2.982,2.982,2.982,2.982,0.0
2016-11-02,2.962,2.962,2.962,2.962,0.0
2016-11-03,2.964,2.964,2.964,2.964,0.0
2016-11-04,2.942,2.942,2.942,2.942,0.0
2016-11-07,2.947,2.947,2.947,2.947,0.0
2016-11-08,2.942,2.942,2.942,2.942,0.0
2016-11-09,2.936,2.936,2.936,2.936,0.0
2016-11-10,2.932,2.932,2.932,2.932,0.0
2016-11-11,2.93,2.93,2.93,2.93,0.0
2016-11-14,2.911,2.911,2.911,2.911,0.0
2016-11-15,2.881,2.881,2.881,2.881,0.0
2016-11-16,2.891,2.891,2.891,2.891,0.0
2016-11-17,2.899,2.899,2.899,2.899,0.0
2016-11-18,2.909,2.909,2.909,2.909,0.0
2016-11-21,2.888,2.888,2.888,2.888,0.0
2016-11-22,2.86,2.86,2.86,2.86,0.0
2016-11-23,2.848,2.848,2.848,2.848,0.0
2016-11-25,2.847,2.847,2.847,2.847,0.0
2016-11-28,2.816,2.816,2.816,2.816,0.0
2016-11-29,2.772,2.772,2.772,2.772,0.0
2016-11-30,2.751,2.751,2.751,2.751,0.0
2016-12-01,2.797,2.797,2.797,2.797,0.0
2016-12-02,2.788,2.788,2.788,2.788,0.0
2016-12-05,2.783,2.783,2.783,2.783,0.0
2016-12-06,2.778,2.778,2.778,2.778,0.0
2016-12-07,2.798,2.798,2.798,2.798,0.0
2016-12-08,2.832,2.832,2.832,2.832,0.0
2016-12-09,2.802,2.802,2.802,2.802,0.0
2016-12-12,2.789,2.789,2.789,2.789,0.0
2016-12-13,2.771,2.771,2.771,2.771,0.0
2016-12-14,2.738,2.738,2.738,2.738,0.0
2016-12-15,2.748,2.748,2.748,2.748,0.0
2016-12-16,2.744,2.744,2.744,2.744,0.0
2016-12-19,2.752,2.752,2.752,2.752,0.0
2016-12-20,2.737,2.737,2.737,2.737,0.0
2016-12-21,2.749,2.749,2.749,2.749,0.0
2016-12-22,2.715,2.715,2.715,2.715,0.0
2016-12-23,2.71,2.71,2.71,2.71,0.0
2016-12-27,2.72,2.72,2.72,2.72,0.0
2016-12-28,2.735,2.735,2.735,2.735,0.0
2016-12-29,2.742,2.742,2.742,2.742,0.0
2016-12-30,2.745,2.745,2.745,2.745,0.0
2017-01-03,2.731,2.731,2.731,2.731,0.0
2017-01-04,2.731,2.731,2.731,2.731,0.0
2017-01-05,2.747,2.747,2.747,2.747,0.0
2017-01-06,2.744,2.744,2.744,2.744,0.0
2017-01-09,2.727,2.727,2.727,2.727,0.0
2017-01-10,2.747,2.747,2.747,2.747,0.0
2017-01-11,2.726,2.726,2.726,2.726,0.0
2017-01-12,2.734,2.734,2.734,2.734,0.0
2017-01-13,2.706,2.706,2.706,2.706,0.0
2017-01-17,2.708,2.708,2.708,2.708,0.0
2017-01-18,2.712,2.712,2.712,2.712,0.0
2017-01-19,2.724,2.724,2.724,2.724,0.0
2017-01-20,2.736,2.736,2.736,2.736,0.0
2017-01-23,2.737,2.737,2.737,2.737,0.0
2017-01-24,2.724,2.724,2.724,2.724,0.0
2017-01-25,2.715,2.715,2.715,2.715,0.0
2017-01-26,2.718,2.718,2.718,2.718,0.0
2017-01-27,2.705,2.705,2.705,2.705,0.0
2017-01-30,2.67,2.714,2.66,2.714,5.0
2017-01-31,2.715,2.715,2.715,2.715,0.0
2017-02-01,2.705,2.705,2.705,2.705,0.0
2017-02-02,2.708,2.708,2.708,2.708,0.0
2017-02-03,2.691,2.691,2.691,2.691,0.0
2017-02-06,2.687,2.687,2.687,2.687,0.0
2017-02-07,2.703,2.703,2.703,2.703,0.0
2017-02-08,2.709,2.709,2.709,2.709,0.0
2017-02-09,2.704,2.704,2.704,2.704,0.0
2017-02-10,2.684,2.684,2.684,2.684,0.0
2017-02-13,2.686,2.686,2.686,2.686,0.0
2017-02-14,2.676,2.676,2.676,2.676,0.0
2017-02-15,2.678,2.678,2.678,2.678,0.0
2017-02-16,2.692,2.692,2.692,2.692,0.0
2017-02-17,2.692,2.692,2.692,2.692,0.0
2017-02-21,2.675,2.675,2.675,2.675,0.0
2017-02-22,2.68,2.68,2.68,2.68,0.0
2017-02-23,2.683,2.683,2.683,2.683,0.0
2017-02-24,2.664,2.664,2.664,2.664,0.0
2017-02-27,2.667,2.667,2.667,2.667,0.0
2017-02-28,2.671,2.671,2.671,2.671,0.0
2017-03-01,2.688,2.688,2.688,2.688,0.0
2017-03-02,2.688,2.688,2.688,2.688,0.0
2017-03-03,2.7,2.7,2.7,2.7,0.0
2017-03-06,2.695,2.695,2.695,2.695,0.0
2017-03-07,2.692,2.692,2.692,2.692,0.0
2017-03-08,2.689,2.689,2.689,2.689,0.0
2017-03-09,2.682,2.682,2.682,2.682,0.0
2017-03-10,2.678,2.678,2.678,2.678,0.0
2017-03-13,2.672,2.672,2.672,2.672,0.0
2017-03-14,2.671,2.671,2.671,2.671,0.0
2017-03-15,2.678,2.678,2.678,2.678,0.0
2017-03-16,2.704,2.704,2.704,2.704,0.0
2017-03-17,2.702,2.702,2.702,2.702,0.0
2017-03-20,2.71,2.71,2.71,2.71,0.0
2017-03-21,2.713,2.713,2.713,2.713,0.0
2017-03-22,2.709,2.709,2.709,2.709,0.0
2017-03-23,2.712,2.712,2.712,2.712,0.0
2017-03-24,2.686,2.686,2.686,2.686,0.0
2017-03-27,2.682,2.682,2.682,2.682,0.0
2017-03-28,2.663,2.663,2.663,2.663,0.0
2017-03-29,2.684,2.684,2.684,2.684,0.0
2017-03-30,2.682,2.682,2.682,2.682,0.0
2017-03-31,2.674,2.674,2.674,2.674,0.0
2017-04-03,2.681,2.681,2.681,2.681,0.0
2017-04-04,2.676,2.676,2.676,2.676,0.0
2017-04-05,2.709,2.709,2.709,2.709,0.0
2017-04-06,2.688,2.688,2.688,2.688,0.0
2017-04-07,2.693,2.693,2.693,2.693,0.0
2017-04-10,2.693,2.693,2.693,2.693,0.0
2017-04-11,2.72,2.72,2.72,2.72,0.0
2017-04-12,2.732,2.732,2.732,2.732,0.0
2017-04-13,2.755,2.755,2.755,2.755,0.0
2017-04-17,2.753,2.753,2.753,2.753,0.0
2017-04-18,2.786,2.786,2.786,2.786,0.0
2017-04-19,2.796,2.796,2.796,2.796,0.0
2017-04-20,2.83,2.83,2.83,2.83,0.0
2017-04-21,2.807,2.807,2.807,2.807,0.0
2017-04-24,2.791,2.791,2.791,2.791,0.0
2017-04-25,2.796,2.796,2.796,2.796,0.0
2017-04-26,2.802,2.802,2.802,2.802,0.0
2017-04-27,2.79,2.79,2.79,2.79,0.0
2017-04-28,2.795,2.795,2.795,2.795,0.0
2017-05-01,2.763,2.763,2.763,2.763,0.0
2017-05-02,2.761,2.761,2.761,2.761,0.0
2017-05-03,2.78,2.78,2.78,2.78,0.0
2017-05-04,2.805,2.805,2.805,2.805,0.0
2017-05-05,2.805,2.805,2.805,2.805,0.0
2017-05-08,2.782,2.782,2.782,2.782,0.0
2017-05-09,2.785,2.785,2.785,2.785,0.0
2017-05-10,2.78,2.78,2.78,2.78,0.0
2017-05-11,2.778,2.778,2.778,2.778,0.0
2017-05-12,2.782,2.782,2.782,2.782,0.0
2017-05-15,2.77,2.77,2.77,2.77,0.0
2017-05-16,2.787,2.787,2.787,2.787,0.0
2017-05-17,2.799,2.799,2.799,2.799,0.0
2017-05-18,2.786,2.786,2.786,2.786,0.0
2017-05-19,2.779,2.779,2.779,2.779,0.0
2017-05-22,2.781,2.781,2.781,2.781,0.0
2017-05-23,2.78,2.78,2.78,2.78,0.0
2017-05-24,2.781,2.781,2.775,2.775,11.0
2017-05-25,2.774,2.774,2.774,2.774,0.0
2017-05-26,2.762,2.762,2.762,2.762,0.0
2017-05-30,2.756,2.756,2.756,2.756,0.0
2017-05-31,2.746,2.746,2.746,2.746,0.0
2017-06-01,2.749,2.749,2.749,2.749,0.0
2017-06-02,2.739,2.739,2.739,2.739,0.0
2017-06-05,2.727,2.727,2.727,2.727,0.0
2017-06-06,2.705,2.705,2.705,2.705,0.0
2017-06-07,2.716,2.716,2.716,2.716,0.0
2017-06-08,2.731,2.731,2.731,2.731,0.0
2017-06-09,2.728,2.728,2.728,2.728,0.0
2017-06-12,2.73,2.73,2.73,2.73,0.0
2017-06-13,2.738,2.738,2.738,2.738,0.0
2017-06-14,2.73,2.73,2.73,2.73,0.0
2017-06-15,2.752,2.752,2.752,2.752,0.0
2017-06-16,2.745,2.745,2.745,2.745,0.0
2017-06-19,2.748,2.748,2.748,2.748,0.0
2017-06-20,2.776,2.776,2.776,2.776,1.0
2017-06-21,2.782,2.782,2.782,2.782,0.0
2017-06-22,2.784,2.784,2.784,2.784,0.0
2017-06-23,2.778,2.778,2.778,2.778,0.0
2017-06-26,2.762,2.762,2.762,2.762,0.0
2017-06-27,2.755,2.755,2.755,2.755,0.0
2017-06-28,2.747,2.747,2.747,2.747,0.0
2017-06-29,2.748,2.748,2.748,2.748,0.0
2017-06-30,2.761,2.761,2.761,2.761,0.0
2017-07-03,2.756,2.756,2.756,2.756,0.0
2017-07-05,2.72,2.72,2.72,2.72,0.0
2017-07-06,2.702,2.702,2.702,2.702,0.0
2017-07-07,2.697,2.697,2.697,2.697,0.0
2017-07-10,2.697,2.697,2.697,2.697,0.0
2017-07-11,2.7,2.7,2.7,2.7,0.0
2017-07-12,2.689,2.689,2.689,2.689,0.0
2017-07-13,2.703,2.703,2.703,2.703,0.0
2017-07-14,2.707,2.707,2.707,2.707,0.0
2017-07-17,2.712,2.712,2.712,2.712,0.0
2017-07-18,2.725,2.725,2.725,2.725,0.0
2017-07-19,2.71,2.71,2.71,2.71,0.0
2017-07-20,2.697,2.697,2.697,2.697,0.0
2017-07-21,2.683,2.683,2.683,2.683,0.0
2017-07-24,2.635,2.635,2.635,2.635,1.0
2017-07-25,2.641,2.641,2.641,2.641,0.0
2017-07-26,2.628,2.628,2.628,2.628,0.0
2017-07-27,2.628,2.628,2.628,2.628,0.0
2017-07-28,2.65,2.65,2.65,2.65,0.0
2017-07-31,2.637,2.637,2.637,2.637,0.0
2017-08-01,2.657,2.657,2.657,2.657,0.0
2017-08-02,2.665,2.665,2.665,2.665,0.0
2017-08-03,2.68,2.68,2.68,2.68,0.0
2017-08-04,2.673,2.673,2.673,2.673,0.0
2017-08-07,2.672,2.672,2.672,2.672,0.0
2017-08-08,2.676,2.676,2.676,2.676,0.0
2017-08-09,2.67,2.67,2.67,2.67,0.0
2017-08-10,2.671,2.671,2.671,2.671,0.0
2017-08-11,2.675,2.675,2.675,2.675,0.0
2017-08-14,2.679,2.679,2.679,2.679,0.0
2017-08-15,2.669,2.669,2.669,2.669,0.0
2017-08-16,2.659,2.659,2.659,2.659,0.0
2017-08-17,2.665,2.665,2.665,2.665,0.0
2017-08-18,2.665,2.665,2.665,2.665,0.0
2017-08-21,2.653,2.653,2.653,2.653,0.0
2017-08-22,2.649,2.649,2.649,2.649,0.0
2017-08-23,2.651,2.651,2.651,2.651,0.0
2017-08-24,2.615,2.615,2.615,2.615,0.0
2017-08-25,2.602,2.602,2.602,2.602,0.0
2017-08-28,2.615,2.615,2.615,2.615,0.0
2017-08-29,2.612,2.612,2.612,2.612,0.0
2017-08-30,2.616,2.616,2.616,2.616,0.0
2017-08-31,2.629,2.629,2.629,2.629,0.0
2017-09-01,2.636,2.636,2.636,2.636,0.0
2017-09-05,2.632,2.632,2.632,2.632,0.0
2017-09-06,2.622,2.622,2.622,2.622,0.0
2017-09-07,2.65,2.65,2.65,2.65,0.0
2017-09-08,2.656,2.656,2.656,2.656,0.0
2017-09-11,2.667,2.667,2.667,2.667,0.0
2017-09-12,2.676,2.676,2.676,2.676,0.0
2017-09-13,2.662,2.662,2.662,2.662,0.0
2017-09-14,2.679,2.679,2.679,2.679,0.0
2017-09-15,2.684,2.684,2.684,2.684,0.0
2017-09-18,2.705,2.705,2.705,2.705,0.0
2017-09-19,2.685,2.685,2.685,2.685,0.0
2017-09-20,2.687,2.687,2.687,2.687,0.0
2017-09-21,2.682,2.682,2.682,2.682,0.0
2017-09-22,2.696,2.696,2.696,2.696,0.0
2017-09-25,2.681,2.681,2.681,2.681,0.0
2017-09-26,2.692,2.692,2.692,2.692,0.0
2017-09-27,2.705,2.705,2.705,2.705,0.0
2017-09-28,2.702,2.702,2.702,2.702,0.0
2017-09-29,2.695,2.695,2.695,2.695,0.0
2017-10-02,2.705,2.705,2.705,2.705,0.0
2017-10-03,2.719,2.719,2.719,2.719,0.0
2017-10-04,2.72,2.72,2.72,2.72,0.0
2017-10-05,2.721,2.721,2.721,2.721,0.0
2017-10-06,2.711,2.711,2.711,2.711,0.0
2017-10-09,2.721,2.721,2.721,2.721,0.0
2017-10-10,2.711,2.711,2.711,2.711,0.0
2017-10-11,2.708,2.708,2.708,2.708,0.0
2017-10-12,2.727,2.727,2.727,2.727,0.0
2017-10-13,2.725,2.725,2.725,2.725,0.0
2017-10-16,2.748,2.748,2.748,2.748,0.0
2017-10-17,2.754,2.754,2.754,2.754,0.0
2017-10-18,2.761,2.761,2.761,2.761,0.0
2017-10-19,2.774,2.774,2.774,2.774,0.0
2017-10-20,2.789,2.789,2.789,2.789,0.0
2017-10-23,2.769,2.769,2.769,2.769,0.0
2017-10-24,2.768,2.768,2.768,2.768,0.0
2017-10-25,2.769,2.769,2.769,2.769,0.0
2017-10-26,2.761,2.761,2.761,2.761,0.0
2017-10-27,2.744,2.744,2.744,2.744,0.0
2017-10-30,2.764,2.764,2.764,2.764,0.0
2017-10-31,2.759,2.759,2.759,2.759,0.0
2017-11-01,2.763,2.763,2.763,2.763,0.0
2017-11-02,2.749,2.749,2.749,2.749,0.0
2017-11-03,2.744,2.744,2.744,2.744,0.0
2017-11-06,2.742,2.742,2.742,2.742,0.0
2017-11-07,2.741,2.741,2.741,2.741,0.0
2017-11-08,2.742,2.742,2.742,2.742,0.0
2017-11-09,2.753,2.753,2.753,2.753,0.0
2017-11-10,2.742,2.742,2.742,2.742,0.0
2017-11-13,2.739,2.739,2.739,2.739,0.0
2017-11-14,2.747,2.747,2.747,2.747,0.0
2017-11-15,2.744,2.744,2.744,2.744,0.0
2017-11-16,2.75,2.75,2.75,2.75,0.0
2017-11-17,2.755,2.755,2.755,2.755,0.0
2017-11-20,2.749,2.749,2.749,2.749,0.0
2017-11-21,2.751,2.751,2.751,2.751,0.0
2017-11-22,2.738,2.738,2.738,2.738,0.0
2017-11-24,2.739,2.739,2.739,2.739,0.0
2017-11-27,2.741,2.741,2.741,2.741,0.0
2017-11-28,2.746,2.746,2.746,2.746,0.0
2017-11-29,2.763,2.763,2.763,2.763,0.0
2017-11-30,2.751,2.751,2.751,2.751,0.0
2017-12-01,2.738,2.738,2.738,2.738,0.0
2017-12-04,2.708,2.708,2.708,2.708,0.0
2017-12-05,2.701,2.701,2.701,2.701,0.0
2017-12-06,2.694,2.694,2.694,2.694,0.0
2017-12-07,2.698,2.698,2.698,2.698,0.0
2017-12-08,2.701,2.701,2.701,2.701,0.0
2017-12-11,2.698,2.698,2.698,2.698,0.0
2017-12-12,2.695,2.695,2.695,2.695,0.0
2017-12-13,2.709,2.709,2.709,2.709,10.0
2017-12-14,2.718,2.718,2.718,2.718,0.0
2017-12-15,2.724,2.724,2.724,2.724,0.0
2017-12-18,2.745,2.745,2.745,2.745,0.0
2017-12-19,2.747,2.747,2.747,2.747,0.0
2017-12-20,2.733,2.733,2.733,2.733,0.0
2017-12-21,2.75,2.75,2.75,2.75,0.0
2017-12-22,2.773,2.773,2.773,2.773,0.0
2017-12-26,2.773,2.773,2.773,2.773,0.0
2017-12-27,2.752,2.752,2.752,2.752,0.0
2017-12-28,2.752,2.752,2.744,2.744,5.0
2017-12-29,2.751,2.751,2.751,2.751,0.0
2018-01-02,2.744,2.744,2.744,2.744,0.0
2018-01-03,2.746,2.746,2.746,2.746,0.0
2018-01-04,2.748,2.748,2.748,2.748,0.0
2018-01-05,2.735,2.735,2.735,2.735,0.0
2018-01-08,2.745,2.745,2.745,2.745,0.0
2018-01-09,2.726,2.726,2.726,2.726,0.0
2018-01-10,2.744,2.744,2.744,2.744,0.0
2018-01-11,2.75,2.75,2.75,2.75,0.0
2018-01-12,2.741,2.741,2.741,2.741,0.0
2018-01-16,2.726,2.726,2.726,2.726,0.0
2018-01-17,2.72,2.72,2.72,2.72,0.0
2018-01-18,2.721,2.721,2.721,2.721,0.0
2018-01-19,2.733,2.733,2.733,2.733,0.0
2018-01-22,2.752,2.752,2.752,2.752,5.0
2018-01-23,2.764,2.764,2.764,2.764,0.0
2018-01-24,2.778,2.778,2.778,2.778,0.0
2018-01-25,2.778,2.778,2.778,2.778,0.0
2018-01-26,2.759,2.759,2.759,2.759,0.0
2018-01-29,2.766,2.766,2.766,2.766,0.0
2018-01-30,2.757,2.757,2.757,2.757,0.0
2018-01-31,2.743,2.743,2.743,2.743,0.0
2018-02-01,2.753,2.753,2.753,2.753,0.0
2018-02-02,2.76,2.76,2.76,2.76,0.0
2018-02-05,2.777,2.777,2.777,2.777,0.0
2018-02-06,2.774,2.774,2.774,2.774,0.0
2018-02-07,2.754,2.754,2.754,2.754,0.0
2018-02-08,2.752,2.752,2.752,2.752,0.0
2018-02-09,2.737,2.737,2.737,2.737,0.0
2018-02-12,2.718,2.718,2.718,2.718,0.0
2018-02-13,2.716,2.716,2.716,2.716,0.0
2018-02-14,2.72,2.72,2.72,2.72,0.0
2018-02-15,2.714,2.714,2.714,2.714,0.0
2018-02-16,2.716,2.716,2.716,2.716,0.0
2018-02-20,2.72,2.72,2.72,2.72,0.0
2018-02-21,2.738,2.738,2.738,2.738,0.0
2018-02-22,2.739,2.739,2.739,2.739,0.0
2018-02-23,2.731,2.731,2.731,2.731,0.0
2018-02-26,2.739,2.739,2.739,2.739,0.0
2018-02-27,2.737,2.737,2.737,2.737,0.0
2018-02-28,2.72,2.72,2.72,2.72,0.0
2018-03-01,2.728,2.728,2.728,2.728,0.0
2018-03-02,2.742,2.742,2.742,2.742,0.0
2018-03-05,2.757,2.757,2.757,2.757,0.0
2018-03-06,2.757,2.757,2.757,2.757,0.0
2018-03-07,2.747,2.747,2.747,2.747,0.0
2018-03-08,2.717,2.717,2.717,2.717,0.0
2018-03-09,2.689,2.689,2.689,2.689,0.0
2018-03-12,2.688,2.688,2.688,2.688,0.0
2018-03-13,2.688,2.688,2.688,2.688,0.0
2018-03-14,2.711,2.711,2.711,2.711,0.0
2018-03-15,2.734,2.734,2.734,2.734,0.0
2018-03-16,2.735,2.735,2.735,2.735,0.0
2018-03-19,2.725,2.725,2.725,2.725,0.0
2018-03-20,2.73,2.73,2.73,2.73,0.0
2018-03-21,2.721,2.721,2.721,2.721,0.0
2018-03-22,2.709,2.709,2.709,2.709,0.0
2018-03-23,2.688,2.688,2.688,2.688,0.0
2018-03-26,2.715,2.715,2.715,2.715,0.0
2018-03-27,2.727,2.727,2.727,2.727,0.0
2018-03-28,2.731,2.731,2.731,2.731,0.0
2018-03-29,2.758,2.758,2.758,2.758,0.0
2018-04-02,2.747,2.747,2.747,2.747,0.0
2018-04-03,2.74,2.74,2.74,2.74,0.0
2018-04-04,2.721,2.721,2.721,2.721,0.0
2018-04-05,2.729,2.729,2.729,2.729,0.0
2018-04-06,2.727,2.727,2.727,2.727,0.0
2018-04-09,2.718,2.718,2.718,2.718,0.0
2018-04-10,2.727,2.727,2.727,2.727,0.0
2018-04-11,2.738,2.738,2.738,2.738,0.0
2018-04-12,2.754,2.754,2.754,2.754,0.0
2018-04-13,2.748,2.748,2.748,2.748,0.0
2018-04-16,2.75,2.75,2.75,2.75,0.0
2018-04-17,2.746,2.746,2.746,2.746,0.0
2018-04-18,2.727,2.727,2.727,2.727,0.0
2018-04-19,2.68,2.684,2.68,2.684,1.0
2018-04-20,2.689,2.689,2.689,2.689,0.0
2018-04-23,2.681,2.681,2.681,2.681,0.0
2018-04-24,2.681,2.681,2.681,2.681,0.0
2018-04-25,2.676,2.676,2.676,2.676,0.0
2018-04-26,2.669,2.669,2.669,2.669,0.0
2018-04-27,2.669,2.669,2.669,2.669,0.0
2018-04-30,2.664,2.664,2.664,2.664,0.0
2018-05-01,2.653,2.653,2.653,2.653,0.0
2018-05-02,2.652,2.652,2.652,2.652,0.0
2018-05-03,2.655,2.655,2.655,2.655,0.0
2018-05-04,2.643,2.643,2.643,2.643,0.0
2018-05-07,2.641,2.641,2.641,2.641,0.0
2018-05-08,2.601,2.601,2.601,2.601,0.0
2018-05-09,2.59,2.59,2.59,2.59,0.0
2018-05-10,2.588,2.588,2.588,2.588,0.0
2018-05-11,2.591,2.591,2.591,2.591,0.0
2018-05-14,2.586,2.586,2.586,2.586,0.0
2018-05-15,2.584,2.584,2.584,2.584,0.0
2018-05-16,2.581,2.581,2.581,2.581,0.0
2018-05-17,2.588,2.588,2.588,2.588,0.0
2018-05-18,2.603,2.603,2.603,2.603,0.0
2018-05-21,2.609,2.609,2.609,2.609,0.0
2018-05-22,2.614,2.614,2.614,2.614,0.0
2018-05-23,2.609,2.609,2.609,2.609,0.0
2018-05-24,2.603,2.603,2.603,2.603,0.0
2018-05-25,2.585,2.585,2.575,2.575,11.0
2018-05-29,2.552,2.552,2.552,2.552,12.0
2018-05-30,2.554,2.554,2.554,2.554,0.0
2018-05-31,2.557,2.557,2.557,2.557,0.0
2018-06-01,2.55,2.55,2.55,2.55,0.0
2018-06-04,2.535,2.535,2.535,2.535,0.0
2018-06-05,2.543,2.543,2.543,2.543,0.0
2018-06-06,2.558,2.558,2.558,2.558,0.0
2018-06-07,2.56,2.56,2.535,2.535,1.0
2018-06-08,2.538,2.538,2.538,2.538,0.0
2018-06-11,2.522,2.522,2.522,2.522,0.0
2018-06-12,2.538,2.538,2.538,2.538,0.0
2018-06-13,2.555,2.555,2.555,2.555,0.0
2018-06-14,2.549,2.549,2.549,2.549,0.0
2018-06-15,2.554,2.554,2.554,2.554,0.0
2018-06-18,2.556,2.556,2.556,2.556,0.0
2018-06-19,2.548,2.548,2.548,2.548,0.0
2018-06-20,2.54,2.54,2.54,2.54,0.0
2018-06-21,2.54,2.54,2.54,2.54,0.0
2018-06-22,2.541,2.541,2.541,2.541,0.0
2018-06-25,2.537,2.537,2.537,2.537,0.0
2018-06-26,2.535,2.535,2.535,2.535,0.0
2018-06-27,2.54,2.54,2.54,2.54,0.0
2018-06-28,2.54,2.54,2.54,2.54,0.0
2018-06-29,2.539,2.539,2.539,2.539,0.0
2018-07-02,2.534,2.534,2.534,2.534,0.0
2018-07-03,2.527,2.527,2.527,2.527,0.0
2018-07-05,2.525,2.525,2.525,2.525,0.0
2018-07-06,2.52,2.52,2.52,2.52,0.0
2018-07-09,2.507,2.507,2.507,2.507,0.0
2018-07-10,2.504,2.504,2.504,2.504,0.0
2018-07-11,2.491,2.491,2.491,2.491,1.0
2018-07-12,2.488,2.488,2.488,2.488,0.0
2018-07-13,2.486,2.486,2.486,2.486,0.0
2018-07-16,2.467,2.467,2.467,2.467,0.0
2018-07-17,2.462,2.462,2.462,2.462,0.0
2018-07-18,2.452,2.452,2.452,2.452,0.0
2018-07-19,2.455,2.455,2.455,2.455,0.0
2018-07-20,2.456,2.456,2.456,2.456,0.0
2018-07-23,2.465,2.465,2.465,2.465,0.0
2018-07-24,2.472,2.472,2.472,2.472,0.0
2018-07-25,2.483,2.483,2.483,2.483,0.0
2018-07-26,2.479,2.479,2.479,2.479,0.0
2018-07-27,2.501,2.501,2.501,2.501,0.0
2018-07-30,2.5,2.505,2.5,2.505,37.0
2018-07-31,2.507,2.507,2.507,2.507,0.0
2018-08-01,2.51,2.51,2.477,2.477,1.0
2018-08-02,2.481,2.481,2.481,2.481,0.0
2018-08-03,2.481,2.481,2.481,2.481,0.0
2018-08-06,2.462,2.462,2.462,2.462,0.0
2018-08-07,2.471,2.471,2.471,2.471,0.0
2018-08-08,2.486,2.486,2.486,2.486,0.0
2018-08-09,2.488,2.488,2.488,2.488,0.0
2018-08-10,2.504,2.504,2.504,2.504,0.0
2018-08-13,2.512,2.512,2.512,2.512,0.0
2018-08-14,2.512,2.512,2.512,2.512,0.0
2018-08-15,2.512,2.512,2.512,2.512,0.0
2018-08-16,2.512,2.512,2.502,2.502,1.0
2018-08-17,2.504,2.504,2.504,2.504,0.0
2018-08-20,2.503,2.503,2.503,2.503,0.0
2018-08-21,2.5,2.5,2.497,2.497,10.0
2018-08-22,2.484,2.484,2.484,2.484,0.0
2018-08-23,2.477,2.477,2.477,2.477,0.0
2018-08-24,2.468,2.468,2.468,2.468,0.0
2018-08-27,2.436,2.436,2.436,2.436,1.0
2018-08-28,2.414,2.414,2.414,2.414,0.0
2018-08-29,2.421,2.421,2.421,2.421,0.0
2018-08-30,2.42,2.42,2.42,2.42,0.0
2018-08-31,2.439,2.439,2.439,2.439,0.0
2018-09-04,2.423,2.423,2.423,2.423,0.0
2018-09-05,2.428,2.428,2.428,2.428,0.0
2018-09-06,2.438,2.438,2.438,2.438,3.0
2018-09-07,2.439,2.439,2.439,2.439,0.0
2018-09-10,2.448,2.448,2.448,2.448,0.0
2018-09-11,2.45,2.45,2.45,2.45,0.0
2018-09-12,2.46,2.46,2.46,2.46,0.0
2018-09-13,2.476,2.476,2.476,2.476,0.0
2018-09-14,2.476,2.476,2.476,2.476,0.0
2018-09-17,2.48,2.48,2.48,2.48,2.0
2018-09-18,2.481,2.481,2.481,2.481,0.0
2018-09-19,2.464,2.464,2.464,2.464,0.0
2018-09-20,2.468,2.468,2.468,2.468,2.0
2018-09-21,2.466,2.466,2.466,2.466,0.0
2018-09-24,2.462,2.462,2.462,2.462,16.0
2018-09-25,2.464,2.464,2.464,2.464,0.0
2018-09-26,2.471,2.471,2.471,2.471,1.0
2018-09-27,2.465,2.465,2.465,2.465,3.0
2018-09-28,2.466,2.466,2.466,2.466,0.0
2018-10-01,2.476,2.476,2.471,2.471,1.0
2018-10-02,2.469,2.469,2.469,2.469,0.0
2018-10-03,2.468,2.468,2.468,2.468,0.0
2018-10-04,2.47,2.47,2.47,2.47,0.0
2018-10-05,2.469,2.469,2.469,2.469,0.0
2018-10-08,2.48,2.48,2.48,2.48,0.0
2018-10-09,2.481,2.481,2.481,2.481,0.0
2018-10-10,2.477,2.477,2.477,2.477,2.0
2018-10-11,2.5,2.501,2.5,2.501,8.0
2018-10-12,2.502,2.502,2.502,2.502,0.0
2018-10-15,2.502,2.502,2.502,2.502,0.0
2018-10-16,2.49,2.49,2.49,2.49,0.0
2018-10-17,2.485,2.485,2.485,2.485,0.0
2018-10-18,2.484,2.484,2.484,2.484,0.0
2018-10-19,2.484,2.5,2.481,2.481,6.0
2018-10-22,2.482,2.482,2.482,2.482,11.0
2018-10-23,2.484,2.484,2.484,2.484,0.0
2018-10-24,2.484,2.484,2.481,2.481,50.0
2018-10-25,2.479,2.479,2.479,2.479,0.0
2018-10-26,2.481,2.481,2.481,2.481,10.0
2018-10-29,2.484,2.484,2.484,2.484,0.0
2018-10-30,2.49,2.49,2.49,2.49,0.0
2018-10-31,2.489,2.489,2.489,2.489,0.0
2018-11-01,2.494,2.494,2.494,2.494,0.0
2018-11-02,2.506,2.506,2.506,2.506,0.0
2018-11-05,2.518,2.518,2.518,2.518,0.0
2018-11-06,2.534,2.534,2.534,2.534,0.0
2018-11-07,2.533,2.533,2.533,2.533,0.0
2018-11-08,2.534,2.534,2.534,2.534,0.0
2018-11-09,2.537,2.537,2.537,2.537,0.0
2018-11-12,2.555,2.555,2.555,2.555,0.0
2018-11-13,2.565,2.565,2.534,2.534,2.0
2018-11-14,2.518,2.518,2.518,2.518,0.0
2018-11-15,2.529,2.529,2.529,2.529,11.0
2018-11-16,2.514,2.514,2.514,2.514,0.0
2018-11-19,2.519,2.519,2.493,2.493,2.0
2018-11-20,2.491,2.491,2.491,2.491,0.0
2018-11-21,2.489,2.489,2.489,2.489,0.0
2018-11-23,2.514,2.514,2.514,2.514,0.0
2018-11-26,2.507,2.507,2.507,2.507,0.0
2018-11-27,2.503,2.503,2.503,2.503,0.0
2018-11-28,2.531,2.531,2.531,2.531,0.0
2018-11-29,2.557,2.557,2.557,2.557,0.0
2018-11-30,2.557,2.587,2.557,2.587,6.0
2018-12-03,2.559,2.559,2.559,2.559,0.0
2018-12-04,2.545,2.545,2.545,2.545,0.0
2018-12-05,2.547,2.547,2.547,2.547,0.0
2018-12-06,2.558,2.558,2.558,2.558,0.0
2018-12-07,2.556,2.556,2.556,2.556,0.0
2018-12-10,2.557,2.557,2.557,2.557,0.0
2018-12-11,2.552,2.552,2.53,2.531,8.0
2018-12-12,2.531,2.531,2.531,2.531,1.0
2018-12-13,2.51,2.51,2.51,2.51,2.0
2018-12-14,2.52,2.52,2.52,2.52,0.0
2018-12-17,2.519,2.519,2.519,2.519,2.0
2018-12-18,2.52,2.52,2.52,2.52,0.0
2018-12-19,2.519,2.519,2.519,2.519,0.0
2018-12-20,2.525,2.525,2.525,2.525,0.0
2018-12-21,2.53,2.53,2.53,2.53,0.0
2018-12-24,2.527,2.527,2.527,2.527,0.0
2018-12-26,2.524,2.524,2.524,2.524,0.0
2018-12-27,2.521,2.521,2.521,2.521,0.0
2018-12-28,2.512,2.512,2.512,2.512,0.0
2018-12-31,2.52,2.52,2.52,2.52,0.0
2019-01-02,2.518,2.518,2.518,2.518,0.0
2019-01-03,2.51,2.51,2.51,2.51,0.0
2019-01-04,2.527,2.527,2.527,2.527,0.0
2019-01-07,2.528,2.528,2.528,2.528,0.0
2019-01-08,2.538,2.538,2.524,2.524,2.0
2019-01-09,2.524,2.524,2.524,2.524,0.0
2019-01-10,2.532,2.532,2.532,2.532,10.0
2019-01-11,2.538,2.543,2.538,2.543,1.0
2019-01-14,2.542,2.542,2.542,2.542,0.0
2019-01-15,2.532,2.532,2.532,2.532,0.0
2019-01-16,2.501,2.501,2.501,2.501,0.0
2019-01-17,2.514,2.514,2.514,2.514,0.0
2019-01-18,2.522,2.522,2.522,2.522,0.0
2019-01-22,2.535,2.535,2.535,2.535,0.0
2019-01-23,2.53,2.53,2.53,2.53,0.0
2019-01-24,2.515,2.515,2.515,2.515,0.0
2019-01-25,2.5,2.525,2.5,2.525,2.0
2019-01-28,2.533,2.533,2.513,2.513,1.0
2019-01-29,2.516,2.516,2.516,2.516,0.0
2019-01-30,2.496,2.507,2.496,2.507,2.0
2019-01-31,2.496,2.496,2.496,2.496,0.0
2019-02-01,2.49,2.505,2.49,2.505,6.0
2019-02-04,2.492,2.492,2.492,2.492,0.0
2019-02-05,2.511,2.511,2.511,2.511,0.0
2019-02-06,2.516,2.516,2.516,2.516,0.0
2019-02-07,2.514,2.514,2.514,2.514,0.0
2019-02-08,2.518,2.518,2.518,2.518,0.0
2019-02-11,2.522,2.522,2.522,2.522,0.0
2019-02-12,2.514,2.53,2.514,2.53,1.0
2019-02-13,2.531,2.531,2.531,2.531,0.0
2019-02-14,2.525,2.525,2.525,2.525,0.0
2019-02-15,2.509,2.509,2.509,2.509,0.0
2019-02-19,2.52,2.52,2.52,2.52,8.0
2019-02-20,2.507,2.507,2.507,2.507,0.0
2019-02-21,2.502,2.502,2.502,2.502,0.0
2019-02-22,2.5,2.5,2.499,2.499,3.0
2019-02-25,2.496,2.496,2.496,2.496,0.0
2019-02-26,2.476,2.476,2.476,2.476,0.0
2019-02-27,2.5,2.5,2.5,2.5,0.0
2019-02-28,2.504,2.504,2.504,2.504,0.0
2019-03-01,2.501,2.501,2.501,2.501,0.0
2019-03-04,2.497,2.497,2.497,2.497,0.0
2019-03-05,2.496,2.496,2.496,2.496,0.0
2019-03-06,2.493,2.493,2.493,2.493,0.0
2019-03-07,2.495,2.495,2.495,2.495,0.0
2019-03-08,2.496,2.496,2.496,2.496,0.0
2019-03-11,2.51,2.51,2.51,2.51,22.0
2019-03-12,2.524,2.524,2.524,2.524,0.0
2019-03-13,2.529,2.529,2.529,2.529,0.0
2019-03-14,2.545,2.545,2.526,2.526,2.0
2019-03-15,2.525,2.525,2.525,2.525,0.0
2019-03-18,2.528,2.528,2.528,2.528,0.0
2019-03-19,2.529,2.529,2.529,2.529,0.0
2019-03-20,2.525,2.525,2.525,2.525,0.0
2019-03-21,2.54,2.54,2.532,2.532,2.0
2019-03-22,2.522,2.522,2.522,2.522,0.0
2019-03-25,2.532,2.532,2.521,2.521,2.0
2019-03-26,2.523,2.523,2.523,2.523,52.0
2019-03-27,2.517,2.517,2.517,2.517,0.0
2019-03-28,2.519,2.52,2.519,2.52,5.0
2019-03-29,2.521,2.521,2.521,2.521,0.0
2019-04-01,2.52,2.52,2.52,2.52,0.0
2019-04-02,2.527,2.527,2.527,2.527,0.0
2019-04-03,2.535,2.535,2.535,2.535,0.0
2019-04-04,2.53,2.53,2.53,2.53,2.0
2019-04-05,2.534,2.534,2.534,2.534,0.0
2019-04-08,2.537,2.537,2.537,2.537,0.0
2019-04-09,2.544,2.544,2.544,2.544,0.0
2019-04-10,2.537,2.537,2.537,2.537,0.0
2019-04-11,2.535,2.535,2.535,2.535,0.0
2019-04-12,2.535,2.535,2.535,2.535,0.0
2019-04-15,2.534,2.534,2.534,2.534,0.0
2019-04-16,2.535,2.535,2.535,2.535,0.0
2019-04-17,2.525,2.525,2.525,2.525,8.0
2019-04-18,2.51,2.51,2.51,2.51,1.0
2019-04-22,2.498,2.498,2.498,2.498,0.0
2019-04-23,2.498,2.498,2.492,2.492,13.0
2019-04-24,2.502,2.502,2.502,2.502,0.0
2019-04-25,2.512,2.512,2.512,2.512,0.0
2019-04-26,2.512,2.512,2.512,2.512,22.0
2019-04-29,2.522,2.522,2.522,2.522,5.0
2019-04-30,2.527,2.527,2.527,2.527,0.0
2019-05-01,2.529,2.529,2.529,2.529,0.0
2019-05-02,2.526,2.526,2.526,2.526,0.0
2019-05-03,2.497,2.497,2.497,2.497,0.0
2019-05-06,2.507,2.507,2.5,2.5,1.0
2019-05-07,2.5,2.5,2.5,2.5,0.0
2019-05-08,2.494,2.494,2.494,2.494,0.0
2019-05-09,2.5,2.5,2.5,2.5,0.0
2019-05-10,2.491,2.491,2.491,2.491,0.0
2019-05-13,2.494,2.494,2.494,2.494,0.0
2019-05-14,2.505,2.505,2.505,2.505,0.0
2019-05-15,2.503,2.503,2.503,2.503,0.0
2019-05-16,2.54,2.54,2.51,2.51,12.0
2019-05-17,2.51,2.514,2.51,2.514,5.0
2019-05-20,2.519,2.519,2.519,2.519,0.0
2019-05-21,2.522,2.522,2.522,2.522,0.0
2019-05-22,2.522,2.529,2.508,2.508,32.0
2019-05-23,2.528,2.528,2.52,2.52,2.0
2019-05-24,2.525,2.53,2.525,2.53,2.0
2019-05-28,2.52,2.526,2.52,2.526,35.0
2019-05-29,2.509,2.509,2.509,2.509,0.0
2019-05-30,2.506,2.507,2.506,2.507,1.0
2019-05-31,2.503,2.503,2.503,2.503,0.0
2019-06-03,2.491,2.491,2.491,2.491,0.0
2019-06-04,2.497,2.497,2.497,2.497,75.0
2019-06-05,2.491,2.491,2.491,2.491,0.0
2019-06-06,2.5,2.5,2.5,2.5,0.0
2019-06-07,2.501,2.501,2.501,2.501,0.0
2019-06-10,2.5,2.5,2.495,2.495,5.0
2019-06-11,2.495,2.495,2.495,2.495,0.0
2019-06-12,2.495,2.495,2.491,2.491,2.0
2019-06-13,2.486,2.492,2.486,2.492,6.0
2019-06-14,2.497,2.497,2.497,2.497,0.0
2019-06-17,2.5,2.5,2.5,2.5,0.0
2019-06-18,2.486,2.486,2.486,2.486,5.0
2019-06-19,2.485,2.485,2.485,2.485,30.0
2019-06-20,2.491,2.491,2.486,2.486,86.0
2019-06-21,2.501,2.501,2.501,2.501,25.0
2019-06-24,2.504,2.504,2.504,2.504,50.0
2019-06-25,2.504,2.508,2.503,2.503,22.0
2019-06-26,2.495,2.495,2.495,2.495,0.0
2019-06-27,2.491,2.491,2.491,2.491,0.0
2019-06-28,2.466,2.466,2.466,2.466,0.0
2019-07-01,2.459,2.459,2.459,2.459,10.0
2019-07-02,2.455,2.455,2.455,2.455,0.0
2019-07-03,2.451,2.451,2.451,2.451,10.0
2019-07-05,2.463,2.463,2.463,2.463,10.0
2019-07-08,2.459,2.459,2.459,2.459,0.0
2019-07-09,2.472,2.472,2.472,2.472,36.0
2019-07-10,2.464,2.464,2.464,2.464,0.0
2019-07-11,2.472,2.472,2.472,2.472,0.0
2019-07-12,2.479,2.479,2.479,2.479,3.0
2019-07-15,2.484,2.484,2.484,2.484,10.0
2019-07-16,2.474,2.474,2.46,2.46,11.0
2019-07-17,2.457,2.457,2.457,2.457,0.0
2019-07-18,2.472,2.472,2.472,2.472,140.0
2019-07-19,2.477,2.477,2.465,2.465,127.0
2019-07-22,2.468,2.468,2.468,2.468,0.0
2019-07-23,2.467,2.467,2.467,2.467,0.0
2019-07-24,2.46,2.46,2.46,2.46,8.0
2019-07-25,2.461,2.461,2.461,2.461,4.0
2019-07-26,2.462,2.462,2.462,2.462,15.0
2019-07-29,2.45,2.45,2.45,2.45,0.0
2019-07-30,2.453,2.453,2.453,2.453,0.0
2019-07-31,2.457,2.457,2.457,2.457,10.0
2019-08-01,2.457,2.465,2.457,2.465,2.0
2019-08-02,2.452,2.452,2.452,2.452,1.0
2019-08-05,2.439,2.439,2.439,2.439,1.0
2019-08-06,2.433,2.433,2.433,2.433,3.0
2019-08-07,2.418,2.418,2.418,2.418,0.0
2019-08-08,2.418,2.418,2.418,2.418,2.0
2019-08-09,2.406,2.406,2.406,2.406,20.0
2019-08-12,2.39,2.39,2.38,2.38,21.0
2019-08-13,2.38,2.38,2.38,2.38,1.0
2019-08-14,2.355,2.355,2.355,2.355,2.0
2019-08-15,2.337,2.337,2.337,2.337,1.0
2019-08-16,2.337,2.337,2.314,2.314,199.0
2019-08-19,2.324,2.337,2.308,2.319,11.0
2019-08-20,2.319,2.319,2.316,2.316,254.0
2019-08-21,2.317,2.317,2.317,2.317,0.0
2019-08-22,2.315,2.319,2.306,2.306,11.0
2019-08-23,2.32,2.32,2.32,2.32,0.0
2019-08-26,2.333,2.333,2.333,2.333,3.0
2019-08-27,2.35,2.35,2.35,2.35,70.0
2019-08-28,2.365,2.369,2.365,2.369,2.0
2019-08-29,2.378,2.378,2.378,2.378,4.0
2019-08-30,2.373,2.373,2.356,2.356,38.0
2019-09-03,2.38,2.38,2.38,2.38,368.0
2019-09-04,2.359,2.359,2.359,2.359,26.0
2019-09-05,2.365,2.366,2.365,2.366,39.0
2019-09-06,2.352,2.352,2.352,2.352,2.0
2019-09-09,2.35,2.35,2.35,2.35,0.0
2019-09-10,2.38,2.38,2.354,2.354,2.0
2019-09-11,2.332,2.383,2.332,2.368,23.0
2019-09-12,2.373,2.373,2.373,2.373,0.0
2019-09-13,2.37,2.37,2.359,2.359,1.0
2019-09-16,2.366,2.366,2.366,2.366,0.0
2019-09-17,2.362,2.362,2.362,2.362,0.0
2019-09-18,2.374,2.374,2.374,2.374,0.0
2019-09-19,2.378,2.378,2.373,2.373,75.0
2019-09-20,2.384,2.384,2.384,2.384,0.0
2019-09-23,2.381,2.381,2.381,2.381,0.0
2019-09-24,2.386,2.386,2.377,2.377,10.0
2019-09-25,2.376,2.376,2.376,2.376,7.0
2019-09-26,2.378,2.378,2.377,2.377,11.0
2019-09-27,2.366,2.366,2.366,2.366,58.0
2019-09-30,2.371,2.374,2.366,2.366,7.0
2019-10-01,2.372,2.372,2.372,2.372,0.0
2019-10-02,2.365,2.371,2.365,2.371,21.0
2019-10-03,2.362,2.362,2.362,2.362,28.0
2019-10-04,2.357,2.357,2.357,2.357,0.0
2019-10-07,2.363,2.363,2.36,2.36,11.0
2019-10-08,2.343,2.343,2.343,2.343,0.0
2019-10-09,2.336,2.336,2.336,2.336,70.0
2019-10-10,2.331,2.331,2.328,2.328,75.0
2019-10-11,2.333,2.333,2.333,2.333,116.0
2019-10-14,2.338,2.338,2.338,2.338,10.0
2019-10-15,2.347,2.347,2.347,2.347,11.0
2019-10-16,2.34,2.34,2.34,2.34,3.0
2019-10-17,2.34,2.34,2.339,2.339,2.0
2019-10-18,2.336,2.336,2.334,2.334,4.0
2019-10-21,2.333,2.333,2.329,2.329,4.0
2019-10-22,2.333,2.333,2.333,2.333,9.0
2019-10-23,2.327,2.327,2.327,2.327,0.0
2019-10-24,2.331,2.331,2.331,2.331,0.0
2019-10-25,2.325,2.325,2.325,2.325,0.0
2019-10-28,2.335,2.335,2.335,2.335,0.0
2019-10-29,2.354,2.354,2.354,2.354,7.0
2019-10-30,2.359,2.37,2.359,2.37,5.0
2019-10-31,2.36,2.365,2.36,2.365,2.0
2019-11-01,2.365,2.37,2.365,2.37,6.0
2019-11-04,2.372,2.372,2.372,2.372,0.0
2019-11-05,2.357,2.368,2.357,2.368,15.0
2019-11-06,2.354,2.354,2.354,2.354,57.0
2019-11-07,2.344,2.344,2.344,2.344,0.0
2019-11-08,2.352,2.352,2.352,2.352,0.0
2019-11-11,2.35,2.35,2.35,2.35,210.0
2019-11-12,2.345,2.345,2.343,2.343,22.0
2019-11-13,2.33,2.33,2.33,2.33,0.0
2019-11-14,2.331,2.331,2.331,2.331,111.0
2019-11-15,2.352,2.352,2.329,2.329,34.0
2019-11-18,2.335,2.335,2.333,2.333,21.0
2019-11-19,2.33,2.33,2.328,2.328,16.0
2019-11-20,2.34,2.34,2.333,2.337,7.0
2019-11-21,2.337,2.337,2.337,2.337,0.0
2019-11-22,2.337,2.337,2.337,2.337,3.0
2019-11-25,2.326,2.326,2.326,2.326,43.0
2019-11-26,2.353,2.353,2.327,2.327,18.0
2019-11-27,2.331,2.331,2.331,2.331,0.0
2019-11-29,2.289,2.289,2.289,2.289,1.0
2019-12-02,2.308,2.308,2.307,2.307,23.0
2019-12-03,2.309,2.309,2.309,2.309,24.0
2019-12-04,2.302,2.32,2.302,2.32,15.0
2019-12-05,2.313,2.329,2.312,2.316,19.0
2019-12-06,2.308,2.308,2.299,2.299,19.0
2019-12-09,2.302,2.302,2.302,2.302,20.0
2019-12-10,2.305,2.31,2.305,2.31,118.0
2019-12-11,2.325,2.325,2.309,2.309,12.0
2019-12-12,2.314,2.314,2.314,2.314,1.0
2019-12-13,2.31,2.31,2.297,2.297,6.0
2019-12-16,2.301,2.301,2.301,2.301,0.0
2019-12-17,2.3,2.3,2.3,2.3,3.0
2019-12-18,2.29,2.29,2.277,2.277,1.0
2019-12-19,2.267,2.267,2.261,2.261,3.0
2019-12-20,2.263,2.265,2.263,2.265,152.0
2019-12-23,2.26,2.271,2.26,2.271,4.0
2019-12-24,2.269,2.269,2.269,2.269,0.0
2019-12-26,2.27,2.281,2.265,2.265,26.0
2019-12-27,2.263,2.263,2.263,2.263,0.0
2019-12-30,2.26,2.26,2.26,2.26,0.0
2019-12-31,2.267,2.267,2.267,2.267,7.0
2020-01-02,2.264,2.264,2.26,2.26,6.0
2020-01-03,2.291,2.292,2.262,2.262,27.0
2020-01-06,2.265,2.265,2.26,2.26,135.0
2020-01-07,2.268,2.268,2.268,2.268,36.0
2020-01-08,2.273,2.273,2.273,2.273,7.0
2020-01-09,2.275,2.278,2.273,2.278,123.0
2020-01-10,2.279,2.279,2.279,2.279,0.0
2020-01-13,2.284,2.284,2.283,2.283,2.0
2020-01-14,2.292,2.293,2.285,2.285,38.0
2020-01-15,2.294,2.294,2.284,2.284,2.0
2020-01-16,2.289,2.292,2.287,2.291,11.0
2020-01-17,2.295,2.295,2.291,2.291,41.0
2020-01-21,2.28,2.298,2.28,2.281,6.0
2020-01-22,2.283,2.283,2.272,2.272,126.0
2020-01-23,2.267,2.267,2.259,2.259,27.0
2020-01-24,2.25,2.25,2.241,2.241,93.0
2020-01-27,2.241,2.262,2.232,2.232,7.0
2020-01-28,2.24,2.244,2.24,2.244,602.0
2020-01-29,2.232,2.232,2.232,2.232,2.0
2020-01-30,2.24,2.24,2.232,2.232,513.0
2020-01-31,2.234,2.234,2.232,2.234,13.0
2020-02-03,2.231,2.231,2.223,2.223,38.0
2020-02-04,2.226,2.226,2.226,2.226,539.0
2020-02-05,2.225,2.225,2.218,2.218,270.0
2020-02-06,2.235,2.235,2.235,2.235,537.0
2020-02-07,2.257,2.257,2.257,2.257,215.0
2020-02-10,2.242,2.25,2.242,2.25,167.0
2020-02-11,2.245,2.256,2.245,2.256,181.0
2020-02-12,2.263,2.27,2.263,2.263,39.0
2020-02-13,2.263,2.263,2.26,2.262,285.0
2020-02-14,2.258,2.258,2.25,2.25,385.0
2020-02-18,2.25,2.255,2.245,2.255,307.0
2020-02-19,2.25,2.25,2.24,2.242,13.0
2020-02-20,2.24,2.24,2.231,2.231,8.0
2020-02-21,2.225,2.225,2.225,2.225,190.0
2020-02-24,2.222,2.222,2.218,2.221,35.0
2020-02-25,2.225,2.228,2.225,2.228,11.0
2020-02-26,2.229,2.247,2.227,2.244,62.0
2020-02-27,2.224,2.233,2.224,2.233,235.0
2020-02-28,2.224,2.224,2.216,2.216,279.0
2020-03-02,2.231,2.238,2.231,2.238,759.0
2020-03-03,2.25,2.25,2.236,2.236,543.0
2020-03-04,2.235,2.237,2.225,2.237,321.0
2020-03-05,2.236,2.236,2.21,2.217,103.0
2020-03-06,2.193,2.193,2.193,2.193,300.0
2020-03-09,2.176,2.245,2.176,2.237,1194.0
2020-03-10,2.26,2.265,2.232,2.256,3458.0
2020-03-11,2.226,2.226,2.22,2.22,741.0
2020-03-12,2.21,2.21,2.185,2.187,950.0
2020-03-13,2.184,2.184,2.184,2.184,42.0
2020-03-16,2.185,2.185,2.182,2.182,295.0
2020-03-17,2.22,2.22,2.2,2.2,48.0
2020-03-18,2.211,2.211,2.189,2.189,552.0
2020-03-19,2.204,2.204,2.204,2.204,64.0
2020-03-20,2.224,2.224,2.196,2.196,9.0
2020-03-23,2.2,2.21,2.2,2.207,737.0
2020-03-24,2.22,2.22,2.212,2.218,707.0
2020-03-25,2.215,2.225,2.213,2.214,315.0
2020-03-26,2.206,2.206,2.197,2.197,145.0
2020-03-27,2.23,2.25,2.225,2.231,273.0
2020-03-30,2.24,2.252,2.24,2.251,1360.0
2020-03-31,2.27,2.27,2.252,2.253,238.0
2020-04-01,2.263,2.263,2.25,2.254,1043.0
2020-04-02,2.243,2.245,2.23,2.245,645.0
2020-04-03,2.241,2.241,2.241,2.241,10.0
2020-04-06,2.238,2.25,2.238,2.25,495.0
2020-04-07,2.257,2.257,2.249,2.249,259.0
2020-04-08,2.26,2.274,2.26,2.274,297.0
2020-04-09,2.283,2.305,2.283,2.297,801.0
2020-04-13,2.305,2.33,2.305,2.328,590.0
2020-04-14,2.341,2.345,2.325,2.326,369.0
2020-04-15,2.325,2.325,2.305,2.307,308.0
2020-04-16,2.313,2.315,2.287,2.303,620.0
2020-04-17,2.321,2.326,2.321,2.326,52.0
2020-04-20,2.344,2.351,2.34,2.351,717.0
2020-04-21,2.347,2.377,2.34,2.342,371.0
2020-04-22,2.368,2.368,2.35,2.36,170.0
2020-04-23,2.35,2.37,2.34,2.348,538.0
2020-04-24,2.341,2.348,2.333,2.335,495.0
2020-04-27,2.338,2.375,2.338,2.363,1015.0
2020-04-28,2.37,2.379,2.37,2.375,202.0
2020-04-29,2.375,2.383,2.375,2.376,746.0
2020-04-30,2.37,2.37,2.37,2.37,823.0
2020-05-01,2.36,2.365,2.349,2.349,847.0
2020-05-04,2.349,2.356,2.349,2.353,937.0
2020-05-05,2.355,2.38,2.33,2.334,840.0
2020-05-06,2.328,2.348,2.327,2.335,235.0
2020-05-07,2.325,2.335,2.323,2.326,233.0
2020-05-08,2.335,2.34,2.335,2.336,84.0
2020-05-11,2.34,2.34,2.333,2.333,341.0
2020-05-12,2.355,2.38,2.321,2.325,521.0
2020-05-13,2.325,2.325,2.311,2.311,311.0
2020-05-14,2.3,2.34,2.3,2.327,443.0
2020-05-15,2.332,2.332,2.322,2.324,449.0
2020-05-18,2.34,2.345,2.334,2.336,1593.0
2020-05-19,2.35,2.35,2.332,2.337,1369.0
2020-05-20,2.33,2.337,2.323,2.327,953.0
2020-05-21,2.322,2.33,2.322,2.326,1134.0
2020-05-22,2.33,2.334,2.325,2.331,412.0
2020-05-26,2.3,2.342,2.3,2.323,396.0
2020-05-27,2.328,2.329,2.311,2.329,163.0
2020-05-28,2.325,2.327,2.322,2.326,97.0
2020-05-29,2.328,2.328,2.312,2.319,55.0
2020-06-01,2.316,2.316,2.31,2.311,617.0
2020-06-02,2.328,2.328,2.319,2.319,1336.0
2020-06-03,2.318,2.318,2.315,2.316,783.0
2020-06-04,2.307,2.319,2.307,2.308,106.0
2020-06-05,2.322,2.322,2.295,2.302,1044.0
2020-06-08,2.295,2.297,2.295,2.297,178.0
2020-06-09,2.3,2.3,2.294,2.299,24.0
2020-06-10,2.293,2.301,2.291,2.3,215.0
2020-06-11,2.314,2.315,2.3,2.306,664.0
2020-06-12,2.306,2.311,2.306,2.308,308.0
2020-06-15,2.303,2.303,2.298,2.298,133.0
2020-06-16,2.299,2.3,2.294,2.294,255.0
2020-06-17,2.3,2.3,2.285,2.292,250.0
2020-06-18,2.302,2.303,2.283,2.294,598.0
2020-06-19,2.284,2.286,2.273,2.284,895.0
2020-06-22,2.273,2.283,2.271,2.283,573.0
2020-06-23,2.283,2.283,2.27,2.272,213.0
2020-06-24,2.269,2.274,2.257,2.263,695.0
2020-06-25,2.26,2.26,2.247,2.251,612.0
2020-06-26,2.253,2.265,2.253,2.258,15.0
2020-06-29,2.276,2.277,2.264,2.264,145.0
2020-06-30,2.267,2.27,2.26,2.263,205.0
2020-07-01,2.273,2.28,2.266,2.279,107.0
2020-07-02,2.282,2.285,2.269,2.283,328.0
2020-07-06,2.299,2.299,2.273,2.276,256.0
2020-07-07,2.287,2.29,2.281,2.282,471.0
2020-07-08,2.284,2.294,2.28,2.294,251.0
2020-07-09,2.297,2.297,2.28,2.284,667.0
2020-07-10,2.285,2.286,2.269,2.271,855.0
2020-07-13,2.275,2.281,2.252,2.255,479.0
2020-07-14,2.267,2.278,2.267,2.269,1093.0
2020-07-15,2.282,2.284,2.266,2.28,127.0
2020-07-16,2.285,2.298,2.285,2.292,266.0
2020-07-17,2.296,2.303,2.285,2.289,326.0
2020-07-20,2.283,2.284,2.268,2.284,326.0
2020-07-21,2.277,2.292,2.277,2.292,166.0
2020-07-22,2.282,2.296,2.279,2.296,118.0
2020-07-23,2.294,2.301,2.286,2.296,233.0
2020-07-24,2.299,2.311,2.292,2.311,168.0
2020-07-27,2.319,2.331,2.31,2.331,297.0
2020-07-28,2.334,2.352,2.333,2.35,305.0
2020-07-29,2.342,2.377,2.342,2.373,513.0
2020-07-30,2.335,2.374,2.335,2.359,565.0
2020-07-31,2.369,2.37,2.358,2.359,51.0
2020-08-03,2.378,2.391,2.372,2.383,771.0
2020-08-04,2.385,2.389,2.365,2.378,2039.0
2020-08-05,2.368,2.38,2.365,2.38,838.0
2020-08-06,2.385,2.388,2.38,2.381,398.0
2020-08-07,2.391,2.391,2.371,2.379,991.0
2020-08-10,2.366,2.389,2.366,2.385,357.0
2020-08-11,2.405,2.405,2.391,2.4,285.0
2020-08-12,2.38,2.406,2.38,2.403,359.0
2020-08-13,2.395,2.409,2.394,2.407,619.0
2020-08-14,2.426,2.433,2.42,2.43,914.0
2020-08-17,2.44,2.447,2.428,2.447,999.0
2020-08-18,2.457,2.463,2.445,2.46,265.0
2020-08-19,2.471,2.474,2.467,2.473,688.0
2020-08-20,2.471,2.482,2.46,2.476,377.0
2020-08-21,2.46,2.48,2.458,2.48,482.0
2020-08-24,2.478,2.484,2.476,2.481,110.0
2020-08-25,2.479,2.496,2.471,2.475,1042.0
2020-08-26,2.482,2.495,2.458,2.479,1028.0
2020-08-27,2.48,2.484,2.468,2.478,1319.0
2020-08-28,2.49,2.49,2.459,2.469,455.0
2020-08-31,2.458,2.461,2.453,2.456,2724.0
2020-09-01,2.464,2.471,2.449,2.458,1578.0
2020-09-02,2.451,2.469,2.451,2.462,763.0
2020-09-03,2.468,2.468,2.457,2.466,618.0
2020-09-04,2.471,2.474,2.465,2.467,708.0
2020-09-08,2.47,2.479,2.461,2.479,545.0
2020-09-09,2.48,2.48,2.466,2.48,1289.0
2020-09-10,2.489,2.49,2.472,2.475,632.0
2020-09-11,2.485,2.493,2.471,2.473,478.0
2020-09-14,2.487,2.488,2.471,2.479,1189.0
2020-09-15,2.476,2.489,2.47,2.489,1113.0
2020-09-16,2.485,2.485,2.474,2.478,1001.0
2020-09-17,2.465,2.472,2.455,2.469,2376.0
2020-09-18,2.47,2.5,2.466,2.472,1081.0
2020-09-21,2.473,2.5,2.464,2.475,866.0
2020-09-22,2.463,2.479,2.463,2.478,733.0
2020-09-23,2.474,2.491,2.469,2.491,1654.0
2020-09-24,2.49,2.501,2.48,2.497,803.0
2020-09-25,2.481,2.498,2.472,2.482,2140.0
2020-09-28,2.479,2.5,2.476,2.494,1405.0
2020-09-29,2.479,2.48,2.457,2.469,1785.0
2020-09-30,2.468,2.475,2.453,2.461,890.0
2020-10-01,2.467,2.468,2.441,2.455,1253.0
2020-10-02,2.438,2.455,2.432,2.452,1114.0
2020-10-05,2.462,2.476,2.448,2.47,1336.0
2020-10-06,2.476,2.476,2.446,2.453,1296.0
2020-10-07,2.464,2.472,2.453,2.463,1229.0
2020-10-08,2.451,2.471,2.451,2.471,1048.0
2020-10-09,2.47,2.479,2.466,2.476,3127.0
2020-10-12,2.492,2.494,2.462,2.477,3329.0
2020-10-13,2.482,2.484,2.469,2.481,2249.0
2020-10-14,2.475,2.491,2.471,2.491,1540.0
2020-10-15,2.494,2.524,2.492,2.521,2986.0
2020-10-16,2.518,2.545,2.516,2.543,3243.0
2020-10-19,2.542,2.548,2.531,2.543,1881.0
2020-10-20,2.563,2.564,2.549,2.556,4834.0
2020-10-21,2.55,2.577,2.55,2.571,2567.0
2020-10-22,2.585,2.585,2.561,2.568,869.0
2020-10-23,2.565,2.572,2.541,2.564,963.0
2020-10-26,2.585,2.59,2.567,2.586,667.0
2020-10-27,2.59,2.598,2.575,2.593,1082.0
2020-10-28,2.61,2.61,2.583,2.596,1977.0
2020-10-29,2.596,2.605,2.574,2.6,2929.0
2020-10-30,2.61,2.635,2.598,2.626,2879.0
2020-11-02,2.65,2.67,2.615,2.621,1844.0
2020-11-03,2.613,2.613,2.59,2.601,3282.0
2020-11-04,2.602,2.606,2.585,2.594,2391.0
2020-11-05,2.6,2.623,2.586,2.598,3211.0
2020-11-06,2.602,2.64,2.575,2.59,7273.0
2020-11-09,2.59,2.604,2.565,2.578,2595.0
2020-11-10,2.588,2.592,2.578,2.589,3749.0
2020-11-11,2.592,2.603,2.579,2.603,2016.0
2020-11-12,2.591,2.604,2.584,2.602,2149.0
2020-11-13,2.613,2.62,2.594,2.596,2896.0
2020-11-16,2.581,2.589,2.553,2.573,5498.0
2020-11-17,2.589,2.596,2.56,2.566,6441.0
2020-11-18,2.571,2.59,2.556,2.564,2978.0
2020-11-19,2.55,2.552,2.507,2.522,6072.0
2020-11-20,2.523,2.535,2.49,2.501,2373.0
2020-11-23,2.504,2.506,2.479,2.5,1790.0
2020-11-24,2.506,2.526,2.506,2.525,1085.0
2020-11-25,2.53,2.539,2.517,2.535,1678.0
2020-11-27,2.519,2.519,2.51,2.519,735.0
2020-11-30,2.533,2.545,2.514,2.516,2476.0
2020-12-01,2.527,2.537,2.51,2.517,1616.0
2020-12-02,2.531,2.531,2.482,2.506,1625.0
2020-12-03,2.489,2.492,2.402,2.42,5874.0
2020-12-04,2.41,2.452,2.41,2.45,3795.0
2020-12-07,2.4,2.43,2.386,2.395,5003.0
2020-12-08,2.414,2.424,2.379,2.395,3454.0
2020-12-09,2.427,2.44,2.41,2.423,3085.0
2020-12-10,2.433,2.466,2.42,2.439,3423.0
2020-12-11,2.451,2.456,2.436,2.453,1503.0
2020-12-14,2.475,2.486,2.463,2.477,3327.0
2020-12-15,2.475,2.476,2.454,2.472,2384.0
2020-12-16,2.47,2.484,2.462,2.48,2432.0
2020-12-17,2.473,2.486,2.461,2.476,3695.0
2020-12-18,2.477,2.489,2.475,2.483,2047.0
2020-12-21,2.495,2.5,2.479,2.495,1794.0
2020-12-22,2.5,2.52,2.5,2.508,2199.0
2020-12-23,2.509,2.511,2.449,2.455,3982.0
2020-12-24,2.449,2.456,2.426,2.429,1422.0
2020-12-28,2.4,2.4,2.3,2.361,4701.0
2020-12-29,2.355,2.402,2.355,2.4,2411.0
2020-12-30,2.39,2.415,2.385,2.402,1299.0
2020-12-31,2.42,2.439,2.417,2.429,1906.0
2021-01-04,2.478,2.49,2.462,2.465,3207.0
2021-01-05,2.494,2.51,2.488,2.501,2725.0
2021-01-06,2.478,2.517,2.478,2.51,3883.0
2021-01-07,2.494,2.512,2.482,2.505,3027.0
2021-01-08,2.504,2.511,2.467,2.504,5219.0
2021-01-11,2.483,2.515,2.478,2.512,9918.0
2021-01-12,2.522,2.537,2.512,2.531,7752.0
2021-01-13,2.535,2.562,2.526,2.561,7672.0
2021-01-14,2.575,2.578,2.543,2.557,6382.0
2021-01-15,2.585,2.59,2.548,2.551,2823.0
2021-01-19,2.538,2.551,2.492,2.51,3955.0
2021-01-20,2.497,2.508,2.481,2.506,6383.0
2021-01-21,2.487,2.498,2.475,2.491,2750.0
2021-01-22,2.475,2.496,2.475,2.487,2059.0
2021-01-25,2.516,2.52,2.497,2.514,4343.0
2021-01-26,2.529,2.53,2.503,2.522,3569.0
2021-01-27,2.542,2.556,2.523,2.533,6855.0
2021-01-28,2.524,2.527,2.502,2.51,4006.0
2021-01-29,2.524,2.525,2.487,2.487,4825.0
2021-02-01,2.547,2.563,2.521,2.544,10281.0
2021-02-02,2.55,2.587,2.52,2.529,8512.0
2021-02-03,2.526,2.532,2.501,2.52,5314.0
2021-02-04,2.517,2.551,2.514,2.544,9794.0
2021-02-05,2.556,2.577,2.528,2.546,7637.0
2021-02-08,2.555,2.575,2.542,2.573,11362.0
2021-02-09,2.574,2.575,2.54,2.566,5358.0
2021-02-10,2.542,2.578,2.527,2.568,7228.0
2021-02-11,2.584,2.589,2.545,2.567,7434.0
2021-02-12,2.563,2.584,2.543,2.56,3637.0
2021-02-16,2.586,2.598,2.554,2.573,11229.0
2021-02-17,2.572,2.591,2.555,2.574,9144.0
2021-02-18,2.567,2.575,2.536,2.548,5112.0
2021-02-19,2.551,2.582,2.541,2.553,6252.0
2021-02-22,2.542,2.554,2.51,2.547,4705.0
2021-02-23,2.54,2.543,2.517,2.528,5537.0
2021-02-24,2.529,2.53,2.496,2.496,8945.0
2021-02-25,2.501,2.515,2.471,2.48,6111.0
2021-02-26,2.464,2.476,2.451,2.462,4588.0
2021-03-01,2.479,2.487,2.452,2.487,5013.0
2021-03-02,2.48,2.524,2.472,2.52,6262.0
2021-03-03,2.51,2.525,2.506,2.521,2744.0
2021-03-04,2.512,2.526,2.466,2.521,6765.0
2021-03-05,2.502,2.522,2.489,2.507,5655.0
2021-03-08,2.509,2.515,2.465,2.495,5304.0
2021-03-09,2.494,2.501,2.467,2.499,7664.0
2021-03-10,2.481,2.517,2.481,2.517,6175.0
2021-03-11,2.519,2.534,2.489,2.505,3473.0
2021-03-12,2.52,2.52,2.467,2.479,5981.0
2021-03-15,2.45,2.465,2.428,2.433,6623.0
2021-03-16,2.436,2.479,2.436,2.478,4886.0
2021-03-17,2.479,2.479,2.443,2.444,3160.0
2021-03-18,2.438,2.441,2.397,2.4,6698.0
2021-03-19,2.416,2.442,2.4,2.432,2533.0
2021-03-22,2.399,2.448,2.399,2.445,3446.0
2021-03-23,2.452,2.455,2.433,2.438,3319.0
2021-03-24,2.449,2.46,2.436,2.453,1694.0
2021-03-25,2.446,2.472,2.445,2.467,3935.0
2021-03-26,2.469,2.48,2.463,2.477,1855.0
2021-03-29,2.47,2.486,2.468,2.483,2635.0
2021-03-30,2.492,2.492,2.471,2.479,1755.0
2021-03-31,2.485,2.485,2.469,2.483,2570.0
2021-04-01,2.472,2.492,2.471,2.489,3923.0
2021-04-05,2.488,2.488,2.454,2.479,7355.0
2021-04-06,2.493,2.505,2.465,2.469,7089.0
2021-04-07,2.475,2.501,2.475,2.494,5674.0
2021-04-08,2.494,2.512,2.492,2.512,4597.0
2021-04-09,2.506,2.521,2.5,2.511,3414.0
2021-04-12,2.524,2.538,2.511,2.529,7003.0
2021-04-13,2.521,2.548,2.511,2.537,3427.0
2021-04-14,2.545,2.546,2.522,2.534,3256.0
2021-04-15,2.529,2.543,2.517,2.538,4605.0
2021-04-16,2.538,2.551,2.529,2.54,5569.0
2021-04-19,2.55,2.551,2.54,2.546,4782.0
2021-04-20,2.554,2.556,2.539,2.55,3906.0
2021-04-21,2.55,2.552,2.528,2.539,3004.0
2021-04-22,2.538,2.558,2.52,2.55,5565.0
2021-04-23,2.554,2.562,2.532,2.545,1963.0
2021-04-26,2.538,2.558,2.524,2.556,5166.0
2021-04-27,2.57,2.576,2.556,2.566,14339.0
2021-04-28,2.567,2.593,2.564,2.578,8669.0
2021-04-29,2.578,2.583,2.558,2.573,4355.0
2021-04-30,2.565,2.585,2.562,2.574,7443.0
2021-05-03,2.583,2.586,2.566,2.585,4560.0
2021-05-04,2.584,2.602,2.58,2.602,7887.0
2021-05-05,2.602,2.608,2.583,2.602,5929.0
2021-05-06,2.609,2.61,2.591,2.604,6870.0
2021-05-07,2.606,2.614,2.592,2.611,13332.0
2021-05-10,2.614,2.618,2.589,2.61,5635.0
2021-05-11,2.596,2.61,2.592,2.61,5718.0
2021-05-12,2.61,2.613,2.594,2.606,3979.0
2021-05-13,2.609,2.617,2.592,2.611,4237.0
2021-05-14,2.616,2.633,2.613,2.619,4156.0
2021-05-17,2.647,2.667,2.633,2.65,22916.0
2021-05-18,2.658,2.658,2.618,2.639,7741.0
2021-05-19,2.628,2.649,2.604,2.637,10907.0
2021-05-20,2.64,2.648,2.62,2.631,6791.0
2021-05-21,2.637,2.642,2.623,2.631,7341.0
2021-05-24,2.62,2.624,2.598,2.622,6212.0
2021-05-25,2.617,2.636,2.616,2.631,5080.0
2021-05-26,2.635,2.658,2.635,2.656,8683.0
2021-05-27,2.656,2.658,2.613,2.626,13447.0
2021-05-28,2.631,2.652,2.628,2.646,5300.0
2021-06-01,2.655,2.727,2.65,2.708,25869.0
2021-06-02,2.693,2.712,2.692,2.709,12841.0
2021-06-03,2.71,2.718,2.692,2.716,11072.0
2021-06-04,2.715,2.763,2.7,2.755,16368.0
2021-06-07,2.748,2.766,2.729,2.765,16401.0
2021-06-08,2.762,2.792,2.761,2.773,22464.0
2021-06-09,2.765,2.782,2.756,2.768,19489.0
2021-06-10,2.763,2.777,2.751,2.768,17797.0
2021-06-11,2.762,2.821,2.762,2.817,27370.0
2021-06-14,2.819,2.85,2.807,2.843,12904.0
2021-06-15,2.847,2.865,2.802,2.817,20124.0
2021-06-16,2.811,2.842,2.797,2.834,7273.0
2021-06-17,2.837,2.844,2.805,2.837,10348.0
2021-06-18,2.821,2.835,2.807,2.823,5764.0
2021-06-21,2.817,2.824,2.792,2.809,8284.0
2021-06-22,2.802,2.849,2.802,2.847,8088.0
2021-06-23,2.844,2.885,2.842,2.869,14376.0
2021-06-24,2.862,2.91,2.851,2.91,12067.0
2021-06-25,2.91,2.953,2.907,2.95,18236.0
2021-06-28,2.96,3.01,2.941,2.982,22896.0
2021-06-29,2.985,3.047,2.972,2.991,41851.0
2021-06-30,2.983,3.03,2.98,2.998,23771.0
2021-07-01,3.028,3.028,2.932,2.964,18939.0
2021-07-02,2.971,2.993,2.943,2.987,12341.0
2021-07-06,2.99,3.04,2.963,3.003,17111.0
2021-07-07,3.008,3.027,2.957,3.011,16559.0
2021-07-08,2.99,3.017,2.977,3.016,21587.0
2021-07-09,2.996,3.03,2.986,3.019,9362.0
2021-07-12,3.008,3.053,3.005,3.05,13167.0
2021-07-13,3.048,3.053,3.017,3.028,9302.0
2021-07-14,3.031,3.049,2.998,3.024,17798.0
2021-07-15,3.018,3.027,2.995,3.019,9865.0
2021-07-16,3.021,3.042,3.01,3.031,6536.0
2021-07-19,3.037,3.063,3.031,3.058,8274.0
2021-07-20,3.056,3.126,3.038,3.105,12609.0
2021-07-21,3.128,3.178,3.126,3.157,15074.0
2021-07-22,3.143,3.188,3.124,3.184,12451.0
2021-07-23,3.186,3.207,3.183,3.206,12341.0
2021-07-26,3.199,3.272,3.197,3.234,9807.0
2021-07-27,3.238,3.244,3.187,3.194,10214.0
2021-07-28,3.191,3.251,3.168,3.234,13738.0
2021-07-29,3.219,3.296,3.217,3.292,13691.0
2021-07-30,3.27,3.288,3.221,3.267,18204.0
2021-08-02,3.284,3.319,3.282,3.301,9542.0
2021-08-03,3.302,3.338,3.29,3.331,16095.0
2021-08-04,3.325,3.394,3.322,3.381,18328.0
2021-08-05,3.38,3.413,3.361,3.369,14595.0
2021-08-06,3.373,3.4,3.353,3.377,17079.0
2021-08-09,3.38,3.395,3.317,3.349,16538.0
2021-08-10,3.334,3.383,3.33,3.376,14805.0
2021-08-11,3.39,3.394,3.32,3.385,15707.0
2021-08-12,3.386,3.399,3.322,3.345,19981.0
2021-08-13,3.339,3.339,3.278,3.289,18964.0
2021-08-16,3.277,3.344,3.265,3.316,8649.0
2021-08-17,3.314,3.323,3.251,3.274,14809.0
2021-08-18,3.268,3.304,3.248,3.287,10453.0
2021-08-19,3.264,3.268,3.21,3.255,16150.0
2021-08-20,3.264,3.297,3.257,3.268,13873.0
2021-08-23,3.284,3.317,3.265,3.315,10825.0
2021-08-24,3.306,3.329,3.298,3.316,8154.0
2021-08-25,3.309,3.349,3.295,3.32,13186.0
2021-08-26,3.328,3.414,3.321,3.4,29616.0
2021-08-27,3.405,3.487,3.395,3.472,24316.0
2021-08-30,3.529,3.529,3.378,3.42,17762.0
2021-08-31,3.425,3.49,3.381,3.47,17208.0
2021-09-01,3.484,3.603,3.473,3.553,34545.0
2021-09-02,3.546,3.603,3.537,3.581,20054.0
2021-09-03,3.566,3.628,3.56,3.628,17397.0
2021-09-07,3.629,3.646,3.568,3.608,25383.0
2021-09-08,3.615,3.779,3.614,3.761,37762.0
2021-09-09,3.766,3.84,3.716,3.836,26454.0
2021-09-10,3.831,3.872,3.816,3.854,19726.0
2021-09-13,3.857,4.001,3.857,3.942,35716.0
2021-09-14,3.93,3.993,3.907,3.939,35720.0
2021-09-15,3.937,4.06,3.867,3.914,40632.0
2021-09-16,3.871,3.915,3.78,3.827,25680.0
2021-09-17,3.814,3.836,3.666,3.703,20123.0
2021-09-20,3.663,3.731,3.622,3.67,17466.0
2021-09-21,3.645,3.732,3.612,3.672,23153.0
2021-09-22,3.688,3.711,3.66,3.696,13525.0
2021-09-23,3.676,3.866,3.676,3.819,16593.0
2021-09-24,3.861,3.93,3.826,3.905,11325.0
2021-09-27,3.936,4.116,3.93,4.107,26420.0
2021-09-28,4.108,4.302,3.981,4.026,36868.0
2021-09-29,4.112,4.112,3.856,3.886,27933.0
2021-09-30,3.848,4.049,3.84,3.996,27599.0
2021-10-01,4.038,4.059,3.921,3.94,22460.0
2021-10-04,3.965,4.115,3.959,4.042,25697.0
2021-10-05,4.08,4.219,4.062,4.196,27613.0
2021-10-06,4.19,4.236,3.974,3.997,29970.0
2021-10-07,4.049,4.06,3.85,3.986,20806.0
2021-10-08,4.031,4.088,3.98,3.996,13002.0
2021-10-11,4.076,4.097,3.9,3.936,14330.0
2021-10-12,3.96,4.031,3.887,4.015,19100.0
2021-10-13,3.983,4.19,3.949,4.098,18144.0
2021-10-14,4.183,4.278,4.111,4.149,18838.0
2021-10-15,4.117,4.188,4.065,4.121,16292.0
2021-10-18,4.087,4.12,3.952,3.965,19194.0
2021-10-19,3.969,3.987,3.876,3.976,17214.0
2021-10-20,3.955,4.023,3.907,3.978,14082.0
2021-10-21,4.002,4.05,3.964,4.027,11508.0
2021-10-22,4.039,4.106,3.989,4.012,10721.0
2021-10-25,4.113,4.25,4.092,4.22,23546.0
2021-10-26,4.24,4.314,4.105,4.209,24222.0
2021-10-27,4.199,4.276,4.133,4.256,26909.0
2021-10-28,4.238,4.238,4.079,4.149,19671.0
2021-10-29,4.11,4.207,4.036,4.047,20876.0
2021-11-01,4.033,4.098,3.859,3.893,26254.0
2021-11-02,3.873,4.076,3.873,4.066,25769.0
2021-11-03,4.049,4.16,4.002,4.104,30670.0
2021-11-04,4.152,4.164,4.033,4.137,23789.0
2021-11-05,4.126,4.158,4.078,4.102,35379.0
2021-11-08,4.115,4.18,4.05,4.081,27766.0
2021-11-09,4.057,4.103,3.853,3.957,41758.0
2021-11-10,3.968,4.003,3.827,3.967,30157.0
2021-11-11,3.989,4.112,3.978,4.104,31247.0
2021-11-12,4.081,4.081,3.946,3.986,23133.0
2021-11-15,4.011,4.071,3.956,4.045,19136.0
2021-11-16,4.057,4.196,4.049,4.068,23952.0
2021-11-17,4.077,4.097,3.979,3.986,26853.0
2021-11-18,4.049,4.073,3.994,4.019,14551.0
2021-11-19,4.017,4.123,4.004,4.078,19804.0
2021-11-22,4.012,4.059,3.912,3.998,23340.0
2021-11-23,3.998,4.159,3.992,4.13,23841.0
2021-11-24,4.136,4.22,4.104,4.215,30693.0
2021-11-26,4.216,4.363,4.195,4.352,31253.0
2021-11-29,4.241,4.294,4.072,4.106,48386.0
2021-11-30,4.116,4.12,3.885,3.934,55401.0
2021-12-01,3.971,3.981,3.761,3.786,42591.0
2021-12-02,3.798,3.847,3.67,3.676,43511.0
2021-12-03,3.702,3.835,3.69,3.751,39263.0
2021-12-06,3.578,3.642,3.411,3.442,73279.0
2021-12-07,3.444,3.579,3.435,3.497,42692.0
2021-12-08,3.51,3.649,3.51,3.575,32923.0
2021-12-09,3.601,3.677,3.5,3.624,35379.0
2021-12-10,3.607,3.741,3.571,3.714,27917.0
2021-12-13,3.736,3.842,3.595,3.617,41585.0
2021-12-14,3.633,3.656,3.508,3.552,34328.0
2021-12-15,3.581,3.698,3.572,3.602,29095.0
2021-12-16,3.637,3.748,3.542,3.558,33988.0
2021-12-17,3.587,3.6,3.443,3.485,25051.0
2021-12-20,3.467,3.644,3.457,3.598,31430.0
2021-12-21,3.585,3.643,3.484,3.608,30774.0
2021-12-22,3.597,3.717,3.56,3.635,29835.0
2021-12-23,3.646,3.664,3.383,3.469,25107.0
2021-12-27,3.593,3.727,3.463,3.708,26640.0
2021-12-28,3.696,3.77,3.616,3.682,21861.0
2021-12-29,3.698,3.836,3.604,3.645,30173.0
2021-12-30,3.643,3.713,3.384,3.4,31395.0
2021-12-31,3.434,3.566,3.408,3.507,30514.0
2022-01-03,3.5,3.664,3.474,3.635,33114.0
2022-01-04,3.639,3.726,3.542,3.549,34163.0
2022-01-05,3.579,3.696,3.565,3.666,33909.0
2022-01-06,3.632,3.7,3.603,3.627,30864.0
2022-01-07,3.667,3.749,3.626,3.667,44032.0
2022-01-10,3.825,3.883,3.714,3.767,47128.0
2022-01-11,3.805,3.892,3.734,3.881,45189.0
2022-01-12,3.866,4.161,3.846,4.134,88275.0
2022-01-13,4.127,4.15,3.91,3.938,83422.0
2022-01-14,3.948,4.023,3.876,4.007,48476.0
2022-01-18,4.058,4.105,3.949,3.983,38671.0
2022-01-19,4.003,4.044,3.815,3.826,50860.0
2022-01-20,3.821,3.836,3.625,3.648,60354.0
2022-01-21,3.671,3.793,3.663,3.746,44786.0
2022-01-24,3.706,3.873,3.68,3.842,32786.0
2022-01-25,3.784,3.903,3.745,3.883,43795.0
2022-01-26,3.872,4.15,3.848,4.011,55213.0
2022-01-27,3.984,4.3,3.97,4.207,94939.0
2022-01-28,4.222,4.629,4.192,4.473,137040.0
2022-01-31,4.637,4.803,4.533,4.675,81255.0
2022-02-01,4.696,4.736,4.474,4.573,66063.0
2022-02-02,4.681,5.053,4.664,5.044,164665.0
2022-02-03,4.966,5.009,4.617,4.72,82151.0
2022-02-04,4.75,4.861,4.41,4.492,85890.0
2022-02-07,4.329,4.409,4.1,4.198,96420.0
2022-02-08,4.238,4.343,4.157,4.218,76342.0
2022-02-09,4.178,4.229,3.955,3.98,78047.0
2022-02-10,4.0,4.033,3.867,3.943,76763.0
2022-02-11,3.923,4.045,3.872,3.935,101607.0
2022-02-14,4.07,4.186,4.019,4.16,71375.0
2022-02-15,4.147,4.336,4.125,4.241,83257.0
2022-02-16,4.306,4.592,4.279,4.572,103905.0
2022-02-17,4.532,4.645,4.343,4.43,92859.0
2022-02-18,4.451,4.585,4.306,4.377,98020.0
2022-02-22,4.505,4.746,4.409,4.461,141915.0
2022-02-23,4.466,4.685,4.437,4.593,136531.0
2022-02-24,4.592,4.938,4.555,4.641,184107.0
2022-02-25,4.573,4.716,4.417,4.47,114859.0
2022-02-28,4.62,4.683,4.366,4.402,107186.0
2022-03-01,4.408,4.627,4.34,4.573,112546.0
2022-03-02,4.6,4.911,4.6,4.762,141694.0
2022-03-03,4.795,4.936,4.628,4.722,137151.0
2022-03-04,4.75,5.045,4.728,5.016,125385.0
2022-03-07,5.041,5.184,4.781,4.833,130864.0
2022-03-08,4.818,4.882,4.507,4.527,159168.0
2022-03-09,4.569,4.625,4.45,4.526,95126.0
2022-03-10,4.52,4.671,4.499,4.631,81807.0
2022-03-11,4.657,4.797,4.622,4.725,84506.0
2022-03-14,4.705,4.759,4.506,4.658,73961.0
2022-03-15,4.679,4.682,4.459,4.568,86943.0
2022-03-16,4.625,4.776,4.594,4.748,80521.0
2022-03-17,4.747,5.001,4.691,4.99,93844.0
2022-03-18,4.93,4.957,4.811,4.863,67268.0
2022-03-21,4.909,4.976,4.748,4.9,75457.0
2022-03-22,4.948,5.204,4.877,5.187,122753.0
2022-03-23,5.147,5.33,5.092,5.232,74535.0
2022-03-24,5.115,5.464,5.063,5.401,84230.0
2022-03-25,5.401,5.577,5.345,5.571,29472.0
2022-03-28,5.551,5.652,5.419,5.508,33907.0
2022-03-29,5.453,5.491,5.255,5.336,2272.0
