DATETIME,OPEN,HIGH,LOW,FINAL,VOLUME
2011-03-30,7.821,7.821,7.821,7.821,0.0
2011-03-31,7.901,7.901,7.901,7.901,0.0
2011-04-01,7.993,7.993,7.993,7.993,0.0
2011-04-04,8.014,8.014,8.014,8.014,0.0
2011-04-05,7.91,7.91,7.91,7.91,0.0
2011-04-06,7.912,7.912,7.912,7.912,0.0
2011-04-07,7.944,7.944,7.944,7.944,0.0
2011-04-08,8.076,8.076,8.076,8.076,0.0
2011-04-11,8.101,8.101,8.101,8.101,0.0
2011-04-12,8.039,8.039,8.039,8.039,0.0
2011-04-13,8.001,8.001,8.001,8.001,0.0
2011-04-14,7.988,7.988,7.988,7.988,0.0
2011-04-15,8.018,8.018,8.018,8.018,0.0
2011-04-18,8.013,8.013,8.013,8.013,0.0
2011-04-19,7.99,7.99,7.99,7.99,0.0
2011-04-20,7.862,7.862,7.862,7.862,0.0
2011-04-21,7.786,7.786,7.786,7.786,0.0
2011-04-25,7.783,7.783,7.783,7.783,0.0
2011-04-26,7.812,7.812,7.812,7.812,0.0
2011-04-27,7.779,7.779,7.779,7.779,0.0
2011-04-28,7.781,7.781,7.781,7.781,0.0
2011-04-29,7.719,7.719,7.719,7.719,0.0
2011-05-02,7.741,7.741,7.741,7.741,0.0
2011-05-03,7.811,7.811,7.811,7.811,0.0
2011-05-04,7.855,7.855,7.855,7.855,0.0
2011-05-05,7.749,7.749,7.749,7.749,0.0
2011-05-06,7.65,7.65,7.65,7.65,0.0
2011-05-09,7.663,7.663,7.663,7.663,0.0
2011-05-10,7.739,7.739,7.739,7.739,0.0
2011-05-11,7.793,7.793,7.793,7.793,0.0
2011-05-12,7.802,7.802,7.802,7.802,0.0
2011-05-13,7.874,7.874,7.874,7.874,0.0
2011-05-16,7.869,7.869,7.869,7.869,0.0
2011-05-17,7.838,7.838,7.838,7.838,0.0
2011-05-18,7.852,7.852,7.852,7.852,0.0
2011-05-19,7.775,7.775,7.775,7.775,0.0
2011-05-20,7.822,7.822,7.822,7.822,0.0
2011-05-23,7.961,7.961,7.961,7.961,0.0
2011-05-24,7.884,7.884,7.884,7.884,0.0
2011-05-25,7.883,7.883,7.883,7.883,0.0
2011-05-26,7.853,7.853,7.853,7.853,0.0
2011-05-27,7.889,7.889,7.889,7.889,0.0
2011-05-31,7.759,7.759,7.759,7.759,0.0
2011-06-01,7.735,7.735,7.735,7.735,0.0
2011-06-02,7.599,7.599,7.599,7.599,0.0
2011-06-03,7.55,7.55,7.55,7.55,0.0
2011-06-06,7.494,7.494,7.494,7.494,0.0
2011-06-07,7.501,7.501,7.501,7.501,0.0
2011-06-08,7.517,7.517,7.517,7.517,0.0
2011-06-09,7.43,7.43,7.43,7.43,0.0
2011-06-10,7.429,7.429,7.429,7.429,0.0
2011-06-13,7.407,7.407,7.407,7.407,0.0
2011-06-14,7.526,7.526,7.526,7.526,0.0
2011-06-15,7.55,7.55,7.55,7.55,0.0
2011-06-16,7.55,7.55,7.55,7.55,0.0
2011-06-17,7.617,7.617,7.617,7.617,0.0
2011-06-20,7.615,7.615,7.615,7.615,0.0
2011-06-21,7.455,7.455,7.455,7.455,0.0
2011-06-22,7.468,7.468,7.468,7.468,0.0
2011-06-23,7.47,7.47,7.47,7.47,0.0
2011-06-24,7.493,7.493,7.493,7.493,0.0
2011-06-27,7.482,7.482,7.482,7.482,0.0
2011-06-28,7.483,7.483,7.483,7.483,0.0
2011-06-29,7.455,7.455,7.455,7.455,0.0
2011-06-30,7.452,7.452,7.452,7.452,0.0
2011-07-01,7.452,7.452,7.452,7.452,0.0
2011-07-05,7.389,7.389,7.389,7.389,0.0
2011-07-06,7.404,7.404,7.404,7.404,0.0
2011-07-07,7.432,7.432,7.432,7.432,0.0
2011-07-08,7.499,7.499,7.499,7.499,0.0
2011-07-11,7.539,7.539,7.539,7.539,0.0
2011-07-12,7.539,7.539,7.539,7.539,0.0
2011-07-13,7.481,7.481,7.481,7.481,0.0
2011-07-14,7.459,7.459,7.459,7.459,0.0
2011-07-15,7.461,7.461,7.461,7.461,0.0
2011-07-18,7.441,7.441,7.441,7.441,0.0
2011-07-19,7.333,7.333,7.333,7.333,0.0
2011-07-20,7.284,7.284,7.284,7.284,0.0
2011-07-21,7.315,7.315,7.315,7.315,0.0
2011-07-22,7.291,7.291,7.291,7.291,0.0
2011-07-25,7.276,7.276,7.276,7.276,0.0
2011-07-26,7.271,7.271,7.271,7.271,0.0
2011-07-27,7.284,7.284,7.284,7.284,0.0
2011-07-28,7.31,7.31,7.31,7.31,0.0
2011-07-29,7.31,7.31,7.31,7.31,0.0
2011-08-01,7.364,7.364,7.364,7.364,0.0
2011-08-02,7.272,7.272,7.272,7.272,0.0
2011-08-03,7.223,7.223,7.223,7.223,0.0
2011-08-04,7.108,7.108,7.108,7.108,0.0
2011-08-05,7.045,7.045,7.045,7.045,0.0
2011-08-08,7.016,7.016,7.016,7.016,0.0
2011-08-09,6.992,6.992,6.992,6.992,0.0
2011-08-10,6.964,6.964,6.964,6.964,0.0
2011-08-11,7.017,7.017,7.017,7.017,0.0
2011-08-12,7.03,7.03,7.03,7.03,0.0
2011-08-15,7.094,7.094,7.094,7.094,0.0
2011-08-16,7.165,7.165,7.165,7.165,0.0
2011-08-17,7.132,7.132,7.132,7.132,0.0
2011-08-18,7.122,7.122,7.122,7.122,0.0
2011-08-19,7.16,7.16,7.16,7.16,0.0
2011-08-22,7.138,7.138,7.138,7.138,0.0
2011-08-23,7.156,7.156,7.156,7.156,0.0
2011-08-24,7.004,7.004,7.004,7.004,0.0
2011-08-25,6.995,6.995,6.995,6.995,0.0
2011-08-26,6.992,6.992,6.992,6.992,0.0
2011-08-29,6.961,6.961,6.961,6.961,0.0
2011-08-30,6.977,6.977,6.977,6.977,0.0
2011-08-31,6.98,6.98,6.98,6.98,0.0
2011-09-01,7.041,7.041,7.041,7.041,0.0
2011-09-02,7.031,7.031,7.031,7.031,0.0
2011-09-06,7.034,7.034,7.034,7.034,0.0
2011-09-07,7.001,7.001,7.001,7.001,0.0
2011-09-08,6.991,6.991,6.991,6.991,0.0
2011-09-09,6.938,6.938,6.938,6.938,0.0
2011-09-12,6.911,6.911,6.911,6.911,0.0
2011-09-13,6.933,6.933,6.933,6.933,0.0
2011-09-14,6.891,6.891,6.891,6.891,0.0
2011-09-15,6.871,6.871,6.871,6.871,0.0
2011-09-16,6.878,6.878,6.878,6.878,0.0
2011-09-19,6.868,6.868,6.868,6.868,0.0
2011-09-20,6.91,6.91,6.91,6.91,0.0
2011-09-21,6.91,6.91,6.91,6.91,0.0
2011-09-22,6.778,6.778,6.778,6.778,0.0
2011-09-23,6.784,6.784,6.784,6.784,0.0
2011-09-26,6.831,6.831,6.831,6.831,0.0
2011-09-27,6.913,6.913,6.913,6.913,0.0
2011-09-28,6.919,6.919,6.919,6.919,0.0
2011-09-29,6.9,6.9,6.9,6.9,0.0
2011-09-30,6.887,6.887,6.887,6.887,0.0
2011-10-03,6.873,6.873,6.873,6.873,0.0
2011-10-04,6.814,6.814,6.814,6.814,0.0
2011-10-05,6.787,6.787,6.787,6.787,0.0
2011-10-06,6.732,6.732,6.732,6.732,0.0
2011-10-07,6.694,6.694,6.694,6.694,0.0
2011-10-10,6.683,6.683,6.683,6.683,0.0
2011-10-11,6.653,6.653,6.653,6.653,0.0
2011-10-12,6.642,6.642,6.642,6.642,0.0
2011-10-13,6.669,6.669,6.669,6.669,0.0
2011-10-14,6.731,6.731,6.731,6.731,0.0
2011-10-17,6.718,6.718,6.718,6.718,0.0
2011-10-18,6.695,6.695,6.695,6.695,0.0
2011-10-19,6.697,6.697,6.697,6.697,0.0
2011-10-20,6.703,6.703,6.703,6.703,0.0
2011-10-21,6.705,6.705,6.705,6.705,0.0
2011-10-24,6.702,6.702,6.702,6.702,0.0
2011-10-25,6.738,6.738,6.738,6.738,0.0
2011-10-26,6.78,6.78,6.78,6.78,0.0
2011-10-27,6.785,6.785,6.785,6.785,0.0
2011-10-28,6.893,6.893,6.893,6.893,0.0
2011-10-31,6.893,6.893,6.893,6.893,0.0
2011-11-01,6.823,6.823,6.823,6.823,0.0
2011-11-02,6.782,6.782,6.782,6.782,0.0
2011-11-03,6.86,6.86,6.86,6.86,0.0
2011-11-04,6.85,6.85,6.85,6.85,0.0
2011-11-07,6.828,6.828,6.828,6.828,0.0
2011-11-08,6.786,6.786,6.786,6.786,0.0
2011-11-09,6.763,6.763,6.763,6.763,0.0
2011-11-10,6.713,6.713,6.713,6.713,0.0
2011-11-11,6.643,6.643,6.643,6.643,0.0
2011-11-14,6.621,6.621,6.621,6.621,0.0
2011-11-15,6.631,6.631,6.631,6.631,0.0
2011-11-16,6.606,6.606,6.606,6.606,0.0
2011-11-17,6.558,6.558,6.558,6.558,0.0
2011-11-18,6.517,6.517,6.517,6.517,0.0
2011-11-21,6.527,6.527,6.527,6.527,0.0
2011-11-22,6.506,6.506,6.506,6.506,0.0
2011-11-23,6.478,6.478,6.478,6.478,0.0
2011-11-25,6.517,6.517,6.517,6.517,0.0
2011-11-28,6.483,6.483,6.483,6.483,0.0
2011-11-29,6.589,6.589,6.589,6.589,0.0
2011-11-30,6.574,6.574,6.574,6.574,0.0
2011-12-01,6.559,6.559,6.559,6.559,0.0
2011-12-02,6.56,6.56,6.56,6.56,0.0
2011-12-05,6.56,6.56,6.56,6.56,0.0
2011-12-06,6.529,6.529,6.529,6.529,0.0
2011-12-07,6.583,6.583,6.583,6.583,0.0
2011-12-08,6.553,6.553,6.553,6.553,0.0
2011-12-09,6.521,6.521,6.521,6.521,0.0
2011-12-12,6.483,6.483,6.483,6.483,0.0
2011-12-13,6.402,6.402,6.402,6.402,0.0
2011-12-14,6.362,6.362,6.362,6.362,0.0
2011-12-15,6.324,6.324,6.324,6.324,0.0
2011-12-16,6.354,6.354,6.354,6.354,0.0
2011-12-19,6.351,6.351,6.351,6.351,0.0
2011-12-20,6.351,6.351,6.351,6.351,0.0
2011-12-21,6.308,6.308,6.308,6.308,0.0
2011-12-22,6.323,6.323,6.323,6.323,0.0
2011-12-23,6.308,6.308,6.308,6.308,0.0
2011-12-27,6.308,6.308,6.308,6.308,0.0
2011-12-28,6.298,6.298,6.298,6.298,0.0
2011-12-29,6.298,6.298,6.298,6.298,0.0
2011-12-30,6.298,6.298,6.298,6.298,0.0
2012-01-03,6.297,6.297,6.297,6.297,0.0
2012-01-04,6.302,6.302,6.302,6.302,0.0
2012-01-05,6.333,6.333,6.333,6.333,0.0
2012-01-06,6.373,6.373,6.373,6.373,0.0
2012-01-09,6.354,6.354,6.354,6.354,0.0
2012-01-10,6.316,6.316,6.316,6.316,0.0
2012-01-11,6.356,6.356,6.356,6.356,0.0
2012-01-12,6.333,6.333,6.333,6.333,0.0
2012-01-13,6.331,6.331,6.331,6.331,0.0
2012-01-17,6.308,6.308,6.308,6.308,0.0
2012-01-18,6.219,6.219,6.219,6.219,0.0
2012-01-19,6.233,6.233,6.233,6.233,0.0
2012-01-20,6.074,6.074,6.074,6.074,0.0
2012-01-23,6.074,6.074,6.074,6.074,0.0
2012-01-24,6.11,6.11,6.11,6.11,0.0
2012-01-25,6.122,6.122,6.122,6.122,0.0
2012-01-26,6.059,6.059,6.059,6.059,0.0
2012-01-27,6.091,6.091,6.091,6.091,0.0
2012-01-30,6.066,6.066,6.066,6.066,0.0
2012-01-31,6.021,6.021,6.021,6.021,0.0
2012-02-01,5.996,5.996,5.996,5.996,0.0
2012-02-02,6.075,6.075,6.075,6.075,0.0
2012-02-03,6.113,6.113,6.113,6.113,0.0
2012-02-06,6.157,6.157,6.157,6.157,0.0
2012-02-07,6.065,6.065,6.065,6.065,0.0
2012-02-08,6.005,6.005,6.005,6.005,0.0
2012-02-09,5.87,5.87,5.87,5.87,0.0
2012-02-10,5.861,5.861,5.861,5.861,0.0
2012-02-13,5.861,5.861,5.861,5.861,0.0
2012-02-14,5.875,5.875,5.875,5.875,0.0
2012-02-15,5.875,5.875,5.875,5.875,0.0
2012-02-16,5.843,5.843,5.843,5.843,0.0
2012-02-17,5.863,5.863,5.863,5.863,0.0
2012-02-21,5.832,5.832,5.832,5.832,0.0
2012-02-22,5.894,5.894,5.894,5.894,0.0
2012-02-23,5.894,5.894,5.894,5.894,0.0
2012-02-24,5.857,5.857,5.857,5.857,0.0
2012-02-27,5.821,5.821,5.821,5.821,0.0
2012-02-28,5.805,5.805,5.805,5.805,0.0
2012-02-29,5.815,5.815,5.815,5.815,0.0
2012-03-01,5.77,5.77,5.77,5.77,0.0
2012-03-02,5.809,5.809,5.809,5.809,0.0
2012-03-05,5.736,5.736,5.736,5.736,0.0
2012-03-06,5.664,5.664,5.664,5.664,0.0
2012-03-07,5.619,5.619,5.619,5.619,0.0
2012-03-08,5.62,5.62,5.62,5.62,0.0
2012-03-09,5.728,5.728,5.728,5.728,0.0
2012-03-12,5.707,5.707,5.707,5.707,0.0
2012-03-13,5.756,5.756,5.756,5.756,0.0
2012-03-14,5.821,5.821,5.821,5.821,0.0
2012-03-15,5.821,5.821,5.821,5.821,0.0
2012-03-16,5.802,5.802,5.802,5.802,0.0
2012-03-19,5.81,5.81,5.81,5.81,0.0
2012-03-20,5.779,5.779,5.779,5.779,0.0
2012-03-21,5.769,5.769,5.769,5.769,0.0
2012-03-22,5.756,5.756,5.756,5.756,0.0
2012-03-23,5.776,5.776,5.776,5.776,0.0
2012-03-26,5.788,5.788,5.788,5.788,0.0
2012-03-27,5.772,5.772,5.772,5.772,0.0
2012-03-28,5.784,5.784,5.784,5.784,0.0
2012-03-29,5.751,5.751,5.751,5.751,0.0
2012-03-30,5.819,5.819,5.819,5.819,0.0
2012-04-02,5.805,5.805,5.805,5.805,0.0
2012-04-03,5.805,5.805,5.805,5.805,0.0
2012-04-04,5.805,5.805,5.805,5.805,0.0
2012-04-05,5.772,5.772,5.772,5.772,0.0
2012-04-09,5.792,5.792,5.792,5.792,0.0
2012-04-10,5.771,5.771,5.771,5.771,0.0
2012-04-11,5.73,5.73,5.73,5.73,0.0
2012-04-12,5.643,5.643,5.643,5.643,0.0
2012-04-13,5.631,5.631,5.631,5.631,0.0
2012-04-16,5.601,5.601,5.601,5.601,0.0
2012-04-17,5.54,5.54,5.54,5.54,0.0
2012-04-18,5.518,5.518,5.518,5.518,0.0
2012-04-19,5.488,5.488,5.488,5.488,0.0
2012-04-20,5.425,5.425,5.425,5.425,0.0
2012-04-23,5.384,5.384,5.384,5.384,0.0
2012-04-24,5.418,5.418,5.418,5.418,0.0
2012-04-25,5.317,5.317,5.317,5.317,0.0
2012-04-26,5.341,5.341,5.341,5.341,0.0
2012-04-27,5.35,5.35,5.35,5.35,0.0
2012-04-30,5.39,5.39,5.39,5.39,0.0
2012-05-01,5.392,5.392,5.392,5.392,0.0
2012-05-02,5.395,5.395,5.395,5.395,0.0
2012-05-03,5.4,5.4,5.4,5.4,0.0
2012-05-04,5.392,5.392,5.392,5.392,0.0
2012-05-07,5.402,5.402,5.402,5.402,0.0
2012-05-08,5.395,5.395,5.395,5.395,0.0
2012-05-09,5.424,5.424,5.424,5.424,0.0
2012-05-10,5.409,5.409,5.409,5.409,0.0
2012-05-11,5.389,5.389,5.389,5.389,0.0
2012-05-14,5.397,5.397,5.397,5.397,0.0
2012-05-15,5.429,5.429,5.429,5.429,0.0
2012-05-16,5.457,5.457,5.457,5.457,0.0
2012-05-17,5.446,5.446,5.446,5.446,0.0
2012-05-18,5.485,5.485,5.485,5.485,0.0
2012-05-21,5.425,5.425,5.425,5.425,0.0
2012-05-22,5.466,5.466,5.466,5.466,0.0
2012-05-23,5.45,5.45,5.45,5.45,0.0
2012-05-24,5.459,5.459,5.459,5.459,0.0
2012-05-25,5.504,5.504,5.504,5.504,0.0
2012-05-29,5.47,5.47,5.47,5.47,0.0
2012-05-30,5.428,5.428,5.428,5.428,0.0
2012-05-31,5.498,5.498,5.498,5.498,0.0
2012-06-01,5.458,5.458,5.458,5.458,0.0
2012-06-04,5.46,5.46,5.46,5.46,0.0
2012-06-05,5.402,5.402,5.402,5.402,0.0
2012-06-06,5.397,5.397,5.397,5.397,0.0
2012-06-07,5.376,5.376,5.376,5.376,0.0
2012-06-08,5.397,5.397,5.397,5.397,0.0
2012-06-11,5.36,5.36,5.36,5.36,0.0
2012-06-12,5.36,5.36,5.36,5.36,0.0
2012-06-13,5.361,5.361,5.361,5.361,0.0
2012-06-14,5.386,5.386,5.386,5.386,0.0
2012-06-15,5.272,5.272,5.272,5.272,0.0
2012-06-18,5.218,5.218,5.218,5.218,0.0
2012-06-19,5.258,5.258,5.258,5.258,0.0
2012-06-20,5.258,5.258,5.258,5.258,0.0
2012-06-21,5.233,5.233,5.233,5.233,0.0
2012-06-22,5.205,5.205,5.205,5.205,0.0
2012-06-25,5.232,5.232,5.232,5.232,0.0
2012-06-26,5.277,5.277,5.277,5.277,0.0
2012-06-27,5.295,5.295,5.295,5.295,0.0
2012-06-28,5.293,5.293,5.293,5.293,0.0
2012-06-29,5.281,5.281,5.281,5.281,0.0
2012-07-02,5.292,5.292,5.292,5.292,0.0
2012-07-03,5.333,5.333,5.333,5.333,0.0
2012-07-05,5.336,5.336,5.336,5.336,0.0
2012-07-06,5.288,5.288,5.288,5.288,0.0
2012-07-09,5.337,5.337,5.337,5.337,0.0
2012-07-10,5.33,5.33,5.33,5.33,0.0
2012-07-11,5.377,5.377,5.377,5.377,0.0
2012-07-12,5.366,5.366,5.366,5.366,0.0
2012-07-13,5.369,5.369,5.369,5.369,0.0
2012-07-16,5.32,5.32,5.32,5.32,0.0
2012-07-17,5.48,5.48,5.48,5.48,0.0
2012-07-18,5.55,5.55,5.55,5.55,0.0
2012-07-19,5.509,5.509,5.509,5.509,0.0
2012-07-20,5.531,5.531,5.531,5.531,0.0
2012-07-23,5.54,5.54,5.54,5.54,0.0
2012-07-24,5.577,5.577,5.577,5.577,0.0
2012-07-25,5.584,5.584,5.584,5.584,0.0
2012-07-26,5.627,5.627,5.627,5.627,0.0
2012-07-27,5.629,5.629,5.629,5.629,0.0
2012-07-30,5.697,5.697,5.697,5.697,0.0
2012-07-31,5.657,5.657,5.657,5.657,0.0
2012-08-01,5.622,5.622,5.622,5.622,0.0
2012-08-02,5.502,5.502,5.502,5.502,0.0
2012-08-03,5.474,5.474,5.474,5.474,0.0
2012-08-06,5.745,5.745,5.745,5.745,0.0
2012-08-07,5.679,5.679,5.679,5.679,0.0
2012-08-08,5.924,5.924,5.924,5.924,0.0
2012-08-09,5.824,5.824,5.824,5.824,0.0
2012-08-10,5.761,5.761,5.761,5.761,0.0
2012-08-13,5.734,5.734,5.734,5.734,0.0
2012-08-14,5.776,5.776,5.776,5.776,0.0
2012-08-15,5.869,5.869,5.869,5.869,0.0
2012-08-16,5.842,5.842,5.842,5.842,0.0
2012-08-17,5.84,5.84,5.84,5.84,0.0
2012-08-20,5.879,5.879,5.879,5.879,0.0
2012-08-21,5.882,5.882,5.882,5.882,0.0
2012-08-22,5.873,5.873,5.873,5.873,0.0
2012-08-23,5.856,5.856,5.856,5.856,0.0
2012-08-24,5.818,5.818,5.818,5.818,0.0
2012-08-27,5.793,5.793,5.793,5.793,0.0
2012-08-28,5.738,5.738,5.738,5.738,0.0
2012-08-29,5.759,5.759,5.759,5.759,0.0
2012-08-30,5.766,5.766,5.766,5.766,0.0
2012-08-31,5.75,5.75,5.75,5.75,0.0
2012-09-04,5.752,5.752,5.752,5.752,0.0
2012-09-05,5.742,5.742,5.742,5.742,0.0
2012-09-06,5.738,5.738,5.738,5.738,0.0
2012-09-07,5.688,5.688,5.688,5.688,0.0
2012-09-10,5.672,5.672,5.672,5.672,0.0
2012-09-11,5.712,5.712,5.712,5.712,0.0
2012-09-12,5.787,5.787,5.787,5.787,0.0
2012-09-13,5.792,5.792,5.792,5.792,0.0
2012-09-14,5.782,5.782,5.782,5.782,0.0
2012-09-17,5.763,5.763,5.763,5.763,0.0
2012-09-18,5.862,5.862,5.862,5.862,0.0
2012-09-19,5.862,5.862,5.862,5.862,0.0
2012-09-20,5.866,5.866,5.866,5.866,0.0
2012-09-21,5.925,5.925,5.925,5.925,0.0
2012-09-24,5.909,5.909,5.909,5.909,0.0
2012-09-25,5.926,5.926,5.926,5.926,0.0
2012-09-26,5.892,5.892,5.892,5.892,0.0
2012-09-27,5.916,5.916,5.916,5.916,0.0
2012-09-28,5.928,5.928,5.928,5.928,0.0
2012-10-01,5.949,5.949,5.949,5.949,0.0
2012-10-02,5.905,5.905,5.905,5.905,0.0
2012-10-03,5.883,5.883,5.883,5.883,0.0
2012-10-04,5.873,5.873,5.873,5.873,0.0
2012-10-05,5.923,5.923,5.923,5.923,0.0
2012-10-08,5.962,5.962,5.962,5.962,0.0
2012-10-09,5.968,5.968,5.968,5.968,0.0
2012-10-10,5.944,5.944,5.944,5.944,0.0
2012-10-11,5.972,5.972,5.972,5.972,0.0
2012-10-12,5.933,5.933,5.933,5.933,0.0
2012-10-15,5.899,5.899,5.899,5.899,0.0
2012-10-16,5.905,5.905,5.905,5.905,0.0
2012-10-17,5.953,5.953,5.953,5.953,0.0
2012-10-18,5.901,5.901,5.901,5.901,0.0
2012-10-19,5.899,5.899,5.899,5.899,0.0
2012-10-22,5.898,5.898,5.898,5.898,0.0
2012-10-23,5.936,5.936,5.936,5.936,0.0
2012-10-24,5.911,5.911,5.911,5.911,0.0
2012-10-25,5.941,5.941,5.941,5.941,0.0
2012-10-26,5.95,5.95,5.95,5.95,0.0
2012-10-29,6.019,6.019,6.019,6.019,0.0
2012-10-30,5.95,5.95,5.95,5.95,0.0
2012-10-31,5.953,5.953,5.953,5.953,0.0
2012-11-01,5.96,5.96,5.96,5.96,0.0
2012-11-02,5.859,5.859,5.859,5.859,0.0
2012-11-05,5.816,5.816,5.816,5.816,0.0
2012-11-06,5.863,5.863,5.863,5.863,0.0
2012-11-07,5.839,5.839,5.839,5.839,0.0
2012-11-08,5.882,5.882,5.882,5.882,0.0
2012-11-09,5.821,5.821,5.821,5.821,0.0
2012-11-12,5.871,5.871,5.871,5.871,0.0
2012-11-13,5.91,5.91,5.91,5.91,0.0
2012-11-14,5.877,5.877,5.877,5.877,0.0
2012-11-15,5.798,5.798,5.798,5.798,0.0
2012-11-16,5.796,5.796,5.796,5.796,0.0
2012-11-19,5.761,5.761,5.761,5.761,0.0
2012-11-20,5.802,5.802,5.802,5.802,0.0
2012-11-21,5.771,5.771,5.771,5.771,0.0
2012-11-23,5.758,5.758,5.758,5.758,0.0
2012-11-26,5.727,5.727,5.727,5.727,0.0
2012-11-27,5.762,5.762,5.762,5.762,0.0
2012-11-28,5.754,5.754,5.754,5.754,0.0
2012-11-29,5.678,5.678,5.678,5.678,0.0
2012-11-30,5.659,5.659,5.659,5.659,0.0
2012-12-03,5.693,5.693,5.693,5.693,0.0
2012-12-04,5.668,5.668,5.668,5.668,0.0
2012-12-05,5.698,5.698,5.698,5.698,0.0
2012-12-06,5.69,5.69,5.69,5.69,0.0
2012-12-07,5.667,5.667,5.667,5.667,0.0
2012-12-10,5.689,5.689,5.689,5.689,0.0
2012-12-11,5.662,5.662,5.662,5.662,0.0
2012-12-12,5.656,5.656,5.656,5.656,0.0
2012-12-13,5.663,5.663,5.663,5.663,0.0
2012-12-14,5.659,5.659,5.659,5.659,0.0
2012-12-17,5.714,5.714,5.714,5.714,0.0
2012-12-18,5.851,5.851,5.851,5.851,0.0
2012-12-19,5.821,5.821,5.821,5.821,0.0
2012-12-20,5.887,5.887,5.887,5.887,0.0
2012-12-21,5.869,5.869,5.869,5.869,0.0
2012-12-24,5.832,5.832,5.832,5.832,0.0
2012-12-26,5.852,5.852,5.852,5.852,0.0
2012-12-27,5.835,5.835,5.835,5.835,0.0
2012-12-28,5.83,5.83,5.83,5.83,0.0
2012-12-31,5.789,5.789,5.789,5.789,0.0
2013-01-02,5.753,5.753,5.753,5.753,0.0
2013-01-03,5.748,5.748,5.748,5.748,0.0
2013-01-04,5.806,5.806,5.806,5.806,0.0
2013-01-07,5.787,5.787,5.787,5.787,0.0
2013-01-08,5.765,5.765,5.765,5.765,0.0
2013-01-09,5.745,5.745,5.745,5.745,0.0
2013-01-10,5.757,5.757,5.757,5.757,0.0
2013-01-11,5.718,5.718,5.718,5.718,0.0
2013-01-14,5.705,5.705,5.705,5.705,0.0
2013-01-15,5.715,5.715,5.715,5.715,0.0
2013-01-16,5.715,5.715,5.715,5.715,0.0
2013-01-17,5.704,5.704,5.704,5.704,0.0
2013-01-18,5.735,5.735,5.735,5.735,0.0
2013-01-22,5.729,5.729,5.729,5.729,0.0
2013-01-23,5.764,5.764,5.764,5.764,0.0
2013-01-24,5.735,5.735,5.735,5.735,0.0
2013-01-25,5.755,5.755,5.755,5.755,0.0
2013-01-28,5.695,5.695,5.695,5.695,0.0
2013-01-29,5.666,5.666,5.666,5.666,0.0
2013-01-30,5.69,5.69,5.69,5.69,0.0
2013-01-31,5.681,5.681,5.681,5.681,0.0
2013-02-01,5.638,5.638,5.638,5.638,0.0
2013-02-04,5.658,5.658,5.658,5.658,0.0
2013-02-05,5.66,5.66,5.66,5.66,0.0
2013-02-06,5.655,5.655,5.655,5.655,0.0
2013-02-07,5.631,5.631,5.631,5.631,0.0
2013-02-08,5.676,5.676,5.676,5.676,0.0
2013-02-11,5.686,5.686,5.686,5.686,0.0
2013-02-12,5.703,5.703,5.703,5.703,0.0
2013-02-13,5.732,5.732,5.732,5.732,0.0
2013-02-14,5.708,5.708,5.708,5.708,0.0
2013-02-15,5.689,5.689,5.689,5.689,0.0
2013-02-19,5.73,5.73,5.73,5.73,0.0
2013-02-20,5.708,5.708,5.708,5.708,0.0
2013-02-21,5.681,5.681,5.681,5.681,0.0
2013-02-22,5.678,5.678,5.678,5.678,0.0
2013-02-25,5.679,5.679,5.679,5.679,0.0
2013-02-26,5.683,5.683,5.683,5.683,0.0
2013-02-27,5.676,5.676,5.676,5.676,0.0
2013-02-28,5.697,5.697,5.697,5.697,0.0
2013-03-01,5.718,5.718,5.718,5.718,0.0
2013-03-04,5.762,5.762,5.762,5.762,0.0
2013-03-05,5.75,5.75,5.75,5.75,0.0
2013-03-06,5.72,5.72,5.72,5.72,0.0
2013-03-07,5.754,5.754,5.754,5.754,0.0
2013-03-08,5.75,5.75,5.75,5.75,0.0
2013-03-11,5.743,5.743,5.743,5.743,0.0
2013-03-12,5.713,5.713,5.713,5.713,0.0
2013-03-13,5.724,5.724,5.724,5.724,0.0
2013-03-14,5.716,5.716,5.716,5.716,0.0
2013-03-15,5.719,5.719,5.719,5.719,0.0
2013-03-18,5.704,5.704,5.704,5.704,0.0
2013-03-19,5.729,5.729,5.729,5.729,0.0
2013-03-20,5.723,5.723,5.723,5.723,0.0
2013-03-21,5.66,5.66,5.66,5.66,0.0
2013-03-22,5.652,5.652,5.652,5.652,0.0
2013-03-25,5.618,5.618,5.618,5.618,0.0
2013-03-26,5.63,5.63,5.63,5.63,0.0
2013-03-27,5.565,5.565,5.565,5.565,0.0
2013-03-28,5.482,5.482,5.482,5.482,0.0
2013-04-01,5.471,5.471,5.471,5.471,0.0
2013-04-02,5.434,5.434,5.434,5.434,0.0
2013-04-03,5.496,5.496,5.496,5.496,0.0
2013-04-04,5.508,5.508,5.508,5.508,0.0
2013-04-05,5.485,5.485,5.485,5.485,0.0
2013-04-08,5.401,5.401,5.401,5.401,0.0
2013-04-09,5.231,5.231,5.231,5.231,0.0
2013-04-10,5.175,5.175,5.175,5.175,0.0
2013-04-11,5.254,5.254,5.254,5.254,0.0
2013-04-12,5.408,5.408,5.408,5.408,0.0
2013-04-15,5.419,5.419,5.419,5.419,0.0
2013-04-16,5.5,5.5,5.5,5.5,0.0
2013-04-17,5.504,5.504,5.504,5.504,0.0
2013-04-18,5.494,5.494,5.494,5.494,0.0
2013-04-19,5.493,5.493,5.493,5.493,0.0
2013-04-22,5.486,5.486,5.486,5.486,0.0
2013-04-23,5.474,5.474,5.474,5.474,0.0
2013-04-24,5.369,5.369,5.369,5.369,0.0
2013-04-25,5.384,5.384,5.384,5.384,0.0
2013-04-26,5.386,5.386,5.386,5.386,0.0
2013-04-29,5.399,5.399,5.399,5.399,0.0
2013-04-30,5.4,5.4,5.4,5.4,0.0
2013-05-01,5.385,5.385,5.385,5.385,0.0
2013-05-02,5.388,5.388,5.388,5.388,0.0
2013-05-03,5.451,5.451,5.451,5.451,0.0
2013-05-06,5.502,5.502,5.502,5.502,0.0
2013-05-07,5.501,5.501,5.501,5.501,0.0
2013-05-08,5.485,5.485,5.485,5.485,0.0
2013-05-09,5.447,5.447,5.447,5.447,0.0
2013-05-10,5.424,5.424,5.424,5.424,0.0
2013-05-13,5.434,5.434,5.434,5.434,0.0
2013-05-14,5.465,5.465,5.465,5.465,0.0
2013-05-15,5.447,5.447,5.447,5.447,0.0
2013-05-16,5.444,5.444,5.444,5.444,0.0
2013-05-17,5.604,5.604,5.604,5.604,0.0
2013-05-20,5.776,5.776,5.776,5.776,0.0
2013-05-21,5.843,5.843,5.843,5.843,0.0
2013-05-22,5.948,5.948,5.948,5.948,0.0
2013-05-23,5.936,5.936,5.936,5.936,0.0
2013-05-24,5.927,5.927,5.927,5.927,0.0
2013-05-28,5.916,5.916,5.916,5.916,0.0
2013-05-29,5.907,5.907,5.907,5.907,0.0
2013-05-30,5.867,5.867,5.867,5.867,0.0
2013-05-31,5.889,5.889,5.889,5.889,0.0
2013-06-03,5.904,5.904,5.904,5.904,0.0
2013-06-04,5.881,5.881,5.881,5.881,0.0
2013-06-05,5.853,5.853,5.853,5.853,0.0
2013-06-06,5.798,5.798,5.798,5.798,0.0
2013-06-07,5.824,5.824,5.824,5.824,0.0
2013-06-10,5.808,5.808,5.808,5.808,0.0
2013-06-11,5.733,5.733,5.733,5.733,0.0
2013-06-12,5.697,5.697,5.697,5.697,0.0
2013-06-13,5.701,5.701,5.701,5.701,0.0
2013-06-14,5.687,5.687,5.687,5.687,0.0
2013-06-17,5.723,5.723,5.723,5.723,0.0
2013-06-18,5.78,5.78,5.78,5.78,0.0
2013-06-19,5.747,5.747,5.747,5.747,0.0
2013-06-20,5.728,5.728,5.728,5.728,0.0
2013-06-21,5.814,5.814,5.814,5.814,0.0
2013-06-24,5.925,5.925,5.925,5.925,0.0
2013-06-25,5.992,5.992,5.992,5.992,0.0
2013-06-26,6.039,6.039,6.039,6.039,0.0
2013-06-27,5.978,5.978,5.978,5.978,0.0
2013-06-28,6.01,6.01,6.01,6.01,0.0
2013-07-01,5.945,5.945,5.945,5.945,0.0
2013-07-02,5.98,5.98,5.98,5.98,0.0
2013-07-03,6.002,6.002,6.002,6.002,0.0
2013-07-05,5.961,5.961,5.961,5.961,0.0
2013-07-08,6.008,6.008,6.008,6.008,0.0
2013-07-09,5.921,5.921,5.921,5.921,0.0
2013-07-10,5.907,5.907,5.907,5.907,0.0
2013-07-11,5.904,5.904,5.904,5.904,0.0
2013-07-12,5.904,5.904,5.904,5.904,0.0
2013-07-15,5.925,5.925,5.925,5.925,0.0
2013-07-16,5.924,5.924,5.924,5.924,0.0
2013-07-17,5.926,5.926,5.926,5.926,0.0
2013-07-18,5.876,5.876,5.876,5.876,0.0
2013-07-19,5.83,5.83,5.83,5.83,0.0
2013-07-22,5.808,5.808,5.808,5.808,0.0
2013-07-23,5.777,5.777,5.777,5.777,0.0
2013-07-24,5.796,5.796,5.796,5.796,0.0
2013-07-25,5.821,5.821,5.821,5.821,0.0
2013-07-26,5.76,5.76,5.76,5.76,0.0
2013-07-29,5.76,5.76,5.76,5.76,0.0
2013-07-30,5.727,5.727,5.727,5.727,0.0
2013-07-31,5.745,5.745,5.745,5.745,0.0
2013-08-01,5.721,5.721,5.721,5.721,0.0
2013-08-02,5.706,5.706,5.706,5.706,0.0
2013-08-05,5.691,5.691,5.691,5.691,0.0
2013-08-06,5.674,5.674,5.674,5.674,0.0
2013-08-07,5.699,5.699,5.699,5.699,0.0
2013-08-08,5.665,5.665,5.665,5.665,0.0
2013-08-09,5.635,5.635,5.635,5.635,0.0
2013-08-12,5.575,5.575,5.575,5.575,0.0
2013-08-13,5.507,5.507,5.507,5.507,0.0
2013-08-14,5.458,5.458,5.458,5.458,0.0
2013-08-15,5.486,5.486,5.486,5.486,0.0
2013-08-16,5.468,5.468,5.468,5.468,0.0
2013-08-19,5.479,5.479,5.479,5.479,0.0
2013-08-20,5.465,5.465,5.465,5.465,0.0
2013-08-21,5.429,5.429,5.429,5.429,0.0
2013-08-22,5.453,5.453,5.453,5.453,0.0
2013-08-23,5.423,5.423,5.423,5.423,0.0
2013-08-26,5.375,5.375,5.375,5.375,0.0
2013-08-27,5.318,5.318,5.318,5.318,0.0
2013-08-28,5.331,5.331,5.331,5.331,0.0
2013-08-29,5.341,5.341,5.341,5.341,0.0
2013-08-30,5.353,5.353,5.353,5.353,0.0
2013-09-03,5.362,5.362,5.362,5.362,0.0
2013-09-04,5.329,5.329,5.329,5.329,0.0
2013-09-05,5.311,5.311,5.311,5.311,0.0
2013-09-06,5.311,5.311,5.311,5.311,0.0
2013-09-09,5.306,5.306,5.306,5.306,0.0
2013-09-10,5.32,5.32,5.32,5.32,0.0
2013-09-11,5.307,5.307,5.307,5.307,0.0
2013-09-12,5.296,5.296,5.296,5.296,0.0
2013-09-13,5.316,5.316,5.316,5.316,0.0
2013-09-16,5.318,5.318,5.318,5.318,0.0
2013-09-17,5.293,5.293,5.293,5.293,0.0
2013-09-18,5.348,5.348,5.348,5.348,0.0
2013-09-19,5.376,5.376,5.376,5.376,0.0
2013-09-20,5.362,5.362,5.362,5.362,0.0
2013-09-23,5.323,5.323,5.323,5.323,0.0
2013-09-24,5.303,5.303,5.303,5.303,0.0
2013-09-25,5.285,5.285,5.285,5.285,0.0
2013-09-26,5.351,5.351,5.351,5.351,0.0
2013-09-27,5.376,5.376,5.376,5.376,0.0
2013-09-30,5.326,5.326,5.326,5.326,0.0
2013-10-01,5.346,5.346,5.346,5.346,0.0
2013-10-02,5.305,5.305,5.305,5.305,0.0
2013-10-03,5.306,5.306,5.306,5.306,0.0
2013-10-04,5.314,5.314,5.314,5.314,0.0
2013-10-07,5.331,5.331,5.331,5.331,0.0
2013-10-08,5.354,5.354,5.354,5.354,0.0
2013-10-09,5.342,5.342,5.342,5.342,0.0
2013-10-10,5.337,5.337,5.337,5.337,0.0
2013-10-11,5.287,5.287,5.287,5.287,0.0
2013-10-14,5.304,5.304,5.304,5.304,0.0
2013-10-15,5.273,5.273,5.273,5.273,0.0
2013-10-16,5.215,5.215,5.215,5.215,0.0
2013-10-17,5.265,5.265,5.265,5.265,0.0
2013-10-18,5.276,5.276,5.276,5.276,0.0
2013-10-21,5.272,5.272,5.272,5.272,0.0
2013-10-22,5.305,5.305,5.305,5.305,0.0
2013-10-23,5.311,5.311,5.311,5.311,0.0
2013-10-24,5.298,5.298,5.298,5.298,0.0
2013-10-25,5.329,5.329,5.329,5.329,0.0
2013-10-28,5.282,5.282,5.282,5.282,0.0
2013-10-29,5.273,5.273,5.273,5.273,0.0
2013-10-30,5.259,5.259,5.259,5.259,0.0
2013-10-31,5.18,5.18,5.18,5.18,0.0
2013-11-01,5.105,5.105,5.105,5.105,0.0
2013-11-04,5.076,5.076,5.076,5.076,0.0
2013-11-05,5.058,5.058,5.058,5.058,0.0
2013-11-06,5.055,5.055,5.055,5.055,0.0
2013-11-07,5.049,5.049,5.049,5.049,0.0
2013-11-08,4.993,4.993,4.993,4.993,0.0
2013-11-11,5.002,5.002,5.002,5.002,0.0
2013-11-12,4.999,4.999,4.999,4.999,0.0
2013-11-13,4.953,4.953,4.953,4.953,0.0
2013-11-14,4.917,4.917,4.917,4.917,0.0
2013-11-15,4.898,4.898,4.898,4.898,0.0
2013-11-18,4.895,4.895,4.895,4.895,0.0
2013-11-19,4.835,4.835,4.835,4.835,0.0
2013-11-20,4.867,4.867,4.867,4.867,0.0
2013-11-21,4.85,4.85,4.85,4.85,0.0
2013-11-22,4.852,4.852,4.852,4.852,0.0
2013-11-25,4.863,4.863,4.863,4.863,0.0
2013-11-26,4.844,4.844,4.844,4.844,0.0
2013-11-27,4.846,4.846,4.846,4.846,0.0
2013-11-29,4.838,4.838,4.838,4.838,0.0
2013-12-02,4.928,4.928,4.928,4.928,0.0
2013-12-03,5.015,5.015,5.015,5.015,0.0
2013-12-04,5.104,5.104,5.104,5.104,0.0
2013-12-05,5.083,5.083,5.083,5.083,0.0
2013-12-06,5.059,5.059,5.059,5.059,0.0
2013-12-09,4.962,4.962,4.962,4.962,0.0
2013-12-10,4.929,4.929,4.929,4.929,0.0
2013-12-11,4.881,4.881,4.881,4.881,0.0
2013-12-12,4.77,4.77,4.77,4.77,0.0
2013-12-13,4.772,4.772,4.772,4.772,0.0
2013-12-16,4.805,4.805,4.805,4.805,0.0
2013-12-17,4.778,4.778,4.778,4.778,0.0
2013-12-18,4.745,4.745,4.745,4.745,0.0
2013-12-19,4.761,4.761,4.761,4.761,0.0
2013-12-20,4.721,4.721,4.721,4.721,0.0
2013-12-23,4.706,4.706,4.706,4.706,0.0
2013-12-24,4.733,4.733,4.733,4.733,0.0
2013-12-26,4.73,4.73,4.73,4.73,0.0
2013-12-27,4.742,4.742,4.742,4.742,0.0
2013-12-30,4.732,4.732,4.732,4.732,0.0
2013-12-31,4.65,4.65,4.65,4.65,0.0
2014-01-02,4.665,4.665,4.665,4.665,0.0
2014-01-03,4.691,4.691,4.691,4.691,0.0
2014-01-06,4.697,4.697,4.697,4.697,0.0
2014-01-07,4.715,4.715,4.715,4.715,0.0
2014-01-08,4.735,4.735,4.735,4.735,0.0
2014-01-09,4.681,4.681,4.681,4.681,0.0
2014-01-10,4.748,4.748,4.748,4.748,0.0
2014-01-13,4.665,4.665,4.665,4.665,0.0
2014-01-14,4.662,4.662,4.662,4.662,0.0
2014-01-15,4.648,4.648,4.648,4.648,0.0
2014-01-16,4.643,4.643,4.643,4.643,0.0
2014-01-17,4.633,4.633,4.633,4.633,0.0
2014-01-21,4.681,4.681,4.681,4.681,0.0
2014-01-22,4.681,4.681,4.681,4.681,0.0
2014-01-23,4.675,4.675,4.675,4.675,0.0
2014-01-24,4.677,4.677,4.677,4.677,0.0
2014-01-27,4.716,4.716,4.716,4.716,0.0
2014-01-28,4.702,4.702,4.702,4.702,0.0
2014-01-29,4.696,4.696,4.696,4.696,0.0
2014-01-30,4.724,4.724,4.724,4.724,0.0
2014-01-31,4.721,4.721,4.721,4.721,0.0
2014-02-03,4.76,4.76,4.76,4.76,0.0
2014-02-04,4.736,4.736,4.736,4.736,0.0
2014-02-05,4.701,4.701,4.701,4.701,0.0
2014-02-06,4.646,4.646,4.646,4.646,0.0
2014-02-07,4.651,4.651,4.651,4.651,0.0
2014-02-10,4.616,4.616,4.616,4.616,0.0
2014-02-11,4.499,4.499,4.499,4.499,0.0
2014-02-12,4.505,4.505,4.505,4.505,0.0
2014-02-13,4.491,4.491,4.491,4.491,0.0
2014-02-14,4.496,4.496,4.496,4.496,0.0
2014-02-18,4.497,4.497,4.497,4.497,0.0
2014-02-19,4.527,4.527,4.527,4.527,0.0
2014-02-20,4.592,4.592,4.592,4.592,0.0
2014-02-21,4.614,4.614,4.614,4.614,0.0
2014-02-24,4.647,4.647,4.647,4.647,0.0
2014-02-25,4.66,4.66,4.66,4.66,0.0
2014-02-26,4.617,4.617,4.617,4.617,0.0
2014-02-27,4.564,4.564,4.564,4.564,0.0
2014-02-28,4.534,4.534,4.534,4.534,0.0
2014-03-03,4.532,4.532,4.532,4.532,0.0
2014-03-04,4.56,4.56,4.56,4.56,0.0
2014-03-05,4.585,4.585,4.585,4.585,0.0
2014-03-06,4.727,4.727,4.727,4.727,0.0
2014-03-07,4.689,4.689,4.689,4.689,0.0
2014-03-10,4.699,4.699,4.699,4.699,0.0
2014-03-11,4.68,4.68,4.68,4.68,0.0
2014-03-12,4.73,4.73,4.73,4.73,0.0
2014-03-13,4.814,4.814,4.814,4.814,0.0
2014-03-14,4.904,4.904,4.904,4.904,0.0
2014-03-17,4.886,4.886,4.886,4.886,0.0
2014-03-18,4.836,4.836,4.836,4.836,0.0
2014-03-19,4.876,4.876,4.876,4.876,0.0
2014-03-20,4.929,4.929,4.929,4.929,0.0
2014-03-21,4.919,4.919,4.919,4.919,0.0
2014-03-24,4.944,4.944,4.944,4.944,0.0
2014-03-25,4.969,4.969,4.969,4.969,0.0
2014-03-26,4.988,4.988,4.988,4.988,0.0
2014-03-27,4.985,4.985,4.985,4.985,0.0
2014-03-28,4.965,4.965,4.965,4.965,0.0
2014-03-31,4.965,4.965,4.965,4.965,0.0
2014-04-01,4.924,4.924,4.924,4.924,0.0
2014-04-02,4.937,4.937,4.937,4.937,0.0
2014-04-03,5.014,5.014,5.014,5.014,0.0
2014-04-04,5.024,5.024,5.024,5.024,0.0
2014-04-07,5.044,5.044,5.044,5.044,0.0
2014-04-08,5.038,5.038,5.038,5.038,0.0
2014-04-09,5.093,5.093,5.093,5.093,0.0
2014-04-10,5.129,5.129,5.129,5.129,0.0
2014-04-11,5.132,5.132,5.132,5.132,0.0
2014-04-14,5.13,5.13,5.13,5.13,0.0
2014-04-15,5.151,5.151,5.151,5.151,0.0
2014-04-16,5.156,5.156,5.156,5.156,0.0
2014-04-17,5.157,5.157,5.157,5.157,0.0
2014-04-21,5.118,5.118,5.118,5.118,0.0
2014-04-22,5.139,5.139,5.139,5.139,0.0
2014-04-23,5.132,5.132,5.132,5.132,0.0
2014-04-24,5.171,5.171,5.171,5.171,0.0
2014-04-25,5.16,5.16,5.16,5.16,0.0
2014-04-28,5.173,5.173,5.173,5.173,0.0
2014-04-29,5.223,5.223,5.223,5.223,0.0
2014-04-30,5.229,5.229,5.229,5.229,0.0
2014-05-01,5.233,5.233,5.233,5.233,0.0
2014-05-02,5.221,5.221,5.221,5.221,0.0
2014-05-05,5.21,5.21,5.21,5.21,0.0
2014-05-06,5.226,5.226,5.226,5.226,0.0
2014-05-07,5.231,5.231,5.231,5.231,0.0
2014-05-08,5.241,5.241,5.241,5.241,0.0
2014-05-09,5.276,5.276,5.276,5.276,0.0
2014-05-12,5.246,5.246,5.246,5.246,0.0
2014-05-13,5.247,5.247,5.247,5.247,0.0
2014-05-14,5.265,5.265,5.265,5.265,0.0
2014-05-15,5.218,5.218,5.218,5.218,0.0
2014-05-16,5.178,5.178,5.178,5.178,0.0
2014-05-19,5.179,5.179,5.179,5.179,0.0
2014-05-20,5.174,5.174,5.174,5.174,0.0
2014-05-21,5.179,5.179,5.179,5.179,0.0
2014-05-22,5.157,5.157,5.157,5.157,0.0
2014-05-23,5.177,5.177,5.177,5.177,0.0
2014-05-27,5.2,5.2,5.2,5.2,0.0
2014-05-28,5.182,5.182,5.182,5.182,0.0
2014-05-29,5.185,5.185,5.185,5.185,0.0
2014-05-30,5.181,5.181,5.181,5.181,0.0
2014-06-02,5.216,5.216,5.216,5.216,0.0
2014-06-03,5.193,5.193,5.193,5.193,0.0
2014-06-04,5.188,5.188,5.188,5.188,0.0
2014-06-05,5.206,5.206,5.206,5.206,0.0
2014-06-06,5.222,5.222,5.222,5.222,0.0
2014-06-09,5.208,5.208,5.208,5.208,0.0
2014-06-10,5.251,5.251,5.251,5.251,0.0
2014-06-11,5.242,5.242,5.242,5.242,0.0
2014-06-12,5.237,5.237,5.237,5.237,0.0
2014-06-13,5.266,5.266,5.266,5.266,0.0
2014-06-16,5.265,5.265,5.265,5.265,0.0
2014-06-17,5.305,5.305,5.305,5.305,0.0
2014-06-18,5.319,5.319,5.319,5.319,0.0
2014-06-19,5.341,5.341,5.341,5.341,0.0
2014-06-20,5.301,5.301,5.301,5.301,0.0
2014-06-23,5.289,5.289,5.289,5.289,0.0
2014-06-24,5.285,5.285,5.285,5.285,0.0
2014-06-25,5.294,5.294,5.294,5.294,0.0
2014-06-26,5.219,5.219,5.219,5.219,0.0
2014-06-27,5.215,5.215,5.215,5.215,0.0
2014-06-30,5.234,5.234,5.234,5.234,0.0
2014-07-01,5.242,5.242,5.242,5.242,0.0
2014-07-02,5.217,5.217,5.217,5.217,0.0
2014-07-03,5.212,5.212,5.212,5.212,0.0
2014-07-07,5.186,5.186,5.186,5.186,0.0
2014-07-08,5.162,5.162,5.162,5.162,0.0
2014-07-09,5.128,5.128,5.128,5.128,0.0
2014-07-10,5.075,5.075,5.075,5.075,0.0
2014-07-11,5.069,5.069,5.069,5.069,0.0
2014-07-14,5.037,5.037,5.037,5.037,0.0
2014-07-15,5.022,5.022,5.022,5.022,0.0
2014-07-16,5.037,5.037,5.037,5.037,0.0
2014-07-17,5.028,5.028,5.028,5.028,0.0
2014-07-18,5.055,5.055,5.055,5.055,0.0
2014-07-21,5.036,5.036,5.036,5.036,0.0
2014-07-22,4.99,4.99,4.99,4.99,0.0
2014-07-23,4.966,4.966,4.966,4.966,0.0
2014-07-24,4.947,4.947,4.947,4.947,0.0
2014-07-25,4.942,4.942,4.942,4.942,0.0
2014-07-28,4.929,4.929,4.929,4.929,0.0
2014-07-29,4.848,4.848,4.848,4.848,0.0
2014-07-30,4.875,4.875,4.875,4.875,0.0
2014-07-31,4.901,4.901,4.901,4.901,0.0
2014-08-01,4.929,4.929,4.929,4.929,0.0
2014-08-04,4.924,4.924,4.924,4.924,0.0
2014-08-05,4.892,4.892,4.892,4.892,0.0
2014-08-06,4.877,4.877,4.877,4.877,0.0
2014-08-07,4.891,4.891,4.891,4.891,0.0
2014-08-08,4.897,4.897,4.897,4.897,0.0
2014-08-11,4.852,4.852,4.852,4.852,0.0
2014-08-12,4.834,4.834,4.834,4.834,0.0
2014-08-13,4.819,4.819,4.819,4.819,0.0
2014-08-14,4.83,4.83,4.83,4.83,0.0
2014-08-15,4.795,4.795,4.795,4.795,0.0
2014-08-18,4.796,4.796,4.796,4.796,0.0
2014-08-19,4.794,4.794,4.794,4.794,0.0
2014-08-20,4.774,4.774,4.774,4.774,0.0
2014-08-21,4.797,4.797,4.797,4.797,0.0
2014-08-22,4.803,4.803,4.803,4.803,0.0
2014-08-25,4.811,4.811,4.811,4.811,0.0
2014-08-26,4.81,4.81,4.81,4.81,0.0
2014-08-27,4.835,4.835,4.835,4.835,0.0
2014-08-28,4.842,4.842,4.842,4.842,0.0
2014-08-29,4.834,4.834,4.834,4.834,0.0
2014-09-02,4.812,4.812,4.812,4.812,0.0
2014-09-03,4.828,4.828,4.828,4.828,0.0
2014-09-04,4.846,4.846,4.846,4.846,0.0
2014-09-05,4.836,4.836,4.836,4.836,0.0
2014-09-08,4.826,4.826,4.826,4.826,0.0
2014-09-09,4.814,4.814,4.814,4.814,0.0
2014-09-10,4.827,4.827,4.827,4.827,0.0
2014-09-11,4.846,4.846,4.846,4.846,0.0
2014-09-12,4.82,4.82,4.82,4.82,0.0
2014-09-15,4.803,4.803,4.803,4.803,0.0
2014-09-16,4.808,4.808,4.808,4.808,0.0
2014-09-17,4.797,4.797,4.797,4.797,0.0
2014-09-18,4.765,4.765,4.765,4.765,0.0
2014-09-19,4.763,4.763,4.763,4.763,0.0
2014-09-22,4.748,4.748,4.748,4.748,0.0
2014-09-23,4.75,4.75,4.75,4.75,0.0
2014-09-24,4.77,4.77,4.77,4.77,0.0
2014-09-25,4.769,4.769,4.769,4.769,0.0
2014-09-26,4.749,4.749,4.749,4.749,0.0
2014-09-29,4.76,4.76,4.76,4.76,0.0
2014-09-30,4.795,4.795,4.795,4.795,0.0
2014-10-01,4.768,4.768,4.768,4.768,0.0
2014-10-02,4.786,4.786,4.786,4.786,0.0
2014-10-03,4.763,4.763,4.763,4.763,0.0
2014-10-06,4.763,4.763,4.763,4.763,0.0
2014-10-07,4.766,4.766,4.766,4.766,0.0
2014-10-08,4.766,4.766,4.766,4.766,0.0
2014-10-09,4.781,4.781,4.781,4.781,0.0
2014-10-10,4.778,4.778,4.778,4.778,0.0
2014-10-13,4.788,4.788,4.788,4.788,0.0
2014-10-14,4.778,4.778,4.778,4.778,0.0
2014-10-15,4.763,4.763,4.763,4.763,0.0
2014-10-16,4.763,4.763,4.763,4.763,0.0
2014-10-17,4.778,4.778,4.778,4.778,0.0
2014-10-20,4.765,4.765,4.765,4.765,0.0
2014-10-21,4.76,4.76,4.76,4.76,0.0
2014-10-22,4.741,4.741,4.741,4.741,0.0
2014-10-23,4.74,4.74,4.74,4.74,0.0
2014-10-24,4.717,4.717,4.717,4.717,0.0
2014-10-27,4.704,4.704,4.704,4.704,0.0
2014-10-28,4.689,4.689,4.689,4.689,0.0
2014-10-29,4.694,4.694,4.694,4.694,0.0
2014-10-30,4.687,4.687,4.687,4.687,0.0
2014-10-31,4.702,4.702,4.702,4.702,0.0
2014-11-03,4.713,4.713,4.713,4.713,0.0
2014-11-04,4.708,4.708,4.708,4.708,0.0
2014-11-05,4.679,4.679,4.679,4.679,0.0
2014-11-06,4.666,4.666,4.666,4.666,0.0
2014-11-07,4.663,4.663,4.663,4.663,0.0
2014-11-10,4.657,4.657,4.657,4.657,0.0
2014-11-11,4.672,4.672,4.672,4.672,0.0
2014-11-12,4.693,4.693,4.693,4.693,0.0
2014-11-13,4.673,4.673,4.673,4.673,0.0
2014-11-14,4.699,4.699,4.699,4.699,0.0
2014-11-17,4.702,4.702,4.702,4.702,0.0
2014-11-18,4.677,4.677,4.677,4.677,0.0
2014-11-19,4.663,4.663,4.663,4.663,0.0
2014-11-20,4.658,4.658,4.658,4.658,0.0
2014-11-21,4.631,4.631,4.631,4.631,0.0
2014-11-24,4.685,4.685,4.685,4.685,0.0
2014-11-25,4.674,4.674,4.674,4.674,0.0
2014-11-26,4.667,4.667,4.667,4.667,0.0
2014-11-28,4.685,4.685,4.685,4.685,0.0
2014-12-01,4.735,4.735,4.735,4.735,0.0
2014-12-02,4.729,4.729,4.729,4.729,0.0
2014-12-03,4.721,4.721,4.721,4.721,0.0
2014-12-04,4.714,4.714,4.714,4.714,0.0
2014-12-05,4.735,4.735,4.735,4.735,0.0
2014-12-08,4.741,4.741,4.741,4.741,0.0
2014-12-09,4.768,4.768,4.768,4.768,0.0
2014-12-10,4.753,4.753,4.753,4.753,0.0
2014-12-11,4.73,4.73,4.73,4.73,0.0
2014-12-12,4.713,4.713,4.713,4.713,0.0
2014-12-15,4.7,4.7,4.7,4.7,0.0
2014-12-16,4.65,4.65,4.65,4.65,0.0
2014-12-17,4.675,4.675,4.675,4.675,0.0
2014-12-18,4.656,4.656,4.656,4.656,0.0
2014-12-19,4.59,4.59,4.59,4.59,0.0
2014-12-22,4.581,4.581,4.581,4.581,0.0
2014-12-23,4.554,4.554,4.554,4.554,0.0
2014-12-24,4.548,4.548,4.548,4.548,0.0
2014-12-26,4.545,4.545,4.545,4.545,0.0
2014-12-29,4.543,4.543,4.543,4.543,0.0
2014-12-30,4.525,4.525,4.525,4.525,0.0
2014-12-31,4.496,4.496,4.496,4.496,0.0
2015-01-02,4.48,4.48,4.48,4.48,0.0
2015-01-05,4.48,4.48,4.48,4.48,0.0
2015-01-06,4.439,4.439,4.439,4.439,0.0
2015-01-07,4.379,4.379,4.379,4.379,0.0
2015-01-08,4.359,4.359,4.359,4.359,0.0
2015-01-09,4.347,4.347,4.347,4.347,0.0
2015-01-12,4.257,4.257,4.257,4.257,0.0
2015-01-13,4.229,4.229,4.229,4.229,0.0
2015-01-14,4.154,4.154,4.154,4.154,0.0
2015-01-15,4.104,4.104,4.104,4.104,0.0
2015-01-16,4.112,4.112,4.112,4.112,0.0
2015-01-20,4.104,4.104,4.104,4.104,0.0
2015-01-21,4.108,4.108,4.108,4.108,0.0
2015-01-22,4.106,4.106,4.106,4.106,0.0
2015-01-23,4.103,4.103,4.103,4.103,0.0
2015-01-26,4.121,4.121,4.121,4.121,0.0
2015-01-27,4.115,4.115,4.115,4.115,0.0
2015-01-28,4.14,4.14,4.14,4.14,0.0
2015-01-29,4.123,4.123,4.123,4.123,0.0
2015-01-30,4.13,4.13,4.13,4.13,0.0
2015-02-02,4.093,4.093,4.093,4.093,0.0
2015-02-03,4.109,4.109,4.109,4.109,0.0
2015-02-04,4.123,4.123,4.123,4.123,0.0
2015-02-05,4.033,4.033,4.033,4.033,0.0
2015-02-06,4.087,4.087,4.087,4.087,0.0
2015-02-09,4.094,4.094,4.094,4.094,0.0
2015-02-10,4.115,4.115,4.115,4.115,0.0
2015-02-11,4.098,4.098,4.098,4.098,0.0
2015-02-12,4.099,4.099,4.099,4.099,0.0
2015-02-13,4.141,4.141,4.141,4.141,0.0
2015-02-17,4.083,4.083,4.083,4.083,0.0
2015-02-18,4.11,4.11,4.11,4.11,0.0
2015-02-19,4.084,4.084,4.084,4.084,0.0
2015-02-20,4.089,4.089,4.089,4.089,0.0
2015-02-23,4.061,4.061,4.061,4.061,0.0
2015-02-24,4.074,4.074,4.074,4.074,0.0
2015-02-25,4.08,4.08,4.08,4.08,0.0
2015-02-26,4.05,4.05,4.05,4.05,0.0
2015-02-27,4.051,4.051,4.051,4.051,0.0
2015-03-02,4.037,4.037,4.037,4.037,0.0
2015-03-03,4.055,4.055,4.055,4.055,0.0
2015-03-04,4.049,4.049,4.049,4.049,0.0
2015-03-05,4.013,4.013,4.013,4.013,0.0
2015-03-06,4.013,4.013,4.013,4.013,0.0
2015-03-09,3.988,3.988,3.988,3.988,0.0
2015-03-10,3.986,3.986,3.986,3.986,0.0
2015-03-11,3.979,3.979,3.979,3.979,0.0
2015-03-12,3.948,3.948,3.948,3.948,0.0
2015-03-13,3.944,3.944,3.944,3.944,0.0
2015-03-16,3.957,3.957,3.957,3.957,0.0
2015-03-17,3.938,3.938,3.938,3.938,0.0
2015-03-18,3.964,3.964,3.964,3.964,0.0
2015-03-19,3.97,3.97,3.97,3.97,0.0
2015-03-20,3.948,3.948,3.948,3.948,0.0
2015-03-23,3.949,3.949,3.949,3.949,0.0
2015-03-24,3.969,3.969,3.969,3.969,0.0
2015-03-25,3.94,3.94,3.94,3.94,0.0
2015-03-26,3.931,3.931,3.931,3.931,0.0
2015-03-27,3.906,3.906,3.906,3.906,0.0
2015-03-30,3.894,3.894,3.894,3.894,0.0
2015-03-31,3.906,3.906,3.906,3.906,0.0
2015-04-01,3.9,3.9,3.9,3.9,0.0
2015-04-02,3.954,3.954,3.954,3.954,0.0
2015-04-06,3.955,3.955,3.955,3.955,0.0
2015-04-07,3.995,3.995,3.995,3.995,0.0
2015-04-08,4.003,4.003,4.003,4.003,0.0
2015-04-09,3.996,3.996,3.996,3.996,0.0
2015-04-10,3.991,3.991,3.991,3.991,0.0
2015-04-13,3.981,3.981,3.981,3.981,0.0
2015-04-14,3.976,3.976,3.976,3.976,0.0
2015-04-15,3.981,3.981,3.981,3.981,0.0
2015-04-16,4.001,4.001,4.001,4.001,0.0
2015-04-17,3.976,3.976,3.976,3.976,0.0
2015-04-20,3.977,3.977,3.977,3.977,0.0
2015-04-21,3.98,3.98,3.98,3.98,0.0
2015-04-22,3.987,3.987,3.987,3.987,0.0
2015-04-23,3.945,3.945,3.945,3.945,0.0
2015-04-24,3.943,3.943,3.943,3.943,0.0
2015-04-27,3.923,3.923,3.923,3.923,0.0
2015-04-28,3.919,3.919,3.919,3.919,0.0
2015-04-29,3.924,3.924,3.924,3.924,0.0
2015-04-30,3.919,3.919,3.919,3.919,0.0
2015-05-01,3.919,3.919,3.919,3.919,0.0
2015-05-04,3.916,3.916,3.916,3.916,0.0
2015-05-05,3.925,3.925,3.925,3.925,0.0
2015-05-06,3.933,3.933,3.933,3.933,0.0
2015-05-07,3.93,3.93,3.93,3.93,0.0
2015-05-08,3.94,3.94,3.94,3.94,0.0
2015-05-11,3.924,3.924,3.924,3.924,0.0
2015-05-12,3.911,3.911,3.911,3.911,0.0
2015-05-13,3.92,3.92,3.92,3.92,0.0
2015-05-14,3.931,3.931,3.931,3.931,0.0
2015-05-15,3.924,3.924,3.924,3.924,0.0
2015-05-18,3.921,3.921,3.921,3.921,0.0
2015-05-19,3.916,3.916,3.916,3.916,0.0
2015-05-20,3.915,3.915,3.915,3.915,0.0
2015-05-21,3.914,3.914,3.914,3.914,0.0
2015-05-22,3.905,3.905,3.905,3.905,0.0
2015-05-26,3.906,3.906,3.906,3.906,0.0
2015-05-27,3.901,3.901,3.901,3.901,0.0
2015-05-28,3.893,3.893,3.893,3.893,0.0
2015-05-29,3.883,3.883,3.883,3.883,0.0
2015-06-01,3.885,3.885,3.885,3.885,0.0
2015-06-02,3.882,3.882,3.882,3.882,0.0
2015-06-03,3.883,3.883,3.883,3.883,0.0
2015-06-04,3.837,3.837,3.837,3.837,0.0
2015-06-05,3.798,3.798,3.798,3.798,0.0
2015-06-08,3.806,3.806,3.806,3.806,0.0
2015-06-09,3.803,3.803,3.803,3.803,0.0
2015-06-10,3.805,3.805,3.805,3.805,0.0
2015-06-11,3.846,3.846,3.846,3.846,0.0
2015-06-12,3.846,3.846,3.846,3.846,0.0
2015-06-15,3.855,3.855,3.855,3.855,0.0
2015-06-16,3.88,3.88,3.88,3.88,0.0
2015-06-17,3.873,3.873,3.873,3.873,0.0
2015-06-18,3.855,3.855,3.855,3.855,0.0
2015-06-19,3.86,3.86,3.86,3.86,0.0
2015-06-22,3.843,3.843,3.843,3.843,0.0
2015-06-23,3.842,3.842,3.842,3.842,0.0
2015-06-24,3.844,3.844,3.844,3.844,0.0
2015-06-25,3.845,3.845,3.845,3.845,0.0
2015-06-26,3.848,3.848,3.848,3.848,0.0
2015-06-29,3.846,3.846,3.846,3.846,0.0
2015-06-30,3.858,3.858,3.858,3.858,0.0
2015-07-01,3.869,3.869,3.869,3.869,0.0
2015-07-02,3.873,3.873,3.873,3.873,0.0
2015-07-06,3.834,3.834,3.834,3.834,0.0
2015-07-07,3.831,3.831,3.831,3.831,0.0
2015-07-08,3.844,3.844,3.844,3.844,0.0
2015-07-09,3.852,3.852,3.852,3.852,0.0
2015-07-10,3.85,3.85,3.85,3.85,0.0
2015-07-13,3.85,3.85,3.85,3.85,0.0
2015-07-14,3.885,3.885,3.885,3.885,0.0
2015-07-15,3.913,3.913,3.913,3.913,0.0
2015-07-16,3.909,3.909,3.909,3.909,0.0
2015-07-17,3.916,3.916,3.916,3.916,0.0
2015-07-20,3.909,3.909,3.909,3.909,0.0
2015-07-21,3.908,3.908,3.908,3.908,0.0
2015-07-22,3.904,3.904,3.904,3.904,0.0
2015-07-23,3.884,3.884,3.884,3.884,0.0
2015-07-24,3.888,3.888,3.888,3.888,0.0
2015-07-27,3.909,3.909,3.909,3.909,0.0
2015-07-28,3.908,3.908,3.908,3.908,0.0
2015-07-29,3.902,3.902,3.902,3.902,0.0
2015-07-30,3.881,3.881,3.881,3.881,0.0
2015-07-31,3.841,3.841,3.841,3.841,0.0
2015-08-03,3.82,3.82,3.82,3.82,0.0
2015-08-04,3.772,3.772,3.772,3.772,0.0
2015-08-05,3.771,3.771,3.771,3.771,0.0
2015-08-06,3.753,3.753,3.753,3.753,0.0
2015-08-07,3.743,3.743,3.743,3.743,0.0
2015-08-10,3.741,3.741,3.741,3.741,0.0
2015-08-11,3.705,3.705,3.705,3.705,0.0
2015-08-12,3.687,3.687,3.687,3.687,0.0
2015-08-13,3.703,3.703,3.703,3.703,0.0
2015-08-14,3.708,3.708,3.708,3.708,0.0
2015-08-17,3.713,3.713,3.713,3.713,0.0
2015-08-18,3.719,3.719,3.719,3.719,0.0
2015-08-19,3.669,3.669,3.669,3.669,0.0
2015-08-20,3.654,3.654,3.654,3.654,0.0
2015-08-21,3.624,3.624,3.624,3.624,0.0
2015-08-24,3.578,3.578,3.578,3.578,0.0
2015-08-25,3.57,3.57,3.57,3.57,0.0
2015-08-26,3.576,3.576,3.576,3.576,0.0
2015-08-27,3.583,3.583,3.583,3.583,0.0
2015-08-28,3.61,3.61,3.61,3.61,0.0
2015-08-31,3.607,3.607,3.607,3.607,0.0
2015-09-01,3.618,3.618,3.618,3.618,0.0
2015-09-02,3.616,3.616,3.616,3.616,0.0
2015-09-03,3.623,3.623,3.623,3.623,0.0
2015-09-04,3.62,3.62,3.62,3.62,0.0
2015-09-08,3.626,3.626,3.626,3.626,0.0
2015-09-09,3.641,3.641,3.641,3.641,0.0
2015-09-10,3.64,3.64,3.64,3.64,0.0
2015-09-11,3.6,3.6,3.6,3.6,0.0
2015-09-14,3.611,3.611,3.611,3.611,0.0
2015-09-15,3.605,3.605,3.605,3.605,0.0
2015-09-16,3.58,3.58,3.58,3.58,0.0
2015-09-17,3.553,3.553,3.553,3.553,0.0
2015-09-18,3.543,3.543,3.543,3.543,0.0
2015-09-21,3.532,3.532,3.532,3.532,0.0
2015-09-22,3.521,3.521,3.521,3.521,0.0
2015-09-23,3.532,3.532,3.532,3.532,0.0
2015-09-24,3.569,3.569,3.569,3.569,0.0
2015-09-25,3.534,3.534,3.534,3.534,0.0
2015-09-28,3.531,3.531,3.531,3.531,0.0
2015-09-29,3.501,3.501,3.501,3.501,0.0
2015-09-30,3.474,3.474,3.474,3.474,0.0
2015-10-01,3.459,3.459,3.459,3.459,0.0
2015-10-02,3.469,3.469,3.469,3.469,0.0
2015-10-05,3.474,3.474,3.474,3.474,0.0
2015-10-06,3.513,3.513,3.513,3.513,0.0
2015-10-07,3.515,3.515,3.515,3.515,0.0
2015-10-08,3.51,3.51,3.51,3.51,0.0
2015-10-09,3.51,3.51,3.51,3.51,0.0
2015-10-12,3.515,3.515,3.515,3.515,0.0
2015-10-13,3.517,3.517,3.517,3.517,0.0
2015-10-14,3.517,3.517,3.517,3.517,0.0
2015-10-15,3.502,3.502,3.502,3.502,0.0
2015-10-16,3.509,3.509,3.509,3.509,0.0
2015-10-19,3.512,3.512,3.512,3.512,0.0
2015-10-20,3.527,3.527,3.527,3.527,0.0
2015-10-21,3.51,3.51,3.51,3.51,0.0
2015-10-22,3.504,3.504,3.504,3.504,0.0
2015-10-23,3.466,3.466,3.466,3.466,0.0
2015-10-26,3.43,3.43,3.43,3.43,0.0
2015-10-27,3.417,3.417,3.417,3.417,0.0
2015-10-28,3.417,3.417,3.417,3.417,0.0
2015-10-29,3.409,3.409,3.409,3.409,0.0
2015-10-30,3.439,3.439,3.439,3.439,0.0
2015-11-02,3.416,3.416,3.416,3.416,0.0
2015-11-03,3.428,3.428,3.428,3.428,0.0
2015-11-04,3.434,3.434,3.434,3.434,0.0
2015-11-05,3.441,3.441,3.441,3.441,0.0
2015-11-06,3.439,3.439,3.439,3.439,0.0
2015-11-09,3.43,3.43,3.43,3.43,0.0
2015-11-10,3.428,3.428,3.428,3.428,0.0
2015-11-11,3.417,3.417,3.417,3.417,0.0
2015-11-12,3.402,3.402,3.402,3.402,0.0
2015-11-13,3.424,3.424,3.424,3.424,0.0
2015-11-16,3.434,3.434,3.434,3.434,0.0
2015-11-17,3.434,3.434,3.434,3.434,0.0
2015-11-18,3.374,3.374,3.374,3.374,0.0
2015-11-19,3.329,3.329,3.329,3.329,0.0
2015-11-20,3.298,3.298,3.298,3.298,0.0
2015-11-23,3.321,3.321,3.321,3.321,0.0
2015-11-24,3.327,3.327,3.327,3.327,0.0
2015-11-25,3.338,3.338,3.338,3.338,0.0
2015-11-27,3.32,3.32,3.32,3.32,0.0
2015-11-30,3.33,3.33,3.33,3.33,0.0
2015-12-01,3.341,3.341,3.341,3.341,0.0
2015-12-02,3.37,3.37,3.37,3.37,0.0
2015-12-03,3.373,3.373,3.373,3.373,0.0
2015-12-04,3.376,3.376,3.376,3.376,0.0
2015-12-07,3.361,3.361,3.361,3.361,0.0
2015-12-08,3.376,3.376,3.376,3.376,0.0
2015-12-09,3.396,3.396,3.396,3.396,0.0
2015-12-10,3.417,3.417,3.417,3.417,0.0
2015-12-11,3.428,3.428,3.428,3.428,22.0
2015-12-14,3.408,3.408,3.408,3.408,0.0
2015-12-15,3.388,3.388,3.388,3.388,0.0
2015-12-16,3.413,3.413,3.413,3.413,0.0
2015-12-17,3.437,3.437,3.437,3.437,0.0
2015-12-18,3.426,3.426,3.426,3.426,0.0
2015-12-21,3.418,3.418,3.418,3.418,0.0
2015-12-22,3.428,3.428,3.428,3.428,0.0
2015-12-23,3.42,3.42,3.42,3.42,0.0
2015-12-24,3.42,3.42,3.42,3.42,0.0
2015-12-28,3.455,3.455,3.455,3.455,0.0
2015-12-29,3.44,3.44,3.44,3.44,0.0
2015-12-30,3.431,3.431,3.431,3.431,0.0
2015-12-31,3.434,3.434,3.434,3.434,0.0
2016-01-04,3.414,3.414,3.414,3.414,0.0
2016-01-05,3.393,3.393,3.393,3.393,0.0
2016-01-06,3.391,3.391,3.391,3.391,0.0
2016-01-07,3.412,3.412,3.412,3.412,0.0
2016-01-08,3.391,3.391,3.391,3.391,0.0
2016-01-11,3.362,3.362,3.362,3.362,0.0
2016-01-12,3.332,3.332,3.332,3.332,0.0
2016-01-13,3.349,3.349,3.349,3.349,0.0
2016-01-14,3.362,3.362,3.362,3.362,0.0
2016-01-15,3.347,3.347,3.347,3.347,0.0
2016-01-19,3.349,3.349,3.349,3.349,0.0
2016-01-20,3.347,3.347,3.347,3.347,0.0
2016-01-21,3.355,3.355,3.355,3.355,0.0
2016-01-22,3.35,3.35,3.35,3.35,0.0
2016-01-25,3.346,3.346,3.346,3.346,0.0
2016-01-26,3.33,3.33,3.33,3.33,0.0
2016-01-27,3.332,3.332,3.332,3.332,0.0
2016-01-28,3.368,3.368,3.368,3.368,0.0
2016-01-29,3.35,3.35,3.35,3.35,0.0
2016-02-01,3.307,3.307,3.307,3.307,0.0
2016-02-02,3.242,3.242,3.242,3.242,0.0
2016-02-03,3.282,3.282,3.282,3.282,0.0
2016-02-04,3.285,3.285,3.285,3.285,0.0
2016-02-05,3.283,3.283,3.283,3.283,4.0
2016-02-08,3.226,3.226,3.226,3.226,0.0
2016-02-09,3.189,3.189,3.189,3.189,0.0
2016-02-10,3.153,3.153,3.153,3.153,0.0
2016-02-11,3.111,3.111,3.111,3.111,0.0
2016-02-12,3.083,3.083,3.083,3.083,0.0
2016-02-16,3.049,3.049,3.049,3.049,0.0
2016-02-17,3.042,3.042,3.042,3.042,0.0
2016-02-18,3.018,3.018,3.018,3.018,0.0
2016-02-19,2.986,2.986,2.986,2.986,0.0
2016-02-22,2.925,2.925,2.925,2.925,0.0
2016-02-23,2.943,2.943,2.943,2.943,0.0
2016-02-24,2.96,2.96,2.96,2.96,0.0
2016-02-25,2.931,2.931,2.931,2.931,0.0
2016-02-26,2.946,2.946,2.946,2.946,0.0
2016-02-29,2.997,2.997,2.997,2.997,0.0
2016-03-01,3.036,3.036,3.036,3.036,0.0
2016-03-02,3.035,3.035,3.035,3.035,0.0
2016-03-03,3.035,3.035,3.035,3.035,0.0
2016-03-04,3.034,3.034,3.034,3.034,0.0
2016-03-07,3.041,3.041,3.041,3.041,0.0
2016-03-08,3.047,3.047,3.047,3.047,0.0
2016-03-09,3.088,3.088,3.088,3.088,0.0
2016-03-10,3.111,3.111,3.111,3.111,0.0
2016-03-11,3.13,3.13,3.13,3.13,0.0
2016-03-14,3.122,3.122,3.122,3.122,0.0
2016-03-15,3.121,3.121,3.121,3.121,0.0
2016-03-16,3.131,3.131,3.131,3.131,0.0
2016-03-17,3.136,3.136,3.136,3.136,0.0
2016-03-18,3.126,3.126,3.126,3.126,0.0
2016-03-21,3.113,3.113,3.113,3.113,0.0
2016-03-22,3.136,3.136,3.136,3.136,0.0
2016-03-23,3.156,3.156,3.156,3.156,0.0
2016-03-24,3.183,3.183,3.183,3.183,0.0
2016-03-28,3.251,3.251,3.251,3.251,0.0
2016-03-29,3.268,3.268,3.268,3.268,0.0
2016-03-30,3.26,3.26,3.26,3.26,0.0
2016-03-31,3.274,3.274,3.274,3.274,0.0
2016-04-01,3.28,3.28,3.28,3.28,0.0
2016-04-04,3.284,3.284,3.284,3.284,0.0
2016-04-05,3.292,3.292,3.292,3.292,0.0
2016-04-06,3.304,3.304,3.304,3.304,0.0
2016-04-07,3.309,3.309,3.309,3.309,0.0
2016-04-08,3.324,3.324,3.324,3.324,0.0
2016-04-11,3.319,3.319,3.319,3.319,0.0
2016-04-12,3.315,3.315,3.315,3.315,0.0
2016-04-13,3.317,3.317,3.317,3.317,0.0
2016-04-14,3.315,3.315,3.315,3.315,0.0
2016-04-15,3.29,3.29,3.29,3.29,0.0
2016-04-18,3.294,3.294,3.294,3.294,0.0
2016-04-19,3.288,3.288,3.288,3.288,0.0
2016-04-20,3.285,3.285,3.285,3.285,0.0
2016-04-21,3.312,3.312,3.312,3.312,0.0
2016-04-22,3.306,3.306,3.306,3.306,0.0
2016-04-25,3.32,3.32,3.32,3.32,0.0
2016-04-26,3.356,3.356,3.356,3.356,0.0
2016-04-27,3.368,3.368,3.368,3.368,0.0
2016-04-28,3.364,3.364,3.364,3.364,0.0
2016-04-29,3.362,3.362,3.362,3.362,0.0
2016-05-02,3.342,3.342,3.342,3.342,0.0
2016-05-03,3.345,3.345,3.345,3.345,0.0
2016-05-04,3.354,3.354,3.354,3.354,0.0
2016-05-05,3.377,3.377,3.377,3.377,0.0
2016-05-06,3.366,3.366,3.366,3.366,0.0
2016-05-09,3.354,3.354,3.354,3.354,0.0
2016-05-10,3.328,3.328,3.328,3.328,0.0
2016-05-11,3.324,3.324,3.324,3.324,0.0
2016-05-12,3.312,3.312,3.312,3.312,0.0
2016-05-13,3.296,3.296,3.296,3.296,0.0
2016-05-16,3.297,3.297,3.297,3.297,0.0
2016-05-17,3.281,3.281,3.281,3.281,0.0
2016-05-18,3.26,3.26,3.26,3.26,0.0
2016-05-19,3.282,3.282,3.282,3.282,0.0
2016-05-20,3.27,3.27,3.27,3.27,0.0
2016-05-23,3.272,3.272,3.272,3.272,0.0
2016-05-24,3.285,3.285,3.285,3.285,0.0
2016-05-25,3.33,3.33,3.33,3.33,0.0
2016-05-26,3.356,3.356,3.356,3.356,0.0
2016-05-27,3.363,3.363,3.363,3.363,0.0
2016-05-31,3.37,3.37,3.37,3.37,0.0
2016-06-01,3.361,3.361,3.361,3.361,0.0
2016-06-02,3.362,3.362,3.362,3.362,0.0
2016-06-03,3.348,3.348,3.348,3.348,0.0
2016-06-06,3.345,3.345,3.345,3.345,0.0
2016-06-07,3.364,3.364,3.364,3.364,0.0
2016-06-08,3.362,3.362,3.362,3.362,0.0
2016-06-09,3.354,3.354,3.354,3.354,0.0
2016-06-10,3.336,3.336,3.336,3.336,0.0
2016-06-13,3.29,3.29,3.29,3.29,0.0
2016-06-14,3.273,3.273,3.273,3.273,0.0
2016-06-15,3.273,3.273,3.273,3.273,0.0
2016-06-16,3.273,3.273,3.273,3.273,0.0
2016-06-17,3.243,3.243,3.243,3.243,0.0
2016-06-20,3.235,3.235,3.235,3.235,0.0
2016-06-21,3.225,3.225,3.225,3.225,0.0
2016-06-22,3.232,3.232,3.232,3.232,0.0
2016-06-23,3.238,3.238,3.238,3.238,0.0
2016-06-24,3.256,3.256,3.256,3.256,0.0
2016-06-27,3.236,3.236,3.236,3.236,0.0
2016-06-28,3.268,3.268,3.268,3.268,0.0
2016-06-29,3.264,3.264,3.264,3.264,0.0
2016-06-30,3.279,3.279,3.279,3.279,0.0
2016-07-01,3.283,3.283,3.283,3.283,0.0
2016-07-05,3.271,3.271,3.271,3.271,0.0
2016-07-06,3.293,3.293,3.293,3.293,0.0
2016-07-07,3.291,3.291,3.291,3.291,0.0
2016-07-08,3.293,3.293,3.293,3.293,0.0
2016-07-11,3.289,3.289,3.289,3.289,0.0
2016-07-12,3.285,3.285,3.285,3.285,0.0
2016-07-13,3.296,3.296,3.296,3.296,0.0
2016-07-14,3.298,3.298,3.298,3.298,0.0
2016-07-15,3.285,3.285,3.285,3.285,0.0
2016-07-18,3.286,3.286,3.286,3.286,0.0
2016-07-19,3.272,3.272,3.272,3.272,0.0
2016-07-20,3.261,3.261,3.261,3.261,0.0
2016-07-21,3.269,3.269,3.269,3.269,0.0
2016-07-22,3.278,3.278,3.278,3.278,0.0
2016-07-25,3.284,3.284,3.284,3.284,0.0
2016-07-26,3.282,3.282,3.282,3.282,0.0
2016-07-27,3.272,3.272,3.272,3.272,0.0
2016-07-28,3.275,3.275,3.275,3.275,0.0
2016-07-29,3.277,3.277,3.277,3.277,0.0
2016-08-01,3.265,3.265,3.265,3.265,0.0
2016-08-02,3.27,3.27,3.27,3.27,0.0
2016-08-03,3.272,3.272,3.272,3.272,0.0
2016-08-04,3.292,3.292,3.292,3.292,0.0
2016-08-05,3.289,3.289,3.289,3.289,0.0
2016-08-08,3.292,3.292,3.292,3.292,0.0
2016-08-09,3.288,3.288,3.288,3.288,0.0
2016-08-10,3.269,3.269,3.269,3.269,0.0
2016-08-11,3.258,3.258,3.258,3.258,0.0
2016-08-12,3.255,3.255,3.255,3.255,0.0
2016-08-15,3.252,3.252,3.252,3.252,0.0
2016-08-16,3.261,3.261,3.261,3.261,0.0
2016-08-17,3.282,3.282,3.282,3.282,0.0
2016-08-18,3.283,3.283,3.283,3.283,0.0
2016-08-19,3.278,3.278,3.278,3.278,0.0
2016-08-22,3.271,3.271,3.271,3.271,0.0
2016-08-23,3.291,3.291,3.291,3.291,0.0
2016-08-24,3.315,3.315,3.315,3.315,0.0
2016-08-25,3.279,3.279,3.279,3.279,0.0
2016-08-26,3.256,3.256,3.256,3.256,0.0
2016-08-29,3.249,3.249,3.249,3.249,0.0
2016-08-30,3.241,3.241,3.241,3.241,0.0
2016-08-31,3.263,3.263,3.263,3.263,0.0
2016-09-01,3.226,3.226,3.226,3.226,0.0
2016-09-02,3.22,3.22,3.22,3.22,0.0
2016-09-06,3.217,3.217,3.217,3.217,0.0
2016-09-07,3.203,3.203,3.203,3.203,0.0
2016-09-08,3.212,3.212,3.212,3.212,0.0
2016-09-09,3.186,3.186,3.186,3.186,0.0
2016-09-12,3.188,3.188,3.188,3.188,0.0
2016-09-13,3.174,3.174,3.174,3.174,0.0
2016-09-14,3.178,3.178,3.178,3.178,0.0
2016-09-15,3.17,3.17,3.17,3.17,0.0
2016-09-16,3.16,3.16,3.16,3.16,0.0
2016-09-19,3.151,3.151,3.151,3.151,0.0
2016-09-20,3.153,3.153,3.153,3.153,0.0
2016-09-21,3.158,3.158,3.158,3.158,0.0
2016-09-22,3.139,3.139,3.139,3.139,0.0
2016-09-23,3.148,3.148,3.148,3.148,0.0
2016-09-26,3.17,3.17,3.17,3.17,0.0
2016-09-27,3.143,3.143,3.143,3.143,0.0
2016-09-28,3.118,3.118,3.118,3.118,0.0
2016-09-29,3.085,3.085,3.085,3.085,0.0
2016-09-30,3.074,3.074,3.074,3.074,4.0
2016-10-03,3.084,3.084,3.084,3.084,0.0
2016-10-04,3.065,3.065,3.065,3.065,0.0
2016-10-05,3.097,3.097,3.097,3.097,0.0
2016-10-06,3.093,3.093,3.093,3.093,0.0
2016-10-07,3.114,3.114,3.114,3.114,0.0
2016-10-10,3.11,3.11,3.11,3.11,0.0
2016-10-11,3.176,3.176,3.176,3.176,0.0
2016-10-12,3.159,3.159,3.159,3.159,0.0
2016-10-13,3.165,3.165,3.164,3.164,3.0
2016-10-14,3.157,3.157,3.157,3.157,0.0
2016-10-17,3.169,3.169,3.169,3.169,0.0
2016-10-18,3.178,3.178,3.178,3.178,0.0
2016-10-19,3.169,3.169,3.169,3.169,0.0
2016-10-20,3.169,3.169,3.169,3.169,0.0
2016-10-21,3.177,3.177,3.177,3.177,0.0
2016-10-24,3.175,3.175,3.175,3.175,0.0
2016-10-25,3.161,3.161,3.161,3.161,0.0
2016-10-26,3.139,3.139,3.139,3.139,0.0
2016-10-27,3.168,3.168,3.168,3.168,0.0
2016-10-28,3.185,3.185,3.185,3.185,0.0
2016-10-31,3.178,3.178,3.178,3.178,0.0
2016-11-01,3.168,3.168,3.168,3.168,0.0
2016-11-02,3.151,3.151,3.151,3.151,0.0
2016-11-03,3.149,3.149,3.149,3.149,0.0
2016-11-04,3.136,3.136,3.136,3.136,0.0
2016-11-07,3.142,3.142,3.142,3.142,0.0
2016-11-08,3.125,3.125,3.125,3.125,0.0
2016-11-09,3.123,3.123,3.123,3.123,0.0
2016-11-10,3.127,3.127,3.127,3.127,0.0
2016-11-11,3.128,3.128,3.128,3.128,0.0
2016-11-14,3.129,3.129,3.129,3.129,0.0
2016-11-15,3.104,3.104,3.104,3.104,0.0
2016-11-16,3.114,3.114,3.114,3.114,0.0
2016-11-17,3.151,3.151,3.151,3.151,0.0
2016-11-18,3.165,3.165,3.165,3.165,0.0
2016-11-21,3.164,3.164,3.164,3.164,0.0
2016-11-22,3.136,3.136,3.136,3.136,0.0
2016-11-23,3.127,3.127,3.127,3.127,0.0
2016-11-25,3.126,3.126,3.126,3.126,0.0
2016-11-28,3.118,3.118,3.118,3.118,0.0
2016-11-29,3.091,3.091,3.091,3.091,0.0
2016-11-30,3.084,3.084,3.084,3.084,0.0
2016-12-01,3.117,3.117,3.117,3.117,0.0
2016-12-02,3.108,3.108,3.108,3.108,0.0
2016-12-05,3.105,3.105,3.105,3.105,0.0
2016-12-06,3.081,3.081,3.081,3.081,0.0
2016-12-07,3.099,3.099,3.099,3.099,0.0
2016-12-08,3.13,3.13,3.13,3.13,0.0
2016-12-09,3.105,3.105,3.105,3.105,0.0
2016-12-12,3.095,3.095,3.095,3.095,0.0
2016-12-13,3.081,3.081,3.081,3.081,0.0
2016-12-14,3.06,3.06,3.06,3.06,0.0
2016-12-15,3.07,3.07,3.07,3.07,0.0
2016-12-16,3.083,3.083,3.083,3.083,0.0
2016-12-19,3.1,3.1,3.1,3.1,0.0
2016-12-20,3.064,3.064,3.064,3.064,0.0
2016-12-21,3.088,3.088,3.088,3.088,0.0
2016-12-22,3.05,3.056,3.05,3.056,1.0
2016-12-23,3.054,3.054,3.054,3.054,0.0
2016-12-27,3.062,3.062,3.062,3.062,0.0
2016-12-28,3.077,3.077,3.077,3.077,0.0
2016-12-29,3.084,3.084,3.084,3.084,0.0
2016-12-30,3.082,3.082,3.082,3.082,0.0
2017-01-03,3.073,3.073,3.073,3.073,0.0
2017-01-04,3.066,3.066,3.066,3.066,0.0
2017-01-05,3.082,3.082,3.082,3.082,0.0
2017-01-06,3.071,3.071,3.071,3.071,0.0
2017-01-09,3.058,3.058,3.058,3.058,0.0
2017-01-10,3.089,3.089,3.089,3.089,0.0
2017-01-11,3.078,3.078,3.078,3.078,0.0
2017-01-12,3.091,3.091,3.091,3.091,0.0
2017-01-13,3.068,3.068,3.068,3.068,0.0
2017-01-17,3.067,3.067,3.067,3.067,0.0
2017-01-18,3.075,3.075,3.075,3.075,0.0
2017-01-19,3.079,3.079,3.079,3.079,0.0
2017-01-20,3.064,3.064,3.064,3.064,0.0
2017-01-23,3.071,3.071,3.071,3.071,0.0
2017-01-24,3.065,3.065,3.065,3.065,0.0
2017-01-25,3.056,3.056,3.056,3.056,0.0
2017-01-26,3.057,3.057,3.057,3.057,0.0
2017-01-27,3.044,3.044,3.044,3.044,0.0
2017-01-30,3.049,3.049,3.049,3.049,0.0
2017-01-31,3.046,3.046,3.046,3.046,0.0
2017-02-01,3.043,3.043,3.043,3.043,0.0
2017-02-02,3.046,3.046,3.046,3.046,0.0
2017-02-03,3.029,3.029,3.029,3.029,0.0
2017-02-06,3.03,3.03,3.03,3.03,0.0
2017-02-07,3.052,3.052,3.052,3.052,0.0
2017-02-08,3.042,3.042,3.042,3.042,0.0
2017-02-09,3.043,3.043,3.043,3.043,0.0
2017-02-10,3.023,3.023,3.023,3.023,0.0
2017-02-13,3.022,3.022,3.022,3.022,0.0
2017-02-14,3.021,3.021,3.021,3.021,0.0
2017-02-15,3.023,3.023,3.023,3.023,0.0
2017-02-16,3.032,3.032,3.032,3.032,0.0
2017-02-17,3.028,3.028,3.028,3.028,0.0
2017-02-21,3.012,3.012,3.012,3.012,0.0
2017-02-22,3.015,3.015,3.015,3.015,0.0
2017-02-23,3.018,3.018,3.018,3.018,0.0
2017-02-24,3.011,3.011,3.011,3.011,0.0
2017-02-27,3.009,3.009,3.009,3.009,0.0
2017-02-28,3.018,3.018,3.018,3.018,0.0
2017-03-01,3.035,3.035,3.035,3.035,0.0
2017-03-02,3.034,3.034,3.034,3.034,0.0
2017-03-03,3.042,3.042,3.042,3.042,0.0
2017-03-06,3.037,3.037,3.037,3.037,0.0
2017-03-07,3.034,3.034,3.034,3.034,0.0
2017-03-08,3.031,3.031,3.031,3.031,0.0
2017-03-09,3.025,3.025,3.025,3.025,0.0
2017-03-10,3.018,3.018,3.018,3.018,0.0
2017-03-13,3.0,3.011,3.0,3.011,14.0
2017-03-14,3.006,3.006,3.006,3.006,0.0
2017-03-15,2.995,2.995,2.995,2.995,8.0
2017-03-16,3.017,3.017,3.017,3.017,0.0
2017-03-17,3.021,3.021,3.021,3.021,0.0
2017-03-20,3.029,3.029,3.029,3.029,0.0
2017-03-21,3.031,3.031,3.031,3.031,0.0
2017-03-22,3.031,3.031,3.031,3.031,0.0
2017-03-23,3.046,3.046,3.039,3.039,26.0
2017-03-24,3.022,3.022,3.022,3.022,0.0
2017-03-27,3.022,3.022,3.018,3.018,4.0
2017-03-28,3.022,3.022,2.994,2.994,20.0
2017-03-29,3.015,3.015,3.015,3.015,0.0
2017-03-30,3.007,3.007,3.007,3.007,0.0
2017-03-31,3.0,3.001,3.0,3.001,5.0
2017-04-03,3.008,3.008,3.008,3.008,0.0
2017-04-04,3.003,3.003,3.003,3.003,0.0
2017-04-05,3.027,3.027,3.027,3.027,2.0
2017-04-06,3.009,3.009,3.009,3.009,0.0
2017-04-07,3.014,3.014,3.014,3.014,0.0
2017-04-10,3.014,3.014,3.014,3.014,0.0
2017-04-11,3.027,3.027,3.027,3.027,0.0
2017-04-12,3.03,3.03,3.03,3.03,0.0
2017-04-13,3.057,3.057,3.057,3.057,0.0
2017-04-17,3.055,3.055,3.055,3.055,0.0
2017-04-18,3.084,3.084,3.084,3.084,0.0
2017-04-19,3.093,3.093,3.093,3.093,0.0
2017-04-20,3.127,3.127,3.127,3.127,0.0
2017-04-21,3.104,3.104,3.104,3.104,0.0
2017-04-24,3.093,3.093,3.093,3.093,0.0
2017-04-25,3.098,3.098,3.098,3.098,0.0
2017-04-26,3.105,3.105,3.105,3.105,0.0
2017-04-27,3.093,3.093,3.093,3.093,0.0
2017-04-28,3.094,3.094,3.094,3.094,0.0
2017-05-01,3.057,3.057,3.057,3.057,0.0
2017-05-02,3.05,3.054,3.05,3.054,4.0
2017-05-03,3.068,3.068,3.068,3.068,0.0
2017-05-04,3.076,3.076,3.076,3.076,0.0
2017-05-05,3.087,3.087,3.087,3.087,0.0
2017-05-08,3.059,3.059,3.059,3.059,0.0
2017-05-09,3.057,3.057,3.057,3.057,0.0
2017-05-10,3.052,3.052,3.052,3.052,0.0
2017-05-11,3.05,3.05,3.05,3.05,0.0
2017-05-12,3.06,3.06,3.052,3.052,3.0
2017-05-15,3.042,3.042,3.042,3.042,0.0
2017-05-16,3.054,3.054,3.054,3.054,0.0
2017-05-17,3.067,3.067,3.067,3.067,0.0
2017-05-18,3.061,3.061,3.061,3.061,0.0
2017-05-19,3.054,3.054,3.054,3.054,0.0
2017-05-22,3.056,3.056,3.056,3.056,0.0
2017-05-23,3.053,3.053,3.053,3.053,0.0
2017-05-24,3.042,3.042,3.042,3.042,0.0
2017-05-25,3.043,3.043,3.043,3.043,0.0
2017-05-26,3.032,3.032,3.032,3.032,0.0
2017-05-30,3.038,3.038,3.038,3.038,0.0
2017-05-31,3.028,3.028,3.028,3.028,0.0
2017-06-01,3.022,3.022,3.022,3.022,0.0
2017-06-02,3.032,3.032,3.032,3.032,0.0
2017-06-05,3.027,3.027,3.027,3.027,0.0
2017-06-06,3.017,3.017,3.017,3.017,0.0
2017-06-07,3.013,3.013,3.013,3.013,0.0
2017-06-08,3.027,3.027,3.027,3.027,0.0
2017-06-09,3.023,3.023,3.023,3.023,0.0
2017-06-12,3.024,3.024,3.024,3.024,0.0
2017-06-13,3.029,3.029,3.029,3.029,0.0
2017-06-14,3.021,3.021,3.021,3.021,0.0
2017-06-15,3.038,3.038,3.038,3.038,0.0
2017-06-16,3.028,3.028,3.028,3.028,0.0
2017-06-19,3.022,3.022,3.022,3.022,0.0
2017-06-20,3.042,3.042,3.039,3.039,2.0
2017-06-21,3.049,3.049,3.049,3.049,0.0
2017-06-22,3.052,3.052,3.052,3.052,0.0
2017-06-23,3.045,3.045,3.045,3.045,0.0
2017-06-26,3.031,3.031,3.031,3.031,0.0
2017-06-27,3.027,3.027,3.027,3.027,0.0
2017-06-28,3.013,3.013,3.013,3.013,0.0
2017-06-29,3.018,3.018,3.018,3.018,0.0
2017-06-30,3.031,3.031,3.031,3.031,0.0
2017-07-03,3.024,3.024,3.024,3.024,0.0
2017-07-05,2.988,2.988,2.988,2.988,0.0
2017-07-06,2.973,2.973,2.973,2.973,0.0
2017-07-07,2.968,2.968,2.968,2.968,0.0
2017-07-10,2.978,2.978,2.978,2.978,0.0
2017-07-11,2.982,2.982,2.982,2.982,0.0
2017-07-12,2.963,2.963,2.963,2.963,1.0
2017-07-13,2.979,2.979,2.979,2.979,0.0
2017-07-14,2.983,2.983,2.983,2.983,0.0
2017-07-17,2.989,2.989,2.989,2.989,0.0
2017-07-18,3.008,3.008,3.008,3.008,0.0
2017-07-19,2.993,2.993,2.993,2.993,0.0
2017-07-20,2.985,2.985,2.985,2.985,0.0
2017-07-21,2.971,2.971,2.971,2.971,0.0
2017-07-24,2.923,2.923,2.923,2.923,30.0
2017-07-25,2.931,2.931,2.931,2.931,0.0
2017-07-26,2.929,2.929,2.929,2.929,0.0
2017-07-27,2.93,2.93,2.93,2.93,0.0
2017-07-28,2.957,2.957,2.947,2.947,1.0
2017-07-31,2.935,2.935,2.935,2.935,0.0
2017-08-01,2.958,2.958,2.948,2.948,1.0
2017-08-02,2.956,2.956,2.956,2.956,0.0
2017-08-03,2.961,2.97,2.961,2.97,5.0
2017-08-04,2.96,2.96,2.96,2.96,0.0
2017-08-07,2.961,2.961,2.961,2.961,0.0
2017-08-08,2.972,2.972,2.972,2.972,0.0
2017-08-09,2.963,2.963,2.963,2.963,0.0
2017-08-10,2.982,2.982,2.964,2.964,2.0
2017-08-11,2.966,2.966,2.966,2.966,0.0
2017-08-14,2.967,2.967,2.967,2.967,0.0
2017-08-15,2.96,2.96,2.957,2.957,1.0
2017-08-16,2.947,2.947,2.947,2.947,0.0
2017-08-17,2.953,2.953,2.953,2.953,40.0
2017-08-18,2.956,2.956,2.956,2.956,0.0
2017-08-21,2.953,2.953,2.953,2.953,0.0
2017-08-22,2.942,2.942,2.942,2.942,0.0
2017-08-23,2.944,2.944,2.944,2.944,0.0
2017-08-24,2.925,2.925,2.925,2.925,0.0
2017-08-25,2.912,2.912,2.912,2.912,0.0
2017-08-28,2.925,2.925,2.925,2.925,0.0
2017-08-29,2.925,2.925,2.925,2.925,0.0
2017-08-30,2.927,2.927,2.927,2.927,0.0
2017-08-31,2.94,2.94,2.94,2.94,0.0
2017-09-01,2.945,2.946,2.945,2.946,0.0
2017-09-05,2.942,2.942,2.942,2.942,3.0
2017-09-06,2.941,2.941,2.941,2.941,0.0
2017-09-07,2.974,2.974,2.967,2.967,1.0
2017-09-08,2.973,2.973,2.973,2.973,0.0
2017-09-11,2.986,2.986,2.986,2.986,0.0
2017-09-12,2.991,2.991,2.991,2.991,0.0
2017-09-13,2.978,2.978,2.978,2.978,0.0
2017-09-14,2.995,2.995,2.995,2.995,0.0
2017-09-15,3.005,3.005,3.005,3.005,0.0
2017-09-18,3.022,3.022,3.022,3.022,0.0
2017-09-19,3.016,3.016,3.016,3.016,0.0
2017-09-20,3.014,3.014,3.014,3.014,0.0
2017-09-21,3.003,3.003,3.003,3.003,0.0
2017-09-22,3.025,3.025,3.025,3.025,0.0
2017-09-25,2.999,2.999,2.999,2.999,0.0
2017-09-26,3.009,3.009,3.009,3.009,0.0
2017-09-27,3.024,3.024,3.023,3.023,10.0
2017-09-28,3.017,3.017,3.017,3.017,0.0
2017-09-29,3.008,3.008,3.008,3.008,0.0
2017-10-02,3.015,3.015,3.015,3.015,0.0
2017-10-03,3.024,3.024,3.024,3.024,0.0
2017-10-04,3.021,3.021,3.021,3.021,0.0
2017-10-05,3.024,3.024,3.024,3.024,0.0
2017-10-06,3.014,3.014,3.014,3.014,0.0
2017-10-09,3.023,3.023,3.023,3.023,0.0
2017-10-10,3.029,3.029,3.029,3.029,0.0
2017-10-11,3.014,3.014,3.014,3.014,0.0
2017-10-12,3.027,3.027,3.027,3.027,0.0
2017-10-13,3.035,3.035,3.028,3.028,3.0
2017-10-16,3.044,3.044,3.044,3.044,0.0
2017-10-17,3.032,3.032,3.032,3.032,0.0
2017-10-18,3.034,3.034,3.034,3.034,0.0
2017-10-19,3.04,3.04,3.04,3.04,0.0
2017-10-20,3.052,3.052,3.052,3.052,0.0
2017-10-23,3.043,3.043,3.043,3.043,0.0
2017-10-24,3.037,3.037,3.037,3.037,0.0
2017-10-25,3.039,3.039,3.037,3.037,2.0
2017-10-26,3.047,3.047,3.04,3.04,3.0
2017-10-27,3.038,3.038,3.032,3.032,3.0
2017-10-30,3.054,3.054,3.054,3.054,0.0
2017-10-31,3.048,3.048,3.048,3.048,5.0
2017-11-01,3.053,3.053,3.053,3.053,0.0
2017-11-02,3.047,3.047,3.047,3.047,0.0
2017-11-03,3.042,3.042,3.042,3.042,0.0
2017-11-06,3.045,3.045,3.045,3.045,2.0
2017-11-07,3.038,3.038,3.038,3.038,0.0
2017-11-08,3.038,3.038,3.038,3.038,0.0
2017-11-09,3.042,3.042,3.042,3.042,1.0
2017-11-10,3.038,3.038,3.038,3.038,0.0
2017-11-13,3.038,3.038,3.038,3.038,0.0
2017-11-14,3.036,3.036,3.036,3.036,0.0
2017-11-15,3.044,3.044,3.044,3.044,0.0
2017-11-16,3.054,3.054,3.054,3.054,0.0
2017-11-17,3.054,3.054,3.054,3.054,0.0
2017-11-20,3.057,3.057,3.052,3.052,4.0
2017-11-21,3.057,3.057,3.057,3.057,0.0
2017-11-22,3.044,3.044,3.044,3.044,0.0
2017-11-24,3.038,3.038,3.038,3.038,0.0
2017-11-27,3.047,3.047,3.047,3.047,25.0
2017-11-28,3.048,3.048,3.048,3.048,0.0
2017-11-29,3.059,3.059,3.059,3.059,21.0
2017-11-30,3.044,3.044,3.044,3.044,0.0
2017-12-01,3.036,3.036,3.036,3.036,0.0
2017-12-04,2.999,2.999,2.999,2.999,0.0
2017-12-05,3.01,3.01,3.01,3.01,0.0
2017-12-06,3.001,3.001,3.001,3.001,0.0
2017-12-07,2.99,2.99,2.99,2.99,0.0
2017-12-08,2.995,2.995,2.995,2.995,0.0
2017-12-11,2.994,2.994,2.994,2.994,0.0
2017-12-12,2.974,2.974,2.974,2.974,5.0
2017-12-13,2.986,2.986,2.986,2.986,4.0
2017-12-14,2.995,2.995,2.995,2.995,0.0
2017-12-15,2.98,2.98,2.98,2.98,0.0
2017-12-18,3.001,3.001,3.001,3.001,211.0
2017-12-19,2.995,2.995,2.995,2.995,0.0
2017-12-20,2.981,2.981,2.981,2.981,0.0
2017-12-21,2.985,2.985,2.985,2.985,0.0
2017-12-22,3.008,3.008,3.008,3.008,0.0
2017-12-26,3.007,3.007,3.007,3.007,0.0
2017-12-27,2.996,2.996,2.996,2.996,0.0
2017-12-28,3.0,3.0,3.0,3.0,0.0
2017-12-29,3.008,3.008,3.008,3.008,0.0
2018-01-02,3.001,3.001,3.001,3.001,0.0
2018-01-03,3.006,3.006,3.006,3.006,0.0
2018-01-04,2.993,2.993,2.993,2.993,50.0
2018-01-05,2.982,2.982,2.982,2.982,1.0
2018-01-08,2.992,2.992,2.992,2.992,0.0
2018-01-09,2.985,2.985,2.985,2.985,0.0
2018-01-10,3.0,3.0,3.0,3.0,20.0
2018-01-11,3.006,3.006,3.006,3.006,0.0
2018-01-12,3.004,3.004,3.004,3.004,0.0
2018-01-16,2.987,2.987,2.987,2.987,0.0
2018-01-17,2.985,2.985,2.985,2.985,0.0
2018-01-18,2.982,2.982,2.982,2.982,0.0
2018-01-19,2.981,2.981,2.981,2.981,0.0
2018-01-22,3.008,3.008,3.008,3.008,30.0
2018-01-23,3.01,3.01,3.01,3.01,2.0
2018-01-24,3.012,3.012,3.012,3.012,151.0
2018-01-25,3.005,3.005,3.005,3.005,0.0
2018-01-26,2.991,2.991,2.991,2.991,0.0
2018-01-29,2.991,2.991,2.991,2.991,50.0
2018-01-30,2.985,2.985,2.985,2.985,18.0
2018-01-31,2.981,2.981,2.981,2.981,78.0
2018-02-01,2.987,2.987,2.987,2.987,0.0
2018-02-02,2.995,2.995,2.995,2.995,0.0
2018-02-05,2.988,2.988,2.988,2.988,75.0
2018-02-06,2.994,2.994,2.994,2.994,0.0
2018-02-07,2.981,2.981,2.981,2.981,0.0
2018-02-08,2.972,2.972,2.972,2.972,0.0
2018-02-09,2.95,2.95,2.95,2.95,0.0
2018-02-12,2.943,2.947,2.943,2.947,57.0
2018-02-13,2.947,2.947,2.947,2.947,0.0
2018-02-14,2.945,2.945,2.945,2.945,0.0
2018-02-15,2.939,2.939,2.939,2.939,0.0
2018-02-16,2.944,2.944,2.944,2.944,0.0
2018-02-20,2.942,2.942,2.942,2.942,0.0
2018-02-21,2.959,2.959,2.959,2.959,0.0
2018-02-22,2.959,2.959,2.959,2.959,0.0
2018-02-23,2.953,2.953,2.953,2.953,0.0
2018-02-26,2.963,2.963,2.963,2.963,0.0
2018-02-27,2.96,2.96,2.95,2.95,4.0
2018-02-28,2.93,2.93,2.93,2.93,0.0
2018-03-01,2.939,2.939,2.939,2.939,20.0
2018-03-02,2.943,2.943,2.943,2.943,5.0
2018-03-05,2.957,2.957,2.957,2.957,0.0
2018-03-06,2.957,2.964,2.957,2.964,3.0
2018-03-07,2.954,2.954,2.954,2.954,0.0
2018-03-08,2.945,2.945,2.93,2.933,2.0
2018-03-09,2.919,2.919,2.919,2.919,0.0
2018-03-12,2.922,2.922,2.922,2.922,0.0
2018-03-13,2.922,2.922,2.922,2.922,0.0
2018-03-14,2.933,2.933,2.933,2.933,0.0
2018-03-15,2.948,2.948,2.948,2.948,0.0
2018-03-16,2.947,2.947,2.947,2.947,0.0
2018-03-19,2.939,2.939,2.939,2.939,0.0
2018-03-20,2.943,2.943,2.943,2.943,0.0
2018-03-21,2.938,2.938,2.936,2.936,4.0
2018-03-22,2.925,2.925,2.925,2.925,60.0
2018-03-23,2.917,2.919,2.917,2.919,16.0
2018-03-26,2.926,2.926,2.924,2.924,8.0
2018-03-27,2.945,2.945,2.945,2.945,0.0
2018-03-28,2.942,2.942,2.942,2.942,0.0
2018-03-29,2.958,2.958,2.958,2.958,0.0
2018-04-02,2.946,2.946,2.946,2.946,55.0
2018-04-03,2.939,2.939,2.939,2.939,8.0
2018-04-04,2.937,2.938,2.922,2.922,5.0
2018-04-05,2.93,2.93,2.93,2.93,0.0
2018-04-06,2.93,2.93,2.919,2.919,3.0
2018-04-09,2.918,2.918,2.918,2.918,0.0
2018-04-10,2.928,2.928,2.923,2.923,4.0
2018-04-11,2.928,2.928,2.928,2.928,0.0
2018-04-12,2.938,2.938,2.938,2.938,0.0
2018-04-13,2.932,2.932,2.932,2.932,0.0
2018-04-16,2.937,2.937,2.937,2.937,2.0
2018-04-17,2.928,2.928,2.928,2.928,0.0
2018-04-18,2.909,2.909,2.909,2.909,0.0
2018-04-19,2.872,2.872,2.872,2.872,100.0
2018-04-20,2.874,2.874,2.874,2.874,100.0
2018-04-23,2.868,2.868,2.868,2.868,0.0
2018-04-24,2.865,2.865,2.865,2.865,13.0
2018-04-25,2.859,2.859,2.857,2.857,25.0
2018-04-26,2.848,2.848,2.848,2.848,0.0
2018-04-27,2.836,2.836,2.836,2.836,2.0
2018-04-30,2.842,2.842,2.842,2.842,1.0
2018-05-01,2.84,2.842,2.84,2.842,1.0
2018-05-02,2.842,2.842,2.842,2.842,0.0
2018-05-03,2.835,2.835,2.835,2.835,0.0
2018-05-04,2.827,2.827,2.827,2.827,0.0
2018-05-07,2.827,2.827,2.825,2.825,3.0
2018-05-08,2.784,2.784,2.784,2.784,25.0
2018-05-09,2.778,2.778,2.778,2.778,2.0
2018-05-10,2.797,2.797,2.797,2.797,2.0
2018-05-11,2.795,2.795,2.795,2.795,0.0
2018-05-14,2.789,2.789,2.789,2.789,0.0
2018-05-15,2.776,2.776,2.776,2.776,10.0
2018-05-16,2.779,2.779,2.779,2.779,5.0
2018-05-17,2.793,2.793,2.793,2.793,0.0
2018-05-18,2.806,2.806,2.806,2.806,3.0
2018-05-21,2.815,2.815,2.812,2.812,88.0
2018-05-22,2.832,2.832,2.832,2.832,0.0
2018-05-23,2.827,2.827,2.827,2.827,0.0
2018-05-24,2.817,2.817,2.817,2.817,105.0
2018-05-25,2.801,2.81,2.801,2.808,17.0
2018-05-29,2.785,2.785,2.785,2.785,17.0
2018-05-30,2.789,2.789,2.789,2.789,0.0
2018-05-31,2.797,2.797,2.797,2.797,0.0
2018-06-01,2.801,2.801,2.801,2.801,35.0
2018-06-04,2.79,2.79,2.79,2.79,0.0
2018-06-05,2.785,2.788,2.785,2.788,3.0
2018-06-06,2.792,2.792,2.788,2.788,4.0
2018-06-07,2.808,2.808,2.776,2.776,4.0
2018-06-08,2.773,2.773,2.771,2.771,21.0
2018-06-11,2.766,2.766,2.766,2.766,0.0
2018-06-12,2.78,2.78,2.78,2.78,0.0
2018-06-13,2.79,2.79,2.787,2.787,1.0
2018-06-14,2.78,2.78,2.768,2.768,1.0
2018-06-15,2.768,2.768,2.761,2.761,1.0
2018-06-18,2.752,2.757,2.752,2.757,1.0
2018-06-19,2.755,2.755,2.749,2.749,2.0
2018-06-20,2.751,2.751,2.751,2.751,0.0
2018-06-21,2.754,2.754,2.754,2.754,0.0
2018-06-22,2.755,2.755,2.755,2.755,0.0
2018-06-25,2.752,2.752,2.752,2.752,0.0
2018-06-26,2.753,2.753,2.753,2.753,0.0
2018-06-27,2.758,2.758,2.758,2.758,0.0
2018-06-28,2.754,2.754,2.754,2.754,30.0
2018-06-29,2.755,2.755,2.755,2.755,0.0
2018-07-02,2.753,2.753,2.753,2.753,3.0
2018-07-03,2.755,2.755,2.755,2.755,0.0
2018-07-05,2.749,2.749,2.749,2.749,1.0
2018-07-06,2.745,2.745,2.745,2.745,0.0
2018-07-09,2.74,2.74,2.74,2.74,0.0
2018-07-10,2.74,2.74,2.74,2.74,0.0
2018-07-11,2.755,2.755,2.755,2.755,51.0
2018-07-12,2.744,2.744,2.744,2.744,0.0
2018-07-13,2.736,2.736,2.736,2.736,0.0
2018-07-16,2.736,2.736,2.722,2.722,5.0
2018-07-17,2.712,2.712,2.712,2.712,0.0
2018-07-18,2.713,2.715,2.7,2.7,9.0
2018-07-19,2.686,2.686,2.686,2.686,0.0
2018-07-20,2.682,2.682,2.682,2.682,0.0
2018-07-23,2.697,2.697,2.697,2.697,0.0
2018-07-24,2.697,2.697,2.697,2.697,0.0
2018-07-25,2.697,2.697,2.697,2.697,3.0
2018-07-26,2.692,2.692,2.692,2.692,0.0
2018-07-27,2.723,2.723,2.723,2.723,0.0
2018-07-30,2.707,2.728,2.707,2.722,2.0
2018-07-31,2.719,2.719,2.719,2.719,0.0
2018-08-01,2.69,2.69,2.69,2.69,0.0
2018-08-02,2.71,2.71,2.703,2.703,1.0
2018-08-03,2.708,2.708,2.708,2.708,0.0
2018-08-06,2.697,2.697,2.697,2.697,0.0
2018-08-07,2.686,2.686,2.686,2.686,66.0
2018-08-08,2.7,2.7,2.7,2.7,2.0
2018-08-09,2.717,2.717,2.717,2.717,0.0
2018-08-10,2.717,2.733,2.717,2.724,43.0
2018-08-13,2.729,2.729,2.729,2.729,6.0
2018-08-14,2.732,2.732,2.732,2.732,0.0
2018-08-15,2.727,2.727,2.727,2.727,0.0
2018-08-16,2.724,2.724,2.719,2.719,1.0
2018-08-17,2.734,2.734,2.723,2.723,56.0
2018-08-20,2.722,2.722,2.722,2.722,0.0
2018-08-21,2.719,2.719,2.719,2.719,1.0
2018-08-22,2.716,2.716,2.716,2.716,5.0
2018-08-23,2.719,2.719,2.719,2.719,0.0
2018-08-24,2.71,2.71,2.71,2.71,0.0
2018-08-27,2.687,2.687,2.687,2.687,25.0
2018-08-28,2.686,2.686,2.686,2.686,0.0
2018-08-29,2.688,2.688,2.688,2.688,1.0
2018-08-30,2.682,2.682,2.682,2.682,275.0
2018-08-31,2.697,2.701,2.697,2.701,3.0
2018-09-04,2.687,2.687,2.687,2.687,0.0
2018-09-05,2.686,2.686,2.686,2.686,15.0
2018-09-06,2.686,2.686,2.677,2.677,2.0
2018-09-07,2.685,2.69,2.683,2.683,1.0
2018-09-10,2.692,2.692,2.692,2.692,0.0
2018-09-11,2.698,2.698,2.698,2.698,0.0
2018-09-12,2.708,2.708,2.708,2.708,0.0
2018-09-13,2.721,2.721,2.715,2.715,23.0
2018-09-14,2.715,2.715,2.711,2.711,73.0
2018-09-17,2.716,2.716,2.716,2.716,22.0
2018-09-18,2.725,2.725,2.725,2.725,10.0
2018-09-19,2.707,2.707,2.707,2.707,35.0
2018-09-20,2.718,2.718,2.718,2.718,10.0
2018-09-21,2.714,2.714,2.714,2.714,105.0
2018-09-24,2.721,2.721,2.721,2.721,0.0
2018-09-25,2.721,2.722,2.716,2.716,45.0
2018-09-26,2.715,2.715,2.715,2.715,166.0
2018-09-27,2.69,2.69,2.69,2.69,140.0
2018-09-28,2.699,2.699,2.699,2.699,6.0
2018-10-01,2.697,2.697,2.697,2.697,5.0
2018-10-02,2.707,2.707,2.701,2.701,1.0
2018-10-03,2.703,2.703,2.703,2.703,0.0
2018-10-04,2.708,2.708,2.708,2.708,20.0
2018-10-05,2.714,2.714,2.714,2.714,10.0
2018-10-08,2.728,2.728,2.728,2.728,22.0
2018-10-09,2.734,2.734,2.734,2.734,9.0
2018-10-10,2.717,2.717,2.717,2.717,35.0
2018-10-11,2.725,2.725,2.725,2.725,38.0
2018-10-12,2.725,2.725,2.725,2.725,100.0
2018-10-15,2.726,2.726,2.726,2.726,30.0
2018-10-16,2.71,2.72,2.71,2.72,3.0
2018-10-17,2.72,2.72,2.713,2.713,41.0
2018-10-18,2.71,2.716,2.71,2.716,2.0
2018-10-19,2.71,2.718,2.702,2.718,57.0
2018-10-22,2.716,2.716,2.716,2.716,31.0
2018-10-23,2.716,2.718,2.716,2.718,1.0
2018-10-24,2.723,2.723,2.712,2.712,7.0
2018-10-25,2.707,2.707,2.703,2.703,16.0
2018-10-26,2.703,2.703,2.702,2.702,2.0
2018-10-29,2.712,2.712,2.712,2.712,0.0
2018-10-30,2.708,2.708,2.708,2.708,64.0
2018-10-31,2.718,2.718,2.718,2.718,0.0
2018-11-01,2.713,2.713,2.713,2.713,0.0
2018-11-02,2.711,2.726,2.711,2.726,53.0
2018-11-05,2.74,2.74,2.73,2.73,4.0
2018-11-06,2.74,2.75,2.74,2.74,48.0
2018-11-07,2.744,2.744,2.744,2.744,21.0
2018-11-08,2.751,2.751,2.751,2.751,35.0
2018-11-09,2.755,2.755,2.746,2.747,42.0
2018-11-12,2.775,2.775,2.775,2.775,76.0
2018-11-13,2.778,2.778,2.756,2.756,62.0
2018-11-14,2.743,2.743,2.743,2.743,30.0
2018-11-15,2.73,2.743,2.73,2.743,36.0
2018-11-16,2.748,2.748,2.742,2.742,21.0
2018-11-19,2.742,2.742,2.717,2.717,66.0
2018-11-20,2.698,2.698,2.698,2.698,26.0
2018-11-21,2.696,2.696,2.696,2.696,25.0
2018-11-23,2.724,2.724,2.724,2.724,0.0
2018-11-26,2.717,2.717,2.717,2.717,0.0
2018-11-27,2.713,2.713,2.713,2.713,11.0
2018-11-28,2.728,2.73,2.728,2.73,2.0
2018-11-29,2.725,2.725,2.725,2.725,171.0
2018-11-30,2.731,2.731,2.731,2.731,21.0
2018-12-03,2.726,2.726,2.726,2.726,0.0
2018-12-04,2.716,2.716,2.716,2.716,43.0
2018-12-05,2.725,2.725,2.719,2.719,85.0
2018-12-06,2.714,2.73,2.714,2.73,1.0
2018-12-07,2.74,2.74,2.732,2.732,104.0
2018-12-10,2.736,2.736,2.736,2.736,72.0
2018-12-11,2.731,2.731,2.707,2.707,178.0
2018-12-12,2.707,2.707,2.707,2.707,72.0
2018-12-13,2.702,2.702,2.695,2.695,3.0
2018-12-14,2.72,2.72,2.709,2.709,11.0
2018-12-17,2.72,2.72,2.706,2.71,65.0
2018-12-18,2.72,2.72,2.71,2.71,215.0
2018-12-19,2.71,2.71,2.707,2.707,61.0
2018-12-20,2.702,2.702,2.702,2.702,6.0
2018-12-21,2.709,2.709,2.709,2.709,496.0
2018-12-24,2.702,2.702,2.702,2.702,0.0
2018-12-26,2.707,2.707,2.707,2.707,0.0
2018-12-27,2.705,2.705,2.705,2.705,70.0
2018-12-28,2.69,2.69,2.69,2.69,43.0
2018-12-31,2.685,2.694,2.66,2.694,65.0
2019-01-02,2.675,2.675,2.675,2.675,55.0
2019-01-03,2.674,2.674,2.672,2.672,108.0
2019-01-04,2.692,2.692,2.692,2.692,32.0
2019-01-07,2.699,2.705,2.699,2.705,121.0
2019-01-08,2.718,2.723,2.718,2.723,325.0
2019-01-09,2.738,2.738,2.726,2.738,3.0
2019-01-10,2.747,2.747,2.747,2.747,23.0
2019-01-11,2.76,2.76,2.76,2.76,12.0
2019-01-14,2.753,2.753,2.753,2.753,56.0
2019-01-15,2.727,2.727,2.727,2.727,154.0
2019-01-16,2.704,2.704,2.704,2.704,795.0
2019-01-17,2.717,2.717,2.717,2.717,0.0
2019-01-18,2.73,2.73,2.73,2.73,0.0
2019-01-22,2.735,2.748,2.735,2.738,530.0
2019-01-23,2.745,2.747,2.732,2.732,214.0
2019-01-24,2.74,2.745,2.73,2.73,53.0
2019-01-25,2.73,2.73,2.73,2.73,6.0
2019-01-28,2.738,2.745,2.726,2.726,113.0
2019-01-29,2.72,2.72,2.72,2.72,19.0
2019-01-30,2.715,2.716,2.715,2.716,150.0
2019-01-31,2.704,2.71,2.695,2.695,861.0
2019-02-01,2.704,2.704,2.704,2.704,24.0
2019-02-04,2.698,2.698,2.698,2.698,85.0
2019-02-05,2.727,2.727,2.715,2.72,174.0
2019-02-06,2.73,2.73,2.725,2.725,100.0
2019-02-07,2.733,2.758,2.714,2.721,23.0
2019-02-08,2.736,2.736,2.736,2.736,19.0
2019-02-11,2.741,2.741,2.741,2.741,12.0
2019-02-12,2.751,2.751,2.751,2.751,9.0
2019-02-13,2.75,2.767,2.75,2.752,471.0
2019-02-14,2.75,2.759,2.75,2.759,8.0
2019-02-15,2.745,2.745,2.741,2.741,23.0
2019-02-19,2.757,2.757,2.757,2.757,29.0
2019-02-20,2.74,2.74,2.74,2.74,21.0
2019-02-21,2.761,2.786,2.737,2.737,16.0
2019-02-22,2.74,2.74,2.74,2.74,4.0
2019-02-25,2.737,2.742,2.737,2.742,3.0
2019-02-26,2.74,2.74,2.718,2.718,30.0
2019-02-27,2.73,2.732,2.728,2.732,5.0
2019-02-28,2.74,2.74,2.73,2.739,11.0
2019-03-01,2.738,2.738,2.728,2.734,95.0
2019-03-04,2.751,2.751,2.751,2.751,22.0
2019-03-05,2.743,2.759,2.743,2.753,34.0
2019-03-06,2.76,2.76,2.751,2.751,4.0
2019-03-07,2.756,2.756,2.756,2.756,0.0
2019-03-08,2.763,2.763,2.761,2.761,24.0
2019-03-11,2.748,2.77,2.748,2.77,36.0
2019-03-12,2.777,2.777,2.777,2.777,26.0
2019-03-13,2.782,2.785,2.776,2.776,38.0
2019-03-14,2.783,2.786,2.77,2.784,43.0
2019-03-15,2.771,2.781,2.766,2.773,28.0
2019-03-18,2.782,2.783,2.782,2.783,13.0
2019-03-19,2.785,2.785,2.776,2.782,79.0
2019-03-20,2.781,2.781,2.775,2.775,1.0
2019-03-21,2.782,2.784,2.782,2.784,73.0
2019-03-22,2.781,2.781,2.776,2.776,18.0
2019-03-25,2.776,2.776,2.774,2.775,2.0
2019-03-26,2.785,2.785,2.777,2.777,3.0
2019-03-27,2.77,2.77,2.767,2.767,37.0
2019-03-28,2.769,2.769,2.769,2.769,0.0
2019-03-29,2.77,2.772,2.768,2.768,1.0
2019-04-01,2.775,2.775,2.767,2.767,10.0
2019-04-02,2.77,2.781,2.77,2.781,5.0
2019-04-03,2.785,2.789,2.785,2.789,298.0
2019-04-04,2.792,2.792,2.787,2.787,72.0
2019-04-05,2.792,2.792,2.79,2.792,30.0
2019-04-08,2.797,2.807,2.792,2.8,169.0
2019-04-09,2.804,2.808,2.804,2.808,53.0
2019-04-10,2.812,2.812,2.805,2.806,45.0
2019-04-11,2.812,2.825,2.804,2.804,49.0
2019-04-12,2.805,2.805,2.803,2.804,1.0
2019-04-15,2.787,2.798,2.787,2.792,140.0
2019-04-16,2.8,2.813,2.79,2.796,43.0
2019-04-17,2.786,2.786,2.775,2.775,154.0
2019-04-18,2.757,2.763,2.75,2.753,480.0
2019-04-22,2.768,2.768,2.743,2.744,108.0
2019-04-23,2.742,2.747,2.737,2.74,84.0
2019-04-24,2.75,2.75,2.746,2.749,308.0
2019-04-25,2.745,2.778,2.745,2.764,79.0
2019-04-26,2.78,2.78,2.762,2.763,47.0
2019-04-29,2.763,2.785,2.763,2.778,253.0
2019-04-30,2.79,2.79,2.772,2.787,135.0
2019-05-01,2.79,2.794,2.782,2.789,170.0
2019-05-02,2.789,2.789,2.783,2.786,94.0
2019-05-03,2.772,2.775,2.759,2.759,293.0
2019-05-06,2.766,2.766,2.754,2.754,164.0
2019-05-07,2.77,2.77,2.762,2.762,254.0
2019-05-08,2.78,2.78,2.771,2.773,504.0
2019-05-09,2.782,2.783,2.764,2.776,22.0
2019-05-10,2.775,2.775,2.769,2.769,70.0
2019-05-13,2.78,2.78,2.772,2.772,7.0
2019-05-14,2.782,2.788,2.781,2.784,45.0
2019-05-15,2.789,2.789,2.784,2.784,17.0
2019-05-16,2.794,2.794,2.79,2.79,170.0
2019-05-17,2.793,2.793,2.791,2.791,66.0
2019-05-20,2.798,2.798,2.796,2.796,90.0
2019-05-21,2.784,2.791,2.784,2.787,105.0
2019-05-22,2.785,2.796,2.765,2.765,156.0
2019-05-23,2.78,2.784,2.763,2.773,44.0
2019-05-24,2.775,2.777,2.769,2.777,87.0
2019-05-28,2.783,2.783,2.771,2.779,32.0
2019-05-29,2.79,2.79,2.775,2.775,262.0
2019-05-30,2.778,2.778,2.761,2.768,27.0
2019-05-31,2.757,2.761,2.757,2.761,119.0
2019-06-03,2.76,2.76,2.746,2.746,15.0
2019-06-04,2.759,2.77,2.759,2.759,76.0
2019-06-05,2.77,2.771,2.763,2.763,23.0
2019-06-06,2.769,2.773,2.754,2.754,55.0
2019-06-07,2.763,2.77,2.757,2.757,211.0
2019-06-10,2.747,2.751,2.747,2.751,5.0
2019-06-11,2.746,2.76,2.746,2.751,61.0
2019-06-12,2.751,2.751,2.744,2.744,239.0
2019-06-13,2.744,2.745,2.744,2.744,381.0
2019-06-14,2.76,2.76,2.75,2.753,242.0
2019-06-17,2.75,2.751,2.75,2.751,53.0
2019-06-18,2.753,2.759,2.739,2.739,63.0
2019-06-19,2.735,2.735,2.719,2.719,153.0
2019-06-20,2.71,2.71,2.674,2.692,378.0
2019-06-21,2.693,2.707,2.693,2.707,539.0
2019-06-24,2.727,2.748,2.727,2.748,435.0
2019-06-25,2.728,2.741,2.721,2.734,26.0
2019-06-26,2.728,2.735,2.723,2.723,35.0
2019-06-27,2.71,2.721,2.71,2.721,160.0
2019-06-28,2.703,2.714,2.703,2.703,19.0
2019-07-01,2.703,2.703,2.671,2.673,453.0
2019-07-02,2.666,2.667,2.659,2.66,31.0
2019-07-03,2.668,2.671,2.663,2.663,101.0
2019-07-05,2.68,2.702,2.68,2.685,467.0
2019-07-08,2.694,2.694,2.665,2.675,194.0
2019-07-09,2.7,2.711,2.697,2.705,993.0
2019-07-10,2.719,2.725,2.709,2.715,137.0
2019-07-11,2.72,2.723,2.701,2.723,137.0
2019-07-12,2.733,2.74,2.718,2.722,314.0
2019-07-15,2.718,2.731,2.717,2.719,521.0
2019-07-16,2.692,2.692,2.683,2.683,91.0
2019-07-17,2.689,2.689,2.68,2.683,171.0
2019-07-18,2.69,2.69,2.672,2.672,93.0
2019-07-19,2.669,2.669,2.658,2.662,22.0
2019-07-22,2.675,2.676,2.665,2.669,70.0
2019-07-23,2.668,2.669,2.657,2.669,28.0
2019-07-24,2.657,2.66,2.65,2.655,137.0
2019-07-25,2.665,2.669,2.661,2.665,166.0
2019-07-26,2.647,2.661,2.625,2.642,159.0
2019-07-29,2.636,2.645,2.63,2.637,23.0
2019-07-30,2.639,2.641,2.638,2.641,78.0
2019-07-31,2.657,2.669,2.653,2.653,379.0
2019-08-01,2.665,2.665,2.637,2.656,633.0
2019-08-02,2.64,2.64,2.614,2.626,110.0
2019-08-05,2.619,2.619,2.586,2.605,125.0
2019-08-06,2.615,2.615,2.581,2.595,353.0
2019-08-07,2.58,2.587,2.577,2.584,544.0
2019-08-08,2.588,2.589,2.582,2.582,29.0
2019-08-09,2.58,2.584,2.573,2.578,304.0
2019-08-12,2.564,2.564,2.549,2.549,12.0
2019-08-13,2.56,2.564,2.55,2.555,494.0
2019-08-14,2.557,2.56,2.541,2.552,39.0
2019-08-15,2.554,2.58,2.55,2.552,236.0
2019-08-16,2.551,2.551,2.52,2.528,317.0
2019-08-19,2.505,2.543,2.505,2.54,80.0
2019-08-20,2.535,2.537,2.528,2.532,720.0
2019-08-21,2.531,2.54,2.531,2.534,94.0
2019-08-22,2.529,2.538,2.519,2.525,38.0
2019-08-23,2.533,2.533,2.518,2.526,356.0
2019-08-26,2.531,2.559,2.531,2.554,753.0
2019-08-27,2.538,2.546,2.538,2.545,219.0
2019-08-28,2.566,2.573,2.566,2.568,243.0
2019-08-29,2.578,2.591,2.576,2.584,342.0
2019-08-30,2.579,2.579,2.555,2.558,574.0
2019-09-03,2.574,2.579,2.566,2.579,837.0
2019-09-04,2.576,2.579,2.555,2.574,733.0
2019-09-05,2.582,2.592,2.57,2.592,943.0
2019-09-06,2.6,2.61,2.58,2.6,833.0
2019-09-09,2.605,2.606,2.593,2.597,1193.0
2019-09-10,2.612,2.619,2.596,2.598,238.0
2019-09-11,2.604,2.615,2.593,2.615,652.0
2019-09-12,2.613,2.615,2.597,2.608,326.0
2019-09-13,2.602,2.606,2.579,2.587,475.0
2019-09-16,2.6,2.604,2.59,2.602,588.0
2019-09-17,2.592,2.6,2.592,2.598,371.0
2019-09-18,2.594,2.602,2.588,2.6,263.0
2019-09-19,2.599,2.602,2.576,2.589,455.0
2019-09-20,2.581,2.599,2.576,2.597,108.0
2019-09-23,2.589,2.602,2.586,2.6,137.0
2019-09-24,2.6,2.6,2.589,2.598,180.0
2019-09-25,2.585,2.591,2.581,2.589,166.0
2019-09-26,2.578,2.59,2.559,2.583,230.0
2019-09-27,2.575,2.582,2.569,2.576,278.0
2019-09-30,2.547,2.568,2.547,2.564,316.0
2019-10-01,2.547,2.581,2.547,2.577,808.0
2019-10-02,2.613,2.613,2.567,2.57,536.0
2019-10-03,2.57,2.578,2.551,2.575,639.0
2019-10-04,2.554,2.584,2.547,2.583,173.0
2019-10-07,2.568,2.581,2.568,2.58,60.0
2019-10-08,2.578,2.578,2.548,2.557,496.0
2019-10-09,2.547,2.55,2.532,2.545,557.0
2019-10-10,2.542,2.548,2.538,2.54,539.0
2019-10-11,2.548,2.548,2.53,2.538,1003.0
2019-10-14,2.551,2.551,2.53,2.542,213.0
2019-10-15,2.55,2.564,2.542,2.564,787.0
2019-10-16,2.556,2.572,2.548,2.548,1709.0
2019-10-17,2.569,2.571,2.559,2.568,2138.0
2019-10-18,2.56,2.575,2.56,2.572,394.0
2019-10-21,2.56,2.564,2.551,2.564,597.0
2019-10-22,2.575,2.575,2.557,2.558,550.0
2019-10-23,2.556,2.557,2.542,2.549,255.0
2019-10-24,2.553,2.561,2.537,2.553,593.0
2019-10-25,2.545,2.556,2.542,2.542,956.0
2019-10-28,2.559,2.566,2.547,2.561,482.0
2019-10-29,2.573,2.596,2.57,2.58,1786.0
2019-10-30,2.585,2.6,2.585,2.597,1659.0
2019-10-31,2.603,2.606,2.584,2.602,1453.0
2019-11-01,2.598,2.615,2.589,2.615,1109.0
2019-11-04,2.621,2.637,2.615,2.631,870.0
2019-11-05,2.637,2.641,2.621,2.635,843.0
2019-11-06,2.636,2.637,2.61,2.618,1209.0
2019-11-07,2.617,2.627,2.606,2.619,2348.0
2019-11-08,2.618,2.632,2.616,2.632,2213.0
2019-11-11,2.601,2.62,2.601,2.62,643.0
2019-11-12,2.617,2.625,2.609,2.615,405.0
2019-11-13,2.601,2.605,2.585,2.601,1248.0
2019-11-14,2.601,2.626,2.591,2.617,2580.0
2019-11-15,2.611,2.626,2.607,2.614,621.0
2019-11-18,2.589,2.611,2.583,2.602,1313.0
2019-11-19,2.599,2.599,2.581,2.586,994.0
2019-11-20,2.578,2.592,2.577,2.587,1457.0
2019-11-21,2.585,2.591,2.577,2.584,880.0
2019-11-22,2.59,2.612,2.59,2.61,812.0
2019-11-25,2.608,2.608,2.577,2.601,529.0
2019-11-26,2.588,2.598,2.577,2.598,862.0
2019-11-27,2.586,2.596,2.586,2.595,447.0
2019-11-29,2.575,2.577,2.521,2.523,995.0
2019-12-02,2.539,2.546,2.523,2.535,2157.0
2019-12-03,2.536,2.568,2.536,2.555,2577.0
2019-12-04,2.55,2.566,2.535,2.565,1482.0
2019-12-05,2.557,2.581,2.557,2.575,1122.0
2019-12-06,2.571,2.581,2.543,2.549,835.0
2019-12-09,2.531,2.543,2.51,2.542,2174.0
2019-12-10,2.541,2.556,2.532,2.553,1051.0
2019-12-11,2.55,2.557,2.543,2.547,424.0
2019-12-12,2.553,2.57,2.543,2.564,1559.0
2019-12-13,2.543,2.553,2.536,2.538,129.0
2019-12-16,2.551,2.56,2.54,2.545,1176.0
2019-12-17,2.55,2.552,2.53,2.544,461.0
2019-12-18,2.529,2.535,2.523,2.526,730.0
2019-12-19,2.512,2.53,2.506,2.52,1519.0
2019-12-20,2.538,2.543,2.526,2.535,1085.0
2019-12-23,2.508,2.525,2.505,2.519,1157.0
2019-12-24,2.527,2.531,2.505,2.51,458.0
2019-12-26,2.528,2.545,2.525,2.527,1128.0
2019-12-27,2.506,2.543,2.504,2.533,1224.0
2019-12-30,2.543,2.552,2.538,2.544,1707.0
2019-12-31,2.546,2.557,2.543,2.551,2133.0
2020-01-02,2.556,2.562,2.533,2.54,2136.0
2020-01-03,2.533,2.557,2.524,2.554,2217.0
2020-01-06,2.545,2.568,2.539,2.551,1775.0
2020-01-07,2.523,2.558,2.523,2.553,1359.0
2020-01-08,2.545,2.549,2.534,2.549,6433.0
2020-01-09,2.538,2.559,2.526,2.559,6708.0
2020-01-10,2.558,2.559,2.546,2.557,4925.0
2020-01-13,2.555,2.567,2.551,2.567,4313.0
2020-01-14,2.559,2.568,2.555,2.563,4535.0
2020-01-15,2.56,2.56,2.537,2.538,2413.0
2020-01-16,2.545,2.552,2.534,2.545,7917.0
2020-01-17,2.54,2.54,2.513,2.516,3035.0
2020-01-21,2.496,2.498,2.47,2.491,5285.0
2020-01-22,2.481,2.493,2.477,2.483,3347.0
2020-01-23,2.489,2.491,2.466,2.478,2783.0
2020-01-24,2.465,2.466,2.438,2.444,5408.0
2020-01-27,2.474,2.474,2.428,2.433,3159.0
2020-01-28,2.44,2.452,2.429,2.446,3078.0
2020-01-29,2.443,2.452,2.429,2.436,4386.0
2020-01-30,2.442,2.444,2.42,2.422,3690.0
2020-01-31,2.419,2.431,2.407,2.426,3976.0
2020-02-03,2.44,2.444,2.398,2.411,5690.0
2020-02-04,2.401,2.425,2.393,2.414,6532.0
2020-02-05,2.408,2.414,2.389,2.409,7039.0
2020-02-06,2.41,2.44,2.391,2.426,9044.0
2020-02-07,2.422,2.453,2.411,2.451,7042.0
2020-02-10,2.419,2.438,2.417,2.438,8847.0
2020-02-11,2.434,2.454,2.428,2.454,6958.0
2020-02-12,2.45,2.476,2.447,2.475,7926.0
2020-02-13,2.472,2.478,2.448,2.459,6769.0
2020-02-14,2.459,2.459,2.443,2.45,6573.0
2020-02-18,2.463,2.484,2.458,2.467,6818.0
2020-02-19,2.458,2.475,2.456,2.468,5366.0
2020-02-20,2.463,2.47,2.434,2.444,7237.0
2020-02-21,2.435,2.438,2.42,2.432,2970.0
2020-02-24,2.42,2.427,2.404,2.406,4119.0
2020-02-25,2.412,2.43,2.403,2.423,2211.0
2020-02-26,2.426,2.44,2.419,2.423,4913.0
2020-02-27,2.418,2.42,2.37,2.392,9193.0
2020-02-28,2.383,2.384,2.317,2.338,9997.0
2020-03-02,2.344,2.38,2.344,2.37,7540.0
2020-03-03,2.371,2.42,2.367,2.388,11588.0
2020-03-04,2.378,2.41,2.374,2.404,7256.0
2020-03-05,2.399,2.405,2.368,2.379,5279.0
2020-03-06,2.359,2.371,2.34,2.341,8185.0
2020-03-09,2.33,2.48,2.294,2.44,22684.0
2020-03-10,2.48,2.558,2.46,2.531,24106.0
2020-03-11,2.501,2.564,2.476,2.483,19382.0
2020-03-12,2.447,2.501,2.43,2.48,11604.0
2020-03-13,2.508,2.533,2.476,2.492,9296.0
2020-03-16,2.472,2.505,2.449,2.489,6440.0
2020-03-17,2.489,2.541,2.471,2.516,11526.0
2020-03-18,2.525,2.54,2.454,2.466,24031.0
2020-03-19,2.467,2.513,2.467,2.504,9357.0
2020-03-20,2.501,2.545,2.484,2.501,8490.0
2020-03-23,2.485,2.533,2.481,2.524,4682.0
2020-03-24,2.537,2.593,2.524,2.565,6293.0
2020-03-25,2.599,2.611,2.565,2.572,8414.0
2020-03-26,2.564,2.602,2.547,2.563,9509.0
2020-03-27,2.58,2.583,2.558,2.565,9881.0
2020-03-30,2.563,2.6,2.541,2.597,10038.0
2020-03-31,2.597,2.617,2.597,2.604,10751.0
2020-04-01,2.62,2.63,2.602,2.616,8008.0
2020-04-02,2.623,2.633,2.588,2.623,9046.0
2020-04-03,2.622,2.66,2.619,2.651,13788.0
2020-04-06,2.653,2.681,2.646,2.661,11379.0
2020-04-07,2.653,2.704,2.651,2.689,16115.0
2020-04-08,2.683,2.716,2.678,2.709,9149.0
2020-04-09,2.719,2.75,2.708,2.74,13113.0
2020-04-13,2.74,2.794,2.74,2.777,8385.0
2020-04-14,2.775,2.787,2.749,2.759,9483.0
2020-04-15,2.743,2.769,2.72,2.726,10066.0
2020-04-16,2.723,2.746,2.703,2.743,13853.0
2020-04-17,2.738,2.77,2.716,2.766,9816.0
2020-04-20,2.783,2.884,2.758,2.878,15823.0
2020-04-21,2.863,2.937,2.837,2.899,17974.0
2020-04-22,2.906,2.94,2.898,2.922,8521.0
2020-04-23,2.925,2.94,2.87,2.877,10155.0
2020-04-24,2.879,2.887,2.849,2.862,6139.0
2020-04-27,2.849,2.909,2.835,2.908,7920.0
2020-04-28,2.892,2.943,2.892,2.918,8294.0
2020-04-29,2.943,2.944,2.89,2.895,4938.0
2020-04-30,2.906,2.947,2.886,2.934,8725.0
2020-05-01,2.913,2.955,2.913,2.925,5929.0
2020-05-04,2.95,2.956,2.929,2.956,8838.0
2020-05-05,2.949,3.011,2.886,2.935,14416.0
2020-05-06,2.884,2.902,2.855,2.881,11082.0
2020-05-07,2.872,2.887,2.844,2.854,7556.0
2020-05-08,2.854,2.866,2.838,2.847,7630.0
2020-05-11,2.836,2.872,2.836,2.848,6194.0
2020-05-12,2.843,2.864,2.794,2.812,15161.0
2020-05-13,2.802,2.822,2.766,2.775,15204.0
2020-05-14,2.796,2.842,2.783,2.804,10878.0
2020-05-15,2.816,2.849,2.781,2.793,8582.0
2020-05-18,2.8,2.862,2.8,2.827,12490.0
2020-05-19,2.812,2.86,2.78,2.812,9584.0
2020-05-20,2.795,2.834,2.774,2.789,15492.0
2020-05-21,2.785,2.785,2.756,2.776,14442.0
2020-05-22,2.771,2.809,2.758,2.795,6528.0
2020-05-26,2.792,2.853,2.78,2.818,6561.0
2020-05-27,2.8,2.823,2.783,2.797,4022.0
2020-05-28,2.79,2.802,2.76,2.785,8092.0
2020-05-29,2.785,2.805,2.757,2.798,9398.0
2020-06-01,2.789,2.797,2.761,2.777,10235.0
2020-06-02,2.789,2.819,2.776,2.806,7848.0
2020-06-03,2.81,2.835,2.799,2.817,9972.0
2020-06-04,2.814,2.821,2.797,2.81,8328.0
2020-06-05,2.801,2.813,2.779,2.798,16084.0
2020-06-08,2.786,2.815,2.768,2.809,16218.0
2020-06-09,2.812,2.821,2.788,2.812,17327.0
2020-06-10,2.802,2.844,2.76,2.84,16991.0
2020-06-11,2.844,2.881,2.823,2.88,18881.0
2020-06-12,2.875,2.894,2.816,2.829,9335.0
2020-06-15,2.831,2.832,2.787,2.799,7070.0
2020-06-16,2.79,2.809,2.769,2.787,6318.0
2020-06-17,2.777,2.809,2.777,2.806,4239.0
2020-06-18,2.801,2.806,2.781,2.805,6271.0
2020-06-19,2.802,2.811,2.783,2.81,7075.0
2020-06-22,2.799,2.823,2.757,2.773,11296.0
2020-06-23,2.75,2.755,2.72,2.729,11330.0
2020-06-24,2.724,2.727,2.701,2.71,10604.0
2020-06-25,2.702,2.702,2.653,2.668,18681.0
2020-06-26,2.663,2.697,2.66,2.688,8437.0
2020-06-29,2.708,2.751,2.697,2.722,13417.0
2020-06-30,2.7,2.753,2.698,2.739,10855.0
2020-07-01,2.732,2.756,2.708,2.756,10027.0
2020-07-02,2.75,2.778,2.731,2.768,11541.0
2020-07-06,2.763,2.801,2.715,2.733,19257.0
2020-07-07,2.719,2.778,2.712,2.768,11623.0
2020-07-08,2.761,2.771,2.741,2.76,8120.0
2020-07-09,2.753,2.776,2.725,2.731,10387.0
2020-07-10,2.733,2.75,2.709,2.737,12178.0
2020-07-13,2.703,2.75,2.703,2.734,11258.0
2020-07-14,2.734,2.767,2.727,2.751,11416.0
2020-07-15,2.75,2.765,2.724,2.75,7026.0
2020-07-16,2.755,2.76,2.727,2.74,8909.0
2020-07-17,2.743,2.757,2.726,2.74,3825.0
2020-07-20,2.732,2.737,2.66,2.696,13630.0
2020-07-21,2.709,2.712,2.673,2.705,7753.0
2020-07-22,2.701,2.71,2.674,2.703,6884.0
2020-07-23,2.69,2.747,2.681,2.733,10203.0
2020-07-24,2.728,2.765,2.707,2.764,7268.0
2020-07-27,2.743,2.782,2.739,2.761,9511.0
2020-07-28,2.762,2.813,2.756,2.812,9086.0
2020-07-29,2.807,2.875,2.805,2.871,17428.0
2020-07-30,2.86,2.877,2.805,2.811,12804.0
2020-07-31,2.819,2.837,2.778,2.788,11795.0
2020-08-03,2.827,2.904,2.807,2.88,29705.0
2020-08-04,2.875,2.908,2.847,2.907,17430.0
2020-08-05,2.896,2.949,2.892,2.936,13995.0
2020-08-06,2.944,2.975,2.909,2.936,13170.0
2020-08-07,2.93,2.976,2.914,2.973,16365.0
2020-08-10,2.96,2.984,2.9,2.915,13703.0
2020-08-11,2.935,2.96,2.908,2.938,13499.0
2020-08-12,2.918,2.935,2.896,2.932,11884.0
2020-08-13,2.935,2.965,2.919,2.95,13690.0
2020-08-14,2.952,3.043,2.947,3.026,25344.0
2020-08-17,3.033,3.041,3.003,3.029,12610.0
2020-08-18,3.031,3.084,3.011,3.064,16578.0
2020-08-19,3.06,3.081,3.055,3.065,8129.0
2020-08-20,3.061,3.081,3.039,3.065,18635.0
2020-08-21,3.056,3.083,3.014,3.079,12518.0
2020-08-24,3.089,3.102,3.062,3.067,9701.0
2020-08-25,3.071,3.078,3.047,3.071,19568.0
2020-08-26,3.065,3.1,3.02,3.047,14775.0
2020-08-27,3.03,3.136,3.017,3.125,26676.0
2020-08-28,3.127,3.154,3.09,3.146,34347.0
2020-08-31,3.122,3.19,3.09,3.167,21166.0
2020-09-01,3.166,3.204,3.148,3.185,22952.0
2020-09-02,3.176,3.229,3.148,3.216,32116.0
2020-09-03,3.197,3.216,3.176,3.201,14354.0
2020-09-04,3.19,3.245,3.171,3.217,17731.0
2020-09-08,3.209,3.229,3.147,3.187,22494.0
2020-09-09,3.153,3.207,3.134,3.201,26456.0
2020-09-10,3.188,3.203,3.147,3.154,20472.0
2020-09-11,3.152,3.171,3.122,3.138,22630.0
2020-09-14,3.161,3.19,3.106,3.133,23397.0
2020-09-15,3.126,3.142,3.095,3.133,18238.0
2020-09-16,3.125,3.152,3.086,3.097,15688.0
2020-09-17,3.099,3.109,3.017,3.074,30280.0
2020-09-18,3.05,3.126,3.025,3.116,21055.0
2020-09-21,3.079,3.166,3.077,3.138,22612.0
2020-09-22,3.133,3.148,3.065,3.099,20299.0
2020-09-23,3.081,3.196,3.047,3.165,25991.0
2020-09-24,3.174,3.252,3.159,3.239,30487.0
2020-09-25,3.232,3.261,3.183,3.2,25299.0
2020-09-28,3.172,3.218,3.147,3.212,29706.0
2020-09-29,3.196,3.199,3.053,3.096,36239.0
2020-09-30,3.059,3.134,3.035,3.099,23533.0
2020-10-01,3.11,3.145,3.009,3.049,32326.0
2020-10-02,3.019,3.023,2.935,2.993,40202.0
2020-10-05,2.993,3.158,2.987,3.122,36179.0
2020-10-06,3.111,3.167,3.066,3.071,24618.0
2020-10-07,3.055,3.166,3.051,3.13,40185.0
2020-10-08,3.097,3.146,3.072,3.146,42628.0
2020-10-09,3.129,3.216,3.128,3.192,52037.0
2020-10-12,3.245,3.271,3.188,3.233,49385.0
2020-10-13,3.21,3.237,3.172,3.224,45463.0
2020-10-14,3.193,3.209,3.13,3.181,35572.0
2020-10-15,3.199,3.26,3.191,3.235,29587.0
2020-10-16,3.231,3.278,3.222,3.249,37789.0
2020-10-19,3.209,3.274,3.2,3.256,29119.0
2020-10-20,3.258,3.303,3.227,3.238,28615.0
2020-10-21,3.237,3.318,3.233,3.304,31278.0
2020-10-22,3.301,3.315,3.223,3.239,29221.0
2020-10-23,3.227,3.24,3.148,3.175,31370.0
2020-10-26,3.159,3.244,3.143,3.213,26181.0
2020-10-27,3.204,3.272,3.155,3.247,30239.0
2020-10-28,3.24,3.257,3.209,3.236,21536.0
2020-10-29,3.225,3.271,3.125,3.233,48280.0
2020-10-30,3.245,3.32,3.205,3.284,35769.0
2020-11-02,3.297,3.316,3.188,3.219,40486.0
2020-11-03,3.204,3.211,3.043,3.063,58968.0
2020-11-04,3.065,3.09,3.015,3.045,37322.0
2020-11-05,3.066,3.112,2.967,2.977,53376.0
2020-11-06,2.974,3.005,2.908,2.933,59415.0
2020-11-09,2.905,2.964,2.877,2.904,38422.0
2020-11-10,2.91,3.01,2.894,2.959,46023.0
2020-11-11,2.969,3.041,2.936,3.026,42227.0
2020-11-12,3.022,3.052,2.945,2.969,38860.0
2020-11-13,2.961,3.062,2.954,2.997,34509.0
2020-11-16,2.899,2.92,2.771,2.795,83639.0
2020-11-17,2.778,2.818,2.75,2.777,36764.0
2020-11-18,2.772,2.832,2.755,2.767,32626.0
2020-11-19,2.783,2.793,2.596,2.659,65862.0
2020-11-20,2.67,2.74,2.654,2.709,35997.0
2020-11-23,2.75,2.764,2.694,2.751,33793.0
2020-11-24,2.752,2.817,2.733,2.809,44125.0
2020-11-25,2.81,2.9,2.762,2.865,44651.0
2020-11-27,2.853,2.862,2.763,2.776,31182.0
2020-11-30,2.777,2.91,2.759,2.799,55327.0
2020-12-01,2.856,2.881,2.763,2.806,50380.0
2020-12-02,2.804,2.848,2.685,2.723,48713.0
2020-12-03,2.706,2.709,2.441,2.476,93040.0
2020-12-04,2.484,2.593,2.441,2.551,46956.0
2020-12-07,2.439,2.468,2.387,2.432,104164.0
2020-12-08,2.437,2.489,2.393,2.419,100154.0
2020-12-09,2.466,2.529,2.437,2.452,94926.0
2020-12-10,2.449,2.599,2.406,2.565,110303.0
2020-12-11,2.576,2.621,2.538,2.597,92609.0
2020-12-14,2.649,2.695,2.6,2.66,55453.0
2020-12-15,2.653,2.673,2.585,2.662,49837.0
2020-12-16,2.654,2.676,2.608,2.665,51893.0
2020-12-17,2.668,2.704,2.593,2.619,52833.0
2020-12-18,2.635,2.687,2.626,2.662,38116.0
2020-12-21,2.68,2.688,2.612,2.67,31240.0
2020-12-22,2.67,2.75,2.655,2.726,43036.0
2020-12-23,2.718,2.742,2.543,2.571,54206.0
2020-12-24,2.571,2.596,2.493,2.498,26828.0
2020-12-28,2.329,2.371,2.268,2.329,62268.0
2020-12-29,2.35,2.477,2.313,2.439,62614.0
2020-12-30,2.442,2.468,2.389,2.422,36833.0
2020-12-31,2.434,2.537,2.431,2.526,50696.0
2021-01-04,2.601,2.643,2.553,2.561,69268.0
2021-01-05,2.577,2.698,2.571,2.673,85703.0
2021-01-06,2.658,2.732,2.584,2.684,69449.0
2021-01-07,2.691,2.719,2.635,2.691,74219.0
2021-01-08,2.643,2.685,2.603,2.656,89979.0
2021-01-11,2.577,2.755,2.561,2.703,109226.0
2021-01-12,2.742,2.835,2.672,2.707,123982.0
2021-01-13,2.69,2.773,2.671,2.689,97032.0
2021-01-14,2.701,2.75,2.625,2.63,84703.0
2021-01-15,2.636,2.748,2.606,2.696,91102.0
2021-01-19,2.62,2.641,2.507,2.529,168496.0
2021-01-20,2.526,2.554,2.459,2.533,117377.0
2021-01-21,2.528,2.541,2.462,2.497,95649.0
2021-01-22,2.5,2.511,2.425,2.456,97291.0
2021-01-25,2.53,2.609,2.498,2.598,119250.0
2021-01-26,2.597,2.662,2.59,2.636,111056.0
2021-01-27,2.632,2.74,2.618,2.702,153190.0
2021-01-28,2.675,2.701,2.591,2.664,159820.0
2021-01-29,2.68,2.71,2.554,2.564,133177.0
2021-02-01,2.73,2.868,2.712,2.85,243658.0
2021-02-02,2.829,3.005,2.811,2.845,236392.0
2021-02-03,2.827,2.894,2.748,2.789,158484.0
2021-02-04,2.776,2.977,2.734,2.935,186926.0
2021-02-05,2.957,3.057,2.851,2.863,270029.0
2021-02-08,2.909,2.985,2.844,2.882,194660.0
2021-02-09,2.883,2.927,2.788,2.835,196927.0
2021-02-10,2.819,2.982,2.741,2.911,266986.0
2021-02-11,2.975,3.045,2.839,2.868,261922.0
2021-02-12,2.87,2.987,2.834,2.912,190054.0
2021-02-16,3.046,3.214,2.976,3.129,288942.0
2021-02-17,3.098,3.316,3.049,3.219,218620.0
2021-02-18,3.267,3.298,3.041,3.082,171654.0
2021-02-19,3.067,3.148,2.991,3.069,67064.0
2021-02-22,3.01,3.03,2.889,2.953,39814.0
2021-02-23,2.949,2.964,2.854,2.879,45697.0
2021-02-24,2.878,2.886,2.822,2.854,6637.0
