DATETIME,OPEN,HIGH,LOW,FINAL,VOLUME
2018-09-14,20110.0,20110.0,20110.0,20110.0,0.0
2018-09-17,20225.0,20225.0,20225.0,20225.0,0.0
2018-09-18,20415.0,20415.0,20415.0,20415.0,0.0
2018-09-19,20655.0,20655.0,20655.0,20655.0,0.0
2018-09-20,20580.0,20580.0,20580.0,20580.0,0.0
2018-09-21,20845.0,20845.0,20845.0,20845.0,0.0
2018-09-24,20730.0,20730.0,20730.0,20730.0,0.0
2018-09-25,20855.0,20855.0,20855.0,20855.0,0.0
2018-09-26,21300.0,21300.0,21300.0,21300.0,0.0
2018-09-27,21160.0,21160.0,21160.0,21160.0,0.0
2018-09-28,21170.0,21170.0,21170.0,21170.0,0.0
2018-10-01,21335.0,21335.0,21335.0,21335.0,0.0
2018-10-02,21290.0,21290.0,21290.0,21290.0,0.0
2018-10-03,21180.0,21180.0,21180.0,21180.0,0.0
2018-10-04,20960.0,20960.0,20960.0,20960.0,0.0
2018-10-05,20860.0,20860.0,20860.0,20860.0,0.0
2018-10-08,20730.0,20730.0,20730.0,20730.0,0.0
2018-10-09,20510.0,20510.0,20510.0,20510.0,0.0
2018-10-10,20575.0,20575.0,20575.0,20575.0,0.0
2018-10-11,19660.0,19660.0,19660.0,19660.0,0.0
2018-10-12,19700.0,19700.0,19700.0,19700.0,0.0
2018-10-15,19235.0,19235.0,19235.0,19235.0,0.0
2018-10-16,19455.0,19455.0,19455.0,19455.0,0.0
2018-10-17,19915.0,19915.0,19915.0,19915.0,0.0
2018-10-18,19630.0,19630.0,19630.0,19630.0,0.0
2018-10-19,19555.0,19555.0,19555.0,19555.0,0.0
2018-10-22,19705.0,19705.0,19705.0,19705.0,0.0
2018-10-23,18970.0,18970.0,18970.0,18970.0,0.0
2018-10-24,19085.0,19085.0,19085.0,19085.0,0.0
2018-10-25,18410.0,18410.0,18410.0,18410.0,0.0
2018-10-26,18330.0,18330.0,18330.0,18330.0,0.0
2018-10-29,18150.0,18150.0,18150.0,18150.0,0.0
2018-10-30,18520.0,18520.0,18520.0,18520.0,0.0
2018-10-31,18880.0,18880.0,18880.0,18880.0,0.0
2018-11-01,18570.0,18570.0,18570.0,18570.0,0.0
2018-11-02,19335.0,19335.0,19335.0,19335.0,0.0
2018-11-05,18970.0,18970.0,18970.0,18970.0,0.0
2018-11-06,19230.0,19230.0,19230.0,19230.0,0.0
2018-11-07,19155.0,19155.0,19155.0,19155.0,0.0
2018-11-08,19485.0,19485.0,19485.0,19485.0,0.0
2018-11-09,19315.0,19315.0,19315.0,19315.0,0.0
2018-11-12,19270.0,19270.0,19270.0,19270.0,0.0
2018-11-13,18785.0,18785.0,18785.0,18785.0,0.0
2018-11-14,18840.0,18840.0,18840.0,18840.0,0.0
2018-11-15,18845.0,18845.0,18845.0,18845.0,0.0
2018-11-16,18670.0,18670.0,18670.0,18670.0,0.0
2018-11-19,18875.0,18875.0,18875.0,18875.0,0.0
2018-11-20,18565.0,18565.0,18565.0,18565.0,0.0
2018-11-21,18560.0,18560.0,18560.0,18560.0,0.0
2018-11-22,18760.0,18760.0,18760.0,18760.0,0.0
2018-11-23,18615.0,18615.0,18615.0,18615.0,0.0
2018-11-26,18875.0,18875.0,18875.0,18875.0,0.0
2018-11-27,19000.0,19000.0,19000.0,19000.0,0.0
2018-11-28,19270.0,19270.0,19270.0,19270.0,0.0
2018-11-29,19280.0,19280.0,19280.0,19280.0,0.0
2018-11-30,19400.0,19400.0,19400.0,19400.0,0.0
2018-12-03,19655.0,19655.0,19655.0,19655.0,0.0
2018-12-04,19060.0,19060.0,19060.0,19060.0,0.0
2018-12-05,18930.0,18930.0,18930.0,18930.0,0.0
2018-12-06,18485.0,18485.0,18485.0,18485.0,0.0
2018-12-07,18620.0,18620.0,18620.0,18620.0,0.0
2018-12-10,18200.0,18200.0,18200.0,18200.0,0.0
2018-12-11,18175.0,18175.0,18175.0,18175.0,0.0
2018-12-12,18730.0,18730.0,18730.0,18730.0,0.0
2018-12-13,18905.0,18905.0,18905.0,18905.0,0.0
2018-12-14,18430.0,18430.0,18430.0,18430.0,0.0
2018-12-17,18545.0,18545.0,18545.0,18545.0,0.0
2018-12-18,18210.0,18210.0,18210.0,18210.0,0.0
2018-12-19,18010.0,18010.0,18010.0,18010.0,0.0
2018-12-20,17325.0,17325.0,17325.0,17325.0,0.0
2018-12-21,17130.0,17130.0,17130.0,17130.0,0.0
2018-12-24,16930.0,16930.0,16930.0,16930.0,0.0
2018-12-25,16040.0,16040.0,16040.0,16040.0,0.0
2018-12-26,16615.0,16615.0,16615.0,16615.0,0.0
2018-12-27,17095.0,17095.0,17095.0,17095.0,0.0
2018-12-28,16940.0,16940.0,16940.0,16940.0,0.0
2018-12-31,17015.0,17015.0,17015.0,17015.0,0.0
2019-01-02,16630.0,16630.0,16630.0,16630.0,0.0
2019-01-03,16445.0,16445.0,16445.0,16445.0,0.0
2019-01-04,16585.0,16585.0,16585.0,16585.0,0.0
2019-01-07,17135.0,17135.0,17135.0,17135.0,0.0
2019-01-08,17310.0,17310.0,17310.0,17310.0,0.0
2019-01-09,17505.0,17505.0,17505.0,17505.0,0.0
2019-01-10,17195.0,17195.0,17195.0,17195.0,0.0
2019-01-11,17400.0,17400.0,17400.0,17400.0,0.0
2019-01-14,17110.0,17110.0,17110.0,17110.0,0.0
2019-01-15,17550.0,17550.0,17550.0,17550.0,0.0
2019-01-16,17520.0,17520.0,17520.0,17520.0,0.0
2019-01-17,17420.0,17420.0,17420.0,17420.0,0.0
2019-01-18,17700.0,17700.0,17700.0,17700.0,0.0
2019-01-21,17790.0,17790.0,17790.0,17790.0,0.0
2019-01-22,17620.0,17620.0,17620.0,17620.0,0.0
2019-01-23,17655.0,17655.0,17655.0,17655.0,0.0
2019-01-24,17650.0,17650.0,17650.0,17650.0,0.0
2019-01-25,17840.0,17840.0,17840.0,17840.0,0.0
2019-01-28,17710.0,17710.0,17710.0,17710.0,0.0
2019-01-29,17715.0,17715.0,17715.0,17715.0,0.0
2019-01-30,17685.0,17685.0,17685.0,17685.0,0.0
2019-01-31,17810.0,17810.0,17810.0,17810.0,0.0
2019-02-01,17790.0,17790.0,17790.0,17790.0,0.0
2019-02-04,17915.0,17915.0,17915.0,17915.0,0.0
2019-02-05,17900.0,17900.0,17900.0,17900.0,0.0
2019-02-06,17940.0,17940.0,17940.0,17940.0,0.0
2019-02-07,17780.0,17780.0,17780.0,17780.0,0.0
2019-02-08,17335.0,17335.0,17335.0,17335.0,0.0
2019-02-11,17375.0,17375.0,17375.0,17375.0,0.0
2019-02-12,17890.0,17890.0,17890.0,17890.0,0.0
2019-02-13,18200.0,18200.0,18200.0,18200.0,0.0
2019-02-14,18230.0,18230.0,18230.0,18230.0,0.0
2019-02-15,17925.0,17925.0,17925.0,17925.0,0.0
2019-02-18,18330.0,18330.0,18330.0,18330.0,0.0
2019-02-19,18320.0,18320.0,18320.0,18320.0,0.0
2019-02-20,18470.0,18470.0,18470.0,18470.0,0.0
2019-02-21,18455.0,18455.0,18455.0,18455.0,0.0
2019-02-22,18430.0,18430.0,18430.0,18430.0,0.0
2019-02-25,18585.0,18585.0,18585.0,18585.0,0.0
2019-02-26,18495.0,18495.0,18495.0,18495.0,0.0
2019-02-27,18575.0,18575.0,18575.0,18575.0,0.0
2019-02-28,18370.0,18370.0,18370.0,18370.0,0.0
2019-03-01,18665.0,18665.0,18665.0,18665.0,0.0
2019-03-04,18855.0,18855.0,18855.0,18855.0,0.0
2019-03-05,18790.0,18790.0,18790.0,18790.0,0.0
2019-03-06,18640.0,18640.0,18640.0,18640.0,0.0
2019-03-07,18480.0,18480.0,18480.0,18480.0,0.0
2019-03-08,17990.0,17990.0,17990.0,17990.0,0.0
2019-03-11,18180.0,18180.0,18180.0,18180.0,0.0
2019-03-12,18530.0,18530.0,18530.0,18530.0,0.0
2019-03-13,18280.0,18280.0,18280.0,18280.0,0.0
2019-03-14,18360.0,18360.0,18360.0,18360.0,0.0
2019-03-15,18490.0,18490.0,18490.0,18490.0,0.0
2019-03-18,18665.0,18665.0,18665.0,18665.0,0.0
2019-03-19,18625.0,18625.0,18625.0,18625.0,0.0
2019-03-20,18695.0,18695.0,18695.0,18695.0,0.0
2019-03-21,18520.0,18520.0,18520.0,18520.0,0.0
2019-03-22,18580.0,18580.0,18580.0,18580.0,0.0
2019-03-25,17990.0,17990.0,17990.0,17990.0,0.0
2019-03-26,18415.0,18415.0,18415.0,18415.0,0.0
2019-03-27,18880.0,18880.0,18880.0,18880.0,0.0
2019-03-28,18570.0,18570.0,18570.0,18570.0,0.0
2019-03-29,18375.0,18375.0,18375.0,18375.0,0.0
2019-04-01,18635.0,18635.0,18635.0,18635.0,0.0
2019-04-02,18645.0,18645.0,18645.0,18645.0,0.0
2019-04-03,18885.0,18885.0,18885.0,18885.0,0.0
2019-04-04,18845.0,18845.0,18845.0,18845.0,0.0
2019-04-05,18965.0,18965.0,18965.0,18965.0,0.0
2019-04-08,18925.0,18925.0,18925.0,18925.0,0.0
2019-04-09,18900.0,18900.0,18900.0,18900.0,0.0
2019-04-10,18845.0,18845.0,18845.0,18845.0,0.0
2019-04-11,18825.0,18825.0,18825.0,18825.0,0.0
2019-04-12,18990.0,18990.0,18990.0,18990.0,0.0
2019-04-15,19330.0,19330.0,19330.0,19330.0,0.0
2019-04-16,19355.0,19355.0,19355.0,19355.0,0.0
2019-04-17,19415.0,19415.0,19415.0,19415.0,0.0
2019-04-18,19235.0,19235.0,19235.0,19235.0,0.0
2019-04-19,19320.0,19320.0,19320.0,19320.0,0.0
2019-04-22,19360.0,19360.0,19360.0,19360.0,0.0
2019-04-23,19395.0,19395.0,19395.0,19395.0,0.0
2019-04-24,19300.0,19300.0,19300.0,19300.0,0.0
2019-04-25,19475.0,19475.0,19475.0,19475.0,0.0
2019-04-26,19410.0,19410.0,19410.0,19410.0,0.0
2019-04-29,19605.0,19605.0,19605.0,19605.0,0.0
2019-04-30,19520.0,19520.0,19520.0,19520.0,0.0
2019-05-01,19665.0,19665.0,19665.0,19665.0,0.0
2019-05-02,19505.0,19505.0,19505.0,19505.0,0.0
2019-05-03,19480.0,19480.0,19480.0,19480.0,0.0
2019-05-06,19195.0,19195.0,19195.0,19195.0,0.0
2019-05-07,19255.0,19255.0,19255.0,19255.0,0.0
2019-05-08,18765.0,18765.0,18765.0,18765.0,0.0
2019-05-09,18600.0,18600.0,18600.0,18600.0,0.0
2019-05-10,18530.0,18530.0,18530.0,18530.0,0.0
2019-05-13,18385.0,18385.0,18385.0,18385.0,0.0
2019-05-14,18180.0,18180.0,18180.0,18180.0,0.0
2019-05-15,18370.0,18370.0,18370.0,18370.0,0.0
2019-05-16,18235.0,18235.0,18235.0,18235.0,0.0
2019-05-17,18420.0,18420.0,18420.0,18420.0,0.0
2019-05-20,18465.0,18465.0,18465.0,18465.0,0.0
2019-05-21,18415.0,18415.0,18415.0,18415.0,0.0
2019-05-22,18500.0,18500.0,18500.0,18500.0,0.0
2019-05-23,18315.0,18315.0,18315.0,18315.0,0.0
2019-05-24,18310.0,18310.0,18310.0,18310.0,0.0
2019-05-27,18405.0,18405.0,18405.0,18405.0,0.0
2019-05-28,18415.0,18415.0,18415.0,18415.0,0.0
2019-05-29,18115.0,18115.0,18115.0,18115.0,0.0
2019-05-30,18125.0,18125.0,18125.0,18125.0,0.0
2019-05-31,17780.0,17780.0,17780.0,17780.0,0.0
2019-06-03,17600.0,17600.0,17600.0,17600.0,0.0
2019-06-04,17560.0,17560.0,17560.0,17560.0,0.0
2019-06-05,17925.0,17925.0,17925.0,17925.0,0.0
2019-06-06,17970.0,17970.0,17970.0,17970.0,0.0
2019-06-07,18135.0,18135.0,18135.0,18135.0,0.0
2019-06-10,18365.0,18365.0,18365.0,18365.0,0.0
2019-06-11,18425.0,18425.0,18425.0,18425.0,0.0
2019-06-12,18325.0,18325.0,18325.0,18325.0,0.0
2019-06-13,18215.0,18215.0,18215.0,18215.0,0.0
2019-06-14,18295.0,18295.0,18295.0,18295.0,0.0
2019-06-17,18330.0,18330.0,18330.0,18330.0,0.0
2019-06-18,18185.0,18185.0,18185.0,18185.0,0.0
2019-06-19,18510.0,18510.0,18510.0,18510.0,0.0
2019-06-20,18655.0,18655.0,18655.0,18655.0,0.0
2019-06-21,18480.0,18480.0,18480.0,18480.0,0.0
2019-06-24,18500.0,18500.0,18500.0,18500.0,0.0
2019-06-25,18370.0,18370.0,18370.0,18370.0,0.0
2019-06-26,18345.0,18345.0,18345.0,18345.0,0.0
2019-06-27,18575.0,18575.0,18575.0,18575.0,0.0
2019-06-28,18515.0,18515.0,18515.0,18515.0,0.0
2019-07-01,19020.0,19020.0,19020.0,19020.0,0.0
2019-07-02,18970.0,18970.0,18970.0,18970.0,0.0
2019-07-03,18815.0,18815.0,18815.0,18815.0,0.0
2019-07-04,18900.0,18900.0,18900.0,18900.0,0.0
2019-07-05,18910.0,18910.0,18910.0,18910.0,0.0
2019-07-08,18780.0,18780.0,18780.0,18780.0,0.0
2019-07-09,18735.0,18735.0,18735.0,18735.0,0.0
2019-07-10,18735.0,18735.0,18735.0,18735.0,0.0
2019-07-11,18830.0,18830.0,18830.0,18830.0,0.0
2019-07-12,18860.0,18860.0,18860.0,18860.0,0.0
2019-07-15,18850.0,18850.0,18850.0,18850.0,0.0
2019-07-16,18755.0,18755.0,18755.0,18755.0,0.0
2019-07-17,18660.0,18660.0,18660.0,18660.0,0.0
2019-07-18,18275.0,18275.0,18275.0,18275.0,0.0
2019-07-19,18625.0,18625.0,18625.0,18625.0,0.0
2019-07-22,18585.0,18585.0,18585.0,18585.0,0.0
2019-07-23,18820.0,18820.0,18820.0,18820.0,0.0
2019-07-24,18915.0,18915.0,18915.0,18915.0,0.0
2019-07-25,18970.0,18970.0,18970.0,18970.0,0.0
2019-07-26,18825.0,18825.0,18825.0,18825.0,0.0
2019-07-29,18810.0,18810.0,18810.0,18810.0,0.0
2019-07-30,18890.0,18890.0,18890.0,18890.0,0.0
2019-07-31,18755.0,18755.0,18755.0,18755.0,0.0
2019-08-01,18710.0,18710.0,18710.0,18710.0,0.0
2019-08-02,18280.0,18280.0,18280.0,18280.0,0.0
2019-08-05,17855.0,17855.0,17855.0,17855.0,0.0
2019-08-06,17790.0,17790.0,17790.0,17790.0,0.0
2019-08-07,17760.0,17760.0,17760.0,17760.0,0.0
2019-08-08,17875.0,17875.0,17875.0,17875.0,0.0
2019-08-09,17930.0,17930.0,17930.0,17930.0,0.0
2019-08-12,17780.0,17780.0,17780.0,17780.0,0.0
2019-08-13,17570.0,17570.0,17570.0,17570.0,0.0
2019-08-14,17855.0,17855.0,17855.0,17855.0,0.0
2019-08-15,17670.0,17670.0,17670.0,17670.0,0.0
2019-08-16,17665.0,17665.0,17665.0,17665.0,0.0
2019-08-19,17860.0,17860.0,17860.0,17860.0,0.0
2019-08-20,17890.0,17890.0,17890.0,17890.0,0.0
2019-08-21,17825.0,17825.0,17825.0,17825.0,0.0
2019-08-22,17855.0,17855.0,17855.0,17855.0,0.0
2019-08-23,17970.0,17970.0,17970.0,17970.0,0.0
2019-08-26,17590.0,17590.0,17590.0,17590.0,0.0
2019-08-27,17690.0,17690.0,17690.0,17690.0,0.0
2019-08-28,17720.0,17720.0,17720.0,17720.0,0.0
2019-08-29,17745.0,17745.0,17745.0,17745.0,0.0
2019-08-30,17925.0,17925.0,17925.0,17925.0,0.0
2019-09-02,17845.0,17845.0,17845.0,17845.0,0.0
2019-09-03,17915.0,17915.0,17915.0,17915.0,0.0
2019-09-04,17965.0,17965.0,17965.0,17965.0,0.0
2019-09-05,18315.0,18315.0,18315.0,18315.0,0.0
2019-09-06,18460.0,18460.0,18460.0,18460.0,0.0
2019-09-09,18570.0,18570.0,18570.0,18570.0,0.0
2019-09-10,18600.0,18600.0,18600.0,18600.0,0.0
2019-09-11,18810.0,18810.0,18810.0,18810.0,0.0
2019-09-12,19050.0,19050.0,19050.0,19050.0,0.0
2019-09-13,19225.0,19225.0,19225.0,19225.0,0.0
2019-09-16,19160.0,19160.0,19160.0,19160.0,0.0
2019-09-17,19220.0,19220.0,19220.0,19220.0,0.0
2019-09-18,19210.0,19210.0,19210.0,19210.0,0.0
2019-09-19,19290.0,19290.0,19290.0,19290.0,0.0
2019-09-20,19335.0,19335.0,19335.0,19335.0,0.0
2019-09-23,19340.0,19340.0,19340.0,19340.0,0.0
2019-09-24,19360.0,19360.0,19360.0,19360.0,0.0
2019-09-25,19215.0,19215.0,19215.0,19215.0,0.0
2019-09-26,19275.0,19275.0,19275.0,19275.0,0.0
2019-09-27,19455.0,19455.0,19455.0,19455.0,0.0
2019-09-30,19075.0,19075.0,19075.0,19075.0,0.0
2019-10-01,19300.0,19300.0,19300.0,19300.0,0.0
2019-10-02,19070.0,19070.0,19070.0,19070.0,0.0
2019-10-03,18640.0,18640.0,18640.0,18640.0,0.0
2019-10-04,18695.0,18695.0,18695.0,18695.0,0.0
2019-10-07,18775.0,18775.0,18775.0,18775.0,0.0
2019-10-08,19005.0,19005.0,19005.0,19005.0,0.0
2019-10-09,18830.0,18830.0,18830.0,18830.0,0.0
2019-10-10,18865.0,18865.0,18865.0,18865.0,0.0
2019-10-11,19130.0,19130.0,19130.0,19130.0,0.0
2019-10-14,19370.0,19370.0,19370.0,19370.0,0.0
2019-10-15,19560.0,19560.0,19560.0,19560.0,0.0
2019-10-16,19855.0,19855.0,19855.0,19855.0,0.0
2019-10-17,19850.0,19850.0,19850.0,19850.0,0.0
2019-10-18,19880.0,19880.0,19880.0,19880.0,0.0
2019-10-21,19975.0,19975.0,19975.0,19975.0,0.0
2019-10-22,20145.0,20145.0,20145.0,20145.0,0.0
2019-10-23,20020.0,20020.0,20020.0,20020.0,0.0
2019-10-24,20185.0,20185.0,20185.0,20185.0,0.0
2019-10-25,20175.0,20175.0,20175.0,20175.0,0.0
2019-10-28,20240.0,20240.0,20240.0,20240.0,0.0
2019-10-29,20355.0,20355.0,20355.0,20355.0,0.0
2019-10-30,20245.0,20245.0,20245.0,20245.0,0.0
2019-10-31,20375.0,20375.0,20375.0,20375.0,0.0
2019-11-01,20250.0,20250.0,20250.0,20250.0,0.0
2019-11-04,20425.0,20425.0,20425.0,20425.0,0.0
2019-11-05,20745.0,20745.0,20745.0,20745.0,0.0
2019-11-06,20745.0,20745.0,20745.0,20745.0,0.0
2019-11-07,20785.0,20785.0,20785.0,20785.0,0.0
2019-11-08,20810.0,20810.0,20810.0,20810.0,0.0
2019-11-11,20685.0,20685.0,20685.0,20685.0,0.0
2019-11-12,21000.0,21000.0,21000.0,21000.0,0.0
2019-11-13,20775.0,20775.0,20775.0,20775.0,0.0
2019-11-14,20580.0,20580.0,20580.0,20580.0,0.0
2019-11-15,20770.0,20770.0,20770.0,20770.0,0.0
2019-11-18,20835.0,20835.0,20835.0,20835.0,0.0
2019-11-19,20755.0,20755.0,20755.0,20755.0,0.0
2019-11-20,20570.0,20570.0,20570.0,20570.0,0.0
2019-11-21,20495.0,20495.0,20495.0,20495.0,0.0
2019-11-22,20555.0,20555.0,20555.0,20555.0,0.0
2019-11-25,20730.0,20730.0,20730.0,20730.0,0.0
2019-11-26,20800.0,20800.0,20800.0,20800.0,0.0
2019-11-27,20885.0,20885.0,20885.0,20885.0,0.0
2019-11-28,20840.0,20840.0,20840.0,20840.0,0.0
2019-11-29,20720.0,20720.0,20720.0,20720.0,0.0
2019-12-02,20950.0,20950.0,20950.0,20950.0,0.0
2019-12-03,20730.0,20730.0,20730.0,20730.0,0.0
2019-12-04,20510.0,20510.0,20510.0,20510.0,0.0
2019-12-05,20750.0,20750.0,20750.0,20750.0,0.0
2019-12-06,20825.0,20825.0,20825.0,20825.0,0.0
2019-12-09,20840.0,20840.0,20840.0,20840.0,0.0
2019-12-10,20840.0,20840.0,20840.0,20840.0,0.0
2019-12-11,20775.0,20775.0,20775.0,20775.0,0.0
2019-12-12,20870.0,20870.0,20870.0,20870.0,0.0
2019-12-13,21395.0,21395.0,21395.0,21395.0,0.0
2019-12-16,21390.0,21390.0,21390.0,21390.0,0.0
2019-12-17,21465.0,21465.0,21465.0,21465.0,0.0
2019-12-18,21275.0,21275.0,21275.0,21275.0,0.0
2019-12-19,21275.0,21275.0,21275.0,21275.0,0.0
2019-12-20,21180.0,21180.0,21180.0,21180.0,0.0
2019-12-23,21185.0,21185.0,21185.0,21185.0,0.0
2019-12-24,21205.0,21205.0,21205.0,21205.0,0.0
2019-12-25,21145.0,21145.0,21145.0,21145.0,0.0
2019-12-26,21255.0,21255.0,21255.0,21255.0,0.0
2019-12-27,21330.0,21330.0,21330.0,21330.0,0.0
2019-12-30,21080.0,21080.0,21080.0,21080.0,0.0
2019-12-31,20800.0,20800.0,20800.0,20800.0,0.0
2020-01-02,21030.0,21030.0,21030.0,21030.0,0.0
2020-01-03,20765.0,20765.0,20765.0,20765.0,0.0
2020-01-06,20535.0,20535.0,20535.0,20535.0,0.0
2020-01-07,20890.0,20890.0,20890.0,20890.0,0.0
2020-01-08,20600.0,20600.0,20600.0,20600.0,0.0
2020-01-09,21120.0,21120.0,21120.0,21120.0,0.0
2020-01-10,21220.0,21220.0,21220.0,21220.0,0.0
2020-01-13,21195.0,21195.0,21195.0,21195.0,0.0
2020-01-14,21425.0,21425.0,21425.0,21425.0,0.0
2020-01-15,21335.0,21335.0,21335.0,21335.0,0.0
2020-01-16,21360.0,21360.0,21360.0,21360.0,0.0
2020-01-17,21465.0,21465.0,21465.0,21465.0,0.0
2020-01-20,21485.0,21485.0,21485.0,21485.0,0.0
2020-01-21,21275.0,21275.0,21275.0,21275.0,0.0
2020-01-22,21425.0,21425.0,21425.0,21425.0,0.0
2020-01-23,21180.0,21180.0,21180.0,21180.0,0.0
2020-01-24,21225.0,21225.0,21225.0,21225.0,0.0
2020-01-27,20740.0,20740.0,20740.0,20740.0,0.0
2020-01-28,20615.0,20615.0,20615.0,20615.0,0.0
2020-01-29,20785.0,20785.0,20785.0,20785.0,0.0
2020-01-30,20370.0,20370.0,20370.0,20370.0,0.0
2020-01-31,20560.0,20560.0,20560.0,20560.0,0.0
2020-02-03,20325.0,20325.0,20325.0,20325.0,0.0
2020-02-04,20510.0,20510.0,20510.0,20510.0,0.0
2020-02-05,20785.0,20785.0,20785.0,20785.0,0.0
2020-02-06,21350.0,21350.0,21350.0,21350.0,0.0
2020-02-07,21300.0,21300.0,21300.0,21300.0,0.0
2020-02-10,21085.0,21085.0,21085.0,21085.0,0.0
2020-02-11,21295.0,21295.0,21295.0,21295.0,0.0
2020-02-12,21275.0,21275.0,21275.0,21275.0,0.0
2020-02-13,21205.0,21205.0,21205.0,21205.0,0.0
2020-02-14,21050.0,21050.0,21050.0,21050.0,0.0
2020-02-17,20960.0,20960.0,20960.0,20960.0,0.0
2020-02-18,20615.0,20615.0,20615.0,20615.0,0.0
2020-02-19,20810.0,20810.0,20810.0,20810.0,0.0
2020-02-20,20945.0,20945.0,20945.0,20945.0,0.0
2020-02-21,20720.0,20720.0,20720.0,20720.0,0.0
2020-02-24,20020.0,20020.0,20020.0,20020.0,0.0
2020-02-25,20120.0,20120.0,20120.0,20120.0,0.0
2020-02-26,19765.0,19765.0,19765.0,19765.0,0.0
2020-02-27,19290.0,19290.0,19290.0,19290.0,0.0
2020-02-28,18410.0,18410.0,18410.0,18410.0,0.0
2020-03-02,18665.0,18665.0,18665.0,18665.0,0.0
2020-03-03,18500.0,18500.0,18500.0,18500.0,0.0
2020-03-04,18560.0,18560.0,18560.0,18560.0,0.0
2020-03-05,18755.0,18755.0,18755.0,18755.0,0.0
2020-03-06,18190.0,18190.0,18190.0,18190.0,0.0
2020-03-09,16915.0,16915.0,16915.0,16915.0,0.0
2020-03-10,17330.0,17330.0,17330.0,17330.0,0.0
2020-03-11,16870.0,16870.0,16870.0,16870.0,0.0
2020-03-12,15780.0,15780.0,15780.0,15780.0,0.0
2020-03-13,14365.0,14365.0,14365.0,14365.0,0.0
2020-03-16,14615.0,14615.0,14615.0,14615.0,0.0
2020-03-17,14410.0,14410.0,14410.0,14410.0,0.0
2020-03-18,14020.0,14020.0,14020.0,14020.0,0.0
2020-03-19,14320.0,14320.0,14320.0,14320.0,0.0
2020-03-20,14955.0,14955.0,14955.0,14955.0,0.0
2020-03-23,14750.0,14750.0,14750.0,14750.0,0.0
2020-03-24,16255.0,16255.0,16255.0,16255.0,0.0
2020-03-25,16975.0,16975.0,16975.0,16975.0,0.0
2020-03-26,16260.0,16260.0,16260.0,16260.0,0.0
2020-03-27,16860.0,16860.0,16860.0,16860.0,0.0
2020-03-30,16390.0,16390.0,16390.0,16390.0,0.0
2020-03-31,16510.0,16510.0,16510.0,16510.0,0.0
2020-04-01,15570.0,15570.0,15570.0,15570.0,0.0
2020-04-02,15505.0,15505.0,15505.0,15505.0,0.0
2020-04-03,15380.0,15380.0,15380.0,15380.0,0.0
2020-04-06,16270.0,16270.0,16270.0,16270.0,0.0
2020-04-07,16850.0,16850.0,16850.0,16850.0,0.0
2020-04-08,16570.0,16570.0,16570.0,16570.0,0.0
2020-04-09,17150.0,17150.0,17150.0,17150.0,0.0
2020-04-10,17040.0,17040.0,17040.0,17040.0,0.0
2020-04-13,16780.0,16780.0,16780.0,16780.0,0.0
2020-04-14,17245.0,17245.0,17245.0,17245.0,0.0
2020-04-15,17225.0,17225.0,17225.0,17225.0,0.0
2020-04-16,17000.0,17000.0,17000.0,17000.0,0.0
2020-04-17,17385.0,17385.0,17385.0,17385.0,0.0
2020-04-20,17370.0,17370.0,17370.0,17370.0,0.0
2020-04-21,17070.0,17070.0,17070.0,17070.0,0.0
2020-04-22,16775.0,16775.0,16775.0,16775.0,0.0
2020-04-23,17200.0,17200.0,17200.0,17200.0,0.0
2020-04-24,16970.0,16970.0,16970.0,16970.0,0.0
2020-04-27,17405.0,17405.0,17405.0,17405.0,0.0
2020-04-28,17535.0,17535.0,17535.0,17535.0,0.0
2020-04-29,17840.0,17840.0,17840.0,17840.0,0.0
2020-04-30,17835.0,17835.0,17835.0,17835.0,0.0
2020-05-01,17320.0,17320.0,17320.0,17320.0,0.0
2020-05-04,17000.0,17000.0,17000.0,17000.0,0.0
2020-05-05,17275.0,17275.0,17275.0,17275.0,0.0
2020-05-06,17435.0,17435.0,17435.0,17435.0,0.0
2020-05-07,17400.0,17400.0,17400.0,17400.0,0.0
2020-05-08,17850.0,17850.0,17850.0,17850.0,0.0
2020-05-11,18160.0,18160.0,18160.0,18160.0,0.0
2020-05-12,17990.0,17990.0,17990.0,17990.0,0.0
2020-05-13,18055.0,18055.0,18055.0,18055.0,0.0
2020-05-14,17530.0,17530.0,17530.0,17530.0,0.0
2020-05-15,17770.0,17770.0,17770.0,17770.0,0.0
2020-05-18,17940.0,17940.0,17940.0,17940.0,0.0
2020-05-19,18265.0,18265.0,18265.0,18265.0,0.0
2020-05-20,18255.0,18255.0,18255.0,18255.0,0.0
2020-05-21,18305.0,18305.0,18305.0,18305.0,0.0
2020-05-22,18070.0,18070.0,18070.0,18070.0,0.0
2020-05-25,18520.0,18520.0,18520.0,18520.0,0.0
2020-05-26,18985.0,18985.0,18985.0,18985.0,0.0
2020-05-27,19165.0,19165.0,19165.0,19165.0,0.0
2020-05-28,19705.0,19705.0,19705.0,19705.0,0.0
2020-05-29,19500.0,19500.0,19500.0,19500.0,0.0
2020-06-01,19825.0,19825.0,19825.0,19825.0,0.0
2020-06-02,20100.0,20100.0,20100.0,20100.0,0.0
2020-06-03,20430.0,20430.0,20430.0,20430.0,0.0
2020-06-04,20485.0,20485.0,20485.0,20485.0,0.0
2020-06-05,20605.0,20605.0,20605.0,20605.0,0.0
2020-06-08,20865.0,20865.0,20865.0,20865.0,0.0
2020-06-09,20815.0,20815.0,20815.0,20815.0,0.0
2020-06-10,20750.0,20750.0,20750.0,20750.0,0.0
2020-06-11,20115.0,20115.0,20115.0,20115.0,0.0
2020-06-12,19835.0,19835.0,19835.0,19835.0,0.0
2020-06-15,19125.0,19125.0,19125.0,19125.0,0.0
2020-06-16,20125.0,20125.0,20125.0,20125.0,0.0
2020-06-17,20285.0,20285.0,20285.0,20285.0,0.0
2020-06-18,20025.0,20025.0,20025.0,20025.0,0.0
2020-06-19,20285.0,20285.0,20285.0,20285.0,0.0
2020-06-22,20085.0,20085.0,20085.0,20085.0,0.0
2020-06-23,20340.0,20340.0,20340.0,20340.0,0.0
2020-06-24,20205.0,20205.0,20205.0,20205.0,0.0
2020-06-25,19970.0,19970.0,19970.0,19970.0,0.0
2020-06-26,20180.0,20180.0,20180.0,20180.0,0.0
2020-06-29,19770.0,19770.0,19770.0,19770.0,0.0
2020-06-30,20005.0,20005.0,20005.0,20005.0,0.0
2020-07-01,19850.0,19850.0,19850.0,19850.0,0.0
2020-07-02,19940.0,19940.0,19940.0,19940.0,0.0
2020-07-03,20085.0,20085.0,20085.0,20085.0,0.0
2020-07-06,20395.0,20395.0,20395.0,20395.0,0.0
2020-07-07,20295.0,20295.0,20295.0,20295.0,0.0
2020-07-08,20115.0,20115.0,20115.0,20115.0,0.0
2020-07-09,20235.0,20235.0,20235.0,20235.0,0.0
2020-07-10,20040.0,20040.0,20040.0,20040.0,0.0
2020-07-13,20445.0,20445.0,20445.0,20445.0,0.0
2020-07-14,20380.0,20380.0,20380.0,20380.0,0.0
2020-07-15,20690.0,20690.0,20690.0,20690.0,0.0
2020-07-16,20525.0,20525.0,20525.0,20525.0,0.0
2020-07-17,20425.0,20425.0,20425.0,20425.0,0.0
2020-07-20,20405.0,20405.0,20405.0,20405.0,0.0
2020-07-21,20620.0,20620.0,20620.0,20620.0,0.0
2020-07-22,20505.0,20505.0,20505.0,20505.0,0.0
2020-07-23,20560.0,20560.0,20560.0,20560.0,0.0
2020-07-24,20200.0,20200.0,20200.0,20200.0,0.0
2020-07-27,20430.0,20430.0,20430.0,20430.0,0.0
2020-07-28,20365.0,20365.0,20365.0,20365.0,0.0
2020-07-29,20145.0,20145.0,20145.0,20145.0,0.0
2020-07-30,20095.0,20095.0,20095.0,20095.0,0.0
2020-07-31,19600.0,19600.0,19600.0,19600.0,0.0
2020-08-03,19890.0,19890.0,19890.0,19890.0,0.0
2020-08-04,20355.0,20355.0,20355.0,20355.0,0.0
2020-08-05,20310.0,20310.0,20310.0,20310.0,0.0
2020-08-06,20235.0,20235.0,20235.0,20235.0,0.0
2020-08-07,20160.0,20160.0,20160.0,20160.0,0.0
2020-08-10,20335.0,20335.0,20335.0,20335.0,0.0
2020-08-11,20525.0,20525.0,20525.0,20525.0,0.0
2020-08-12,20720.0,20720.0,20720.0,20720.0,0.0
2020-08-13,21040.0,21040.0,21040.0,21040.0,0.0
2020-08-14,21105.0,21105.0,21105.0,21105.0,0.0
2020-08-17,20940.0,20940.0,20940.0,20940.0,0.0
2020-08-18,20875.0,20875.0,20875.0,20875.0,0.0
2020-08-19,20965.0,20965.0,20965.0,20965.0,0.0
2020-08-20,20725.0,20725.0,20725.0,20725.0,0.0
2020-08-21,20715.0,20715.0,20715.0,20715.0,0.0
2020-08-24,20835.0,20835.0,20835.0,20835.0,0.0
2020-08-25,21165.0,21165.0,21165.0,21165.0,0.0
2020-08-26,21060.0,21060.0,21060.0,21060.0,0.0
2020-08-27,21015.0,21015.0,21015.0,21015.0,0.0
2020-08-28,20760.0,20760.0,20760.0,20760.0,0.0
2020-08-31,20980.0,20980.0,20980.0,20980.0,0.0
2020-09-01,20965.0,20965.0,20965.0,20965.0,0.0
2020-09-02,21100.0,21100.0,21100.0,21100.0,0.0
2020-09-03,21310.0,21310.0,21310.0,21310.0,0.0
2020-09-04,20975.0,20975.0,20975.0,20975.0,0.0
2020-09-07,20865.0,20865.0,20865.0,20865.0,0.0
2020-09-08,21065.0,21065.0,21065.0,21065.0,0.0
2020-09-09,20715.0,20715.0,20715.0,20715.0,0.0
2020-09-10,21075.0,21075.0,21075.0,21075.0,0.0
2020-09-11,21150.0,21150.0,21150.0,21150.0,0.0
2020-09-14,21395.0,21395.0,21395.0,21395.0,0.0
2020-09-15,21310.0,21310.0,21310.0,21310.0,0.0
2020-09-16,21275.0,21275.0,21275.0,21275.0,0.0
2020-09-17,21075.0,21075.0,21075.0,21075.0,0.0
2020-09-18,21195.0,21195.0,21195.0,21195.0,0.0
2020-09-21,21025.0,21025.0,21025.0,21025.0,0.0
2020-09-22,20590.0,20590.0,20590.0,20590.0,0.0
2020-09-23,21145.0,21145.0,21145.0,21145.0,0.0
2020-09-24,20915.0,20915.0,20915.0,20915.0,0.0
2020-09-25,21025.0,21025.0,21025.0,21025.0,0.0
2020-09-28,21140.0,21140.0,21140.0,21140.0,0.0
2020-09-29,21470.0,21470.0,21470.0,21470.0,0.0
2020-09-30,21170.0,21170.0,21170.0,21170.0,0.0
2020-10-01,21290.0,21290.0,21290.0,21290.0,0.0
2020-10-02,20985.0,20985.0,20985.0,20985.0,0.0
2020-10-05,21265.0,21265.0,21265.0,21265.0,0.0
2020-10-06,21370.0,21370.0,21370.0,21370.0,0.0
2020-10-07,21370.0,21370.0,21370.0,21370.0,0.0
2020-10-08,21610.0,21610.0,21610.0,21610.0,0.0
2020-10-09,21545.0,21545.0,21545.0,21545.0,0.0
2020-10-12,21485.0,21485.0,21485.0,21485.0,0.0
2020-10-13,21565.0,21565.0,21565.0,21565.0,0.0
2020-10-14,21550.0,21550.0,21550.0,21550.0,0.0
2020-10-15,21460.0,21460.0,21460.0,21460.0,0.0
2020-10-16,21355.0,21355.0,21355.0,21355.0,0.0
2020-10-19,21610.0,21610.0,21610.0,21610.0,0.0
2020-10-20,21500.0,21500.0,21500.0,21500.0,0.0
2020-10-21,21605.0,21605.0,21605.0,21605.0,0.0
2020-10-22,21465.0,21465.0,21465.0,21465.0,0.0
2020-10-23,21475.0,21475.0,21475.0,21475.0,0.0
2020-10-26,21440.0,21440.0,21440.0,21440.0,0.0
2020-10-27,21465.0,21465.0,21465.0,21465.0,0.0
2020-10-28,21385.0,21385.0,21385.0,21385.0,0.0
2020-10-29,21285.0,21285.0,21285.0,21285.0,0.0
2020-10-30,20830.0,20830.0,20830.0,20830.0,0.0
2020-11-02,21205.0,21205.0,21205.0,21205.0,0.0
2020-11-03,21560.0,21560.0,21560.0,21560.0,0.0
2020-11-04,21700.0,21700.0,21700.0,21700.0,0.0
2020-11-05,22070.0,22070.0,22070.0,22070.0,0.0
2020-11-06,22265.0,22265.0,22265.0,22265.0,0.0
2020-11-09,22820.0,22820.0,22820.0,22820.0,0.0
2020-11-10,22845.0,22845.0,22845.0,22845.0,0.0
2020-11-11,23320.0,23320.0,23320.0,23320.0,0.0
2020-11-12,23295.0,23295.0,23295.0,23295.0,0.0
2020-11-13,23305.0,23305.0,23305.0,23305.0,0.0
2020-11-16,23925.0,23925.0,23925.0,23925.0,0.0
2020-11-17,24000.0,24000.0,24000.0,24000.0,0.0
2020-11-18,23625.0,23625.0,23625.0,23625.0,0.0
2020-11-19,23500.0,23500.0,23500.0,23500.0,0.0
2020-11-20,23455.0,23455.0,23455.0,23455.0,0.0
2020-11-23,23750.0,23750.0,23750.0,23750.0,0.0
2020-11-24,24145.0,24145.0,24145.0,24145.0,0.0
2020-11-25,24305.0,24305.0,24305.0,24305.0,0.0
2020-11-26,24520.0,24520.0,24520.0,24520.0,0.0
2020-11-27,24565.0,24565.0,24565.0,24565.0,0.0
2020-11-30,24415.0,24415.0,24415.0,24415.0,0.0
2020-12-01,24725.0,24725.0,24725.0,24725.0,0.0
2020-12-02,24780.0,24780.0,24780.0,24780.0,0.0
2020-12-03,24785.0,24785.0,24785.0,24785.0,0.0
2020-12-04,24675.0,24675.0,24675.0,24675.0,0.0
2020-12-07,24495.0,24495.0,24495.0,24495.0,0.0
2020-12-08,24410.0,24410.0,24410.0,24410.0,0.0
2020-12-09,24765.0,24765.0,24765.0,24765.0,0.0
2020-12-10,24650.0,24650.0,24650.0,24650.0,0.0
2020-12-11,24520.0,24520.0,24520.0,24520.0,0.0
2020-12-14,24675.0,24675.0,24675.0,24675.0,0.0
2020-12-15,24610.0,24610.0,24610.0,24610.0,0.0
2020-12-16,24650.0,24650.0,24650.0,24650.0,0.0
2020-12-17,24760.0,24760.0,24760.0,24760.0,0.0
2020-12-18,24750.0,24750.0,24750.0,24750.0,0.0
2020-12-21,24655.0,24655.0,24655.0,24655.0,0.0
2020-12-22,24365.0,24365.0,24365.0,24365.0,0.0
2020-12-23,24475.0,24475.0,24475.0,24475.0,0.0
2020-12-24,24665.0,24665.0,24665.0,24665.0,0.0
2020-12-25,24655.0,24655.0,24655.0,24655.0,0.0
2020-12-28,24745.0,24745.0,24745.0,24745.0,0.0
2020-12-29,25540.0,25540.0,25540.0,25540.0,0.0
2020-12-30,25470.0,25470.0,25470.0,25470.0,0.0
2020-12-31,25485.0,25485.0,25485.0,25485.0,0.0
2021-01-04,25310.0,25310.0,25310.0,25310.0,0.0
2021-01-05,25075.0,25075.0,25075.0,25075.0,0.0
2021-01-06,25020.0,25020.0,25020.0,25020.0,0.0
2021-01-07,25460.0,25460.0,25460.0,25460.0,0.0
2021-01-08,26155.0,26155.0,26155.0,26155.0,0.0
2021-01-11,26085.0,26085.0,26085.0,26085.0,0.0
2021-01-12,26195.0,26195.0,26195.0,26195.0,0.0
2021-01-13,26465.0,26465.0,26465.0,26465.0,0.0
2021-01-14,26830.0,26830.0,26830.0,26830.0,0.0
2021-01-15,26490.0,26490.0,26490.0,26490.0,0.0
2021-01-18,26190.0,26190.0,26190.0,26190.0,0.0
2021-01-19,26685.0,26685.0,26685.0,26685.0,0.0
2021-01-20,26525.0,26525.0,26525.0,26525.0,0.0
2021-01-21,26705.0,26705.0,26705.0,26705.0,0.0
2021-01-22,26640.0,26640.0,26640.0,26640.0,0.0
2021-01-25,26775.0,26775.0,26775.0,26775.0,0.0
2021-01-26,26560.0,26560.0,26560.0,26560.0,0.0
2021-01-27,26640.0,26640.0,26640.0,26640.0,0.0
2021-01-28,26065.0,26065.0,26065.0,26065.0,0.0
2021-01-29,25605.0,25605.0,25605.0,25605.0,0.0
2021-02-01,26075.0,26075.0,26075.0,26075.0,0.0
2021-02-02,26320.0,26320.0,26320.0,26320.0,0.0
2021-02-03,26605.0,26605.0,26605.0,26605.0,0.0
2021-02-04,26360.0,26360.0,26360.0,26360.0,0.0
2021-02-05,26735.0,26735.0,26735.0,26735.0,0.0
2021-02-08,27330.0,27330.0,27330.0,27330.0,0.0
2021-02-09,27430.0,27430.0,27430.0,27430.0,0.0
2021-02-10,27405.0,27405.0,27405.0,27405.0,0.0
2021-02-11,27265.0,27265.0,27265.0,27265.0,0.0
2021-02-12,27345.0,27345.0,27345.0,27345.0,0.0
2021-02-15,28030.0,28030.0,28030.0,28030.0,0.0
2021-02-16,28515.0,28515.0,28515.0,28515.0,0.0
2021-02-17,28345.0,28345.0,28345.0,28345.0,0.0
2021-02-18,28180.0,28180.0,28180.0,28180.0,0.0
2021-02-19,28000.0,28000.0,28000.0,28000.0,0.0
2021-02-22,28130.0,28130.0,28130.0,28130.0,0.0
2021-02-23,28035.0,28035.0,28035.0,28035.0,0.0
2021-02-24,27610.0,27610.0,27610.0,27610.0,0.0
2021-02-25,28155.0,28155.0,28155.0,28155.0,0.0
2021-02-26,27215.0,27215.0,27215.0,27215.0,0.0
2021-03-01,27495.0,27495.0,27495.0,27495.0,0.0
2021-03-02,27480.0,27480.0,27480.0,27480.0,0.0
2021-03-03,27515.0,27515.0,27515.0,27515.0,0.0
2021-03-04,26955.0,26955.0,26955.0,26955.0,0.0
2021-03-05,26715.0,26715.0,26715.0,26715.0,0.0
2021-03-08,26735.0,26735.0,26735.0,26735.0,0.0
2021-03-09,26955.0,26955.0,26955.0,26955.0,0.0
2021-03-10,26925.0,26925.0,26925.0,26925.0,0.0
2021-03-11,27190.0,27190.0,27190.0,27190.0,0.0
2021-03-12,27690.0,27690.0,27690.0,27690.0,0.0
2021-03-15,27655.0,27655.0,27655.0,27655.0,0.0
2021-03-16,27830.0,27830.0,27830.0,27830.0,0.0
2021-03-17,27830.0,27830.0,27830.0,27830.0,0.0
2021-03-18,28185.0,28185.0,28185.0,28185.0,0.0
2021-03-19,27570.0,27570.0,27570.0,27570.0,0.0
2021-03-22,27085.0,27085.0,27085.0,27085.0,0.0
2021-03-23,26940.0,26940.0,26940.0,26940.0,0.0
2021-03-24,26260.0,26260.0,26260.0,26260.0,0.0
2021-03-25,26700.0,26700.0,26700.0,26700.0,0.0
2021-03-26,27150.0,27150.0,27150.0,27150.0,0.0
2021-03-29,27080.0,27080.0,27080.0,27080.0,0.0
2021-03-30,27510.0,27510.0,27510.0,27510.0,0.0
2021-03-31,27250.0,27250.0,27250.0,27250.0,0.0
2021-04-01,27445.0,27445.0,27445.0,27445.0,0.0
2021-04-02,27950.0,27950.0,27950.0,27950.0,0.0
2021-04-05,28110.0,28110.0,28110.0,28110.0,0.0
2021-04-06,27740.0,27740.0,27740.0,27740.0,0.0
2021-04-07,27725.0,27725.0,27725.0,27725.0,0.0
2021-04-08,27670.0,27670.0,27670.0,27670.0,0.0
2021-04-09,27810.0,27810.0,27810.0,27810.0,0.0
2021-04-12,27620.0,27620.0,27620.0,27620.0,0.0
2021-04-13,27815.0,27815.0,27815.0,27815.0,0.0
2021-04-14,27640.0,27640.0,27640.0,27640.0,0.0
2021-04-15,27665.0,27665.0,27665.0,27665.0,0.0
2021-04-16,27745.0,27745.0,27745.0,27745.0,0.0
2021-04-19,27735.0,27735.0,27735.0,27735.0,0.0
2021-04-20,27165.0,27165.0,27165.0,27165.0,0.0
2021-04-21,26590.0,26590.0,26590.0,26590.0,0.0
2021-04-22,27195.0,27195.0,27195.0,27195.0,0.0
2021-04-23,26970.0,26970.0,26970.0,26970.0,0.0
2021-04-26,27215.0,27215.0,27215.0,27215.0,0.0
2021-04-27,27015.0,27015.0,27015.0,27015.0,0.0
2021-04-28,27055.0,27055.0,27055.0,27055.0,0.0
2021-04-29,27055.0,27055.0,27055.0,27055.0,0.0
2021-04-30,26890.0,26890.0,26890.0,26890.0,0.0
2021-05-03,26900.0,26900.0,26900.0,26900.0,0.0
2021-05-04,27015.0,27015.0,27015.0,27015.0,0.0
2021-05-05,26750.0,26750.0,26750.0,26750.0,0.0
2021-05-06,27230.0,27230.0,27230.0,27230.0,0.0
2021-05-07,27315.0,27315.0,27315.0,27315.0,0.0
2021-05-10,27495.0,27495.0,27495.0,27495.0,0.0
2021-05-11,26610.0,26610.0,26610.0,26610.0,0.0
2021-05-12,26125.0,26125.0,26125.0,26125.0,0.0
2021-05-13,25420.0,25420.0,25420.0,25420.0,0.0
2021-05-14,25925.0,25925.0,25925.0,25925.0,0.0
2021-05-17,25715.0,25715.0,25715.0,25715.0,0.0
2021-05-18,26335.0,26335.0,26335.0,26335.0,0.0
2021-05-19,25900.0,25900.0,25900.0,25900.0,0.0
2021-05-20,25990.0,25990.0,25990.0,25990.0,0.0
2021-05-21,26230.0,26230.0,26230.0,26230.0,0.0
2021-05-24,26245.0,26245.0,26245.0,26245.0,0.0
2021-05-25,26495.0,26495.0,26495.0,26495.0,0.0
2021-05-26,26465.0,26465.0,26465.0,26465.0,0.0
2021-05-27,26435.0,26435.0,26435.0,26435.0,0.0
2021-05-28,27005.0,27005.0,27005.0,27005.0,0.0
2021-05-31,26865.0,26865.0,26865.0,26865.0,0.0
2021-06-01,26660.0,26660.0,26660.0,26660.0,0.0
2021-06-02,26800.0,26800.0,26800.0,26800.0,0.0
2021-06-03,26930.0,26930.0,26930.0,26930.0,0.0
2021-06-04,26850.0,26850.0,26850.0,26850.0,0.0
2021-06-07,26940.0,26940.0,26940.0,26940.0,0.0
2021-06-08,26955.0,26955.0,26955.0,26955.0,0.0
2021-06-09,26775.0,26775.0,26775.0,26775.0,0.0
2021-06-10,26880.0,26880.0,26880.0,26880.0,0.0
2021-06-11,26825.0,26825.0,26825.0,26825.0,0.0
2021-06-14,27065.0,27065.0,27065.0,27065.0,0.0
2021-06-15,27355.0,27355.0,27355.0,27355.0,0.0
2021-06-16,27180.0,27180.0,27180.0,27180.0,0.0
2021-06-17,26955.0,26955.0,26955.0,26955.0,0.0
2021-06-18,26860.0,26860.0,26860.0,26860.0,0.0
2021-06-21,26015.0,26015.0,26015.0,26015.0,0.0
2021-06-22,26730.0,26730.0,26730.0,26730.0,0.0
2021-06-23,26755.0,26755.0,26755.0,26755.0,0.0
2021-06-24,26740.0,26740.0,26740.0,26740.0,0.0
2021-06-25,26960.0,26960.0,26960.0,26960.0,0.0
2021-06-28,26875.0,26875.0,26875.0,26875.0,0.0
2021-06-29,26720.0,26720.0,26720.0,26720.0,0.0
2021-06-30,26665.0,26665.0,26665.0,26665.0,0.0
2021-07-01,26575.0,26575.0,26575.0,26575.0,0.0
2021-07-02,26685.0,26685.0,26685.0,26685.0,0.0
2021-07-05,26505.0,26505.0,26505.0,26505.0,0.0
2021-07-06,26555.0,26555.0,26555.0,26555.0,0.0
2021-07-07,26280.0,26280.0,26280.0,26280.0,0.0
2021-07-08,26070.0,26070.0,26070.0,26070.0,0.0
2021-07-09,26105.0,26105.0,26105.0,26105.0,0.0
2021-07-12,26440.0,26440.0,26440.0,26440.0,0.0
2021-07-13,26565.0,26565.0,26565.0,26565.0,0.0
2021-07-14,26485.0,26485.0,26485.0,26485.0,0.0
2021-07-15,26130.0,26130.0,26130.0,26130.0,0.0
2021-07-16,25895.0,25895.0,25895.0,25895.0,0.0
2021-07-19,25570.0,25570.0,25570.0,25570.0,0.0
2021-07-20,25325.0,25325.0,25325.0,25325.0,0.0
2021-07-21,25490.0,25490.0,25490.0,25490.0,0.0
2021-07-22,25835.0,25835.0,25835.0,25835.0,0.0
2021-07-23,26035.0,26035.0,26035.0,26035.0,0.0
2021-07-26,25770.0,25770.0,25770.0,25770.0,0.0
2021-07-27,25815.0,25815.0,25815.0,25815.0,0.0
2021-07-28,25495.0,25495.0,25495.0,25495.0,0.0
2021-07-29,25745.0,25745.0,25745.0,25745.0,0.0
2021-07-30,25280.0,25280.0,25280.0,25280.0,0.0
2021-08-02,25625.0,25625.0,25625.0,25625.0,0.0
2021-08-03,25470.0,25470.0,25470.0,25470.0,0.0
2021-08-04,25460.0,25460.0,25460.0,25460.0,0.0
2021-08-05,25555.0,25555.0,25555.0,25555.0,0.0
2021-08-06,25765.0,25765.0,25765.0,25765.0,0.0
2021-08-09,25635.0,25635.0,25635.0,25635.0,0.0
2021-08-10,25755.0,25755.0,25755.0,25755.0,0.0
2021-08-11,25965.0,25965.0,25965.0,25965.0,0.0
2021-08-12,25910.0,25910.0,25910.0,25910.0,0.0
2021-08-13,25860.0,25860.0,25860.0,25860.0,0.0
2021-08-16,25385.0,25385.0,25385.0,25385.0,0.0
2021-08-17,25255.0,25255.0,25255.0,25255.0,0.0
2021-08-18,25435.0,25435.0,25435.0,25435.0,0.0
2021-08-19,25025.0,25025.0,25025.0,25025.0,0.0
2021-08-20,24875.0,24875.0,24875.0,24875.0,0.0
2021-08-23,25360.0,25360.0,25360.0,25360.0,0.0
2021-08-24,25595.0,25595.0,25595.0,25595.0,0.0
2021-08-25,25585.0,25585.0,25585.0,25585.0,0.0
2021-08-26,25555.0,25555.0,25555.0,25555.0,0.0
2021-08-27,25495.0,25495.0,25495.0,25495.0,0.0
2021-08-30,25595.0,25595.0,25595.0,25595.0,0.0
2021-08-31,26035.0,26035.0,26035.0,26035.0,0.0
2021-09-01,26345.0,26345.0,26345.0,26345.0,0.0
2021-09-02,26345.0,26345.0,26345.0,26345.0,0.0
2021-09-03,26965.0,26965.0,26965.0,26965.0,0.0
2021-09-06,27600.0,27600.0,27600.0,27600.0,0.0
2021-09-07,27765.0,27765.0,27765.0,27765.0,0.0
2021-09-08,27980.0,27980.0,27980.0,27980.0,0.0
2021-09-09,27865.0,27865.0,27865.0,27865.0,0.0
2021-09-10,28170.0,28170.0,28170.0,28170.0,0.0
2021-09-13,28320.0,28320.0,28320.0,28320.0,0.0
2021-09-14,28470.0,28470.0,28470.0,28470.0,0.0
2021-09-15,28385.0,28385.0,28385.0,28385.0,0.0
2021-09-16,28240.0,28240.0,28240.0,28240.0,0.0
2021-09-17,28435.0,28435.0,28435.0,28435.0,0.0
2021-09-20,27830.0,27830.0,27830.0,27830.0,0.0
2021-09-21,27775.0,27775.0,27775.0,27775.0,0.0
2021-09-22,27610.0,27610.0,27610.0,27610.0,0.0
2021-09-23,27930.0,27930.0,27930.0,27930.0,0.0
2021-09-24,28175.0,28175.0,28175.0,28175.0,0.0
2021-09-27,27925.0,27925.0,27925.0,27925.0,0.0
2021-09-28,27720.0,27720.0,27720.0,27720.0,0.0
2021-09-29,27665.0,27665.0,27665.0,27665.0,0.0
2021-09-30,27655.0,27655.0,27655.0,27655.0,0.0
2021-10-01,26760.0,26760.0,26760.0,26760.0,0.0
2021-10-04,26270.0,26270.0,26270.0,26270.0,0.0
2021-10-05,25730.0,25730.0,25730.0,25730.0,0.0
2021-10-06,25480.0,25480.0,25480.0,25480.0,0.0
2021-10-07,25795.0,25795.0,25795.0,25795.0,0.0
2021-10-08,26105.0,26105.0,26105.0,26105.0,0.0
2021-10-11,26500.0,26500.0,26500.0,26500.0,0.0
2021-10-12,26065.0,26065.0,26065.0,26065.0,0.0
2021-10-13,26140.0,26140.0,26140.0,26140.0,0.0
2021-10-14,26600.0,26600.0,26600.0,26600.0,0.0
2021-10-15,27105.0,27105.0,27105.0,27105.0,0.0
2021-10-18,26920.0,26920.0,26920.0,26920.0,0.0
2021-10-19,27265.0,27265.0,27265.0,27265.0,0.0
2021-10-20,27250.0,27250.0,27250.0,27250.0,0.0
2021-10-21,26745.0,26745.0,26745.0,26745.0,0.0
2021-10-22,26860.0,26860.0,26860.0,26860.0,0.0
2021-10-25,26635.0,26635.0,26635.0,26635.0,0.0
2021-10-26,27125.0,27125.0,27125.0,27125.0,0.0
2021-10-27,26995.0,26995.0,26995.0,26995.0,0.0
2021-10-28,26805.0,26805.0,26805.0,26805.0,0.0
2021-10-29,26770.0,26770.0,26770.0,26770.0,0.0
2021-11-01,27525.0,27525.0,27525.0,27525.0,0.0
2021-11-02,27455.0,27455.0,27455.0,27455.0,0.0
2021-11-03,27455.0,27455.0,27455.0,27455.0,0.0
2021-11-04,27825.0,27825.0,27825.0,27825.0,0.0
2021-11-05,27545.0,27545.0,27545.0,27545.0,0.0
2021-11-08,27465.0,27465.0,27465.0,27465.0,0.0
2021-11-09,27235.0,27235.0,27235.0,27235.0,0.0
2021-11-10,27055.0,27055.0,27055.0,27055.0,0.0
2021-11-11,27265.0,27265.0,27265.0,27265.0,0.0
2021-11-12,27535.0,27535.0,27535.0,27535.0,0.0
2021-11-15,27650.0,27650.0,27650.0,27650.0,0.0
2021-11-16,27685.0,27685.0,27685.0,27685.0,0.0
2021-11-17,27635.0,27635.0,27635.0,27635.0,0.0
2021-11-18,27495.0,27495.0,27495.0,27495.0,0.0
2021-11-19,27705.0,27705.0,27705.0,27705.0,0.0
2021-11-22,27740.0,27740.0,27740.0,27740.0,0.0
2021-11-23,27620.0,27620.0,27620.0,27620.0,0.0
2021-11-24,27320.0,27320.0,27320.0,27320.0,0.0
2021-11-25,27465.0,27465.0,27465.0,27465.0,0.0
2021-11-26,26690.0,26690.0,26690.0,26690.0,0.0
2021-11-29,26150.0,26150.0,26150.0,26150.0,0.0
2021-11-30,25500.0,25500.0,25500.0,25500.0,0.0
2021-12-01,26100.0,26100.0,26100.0,26100.0,0.0
2021-12-02,25640.0,25640.0,25640.0,25640.0,0.0
2021-12-03,26000.0,26000.0,26000.0,26000.0,0.0
2021-12-06,25780.0,25780.0,25780.0,25780.0,0.0
2021-12-07,26470.0,26470.0,26470.0,26470.0,0.0
2021-12-08,26815.0,26815.0,26815.0,26815.0,0.0
2021-12-09,26685.0,26685.0,26685.0,26685.0,0.0
2021-12-10,26370.0,26370.0,26370.0,26370.0,0.0
2021-12-13,26610.0,26610.0,26610.0,26610.0,0.0
2021-12-14,26335.0,26335.0,26335.0,26335.0,0.0
2021-12-15,26430.0,26430.0,26430.0,26430.0,0.0
2021-12-16,26980.0,26980.0,26980.0,26980.0,0.0
2021-12-17,26480.0,26480.0,26480.0,26480.0,0.0
2021-12-20,25860.0,25860.0,25860.0,25860.0,0.0
2021-12-21,26435.0,26435.0,26435.0,26435.0,0.0
2021-12-22,26445.0,26445.0,26445.0,26445.0,0.0
2021-12-23,26670.0,26670.0,26670.0,26670.0,0.0
2021-12-24,26680.0,26680.0,26680.0,26680.0,0.0
2021-12-27,26610.0,26610.0,26610.0,26610.0,0.0
2021-12-28,26885.0,26885.0,26885.0,26885.0,0.0
2021-12-29,26830.0,26830.0,26830.0,26830.0,0.0
2021-12-30,26810.0,26810.0,26810.0,26810.0,0.0
2021-12-31,26720.0,26720.0,26720.0,26720.0,0.0
2022-01-03,26845.0,26845.0,26845.0,26845.0,0.0
2022-01-04,26985.0,26985.0,26985.0,26985.0,0.0
2022-01-05,27040.0,27040.0,27040.0,27040.0,0.0
2022-01-06,26265.0,26265.0,26265.0,26265.0,0.0
2022-01-07,26230.0,26230.0,26230.0,26230.0,0.0
2022-01-10,26270.0,26270.0,26270.0,26270.0,0.0
2022-01-11,25930.0,25930.0,25930.0,25930.0,0.0
2022-01-12,26490.0,26490.0,26490.0,26490.0,0.0
2022-01-13,26325.0,26325.0,26325.0,26325.0,0.0
2022-01-14,25985.0,25985.0,25985.0,25985.0,0.0
2022-01-17,26180.0,26180.0,26180.0,26180.0,0.0
2022-01-18,26085.0,26085.0,26085.0,26085.0,0.0
2022-01-19,25325.0,25325.0,25325.0,25325.0,0.0
2022-01-20,25615.0,25615.0,25615.0,25615.0,0.0
2022-01-21,25365.0,25365.0,25365.0,25365.0,0.0
2022-01-24,25390.0,25390.0,25390.0,25390.0,0.0
2022-01-25,24890.0,24890.0,24890.0,24890.0,0.0
2022-01-26,24840.0,24840.0,24840.0,24840.0,0.0
2022-01-27,24030.0,24030.0,24030.0,24030.0,0.0
2022-01-28,24500.0,24500.0,24500.0,24500.0,0.0
2022-01-31,24885.0,24885.0,24885.0,24885.0,0.0
2022-02-01,24855.0,24855.0,24855.0,24855.0,0.0
2022-02-02,25340.0,25340.0,25340.0,25340.0,0.0
2022-02-03,25015.0,25015.0,25015.0,25015.0,0.0
2022-02-04,25215.0,25215.0,25215.0,25215.0,0.0
2022-02-07,25065.0,25065.0,25065.0,25065.0,0.0
2022-02-08,25125.0,25125.0,25125.0,25125.0,0.0
2022-02-09,25370.0,25370.0,25370.0,25370.0,0.0
2022-02-10,25535.0,25535.0,25535.0,25535.0,0.0
2022-02-11,25035.0,25035.0,25035.0,25035.0,0.0
2022-02-14,24880.0,24880.0,24880.0,24880.0,0.0
2022-02-15,24660.0,24660.0,24660.0,24660.0,0.0
2022-02-16,25240.0,25240.0,25240.0,25240.0,0.0
2022-02-17,25045.0,25045.0,25045.0,25045.0,0.0
2022-02-18,24915.0,24915.0,24915.0,24915.0,0.0
2022-02-21,24755.0,24755.0,24755.0,24755.0,0.0
2022-02-22,24245.0,24245.0,24245.0,24245.0,0.0
2022-02-23,24525.0,24525.0,24525.0,24525.0,0.0
2022-02-24,23695.0,23695.0,23695.0,23695.0,0.0
2022-02-25,24300.0,24300.0,24300.0,24300.0,0.0
2022-02-28,24320.0,24320.0,24320.0,24320.0,0.0
2022-03-01,24645.0,24645.0,24645.0,24645.0,0.0
2022-03-02,24080.0,24080.0,24080.0,24080.0,0.0
2022-03-03,24390.0,24390.0,24390.0,24390.0,0.0
2022-03-04,23850.0,23850.0,23850.0,23850.0,0.0
2022-03-07,22955.0,22955.0,22955.0,22955.0,0.0
2022-03-08,22315.0,22315.0,22315.0,22315.0,0.0
2022-03-09,22500.0,22500.0,22500.0,22500.0,0.0
2022-03-10,23460.0,23460.0,23460.0,23460.0,0.0
2022-03-11,23095.0,23095.0,23095.0,23095.0,0.0
2022-03-14,23130.0,23130.0,23130.0,23130.0,0.0
2022-03-15,23145.0,23145.0,23145.0,23145.0,0.0
2022-03-16,23600.0,23600.0,23600.0,23600.0,0.0
2022-03-17,24470.0,24470.0,24470.0,24470.0,0.0
2022-03-18,24750.0,24750.0,24750.0,24750.0,0.0
2022-03-21,24960.0,24960.0,24960.0,24960.0,0.0
2022-03-22,25095.0,25095.0,25095.0,25095.0,0.0
2022-03-23,25875.0,25875.0,25875.0,25875.0,0.0
2022-03-24,25865.0,25865.0,25865.0,25865.0,0.0
2022-03-25,25990.0,25990.0,25990.0,25990.0,0.0
2022-03-28,25530.0,25530.0,25530.0,25530.0,0.0
2022-03-29,25780.0,25780.0,25780.0,25780.0,0.0
2022-03-30,25980.0,25980.0,25980.0,25980.0,0.0
2022-03-31,25770.0,25770.0,25770.0,25770.0,0.0
2022-04-01,25685.0,25685.0,25685.0,25685.0,0.0
2022-04-04,25750.0,25750.0,25750.0,25750.0,0.0
2022-04-05,25765.0,25765.0,25765.0,25765.0,0.0
2022-04-06,25415.0,25415.0,25415.0,25415.0,0.0
2022-04-07,24930.0,24930.0,24930.0,24930.0,0.0
2022-04-08,25050.0,25050.0,25050.0,25050.0,0.0
2022-04-11,24865.0,24865.0,24865.0,24865.0,0.0
2022-04-12,24330.0,24330.0,24330.0,24330.0,0.0
2022-04-13,24875.0,24875.0,24875.0,24875.0,0.0
2022-04-14,25180.0,25180.0,25180.0,25180.0,0.0
2022-04-15,25155.0,25155.0,25155.0,25155.0,0.0
2022-04-18,24755.0,24755.0,24755.0,24755.0,0.0
2022-04-19,25025.0,25025.0,25025.0,25025.0,0.0
2022-04-20,25165.0,25165.0,25165.0,25165.0,0.0
2022-04-21,25495.0,25495.0,25495.0,25495.0,0.0
2022-04-22,25090.0,25090.0,25090.0,25090.0,0.0
2022-04-25,24575.0,24575.0,24575.0,24575.0,0.0
2022-04-26,24615.0,24615.0,24615.0,24615.0,0.0
2022-04-27,24390.0,24390.0,24390.0,24390.0,0.0
2022-04-28,24825.0,24825.0,24825.0,24825.0,0.0
2022-04-29,25340.0,25340.0,25340.0,25340.0,0.0
2022-05-02,24790.0,24790.0,24790.0,24790.0,0.0
2022-05-03,24895.0,24895.0,24895.0,24895.0,0.0
2022-05-04,25075.0,25075.0,25075.0,25075.0,0.0
2022-05-05,25355.0,25355.0,25355.0,25355.0,0.0
2022-05-06,25060.0,25060.0,25060.0,25060.0,0.0
2022-05-09,24385.0,24385.0,24385.0,24385.0,0.0
2022-05-10,24255.0,24255.0,24255.0,24255.0,0.0
2022-05-11,24205.0,24205.0,24205.0,24205.0,0.0
2022-05-12,23720.0,23720.0,23720.0,23720.0,0.0
2022-05-13,24285.0,24285.0,24285.0,24285.0,0.0
2022-05-16,24425.0,24425.0,24425.0,24425.0,0.0
2022-05-17,24545.0,24545.0,24545.0,24545.0,0.0
2022-05-18,24780.0,24780.0,24780.0,24780.0,0.0
2022-05-19,24270.0,24270.0,24270.0,24270.0,0.0
2022-05-20,24635.0,24635.0,24635.0,24635.0,0.0
2022-05-23,24950.0,24950.0,24950.0,24950.0,0.0
2022-05-24,24655.0,24655.0,24655.0,24655.0,0.0
2022-05-25,24545.0,24545.0,24545.0,24545.0,0.0
2022-05-26,24520.0,24520.0,24520.0,24520.0,0.0
2022-05-27,24705.0,24705.0,24705.0,24705.0,0.0
2022-05-30,25270.0,25270.0,25270.0,25270.0,0.0
2022-05-31,25185.0,25185.0,25185.0,25185.0,0.0
2022-06-01,25375.0,25375.0,25375.0,25375.0,0.0
2022-06-02,25350.0,25350.0,25350.0,25350.0,0.0
2022-06-03,25660.0,25660.0,25660.0,25660.0,0.0
2022-06-06,25810.0,25810.0,25810.0,25810.0,0.0
2022-06-07,25930.0,25930.0,25930.0,25930.0,0.0
2022-06-08,26095.0,26095.0,26095.0,26095.0,0.0
2022-06-09,26180.0,26180.0,26180.0,26180.0,0.0
2022-06-10,25805.0,25805.0,25805.0,25805.0,0.0
2022-06-13,24920.0,24920.0,24920.0,24920.0,0.0
2022-06-14,24715.0,24715.0,24715.0,24715.0,0.0
2022-06-15,24460.0,24460.0,24460.0,24460.0,0.0
2022-06-16,24470.0,24470.0,24470.0,24470.0,0.0
2022-06-17,23905.0,23905.0,23905.0,23905.0,0.0
2022-06-20,23835.0,23835.0,23835.0,23835.0,0.0
2022-06-21,24270.0,24270.0,24270.0,24270.0,0.0
2022-06-22,24175.0,24175.0,24175.0,24175.0,0.0
2022-06-23,24140.0,24140.0,24140.0,24140.0,0.0
2022-06-24,24465.0,24465.0,24465.0,24465.0,0.0
2022-06-27,24750.0,24750.0,24750.0,24750.0,0.0
2022-06-28,25055.0,25055.0,25055.0,25055.0,0.0
2022-06-29,24695.0,24695.0,24695.0,24695.0,0.0
2022-06-30,24290.0,24290.0,24290.0,24290.0,0.0
2022-07-01,23810.0,23810.0,23810.0,23810.0,0.0
2022-07-04,24135.0,24135.0,24135.0,24135.0,0.0
2022-07-05,24315.0,24315.0,24315.0,24315.0,0.0
2022-07-06,23930.0,23930.0,23930.0,23930.0,0.0
2022-07-07,24430.0,24430.0,24430.0,24430.0,0.0
2022-07-08,24535.0,24535.0,24535.0,24535.0,0.0
2022-07-11,24655.0,24655.0,24655.0,24655.0,0.0
2022-07-12,24270.0,24270.0,24270.0,24270.0,0.0
2022-07-13,24385.0,24385.0,24385.0,24385.0,0.0
2022-07-14,24640.0,24640.0,24640.0,24640.0,0.0
2022-07-15,24725.0,24725.0,24725.0,24725.0,0.0
2022-07-18,25040.0,25040.0,25040.0,25040.0,0.0
2022-07-19,24875.0,24875.0,24875.0,24875.0,0.0
2022-07-20,25610.0,25610.0,25610.0,25610.0,0.0
2022-07-21,25710.0,25710.0,25710.0,25710.0,0.0
2022-07-22,25790.0,25790.0,25790.0,25790.0,0.0
2022-07-25,25565.0,25565.0,25565.0,25565.0,0.0
2022-07-26,25565.0,25565.0,25565.0,25565.0,0.0
2022-07-27,25650.0,25650.0,25650.0,25650.0,0.0
2022-07-28,25725.0,25725.0,25725.0,25725.0,0.0
2022-07-29,25625.0,25625.0,25625.0,25625.0,0.0
2022-08-01,25840.0,25840.0,25840.0,25840.0,0.0
2022-08-02,25540.0,25540.0,25540.0,25540.0,0.0
2022-08-03,25580.0,25580.0,25580.0,25580.0,0.0
2022-08-04,25780.0,25780.0,25780.0,25780.0,0.0
2022-08-05,25985.0,25985.0,25985.0,25985.0,0.0
2022-08-08,26105.0,26105.0,26105.0,26105.0,0.0
2022-08-09,25825.0,25825.0,25825.0,25825.0,0.0
2022-08-10,25675.0,25675.0,25675.0,25675.0,0.0
2022-08-11,26020.0,26020.0,26020.0,26020.0,0.0
2022-08-12,26400.0,26400.0,26400.0,26400.0,0.0
2022-08-15,26735.0,26735.0,26735.0,26735.0,0.0
2022-08-16,26725.0,26725.0,26725.0,26725.0,0.0
2022-08-17,27055.0,27055.0,27055.0,27055.0,0.0
2022-08-18,26815.0,26815.0,26815.0,26815.0,0.0
2022-08-19,26810.0,26810.0,26810.0,26810.0,0.0
2022-08-22,26640.0,26640.0,26640.0,26640.0,0.0
2022-08-23,26285.0,26285.0,26285.0,26285.0,0.0
2022-08-24,26205.0,26205.0,26205.0,26205.0,0.0
2022-08-25,26475.0,26475.0,26475.0,26475.0,0.0
2022-08-26,26545.0,26545.0,26545.0,26545.0,0.0
2022-08-29,25840.0,25840.0,25840.0,25840.0,0.0
2022-08-30,26120.0,26120.0,26120.0,26120.0,0.0
2022-08-31,25990.0,25990.0,25990.0,25990.0,0.0
2022-09-01,25545.0,25545.0,25545.0,25545.0,0.0
2022-09-02,25615.0,25615.0,25615.0,25615.0,0.0
2022-09-05,25560.0,25560.0,25560.0,25560.0,0.0
2022-09-06,25565.0,25565.0,25565.0,25565.0,0.0
2022-09-07,25470.0,25470.0,25470.0,25470.0,0.0
2022-09-08,26000.0,26000.0,26000.0,26000.0,0.0
2022-09-09,26180.0,26180.0,26180.0,26180.0,0.0
2022-09-12,26435.0,26435.0,26435.0,26435.0,0.0
2022-09-13,26555.0,26555.0,26555.0,26555.0,0.0
2022-09-14,25835.0,25835.0,25835.0,25835.0,0.0
2022-09-15,25860.0,25860.0,25860.0,25860.0,0.0
2022-09-16,25580.0,25580.0,25580.0,25580.0,0.0
2022-09-19,25475.0,25475.0,25475.0,25475.0,0.0
2022-09-20,25640.0,25640.0,25640.0,25640.0,0.0
2022-09-21,25285.0,25285.0,25285.0,25285.0,0.0
2022-09-22,25210.0,25210.0,25210.0,25210.0,0.0
2022-09-23,24920.0,24920.0,24920.0,24920.0,0.0
2022-09-26,24425.0,24425.0,24425.0,24425.0,0.0
2022-09-27,24590.0,24590.0,24590.0,24590.0,0.0
2022-09-28,24150.0,24150.0,24150.0,24150.0,0.0
2022-09-29,24515.0,24515.0,24515.0,24515.0,0.0
2022-09-30,24145.0,24145.0,24145.0,24145.0,0.0
2022-10-03,24320.0,24320.0,24320.0,24320.0,0.0
2022-10-04,25050.0,25050.0,25050.0,25050.0,0.0
2022-10-05,25185.0,25185.0,25185.0,25185.0,0.0
2022-10-06,25390.0,25390.0,25390.0,25390.0,0.0
2022-10-07,25185.0,25185.0,25185.0,25185.0,0.0
2022-10-10,24695.0,24695.0,24695.0,24695.0,0.0
2022-10-11,24385.0,24385.0,24385.0,24385.0,0.0
2022-10-12,24375.0,24375.0,24375.0,24375.0,0.0
2022-10-13,24185.0,24185.0,24185.0,24185.0,0.0
2022-10-14,25025.0,25025.0,25025.0,25025.0,0.0
2022-10-17,24915.0,24915.0,24915.0,24915.0,0.0
2022-10-18,25380.0,25380.0,25380.0,25380.0,0.0
2022-10-19,25375.0,25375.0,25375.0,25375.0,0.0
2022-10-20,25200.0,25200.0,25200.0,25200.0,0.0
2022-10-21,25120.0,25120.0,25120.0,25120.0,0.0
2022-10-24,25230.0,25230.0,25230.0,25230.0,0.0
2022-10-25,25470.0,25470.0,25470.0,25470.0,0.0
2022-10-26,25595.0,25595.0,25595.0,25595.0,0.0
2022-10-27,25420.0,25420.0,25420.0,25420.0,0.0
2022-10-28,25145.0,25145.0,25145.0,25145.0,0.0
2022-10-31,25670.0,25670.0,25670.0,25670.0,0.0
2022-11-01,25805.0,25805.0,25805.0,25805.0,0.0
2022-11-02,25780.0,25780.0,25780.0,25780.0,0.0
2022-11-03,25480.0,25480.0,25480.0,25480.0,0.0
2022-11-04,25365.0,25365.0,25365.0,25365.0,0.0
2022-11-07,25710.0,25710.0,25710.0,25710.0,0.0
2022-11-08,26035.0,26035.0,26035.0,26035.0,0.0
2022-11-09,25805.0,25805.0,25805.0,25805.0,0.0
2022-11-10,25550.0,25550.0,25550.0,25550.0,0.0
2022-11-11,26385.0,26385.0,26385.0,26385.0,0.0
2022-11-14,26120.0,26120.0,26120.0,26120.0,0.0
2022-11-15,26150.0,26150.0,26150.0,26150.0,0.0
2022-11-16,26150.0,26150.0,26150.0,26150.0,0.0
2022-11-17,26100.0,26100.0,26100.0,26100.0,0.0
2022-11-18,26040.0,26040.0,26040.0,26040.0,0.0
2022-11-21,26085.0,26085.0,26085.0,26085.0,0.0
2022-11-22,26235.0,26235.0,26235.0,26235.0,0.0
2022-11-23,26495.0,26495.0,26495.0,26495.0,0.0
2022-11-24,26515.0,26515.0,26515.0,26515.0,0.0
2022-11-25,26490.0,26490.0,26490.0,26490.0,0.0
2022-11-28,26365.0,26365.0,26365.0,26365.0,0.0
2022-11-29,26220.0,26220.0,26220.0,26220.0,0.0
2022-11-30,26220.0,26220.0,26220.0,26220.0,0.0
2022-12-01,26430.0,26430.0,26430.0,26430.0,0.0
2022-12-02,25955.0,25955.0,25955.0,25955.0,0.0
2022-12-05,26040.0,26040.0,26040.0,26040.0,0.0
2022-12-06,26065.0,26065.0,26065.0,26065.0,0.0
2022-12-07,25890.0,25890.0,25890.0,25890.0,0.0
2022-12-08,25755.0,25755.0,25755.0,25755.0,0.0
2022-12-09,26075.0,26075.0,26075.0,26075.0,0.0
2022-12-12,26030.0,26030.0,26030.0,26030.0,0.0
2022-12-13,26160.0,26160.0,26160.0,26160.0,0.0
2022-12-14,26310.0,26310.0,26310.0,26310.0,0.0
2022-12-15,26240.0,26240.0,26240.0,26240.0,0.0
2022-12-16,25750.0,25750.0,25750.0,25750.0,0.0
2022-12-19,25505.0,25505.0,25505.0,25505.0,0.0
2022-12-20,24870.0,24870.0,24870.0,24870.0,0.0
2022-12-21,24755.0,24755.0,24755.0,24755.0,0.0
2022-12-22,24830.0,24830.0,24830.0,24830.0,0.0
2022-12-23,24560.0,24560.0,24560.0,24560.0,0.0
2022-12-26,24800.0,24800.0,24800.0,24800.0,0.0
2022-12-27,24790.0,24790.0,24790.0,24790.0,0.0
2022-12-28,24675.0,24675.0,24675.0,24675.0,0.0
2022-12-29,24410.0,24410.0,24410.0,24410.0,0.0
2022-12-30,24425.0,24425.0,24425.0,24425.0,0.0
2023-01-03,24170.0,24170.0,24170.0,24170.0,0.0
2023-01-04,24065.0,24065.0,24065.0,24065.0,0.0
2023-01-05,24180.0,24180.0,24180.0,24180.0,0.0
2023-01-06,24245.0,24245.0,24245.0,24245.0,0.0
2023-01-09,24560.0,24560.0,24560.0,24560.0,0.0
2023-01-10,24515.0,24515.0,24515.0,24515.0,0.0
2023-01-11,24760.0,24760.0,24760.0,24760.0,0.0
2023-01-12,24765.0,24765.0,24765.0,24765.0,0.0
2023-01-13,24555.0,24555.0,24555.0,24555.0,0.0
2023-01-16,24180.0,24180.0,24180.0,24180.0,0.0
2023-01-17,24515.0,24515.0,24515.0,24515.0,0.0
2023-01-18,25055.0,25055.0,25055.0,25055.0,0.0
2023-01-19,24650.0,24650.0,24650.0,24650.0,0.0
2023-01-20,24855.0,24855.0,24855.0,24855.0,0.0
2023-01-23,25195.0,25195.0,25195.0,25195.0,0.0
2023-01-24,25605.0,25605.0,25605.0,25605.0,0.0
2023-01-25,25685.0,25685.0,25685.0,25685.0,0.0
2023-01-26,25710.0,25710.0,25710.0,25710.0,0.0
2023-01-27,25740.0,25740.0,25740.0,25740.0,0.0
2023-01-30,25735.0,25735.0,25735.0,25735.0,0.0
2023-01-31,25685.0,25685.0,25685.0,25685.0,0.0
2023-02-01,25675.0,25675.0,25675.0,25675.0,0.0
2023-02-02,25760.0,25760.0,25760.0,25760.0,0.0
2023-02-03,25830.0,25830.0,25830.0,25830.0,0.0
2023-02-06,26010.0,26010.0,26010.0,26010.0,0.0
2023-02-07,25945.0,25945.0,25945.0,25945.0,0.0
2023-02-08,25940.0,25940.0,25940.0,25940.0,0.0
2023-02-09,25930.0,25930.0,25930.0,25930.0,0.0
2023-02-10,26060.0,26060.0,26060.0,26060.0,0.0
2023-02-13,25855.0,25855.0,25855.0,25855.0,0.0
2023-02-14,26025.0,26025.0,26025.0,26025.0,0.0
2023-02-15,25830.0,25830.0,25830.0,25830.0,0.0
2023-02-16,26060.0,26060.0,26060.0,26060.0,0.0
2023-02-17,25850.0,25850.0,25850.0,25850.0,0.0
2023-02-20,25910.0,25910.0,25910.0,25910.0,0.0
2023-02-21,25860.0,25860.0,25860.0,25860.0,0.0
2023-02-22,25525.0,25525.0,25525.0,25525.0,0.0
2023-02-23,25525.0,25525.0,25525.0,25525.0,0.0
2023-02-24,25775.0,25775.0,25775.0,25775.0,0.0
2023-02-27,25820.0,25820.0,25820.0,25820.0,0.0
2023-02-28,25775.0,25775.0,25775.0,25775.0,0.0
2023-03-01,25865.0,25865.0,25865.0,25865.0,0.0
2023-03-02,25865.0,25865.0,25865.0,25865.0,0.0
2023-03-03,26220.0,26220.0,26220.0,26220.0,0.0
2023-03-06,26555.0,26555.0,26555.0,26555.0,0.0
2023-03-07,26625.0,26625.0,26625.0,26625.0,0.0
2023-03-08,26735.0,26735.0,26735.0,26735.0,0.0
2023-03-09,26955.0,26955.0,26955.0,26955.0,0.0
2023-03-10,26425.0,26425.0,26425.0,26425.0,0.0
2023-03-13,26140.0,26140.0,26140.0,26140.0,0.0
2023-03-14,25325.0,25325.0,25325.0,25325.0,0.0
2023-03-15,25515.0,25515.0,25515.0,25515.0,0.0
2023-03-16,25170.0,25170.0,25170.0,25170.0,0.0
2023-03-17,25480.0,25480.0,25480.0,25480.0,0.0
2023-03-20,25035.0,25035.0,25035.0,25035.0,0.0
2023-03-21,25250.0,25250.0,25250.0,25250.0,0.0
2023-03-22,25665.0,25665.0,25665.0,25665.0,0.0
2023-03-23,25575.0,25575.0,25575.0,25575.0,0.0
2023-03-24,25605.0,25605.0,25605.0,25605.0,0.0
2023-03-27,25735.0,25735.0,25735.0,25735.0,0.0
2023-03-28,25730.0,25730.0,25730.0,25730.0,0.0
2023-03-29,26025.0,26025.0,26025.0,26025.0,0.0
2023-03-30,25770.0,25770.0,25770.0,25770.0,0.0
2023-03-31,26490.0,26490.0,26490.0,26490.0,0.0
2023-04-03,26620.0,26620.0,26620.0,26620.0,0.0
2023-04-04,26650.0,26650.0,26650.0,26650.0,0.0
2023-04-05,26215.0,26215.0,26215.0,26215.0,0.0
2023-04-06,25920.0,25920.0,25920.0,25920.0,0.0
2023-04-07,25905.0,25905.0,25905.0,25905.0,0.0
2023-04-10,26015.0,26015.0,26015.0,26015.0,0.0
2023-04-11,26270.0,26270.0,26270.0,26270.0,0.0
2023-04-12,26415.0,26415.0,26415.0,26415.0,0.0
2023-04-13,26535.0,26535.0,26535.0,26535.0,0.0
2023-04-14,26770.0,26770.0,26770.0,26770.0,0.0
2023-04-17,26875.0,26875.0,26875.0,26875.0,0.0
2023-04-18,27005.0,27005.0,27005.0,27005.0,0.0
2023-04-19,26925.0,26925.0,26925.0,26925.0,0.0
2023-04-20,27010.0,27010.0,27010.0,27010.0,0.0
2023-04-21,26905.0,26905.0,26905.0,26905.0,0.0
2023-04-24,26925.0,26925.0,26925.0,26925.0,0.0
2023-04-25,26960.0,26960.0,26960.0,26960.0,0.0
2023-04-26,26730.0,26730.0,26730.0,26730.0,0.0
2023-04-27,26805.0,26805.0,26805.0,26805.0,0.0
2023-04-28,27205.0,27205.0,27205.0,27205.0,0.0
2023-05-01,27510.0,27510.0,27510.0,27510.0,0.0
2023-05-02,27455.0,27455.0,27455.0,27455.0,0.0
2023-05-03,27220.0,27220.0,27220.0,27220.0,0.0
2023-05-04,27065.0,27065.0,27065.0,27065.0,0.0
2023-05-05,27110.0,27110.0,27110.0,27110.0,0.0
2023-05-08,27290.0,27290.0,27290.0,27290.0,0.0
2023-05-09,27560.0,27560.0,27560.0,27560.0,0.0
2023-05-10,27480.0,27480.0,27480.0,27480.0,0.0
2023-05-11,27445.0,27445.0,27445.0,27445.0,0.0
2023-05-12,27775.0,27775.0,27775.0,27775.0,0.0
2023-05-15,28040.0,28040.0,28040.0,28040.0,0.0
2023-05-16,28210.0,28210.0,28210.0,28210.0,0.0
2023-05-17,28415.0,28415.0,28415.0,28415.0,0.0
2023-05-18,28960.0,28960.0,28960.0,28960.0,0.0
2023-05-19,29290.0,29290.0,29290.0,29290.0,0.0
2023-05-22,29405.0,29405.0,29405.0,29405.0,0.0
2023-05-23,29265.0,29265.0,29265.0,29265.0,0.0
2023-05-24,29010.0,29010.0,29010.0,29010.0,0.0
2023-05-25,29225.0,29225.0,29225.0,29225.0,0.0
2023-05-26,29350.0,29350.0,29350.0,29350.0,0.0
2023-05-29,29655.0,29655.0,29655.0,29655.0,0.0
2023-05-30,29770.0,29770.0,29770.0,29770.0,0.0
2023-05-31,29235.0,29235.0,29235.0,29235.0,0.0
2023-06-01,29495.0,29495.0,29495.0,29495.0,0.0
2023-06-02,29925.0,29925.0,29925.0,29925.0,0.0
2023-06-05,30615.0,30615.0,30615.0,30615.0,0.0
2023-06-06,30765.0,30765.0,30765.0,30765.0,0.0
2023-06-07,30245.0,30245.0,30245.0,30245.0,0.0
2023-06-08,30060.0,30060.0,30060.0,30060.0,0.0
2023-06-09,30595.0,30595.0,30595.0,30595.0,0.0
2023-06-12,30815.0,30815.0,30815.0,30815.0,0.0
2023-06-13,31445.0,31445.0,31445.0,31445.0,0.0
2023-06-14,31940.0,31940.0,31940.0,31940.0,0.0
2023-06-15,31830.0,31830.0,31830.0,31830.0,0.0
2023-06-16,32035.0,32035.0,32035.0,32035.0,0.0
2023-06-19,31795.0,31795.0,31795.0,31795.0,0.0
2023-06-20,31725.0,31725.0,31725.0,31725.0,0.0
2023-06-21,31960.0,31960.0,31960.0,31960.0,0.0
2023-06-22,31565.0,31565.0,31565.0,31565.0,0.0
2023-06-23,31050.0,31050.0,31050.0,31050.0,0.0
2023-06-26,31015.0,31015.0,31015.0,31015.0,0.0
2023-06-27,30890.0,30890.0,30890.0,30890.0,0.0
2023-06-28,31500.0,31500.0,31500.0,31500.0,0.0
2023-06-29,31530.0,31530.0,31530.0,31530.0,0.0
2023-06-30,31550.0,31550.0,31550.0,31550.0,0.0
2023-07-03,32050.0,32050.0,32050.0,32050.0,0.0
2023-07-04,31690.0,31690.0,31690.0,31690.0,0.0
2023-07-05,31675.0,31675.0,31675.0,31675.0,0.0
2023-07-06,31110.0,31110.0,31110.0,31110.0,0.0
2023-07-07,30845.0,30845.0,30845.0,30845.0,0.0
2023-07-10,30535.0,30535.0,30535.0,30535.0,0.0
2023-07-11,30640.0,30640.0,30640.0,30640.0,0.0
2023-07-12,30340.0,30340.0,30340.0,30340.0,0.0
2023-07-13,30910.0,30910.0,30910.0,30910.0,0.0
2023-07-14,30745.0,30745.0,30745.0,30745.0,0.0
2023-07-18,30770.0,30770.0,30770.0,30770.0,0.0
2023-07-19,31405.0,31405.0,31405.0,31405.0,0.0
2023-07-20,30785.0,30785.0,30785.0,30785.0,0.0
2023-07-21,30685.0,30685.0,30685.0,30685.0,0.0
2023-07-24,30990.0,30990.0,30990.0,30990.0,0.0
2023-07-25,31015.0,31015.0,31015.0,31015.0,0.0
2023-07-26,30975.0,30975.0,30975.0,30975.0,0.0
2023-07-27,31275.0,31275.0,31275.0,31275.0,0.0
2023-07-28,31095.0,31095.0,31095.0,31095.0,0.0
2023-07-31,31670.0,31670.0,31670.0,31670.0,0.0
2023-08-01,31825.0,31825.0,31825.0,31825.0,0.0
2023-08-02,31020.0,31020.0,31020.0,31020.0,0.0
2023-08-03,30670.0,30670.0,30670.0,30670.0,0.0
2023-08-04,30620.0,30620.0,30620.0,30620.0,0.0
2023-08-07,30715.0,30715.0,30715.0,30715.0,0.0
2023-08-08,30780.0,30780.0,30780.0,30780.0,0.0
2023-08-09,30665.0,30665.0,30665.0,30665.0,0.0
2023-08-10,31005.0,31005.0,31005.0,31005.0,0.0
2023-08-11,31065.0,31065.0,31065.0,31065.0,0.0
2023-08-14,30580.0,30580.0,30580.0,30580.0,0.0
2023-08-15,30725.0,30725.0,30725.0,30725.0,0.0
2023-08-16,30275.0,30275.0,30275.0,30275.0,0.0
2023-08-17,30160.0,30160.0,30160.0,30160.0,0.0
2023-08-18,29935.0,29935.0,29935.0,29935.0,0.0
2023-08-21,30010.0,30010.0,30010.0,30010.0,0.0
2023-08-22,30405.0,30405.0,30405.0,30405.0,0.0
2023-08-23,30460.0,30460.0,30460.0,30460.0,0.0
2023-08-24,30695.0,30695.0,30695.0,30695.0,0.0
2023-08-25,30065.0,30065.0,30065.0,30065.0,0.0
2023-08-28,30635.0,30635.0,30635.0,30635.0,0.0
2023-08-29,30675.0,30675.0,30675.0,30675.0,0.0
2023-08-30,30765.0,30765.0,30765.0,30765.0,0.0
2023-08-31,31080.0,31080.0,31080.0,31080.0,0.0
2023-09-01,31130.0,31130.0,31130.0,31130.0,0.0
2023-09-04,31455.0,31455.0,31455.0,31455.0,0.0
2023-09-05,31465.0,31465.0,31465.0,31465.0,0.0
2023-09-06,31710.0,31710.0,31710.0,31710.0,0.0
2023-09-07,31460.0,31460.0,31460.0,31460.0,0.0
2023-09-08,31120.0,31120.0,31120.0,31120.0,0.0
2023-09-11,31025.0,31025.0,31025.0,31025.0,0.0
2023-09-12,31390.0,31390.0,31390.0,31390.0,0.0
2023-09-13,31250.0,31250.0,31250.0,31250.0,0.0
2023-09-14,31760.0,31760.0,31760.0,31760.0,0.0
2023-09-15,32080.0,32080.0,32080.0,32080.0,0.0
2023-09-18,31850.0,31850.0,31850.0,31850.0,0.0
2023-09-19,31840.0,31840.0,31840.0,31840.0,0.0
2023-09-20,31700.0,31700.0,31700.0,31700.0,0.0
2023-09-21,31215.0,31215.0,31215.0,31215.0,0.0
2023-09-22,31055.0,31055.0,31055.0,31055.0,0.0
2023-09-25,31260.0,31260.0,31260.0,31260.0,0.0
2023-09-26,30880.0,30880.0,30880.0,30880.0,0.0
2023-09-27,30935.0,30935.0,30935.0,30935.0,0.0
2023-09-28,30655.0,30655.0,30655.0,30655.0,0.0
2023-09-29,30755.0,30755.0,30755.0,30755.0,0.0
2023-10-02,30545.0,30545.0,30545.0,30545.0,0.0
2023-10-03,29955.0,29955.0,29955.0,29955.0,0.0
2023-10-04,29145.0,29145.0,29145.0,29145.0,0.0
2023-10-05,29735.0,29735.0,29735.0,29735.0,0.0
2023-10-06,29760.0,29760.0,29760.0,29760.0,0.0
2023-10-09,29830.0,29830.0,29830.0,29830.0,0.0
2023-10-10,30420.0,30420.0,30420.0,30420.0,0.0
2023-10-11,30635.0,30635.0,30635.0,30635.0,0.0
2023-10-12,31340.0,31340.0,31340.0,31340.0,0.0
2023-10-13,30970.0,30970.0,30970.0,30970.0,0.0
2023-10-16,30415.0,30415.0,30415.0,30415.0,0.0
2023-10-17,30710.0,30710.0,30710.0,30710.0,0.0
2023-10-18,30790.0,30790.0,30790.0,30790.0,0.0
2023-10-19,30205.0,30205.0,30205.0,30205.0,0.0
2023-10-20,29965.0,29965.0,29965.0,29965.0,0.0
2023-10-23,29765.0,29765.0,29765.0,29765.0,0.0
2023-10-24,29890.0,29890.0,29890.0,29890.0,0.0
2023-10-25,30045.0,30045.0,30045.0,30045.0,0.0
2023-10-26,29370.0,29370.0,29370.0,29370.0,0.0
2023-10-27,29780.0,29780.0,29780.0,29780.0,0.0
2023-10-30,29455.0,29455.0,29455.0,29455.0,0.0
2023-10-31,29665.0,29665.0,29665.0,29665.0,0.0
2023-11-01,30405.0,30405.0,30405.0,30405.0,0.0
2023-11-02,30690.0,30690.0,30690.0,30690.0,0.0
2023-11-03,31190.0,31190.0,31190.0,31190.0,0.0
2023-11-06,31450.0,31450.0,31450.0,31450.0,0.0
2023-11-07,31050.0,31050.0,31050.0,31050.0,0.0
2023-11-08,30920.0,30920.0,30920.0,30920.0,0.0
2023-11-09,31415.0,31415.0,31415.0,31415.0,0.0
2023-11-10,31350.0,31350.0,31350.0,31350.0,0.0
2023-11-13,31380.0,31380.0,31380.0,31380.0,0.0
2023-11-14,31455.0,31455.0,31455.0,31455.0,0.0
2023-11-15,32200.0,32200.0,32200.0,32200.0,0.0
2023-11-16,32165.0,32165.0,32165.0,32165.0,0.0
2023-11-17,32300.0,32300.0,32300.0,32300.0,0.0
2023-11-20,32045.0,32045.0,32045.0,32045.0,0.0
2023-11-21,32040.0,32040.0,32040.0,32040.0,0.0
2023-11-22,32130.0,32130.0,32130.0,32130.0,0.0
2023-11-23,32405.0,32405.0,32405.0,32405.0,0.0
2023-11-24,32330.0,32330.0,32330.0,32330.0,0.0
2023-11-27,32150.0,32150.0,32150.0,32150.0,0.0
2023-11-28,32085.0,32085.0,32085.0,32085.0,0.0
2023-11-29,31950.0,31950.0,31950.0,31950.0,0.0
2023-11-30,32155.0,32155.0,32155.0,32155.0,0.0
2023-12-01,32110.0,32110.0,32110.0,32110.0,0.0
2023-12-04,31805.0,31805.0,31805.0,31805.0,0.0
2023-12-05,31440.0,31440.0,31440.0,31440.0,0.0
2023-12-06,32065.0,32065.0,32065.0,32065.0,0.0
2023-12-07,31645.0,31645.0,31645.0,31645.0,0.0
2023-12-08,31045.0,31045.0,31045.0,31045.0,0.0
2023-12-11,31560.0,31560.0,31560.0,31560.0,0.0
2023-12-12,31480.0,31480.0,31480.0,31480.0,0.0
2023-12-13,31595.0,31595.0,31595.0,31595.0,0.0
2023-12-14,31300.0,31300.0,31300.0,31300.0,0.0
2023-12-15,31655.0,31655.0,31655.0,31655.0,0.0
2023-12-18,31475.0,31475.0,31475.0,31475.0,0.0
2023-12-19,31885.0,31885.0,31885.0,31885.0,0.0
2023-12-20,32335.0,32335.0,32335.0,32335.0,0.0
2023-12-21,31880.0,31880.0,31880.0,31880.0,0.0
2023-12-22,31785.0,31785.0,31785.0,31785.0,0.0
2023-12-25,31975.0,31975.0,31975.0,31975.0,0.0
2023-12-26,31950.0,31950.0,31950.0,31950.0,0.0
2023-12-27,32355.0,32355.0,32355.0,32355.0,0.0
2023-12-28,32200.0,32200.0,32200.0,32200.0,0.0
2023-12-29,32125.0,32125.0,32125.0,32125.0,0.0
2024-01-02,32060.0,32060.0,32060.0,32060.0,0.0
2024-01-03,31955.0,31955.0,31955.0,31955.0,0.0
2024-01-04,31945.0,31945.0,31945.0,31945.0,0.0
2024-01-05,32020.0,32020.0,32020.0,32020.0,0.0
2024-01-08,31995.0,31995.0,31995.0,31995.0,0.0
2024-01-09,32455.0,32455.0,32455.0,32455.0,0.0
2024-01-10,33120.0,33120.0,33120.0,33120.0,0.0
2024-01-11,33895.0,33895.0,33895.0,33895.0,0.0
2024-01-12,34250.0,34250.0,34250.0,34250.0,0.0
2024-01-15,34635.0,34635.0,34635.0,34635.0,0.0
2024-01-16,34330.0,34330.0,34330.0,34330.0,0.0
2024-01-17,34205.0,34205.0,34205.0,34205.0,0.0
2024-01-18,34270.0,34270.0,34270.0,34270.0,0.0
2024-01-19,34700.0,34700.0,34700.0,34700.0,0.0
2024-01-22,35255.0,35255.0,35255.0,35255.0,0.0
2024-01-23,35220.0,35220.0,35220.0,35220.0,0.0
2024-01-24,35010.0,35010.0,35010.0,35010.0,0.0
2024-01-25,34980.0,34980.0,34980.0,34980.0,0.0
2024-01-26,34430.0,34430.0,34430.0,34430.0,0.0
2024-01-29,34750.0,34750.0,34750.0,34750.0,0.0
2024-01-30,34755.0,34755.0,34755.0,34755.0,0.0
2024-01-31,35070.0,35070.0,35070.0,35070.0,0.0
2024-02-01,34620.0,34620.0,34620.0,34620.0,0.0
2024-02-02,34815.0,34815.0,34815.0,34815.0,0.0
2024-02-05,35090.0,35090.0,35090.0,35090.0,0.0
2024-02-06,34805.0,34805.0,34805.0,34805.0,0.0
2024-02-07,34810.0,34810.0,34810.0,34810.0,0.0
2024-02-08,35620.0,35620.0,35620.0,35620.0,0.0
2024-02-09,35620.0,35620.0,35620.0,35620.0,0.0
2024-02-12,35965.0,35965.0,35965.0,35965.0,0.0
2024-02-13,36980.0,36980.0,36980.0,36980.0,0.0
2024-02-14,36475.0,36475.0,36475.0,36475.0,0.0
2024-02-15,36875.0,36875.0,36875.0,36875.0,0.0
2024-02-16,37300.0,37300.0,37300.0,37300.0,0.0
2024-02-19,37220.0,37220.0,37220.0,37220.0,0.0
2024-02-20,37225.0,37225.0,37225.0,37225.0,0.0
2024-02-21,37030.0,37030.0,37030.0,37030.0,0.0
2024-02-22,37865.0,37865.0,37865.0,37865.0,0.0
2024-02-23,38190.0,38190.0,38190.0,38190.0,0.0
2024-02-26,37950.0,37950.0,37950.0,37950.0,0.0
2024-02-27,37965.0,37965.0,37965.0,37965.0,0.0
2024-02-28,37900.0,37900.0,37900.0,37900.0,0.0
2024-02-29,37985.0,37985.0,37985.0,37985.0,0.0
2024-03-01,38720.0,38720.0,38720.0,38720.0,0.0
2024-03-04,38825.0,38825.0,38825.0,38825.0,0.0
2024-03-05,38790.0,38790.0,38790.0,38790.0,0.0
2024-03-06,38785.0,38785.0,38785.0,38785.0,0.0
2024-03-07,38295.0,38295.0,38295.0,38295.0,0.0
2024-03-08,38445.0,38445.0,38445.0,38445.0,0.0
2024-03-11,37515.0,37515.0,37515.0,37515.0,0.0
2024-03-12,37455.0,37455.0,37455.0,37455.0,0.0
2024-03-13,37305.0,37305.0,37305.0,37305.0,0.0
2024-03-14,37555.0,37555.0,37555.0,37555.0,0.0
2024-03-15,37360.0,37360.0,37360.0,37360.0,0.0
2024-03-18,38455.0,38455.0,38455.0,38455.0,0.0
2024-03-19,38580.0,38580.0,38580.0,38580.0,0.0
2024-03-20,38970.0,38970.0,38970.0,38970.0,0.0
2024-03-21,39600.0,39600.0,39600.0,39600.0,0.0
2024-03-22,39715.0,39715.0,39715.0,39715.0,0.0
2024-03-25,39115.0,39115.0,39115.0,39115.0,0.0
2024-03-26,39190.0,39190.0,39190.0,39190.0,0.0
2024-03-27,39430.0,39430.0,39430.0,39430.0,0.0
2024-03-28,39145.0,39145.0,39145.0,39145.0,0.0
2024-03-29,39495.0,39495.0,39495.0,39495.0,0.0
2024-04-01,38840.0,38840.0,38840.0,38840.0,0.0
2024-04-02,38905.0,38905.0,38905.0,38905.0,0.0
2024-04-03,38520.0,38520.0,38520.0,38520.0,0.0
2024-04-04,38815.0,38815.0,38815.0,38815.0,0.0
2024-04-05,37945.0,37945.0,37945.0,37945.0,0.0
2024-04-08,38370.0,38370.0,38370.0,38370.0,0.0
2024-04-09,38770.0,38770.0,38770.0,38770.0,0.0
2024-04-10,38565.0,38565.0,38565.0,38565.0,0.0
2024-04-11,38480.0,38480.0,38480.0,38480.0,0.0
2024-04-12,38605.0,38605.0,38605.0,38605.0,0.0
2024-04-15,38260.0,38260.0,38260.0,38260.0,0.0
2024-04-16,37450.0,37450.0,37450.0,37450.0,0.0
2024-04-17,36945.0,36945.0,36945.0,36945.0,0.0
2024-04-18,37195.0,37195.0,37195.0,37195.0,0.0
2024-04-19,36120.0,36120.0,36120.0,36120.0,0.0
2024-04-22,36460.0,36460.0,36460.0,36460.0,0.0
2024-04-23,36555.0,36555.0,36555.0,36555.0,0.0
2024-04-24,37455.0,37455.0,37455.0,37455.0,0.0
2024-04-25,36630.0,36630.0,36630.0,36630.0,0.0
2024-04-26,36915.0,36915.0,36915.0,36915.0,0.0
2024-04-29,37575.0,37575.0,37575.0,37575.0,0.0
2024-04-30,37470.0,37470.0,37470.0,37470.0,0.0
2024-05-01,37180.0,37180.0,37180.0,37180.0,0.0
2024-05-02,37215.0,37215.0,37215.0,37215.0,0.0
2024-05-03,36860.0,36860.0,36860.0,36860.0,0.0
2024-05-06,37610.0,37610.0,37610.0,37610.0,0.0
2024-05-07,37845.0,37845.0,37845.0,37845.0,0.0
2024-05-08,37220.0,37220.0,37220.0,37220.0,0.0
2024-05-09,37045.0,37045.0,37045.0,37045.0,0.0
2024-05-10,37230.0,37230.0,37230.0,37230.0,0.0
2024-05-13,37110.0,37110.0,37110.0,37110.0,0.0
2024-05-14,37275.0,37275.0,37275.0,37275.0,0.0
2024-05-15,37385.0,37385.0,37385.0,37385.0,0.0
2024-05-16,37870.0,37870.0,37870.0,37870.0,0.0
2024-05-17,37740.0,37740.0,37740.0,37740.0,0.0
2024-05-20,38065.0,38065.0,38065.0,38065.0,0.0
2024-05-21,37945.0,37945.0,37945.0,37945.0,0.0
2024-05-22,37615.0,37615.0,37615.0,37615.0,0.0
2024-05-23,38095.0,38095.0,38095.0,38095.0,0.0
2024-05-24,37605.0,37605.0,37605.0,37605.0,0.0
2024-05-27,37920.0,37920.0,37920.0,37920.0,0.0
2024-05-28,37880.0,37880.0,37880.0,37880.0,0.0
2024-05-29,37560.0,37560.0,37560.0,37560.0,0.0
2024-05-30,37060.0,37060.0,37060.0,37060.0,0.0
2024-05-31,37510.0,37510.0,37510.0,37510.0,0.0
2024-06-03,37970.0,37970.0,37970.0,37970.0,0.0
2024-06-04,37765.0,37765.0,37765.0,37765.0,0.0
2024-06-05,37495.0,37495.0,37495.0,37495.0,0.0
2024-06-06,37750.0,37750.0,37750.0,37750.0,0.0
2024-06-07,37625.0,37625.0,37625.0,37625.0,0.0
2024-06-10,38005.0,38005.0,38005.0,38005.0,0.0
2024-06-11,38215.0,38215.0,38215.0,38215.0,0.0
2024-06-12,37955.0,37955.0,37955.0,37955.0,0.0
2024-06-13,37755.0,37755.0,37755.0,37755.0,0.0
2024-06-14,37850.0,37850.0,37850.0,37850.0,0.0
2024-06-17,37070.0,37070.0,37070.0,37070.0,0.0
2024-06-18,37400.0,37400.0,37400.0,37400.0,0.0
2024-06-19,37495.0,37495.0,37495.0,37495.0,0.0
2024-06-20,37620.0,37620.0,37620.0,37620.0,0.0
2024-06-21,37610.0,37610.0,37610.0,37610.0,0.0
2024-06-24,37775.0,37775.0,37775.0,37775.0,0.0
2024-06-25,38160.0,38160.0,38160.0,38160.0,0.0
2024-06-26,38670.0,38670.0,38670.0,38670.0,0.0
2024-06-27,38480.0,38480.0,38480.0,38480.0,0.0
2024-06-28,38655.0,38655.0,38655.0,38655.0,0.0
2024-07-01,38725.0,38725.0,38725.0,38725.0,0.0
2024-07-02,39170.0,39170.0,39170.0,39170.0,0.0
2024-07-03,39675.0,39675.0,39675.0,39675.0,0.0
2024-07-04,39930.0,39930.0,39930.0,39930.0,0.0
2024-07-05,39905.0,39905.0,39905.0,39905.0,0.0
2024-07-08,39910.0,39910.0,39910.0,39910.0,0.0
2024-07-09,40710.0,40710.0,40710.0,40710.0,0.0
2024-07-10,40985.0,40985.0,40985.0,40985.0,0.0
2024-07-11,41435.0,41435.0,41435.0,41435.0,0.0
2024-07-12,40225.0,40225.0,40225.0,40225.0,0.0
2024-07-15,40260.0,40260.0,40260.0,40260.0,0.0
2024-07-16,40225.0,40225.0,40225.0,40225.0,0.0
2024-07-17,40015.0,40015.0,40015.0,40015.0,0.0
2024-07-18,39280.0,39280.0,39280.0,39280.0,0.0
2024-07-19,39055.0,39055.0,39055.0,39055.0,0.0
2024-07-22,38500.0,38500.0,38500.0,38500.0,0.0
2024-07-23,38555.0,38555.0,38555.0,38555.0,0.0
2024-07-24,38110.0,38110.0,38110.0,38110.0,0.0
2024-07-25,36875.0,36875.0,36875.0,36875.0,0.0
2024-07-26,36720.0,36720.0,36720.0,36720.0,0.0
2024-07-29,37430.0,37430.0,37430.0,37430.0,0.0
2024-07-30,37535.0,37535.0,37535.0,37535.0,0.0
2024-07-31,38295.0,38295.0,38295.0,38295.0,0.0
2024-08-01,37080.0,37080.0,37080.0,37080.0,0.0
2024-08-02,34920.0,34920.0,34920.0,34920.0,0.0
2024-08-05,29905.0,29905.0,29905.0,29905.0,0.0
2024-08-06,33005.0,33005.0,33005.0,33005.0,0.0
2024-08-07,33770.0,33770.0,33770.0,33770.0,0.0
2024-08-08,33835.0,33835.0,33835.0,33835.0,0.0
2024-08-09,33970.0,33970.0,33970.0,33970.0,0.0
2024-08-12,34360.0,34360.0,34360.0,34360.0,0.0
2024-08-13,35115.0,35115.0,35115.0,35115.0,0.0
2024-08-14,35325.0,35325.0,35325.0,35325.0,0.0
2024-08-15,35550.0,35550.0,35550.0,35550.0,0.0
2024-08-16,37035.0,37035.0,37035.0,37035.0,0.0
2024-08-19,36150.0,36150.0,36150.0,36150.0,0.0
2024-08-20,37035.0,37035.0,37035.0,37035.0,0.0
2024-08-21,36900.0,36900.0,36900.0,36900.0,0.0
2024-08-22,37180.0,37180.0,37180.0,37180.0,0.0
2024-08-23,37340.0,37340.0,37340.0,37340.0,0.0
2024-08-26,36990.0,36990.0,36990.0,36990.0,0.0
2024-08-27,37235.0,37235.0,37235.0,37235.0,0.0
2024-08-28,37350.0,37350.0,37350.0,37350.0,0.0
2024-08-29,37325.0,37325.0,37325.0,37325.0,0.0
2024-08-30,37675.0,37675.0,37675.0,37675.0,0.0
2024-09-02,37710.0,37710.0,37710.0,37710.0,0.0
2024-09-03,37750.0,37750.0,37750.0,37750.0,0.0
2024-09-04,36020.0,36020.0,36020.0,36020.0,0.0
2024-09-05,35505.0,35505.0,35505.0,35505.0,0.0
2024-09-06,35285.0,35285.0,35285.0,35285.0,0.0
2024-09-09,35210.0,35210.0,35210.0,35210.0,0.0
2024-09-10,35160.0,35160.0,35160.0,35160.0,0.0
2024-09-11,34775.0,34775.0,34775.0,34775.0,0.0
2024-09-12,35790.0,35790.0,35790.0,35790.0,0.0
2024-09-13,35540.0,35540.0,35540.0,35540.0,0.0
2024-09-16,35315.0,35315.0,35315.0,35315.0,0.0
2024-09-17,35205.0,35205.0,35205.0,35205.0,0.0
2024-09-18,35385.0,35385.0,35385.0,35385.0,0.0
2024-09-19,36150.0,36150.0,36150.0,36150.0,0.0
2024-09-20,36710.0,36710.0,36710.0,36710.0,0.0
2024-09-23,37400.0,37400.0,37400.0,37400.0,0.0
2024-09-24,37025.0,37025.0,37025.0,37025.0,0.0
2024-09-25,36815.0,36815.0,36815.0,36815.0,0.0
2024-09-26,37835.0,37835.0,37835.0,37835.0,0.0
2024-09-27,37785.0,37785.0,37785.0,37785.0,0.0
2024-09-30,37035.0,37035.0,37035.0,37035.0,0.0
2024-10-01,37915.0,37915.0,37915.0,37915.0,0.0
2024-10-02,36950.0,36950.0,36950.0,36950.0,0.0
2024-10-03,37790.0,37790.0,37790.0,37790.0,0.0
2024-10-04,37755.0,37755.0,37755.0,37755.0,0.0
2024-10-07,38635.0,38635.0,38635.0,38635.0,0.0
2024-10-08,38140.0,38140.0,38140.0,38140.0,0.0
2024-10-09,38495.0,38495.0,38495.0,38495.0,0.0
2024-10-10,38550.0,38550.0,38550.0,38550.0,0.0
2024-10-11,38840.0,38840.0,38840.0,38840.0,0.0
2024-10-14,38925.0,38925.0,38925.0,38925.0,0.0
2024-10-15,39110.0,39110.0,39110.0,39110.0,0.0
2024-10-16,38380.0,38380.0,38380.0,38380.0,0.0
2024-10-17,38365.0,38365.0,38365.0,38365.0,0.0
2024-10-18,38270.0,38270.0,38270.0,38270.0,0.0
2024-10-21,38275.0,38275.0,38275.0,38275.0,0.0
2024-10-22,37680.0,37680.0,37680.0,37680.0,0.0
2024-10-23,37300.0,37300.0,37300.0,37300.0,0.0
2024-10-24,37390.0,37390.0,37390.0,37390.0,0.0
2024-10-25,37240.0,37240.0,37240.0,37240.0,0.0
2024-10-28,37825.0,37825.0,37825.0,37825.0,0.0
2024-10-29,38195.0,38195.0,38195.0,38195.0,0.0
2024-10-30,38750.0,38750.0,38750.0,38750.0,0.0
2024-10-31,38270.0,38270.0,38270.0,38270.0,0.0
2024-11-01,37355.0,37355.0,37355.0,37355.0,0.0
2024-11-04,37775.0,37775.0,37775.0,37775.0,0.0
2024-11-05,37830.0,37830.0,37830.0,37830.0,0.0
2024-11-06,38905.0,38905.0,38905.0,38905.0,0.0
2024-11-07,38515.0,38515.0,38515.0,38515.0,0.0
2024-11-08,38770.0,38770.0,38770.0,38770.0,0.0
2024-11-11,38775.0,38775.0,38775.0,38775.0,0.0
2024-11-12,38660.0,38660.0,38660.0,38660.0,0.0
2024-11-13,37915.0,37915.0,37915.0,37915.0,0.0
2024-11-14,37800.0,37800.0,37800.0,37800.0,0.0
2024-11-15,37935.0,37935.0,37935.0,37935.0,0.0
2024-11-18,37540.0,37540.0,37540.0,37540.0,0.0
2024-11-19,37660.0,37660.0,37660.0,37660.0,0.0
2024-11-20,37655.0,37655.0,37655.0,37655.0,0.0
2024-11-21,37325.0,37325.0,37325.0,37325.0,0.0
2024-11-22,37605.0,37605.0,37605.0,37605.0,0.0
2024-11-25,38020.0,38020.0,38020.0,38020.0,0.0
2024-11-26,37740.0,37740.0,37740.0,37740.0,0.0
2024-11-27,37355.0,37355.0,37355.0,37355.0,0.0
2024-11-28,37630.0,37630.0,37630.0,37630.0,0.0
2024-11-29,37445.0,37445.0,37445.0,37445.0,0.0
2024-12-02,37765.0,37765.0,37765.0,37765.0,0.0
2024-12-03,38510.0,38510.0,38510.0,38510.0,0.0
2024-12-04,38520.0,38520.0,38520.0,38520.0,0.0
2024-12-05,38650.0,38650.0,38650.0,38650.0,0.0
2024-12-06,38320.0,38320.0,38320.0,38320.0,0.0
2024-12-09,38370.0,38370.0,38370.0,38370.0,0.0
2024-12-10,38640.0,38640.0,38640.0,38640.0,0.0
2024-12-11,38665.0,38665.0,38665.0,38665.0,0.0
2024-12-12,39075.0,39075.0,39075.0,39075.0,0.0
2024-12-13,38760.0,38760.0,38760.0,38760.0,0.0
2024-12-16,38740.0,38740.0,38740.0,38740.0,0.0
2024-12-17,38720.0,38720.0,38720.0,38720.0,0.0
2024-12-18,38475.0,38475.0,38475.0,38475.0,0.0
2024-12-19,38345.0,38345.0,38345.0,38345.0,0.0
2024-12-20,37970.0,37970.0,37970.0,37970.0,0.0
2024-12-23,38450.0,38450.0,38450.0,38450.0,0.0
2024-12-24,38400.0,38400.0,38400.0,38400.0,0.0
2024-12-25,38535.0,38535.0,38535.0,38535.0,0.0
2024-12-26,38780.0,38780.0,38780.0,38780.0,0.0
2024-12-27,39560.0,39560.0,39560.0,39560.0,0.0
2024-12-30,39225.0,39225.0,39225.0,39225.0,0.0
2024-12-31,38580.0,38580.0,38580.0,38580.0,0.0
2025-01-02,38715.0,38715.0,38715.0,38715.0,0.0
2025-01-03,38600.0,38600.0,38600.0,38600.0,0.0
2025-01-06,38650.0,38650.0,38650.0,38650.0,0.0
2025-01-07,39305.0,39305.0,39305.0,39305.0,0.0
2025-01-08,39265.0,39265.0,39265.0,39265.0,0.0
2025-01-09,38870.0,38870.0,38870.0,38870.0,0.0
2025-01-10,38525.0,38525.0,38525.0,38525.0,0.0
2025-01-13,37770.0,37770.0,37770.0,37770.0,0.0
2025-01-14,37780.0,37780.0,37780.0,37780.0,0.0
2025-01-15,37720.0,37720.0,37720.0,37720.0,0.0
2025-01-16,37955.0,37955.0,37955.0,37955.0,0.0
2025-01-17,37780.0,37780.0,37780.0,37780.0,0.0
2025-01-20,38205.0,38205.0,38205.0,38205.0,0.0
2025-01-21,38265.0,38265.0,38265.0,38265.0,0.0
2025-01-22,38870.0,38870.0,38870.0,38870.0,0.0
2025-01-23,39210.0,39210.0,39210.0,39210.0,0.0
2025-01-24,39375.0,39375.0,39375.0,39375.0,0.0
2025-01-27,38895.0,38895.0,38895.0,38895.0,0.0
2025-01-28,38410.0,38410.0,38410.0,38410.0,0.0
2025-01-29,38895.0,38895.0,38895.0,38895.0,0.0
2025-01-30,38735.0,38735.0,38735.0,38735.0,0.0
2025-01-31,38940.0,38940.0,38940.0,38940.0,0.0
2025-02-03,37910.0,37910.0,37910.0,37910.0,0.0
2025-02-04,38125.0,38125.0,38125.0,38125.0,0.0
2025-02-05,38070.0,38070.0,38070.0,38070.0,0.0
2025-02-06,38390.0,38390.0,38390.0,38390.0,0.0
2025-02-07,38165.0,38165.0,38165.0,38165.0,0.0
2025-02-10,38125.0,38125.0,38125.0,38125.0,0.0
2025-02-11,38120.0,38120.0,38120.0,38120.0,0.0
2025-02-12,38300.0,38300.0,38300.0,38300.0,0.0
2025-02-13,38750.0,38750.0,38750.0,38750.0,0.0
2025-02-14,38470.0,38470.0,38470.0,38470.0,0.0
2025-02-17,38545.0,38545.0,38545.0,38545.0,0.0
2025-02-18,38675.0,38675.0,38675.0,38675.0,0.0
2025-02-19,38515.0,38515.0,38515.0,38515.0,0.0
2025-02-20,38065.0,38065.0,38065.0,38065.0,0.0
2025-02-21,38120.0,38120.0,38120.0,38120.0,0.0
2025-02-24,37690.0,37690.0,37690.0,37690.0,0.0
2025-02-25,37555.0,37555.0,37555.0,37555.0,0.0
2025-02-26,37525.0,37525.0,37525.0,37525.0,0.0
2025-02-27,37600.0,37600.0,37600.0,37600.0,0.0
2025-02-28,36440.0,36440.0,36440.0,36440.0,0.0
2025-03-03,37220.0,37220.0,37220.0,37220.0,0.0
2025-03-04,36740.0,36740.0,36740.0,36740.0,0.0
2025-03-05,36755.0,36755.0,36755.0,36755.0,0.0
2025-03-06,37060.0,37060.0,37060.0,37060.0,0.0
2025-03-07,36105.0,36105.0,36105.0,36105.0,0.0
2025-03-10,36405.0,36405.0,36405.0,36405.0,0.0
2025-03-11,36050.0,36050.0,36050.0,36050.0,0.0
2025-03-12,36105.0,36105.0,36105.0,36105.0,0.0
2025-03-13,36155.0,36155.0,36155.0,36155.0,0.0
2025-03-14,36445.0,36445.0,36445.0,36445.0,0.0
2025-03-17,36825.0,36825.0,36825.0,36825.0,0.0
2025-03-18,37175.0,37175.0,37175.0,37175.0,0.0
2025-03-19,37095.0,37095.0,37095.0,37095.0,0.0
2025-03-20,37135.0,37135.0,37135.0,37135.0,0.0
2025-03-21,37055.0,37055.0,37055.0,37055.0,0.0
2025-03-24,36985.0,36985.0,36985.0,36985.0,0.0
2025-03-25,37170.0,37170.0,37170.0,37170.0,0.0
2025-03-26,37410.0,37410.0,37410.0,37410.0,0.0
2025-03-27,37025.0,37025.0,37025.0,37025.0,0.0
2025-03-28,36550.0,36550.0,36550.0,36550.0,0.0
2025-03-31,35235.0,35235.0,35235.0,35235.0,0.0
2025-04-01,35205.0,35205.0,35205.0,35205.0,0.0
2025-04-02,35250.0,35250.0,35250.0,35250.0,0.0
2025-04-03,34205.0,34205.0,34205.0,34205.0,0.0
2025-04-04,33130.0,33130.0,33130.0,33130.0,0.0
2025-04-07,30110.0,30110.0,30110.0,30110.0,0.0
2025-04-08,32595.0,32595.0,32595.0,32595.0,0.0
2025-04-09,31200.0,31200.0,31200.0,31200.0,0.0
2025-04-10,34115.0,34115.0,34115.0,34115.0,0.0
2025-04-11,32900.0,32900.0,32900.0,32900.0,0.0
2025-04-14,33625.0,33625.0,33625.0,33625.0,0.0
2025-04-15,33860.0,33860.0,33860.0,33860.0,0.0
2025-04-16,33450.0,33450.0,33450.0,33450.0,0.0
2025-04-17,33930.0,33930.0,33930.0,33930.0,0.0
2025-04-18,34375.0,34375.0,34375.0,34375.0,0.0
2025-04-21,33795.0,33795.0,33795.0,33795.0,0.0
2025-04-22,33910.0,33910.0,33910.0,33910.0,0.0
2025-04-23,34460.0,34460.0,34460.0,34460.0,0.0
2025-04-24,34580.0,34580.0,34580.0,34580.0,0.0
2025-04-25,35375.0,35375.0,35375.0,35375.0,0.0
2025-04-28,35445.0,35445.0,35445.0,35445.0,0.0
2025-04-29,35580.0,35580.0,35580.0,35580.0,0.0
2025-04-30,35620.0,35620.0,35620.0,35620.0,0.0
2025-05-01,36085.0,36085.0,36085.0,36085.0,0.0
2025-05-02,36360.0,36360.0,36360.0,36360.0,0.0
2025-05-05,36555.0,36555.0,36555.0,36555.0,0.0
2025-05-06,36660.0,36660.0,36660.0,36660.0,0.0
2025-05-07,36345.0,36345.0,36345.0,36345.0,0.0
2025-05-08,36660.0,36660.0,36660.0,36660.0,0.0
2025-05-09,37060.0,37060.0,37060.0,37060.0,0.0
2025-05-12,37240.0,37240.0,37240.0,37240.0,0.0
2025-05-13,37750.0,37750.0,37750.0,37750.0,0.0
2025-05-14,37740.0,37740.0,37740.0,37740.0,0.0
2025-05-15,37250.0,37250.0,37250.0,37250.0,0.0
2025-05-16,37300.0,37300.0,37300.0,37300.0,0.0
2025-05-19,36930.0,36930.0,36930.0,36930.0,0.0
2025-05-20,37080.0,37080.0,37080.0,37080.0,0.0
2025-05-21,36825.0,36825.0,36825.0,36825.0,0.0
2025-05-22,36555.0,36555.0,36555.0,36555.0,0.0
2025-05-23,36720.0,36720.0,36720.0,36720.0,0.0
2025-05-26,37145.0,37145.0,37145.0,37145.0,0.0
2025-05-27,37370.0,37370.0,37370.0,37370.0,0.0
2025-05-28,37270.0,37270.0,37270.0,37270.0,0.0
2025-05-29,37930.0,37930.0,37930.0,37930.0,0.0
2025-05-30,37485.0,37485.0,37485.0,37485.0,0.0
2025-06-02,37005.0,37005.0,37005.0,37005.0,0.0
2025-06-03,37065.0,37065.0,37065.0,37065.0,0.0
2025-06-04,37330.0,37330.0,37330.0,37330.0,0.0
2025-06-05,37075.0,37075.0,37075.0,37075.0,0.0
2025-06-06,37280.0,37280.0,37280.0,37280.0,0.0
2025-06-09,37645.0,37645.0,37645.0,37645.0,0.0
2025-06-10,37725.0,37725.0,37725.0,37725.0,0.0
2025-06-11,37955.0,37955.0,37955.0,37955.0,0.0
2025-06-12,37675.0,37675.0,37675.0,37675.0,0.0
2025-06-13,37370.0,37370.0,37370.0,37370.0,0.0
2025-06-16,37905.0,37905.0,37905.0,37905.0,0.0
2025-06-17,38050.0,38050.0,38050.0,38050.0,0.0
2025-06-18,38370.0,38370.0,38370.0,38370.0,0.0
2025-06-19,38040.0,38040.0,38040.0,38040.0,0.0
2025-06-20,37915.0,37915.0,37915.0,37915.0,0.0
2025-06-23,37910.0,37910.0,37910.0,37910.0,0.0
2025-06-24,38315.0,38315.0,38315.0,38315.0,0.0
2025-06-25,38435.0,38435.0,38435.0,38435.0,0.0
2025-06-26,39040.0,39040.0,39040.0,39040.0,0.0
2025-06-27,39770.0,39770.0,39770.0,39770.0,0.0
2025-06-30,39995.0,39995.0,39995.0,39995.0,0.0
2025-07-01,39375.0,39375.0,39375.0,39375.0,0.0
2025-07-02,39320.0,39320.0,39320.0,39320.0,0.0
2025-07-03,39240.0,39240.0,39240.0,39240.0,0.0
2025-07-04,39300.0,39300.0,39300.0,39300.0,0.0
2025-07-07,39115.0,39115.0,39115.0,39115.0,0.0
2025-07-08,39345.0,39345.0,39345.0,39345.0,0.0
2025-07-09,39340.0,39340.0,39340.0,39340.0,0.0
2025-07-10,39175.0,39175.0,39175.0,39175.0,0.0
2025-07-11,39075.0,39075.0,39075.0,39075.0,0.0
2025-07-14,38945.0,38945.0,38945.0,38945.0,0.0
2025-07-15,39170.0,39170.0,39170.0,39170.0,0.0
2025-07-16,39130.0,39130.0,39130.0,39130.0,0.0
2025-07-17,39405.0,39405.0,39405.0,39405.0,0.0
2025-07-18,39350.0,39350.0,39350.0,39350.0,0.0
2025-07-21,39360.0,39360.0,39360.0,39360.0,0.0
2025-07-22,39260.0,39260.0,39260.0,39260.0,0.0
2025-07-23,40725.0,40725.0,40725.0,40725.0,0.0
2025-07-24,41405.0,41405.0,41405.0,41405.0,0.0
2025-07-25,40905.0,40905.0,40905.0,40905.0,0.0
2025-07-28,40510.0,40510.0,40510.0,40510.0,0.0
2025-07-29,40375.0,40375.0,40375.0,40375.0,0.0
2025-07-30,40210.0,40210.0,40210.0,40210.0,0.0
2025-07-31,40745.0,40745.0,40745.0,40745.0,0.0
2025-08-01,40400.0,40400.0,40400.0,40400.0,0.0
2025-08-04,39860.0,39860.0,39860.0,39860.0,0.0
2025-08-05,40200.0,40200.0,40200.0,40200.0,0.0
2025-08-06,40350.0,40350.0,40350.0,40350.0,0.0
2025-08-07,40520.0,40520.0,40520.0,40520.0,0.0
2025-08-08,41380.0,41380.0,41380.0,41380.0,0.0
2025-08-11,41970.0,41970.0,41970.0,41970.0,0.0
2025-08-12,42195.0,42195.0,42195.0,42195.0,0.0
2025-08-13,42940.0,42940.0,42940.0,42940.0,0.0
2025-08-14,42200.0,42200.0,42200.0,42200.0,0.0
2025-08-15,43010.0,43010.0,43010.0,43010.0,0.0
2025-08-18,43300.0,43300.0,43300.0,43300.0,0.0
2025-08-19,43185.0,43185.0,43185.0,43185.0,0.0
2025-08-20,42570.0,42570.0,42570.0,42570.0,0.0
2025-08-21,42255.0,42255.0,42255.0,42255.0,0.0
2025-08-22,42210.0,42210.0,42210.0,42210.0,0.0
2025-08-25,42370.0,42370.0,42370.0,42370.0,0.0
2025-08-26,41955.0,41955.0,41955.0,41955.0,0.0
2025-08-27,42120.0,42120.0,42120.0,42120.0,0.0
2025-08-28,42545.0,42545.0,42545.0,42545.0,0.0
2025-08-29,42315.0,42315.0,42315.0,42315.0,0.0
2025-09-01,41855.0,41855.0,41855.0,41855.0,0.0
2025-09-02,42000.0,42000.0,42000.0,42000.0,0.0
2025-09-03,41620.0,41620.0,41620.0,41620.0,0.0
2025-09-04,42240.0,42240.0,42240.0,42240.0,0.0
2025-09-05,42675.0,42675.0,42675.0,42675.0,0.0
2025-09-08,43230.0,43230.0,43230.0,43230.0,0.0
2025-09-09,43160.0,43160.0,43160.0,43160.0,0.0
2025-09-10,43475.0,43475.0,43475.0,43475.0,0.0
2025-09-11,44045.0,44045.0,44045.0,44045.0,0.0
2025-09-12,44345.0,44345.0,44345.0,44345.0,0.0
2025-09-15,44395.0,44395.0,44395.0,44395.0,0.0
2025-09-16,44450.0,44450.0,44450.0,44450.0,0.0
2025-09-17,44450.0,44450.0,44450.0,44450.0,0.0
2025-09-18,45095.0,45095.0,45095.0,45095.0,0.0
2025-09-19,44570.0,44570.0,44570.0,44570.0,0.0
2025-09-22,45165.0,45165.0,45165.0,45165.0,0.0
2025-09-23,45365.0,45365.0,45365.0,45365.0,0.0
2025-09-24,45285.0,45285.0,45285.0,45285.0,0.0
2025-09-25,45325.0,45325.0,45325.0,45325.0,0.0
2025-09-26,44960.0,44960.0,44960.0,44960.0,0.0
2025-09-29,44955.0,44955.0,44955.0,44955.0,0.0
2025-09-30,44775.0,44775.0,44775.0,44775.0,0.0
2025-10-01,44290.0,44290.0,44290.0,44290.0,0.0
2025-10-02,44865.0,44865.0,44865.0,44865.0,0.0
2025-10-03,45795.0,45795.0,45795.0,45795.0,0.0
2025-10-06,48015.0,48015.0,48015.0,48015.0,0.0
2025-10-07,47840.0,47840.0,47840.0,47840.0,0.0
2025-10-08,47670.0,47670.0,47670.0,47670.0,0.0
2025-10-09,48610.0,48610.0,48610.0,48610.0,0.0
2025-10-10,47355.0,47355.0,47355.0,47355.0,0.0
2025-10-13,46520.0,46520.0,46520.0,46520.0,0.0
2025-10-14,46635.0,46635.0,46635.0,46635.0,0.0
2025-10-15,47620.0,47620.0,47620.0,47620.0,0.0
2025-10-16,48295.0,48295.0,48295.0,48295.0,0.0
2025-10-17,47335.0,47335.0,47335.0,47335.0,0.0
2025-10-20,49105.0,49105.0,49105.0,49105.0,0.0
2025-10-21,49035.0,49035.0,49035.0,49035.0,0.0
2025-10-22,49160.0,49160.0,49160.0,49160.0,0.0
2025-10-23,48605.0,48605.0,48605.0,48605.0,0.0
2025-10-24,49175.0,49175.0,49175.0,49175.0,0.0
2025-10-27,50470.0,50470.0,50470.0,50470.0,0.0
2025-10-28,50285.0,50285.0,50285.0,50285.0,0.0
2025-10-29,51280.0,51280.0,51280.0,51280.0,0.0
2025-10-30,51325.0,51325.0,51325.0,51325.0,0.0
2025-10-31,52280.0,52280.0,52280.0,52280.0,0.0
2025-11-03,52170.0,52170.0,52170.0,52170.0,0.0
2025-11-04,51445.0,51445.0,51445.0,51445.0,0.0
2025-11-05,50400.0,50400.0,50400.0,50400.0,0.0
2025-11-06,50755.0,50755.0,50755.0,50755.0,0.0
2025-11-07,50145.0,50145.0,50145.0,50145.0,0.0
2025-11-10,50895.0,50895.0,50895.0,50895.0,0.0
2025-11-11,51020.0,51020.0,51020.0,51020.0,0.0
2025-11-12,50985.0,50985.0,50985.0,50985.0,0.0
2025-11-13,51145.0,51145.0,51145.0,51145.0,0.0
2025-11-14,50210.0,50210.0,50210.0,50210.0,0.0
2025-11-17,50125.0,50125.0,50125.0,50125.0,0.0
2025-11-18,48370.0,48370.0,48370.0,48370.0,0.0
2025-11-19,48505.0,48505.0,48505.0,48505.0,0.0
2025-11-20,49815.0,49815.0,49815.0,49815.0,0.0
2025-11-21,48630.0,48630.0,48630.0,48630.0,0.0
2025-11-24,48850.0,48850.0,48850.0,48850.0,0.0
2025-11-25,48485.0,48485.0,48485.0,48485.0,0.0
2025-11-26,49555.0,49555.0,49555.0,49555.0,0.0
2025-11-27,49985.0,49985.0,49985.0,49985.0,0.0
2025-11-28,50175.0,50175.0,50175.0,50175.0,0.0
2025-12-01,49185.0,49185.0,49185.0,49185.0,0.0
2025-12-02,49170.0,49170.0,49170.0,49170.0,0.0
2025-12-03,49735.0,49735.0,49735.0,49735.0,0.0
2025-12-04,50865.0,50865.0,50865.0,50865.0,0.0
2025-12-05,50320.0,50320.0,50320.0,50320.0,0.0
2025-12-08,50475.0,50475.0,50475.0,50475.0,0.0
2025-12-09,50720.0,50720.0,50720.0,50720.0,0.0
2025-12-10,50490.0,50490.0,50490.0,50490.0,0.0
2025-12-11,50100.0,50100.0,50100.0,50100.0,0.0
2025-12-12,50605.0,50605.0,50605.0,50605.0,0.0
2025-12-15,50060.0,50060.0,50060.0,50060.0,0.0
2025-12-16,49375.0,49375.0,49375.0,49375.0,0.0
2025-12-17,49525.0,49525.0,49525.0,49525.0,0.0
2025-12-18,48985.0,48985.0,48985.0,48985.0,0.0
2025-12-19,49350.0,49350.0,49350.0,49350.0,0.0
2025-12-22,50275.0,50275.0,50275.0,50275.0,0.0
2025-12-23,50305.0,50305.0,50305.0,50305.0,0.0
2025-12-24,50180.0,50180.0,50180.0,50180.0,0.0
2025-12-25,50320.0,50320.0,50320.0,50320.0,0.0
2025-12-26,50565.0,50565.0,50565.0,50565.0,0.0
2025-12-29,50305.0,50305.0,50305.0,50305.0,0.0
2025-12-30,50330.0,50330.0,50330.0,50330.0,0.0
2025-12-31,50295.0,50295.0,50295.0,50295.0,0.0
2026-01-02,50805.0,50805.0,50805.0,50805.0,0.0
2026-01-05,51715.0,51715.0,51715.0,51715.0,0.0
2026-01-06,52480.0,52480.0,52480.0,52480.0,0.0
2026-01-07,51870.0,51870.0,51870.0,51870.0,0.0
2026-01-08,51125.0,51125.0,51125.0,51125.0,0.0
2026-01-09,51870.0,51870.0,51870.0,51870.0,0.0
2026-01-12,53705.0,53705.0,53705.0,53705.0,0.0
2026-01-13,53620.0,53620.0,53620.0,53620.0,0.0
2026-01-14,54215.0,54215.0,54215.0,54215.0,120.0
2026-01-15,54055.0,54055.0,54055.0,54055.0,0.0
2026-01-16,53910.0,53910.0,53910.0,53910.0,0.0
2026-01-19,53475.0,53475.0,53475.0,53475.0,0.0
2026-01-20,52680.0,52680.0,52680.0,52680.0,0.0
2026-01-21,52640.0,52640.0,52640.0,52640.0,0.0
2026-01-22,53590.0,53590.0,53590.0,53590.0,0.0
2026-01-23,53670.0,53670.0,53670.0,53670.0,0.0
2026-01-26,52840.0,52840.0,52840.0,52840.0,0.0
2026-01-27,53205.0,53205.0,53205.0,53205.0,0.0
2026-01-28,53540.0,53540.0,53540.0,53540.0,0.0
2026-01-29,53225.0,53225.0,53225.0,53225.0,0.0
2026-01-30,53135.0,53135.0,53135.0,53135.0,0.0
2026-02-02,52535.0,52535.0,52535.0,52535.0,0.0
2026-02-03,54455.0,54455.0,54455.0,54455.0,0.0
2026-02-04,54310.0,54310.0,54310.0,54310.0,0.0
2026-02-05,53925.0,53925.0,53925.0,53925.0,0.0
2026-02-06,54255.0,54255.0,54255.0,54255.0,0.0
2026-02-09,56095.0,56095.0,56095.0,56095.0,96.0
2026-02-10,57535.0,57535.0,57535.0,57535.0,0.0
2026-02-11,57920.0,57920.0,57920.0,57920.0,0.0
2026-02-12,57375.0,57375.0,57375.0,57375.0,0.0
2026-02-13,56985.0,56985.0,56985.0,56985.0,0.0
2026-02-16,56830.0,56830.0,56830.0,56830.0,0.0
2026-02-17,56545.0,56545.0,56545.0,56545.0,0.0
2026-02-18,57120.0,57120.0,57120.0,57120.0,0.0
2026-02-19,57490.0,57490.0,57490.0,57490.0,0.0
2026-02-20,56755.0,56755.0,56755.0,56755.0,0.0
2026-02-23,56555.0,56555.0,56555.0,56555.0,0.0
2026-02-24,57205.0,57205.0,57205.0,57205.0,0.0
2026-02-25,58680.0,58680.0,58680.0,58680.0,0.0
2026-02-26,58720.0,58720.0,58720.0,58720.0,0.0
2026-02-27,58980.0,58980.0,58980.0,58980.0,0.0
2026-03-02,57835.0,57835.0,57835.0,57835.0,0.0
2026-03-03,56065.0,56065.0,56065.0,56065.0,0.0
2026-03-04,54130.0,54130.0,54130.0,54130.0,0.0
2026-03-05,55370.0,55370.0,55370.0,55370.0,0.0
2026-03-06,55475.0,55475.0,55475.0,55475.0,0.0
2026-03-09,52395.0,52395.0,52395.0,52395.0,0.0
2026-03-10,54295.0,54295.0,54295.0,54295.0,0.0
2026-03-11,55105.0,55105.0,55105.0,55105.0,0.0
2026-03-12,54390.0,54390.0,54390.0,54390.0,0.0
2026-03-13,53305.0,53305.0,53305.0,53305.0,0.0
2026-03-16,53320.0,53640.0,53320.0,53640.0,6.0
2026-03-17,54220.0,54220.0,53470.0,53470.0,1.0
2026-03-18,54990.0,54990.0,54990.0,54990.0,0.0
2026-03-19,52935.0,52935.0,52935.0,52935.0,0.0
2026-03-20,52965.0,52965.0,52965.0,52965.0,0.0
2026-03-23,50930.0,50930.0,50930.0,50930.0,0.0
2026-03-24,51700.0,52380.0,51700.0,52380.0,2.0
2026-03-25,53620.0,53620.0,53620.0,53620.0,0.0
2026-03-26,53450.0,53450.0,53450.0,53450.0,1.0
2026-03-27,52930.0,52930.0,52930.0,52930.0,0.0
2026-03-30,51995.0,51995.0,51995.0,51995.0,0.0
2026-03-31,51720.0,51720.0,51410.0,51410.0,2.0
2026-04-01,54055.0,54055.0,54055.0,54055.0,0.0
2026-04-02,52740.0,52740.0,52620.0,52620.0,1.0
2026-04-03,53230.0,53230.0,53230.0,53230.0,0.0
2026-04-06,53900.0,54050.0,53710.0,53710.0,3.0
2026-04-07,53580.0,53675.0,53580.0,53675.0,2.0
2026-04-08,55880.0,56475.0,55860.0,56475.0,41.0
2026-04-09,56190.0,56270.0,56190.0,56270.0,32.0
2026-04-10,56610.0,57160.0,56610.0,56895.0,8.0
2026-04-13,56510.0,56610.0,56510.0,56610.0,2.0
2026-04-14,58140.0,58140.0,58140.0,58140.0,2.0
2026-04-15,58380.0,58380.0,58380.0,58380.0,0.0
2026-04-16,59040.0,59800.0,59040.0,59675.0,5.0
2026-04-17,59220.0,59220.0,58875.0,58875.0,2.0
2026-04-20,59160.0,59160.0,59080.0,59130.0,2.0
2026-04-21,59480.0,59650.0,59480.0,59540.0,6.0
2026-04-22,59600.0,59830.0,59520.0,59830.0,2.0
2026-04-23,59790.0,59910.0,59260.0,59260.0,5.0
2026-04-24,59780.0,59785.0,59680.0,59785.0,2.0
2026-04-27,60280.0,60350.0,59880.0,60350.0,6.0
2026-04-28,60050.0,60050.0,60050.0,60050.0,16.0
2026-04-29,59355.0,59355.0,59355.0,59355.0,0.0
2026-04-30,59450.0,59600.0,59380.0,59565.0,5.0
2026-05-01,59320.0,59320.0,59320.0,59320.0,0.0
2026-05-04,59880.0,59895.0,59880.0,59895.0,1.0
2026-05-05,59795.0,59795.0,59795.0,59795.0,0.0
2026-05-06,61050.0,61420.0,61050.0,61395.0,3.0
2026-05-07,62010.0,63300.0,62010.0,63200.0,25.0
2026-05-08,62945.0,62945.0,62945.0,62945.0,1.0
2026-05-11,63310.0,63310.0,62580.0,62635.0,4.0
2026-05-12,63360.0,63360.0,62675.0,62675.0,8.0
2026-05-13,62600.0,63395.0,62600.0,63395.0,1.0
2026-05-14,62900.0,62900.0,62900.0,62900.0,2.0
2026-05-15,62640.0,62640.0,61945.0,61945.0,3.0
2026-05-18,60930.0,61030.0,60750.0,60995.0,5.0
2026-05-19,61490.0,61490.0,60740.0,60740.0,4.0
2026-05-20,60560.0,61995.0,59640.0,60015.0,12.0
2026-05-21,61500.0,62130.0,61500.0,61550.0,93.0
2026-05-22,62720.0,63530.0,62720.0,63365.0,80.0
2026-05-25,64130.0,65410.0,64130.0,65330.0,10.0
2026-05-26,65500.0,65500.0,64885.0,65215.0,8.0
2026-05-27,66295.0,66500.0,65175.0,65175.0,34.0
2026-05-28,65040.0,65260.0,64180.0,64695.0,314.0
2026-05-29,66100.0,66655.0,65840.0,66560.0,143.0
2026-06-01,66380.0,67280.0,66380.0,67180.0,41.0
2026-06-02,67150.0,67285.0,65710.0,66865.0,239.0
2026-06-03,67530.0,68900.0,67530.0,68690.0,968.0
2026-06-04,68070.0,68070.0,67220.0,67830.0,323.0
2026-06-05,67515.0,67515.0,66095.0,66790.0,886.0
2026-06-08,63965.0,64805.0,63505.0,64115.0,11447.0
2026-06-09,65655.0,65990.0,64075.0,65990.0,34175.0
2026-06-10,64285.0,65255.0,63895.0,64475.0,17227.0
2026-06-11,63160.0,64535.0,62475.0,64490.0,22138.0
2026-06-12,66550.0,67185.0,65955.0,66145.0,21973.0
2026-06-15,68320.0,69850.0,68200.0,69420.0,17480.0
2026-06-16,69600.0,70140.0,69230.0,69515.0,13611.0
2026-06-17,69110.0,70260.0,68880.0,70075.0,13007.0
2026-06-18,70835.0,71530.0,70345.0,71410.0,14625.0
2026-06-19,71980.0,72330.0,70820.0,71640.0,16892.0
2026-06-22,71660.0,73085.0,71310.0,72890.0,15420.0
2026-06-23,73000.0,73090.0,69710.0,69800.0,24996.0
2026-06-24,69325.0,70335.0,68585.0,69530.0,23212.0
2026-06-25,71375.0,72710.0,70780.0,72400.0,19076.0
2026-06-26,71595.0,71710.0,68780.0,69775.0,19766.0
2026-06-29,70125.0,70245.0,68190.0,69675.0,16796.0
2026-06-30,70550.0,70830.0,69470.0,70285.0,16285.0
2026-07-01,71040.0,72110.0,70290.0,70665.0,16404.0
2026-07-02,69700.0,70030.0,68520.0,68665.0,18441.0
2026-07-03,68625.0,70035.0,67760.0,69885.0,17090.0
2026-07-06,69945.0,70520.0,68965.0,69950.0,15703.0
2026-07-07,70255.0,70280.0,68140.0,68565.0,15849.0
2026-07-08,67615.0,68555.0,66780.0,66960.0,18759.0
2026-07-09,67770.0,68605.0,67610.0,67900.0,17260.0
2026-07-10,69000.0,69505.0,68575.0,68810.0,15411.0
2026-07-13,68895.0,69200.0,66765.0,67320.0,19815.0
2026-07-14,66975.0,67910.0,66370.0,67645.0,19216.0
2026-07-15,68335.0,68910.0,67915.0,68795.0,13004.0
2026-07-16,67875.0,67905.0,66585.0,67005.0,19893.0
2026-07-17,65775.0,65950.0,62790.0,63985.0,27661.0
2026-07-20,64820.0,65400.0,64620.0,64815.0,10414.0
2026-07-21,65155.0,66385.0,64300.0,66290.0,21201.0
2026-07-22,67080.0,67675.0,66000.0,66060.0,13507.0
2026-07-23,66235.0,67090.0,66225.0,66260.0,12317.0
2026-07-24,65510.0,65720.0,64225.0,64665.0,14499.0
2026-07-27,65450.0,65640.0,64190.0,65050.0,17747.0
2026-07-28,63945.0,63945.0,62005.0,62515.0,22502.0
2026-07-29,62255.0,63255.0,60520.0,62430.0,24603.0
2026-07-30,61660.0,62995.0,61325.0,61835.0,22665.0
2026-07-31,63800.0,65510.0,63525.0,63750.0,24692.0
2026-08-03,63665.0,64165.0,62730.0,63680.0,16318.0
2026-08-04,63560.0,64305.0,62920.0,63955.0,15168.0
2026-08-05,65695.0,66350.0,65495.0,66290.0,18169.0
2026-08-06,65860.0,65885.0,64980.0,65535.0,12994.0
2026-08-07,65635.0,65955.0,64695.0,65710.0,10872.0
2026-08-10,66315.0,67165.0,66065.0,67085.0,11884.0
2026-08-11,66680.0,67180.0,66315.0,66860.0,4101.0
2026-08-12,67120.0,67720.0,66780.0,67670.0,8523.0
2026-08-13,68535.0,68845.0,68200.0,68380.0,10997.0
2026-08-14,69270.0,69645.0,68495.0,68740.0,15142.0
2026-08-17,68855.0,69290.0,68515.0,69250.0,8916.0
2026-08-18,68970.0,69120.0,67390.0,67670.0,17298.0
2026-08-19,66075.0,66255.0,65160.0,65830.0,19959.0
2026-08-20,66475.0,66495.0,65665.0,66310.0,12968.0
2026-08-21,65545.0,66170.0,65195.0,66065.0,11143.0
2026-08-24,66060.0,66265.0,65430.0,65500.0,9555.0
2026-08-25,65350.0,65950.0,64615.0,65925.0,11281.0
2026-08-26,65945.0,66505.0,65380.0,66345.0,8826.0
2026-08-27,67000.0,67180.0,65765.0,66170.0,14169.0
2026-08-28,66125.0,66855.0,65880.0,66535.0,10532.0
2026-08-31,65460.0,66495.0,64605.0,66465.0,17684.0
2026-09-01,65860.0,66550.0,65575.0,66140.0,11078.0
2026-09-02,64835.0,64940.0,64220.0,64425.0,18486.0
2026-09-03,64535.0,64750.0,63770.0,64175.0,12035.0
2026-09-04,64625.0,65200.0,64295.0,64930.0,12635.0
2026-09-07,65995.0,66685.0,65900.0,66460.0,17564.0
2026-09-08,65925.0,66780.0,65110.0,65420.0,39928.0
2026-09-09,65030.0,65780.0,64805.0,65165.0,17141.0
2026-09-10,64435.0,65325.0,64190.0,65200.0,2975.0
